/*!
	@file    04_cheering_240x320_RGB565.hpp
	@author  Generated by bmp2hpp.py
	@brief   Library header file for test bitmap data, holds bitmap data.
	@note    NOT part of core library only used for holding test data,
			 can be omitted in project use or port.
	@details bitmaps in file
		        -#  04_cheering_240x320_RGB565    : 16 bit color 565,  76800 pixels, 153600 bytes (240x320)
*/

#pragma once

/// @cond

// array size is 76800 pixels (240x320), 153600 bytes
// BMP pixel data offset 66
// RGB 565 16 bit color

const unsigned short cheering_240x320_RGB565[76800] PROGMEM = {
    0xCD74, 0xCD94, 0xCD94, 0xCD94, 0xCD73, 0xCD73, 0xCD53, 0xC553,
    0xC553, 0xC553, 0xC553, 0xC553, 0xC553, 0xC553, 0xC553, 0xC553,
    0xC553, 0xC533, 0xC533, 0xC533, 0xC533, 0xC532, 0xBD32, 0xBD32,
    0xBD32, 0xC532, 0xC532, 0xC532, 0xC532, 0xC532, 0xC532, 0xC532,
    0xBD12, 0xBD12, 0xC532, 0xC512, 0xC512, 0xC512, 0xBD12, 0xC512,
    0xC512, 0xBD12, 0xBD12, 0xBD12, 0xBD12, 0xC512, 0xBCF1, 0xBCF1,
    0xBCF1, 0xBCF1, 0xBD12, 0xBD12, 0xBCF2, 0xBCF1, 0xBCF1, 0xBCF1,
    0xBCF1, 0xBCF1, 0xBCF1, 0xBCF1, 0xBCD0, 0xBCB0, 0xB48F, 0xB44E,
    0xAC0C, 0xABCA, 0xAB89, 0xAB88, 0xB388, 0xB3C8, 0xB3C8, 0xB3A8,
    0xB3C9, 0xBC0C, 0xBC8F, 0xC4F1, 0xC553, 0xC595, 0xCDD6, 0xCDF7,
    0xCE18, 0xCE18, 0xCE18, 0xCE18, 0xCE18, 0xCE18, 0xCE18, 0xCE18,
    0xCE18, 0xCDF7, 0xCDF7, 0xCDF7, 0xCDF7, 0xCDF7, 0xCDF7, 0xCDF7,
    0xCDF7, 0xCDF7, 0xCDF7, 0xCDF7, 0xCDF7, 0xCDF7, 0xCDF7, 0xCDF7,
    0xCDF7, 0xCDF7, 0xCDF7, 0xCDF7, 0xCDF7, 0xCDF7, 0xCDF7, 0xCDF7,
    0xCDF7, 0xCDF7, 0xCDF7, 0xCDF7, 0xCDF7, 0xC5F7, 0xCDF7, 0xCDF7,
    0xCDD7, 0xC5D7, 0xCDF7, 0xCDF7, 0xCDF7, 0xCDF7, 0xCDF7, 0xCDF7,
    0xCDF7, 0xCDF7, 0xCDF7, 0xCDF7, 0xCDF7, 0xCDF7, 0xCDD7, 0xCDF7,
    0xCDF7, 0xCDF7, 0xC5F7, 0xCDF7, 0xCDF7, 0xCDF7, 0xCDF7, 0xCDF7,
    0xCDF7, 0xCDF7, 0xCDF7, 0xC5F7, 0xCDF7, 0xCDF7, 0xCDF7, 0xC5F7,
    0xCDF7, 0xCDF7, 0xCDF7, 0xCDF7, 0xCDF7, 0xCDF7, 0xCDF7, 0xCDF7,
    0xCDF7, 0xCE17, 0xCE17, 0xCDF7, 0xCDF7, 0xCDF7, 0xCDF7, 0xCDF7,
    0xCDF7, 0xCDF7, 0xCDF7, 0xCDF7, 0xCDF7, 0xCDF7, 0xCDF7, 0xCDF7,
    0xCDF7, 0xCDF7, 0xCDF7, 0xCDF7, 0xCDF7, 0xCDF7, 0xCDF6, 0xCDF6,
    0xCDF6, 0xCDF6, 0xCDD6, 0xCDD6, 0xCDD6, 0xCDD6, 0xCDD6, 0xCDD6,
    0xCDD6, 0xCDF6, 0xCDF7, 0xCDD6, 0xCDD6, 0xCDF6, 0xCDF6, 0xCDF6,
    0xCDF6, 0xCDD6, 0xCDD6, 0xCDF6, 0xCDF6, 0xCDF7, 0xCDF7, 0xCDF6,
    0xCDF6, 0xCDF6, 0xCDF6, 0xCDF6, 0xCDD6, 0xCDF6, 0xCDF6, 0xCDD6,
    0xCDD6, 0xCDD6, 0xCDF6, 0xCDF6, 0xCDF6, 0xCDF6, 0xCDF6, 0xCDF6,
    0xCDF6, 0xCDD6, 0xCDF6, 0xCDF6, 0xCDF6, 0xCDF6, 0xCDF6, 0xCDF6,
    0xCDF6, 0xCDF6, 0xCDF6, 0xCDF6, 0xCDD6, 0xCDD6, 0xCDD6, 0xCDD6,
    0xCD94, 0xCD94, 0xCD94, 0xCD73, 0xCD73, 0xCD53, 0xC553, 0xC553,
    0xC553, 0xC553, 0xC553, 0xC553, 0xC553, 0xC553, 0xC553, 0xC533,
    0xC533, 0xC532, 0xC533, 0xC533, 0xC533, 0xC532, 0xC532, 0xC532,
    0xC532, 0xC532, 0xC532, 0xC532, 0xC532, 0xC532, 0xC532, 0xC532,
    0xC512, 0xC512, 0xC512, 0xC512, 0xC512, 0xC512, 0xC512, 0xC512,
    0xBD12, 0xBD12, 0xBD12, 0xBD12, 0xC512, 0xC512, 0xC512, 0xBCF1,
    0xBCF1, 0xBCF1, 0xBD11, 0xBD11, 0xBCF2, 0xBCF1, 0xBCF1, 0xBCF1,
    0xBCF1, 0xBCF1, 0xBCF1, 0xBCD1, 0xBCD0, 0xBCB0, 0xB48F, 0xB44D,
    0xAC0C, 0xABCA, 0xAB89, 0xAB68, 0xB388, 0xB3A8, 0xB3A8, 0xB3A8,
    0xB3C9, 0xBC0C, 0xBC6E, 0xBCF1, 0xC553, 0xC595, 0xCDB6, 0xCDF7,
    0xCE18, 0xCE18, 0xCE18, 0xCE18, 0xCE18, 0xCE18, 0xCE18, 0xCE18,
    0xCE18, 0xCDF7, 0xCDF7, 0xCDF7, 0xCDF7, 0xCDF7, 0xCDF7, 0xCDF7,
    0xCE17, 0xCDF7, 0xCDF7, 0xCDF7, 0xCDF7, 0xCDF7, 0xCDF7, 0xCDF7,
    0xCDF7, 0xCDF7, 0xCDF7, 0xCDF7, 0xCDF7, 0xCDF7, 0xCDF7, 0xCDF7,
    0xCDF7, 0xCDF7, 0xCDF7, 0xCDF7, 0xCDF7, 0xC5D7, 0xCDF7, 0xCDD7,
    0xCDD7, 0xC5D7, 0xC5D7, 0xCDF7, 0xCDF7, 0xCDF7, 0xCDF7, 0xCDF7,
    0xCDF7, 0xCDF7, 0xCDF7, 0xCDF7, 0xCDF7, 0xCDF7, 0xCDF7, 0xCDD7,
    0xCDD7, 0xCDD7, 0xC5F7, 0xCDF7, 0xCDF7, 0xCDF7, 0xCDF7, 0xCDF7,
    0xCDF7, 0xCDF7, 0xCDF7, 0xC5D7, 0xCDF7, 0xCDF7, 0xCDF7, 0xCDF7,
    0xCDF7, 0xCDF7, 0xCDF7, 0xCDF7, 0xCDF7, 0xCDF7, 0xCDF7, 0xCDF7,
    0xCDF7, 0xCDF7, 0xCDF7, 0xCDF7, 0xCDF7, 0xCDF7, 0xCDF7, 0xCDF7,
    0xCDF7, 0xCDF7, 0xCDF7, 0xCDF7, 0xCDF7, 0xCDF7, 0xCDF7, 0xCDF7,
    0xCDF7, 0xCDF7, 0xCDF7, 0xCDF7, 0xCDF7, 0xCDF7, 0xCDF6, 0xCDF6,
    0xCDF6, 0xCDD6, 0xCDD6, 0xCDD6, 0xCDD6, 0xCDD6, 0xCDD6, 0xCDD6,
    0xCDD6, 0xCDF6, 0xCDD6, 0xCDD6, 0xCDD6, 0xCDD6, 0xCDF6, 0xCDF6,
    0xCDF6, 0xCDD6, 0xCDF6, 0xCDF6, 0xCDF6, 0xCDF7, 0xCDF7, 0xCDF6,
    0xCDF6, 0xCDF6, 0xCDF6, 0xCDF6, 0xCDD6, 0xCDF6, 0xCDF6, 0xCDD6,
    0xCDD6, 0xCDF6, 0xCDF6, 0xCDF6, 0xCDF6, 0xCDF6, 0xCDF6, 0xCDF6,
    0xCDF6, 0xCDF6, 0xCDF6, 0xCDF6, 0xCDF6, 0xCDF6, 0xCDF6, 0xCDF6,
    0xCDF6, 0xCDF6, 0xCDF6, 0xCDF6, 0xCDF6, 0xCDD6, 0xCDD6, 0xCDD6,
    0xCD94, 0xCD94, 0xCD94, 0xCD73, 0xCD73, 0xCD53, 0xC553, 0xC553,
    0xC553, 0xC553, 0xC552, 0xC552, 0xC552, 0xC533, 0xC532, 0xC532,
    0xC532, 0xC532, 0xC532, 0xC533, 0xC533, 0xC532, 0xC532, 0xC532,
    0xC532, 0xC532, 0xC532, 0xC532, 0xC532, 0xC533, 0xC532, 0xC532,
    0xC532, 0xC512, 0xC512, 0xBD12, 0xBD12, 0xC512, 0xBD12, 0xC512,
    0xC512, 0xC512, 0xC512, 0xC512, 0xC512, 0xC512, 0xC512, 0xC512,
    0xBD11, 0xBD11, 0xBD11, 0xBCF1, 0xBCF1, 0xBCF1, 0xBCF1, 0xBCF1,
    0xBCF1, 0xBCF1, 0xBCF1, 0xBCD1, 0xBCD0, 0xB490, 0xB46F, 0xB44D,
    0xAC0C, 0xABCA, 0xAB89, 0xAB68, 0xB387, 0xB3A8, 0xB3A8, 0xB3A8,
    0xB3C9, 0xBC0C, 0xBC6E, 0xBCF1, 0xC553, 0xC595, 0xCDD6, 0xCDF7,
    0xCE18, 0xCDF8, 0xCE18, 0xCE18, 0xCE18, 0xCE18, 0xCE18, 0xCE18,
    0xCE18, 0xCE18, 0xCDF7, 0xCDF7, 0xCDF7, 0xCDF7, 0xCDF8, 0xCDF7,
    0xCDF7, 0xCE17, 0xCDF7, 0xCDF7, 0xCDF7, 0xCDF7, 0xCDF7, 0xCDF7,
    0xCDF7, 0xCE17, 0xCDF7, 0xCDF7, 0xCDF7, 0xCDF7, 0xCDF7, 0xCDF7,
    0xCDF7, 0xCDF7, 0xCDF7, 0xCDF7, 0xC5F7, 0xC5D7, 0xC5D7, 0xC5D7,
    0xC5D7, 0xC5D7, 0xC5D7, 0xC5F7, 0xCDF7, 0xCDF7, 0xCDF7, 0xCDF7,
    0xCDF7, 0xCDF7, 0xCDF7, 0xCDF7, 0xCDF7, 0xCDF7, 0xCDF7, 0xCDD7,
    0xCDD7, 0xC5D7, 0xC5F7, 0xCDF7, 0xCDF7, 0xCDF7, 0xCDF7, 0xCDF7,
    0xCDF7, 0xCDF7, 0xC5F7, 0xC5D7, 0xC5D7, 0xC5D7, 0xCDF7, 0xCDF7,
    0xCDF7, 0xCDF7, 0xCDF7, 0xCDF7, 0xCDF7, 0xCDF7, 0xCDF7, 0xCDF7,
    0xCDF7, 0xCDF7, 0xCDF7, 0xCDF7, 0xCDF7, 0xCE17, 0xCDF7, 0xCDF7,
    0xCDF7, 0xCDF7, 0xCDF7, 0xCDF7, 0xCDF7, 0xCDF7, 0xCDF7, 0xCDF7,
    0xCDF7, 0xCDF7, 0xCDF7, 0xCDF7, 0xCDF7, 0xCDD7, 0xCDD6, 0xCDD6,
    0xC5F6, 0xC5D6, 0xCDD6, 0xC5D6, 0xCDD6, 0xCDD6, 0xCDD6, 0xCDD6,
    0xCDD6, 0xCDD6, 0xCDD6, 0xCDF6, 0xCDF6, 0xCDF6, 0xCDF6, 0xCDF6,
    0xCDF6, 0xCDF6, 0xCDF6, 0xCDF6, 0xCDF6, 0xCDF7, 0xCDF7, 0xCDF7,
    0xCDF7, 0xCDF6, 0xCDF6, 0xCDF6, 0xCDD6, 0xCDF6, 0xCDF6, 0xCDF6,
    0xCDF6, 0xCDF6, 0xCDF6, 0xCDF6, 0xCDF6, 0xCDF6, 0xCDF6, 0xCDF6,
    0xCDF6, 0xCDF6, 0xCDF6, 0xCDF6, 0xCDF6, 0xCDF6, 0xCDF6, 0xCDF6,
    0xCDF6, 0xCDF6, 0xCDF6, 0xCDF6, 0xCDF6, 0xCDF6, 0xCDD6, 0xCDD6,
    0xCD94, 0xCD94, 0xCD94, 0xCD73, 0xCD73, 0xCD53, 0xC553, 0xC553,
    0xC553, 0xC532, 0xC552, 0xC552, 0xC532, 0xC532, 0xC532, 0xC532,
    0xC532, 0xC532, 0xC533, 0xC533, 0xC552, 0xC532, 0xC532, 0xC532,
    0xC532, 0xC532, 0xC532, 0xC532, 0xC532, 0xC532, 0xC533, 0xC532,
    0xC532, 0xC532, 0xC512, 0xC512, 0xC512, 0xC512, 0xBD12, 0xC512,
    0xC512, 0xC512, 0xC512, 0xC512, 0xC512, 0xC512, 0xC512, 0xC511,
    0xBD11, 0xBD11, 0xBD11, 0xBD11, 0xBCF1, 0xBCF1, 0xBCF1, 0xBCF1,
    0xBCF1, 0xBCF1, 0xBCF1, 0xBCF1, 0xBCD0, 0xB48F, 0xB46E, 0xB44D,
    0xAC0C, 0xABCA, 0xAB89, 0xAB67, 0xB387, 0xB387, 0xB3A7, 0xB3A7,
    0xB3C9, 0xBC0C, 0xBC6E, 0xBCF1, 0xC553, 0xC595, 0xCDD6, 0xCDF7,
    0xCE18, 0xCE18, 0xCE18, 0xCE18, 0xCE18, 0xCE18, 0xCE18, 0xCE18,
    0xCE18, 0xCE18, 0xCDF8, 0xCDF7, 0xCDF7, 0xCE17, 0xCE18, 0xCE18,
    0xCE17, 0xCDF8, 0xCE18, 0xCE17, 0xCE17, 0xCDF7, 0xCDF7, 0xCDF7,
    0xCDF7, 0xCDF7, 0xCE17, 0xCDF8, 0xCDF7, 0xCDF7, 0xCDF7, 0xCDF7,
    0xCDF7, 0xCDF7, 0xCDF7, 0xC5D7, 0xC5F7, 0xC5F7, 0xC5D7, 0xC5D7,
    0xC5F7, 0xC5D7, 0xC5F7, 0xCDF7, 0xCDF7, 0xCDF7, 0xCDF7, 0xCDF7,
    0xCDF7, 0xCDF7, 0xCDF7, 0xCDF7, 0xCDF7, 0xCDF7, 0xCDF7, 0xCDF7,
    0xCDF7, 0xCDF7, 0xCDF7, 0xCDF7, 0xCDF7, 0xCDF7, 0xCDF7, 0xCDF7,
    0xCDF7, 0xCDF7, 0xC5F7, 0xC5D7, 0xC5D7, 0xC5D7, 0xC5F7, 0xCDF7,
    0xCDF7, 0xCDF7, 0xCDF7, 0xCDF7, 0xCDF7, 0xCDF7, 0xCDF7, 0xCDF7,
    0xCDF7, 0xCDF7, 0xCDF7, 0xCE17, 0xCDF7, 0xCDF7, 0xCDF7, 0xCDF7,
    0xCDF7, 0xCDF7, 0xCDF7, 0xCDF7, 0xCDF7, 0xCDF7, 0xCDF7, 0xCDF7,
    0xCDF7, 0xCDF7, 0xCDF7, 0xCDF7, 0xCDF7, 0xCDF7, 0xCDF6, 0xC5F7,
    0xC5F7, 0xC5D6, 0xC5D6, 0xCDD7, 0xCDD6, 0xCDD6, 0xCDF6, 0xCDF6,
    0xCDD6, 0xCDD6, 0xCDD6, 0xCDF7, 0xCDF7, 0xCDF6, 0xCDF6, 0xCDF6,
    0xCDF6, 0xCDF6, 0xCDF6, 0xCDF6, 0xCDF6, 0xCDF7, 0xCDF6, 0xCDF6,
    0xCDF6, 0xCDF6, 0xCDF6, 0xCDF6, 0xCDF6, 0xCDF6, 0xCDF6, 0xCDF6,
    0xCDF6, 0xCDF6, 0xCDF6, 0xCDF7, 0xCDF6, 0xCDF6, 0xCDF6, 0xCDF6,
    0xCDF7, 0xCDF6, 0xCDF6, 0xCDF6, 0xCDF6, 0xCDF6, 0xCDF6, 0xCDF6,
    0xCDF6, 0xCDF6, 0xCDF6, 0xCDF6, 0xCDF6, 0xCDF6, 0xCDF6, 0xCDF6,
    0xCD94, 0xCD94, 0xCD73, 0xCD73, 0xCD73, 0xCD53, 0xC553, 0xC552,
    0xC532, 0xC532, 0xC532, 0xC552, 0xC532, 0xC532, 0xC532, 0xC532,
    0xC532, 0xC532, 0xC533, 0xC553, 0xC553, 0xC532, 0xC532, 0xC532,
    0xC532, 0xC532, 0xC532, 0xC532, 0xC532, 0xC532, 0xC532, 0xC532,
    0xC532, 0xC532, 0xC512, 0xC512, 0xC512, 0xC512, 0xC512, 0xC512,
    0xC512, 0xC512, 0xC512, 0xC512, 0xC512, 0xC512, 0xC511, 0xBD11,
    0xBD11, 0xC4F1, 0xC4F1, 0xBCF1, 0xBCF1, 0xBCF1, 0xBCF1, 0xBCF1,
    0xBCF1, 0xBCF1, 0xBCF1, 0xBCF1, 0xBCD0, 0xB48F, 0xB46E, 0xB42D,
    0xAC0C, 0xABCA, 0xAB88, 0xAB67, 0xB387, 0xB387, 0xB3A7, 0xB3A7,
    0xBBC9, 0xBC0C, 0xBC6E, 0xBCF1, 0xC553, 0xC595, 0xCDD6, 0xCDF7,
    0xCE18, 0xCE18, 0xCE18, 0xCE18, 0xCE18, 0xCDF8, 0xCE18, 0xCDF8,
    0xCE18, 0xCE18, 0xCE18, 0xCDF7, 0xCE18, 0xCE18, 0xCE17, 0xCE18,
    0xCE18, 0xCE18, 0xCE18, 0xCE18, 0xCE17, 0xCE17, 0xCDF7, 0xCDF7,
    0xCDF7, 0xCDF7, 0xCDF7, 0xCE18, 0xCDF7, 0xCDF7, 0xCDF7, 0xCDF7,
    0xCDF7, 0xCDF7, 0xCDF7, 0xC5D7, 0xC5F7, 0xC5D7, 0xC5D7, 0xC5F7,
    0xC5F7, 0xC5F7, 0xCDF7, 0xCDF7, 0xCDF7, 0xCDF7, 0xCDF7, 0xCDF7,
    0xCDF7, 0xCDF7, 0xCDF7, 0xCDD7, 0xCDF7, 0xCDF7, 0xCDF7, 0xCDF7,
    0xCDF7, 0xCDF7, 0xCDF7, 0xCDF7, 0xCDF7, 0xCDF7, 0xCDF7, 0xCDF7,
    0xCDF7, 0xCDD7, 0xC5D7, 0xC5D7, 0xC5D7, 0xC5F7, 0xC5F7, 0xCDF7,
    0xCDF7, 0xCDF7, 0xCDF7, 0xCDF7, 0xCDF7, 0xCDF7, 0xCDF7, 0xCDF7,
    0xCDF7, 0xCDF7, 0xCDF7, 0xCDF7, 0xCDF7, 0xCDF7, 0xCDF7, 0xCDF7,
    0xC5F7, 0xCDF7, 0xCDF7, 0xCDF7, 0xCDF7, 0xCDF7, 0xCDF7, 0xCDF7,
    0xCDF7, 0xCDF7, 0xCDF7, 0xCDF7, 0xCDF7, 0xCDF7, 0xCDF7, 0xC5F7,
    0xC5F7, 0xC5F7, 0xC5D6, 0xCDD7, 0xCDF7, 0xCDF7, 0xCDF6, 0xCDF6,
    0xCDF6, 0xCDF6, 0xCDD6, 0xCDF6, 0xCDF7, 0xCDF7, 0xCDF7, 0xCDF7,
    0xCDF6, 0xCDF6, 0xCDF6, 0xCDF6, 0xCDF6, 0xCDF6, 0xCDF6, 0xCDF6,
    0xCDF6, 0xCDF6, 0xCDF6, 0xCDF6, 0xCDF6, 0xCDF6, 0xCDF6, 0xCDF6,
    0xCDF6, 0xCDF6, 0xCDF6, 0xCDF7, 0xCDF6, 0xCDF6, 0xCDF6, 0xCDF7,
    0xCDF7, 0xCDF7, 0xCDF6, 0xCDF6, 0xCDF6, 0xCDF6, 0xCDF6, 0xCDF6,
    0xCDF6, 0xCDF6, 0xCDF6, 0xCDF6, 0xCDF6, 0xCDF6, 0xCDF6, 0xCDF6,
    0xCD94, 0xCD94, 0xCD93, 0xCD73, 0xCD73, 0xCD73, 0xCD53, 0xC553,
    0xC553, 0xC552, 0xC552, 0xC552, 0xC532, 0xC532, 0xC532, 0xC532,
    0xC552, 0xC532, 0xC553, 0xC553, 0xC553, 0xC532, 0xC532, 0xC532,
    0xC532, 0xC532, 0xC532, 0xC532, 0xC532, 0xC532, 0xC532, 0xC532,
    0xC532, 0xC532, 0xC512, 0xC512, 0xC512, 0xC512, 0xC512, 0xC512,
    0xC512, 0xC512, 0xC512, 0xC511, 0xC511, 0xC511, 0xC511, 0xC511,
    0xC511, 0xBCF1, 0xC4F1, 0xBCF1, 0xBCF1, 0xBCF1, 0xBCF1, 0xBCF1,
    0xBCF1, 0xBCF1, 0xBCF1, 0xBCF1, 0xBCD0, 0xB4B0, 0xB46E, 0xB42D,
    0xAC0B, 0xABCA, 0xAB88, 0xAB67, 0xB387, 0xBB87, 0xBB87, 0xB387,
    0xBBC9, 0xBC0C, 0xBC6E, 0xC4F1, 0xC553, 0xC595, 0xCDD6, 0xCDF7,
    0xCE18, 0xCDF8, 0xCDF8, 0xCE18, 0xCE18, 0xCE18, 0xCE18, 0xCE18,
    0xCE18, 0xCDF8, 0xCE18, 0xCE18, 0xCE17, 0xCE18, 0xCE18, 0xCE18,
    0xCE18, 0xCE18, 0xCE18, 0xCE18, 0xCE18, 0xCDF7, 0xCDF7, 0xCDF7,
    0xCDF7, 0xCDF7, 0xCDF7, 0xCDF7, 0xCDF7, 0xCDF8, 0xCDF7, 0xCDF7,
    0xCDF7, 0xCDF7, 0xCDF7, 0xC5F7, 0xC5F7, 0xC5F7, 0xCDF7, 0xCDF7,
    0xC5F7, 0xCDF7, 0xCDF7, 0xCDF7, 0xCDF7, 0xC5F7, 0xCDF7, 0xCDF7,
    0xCDF7, 0xCDF7, 0xCDF7, 0xCDF7, 0xCDF7, 0xCDF7, 0xCDF7, 0xCDF7,
    0xCDF7, 0xCDF7, 0xCDF7, 0xCDF7, 0xCDF7, 0xC5F7, 0xC5F7, 0xC5F7,
    0xC5F7, 0xC5D7, 0xC5D7, 0xC5D7, 0xC5D7, 0xC5F7, 0xCDF7, 0xCDF7,
    0xCDF7, 0xCDF7, 0xCDF7, 0xCDF7, 0xCDF7, 0xCDF7, 0xCDF7, 0xCDF7,
    0xCDF7, 0xCDF7, 0xCDF7, 0xCDF7, 0xCDF7, 0xCDF7, 0xCDF7, 0xCDF7,
    0xCDF7, 0xCDF7, 0xCDF7, 0xCDF7, 0xCDF7, 0xCDF7, 0xCDF7, 0xCDF7,
    0xCDF7, 0xCDF7, 0xCDF7, 0xCDF7, 0xCDF7, 0xCDF7, 0xCDF7, 0xCDF7,
    0xC5F6, 0xC5F6, 0xC5D7, 0xCDD7, 0xCDF7, 0xCDF7, 0xCDF7, 0xCDF7,
    0xCDF7, 0xCDF7, 0xCDF7, 0xCDF7, 0xCDF7, 0xCDF7, 0xCDF7, 0xCDF7,
    0xCDF7, 0xCDF6, 0xCDF6, 0xCDD6, 0xCDD6, 0xCDD6, 0xCDD6, 0xCDF6,
    0xCDF6, 0xCDF6, 0xCDF6, 0xCDF6, 0xCDF6, 0xCDF6, 0xCDF6, 0xCDF6,
    0xCDF6, 0xCDF6, 0xCDF6, 0xCDF6, 0xCDF6, 0xCDF6, 0xCDF6, 0xCDF6,
    0xCDF7, 0xCDF6, 0xCDF6, 0xCDF6, 0xCDF6, 0xCDF6, 0xCDF6, 0xCDF6,
    0xCDF6, 0xCDF6, 0xCDF6, 0xCDF6, 0xCDF6, 0xCDF6, 0xCDF6, 0xCDF6,
    0xCD93, 0xCD93, 0xCD93, 0xCD93, 0xCD73, 0xCD73, 0xCD53, 0xCD53,
    0xC553, 0xC553, 0xC552, 0xC532, 0xC532, 0xC532, 0xC532, 0xC532,
    0xC532, 0xC532, 0xC533, 0xC553, 0xC553, 0xC533, 0xC532, 0xC532,
    0xC532, 0xC532, 0xC532, 0xC532, 0xC532, 0xC532, 0xC532, 0xC532,
    0xC532, 0xC512, 0xC512, 0xC512, 0xC512, 0xC512, 0xC512, 0xC512,
    0xC512, 0xC512, 0xC512, 0xC511, 0xC511, 0xC511, 0xC511, 0xC4F1,
    0xC4F1, 0xBCF1, 0xBCF1, 0xBCF1, 0xBCF1, 0xBCF1, 0xBCF1, 0xBCF1,
    0xBCF1, 0xBCF1, 0xBCD1, 0xBCD1, 0xBCD0, 0xBCB0, 0xB46E, 0xB42D,
    0xABEB, 0xABCA, 0xAB88, 0xAB67, 0xB387, 0xBB87, 0xBB87, 0xB387,
    0xBBC9, 0xBC0C, 0xBC6E, 0xC4F1, 0xC553, 0xC595, 0xCDD6, 0xCDF7,
    0xCE18, 0xCE18, 0xCE18, 0xCE18, 0xCE18, 0xCE18, 0xCE18, 0xCE18,
    0xCE18, 0xCE18, 0xCE18, 0xCDF7, 0xCDF7, 0xCDF7, 0xCDF7, 0xCDF7,
    0xCE17, 0xCE18, 0xCE18, 0xCE17, 0xCDF7, 0xCDF7, 0xCDF7, 0xCDF7,
    0xCDF7, 0xCDF7, 0xCDF7, 0xCDF7, 0xCDF7, 0xCDF8, 0xCDF7, 0xCDF7,
    0xCDF7, 0xCDF7, 0xCDF7, 0xCDF7, 0xC5F7, 0xC5F7, 0xCDF7, 0xCDF7,
    0xCDF7, 0xCDF7, 0xCDF7, 0xCDF7, 0xC5F7, 0xC5F7, 0xCDF7, 0xC5F7,
    0xCDF7, 0xCDF7, 0xCDF7, 0xCDF7, 0xCDF7, 0xCDF7, 0xCDF7, 0xCDF7,
    0xCDF7, 0xCDF7, 0xCDF7, 0xCDF7, 0xCDF7, 0xC5F7, 0xC5F7, 0xC5F7,
    0xC5F7, 0xC5D7, 0xC5D7, 0xC5D7, 0xC5D7, 0xC5D7, 0xCDF7, 0xCDF7,
    0xCDF7, 0xCDF7, 0xCDF7, 0xCDF7, 0xCDF7, 0xCDF7, 0xCDF7, 0xCDF7,
    0xCDF7, 0xCDF7, 0xCDF7, 0xCDF7, 0xCDF7, 0xCDF7, 0xCDF7, 0xCDF7,
    0xCDF7, 0xCDF7, 0xCDF7, 0xCDF7, 0xCDF7, 0xCDF7, 0xCDF7, 0xCDF7,
    0xCDF7, 0xCDF7, 0xCDF7, 0xCDF7, 0xCDF7, 0xC5F7, 0xCDF7, 0xCDF7,
    0xC5F7, 0xC5D6, 0xC5D7, 0xC5D7, 0xCDF7, 0xCDF7, 0xCDF7, 0xCDF7,
    0xCDF7, 0xCDF7, 0xCDF7, 0xCDF7, 0xCDF7, 0xCDF7, 0xCDF7, 0xCDF7,
    0xCDF6, 0xCDF6, 0xCDD6, 0xCDD6, 0xCDD6, 0xCDD6, 0xCDD6, 0xCDD6,
    0xCDF6, 0xCDF6, 0xCDF7, 0xCDF7, 0xCDF6, 0xCDF6, 0xCDF6, 0xCDF6,
    0xCDF6, 0xCDF6, 0xCDF6, 0xCDF7, 0xCDF6, 0xCDF6, 0xCDF6, 0xCDF6,
    0xCDF7, 0xCDF6, 0xCDF6, 0xCDF6, 0xCDF6, 0xCDF6, 0xCDF6, 0xCDF6,
    0xCDF6, 0xCDF6, 0xCDF6, 0xCDF6, 0xCDF6, 0xCDF6, 0xCDF6, 0xCDF6,
    0xCD73, 0xCD93, 0xD593, 0xD593, 0xCD73, 0xCD73, 0xCD73, 0xCD53,
    0xC553, 0xC552, 0xC532, 0xC532, 0xC532, 0xC532, 0xC532, 0xC532,
    0xC532, 0xC532, 0xC533, 0xC553, 0xC553, 0xC532, 0xC532, 0xC532,
    0xC532, 0xC532, 0xC532, 0xC532, 0xC532, 0xC532, 0xC532, 0xC532,
    0xC532, 0xC532, 0xC532, 0xC512, 0xC512, 0xC512, 0xC512, 0xC512,
    0xC512, 0xC511, 0xC511, 0xC511, 0xC511, 0xC511, 0xC511, 0xC4F1,
    0xBCF1, 0xC4F1, 0xBCF1, 0xBCF1, 0xBCF1, 0xBCF1, 0xBCF1, 0xBCF1,
    0xBCF1, 0xBCD1, 0xBCD1, 0xBCD1, 0xBCD0, 0xBCB0, 0xB46E, 0xB42D,
    0xABEB, 0xABAA, 0xAB68, 0xAB67, 0xB387, 0xBB87, 0xBB87, 0xB387,
    0xBBC9, 0xBC0C, 0xBC6E, 0xC4F1, 0xC553, 0xC595, 0xCDD6, 0xCDF7,
    0xCE18, 0xCE18, 0xCE18, 0xCE18, 0xCE18, 0xCE18, 0xCE18, 0xCDF8,
    0xCDF7, 0xCE18, 0xCE18, 0xCE38, 0xCE38, 0xD638, 0xD659, 0xD638,
    0xCE38, 0xCE38, 0xCE18, 0xCE17, 0xCDF7, 0xCDF7, 0xCDF7, 0xCDF7,
    0xCDF7, 0xCDF7, 0xCDF7, 0xCDF7, 0xCDF7, 0xCDF7, 0xCDF7, 0xCDF7,
    0xCDF7, 0xCDF7, 0xC5F7, 0xCDF7, 0xC5F7, 0xCDF7, 0xCDF7, 0xCDF7,
    0xCDF7, 0xCDF7, 0xCDF7, 0xCDF7, 0xCDF7, 0xCDF7, 0xCDF7, 0xCDF7,
    0xCDF7, 0xCDF7, 0xCDF7, 0xCDF7, 0xCDF7, 0xCDF7, 0xCDF7, 0xCDF7,
    0xCDF7, 0xCDF7, 0xCDF7, 0xCDF7, 0xCDF7, 0xCDF7, 0xCDF7, 0xC5F7,
    0xC5F7, 0xC5F7, 0xC5F7, 0xCDF7, 0xCDF7, 0xC5F7, 0xC5F7, 0xCDF7,
    0xCDF7, 0xCDF7, 0xCDF7, 0xCDF7, 0xCDF7, 0xCDF7, 0xCDF7, 0xCDF7,
    0xCDF7, 0xCDF7, 0xCDF7, 0xCDF7, 0xCDF7, 0xCDF7, 0xCDF7, 0xCDF7,
    0xCDF7, 0xCDF7, 0xCDF7, 0xCDF7, 0xCDF7, 0xCDF7, 0xCDF7, 0xC5F7,
    0xCDF7, 0xCDF7, 0xCDF7, 0xCDF7, 0xCDF7, 0xCDF7, 0xCDF7, 0xCDF7,
    0xC5F7, 0xC5F7, 0xC5D7, 0xC5D6, 0xC5D7, 0xC5F6, 0xCDF6, 0xCDD6,
    0xC5F6, 0xCDF7, 0xCDF7, 0xCDF7, 0xCDF7, 0xCDF7, 0xCDF7, 0xCDF7,
    0xCDF7, 0xCDF6, 0xCDF6, 0xCDF6, 0xCDD6, 0xCDD6, 0xCDD6, 0xCDD6,
    0xCDF6, 0xCDF6, 0xCDF7, 0xCDF7, 0xCDF6, 0xCDF6, 0xCDF6, 0xCDF6,
    0xCDF6, 0xCDF6, 0xCDF6, 0xCDF6, 0xCDF6, 0xCDF6, 0xCDF6, 0xCDF6,
    0xCDF6, 0xCDF6, 0xCDF6, 0xCDF6, 0xCDF6, 0xCDF6, 0xD5F6, 0xCDF6,
    0xCDF6, 0xCDF6, 0xCDF6, 0xCDF6, 0xCDF6, 0xCDF6, 0xCDF6, 0xCDF6,
    0xCD93, 0xCD93, 0xD593, 0xD593, 0xD573, 0xCD73, 0xCD73, 0xCD53,
    0xCD52, 0xC552, 0xC552, 0xC532, 0xC532, 0xC532, 0xC532, 0xC532,
    0xC532, 0xC532, 0xC532, 0xC532, 0xC532, 0xC532, 0xC532, 0xC532,
    0xC532, 0xC532, 0xC532, 0xC532, 0xC532, 0xC532, 0xC532, 0xC532,
    0xC532, 0xC532, 0xC512, 0xC512, 0xC512, 0xC511, 0xC511, 0xC531,
    0xC511, 0xC511, 0xC511, 0xC511, 0xC511, 0xC511, 0xC4F1, 0xC4F1,
    0xBCF1, 0xBCF1, 0xBCF1, 0xBCF1, 0xBCF1, 0xBCF1, 0xBCF1, 0xBCF1,
    0xBCF1, 0xBCD1, 0xBCD1, 0xBCD1, 0xBCD0, 0xBCAF, 0xB46E, 0xB42D,
    0xABEB, 0xABAA, 0xAB88, 0xAB47, 0xB367, 0xBB87, 0xB387, 0xBB87,
    0xBBC9, 0xBC2C, 0xBC8F, 0xC4F1, 0xC553, 0xC575, 0xCDB6, 0xCDF7,
    0xCE18, 0xCE18, 0xCE18, 0xCE18, 0xCE18, 0xCDF8, 0xCDF7, 0xCE18,
    0xCE38, 0xD617, 0xD5D6, 0xD553, 0xCD32, 0xBC6F, 0xBC8F, 0xC48F,
    0xCD11, 0xD531, 0xD5D5, 0xD5F6, 0xCE18, 0xCDF7, 0xCDF7, 0xCDF7,
    0xCDF7, 0xCDF7, 0xCDF7, 0xCDF8, 0xCDF8, 0xCDF7, 0xCDF7, 0xCDF7,
    0xCDF7, 0xC5F7, 0xC5F7, 0xC5F7, 0xC5F7, 0xCDF7, 0xCDF7, 0xCDF7,
    0xCDF7, 0xC5F7, 0xCDF7, 0xCDF7, 0xCDF7, 0xCDF7, 0xCDF7, 0xCDF7,
    0xC5F7, 0xCDF7, 0xCDF7, 0xCDF7, 0xCE17, 0xCE17, 0xCE17, 0xCDF7,
    0xCDF7, 0xCDF7, 0xC5F7, 0xC5F7, 0xCDF7, 0xCDF7, 0xCDF7, 0xCDF7,
    0xC5F7, 0xCDF7, 0xCDF7, 0xCDF7, 0xCDF7, 0xCDF7, 0xC5F7, 0xCDF7,
    0xCDF7, 0xCDF7, 0xCDF7, 0xCDF7, 0xCDF7, 0xCDF7, 0xCDF7, 0xCDF7,
    0xCDF7, 0xCDF7, 0xCDF7, 0xCDF7, 0xCDF7, 0xCDF7, 0xCDF7, 0xCDF7,
    0xCDF7, 0xCDF7, 0xCDF7, 0xCDF7, 0xCDF7, 0xCDF7, 0xC5F7, 0xC5F7,
    0xC5D7, 0xCDF7, 0xCDF7, 0xC5F7, 0xC5F7, 0xC5F7, 0xC5F7, 0xC5F7,
    0xC5F7, 0xC5F7, 0xC5D7, 0xC5D6, 0xC5D6, 0xC5D7, 0xC5D6, 0xCDD6,
    0xC5F7, 0xCDF7, 0xCDF7, 0xCDF6, 0xCDF6, 0xCDF7, 0xCDF7, 0xCDF7,
    0xCDF6, 0xCDF6, 0xCDF6, 0xCDF6, 0xCDD6, 0xCDD6, 0xCDD6, 0xCDD6,
    0xCDD6, 0xCDF6, 0xCDF7, 0xCDF7, 0xCDF6, 0xCDF7, 0xCDF7, 0xCDF7,
    0xCDF7, 0xCDF7, 0xCDF6, 0xCDF6, 0xCDF6, 0xCDF7, 0xCDF7, 0xCDF7,
    0xCDF6, 0xD5F7, 0xCE17, 0xCDF6, 0xCDF6, 0xCDF6, 0xCDF6, 0xD5F6,
    0xCDF6, 0xCDF6, 0xCDF6, 0xCDF6, 0xCDF6, 0xCDF6, 0xCDF6, 0xCDF6,
    0xD593, 0xD593, 0xD573, 0xD573, 0xD573, 0xCD73, 0xCD72, 0xCD52,
    0xCD52, 0xCD52, 0xC552, 0xC552, 0xC552, 0xC532, 0xC532, 0xC552,
    0xC532, 0xC532, 0xC532, 0xC532, 0xC532, 0xC532, 0xC532, 0xC532,
    0xC532, 0xC532, 0xC532, 0xC532, 0xC532, 0xC532, 0xC532, 0xC532,
    0xC512, 0xC532, 0xC512, 0xC512, 0xC511, 0xC511, 0xC511, 0xC511,
    0xC511, 0xC511, 0xC4F1, 0xC511, 0xC4F1, 0xC4F1, 0xC4F1, 0xC4F1,
    0xC4F1, 0xBCF1, 0xBCF1, 0xBCF1, 0xBCF1, 0xBCD1, 0xBCD1, 0xBCF1,
    0xBCF1, 0xBCD1, 0xBCD1, 0xBCF1, 0xBCD0, 0xB48F, 0xB46E, 0xAC2D,
    0xABEB, 0xABAA, 0xAB88, 0xAB67, 0xB367, 0xB387, 0xB387, 0xB387,
    0xBBC9, 0xBC2C, 0xBC8F, 0xBCD1, 0xC533, 0xC575, 0xC5B6, 0xCDF7,
    0xCE18, 0xCE18, 0xCE18, 0xCE18, 0xCE18, 0xCE18, 0xCE38, 0xD5B5,
    0xBC90, 0xB3AC, 0xA308, 0x9266, 0x8A66, 0x8226, 0x71C4, 0x79E5,
    0x8A46, 0x9287, 0x92A7, 0x9B09, 0xC4F1, 0xD658, 0xCE18, 0xCDF7,
    0xCDF7, 0xCDF8, 0xCDF7, 0xCDF7, 0xCDF8, 0xCDF7, 0xCDF7, 0xCDF7,
    0xCDF7, 0xC5F7, 0xC5F7, 0xC5F7, 0xC5F7, 0xC5F7, 0xC5F7, 0xCDF7,
    0xCDF7, 0xC5F7, 0xC5F7, 0xC5F7, 0xC5F7, 0xCDF7, 0xCDF7, 0xC5F7,
    0xCDF7, 0xCDF7, 0xCDF7, 0xCDF7, 0xCDF7, 0xCDF7, 0xCDF7, 0xCDF7,
    0xCDF7, 0xC5F7, 0xC5F7, 0xC5F7, 0xC5F7, 0xCDF7, 0xCDF7, 0xCDF7,
    0xC5F7, 0xC5F7, 0xC5F7, 0xCDF7, 0xC5F7, 0xCDF7, 0xCDF7, 0xCDF7,
    0xCDF7, 0xCDF7, 0xCDF7, 0xCDF7, 0xCDF7, 0xCDF7, 0xCDF7, 0xCDF7,
    0xCDF7, 0xCDF7, 0xCDF7, 0xCDF7, 0xCDF7, 0xCDF7, 0xCDF7, 0xCDF7,
    0xCDF7, 0xCDF7, 0xCDF7, 0xCDF7, 0xCDF7, 0xCDF7, 0xC5F7, 0xC5F7,
    0xC5F7, 0xC5F7, 0xC5F7, 0xC5F7, 0xC5F7, 0xC5F7, 0xC5F7, 0xC5D6,
    0xC5D6, 0xC5D6, 0xC5F7, 0xCDF7, 0xC5F7, 0xC5D7, 0xC5D7, 0xCDF7,
    0xCDF7, 0xCDF7, 0xCDF7, 0xCDF7, 0xCDF7, 0xC5D6, 0xCDF7, 0xC5D7,
    0xCDD6, 0xCDF6, 0xCDF6, 0xCDF7, 0xCDD6, 0xCDD6, 0xCDD6, 0xCDF7,
    0xCDF7, 0xCDF7, 0xCDF7, 0xCDF7, 0xCDF7, 0xCDF7, 0xCDF7, 0xCDF7,
    0xCDF7, 0xCDF7, 0xCDF7, 0xCDF7, 0xCDF7, 0xCDF7, 0xCDF7, 0xCE17,
    0xCE17, 0xCE17, 0xCDF7, 0xCDF7, 0xCDF7, 0xCDF7, 0xCDF6, 0xCDF6,
    0xCDF6, 0xCDF6, 0xCDF6, 0xCDF6, 0xCDF6, 0xCDF6, 0xCDF6, 0xCDF6,
    0xCD52, 0xD552, 0xD552, 0xCD51, 0xCD51, 0xCD52, 0xCD52, 0xCD52,
    0xCD52, 0xCD52, 0xCD32, 0xC532, 0xC532, 0xC532, 0xC552, 0xC552,
    0xC532, 0xC532, 0xC532, 0xC532, 0xC532, 0xC532, 0xC532, 0xC532,
    0xC532, 0xC532, 0xC532, 0xC532, 0xC532, 0xC532, 0xC512, 0xC511,
    0xC511, 0xC511, 0xC511, 0xC511, 0xC511, 0xC511, 0xC511, 0xC511,
    0xC511, 0xC511, 0xC4F1, 0xC4F1, 0xC4F1, 0xC4F1, 0xC4F1, 0xC4F1,
    0xC4F1, 0xBCF1, 0xBCF1, 0xBCF1, 0xBCF1, 0xBCD1, 0xBCF1, 0xBCF1,
    0xBCD1, 0xBCD1, 0xBCF1, 0xBCD1, 0xBCD0, 0xB48F, 0xB44E, 0xAC2C,
    0xABEB, 0xABAA, 0xAB68, 0xAB67, 0xB367, 0xB387, 0xB387, 0xB387,
    0xBBC9, 0xBC2C, 0xBC8F, 0xBCF1, 0xC533, 0xC575, 0xC5B6, 0xCDF7,
    0xCE18, 0xCE18, 0xCE18, 0xCE18, 0xCE18, 0xCD95, 0xBC4E, 0xA308,
    0x8205, 0x8A46, 0x8A26, 0x8A46, 0x7A05, 0x7A05, 0x7A05, 0x69C4,
    0x7A05, 0x8205, 0x71C4, 0x71A4, 0x9266, 0xB3CC, 0xCCB0, 0xCE18,
    0xCDF7, 0xCDF7, 0xCDF7, 0xCDF7, 0xCDF7, 0xCDF7, 0xCDF7, 0xCDF7,
    0xCDF7, 0xC5F7, 0xC5F7, 0xC5F7, 0xC5F7, 0xC5F7, 0xCDF7, 0xCDF7,
    0xCDF7, 0xCDF7, 0xC5F7, 0xC5D7, 0xC5D7, 0xC5F7, 0xCDF7, 0xCDF7,
    0xCDF7, 0xCDF7, 0xCDF7, 0xCDF7, 0xCDF7, 0xCDF7, 0xCDF7, 0xCDF7,
    0xCDF7, 0xCDF7, 0xC5F7, 0xC5F7, 0xC5F7, 0xCDF7, 0xCDF7, 0xCDF7,
    0xCDF7, 0xC5F7, 0xC5F7, 0xC5F7, 0xCDF7, 0xCDF7, 0xCDF7, 0xCDF7,
    0xCDF7, 0xCDF7, 0xCDF7, 0xCDF7, 0xC5F7, 0xCDF7, 0xCDF7, 0xCDF7,
    0xCDF7, 0xCDF7, 0xCDF7, 0xCDF7, 0xCDF7, 0xCDF7, 0xCDF7, 0xCDF7,
    0xCDF7, 0xCDF7, 0xCDF7, 0xCDF7, 0xCDF7, 0xCDF7, 0xC5F7, 0xC5F7,
    0xC5F6, 0xC5F6, 0xC5F6, 0xC5D7, 0xC5D7, 0xC5D6, 0xC5F7, 0xC5D7,
    0xC5D7, 0xC5D7, 0xC5F7, 0xC5D7, 0xC5F7, 0xC5D7, 0xC5D7, 0xC5D7,
    0xCDF7, 0xCDF7, 0xCDF7, 0xCDF7, 0xC5D7, 0xC5D6, 0xC5D6, 0xC5D6,
    0xC5D6, 0xCDD6, 0xCDF7, 0xCDF7, 0xCDF6, 0xCDF6, 0xCDF7, 0xCDF7,
    0xCDF7, 0xCDF7, 0xCDF7, 0xCDF7, 0xCDF7, 0xCDF7, 0xCDF7, 0xCDF6,
    0xCDF6, 0xCDF7, 0xCDF6, 0xCDF6, 0xCDF6, 0xCDF7, 0xCDF7, 0xCE17,
    0xCE17, 0xD617, 0xCE17, 0xCDF7, 0xCDF7, 0xCDF7, 0xCDF6, 0xCDF6,
    0xD5F6, 0xD5F6, 0xCDF6, 0xCDF6, 0xCDF6, 0xCDF6, 0xCDF6, 0xCDF6,
    0xD530, 0xD530, 0xCD30, 0xCD30, 0xCD30, 0xCD30, 0xCD30, 0xCD30,
    0xCD30, 0xCD31, 0xCD31, 0xCD31, 0xCD31, 0xCD31, 0xCD31, 0xCD31,
    0xC531, 0xC531, 0xC531, 0xC511, 0xC511, 0xC511, 0xC511, 0xC511,
    0xC511, 0xC511, 0xC531, 0xC531, 0xC531, 0xC511, 0xC511, 0xC511,
    0xC511, 0xC511, 0xC511, 0xC511, 0xC511, 0xC511, 0xC511, 0xC511,
    0xC511, 0xC511, 0xC4F1, 0xC4F1, 0xC4F1, 0xC4F1, 0xC4F1, 0xC4F1,
    0xC4F1, 0xC4F1, 0xC4F1, 0xBCF1, 0xBCF1, 0xBCF1, 0xC4F1, 0xBCF1,
    0xBCD0, 0xBCD1, 0xBCD1, 0xBCF1, 0xBCD0, 0xB48F, 0xB44E, 0xB42C,
    0xABEB, 0xABAA, 0xAB68, 0xAB47, 0xB367, 0xB387, 0xB387, 0xB387,
    0xBBCA, 0xBC2C, 0xBC8F, 0xBCF2, 0xC553, 0xC575, 0xC5B6, 0xCDF7,
    0xCE18, 0xCE18, 0xCE18, 0xCE59, 0xD5D5, 0xBBAA, 0x8205, 0x81E5,
    0x71C4, 0x8A05, 0x9245, 0x71A4, 0x8205, 0x71A4, 0x79C4, 0x71C4,
    0x8A25, 0x8205, 0x79C4, 0x6984, 0x71C4, 0x79E4, 0x8A45, 0xBC4E,
    0xCE18, 0xCE18, 0xCDF7, 0xCDF7, 0xCDF7, 0xCDF7, 0xCDF7, 0xCDF7,
    0xCDF7, 0xC5F7, 0xC5F7, 0xC5F7, 0xC5F7, 0xC5F7, 0xCDF7, 0xC5F7,
    0xC5F7, 0xC5F7, 0xC5F7, 0xC5F7, 0xC5F7, 0xC5F7, 0xC5F7, 0xC5F7,
    0xCDF7, 0xCDF7, 0xCDF7, 0xCDF7, 0xCDF7, 0xCDF7, 0xCDF7, 0xCDF7,
    0xCDF7, 0xCDF7, 0xCDF7, 0xCDF7, 0xC5F7, 0xC5F7, 0xCDF7, 0xCDF7,
    0xC5F7, 0xC5D7, 0xC5D7, 0xC5F7, 0xC5F7, 0xCDF7, 0xCDF7, 0xCDF7,
    0xC5F7, 0xC5F7, 0xCDF7, 0xCDF7, 0xCDF7, 0xCDF7, 0xCDF7, 0xCDF7,
    0xCDF7, 0xCDF7, 0xCDF7, 0xCDF7, 0xCDF7, 0xCDF7, 0xCDF7, 0xCDF7,
    0xCDF7, 0xCDF7, 0xCDF7, 0xCDF7, 0xCDF7, 0xCDF7, 0xC5D7, 0xC5D7,
    0xC5F7, 0xC5D7, 0xC5F7, 0xC5D7, 0xC5D7, 0xC5F7, 0xC5D7, 0xC5D7,
    0xC5D7, 0xC5F7, 0xC5F7, 0xC5F7, 0xC5F7, 0xC5D7, 0xC5D7, 0xC5D7,
    0xC5D7, 0xCDF7, 0xCDF7, 0xC5D6, 0xC5D7, 0xC5D6, 0xC5D6, 0xC5D6,
    0xC5D6, 0xCDF6, 0xCDF7, 0xCDF7, 0xCDF7, 0xCDF6, 0xCDF7, 0xCDF7,
    0xCDF7, 0xCDF7, 0xCDF7, 0xCDF7, 0xCDF6, 0xCDF7, 0xCDF7, 0xCDF6,
    0xCDF6, 0xCDF6, 0xCDF6, 0xCDF6, 0xCDF6, 0xCDF7, 0xCDF7, 0xCE17,
    0xCE17, 0xCE17, 0xD617, 0xCE17, 0xCDF7, 0xCDF7, 0xCDF6, 0xCDF6,
    0xCDF6, 0xD5F6, 0xCDF6, 0xCDF6, 0xCDF6, 0xCDF6, 0xCDF6, 0xCDF6,
    0xD50F, 0xD50F, 0xD50F, 0xD50F, 0xD50F, 0xD50F, 0xD50F, 0xD50F,
    0xD510, 0xCD10, 0xD510, 0xCD30, 0xCD30, 0xCD30, 0xCD10, 0xCD10,
    0xCD10, 0xCD10, 0xC510, 0xC510, 0xC510, 0xC510, 0xC510, 0xC510,
    0xC511, 0xC511, 0xC511, 0xC511, 0xC511, 0xC511, 0xC4F1, 0xC4F0,
    0xC4F0, 0xC510, 0xC510, 0xC4F0, 0xC4F0, 0xC4F0, 0xC4F0, 0xC511,
    0xC511, 0xC4F1, 0xC4F0, 0xC4F1, 0xC4F0, 0xC4F0, 0xC4F1, 0xC4F1,
    0xC4F1, 0xC4F1, 0xC4F1, 0xBCF1, 0xBCF1, 0xBCF1, 0xC4F1, 0xBCF1,
    0xBCF1, 0xBCF0, 0xBCF0, 0xBCF1, 0xBCD0, 0xB48F, 0xB46E, 0xAC2D,
    0xABEB, 0xABAA, 0xAB68, 0xAB67, 0xB367, 0xB387, 0xB387, 0xB387,
    0xBBCA, 0xBC2C, 0xBC8F, 0xBCF2, 0xC554, 0xC595, 0xC5D7, 0xCDF7,
    0xCE18, 0xCE18, 0xCE39, 0xCD95, 0xC3EB, 0xB2E7, 0x9246, 0x79C4,
    0x6163, 0x6142, 0x81C4, 0x6163, 0x71A4, 0x79A3, 0x79C4, 0x79C4,
    0x81E4, 0x79C4, 0x6983, 0x6983, 0x71C4, 0x8225, 0x71C4, 0x71C4,
    0xBC70, 0xD5F7, 0xCDF7, 0xCE18, 0xCDF8, 0xCDF8, 0xC5F8, 0xCDF7,
    0xCDF8, 0xC5F8, 0xC5F7, 0xC5F7, 0xC5F7, 0xC5F7, 0xC5F7, 0xC5F7,
    0xC5F7, 0xC5F7, 0xC5F7, 0xC5F7, 0xC5F7, 0xC5F7, 0xC5F7, 0xC5F7,
    0xCDF7, 0xCDF7, 0xCDF7, 0xCDF7, 0xCDF7, 0xCDF7, 0xC5F7, 0xC5F7,
    0xCDF7, 0xCDF7, 0xCDF7, 0xC5F7, 0xC5F7, 0xC5F7, 0xC5F7, 0xC5F7,
    0xC5F7, 0xC5F7, 0xC5D7, 0xC5D7, 0xC5F7, 0xC5F7, 0xC5F7, 0xC5F7,
    0xC5F7, 0xC5F7, 0xCDF7, 0xCDF7, 0xCDF7, 0xCDF7, 0xCDF7, 0xCDF7,
    0xCDF7, 0xCDF7, 0xCDF7, 0xCDF7, 0xCDF7, 0xCDF7, 0xCDF7, 0xC5F7,
    0xC5F7, 0xC5F7, 0xCDF7, 0xCDF7, 0xCDF7, 0xCDF7, 0xC5D7, 0xC5D7,
    0xC5F7, 0xC5F7, 0xC5F7, 0xC5F7, 0xC5F7, 0xC5F7, 0xC5F7, 0xC5F7,
    0xC5F7, 0xC5F7, 0xC5D7, 0xC5D7, 0xC5D7, 0xC5D7, 0xC5D7, 0xC5D7,
    0xC5D7, 0xC5D7, 0xCDF7, 0xC5D7, 0xC5D6, 0xC5D6, 0xC5D6, 0xC5D6,
    0xCDD6, 0xCDF6, 0xCDF7, 0xCDF7, 0xCDF6, 0xCDF7, 0xCDF7, 0xCDF7,
    0xCDF7, 0xCDF7, 0xCDF7, 0xCDF7, 0xCDF7, 0xCDF7, 0xCDF7, 0xCDF6,
    0xCDF6, 0xCDF6, 0xCDF6, 0xCDF6, 0xCDF6, 0xCDF7, 0xCDF7, 0xCDF7,
    0xCE17, 0xD617, 0xD617, 0xCE17, 0xCDF7, 0xCDF7, 0xCDF6, 0xCDF6,
    0xCDF6, 0xCDF6, 0xCDF6, 0xCDF6, 0xCDF6, 0xCDF6, 0xCDF6, 0xCDF6,
    0xD4EE, 0xD4EE, 0xD4EE, 0xD4EE, 0xD4EE, 0xD4EE, 0xD4EE, 0xD50E,
    0xD50E, 0xD50E, 0xD50F, 0xD50F, 0xD50F, 0xD50F, 0xD50F, 0xD50F,
    0xCD0F, 0xCD0F, 0xCCEF, 0xCCEF, 0xCCEF, 0xCCEF, 0xCCF0, 0xC4F0,
    0xC4F0, 0xC4F0, 0xC4F0, 0xC4F0, 0xC4F0, 0xC4EF, 0xC4F0, 0xC4F0,
    0xC4F0, 0xC4F0, 0xC4F0, 0xC4EF, 0xC4EF, 0xC4EF, 0xC4D0, 0xC4F0,
    0xC4F0, 0xC4F0, 0xC4F0, 0xC4F0, 0xC4F0, 0xC4F0, 0xC4F0, 0xC4F0,
    0xC4F0, 0xC4F0, 0xC4F0, 0xC4F0, 0xBCF0, 0xC4F0, 0xBCF0, 0xBCD0,
    0xBCD0, 0xBCD0, 0xBCD0, 0xBCD0, 0xBCB0, 0xB48F, 0xB44E, 0xAC2D,
    0xABEB, 0xABAA, 0xAB68, 0xAB67, 0xB367, 0xB387, 0xB387, 0xB387,
    0xB3C9, 0xBC2C, 0xBC8F, 0xBCF1, 0xC554, 0xC595, 0xC5D7, 0xCDF7,
    0xCE18, 0xCE18, 0xC4D1, 0x9AC7, 0xA2A7, 0xA2A7, 0x9245, 0x79A4,
    0x6983, 0x6163, 0x6142, 0x6163, 0x6163, 0x6143, 0x79C3, 0x79C4,
    0x79C4, 0x79A3, 0x71A3, 0x71C4, 0x79C4, 0x8A25, 0x69C4, 0x71A4,
    0x8225, 0xA34A, 0xCDD6, 0xCE18, 0xCDF8, 0xCE18, 0xCDF8, 0xCDF8,
    0xCDF8, 0xCDF8, 0xCDF8, 0xC5F7, 0xC5F7, 0xC5F7, 0xC5F7, 0xC5D7,
    0xC5F7, 0xC5F7, 0xC5F7, 0xC5F7, 0xCDF7, 0xC5F7, 0xC5F7, 0xCDF7,
    0xCDF7, 0xCDF7, 0xC5F7, 0xC5F7, 0xCDF7, 0xCDF7, 0xCDF7, 0xCDF7,
    0xCDF7, 0xCDF7, 0xC5F7, 0xC5D7, 0xC5F7, 0xC5F7, 0xC5F7, 0xC5F7,
    0xC5D7, 0xC5F7, 0xC5D7, 0xC5D7, 0xC5D7, 0xC5D7, 0xC5D7, 0xC5F7,
    0xC5F7, 0xC5F7, 0xCDF7, 0xCDF7, 0xCDF7, 0xCDF7, 0xCDF7, 0xCDF7,
    0xCDF7, 0xCDF7, 0xCDF7, 0xCDF7, 0xCE17, 0xCE17, 0xCE17, 0xCDF6,
    0xCE17, 0xCDF7, 0xC5F7, 0xC5F7, 0xCDF7, 0xCDF7, 0xCDF7, 0xC5F7,
    0xC5F7, 0xCDF7, 0xCDF7, 0xC5F7, 0xC5F7, 0xC5F7, 0xC5F7, 0xC5F7,
    0xC5F7, 0xC5F7, 0xC5D7, 0xC5D7, 0xC5D7, 0xC5D6, 0xC5D6, 0xC5D7,
    0xC5D7, 0xC5D7, 0xC5D7, 0xC5D7, 0xC5D7, 0xC5D7, 0xC5D6, 0xC5D6,
    0xC5D7, 0xCDF7, 0xCDD6, 0xCDF7, 0xCDD6, 0xCDD7, 0xCDD7, 0xCDF7,
    0xCDF7, 0xCDF7, 0xCDF7, 0xCDF7, 0xCDF7, 0xCDF7, 0xCDF7, 0xCDF7,
    0xCDF6, 0xCDF6, 0xCDF6, 0xCDF6, 0xCDF6, 0xCDF7, 0xCDF7, 0xCDF7,
    0xCE17, 0xCDF7, 0xD617, 0xCE17, 0xCDF7, 0xCDF7, 0xCDF6, 0xCDF6,
    0xCDF6, 0xCDF6, 0xCDF6, 0xCDF6, 0xCDF6, 0xCDF6, 0xCDF6, 0xCDF6,
    0xD4CD, 0xD4CC, 0xD4CC, 0xD4CD, 0xD4CD, 0xD4CD, 0xD4CD, 0xD4ED,
    0xD4ED, 0xD4ED, 0xD4ED, 0xD4ED, 0xD4EE, 0xD4EE, 0xD4EE, 0xD4EE,
    0xD4EE, 0xCCEE, 0xCCCE, 0xCCCE, 0xCCCE, 0xCCEE, 0xCCEE, 0xCCCE,
    0xCCCE, 0xCCCE, 0xCCCE, 0xCCCE, 0xCCCE, 0xCCCE, 0xCCCE, 0xCCCE,
    0xCCCE, 0xCCCE, 0xCCCE, 0xCCCE, 0xCCCE, 0xC4CE, 0xC4AE, 0xC4CE,
    0xC4CF, 0xC4CF, 0xC4CF, 0xC4CF, 0xC4CF, 0xC4CF, 0xC4CF, 0xC4CF,
    0xC4CF, 0xC4CF, 0xC4CF, 0xC4CF, 0xC4CF, 0xC4CF, 0xC4AF, 0xBCCF,
    0xBCCF, 0xBCCF, 0xBCCF, 0xBCD0, 0xBCAF, 0xB46E, 0xB44D, 0xAC0C,
    0xABEB, 0xABCA, 0xAB88, 0xAB67, 0xB367, 0xB367, 0xB387, 0xB387,
    0xB3C9, 0xB42C, 0xBC6F, 0xBCF1, 0xC554, 0xC595, 0xC5D7, 0xCDF7,
    0xCE38, 0xCD33, 0x8225, 0x7A05, 0xA2C7, 0x9246, 0x81E5, 0x8205,
    0x6983, 0x6163, 0x6963, 0x5922, 0x48E2, 0x48E2, 0x7183, 0x7162,
    0x79A3, 0x7183, 0x6963, 0x71A4, 0x71C4, 0x8205, 0x71C4, 0x79C4,
    0x5943, 0x6142, 0xB3ED, 0xD638, 0xCE18, 0xCE18, 0xCE18, 0xCDF8,
    0xCDF8, 0xCDF8, 0xCDF8, 0xCDF8, 0xC5F7, 0xC5F7, 0xC5F7, 0xC5F7,
    0xC5F7, 0xC5F7, 0xC5F7, 0xC5F7, 0xC5F7, 0xC5F7, 0xC5F7, 0xCDF7,
    0xCDF7, 0xC5F7, 0xC5F7, 0xC5F7, 0xC5F7, 0xCDF7, 0xCDF7, 0xC5F7,
    0xC5F7, 0xC5F7, 0xC5F7, 0xC5D7, 0xC5D7, 0xC5F7, 0xC5F7, 0xC5F7,
    0xC5D7, 0xC5D7, 0xC5D7, 0xC5F7, 0xC5D7, 0xC5F7, 0xC5F7, 0xC5F7,
    0xC5F7, 0xC5F7, 0xC5F7, 0xC5F7, 0xCDF7, 0xCDF7, 0xCDF7, 0xCDF7,
    0xC5F7, 0xCE17, 0xCE17, 0xCE17, 0xD5F5, 0xDD52, 0xD4F0, 0xD4CF,
    0xD4F0, 0xDD52, 0xD5D5, 0xCDF6, 0xCE17, 0xCDF7, 0xC5D6, 0xC5F7,
    0xC5D6, 0xCDF7, 0xCDF7, 0xC5F7, 0xC5F7, 0xC5F7, 0xCDF7, 0xCDF7,
    0xC5F7, 0xC5D7, 0xC5D7, 0xC5D7, 0xC5D7, 0xC5D7, 0xC5D6, 0xC5D6,
    0xC5D6, 0xC5D7, 0xC5D7, 0xC5D7, 0xC5D7, 0xC5D6, 0xC5F6, 0xC5F7,
    0xC5F7, 0xC5F7, 0xCDF7, 0xCDF7, 0xCDF7, 0xCDF7, 0xCDF7, 0xCDD7,
    0xCDF7, 0xCDF7, 0xCDF7, 0xCDF7, 0xCDF7, 0xCDF7, 0xCDF7, 0xCDF7,
    0xCDF6, 0xCDF6, 0xCDF6, 0xCDF6, 0xCDF6, 0xCDF6, 0xCDF7, 0xCDF7,
    0xCDF7, 0xCDF7, 0xCE17, 0xCDF7, 0xCDF7, 0xCDF6, 0xCDF6, 0xCDF6,
    0xCDF6, 0xCDF6, 0xCDF6, 0xCDF6, 0xCDF6, 0xCDF6, 0xCDF6, 0xCDF6,
    0xD48B, 0xD4AB, 0xD4AB, 0xD4AB, 0xD4AB, 0xD4AC, 0xD4AC, 0xD4CC,
    0xD4CC, 0xD4CC, 0xD4CC, 0xD4CC, 0xD4CC, 0xD4CC, 0xD4CD, 0xD4CD,
    0xD4CD, 0xCCCD, 0xCCCD, 0xCCCD, 0xCCAD, 0xCCCD, 0xCCCD, 0xCCCD,
    0xCCAD, 0xCCCD, 0xCCAD, 0xCCAD, 0xCCCD, 0xCCCD, 0xCCCD, 0xCCCD,
    0xCCAD, 0xCCAD, 0xCCCE, 0xCCAE, 0xCCAD, 0xCCAD, 0xC4AD, 0xC4AD,
    0xCCAD, 0xCCAE, 0xCCAE, 0xCCAE, 0xC4AE, 0xC4AE, 0xC4AE, 0xC4AE,
    0xC4AE, 0xC4AE, 0xC4AE, 0xC4AE, 0xBCAE, 0xC4AE, 0xC4AE, 0xC4AE,
    0xBCAE, 0xBCAE, 0xBCAF, 0xBCAF, 0xBC8E, 0xBC6E, 0xB42D, 0xAC0C,
    0xABEA, 0xABA9, 0xAB88, 0xAB67, 0xB367, 0xB367, 0xB387, 0xB387,
    0xB3C9, 0xB42C, 0xBC6F, 0xBCF1, 0xC553, 0xC595, 0xC5D6, 0xCE18,
    0xCDF7, 0x9B09, 0x71E5, 0xA2E8, 0xB308, 0x9245, 0x71A4, 0x6183,
    0x71A3, 0x6983, 0x6963, 0x4902, 0x5102, 0x5102, 0x6962, 0x7162,
    0x48C1, 0x7163, 0x6983, 0x6983, 0x71C4, 0x79C4, 0x79C4, 0x71A3,
    0x71A4, 0x71A3, 0x92A7, 0xD5D6, 0xCE18, 0xCE18, 0xCE18, 0xCE18,
    0xCDF8, 0xC5F8, 0xC5F7, 0xCDF8, 0xC5F8, 0xC5F7, 0xC5F7, 0xC5F7,
    0xC5F7, 0xC5F7, 0xC5F7, 0xC5F7, 0xC5F7, 0xC5F7, 0xC5F7, 0xC5F7,
    0xC5F7, 0xC5F7, 0xC5F7, 0xC5F7, 0xC5F7, 0xCDF7, 0xC5F7, 0xC5F7,
    0xC5F7, 0xC5F7, 0xC5D7, 0xC5F7, 0xC5F7, 0xC5F7, 0xC5F7, 0xC5F7,
    0xC5F7, 0xC5F7, 0xC5D7, 0xC5D7, 0xC5F7, 0xC5F7, 0xC5F7, 0xC5F7,
    0xC5F7, 0xC5F7, 0xC5F7, 0xCDF7, 0xC5F7, 0xCDF7, 0xCDF7, 0xC5F7,
    0xCDF7, 0xCD33, 0xCCD0, 0xD48E, 0xBB8A, 0xB328, 0xA2A6, 0x9A66,
    0xA2A6, 0xAB08, 0xBB69, 0xC3CB, 0xBBEC, 0xD510, 0xCDD5, 0xCDD6,
    0xC5D6, 0xC5F7, 0xCDF7, 0xC5F7, 0xCDF7, 0xCDF7, 0xCDF7, 0xCDF7,
    0xC5D7, 0xC5D7, 0xC5D7, 0xC5D7, 0xC5D7, 0xC5D7, 0xC5D6, 0xC5D6,
    0xC5D7, 0xC5D7, 0xC5D7, 0xC5D7, 0xC5D7, 0xC5F6, 0xC5F7, 0xC5F7,
    0xC5F7, 0xC5F7, 0xC5F7, 0xCDF7, 0xCDF7, 0xCDF7, 0xCDF7, 0xCDF7,
    0xCDF7, 0xCDF7, 0xCDF7, 0xCDF7, 0xCDF7, 0xCDF7, 0xCDF7, 0xCDF7,
    0xCDF7, 0xCDF6, 0xCDD6, 0xCDF6, 0xCDF6, 0xCDF7, 0xCDF7, 0xCDF7,
    0xCDF7, 0xCE17, 0xCDF7, 0xCDF7, 0xCDF7, 0xCDF6, 0xCDF6, 0xCDF6,
    0xCDF6, 0xCDF6, 0xCDF6, 0xCDF7, 0xCDF6, 0xCDF6, 0xCDF6, 0xCDF6,
    0xD4AB, 0xD4AB, 0xD4AB, 0xD4AB, 0xD4AB, 0xD4AB, 0xD4AB, 0xD4AB,
    0xD4AB, 0xD4AB, 0xD4AB, 0xD4AB, 0xD4AB, 0xD4CC, 0xD4CC, 0xD4CC,
    0xD4AC, 0xD4AC, 0xD4AC, 0xCCAC, 0xCCAC, 0xCCAC, 0xCCAC, 0xCCAC,
    0xCCAC, 0xCCAC, 0xCCAC, 0xCCAC, 0xCCAC, 0xCCAC, 0xCCAC, 0xCCAC,
    0xCCAC, 0xCCAC, 0xCCAC, 0xCCAD, 0xCCAD, 0xCCAC, 0xCC8C, 0xCC8C,
    0xCCAC, 0xCCAD, 0xCCAD, 0xCCAD, 0xC4AD, 0xC48D, 0xC48D, 0xC48D,
    0xC48D, 0xC48D, 0xC48D, 0xC48D, 0xC48D, 0xC48D, 0xC48E, 0xC48E,
    0xC48E, 0xC48E, 0xBC8E, 0xBC8E, 0xBC6D, 0xBC4D, 0xB42C, 0xABEB,
    0xABCA, 0xABA9, 0xAB88, 0xAB67, 0xAB66, 0xB367, 0xB367, 0xB367,
    0xB3A9, 0xB40C, 0xBC8F, 0xBCF1, 0xC554, 0xC595, 0xC5D6, 0xCE18,
    0xB42E, 0x69A4, 0xB369, 0xC369, 0x8A46, 0x71A4, 0x69A4, 0x5922,
    0x5922, 0x5922, 0x6163, 0x5943, 0x6983, 0x6983, 0x6122, 0x79A2,
    0x38A1, 0x5922, 0x71A3, 0x71A3, 0x79C4, 0x71A3, 0x69A3, 0x71A3,
    0x8205, 0x69A4, 0x79E4, 0xBC6F, 0xCE18, 0xCE18, 0xCE18, 0xCE18,
    0xCE18, 0xCDF7, 0xCDF7, 0xC5F7, 0xC5F8, 0xCDF8, 0xC5F7, 0xC5F7,
    0xC5F7, 0xC5F7, 0xC5F7, 0xC5F7, 0xC5F7, 0xC5F7, 0xC5F7, 0xC5F7,
    0xC5F7, 0xC5F7, 0xC5F7, 0xC5F7, 0xC5F7, 0xC5F7, 0xC5F7, 0xC5F7,
    0xC5F7, 0xC5F7, 0xC5F7, 0xC5F7, 0xC5F7, 0xC5F7, 0xC5F7, 0xC5F7,
    0xC5F7, 0xC5F7, 0xC5F7, 0xC5D7, 0xC5D7, 0xC5F7, 0xC5D7, 0xC5F7,
    0xC5F7, 0xC5F7, 0xC5F7, 0xC5F7, 0xC5F7, 0xC5F7, 0xCE18, 0xCE17,
    0xC46F, 0x9AA6, 0xAAE7, 0xAAC7, 0x9266, 0x8A46, 0x7A25, 0x8225,
    0x8A66, 0x9286, 0x8205, 0xA2C7, 0x9AA7, 0xAAE7, 0xC3CB, 0xD4F0,
    0xD617, 0xC5F7, 0xC5F7, 0xCDF7, 0xCDF7, 0xC5F7, 0xC5D7, 0xC5F7,
    0xC5D7, 0xC5D7, 0xC5D7, 0xC5D7, 0xC5D7, 0xC5D7, 0xC5D7, 0xC5D7,
    0xC5D7, 0xC5D7, 0xC5D7, 0xC5D7, 0xC5D7, 0xC5F7, 0xC5F7, 0xC5D7,
    0xC5D7, 0xC5D7, 0xC5D7, 0xC5F7, 0xCDF7, 0xCDF7, 0xCDF7, 0xCDF7,
    0xCDF7, 0xCDF7, 0xCDF7, 0xCDF7, 0xCDF7, 0xCDF7, 0xCDF7, 0xCDF7,
    0xCDF7, 0xCDF7, 0xCDF7, 0xCDF6, 0xCDF7, 0xCDF7, 0xCDF7, 0xCDF7,
    0xCDF7, 0xCDF7, 0xCDF7, 0xCDF7, 0xCDF7, 0xCDF7, 0xCE17, 0xCDF7,
    0xCDF7, 0xCDF7, 0xCDF7, 0xCDF7, 0xCDF6, 0xCDF6, 0xCDF6, 0xCDF6,
    0xD4AB, 0xD4AB, 0xD4AB, 0xD4AB, 0xD4AB, 0xD4AB, 0xD4AB, 0xD4AB,
    0xD4AB, 0xD4AB, 0xD4AB, 0xD4AB, 0xD4AB, 0xD4AB, 0xD4AB, 0xD4AB,
    0xD4AB, 0xD4AB, 0xD4AB, 0xD48B, 0xD48B, 0xD48B, 0xD48B, 0xD48B,
    0xD48B, 0xCC8B, 0xCC8B, 0xCC8B, 0xCC8B, 0xCC8B, 0xCC8B, 0xCC8B,
    0xCC8B, 0xCC8B, 0xCC8B, 0xCC8B, 0xCC8B, 0xCC8B, 0xCC8B, 0xCC8B,
    0xCC8B, 0xCC8C, 0xCC8C, 0xCC8C, 0xCC8C, 0xC48C, 0xC48C, 0xC48C,
    0xC48C, 0xC48C, 0xC48C, 0xC46C, 0xC46C, 0xC46C, 0xC48C, 0xC48D,
    0xC46D, 0xC46C, 0xC46C, 0xBC6C, 0xBC6C, 0xBC4C, 0xB40B, 0xB3EA,
    0xABC9, 0xABA8, 0xAB67, 0xAB67, 0xAB67, 0xB367, 0xB367, 0xB367,
    0xB3A9, 0xBC0C, 0xBC8F, 0xBCF1, 0xC554, 0xC595, 0xC5F7, 0xD5D6,
    0xA329, 0x7A05, 0xB349, 0x9AA7, 0x8A25, 0x6983, 0x5122, 0x40C1,
    0x30A0, 0x4901, 0x5922, 0x5922, 0x50E1, 0x6142, 0x6122, 0x6101,
    0x48C1, 0x40C1, 0x79A3, 0x71A3, 0x6963, 0x5122, 0x6163, 0x6963,
    0x71C4, 0x79E4, 0x69A3, 0x8AA7, 0xCDB5, 0xCE18, 0xCE18, 0xCE18,
    0xCE18, 0xCDF8, 0xCDF7, 0xC5F7, 0xC5F7, 0xC5F7, 0xC5F7, 0xC5F7,
    0xC5F7, 0xC5F7, 0xC5F7, 0xC5F7, 0xC5F7, 0xC5F7, 0xC5F7, 0xC5F7,
    0xC5F7, 0xC5F7, 0xC5F7, 0xC5F7, 0xC5F7, 0xC5F7, 0xC5F7, 0xC5F7,
    0xC5F7, 0xC5F7, 0xC5F7, 0xC5F7, 0xC5F7, 0xC5F7, 0xC5F7, 0xC5F7,
    0xC5F7, 0xC5F7, 0xC5F7, 0xC5F7, 0xC5F7, 0xC5F7, 0xC5F7, 0xC5F7,
    0xC5F7, 0xC5F7, 0xC5F7, 0xC5F7, 0xC5F7, 0xC617, 0xCD53, 0xA36A,
    0x9266, 0x8A45, 0xA2C7, 0xAAE8, 0x8225, 0x6184, 0x79E5, 0x8A45,
    0x8225, 0x8225, 0x61A4, 0x9266, 0xB308, 0x9266, 0x9266, 0xB308,
    0xCC6E, 0xCDD6, 0xC5F7, 0xCDD6, 0xCDF7, 0xC5F7, 0xC5F7, 0xC5F7,
    0xC5F7, 0xC5F7, 0xC5F7, 0xC5D7, 0xC5D7, 0xC5D7, 0xC5D7, 0xC5D7,
    0xC5D7, 0xC5D7, 0xC5F7, 0xC5F7, 0xC5F7, 0xC5F7, 0xC5D7, 0xC5D7,
    0xC5D7, 0xC5D7, 0xC5F7, 0xC5F7, 0xCDF7, 0xCDF7, 0xC5F7, 0xCDF7,
    0xCDF7, 0xCDF7, 0xCDF7, 0xCDF7, 0xCDF7, 0xCDF7, 0xCDF7, 0xCDF7,
    0xCDF7, 0xCDF7, 0xCDF7, 0xCDF7, 0xCDF7, 0xCDF7, 0xCDF7, 0xCDF7,
    0xCDF7, 0xCDF7, 0xCDF7, 0xCE17, 0xCDF7, 0xCE17, 0xCE17, 0xCDF7,
    0xCDF7, 0xCDF7, 0xCDF7, 0xCDF7, 0xCDF6, 0xCDF6, 0xCDF6, 0xCDF6,
    0xD4AC, 0xCCAC, 0xD4AC, 0xD4AC, 0xD4AC, 0xD4AB, 0xD4AB, 0xD4AB,
    0xD4AB, 0xD4AB, 0xD4AB, 0xD4AB, 0xD4AB, 0xD4AB, 0xD4AB, 0xD4AB,
    0xD48B, 0xD48B, 0xD48B, 0xD48B, 0xD48B, 0xD48B, 0xD48B, 0xD48A,
    0xD48A, 0xD48A, 0xD48A, 0xD46A, 0xCC6A, 0xCC6A, 0xCC6A, 0xCC8A,
    0xD48A, 0xCC6A, 0xCC6A, 0xCC6A, 0xCC8A, 0xCC8A, 0xCC6A, 0xCC6A,
    0xCC6A, 0xCC6A, 0xCC6A, 0xCC6B, 0xCC6B, 0xC46B, 0xC46B, 0xC46B,
    0xC46B, 0xC46B, 0xC46B, 0xC46B, 0xC46B, 0xC46B, 0xC46B, 0xC46B,
    0xC46B, 0xC46B, 0xC46B, 0xC46C, 0xBC4B, 0xBC2B, 0xB40A, 0xB3C9,
    0xABA8, 0xAB88, 0xAB67, 0xAB67, 0xB367, 0xB367, 0xB367, 0xB367,
    0xB3A9, 0xBC2C, 0xBC8F, 0xBCF2, 0xC554, 0xC595, 0xC5F7, 0xCD94,
    0xBBCB, 0xAB28, 0xBB69, 0x9245, 0x7183, 0x5942, 0x40E1, 0x40E1,
    0x38C1, 0x5101, 0x50E1, 0x50E1, 0x50E1, 0x5901, 0x48E1, 0x50E1,
    0x48A0, 0x48E1, 0x6962, 0x5122, 0x6963, 0x6142, 0x5101, 0x6142,
    0x81E4, 0x9A65, 0x71C4, 0x71E5, 0xC533, 0xCE18, 0xC5F7, 0xCE18,
    0xC5F7, 0xCE18, 0xC5F7, 0xC5F7, 0xC5F7, 0xC5F7, 0xC5F7, 0xC5F7,
    0xC5F7, 0xC5F7, 0xC5F7, 0xC5F7, 0xC5F7, 0xC5F7, 0xC5F7, 0xC5F7,
    0xC5F7, 0xC5F7, 0xC5F7, 0xC5F7, 0xC5F7, 0xC5F7, 0xC5F7, 0xC5F7,
    0xC5F7, 0xC5F7, 0xC5F7, 0xC5F7, 0xC5F7, 0xC5F7, 0xC5F7, 0xC5F7,
    0xC5F7, 0xC5F7, 0xC5F7, 0xC5D7, 0xC5F7, 0xC5F7, 0xC5F7, 0xC5F7,
    0xC5F7, 0xC5F7, 0xC5F7, 0xCDF7, 0xCE17, 0xC4F1, 0x9286, 0x69C4,
    0x8225, 0x79E4, 0x9245, 0x9246, 0x79E4, 0x69A4, 0x79E4, 0x71A3,
    0x8204, 0x81E4, 0x8A25, 0xA2C7, 0xA2A7, 0xA2C7, 0xAAC7, 0x9245,
    0x8A04, 0xB38A, 0xD573, 0xCDF7, 0xCDF7, 0xC5F7, 0xC5F7, 0xC5F7,
    0xC5F7, 0xC5F7, 0xC5F7, 0xC5D7, 0xC5D7, 0xC5D7, 0xC5D7, 0xC5D7,
    0xC5D7, 0xC5D7, 0xC5F7, 0xC5F7, 0xC5F7, 0xC5F7, 0xC5D7, 0xC5D7,
    0xC5D7, 0xC5F7, 0xC5F7, 0xC5F7, 0xCDF7, 0xC5F7, 0xCDF7, 0xCDF7,
    0xCDF7, 0xCDF7, 0xCDF7, 0xCDF7, 0xCDF7, 0xCDF7, 0xCDF7, 0xCDF7,
    0xCDF7, 0xCDF7, 0xCDF7, 0xCDF7, 0xCDF7, 0xCDF7, 0xCDF7, 0xCDF7,
    0xCDF7, 0xCDF7, 0xCDF7, 0xCDF7, 0xCDF7, 0xCE17, 0xCDF7, 0xCDF7,
    0xCDF7, 0xCDF7, 0xCDF7, 0xCDF7, 0xCDF6, 0xCDF6, 0xCDF6, 0xCDF6,
    0xCCAC, 0xCCAC, 0xCCAC, 0xD4AC, 0xD4AC, 0xD4AC, 0xD4AC, 0xD4AC,
    0xD4AC, 0xD4AC, 0xD4AC, 0xD4AC, 0xD4AC, 0xD4AC, 0xD4AB, 0xD4AB,
    0xD48B, 0xD48B, 0xD48B, 0xD48B, 0xD48B, 0xD48B, 0xD48B, 0xD48B,
    0xD48B, 0xD48B, 0xD48B, 0xCC8A, 0xCC8A, 0xCC6A, 0xCC8A, 0xCC8A,
    0xCC8A, 0xCC6A, 0xCC6A, 0xCC6A, 0xCC8A, 0xCC6A, 0xCC6A, 0xCC6A,
    0xCC6A, 0xCC6A, 0xCC4A, 0xCC4A, 0xCC4A, 0xCC4A, 0xC44A, 0xC44A,
    0xC44A, 0xC44A, 0xC44A, 0xC44A, 0xC44A, 0xC44A, 0xC44A, 0xC44A,
    0xC44B, 0xC44B, 0xC44B, 0xC44B, 0xC44B, 0xBC2A, 0xBC0A, 0xB3C9,
    0xABA8, 0xAB87, 0xAB67, 0xAB67, 0xB367, 0xB367, 0xB387, 0xB387,
    0xB3C9, 0xBC2C, 0xBC8F, 0xBCF2, 0xC554, 0xC596, 0xC5F7, 0xCD53,
    0xC3CA, 0xB349, 0x9A86, 0x71A3, 0x5922, 0x48E1, 0x3081, 0x38A1,
    0x40C1, 0x50E1, 0x5101, 0x48C1, 0x3060, 0x40C1, 0x5102, 0x5942,
    0x50E1, 0x5102, 0x6142, 0x5101, 0x5922, 0x6121, 0x5921, 0x6962,
    0x81C3, 0x8A04, 0x79E4, 0x7183, 0xB3ED, 0xCE18, 0xC5F7, 0xCDF8,
    0xCDF8, 0xCDF7, 0xC5F7, 0xC5F7, 0xC5F7, 0xC5F7, 0xC5F7, 0xC5F7,
    0xC5F7, 0xC5F7, 0xC5F7, 0xC5F7, 0xC5F7, 0xC5F7, 0xC5F7, 0xC5F7,
    0xC5F7, 0xC5F7, 0xC5F7, 0xC5F7, 0xC5F7, 0xC5F7, 0xC5F7, 0xC5F7,
    0xC5D7, 0xC5F7, 0xC5F7, 0xC5F7, 0xC5F7, 0xC5F7, 0xC5F7, 0xC5F7,
    0xC5F7, 0xC5F7, 0xC5F7, 0xC5F7, 0xC5F7, 0xC5F7, 0xC5F7, 0xC5F7,
    0xC5F7, 0xC5F7, 0xC5F7, 0xCE18, 0xC595, 0xA2E7, 0x8A66, 0x8A66,
    0x9A86, 0x9245, 0x81E4, 0x79E5, 0x71C4, 0x9245, 0x6983, 0x6162,
    0x79C4, 0xA286, 0xA2A6, 0x8205, 0x8205, 0xA286, 0x9245, 0x8204,
    0x69A4, 0x8A25, 0xB38A, 0xCD95, 0xCDD6, 0xC5F7, 0xC5F7, 0xC5F7,
    0xC5F7, 0xC5F7, 0xC5F7, 0xC5D7, 0xC5D7, 0xC5D7, 0xC5D7, 0xC5D7,
    0xC5D7, 0xC5D7, 0xC5D7, 0xC5D7, 0xC5F7, 0xC5D7, 0xC5D7, 0xC5D7,
    0xC5D7, 0xC5F7, 0xC5F7, 0xCDF7, 0xCDF7, 0xC5F7, 0xC5F7, 0xCDF7,
    0xCDF7, 0xCDF7, 0xCDF7, 0xCDF7, 0xCDF7, 0xCDF7, 0xCDF7, 0xCDF7,
    0xCDF7, 0xCDF7, 0xCDF7, 0xCDF7, 0xCDF7, 0xCDF7, 0xCDF7, 0xCDF7,
    0xCDF7, 0xCDF7, 0xCDF7, 0xCDF7, 0xCDF7, 0xCE17, 0xCE17, 0xCDF7,
    0xCDF7, 0xCDF7, 0xCDF7, 0xCDF7, 0xCDF6, 0xCDF6, 0xCDF6, 0xCDF6,
    0xCCAC, 0xCCAC, 0xCCAC, 0xCCAC, 0xCCAC, 0xCCAC, 0xD4AC, 0xD4AC,
    0xD4AC, 0xD4AC, 0xD4AC, 0xD4AC, 0xD4AC, 0xD4AC, 0xD4AC, 0xD4AB,
    0xD48B, 0xD48B, 0xCC8B, 0xD48B, 0xD48B, 0xD48B, 0xCC8B, 0xCCAC,
    0xD48B, 0xD48B, 0xCC8B, 0xCC8B, 0xCC8B, 0xCC8B, 0xCC8B, 0xCC8B,
    0xCC8B, 0xCC8B, 0xCC8B, 0xCC8B, 0xCC8B, 0xCC8B, 0xCC6A, 0xCC6A,
    0xCC6A, 0xCC6A, 0xCC4A, 0xCC4A, 0xCC4A, 0xC44A, 0xC44A, 0xC44A,
    0xC44A, 0xC44A, 0xC44A, 0xC44A, 0xC44A, 0xC44A, 0xC44A, 0xC44A,
    0xC44A, 0xC44A, 0xC44A, 0xC44A, 0xC44A, 0xC42A, 0xBC09, 0xB3C8,
    0xAB87, 0xAB67, 0xAB67, 0xAB67, 0xB367, 0xB387, 0xB387, 0xB387,
    0xBBC9, 0xBC4C, 0xBC8F, 0xBD12, 0xC554, 0xC596, 0xC5B6, 0xD46D,
    0xCBEA, 0x9A86, 0x7183, 0x6983, 0x5922, 0x40C1, 0x38A1, 0x6142,
    0x5901, 0x5901, 0x40C1, 0x40C1, 0x38C1, 0x38A1, 0x48E1, 0x5101,
    0x5922, 0x6122, 0x5922, 0x48C1, 0x38A0, 0x50E1, 0x48C0, 0x48C1,
    0x6162, 0x81E4, 0x69A3, 0x6163, 0xA309, 0xCDF7, 0xCDF8, 0xCDF8,
    0xCDF8, 0xCDF7, 0xC5F7, 0xC5F7, 0xC5F7, 0xC5F7, 0xC5F7, 0xC5F7,
    0xC5F7, 0xC5F7, 0xC5F7, 0xC5F7, 0xC5F7, 0xC5F7, 0xC5F7, 0xC5F7,
    0xC5F7, 0xC5F7, 0xC5F7, 0xC5F7, 0xC5F7, 0xC5D7, 0xC5F7, 0xC5F7,
    0xC5D7, 0xC5F7, 0xC5F7, 0xC5F7, 0xC5F7, 0xC5F7, 0xC5F7, 0xC5F7,
    0xC5F7, 0xC5F7, 0xC5F7, 0xC5F7, 0xCDF7, 0xC5F7, 0xCDF7, 0xC5F7,
    0xC5F7, 0xC5F7, 0xCDD6, 0xCDF6, 0xABCC, 0x8204, 0x8A66, 0x9AA7,
    0x9A87, 0x9A86, 0x6983, 0x6163, 0x71C4, 0x9245, 0x6983, 0x6142,
    0x71A3, 0xA286, 0x79E4, 0x69C4, 0x71C4, 0x8A25, 0x9225, 0x81E4,
    0x6184, 0x8225, 0x71E5, 0x92A7, 0xC533, 0xCE18, 0xC5F7, 0xC5F7,
    0xC5F7, 0xC5F7, 0xC5F7, 0xC5D7, 0xC5D7, 0xC5D7, 0xC5D7, 0xC5D7,
    0xC5D7, 0xC5D7, 0xC5D7, 0xC5D7, 0xC5F7, 0xC5D7, 0xC5D7, 0xC5F7,
    0xC5F7, 0xC5F7, 0xC5F7, 0xCDF7, 0xCDF7, 0xC5F7, 0xC5F7, 0xC5F7,
    0xCDF7, 0xCDF7, 0xCDF7, 0xCDF7, 0xCDF7, 0xCDF7, 0xCDF7, 0xCDF7,
    0xCDF7, 0xCDF7, 0xCDF7, 0xCDF7, 0xCDF7, 0xCDF7, 0xCDF7, 0xCDF7,
    0xCDF7, 0xCDF7, 0xCDF7, 0xCDF7, 0xCDF7, 0xCE17, 0xCDF7, 0xCDF7,
    0xCDF7, 0xCDF7, 0xCDF7, 0xCDF6, 0xCDF6, 0xCDF6, 0xCDF6, 0xCDF6,
    0xCCAC, 0xCCAC, 0xCCAC, 0xD4AC, 0xD4AC, 0xCCAC, 0xCCAC, 0xD4AC,
    0xD4AC, 0xD4AC, 0xD4AC, 0xCCAC, 0xD4AC, 0xD4AC, 0xD4AC, 0xCC8B,
    0xCC8B, 0xCC8B, 0xCC8B, 0xCC8B, 0xCC8C, 0xCCAC, 0xCCAC, 0xCCAC,
    0xCCAC, 0xCC8B, 0xCC8B, 0xCC8B, 0xCC8B, 0xCC8B, 0xCC8B, 0xCC8B,
    0xCC8B, 0xCC8B, 0xCC8B, 0xCC8B, 0xCC8B, 0xCC8B, 0xCC8B, 0xCC8B,
    0xCC6B, 0xCC6B, 0xCC6A, 0xCC4A, 0xC44A, 0xC44A, 0xC44A, 0xC44A,
    0xC44A, 0xC44A, 0xC44A, 0xC44A, 0xC44A, 0xC44A, 0xC44A, 0xC44A,
    0xC44A, 0xC44A, 0xC44A, 0xC44A, 0xC44A, 0xC42A, 0xBC09, 0xB3C8,
    0xB3A7, 0xAB67, 0xAB67, 0xAB67, 0xB387, 0xB387, 0xB387, 0xB387,
    0xB3C9, 0xBC4C, 0xBC8F, 0xBCF2, 0xC554, 0xC5B6, 0xCDD6, 0xCC4D,
    0xD3EA, 0x8A45, 0x4902, 0x5122, 0x5943, 0x40E1, 0x3080, 0x40A0,
    0x40A0, 0x48C0, 0x50E1, 0x2860, 0x38A1, 0x48C1, 0x40A1, 0x3880,
    0x2860, 0x48C1, 0x3880, 0x40C1, 0x48E1, 0x5901, 0x5101, 0x5101,
    0x5942, 0x6162, 0x5942, 0x6162, 0xA38C, 0xCE18, 0xC5D7, 0xC5F7,
    0xCDF7, 0xC5F7, 0xC5F7, 0xC5F7, 0xC5F7, 0xC5F7, 0xC5F7, 0xC5F7,
    0xC5F7, 0xC5F7, 0xC5F7, 0xC5F7, 0xC5F7, 0xC5F7, 0xCDF7, 0xC5F7,
    0xC5F7, 0xC5F7, 0xC5F7, 0xC5F7, 0xC5F7, 0xC5F7, 0xC5F7, 0xC5D7,
    0xC5F7, 0xC5F7, 0xC5F7, 0xC5F7, 0xC5F7, 0xC5F8, 0xC5F7, 0xC5F7,
    0xC5F7, 0xC5F7, 0xC5F7, 0xC5F7, 0xC5F7, 0xC5F7, 0xC5F7, 0xC5F7,
    0xC5F7, 0xC618, 0xCDB5, 0xA36A, 0x79C4, 0x71C4, 0x79E4, 0x9245,
    0x8A25, 0x79C4, 0x6962, 0x4902, 0x6162, 0x7183, 0x6142, 0x5922,
    0x6163, 0x81C4, 0x71A3, 0x69A3, 0x71A3, 0x8204, 0x79C4, 0x81E4,
    0x8A25, 0x8A25, 0x7A05, 0x7A05, 0xA34A, 0xC594, 0xC5D7, 0xC5F7,
    0xC5F7, 0xC5D7, 0xC5D7, 0xC5D7, 0xC5F7, 0xC5D7, 0xC5D7, 0xC5D7,
    0xC5D7, 0xC5D7, 0xC5D7, 0xC5D7, 0xC5F7, 0xC5D7, 0xC5F7, 0xC5F7,
    0xC5F7, 0xC5F7, 0xC5F7, 0xC5F7, 0xC5F7, 0xC5F7, 0xC5F7, 0xCDD7,
    0xCDF7, 0xCDD7, 0xCDF7, 0xCDF7, 0xCDF7, 0xCDF7, 0xCDF7, 0xCDD7,
    0xCDF7, 0xCDF7, 0xCDF7, 0xCDF7, 0xCDF7, 0xCDF7, 0xCDF7, 0xCDF7,
    0xCDF7, 0xCDF7, 0xCDF7, 0xCDF7, 0xCDF7, 0xCDF7, 0xCDF7, 0xCDF7,
    0xCDF7, 0xCDF7, 0xCDF7, 0xCDF6, 0xCDF6, 0xCDF6, 0xCDF6, 0xCDF6,
    0xCC8C, 0xCCAC, 0xD4AC, 0xD4AC, 0xD4AC, 0xD4AC, 0xCCAC, 0xD4AC,
    0xD4AC, 0xD4AC, 0xD4AC, 0xCCAC, 0xCCAC, 0xCCAC, 0xCCAC, 0xCC8B,
    0xCC8B, 0xCC8C, 0xCC8C, 0xCC8C, 0xCC8C, 0xCC8C, 0xCCAC, 0xCCAC,
    0xCC8C, 0xCC8B, 0xCC8B, 0xCC8B, 0xCC8C, 0xCC8C, 0xCC8C, 0xCC8C,
    0xCC8C, 0xCC8C, 0xCC8B, 0xCC8B, 0xCC8B, 0xCC8B, 0xCC8B, 0xCC8B,
    0xCC8B, 0xCC6B, 0xCC6B, 0xC44B, 0xC44B, 0xC44A, 0xC44B, 0xC44B,
    0xC44B, 0xC44B, 0xC44B, 0xC44B, 0xC44B, 0xC44A, 0xC44A, 0xC44A,
    0xC44A, 0xC44A, 0xC44A, 0xC44A, 0xC44A, 0xC44A, 0xBC09, 0xB3E8,
    0xB3A8, 0xAB87, 0xAB87, 0xB387, 0xB387, 0xB387, 0xB387, 0xB387,
    0xB3C9, 0xBC2C, 0xBC8F, 0xBD12, 0xC554, 0xC5B6, 0xC533, 0xC3EB,
    0xC3AA, 0x8204, 0x4902, 0x48E2, 0x4902, 0x40C1, 0x40A0, 0x2860,
    0x3880, 0x40A0, 0x3060, 0x30A0, 0x40A1, 0x3880, 0x2860, 0x2860,
    0x2060, 0x3080, 0x2860, 0x38C1, 0x4901, 0x50E1, 0x48C1, 0x48C1,
    0x40C1, 0x5122, 0x5122, 0x6183, 0xAB49, 0xCD95, 0xC5F7, 0xC5F7,
    0xC5F7, 0xC5F7, 0xC5F7, 0xC5F7, 0xC5F7, 0xC5F7, 0xC5F7, 0xC5F7,
    0xC5F7, 0xC5F7, 0xC5F7, 0xC5F7, 0xC5F7, 0xC5F7, 0xC5F7, 0xC5F7,
    0xC5F7, 0xC5F7, 0xC5F7, 0xC5D7, 0xC5F7, 0xC5F7, 0xC5F7, 0xC5D7,
    0xC5F7, 0xC5F7, 0xC5F7, 0xC5F7, 0xC5F7, 0xC5F7, 0xC5F7, 0xC5F7,
    0xC5F7, 0xC5F7, 0xC5F7, 0xC5F7, 0xC5F7, 0xCDF7, 0xC5F7, 0xC5F7,
    0xC5F7, 0xC618, 0xC575, 0x8225, 0x6983, 0x79E4, 0x71C4, 0x81E4,
    0x7183, 0x6142, 0x5942, 0x5922, 0x7183, 0x40E1, 0x5922, 0x6163,
    0x6983, 0x5922, 0x6163, 0x71A3, 0x79C4, 0x79C4, 0x8205, 0x9246,
    0x9266, 0x9266, 0x8225, 0x7205, 0x8225, 0xB40D, 0xC5D6, 0xC5F7,
    0xC5D7, 0xC5D7, 0xC5F7, 0xC5F7, 0xC5F7, 0xC5F7, 0xC5D7, 0xC5D7,
    0xC5D7, 0xC5D7, 0xC5D7, 0xC5F7, 0xC5D7, 0xC5D7, 0xC5F7, 0xC5F7,
    0xCDF7, 0xCDF7, 0xCDF7, 0xC5F7, 0xCDF7, 0xCDF7, 0xC5F7, 0xCDD7,
    0xCDD7, 0xC5D7, 0xC5D7, 0xCDF7, 0xCDF7, 0xCDF7, 0xC5F7, 0xC5D7,
    0xC5D7, 0xC5D6, 0xC5D6, 0xCDD6, 0xCDD7, 0xCDD7, 0xCDD7, 0xCDD7,
    0xCDD7, 0xCDF7, 0xCDF7, 0xCDF7, 0xCDF7, 0xCDF7, 0xCDF7, 0xCDF7,
    0xCDF7, 0xCDF7, 0xCDF7, 0xCDF7, 0xCDF6, 0xCDF6, 0xCDF6, 0xCDF6,
    0xCC8B, 0xCC8B, 0xD4AB, 0xD4AB, 0xD4AB, 0xD4AC, 0xD4AB, 0xD4AB,
    0xD4AB, 0xD4AB, 0xD4AC, 0xCCAC, 0xCCAC, 0xCCAC, 0xCC8C, 0xCC8B,
    0xCC8C, 0xCC8C, 0xCC8C, 0xCC8C, 0xCC8C, 0xCC8C, 0xCC8C, 0xCC8C,
    0xCC8C, 0xCC8C, 0xCC8C, 0xCC8C, 0xCC8C, 0xCC8C, 0xCC8C, 0xCC8C,
    0xCC8C, 0xCC8C, 0xCC8C, 0xCC8C, 0xCC8C, 0xCC8C, 0xCC8B, 0xCC8B,
    0xCC8B, 0xCC8B, 0xCC6B, 0xC46B, 0xC44B, 0xC44B, 0xC44B, 0xC44B,
    0xC44B, 0xC46B, 0xC46B, 0xC46B, 0xC44B, 0xC44B, 0xC44B, 0xC44B,
    0xC44B, 0xC44B, 0xC44A, 0xC44A, 0xC44A, 0xC42A, 0xBC09, 0xB3C9,
    0xB3A8, 0xABA7, 0xAB87, 0xAB87, 0xB387, 0xB387, 0xB387, 0xB387,
    0xB3C9, 0xBC2C, 0xBC8F, 0xBD12, 0xC554, 0xC5B6, 0xC595, 0xAB6A,
    0xAB08, 0x79C3, 0x4902, 0x38C1, 0x40E1, 0x40A0, 0x2860, 0x2040,
    0x2840, 0x38A0, 0x3080, 0x38A0, 0x40A0, 0x2860, 0x2860, 0x1820,
    0x2860, 0x30A0, 0x2860, 0x2880, 0x48E1, 0x48C1, 0x50E1, 0x40A0,
    0x40C1, 0x48E1, 0x5122, 0x71A3, 0xA38B, 0xCDF7, 0xC5F7, 0xC5F7,
    0xC5F7, 0xC5F7, 0xC5F7, 0xC5F7, 0xC5F7, 0xC5F7, 0xC5D7, 0xC5F7,
    0xC5F7, 0xC5F7, 0xC5F7, 0xC5F7, 0xC5F7, 0xC5F7, 0xC5F7, 0xC5F7,
    0xC5F7, 0xC5D7, 0xC5F7, 0xC5D7, 0xC5F7, 0xC5F7, 0xC5F7, 0xC5F7,
    0xC5D7, 0xC5D7, 0xC5D7, 0xC5D7, 0xC5D7, 0xC5F7, 0xC5F7, 0xC5F7,
    0xC5F7, 0xC5F7, 0xC5F7, 0xC5F7, 0xC5F7, 0xC5F7, 0xC5F7, 0xC5F7,
    0xC5F7, 0xC617, 0xB46F, 0x81E4, 0x71C4, 0x71C4, 0x6163, 0x5922,
    0x50E1, 0x5102, 0x5122, 0x6142, 0x4901, 0x40E1, 0x5102, 0x4902,
    0x5102, 0x5122, 0x79C4, 0x79E4, 0x79E4, 0x79C4, 0x8A05, 0x9246,
    0x8A46, 0x8205, 0x61A4, 0x5984, 0x71E5, 0xA2E8, 0xC574, 0xC5F7,
    0xC5D7, 0xC5D7, 0xC5F7, 0xC5F7, 0xC5F7, 0xC5F7, 0xC5F7, 0xC5D7,
    0xC5D7, 0xC5F7, 0xC5D7, 0xC5D7, 0xC5D7, 0xC5D7, 0xC5F7, 0xC5F7,
    0xCDF7, 0xCDF7, 0xCDF7, 0xCDF7, 0xCDF7, 0xCDF7, 0xC5F7, 0xC5F7,
    0xC5D7, 0xC5D7, 0xC5D7, 0xC5D7, 0xC5D7, 0xC5D7, 0xC5D6, 0xC5B6,
    0xC5B6, 0xC595, 0xC595, 0xC595, 0xC595, 0xC595, 0xC595, 0xC595,
    0xC5B5, 0xC5B6, 0xC5B6, 0xC5B6, 0xC5B5, 0xC5B6, 0xCDB6, 0xCDB6,
    0xCDD6, 0xCDD6, 0xCDD6, 0xCDD6, 0xCDD6, 0xCDD6, 0xCDD6, 0xCDD6,
    0xCC6A, 0xCC6A, 0xCC8A, 0xCC8B, 0xCC8B, 0xD48B, 0xD48B, 0xD48B,
    0xD48B, 0xD48B, 0xCC8B, 0xCC8B, 0xCC8B, 0xCC8B, 0xCC8B, 0xCC8B,
    0xCC8B, 0xCC8B, 0xCC8B, 0xCC8B, 0xCC8B, 0xC48C, 0xC48B, 0xC48C,
    0xC48C, 0xCC8C, 0xCC8C, 0xCC6C, 0xCC6C, 0xCC8C, 0xCC8C, 0xCC8C,
    0xCC8B, 0xCC8B, 0xCC6B, 0xCC6C, 0xCC8C, 0xCC8C, 0xCC8C, 0xCC8B,
    0xCC6B, 0xCC6B, 0xCC6B, 0xC46B, 0xC46B, 0xC46B, 0xC46B, 0xC46B,
    0xC46B, 0xC46B, 0xC46B, 0xC46B, 0xC46B, 0xC46B, 0xC46B, 0xC46B,
    0xC44B, 0xC44B, 0xC44B, 0xC44B, 0xC44B, 0xBC2A, 0xBC09, 0xB3E9,
    0xB3C8, 0xB3A8, 0xABA8, 0xAB87, 0xB3A7, 0xB387, 0xB387, 0xB387,
    0xB3C9, 0xBC2C, 0xBC8F, 0xBD12, 0xC574, 0xC5B6, 0xCDF7, 0xB40D,
    0x9265, 0x71A3, 0x5922, 0x48E1, 0x40C1, 0x3880, 0x2040, 0x1020,
    0x1840, 0x2040, 0x3080, 0x38A1, 0x3080, 0x2040, 0x1840, 0x2040,
    0x2040, 0x2880, 0x2860, 0x2860, 0x40A0, 0x38A0, 0x3880, 0x3080,
    0x40C1, 0x40A0, 0x5942, 0x79C3, 0xB4B1, 0xC618, 0xC5D7, 0xC5F7,
    0xC5F7, 0xC5F7, 0xC5F7, 0xC5F7, 0xC5F7, 0xC5F7, 0xC5F7, 0xC5F7,
    0xC5F7, 0xC5F7, 0xC5F7, 0xC5F7, 0xC5F7, 0xC5F7, 0xC5F7, 0xC5F7,
    0xC5F7, 0xC5F7, 0xC5F7, 0xC5F7, 0xC5F7, 0xC5F7, 0xC5F7, 0xC5F7,
    0xC5D7, 0xC5D7, 0xC5D7, 0xC5D7, 0xC5D7, 0xC5F7, 0xC5D7, 0xC5F7,
    0xC5F7, 0xC5F7, 0xC5F7, 0xC5F7, 0xC5F7, 0xC5F7, 0xCDF7, 0xC5F7,
    0xC5F7, 0xC5B6, 0xA329, 0x79C4, 0x79E4, 0x71A3, 0x6142, 0x48E1,
    0x40C1, 0x5102, 0x5922, 0x50E1, 0x3080, 0x40C1, 0x2860, 0x5102,
    0x6163, 0x6163, 0x5122, 0x6142, 0x71A3, 0x6163, 0x79C4, 0x79E4,
    0x69A3, 0x71C4, 0x79E5, 0x69A4, 0x71E5, 0x8225, 0xC512, 0xC618,
    0xC5F7, 0xC5F7, 0xC5F7, 0xC5F7, 0xC5D7, 0xC5D7, 0xC5D7, 0xC5D7,
    0xC5D7, 0xC5D7, 0xC5F7, 0xC5D7, 0xC5D7, 0xC5F7, 0xC5F7, 0xCDF7,
    0xCDF7, 0xCDF7, 0xC5F7, 0xC5F7, 0xCDF7, 0xC5F7, 0xC5F7, 0xC5F7,
    0xC5D7, 0xC5D7, 0xC5D7, 0xC5D7, 0xC5D7, 0xC5B6, 0xC5B5, 0xC595,
    0xC575, 0xBD74, 0xBD54, 0xBD54, 0xC554, 0xC554, 0xBD54, 0xC554,
    0xC554, 0xC574, 0xC574, 0xC574, 0xC574, 0xC574, 0xC574, 0xC574,
    0xC574, 0xC574, 0xC594, 0xCD94, 0xCD95, 0xCD95, 0xCD95, 0xCDB5,
    0xC449, 0xC449, 0xC449, 0xCC49, 0xCC4A, 0xCC6A, 0xCC6A, 0xCC6A,
    0xD46A, 0xCC6A, 0xCC6A, 0xCC6A, 0xCC6A, 0xCC6A, 0xCC6A, 0xCC6A,
    0xCC6A, 0xCC4A, 0xCC6A, 0xC46A, 0xC46B, 0xC46B, 0xC46B, 0xC46B,
    0xC46B, 0xC46B, 0xC46B, 0xCC6B, 0xCC6B, 0xCC6B, 0xCC6B, 0xCC6B,
    0xCC6B, 0xCC6B, 0xCC6B, 0xCC6B, 0xC46B, 0xCC6B, 0xCC8B, 0xCC6B,
    0xC46B, 0xC46B, 0xC46B, 0xC46B, 0xC46B, 0xC46B, 0xC46B, 0xC46B,
    0xC46B, 0xC46B, 0xC46B, 0xC46B, 0xC46B, 0xC46B, 0xC46B, 0xC46B,
    0xC46B, 0xC46B, 0xC46B, 0xC44B, 0xC44B, 0xBC2A, 0xBC0A, 0xB3E9,
    0xB3C8, 0xB3A8, 0xABA8, 0xABA8, 0xB3A7, 0xB387, 0xB387, 0xB387,
    0xB3C9, 0xBC2C, 0xBC8F, 0xBCF2, 0xC554, 0xC596, 0xCE18, 0xCD32,
    0x9245, 0x7183, 0x5922, 0x5101, 0x50E1, 0x3080, 0x2040, 0x1000,
    0x1820, 0x3060, 0x3080, 0x3080, 0x2040, 0x2040, 0x1820, 0x1820,
    0x2040, 0x2040, 0x1840, 0x2860, 0x2840, 0x2840, 0x2040, 0x48E1,
    0x5901, 0x5901, 0x5922, 0x8A25, 0xBCB1, 0xC5F8, 0xC5F7, 0xC5F7,
    0xC5F7, 0xC5F7, 0xC5F7, 0xC5F7, 0xC5F7, 0xCDF8, 0xC5F7, 0xC5F7,
    0xC5F7, 0xC5F7, 0xC5F7, 0xCDF8, 0xCDF8, 0xC5F8, 0xCDF7, 0xC5F7,
    0xC5F7, 0xC5D7, 0xC5F7, 0xC5F7, 0xC5F7, 0xC5F7, 0xC5F7, 0xC5F7,
    0xC5F7, 0xC5D7, 0xC5D7, 0xC5D7, 0xC5D7, 0xC5D7, 0xC5D7, 0xC5D7,
    0xC5F7, 0xC5F7, 0xC5F7, 0xC5F7, 0xC5F7, 0xC5F7, 0xC5F7, 0xC5F7,
    0xC5F7, 0xBCB1, 0x8205, 0x79C4, 0x79A3, 0x6962, 0x5101, 0x48E1,
    0x30A1, 0x5101, 0x5901, 0x5101, 0x40C1, 0x2860, 0x48E1, 0x5122,
    0x5102, 0x3081, 0x3080, 0x5921, 0x5102, 0x40E1, 0x5942, 0x71A3,
    0x71A3, 0x6983, 0x8205, 0x71C4, 0x8225, 0x79C4, 0xABED, 0xCE18,
    0xC5D7, 0xC5F7, 0xC5F7, 0xC5F7, 0xC5D7, 0xC5D7, 0xC5D7, 0xC5D7,
    0xC5D7, 0xC5D7, 0xC5F7, 0xC5D7, 0xC5D7, 0xC5F7, 0xC5F7, 0xC5F7,
    0xCDF7, 0xCDF7, 0xCDF7, 0xC5F7, 0xC5F7, 0xC5F7, 0xC5F7, 0xC5D7,
    0xC5D7, 0xC5D7, 0xC5D7, 0xC5D7, 0xC5D6, 0xC595, 0xBD74, 0xBD54,
    0xBD33, 0xBD12, 0xBCF2, 0xBCF2, 0xBD12, 0xBD12, 0xBCF2, 0xBCF2,
    0xBD12, 0xBD12, 0xC532, 0xC512, 0xC512, 0xC532, 0xC532, 0xC532,
    0xC532, 0xC532, 0xC532, 0xC532, 0xC553, 0xC553, 0xC553, 0xC553,
    0xBC28, 0xBC28, 0xC428, 0xC428, 0xC429, 0xCC29, 0xCC49, 0xCC49,
    0xCC49, 0xCC49, 0xCC49, 0xCC49, 0xCC49, 0xC449, 0xC449, 0xCC49,
    0xCC49, 0xC429, 0xC429, 0xBC49, 0xBC49, 0xBC4A, 0xBC4A, 0xBC4A,
    0xC44A, 0xC44A, 0xC44A, 0xC44A, 0xC44A, 0xCC4A, 0xCC4A, 0xCC4A,
    0xCC4A, 0xCC4A, 0xC44A, 0xC44A, 0xC44A, 0xC44B, 0xC46B, 0xC46B,
    0xC44B, 0xC46B, 0xC46B, 0xC46B, 0xC44B, 0xC44B, 0xC44B, 0xC46B,
    0xC46B, 0xC46B, 0xC46B, 0xC46B, 0xC46B, 0xC46B, 0xC46B, 0xC44B,
    0xC44B, 0xC44B, 0xC46B, 0xC44B, 0xBC4B, 0xBC2A, 0xB40A, 0xB3E9,
    0xB3C9, 0xABA8, 0xABA8, 0xABA8, 0xB3A7, 0xB3A7, 0xB387, 0xB387,
    0xB3C9, 0xBC2C, 0xBC8F, 0xC4F1, 0xC553, 0xC595, 0xCDD6, 0xC46E,
    0x9204, 0x6962, 0x6942, 0x6142, 0x50E1, 0x3880, 0x3060, 0x38C1,
    0x1840, 0x2860, 0x3880, 0x2860, 0x2040, 0x2040, 0x2040, 0x2840,
    0x2860, 0x2040, 0x1020, 0x2860, 0x2040, 0x2040, 0x1820, 0x48E0,
    0x6121, 0x6142, 0x6962, 0x71E5, 0xB513, 0xC5F8, 0xC5F7, 0xC5F7,
    0xC5F7, 0xC5F7, 0xC5F7, 0xC5F7, 0xC5F7, 0xCDF8, 0xC5F8, 0xC5F7,
    0xC5F7, 0xC5F8, 0xC5F8, 0xCDF8, 0xCDF8, 0xCE18, 0xCDF8, 0xC5F8,
    0xC5F7, 0xC5D7, 0xC5F7, 0xC5F7, 0xC5F7, 0xC5F7, 0xC5F7, 0xC5F7,
    0xC5D7, 0xC5D7, 0xC5D7, 0xC5D7, 0xC5D7, 0xC5F7, 0xC5D7, 0xC5D7,
    0xC5F7, 0xC5D7, 0xC5F7, 0xC5F7, 0xC5F7, 0xC5F7, 0xC5F7, 0xC5F7,
    0xCDD6, 0xAB6A, 0x7183, 0x6983, 0x7183, 0x5901, 0x5101, 0x50E1,
    0x38A0, 0x48E1, 0x48C1, 0x48E1, 0x30A0, 0x3080, 0x40C1, 0x30A0,
    0x38A0, 0x2060, 0x38A0, 0x2880, 0x38A1, 0x4902, 0x71C4, 0x79C4,
    0x5102, 0x6983, 0x8A25, 0x71E4, 0x8205, 0x6983, 0xA3CD, 0xCE38,
    0xC5D7, 0xC5F7, 0xC5F7, 0xC5F7, 0xC5D7, 0xC5D7, 0xC5D7, 0xC5D7,
    0xC5D7, 0xC5D7, 0xC5F7, 0xC5D7, 0xC5D7, 0xC5F7, 0xC5F7, 0xC5F7,
    0xC5F7, 0xC5F7, 0xC5F7, 0xC5D7, 0xC5D7, 0xC5D7, 0xC5D7, 0xC5D7,
    0xC5D7, 0xC5D7, 0xC5D7, 0xC5D7, 0xC5B6, 0xBD75, 0xBD34, 0xBD12,
    0xBCF1, 0xB4D1, 0xB4B0, 0xB4B0, 0xB4B0, 0xBCB0, 0xBCAF, 0xBCAF,
    0xBC8F, 0xBCB0, 0xBCB0, 0xBCD0, 0xBCD0, 0xC4D0, 0xC4D0, 0xC4D0,
    0xC4D0, 0xC4F0, 0xC4F0, 0xC4F1, 0xC4F1, 0xC4F1, 0xC511, 0xC511,
    0xB407, 0xB407, 0xBC07, 0xBC08, 0xC428, 0xC428, 0xC428, 0xCC28,
    0xCC28, 0xCC28, 0xCC28, 0xCC08, 0xC408, 0xC408, 0xC408, 0xC428,
    0xC408, 0xC408, 0xBC08, 0xBC08, 0xB408, 0xB408, 0xB408, 0xB409,
    0xBC09, 0xC429, 0xC429, 0xC429, 0xC409, 0xC429, 0xC429, 0xC429,
    0xC429, 0xC44A, 0xC44A, 0xC42A, 0xC42A, 0xC42A, 0xC42A, 0xC44A,
    0xC44A, 0xC44A, 0xC44A, 0xC44A, 0xC44A, 0xC44A, 0xC44A, 0xC44A,
    0xC44A, 0xC44A, 0xC44B, 0xC44B, 0xC44B, 0xC44B, 0xC44A, 0xC44A,
    0xC42A, 0xBC2A, 0xC44A, 0xC44A, 0xBC2A, 0xBC0A, 0xB3EA, 0xB3E9,
    0xABC9, 0xABA8, 0xABA8, 0xABA8, 0xB3A7, 0xB3A7, 0xB387, 0xB387,
    0xB3A9, 0xBC2C, 0xBC8F, 0xBCF1, 0xC533, 0xC575, 0xCD95, 0xC4F2,
    0x8A46, 0x48C1, 0x5122, 0x5922, 0x50E1, 0x3880, 0x40C1, 0x50E1,
    0x3080, 0x38A0, 0x2860, 0x1820, 0x2040, 0x2040, 0x1840, 0x2040,
    0x3880, 0x2040, 0x1840, 0x2860, 0x3080, 0x2860, 0x2860, 0x38A0,
    0x5101, 0x5921, 0x5921, 0x82C9, 0xCE18, 0xC5F7, 0xC5F7, 0xC5F7,
    0xC5F7, 0xC5F7, 0xC5F7, 0xC5F7, 0xC5F7, 0xC5F8, 0xC5F8, 0xC5F8,
    0xC5F8, 0xCDF8, 0xC5F8, 0xC618, 0xC5F7, 0xCDF8, 0xCE18, 0xCDF7,
    0xC5F7, 0xC5F7, 0xC5F7, 0xC5F7, 0xC5F7, 0xC5F7, 0xC5F8, 0xCDD7,
    0xC5D7, 0xC5F7, 0xC5D7, 0xC5F7, 0xC5F7, 0xC5F7, 0xC5F7, 0xC5D7,
    0xC5D7, 0xC5F7, 0xC5D7, 0xC5F7, 0xC5F7, 0xC5F7, 0xC5F7, 0xC5F7,
    0xCE39, 0xB490, 0x6962, 0x6163, 0x6962, 0x50E1, 0x40C1, 0x48C1,
    0x38A0, 0x3880, 0x38A0, 0x3080, 0x3080, 0x3080, 0x3080, 0x48C1,
    0x38A0, 0x3080, 0x48E1, 0x40E1, 0x4902, 0x71A3, 0x5963, 0x3081,
    0x38A1, 0x5922, 0x71A4, 0x8205, 0x9246, 0x71C4, 0xA38B, 0xCDF7,
    0xC5D7, 0xC5F7, 0xC5F7, 0xC5F7, 0xC5D7, 0xC5D7, 0xC5F7, 0xC5D7,
    0xC5D7, 0xC5D7, 0xC5D7, 0xC5D7, 0xC5F7, 0xC5F7, 0xC5F7, 0xC5F7,
    0xC5F7, 0xC5F7, 0xC5D7, 0xC5D7, 0xC5F7, 0xC5D7, 0xC5D7, 0xC5F7,
    0xC5D7, 0xC5D7, 0xC5D7, 0xC5D6, 0xC595, 0xBD34, 0xB4F2, 0xB4D1,
    0xB4B0, 0xB48F, 0xB46F, 0xB44E, 0xB44E, 0xB44E, 0xB44E, 0xB44D,
    0xBC4D, 0xBC4D, 0xBC6E, 0xBC6E, 0xBC6E, 0xBC6E, 0xBC8E, 0xBC8E,
    0xBC8E, 0xBC8E, 0xBC8E, 0xC48E, 0xC48F, 0xC4AE, 0xC4AF, 0xC4AF,
    0xA3C6, 0xABC6, 0xABE6, 0xB3E7, 0xB407, 0xBC07, 0xC407, 0xC408,
    0xC408, 0xC408, 0xC408, 0xC408, 0xC3E8, 0xC3E7, 0xC3E7, 0xC3E8,
    0xBBE8, 0xBBE7, 0xB3E7, 0xABE7, 0xABE7, 0xABE7, 0xABE7, 0xB3E8,
    0xB3E8, 0xBC08, 0xC408, 0xC3E8, 0xC3E8, 0xC3E8, 0xC3E8, 0xC408,
    0xC409, 0xC409, 0xC409, 0xC409, 0xC409, 0xC409, 0xC409, 0xC429,
    0xC429, 0xC429, 0xC429, 0xC429, 0xC429, 0xC42A, 0xC42A, 0xC42A,
    0xC42A, 0xC42A, 0xC42A, 0xC42A, 0xC42A, 0xC42A, 0xC42A, 0xC42A,
    0xBC2A, 0xBC2A, 0xBC2A, 0xBC2A, 0xBC2A, 0xBC0A, 0xB3E9, 0xABC9,
    0xABA8, 0xAB88, 0xAB88, 0xAB87, 0xB3A7, 0xB3A7, 0xB3A7, 0xB3A8,
    0xB3C9, 0xBC2C, 0xBC8F, 0xBCF1, 0xC533, 0xC575, 0xC5B6, 0xCE38,
    0xBC90, 0x7183, 0x6162, 0x5101, 0x50E1, 0x40C0, 0x40A0, 0x40A0,
    0x2860, 0x2040, 0x2040, 0x2040, 0x2040, 0x1820, 0x1820, 0x2040,
    0x2840, 0x2860, 0x2840, 0x48C0, 0x48C0, 0x58E0, 0x5900, 0x79A2,
    0x7182, 0x50E1, 0x40A0, 0xA42F, 0xCE18, 0xC5D7, 0xC5F7, 0xC5F7,
    0xC5F7, 0xC5F7, 0xC5F7, 0xC5F7, 0xC5F7, 0xC5F7, 0xC5F8, 0xC5F7,
    0xC5F7, 0xCDF8, 0xCE18, 0xCE18, 0xCE18, 0xCDF7, 0xCE18, 0xCDF7,
    0xCDD7, 0xC5F7, 0xC5F7, 0xCDF8, 0xCDF7, 0xCDD7, 0xC5D7, 0xC596,
    0xC5D7, 0xC5D7, 0xC5F7, 0xC5F7, 0xC5F7, 0xC5F7, 0xC5F7, 0xC5F7,
    0xC5F7, 0xC5F7, 0xC5F7, 0xC5F7, 0xC5F7, 0xC5F7, 0xC5F7, 0xCE18,
    0xC5D6, 0xAC2E, 0x79A3, 0x6142, 0x5901, 0x40C1, 0x3880, 0x48C1,
    0x3880, 0x2860, 0x2860, 0x2040, 0x3060, 0x3880, 0x48C1, 0x40A0,
    0x3080, 0x50E1, 0x5101, 0x4902, 0x5942, 0x6142, 0x3080, 0x3880,
    0x40C1, 0x40E1, 0x79C4, 0x9A65, 0x8205, 0x69C4, 0x79C4, 0xBC0D,
    0xC5F7, 0xC5F7, 0xC5F7, 0xC5F7, 0xC5D7, 0xC5D7, 0xC5D7, 0xC5D7,
    0xC5D7, 0xC5D7, 0xC5D7, 0xC5D7, 0xC5D7, 0xC5F7, 0xC5D7, 0xC5F7,
    0xC5F7, 0xC5F7, 0xC5F7, 0xC5D7, 0xC5D7, 0xC5D7, 0xC5D7, 0xC5D7,
    0xC5D7, 0xC5D7, 0xC5D7, 0xC5B6, 0xBD75, 0xB533, 0xB4D2, 0xB490,
    0xB46F, 0xB44E, 0xAC0C, 0xABEB, 0xABEB, 0xB40C, 0xB40C, 0xB40C,
    0xB40B, 0xB40C, 0xBC0C, 0xBC2C, 0xBC2C, 0xBC2C, 0xBC2C, 0xBC2C,
    0xBC4C, 0xBC4C, 0xBC4C, 0xBC4C, 0xBC4C, 0xBC4C, 0xBC4C, 0xBC4C,
    0x9BA5, 0x9BA5, 0x9BC5, 0xA3E6, 0xABE6, 0xB3E7, 0xBC07, 0xC407,
    0xC407, 0xC3E7, 0xBBE7, 0xBBE7, 0xBBC7, 0xBBC7, 0xBBE7, 0xBBC7,
    0xB3C7, 0xABC6, 0xABC6, 0xA3C6, 0xA3C6, 0xA3C6, 0xABA7, 0xABC7,
    0xB3C7, 0xBBE8, 0xBBC8, 0xBBC7, 0xC3E8, 0xC3E8, 0xC3E8, 0xBBE8,
    0xC3E8, 0xC3E8, 0xBBE8, 0xBBE8, 0xBBE8, 0xBBE8, 0xBBE8, 0xC408,
    0xC408, 0xBBE8, 0xC408, 0xC408, 0xC409, 0xC409, 0xC409, 0xC409,
    0xC409, 0xC409, 0xC409, 0xC409, 0xC409, 0xC409, 0xC409, 0xBC09,
    0xBC09, 0xBC09, 0xBC09, 0xBC0A, 0xBC0A, 0xB3E9, 0xB3C9, 0xABA8,
    0xAB88, 0xAB87, 0xAB87, 0xAB87, 0xB3A7, 0xB3A8, 0xB3A7, 0xB3A8,
    0xB3C9, 0xBC2C, 0xBC6E, 0xBCF1, 0xC533, 0xC575, 0xC5B6, 0xCDD7,
    0xCD95, 0xAB28, 0x79A3, 0x6962, 0x50E1, 0x48C0, 0x50C0, 0x3080,
    0x2040, 0x2040, 0x1840, 0x2040, 0x2040, 0x2040, 0x1000, 0x2040,
    0x4080, 0x1820, 0x48C0, 0x7961, 0x91E1, 0x91E2, 0xAA62, 0xAA63,
    0xA243, 0x7961, 0x48E1, 0xB513, 0xC618, 0xC5F7, 0xC5F7, 0xC5F7,
    0xC5F7, 0xC5F7, 0xC5F7, 0xCE18, 0xCE18, 0xCDF7, 0xCDF7, 0xCE18,
    0xC5F7, 0xCE18, 0xCE18, 0xCE18, 0xCE18, 0xCDF7, 0xCE18, 0xCDF7,
    0xCDB6, 0xCDF8, 0xCDF7, 0xCE18, 0xC5B6, 0xC534, 0xCDD6, 0xC596,
    0xC5D7, 0xC5D7, 0xC5D7, 0xC5D7, 0xC5F7, 0xC5F7, 0xC5F7, 0xC5F7,
    0xC5F7, 0xC5F7, 0xC5F7, 0xC5F7, 0xC5F7, 0xC5F7, 0xC5F7, 0xCE18,
    0xC595, 0x9B6B, 0x6962, 0x50E1, 0x38A1, 0x3081, 0x3080, 0x50E1,
    0x40A0, 0x2040, 0x2040, 0x2040, 0x3060, 0x40C0, 0x48C0, 0x3060,
    0x3880, 0x40C1, 0x40C1, 0x38C1, 0x5122, 0x48E1, 0x48C1, 0x50E1,
    0x5102, 0x6163, 0x79C4, 0x79C4, 0x8225, 0x6183, 0x8A66, 0xC533,
    0xC5F7, 0xC5F7, 0xC5F7, 0xC5D7, 0xC5D7, 0xC5D7, 0xC5D7, 0xC5D7,
    0xC5D7, 0xC5D7, 0xC5D7, 0xC5D7, 0xC5D7, 0xC5D7, 0xC5D7, 0xC5F7,
    0xC5D7, 0xC5D7, 0xC5D7, 0xC5D7, 0xC5D7, 0xC5D7, 0xC5D7, 0xC5D7,
    0xC5D7, 0xC5D7, 0xC5D7, 0xC5B6, 0xBD75, 0xB513, 0xB4B1, 0xAC6F,
    0xAC2D, 0xABEB, 0xAB89, 0xAB67, 0xAB88, 0xABA9, 0xB3CA, 0xB3EB,
    0xB3EB, 0xB3EB, 0xB3EB, 0xB40B, 0xBC0B, 0xBC0B, 0xBC0B, 0xBC0B,
    0xBC2B, 0xBC2B, 0xBC2B, 0xBC2C, 0xBC2C, 0xBC2C, 0xBC2B, 0xBC2B,
    0x93A5, 0x93A5, 0x93A5, 0x9BC5, 0x9BC6, 0xA3E6, 0xABE7, 0xB3E7,
    0xB3E7, 0xB3E7, 0xB3C7, 0xB3C7, 0xB3C7, 0xB3C7, 0xB3C7, 0xB3C7,
    0xA3C6, 0xA3A6, 0x9BA6, 0x9BA6, 0x9BA6, 0xA3A6, 0xA3A7, 0xABA7,
    0xB3C7, 0xB3C8, 0xBBC7, 0xBBC7, 0xBBC7, 0xBBC7, 0xBBC7, 0xBBC7,
    0xBBC7, 0xBBC8, 0xBBC8, 0xBBC8, 0xBBC8, 0xBBC8, 0xBBC8, 0xBBC8,
    0xBBE8, 0xBBC8, 0xBBC8, 0xBBE8, 0xBBE8, 0xBBE8, 0xBBE8, 0xBBE8,
    0xBBE8, 0xBBE8, 0xBBE8, 0xBBE8, 0xBBE8, 0xBBE8, 0xBBE8, 0xBBE8,
    0xBBE9, 0xBBE9, 0xBBE9, 0xBBE9, 0xBBE9, 0xB3C8, 0xB3A8, 0xABA8,
    0xAB87, 0xAB67, 0xAB67, 0xAB87, 0xB3A7, 0xB3A7, 0xB3A8, 0xB3A8,
    0xB3C9, 0xBC0B, 0xBC6E, 0xBCD1, 0xC533, 0xC575, 0xC5B6, 0xCDD7,
    0xCD95, 0xC48E, 0x9244, 0x6962, 0x6141, 0x50E0, 0x5901, 0x40C0,
    0x2040, 0x2040, 0x1020, 0x1820, 0x2860, 0x1820, 0x2860, 0x6940,
    0x91C1, 0x7141, 0x9A22, 0xB283, 0xB282, 0xB282, 0xC2E3, 0xC2C3,
    0xC2E4, 0xB262, 0x9B08, 0xC618, 0xC5F7, 0xC5F7, 0xC5F7, 0xC5F7,
    0xC5F7, 0xC5F7, 0xC5F7, 0xCE18, 0xCE18, 0xCE18, 0xCDB6, 0xCDD6,
    0xCE38, 0xCDF7, 0xCE18, 0xCE18, 0xCE18, 0xCDF7, 0xCDB6, 0xCDD6,
    0xCD95, 0xCDB6, 0xCDD6, 0xCE18, 0xBCB1, 0xC554, 0xCDB6, 0xC5D7,
    0xC5D7, 0xC5F7, 0xC5D7, 0xC5D7, 0xC5D7, 0xC5F7, 0xC5F7, 0xC5F7,
    0xC5F7, 0xC5F7, 0xC5F7, 0xC5F7, 0xC5F7, 0xC5F7, 0xC5F7, 0xC5F7,
    0xCE59, 0x9C2F, 0x5922, 0x40C1, 0x38A1, 0x2860, 0x3880, 0x40A0,
    0x3880, 0x2860, 0x1840, 0x1820, 0x38A0, 0x4080, 0x3060, 0x2040,
    0x2860, 0x38A1, 0x38A1, 0x3081, 0x3080, 0x40A0, 0x40C1, 0x38A1,
    0x5102, 0x5122, 0x6963, 0x8205, 0x8225, 0x79C4, 0xA3AC, 0xCE38,
    0xC5D7, 0xC5F7, 0xC5F7, 0xC5F7, 0xC5D7, 0xC5F7, 0xC5F7, 0xC5D7,
    0xC5D7, 0xC5D7, 0xC5D7, 0xC5D7, 0xC5D7, 0xC5D7, 0xC5D7, 0xC5D7,
    0xC5D7, 0xC5D7, 0xC5D7, 0xC5D7, 0xC5D7, 0xC5D7, 0xC5D7, 0xC5D7,
    0xC5D7, 0xC5D7, 0xC5D7, 0xC5B6, 0xBD75, 0xB513, 0xB4B1, 0xAC4F,
    0xAC0C, 0xABAA, 0xAB67, 0xAB46, 0xAB88, 0xB3A9, 0xB3EA, 0xB40B,
    0xB42C, 0xB42D, 0xBC2C, 0xBC2C, 0xBC2C, 0xBC4C, 0xBC4D, 0xBC4D,
    0xBC4D, 0xBC4D, 0xBC6D, 0xBC6D, 0xBC6D, 0xBC6D, 0xBC6D, 0xBC6D,
    0x8BA5, 0x8BA5, 0x83A4, 0x8BA4, 0x93C5, 0x9BC6, 0xA3E6, 0xA3E7,
    0xA3C7, 0xA3C7, 0xABC7, 0xABC7, 0xABC7, 0xABC7, 0xABC7, 0xA3C7,
    0x9BA6, 0x93A5, 0x93A5, 0x93A5, 0x9B86, 0x9B86, 0xA3A7, 0xA3A7,
    0xABA7, 0xB3A7, 0xB3A7, 0xB3A7, 0xB3A7, 0xB3A7, 0xB3A7, 0xB3A7,
    0xB3A7, 0xB3A7, 0xBBA7, 0xBBA7, 0xBBA7, 0xBBC7, 0xBBC8, 0xBBC8,
    0xBBC7, 0xBBC7, 0xBBC7, 0xBBC8, 0xBBC8, 0xBBC8, 0xBBC8, 0xBBC8,
    0xBBC8, 0xBBC8, 0xBBC8, 0xBBC7, 0xBBC7, 0xBBC7, 0xBBC8, 0xBBC8,
    0xBBC8, 0xBBC8, 0xBBC8, 0xB3C8, 0xB3C8, 0xB3A8, 0xABA8, 0xAB87,
    0xAB67, 0xA367, 0xA367, 0xAB87, 0xB387, 0xB3A7, 0xB3A7, 0xB3A8,
    0xB3C9, 0xB40B, 0xBC4E, 0xBCD1, 0xC533, 0xC575, 0xC5B6, 0xC5D7,
    0xCDF7, 0xCE18, 0xBC6E, 0x81C2, 0x6162, 0x48E1, 0x5942, 0x38A0,
    0x2880, 0x38A0, 0x3080, 0x48C0, 0x5920, 0x48C0, 0x7961, 0xC2A2,
    0xAA62, 0xBA83, 0xE3A5, 0xDB84, 0xCAE3, 0xC2C3, 0xC2C3, 0xBAA2,
    0xCB04, 0xC2C3, 0xCC0A, 0xCE38, 0xC5F7, 0xC5F7, 0xC5F7, 0xC5F7,
    0xC5F7, 0xC5F7, 0xCDF7, 0xCDF7, 0xCE18, 0xCE18, 0xCDD7, 0xB46F,
    0xC574, 0xCDD6, 0xCE18, 0xCE18, 0xCE18, 0xCDF8, 0xC596, 0xC4F2,
    0xBCD1, 0xC4F2, 0xCD95, 0xC533, 0xB40E, 0xC533, 0xC554, 0xC5D7,
    0xC5D7, 0xC5D7, 0xC5D7, 0xC554, 0xC5B6, 0xC5F7, 0xCDF7, 0xCDF7,
    0xC5F7, 0xC5F7, 0xC5F7, 0xC5F7, 0xC5F7, 0xC5F7, 0xC5F7, 0xC5F7,
    0xCE17, 0xA44F, 0x6162, 0x38C1, 0x3080, 0x38A0, 0x48E1, 0x40C1,
    0x40C0, 0x3880, 0x2860, 0x1820, 0x3060, 0x2840, 0x2040, 0x1840,
    0x38A0, 0x38A1, 0x3080, 0x48C1, 0x40C1, 0x40C1, 0x38A1, 0x2040,
    0x3880, 0x48C1, 0x40C1, 0x71A4, 0x7A05, 0x81E4, 0xB42E, 0xCDF7,
    0xC5D7, 0xC5F7, 0xC5F7, 0xC5D7, 0xC5F7, 0xC5F7, 0xC5F7, 0xC5F7,
    0xC5D7, 0xC5D7, 0xC5D7, 0xC5D7, 0xC5D7, 0xC5D7, 0xC5F7, 0xC5D7,
    0xC5D7, 0xC5D7, 0xC5D7, 0xC5D7, 0xC5D7, 0xC5D7, 0xC5D7, 0xC5D7,
    0xC5D7, 0xC5D7, 0xC5D7, 0xC5B6, 0xBD75, 0xB513, 0xB4B1, 0xB46F,
    0xAC0C, 0xABCA, 0xAB88, 0xAB67, 0xB3C9, 0xB40B, 0xBC2C, 0xBC6D,
    0xBC8E, 0xBCAF, 0xBCAF, 0xBC8F, 0xC4AF, 0xC4AF, 0xC4AF, 0xC4AF,
    0xC4AF, 0xC4AF, 0xC4AF, 0xC4AF, 0xC4CF, 0xC4CF, 0xC4D0, 0xC4CF,
    0x8BA6, 0x83A5, 0x7B83, 0x7BA4, 0x83C4, 0x8BC5, 0x93C5, 0x93C6,
    0x93C6, 0x93A6, 0x9BA7, 0xA3A7, 0xA3C7, 0xA3C7, 0xA3C7, 0x9BC7,
    0x93A6, 0x8BA5, 0x8BA5, 0x9385, 0x9386, 0x9BA6, 0x9BA7, 0xA387,
    0xA387, 0xAB87, 0xAB87, 0xABA7, 0xABA7, 0xABA7, 0xAB87, 0xAB87,
    0xAB87, 0xB3A7, 0xB3A7, 0xB3A7, 0xB3A7, 0xB3A7, 0xB3A7, 0xB3A8,
    0xB3A7, 0xB3A7, 0xBBA7, 0xBBA7, 0xBBC7, 0xBBC7, 0xBBC7, 0xBBC7,
    0xBBC7, 0xBBC7, 0xBBA7, 0xBBA7, 0xBBA7, 0xBBA7, 0xBBA7, 0xBBC7,
    0xBBA7, 0xBBA7, 0xB3A7, 0xB3A7, 0xB3A7, 0xB387, 0xAB87, 0xAB66,
    0xA366, 0xA346, 0xA367, 0xAB67, 0xB387, 0xB3A7, 0xB3A7, 0xB3A8,
    0xB3C9, 0xB40B, 0xB44E, 0xBCD1, 0xBD33, 0xC574, 0xC5B6, 0xC5D7,
    0xCDF7, 0xCE18, 0xCDB6, 0xB3AB, 0x79C2, 0x40C0, 0x38A0, 0x2860,
    0x2840, 0x3880, 0x6941, 0x9A22, 0xA201, 0x99E1, 0xC2E3, 0xDB44,
    0xDB44, 0xD324, 0xE385, 0xEBC5, 0xD323, 0xD324, 0xD323, 0xD303,
    0xE385, 0xD2E3, 0xCBC8, 0xCE18, 0xC5F7, 0xC5F7, 0xC5F7, 0xC5F7,
    0xC5F7, 0xC5F7, 0xCE18, 0xC5D7, 0xCDF7, 0xCE18, 0xCE38, 0xC533,
    0xA329, 0xB44E, 0xCE17, 0xCE38, 0xCE18, 0xCDD7, 0xCDB6, 0xBC90,
    0xB3CC, 0xB3ED, 0xBC4E, 0xB3CB, 0xB3CC, 0xBC4F, 0xCD75, 0xCDB5,
    0xC5B6, 0xC618, 0xC4D1, 0xBC6F, 0xC595, 0xCDB6, 0xCDF8, 0xCDF7,
    0xC5F8, 0xC5F7, 0xC5F7, 0xC5F7, 0xC5F7, 0xC5F7, 0xC5F7, 0xC5F7,
    0xCE18, 0xA42E, 0x6162, 0x40C1, 0x48E1, 0x79A2, 0x81C2, 0x5101,
    0x7981, 0x50C0, 0x2040, 0x2020, 0x2840, 0x2040, 0x2040, 0x3080,
    0x3080, 0x2040, 0x40A0, 0x48E1, 0x38A1, 0x2860, 0x2040, 0x40A0,
    0x50C1, 0x5902, 0x5102, 0x5963, 0x79E4, 0x8204, 0xBCD1, 0xC5D6,
    0xC5D7, 0xC5D7, 0xC5F7, 0xC5F7, 0xC5F7, 0xC5F7, 0xC5D7, 0xC5D7,
    0xC5D7, 0xC5D7, 0xC5D7, 0xC5D7, 0xC5D7, 0xC5D7, 0xC5F7, 0xC5F7,
    0xC5D7, 0xC5D7, 0xC5D7, 0xC5D7, 0xC5D7, 0xC5D7, 0xC5D7, 0xC5D7,
    0xC5D7, 0xC5D7, 0xC5D7, 0xC5B6, 0xBD75, 0xBD13, 0xB4B1, 0xB46F,
    0xAC0C, 0xABCA, 0xAB88, 0xB3A9, 0xB3EB, 0xBC2C, 0xBC6E, 0xC4AF,
    0xC4D0, 0xC4F1, 0xC512, 0xC512, 0xC511, 0xC511, 0xC511, 0xC511,
    0xC511, 0xC512, 0xC512, 0xC512, 0xC512, 0xC512, 0xCD32, 0xCD32,
    0x83A6, 0x7B84, 0x6B81, 0x73A2, 0x73A3, 0x7BA4, 0x83A5, 0x83A5,
    0x83A5, 0x8B86, 0x8B86, 0x9386, 0x93A7, 0x93C7, 0x93A7, 0x93A6,
    0x8BC5, 0x83A5, 0x8BA5, 0x8BA6, 0x8BA6, 0x93A7, 0x9BA7, 0x9B87,
    0x9B87, 0x9B87, 0xA387, 0x9B87, 0x9B87, 0xA387, 0xA387, 0xA387,
    0xAB88, 0xABA8, 0xB3A8, 0xB3A8, 0xB3A8, 0xB3A8, 0xB3A8, 0xB3C8,
    0xB3C8, 0xBBA7, 0xBBC7, 0xBBA7, 0xBBA7, 0xBBC7, 0xBBC7, 0xBBA7,
    0xBBA7, 0xBBA7, 0xBBA7, 0xBBA7, 0xBBA7, 0xB3A7, 0xB3A7, 0xB3A7,
    0xB3A7, 0xB3A7, 0xB3A7, 0xB387, 0xB387, 0xB387, 0xAB66, 0xA346,
    0xA346, 0xA346, 0xA346, 0xAB67, 0xAB87, 0xB3A7, 0xB3A7, 0xB3A8,
    0xB3C9, 0xB40B, 0xB44E, 0xBCD1, 0xBD13, 0xBD74, 0xC5B6, 0xC5F7,
    0xCDF7, 0xCDF7, 0xC5F7, 0xCE18, 0xB44E, 0x79E3, 0x48E0, 0x3080,
    0x48C0, 0x7961, 0xA222, 0xBAA3, 0xAA62, 0xAA42, 0xE3A5, 0xEBE5,
    0xE363, 0xEBC5, 0xEBE5, 0xE384, 0xE364, 0xE385, 0xE364, 0xDB44,
    0xEBC5, 0xD324, 0xD3A7, 0xC5D6, 0xC5F8, 0xC5F7, 0xC5F8, 0xC5F7,
    0xC5F7, 0xCDD7, 0xC5D6, 0xBD54, 0xC575, 0xCE38, 0xD638, 0xCDF7,
    0x9AE9, 0x8A04, 0xBC4E, 0xCD74, 0xCDF7, 0xCDD6, 0xC575, 0xBC6F,
    0xA329, 0xA2E7, 0xAAE7, 0xA2C6, 0xAB8B, 0xBC4F, 0xCD54, 0xCD95,
    0xCDF7, 0xBC90, 0xB3AB, 0xBC6F, 0xC512, 0xCE18, 0xCDB6, 0xCDF7,
    0xC5F8, 0xCDF7, 0xC5F7, 0xC5F7, 0xC5F7, 0xC5F7, 0xC5F7, 0xC5F7,
    0xCE38, 0xACB2, 0x6983, 0x81C2, 0xA263, 0xD365, 0xB283, 0x7161,
    0x7981, 0x8181, 0x6100, 0x40A0, 0x48C0, 0x40A0, 0x2860, 0x2860,
    0x1840, 0x1840, 0x2860, 0x2860, 0x2040, 0x2860, 0x3080, 0x38A0,
    0x5942, 0x5922, 0x5122, 0x6183, 0x81E4, 0xA34A, 0xCDD6, 0xC5F7,
    0xC5D7, 0xC5D7, 0xC5D7, 0xC5D7, 0xC5D7, 0xC5F7, 0xC5F7, 0xC5D7,
    0xC5D7, 0xC5D7, 0xC5D7, 0xC5D7, 0xC5F7, 0xC5D7, 0xC5F7, 0xC5D7,
    0xC5D7, 0xC5D7, 0xC5D7, 0xC5D7, 0xC5D7, 0xC5D7, 0xC5D7, 0xC5D7,
    0xC5D7, 0xC5D7, 0xC5D6, 0xC5B6, 0xBD75, 0xBD13, 0xB4B1, 0xB46F,
    0xB42C, 0xB3EA, 0xB3A9, 0xB3EA, 0xBC2C, 0xBC6D, 0xC4AF, 0xC4F0,
    0xC511, 0xC553, 0xCD53, 0xCD73, 0xCD53, 0xCD53, 0xCD53, 0xCD73,
    0xCD73, 0xCD73, 0xCD74, 0xCD74, 0xCD74, 0xCD74, 0xCD74, 0xCD74,
    0x83A7, 0x7385, 0x6B81, 0x6380, 0x6382, 0x6B63, 0x6B63, 0x7364,
    0x7364, 0x7B65, 0x8365, 0x8366, 0x8B86, 0x8B86, 0x8BA6, 0x83A5,
    0x83A5, 0x7BA5, 0x83A5, 0x83A6, 0x8BA6, 0x8BA7, 0x93A8, 0x93A8,
    0x9388, 0x9388, 0x9387, 0x9387, 0x9387, 0x9B87, 0x9B88, 0xA3A8,
    0xA3A8, 0xABA9, 0xABA9, 0xABC9, 0xB3C9, 0xB3C9, 0xB3C9, 0xB3C8,
    0xB3C8, 0xBBC8, 0xB3C8, 0xBBC8, 0xBBC8, 0xBBC8, 0xBBC8, 0xBBC7,
    0xBBA7, 0xB3A7, 0xBBA7, 0xBBA7, 0xBBA7, 0xB3A7, 0xB3A7, 0xB3A7,
    0xB387, 0xB3A7, 0xB3A7, 0xB3A7, 0xB387, 0xAB87, 0xAB67, 0xA346,
    0xA346, 0xA346, 0xA346, 0xAB67, 0xAB87, 0xB3A8, 0xB3A7, 0xB3A8,
    0xB3C9, 0xB40C, 0xB46E, 0xBCB1, 0xBD12, 0xBD54, 0xC5B6, 0xC5D7,
    0xCDF7, 0xCDF7, 0xC5F7, 0xC5F8, 0xD638, 0xABCC, 0x6100, 0x48C0,
    0x6961, 0xB2A3, 0xC2E3, 0xD324, 0xC2E3, 0xBAC3, 0xD344, 0xE385,
    0xCB03, 0xEBA4, 0xEBE5, 0xEBA5, 0xE364, 0xE3A5, 0xE3A5, 0xE384,
    0xEBA4, 0xDB85, 0xD324, 0xCD53, 0xC618, 0xC5F7, 0xC5F8, 0xC5F8,
    0xCDF7, 0xCDB6, 0xC533, 0xABED, 0xB490, 0xCDB6, 0xD659, 0xD638,
    0xABCD, 0x8182, 0x89C3, 0xAAE8, 0xC513, 0xC575, 0xC513, 0xAB8B,
    0x9266, 0x9224, 0x9A44, 0x9A44, 0xAB29, 0xBC0D, 0xC512, 0xCDB6,
    0xB42E, 0xA2A7, 0xA308, 0xABAB, 0xC533, 0xCDD6, 0xC554, 0xC5F8,
    0xC5F7, 0xCDD7, 0xC5F7, 0xC5F7, 0xC5F7, 0xC5F7, 0xC5F7, 0xC5F7,
    0xC618, 0xBD96, 0xAB69, 0xD365, 0xE3C6, 0xE3A5, 0xCAE3, 0xB262,
    0xB242, 0xB262, 0xA222, 0x81A1, 0x6120, 0x40A0, 0x2860, 0x2860,
    0x38A0, 0x0820, 0x2040, 0x3080, 0x38A0, 0x40C1, 0x40E1, 0x5102,
    0x6163, 0x7205, 0x30C1, 0x79E4, 0x8A04, 0xB44F, 0xC618, 0xC5D7,
    0xC5F7, 0xC5D7, 0xC5D7, 0xC5D7, 0xC5D7, 0xC5D7, 0xC5D7, 0xC5D7,
    0xC5D7, 0xC5D7, 0xC5D7, 0xC5D7, 0xC5D7, 0xC5F7, 0xC5D7, 0xC5D7,
    0xC5D7, 0xC5D7, 0xC5D7, 0xC5D7, 0xC5D7, 0xC5D7, 0xC5D7, 0xC5D7,
    0xC5D7, 0xC5D7, 0xC5D7, 0xC5B6, 0xBD75, 0xB513, 0xB4B1, 0xB46F,
    0xB42D, 0xB3EB, 0xB3CA, 0xB40B, 0xBC4D, 0xBC8E, 0xC4D0, 0xC511,
    0xC553, 0xCD94, 0xCD95, 0xCD95, 0xCD95, 0xCD95, 0xCD95, 0xCDB5,
    0xCDB5, 0xCDB5, 0xCDB5, 0xCDB5, 0xCDB5, 0xCDB5, 0xCDB5, 0xCDB5,
    0x7BA7, 0x7385, 0x6B83, 0x5B60, 0x5B40, 0x5B20, 0x5B22, 0x6323,
    0x6323, 0x6B24, 0x7345, 0x7B65, 0x7B65, 0x7B85, 0x7B85, 0x7384,
    0x73A4, 0x73A4, 0x7BA5, 0x83A6, 0x83A6, 0x8BA7, 0x8BA8, 0x93A8,
    0x8B88, 0x8B88, 0x8B87, 0x8B87, 0x8B87, 0x9387, 0x93A8, 0x9BA8,
    0xA3A9, 0xA3C9, 0xABCA, 0xABCA, 0xABCA, 0xB3EA, 0xB3EA, 0xB3EA,
    0xB3EA, 0xB3E9, 0xB3E9, 0xB3C9, 0xB3C9, 0xB3C8, 0xB3A8, 0xB3A8,
    0xB3A7, 0xB3A7, 0xB3A8, 0xB3A7, 0xB3A7, 0xB3A7, 0xB3A7, 0xB3A8,
    0xB3A8, 0xB3C8, 0xB3A8, 0xB3C8, 0xB3A7, 0xB387, 0xAB87, 0xAB66,
    0xA346, 0xA346, 0xA346, 0xAB67, 0xAB87, 0xB3A8, 0xB3A8, 0xB3A8,
    0xB3C9, 0xB40C, 0xB46E, 0xBCB0, 0xBD12, 0xBD54, 0xC596, 0xC5D7,
    0xC5F7, 0xC5F7, 0xC5F7, 0xC5F7, 0xC5D7, 0xBD33, 0x9BEE, 0x6A05,
    0x79C1, 0xCB24, 0xCB24, 0xD344, 0xD324, 0xDB85, 0xDB64, 0xDB44,
    0xDB64, 0xE364, 0xEBC5, 0xEBA4, 0xEBE5, 0xEC06, 0xF406, 0xEBC5,
    0xE384, 0xDB64, 0xDB44, 0xCD32, 0xC619, 0xCDF8, 0xCDF8, 0xCE18,
    0xCDF8, 0xCDF8, 0xCD95, 0xAB8B, 0x9AC8, 0xABAB, 0xC553, 0xD617,
    0xABEE, 0x89C3, 0x8182, 0x89A2, 0xAB08, 0xB42F, 0xBCB1, 0x9AE9,
    0x81A2, 0x89C2, 0x89A2, 0x9A24, 0xA2A6, 0xB3AB, 0xBCB1, 0xABAC,
    0x9224, 0x9224, 0x9203, 0xA349, 0xCD96, 0xC574, 0xC554, 0xC5B6,
    0xCD95, 0xCDD6, 0xC5F7, 0xC5F7, 0xC5F7, 0xC5F7, 0xC5F7, 0xC5F7,
    0xC5F7, 0xC5F8, 0xED0D, 0xEBE5, 0xDB44, 0xD324, 0xD303, 0xCB03,
    0xC2A3, 0xBAA3, 0xCB04, 0xC2A3, 0x91E1, 0x50E0, 0x3880, 0x48A0,
    0x3880, 0x40A0, 0x50C0, 0x40C1, 0x40C1, 0x40C1, 0x5101, 0x6142,
    0x5921, 0x69A3, 0x71E4, 0x71C4, 0x8A25, 0xBC8F, 0xC5D7, 0xC5D7,
    0xC5D7, 0xC5D7, 0xC5D7, 0xC5D7, 0xC5D7, 0xC5D7, 0xC5D7, 0xC5D7,
    0xC5D7, 0xC5D7, 0xC5D7, 0xC5D7, 0xC5D7, 0xC5D7, 0xC5D7, 0xC5D7,
    0xC5D7, 0xC5D7, 0xC5D7, 0xC5D7, 0xC5D7, 0xC5D7, 0xC5D7, 0xC5D7,
    0xC5D7, 0xC5D7, 0xC5D7, 0xC5B6, 0xBD75, 0xB513, 0xB4B1, 0xB46F,
    0xB42D, 0xB3EB, 0xB3CA, 0xB40B, 0xBC6D, 0xBCAF, 0xC511, 0xC553,
    0xCD94, 0xCDB5, 0xCDD6, 0xCDD6, 0xCDD6, 0xCDD6, 0xCDD6, 0xCDD6,
    0xCDF6, 0xCDF6, 0xCDF6, 0xCDF6, 0xCDF6, 0xD5F6, 0xCDF6, 0xD5F6,
    0x7B86, 0x7385, 0x6363, 0x5B40, 0x4B20, 0x4B00, 0x4AE0, 0x5301,
    0x5B02, 0x5B03, 0x6324, 0x6B44, 0x7364, 0x7364, 0x6B84, 0x6B83,
    0x6B83, 0x6B84, 0x73A5, 0x7BA6, 0x7BA6, 0x83A7, 0x8BA8, 0x8BA8,
    0x83A8, 0x8387, 0x8387, 0x8387, 0x8387, 0x8B88, 0x8BA8, 0x93A9,
    0x9BC9, 0xA3CA, 0xA3CA, 0xA3CA, 0xABEB, 0xAC0B, 0xB3EA, 0xB3EA,
    0xB3CA, 0xB3EA, 0xB3C9, 0xBC2B, 0xB3C9, 0xC42B, 0xC44B, 0xC46B,
    0xC44A, 0xC408, 0xC42A, 0xCCCC, 0xC42A, 0xB3C8, 0xB3E9, 0xB3C8,
    0xB3C8, 0xB3C8, 0xBBE9, 0xBBE8, 0xB3C8, 0xB3A8, 0xAB87, 0xAB67,
    0xA347, 0xA347, 0xA347, 0xAB87, 0xB3A7, 0xB3C8, 0xB3A7, 0xB3A8,
    0xB3C9, 0xB42C, 0xB46E, 0xBCB1, 0xBD12, 0xBD54, 0xC5B6, 0xC5D7,
    0xC5F7, 0xC5F7, 0xC5F7, 0xC5F7, 0xC5F7, 0xC5F7, 0xCE38, 0xBD75,
    0xA3EC, 0xD385, 0xD324, 0xD344, 0xD323, 0xDB84, 0xF467, 0xE3A4,
    0xEBC5, 0xEBC5, 0xEBC5, 0xEB84, 0xE384, 0xEBC4, 0xEB84, 0xEB84,
    0xEBC5, 0xE385, 0xDB43, 0xD4EF, 0xCE39, 0xCDF8, 0xCDF8, 0xC5D7,
    0xCDF7, 0xCDF7, 0xCDB6, 0xC4F1, 0xA309, 0x81C2, 0x9AC7, 0xB40E,
    0xA36B, 0x8A04, 0x8181, 0x7120, 0x89E3, 0xA2E7, 0xA38B, 0x9287,
    0x7982, 0x7141, 0x8181, 0x89E3, 0x9A45, 0xA329, 0x9AC8, 0x8A04,
    0x7982, 0x8182, 0x81A2, 0xB40E, 0xCD95, 0xBCF2, 0xBC90, 0xBC8F,
    0xC595, 0xC5F7, 0xC5F7, 0xC5F7, 0xC5F7, 0xC5F7, 0xC5F7, 0xC5F7,
    0xC5F8, 0xCDD5, 0xF4A9, 0xE384, 0xC2A2, 0xD303, 0xDB44, 0xDB64,
    0xD324, 0xDB44, 0xE385, 0xD344, 0xA222, 0x81A1, 0x8161, 0x7981,
    0x48C0, 0x48A0, 0x58E0, 0x40C0, 0x38A0, 0x2860, 0x3060, 0x40A0,
    0x6982, 0x71A3, 0x7183, 0x79A3, 0xAC0E, 0xC5D7, 0xC5D7, 0xC5D7,
    0xC5D7, 0xC5D7, 0xC5D7, 0xC5D7, 0xC5D7, 0xC5D7, 0xC5D7, 0xC5D7,
    0xC5D7, 0xC5D7, 0xC5D7, 0xC5D7, 0xC5D7, 0xC5D7, 0xC5D7, 0xC5D7,
    0xC5D7, 0xC5D7, 0xC5D7, 0xC5D7, 0xC5D7, 0xC5D7, 0xC5D7, 0xC5D7,
    0xC5D7, 0xC5D7, 0xC5D7, 0xC5B6, 0xBD75, 0xB513, 0xB4D1, 0xB46F,
    0xB42D, 0xB3EB, 0xB3CA, 0xB40B, 0xBC6E, 0xC4D0, 0xC532, 0xCD74,
    0xCDB5, 0xCDD6, 0xCDF6, 0xCDF6, 0xCDF6, 0xCDF7, 0xCDF7, 0xD5F7,
    0xD617, 0xD617, 0xD617, 0xD617, 0xD617, 0xD5F7, 0xD617, 0xD617,
    0x7386, 0x6B65, 0x6364, 0x5321, 0x4AE0, 0x42E0, 0x42C0, 0x42C0,
    0x4AC0, 0x52E1, 0x5AE3, 0x6323, 0x6323, 0x6343, 0x6362, 0x6362,
    0x6362, 0x6383, 0x73A5, 0x73A6, 0x7BA6, 0x7BA7, 0x83A7, 0x7BA7,
    0x7BA7, 0x7B87, 0x7B87, 0x7B87, 0x8387, 0x83A8, 0x8BA9, 0x93A9,
    0x93CA, 0xA3CA, 0xA3EB, 0xA3EB, 0xA3AA, 0xB42B, 0xCD0F, 0xCD30,
    0xD571, 0xDDB2, 0xEE55, 0xF6D7, 0xEE96, 0xF695, 0xFE94, 0xFE30,
    0xFE51, 0xFDCE, 0xFD6C, 0xFE93, 0xFE93, 0xED4C, 0xECCA, 0xD46A,
    0xC409, 0xBC0A, 0xBC0A, 0xB40A, 0xB3E9, 0xB3C9, 0xABA8, 0xAB88,
    0xA367, 0xA367, 0xA347, 0xAB87, 0xB3A8, 0xB3C8, 0xB3C8, 0xB3A8,
    0xBBE9, 0xB42C, 0xBC6F, 0xBCD1, 0xBD13, 0xBD75, 0xC5B6, 0xC5D7,
    0xC5F7, 0xCDF8, 0xCDF7, 0xC5F7, 0xC5F7, 0xC5F7, 0xC5D7, 0xC5F8,
    0xC638, 0xE4CC, 0xDB64, 0xDB65, 0xE3A5, 0xEBE5, 0xF487, 0xFCA8,
    0xF467, 0xF446, 0xF405, 0xE363, 0xF425, 0xF487, 0xF405, 0xEBC5,
    0xF426, 0xE385, 0xDB23, 0xD48C, 0xCE39, 0xCDF7, 0xCE18, 0xC595,
    0xC533, 0xCD95, 0xCDB6, 0xCDD6, 0xC513, 0x92E8, 0x7162, 0x6962,
    0x7A05, 0x8204, 0x7941, 0x6900, 0x7141, 0x89E3, 0x8A25, 0x81C3,
    0x6941, 0x58E0, 0x6921, 0x81A3, 0x8A04, 0x8A04, 0x89C3, 0x7982,
    0x7161, 0x7941, 0x8A25, 0xBC90, 0xBC90, 0xABAB, 0xAB49, 0xC4F2,
    0xCDD7, 0xC5F7, 0xCE18, 0xC618, 0xC5F7, 0xC5F7, 0xC5F8, 0xC5F7,
    0xC619, 0xDD50, 0xFC66, 0xE3C5, 0xDB44, 0xDB24, 0xE384, 0xEBC5,
    0xEBC5, 0xEBA5, 0xEBC6, 0xDB44, 0xD324, 0xC2E3, 0xB262, 0x9202,
    0x6120, 0x40A0, 0x3880, 0x2860, 0x2860, 0x2860, 0x2880, 0x3080,
    0x50E1, 0x7183, 0x7141, 0xA329, 0xCDF7, 0xC5F7, 0xC5F7, 0xC5D7,
    0xC5D7, 0xC5D7, 0xC5D7, 0xC5D7, 0xC5D7, 0xC5D7, 0xC5D7, 0xC5D7,
    0xC5D7, 0xC5D7, 0xC5D7, 0xC5D7, 0xC5D7, 0xC5D7, 0xC5D7, 0xC5D7,
    0xC5D7, 0xC5D7, 0xC5D7, 0xC5D7, 0xC5D7, 0xC5D7, 0xC5D7, 0xC5D7,
    0xC5D7, 0xC5D7, 0xC5D7, 0xC5B6, 0xBD75, 0xB513, 0xB4D1, 0xB46F,
    0xB42D, 0xB3EB, 0xB3EA, 0xB40B, 0xBC6E, 0xC4D0, 0xC532, 0xCD94,
    0xCDB5, 0xCDD6, 0xCDF7, 0xCDF7, 0xCDF7, 0xCDF7, 0xCDF7, 0xCE17,
    0xCE17, 0xD617, 0xD617, 0xD617, 0xD617, 0xD617, 0xD617, 0xD617,
    0x7366, 0x6B65, 0x6344, 0x5302, 0x42C0, 0x3AA0, 0x3A80, 0x3A80,
    0x3A80, 0x42A0, 0x4AC0, 0x52E2, 0x52E1, 0x5300, 0x5320, 0x5340,
    0x5B41, 0x6363, 0x6B84, 0x7385, 0x7386, 0x7387, 0x7386, 0x7386,
    0x7386, 0x7386, 0x7366, 0x7366, 0x7B87, 0x83A8, 0x8BA9, 0x93AA,
    0x93CB, 0x9BEB, 0x9BCB, 0xB44C, 0xDDB3, 0xEE76, 0xFF5A, 0xFFBC,
    0xFFBC, 0xFFBB, 0xFF9B, 0xFF9A, 0xFF9A, 0xFF59, 0xFF18, 0xFEF6,
    0xFF17, 0xFEF6, 0xFEB4, 0xFE93, 0xFED5, 0xFE71, 0xFDAD, 0xFD6A,
    0xFCE8, 0xFCC8, 0xECCA, 0xE4CB, 0xC46B, 0xABCA, 0xABA9, 0xAB88,
    0xA388, 0xA367, 0xA367, 0xAB87, 0xB3A8, 0xB3C8, 0xB3C8, 0xB3C8,
    0xB3EA, 0xB42C, 0xBC6F, 0xBCD1, 0xBD33, 0xC575, 0xC5B6, 0xC5F7,
    0xC5F8, 0xCE18, 0xC5F8, 0xC5F8, 0xC5F8, 0xC5F7, 0xC5F8, 0xC5F7,
    0xC618, 0xD5B3, 0xF446, 0xEC06, 0xE3E6, 0xEC47, 0xEC26, 0xF446,
    0xF467, 0xF446, 0xF466, 0xF446, 0xFCA7, 0xFCA7, 0xFC26, 0xFC46,
    0xF3E5, 0xE3A5, 0xDB43, 0xDC08, 0xCE18, 0xCE18, 0xC5D6, 0xC5B6,
    0xBCD1, 0xBC4E, 0xC554, 0xBD33, 0xC595, 0xAC70, 0x5963, 0x4080,
    0x6101, 0x7141, 0x6900, 0x50C0, 0x58E0, 0x8182, 0x7162, 0x7982,
    0x6101, 0x48A0, 0x48C0, 0x7982, 0x7962, 0x7982, 0x79A2, 0x7961,
    0x6920, 0x7141, 0x92A7, 0xA329, 0x9AA6, 0x9A44, 0xB3ED, 0xC533,
    0xCDD6, 0xCDF7, 0xCDD7, 0xCDD6, 0xC5F7, 0xC5F8, 0xC618, 0xC5F8,
    0xCE17, 0xECAA, 0xF446, 0xEBE6, 0xEBE6, 0xE384, 0xEBC5, 0xEBE6,
    0xF406, 0xF446, 0xEBE6, 0xE3A5, 0xEBE5, 0xDB64, 0xBAC3, 0x9A22,
    0x91E1, 0x7940, 0x40A0, 0x2860, 0x48C0, 0x48E1, 0x2880, 0x48C1,
    0x7183, 0x6961, 0x8A24, 0xC512, 0xC5D7, 0xC5F7, 0xC5F7, 0xC5F7,
    0xC5D7, 0xC5D7, 0xC5D7, 0xC5D7, 0xC5D7, 0xC5D7, 0xC5D7, 0xC5D7,
    0xC5D7, 0xC5D7, 0xC5D7, 0xC5D7, 0xC5D7, 0xC5D7, 0xC5D7, 0xC5D7,
    0xC5D7, 0xC5D7, 0xC5D7, 0xC5D7, 0xC5D7, 0xC5D7, 0xC5D7, 0xC5D7,
    0xC5F7, 0xC5D7, 0xC5D7, 0xC5B6, 0xBD75, 0xB513, 0xB4D2, 0xB48F,
    0xB42D, 0xB3EB, 0xB3EA, 0xB42B, 0xBC6E, 0xC4D0, 0xC532, 0xCD94,
    0xCDB5, 0xCDD6, 0xCDF6, 0xCDF7, 0xCDF7, 0xCDF7, 0xCDF7, 0xCDF7,
    0xCDF7, 0xCE17, 0xD617, 0xD617, 0xD617, 0xD617, 0xD617, 0xD617,
    0x6B46, 0x6345, 0x5B23, 0x52E2, 0x42A0, 0x3A80, 0x3260, 0x3260,
    0x3240, 0x3260, 0x3A80, 0x4280, 0x42A0, 0x42C0, 0x42E0, 0x4B00,
    0x4B21, 0x5342, 0x6364, 0x6364, 0x6345, 0x6B65, 0x6B65, 0x6B65,
    0x6B65, 0x6B65, 0x6B65, 0x7366, 0x7B67, 0x7B88, 0x83A9, 0x8BAA,
    0x93CB, 0x9BCB, 0xA3EC, 0xE635, 0xFFBC, 0xFF7A, 0xFF59, 0xFF38,
    0xFF18, 0xFF18, 0xFF38, 0xFF59, 0xFF18, 0xFF18, 0xFF38, 0xFF18,
    0xFF18, 0xFF18, 0xFF17, 0xFED6, 0xFEF6, 0xFED5, 0xFEB4, 0xFE51,
    0xFE2F, 0xFD4A, 0xFD4A, 0xFD6B, 0xFD8C, 0xEDAF, 0xC48C, 0xABA9,
    0xAB88, 0xA367, 0xA367, 0xAB88, 0xB3A8, 0xB3C8, 0xB3C8, 0xB3C8,
    0xB3EA, 0xB42C, 0xB46F, 0xBCF1, 0xBD34, 0xC595, 0xC5D6, 0xCDF7,
    0xCDF8, 0xC5F8, 0xC5F8, 0xC5F8, 0xC5F7, 0xC5F7, 0xC5F7, 0xC5F8,
    0xC5F8, 0xCE18, 0xF50B, 0xF426, 0xF426, 0xEBC5, 0xE364, 0xE364,
    0xF3E5, 0xF405, 0xF426, 0xFCE8, 0xFC66, 0xFC05, 0xF425, 0xF425,
    0xFC46, 0xF446, 0xE3C5, 0xE3A5, 0xD593, 0xCE19, 0xBD54, 0xC554,
    0xC533, 0xA349, 0x9B08, 0xB42E, 0xBC90, 0xAC0E, 0x6A06, 0x3860,
    0x50C0, 0x58C0, 0x48A0, 0x48A0, 0x48C0, 0x6921, 0x7141, 0x6921,
    0x58E1, 0x3860, 0x40A0, 0x6921, 0x7141, 0x7142, 0x7141, 0x6100,
    0x60E0, 0x7161, 0x8A24, 0x81C2, 0x8181, 0x9AE8, 0xBC4F, 0xC512,
    0xBCB0, 0xBC8F, 0xC4D1, 0xCDD6, 0xC5F7, 0xC5F7, 0xC5F7, 0xC618,
    0xD5D5, 0xF488, 0xEBE6, 0xEBE5, 0xF406, 0xF406, 0xF426, 0xEBE5,
    0xFC87, 0xF487, 0xEC06, 0xF426, 0xEBC5, 0xE3A5, 0xCB24, 0xCAE3,
    0xBA82, 0xAA22, 0x8181, 0x40A0, 0x50E0, 0x6141, 0x6141, 0x5101,
    0x6121, 0x8A24, 0xBCB1, 0xC5F7, 0xC5D7, 0xC5F7, 0xC5D7, 0xC5F7,
    0xC5D7, 0xC5D7, 0xC5D7, 0xC5D7, 0xC5D7, 0xC5D7, 0xC5D7, 0xBDD7,
    0xC5D7, 0xC5D7, 0xC5D7, 0xC5D7, 0xC5D7, 0xC5D7, 0xC5D7, 0xC5D7,
    0xC5D7, 0xC5D7, 0xC5D7, 0xC5D7, 0xC5D7, 0xC5D7, 0xC5D7, 0xC5F7,
    0xC5F7, 0xC5D7, 0xC5D7, 0xC5B6, 0xBD75, 0xB513, 0xB4D2, 0xB490,
    0xB44D, 0xB40B, 0xB3EA, 0xBC2B, 0xBC6E, 0xC4D0, 0xC553, 0xCD94,
    0xCDB5, 0xCDF6, 0xCDF7, 0xCDF6, 0xCDF7, 0xCDF7, 0xCDF7, 0xCDF7,
    0xCDF7, 0xCDF7, 0xCDF7, 0xCDF7, 0xCE17, 0xCE17, 0xCE17, 0xD617,
    0x6325, 0x6324, 0x5303, 0x4AC2, 0x3AA0, 0x3260, 0x3240, 0x3220,
    0x3220, 0x3220, 0x3240, 0x3260, 0x3280, 0x3A80, 0x3AA0, 0x42C0,
    0x42E0, 0x4B01, 0x5323, 0x5B23, 0x5B24, 0x6344, 0x6344, 0x6344,
    0x6344, 0x6344, 0x6344, 0x6B65, 0x7367, 0x7B88, 0x83A9, 0x8BAA,
    0x93CB, 0x9BCB, 0xE635, 0xFFDD, 0xFF39, 0xFF18, 0xFF17, 0xFF39,
    0xFF39, 0xFF59, 0xFF39, 0xFF59, 0xFF59, 0xFF59, 0xFF59, 0xFF17,
    0xFF17, 0xFF17, 0xFF38, 0xFF17, 0xFEF6, 0xFEB5, 0xFED4, 0xFED4,
    0xFEB3, 0xFEB4, 0xFE72, 0xFE92, 0xFDEE, 0xFE50, 0xFED4, 0xF652,
    0xE5B0, 0xBC2A, 0xA347, 0xA368, 0xB3A8, 0xB3C8, 0xB3C8, 0xB3C8,
    0xB3EA, 0xB42C, 0xB48F, 0xBCF2, 0xBD54, 0xBD95, 0xC5D7, 0xC5F7,
    0xC5F8, 0xC5F8, 0xC5F8, 0xC5F8, 0xC5F7, 0xC5F7, 0xC5F7, 0xC5F7,
    0xC5F7, 0xC639, 0xE590, 0xFC25, 0xEC06, 0xE364, 0xE384, 0xEBC5,
    0xF446, 0xFCA7, 0xFC87, 0xF426, 0xEBA4, 0xF405, 0xF3E5, 0xF405,
    0xF446, 0xFC66, 0xEC06, 0xE3A5, 0xD48D, 0xC5F7, 0xC596, 0xBCF3,
    0xC574, 0xB470, 0x8A45, 0x79A2, 0x8A66, 0x8266, 0x7A26, 0x40C1,
    0x48A0, 0x50C0, 0x3860, 0x4080, 0x50C0, 0x58C0, 0x6941, 0x6921,
    0x48A0, 0x3060, 0x48A0, 0x58E0, 0x6141, 0x6121, 0x6101, 0x6100,
    0x50C0, 0x6100, 0x6941, 0x6100, 0x8A04, 0xABAC, 0xB3EC, 0xA308,
    0x9203, 0xAB8A, 0xC595, 0xC5F8, 0xC5F8, 0xC618, 0xC5F7, 0xC618,
    0xE570, 0xFC87, 0xEBE5, 0xEBC5, 0xF426, 0xF447, 0xFC66, 0xFC86,
    0xFCC8, 0xF405, 0xF467, 0xEBE5, 0xEBE5, 0xE3A5, 0xD344, 0xCB24,
    0xCAE3, 0xBA82, 0xB262, 0x7140, 0x3880, 0x40A0, 0x6121, 0x6121,
    0x8245, 0xC4F2, 0xC618, 0xC5D7, 0xC5D7, 0xC5F7, 0xC5F7, 0xC5F7,
    0xC5D7, 0xC5D7, 0xC5D7, 0xC5D7, 0xC5D7, 0xC5D7, 0xC5D7, 0xC5D7,
    0xC5D7, 0xC5D7, 0xC5D7, 0xC5D7, 0xC5D7, 0xC5D7, 0xC5D7, 0xC5D7,
    0xC5D7, 0xC5D7, 0xC5F7, 0xC5F7, 0xC5D7, 0xC5D7, 0xC5D7, 0xC5F7,
    0xC5F7, 0xC5F7, 0xC5D7, 0xC5B6, 0xBD75, 0xB514, 0xB4D2, 0xB490,
    0xB44D, 0xB40B, 0xB3EA, 0xB42B, 0xBC6E, 0xC4F0, 0xC553, 0xCD95,
    0xCDD6, 0xCDF6, 0xCDF7, 0xCDF7, 0xCDF7, 0xCDF7, 0xCDF7, 0xCDF7,
    0xCDF7, 0xCDD7, 0xCDF7, 0xCDF7, 0xCDF7, 0xCDF7, 0xCDF7, 0xCDF7,
    0x5B05, 0x5AE4, 0x4AC3, 0x42A1, 0x3A80, 0x3240, 0x3220, 0x2A00,
    0x2A00, 0x2A00, 0x2A20, 0x3240, 0x3240, 0x3260, 0x3280, 0x3AA0,
    0x3AC0, 0x42C0, 0x4AE0, 0x4B02, 0x5303, 0x5303, 0x5B03, 0x5B23,
    0x5B23, 0x5B23, 0x6344, 0x6B45, 0x7367, 0x7B88, 0x83A9, 0x8BCA,
    0x8BCA, 0xBCEF, 0xFF5A, 0xFF39, 0xFF39, 0xFF59, 0xFED6, 0xFED6,
    0xFEF7, 0xFF18, 0xFF18, 0xFEF6, 0xFEF6, 0xFED6, 0xFEF7, 0xFEF7,
    0xFED6, 0xFED6, 0xFED6, 0xFEB5, 0xFED6, 0xFEF7, 0xFEF7, 0xFF17,
    0xFEF6, 0xFEF6, 0xFED5, 0xFED4, 0xFE71, 0xFE70, 0xFEB3, 0xFED3,
    0xFED3, 0xFE71, 0xDD2D, 0xC44A, 0xABC8, 0xB3C8, 0xB3C8, 0xB3C8,
    0xB3EA, 0xB42C, 0xB48F, 0xBCF2, 0xBD54, 0xC595, 0xC5B7, 0xC5F7,
    0xC5F8, 0xC5F7, 0xC5F7, 0xC5F7, 0xC5F7, 0xC5F7, 0xC5F7, 0xC5F7,
    0xC5F8, 0xC618, 0xD5D5, 0xFC66, 0xE3A5, 0xE384, 0xEBA4, 0xF487,
    0xFCC8, 0xFC66, 0xF467, 0xF446, 0xEBA4, 0xE364, 0xEBA4, 0xFC66,
    0xFC66, 0xFC87, 0xF446, 0xDB84, 0xC366, 0xC574, 0xC574, 0xBD13,
    0xA3AC, 0xBC90, 0xB44F, 0x8224, 0x58E0, 0x50E0, 0x7182, 0x5901,
    0x3880, 0x3060, 0x3880, 0x48C0, 0x50C0, 0x48A0, 0x60E0, 0x6121,
    0x48C0, 0x2840, 0x40A0, 0x40A0, 0x5901, 0x7162, 0x7182, 0x6921,
    0x3880, 0x48A0, 0x48A0, 0x5900, 0x9AE8, 0xA38B, 0x8224, 0x7980,
    0xA308, 0xC574, 0xC618, 0xC5F8, 0xCE18, 0xCDF7, 0xC5F8, 0xC5F7,
    0xF50B, 0xFCE8, 0xEC06, 0xE384, 0xEBC5, 0xF446, 0xFC46, 0xF446,
    0xEBA4, 0xF467, 0xFC87, 0xFCC8, 0xEC26, 0xE3C6, 0xE3C6, 0xDB85,
    0xB282, 0xAA62, 0xA222, 0x7981, 0x3880, 0x48A0, 0x7982, 0xABAB,
    0xCDF8, 0xC5F8, 0xC5D7, 0xC5F7, 0xC5F7, 0xC5F7, 0xC5D7, 0xC5F7,
    0xC5D7, 0xC5D7, 0xC5D7, 0xC5D7, 0xC5D7, 0xC5D7, 0xC5D7, 0xC5D7,
    0xC5B7, 0xC5D7, 0xC5D7, 0xC5D7, 0xC5D7, 0xC5D7, 0xC5D7, 0xC5D7,
    0xC5D7, 0xC5D7, 0xC5D7, 0xC5D7, 0xC5D7, 0xC5D7, 0xC5F7, 0xC5F7,
    0xC5F7, 0xC5F7, 0xC5F7, 0xC5D7, 0xBD76, 0xB534, 0xB4D2, 0xB490,
    0xB44E, 0xB40B, 0xB40A, 0xBC2B, 0xBC8E, 0xC4F0, 0xC553, 0xCD95,
    0xCDD6, 0xCDF7, 0xCDF7, 0xCDF7, 0xCE17, 0xCDF7, 0xCDF7, 0xCDF7,
    0xCDD7, 0xCDD7, 0xCDD6, 0xCDD7, 0xCDF7, 0xCDF7, 0xCDF7, 0xCDF7,
    0x52C3, 0x4AC3, 0x42A2, 0x4281, 0x3A60, 0x3240, 0x3220, 0x2A00,
    0x2A00, 0x2A00, 0x2A00, 0x2A20, 0x2A40, 0x3240, 0x3260, 0x3280,
    0x3A80, 0x3AA0, 0x3AC0, 0x42C0, 0x42A0, 0x4AC1, 0x4AC1, 0x4AE1,
    0x5301, 0x5303, 0x6324, 0x6B45, 0x7367, 0x7B88, 0x8388, 0x83A9,
    0x9C0B, 0xDE35, 0xFF7A, 0xFED6, 0xFED6, 0xFEB5, 0xFE94, 0xFE73,
    0xFE95, 0xFE94, 0xFEB5, 0xFE94, 0xFE11, 0xFE11, 0xFE94, 0xFE53,
    0xFE32, 0xFE74, 0xFE74, 0xFED6, 0xFF17, 0xFF18, 0xFED6, 0xFED6,
    0xFEF7, 0xFED6, 0xFEB5, 0xFE93, 0xFE71, 0xFE50, 0xFE50, 0xFE91,
    0xFE91, 0xFD4A, 0xFC87, 0xFC26, 0xEC27, 0xC408, 0xABA8, 0xB3C8,
    0xB3EA, 0xB42C, 0xBC8F, 0xBCF2, 0xBD54, 0xBD75, 0xC5B6, 0xC5F7,
    0xC5F7, 0xC5F7, 0xC5F7, 0xC5F7, 0xC5F7, 0xC5F7, 0xC5F7, 0xC5F8,
    0xC5F8, 0xC5F7, 0xCE38, 0xF54C, 0xF425, 0xE3C5, 0xF467, 0xFC87,
    0xFC66, 0xFCA7, 0xF446, 0xF3E5, 0xDB63, 0xDB64, 0xEBA4, 0xF446,
    0xFC66, 0xFC87, 0xEC05, 0xDB85, 0xB282, 0xBC8F, 0xC5B6, 0xBCF2,
    0x934A, 0x8245, 0x7A05, 0x71C3, 0x5101, 0x4080, 0x58E0, 0x6921,
    0x48C0, 0x2840, 0x3060, 0x48C0, 0x48A0, 0x48A0, 0x48C0, 0x48C0,
    0x50C0, 0x2840, 0x2840, 0x3880, 0x50E1, 0x6121, 0x7162, 0x50C0,
    0x3060, 0x3060, 0x2840, 0x5101, 0x79E4, 0x7182, 0x58E0, 0x8203,
    0xB44E, 0xC575, 0xCDF7, 0xCDD6, 0xCDD6, 0xCDF7, 0xC618, 0xD5D4,
    0xFCE9, 0xF466, 0xEBE5, 0xEBA5, 0xEBC5, 0xF405, 0xF3E5, 0xEB84,
    0xF426, 0xFCC8, 0xFCC7, 0xF467, 0xF426, 0xEC06, 0xDB84, 0xD323,
    0xBAA2, 0xA222, 0xA201, 0x8181, 0x6163, 0x9B09, 0xBCF2, 0xC5D7,
    0xC5F7, 0xC5D7, 0xC5F7, 0xC5F7, 0xC5F7, 0xC5F7, 0xC5D7, 0xC5D7,
    0xC5D7, 0xC5D7, 0xC5D7, 0xC5D7, 0xC5D7, 0xC5D7, 0xC5D7, 0xBDB7,
    0xBDB7, 0xBDD7, 0xC5D7, 0xC5D7, 0xC5D7, 0xC5D7, 0xC5D7, 0xC5D7,
    0xC5D7, 0xC5F7, 0xC5F7, 0xC5D7, 0xC5D7, 0xC5D7, 0xC5D7, 0xC5F7,
    0xC5F7, 0xC5F7, 0xC5F7, 0xC5D7, 0xBD96, 0xB534, 0xB4D2, 0xB490,
    0xB44E, 0xB40B, 0xB3EA, 0xBC2B, 0xBC6E, 0xC4D0, 0xC553, 0xCD95,
    0xCDD6, 0xCDF7, 0xD617, 0xD617, 0xD5F7, 0xCDF7, 0xCDF7, 0xCDD6,
    0xC5D6, 0xC5B6, 0xC5B6, 0xC5B6, 0xC5D6, 0xCDD6, 0xCDD6, 0xCDD6,
    0x4A82, 0x4282, 0x4282, 0x3A60, 0x3A60, 0x3240, 0x3220, 0x2A00,
    0x2A00, 0x29E0, 0x2A00, 0x2A20, 0x2A20, 0x3240, 0x3240, 0x3260,
    0x3260, 0x3260, 0x3280, 0x3A60, 0x3A60, 0x3A80, 0x3AA0, 0x42A0,
    0x42C0, 0x5302, 0x5B24, 0x6B45, 0x7366, 0x7367, 0x7B88, 0x83A9,
    0x8BCA, 0xEED8, 0xFF38, 0xFE53, 0xFE73, 0xFEF7, 0xFF18, 0xFE94,
    0xF612, 0xFE74, 0xFEB5, 0xF5F0, 0xF58F, 0xF612, 0xFE53, 0xFE95,
    0xFEB5, 0xFE73, 0xFE73, 0xFE53, 0xFE94, 0xFEB5, 0xFE95, 0xFE74,
    0xFEB5, 0xFEB5, 0xFE94, 0xFEB5, 0xFE94, 0xFE30, 0xFE2F, 0xFE50,
    0xFE91, 0xFD6B, 0xDB44, 0xD2E4, 0xEB44, 0xEBA5, 0xD3E7, 0xB3C8,
    0xB3CA, 0xB42C, 0xBC8F, 0xBCF2, 0xBD34, 0xBD75, 0xC5B6, 0xC5D7,
    0xC5D7, 0xC5D7, 0xC5D7, 0xC5F7, 0xC5D7, 0xC5F7, 0xC5F7, 0xC5F7,
    0xC5F7, 0xC5F7, 0xC618, 0xEDB0, 0xF466, 0xE3A5, 0xF426, 0xFC67,
    0xF466, 0xFC66, 0xF446, 0xF425, 0xDB64, 0xE3C5, 0xF426, 0xF425,
    0xFCA7, 0xF446, 0xEBE5, 0xDBA5, 0xB261, 0xB3CB, 0xD639, 0xC554,
    0xAC91, 0x8287, 0x5901, 0x48C0, 0x40A0, 0x3880, 0x4080, 0x58E0,
    0x48C0, 0x3060, 0x3060, 0x3040, 0x3060, 0x3880, 0x3880, 0x38A0,
    0x48C0, 0x3080, 0x1000, 0x48A0, 0x48A0, 0x5901, 0x6942, 0x3880,
    0x2040, 0x2860, 0x2860, 0x5101, 0x5901, 0x48A0, 0x6961, 0x9AE8,
    0xB42E, 0xBCD1, 0xC512, 0xC554, 0xCDD7, 0xCDF7, 0xCE18, 0xED2D,
    0xF425, 0xEBC5, 0xF406, 0xF406, 0xF426, 0xEBC5, 0xF3C5, 0xF466,
    0xFCE8, 0xFCC7, 0xF466, 0xEBC4, 0xF467, 0xEC06, 0xDB85, 0xD323,
    0xB262, 0x99E1, 0xBAA2, 0x938C, 0xAD14, 0xC5D7, 0xC5F7, 0xC5D7,
    0xC5D7, 0xC5F7, 0xC5F7, 0xC5D7, 0xC5F7, 0xC5F7, 0xC5F7, 0xC5F7,
    0xC5F7, 0xC5D7, 0xC5D7, 0xC5D7, 0xC5D7, 0xC5D7, 0xC5D7, 0xBDD7,
    0xBDD7, 0xBDD7, 0xC5D7, 0xC5D7, 0xC5D7, 0xC5D7, 0xC5D7, 0xC5D7,
    0xC5D7, 0xC5F7, 0xC5D7, 0xC5D7, 0xC5D7, 0xC5D7, 0xC5D7, 0xC5D7,
    0xC5F7, 0xC5F7, 0xC5F7, 0xC5D7, 0xC596, 0xBD34, 0xB4D2, 0xB490,
    0xB44E, 0xB40B, 0xB40A, 0xBC2B, 0xBC6E, 0xC4D0, 0xC553, 0xCD95,
    0xCDD6, 0xCDF7, 0xD617, 0xD617, 0xCDF7, 0xCDF7, 0xCDD7, 0xCDD6,
    0xC5B6, 0xC5B6, 0xC596, 0xC5B6, 0xC5B6, 0xC5B6, 0xC5B6, 0xC5B6,
    0x3A40, 0x3A60, 0x3A60, 0x3A60, 0x3A60, 0x3240, 0x3220, 0x2A20,
    0x2A00, 0x2A00, 0x2A00, 0x2A20, 0x2A20, 0x2A20, 0x3220, 0x3240,
    0x3220, 0x3240, 0x3240, 0x3220, 0x3220, 0x3240, 0x3260, 0x3AA0,
    0x42C0, 0x52E3, 0x5B04, 0x6325, 0x6B46, 0x7367, 0x7B88, 0x7BA9,
    0x8BEA, 0xF6F9, 0xFED6, 0xFE53, 0xFEF7, 0xFEB5, 0xFE75, 0xF633,
    0xF5F2, 0xFE94, 0xF5F1, 0xF5AF, 0xF653, 0xF674, 0xF632, 0xF632,
    0xED8F, 0xF632, 0xFE53, 0xF612, 0xF612, 0xF633, 0xF612, 0xF5F2,
    0xF632, 0xFE95, 0xFE95, 0xFE95, 0xFE74, 0xFEB4, 0xFE72, 0xFE50,
    0xFE4F, 0xFE0D, 0xEC26, 0xD2E4, 0xDB24, 0xD2C3, 0xE303, 0xE3E6,
    0xCCAC, 0xB44D, 0xBC8F, 0xBCF2, 0xBD34, 0xBD75, 0xBDB6, 0xC5D7,
    0xC5D7, 0xC5D7, 0xC5D7, 0xC5F7, 0xC5F7, 0xC5F7, 0xC5F7, 0xC5F7,
    0xC5F8, 0xC5F7, 0xC618, 0xDDF3, 0xF446, 0xEC06, 0xFC87, 0xFC67,
    0xF466, 0xFC66, 0xFC87, 0xF446, 0xEBE5, 0xF446, 0xF4C8, 0xF4A7,
    0xF446, 0xF405, 0xE384, 0xD344, 0xD344, 0xB2E5, 0xC554, 0xC595,
    0xB4D1, 0x8AC8, 0x71E5, 0x48C1, 0x4080, 0x3060, 0x3060, 0x4880,
    0x4080, 0x3880, 0x3880, 0x3060, 0x2040, 0x2840, 0x40A0, 0x50E1,
    0x40A0, 0x2040, 0x2840, 0x58E1, 0x50E1, 0x50E1, 0x50E1, 0x3060,
    0x2040, 0x2840, 0x3880, 0x5101, 0x48C0, 0x5900, 0x71A2, 0x92A7,
    0xAB6A, 0xAB27, 0xB42D, 0xC554, 0xCD95, 0xC5D7, 0xD5B4, 0xF426,
    0xEC05, 0xEBE5, 0xF426, 0xF405, 0xEBA4, 0xE384, 0xFC66, 0xFCE8,
    0xFD09, 0xFCC8, 0xEBA4, 0xF466, 0xF467, 0xF467, 0xDB85, 0xCB03,
    0xB282, 0xC2C2, 0xCD10, 0xC639, 0xC5F8, 0xC5F7, 0xC5F7, 0xC5D7,
    0xC5D7, 0xC5F7, 0xC5F7, 0xC5D7, 0xC5F7, 0xC5F7, 0xC5F7, 0xC5F7,
    0xC5F7, 0xC5F7, 0xC5D7, 0xC5D7, 0xC5D7, 0xC5D7, 0xC5D7, 0xC5D7,
    0xC5D7, 0xC5D7, 0xC5D7, 0xC5D7, 0xC5D7, 0xC5D7, 0xC5D7, 0xC5F7,
    0xC5F7, 0xC5D7, 0xC5D7, 0xC5F7, 0xC5F7, 0xC5F7, 0xC5F7, 0xC5F7,
    0xC5F7, 0xC5D7, 0xC5F7, 0xC5D7, 0xC596, 0xBD34, 0xB4F2, 0xB490,
    0xB44E, 0xB40B, 0xB40A, 0xBC2C, 0xBC6E, 0xC4D0, 0xC553, 0xCD95,
    0xCDD6, 0xCE17, 0xD618, 0xD618, 0xCDF7, 0xCDF7, 0xCDD6, 0xC5B6,
    0xC5B6, 0xC596, 0xC596, 0xC596, 0xC596, 0xC596, 0xC596, 0xC5B6,
    0x3220, 0x3240, 0x3240, 0x3240, 0x3240, 0x3240, 0x3240, 0x3240,
    0x3240, 0x2A20, 0x2A20, 0x2A20, 0x2A20, 0x2A20, 0x2A00, 0x2A00,
    0x2A00, 0x2A00, 0x2A00, 0x2A00, 0x2A00, 0x3220, 0x3260, 0x3A80,
    0x42C0, 0x4AC2, 0x52E3, 0x5AE4, 0x6305, 0x6B46, 0x7387, 0x7367,
    0xA48D, 0xFF18, 0xFEB6, 0xFEF7, 0xFE73, 0xF5B0, 0xF5F1, 0xED6F,
    0xEDB0, 0xED8F, 0xE54D, 0xEDAF, 0xF5F1, 0xED8E, 0xF5D0, 0xED8F,
    0xED8F, 0xF5F1, 0xED8F, 0xEDB0, 0xED8F, 0xF612, 0xF633, 0xFE95,
    0xFEB5, 0xFE53, 0xFE53, 0xFE95, 0xFE74, 0xFEB5, 0xFE73, 0xFDCF,
    0xFE0E, 0xFE0D, 0xFCE8, 0xE364, 0xDB04, 0xCAA3, 0xC262, 0xE303,
    0xFDAC, 0xD570, 0xB46F, 0xBCF2, 0xBD54, 0xBD75, 0xBDB6, 0xC5D7,
    0xC5D7, 0xC5D7, 0xC5D7, 0xC5F7, 0xC5F7, 0xC5F7, 0xC5F7, 0xC5F8,
    0xC5F8, 0xC5F8, 0xC5F8, 0xD616, 0xF4E9, 0xFD2A, 0xFC87, 0xFC87,
    0xFC87, 0xF405, 0xF405, 0xEBC4, 0xF467, 0xFCC8, 0xF446, 0xEC05,
    0xF405, 0xEC06, 0xE3A5, 0xD324, 0xC304, 0xAA41, 0xA34A, 0xA40E,
    0x8B09, 0x8266, 0x6141, 0x48C0, 0x40A0, 0x3060, 0x2840, 0x2840,
    0x3060, 0x48C0, 0x40A0, 0x3880, 0x2860, 0x2840, 0x3880, 0x58C0,
    0x4080, 0x1820, 0x3080, 0x7162, 0x50E1, 0x48C0, 0x3080, 0x1020,
    0x2040, 0x1820, 0x2860, 0x3080, 0x5101, 0x5900, 0x6121, 0x71A2,
    0x9AC7, 0xABCC, 0xABCC, 0xB490, 0xC575, 0xCDF7, 0xECCB, 0xEBE5,
    0xEBE5, 0xEBC5, 0xEBC5, 0xEBC5, 0xEBE5, 0xFC87, 0xFC87, 0xFD08,
    0xFD29, 0xEBC4, 0xF487, 0xF4A8, 0xFCC8, 0xF488, 0xDB64, 0xC2E3,
    0xC2A2, 0xD3E8, 0xC618, 0xC5D7, 0xC5D7, 0xC5F7, 0xC5F7, 0xC5F7,
    0xC5D7, 0xC5F7, 0xC5F7, 0xC5D7, 0xC5F7, 0xC5F7, 0xC5F7, 0xC5F7,
    0xC5F7, 0xC5F7, 0xC5D7, 0xC5D7, 0xC5D7, 0xC5D7, 0xC5D7, 0xC5D7,
    0xC5D7, 0xC5D7, 0xC5D7, 0xC5D7, 0xC5D7, 0xC5D7, 0xC5D7, 0xC5F7,
    0xC5F7, 0xC5F7, 0xC5F7, 0xC5F7, 0xC5F7, 0xC5F7, 0xC5F7, 0xC5F7,
    0xC5F7, 0xC5F7, 0xC5F7, 0xC5D7, 0xC596, 0xBD34, 0xB4F2, 0xB4B0,
    0xB46E, 0xB42B, 0xB40A, 0xBC2C, 0xBC8E, 0xC4F0, 0xCD53, 0xCDB5,
    0xCDD6, 0xD617, 0xD638, 0xD618, 0xCDF7, 0xCDD7, 0xC5D6, 0xC5B6,
    0xC596, 0xBD75, 0xBD75, 0xBD75, 0xBD75, 0xBD95, 0xBD95, 0xBD96,
    0x2A00, 0x2A00, 0x2A20, 0x3220, 0x3240, 0x3260, 0x3260, 0x3260,
    0x3260, 0x3240, 0x3220, 0x3220, 0x2A20, 0x2A00, 0x2A00, 0x29E0,
    0x29E0, 0x29C0, 0x21C0, 0x29E0, 0x29E0, 0x2A20, 0x3240, 0x3280,
    0x42A0, 0x42A2, 0x4AA2, 0x52C3, 0x5AE4, 0x6325, 0x6B46, 0x6B46,
    0x8BEA, 0xF6F8, 0xFEF7, 0xFEF7, 0xFE73, 0xF611, 0xF5D0, 0xF612,
    0xEDD0, 0xDCAB, 0xDCAB, 0xE50D, 0xE54E, 0xE50C, 0xE52E, 0xE4ED,
    0xE54E, 0xE52D, 0xED4E, 0xEDB0, 0xF611, 0xF632, 0xF653, 0xFE94,
    0xFE53, 0xF632, 0xFE74, 0xFE32, 0xFE33, 0xFE73, 0xFE53, 0xFDD0,
    0xF56C, 0xFE0E, 0xFDED, 0xEC06, 0xDB03, 0xCAA3, 0xC283, 0xDAE3,
    0xFC87, 0xFDED, 0xD54F, 0xB4D2, 0xBD33, 0xC575, 0xC5B6, 0xC5D7,
    0xC5D7, 0xC5D7, 0xC5D7, 0xC5F7, 0xC5F7, 0xC5F7, 0xC5F8, 0xC5F8,
    0xC5F8, 0xC5F8, 0xC5F8, 0xCE17, 0xF5AD, 0xFD6A, 0xF426, 0xF446,
    0xF425, 0xF405, 0xFCA7, 0xFCC7, 0xFC67, 0xF426, 0xEBE5, 0xEBE5,
    0xEBC4, 0xE3C5, 0xEBC5, 0xE3A5, 0xCB24, 0xBAC3, 0x9A43, 0x82A8,
    0x5962, 0x5963, 0x50E0, 0x4080, 0x4080, 0x3060, 0x2040, 0x1840,
    0x3860, 0x50C0, 0x58C0, 0x3880, 0x3060, 0x2860, 0x3880, 0x40A0,
    0x48A0, 0x48C1, 0x48C1, 0x6101, 0x50E1, 0x58E1, 0x2840, 0x1820,
    0x1800, 0x1800, 0x3040, 0x40C1, 0x40A0, 0x3880, 0x48A0, 0x6962,
    0x8A65, 0x8A45, 0x9285, 0xB46F, 0xC5B6, 0xD551, 0xE3A5, 0xDB85,
    0xDB64, 0xE3A5, 0xEBE5, 0xF406, 0xFCA7, 0xFCA7, 0xFCE8, 0xFD6A,
    0xF466, 0xFCA8, 0xFCE8, 0xFCA8, 0xF4A8, 0xEBE5, 0xE3C6, 0xBA82,
    0xD302, 0xCD52, 0xC618, 0xC5F7, 0xC5F7, 0xC5F7, 0xC5F7, 0xC5D7,
    0xC5D7, 0xC5F7, 0xC5F7, 0xC5D7, 0xC5D7, 0xC5F7, 0xC5F7, 0xC5D7,
    0xC5F7, 0xC5F7, 0xC5D7, 0xC5D7, 0xC5D7, 0xBDD7, 0xBDD7, 0xC5D7,
    0xC5D7, 0xC5D7, 0xC5D7, 0xC5D7, 0xC5D7, 0xC5D7, 0xC5D7, 0xC5F7,
    0xC5F7, 0xC5F7, 0xC5F7, 0xC5F7, 0xC5F7, 0xC5F7, 0xC5F7, 0xC5F7,
    0xC5F7, 0xC5F7, 0xC5F7, 0xC5D7, 0xC596, 0xBD54, 0xB4F2, 0xB4B0,
    0xB46E, 0xB42C, 0xB40B, 0xBC2C, 0xBC8E, 0xC4F1, 0xCD73, 0xCDB5,
    0xCDD6, 0xD617, 0xD638, 0xD618, 0xCDF7, 0xCDD7, 0xC5D6, 0xC5B6,
    0xC596, 0xBD75, 0xBD75, 0xBD75, 0xBD75, 0xBD75, 0xBD75, 0xBD75,
    0x3200, 0x2A00, 0x2A00, 0x3220, 0x3240, 0x3260, 0x3260, 0x3260,
    0x3260, 0x3260, 0x3240, 0x2A20, 0x2A00, 0x2A00, 0x29E0, 0x21C0,
    0x21C0, 0x21A0, 0x21A0, 0x21C0, 0x29E0, 0x2A00, 0x3240, 0x3260,
    0x3A80, 0x42A0, 0x42A1, 0x4282, 0x4AC3, 0x5B05, 0x6325, 0x6326,
    0x7B68, 0xEEF9, 0xFEF7, 0xF6B5, 0xFE73, 0xF612, 0xF653, 0xF612,
    0xEDB0, 0xE4ED, 0xDCAC, 0xD46B, 0xD46A, 0xDCAB, 0xD42A, 0xDCAC,
    0xE52E, 0xDD0D, 0xE54E, 0xE54E, 0xED8F, 0xED8F, 0xF5D0, 0xF612,
    0xF611, 0xF612, 0xFE53, 0xFEB5, 0xFEB5, 0xFE74, 0xFE53, 0xFE74,
    0xFE73, 0xFE30, 0xFE50, 0xF4C9, 0xE364, 0xD303, 0xD2E3, 0xDB24,
    0xF405, 0xFD08, 0xFDAB, 0xEDB0, 0xBD54, 0xBD75, 0xC5B6, 0xC5D7,
    0xC5F7, 0xC5F7, 0xC5F7, 0xC5F7, 0xC5F7, 0xC5F7, 0xC5F8, 0xC5F8,
    0xC5F8, 0xC5F8, 0xC5F8, 0xC618, 0xF5F0, 0xFCE8, 0xE3A4, 0xEBA4,
    0xF446, 0xFD09, 0xFD29, 0xFCC7, 0xF3E5, 0xEBA4, 0xEC05, 0xF426,
    0xF426, 0xE3C5, 0xE3C5, 0xEBE6, 0xD345, 0xBAC3, 0x91E0, 0x7225,
    0x61A4, 0x48A0, 0x40A0, 0x3880, 0x3060, 0x3060, 0x2840, 0x3060,
    0x5901, 0x48A0, 0x3860, 0x2840, 0x2040, 0x48C0, 0x3080, 0x3060,
    0x4080, 0x50C0, 0x48C1, 0x50E1, 0x6121, 0x58E1, 0x3880, 0x0800,
    0x0800, 0x2020, 0x50E0, 0x5901, 0x50C1, 0x48C0, 0x40A0, 0x50E0,
    0x6100, 0x79A2, 0xAB6A, 0xBCF1, 0xCDB5, 0xCBC7, 0xD303, 0xDB44,
    0xDB64, 0xE384, 0xE3C5, 0xF426, 0xFCC7, 0xFD08, 0xFCE8, 0xEBE5,
    0xF406, 0xFCE8, 0xFD09, 0xFD09, 0xEC26, 0xEBE5, 0xD365, 0xCA60,
    0xDC6B, 0xC619, 0xC5F7, 0xC5F7, 0xC5F7, 0xC5F7, 0xC5F7, 0xC5D7,
    0xC5F7, 0xC5F7, 0xC5F7, 0xC5F7, 0xC5D7, 0xC5F7, 0xC5D7, 0xC5D7,
    0xC5F7, 0xC5F7, 0xC5D7, 0xC5D7, 0xC5D7, 0xC5D7, 0xC5D7, 0xC5D7,
    0xC5D7, 0xC5D7, 0xC5D7, 0xC5D7, 0xC5D7, 0xC5D7, 0xC5D7, 0xC5F7,
    0xC5F7, 0xC5F7, 0xC5F7, 0xC5F7, 0xC5F7, 0xC5F7, 0xC5F7, 0xC5F7,
    0xCDF7, 0xCDF7, 0xC5F7, 0xC5D7, 0xC596, 0xBD54, 0xB4F2, 0xB4B0,
    0xB46E, 0xB42C, 0xB40B, 0xBC4C, 0xC4AF, 0xC511, 0xCD73, 0xCDB5,
    0xCDD6, 0xD617, 0xD638, 0xD618, 0xCDF7, 0xCDF7, 0xC5D6, 0xC5B6,
    0xC596, 0xBD75, 0xBD75, 0xBD75, 0xBD75, 0xBD75, 0xBD75, 0xBD75,
    0x3220, 0x2A00, 0x2A00, 0x2A00, 0x3220, 0x3240, 0x3260, 0x3280,
    0x3280, 0x3260, 0x3240, 0x3220, 0x2A00, 0x29E0, 0x29E0, 0x21C0,
    0x21A0, 0x21A0, 0x21A0, 0x21C0, 0x29E0, 0x2A00, 0x2A20, 0x3240,
    0x3260, 0x3A80, 0x3A80, 0x4281, 0x4AA2, 0x52C4, 0x5B05, 0x5B05,
    0xA46C, 0xFF7B, 0xFEB6, 0xF674, 0xF674, 0xF632, 0xF632, 0xF632,
    0xED8F, 0xE52D, 0xE52D, 0xDCCD, 0xD42A, 0xCBC9, 0xC389, 0xC3A9,
    0xC3A9, 0xCBC9, 0xD44B, 0xDCAD, 0xE52E, 0xE52E, 0xED6F, 0xED90,
    0xF5F1, 0xEDD1, 0xEDB0, 0xF5D1, 0xFE74, 0xFE32, 0xF612, 0xF5F2,
    0xF5D1, 0xF633, 0xFE11, 0xECCB, 0xDB64, 0xF425, 0xF446, 0xF467,
    0xF487, 0xFC86, 0xFCA7, 0xFD69, 0xF58E, 0xC5B6, 0xBDD7, 0xC5D7,
    0xC5F8, 0xC5F7, 0xC5F7, 0xC5F7, 0xC5F8, 0xC5F8, 0xC5F8, 0xC5F8,
    0xC5F8, 0xC5F8, 0xC5F8, 0xC618, 0xE614, 0xFD29, 0xEBE5, 0xE384,
    0xF405, 0xF466, 0xFCC8, 0xFC87, 0xF426, 0xE3A4, 0xF3E5, 0xF426,
    0xF466, 0xE3A4, 0xE3A4, 0xE3E6, 0xD365, 0xB2A3, 0x89A0, 0x69C3,
    0x7267, 0x48E1, 0x3880, 0x2020, 0x2020, 0x2840, 0x3060, 0x2840,
    0x3060, 0x2040, 0x2020, 0x2020, 0x2020, 0x40A0, 0x2840, 0x1820,
    0x2840, 0x4880, 0x50E1, 0x48C1, 0x6101, 0x58E1, 0x3060, 0x1820,
    0x3060, 0x3880, 0x5901, 0x48C1, 0x48A0, 0x3880, 0x3880, 0x4080,
    0x50E0, 0x9B4A, 0xC575, 0xCE38, 0xCCCF, 0xCB23, 0xCB03, 0xD344,
    0xE385, 0xE3A5, 0xEC06, 0xF446, 0xFCC7, 0xFD49, 0xFCE8, 0xF446,
    0xFD08, 0xFDCB, 0xFDAB, 0xFD09, 0xF426, 0xEBE6, 0xD344, 0xE3A5,
    0xCD94, 0xC5F8, 0xC5F7, 0xC5F7, 0xC5F7, 0xC5F7, 0xC5F7, 0xC5F7,
    0xC5D7, 0xC5F7, 0xC5F7, 0xC5F7, 0xC5D7, 0xC5D7, 0xC5D7, 0xC5D7,
    0xC5D7, 0xC5D7, 0xC5D7, 0xC5D7, 0xC5D7, 0xC5D7, 0xC5D7, 0xC5D7,
    0xC5D7, 0xC5D7, 0xC5D7, 0xC5D7, 0xC5D7, 0xC5D7, 0xC5D7, 0xC5F7,
    0xC5F7, 0xC5F7, 0xC5F7, 0xC5F7, 0xC5F7, 0xCDF7, 0xCDF7, 0xC5F8,
    0xCDF7, 0xCDF7, 0xC5F7, 0xC5D7, 0xC596, 0xBD54, 0xB4F2, 0xB4B0,
    0xB46E, 0xB42C, 0xB40B, 0xBC4C, 0xC4AF, 0xC511, 0xCD73, 0xCDB5,
    0xCDF6, 0xD617, 0xD638, 0xD638, 0xCDF7, 0xCDD7, 0xC5D7, 0xC5B6,
    0xC596, 0xBD75, 0xBD75, 0xBD75, 0xBD75, 0xBD75, 0xBD75, 0xBD75,
    0x3A41, 0x3220, 0x2A00, 0x29E0, 0x2A00, 0x3220, 0x3260, 0x3280,
    0x3280, 0x3260, 0x3240, 0x3220, 0x2A00, 0x29E0, 0x21C0, 0x21A0,
    0x2180, 0x2180, 0x21A0, 0x21C0, 0x29E0, 0x2A00, 0x2A20, 0x2A20,
    0x3240, 0x3260, 0x3A80, 0x4282, 0x4AA3, 0x52C3, 0x5AE4, 0x6326,
    0x8BEA, 0xEE76, 0xFED6, 0xF612, 0xF633, 0xF654, 0xF612, 0xF5F1,
    0xED6E, 0xEDB0, 0xE56F, 0xE52E, 0xDC8C, 0xD44B, 0xD3EB, 0xCBA9,
    0xC348, 0xC328, 0xC348, 0xCB69, 0xCBA9, 0xD40B, 0xD3EA, 0xDCAD,
    0xDCCC, 0xE4EC, 0xED6F, 0xF5F1, 0xF633, 0xF653, 0xFE95, 0xFE74,
    0xFE53, 0xFE53, 0xFE74, 0xFE95, 0xFD4C, 0xFCC7, 0xFD08, 0xFCA7,
    0xFC66, 0xF446, 0xF445, 0xFCA7, 0xFCC6, 0xF4CB, 0xCDD6, 0xC5F8,
    0xC5F7, 0xC5F7, 0xC5F7, 0xC5F7, 0xC5F8, 0xC5F8, 0xC5F8, 0xC5F8,
    0xC5F8, 0xC5F8, 0xC5F8, 0xC5F8, 0xD616, 0xFD6B, 0xF446, 0xEBC5,
    0xEBE5, 0xF425, 0xF466, 0xF446, 0xFC66, 0xFC87, 0xFC87, 0xF467,
    0xF426, 0xEBE5, 0xEC26, 0xE3A5, 0xD324, 0xB262, 0x91C1, 0x7161,
    0x82C9, 0x5984, 0x3080, 0x2020, 0x1000, 0x1820, 0x4080, 0x4080,
    0x2840, 0x1820, 0x1000, 0x1800, 0x1000, 0x2840, 0x2840, 0x1820,
    0x2860, 0x3860, 0x58C0, 0x48A0, 0x48C0, 0x48A0, 0x48C0, 0x40C0,
    0x2860, 0x50C0, 0x3080, 0x0800, 0x2020, 0x3060, 0x4080, 0x50E0,
    0x8287, 0xAC70, 0xC5B5, 0xCDB5, 0xB2C5, 0xC2E3, 0xC2E3, 0xCB03,
    0xE3A5, 0xEC06, 0xE3C5, 0xF426, 0xFC87, 0xFCE8, 0xFD08, 0xFCE8,
    0xFD29, 0xFCE8, 0xFD29, 0xF487, 0xEC26, 0xE3C6, 0xE384, 0xE4CC,
    0xC618, 0xC5F7, 0xC5F7, 0xC5F7, 0xC5F7, 0xC5F7, 0xC5F7, 0xC5F7,
    0xC5D7, 0xC5D7, 0xC5D7, 0xC5D7, 0xC5D7, 0xC5D7, 0xC5D7, 0xC5D7,
    0xC5D7, 0xC5D7, 0xC5D7, 0xC5D7, 0xC5D7, 0xC5D7, 0xC5D7, 0xC5D7,
    0xC5D7, 0xC5D7, 0xC5D7, 0xC5D7, 0xC5D7, 0xC5F7, 0xC5D7, 0xC5F7,
    0xC5F7, 0xC5F7, 0xC5F7, 0xC5F7, 0xC5F7, 0xC5F7, 0xC5F7, 0xCDF7,
    0xCDF8, 0xC5F7, 0xC5F7, 0xC5D7, 0xC596, 0xBD54, 0xB4F2, 0xB4B0,
    0xB46E, 0xB42C, 0xB42B, 0xBC6C, 0xC4AF, 0xC511, 0xCD74, 0xCDB5,
    0xCDF6, 0xD617, 0xD638, 0xD638, 0xCE17, 0xCDF7, 0xC5D7, 0xC5B6,
    0xC5B6, 0xBD75, 0xBD75, 0xBD75, 0xBD75, 0xBD75, 0xBD75, 0xBD75,
    0x4262, 0x3A41, 0x2A00, 0x29E0, 0x29E0, 0x2A00, 0x3220, 0x3260,
    0x3280, 0x3260, 0x3240, 0x2A00, 0x2A00, 0x21C0, 0x21A0, 0x2180,
    0x2180, 0x2180, 0x21C0, 0x29E0, 0x2A00, 0x2A00, 0x2A00, 0x2A20,
    0x3240, 0x3A80, 0x42A1, 0x4AA3, 0x52C4, 0x5AE4, 0x6305, 0x6B47,
    0x6B27, 0xCD92, 0xFF59, 0xF653, 0xF674, 0xF654, 0xF632, 0xF5F1,
    0xED6F, 0xEDF1, 0xED8F, 0xE4ED, 0xE4CD, 0xDC8C, 0xDC2B, 0xD40A,
    0xCBCA, 0xCB89, 0xCB48, 0xCB28, 0xC308, 0xCB69, 0xC328, 0xC328,
    0xC307, 0xD42A, 0xE4AC, 0xED4F, 0xEDD1, 0xF653, 0xF632, 0xFE74,
    0xFEB6, 0xFE95, 0xFE95, 0xFE53, 0xFDAE, 0xFD08, 0xFCE8, 0xFCC7,
    0xFC87, 0xF446, 0xF405, 0xEBC5, 0xF405, 0xF3C4, 0xEC48, 0xCDD6,
    0xC618, 0xC5F7, 0xC5F8, 0xC5F8, 0xC5F8, 0xC5F8, 0xC5F8, 0xC5F8,
    0xC5F8, 0xC5F8, 0xC5F8, 0xC5F8, 0xCDF6, 0xFD4B, 0xF467, 0xF467,
    0xF446, 0xF446, 0xEBE5, 0xF405, 0xFC66, 0xFCA7, 0xFCE8, 0xFC87,
    0xF446, 0xF467, 0xF487, 0xEBE5, 0xD324, 0xBAC3, 0xAA62, 0x89A1,
    0x50E1, 0x40C1, 0x2020, 0x0800, 0x0000, 0x1000, 0x2020, 0x2820,
    0x1820, 0x1820, 0x2020, 0x1800, 0x0800, 0x1020, 0x1820, 0x2020,
    0x2040, 0x2040, 0x4880, 0x2020, 0x2860, 0x3880, 0x48C1, 0x50E1,
    0x58E0, 0x3060, 0x0800, 0x1820, 0x2020, 0x3060, 0x3880, 0x6982,
    0x8B09, 0xAC2F, 0xBD54, 0xAB69, 0xA221, 0xBAC3, 0xD324, 0xE384,
    0xE384, 0xDB23, 0xE384, 0xEBE5, 0xF405, 0xF466, 0xFCA7, 0xFD8B,
    0xFD4A, 0xFD4A, 0xFD29, 0xF4A8, 0xF467, 0xDB85, 0xEBE5, 0xD572,
    0xC5F8, 0xC5F7, 0xC5F7, 0xC5F7, 0xC5F7, 0xC5F7, 0xC5F7, 0xC5F7,
    0xC5F7, 0xC5F7, 0xC5D7, 0xC5F7, 0xC5D7, 0xC5F7, 0xC5D7, 0xC5D7,
    0xC5D7, 0xC5D7, 0xC5D7, 0xC5D7, 0xC5D7, 0xC5D7, 0xC5D7, 0xC5D7,
    0xC5D7, 0xC5D7, 0xC5D7, 0xC5D7, 0xC5D7, 0xC5D7, 0xC5D7, 0xC5F7,
    0xC5F7, 0xC5F7, 0xC5F7, 0xC5F8, 0xC5F7, 0xC5F7, 0xC5F7, 0xCDF7,
    0xCDF7, 0xCDF7, 0xC5F7, 0xC5D7, 0xC595, 0xBD54, 0xB4F2, 0xB4B0,
    0xB46E, 0xB42C, 0xBC2B, 0xBC6D, 0xC4CF, 0xC511, 0xCD74, 0xCDB5,
    0xCDF6, 0xD618, 0xD638, 0xD638, 0xCE17, 0xCDF7, 0xC5D7, 0xC5B6,
    0xC5B6, 0xBD75, 0xBD75, 0xBD75, 0xBD75, 0xBD95, 0xBD96, 0xBD96,
    0x4263, 0x3A42, 0x3200, 0x29E0, 0x29E0, 0x29E0, 0x2A20, 0x3260,
    0x3260, 0x3240, 0x3220, 0x2A00, 0x29E0, 0x21C0, 0x2180, 0x2180,
    0x2160, 0x2180, 0x29E0, 0x2A00, 0x2A00, 0x2A00, 0x2A20, 0x3240,
    0x3A60, 0x4281, 0x4AA3, 0x52C4, 0x5AE5, 0x6326, 0x6B47, 0x7368,
    0x7328, 0xB510, 0xFF7A, 0xF653, 0xFE95, 0xF654, 0xF612, 0xF5F1,
    0xEDB0, 0xEDB0, 0xED4F, 0xE4ED, 0xE4EE, 0xE4AD, 0xDC4C, 0xDC2B,
    0xD40B, 0xD3EB, 0xCB69, 0xC308, 0xC308, 0xC308, 0xC2E7, 0xBAA7,
    0xBA66, 0xC2C7, 0xCB69, 0xDC4B, 0xED90, 0xF5F1, 0xF633, 0xFE53,
    0xFE33, 0xFE53, 0xFE74, 0xFE32, 0xFE12, 0xFDEF, 0xFD08, 0xF467,
    0xEBE5, 0xEBE6, 0xEBC5, 0xE384, 0xE344, 0xEBA5, 0xEB43, 0xEC08,
    0xCDD6, 0xC618, 0xC5F7, 0xC5F8, 0xC5F8, 0xC5F8, 0xC5F8, 0xC5F8,
    0xC5F8, 0xC618, 0xC618, 0xC618, 0xCDF6, 0xF4C9, 0xFCA7, 0xF4A8,
    0xF426, 0xFCA7, 0xF426, 0xF3E5, 0xFCA7, 0xFCE8, 0xFD29, 0xFD08,
    0xFC87, 0xF446, 0xEC26, 0xEBE5, 0xDB85, 0xDBA5, 0xCB64, 0x9A01,
    0x4880, 0x3040, 0x3060, 0x2880, 0x3080, 0x38A0, 0x3080, 0x2020,
    0x0800, 0x1000, 0x2840, 0x2020, 0x0800, 0x0000, 0x1820, 0x2020,
    0x1820, 0x2020, 0x3040, 0x1000, 0x1020, 0x1000, 0x48E1, 0x6101,
    0x3060, 0x1800, 0x1800, 0x1020, 0x2040, 0x2020, 0x3060, 0x61A3,
    0x7246, 0xBD54, 0xA44E, 0x7960, 0xB2A3, 0xD324, 0xE3A5, 0xDB84,
    0xD303, 0xD323, 0xEC26, 0xF446, 0xF426, 0xF446, 0xFD08, 0xFD6A,
    0xFD08, 0xF487, 0xF446, 0xEC26, 0xEC47, 0xDB63, 0xE48A, 0xC618,
    0xC5F7, 0xC5F7, 0xC5F7, 0xC5F7, 0xC5F7, 0xC5F7, 0xC5F7, 0xC5F7,
    0xC5F7, 0xC5F7, 0xC5F7, 0xC5F7, 0xC5D7, 0xC5D7, 0xC5D7, 0xC5F7,
    0xC5F7, 0xC5D7, 0xC5D7, 0xC5D7, 0xC5D7, 0xC5D7, 0xC5D7, 0xC5D7,
    0xC5D7, 0xC5D7, 0xC5D7, 0xC5D7, 0xC5F7, 0xC5D7, 0xC5F8, 0xC5F7,
    0xC5F7, 0xC5F7, 0xC5F8, 0xC5F8, 0xC5F7, 0xC5F7, 0xC5F7, 0xC5F7,
    0xCDF7, 0xC5F7, 0xC5F7, 0xC5D7, 0xC595, 0xBD54, 0xBCF2, 0xB4B0,
    0xB46E, 0xB44C, 0xBC4B, 0xBC8D, 0xC4CF, 0xCD32, 0xCD74, 0xCDB5,
    0xCDF7, 0xD618, 0xD638, 0xD638, 0xCE18, 0xCDF7, 0xC5D7, 0xC5B6,
    0xC596, 0xBD75, 0xBD75, 0xBD75, 0xBD75, 0xBD96, 0xBD96, 0xBD96,
    0x4A63, 0x3A42, 0x3A22, 0x3201, 0x2A00, 0x29E0, 0x2A00, 0x3220,
    0x3220, 0x3200, 0x29E0, 0x29C0, 0x21A0, 0x2180, 0x1960, 0x1960,
    0x1960, 0x2180, 0x29E0, 0x2A00, 0x2A00, 0x2A00, 0x3220, 0x3240,
    0x3A80, 0x4AA3, 0x52C4, 0x5AE5, 0x6326, 0x6B47, 0x7369, 0x7B8A,
    0x7B49, 0xACD0, 0xFF59, 0xF611, 0xF5F1, 0xF654, 0xF632, 0xF5F1,
    0xEDAF, 0xF5F1, 0xEDB0, 0xED0E, 0xED2F, 0xE4EE, 0xE4AD, 0xE48D,
    0xDC4C, 0xDC2C, 0xD3CB, 0xD369, 0xC2E8, 0xC2E8, 0xC2C7, 0xBAA7,
    0xBAA6, 0xBA86, 0xBA66, 0xBAA6, 0xD3CA, 0xE50E, 0xF5D1, 0xF632,
    0xFE53, 0xFE53, 0xFE54, 0xFE32, 0xFE73, 0xFE31, 0xFD6A, 0xF487,
    0xEBA5, 0xDB44, 0xE344, 0xE344, 0xDB24, 0xDB44, 0xE365, 0xDB03,
    0xE407, 0xCE17, 0xC618, 0xC5F8, 0xC5F8, 0xC5F8, 0xC5F8, 0xC5F8,
    0xC618, 0xC5F8, 0xC618, 0xC618, 0xC618, 0xECCA, 0xFC87, 0xF487,
    0xFCA7, 0xFCC8, 0xFC87, 0xFCE8, 0xFCA7, 0xFCC8, 0xFD09, 0xFCE8,
    0xFCC8, 0xFC67, 0xEBE5, 0xE384, 0xDB44, 0xDB85, 0xD344, 0xB282,
    0x9A22, 0xA263, 0xBAE4, 0xBAA2, 0xAA22, 0x81A1, 0x5900, 0x3880,
    0x2860, 0x2040, 0x1800, 0x1000, 0x0000, 0x0000, 0x1000, 0x1820,
    0x1820, 0x1000, 0x1000, 0x1000, 0x0800, 0x1000, 0x3880, 0x3060,
    0x1000, 0x1820, 0x1000, 0x0800, 0x1820, 0x2040, 0x2040, 0x3060,
    0x832B, 0xACB2, 0x6961, 0x89E1, 0xAA63, 0xD344, 0xDBA5, 0xE3A5,
    0xDB44, 0xE3A5, 0xF467, 0xFC87, 0xFCC7, 0xFD08, 0xFD29, 0xFD29,
    0xFD08, 0xFD08, 0xF487, 0xF4C8, 0xE3E6, 0xEBE5, 0xD593, 0xBDF8,
    0xC5F7, 0xC5F7, 0xC5F7, 0xC5F7, 0xC5F7, 0xC5F7, 0xC5F7, 0xC5F7,
    0xC5F7, 0xC5F7, 0xC5F7, 0xC5F7, 0xC5F7, 0xC5D7, 0xC5F7, 0xC5F7,
    0xC5F7, 0xC5F7, 0xC5D7, 0xC5D7, 0xC5D7, 0xC5D7, 0xC5F7, 0xC5F7,
    0xC5F7, 0xC5D7, 0xC5F7, 0xC5F7, 0xC5F7, 0xC5F7, 0xC5F8, 0xC5F7,
    0xC5F7, 0xC5F8, 0xC5F8, 0xC5F7, 0xC5F8, 0xCDF7, 0xCDF7, 0xCDF7,
    0xCDF7, 0xC5F7, 0xC5F7, 0xC5D7, 0xC595, 0xBD54, 0xBD12, 0xBCD0,
    0xB48F, 0xBC4D, 0xBC4C, 0xC48D, 0xC4F0, 0xCD32, 0xCD94, 0xCDD5,
    0xCDF7, 0xD618, 0xD638, 0xD638, 0xCE18, 0xCDF7, 0xC5D7, 0xC5B6,
    0xC5B6, 0xBD75, 0xBD75, 0xBD75, 0xBD96, 0xBD96, 0xBD76, 0xBD96,
    0x4A63, 0x4242, 0x3A22, 0x3A22, 0x3201, 0x3200, 0x3201, 0x3A41,
    0x3A62, 0x3A42, 0x3A22, 0x3A02, 0x31E2, 0x29C2, 0x29A1, 0x29A1,
    0x2981, 0x29C1, 0x3201, 0x3200, 0x2A00, 0x2A00, 0x3220, 0x3A60,
    0x4282, 0x4AA3, 0x5AE5, 0x6306, 0x6B48, 0x7B69, 0x7B6A, 0x838B,
    0x838B, 0x93EC, 0xF6D8, 0xFEB5, 0xF5F1, 0xF633, 0xF612, 0xF611,
    0xFE53, 0xF5F1, 0xF5B0, 0xED90, 0xED2F, 0xED0F, 0xECEE, 0xE48D,
    0xE48D, 0xE42C, 0xE42C, 0xDBEB, 0xCB29, 0xCAE8, 0xC2E8, 0xC2A7,
    0xBA86, 0xBAA7, 0xB246, 0xB246, 0xB245, 0xBAE7, 0xE52F, 0xFE74,
    0xFE74, 0xFE74, 0xFE74, 0xFED6, 0xFE73, 0xFDF0, 0xFD6B, 0xF487,
    0xEBC5, 0xE344, 0xDB04, 0xD2C3, 0xD2E3, 0xDB24, 0xDB03, 0xDB04,
    0xDAE3, 0xE409, 0xCE17, 0xC618, 0xC5F7, 0xC5F8, 0xC5F8, 0xC618,
    0xC618, 0xC618, 0xC618, 0xC618, 0xCE18, 0xECEC, 0xF426, 0xF487,
    0xFD29, 0xFCA7, 0xFCC7, 0xFD6A, 0xFD49, 0xFCC8, 0xFC86, 0xFC87,
    0xFC86, 0xEBE5, 0xEBC5, 0xEC47, 0xF4E9, 0xF509, 0xEC27, 0xE3C6,
    0xDB65, 0xD2E4, 0xCAC3, 0xC2A3, 0xB242, 0x89A1, 0x7140, 0x7120,
    0x58C0, 0x4080, 0x3060, 0x3060, 0x2040, 0x1020, 0x1000, 0x1000,
    0x1820, 0x0800, 0x1020, 0x1020, 0x1800, 0x2840, 0x2040, 0x0800,
    0x0000, 0x0000, 0x1000, 0x1820, 0x1000, 0x1820, 0x0000, 0x4164,
    0x940F, 0x5942, 0x7960, 0xAA62, 0xBAA3, 0xD344, 0xE3C5, 0xEBC5,
    0xEBE5, 0xF446, 0xF446, 0xFCA7, 0xFD29, 0xFD08, 0xFCC7, 0xFC87,
    0xFD09, 0xFD09, 0xF446, 0xF447, 0xDB43, 0xED0C, 0xC618, 0xC5F7,
    0xC5F7, 0xC5F7, 0xC5F7, 0xC5F7, 0xC5F7, 0xC5F7, 0xC5F7, 0xC5F7,
    0xC5F7, 0xC5F7, 0xC5D7, 0xC5F7, 0xC5D7, 0xC5F7, 0xC5F7, 0xC5F7,
    0xC5F7, 0xC5F7, 0xC5F7, 0xC5F7, 0xC5D7, 0xC5F7, 0xC5F7, 0xC5F7,
    0xC5F7, 0xC5F7, 0xC5F8, 0xC5F7, 0xC5F8, 0xC5F7, 0xC5F7, 0xC5F7,
    0xC5F7, 0xC5F8, 0xC5F8, 0xC5F8, 0xC5F8, 0xCDF8, 0xCE18, 0xCDF8,
    0xCDF7, 0xCDF7, 0xCDF7, 0xC5D7, 0xC595, 0xBD54, 0xBD12, 0xBCD1,
    0xBC8F, 0xBC6D, 0xBC4C, 0xC4AE, 0xC4F0, 0xCD32, 0xCD94, 0xCDD6,
    0xCDF7, 0xD618, 0xD638, 0xD638, 0xCE18, 0xCDF7, 0xCDD7, 0xC5D7,
    0xC5B6, 0xBD76, 0xBD76, 0xBD96, 0xBD96, 0xBD96, 0xBD96, 0xBD96,
    0x5264, 0x4A64, 0x4A64, 0x4A65, 0x4A85, 0x4A86, 0x52A6, 0x52C7,
    0x5AE8, 0x5B09, 0x5B08, 0x5AE8, 0x5AC8, 0x52A8, 0x5288, 0x5288,
    0x4A88, 0x4AA7, 0x52A7, 0x4AA6, 0x4284, 0x4264, 0x4263, 0x4283,
    0x4A83, 0x52A4, 0x5AE6, 0x6B07, 0x7349, 0x7B6A, 0x838A, 0x8BAB,
    0x8BCC, 0x838B, 0xD5D4, 0xFF17, 0xF5AF, 0xF5AF, 0xF653, 0xFE74,
    0xF632, 0xF5B0, 0xF5B0, 0xED6F, 0xED0E, 0xECEE, 0xECAD, 0xECEF,
    0xEC8E, 0xEC8E, 0xE44D, 0xDBCB, 0xDBAA, 0xD349, 0xCB09, 0xC2C8,
    0xC2A7, 0xBAA7, 0xBA66, 0xB225, 0xAA25, 0xAA05, 0xB2C7, 0xE4EE,
    0xFE33, 0xFE95, 0xFED6, 0xFED6, 0xFE53, 0xFDD0, 0xF54C, 0xF467,
    0xEBA5, 0xE344, 0xDB04, 0xD2E4, 0xD2C3, 0xDB24, 0xDAE3, 0xD2A3,
    0xD2E4, 0xDB02, 0xE46A, 0xC618, 0xC5F8, 0xC5F8, 0xC618, 0xC618,
    0xC618, 0xC618, 0xC618, 0xC618, 0xD637, 0xEC48, 0xF426, 0xFD09,
    0xFCE8, 0xF466, 0xFD8A, 0xFD49, 0xFD49, 0xFD49, 0xFCC8, 0xFCE8,
    0xFD09, 0xFD6A, 0xFE2D, 0xFDCB, 0xFD09, 0xEC27, 0xDB44, 0xCAE4,
    0xCAC3, 0xC2A3, 0xC2A3, 0xC2A3, 0xBA62, 0xA1C1, 0x99A1, 0xA1C1,
    0xC2E4, 0xBAE4, 0x9A02, 0x7960, 0x7940, 0x7120, 0x48C0, 0x2860,
    0x2020, 0x1000, 0x0800, 0x1820, 0x48C0, 0x40A0, 0x2020, 0x2040,
    0x3060, 0x5900, 0x7980, 0x7980, 0x7160, 0x6121, 0x40E1, 0x7B4C,
    0x59E6, 0x50A0, 0xA242, 0xC2C3, 0xD324, 0xDB64, 0xEBC5, 0xF426,
    0xF487, 0xF466, 0xF466, 0xFCA7, 0xFCC7, 0xFD08, 0xFCC7, 0xFCE8,
    0xFCE8, 0xF3E5, 0xF467, 0xEC06, 0xDB23, 0xE56F, 0xBE19, 0xC5F7,
    0xC5F7, 0xC5F7, 0xC5F7, 0xC5F7, 0xC5F7, 0xC5F7, 0xC5F7, 0xC5F7,
    0xC5F7, 0xC5F7, 0xC5F7, 0xC5D7, 0xC5F7, 0xC5F7, 0xC5F7, 0xC5F8,
    0xC5F8, 0xC5F7, 0xC5F7, 0xC5F7, 0xC5F7, 0xC5F7, 0xC5F7, 0xC5F7,
    0xC5F7, 0xC5F8, 0xC5F8, 0xC5F8, 0xC5F8, 0xC5F8, 0xCE39, 0xCE39,
    0xCE18, 0xCE18, 0xCE18, 0xCE18, 0xCE18, 0xCE18, 0xC5F8, 0xC5F8,
    0xC5F8, 0xC5F8, 0xC5F7, 0xC5D7, 0xC5B6, 0xBD74, 0xBD33, 0xBCF1,
    0xBCAF, 0xBC6D, 0xBC6C, 0xC4AE, 0xC4F0, 0xCD52, 0xCD94, 0xCDD6,
    0xCDF7, 0xD618, 0xD638, 0xD638, 0xCE18, 0xCE18, 0xCDF7, 0xC5D7,
    0xC5B6, 0xBD96, 0xBD76, 0xBD96, 0xBD96, 0xBD96, 0xBDB6, 0xBD96,
    0x5AA6, 0x5AA7, 0x5AC7, 0x62C8, 0x62E9, 0x6B0A, 0x6B4B, 0x6B4B,
    0x736B, 0x7B8C, 0x7B8C, 0x738C, 0x736C, 0x734C, 0x6B4C, 0x6B4C,
    0x6B4C, 0x6B4B, 0x6B2B, 0x6B2A, 0x6309, 0x5B09, 0x5AE7, 0x5AE6,
    0x5AC6, 0x5AC6, 0x62E7, 0x6B08, 0x7B49, 0x7B6A, 0x838B, 0x8BAB,
    0x8BCC, 0x8BAC, 0xCD92, 0xFF38, 0xF611, 0xED8F, 0xF5F1, 0xF612,
    0xF5D1, 0xED8F, 0xED4E, 0xED90, 0xF5B1, 0xED0F, 0xF50F, 0xECCF,
    0xEC8E, 0xEC8E, 0xE40C, 0xE3EC, 0xDBCB, 0xDB8B, 0xD34A, 0xCB29,
    0xC2C7, 0xBA87, 0xBA87, 0xB246, 0xB226, 0xB225, 0xB245, 0xC328,
    0xED50, 0xFE54, 0xFE94, 0xFE74, 0xFE11, 0xF5B0, 0xF58E, 0xF4C9,
    0xF447, 0xEBC5, 0xD304, 0xD2E4, 0xCAC3, 0xCAA3, 0xD2E3, 0xD2E3,
    0xDB24, 0xE365, 0xDAE2, 0xDC8C, 0xC65A, 0xC618, 0xC618, 0xC618,
    0xC618, 0xC618, 0xC618, 0xC618, 0xD616, 0xEC47, 0xF4A8, 0xFD29,
    0xFCA7, 0xFD4A, 0xFDCB, 0xFDAB, 0xFDAC, 0xFD2A, 0xFD09, 0xFDED,
    0xFE4E, 0xFDAB, 0xEC87, 0xEBE6, 0xEBC6, 0xDB65, 0xDB44, 0xD324,
    0xE385, 0xDB64, 0xD303, 0xCAC3, 0xBA83, 0xB282, 0xDBA5, 0xF4C8,
    0xFCE8, 0xEBE5, 0xBA62, 0xA1E1, 0xA201, 0xAA21, 0x99E1, 0x7140,
    0x50E0, 0x40C0, 0x40A0, 0x6920, 0x91C1, 0x9A02, 0x9201, 0x81C1,
    0x7960, 0x91A1, 0xAA01, 0xAA22, 0xBA62, 0xC282, 0xCB45, 0xBB67,
    0x9A63, 0x9222, 0xB282, 0xD324, 0xDB65, 0xE3A5, 0xEC06, 0xF487,
    0xFC87, 0xFC87, 0xFCC7, 0xFCA7, 0xFCE8, 0xFD49, 0xFD6A, 0xFD8B,
    0xFD08, 0xFD29, 0xFCE8, 0xE3A5, 0xE3A4, 0xD5D4, 0xC5F8, 0xC5D7,
    0xC5F7, 0xC5F7, 0xC5F7, 0xC5F7, 0xC5F7, 0xC5F7, 0xC5F7, 0xC5F7,
    0xC5F7, 0xC5F7, 0xC5F7, 0xC5F7, 0xC5F7, 0xC5F7, 0xC5F7, 0xC5F8,
    0xC5F8, 0xC5F7, 0xC5F7, 0xC5F7, 0xC5F7, 0xC5F7, 0xC5F8, 0xC618,
    0xC618, 0xCE18, 0xD658, 0xE698, 0xE6B8, 0xF6B7, 0xFE32, 0xFDCF,
    0xF5AE, 0xF58E, 0xF5AE, 0xF632, 0xF6B7, 0xF6B7, 0xEE97, 0xEE76,
    0xE656, 0xDE37, 0xD637, 0xD638, 0xC595, 0xBD54, 0xBD13, 0xBD12,
    0xBCCF, 0xBC8E, 0xBC6D, 0xC4AE, 0xC4F0, 0xCD52, 0xCD94, 0xCDD6,
    0xD5F7, 0xD618, 0xD638, 0xD638, 0xD638, 0xCE18, 0xCDF7, 0xC5D7,
    0xC5B6, 0xBD96, 0xBD96, 0xBD96, 0xBD96, 0xBDB6, 0xC5B7, 0xBDB7,
    0x62E8, 0x6B09, 0x732A, 0x7B4B, 0x7B8C, 0x83AD, 0x8BCE, 0x8BEE,
    0x8C0E, 0x8C0F, 0x940F, 0x942F, 0x8C0F, 0x8C0F, 0x8C0F, 0x8C0F,
    0x8BEF, 0x83EE, 0x83CE, 0x7BCD, 0x7BAC, 0x738B, 0x736A, 0x6B49,
    0x6B08, 0x6B08, 0x6B08, 0x7329, 0x7B4A, 0x838B, 0x8B8B, 0x8BAC,
    0x93AC, 0x93AC, 0xB48F, 0xF654, 0xFE53, 0xED8F, 0xF5D0, 0xF611,
    0xF5F1, 0xF5D0, 0xF5D0, 0xF5F1, 0xED4E, 0xECEE, 0xECEE, 0xECCE,
    0xECAE, 0xEC4D, 0xEC4D, 0xE42D, 0xDBAB, 0xDB8B, 0xD36A, 0xCB29,
    0xC2C8, 0xBA87, 0xBA66, 0xB225, 0xB226, 0xB225, 0xB225, 0xAA25,
    0xC349, 0xED90, 0xF612, 0xF5F1, 0xF5F1, 0xFE53, 0xFE31, 0xFDCF,
    0xF487, 0xE384, 0xDB44, 0xDB64, 0xCAA3, 0xB222, 0xCAA3, 0xD2E3,
    0xDB24, 0xE364, 0xE364, 0xEBA4, 0xDD71, 0xC639, 0xC618, 0xCE18,
    0xC618, 0xCE18, 0xCE18, 0xC639, 0xD5B3, 0xF466, 0xFCE8, 0xFD8B,
    0xFDAC, 0xFD6B, 0xF4A8, 0xEC27, 0xEBE6, 0xE385, 0xFDAC, 0xFE90,
    0xFD09, 0xDB23, 0xDB04, 0xE3A5, 0xE3A5, 0xDB44, 0xDB65, 0xE3A5,
    0xE3A5, 0xE385, 0xDB44, 0xCAC3, 0xD345, 0xF4E9, 0xFDAA, 0xFD69,
    0xFCC7, 0xE3A5, 0xC2A3, 0xB222, 0xAA22, 0xB242, 0xB242, 0xA222,
    0x81C1, 0x9A42, 0xAA22, 0xB242, 0xC2A3, 0xCAE3, 0xDB44, 0xE3C5,
    0xD385, 0xCB24, 0xC2E4, 0xAA63, 0xA222, 0xAA22, 0xBA62, 0xE364,
    0xF407, 0xF426, 0xEC47, 0xE3E6, 0xE364, 0xDB64, 0xEC06, 0xF487,
    0xF466, 0xFCA7, 0xFD08, 0xFD08, 0xFD49, 0xFD49, 0xFD6A, 0xFD6A,
    0xFDCC, 0xF487, 0xF405, 0xF426, 0xE46A, 0xC618, 0xC5F7, 0xC5D7,
    0xC5F7, 0xC5F7, 0xC5F7, 0xC5F7, 0xC5F7, 0xC5F7, 0xC5F7, 0xC5F7,
    0xC5F7, 0xC5F7, 0xC5F7, 0xC5F7, 0xC5F7, 0xC5F7, 0xC5F8, 0xC5F8,
    0xC5F8, 0xC5F7, 0xC5F7, 0xC5F7, 0xC618, 0xCE38, 0xCDF6, 0xDD92,
    0xED8F, 0xFED6, 0xFF37, 0xFF37, 0xFF16, 0xFE4F, 0xFD69, 0xFD8B,
    0xFE30, 0xFE72, 0xFEB4, 0xFF58, 0xFF79, 0xFF59, 0xFF38, 0xFF38,
    0xFF79, 0xFF79, 0xFF9B, 0xFF7C, 0xF73B, 0xEED9, 0xE677, 0xDDF5,
    0xC4F0, 0xBC6D, 0xBC6D, 0xC4AE, 0xC510, 0xCD53, 0xCDB5, 0xCDD6,
    0xD617, 0xD638, 0xD638, 0xD638, 0xD638, 0xCE18, 0xCDF7, 0xC5D7,
    0xC5B6, 0xBD96, 0xBD96, 0xBD96, 0xBD96, 0xC5B7, 0xC5B7, 0xBDB7,
    0x732A, 0x7B6B, 0x8BAD, 0x93EE, 0x940F, 0x9C50, 0x9C70, 0xA491,
    0xA4B1, 0xA4B2, 0xA4D2, 0xACB2, 0xACB2, 0xA4D2, 0xACD2, 0xA4D2,
    0xA4B2, 0x9C91, 0x9C71, 0x9C50, 0x942F, 0x8C0E, 0x8BCD, 0x838B,
    0x7B6A, 0x7B49, 0x7349, 0x7B49, 0x836A, 0x8B8B, 0x8B8B, 0x8BAC,
    0x93AC, 0x93AC, 0x8B6B, 0xAC8F, 0xFEF7, 0xFE74, 0xFE94, 0xFE53,
    0xF5F1, 0xF5D0, 0xF5F1, 0xF5B0, 0xF5B0, 0xED2F, 0xECCE, 0xF50F,
    0xF4CF, 0xEC6E, 0xEC8E, 0xEC2D, 0xE40D, 0xDB8B, 0xDBAB, 0xD349,
    0xC2A7, 0xBA87, 0xBA66, 0xB226, 0xB246, 0xB226, 0xAA05, 0xAA05,
    0xB266, 0xCBCA, 0xE52F, 0xF5D1, 0xFE95, 0xFEB5, 0xFDF0, 0xFD8E,
    0xFD0A, 0xF405, 0xEC05, 0xEC06, 0xCAC3, 0xBA22, 0xC282, 0xCAA3,
    0xD2E3, 0xD2E3, 0xDB24, 0xEBC5, 0xF3E5, 0xE571, 0xC619, 0xC618,
    0xCE18, 0xC618, 0xC618, 0xC659, 0xDD92, 0xFCE9, 0xFD6B, 0xF4E9,
    0xEC27, 0xE324, 0xDB03, 0xDB04, 0xE364, 0xF50A, 0xFE8F, 0xFD6A,
    0xE384, 0xD304, 0xE385, 0xE385, 0xDB44, 0xE385, 0xE385, 0xE385,
    0xDB23, 0xD2C3, 0xD2E3, 0xEC06, 0xFD8B, 0xFE2C, 0xFDAA, 0xFCE7,
    0xEC05, 0xD2C3, 0xD2C3, 0xD2E3, 0xD2E3, 0xCAE3, 0xC2A3, 0xB262,
    0xA242, 0xBAA3, 0xCAC3, 0xD304, 0xD2E4, 0xD2E3, 0xDB24, 0xF3E5,
    0xFCA7, 0xFCE8, 0xE3E6, 0xBAC3, 0xB283, 0xBA82, 0xCAA3, 0xD2C3,
    0xD2C3, 0xD2C3, 0xEBA5, 0xFCA8, 0xFCE8, 0xF406, 0xF426, 0xF467,
    0xFCA7, 0xFD08, 0xFD29, 0xFD29, 0xFD49, 0xFCC7, 0xFD29, 0xFD09,
    0xF3E6, 0xEBE6, 0xF447, 0xFC46, 0xE4ED, 0xC619, 0xC5F7, 0xC5F7,
    0xC5F7, 0xC5F7, 0xC5D7, 0xC5F7, 0xC5F7, 0xC5F7, 0xC5F7, 0xC5D7,
    0xC5F7, 0xC5F7, 0xC5F7, 0xC5F8, 0xC5F8, 0xC5F8, 0xC5F8, 0xC618,
    0xC618, 0xC618, 0xC618, 0xCE18, 0xD593, 0xDC4B, 0xEBC6, 0xFC25,
    0xFD8B, 0xFED4, 0xFED4, 0xFED4, 0xFEB2, 0xFE0E, 0xFE50, 0xFEF6,
    0xFF7A, 0xFF7A, 0xFF9A, 0xFF7A, 0xFF7A, 0xFF9B, 0xFF9B, 0xFFBC,
    0xFF9C, 0xFFBC, 0xFFBC, 0xFFBC, 0xFFDD, 0xFFDD, 0xFFDD, 0xFFBC,
    0xF71A, 0xE676, 0xD551, 0xCD10, 0xC4F0, 0xCD53, 0xCDB5, 0xD5D6,
    0xD617, 0xD638, 0xD638, 0xD638, 0xCE18, 0xCE18, 0xCDF7, 0xC5D7,
    0xC5B6, 0xBD96, 0xBD96, 0xBD96, 0xBD97, 0xBD97, 0xBDB7, 0xBDB7,
    0x836C, 0x8BAD, 0x940E, 0x9C50, 0xA491, 0xACD2, 0xACF3, 0xB513,
    0xB534, 0xB554, 0xB554, 0xB534, 0xBD34, 0xB554, 0xB554, 0xB534,
    0xB533, 0xAD13, 0xACF3, 0xACD2, 0xA4B1, 0x9C50, 0x940E, 0x8BCD,
    0x83AC, 0x836B, 0x836A, 0x836A, 0x838B, 0x8BAB, 0x93AB, 0x93AC,
    0x93AC, 0x93AC, 0x8B8B, 0xAC6F, 0xFF18, 0xFE53, 0xEDB0, 0xF611,
    0xF653, 0xFE53, 0xF5F1, 0xF612, 0xF633, 0xED4F, 0xF570, 0xF50F,
    0xECAE, 0xF48E, 0xF4AF, 0xEC6E, 0xEC2D, 0xE40D, 0xDBAB, 0xD36A,
    0xCB09, 0xCB09, 0xC2A8, 0xBA87, 0xBA67, 0xAA25, 0xA1E4, 0xAA05,
    0xAA05, 0xB266, 0xED50, 0xFE74, 0xFE74, 0xFE74, 0xFE11, 0xFDAF,
    0xF54C, 0xF446, 0xEC05, 0xE364, 0xCAC3, 0xC262, 0xCAC3, 0xCAC3,
    0xCAC3, 0xD304, 0xE364, 0xEBC5, 0xEC05, 0xF446, 0xE52E, 0xCE17,
    0xCE39, 0xCE18, 0xC639, 0xD5D5, 0xECAA, 0xEC26, 0xDB85, 0xDB44,
    0xDB44, 0xE385, 0xE3C6, 0xE344, 0xF4C9, 0xFE4E, 0xFDEC, 0xF447,
    0xDB44, 0xDB44, 0xEBC6, 0xDB65, 0xDB64, 0xE385, 0xE384, 0xE364,
    0xCAC3, 0xCA82, 0xD303, 0xF4C8, 0xFD08, 0xFD29, 0xFD08, 0xF3E5,
    0xDB03, 0xD2C3, 0xE364, 0xEBA5, 0xE343, 0xDB24, 0xDB44, 0xC2E3,
    0xBA62, 0xCAE3, 0xDB65, 0xDB44, 0xD303, 0xD2E3, 0xD2E3, 0xE344,
    0xF3E5, 0xFD29, 0xF54A, 0xEC67, 0xDB85, 0xDB45, 0xD303, 0xD303,
    0xD2E3, 0xC2C3, 0xC283, 0xDAC3, 0xFC67, 0xFD8B, 0xFCC8, 0xF467,
    0xFCC8, 0xFD08, 0xFD4A, 0xFD08, 0xFCE8, 0xFCE8, 0xFD29, 0xFD8B,
    0xFCC8, 0xF446, 0xE3A5, 0xE363, 0xDD0F, 0xBE19, 0xC5D7, 0xC5D7,
    0xC5F7, 0xC5F7, 0xC5D7, 0xC5F7, 0xC5F7, 0xC5F7, 0xC5F7, 0xC5F7,
    0xC5F7, 0xC5F7, 0xC5F7, 0xC5F7, 0xC5F8, 0xC5F8, 0xC618, 0xC5F8,
    0xC639, 0xD5F6, 0xE530, 0xE46A, 0xE364, 0xE343, 0xF3E5, 0xFC87,
    0xFDED, 0xFEB2, 0xFE71, 0xFEB2, 0xFEB2, 0xFED4, 0xFF38, 0xFF59,
    0xFF38, 0xFF7A, 0xFF38, 0xFF17, 0xFF38, 0xFF38, 0xFF5A, 0xFF59,
    0xFF9B, 0xFFBC, 0xFF59, 0xFF7A, 0xFF9B, 0xFF9B, 0xFF9B, 0xFFBC,
    0xFFDC, 0xFFDD, 0xFFBD, 0xFF7C, 0xEEF9, 0xDE36, 0xD5D5, 0xD5F6,
    0xD617, 0xD638, 0xD638, 0xD638, 0xCE18, 0xCE18, 0xCDF7, 0xC5D7,
    0xC5B7, 0xBD96, 0xBD96, 0xBD96, 0xBD97, 0xBDB7, 0xBDB7, 0xBDB7,
    0x8BAD, 0x93EE, 0xA44F, 0xAC91, 0xB4F2, 0xB513, 0xBD54, 0xC575,
    0xC595, 0xC5B6, 0xC5B6, 0xC5B6, 0xC5B6, 0xC5B6, 0xC596, 0xBD75,
    0xBD75, 0xBD55, 0xB554, 0xB534, 0xACF2, 0xA4B1, 0x9C4F, 0x940E,
    0x8BCD, 0x8BAC, 0x8B8B, 0x836A, 0x8B8B, 0x93AB, 0x93AC, 0x93AC,
    0x93AC, 0x93AC, 0x93AC, 0x93CD, 0xDDF4, 0xFED6, 0xEDD0, 0xF612,
    0xFE95, 0xFE53, 0xFE32, 0xFE54, 0xF612, 0xF5B0, 0xF54F, 0xF550,
    0xF510, 0xF4AE, 0xF48E, 0xF4AF, 0xEC0C, 0xEC2D, 0xE3EC, 0xDBCB,
    0xD38B, 0xD34A, 0xCB09, 0xC2A8, 0xC2A7, 0xBA66, 0xAA25, 0xAA05,
    0xAA25, 0xBAC8, 0xDCAE, 0xF612, 0xF632, 0xF611, 0xF5F0, 0xFDAF,
    0xF52C, 0xF4C9, 0xEBE5, 0xDB44, 0xC2A3, 0xC2A3, 0xD2C3, 0xD2C3,
    0xD2C3, 0xDB24, 0xE385, 0xEBC5, 0xF426, 0xF426, 0xF466, 0xF468,
    0xDDB3, 0xCE59, 0xDD71, 0xE3A5, 0xD2E3, 0xDB45, 0xDB45, 0xDB85,
    0xE3A5, 0xDB65, 0xDAE3, 0xEC06, 0xFE2E, 0xFDAA, 0xF446, 0xE364,
    0xDB44, 0xE385, 0xE3A6, 0xDB65, 0xD344, 0xDB24, 0xD303, 0xD2E3,
    0xCAE3, 0xDBC6, 0xFD8C, 0xFDAB, 0xFD28, 0xF3E5, 0xF3E5, 0xEB84,
    0xDB03, 0xDB03, 0xE344, 0xE343, 0xDB03, 0xD303, 0xCAC3, 0xCAC3,
    0xCAC3, 0xD324, 0xE3C6, 0xE3E6, 0xDB85, 0xCAE3, 0xD303, 0xDB23,
    0xEB64, 0xFCA7, 0xFDAA, 0xFD8A, 0xE385, 0xDB04, 0xD303, 0xD324,
    0xD324, 0xD324, 0xCB04, 0xCAC3, 0xE2E3, 0xFCA7, 0xFE0D, 0xFD09,
    0xF3E5, 0xF426, 0xFD29, 0xFD49, 0xFD6A, 0xFDCC, 0xFD4A, 0xFD6A,
    0xFD6A, 0xF487, 0xEBC5, 0xEBE6, 0xCD94, 0xBDF8, 0xC5D7, 0xC5D7,
    0xC5D7, 0xC5F7, 0xC5D7, 0xC5D7, 0xC5D7, 0xC5D7, 0xC5F7, 0xC5F7,
    0xC5F7, 0xC5F7, 0xC5F7, 0xC5F8, 0xC5F7, 0xC5F7, 0xC5F8, 0xCE17,
    0xEDD1, 0xE407, 0xDAE2, 0xE363, 0xEBC5, 0xEC06, 0xEBA5, 0xFC87,
    0xFE2F, 0xFE70, 0xFE71, 0xFED5, 0xFF38, 0xFF59, 0xFF38, 0xFF18,
    0xFF17, 0xFED6, 0xFEB5, 0xFEF7, 0xFEF7, 0xFF39, 0xFF59, 0xFF59,
    0xFF59, 0xFF38, 0xFF38, 0xFF18, 0xFF39, 0xFF59, 0xFF9B, 0xFF9B,
    0xFF9B, 0xFFBC, 0xFFDD, 0xFFFE, 0xFFFE, 0xFFDE, 0xF73B, 0xDE16,
    0xD618, 0xD638, 0xD638, 0xD638, 0xCE18, 0xCE18, 0xCDF7, 0xC5D7,
    0xC5B7, 0xBD96, 0xBD96, 0xBD96, 0xBD97, 0xBDB7, 0xBDB7, 0xBDB7,
    0x93EE, 0xA42F, 0xAC91, 0xB4D2, 0xBD13, 0xC574, 0xC595, 0xC5B6,
    0xCDD7, 0xCDF7, 0xCDF7, 0xCDF7, 0xCDF7, 0xCDF7, 0xCDD7, 0xC5D7,
    0xC5B6, 0xC5B6, 0xC595, 0xBD75, 0xB533, 0xACD2, 0xA490, 0x9C2F,
    0x93ED, 0x93AC, 0x8B8B, 0x8B6B, 0x8B8B, 0x93AB, 0x93AC, 0x93AC,
    0x93AB, 0x93AB, 0x93AC, 0x8B8B, 0xAC6F, 0xFF5A, 0xFE73, 0xF5AF,
    0xFE73, 0xFE74, 0xFE53, 0xF5F1, 0xF612, 0xF5B0, 0xF5B1, 0xF5B1,
    0xF530, 0xF4EF, 0xF4CF, 0xEC6E, 0xEC2D, 0xEC2D, 0xEC0D, 0xE3EC,
    0xD32A, 0xD309, 0xD309, 0xC2C8, 0xC2A8, 0xC287, 0xB246, 0xB246,
    0xB266, 0xB246, 0xA9E5, 0xD40B, 0xF5D1, 0xF611, 0xFE11, 0xFE11,
    0xF58E, 0xF50B, 0xF467, 0xE364, 0xD2E3, 0xD2E3, 0xCAC3, 0xD2E3,
    0xDB03, 0xE364, 0xEB84, 0xEBC5, 0xF406, 0xF426, 0xEC26, 0xEBC5,
    0xE3A6, 0xECEC, 0xF467, 0xE3A5, 0xE3A6, 0xE3A5, 0xDB65, 0xDB24,
    0xDAE3, 0xD2A2, 0xE3A5, 0xFD8D, 0xFE4F, 0xFD8C, 0xF489, 0xEC89,
    0xE3A6, 0xDB44, 0xDB44, 0xDB45, 0xCAE4, 0xCAA3, 0xD2C3, 0xDB44,
    0xECC9, 0xFE4F, 0xFE6E, 0xFDCB, 0xFD49, 0xFC26, 0xEBA5, 0xEB84,
    0xE343, 0xDB03, 0xD2C2, 0xDB23, 0xD2E3, 0xCAC2, 0xC2A2, 0xCAC3,
    0xD303, 0xDB44, 0xE364, 0xE3A5, 0xE3A5, 0xDB44, 0xD303, 0xDB44,
    0xE324, 0xF3C5, 0xFD29, 0xFE0C, 0xF488, 0xDB24, 0xD324, 0xD304,
    0xD324, 0xD324, 0xD324, 0xDB24, 0xD324, 0xEB64, 0xFD49, 0xFE6F,
    0xFD2A, 0xF447, 0xFC87, 0xFD49, 0xFDCC, 0xFD8B, 0xFD2A, 0xFCC7,
    0xFD29, 0xFD29, 0xEC06, 0xF488, 0xCDD6, 0xC5F7, 0xC5D7, 0xC5D7,
    0xC5D7, 0xC5F7, 0xC5D7, 0xC5D7, 0xC5D7, 0xC5F7, 0xC5F7, 0xC5F7,
    0xC5F7, 0xC5F7, 0xC5F7, 0xC5F7, 0xC5F8, 0xC5F8, 0xE634, 0xFDCD,
    0xFC86, 0xE384, 0xE344, 0xE364, 0xDB23, 0xE364, 0xEBC5, 0xFD08,
    0xFE0D, 0xFE50, 0xFEF6, 0xFF17, 0xFEF6, 0xFEB5, 0xFED6, 0xFEB5,
    0xFE74, 0xFED6, 0xFF38, 0xFED7, 0xFE74, 0xFE53, 0xFE32, 0xFE94,
    0xFED6, 0xFED6, 0xFF18, 0xFF18, 0xFF5A, 0xFF38, 0xFEF6, 0xFF18,
    0xFF59, 0xFF5A, 0xFF7A, 0xFF9B, 0xFF7B, 0xFFBC, 0xFFFE, 0xF73B,
    0xD638, 0xD618, 0xD638, 0xD638, 0xCE18, 0xCE18, 0xCDF7, 0xC5D7,
    0xC5B7, 0xBD96, 0xBD96, 0xBD97, 0xBD97, 0xBD97, 0xBD97, 0xBD97,
    0xA40E, 0xA470, 0xB4B1, 0xB4F2, 0xBD34, 0xC575, 0xC5B6, 0xCDD6,
    0xCDF7, 0xCDF7, 0xCE18, 0xCE18, 0xCE18, 0xCE17, 0xCDF7, 0xCDF7,
    0xC5D7, 0xC5D7, 0xC5B6, 0xC595, 0xBD54, 0xB4F2, 0xACB1, 0xA44F,
    0x9C0E, 0x93AC, 0x8B8B, 0x8B6B, 0x938B, 0x93AB, 0x93AB, 0x93AB,
    0x93AB, 0x93AB, 0x93AC, 0x93AC, 0xA40D, 0xF6F8, 0xFEB5, 0xF5AF,
    0xFE53, 0xFE73, 0xF5F1, 0xF612, 0xF612, 0xF58F, 0xF590, 0xF590,
    0xF591, 0xF4CF, 0xF4CF, 0xF4CF, 0xF48E, 0xF46E, 0xEC0D, 0xE3AB,
    0xDB6A, 0xD309, 0xD329, 0xCAE8, 0xC287, 0xC287, 0xBA67, 0xBA67,
    0xBA67, 0xAA26, 0xAA05, 0xBAE8, 0xEDB1, 0xFE32, 0xF611, 0xFE11,
    0xF5AF, 0xF52C, 0xF4C9, 0xEBC5, 0xDB44, 0xDB24, 0xD303, 0xD2E3,
    0xDB44, 0xEBC5, 0xEBC5, 0xEBE5, 0xF406, 0xF405, 0xEBC5, 0xDB85,
    0xF446, 0xFC87, 0xFCA8, 0xF4A8, 0xEB84, 0xE344, 0xEBA5, 0xF468,
    0xF52D, 0xF5AE, 0xFED4, 0xFEF5, 0xFEB3, 0xFED4, 0xFED4, 0xFEF4,
    0xFE72, 0xFE51, 0xECAA, 0xD2A2, 0xD304, 0xDB44, 0xEC68, 0xFDED,
    0xFE6F, 0xFE4E, 0xFDEC, 0xFD49, 0xFC66, 0xF3A5, 0xE323, 0xEB64,
    0xE364, 0xDAE3, 0xD2E3, 0xD2E3, 0xCAC2, 0xD2E3, 0xCAC3, 0xD2E3,
    0xD303, 0xDB44, 0xE323, 0xE344, 0xE344, 0xE364, 0xDB23, 0xDB44,
    0xE344, 0xF3E5, 0xFCC7, 0xFDAB, 0xFE2E, 0xFDCC, 0xEC47, 0xE385,
    0xE3A5, 0xE385, 0xE3C5, 0xE3E6, 0xDB85, 0xDB45, 0xE384, 0xFCC8,
    0xFE2E, 0xFE0D, 0xFDED, 0xFDED, 0xFE0D, 0xFDCC, 0xFDCC, 0xFD29,
    0xFD8B, 0xFD08, 0xF405, 0xECCB, 0xC5F7, 0xC5F7, 0xC5D7, 0xC5D7,
    0xC5D7, 0xC5D7, 0xC5D7, 0xC5F7, 0xC5F7, 0xC5F7, 0xC5F7, 0xC5F7,
    0xC5F7, 0xC5F7, 0xC5F8, 0xC618, 0xD637, 0xF631, 0xFDCC, 0xFD08,
    0xFCE8, 0xFC66, 0xEB84, 0xE343, 0xE384, 0xEBA5, 0xF3E4, 0xFD8B,
    0xFE93, 0xFEB5, 0xFEB5, 0xFE95, 0xFE74, 0xFE53, 0xFE53, 0xFE33,
    0xFE53, 0xFE75, 0xFED6, 0xFE95, 0xFE74, 0xFE74, 0xFE32, 0xFE74,
    0xFE95, 0xFEB5, 0xFEB5, 0xFED6, 0xFED6, 0xFF17, 0xFED5, 0xFEF7,
    0xFF39, 0xFF59, 0xFF5A, 0xFF5A, 0xFF5A, 0xFF5A, 0xFF9C, 0xFFDD,
    0xE6B9, 0xD638, 0xD638, 0xCE18, 0xCE18, 0xCE18, 0xCDF7, 0xC5D7,
    0xC5B7, 0xBD96, 0xBD96, 0xBD97, 0xBD97, 0xBD97, 0xBD97, 0xBD97,
    0xA40E, 0xA470, 0xACB1, 0xB4F2, 0xBD34, 0xC575, 0xC5B6, 0xCDD6,
    0xCDF7, 0xCDF7, 0xCE18, 0xCE18, 0xCE18, 0xCE17, 0xCDF7, 0xCDD7,
    0xC5D7, 0xC5B6, 0xC5B6, 0xC595, 0xBD54, 0xB4F2, 0xACB1, 0xA44F,
    0x9C0E, 0x93AC, 0x8B6B, 0x8B6B, 0x8B6B, 0x938B, 0x93AB, 0x93AB,
    0x93AC, 0x93AC, 0x93CC, 0x9BCC, 0x9BAC, 0xCD52, 0xFF79, 0xF632,
    0xF5F1, 0xF653, 0xF5F1, 0xF612, 0xFE32, 0xF5B0, 0xF56E, 0xF5D1,
    0xFDF2, 0xF550, 0xF530, 0xF551, 0xF48E, 0xEC4E, 0xEC0D, 0xE3CC,
    0xE3AB, 0xDB8B, 0xD34A, 0xD309, 0xC2C8, 0xC2A7, 0xB246, 0xB246,
    0xB246, 0xAA06, 0xA1C5, 0xA205, 0xD44C, 0xF5B0, 0xF5D0, 0xF612,
    0xF5F0, 0xF58E, 0xF50B, 0xEC06, 0xE364, 0xD303, 0xCAA3, 0xC282,
    0xD2E3, 0xEBC5, 0xF426, 0xEBE5, 0xDB44, 0xE364, 0xE385, 0xF467,
    0xF467, 0xEBA4, 0xFD6C, 0xFD2B, 0xF3E5, 0xF4EA, 0xFE51, 0xFF15,
    0xFF36, 0xFF35, 0xFEF5, 0xFEF5, 0xFED4, 0xFED4, 0xFED4, 0xFEF5,
    0xFF15, 0xFF36, 0xFE51, 0xF54D, 0xFD6C, 0xFE50, 0xFED1, 0xFE2D,
    0xFDAA, 0xFD08, 0xFCC8, 0xFC66, 0xF3C5, 0xE344, 0xEB84, 0xEB84,
    0xEBA5, 0xE343, 0xE364, 0xD303, 0xD2E2, 0xD2E3, 0xCAE3, 0xBA82,
    0xCAC3, 0xE364, 0xE364, 0xE344, 0xE344, 0xE384, 0xE384, 0xE385,
    0xEBC5, 0xF426, 0xFC87, 0xFD08, 0xFD6A, 0xFE4E, 0xFE2E, 0xF4A8,
    0xE3C6, 0xDB65, 0xD344, 0xE3C6, 0xEBE6, 0xDB44, 0xD324, 0xEB85,
    0xFCC7, 0xFE0D, 0xFE4F, 0xFE2F, 0xFDED, 0xFD8B, 0xFD4A, 0xFDAB,
    0xFD6A, 0xFCC7, 0xF404, 0xE4CC, 0xC618, 0xC5D7, 0xC5F7, 0xC5F7,
    0xC5F7, 0xC5F7, 0xC5F7, 0xC5F7, 0xC5F7, 0xC5F7, 0xC5F7, 0xC5F7,
    0xC5F7, 0xC618, 0xCDF7, 0xEDF2, 0xFDCD, 0xFDAB, 0xFD6A, 0xFD49,
    0xFD28, 0xFCA7, 0xFC46, 0xFC87, 0xFCC8, 0xF405, 0xFCA7, 0xFE30,
    0xFE74, 0xFE33, 0xFE53, 0xFE75, 0xFE75, 0xFE54, 0xFE95, 0xFEB6,
    0xFED6, 0xF633, 0xF5B0, 0xFE33, 0xFE53, 0xFE94, 0xFE73, 0xFE74,
    0xFE32, 0xFE52, 0xFE53, 0xFE53, 0xFE95, 0xFEB5, 0xFEF7, 0xFF18,
    0xFF18, 0xFF18, 0xFF39, 0xFF17, 0xFF18, 0xFF18, 0xFF5A, 0xFFDD,
    0xFF9D, 0xDE58, 0xCE18, 0xCE18, 0xCE18, 0xCDF7, 0xC5D7, 0xC5D7,
    0xC5B7, 0xBD96, 0xBD96, 0xBD97, 0xBD97, 0xBD97, 0xBD97, 0xB597,
    0x9C0E, 0xA44F, 0xACB1, 0xB4F2, 0xBD34, 0xC575, 0xC5B5, 0xCDD6,
    0xCDF7, 0xCDF7, 0xCE18, 0xD618, 0xD618, 0xCE18, 0xCDF7, 0xCDF7,
    0xC5D6, 0xC5B6, 0xC5B6, 0xC595, 0xBD54, 0xB4F2, 0xAC91, 0xA44F,
    0x9BEE, 0x8B8C, 0x8B4A, 0x8B4A, 0x8B6B, 0x936B, 0x938B, 0x93AB,
    0x93AB, 0x93AC, 0x93AC, 0x9BCC, 0x93AC, 0x9BCD, 0xE655, 0xFEB5,
    0xED8F, 0xF633, 0xFE74, 0xF653, 0xF632, 0xF5F1, 0xFE12, 0xF5F2,
    0xF590, 0xF591, 0xF571, 0xF4F0, 0xF48E, 0xF46E, 0xEC4E, 0xEBCC,
    0xE36A, 0xDB6A, 0xE38B, 0xDB8B, 0xD34A, 0xCAE9, 0xBA87, 0xB246,
    0xB246, 0xAA26, 0xAA05, 0xA1E5, 0xBB29, 0xF5D1, 0xF632, 0xF5D0,
    0xF5AF, 0xF58E, 0xF52C, 0xEC47, 0xE364, 0xDB44, 0xDB44, 0xDB44,
    0xDB44, 0xE3C5, 0xF466, 0xDB44, 0xCAE3, 0xDB64, 0xEC26, 0xEBE6,
    0xEBE6, 0xF4A8, 0xFE70, 0xFE2F, 0xFE92, 0xFED4, 0xFEF4, 0xFEF4,
    0xFED4, 0xFEB2, 0xFEB3, 0xFED3, 0xFEB3, 0xFEB3, 0xFED3, 0xFEF4,
    0xFED4, 0xFEF4, 0xFEF4, 0xFEF4, 0xFEF4, 0xFEB2, 0xFDAB, 0xFCE7,
    0xFCC7, 0xFC66, 0xF3E5, 0xF3E5, 0xEBA5, 0xE344, 0xEB64, 0xEBA4,
    0xEBA5, 0xEBA4, 0xEB84, 0xEBA5, 0xE364, 0xCAC3, 0xDB64, 0xCB04,
    0xCB04, 0xEC26, 0xEC06, 0xDB23, 0xE343, 0xE364, 0xEBC5, 0xE384,
    0xEBA4, 0xEBA4, 0xF3C4, 0xF426, 0xFCA7, 0xFD8A, 0xFE4E, 0xFD8B,
    0xF447, 0xDB85, 0xDB65, 0xDB45, 0xDB24, 0xD324, 0xCAC3, 0xDB24,
    0xEBA5, 0xFDED, 0xFEB1, 0xF4CA, 0xE365, 0xE3A5, 0xEBE6, 0xFD0A,
    0xFDAB, 0xFC86, 0xF404, 0xE4AC, 0xBE18, 0xC5D7, 0xC5F7, 0xC5F7,
    0xC5F7, 0xC5F7, 0xC5F7, 0xC5F7, 0xC5F7, 0xC5F7, 0xC5F7, 0xC618,
    0xC618, 0xE5B2, 0xFD2A, 0xFD08, 0xFCE8, 0xFD28, 0xFD28, 0xFD28,
    0xFCE7, 0xFD08, 0xFD08, 0xFD49, 0xFD29, 0xFD6C, 0xFE31, 0xFE32,
    0xFE74, 0xF653, 0xFE95, 0xFEB6, 0xFED7, 0xFED7, 0xFE95, 0xFED6,
    0xF654, 0xFE95, 0xF5B0, 0xFE32, 0xF5F1, 0xFE32, 0xF632, 0xF5B0,
    0xF5F0, 0xF5AF, 0xF5F1, 0xF5F1, 0xF612, 0xF5CF, 0xFDF0, 0xFE52,
    0xFE95, 0xFED6, 0xFF17, 0xFEF7, 0xFED6, 0xFEF7, 0xFF5A, 0xFF7B,
    0xFFBD, 0xE699, 0xCE18, 0xCE18, 0xCE18, 0xCDF7, 0xC5D7, 0xC5D7,
    0xC5B7, 0xBD97, 0xBD97, 0xBD97, 0xBD97, 0xBD97, 0xBD97, 0xB597,
    0x9BEE, 0xA42F, 0xAC90, 0xB4D2, 0xBD33, 0xC574, 0xC5B5, 0xCDD7,
    0xCDF7, 0xCE18, 0xCE18, 0xD638, 0xD618, 0xCE18, 0xCDF7, 0xCDD7,
    0xC5B6, 0xC5B6, 0xC5B6, 0xC575, 0xBD34, 0xB4F2, 0xAC90, 0xA42F,
    0x93ED, 0x8B8B, 0x832A, 0x834A, 0x8B4A, 0x8B6B, 0x936B, 0x938B,
    0x93AB, 0x93AC, 0x93AC, 0x93AC, 0x9BCC, 0x938B, 0xC552, 0xFF38,
    0xF612, 0xF633, 0xFE94, 0xFEB5, 0xFE74, 0xF633, 0xFE12, 0xF5F1,
    0xF54F, 0xF52F, 0xF4EF, 0xF48E, 0xF4AF, 0xF4CF, 0xF46E, 0xEC2D,
    0xEC0C, 0xE3CB, 0xE3AC, 0xE3CC, 0xDB4A, 0xD309, 0xCAC8, 0xBA46,
    0xBA46, 0xB226, 0xB246, 0xAA05, 0xC34A, 0xED0F, 0xF5B0, 0xF5D0,
    0xF5D0, 0xF58E, 0xECCA, 0xEC88, 0xEC46, 0xF446, 0xF425, 0xEC05,
    0xEBE5, 0xEC05, 0xEC05, 0xE3A5, 0xE3C6, 0xF467, 0xF406, 0xF447,
    0xFCA8, 0xFDEE, 0xFE91, 0xFEF5, 0xFED4, 0xFE92, 0xFED4, 0xFEF4,
    0xFEF3, 0xFEF3, 0xFEF3, 0xFF13, 0xFEF3, 0xFED3, 0xFEB3, 0xFEB3,
    0xFED3, 0xFEB2, 0xFEB2, 0xFEB3, 0xFE91, 0xFD8A, 0xFCA6, 0xF3E5,
    0xFC46, 0xF446, 0xF426, 0xFC66, 0xF406, 0xEBA5, 0xEBA4, 0xE384,
    0xDB03, 0xD2E3, 0xD303, 0xE364, 0xE385, 0xDB44, 0xDB44, 0xCAE3,
    0xDB23, 0xF3E5, 0xDB44, 0xDB03, 0xDB03, 0xE364, 0xEBC5, 0xDB23,
    0xDB03, 0xDB03, 0xE323, 0xF406, 0xFC87, 0xFD08, 0xFE0D, 0xFE6F,
    0xF4E9, 0xE385, 0xDB45, 0xDB65, 0xDB44, 0xDB24, 0xD2E3, 0xD2E4,
    0xD2E3, 0xEC06, 0xFE6F, 0xF50A, 0xD2E3, 0xD304, 0xDB65, 0xE365,
    0xEC06, 0xF487, 0xFC46, 0xECCC, 0xC5F8, 0xC5D7, 0xC5F7, 0xC5F7,
    0xC5F7, 0xC5F7, 0xC5F7, 0xC5F7, 0xC5F7, 0xC5F7, 0xC618, 0xD5B3,
    0xED0C, 0xFC65, 0xFCA7, 0xFC87, 0xFC66, 0xF425, 0xFC86, 0xFCC7,
    0xFD28, 0xFD49, 0xFD28, 0xFD8B, 0xFE72, 0xFED6, 0xFEB5, 0xFED6,
    0xFF17, 0xFEF7, 0xFED6, 0xFEB6, 0xFE95, 0xFE54, 0xFE53, 0xFE53,
    0xF612, 0xED8F, 0xF5F1, 0xF611, 0xF611, 0xF5D0, 0xF5F1, 0xF5AF,
    0xF5AF, 0xF58E, 0xF5AF, 0xF5D0, 0xF5D0, 0xF5AF, 0xFE11, 0xF612,
    0xF58F, 0xF612, 0xFE32, 0xFE53, 0xFEF7, 0xFF18, 0xFED6, 0xFF39,
    0xFF9D, 0xD658, 0xCE18, 0xCE18, 0xCE18, 0xC5F8, 0xC5D7, 0xC5D7,
    0xC5B7, 0xBD97, 0xBD97, 0xBD97, 0xBD97, 0xBD97, 0xBD97, 0xBD97,
    0x9BCD, 0xA42E, 0xAC70, 0xB4D2, 0xBD33, 0xC574, 0xC595, 0xCDD7,
    0xCDF7, 0xCE18, 0xCE18, 0xD638, 0xD638, 0xCE18, 0xCDF7, 0xCDD7,
    0xC5B6, 0xC5B6, 0xC5B6, 0xC575, 0xBD33, 0xB4F2, 0xAC90, 0x9C2F,
    0x93CD, 0x8B6B, 0x832A, 0x832A, 0x8B4A, 0x8B4B, 0x8B6B, 0x938B,
    0x938B, 0x93AB, 0x93AC, 0x93AC, 0x9BCC, 0x9BCC, 0xA42D, 0xEE96,
    0xFED6, 0xFE95, 0xFE94, 0xFE74, 0xFE74, 0xF632, 0xF612, 0xF612,
    0xF5D2, 0xF591, 0xF591, 0xF4CF, 0xF4F0, 0xF48F, 0xF4D0, 0xF4AF,
    0xEC2D, 0xEC2D, 0xEBEC, 0xE3AB, 0xDB6A, 0xD309, 0xCAC8, 0xC267,
    0xBA67, 0xBA46, 0xBA46, 0xB246, 0xBAA7, 0xC308, 0xE4CD, 0xF5B0,
    0xF5D0, 0xF58E, 0xF54C, 0xF58D, 0xFD6C, 0xF4E9, 0xF466, 0xF466,
    0xEBC5, 0xEBE5, 0xEBE5, 0xE406, 0xF4E9, 0xFC67, 0xFCC8, 0xFC87,
    0xFD4B, 0xFEF4, 0xFEF4, 0xFED4, 0xFEB3, 0xFEF4, 0xFF35, 0xF692,
    0xEDCF, 0xDD0D, 0xD4CC, 0xE52D, 0xDD0D, 0xEDCF, 0xFEB2, 0xFEB2,
    0xFE92, 0xFE92, 0xFEB2, 0xFEB3, 0xFE70, 0xFD29, 0xF405, 0xF405,
    0xFC46, 0xF3C5, 0xF426, 0xFC87, 0xFC46, 0xF405, 0xF3E5, 0xE364,
    0xD303, 0xCAA2, 0xD2C2, 0xDB03, 0xDB03, 0xE344, 0xCAC3, 0xBA42,
    0xD2C2, 0xE323, 0xE343, 0xE343, 0xEBA4, 0xF3C5, 0xDB03, 0xD2C3,
    0xDB44, 0xDB23, 0xEB84, 0xF426, 0xFC67, 0xFCC8, 0xFD69, 0xFDCB,
    0xFE0E, 0xF488, 0xDB64, 0xDB64, 0xE385, 0xD2C3, 0xCA82, 0xD2E3,
    0xDB23, 0xEB43, 0xFD8B, 0xFE4E, 0xE3E6, 0xDB24, 0xDB65, 0xE385,
    0xE365, 0xEBC6, 0xFCA7, 0xECCB, 0xC5F7, 0xC5F7, 0xC5F7, 0xC5F8,
    0xC5F7, 0xC5F7, 0xC5F7, 0xC5F7, 0xC618, 0xC618, 0xDCCD, 0xF405,
    0xF446, 0xF446, 0xF405, 0xF405, 0xEBC4, 0xF3C4, 0xFC66, 0xFCC7,
    0xFD08, 0xFD08, 0xFD4A, 0xFE72, 0xFEB5, 0xFE94, 0xFEB5, 0xFED6,
    0xFEF7, 0xF612, 0xF5D1, 0xFE53, 0xF5F1, 0xF5D1, 0xF5B0, 0xED6F,
    0xED8F, 0xE50D, 0xED2E, 0xF5B0, 0xF58F, 0xED6E, 0xED2D, 0xED2D,
    0xED4E, 0xF5D0, 0xED4D, 0xED6F, 0xED8F, 0xED4E, 0xF5B0, 0xF5F1,
    0xED4D, 0xED4E, 0xF5AF, 0xFE94, 0xFED6, 0xFF39, 0xFF39, 0xFF18,
    0xFF7C, 0xD658, 0xCE18, 0xCE18, 0xCDF8, 0xC5F7, 0xC5F7, 0xC5D7,
    0xC5B7, 0xBD97, 0xBD97, 0xBD97, 0xBD97, 0xBD97, 0xBD97, 0xBD97,
    0x93AD, 0x9C0E, 0xAC70, 0xB4D2, 0xBD13, 0xC554, 0xC595, 0xCDD6,
    0xCDF7, 0xCE18, 0xD638, 0xD638, 0xD618, 0xCE18, 0xCDF7, 0xCDD7,
    0xCDD6, 0xC5B6, 0xC5B6, 0xC574, 0xBD33, 0xB4D2, 0xAC90, 0x9C2E,
    0x93CD, 0x8B6B, 0x832A, 0x832A, 0x8B4A, 0x8B4B, 0x8B6B, 0x936B,
    0x938B, 0x938B, 0x938C, 0x93AC, 0x9BAC, 0x9BCC, 0x93AC, 0xC511,
    0xFF17, 0xFE74, 0xF653, 0xFE53, 0xFE53, 0xF612, 0xF612, 0xFE74,
    0xF5F2, 0xF613, 0xF5B1, 0xF50F, 0xF48E, 0xF48E, 0xF4F0, 0xF48E,
    0xF48F, 0xF4AF, 0xEC2D, 0xEBCC, 0xE38B, 0xDB4A, 0xD2E9, 0xCAA8,
    0xC287, 0xAA05, 0xA9E5, 0xA1E5, 0xAA26, 0xAA26, 0xC3AA, 0xED6F,
    0xF5D0, 0xF5CF, 0xFDEF, 0xFDCE, 0xFDCE, 0xFD6C, 0xF4A8, 0xF426,
    0xEBE5, 0xE3C5, 0xDBA5, 0xF4A8, 0xFCC8, 0xFD09, 0xFD09, 0xFD6C,
    0xFEF4, 0xFED4, 0xFEB3, 0xFEF4, 0xFED3, 0xE56F, 0xBC0B, 0x9286,
    0x8205, 0x71C4, 0x71A4, 0x79C4, 0x71A3, 0x81E4, 0xAB26, 0xF58D,
    0xFE91, 0xFE92, 0xFEB2, 0xFEB3, 0xFED3, 0xFD6B, 0xFC45, 0xF447,
    0xFC26, 0xFC46, 0xFCA7, 0xFC66, 0xEB64, 0xE364, 0xE344, 0xDB24,
    0xCAE3, 0xCAA3, 0xCAA2, 0xD2E3, 0xCAA2, 0xCAC2, 0xC282, 0xB221,
    0xC261, 0xDB03, 0xEBC5, 0xEBC5, 0xEB84, 0xDB03, 0xC282, 0xD2E3,
    0xEBE6, 0xEBA4, 0xF405, 0xF467, 0xFCC8, 0xF487, 0xFCC8, 0xFD08,
    0xFD8B, 0xFDCC, 0xF50A, 0xE407, 0xE3E7, 0xECCB, 0xECCA, 0xF5AF,
    0xF5CF, 0xF50B, 0xFDAC, 0xFE2E, 0xF52B, 0xDB44, 0xDB45, 0xDB44,
    0xE385, 0xE3A5, 0xF3E5, 0xF52D, 0xC5F8, 0xC5D7, 0xC5F8, 0xC5F8,
    0xC5F8, 0xC5F7, 0xC5F7, 0xC618, 0xD5D5, 0xDC6B, 0xE383, 0xF426,
    0xEBE5, 0xE384, 0xE364, 0xEB84, 0xF3E5, 0xF425, 0xF446, 0xF425,
    0xFC46, 0xFCA6, 0xFD8C, 0xFE10, 0xFE94, 0xFEF7, 0xFEF6, 0xFED6,
    0xFED6, 0xFEB6, 0xF612, 0xF5F1, 0xF632, 0xED6F, 0xE4ED, 0xDCAC,
    0xDC8C, 0xDC6B, 0xE4AC, 0xE4CC, 0xDC8C, 0xDC8B, 0xDC6B, 0xDCAC,
    0xDC8B, 0xDC6A, 0xDCAB, 0xDCAC, 0xDCAB, 0xD46A, 0xE4CC, 0xE50C,
    0xE50C, 0xE50D, 0xED8F, 0xFE53, 0xFE53, 0xFE95, 0xFF17, 0xFF18,
    0xFF7B, 0xDE78, 0xCE18, 0xCE18, 0xCDF8, 0xCDF7, 0xC5D7, 0xC5D7,
    0xC5B7, 0xBD97, 0xBD97, 0xBD97, 0xBD97, 0xBD97, 0xBD97, 0xBD97,
    0x938C, 0x9BEE, 0xAC70, 0xB4D1, 0xBD13, 0xBD54, 0xC595, 0xCDD7,
    0xCDF7, 0xD618, 0xD638, 0xD638, 0xD638, 0xCE18, 0xCDF7, 0xCDF7,
    0xCDD7, 0xC5D6, 0xC5B6, 0xBD74, 0xBD13, 0xB4D2, 0xA470, 0x9C0E,
    0x93AC, 0x8B4A, 0x832A, 0x832A, 0x8B4A, 0x8B4A, 0x8B6B, 0x8B6B,
    0x938B, 0x938B, 0x93AC, 0x93AC, 0x9BCC, 0x9BCC, 0x9BED, 0xA40D,
    0xE635, 0xFED6, 0xF5F1, 0xFE53, 0xFE74, 0xFE53, 0xFE53, 0xFE53,
    0xFE12, 0xFE12, 0xF5D2, 0xFDB2, 0xF4EF, 0xF4CF, 0xF4F0, 0xF4F0,
    0xFD31, 0xF4CF, 0xF46E, 0xF42D, 0xEBCC, 0xE3AB, 0xDB4A, 0xD309,
    0xD2E9, 0xBA46, 0xAA05, 0xA1C4, 0xA1E5, 0x99A4, 0x91A4, 0xBB28,
    0xED6F, 0xF5F0, 0xF5AE, 0xFDEF, 0xFE0F, 0xF5AD, 0xF4EA, 0xEC67,
    0xEC47, 0xD385, 0xE406, 0xFC87, 0xFC67, 0xFC67, 0xFDCE, 0xFF16,
    0xFEF5, 0xFED3, 0xFED3, 0xE56E, 0xA307, 0x81E4, 0x7183, 0x6983,
    0x69A3, 0x69A4, 0x5963, 0x71C4, 0x6983, 0x5122, 0x50E1, 0x9264,
    0xFE2F, 0xFEB2, 0xFEB2, 0xFEB2, 0xFE91, 0xFDCC, 0xFD08, 0xFCE8,
    0xFC87, 0xFCC8, 0xFC87, 0xF426, 0xF3A4, 0xDB23, 0xC282, 0xCAA2,
    0xCA82, 0xD2C2, 0xD2C3, 0xDB03, 0xCAA2, 0xC282, 0xBA62, 0xC262,
    0xDB03, 0xDB23, 0xE344, 0xE343, 0xE323, 0xCAA3, 0xBA42, 0xC282,
    0xDB03, 0xEB84, 0xEB85, 0xEBC5, 0xF426, 0xF3C4, 0xF425, 0xFCC8,
    0xFCA6, 0xFD6A, 0xFEB2, 0xFED3, 0xFEF4, 0xFF36, 0xFF57, 0xFF57,
    0xFF57, 0xFF57, 0xFEF4, 0xFE93, 0xFEB3, 0xF54C, 0xEC27, 0xE385,
    0xE385, 0xEBC6, 0xF426, 0xFC66, 0xE50E, 0xC618, 0xC5F8, 0xC5F7,
    0xC5F7, 0xC5F8, 0xC639, 0xDD93, 0xE3A5, 0xE323, 0xEBE5, 0xEBE5,
    0xEBA4, 0xE343, 0xE364, 0xEBC5, 0xF3E5, 0xEBA5, 0xE364, 0xEB84,
    0xF3E5, 0xFD4A, 0xFE0F, 0xFE31, 0xFEB5, 0xFED6, 0xFEB5, 0xFED6,
    0xFE94, 0xF612, 0xFE33, 0xE50E, 0xDCAD, 0xDC8C, 0xCB69, 0xBAC6,
    0xBAE7, 0xBAA6, 0xC307, 0xCBA9, 0xC348, 0xC328, 0xBB07, 0xBB28,
    0xCB89, 0xC347, 0xCBC9, 0xD42A, 0xD44A, 0xD44A, 0xD46A, 0xE50D,
    0xED4E, 0xF5D0, 0xFE32, 0xF612, 0xFE33, 0xFEB5, 0xFE74, 0xFED6,
    0xF75B, 0xD638, 0xCE18, 0xCE18, 0xCE18, 0xCDF8, 0xC5F7, 0xC5D7,
    0xBDB7, 0xBD97, 0xBD97, 0xBD97, 0xBD97, 0xBD97, 0xBD97, 0xBD97,
    0x938C, 0x9BED, 0xA44F, 0xACB1, 0xBD13, 0xBD54, 0xC595, 0xCDD7,
    0xCE17, 0xD618, 0xD638, 0xD638, 0xD638, 0xD638, 0xCE17, 0xCDF7,
    0xCDD7, 0xCDD6, 0xC5B6, 0xBD74, 0xBD13, 0xB4D1, 0xA470, 0x9C0E,
    0x93AC, 0x8B4A, 0x8329, 0x8B4A, 0x8B4A, 0x8B4A, 0x8B6B, 0x8B6B,
    0x938B, 0x938B, 0x93AC, 0x9BCC, 0x9BCC, 0x9BEC, 0xA40D, 0x9BEC,
    0xBCF0, 0xFF7A, 0xFE94, 0xFE33, 0xFEB5, 0xFE74, 0xFE94, 0xFE12,
    0xFDF1, 0xFE33, 0xFE12, 0xF591, 0xF550, 0xF530, 0xFD72, 0xFD92,
    0xFCF0, 0xFCCF, 0xF4CF, 0xF44E, 0xF40D, 0xEBEC, 0xE3AB, 0xDB6A,
    0xD309, 0xC287, 0xBA26, 0xB206, 0xB226, 0xA1E5, 0x99A4, 0xA1C4,
    0xE4EE, 0xFE31, 0xF5CF, 0xFE10, 0xFE10, 0xF5AD, 0xF54B, 0xECEA,
    0xE447, 0xE427, 0xF4A8, 0xEBC5, 0xF3A5, 0xF467, 0xFEF5, 0xFF16,
    0xFF15, 0xFE92, 0xB3A9, 0x71A3, 0x6983, 0x71C4, 0x69A3, 0x5942,
    0x5963, 0x69A4, 0x71A3, 0x6983, 0x6162, 0x40E1, 0x4102, 0x5941,
    0xED6D, 0xFED3, 0xFE92, 0xFE71, 0xFE90, 0xFDAB, 0xFCA7, 0xFCA7,
    0xFCA7, 0xFC25, 0xFC87, 0xFC46, 0xF3A4, 0xD2A2, 0xD304, 0xD2E3,
    0xD324, 0xE323, 0xEBE5, 0xE364, 0xDB03, 0xCAA2, 0xCAE3, 0xBA42,
    0xDB03, 0xD2E3, 0xD2C3, 0xF3C5, 0xD303, 0xBA42, 0xBA42, 0xC241,
    0xDB23, 0xEBA5, 0xEB84, 0xF3C5, 0xEBC5, 0xEB64, 0xF405, 0xF446,
    0xFC67, 0xFD09, 0xFE0E, 0xFED3, 0xFEF5, 0xFF16, 0xFF16, 0xFF36,
    0xFF37, 0xFF16, 0xFF15, 0xFF16, 0xFF16, 0xFF15, 0xFEB3, 0xFDEF,
    0xEC47, 0xF406, 0xFC67, 0xFCE8, 0xFC66, 0xDD10, 0xC639, 0xC618,
    0xC639, 0xD617, 0xE4CD, 0xE363, 0xEBA4, 0xEBE5, 0xEBC5, 0xEBA4,
    0xE344, 0xDB23, 0xE364, 0xE364, 0xE364, 0xDB44, 0xDB24, 0xE364,
    0xF487, 0xFDAD, 0xFDCF, 0xFE11, 0xFED5, 0xFEF7, 0xFE94, 0xFE53,
    0xFE74, 0xF5D1, 0xDCAD, 0xC369, 0xAA45, 0xAA05, 0xA9E4, 0xA1C4,
    0xAA05, 0xB266, 0xBAA7, 0xBA86, 0xBAA6, 0xBAC7, 0xC328, 0xCB69,
    0xCB69, 0xD40B, 0xD3EA, 0xD40A, 0xE4CC, 0xE4EC, 0xE52E, 0xEDB0,
    0xF5F1, 0xFE53, 0xFE53, 0xFE94, 0xFEB6, 0xFEB5, 0xFE95, 0xFF18,
    0xE6B9, 0xCDF8, 0xD638, 0xCE18, 0xCE18, 0xCDF8, 0xC5F7, 0xC5D7,
    0xBDB7, 0xBDB7, 0xBD97, 0xBD97, 0xBD97, 0xBD97, 0xBD97, 0xBD97,
    0x8B6B, 0x9BCD, 0xA44F, 0xB4B1, 0xBD13, 0xBD54, 0xC595, 0xCDD7,
    0xCE17, 0xD638, 0xD638, 0xD659, 0xD639, 0xD638, 0xCE18, 0xCDF7,
    0xCDF7, 0xC5D6, 0xC5B6, 0xC554, 0xB513, 0xACB1, 0xA44F, 0x9BED,
    0x93AC, 0x8B4A, 0x832A, 0x8B4A, 0x8B4A, 0x8B4A, 0x8B4B, 0x8B6B,
    0x938B, 0x93AB, 0x9BAC, 0x9BCC, 0x9BEC, 0xA3ED, 0xA40D, 0xA40D,
    0xAC4E, 0xD5B4, 0xF6B7, 0xFE74, 0xFE74, 0xFEB6, 0xFE94, 0xFE32,
    0xFE53, 0xFE74, 0xFE12, 0xFDF2, 0xFDD1, 0xFDB2, 0xFDD3, 0xFD71,
    0xFD10, 0xFD10, 0xFD10, 0xF48E, 0xF48E, 0xF42D, 0xEC2D, 0xE3AC,
    0xE38B, 0xDB2A, 0xC2A8, 0xBA67, 0xBA67, 0xB246, 0xAA26, 0xAA46,
    0xC36A, 0xE50F, 0xF5D0, 0xF5CF, 0xFE10, 0xF5AE, 0xF54C, 0xECEA,
    0xE489, 0xECA9, 0xE3A5, 0xE385, 0xEBE5, 0xFE71, 0xFEF5, 0xFF15,
    0xFEF4, 0xAB69, 0x6963, 0x6183, 0x6183, 0x6183, 0x5942, 0x40E1,
    0x4902, 0x48E1, 0x5101, 0x5121, 0x4901, 0x4922, 0x4902, 0x48E0,
    0xED2C, 0xFEB2, 0xFEB3, 0xFEB2, 0xFE91, 0xFDED, 0xFCC7, 0xFC87,
    0xFC25, 0xFC46, 0xFC46, 0xF405, 0xEB64, 0xE385, 0xEC06, 0xE364,
    0xEBE5, 0xD2E3, 0xDB84, 0xE384, 0xE384, 0xEBC5, 0xE344, 0xC241,
    0xCAA2, 0xDB03, 0xEBA5, 0xEB84, 0xF3E5, 0xDB24, 0xC2A2, 0xD2E3,
    0xDB03, 0xD2E3, 0xDB23, 0xE364, 0xEBA5, 0xEB84, 0xF3C5, 0xF426,
    0xFC67, 0xFCE8, 0xFE92, 0xFEF5, 0xFEF5, 0xFF16, 0xFF36, 0xFF36,
    0xFF36, 0xFF36, 0xFF16, 0xFEF5, 0xFEF5, 0xFEF4, 0xFEF5, 0xFF16,
    0xFEB3, 0xF4C9, 0xFCA8, 0xFDAC, 0xF487, 0xEB84, 0xDD72, 0xCDD5,
    0xDD0F, 0xE407, 0xDB02, 0xEC05, 0xF466, 0xF425, 0xEBA4, 0xE384,
    0xDB03, 0xD2C3, 0xD2C3, 0xD2E3, 0xDB44, 0xDB44, 0xDB44, 0xEBC5,
    0xFD09, 0xFE0F, 0xFE11, 0xFE12, 0xF58F, 0xF5D1, 0xF5D2, 0xED90,
    0xE4CE, 0xBB08, 0x99A4, 0xA1C4, 0xA1E4, 0xAA05, 0xAA05, 0xAA05,
    0xB245, 0xBA66, 0xBAA7, 0xBAA7, 0xC2E8, 0xCB49, 0xD38A, 0xDC0B,
    0xE44C, 0xE4AD, 0xE48D, 0xE48C, 0xED0E, 0xED6F, 0xF5B0, 0xF5F1,
    0xF612, 0xFE33, 0xFE94, 0xFEB5, 0xF653, 0xF632, 0xFE74, 0xFF5A,
    0xDE58, 0xCDF7, 0xD638, 0xCE38, 0xCE18, 0xCDF8, 0xC5F8, 0xC5D7,
    0xBDB7, 0xBD97, 0xBD97, 0xBD97, 0xBD97, 0xBD97, 0xBD97, 0xBD97,
    0x8B6B, 0x93AD, 0xA42E, 0xAC91, 0xB513, 0xBD74, 0xC596, 0xCDD7,
    0xCE17, 0xD638, 0xD638, 0xD659, 0xD659, 0xD638, 0xCE18, 0xCDF7,
    0xCDF7, 0xCDD7, 0xC596, 0xBD54, 0xB513, 0xACB1, 0xA44F, 0x9BED,
    0x93AC, 0x8B4A, 0x8B4A, 0x8B4A, 0x8B4A, 0x8B6B, 0x8B4B, 0x8B6B,
    0x938B, 0x93AC, 0x9BCC, 0x9BEC, 0x9BED, 0xA40D, 0xA40D, 0xA42D,
    0xAC4E, 0xA3EC, 0xCD52, 0xFEF7, 0xF653, 0xFE53, 0xFE74, 0xFE74,
    0xFE94, 0xFE53, 0xFE53, 0xFE53, 0xFE12, 0xFE54, 0xFD91, 0xFD51,
    0xFD72, 0xFD10, 0xF4AE, 0xF4CF, 0xF4EF, 0xF48E, 0xF4AF, 0xEC0D,
    0xEBCC, 0xE36A, 0xD32A, 0xCAE9, 0xCAE8, 0xC2C8, 0xAA26, 0xA1E5,
    0xA1E5, 0xB287, 0xDCAD, 0xF611, 0xF5CF, 0xF5AF, 0xF5AE, 0xED0B,
    0xECC9, 0xE3E6, 0xEC27, 0xE3A5, 0xE4CB, 0xFF14, 0xFED4, 0xFED3,
    0xAB28, 0x6983, 0x5962, 0x5101, 0x40C1, 0x38A1, 0x3060, 0x3080,
    0x40C0, 0x50E1, 0x38A0, 0x48E0, 0x3080, 0x2880, 0x40A0, 0x81E2,
    0xFDAD, 0xFEB2, 0xFEB2, 0xFE91, 0xFE91, 0xFE70, 0xFD49, 0xFC66,
    0xF405, 0xFCA7, 0xF3C5, 0xEBC5, 0xF406, 0xF426, 0xE3A5, 0xE364,
    0xCAA3, 0xD2E3, 0xD323, 0xD303, 0xF406, 0xF446, 0xD2C3, 0xA1C1,
    0xCAC2, 0xE364, 0xF3E5, 0xEB84, 0xEB85, 0xEBC6, 0xD323, 0xDB64,
    0xE385, 0xE364, 0xE343, 0xE384, 0xEBC5, 0xEBA5, 0xF405, 0xF426,
    0xF426, 0xFD29, 0xFEB3, 0xFEF5, 0xFEF5, 0xFF16, 0xFF16, 0xFF16,
    0xFF15, 0xFF35, 0xFF14, 0xFED2, 0xFED3, 0xFED4, 0xFED4, 0xFED4,
    0xFEF5, 0xFE92, 0xFD4B, 0xFDAC, 0xF4C9, 0xE384, 0xEC07, 0xD386,
    0xCAC1, 0xEBE5, 0xF447, 0xF466, 0xF425, 0xF405, 0xE384, 0xDB23,
    0xD2E3, 0xC282, 0xC282, 0xCAC3, 0xDB23, 0xD303, 0xDB23, 0xF446,
    0xFD8D, 0xFE52, 0xFE74, 0xFE74, 0xFE32, 0xF5B1, 0xDCCE, 0xB308,
    0xAA46, 0x9163, 0x9984, 0xA1C4, 0xA1E4, 0xA1E4, 0xAA05, 0xB225,
    0xB225, 0xB266, 0xBAA7, 0xC2E8, 0xCB49, 0xD3AA, 0xDC2C, 0xE46D,
    0xECCE, 0xECCE, 0xECCE, 0xED0E, 0xF570, 0xF5D1, 0xF5D0, 0xF5B0,
    0xF633, 0xFE53, 0xF632, 0xF612, 0xF632, 0xF633, 0xFED6, 0xFF3A,
    0xD617, 0xCE18, 0xD638, 0xCE38, 0xCE18, 0xCE18, 0xCDF8, 0xC5F7,
    0xBDB7, 0xBD97, 0xBD97, 0xBD97, 0xBD97, 0xBD97, 0xBDB7, 0xBD97,
    0x8B4A, 0x938C, 0x9C0E, 0xAC90, 0xB4F3, 0xBD54, 0xC5B6, 0xCDD7,
    0xD617, 0xD638, 0xD638, 0xD659, 0xD659, 0xD638, 0xD618, 0xCE18,
    0xCDF7, 0xCDD7, 0xC595, 0xBD54, 0xB4F2, 0xACB1, 0xA44F, 0x9BED,
    0x938B, 0x8B4A, 0x8B4A, 0x8B4A, 0x8B6B, 0x8B6B, 0x8B6B, 0x936B,
    0x938B, 0x93AC, 0x9BCC, 0x9BED, 0x9BED, 0xA40D, 0xA40D, 0xA42E,
    0xAC4E, 0xAC4E, 0xB4AF, 0xF6B7, 0xFEB5, 0xF632, 0xFEB5, 0xFE95,
    0xFE53, 0xFE73, 0xFEB5, 0xFE53, 0xFE74, 0xFE74, 0xFDD2, 0xFDF3,
    0xFD51, 0xF4EF, 0xF4EF, 0xFD30, 0xFD10, 0xFD10, 0xF4CF, 0xEC2D,
    0xF44E, 0xEBCC, 0xE38B, 0xDB4A, 0xDB4A, 0xD309, 0xBA66, 0xAA26,
    0xB266, 0xA205, 0xA246, 0xD46C, 0xED8F, 0xEDD0, 0xEDAE, 0xED0A,
    0xEC06, 0xF407, 0xEC27, 0xE407, 0xFEB3, 0xFED4, 0xFF34, 0xB3A9,
    0x50C1, 0x4901, 0x3880, 0x3880, 0x6161, 0x8202, 0x9AE4, 0xBB86,
    0xCC27, 0xDC47, 0xC3C6, 0xB324, 0x8A23, 0x79C2, 0xBB45, 0xFD6C,
    0xFE70, 0xFE92, 0xFEB3, 0xFEB2, 0xFE91, 0xFE2E, 0xFD08, 0xF425,
    0xFC26, 0xF426, 0xEBC5, 0xEBA5, 0xEB64, 0xE344, 0xE344, 0xE323,
    0xDB23, 0xEBA4, 0xEBC4, 0xE384, 0xDB24, 0xE344, 0xD2E3, 0xA9E1,
    0xD2E3, 0xEBA5, 0xEBA5, 0xEBA5, 0xE364, 0xE344, 0xDB44, 0xD303,
    0xE364, 0xEBC4, 0xF405, 0xF3E5, 0xF406, 0xEC06, 0xEB84, 0xEBA4,
    0xEBA4, 0xFD4A, 0xFEB3, 0xFED4, 0xFF16, 0xFF15, 0xFED4, 0xFED3,
    0xFE50, 0xED6E, 0xDD0C, 0xED6D, 0xFE2F, 0xFF14, 0xFF15, 0xFED5,
    0xFEB3, 0xFEB4, 0xFED4, 0xFD6B, 0xEC06, 0xE3A5, 0xE3A5, 0xEBA5,
    0xDB65, 0xEBC5, 0xEBC4, 0xEBE5, 0xF3E5, 0xF3E5, 0xE343, 0xDB03,
    0xD2E3, 0xC282, 0xC282, 0xCAA2, 0xD303, 0xDB44, 0xEBC5, 0xFDAE,
    0xFE72, 0xFEB4, 0xFEF6, 0xFE95, 0xFE54, 0xFE74, 0xE50F, 0xA225,
    0x99A4, 0xA1C4, 0xA1C4, 0xA1E5, 0xA1E4, 0xA1E5, 0xAA05, 0xB245,
    0xBA66, 0xBA87, 0xC2E8, 0xD34A, 0xDBAB, 0xE42C, 0xE46D, 0xECAE,
    0xED0F, 0xF52F, 0xED0F, 0xF54F, 0xF590, 0xF5D1, 0xF5F2, 0xF633,
    0xFE54, 0xF612, 0xF611, 0xF611, 0xF674, 0xFE74, 0xFF39, 0xE678,
    0xCDD6, 0xCE18, 0xD638, 0xD638, 0xCE18, 0xCE18, 0xCDF8, 0xC5D7,
    0xBDB7, 0xBD97, 0xBD97, 0xBD97, 0xBD97, 0xBD97, 0xBDB7, 0xBD97,
    0x8B2A, 0x938C, 0x9BEE, 0xAC70, 0xB4F2, 0xBD54, 0xC5B6, 0xCDD7,
    0xD617, 0xD638, 0xD638, 0xD659, 0xD659, 0xD638, 0xD638, 0xCE18,
    0xCDF7, 0xCDD7, 0xC595, 0xBD54, 0xB4F2, 0xAC91, 0xA42F, 0x9BCD,
    0x938B, 0x8B4A, 0x8B4A, 0x8B4A, 0x8B6B, 0x8B6B, 0x8B6B, 0x936B,
    0x938B, 0x93AC, 0x9BCC, 0x9BED, 0x9BED, 0xA40D, 0xA42D, 0xAC2E,
    0xAC4E, 0xAC4E, 0xAC4E, 0xBCAF, 0xF696, 0xFE73, 0xF5B0, 0xFE53,
    0xFE74, 0xFED6, 0xFED6, 0xFE74, 0xFEB6, 0xFE95, 0xFE54, 0xFE13,
    0xFD91, 0xFD92, 0xFD51, 0xFCF0, 0xFCF0, 0xFD51, 0xFCF0, 0xF44D,
    0xF46E, 0xEC2D, 0xEBEC, 0xE3AC, 0xE3AB, 0xDB4A, 0xCAE8, 0xBA87,
    0xB267, 0xAA46, 0x99A4, 0x9A05, 0xD44B, 0xED6E, 0xF5CE, 0xFCA8,
    0xF3C5, 0xF468, 0xEBE6, 0xF5AF, 0xFF37, 0xFEF4, 0xD50D, 0x6142,
    0x3080, 0x2840, 0x69C2, 0xBBC7, 0xF54B, 0xFDAC, 0xFDED, 0xFE0D,
    0xFE0E, 0xFE0D, 0xFDAB, 0xFD6A, 0xFD6B, 0xFD6A, 0xFDAC, 0xFE2F,
    0xFE71, 0xFE92, 0xFEB2, 0xFEB3, 0xFED3, 0xFE2E, 0xFCE8, 0xF406,
    0xEBC5, 0xEB84, 0xF426, 0xF3C5, 0xEB84, 0xEBA4, 0xEB84, 0xF3E5,
    0xEBC5, 0xEBE5, 0xE3A5, 0xEBA5, 0xDB64, 0xDB44, 0xD304, 0xCAE3,
    0xC2A2, 0xDB64, 0xEBC5, 0xDB23, 0xDB23, 0xE364, 0xDB23, 0xE384,
    0xEBC5, 0xE384, 0xE364, 0xE364, 0xE364, 0xE364, 0xE343, 0xEBC5,
    0xF426, 0xFDEE, 0xFEF4, 0xFEF5, 0xFF15, 0xFEF5, 0xFEF4, 0xF5EF,
    0xAAC6, 0x81C3, 0x9224, 0x9245, 0xA2A6, 0xD48B, 0xF631, 0xFF14,
    0xFED4, 0xFEB3, 0xFEF5, 0xFED4, 0xEC68, 0xE364, 0xF427, 0xF427,
    0xEBE6, 0xDB23, 0xEBE5, 0xEBE5, 0xEBE5, 0xEBC4, 0xE364, 0xD2E3,
    0xD2E3, 0xD2E3, 0xCAC3, 0xDB23, 0xEBA4, 0xF426, 0xFD2B, 0xF5D0,
    0xF5D0, 0xF5AF, 0xF632, 0xFE54, 0xFE74, 0xED91, 0xBB08, 0xAA25,
    0xA1C4, 0xA9E5, 0xA9E5, 0xAA05, 0xA1C4, 0xA9E5, 0xB225, 0xBA66,
    0xBA87, 0xC2C8, 0xD349, 0xDB8B, 0xE3EC, 0xE42D, 0xEC8E, 0xECCF,
    0xF50F, 0xF52F, 0xF52F, 0xF52F, 0xF590, 0xFE33, 0xFE53, 0xF632,
    0xF612, 0xF632, 0xF611, 0xF612, 0xF5F1, 0xFE95, 0xFF5A, 0xD617,
    0xCDD6, 0xCE18, 0xD638, 0xD638, 0xCE18, 0xCE18, 0xCDF8, 0xC5D7,
    0xBDB7, 0xBD97, 0xBD97, 0xBD97, 0xBD97, 0xBD97, 0xBDB7, 0xBD97,
    0x8B2A, 0x8B8C, 0x9BEE, 0xAC70, 0xB4F2, 0xC554, 0xC595, 0xCDD7,
    0xD617, 0xD638, 0xD659, 0xD659, 0xD659, 0xD659, 0xD638, 0xCE18,
    0xCE17, 0xCDD7, 0xC595, 0xBD54, 0xB4F2, 0xAC90, 0xA42E, 0x93CD,
    0x8B6B, 0x8B4A, 0x8B4A, 0x8B4B, 0x8B6B, 0x8B6B, 0x936B, 0x938B,
    0x938B, 0x93AC, 0x9BCC, 0x9BED, 0x9BED, 0xA40D, 0xA42D, 0xAC4E,
    0xAC4E, 0xAC4E, 0xAC6F, 0xAC4E, 0xBCF0, 0xF675, 0xF632, 0xF674,
    0xFF17, 0xFED6, 0xFE95, 0xFE95, 0xFED6, 0xFE74, 0xFE95, 0xFE13,
    0xFDF2, 0xFE54, 0xFD91, 0xFD71, 0xFD71, 0xFD31, 0xFCAF, 0xF46E,
    0xF4AF, 0xF4AF, 0xF48F, 0xEC2D, 0xEBCC, 0xE38B, 0xD309, 0xC2A7,
    0xBA87, 0xBA67, 0xAA26, 0x91A4, 0x91A4, 0xD48C, 0xFDCD, 0xFC46,
    0xF426, 0xFC46, 0xFCEA, 0xFF37, 0xFF16, 0xFED4, 0x71C3, 0x1800,
    0x5141, 0xC3E7, 0xFDAC, 0xFE4F, 0xFE2F, 0xFDED, 0xFDED, 0xFDED,
    0xFDED, 0xFDCC, 0xFDAB, 0xFD8A, 0xFDAB, 0xFDCC, 0xFDCC, 0xFE0E,
    0xFE92, 0xFEB3, 0xFEB3, 0xFEB3, 0xFED4, 0xFE0E, 0xFC45, 0xF426,
    0xEBC5, 0xF3C5, 0xF3E5, 0xF426, 0xFCA8, 0xF3E5, 0xF3C5, 0xEBA4,
    0xEBA4, 0xEBC5, 0xEBC5, 0xEB84, 0xEBA5, 0xD303, 0xB242, 0xDB64,
    0xE384, 0xD2E3, 0xE344, 0xDB44, 0xDB23, 0xE364, 0xEB84, 0xEB84,
    0xF426, 0xF426, 0xEBE5, 0xDB23, 0xDB23, 0xE343, 0xE344, 0xF3E5,
    0xFD2A, 0xFED3, 0xFEF5, 0xFEF5, 0xFEF5, 0xFED4, 0xFE0F, 0xA2E6,
    0x71A3, 0x69A3, 0x71C3, 0x79E4, 0x79E4, 0x81E4, 0x9A86, 0xCBE9,
    0xFE30, 0xFF35, 0xFEF5, 0xFF16, 0xFED4, 0xFD8D, 0xFCEA, 0xF448,
    0xF447, 0xEC06, 0xE3C4, 0xEC05, 0xEC05, 0xE3A4, 0xDB44, 0xCAC3,
    0xC282, 0xCAA2, 0xCAC3, 0xD303, 0xE384, 0xF4A8, 0xF5AF, 0xF632,
    0xFE74, 0xF5F1, 0xEDB0, 0xF5F1, 0xED70, 0xBB08, 0x8943, 0x9163,
    0x99A4, 0xA1A4, 0xA1C4, 0xAA05, 0xA9E5, 0xAA05, 0xBA66, 0xC2A7,
    0xCAE8, 0xD34A, 0xDB8B, 0xDBAB, 0xE42D, 0xEC6D, 0xECCF, 0xF50F,
    0xF530, 0xF50F, 0xF530, 0xF570, 0xFDF2, 0xFE53, 0xFE12, 0xF612,
    0xFE53, 0xF612, 0xF612, 0xF611, 0xF612, 0xFF18, 0xDE57, 0xCDB5,
    0xCDF7, 0xCE18, 0xD638, 0xD638, 0xCE18, 0xCE18, 0xCDF8, 0xC5D7,
    0xBDB7, 0xBD97, 0xBD97, 0xBDB7, 0xBD97, 0xBDB7, 0xBDB7, 0xBD97,
    0x830A, 0x8B6B, 0x9BCD, 0xAC70, 0xBCF2, 0xC554, 0xC595, 0xCDF7,
    0xD617, 0xD638, 0xD658, 0xD659, 0xD659, 0xD659, 0xD638, 0xD618,
    0xCE17, 0xCDD7, 0xC595, 0xBD34, 0xB4F2, 0xAC70, 0xA40E, 0x93AC,
    0x8B6B, 0x8B4A, 0x8B4A, 0x8B6B, 0x8B6B, 0x936B, 0x936B, 0x938B,
    0x93AC, 0x9BAC, 0x9BCC, 0x9BED, 0xA3ED, 0xA40D, 0xA42D, 0xAC2E,
    0xAC4E, 0xAC6E, 0xAC6E, 0xB48F, 0xAC6F, 0xC511, 0xFEB5, 0xF632,
    0xF633, 0xFEB5, 0xFEB5, 0xFED6, 0xFEB5, 0xFED6, 0xFE95, 0xFE53,
    0xFE94, 0xFE33, 0xFDF2, 0xFE33, 0xFE13, 0xFDB2, 0xFD71, 0xFD10,
    0xFCF0, 0xFCF0, 0xF4F0, 0xF4AF, 0xF44D, 0xEC6E, 0xE40C, 0xDBCB,
    0xD36A, 0xCB08, 0xBAC7, 0xAA66, 0xA1E4, 0xD46A, 0xFD29, 0xFC88,
    0xFCC9, 0xFC04, 0xFE10, 0xFF58, 0xFF15, 0xAB68, 0x5921, 0xA346,
    0xF58C, 0xFE4F, 0xFE50, 0xFE2F, 0xFE2F, 0xFE0E, 0xFDCC, 0xFDCC,
    0xFDCC, 0xFD8B, 0xFD8B, 0xFD8A, 0xFDAB, 0xFDAB, 0xFDCC, 0xFDEC,
    0xFE2E, 0xFE92, 0xFE92, 0xFEB3, 0xFEB3, 0xFE2F, 0xFCC7, 0xF426,
    0xF406, 0xF426, 0xEB84, 0xEBE5, 0xF406, 0xEBA4, 0xF3E5, 0xFC87,
    0xF405, 0xE344, 0xE344, 0xEBA5, 0xE364, 0xDB44, 0xE364, 0xE364,
    0xEB84, 0xE364, 0xE385, 0xEBA5, 0xE384, 0xEB84, 0xEB64, 0xEBA4,
    0xF426, 0xF447, 0xF406, 0xF3E5, 0xEBC5, 0xEB84, 0xE364, 0xEBA4,
    0xFDCE, 0xFF15, 0xFED4, 0xFEF5, 0xFEF6, 0xFED4, 0xF5AE, 0x71A3,
    0x5942, 0x6162, 0x6162, 0x71C4, 0x8205, 0x8A25, 0x69A4, 0x5922,
    0x8A04, 0xDD2E, 0xFF55, 0xFEF4, 0xFEF5, 0xFED4, 0xFD6C, 0xFD0B,
    0xFC47, 0xF4EA, 0xDB64, 0xF405, 0xF426, 0xEBC5, 0xD323, 0xC2A3,
    0xBA62, 0xC262, 0xC262, 0xD303, 0xF487, 0xFDEF, 0xF611, 0xF633,
    0xF633, 0xF5F2, 0xF5F2, 0xF5D1, 0xD44C, 0xA1E5, 0x9984, 0x9984,
    0x9183, 0x9984, 0xA1A4, 0xA9E5, 0xA9E4, 0xB226, 0xC287, 0xCAE8,
    0xD34A, 0xDB8B, 0xE3CC, 0xE42D, 0xEC4D, 0xEC8E, 0xF4CF, 0xF4EF,
    0xF4EF, 0xF530, 0xF570, 0xFDF2, 0xFE12, 0xF5D1, 0xFE32, 0xFE74,
    0xFE94, 0xFE74, 0xFE94, 0xF612, 0xFEB5, 0xEED8, 0xCD74, 0xCDB5,
    0xCDF7, 0xD638, 0xD638, 0xD638, 0xCE18, 0xCE18, 0xCDF8, 0xC5D7,
    0xBDB7, 0xBDB7, 0xBD97, 0xBDB7, 0xBDB7, 0xBDB7, 0xBDB7, 0xBD97,
    0x8B29, 0x936B, 0xA3EC, 0xB46F, 0xBCF1, 0xC533, 0xCD74, 0xCDD6,
    0xD5F6, 0xD617, 0xD638, 0xD638, 0xD638, 0xD638, 0xD618, 0xD617,
    0xCDF7, 0xCDD6, 0xC575, 0xBD33, 0xB4D2, 0xAC70, 0x9C0E, 0x93AC,
    0x8B6B, 0x8B2A, 0x8B4A, 0x8B4A, 0x936B, 0x936B, 0x938B, 0x938B,
    0x9BAC, 0x9BCC, 0x9BEC, 0x9BED, 0xA3ED, 0xA40D, 0xA42D, 0xAC4E,
    0xAC4E, 0xAC6E, 0xB48F, 0xB48F, 0xB48F, 0xB48F, 0xC511, 0xEE54,
    0xFE53, 0xFE94, 0xFEB5, 0xFE95, 0xFEF7, 0xFEF6, 0xFEB5, 0xFEF6,
    0xFE94, 0xFE32, 0xFE95, 0xFE54, 0xFE13, 0xFE74, 0xFE13, 0xFDD2,
    0xFD91, 0xFE14, 0xFDD3, 0xFDB2, 0xFDB2, 0xFDF3, 0xF5D2, 0xF5B1,
    0xF570, 0xECEE, 0xDC6C, 0xD3C9, 0xD44A, 0xFDCD, 0xFC66, 0xFD4B,
    0xFD4A, 0xFD2B, 0xFF36, 0xFEB2, 0xFE50, 0x9B07, 0xE5D0, 0xFED1,
    0xFE70, 0xFE50, 0xFE50, 0xFE2F, 0xFE0E, 0xFDEC, 0xFDAB, 0xFD8A,
    0xFDAA, 0xFD8A, 0xFD8A, 0xFDAB, 0xFDCB, 0xFDCC, 0xFDCC, 0xFDCC,
    0xFE2F, 0xFEB3, 0xFEB3, 0xFED4, 0xFED4, 0xFE71, 0xFD09, 0xF406,
    0xF406, 0xF447, 0xE364, 0xF426, 0xF3E5, 0xF426, 0xF446, 0xFC66,
    0xEBA4, 0xDB23, 0xE364, 0xF406, 0xEBA5, 0xEBC5, 0xDB24, 0xE364,
    0xEBC5, 0xEBC5, 0xE364, 0xEBC5, 0xF3E5, 0xEBA5, 0xDB03, 0xEB84,
    0xF405, 0xFC46, 0xF447, 0xF426, 0xEBE5, 0xEBC5, 0xEBA5, 0xF405,
    0xFDEE, 0xFED3, 0xFEF4, 0xFEF5, 0xFEB4, 0xFED4, 0xF5AE, 0x5942,
    0x48E1, 0x5101, 0x5942, 0x6983, 0x79C3, 0x71A3, 0x79E4, 0x6183,
    0x69A4, 0x81E4, 0xCC2A, 0xFED3, 0xFEB3, 0xFF15, 0xFE31, 0xFD4B,
    0xFCC8, 0xFD29, 0xEC88, 0xEBA4, 0xEBC5, 0xEBE5, 0xDB44, 0xD324,
    0xDB44, 0xDB44, 0xCAE3, 0xDB84, 0xFD6C, 0xFE30, 0xFE93, 0xFEB5,
    0xF633, 0xED0F, 0xC369, 0xA225, 0xAA26, 0x9984, 0x9984, 0x9163,
    0x9984, 0xA1C4, 0xA1E5, 0xA9E5, 0xB205, 0xC267, 0xCAA8, 0xD309,
    0xDB8A, 0xE3AB, 0xE3CC, 0xEC2D, 0xEC6E, 0xEC8E, 0xF48E, 0xF4AE,
    0xF550, 0xF571, 0xF571, 0xFDF2, 0xFE12, 0xFE33, 0xFE33, 0xFE53,
    0xFE53, 0xFE74, 0xF5F1, 0xFE32, 0xFF7A, 0xDDF5, 0xC573, 0xCDD6,
    0xCDF7, 0xD638, 0xD638, 0xD638, 0xCE18, 0xCE18, 0xCDF8, 0xC5D7,
    0xBDB7, 0xBDB7, 0xBD97, 0xBD97, 0xBDB7, 0xBDB7, 0xBDB7, 0xBD97,
    0x9B69, 0xA38A, 0xABEC, 0xB46E, 0xBCD0, 0xC512, 0xCD53, 0xCD94,
    0xD5B5, 0xD5F6, 0xD5F6, 0xD617, 0xD617, 0xD5F7, 0xD5F6, 0xD5F6,
    0xCDD6, 0xCD95, 0xC554, 0xBD12, 0xB4B1, 0xAC6F, 0xA40D, 0x9BAC,
    0x8B4A, 0x8B4A, 0x8B4A, 0x936A, 0x936B, 0x938B, 0x938B, 0x9BAB,
    0x9BAC, 0x9BCC, 0x9BEC, 0x9BED, 0xA40D, 0xA40D, 0xA42E, 0xAC4E,
    0xAC4E, 0xAC6E, 0xB48F, 0xB48F, 0xB48F, 0xB48F, 0xAC4E, 0xC511,
    0xFEB6, 0xF632, 0xF632, 0xFED6, 0xFF17, 0xFED6, 0xFEB5, 0xFEB5,
    0xFE74, 0xFE74, 0xFEB6, 0xFE74, 0xFE53, 0xFE54, 0xFE54, 0xFE54,
    0xFE54, 0xFE74, 0xFE74, 0xFE33, 0xFE33, 0xFE54, 0xFE33, 0xFE33,
    0xF633, 0xF5D1, 0xED6F, 0xED0D, 0xF5EF, 0xFCC8, 0xFCA7, 0xFDED,
    0xFDCC, 0xFEF5, 0xFED3, 0xFD8A, 0xFDAC, 0xFE91, 0xFED3, 0xFE71,
    0xFE70, 0xFE2F, 0xFE2F, 0xFE0E, 0xFDEC, 0xFDAC, 0xFDAB, 0xFD8A,
    0xFD8A, 0xFD6A, 0xFD69, 0xFD8A, 0xFDAB, 0xFDCC, 0xFDCC, 0xFDEC,
    0xFE2F, 0xFEB3, 0xFED4, 0xFED4, 0xFE92, 0xFE0E, 0xFCE8, 0xEBC5,
    0xEBA5, 0xF447, 0xDAE3, 0xE364, 0xF426, 0xFCA7, 0xF426, 0xF426,
    0xF3C5, 0xF3E5, 0xF406, 0xE385, 0xE364, 0xEB84, 0xDB24, 0xEBE5,
    0xE3A5, 0xE3A5, 0xDB03, 0xE344, 0xF406, 0xF3E5, 0xCAA2, 0xDB03,
    0xF426, 0xF446, 0xF446, 0xE384, 0xE3A5, 0xEB84, 0xF3E5, 0xF487,
    0xFE51, 0xFED3, 0xFEF5, 0xFED4, 0xFEB3, 0xFE93, 0xFE51, 0xA2A4,
    0x40A0, 0x3060, 0x3880, 0x48E1, 0x48E1, 0x40C1, 0x5121, 0x6163,
    0x7A04, 0x8246, 0x7183, 0xC3E9, 0xFEF3, 0xFEF5, 0xFEB4, 0xFCE9,
    0xFD29, 0xFD8C, 0xF5AD, 0xE384, 0xEC26, 0xEC05, 0xEBE5, 0xEBE5,
    0xEC06, 0xF446, 0xF446, 0xECA9, 0xF5AF, 0xFDD0, 0xF5AF, 0xF5F1,
    0xFE54, 0xF613, 0xC3CB, 0x9183, 0x9983, 0x9984, 0x9984, 0x9163,
    0x99A4, 0xA1E5, 0xB226, 0xB246, 0xBA67, 0xCAC9, 0xD309, 0xDB6A,
    0xE3AB, 0xE40C, 0xEC2D, 0xEC4D, 0xEC6E, 0xF4AF, 0xF4CF, 0xF530,
    0xF571, 0xF571, 0xFDD2, 0xF5D2, 0xFE32, 0xFE53, 0xFE33, 0xF612,
    0xF58F, 0xF612, 0xF653, 0xFED6, 0xFF5B, 0xCD94, 0xC574, 0xCDD6,
    0xCDF7, 0xD638, 0xD638, 0xD638, 0xCE18, 0xCE18, 0xC5F7, 0xC5D7,
    0xBDB7, 0xBDB7, 0xBDB7, 0xBD97, 0xBD97, 0xBDB7, 0xBDB7, 0xBD97,
    0xAB89, 0xABAA, 0xB3EB, 0xBC4D, 0xC4AF, 0xC4F0, 0xCD31, 0xCD52,
    0xCD73, 0xD594, 0xD5B4, 0xD5D5, 0xD5D5, 0xD5D5, 0xD5B5, 0xD5B5,
    0xCD94, 0xCD53, 0xC532, 0xBCD1, 0xB48F, 0xB44E, 0xAC0D, 0xA3AB,
    0x9B6A, 0x936A, 0x9B6A, 0x9B8A, 0x9B8B, 0x9BAB, 0x9BAB, 0xA3CB,
    0xA3CC, 0xA3EC, 0xA3EC, 0xA40D, 0xA40D, 0xAC2D, 0xAC2D, 0xAC4D,
    0xAC4E, 0xB46E, 0xB46E, 0xB46E, 0xB48F, 0xB48F, 0xB48F, 0xB46F,
    0xC4CF, 0xEE13, 0xF633, 0xF612, 0xF674, 0xFF17, 0xFE94, 0xFE95,
    0xFED6, 0xFEF6, 0xFE95, 0xFE53, 0xFE53, 0xFE12, 0xFE73, 0xFE74,
    0xFE94, 0xFE74, 0xFE32, 0xFE32, 0xFE33, 0xFE33, 0xFE32, 0xFE32,
    0xFE12, 0xF5F1, 0xED8F, 0xED4D, 0xFDCD, 0xFD29, 0xFDCC, 0xFDEC,
    0xFE91, 0xFF37, 0xFDCC, 0xFD8B, 0xFE50, 0xFE92, 0xFE71, 0xFE70,
    0xFE2E, 0xFDEC, 0xFDCC, 0xFDAB, 0xFDAC, 0xFDCC, 0xFDCC, 0xFDCB,
    0xFDCB, 0xFD6A, 0xFD49, 0xFD6A, 0xFD8A, 0xFDAB, 0xFDCC, 0xFDEC,
    0xFE0E, 0xFEB4, 0xFED4, 0xFEB3, 0xFE92, 0xFE2F, 0xFD29, 0xF3E5,
    0xEBA5, 0xE385, 0xD2C3, 0xE364, 0xEBC5, 0xF3E5, 0xF405, 0xFCA7,
    0xFC87, 0xFCA7, 0xF426, 0xE364, 0xE323, 0xEC06, 0xF446, 0xEBC5,
    0xE3A5, 0xEBA5, 0xF3C4, 0xF426, 0xF426, 0xEBC5, 0xDB03, 0xCAA2,
    0xD303, 0xE384, 0xD303, 0xDB23, 0xEBC5, 0xEBA5, 0xF405, 0xFD8C,
    0xFED3, 0xFEF4, 0xFED4, 0xFED4, 0xFED4, 0xFE71, 0xFDCD, 0xF52A,
    0xD427, 0xA2E4, 0x9AA4, 0x8203, 0x6161, 0x38A0, 0x2860, 0x48E1,
    0x6142, 0x69A3, 0x69C4, 0x79C3, 0xE56E, 0xFEF4, 0xFEF5, 0xFE10,
    0xFD4B, 0xFE50, 0xFE70, 0xEC47, 0xEC05, 0xF446, 0xF446, 0xF487,
    0xF487, 0xFCC7, 0xFD8C, 0xED2C, 0xF58E, 0xFE73, 0xF5F1, 0xF58F,
    0xED6F, 0xDC8D, 0xAA66, 0x99C4, 0x99A4, 0xA1A4, 0xA1C4, 0xA1C5,
    0xA1C5, 0xAA05, 0xB226, 0xBA67, 0xCAC8, 0xD32A, 0xDB6B, 0xE3AB,
    0xEC0D, 0xEC4E, 0xF46E, 0xF4AF, 0xF4AF, 0xF4AF, 0xF530, 0xF530,
    0xF550, 0xF591, 0xFDF2, 0xFE13, 0xFE33, 0xFE12, 0xF5F1, 0xF5D1,
    0xF632, 0xF612, 0xFE54, 0xFF7A, 0xE615, 0xC532, 0xCD94, 0xCDD6,
    0xCDF7, 0xD638, 0xD638, 0xD638, 0xCE18, 0xCE18, 0xCDF8, 0xC5D7,
    0xBDB7, 0xBDB7, 0xBD97, 0xBD97, 0xBD97, 0xBD97, 0xBDB7, 0xBD97,
    0xB3C9, 0xB3C9, 0xBBEA, 0xBC4C, 0xC48D, 0xC4CE, 0xCCF0, 0xCD11,
    0xCD31, 0xCD52, 0xD552, 0xD573, 0xD573, 0xD573, 0xD573, 0xCD72,
    0xCD52, 0xCD32, 0xC4F1, 0xC4AF, 0xBC6E, 0xB44D, 0xB40C, 0xABCA,
    0xA3A9, 0xA3AA, 0xA3AA, 0xA3AA, 0xABAA, 0xABCB, 0xABCB, 0xABEB,
    0xABEB, 0xAC0C, 0xAC0C, 0xAC2C, 0xAC2D, 0xB42D, 0xB44D, 0xB44D,
    0xB44D, 0xB46D, 0xB46D, 0xBC6E, 0xBC8E, 0xBC8E, 0xBC8E, 0xBC8E,
    0xB46E, 0xBCAE, 0xF654, 0xF674, 0xF653, 0xF5F1, 0xF653, 0xFE95,
    0xFF18, 0xFED6, 0xFE32, 0xFEB5, 0xFEB5, 0xFE12, 0xFE11, 0xFE73,
    0xFE53, 0xFE52, 0xFE11, 0xFDF1, 0xFE12, 0xF5F1, 0xF5F1, 0xF5D0,
    0xF5D0, 0xF5AF, 0xED4E, 0xF5CE, 0xFE2E, 0xFE6F, 0xFDED, 0xFD29,
    0xFE52, 0xFED4, 0xFE50, 0xFE92, 0xFE91, 0xFE70, 0xFE2F, 0xFE0D,
    0xFDCC, 0xFDAB, 0xFD6A, 0xFD8B, 0xFD8B, 0xFD8A, 0xFD8A, 0xFD6A,
    0xFD8A, 0xFD6A, 0xFD49, 0xFD49, 0xFD8A, 0xFD8B, 0xFDAB, 0xFE0D,
    0xFE4F, 0xFEB4, 0xFED4, 0xFEB3, 0xFE92, 0xFE91, 0xFDCD, 0xF488,
    0xDB64, 0xCAC3, 0xDB44, 0xE385, 0xE344, 0xFC26, 0xFCE8, 0xFCA6,
    0xFCE8, 0xFCA7, 0xFC46, 0xF405, 0xF3A4, 0xEBA4, 0xE384, 0xEBE6,
    0xEBC5, 0xEBC5, 0xFCA7, 0xFC87, 0xFCA7, 0xE384, 0xE364, 0xDB44,
    0xCAC2, 0xDB23, 0xDB64, 0xDB24, 0xDB44, 0xDB03, 0xE323, 0xFDCD,
    0xFED3, 0xFEB3, 0xFED4, 0xFED4, 0xFEB3, 0xFE51, 0xFE0F, 0xFE0E,
    0xFDAB, 0xFD6B, 0xFD2A, 0xECA8, 0xDC47, 0xC386, 0x7A03, 0x50E0,
    0x40C0, 0x40C1, 0x5122, 0x6983, 0x9A85, 0xFE72, 0xFED3, 0xFF15,
    0xFE50, 0xFD6C, 0xFD8B, 0xECC9, 0xDB64, 0xEC05, 0xEC05, 0xF487,
    0xFCC8, 0xFD4A, 0xFE0F, 0xFE11, 0xECEB, 0xF56F, 0xF632, 0xED6F,
    0xE4CE, 0xAA86, 0x9122, 0x99A4, 0xA1C4, 0xA1A4, 0xA1A4, 0xA9C5,
    0xAA05, 0xB226, 0xBA67, 0xC2A8, 0xD32A, 0xDB8B, 0xE3AC, 0xE3CC,
    0xEC2D, 0xF48F, 0xF4AF, 0xF4F0, 0xF510, 0xF551, 0xF551, 0xF550,
    0xF591, 0xFDD2, 0xFDF2, 0xFE33, 0xFE33, 0xFE74, 0xFE95, 0xF654,
    0xF5D1, 0xF5D0, 0xFF18, 0xEE56, 0xC4F0, 0xC532, 0xC594, 0xCDD6,
    0xCDF7, 0xD638, 0xD659, 0xD638, 0xCE38, 0xCE18, 0xCDF8, 0xC5D7,
    0xBDB7, 0xBDB7, 0xBD97, 0xBDB7, 0xBD97, 0xBD97, 0xBD97, 0xBD97,
    0xBBE9, 0xBBE9, 0xBBE9, 0xC42A, 0xC46C, 0xCC8D, 0xCCAE, 0xCCEE,
    0xCCEF, 0xCCEF, 0xCCEF, 0xCD10, 0xCD10, 0xCD10, 0xCD10, 0xCD10,
    0xCD10, 0xCCF0, 0xC4CF, 0xC48E, 0xBC6D, 0xBC4C, 0xBC0B, 0xB3EA,
    0xB3CA, 0xB3CA, 0xB3CA, 0xB3CA, 0xB3EA, 0xB3EA, 0xB40B, 0xB40B,
    0xB40B, 0xB42B, 0xB42C, 0xB42C, 0xBC4C, 0xBC4C, 0xBC4C, 0xBC6C,
    0xBC6D, 0xBC6D, 0xBC6D, 0xBC6D, 0xBC8D, 0xBC8D, 0xBC8E, 0xBC8E,
    0xBC8D, 0xBC8E, 0xBC8E, 0xE5F3, 0xFE74, 0xF5F1, 0xF632, 0xFE94,
    0xFEF7, 0xFE73, 0xFE94, 0xFEF7, 0xFEB5, 0xFE74, 0xF612, 0xFE53,
    0xFE53, 0xFE32, 0xFE12, 0xFE53, 0xFE32, 0xFDF1, 0xF5F1, 0xED8E,
    0xED6E, 0xED8F, 0xEDAF, 0xFE50, 0xFE6F, 0xFDAB, 0xF427, 0xEBC6,
    0xFE94, 0xFED3, 0xFEB3, 0xFE91, 0xFE70, 0xFE0E, 0xFDCB, 0xFD8A,
    0xFD49, 0xFD4A, 0xFD4A, 0xFD4A, 0xFD29, 0xFD29, 0xFD29, 0xFD4A,
    0xFD4A, 0xFD29, 0xF529, 0xFD08, 0xFD49, 0xFD8A, 0xFDAB, 0xFDEC,
    0xFE2F, 0xFE92, 0xFE93, 0xFEB3, 0xFE92, 0xFE71, 0xFD2A, 0xEBE6,
    0xC283, 0xC2A3, 0xEBC5, 0xFC46, 0xFC67, 0xFCC8, 0xFD08, 0xFD08,
    0xFCE8, 0xFCC8, 0xFCC8, 0xFC66, 0xF3E5, 0xE323, 0xE364, 0xF426,
    0xE344, 0xE384, 0xFC66, 0xFCC7, 0xF425, 0xE344, 0xDB44, 0xE364,
    0xE364, 0xDB23, 0xD2E3, 0xDB24, 0xDB44, 0xE364, 0xF447, 0xFE2F,
    0xFED3, 0xFED3, 0xFEB3, 0xFEB3, 0xFE71, 0xFE51, 0xFE2F, 0xFDAC,
    0xFDAC, 0xFDAC, 0xFD6B, 0xFD4A, 0xF52A, 0xFD2A, 0xFD4A, 0xDC47,
    0x9263, 0x3080, 0x3080, 0x69A3, 0x81E3, 0xD4AC, 0xFEF4, 0xFEF5,
    0xFEF5, 0xF489, 0xF3A4, 0xF4C8, 0xDBA5, 0xEC26, 0xF466, 0xF487,
    0xFD4B, 0xFDAE, 0xFDEF, 0xFE11, 0xF5F0, 0xED6F, 0xF5D1, 0xD48D,
    0xA246, 0x9183, 0x9143, 0x99A4, 0xA1C4, 0xA9E5, 0xA9E5, 0xA9E5,
    0xBA46, 0xBA67, 0xC2A8, 0xD30A, 0xDB6B, 0xE3CC, 0xEC0D, 0xF44E,
    0xF44E, 0xF4AF, 0xF4F0, 0xFD31, 0xFD52, 0xFD31, 0xFD51, 0xFDB2,
    0xFDF2, 0xFE33, 0xFE74, 0xFE75, 0xFE74, 0xF633, 0xF633, 0xED8F,
    0xED4E, 0xFE94, 0xF6D7, 0xBC8E, 0xBCD0, 0xC532, 0xC574, 0xCDD6,
    0xCDF7, 0xD638, 0xD639, 0xD638, 0xCE38, 0xCE18, 0xC5F8, 0xC5D7,
    0xC5D7, 0xBDB7, 0xBD97, 0xBDB7, 0xBD97, 0xBD97, 0xBD97, 0xBD97,
    0xC409, 0xC408, 0xC409, 0xC429, 0xC44A, 0xCC6B, 0xCC6B, 0xCC8C,
    0xCC8C, 0xCC8C, 0xCCAD, 0xCCAD, 0xCCAD, 0xCCAD, 0xCCCE, 0xCCCD,
    0xCCCE, 0xCCAE, 0xC48D, 0xC46C, 0xC44B, 0xC42A, 0xBC0A, 0xBBE9,
    0xBBE9, 0xBBE9, 0xBC0A, 0xBC0A, 0xBC0A, 0xBC0A, 0xBC2A, 0xBC2A,
    0xBC2B, 0xBC2B, 0xBC4B, 0xBC4B, 0xBC4C, 0xBC4C, 0xC46C, 0xC46C,
    0xC46C, 0xC46C, 0xC48C, 0xC48D, 0xC48D, 0xC48D, 0xC48D, 0xC48D,
    0xC48D, 0xBC8D, 0xBC6D, 0xC4AE, 0xDD71, 0xF633, 0xFE53, 0xFE74,
    0xF633, 0xF633, 0xFED6, 0xFE95, 0xFE94, 0xFE73, 0xF632, 0xFEB5,
    0xFE94, 0xFE53, 0xFE53, 0xF612, 0xF5D0, 0xED4D, 0xED2D, 0xED6E,
    0xED6F, 0xE56F, 0xF5F0, 0xFEB1, 0xFCE9, 0xEB85, 0xDAC3, 0xED0C,
    0xFF15, 0xFE92, 0xFE91, 0xFE70, 0xFE0E, 0xFDCC, 0xFDAC, 0xFD29,
    0xFD29, 0xF4E8, 0xEC87, 0xEC46, 0xEC66, 0xECA7, 0xECC8, 0xF4C7,
    0xF4A7, 0xF4C8, 0xF509, 0xF509, 0xFD29, 0xFD4A, 0xFD6A, 0xFDCC,
    0xFE0E, 0xFE71, 0xFE92, 0xFE92, 0xFE92, 0xFE2F, 0xEBC5, 0xDB03,
    0xDB44, 0xF446, 0xEBC5, 0xE384, 0xF3C5, 0xFC26, 0xFCE8, 0xFD6A,
    0xFD6A, 0xFD6A, 0xFCE8, 0xFC66, 0xEBC5, 0xE385, 0xEBE5, 0xEBC5,
    0xF3E5, 0xF3E5, 0xF3E5, 0xFCE7, 0xEC06, 0xDB64, 0xE385, 0xD304,
    0xDB23, 0xD303, 0xC262, 0xC2A3, 0xDB64, 0xE384, 0xFD2A, 0xFE50,
    0xFED4, 0xFEB3, 0xFEB3, 0xFE72, 0xFE50, 0xFE0F, 0xFDEE, 0xFDAC,
    0xFDCC, 0xFDCD, 0xFDED, 0xFDAC, 0xFDAC, 0xFDAC, 0xFDAC, 0xFD8C,
    0xF50A, 0xBB85, 0x5121, 0x3080, 0x6162, 0x9244, 0xF610, 0xFEB3,
    0xFED5, 0xF4AA, 0xEB64, 0xF406, 0xEC47, 0xE3C5, 0xF487, 0xF52B,
    0xF5CF, 0xFE52, 0xF5D0, 0xF5B0, 0xF5B0, 0xF633, 0xED70, 0xAAE8,
    0x8943, 0x8943, 0x8922, 0x9143, 0xA1A4, 0xA1C4, 0xB226, 0xBA46,
    0xC267, 0xCAC8, 0xD2E9, 0xDB6A, 0xE3AC, 0xE3ED, 0xEC2D, 0xF48F,
    0xF4AF, 0xF4AF, 0xFD10, 0xFD10, 0xFD31, 0xFD71, 0xFDB2, 0xFDD2,
    0xFE13, 0xFE33, 0xFE54, 0xFE54, 0xF633, 0xFE74, 0xF612, 0xED8F,
    0xF5F1, 0xFEF7, 0xCD31, 0xBC6D, 0xBCD0, 0xC532, 0xCD74, 0xCDD6,
    0xCDF7, 0xD638, 0xD639, 0xD639, 0xCE18, 0xCDF8, 0xC5F8, 0xC5D7,
    0xC5B7, 0xBD97, 0xBD97, 0xBD97, 0xBD97, 0xBD97, 0xBD97, 0xBD97,
    0xC408, 0xC408, 0xC408, 0xC408, 0xC408, 0xC409, 0xC409, 0xC429,
    0xC429, 0xC429, 0xC429, 0xC42A, 0xC42A, 0xC44A, 0xC44A, 0xC44B,
    0xCC4B, 0xC46B, 0xC44B, 0xC42A, 0xC42A, 0xC409, 0xC409, 0xC3E9,
    0xC409, 0xC409, 0xC409, 0xC409, 0xC42A, 0xC42A, 0xC42A, 0xC42A,
    0xC42A, 0xC44A, 0xC44B, 0xC44B, 0xC44B, 0xC46B, 0xC46B, 0xC46B,
    0xC46C, 0xC48C, 0xC48C, 0xC48C, 0xC48C, 0xC48C, 0xC48C, 0xC48C,
    0xC48C, 0xC48C, 0xC48D, 0xC48C, 0xBC4C, 0xCCAD, 0xE590, 0xEDD1,
    0xEDB0, 0xF654, 0xF632, 0xF5D0, 0xF5D0, 0xF5D1, 0xF612, 0xFE73,
    0xFE11, 0xFE32, 0xF5AF, 0xF5D0, 0xED8F, 0xED4D, 0xF5B0, 0xED6E,
    0xE54D, 0xED6E, 0xFE50, 0xFDCD, 0xF3E5, 0xDAE3, 0xDB65, 0xFEB4,
    0xFED4, 0xFE70, 0xFEB2, 0xFE2E, 0xFDCC, 0xFDAB, 0xFD4A, 0xF4C8,
    0xEC66, 0xEC66, 0xECE9, 0xF56B, 0xFE0E, 0xFE2F, 0xFE2F, 0xFE0E,
    0xFDAC, 0xF509, 0xF4C8, 0xF509, 0xFD29, 0xFD29, 0xFD49, 0xFD6A,
    0xFDED, 0xFE51, 0xFE71, 0xFE71, 0xFE72, 0xFED4, 0xFD8B, 0xEB63,
    0xEBC5, 0xEBA4, 0xDB03, 0xE344, 0xEB84, 0xF426, 0xFCE8, 0xFD49,
    0xFD69, 0xFD49, 0xFCA7, 0xFCA7, 0xFCA7, 0xF427, 0xEBA5, 0xEB84,
    0xFC46, 0xFCA7, 0xFCA7, 0xFCC8, 0xFC66, 0xFCC8, 0xF447, 0xEBA5,
    0xDB44, 0xE384, 0xCAC2, 0xCAC3, 0xDB64, 0xE364, 0xFD4B, 0xFED4,
    0xFE92, 0xFE72, 0xFEB4, 0xFE92, 0xFE2F, 0xFE0F, 0xFDCD, 0xFDCD,
    0xFDCD, 0xFDCC, 0xFDCC, 0xFDED, 0xFDED, 0xFDCD, 0xFDED, 0xFDCD,
    0xFD8C, 0xFD8C, 0xE4C9, 0x71C2, 0x38C0, 0x5901, 0xCC6B, 0xFED3,
    0xFEB4, 0xF52C, 0xF427, 0xEBC6, 0xEC27, 0xDC06, 0xED0B, 0xF56C,
    0xF58D, 0xF5F0, 0xF5F1, 0xF58F, 0xE4CD, 0xC3A9, 0xB2E8, 0x8943,
    0x8923, 0x9164, 0x9984, 0x99A4, 0xA1A4, 0xA1A4, 0xB1E5, 0xBA46,
    0xBA46, 0xD2E9, 0xDB4A, 0xE3AB, 0xEBED, 0xF46E, 0xF48F, 0xF4AF,
    0xF4D0, 0xFD11, 0xFD51, 0xFD10, 0xFD30, 0xFD71, 0xFDF3, 0xFE13,
    0xFE33, 0xFE54, 0xFE54, 0xFE53, 0xFE74, 0xFE74, 0xEDB0, 0xF5F1,
    0xFF18, 0xE615, 0xBC4D, 0xBC6D, 0xBCD0, 0xC532, 0xCD94, 0xCDD6,
    0xCE17, 0xD638, 0xD659, 0xD638, 0xCE38, 0xCE18, 0xC5F8, 0xC5D7,
    0xBDB7, 0xBDB7, 0xBD97, 0xBD97, 0xBD97, 0xBD97, 0xBD97, 0xB597,
    0xC3E8, 0xC3E7, 0xC3E7, 0xC3C7, 0xC3C7, 0xC3C7, 0xC3C7, 0xC3C7,
    0xC3C8, 0xC3C7, 0xC3C7, 0xC3C8, 0xC3C8, 0xBBC8, 0xC3E8, 0xC3E8,
    0xC3E8, 0xC3E8, 0xC408, 0xC3E8, 0xC3E8, 0xC408, 0xC408, 0xC408,
    0xC408, 0xC409, 0xC409, 0xC409, 0xC429, 0xC429, 0xC429, 0xC429,
    0xC42A, 0xC44A, 0xC44A, 0xC44A, 0xC44A, 0xC44A, 0xC44A, 0xCC6B,
    0xCC6B, 0xCC6B, 0xCC8B, 0xCC8B, 0xCC8B, 0xCC8B, 0xCC8C, 0xCC8C,
    0xCC8C, 0xCC8C, 0xCC8C, 0xC48C, 0xC46C, 0xC46C, 0xC46B, 0xC46B,
    0xD4CD, 0xEDD1, 0xF5D0, 0xED6E, 0xED4D, 0xEDAF, 0xF5F1, 0xF5CF,
    0xED6D, 0xED8E, 0xEDAF, 0xF5B0, 0xE4EB, 0xED4D, 0xE50C, 0xE4CB,
    0xE50D, 0xF52C, 0xFE0E, 0xFCE8, 0xF406, 0xDAE2, 0xECCB, 0xFF58,
    0xFE92, 0xFE70, 0xFE2E, 0xFE0D, 0xFDAB, 0xFD29, 0xF4A7, 0xECA8,
    0xF56B, 0xFE4F, 0xFE90, 0xFE70, 0xFE70, 0xFE6F, 0xFEB0, 0xFED2,
    0xFE90, 0xFE0E, 0xFD8C, 0xF4E8, 0xF4E8, 0xF509, 0xFCE8, 0xFD49,
    0xFDAC, 0xFE50, 0xFE71, 0xFEB3, 0xFED4, 0xFE91, 0xFD6A, 0xE364,
    0xD2C3, 0xD2E3, 0xD2E3, 0xD303, 0xF3E5, 0xFCA7, 0xFCE8, 0xFD28,
    0xFD49, 0xFD69, 0xFCE8, 0xFC46, 0xFC87, 0xEBE6, 0xEB85, 0xF3C5,
    0xFC25, 0xFD09, 0xFD49, 0xFCE8, 0xFD29, 0xFD29, 0xFCC8, 0xFC87,
    0xE384, 0xD2E3, 0xD2E3, 0xD2E3, 0xDB23, 0xF446, 0xFDAD, 0xFED4,
    0xFEB4, 0xFE93, 0xFEB3, 0xFE71, 0xFDEE, 0xFDAC, 0xFDAC, 0xFDAC,
    0xFDAC, 0xFDAC, 0xFDAC, 0xFDCD, 0xFDCC, 0xFDCC, 0xFDED, 0xFDED,
    0xFDCD, 0xFDCD, 0xFDED, 0xECEA, 0x5942, 0x3060, 0xA327, 0xFED3,
    0xFEF5, 0xF54D, 0xF448, 0xF427, 0xEBE6, 0xEC88, 0xE4EA, 0xF58E,
    0xF56D, 0xED6D, 0xED8E, 0xED6E, 0xED2E, 0xAAA7, 0x8122, 0x8942,
    0x8922, 0x9163, 0xA1E5, 0xA9E5, 0xA9E5, 0xB206, 0xC267, 0xD2E9,
    0xD2E9, 0xDB2A, 0xE36B, 0xEBCC, 0xEC0D, 0xF48F, 0xFCF0, 0xF4AF,
    0xFD10, 0xFD72, 0xFD72, 0xFD72, 0xFD92, 0xFDB2, 0xFDF3, 0xFE33,
    0xFE33, 0xFE54, 0xFE53, 0xFE74, 0xFE74, 0xF5F1, 0xF5D1, 0xFF17,
    0xE656, 0xC4AE, 0xBC4C, 0xBC8E, 0xC4D0, 0xC532, 0xCD94, 0xCDD6,
    0xCE17, 0xD638, 0xD639, 0xCE38, 0xCE38, 0xCE18, 0xC5F8, 0xC5D7,
    0xBDB7, 0xBDB7, 0xBDB7, 0xBD97, 0xBD97, 0xBD97, 0xB597, 0xB597,
    0xBBA7, 0xBBA7, 0xBB87, 0xBB87, 0xBB87, 0xBB87, 0xBB87, 0xBB87,
    0xBBA7, 0xBBA7, 0xBBA7, 0xBBA7, 0xBBA7, 0xBBA7, 0xBBA7, 0xBBA7,
    0xBBA7, 0xBBC7, 0xBBC7, 0xBBC7, 0xBBC8, 0xC3C8, 0xC3E8, 0xC3E8,
    0xC3E8, 0xC408, 0xC408, 0xC408, 0xC408, 0xC409, 0xC409, 0xC429,
    0xC429, 0xC429, 0xC42A, 0xC44A, 0xCC6A, 0xC44A, 0xC42A, 0xCC6A,
    0xCC6A, 0xC44A, 0xCC6A, 0xCC6B, 0xCC6B, 0xCC6B, 0xCC6B, 0xCC6B,
    0xCC6B, 0xCC6B, 0xCC6B, 0xC46B, 0xC44B, 0xC46B, 0xCC8B, 0xC46B,
    0xBC2A, 0xC48C, 0xD52F, 0xDD4E, 0xE54E, 0xEDAF, 0xED6D, 0xED2B,
    0xED0B, 0xED4D, 0xE52C, 0xE4CB, 0xE4AA, 0xE4EB, 0xD489, 0xCC28,
    0xCC08, 0xEC47, 0xFDAC, 0xFCE8, 0xF426, 0xE364, 0xF610, 0xFF36,
    0xFEB2, 0xFE2E, 0xFDEC, 0xFDCC, 0xFD6A, 0xF4A7, 0xF52A, 0xFEF3,
    0xFE92, 0xC46B, 0x9B68, 0x7265, 0x6A45, 0x6A25, 0x82E7, 0xABE9,
    0xE50B, 0xFE2F, 0xFE4F, 0xFDAC, 0xF4E8, 0xF4C8, 0xF4E8, 0xFD29,
    0xFDAC, 0xFE2F, 0xFE92, 0xFEB3, 0xFE72, 0xFE2F, 0xFD6A, 0xEBA5,
    0xC282, 0xB242, 0xCAC3, 0xE384, 0xFC46, 0xFCC8, 0xFD08, 0xFD29,
    0xFCE7, 0xFD49, 0xFCA7, 0xFC46, 0xE384, 0xD2E3, 0xDB23, 0xDB03,
    0xFC25, 0xFD08, 0xFD49, 0xFD49, 0xFCE8, 0xFD29, 0xFCC8, 0xFCA8,
    0xEBC5, 0xEC06, 0xD303, 0xE384, 0xF4A8, 0xFDAC, 0xFED3, 0xFED4,
    0xFEB4, 0xFED4, 0xFE72, 0xFE0F, 0xFDEE, 0xFDAC, 0xFDAC, 0xFDAC,
    0xFD8C, 0xFDAC, 0xFD8B, 0xFD8B, 0xFDAC, 0xFDCC, 0xFDCD, 0xFDED,
    0xFDED, 0xFE0E, 0xFE0F, 0xFDEE, 0xE489, 0x40C0, 0x7A04, 0xFED3,
    0xFED4, 0xFE93, 0xF4EB, 0xEBE6, 0xF3C5, 0xEC88, 0xE4AA, 0xE50C,
    0xED4D, 0xE50C, 0xCC4B, 0xC3CA, 0xBB69, 0x9A26, 0x8102, 0x9143,
    0x9143, 0x9984, 0xA9E5, 0xAA06, 0xB226, 0xC267, 0xCAC8, 0xDB4A,
    0xE3AC, 0xEBCC, 0xEBCC, 0xEBEC, 0xF48F, 0xFCF0, 0xFD31, 0xFD31,
    0xFD31, 0xFD92, 0xFD92, 0xFD92, 0xFDD3, 0xFDF3, 0xFE54, 0xFE54,
    0xFE74, 0xFE12, 0xF5F1, 0xF632, 0xED6F, 0xED4E, 0xFED5, 0xF6D8,
    0xBCAF, 0xB46E, 0xBC6D, 0xBC8E, 0xC4F0, 0xC552, 0xCD94, 0xCDD6,
    0xCE17, 0xD638, 0xD639, 0xD638, 0xCE18, 0xCE18, 0xC5F8, 0xC5D7,
    0xBDB7, 0xBDB7, 0xBD97, 0xBD97, 0xBD97, 0xB596, 0xB597, 0xB597,
    0xB346, 0xB346, 0xAB46, 0xAB46, 0xAB46, 0xAB46, 0xAB46, 0xB346,
    0xB346, 0xB346, 0xB366, 0xB366, 0xB366, 0xB366, 0xB366, 0xB366,
    0xB367, 0xB366, 0xB367, 0xB387, 0xB387, 0xB387, 0xBBA7, 0xBBA7,
    0xBBA7, 0xBBC8, 0xBBC8, 0xBBC8, 0xBBC8, 0xBBE8, 0xBBC8, 0xBBE8,
    0xCC4A, 0xD4AD, 0xDC8C, 0xD46C, 0xD44C, 0xD46C, 0xD46C, 0xD46C,
    0xD46B, 0xCC4A, 0xCC4A, 0xC429, 0xC44A, 0xCC4A, 0xCC4A, 0xCC4A,
    0xCC4A, 0xCC4A, 0xC44A, 0xC44A, 0xC44A, 0xC44A, 0xC46B, 0xC46B,
    0xC48C, 0xBC6B, 0xBC2B, 0xBC2B, 0xBC4B, 0xC48D, 0xCCCD, 0xD4EC,
    0xE52C, 0xED4C, 0xECEA, 0xE4EA, 0xE4CA, 0xDC68, 0xCBE6, 0xC3A6,
    0xC385, 0xF4EA, 0xFDCC, 0xFD4A, 0xF447, 0xEBE6, 0xFEF4, 0xFED4,
    0xFE71, 0xFE0D, 0xED0A, 0xFD29, 0xF4C7, 0xFDCD, 0xFEB3, 0xB44B,
    0x51C4, 0x1860, 0x0000, 0x0000, 0x1020, 0x1020, 0x0800, 0x1020,
    0x2080, 0x7245, 0xE50B, 0xFE2D, 0xFD6B, 0xECA7, 0xF4C8, 0xFD6B,
    0xFDAC, 0xFDEE, 0xFE92, 0xFEB3, 0xFE93, 0xFE2F, 0xFD29, 0xF425,
    0xDB44, 0xCAC3, 0xDB64, 0xF3C5, 0xFC66, 0xFC87, 0xFCC7, 0xFD29,
    0xFCC7, 0xFCA7, 0xFC87, 0xF406, 0xCAA2, 0xB221, 0xD2E3, 0xD2E3,
    0xEBA4, 0xF446, 0xFC86, 0xFD09, 0xFD29, 0xFCC8, 0xF3E5, 0xFD29,
    0xFD08, 0xFD08, 0xFCC8, 0xFCC8, 0xFD6A, 0xFE2E, 0xFEB2, 0xFE93,
    0xFEB4, 0xFE93, 0xFE72, 0xFE0F, 0xFDAD, 0xFDAC, 0xFD8B, 0xFD8C,
    0xFD4A, 0xFD4A, 0xFD4A, 0xF529, 0xFD4A, 0xFD8B, 0xFD8B, 0xFDCC,
    0xFDED, 0xFE0E, 0xFE2F, 0xFE2F, 0xFE2E, 0xC3E7, 0x6121, 0xEDCF,
    0xFEF4, 0xFE51, 0xFCEA, 0xEC06, 0xEBA5, 0xF468, 0xE4EB, 0xE50C,
    0xE4EC, 0xB348, 0x89A4, 0x8942, 0x8942, 0x8963, 0x8943, 0x9163,
    0xA1A4, 0xA1C4, 0xB226, 0xB246, 0xBA67, 0xCAE9, 0xDB4A, 0xE36B,
    0xEBED, 0xF42D, 0xF44E, 0xEC0D, 0xF4D0, 0xFD72, 0xFD92, 0xFD92,
    0xFD51, 0xFDB2, 0xFDD3, 0xFDF3, 0xFDD3, 0xFE13, 0xFDD1, 0xFE32,
    0xFE11, 0xFE32, 0xFEB5, 0xF695, 0xEDB0, 0xF5F2, 0xFF59, 0xDDD5,
    0xB48F, 0xBC8E, 0xBC6D, 0xBC8E, 0xC4F0, 0xC553, 0xCD95, 0xCDD6,
    0xCE17, 0xD638, 0xD659, 0xCE38, 0xCE18, 0xCE18, 0xC5F8, 0xC5D7,
    0xBDB7, 0xBD97, 0xBD97, 0xBD97, 0xBD97, 0xBD97, 0xB597, 0xB597,
    0xA2C4, 0xA2E5, 0xA2E4, 0xA2E4, 0xA2E5, 0xA2E5, 0xA2E5, 0xA305,
    0xA305, 0xA305, 0xA305, 0xA305, 0xA305, 0xA305, 0xA305, 0xA325,
    0xA325, 0xA326, 0xAB26, 0xAB26, 0xAB46, 0xAB46, 0xAB46, 0xAB66,
    0xAB66, 0xB367, 0xB367, 0xB387, 0xB367, 0xB387, 0xCC2A, 0xD46C,
    0xCC0C, 0xAB29, 0x9AC8, 0x92A7, 0x8A46, 0xA2C8, 0xA2C8, 0x9A87,
    0xA2A7, 0xCBCA, 0xD44B, 0xCC4A, 0xCC29, 0xC409, 0xC409, 0xC409,
    0xC409, 0xC409, 0xC409, 0xBC09, 0xBC09, 0xC42A, 0xC44A, 0xC46B,
    0xC46B, 0xC46B, 0xC46B, 0xC46C, 0xBC4B, 0xBC2B, 0xB40B, 0xABEB,
    0xB42B, 0xC48C, 0xC48B, 0xCCAB, 0xE50C, 0xE4EB, 0xD48A, 0xD448,
    0xDBE6, 0xFD8C, 0xFE0E, 0xFD4A, 0xF406, 0xF4CB, 0xFF15, 0xFE91,
    0xFE2F, 0xFE2E, 0xCC28, 0x9AC4, 0xFDED, 0xD54E, 0x59E4, 0x1000,
    0x0820, 0x1881, 0x0820, 0x0000, 0x0800, 0x1860, 0x1840, 0x1020,
    0x0000, 0x0000, 0x28A1, 0xABA7, 0xFDAB, 0xF52A, 0xECA8, 0xFD8B,
    0xFDAC, 0xFDEE, 0xFE71, 0xFE92, 0xFEB3, 0xFE50, 0xFD29, 0xFCC7,
    0xF446, 0xEBA4, 0xF406, 0xF426, 0xEBC5, 0xE343, 0xF405, 0xF467,
    0xEC06, 0xEBA5, 0xEBC5, 0xF3E5, 0xCA82, 0xA1C1, 0xBA62, 0xEBE5,
    0xE364, 0xE364, 0xFC46, 0xFCE8, 0xFCC8, 0xFC25, 0xF3E5, 0xEBC4,
    0xFCE8, 0xFCE9, 0xFCC8, 0xFD29, 0xFD29, 0xFDED, 0xFE71, 0xFE93,
    0xFE93, 0xFE51, 0xFE30, 0xFDCE, 0xFDAC, 0xFD6B, 0xF52A, 0xF50A,
    0xF509, 0xF509, 0xF509, 0xF4E9, 0xF4E8, 0xF529, 0xFD29, 0xFD6A,
    0xFDAC, 0xFDED, 0xFE0E, 0xFE2F, 0xFE2F, 0xFDED, 0xCBE7, 0xF58D,
    0xFED3, 0xFE72, 0xF427, 0xF406, 0xF406, 0xF447, 0xDC8B, 0xC3CA,
    0xA266, 0x70C1, 0x78E2, 0x9163, 0x99C4, 0xA1C5, 0x9963, 0x9984,
    0xA9E5, 0xB206, 0xBA47, 0xC2A8, 0xCAC8, 0xDB4A, 0xE3CC, 0xE3CC,
    0xF46E, 0xF4AF, 0xFCD0, 0xF4D0, 0xFD10, 0xFD92, 0xFDD3, 0xFDD3,
    0xFDD3, 0xFDD3, 0xFDD2, 0xFDF3, 0xFE34, 0xFE75, 0xFE95, 0xFE74,
    0xFE32, 0xF5F1, 0xEDD1, 0xF612, 0xFE32, 0xFF38, 0xE657, 0xC512,
    0xBCB0, 0xBC8E, 0xBC6D, 0xBCAE, 0xC4F0, 0xC553, 0xCDB5, 0xCDF6,
    0xCE17, 0xD638, 0xD638, 0xD638, 0xCE18, 0xCE18, 0xC5F8, 0xC5D7,
    0xBDB7, 0xBD97, 0xBD97, 0xBD97, 0xBD97, 0xBD97, 0xBD97, 0xBD97,
    0x9284, 0x9284, 0x9284, 0x9AA4, 0x9AA4, 0x9AA4, 0x9AA4, 0x9AA4,
    0x9AA4, 0x9AA4, 0x9AA4, 0x9AA4, 0x9AA4, 0x9AA4, 0x9AA4, 0x9AC4,
    0x9AC4, 0x9AC4, 0x9AC4, 0x9AC5, 0x9AE5, 0xA305, 0xA305, 0xA305,
    0xA305, 0xA325, 0xA326, 0xA305, 0xBBA8, 0xD44C, 0xCC0C, 0xAB09,
    0x8226, 0x71C4, 0x69C5, 0x7A25, 0x6183, 0x79E5, 0x8205, 0x79E5,
    0x79C4, 0x8A46, 0x9AA7, 0xBB69, 0xD42B, 0xCC2A, 0xBBC8, 0xB3C8,
    0xBBC8, 0xB3C8, 0xB3C8, 0xB3C8, 0xB3E9, 0xBC09, 0xBC2A, 0xC44B,
    0xC46B, 0xC46B, 0xC46B, 0xC46C, 0xBC6C, 0xBC4C, 0xBC4C, 0xAC2B,
    0xA3EB, 0xA3CA, 0xA3CA, 0xABEA, 0xB42B, 0xBC4C, 0xB44D, 0xAC2D,
    0xDC8B, 0xFDCD, 0xFE2F, 0xFD29, 0xF427, 0xF652, 0xFF15, 0xFE2F,
    0xFE0E, 0xFDCD, 0xF509, 0x8AC5, 0x5205, 0x28E1, 0x0800, 0x1881,
    0x1020, 0x1880, 0x4184, 0x6289, 0x836D, 0xA470, 0x9C2F, 0x7B2B,
    0x5227, 0x28E3, 0x1020, 0x1840, 0xB3C8, 0xFE0D, 0xF4E9, 0xF52A,
    0xFDCD, 0xFE0E, 0xFE50, 0xFEB3, 0xFE93, 0xFE2F, 0xFD8B, 0xFD8B,
    0xFCA7, 0xF405, 0xFC87, 0xF487, 0xE364, 0xD303, 0xDB44, 0xEBE6,
    0xEBC6, 0xDB24, 0xCAC3, 0xD2C2, 0xB201, 0xB222, 0xC282, 0xD303,
    0xD303, 0xE384, 0xF426, 0xFC25, 0xF405, 0xF405, 0xD324, 0xD303,
    0xF425, 0xFCE9, 0xFC66, 0xFCC8, 0xFD4A, 0xFE2F, 0xFE93, 0xFE72,
    0xFE52, 0xFE52, 0xFE0F, 0xFD8D, 0xFD8C, 0xF52A, 0xF509, 0xF509,
    0xF509, 0xF4E9, 0xECC8, 0xF4E9, 0xF4E8, 0xF509, 0xF509, 0xFD2A,
    0xFD6B, 0xFDCC, 0xFE0E, 0xFE2F, 0xFE50, 0xFE4F, 0xFE0E, 0xFE0E,
    0xFE72, 0xFEF5, 0xF52C, 0xEB84, 0xFC67, 0xFCC9, 0xA2C6, 0x68C1,
    0x70E1, 0x8122, 0x9143, 0x99A4, 0xAA06, 0xAA26, 0xB226, 0xAA06,
    0xB206, 0xC2A8, 0xD2E9, 0xD309, 0xDB4A, 0xEBCC, 0xEC4E, 0xEC2D,
    0xF48F, 0xFCF0, 0xFD11, 0xFD31, 0xFD72, 0xFDB3, 0xFE14, 0xFE35,
    0xFE14, 0xFDD3, 0xFDF3, 0xFE55, 0xFE33, 0xFE95, 0xFE95, 0xFE74,
    0xFE74, 0xFE74, 0xED4E, 0xF5D0, 0xFF18, 0xEEB9, 0xBD54, 0xBCF2,
    0xBCB0, 0xBC8E, 0xBC6D, 0xBCAE, 0xC4F0, 0xC553, 0xCDB5, 0xCDF6,
    0xCE18, 0xD638, 0xD638, 0xD638, 0xCE38, 0xCE18, 0xC5F8, 0xC5D8,
    0xBDB7, 0xBD97, 0xBD97, 0xBD97, 0xBDB7, 0xBDB7, 0xBD97, 0xBD97,
    0x9263, 0x9263, 0x9263, 0x9263, 0x9283, 0x9283, 0x9283, 0x9283,
    0x9283, 0x9283, 0x9283, 0x9263, 0x9263, 0x9263, 0x8A63, 0x8A63,
    0x8A63, 0x8A63, 0x9264, 0x9284, 0x9284, 0x92A4, 0x92A4, 0x92A4,
    0x92A4, 0x92C5, 0x92A4, 0xB388, 0xD44D, 0xB34A, 0x92A7, 0x71C4,
    0x7A25, 0x9287, 0x8A66, 0x8246, 0x7A05, 0x7A05, 0x8A46, 0x9246,
    0x8205, 0x71E4, 0x7A05, 0x8205, 0x9A87, 0xB328, 0xC3E9, 0xAB87,
    0xAB67, 0xAB67, 0xAB67, 0xAB67, 0xABA8, 0xB3C9, 0xBC09, 0xBC2A,
    0xBC4B, 0xBC4B, 0xC46B, 0xBC6C, 0xBC6C, 0xBC4C, 0xB44C, 0xAC0B,
    0xA3EB, 0xA3EA, 0xABEA, 0xB40A, 0xB42A, 0xBC2B, 0xB44C, 0xA42D,
    0xED2D, 0xFDCD, 0xFE2F, 0xFD09, 0xF4EA, 0xFF58, 0xFED4, 0xFE2F,
    0xFDEE, 0xF58C, 0xFDED, 0xEDCE, 0x2081, 0x0000, 0x1881, 0x2081,
    0x5A48, 0xACF3, 0xDEBA, 0xEF1C, 0xEF1B, 0xF77D, 0xFF9E, 0xF73C,
    0xEEDA, 0xD638, 0x83AD, 0x28C2, 0x1040, 0xBC09, 0xFD8B, 0xF4E9,
    0xFDCD, 0xFDED, 0xFE51, 0xFE93, 0xFE92, 0xFE71, 0xFE2F, 0xFDED,
    0xFD29, 0xF426, 0xFC87, 0xF406, 0xDB44, 0xDB23, 0xDB64, 0xEBA5,
    0xEBC5, 0xE344, 0xCAA3, 0xB242, 0xB221, 0xBA62, 0xD304, 0xCAC3,
    0xDB44, 0xE384, 0xEBC5, 0xEBA5, 0xE344, 0xDB44, 0xEBC5, 0xE3A4,
    0xDB23, 0xFC66, 0xFC87, 0xFCA7, 0xFE0E, 0xFEB3, 0xFED4, 0xFEB3,
    0xFE93, 0xFE51, 0xFDAD, 0xFD8D, 0xF54B, 0xF4E9, 0xECE9, 0xEC67,
    0xE426, 0xE426, 0xEC47, 0xEC87, 0xEC67, 0xEC87, 0xECC8, 0xF52A,
    0xF54A, 0xFD4A, 0xFD4A, 0xFDAB, 0xFDCD, 0xFDEE, 0xFDEE, 0xFE2F,
    0xFE92, 0xFEF5, 0xF5AE, 0xF3C5, 0xFCC8, 0xFD4A, 0xCBA8, 0x7922,
    0x8143, 0x9183, 0xA1C5, 0xAA06, 0xB267, 0xC2A8, 0xC2A8, 0xC288,
    0xCAC9, 0xDB2A, 0xE38B, 0xE38B, 0xEBED, 0xEC2D, 0xF44E, 0xF44E,
    0xF4AF, 0xFD11, 0xFD51, 0xFD72, 0xFDB3, 0xFDB3, 0xFDF3, 0xFE34,
    0xFE14, 0xFDF3, 0xFE13, 0xFE54, 0xFE74, 0xFEB5, 0xFE95, 0xFE94,
    0xFE95, 0xF612, 0xED8F, 0xFEB6, 0xE678, 0xBD75, 0xBD54, 0xBD12,
    0xBCB0, 0xBC8E, 0xBC6D, 0xBCAE, 0xC4F0, 0xC553, 0xCDB5, 0xCDF7,
    0xD617, 0xD638, 0xD659, 0xD638, 0xCE38, 0xCE18, 0xCDF8, 0xC5D8,
    0xBDB7, 0xBD97, 0xBD97, 0xBDB7, 0xBDB7, 0xBDB7, 0xBD97, 0xBD97,
    0x8A63, 0x8A63, 0x8A63, 0x8A63, 0x8A63, 0x9263, 0x9263, 0x8A63,
    0x8A63, 0x8A63, 0x8A63, 0x8A63, 0x8A43, 0x8A43, 0x8A43, 0x8A43,
    0x8A43, 0x8A43, 0x8A43, 0x8A63, 0x8A63, 0x8243, 0x8243, 0x8243,
    0x8243, 0x7A23, 0xA306, 0xD42D, 0x9AC8, 0x92A7, 0x92A7, 0x9A87,
    0x8A46, 0x6984, 0x4902, 0x4902, 0x79E4, 0x8A26, 0x71E5, 0x6183,
    0x71A4, 0x79E5, 0x7A05, 0x6983, 0x71C4, 0x6983, 0x9266, 0xC3C9,
    0xA327, 0x9B06, 0xA306, 0xA326, 0xA347, 0xABA8, 0xB3E9, 0xBC0A,
    0xBC2A, 0xBC4B, 0xC44B, 0xBC6C, 0xBC6C, 0xBC4C, 0xAC2C, 0xAC0B,
    0xA3EB, 0xA3EA, 0xABEA, 0xB40A, 0xBC2B, 0xBC4B, 0xB46C, 0xCCEF,
    0xF448, 0xFD4B, 0xFE6F, 0xFCA7, 0xF54D, 0xFF99, 0xFED3, 0xE56E,
    0xFDCD, 0xFE6F, 0xEDEF, 0x49A4, 0x0820, 0x0000, 0x18A2, 0x9C71,
    0xF75C, 0xF79E, 0xF79E, 0xFFDF, 0xFFBF, 0xE6FC, 0xC618, 0xA514,
    0xA4F3, 0xB596, 0xD69A, 0xB534, 0x18C3, 0x20A1, 0xED0A, 0xF509,
    0xFDAC, 0xFDED, 0xFE50, 0xFEB3, 0xFED4, 0xFED3, 0xFE71, 0xFD6A,
    0xF467, 0xEBC5, 0xDB24, 0xDB23, 0xD303, 0xDB24, 0xDB24, 0xDB24,
    0xE344, 0xDB03, 0xCAC3, 0xBA62, 0xB221, 0xB242, 0xE364, 0xDB24,
    0xCAA2, 0xD303, 0xDB44, 0xD303, 0xD303, 0xE344, 0xE364, 0xE364,
    0xE384, 0xF446, 0xFC87, 0xFD09, 0xFE71, 0xFED4, 0xFF16, 0xFEF6,
    0xFE52, 0xFE31, 0xFDCE, 0xF56C, 0xF52A, 0xECC9, 0xE447, 0xEC67,
    0xF4C8, 0xFD8C, 0xFDCD, 0xFDCE, 0xF56B, 0xF4E9, 0xEC87, 0xEC87,
    0xECC8, 0xF4E8, 0xF509, 0xFD6A, 0xFDAC, 0xFDED, 0xFE2F, 0xFE50,
    0xFE50, 0xFEF4, 0xECAA, 0xE365, 0xFCA8, 0xFD4A, 0xE46A, 0x9A25,
    0xA225, 0xAA26, 0xBA67, 0xBA67, 0xCAE9, 0xCB29, 0xD34A, 0xD32A,
    0xDB6B, 0xE3CC, 0xEBEC, 0xEC0D, 0xEC4E, 0xF48F, 0xF46E, 0xF4D0,
    0xFCF0, 0xFD31, 0xFD31, 0xFD72, 0xFDF4, 0xFE14, 0xFE14, 0xFE14,
    0xFE55, 0xFE75, 0xFE34, 0xFE33, 0xFE53, 0xFE32, 0xFE74, 0xFE74,
    0xFE74, 0xF653, 0xFE95, 0xF6F9, 0xC5B6, 0xBD75, 0xBD54, 0xBCF2,
    0xBCB0, 0xBC6D, 0xBC6C, 0xBC8E, 0xC4F0, 0xCD53, 0xCDB5, 0xD5F7,
    0xD618, 0xD638, 0xD659, 0xD639, 0xCE38, 0xCE18, 0xCDF8, 0xC5F8,
    0xBDD7, 0xBD97, 0xBD97, 0xBDB7, 0xBDB7, 0xBDB7, 0xBDB7, 0xBDB7,
    0x8A84, 0x8A84, 0x8A64, 0x8A64, 0x8A64, 0x8A64, 0x8A64, 0x8A64,
    0x8A64, 0x8A64, 0x8A64, 0x8A63, 0x8A43, 0x8A43, 0x8A43, 0x8223,
    0x8223, 0x8243, 0x8223, 0x7A02, 0x8A43, 0x92A5, 0x9AC5, 0x92A4,
    0x8A64, 0x8264, 0xBBCA, 0xAB29, 0x8A66, 0x71E5, 0x69A4, 0x71C4,
    0x6183, 0x6163, 0x6163, 0x5963, 0x5922, 0x5943, 0x6163, 0x5963,
    0x71C4, 0x6983, 0x6983, 0x71A3, 0x79A4, 0x81E5, 0x81E5, 0xAAA7,
    0xBB48, 0x92A4, 0x92A4, 0x92C5, 0x9B26, 0xAB88, 0xB3C9, 0xBC0A,
    0xBC2A, 0xBC4B, 0xBC4B, 0xBC4B, 0xBC4C, 0xB44C, 0xAC0B, 0xA3EB,
    0xA3CA, 0xA3CA, 0xABEA, 0xB40B, 0xBC4B, 0xBC4B, 0xB48D, 0xD4CD,
    0xF3A5, 0xFD6B, 0xFDED, 0xF405, 0xF5F0, 0xFEF4, 0xFEB2, 0xC4CD,
    0x7245, 0xCCEC, 0x7266, 0x1860, 0x1020, 0x2924, 0xBD95, 0xF77D,
    0xF77E, 0xF79E, 0xFFFF, 0xC618, 0x62EB, 0x41A6, 0x3103, 0x0000,
    0x0000, 0x0000, 0x20A2, 0x5AAA, 0x7BAE, 0x1082, 0x61E3, 0xFD49,
    0xF529, 0xFDED, 0xFE71, 0xFEB4, 0xFED4, 0xFEB3, 0xFE4F, 0xF446,
    0xEB64, 0xDB03, 0xD2C3, 0xC262, 0xC2A2, 0xD2C2, 0xDB03, 0xD303,
    0xD2E3, 0xDB03, 0xD2E3, 0xBA41, 0xB221, 0xC282, 0xC262, 0xCA82,
    0xCA82, 0xD2E3, 0xCA82, 0xCAC3, 0xD2E3, 0xCAA2, 0xCAE3, 0xE364,
    0xE364, 0xE3A5, 0xF405, 0xFD09, 0xFE71, 0xFE93, 0xFEB4, 0xFE73,
    0xFE10, 0xFDEF, 0xF58C, 0xF54B, 0xECC9, 0xEC87, 0xF52A, 0xFDCD,
    0xFE70, 0xFEB1, 0xFED2, 0xFEF3, 0xFEF2, 0xFE91, 0xFE50, 0xF5AD,
    0xE488, 0xEC87, 0xF509, 0xFD4A, 0xFDAC, 0xFDEE, 0xFE2F, 0xFE50,
    0xFE50, 0xFED3, 0xEC8A, 0xDB44, 0xF427, 0xFCE9, 0xF54C, 0xCC2B,
    0xCC0A, 0xD42C, 0xD40C, 0xDC0C, 0xE44D, 0xE40D, 0xE44D, 0xE3ED,
    0xEBED, 0xEC0D, 0xF44E, 0xF46E, 0xF44E, 0xF48F, 0xF44E, 0xF46E,
    0xFD51, 0xFD72, 0xFDB3, 0xFDF4, 0xFE34, 0xFE34, 0xFE14, 0xFE75,
    0xFE75, 0xFE75, 0xFED6, 0xFEF7, 0xFEB5, 0xFE53, 0xF632, 0xF612,
    0xF5D0, 0xFE73, 0xFEF8, 0xD638, 0xC5B6, 0xBD75, 0xBD33, 0xBCF2,
    0xBCB0, 0xBC6D, 0xBC4C, 0xBC8E, 0xC4F0, 0xC553, 0xCDB5, 0xD5F7,
    0xD618, 0xD659, 0xD659, 0xD639, 0xCE38, 0xCE18, 0xCE18, 0xC5F8,
    0xC5D7, 0xBDB7, 0xBDB7, 0xBDB7, 0xBDB7, 0xBDB7, 0xBDB7, 0xBDB7,
    0x8A85, 0x8A85, 0x8A85, 0x8A85, 0x8A85, 0x8A85, 0x8A85, 0x8A85,
    0x8A85, 0x8A85, 0x8A64, 0x8A64, 0x8A64, 0x8A64, 0x8264, 0x8264,
    0x8244, 0x8243, 0x8A85, 0xAB28, 0xC3CB, 0xC3AB, 0xC3CB, 0xBB8A,
    0xB349, 0xB349, 0xB34A, 0x8A67, 0x61C4, 0x71E5, 0x71C4, 0x5122,
    0x40E2, 0x5122, 0x5942, 0x4902, 0x4902, 0x40C1, 0x4922, 0x6983,
    0x79E4, 0x79E5, 0x5963, 0x6163, 0x6983, 0x6143, 0x81E4, 0x8A04,
    0xA2A7, 0xAB27, 0x92A4, 0x92A4, 0x9B06, 0xAB88, 0xB3E9, 0xBC0A,
    0xBC2A, 0xBC4B, 0xBC4B, 0xBC4B, 0xB44C, 0xB42B, 0xAC0B, 0xA3CB,
    0xA3CA, 0xA3CA, 0xABEA, 0xB42B, 0xBC4B, 0xBC6B, 0xB46C, 0xD46B,
    0xF3C5, 0xF52A, 0xFD6B, 0xFCE9, 0xFED3, 0xFE4F, 0xFE50, 0xFE70,
    0x8B06, 0x2040, 0x2080, 0x2080, 0x3123, 0xD638, 0xF79E, 0xEF5D,
    0xFFBE, 0xF79E, 0x83CF, 0x3104, 0x2860, 0x38C1, 0x4144, 0x3104,
    0x18C3, 0x30E3, 0x3081, 0x0000, 0x0861, 0x39E7, 0x18A2, 0xD468,
    0xFD4A, 0xFDEE, 0xFE72, 0xFED5, 0xFEB3, 0xFEB2, 0xFDCD, 0xEBE5,
    0xE344, 0xDB23, 0xCAC3, 0xC2A2, 0xC2A2, 0xD2E3, 0xD2C3, 0xD2E3,
    0xCAC3, 0xCAA2, 0xDB64, 0xD2E3, 0xBA62, 0xD324, 0xDB03, 0xE364,
    0xE344, 0xCAC3, 0xC282, 0xD304, 0xBA62, 0xB242, 0xD2E3, 0xD303,
    0xCAA2, 0xDB24, 0xEC05, 0xFC86, 0xFDED, 0xFE51, 0xFE51, 0xFE52,
    0xFDCE, 0xF5AD, 0xF54B, 0xECC9, 0xEC87, 0xFD8C, 0xFE6F, 0xFE2F,
    0xED8E, 0xC46A, 0xABE9, 0xA3EA, 0xC4AB, 0xEDEF, 0xFEF3, 0xFF55,
    0xFE92, 0xECC9, 0xEC87, 0xFD29, 0xFD6A, 0xFDCD, 0xFDEE, 0xFE0F,
    0xFE0F, 0xFE91, 0xFDCF, 0xF3E6, 0xF406, 0xFCC8, 0xFD6B, 0xDCAB,
    0xDCED, 0xE52E, 0xED6F, 0xED70, 0xED50, 0xF530, 0xF510, 0xF4F0,
    0xF48F, 0xF48F, 0xF4D0, 0xF4D0, 0xF4D0, 0xFCF0, 0xFCF0, 0xFD31,
    0xFDB3, 0xFDB3, 0xFD92, 0xFE14, 0xFE35, 0xFE55, 0xFDF3, 0xFE75,
    0xFEB6, 0xFE95, 0xFE74, 0xFE74, 0xFE74, 0xFE33, 0xFE74, 0xF5F1,
    0xF633, 0xEEB8, 0xDE79, 0xC5D7, 0xC5D7, 0xBD75, 0xBD34, 0xBCF2,
    0xBCAF, 0xBC6D, 0xBC6C, 0xBC8E, 0xC4F0, 0xC553, 0xCDB5, 0xD5F7,
    0xD638, 0xD659, 0xD659, 0xD639, 0xCE39, 0xCE18, 0xCE18, 0xC5F8,
    0xC5D7, 0xBDB7, 0xBDB7, 0xBD97, 0xBDB7, 0xBDB7, 0xBDB7, 0xBDB7,
    0x8AA6, 0x8AA6, 0x8AA6, 0x8AA6, 0x8AA6, 0x8AA6, 0x8A86, 0x8A86,
    0x8A86, 0x8A86, 0x8A85, 0x8A85, 0x8A85, 0x8285, 0x8A85, 0x8265,
    0x8AA5, 0xBBCA, 0xD44D, 0xCC0D, 0x9AC8, 0x7A26, 0x8A67, 0x7A05,
    0x71C5, 0x8226, 0x8225, 0x8205, 0x7A05, 0x6184, 0x5122, 0x4902,
    0x38C1, 0x4902, 0x40E1, 0x5102, 0x5922, 0x40E2, 0x40C1, 0x5122,
    0x5963, 0x71C4, 0x6183, 0x6983, 0x79E5, 0x69A4, 0x5942, 0x6142,
    0x71A4, 0xAB08, 0xAB26, 0x92C4, 0xA347, 0xAB88, 0xB3E9, 0xBC0A,
    0xBC2A, 0xBC4B, 0xBC4B, 0xBC4C, 0xB44C, 0xB42B, 0xA3EB, 0x9BCA,
    0x9BAA, 0xA3CA, 0xABEA, 0xB40B, 0xBC4B, 0xBC6B, 0xBC6C, 0xE4AA,
    0xF3E5, 0xFD8B, 0xFD09, 0xFE11, 0xFEB3, 0xFDEE, 0xFE0F, 0xFDEE,
    0xFDCC, 0x3922, 0x0820, 0x20A1, 0xC5D6, 0xFFFF, 0xF79E, 0xFFBE,
    0xE73C, 0x5269, 0x30A2, 0x4964, 0x4144, 0x4A08, 0x526A, 0x39E8,
    0x2966, 0x2965, 0x3986, 0x20A2, 0x0000, 0x1861, 0x18C4, 0x8B06,
    0xFD8B, 0xF5AD, 0xFE72, 0xFEB4, 0xFEB3, 0xFE92, 0xFD6B, 0xF426,
    0xD323, 0xD2E3, 0xCAE3, 0xCB03, 0xBA82, 0xCAA3, 0xD2E3, 0xDB44,
    0xDB44, 0xE364, 0xDB44, 0xCAC3, 0xB262, 0xD303, 0xEB84, 0xEBC5,
    0xDB23, 0xCAE3, 0xC2A3, 0xC2A3, 0xBA62, 0xD2E3, 0xD2C3, 0xCAC3,
    0xC282, 0xD324, 0xF426, 0xFD2A, 0xFE93, 0xFEB4, 0xFEB4, 0xFE72,
    0xFE10, 0xF5AD, 0xED0A, 0xE467, 0xFD6B, 0xFE0E, 0xC429, 0x7245,
    0x30E2, 0x1040, 0x0000, 0x0000, 0x1020, 0x4122, 0x82A6, 0xC4AC,
    0xFE71, 0xFEB2, 0xED0A, 0xF4A7, 0xFD2A, 0xFDAB, 0xFDCD, 0xFDED,
    0xFE0E, 0xFE92, 0xFDEF, 0xFCA8, 0xFD0A, 0xFDED, 0xFD6B, 0xE4CB,
    0xE4EC, 0xE50D, 0xED4F, 0xED6F, 0xF590, 0xF591, 0xFD92, 0xFD52,
    0xFD31, 0xFD72, 0xFD72, 0xFD72, 0xFD92, 0xFDD3, 0xFDF4, 0xFE14,
    0xFDF4, 0xFDF3, 0xFDB2, 0xFDF3, 0xFE13, 0xFE33, 0xFE54, 0xFE74,
    0xFEB5, 0xFED6, 0xFE74, 0xFE74, 0xFE94, 0xFE74, 0xF5D0, 0xFE53,
    0xEED9, 0xC618, 0xC5F8, 0xC5F8, 0xC5B6, 0xBD75, 0xBD33, 0xBCF2,
    0xBCAF, 0xBC6D, 0xBC6C, 0xBC8E, 0xC4F0, 0xC553, 0xCDB5, 0xD5F7,
    0xD618, 0xD659, 0xD659, 0xD659, 0xD639, 0xCE18, 0xCE18, 0xC5F8,
    0xC5D7, 0xBDB7, 0xBDB7, 0xBDB7, 0xBDB7, 0xBDB7, 0xBDB7, 0xBDB7,
    0x8AC7, 0x8AC7, 0x8AC7, 0x8AC7, 0x8AC7, 0x82C7, 0x8AA7, 0x8AA7,
    0x8AA7, 0x8AA7, 0x8AA6, 0x82A6, 0x8AA6, 0x8AA6, 0x8286, 0xA328,
    0xCC0C, 0xBB8A, 0x8A66, 0x71E5, 0x8246, 0x9287, 0x6184, 0x6184,
    0x71C5, 0x71C4, 0x5942, 0x6163, 0x5943, 0x5122, 0x38C1, 0x2060,
    0x40C1, 0x48E2, 0x40E2, 0x5122, 0x48E2, 0x38C1, 0x38A1, 0x38C1,
    0x40C1, 0x5942, 0x6163, 0x6163, 0x6183, 0x71A4, 0x6983, 0x71C4,
    0x7A05, 0x8A45, 0xB328, 0xA327, 0xA327, 0xAB88, 0xB3E9, 0xBC2A,
    0xBC4B, 0xBC4B, 0xBC6B, 0xBC4C, 0xB44C, 0xB42B, 0xA3EB, 0xA3CA,
    0x9BAA, 0xA3CA, 0xABEA, 0xB40A, 0xBC4B, 0xBC6B, 0xBC6C, 0xF4A9,
    0xFC88, 0xFD0A, 0xFDAD, 0xFF17, 0xFE92, 0xFE0F, 0xFDCD, 0xE4CA,
    0x7A44, 0x0000, 0x0000, 0x83AE, 0xFFFF, 0xFFBF, 0xFFDF, 0xF7BE,
    0x5A8A, 0x28A2, 0x4144, 0x51A5, 0x528A, 0x4A6A, 0x4A29, 0x39E8,
    0x2125, 0x73AF, 0xDEDB, 0xC5F7, 0x3965, 0x2860, 0x1020, 0x49C4,
    0xFD4A, 0xFDAD, 0xFE92, 0xFE93, 0xFEB4, 0xFE71, 0xFDEE, 0xF467,
    0xE344, 0xCAA2, 0xC282, 0xCAC3, 0xBA41, 0xB242, 0xCAC3, 0xF3A4,
    0xF426, 0xF3E5, 0xDB03, 0xC2A3, 0xAA42, 0xCAC3, 0xEB64, 0xDB03,
    0xD2E3, 0xCB04, 0xC2E3, 0xBA82, 0xD2E3, 0xCAC3, 0xBA42, 0xBA82,
    0xCAC3, 0xDB23, 0xEC05, 0xFDEE, 0xFEB4, 0xFEB3, 0xFE72, 0xFE51,
    0xFDEF, 0xF54B, 0xDC68, 0xFD6B, 0xE50B, 0x59A3, 0x1020, 0x0820,
    0x0820, 0x1860, 0x0000, 0x0000, 0x1020, 0x1860, 0x1860, 0x2060,
    0x5163, 0xE58E, 0xFE91, 0xE487, 0xF4C8, 0xFD6B, 0xFDAC, 0xFDAC,
    0xFDEE, 0xFE71, 0xFE30, 0xFDEF, 0xFE50, 0xFEB3, 0xFDEE, 0xED2C,
    0xE54E, 0xE4EC, 0xED0D, 0xED4F, 0xF570, 0xF550, 0xFD50, 0xFD72,
    0xFDB3, 0xFDF4, 0xFDF4, 0xFDF4, 0xFDF4, 0xFDF4, 0xFE14, 0xFE14,
    0xFE14, 0xFE34, 0xFE14, 0xFE13, 0xFE33, 0xFE12, 0xFE74, 0xFED6,
    0xFED6, 0xFED6, 0xFEB5, 0xF612, 0xF5D0, 0xF5F1, 0xFE94, 0xF6D9,
    0xCE39, 0xC618, 0xC618, 0xC5F8, 0xC5B6, 0xBD75, 0xBD33, 0xBCF2,
    0xBCAF, 0xBC6D, 0xBC6C, 0xBC8E, 0xC4F0, 0xC552, 0xCDB5, 0xD5F7,
    0xD638, 0xD659, 0xD659, 0xD659, 0xD639, 0xCE18, 0xCE18, 0xC5F8,
    0xC5D7, 0xBDB7, 0xBDB7, 0xBDB7, 0xBDB7, 0xBDB7, 0xBDB7, 0xBDB7,
    0x8AE8, 0x8AE8, 0x8AC8, 0x8AC8, 0x8AC8, 0x8AE8, 0x8AC8, 0x8AE8,
    0x8AC8, 0x8AC8, 0x8AC7, 0x8AC8, 0x8AC8, 0x8AC7, 0xB3AB, 0xC3EC,
    0x92A7, 0x9A87, 0x6183, 0x71E5, 0x9AA7, 0x79E5, 0x5943, 0x79E5,
    0x69A4, 0x5922, 0x5122, 0x4902, 0x48E2, 0x40C1, 0x30A1, 0x2060,
    0x2880, 0x30A1, 0x30A1, 0x30A1, 0x38A1, 0x40E2, 0x40C1, 0x38A1,
    0x38A1, 0x40C1, 0x5122, 0x40E2, 0x5963, 0x5942, 0x79C4, 0x81E4,
    0x79C4, 0x81E4, 0xAAC7, 0xBB68, 0x9B26, 0xAB88, 0xB3E9, 0xBC2A,
    0xBC4B, 0xBC4B, 0xBC6C, 0xBC4C, 0xB44C, 0xAC2B, 0xA3EB, 0xA3CA,
    0x9BAA, 0xA3AA, 0xA3EA, 0xAC0A, 0xBC4B, 0xBC6C, 0xCC8B, 0xFCE9,
    0xFCC9, 0xFD0A, 0xFED4, 0xFF37, 0xFE92, 0xFE30, 0xF54B, 0xF4C8,
    0x61C3, 0x0000, 0x2903, 0xE6BA, 0xFFBF, 0xFFBF, 0xFFFF, 0x9472,
    0x3925, 0x4166, 0x4123, 0x4A28, 0x4229, 0x39A7, 0x3186, 0x2125,
    0x2966, 0xE73D, 0xF7BF, 0xFFFF, 0x9CB2, 0x1820, 0x1820, 0x1061,
    0xE4C9, 0xFDEE, 0xFE72, 0xFE93, 0xFEB4, 0xFEB3, 0xFE0F, 0xF426,
    0xE364, 0xD2E3, 0xC262, 0xD2C3, 0xD2E3, 0xCAA3, 0xD2E3, 0xDB23,
    0xDB23, 0xE343, 0xD303, 0xB242, 0xAA22, 0xD2C2, 0xEB64, 0xEB63,
    0xDB43, 0xD303, 0xD303, 0xCAA2, 0xC282, 0xBA62, 0xBA62, 0xAA42,
    0xB262, 0xD343, 0xFCE9, 0xFE30, 0xFE93, 0xFE94, 0xFE10, 0xFDEF,
    0xF58D, 0xDC68, 0xF509, 0xD48A, 0x28C1, 0x0000, 0x3164, 0x6ACA,
    0x8BAD, 0x8BAE, 0x7B4C, 0x6289, 0x4185, 0x28A1, 0x1860, 0x1040,
    0x0800, 0x28A1, 0x9348, 0xFDAC, 0xECA7, 0xFD4A, 0xFD6B, 0xFD8B,
    0xFDEE, 0xFE71, 0xFE93, 0xFE92, 0xFEB2, 0xFE91, 0xFE50, 0xED4E,
    0xE52D, 0xE50D, 0xE4CC, 0xECEC, 0xF52E, 0xF550, 0xFD71, 0xFD71,
    0xFDB2, 0xFE14, 0xFE14, 0xFDF4, 0xFDF3, 0xFDF3, 0xFE14, 0xFE14,
    0xFE54, 0xFE14, 0xFE13, 0xFE13, 0xFE95, 0xFEB5, 0xFE95, 0xFE53,
    0xFEB6, 0xFED6, 0xFED6, 0xFE74, 0xF58F, 0xFE74, 0xE6B9, 0xCE39,
    0xC618, 0xC618, 0xC618, 0xC5F7, 0xC5B6, 0xBD75, 0xBD33, 0xBCF1,
    0xBCAF, 0xBC6D, 0xBC4C, 0xBC8E, 0xC4F0, 0xC552, 0xCDB5, 0xCDF7,
    0xD638, 0xD659, 0xD659, 0xD659, 0xD639, 0xCE39, 0xCE18, 0xC5F8,
    0xC5D7, 0xBDB7, 0xBDB7, 0xBDB7, 0xBDB7, 0xBDB7, 0xBDB7, 0xBDB7,
    0x8B08, 0x8AE8, 0x8AE8, 0x8AE8, 0x8AE8, 0x8AE8, 0x8AE8, 0x8AE8,
    0x8AE8, 0x8AE8, 0x8AE8, 0x8B08, 0x82E8, 0xA38A, 0xCC0C, 0x8A87,
    0x9AC8, 0x71E5, 0x5963, 0x8246, 0x69A4, 0x6163, 0x5943, 0x6143,
    0x40E1, 0x30A1, 0x38C1, 0x3081, 0x38A1, 0x3080, 0x3080, 0x2880,
    0x2060, 0x38A1, 0x38A1, 0x38C1, 0x3081, 0x38C1, 0x4902, 0x40E2,
    0x38C1, 0x3081, 0x4902, 0x6183, 0x5122, 0x6163, 0x71A3, 0x71A3,
    0x5942, 0x7183, 0x8A04, 0xB307, 0xB388, 0xAB88, 0xB3E9, 0xBC2A,
    0xBC2B, 0xBC4B, 0xBC6C, 0xBC6C, 0xB44C, 0xAC2B, 0xA3EB, 0xA3CA,
    0x9BAA, 0xA3AA, 0xA3CA, 0xAC0A, 0xBC4B, 0xBC4B, 0xD4CB, 0xFDEE,
    0xFD8C, 0xFD8C, 0xFF37, 0xFED3, 0xFED4, 0xFEF3, 0xFDCB, 0xE4A9,
    0x3902, 0x0800, 0x83AE, 0xFFBE, 0xF79E, 0xFFFF, 0xDEDB, 0x49E8,
    0x51C7, 0x4944, 0x4165, 0x2945, 0x18C3, 0x1082, 0x0862, 0x0841,
    0x0861, 0xCE79, 0xFFFF, 0xFFFF, 0x738E, 0x0000, 0x1840, 0x0000,
    0xB3E8, 0xFE0E, 0xFE31, 0xFE72, 0xFE93, 0xFEB4, 0xFDEF, 0xE384,
    0xD303, 0xD323, 0xD303, 0xDB44, 0xDB03, 0xD303, 0xDB64, 0xEBA5,
    0xE384, 0xE343, 0xCAC3, 0xC282, 0xBA21, 0xE324, 0xF3E5, 0xF3C4,
    0xE343, 0xDB03, 0xDB23, 0xCAA2, 0xAA02, 0xCAC3, 0xC2C3, 0xB242,
    0xCAE3, 0xE384, 0xFDAD, 0xFED4, 0xFEB4, 0xFE93, 0xFE31, 0xFE10,
    0xE50B, 0xE488, 0xD48A, 0x1881, 0x2924, 0x7B8E, 0xA4B2, 0xBD96,
    0xDE9A, 0xF75D, 0xF77D, 0xE6DA, 0xD658, 0xA470, 0x4985, 0x0800,
    0x1860, 0x1040, 0x30E1, 0xD50C, 0xD488, 0xF4C8, 0xF52A, 0xFD4A,
    0xFDCC, 0xFE51, 0xFEB4, 0xFEB2, 0xFDCE, 0xFE30, 0xFE91, 0xE50C,
    0xDCCC, 0xE50D, 0xE52E, 0xED0D, 0xECED, 0xF52F, 0xFD92, 0xFDD2,
    0xFDF3, 0xFE34, 0xFE55, 0xFE34, 0xFE34, 0xFE55, 0xFE34, 0xFE55,
    0xFE34, 0xFE33, 0xFE33, 0xFE54, 0xFEB5, 0xFF17, 0xFF17, 0xFE74,
    0xFE54, 0xFE95, 0xF632, 0xFE74, 0xFE75, 0xDE78, 0xC618, 0xC618,
    0xCE18, 0xC618, 0xC5F8, 0xC5F7, 0xC5B6, 0xBD75, 0xBD33, 0xBCF1,
    0xBCAF, 0xBC6D, 0xBC4C, 0xBC8E, 0xC4F0, 0xCD52, 0xCDB5, 0xCDF7,
    0xD618, 0xD659, 0xD659, 0xD659, 0xD639, 0xCE38, 0xCE18, 0xC5F8,
    0xC5D8, 0xBDB7, 0xBDB7, 0xBDB7, 0xBDB7, 0xBDB7, 0xBDB7, 0xBDB7,
    0x8B09, 0x8B09, 0x8B08, 0x8B09, 0x8B09, 0x8B09, 0x8B09, 0x8B09,
    0x8B08, 0x8B08, 0x8B09, 0x8B08, 0xA36A, 0xCC0C, 0x9AA8, 0x8267,
    0x9A87, 0x71C4, 0x6183, 0x6163, 0x4902, 0x5143, 0x38C1, 0x5102,
    0x40E2, 0x40E1, 0x30A1, 0x2060, 0x1020, 0x2060, 0x2860, 0x2880,
    0x2880, 0x38A1, 0x30A1, 0x38A1, 0x30C1, 0x2881, 0x4902, 0x40E2,
    0x38C2, 0x38A1, 0x38C1, 0x4902, 0x5922, 0x6142, 0x6162, 0x71A3,
    0x6142, 0x79C4, 0x6983, 0x9A65, 0xBB88, 0xAB88, 0xB3E9, 0xBC0A,
    0xBC2B, 0xBC4B, 0xBC6B, 0xBC4C, 0xB44C, 0xB42B, 0xA3EB, 0xA3AA,
    0x9B8A, 0x9B89, 0xA3AA, 0xABEA, 0xBC4B, 0xBC6B, 0xDD0C, 0xFE0E,
    0xFDAC, 0xFE31, 0xFF37, 0xFE91, 0xE56D, 0xA3EA, 0x9B67, 0x30E1,
    0x0000, 0x28C2, 0xD679, 0xFFBE, 0xF79E, 0xFFFF, 0x8410, 0x4187,
    0x4985, 0x4944, 0x20C3, 0x0021, 0x0841, 0x0841, 0x0841, 0x0020,
    0x0000, 0x2924, 0x8C71, 0x7BCF, 0x18E3, 0x0041, 0x1040, 0x0800,
    0x8B06, 0xFE2F, 0xFE51, 0xFE93, 0xFE93, 0xFED4, 0xFE0F, 0xE384,
    0xDB44, 0xDB44, 0xD303, 0xE344, 0xEBE5, 0xEBE5, 0xFC67, 0xF405,
    0xF3E5, 0xF3C4, 0xDB23, 0xBA42, 0xB221, 0xEB64, 0xF3C4, 0xF383,
    0xEB84, 0xEBA5, 0xE364, 0xD2E3, 0xC262, 0xC2A3, 0xBA63, 0xC2A3,
    0xD323, 0xE3A4, 0xFDCE, 0xFE92, 0xFE72, 0xFE51, 0xFE11, 0xED8E,
    0xE4C9, 0xECC9, 0x3102, 0x20E4, 0x5228, 0x3944, 0x1861, 0x0820,
    0x18C3, 0x52AA, 0xBDB7, 0xFFDF, 0xF7BE, 0xEF1B, 0xCD95, 0x6AA9,
    0x1840, 0x1060, 0x0000, 0x2080, 0xBC09, 0xF4E8, 0xF529, 0xFD6B,
    0xFDAC, 0xFE50, 0xFED3, 0xF52B, 0xEBC6, 0xFCC9, 0xFE91, 0xE50C,
    0xE50C, 0xE4CB, 0xE4AB, 0xED4E, 0xF58F, 0xF56F, 0xFDB1, 0xFDF2,
    0xFDD1, 0xFE12, 0xFE34, 0xFE33, 0xFE54, 0xFE54, 0xFE34, 0xFE95,
    0xFE95, 0xFE75, 0xFE95, 0xFE74, 0xFE53, 0xFED6, 0xFF17, 0xFE95,
    0xF611, 0xF612, 0xF5AF, 0xF696, 0xD679, 0xC5F8, 0xC618, 0xC618,
    0xC618, 0xC618, 0xC5F8, 0xC5F8, 0xC5B7, 0xBD75, 0xBD34, 0xBCF1,
    0xBC8F, 0xBC6D, 0xBC4C, 0xC48E, 0xC4F0, 0xCD53, 0xCDB5, 0xD5F7,
    0xD618, 0xD659, 0xD659, 0xD659, 0xD639, 0xCE38, 0xCE18, 0xC5F8,
    0xC5D8, 0xBDB7, 0xBDB7, 0xBDB7, 0xBDB7, 0xBDB7, 0xBDB7, 0xBDB7,
    0x9329, 0x9329, 0x9329, 0x9309, 0x8B29, 0x8B29, 0x9329, 0x8B29,
    0x8B09, 0x8B09, 0x8B09, 0x9B4A, 0xCC2D, 0xAB09, 0x7A25, 0x71C5,
    0xA2E8, 0x79E5, 0x5102, 0x5122, 0x5143, 0x38C2, 0x40E1, 0x48E1,
    0x38C1, 0x30A1, 0x38A1, 0x2860, 0x1020, 0x2040, 0x2040, 0x2860,
    0x30A1, 0x30A1, 0x2881, 0x30A1, 0x38C1, 0x2881, 0x2881, 0x38A1,
    0x40E2, 0x38A1, 0x2881, 0x3080, 0x40A1, 0x4901, 0x5942, 0x7162,
    0x6142, 0x5922, 0x7183, 0x79C3, 0xB307, 0xB3A9, 0xB3E9, 0xBC0A,
    0xBC2B, 0xBC4B, 0xBC4B, 0xBC4C, 0xB44B, 0xAC2B, 0xA3EB, 0x9BAA,
    0x9B89, 0x9B89, 0xA3A9, 0xABCA, 0xBC4B, 0xBC4B, 0xE58F, 0xFEB2,
    0xFE50, 0xFED4, 0xFF16, 0xFE71, 0xFDCD, 0xABC8, 0x30C1, 0x0000,
    0x0000, 0x5A89, 0xFFDE, 0xF7BE, 0xFFDF, 0xE73C, 0x49E8, 0x4166,
    0x5144, 0x38E2, 0x0020, 0x0841, 0x0841, 0x0841, 0x0020, 0x0000,
    0x0000, 0x0000, 0x0000, 0x1062, 0x18C3, 0x0861, 0x1020, 0x1000,
    0x7224, 0xFE0E, 0xFE31, 0xFEB4, 0xFED5, 0xFF16, 0xFDEE, 0xF426,
    0xEBC5, 0xEBC5, 0xDB64, 0xF426, 0xFC67, 0xFC66, 0xFC26, 0xF3E5,
    0xFC46, 0xF406, 0xEBA5, 0xD2E3, 0xCAA2, 0xDB03, 0xEB63, 0xE343,
    0xEB84, 0xEBE5, 0xE364, 0xD2C2, 0xC282, 0xC282, 0xBA62, 0xCAE3,
    0xEBE5, 0xF4C8, 0xFE71, 0xFE71, 0xFE72, 0xFE31, 0xF5CF, 0xE50B,
    0xF50A, 0x7265, 0x0820, 0x2061, 0x1800, 0x28A2, 0x2903, 0x1082,
    0x0000, 0x0000, 0x1000, 0x6B0C, 0xF79E, 0xF79E, 0xE6DB, 0xE679,
    0x834C, 0x1020, 0x1040, 0x1820, 0xABC9, 0xFDAC, 0xF4E8, 0xFD8C,
    0xFDEE, 0xFE71, 0xFE51, 0xDB85, 0xDAE3, 0xF427, 0xFE2F, 0xDCAA,
    0xDCAB, 0xDC8A, 0xDC8A, 0xE50C, 0xED8E, 0xF5AF, 0xF5F1, 0xFE32,
    0xFE12, 0xFE12, 0xFDF1, 0xFE33, 0xFE74, 0xFED7, 0xFED6, 0xFED6,
    0xFED6, 0xFEB6, 0xFEB6, 0xFE74, 0xED8F, 0xF611, 0xFEB5, 0xFE53,
    0xF5D0, 0xF633, 0xE677, 0xCE38, 0xC618, 0xC618, 0xC618, 0xC618,
    0xC5F8, 0xC618, 0xC618, 0xC5F8, 0xC5B7, 0xBD75, 0xBD34, 0xBCF1,
    0xBCAF, 0xBC6D, 0xBC6C, 0xC4AE, 0xC4F0, 0xCD53, 0xCDB5, 0xD5F7,
    0xD618, 0xD659, 0xD659, 0xD659, 0xD639, 0xCE39, 0xCE18, 0xC5F8,
    0xC5F8, 0xC5D7, 0xC5D7, 0xC5D7, 0xC5B7, 0xC5D7, 0xC5D8, 0xC5D8,
    0x9329, 0x9349, 0x9329, 0x9329, 0x9329, 0x9329, 0x9329, 0x9329,
    0x9329, 0x8B29, 0x8B29, 0xBBCB, 0xA308, 0x8226, 0x61A4, 0x9287,
    0x8A66, 0x40C1, 0x40C1, 0x40C1, 0x48E1, 0x30C1, 0x2061, 0x2060,
    0x2880, 0x2860, 0x2860, 0x1820, 0x0820, 0x1020, 0x1840, 0x2060,
    0x2880, 0x38C1, 0x30A1, 0x38E2, 0x38C1, 0x30A1, 0x30A1, 0x2881,
    0x38C1, 0x30A1, 0x3081, 0x30A1, 0x38A1, 0x48E2, 0x5102, 0x7183,
    0x6962, 0x6963, 0x79A3, 0x6142, 0x9245, 0xBBC9, 0xB3E9, 0xBC0A,
    0xBC2B, 0xBC4B, 0xBC4B, 0xBC4B, 0xB42B, 0xAC0B, 0xA3CA, 0x9BAA,
    0x9B89, 0x9B69, 0xA389, 0xABC9, 0xB40A, 0xC48B, 0xFEF6, 0xFF15,
    0xFE92, 0xFE71, 0xFEB3, 0xFE71, 0xFDCD, 0xFE4E, 0xFDCD, 0x7224,
    0x2060, 0x9451, 0xFFFF, 0xF79E, 0xFFFF, 0xC5F7, 0x28A2, 0x4123,
    0x4901, 0x1040, 0x0020, 0x0820, 0x0020, 0x0020, 0x0020, 0x0000,
    0x0000, 0x0000, 0x0841, 0x10A2, 0x10A2, 0x1081, 0x1040, 0x1000,
    0x61E4, 0xFDCD, 0xFE51, 0xFEB4, 0xFEF5, 0xFEF4, 0xFD8B, 0xFC46,
    0xF3E5, 0xF467, 0xFC87, 0xFCA7, 0xFC87, 0xFC46, 0xF3E5, 0xF3E5,
    0xF426, 0xF406, 0xEBA5, 0xD2E3, 0xC2A2, 0xD2E3, 0xDB03, 0xDB23,
    0xF3E5, 0xFC87, 0xF426, 0xDB43, 0xDB03, 0xCAE3, 0xD303, 0xCAE3,
    0xE3A4, 0xFD29, 0xFE92, 0xFE93, 0xFE51, 0xF632, 0xEDD0, 0xED0B,
    0xCC29, 0x1040, 0x0800, 0x30E3, 0x62EB, 0x632D, 0x4A6A, 0x39E8,
    0x3186, 0x28E3, 0x30A1, 0x1800, 0x5228, 0xEF5D, 0xEF5D, 0xEF3C,
    0xE699, 0x5A48, 0x1020, 0x0820, 0x2080, 0xF5AD, 0xFD6A, 0xFE0E,
    0xFE50, 0xED6C, 0xFE92, 0xDB86, 0xDB45, 0xF427, 0xFDCD, 0xD469,
    0xCBC7, 0xCC08, 0xD46A, 0xE4EC, 0xE52D, 0xED4E, 0xED6E, 0xED6E,
    0xF5AF, 0xFE12, 0xFE53, 0xFDD0, 0xFE12, 0xFED6, 0xFED6, 0xFEF7,
    0xFEB6, 0xFE32, 0xF653, 0xF632, 0xF5D0, 0xED6E, 0xFE31, 0xFE53,
    0xE677, 0xCE18, 0xC618, 0xC618, 0xC618, 0xC618, 0xC5F8, 0xC618,
    0xC618, 0xC618, 0xC618, 0xC618, 0xC5D7, 0xBD75, 0xBD33, 0xBCF2,
    0xBCAF, 0xBC6D, 0xBC6C, 0xC48E, 0xC4F0, 0xCD53, 0xCDB5, 0xD5F7,
    0xD618, 0xD659, 0xD659, 0xD659, 0xD639, 0xD639, 0xCE38, 0xCE18,
    0xC5F8, 0xC5F8, 0xC5F8, 0xC5F8, 0xC5F8, 0xC5F8, 0xC5F8, 0xC5F8,
    0x934A, 0x934A, 0x934A, 0x934A, 0x934A, 0x934A, 0x934A, 0x934A,
    0x934A, 0x8B2A, 0xA38B, 0xC3EC, 0x92A7, 0x9287, 0x92A7, 0x8246,
    0x5142, 0x2881, 0x38C1, 0x4902, 0x40C1, 0x38C1, 0x2881, 0x30A1,
    0x38C1, 0x3080, 0x1840, 0x1020, 0x0800, 0x0000, 0x1020, 0x1840,
    0x2060, 0x30A1, 0x38C1, 0x38C1, 0x38C1, 0x30A1, 0x30A1, 0x38C1,
    0x38C1, 0x30A1, 0x2860, 0x38C1, 0x40C1, 0x40C1, 0x5102, 0x5101,
    0x6962, 0x6142, 0x7182, 0x6962, 0x81E3, 0xBB88, 0xB3EA, 0xB40A,
    0xBC2B, 0xBC4B, 0xBC4B, 0xB44B, 0xB42B, 0xABEB, 0xA3AA, 0x9B89,
    0x9B69, 0x9B69, 0xA389, 0xABC9, 0xABEA, 0xC48C, 0xFE93, 0xFE0F,
    0xFE71, 0xFCEA, 0xFE72, 0xFE70, 0xFDCC, 0xFDCC, 0xF5CD, 0xA305,
    0x4942, 0xC5D7, 0xFFDF, 0xF79E, 0xFFFF, 0xA514, 0x30A1, 0x48E1,
    0x40C0, 0x0800, 0x0000, 0x0020, 0x0020, 0x0000, 0x0000, 0x0000,
    0x0000, 0x0000, 0x0020, 0x0841, 0x1061, 0x1061, 0x1840, 0x0800,
    0x59E4, 0xFDCD, 0xFE51, 0xFEB4, 0xFF16, 0xFE50, 0xFC25, 0xFC67,
    0xFC87, 0xFCA8, 0xF405, 0xF426, 0xFCA7, 0xFC25, 0xFC05, 0xF3C4,
    0xF3E4, 0xF3E5, 0xEB84, 0xD2E2, 0xCAC2, 0xEB43, 0xE343, 0xEC06,
    0xF467, 0xF4A8, 0xFCA8, 0xFC46, 0xF446, 0xEBC5, 0xDB44, 0xCAE3,
    0xDB43, 0xFD08, 0xFE70, 0xFE93, 0xFE93, 0xF653, 0xE5D1, 0xF54C,
    0x6204, 0x0000, 0x2903, 0x736E, 0x6B8E, 0x52AB, 0x4208, 0x39C7,
    0x4249, 0xBDF7, 0xCE38, 0x59E6, 0x1800, 0x6B2D, 0xF77E, 0xEF5D,
    0xEF5D, 0xCDD6, 0x3924, 0x1860, 0x0000, 0x82E7, 0xDCCA, 0xBC6A,
    0x8307, 0xCCAB, 0xFF15, 0xE408, 0xE385, 0xF488, 0xFDED, 0xD408,
    0xBB46, 0xC3A7, 0xC3A7, 0xD408, 0xD449, 0xDC8A, 0xE4CC, 0xE50D,
    0xE4EC, 0xED6E, 0xF611, 0xF5F1, 0xF5F1, 0xF5F1, 0xFE74, 0xF5D1,
    0xF633, 0xF5D0, 0xED4E, 0xEDAF, 0xF5F0, 0xEDF2, 0xE656, 0xCE59,
    0xC618, 0xC5F8, 0xC5F8, 0xC618, 0xC639, 0xCE59, 0xCE39, 0xCDD6,
    0xCDB5, 0xCDF7, 0xCDF7, 0xD5D6, 0xCDF7, 0xC5B6, 0xBD54, 0xBD12,
    0xBCAF, 0xBC8E, 0xBC6C, 0xC48E, 0xC4F0, 0xC552, 0xCDB5, 0xD5F7,
    0xD638, 0xD659, 0xD659, 0xD659, 0xD659, 0xD639, 0xCE18, 0xCE18,
    0xC5F8, 0xC5F8, 0xC5F8, 0xCDF8, 0xCDF8, 0xCDF8, 0xCE18, 0xCE18,
    0x9B6A, 0x936A, 0x936A, 0x936A, 0x936A, 0x936A, 0x936A, 0x936A,
    0x936A, 0x934A, 0xC44D, 0xCC0C, 0x9287, 0x9287, 0x8A46, 0x6163,
    0x38C1, 0x2881, 0x2881, 0x38E2, 0x40C1, 0x38A1, 0x3081, 0x38C1,
    0x2860, 0x2860, 0x1840, 0x1820, 0x1020, 0x0800, 0x1820, 0x2060,
    0x2880, 0x38C1, 0x30A1, 0x38C1, 0x38C1, 0x38A1, 0x38C1, 0x38C1,
    0x40C1, 0x40E2, 0x3081, 0x3081, 0x3081, 0x40C1, 0x5102, 0x38A1,
    0x5102, 0x5922, 0x7183, 0x81C3, 0x81E3, 0xB327, 0xBC0A, 0xB40A,
    0xB42A, 0xBC2B, 0xBC4B, 0xB42B, 0xB42B, 0xABEB, 0xA3AA, 0x9B89,
    0x9369, 0x9B69, 0xA389, 0xABC9, 0xABC9, 0xCCCC, 0xFD0A, 0xF488,
    0xEC27, 0xEC48, 0xFEF4, 0xFE50, 0xFDAC, 0xFDAC, 0xED8C, 0x7A23,
    0x51A4, 0xE6DA, 0xFF9E, 0xF77D, 0xFFFF, 0x83CF, 0x40C1, 0x5921,
    0x48E0, 0x0000, 0x0000, 0x0000, 0x0000, 0x0000, 0x0000, 0x0000,
    0x0000, 0x0000, 0x0000, 0x0020, 0x0841, 0x0820, 0x1860, 0x1000,
    0x6A25, 0xFE0F, 0xFE72, 0xFEB4, 0xFED4, 0xFD8B, 0xFC86, 0xFCE8,
    0xFC45, 0xF425, 0xFC87, 0xFD4B, 0xFDAE, 0xFDCE, 0xFDAE, 0xFD8E,
    0xFE11, 0xFDEF, 0xFD8E, 0xFD4C, 0xECCA, 0xF468, 0xF426, 0xFC87,
    0xF446, 0xF3E4, 0xFC46, 0xFCA8, 0xFCA7, 0xFC87, 0xF406, 0xE364,
    0xE343, 0xF509, 0xFE91, 0xFE72, 0xFE31, 0xF612, 0xED8F, 0xD48A,
    0x1840, 0x1840, 0x5AEC, 0x5AEC, 0x4229, 0x2966, 0x2125, 0x10A3,
    0x9492, 0xFFFF, 0xFFFF, 0xB554, 0x30E3, 0x3146, 0x8C31, 0xFFFF,
    0xEF7D, 0xF77D, 0x9410, 0x1020, 0x0000, 0x0000, 0x1860, 0x4942,
    0xC429, 0xFE4F, 0xFED4, 0xE449, 0xE385, 0xFCE9, 0xFDCC, 0xD3A6,
    0xBB45, 0xC365, 0xC3A6, 0xCC08, 0xD449, 0xD429, 0xD429, 0xD449,
    0xDC49, 0xE4CB, 0xED8F, 0xED8F, 0xED8E, 0xED6E, 0xE52C, 0xED6D,
    0xE50C, 0xED6F, 0xEDD1, 0xE614, 0xDE56, 0xCE38, 0xC618, 0xC618,
    0xC618, 0xC618, 0xC639, 0xCE38, 0xCD94, 0xC4F2, 0xB40D, 0xAB49,
    0x9AA7, 0x9AE8, 0xA309, 0xAB29, 0xB3AC, 0xBC2E, 0xCC6E, 0xCCF0,
    0xC4D0, 0xBC8E, 0xBC6C, 0xC48E, 0xC4F0, 0xCD52, 0xCDB5, 0xD5F7,
    0xD618, 0xD639, 0xD659, 0xD659, 0xD659, 0xCE39, 0xCE38, 0xCE18,
    0xCE18, 0xCE18, 0xCE18, 0xCE18, 0xCE18, 0xCE18, 0xCE18, 0xCE18,
    0x9B6A, 0x9B6A, 0x9B6A, 0x9B6A, 0x9B6B, 0x9B6B, 0x936B, 0x936B,
    0x936B, 0x9BAB, 0xDCAE, 0xAB29, 0x71E5, 0x8A66, 0x71A4, 0x5943,
    0x30A1, 0x30A1, 0x30A1, 0x40E2, 0x48E2, 0x40C1, 0x2881, 0x40C1,
    0x2881, 0x2880, 0x2040, 0x1840, 0x1820, 0x0800, 0x0800, 0x2040,
    0x30A1, 0x38C1, 0x30A1, 0x40E1, 0x40C1, 0x40E1, 0x38A1, 0x2881,
    0x38A1, 0x48E2, 0x38C1, 0x40E1, 0x40C1, 0x40C1, 0x5902, 0x48E1,
    0x40C1, 0x6142, 0x6962, 0x81E4, 0x81C3, 0xAAE6, 0xBC0A, 0xB40A,
    0xB42A, 0xB42B, 0xB42B, 0xB42B, 0xAC0B, 0xABEB, 0x9BAA, 0x9389,
    0x9369, 0x9B69, 0xA389, 0xABCA, 0xABCA, 0xCCAB, 0xFC88, 0xDBA6,
    0xEB85, 0xF469, 0xFEF4, 0xFE4F, 0xFDAC, 0xFDCC, 0xED4B, 0x61A2,
    0x6226, 0xEF3C, 0xF77D, 0xF77D, 0xFFFF, 0x7B6C, 0x3040, 0x6141,
    0x5920, 0x0820, 0x0820, 0x0820, 0x0020, 0x0000, 0x0000, 0x0000,
    0x0000, 0x0000, 0x0000, 0x0020, 0x0820, 0x0820, 0x1860, 0x1800,
    0xA368, 0xFE91, 0xFE93, 0xFE92, 0xFE50, 0xFE2E, 0xFDAC, 0xFD4B,
    0xFD8F, 0xFE53, 0xFED5, 0xFF17, 0xFF38, 0xFF59, 0xFF59, 0xFF59,
    0xFF59, 0xFF59, 0xFF59, 0xFF59, 0xFF59, 0xFF38, 0xFED6, 0xFED6,
    0xFE73, 0xFDCE, 0xFCE9, 0xFCE8, 0xFCC8, 0xFC46, 0xF426, 0xEB84,
    0xEB84, 0xFDAD, 0xFE92, 0xFE51, 0xF610, 0xEDD1, 0xF56D, 0x82C6,
    0x0000, 0x3145, 0x52AB, 0x2966, 0x0861, 0x0000, 0x0020, 0x0000,
    0x6B4D, 0xFFFF, 0xFFFF, 0xB554, 0x3103, 0x41C7, 0x41E8, 0xD69A,
    0xFFFF, 0xF79E, 0xDE9A, 0x3124, 0x0800, 0x1061, 0xBB86, 0xFD09,
    0xFDED, 0xFE51, 0xFED4, 0xE449, 0xDB24, 0xF468, 0xFD8C, 0xD551,
    0xCCCE, 0xCC6A, 0xD44A, 0xD428, 0xD407, 0xD407, 0xD428, 0xD428,
    0xDC48, 0xD428, 0xE4EB, 0xED2C, 0xE4EB, 0xED4D, 0xE56E, 0xE5B1,
    0xD5B4, 0xCDF6, 0xCE18, 0xC638, 0xC618, 0xC618, 0xC618, 0xC618,
    0xC618, 0xCE59, 0xCDD7, 0xABED, 0x9266, 0x81E4, 0x81E4, 0x8A46,
    0x8205, 0x7A05, 0x8226, 0x8A26, 0x8A05, 0x8205, 0x9266, 0xBB6A,
    0xC40C, 0xCC8D, 0xC48D, 0xC48E, 0xC4F0, 0xCD52, 0xCDB5, 0xCDF6,
    0xD617, 0xD638, 0xD639, 0xD639, 0xD639, 0xCE39, 0xCE39, 0xCE38,
    0xCE38, 0xCE18, 0xCE18, 0xCE38, 0xCE38, 0xCE18, 0xCE18, 0xCE38,
    0x9B6B, 0x9B6B, 0x9B6B, 0x9B6B, 0x9B8B, 0x9B8B, 0x9B8B, 0x9B8B,
    0x936B, 0xA3CC, 0xD44D, 0x8226, 0x8267, 0x8205, 0x48E2, 0x40C1,
    0x38A1, 0x40C1, 0x38C1, 0x4902, 0x40C2, 0x48E2, 0x38C1, 0x48E2,
    0x40C1, 0x2881, 0x1840, 0x1840, 0x2060, 0x1020, 0x0800, 0x1840,
    0x2860, 0x28A1, 0x38C1, 0x38C1, 0x40E2, 0x38C1, 0x2881, 0x30A1,
    0x38C1, 0x40C1, 0x40C1, 0x38C1, 0x40C1, 0x38C1, 0x40C1, 0x5922,
    0x5101, 0x6122, 0x6983, 0x79C3, 0x79A3, 0x9A65, 0xBC0A, 0xB40A,
    0xB40A, 0xB40A, 0xB42B, 0xB40B, 0xAC0B, 0xA3EA, 0x9BAA, 0x9369,
    0x9369, 0x9B69, 0x9B89, 0xABCA, 0xABCA, 0xD4CC, 0xFD0A, 0xEC68,
    0xF446, 0xFDCF, 0xFEF4, 0xFE50, 0xFDED, 0xFDCC, 0xED4B, 0x69C2,
    0x7AC8, 0xEF1B, 0xF77D, 0xF75D, 0xFFFF, 0x8BEF, 0x3060, 0x6961,
    0x7181, 0x1040, 0x0820, 0x0820, 0x0820, 0x0000, 0x0000, 0x0000,
    0x0000, 0x0000, 0x0820, 0x1040, 0x1060, 0x0820, 0x2880, 0x1820,
    0xBC4A, 0xFEF4, 0xFEB4, 0xFEB3, 0xFE93, 0xFED5, 0xFEF7, 0xFF18,
    0xFF39, 0xFF39, 0xFF38, 0xFF18, 0xFF18, 0xFF18, 0xFF39, 0xFF39,
    0xFF59, 0xFF39, 0xFF39, 0xFF39, 0xFF59, 0xFF5A, 0xFF7A, 0xFF7A,
    0xFF7A, 0xFF7A, 0xFF39, 0xFEB4, 0xFDCE, 0xFCC8, 0xFC04, 0xF447,
    0xF467, 0xFDCE, 0xFED4, 0xFE72, 0xF611, 0xE58F, 0xED0B, 0x3102,
    0x0000, 0x2124, 0x2125, 0x1082, 0x0000, 0x0000, 0x0000, 0x0000,
    0x0841, 0x7BEF, 0x9CF3, 0x39C7, 0x4185, 0x5249, 0x39A7, 0x8410,
    0xFFFF, 0xF77D, 0xF77D, 0x6B2C, 0x1020, 0x1840, 0xA346, 0xF56A,
    0xED6C, 0xFE0F, 0xFEB3, 0xDC09, 0xD2C3, 0xF447, 0xFD2B, 0xCDD6,
    0xBE18, 0xC5F7, 0xCDF7, 0xCDB4, 0xCDB4, 0xCD51, 0xD551, 0xCD93,
    0xDD71, 0xDD70, 0xD5B3, 0xD5D4, 0xD5F5, 0xCDF6, 0xCE18, 0xC618,
    0xC5F8, 0xC5F8, 0xC5F8, 0xC618, 0xC5F8, 0xC618, 0xC618, 0xC639,
    0xCDD6, 0xBC4E, 0x9287, 0x79C4, 0x71C4, 0x71C4, 0x8205, 0x8225,
    0x8A46, 0x8A66, 0x8226, 0x7A05, 0x79E5, 0x69A4, 0x7A05, 0x8226,
    0x9267, 0xAB09, 0xCC4C, 0xCCCE, 0xC4F0, 0xCD52, 0xCDB5, 0xCDF6,
    0xD618, 0xD638, 0xD639, 0xD639, 0xD639, 0xD639, 0xCE39, 0xCE39,
    0xCE38, 0xCE38, 0xCE38, 0xCE38, 0xCE38, 0xD639, 0xD639, 0xD639,
    0x9B6B, 0x9B8B, 0x9B6B, 0x9B8B, 0x9B8B, 0x9B8B, 0x9B8B, 0x9B8B,
    0x936B, 0xB40D, 0xCBEC, 0x92A7, 0x8226, 0x5943, 0x38A1, 0x38C1,
    0x38C1, 0x38A1, 0x48E2, 0x40E2, 0x38E2, 0x28A1, 0x30C1, 0x5122,
    0x48E2, 0x2881, 0x2060, 0x1840, 0x2060, 0x1840, 0x1020, 0x1020,
    0x3080, 0x38C1, 0x30C1, 0x38E2, 0x40E2, 0x38C1, 0x30A1, 0x40E2,
    0x30A1, 0x30A1, 0x38C1, 0x2881, 0x40E1, 0x38A1, 0x38C1, 0x50E1,
    0x5101, 0x6942, 0x79A3, 0x7182, 0x79C3, 0x9224, 0xBBC9, 0xB40A,
    0xB40A, 0xB40A, 0xB40B, 0xB40B, 0xABEB, 0xA3CA, 0x9B8A, 0x9369,
    0x9369, 0x9369, 0x9B89, 0xABC9, 0xA3A9, 0xDCCC, 0xFD8C, 0xFDAD,
    0xFDEF, 0xFED5, 0xFED3, 0xFE91, 0xFDCC, 0xFDCC, 0xF56C, 0xC3A6,
    0x9349, 0xE699, 0xF75C, 0xF75C, 0xFFFF, 0xAD14, 0x3880, 0x7161,
    0x89C1, 0x2880, 0x0820, 0x0840, 0x0820, 0x0840, 0x0820, 0x0820,
    0x0840, 0x1040, 0x1061, 0x1881, 0x1060, 0x1860, 0x2060, 0x30C0,
    0xEDAF, 0xFEF5, 0xFEF7, 0xFEF7, 0xFF18, 0xFF18, 0xFF39, 0xFF39,
    0xFF39, 0xFF39, 0xFF39, 0xFF39, 0xFF39, 0xFF5A, 0xFF7A, 0xFF7B,
    0xFF7A, 0xFF7A, 0xFF7A, 0xFF7A, 0xFF7B, 0xFF7B, 0xFF7A, 0xFF5A,
    0xFF5A, 0xFF7A, 0xFF7B, 0xFF9B, 0xFF7A, 0xFEF6, 0xFDCF, 0xFCC8,
    0xFC87, 0xFD6B, 0xFEB3, 0xFE51, 0xF611, 0xF5F0, 0xCC6A, 0x1020,
    0x1020, 0x1082, 0x0862, 0x0021, 0x0000, 0x0000, 0x0000, 0x0000,
    0x0000, 0x0000, 0x0020, 0x18C3, 0x41C6, 0x6289, 0x49E8, 0x4A29,
    0xEF3C, 0xF79E, 0xFF9E, 0xBD75, 0x20A1, 0x1860, 0x2080, 0x4982,
    0x9B06, 0xF5AD, 0xFED4, 0xD3E9, 0xD304, 0xF488, 0xF4CA, 0xCDB6,
    0xC5F7, 0xC5F7, 0xC5F8, 0xC618, 0xC618, 0xC618, 0xC618, 0xC618,
    0xC618, 0xC638, 0xC619, 0xC618, 0xC5F8, 0xC5F8, 0xC5F8, 0xC5F8,
    0xC5F8, 0xC5F8, 0xC618, 0xC618, 0xC618, 0xC5F8, 0xC618, 0xC595,
    0xA34A, 0x81C3, 0x79E4, 0x8225, 0x79E4, 0x69A4, 0x5963, 0x5963,
    0x71C4, 0x79E4, 0x6183, 0x6183, 0x8A25, 0x79E4, 0x8205, 0x79E5,
    0x71C5, 0x71C5, 0x8A46, 0xBBCB, 0xCD11, 0xCD53, 0xCDB5, 0xCDF6,
    0xD618, 0xD639, 0xD659, 0xD639, 0xD639, 0xD639, 0xD639, 0xD639,
    0xD639, 0xD639, 0xCE39, 0xCE39, 0xD639, 0xD659, 0xD659, 0xD659,
    0x9B8B, 0x9B8B, 0x9B8B, 0x9B8B, 0x9B8B, 0x9B8B, 0x9B8B, 0x9B8B,
    0x9B8B, 0xC44D, 0xAB09, 0x9AA7, 0x4922, 0x4902, 0x40E2, 0x38C1,
    0x40C1, 0x38C1, 0x4902, 0x38E2, 0x38C1, 0x40E2, 0x38C1, 0x4902,
    0x40C1, 0x2881, 0x30A1, 0x2060, 0x1840, 0x1020, 0x0800, 0x1020,
    0x2880, 0x38C1, 0x38C1, 0x2881, 0x2881, 0x28A1, 0x38C2, 0x40C1,
    0x2881, 0x2880, 0x30A1, 0x2881, 0x40E1, 0x40C1, 0x40C1, 0x40C1,
    0x38A0, 0x5101, 0x6962, 0x6962, 0x79A3, 0x9224, 0xB3A9, 0xB40A,
    0xB40A, 0xB40A, 0xB40B, 0xB40B, 0xABEA, 0xA3AA, 0x9B89, 0x9369,
    0x9369, 0x9369, 0x9B89, 0xA3CA, 0xA3A9, 0xDCEC, 0xFDAD, 0xFE30,
    0xFE52, 0xFEF6, 0xFEB3, 0xFE2F, 0xFDAB, 0xFD6A, 0xFDEE, 0xFE2E,
    0xAB88, 0xC554, 0xFF5C, 0xF75C, 0xFFBE, 0xD699, 0x30C1, 0x7160,
    0xA200, 0x7960, 0x0000, 0x1060, 0x1040, 0x1040, 0x1060, 0x1060,
    0x1060, 0x1061, 0x1860, 0x1880, 0x1860, 0x38A0, 0x38A0, 0xABEA,
    0xFEF6, 0xFEF8, 0xFF39, 0xFF39, 0xFF39, 0xFF39, 0xFF59, 0xFF5A,
    0xFF59, 0xFF59, 0xFF7A, 0xFF7A, 0xFF7A, 0xFF7B, 0xFF9B, 0xFF9B,
    0xFF9B, 0xFF9B, 0xFF9B, 0xFF9B, 0xFF9B, 0xFF9B, 0xFF9C, 0xFF9B,
    0xFF9B, 0xFF9B, 0xFF9B, 0xFF7B, 0xFF7A, 0xFF7B, 0xFF9B, 0xFEB5,
    0xFD8D, 0xFD6A, 0xFE0E, 0xFE72, 0xFE31, 0xFE31, 0xA368, 0x0800,
    0x1840, 0x0020, 0x0000, 0x0000, 0x0000, 0x0000, 0x0000, 0x0000,
    0x0000, 0x0841, 0x0882, 0x1082, 0x2924, 0x5A28, 0x5228, 0x3966,
    0xCE39, 0xFFBE, 0xF77D, 0xDEBA, 0x3944, 0x0800, 0x5182, 0xE488,
    0xF4C9, 0xFDAD, 0xFE93, 0xECAB, 0xE386, 0xF447, 0xEC89, 0xCDD6,
    0xC5F8, 0xC5F7, 0xC5F7, 0xC5F7, 0xC5F7, 0xC5F7, 0xC5F7, 0xC5F8,
    0xC5F8, 0xC5F8, 0xC5F8, 0xC5F8, 0xC5F8, 0xC5F8, 0xC618, 0xC5F8,
    0xC5F8, 0xC5F8, 0xC5F8, 0xC5F8, 0xC5F8, 0xC618, 0xCDD6, 0x9AE8,
    0x79C3, 0x79E5, 0x79E4, 0x8A46, 0x8A45, 0x71A4, 0x71C4, 0x7A05,
    0x69A4, 0x5943, 0x5943, 0x5943, 0x6163, 0x5963, 0x6184, 0x71A4,
    0x79E4, 0x6983, 0x71C4, 0x9A87, 0xC3EC, 0xCD52, 0xCD95, 0xCDF6,
    0xD618, 0xD659, 0xD659, 0xD639, 0xD638, 0xCE38, 0xCE38, 0xD639,
    0xD639, 0xD639, 0xD659, 0xD639, 0xD659, 0xD659, 0xD659, 0xD659,
    0x9B8B, 0x9B8B, 0x9B8B, 0x9B8B, 0x9B8B, 0x9B8B, 0x9B8B, 0x9B8B,
    0x938B, 0xC42D, 0xBB6A, 0x71E5, 0x38C1, 0x6163, 0x38A1, 0x38C1,
    0x30A1, 0x38A1, 0x38C2, 0x4902, 0x40E2, 0x40E2, 0x40C1, 0x38A1,
    0x30A1, 0x30A1, 0x38C1, 0x2881, 0x1840, 0x1840, 0x1020, 0x0800,
    0x2040, 0x3081, 0x38A1, 0x2881, 0x3081, 0x2881, 0x30A1, 0x38C1,
    0x3081, 0x38A1, 0x38A1, 0x2880, 0x30A1, 0x48C1, 0x38A0, 0x48E1,
    0x38A0, 0x48C1, 0x5921, 0x5921, 0x7182, 0x89E3, 0xBBA9, 0xB40A,
    0xB40A, 0xB40A, 0xB40B, 0xAC0B, 0xABEA, 0xA3AA, 0x9369, 0x9349,
    0x9349, 0x9369, 0x9B89, 0xA3AA, 0xABCA, 0xE52C, 0xFDCD, 0xFE30,
    0xFE51, 0xFEF5, 0xFE91, 0xFE2F, 0xFE0E, 0xFDED, 0xFE0E, 0xFE4F,
    0xE54C, 0xB42D, 0xEEBA, 0xF75C, 0xF77D, 0xFFDE, 0x6289, 0x50C0,
    0xA200, 0xB240, 0x30A0, 0x0000, 0x1040, 0x1060, 0x1060, 0x1061,
    0x1881, 0x1060, 0x0840, 0x0820, 0x48C0, 0x9285, 0xE5D3, 0xFF18,
    0xFF19, 0xFF39, 0xFF39, 0xFF18, 0xFF18, 0xFF39, 0xFF39, 0xFF39,
    0xFF39, 0xFF5A, 0xFF7A, 0xFF9B, 0xFF9B, 0xFF9B, 0xFF9B, 0xFF9B,
    0xFF9B, 0xFF9C, 0xFFBC, 0xFFBC, 0xFFBC, 0xFFBC, 0xFFBC, 0xFFBC,
    0xFF9C, 0xFFBC, 0xFFBC, 0xFF9C, 0xFF9B, 0xFF7B, 0xFF7A, 0xFF7B,
    0xFF59, 0xFE93, 0xFE2F, 0xFE72, 0xFE52, 0xFE52, 0x7245, 0x0800,
    0x1840, 0x0000, 0x0000, 0x0000, 0x0000, 0x0000, 0x0000, 0x0000,
    0x0000, 0x0020, 0x0841, 0x0861, 0x1082, 0x41A6, 0x5A07, 0x3903,
    0xBDB6, 0xFFFF, 0xEF5D, 0xEEFB, 0x49E7, 0x0000, 0x2081, 0xDCA8,
    0xFE0D, 0xFE30, 0xFEB4, 0xD3A7, 0xEBC6, 0xFC87, 0xED4E, 0xC618,
    0xC5F7, 0xC5F8, 0xC5F7, 0xC5F7, 0xC5F7, 0xC5F8, 0xC5F8, 0xC5F8,
    0xC5F8, 0xC5F8, 0xC5F8, 0xC5F8, 0xC5F8, 0xC5F8, 0xC618, 0xC618,
    0xC5F8, 0xC5F8, 0xC5F8, 0xC5F8, 0xC618, 0xC574, 0x92A7, 0x79E4,
    0x8A25, 0x79E4, 0x7A05, 0x8225, 0x71C4, 0x71C4, 0x79E5, 0x6984,
    0x4922, 0x6184, 0x6984, 0x5963, 0x4922, 0x5143, 0x4102, 0x5963,
    0x79C4, 0x8205, 0x8246, 0x8A67, 0x9AA7, 0xCCAF, 0xCD94, 0xCDB5,
    0xCDF6, 0xD638, 0xD638, 0xD618, 0xCE18, 0xCE18, 0xCE18, 0xCE18,
    0xCE18, 0xD638, 0xD638, 0xD638, 0xD638, 0xD638, 0xD639, 0xD659,
    0x9B8B, 0x9B8B, 0x9B8B, 0x9B8B, 0x9B8B, 0x9B8B, 0x9B8B, 0x9B8B,
    0x9B8B, 0xBC2D, 0xBB8A, 0x6163, 0x5963, 0x6163, 0x40C1, 0x38C1,
    0x2881, 0x30A1, 0x40E2, 0x4902, 0x4902, 0x4922, 0x3081, 0x30A1,
    0x2881, 0x2881, 0x30A1, 0x2881, 0x2060, 0x2880, 0x1820, 0x1020,
    0x0800, 0x2860, 0x2881, 0x2881, 0x38A1, 0x30A1, 0x30A1, 0x30A1,
    0x2060, 0x3080, 0x40A1, 0x3081, 0x3081, 0x38A1, 0x2880, 0x38A1,
    0x3080, 0x48E1, 0x6962, 0x6942, 0x6962, 0x89C3, 0xBB88, 0xB40A,
    0xB40A, 0xB40A, 0xB40A, 0xAC0A, 0xABEA, 0x9BAA, 0x9369, 0x9349,
    0x9349, 0x9349, 0x9B89, 0xA3A9, 0xABEA, 0xED8E, 0xFE50, 0xFDEE,
    0xFE51, 0xFEB2, 0xFE50, 0xFE70, 0xFE0D, 0xFDAB, 0xFDCC, 0xFE0E,
    0xFE4F, 0xF5AE, 0xE5B3, 0xEEB9, 0xEF1C, 0xFF9E, 0xCE39, 0x38A1,
    0x7160, 0x8180, 0x81A0, 0x40E0, 0x0020, 0x0020, 0x0820, 0x0820,
    0x0000, 0x0000, 0x0820, 0x71E2, 0xDCCC, 0xFF18, 0xFF5A, 0xFF19,
    0xFF5A, 0xFF59, 0xFF5A, 0xFF5A, 0xFF5A, 0xFF5A, 0xFF39, 0xFF39,
    0xFF5A, 0xFF7A, 0xFF7A, 0xFF9B, 0xFF9B, 0xFF9B, 0xFF9B, 0xFF7B,
    0xFF9B, 0xFF9C, 0xFFBC, 0xFF9C, 0xFF9B, 0xFF9C, 0xFFBC, 0xFF9C,
    0xFFBC, 0xFFBC, 0xFFBC, 0xFF9C, 0xFF9B, 0xFF9B, 0xFF9B, 0xFF7B,
    0xFF5A, 0xFF7B, 0xFF39, 0xFED5, 0xFE93, 0xFE11, 0x51C3, 0x0000,
    0x1840, 0x0820, 0x0000, 0x0000, 0x0000, 0x0000, 0x0000, 0x0000,
    0x0000, 0x0000, 0x0020, 0x0841, 0x0840, 0x3902, 0x5983, 0x30A1,
    0xAD55, 0xFFFF, 0xEF3C, 0xEF1B, 0x5A69, 0x0000, 0x0800, 0x28A1,
    0xABE9, 0xFE50, 0xFED4, 0xED2D, 0xEBE6, 0xFCA8, 0xED70, 0xC618,
    0xC5F7, 0xC5F8, 0xC5F7, 0xC5F7, 0xC5F8, 0xC5F8, 0xC5F8, 0xC5F8,
    0xC5F8, 0xC5F8, 0xC5F7, 0xC5F8, 0xC5F8, 0xC5F8, 0xC5F8, 0xC5F8,
    0xC5F8, 0xC5F8, 0xC5F8, 0xC618, 0xC5D6, 0x92C8, 0x79C3, 0x71C4,
    0x6983, 0x69A3, 0x79C4, 0x71A3, 0x5943, 0x6163, 0x69A4, 0x5963,
    0x5963, 0x5943, 0x4902, 0x4902, 0x6183, 0x5963, 0x6163, 0x5122,
    0x5943, 0x5943, 0x5963, 0x8246, 0x8A87, 0xB3AB, 0xD593, 0xD5B4,
    0xCDD5, 0xCDF7, 0xCE17, 0xCDF7, 0xCDF7, 0xCDF7, 0xCDF7, 0xCDF7,
    0xCDF7, 0xCE17, 0xCE17, 0xCE17, 0xCE17, 0xD617, 0xD618, 0xD618,
    0x9B8B, 0x9B8B, 0x9B8B, 0x9B8B, 0x9B8B, 0x9B8B, 0x9B8B, 0x9B8B,
    0x9BAC, 0xBC0D, 0xA2C8, 0x69A4, 0x5943, 0x5142, 0x38C1, 0x38C1,
    0x2881, 0x3081, 0x40E2, 0x4902, 0x4902, 0x40E2, 0x2860, 0x2881,
    0x2880, 0x2881, 0x30A1, 0x3081, 0x2860, 0x3080, 0x2040, 0x1020,
    0x0800, 0x1840, 0x2060, 0x2860, 0x30A1, 0x38C1, 0x2881, 0x3081,
    0x2880, 0x30A1, 0x38A1, 0x2860, 0x3080, 0x38A1, 0x38A1, 0x38A1,
    0x38A0, 0x48C1, 0x6962, 0x6142, 0x6941, 0x9203, 0xB388, 0xB40A,
    0xB40A, 0xB40A, 0xB40A, 0xAC0A, 0xA3EA, 0x9BAA, 0x9369, 0x9349,
    0x8B49, 0x9349, 0x9B89, 0x9BA9, 0xB42B, 0xFDCE, 0xFE71, 0xFE50,
    0xFE0E, 0xFE71, 0xFE4F, 0xFE2E, 0xFDCC, 0xFDAB, 0xFD69, 0xFDAB,
    0xFE0E, 0xFE4F, 0xFE2F, 0xF611, 0xF634, 0xEE98, 0xFF7D, 0xA4D2,
    0x2060, 0x3060, 0x58E0, 0x91C0, 0x7980, 0x40C0, 0x28C1, 0x3942,
    0x6224, 0x8AE5, 0xD4ED, 0xFEB5, 0xFF39, 0xFF19, 0xFF19, 0xFF39,
    0xFF3A, 0xFF5A, 0xFF5A, 0xFF7B, 0xFF9B, 0xFF9B, 0xFF5A, 0xFF39,
    0xFF59, 0xFF5A, 0xFF5A, 0xFF7A, 0xFF7A, 0xFF7A, 0xFF9B, 0xFF9B,
    0xFF9B, 0xFF9B, 0xFF9B, 0xFF9B, 0xFF9B, 0xFF9C, 0xFFBC, 0xFF9B,
    0xFFBC, 0xFFBC, 0xFFBC, 0xFF9B, 0xFF9B, 0xFF9B, 0xFF9B, 0xFF7B,
    0xFF7B, 0xFF7B, 0xFF5A, 0xFF3A, 0xFED6, 0xF611, 0x3902, 0x0800,
    0x1860, 0x0820, 0x0000, 0x0000, 0x0000, 0x0000, 0x0000, 0x0000,
    0x0000, 0x0000, 0x0000, 0x0020, 0x1040, 0x5100, 0x5941, 0x1820,
    0xAD55, 0xFFFF, 0xEF3C, 0xEF1C, 0x6AEA, 0x0000, 0x7245, 0xCCCB,
    0xDCEB, 0xFE30, 0xFE72, 0xFE51, 0xFDAE, 0xFD09, 0xED2E, 0xC5F8,
    0xC5F7, 0xC5F7, 0xC5F7, 0xC5F7, 0xC5F8, 0xC5F7, 0xC5F7, 0xC5F8,
    0xC5F8, 0xC5F7, 0xC5F7, 0xC5F7, 0xC5F8, 0xC5F8, 0xC5F8, 0xC5F8,
    0xC5F8, 0xC5F8, 0xC5F8, 0xCE39, 0xA3CC, 0x7983, 0x71C4, 0x8204,
    0x71A4, 0x6983, 0x6163, 0x79C4, 0x6983, 0x5942, 0x5922, 0x5143,
    0x5143, 0x5123, 0x5943, 0x5143, 0x4922, 0x4902, 0x5122, 0x4902,
    0x4902, 0x4922, 0x4922, 0x5963, 0x7A25, 0x9AC8, 0xB3CC, 0xB3EC,
    0xBC4E, 0xCD12, 0xDD94, 0xCDD6, 0xCDB5, 0xCDB5, 0xCDB5, 0xCDB5,
    0xCDD5, 0xCDD6, 0xCDD6, 0xCDD6, 0xCDD6, 0xD5D6, 0xD5D6, 0xD5D6,
    0x9B8B, 0x9B8B, 0x9B8B, 0x9BAB, 0x9B8B, 0x9B8B, 0x9B8B, 0x9B8B,
    0x9B8B, 0xABCC, 0xA2E8, 0x6183, 0x5122, 0x4902, 0x3081, 0x38C1,
    0x40E2, 0x30A1, 0x40E2, 0x38C1, 0x30A1, 0x30A1, 0x4902, 0x40E2,
    0x38C1, 0x3081, 0x2861, 0x3080, 0x2880, 0x2860, 0x2860, 0x2040,
    0x1020, 0x1020, 0x1020, 0x2060, 0x30A1, 0x38C1, 0x2880, 0x2881,
    0x3081, 0x30A1, 0x3080, 0x2880, 0x2040, 0x3080, 0x40C1, 0x3880,
    0x40C1, 0x3080, 0x5921, 0x6142, 0x6141, 0xA264, 0xBBA9, 0xB3EA,
    0xB40A, 0xB40A, 0xB40A, 0xB40A, 0xA3EA, 0x9BAA, 0x9369, 0x8B49,
    0x8B49, 0x9349, 0x9B89, 0x9BA9, 0xBC0A, 0xFDEE, 0xFEB2, 0xFD8C,
    0xFDCE, 0xFED3, 0xFE4F, 0xFE0E, 0xFDEC, 0xFDAB, 0xFD69, 0xFD8A,
    0xFDEC, 0xFDEC, 0xFDED, 0xFE0D, 0xFE0D, 0xFE2F, 0xF631, 0xFE93,
    0xCD0E, 0xAC0A, 0xBC4A, 0xCC8B, 0xE4EB, 0xED2B, 0xF56B, 0xFD8B,
    0xFDED, 0xFED4, 0xFF59, 0xFF39, 0xFF18, 0xFF19, 0xFF19, 0xFF39,
    0xFF59, 0xFF39, 0xFF39, 0xFF59, 0xFF7A, 0xFF7A, 0xFF7B, 0xFF5A,
    0xFF59, 0xFF59, 0xFF59, 0xFF59, 0xFF7A, 0xFF7B, 0xFF7B, 0xFF7B,
    0xFF9B, 0xFF9B, 0xFF9B, 0xFF7A, 0xFF9B, 0xFF9B, 0xFF9B, 0xFF9C,
    0xFF9B, 0xFF9B, 0xFF9B, 0xFF9C, 0xFF9B, 0xFF9B, 0xFF9B, 0xFF7B,
    0xFF9B, 0xFF9B, 0xFF7B, 0xFF5A, 0xFF19, 0xFEF8, 0x8309, 0x1800,
    0x1840, 0x0840, 0x0820, 0x0820, 0x0000, 0x0000, 0x0000, 0x0000,
    0x0000, 0x0000, 0x0000, 0x0000, 0x2080, 0x79A1, 0x5121, 0x0800,
    0xBDB7, 0xFFBE, 0xEF5D, 0xF75D, 0x732B, 0x0800, 0x9B26, 0xFE2D,
    0xFE2F, 0xFE50, 0xFE92, 0xFE31, 0xFE72, 0xFD6C, 0xDCCD, 0xBDF8,
    0xC5F7, 0xC5F7, 0xC5F8, 0xC5F8, 0xC5F7, 0xC5F7, 0xC5F7, 0xC5F7,
    0xC5F7, 0xC5F7, 0xC5D7, 0xC5D7, 0xC5F7, 0xC5F8, 0xC5F8, 0xC5F8,
    0xC618, 0xC5F8, 0xCE38, 0xBCB1, 0x79A3, 0x6983, 0x71A3, 0x8204,
    0x71A4, 0x40E1, 0x5922, 0x71A4, 0x5122, 0x38C1, 0x40E1, 0x5122,
    0x5963, 0x5963, 0x5143, 0x4102, 0x5943, 0x5943, 0x5102, 0x48E2,
    0x40E2, 0x30A1, 0x5943, 0x6184, 0x5963, 0x5963, 0x69C4, 0x71C5,
    0x8226, 0x9AA7, 0xB36A, 0xCCAF, 0xCD73, 0xCD94, 0xCD74, 0xCD74,
    0xCD94, 0xCD94, 0xCD94, 0xCD94, 0xCD94, 0xCD94, 0xCD94, 0xD5B4,
    0x9B8B, 0x9B8B, 0x9B8B, 0x9B8B, 0x9B8B, 0x9B8B, 0x9B8C, 0x9B8C,
    0x9B8C, 0xABEC, 0xB36A, 0x69C4, 0x6163, 0x48E1, 0x2881, 0x4922,
    0x38C1, 0x30A1, 0x40E2, 0x30A1, 0x2881, 0x2881, 0x40E2, 0x40E2,
    0x30A1, 0x3081, 0x2881, 0x30A1, 0x3081, 0x30A1, 0x2880, 0x2060,
    0x1020, 0x0800, 0x0820, 0x2880, 0x3081, 0x2881, 0x3081, 0x2881,
    0x30A1, 0x3081, 0x2881, 0x30A1, 0x3080, 0x38A1, 0x50E1, 0x2880,
    0x38A1, 0x48C1, 0x6121, 0x81C3, 0x6962, 0x9224, 0xBBA9, 0xB3EA,
    0xB3EA, 0xB40A, 0xB40A, 0xABEA, 0xABEA, 0x9BAA, 0x9369, 0x9349,
    0x9349, 0x9349, 0x9B89, 0x9BA9, 0xCC8B, 0xFE0E, 0xFD4B, 0xFCA8,
    0xFE93, 0xFEB3, 0xFE70, 0xFE2E, 0xFDED, 0xFDEC, 0xFDEC, 0xFDEC,
    0xFDEC, 0xFDEC, 0xFDAB, 0xFD8B, 0xFDCC, 0xFDEC, 0xFDEC, 0xFDAC,
    0xFE2E, 0xFE4F, 0xFE0D, 0xFDEC, 0xFDCC, 0xFD8A, 0xFD49, 0xFDCE,
    0xFED6, 0xFF19, 0xFF19, 0xFF39, 0xFF39, 0xFF39, 0xFF39, 0xFF39,
    0xFEF8, 0xFEF7, 0xFEF7, 0xFF39, 0xFF5A, 0xFF7A, 0xFF7B, 0xFF7B,
    0xFF39, 0xFF39, 0xFF39, 0xFF39, 0xFF59, 0xFF59, 0xFF5A, 0xFF7A,
    0xFF7A, 0xFF7A, 0xFF5A, 0xFF7A, 0xFF9B, 0xFF9B, 0xFF9B, 0xFF9C,
    0xFF9B, 0xFF7A, 0xFF7B, 0xFF9B, 0xFF9B, 0xFF9B, 0xFF7A, 0xFF7A,
    0xFF9B, 0xFF9B, 0xFF9B, 0xFF7B, 0xFF5A, 0xFF7B, 0xFF7B, 0x9BAC,
    0x2860, 0x1860, 0x1060, 0x1060, 0x0840, 0x0820, 0x0820, 0x0000,
    0x0000, 0x0020, 0x0820, 0x0000, 0x40E0, 0x89E1, 0x5920, 0x20A2,
    0xDEBA, 0xF77D, 0xEF7D, 0xF77D, 0x62CA, 0x2060, 0x6204, 0xFDAC,
    0xFDEE, 0xFE51, 0xFEB4, 0xFE93, 0xFED4, 0xFD8D, 0xDCEF, 0xBE19,
    0xC5D7, 0xC5F7, 0xC5F7, 0xC5F7, 0xC5F7, 0xC5F8, 0xC5F7, 0xC5F7,
    0xC5F7, 0xC5F7, 0xC5F7, 0xC5F7, 0xC5F7, 0xC5F7, 0xC5F7, 0xC5F8,
    0xC5F7, 0xC618, 0xC513, 0x8225, 0x6982, 0x71A3, 0x71A3, 0x71A3,
    0x5122, 0x4902, 0x6163, 0x5943, 0x4902, 0x38C1, 0x40E2, 0x40E2,
    0x5943, 0x5123, 0x5123, 0x4102, 0x38C1, 0x40C1, 0x38C1, 0x40E2,
    0x40E1, 0x4902, 0x48E2, 0x5943, 0x40E1, 0x4922, 0x71E5, 0x8246,
    0x7A05, 0x8226, 0x9287, 0xA2E8, 0xC40C, 0xD511, 0xCD32, 0xCD52,
    0xCD52, 0xCD52, 0xCD52, 0xCD52, 0xCD52, 0xCD52, 0xCD52, 0xCD52,
    0x9B8B, 0x9B8B, 0x9B8B, 0x9B8B, 0x9B8B, 0x9B8B, 0x9B8B, 0x9BAC,
    0xA3AC, 0xB3EC, 0xC3CB, 0x9287, 0x71E5, 0x5122, 0x2040, 0x4102,
    0x4902, 0x2881, 0x28A1, 0x30A1, 0x28A1, 0x30A1, 0x38C1, 0x30C1,
    0x30A1, 0x3081, 0x40E1, 0x38C1, 0x38A1, 0x2060, 0x2060, 0x2040,
    0x1020, 0x0800, 0x1020, 0x2060, 0x1840, 0x2880, 0x38C1, 0x3080,
    0x2861, 0x2060, 0x2880, 0x2860, 0x2860, 0x38C1, 0x48E1, 0x38A1,
    0x2860, 0x5101, 0x6962, 0x6962, 0x7182, 0x8A03, 0xB3A8, 0xB3EA,
    0xB3EA, 0xB40A, 0xB40A, 0xABEA, 0xABEA, 0x9BAA, 0x9389, 0x9349,
    0x9349, 0x9349, 0x9B89, 0xABEA, 0xF52C, 0xFD0A, 0xFCC9, 0xFEB3,
    0xFEF4, 0xFE92, 0xFE70, 0xFE70, 0xFE0E, 0xFE2D, 0xFE4E, 0xFE4E,
    0xFE2E, 0xFE2E, 0xFE2E, 0xFE0E, 0xFE2E, 0xFE0E, 0xFD8B, 0xFD8B,
    0xFDAC, 0xFDAC, 0xFD8B, 0xFD6A, 0xFD6A, 0xFDAD, 0xFEB5, 0xFF5A,
    0xFF39, 0xFF18, 0xFF39, 0xFF5A, 0xFF5A, 0xFF39, 0xFF18, 0xFEB6,
    0xFE95, 0xFE95, 0xFED7, 0xFF18, 0xFF39, 0xFF59, 0xFF5A, 0xFF59,
    0xFF38, 0xFF39, 0xFF39, 0xFF18, 0xFF38, 0xFF59, 0xFF7A, 0xFF5A,
    0xFF59, 0xFF5A, 0xFF7A, 0xFF9B, 0xFF9B, 0xFF9B, 0xFF7B, 0xFF7A,
    0xFF7A, 0xFF7A, 0xFF7B, 0xFF9B, 0xFF9B, 0xFF7A, 0xFF5A, 0xFF7B,
    0xFF9B, 0xFF9B, 0xFF9B, 0xFF9B, 0xFF9B, 0xFF7B, 0xFF9B, 0xFF7B,
    0x9329, 0x1840, 0x1881, 0x1881, 0x1061, 0x1060, 0x1040, 0x0840,
    0x0840, 0x1060, 0x0820, 0x0820, 0x6940, 0x81C1, 0x40A0, 0x5A89,
    0xFF9E, 0xEF3C, 0xF75D, 0xF73C, 0x41E7, 0x69E3, 0x7A44, 0xAB87,
    0xFE0D, 0xFE51, 0xFEB4, 0xFEB3, 0xFE51, 0xFD4C, 0xDCCE, 0xBE19,
    0xC5D7, 0xC5F7, 0xBDF7, 0xC5D7, 0xC5D7, 0xC5F8, 0xC5F8, 0xC5F7,
    0xC5F7, 0xC5F7, 0xC5F7, 0xC5F7, 0xC5F7, 0xC5F7, 0xC5F7, 0xC5F7,
    0xBDD7, 0xC638, 0xABCD, 0x7182, 0x81E4, 0x71A3, 0x6163, 0x4902,
    0x5922, 0x5942, 0x5922, 0x4902, 0x30C1, 0x40E1, 0x40E2, 0x4102,
    0x5963, 0x5143, 0x4923, 0x5943, 0x4902, 0x30A1, 0x2881, 0x2880,
    0x3081, 0x2881, 0x38C1, 0x38C1, 0x4102, 0x6184, 0x69C5, 0x8A67,
    0x8225, 0x71C4, 0x7A05, 0x69E5, 0x8226, 0xB349, 0xD48E, 0xCD10,
    0xCCF0, 0xCD10, 0xCCF0, 0xCCF0, 0xCD10, 0xCD10, 0xCD10, 0xCD10,
    0x938B, 0x9B8B, 0x9B8B, 0x9B8B, 0x9B8B, 0x9B8B, 0x9B8B, 0xA3AB,
    0xABEC, 0xB40C, 0xC42C, 0xA308, 0x7A05, 0x4902, 0x30A1, 0x38C1,
    0x40C1, 0x38A1, 0x2060, 0x3081, 0x3081, 0x3081, 0x2881, 0x30A1,
    0x38C1, 0x2881, 0x30A1, 0x30A1, 0x30A1, 0x2881, 0x2060, 0x1840,
    0x1020, 0x1840, 0x0820, 0x1840, 0x1840, 0x2060, 0x3081, 0x30A1,
    0x2880, 0x1840, 0x2860, 0x3080, 0x2860, 0x38A1, 0x40C1, 0x40A1,
    0x3060, 0x5901, 0x7161, 0x6121, 0x6141, 0x81A2, 0xB3A8, 0xB3E9,
    0xB3EA, 0xB40A, 0xB40A, 0xABEA, 0xA3CA, 0xA3A9, 0x9389, 0x9349,
    0x8B49, 0x9369, 0x9369, 0xC42A, 0xFD0A, 0xFD2B, 0xFEB3, 0xFF36,
    0xFEB3, 0xFED3, 0xFE70, 0xFD2A, 0xEB85, 0xEBE6, 0xFDCC, 0xFE2E,
    0xFE4E, 0xFE4E, 0xFE4F, 0xFE6F, 0xFE70, 0xFE70, 0xFE2E, 0xFE2E,
    0xFE6F, 0xFE4F, 0xFE0E, 0xFE0D, 0xFE92, 0xFF39, 0xFF7A, 0xFF3A,
    0xFF39, 0xFF39, 0xFF39, 0xFF39, 0xFF39, 0xFEF8, 0xFE96, 0xF612,
    0xFDF1, 0xFDF1, 0xFE33, 0xFED7, 0xFF18, 0xFF18, 0xFF18, 0xFF39,
    0xFF59, 0xFF59, 0xFF38, 0xFF18, 0xFF18, 0xFF18, 0xFF38, 0xFF39,
    0xFF59, 0xFF7A, 0xFF7A, 0xFF5A, 0xFF59, 0xFF5A, 0xFF5A, 0xFF59,
    0xFF59, 0xFF59, 0xFF59, 0xFF5A, 0xFF5A, 0xFF5A, 0xFF7B, 0xFF9B,
    0xFF9B, 0xFF9B, 0xFF9B, 0xFF9C, 0xFF9C, 0xFF9C, 0xFF7B, 0xFF5A,
    0xFF18, 0x82E8, 0x1860, 0x18A1, 0x1881, 0x1061, 0x1060, 0x1060,
    0x1060, 0x0840, 0x0820, 0x6140, 0x6960, 0x6961, 0x2040, 0xBDB6,
    0xFFBE, 0xEF3C, 0xF75C, 0xE699, 0x3123, 0xC3C7, 0xFD8B, 0xF509,
    0xFD8B, 0xFE0F, 0xF5CF, 0xF56E, 0xEC07, 0xEC07, 0xD5D5, 0xBDF8,
    0xC5F7, 0xC5F7, 0xC5D7, 0xC5D7, 0xC5D7, 0xC5F7, 0xC5F7, 0xC5F7,
    0xC5F7, 0xC5F7, 0xC5F7, 0xC5F7, 0xC5F7, 0xC5F7, 0xC5F7, 0xC5F7,
    0xC5F8, 0xBD75, 0x8A25, 0x7182, 0x71A3, 0x6963, 0x5922, 0x5943,
    0x5122, 0x5122, 0x5922, 0x38C1, 0x48E2, 0x40E2, 0x40E2, 0x5122,
    0x4922, 0x40E2, 0x4102, 0x40E2, 0x40C1, 0x2881, 0x38A1, 0x3081,
    0x2060, 0x1840, 0x1840, 0x2060, 0x40E2, 0x5943, 0x69A4, 0x7A05,
    0x8246, 0x71C4, 0x69A4, 0x7205, 0x5964, 0x71C5, 0xB349, 0xD4CF,
    0xCCCF, 0xC4CE, 0xC4CE, 0xCCCE, 0xCCAE, 0xCCCE, 0xCCCE, 0xCCCE,
    0x938B, 0x9B8B, 0x9B8B, 0x9B8B, 0x9B8B, 0x9B8B, 0xA3AB, 0xABCB,
    0xB40C, 0xBC2C, 0xCC4C, 0xB36A, 0x71E5, 0x5942, 0x4902, 0x30A1,
    0x3080, 0x30A1, 0x2060, 0x2880, 0x2860, 0x3080, 0x2881, 0x2060,
    0x2060, 0x3081, 0x30A1, 0x30A1, 0x38C1, 0x38A1, 0x2861, 0x1840,
    0x1840, 0x2060, 0x0820, 0x1020, 0x2040, 0x2860, 0x2880, 0x3081,
    0x2860, 0x2040, 0x1840, 0x2060, 0x2040, 0x2060, 0x40C1, 0x3060,
    0x3080, 0x5101, 0x6141, 0x6941, 0x6941, 0x9243, 0xB3C8, 0xB3E9,
    0xB3E9, 0xB3EA, 0xB3EA, 0xABEA, 0xA3CA, 0xA3A9, 0x9B89, 0x9349,
    0x8B49, 0x9369, 0x9B89, 0xE48A, 0xFD2B, 0xFEB3, 0xFF36, 0xFEF5,
    0xFEF5, 0xFE50, 0xF467, 0xEB64, 0xE365, 0xF488, 0xFC87, 0xF425,
    0xF467, 0xFD6A, 0xFE0D, 0xFE4F, 0xFE70, 0xFE70, 0xFE6F, 0xFE4E,
    0xFE2E, 0xFE4E, 0xFE4F, 0xFF16, 0xFF7B, 0xFF7A, 0xFF5A, 0xFF5A,
    0xFF39, 0xFF39, 0xFF39, 0xFF3A, 0xFEF8, 0xFE96, 0xF633, 0xE50D,
    0x9AE6, 0x7204, 0xC42B, 0xFE54, 0xFEF8, 0xFEF8, 0xFED7, 0xFEF7,
    0xFF17, 0xFED6, 0xFEF7, 0xFF17, 0xFF18, 0xFF18, 0xFF38, 0xFF38,
    0xFF38, 0xFF39, 0xFF18, 0xFF38, 0xFF39, 0xFF59, 0xFF59, 0xFF38,
    0xFF59, 0xFF5A, 0xFF39, 0xFF59, 0xFF59, 0xFF9B, 0xFF9C, 0xFF9B,
    0xFF7B, 0xFF7B, 0xFF7B, 0xFF9B, 0xFF9C, 0xFF7B, 0xFF7B, 0xFF5A,
    0xFF3A, 0xFF39, 0x7AC8, 0x0000, 0x0020, 0x1060, 0x1061, 0x0840,
    0x0000, 0x1040, 0x8A01, 0xB261, 0x6141, 0x1000, 0x5289, 0xFFDF,
    0xF75D, 0xEF1C, 0xF73C, 0xB534, 0x59A3, 0xFDCD, 0xFDCC, 0xFE2E,
    0xFDEE, 0xFE50, 0xDC6A, 0xD324, 0xEBE6, 0xEC48, 0xCDF7, 0xC5F8,
    0xC5F8, 0xC5F8, 0xC5F7, 0xC5F7, 0xC5F7, 0xC5D7, 0xC5F7, 0xC5F7,
    0xC5F7, 0xC5F7, 0xC5F7, 0xC5F8, 0xC5F8, 0xC5F8, 0xC5F8, 0xC5D7,
    0xC618, 0xABCC, 0x6941, 0x6983, 0x6962, 0x6963, 0x6143, 0x5122,
    0x4902, 0x5102, 0x4902, 0x40E2, 0x38C1, 0x38C1, 0x40E2, 0x4902,
    0x4902, 0x4902, 0x4102, 0x40E2, 0x30A1, 0x30A1, 0x3081, 0x38A1,
    0x2880, 0x1840, 0x1040, 0x30A1, 0x4902, 0x5943, 0x5943, 0x69A4,
    0x69A4, 0x5963, 0x6163, 0x79E5, 0x71E5, 0x5984, 0x8A46, 0xBBAB,
    0xCCCE, 0xC4AE, 0xC4AE, 0xC4AD, 0xC4AD, 0xCCAD, 0xCCAD, 0xCCAD,
    0x9B8B, 0x9B8B, 0x9B8B, 0x9B8B, 0x9B8B, 0xA3AB, 0xA3AB, 0xB3EB,
    0xBC2C, 0xC44C, 0xD48C, 0xCC0B, 0x7A05, 0x69A4, 0x4902, 0x4902,
    0x2060, 0x30A1, 0x2880, 0x2880, 0x2881, 0x3081, 0x2880, 0x2040,
    0x2060, 0x2880, 0x30A1, 0x2881, 0x2060, 0x30A1, 0x3081, 0x1840,
    0x2060, 0x2060, 0x1020, 0x1840, 0x2060, 0x2040, 0x2060, 0x2880,
    0x2060, 0x3080, 0x2880, 0x2060, 0x2880, 0x2880, 0x40C1, 0x2040,
    0x3880, 0x48E1, 0x48C0, 0x5900, 0x9202, 0xECEA, 0xD50D, 0xB3C9,
    0xB3E9, 0xB3EA, 0xB3EA, 0xABEA, 0xABCA, 0xA3A9, 0x9B89, 0x9369,
    0x8B49, 0x9349, 0xA3CA, 0xF52B, 0xFE30, 0xFEF5, 0xFF17, 0xFF37,
    0xFE71, 0xF487, 0xEB84, 0xDB44, 0xF426, 0xF426, 0xEBA4, 0xD2E3,
    0xD2A2, 0xF3E4, 0xFD8B, 0xFE4F, 0xFE2D, 0xFE2D, 0xFE2E, 0xFE70,
    0xFE4F, 0xFE71, 0xFF39, 0xFF9B, 0xFF7B, 0xFF7A, 0xFF5A, 0xFF5A,
    0xFF39, 0xFF39, 0xFF39, 0xFF18, 0xFED7, 0xFE95, 0xF5D0, 0xAB47,
    0x2840, 0x1820, 0x2881, 0xBC2C, 0xFED6, 0xFED7, 0xFF18, 0xFF18,
    0xFF18, 0xFED7, 0xFEF7, 0xFF18, 0xFF18, 0xFEF7, 0xFF18, 0xFF39,
    0xFF39, 0xFEF7, 0xFEB6, 0xFF18, 0xFF39, 0xFF59, 0xFF5A, 0xFF7A,
    0xFF59, 0xFF39, 0xFF59, 0xFF39, 0xFF39, 0xFF59, 0xFF5A, 0xFF5A,
    0xFF5A, 0xFF39, 0xFF18, 0xFEF7, 0xFF18, 0xFF5A, 0xFF5A, 0xFF5A,
    0xFF3A, 0xFF7B, 0xFEF8, 0x9328, 0x2902, 0x0800, 0x1000, 0x2880,
    0x40E0, 0x81E1, 0xBAA1, 0xAA61, 0x48A0, 0x2104, 0xDE79, 0xF75D,
    0xF75C, 0xEF1B, 0xEEBA, 0x6ACA, 0xC46A, 0xFE70, 0xFD8B, 0xFE0E,
    0xFE2F, 0xFED4, 0xDC6A, 0xDB24, 0xEC06, 0xECCB, 0xC639, 0xC5F8,
    0xC5F8, 0xC5F8, 0xC5F8, 0xC5F8, 0xC5D7, 0xC5F7, 0xC5F7, 0xC5F7,
    0xC5F7, 0xC5F7, 0xC5F8, 0xC5F8, 0xC5F8, 0xC5F8, 0xC5F8, 0xC618,
    0xC5D7, 0x8A46, 0x7162, 0x6142, 0x50E1, 0x6142, 0x6163, 0x4902,
    0x38C1, 0x40E1, 0x5122, 0x5963, 0x40E2, 0x40E2, 0x5143, 0x5143,
    0x4102, 0x5122, 0x4922, 0x4102, 0x40E2, 0x30A1, 0x2881, 0x2881,
    0x2060, 0x1020, 0x2060, 0x38C1, 0x5122, 0x5122, 0x6984, 0x6184,
    0x5143, 0x4923, 0x6184, 0x71C4, 0x71C4, 0x7A26, 0x7206, 0x9287,
    0xC40C, 0xCCF0, 0xC4EF, 0xC4EF, 0xCCEF, 0xCCCF, 0xCCCF, 0xC4CF,
    0x9B8B, 0x9B6B, 0x9B6B, 0x9B6B, 0x9B8B, 0xA38B, 0xABCB, 0xB40B,
    0xC42C, 0xCC6C, 0xD4AC, 0xDCAC, 0xA308, 0x7A05, 0x40E2, 0x4902,
    0x38E1, 0x2880, 0x3080, 0x2860, 0x2060, 0x2880, 0x3081, 0x2860,
    0x2880, 0x2880, 0x3081, 0x2880, 0x2060, 0x2860, 0x2040, 0x2060,
    0x2040, 0x2060, 0x2060, 0x1840, 0x2860, 0x3080, 0x1860, 0x2081,
    0x2880, 0x3080, 0x30A1, 0x1840, 0x3080, 0x48C1, 0x40C0, 0x1020,
    0x3060, 0x5901, 0x8A44, 0xBB86, 0xECE9, 0xFDED, 0xFE30, 0xB3E9,
    0xABE9, 0xB3E9, 0xB3E9, 0xABE9, 0xA3C9, 0xA3A9, 0x9369, 0x9369,
    0x9369, 0x8B29, 0xC44A, 0xFE72, 0xFED4, 0xFEF5, 0xFF37, 0xFE30,
    0xFCA7, 0xEBE6, 0xE365, 0xE3C5, 0xF3E5, 0xDB23, 0xD303, 0xC2A3,
    0xD2C3, 0xEB84, 0xFCC7, 0xFD08, 0xFD6A, 0xFE0D, 0xFE91, 0xFE70,
    0xFEB3, 0xFF59, 0xFF7B, 0xFF7B, 0xFF7B, 0xFF7B, 0xFF5A, 0xFF39,
    0xFF39, 0xFF39, 0xFF19, 0xFEF8, 0xFED7, 0xFE12, 0xED0D, 0x81E4,
    0x48C0, 0x2880, 0x0800, 0x4102, 0xEDB1, 0xFED6, 0xFEF7, 0xFF39,
    0xFF5A, 0xFF59, 0xFF39, 0xFF18, 0xFEF7, 0xFED6, 0xFEF7, 0xFF18,
    0xFEF7, 0xFEF7, 0xFED6, 0xFF17, 0xFF39, 0xFF59, 0xFF39, 0xFF39,
    0xFF18, 0xFF18, 0xFF18, 0xFF18, 0xFF18, 0xFF18, 0xFF39, 0xFF59,
    0xFF18, 0xFF18, 0xFEF7, 0xFE33, 0xFE12, 0xFEB6, 0xFF39, 0xFF5A,
    0xFF5A, 0xFF5A, 0xFF5B, 0xFEF6, 0xF58D, 0xCC8A, 0xAB67, 0x9A83,
    0x89E0, 0x6120, 0x50C0, 0x48A0, 0x59E6, 0xD638, 0xEEDA, 0xE6DA,
    0xEEFB, 0xE679, 0xA44F, 0xB44B, 0xFED2, 0xFDEE, 0xFDCC, 0xFDED,
    0xFE0F, 0xFEB3, 0xF56D, 0xEC06, 0xF446, 0xE52E, 0xC619, 0xC5F8,
    0xC5F8, 0xC5F8, 0xC5F8, 0xC5D7, 0xC5D7, 0xC5F7, 0xBDF7, 0xC5F7,
    0xC5F7, 0xC5F7, 0xC5F8, 0xC5F8, 0xC5F8, 0xC5F8, 0xC5F7, 0xC638,
    0xAC70, 0x79A2, 0x79C3, 0x6962, 0x5102, 0x5922, 0x5901, 0x40E1,
    0x40C1, 0x38C1, 0x4902, 0x4902, 0x38C1, 0x5963, 0x4102, 0x38E2,
    0x38E2, 0x4102, 0x5143, 0x30A1, 0x30A1, 0x38A1, 0x2880, 0x1020,
    0x0800, 0x1040, 0x3081, 0x40E2, 0x40E2, 0x4102, 0x5122, 0x6184,
    0x5943, 0x38C1, 0x40E2, 0x71C4, 0x8A46, 0x71E5, 0x7206, 0x92C8,
    0xB36A, 0xCCF0, 0xCD32, 0xC532, 0xCD32, 0xCD31, 0xCD31, 0xCD11,
    0x9B6B, 0x9B6B, 0x9B6A, 0x9B6A, 0xA38A, 0xA38A, 0xABCB, 0xBC0B,
    0xC44C, 0xD48C, 0xDCCC, 0xE50C, 0xD48C, 0x8A66, 0x5963, 0x38C1,
    0x5963, 0x40E1, 0x2860, 0x2860, 0x2860, 0x2881, 0x2060, 0x2060,
    0x2060, 0x2060, 0x2860, 0x2060, 0x2860, 0x2060, 0x3080, 0x3081,
    0x2060, 0x2860, 0x2860, 0x2040, 0x2060, 0x2881, 0x2880, 0x1840,
    0x2060, 0x40A1, 0x40C1, 0x2060, 0x3080, 0x48C0, 0x48A0, 0x40A0,
    0x6121, 0xCB65, 0xF52A, 0xFDED, 0xFDED, 0xFE0E, 0xFE0F, 0xC429,
    0xABC9, 0xB3E9, 0xB3E9, 0xABE9, 0xA3C9, 0x9B89, 0x9369, 0x9369,
    0x8B49, 0x9B89, 0xED6E, 0xFEF4, 0xFED4, 0xFF36, 0xFD8C, 0xFC87,
    0xFCA8, 0xFC88, 0xF3E6, 0xEBE6, 0xD304, 0xCAE3, 0xCAA3, 0xD303,
    0xDB03, 0xDB23, 0xE323, 0xF467, 0xFE2F, 0xFE91, 0xFEB2, 0xFEB3,
    0xFF5A, 0xFF7B, 0xFF7A, 0xFF7B, 0xFF7B, 0xFF5A, 0xFF39, 0xFF39,
    0xFF39, 0xFF18, 0xFF18, 0xFEB6, 0xFED6, 0xFE53, 0xFDB0, 0x9265,
    0x50E1, 0x3080, 0x1840, 0x1800, 0xB40C, 0xFEF7, 0xFF18, 0xFF18,
    0xFEF7, 0xFF38, 0xFF18, 0xFF18, 0xFEF7, 0xFED6, 0xFEF7, 0xFEF7,
    0xFED7, 0xFED6, 0xFED6, 0xFEF7, 0xFF17, 0xFF38, 0xFF39, 0xFF5A,
    0xFF39, 0xFF39, 0xFF18, 0xFF18, 0xFF39, 0xFF39, 0xFF18, 0xFEF7,
    0xFEF7, 0xF613, 0xD50F, 0xD44A, 0xE4CC, 0xF5F2, 0xFED7, 0xFF5A,
    0xFF5A, 0xFF5A, 0xFF5A, 0xFF3A, 0xFE52, 0xFDAC, 0xFE2F, 0xF610,
    0xDD6E, 0xABEA, 0x7286, 0x938B, 0xEEB8, 0xEEB8, 0xE616, 0xE636,
    0xE615, 0xDD92, 0xE56F, 0xFE70, 0xFE70, 0xFDCD, 0xFE0E, 0xFE2F,
    0xFE0F, 0xFE71, 0xFD8C, 0xFD0A, 0xFC87, 0xDDB3, 0xBE19, 0xC5F8,
    0xC5F8, 0xC5F8, 0xC5F8, 0xC5F7, 0xBDD7, 0xBDF7, 0xC5F7, 0xC5F8,
    0xC5F8, 0xC5F8, 0xC5F8, 0xC5F7, 0xC5F8, 0xC5F8, 0xC5F8, 0xC638,
    0x9309, 0x6962, 0x6162, 0x6142, 0x5101, 0x48C1, 0x40A1, 0x48E1,
    0x38A1, 0x38C1, 0x4902, 0x4902, 0x4902, 0x5122, 0x30C1, 0x30C1,
    0x4102, 0x40E2, 0x40E2, 0x38C1, 0x2881, 0x2040, 0x2040, 0x1020,
    0x0000, 0x2880, 0x40C1, 0x40E1, 0x38C1, 0x40E2, 0x40E2, 0x40E2,
    0x5102, 0x40E1, 0x38C1, 0x71C4, 0x8A46, 0x5963, 0x71E5, 0x8246,
    0x8A46, 0xC44E, 0xCD94, 0xC573, 0xCD74, 0xCD74, 0xCD74, 0xCD74,
    0x936B, 0x9B4A, 0x9B4A, 0x9B6A, 0xA36A, 0xAB8A, 0xB3CA, 0xBC0B,
    0xCC6B, 0xD4AC, 0xDCCC, 0xE50C, 0xE50C, 0xB369, 0x71E5, 0x6183,
    0x6163, 0x5942, 0x30A1, 0x2040, 0x2060, 0x38A1, 0x2060, 0x2860,
    0x2880, 0x2060, 0x2060, 0x2860, 0x2860, 0x2060, 0x30A1, 0x3081,
    0x38A1, 0x3081, 0x2860, 0x2040, 0x1020, 0x2060, 0x2060, 0x2880,
    0x30A1, 0x38A1, 0x30A1, 0x2040, 0x2040, 0x40A0, 0x81A1, 0xBAA3,
    0xCB03, 0xDB43, 0xEC47, 0xFDED, 0xFDED, 0xFDEE, 0xFDED, 0xDC69,
    0xABC9, 0xB3E9, 0xB3EA, 0xABE9, 0xA3C9, 0x9B89, 0x9369, 0x9369,
    0x8B49, 0xABEB, 0xFE73, 0xFDEF, 0xFF57, 0xFE50, 0xFC67, 0xFD0A,
    0xFD0A, 0xEC06, 0xEC47, 0xE385, 0xD304, 0xD304, 0xB242, 0xD303,
    0xD2E3, 0xC2A3, 0xCB03, 0xFDEE, 0xFED3, 0xFE92, 0xFE92, 0xFF5A,
    0xFF7B, 0xFF7A, 0xFF7A, 0xFF7B, 0xFF5A, 0xFF3A, 0xFF39, 0xFF19,
    0xFF18, 0xFF18, 0xFED7, 0xFEF7, 0xFEF7, 0xFE75, 0xFEB5, 0xCC4C,
    0x50E1, 0x4901, 0x40C1, 0x2020, 0x9BAB, 0xFF59, 0xFED7, 0xFF18,
    0xFF18, 0xFF18, 0xFEF7, 0xFED7, 0xFF18, 0xFF39, 0xFF18, 0xFED6,
    0xFEB6, 0xFE95, 0xFED7, 0xFF17, 0xFEF7, 0xFF18, 0xFF39, 0xFF39,
    0xFF39, 0xFF18, 0xFF18, 0xFF39, 0xFF18, 0xFED7, 0xFED7, 0xFEF7,
    0xD4EF, 0x61C4, 0x3880, 0x48C0, 0xBB87, 0xF56F, 0xFE34, 0xFF19,
    0xFF5A, 0xFF5A, 0xFF5A, 0xFF3A, 0xFF39, 0xFDEF, 0xFD6A, 0xFD8B,
    0xFE0E, 0xFE2F, 0xFE2F, 0xFE70, 0xFE51, 0xFE51, 0xFE72, 0xFE51,
    0xFE50, 0xFE91, 0xFE2F, 0xFE0E, 0xFDAC, 0xFE0E, 0xFE2F, 0xFE50,
    0xFE71, 0xFDCE, 0xFD2B, 0xFDAD, 0xFD4B, 0xDDD4, 0xBDF8, 0xC5F7,
    0xC5F8, 0xC5F8, 0xC5F8, 0xC5F8, 0xC5F7, 0xC5D8, 0xC5F8, 0xC5D8,
    0xC5F8, 0xC5F8, 0xC5F8, 0xC5F8, 0xC5F8, 0xC5F8, 0xC618, 0xBDB6,
    0x7A05, 0x6962, 0x6162, 0x5922, 0x40C1, 0x40C1, 0x3080, 0x40C1,
    0x40C1, 0x40C1, 0x40E2, 0x40E1, 0x4902, 0x4102, 0x40E2, 0x40E2,
    0x40E2, 0x38C2, 0x30C1, 0x28A1, 0x2881, 0x1840, 0x1820, 0x0820,
    0x1840, 0x30A1, 0x38C1, 0x40E2, 0x5122, 0x38C2, 0x30A1, 0x4922,
    0x5963, 0x4902, 0x38C1, 0x6984, 0x7205, 0x4102, 0x69A4, 0x7A25,
    0x7A26, 0xB36A, 0xD594, 0xCDD6, 0xCDB5, 0xCDB5, 0xCDB5, 0xCDB5,
    0x934A, 0x9B4A, 0x9B49, 0x9B49, 0xA349, 0xAB8A, 0xBBCA, 0xC42B,
    0xCC6B, 0xDCAC, 0xE4EC, 0xE50C, 0xE52C, 0xDCAC, 0x9AE8, 0x69A4,
    0x69A3, 0x5943, 0x38C1, 0x2880, 0x2060, 0x2860, 0x2860, 0x2060,
    0x2860, 0x2060, 0x2880, 0x2040, 0x2060, 0x2881, 0x38A1, 0x30A1,
    0x38C1, 0x3081, 0x2880, 0x2060, 0x1840, 0x1840, 0x2880, 0x30A1,
    0x30A1, 0x2040, 0x38C1, 0x6961, 0x9202, 0xB282, 0xCB03, 0xD344,
    0xD365, 0xD303, 0xE364, 0xF509, 0xFDAB, 0xFDED, 0xFDCD, 0xEC88,
    0xABEA, 0xB3EA, 0xB3EA, 0xABEA, 0xABC9, 0x9B89, 0x9369, 0x9369,
    0x8B28, 0xBCAE, 0xFDAE, 0xFD2C, 0xFF15, 0xFD4B, 0xF467, 0xF488,
    0xEC27, 0xE3C6, 0xE3A5, 0xD324, 0xDB85, 0xAA22, 0xA222, 0xC2C3,
    0xCB03, 0xBA62, 0xECA8, 0xFE70, 0xFE50, 0xFE71, 0xFF59, 0xFF9B,
    0xFF5A, 0xFF5A, 0xFF5A, 0xFF5A, 0xFF5A, 0xFF39, 0xFF19, 0xFF19,
    0xFF18, 0xFEF7, 0xFED6, 0xFEB6, 0xFEB6, 0xFED7, 0xFF18, 0xFE75,
    0xA307, 0x50E1, 0x48A0, 0x50E1, 0xDD92, 0xFF5A, 0xFEF8, 0xFED7,
    0xFED7, 0xFED7, 0xFED7, 0xFED7, 0xFEF7, 0xFF19, 0xFED7, 0xFE74,
    0xFE74, 0xFEB6, 0xFEF7, 0xFEF7, 0xFF18, 0xFF18, 0xFF18, 0xFED6,
    0xFED6, 0xFEF7, 0xFF18, 0xFEF7, 0xFEF7, 0xFEF8, 0xFF18, 0xE5D3,
    0x30E2, 0x1000, 0x38A0, 0x48A0, 0xA2E6, 0xFDF1, 0xFE95, 0xFF18,
    0xFF39, 0xFF39, 0xFF3A, 0xFF5A, 0xFF5A, 0xFF39, 0xFE72, 0xFE0E,
    0xFD8B, 0xFD6A, 0xFD4A, 0xFD49, 0xFDAB, 0xFE0E, 0xFE0E, 0xFE0E,
    0xFE0E, 0xFDED, 0xFDCD, 0xFD6A, 0xFD8B, 0xFE0E, 0xFE50, 0xFE72,
    0xFED3, 0xECAA, 0xEC06, 0xFE2F, 0xFD6C, 0xCDD6, 0xBDF8, 0xC5F8,
    0xC5F8, 0xC5F7, 0xC5F7, 0xC5F8, 0xC5F8, 0xC5F8, 0xC5F8, 0xC5F8,
    0xC5F8, 0xC5F8, 0xC5F8, 0xC5F8, 0xC5F8, 0xC5F7, 0xC639, 0xB513,
    0x79A3, 0x7182, 0x6122, 0x5922, 0x5922, 0x40A1, 0x3080, 0x3080,
    0x38A1, 0x4902, 0x40E1, 0x38C1, 0x40E2, 0x38C1, 0x38C2, 0x38C2,
    0x38C2, 0x38C1, 0x28A1, 0x28A1, 0x2881, 0x1840, 0x1840, 0x0800,
    0x2060, 0x3081, 0x30C1, 0x4902, 0x40E2, 0x30C1, 0x38C2, 0x4902,
    0x4902, 0x5122, 0x5102, 0x5943, 0x71E5, 0x38E2, 0x71E5, 0x7A26,
    0x69E5, 0xAB29, 0xCD74, 0xCE17, 0xCDF7, 0xCDF7, 0xCDF7, 0xCDF7,
    0x9329, 0x9B29, 0x9B28, 0xA328, 0xA348, 0xAB89, 0xBBC9, 0xC42A,
    0xD46B, 0xDCAC, 0xE4EC, 0xE52C, 0xE50C, 0xE50D, 0xCC2B, 0x8225,
    0x5942, 0x6163, 0x30A1, 0x38C1, 0x2880, 0x1840, 0x2060, 0x3080,
    0x2860, 0x2880, 0x2060, 0x2060, 0x30A1, 0x2881, 0x2880, 0x30A1,
    0x48E2, 0x30A1, 0x30C1, 0x2880, 0x2060, 0x1020, 0x2880, 0x48E1,
    0x3080, 0x3080, 0x7961, 0xBA62, 0xCAE3, 0xCAC3, 0xCB03, 0xCAE3,
    0xD324, 0xCAE3, 0xCAC2, 0xEC46, 0xFDCC, 0xFDED, 0xFDED, 0xF4EA,
    0xBC09, 0xB3E9, 0xB3E9, 0xABE9, 0xABC9, 0xA3A9, 0x9369, 0x9369,
    0x8B28, 0xDD4E, 0xFD2B, 0xFDAE, 0xFE91, 0xFCA7, 0xF4A8, 0xFCA8,
    0xEBC5, 0xEC07, 0xDB65, 0xCAE3, 0xBAA3, 0xAA22, 0xC2A2, 0xCAE3,
    0xBA62, 0xD3A5, 0xFDCC, 0xFE0E, 0xFE4F, 0xFF17, 0xFF9C, 0xFF5A,
    0xFF5A, 0xFF5A, 0xFF5A, 0xFF39, 0xFF39, 0xFF18, 0xFF18, 0xFF18,
    0xFED7, 0xFED7, 0xFED6, 0xFEB6, 0xFED7, 0xFEF8, 0xFEF8, 0xFF38,
    0xFE54, 0xC42C, 0xAB6A, 0xC44D, 0xFED7, 0xFE96, 0xFED6, 0xFEB6,
    0xFED7, 0xFF18, 0xFED6, 0xFED7, 0xFEF8, 0xFEF7, 0xFED7, 0xFEB6,
    0xFED6, 0xFED7, 0xFED6, 0xFEF7, 0xFF17, 0xFEF7, 0xFEF7, 0xFEF7,
    0xFEF7, 0xFF18, 0xFEF8, 0xFF18, 0xFF39, 0xFEF8, 0xFF18, 0x9BAB,
    0x0800, 0x1840, 0x40C1, 0x6121, 0xBB68, 0xFE95, 0xFEF8, 0xFF5A,
    0xFF5A, 0xFF5A, 0xFF3A, 0xFF5A, 0xFF5A, 0xFF5B, 0xFF18, 0xFE51,
    0xFE4F, 0xFE4F, 0xFE2E, 0xFDED, 0xFDCC, 0xFDEC, 0xFDEC, 0xFD6A,
    0xFD6A, 0xFD8B, 0xFD8B, 0xFD8B, 0xFDCC, 0xFDED, 0xFE50, 0xFE92,
    0xFE93, 0xEC49, 0xEBC6, 0xFDAC, 0xFDCE, 0xCDF7, 0xBDF8, 0xC5F8,
    0xC5F8, 0xC5F8, 0xC5F8, 0xC5F8, 0xC5F8, 0xC5F8, 0xC5F8, 0xC5F8,
    0xC5F8, 0xC5F8, 0xC5F8, 0xC5F8, 0xC5F8, 0xC5F8, 0xC639, 0xAC70,
    0x7162, 0x6121, 0x5901, 0x5921, 0x5921, 0x38A0, 0x2860, 0x3080,
    0x40C1, 0x48E1, 0x40C1, 0x38A1, 0x30A1, 0x30A1, 0x40E1, 0x48E2,
    0x30C1, 0x28A1, 0x2081, 0x2881, 0x2040, 0x1840, 0x1020, 0x2860,
    0x38A1, 0x40E1, 0x4902, 0x38C2, 0x4102, 0x38E2, 0x38C1, 0x40E2,
    0x4902, 0x40E1, 0x38A1, 0x6163, 0x5963, 0x30A1, 0x69A4, 0x5984,
    0x5963, 0xA2E8, 0xD533, 0xCE18, 0xCDF7, 0xCE18, 0xCE18, 0xCE18,
    0x9308, 0x9B08, 0x9B28, 0x9B28, 0xA348, 0xAB88, 0xBBC9, 0xCC2A,
    0xD48B, 0xDCCB, 0xE4EC, 0xE52C, 0xE52C, 0xE50C, 0xE50C, 0xC3C9,
    0x7A05, 0x6183, 0x5122, 0x38C1, 0x40E1, 0x3080, 0x2860, 0x2860,
    0x38A0, 0x38A1, 0x1840, 0x2060, 0x3081, 0x3081, 0x30A1, 0x38C1,
    0x40C1, 0x38C1, 0x38C1, 0x3080, 0x2880, 0x1840, 0x48C0, 0x89C1,
    0x91C1, 0xA201, 0xC2A2, 0xBA82, 0xBA62, 0xB262, 0xB221, 0xC282,
    0xC2A2, 0xB242, 0xBA61, 0xEC26, 0xFE0D, 0xFDED, 0xFE2E, 0xFDAC,
    0xD469, 0xABE9, 0xB3E9, 0xABC9, 0xA3C9, 0xA3A9, 0x9B89, 0x8B49,
    0x9389, 0xF52C, 0xFCCA, 0xFE31, 0xFDED, 0xF426, 0xF4C9, 0xF447,
    0xDB44, 0xE3E7, 0xD344, 0xD303, 0xC2A3, 0xCAC3, 0xB242, 0x9181,
    0xAA21, 0xECC9, 0xFE4F, 0xFE2E, 0xFEB3, 0xFF7B, 0xFF7B, 0xFF5A,
    0xFF5A, 0xFF39, 0xFF39, 0xFF18, 0xFEF8, 0xFEF8, 0xFF18, 0xFEF8,
    0xFEF8, 0xFEF8, 0xFED7, 0xFED7, 0xFEF7, 0xFEF7, 0xFF18, 0xFF39,
    0xFF18, 0xFF59, 0xFF59, 0xFF59, 0xFEF8, 0xFEB6, 0xFEB6, 0xFED7,
    0xFED6, 0xFED7, 0xFEF8, 0xFEF7, 0xFED6, 0xFED6, 0xFED6, 0xFEF7,
    0xFEB6, 0xFEB5, 0xFED6, 0xFEF7, 0xFED6, 0xFEB6, 0xFED6, 0xFF18,
    0xFEF7, 0xFED6, 0xFEF7, 0xFEF8, 0xFED7, 0xFED7, 0xFE76, 0x5184,
    0x1820, 0x2880, 0x40C1, 0x7161, 0xED91, 0xFEF8, 0xFEF8, 0xFED7,
    0xFF18, 0xFF3A, 0xFF3A, 0xFF3A, 0xFF5A, 0xFF5B, 0xFF7B, 0xFED6,
    0xFE71, 0xFE70, 0xFE70, 0xFE70, 0xFE70, 0xFE91, 0xFE91, 0xFE50,
    0xFE0E, 0xFE2E, 0xFE0E, 0xFDED, 0xFDED, 0xFDED, 0xFE2F, 0xFEB3,
    0xFE93, 0xDB65, 0xD2A2, 0xF405, 0xFE10, 0xC5F8, 0xBDD8, 0xC5F8,
    0xC5F8, 0xC5F8, 0xC5F8, 0xC5F8, 0xC5F8, 0xC5F8, 0xC5F8, 0xC5F8,
    0xC5F8, 0xC5F8, 0xC5F8, 0xC5F8, 0xC5F8, 0xC5F8, 0xC639, 0x9B8C,
    0x6100, 0x48E1, 0x5901, 0x5901, 0x48E1, 0x3080, 0x3080, 0x38A1,
    0x38A1, 0x30A1, 0x38A1, 0x30A1, 0x30A1, 0x38C1, 0x30A1, 0x38C1,
    0x30A1, 0x28A1, 0x2881, 0x2880, 0x1840, 0x0820, 0x2040, 0x3080,
    0x38A1, 0x38C1, 0x38C1, 0x40E2, 0x4102, 0x38C2, 0x40E2, 0x40E2,
    0x4902, 0x4902, 0x2060, 0x5943, 0x5123, 0x4902, 0x40E2, 0x69A4,
    0x7206, 0x9266, 0xC42E, 0xCE18, 0xCE18, 0xCE18, 0xCE38, 0xCE38,
    0x92E8, 0x9B07, 0x9B07, 0x9B07, 0xA327, 0xB368, 0xBBC9, 0xCC2A,
    0xD48B, 0xDCCB, 0xE4EC, 0xE52C, 0xE52C, 0xE50C, 0xE50C, 0xE4EC,
    0xAB48, 0x6183, 0x5142, 0x5963, 0x4902, 0x4901, 0x2880, 0x2040,
    0x2860, 0x38A1, 0x2860, 0x2860, 0x2881, 0x40C1, 0x40C1, 0x2881,
    0x28A1, 0x38E1, 0x30A1, 0x30A1, 0x5100, 0x89C1, 0xA222, 0xB283,
    0xC2A3, 0xBAA3, 0xBAC3, 0xB262, 0xB242, 0xA201, 0xAA22, 0xAA02,
    0xAA21, 0xB262, 0xC282, 0xDB64, 0xFD8B, 0xFDED, 0xFE0E, 0xFE50,
    0xF54C, 0xBC0A, 0xB3E9, 0xABC9, 0xA3CA, 0xA3A9, 0x9B89, 0x9369,
    0x8B49, 0xE4AA, 0xFCA9, 0xFE92, 0xFD6C, 0xEC27, 0xF488, 0xE3A6,
    0xE3A6, 0xDB44, 0xC2A2, 0xBAA3, 0xB262, 0xB262, 0x99E1, 0xA222,
    0xC2C3, 0xF5AC, 0xFE6F, 0xFE2E, 0xFF17, 0xFF5B, 0xFF5A, 0xFF5A,
    0xFF39, 0xFF18, 0xFEF8, 0xFED7, 0xFED7, 0xFEF7, 0xFEF8, 0xFEF8,
    0xFEF8, 0xFEF8, 0xFED7, 0xFED7, 0xFED7, 0xFED7, 0xFEF8, 0xFF18,
    0xFF39, 0xFF39, 0xFF18, 0xFED6, 0xFEB6, 0xFE95, 0xFE75, 0xFE95,
    0xFEB5, 0xFEB5, 0xFEB5, 0xFEB6, 0xFEB6, 0xFEB6, 0xFED7, 0xFED7,
    0xFEB6, 0xFE94, 0xFED6, 0xFED6, 0xFED6, 0xFED7, 0xFED6, 0xFE95,
    0xFEB6, 0xFED7, 0xFED6, 0xFED6, 0xFEB6, 0xFE54, 0xF655, 0x5184,
    0x2020, 0x5101, 0x6942, 0xCBEB, 0xFEF7, 0xFF39, 0xFF18, 0xFEF8,
    0xFF19, 0xFF19, 0xFF39, 0xFF3A, 0xFF5A, 0xFF7B, 0xFF5A, 0xFF5A,
    0xFEB4, 0xFE92, 0xFEB2, 0xFE91, 0xFE91, 0xFE91, 0xFE91, 0xFEB2,
    0xFE91, 0xFE70, 0xFE90, 0xFE70, 0xFE70, 0xFE4F, 0xFE71, 0xFE92,
    0xFEF5, 0xF5F1, 0xCAC3, 0xE363, 0xF5AE, 0xC618, 0xBDF8, 0xC5F8,
    0xC5F8, 0xC5F8, 0xC5F8, 0xC5F8, 0xC5F8, 0xC5F8, 0xC5F8, 0xC5F8,
    0xC5F8, 0xC5F8, 0xC5F8, 0xC5F8, 0xC5F8, 0xC618, 0xC5F7, 0x8266,
    0x6101, 0x5122, 0x5922, 0x5101, 0x40C1, 0x40C1, 0x40C1, 0x3080,
    0x2860, 0x30A1, 0x30A1, 0x30A1, 0x40C1, 0x30A1, 0x30A1, 0x30A1,
    0x30A1, 0x2881, 0x2860, 0x2040, 0x1840, 0x1020, 0x30A1, 0x38C1,
    0x40E2, 0x40E2, 0x40E2, 0x40E2, 0x4902, 0x30C1, 0x38C1, 0x5123,
    0x38C2, 0x40E2, 0x30A1, 0x4902, 0x30A1, 0x5963, 0x5143, 0x6184,
    0x8A87, 0x8226, 0xB40E, 0xD639, 0xCE18, 0xCE38, 0xCE38, 0xCE38,
    0x92E7, 0x92E7, 0x9AE7, 0x9AE7, 0xA307, 0xAB68, 0xBBC9, 0xC42A,
    0xD48B, 0xDCCB, 0xE50C, 0xE52D, 0xED2D, 0xE52D, 0xE50C, 0xE50C,
    0xE4EC, 0xAB28, 0x6163, 0x6183, 0x5942, 0x30A1, 0x38C1, 0x38A1,
    0x1840, 0x30A1, 0x38C1, 0x38A1, 0x2880, 0x30A1, 0x30A1, 0x30A1,
    0x2040, 0x1820, 0x40C1, 0x81C1, 0xB282, 0xBAA3, 0xB283, 0xAA42,
    0xB282, 0xBA83, 0xAA62, 0x99E1, 0xA1E1, 0x99C1, 0xA201, 0xAA22,
    0xBA82, 0xCAC2, 0xCAA2, 0xD303, 0xFD6B, 0xFDED, 0xFDCC, 0xFDED,
    0xFE2F, 0xD4CC, 0xABC9, 0xABEA, 0xABCA, 0xA3AA, 0x9B89, 0x9389,
    0x938A, 0xE469, 0xEC48, 0xFEB3, 0xFD4B, 0xF427, 0xE3A6, 0xDB85,
    0xEBE6, 0xD303, 0xCB03, 0xBA83, 0xAA22, 0xBA62, 0xC2A3, 0xC282,
    0xC304, 0xFE0D, 0xFE2E, 0xFE72, 0xFF5A, 0xFF5A, 0xFF39, 0xFF39,
    0xFF18, 0xFED7, 0xFEB6, 0xFE95, 0xFEB6, 0xFED7, 0xFEF8, 0xFEF8,
    0xFF18, 0xFEF8, 0xFEF7, 0xFEB6, 0xFED7, 0xFED7, 0xFED6, 0xFED7,
    0xFEF7, 0xFF18, 0xFF18, 0xFED7, 0xFE53, 0xFE53, 0xFE33, 0xFE75,
    0xFEB6, 0xFE95, 0xFEB5, 0xFE74, 0xFE33, 0xFE54, 0xFE74, 0xFE95,
    0xFED6, 0xFEB6, 0xFE95, 0xFE95, 0xFED6, 0xFEB6, 0xFE95, 0xFE74,
    0xFE95, 0xFEB6, 0xFE95, 0xFE75, 0xFE95, 0xFE54, 0xFF18, 0xABCC,
    0x8266, 0xB38A, 0xE530, 0xFE96, 0xFF39, 0xFF18, 0xFEF7, 0xFED7,
    0xFF19, 0xFF39, 0xFF39, 0xFF5A, 0xFF5A, 0xFF5B, 0xFF5B, 0xFF5B,
    0xFF5A, 0xFEB4, 0xFEB3, 0xFEB2, 0xFE91, 0xFE4F, 0xFE4F, 0xFE50,
    0xFE2E, 0xFDCC, 0xFD8B, 0xFDCD, 0xFE2E, 0xFE91, 0xFE91, 0xFE92,
    0xFED4, 0xFF37, 0xF4EB, 0xE363, 0xED4D, 0xC618, 0xBDD8, 0xBDF8,
    0xBDF8, 0xC5F8, 0xC5F8, 0xC5F8, 0xC5F8, 0xC5F8, 0xC5F8, 0xC5F8,
    0xC5F8, 0xC5F8, 0xC5F8, 0xC5F8, 0xC5F8, 0xC618, 0xBDB6, 0x79E4,
    0x6941, 0x6142, 0x50E1, 0x48E1, 0x38A0, 0x40C1, 0x40C1, 0x3080,
    0x2860, 0x30A1, 0x3081, 0x30A1, 0x40C1, 0x40E2, 0x30A1, 0x38C1,
    0x30A1, 0x2860, 0x2040, 0x1820, 0x0800, 0x2860, 0x38A1, 0x30A1,
    0x38E2, 0x40E2, 0x40E2, 0x40E2, 0x4102, 0x40E2, 0x38E2, 0x4902,
    0x38C1, 0x30A1, 0x38C1, 0x4902, 0x30A1, 0x5963, 0x6184, 0x4923,
    0x71C5, 0x8A66, 0xC44E, 0xD659, 0xCE18, 0xCE18, 0xCE18, 0xCE18,
    0x92C7, 0x92C6, 0x9AE6, 0x9AE6, 0x9B07, 0xAB68, 0xBBC9, 0xC42A,
    0xD48B, 0xDCCC, 0xE50C, 0xE52D, 0xED2D, 0xED2D, 0xE52D, 0xE50C,
    0xE4EC, 0xDCAB, 0xAB08, 0x69A4, 0x5943, 0x40E1, 0x2880, 0x40E1,
    0x40E1, 0x3080, 0x38A1, 0x38A0, 0x38A0, 0x38A0, 0x30A0, 0x2860,
    0x4901, 0x8223, 0xA262, 0xC2C3, 0xCB24, 0xBAC3, 0xAA42, 0x99E1,
    0xA222, 0xA201, 0x99C1, 0x91C1, 0x89A1, 0xA201, 0xA221, 0xBAA3,
    0xCB24, 0xCAE3, 0xD2E3, 0xEBE5, 0xFE0E, 0xFE2E, 0xFDED, 0xFDED,
    0xFE50, 0xEE11, 0xB40A, 0xABEA, 0xABCA, 0xA3AA, 0x9B89, 0x9389,
    0x938A, 0xEC8A, 0xFD0B, 0xFED3, 0xFD6B, 0xF447, 0xE3A5, 0xEBC5,
    0xDB44, 0xBAA3, 0xBAA3, 0xAA22, 0xB242, 0xAA01, 0xBA62, 0xAA01,
    0xE488, 0xFE0D, 0xFDED, 0xFED5, 0xFF5A, 0xFF39, 0xFF18, 0xFEF8,
    0xFED7, 0xFEB6, 0xFE54, 0xF633, 0xF674, 0xFED7, 0xFED7, 0xFEF8,
    0xFEF7, 0xFED7, 0xFED7, 0xFED7, 0xFED7, 0xFEB6, 0xFED7, 0xFED7,
    0xFED7, 0xFED7, 0xFEF7, 0xFEF7, 0xFED7, 0xFE95, 0xFE95, 0xFED7,
    0xFEB6, 0xFEB6, 0xFE95, 0xFE95, 0xFE74, 0xFE74, 0xFE95, 0xFE74,
    0xFE74, 0xFE74, 0xFE53, 0xFE74, 0xFE94, 0xFE74, 0xFE53, 0xFE95,
    0xFEB5, 0xFE54, 0xFE75, 0xFE33, 0xFE33, 0xFEB6, 0xFF19, 0xFF3A,
    0xFF5A, 0xFF7A, 0xFF39, 0xFEF8, 0xFF19, 0xFEF8, 0xFE96, 0xFE96,
    0xFF19, 0xFF3A, 0xFF3A, 0xFF3A, 0xFF5A, 0xFF5A, 0xFF5B, 0xFF5B,
    0xFF7B, 0xFF18, 0xFED4, 0xFEB3, 0xFE70, 0xFDAC, 0xFD6A, 0xFD09,
    0xFCA8, 0xF3E5, 0xEB84, 0xEB84, 0xFBE5, 0xFD4A, 0xFEB2, 0xFED3,
    0xFED4, 0xFF16, 0xFDCF, 0xF426, 0xED0D, 0xC618, 0xBDD8, 0xC5F8,
    0xC5F8, 0xC5F8, 0xC5F8, 0xBDF8, 0xBDF8, 0xBDF8, 0xBDF8, 0xBDF8,
    0xC5F8, 0xC5F8, 0xC5F8, 0xC5F8, 0xBDF8, 0xC618, 0xB555, 0x6983,
    0x6121, 0x6121, 0x5921, 0x48E1, 0x38A0, 0x38C0, 0x38A0, 0x3080,
    0x3081, 0x38C1, 0x3080, 0x38C1, 0x38A1, 0x38A1, 0x30A1, 0x2881,
    0x30A1, 0x2880, 0x1840, 0x1020, 0x0800, 0x2880, 0x30A1, 0x2881,
    0x30A1, 0x30C1, 0x4102, 0x5122, 0x4902, 0x4902, 0x30C2, 0x40E2,
    0x38C1, 0x30A1, 0x2881, 0x30A1, 0x38A1, 0x6163, 0x6184, 0x5122,
    0x7A05, 0x9AC8, 0xBC0D, 0xCE18, 0xCE18, 0xCE18, 0xCE18, 0xCE18,
    0x92C7, 0x92C6, 0x9AE6, 0x9AE6, 0xA307, 0xAB68, 0xBBC9, 0xC42A,
    0xD48B, 0xDCEC, 0xE52D, 0xED4D, 0xED4D, 0xED4D, 0xED2D, 0xE50D,
    0xDCCC, 0xD48B, 0xCC4B, 0xA308, 0x6183, 0x4902, 0x40E1, 0x38C1,
    0x40E1, 0x4901, 0x40C1, 0x2860, 0x3080, 0x3080, 0x38C0, 0x8A84,
    0xD448, 0xDC68, 0xC324, 0xB2A3, 0xBAA3, 0xAA42, 0xA242, 0x99E1,
    0x89A1, 0x91A1, 0x91C0, 0x91C1, 0x99E1, 0xBA82, 0xC2C3, 0xCB04,
    0xD324, 0xD323, 0xCAE3, 0xEC46, 0xFDCC, 0xFE2E, 0xFDED, 0xFDAC,
    0xFDED, 0xFED3, 0xD50E, 0xABA9, 0xABEA, 0xA3CA, 0x9BA9, 0x9389,
    0x938A, 0xEC89, 0xFD6D, 0xFF15, 0xFD8C, 0xF488, 0xFCC9, 0xEC06,
    0xC2C3, 0xB262, 0xA202, 0xBA82, 0x99E1, 0x99E1, 0xB241, 0xCB24,
    0xFD8C, 0xFDCC, 0xFDCD, 0xFEF7, 0xFF5A, 0xFF19, 0xFF18, 0xFED7,
    0xFEB6, 0xFE75, 0xF633, 0xEDD1, 0xF5F2, 0xFE74, 0xFED7, 0xFEF7,
    0xFED7, 0xFED7, 0xFED6, 0xFED7, 0xFED7, 0xFEB6, 0xFEB6, 0xFEB6,
    0xFED7, 0xFED7, 0xFEF7, 0xFEB6, 0xFEB6, 0xFEB6, 0xFEB6, 0xFEB6,
    0xFEB6, 0xFED7, 0xFEB6, 0xFE54, 0xFE54, 0xFE74, 0xFE74, 0xFE53,
    0xFE33, 0xFE33, 0xFE53, 0xFE33, 0xFE33, 0xFE74, 0xFE74, 0xFEB5,
    0xFEB6, 0xFE95, 0xFE96, 0xFE95, 0xFE74, 0xFE96, 0xFED7, 0xFEF8,
    0xFF19, 0xFF39, 0xFF19, 0xFF39, 0xFF39, 0xFEF8, 0xFEB6, 0xFEF8,
    0xFF19, 0xFF19, 0xFF19, 0xFF39, 0xFF3A, 0xFF5A, 0xFF5B, 0xFF5B,
    0xFF5B, 0xFF5A, 0xFED5, 0xFEB3, 0xFE91, 0xFD6A, 0xFC66, 0xF405,
    0xEBA4, 0xEB84, 0xEB84, 0xE384, 0xE344, 0xFBE5, 0xFDCD, 0xFEF5,
    0xFED4, 0xFF16, 0xFEB4, 0xFD2B, 0xECEC, 0xC618, 0xBDD8, 0xC5F8,
    0xC5F8, 0xC5F7, 0xC5F7, 0xC5F8, 0xBDD8, 0xBDF8, 0xBDF8, 0xBDF8,
    0xC5F8, 0xBDF8, 0xC5F8, 0xC5F8, 0xBDF8, 0xC618, 0xB555, 0x5962,
    0x5901, 0x6141, 0x5901, 0x38A0, 0x30A0, 0x38C0, 0x3080, 0x3080,
    0x38A0, 0x38C1, 0x38A1, 0x38C1, 0x30A1, 0x38A1, 0x30A1, 0x30A1,
    0x2881, 0x2040, 0x1840, 0x0820, 0x1840, 0x30A1, 0x38C1, 0x38C1,
    0x4902, 0x40E2, 0x4902, 0x40E2, 0x40E2, 0x4102, 0x38C2, 0x30C2,
    0x40E2, 0x40E2, 0x30A1, 0x38A1, 0x40C1, 0x5122, 0x5983, 0x6184,
    0x8246, 0x9287, 0xC4B0, 0xCE38, 0xCE18, 0xCE18, 0xCE18, 0xCE18,
    0x92C7, 0x92E6, 0x9AE6, 0x9B06, 0xA307, 0xAB68, 0xBBC9, 0xCC2A,
    0xD4AB, 0xDCEC, 0xE52D, 0xED4D, 0xED4D, 0xED4D, 0xED2D, 0xE50C,
    0xDCCC, 0xCC6A, 0xC3E9, 0xBBA9, 0x9AE7, 0x6163, 0x6163, 0x5942,
    0x40C1, 0x40C0, 0x48E1, 0x30A0, 0x2040, 0x5162, 0xBBE7, 0xED2A,
    0xED4B, 0xE4C9, 0xC323, 0xA201, 0xA222, 0x9A02, 0xA222, 0x99E1,
    0x91C1, 0xA201, 0xBA82, 0xB282, 0xB242, 0xC282, 0xB262, 0xBAC3,
    0xCB03, 0xD323, 0xE3E5, 0xFD6B, 0xFDED, 0xFE0E, 0xFE2E, 0xFE0E,
    0xFE0D, 0xFEB2, 0xEE11, 0xABC9, 0xABEA, 0xA3CA, 0x9BAA, 0x9389,
    0x938A, 0xDC08, 0xFD8D, 0xFF15, 0xFD4B, 0xF467, 0xEC48, 0xCB04,
    0xD344, 0xBA62, 0xB262, 0xC2A3, 0xAA22, 0xC2A3, 0xB241, 0xE447,
    0xFDED, 0xFDCC, 0xFDEF, 0xFF18, 0xFF39, 0xFF18, 0xFED7, 0xFEB6,
    0xFE74, 0xF633, 0xF5F2, 0xE54F, 0xED6F, 0xF633, 0xFE96, 0xFED7,
    0xFED7, 0xFED7, 0xFEB6, 0xFED6, 0xFEB6, 0xFEB6, 0xFEB6, 0xFEB6,
    0xFEB6, 0xFEB6, 0xFED7, 0xFEB6, 0xFE95, 0xFEB6, 0xFED7, 0xFED7,
    0xFEB6, 0xFED6, 0xFE95, 0xFE74, 0xFEB6, 0xFE95, 0xFE74, 0xFE54,
    0xFE33, 0xF612, 0xFE33, 0xFE54, 0xFE74, 0xFE74, 0xFE95, 0xFEB6,
    0xFED7, 0xFEB6, 0xFEB6, 0xFED7, 0xFED6, 0xFED7, 0xFED7, 0xFE95,
    0xFEB6, 0xFF18, 0xFEF8, 0xFF18, 0xFF19, 0xFED7, 0xFE96, 0xFEF8,
    0xFF18, 0xFF18, 0xFF18, 0xFF19, 0xFF39, 0xFF5A, 0xFF5A, 0xFF7B,
    0xFF5B, 0xFF5B, 0xFF18, 0xFEB3, 0xFEB2, 0xFDED, 0xF426, 0xE343,
    0xE364, 0xE384, 0xE384, 0xE364, 0xEB84, 0xF3C5, 0xFCA7, 0xFE71,
    0xFEF5, 0xFEF5, 0xFED5, 0xFDCE, 0xF4CA, 0xC5F7, 0xBDD8, 0xC5F8,
    0xC5F8, 0xC5F8, 0xC5F8, 0xC5D8, 0xC5F8, 0xBDD8, 0xBDD8, 0xBDF8,
    0xC5F8, 0xC5F8, 0xC5F8, 0xC5F8, 0xC5F8, 0xC618, 0xC5B6, 0x7A04,
    0x50C0, 0x50E1, 0x48E0, 0x38C1, 0x4901, 0x3080, 0x2060, 0x30A0,
    0x3080, 0x30A0, 0x3081, 0x40C1, 0x30A1, 0x2881, 0x38A1, 0x30A1,
    0x30A1, 0x1840, 0x1040, 0x1840, 0x30A1, 0x38C1, 0x30A1, 0x38C2,
    0x38C2, 0x40E1, 0x40E2, 0x2081, 0x30C1, 0x4102, 0x4102, 0x40E2,
    0x38E2, 0x4102, 0x40C1, 0x2881, 0x40C1, 0x69C4, 0x5964, 0x69C5,
    0x7A26, 0x8A46, 0xC4D1, 0xCE39, 0xCE18, 0xCE18, 0xCE18, 0xCE18,
    0x92E7, 0x9AE6, 0x9AE6, 0x9B06, 0xA327, 0xAB68, 0xBBC9, 0xCC4A,
    0xD4AB, 0xDCEC, 0xE52D, 0xED4D, 0xED4D, 0xED4D, 0xED4D, 0xE50C,
    0xDCAB, 0xCC4A, 0xBBC8, 0xA327, 0x9AC6, 0x9AC7, 0x8204, 0x6163,
    0x4901, 0x40C0, 0x48C0, 0x5141, 0x7A02, 0xC408, 0xED4B, 0xED2A,
    0xECE9, 0xE4C9, 0xD3C5, 0xAA21, 0x99E1, 0x9A01, 0xA221, 0xAA42,
    0xAA62, 0xB262, 0xBA82, 0xB262, 0x99E2, 0xA1E1, 0xBA62, 0xB262,
    0xC2A2, 0xDB84, 0xFD29, 0xFDAC, 0xFDCC, 0xFDEC, 0xFE70, 0xFDCD,
    0xFD6A, 0xFE0E, 0xFED3, 0xCCCD, 0xABCA, 0xA3CA, 0x9BAA, 0x9B89,
    0x8B69, 0xCC29, 0xFD2B, 0xFEB2, 0xFD2A, 0xEBE5, 0xCB04, 0xDB65,
    0xE3A5, 0xA201, 0xC2A3, 0xC2A3, 0xBA82, 0xBAA3, 0xB283, 0xE468,
    0xFDCC, 0xFDAC, 0xFE51, 0xFF39, 0xFEF8, 0xFED7, 0xFEB7, 0xFE75,
    0xF633, 0xF5F2, 0xED6F, 0xDCAC, 0xD48B, 0xEDB1, 0xF675, 0xFED7,
    0xFEB6, 0xFE95, 0xFE96, 0xFE95, 0xFE95, 0xFEB6, 0xFED7, 0xFED7,
    0xFEB6, 0xFEB6, 0xFEB6, 0xFEB6, 0xFEB6, 0xFE95, 0xFE75, 0xFE75,
    0xFEB6, 0xFEB6, 0xFE95, 0xFE95, 0xFEB6, 0xFE74, 0xFE54, 0xFE74,
    0xFE53, 0xFE54, 0xFE74, 0xFE74, 0xFE33, 0xFE53, 0xFE74, 0xFE95,
    0xFE95, 0xFE95, 0xFE54, 0xFE74, 0xFE95, 0xFEB6, 0xFE95, 0xFE96,
    0xFE96, 0xFE96, 0xFE96, 0xFE96, 0xFEB7, 0xFEB6, 0xFEB6, 0xFED7,
    0xFED8, 0xFED7, 0xFEF8, 0xFF19, 0xFF39, 0xFF5A, 0xFF5A, 0xFF5B,
    0xFF5A, 0xFF5B, 0xFF3A, 0xFEB4, 0xFEB2, 0xFDCE, 0xDB23, 0xDB03,
    0xE323, 0xE344, 0xDB23, 0xDB23, 0xE343, 0xF3E6, 0xFC25, 0xFD08,
    0xFED3, 0xFEF5, 0xFEB4, 0xFE30, 0xFD2C, 0xCDD6, 0xBDF8, 0xC5F8,
    0xC5F8, 0xC5F8, 0xC5F8, 0xC5D8, 0xBDD8, 0xBDD8, 0xBDD8, 0xBDF8,
    0xC5F8, 0xC5F8, 0xC5F8, 0xC5F8, 0xBDF8, 0xC5B6, 0xE428, 0xDB23,
    0xBB04, 0x9284, 0x40C0, 0x38A0, 0x48E1, 0x3080, 0x2860, 0x48C1,
    0x38A1, 0x2880, 0x40E1, 0x30C1, 0x38C1, 0x30A1, 0x38C1, 0x2060,
    0x1860, 0x1020, 0x1020, 0x2060, 0x30A1, 0x38C1, 0x38C1, 0x30A1,
    0x38C1, 0x30C1, 0x38C2, 0x30A1, 0x2060, 0x30A1, 0x4902, 0x38E2,
    0x28A1, 0x30C1, 0x38A1, 0x2040, 0x40C1, 0x4902, 0x4902, 0x71C4,
    0x79E5, 0x92A7, 0xC574, 0xCE18, 0xCE18, 0xCE18, 0xCE18, 0xCE18,
    0x9AE7, 0x9AE6, 0xA306, 0xA307, 0xA327, 0xB388, 0xBBC9, 0xCC4A,
    0xDCCB, 0xE50C, 0xE52D, 0xED6D, 0xED4D, 0xED4D, 0xED2D, 0xE50C,
    0xD4AB, 0xCC2A, 0xB3A8, 0xA306, 0x7A24, 0x71C3, 0x8224, 0x8225,
    0x6183, 0x6161, 0x9263, 0xC3C7, 0xDC48, 0xDCCA, 0xED0A, 0xED2A,
    0xECE9, 0xECE9, 0xDC47, 0xC2E3, 0xB262, 0xAA42, 0xB262, 0xBA82,
    0xB282, 0xAA42, 0xB282, 0xA222, 0x99E1, 0xB262, 0xBA82, 0xC2C3,
    0xDB43, 0xFCE8, 0xFDCC, 0xFD8B, 0xFE2F, 0xFE50, 0xFE2F, 0xFD09,
    0xE343, 0xE384, 0xFDCD, 0xEE11, 0xABA9, 0xA3CA, 0x9BAA, 0x9B8A,
    0x938A, 0xB3EA, 0xFCA9, 0xFE92, 0xFDCD, 0xEBE5, 0xCB24, 0xE3E6,
    0xBAA3, 0xA201, 0xBA82, 0xBA82, 0xB283, 0xB283, 0xB2A3, 0xDC06,
    0xFDAB, 0xF54A, 0xFE51, 0xFF3A, 0xFEF8, 0xFED7, 0xFE75, 0xF633,
    0xF612, 0xED90, 0xDCEC, 0xD46B, 0xBBA8, 0xE570, 0xF675, 0xFEB7,
    0xFEB7, 0xFE95, 0xFE75, 0xFE75, 0xFE74, 0xFE74, 0xFEB6, 0xFEB6,
    0xFEB6, 0xFEB6, 0xFED6, 0xFEB6, 0xFEB6, 0xFEB6, 0xFE95, 0xFE75,
    0xFE95, 0xFE95, 0xFE74, 0xFE54, 0xFE33, 0xFE54, 0xFE33, 0xFE74,
    0xFE54, 0xFE74, 0xFED7, 0xFED6, 0xFE74, 0xFE74, 0xFE95, 0xFE74,
    0xFE74, 0xFE95, 0xFE75, 0xFE95, 0xFE95, 0xFE74, 0xFE75, 0xFE74,
    0xFE75, 0xFE75, 0xFE75, 0xFE96, 0xFE96, 0xFEB6, 0xFE96, 0xFEB6,
    0xFE96, 0xFE96, 0xFED7, 0xFEF8, 0xFEF8, 0xFF19, 0xFF3A, 0xFF3A,
    0xFF5A, 0xFF5A, 0xFF7B, 0xFED6, 0xFE71, 0xFE92, 0xDBC6, 0xCA82,
    0xD2E3, 0xE344, 0xD2E3, 0xDB03, 0xDB23, 0xEB85, 0xF406, 0xFC66,
    0xFDEE, 0xFEF5, 0xFEB4, 0xFE92, 0xFDEF, 0xCD95, 0xBDF8, 0xC5D8,
    0xBDD8, 0xC5F8, 0xBDF8, 0xBDD8, 0xBDD8, 0xBDD7, 0xBDD8, 0xBDF8,
    0xC5F8, 0xC5F8, 0xC5F8, 0xC5F8, 0xBE19, 0xD4EF, 0xE362, 0xE3E5,
    0xFD8C, 0xFDAD, 0xA346, 0x5941, 0x50E0, 0x3080, 0x2880, 0x48E1,
    0x3880, 0x38A1, 0x30A1, 0x38E1, 0x30A1, 0x2881, 0x2860, 0x2060,
    0x1840, 0x1020, 0x2060, 0x3081, 0x30A1, 0x30A1, 0x38C1, 0x30A1,
    0x38C1, 0x30A1, 0x30A1, 0x2060, 0x1840, 0x30A1, 0x40E2, 0x28A1,
    0x40E1, 0x38C1, 0x2881, 0x2060, 0x4902, 0x4922, 0x4922, 0x71E5,
    0x7A05, 0xB38B, 0xCE38, 0xC618, 0xCDF8, 0xCE18, 0xCE18, 0xCE18,
    0x92E7, 0x9AE7, 0xA307, 0xA307, 0xA327, 0xB388, 0xBBE9, 0xCC4A,
    0xDCCC, 0xE50C, 0xE54D, 0xED6D, 0xED4D, 0xED4D, 0xED2D, 0xE50C,
    0xDCAB, 0xCC2A, 0xB3A8, 0xA306, 0x7A44, 0x6182, 0x5940, 0x6182,
    0x92C6, 0xDCCB, 0xDCAA, 0xE4A9, 0xE4C9, 0xE4C9, 0xE4E9, 0xE4A8,
    0xE4C9, 0xE4C9, 0xE488, 0xDC27, 0xCB64, 0xC2E3, 0xC2E2, 0xC2C2,
    0xC2A2, 0xBAA2, 0xB262, 0xB262, 0xAA22, 0xAA42, 0xBA82, 0xC2A2,
    0xEC05, 0xFD8B, 0xFDAC, 0xFD8B, 0xFDCD, 0xFE4F, 0xFDCD, 0xF487,
    0xD303, 0xD2E2, 0xF405, 0xFDCD, 0xC4CD, 0xA3CA, 0x9BCA, 0x9BAA,
    0x9389, 0xA3EA, 0xF54C, 0xFEB2, 0xFE70, 0xF468, 0xD386, 0xDB86,
    0xBAA3, 0x91C2, 0xAA63, 0xB263, 0xA222, 0xA242, 0x99E1, 0xDC27,
    0xFDCC, 0xF509, 0xFE51, 0xFF39, 0xFED7, 0xFE75, 0xF633, 0xF5F2,
    0xEDD1, 0xE56F, 0xDCCC, 0xCC4A, 0xA2E5, 0xABA9, 0xFE74, 0xF654,
    0xF675, 0xF654, 0xF654, 0xF654, 0xF674, 0xFE95, 0xFE95, 0xFEB6,
    0xFEB6, 0xFEB6, 0xFE95, 0xFE95, 0xFE95, 0xFE95, 0xFE95, 0xFEB6,
    0xFEB6, 0xFE96, 0xFE74, 0xFE33, 0xFE33, 0xFE53, 0xFE53, 0xF5F2,
    0xFE12, 0xFE33, 0xFE74, 0xFE95, 0xFE95, 0xFE53, 0xFE95, 0xFED6,
    0xFE95, 0xFE74, 0xFE75, 0xFE95, 0xFE95, 0xFE74, 0xFE95, 0xFE75,
    0xFEB7, 0xFEB6, 0xFE96, 0xFEB6, 0xFED7, 0xFEB6, 0xFE96, 0xFED7,
    0xFE96, 0xFE96, 0xFEB6, 0xFE75, 0xFE96, 0xFEF8, 0xFF18, 0xFF39,
    0xFF39, 0xFF3A, 0xFF5B, 0xFF17, 0xFE71, 0xFE91, 0xED0A, 0xDB23,
    0xD323, 0xDB44, 0xDB44, 0xD2E2, 0xDB44, 0xDB44, 0xEBA5, 0xF447,
    0xFD2A, 0xFED4, 0xFED4, 0xFE92, 0xFE92, 0xD5D5, 0xBDF8, 0xC5D8,
    0xBDD8, 0xBDD8, 0xBDD8, 0xBDD8, 0xBDF8, 0xBDD8, 0xBDD8, 0xC5F8,
    0xBDF8, 0xBDF8, 0xBDF8, 0xBDF8, 0xC5F7, 0xDBC6, 0xDB23, 0xF50A,
    0xFDED, 0xFDEE, 0xFDEE, 0xE50C, 0xB3A8, 0x5121, 0x38A0, 0x48E1,
    0x38A0, 0x38C1, 0x40E1, 0x40C1, 0x38C1, 0x30A1, 0x2060, 0x1840,
    0x1840, 0x1020, 0x2860, 0x2881, 0x28A1, 0x30C1, 0x2060, 0x30A1,
    0x30C1, 0x30A1, 0x30A1, 0x2060, 0x2060, 0x38C1, 0x38C1, 0x2081,
    0x30A1, 0x38C1, 0x2881, 0x2061, 0x4902, 0x5143, 0x5963, 0x7A05,
    0x8A46, 0xC46E, 0xCE18, 0xC618, 0xCE18, 0xCE18, 0xCE18, 0xCE18,
    0x92E7, 0x9B07, 0xA307, 0xA307, 0xA327, 0xB388, 0xBBE9, 0xCC4A,
    0xDCCC, 0xE50C, 0xED4D, 0xED6D, 0xED4D, 0xED4D, 0xED2D, 0xE50C,
    0xD4AB, 0xCC2A, 0xBBA8, 0xA307, 0x8265, 0x69C2, 0x6161, 0x5100,
    0x9328, 0xFE72, 0xED6C, 0xE4EA, 0xDC68, 0xDC47, 0xDC47, 0xE4A8,
    0xE4A8, 0xE4E9, 0xE4E9, 0xED0A, 0xECE9, 0xECC8, 0xECA8, 0xEC87,
    0xE467, 0xD344, 0xBAA2, 0xB2A3, 0xBAA2, 0xA221, 0xAA21, 0xD302,
    0xF4E8, 0xFDAB, 0xFDAB, 0xFDCD, 0xFDAC, 0xFE2E, 0xF52A, 0xCAE3,
    0xDB44, 0xE343, 0xE343, 0xFC46, 0xF56C, 0xA3EB, 0x9BAA, 0x9BAA,
    0x9B89, 0x93AA, 0xE52D, 0xFE50, 0xFEB2, 0xEC27, 0xCB24, 0xDB85,
    0xBAA3, 0x99E2, 0x9A02, 0xB242, 0x99E1, 0xA201, 0xB262, 0xF52A,
    0xFDAC, 0xFD8B, 0xFE72, 0xFF18, 0xFEB6, 0xFE54, 0xF612, 0xEDB0,
    0xE56F, 0xDCED, 0xCC4A, 0xB347, 0x7A03, 0x5941, 0xCCCE, 0xF654,
    0xF633, 0xF654, 0xF675, 0xF674, 0xF654, 0xFE74, 0xFEB5, 0xFE95,
    0xFE74, 0xFE75, 0xFE75, 0xFE95, 0xFE96, 0xFEB6, 0xFE95, 0xFE96,
    0xFE95, 0xFE74, 0xFE74, 0xFE75, 0xFE74, 0xFE54, 0xFE33, 0xF5F2,
    0xF5B1, 0xF612, 0xF612, 0xF632, 0xFE33, 0xFE74, 0xFE12, 0xFE33,
    0xFE53, 0xFE74, 0xFE95, 0xFEB6, 0xFEB6, 0xFE96, 0xFEB6, 0xFE96,
    0xFED7, 0xFE96, 0xFE96, 0xFEB6, 0xFEB6, 0xFE96, 0xFEB6, 0xFE95,
    0xFE95, 0xFE96, 0xFE96, 0xF613, 0xF634, 0xFE95, 0xFED7, 0xFF19,
    0xFF39, 0xFF3A, 0xFF5A, 0xFF39, 0xFE92, 0xFE4F, 0xF54B, 0xD385,
    0xEBC5, 0xD303, 0xE385, 0xDB44, 0xDB24, 0xD324, 0xDB44, 0xE384,
    0xF446, 0xFE50, 0xFF15, 0xFE92, 0xFEB2, 0xCE17, 0xBDD8, 0xC5D7,
    0xBDD7, 0xBDD7, 0xBDD7, 0xBDD7, 0xBDF8, 0xBDD8, 0xBDD8, 0xBDD8,
    0xBDF8, 0xBDF8, 0xC5F8, 0xBE19, 0xCD32, 0xDB23, 0xDB44, 0xF4E9,
    0xFDAB, 0xFDAB, 0xFDCD, 0xFDEE, 0xFE0E, 0xDCEB, 0xB3A7, 0x69E3,
    0x30A0, 0x40C1, 0x38A1, 0x3080, 0x30A1, 0x2881, 0x2880, 0x1840,
    0x1020, 0x2060, 0x30A1, 0x2881, 0x28A1, 0x38C1, 0x38C1, 0x30A1,
    0x30A1, 0x30A1, 0x30A1, 0x2080, 0x2881, 0x40C1, 0x30A1, 0x2060,
    0x2880, 0x30A1, 0x38A1, 0x2060, 0x40E1, 0x4902, 0x69C4, 0x7A05,
    0x92A7, 0xCD95, 0xC619, 0xC5F8, 0xC618, 0xCE18, 0xCE18, 0xCE18,
    0x92E7, 0x9B07, 0xA307, 0xA307, 0xA327, 0xB388, 0xBBE9, 0xCC6A,
    0xDCCB, 0xE50C, 0xED4D, 0xED6D, 0xED4D, 0xED4D, 0xE52D, 0xE4EC,
    0xD48B, 0xCC2A, 0xBBE9, 0xAB47, 0x8AA6, 0x7A04, 0x69C2, 0x69A2,
    0x8265, 0xEDB0, 0xF54A, 0xE4A8, 0xE4A9, 0xE4A9, 0xE4E9, 0xE4E9,
    0xE4E9, 0xED0A, 0xED0A, 0xED2A, 0xED2B, 0xF54B, 0xF54B, 0xF54A,
    0xF5AD, 0xE447, 0xCB44, 0xC2C2, 0xB241, 0xAA21, 0xBA81, 0xEC66,
    0xFD8B, 0xFD6B, 0xFDCC, 0xFE0E, 0xFDED, 0xFDED, 0xEC27, 0xC282,
    0xBA41, 0xDB03, 0xE364, 0xE384, 0xFC66, 0xC44A, 0x938A, 0x9B8A,
    0x9B8A, 0x936A, 0xBC4B, 0xFCC9, 0xFE71, 0xF4A8, 0xDB44, 0xD365,
    0xBA82, 0x99E1, 0xA222, 0xB241, 0xA1E1, 0xA1E0, 0xCB44, 0xFDAC,
    0xFD8B, 0xFD8C, 0xFE31, 0xFEF7, 0xFE95, 0xFE54, 0xF653, 0xEDD1,
    0xE56F, 0xDCED, 0xD46B, 0xBBC8, 0xAB68, 0x9285, 0xA328, 0xF612,
    0xF613, 0xF633, 0xF675, 0xF654, 0xF654, 0xFE74, 0xFE74, 0xF633,
    0xF653, 0xF653, 0xF633, 0xF654, 0xFE95, 0xFE74, 0xFE54, 0xFE33,
    0xFE54, 0xFE74, 0xFE74, 0xFE74, 0xFE54, 0xFE74, 0xFE75, 0xF633,
    0xF5B1, 0xFE33, 0xFE54, 0xFE53, 0xFE12, 0xFE53, 0xFE95, 0xFE95,
    0xFE95, 0xFE74, 0xF654, 0xFE75, 0xFE96, 0xFE96, 0xFED7, 0xFED7,
    0xFEB6, 0xFEB6, 0xFE95, 0xFEB7, 0xFE96, 0xFE75, 0xFE96, 0xFE95,
    0xFE95, 0xF654, 0xF5F2, 0xEDD1, 0xF5F2, 0xF654, 0xFE95, 0xFED7,
    0xFEF8, 0xFF19, 0xFF3A, 0xFF39, 0xFE93, 0xFE50, 0xFD29, 0xC2A2,
    0xE365, 0xE384, 0xDB24, 0xDB44, 0xDB44, 0xDB44, 0xDB44, 0xE3A5,
    0xEBC5, 0xFCE9, 0xFEB2, 0xFE71, 0xFE71, 0xCE17, 0xBDD8, 0xBDD7,
    0xBDD7, 0xBDD7, 0xBDF7, 0xBDD8, 0xBDD7, 0xBDD7, 0xBDD7, 0xBDD7,
    0xBDD7, 0xBDD8, 0xBDF8, 0xC5F8, 0xDBC7, 0xD2C1, 0xE406, 0xFD8C,
    0xFD6B, 0xFD49, 0xFD8B, 0xFDCD, 0xFDED, 0xFE0E, 0xFDED, 0xCC07,
    0x40C1, 0x2860, 0x3080, 0x30A1, 0x2060, 0x2880, 0x3081, 0x1840,
    0x1040, 0x2860, 0x2881, 0x2881, 0x2881, 0x38C1, 0x30A1, 0x30A1,
    0x38A1, 0x2880, 0x2880, 0x30A1, 0x3081, 0x2860, 0x2060, 0x2080,
    0x30A1, 0x38A1, 0x38A1, 0x38C1, 0x48E1, 0x5122, 0x5963, 0x69A4,
    0xB3CC, 0xCE18, 0xC5F8, 0xC5F8, 0xC5F8, 0xC5F8, 0xCE18, 0xCE18,
    0x9307, 0x9B07, 0x9B06, 0xA306, 0xA327, 0xB388, 0xBBE9, 0xCC4A,
    0xDCAB, 0xE50C, 0xE52D, 0xED4D, 0xED4D, 0xED4D, 0xE52D, 0xE50C,
    0xDCAB, 0xD46A, 0xC409, 0xB388, 0x9B06, 0x8A85, 0x8244, 0x8265,
    0x8A64, 0xB389, 0xFDAE, 0xF52A, 0xE4EA, 0xED2B, 0xED0A, 0xE4E9,
    0xED0A, 0xED0A, 0xED2A, 0xED6B, 0xED0A, 0xF54B, 0xF56B, 0xF54A,
    0xF56C, 0xECC9, 0xE467, 0xDC06, 0xD384, 0xDBA4, 0xF4A8, 0xFDAC,
    0xFDEE, 0xFDEE, 0xFDCD, 0xFDCD, 0xFDED, 0xF4C8, 0xDB85, 0xDB24,
    0xCAC3, 0xCAC2, 0xD303, 0xDB23, 0xF3C4, 0xFCA8, 0xA3CA, 0x938A,
    0x9B8A, 0x9369, 0x9BAA, 0xECEA, 0xFE0F, 0xFE2F, 0xF426, 0xD344,
    0xC2E4, 0xAA42, 0xAA22, 0xBA62, 0xA1E1, 0xAA21, 0xD3C6, 0xFDAC,
    0xFD8B, 0xF56B, 0xFDAD, 0xFED6, 0xFE75, 0xF654, 0xF612, 0xF5F2,
    0xEDD1, 0xED90, 0xE52E, 0xE54F, 0xDCCD, 0xCC4A, 0xAB68, 0xB3EA,
    0xF612, 0xEE13, 0xF633, 0xF634, 0xF654, 0xF654, 0xF633, 0xF633,
    0xF612, 0xF612, 0xF612, 0xF633, 0xF613, 0xF5D1, 0xF5D1, 0xF613,
    0xFE54, 0xFE74, 0xFE54, 0xF633, 0xF633, 0xFE53, 0xFE54, 0xF613,
    0xF5F2, 0xF633, 0xFE53, 0xFE54, 0xFE54, 0xF613, 0xF633, 0xFE74,
    0xF654, 0xF654, 0xFE54, 0xFE54, 0xFE75, 0xFE75, 0xFE95, 0xFEB6,
    0xFEB6, 0xFE96, 0xFE95, 0xFEB7, 0xFEB7, 0xF675, 0xFE75, 0xF675,
    0xF655, 0xF613, 0xE54F, 0xE54F, 0xED90, 0xF613, 0xF654, 0xF655,
    0xFEB6, 0xFEF8, 0xFF19, 0xFF3A, 0xFE93, 0xFE0E, 0xFD4A, 0xCAE3,
    0xC2A2, 0xD303, 0xD303, 0xD303, 0xD303, 0xC282, 0xCAE3, 0xDB24,
    0xEBE6, 0xFC67, 0xFE0F, 0xFE50, 0xFD8D, 0xC5F7, 0xBDD8, 0xBDD7,
    0xBDD7, 0xBDD7, 0xBDD7, 0xBDD8, 0xBDD8, 0xBDD7, 0xBDD7, 0xBDD7,
    0xBDD7, 0xBDD7, 0xBE18, 0xD510, 0xE343, 0xE426, 0xFD8C, 0xFDCC,
    0xFD8B, 0xFD6A, 0xFD4A, 0xFD8B, 0xFDAC, 0xFDED, 0xFD4A, 0xD343,
    0x9A01, 0x6121, 0x48E1, 0x5942, 0x2880, 0x30A0, 0x2880, 0x1020,
    0x2860, 0x2860, 0x2860, 0x1840, 0x38A1, 0x30A1, 0x30A1, 0x30A1,
    0x3081, 0x38A1, 0x30A1, 0x2881, 0x2880, 0x2881, 0x2881, 0x2881,
    0x3081, 0x38C1, 0x2880, 0x40E2, 0x6183, 0x5143, 0x5963, 0x8A46,
    0xC4F2, 0xC619, 0xC5F8, 0xC5F8, 0xC5F8, 0xC5F8, 0xC618, 0xC618,
    0x9307, 0x9B07, 0x9B06, 0x9AE6, 0xA327, 0xB388, 0xBBE9, 0xCC4A,
    0xD4AB, 0xDCEC, 0xE52D, 0xED4D, 0xED4D, 0xED2D, 0xE52D, 0xE50C,
    0xDCCB, 0xD48A, 0xCC29, 0xBBC8, 0xAB47, 0x9AE6, 0x9AC6, 0x9AE6,
    0xA327, 0xA347, 0xC40A, 0xFE11, 0xFE0F, 0xED4C, 0xED0A, 0xE4EA,
    0xED0A, 0xED2B, 0xED4B, 0xED0A, 0xECE9, 0xED2A, 0xF52A, 0xF52A,
    0xF56C, 0xED0A, 0xF54A, 0xF56B, 0xFD8C, 0xECE9, 0xF56B, 0xFDEE,
    0xFE0E, 0xFDEE, 0xFDED, 0xFDEE, 0xFD8C, 0xDBC5, 0xDB44, 0xD323,
    0xDB44, 0xDB23, 0xCAE3, 0xD303, 0xE364, 0xFC87, 0xBC2A, 0x938A,
    0x9B8A, 0x9389, 0x9BAA, 0xD4ED, 0xFE71, 0xFE92, 0xFDAC, 0xEC06,
    0xC325, 0xBAA3, 0xAA22, 0xAA42, 0xA1E1, 0xAA41, 0xE468, 0xF54B,
    0xF50A, 0xF509, 0xF54B, 0xFE53, 0xFE54, 0xF653, 0xF633, 0xF633,
    0xF5F2, 0xEDD1, 0xF613, 0xF633, 0xED90, 0xE52E, 0xD48C, 0x9B07,
    0x9B28, 0xF612, 0xEE12, 0xEDD1, 0xF5F2, 0xF612, 0xF612, 0xF5F2,
    0xF612, 0xF612, 0xF612, 0xF633, 0xF612, 0xF5F2, 0xF5F2, 0xF634,
    0xFE33, 0xF633, 0xF633, 0xF612, 0xF5F2, 0xF5F2, 0xF5F2, 0xF5F2,
    0xF5D1, 0xF633, 0xF612, 0xF612, 0xF633, 0xF633, 0xF5D1, 0xF612,
    0xF633, 0xF633, 0xF654, 0xFE54, 0xFE74, 0xFE95, 0xFE75, 0xFE54,
    0xFE75, 0xFE75, 0xFE75, 0xFE75, 0xF675, 0xF675, 0xF675, 0xF655,
    0xF634, 0xE590, 0xD4AC, 0xDCED, 0xE54F, 0xEDD1, 0xF633, 0xF655,
    0xF675, 0xFED7, 0xFEF9, 0xFF19, 0xFE93, 0xFE30, 0xFD6B, 0xD364,
    0xD303, 0xCAE3, 0xD324, 0xD303, 0xDB44, 0xBA83, 0xD303, 0xE385,
    0xE384, 0xF406, 0xFE50, 0xFE50, 0xF50C, 0xC618, 0xBDD7, 0xBDD7,
    0xBDD7, 0xBDD7, 0xBDD7, 0xBDD7, 0xBDD8, 0xBDD7, 0xBDD7, 0xBDD7,
    0xBDD7, 0xBDD7, 0xC618, 0xF4CA, 0xF4E9, 0xFE2E, 0xFE0E, 0xFDED,
    0xFDAC, 0xFD6B, 0xFD6B, 0xFD6A, 0xFD49, 0xFD49, 0xDBA4, 0xBA61,
    0xBA62, 0xCAC2, 0xAA42, 0x7181, 0x0820, 0x1860, 0x1840, 0x2060,
    0x3081, 0x38C1, 0x38C1, 0x30A1, 0x38A1, 0x30A1, 0x2881, 0x3081,
    0x2881, 0x2881, 0x30A1, 0x2060, 0x2060, 0x3081, 0x2881, 0x3081,
    0x38A1, 0x38C1, 0x2060, 0x5963, 0x5143, 0x61A4, 0x71A4, 0xB3ED,
    0xCE18, 0xC5F8, 0xC5F8, 0xC5F8, 0xC5F8, 0xC618, 0xC5F8, 0xC5F8,
    0x9B27, 0xA327, 0xA327, 0xA327, 0xAB47, 0xB388, 0xC3E9, 0xCC4A,
    0xD48B, 0xDCCB, 0xE50C, 0xE52D, 0xE52C, 0xE52C, 0xE52C, 0xE50C,
    0xDCEC, 0xD4AB, 0xCC4A, 0xC3E9, 0xB388, 0xAB67, 0xAB47, 0xAB47,
    0xAB68, 0xB3A9, 0xB3A8, 0xD4AC, 0xFEB4, 0xF5CE, 0xED6C, 0xED4B,
    0xE4EA, 0xE50B, 0xED2B, 0xE4A9, 0xE4A9, 0xED2B, 0xF56C, 0xED2B,
    0xECE9, 0xF52A, 0xF58C, 0xFDAC, 0xF54A, 0xF509, 0xFDAC, 0xFDCD,
    0xFDCD, 0xFDCC, 0xFDED, 0xFDEE, 0xE427, 0xC2C2, 0xCAA2, 0xCAE2,
    0xDB23, 0xCAE2, 0xCAC3, 0xD303, 0xDB23, 0xF405, 0xF4C9, 0xA3CA,
    0x938A, 0x9B8A, 0x9B89, 0xABCA, 0xF611, 0xFEF4, 0xFE0F, 0xFCC8,
    0xDB65, 0xC2E3, 0xB262, 0xA221, 0xA242, 0xC2E3, 0xECC8, 0xF52A,
    0xF509, 0xECE9, 0xF509, 0xF5D0, 0xF675, 0xF653, 0xF612, 0xF5F2,
    0xF612, 0xF654, 0xFE95, 0xFE75, 0xF632, 0xEDB0, 0xE52E, 0xC40A,
    0x69A3, 0x7246, 0xEDD1, 0xEDD1, 0xEDB1, 0xEDD1, 0xF5F2, 0xEDF2,
    0xF613, 0xF654, 0xF633, 0xF633, 0xF612, 0xF612, 0xF612, 0xF633,
    0xF612, 0xF612, 0xF612, 0xF5D1, 0xF612, 0xF633, 0xF5F2, 0xED4F,
    0xEDB0, 0xF612, 0xF612, 0xF612, 0xF5F2, 0xF612, 0xF5D1, 0xF5D1,
    0xF5F2, 0xF613, 0xF633, 0xF633, 0xF613, 0xF633, 0xF612, 0xF613,
    0xF633, 0xF613, 0xF633, 0xF633, 0xF612, 0xF654, 0xF634, 0xF655,
    0xF613, 0xCC8C, 0xBBA8, 0xD48B, 0xDCED, 0xE56F, 0xEDD1, 0xF633,
    0xF634, 0xFE96, 0xFED7, 0xFEF8, 0xFE31, 0xFE2F, 0xFD8C, 0xD344,
    0xD303, 0xD323, 0xD365, 0xCB24, 0xD344, 0xBA62, 0xC2C3, 0xEC06,
    0xE3C6, 0xF3E6, 0xFE50, 0xFE51, 0xED2E, 0xBE19, 0xBDD7, 0xBDD8,
    0xBDD7, 0xBDD7, 0xBDD7, 0xBDD7, 0xBDD7, 0xBDD7, 0xBDF7, 0xBDD7,
    0xBDD7, 0xBDD8, 0xE634, 0xFDED, 0xFE0D, 0xFDCC, 0xFDAC, 0xFDCD,
    0xFDAC, 0xFD8B, 0xFDCD, 0xFDAC, 0xFD8B, 0xF4A7, 0xC281, 0xB221,
    0xBA61, 0xCAA2, 0xCAC2, 0xB262, 0x79A1, 0x40C1, 0x1020, 0x2881,
    0x30C1, 0x4102, 0x30C1, 0x38C1, 0x3081, 0x2860, 0x2060, 0x3081,
    0x3081, 0x2060, 0x2080, 0x2860, 0x2880, 0x30A1, 0x30A0, 0x38A1,
    0x38C1, 0x1840, 0x40E1, 0x5943, 0x5143, 0x79E4, 0x9AC8, 0xC5B6,
    0xC5F8, 0xC5F8, 0xC5F8, 0xC5F8, 0xC5F8, 0xC5F8, 0xC5F8, 0xC5F8,
    0xAB68, 0xAB67, 0xAB67, 0xAB67, 0xB388, 0xBBC9, 0xC429, 0xD46A,
    0xD48B, 0xDCCB, 0xE50C, 0xE50C, 0xE50C, 0xE50C, 0xE50C, 0xE50C,
    0xDCEC, 0xDCCB, 0xD46A, 0xCC29, 0xC3E9, 0xBBC8, 0xBBA8, 0xBBA8,
    0xBBA8, 0xBBC9, 0xC409, 0xCC2A, 0xF653, 0xFE93, 0xF5CE, 0xF58D,
    0xD3E6, 0xBB24, 0xB2E4, 0xB304, 0xB304, 0xD408, 0xE4EA, 0xE4C9,
    0xF52A, 0xF58D, 0xF58C, 0xF54A, 0xFD4A, 0xFDAC, 0xFDAC, 0xFDEE,
    0xFDCC, 0xFDAC, 0xFDEE, 0xE447, 0xBA62, 0xAA21, 0xBA62, 0xB221,
    0xC261, 0xBA82, 0xCAE3, 0xDB24, 0xD323, 0xE3A5, 0xFCA7, 0xCC29,
    0x936A, 0x9B89, 0x9BAA, 0xA3A9, 0xBC6B, 0xFEF5, 0xFE30, 0xF4E9,
    0xF4C9, 0xE427, 0xCB03, 0xBAA2, 0xC324, 0xE447, 0xECC9, 0xF50A,
    0xECE9, 0xECC8, 0xECE9, 0xED4C, 0xF633, 0xF633, 0xF632, 0xF633,
    0xF674, 0xFE95, 0xFE96, 0xFE95, 0xFE74, 0xF612, 0xEDD1, 0xDCCD,
    0xAB48, 0x3040, 0x4943, 0xC46C, 0xF5F2, 0xEDB1, 0xEDB1, 0xEDF2,
    0xEDD1, 0xEDD1, 0xEDD1, 0xF5F2, 0xF5F2, 0xEDD1, 0xF5F2, 0xF612,
    0xF5F2, 0xF5F2, 0xF5D1, 0xEDD1, 0xEDD1, 0xEDD1, 0xF5F2, 0xEDB0,
    0xEDB0, 0xF5F1, 0xF5F2, 0xF5F1, 0xF5D1, 0xEDD1, 0xEDB0, 0xED90,
    0xEDD1, 0xF5F2, 0xF613, 0xF5F2, 0xF5F2, 0xEDD1, 0xEDD1, 0xF5F2,
    0xF633, 0xF634, 0xF613, 0xF5F2, 0xEDD1, 0xF613, 0xEDF3, 0xF674,
    0xDD50, 0x8AA5, 0xA306, 0xC40A, 0xD4AC, 0xE54F, 0xEDD1, 0xF634,
    0xF634, 0xF675, 0xFEB7, 0xFEB6, 0xFDAD, 0xFDAC, 0xFD8B, 0xB2A3,
    0xA9E0, 0xD303, 0xCAE3, 0xC2E3, 0xCB24, 0xC2C3, 0xC2A2, 0xEC26,
    0xE3A6, 0xEBE6, 0xFE51, 0xFDCE, 0xDD71, 0xBDF9, 0xBDD7, 0xBDD8,
    0xBDD8, 0xBDD7, 0xBDD7, 0xBDD7, 0xBDD8, 0xBDD7, 0xBDD7, 0xC5D7,
    0xBDD8, 0xD617, 0xFE50, 0xFE0E, 0xFDED, 0xFDED, 0xFDED, 0xFDED,
    0xFDAC, 0xFD8B, 0xFDCC, 0xFD6A, 0xFD8B, 0xEC26, 0xB201, 0xA1C0,
    0xB221, 0xC282, 0xB262, 0xB262, 0xC2A2, 0x99E1, 0x5921, 0x38A1,
    0x40E1, 0x38C1, 0x40E2, 0x2881, 0x2880, 0x30A1, 0x38C1, 0x30A1,
    0x2060, 0x3081, 0x2881, 0x2880, 0x2060, 0x2860, 0x3080, 0x2880,
    0x3080, 0x38C1, 0x5122, 0x4922, 0x71A4, 0x9266, 0xC555, 0xC619,
    0xC5F8, 0xC5F8, 0xC5F8, 0xC5F8, 0xC5F8, 0xC5F8, 0xC5F8, 0xC5F8,
    0xB3A8, 0xBBA8, 0xB3A8, 0xB3A8, 0xBBC8, 0xC409, 0xCC49, 0xD48A,
    0xDCAB, 0xDCCB, 0xE4EB, 0xE4EB, 0xE4EB, 0xE4EB, 0xE4EB, 0xE4EB,
    0xDCEB, 0xDCCB, 0xD48A, 0xD449, 0xCC29, 0xCC09, 0xC409, 0xC409,
    0xC409, 0xC429, 0xCC4A, 0xD46A, 0xDCEC, 0xFEB4, 0xFE71, 0xED0A,
    0xBAE3, 0xAA62, 0x9A01, 0x9A01, 0x91E1, 0xAA82, 0xBB24, 0xD407,
    0xE489, 0xED2B, 0xF58C, 0xF56B, 0xFDAC, 0xFDCE, 0xFD8C, 0xFDED,
    0xFE0E, 0xFDAC, 0xFDAC, 0xCB23, 0xA201, 0xA221, 0xAA21, 0xBA41,
    0xC282, 0xB262, 0xBA82, 0xD303, 0xDB64, 0xE3A5, 0xF426, 0xFC87,
    0xA3A9, 0x938A, 0x9BAA, 0xABEA, 0xB40B, 0xE5D1, 0xFED4, 0xFD6B,
    0xF52B, 0xED0A, 0xE426, 0xDBC5, 0xDC47, 0xECEA, 0xECC9, 0xECC9,
    0xED0A, 0xECC8, 0xECC8, 0xECA8, 0xF5D0, 0xF633, 0xF612, 0xF654,
    0xF695, 0xFE95, 0xFEB6, 0xFEB6, 0xFE95, 0xFE95, 0xF633, 0xE590,
    0xD46C, 0x71C4, 0x0800, 0x1840, 0x9329, 0xE590, 0xF5D1, 0xE56F,
    0xDD2E, 0xE56F, 0xE56F, 0xED90, 0xEDD1, 0xEDD1, 0xEDF2, 0xEDD1,
    0xF5F1, 0xEDD1, 0xEDB0, 0xEDB1, 0xEDD1, 0xEDF1, 0xEDD1, 0xE54F,
    0xEDB1, 0xF5D1, 0xEDD1, 0xEDD1, 0xEDF2, 0xEDB1, 0xEDB1, 0xEDB1,
    0xEDD1, 0xEDD2, 0xF5F2, 0xEDB1, 0xEDF2, 0xEDD1, 0xED90, 0xEDD1,
    0xF613, 0xF654, 0xF633, 0xF612, 0xEE13, 0xEDF3, 0xF613, 0xCCCE,
    0x61A3, 0x6182, 0x9AE6, 0xBBC9, 0xD48B, 0xDD0E, 0xEDB1, 0xF613,
    0xF654, 0xF675, 0xF6B6, 0xFE54, 0xF56B, 0xFD8C, 0xFD8B, 0xB2C4,
    0xA9E1, 0xC2A2, 0xCAE3, 0xBA82, 0xAA22, 0xB262, 0xBA62, 0xE3C5,
    0xD324, 0xE364, 0xFE72, 0xFD09, 0xDD72, 0xBDF9, 0xBDD7, 0xBDD8,
    0xBDD8, 0xBDD7, 0xBDD8, 0xBDD7, 0xBDD7, 0xBDD7, 0xBDD7, 0xBDD7,
    0xC5F8, 0xF654, 0xFE0F, 0xFDCD, 0xFDED, 0xFE2E, 0xFE0E, 0xFDED,
    0xFDCD, 0xFDED, 0xFDCD, 0xFDED, 0xFDCD, 0xEC66, 0xBA61, 0xA201,
    0xAA01, 0xB242, 0xA1E1, 0xAA21, 0xBA82, 0xC2A2, 0xCAE2, 0x81C2,
    0x40C1, 0x38C1, 0x2881, 0x2060, 0x2860, 0x30A1, 0x30A1, 0x2080,
    0x30A1, 0x3081, 0x2880, 0x2860, 0x2880, 0x38A1, 0x30A1, 0x30A1,
    0x4902, 0x5122, 0x6163, 0x6183, 0x8205, 0xBC90, 0xC619, 0xC5F8,
    0xC5F8, 0xC5F8, 0xC5F8, 0xC5F8, 0xC5F8, 0xC5F8, 0xC618, 0xC5F8,
    0xC3E9, 0xC3E8, 0xC3E8, 0xC3E8, 0xC409, 0xCC29, 0xD46A, 0xD48A,
    0xDCAB, 0xDCAB, 0xDCCB, 0xDCCB, 0xDCCB, 0xDCCB, 0xDCCB, 0xDCCB,
    0xDCCB, 0xDCCB, 0xDCAA, 0xD48A, 0xD46A, 0xD46A, 0xD46A, 0xD44A,
    0xD46A, 0xD46A, 0xD48A, 0xD4AB, 0xD48A, 0xE52C, 0xFEB3, 0xEC88,
    0xB2A2, 0xB2C4, 0xB282, 0x91E1, 0x91E1, 0xAA82, 0xAA82, 0xA263,
    0x91E1, 0xCBA6, 0xF58C, 0xF58C, 0xFDAC, 0xFDEE, 0xFDCD, 0xFD8B,
    0xFD8B, 0xFDCD, 0xFD8C, 0xD344, 0xA201, 0xAA21, 0xB242, 0xC282,
    0xD323, 0xD303, 0xCAE3, 0xD323, 0xE364, 0xDB44, 0xE384, 0xFCA7,
    0xD428, 0x938A, 0xA3AA, 0xAC0B, 0xB44C, 0xBC6D, 0xE5F1, 0xFE2F,
    0xF58D, 0xED0B, 0xE488, 0xDC07, 0xECEA, 0xECE9, 0xE488, 0xECA9,
    0xECC9, 0xE4A8, 0xE467, 0xE467, 0xED4D, 0xF633, 0xF633, 0xF654,
    0xF674, 0xFE95, 0xFEB6, 0xFE95, 0xFE95, 0xFEB6, 0xF675, 0xEDF2,
    0xDD2E, 0xA308, 0x2040, 0x1000, 0x0800, 0x4963, 0x9B69, 0xDCCC,
    0xED2D, 0xE54E, 0xDD0E, 0xE52E, 0xE56F, 0xE54F, 0xE56F, 0xED90,
    0xED8F, 0xED6F, 0xED90, 0xEDB0, 0xED90, 0xED90, 0xE54F, 0xE50E,
    0xEDB0, 0xED8F, 0xED6F, 0xEDD1, 0xEDB1, 0xED90, 0xED90, 0xED90,
    0xED90, 0xED90, 0xED90, 0xE56F, 0xED90, 0xEDB0, 0xED90, 0xEDD1,
    0xF612, 0xF612, 0xEDF2, 0xEDB1, 0xF613, 0xF633, 0xBC2C, 0x7A04,
    0x71E3, 0x7A04, 0xA327, 0xC40A, 0xD46B, 0xDD0D, 0xE570, 0xEDD2,
    0xF633, 0xF696, 0xF696, 0xFE11, 0xFD8C, 0xFDAD, 0xFDAC, 0xBB04,
    0x9A01, 0xB242, 0xBA82, 0xB262, 0xA201, 0x99C1, 0xC2A2, 0xD344,
    0xC2A2, 0xE3E6, 0xFE70, 0xF4EB, 0xC5D6, 0xBDD8, 0xBDD7, 0xBDD8,
    0xBDD8, 0xBDD8, 0xBDD7, 0xBDD7, 0xBDD7, 0xBDD7, 0xBDD7, 0xBDD8,
    0xDE36, 0xFE50, 0xFE0E, 0xFE0D, 0xFE0D, 0xFD4A, 0xF4C8, 0xFDAB,
    0xFDEE, 0xFDCD, 0xFD6B, 0xFD8B, 0xFD8B, 0xF4A7, 0xDB43, 0xD303,
    0xCAE2, 0xB262, 0x99E1, 0xA1E1, 0xBA61, 0xD303, 0xDB84, 0xD344,
    0x81E3, 0x38C1, 0x2060, 0x3080, 0x2860, 0x2060, 0x30A1, 0x30A1,
    0x30C1, 0x2880, 0x30A1, 0x2060, 0x3080, 0x2880, 0x2880, 0x4902,
    0x5122, 0x6183, 0x6984, 0x79C4, 0xB46F, 0xC618, 0xC5F8, 0xC5F8,
    0xC5F8, 0xC5F8, 0xC5F8, 0xC5F8, 0xC5F8, 0xC5F8, 0xC618, 0xC618,
    0xC409, 0xC409, 0xC409, 0xC409, 0xC429, 0xCC29, 0xD469, 0xD48A,
    0xDCAA, 0xDCAA, 0xDCAA, 0xDCAA, 0xDCAA, 0xDCAA, 0xDCAA, 0xDCAA,
    0xDCAA, 0xDCAA, 0xDC8A, 0xD48A, 0xD48A, 0xD46A, 0xD46A, 0xD46A,
    0xD48A, 0xD48A, 0xD48A, 0xD4AA, 0xD4AA, 0xD449, 0xF5CF, 0xF56C,
    0xD344, 0xB2C4, 0xBAC3, 0xAA42, 0xA242, 0x9A22, 0xA242, 0x91E0,
    0xAA42, 0xBB04, 0xDC48, 0xF56B, 0xF5AC, 0xFDCD, 0xFDEE, 0xFDAC,
    0xFDCD, 0xFDED, 0xF56C, 0xCAE3, 0xB241, 0xB241, 0xBA41, 0xCAC2,
    0xC2C2, 0xCAE3, 0xDB23, 0xDB03, 0xCAC2, 0xD303, 0xD303, 0xF426,
    0xFCE8, 0xABC9, 0x9BAA, 0xAC0B, 0xB44C, 0xB46D, 0xB46D, 0xEDF1,
    0xFDCD, 0xECA9, 0xE488, 0xE489, 0xE4A9, 0xE4C9, 0xE467, 0xE468,
    0xE488, 0xE487, 0xDC26, 0xE467, 0xE487, 0xEDAF, 0xF613, 0xF653,
    0xF633, 0xF675, 0xFE75, 0xF653, 0xFEB6, 0xFEB6, 0xFE74, 0xF612,
    0xEDB1, 0xCC8C, 0x5143, 0x1000, 0x1000, 0x0000, 0x0000, 0x30E2,
    0x7246, 0xBBEA, 0xDCCC, 0xE4ED, 0xE50D, 0xDCED, 0xDCCD, 0xDD2E,
    0xDD0D, 0xDD2E, 0xE52E, 0xE52E, 0xE52E, 0xE54E, 0xE52F, 0xE52E,
    0xE54E, 0xE50D, 0xE52E, 0xE54F, 0xE54E, 0xE52E, 0xE52E, 0xE52E,
    0xE54F, 0xE54F, 0xE54E, 0xE50E, 0xE52E, 0xE56F, 0xED6F, 0xED6F,
    0xED90, 0xEDB1, 0xED90, 0xF5B0, 0xE570, 0x9308, 0x71E4, 0x92E7,
    0xA307, 0xAB68, 0xC40A, 0xD48C, 0xDCCD, 0xE56F, 0xEDB1, 0xEDF2,
    0xEE13, 0xF655, 0xF654, 0xF58D, 0xF56B, 0xF54A, 0xF54B, 0xBB05,
    0x99E1, 0xB262, 0xBA62, 0xB221, 0xA201, 0xAA01, 0xCAC3, 0xD324,
    0xCAA2, 0xF54C, 0xFE0E, 0xDD30, 0xB5F9, 0xBDD7, 0xBDD8, 0xBDD8,
    0xBDD8, 0xBDD8, 0xBDD7, 0xBDD7, 0xBDD7, 0xBDD7, 0xBDD8, 0xCDF7,
    0xFE52, 0xFE2F, 0xFCE9, 0xF4C8, 0xF4A7, 0xDB22, 0xCAC2, 0xD363,
    0xF54A, 0xFDCD, 0xFDAC, 0xFD8B, 0xFD6A, 0xFD4A, 0xF466, 0xE384,
    0xCAE3, 0xB262, 0x99C1, 0x91C1, 0xBA61, 0xC2A2, 0xCB03, 0xDB64,
    0xCB03, 0xA242, 0x5901, 0x2040, 0x2060, 0x40E1, 0x38C1, 0x2060,
    0x2880, 0x38A1, 0x38A1, 0x2860, 0x2860, 0x2060, 0x4901, 0x5142,
    0x4922, 0x6983, 0x79A3, 0xB470, 0xC619, 0xC5D8, 0xC5F8, 0xC5F8,
    0xC5F8, 0xC5F8, 0xC5F8, 0xC5F8, 0xC5F8, 0xC5F8, 0xC618, 0xC618,
    0xCC29, 0xCC29, 0xCC29, 0xCC29, 0xCC29, 0xCC29, 0xCC49, 0xD46A,
    0xD46A, 0xD48A, 0xD48A, 0xD48A, 0xD48A, 0xD48A, 0xD48A, 0xD48A,
    0xD48A, 0xD48A, 0xD46A, 0xD46A, 0xD46A, 0xD46A, 0xD469, 0xD469,
    0xD46A, 0xD46A, 0xD46A, 0xD48A, 0xD48A, 0xD46A, 0xE52D, 0xFDCE,
    0xEC26, 0xBB25, 0xB2C3, 0xC2E3, 0xA221, 0x9A22, 0x89A0, 0x91C1,
    0xA222, 0xA242, 0xB2C3, 0xECCA, 0xF58C, 0xF58C, 0xFD8C, 0xFD8B,
    0xFDEE, 0xFE2F, 0xFE0E, 0xE447, 0xC2A2, 0xC2A2, 0xC282, 0xC2A2,
    0xBA82, 0xC2C3, 0xCAA2, 0xCAA2, 0xC2A2, 0xC2A2, 0xC2A2, 0xDB43,
    0xFCE8, 0xE4AA, 0xA3AA, 0xAC0B, 0xB44C, 0xB46D, 0xB46D, 0xC4F0,
    0xFE10, 0xEC26, 0xD385, 0xDBE7, 0xECC9, 0xE488, 0xE468, 0xDC47,
    0xE488, 0xDC47, 0xD3E6, 0xE467, 0xDC26, 0xE4EA, 0xF612, 0xF5F2,
    0xF612, 0xF653, 0xF633, 0xF674, 0xFED7, 0xFEB6, 0xFE95, 0xF654,
    0xEDF2, 0xE54F, 0x92E7, 0x2000, 0x1000, 0x0800, 0x0800, 0x0000,
    0x0800, 0x2020, 0x4922, 0x7A46, 0xABA9, 0xCC6B, 0xDCCC, 0xDCCC,
    0xDCEC, 0xDCCC, 0xD48B, 0xDCED, 0xDCED, 0xD4CC, 0xD48C, 0xD4AC,
    0xDCCD, 0xDCED, 0xDD0E, 0xDD0E, 0xE52E, 0xDCED, 0xDCCD, 0xDCCC,
    0xDCCC, 0xDCED, 0xDCED, 0xDCED, 0xE52E, 0xE52E, 0xE52E, 0xED8F,
    0xF5D0, 0xED90, 0xD4EE, 0x9329, 0x69E4, 0x69C4, 0x9B28, 0xBBEA,
    0xBBEA, 0xCC8C, 0xDD0E, 0xDCED, 0xE52E, 0xED90, 0xEDD2, 0xEDF3,
    0xEE13, 0xF654, 0xF5F1, 0xED2B, 0xF52A, 0xF50A, 0xECC9, 0xC325,
    0x9A02, 0xA222, 0xAA21, 0xB221, 0xAA01, 0xBA61, 0xD303, 0xCB03,
    0xD324, 0xFE0F, 0xFDEF, 0xC595, 0xBDD8, 0xBDD7, 0xBDD7, 0xBDD7,
    0xBDD7, 0xBDD8, 0xBDD8, 0xBDD7, 0xBDD7, 0xBDD7, 0xBDD7, 0xEDB0,
    0xFE2F, 0xF488, 0xDB02, 0xD302, 0xCAE2, 0xBA41, 0xB241, 0xD2E2,
    0xF4C8, 0xFD6A, 0xFDAC, 0xFDED, 0xFDED, 0xFDCC, 0xFD6A, 0xEBC5,
    0xC2C2, 0xAA42, 0xB241, 0xB261, 0xAA41, 0x9A01, 0xBA82, 0xC2E3,
    0xBA82, 0xC2C3, 0xB282, 0x6941, 0x40E1, 0x38C1, 0x30A0, 0x2060,
    0x2860, 0x38A1, 0x38C1, 0x30A0, 0x30A0, 0x5942, 0x5122, 0x4902,
    0x5963, 0x8204, 0xB470, 0xC619, 0xC5D8, 0xC5F8, 0xC5F8, 0xC5F8,
    0xC5F8, 0xC5F8, 0xC5F8, 0xC5F8, 0xC5F8, 0xC5F8, 0xC5F8, 0xC618,
    0xCC29, 0xCC29, 0xCC29, 0xCC29, 0xCC29, 0xCC29, 0xCC29, 0xCC49,
    0xCC49, 0xCC49, 0xCC49, 0xCC49, 0xCC49, 0xCC49, 0xCC4A, 0xCC6A,
    0xCC6A, 0xCC49, 0xCC49, 0xCC49, 0xCC49, 0xCC29, 0xCC29, 0xCC29,
    0xCC49, 0xCC49, 0xCC49, 0xCC4A, 0xCC6A, 0xCC6A, 0xCC6A, 0xF58E,
    0xFD0A, 0xD3A6, 0xBAE4, 0xBAE4, 0xAA42, 0x91E1, 0x89C1, 0x91E1,
    0x9A01, 0x89C1, 0xA242, 0xC345, 0xF54B, 0xF58C, 0xFDCD, 0xFD8C,
    0xFDEE, 0xFE30, 0xFE0E, 0xFD6B, 0xD384, 0xC2A2, 0xBA82, 0xB262,
    0xBA62, 0xCAC2, 0xD2E2, 0xD2E3, 0xCAE3, 0xBAA2, 0xBAA2, 0xC2C2,
    0xE3A4, 0xFD6B, 0xC44A, 0xAC2B, 0xB44C, 0xB46D, 0xB48E, 0xB48E,
    0xC510, 0xED0B, 0xE342, 0xBA82, 0xCB85, 0xE488, 0xE488, 0xC365,
    0xC345, 0xC385, 0xD3E6, 0xE488, 0xDC47, 0xDC26, 0xE52C, 0xEDD1,
    0xEDD1, 0xEE12, 0xF5F2, 0xF675, 0xFEB6, 0xFED7, 0xFEB6, 0xF674,
    0xF654, 0xEDF2, 0xD4CE, 0x4922, 0x1000, 0x0800, 0x0800, 0x1000,
    0x1000, 0x1000, 0x0000, 0x0000, 0x1000, 0x28A1, 0x4963, 0x7225,
    0x9308, 0xAB68, 0xC40A, 0xDCAC, 0xE50D, 0xDCAC, 0xCC2A, 0xD46B,
    0xE4EC, 0xDCAC, 0xDCCC, 0xDCED, 0xDCCC, 0xDCAC, 0xDCCC, 0xDCED,
    0xDCED, 0xE50D, 0xE52E, 0xED2E, 0xED4E, 0xED6F, 0xED6F, 0xD4ED,
    0xAC0B, 0x7267, 0x28A1, 0x38A1, 0x7A25, 0xA348, 0xBC0B, 0xD4AD,
    0xDCEE, 0xDD2E, 0xED90, 0xEDB1, 0xED91, 0xED90, 0xEDD2, 0xEDD2,
    0xEDF2, 0xEE12, 0xED0C, 0xED2B, 0xF52B, 0xF52B, 0xE488, 0xC304,
    0xA201, 0x9A01, 0x99E1, 0xAA21, 0xC282, 0xC282, 0xC2A2, 0xCAA2,
    0xE407, 0xFE70, 0xE5F2, 0xBDD8, 0xBDD7, 0xBDD7, 0xBDD7, 0xBDD8,
    0xBDD8, 0xBDD8, 0xBDF8, 0xBDD8, 0xBDD7, 0xBDF8, 0xD551, 0xFDEE,
    0xFD4B, 0xE363, 0xD303, 0xC2A2, 0xC282, 0xBA61, 0xBA41, 0xC2A1,
    0xE3E5, 0xFD6B, 0xFDEE, 0xFE0E, 0xFDED, 0xFDED, 0xFDAC, 0xFCC8,
    0xDB43, 0xC2C3, 0xB262, 0xC2C2, 0xB241, 0x91E1, 0x91C1, 0xAA22,
    0xB262, 0xC2C2, 0xCB03, 0xAA42, 0x5900, 0x2040, 0x2040, 0x2860,
    0x38A0, 0x48E1, 0x4901, 0x38C1, 0x4901, 0x5122, 0x4102, 0x5122,
    0x8A66, 0xB4B1, 0xC619, 0xC5D8, 0xC5F8, 0xC5F8, 0xC5F8, 0xC5F8,
    0xC5F8, 0xC5F8, 0xC5F8, 0xC5F8, 0xC5F8, 0xC5F8, 0xC5F8, 0xC618,
    0xBBE8, 0xC3E8, 0xC408, 0xC408, 0xC408, 0xC3E8, 0xC408, 0xC408,
    0xC409, 0xC408, 0xC408, 0xC409, 0xC409, 0xC409, 0xC409, 0xC409,
    0xC409, 0xC409, 0xC409, 0xC409, 0xC409, 0xC409, 0xC409, 0xC409,
    0xC409, 0xC409, 0xC429, 0xC429, 0xC429, 0xC429, 0xC409, 0xD4AB,
    0xFDEE, 0xF488, 0xD365, 0xB2C3, 0xAA42, 0x89A1, 0x9201, 0xA221,
    0xAA21, 0xA222, 0xAA42, 0xC365, 0xF58D, 0xF58C, 0xFDAC, 0xFDCD,
    0xFDAC, 0xFDAC, 0xFD8B, 0xFD8B, 0xDBC5, 0xBA82, 0xBA82, 0xB242,
    0xAA21, 0xB221, 0xC282, 0xB241, 0xBA61, 0xC2A2, 0xD324, 0xDB43,
    0xD2E2, 0xF4C9, 0xECCA, 0xAC0B, 0xB44C, 0xB46D, 0xB48E, 0xB48F,
    0xAC8F, 0xBCF1, 0xF4E9, 0xD2E2, 0xB242, 0xD3E6, 0xE488, 0xC303,
    0x91A0, 0xAA62, 0xD3C6, 0xE468, 0xDC47, 0xDC06, 0xDC68, 0xED4D,
    0xEDB0, 0xEDB0, 0xEDD1, 0xF654, 0xFE95, 0xF695, 0xF674, 0xFE95,
    0xFEB6, 0xF613, 0xE54F, 0x8AC7, 0x1000, 0x1000, 0x1000, 0x1000,
    0x0800, 0x0800, 0x0800, 0x0800, 0x0800, 0x0000, 0x0000, 0x0000,
    0x0000, 0x1000, 0x2061, 0x4123, 0x6A05, 0x69E4, 0x4943, 0x5183,
    0x92E7, 0xAB89, 0xB3A9, 0xBBEA, 0xBBEA, 0xC40A, 0xC40A, 0xC42A,
    0xC42B, 0xBBEA, 0xB3CA, 0xA389, 0x9308, 0x7A87, 0x5184, 0x28A1,
    0x1000, 0x0000, 0x1840, 0x8A86, 0xB3CA, 0xC40B, 0xD4CD, 0xE570,
    0xE590, 0xED90, 0xEDD2, 0xEDF2, 0xF5F2, 0xEDD1, 0xEDB1, 0xEDD1,
    0xEDF2, 0xED8F, 0xE4A9, 0xED0A, 0xF54B, 0xF50A, 0xD3E6, 0xB282,
    0xA201, 0x99E1, 0x99E1, 0xAA42, 0xBA61, 0xC261, 0xC282, 0xBA41,
    0xF50B, 0xFEB2, 0xCE17, 0xBDD8, 0xBDD7, 0xBDD7, 0xBDD8, 0xBDD8,
    0xBDD8, 0xBDD8, 0xBDD8, 0xBDD8, 0xBDF8, 0xC595, 0xFDAE, 0xF4EA,
    0xD322, 0xD2E2, 0xD303, 0xC2A2, 0xC282, 0xB221, 0xB221, 0xB262,
    0xC2A1, 0xEC67, 0xFE0E, 0xFDCD, 0xFDAC, 0xFDAC, 0xFDAC, 0xFD4A,
    0xD344, 0xBAA3, 0xAA22, 0xB241, 0xB261, 0xB262, 0x9A01, 0xA221,
    0x9A01, 0xAA41, 0xBA82, 0xBAC4, 0xAA62, 0x9A43, 0x5962, 0x2860,
    0x38C0, 0x40C1, 0x2880, 0x2880, 0x4901, 0x40C1, 0x6983, 0x92E9,
    0xBD55, 0xC5F8, 0xBDD8, 0xC5F8, 0xC5F8, 0xC5F8, 0xC5F8, 0xC5F8,
    0xC5F8, 0xC5F8, 0xC5F8, 0xC5F8, 0xC5F8, 0xC5F8, 0xC5F8, 0xC618,
    0xB387, 0xB3A7, 0xB3A8, 0xB3A8, 0xB3A8, 0xB3A8, 0xB3A8, 0xB3A8,
    0xB3A8, 0xB3A8, 0xB3A8, 0xB3A8, 0xB3C8, 0xBBC8, 0xB3C8, 0xB3C8,
    0xB3C8, 0xB3C8, 0xB3C8, 0xBBC8, 0xBBC8, 0xBBC8, 0xBBC8, 0xBBC8,
    0xBBC8, 0xBBC8, 0xBBE8, 0xBBE8, 0xBBE8, 0xBBE8, 0xBC09, 0xBBC8,
    0xE52D, 0xF50B, 0xE3C6, 0xCB45, 0xAA82, 0x89A1, 0xA242, 0xA221,
    0x9A01, 0xB282, 0xB282, 0xCBC6, 0xED2C, 0xF56C, 0xFDAD, 0xFDCE,
    0xFD8C, 0xFDAC, 0xFD6A, 0xFD6B, 0xE406, 0xCAE2, 0xC2A2, 0xAA21,
    0xAA01, 0xBA61, 0xB262, 0xB262, 0xC261, 0xCAC3, 0xBA82, 0xCAC2,
    0xCAC2, 0xE3A5, 0xFD8C, 0xCC4B, 0xAC4C, 0xB48D, 0xB48E, 0xB48F,
    0xB4AF, 0xACD1, 0xBD33, 0xE4CB, 0xC2C1, 0xBAC3, 0xDC48, 0xCB44,
    0x9180, 0x91C1, 0xD3E6, 0xDC68, 0xDC26, 0xDC06, 0xDC06, 0xDC47,
    0xED4E, 0xED8F, 0xEDD1, 0xEE12, 0xF633, 0xF675, 0xFEB6, 0xFED7,
    0xFEB6, 0xF5F2, 0xED90, 0xC42B, 0x3081, 0x2000, 0x1800, 0x1000,
    0x0800, 0x0800, 0x0000, 0x0000, 0x1800, 0x2020, 0x2020, 0x1820,
    0x1800, 0x1000, 0x0800, 0x0000, 0x0000, 0x0800, 0x0000, 0x0000,
    0x0000, 0x0800, 0x1000, 0x1020, 0x1020, 0x1861, 0x1861, 0x1840,
    0x2081, 0x1020, 0x0800, 0x0000, 0x0000, 0x0000, 0x0000, 0x0800,
    0x1000, 0x1820, 0x71E4, 0xBBCA, 0xCC8D, 0xDCEE, 0xE590, 0xEDD1,
    0xEDF2, 0xEDF2, 0xEDF2, 0xEDF2, 0xF5F2, 0xEDF2, 0xEDB0, 0xED90,
    0xED90, 0xE4CA, 0xECEA, 0xECEA, 0xF54B, 0xED0A, 0xC365, 0xAA21,
    0xA200, 0x99E1, 0xA221, 0x9A01, 0xAA21, 0xC282, 0xC261, 0xD364,
    0xFE4F, 0xE676, 0xBDD8, 0xBDD7, 0xBDD8, 0xBDD8, 0xBDD8, 0xBDF8,
    0xBDF8, 0xBDF8, 0xBDD8, 0xBDF8, 0xC5D7, 0xED4E, 0xFD8C, 0xDB23,
    0xC261, 0xD2C2, 0xCAA2, 0xBA41, 0xAA01, 0xBA61, 0xCAC2, 0xB282,
    0xB261, 0xE447, 0xFDAC, 0xFD8C, 0xFDAC, 0xFDCD, 0xFDED, 0xFD4A,
    0xDB64, 0xB262, 0xBA82, 0xB241, 0xB262, 0xBAA2, 0xAA21, 0xA201,
    0x91C1, 0x99E1, 0xAA21, 0xB2A3, 0xB283, 0xCB85, 0xCC49, 0x7223,
    0x3080, 0x38A0, 0x30A0, 0x30A1, 0x5101, 0x8204, 0xA3ED, 0xB575,
    0xB596, 0xBDB7, 0xBDD7, 0xC5F8, 0xC5F8, 0xC5F8, 0xC5F8, 0xC5F8,
    0xC5F8, 0xC5F8, 0xC5F8, 0xC5F8, 0xC5F8, 0xC5F8, 0xC618, 0xC618,
    0xA327, 0xA327, 0xA347, 0xA347, 0xA347, 0xA347, 0xA327, 0xA347,
    0xA347, 0xA347, 0xA347, 0xA347, 0xA367, 0xAB67, 0xAB67, 0xAB67,
    0xAB67, 0xAB67, 0xAB67, 0xAB67, 0xAB87, 0xAB87, 0xAB87, 0xAB87,
    0xAB87, 0xAB87, 0xB388, 0xB3A8, 0xB3A8, 0xB3A8, 0xB3C8, 0xB3A8,
    0xB3C8, 0xED2C, 0xF447, 0xDBE6, 0xAA83, 0xA242, 0xAA83, 0xA242,
    0xAA62, 0xBAA3, 0xBAE3, 0xB2A3, 0xD428, 0xF56C, 0xF56B, 0xFDCE,
    0xFDAC, 0xFDAC, 0xFDCD, 0xFDEE, 0xF54B, 0xDB84, 0xCB03, 0xBA82,
    0xBA82, 0xD324, 0xBAC3, 0xB241, 0xBA61, 0xBA61, 0xC2A2, 0xC2C2,
    0xCAE3, 0xD2E2, 0xFD2A, 0xED8D, 0xB42C, 0xB48D, 0xB48E, 0xB4AF,
    0xB4B0, 0xB4D1, 0xACF3, 0xBD55, 0xDD2E, 0xCAE1, 0xCB64, 0xCBA5,
    0xB2A2, 0xA1E0, 0xCB85, 0xDC27, 0xD406, 0xD3E6, 0xD3E6, 0xD3E6,
    0xDC27, 0xE52D, 0xED90, 0xE56F, 0xEDD1, 0xF654, 0xFE95, 0xFEB6,
    0xFE95, 0xF654, 0xF613, 0xE54F, 0x7205, 0x3000, 0x2820, 0x1000,
    0x0800, 0x0000, 0x1820, 0x4081, 0x50A1, 0x50A1, 0x4881, 0x4061,
    0x3840, 0x3840, 0x3040, 0x2020, 0x1000, 0x0800, 0x0800, 0x0000,
    0x0000, 0x0800, 0x0800, 0x0800, 0x0000, 0x0000, 0x0000, 0x0000,
    0x0000, 0x0800, 0x0800, 0x0800, 0x0800, 0x0800, 0x0800, 0x1000,
    0x0800, 0x5122, 0xAB68, 0xCC8D, 0xDD2F, 0xE590, 0xEDF2, 0xF613,
    0xF613, 0xF634, 0xF613, 0xEDF2, 0xEDF2, 0xEDF2, 0xEDD1, 0xEDB1,
    0xE4EB, 0xE4A8, 0xECCA, 0xECEA, 0xF56C, 0xED0A, 0xB2E4, 0x99A0,
    0x99C0, 0xAA41, 0xA221, 0x99C0, 0xB221, 0xCAC2, 0xDB63, 0xFD29,
    0xF673, 0xC5F8, 0xBDD7, 0xBDD7, 0xBDD8, 0xBDD8, 0xBDF8, 0xBDF8,
    0xBDD8, 0xBDF8, 0xBDD8, 0xBDF9, 0xDD50, 0xFDEE, 0xEC26, 0xCAC2,
    0xCAE3, 0xD2E2, 0xC261, 0xA201, 0xB241, 0xBA61, 0xAA01, 0xA221,
    0xBAA2, 0xD364, 0xF52B, 0xFDCD, 0xFDEE, 0xFDEE, 0xFDAC, 0xFD6B,
    0xEC68, 0xCAE3, 0xC282, 0xA201, 0xA221, 0x99E1, 0xA201, 0xA242,
    0xAA42, 0xA221, 0xA221, 0x9A01, 0xAA21, 0xD3C5, 0xE50B, 0xC408,
    0x7A03, 0x5101, 0x40C0, 0x5962, 0x92C8, 0xA470, 0xA513, 0xA534,
    0xAD54, 0xB596, 0xBDB7, 0xBDD8, 0xC5F8, 0xC5F8, 0xC5F8, 0xC5F8,
    0xC5F8, 0xC5F8, 0xC5F8, 0xC5F8, 0xC5F8, 0xC5F8, 0xC5F8, 0xC618,
    0x8AC6, 0x8AC6, 0x92C6, 0x92E6, 0x92C6, 0x92C6, 0x92C6, 0x92C6,
    0x92E6, 0x92E6, 0x92E6, 0x92E6, 0x92E6, 0x9306, 0x9B06, 0x9B06,
    0x9B06, 0x9B06, 0x9B06, 0x9B06, 0x9B27, 0x9B27, 0xA326, 0xA326,
    0xA326, 0xA327, 0xA347, 0xA347, 0xA347, 0xA367, 0xA367, 0xAB67,
    0xA347, 0xBC09, 0xFD2B, 0xE3E6, 0xBAC3, 0xBAC3, 0xBAC3, 0xAA62,
    0xB2A3, 0xBAA3, 0xAA62, 0xA242, 0xB2E4, 0xECEA, 0xF58C, 0xF56B,
    0xFDAD, 0xFD6B, 0xFD8B, 0xFD8B, 0xFDAC, 0xF4C8, 0xCB03, 0xBA82,
    0xC2A2, 0xBA82, 0xCB04, 0xBAA2, 0xC2A2, 0xBA61, 0xCAC2, 0xC2A2,
    0xC2A2, 0xD303, 0xEC87, 0xFE0E, 0xCCEE, 0xB46D, 0xB4AE, 0xB48F,
    0xB4B0, 0xB4F2, 0xB513, 0xB514, 0xB577, 0xD572, 0xD3A6, 0xD384,
    0xCB65, 0xC324, 0xBB03, 0xD3C6, 0xD3E5, 0xD3E6, 0xD3E6, 0xD3E6,
    0xD3C5, 0xD406, 0xE50C, 0xE56F, 0xEDB0, 0xF633, 0xF675, 0xFEB6,
    0xFE95, 0xFEB6, 0xF674, 0xF5F2, 0xBC0B, 0x4881, 0x4040, 0x2000,
    0x0800, 0x1820, 0x7103, 0x7944, 0x7124, 0x6903, 0x60E3, 0x58C2,
    0x48A1, 0x48A1, 0x4881, 0x4060, 0x3040, 0x1800, 0x0800, 0x1800,
    0x2020, 0x3020, 0x3020, 0x2820, 0x2820, 0x2820, 0x2020, 0x0800,
    0x0000, 0x0800, 0x0800, 0x0800, 0x0800, 0x0000, 0x0800, 0x0800,
    0x30A1, 0x9B08, 0xC44C, 0xDD2F, 0xED91, 0xEDD2, 0xF613, 0xF634,
    0xF634, 0xF613, 0xF612, 0xEDD2, 0xED90, 0xE590, 0xED90, 0xE52D,
    0xE4A9, 0xE4A9, 0xE4A9, 0xECC9, 0xED0A, 0xECEA, 0xBB24, 0x91A0,
    0x99E1, 0xA201, 0xAA01, 0xB220, 0xC2A1, 0xE3A4, 0xF4C7, 0xFDEF,
    0xCE18, 0xBDD8, 0xBDD7, 0xBDD7, 0xBDF8, 0xBDF8, 0xBDD8, 0xBDF8,
    0xBDF8, 0xBDF8, 0xBDF9, 0xCD74, 0xFD8D, 0xF4C9, 0xD303, 0xCAE3,
    0xC2A2, 0xBA41, 0xA1E1, 0xA201, 0xC262, 0xBA41, 0xA201, 0xBA82,
    0xC2C2, 0xC2A1, 0xCB03, 0xF56C, 0xFE0E, 0xFDED, 0xFDAC, 0xFDEE,
    0xF56C, 0xD303, 0xB241, 0xAA21, 0xAA42, 0x99E1, 0xA201, 0xB262,
    0xBAA2, 0xB282, 0xA201, 0xA201, 0xC323, 0xE4C9, 0xE52B, 0xDCCA,
    0xDC8A, 0x9307, 0x7267, 0x93AC, 0x9490, 0x8C70, 0x8C90, 0x9CD2,
    0xA513, 0xAD55, 0xB596, 0xBDB7, 0xC5F8, 0xC5F8, 0xC5F8, 0xC5F8,
    0xC5F8, 0xC5F8, 0xC5F8, 0xC5F8, 0xC5F8, 0xC5F8, 0xC5F8, 0xC5F8,
    0x7A85, 0x8285, 0x8265, 0x8265, 0x8285, 0x8285, 0x8285, 0x8285,
    0x8285, 0x8285, 0x8285, 0x8285, 0x8285, 0x8285, 0x8AA5, 0x8AA5,
    0x82A5, 0x8AA5, 0x8AA5, 0x8AC6, 0x8AC6, 0x92C6, 0x92C6, 0x92C6,
    0x92E6, 0x92E6, 0x92E6, 0x92E6, 0x9B06, 0x9B06, 0x9B06, 0x9B06,
    0x9B06, 0x9B07, 0xDCCB, 0xFC87, 0xC303, 0xC304, 0xBAC3, 0xAA42,
    0xBAA3, 0xB282, 0x91E1, 0x91C1, 0xA241, 0xDC89, 0xFDCD, 0xF52A,
    0xF529, 0xFDCD, 0xFDCD, 0xFD6B, 0xFD4A, 0xFD4A, 0xECA7, 0xEC46,
    0xEC67, 0xDBE5, 0xCB03, 0xCB03, 0xCAE2, 0xBA82, 0xBA61, 0xC282,
    0xBA41, 0xCAE2, 0xF4E9, 0xFDAC, 0xF5EF, 0xBCCE, 0xB48E, 0xB4AF,
    0xB4D0, 0xB4F1, 0xB4F3, 0xB535, 0xB556, 0xB5B8, 0xC5B7, 0xD4CE,
    0xDC07, 0xCB23, 0xC345, 0xD3C6, 0xCBA5, 0xCBA5, 0xCBC5, 0xCBC5,
    0xCBC5, 0xD3A5, 0xD406, 0xE50D, 0xE54F, 0xEDD1, 0xF675, 0xFEB6,
    0xFEB6, 0xFEB6, 0xFE95, 0xF633, 0xE570, 0x79E5, 0x4840, 0x3040,
    0x1000, 0x48A2, 0xA1E7, 0xA1E7, 0x99A6, 0x8165, 0x7944, 0x7103,
    0x68E3, 0x60E2, 0x60C2, 0x50A2, 0x4881, 0x3040, 0x3840, 0x4881,
    0x4881, 0x4881, 0x4881, 0x4861, 0x4861, 0x4881, 0x4861, 0x3840,
    0x1000, 0x0000, 0x0800, 0x0800, 0x0800, 0x0800, 0x0000, 0x2040,
    0x92E7, 0xCC8D, 0xDD0E, 0xE591, 0xEDB1, 0xEDF2, 0xF634, 0xF613,
    0xF613, 0xF5F2, 0xEDB1, 0xEDB1, 0xE56F, 0xE54F, 0xE52D, 0xE4A9,
    0xE488, 0xE488, 0xE488, 0xE488, 0xE4A9, 0xECC9, 0xBB04, 0x99A0,
    0x99A0, 0xAA00, 0xBA41, 0xCAE2, 0xE406, 0xF4E8, 0xFD6B, 0xD616,
    0xBDF8, 0xBDF8, 0xBDD8, 0xBDD8, 0xBDF8, 0xBDF8, 0xBDF8, 0xBDF8,
    0xBDF8, 0xBDF8, 0xBDB7, 0xF54E, 0xFD4B, 0xD2E2, 0xCAC2, 0xD303,
    0xCAA2, 0xBA82, 0xBA41, 0xC2A2, 0xC282, 0xBA41, 0xBA82, 0xB241,
    0xAA01, 0xA9E1, 0xB241, 0xF52B, 0xFDCD, 0xFD6B, 0xFDAC, 0xFDAC,
    0xFD6B, 0xCB03, 0x9160, 0xAA21, 0xB261, 0xB262, 0xC2A2, 0xC2C2,
    0xBA81, 0xBAA2, 0xBAC2, 0xCB43, 0xE468, 0xE4EA, 0xE4EA, 0xE52B,
    0xED6C, 0xEDD1, 0x9CB0, 0x844F, 0x7C0D, 0x7BED, 0x844F, 0x8C90,
    0x94B1, 0xA513, 0xAD55, 0xB596, 0xBDD7, 0xC5F8, 0xC5F8, 0xC5F8,
    0xC5F8, 0xC5F8, 0xC5F8, 0xC5F8, 0xC5F8, 0xC5F8, 0xC5F8, 0xC5F8,
    0x7A65, 0x7A65, 0x7A65, 0x7A65, 0x7A65, 0x7A65, 0x7A65, 0x7A65,
    0x7A65, 0x7A65, 0x7A65, 0x7A65, 0x7A65, 0x7A65, 0x7A45, 0x7A44,
    0x7A44, 0x7A44, 0x7A65, 0x8265, 0x8285, 0x8285, 0x8285, 0x8A85,
    0x8AA5, 0x8AA5, 0x8AA5, 0x8AA5, 0x8AA5, 0x8AA5, 0x8AA5, 0x8AC5,
    0x8AC5, 0x8AA5, 0x9306, 0xF50B, 0xE3C5, 0xBB04, 0xCB24, 0xB282,
    0xAA62, 0xB283, 0xA242, 0xA201, 0xA242, 0xE4A9, 0xF54B, 0xF52A,
    0xF58C, 0xFDAD, 0xFDEE, 0xFDAC, 0xFD6B, 0xFD6B, 0xF52A, 0xF52A,
    0xF52A, 0xFD8C, 0xF4E9, 0xE426, 0xDBA5, 0xB241, 0xA1C0, 0xB221,
    0xC261, 0xD302, 0xF4E9, 0xFDAB, 0xFDED, 0xDD6F, 0xB48F, 0xB4AF,
    0xB4D0, 0xB4F1, 0xB513, 0xB535, 0xB576, 0xBD97, 0xBDD9, 0xBE1A,
    0xCDD6, 0xD428, 0xBA60, 0xBAC3, 0xC385, 0xCBA5, 0xCB85, 0xCBA5,
    0xCBA5, 0xCBC5, 0xCBA5, 0xD406, 0xDCCC, 0xE570, 0xEE13, 0xF675,
    0xFEB6, 0xFEB6, 0xFEB6, 0xF674, 0xF612, 0xBC0C, 0x5080, 0x4860,
    0x2800, 0x58C2, 0xC269, 0xC289, 0xBA48, 0xA9E7, 0x99A6, 0x8985,
    0x8165, 0x7944, 0x7124, 0x6903, 0x60E2, 0x5081, 0x50A1, 0x58C2,
    0x58C2, 0x60C2, 0x58C2, 0x58C2, 0x60C2, 0x60E2, 0x58E2, 0x58C2,
    0x4881, 0x1000, 0x0000, 0x0800, 0x0800, 0x1000, 0x1000, 0x7205,
    0xD48D, 0xDD4F, 0xED91, 0xEDF3, 0xEDF3, 0xEE13, 0xF634, 0xF613,
    0xEDD1, 0xEDD2, 0xED90, 0xE56F, 0xE54F, 0xDCCB, 0xDC48, 0xDC68,
    0xDC68, 0xDC68, 0xDC68, 0xDC68, 0xDC67, 0xE488, 0xBAE2, 0xB240,
    0xB260, 0xC2C1, 0xD343, 0xE447, 0xF509, 0xFD4A, 0xDDD4, 0xBDF9,
    0xBDF8, 0xBDF8, 0xBDF8, 0xBDF8, 0xBDF8, 0xBDF8, 0xBDF8, 0xBDF8,
    0xBDF8, 0xBDF9, 0xDD30, 0xFD8C, 0xDB44, 0xC281, 0xD2E3, 0xCAC2,
    0xCAC3, 0xCAE3, 0xCAC3, 0xCAA2, 0xBA41, 0xAA21, 0xB242, 0xB241,
    0xAA01, 0x99C1, 0xAA41, 0xE406, 0xFD6B, 0xFD8C, 0xFDAD, 0xFD4B,
    0xFD6B, 0xDC06, 0xBA81, 0xBA81, 0xCB03, 0xDBA4, 0xE447, 0xE488,
    0xDC06, 0xDC26, 0xE4A9, 0xE4A9, 0xE4C9, 0xED0B, 0xE50B, 0xE50A,
    0xFDEF, 0xDDF3, 0x842E, 0x7BEC, 0x6BAA, 0x6B8A, 0x73EC, 0x842E,
    0x8C6F, 0x94B1, 0xA513, 0xAD75, 0xB5B6, 0xBDD8, 0xC5F8, 0xC5F8,
    0xC5F8, 0xC5F8, 0xC5F8, 0xC5F8, 0xC5F8, 0xC5F8, 0xC5F8, 0xC5F8,
    0x7A86, 0x7A86, 0x7A86, 0x7A86, 0x7A86, 0x7A66, 0x7A65, 0x7A65,
    0x7A65, 0x7A65, 0x7A65, 0x7A65, 0x7A65, 0x7A65, 0x7A65, 0x7A45,
    0x7A44, 0x7A44, 0x7A44, 0x7A44, 0x8265, 0x8265, 0x8285, 0x8285,
    0x8285, 0x8285, 0x8285, 0x8285, 0x8285, 0x8285, 0x8285, 0x8285,
    0x8285, 0x8285, 0x7A64, 0xABA8, 0xFCE9, 0xE3C5, 0xD365, 0xC2E4,
    0xA262, 0xAA82, 0xAA62, 0xB282, 0xB2A3, 0xECC9, 0xF54B, 0xF56B,
    0xF54B, 0xFD8C, 0xFDAC, 0xFDAC, 0xFD6B, 0xFDEE, 0xFDCD, 0xFD8C,
    0xFD8C, 0xFDAC, 0xFD8C, 0xFD6B, 0xFD8B, 0xE427, 0xCAC2, 0xCAE2,
    0xD322, 0xE405, 0xF529, 0xFD8B, 0xFDAB, 0xF5CE, 0xBCCF, 0xB4AF,
    0xB4D0, 0xB4F1, 0xB513, 0xB535, 0xB576, 0xBDB7, 0xBDD8, 0xBDF9,
    0xBE1A, 0xC5F9, 0xCCF0, 0xB306, 0xB241, 0xC343, 0xCBA5, 0xCB85,
    0xCBC5, 0xCBA5, 0xCBA5, 0xCBC5, 0xD3E6, 0xDCCC, 0xE5B1, 0xEE13,
    0xF675, 0xFEB6, 0xFEB6, 0xFE95, 0xF633, 0xEDB1, 0x8205, 0x5860,
    0x5861, 0x60A1, 0xCAAA, 0xDB0C, 0xD2CB, 0xCA89, 0xBA28, 0xAA07,
    0xA1E7, 0x91A6, 0x8985, 0x8164, 0x7924, 0x68E3, 0x6903, 0x7103,
    0x7123, 0x7123, 0x7103, 0x7123, 0x7124, 0x7924, 0x7924, 0x7124,
    0x6903, 0x2840, 0x0000, 0x1000, 0x1800, 0x1800, 0x5943, 0xC44B,
    0xDD2F, 0xEDD2, 0xF613, 0xF634, 0xF655, 0xF634, 0xEE34, 0xEDF2,
    0xEDB1, 0xED90, 0xE56F, 0xE54F, 0xDCEC, 0xDC68, 0xDC27, 0xDC07,
    0xD407, 0xDC47, 0xDC48, 0xDC48, 0xDC27, 0xDC27, 0xD3A5, 0xD3A4,
    0xD3C5, 0xDC06, 0xDC47, 0xECA8, 0xF54B, 0xDE15, 0xBDF9, 0xBDF8,
    0xBDF8, 0xBDF8, 0xBDF8, 0xBDF8, 0xBDD8, 0xBDF8, 0xBDF8, 0xBDF8,
    0xBE19, 0xCD94, 0xFDCE, 0xF4C9, 0xC261, 0xCAA2, 0xC281, 0xC2C2,
    0xBAA2, 0xBAA2, 0xD323, 0xBA41, 0xAA01, 0xA201, 0xAA21, 0xB241,
    0xA1E1, 0x91C1, 0xA221, 0xCB23, 0xFD4B, 0xFDAD, 0xFDAC, 0xFDAC,
    0xFDAC, 0xF50A, 0xECC8, 0xECA8, 0xECC8, 0xF54B, 0xF5AD, 0xF58D,
    0xED4C, 0xED2A, 0xED2B, 0xE4EA, 0xED0A, 0xE50B, 0xE4A9, 0xFD8D,
    0xE634, 0x8C6F, 0x7C0D, 0x6BAA, 0x6368, 0x5B48, 0x6369, 0x73CC,
    0x7C0D, 0x8C70, 0x9CF2, 0xA534, 0xB596, 0xBDD7, 0xC5F8, 0xC5F8,
    0xC5F8, 0xC5F8, 0xC5F8, 0xC5F8, 0xC5F8, 0xC5F8, 0xC5F8, 0xC5F8,
    0x7AA6, 0x7A86, 0x8286, 0x8286, 0x7A86, 0x7A86, 0x7A86, 0x7A86,
    0x7A86, 0x7A86, 0x7A86, 0x7A86, 0x7A86, 0x7A85, 0x7A65, 0x7A65,
    0x7A65, 0x7A65, 0x8265, 0x8285, 0x8285, 0x8285, 0x8285, 0x8AA5,
    0x8AA5, 0x8AA5, 0x82A5, 0x82A5, 0x82A5, 0x8AA5, 0x8AA5, 0x82A5,
    0x82A5, 0x8AA5, 0x8AA5, 0x8AC5, 0xECEB, 0xFCC9, 0xDB64, 0xBAE3,
    0xA242, 0xAA62, 0x9A01, 0xAA82, 0xD3C6, 0xED2A, 0xF58C, 0xF58C,
    0xF58C, 0xF54B, 0xF54B, 0xFD6C, 0xF54B, 0xFDEE, 0xFDCD, 0xFD6B,
    0xFDAC, 0xFDAC, 0xFD6B, 0xFD4A, 0xFDAC, 0xFDCD, 0xFD2A, 0xF52A,
    0xF4C8, 0xF4C8, 0xFD6A, 0xFD6B, 0xFD8B, 0xFDED, 0xDD6F, 0xB48F,
    0xB4D0, 0xB4F2, 0xB513, 0xB535, 0xB576, 0xBDB8, 0xBDD9, 0xBDF9,
    0xBDF9, 0xBDF9, 0xBE1A, 0xBDF9, 0xBCF2, 0xB346, 0xCB85, 0xD3C5,
    0xCB84, 0xCBA5, 0xCBA5, 0xCBA4, 0xCBA4, 0xCBC5, 0xDCAB, 0xEDD1,
    0xF634, 0xFEB6, 0xFEB6, 0xFEB6, 0xFE75, 0xFE53, 0xC42C, 0x68A1,
    0x80E2, 0x6060, 0xAA07, 0xE36D, 0xE36D, 0xE32C, 0xDACB, 0xCAAA,
    0xC269, 0xB228, 0xA1E7, 0x99C6, 0x9186, 0x8965, 0x8965, 0x8965,
    0x8985, 0x8985, 0x8165, 0x8985, 0x8985, 0x9186, 0x91A6, 0x89A5,
    0x7964, 0x3061, 0x0800, 0x1800, 0x2000, 0x48C1, 0xC42B, 0xDD2F,
    0xEDB1, 0xF633, 0xF654, 0xF633, 0xF634, 0xEE14, 0xEE13, 0xEDB1,
    0xE56F, 0xE52E, 0xE54F, 0xDCEC, 0xD427, 0xDC68, 0xDC07, 0xD3E6,
    0xD3C6, 0xC386, 0xC3A6, 0xDC48, 0xD3E6, 0xD3E6, 0xD406, 0xDC26,
    0xD3E6, 0xD407, 0xE406, 0xF50A, 0xDDF5, 0xBDF9, 0xBDF8, 0xBDF8,
    0xBDF8, 0xBDF8, 0xBDF8, 0xBDF8, 0xBDF8, 0xBDF8, 0xBDF8, 0xBE18,
    0xC5B6, 0xF5D0, 0xFDCD, 0xE3A4, 0xDB23, 0xD323, 0xCAE2, 0xB262,
    0xAA42, 0xB262, 0xB221, 0x99C1, 0xAA22, 0xA1E1, 0xB242, 0xB262,
    0xA222, 0xAA41, 0xA201, 0xBAA2, 0xFD6B, 0xFE0E, 0xFDEE, 0xFDCD,
    0xF54B, 0xF56B, 0xF58C, 0xF54B, 0xF56C, 0xF5AD, 0xECEA, 0xED4C,
    0xED2B, 0xED4B, 0xE4E9, 0xECEA, 0xED6D, 0xED6C, 0xFDEF, 0xD5F5,
    0xA512, 0x8C6F, 0x7C0D, 0x6BAA, 0x5B48, 0x5306, 0x5306, 0x6369,
    0x6BAB, 0x842E, 0x94B1, 0x9D13, 0xAD54, 0xBDB6, 0xC5F8, 0xC5F8,
    0xC5F8, 0xC5F8, 0xC5F8, 0xC5F8, 0xC5F8, 0xC5F8, 0xC5F8, 0xC5F8,
    0x82C7, 0x82A7, 0x82A7, 0x82A7, 0x82A7, 0x82A7, 0x82A7, 0x82A6,
    0x7A86, 0x7A86, 0x7A86, 0x7A86, 0x7A86, 0x8286, 0x8286, 0x7A86,
    0x8286, 0x82A6, 0x82A6, 0x82A6, 0x82A6, 0x82A6, 0x82A6, 0x8AC6,
    0x8AC6, 0x8AC6, 0x8AC6, 0x8AC6, 0x8AC6, 0x8AC6, 0x8AC6, 0x8AC6,
    0x8AC6, 0x8AC6, 0x92E6, 0x8AC6, 0xAB88, 0xFD8C, 0xE3E6, 0xC2E3,
    0xAAA3, 0xAA62, 0xA222, 0xC324, 0xED0A, 0xF56B, 0xF54B, 0xF58C,
    0xF5AE, 0xF56C, 0xED2B, 0xF56C, 0xFDAD, 0xFDAC, 0xFD6B, 0xF509,
    0xFD8C, 0xFDAC, 0xFDCD, 0xFDCD, 0xFDCD, 0xFDCD, 0xFD8C, 0xF54A,
    0xF54A, 0xF52A, 0xF54A, 0xFD6B, 0xFDCC, 0xECA9, 0xEC27, 0xC4CE,
    0xB4D0, 0xB4F2, 0xB513, 0xB535, 0xB577, 0xB5B8, 0xBDD9, 0xBDF9,
    0xBDF9, 0xBDF9, 0xBDD9, 0xBDF9, 0xBE3A, 0xBDF9, 0xC595, 0xCD0F,
    0xD428, 0xCBC5, 0xCB84, 0xC384, 0xC385, 0xCBA5, 0xCBC5, 0xDCCB,
    0xF634, 0xF695, 0xFE95, 0xFEB6, 0xFEB6, 0xFE54, 0xF5D2, 0x9226,
    0x88E3, 0x70A2, 0x78E3, 0xE36D, 0xEBEF, 0xEBCF, 0xEB8D, 0xE32C,
    0xDB0B, 0xD2CA, 0xC269, 0xB248, 0xAA07, 0xA1E7, 0xA1E7, 0xA1E7,
    0xA1E7, 0xA1E7, 0xA1E7, 0xA1E7, 0xAA07, 0xAA07, 0xA207, 0xA207,
    0x8185, 0x2820, 0x2000, 0x2800, 0x3840, 0xBBEB, 0xE570, 0xEDB1,
    0xF613, 0xF634, 0xF654, 0xF634, 0xEDF2, 0xEDD2, 0xEDD1, 0xE590,
    0xE52E, 0xDCEC, 0xDCCB, 0xDC48, 0xDC27, 0xDC27, 0xDC47, 0xD427,
    0xBB24, 0x9202, 0x9A42, 0xC345, 0xD407, 0xD427, 0xDC68, 0xD3A5,
    0xBAE3, 0xD322, 0xECCA, 0xD616, 0xBDF9, 0xBDF8, 0xBDF8, 0xBDF8,
    0xBDF8, 0xBDF8, 0xBDD8, 0xBDD8, 0xBDF8, 0xBDF8, 0xBDF8, 0xBDD7,
    0xE4ED, 0xFE0E, 0xEC87, 0xCAC2, 0xBA62, 0xBA61, 0xBA82, 0xBA82,
    0xB242, 0x99E1, 0x99C1, 0xA201, 0xC282, 0xBA62, 0xB242, 0xBA82,
    0xA201, 0xB241, 0xA1E1, 0xDBA4, 0xFDEE, 0xFDCE, 0xFDCD, 0xFD8C,
    0xFD6C, 0xFDAC, 0xFDAC, 0xF58C, 0xF58D, 0xED2B, 0xECC8, 0xED0A,
    0xED2B, 0xED4C, 0xED2B, 0xF56D, 0xF5EF, 0xFE31, 0xDE36, 0xA534,
    0xA512, 0x94B0, 0x842E, 0x73CB, 0x6368, 0x4B05, 0x42C4, 0x52E6,
    0x6348, 0x73EC, 0x8C8F, 0x9CD1, 0xA534, 0xB596, 0xBDD7, 0xC5F8,
    0xC618, 0xC5F8, 0xC5F8, 0xC5F8, 0xC5F8, 0xC5F8, 0xC5F8, 0xC5F8,
    0x82E7, 0x82C7, 0x82C7, 0x82C7, 0x82C7, 0x82C7, 0x82A7, 0x82A7,
    0x82A7, 0x82A6, 0x82A6, 0x82A6, 0x82A6, 0x82A6, 0x82A6, 0x82A6,
    0x82A6, 0x82C6, 0x8AC7, 0x8AC7, 0x8AC7, 0x8AC7, 0x8AC7, 0x8AC7,
    0x8AC7, 0x8AC7, 0x8AE7, 0x8AE7, 0x8AE7, 0x8AE7, 0x92E7, 0x92E7,
    0x92E7, 0x92E6, 0x9307, 0x9B07, 0x92E6, 0xD48A, 0xFCA8, 0xD364,
    0xCB45, 0xB2A3, 0xB2A3, 0xCBE7, 0xED4B, 0xED2A, 0xED0A, 0xF56C,
    0xF56C, 0xF58D, 0xDC48, 0xCBA6, 0xDC27, 0xE4A8, 0xF509, 0xFD8C,
    0xFDCD, 0xFDCD, 0xFDED, 0xFDED, 0xFDED, 0xFDAC, 0xFDAC, 0xFD8B,
    0xF54A, 0xFD8B, 0xFDAC, 0xFDAC, 0xFDCC, 0xECC9, 0xCAE2, 0xDC07,
    0xB4F0, 0xB4F2, 0xB513, 0xB555, 0xB597, 0xB5B8, 0xBDD9, 0xBDF9,
    0xBDF9, 0xBDF9, 0xBDF9, 0xBDF9, 0xBDF9, 0xBDF9, 0xBE1A, 0xBE1A,
    0xBDF8, 0xC573, 0xCC8B, 0xCBE6, 0xCB84, 0xCBA4, 0xCBC5, 0xCBC5,
    0xEDB0, 0xF695, 0xFE95, 0xFEB6, 0xFEB6, 0xFE95, 0xFE74, 0xDD0F,
    0x9184, 0x9123, 0x6061, 0xBA49, 0xF430, 0xF451, 0xF430, 0xF3EF,
    0xEBAE, 0xE36D, 0xDB0B, 0xCAAA, 0xCA89, 0xC289, 0xC289, 0xC269,
    0xBA69, 0xBA69, 0xBA69, 0xC289, 0xC289, 0xC2AA, 0xBA89, 0xAA48,
    0x6924, 0x2800, 0x4040, 0x3800, 0x92A7, 0xED90, 0xEDD2, 0xF613,
    0xF634, 0xF675, 0xF675, 0xF634, 0xEDF2, 0xE590, 0xE56F, 0xE52E,
    0xD4AB, 0xD448, 0xD427, 0xD407, 0xD406, 0xDC47, 0xDC68, 0xB2E4,
    0x89A0, 0x91A0, 0x8980, 0xA221, 0xC385, 0xDC48, 0xCB86, 0xB200,
    0xC280, 0xDCCC, 0xC618, 0xBDF9, 0xBDF8, 0xBDF8, 0xBDF8, 0xBDF8,
    0xBDF8, 0xBDD8, 0xBDD8, 0xBDD8, 0xBDF8, 0xBDF8, 0xBDF9, 0xDD91,
    0xFDCD, 0xFDCD, 0xD364, 0xBA41, 0xBA62, 0xBA62, 0xB261, 0xBA82,
    0xAA01, 0x99E1, 0x9A01, 0xAA62, 0xCAE3, 0xCAC2, 0xC2C3, 0x99E1,
    0x99C1, 0xB241, 0xCB23, 0xFD8B, 0xFDEE, 0xFDCD, 0xFDCD, 0xFD8C,
    0xFDAD, 0xFDCD, 0xFDCD, 0xF56B, 0xF58D, 0xF56C, 0xF54C, 0xED4C,
    0xED4C, 0xED2B, 0xED4C, 0xF610, 0xFE31, 0xF6B7, 0xBD96, 0xAD75,
    0xAD34, 0x9CD2, 0x8C6F, 0x73EC, 0x6389, 0x5306, 0x42A3, 0x42C4,
    0x5327, 0x6BCB, 0x844E, 0x94B1, 0xA513, 0xAD75, 0xBDB6, 0xC5F8,
    0xC5F8, 0xC5F8, 0xC5F8, 0xC5F8, 0xC5F8, 0xC5F8, 0xC5F8, 0xBDF8,
    0x8AE8, 0x8AE8, 0x8AE8, 0x8AE8, 0x8AE8, 0x82C7, 0x82C7, 0x82C7,
    0x82C7, 0x82C7, 0x82C7, 0x82C7, 0x82C7, 0x82C7, 0x8AC7, 0x82C7,
    0x8AC7, 0x8AE7, 0x8AE7, 0x8AE7, 0x8AE7, 0x8AE7, 0x8AE7, 0x8AE7,
    0x8AE7, 0x8AE7, 0x8B07, 0x9307, 0x9307, 0x9307, 0x9307, 0x9307,
    0x9B27, 0x9B27, 0x9B27, 0x9B48, 0x9B47, 0xA368, 0xF4EA, 0xEC26,
    0xCB65, 0xC2E3, 0xBAC3, 0xE4EA, 0xF56C, 0xED2B, 0xED4C, 0xED2B,
    0xF56C, 0xF54C, 0xBB04, 0x9A02, 0xA1E1, 0xB282, 0xCB24, 0xE489,
    0xFD8D, 0xF56C, 0xF58C, 0xFDED, 0xFDCD, 0xFDAC, 0xFDAC, 0xFDAC,
    0xFDAC, 0xFDED, 0xFDED, 0xFDAC, 0xF56B, 0xF4E9, 0xCB43, 0xD302,
    0xCC8C, 0xB4F2, 0xB513, 0xB555, 0xB597, 0xB5B8, 0xBDD9, 0xBDF9,
    0xBDF9, 0xBDF9, 0xBDF9, 0xBDF9, 0xBDF9, 0xBDF9, 0xBDF9, 0xBDF9,
    0xBDF9, 0xBE1A, 0xBDFA, 0xC5B6, 0xCCEF, 0xCC48, 0xD406, 0xD3E6,
    0xCC27, 0xEE12, 0xF674, 0xFE95, 0xFEB6, 0xFE96, 0xFE75, 0xFE75,
    0xCBEC, 0x9944, 0x8903, 0x80E3, 0xDB2C, 0xF450, 0xF491, 0xF4B2,
    0xF450, 0xF3EF, 0xEBAD, 0xE34C, 0xDB2C, 0xDB0B, 0xDB2C, 0xDB0B,
    0xD2EB, 0xD30B, 0xD32C, 0xD32C, 0xD32C, 0xD32C, 0xC2EA, 0x91C6,
    0x4061, 0x5081, 0x5020, 0x81E5, 0xE52F, 0xEDD2, 0xF613, 0xF654,
    0xF655, 0xF675, 0xF654, 0xEE13, 0xE5B0, 0xE54F, 0xDD0D, 0xD46A,
    0xCBC6, 0xD3E6, 0xD407, 0xD407, 0xD427, 0xCBC6, 0xAAC3, 0x91A0,
    0x8960, 0x99C0, 0xA1E0, 0x99E0, 0xC385, 0xCB85, 0xA9C0, 0xC325,
    0xCD73, 0xBE19, 0xBDF8, 0xBDF8, 0xBDF8, 0xBDF8, 0xBDF8, 0xBDD8,
    0xBDD8, 0xBDD8, 0xBDD8, 0xBDF8, 0xBDF8, 0xBDF8, 0xC5F7, 0xFE0F,
    0xFDCD, 0xF4E9, 0xCAE2, 0xC282, 0xCB03, 0xC2C3, 0xB262, 0xB241,
    0x99C0, 0xAA42, 0xC2A2, 0xC2E3, 0xC2A2, 0xBA41, 0xBA82, 0xB262,
    0xB262, 0xCB02, 0xF52B, 0xFE0E, 0xFDEE, 0xFDEE, 0xF56C, 0xF5AD,
    0xF58C, 0xF58C, 0xF5AD, 0xFD8C, 0xFDCE, 0xED2B, 0xED4C, 0xE50B,
    0xDCCA, 0xDCAA, 0xED0B, 0xFE31, 0xFEB5, 0xC5F7, 0xB5B7, 0xB596,
    0xAD55, 0x9CF3, 0x8C90, 0x7C0D, 0x6BAA, 0x5B27, 0x4AC4, 0x42C2,
    0x5305, 0x6BAA, 0x842D, 0x94B0, 0xA4F3, 0xAD54, 0xB596, 0xBDB7,
    0xBDB7, 0xBDD8, 0xBDD8, 0xC5F8, 0xC5F8, 0xC5F8, 0xC5F8, 0xBDF8,
    0x8B09, 0x8B08, 0x8B08, 0x8B08, 0x8B08, 0x8B08, 0x8B08, 0x8B08,
    0x8AE8, 0x8AE8, 0x8AE8, 0x8AE7, 0x8AE7, 0x8AE7, 0x8AE7, 0x8AE7,
    0x8B08, 0x8B08, 0x8B08, 0x9308, 0x9308, 0x9308, 0x9308, 0x9308,
    0x9328, 0x9328, 0x9328, 0x9328, 0x9328, 0x9328, 0x9B48, 0x9B48,
    0x9B48, 0x9B48, 0x9B48, 0x9B48, 0x9B68, 0x9327, 0xBC2B, 0xFDCD,
    0xE3C5, 0xC303, 0xD3C6, 0xF56C, 0xED0A, 0xED4B, 0xF54C, 0xF54B,
    0xF54B, 0xDC27, 0xB262, 0x99E2, 0x99C1, 0xAA21, 0xBA61, 0xBAA2,
    0xD364, 0xD344, 0xCB23, 0xE448, 0xEC47, 0xF54B, 0xFDCD, 0xFDAC,
    0xFDAC, 0xFDCC, 0xFDED, 0xFDCC, 0xF50A, 0xD3A5, 0xD344, 0xC2C2,
    0xD345, 0xBCF1, 0xAD14, 0xB535, 0xB577, 0xB5B8, 0xB5D9, 0xBDF9,
    0xBDF9, 0xBDF9, 0xBDF9, 0xBDF9, 0xBDF9, 0xBDF9, 0xBDF9, 0xBDF9,
    0xBDF9, 0xBDF9, 0xBDD9, 0xBDFA, 0xBE1A, 0xC619, 0xD46A, 0xCB64,
    0xC385, 0xDCCB, 0xF633, 0xF654, 0xFE95, 0xFE95, 0xFEB6, 0xFE75,
    0xFE53, 0xBAE9, 0xA144, 0x9944, 0x9144, 0xDB2C, 0xF450, 0xFCD2,
    0xFCF3, 0xF491, 0xF450, 0xEBEF, 0xEBAE, 0xE3AD, 0xEBAE, 0xEBAE,
    0xE38D, 0xE38D, 0xE3AE, 0xE3AE, 0xDB6D, 0xD32C, 0xAA48, 0x58A1,
    0x5881, 0x6881, 0x89C4, 0xE52F, 0xF613, 0xF634, 0xF654, 0xF675,
    0xF655, 0xF654, 0xEE13, 0xEDD2, 0xE56F, 0xDCCC, 0xCBE7, 0xCBA5,
    0xCBC6, 0xCBE6, 0xD3E6, 0xD407, 0xC385, 0x89A0, 0x8960, 0x9160,
    0x91A0, 0x99C0, 0xBAA1, 0xCB84, 0xD363, 0xBAE4, 0xC46E, 0xC5F8,
    0xBE1A, 0xBDD8, 0xBDF8, 0xBDF8, 0xBDF8, 0xBDF8, 0xBDF8, 0xBDD8,
    0xBDD8, 0xBDD8, 0xBDF8, 0xBDF8, 0xBDF8, 0xBDF8, 0xEE12, 0xFDAC,
    0xFD8C, 0xEC67, 0xCAC2, 0xBA81, 0xBA82, 0xAA41, 0xAA21, 0xA1E1,
    0xA1E1, 0xBAA2, 0xCAC3, 0xBAA3, 0xAA22, 0xA201, 0xBA62, 0xBA82,
    0xBA82, 0xDBC6, 0xFE0E, 0xFDEE, 0xFDEE, 0xFDAC, 0xFD8C, 0xFDEE,
    0xFDCD, 0xF54A, 0xF58C, 0xED4C, 0xD3E7, 0xCB86, 0xCBC7, 0xC365,
    0xB305, 0xC2E3, 0xEBE6, 0xFE52, 0xC5F7, 0xB597, 0xBDD7, 0xB5B7,
    0xAD75, 0xA513, 0x94B1, 0x7C2E, 0x6BCB, 0x5B48, 0x4AE5, 0x4AC3,
    0x5305, 0x6389, 0x7C0D, 0x8C90, 0x9CD2, 0xA513, 0xAD34, 0xAD75,
    0xB576, 0xB596, 0xBDB7, 0xBDD8, 0xC5F8, 0xC5F8, 0xC5F9, 0xC5F9,
    0x9329, 0x9329, 0x9329, 0x9329, 0x8B29, 0x8B29, 0x9329, 0x9329,
    0x8B29, 0x8B08, 0x8B08, 0x8B08, 0x8B08, 0x8B08, 0x8B08, 0x8B28,
    0x9328, 0x9328, 0x9328, 0x9328, 0x9328, 0x9328, 0x9328, 0x9328,
    0x9348, 0x9348, 0x9B48, 0x9B48, 0x9B48, 0x9B48, 0x9B68, 0x9B68,
    0xA368, 0xA368, 0xA368, 0xA368, 0xA368, 0xA368, 0xA368, 0xE5D1,
    0xFE10, 0xECC9, 0xECEA, 0xED6C, 0xED2B, 0xED2B, 0xF56C, 0xF5AD,
    0xED2B, 0xC324, 0x99E1, 0x99E1, 0xA201, 0xA201, 0xB261, 0xB262,
    0xB262, 0xC2C2, 0xB241, 0xBAA2, 0xCAE2, 0xD384, 0xF4EA, 0xFDCD,
    0xFDED, 0xFD8B, 0xFD8B, 0xFD8B, 0xFD8C, 0xD3A5, 0xB241, 0xBAA2,
    0xCAC2, 0xD44B, 0xB535, 0xB535, 0xB577, 0xB5B8, 0xB5D9, 0xBDD9,
    0xBDF9, 0xBDF9, 0xBDF9, 0xBDF9, 0xBDF9, 0xBDF9, 0xBDF9, 0xBDF9,
    0xBDF9, 0xBDF9, 0xBDF9, 0xBDF9, 0xBDD8, 0xBE3A, 0xD4CE, 0xB240,
    0xC324, 0xC344, 0xEDD1, 0xF654, 0xF653, 0xFE96, 0xFED7, 0xFE95,
    0xFE74, 0xF613, 0xC2E9, 0xB185, 0x9923, 0x8903, 0xCACA, 0xF40F,
    0xF491, 0xFCD2, 0xFCF3, 0xF4B2, 0xF471, 0xF450, 0xF450, 0xF430,
    0xF430, 0xEBEF, 0xEBEF, 0xE3CE, 0xDB4C, 0xA227, 0x60A2, 0x70C2,
    0x7881, 0x91A4, 0xED50, 0xF633, 0xF675, 0xFE75, 0xF655, 0xF655,
    0xF634, 0xEDF3, 0xEDF2, 0xE590, 0xDCCB, 0xCBC6, 0xC385, 0xCBC6,
    0xCBE6, 0xCBC6, 0xCBE6, 0xC3A5, 0x91C1, 0x8960, 0x8960, 0x9180,
    0xA1E0, 0xB260, 0xDBC4, 0xDCCB, 0xC4CF, 0xC5B7, 0xC65A, 0xBDF8,
    0xBDD8, 0xBDF8, 0xBDF8, 0xBDF8, 0xBDF8, 0xBDF8, 0xBDF8, 0xBDF8,
    0xBDF8, 0xBDF8, 0xBDF8, 0xBDD8, 0xB5B8, 0xDE15, 0xFDED, 0xFDAC,
    0xFD4A, 0xE405, 0xCAA1, 0xBA61, 0xA1E1, 0x91A0, 0xAA01, 0xB241,
    0xB241, 0xB262, 0xAA42, 0xBAA2, 0xAA42, 0xBA62, 0xCAC2, 0xC282,
    0xD343, 0xF52A, 0xFDED, 0xFDCD, 0xFDAD, 0xF56C, 0xFDCD, 0xF5AC,
    0xF56B, 0xF54B, 0xED2C, 0xCB86, 0xC2C3, 0xBA82, 0xBAC4, 0xBAA3,
    0xBA83, 0xD344, 0xFCC9, 0xCDF4, 0xAD76, 0xB5B7, 0xBDD8, 0xBDD7,
    0xB576, 0xA534, 0x94B2, 0x842F, 0x73CC, 0x5B69, 0x5306, 0x4AE4,
    0x5305, 0x6388, 0x7BEC, 0x844E, 0x9490, 0x9CD2, 0x9CF3, 0xA534,
    0xAD55, 0xAD76, 0xB597, 0xBDB7, 0xBDF8, 0xC5F8, 0xC5F9, 0xC5F9,
    0x934A, 0x934A, 0x932A, 0x934A, 0x934A, 0x934A, 0x934A, 0x934A,
    0x934A, 0x9349, 0x9349, 0x9329, 0x9329, 0x9349, 0x9349, 0x9349,
    0x9349, 0x9349, 0x9349, 0x9349, 0x9349, 0x9B49, 0x9B49, 0x9B49,
    0x9B49, 0x9B49, 0x9B69, 0x9B69, 0x9B69, 0xA369, 0xA369, 0xA389,
    0xA389, 0xA389, 0xA389, 0xA388, 0xA368, 0xA389, 0xA368, 0xB40B,
    0xFEF6, 0xFE31, 0xF5CE, 0xF58D, 0xED2B, 0xF58D, 0xED6C, 0xF58D,
    0xECEA, 0xB2A2, 0x99E1, 0xA201, 0xB262, 0x9A01, 0xAA21, 0xAA21,
    0xB262, 0xB282, 0xAA21, 0xB262, 0xBA62, 0xAA21, 0xC2A2, 0xDBA5,
    0xFD6B, 0xFDCD, 0xFDAC, 0xFD6B, 0xFD6B, 0xDC06, 0xAA00, 0xB241,
    0xC2C2, 0xDB43, 0xC4D0, 0xAD56, 0xB577, 0xB598, 0xB5D9, 0xB5D9,
    0xBDD9, 0xBDF9, 0xBDF9, 0xBDF9, 0xBDF9, 0xBDF9, 0xBDF9, 0xBDF9,
    0xBDF9, 0xBDF9, 0xBDF9, 0xBDF9, 0xBDF9, 0xB5FA, 0xD573, 0xDB63,
    0xDBA4, 0xBA81, 0xCBA7, 0xF653, 0xEDF2, 0xF633, 0xFE75, 0xFEB6,
    0xFEB6, 0xFEB6, 0xFE75, 0xCB6B, 0xB9A6, 0xB1A5, 0x9944, 0xA9E7,
    0xDB2C, 0xEBEF, 0xF450, 0xF4B2, 0xF492, 0xF451, 0xF451, 0xF450,
    0xF430, 0xEBCF, 0xE38D, 0xCAEB, 0x99A6, 0x68C2, 0x80E3, 0x88E2,
    0xAA67, 0xED91, 0xFE55, 0xF675, 0xF675, 0xF675, 0xF654, 0xF634,
    0xEE33, 0xEE13, 0xE54E, 0xD448, 0xCBC6, 0xCBA6, 0xC385, 0xCBA5,
    0xCBC6, 0xCBC6, 0xCBC6, 0xB304, 0x8160, 0x9180, 0x9160, 0xB200,
    0xCB02, 0xD46A, 0xCD93, 0xC619, 0xBE3A, 0xBE19, 0xBDF8, 0xBDF8,
    0xBDF8, 0xBDF8, 0xBDF8, 0xBDF8, 0xBDF8, 0xBDF8, 0xBDF8, 0xBDF8,
    0xBDF8, 0xBDF8, 0xBDD8, 0xB5B7, 0xCDF5, 0xFDEE, 0xFDAC, 0xFDAC,
    0xFD8B, 0xE3E5, 0xBA41, 0xAA21, 0xA1E0, 0xAA01, 0xCAC2, 0xBA61,
    0xB241, 0xAA21, 0xAA42, 0xB262, 0xB221, 0xB241, 0xC282, 0xDBA4,
    0xFD29, 0xFDCD, 0xFDCD, 0xFDEE, 0xF54B, 0xFD6B, 0xFDEE, 0xF5AD,
    0xF56B, 0xED0B, 0xB2E5, 0xBAC3, 0xBAA2, 0xAA42, 0xAA62, 0xCB04,
    0xCB45, 0xDB64, 0xE52D, 0xAD75, 0xB596, 0xB5B7, 0xBDD8, 0xBDD8,
    0xB596, 0xA535, 0x94D2, 0x844F, 0x73ED, 0x6369, 0x5326, 0x4B05,
    0x5326, 0x6368, 0x73EB, 0x7C0D, 0x844F, 0x8C70, 0x94B1, 0x9CF3,
    0xA514, 0xAD55, 0xB576, 0xBDB7, 0xBDD8, 0xC5F9, 0xC5F9, 0xC5F9,
    0x936B, 0x936B, 0x936B, 0x936A, 0x936A, 0x936A, 0x936A, 0x936A,
    0x936B, 0x936B, 0x936B, 0x936B, 0x936B, 0x936B, 0x936B, 0x936B,
    0x934A, 0x936A, 0x9B69, 0x9B69, 0x9B69, 0x9B69, 0x9B69, 0x9B69,
    0x9B69, 0x9B69, 0xA389, 0xA389, 0xA389, 0xA389, 0xA389, 0xA389,
    0xA389, 0xA389, 0xA389, 0xA389, 0xA389, 0xA389, 0xA3A9, 0xA368,
    0xD550, 0xFEB4, 0xFE10, 0xF5AD, 0xF5AD, 0xF58C, 0xED4B, 0xED4C,
    0xD3C6, 0xB261, 0x91E1, 0x9A01, 0xA221, 0x91C1, 0xA201, 0xB241,
    0xB262, 0x99E1, 0x99C1, 0xAA41, 0xB262, 0xB241, 0xC2A2, 0xCAA1,
    0xE406, 0xFDED, 0xFDCD, 0xFDAC, 0xFD4A, 0xDBE5, 0xBA61, 0xB221,
    0xBA61, 0xCAA1, 0xDBE8, 0xB556, 0xB577, 0xB598, 0xB5D9, 0xBDF9,
    0xBDD9, 0xBDF9, 0xBDF9, 0xBDF9, 0xBDF9, 0xBDF9, 0xBDF9, 0xBDF9,
    0xBDF9, 0xBDF9, 0xBDF9, 0xBDF9, 0xBDF9, 0xBDFA, 0xCDB6, 0xF446,
    0xF487, 0xD343, 0xAA00, 0xD46B, 0xF5F2, 0xF5F2, 0xF634, 0xFE95,
    0xFED7, 0xFED7, 0xFED7, 0xFE95, 0xDC4E, 0xCA68, 0xB9C6, 0xA165,
    0x9944, 0xA9C6, 0xC289, 0xDB2C, 0xE3AE, 0xE38E, 0xE32C, 0xDB0B,
    0xCACB, 0xBA69, 0xA9E7, 0x8944, 0x8903, 0x90E3, 0x8903, 0xBB29,
    0xF5F3, 0xFE75, 0xFE96, 0xFEB6, 0xFE75, 0xF654, 0xF613, 0xEDF2,
    0xEE13, 0xE54E, 0xCBE6, 0xCBA5, 0xCBC6, 0xCBC6, 0xCBA6, 0xCBA6,
    0xCBC6, 0xC3A6, 0xC385, 0xAA61, 0x9160, 0xAA00, 0xC386, 0xCCAE,
    0xC5B5, 0xBE1A, 0xBE1A, 0xBE19, 0xBDF8, 0xBE19, 0xBDF9, 0xBE19,
    0xC5F9, 0xBDF8, 0xBDF8, 0xBDF8, 0xBDF8, 0xBDF8, 0xBDF8, 0xBDF8,
    0xBDF8, 0xBDD8, 0xAD97, 0xBDD7, 0xFDEF, 0xFD6A, 0xFD8C, 0xFD8B,
    0xFD4A, 0xEC26, 0xBA41, 0xB241, 0xB241, 0xBA61, 0xCAE3, 0xD323,
    0xDBA4, 0xDBA4, 0xD343, 0xD384, 0xE406, 0xE405, 0xEC26, 0xFD6B,
    0xFDAD, 0xFDAC, 0xFDEE, 0xFDEE, 0xFDAC, 0xFDEE, 0xFDCE, 0xF5AD,
    0xFDCE, 0xC3A7, 0xA201, 0xA222, 0xAA42, 0xAA42, 0xC2C3, 0xC2E3,
    0xD323, 0xF488, 0xBD93, 0xAD76, 0xB5B6, 0xBDD7, 0xBDF8, 0xBDF8,
    0xB5B7, 0xAD55, 0x9CD3, 0x8450, 0x73ED, 0x638A, 0x5327, 0x5326,
    0x5325, 0x5B67, 0x6BA9, 0x73CB, 0x73ED, 0x842E, 0x8450, 0x8C92,
    0x9CF3, 0xA534, 0xAD76, 0xB597, 0xBDD8, 0xBDF8, 0xC5F9, 0xC619,
    0x9BCD, 0x9BAD, 0x93AC, 0x938C, 0x936C, 0x8B8C, 0x8B6C, 0x8B6C,
    0x8B6C, 0x836C, 0x8B6C, 0x8B6D, 0x8B6D, 0x8B6D, 0x8B6C, 0x8B6C,
    0x936B, 0x936A, 0x9B6A, 0x9B6A, 0x9B69, 0x9B8A, 0x9B89, 0x9B89,
    0xA389, 0xA38A, 0xA3AA, 0xA3AA, 0xA3AA, 0xA3A9, 0xA3A9, 0xA3A9,
    0xA3A9, 0xA3A9, 0xA389, 0xA389, 0xA3A9, 0xA3A9, 0xABA9, 0xABA9,
    0xABA9, 0xEE53, 0xFE51, 0xF5CE, 0xF5AE, 0xED6C, 0xF56B, 0xECCA,
    0xB282, 0xAA21, 0x9A01, 0x91E1, 0x99E1, 0xA201, 0x91A0, 0x99E1,
    0xA1E1, 0xA201, 0xAA41, 0x9A01, 0xAA21, 0xB261, 0xB241, 0xA201,
    0xC2C2, 0xF529, 0xFD8C, 0xFD6B, 0xFD8C, 0xDC06, 0xB240, 0xC281,
    0xC2A1, 0xC2A2, 0xDB42, 0xD4CF, 0xB598, 0xB598, 0xB5D9, 0xBDF9,
    0xBDD9, 0xBDD9, 0xBDF9, 0xBDF9, 0xBDF9, 0xBDF9, 0xBDF9, 0xBDF9,
    0xBDF9, 0xBDF9, 0xBDF9, 0xBDF9, 0xBDF9, 0xBE1A, 0xC5F7, 0xF4C9,
    0xF4E8, 0xD363, 0x99C0, 0x9A21, 0xEDAF, 0xF612, 0xF612, 0xF653,
    0xFED6, 0xFED7, 0xFED7, 0xFEB6, 0xFED7, 0xED92, 0xCB0A, 0xB9C6,
    0xB185, 0xA945, 0xA144, 0x9965, 0x9165, 0xA1A6, 0x9965, 0x8944,
    0x9124, 0x9924, 0xA124, 0x98E3, 0x90E3, 0xAA47, 0xDCAF, 0xFE54,
    0xFE96, 0xFEB6, 0xFEB6, 0xFE75, 0xF654, 0xF613, 0xEDF3, 0xEDD1,
    0xDD0C, 0xCBE6, 0xCBA5, 0xCBC6, 0xCBC6, 0xC3A5, 0xBAE3, 0xBAE2,
    0xC364, 0xC323, 0xBB03, 0xC367, 0xC4AE, 0xC574, 0xC639, 0xBE3A,
    0xBE1A, 0xBDF9, 0xBDF9, 0xBDF9, 0xBE19, 0xBE19, 0xBE19, 0xBE19,
    0xBDF9, 0xBDF8, 0xBDF9, 0xBDF8, 0xBDF8, 0xBDF8, 0xBDF8, 0xBDF8,
    0xBDD8, 0xB5D8, 0xB5D8, 0xED8F, 0xEC05, 0xECC9, 0xFD8C, 0xFD8B,
    0xF54A, 0xF4C8, 0xD342, 0xC2A1, 0xC2C1, 0xCB44, 0xD3C5, 0xF52A,
    0xFDAC, 0xFD6B, 0xF529, 0xFDAC, 0xFDCD, 0xFD8B, 0xFDAC, 0xFE0F,
    0xFDEE, 0xFDEE, 0xFDCE, 0xF52B, 0xFDEE, 0xF5AD, 0xF58C, 0xF5CE,
    0xE4EB, 0xC304, 0xA242, 0xAA62, 0xA222, 0xAA42, 0xCB24, 0xCAC3,
    0xF426, 0xCD71, 0xA575, 0xB596, 0xB5B7, 0xBDD8, 0xBDF8, 0xBDD8,
    0xB5B7, 0xAD76, 0x9CF4, 0x8C71, 0x73EE, 0x6BAB, 0x5B48, 0x5326,
    0x5305, 0x5B46, 0x6368, 0x6389, 0x6B8A, 0x6BCC, 0x7C0E, 0x8450,
    0x94B2, 0xA514, 0xAD55, 0xB596, 0xBDB7, 0xBDF8, 0xC5F9, 0xC619,
    0xA40E, 0x9BEE, 0x93AD, 0x8B8D, 0x8B8D, 0x836D, 0x836D, 0x7B4D,
    0x7B4D, 0x7B4E, 0x7B4E, 0x7B6E, 0x7B6E, 0x7B4E, 0x7B4E, 0x834D,
    0x8B6C, 0x936B, 0x9B8A, 0x9B8A, 0xA38A, 0x9B8A, 0x9B8A, 0x9B8A,
    0xA38A, 0xA3AA, 0xA3AA, 0xA3AA, 0xABAA, 0xABCA, 0xABAA, 0xABA9,
    0xABA9, 0xABA9, 0xABA9, 0xABA9, 0xABA9, 0xABA9, 0xABA9, 0xABA9,
    0xA388, 0xCCCD, 0xFEB4, 0xFE10, 0xFDEF, 0xF58C, 0xF56C, 0xDC27,
    0xB282, 0xB262, 0xA201, 0x99E1, 0x99E1, 0x9A01, 0x89C1, 0x99E1,
    0x8181, 0x89A1, 0xAA21, 0xB282, 0xB241, 0xAA21, 0x99C1, 0x99E1,
    0xBA61, 0xE405, 0xFD6B, 0xFD8B, 0xFDCC, 0xF52A, 0xB281, 0xC2C2,
    0xD303, 0xC2C2, 0xD302, 0xE3C6, 0xBD76, 0xB5B8, 0xBDD9, 0xBDF9,
    0xBDD9, 0xBDD9, 0xBDD9, 0xBDF9, 0xBDF9, 0xBDF9, 0xBDF9, 0xBDF9,
    0xBDF9, 0xBDF9, 0xBDF9, 0xBDF9, 0xBDF9, 0xBE1A, 0xC5B6, 0xF4C9,
    0xFD09, 0xE3E5, 0xA200, 0xAA61, 0xDCAA, 0xF5F2, 0xEDD1, 0xF612,
    0xF674, 0xFE95, 0xFEB6, 0xFED7, 0xFED7, 0xFEF7, 0xFEB6, 0xED31,
    0xD38B, 0xC289, 0xC1E6, 0xB165, 0xB144, 0xB985, 0xA945, 0xA124,
    0xB185, 0xB9A6, 0xB1E6, 0xBAEA, 0xDCD0, 0xFE75, 0xFEB6, 0xFE75,
    0xFEB6, 0xFE96, 0xF675, 0xF634, 0xEE13, 0xEDF2, 0xEDF2, 0xDC8A,
    0xCBA5, 0xCBC5, 0xCBA5, 0xC384, 0xC364, 0xBB04, 0xB305, 0xC42B,
    0xC4F0, 0xC553, 0xBDB6, 0xC63A, 0xC67B, 0xBE3A, 0xBDF9, 0xBDF9,
    0xBDF9, 0xBDF9, 0xBE19, 0xBE19, 0xBDF9, 0xBDF9, 0xBDF9, 0xBDF9,
    0xBDF9, 0xC5F9, 0xBDF9, 0xBDF8, 0xC5F9, 0xC5F9, 0xBDF8, 0xBDF8,
    0xBDD8, 0xB5D8, 0xE570, 0xDB42, 0xC2E2, 0xF54B, 0xFD8C, 0xFDAC,
    0xFDAC, 0xFD4A, 0xF4E8, 0xF4C8, 0xF50A, 0xFD8B, 0xFDED, 0xFDEE,
    0xFDCD, 0xFD8C, 0xFE0E, 0xFDCD, 0xFDCD, 0xFD8C, 0xFDAC, 0xFE2F,
    0xFDEF, 0xFDCD, 0xF56C, 0xF56C, 0xF5AD, 0xF56C, 0xF56C, 0xF58E,
    0xCB86, 0xBAC3, 0xBAE4, 0xC324, 0xA242, 0xAA42, 0xDB65, 0xEBE5,
    0xE52D, 0xA574, 0xAD75, 0xB596, 0xBDB7, 0xBDD8, 0xBDD8, 0xBDD8,
    0xB5B7, 0xAD76, 0x9CF4, 0x8C91, 0x7C0F, 0x6BCC, 0x5B49, 0x5326,
    0x4B05, 0x5325, 0x5326, 0x5B47, 0x5B48, 0x6369, 0x73CC, 0x7C2F,
    0x8C91, 0x9CF3, 0xAD35, 0xAD76, 0xB5B7, 0xBDD8, 0xC5F9, 0xC619,
    0x9C0F, 0x93EE, 0x8B8D, 0x836D, 0x7B6D, 0x7B4E, 0x734E, 0x732E,
    0x6B2E, 0x6B2F, 0x6B2F, 0x6B50, 0x6B50, 0x6350, 0x6B2F, 0x7B4E,
    0x836D, 0x938C, 0x9BAC, 0xA3CB, 0xA3AA, 0xA3AA, 0xA38A, 0xA38A,
    0xA3AA, 0xA3AA, 0xA3AA, 0xA3CA, 0xABCA, 0xABCA, 0xABCA, 0xABA9,
    0xABA9, 0xABA9, 0xABA9, 0xABA9, 0xABA9, 0xABA9, 0xABA9, 0xABA9,
    0xABC9, 0xABA8, 0xEE13, 0xFEB3, 0xFE10, 0xF5EE, 0xF56C, 0xD385,
    0xB282, 0xAA41, 0xB241, 0xA201, 0x89A1, 0xAA62, 0xB282, 0x9A02,
    0xA222, 0x91E1, 0x91A1, 0xAA41, 0xA221, 0xA201, 0x99E1, 0xAA41,
    0xB221, 0xCB02, 0xFD6B, 0xFDCC, 0xFDCD, 0xFDAD, 0xCBA5, 0xB261,
    0xCAE3, 0xC2A1, 0xC2C2, 0xD322, 0xDCAC, 0xB5D9, 0xBDD9, 0xBDF9,
    0xBDF9, 0xBDF9, 0xBDF9, 0xBDF9, 0xBDF9, 0xBDF9, 0xBDF9, 0xBDF9,
    0xBDF9, 0xBDF9, 0xBDF9, 0xBDF9, 0xBDF9, 0xBDFA, 0xBDD8, 0xF54C,
    0xFDAC, 0xECA9, 0xC303, 0xC365, 0xD427, 0xDCAB, 0xF5F1, 0xEDD1,
    0xEDF1, 0xF612, 0xFE74, 0xFE95, 0xFEB6, 0xFED7, 0xFEF8, 0xFEF8,
    0xFED7, 0xFE76, 0xED72, 0xDCB0, 0xDC4E, 0xD3AC, 0xD3CD, 0xD40E,
    0xDC8F, 0xED73, 0xF635, 0xFEF8, 0xFEF8, 0xFED7, 0xFEB6, 0xFE95,
    0xFE75, 0xF654, 0xF613, 0xEDF2, 0xEDF2, 0xF633, 0xD48B, 0xC365,
    0xD406, 0xE489, 0xECC9, 0xE48A, 0xC5B6, 0xC619, 0xC63A, 0xC65B,
    0xC65B, 0xC65B, 0xC63A, 0xC619, 0xC619, 0xC619, 0xBE19, 0xBE19,
    0xBE19, 0xBE19, 0xBE19, 0xBE19, 0xBDF9, 0xBE19, 0xBE19, 0xBE19,
    0xBDF9, 0xBDF9, 0xC619, 0xC5F9, 0xC5F9, 0xBDF9, 0xBDF9, 0xBDF8,
    0xB5F9, 0xCDB4, 0xDBA4, 0xB240, 0xD3C6, 0xFD6B, 0xFD8C, 0xFDAC,
    0xFD8C, 0xFD8B, 0xFDCC, 0xFDED, 0xFDED, 0xFDEE, 0xFDED, 0xFDED,
    0xFDAD, 0xFDEE, 0xFE0F, 0xFDAD, 0xFDAC, 0xFDCD, 0xFDEE, 0xFE0F,
    0xFDAD, 0xF58C, 0xF56C, 0xFDCE, 0xF56C, 0xF56C, 0xFDCD, 0xD469,
    0xB2A3, 0xBAA3, 0xCB44, 0xB2C4, 0xB283, 0xBAA3, 0xE385, 0xECCA,
    0xA550, 0xA553, 0xAD75, 0xB597, 0xBDD8, 0xBDD8, 0xBDD8, 0xBDD8,
    0xB5B7, 0xAD76, 0x9D14, 0x8C91, 0x7C0F, 0x6BAD, 0x5349, 0x4AE6,
    0x4AE5, 0x4AE5, 0x4AE5, 0x4AE5, 0x52E6, 0x5307, 0x6B8B, 0x7C0F,
    0x8C71, 0x9CD3, 0xA535, 0xAD76, 0xB5B7, 0xBDF8, 0xC619, 0xC619,
    0x9C0F, 0x93EE, 0x8B8E, 0x7B6D, 0x734E, 0x732E, 0x6B2E, 0x630E,
    0x5B0F, 0x5310, 0x5331, 0x5331, 0x5332, 0x5331, 0x6330, 0x734F,
    0x838F, 0x93AE, 0x9BCD, 0xA3EC, 0xABEC, 0xABEB, 0xABCA, 0xA3AA,
    0xA3AA, 0xA3AA, 0xA3AA, 0xABCA, 0xABCA, 0xABCA, 0xABCA, 0xABA9,
    0xABA9, 0xABC9, 0xABC9, 0xABC9, 0xABC9, 0xABA9, 0xABA9, 0xABA9,
    0xABC9, 0xA388, 0xC48C, 0xFEF5, 0xFE93, 0xF5EE, 0xF58D, 0xCB64,
    0xAA62, 0xB2A2, 0xB261, 0x99E1, 0x89A1, 0xB262, 0xA222, 0x89A1,
    0xAA62, 0x99E1, 0x91A0, 0xAA01, 0x91A0, 0xA201, 0xAA42, 0xB282,
    0xC281, 0xD343, 0xFD6B, 0xFDCC, 0xFDCD, 0xFDAC, 0xEC88, 0xB261,
    0xB241, 0xB221, 0xAA21, 0xBAA2, 0xDB43, 0xC554, 0xB5FA, 0xBDD9,
    0xBDD9, 0xBDF9, 0xBDF9, 0xB5DA, 0xB5F9, 0xB5F9, 0xB5F9, 0xBDD9,
    0xB5D9, 0xB5F9, 0xBDF9, 0xBDF9, 0xBDF9, 0xB5F9, 0xBE19, 0xF610,
    0xFDCD, 0xE489, 0xCB85, 0xCBC6, 0xCBC6, 0xBB65, 0xDCCB, 0xEDD0,
    0xED90, 0xEDD1, 0xF5F2, 0xF633, 0xF654, 0xFE95, 0xFED7, 0xFED7,
    0xFED7, 0xFED7, 0xFF18, 0xFF38, 0xFEF7, 0xFED6, 0xFF18, 0xFF38,
    0xFF38, 0xFEF7, 0xFEF8, 0xFEB7, 0xFEB7, 0xFED7, 0xFE95, 0xF654,
    0xF5F2, 0xEDD1, 0xEDD2, 0xEE12, 0xF633, 0xB347, 0x91C0, 0xCB85,
    0xE488, 0xF52B, 0xFD6C, 0xECEC, 0xC67B, 0xC63A, 0xBE1A, 0xC619,
    0xC619, 0xC619, 0xC619, 0xC619, 0xC619, 0xC619, 0xBE19, 0xBE19,
    0xBE19, 0xBE19, 0xBE19, 0xBE19, 0xBDF9, 0xBE19, 0xBDF9, 0xBE19,
    0xBDF9, 0xBDF9, 0xBE19, 0xC619, 0xBE19, 0xBDF9, 0xBDF8, 0xB5F9,
    0xC5B5, 0xDBC6, 0xCAC2, 0xCB03, 0xD385, 0xE467, 0xFD8B, 0xFD8B,
    0xFDAC, 0xFDAC, 0xFDCD, 0xFDCD, 0xFDEE, 0xFDEE, 0xFDCD, 0xFDCD,
    0xFDEE, 0xFE2F, 0xFDEE, 0xFDEE, 0xFDAC, 0xFDAD, 0xFDCD, 0xFDAD,
    0xFDCE, 0xFDCD, 0xF58C, 0xF5AE, 0xF56C, 0xF58C, 0xF56C, 0xB2E4,
    0xB282, 0xC2C3, 0xBAC3, 0xBAC4, 0xCAE4, 0xD324, 0xF447, 0xA4ED,
    0x94F0, 0xA532, 0xAD55, 0xB597, 0xBDD8, 0xBDD8, 0xBDD8, 0xBDD8,
    0xB5B8, 0xAD76, 0x9D14, 0x8C92, 0x7C0F, 0x63AD, 0x5329, 0x4AE6,
    0x4AC4, 0x42C4, 0x42C4, 0x42C4, 0x42A4, 0x4AE5, 0x638B, 0x740E,
    0x8C71, 0x9CD3, 0xA535, 0xAD76, 0xB5B7, 0xBDF8, 0xBE19, 0xBE19,
    0x9C2F, 0x93EF, 0x8BAE, 0x836D, 0x7B6D, 0x734E, 0x6B2E, 0x5B0F,
    0x4AF0, 0x3AF1, 0x3B13, 0x3B33, 0x3B33, 0x3B13, 0x5332, 0x6B71,
    0x83B0, 0x93CF, 0x9C0E, 0xAC0D, 0xB42C, 0xB42C, 0xAC0B, 0xABEB,
    0xABCA, 0xA3AA, 0xA3AA, 0xA3CA, 0xA3CA, 0xA3CA, 0xABCA, 0xA3A9,
    0xABC9, 0xABC9, 0xABC9, 0xABC9, 0xABC9, 0xA3A9, 0xA3A9, 0xA3A9,
    0xA3A9, 0xA3C9, 0xA3A9, 0xE50D, 0xFE92, 0xFE30, 0xF56C, 0xD3A6,
    0xB262, 0xB282, 0xA221, 0x91C1, 0x89A1, 0xAA42, 0xA201, 0x91C1,
    0xA201, 0xA201, 0xAA21, 0xA201, 0x99E1, 0xC2A2, 0xBA82, 0xBA61,
    0xAA21, 0xD343, 0xFD6A, 0xFDAC, 0xFDCC, 0xFDCD, 0xFD8C, 0xDBE6,
    0xBA81, 0xBA61, 0xAA41, 0xB241, 0xC2A1, 0xDBE9, 0xBDD9, 0xB5DA,
    0xB5DA, 0xB5FA, 0xB5F9, 0xB5FA, 0xB5D9, 0xB5D9, 0xB5D9, 0xB5D9,
    0xB5D9, 0xB5F9, 0xB5F9, 0xBDF9, 0xBDF9, 0xB5F9, 0xBE1A, 0xF5AF,
    0xF4C8, 0xC324, 0x91E1, 0xB2E3, 0xA282, 0xA262, 0xBB24, 0xDCCB,
    0xEDAF, 0xE54E, 0xE56F, 0xEDB0, 0xEDF1, 0xF633, 0xF654, 0xFE95,
    0xFEB6, 0xFE96, 0xFEB7, 0xFED7, 0xFEB6, 0xFEB6, 0xFEB6, 0xFED7,
    0xFED7, 0xFEB6, 0xFEB6, 0xFEB6, 0xFEB6, 0xF654, 0xEDF2, 0xEDF2,
    0xED90, 0xED6F, 0xEDB0, 0xEDB1, 0xB306, 0x8960, 0xB2C3, 0xE489,
    0xECCA, 0xF54B, 0xFD8D, 0xED0D, 0xC63A, 0xC61A, 0xC61A, 0xC61A,
    0xC61A, 0xC61A, 0xBE1A, 0xBE1A, 0xBE19, 0xBE19, 0xBE19, 0xBE19,
    0xBE19, 0xBE19, 0xBE19, 0xBE19, 0xBE19, 0xBE19, 0xBDF9, 0xBE19,
    0xBE19, 0xC619, 0xC619, 0xBE19, 0xBE19, 0xBDF9, 0xBDF9, 0xBDF8,
    0xDC29, 0xD2C2, 0xCAE3, 0xC2A2, 0xB220, 0xD3C5, 0xFDAD, 0xFDCD,
    0xFDCD, 0xFDED, 0xFDCC, 0xFDAC, 0xFD8B, 0xFD8B, 0xFDEE, 0xFDEE,
    0xFE0E, 0xFDEE, 0xFDEE, 0xFDCE, 0xF56B, 0xFDEE, 0xFDEE, 0xFDEE,
    0xFE10, 0xF58D, 0xF56C, 0xF56C, 0xF5AE, 0xF5CE, 0xE4AA, 0xAA42,
    0xB282, 0xC2A2, 0xB282, 0xC304, 0xDB45, 0xFC47, 0xCCA9, 0x7C6B,
    0x8CCF, 0x9D12, 0xA535, 0xAD76, 0xB5B8, 0xBDD8, 0xBDD8, 0xBDD8,
    0xB5D8, 0xAD77, 0x9D15, 0x8C92, 0x7410, 0x638D, 0x5309, 0x42C5,
    0x42C4, 0x42C4, 0x42C4, 0x42A4, 0x42A4, 0x5307, 0x638B, 0x7C0F,
    0x8C71, 0x9CF3, 0xA555, 0xAD76, 0xB5B7, 0xBDF9, 0xC619, 0xBE19,
    0x940F, 0x940E, 0x93ED, 0x93AC, 0x8B8C, 0x836D, 0x732D, 0x5B0F,
    0x42F0, 0x22F3, 0x1314, 0x1B15, 0x1315, 0x1B15, 0x4333, 0x6372,
    0x7BB1, 0x93F0, 0xA42F, 0xAC4E, 0xBC6D, 0xBC4D, 0xB42C, 0xABEB,
    0xABCA, 0xA3AA, 0xA3AA, 0xA3AA, 0xA3CA, 0xA3CA, 0xA3A9, 0xA3A9,
    0xA3A9, 0xA3C9, 0xA3C9, 0xA3C9, 0xA3C9, 0xA3A9, 0xA3A9, 0xA3A9,
    0xA3C9, 0xA3C9, 0xA3C9, 0xABC9, 0xF54D, 0xFE71, 0xFDCE, 0xE447,
    0xBA82, 0xAA62, 0x9A22, 0x91C1, 0x91E1, 0xA221, 0x9A01, 0x91C1,
    0x99E1, 0xA221, 0xBA82, 0xAA42, 0x9A01, 0xA201, 0xCAC3, 0xC2C2,
    0xB241, 0xCB02, 0xFD6B, 0xFDCD, 0xFDED, 0xFDEE, 0xFDED, 0xECEA,
    0xBA81, 0xA200, 0xB241, 0xC2C2, 0xC2E3, 0xD2E1, 0xD4F0, 0xB61B,
    0xB5D9, 0xB5FA, 0xB5D9, 0xB5D9, 0xB5D9, 0xB5D9, 0xB5D9, 0xB5D9,
    0xB5F9, 0xB5F9, 0xB5F9, 0xB5F9, 0xB5F9, 0xB5D9, 0xB5F9, 0xDC4A,
    0xD302, 0xBA82, 0x8980, 0xA221, 0x8980, 0x8140, 0xA241, 0xCBA5,
    0xDCAB, 0xE50D, 0xE54E, 0xE54E, 0xEDB0, 0xEDD1, 0xEDF2, 0xF613,
    0xF633, 0xF633, 0xFE54, 0xFE95, 0xFE75, 0xFE75, 0xFE74, 0xFE75,
    0xFE75, 0xF633, 0xF613, 0xF633, 0xF633, 0xEDD2, 0xED90, 0xED6F,
    0xED90, 0xEDB0, 0xED6F, 0xCC08, 0xB2A3, 0xBB24, 0xDC68, 0xED2C,
    0xE4A9, 0xECA9, 0xFDAD, 0xED91, 0xBE3B, 0xC61A, 0xC61A, 0xC61A,
    0xC61A, 0xBE1A, 0xBE19, 0xBE1A, 0xBE1A, 0xBE1A, 0xBE1A, 0xBE19,
    0xBE19, 0xBDF9, 0xBE19, 0xBE19, 0xBE19, 0xBE19, 0xBE19, 0xBE19,
    0xBE19, 0xBE19, 0xC619, 0xBE19, 0xBE19, 0xBDF9, 0xBE1A, 0xDD30,
    0xDB63, 0xCAE3, 0xC2A2, 0xBA61, 0xB261, 0xE468, 0xFDAC, 0xFDCC,
    0xFDAB, 0xFDCC, 0xFDAC, 0xFDCD, 0xFE0E, 0xFDCD, 0xFE2F, 0xFDAD,
    0xF54C, 0xFE0E, 0xFDAD, 0xED0A, 0xF52B, 0xED2B, 0xE489, 0xE4AA,
    0xE4CA, 0xF58D, 0xF54B, 0xF58D, 0xF58D, 0xF5AE, 0xE4EA, 0xBAC3,
    0x99E2, 0xBAA3, 0xBAA3, 0xCAE3, 0xF427, 0xD4A8, 0x7407, 0x7C2B,
    0x848E, 0x94D2, 0x9D14, 0xAD56, 0xB597, 0xBDD8, 0xBDF9, 0xBDD8,
    0xB5B8, 0xAD77, 0x9D15, 0x8472, 0x73EF, 0x5B6C, 0x4B08, 0x42C5,
    0x42A4, 0x42A4, 0x42A4, 0x3AA4, 0x42C5, 0x5B49, 0x6BCD, 0x8450,
    0x94B2, 0x9D14, 0xAD76, 0xB597, 0xBDD8, 0xBDF9, 0xBDF9, 0xBDF9,
    0x942F, 0xA42D, 0xAC2C, 0xABEB, 0x9BCB, 0x8B6B, 0x734D, 0x632F,
    0x4B10, 0x22F3, 0x02F5, 0x02F6, 0x0316, 0x02F6, 0x2B34, 0x5B73,
    0x7BD2, 0x9431, 0xA470, 0xB48F, 0xBC8E, 0xBC8E, 0xB44C, 0xAC0B,
    0xABCB, 0xA3AA, 0xA3A9, 0xA3A9, 0xA3A9, 0xA3C9, 0xA3A9, 0xA3A9,
    0xA3A9, 0xA3A9, 0xA3C9, 0xA3C9, 0xA3A9, 0x9BA8, 0x9BA8, 0xA3A9,
    0xA3C9, 0xA3C9, 0xA3C9, 0x9BC9, 0xD46A, 0xFDAD, 0xF630, 0xFD6C,
    0xE3C5, 0xB282, 0xAA62, 0xA222, 0xAA42, 0xA222, 0x91E1, 0xA201,
    0xA201, 0xAA41, 0xA222, 0xA242, 0xAA62, 0x89A1, 0xAA01, 0xBA61,
    0xB242, 0xC2A1, 0xF4E9, 0xFDEE, 0xFDAB, 0xFDAC, 0xFDAC, 0xFDAC,
    0xCB85, 0xA1E0, 0xA200, 0xBA61, 0xBAA2, 0xBA81, 0xE428, 0xC619,
    0xB5FA, 0xB5D9, 0xB5DA, 0xB5D9, 0xB5D9, 0xB5D9, 0xB5D9, 0xB5D9,
    0xB5DA, 0xB5DA, 0xB5F9, 0xB5F9, 0xB5F9, 0xB5D9, 0xBE1A, 0xC3C8,
    0xC2C2, 0xC2E3, 0xAA21, 0xAA00, 0x8160, 0x6900, 0x89A0, 0xCBA5,
    0xC365, 0xCBE7, 0xE52D, 0xE54E, 0xE54E, 0xE54E, 0xE56F, 0xED90,
    0xED90, 0xEDB0, 0xEDB0, 0xEDB0, 0xED90, 0xED90, 0xEDD1, 0xF5F2,
    0xEDB1, 0xED90, 0xE56F, 0xE570, 0xE56F, 0xE56F, 0xE54F, 0xE54E,
    0xED8F, 0xE54D, 0xD407, 0xC385, 0xD407, 0xDC27, 0xE4A9, 0xE4CA,
    0xD365, 0xDB85, 0xFD4A, 0xE5D3, 0xBE3B, 0xC619, 0xC61A, 0xC61A,
    0xBE1A, 0xBE1A, 0xBE19, 0xBE1A, 0xBE1A, 0xBE1A, 0xBE1A, 0xBE1A,
    0xBDF9, 0xBDF9, 0xBDF9, 0xBDF9, 0xBDF9, 0xBDF9, 0xBE19, 0xBDF9,
    0xBE19, 0xBE19, 0xBE19, 0xBE19, 0xBDF9, 0xBE1A, 0xDD93, 0xEBC5,
    0xC2C2, 0xCAE3, 0xCAC2, 0xBA61, 0xB261, 0xE468, 0xFDCD, 0xFDAC,
    0xFDAC, 0xFDCD, 0xFE0E, 0xFD8C, 0xE447, 0xE447, 0xF4EA, 0xD365,
    0xDBA5, 0xE406, 0xDBA6, 0xDBA6, 0xCB03, 0xC2A2, 0xB242, 0xB282,
    0xC324, 0xF52B, 0xF5AD, 0xF5AD, 0xF58D, 0xF58D, 0xED0A, 0xCBC6,
    0xB283, 0xBA83, 0xC2C3, 0xEBC6, 0xECE9, 0x6B82, 0x5B86, 0x73EA,
    0x7C2E, 0x8C91, 0x94F3, 0xA535, 0xAD77, 0xB5B8, 0xBDD9, 0xBDD9,
    0xB5B8, 0xA557, 0x94F5, 0x8452, 0x6BEF, 0x5B6C, 0x4AE8, 0x3AA5,
    0x3AA4, 0x3AA4, 0x3AA4, 0x3AA4, 0x4AE7, 0x638B, 0x740F, 0x8471,
    0x94D3, 0xA535, 0xAD77, 0xB5B7, 0xB5B8, 0xBDD8, 0xB5D8, 0xB5B8,
    0x9C2E, 0xAC4C, 0xBC4B, 0xBC2A, 0xABE9, 0x9B8A, 0x836C, 0x6B4E,
    0x5310, 0x32F3, 0x0AF5, 0x02F6, 0x02F6, 0x02F6, 0x2B34, 0x5B93,
    0x7C13, 0x9C52, 0xAC91, 0xBCB0, 0xC4CF, 0xC4AE, 0xBC6D, 0xB42C,
    0xABEB, 0xA3A9, 0xA389, 0xA3A9, 0xA3A9, 0xA3A9, 0xA3A9, 0x9BA9,
    0x9BA8, 0x9BA8, 0x9BA8, 0x9BA8, 0x9BA8, 0x9BA8, 0x9BA8, 0x9BA8,
    0x9BA8, 0x9BA8, 0x9BC8, 0x9BC9, 0xA3EA, 0xEC89, 0xFD8D, 0xFE10,
    0xF4E9, 0xC303, 0xB282, 0xB282, 0xBA82, 0x91E1, 0x99E1, 0xAA41,
    0x9A01, 0x99E1, 0x8980, 0x91C1, 0x9A01, 0x9A01, 0xAA42, 0xB221,
    0xB221, 0xB241, 0xD384, 0xFD8B, 0xFD8B, 0xFD8B, 0xF54A, 0xFD6B,
    0xE468, 0xBA81, 0xAA41, 0xB261, 0xAA21, 0xAA41, 0xC2A1, 0xE570,
    0xB5FB, 0xB5D9, 0xB5DA, 0xB5D9, 0xB5D9, 0xB5DA, 0xB5DA, 0xB5DA,
    0xB5DA, 0xB5DA, 0xB5DA, 0xB5DA, 0xB5F9, 0xB5FA, 0xBDD9, 0xCB86,
    0xDB84, 0xCB24, 0xBA81, 0x99C0, 0x6900, 0x6900, 0x9201, 0xCBC6,
    0xC3A6, 0xC385, 0xCBE6, 0xD46A, 0xDCEC, 0xE50D, 0xDCEC, 0xDCAC,
    0xDCED, 0xE50D, 0xDCCC, 0xDCCC, 0xDCAC, 0xE52E, 0xE52E, 0xE50E,
    0xDCED, 0xDCED, 0xDCED, 0xDCED, 0xDCED, 0xDCED, 0xE52E, 0xE4ED,
    0xD429, 0xCBC6, 0xCBC6, 0xCBC6, 0xD3C6, 0xDC47, 0xDC89, 0xC345,
    0xCAE3, 0xE385, 0xFD4A, 0xE5B3, 0xBE3B, 0xC61A, 0xBE1A, 0xC61A,
    0xBE1A, 0xBE1A, 0xBE1A, 0xBE1A, 0xBE1A, 0xBE1A, 0xBE19, 0xBE19,
    0xBE19, 0xBE19, 0xBE19, 0xBDF9, 0xBDF9, 0xBDF9, 0xBDF9, 0xBDF9,
    0xBE19, 0xBE19, 0xBE19, 0xBDF9, 0xBE19, 0xCDD7, 0xEC48, 0xCAC2,
    0xBAA3, 0xC2C2, 0xB221, 0xA1C0, 0xAA61, 0xED0A, 0xFDAC, 0xFDAD,
    0xFDAD, 0xFDEE, 0xF4EA, 0xD323, 0xBA41, 0xBAA2, 0xC2A2, 0xC2A2,
    0xCAE3, 0xBA62, 0xBA82, 0xB261, 0xA1E1, 0x99C1, 0xA201, 0xA202,
    0xB241, 0xED0B, 0xF5CE, 0xED2A, 0xED2A, 0xF54B, 0xF58D, 0xDC69,
    0xBAC3, 0xBA82, 0xDBA5, 0xFC89, 0x9C05, 0x4AE0, 0x5B45, 0x6389,
    0x73EC, 0x8450, 0x8CB2, 0x9D14, 0xA556, 0xAD97, 0xB5D8, 0xB5D8,
    0xADB8, 0xA536, 0x94D4, 0x8451, 0x6BCF, 0x5B4B, 0x4AE7, 0x3AA4,
    0x3AA3, 0x3AA3, 0x3AA3, 0x42C6, 0x5349, 0x63CD, 0x7C50, 0x8CB2,
    0x9D14, 0xA556, 0xAD77, 0xAD97, 0xB597, 0xAD97, 0xAD97, 0xAD77,
    0xA42D, 0xBC6B, 0xCC88, 0xCC68, 0xBC28, 0xABC9, 0x938B, 0x7B4D,
    0x5B30, 0x4312, 0x12F5, 0x02F6, 0x02F6, 0x0316, 0x3334, 0x63B3,
    0x8C53, 0xA492, 0xB4D1, 0xC4F0, 0xC510, 0xC4EF, 0xBCAE, 0xB42C,
    0xABCA, 0xA389, 0x9B88, 0x9B88, 0x9BA9, 0x9BA9, 0x9BA9, 0x93A8,
    0x93A8, 0x9388, 0x93A8, 0x93A8, 0x8B87, 0x9387, 0x93A7, 0x93A8,
    0x93A8, 0x93A8, 0x93A8, 0x9BC9, 0x9BE9, 0xBC29, 0xFD4C, 0xFE30,
    0xFD6C, 0xDC06, 0xBAC3, 0xB282, 0xA221, 0x91E1, 0xA222, 0xA201,
    0xA201, 0x99E1, 0xA201, 0x99E1, 0xA221, 0xAA62, 0xAA62, 0xAA21,
    0xAA01, 0xAA00, 0xD363, 0xFD4A, 0xFD8B, 0xFDAC, 0xFD8C, 0xFD8C,
    0xF54B, 0xF50A, 0xDC06, 0xBA81, 0xB221, 0xB261, 0xBA61, 0xF4A8,
    0xD617, 0xADDA, 0xB5DA, 0xB5DA, 0xB5DA, 0xB5DA, 0xB5DA, 0xB5DA,
    0xB5DA, 0xB5DA, 0xB5DA, 0xB5DA, 0xB5D9, 0xB5FA, 0xBD97, 0xD364,
    0xF447, 0xD364, 0xB262, 0x91A0, 0x8140, 0x7920, 0xA262, 0xCBA6,
    0xC3A6, 0xCBC6, 0xCBC6, 0xC385, 0xC3A6, 0xD449, 0xDCAB, 0xDCAB,
    0xDCAB, 0xDCEC, 0xDCAB, 0xD46B, 0xD48B, 0xDCAC, 0xDCAC, 0xDCCC,
    0xDCAB, 0xDCAC, 0xE4ED, 0xE50D, 0xDCED, 0xDCAB, 0xCC08, 0xC365,
    0xC365, 0xCBC6, 0xD406, 0xD406, 0xD406, 0xE467, 0xD407, 0xBAA3,
    0xD304, 0xEBE6, 0xFD0A, 0xDD94, 0xBE1B, 0xC61A, 0xC61A, 0xBE1A,
    0xBE1A, 0xBE1A, 0xBE1A, 0xBE1A, 0xBE19, 0xBE19, 0xBE19, 0xBE19,
    0xBE19, 0xBE19, 0xBE19, 0xBE19, 0xBDF9, 0xBDF9, 0xBDF9, 0xBDF9,
    0xBE19, 0xBE19, 0xBDF9, 0xBE19, 0xC5D8, 0xEC48, 0xE363, 0xD323,
    0xBAA2, 0xA201, 0xB261, 0xB221, 0xDC27, 0xFDCD, 0xFDCD, 0xFDAC,
    0xFD8B, 0xF4E9, 0xD303, 0xBA61, 0xB241, 0xBA61, 0xAA01, 0xC2A2,
    0xC282, 0xB241, 0xAA41, 0xA1E1, 0x91A1, 0x91C1, 0xAA41, 0xAA22,
    0xBAA2, 0xE489, 0xF58D, 0xED0A, 0xED2A, 0xED4B, 0xF5AD, 0xCB65,
    0xBA62, 0xDB85, 0xF468, 0xC427, 0x3AA0, 0x4AC0, 0x4AE3, 0x5B27,
    0x6BAB, 0x73EE, 0x8471, 0x94D3, 0x9D15, 0xAD77, 0xAD98, 0xB5B8,
    0xAD97, 0x9D36, 0x8CB4, 0x7C31, 0x6BCE, 0x534B, 0x42C7, 0x3AA3,
    0x3AA3, 0x3AA3, 0x42C4, 0x4B08, 0x5B8B, 0x6C0E, 0x8471, 0x94D3,
    0x9D35, 0xA556, 0xAD77, 0xAD97, 0xAD77, 0xA556, 0xA536, 0x9D35,
    0xB44B, 0xCC89, 0xDCA7, 0xD4A6, 0xCC66, 0xBC08, 0xA3CA, 0x836D,
    0x6B2F, 0x5312, 0x1AF5, 0x02F6, 0x02F6, 0x0316, 0x3334, 0x63B3,
    0x8C53, 0xA4B2, 0xBCF2, 0xC511, 0xCD50, 0xCD0F, 0xBCAE, 0xB42C,
    0xA3CA, 0x9B88, 0x9368, 0x9368, 0x9388, 0x9388, 0x9388, 0x8B87,
    0x8B87, 0x8B67, 0x8B67, 0x8B67, 0x8367, 0x8387, 0x8B87, 0x8B87,
    0x8B87, 0x8B87, 0x8BA8, 0x93C8, 0x9BE9, 0x9BC9, 0xDC8A, 0xFDEF,
    0xFDEE, 0xF4E9, 0xD344, 0xAA42, 0x9A01, 0xA242, 0x9A02, 0x9A01,
    0xAA42, 0x89C1, 0xAA41, 0x99E1, 0x99E1, 0xB262, 0xB282, 0x9A01,
    0x99E1, 0xB260, 0xE405, 0xFD8B, 0xFDCC, 0xFDAC, 0xFD8C, 0xFDAC,
    0xFD8C, 0xFDAC, 0xFD8C, 0xDC06, 0xBAC2, 0xB261, 0xB241, 0xE405,
    0xFDEF, 0xBDF9, 0xB5DA, 0xB5FA, 0xB5DA, 0xB5FA, 0xB5DA, 0xB5D9,
    0xB5D9, 0xB5D9, 0xB5DA, 0xB5DA, 0xB5DA, 0xB5FA, 0xBDD8, 0xE427,
    0xF447, 0xD344, 0xAA62, 0xA201, 0x99C0, 0x99C0, 0x9201, 0xB2E3,
    0xCBC6, 0xCC07, 0xD3E6, 0xCBA5, 0xBB64, 0xC364, 0xB324, 0xB305,
    0xC3C8, 0xCC2A, 0xCC4A, 0xD44A, 0xD48B, 0xDCCC, 0xDCAC, 0xDCAB,
    0xDCAC, 0xD48B, 0xC44B, 0xB3A9, 0xB304, 0xBB45, 0xB324, 0xBB65,
    0xCBC6, 0xD3E6, 0xD406, 0xDC68, 0xE488, 0xECA9, 0xD407, 0xC2C3,
    0xD303, 0xEBE6, 0xFCE9, 0xDD73, 0xBE3B, 0xC61A, 0xBE1A, 0xBE1A,
    0xBE1A, 0xBE1A, 0xBE1A, 0xBE1A, 0xBE1A, 0xBE19, 0xBDF9, 0xBDF9,
    0xBDF9, 0xBDF9, 0xBDF9, 0xBE19, 0xBE19, 0xBDF9, 0xBDF9, 0xBDF9,
    0xBE19, 0xBE19, 0xBDF9, 0xBE1A, 0xDCCE, 0xEBA4, 0xD364, 0xCAC2,
    0xB262, 0xBAC3, 0xC2A2, 0xD3C6, 0xFD8C, 0xFD8C, 0xFD8B, 0xFD6B,
    0xFD6B, 0xD364, 0xAA01, 0xAA01, 0xAA21, 0xB241, 0xB241, 0xBA41,
    0xB241, 0xAA21, 0x91C1, 0xA201, 0xA201, 0xB242, 0xAA42, 0xAA62,
    0xC2C2, 0xD365, 0xED0B, 0xF56C, 0xED4C, 0xED6C, 0xED2B, 0xD3E6,
    0xDBA5, 0xF406, 0xEC88, 0x52E1, 0x3A80, 0x42A0, 0x42A1, 0x52E6,
    0x5B49, 0x6B8C, 0x740F, 0x8472, 0x94F4, 0xA556, 0xAD77, 0xAD77,
    0xA557, 0x9D36, 0x8CB4, 0x7C31, 0x63AE, 0x532A, 0x42A6, 0x3A83,
    0x3AA3, 0x3AA3, 0x42E5, 0x534A, 0x63AD, 0x7430, 0x8C92, 0x94F4,
    0x9D35, 0xA556, 0xAD77, 0xAD77, 0xA556, 0x9D15, 0x94F4, 0x94D4,
    0xB449, 0xD4A7, 0xDCC5, 0xDCC4, 0xDC84, 0xCC47, 0xB3EA, 0x938C,
    0x7B4F, 0x5B12, 0x1AF5, 0x02F6, 0x02F6, 0x0316, 0x3B54, 0x6BD3,
    0x8C53, 0xA4B2, 0xBCF2, 0xC511, 0xCD30, 0xCD0F, 0xBCAD, 0xB42B,
    0xA3AA, 0x9368, 0x8B67, 0x8B47, 0x8B47, 0x8B67, 0x8B67, 0x8367,
    0x8366, 0x7B66, 0x7B66, 0x7B66, 0x7B66, 0x7B66, 0x7B66, 0x7B86,
    0x8386, 0x8387, 0x83A7, 0x8BC8, 0x93C8, 0x93E9, 0xA3E9, 0xF4CA,
    0xFDCE, 0xFDCD, 0xE3E6, 0xB282, 0x9A22, 0xAA62, 0x9A21, 0x9A01,
    0xA222, 0x91C1, 0xA221, 0xB282, 0xB262, 0xB241, 0x9A01, 0x9A01,
    0xB241, 0xDBA4, 0xF4E9, 0xF52A, 0xFDAC, 0xFDCD, 0xFD8B, 0xFD6B,
    0xFD8C, 0xFD8B, 0xFD6B, 0xF54B, 0xECA8, 0xDBE6, 0xCB23, 0xE405,
    0xFD6B, 0xE5F3, 0xB5FB, 0xB5FA, 0xB5FA, 0xB5DA, 0xB5DA, 0xB5D9,
    0xB5D9, 0xB5DA, 0xB5D9, 0xB5DA, 0xB5D9, 0xB5FA, 0xC5D8, 0xF468,
    0xF426, 0xD344, 0xBA82, 0x99E1, 0xA201, 0xA200, 0x7940, 0x89C0,
    0xCBA5, 0xD427, 0xCBC6, 0xCBA6, 0xCBC6, 0xA262, 0x7940, 0x7940,
    0x7960, 0x6941, 0x7981, 0x9222, 0x9223, 0x9245, 0x8204, 0x71A3,
    0x79C3, 0x7162, 0x58E0, 0x58A0, 0x7960, 0x81A0, 0x9A63, 0xC3A6,
    0xD3E7, 0xD407, 0xDC47, 0xE488, 0xE488, 0xECA9, 0xDC28, 0xBAC4,
    0xDB24, 0xFC88, 0xFD2A, 0xDD31, 0xBE3B, 0xBE1A, 0xBE1A, 0xBE1A,
    0xBE1A, 0xBE1A, 0xBE1A, 0xBE1A, 0xBDFA, 0xBDFA, 0xBDF9, 0xBDFA,
    0xBDFA, 0xBDFA, 0xBDF9, 0xBE19, 0xBE19, 0xBE19, 0xBDF9, 0xBDFA,
    0xBE19, 0xBDF9, 0xBE1A, 0xD573, 0xF426, 0xDBA5, 0xC2E3, 0xBA82,
    0xC2C2, 0xC2C2, 0xBAC3, 0xECEA, 0xFD6B, 0xF56B, 0xFD6B, 0xFDAC,
    0xF50A, 0xCAE2, 0xAA21, 0xA201, 0xB241, 0xB241, 0xA201, 0xB241,
    0xB221, 0x99C1, 0xA201, 0x99C0, 0xA221, 0xB282, 0x91E1, 0xAA42,
    0xB262, 0xC2E3, 0xECEA, 0xF58D, 0xF58D, 0xED0A, 0xED4C, 0xECEA,
    0xF426, 0xE488, 0x5AE2, 0x3260, 0x3A80, 0x3A60, 0x3A80, 0x42A3,
    0x52E7, 0x5B2A, 0x638D, 0x7C30, 0x8CB3, 0x9D15, 0xA536, 0x9D36,
    0x9D15, 0x9CF5, 0x8CB4, 0x7C31, 0x63AD, 0x532A, 0x42A5, 0x3AA2,
    0x3AA2, 0x3AA3, 0x4B06, 0x5B8C, 0x6BEF, 0x7C51, 0x8C92, 0x94D4,
    0x9D15, 0xA536, 0xA556, 0xA556, 0x9D15, 0x8CB4, 0x8492, 0x7C51,
    0xB428, 0xD485, 0xE4E3, 0xE4E3, 0xDC83, 0xD446, 0xBC09, 0xA3AC,
    0x836F, 0x5B32, 0x1B15, 0x02F6, 0x02F6, 0x0316, 0x3B54, 0x6BF4,
    0x8C73, 0xA4B3, 0xBCF2, 0xC531, 0xCD30, 0xCD0F, 0xBCAD, 0xB42B,
    0xA3A9, 0x9348, 0x8B47, 0x8346, 0x7B26, 0x8346, 0x8346, 0x7B46,
    0x7B46, 0x7345, 0x7345, 0x7345, 0x7345, 0x7345, 0x7345, 0x7345,
    0x7366, 0x7B66, 0x7B86, 0x83A7, 0x8BC8, 0x93C8, 0x8BC9, 0xC408,
    0xEC07, 0xF610, 0xFD8C, 0xD385, 0xB282, 0xAA42, 0xA242, 0x9A01,
    0x9A01, 0xA221, 0x99E1, 0xB262, 0xAA41, 0xAA21, 0xA201, 0x99E0,
    0xD384, 0xF50A, 0xF54B, 0xFD4A, 0xFD6B, 0xFD8B, 0xFD8B, 0xFD6A,
    0xF54A, 0xF54A, 0xF56B, 0xF56B, 0xF56B, 0xF54B, 0xF50A, 0xECC8,
    0xF54A, 0xFDAD, 0xCDF8, 0xB5FB, 0xB5FA, 0xB5DA, 0xB5D9, 0xB5D9,
    0xB5DA, 0xB5DA, 0xB5DA, 0xB5DA, 0xB5F9, 0xB61B, 0xC533, 0xF404,
    0xEC06, 0xD323, 0xB221, 0x91C0, 0x99E0, 0x8960, 0x7920, 0x8140,
    0xC344, 0xDC48, 0xD3E6, 0xCBC6, 0xCBC6, 0x91A0, 0x68E0, 0x6900,
    0x7120, 0x60E0, 0x58A0, 0x68E0, 0x60C0, 0x4860, 0x5080, 0x4880,
    0x50A0, 0x58A0, 0x58C0, 0x58C0, 0x6100, 0x58C0, 0x7120, 0xA262,
    0xC385, 0xDC27, 0xDC68, 0xE468, 0xECC9, 0xF52B, 0xD428, 0xBAE4,
    0xE365, 0xFCA8, 0xFD09, 0xDD72, 0xBE3B, 0xBE1A, 0xBE1A, 0xBE1A,
    0xBE1A, 0xBE1A, 0xBDFA, 0xBDFA, 0xBDFA, 0xBDFA, 0xBDFA, 0xBDFA,
    0xBDFA, 0xBE1A, 0xBDFA, 0xBDFA, 0xBE1A, 0xBDF9, 0xBDFA, 0xBDFA,
    0xBDF9, 0xBE1A, 0xD5D6, 0xF4A9, 0xDBA5, 0xC303, 0xAA42, 0xBA82,
    0xC2A2, 0xB241, 0xBAC3, 0xF509, 0xF56B, 0xFD8B, 0xFDAC, 0xFD8B,
    0xE406, 0xCAC2, 0xAA21, 0x99E1, 0xB221, 0xAA01, 0x91C1, 0xA201,
    0xA221, 0xAA21, 0xA201, 0x8980, 0xB241, 0xA222, 0x8181, 0xAA42,
    0xB262, 0xC303, 0xE4CA, 0xF5CE, 0xED4B, 0xED4B, 0xF5AE, 0xF54C,
    0xFD8D, 0x6B44, 0x2A00, 0x3A60, 0x3A60, 0x3A60, 0x3A40, 0x3A60,
    0x4283, 0x4AC7, 0x5B2A, 0x6BCE, 0x8472, 0x8CD3, 0x94F4, 0x94D4,
    0x94D4, 0x8CB3, 0x8493, 0x7431, 0x638D, 0x4B09, 0x42C4, 0x3AA2,
    0x3AA2, 0x42C3, 0x5349, 0x63CD, 0x740F, 0x7C50, 0x8492, 0x8CB3,
    0x94D4, 0x9D15, 0x9D35, 0x94F4, 0x8C93, 0x7C51, 0x7410, 0x6BCE,
    0xB408, 0xD484, 0xE4C2, 0xE4C2, 0xDC84, 0xCC26, 0xBBE9, 0xA3AD,
    0x836F, 0x5313, 0x12F5, 0x02F6, 0x02F6, 0x0315, 0x3B74, 0x6BF4,
    0x9473, 0xACD3, 0xBCF2, 0xC531, 0xCD30, 0xCD0F, 0xC4AE, 0xB42B,
    0x9BA9, 0x8B47, 0x8326, 0x7305, 0x7305, 0x7325, 0x7325, 0x7325,
    0x7325, 0x6B24, 0x6B24, 0x6B24, 0x6B24, 0x6B24, 0x6B24, 0x6324,
    0x6B24, 0x6B45, 0x7366, 0x7B86, 0x83A7, 0x8BA7, 0x8BC8, 0x93E8,
    0xDC06, 0xF52C, 0xFE0F, 0xF4E9, 0xC303, 0xB262, 0xAA62, 0xA222,
    0xA242, 0xAA62, 0x9A01, 0xA201, 0xA221, 0xB261, 0xC2C2, 0xD384,
    0xECC8, 0xF56B, 0xF56B, 0xFD8B, 0xFD8B, 0xFD6B, 0xFD8B, 0xF54A,
    0xF54A, 0xF58C, 0xF56B, 0xF56B, 0xF56B, 0xF54B, 0xF54B, 0xF52A,
    0xED09, 0xFD6B, 0xEDB0, 0xBDFA, 0xB5DA, 0xB5DA, 0xB5DA, 0xB5D9,
    0xB5DA, 0xB5DA, 0xB5DA, 0xB5DA, 0xB5D9, 0xB61B, 0xCD53, 0xF425,
    0xEC26, 0xBA81, 0xB221, 0x91A0, 0x8160, 0x8960, 0x8960, 0x8960,
    0xC344, 0xDC68, 0xD407, 0xD407, 0xC385, 0x89A0, 0x68E0, 0x60E0,
    0x6900, 0x7100, 0x68E0, 0x60E0, 0x58C0, 0x58C0, 0x58C0, 0x60E0,
    0x6900, 0x60E0, 0x60E0, 0x58A0, 0x50C0, 0x60C0, 0x7120, 0x7920,
    0x9A01, 0xDC47, 0xE4A9, 0xE488, 0xECE9, 0xF58C, 0xD428, 0xC2E4,
    0xE3C6, 0xF488, 0xFD09, 0xDCCF, 0xBE3B, 0xBE1A, 0xBE1A, 0xBE1A,
    0xBDFA, 0xBDFA, 0xBDFA, 0xBDFA, 0xBDFA, 0xBDFA, 0xBDFA, 0xBE1A,
    0xBE1A, 0xBDFA, 0xBDFA, 0xBDFA, 0xBDFA, 0xBDFA, 0xBDFA, 0xBDFA,
    0xBDFA, 0xC5F8, 0xFD4C, 0xEC05, 0xD324, 0xBAA2, 0xAA42, 0xB262,
    0xB262, 0xA201, 0xCB85, 0xFD8C, 0xFDAD, 0xFDEE, 0xFDAC, 0xFD8B,
    0xE406, 0xC281, 0xAA21, 0x91C0, 0x8980, 0x91A0, 0xA201, 0x91C1,
    0xA221, 0xB262, 0x89C1, 0x99C1, 0xAA01, 0x9A01, 0x9A01, 0xBA82,
    0xCB23, 0xB2A3, 0xD428, 0xF56C, 0xED4C, 0xF5CF, 0xF5CE, 0xFEF5,
    0x9CCF, 0x3242, 0x3A60, 0x3A40, 0x3A60, 0x3240, 0x3240, 0x3240,
    0x3A40, 0x4264, 0x4AE8, 0x638D, 0x7C10, 0x8472, 0x8492, 0x8492,
    0x8492, 0x8492, 0x7C51, 0x7410, 0x5B6C, 0x4AE8, 0x42C3, 0x42A2,
    0x3AA2, 0x42E5, 0x536A, 0x63CC, 0x6BEE, 0x7C2F, 0x8471, 0x8492,
    0x8CB3, 0x94F4, 0x94F4, 0x8493, 0x7C31, 0x73CF, 0x638D, 0x5B4B,
    0xB428, 0xD484, 0xE4C2, 0xDCA2, 0xD444, 0xCC06, 0xB3C9, 0x9B8D,
    0x834F, 0x4B13, 0x0AF5, 0x02F6, 0x02F6, 0x0315, 0x3B74, 0x7414,
    0x9473, 0xACD3, 0xBD12, 0xC531, 0xCD30, 0xCD0F, 0xC4AE, 0xAC2B,
    0x9B89, 0x8B47, 0x7B06, 0x6AE4, 0x6AE4, 0x6AE4, 0x6AE4, 0x6B04,
    0x6304, 0x6303, 0x5B03, 0x5B03, 0x5B03, 0x5B03, 0x5B03, 0x5B03,
    0x5B03, 0x6324, 0x6B44, 0x7365, 0x7366, 0x7B86, 0x8387, 0x7B86,
    0xA407, 0xF489, 0xF5AE, 0xF56C, 0xDBC5, 0xB282, 0xB2A3, 0xAA42,
    0xA242, 0x9A01, 0x89C1, 0xA201, 0xAA41, 0xCB23, 0xECEA, 0xF52A,
    0xF54B, 0xF58D, 0xFDCD, 0xFDEE, 0xFD8C, 0xFD8C, 0xFD8B, 0xFD4A,
    0xFD8C, 0xFDAC, 0xF56B, 0xF58C, 0xF58C, 0xF52A, 0xF56B, 0xF52A,
    0xF52A, 0xF54B, 0xEC87, 0xD4EF, 0xADFB, 0xB5B9, 0xB5DA, 0xB5D9,
    0xB5D9, 0xB5DA, 0xB5DA, 0xB5FA, 0xB5DA, 0xB61B, 0xCD32, 0xFCA7,
    0xE3E5, 0xCAC3, 0xBAA2, 0x99A0, 0x99C0, 0x9180, 0x91A0, 0x8960,
    0xC385, 0xDC89, 0xDC48, 0xDC68, 0xC365, 0x91A0, 0x7940, 0x7120,
    0x6900, 0x7100, 0x7120, 0x60E0, 0x58A0, 0x60C0, 0x6900, 0x7120,
    0x60E0, 0x60E0, 0x7120, 0x68E0, 0x58C0, 0x60E0, 0x7920, 0x7920,
    0x8980, 0xCBC6, 0xE4C9, 0xE4A9, 0xED0A, 0xF58C, 0xCBC7, 0xAA22,
    0xCB04, 0xF447, 0xFCC8, 0xE550, 0xBE3B, 0xBE1A, 0xBE1A, 0xBE1A,
    0xBDFA, 0xBDFA, 0xBDFA, 0xBDFA, 0xBDFA, 0xBDFA, 0xBDFA, 0xBDFA,
    0xBDFA, 0xBE1A, 0xBDFA, 0xBDFA, 0xBDFA, 0xBDFA, 0xBE1A, 0xBDF9,
    0xBE1A, 0xEE54, 0xEC47, 0xDB84, 0xCAE3, 0xAA42, 0xAA62, 0xA221,
    0xA1E0, 0xBAC3, 0xF54A, 0xFD8C, 0xFDCD, 0xFDAC, 0xFDCD, 0xFD6B,
    0xDB84, 0xAA01, 0xAA21, 0xAA01, 0x99C1, 0xA201, 0xAA21, 0x99E1,
    0xAA42, 0x99E1, 0x99C1, 0xAA42, 0xB262, 0xB262, 0xAA42, 0xBAA3,
    0xB282, 0xAA42, 0xDBE6, 0xED4C, 0xF610, 0xF5CF, 0xFE51, 0xD614,
    0x5309, 0x4AC6, 0x4282, 0x3A40, 0x3240, 0x3240, 0x3220, 0x3220,
    0x3240, 0x3240, 0x42A6, 0x5B4B, 0x6BAE, 0x7410, 0x7C30, 0x7C30,
    0x7C50, 0x7C30, 0x7410, 0x6BEF, 0x5B6C, 0x42E6, 0x42C2, 0x42C2,
    0x3AA2, 0x4B06, 0x5B6A, 0x63AC, 0x6BCD, 0x740E, 0x7C50, 0x8471,
    0x8492, 0x8CB3, 0x8492, 0x7410, 0x6BCF, 0x5B6C, 0x530A, 0x4AC8,
    0xBC28, 0xD484, 0xDCC2, 0xDCA2, 0xD444, 0xC3E6, 0xB3A9, 0x9B8C,
    0x7B4F, 0x4B13, 0x0AF5, 0x02F6, 0x02F6, 0x0316, 0x3B74, 0x7414,
    0x9493, 0xACD3, 0xBD12, 0xC531, 0xCD50, 0xCD0F, 0xC4AD, 0xAC2B,
    0x9B89, 0x8B47, 0x7B05, 0x6AE4, 0x62C3, 0x62C3, 0x5AC3, 0x5AC3,
    0x5AE3, 0x52E2, 0x4AE1, 0x4AE1, 0x4AE1, 0x4AE1, 0x4AC1, 0x4AE2,
    0x52E2, 0x5303, 0x5B03, 0x6324, 0x6324, 0x6B45, 0x6B45, 0x6B45,
    0x6B45, 0xC427, 0xF468, 0xF5EF, 0xECC9, 0xBAA2, 0xBAE3, 0xBAA2,
    0x9A01, 0x91E1, 0xA221, 0x91C1, 0xB282, 0xE488, 0xED0A, 0xF54B,
    0xF5AD, 0xF58C, 0xFD8C, 0xFDAC, 0xFDAC, 0xFD8C, 0xF52A, 0xF50A,
    0xF50A, 0xF52A, 0xFD8C, 0xF56B, 0xF56B, 0xF56B, 0xF56C, 0xF52A,
    0xF52A, 0xF54B, 0xE468, 0xD323, 0xBD76, 0xADDB, 0xB5D9, 0xB5DA,
    0xB5DA, 0xB5FA, 0xB5FA, 0xB5FA, 0xB5FA, 0xB61B, 0xCDB5, 0xFD4A,
    0xE3C5, 0xCB03, 0xB282, 0xA9E0, 0xA1E0, 0x99C0, 0xA200, 0x89A0,
    0xCBC6, 0xDC68, 0xDC88, 0xDC68, 0xD3C6, 0xAA41, 0x91A0, 0x8160,
    0x8160, 0x8160, 0x7120, 0x60C0, 0x50A0, 0x50A0, 0x60E0, 0x6900,
    0x60E0, 0x6900, 0x7920, 0x7100, 0x50A0, 0x58C0, 0x7920, 0x7920,
    0x8140, 0xB2E3, 0xE488, 0xE4C9, 0xF54B, 0xECEA, 0xC324, 0xB242,
    0xD324, 0xF447, 0xFD2A, 0xE592, 0xBE3B, 0xBE1A, 0xBE1A, 0xBE1A,
    0xBDFA, 0xBDFA, 0xBDFA, 0xBDFA, 0xBDFA, 0xBDFA, 0xBDFA, 0xBDFA,
    0xBDFA, 0xBDFA, 0xBDFA, 0xBDFA, 0xBDFA, 0xBDFA, 0xBE1A, 0xB5FA,
    0xDE98, 0xFD8D, 0xDB43, 0xC2C3, 0xAA41, 0xBAA2, 0xAA21, 0x99C1,
    0xAA21, 0xDC07, 0xFDAC, 0xFD6B, 0xFD8C, 0xFD8B, 0xFD8C, 0xDBC5,
    0xB241, 0xAA21, 0xC2A2, 0xAA41, 0x99E1, 0xB242, 0xA202, 0xA222,
    0xB242, 0xAA42, 0xBA62, 0xB262, 0xA222, 0xAA42, 0xBAA2, 0xA242,
    0xA201, 0xCAE3, 0xE468, 0xF58D, 0xF5EF, 0xFE10, 0xF6B5, 0x73ED,
    0x5329, 0x4AE8, 0x42A5, 0x3A61, 0x3240, 0x3220, 0x3220, 0x3220,
    0x3220, 0x3220, 0x3A43, 0x4AE9, 0x636C, 0x63AE, 0x6BCE, 0x6BEE,
    0x73EE, 0x73EE, 0x6BEE, 0x63CD, 0x5B6B, 0x4AE5, 0x42C2, 0x42C2,
    0x42C3, 0x4B06, 0x5369, 0x63AB, 0x63CC, 0x73ED, 0x740E, 0x7C30,
    0x7C51, 0x7C51, 0x7410, 0x63AE, 0x5B4B, 0x4AE8, 0x4285, 0x3242,
    0xBC48, 0xD4A4, 0xE4C2, 0xDCA2, 0xD444, 0xC3E6, 0xABA9, 0x9B6C,
    0x7B30, 0x4313, 0x0AF5, 0x02F6, 0x02F6, 0x0316, 0x3B74, 0x7414,
    0x9473, 0xACD2, 0xB4F1, 0xC511, 0xCD30, 0xC50F, 0xBC8D, 0xAC0B,
    0x9B89, 0x8327, 0x7B05, 0x62C3, 0x5AC3, 0x52A2, 0x52A2, 0x4AA1,
    0x4AA1, 0x42A0, 0x42A0, 0x3AA0, 0x42A0, 0x42A0, 0x42A0, 0x42C0,
    0x4AC1, 0x4AC2, 0x52E2, 0x52E3, 0x5B03, 0x5B03, 0x5B03, 0x6324,
    0x6B45, 0x8386, 0xE427, 0xF54D, 0xFDEE, 0xEC67, 0xD364, 0xBA82,
    0x9A01, 0x91E1, 0xB2A2, 0xA221, 0xC303, 0xED4B, 0xED0A, 0xF58C,
    0xF5AD, 0xFDAD, 0xF58C, 0xF56B, 0xFD8C, 0xFD6B, 0xCB85, 0xBAC2,
    0xC2C2, 0xC2E2, 0xE447, 0xF56B, 0xFDAD, 0xFD8C, 0xF54B, 0xF52A,
    0xED0A, 0xED0A, 0xED0A, 0xCB23, 0xCB88, 0xB5DA, 0xB5DA, 0xB5DA,
    0xB5DA, 0xB5FA, 0xB5FA, 0xB5FA, 0xB5FA, 0xB5FB, 0xD530, 0xFD49,
    0xEC06, 0xD344, 0xB262, 0xAA20, 0xAA00, 0xA201, 0xAA41, 0x8980,
    0xB304, 0xE4A9, 0xE4A9, 0xDC68, 0xDC27, 0xB2C3, 0x91C0, 0x89A0,
    0x89A0, 0x89A0, 0x6900, 0x58C0, 0x58C0, 0x58E0, 0x60C0, 0x60E0,
    0x60C0, 0x60E0, 0x58C0, 0x60E0, 0x58A0, 0x68E0, 0x8140, 0x91A0,
    0x8960, 0xA241, 0xE468, 0xED2A, 0xF58C, 0xD408, 0xAA42, 0xBA82,
    0xDB85, 0xFCC9, 0xFD4A, 0xEDB2, 0xBE3B, 0xBE1A, 0xBE1A, 0xBDFA,
    0xBDFA, 0xBDFA, 0xBDFA, 0xBDFA, 0xBDFA, 0xBDFA, 0xBDFA, 0xB5FA,
    0xBDFA, 0xBDFA, 0xBE1A, 0xBE1A, 0xBE1A, 0xBE1A, 0xB5FA, 0xD638,
    0xFE71, 0xE406, 0xC282, 0x99C0, 0xA201, 0xAA01, 0x99A0, 0x9980,
    0xBAE2, 0xF54B, 0xFD8C, 0xFD8B, 0xFDAC, 0xFD8C, 0xEC87, 0xBA61,
    0x99C1, 0xBA81, 0xBA62, 0xAA62, 0xAA42, 0xC2C2, 0xBA82, 0x99E1,
    0xA202, 0xB262, 0xB262, 0xAA62, 0x91E1, 0xA222, 0xB242, 0xA222,
    0xB282, 0xCAE3, 0xE469, 0xF5AD, 0xF5AE, 0xFEF5, 0xA511, 0x534B,
    0x5B4B, 0x52E8, 0x42A6, 0x4282, 0x3240, 0x3220, 0x3220, 0x3220,
    0x3220, 0x3220, 0x3220, 0x4286, 0x532A, 0x5B6B, 0x638C, 0x63AC,
    0x63AC, 0x6BCD, 0x63CD, 0x638B, 0x5B69, 0x4AE4, 0x42C1, 0x42C1,
    0x42E3, 0x4B06, 0x5B68, 0x5B8A, 0x63AB, 0x6BCC, 0x6BED, 0x73EE,
    0x73EF, 0x6BEF, 0x638D, 0x532B, 0x4AC8, 0x3A63, 0x3220, 0x2A20,
    0xC468, 0xDCC5, 0xE4E2, 0xDCA3, 0xD444, 0xC3C7, 0xAB8A, 0x9B6C,
    0x7330, 0x4313, 0x0AF6, 0x02F6, 0x02F6, 0x0B16, 0x4374, 0x6BF4,
    0x9473, 0xACD2, 0xB4F1, 0xC510, 0xC530, 0xC4EF, 0xB48D, 0xA40A,
    0x9388, 0x8326, 0x72E5, 0x62C3, 0x52A2, 0x4A80, 0x4280, 0x4280,
    0x4280, 0x3A80, 0x3A80, 0x3A80, 0x3A80, 0x3A80, 0x3A80, 0x3A80,
    0x3AA0, 0x42A0, 0x4AC1, 0x4AC2, 0x4AC2, 0x4AC2, 0x52C2, 0x5B04,
    0x6325, 0x6325, 0xBC07, 0xFCCA, 0xF630, 0xF56C, 0xECA8, 0xD3A5,
    0xBAC2, 0xAA61, 0xBA82, 0xBA81, 0xDC47, 0xF58D, 0xF56C, 0xF56C,
    0xF58D, 0xF5AD, 0xF58C, 0xF58C, 0xED2B, 0xDC27, 0xBAC2, 0xB241,
    0xB221, 0xAA00, 0xB240, 0xD364, 0xEC47, 0xECC9, 0xF56B, 0xF58B,
    0xF52A, 0xED0A, 0xED0A, 0xCB86, 0xC260, 0xCCF0, 0xB61B, 0xB5D9,
    0xB5FA, 0xB5DA, 0xB5FA, 0xB5FA, 0xB5FA, 0xADDA, 0xDDB2, 0xFDED,
    0xE3C5, 0xD324, 0xCAC2, 0xB220, 0xA1E0, 0x99E0, 0xA221, 0x8140,
    0x9A42, 0xE4EA, 0xE4CA, 0xDC88, 0xDC68, 0xBB03, 0x91C0, 0x91A0,
    0x91C0, 0x89A0, 0x6900, 0x58C0, 0x58C0, 0x6900, 0x68E0, 0x7120,
    0x7120, 0x6900, 0x60E0, 0x58C0, 0x60C0, 0x68E0, 0x7920, 0x91A0,
    0x91A0, 0x99E0, 0xDC47, 0xF54B, 0xED4B, 0xE48A, 0xBAC3, 0xC282,
    0xDBA5, 0xFD2A, 0xFD6B, 0xF50C, 0xC5FA, 0xB61B, 0xBDFA, 0xBDFA,
    0xBDFA, 0xBDFA, 0xBDFA, 0xB5FA, 0xB5FA, 0xB5FA, 0xBDFA, 0xBDFA,
    0xBDFA, 0xB5FA, 0xBDFA, 0xBE1A, 0xBE1A, 0xBE1A, 0xC639, 0xFE73,
    0xFD8C, 0xCAE3, 0xAA00, 0xB221, 0xA200, 0xAA21, 0xC2A2, 0xDBA5,
    0xF4E9, 0xFD6B, 0xFD4A, 0xFD6B, 0xF56B, 0xF54A, 0xE467, 0xB261,
    0xA1E1, 0xA201, 0xB262, 0xBA82, 0xCAE3, 0xBAA2, 0x9A02, 0xAA42,
    0xAA42, 0x99E2, 0xB242, 0xB282, 0x91E1, 0xAA42, 0xAA22, 0xAA62,
    0xB283, 0xCB23, 0xF50B, 0xF58D, 0xFEB3, 0xC5B3, 0x638D, 0x638C,
    0x5B4B, 0x532A, 0x4AE8, 0x42A5, 0x3A40, 0x3220, 0x3220, 0x3220,
    0x3220, 0x3240, 0x3240, 0x3A42, 0x4AC8, 0x5329, 0x5B4A, 0x5B6B,
    0x638B, 0x638A, 0x638A, 0x5B89, 0x5347, 0x4B02, 0x42E0, 0x42E0,
    0x4AE2, 0x5325, 0x5B67, 0x5B88, 0x638A, 0x638B, 0x63AB, 0x63AC,
    0x63AD, 0x5B6C, 0x5309, 0x42A6, 0x3A63, 0x3241, 0x2A20, 0x3221,
    0xC489, 0xDCC5, 0xE4E3, 0xDCA3, 0xD424, 0xC3C7, 0xAB8A, 0x936D,
    0x7330, 0x3AF3, 0x02F6, 0x02F6, 0x02F6, 0x0AF5, 0x3B74, 0x73F4,
    0x9473, 0xACD2, 0xB4F1, 0xC510, 0xC50F, 0xC4CE, 0xB46C, 0x9BEA,
    0x8B68, 0x7B26, 0x6AE4, 0x5AA3, 0x52A2, 0x4280, 0x3A60, 0x3A60,
    0x3260, 0x3260, 0x3260, 0x3260, 0x3260, 0x3260, 0x3260, 0x3280,
    0x3280, 0x3AA0, 0x42A0, 0x42A0, 0x42A0, 0x4280, 0x42A1, 0x52E3,
    0x5B04, 0x6325, 0x83A7, 0xE488, 0xFD8E, 0xED8D, 0xED2B, 0xED0A,
    0xECC9, 0xD3A5, 0xC303, 0xDBE6, 0xED4C, 0xF56C, 0xF56C, 0xF58C,
    0xF56B, 0xF52B, 0xF56C, 0xF58C, 0xD3E7, 0xAA21, 0xA201, 0xAA21,
    0xAA21, 0x99A0, 0x99C0, 0xBA61, 0xCAA1, 0xCAC2, 0xDBE5, 0xECE9,
    0xECE9, 0xED0A, 0xECE9, 0xDC48, 0xCAE3, 0xD365, 0xC5B7, 0xB5FA,
    0xB5DA, 0xB5DA, 0xB5DA, 0xB5DA, 0xB5FA, 0xADDA, 0xDE78, 0xFDAD,
    0xDB43, 0xCAC2, 0xB241, 0xA9E0, 0xA1E0, 0x99C0, 0x8160, 0x7920,
    0xB2E3, 0xED0A, 0xE4EA, 0xE4A9, 0xDC48, 0xB2C3, 0x89A0, 0x8160,
    0x9180, 0x8980, 0x7120, 0x60E0, 0x6900, 0x6900, 0x6900, 0x7120,
    0x8140, 0x60E0, 0x58A0, 0x58C0, 0x68E0, 0x7920, 0x8160, 0x8980,
    0x9180, 0xA200, 0xDC27, 0xED0A, 0xECEA, 0xF54C, 0xC345, 0xCB04,
    0xDBA5, 0xF467, 0xFD29, 0xFCEA, 0xC5D8, 0xB61B, 0xBDFA, 0xBDFA,
    0xB5FA, 0xB5FA, 0xBDFA, 0xB5FA, 0xB5FA, 0xB5FA, 0xB5FA, 0xB5FA,
    0xB5FA, 0xB5FA, 0xBDFA, 0xBE1A, 0xBDFA, 0xBE3B, 0xF674, 0xFE0F,
    0xF4EA, 0xCB03, 0xBA81, 0xBA81, 0xCB44, 0xDC06, 0xF50A, 0xFD8C,
    0xFD6B, 0xFD8B, 0xFDCD, 0xFDAD, 0xF56B, 0xFDAD, 0xEC67, 0xBA61,
    0xA201, 0xA201, 0xAA21, 0xBA62, 0xBA62, 0xA222, 0xA222, 0xBA82,
    0xBA82, 0xB262, 0xC2A3, 0xAA42, 0x9A01, 0xAA42, 0xB262, 0xB262,
    0xCAE3, 0xEC68, 0xF58D, 0xFE30, 0xE613, 0x7C31, 0x6BEF, 0x6BCE,
    0x638D, 0x5B6C, 0x532A, 0x4AE8, 0x3A64, 0x3220, 0x3220, 0x3220,
    0x3220, 0x3220, 0x3240, 0x3240, 0x4286, 0x4AC8, 0x5308, 0x5349,
    0x5B68, 0x5B68, 0x5B88, 0x5B67, 0x5325, 0x4B01, 0x4B00, 0x4B00,
    0x4B01, 0x5344, 0x5B66, 0x5B67, 0x5B68, 0x5B69, 0x5B69, 0x5B6A,
    0x5B4A, 0x4AE8, 0x4285, 0x3262, 0x3242, 0x3241, 0x3241, 0x3242,
    0xCCA9, 0xDCE5, 0xE4E3, 0xDCA4, 0xD444, 0xC3C7, 0xA36A, 0x934D,
    0x7330, 0x3AF4, 0x02F6, 0x02F6, 0x02F6, 0x0AF5, 0x4375, 0x7414,
    0x9494, 0xACD3, 0xBCF1, 0xC510, 0xC50F, 0xBCCE, 0xAC4C, 0x93CA,
    0x8347, 0x72E5, 0x62C3, 0x5282, 0x4A81, 0x4260, 0x3240, 0x3240,
    0x3240, 0x3240, 0x3240, 0x3240, 0x3240, 0x3260, 0x3260, 0x3260,
    0x3260, 0x3280, 0x3280, 0x3A80, 0x3A60, 0x3A60, 0x4280, 0x4AA2,
    0x52C3, 0x5B04, 0x6325, 0x9BE7, 0xFD0A, 0xFE10, 0xED4B, 0xED4C,
    0xF56C, 0xE4C9, 0xE467, 0xED2B, 0xED4C, 0xF54B, 0xF58C, 0xED4C,
    0xF58C, 0xED2B, 0xDC27, 0xD3C6, 0xC2E3, 0xA1E1, 0x99C1, 0xA201,
    0xA201, 0x99C0, 0xA1C0, 0xBA61, 0xBA41, 0xA1E0, 0xB220, 0xDBC5,
    0xF56B, 0xF56B, 0xED2A, 0xE4EA, 0xC324, 0xCAA1, 0xD3E9, 0xB5FB,
    0xB5DA, 0xB5DA, 0xB5DA, 0xB5DA, 0xB5FA, 0xADDA, 0xDE57, 0xFDED,
    0xDB43, 0xBA61, 0xA9E0, 0xB241, 0xAA00, 0x99A0, 0x7920, 0x8960,
    0xDC47, 0xECEA, 0xECC9, 0xE4C9, 0xDC47, 0xA262, 0x8160, 0x7120,
    0x8140, 0x7920, 0x6100, 0x7120, 0x7940, 0x7120, 0x7100, 0x7100,
    0x7920, 0x60E0, 0x58C0, 0x68E0, 0x7100, 0x7920, 0x7940, 0x8160,
    0x8980, 0x99C0, 0xC324, 0xED0B, 0xED0A, 0xF54B, 0xD408, 0xB242,
    0xDB65, 0xF427, 0xFCC8, 0xFD2B, 0xC5F9, 0xB61B, 0xB61A, 0xB5FA,
    0xB5FA, 0xB5FA, 0xB5FA, 0xB5FA, 0xB5FA, 0xB5FA, 0xB5FA, 0xB5FA,
    0xB5FA, 0xB5FA, 0xB5FA, 0xB5FA, 0xB61B, 0xE5D3, 0xFDAD, 0xF56B,
    0xF4E9, 0xEC88, 0xE447, 0xE468, 0xF52A, 0xF54B, 0xF56B, 0xF56B,
    0xFD8B, 0xFD8B, 0xFD8B, 0xFD6B, 0xFDAD, 0xFD8C, 0xEC67, 0xCAE2,
    0xAA41, 0xA201, 0xA1E1, 0x99C1, 0x99E1, 0xBAA3, 0xC2E3, 0xBAA3,
    0xAA42, 0xC2A3, 0xAA82, 0x91E1, 0xB242, 0xA221, 0xB283, 0xB262,
    0xE3E5, 0xFD8C, 0xF5CE, 0xFD0B, 0xA4B1, 0x7C72, 0x7C51, 0x7410,
    0x6BEF, 0x6BAE, 0x5B6C, 0x532A, 0x42C7, 0x3A62, 0x3220, 0x3220,
    0x3220, 0x3220, 0x2A20, 0x3220, 0x3A62, 0x4286, 0x4AC6, 0x5326,
    0x5B47, 0x5B67, 0x5B66, 0x5B65, 0x5343, 0x4B20, 0x4B20, 0x4B00,
    0x4B20, 0x5343, 0x5B65, 0x5B86, 0x5B67, 0x5B67, 0x5B47, 0x5328,
    0x4AE7, 0x4284, 0x3A60, 0x3261, 0x3261, 0x3241, 0x3242, 0x3A63,
    0xCCA9, 0xDCE6, 0xE4E4, 0xDCA4, 0xD445, 0xBBC7, 0xA36A, 0x8B4D,
    0x7310, 0x3AF4, 0x02F6, 0x02F6, 0x02F6, 0x0AF5, 0x4375, 0x7435,
    0x9494, 0xACD3, 0xBCF1, 0xC4F0, 0xC4EF, 0xBCCE, 0xA44C, 0x8BA9,
    0x7B27, 0x6AA4, 0x5282, 0x4260, 0x4240, 0x3A40, 0x3240, 0x3220,
    0x3240, 0x2A40, 0x2A20, 0x3220, 0x3240, 0x3240, 0x3240, 0x3240,
    0x3240, 0x2A40, 0x2A40, 0x3240, 0x3240, 0x3260, 0x3A60, 0x4280,
    0x4AC2, 0x52E3, 0x6325, 0x6B66, 0xDCCA, 0xFE30, 0xF5AE, 0xF58D,
    0xED4B, 0xED0A, 0xED0A, 0xED4B, 0xF56B, 0xED2B, 0xF56C, 0xED2B,
    0xF54B, 0xED2C, 0xD3A6, 0xA201, 0x99E1, 0xB261, 0xA221, 0x99E1,
    0x99E1, 0xA1E0, 0xA1E0, 0xAA00, 0xBA41, 0xAA21, 0xB261, 0xC2E2,
    0xECA8, 0xF56B, 0xF54B, 0xF54B, 0xD427, 0xBAE3, 0xCAE2, 0xCC8F,
    0xB5FB, 0xB5DA, 0xB5DA, 0xB5DA, 0xB5FA, 0xB5FA, 0xE655, 0xFE0E,
    0xE406, 0xAA20, 0xB241, 0xB241, 0xA1E0, 0x9180, 0x9160, 0xBAE3,
    0xED0B, 0xED0A, 0xECEA, 0xECE9, 0xDC68, 0xAA62, 0x8160, 0x7940,
    0x7100, 0x60E0, 0x6900, 0x7940, 0x8160, 0x7120, 0x6900, 0x68E0,
    0x7920, 0x7100, 0x7100, 0x7920, 0x8160, 0x9180, 0x8980, 0x8960,
    0x8980, 0x8960, 0xA201, 0xE4A9, 0xED0A, 0xF54B, 0xF54B, 0xD3A5,
    0xDBA5, 0xEBE6, 0xFC88, 0xFDCD, 0xD5D6, 0xB61C, 0xB5FA, 0xB5FA,
    0xB5FA, 0xB5FA, 0xB5FA, 0xB5FA, 0xB5FA, 0xB5FA, 0xB5FA, 0xB5FA,
    0xB5FA, 0xB5FA, 0xB5FA, 0xB61C, 0xD572, 0xF446, 0xFD8C, 0xF52A,
    0xF50A, 0xF52A, 0xF52A, 0xF56B, 0xF54B, 0xF56B, 0xFD6B, 0xFDAC,
    0xFD8B, 0xFD8B, 0xFD6B, 0xFD6B, 0xFDCE, 0xF54A, 0xECA8, 0xD385,
    0xB262, 0x99E1, 0xBA41, 0xAA21, 0x9A01, 0xBAA3, 0xBAA3, 0xAA42,
    0xB262, 0xBAC3, 0x9A02, 0xA201, 0xB262, 0xBAA3, 0xB262, 0xCB23,
    0xF52A, 0xF5EF, 0xF489, 0xC4AF, 0x8D16, 0x8CD4, 0x8493, 0x8472,
    0x7C31, 0x73F0, 0x63AE, 0x5B4B, 0x4AE9, 0x4285, 0x3220, 0x3220,
    0x3220, 0x2A20, 0x2A20, 0x3220, 0x3240, 0x3A62, 0x4AC5, 0x5325,
    0x5345, 0x5B65, 0x5B64, 0x5B63, 0x5341, 0x4B40, 0x4B20, 0x4B20,
    0x4B20, 0x5342, 0x5B64, 0x5B85, 0x5B65, 0x5345, 0x5326, 0x4AE5,
    0x42A2, 0x3A60, 0x3260, 0x3260, 0x3241, 0x3261, 0x3A63, 0x3A84,
    0xCCA9, 0xDCE6, 0xE4E4, 0xDCA4, 0xD445, 0xBBC8, 0xA36B, 0x8B4D,
    0x6B10, 0x32F4, 0x02F6, 0x02F6, 0x02F6, 0x0B16, 0x4395, 0x7434,
    0x9493, 0xACD2, 0xB4F1, 0xC510, 0xC4EF, 0xBCAE, 0xA42C, 0x8B89,
    0x7306, 0x5A83, 0x4A40, 0x3A20, 0x3A20, 0x3220, 0x3220, 0x2A20,
    0x2A20, 0x2A20, 0x2A20, 0x2A20, 0x2A20, 0x3240, 0x3240, 0x3240,
    0x3240, 0x2A40, 0x2A40, 0x2A20, 0x2A20, 0x3240, 0x3260, 0x3A80,
    0x42A1, 0x4AC3, 0x5B24, 0x5B24, 0x7BA6, 0xFE31, 0xFE51, 0xED2B,
    0xED4B, 0xED4B, 0xED6C, 0xED4B, 0xED6C, 0xED4B, 0xED4B, 0xED2B,
    0xED2A, 0xD407, 0xBAA2, 0xAA21, 0x99C0, 0xB241, 0xAA21, 0x99E1,
    0x99E1, 0xAA21, 0xAA21, 0xA1E1, 0xAA21, 0xAA41, 0xB261, 0xAA00,
    0xD343, 0xF54A, 0xF56B, 0xF56B, 0xED0A, 0xBB24, 0xBAC2, 0xCAC2,
    0xC534, 0xB5FB, 0xB5D9, 0xB5FA, 0xB5FA, 0xBDFA, 0xF654, 0xFDAD,
    0xF4E9, 0xCB23, 0xBA81, 0xBA40, 0xBA81, 0xBAA2, 0xCBA5, 0xED0A,
    0xED2B, 0xECEA, 0xECCA, 0xECEA, 0xE488, 0xC344, 0x99C0, 0x8160,
    0x6100, 0x6100, 0x7960, 0x7120, 0x7120, 0x6900, 0x60E0, 0x60E0,
    0x58C0, 0x8140, 0x8960, 0x8160, 0x8160, 0x8980, 0x8960, 0x8140,
    0x91A0, 0x9180, 0xB2A3, 0xE488, 0xED0A, 0xF54C, 0xF58C, 0xF54B,
    0xEC47, 0xEC27, 0xFCEA, 0xFE70, 0xDDF6, 0xB61C, 0xB5FA, 0xB5FA,
    0xB5FA, 0xB5FA, 0xB5FA, 0xB5FA, 0xB5FA, 0xB5FA, 0xB5FA, 0xB5FA,
    0xB5FA, 0xB5DA, 0xB61B, 0xCDD7, 0xE3A5, 0xE427, 0xF54B, 0xF50A,
    0xF52A, 0xF50A, 0xF52A, 0xF54A, 0xF56B, 0xF56B, 0xFD8C, 0xF56B,
    0xF54A, 0xF54B, 0xFDAC, 0xFDCD, 0xFDAD, 0xF56B, 0xF56B, 0xDBE6,
    0xAA41, 0xAA21, 0xB241, 0xAA42, 0xB262, 0xAA42, 0xAA42, 0xB262,
    0xAA62, 0xA222, 0xAA42, 0xAA42, 0xAA42, 0xC2E3, 0xC2A2, 0xEC88,
    0xFE0F, 0xFD0A, 0xDC6C, 0x9537, 0x9516, 0x9D36, 0x9516, 0x8CD4,
    0x8493, 0x7C31, 0x6BCF, 0x5B6C, 0x530A, 0x42A7, 0x3A62, 0x3220,
    0x3220, 0x3220, 0x3220, 0x3220, 0x3240, 0x3A60, 0x42C1, 0x4B02,
    0x5343, 0x5B63, 0x5B82, 0x5B81, 0x5360, 0x5360, 0x5340, 0x4B40,
    0x5340, 0x5340, 0x5361, 0x5B62, 0x5363, 0x5323, 0x4B02, 0x42C1,
    0x4280, 0x3A60, 0x3260, 0x3240, 0x3240, 0x3261, 0x3A62, 0x4284,
    0xCCA9, 0xDCC6, 0xE4E4, 0xDCA5, 0xD445, 0xBBC8, 0xA38B, 0x8B4E,
    0x6B11, 0x32F4, 0x02F6, 0x02F6, 0x02F6, 0x0B16, 0x4395, 0x7414,
    0x8C73, 0xACB2, 0xB4F1, 0xC510, 0xC4EF, 0xBC8D, 0xA40B, 0x8B69,
    0x6AE6, 0x5263, 0x3A00, 0x3200, 0x3200, 0x2A00, 0x2A00, 0x2A00,
    0x2A00, 0x2A00, 0x2A00, 0x2A20, 0x2A20, 0x2A20, 0x2A20, 0x2A20,
    0x2A40, 0x2A20, 0x2A20, 0x2A20, 0x2A20, 0x2A20, 0x3240, 0x3A60,
    0x4280, 0x4AC2, 0x5AE3, 0x6324, 0x6324, 0xBD4E, 0xFF15, 0xF5AD,
    0xF5AD, 0xED6C, 0xED4C, 0xED4B, 0xED2B, 0xED4B, 0xED4B, 0xF56C,
    0xE4C9, 0xBAC3, 0xA201, 0x99C0, 0x99C1, 0xB241, 0x91A0, 0x91C0,
    0x89A0, 0x99E0, 0xAA21, 0xA200, 0xA201, 0x91A0, 0x99C0, 0xA1C0,
    0xCB02, 0xF52A, 0xF56B, 0xF52A, 0xED2A, 0xCBC6, 0xAA82, 0xC2A2,
    0xCB46, 0xBDD9, 0xB5FA, 0xB5F9, 0xB5FA, 0xBDFA, 0xF5F1, 0xFDCD,
    0xF52A, 0xE426, 0xDB83, 0xE426, 0xE4C9, 0xED0A, 0xED2B, 0xED4B,
    0xED4B, 0xED0A, 0xE4C9, 0xECEA, 0xE4C9, 0xE4A9, 0xBAE3, 0x9180,
    0x6900, 0x7120, 0x7940, 0x7940, 0x7940, 0x7120, 0x7120, 0x6900,
    0x58A0, 0x7920, 0xA1C0, 0x99A0, 0x99C0, 0x91A0, 0x8140, 0x8960,
    0x8960, 0x91A0, 0xBAE3, 0xE4A9, 0xED2B, 0xF5AD, 0xF56C, 0xF58C,
    0xF4A8, 0xF4A8, 0xFD4B, 0xFEB2, 0xD658, 0xB5FB, 0xB5FB, 0xB5FB,
    0xB5FB, 0xB5FA, 0xB5FA, 0xB5FA, 0xB5FA, 0xB5FA, 0xB5FA, 0xB5FA,
    0xB5DA, 0xADFB, 0xC576, 0xE407, 0xDB23, 0xDBC6, 0xECE9, 0xF56B,
    0xF54B, 0xF54B, 0xF54A, 0xF56B, 0xF52A, 0xF52A, 0xF52A, 0xF529,
    0xF52A, 0xF54A, 0xF54B, 0xFD8C, 0xFDAC, 0xFDAC, 0xF54B, 0xECA8,
    0xCB43, 0xBA61, 0xB221, 0xBA62, 0xBA82, 0xB282, 0x9A01, 0x9A02,
    0xAA62, 0xAA42, 0xBAA3, 0xB262, 0xBAA3, 0xC2C3, 0xE3E6, 0xFDEE,
    0xFDAD, 0xEC89, 0xA535, 0x9536, 0x9D57, 0xA578, 0xA578, 0x9D16,
    0x8CB4, 0x7C52, 0x6BCF, 0x5B6D, 0x530B, 0x42C8, 0x3A85, 0x3220,
    0x3220, 0x2A20, 0x2A00, 0x3220, 0x3240, 0x3A60, 0x42A0, 0x4B00,
    0x5340, 0x5360, 0x5380, 0x5380, 0x5380, 0x5360, 0x5340, 0x5340,
    0x5340, 0x5340, 0x5340, 0x5340, 0x4B20, 0x4B00, 0x4AE0, 0x42A0,
    0x3A80, 0x3A60, 0x3A60, 0x3240, 0x3240, 0x3260, 0x3A62, 0x4284,
    0xCCA9, 0xDCE6, 0xE4E4, 0xDCA5, 0xD466, 0xBBE8, 0xA38B, 0x8B4E,
    0x6311, 0x2AF4, 0x02F6, 0x02F7, 0x02F6, 0x0B16, 0x4375, 0x7414,
    0x8C73, 0xA4B2, 0xB4D1, 0xC4F0, 0xC4EF, 0xB48D, 0xA3EB, 0x8B48,
    0x72C6, 0x5263, 0x4200, 0x31E0, 0x29E0, 0x29E0, 0x29E0, 0x29E0,
    0x29E0, 0x29E0, 0x2A00, 0x2A20, 0x2A20, 0x2A20, 0x2A20, 0x2A20,
    0x2A20, 0x2A20, 0x2A00, 0x2A00, 0x2A00, 0x2A20, 0x3240, 0x3A60,
    0x4280, 0x4AA2, 0x5AE3, 0x6325, 0x7346, 0x8387, 0xEE95, 0xFEB3,
    0xF5CE, 0xED6C, 0xED6C, 0xED4B, 0xED0A, 0xED2B, 0xED4B, 0xED4B,
    0xDC27, 0xAA42, 0x91C0, 0x99C0, 0xA221, 0xAA21, 0xA1E0, 0xAA21,
    0x91A0, 0x99C0, 0xA1E0, 0x99E0, 0xA1E0, 0x91A0, 0x9180, 0xAA00,
    0xB240, 0xDBC5, 0xF54B, 0xF56B, 0xF54B, 0xDC68, 0xA221, 0xAA41,
    0xBA60, 0xC44D, 0xBE1B, 0xB5F9, 0xB5FA, 0xC5F8, 0xECA9, 0xECC9,
    0xECE9, 0xECA8, 0xECEA, 0xED2B, 0xED2B, 0xF54C, 0xF56C, 0xF56C,
    0xF56C, 0xED0A, 0xE4A8, 0xED0A, 0xECEA, 0xECEA, 0xDC06, 0xA221,
    0x89A0, 0x7940, 0x8140, 0x91C0, 0x8980, 0x7940, 0x8960, 0x8140,
    0x7920, 0x8160, 0x9180, 0x8960, 0x8140, 0x91A0, 0x99C0, 0x91A0,
    0x99C0, 0xAA21, 0xD385, 0xECE9, 0xED0A, 0xF56D, 0xED0B, 0xECCA,
    0xEC68, 0xF488, 0xFDCE, 0xFE71, 0xE656, 0xB5FC, 0xB5FB, 0xB5FB,
    0xB5FB, 0xB5FB, 0xB5FA, 0xB5FA, 0xB5FA, 0xB5FA, 0xB5FA, 0xB5FA,
    0xB5FB, 0xBDDA, 0xE408, 0xE343, 0xC2C3, 0xD3C6, 0xFD6B, 0xF56B,
    0xF56B, 0xF54A, 0xF52A, 0xF52A, 0xF52A, 0xF52A, 0xF52A, 0xF52A,
    0xF56B, 0xF56B, 0xF54B, 0xF509, 0xFD8C, 0xFDAC, 0xFDAD, 0xF54B,
    0xECE9, 0xE3E6, 0xD303, 0xBAA3, 0xA222, 0xA222, 0x9A01, 0x9A22,
    0xAA62, 0xAA42, 0xBAA3, 0xBAA3, 0xBA82, 0xD364, 0xF56B, 0xF5CF,
    0xEC48, 0xBD54, 0x9557, 0x9D57, 0xA578, 0xAD99, 0xAD99, 0x9D37,
    0x8CD5, 0x7C52, 0x6BF0, 0x5B6D, 0x530B, 0x4AC8, 0x4286, 0x3241,
    0x3220, 0x2A20, 0x2A00, 0x2A20, 0x3240, 0x3A80, 0x42C0, 0x4B00,
    0x5320, 0x5360, 0x5380, 0x5380, 0x5380, 0x5360, 0x5340, 0x5340,
    0x5340, 0x5340, 0x5340, 0x4B40, 0x4B20, 0x4B00, 0x42C0, 0x42A0,
    0x3A80, 0x3A80, 0x3A60, 0x3A60, 0x3A60, 0x3A61, 0x3A83, 0x42A5,
    0xCCA9, 0xDCE6, 0xE4E4, 0xDCA5, 0xD446, 0xBBE8, 0xA38B, 0x8B2E,
    0x62F1, 0x2AF4, 0x02D6, 0x02F6, 0x02F6, 0x0B16, 0x4375, 0x73F4,
    0x8C53, 0xA4B2, 0xB4D1, 0xBCEF, 0xC4EE, 0xBC6D, 0xA3EA, 0x8B48,
    0x72C6, 0x5A63, 0x4A00, 0x39E0, 0x29E0, 0x29C0, 0x29A0, 0x29C0,
    0x29C0, 0x29E0, 0x29E0, 0x2A00, 0x2A20, 0x2A20, 0x2A20, 0x2A20,
    0x2A20, 0x2A00, 0x2A00, 0x29E0, 0x2A00, 0x2A20, 0x3240, 0x3A80,
    0x42A1, 0x4AC3, 0x5AE4, 0x6B05, 0x7347, 0x7B47, 0xB48D, 0xFF58,
    0xF610, 0xF5AD, 0xED2B, 0xED2B, 0xE4E9, 0xED4C, 0xED4B, 0xECEA,
    0xCB85, 0xAA21, 0x99E1, 0x91C1, 0xA201, 0x99E0, 0x99C0, 0xAA21,
    0xAA01, 0xA1E0, 0x99E0, 0x99E0, 0xAA21, 0xA1E0, 0xAA00, 0xB221,
    0xA1E0, 0xBA61, 0xEC88, 0xF56B, 0xF52A, 0xF54B, 0xD407, 0xAA41,
    0xAA61, 0xC280, 0xC4F2, 0xB61B, 0xB5FB, 0xCD53, 0xC2A2, 0xCBA5,
    0xECA8, 0xE4A9, 0xED0B, 0xED0A, 0xF56C, 0xF56B, 0xF54B, 0xF56B,
    0xF54B, 0xECEA, 0xE4A8, 0xED0A, 0xED0A, 0xECEA, 0xDC68, 0xD3E7,
    0xCBA6, 0xBB24, 0xBAC2, 0xAA41, 0x91C0, 0x8980, 0x91A0, 0x8980,
    0x8980, 0x91A0, 0x99A0, 0x8960, 0x7100, 0x8160, 0x91A0, 0x91C0,
    0x99C0, 0xCB64, 0xECC9, 0xECEA, 0xED0A, 0xE4EB, 0xD449, 0xB283,
    0xC304, 0xE3A5, 0xFD0A, 0xFE91, 0xEDD1, 0xBDDB, 0xB5FB, 0xB5FB,
    0xB5FB, 0xB5FB, 0xB5FB, 0xB5FB, 0xB5DA, 0xB5DA, 0xB5FA, 0xADDB,
    0xB5FB, 0xE4CD, 0xE364, 0xBA82, 0xA1E1, 0xDC68, 0xF56B, 0xF54B,
    0xF54B, 0xF52A, 0xF52A, 0xF56B, 0xF54B, 0xF54A, 0xF52A, 0xF50A,
    0xF52A, 0xF52B, 0xF50A, 0xF52A, 0xFDCD, 0xFDEE, 0xF58D, 0xF58D,
    0xF54C, 0xF4EA, 0xDBA5, 0xAA42, 0x9A01, 0xA222, 0xA242, 0xB282,
    0xAA62, 0xAA42, 0xBAC3, 0xBAA3, 0xD343, 0xEC88, 0xF5EF, 0xE3E7,
    0xCCCF, 0x9D79, 0xA578, 0xA578, 0xA578, 0xAD99, 0xAD99, 0x9D57,
    0x8CF5, 0x7C73, 0x6BF0, 0x5B8D, 0x530B, 0x42A8, 0x3A86, 0x3A43,
    0x3220, 0x2A20, 0x2A00, 0x2A20, 0x3240, 0x3A80, 0x42C0, 0x4B00,
    0x5340, 0x5380, 0x5BA0, 0x5BA0, 0x5380, 0x5380, 0x5360, 0x5360,
    0x5360, 0x5360, 0x5340, 0x4B20, 0x4B00, 0x42E0, 0x42C0, 0x42A0,
    0x3AA0, 0x3A80, 0x3A80, 0x3A80, 0x3A81, 0x3A83, 0x42A4, 0x42C6,
    0xCCC9, 0xDCE6, 0xE4E4, 0xDCA5, 0xD446, 0xBBC8, 0xA36B, 0x832E,
    0x62F1, 0x22D4, 0x02D6, 0x02F6, 0x02F6, 0x0B16, 0x4375, 0x73F4,
    0x9453, 0xA4B2, 0xB4D1, 0xBCEF, 0xC4EE, 0xBC8D, 0xAC0B, 0x9369,
    0x82E6, 0x6283, 0x5241, 0x4200, 0x39E0, 0x29A0, 0x2180, 0x21A0,
    0x21A0, 0x29C0, 0x21C0, 0x29E0, 0x2A20, 0x2A20, 0x2A20, 0x2A20,
    0x2A00, 0x21E0, 0x21E0, 0x29E0, 0x2A00, 0x2A20, 0x3260, 0x4281,
    0x4AA3, 0x52C3, 0x62E4, 0x6B25, 0x7326, 0x8368, 0x8B89, 0xDE13,
    0xFED4, 0xF5AE, 0xF56C, 0xED6C, 0xED2B, 0xF58C, 0xED4B, 0xDC47,
    0xBAA2, 0xA201, 0x99E0, 0x91A0, 0xAA41, 0x91A0, 0x91A0, 0xAA21,
    0xB241, 0xAA01, 0x91C1, 0x99E1, 0xAA21, 0xB261, 0xBA61, 0xB241,
    0xB241, 0xAA00, 0xD363, 0xF52A, 0xED0A, 0xF50A, 0xDC68, 0x99E0,
    0xA221, 0xB240, 0xC346, 0xB5DA, 0xAE1B, 0xC4D1, 0xBA61, 0xCB65,
    0xDC06, 0xE4A9, 0xED2B, 0xED2B, 0xF56B, 0xF54A, 0xED09, 0xED09,
    0xF54B, 0xECE9, 0xED2B, 0xED2B, 0xED0B, 0xECC9, 0xE4A9, 0xDC68,
    0xDC48, 0xE4A9, 0xE468, 0xCBA5, 0xC323, 0xB262, 0xAA21, 0x99A0,
    0x9180, 0x9180, 0x91A0, 0xA1E0, 0x8160, 0x7940, 0x7920, 0x8980,
    0xAA21, 0xDC27, 0xED0A, 0xF52B, 0xF56C, 0xC386, 0xB283, 0x9A01,
    0xAA21, 0xD303, 0xEC26, 0xFDEC, 0xEDF2, 0xB5BA, 0xB5FB, 0xB5FB,
    0xB5FB, 0xB5FB, 0xB5DB, 0xB5DB, 0xB5DB, 0xB5DA, 0xB5DA, 0xB5FC,
    0xDCEE, 0xE363, 0xCB03, 0xBAA2, 0xCB65, 0xF52A, 0xF52A, 0xF56C,
    0xFD8C, 0xF54B, 0xF54B, 0xECE9, 0xECA8, 0xE426, 0xD344, 0xD364,
    0xC303, 0xC2E3, 0xE468, 0xF5AD, 0xF58C, 0xF58C, 0xF56C, 0xFDCE,
    0xF58C, 0xF50A, 0xE448, 0xC304, 0xAA62, 0xAA42, 0xAA42, 0xAA42,
    0xB262, 0xB262, 0xB282, 0xC2E2, 0xEC67, 0xFDCE, 0xECEA, 0xDC6B,
    0x9D78, 0x9D58, 0xA578, 0xA578, 0xA578, 0xA598, 0xA598, 0xA577,
    0x9516, 0x8494, 0x7431, 0x63CF, 0x5B4D, 0x4AEA, 0x4287, 0x3A43,
    0x3220, 0x2A00, 0x2A00, 0x3220, 0x3240, 0x3A80, 0x42E0, 0x4B20,
    0x5360, 0x5B80, 0x5BA0, 0x5BA0, 0x5380, 0x5380, 0x5360, 0x5360,
    0x5360, 0x5360, 0x5340, 0x4B20, 0x4AE0, 0x42C0, 0x42A0, 0x42A0,
    0x3AA0, 0x3AA0, 0x3AA0, 0x42A2, 0x42A3, 0x42A3, 0x42C4, 0x42E6,
    0xD4CA, 0xDCE7, 0xE4E5, 0xDCA5, 0xD446, 0xBBC8, 0xA36B, 0x832E,
    0x62F1, 0x22B4, 0x02D6, 0x02F6, 0x02F6, 0x0B16, 0x4B74, 0x7BF3,
    0x9473, 0xACB2, 0xB4D1, 0xC4EF, 0xC4EE, 0xBC8D, 0xAC2B, 0x9BA9,
    0x8B07, 0x6A84, 0x5A63, 0x4A21, 0x41E0, 0x29C0, 0x2180, 0x2180,
    0x2180, 0x21A0, 0x21A0, 0x21C0, 0x2A00, 0x2A20, 0x2A20, 0x2A00,
    0x29E0, 0x21C0, 0x21E0, 0x21E0, 0x2A00, 0x2A40, 0x3A60, 0x4AA2,
    0x52C4, 0x62E5, 0x6B06, 0x7326, 0x7327, 0x8368, 0x93A9, 0xAC6C,
    0xFD8D, 0xF5AE, 0xF5CF, 0xF5CE, 0xF54B, 0xF56C, 0xECE9, 0xD3C5,
    0xB281, 0xAA41, 0xA221, 0x99C0, 0xAA21, 0x99E1, 0x99C0, 0xA221,
    0xA1E1, 0xA221, 0x9A01, 0xA221, 0x9A01, 0xBA82, 0xB241, 0xBA61,
    0xBA81, 0xA1E0, 0xCB02, 0xF509, 0xF52A, 0xED0A, 0xF52B, 0xDC48,
    0xAA41, 0xA200, 0xAA20, 0xBC4E, 0xB63C, 0xC42D, 0xC281, 0xBAE3,
    0xD384, 0xDC47, 0xED2B, 0xED2B, 0xF54B, 0xF54B, 0xF52A, 0xECE9,
    0xE4A9, 0xD3E6, 0xDC68, 0xED0A, 0xECEA, 0xECC9, 0xECC9, 0xE488,
    0xE4A9, 0xED0A, 0xE4A9, 0xE488, 0xE4A8, 0xE447, 0xDC07, 0xC2E3,
    0xA1C0, 0x91A0, 0x8980, 0x99A0, 0x8960, 0x8140, 0x7100, 0x8140,
    0xA1E0, 0xDC26, 0xED2B, 0xF56B, 0xF58C, 0xCBC7, 0x9180, 0xB261,
    0xA9E1, 0xD2A2, 0xE364, 0xFC87, 0xF5AF, 0xBDFB, 0xB5FB, 0xB5FB,
    0xB5FB, 0xB5DB, 0xB5FB, 0xB5DB, 0xB5DB, 0xB5DA, 0xADFB, 0xCD53,
    0xDB64, 0xCB03, 0xC2C3, 0xD3A5, 0xF54B, 0xF52A, 0xF50A, 0xF54B,
    0xFD8C, 0xEC88, 0xCB44, 0xB262, 0xBAA2, 0xB220, 0xBA20, 0xBA40,
    0xA1E0, 0xA1E0, 0xD3E7, 0xFDCE, 0xED0B, 0xECE9, 0xFD8D, 0xFDCE,
    0xF56C, 0xF52B, 0xF56C, 0xE427, 0xBAA3, 0xAA22, 0xA241, 0xA222,
    0xB282, 0xB242, 0xC2E2, 0xE406, 0xFD8C, 0xED4C, 0xEC07, 0xAD55,
    0x8D17, 0x9516, 0x9D37, 0x9D57, 0x9D57, 0xA578, 0xA578, 0xA578,
    0x9516, 0x8CD5, 0x7C73, 0x7411, 0x6BCF, 0x5B4D, 0x4AC9, 0x3A64,
    0x3220, 0x3220, 0x3220, 0x3240, 0x3A60, 0x42A0, 0x4B00, 0x4B40,
    0x5360, 0x5BA0, 0x5BA0, 0x5BA0, 0x5380, 0x5360, 0x5380, 0x5380,
    0x5380, 0x5360, 0x4B40, 0x4B00, 0x42E0, 0x42C0, 0x42A0, 0x3A80,
    0x3A80, 0x3AA0, 0x42A1, 0x42C3, 0x42C3, 0x42C4, 0x4AE5, 0x4AE6,
    0xD4CA, 0xDCE7, 0xE4E5, 0xDCA5, 0xD446, 0xBBC8, 0xA36B, 0x832E,
    0x5AF1, 0x1AB4, 0x02D6, 0x02F6, 0x02F6, 0x1316, 0x4B74, 0x7BF3,
    0x9452, 0xACB1, 0xB4D0, 0xC4EF, 0xC4EE, 0xBCAD, 0xB42B, 0xA3A9,
    0x8B27, 0x72A4, 0x6263, 0x5A43, 0x4A22, 0x4201, 0x39E1, 0x31E2,
    0x39E2, 0x3A02, 0x3A23, 0x3A44, 0x4264, 0x4284, 0x4284, 0x4284,
    0x3A63, 0x3A23, 0x3222, 0x3222, 0x3A42, 0x3A83, 0x4AA3, 0x52C4,
    0x5AE5, 0x6B06, 0x7306, 0x7B27, 0x8348, 0x8B68, 0x9BA9, 0x9BEA,
    0xDCAA, 0xF4A8, 0xED8E, 0xF5CE, 0xF5AE, 0xED6C, 0xE4C9, 0xE467,
    0xCB23, 0xAA41, 0x99E0, 0x91A0, 0x99E1, 0x91C1, 0x9A01, 0x99E1,
    0x91C1, 0xA201, 0xB241, 0xB282, 0x99E1, 0xAA41, 0xAA21, 0xBA81,
    0xAA41, 0xAA21, 0xC2A1, 0xECA7, 0xF58C, 0xF54B, 0xED0A, 0xF52B,
    0xD3E6, 0xA261, 0x99E0, 0xBAA2, 0xC575, 0xC46F, 0xBA60, 0x99E1,
    0xA221, 0xD3E7, 0xF54B, 0xED4B, 0xF58C, 0xF52A, 0xDC06, 0xBB04,
    0xBA82, 0xAA00, 0xAA20, 0xC303, 0xE468, 0xF52A, 0xECE9, 0xECC9,
    0xE4C9, 0xE4C9, 0xE4C9, 0xECC9, 0xECEA, 0xECC9, 0xECEA, 0xECA8,
    0xC2E3, 0x99A0, 0x91A0, 0x91A0, 0x99C0, 0x9180, 0x9160, 0x99A0,
    0xA1E0, 0xDC27, 0xF56C, 0xF58C, 0xF56C, 0xDC48, 0x91E1, 0xA1E0,
    0xC2A1, 0xCAA2, 0xD302, 0xEC05, 0xFCA7, 0xCD96, 0xAE1C, 0xB5FB,
    0xB5FB, 0xB5FB, 0xB5FB, 0xB5FB, 0xB5DA, 0xADFC, 0xCD54, 0xE385,
    0xCAE3, 0xB261, 0xAA41, 0xE488, 0xF56B, 0xF52A, 0xF509, 0xF509,
    0xDBC5, 0xBA81, 0xA1C0, 0x99A0, 0xA1E0, 0x99A0, 0xA1E0, 0xA1C0,
    0x91A0, 0x91C1, 0xCBA6, 0xDC28, 0xDC28, 0xF52B, 0xFDCE, 0xF58C,
    0xF56C, 0xF5AD, 0xF58D, 0xE4A9, 0xC2E3, 0xAA22, 0xAA62, 0xA222,
    0xB282, 0xCB23, 0xEC88, 0xFDCE, 0xF58E, 0xEBA5, 0xC4D0, 0x84F6,
    0x8CD5, 0x8CD5, 0x94F6, 0x9516, 0x9D57, 0x9D57, 0x9D57, 0x9D58,
    0x9537, 0x8CF5, 0x8494, 0x7C53, 0x73F1, 0x5B8E, 0x4AEA, 0x3A86,
    0x3A44, 0x3A43, 0x3240, 0x3A60, 0x3A80, 0x42C0, 0x4B00, 0x5340,
    0x5380, 0x5BA0, 0x5BC0, 0x5BA0, 0x5380, 0x5360, 0x5380, 0x5380,
    0x5360, 0x4B40, 0x4B20, 0x4B00, 0x42C0, 0x42A0, 0x3A80, 0x3A60,
    0x3A80, 0x3A80, 0x3AA1, 0x42C3, 0x42E4, 0x4AE5, 0x4AE6, 0x4B06,
    0xD4CA, 0xDCE7, 0xE4E5, 0xDCA5, 0xCC46, 0xBBC8, 0xA36B, 0x830E,
    0x5AF1, 0x1AD5, 0x02D6, 0x02F6, 0x02F6, 0x1336, 0x4B74, 0x7BF3,
    0x9452, 0xAC91, 0xBCD0, 0xC4EF, 0xCCEF, 0xC4AD, 0xB42B, 0xA3A9,
    0x9327, 0x82C5, 0x72A4, 0x6A84, 0x6285, 0x5A85, 0x5265, 0x5A86,
    0x5AA7, 0x5AC8, 0x62E9, 0x6329, 0x634A, 0x6B4A, 0x6B6A, 0x6B6A,
    0x6349, 0x6329, 0x5B08, 0x5B08, 0x5B09, 0x6329, 0x6327, 0x6B07,
    0x6B07, 0x7307, 0x7327, 0x8347, 0x8348, 0x8B89, 0x9BCA, 0xA3EA,
    0xB42B, 0xF4A9, 0xEC68, 0xDCCB, 0xED6D, 0xED2B, 0xED2B, 0xED2A,
    0xD364, 0xB261, 0x91E1, 0x8980, 0x91C1, 0x91C1, 0xA201, 0xA222,
    0x89A1, 0x99E0, 0xB241, 0xAA42, 0xA202, 0x99C0, 0xA221, 0xB261,
    0xAA21, 0xA201, 0xC2A1, 0xECA8, 0xF56B, 0xF54A, 0xF56B, 0xF54B,
    0xECEA, 0xDC27, 0xB2C3, 0xB2A2, 0xD46A, 0xBB87, 0xA200, 0x91C0,
    0x9A21, 0xE4A9, 0xF54B, 0xF58C, 0xED0A, 0xCB44, 0xA200, 0xA200,
    0xB220, 0xA9E0, 0x9180, 0x9180, 0xA221, 0xC324, 0xECC9, 0xED0A,
    0xED2B, 0xE4A9, 0xECE9, 0xECE9, 0xED0A, 0xECEA, 0xECE9, 0xECE9,
    0xE468, 0xC303, 0xA1C0, 0x99A0, 0xA1C0, 0xA1C1, 0xA9C0, 0xBA41,
    0xD3A5, 0xECA8, 0xED0A, 0xF56B, 0xF58C, 0xD428, 0xA241, 0xA200,
    0xBA41, 0xBA82, 0xB262, 0xDB64, 0xFCA7, 0xD533, 0xAE1C, 0xB5FB,
    0xB5FB, 0xB5DB, 0xB5FB, 0xB5DA, 0xADFC, 0xBD56, 0xE385, 0xD323,
    0xBAA2, 0xAA62, 0xDC27, 0xF54B, 0xF56B, 0xF56B, 0xF54A, 0xDC26,
    0xAA20, 0x99C0, 0x99C0, 0xAA00, 0xA201, 0x91A0, 0xA1E1, 0x99C0,
    0x99E0, 0xA1E0, 0xAA62, 0x9A02, 0xC325, 0xF54C, 0xFDCE, 0xF56C,
    0xF5AD, 0xF5AD, 0xED4C, 0xE4A9, 0xCB44, 0xC2E2, 0xBAC2, 0xC303,
    0xDC05, 0xED0A, 0xF5CE, 0xFE31, 0xEC89, 0xCC4B, 0x7494, 0x7C93,
    0x7C93, 0x7C94, 0x84B4, 0x8CF5, 0x9516, 0x9536, 0x9D37, 0x9D58,
    0x9D37, 0x8CF6, 0x84B4, 0x7C53, 0x7411, 0x638E, 0x4B0B, 0x42A7,
    0x4286, 0x42A6, 0x3A84, 0x3A80, 0x42A0, 0x42C0, 0x4B20, 0x5360,
    0x5B80, 0x5BA0, 0x5BA0, 0x5BA0, 0x5380, 0x5380, 0x5380, 0x5380,
    0x5360, 0x4B20, 0x4B00, 0x42E0, 0x42A0, 0x3A80, 0x3A60, 0x3A60,
    0x3A60, 0x3A60, 0x3A81, 0x42A3, 0x42C4, 0x4AE5, 0x4AE6, 0x4AE6,
    0xD4CA, 0xDD07, 0xE4E5, 0xDCA6, 0xD446, 0xBBC9, 0x9B6B, 0x7B0E,
    0x5AF1, 0x1AD5, 0x02D6, 0x02F6, 0x02F6, 0x1B36, 0x5394, 0x83F3,
    0x9452, 0xAC91, 0xBCD0, 0xC4EF, 0xCCEF, 0xC4AD, 0xBC4B, 0xABA9,
    0x9B47, 0x8B06, 0x82C6, 0x7AE6, 0x72C7, 0x72E7, 0x6AE8, 0x7309,
    0x7B4A, 0x7B8B, 0x83AC, 0x8BED, 0x8C0D, 0x8C0D, 0x8C0D, 0x8C0D,
    0x8C0D, 0x8C0D, 0x83ED, 0x83ED, 0x83EC, 0x83CB, 0x7B8A, 0x7B69,
    0x7B69, 0x8348, 0x8328, 0x8348, 0x8B68, 0x9389, 0xA3CA, 0xAC0B,
    0xAC0B, 0xD4AC, 0xFCC9, 0xCB24, 0xED4D, 0xF58D, 0xED4B, 0xED4B,
    0xDBC5, 0xA201, 0x91C1, 0x91C0, 0x99E1, 0xAA21, 0xAA21, 0xAA42,
    0xA201, 0x91C1, 0xA200, 0xA1C0, 0xAA01, 0x99E1, 0xAA41, 0xAA41,
    0xAA21, 0xB221, 0xCB02, 0xF4E9, 0xF56B, 0xF54A, 0xF52A, 0xECE9,
    0xECC9, 0xECEA, 0xDC47, 0xC344, 0xD407, 0xB303, 0x8160, 0x8180,
    0xA221, 0xDC68, 0xF56C, 0xF56B, 0xC2E2, 0xA1E0, 0x91A0, 0xA1C0,
    0xAA00, 0xA1A0, 0x8960, 0x8960, 0x8940, 0xA1C0, 0xC2E3, 0xDC07,
    0xED0A, 0xED0A, 0xECE9, 0xED0A, 0xED2A, 0xED0A, 0xECEA, 0xECEA,
    0xECEA, 0xECC9, 0xCB24, 0xB241, 0xA1E0, 0xB221, 0xCB03, 0xDB84,
    0xED0A, 0xF52A, 0xED0A, 0xF56B, 0xED4C, 0xBB45, 0x91A0, 0x99E0,
    0xA1E0, 0xA1E1, 0xAA01, 0xCAC2, 0xFC87, 0xD5B5, 0xAE1C, 0xB5FB,
    0xADDB, 0xB5FB, 0xB5DB, 0xADFB, 0xBD98, 0xD366, 0xCAC2, 0xB282,
    0x8980, 0xB2C3, 0xED0A, 0xF54B, 0xF58B, 0xF56A, 0xECC8, 0xBAA2,
    0x99A0, 0x99C0, 0x99C0, 0xAA00, 0xAA00, 0xA201, 0xA201, 0x91C1,
    0xA201, 0xAA00, 0x99C1, 0x99C1, 0xBA82, 0xECCA, 0xFDCD, 0xF56C,
    0xFDEF, 0xF56C, 0xECEA, 0xED0B, 0xE447, 0xE467, 0xE447, 0xECA8,
    0xED2B, 0xF56C, 0xF5EF, 0xFD6D, 0xE428, 0x7450, 0x63F0, 0x6C10,
    0x6C11, 0x7431, 0x7C73, 0x84B4, 0x8CF5, 0x9516, 0x9536, 0x9D37,
    0x9D37, 0x94F6, 0x84B4, 0x7C53, 0x7411, 0x63AE, 0x532B, 0x4AE8,
    0x4AE7, 0x4AE7, 0x42C6, 0x42A3, 0x42C0, 0x4AE0, 0x5320, 0x5360,
    0x5B80, 0x5BA0, 0x5BA0, 0x5380, 0x5380, 0x5380, 0x5380, 0x5360,
    0x5340, 0x4B00, 0x4AE0, 0x42A0, 0x3A80, 0x3A60, 0x3240, 0x3240,
    0x3240, 0x3A40, 0x3A61, 0x3A83, 0x42A4, 0x42C5, 0x42C5, 0x42E6,
    0xD4EA, 0xDCE7, 0xE4E5, 0xDCA5, 0xD446, 0xBBC8, 0x9B4B, 0x7AEE,
    0x52D1, 0x12B5, 0x02D6, 0x02D6, 0x02F6, 0x1B35, 0x5394, 0x83F3,
    0x9C52, 0xAC90, 0xBCD0, 0xCCEF, 0xCCEE, 0xC4AD, 0xBC2B, 0xABC9,
    0xA368, 0x9B27, 0x9327, 0x8B28, 0x8B29, 0x834A, 0x836B, 0x8BAC,
    0x93ED, 0x9C2E, 0xA46F, 0xA490, 0xACB0, 0xACD1, 0xACD1, 0xACD1,
    0xACD1, 0xA4B1, 0xA4B0, 0xA490, 0x9C6F, 0x9C4E, 0x940D, 0x93EC,
    0x8BAB, 0x8B69, 0x8B49, 0x8B48, 0x9369, 0x9B89, 0xA3CA, 0xAC0B,
    0xB42B, 0xBC6C, 0xF54C, 0xEC06, 0xCBC8, 0xED6D, 0xED4B, 0xF56C,
    0xECA8, 0xBAA2, 0x9A01, 0xAA41, 0x9A01, 0xAA41, 0xA201, 0xA201,
    0xA242, 0xA221, 0xA201, 0xAA01, 0xAA00, 0xAA01, 0xAA21, 0xB262,
    0xB241, 0xBA40, 0xDB84, 0xF56B, 0xF58C, 0xF56B, 0xF52A, 0xECC9,
    0xECE9, 0xECE9, 0xECE9, 0xDC68, 0xD427, 0xBB86, 0x8180, 0x8140,
    0xA241, 0xED2C, 0xFDEE, 0xECA8, 0xAA00, 0x91A0, 0x9180, 0x99C0,
    0xA9E0, 0x9160, 0x8960, 0x99A0, 0x9180, 0xA1C0, 0xAA00, 0xBA61,
    0xC2C2, 0xDBE6, 0xECE9, 0xED2A, 0xF52B, 0xED2A, 0xED2B, 0xED0A,
    0xED2A, 0xED0A, 0xECA9, 0xE468, 0xCB23, 0xDBC5, 0xECE9, 0xF50A,
    0xF54B, 0xF56C, 0xF56B, 0xF58C, 0xED4C, 0xBB04, 0x99C0, 0x91A0,
    0xAA00, 0xAA41, 0xBA62, 0xD324, 0xF446, 0xE50E, 0xB5FC, 0xADFB,
    0xADDB, 0xB5FB, 0xADFB, 0xBE1B, 0xCBCA, 0xCA80, 0xAA41, 0x91A0,
    0x9A21, 0xDC68, 0xECE9, 0xED0A, 0xF52A, 0xF509, 0xDBC5, 0xAA00,
    0x99C0, 0x99E0, 0xA1E0, 0xAA00, 0x99C0, 0x99C0, 0x91A0, 0x8980,
    0xA201, 0x91A0, 0x99A0, 0xAA21, 0xBA61, 0xD3E7, 0xED2C, 0xF58D,
    0xF58D, 0xED2B, 0xED0B, 0xED0A, 0xECC9, 0xED4C, 0xED4C, 0xED2B,
    0xED4B, 0xF5AD, 0xFDEF, 0xF489, 0x8C0E, 0x53AE, 0x5B8D, 0x5B8D,
    0x5BAE, 0x63F0, 0x7452, 0x7C73, 0x84B4, 0x8CD5, 0x8CF6, 0x8D16,
    0x8CF6, 0x8CF6, 0x8494, 0x7C52, 0x6BF1, 0x63AE, 0x532B, 0x4B09,
    0x4B08, 0x5328, 0x4B07, 0x4AE5, 0x4AE3, 0x4B00, 0x5340, 0x5360,
    0x5B80, 0x5BA0, 0x5B80, 0x5380, 0x5380, 0x5380, 0x5380, 0x5340,
    0x4B20, 0x4B00, 0x42C0, 0x3A80, 0x3A60, 0x3240, 0x3220, 0x3220,
    0x3220, 0x3221, 0x3240, 0x3A62, 0x3A84, 0x42A5, 0x42A5, 0x42C6,
    0xCCCA, 0xDCE8, 0xDCE5, 0xDC85, 0xD426, 0xBBC8, 0x9B2B, 0x72CE,
    0x52B1, 0x12B5, 0x02B6, 0x02D6, 0x02D6, 0x1B35, 0x5B94, 0x83F3,
    0x9C52, 0xB490, 0xBCD0, 0xCCEF, 0xCCEE, 0xC48C, 0xBC2B, 0xB3C9,
    0xAB88, 0xA347, 0xA368, 0x9B69, 0x9BAA, 0x9BCC, 0x9C0D, 0xA44F,
    0xAC6F, 0xACB0, 0xB4F2, 0xB512, 0xBD33, 0xBD53, 0xBD53, 0xBD53,
    0xBD53, 0xBD33, 0xB532, 0xB512, 0xB4F1, 0xACB0, 0xA46E, 0x9C2D,
    0x9BEC, 0x93AA, 0x9369, 0x8B49, 0x9349, 0x9B89, 0xA3AA, 0xAC0A,
    0xB42B, 0xBC4C, 0xDD0D, 0xFD0A, 0xC2C3, 0xDC69, 0xF58D, 0xF56C,
    0xF54B, 0xD384, 0xAA41, 0xA221, 0xA201, 0xA221, 0xA200, 0x91C0,
    0xA241, 0xAA21, 0x99E1, 0xA201, 0xAA21, 0xAA00, 0xA201, 0xAA41,
    0xCAA2, 0xDB84, 0xECC8, 0xF54B, 0xF56B, 0xF54A, 0xF52A, 0xF54A,
    0xF54A, 0xF52A, 0xECE9, 0xE488, 0xDC68, 0xCBE7, 0x9A42, 0x99E0,
    0xDC8A, 0xF5CE, 0xFDCD, 0xDC06, 0xA1E0, 0x8960, 0x99E0, 0xB220,
    0x9180, 0x8140, 0x7920, 0x99C0, 0xAA00, 0x91A0, 0xA1E0, 0xB220,
    0xA1C0, 0xAA01, 0xD3C5, 0xED0A, 0xED0A, 0xED0A, 0xF52B, 0xF52A,
    0xED2B, 0xF52B, 0xED0A, 0xECEA, 0xECE9, 0xED0A, 0xED0A, 0xF52A,
    0xF52A, 0xF56B, 0xF58C, 0xF56C, 0xED2B, 0xBB04, 0x9180, 0xA1C0,
    0xB221, 0xA201, 0xB261, 0xCB03, 0xEC06, 0xF427, 0xBD78, 0xADFC,
    0xADDB, 0xADDB, 0xB61C, 0xDCAD, 0xBA40, 0xA1C0, 0xA221, 0xCBA6,
    0xECC9, 0xF52A, 0xED0A, 0xF52A, 0xF52A, 0xF509, 0xD364, 0xA1E0,
    0x99C0, 0x8980, 0x91A0, 0x99A0, 0x9180, 0x91A0, 0x91A0, 0x99C0,
    0x99C1, 0x91A0, 0xA1E1, 0xAA21, 0xAA21, 0xBAE4, 0xCBC7, 0xED0B,
    0xF56C, 0xED2B, 0xED0A, 0xECEA, 0xED4B, 0xED4C, 0xED6D, 0xED2B,
    0xED2B, 0xF5EF, 0xFD4C, 0xB44C, 0x53AE, 0x5B6B, 0x534A, 0x5329,
    0x536C, 0x63CF, 0x6C11, 0x7453, 0x7C73, 0x7C94, 0x84B5, 0x84B4,
    0x8494, 0x8494, 0x7C73, 0x7432, 0x6BF1, 0x5B8E, 0x532B, 0x4B09,
    0x4B08, 0x4B08, 0x4AE7, 0x4AE5, 0x4B04, 0x5321, 0x5340, 0x5360,
    0x5380, 0x5380, 0x5380, 0x5380, 0x5380, 0x5360, 0x5360, 0x4B20,
    0x4B00, 0x42C0, 0x3AA0, 0x3A60, 0x3220, 0x3200, 0x2A00, 0x2A00,
    0x3200, 0x3220, 0x3220, 0x3241, 0x3A63, 0x3A84, 0x3A85, 0x3A86,
    0xCCCB, 0xD4C8, 0xDCC6, 0xD485, 0xCC06, 0xB3A8, 0x932B, 0x72CD,
    0x4AB1, 0x12B5, 0x02B6, 0x02D6, 0x02D6, 0x2335, 0x5B94, 0x83F3,
    0x9C51, 0xB490, 0xBCCF, 0xCCCE, 0xCCCD, 0xC48C, 0xBC2A, 0xB3C9,
    0xAB88, 0xAB67, 0xAB88, 0xABAA, 0xABEC, 0xAC4E, 0xAC8F, 0xB4D0,
    0xBCF1, 0xBD33, 0xC553, 0xC574, 0xC595, 0xCDB5, 0xCDB5, 0xCDB5,
    0xCDB5, 0xC595, 0xC594, 0xC594, 0xBD53, 0xB4F1, 0xACB0, 0xAC6E,
    0xA42D, 0x9BCB, 0x938A, 0x9349, 0x9348, 0x9B69, 0xA3AA, 0xABEA,
    0xB42B, 0xBC6C, 0xC48C, 0xED0C, 0xF447, 0xC325, 0xED4C, 0xF5AD,
    0xED4B, 0xDC47, 0xB261, 0x99E1, 0x91C1, 0x9A01, 0x9A01, 0x91C1,
    0xAA41, 0xA221, 0x9A01, 0x9A01, 0xAA01, 0xAA01, 0x99E1, 0xAA21,
    0xC2C2, 0xECA8, 0xF56B, 0xFD8C, 0xF54A, 0xF52A, 0xF52A, 0xF54B,
    0xF54B, 0xF54B, 0xF52A, 0xECC9, 0xE488, 0xDC89, 0xAAC3, 0x9A21,
    0xE50B, 0xF5AD, 0xF58C, 0xD3A4, 0xB220, 0xA1E0, 0xB240, 0xB200,
    0x9180, 0x8960, 0x8140, 0x91A0, 0xB220, 0xA1C0, 0xA9E0, 0xAA00,
    0xA1C0, 0xA1C0, 0xB221, 0xCB44, 0xD3A5, 0xF52B, 0xF54B, 0xF52B,
    0xF56C, 0xF56B, 0xF52B, 0xED0A, 0xED2A, 0xF52B, 0xF50A, 0xF52A,
    0xF50A, 0xF52A, 0xF58C, 0xED2A, 0xE4A9, 0xB304, 0x8160, 0x9180,
    0xAA01, 0xAA41, 0xB241, 0xC2A2, 0xD344, 0xEBC5, 0xC514, 0xA5FC,
    0xADDB, 0xAE1C, 0xDDD3, 0xC2E2, 0x99E0, 0xB2C3, 0xD3E6, 0xECC9,
    0xECE9, 0xECE9, 0xED09, 0xED0A, 0xF52A, 0xECA8, 0xBA81, 0x99A0,
    0x91A0, 0x8960, 0x8980, 0x91A0, 0x99C0, 0x91C1, 0xA201, 0x99E1,
    0x89A1, 0x99E1, 0xA201, 0xA201, 0x99C1, 0xAA42, 0xAA62, 0xDC89,
    0xED6C, 0xECC9, 0xED2B, 0xECEA, 0xF58D, 0xF58E, 0xED2C, 0xED0B,
    0xF58D, 0xFE0F, 0xCD0F, 0x63EF, 0x5B8C, 0x5349, 0x4B28, 0x4B08,
    0x532A, 0x5BAE, 0x63F0, 0x6C12, 0x6C33, 0x7453, 0x7C73, 0x7452,
    0x7432, 0x7432, 0x7432, 0x6BF1, 0x63D0, 0x5B8E, 0x532B, 0x4B09,
    0x4AE8, 0x4AE8, 0x4AE6, 0x4AE5, 0x4B25, 0x5342, 0x5340, 0x5340,
    0x5360, 0x5380, 0x5380, 0x5380, 0x5380, 0x5360, 0x5340, 0x4B00,
    0x42E0, 0x42A0, 0x3A60, 0x3220, 0x29E0, 0x29E0, 0x29E0, 0x29E0,
    0x2A00, 0x3200, 0x3220, 0x3221, 0x3242, 0x3A63, 0x3A64, 0x3A86,
    0xCCCB, 0xD4C9, 0xDCC6, 0xD485, 0xCC06, 0xB388, 0x930B, 0x72AD,
    0x4A91, 0x0A95, 0x02D6, 0x02D6, 0x02D6, 0x2335, 0x5B94, 0x83F3,
    0xA451, 0xB4B0, 0xC4CF, 0xCCCE, 0xCCCD, 0xC48C, 0xBC2A, 0xBBC9,
    0xB3A8, 0xB388, 0xABA9, 0xABCA, 0xB42C, 0xB48F, 0xBCD0, 0xC512,
    0xC553, 0xCD94, 0xCDB5, 0xCDD6, 0xD5F6, 0xD617, 0xD617, 0xD617,
    0xD617, 0xD5F6, 0xCDF6, 0xCDD6, 0xCD94, 0xBD33, 0xBCF1, 0xB4AF,
    0xAC4D, 0xA3CB, 0x9B8A, 0x9349, 0x9349, 0x9B89, 0xABCA, 0xAC0A,
    0xB42B, 0xBC6C, 0xC48C, 0xCCAC, 0xFD0A, 0xE3C5, 0xE4CB, 0xF5CE,
    0xED2B, 0xE4C9, 0xCB43, 0xAA41, 0x99C1, 0xA201, 0x91E1, 0x9A01,
    0xA221, 0xAA41, 0xA221, 0x9A01, 0xAA01, 0xBA41, 0xA1E1, 0xA1E0,
    0xD363, 0xF509, 0xF52A, 0xF54A, 0xF56B, 0xF58B, 0xF56C, 0xECE9,
    0xE426, 0xDBC5, 0xE426, 0xECE9, 0xECC9, 0xE4C9, 0xB325, 0xA282,
    0xE4EA, 0xED0A, 0xF52A, 0xD384, 0xA9E0, 0xB220, 0xBA20, 0xA1C0,
    0x9180, 0x9180, 0x8980, 0x99C0, 0xA200, 0x99C0, 0x99C0, 0x99A0,
    0x9180, 0x91A0, 0xAA00, 0xB221, 0xB221, 0xDBC6, 0xF50A, 0xFD6C,
    0xF58C, 0xF56B, 0xF56B, 0xECE9, 0xECE9, 0xF509, 0xF54B, 0xF54B,
    0xF52A, 0xF509, 0xF54B, 0xF54B, 0xDC47, 0xB2E4, 0xAA62, 0x99A0,
    0x99C0, 0xAA00, 0xB241, 0xBA62, 0xBAA2, 0xD322, 0xD48F, 0xA5FD,
    0xB5FC, 0xDDD4, 0xECA8, 0xBB03, 0xCBA5, 0xE4A8, 0xE4A8, 0xE4A8,
    0xE4A8, 0xECE9, 0xED09, 0xECC8, 0xECC8, 0xDBA4, 0xAA00, 0x99C0,
    0x9180, 0x99C0, 0xA201, 0xA1E1, 0xA1E0, 0x99C1, 0xAA21, 0xAA21,
    0x99E1, 0x9A01, 0xA1E1, 0xA201, 0x99E1, 0x99E1, 0xAA41, 0xD406,
    0xE4CA, 0xED0A, 0xED4B, 0xF56C, 0xED4C, 0xED8D, 0xED4C, 0xF54C,
    0xFE51, 0xEE54, 0x7C91, 0x63EE, 0x5BAB, 0x536A, 0x5349, 0x5328,
    0x534B, 0x5BAE, 0x63CF, 0x63F1, 0x6412, 0x6C32, 0x6C32, 0x6BF1,
    0x63AF, 0x63AF, 0x63D0, 0x63B0, 0x5B8E, 0x536D, 0x532A, 0x4AE9,
    0x4AE9, 0x4B08, 0x4AE7, 0x4B06, 0x5325, 0x5323, 0x5320, 0x5320,
    0x5340, 0x5360, 0x5360, 0x5360, 0x5360, 0x5340, 0x4B00, 0x42E0,
    0x3AA0, 0x3A60, 0x3220, 0x29E0, 0x29C0, 0x29C0, 0x29E0, 0x29E0,
    0x29E0, 0x3200, 0x3201, 0x3222, 0x3222, 0x3A43, 0x3A64, 0x3A66,
    0xCCEB, 0xD4E9, 0xDCC6, 0xD485, 0xCC05, 0xB388, 0x930B, 0x72CD,
    0x4A91, 0x0A95, 0x02D6, 0x02D6, 0x02D6, 0x2335, 0x5B94, 0x83F3,
    0xA472, 0xBCB0, 0xC4CF, 0xCCCE, 0xCCAD, 0xC46B, 0xC42A, 0xBBC8,
    0xB3A7, 0xB3A8, 0xB3C9, 0xB40B, 0xBC4D, 0xC4D0, 0xC512, 0xCD53,
    0xCD95, 0xD5D6, 0xD5F6, 0xD617, 0xD637, 0xDE58, 0xDE58, 0xDE58,
    0xDE58, 0xDE58, 0xDE38, 0xD637, 0xCDF6, 0xC574, 0xBD12, 0xBCD0,
    0xAC6E, 0xA3EC, 0x9B8A, 0x9349, 0x9369, 0x9B89, 0xABCA, 0xB40A,
    0xBC2B, 0xBC6C, 0xC48C, 0xC48C, 0xDCEC, 0xFCE9, 0xD386, 0xED2C,
    0xED4C, 0xECEA, 0xECA8, 0xCB23, 0xAA21, 0xAA21, 0xA221, 0xA221,
    0xA221, 0xAA41, 0xA201, 0xA221, 0xA201, 0xA201, 0xAA41, 0xBA61,
    0xE426, 0xF54B, 0xF54A, 0xF54A, 0xF58C, 0xFDAC, 0xE4A9, 0xCB85,
    0xBAA2, 0xB200, 0xCAA1, 0xDBE5, 0xED0A, 0xE4A9, 0xAAE4, 0xA242,
    0xE4A9, 0xED0A, 0xF54B, 0xE405, 0xBA20, 0xB220, 0xA1E0, 0x99A0,
    0x9180, 0x9180, 0x8980, 0xA1E0, 0xA1E0, 0x8960, 0x91A0, 0x9180,
    0x9180, 0x9180, 0xAA00, 0xBA62, 0xBA61, 0xB220, 0xD344, 0xFD6B,
    0xF56B, 0xF52A, 0xF52A, 0xF50A, 0xF54B, 0xF52B, 0xF54B, 0xF54B,
    0xF52A, 0xF52B, 0xF54B, 0xF58D, 0xED0B, 0xBAC2, 0xAA00, 0xA1E0,
    0xAA00, 0xA1E0, 0xA1E0, 0xAA00, 0xB241, 0xC2C2, 0xCB87, 0xB59A,
    0xD4CE, 0xE467, 0xD406, 0xD3E6, 0xDC68, 0xE4A9, 0xE4A8, 0xE4A8,
    0xE4C8, 0xED09, 0xECE9, 0xECC8, 0xECC8, 0xDBA4, 0xAA00, 0x99C0,
    0x99C0, 0x99E0, 0x99E1, 0x89A0, 0x99C1, 0xA201, 0xA222, 0xAA42,
    0x91C1, 0x99E1, 0xAA41, 0xA201, 0xB241, 0xAA42, 0xBAC2, 0xDC07,
    0xE4C9, 0xED6D, 0xED4C, 0xF56C, 0xED6C, 0xED0B, 0xED0B, 0xFDF0,
    0xFEF7, 0xA533, 0x744F, 0x6C0D, 0x63CA, 0x63A9, 0x5B88, 0x5B8A,
    0x63CD, 0x63CE, 0x63CF, 0x63D0, 0x63F1, 0x63F1, 0x63D0, 0x5B8F,
    0x534D, 0x4B2C, 0x4B2D, 0x532D, 0x4B2C, 0x4B0B, 0x4B0A, 0x4B0A,
    0x4B0A, 0x4B09, 0x4B08, 0x4B07, 0x5326, 0x5323, 0x4B00, 0x4B00,
    0x4B20, 0x4B40, 0x4B40, 0x5340, 0x5340, 0x4B20, 0x42E0, 0x42A0,
    0x3A60, 0x3220, 0x29E0, 0x29C0, 0x29C0, 0x29C0, 0x29E0, 0x29E0,
    0x29E0, 0x2A00, 0x3201, 0x3202, 0x3222, 0x3222, 0x3223, 0x3244,
    0xCCEC, 0xD4E9, 0xDCC7, 0xD485, 0xCC06, 0xB388, 0x9B2B, 0x72CE,
    0x4AB1, 0x0A95, 0x02B6, 0x02B6, 0x02D6, 0x2335, 0x5B94, 0x8413,
    0xA472, 0xB4B0, 0xC4AF, 0xCCCE, 0xCCCC, 0xC46B, 0xC429, 0xBBC8,
    0xB3A7, 0xBBA7, 0xBBE9, 0xBC2B, 0xBC6E, 0xC4F0, 0xC532, 0xCD74,
    0xD5B5, 0xD5F6, 0xD617, 0xDE38, 0xDE58, 0xDE79, 0xDE79, 0xDE79,
    0xDE79, 0xDE79, 0xDE78, 0xDE58, 0xD617, 0xCDB5, 0xC533, 0xBCF1,
    0xB46E, 0xA3EC, 0x9B8A, 0x9349, 0x9349, 0x9B89, 0xABCA, 0xB40A,
    0xBC2B, 0xBC6C, 0xC48C, 0xC4AC, 0xC4AC, 0xF54C, 0xEC06, 0xE4AA,
    0xF56D, 0xED0A, 0xED2B, 0xDBE5, 0xBA81, 0xAA21, 0x9A01, 0xA221,
    0xAA41, 0xAA42, 0xA222, 0xBAA2, 0xA221, 0xAA21, 0xB261, 0xC2A2,
    0xECA8, 0xFD6B, 0xFD6B, 0xF52A, 0xF58C, 0xF56B, 0xDC07, 0xA200,
    0xA200, 0xAA20, 0xB220, 0xBA81, 0xD3C5, 0xE468, 0xAB04, 0xAAE4,
    0xED0A, 0xF56C, 0xF58D, 0xECC8, 0xC2A1, 0xB220, 0x99A0, 0x99C0,
    0x99C0, 0x99A0, 0x99A0, 0xA9E0, 0x99C0, 0x9180, 0x99A0, 0x99A0,
    0x91A0, 0x8960, 0xA1C0, 0xB221, 0xA1E0, 0xA1E0, 0xBA61, 0xECE9,
    0xFDAC, 0xF52A, 0xF54B, 0xF56C, 0xF54B, 0xF54B, 0xF58C, 0xF56C,
    0xF54A, 0xF54B, 0xF56C, 0xF56C, 0xF58D, 0xD385, 0xC260, 0xA1C0,
    0xA1C0, 0xAA00, 0xAA21, 0xB241, 0xAA21, 0xB261, 0xBAA2, 0xB306,
    0xCB64, 0xCBE6, 0xCBE6, 0xD406, 0xDC67, 0xE4A8, 0xE488, 0xE4A8,
    0xECC9, 0xECC8, 0xECC8, 0xED0A, 0xF52A, 0xE426, 0xBA61, 0xAA00,
    0xA200, 0x99E0, 0x91C0, 0x89A0, 0x91C1, 0xAA21, 0xA201, 0x99C1,
    0x99E1, 0xA242, 0xAA42, 0xB262, 0xA221, 0xAA42, 0xB283, 0xCB65,
    0xE4A9, 0xED6D, 0xED4C, 0xF58D, 0xE4C9, 0xECEA, 0xF56D, 0xFF17,
    0xCE56, 0x7C70, 0x744E, 0x6BEA, 0x63C8, 0x63C8, 0x63C8, 0x63CA,
    0x6BED, 0x63EE, 0x63CE, 0x63CF, 0x63D0, 0x63D0, 0x5B8F, 0x4B4D,
    0x4AEB, 0x42A9, 0x3A89, 0x3AAA, 0x3AA9, 0x4AEA, 0x4B0B, 0x4B2B,
    0x532B, 0x4B2A, 0x4B09, 0x4B08, 0x5328, 0x5304, 0x4AE0, 0x4AE0,
    0x4B00, 0x4B00, 0x4B00, 0x4B20, 0x4B20, 0x42E0, 0x42A0, 0x3A80,
    0x3220, 0x29E0, 0x29C0, 0x21A0, 0x29C0, 0x29C0, 0x29E0, 0x29E0,
    0x29E0, 0x3200, 0x3201, 0x3202, 0x3202, 0x3202, 0x3202, 0x3202,
    0xD4EC, 0xDD0A, 0xDCE7, 0xD486, 0xCC06, 0xB3A9, 0x932B, 0x72CE,
    0x4A91, 0x0A95, 0x02B6, 0x02B6, 0x02D6, 0x2335, 0x5B94, 0x8C12,
    0xA471, 0xBCB0, 0xC4AE, 0xCCCD, 0xCCCC, 0xCC6B, 0xC429, 0xBBE8,
    0xBBC7, 0xBBA7, 0xBBE9, 0xBC2B, 0xC48E, 0xC4F0, 0xCD32, 0xCD73,
    0xD5B5, 0xD5F6, 0xDE17, 0xDE58, 0xDE78, 0xDE79, 0xE699, 0xDE99,
    0xE699, 0xDE79, 0xDE78, 0xDE58, 0xD5F6, 0xCD94, 0xC532, 0xBCD0,
    0xAC6E, 0xA3EB, 0x9B69, 0x9348, 0x9349, 0x9B89, 0xABCA, 0xB40B,
    0xBC2B, 0xC46C, 0xC48C, 0xCCAC, 0xC4AC, 0xDCEC, 0xFCA8, 0xD3A6,
    0xE4AA, 0xED4B, 0xED0A, 0xECE9, 0xE446, 0xC303, 0xA221, 0xB261,
    0xB282, 0xA221, 0xA201, 0xAA41, 0xA201, 0x99E1, 0xB241, 0xD342,
    0xECC8, 0xF54A, 0xFD8B, 0xF52A, 0xF54B, 0xED0A, 0xDC07, 0xB262,
    0x99C0, 0xA1E0, 0xAA00, 0xAA00, 0xB241, 0xD3A5, 0xBB86, 0xC3C7,
    0xED0B, 0xF56C, 0xF56B, 0xF4E9, 0xC2C1, 0xAA00, 0xA1E0, 0xA1E0,
    0xA1C0, 0xA1C0, 0xA1C0, 0xA9E0, 0x9180, 0xA1C0, 0x99A0, 0x99C0,
    0x99A0, 0x8980, 0x99A0, 0x99C0, 0x9180, 0x91A0, 0xBA81, 0xE447,
    0xF58C, 0xF54B, 0xF56C, 0xF58C, 0xF54B, 0xF56C, 0xFDAD, 0xF58C,
    0xF54B, 0xF54B, 0xF56C, 0xF58C, 0xFDAD, 0xD3A6, 0xBA40, 0xA1C0,
    0x9160, 0x99A0, 0xA1C0, 0xA1E0, 0xAA21, 0xBA61, 0xBA82, 0xA241,
    0xB345, 0xCBC6, 0xCBE6, 0xD427, 0xE4A9, 0xE4A9, 0xE467, 0xE447,
    0xE488, 0xECA8, 0xECE9, 0xF50A, 0xF54B, 0xE447, 0xB241, 0x99E1,
    0xA201, 0xA201, 0x99E1, 0x9A01, 0x9A01, 0xA221, 0x9A01, 0x9A02,
    0xAA21, 0xB262, 0x99E1, 0x99E1, 0x99E1, 0xA221, 0xA222, 0xBA82,
    0xE489, 0xED2B, 0xF58D, 0xF58D, 0xECEA, 0xF5AD, 0xFE92, 0xE696,
    0x84B1, 0x746D, 0x6C0A, 0x63A6, 0x63A5, 0x63C5, 0x6BE8, 0x6C2B,
    0x742D, 0x6C2E, 0x6C0E, 0x63EF, 0x63EF, 0x63CF, 0x536D, 0x4B0B,
    0x42C9, 0x3A46, 0x3226, 0x3226, 0x3268, 0x42EB, 0x534D, 0x534D,
    0x534C, 0x532C, 0x532B, 0x532B, 0x532A, 0x4B07, 0x4AE1, 0x42E0,
    0x42E0, 0x42C0, 0x42C0, 0x42E0, 0x42E0, 0x42A0, 0x3A80, 0x3240,
    0x29E0, 0x29C0, 0x21A0, 0x21A0, 0x29C0, 0x29C0, 0x29E0, 0x29E0,
    0x2A00, 0x3201, 0x3202, 0x3202, 0x3222, 0x3222, 0x3222, 0x3222,
    0xD4EC, 0xDD0A, 0xDCC7, 0xD466, 0xCC07, 0xB3A9, 0x930B, 0x72CE,
    0x4291, 0x0A95, 0x02B6, 0x02B6, 0x02D6, 0x2335, 0x6394, 0x8C12,
    0xA471, 0xBCB0, 0xC4CE, 0xD4ED, 0xD4CC, 0xCC8B, 0xC429, 0xC3E8,
    0xBBC7, 0xBBC7, 0xC409, 0xC44B, 0xC48D, 0xCCF0, 0xCD32, 0xCD73,
    0xD5B5, 0xD5F6, 0xDE37, 0xDE58, 0xDE78, 0xDE99, 0xDE99, 0xE699,
    0xE699, 0xDE99, 0xDE79, 0xDE58, 0xD5F6, 0xCD94, 0xC532, 0xBCB0,
    0xAC4D, 0xA3CB, 0x9349, 0x9328, 0x9B49, 0xA389, 0xABCA, 0xB40B,
    0xBC4B, 0xC46B, 0xC48C, 0xCCAC, 0xC48C, 0xC46C, 0xECCA, 0xDB43,
    0xCBC7, 0xF5AD, 0xED2A, 0xED2B, 0xED2A, 0xE488, 0xCB64, 0xC323,
    0xCB23, 0xB282, 0xBAE2, 0xC2E2, 0xB261, 0xAA20, 0xCB02, 0xE405,
    0xF509, 0xF529, 0xF56B, 0xF56B, 0xF54B, 0xECEA, 0xBAC3, 0xA201,
    0x99C0, 0x99C0, 0xA1E0, 0xA1E0, 0xA1E0, 0xAA41, 0xAAA3, 0xB2C3,
    0xDC48, 0xF54C, 0xF54B, 0xF50A, 0xDB83, 0xC280, 0xB240, 0xA1E0,
    0xB220, 0xAA00, 0xA1E0, 0xA1C0, 0x99A0, 0xAA00, 0xA9E0, 0xAA00,
    0x91A0, 0x99C0, 0x89A0, 0xA1C0, 0x99A0, 0x9180, 0xC281, 0xE467,
    0xFDCD, 0xF54B, 0xF5AD, 0xF58C, 0xF54B, 0xF56C, 0xFDAD, 0xFDAD,
    0xF56B, 0xFD8C, 0xFDAD, 0xFD8C, 0xFDCD, 0xE4CA, 0xB221, 0xA9E0,
    0x99A0, 0xA1E0, 0xAA00, 0xAA00, 0xB241, 0xB261, 0xC2A2, 0xAA82,
    0xAB04, 0xC3A6, 0xCBE7, 0xCB85, 0xCB85, 0xC344, 0xBAC2, 0xC324,
    0xE488, 0xECC9, 0xED0A, 0xECC8, 0xF4E9, 0xDBC5, 0xAA01, 0x99C1,
    0x99E1, 0xA1E1, 0x99E1, 0x91C1, 0x99C1, 0xAA21, 0xA242, 0xA242,
    0xA242, 0xAA62, 0x91E1, 0x9A01, 0x99E1, 0xA221, 0xA201, 0xC2C2,
    0xE468, 0xED0B, 0xF58E, 0xF58D, 0xF5AE, 0xFDAE, 0xFE10, 0x9CF2,
    0x746E, 0x742B, 0x63A7, 0x5B82, 0x6382, 0x63C4, 0x7428, 0x744B,
    0x746D, 0x744D, 0x744E, 0x6C2F, 0x6C0F, 0x63EE, 0x5B8C, 0x4B09,
    0x3AA7, 0x3245, 0x21E3, 0x21E4, 0x3268, 0x430C, 0x536E, 0x536E,
    0x536E, 0x5B6E, 0x5B6E, 0x5B6D, 0x5B4C, 0x4B09, 0x42C4, 0x42C0,
    0x42A0, 0x3AA0, 0x3AA0, 0x3AA0, 0x3A80, 0x3A60, 0x3240, 0x2A00,
    0x29C0, 0x21A0, 0x21A0, 0x21A0, 0x21C0, 0x29C0, 0x29E0, 0x29E0,
    0x2A00, 0x3202, 0x3222, 0x3222, 0x3223, 0x3243, 0x3243, 0x3223,
    0xD4EC, 0xDD0A, 0xDCC7, 0xD466, 0xC3E6, 0xB389, 0x930C, 0x72CE,
    0x4291, 0x0A95, 0x02B6, 0x02B6, 0x02D6, 0x2B35, 0x6393, 0x8C12,
    0xA471, 0xBCB0, 0xCCCF, 0xD4EE, 0xD4ED, 0xCC8B, 0xCC49, 0xC3E8,
    0xC3C7, 0xC3C7, 0xC409, 0xC44B, 0xC48D, 0xC4F0, 0xCD32, 0xCD73,
    0xD5B5, 0xD5F6, 0xDE37, 0xDE58, 0xDE78, 0xDE79, 0xE699, 0xE699,
    0xE699, 0xDE99, 0xDE79, 0xDE37, 0xD5F6, 0xCD94, 0xC512, 0xB4AF,
    0xAC2D, 0x9BAA, 0x9348, 0x9328, 0x9B49, 0xA389, 0xABEA, 0xB40B,
    0xBC4B, 0xC46B, 0xC48C, 0xCCAC, 0xC48C, 0xC46B, 0xCC8B, 0xF467,
    0xE427, 0xF5EF, 0xF58C, 0xED2A, 0xED2A, 0xED0A, 0xECC9, 0xE468,
    0xE447, 0xE467, 0xE488, 0xE488, 0xDC06, 0xDBE5, 0xECC8, 0xED2A,
    0xF52A, 0xF56B, 0xFD8C, 0xF54A, 0xECE9, 0xDC07, 0xB2A3, 0x99C0,
    0xA1E0, 0xA1E0, 0xA1C0, 0x99A0, 0x99A0, 0x8980, 0x8980, 0xA1E0,
    0xC365, 0xED0B, 0xF56C, 0xF56B, 0xF509, 0xE3E4, 0xC2A1, 0xB240,
    0xBA61, 0xAA00, 0x99A0, 0x9180, 0x99C0, 0xAA00, 0xAA00, 0xA1E0,
    0xA1C0, 0xA1E0, 0xA201, 0xA1C0, 0xA9E0, 0xAA00, 0xDB63, 0xF52A,
    0xFDAD, 0xF58C, 0xF56C, 0xFDAD, 0xF56C, 0xFD8D, 0xFDCE, 0xFDAD,
    0xF56B, 0xF58C, 0xFDAD, 0xFDCD, 0xF58C, 0xFDAD, 0xDC07, 0xB241,
    0xA1A0, 0xB221, 0xB241, 0xAA00, 0xB241, 0xB241, 0xAA41, 0xAA61,
    0xB345, 0xCBC7, 0xB2E4, 0xA200, 0x99C0, 0x91A0, 0x8980, 0xA221,
    0xC344, 0xECC9, 0xED0A, 0xED09, 0xF509, 0xDC06, 0xB261, 0x99E1,
    0xA1E1, 0xA201, 0x91A0, 0x9180, 0x99E0, 0x9A01, 0xAA42, 0xA222,
    0x9A02, 0xB282, 0xAA62, 0x9A22, 0xA201, 0xAA62, 0xBAA2, 0xCB43,
    0xE4C9, 0xED4C, 0xF56C, 0xF5CF, 0xE4CB, 0xF488, 0xACCF, 0x7471,
    0x742C, 0x6BC8, 0x6383, 0x5B60, 0x63A1, 0x6BE5, 0x7C49, 0x7C8B,
    0x7C8C, 0x7C8D, 0x7C8D, 0x746E, 0x742E, 0x6C0D, 0x5B8B, 0x4B08,
    0x42A6, 0x3A64, 0x2A24, 0x2A25, 0x3289, 0x4B2D, 0x5B90, 0x5B90,
    0x5BB0, 0x5BB0, 0x5B8F, 0x5B8F, 0x5B4D, 0x4B0A, 0x42C6, 0x3AA0,
    0x3A80, 0x3A60, 0x3A60, 0x3A60, 0x3240, 0x3220, 0x29E0, 0x29E0,
    0x29A0, 0x21A0, 0x2180, 0x21A0, 0x29C0, 0x29E1, 0x2A01, 0x2A00,
    0x2A00, 0x3202, 0x3222, 0x3223, 0x3243, 0x3243, 0x3243, 0x3222,
    0xD50C, 0xDD0A, 0xDCC7, 0xD466, 0xC3E7, 0xAB69, 0x930C, 0x72AE,
    0x4291, 0x0A95, 0x02B6, 0x02B6, 0x02D6, 0x2B35, 0x6393, 0x8C12,
    0xA471, 0xBCB0, 0xCCCF, 0xD4EE, 0xD4ED, 0xCC8B, 0xCC4A, 0xC408,
    0xC3E7, 0xC3E8, 0xC409, 0xC44B, 0xCC8D, 0xCCCF, 0xCD31, 0xCD73,
    0xD5B5, 0xDDF6, 0xDE37, 0xDE58, 0xDE78, 0xE679, 0xE699, 0xE699,
    0xE699, 0xE699, 0xDE79, 0xDE37, 0xD5F6, 0xCD94, 0xC512, 0xB48F,
    0xAC0C, 0x9B8A, 0x9328, 0x9328, 0x9B48, 0xA389, 0xABEA, 0xB42B,
    0xBC4B, 0xC46C, 0xC48C, 0xCC8C, 0xC48C, 0xC46B, 0xBC2B, 0xE4A9,
    0xF446, 0xF58E, 0xF5CE, 0xED4B, 0xED2B, 0xED0A, 0xE4C9, 0xED0A,
    0xED2A, 0xED4B, 0xED2B, 0xECEA, 0xF52B, 0xF54B, 0xF56B, 0xF54B,
    0xF52A, 0xF54B, 0xF56B, 0xFD8C, 0xECC9, 0xB262, 0xA1E0, 0x9180,
    0x99A0, 0x91A0, 0x91A0, 0x99C0, 0x99C0, 0x8160, 0x7140, 0x99C0,
    0xB2A2, 0xED4C, 0xFDCE, 0xF5AD, 0xFD8C, 0xEC67, 0xC281, 0xA1E0,
    0xAA00, 0x99A0, 0x99C0, 0x99A0, 0x99A0, 0x99C0, 0xA1E0, 0x99C0,
    0x99A0, 0xA1C0, 0xB221, 0xAA00, 0xB200, 0xC261, 0xEC88, 0xFDAC,
    0xFDAC, 0xFDAD, 0xFD8C, 0xFD8C, 0xF58C, 0xF5AD, 0xFDCE, 0xFDAD,
    0xF56B, 0xFD8C, 0xFDAD, 0xFDCE, 0xF5AD, 0xFD8C, 0xFDAD, 0xEC67,
    0xD343, 0xBA41, 0xBA41, 0x99A0, 0xA1E0, 0xB261, 0xAA21, 0x9A21,
    0xB304, 0xB2E4, 0x89A0, 0x8960, 0x8980, 0x8160, 0x8160, 0x91A0,
    0xC365, 0xECEA, 0xECC9, 0xF52A, 0xED0A, 0xEC88, 0xC2C2, 0xAA21,
    0xAA21, 0xA1E1, 0x91A0, 0x99E0, 0xAA21, 0xA222, 0x9A02, 0xA201,
    0xA222, 0xAA42, 0xB283, 0x9202, 0xA222, 0xB282, 0xBAA2, 0xDC06,
    0xED2B, 0xED4B, 0xFE0F, 0xE4AB, 0xE3A5, 0xCCCD, 0x7471, 0x742E,
    0x6BEB, 0x63A6, 0x5B61, 0x5B60, 0x63A2, 0x6C05, 0x7C68, 0x84AA,
    0x84AB, 0x84AC, 0x84AC, 0x7C8D, 0x744C, 0x6C0B, 0x63A9, 0x5326,
    0x42C5, 0x42A5, 0x3A87, 0x3AA9, 0x42EB, 0x4B6F, 0x5BD2, 0x63F2,
    0x63F2, 0x63F2, 0x63B1, 0x5B8F, 0x534D, 0x4B0A, 0x42A7, 0x3A81,
    0x3260, 0x3240, 0x3240, 0x3220, 0x2A20, 0x29E0, 0x29E0, 0x29C0,
    0x21A0, 0x21A0, 0x2180, 0x29C2, 0x29E3, 0x3203, 0x3223, 0x3223,
    0x3223, 0x3202, 0x3222, 0x3222, 0x3222, 0x3242, 0x3222, 0x3222,
    0xD50C, 0xDD0A, 0xDCE8, 0xD487, 0xC3E7, 0xAB69, 0x930C, 0x6A8E,
    0x4271, 0x0A95, 0x02B6, 0x02B6, 0x02D6, 0x2B35, 0x6394, 0x8C12,
    0xAC71, 0xBCB0, 0xCCEF, 0xD4EE, 0xD4CD, 0xCC8B, 0xCC4A, 0xC429,
    0xC3E8, 0xC3E8, 0xC429, 0xCC4A, 0xCC8C, 0xCCCF, 0xCD31, 0xCD73,
    0xD5D5, 0xDE16, 0xDE37, 0xDE58, 0xDE79, 0xE699, 0xE699, 0xE699,
    0xE699, 0xE699, 0xDE79, 0xDE38, 0xD5F6, 0xCD94, 0xC512, 0xB48F,
    0xA3EC, 0x9B69, 0x9328, 0x9328, 0x9B48, 0xA389, 0xB3EA, 0xBC2B,
    0xBC4B, 0xC46B, 0xC48C, 0xC48C, 0xC48C, 0xC46B, 0xBC2A, 0xBC2A,
    0xF4C9, 0xF52B, 0xF5CE, 0xF56C, 0xECEA, 0xECE9, 0xED0A, 0xED2A,
    0xED0A, 0xECE9, 0xED0A, 0xED2B, 0xED2A, 0xED0A, 0xF52A, 0xF58C,
    0xF58C, 0xF54A, 0xF58C, 0xF56B, 0xED0A, 0xBAC3, 0x91A0, 0x8980,
    0x8980, 0x91A0, 0x91A0, 0xA1E0, 0xA1E0, 0x8160, 0x7940, 0xA1C0,
    0xB2C3, 0xF58D, 0xFDCD, 0xF5AC, 0xFD8B, 0xE405, 0xB220, 0x99C0,
    0xB220, 0xA9E0, 0x99C0, 0x99A0, 0xA1C0, 0xAA00, 0x99C0, 0xA1C0,
    0x99C0, 0x99A0, 0xA9E0, 0xB241, 0xA9E0, 0xCAE2, 0xF4E9, 0xFD6B,
    0xF58C, 0xFDAC, 0xFD8C, 0xFD8C, 0xF5AD, 0xFD8C, 0xF56C, 0xE447,
    0xE3C5, 0xF54B, 0xFDAD, 0xFDAD, 0xFDCE, 0xFDAD, 0xFDEE, 0xFD8C,
    0xFD4B, 0xD364, 0xAA00, 0xA1C0, 0x99A0, 0xAA21, 0xAA41, 0x91C0,
    0x9201, 0x7960, 0x7960, 0x8180, 0x8160, 0x7960, 0x8160, 0x91C1,
    0xB304, 0xDC47, 0xECE9, 0xECE9, 0xECE9, 0xEC87, 0xCB23, 0xBA41,
    0xA201, 0x91A0, 0xA1E1, 0xB241, 0xAA21, 0xA221, 0xA221, 0xBA62,
    0xA202, 0xB282, 0xAA62, 0x91E1, 0xAA62, 0xBAA2, 0xCB44, 0xECC9,
    0xF54B, 0xF58D, 0xE4CB, 0xDB85, 0xECAA, 0x8490, 0x6C2E, 0x6BEC,
    0x63A9, 0x5B64, 0x5340, 0x5B60, 0x63A2, 0x6C05, 0x7C67, 0x84A9,
    0x8CCA, 0x8CCB, 0x8CEC, 0x84CC, 0x7C6B, 0x742A, 0x63C7, 0x5325,
    0x4AE5, 0x4AE6, 0x4AE9, 0x430B, 0x4B2E, 0x53B1, 0x6413, 0x6C34,
    0x6C34, 0x6C14, 0x63D2, 0x536F, 0x4B2D, 0x42EB, 0x3A87, 0x3241,
    0x3220, 0x3220, 0x3220, 0x2A00, 0x29E0, 0x29E0, 0x29E0, 0x29C0,
    0x21A0, 0x21A0, 0x29A2, 0x29E4, 0x3204, 0x3204, 0x3224, 0x3224,
    0x3224, 0x3223, 0x3222, 0x3222, 0x3222, 0x3222, 0x3221, 0x3221,
    0xD50D, 0xDD2A, 0xDCE8, 0xD487, 0xC407, 0xAB8A, 0x8B0C, 0x6AAE,
    0x4271, 0x0295, 0x02B6, 0x02B6, 0x02D6, 0x2B35, 0x6BB4, 0x8C13,
    0xAC91, 0xBCD0, 0xCCEF, 0xD4EE, 0xD4CC, 0xCC8B, 0xCC6A, 0xCC29,
    0xC408, 0xC408, 0xCC29, 0xCC4A, 0xCC8C, 0xCCCF, 0xCD11, 0xCD73,
    0xD5D5, 0xDE16, 0xDE37, 0xDE58, 0xE679, 0xE699, 0xE699, 0xE6B9,
    0xE6B9, 0xE699, 0xDE79, 0xDE38, 0xD5F6, 0xCD74, 0xBCF1, 0xB46E,
    0xA3CB, 0x9349, 0x9307, 0x9328, 0x9B48, 0xA389, 0xB3EA, 0xBC2B,
    0xBC4B, 0xC46B, 0xC48C, 0xC48C, 0xC48C, 0xC44B, 0xBC2B, 0xB3EA,
    0xD4AB, 0xFE30, 0xFDEF, 0xF52B, 0xED2A, 0xED2B, 0xED2B, 0xECE9,
    0xECE9, 0xE4C9, 0xE4C9, 0xECE9, 0xED2A, 0xF52A, 0xF52A, 0xF54B,
    0xF54B, 0xF58C, 0xF58C, 0xF54B, 0xDC07, 0xBAA2, 0x99C0, 0x8960,
    0x91A0, 0x91A0, 0x99C0, 0xA201, 0xAA00, 0x8180, 0x8980, 0xA1C0,
    0xB304, 0xFDAD, 0xF58C, 0xFDAC, 0xFD8C, 0xEC46, 0xC281, 0xB220,
    0xB220, 0xA9E0, 0x99A0, 0x99A0, 0xB200, 0xBA41, 0x99A0, 0x99A0,
    0x99A0, 0x99A0, 0xA1A0, 0xBA40, 0xCB02, 0xEC88, 0xF52A, 0xFD4B,
    0xF58C, 0xF58C, 0xFD8C, 0xF56C, 0xFDEE, 0xECCA, 0xC324, 0xBA61,
    0xCAC1, 0xDBA4, 0xF4EA, 0xFDEE, 0xFDAD, 0xFDCD, 0xFDEF, 0xFDCE,
    0xFD8C, 0xF52B, 0xCB24, 0xB221, 0xB241, 0xB221, 0xAA21, 0xA201,
    0x8180, 0x7100, 0x7940, 0x8160, 0x8980, 0x8980, 0x8160, 0x8180,
    0x91E1, 0xDC68, 0xED0A, 0xECC8, 0xECC8, 0xECA8, 0xD3A4, 0xAA21,
    0x99C0, 0x99E1, 0xA201, 0xAA21, 0x99E1, 0x99E1, 0xB262, 0xB242,
    0xA222, 0xB262, 0xAA62, 0xA222, 0xAA42, 0xC2E2, 0xE467, 0xECE9,
    0xF5CE, 0xE4CB, 0xC2C3, 0xF447, 0x9C8D, 0x6C0D, 0x6C0B, 0x63A9,
    0x5B67, 0x5341, 0x5340, 0x5B60, 0x63A2, 0x7424, 0x8486, 0x8CC7,
    0x8CE9, 0x950A, 0x950C, 0x8CEB, 0x84A9, 0x7C47, 0x6BE6, 0x5B64,
    0x5345, 0x5347, 0x534A, 0x534C, 0x538E, 0x5BD0, 0x6C33, 0x7455,
    0x7455, 0x6C35, 0x63F3, 0x5370, 0x4B2D, 0x42EB, 0x3A87, 0x3221,
    0x3220, 0x2A00, 0x2A00, 0x2A00, 0x29E0, 0x29C0, 0x29C0, 0x21C0,
    0x21A0, 0x29C2, 0x29E5, 0x2A05, 0x3205, 0x3225, 0x3225, 0x3245,
    0x3224, 0x3223, 0x3202, 0x3201, 0x3221, 0x3200, 0x3200, 0x2A00,
    0xD50D, 0xDD2B, 0xDCE8, 0xD487, 0xC3E7, 0xAB8A, 0x8B0C, 0x6AAF,
    0x4292, 0x0295, 0x02B6, 0x02B6, 0x02B6, 0x3335, 0x6BB4, 0x9413,
    0xAC91, 0xC4D0, 0xCCCE, 0xD4EE, 0xD4CC, 0xCC8B, 0xCC6A, 0xCC29,
    0xCC08, 0xCC08, 0xCC29, 0xCC4A, 0xCC8C, 0xCCCE, 0xCD11, 0xCD73,
    0xD5B5, 0xDDF6, 0xDE37, 0xDE58, 0xE679, 0xE699, 0xE699, 0xE6BA,
    0xE6BA, 0xE6BA, 0xDE79, 0xDE37, 0xD5D6, 0xC573, 0xBCF1, 0xAC4E,
    0xA3AB, 0x9328, 0x9307, 0x9328, 0x9B48, 0xA3A9, 0xB3EA, 0xBC2B,
    0xBC4B, 0xC46B, 0xCC8C, 0xCC8C, 0xC46B, 0xBC4B, 0xBC2A, 0xB40A,
    0xBC0A, 0xF673, 0xFED3, 0xFDCE, 0xF56C, 0xF54B, 0xED2B, 0xE4A8,
    0xE4E9, 0xED4B, 0xED2B, 0xED2A, 0xED2A, 0xF54B, 0xF54B, 0xF52A,
    0xF54B, 0xF58C, 0xF52B, 0xF54A, 0xDC48, 0xA200, 0x99E0, 0x9180,
    0x99A0, 0x91A0, 0x91C0, 0xA1E0, 0xA1C0, 0x8160, 0x8980, 0x99A0,
    0xBB45, 0xF56C, 0xF58C, 0xFDCD, 0xFD8C, 0xF4E9, 0xD2E1, 0xB200,
    0xBA40, 0xAA00, 0xA200, 0xB220, 0x99A0, 0xA1C0, 0x99C0, 0xA1E0,
    0x99C0, 0xB220, 0xCAE2, 0xE426, 0xF509, 0xF54A, 0xFD6B, 0xFD6B,
    0xF56B, 0xFDAC, 0xFDAD, 0xF58C, 0xF52B, 0xBAC3, 0xB221, 0xA9E0,
    0xCAC2, 0xDB02, 0xD323, 0xF4C9, 0xF50A, 0xFDAC, 0xFDCD, 0xFDEE,
    0xFDAD, 0xF56C, 0xE489, 0xB241, 0xC2A2, 0xC2C2, 0xB262, 0xB262,
    0x91C0, 0x6900, 0x7120, 0x8160, 0x7940, 0x7940, 0x7960, 0x8160,
    0xB2C3, 0xECA9, 0xECC8, 0xECE9, 0xED0A, 0xECE9, 0xDBE6, 0xB241,
    0xA201, 0x99E1, 0x99E1, 0x99E1, 0xAA42, 0xA222, 0xAA42, 0xAA22,
    0xAA42, 0xAA42, 0xAA62, 0xAA62, 0xAA41, 0xCB43, 0xED0A, 0xF58C,
    0xF5CF, 0xCB65, 0xEBA5, 0xBC8A, 0x6C0A, 0x6BE9, 0x63C8, 0x5B67,
    0x5323, 0x4B00, 0x5320, 0x5B60, 0x63C0, 0x7443, 0x84C5, 0x8D06,
    0x9526, 0x9D28, 0x9D28, 0x9508, 0x8CC6, 0x7C65, 0x6C02, 0x63C2,
    0x6384, 0x5B67, 0x5B8A, 0x5BAC, 0x63EF, 0x6C11, 0x6C33, 0x7454,
    0x7455, 0x6C14, 0x63D2, 0x5370, 0x4B2D, 0x42EB, 0x3A86, 0x3220,
    0x3220, 0x3220, 0x2A20, 0x2A00, 0x29E0, 0x29C0, 0x29C0, 0x21C0,
    0x21A0, 0x29E4, 0x3227, 0x3227, 0x3247, 0x3247, 0x3247, 0x3246,
    0x3A45, 0x3224, 0x3202, 0x3200, 0x2A00, 0x29E0, 0x29E0, 0x29E0,
    0xCCED, 0xD4EB, 0xD4A9, 0xCC48, 0xBBC8, 0xA36A, 0x8B0C, 0x6ACF,
    0x4292, 0x0295, 0x0296, 0x02B6, 0x02B5, 0x3334, 0x6BB4, 0x9413,
    0xAC71, 0xC4B0, 0xCCCE, 0xD4EE, 0xD4CC, 0xCC8B, 0xCC6A, 0xCC29,
    0xCC08, 0xCC28, 0xCC29, 0xCC4A, 0xCC8C, 0xCCCE, 0xCD10, 0xCD52,
    0xD5B5, 0xDDF6, 0xDE37, 0xDE58, 0xE679, 0xE699, 0xE6B9, 0xE6B9,
    0xE6BA, 0xE6BA, 0xE679, 0xDE37, 0xD5D5, 0xC553, 0xBCD0, 0xAC2D,
    0x9B8A, 0x9328, 0x9307, 0x9328, 0x9B48, 0xA389, 0xB3EA, 0xBC2A,
    0xBC4B, 0xC46B, 0xC48C, 0xC48C, 0xC46B, 0xBC4B, 0xBC2A, 0xB40A,
    0xABA8, 0xCCAC, 0xFF17, 0xFE51, 0xF56C, 0xF5AD, 0xED2B, 0xDC89,
    0xD407, 0xED4C, 0xED4B, 0xED0A, 0xED0A, 0xF54C, 0xF52A, 0xF52A,
    0xF54A, 0xF52A, 0xF54B, 0xF52B, 0xE447, 0xB281, 0xA200, 0xA1E0,
    0x99C0, 0x99E0, 0x99E1, 0x99C0, 0x8980, 0x7940, 0x7940, 0x99C0,
    0xD428, 0xFDAD, 0xFDAD, 0xFDCD, 0xFD8C, 0xFD4B, 0xDB43, 0xBA40,
    0xB241, 0x99E0, 0x99C0, 0xA1E0, 0x99C0, 0xAA00, 0xA1E0, 0xB221,
    0xBA40, 0xDBA4, 0xF4C8, 0xF54B, 0xFD8C, 0xFD8C, 0xFD8C, 0xFD8C,
    0xFD8C, 0xFD8C, 0xFDAD, 0xF56C, 0xD365, 0xA9C0, 0xAA01, 0xA1C0,
    0xA1C0, 0xBA41, 0xCAC2, 0xCAC2, 0xE3E5, 0xFDAC, 0xFDAD, 0xFDCE,
    0xFDAD, 0xFD8C, 0xF56C, 0xCB45, 0xB200, 0xC2A2, 0xBA82, 0xBA82,
    0xBB04, 0x7181, 0x6100, 0x7120, 0x7140, 0x7960, 0x7940, 0x8980,
    0xB281, 0xD3C5, 0xECC9, 0xED2B, 0xED0A, 0xECC8, 0xDBC5, 0xBA61,
    0xA201, 0x99E1, 0x9A01, 0xAA42, 0xAA42, 0xA201, 0x9A01, 0xA222,
    0xA221, 0x91C1, 0xA222, 0xAA42, 0xBAA2, 0xE447, 0xED2B, 0xFDEF,
    0xDC8A, 0xE385, 0xDCA9, 0x7428, 0x6C07, 0x6BC6, 0x6385, 0x5B42,
    0x4B00, 0x4B00, 0x5320, 0x5B60, 0x6BE0, 0x7C60, 0x8CE2, 0x9523,
    0x9D44, 0xA565, 0x9D45, 0x9D24, 0x8CC3, 0x7C61, 0x6C00, 0x6BC0,
    0x6BC4, 0x6BC7, 0x6BEA, 0x6C0D, 0x744F, 0x7471, 0x7452, 0x7473,
    0x7454, 0x63F3, 0x5BB1, 0x534F, 0x4B0D, 0x42CA, 0x3A66, 0x3240,
    0x3220, 0x3220, 0x3220, 0x2A00, 0x29E0, 0x29C0, 0x29C0, 0x21C0,
    0x29C1, 0x3227, 0x3269, 0x3A8A, 0x3A8A, 0x3A89, 0x3A68, 0x3A68,
    0x3A67, 0x3245, 0x29E1, 0x29E0, 0x29E0, 0x29E0, 0x29E0, 0x29E0,
    0xD4ED, 0xD4EA, 0xD4A9, 0xCC48, 0xBBC8, 0xAB6A, 0x930C, 0x7AEE,
    0x62D1, 0x2AB4, 0x12D5, 0x1AD5, 0x22D4, 0x5354, 0x7BD3, 0x9432,
    0xAC71, 0xBCAF, 0xCCCE, 0xD4ED, 0xCCAC, 0xCC6B, 0xCC4A, 0xC409,
    0xCC08, 0xCC08, 0xCC09, 0xCC2A, 0xCC6B, 0xCCAD, 0xCCEF, 0xCD32,
    0xD594, 0xDDF5, 0xDE37, 0xDE58, 0xE678, 0xE679, 0xE699, 0xE699,
    0xE699, 0xE699, 0xDE78, 0xDE16, 0xCDB5, 0xC532, 0xBCB0, 0xAC2D,
    0x9B8A, 0x9307, 0x9307, 0x9307, 0x9B28, 0xA388, 0xB3EA, 0xBC0A,
    0xBC4B, 0xC46B, 0xC46B, 0xC46B, 0xC46B, 0xBC4B, 0xBC0A, 0xB3E9,
    0xB3E9, 0xB387, 0xEE13, 0xFED4, 0xF5AE, 0xF56C, 0xDC48, 0xCB65,
    0xAA62, 0xC3A7, 0xCC07, 0xC386, 0xD428, 0xE4EA, 0xF52B, 0xF52A,
    0xED09, 0xF52A, 0xF56B, 0xFD6B, 0xEC88, 0xBAA1, 0x99C0, 0x99C0,
    0x99C0, 0x99C0, 0x8980, 0x8980, 0x8980, 0x7140, 0x9A21, 0xDC48,
    0xF58D, 0xFDAD, 0xFDAD, 0xFDAD, 0xFD8C, 0xFD4B, 0xDB43, 0xBA40,
    0xAA21, 0xA1E0, 0xA1C0, 0xA1E0, 0xA1E0, 0xAA00, 0xA9E0, 0xC260,
    0xEC46, 0xF509, 0xF52A, 0xF58C, 0xFDAD, 0xFDCD, 0xFD6B, 0xFD8B,
    0xFD8C, 0xFD8C, 0xF58C, 0xE468, 0xBAC2, 0xA1C0, 0xA1C0, 0xA1C0,
    0x99C0, 0x99A1, 0xBA82, 0xC261, 0xD323, 0xF4E9, 0xFD6C, 0xFDCD,
    0xFDCD, 0xFDEE, 0xFDEF, 0xF56C, 0xD386, 0xBA81, 0xBA82, 0xB220,
    0xCB44, 0x8A64, 0x58E0, 0x7120, 0x7120, 0x7960, 0x8160, 0x8160,
    0x91A0, 0xBB23, 0xED2B, 0xED2B, 0xECA8, 0xECA8, 0xD3A4, 0xAA41,
    0xA201, 0xA201, 0xA201, 0xA221, 0xAA41, 0xA221, 0x9A01, 0xA221,
    0x99E1, 0xA222, 0xAA62, 0xB261, 0xDBC5, 0xECE9, 0xF54C, 0xED6D,
    0xDB65, 0xF488, 0x8464, 0x6C02, 0x6BE2, 0x63C1, 0x5B81, 0x5340,
    0x4B00, 0x4B00, 0x5340, 0x63A0, 0x7420, 0x84A0, 0x9500, 0x9D40,
    0xA561, 0xA582, 0xA562, 0x9D21, 0x8CE0, 0x7C60, 0x6C00, 0x6BE0,
    0x7403, 0x7C47, 0x7C4A, 0x7C6D, 0x84AF, 0x84B0, 0x7C91, 0x7472,
    0x7432, 0x63D2, 0x5370, 0x4B2E, 0x42EC, 0x3AAA, 0x3A65, 0x3240,
    0x3220, 0x3220, 0x3220, 0x2A00, 0x29E0, 0x29C0, 0x29C0, 0x29C0,
    0x29E4, 0x3269, 0x42AB, 0x42CC, 0x42EC, 0x42CB, 0x42AA, 0x3AA9,
    0x3A68, 0x3225, 0x29E0, 0x29E0, 0x29C0, 0x29C0, 0x29E0, 0x29E0,
    0xD4EC, 0xDCEA, 0xDCA9, 0xD448, 0xC3E8, 0xBBA9, 0xAB6C, 0x932E,
    0x830F, 0x62F2, 0x5313, 0x5B13, 0x5B33, 0x7B92, 0x93F2, 0xA451,
    0xB490, 0xC4AF, 0xCCCD, 0xD4ED, 0xD4CC, 0xCC8B, 0xCC4A, 0xCC29,
    0xCC08, 0xCC28, 0xCC29, 0xCC29, 0xCC6B, 0xCC8D, 0xCCCF, 0xCD11,
    0xD573, 0xDDD4, 0xDE16, 0xDE37, 0xE658, 0xE658, 0xE678, 0xE678,
    0xE678, 0xE678, 0xDE37, 0xD5F6, 0xCD94, 0xC511, 0xBC8F, 0xAC0C,
    0xA389, 0x9307, 0x9307, 0x9B27, 0x9B48, 0xA388, 0xB3C9, 0xBC0A,
    0xBC2A, 0xC44B, 0xC46B, 0xC46B, 0xC44B, 0xBC2A, 0xB40A, 0xB3C9,
    0xB3C9, 0xB3A8, 0xCC8B, 0xFEF5, 0xFE30, 0xF54C, 0xD385, 0xBAA2,
    0x9A22, 0xAAA3, 0xAAA3, 0x9A21, 0xA241, 0xC385, 0xE488, 0xF52B,
    0xF50A, 0xF54A, 0xF58B, 0xFDCD, 0xFD8C, 0xCB64, 0xA1E0, 0x99A0,
    0xA1C0, 0xA1E0, 0x91C0, 0x91C0, 0x8980, 0x9201, 0xE4CA, 0xFDCE,
    0xFDCE, 0xFDCE, 0xFDEE, 0xFDEE, 0xFD8C, 0xFD4A, 0xDB83, 0xB200,
    0xAA20, 0xA1E0, 0xA1C0, 0xA1E0, 0x99A0, 0xAA00, 0xA9E0, 0xE406,
    0xFDCD, 0xF54B, 0xF54A, 0xFDAC, 0xFDEE, 0xFDEE, 0xFD8C, 0xFD8C,
    0xFD8C, 0xFD8D, 0xE468, 0xC2E3, 0xB241, 0x99A0, 0x99C0, 0xA1E0,
    0x91A0, 0xA1E1, 0xAA01, 0xB221, 0xBA41, 0xC2A2, 0xEC67, 0xFD6C,
    0xFDCE, 0xFE0F, 0xFDEF, 0xFDCE, 0xECAA, 0xCB03, 0xCAE2, 0xC281,
    0xDBE6, 0xAB46, 0x6920, 0x7140, 0x8160, 0x8980, 0x8160, 0x7960,
    0x8160, 0xAA61, 0xE4A8, 0xED0A, 0xECE9, 0xF50A, 0xE426, 0xBAA2,
    0xA201, 0xA201, 0xAA21, 0xA201, 0xA201, 0x99E1, 0xA221, 0x99E1,
    0xA221, 0xAA62, 0xB241, 0xD343, 0xECA9, 0xED0B, 0xF58D, 0xDC08,
    0xF428, 0xACE4, 0x6C20, 0x7420, 0x6BE0, 0x63A0, 0x5B80, 0x5B60,
    0x5340, 0x5B60, 0x63A0, 0x7400, 0x84A0, 0x9500, 0x9D40, 0xA580,
    0xADC0, 0xADC0, 0xADA0, 0x9D40, 0x94E0, 0x84A0, 0x7440, 0x7420,
    0x7C42, 0x8486, 0x84AA, 0x8CCC, 0x8CEE, 0x8CEF, 0x84AF, 0x7450,
    0x6C10, 0x5BAF, 0x4B4F, 0x430D, 0x42CB, 0x3A88, 0x3A43, 0x3220,
    0x3220, 0x3220, 0x3220, 0x2A00, 0x29E0, 0x29E0, 0x29E0, 0x29E2,
    0x3226, 0x3AAB, 0x42ED, 0x42ED, 0x430D, 0x42ED, 0x42EC, 0x42CB,
    0x3A89, 0x3224, 0x29C0, 0x29C0, 0x29C0, 0x29C0, 0x29E0, 0x29E0,
    0xDCCB, 0xDCCA, 0xDCA9, 0xD468, 0xCC08, 0xC3EA, 0xBBAB, 0xAB8D,
    0x9B6F, 0x8351, 0x7B51, 0x7B71, 0x7B72, 0x8BB1, 0xA411, 0xB450,
    0xC48F, 0xCCAE, 0xD4ED, 0xD4ED, 0xD4CC, 0xD4AB, 0xD46A, 0xCC49,
    0xCC28, 0xCC29, 0xCC49, 0xCC49, 0xCC6B, 0xCC8C, 0xCCCE, 0xD510,
    0xD551, 0xDD93, 0xDDD4, 0xDE16, 0xDE36, 0xDE37, 0xE657, 0xE657,
    0xE657, 0xE637, 0xDE16, 0xD5D4, 0xD572, 0xCD10, 0xC48E, 0xB40B,
    0xABA9, 0xA347, 0xA347, 0xA367, 0xAB88, 0xABA9, 0xBBE9, 0xBC2A,
    0xC44A, 0xC44A, 0xC46B, 0xC46B, 0xC46B, 0xC44A, 0xBC0A, 0xB3C9,
    0xB3C8, 0xB3C8, 0xB3A7, 0xED8E, 0xFED4, 0xFDCE, 0xD364, 0xA221,
    0xA242, 0xA242, 0xAA41, 0xA221, 0xA201, 0xB282, 0xAA62, 0xBB24,
    0xF52A, 0xF58C, 0xF5AC, 0xF58B, 0xF56C, 0xF50A, 0xBAC2, 0x99C0,
    0xAA00, 0x99E0, 0x99E1, 0xA201, 0x91A0, 0xAAE4, 0xF58D, 0xF5AD,
    0xFDCD, 0xFDCD, 0xFDAD, 0xFDEE, 0xFD6B, 0xFD8C, 0xF4E8, 0xD342,
    0xCAA1, 0xB200, 0xA1C0, 0xA9E0, 0xA1C0, 0xA9E0, 0xD3A4, 0xFD8B,
    0xFDAD, 0xFDCE, 0xFD6B, 0xF54B, 0xFDCE, 0xFDCE, 0xFDAD, 0xFD8C,
    0xFDAD, 0xECCA, 0xD385, 0xC2A2, 0xBA61, 0xAA21, 0xA200, 0xA1E0,
    0x8980, 0xAA01, 0xB221, 0xB221, 0xC261, 0xBA40, 0xC2A2, 0xCB03,
    0xF4EA, 0xFDEF, 0xFDEE, 0xFDCE, 0xFDAE, 0xF50B, 0xECA9, 0xE426,
    0xF52B, 0xC3E8, 0x6920, 0x7940, 0x8160, 0x7960, 0x6920, 0x7960,
    0x8960, 0xAA82, 0xECC9, 0xF52A, 0xF52A, 0xED0A, 0xECA8, 0xC303,
    0x99E1, 0x99E1, 0xAA21, 0x99E1, 0xA221, 0xA221, 0xA221, 0xA201,
    0xB262, 0xAA21, 0xC2E2, 0xECA8, 0xED0B, 0xF56C, 0xE4AA, 0xEBC6,
    0xDD27, 0x7CA0, 0x7C60, 0x7420, 0x6BE0, 0x63C0, 0x5BA0, 0x5B80,
    0x5B80, 0x63A0, 0x6C00, 0x7C60, 0x8CE0, 0x9D40, 0xAD80, 0xB5E0,
    0xB600, 0xB5E0, 0xADA0, 0x9D60, 0x9500, 0x84C0, 0x7C80, 0x7C60,
    0x8482, 0x8CC6, 0x8CE8, 0x8D0B, 0x8CEC, 0x8CED, 0x848D, 0x742E,
    0x63EE, 0x5B8D, 0x4B0D, 0x42CB, 0x3A89, 0x3246, 0x3221, 0x3220,
    0x3220, 0x3220, 0x3220, 0x3220, 0x3220, 0x2A00, 0x3220, 0x3224,
    0x3A68, 0x42CC, 0x430D, 0x4B0D, 0x4B0D, 0x4B0D, 0x430D, 0x42EC,
    0x3A89, 0x3203, 0x29C0, 0x21C0, 0x29C0, 0x29C0, 0x29E0, 0x29E0,
    0xDCCB, 0xE4CA, 0xE4A9, 0xDC88, 0xD449, 0xCC0A, 0xC3EB, 0xBBEC,
    0xB3CE, 0x9B8F, 0x9BB0, 0x9BB0, 0x9BB0, 0xA3D0, 0xB42F, 0xBC6F,
    0xCC8E, 0xD4CD, 0xD4ED, 0xDCEC, 0xDCCB, 0xD4AA, 0xD48A, 0xD449,
    0xD448, 0xD449, 0xCC49, 0xCC49, 0xCC6A, 0xD48B, 0xD4CD, 0xD4EE,
    0xD530, 0xDD71, 0xDDB3, 0xDDD4, 0xDDF4, 0xE615, 0xE616, 0xE636,
    0xE636, 0xE616, 0xDDF4, 0xDD93, 0xD551, 0xCD0F, 0xC4AD, 0xBC2B,
    0xB3C9, 0xAB88, 0xB3A8, 0xB3A8, 0xB3A8, 0xB3C9, 0xBC09, 0xC42A,
    0xC44A, 0xCC6A, 0xCC6A, 0xCC6A, 0xCC6A, 0xC44A, 0xC429, 0xBBE9,
    0xB3C8, 0xB3C8, 0xBBE8, 0xD428, 0xFE30, 0xFE71, 0xEC47, 0xBAC3,
    0xA242, 0xA221, 0xAA41, 0xA201, 0xB261, 0xAA41, 0x8980, 0xB261,
    0xDC68, 0xF56B, 0xF52A, 0xF54B, 0xF52A, 0xF50A, 0xCB43, 0xA1C0,
    0x99C0, 0x91A0, 0x8160, 0xA1E0, 0x99C0, 0xBB66, 0xFDAC, 0xF58C,
    0xFDAD, 0xFDAC, 0xFD6B, 0xFE0F, 0xFDCD, 0xFDCE, 0xFD8C, 0xFD4A,
    0xE3A4, 0xC240, 0xA9C0, 0xA1A0, 0xBA20, 0xDB63, 0xF50A, 0xFD8C,
    0xFDCD, 0xFDCD, 0xFD8C, 0xFD8C, 0xFDAD, 0xFDCE, 0xFD6C, 0xECA8,
    0xE406, 0xDBC5, 0xD323, 0xB221, 0xAA01, 0xBA41, 0xB221, 0xA1E0,
    0x99C0, 0xBA41, 0xBA41, 0xB220, 0xCA81, 0xBA41, 0xAA00, 0xBA41,
    0xCAA1, 0xF4E9, 0xFDEE, 0xFDEF, 0xFDEF, 0xFDCE, 0xFDCE, 0xFDAD,
    0xF56C, 0xE4EB, 0x8A23, 0x7120, 0x7940, 0x7140, 0x7940, 0x8180,
    0x99C0, 0xD3A5, 0xECEA, 0xECC8, 0xECE9, 0xED0A, 0xED0A, 0xC344,
    0x99C0, 0x99E1, 0xA1E0, 0xAA41, 0xAA21, 0xAA21, 0xAA21, 0xAA21,
    0xBA81, 0xCAE2, 0xEC88, 0xED2B, 0xF56C, 0xE4EB, 0xD365, 0xECA7,
    0x8CC0, 0x7C80, 0x7440, 0x7420, 0x6C00, 0x63C0, 0x63C0, 0x63A0,
    0x63C0, 0x6BE0, 0x7440, 0x84A0, 0x9520, 0xA580, 0xB5C0, 0xBE00,
    0xBE20, 0xB600, 0xADC0, 0xA560, 0x9520, 0x8CE0, 0x84C0, 0x84C0,
    0x8CE1, 0x9504, 0x9507, 0x9509, 0x8D0A, 0x8CCB, 0x7C8B, 0x740B,
    0x63AB, 0x534B, 0x42EA, 0x3A69, 0x3247, 0x3203, 0x3200, 0x3220,
    0x3240, 0x3240, 0x3240, 0x3260, 0x3240, 0x3A40, 0x3A61, 0x3A85,
    0x42A9, 0x4B0C, 0x4B0C, 0x4B2D, 0x4B2D, 0x4B0C, 0x4B0C, 0x430C,
    0x3A89, 0x2A02, 0x29C0, 0x21A0, 0x29C0, 0x29C0, 0x29E0, 0x29E0,
    0xDCCA, 0xE4CA, 0xE4A9, 0xDC89, 0xDC69, 0xD449, 0xCC2A, 0xCC2C,
    0xC40D, 0xB3EE, 0xB3EE, 0xBC0E, 0xB3EF, 0xBC0E, 0xC44E, 0xCC6E,
    0xD4AD, 0xD4CD, 0xDCEC, 0xDCEC, 0xDCCB, 0xDCAA, 0xDC8A, 0xD469,
    0xD469, 0xD469, 0xD469, 0xD469, 0xD46A, 0xD4AB, 0xD4CC, 0xD4ED,
    0xDD0E, 0xDD50, 0xDD71, 0xDD92, 0xDDB2, 0xDDD3, 0xDDD4, 0xE5F4,
    0xE5F4, 0xDDF4, 0xDDB3, 0xDD71, 0xD530, 0xD4EE, 0xCCAD, 0xC44B,
    0xBC09, 0xBBC8, 0xBBE8, 0xBBE8, 0xBBE8, 0xC409, 0xC429, 0xCC4A,
    0xCC6A, 0xCC6A, 0xCC6A, 0xCC6A, 0xCC6A, 0xCC4A, 0xC429, 0xC409,
    0xBBE8, 0xBBC8, 0xBBE8, 0xBBE8, 0xE50B, 0xFEB3, 0xF4EA, 0xCB44,
    0xAA62, 0xA201, 0xA201, 0x9A01, 0xBA82, 0xA221, 0xA221, 0xB282,
    0xDC68, 0xF54B, 0xF54B, 0xF54A, 0xF52A, 0xF54B, 0xDBE6, 0xB240,
    0x99A0, 0x99C0, 0x91A0, 0x99E0, 0x91A0, 0xD448, 0xFDCE, 0xF5AD,
    0xFDAD, 0xFD6B, 0xFDEE, 0xFE0F, 0xFE0F, 0xFDEE, 0xFDCD, 0xFD8C,
    0xF487, 0xDB63, 0xC281, 0xC261, 0xEC47, 0xFD6C, 0xF54B, 0xFDAD,
    0xFE0E, 0xFDCD, 0xFDAC, 0xFDAD, 0xFD8C, 0xECAA, 0xD365, 0xCAE2,
    0xBA82, 0xBA61, 0xB221, 0xA1E1, 0x99A0, 0xBA41, 0xB221, 0xA1E1,
    0x99C0, 0xB221, 0xA9E0, 0xA1C0, 0xA9E0, 0xAA00, 0xA9E0, 0xBA61,
    0xC260, 0xE3E5, 0xFDEE, 0xFDEF, 0xFE0F, 0xFDEF, 0xFDCE, 0xFDCE,
    0xF52B, 0xED2B, 0xB346, 0x7120, 0x7940, 0x7940, 0x8160, 0x8160,
    0x91C0, 0xDC06, 0xED0A, 0xED0A, 0xF52A, 0xF52B, 0xED0A, 0xD3C5,
    0xBA81, 0xB261, 0xC2C2, 0xC2E2, 0xBAA1, 0xC2E2, 0xBAA2, 0xC2C2,
    0xDBA5, 0xE467, 0xED2B, 0xED2B, 0xF5CE, 0xCBA6, 0xEC07, 0xACE3,
    0x7480, 0x7C60, 0x7420, 0x6C20, 0x6C00, 0x63E0, 0x63E0, 0x63E0,
    0x63E0, 0x7420, 0x7C60, 0x8CE0, 0x9D40, 0xADA0, 0xB5E0, 0xBE20,
    0xBE20, 0xB600, 0xADC0, 0xA580, 0x9520, 0x8D00, 0x8CE0, 0x9500,
    0x9D20, 0x9D20, 0x9504, 0x8CE6, 0x8CC7, 0x84A8, 0x7C69, 0x6BE9,
    0x5B69, 0x4B08, 0x42A8, 0x3247, 0x3204, 0x2A00, 0x3220, 0x3240,
    0x3260, 0x3A60, 0x3A80, 0x3A80, 0x3A80, 0x3A80, 0x42A0, 0x42C5,
    0x42E9, 0x4B0B, 0x4B2C, 0x4B2C, 0x4B2C, 0x4B2C, 0x4B0C, 0x42EC,
    0x3A89, 0x2A03, 0x29A0, 0x29C0, 0x29C0, 0x29C0, 0x29E0, 0x29E0,
    0xDCAA, 0xDCA9, 0xE4A9, 0xDC89, 0xDC89, 0xDC69, 0xD46A, 0xD44B,
    0xCC2B, 0xCC2C, 0xCC2C, 0xCC2C, 0xCC2C, 0xCC4C, 0xCC6C, 0xD48C,
    0xD4AC, 0xDCCC, 0xDCCB, 0xDCCB, 0xDCAA, 0xDC8A, 0xDC89, 0xD469,
    0xDC69, 0xDC69, 0xD469, 0xD469, 0xD489, 0xD48A, 0xD4AB, 0xD4CC,
    0xDCED, 0xDD2E, 0xDD4F, 0xDD50, 0xDD70, 0xDD71, 0xDD71, 0xDD91,
    0xDD91, 0xDD91, 0xDD71, 0xDD30, 0xD50E, 0xD4ED, 0xCCAC, 0xCC6A,
    0xCC29, 0xC408, 0xC408, 0xC429, 0xC429, 0xCC29, 0xCC49, 0xCC69,
    0xCC6A, 0xCC6A, 0xCC8A, 0xCC8A, 0xCC6A, 0xCC6A, 0xC449, 0xC409,
    0xC3E8, 0xBBE8, 0xC3E8, 0xC408, 0xCC49, 0xFE72, 0xFD8D, 0xD344,
    0xB282, 0xBA82, 0xAA41, 0xA221, 0xAA42, 0x91E1, 0x99E1, 0x91C0,
    0xC3A6, 0xF54B, 0xF54C, 0xF56B, 0xF52A, 0xF56C, 0xF52B, 0xDB84,
    0xB240, 0xB220, 0x99A0, 0x8980, 0x9A83, 0xE50B, 0xF58D, 0xECEA,
    0xE406, 0xD343, 0xF50A, 0xFDEE, 0xFE0F, 0xFDEE, 0xFD8C, 0xFDAC,
    0xFD8C, 0xF509, 0xF4A7, 0xFD2A, 0xFDEE, 0xFDAD, 0xFDCD, 0xFDCD,
    0xFDCD, 0xFDAC, 0xFDEE, 0xFE0F, 0xECC9, 0xB241, 0xA9E0, 0xB221,
    0xB221, 0xAA00, 0x91A0, 0x99E1, 0xAA01, 0xBA61, 0xB221, 0xAA41,
    0xAA21, 0xA1E0, 0x99C0, 0x99A0, 0x99A0, 0xAA01, 0xB241, 0xA1E0,
    0xC2A2, 0xD2E1, 0xEC87, 0xFE0F, 0xFDEE, 0xFE0F, 0xFDCE, 0xFDCE,
    0xF54B, 0xF52B, 0xC3E8, 0x7940, 0x8180, 0x8160, 0x8160, 0x89A0,
    0xCB64, 0xECE9, 0xF54B, 0xED0A, 0xED0A, 0xED2A, 0xE4C9, 0xE488,
    0xE467, 0xE466, 0xE467, 0xE426, 0xE447, 0xDC68, 0xDC06, 0xE467,
    0xECCA, 0xED0B, 0xED0A, 0xF58D, 0xED2D, 0xEBC6, 0xCD05, 0x7CA0,
    0x7C60, 0x7440, 0x6C00, 0x6BE0, 0x63E0, 0x63E0, 0x63E0, 0x63E0,
    0x6C00, 0x7420, 0x7C80, 0x8CE0, 0x9D60, 0xADC0, 0xB600, 0xBE20,
    0xBE20, 0xB600, 0xADC0, 0xA580, 0x9D60, 0x9520, 0x9D40, 0x9D40,
    0x9D60, 0x9D40, 0x9500, 0x8CC1, 0x84A3, 0x7C65, 0x7426, 0x63A6,
    0x5326, 0x4AC6, 0x3A65, 0x3203, 0x2A02, 0x2A20, 0x3240, 0x3260,
    0x3A80, 0x3AA0, 0x42A0, 0x42C0, 0x42A0, 0x42A0, 0x42C0, 0x4AE5,
    0x4B09, 0x532B, 0x532B, 0x4B2C, 0x4B2C, 0x4B2C, 0x4B0C, 0x42EB,
    0x3A89, 0x3205, 0x29C0, 0x29C0, 0x29E0, 0x29E0, 0x29E0, 0x29E0,
    0xD449, 0xD468, 0xDC68, 0xDC68, 0xDC69, 0xDC68, 0xD469, 0xD449,
    0xD44A, 0xD44A, 0xD44A, 0xD44A, 0xD44A, 0xD44A, 0xD46B, 0xD46B,
    0xD48B, 0xD48A, 0xD489, 0xD489, 0xD469, 0xD469, 0xD468, 0xD468,
    0xD469, 0xD469, 0xD469, 0xD469, 0xD469, 0xD469, 0xD489, 0xD48A,
    0xD4AB, 0xD4CC, 0xD4EC, 0xDD0D, 0xDD0D, 0xDD0E, 0xDD0E, 0xDD0E,
    0xDD0E, 0xD50E, 0xD50E, 0xD4ED, 0xD4CC, 0xD4AB, 0xCC6A, 0xCC49,
    0xCC29, 0xCC29, 0xCC29, 0xCC29, 0xCC29, 0xCC49, 0xCC49, 0xCC69,
    0xD469, 0xD46A, 0xD46A, 0xCC6A, 0xCC6A, 0xCC69, 0xCC49, 0xC408,
    0xC408, 0xC3E8, 0xBBE8, 0xC408, 0xC428, 0xE50C, 0xFE50, 0xE3C6,
    0xBAA2, 0xBAA2, 0xB262, 0x99E1, 0x91E1, 0x9A21, 0x99E1, 0x91A0,
    0xAAA3, 0xCBE7, 0xF54B, 0xF54B, 0xF52A, 0xF52A, 0xF52A, 0xECC8,
    0xEC46, 0xE467, 0xCB43, 0xB2E3, 0xC3A6, 0xCB85, 0xD385, 0xC2A2,
    0xC281, 0xBA61, 0xD344, 0xF52B, 0xFDAD, 0xFDAD, 0xFE0F, 0xFDED,
    0xFDAC, 0xFD4A, 0xFDAC, 0xFE0E, 0xFDAD, 0xFDAD, 0xFDCD, 0xFDCD,
    0xFD8C, 0xFDCD, 0xF58D, 0xE427, 0xCB03, 0xAA00, 0xBA21, 0xA9E0,
    0xA1E1, 0xA1E0, 0x91A0, 0x99C1, 0xA200, 0xB220, 0xB221, 0xAA00,
    0x99E0, 0x91A0, 0xA1E0, 0xAA00, 0xA9E0, 0x99C1, 0xAA21, 0xBA41,
    0xC2A2, 0xCAA1, 0xDB01, 0xFD6C, 0xFDEE, 0xFDEE, 0xFDEF, 0xFDCE,
    0xFDAD, 0xF54B, 0xE4CB, 0x9263, 0x7940, 0x7920, 0xA1C0, 0xC2E2,
    0xECA8, 0xED0A, 0xED0A, 0xF54B, 0xF52B, 0xED0A, 0xECE9, 0xED2A,
    0xED0A, 0xED0A, 0xE4A8, 0xECE9, 0xED0B, 0xE4C9, 0xE4E9, 0xE4C9,
    0xECEA, 0xED0A, 0xED0A, 0xF5AE, 0xEC08, 0xE4A6, 0x84A0, 0x7460,
    0x7440, 0x6C00, 0x6BE0, 0x63E0, 0x63C0, 0x63C0, 0x63C0, 0x63E0,
    0x6BE0, 0x7420, 0x7C80, 0x8CE0, 0x9D60, 0xADC0, 0xB600, 0xBE20,
    0xBE20, 0xB600, 0xADE0, 0xADA0, 0xA580, 0x9D60, 0x9D60, 0x9D60,
    0x9D60, 0x9D40, 0x94E0, 0x84A0, 0x7C60, 0x7400, 0x63A1, 0x5B62,
    0x4AE2, 0x4282, 0x3222, 0x2A01, 0x2A01, 0x3220, 0x3260, 0x3A80,
    0x3AA0, 0x42C0, 0x42E0, 0x4AE0, 0x4AE0, 0x4AE0, 0x4B00, 0x5325,
    0x4B28, 0x532A, 0x534B, 0x532B, 0x4B0B, 0x4B0B, 0x4AEB, 0x42CA,
    0x3A68, 0x3205, 0x29C1, 0x29E2, 0x29E2, 0x2A02, 0x29E1, 0x29E0,
    0xCC07, 0xCC07, 0xCC08, 0xCC08, 0xD428, 0xD428, 0xD428, 0xD448,
    0xD448, 0xD448, 0xD448, 0xD449, 0xD449, 0xD449, 0xD449, 0xD449,
    0xD449, 0xD449, 0xCC48, 0xCC48, 0xCC48, 0xCC48, 0xD448, 0xD448,
    0xD448, 0xD448, 0xD448, 0xD448, 0xD448, 0xD448, 0xD448, 0xD469,
    0xD469, 0xD469, 0xD469, 0xD46A, 0xD46A, 0xD46A, 0xD46A, 0xD46A,
    0xD46A, 0xD48A, 0xD48A, 0xD48A, 0xD46A, 0xD449, 0xCC48, 0xCC28,
    0xCC28, 0xCC49, 0xCC49, 0xCC49, 0xCC49, 0xCC49, 0xCC49, 0xCC49,
    0xCC69, 0xCC69, 0xCC69, 0xCC6A, 0xCC69, 0xCC49, 0xC429, 0xC408,
    0xC3E8, 0xBBE8, 0xBBE8, 0xC408, 0xCC29, 0xD449, 0xFD4B, 0xFD6C,
    0xD303, 0xBAA2, 0xBAA2, 0xAA41, 0x91E1, 0x9A22, 0xAA41, 0xA1E1,
    0x91E1, 0xAAA3, 0xED0A, 0xF54B, 0xF54A, 0xF52A, 0xECC8, 0xF509,
    0xF52A, 0xF52A, 0xF52A, 0xED0A, 0xCB85, 0xAA20, 0xBA81, 0xB240,
    0xAA00, 0xB221, 0xBA61, 0xECA9, 0xF56C, 0xFD8C, 0xFDCE, 0xFD8B,
    0xFD8C, 0xFDCD, 0xFDED, 0xFE2F, 0xFDAD, 0xFDAC, 0xFD8C, 0xFDAD,
    0xFD8C, 0xFD8C, 0xE406, 0xBA40, 0xB201, 0xB221, 0xBA21, 0xB221,
    0x99A0, 0x7100, 0x8960, 0xB241, 0xB221, 0xA1E0, 0xA9E0, 0xA1E0,
    0x99C0, 0x91A0, 0xA1C0, 0xAA01, 0xA1E1, 0xA201, 0xB221, 0xC282,
    0xBA41, 0xCAC2, 0xCAA1, 0xEC46, 0xFDCD, 0xFDEF, 0xFE10, 0xFDEF,
    0xF5AE, 0xE448, 0xD385, 0xAAA3, 0x89A0, 0xAA61, 0xCB84, 0xE467,
    0xECC8, 0xECE9, 0xED0A, 0xED2B, 0xF54B, 0xED0A, 0xECC9, 0xED0A,
    0xED2A, 0xECEA, 0xECE9, 0xED0A, 0xE4EA, 0xE4C9, 0xE4C9, 0xE4A8,
    0xE4EA, 0xECEA, 0xF5CE, 0xF54D, 0xEC67, 0x9482, 0x6C00, 0x6C00,
    0x6C00, 0x6BE0, 0x63C0, 0x63C0, 0x63A0, 0x5BA0, 0x5BA0, 0x5BA0,
    0x63C0, 0x6C00, 0x7C60, 0x8CE0, 0x9D40, 0xADA0, 0xB5E0, 0xB600,
    0xB600, 0xB600, 0xADC0, 0xADA0, 0xA5A0, 0xA580, 0xA580, 0x9D60,
    0x9D60, 0x9520, 0x8CC0, 0x8480, 0x7420, 0x63C0, 0x5B40, 0x4AE0,
    0x42A0, 0x3240, 0x3220, 0x2A20, 0x2A20, 0x3240, 0x3A60, 0x3AA0,
    0x42C0, 0x42E0, 0x4B00, 0x4B00, 0x4B00, 0x4B00, 0x5320, 0x5324,
    0x5327, 0x5329, 0x532A, 0x4B2A, 0x4B0A, 0x4AEA, 0x4AEA, 0x42AA,
    0x3A68, 0x3205, 0x29E2, 0x2A03, 0x3204, 0x3204, 0x3224, 0x3223,
    0xC3A7, 0xC3A7, 0xC3A7, 0xC3A7, 0xC3C7, 0xC3E7, 0xC408, 0xCC08,
    0xCC08, 0xCC08, 0xCC08, 0xCC28, 0xCC08, 0xCC08, 0xCC08, 0xCC08,
    0xCC08, 0xC408, 0xC408, 0xC3E8, 0xCBE8, 0xCC08, 0xCC08, 0xCC08,
    0xCC28, 0xCC28, 0xCC28, 0xCC28, 0xCC28, 0xCC28, 0xCC28, 0xCC28,
    0xCC28, 0xCC28, 0xCC28, 0xCC08, 0xCC08, 0xCC28, 0xCC08, 0xCC28,
    0xCC28, 0xCC28, 0xCC28, 0xCC48, 0xCC28, 0xCC28, 0xCC48, 0xCC48,
    0xCC48, 0xCC49, 0xCC49, 0xCC49, 0xCC49, 0xCC49, 0xCC49, 0xCC69,
    0xCC69, 0xCC69, 0xCC69, 0xCC6A, 0xCC6A, 0xCC49, 0xC429, 0xC3E8,
    0xBBE8, 0xBBE8, 0xBBE8, 0xC408, 0xCC49, 0xCC49, 0xE489, 0xFDCD,
    0xEC47, 0xCB23, 0xCB03, 0xAA42, 0x91E1, 0xA241, 0xAA41, 0xA221,
    0x91C0, 0xB2C3, 0xED2B, 0xED2A, 0xF54B, 0xF529, 0xECC8, 0xF54A,
    0xF52A, 0xF509, 0xF52B, 0xE4EA, 0xBB03, 0xAA21, 0xBA61, 0xBA41,
    0xAA00, 0xB261, 0xBA40, 0xDC27, 0xF54B, 0xF50B, 0xF54C, 0xFD8D,
    0xFDAD, 0xFE0F, 0xFE30, 0xFDEE, 0xFDCD, 0xFDCD, 0xFDAC, 0xFDCE,
    0xFDCD, 0xE405, 0xC261, 0xB201, 0xAA01, 0xB201, 0xB200, 0xBA41,
    0xA1C0, 0x7100, 0x7120, 0xAA01, 0xCA81, 0xC261, 0xBA41, 0xA9E0,
    0xAA00, 0xAA01, 0xA1E0, 0xA201, 0xAA41, 0xB262, 0xBA62, 0xC281,
    0xB241, 0xB241, 0xBA61, 0xE3E5, 0xFDAD, 0xFDEE, 0xFE30, 0xFE10,
    0xF5AF, 0xC304, 0xB241, 0xAA41, 0xBB45, 0xDC48, 0xE4A9, 0xECEA,
    0xF52A, 0xF54A, 0xECE9, 0xF52B, 0xF56C, 0xECEA, 0xED0A, 0xED2A,
    0xED2A, 0xED4B, 0xECEA, 0xE4A9, 0xE4A8, 0xED0A, 0xE4C9, 0xE4EA,
    0xECEA, 0xF54B, 0xFDEF, 0xFD6D, 0x9443, 0x5BA0, 0x63C0, 0x63A0,
    0x63A0, 0x6380, 0x6380, 0x5B80, 0x5B80, 0x5B80, 0x5B60, 0x5B60,
    0x5B80, 0x63C0, 0x7420, 0x84A0, 0x9500, 0xA560, 0xADC0, 0xB5E0,
    0xB5E0, 0xB5E0, 0xADC0, 0xADC0, 0xA5A0, 0xA5A0, 0xA580, 0xA580,
    0x9D40, 0x9500, 0x84A0, 0x7C40, 0x6BE0, 0x5B60, 0x4B00, 0x42A0,
    0x3A40, 0x3220, 0x3240, 0x3240, 0x3240, 0x3240, 0x3A80, 0x42A0,
    0x42E0, 0x4B00, 0x4B20, 0x5320, 0x4B20, 0x4B20, 0x4B20, 0x5302,
    0x5326, 0x5327, 0x5328, 0x4B0A, 0x4AEA, 0x4AC9, 0x4AC9, 0x4289,
    0x3A68, 0x3225, 0x3224, 0x3246, 0x3247, 0x3247, 0x3267, 0x3247,
    0xB346, 0xB346, 0xB346, 0xB366, 0xB366, 0xB387, 0xBBA7, 0xBBA7,
    0xBBC7, 0xBBC7, 0xBBC7, 0xBBC7, 0xBBA7, 0xBBA7, 0xBBA7, 0xBBA7,
    0xBBA7, 0xBBA7, 0xBBA7, 0xBBA7, 0xBBA7, 0xBBA7, 0xBBA7, 0xBBA7,
    0xC3C7, 0xC3C7, 0xC3C7, 0xC3C7, 0xC3C7, 0xC3C7, 0xC3C7, 0xC3E7,
    0xC3E7, 0xC3E7, 0xC3E7, 0xC3E7, 0xC3E7, 0xC3E7, 0xC3E7, 0xC3E8,
    0xC3E8, 0xC3E8, 0xC408, 0xC408, 0xC408, 0xC408, 0xC408, 0xCC08,
    0xCC08, 0xCC28, 0xCC28, 0xCC28, 0xCC28, 0xCC29, 0xCC49, 0xCC49,
    0xCC49, 0xCC49, 0xCC49, 0xCC49, 0xCC4A, 0xC429, 0xC409, 0xBBE8,
    0xBBC8, 0xBBC8, 0xBBE8, 0xC408, 0xCC29, 0xCC49, 0xCC29, 0xF50A,
    0xFD4B, 0xE3A5, 0xC2E3, 0xB2A3, 0x91E1, 0xA221, 0x9A01, 0x99E1,
    0x9A00, 0xC365, 0xED0A, 0xED09, 0xF54B, 0xF52A, 0xF52A, 0xF56B,
    0xF54A, 0xECE9, 0xECEA, 0xDC68, 0xB261, 0xB241, 0xBA61, 0xBA61,
    0xB220, 0xAA21, 0xBAA2, 0xD407, 0xBB24, 0xCB24, 0xCB64, 0xF50B,
    0xFE0F, 0xFE0F, 0xFDEE, 0xFDCE, 0xFDEE, 0xFDEE, 0xFDEE, 0xFDEE,
    0xF4EA, 0xBA61, 0xA9E1, 0xBA41, 0xC262, 0xB221, 0xA1C0, 0x99A0,
    0xA1E0, 0xA9E0, 0xBA41, 0xA1C1, 0xB220, 0xBA21, 0xB201, 0xC241,
    0xC261, 0xB221, 0xA1C0, 0xA1E1, 0xBA82, 0xCAC2, 0xC2A2, 0xAA01,
    0xB241, 0xAA00, 0xB220, 0xD323, 0xFDAD, 0xFE30, 0xFE30, 0xFDCF,
    0xDC28, 0xC2C3, 0xB200, 0xBA61, 0xCBA6, 0xDC68, 0xE4A9, 0xECA8,
    0xED0A, 0xED2A, 0xED2A, 0xF56C, 0xED4C, 0xED2B, 0xF54B, 0xED2A,
    0xED2B, 0xECEA, 0xE4C9, 0xE4EA, 0xE4C9, 0xED2B, 0xED0A, 0xE4EA,
    0xED0A, 0xF5CE, 0xFE72, 0xBD09, 0x4B20, 0x5340, 0x5320, 0x5340,
    0x5340, 0x5B40, 0x5B40, 0x5B60, 0x5B40, 0x5340, 0x5340, 0x5320,
    0x5341, 0x5B81, 0x6BE0, 0x7C40, 0x8CC0, 0x9520, 0xA560, 0xADA0,
    0xADC0, 0xADC0, 0xADC0, 0xADA0, 0xA5A0, 0xA5A0, 0xA5A0, 0xA580,
    0x9D40, 0x8CE0, 0x8480, 0x7420, 0x63A0, 0x5320, 0x4AC0, 0x3A60,
    0x3220, 0x3220, 0x3240, 0x3240, 0x3260, 0x3260, 0x3A80, 0x42C0,
    0x4AE0, 0x4B00, 0x4B20, 0x5340, 0x4B20, 0x4B20, 0x4B00, 0x4AE1,
    0x4B04, 0x5326, 0x4B07, 0x4AE8, 0x42C8, 0x42A8, 0x42A8, 0x4288,
    0x3A68, 0x3A67, 0x3A68, 0x3A89, 0x3AAA, 0x42CA, 0x42CA, 0x3AAA,
    0x9AE5, 0x9AE5, 0x9AE5, 0xA305, 0xA306, 0xA326, 0xA326, 0xAB46,
    0xAB46, 0xAB46, 0xAB46, 0xAB46, 0xAB46, 0xAB46, 0xAB46, 0xAB46,
    0xAB46, 0xAB46, 0xAB26, 0xAB26, 0xAB26, 0xAB26, 0xAB25, 0xAB45,
    0xAB45, 0xB346, 0xB346, 0xB366, 0xB366, 0xB366, 0xB366, 0xBB66,
    0xBB86, 0xBBA6, 0xBBA7, 0xBB87, 0xBB87, 0xBBA7, 0xBBA7, 0xBBA7,
    0xBBA7, 0xBBA7, 0xBBA7, 0xBBA7, 0xBBA7, 0xBBC7, 0xBBC7, 0xBBC7,
    0xC3C7, 0xC3E7, 0xC3E7, 0xC3E7, 0xC3E8, 0xC408, 0xC409, 0xC429,
    0xC429, 0xC449, 0xC449, 0xC449, 0xC449, 0xC429, 0xBBE9, 0xBBE8,
    0xBBC8, 0xBBC8, 0xBBE8, 0xC408, 0xC428, 0xCC49, 0xC429, 0xDC48,
    0xFDAC, 0xF488, 0xBA62, 0xB283, 0xAA42, 0x9A01, 0xA221, 0x91C0,
    0xA201, 0xE467, 0xF52A, 0xF52A, 0xED09, 0xF56B, 0xF58D, 0xF56B,
    0xF52A, 0xECE9, 0xECC9, 0xD3C6, 0xBA61, 0xB241, 0xBA40, 0xC260,
    0xA1E0, 0x99C0, 0xAA21, 0xAA21, 0x99C0, 0xB241, 0xB200, 0xDBC6,
    0xF58D, 0xFDEE, 0xFDEE, 0xFDCD, 0xFDCD, 0xFDCD, 0xFDEE, 0xFDCD,
    0xDBA4, 0xA1E1, 0xA9E1, 0xCAC2, 0xD2C2, 0xB1E0, 0x99A0, 0x9180,
    0xB241, 0xCAA2, 0xD2C2, 0xBA41, 0xB221, 0xC261, 0xCAA1, 0xCA81,
    0xDAE2, 0xCAA2, 0xB241, 0xA1E1, 0xC282, 0xCAC2, 0xCAA2, 0xBA61,
    0xAA00, 0xB241, 0xBA61, 0xBA40, 0xEC88, 0xFE50, 0xFE0F, 0xFDEF,
    0xBAA3, 0xB201, 0xB241, 0xC281, 0xC323, 0xD448, 0xE488, 0xECC9,
    0xECC9, 0xED2B, 0xF56C, 0xF56C, 0xF56C, 0xF54B, 0xF56C, 0xE4CA,
    0xE4CA, 0xE4CA, 0xED4C, 0xE4CA, 0xE4EA, 0xE4CA, 0xECC9, 0xED0A,
    0xF56D, 0xFE93, 0xD5F0, 0x5321, 0x4AE0, 0x4AE0, 0x4AC0, 0x4AE0,
    0x4AE0, 0x52E0, 0x5300, 0x5300, 0x5320, 0x5320, 0x5300, 0x5301,
    0x5301, 0x5341, 0x63A0, 0x6C00, 0x7C60, 0x8CC0, 0x9520, 0x9D40,
    0xA580, 0xA5A0, 0xADC0, 0xADC0, 0xADA0, 0xA5A0, 0xA580, 0x9D60,
    0x9520, 0x8CC0, 0x7C40, 0x6BE0, 0x5B60, 0x5300, 0x4280, 0x3220,
    0x3200, 0x3220, 0x3240, 0x3260, 0x3260, 0x3280, 0x3AA0, 0x42C0,
    0x4B00, 0x4B20, 0x4B20, 0x4B40, 0x4B20, 0x4B00, 0x4AE0, 0x4AC0,
    0x4AE2, 0x4AE5, 0x4AE6, 0x42C6, 0x42A6, 0x4286, 0x4286, 0x4267,
    0x3A67, 0x3A88, 0x42A9, 0x42CB, 0x4AEC, 0x4B0D, 0x4B0E, 0x430D,
    0x8A84, 0x8A84, 0x8AA4, 0x92A5, 0x92C5, 0x92C5, 0x92C5, 0x9AE5,
    0x9AE5, 0x9AE6, 0x9AE6, 0x9AE5, 0x92E5, 0x92E5, 0x92E5, 0x92E5,
    0x92E5, 0x92C5, 0x9AC4, 0x9AC4, 0x92C4, 0x92C4, 0x9AC4, 0x9AC4,
    0x9AC4, 0x9AE4, 0xA2E4, 0xA304, 0xA304, 0xAB05, 0xAB05, 0xAB25,
    0xAB25, 0xAB45, 0xAB45, 0xAB46, 0xAB46, 0xAB66, 0xAB66, 0xB346,
    0xB366, 0xB366, 0xB366, 0xB366, 0xB366, 0xB366, 0xB387, 0xB387,
    0xB3A7, 0xBBA7, 0xBBA7, 0xBBA7, 0xBBC8, 0xBBC8, 0xBBE8, 0xBC09,
    0xC409, 0xC429, 0xC42A, 0xC44A, 0xC42A, 0xBC09, 0xBBE9, 0xB3C8,
    0xB3C8, 0xBBC8, 0xBBC8, 0xBBE8, 0xC428, 0xCC29, 0xCC49, 0xCC29,
    0xF50B, 0xFE2F, 0xDB85, 0xBAC2, 0xBAA2, 0x9A01, 0x9A21, 0x99E0,
    0xAA61, 0xECE9, 0xF54B, 0xED0A, 0xF50A, 0xF56C, 0xF58C, 0xF56B,
    0xED0A, 0xECC9, 0xE467, 0xC323, 0xB241, 0xAA21, 0xB220, 0xB220,
    0xAA00, 0xAA21, 0xAA00, 0x99A0, 0xAA01, 0xA1E0, 0xB220, 0xCAC2,
    0xE406, 0xFDCE, 0xFDEE, 0xFDEE, 0xFDCD, 0xFDAD, 0xFE0F, 0xFD8C,
    0xCB03, 0xA201, 0xB221, 0xC281, 0xBA21, 0xA9E0, 0x9181, 0x91C1,
    0xB221, 0xD2E2, 0xCAC3, 0xBA61, 0xBA61, 0xC281, 0xDB23, 0xCAC2,
    0xCAC2, 0xCAA2, 0xC282, 0xB221, 0xBA41, 0xC282, 0xCAC2, 0xC2A2,
    0xBA61, 0xA1E0, 0xBA62, 0xC281, 0xEC26, 0xFE30, 0xFE0F, 0xF58D,
    0xB2A3, 0xA1E0, 0xBA81, 0xC281, 0xBAA2, 0xC386, 0xDC68, 0xECEA,
    0xECEA, 0xED4B, 0xED4B, 0xED4B, 0xF54C, 0xED4C, 0xE52C, 0xC3A7,
    0xCBE7, 0xD428, 0xD46A, 0xC3A7, 0xCC07, 0xD3E7, 0xECC9, 0xF54C,
    0xFE10, 0xEE73, 0x6342, 0x42A0, 0x4AC0, 0x42A0, 0x42A0, 0x42A0,
    0x42A0, 0x42C0, 0x4AC0, 0x4AE0, 0x4AE0, 0x4AE1, 0x4AE1, 0x4AE1,
    0x4B01, 0x5301, 0x5B60, 0x63C0, 0x7420, 0x7C80, 0x84C0, 0x8D00,
    0x9520, 0x9D60, 0xA5A0, 0xA5A0, 0xA5A0, 0xA580, 0x9D60, 0x9D40,
    0x94E0, 0x8480, 0x7420, 0x63A0, 0x5B40, 0x4AC0, 0x3A40, 0x3200,
    0x3200, 0x2A00, 0x3220, 0x3240, 0x3280, 0x3AA0, 0x3AC0, 0x42E0,
    0x4300, 0x4B00, 0x4B20, 0x4B20, 0x4B20, 0x4AE0, 0x42C0, 0x42C0,
    0x42A0, 0x42C2, 0x42A4, 0x4284, 0x4285, 0x4265, 0x3A44, 0x4266,
    0x4287, 0x42A9, 0x4AEB, 0x4B0D, 0x4B0E, 0x4B2F, 0x4B4F, 0x4B4E,
    0x7A64, 0x8264, 0x8264, 0x8284, 0x8A84, 0x8A85, 0x8A85, 0x8A84,
    0x8AA5, 0x8AA5, 0x8A85, 0x8A85, 0x8285, 0x8285, 0x8285, 0x8265,
    0x8264, 0x8264, 0x8264, 0x8243, 0x8243, 0x8A43, 0x8A63, 0x8A63,
    0x8A63, 0x8A63, 0x9283, 0x9283, 0x9AA3, 0x9AA4, 0x9AC4, 0xA2C4,
    0xA2E4, 0xA2E4, 0xA2E4, 0xA2E4, 0xA305, 0xA305, 0xA305, 0xA305,
    0xA305, 0xA325, 0xAB25, 0xAB25, 0xAB25, 0xAB46, 0xAB46, 0xAB66,
    0xB367, 0xB387, 0xB387, 0xB3A7, 0xB3A8, 0xB3C8, 0xBBC8, 0xBBE9,
    0xBC09, 0xBC2A, 0xC42A, 0xC42A, 0xBC2A, 0xBC0A, 0xB3E9, 0xB3C8,
    0xB3C8, 0xB3C8, 0xBBC8, 0xBBE8, 0xC428, 0xCC29, 0xCC29, 0xC44A,
    0xD46A, 0xFE30, 0xFDAD, 0xD344, 0xC2E2, 0xA221, 0xAA62, 0xC302,
    0xCB84, 0xECEA, 0xF54B, 0xF54B, 0xF52B, 0xF52B, 0xF54B, 0xED0A,
    0xE4C9, 0xED0A, 0xD3C6, 0xBA81, 0xC281, 0xB221, 0xA200, 0x9180,
    0xAA00, 0xA1E0, 0xAA00, 0x99A0, 0xAA00, 0xBA41, 0xCA60, 0xC240,
    0xC2E2, 0xF50A, 0xFDEE, 0xFDCE, 0xFDEE, 0xFDCD, 0xFDCD, 0xFD2B,
    0xD323, 0xB241, 0xB221, 0xAA01, 0xA9E0, 0xA201, 0xA1E1, 0xA201,
    0xAA21, 0xCAC2, 0xC2A2, 0xBA81, 0xBA41, 0xBA61, 0xDB44, 0xCAE3,
    0xCAC3, 0xC2A2, 0xD2C2, 0xCA81, 0xB221, 0xAA01, 0xBA41, 0xBA82,
    0xD2E3, 0xBA41, 0xBA61, 0xC281, 0xDBA5, 0xFDEF, 0xFDEF, 0xF54C,
    0xC2C3, 0xAA21, 0xBA61, 0xB241, 0xAA00, 0xC344, 0xDC48, 0xE4A9,
    0xED0A, 0xED0A, 0xED4B, 0xF56C, 0xE50C, 0xBBA7, 0xC366, 0xA243,
    0xAAA3, 0xAAA4, 0xA283, 0xA242, 0xB2A3, 0xC303, 0xF52B, 0xF56C,
    0xFEB4, 0xA4AA, 0x42C0, 0x4AE0, 0x42C0, 0x42A0, 0x42A0, 0x4280,
    0x4280, 0x4280, 0x4280, 0x4280, 0x4280, 0x4280, 0x42A0, 0x4AC1,
    0x4AE1, 0x4AE0, 0x4B00, 0x5B60, 0x63C0, 0x7420, 0x7C60, 0x84A0,
    0x8CE0, 0x9520, 0x9D60, 0x9D60, 0x9D60, 0x9D60, 0x9D20, 0x9500,
    0x84C0, 0x7C60, 0x6BE0, 0x5B80, 0x5300, 0x4280, 0x3220, 0x3200,
    0x3220, 0x3200, 0x2A00, 0x3240, 0x3280, 0x3AA0, 0x3AC0, 0x42E0,
    0x42E0, 0x4300, 0x4B00, 0x4B00, 0x4AE0, 0x42C0, 0x42A0, 0x3AA0,
    0x3A80, 0x3A60, 0x3A60, 0x3A61, 0x3A62, 0x3A43, 0x3A43, 0x3A65,
    0x4287, 0x4ACA, 0x4B0C, 0x4B0D, 0x4B2E, 0x534F, 0x534F, 0x534F,
    0x8264, 0x8264, 0x8264, 0x8264, 0x8264, 0x8264, 0x8264, 0x8264,
    0x8264, 0x8264, 0x7A64, 0x7A44, 0x7A44, 0x7A44, 0x7A44, 0x7A24,
    0x7A24, 0x7A23, 0x7A03, 0x7A02, 0x7A02, 0x7A02, 0x7A02, 0x8202,
    0x8202, 0x8222, 0x8222, 0x8A42, 0x9262, 0x9263, 0x9283, 0x9AA3,
    0x9AA3, 0x9AA3, 0x9AA3, 0x9AA4, 0x9AC4, 0x9AC4, 0x9AC4, 0x9AC4,
    0xA2E4, 0xA2E5, 0xA305, 0xA305, 0xA305, 0xA305, 0xA326, 0xAB46,
    0xAB46, 0xAB67, 0xAB87, 0xAB88, 0xB3A8, 0xB3C8, 0xB3C9, 0xBBE9,
    0xBC0A, 0xBC2A, 0xBC2A, 0xBC2A, 0xBC2A, 0xBC0A, 0xB3E9, 0xB3C9,
    0xB3C8, 0xB3C8, 0xB3C8, 0xBBE8, 0xC428, 0xCC49, 0xCC29, 0xCC4A,
    0xC44B, 0xECEB, 0xFE2F, 0xF54C, 0xE447, 0xC302, 0xD3E6, 0xECC9,
    0xE4C9, 0xED0A, 0xED2A, 0xF54B, 0xF54B, 0xF50A, 0xF52A, 0xE4A8,
    0xDC68, 0xE4C9, 0xC364, 0xC2C2, 0xC2A1, 0xB241, 0xA1E0, 0xA1E0,
    0xBA61, 0xA1E0, 0xA1E0, 0xAA01, 0xBA61, 0xBA41, 0xB200, 0xB200,
    0xBA82, 0xE448, 0xFE10, 0xFE30, 0xFE30, 0xFDCD, 0xFD6B, 0xF4E9,
    0xDB02, 0xCAC2, 0xA9E1, 0xA1E1, 0xAA01, 0xB221, 0xB221, 0xB241,
    0xBA41, 0xAA21, 0xBA62, 0xBA61, 0xBA41, 0xC282, 0xBA82, 0xA1E1,
    0xAA01, 0xAA01, 0xCAA2, 0xE343, 0xCAE3, 0xC261, 0xBA41, 0xB221,
    0xC2A2, 0xCAC2, 0xBA41, 0xD2C2, 0xE3E6, 0xFE0F, 0xFDEF, 0xF52B,
    0xDBC6, 0xBA82, 0xB221, 0xB221, 0xB220, 0xBA82, 0xCBC6, 0xE4A9,
    0xE4CA, 0xE4C9, 0xED0A, 0xED4C, 0xBB87, 0x9A21, 0xA221, 0xAA41,
    0xAA42, 0xA201, 0x91C1, 0xB2A2, 0xAA42, 0xD364, 0xF52B, 0xFE31,
    0xCD90, 0x5303, 0x4B02, 0x4AC0, 0x42C0, 0x42A0, 0x42A0, 0x4280,
    0x3A60, 0x3A60, 0x3A60, 0x3A60, 0x3A60, 0x3A60, 0x3A80, 0x42A0,
    0x42A0, 0x42C0, 0x42C0, 0x4B00, 0x5B80, 0x63E0, 0x7420, 0x7C60,
    0x84A0, 0x8CE0, 0x8D00, 0x9520, 0x9520, 0x9500, 0x8CE0, 0x84C0,
    0x7C80, 0x7420, 0x63C0, 0x5B40, 0x4AE0, 0x3A60, 0x3220, 0x3220,
    0x3240, 0x3240, 0x3240, 0x3240, 0x3280, 0x3AA0, 0x3AA0, 0x42C0,
    0x42C0, 0x42E0, 0x42E0, 0x42E0, 0x42C0, 0x42A0, 0x3A80, 0x3A80,
    0x3A60, 0x3240, 0x3220, 0x3220, 0x3A20, 0x3A20, 0x3A21, 0x4265,
    0x4288, 0x4AEB, 0x4B0D, 0x4B2E, 0x532E, 0x534E, 0x534F, 0x534F,
    0x8264, 0x8264, 0x8264, 0x8284, 0x8264, 0x8264, 0x8264, 0x8264,
    0x8264, 0x8264, 0x8264, 0x7A64, 0x7A64, 0x7A44, 0x7A44, 0x7A24,
    0x7A24, 0x7A23, 0x7A03, 0x7A02, 0x7A02, 0x7A02, 0x7A02, 0x8202,
    0x8202, 0x8202, 0x8222, 0x8A42, 0x8A63, 0x9283, 0x9283, 0x9AA3,
    0x9AA3, 0x9AA3, 0x9AA3, 0x9AC4, 0x9AC4, 0x9AE4, 0x9AE4, 0xA2E4,
    0xA2E5, 0xA305, 0xA305, 0xA305, 0xA326, 0xA326, 0xAB46, 0xAB46,
    0xAB67, 0xAB87, 0xAB88, 0xABA8, 0xB3A8, 0xB3C9, 0xBBE9, 0xBC0A,
    0xBC2A, 0xBC2A, 0xBC2A, 0xC44B, 0xBC4B, 0xBC0A, 0xBBE9, 0xB3E9,
    0xB3C8, 0xB3C8, 0xBBC8, 0xBBE8, 0xC428, 0xCC49, 0xCC49, 0xCC4A,
    0xC46B, 0xD4CD, 0xFE50, 0xFE10, 0xF58C, 0xECE9, 0xECE9, 0xED0A,
    0xED0A, 0xE4E9, 0xED2B, 0xED4B, 0xED4B, 0xF54B, 0xED2B, 0xED0A,
    0xECEA, 0xDC69, 0xC303, 0xBA81, 0xBA61, 0xBA61, 0xBA61, 0xC2A1,
    0xBA61, 0xB221, 0xB241, 0xC282, 0xCA81, 0xB221, 0xA1E0, 0xB282,
    0xBAA2, 0xDC07, 0xFE50, 0xFDEF, 0xFE0F, 0xFD8C, 0xFDAD, 0xFD4B,
    0xE343, 0xD2E2, 0xBA21, 0xA9E1, 0x99C1, 0xA1E1, 0xB201, 0xBA41,
    0xBA41, 0x99C1, 0xA201, 0xBA61, 0xD2E2, 0xBAA2, 0xB242, 0xA1C0,
    0xBA21, 0xA9E0, 0xBA41, 0xEBA4, 0xE363, 0xC2C2, 0xBA82, 0xB241,
    0xB221, 0xCAE3, 0xD2A2, 0xDB02, 0xF4C9, 0xFDEF, 0xFE30, 0xDC89,
    0xC2E4, 0xC304, 0xAA42, 0xA9E1, 0xBA61, 0xBA81, 0xCB85, 0xD407,
    0xDC89, 0xE4CA, 0xE50B, 0xCBE8, 0x89E1, 0x9A01, 0xA201, 0xB262,
    0xAA41, 0x91C0, 0xA221, 0xC2E3, 0xC2C2, 0xE3C5, 0xFDAE, 0xF653,
    0x6B87, 0x4AE3, 0x4AE2, 0x42C0, 0x42A0, 0x42A0, 0x42A0, 0x3A80,
    0x3A60, 0x3A60, 0x3A60, 0x3A60, 0x3A60, 0x3A60, 0x3A80, 0x3A80,
    0x4280, 0x42A0, 0x42A0, 0x4AE0, 0x5340, 0x5B80, 0x63C0, 0x6C20,
    0x7460, 0x7C80, 0x84A0, 0x84C0, 0x84A0, 0x84A0, 0x84A0, 0x7C80,
    0x7440, 0x6C00, 0x5BA0, 0x5320, 0x42C0, 0x3A60, 0x3240, 0x3240,
    0x3260, 0x3260, 0x3260, 0x3260, 0x3A80, 0x3A80, 0x3AA0, 0x3AC0,
    0x3AC0, 0x42C0, 0x42C0, 0x42C0, 0x3AA0, 0x3A80, 0x3A80, 0x3240,
    0x3220, 0x3200, 0x3200, 0x3200, 0x3200, 0x3200, 0x3A21, 0x4245,
    0x42A8, 0x4AEB, 0x4B0C, 0x530D, 0x532E, 0x534E, 0x534F, 0x534F,
    0x8285, 0x8285, 0x8285, 0x8285, 0x8285, 0x8285, 0x8285, 0x8265,
    0x8265, 0x8265, 0x8265, 0x8265, 0x7A65, 0x7A45, 0x7A45, 0x7A44,
    0x7A24, 0x7A23, 0x7A03, 0x7A03, 0x7A02, 0x8202, 0x8202, 0x8202,
    0x8202, 0x8222, 0x8A42, 0x8A63, 0x9283, 0x9283, 0x9AA3, 0x9AA4,
    0x9AC4, 0x9AC4, 0x9AC4, 0x9AE4, 0xA2E5, 0xA305, 0xA305, 0xA305,
    0xA305, 0xA326, 0xAB26, 0xAB26, 0xAB46, 0xAB67, 0xAB67, 0xAB87,
    0xAB88, 0xB3A8, 0xB3A8, 0xB3C9, 0xB3E9, 0xBBE9, 0xBC0A, 0xBC2A,
    0xBC2A, 0xBC4B, 0xBC4B, 0xC44B, 0xBC4B, 0xBC2A, 0xBC0A, 0xB3E9,
    0xB3C8, 0xB3C8, 0xBBC8, 0xBBE8, 0xC429, 0xCC49, 0xCC29, 0xCC4A,
    0xCC6B, 0xC48D, 0xEDF2, 0xFE92, 0xF58D, 0xF5AD, 0xF56B, 0xED0A,
    0xED2B, 0xED0A, 0xED0A, 0xED0B, 0xED4C, 0xED4B, 0xED4C, 0xECE9,
    0xE4A9, 0xD407, 0xC282, 0xB261, 0xB241, 0xCAA2, 0xCAC2, 0xAA41,
    0xA1E1, 0xB241, 0xC282, 0xC281, 0xC261, 0xBA61, 0xA201, 0xB262,
    0xBA61, 0xE4AA, 0xFE30, 0xFDCE, 0xFDCE, 0xFD6B, 0xFDEF, 0xFD8C,
    0xEBE5, 0xD2E3, 0xCAA2, 0xB201, 0x99C1, 0xAA01, 0xC261, 0xCAA1,
    0xBA41, 0xAA01, 0xBA62, 0xCAA2, 0xD303, 0xC2C3, 0xBAA3, 0xBA62,
    0xE303, 0xDB03, 0xCAE3, 0xDB23, 0xDB23, 0xC2A2, 0xCAC3, 0xC2A2,
    0xC2A2, 0xD303, 0xD303, 0xDB23, 0xFD6C, 0xFE31, 0xFE30, 0xED2C,
    0xBA82, 0xBAA3, 0xB242, 0xB221, 0xBA61, 0xD302, 0xBAE3, 0xCBA6,
    0xDC68, 0xDCA9, 0xDCAA, 0xBB45, 0x9A01, 0x9A01, 0xA201, 0xB282,
    0xA222, 0x9A01, 0xAA42, 0xB283, 0xCAC3, 0xF488, 0xFE93, 0xA4CD,
    0x42A3, 0x52E4, 0x4AC2, 0x42A0, 0x42A0, 0x42A0, 0x42A0, 0x4280,
    0x3A60, 0x3A60, 0x3A60, 0x3A60, 0x3A60, 0x3A80, 0x42A0, 0x42A0,
    0x42A0, 0x42A0, 0x42A0, 0x42C0, 0x4B00, 0x5340, 0x6380, 0x63C0,
    0x6BE0, 0x6C00, 0x7420, 0x7420, 0x7440, 0x7440, 0x7440, 0x7420,
    0x6BE0, 0x63C0, 0x5B80, 0x4B20, 0x42C0, 0x3A80, 0x3A80, 0x3A80,
    0x3A80, 0x3A80, 0x3A80, 0x3A80, 0x3A80, 0x3AA0, 0x3AA0, 0x3AA0,
    0x3AA0, 0x3AA0, 0x3A80, 0x3A80, 0x3A80, 0x3260, 0x3240, 0x3220,
    0x2A00, 0x29E0, 0x29E0, 0x31E0, 0x31E0, 0x31E0, 0x3A00, 0x4245,
    0x4287, 0x4ACA, 0x4AEB, 0x530D, 0x532E, 0x534F, 0x534F, 0x536F,
    0x8286, 0x8285, 0x8A85, 0x8A85, 0x8A85, 0x8285, 0x8285, 0x8285,
    0x8285, 0x8285, 0x8285, 0x8265, 0x8265, 0x8265, 0x7A65, 0x7A45,
    0x7A44, 0x7A24, 0x7A23, 0x7A23, 0x7A03, 0x8202, 0x8222, 0x8222,
    0x8222, 0x8A43, 0x8A63, 0x9283, 0x92A4, 0x9AA4, 0x9AC4, 0x9AC4,
    0xA2E4, 0xA2E5, 0xA2E5, 0xA305, 0xA325, 0xAB26, 0xAB26, 0xAB46,
    0xAB46, 0xAB46, 0xAB66, 0xAB67, 0xAB67, 0xAB87, 0xB388, 0xB3A8,
    0xB3A8, 0xB3C9, 0xB3E9, 0xB3E9, 0xBC0A, 0xBC0A, 0xBC2B, 0xBC4B,
    0xBC4B, 0xBC4B, 0xC44B, 0xC46B, 0xC44B, 0xBC2B, 0xBC0A, 0xB3E9,
    0xB3C9, 0xB3C8, 0xBBC8, 0xBBE8, 0xC429, 0xCC49, 0xCC49, 0xCC4A,
    0xCC8B, 0xC4AD, 0xCD10, 0xFEB4, 0xFE0F, 0xF5AD, 0xF58C, 0xED0A,
    0xED0A, 0xED0A, 0xE4A9, 0xC386, 0xCC08, 0xE50B, 0xED4C, 0xED2A,
    0xE4EA, 0xD3E6, 0xC281, 0xAA21, 0xB261, 0xB241, 0xA1E0, 0xAA21,
    0xB241, 0xB241, 0xBA81, 0xBA61, 0xBA41, 0xB262, 0xB262, 0xC2A2,
    0xC282, 0xEC89, 0xFDEE, 0xFDEE, 0xFD8C, 0xFDAD, 0xFDEE, 0xFDCD,
    0xF4A9, 0xDB43, 0xC2A2, 0xB241, 0xB262, 0xBA62, 0xC282, 0xBA62,
    0xBA61, 0xBA61, 0xC282, 0xCAA2, 0xCAC2, 0xC2C3, 0xC2C3, 0xBA62,
    0xE343, 0xE343, 0xDB44, 0xD344, 0xCAE3, 0xC281, 0xDB03, 0xD2E2,
    0xCAC2, 0xCAC2, 0xCAC2, 0xDB43, 0xFD8D, 0xFE72, 0xFE51, 0xFDAE,
    0xCB24, 0xBA82, 0xAA21, 0xB242, 0xC2A2, 0xC2A2, 0xC303, 0xDCA9,
    0xE4CA, 0xE4C9, 0xD428, 0xB2E4, 0xAA62, 0xAA62, 0xA242, 0xA221,
    0xA222, 0xA221, 0xAA62, 0xC304, 0xDB23, 0xFD8D, 0xCDD1, 0x52E5,
    0x52E4, 0x4AE3, 0x4AC2, 0x42A0, 0x42A0, 0x4280, 0x3A80, 0x4280,
    0x3A80, 0x3A80, 0x3A80, 0x3A80, 0x4280, 0x42A0, 0x42A0, 0x42C0,
    0x42C0, 0x42A0, 0x42C0, 0x42C0, 0x4AE0, 0x5320, 0x5B40, 0x5B80,
    0x6380, 0x63A0, 0x63A0, 0x63C0, 0x63C0, 0x63C0, 0x63C0, 0x63A0,
    0x5B80, 0x5B80, 0x5340, 0x4B00, 0x42C0, 0x42C0, 0x42C0, 0x42C0,
    0x42A0, 0x42A0, 0x3AA0, 0x42A0, 0x3AA0, 0x3AA0, 0x3AA0, 0x3AA0,
    0x3A80, 0x3A80, 0x3A60, 0x3260, 0x3240, 0x3240, 0x3220, 0x3200,
    0x29C0, 0x29C0, 0x29C0, 0x29C0, 0x31C0, 0x31E0, 0x3A00, 0x3A24,
    0x4266, 0x4AA8, 0x4ACA, 0x4AEC, 0x532E, 0x534F, 0x534F, 0x534F,
    0x82A6, 0x8AA6, 0x8AA5, 0x8AA6, 0x82A6, 0x82A6, 0x82A6, 0x82A6,
    0x82A6, 0x8286, 0x8286, 0x8285, 0x8285, 0x8285, 0x8265, 0x7A65,
    0x7A44, 0x7A44, 0x7A23, 0x7A23, 0x8223, 0x8223, 0x8223, 0x8223,
    0x8A43, 0x9263, 0x9284, 0x92A4, 0x9AC4, 0x9AE4, 0xA2E5, 0xA305,
    0xA305, 0xA325, 0xAB25, 0xAB26, 0xAB46, 0xAB46, 0xAB66, 0xB366,
    0xB387, 0xB387, 0xB387, 0xB387, 0xB3A8, 0xB3A8, 0xB3C8, 0xB3C9,
    0xB3E9, 0xBBE9, 0xBC0A, 0xBC0A, 0xBC0A, 0xBC2B, 0xBC4B, 0xBC4B,
    0xC46B, 0xC46C, 0xC46C, 0xC46C, 0xC46C, 0xBC4B, 0xBC0A, 0xB3EA,
    0xB3C9, 0xB3C8, 0xBBC8, 0xBBE8, 0xC429, 0xCC49, 0xCC49, 0xCC4A,
    0xCC6B, 0xC4AD, 0xBCAF, 0xE5F4, 0xFEB3, 0xFDEF, 0xF5AD, 0xF56B,
    0xF56C, 0xED0B, 0xBB04, 0x89C1, 0x9202, 0xCBE8, 0xE4EA, 0xE50A,
    0xE468, 0xCB03, 0xBA61, 0xBA81, 0xB241, 0xA201, 0xBA61, 0xC282,
    0xAA41, 0xB241, 0xB241, 0xB221, 0xB241, 0xB262, 0xC2C2, 0xD2C2,
    0xCAE2, 0xEC47, 0xF56C, 0xFDEE, 0xFDAD, 0xFDEE, 0xFE0F, 0xFDEE,
    0xF4E9, 0xE3A4, 0xCAE2, 0xBA62, 0xCAC3, 0xBA82, 0xB262, 0xBA62,
    0xCAA2, 0xD2A1, 0xCAA2, 0xC282, 0xAA22, 0xAA42, 0xDB23, 0xBA41,
    0xDB43, 0xE364, 0xE364, 0xD324, 0xD323, 0xD2E2, 0xDB02, 0xE343,
    0xCAA2, 0xCAC2, 0xD2C2, 0xEC06, 0xFDEE, 0xFE51, 0xFE72, 0xFDF0,
    0xD386, 0xC2C2, 0xCB04, 0xBA82, 0xC2A2, 0xC2A2, 0xBA82, 0xD427,
    0xE4EA, 0xE4EA, 0xB304, 0x91C1, 0xAA62, 0xAA42, 0x99E1, 0x99E1,
    0xA221, 0xCB03, 0xCB24, 0xC2E3, 0xEC06, 0xF630, 0x6B68, 0x4AC5,
    0x52E5, 0x4AE4, 0x4AC3, 0x4AC1, 0x42A0, 0x4280, 0x4280, 0x4280,
    0x4280, 0x4280, 0x4280, 0x42A0, 0x42C0, 0x42C0, 0x42C0, 0x42C0,
    0x42C0, 0x42C0, 0x42A0, 0x42C0, 0x42C0, 0x4AE0, 0x5320, 0x5340,
    0x5B40, 0x5B40, 0x5B40, 0x5B40, 0x5B40, 0x5B40, 0x5340, 0x5340,
    0x5340, 0x5340, 0x4B00, 0x4B00, 0x4AE0, 0x42E0, 0x42E0, 0x42E1,
    0x42E1, 0x42E1, 0x42C0, 0x42C0, 0x42C0, 0x42C0, 0x3AA0, 0x3A80,
    0x3A60, 0x3260, 0x3240, 0x3240, 0x3220, 0x3220, 0x2A00, 0x29C0,
    0x21A0, 0x2180, 0x2180, 0x2980, 0x29A0, 0x29A0, 0x31E0, 0x3A23,
    0x4245, 0x4287, 0x4ACA, 0x52EC, 0x530D, 0x532E, 0x532E, 0x532E,
    0x8AA6, 0x8AA6, 0x8AA6, 0x8AA6, 0x8AA6, 0x8AA6, 0x8AA6, 0x8AA6,
    0x82A6, 0x82A6, 0x82A6, 0x82A6, 0x82A6, 0x8286, 0x8286, 0x8265,
    0x8265, 0x8264, 0x8244, 0x8244, 0x8243, 0x8243, 0x8A43, 0x8A43,
    0x8A63, 0x9284, 0x92A4, 0x9AC5, 0x9AE5, 0xA305, 0xA305, 0xAB26,
    0xAB46, 0xAB46, 0xAB46, 0xAB66, 0xB367, 0xB387, 0xB387, 0xB3A7,
    0xB3A7, 0xB3A8, 0xB3C8, 0xB3C8, 0xB3C8, 0xB3E9, 0xBBE9, 0xBBE9,
    0xBC0A, 0xBC0A, 0xBC2A, 0xBC2B, 0xBC2B, 0xBC4B, 0xBC4B, 0xC46C,
    0xC46C, 0xC46C, 0xC46C, 0xC48C, 0xC46C, 0xBC4B, 0xBC2B, 0xB3EA,
    0xB3E9, 0xB3C9, 0xBBC8, 0xBBE8, 0xC429, 0xCC49, 0xCC49, 0xCC4A,
    0xCC6B, 0xC4AD, 0xC4CF, 0xC511, 0xF6B6, 0xFE51, 0xFE0F, 0xF54B,
    0xDC27, 0xCBA6, 0x9A01, 0x89A0, 0x9A01, 0xA262, 0xCBC6, 0xE4C9,
    0xD3C5, 0xBA81, 0xB261, 0xBA81, 0xB221, 0xB241, 0xC281, 0xC281,
    0xC2A2, 0xBA82, 0xBA61, 0xBA61, 0xB261, 0xAA21, 0xCAC2, 0xCAA1,
    0xCAC2, 0xDBA5, 0xF54B, 0xFDCD, 0xFDEE, 0xFDEE, 0xFDEE, 0xFDCD,
    0xFD6C, 0xEC47, 0xC2A2, 0xCAE3, 0xD2E3, 0xBA62, 0xBA62, 0xAA21,
    0xC241, 0xE323, 0xDB23, 0xCAC2, 0xAA21, 0xAA01, 0xE343, 0xC281,
    0xCAA2, 0xEBC5, 0xDB64, 0xD303, 0xD323, 0xDB03, 0xE3A5, 0xE364,
    0xD2E2, 0xCAC2, 0xD2C2, 0xF4C8, 0xFE71, 0xFE71, 0xFE72, 0xED2D,
    0xD386, 0xC282, 0xD324, 0xCAC3, 0xC2C3, 0xCAE3, 0xC282, 0xC324,
    0xDC69, 0xD428, 0xAAC3, 0x91A0, 0xA221, 0xA241, 0xAA21, 0xA201,
    0xB262, 0xCB04, 0xBAA3, 0xDB44, 0xFDCD, 0xA4AD, 0x4AC6, 0x5306,
    0x52E5, 0x52C5, 0x52E4, 0x4AC3, 0x42A1, 0x4280, 0x4280, 0x4280,
    0x4280, 0x42A0, 0x42C0, 0x4AE0, 0x4AE0, 0x4AE0, 0x4AE0, 0x4AE0,
    0x42C0, 0x42C0, 0x42A0, 0x42A0, 0x42C0, 0x4AE0, 0x5301, 0x5322,
    0x5321, 0x5301, 0x4AE0, 0x4AE0, 0x4AE0, 0x4AE0, 0x4AE0, 0x4AE0,
    0x4B00, 0x4B00, 0x4B00, 0x4B00, 0x4B00, 0x4B21, 0x4B21, 0x4B22,
    0x4B22, 0x4B02, 0x42E1, 0x42E1, 0x42E1, 0x42C0, 0x3AA0, 0x3A80,
    0x3A60, 0x3240, 0x3240, 0x3220, 0x3220, 0x3200, 0x29E0, 0x29C0,
    0x2180, 0x2160, 0x2160, 0x2160, 0x2180, 0x29A0, 0x31C0, 0x39E1,
    0x4224, 0x4266, 0x4AA9, 0x4ACB, 0x4AEC, 0x4B0C, 0x4AEC, 0x4AEC,
    0x8AC6, 0x8AC6, 0x8AC6, 0x8AC6, 0x8AC6, 0x8AC7, 0x8AC7, 0x8AC7,
    0x82A6, 0x82A6, 0x82A6, 0x82A6, 0x82A6, 0x82A6, 0x82A6, 0x8286,
    0x8285, 0x8285, 0x8264, 0x8264, 0x8264, 0x8A63, 0x8A63, 0x8A64,
    0x9284, 0x92A4, 0x9AC5, 0x9AE5, 0xA305, 0xA326, 0xAB26, 0xAB46,
    0xAB66, 0xB367, 0xB387, 0xB387, 0xB3A7, 0xB3A7, 0xBBA8, 0xBBC8,
    0xBBC8, 0xBBC8, 0xBBE8, 0xBBE9, 0xBBE9, 0xBBE9, 0xBC09, 0xBC0A,
    0xBC2A, 0xBC2B, 0xBC2B, 0xBC4B, 0xBC4B, 0xBC4C, 0xBC6C, 0xC46C,
    0xC46C, 0xC48D, 0xC48D, 0xC48D, 0xC48D, 0xBC4C, 0xBC2B, 0xB40A,
    0xB3E9, 0xB3E9, 0xBBE9, 0xBC09, 0xC429, 0xCC49, 0xCC49, 0xCC4A,
    0xCC8C, 0xC4AD, 0xC4EF, 0xC4F1, 0xDE15, 0xFEB4, 0xFE50, 0xF50A,
    0xBAC3, 0x9A01, 0xA221, 0x91C0, 0x91C1, 0x8180, 0xB345, 0xE4CA,
    0xCB64, 0xBA81, 0xB261, 0xBA82, 0xBA81, 0xC281, 0xCAA1, 0xB221,
    0xAA01, 0xAA01, 0xBA61, 0xB241, 0xAA21, 0xBA61, 0xC281, 0xBA41,
    0xC261, 0xD323, 0xFD8C, 0xFE2F, 0xFE30, 0xFDEF, 0xFDEE, 0xFDEE,
    0xFDEE, 0xEC47, 0xB262, 0xCAE3, 0xDB23, 0xC282, 0xBA62, 0xAA41,
    0xD2E2, 0xDB23, 0xD303, 0xD303, 0xC282, 0xB241, 0xD303, 0xDB44,
    0xCAA2, 0xCAE3, 0xD303, 0xD303, 0xD2E3, 0xDB23, 0xE3A5, 0xD324,
    0xD2E3, 0xD2E3, 0xE363, 0xFD8B, 0xFE71, 0xFE72, 0xFE93, 0xDC69,
    0xC2A2, 0xC2C3, 0xBA61, 0xBA82, 0xB262, 0xC2A2, 0xD2E2, 0xD323,
    0xDC69, 0xDC8A, 0xAAA3, 0x91A0, 0x89A0, 0xAA41, 0xB262, 0xAA42,
    0xC2E3, 0xB242, 0xC282, 0xFCE9, 0xD50D, 0x5B09, 0x5B28, 0x5B07,
    0x5B07, 0x52E6, 0x52C5, 0x4AA3, 0x4281, 0x4280, 0x4280, 0x42A0,
    0x42A0, 0x4AE0, 0x4B00, 0x4B00, 0x4B00, 0x4B00, 0x4AE0, 0x4AE0,
    0x4AC0, 0x42C0, 0x42A0, 0x42A0, 0x42C1, 0x4AE3, 0x5305, 0x5305,
    0x52E5, 0x4AE4, 0x4AC2, 0x42A1, 0x4280, 0x3A60, 0x4280, 0x42A0,
    0x4AC0, 0x4AE0, 0x4AE0, 0x4B00, 0x5321, 0x5342, 0x4B42, 0x5342,
    0x4B42, 0x4B22, 0x4B02, 0x4302, 0x42E1, 0x42C0, 0x3A80, 0x3A60,
    0x3240, 0x3240, 0x3220, 0x3220, 0x3220, 0x2A00, 0x29E0, 0x21A0,
    0x2160, 0x2140, 0x1940, 0x1940, 0x2160, 0x2980, 0x29A0, 0x31C0,
    0x3A02, 0x4245, 0x4267, 0x4AA9, 0x4AC9, 0x4AC9, 0x4AA9, 0x4AA9,
    0x8AC7, 0x8AC7, 0x8AC7, 0x8AC7, 0x8AC7, 0x8AE7, 0x8AE7, 0x8AC7,
    0x8AC7, 0x82C7, 0x82C7, 0x82C7, 0x82C6, 0x82C6, 0x82C6, 0x82A6,
    0x82A5, 0x82A5, 0x8285, 0x8A84, 0x8A84, 0x8A84, 0x9284, 0x9284,
    0x92A4, 0x9AC5, 0x9AE5, 0xA306, 0xA326, 0xAB46, 0xAB46, 0xAB67,
    0xB387, 0xB387, 0xB3A7, 0xBBA7, 0xBBC8, 0xBBC8, 0xBBC8, 0xBBE8,
    0xBBE8, 0xBBE9, 0xBBE9, 0xBBE9, 0xBC09, 0xBC0A, 0xBC0A, 0xBC2A,
    0xBC2B, 0xBC4B, 0xBC4B, 0xBC4C, 0xBC4C, 0xBC6C, 0xC46D, 0xC48D,
    0xC48D, 0xC48D, 0xC48D, 0xC48D, 0xC48D, 0xBC6C, 0xBC4C, 0xB40B,
    0xB3EA, 0xB3E9, 0xB3E9, 0xBC09, 0xC429, 0xCC49, 0xCC49, 0xCC4A,
    0xCC8C, 0xCCAE, 0xC4EF, 0xC511, 0xC553, 0xFEF7, 0xFE72, 0xF52A,
    0xBAC3, 0x9A01, 0xA201, 0x99E0, 0x91E1, 0x91C0, 0xA242, 0xCBE7,
    0xD364, 0xC2A2, 0xBA81, 0xB261, 0xBAA2, 0xCAC2, 0xBA61, 0x99C0,
    0xA200, 0xAA01, 0xC282, 0xC281, 0xC281, 0xBA61, 0xBA41, 0xAA01,
    0xB200, 0xD364, 0xFDEF, 0xFE0F, 0xFDEE, 0xFE0F, 0xFDCD, 0xFDCD,
    0xFDEE, 0xDBC5, 0xBA82, 0xD303, 0xCAA2, 0xC282, 0xC2A2, 0xCAE3,
    0xD2E3, 0xC2A2, 0xCAE3, 0xC2C3, 0xCAC2, 0xB221, 0xD2C2, 0xDB43,
    0xD2E3, 0xCAC3, 0xD324, 0xDB23, 0xDB03, 0xDB23, 0xDB44, 0xC2A2,
    0xD303, 0xD2E2, 0xEC26, 0xFE50, 0xFE72, 0xFE51, 0xFE30, 0xECCA,
    0xC261, 0xBA82, 0xBA62, 0xBA82, 0xB262, 0xBA61, 0xCAA2, 0xCAC2,
    0xD3E7, 0xD469, 0xA262, 0x99C0, 0x91A0, 0x99E0, 0xA201, 0xB262,
    0xBAC3, 0xBA82, 0xE3C6, 0xFCE9, 0x83AB, 0x5B4A, 0x634A, 0x6329,
    0x6308, 0x5AE7, 0x4AC5, 0x4AA3, 0x42A2, 0x42A2, 0x4AC1, 0x4AE0,
    0x4B00, 0x5300, 0x5320, 0x5320, 0x5320, 0x5300, 0x4B00, 0x4AE0,
    0x4AC0, 0x4AC1, 0x4AC2, 0x4AC3, 0x4AC5, 0x4AE7, 0x52E8, 0x5308,
    0x52E8, 0x4AC6, 0x4AA5, 0x4283, 0x3A61, 0x3A40, 0x3A40, 0x4280,
    0x42A0, 0x42A0, 0x4AE0, 0x5301, 0x5341, 0x5362, 0x5362, 0x5343,
    0x5343, 0x5323, 0x4B02, 0x4B02, 0x42E1, 0x42A1, 0x3A80, 0x3240,
    0x3220, 0x3220, 0x3220, 0x3220, 0x3220, 0x3200, 0x29E0, 0x29A0,
    0x2160, 0x2140, 0x1940, 0x2160, 0x2160, 0x2980, 0x29A0, 0x31A0,
    0x39E0, 0x4222, 0x4244, 0x4266, 0x4A87, 0x4A86, 0x4266, 0x4265,
    0x8AE7, 0x8AE7, 0x8AE7, 0x8AE7, 0x8AE7, 0x8AE7, 0x8AE7, 0x8AE7,
    0x8AE7, 0x8AE7, 0x82E7, 0x82C7, 0x82E7, 0x82E7, 0x82E6, 0x82C6,
    0x82C6, 0x82C5, 0x8AA5, 0x8AA4, 0x8AA4, 0x92A4, 0x92A4, 0x92A4,
    0x92C5, 0x9AE5, 0xA306, 0xA326, 0xAB46, 0xAB66, 0xAB67, 0xB387,
    0xB3A7, 0xBBA7, 0xBBC8, 0xBBC8, 0xBBC8, 0xBBE8, 0xBBE8, 0xBBE9,
    0xBC09, 0xBC09, 0xBC09, 0xBC0A, 0xBC2A, 0xBC2A, 0xBC2A, 0xBC2B,
    0xBC4B, 0xBC4B, 0xBC4C, 0xBC6C, 0xBC6C, 0xC46D, 0xC48D, 0xC48D,
    0xC48D, 0xC48D, 0xC48E, 0xC48E, 0xBC8D, 0xBC6D, 0xBC4C, 0xB40B,
    0xB3EA, 0xB3EA, 0xBBE9, 0xBBE9, 0xC429, 0xCC49, 0xCC49, 0xCC4A,
    0xCC8C, 0xC4AE, 0xC4CF, 0xC511, 0xBD13, 0xDDF3, 0xFEB2, 0xF4C9,
    0xBA82, 0xAA42, 0xB261, 0xA221, 0xA221, 0x91E1, 0x91C0, 0xB324,
    0xD385, 0xBA61, 0xBA61, 0xB221, 0xC2A2, 0xB241, 0xA1C0, 0xA1E0,
    0xA201, 0xB221, 0xC282, 0xBA61, 0xBA61, 0xBA61, 0xB221, 0xA9E0,
    0xB200, 0xD344, 0xFE0F, 0xFE50, 0xFDEE, 0xFE2F, 0xFE0F, 0xFE0F,
    0xFD4B, 0xC2C3, 0xBA62, 0xCAC3, 0xC282, 0xC282, 0xDB24, 0xE344,
    0xD2C2, 0xBA62, 0xC2A3, 0xCB03, 0xE384, 0xCAC2, 0xE323, 0xD2E3,
    0xCAE3, 0xD303, 0xCB03, 0xDB44, 0xD2E2, 0xE343, 0xD323, 0xCAE3,
    0xD2E3, 0xD2C2, 0xF467, 0xFE51, 0xFE71, 0xFE72, 0xFE31, 0xF54D,
    0xD2E2, 0xC2A2, 0xC2A3, 0xB242, 0xBA82, 0xCAC2, 0xC2A2, 0xC2A2,
    0xD3A6, 0xDC69, 0xC365, 0xB2A1, 0xAA41, 0xAA62, 0xA201, 0xB262,
    0xC2C3, 0xDB85, 0xFCA8, 0xBC2B, 0x636C, 0x6B8C, 0x6B6C, 0x634B,
    0x5B29, 0x52E7, 0x4AC5, 0x4AC4, 0x4AC4, 0x4AC3, 0x4AE2, 0x5321,
    0x5320, 0x5340, 0x5340, 0x5340, 0x5340, 0x5320, 0x4B00, 0x4B00,
    0x4AE1, 0x4AE3, 0x4AE5, 0x4AE7, 0x52E9, 0x530A, 0x530A, 0x530A,
    0x52EA, 0x52C9, 0x4AA8, 0x4286, 0x3A64, 0x3A41, 0x3A40, 0x3A60,
    0x4260, 0x42A0, 0x4AC0, 0x5301, 0x5341, 0x5362, 0x5363, 0x5363,
    0x5343, 0x5343, 0x4B22, 0x4B02, 0x42C2, 0x3AA1, 0x3A60, 0x3220,
    0x3220, 0x3200, 0x3220, 0x3220, 0x3220, 0x3200, 0x29E0, 0x29A0,
    0x2180, 0x2160, 0x2180, 0x2180, 0x2180, 0x29A0, 0x31C0, 0x31C0,
    0x31E0, 0x3A00, 0x3A21, 0x4222, 0x4242, 0x4241, 0x4241, 0x4220,
    0x92E8, 0x8AE7, 0x8AE7, 0x8AE7, 0x8AE8, 0x8AE8, 0x8AE8, 0x8AE7,
    0x8AE7, 0x8307, 0x8307, 0x82E7, 0x82E7, 0x8307, 0x8307, 0x8306,
    0x82E6, 0x82E5, 0x8AC5, 0x8AC5, 0x8AC4, 0x92A4, 0x92C4, 0x92C5,
    0x9AE5, 0x9B06, 0xA326, 0xAB46, 0xAB67, 0xAB87, 0xB387, 0xB3A7,
    0xBBC8, 0xBBC8, 0xBBE8, 0xBBE8, 0xBBE8, 0xBBE8, 0xBBE9, 0xC409,
    0xC409, 0xC429, 0xC42A, 0xC42A, 0xC42A, 0xC42B, 0xC44B, 0xC44B,
    0xC44C, 0xBC6C, 0xBC6C, 0xBC6D, 0xBC8D, 0xC48D, 0xC48D, 0xC4AE,
    0xC4AE, 0xC4AE, 0xC4AE, 0xC4AE, 0xBC8E, 0xBC6D, 0xB44C, 0xB42B,
    0xB40B, 0xB3EA, 0xBBE9, 0xBC09, 0xC429, 0xCC4A, 0xCC4A, 0xCC4A,
    0xCC8C, 0xC4AE, 0xC4CF, 0xC511, 0xBD33, 0xC553, 0xFE10, 0xFD6C,
    0xD303, 0xB282, 0xB282, 0xAA62, 0x9A21, 0xAA41, 0xA241, 0xD428,
    0xDBA5, 0xC2C2, 0xC2A2, 0xC281, 0xC2A2, 0xBA61, 0xBA61, 0xC281,
    0xAA21, 0xB241, 0xB262, 0xAA21, 0xAA01, 0xCA81, 0xC241, 0xBA62,
    0xB220, 0xDBE6, 0xFE30, 0xFE30, 0xFE30, 0xFE30, 0xFE51, 0xFE0F,
    0xF52A, 0xD323, 0xBA82, 0xC2A3, 0xBA62, 0xBA62, 0xCAC2, 0xCAA2,
    0xB221, 0xBA62, 0xC2A3, 0xD303, 0xDB44, 0xDB03, 0xDB44, 0xD303,
    0xD323, 0xCAC3, 0xC282, 0xCAC2, 0xDB02, 0xDB02, 0xD303, 0xDB44,
    0xD2E3, 0xCAC2, 0xE384, 0xFDEE, 0xFE93, 0xFE51, 0xFE72, 0xF58E,
    0xDB44, 0xD2E3, 0xCAE3, 0xBA62, 0xC282, 0xBA82, 0xCAE3, 0xCAC2,
    0xD364, 0xE4AA, 0xE4A9, 0xDC68, 0xC303, 0xB262, 0xAA42, 0xB242,
    0xD344, 0xFCE8, 0xE46A, 0x7BCE, 0x73AE, 0x73AE, 0x6B8D, 0x634B,
    0x5B09, 0x52E7, 0x52E6, 0x52E6, 0x4AE5, 0x5304, 0x5323, 0x5342,
    0x5340, 0x5340, 0x5B60, 0x5360, 0x5340, 0x5320, 0x5300, 0x5300,
    0x5304, 0x5306, 0x5308, 0x530A, 0x530B, 0x530C, 0x5B2C, 0x5B2C,
    0x532C, 0x530B, 0x4AC9, 0x4AA8, 0x4285, 0x3A43, 0x3A41, 0x3A40,
    0x3A60, 0x4280, 0x4AC0, 0x4AE1, 0x5321, 0x5342, 0x5343, 0x5343,
    0x5343, 0x5323, 0x4B02, 0x4B02, 0x42C2, 0x3A81, 0x3A40, 0x3220,
    0x3200, 0x3200, 0x3200, 0x3220, 0x3220, 0x3200, 0x29E0, 0x29C0,
    0x21A0, 0x2180, 0x2180, 0x2980, 0x29A0, 0x29C0, 0x31C0, 0x31E0,
    0x39E0, 0x3A00, 0x3A00, 0x4220, 0x4220, 0x4240, 0x4220, 0x4240,
    0x9308, 0x9307, 0x8AE7, 0x8AE8, 0x8B08, 0x8B08, 0x8B08, 0x8B07,
    0x8307, 0x8307, 0x8307, 0x8307, 0x8307, 0x8327, 0x8327, 0x8326,
    0x8306, 0x8305, 0x8B05, 0x8AE5, 0x8AE5, 0x92E5, 0x92E5, 0x9AE5,
    0x9B05, 0xA326, 0xA346, 0xAB67, 0xAB67, 0xB387, 0xB3A8, 0xBBC8,
    0xBBC8, 0xBBE8, 0xBBE8, 0xC409, 0xC409, 0xC409, 0xC409, 0xC409,
    0xC409, 0xC42A, 0xC42A, 0xC42A, 0xC44B, 0xC44B, 0xC44B, 0xC46C,
    0xC46C, 0xC46C, 0xC46D, 0xC48D, 0xBC8D, 0xC48E, 0xC4AE, 0xC4AE,
    0xC4AE, 0xC4AE, 0xC4AE, 0xC4AE, 0xBC8E, 0xBC6D, 0xB44D, 0xB42C,
    0xB40B, 0xB3EA, 0xBC0A, 0xBC0A, 0xC42A, 0xCC4A, 0xCC4A, 0xCC4A,
    0xCC6C, 0xC4AE, 0xC4CF, 0xC511, 0xC533, 0xBD55, 0xE571, 0xFE0F,
    0xE406, 0xAA62, 0xB2A3, 0x9A22, 0xA242, 0xA201, 0xA283, 0xED6C,
    0xE427, 0xCAE2, 0xC282, 0xC2A2, 0xC2C2, 0xBA82, 0xB262, 0xB262,
    0xBA62, 0xC2C3, 0xBA82, 0xBAA2, 0xB241, 0xBA21, 0xB221, 0xBA62,
    0xCAC1, 0xF4E9, 0xFE51, 0xFE0F, 0xFE30, 0xFE30, 0xFE0F, 0xFDCE,
    0xFD8C, 0xEC68, 0xC2A2, 0xC2A2, 0xBA62, 0xAA01, 0xB242, 0xCAC3,
    0xC2A2, 0xCB03, 0xCAC3, 0xD324, 0xDB23, 0xCAC2, 0xD303, 0xDB23,
    0xCAC2, 0xC282, 0xD303, 0xD303, 0xD2E3, 0xD303, 0xD303, 0xDB23,
    0xE364, 0xDB23, 0xDB02, 0xFDAD, 0xFE72, 0xFE31, 0xFE72, 0xFE31,
    0xDBA6, 0xC282, 0xD2E3, 0xCAA2, 0xC2A3, 0xC2C3, 0xCAE3, 0xCAE3,
    0xDB64, 0xDC28, 0xE4CA, 0xE4AA, 0xBB03, 0xC2C3, 0xBAA2, 0xD323,
    0xF52A, 0xFD6C, 0x9C0F, 0x73D0, 0x7BCF, 0x73CF, 0x6B8D, 0x5B4B,
    0x5B09, 0x52E8, 0x52E8, 0x5307, 0x5306, 0x5325, 0x5344, 0x5342,
    0x5361, 0x5360, 0x5360, 0x5340, 0x5320, 0x5300, 0x5300, 0x5323,
    0x5326, 0x5B29, 0x5B4A, 0x5B4B, 0x5B4C, 0x5B4D, 0x636E, 0x636E,
    0x5B4D, 0x532C, 0x52EA, 0x4AA8, 0x4286, 0x4244, 0x3A42, 0x3A20,
    0x3A40, 0x4280, 0x4AA0, 0x4AE0, 0x5301, 0x5322, 0x5322, 0x5323,
    0x5323, 0x4B23, 0x4B03, 0x4B02, 0x42C2, 0x3A81, 0x3240, 0x3200,
    0x3200, 0x3200, 0x3200, 0x3220, 0x3200, 0x3200, 0x31E0, 0x29C0,
    0x29A0, 0x29A0, 0x29A0, 0x29A0, 0x29C0, 0x31C0, 0x31E0, 0x31E0,
    0x39E0, 0x3A00, 0x3A00, 0x4220, 0x4240, 0x4240, 0x4260, 0x4260,
    0x8B08, 0x8B07, 0x8B07, 0x8B07, 0x8B07, 0x8B08, 0x8B08, 0x8307,
    0x8327, 0x8327, 0x7B27, 0x7B27, 0x7B26, 0x7B46, 0x7B46, 0x8326,
    0x8326, 0x8325, 0x8325, 0x8B05, 0x8B05, 0x9305, 0x9305, 0x9B05,
    0x9B06, 0xA326, 0xA346, 0xAB67, 0xB387, 0xB3A7, 0xB3C8, 0xBBC8,
    0xBBE8, 0xBBE8, 0xBBE9, 0xC409, 0xC409, 0xC409, 0xC409, 0xC429,
    0xC42A, 0xC42A, 0xC44A, 0xC44B, 0xC44B, 0xC46B, 0xC46C, 0xC46C,
    0xC46C, 0xC46D, 0xC48D, 0xC48D, 0xC48E, 0xC4AE, 0xC4AE, 0xC4AE,
    0xC4AF, 0xC4AF, 0xC4CF, 0xC4CF, 0xBCAE, 0xBC8E, 0xB44D, 0xB42C,
    0xB40B, 0xB40B, 0xBC0A, 0xBC0A, 0xC42A, 0xC44A, 0xCC4A, 0xCC6B,
    0xCC8C, 0xC4AE, 0xC4CF, 0xC511, 0xBD33, 0xBD75, 0xC575, 0xFD4C,
    0xF4E9, 0xC304, 0xAA42, 0xA221, 0xAA62, 0x91C0, 0xC3A6, 0xFDEE,
    0xECC9, 0xE3C5, 0xEC27, 0xDB63, 0xCAE2, 0xBA82, 0xB282, 0xBA61,
    0xD2C2, 0xBA61, 0xBA61, 0xBA82, 0xA9E1, 0xBA81, 0xA9E0, 0xBA40,
    0xEC47, 0xFDEE, 0xFE0F, 0xFDEE, 0xFDCD, 0xFE0F, 0xFE30, 0xFDAD,
    0xFDCE, 0xFD4B, 0xDB84, 0xC282, 0xB222, 0xA1E1, 0xC2A3, 0xDB44,
    0xD2E3, 0xD324, 0xE365, 0xDB44, 0xC2A2, 0xC282, 0xD303, 0xCAE3,
    0xCA82, 0xCAA2, 0xD303, 0xEBC5, 0xD303, 0xD324, 0xD303, 0xDB03,
    0xE364, 0xDB64, 0xE343, 0xFDAD, 0xFE93, 0xFE51, 0xFE51, 0xFE51,
    0xDBC7, 0xC282, 0xD303, 0xCAC2, 0xC2A2, 0xC2C3, 0xCB03, 0xD303,
    0xE3C5, 0xE489, 0xE4A9, 0xDC68, 0xDC06, 0xDBE6, 0xE426, 0xF54B,
    0xFE71, 0xC553, 0x73D1, 0x7BF0, 0x7BD0, 0x73AF, 0x636D, 0x5B4B,
    0x5B2A, 0x5B2A, 0x5B29, 0x5B28, 0x5B46, 0x5345, 0x5B64, 0x5B63,
    0x5B62, 0x5B40, 0x5340, 0x5320, 0x5300, 0x4AE0, 0x5301, 0x5B26,
    0x5B48, 0x634A, 0x636C, 0x636D, 0x636E, 0x6B8F, 0x6BB0, 0x6B8F,
    0x636E, 0x5B2D, 0x52EB, 0x4AA9, 0x4287, 0x4264, 0x4243, 0x3A21,
    0x3A40, 0x4260, 0x4280, 0x4AC0, 0x52E0, 0x5302, 0x5302, 0x5302,
    0x5302, 0x5302, 0x4B02, 0x4AE2, 0x42C1, 0x3A60, 0x3220, 0x3200,
    0x31E0, 0x3200, 0x3200, 0x3200, 0x3200, 0x3200, 0x3200, 0x29E0,
    0x29C0, 0x29A0, 0x29A0, 0x29C0, 0x29C0, 0x31E0, 0x3200, 0x3200,
    0x3A00, 0x3A00, 0x3A00, 0x4220, 0x4240, 0x4260, 0x4260, 0x4260,
    0x8B08, 0x8B07, 0x8B07, 0x8307, 0x8307, 0x8327, 0x8327, 0x8327,
    0x7B27, 0x7B26, 0x7B26, 0x7B26, 0x7B26, 0x7B46, 0x7B46, 0x7B46,
    0x7B46, 0x8345, 0x8345, 0x8325, 0x8B25, 0x8B05, 0x9305, 0x9B25,
    0x9B26, 0xA346, 0xAB67, 0xAB87, 0xB3A7, 0xB3A8, 0xBBC8, 0xBBC8,
    0xBBE8, 0xC409, 0xC409, 0xC409, 0xC409, 0xC429, 0xC429, 0xC429,
    0xC42A, 0xC42A, 0xC44B, 0xC44B, 0xC44B, 0xC46C, 0xC46C, 0xC46C,
    0xC48D, 0xC48D, 0xC48D, 0xC48E, 0xC4AE, 0xC4AE, 0xC4AE, 0xC4AF,
    0xC4AF, 0xC4AF, 0xC4CF, 0xC4CF, 0xBCAF, 0xBC8E, 0xBC6D, 0xB44C,
    0xB42C, 0xB40B, 0xB3EA, 0xBC0A, 0xC42A, 0xC44A, 0xCC6A, 0xCC6B,
    0xCC8C, 0xC4AE, 0xC4D0, 0xC512, 0xBD33, 0xBD55, 0xB597, 0xDD10,
    0xFD2A, 0xDBE6, 0xBAA2, 0xBAA3, 0xAA62, 0x9A21, 0xDC89, 0xFDCE,
    0xF58D, 0xFDAD, 0xFDAD, 0xEC05, 0xDB43, 0xCAE3, 0xC2C2, 0xCAC2,
    0xC282, 0xAA01, 0xC282, 0xBA41, 0xB201, 0xBA61, 0xC2A2, 0xF4A8,
    0xFDEE, 0xFE30, 0xFDCD, 0xFDCD, 0xFE0F, 0xFE51, 0xFE51, 0xFDEE,
    0xFE30, 0xFE0F, 0xFD0A, 0xD343, 0xB242, 0xAA22, 0xCAE3, 0xC282,
    0xC282, 0xCAE3, 0xDB23, 0xD2E3, 0xB242, 0xCAA2, 0xCAC3, 0xC2A2,
    0xD2E2, 0xC262, 0xCAE3, 0xEBE5, 0xDB43, 0xDB44, 0xDB03, 0xCA82,
    0xD2A2, 0xD2E2, 0xDB02, 0xFD6D, 0xFEB4, 0xFE93, 0xFE73, 0xFE72,
    0xECAA, 0xBA61, 0xC262, 0xCAE3, 0xBA82, 0xCAE3, 0xD303, 0xDB43,
    0xEBE6, 0xED2C, 0xDC47, 0xE488, 0xECEA, 0xF52B, 0xF56C, 0xFE0F,
    0xF674, 0x8C73, 0x8412, 0x7BF1, 0x73D0, 0x6B8E, 0x636D, 0x634B,
    0x634B, 0x634B, 0x5B4A, 0x5B48, 0x5B46, 0x5B44, 0x5B63, 0x5B63,
    0x5B62, 0x5340, 0x5340, 0x5320, 0x52E0, 0x4AC0, 0x52E3, 0x5B27,
    0x6349, 0x636C, 0x6B6D, 0x6B8F, 0x73B0, 0x73D1, 0x73D1, 0x6BB0,
    0x638F, 0x5B4D, 0x530B, 0x4AC9, 0x4A86, 0x4264, 0x4243, 0x4241,
    0x3A20, 0x3A40, 0x4260, 0x4AA0, 0x4AC0, 0x4AE1, 0x4AE1, 0x52E2,
    0x4B02, 0x4B02, 0x4AE2, 0x4AE2, 0x42C1, 0x3A60, 0x3220, 0x31E0,
    0x3200, 0x31E0, 0x3200, 0x3200, 0x3200, 0x3200, 0x3200, 0x31E0,
    0x29C0, 0x29C0, 0x29C0, 0x29C0, 0x29C0, 0x31E0, 0x3200, 0x3A00,
    0x3A00, 0x3A00, 0x3A20, 0x4240, 0x4260, 0x4260, 0x4260, 0x4260,
    0x8308, 0x8B07, 0x8307, 0x8307, 0x8327, 0x8327, 0x8327, 0x7B27,
    0x7B26, 0x7326, 0x7326, 0x7326, 0x7326, 0x7325, 0x7345, 0x7345,
    0x7B65, 0x7B65, 0x7B45, 0x8345, 0x8325, 0x8B25, 0x9325, 0x9345,
    0x9B46, 0xA366, 0xAB87, 0xAB87, 0xB3A7, 0xB3C8, 0xBBC8, 0xBBE8,
    0xBBE8, 0xC409, 0xC409, 0xC409, 0xC429, 0xC429, 0xC42A, 0xC42A,
    0xC44A, 0xC44A, 0xC44B, 0xC44B, 0xC46C, 0xC46C, 0xC46C, 0xC48D,
    0xC48D, 0xC48D, 0xC4AE, 0xC4AE, 0xC4AE, 0xC4AE, 0xC4AF, 0xC4CF,
    0xC4CF, 0xC4CF, 0xC4CF, 0xC4CF, 0xBCAF, 0xBC8E, 0xB46D, 0xB44D,
    0xB42C, 0xB40B, 0xB40A, 0xBC0A, 0xC42A, 0xCC4A, 0xCC4A, 0xCC6B,
    0xC48C, 0xC4AE, 0xC4F0, 0xBD12, 0xBD34, 0xBD75, 0xB597, 0xC576,
    0xFD0B, 0xFCE9, 0xDB44, 0xC2E3, 0xAA62, 0xA262, 0xECEA, 0xFE0F,
    0xFDEE, 0xFDCE, 0xFDCE, 0xF4E9, 0xE384, 0xC2A2, 0xBA82, 0xBA81,
    0xB241, 0xA201, 0xB241, 0xB221, 0xCAC2, 0xDBA4, 0xF52A, 0xFE30,
    0xFE2F, 0xFE2F, 0xFE0F, 0xFE0E, 0xFE72, 0xFE51, 0xFE30, 0xFE51,
    0xFE51, 0xFE30, 0xFDAD, 0xF4C9, 0xD364, 0xCAC2, 0xDB03, 0xCAA2,
    0xB262, 0xC2C3, 0xDB23, 0xCAC3, 0xCAA2, 0xD2E3, 0xC282, 0xCAA2,
    0xC282, 0xCAC2, 0xE3A4, 0xE343, 0xD303, 0xBA82, 0xBA82, 0xC2A2,
    0xCAA2, 0xD2E3, 0xDB03, 0xF54C, 0xFE93, 0xFE72, 0xFE51, 0xFE72,
    0xFE30, 0xDBA6, 0xB221, 0xCAC2, 0xBA82, 0xD303, 0xD2E3, 0xDB64,
    0xEBE6, 0xFD8D, 0xDCA9, 0xECC9, 0xED0A, 0xF54C, 0xF58D, 0xFE72,
    0xB535, 0x7C12, 0x8412, 0x7BF1, 0x73B0, 0x6B6E, 0x634D, 0x634C,
    0x636C, 0x636C, 0x634A, 0x5B48, 0x5B46, 0x5B44, 0x5B43, 0x5B43,
    0x5B41, 0x5340, 0x5320, 0x5300, 0x4AE0, 0x4AC0, 0x52E4, 0x5B07,
    0x5B4A, 0x636C, 0x6B8E, 0x6BAF, 0x73D1, 0x73F2, 0x73F2, 0x73D1,
    0x6B90, 0x634E, 0x5B0B, 0x52C9, 0x4A86, 0x4244, 0x4242, 0x4221,
    0x3A20, 0x3A20, 0x3A40, 0x4260, 0x4A80, 0x4AA0, 0x4AC0, 0x4AC0,
    0x4AE0, 0x4AE1, 0x4AE1, 0x4AC1, 0x42A1, 0x3A61, 0x3A40, 0x3200,
    0x3200, 0x31E0, 0x31E0, 0x3200, 0x3200, 0x3200, 0x3200, 0x31E0,
    0x29C0, 0x29C0, 0x29C0, 0x29C0, 0x31C0, 0x31E0, 0x31E0, 0x31E0,
    0x3200, 0x3A20, 0x4240, 0x4260, 0x4260, 0x4280, 0x4280, 0x4260,
    0x8307, 0x8307, 0x8307, 0x7B06, 0x7B26, 0x7B26, 0x7B26, 0x7B26,
    0x7326, 0x6B05, 0x6B05, 0x6B25, 0x6B25, 0x6B24, 0x6B45, 0x7365,
    0x7364, 0x7364, 0x7B44, 0x7B44, 0x8344, 0x8B45, 0x8B45, 0x9345,
    0x9B66, 0xA367, 0xAB87, 0xABA7, 0xB3C8, 0xBBC8, 0xBBE8, 0xBBE8,
    0xC409, 0xC409, 0xC409, 0xC409, 0xC429, 0xC429, 0xC42A, 0xC44A,
    0xC44A, 0xC44B, 0xC44B, 0xC46B, 0xC46C, 0xC46C, 0xC46D, 0xC48D,
    0xC48D, 0xC4AE, 0xC4AE, 0xC4AE, 0xC4AE, 0xC4AF, 0xC4CF, 0xC4CF,
    0xC4CF, 0xC4CF, 0xC4CF, 0xC4CF, 0xBCAF, 0xBC8E, 0xBC6D, 0xB44D,
    0xB42C, 0xB40B, 0xB40B, 0xBC0A, 0xC42A, 0xCC4A, 0xCC6A, 0xCC6B,
    0xC48D, 0xC4AE, 0xC4D0, 0xBD12, 0xBD54, 0xBD75, 0xBD76, 0xB5B8,
    0xE4EE, 0xFD09, 0xEC48, 0xC2E3, 0xB261, 0xD407, 0xFDCE, 0xFE10,
    0xFDEF, 0xFDCE, 0xFE0F, 0xFD6B, 0xDB43, 0xBA82, 0xBA82, 0xC2A2,
    0xB241, 0xAA21, 0xB220, 0xD2E2, 0xF52A, 0xFDAD, 0xFE30, 0xFE30,
    0xFE30, 0xFE50, 0xFE2F, 0xFE0F, 0xFE50, 0xFE71, 0xFE0F, 0xFE0F,
    0xFE30, 0xFE0F, 0xFDCE, 0xFDAD, 0xFDAD, 0xEC68, 0xEBE5, 0xEBA4,
    0xDB43, 0xDB43, 0xE364, 0xDB23, 0xCAC3, 0xD303, 0xD2E3, 0xC2C3,
    0xBA82, 0xCAE3, 0xCAC2, 0xBA21, 0xC282, 0xCAC3, 0xBA61, 0xD303,
    0xC2A2, 0xCAC3, 0xDB23, 0xFD6D, 0xFE93, 0xFE51, 0xFE30, 0xFE51,
    0xFE52, 0xF58E, 0xC281, 0xCAC2, 0xC282, 0xC2A2, 0xCAA2, 0xDB23,
    0xE364, 0xFD4B, 0xED6D, 0xECC9, 0xF56C, 0xFDAE, 0xFE2F, 0xE615,
    0x7C13, 0x8433, 0x7C12, 0x73D1, 0x6BB0, 0x6B6E, 0x634D, 0x634D,
    0x636D, 0x636C, 0x634A, 0x6368, 0x6346, 0x5B45, 0x5B44, 0x5B43,
    0x5341, 0x5320, 0x5300, 0x5300, 0x4AC0, 0x4AA1, 0x52E5, 0x5B08,
    0x632B, 0x636D, 0x6B8F, 0x73D0, 0x73F2, 0x7C13, 0x7C12, 0x73D1,
    0x6BB0, 0x634D, 0x5B0B, 0x52C8, 0x4AA6, 0x4A84, 0x4263, 0x4241,
    0x4240, 0x4220, 0x4240, 0x4260, 0x4A80, 0x4A80, 0x4AA0, 0x4AA0,
    0x4AC0, 0x4AC0, 0x4AC1, 0x42C1, 0x42C2, 0x4281, 0x3A40, 0x3220,
    0x3200, 0x31E0, 0x31E0, 0x3200, 0x3A00, 0x3A00, 0x3200, 0x31E0,
    0x29C0, 0x29C0, 0x29A0, 0x29C0, 0x31C0, 0x31E0, 0x31E0, 0x31E0,
    0x3200, 0x3A20, 0x4240, 0x4260, 0x4260, 0x4280, 0x4260, 0x4260,
    0x7B07, 0x7B06, 0x7306, 0x7306, 0x7305, 0x6B25, 0x6B25, 0x7325,
    0x6B25, 0x6304, 0x6304, 0x6304, 0x6303, 0x6324, 0x6344, 0x6344,
    0x6B64, 0x6B64, 0x7364, 0x7B64, 0x7B44, 0x8344, 0x8B45, 0x9345,
    0x9366, 0x9B66, 0xA387, 0xABA7, 0xB3C8, 0xB3C8, 0xBBE8, 0xBBE8,
    0xC409, 0xC409, 0xC409, 0xC409, 0xC429, 0xC42A, 0xC44A, 0xC44A,
    0xC44A, 0xC46B, 0xC46B, 0xC46C, 0xC46C, 0xC46C, 0xC48D, 0xC48D,
    0xC48D, 0xC4AE, 0xC4AE, 0xC4AE, 0xC4AF, 0xC4AF, 0xC4CF, 0xC4CF,
    0xC4CF, 0xC4CF, 0xC4CF, 0xC4CF, 0xBCCF, 0xBC8E, 0xBC6D, 0xB44D,
    0xB42C, 0xB42B, 0xBC0B, 0xBC0A, 0xC42A, 0xC44A, 0xCC6B, 0xC46B,
    0xC48D, 0xC4AF, 0xBCF1, 0xBD12, 0xBD34, 0xBD55, 0xBD76, 0xB598,
    0xC595, 0xF467, 0xF4C9, 0xCB44, 0xC324, 0xFDCF, 0xFDEF, 0xFE10,
    0xFE30, 0xFE0F, 0xFDEF, 0xFD8C, 0xE3E5, 0xC2A1, 0xC261, 0xC281,
    0xBA41, 0xBA61, 0xDB84, 0xF50A, 0xFDEE, 0xFE30, 0xFE30, 0xFE0F,
    0xFE0F, 0xFE2F, 0xFDEE, 0xFE0E, 0xFDCE, 0xFE0F, 0xFDCD, 0xFDEF,
    0xFE30, 0xFE30, 0xFE10, 0xFE0F, 0xFE51, 0xFDAD, 0xFD8C, 0xFD2A,
    0xFC66, 0xFCA7, 0xF405, 0xDB43, 0xC2A2, 0xD2E3, 0xD303, 0xC2C3,
    0xBA82, 0xC2A2, 0xBA62, 0xAA01, 0xB221, 0xD303, 0xDB23, 0xC2A2,
    0xC282, 0xC2A2, 0xDB23, 0xFD0A, 0xFE93, 0xFEB4, 0xFE93, 0xFE51,
    0xFE51, 0xFE31, 0xEC88, 0xDB23, 0xCAC2, 0xD2C2, 0xDB03, 0xD303,
    0xE323, 0xFD4B, 0xF58D, 0xED0A, 0xF56D, 0xF52B, 0xFE73, 0x9494,
    0x7BF2, 0x8413, 0x7BF2, 0x73B1, 0x6B8F, 0x636E, 0x636D, 0x636D,
    0x636D, 0x6B6C, 0x636A, 0x6367, 0x6366, 0x6366, 0x5B44, 0x5B43,
    0x5320, 0x5300, 0x4AE0, 0x4AE0, 0x4AC1, 0x4AC3, 0x52E7, 0x632A,
    0x634C, 0x6B6E, 0x73B0, 0x7BF1, 0x7C13, 0x8434, 0x7C33, 0x73F1,
    0x6BAF, 0x636D, 0x5B0A, 0x5AE9, 0x52C7, 0x52A6, 0x4A85, 0x4A85,
    0x4A84, 0x4A64, 0x4A63, 0x4A81, 0x4A80, 0x4A80, 0x4AA0, 0x4AA0,
    0x4AC0, 0x4AE1, 0x4AE2, 0x4AC2, 0x42C2, 0x4282, 0x3A60, 0x3A40,
    0x3A20, 0x3A00, 0x3A00, 0x3A21, 0x3A01, 0x3A01, 0x3A00, 0x31E0,
    0x31C0, 0x29A0, 0x29A0, 0x29A0, 0x31C0, 0x31E0, 0x31E0, 0x31E0,
    0x3200, 0x3A00, 0x3A40, 0x4260, 0x4280, 0x4280, 0x4260, 0x3A60,
    0x7B06, 0x7306, 0x6B05, 0x6B05, 0x62E5, 0x62E5, 0x6304, 0x6304,
    0x6304, 0x5AE3, 0x52E3, 0x52E3, 0x5B02, 0x5B03, 0x5B43, 0x5B43,
    0x6363, 0x6363, 0x6B63, 0x7363, 0x7B43, 0x8364, 0x8B65, 0x8B65,
    0x9366, 0x9B86, 0xA3A7, 0xABA7, 0xB3A7, 0xB3C8, 0xBBC8, 0xBBE8,
    0xC408, 0xC409, 0xC409, 0xC409, 0xC429, 0xC42A, 0xC44A, 0xC44A,
    0xC44B, 0xC46B, 0xC46B, 0xC46C, 0xC46C, 0xC48C, 0xC48D, 0xC48D,
    0xC48E, 0xC4AE, 0xC4AE, 0xC4AF, 0xC4AF, 0xC4AF, 0xC4CF, 0xC4CF,
    0xC4CF, 0xC4CF, 0xC4CF, 0xC4CF, 0xBCAF, 0xBCAF, 0xB46E, 0xB44D,
    0xB42C, 0xB40B, 0xBC0B, 0xBC2A, 0xC44A, 0xCC6B, 0xCC6B, 0xC46B,
    0xC48D, 0xC4AF, 0xBCD1, 0xBD13, 0xBD34, 0xB555, 0xB577, 0xB597,
    0xB5D9, 0xE50E, 0xF4C8, 0xF50A, 0xE447, 0xFE10, 0xFE73, 0xFE72,
    0xFE51, 0xFE30, 0xFDEF, 0xFDEE, 0xFD4B, 0xE3E5, 0xE3A4, 0xEC26,
    0xEC88, 0xF50B, 0xFE0F, 0xFE51, 0xFDEF, 0xFE30, 0xFE30, 0xFE30,
    0xFE30, 0xFDCD, 0xFDCD, 0xFDEE, 0xFDCD, 0xFE0F, 0xFDCE, 0xFE10,
    0xFE52, 0xFE72, 0xFE71, 0xFE51, 0xFE10, 0xFDCE, 0xFDAD, 0xFDEE,
    0xFDCD, 0xFDCD, 0xFDCD, 0xF4E9, 0xD343, 0xD2E3, 0xC2A2, 0xCAE3,
    0xCAE3, 0xC2A2, 0xAA21, 0xAA01, 0xC282, 0xDB24, 0xCAC2, 0xC282,
    0xC2A2, 0xCAA2, 0xEC06, 0xFDCE, 0xFE52, 0xFE72, 0xFE72, 0xFE30,
    0xFE30, 0xFE52, 0xFE72, 0xFD8E, 0xE3A5, 0xD303, 0xDB64, 0xDB44,
    0xE363, 0xFD8C, 0xED6D, 0xDC07, 0xDB86, 0xFCA8, 0xCD73, 0x73D2,
    0x7C12, 0x7BF2, 0x7BD2, 0x73B0, 0x6B8F, 0x6B6E, 0x6B6E, 0x6B6E,
    0x6B8D, 0x6B8D, 0x6B8A, 0x6B68, 0x6367, 0x6366, 0x5B45, 0x5B23,
    0x5300, 0x4AE0, 0x4AC0, 0x4AC1, 0x4AC3, 0x52E6, 0x5B09, 0x6B4C,
    0x6B6E, 0x73B0, 0x7BF1, 0x8413, 0x8454, 0x8454, 0x8433, 0x7BF1,
    0x73AF, 0x6B8D, 0x634B, 0x5B09, 0x5AE8, 0x5AE7, 0x5AE7, 0x52E7,
    0x52C7, 0x52A6, 0x52C5, 0x52A4, 0x4AA3, 0x4AA1, 0x4AA0, 0x4AC0,
    0x4AE0, 0x4AE2, 0x4AE2, 0x4AE2, 0x42C2, 0x42A2, 0x3A61, 0x4262,
    0x4243, 0x4243, 0x3A23, 0x4224, 0x4224, 0x4223, 0x3A02, 0x39E0,
    0x31C0, 0x29A0, 0x29A0, 0x29A0, 0x31C0, 0x31C0, 0x31E0, 0x31E0,
    0x31E0, 0x3A00, 0x3A40, 0x4260, 0x4280, 0x4280, 0x4260, 0x3A60,
    0x7306, 0x6AE5, 0x62E4, 0x62E4, 0x5AE4, 0x5AC4, 0x5AC3, 0x52E3,
    0x52E3, 0x4AC1, 0x4AC1, 0x4AC1, 0x4AE1, 0x5302, 0x5322, 0x5342,
    0x5B42, 0x6342, 0x6343, 0x6B43, 0x7343, 0x7B63, 0x8364, 0x8B65,
    0x9385, 0x9B86, 0xA3A7, 0xABA7, 0xABA7, 0xB3C8, 0xBBC8, 0xBBE8,
    0xC3E9, 0xC409, 0xC409, 0xC409, 0xC429, 0xC42A, 0xC44A, 0xC44A,
    0xC46B, 0xC46B, 0xC46C, 0xC46C, 0xC48C, 0xC48D, 0xC48D, 0xC48D,
    0xC4AE, 0xC4AE, 0xC4AE, 0xC4CF, 0xC4CF, 0xC4CF, 0xC4CF, 0xC4CF,
    0xC4CF, 0xC4CF, 0xC4CF, 0xC4CF, 0xBCAF, 0xBCAF, 0xBC6E, 0xB44D,
    0xB42C, 0xB40B, 0xBC0B, 0xBC2A, 0xC44A, 0xC46B, 0xCC6B, 0xC46C,
    0xC48D, 0xBCAF, 0xBCD1, 0xBD13, 0xBD34, 0xBD56, 0xB577, 0xB598,
    0xB5B8, 0xCDF7, 0xFDEF, 0xFDAE, 0xFD4B, 0xFE72, 0xFE93, 0xFE73,
    0xFE72, 0xFE10, 0xFE0F, 0xFDEE, 0xFDCE, 0xFD8C, 0xFDEE, 0xFE30,
    0xFE0F, 0xFE0F, 0xFE51, 0xFE30, 0xFE0F, 0xFE30, 0xFE30, 0xFE30,
    0xFE0F, 0xFE0F, 0xFE0F, 0xFDEE, 0xFDAD, 0xFDAD, 0xFE30, 0xFE51,
    0xFE51, 0xFE72, 0xFE30, 0xFE51, 0xFE50, 0xFE0F, 0xFDCE, 0xFDCE,
    0xFE50, 0xFE50, 0xFE51, 0xFE0E, 0xDBA5, 0xDB64, 0xEBC5, 0xDB43,
    0xCAE3, 0xC282, 0xC2A2, 0xBA82, 0xC282, 0xD2E3, 0xD323, 0xC2A2,
    0xD303, 0xDB02, 0xF488, 0xFE92, 0xFE52, 0xFE93, 0xFE71, 0xFE51,
    0xFE10, 0xFE10, 0xFE52, 0xFE93, 0xFDEF, 0xD344, 0xD323, 0xDB85,
    0xE3A4, 0xFDCE, 0xFE93, 0xC304, 0xD2E2, 0xED0D, 0x8C53, 0x7BF2,
    0x7BF2, 0x7BF2, 0x73D1, 0x73B0, 0x6B8F, 0x6B6E, 0x6B6E, 0x6B8E,
    0x738E, 0x73AD, 0x738B, 0x6B89, 0x6B88, 0x6367, 0x5B45, 0x5322,
    0x52E0, 0x4AC0, 0x4AC0, 0x4AC3, 0x4AC6, 0x52E9, 0x5B2B, 0x6B8E,
    0x73B0, 0x73F1, 0x7C13, 0x8433, 0x8454, 0x8453, 0x8412, 0x7BF1,
    0x7BCF, 0x73AE, 0x6B6C, 0x634A, 0x634A, 0x632A, 0x632A, 0x632A,
    0x5B0A, 0x5B09, 0x5B08, 0x5AE7, 0x52E6, 0x52C4, 0x52C1, 0x4AE0,
    0x4AE2, 0x5302, 0x4B02, 0x4AE2, 0x4AE2, 0x42C2, 0x42A2, 0x4A84,
    0x4A85, 0x4265, 0x4245, 0x4245, 0x4246, 0x4245, 0x4224, 0x39E1,
    0x31C0, 0x29A0, 0x29A0, 0x29A0, 0x31C0, 0x31C0, 0x31C0, 0x31E0,
    0x31E0, 0x3A00, 0x3A40, 0x4260, 0x4280, 0x4280, 0x4261, 0x3A41,
    0x6AE5, 0x62E4, 0x5AE4, 0x5AC3, 0x52C3, 0x52C2, 0x4AA2, 0x4AA2,
    0x4AA1, 0x42A0, 0x42A0, 0x42A0, 0x42C0, 0x4AE0, 0x4B00, 0x4B20,
    0x5321, 0x5342, 0x5B42, 0x6342, 0x6B43, 0x7363, 0x7B84, 0x8385,
    0x8B85, 0x93A6, 0x9BA6, 0xA3A7, 0xABA7, 0xB3C7, 0xBBC8, 0xBBE8,
    0xC3E9, 0xC409, 0xC409, 0xC409, 0xC42A, 0xC42A, 0xCC4A, 0xC44B,
    0xC46B, 0xC46B, 0xC46C, 0xC46C, 0xC48C, 0xC48D, 0xC48D, 0xC48E,
    0xC4AE, 0xC4AE, 0xC4CF, 0xC4CF, 0xC4CF, 0xC4CF, 0xC4CF, 0xC4CF,
    0xC4CF, 0xC4CF, 0xC4CF, 0xC4CF, 0xBCAF, 0xBC8F, 0xB46E, 0xB44D,
    0xB42C, 0xB42B, 0xBC0B, 0xBC2A, 0xC44A, 0xC46B, 0xC46B, 0xC46C,
    0xC48E, 0xBCAF, 0xBCD1, 0xBD13, 0xBD34, 0xB556, 0xB577, 0xB5B8,
    0xB5B8, 0xB5B9, 0xEDF2, 0xFDCD, 0xFE72, 0xFE93, 0xFEB4, 0xFE93,
    0xFE31, 0xFE51, 0xFE10, 0xFE0F, 0xFDCE, 0xFDCE, 0xFE10, 0xFE0F,
    0xFE0F, 0xFE30, 0xFE51, 0xFDEF, 0xFE30, 0xFE50, 0xFE0F, 0xFDCE,
    0xFDEE, 0xFDEE, 0xF4C9, 0xEC05, 0xEBE6, 0xE364, 0xF50A, 0xFE51,
    0xFE51, 0xFE30, 0xFDEF, 0xFE30, 0xFE51, 0xFE30, 0xFE51, 0xFE72,
    0xFE0F, 0xFE30, 0xFDEF, 0xFE31, 0xFD09, 0xFD4B, 0xFE30, 0xF4A8,
    0xDB02, 0xD303, 0xDB23, 0xCAC3, 0xC2A2, 0xD2C2, 0xD303, 0xC282,
    0xDB03, 0xEB83, 0xFCE9, 0xFE72, 0xFE93, 0xFEB4, 0xFE93, 0xFE92,
    0xFE72, 0xFE0F, 0xFE0F, 0xFE30, 0xFED4, 0xED0B, 0xDAE2, 0xDB23,
    0xEBA4, 0xFE72, 0xFF37, 0xDBE7, 0xEBE6, 0xA492, 0x7C13, 0x8413,
    0x7BF2, 0x7BF2, 0x73D1, 0x73B0, 0x6B8F, 0x6B8F, 0x738F, 0x738F,
    0x73AF, 0x7BCE, 0x73AC, 0x73AB, 0x6B8A, 0x6368, 0x5B45, 0x5301,
    0x4AC0, 0x42A0, 0x4AC2, 0x52E6, 0x5308, 0x5B2A, 0x636D, 0x73B0,
    0x73D1, 0x7C12, 0x8433, 0x8453, 0x8433, 0x8432, 0x7BF1, 0x7BD0,
    0x7BCF, 0x73CE, 0x73AD, 0x6B8C, 0x6B8C, 0x6B8C, 0x6B8D, 0x6BAD,
    0x6B8D, 0x6B6C, 0x6B6B, 0x634A, 0x5B29, 0x5AE6, 0x52E3, 0x52E2,
    0x5302, 0x5302, 0x5302, 0x4B02, 0x4AE2, 0x4AE2, 0x4AC4, 0x4AC6,
    0x4AA7, 0x4A87, 0x4A87, 0x4A67, 0x4A68, 0x4A68, 0x4246, 0x4204,
    0x39E0, 0x31A0, 0x29A0, 0x31A0, 0x31C0, 0x31C0, 0x31C0, 0x31E0,
    0x31E0, 0x3A00, 0x3A40, 0x4260, 0x4282, 0x4282, 0x4262, 0x4262,
    0x5AC3, 0x5AC3, 0x5AE3, 0x52C2, 0x4AC1, 0x4AA1, 0x42A0, 0x42A0,
    0x4280, 0x3A80, 0x3A80, 0x3A80, 0x3AA0, 0x42C0, 0x42E0, 0x4B00,
    0x4B00, 0x4B20, 0x5321, 0x5B42, 0x6342, 0x6B63, 0x7B83, 0x8384,
    0x8B85, 0x93A6, 0x9BA6, 0xA3A6, 0xABA7, 0xB3A7, 0xB3C8, 0xBBE8,
    0xC3E8, 0xC409, 0xC409, 0xC409, 0xC42A, 0xCC4A, 0xCC4A, 0xC44B,
    0xC46B, 0xC46B, 0xC46C, 0xC48C, 0xC48D, 0xC48D, 0xC48D, 0xC4AE,
    0xC4AE, 0xC4AF, 0xC4CF, 0xC4CF, 0xC4CF, 0xC4CF, 0xC4D0, 0xC4D0,
    0xC4D0, 0xC4D0, 0xC4D0, 0xBCCF, 0xBCAF, 0xBC8F, 0xB46E, 0xB44D,
    0xB42C, 0xB42B, 0xBC2B, 0xBC2A, 0xC44A, 0xC44B, 0xC46B, 0xC46C,
    0xC48E, 0xBCD0, 0xBCF1, 0xBD13, 0xBD35, 0xB556, 0xB597, 0xB5B8,
    0xB5B8, 0xADB9, 0xD5B4, 0xFDCE, 0xFEB3, 0xFEF6, 0xFE51, 0xFD8D,
    0xFDAD, 0xFE10, 0xFE0F, 0xFE0F, 0xFE0F, 0xFE10, 0xFE51, 0xFE50,
    0xFE0F, 0xFE51, 0xFE51, 0xFE30, 0xFE51, 0xFE0F, 0xFDEE, 0xFDCD,
    0xFD6B, 0xEBE5, 0xDAE2, 0xD2C2, 0xD2C2, 0xD303, 0xD2E2, 0xF4CA,
    0xFDAE, 0xFD6C, 0xFE0F, 0xFE51, 0xFE51, 0xFE51, 0xFE72, 0xFE71,
    0xFE72, 0xFE10, 0xFE10, 0xFE93, 0xFE0F, 0xFE10, 0xFEB3, 0xFE0F,
    0xF4A8, 0xEBC5, 0xDB44, 0xC2A2, 0xBA42, 0xBA41, 0xC262, 0xD2E2,
    0xEBC4, 0xFD6B, 0xFE51, 0xFE93, 0xFE92, 0xFE93, 0xFE93, 0xFE93,
    0xFED5, 0xFE73, 0xFE52, 0xFE51, 0xFE93, 0xFE73, 0xF4A9, 0xEBC4,
    0xFD4A, 0xFEB3, 0xFF37, 0xF56D, 0xDCCD, 0x7C54, 0x8413, 0x7C13,
    0x7C12, 0x7BD1, 0x73B0, 0x73B0, 0x738F, 0x738F, 0x738F, 0x7BAF,
    0x7BD0, 0x7BCF, 0x7BCE, 0x73AC, 0x6B8A, 0x6368, 0x5B25, 0x52E2,
    0x4AC0, 0x42A0, 0x4AC5, 0x5B09, 0x632A, 0x634C, 0x6B8F, 0x73D1,
    0x7BF2, 0x7C13, 0x8433, 0x8433, 0x8432, 0x7C11, 0x7BCF, 0x73AE,
    0x73CE, 0x73CD, 0x73CD, 0x73CD, 0x7BCE, 0x7BEF, 0x7C10, 0x7BF1,
    0x7C10, 0x73CF, 0x73CE, 0x6B8D, 0x634B, 0x5B28, 0x5B06, 0x5B03,
    0x5302, 0x5303, 0x5302, 0x5302, 0x5302, 0x4AE3, 0x4AE6, 0x52E8,
    0x52E9, 0x52C9, 0x52A9, 0x52A9, 0x52A9, 0x4AA9, 0x4A68, 0x4226,
    0x3A02, 0x31C0, 0x31C0, 0x31C0, 0x31C0, 0x31E0, 0x31E0, 0x31E0,
    0x3A00, 0x3A20, 0x3A40, 0x4261, 0x4282, 0x4AA3, 0x4283, 0x4283,
    0x52A2, 0x52C2, 0x52C2, 0x4AC1, 0x42A0, 0x42A0, 0x42A0, 0x3AA0,
    0x3A80, 0x3A60, 0x3A60, 0x3A60, 0x3A80, 0x3AA0, 0x3AC0, 0x42E0,
    0x42E0, 0x4B00, 0x5320, 0x5340, 0x5B41, 0x6362, 0x7383, 0x7B84,
    0x83A4, 0x93A5, 0x9BA6, 0xA3A6, 0xABA7, 0xABA7, 0xB3C8, 0xBBC8,
    0xBBE8, 0xC409, 0xC409, 0xC409, 0xC429, 0xCC4A, 0xCC4A, 0xC44B,
    0xC46B, 0xC46B, 0xC46C, 0xC46C, 0xC48D, 0xC48D, 0xC48E, 0xC4AE,
    0xC4AE, 0xC4AF, 0xC4CF, 0xC4CF, 0xC4CF, 0xC4CF, 0xC4CF, 0xC4D0,
    0xC4D0, 0xC4D0, 0xC4D0, 0xC4D0, 0xBCAF, 0xBC8F, 0xB46E, 0xB44D,
    0xB42C, 0xB42C, 0xBC2B, 0xBC2A, 0xC44B, 0xC46B, 0xC46B, 0xC46C,
    0xC4AE, 0xC4D0, 0xBCF2, 0xBD33, 0xBD55, 0xB576, 0xB597, 0xB5B8,
    0xB5B8, 0xADB9, 0xCD94, 0xFD8D, 0xFEF5, 0xFEF5, 0xFD0B, 0xEBE6,
    0xD385, 0xE427, 0xF54C, 0xFE72, 0xFE31, 0xFE52, 0xFE51, 0xFE30,
    0xFE30, 0xFE30, 0xFE51, 0xFE30, 0xFE30, 0xFE30, 0xFE50, 0xF52A,
    0xE384, 0xCA61, 0xCA61, 0xC261, 0xC281, 0xCAA2, 0xCAC2, 0xDB44,
    0xDB65, 0xDB64, 0xFD6C, 0xFE51, 0xFE51, 0xFE30, 0xFE51, 0xFE51,
    0xFE30, 0xFE30, 0xFE72, 0xFEB3, 0xFE31, 0xFE72, 0xFE93, 0xFE51,
    0xFE30, 0xEC47, 0xCAC3, 0xCAC3, 0xCAC3, 0xC2A2, 0xBA62, 0xE383,
    0xFDAD, 0xFED4, 0xFEB4, 0xFE93, 0xFEB3, 0xFE93, 0xFE51, 0xFD8E,
    0xFE52, 0xFEF5, 0xFE93, 0xFE94, 0xFE93, 0xFE93, 0xFE30, 0xFDCD,
    0xFE92, 0xFE93, 0xFF16, 0xFE93, 0xAC91, 0x7413, 0x8413, 0x7C12,
    0x7BF2, 0x7BD1, 0x73B0, 0x73AF, 0x73AF, 0x73AF, 0x7BD0, 0x7BD0,
    0x83F0, 0x83F0, 0x7BEE, 0x73AD, 0x6B8B, 0x6348, 0x5B25, 0x52E2,
    0x4AC0, 0x4AC2, 0x52E7, 0x632A, 0x636C, 0x6B6E, 0x6BB0, 0x73F2,
    0x7C13, 0x7C33, 0x8433, 0x8432, 0x7C11, 0x7BCF, 0x73AE, 0x73AD,
    0x73AD, 0x73CD, 0x7BED, 0x7BEE, 0x8410, 0x8C52, 0x8C73, 0x8453,
    0x8453, 0x8432, 0x7BF0, 0x73CE, 0x6B8C, 0x634A, 0x5B27, 0x5B24,
    0x5B22, 0x5322, 0x5302, 0x5302, 0x5302, 0x4AE3, 0x5307, 0x5309,
    0x530A, 0x52EB, 0x52CB, 0x52CB, 0x52CB, 0x52CB, 0x4A89, 0x4227,
    0x4204, 0x39C0, 0x31C0, 0x39E0, 0x39E0, 0x39E0, 0x3A00, 0x3A00,
    0x3A00, 0x3A20, 0x3A40, 0x4261, 0x4283, 0x4AC4, 0x4AC4, 0x42A5,
    0x52A2, 0x4AA1, 0x4AA1, 0x4AC0, 0x42C0, 0x42A0, 0x42A0, 0x3AA0,
    0x3A80, 0x3260, 0x3260, 0x3260, 0x3260, 0x3A80, 0x3AA0, 0x42C0,
    0x42E0, 0x4B00, 0x4B20, 0x5340, 0x5B41, 0x6362, 0x6BA2, 0x7BA3,
    0x83A4, 0x8BA5, 0x9BA6, 0x9BA6, 0xA3A7, 0xABA7, 0xB3C7, 0xBBC8,
    0xBBE8, 0xC3E9, 0xC409, 0xC409, 0xC429, 0xCC4A, 0xC44A, 0xC44B,
    0xC46B, 0xC46B, 0xC46C, 0xC46C, 0xC48D, 0xC48D, 0xC4AE, 0xC4AE,
    0xC4AE, 0xC4AF, 0xC4CF, 0xC4CF, 0xBCCF, 0xC4CF, 0xC4CF, 0xC4CF,
    0xC4D0, 0xC4F0, 0xC4F0, 0xC4D0, 0xBCAF, 0xBC8F, 0xB46E, 0xB44D,
    0xB42C, 0xB42C, 0xBC2B, 0xBC2A, 0xC44B, 0xC46B, 0xC46B, 0xC46C,
    0xC4AE, 0xC4D0, 0xBCF2, 0xBD34, 0xBD55, 0xB577, 0xB598, 0xB5B9,
    0xB5B9, 0xADBA, 0xD552, 0xFD8C, 0xFF58, 0xFDAD, 0xF427, 0xE3A6,
    0xC2C3, 0xD2E2, 0xF4EA, 0xFDAE, 0xFE30, 0xFE51, 0xFE31, 0xFE51,
    0xFE51, 0xFE2F, 0xFE0F, 0xFE0F, 0xFE30, 0xFE50, 0xFDAC, 0xDB64,
    0xCAA2, 0xBA21, 0xA9C0, 0xB201, 0xB221, 0xC282, 0xC2C2, 0xCAA2,
    0xD2E3, 0xD303, 0xDB64, 0xF58D, 0xFE30, 0xFE72, 0xFE50, 0xFE51,
    0xFEB3, 0xFE72, 0xFE93, 0xFE93, 0xFE31, 0xFE51, 0xFE93, 0xFE51,
    0xFE72, 0xF50B, 0xDB23, 0xCAC2, 0xD303, 0xDB23, 0xDB02, 0xF487,
    0xFE72, 0xFEB3, 0xFED4, 0xFE93, 0xFE93, 0xFE31, 0xF4EB, 0xCAE3,
    0xD324, 0xFD2C, 0xFE72, 0xFE93, 0xFE93, 0xFE73, 0xFE93, 0xFE93,
    0xFEB3, 0xFEB3, 0xFEB4, 0xFE93, 0xACD2, 0x73F3, 0x8412, 0x7C12,
    0x7BF1, 0x7BD0, 0x73AF, 0x73AF, 0x73AF, 0x7BD0, 0x7BD0, 0x83F0,
    0x8411, 0x8410, 0x7BEF, 0x73AD, 0x6B8B, 0x6348, 0x5B05, 0x52E2,
    0x4AC2, 0x52C5, 0x5B09, 0x6B6C, 0x6B8E, 0x6BAF, 0x73D1, 0x7C12,
    0x7C33, 0x7C33, 0x7C12, 0x7C11, 0x7BD0, 0x73AE, 0x738C, 0x738A,
    0x73AB, 0x7BCD, 0x7C0E, 0x842F, 0x8C52, 0x8C93, 0x94B5, 0x94B5,
    0x8CB5, 0x8473, 0x7C31, 0x73EF, 0x73AE, 0x6B6C, 0x6349, 0x5B25,
    0x5B23, 0x5302, 0x5302, 0x52E2, 0x52E2, 0x4AE4, 0x5308, 0x5B2B,
    0x5B2C, 0x5B2C, 0x530C, 0x52EC, 0x52EC, 0x52CC, 0x4A8B, 0x4248,
    0x4224, 0x39E0, 0x39E0, 0x3A01, 0x3A01, 0x3A21, 0x3A21, 0x3A20,
    0x3A20, 0x3A20, 0x3A40, 0x4261, 0x42A3, 0x4AC5, 0x4AE6, 0x4AC6,
    0x4AA1, 0x4AA0, 0x42A0, 0x42A0, 0x42C0, 0x42A0, 0x42A0, 0x3AA0,
    0x3A80, 0x3260, 0x3240, 0x3260, 0x3260, 0x3A80, 0x3AA0, 0x42E0,
    0x4300, 0x4B20, 0x4B20, 0x5320, 0x5341, 0x5B62, 0x6BA2, 0x73A3,
    0x83A4, 0x8BA5, 0x93A5, 0x9B86, 0xA386, 0xABA7, 0xB3A7, 0xBBC8,
    0xBBE8, 0xC3E8, 0xC409, 0xC409, 0xC429, 0xCC4A, 0xCC4A, 0xC44B,
    0xC46B, 0xC46C, 0xC48C, 0xC48C, 0xC48D, 0xC48D, 0xC4AE, 0xC4AE,
    0xC4AE, 0xC4AF, 0xC4CF, 0xC4CF, 0xBCCF, 0xC4D0, 0xC4D0, 0xC4D0,
    0xC4D0, 0xC4D0, 0xC4D0, 0xC4D0, 0xBCCF, 0xBC8F, 0xB46E, 0xB44D,
    0xB42C, 0xB42C, 0xBC2B, 0xBC2A, 0xC44B, 0xC46B, 0xC46B, 0xC46C,
    0xC4AE, 0xC4D0, 0xBCF2, 0xBD34, 0xBD55, 0xB577, 0xB598, 0xB5B9,
    0xB5B9, 0xADDA, 0xDD30, 0xFDEF, 0xFF36, 0xFD0A, 0xF427, 0xD345,
    0xD303, 0xDB44, 0xDB84, 0xDBC6, 0xFDEF, 0xFE30, 0xFE51, 0xFE30,
    0xFE0F, 0xFE0F, 0xFDEE, 0xFE50, 0xFDCD, 0xF4A8, 0xDB23, 0xC241,
    0xC261, 0xC241, 0xA9E0, 0xB201, 0xB221, 0xC282, 0xBA62, 0xBA41,
    0xBA41, 0xC282, 0xCAE3, 0xDB23, 0xF488, 0xFDAD, 0xF4EA, 0xFE0F,
    0xFEB3, 0xFE93, 0xFE72, 0xFE10, 0xFE10, 0xFE31, 0xFE72, 0xFE52,
    0xFE72, 0xFDCE, 0xF50A, 0xEC26, 0xE3A4, 0xEBE5, 0xFCE9, 0xFDAD,
    0xFE30, 0xFE0F, 0xFE10, 0xFE72, 0xFE93, 0xED0C, 0xD365, 0xC2C3,
    0xBA41, 0xDB02, 0xF426, 0xFDEF, 0xFE93, 0xFE72, 0xFE72, 0xFE93,
    0xFE93, 0xFEB4, 0xFE10, 0xFD8D, 0xB4F2, 0x73F2, 0x8412, 0x7BF2,
    0x7BD1, 0x73B0, 0x73AF, 0x73AF, 0x73AF, 0x7BCF, 0x7BF0, 0x83F1,
    0x8411, 0x8410, 0x83EF, 0x73AD, 0x6B8B, 0x6348, 0x5B06, 0x5305,
    0x52E6, 0x5AE7, 0x634A, 0x6B8E, 0x73AF, 0x73D0, 0x73F2, 0x7C13,
    0x7C33, 0x7C33, 0x7C11, 0x7BD0, 0x73AE, 0x6B8C, 0x6B69, 0x6B69,
    0x738A, 0x73CC, 0x7C0E, 0x8450, 0x8C72, 0x94B4, 0x94D6, 0x94F7,
    0x94D6, 0x8C95, 0x8453, 0x7C11, 0x73CF, 0x6B8D, 0x636A, 0x5B26,
    0x5B03, 0x52E1, 0x52E1, 0x52E1, 0x52C1, 0x52C3, 0x5308, 0x5B4C,
    0x5B4D, 0x5B4E, 0x5B2E, 0x5B2E, 0x530E, 0x52EE, 0x52AC, 0x4A69,
    0x4225, 0x4202, 0x3A02, 0x4202, 0x4222, 0x4222, 0x4222, 0x4221,
    0x4220, 0x3A20, 0x4240, 0x4262, 0x4AA4, 0x4AC6, 0x4AE7, 0x52E8,
    0x52A1, 0x4280, 0x42A0, 0x42A0, 0x42C0, 0x42C0, 0x42A0, 0x3AA0,
    0x3A80, 0x3260, 0x3240, 0x3260, 0x3280, 0x3AA0, 0x42C0, 0x4300,
    0x4B20, 0x4B20, 0x4B20, 0x5340, 0x5B41, 0x6362, 0x6BA2, 0x7BA3,
    0x83A4, 0x8BA5, 0x9385, 0x9B86, 0xA386, 0xAB87, 0xB3A7, 0xB3C7,
    0xBBC8, 0xC3E8, 0xC409, 0xC409, 0xC429, 0xCC4A, 0xC44A, 0xC46B,
    0xC46B, 0xC46C, 0xC48C, 0xC48D, 0xC48D, 0xC48E, 0xC4AE, 0xC4AE,
    0xC4CF, 0xC4AF, 0xBCCF, 0xC4CF, 0xC4CF, 0xBCD0, 0xC4D0, 0xBCD0,
    0xBCD0, 0xC4D0, 0xC4D0, 0xC4D0, 0xBCCF, 0xBC8F, 0xB46E, 0xB44D,
    0xB42C, 0xB42B, 0xBC0B, 0xBC2A, 0xC44B, 0xC44B, 0xC46B, 0xC46C,
    0xC4AE, 0xC4D0, 0xBD12, 0xBD34, 0xBD55, 0xB577, 0xB598, 0xB5B9,
    0xB5B9, 0xB5DA, 0xED2D, 0xFE71, 0xFDCD, 0xF467, 0xEBE7, 0xD324,
    0xDB85, 0xE384, 0xC2A2, 0xDBA5, 0xFDEF, 0xFE51, 0xFE51, 0xFE30,
    0xFE51, 0xFE30, 0xFE71, 0xFDAD, 0xE363, 0xD2C2, 0xBA21, 0xB221,
    0xC262, 0xB201, 0xB201, 0xAA01, 0xBA41, 0xCAA2, 0xC282, 0xB221,
    0xBA41, 0xBA41, 0xC282, 0xD2E3, 0xD2E3, 0xD303, 0xDAE2, 0xEC69,
    0xFE51, 0xFE10, 0xFE30, 0xFE10, 0xFE30, 0xFE72, 0xFE93, 0xFED5,
    0xFE93, 0xFE10, 0xFDEF, 0xFE0F, 0xFDAD, 0xFD2B, 0xFDCE, 0xFE10,
    0xFE71, 0xFE30, 0xFE10, 0xFE31, 0xFE51, 0xED0C, 0xD2E2, 0xCAC3,
    0xCAC3, 0xCAC3, 0xDB03, 0xEBC5, 0xFDCF, 0xFEB3, 0xFE73, 0xFE93,
    0xFEB4, 0xFED5, 0xFDCF, 0xFC46, 0xC48F, 0x7C13, 0x8412, 0x7BF1,
    0x7BD0, 0x73AF, 0x73AF, 0x73AF, 0x7BAF, 0x7BCF, 0x7BF0, 0x83F1,
    0x8411, 0x8411, 0x7BEF, 0x73AD, 0x6B8B, 0x6349, 0x5B27, 0x5B27,
    0x5B27, 0x5B29, 0x6B4C, 0x73AF, 0x73D1, 0x73F1, 0x7C13, 0x7C33,
    0x7C33, 0x7C12, 0x7BF1, 0x73AE, 0x6B8C, 0x6B49, 0x6B47, 0x6B47,
    0x7369, 0x73CC, 0x840E, 0x8450, 0x8C72, 0x94B4, 0x94F6, 0x9D17,
    0x9CF7, 0x8CB6, 0x8474, 0x7C12, 0x73D0, 0x6B8D, 0x636A, 0x5B27,
    0x5AE4, 0x52E1, 0x52C1, 0x52C0, 0x4AC0, 0x52C3, 0x52E9, 0x5B4D,
    0x636F, 0x636F, 0x5B4F, 0x5B4F, 0x5B2F, 0x532F, 0x52ED, 0x4A89,
    0x4246, 0x4223, 0x4222, 0x4222, 0x4222, 0x4242, 0x4242, 0x4221,
    0x4221, 0x4221, 0x4240, 0x4262, 0x4A84, 0x4AC6, 0x52E8, 0x5309,
    0x52A3, 0x4A81, 0x4280, 0x4280, 0x42A0, 0x42A0, 0x3AA0, 0x3AA0,
    0x3A80, 0x3240, 0x3240, 0x3260, 0x3A80, 0x3AA0, 0x42E0, 0x4300,
    0x4B00, 0x4300, 0x4B20, 0x5320, 0x5B41, 0x6362, 0x6B82, 0x7B83,
    0x8384, 0x8B84, 0x9385, 0x9B86, 0xA386, 0xAB87, 0xB387, 0xB3A7,
    0xBBC8, 0xC3E8, 0xC409, 0xC409, 0xC429, 0xCC4A, 0xC44A, 0xC46B,
    0xC46B, 0xC46C, 0xC48C, 0xC48D, 0xC48D, 0xC4AE, 0xC4AE, 0xC4AF,
    0xC4CF, 0xC4CF, 0xC4CF, 0xC4CF, 0xC4D0, 0xC4D0, 0xBCD0, 0xBCD0,
    0xBCD0, 0xC4D0, 0xC4D0, 0xBCD0, 0xBCCF, 0xBC8F, 0xB46E, 0xB44D,
    0xB42C, 0xB40B, 0xBC0B, 0xBC2A, 0xC44A, 0xC46B, 0xC46B, 0xC46C,
    0xC4AE, 0xC4D0, 0xBCF2, 0xBD34, 0xBD56, 0xB577, 0xB598, 0xB5B9,
    0xB5B9, 0xBDB7, 0xFD6D, 0xFE0F, 0xFC87, 0xF447, 0xE3E6, 0xE385,
    0xDB85, 0xDB64, 0xCAC3, 0xE427, 0xFE71, 0xFE51, 0xFE51, 0xFE51,
    0xFE51, 0xFE51, 0xFE50, 0xEC68, 0xD2C2, 0xCA82, 0xC261, 0xBA21,
    0xA1E1, 0xB241, 0xCAA2, 0xAA01, 0xCAC2, 0xD2C2, 0xAA01, 0xC282,
    0xCAA2, 0xC282, 0xC282, 0xCAA2, 0xCAC2, 0xC282, 0xC282, 0xCAC2,
    0xE385, 0xEC27, 0xFDCF, 0xFE52, 0xFE72, 0xFE52, 0xFEB3, 0xFEB4,
    0xFE31, 0xFE30, 0xFE73, 0xFE72, 0xFE30, 0xFDCE, 0xFE10, 0xFE51,
    0xFE93, 0xFE93, 0xFE72, 0xFE73, 0xF56D, 0xE428, 0xD303, 0xBA42,
    0xC282, 0xD2E3, 0xDB44, 0xDAC2, 0xEC06, 0xFEB3, 0xFED4, 0xFE94,
    0xFEB4, 0xFEB4, 0xF56D, 0xFC46, 0xD46B, 0x7C13, 0x8411, 0x7BF1,
    0x7BD0, 0x73AF, 0x73AF, 0x73AF, 0x7BAF, 0x7BCF, 0x7BF0, 0x83F1,
    0x8411, 0x8411, 0x7BEF, 0x73AD, 0x6B8B, 0x6369, 0x6348, 0x6348,
    0x6349, 0x634B, 0x6B6E, 0x73D0, 0x7BF2, 0x7C12, 0x7C33, 0x7C33,
    0x7C33, 0x7BF1, 0x73CF, 0x6B8D, 0x6B49, 0x6326, 0x6325, 0x6B25,
    0x6B67, 0x73CB, 0x840E, 0x8C51, 0x8C72, 0x9494, 0x94D6, 0x9CF7,
    0x94F7, 0x8CB6, 0x8475, 0x7C33, 0x73F0, 0x6BAE, 0x636B, 0x5B08,
    0x5AE4, 0x52C0, 0x52C0, 0x52C0, 0x4AA0, 0x52A3, 0x52E9, 0x5B4D,
    0x636F, 0x6370, 0x6371, 0x6371, 0x5B71, 0x5B50, 0x52ED, 0x4A8A,
    0x4266, 0x4223, 0x4222, 0x4A42, 0x4A42, 0x4A43, 0x4A43, 0x4243,
    0x4243, 0x4243, 0x4241, 0x4262, 0x4A84, 0x4AC6, 0x52E8, 0x530A,
    0x5AC4, 0x5283, 0x4260, 0x3A60, 0x3A80, 0x3A80, 0x3A80, 0x3A80,
    0x3260, 0x3240, 0x3240, 0x3240, 0x3A80, 0x3AA0, 0x42E0, 0x42E0,
    0x42E0, 0x42E0, 0x4B00, 0x5320, 0x5B41, 0x6362, 0x7362, 0x7B63,
    0x8364, 0x8B64, 0x9365, 0x9B66, 0xA366, 0xAB67, 0xB387, 0xB3A7,
    0xBBC8, 0xC3E8, 0xC3E9, 0xC409, 0xC429, 0xC44A, 0xC44A, 0xC44B,
    0xC46B, 0xC46C, 0xC48C, 0xC48D, 0xC48D, 0xC4AE, 0xC4AE, 0xC4AF,
    0xC4AF, 0xC4CF, 0xBCCF, 0xC4D0, 0xC4D0, 0xC4D0, 0xBCD0, 0xBCD0,
    0xBCD0, 0xBCD0, 0xBCD0, 0xBCD0, 0xBCAF, 0xBC8F, 0xB46E, 0xB44D,
    0xB42C, 0xB40B, 0xB40B, 0xBC0A, 0xC44A, 0xC46B, 0xC46B, 0xC46C,
    0xC4AE, 0xC4D0, 0xBCF2, 0xBD34, 0xBD56, 0xB577, 0xB598, 0xB5B9,
    0xADBA, 0xCDB5, 0xFDCE, 0xFD4C, 0xFC67, 0xEBC6, 0xDBA6, 0xE3A6,
    0xDB65, 0xCB03, 0xD324, 0xF50B, 0xF58D, 0xFE72, 0xFE51, 0xFE0F,
    0xFE51, 0xFE50, 0xFD2A, 0xDB22, 0xCAA2, 0xC261, 0xC261, 0xB221,
    0xAA01, 0xCAC2, 0xC2A2, 0xBA62, 0xBA42, 0xC282, 0xBA42, 0xC2A3,
    0xCAC2, 0xCAC2, 0xCAC2, 0xCAC3, 0xC282, 0xCAC2, 0xD2E3, 0xDB23,
    0xDB03, 0xE323, 0xEC07, 0xF4EB, 0xFDAE, 0xFE72, 0xFE93, 0xFE73,
    0xFE32, 0xFE72, 0xFE72, 0xFE72, 0xFE10, 0xFE10, 0xFE30, 0xFE51,
    0xFED4, 0xFE93, 0xFE52, 0xFE72, 0xECAA, 0xC2E3, 0xBA82, 0xAA01,
    0xC262, 0xCAC2, 0xD2E3, 0xD2E3, 0xEB84, 0xFD6C, 0xFE30, 0xFED5,
    0xFEB4, 0xFED4, 0xF52C, 0xF426, 0xF4AA, 0x9452, 0x7BF1, 0x7BF1,
    0x7BB0, 0x7BAF, 0x7BAF, 0x7BAF, 0x7BAF, 0x7BD0, 0x7BF0, 0x8411,
    0x8412, 0x8411, 0x7BEF, 0x73AD, 0x738C, 0x6B6A, 0x6B6A, 0x6B6A,
    0x6B6B, 0x6B6C, 0x6B8F, 0x7BF1, 0x7C33, 0x7C34, 0x7C33, 0x7C33,
    0x7C12, 0x73D0, 0x6B8E, 0x6B4B, 0x6327, 0x6324, 0x6323, 0x6B24,
    0x6B67, 0x73CB, 0x840F, 0x8451, 0x8C73, 0x8C94, 0x94D6, 0x94F7,
    0x94D6, 0x8CB5, 0x8474, 0x7C32, 0x73F0, 0x6B8E, 0x634B, 0x5B08,
    0x5AC4, 0x52A0, 0x52A0, 0x52A0, 0x52A0, 0x52A4, 0x5AE9, 0x636E,
    0x6390, 0x6B91, 0x6B92, 0x6392, 0x6392, 0x5B71, 0x530D, 0x4A8A,
    0x4A66, 0x4A43, 0x4A43, 0x4A43, 0x4A65, 0x4A66, 0x4A67, 0x4A67,
    0x4A66, 0x4A64, 0x4A63, 0x4A84, 0x4A85, 0x4AA7, 0x52E9, 0x530B,
    0x62C5, 0x5AA4, 0x4261, 0x3A40, 0x3240, 0x3A60, 0x3A60, 0x3260,
    0x3260, 0x3240, 0x3240, 0x3240, 0x3A60, 0x3AA0, 0x42C0, 0x3AC0,
    0x3AC0, 0x42E0, 0x42E0, 0x5320, 0x5B42, 0x6342, 0x7363, 0x7B63,
    0x8364, 0x8B44, 0x9365, 0x9B66, 0xA366, 0xAB67, 0xAB87, 0xB387,
    0xBBA8, 0xBBC8, 0xC3E9, 0xC409, 0xC429, 0xC44A, 0xC44B, 0xC44B,
    0xC46B, 0xC46C, 0xC48C, 0xC48D, 0xC48D, 0xC4AE, 0xC4AE, 0xC4AF,
    0xC4CF, 0xC4CF, 0xC4CF, 0xBCD0, 0xBCD0, 0xBCD0, 0xBCD0, 0xBCD0,
    0xC4D0, 0xBCD0, 0xC4D0, 0xBCD0, 0xBCAF, 0xBC8F, 0xB46E, 0xB44D,
    0xB42C, 0xB40B, 0xB40B, 0xBC2A, 0xC44A, 0xCC4B, 0xC46B, 0xC46C,
    0xC48E, 0xBCD0, 0xBCF2, 0xBD34, 0xBD55, 0xB577, 0xB598, 0xB5B9,
    0xADBA, 0xDD72, 0xFE2F, 0xFCEB, 0xEBE5, 0xEC06, 0xE3C6, 0xE3A5,
    0xD304, 0xC282, 0xD344, 0xE385, 0xECC9, 0xFE50, 0xFE30, 0xFE51,
    0xFE50, 0xFDCD, 0xDB63, 0xC282, 0xAA01, 0xBA21, 0xC241, 0xBA41,
    0xCAA2, 0xC282, 0xBA62, 0xCAC2, 0xAA01, 0xAA02, 0xCAC2, 0xCAE3,
    0xC2A2, 0xCAA2, 0xD303, 0xD2E3, 0xC2A2, 0xCAE3, 0xE323, 0xD2E3,
    0xDB03, 0xD2C3, 0xDB03, 0xDB03, 0xEC48, 0xFE93, 0xFEB4, 0xFE93,
    0xFE93, 0xFEB4, 0xFE93, 0xFE72, 0xFE72, 0xFE52, 0xFE51, 0xFE30,
    0xFE72, 0xFE51, 0xFE51, 0xF5F0, 0xE407, 0xCAE3, 0xBA82, 0x99A0,
    0xB221, 0xBA62, 0xC282, 0xD2E3, 0xDB23, 0xEB84, 0xFC26, 0xFDAD,
    0xFEB4, 0xFEF5, 0xF58F, 0xF426, 0xFCCA, 0xA450, 0x7BF2, 0x7BD1,
    0x7BD0, 0x7BAF, 0x7BAF, 0x7BAF, 0x7BCF, 0x7BD0, 0x7BF1, 0x8411,
    0x8412, 0x8411, 0x7BCF, 0x7BCE, 0x73AD, 0x738C, 0x6B8B, 0x6B8B,
    0x738C, 0x738E, 0x73B0, 0x7C12, 0x8454, 0x8454, 0x7C34, 0x7C12,
    0x7BF1, 0x73CF, 0x6B6C, 0x6329, 0x5B04, 0x5B02, 0x6323, 0x6B46,
    0x6B89, 0x73CC, 0x7C0F, 0x8451, 0x8C73, 0x8C95, 0x8CB6, 0x94D6,
    0x94D6, 0x8CB5, 0x8474, 0x7C32, 0x73CF, 0x6B8D, 0x634A, 0x6308,
    0x5AA4, 0x5280, 0x5280, 0x5280, 0x5280, 0x52A4, 0x5AEA, 0x636E,
    0x6B91, 0x6BB2, 0x6B92, 0x6B92, 0x6392, 0x5B71, 0x530E, 0x52AA,
    0x4A66, 0x4A44, 0x4A64, 0x5266, 0x4A88, 0x4A89, 0x52A9, 0x4A89,
    0x4A88, 0x4A87, 0x4A86, 0x4A85, 0x4AA5, 0x4AA7, 0x52EA, 0x5B2C,
    0x6AC5, 0x5A84, 0x4A42, 0x3A20, 0x3200, 0x3220, 0x3240, 0x3240,
    0x3220, 0x2A20, 0x2A00, 0x2A20, 0x3240, 0x3A60, 0x3A80, 0x3A80,
    0x3A80, 0x3AA0, 0x42E0, 0x5301, 0x5B22, 0x6B43, 0x7343, 0x7B43,
    0x8344, 0x8B44, 0x9345, 0x9B45, 0xA346, 0xAB66, 0xAB67, 0xB387,
    0xB3A8, 0xBBC8, 0xC3E9, 0xC409, 0xC429, 0xC44A, 0xC44A, 0xC44B,
    0xC46B, 0xC46C, 0xC46C, 0xC48D, 0xC48D, 0xC48E, 0xC4AE, 0xC4AF,
    0xC4CF, 0xC4CF, 0xC4CF, 0xBCD0, 0xBCD0, 0xBCD0, 0xBCD0, 0xBCD0,
    0xBCD0, 0xBCF0, 0xC4F0, 0xBCD0, 0xBCAF, 0xBCAF, 0xB46E, 0xB44D,
    0xB42C, 0xB40B, 0xBC0B, 0xBC0A, 0xC44A, 0xCC4A, 0xCC4A, 0xC46C,
    0xC4AE, 0xBCD0, 0xBCF2, 0xBD34, 0xB556, 0xB577, 0xB598, 0xB5B9,
    0xB5B9, 0xEDD0, 0xFDEE, 0xF468, 0xF426, 0xEC27, 0xE3A5, 0xCAE3,
    0xC2A2, 0xDB44, 0xDB64, 0xE3C5, 0xFE0F, 0xFE50, 0xFE0F, 0xFE30,
    0xFE50, 0xF50A, 0xCAC2, 0xAA22, 0xAA01, 0xB221, 0xBA21, 0xBA41,
    0xC282, 0xBA62, 0xC2A2, 0xCAA2, 0xBA62, 0xB262, 0xBA82, 0xC2A3,
    0xC282, 0xCAA2, 0xCA82, 0xCAC3, 0xD2E3, 0xCAE3, 0xD2C2, 0xCA82,
    0xBA41, 0xCAC2, 0xD2E3, 0xCAA2, 0xDB23, 0xFD8D, 0xFEB4, 0xFE73,
    0xFE52, 0xFE72, 0xFE93, 0xFE93, 0xFE93, 0xFE72, 0xFE93, 0xFE72,
    0xFEB3, 0xFE31, 0xFE72, 0xF5F0, 0xE428, 0xCB03, 0xAA21, 0x99A1,
    0xAA01, 0xBA62, 0xBA62, 0xCAC3, 0xD2E3, 0xDB23, 0xE385, 0xF3A3,
    0xFD2A, 0xFEB4, 0xFE73, 0xF468, 0xFCA8, 0xBC4E, 0x7BF2, 0x7BF1,
    0x7BD0, 0x7BAF, 0x7BAF, 0x7BCF, 0x7BD0, 0x83F0, 0x8411, 0x8412,
    0x8432, 0x8411, 0x7BF0, 0x7BCE, 0x73AE, 0x73AD, 0x73AD, 0x73AD,
    0x73AE, 0x73AF, 0x73D1, 0x7C13, 0x8454, 0x8454, 0x7C33, 0x7C12,
    0x7BD0, 0x73AE, 0x6B6B, 0x6327, 0x5B03, 0x5B03, 0x6346, 0x6B69,
    0x6B8B, 0x73CE, 0x7C10, 0x8452, 0x8474, 0x8C95, 0x8C95, 0x8CB5,
    0x8CD6, 0x8CB5, 0x8473, 0x7C11, 0x73CF, 0x6B6C, 0x632A, 0x62E7,
    0x5AC4, 0x5A80, 0x5260, 0x5260, 0x5260, 0x5284, 0x62EA, 0x6B6E,
    0x6BB1, 0x6BB2, 0x6BB2, 0x63B2, 0x6392, 0x5B70, 0x5B0D, 0x52AA,
    0x5287, 0x5286, 0x5286, 0x52A8, 0x52AA, 0x52CA, 0x52CA, 0x52CB,
    0x52CA, 0x4ACA, 0x4AC8, 0x4AA6, 0x4AA6, 0x4AC7, 0x52EB, 0x5B2D,
    0x6AC5, 0x62A5, 0x5A84, 0x4A63, 0x4262, 0x4A63, 0x4A83, 0x4A83,
    0x4283, 0x4283, 0x4263, 0x4282, 0x4AA3, 0x4AC3, 0x4AC3, 0x4AE4,
    0x52E4, 0x5304, 0x5B25, 0x6325, 0x6B24, 0x7344, 0x7B24, 0x8324,
    0x8324, 0x8B24, 0x9325, 0x9B25, 0xA326, 0xAB46, 0xAB67, 0xB367,
    0xB3A8, 0xBBC8, 0xC3E9, 0xC409, 0xC429, 0xC42A, 0xC44A, 0xC44B,
    0xC46B, 0xC46C, 0xC46C, 0xC48D, 0xC48D, 0xBC8E, 0xBCAE, 0xBCAF,
    0xC4CF, 0xBCCF, 0xBCCF, 0xBCD0, 0xBCD0, 0xBCD0, 0xC4D0, 0xBCD0,
    0xBCD0, 0xBCF0, 0xC4F0, 0xBCD0, 0xBCAF, 0xBCAF, 0xB46E, 0xB44D,
    0xB42C, 0xB40B, 0xBC0B, 0xBC0A, 0xC44A, 0xCC4A, 0xC44A, 0xC46C,
    0xC4AE, 0xBCD0, 0xBCF2, 0xBD34, 0xBD56, 0xB577, 0xB598, 0xB5B9,
    0xC596, 0xFE30, 0xFD8C, 0xFCC9, 0xFCE9, 0xF426, 0xDB65, 0xBA83,
    0xD324, 0xDB24, 0xE384, 0xF52B, 0xFE71, 0xFE51, 0xFE30, 0xFE30,
    0xFE50, 0xEC26, 0xC282, 0xC282, 0xB201, 0xA9E1, 0xB201, 0xA1E1,
    0xAA01, 0x99C1, 0xB242, 0xC282, 0xCAE3, 0xBA82, 0x99E2, 0xBA62,
    0xC2C2, 0xD303, 0xDB23, 0xD2E2, 0xD2E3, 0xD303, 0xCAC3, 0xBA22,
    0xBA41, 0xD2E2, 0xD2E3, 0xCAA2, 0xD2E3, 0xE3E6, 0xFE31, 0xFE72,
    0xFE51, 0xFE93, 0xFE51, 0xFE72, 0xFEB4, 0xFE52, 0xFE71, 0xFE31,
    0xFE0F, 0xFE30, 0xFE31, 0xECAA, 0xC2E3, 0xB262, 0xA1E1, 0x99C1,
    0xAA21, 0xB222, 0xB242, 0xCAC2, 0xD2E3, 0xD303, 0xDB23, 0xEB84,
    0xF3E4, 0xFDEF, 0xFEF6, 0xF56E, 0xFC87, 0xE48C, 0x7C12, 0x83F1,
    0x7BF0, 0x7BD0, 0x7BD0, 0x7BD0, 0x83F0, 0x83F1, 0x8411, 0x8432,
    0x8432, 0x8411, 0x8410, 0x7BEF, 0x7BCE, 0x7BCE, 0x73AE, 0x73AE,
    0x7BCF, 0x7BD0, 0x7BF2, 0x7C33, 0x8454, 0x8454, 0x7C33, 0x7BF1,
    0x73D0, 0x738E, 0x6B4A, 0x6326, 0x5B25, 0x6327, 0x6369, 0x6B8B,
    0x6BAD, 0x73EF, 0x7C11, 0x8433, 0x8474, 0x8C75, 0x8C95, 0x8C95,
    0x8C95, 0x8C94, 0x8453, 0x7C11, 0x73CE, 0x6B6C, 0x632A, 0x5AE7,
    0x5AC5, 0x5AA1, 0x5260, 0x5260, 0x5280, 0x5AA4, 0x62EA, 0x6B6E,
    0x6B90, 0x6BB1, 0x6B91, 0x6391, 0x6371, 0x5B50, 0x5B0D, 0x5ACB,
    0x52A8, 0x52A7, 0x5AA8, 0x5ACA, 0x5ACB, 0x5AEC, 0x530C, 0x530D,
    0x530D, 0x52EC, 0x52EA, 0x4AC8, 0x4AA7, 0x4AA8, 0x52EB, 0x532D,
    0x7AE7, 0x7AE7, 0x72C7, 0x6AE7, 0x6B08, 0x6B28, 0x6B29, 0x7349,
    0x7369, 0x7369, 0x7369, 0x7369, 0x7369, 0x7B8A, 0x7BAA, 0x7BAA,
    0x7BCA, 0x83CA, 0x83A9, 0x7B88, 0x7B67, 0x8346, 0x8325, 0x8324,
    0x8B04, 0x8B04, 0x9304, 0x9B05, 0xA326, 0xA346, 0xAB47, 0xB367,
    0xBBA7, 0xBBC8, 0xC3E9, 0xC409, 0xC429, 0xC42A, 0xC44A, 0xC44B,
    0xC44B, 0xC46C, 0xC46D, 0xC46D, 0xBC8D, 0xBC8E, 0xBC8E, 0xBCAF,
    0xBCAF, 0xBCCF, 0xBCCF, 0xC4D0, 0xBCD0, 0xBCD0, 0xBCD0, 0xBCD0,
    0xBCD0, 0xBCD0, 0xC4F0, 0xBCD0, 0xBCAF, 0xBCAF, 0xB46E, 0xB44D,
    0xB42C, 0xB40B, 0xBC0B, 0xBC0A, 0xC44A, 0xCC4A, 0xC44A, 0xC46C,
    0xC4AE, 0xBCD0, 0xBCF2, 0xBD34, 0xBD56, 0xB577, 0xB598, 0xADB9,
    0xDDD4, 0xFEB2, 0xFD4B, 0xFD2A, 0xFCC9, 0xDB85, 0xCAC3, 0xDB64,
    0xDB44, 0xD303, 0xDB84, 0xF58D, 0xFE72, 0xFE50, 0xFE51, 0xFE51,
    0xFDCD, 0xE3A4, 0xC282, 0xBA41, 0xBA41, 0xCA81, 0xC282, 0xAA01,
    0xAA01, 0xA1E1, 0xA1E1, 0xBA62, 0xD2C2, 0xA1C1, 0x8160, 0xB201,
    0xCAE3, 0xCAE3, 0xD323, 0xDB03, 0xCAA2, 0xC282, 0xA1C1, 0xBA62,
    0xBA41, 0xD2E2, 0xCAC3, 0xD2E3, 0xCAA2, 0xCAA2, 0xECA9, 0xFE93,
    0xFE52, 0xFE51, 0xFE51, 0xFE72, 0xFEB3, 0xFE72, 0xFE0F, 0xFDEE,
    0xF488, 0xEBE6, 0xEC27, 0xE3C5, 0xC2C3, 0xC2A2, 0xC282, 0xBA42,
    0xBA82, 0xBA42, 0xBA62, 0xD2C2, 0xCAC2, 0xCAC3, 0xD2E3, 0xDB23,
    0xEB83, 0xFD6C, 0xFF37, 0xFE32, 0xF467, 0xFCA9, 0x9C30, 0x7C11,
    0x83F1, 0x7BF0, 0x7BF0, 0x83F1, 0x8411, 0x8412, 0x8432, 0x8432,
    0x8433, 0x8432, 0x8411, 0x7BF0, 0x7BEF, 0x7BCF, 0x7BCF, 0x7BCF,
    0x7BCF, 0x7BD1, 0x7C12, 0x7C34, 0x8455, 0x8454, 0x7C33, 0x7BF1,
    0x73AF, 0x6B8D, 0x6B6A, 0x6347, 0x6347, 0x6369, 0x6B8C, 0x73AD,
    0x73CF, 0x7C11, 0x7C32, 0x8454, 0x8474, 0x8475, 0x8454, 0x8454,
    0x8454, 0x8453, 0x7C32, 0x7C10, 0x73AE, 0x6B6C, 0x634A, 0x6308,
    0x62C6, 0x5AA2, 0x5A80, 0x5260, 0x5A80, 0x5AA4, 0x630A, 0x6B6E,
    0x6B90, 0x6B90, 0x6B90, 0x6370, 0x6370, 0x5B4F, 0x5B0D, 0x5AEB,
    0x5AC9, 0x5AA9, 0x5ACB, 0x5AEC, 0x5B0D, 0x5B2E, 0x5B4E, 0x5B4F,
    0x5B4F, 0x532E, 0x530C, 0x4AC9, 0x4AA9, 0x4AC9, 0x52EC, 0x532E,
    0x8308, 0x8308, 0x8329, 0x8349, 0x8B8A, 0x8BAB, 0x8BCB, 0x8BCC,
    0x93EC, 0x940C, 0x942C, 0x942C, 0x944D, 0x9C4D, 0x9C4D, 0x9C6D,
    0x9C6E, 0x9C6D, 0x9C0B, 0x93CA, 0x8B88, 0x8B67, 0x8B26, 0x8B05,
    0x8AE4, 0x92E4, 0x92E4, 0x9AE5, 0xA306, 0xA326, 0xAB47, 0xB387,
    0xBBA8, 0xBBC8, 0xC3E9, 0xC409, 0xC429, 0xC42A, 0xC42A, 0xC44B,
    0xC44B, 0xC46C, 0xC46D, 0xBC6D, 0xBC8D, 0xBC8E, 0xBC8E, 0xBCAF,
    0xBCAF, 0xBCCF, 0xBCD0, 0xC4D0, 0xBCD0, 0xBCF0, 0xBCF0, 0xBCF0,
    0xBCD0, 0xBCD0, 0xBCF0, 0xBCD0, 0xBCAF, 0xBC8F, 0xB46E, 0xB44D,
    0xB42C, 0xB40B, 0xBC0A, 0xBC2A, 0xC44A, 0xCC4A, 0xCC4A, 0xC46C,
    0xC4AE, 0xBCD0, 0xBCF2, 0xBD34, 0xBD56, 0xB577, 0xB598, 0xB597,
    0xF674, 0xFE71, 0xFCE8, 0xFCE9, 0xF448, 0xDB85, 0xE3A5, 0xD365,
    0xD344, 0xDB44, 0xCB03, 0xFE31, 0xFE72, 0xFE30, 0xFE51, 0xFE92,
    0xFCE9, 0xE343, 0xC2A2, 0xC282, 0xD2C2, 0xD2C2, 0xC282, 0xBA62,
    0xA1E1, 0xAA01, 0xA1C0, 0xC282, 0xBA61, 0xAA01, 0xAA01, 0xB201,
    0xBA82, 0xB262, 0xB241, 0xD2E3, 0xDB23, 0xDB23, 0xB221, 0xC261,
    0xCAC2, 0xCAC3, 0xC2A3, 0xCAC3, 0xBA62, 0xCAA2, 0xEC27, 0xFE51,
    0xFE72, 0xFE10, 0xFE52, 0xFE51, 0xFE92, 0xFEB3, 0xFDEE, 0xF487,
    0xE3A5, 0xE343, 0xE323, 0xD303, 0xD324, 0xD303, 0xCAA2, 0xC241,
    0xD2C2, 0xC282, 0xBA82, 0xC282, 0xD303, 0xD303, 0xD2C2, 0xD303,
    0xE322, 0xFD2A, 0xFF16, 0xFEB4, 0xF4EA, 0xFCA7, 0xC48F, 0x7C12,
    0x8411, 0x8411, 0x8411, 0x8412, 0x8432, 0x8432, 0x8433, 0x8C53,
    0x8C53, 0x8432, 0x8412, 0x8411, 0x7BF0, 0x7BF0, 0x7BD0, 0x7BD0,
    0x7BD1, 0x7BF1, 0x7C13, 0x8454, 0x8455, 0x8454, 0x7C33, 0x7BF1,
    0x73AF, 0x6B8C, 0x6B6A, 0x6369, 0x6369, 0x636B, 0x6BAE, 0x73D0,
    0x7411, 0x7C32, 0x7C54, 0x8454, 0x8475, 0x7C54, 0x7C54, 0x7C33,
    0x7C33, 0x7C32, 0x7C12, 0x73F0, 0x73AF, 0x6B6D, 0x634B, 0x6329,
    0x62E7, 0x62C4, 0x5A80, 0x5A80, 0x5A80, 0x5AA4, 0x630A, 0x6B4E,
    0x6B6F, 0x6B6F, 0x636F, 0x636F, 0x634F, 0x5B4E, 0x5B0C, 0x5AEB,
    0x5ACA, 0x5ACA, 0x62EC, 0x630D, 0x632F, 0x6370, 0x6370, 0x6371,
    0x6371, 0x532F, 0x530D, 0x4AEB, 0x4ACB, 0x4ACB, 0x530C, 0x534E,
    0x8B29, 0x8B6A, 0x938B, 0x9BCC, 0x9BEC, 0xA42D, 0xA44E, 0xA44E,
    0xAC6F, 0xACB0, 0xACD0, 0xB4D0, 0xB4F0, 0xB4F0, 0xB4F1, 0xB511,
    0xB511, 0xB4F0, 0xAC6E, 0xA42C, 0x9BCA, 0x9389, 0x9347, 0x9306,
    0x92E5, 0x92C4, 0x92C4, 0x9AE5, 0xA306, 0xAB26, 0xAB47, 0xB387,
    0xBBA8, 0xBBC8, 0xC3E9, 0xC409, 0xC429, 0xC42A, 0xC44A, 0xC44B,
    0xC44C, 0xC46C, 0xBC6D, 0xBC6D, 0xBC8E, 0xBC8E, 0xBC8E, 0xBCAF,
    0xBCAF, 0xBCCF, 0xBCD0, 0xBCD0, 0xBCF0, 0xBCF0, 0xBCF0, 0xBCD0,
    0xBCD0, 0xBCF0, 0xBCF0, 0xBCD0, 0xBCAF, 0xB48E, 0xB44D, 0xB42D,
    0xB40C, 0xB40B, 0xB3EA, 0xBC0A, 0xC44A, 0xCC4A, 0xCC4A, 0xC46C,
    0xC4AE, 0xBCD0, 0xBCF2, 0xBD34, 0xBD56, 0xB577, 0xB598, 0xC5B6,
    0xFEF6, 0xFDCE, 0xFD2A, 0xF4A8, 0xEC27, 0xEC27, 0xDBA5, 0xD324,
    0xDB84, 0xCAC2, 0xDC28, 0xFE92, 0xFDEF, 0xFE72, 0xFE92, 0xFD8C,
    0xDB43, 0xC262, 0xB221, 0xB201, 0xB241, 0xB242, 0xBA62, 0x99C1,
    0xAA21, 0xBA62, 0xCA82, 0xCAA2, 0xA1E1, 0xCAA2, 0xCAA2, 0xBA62,
    0xBA62, 0xC2A2, 0xBAA2, 0xBA82, 0xCB03, 0xDB23, 0xBA22, 0xD2C2,
    0xE363, 0xBA82, 0xBA82, 0xB262, 0xCAC3, 0xD2E2, 0xF50B, 0xFE30,
    0xFE30, 0xFE72, 0xFE73, 0xFE72, 0xFE72, 0xFE51, 0xFD6C, 0xDB44,
    0xCAE3, 0xD2E3, 0xE384, 0xD303, 0xC2A2, 0xCAC2, 0xCA82, 0xB221,
    0xCAA2, 0xCAC3, 0xD303, 0xC2A3, 0xC2A2, 0xD303, 0xD2E3, 0xD2E3,
    0xE344, 0xF426, 0xFE72, 0xFF17, 0xF54C, 0xFC67, 0xD46D, 0x8453,
    0x8C32, 0x8412, 0x8432, 0x8C32, 0x8C32, 0x8C53, 0x8C53, 0x8C73,
    0x8C54, 0x8C53, 0x8432, 0x8432, 0x7C11, 0x7BF1, 0x7BF1, 0x7BF1,
    0x7BF1, 0x7BF2, 0x7C13, 0x8454, 0x8475, 0x8454, 0x7C33, 0x7BF1,
    0x73AF, 0x73AD, 0x6B8B, 0x6B6B, 0x636B, 0x6B8E, 0x6BD0, 0x7412,
    0x7C33, 0x7C54, 0x8455, 0x8475, 0x7C75, 0x7C54, 0x7C34, 0x7C33,
    0x7412, 0x7412, 0x73F1, 0x73F1, 0x73CF, 0x6B8E, 0x6B6C, 0x634B,
    0x6308, 0x62C6, 0x5AA2, 0x5A80, 0x5A80, 0x62A4, 0x630A, 0x6B4D,
    0x6B6E, 0x6B4E, 0x634E, 0x634E, 0x634E, 0x5B2D, 0x5AEB, 0x5AEA,
    0x5ACA, 0x62EB, 0x630D, 0x632F, 0x6B70, 0x6B91, 0x6BB2, 0x6BB3,
    0x6392, 0x5B50, 0x532E, 0x530D, 0x52EC, 0x52EC, 0x530D, 0x534F,
    0x936A, 0x9B8B, 0xA3EC, 0xAC2D, 0xAC6E, 0xB4AF, 0xBCD0, 0xBCF1,
    0xBD11, 0xC552, 0xC553, 0xC573, 0xC573, 0xC593, 0xCD93, 0xCD93,
    0xCD73, 0xC552, 0xBCF0, 0xB46E, 0xAC0C, 0xA3AA, 0x9B69, 0x9B27,
    0x92E5, 0x92A4, 0x9AC5, 0x9AE5, 0xA305, 0xAB26, 0xAB47, 0xB387,
    0xBBA8, 0xBBC8, 0xC3E9, 0xC409, 0xC429, 0xC42A, 0xC44B, 0xC44B,
    0xC44C, 0xBC6C, 0xBC6D, 0xBC6D, 0xBC8E, 0xBC8E, 0xBC8E, 0xBCAF,
    0xBCAF, 0xBCCF, 0xBCD0, 0xBCD0, 0xBCF0, 0xBCF0, 0xBCF0, 0xBCD0,
    0xBCD0, 0xBCF0, 0xBCF0, 0xBCD0, 0xBCAF, 0xB48E, 0xB44D, 0xB42D,
    0xB40C, 0xB40B, 0xBC0A, 0xBC2A, 0xC42A, 0xCC4A, 0xCC4A, 0xC46C,
    0xC4AE, 0xBCD0, 0xBCF2, 0xBD34, 0xBD56, 0xBD97, 0xB578, 0xD658,
    0xFF36, 0xFDAC, 0xF4C9, 0xF488, 0xF468, 0xEC07, 0xE3A5, 0xDB64,
    0xCAE3, 0xCB24, 0xFE10, 0xFE71, 0xFE30, 0xFE72, 0xFDEE, 0xD323,
    0xB201, 0xB221, 0x99A1, 0xAA01, 0xBA61, 0xB221, 0xB221, 0xBA41,
    0xC261, 0xB221, 0xDB03, 0xC282, 0xAA01, 0xD303, 0xDB64, 0xD2E3,
    0xBA42, 0xD2E3, 0xD323, 0xB262, 0xBA82, 0xD2E3, 0xCAC2, 0xD2E3,
    0xDB44, 0xB242, 0xC282, 0xBA41, 0xCAC2, 0xDB23, 0xFD4C, 0xFE92,
    0xFE30, 0xFE51, 0xFEB3, 0xFEB4, 0xFE51, 0xF56D, 0xE3C5, 0xCAC3,
    0xCAC2, 0xC282, 0xCAC2, 0xCAC3, 0xB242, 0xB221, 0xCAA2, 0xB222,
    0xBA62, 0xC262, 0xCAC3, 0xDB44, 0xD2E3, 0xCAC2, 0xCAE3, 0xDB23,
    0xE384, 0xDB02, 0xF467, 0xFF16, 0xFDCE, 0xFC26, 0xEC6A, 0x9473,
    0x8433, 0x8C33, 0x8C53, 0x8C53, 0x8C53, 0x8C73, 0x8C74, 0x8C74,
    0x8C74, 0x8C54, 0x8453, 0x8433, 0x8412, 0x7C12, 0x7BF1, 0x7BF2,
    0x7BF2, 0x7C13, 0x7C33, 0x8455, 0x8475, 0x8454, 0x7C33, 0x7BF1,
    0x73CF, 0x73AE, 0x6BAD, 0x6BAD, 0x6BAE, 0x6BD0, 0x73F2, 0x7433,
    0x7C55, 0x8476, 0x8496, 0x8496, 0x8476, 0x7C55, 0x7C34, 0x7C33,
    0x7412, 0x7412, 0x7411, 0x73F1, 0x73F0, 0x73AF, 0x6B8D, 0x6B6C,
    0x632A, 0x62E7, 0x62C4, 0x62A1, 0x62A1, 0x62C4, 0x6309, 0x6B4C,
    0x6B4D, 0x634D, 0x634D, 0x632D, 0x632C, 0x632C, 0x5AEA, 0x5AE9,
    0x5AEA, 0x630C, 0x6B4F, 0x6B70, 0x6BB2, 0x6BD3, 0x73F4, 0x6BD3,
    0x6392, 0x5B50, 0x532F, 0x532F, 0x530E, 0x532E, 0x532E, 0x5B70,
    0x9B8B, 0xA3CC, 0xAC2D, 0xB48E, 0xBCD0, 0xC511, 0xC552, 0xCD73,
    0xCD94, 0xD5B4, 0xD5D5, 0xD5D5, 0xD5F5, 0xD5F5, 0xD5F5, 0xD5F6,
    0xD5F5, 0xD5B4, 0xCD52, 0xBCCF, 0xB46D, 0xABEB, 0xA3AA, 0xA348,
    0x9AE5, 0x92A4, 0x9AC5, 0x9AE5, 0xA305, 0xAB26, 0xAB46, 0xB387,
    0xBBA8, 0xBBC8, 0xC3E9, 0xC409, 0xC429, 0xC42A, 0xC44B, 0xC44C,
    0xC44C, 0xBC6D, 0xBC6D, 0xBC8E, 0xBC8E, 0xBC8E, 0xBC8E, 0xBCAF,
    0xBCAF, 0xBCCF, 0xBCD0, 0xBCD0, 0xBCF0, 0xBCF0, 0xBCF0, 0xBCF0,
    0xBCF0, 0xC4F0, 0xBCF0, 0xBCD0, 0xBCAF, 0xB48E, 0xB46E, 0xB44C,
    0xB42C, 0xB40B, 0xBC0A, 0xBC2A, 0xC44A, 0xCC4A, 0xCC6A, 0xC46C,
    0xC4AE, 0xC4D0, 0xBCF2, 0xBD34, 0xBD56, 0xBD97, 0xBDB8, 0xF695,
    0xFE71, 0xF4C9, 0xF4A9, 0xFD0A, 0xF427, 0xE3E6, 0xDBA5, 0xDB64,
    0xCAE2, 0xECEB, 0xFE72, 0xFE51, 0xFE51, 0xFE72, 0xFD4B, 0xCAC2,
    0xBA41, 0xBA21, 0xA9E1, 0xAA01, 0xBA62, 0xC282, 0xBA61, 0xCAA2,
    0xD2C2, 0xC282, 0xCAC2, 0xC261, 0xCA82, 0xCAC2, 0xD2E2, 0xCAA2,
    0xCA82, 0xDB43, 0xCAC3, 0xA202, 0xB242, 0xD2C3, 0xD2E3, 0xC282,
    0xC2A3, 0xC2A2, 0xCAA2, 0xCAA2, 0xD2E2, 0xE343, 0xFD8D, 0xFE52,
    0xFE93, 0xFE73, 0xFE52, 0xFEB4, 0xF5AF, 0xDBA5, 0xC261, 0xCAA2,
    0xDB23, 0xDB23, 0xCAC2, 0xC282, 0xC282, 0xBA21, 0xC282, 0xBA62,
    0xC282, 0xC282, 0xC2A2, 0xD2E3, 0xDB03, 0xC2A2, 0xCAE2, 0xDB44,
    0xDB44, 0xDB43, 0xE363, 0xFD4C, 0xFE92, 0xF467, 0xFCA8, 0xB491,
    0x8454, 0x8C53, 0x8C74, 0x8C74, 0x8C74, 0x8C74, 0x8C74, 0x8C74,
    0x8C74, 0x8C74, 0x8C74, 0x8454, 0x8433, 0x7C12, 0x7C12, 0x7C13,
    0x7C13, 0x7C13, 0x7C34, 0x7C55, 0x8475, 0x7C54, 0x7C33, 0x73F1,
    0x73D0, 0x73CF, 0x73CF, 0x73CF, 0x73D0, 0x73F1, 0x7433, 0x7C55,
    0x7C76, 0x8496, 0x84B7, 0x84B7, 0x8497, 0x7C76, 0x7C55, 0x7C54,
    0x7C33, 0x7C32, 0x7C32, 0x7C12, 0x7411, 0x73F0, 0x73AF, 0x6B6D,
    0x6B4B, 0x6309, 0x62C5, 0x62C2, 0x62C2, 0x62C4, 0x6B08, 0x6B2B,
    0x6B2B, 0x632C, 0x632C, 0x632B, 0x630B, 0x630B, 0x62E9, 0x62C8,
    0x62E9, 0x632C, 0x6B6F, 0x73B1, 0x73F3, 0x7414, 0x7414, 0x6BF4,
    0x6392, 0x5B71, 0x5B70, 0x5B50, 0x5B50, 0x534F, 0x5B70, 0x5B91,
    0xA3AB, 0xABEC, 0xB46E, 0xC4D0, 0xCD11, 0xCD52, 0xD594, 0xD5B4,
    0xD5D5, 0xDE16, 0xDE36, 0xDE37, 0xDE37, 0xDE57, 0xDE57, 0xDE57,
    0xDE37, 0xDDF5, 0xD593, 0xC511, 0xBCAF, 0xB42D, 0xABCA, 0xA348,
    0x9AE6, 0x92A4, 0x9AC5, 0x9AE5, 0xA305, 0xAB26, 0xAB46, 0xB387,
    0xBBA8, 0xBBC8, 0xC3E9, 0xC409, 0xC42A, 0xC42A, 0xC44B, 0xC44C,
    0xC46C, 0xBC6D, 0xBC6D, 0xBC8E, 0xBC8E, 0xBC8E, 0xBC8E, 0xBCAF,
    0xBCAF, 0xBCCF, 0xBCD0, 0xBCD0, 0xBCD0, 0xBCF0, 0xBCF0, 0xBCF0,
    0xBCF0, 0xC4F0, 0xC4F0, 0xBCD0, 0xBCAF, 0xBC8F, 0xB46E, 0xB44C,
    0xB42C, 0xB40B, 0xBC0A, 0xBC2A, 0xC44A, 0xC44A, 0xC44A, 0xC46C,
    0xC4AE, 0xC4D0, 0xBCF2, 0xBD34, 0xBD76, 0xB598, 0xDDF5, 0xFE71,
    0xFE51, 0xFD0A, 0xFD0A, 0xEC27, 0xEC06, 0xD324, 0xDB65, 0xE3A5,
    0xEC67, 0xFE30, 0xFE30, 0xFE72, 0xFE72, 0xFE2F, 0xF50A, 0xD2C2,
    0xCA82, 0xC262, 0xB221, 0xAA01, 0xB242, 0xB242, 0xB262, 0xC2A2,
    0xCAC2, 0xDB44, 0xD324, 0xBA62, 0xCAA2, 0xC282, 0xCA82, 0xC282,
    0xBA62, 0xCAC3, 0xC282, 0xC282, 0xC2A2, 0xC2A2, 0xC2A2, 0xB242,
    0xB242, 0xCAC2, 0xDB23, 0xDB23, 0xD2C2, 0xEC06, 0xFE30, 0xFE72,
    0xFEB4, 0xFE93, 0xFE52, 0xFE93, 0xFDCF, 0xCAC3, 0xC282, 0xC282,
    0xD303, 0xEBA5, 0xDB43, 0xCAC2, 0xCAA3, 0xC2A2, 0xCAE3, 0xCAC3,
    0xCAA2, 0xD2E3, 0xD303, 0xD303, 0xD303, 0xE3A5, 0xDB44, 0xDB43,
    0xD2E2, 0xD303, 0xDB44, 0xEBA4, 0xFE92, 0xFE11, 0xFCC8, 0xDCCD,
    0x8C75, 0x8C74, 0x8C94, 0x8C95, 0x8C94, 0x8C95, 0x8C95, 0x8C95,
    0x8C95, 0x8C95, 0x8C75, 0x8474, 0x8454, 0x7C33, 0x7C13, 0x7C13,
    0x7C13, 0x7C34, 0x7C34, 0x7C55, 0x7C75, 0x7C55, 0x7C33, 0x7412,
    0x73F1, 0x73F1, 0x73F0, 0x73F1, 0x73F1, 0x7413, 0x7C55, 0x7C76,
    0x7C76, 0x8497, 0x84B7, 0x84B7, 0x8497, 0x7C76, 0x7C75, 0x7C54,
    0x7C54, 0x7C54, 0x7C53, 0x7C53, 0x7C33, 0x7BF1, 0x73CF, 0x738E,
    0x6B4C, 0x6329, 0x62E6, 0x62C3, 0x62C2, 0x62E3, 0x6B07, 0x6B2A,
    0x6B2A, 0x632A, 0x632A, 0x630A, 0x5B0A, 0x6309, 0x62E7, 0x62C7,
    0x62E9, 0x6B2D, 0x7370, 0x73B1, 0x73F3, 0x7414, 0x7414, 0x6BD4,
    0x63B3, 0x5B91, 0x5B71, 0x5B71, 0x5B71, 0x5B91, 0x5B91, 0x63B2,
    0xA3CC, 0xB42D, 0xBC8F, 0xCD11, 0xD553, 0xD5B4, 0xDDD5, 0xDDF6,
    0xDE36, 0xE657, 0xE658, 0xE678, 0xE678, 0xE698, 0xE699, 0xE699,
    0xE678, 0xDE37, 0xD5D5, 0xCD53, 0xC4F0, 0xBC6D, 0xB3EB, 0xA348,
    0x9AC5, 0x9AA4, 0x9AC5, 0xA2E5, 0xA306, 0xAB26, 0xAB67, 0xB387,
    0xBBA8, 0xBBC8, 0xC3E9, 0xC409, 0xC42A, 0xC42A, 0xC44B, 0xC44C,
    0xC46C, 0xBC6D, 0xBC6D, 0xBC8E, 0xBC8E, 0xBC8E, 0xBC8F, 0xBCAF,
    0xBCAF, 0xBCAF, 0xBCD0, 0xBCD0, 0xBCD0, 0xBCD0, 0xBCF0, 0xBCF0,
    0xBCF0, 0xBCF0, 0xC4F0, 0xBCD0, 0xBCAF, 0xBC8F, 0xB46E, 0xB44C,
    0xB40C, 0xB40B, 0xBC0A, 0xBC0A, 0xC42A, 0xCC4A, 0xC44A, 0xC46C,
    0xC4AE, 0xC4D0, 0xBCF2, 0xBD34, 0xBD76, 0xB597, 0xED90, 0xFF16,
    0xFE71, 0xFCC9, 0xF489, 0xF488, 0xE3C5, 0xD303, 0xEC06, 0xFD0A,
    0xFE51, 0xFE71, 0xFE51, 0xFE51, 0xFE30, 0xFE2E, 0xEC26, 0xCAC2,
    0xC282, 0xBA41, 0xAA01, 0xB241, 0xBA82, 0xBA82, 0xC282, 0xC2A2,
    0xCAA2, 0xCAE3, 0xC2C3, 0xAA42, 0xD303, 0xDB23, 0xD2E3, 0xC282,
    0xB242, 0xBA82, 0xAA22, 0xBA42, 0xBA62, 0xBA41, 0xB262, 0xAA42,
    0xC2A3, 0xD2E3, 0xE364, 0xE364, 0xE322, 0xF52B, 0xFE72, 0xFE51,
    0xFE93, 0xFE93, 0xFE72, 0xFE93, 0xFD8D, 0xCAE3, 0xBA42, 0xC2A2,
    0xCAC2, 0xE384, 0xEBC5, 0xDB64, 0xD2E3, 0xD303, 0xD304, 0xCAC3,
    0xD2E3, 0xD303, 0xDB23, 0xDB23, 0xDB44, 0xE385, 0xE364, 0xDB44,
    0xDB23, 0xD303, 0xCAC2, 0xDB03, 0xFDAE, 0xFF17, 0xFCC9, 0xF4AA,
    0x9494, 0x8C95, 0x94B5, 0x8C95, 0x8C95, 0x8C95, 0x8C95, 0x8C95,
    0x8C95, 0x8C95, 0x8C95, 0x8C75, 0x8455, 0x7C34, 0x7C34, 0x7C34,
    0x7C34, 0x7C34, 0x7C35, 0x7C55, 0x7C55, 0x7C55, 0x7433, 0x7413,
    0x7412, 0x7412, 0x7412, 0x7432, 0x7433, 0x7C34, 0x7C55, 0x7C76,
    0x7C96, 0x8497, 0x8497, 0x8497, 0x8496, 0x7C76, 0x7C55, 0x7C54,
    0x7C54, 0x7C54, 0x7C53, 0x7C54, 0x7C53, 0x7C12, 0x73D0, 0x738E,
    0x6B6C, 0x6B2A, 0x6306, 0x62E3, 0x62E2, 0x6AE3, 0x6B06, 0x6B29,
    0x6B29, 0x6329, 0x6309, 0x6309, 0x5B09, 0x62E8, 0x62C5, 0x62C6,
    0x630A, 0x6B4D, 0x7390, 0x73B1, 0x73D2, 0x6BF3, 0x6BD3, 0x6BB3,
    0x6392, 0x5B71, 0x5B70, 0x5B91, 0x5B91, 0x6391, 0x63B2, 0x6BD3,
    0xABCC, 0xB42D, 0xBCAF, 0xCD11, 0xD573, 0xD5B4, 0xDDF5, 0xDE16,
    0xE657, 0xE678, 0xE678, 0xE698, 0xEE99, 0xEEB9, 0xEEB9, 0xEEB9,
    0xEEB9, 0xE678, 0xDDF6, 0xD573, 0xC4F1, 0xBC6E, 0xABCB, 0xA328,
    0x9AC5, 0x9AC4, 0x9AE5, 0xA2E5, 0xAB06, 0xAB46, 0xB367, 0xB387,
    0xBBA8, 0xBBC8, 0xC3E9, 0xC409, 0xC42A, 0xC42B, 0xC44B, 0xC46C,
    0xC46D, 0xBC6D, 0xBC8E, 0xBC8E, 0xBC8E, 0xBC8E, 0xBC8F, 0xBCAF,
    0xBCAF, 0xBCAF, 0xBCD0, 0xBCD0, 0xBCD0, 0xBCD0, 0xBCD0, 0xBCF0,
    0xBCF0, 0xC4F0, 0xC4F0, 0xBCD0, 0xBCAF, 0xBC8E, 0xB46D, 0xB42C,
    0xB40B, 0xB40B, 0xBC0A, 0xBC0A, 0xC42A, 0xCC4A, 0xCC4A, 0xC46C,
    0xC4AE, 0xC4D0, 0xBCF2, 0xBD34, 0xBD76, 0xC595, 0xFDCF, 0xFF58,
    0xFDEF, 0xFCA8, 0xF468, 0xE3A5, 0xEC06, 0xFD0A, 0xFD8C, 0xFE51,
    0xFE72, 0xFE51, 0xFE51, 0xFE30, 0xFE30, 0xFDED, 0xEBE5, 0xCAC2,
    0xC2A2, 0xC282, 0xB201, 0xB241, 0xC282, 0xBA82, 0xC282, 0xCAA2,
    0xC2A2, 0xBA41, 0xA1C1, 0xA1E1, 0xCAC3, 0xCAA2, 0xC2A2, 0xC2A2,
    0xD2E3, 0xB242, 0x91A1, 0xB221, 0xCA61, 0xBA41, 0xBA62, 0xCAC3,
    0xC2A3, 0xCAC2, 0xDB23, 0xE363, 0xF467, 0xFE10, 0xFEB4, 0xFE51,
    0xFE52, 0xFE93, 0xFE72, 0xFEB4, 0xECAA, 0xD2E2, 0xC282, 0xCAA2,
    0xCAE2, 0xCAC2, 0xCAA2, 0xD344, 0xDB24, 0xD303, 0xD323, 0xD303,
    0xD303, 0xDB23, 0xD2E3, 0xD2E3, 0xD303, 0xE364, 0xDB23, 0xCAA2,
    0xCAA2, 0xDB23, 0xD324, 0xD2E3, 0xF4EA, 0xFF37, 0xFD2C, 0xFC87,
    0xB4D2, 0x8CB6, 0x94B5, 0x8CB6, 0x8CB6, 0x8CB6, 0x8CB6, 0x8CB6,
    0x8CB6, 0x8C96, 0x8C96, 0x8C95, 0x8475, 0x8455, 0x7C55, 0x7C35,
    0x7C35, 0x7435, 0x7435, 0x7435, 0x7C55, 0x7435, 0x7434, 0x7434,
    0x7434, 0x7433, 0x7C34, 0x7C34, 0x7C54, 0x7C55, 0x7C76, 0x8497,
    0x7C97, 0x8497, 0x7C97, 0x7C76, 0x7C76, 0x7C55, 0x7C55, 0x7434,
    0x7433, 0x7C33, 0x7C33, 0x7C33, 0x7C32, 0x7411, 0x73D0, 0x738E,
    0x6B6C, 0x6B4A, 0x6307, 0x62E3, 0x6AE2, 0x6AE2, 0x6B04, 0x6B07,
    0x6B28, 0x6308, 0x5B08, 0x5B08, 0x5AE7, 0x62E6, 0x62C4, 0x62C5,
    0x630A, 0x6B4D, 0x6B6F, 0x6B90, 0x6BB1, 0x6BD2, 0x6BB2, 0x63B2,
    0x6391, 0x5B70, 0x5B50, 0x5B70, 0x5B91, 0x6391, 0x63B2, 0x6BD3,
    0xA3AC, 0xB40D, 0xBC8F, 0xCD11, 0xD573, 0xDDB4, 0xDDF5, 0xDE16,
    0xE657, 0xE678, 0xE678, 0xE699, 0xEEB9, 0xEEB9, 0xEEB9, 0xEED9,
    0xEEB9, 0xE678, 0xDDF6, 0xD573, 0xC4F0, 0xBC4D, 0xABAA, 0x9B27,
    0x9AC5, 0x9AC5, 0x9AE5, 0xA305, 0xAB26, 0xAB46, 0xB367, 0xB387,
    0xBBA8, 0xBBC8, 0xC409, 0xC409, 0xC42A, 0xC42B, 0xC44B, 0xC44C,
    0xC46D, 0xBC6D, 0xBC8E, 0xBC8E, 0xBC8E, 0xBC8E, 0xBC8F, 0xBCAF,
    0xBCAF, 0xBCCF, 0xBCD0, 0xBCD0, 0xBCD0, 0xBCD0, 0xC4D0, 0xBCF0,
    0xC4F0, 0xBCF0, 0xC4F0, 0xBCD0, 0xBCAF, 0xBC8E, 0xB46D, 0xB42C,
    0xB40B, 0xB40A, 0xBC0A, 0xBC0A, 0xC42A, 0xC44A, 0xC44A, 0xC46C,
    0xC4AE, 0xC4D1, 0xBD13, 0xBD34, 0xB576, 0xE570, 0xFE92, 0xFF58,
    0xFE51, 0xFCA8, 0xF487, 0xECA9, 0xFE30, 0xFE92, 0xFE51, 0xFE51,
    0xFE71, 0xFE50, 0xFE92, 0xFE71, 0xFE30, 0xFDCD, 0xEC67, 0xCAE2,
    0xCAC2, 0xC282, 0xC282, 0xCAC2, 0xC2A2, 0xC2A2, 0xB221, 0xC282,
    0xBA62, 0xC282, 0xBA62, 0xBA62, 0xB221, 0xBA41, 0xB221, 0xDB24,
    0xDB23, 0xCAA2, 0xAA01, 0xAA22, 0xCA82, 0xCA82, 0xC282, 0xDB03,
    0xD2E2, 0xCAA2, 0xD2E2, 0xEBC4, 0xFDCE, 0xFE10, 0xFE93, 0xFE51,
    0xFE93, 0xFE51, 0xFE73, 0xFEB3, 0xEC89, 0xCAC2, 0xDB44, 0xD2E2,
    0xD303, 0xD303, 0xBA82, 0xBA41, 0xD2E3, 0xD303, 0xD324, 0xDB23,
    0xDB23, 0xDB23, 0xDB23, 0xD303, 0xCAE3, 0xD2C2, 0xDB44, 0xD323,
    0xCAC2, 0xC2A2, 0xD323, 0xE384, 0xFCEA, 0xFF16, 0xFDAE, 0xFC66,
    0xE4EE, 0x8CD7, 0x94D6, 0x8CD6, 0x8CD6, 0x8CD6, 0x8CD6, 0x8CB6,
    0x8CB6, 0x8CB6, 0x8C96, 0x8C96, 0x8476, 0x8475, 0x7C55, 0x7C55,
    0x7C35, 0x7435, 0x7435, 0x7435, 0x7435, 0x7435, 0x7435, 0x7435,
    0x7455, 0x7C55, 0x7C55, 0x7C55, 0x7C55, 0x7C76, 0x7C96, 0x8496,
    0x7C76, 0x7C76, 0x7C56, 0x7C56, 0x7455, 0x7C55, 0x7C34, 0x7433,
    0x7433, 0x7412, 0x7412, 0x7C32, 0x7C32, 0x73F1, 0x73AF, 0x6B8D,
    0x6B6B, 0x6B49, 0x6307, 0x6304, 0x6AE2, 0x6B02, 0x6B03, 0x6B05,
    0x6B06, 0x6306, 0x5B06, 0x5AE6, 0x5AE5, 0x62E4, 0x62C2, 0x62E5,
    0x630A, 0x6B2D, 0x6B6F, 0x636F, 0x6B90, 0x6BB1, 0x6BB1, 0x6391,
    0x6370, 0x5B4F, 0x5B4F, 0x5B50, 0x5B70, 0x6391, 0x63B3, 0x63D4,
    0xA3AB, 0xB40D, 0xC48F, 0xCD31, 0xD593, 0xDDD5, 0xDDF6, 0xE637,
    0xE658, 0xE678, 0xEE99, 0xEE99, 0xEEB9, 0xEEB9, 0xEEDA, 0xEEDA,
    0xEEB9, 0xE678, 0xDDF5, 0xD553, 0xC4D0, 0xBC2D, 0xAB8A, 0x9B07,
    0x9AC5, 0x9AC5, 0xA2E5, 0xA306, 0xAB26, 0xB367, 0xB387, 0xBBA8,
    0xBBC8, 0xC3E9, 0xC409, 0xC42A, 0xC42A, 0xC44B, 0xC44B, 0xC46C,
    0xC46D, 0xBC6D, 0xBC6E, 0xBC8E, 0xBC8E, 0xBC8F, 0xBCAF, 0xBCAF,
    0xBCAF, 0xBCAF, 0xBCD0, 0xBCD0, 0xBCD0, 0xBCD0, 0xC4F0, 0xBCF0,
    0xBCF0, 0xC4F0, 0xC4F0, 0xBCD0, 0xBCAF, 0xBC8E, 0xB46D, 0xB42C,
    0xB40B, 0xB3EA, 0xBBEA, 0xBC0A, 0xC42A, 0xC44A, 0xC44A, 0xC46C,
    0xC4AE, 0xC4D1, 0xBD13, 0xBD34, 0xC575, 0xFD6D, 0xFED4, 0xFF58,
    0xFE71, 0xFD4A, 0xFE51, 0xFEB4, 0xFEB3, 0xFE72, 0xFE93, 0xFEB3,
    0xFE72, 0xFE93, 0xFE72, 0xFE51, 0xFE10, 0xFE50, 0xFD4B, 0xEBA3,
    0xDB23, 0xD302, 0xCAC2, 0xCAC2, 0xD2E3, 0xE364, 0xCAC3, 0xBA62,
    0xB262, 0xBA62, 0xCAE3, 0xCAE3, 0xBA62, 0xB242, 0xB221, 0xBA62,
    0xC2A2, 0xC2A2, 0xCAA2, 0xB222, 0xBA62, 0xC262, 0xD303, 0xDB03,
    0xDB23, 0xC2A2, 0xD2E2, 0xFCA8, 0xFE72, 0xFE72, 0xFE72, 0xFE51,
    0xFE72, 0xFE72, 0xFE52, 0xFE93, 0xFDAE, 0xDB23, 0xDB44, 0xDB23,
    0xD303, 0xCB04, 0xC2E4, 0xB242, 0xCAC3, 0xCAC3, 0xCAE3, 0xCAC3,
    0xD2E3, 0xD303, 0xCAE3, 0xD303, 0xE385, 0xD303, 0xDB24, 0xDB44,
    0xDB44, 0xD303, 0xD303, 0xDB44, 0xF467, 0xFEB3, 0xFE31, 0xF447,
    0xFCA9, 0xA4F5, 0x8CD7, 0x94D6, 0x94D7, 0x94D7, 0x8CD7, 0x8CD7,
    0x8CD6, 0x8CB6, 0x8CB6, 0x8C96, 0x8496, 0x8476, 0x7C55, 0x7C55,
    0x7435, 0x7435, 0x7435, 0x7435, 0x7435, 0x7435, 0x7435, 0x7435,
    0x7455, 0x7C55, 0x7C55, 0x7C55, 0x7C55, 0x7C76, 0x7C97, 0x7C76,
    0x7456, 0x7435, 0x7435, 0x7434, 0x7434, 0x7434, 0x7434, 0x7433,
    0x7413, 0x7412, 0x7412, 0x7C12, 0x7C11, 0x73F0, 0x6BAE, 0x6B6C,
    0x6B4B, 0x6B49, 0x6B27, 0x6B04, 0x6B02, 0x6B02, 0x6B02, 0x6B04,
    0x6B04, 0x6305, 0x62E5, 0x62E5, 0x62E4, 0x62E1, 0x62C1, 0x62E6,
    0x630A, 0x6B2C, 0x6B4D, 0x636E, 0x636F, 0x6390, 0x6390, 0x6391,
    0x5B50, 0x5B4F, 0x5B4F, 0x5B4F, 0x5B70, 0x6392, 0x63B3, 0x63D4,
    0xA38B, 0xB40D, 0xC48F, 0xCD31, 0xD593, 0xDDD5, 0xDE16, 0xE637,
    0xE658, 0xE698, 0xEE99, 0xEEB9, 0xEED9, 0xEEDA, 0xF6DA, 0xF6DA,
    0xEEB9, 0xE678, 0xDDF5, 0xD552, 0xC4CF, 0xB42C, 0xAB69, 0x9AE6,
    0x9AC5, 0x9AC5, 0xA2E5, 0xA306, 0xAB26, 0xB367, 0xB387, 0xBBA8,
    0xBBC9, 0xC3E9, 0xC409, 0xC42A, 0xC42B, 0xC44B, 0xC44C, 0xC46C,
    0xC46D, 0xBC6D, 0xBC6D, 0xBC8E, 0xBC8E, 0xBC8F, 0xBCAF, 0xBCAF,
    0xBCAF, 0xBCAF, 0xBCD0, 0xBCD0, 0xBCD0, 0xBCD0, 0xC4F0, 0xBCF0,
    0xBCF0, 0xBCF0, 0xC4F0, 0xBCD0, 0xBCAF, 0xBC8E, 0xB44D, 0xB42C,
    0xB40B, 0xB3EA, 0xBBE9, 0xC409, 0xC429, 0xC42A, 0xC44A, 0xC46B,
    0xC4AE, 0xC4D1, 0xBD12, 0xB555, 0xDD51, 0xFD8C, 0xFF16, 0xFF16,
    0xFE93, 0xFEB4, 0xFED4, 0xFE93, 0xFED4, 0xFEB3, 0xFEB3, 0xFE0F,
    0xFE51, 0xFE71, 0xFE51, 0xFE51, 0xFE51, 0xFE50, 0xFDCE, 0xFD8C,
    0xEC26, 0xDB02, 0xDB23, 0xDB43, 0xD2E3, 0xCAE3, 0xCAC2, 0xCAC2,
    0xC2A2, 0xBA62, 0xD303, 0xCAC3, 0xAA42, 0xA201, 0xB241, 0xBA62,
    0xB222, 0xCAC3, 0xDB03, 0xCAA2, 0xC282, 0xBA82, 0xD303, 0xE364,
    0xDB23, 0xD303, 0xE343, 0xFD8D, 0xFE93, 0xFE72, 0xFE72, 0xFE72,
    0xFE72, 0xFE93, 0xFE72, 0xFEB3, 0xFE93, 0xF488, 0xD303, 0xD323,
    0xCAE3, 0xCAE3, 0xCAE3, 0xC2A2, 0xD324, 0xCAE3, 0xCAC2, 0xCAE3,
    0xCAE3, 0xD2E3, 0xC282, 0xBA41, 0xD2E3, 0xD304, 0xD2E3, 0xDB23,
    0xDB44, 0xE364, 0xE384, 0xDB44, 0xEBA4, 0xFDCE, 0xFEF5, 0xF50B,
    0xFC67, 0xC4F1, 0x8CF8, 0x94D7, 0x94D7, 0x8CD7, 0x8CD7, 0x8CD7,
    0x8CD7, 0x8CB7, 0x8CB6, 0x8C96, 0x8496, 0x8476, 0x7C76, 0x7C55,
    0x7C35, 0x7435, 0x7435, 0x7435, 0x7435, 0x7435, 0x7435, 0x7455,
    0x7435, 0x7455, 0x7C55, 0x7C56, 0x7C56, 0x7C76, 0x7C76, 0x7455,
    0x7435, 0x7434, 0x7414, 0x7413, 0x7413, 0x7413, 0x7433, 0x7433,
    0x7412, 0x7412, 0x7412, 0x7C12, 0x73F1, 0x73CF, 0x6B8D, 0x6B6C,
    0x6B4A, 0x6B28, 0x6B27, 0x6B04, 0x6B02, 0x6B02, 0x6B01, 0x6B02,
    0x6302, 0x62E3, 0x62E3, 0x62E2, 0x62E1, 0x62C0, 0x62E2, 0x62E7,
    0x630A, 0x632C, 0x632C, 0x634D, 0x634E, 0x636E, 0x636F, 0x6370,
    0x5B4F, 0x5B2E, 0x5B2E, 0x5B4F, 0x6371, 0x63B3, 0x63D3, 0x63D3,
    0xA38B, 0xB40D, 0xBC8F, 0xCD31, 0xD593, 0xDDD5, 0xDE16, 0xE657,
    0xE678, 0xEE99, 0xEEB9, 0xEEB9, 0xEEDA, 0xEEDA, 0xF6FA, 0xF6FA,
    0xEEB9, 0xE678, 0xDDF5, 0xCD52, 0xC4AF, 0xB40C, 0xA368, 0x9AC5,
    0x9AA4, 0x9AE5, 0xA305, 0xA306, 0xAB46, 0xB367, 0xB388, 0xBBA8,
    0xBBC9, 0xC3E9, 0xC40A, 0xC42A, 0xC44B, 0xC44B, 0xC46C, 0xC46C,
    0xC46D, 0xBC6D, 0xBC6E, 0xBC8E, 0xBC8E, 0xBC8F, 0xBCAF, 0xBCAF,
    0xBCAF, 0xBCCF, 0xBCD0, 0xBCD0, 0xBCD0, 0xBCD0, 0xBCF0, 0xBCF0,
    0xBCF0, 0xC4F0, 0xBCF0, 0xBCD0, 0xBCAF, 0xB48E, 0xB44D, 0xB42C,
    0xB40B, 0xB3EA, 0xBBE9, 0xBC09, 0xC429, 0xCC29, 0xC44A, 0xC46B,
    0xC4AE, 0xC4D0, 0xBD12, 0xC533, 0xFD6D, 0xFE30, 0xFF17, 0xFF16,
    0xFEF5, 0xFEF5, 0xFEB4, 0xFEF5, 0xFED5, 0xFE30, 0xF4C9, 0xE384,
    0xF447, 0xFD8C, 0xFE30, 0xFE92, 0xFE30, 0xFE30, 0xFE30, 0xFE50,
    0xF4A7, 0xEBA4, 0xDB44, 0xBA62, 0xC262, 0xC282, 0xC262, 0xD303,
    0xD323, 0xDB23, 0xD2C2, 0xC262, 0xAA22, 0xB242, 0xC282, 0xC282,
    0xB242, 0xC282, 0xDB23, 0xD2E3, 0xCAA2, 0xC2C3, 0xC2C3, 0xCAE3,
    0xCAE3, 0xDB02, 0xF447, 0xFE51, 0xFE72, 0xFE93, 0xFE30, 0xFE51,
    0xFE51, 0xFE30, 0xFE51, 0xFE72, 0xFED4, 0xF58D, 0xDB02, 0xCB04,
    0xC2A3, 0xC2A2, 0xCAA2, 0xD2C2, 0xDB44, 0xDB64, 0xCAA2, 0xD303,
    0xD324, 0xD323, 0xD303, 0xCAC3, 0xBA61, 0xCAC2, 0xD2E3, 0xD2E3,
    0xDB23, 0xDB23, 0xE384, 0xE3A4, 0xEBA4, 0xFD8C, 0xFF16, 0xFE52,
    0xFC87, 0xF4AB, 0x9CF7, 0x94F7, 0x94D7, 0x8CD7, 0x8CD7, 0x8CD7,
    0x8CD7, 0x8CD7, 0x8CB7, 0x8CB6, 0x8496, 0x8496, 0x7C76, 0x7C55,
    0x7435, 0x7435, 0x7435, 0x7435, 0x7435, 0x7435, 0x7435, 0x7435,
    0x7435, 0x7435, 0x7455, 0x7456, 0x7C56, 0x7C56, 0x7455, 0x7435,
    0x7414, 0x6C13, 0x6BF3, 0x6BF2, 0x6BF2, 0x6BF2, 0x6C12, 0x7412,
    0x7413, 0x7413, 0x7412, 0x7C12, 0x73F1, 0x6BAF, 0x6B8D, 0x6B6B,
    0x6329, 0x6327, 0x6326, 0x6B24, 0x6B02, 0x6B22, 0x6B01, 0x6300,
    0x6300, 0x5AE1, 0x5AE1, 0x5AC0, 0x5AC0, 0x5AC0, 0x62E3, 0x6307,
    0x6309, 0x630A, 0x632B, 0x632C, 0x632C, 0x5B4D, 0x636F, 0x636F,
    0x5B4F, 0x5B4E, 0x634F, 0x634F, 0x6391, 0x63B3, 0x63D3, 0x63B3,
    0xA38B, 0xABEC, 0xBC8F, 0xCD31, 0xD593, 0xDDD5, 0xDE16, 0xE657,
    0xE678, 0xEE99, 0xEEB9, 0xEEDA, 0xEEDA, 0xF6FA, 0xF6FA, 0xF6FA,
    0xEEB9, 0xE657, 0xDDF5, 0xCD52, 0xC4AF, 0xB40C, 0xA348, 0x9AC5,
    0x9AA4, 0x9AE5, 0xA305, 0xAB26, 0xAB46, 0xB367, 0xB388, 0xBBA8,
    0xBBC9, 0xC3E9, 0xC40A, 0xC42A, 0xC44B, 0xC44B, 0xC46C, 0xC46D,
    0xC46D, 0xBC6D, 0xBC8E, 0xBC8E, 0xBC8E, 0xBC8F, 0xBCAF, 0xBCAF,
    0xBCAF, 0xBCAF, 0xBCD0, 0xBCD0, 0xBCD0, 0xBCD0, 0xBCD0, 0xC4D0,
    0xBCD0, 0xC4D0, 0xBCF0, 0xBCD0, 0xBCAF, 0xB48E, 0xB44D, 0xB42C,
    0xB40B, 0xB3EA, 0xBBE9, 0xBC09, 0xC429, 0xC429, 0xC429, 0xC46B,
    0xC48E, 0xC4D0, 0xBCF2, 0xD592, 0xFE2F, 0xFEF6, 0xFF58, 0xFED4,
    0xFEF5, 0xFEF5, 0xFED4, 0xFDEF, 0xFDAE, 0xF468, 0xDB43, 0xCAA2,
    0xD2E2, 0xF488, 0xFE71, 0xFE51, 0xFE30, 0xFE30, 0xFE51, 0xFE50,
    0xFD8B, 0xF487, 0xE384, 0xCAC2, 0xC2A2, 0xCAC3, 0xC282, 0xC2A2,
    0xDB43, 0xDB44, 0xD303, 0xBA62, 0xBA62, 0xBA62, 0xBA62, 0xBA82,
    0xC282, 0xBA62, 0xCAC2, 0xCAE3, 0xBA82, 0xCAE3, 0xCAE3, 0xCAC3,
    0xCAC3, 0xCAA2, 0xEC27, 0xFE73, 0xFE52, 0xFE72, 0xFE93, 0xFE51,
    0xFE71, 0xFE51, 0xFE71, 0xFE72, 0xFE72, 0xFD8D, 0xEBE5, 0xCAC2,
    0xBA62, 0xD2E3, 0xCAE3, 0xCAA2, 0xD324, 0xE365, 0xC261, 0xD2E3,
    0xE385, 0xD324, 0xCAA2, 0xDB23, 0xCAA2, 0xD2E3, 0xDB44, 0xDB03,
    0xDB23, 0xE344, 0xE364, 0xE384, 0xF405, 0xFD8C, 0xFEF6, 0xFF16,
    0xFD8D, 0xFCA7, 0xB515, 0x8CD8, 0x94D7, 0x8CD7, 0x8CD7, 0x8CD7,
    0x8CD7, 0x8CD7, 0x8CB7, 0x8CB6, 0x8496, 0x8496, 0x7C76, 0x7C55,
    0x7435, 0x7435, 0x7415, 0x7415, 0x7435, 0x7415, 0x7435, 0x7435,
    0x7435, 0x7435, 0x7435, 0x7456, 0x7456, 0x7435, 0x7434, 0x7414,
    0x7413, 0x6BF2, 0x6BD2, 0x6BD1, 0x6BD1, 0x6BD1, 0x6BF2, 0x7412,
    0x7413, 0x7C33, 0x7C33, 0x7C13, 0x73F1, 0x6BAF, 0x6B6D, 0x634A,
    0x6328, 0x6306, 0x6305, 0x6B04, 0x6B22, 0x6B22, 0x6B21, 0x6300,
    0x62E0, 0x5AE0, 0x5AC0, 0x5AC0, 0x5AC0, 0x5AC0, 0x62E4, 0x6307,
    0x6308, 0x6309, 0x632A, 0x632B, 0x632B, 0x5B4C, 0x636E, 0x636F,
    0x5B6F, 0x634F, 0x6370, 0x6391, 0x63B2, 0x63D3, 0x63B3, 0x5BB2,
    0x9B8B, 0xABEC, 0xBC6E, 0xCD11, 0xD593, 0xDDD5, 0xDE16, 0xE657,
    0xEE78, 0xEE99, 0xEEB9, 0xEEDA, 0xEEDA, 0xF6FA, 0xF6FA, 0xF6FA,
    0xEEB9, 0xE657, 0xDDD5, 0xCD52, 0xC4AF, 0xB3EB, 0x9B28, 0x92A5,
    0x9AA5, 0x9AE5, 0xA305, 0xAB26, 0xAB47, 0xB367, 0xB388, 0xBBA8,
    0xBBC9, 0xC3E9, 0xC42A, 0xC42A, 0xC44B, 0xC46C, 0xC46C, 0xC46D,
    0xC48D, 0xC48D, 0xBC8E, 0xBC8E, 0xBC8E, 0xBC8E, 0xBCAF, 0xBCAF,
    0xBCAF, 0xBCAF, 0xBCD0, 0xBCD0, 0xBCD0, 0xBCD0, 0xBCD0, 0xBCD0,
    0xBCD0, 0xBCD0, 0xC4D0, 0xBCD0, 0xBCAF, 0xB46E, 0xB44D, 0xB42C,
    0xB40B, 0xB3EA, 0xBBE9, 0xBC09, 0xC429, 0xC429, 0xC429, 0xC44B,
    0xC48D, 0xC4AF, 0xBD12, 0xF653, 0xFE71, 0xFF58, 0xFEF5, 0xFF16,
    0xFF16, 0xFEB3, 0xFD2B, 0xF406, 0xDB85, 0xDB24, 0xD303, 0xD303,
    0xDB23, 0xE3A5, 0xF54C, 0xFE50, 0xFE51, 0xFE50, 0xFE51, 0xFE30,
    0xFDEE, 0xFD8B, 0xF425, 0xDB43, 0xD323, 0xD323, 0xD2E3, 0xCAC2,
    0xCAC2, 0xCAE2, 0xC2C3, 0xAA21, 0xCAC3, 0xBA62, 0xB242, 0xB242,
    0xC282, 0xC2A2, 0xBA82, 0xBA82, 0xAA21, 0xC2A2, 0xDB23, 0xDB44,
    0xD303, 0xBA82, 0xD344, 0xFE31, 0xFE73, 0xFE52, 0xFE93, 0xFE92,
    0xFE51, 0xFE93, 0xFE93, 0xFE93, 0xFE73, 0xFE72, 0xFDEF, 0xEC47,
    0xCAE3, 0xDB44, 0xD324, 0xC2A2, 0xCB03, 0xDB44, 0xC282, 0xC282,
    0xE364, 0xD324, 0xBA61, 0xD2E3, 0xD303, 0xCAE2, 0xDB44, 0xE364,
    0xE364, 0xDB23, 0xDB44, 0xDB44, 0xF425, 0xFE2F, 0xFF16, 0xFF16,
    0xFEF5, 0xFD8B, 0xD552, 0x8CF8, 0x8CD7, 0x8CD6, 0x8CB6, 0x8CB6,
    0x8CB6, 0x8CB6, 0x8CB6, 0x8496, 0x8496, 0x8475, 0x7C55, 0x7C35,
    0x7C34, 0x7434, 0x7414, 0x7415, 0x7415, 0x7435, 0x7435, 0x7435,
    0x7435, 0x7435, 0x7455, 0x7455, 0x7435, 0x7434, 0x7414, 0x7413,
    0x7412, 0x6BF2, 0x6BD1, 0x6BB0, 0x6BB0, 0x6BD1, 0x6BF2, 0x73F2,
    0x7C13, 0x7C54, 0x7C33, 0x7C33, 0x7412, 0x6BAF, 0x6B8D, 0x634A,
    0x6328, 0x6306, 0x6304, 0x6B03, 0x6B02, 0x6B21, 0x6B00, 0x6300,
    0x5AE0, 0x5AC0, 0x52A0, 0x52A0, 0x52A0, 0x5AC1, 0x62E5, 0x6306,
    0x6307, 0x6308, 0x6329, 0x632A, 0x632B, 0x634D, 0x636F, 0x638F,
    0x636F, 0x6390, 0x6391, 0x63B2, 0x63B3, 0x63B3, 0x63B3, 0x5B92,
    0x9B6B, 0xABEC, 0xBC6E, 0xCCF1, 0xD593, 0xDDD5, 0xE616, 0xE658,
    0xEE98, 0xEE99, 0xEEB9, 0xEEDA, 0xF6DA, 0xF6FA, 0xF6FA, 0xF6FA,
    0xEEB9, 0xE637, 0xDDD5, 0xCD52, 0xBC8F, 0xABCB, 0x9B07, 0x92A4,
    0x9AA5, 0x9AE5, 0xA305, 0xAB26, 0xAB47, 0xB367, 0xB388, 0xBBA8,
    0xBBE9, 0xC409, 0xC42A, 0xC44B, 0xC44B, 0xC46C, 0xC46C, 0xC46D,
    0xC48D, 0xC48D, 0xC48E, 0xBC8E, 0xBC8E, 0xBC8E, 0xBCAF, 0xBCAF,
    0xBCAF, 0xBCAF, 0xBCD0, 0xBCD0, 0xBCD0, 0xBCD0, 0xBCD0, 0xBCD0,
    0xBCD0, 0xBCD0, 0xBCD0, 0xBCD0, 0xBCAF, 0xB46E, 0xB44D, 0xB42C,
    0xB3EB, 0xB3EA, 0xBBE9, 0xBC09, 0xC429, 0xC429, 0xC449, 0xC44B,
    0xC48D, 0xBC8E, 0xD5B3, 0xFE72, 0xFED5, 0xFF58, 0xFF37, 0xFE72,
    0xFD4B, 0xFCE9, 0xF406, 0xE3A6, 0xC2A3, 0xC2A3, 0xD303, 0xDB23,
    0xD2E3, 0xDB44, 0xF4EA, 0xFE51, 0xFE51, 0xFE30, 0xFE30, 0xFE50,
    0xFE71, 0xFDAC, 0xEBC4, 0xD323, 0xD303, 0xD2E3, 0xD303, 0xCAE3,
    0xC2C3, 0xBA82, 0xCAC3, 0xC2A2, 0xC282, 0xBA62, 0xB242, 0xBA62,
    0xC2A2, 0xC2A2, 0xB262, 0xBA82, 0xA201, 0xAA01, 0xC2A2, 0xD2E3,
    0xCB03, 0xC281, 0xEC68, 0xFE93, 0xFEB4, 0xFE93, 0xFE73, 0xFE93,
    0xFE30, 0xFE92, 0xFE93, 0xFE73, 0xFE52, 0xFE52, 0xFE93, 0xFE51,
    0xECA9, 0xDB43, 0xDB44, 0xC2C3, 0xCAE3, 0xD324, 0xCAC2, 0xC261,
    0xDB03, 0xE384, 0xDB24, 0xCAC2, 0xD303, 0xD323, 0xCAC2, 0xDB44,
    0xDB64, 0xD303, 0xDB23, 0xE385, 0xFC87, 0xFE92, 0xFED5, 0xFED5,
    0xFF16, 0xFED4, 0xFE52, 0x9D17, 0x8CB6, 0x8CB6, 0x8CB6, 0x8C96,
    0x8C96, 0x8C96, 0x8495, 0x8475, 0x8475, 0x8455, 0x7C34, 0x7C34,
    0x7C34, 0x7414, 0x7414, 0x7414, 0x7434, 0x7434, 0x7434, 0x7435,
    0x7C55, 0x7C55, 0x7C55, 0x7C55, 0x7C34, 0x7413, 0x7413, 0x7412,
    0x73F2, 0x73F1, 0x73F0, 0x6BD0, 0x73D0, 0x73F1, 0x7412, 0x7C12,
    0x7C33, 0x7C33, 0x7C33, 0x7C33, 0x7C11, 0x73CF, 0x6B8D, 0x634B,
    0x6328, 0x6306, 0x6303, 0x6B02, 0x6B01, 0x6B00, 0x6B00, 0x62E0,
    0x5AE0, 0x52C0, 0x52A0, 0x52A0, 0x52A0, 0x5AE2, 0x6304, 0x6305,
    0x6307, 0x6328, 0x6B29, 0x6329, 0x634B, 0x6B6D, 0x6B8F, 0x6B90,
    0x6BB0, 0x6BB1, 0x6BD2, 0x73D3, 0x6BF4, 0x6BD3, 0x63B3, 0x6392,
    0x9B6B, 0xABCC, 0xBC4E, 0xCCF1, 0xD573, 0xDDD5, 0xE637, 0xE678,
    0xEE98, 0xEEB9, 0xEEBA, 0xEEDA, 0xF6FA, 0xF6FA, 0xF6FA, 0xF6FA,
    0xEE99, 0xE637, 0xDDD5, 0xCD32, 0xBC6E, 0xABAA, 0x92E6, 0x9284,
    0x9AA4, 0x9AC5, 0xA306, 0xAB26, 0xAB47, 0xB367, 0xB3A8, 0xBBA8,
    0xBBE9, 0xC40A, 0xC42A, 0xC44B, 0xC44B, 0xC46C, 0xC46C, 0xC48D,
    0xC48D, 0xC48D, 0xC48E, 0xC48E, 0xBC8E, 0xBC8F, 0xBCAF, 0xBCAF,
    0xBCAF, 0xBCAF, 0xBCD0, 0xBCD0, 0xBCD0, 0xBCD0, 0xBCD0, 0xBCD0,
    0xBCD0, 0xBCD0, 0xBCD0, 0xBCD0, 0xBCAF, 0xB46E, 0xB44D, 0xB40C,
    0xB3EB, 0xB3E9, 0xB3E9, 0xBBE9, 0xC429, 0xC429, 0xC429, 0xC44B,
    0xC48D, 0xC48E, 0xEE74, 0xFEF5, 0xFF38, 0xFF58, 0xFE93, 0xFC88,
    0xF467, 0xEC07, 0xDB44, 0xCAE3, 0xBA83, 0xD324, 0xCAE3, 0xBA62,
    0xD2C2, 0xE384, 0xEC88, 0xFDEF, 0xFE51, 0xFE52, 0xFE51, 0xFE51,
    0xFE50, 0xFD8B, 0xE3A4, 0xD2E3, 0xD303, 0xCAC2, 0xC2A2, 0xBA83,
    0xBA82, 0xBA82, 0xCAE3, 0xBA82, 0xBA82, 0xBA82, 0xBA42, 0xBA62,
    0xC282, 0xBA62, 0xBA62, 0xCAE3, 0xBA62, 0xB222, 0xC2A3, 0xCB03,
    0xC282, 0xDB43, 0xFE10, 0xFE94, 0xFEB4, 0xFEB4, 0xFE93, 0xFEB4,
    0xFE31, 0xFE72, 0xFE94, 0xFEB4, 0xFE93, 0xFE52, 0xFE52, 0xFE73,
    0xFE10, 0xEBE6, 0xD344, 0xCB24, 0xD324, 0xDB24, 0xDB24, 0xCAC3,
    0xCAC2, 0xDB23, 0xDB24, 0xCAC2, 0xCAC2, 0xD303, 0xCAE3, 0xBA41,
    0xD323, 0xDB64, 0xD303, 0xE384, 0xF4A8, 0xFED4, 0xFEB4, 0xFED4,
    0xFEB4, 0xFEF6, 0xFF37, 0xC5B6, 0x8C95, 0x94B5, 0x8C95, 0x8C95,
    0x8C95, 0x8C75, 0x8C75, 0x8474, 0x8454, 0x8454, 0x8434, 0x7C33,
    0x7C13, 0x7C13, 0x7C14, 0x7C14, 0x7C34, 0x7C34, 0x7C54, 0x8454,
    0x8475, 0x8475, 0x8475, 0x8454, 0x8433, 0x7C12, 0x7C11, 0x7411,
    0x7BF1, 0x7C10, 0x7BF0, 0x7BEF, 0x7BF0, 0x7C11, 0x8432, 0x8433,
    0x8453, 0x7C33, 0x8433, 0x8432, 0x7BF1, 0x73CF, 0x738D, 0x6B6B,
    0x6328, 0x6306, 0x6302, 0x6B00, 0x6B00, 0x6B00, 0x6300, 0x62E0,
    0x5AC0, 0x52A0, 0x52A0, 0x52A0, 0x52A0, 0x62E2, 0x6304, 0x6B05,
    0x6B27, 0x6B48, 0x6B48, 0x6B49, 0x6B6B, 0x6B8E, 0x73AF, 0x73B0,
    0x73D1, 0x73F2, 0x7BF2, 0x7C13, 0x7C14, 0x73F3, 0x6BD2, 0x6BB2,
    0x9B6B, 0xA3CC, 0xBC4E, 0xCCF0, 0xD593, 0xDDF5, 0xE637, 0xE678,
    0xEE99, 0xEEB9, 0xEEDA, 0xEEDA, 0xF6FA, 0xF6FA, 0xF6FA, 0xF6FA,
    0xEE99, 0xE637, 0xD5B5, 0xCD12, 0xB44E, 0xA36A, 0x92C6, 0x9284,
    0x9AA5, 0x9AC5, 0xA306, 0xAB26, 0xAB47, 0xB367, 0xB388, 0xBBA8,
    0xBBE9, 0xC40A, 0xC42A, 0xC44B, 0xC44B, 0xC46C, 0xC46C, 0xC46D,
    0xC46D, 0xC48D, 0xC48E, 0xC48E, 0xBCAE, 0xBCAF, 0xBCAF, 0xBCAF,
    0xBCAF, 0xBCAF, 0xBCD0, 0xBCD0, 0xBCD0, 0xBCD0, 0xBCD0, 0xBCD0,
    0xBCD0, 0xBCD0, 0xBCD0, 0xBCD0, 0xBCAF, 0xB46E, 0xB44D, 0xB40C,
    0xB3EA, 0xB3C9, 0xB3C9, 0xBBE9, 0xC409, 0xC429, 0xC429, 0xC44B,
    0xC46C, 0xDD91, 0xFF58, 0xFF38, 0xFF58, 0xFEB3, 0xFCA8, 0xF447,
    0xF447, 0xDB64, 0xE385, 0xE384, 0xCAE3, 0xD324, 0xCAC3, 0xC282,
    0xDB03, 0xD303, 0xDB23, 0xF54C, 0xFE72, 0xFE72, 0xFE10, 0xFE72,
    0xFE0F, 0xFE0F, 0xEC47, 0xD2E2, 0xC2A2, 0xCAC3, 0xBA82, 0xBA62,
    0xB242, 0xB242, 0xCAE3, 0xCAE3, 0xC2E3, 0xC2A3, 0xBA82, 0xC2A2,
    0xC2A2, 0xC282, 0xC2A2, 0xCAC3, 0xC2A2, 0xBA62, 0xC2C3, 0xCAC3,
    0xD303, 0xFD4B, 0xFE72, 0xFE93, 0xFE94, 0xFE94, 0xFE72, 0xFE93,
    0xFE72, 0xFE52, 0xFEB4, 0xFE94, 0xFEB4, 0xFE94, 0xFE73, 0xFE73,
    0xFE52, 0xFD4C, 0xD343, 0xCB03, 0xD324, 0xDB85, 0xDB65, 0xCB04,
    0xC2A2, 0xCAA2, 0xCAE3, 0xCAC3, 0xD303, 0xD2E3, 0xD303, 0xC2A2,
    0xC2C3, 0xE384, 0xDB44, 0xE3A4, 0xF4C9, 0xFE93, 0xFEB4, 0xFEB4,
    0xFEB4, 0xFEB4, 0xFF57, 0xEE97, 0x9494, 0x9494, 0x9494, 0x9494,
    0x8C74, 0x8C73, 0x8C53, 0x8C53, 0x8C53, 0x8433, 0x8433, 0x8412,
    0x8412, 0x7C12, 0x7C12, 0x8413, 0x8433, 0x8433, 0x8453, 0x8C74,
    0x8C74, 0x8C94, 0x8C74, 0x8C53, 0x8432, 0x7C11, 0x7C11, 0x7C10,
    0x7C10, 0x7C0F, 0x7BEF, 0x7C0F, 0x8410, 0x8431, 0x8C52, 0x8C73,
    0x8C53, 0x8453, 0x8432, 0x8431, 0x7BF0, 0x73CE, 0x738C, 0x6B6A,
    0x6B48, 0x6B26, 0x6B02, 0x6B00, 0x6B00, 0x6B00, 0x6300, 0x62E0,
    0x5AA0, 0x52A0, 0x52A0, 0x52A0, 0x5AC0, 0x62E2, 0x62E3, 0x6B04,
    0x6B26, 0x6B47, 0x6B48, 0x6B69, 0x738C, 0x73AE, 0x7BAF, 0x7BD0,
    0x7BF1, 0x8412, 0x8433, 0x8434, 0x7C33, 0x7C13, 0x73D2, 0x73B2,
    0x934A, 0xA3AC, 0xB44E, 0xCCF0, 0xD573, 0xDDF5, 0xE637, 0xE658,
    0xEE98, 0xEEB9, 0xEEDA, 0xEEDA, 0xF6FA, 0xF6FA, 0xF6FA, 0xF6DA,
    0xEE99, 0xE637, 0xD5B5, 0xC511, 0xB42D, 0x9B49, 0x9285, 0x9284,
    0x92A5, 0x9AC5, 0xA306, 0xAB26, 0xAB47, 0xB387, 0xB388, 0xBBA8,
    0xBBC9, 0xC40A, 0xC40A, 0xC42B, 0xC44B, 0xC46C, 0xC46C, 0xC46D,
    0xC46D, 0xC48D, 0xC48E, 0xC48E, 0xBCAE, 0xBCAF, 0xBCAF, 0xBCAF,
    0xBCAF, 0xBCAF, 0xBCD0, 0xBCD0, 0xBCD0, 0xBCD0, 0xBCD0, 0xBCD0,
    0xBCD0, 0xBCD0, 0xBCD0, 0xBCD0, 0xBC8F, 0xB46E, 0xB42D, 0xAC0C,
    0xABEA, 0xB3C9, 0xB3C9, 0xBBE9, 0xC409, 0xC429, 0xC429, 0xC44A,
    0xC48D, 0xF6B4, 0xFF17, 0xFF59, 0xFED5, 0xFCC8, 0xF468, 0xFCC9,
    0xEC06, 0xEBC6, 0xE3C5, 0xD324, 0xCAE4, 0xD324, 0xCAE3, 0xCAC3,
    0xD303, 0xD323, 0xD303, 0xF50A, 0xFDEF, 0xFDEF, 0xFE51, 0xFE71,
    0xFE51, 0xFE0F, 0xEC06, 0xD2E3, 0xCAC3, 0xBAA2, 0xB242, 0xAA22,
    0xB262, 0xBA42, 0xC2C3, 0xD324, 0xC2A2, 0xB262, 0xBA62, 0xC282,
    0xC2A2, 0xCAC2, 0xC282, 0xC282, 0xBA62, 0xC262, 0xCAC2, 0xDB23,
    0xF4EA, 0xFE72, 0xFE52, 0xFE52, 0xFE73, 0xFE93, 0xFE52, 0xFE93,
    0xFE93, 0xFE52, 0xFEB3, 0xFE93, 0xFE94, 0xFE73, 0xFEB4, 0xFE93,
    0xFE52, 0xFE10, 0xF488, 0xD2E2, 0xC2A2, 0xCB03, 0xDB64, 0xD344,
    0xD303, 0xD2E3, 0xDB44, 0xCAE3, 0xCAA3, 0xCAA2, 0xCAA2, 0xD2E3,
    0xC2C3, 0xCAE3, 0xEBC5, 0xEBE5, 0xFCE9, 0xFE93, 0xFED5, 0xFE93,
    0xFE73, 0xFE0F, 0xFED5, 0xFF39, 0xACF4, 0x9473, 0x9493, 0x9473,
    0x9473, 0x9452, 0x9452, 0x8C32, 0x8C32, 0x8C31, 0x8C11, 0x8411,
    0x8411, 0x8411, 0x8411, 0x8412, 0x8C32, 0x8C32, 0x8C53, 0x9473,
    0x9494, 0x9494, 0x9473, 0x8C52, 0x8431, 0x8410, 0x840F, 0x840F,
    0x840F, 0x840F, 0x840E, 0x840F, 0x842F, 0x8C30, 0x8C52, 0x8C72,
    0x8C52, 0x8C52, 0x8C31, 0x8411, 0x83F0, 0x7BCE, 0x73AB, 0x6B6A,
    0x6B48, 0x6B26, 0x6B02, 0x6B00, 0x6B00, 0x6B00, 0x6300, 0x62E0,
    0x5AA0, 0x52A0, 0x52A0, 0x5AC0, 0x5AE0, 0x62E1, 0x62E3, 0x6B04,
    0x6B25, 0x6B46, 0x6B67, 0x738A, 0x7BAC, 0x7BCE, 0x83F0, 0x83F0,
    0x8411, 0x8C32, 0x8C53, 0x8C53, 0x8433, 0x8413, 0x7BF2, 0x73D1,
    0x932A, 0xA3AC, 0xB42E, 0xC4F0, 0xD593, 0xDDF5, 0xE637, 0xE678,
    0xEE99, 0xEEB9, 0xEEDA, 0xEEDA, 0xF6FA, 0xF6FA, 0xF6FA, 0xF6DA,
    0xEE99, 0xDE37, 0xD5B4, 0xC4F1, 0xB42D, 0x9B29, 0x8A64, 0x8A64,
    0x92A4, 0x9AC5, 0xA306, 0xAB26, 0xAB47, 0xB367, 0xB388, 0xBBA8,
    0xBBE9, 0xC409, 0xC40A, 0xC42A, 0xC44B, 0xC44B, 0xC46C, 0xC46C,
    0xC46D, 0xC48D, 0xC48D, 0xC48E, 0xBCAE, 0xBCAF, 0xBCAF, 0xBCAF,
    0xBCAF, 0xBCAF, 0xBCD0, 0xBCD0, 0xBCD0, 0xBCD0, 0xBCD0, 0xBCD0,
    0xBCD0, 0xBCD0, 0xBCD0, 0xBCB0, 0xBC8F, 0xB46E, 0xB42D, 0xAC0B,
    0xABEA, 0xB3C9, 0xB3C9, 0xBBE9, 0xC409, 0xC429, 0xC429, 0xC42A,
    0xE52D, 0xFDEE, 0xFEF6, 0xFF78, 0xFDAD, 0xFC88, 0xFCEA, 0xEBE6,
    0xE3A5, 0xE3A5, 0xCAE3, 0xD303, 0xCAE3, 0xD304, 0xD303, 0xCAC3,
    0xCAE3, 0xD303, 0xE3A5, 0xE3E6, 0xF50B, 0xFE30, 0xFE72, 0xFE51,
    0xFE71, 0xFDEE, 0xE3A4, 0xCAE3, 0xCAC3, 0xCAC3, 0xCAC3, 0xBA62,
    0xC282, 0xC282, 0xBA42, 0xC2C2, 0xBA82, 0xC2A2, 0xBA82, 0xBA62,
    0xCAE2, 0xC282, 0xC282, 0xC282, 0xB221, 0xD303, 0xF447, 0xFDCE,
    0xFE51, 0xFE72, 0xFE93, 0xFE52, 0xFE52, 0xFE73, 0xFE73, 0xFE73,
    0xFE93, 0xFE72, 0xFE51, 0xFE73, 0xFED5, 0xFE73, 0xFE73, 0xFE93,
    0xFE93, 0xFE72, 0xFDAE, 0xE3A5, 0xD303, 0xCAE3, 0xDB23, 0xDB84,
    0xDB64, 0xDB23, 0xDB23, 0xDB64, 0xBA82, 0xCAA2, 0xCAA2, 0xD2C3,
    0xD303, 0xCAE3, 0xD324, 0xE363, 0xFCE9, 0xFED4, 0xFED5, 0xFEF6,
    0xFE11, 0xF4CA, 0xFD4C, 0xFF57, 0xCDD5, 0x9451, 0x9C72, 0x9C71,
    0x9C51, 0x9451, 0x9430, 0x9430, 0x9430, 0x8C10, 0x8C10, 0x8BF0,
    0x8BF0, 0x8C10, 0x8C10, 0x8C11, 0x8C31, 0x9451, 0x9452, 0x9473,
    0x9C93, 0x9C93, 0x9472, 0x9451, 0x8C30, 0x840F, 0x840E, 0x840E,
    0x840E, 0x840E, 0x840E, 0x840E, 0x8C2F, 0x8C30, 0x9451, 0x8C51,
    0x8C51, 0x8C30, 0x8C30, 0x840F, 0x83EE, 0x7BCD, 0x73AB, 0x7369,
    0x6B48, 0x6B26, 0x6B23, 0x6B00, 0x6B00, 0x6B00, 0x6300, 0x62E0,
    0x5AA0, 0x5AA0, 0x5AC0, 0x5AC0, 0x5AE0, 0x5B00, 0x6302, 0x6303,
    0x6304, 0x6B45, 0x7368, 0x738A, 0x7BAC, 0x83EE, 0x8C10, 0x8C10,
    0x8C31, 0x9473, 0x9473, 0x9473, 0x8C52, 0x8C32, 0x8412, 0x83F1,
    0x932A, 0xA38B, 0xB42D, 0xC4D0, 0xD573, 0xDDF5, 0xE637, 0xE678,
    0xEE99, 0xEEB9, 0xEEB9, 0xEEDA, 0xEEDA, 0xF6FA, 0xF6DA, 0xEEB9,
    0xE678, 0xDE16, 0xD593, 0xC4D0, 0xABEC, 0x9308, 0x8A64, 0x8A64,
    0x92A4, 0x9AC5, 0xA306, 0xAB26, 0xAB47, 0xB367, 0xB388, 0xBBA8,
    0xBBC9, 0xBBE9, 0xC40A, 0xC42A, 0xC44B, 0xC44B, 0xC46C, 0xC46C,
    0xC46D, 0xC48D, 0xC48D, 0xC48E, 0xBCAE, 0xBCAF, 0xBCAF, 0xBCAF,
    0xBCAF, 0xBCCF, 0xBCD0, 0xBCD0, 0xBCD0, 0xBCD0, 0xBCD0, 0xBCD0,
    0xBCD0, 0xBCD0, 0xBCD0, 0xBCAF, 0xBC8F, 0xB46E, 0xB42C, 0xABEB,
    0xABCA, 0xB3C9, 0xB3C9, 0xBBE9, 0xC409, 0xC429, 0xC429, 0xCC6B,
    0xFD2B, 0xFE10, 0xFF99, 0xFED4, 0xFD0A, 0xF4C9, 0xF447, 0xE385,
    0xE3A5, 0xCAE3, 0xCAE3, 0xE3A5, 0xDB65, 0xDB24, 0xD2E3, 0xC2A2,
    0xC282, 0xD2E3, 0xDB23, 0xD323, 0xF58E, 0xFEB3, 0xFE51, 0xFE72,
    0xFE51, 0xFDCD, 0xE3E5, 0xD303, 0xD303, 0xD2E3, 0xBA82, 0xBA82,
    0xB221, 0xBA61, 0xBA82, 0xB242, 0xC282, 0xBA82, 0xBA82, 0xCAA2,
    0xD302, 0xCAA2, 0xCAA2, 0xDB43, 0xF488, 0xFD4C, 0xFE51, 0xFE93,
    0xFE72, 0xFE72, 0xFE93, 0xFE72, 0xFE73, 0xFE93, 0xFE93, 0xFEB4,
    0xFE93, 0xFE30, 0xFE10, 0xFE51, 0xFE93, 0xFE72, 0xFE31, 0xFE93,
    0xFEB4, 0xFE93, 0xFDEF, 0xFCEA, 0xDB44, 0xDB44, 0xEBA4, 0xE3A4,
    0xE384, 0xDB23, 0xD303, 0xD323, 0xD323, 0xD2C2, 0xD303, 0xD303,
    0xDB23, 0xD303, 0xD2E3, 0xDB23, 0xF487, 0xFE93, 0xFED5, 0xFF16,
    0xFDF0, 0xE3A5, 0xEC06, 0xFD8D, 0xF6D6, 0xA470, 0x9C50, 0x9C50,
    0x9C2F, 0x9C2F, 0x9C2F, 0x940F, 0x940E, 0x940E, 0x93EE, 0x8BEE,
    0x8BEE, 0x8BEF, 0x940F, 0x9410, 0x9430, 0x9430, 0x9451, 0x9C71,
    0x9C92, 0x9C92, 0x9C71, 0x9450, 0x8C2F, 0x8C0E, 0x840D, 0x840D,
    0x8C0D, 0x8C0D, 0x8C0D, 0x8C2E, 0x8C2E, 0x8C2F, 0x942F, 0x8C2F,
    0x8C2F, 0x8C2F, 0x8C0F, 0x83EE, 0x83ED, 0x7BCC, 0x7BAA, 0x7369,
    0x7348, 0x6B46, 0x6B23, 0x6B00, 0x6B00, 0x6B00, 0x6B00, 0x62E0,
    0x5AC0, 0x5AA0, 0x5AC0, 0x5AE0, 0x5B00, 0x5B00, 0x6300, 0x6302,
    0x6303, 0x6B24, 0x7367, 0x738A, 0x7BCC, 0x8BEE, 0x9430, 0x9430,
    0x9C51, 0x9C92, 0x9C93, 0x9C73, 0x9472, 0x9432, 0x8C11, 0x8BF1,
    0x932A, 0xA3AB, 0xB42D, 0xC4D0, 0xD552, 0xDDB4, 0xE5F5, 0xE637,
    0xEE78, 0xEE78, 0xEE98, 0xEEB9, 0xEEB9, 0xEEB9, 0xEEB9, 0xEE98,
    0xE636, 0xDDD4, 0xD552, 0xC4AF, 0xB3EC, 0x9B28, 0x92A4, 0x92A4,
    0x9AC5, 0xA2E5, 0xA306, 0xAB46, 0xB367, 0xB387, 0xB3A8, 0xBBC8,
    0xBBE9, 0xC3E9, 0xC40A, 0xC42A, 0xC44B, 0xC44B, 0xC46C, 0xC46C,
    0xC46C, 0xC48D, 0xC48D, 0xC48E, 0xC4AE, 0xBCAF, 0xBCAF, 0xBCAF,
    0xBCCF, 0xBCCF, 0xBCD0, 0xBCD0, 0xBCD0, 0xBCD0, 0xBCD0, 0xBCD0,
    0xBCF0, 0xBCD0, 0xBCD0, 0xBCAF, 0xB48F, 0xB46E, 0xB42C, 0xABEB,
    0xABCA, 0xABA9, 0xB3C9, 0xBBE9, 0xC429, 0xC429, 0xC429, 0xDCCB,
    0xFDAE, 0xFF16, 0xFF78, 0xFD8C, 0xFCC9, 0xF4A8, 0xEBC6, 0xEC07,
    0xE3A5, 0xD324, 0xDB65, 0xDB44, 0xDB85, 0xE364, 0xD2C2, 0xC2A2,
    0xC282, 0xCAE3, 0xD323, 0xDBC6, 0xFE72, 0xFE92, 0xFE72, 0xFE72,
    0xFE72, 0xFE30, 0xF488, 0xDB64, 0xCB03, 0xCAE3, 0xC2A3, 0xC2A2,
    0xC262, 0xCAC2, 0xB262, 0xB242, 0xCAE3, 0xC282, 0xDB02, 0xE384,
    0xF488, 0xF488, 0xF4A8, 0xFDAE, 0xFE30, 0xFE72, 0xFE72, 0xFE93,
    0xFE73, 0xFE93, 0xFE73, 0xFE72, 0xFE72, 0xFE94, 0xFE93, 0xFE93,
    0xFE52, 0xFE0F, 0xFE72, 0xFE72, 0xFE93, 0xFE72, 0xFE72, 0xFE72,
    0xFE93, 0xFED5, 0xFE72, 0xFE31, 0xF50B, 0xE3A5, 0xEC06, 0xE384,
    0xDB43, 0xEB84, 0xE364, 0xDB23, 0xD323, 0xDB44, 0xD323, 0xD323,
    0xE364, 0xD303, 0xC2A2, 0xDB23, 0xF446, 0xFE92, 0xFEF6, 0xFF16,
    0xFD6D, 0xE3A5, 0xEBC6, 0xF426, 0xFE0F, 0xCD92, 0xA42E, 0xA44E,
    0xA42E, 0x9C0D, 0x9C0D, 0x9C0D, 0x9BED, 0x93ED, 0x93ED, 0x93ED,
    0x93ED, 0x93ED, 0x93EE, 0x940E, 0x940F, 0x9C2F, 0x9C4F, 0x9C70,
    0xA471, 0xA470, 0x9C50, 0x944F, 0x8C2D, 0x840C, 0x83EC, 0x83EC,
    0x83EC, 0x8C0C, 0x8C0C, 0x8C0D, 0x8C0D, 0x8C0D, 0x8C0D, 0x8C0D,
    0x8C0E, 0x8C0E, 0x8C0D, 0x83ED, 0x83CC, 0x7BAB, 0x738A, 0x7368,
    0x7347, 0x6B25, 0x6B22, 0x6B00, 0x6B00, 0x6B20, 0x6B00, 0x62E0,
    0x5AC0, 0x5AC0, 0x5AE0, 0x5AE0, 0x5AE0, 0x5B00, 0x5B00, 0x6300,
    0x6300, 0x6323, 0x7367, 0x7B89, 0x83CB, 0x8C0D, 0x942F, 0x9C50,
    0xA471, 0xA492, 0xA492, 0x9C72, 0x9C51, 0x9451, 0x9410, 0x8BF0,
    0xA369, 0xABCB, 0xBC2D, 0xCCAF, 0xD531, 0xDD93, 0xE5D4, 0xE615,
    0xE636, 0xEE57, 0xEE57, 0xEE77, 0xEE78, 0xEE98, 0xEE78, 0xEE57,
    0xE615, 0xDDB3, 0xD551, 0xCCAE, 0xBC0B, 0xAB68, 0xAB26, 0xAB26,
    0xAB46, 0xB366, 0xB367, 0xB387, 0xBBA7, 0xBBC8, 0xC3C8, 0xC3E8,
    0xC409, 0xC429, 0xCC29, 0xCC4A, 0xCC6B, 0xCC6B, 0xCC6B, 0xCC6C,
    0xCC8C, 0xC48D, 0xC48D, 0xC4AE, 0xC4AE, 0xC4AE, 0xC4CF, 0xC4CF,
    0xC4CF, 0xC4CF, 0xC4D0, 0xC4F0, 0xC4D0, 0xBCD0, 0xBCD0, 0xBCD0,
    0xBCD0, 0xBCD0, 0xBCD0, 0xBCAF, 0xB48E, 0xB46E, 0xB42C, 0xABEB,
    0xABCA, 0xABA9, 0xB3C8, 0xBBE9, 0xC429, 0xC429, 0xC429, 0xF54C,
    0xFD8D, 0xFF16, 0xFEB3, 0xFC88, 0xFC88, 0xEC06, 0xEBC6, 0xEC27,
    0xE3A6, 0xD324, 0xD324, 0xDB24, 0xD323, 0xD303, 0xD303, 0xCAC3,
    0xBA82, 0xCAE3, 0xC282, 0xDBA6, 0xFE72, 0xFE72, 0xFE72, 0xFE72,
    0xFE72, 0xFE30, 0xF50A, 0xE383, 0xD324, 0xC2E3, 0xBA82, 0xBA62,
    0xC2A2, 0xCAE3, 0xC2A2, 0xBA62, 0xC262, 0xE384, 0xF4E9, 0xFD2B,
    0xFE51, 0xFE0F, 0xFE30, 0xFE72, 0xFE52, 0xFE72, 0xFE93, 0xFE94,
    0xFE94, 0xFE93, 0xFEB4, 0xFE93, 0xFE31, 0xFE73, 0xFE73, 0xFE73,
    0xFE72, 0xFE30, 0xFE72, 0xFE93, 0xFE73, 0xFE93, 0xFEB4, 0xFE73,
    0xFE93, 0xFE72, 0xFE73, 0xFE72, 0xFE72, 0xFDCE, 0xFD8D, 0xFD8D,
    0xF4A8, 0xFCC9, 0xFD2B, 0xEC46, 0xDB44, 0xDB23, 0xDB44, 0xD303,
    0xDB44, 0xDB23, 0xD2E3, 0xDB03, 0xF467, 0xFEB3, 0xFEB4, 0xFED4,
    0xF52B, 0xE3A5, 0xE385, 0xEBE6, 0xFCC8, 0xF5D0, 0xA44D, 0xA42D,
    0xA42D, 0xA40C, 0xA40C, 0x9BEC, 0x9BEC, 0x9BEC, 0x9BCC, 0x93CC,
    0x93CC, 0x93CC, 0x93EC, 0x93ED, 0x9BED, 0x9C0E, 0x9C2E, 0x9C4F,
    0xA44F, 0x9C4F, 0x9C2E, 0x940D, 0x8C0C, 0x83EC, 0x83EB, 0x83CB,
    0x83EB, 0x83EB, 0x8BEB, 0x8C0C, 0x8BEC, 0x8BEB, 0x8BEB, 0x83EB,
    0x8BEC, 0x8C0C, 0x8BEC, 0x8BCC, 0x83CB, 0x7BAA, 0x7369, 0x7347,
    0x7346, 0x6B25, 0x6B21, 0x6B00, 0x6B20, 0x6B20, 0x6B20, 0x6300,
    0x5AE0, 0x5AE0, 0x5B00, 0x5B00, 0x5AE0, 0x5AE0, 0x5AE0, 0x5AE0,
    0x5AE0, 0x6323, 0x7367, 0x7B89, 0x83CB, 0x940D, 0x9C2E, 0x9C4F,
    0xA470, 0xA491, 0xA471, 0x9C71, 0x9C50, 0x9430, 0x940F, 0x93EF,
    0xB3A9, 0xBBEA, 0xC44C, 0xD4CE, 0xDD30, 0xDD71, 0xE5B2, 0xE5D4,
    0xE615, 0xEE15, 0xEE35, 0xEE56, 0xEE56, 0xEE56, 0xEE56, 0xEE35,
    0xEDF4, 0xE592, 0xDD30, 0xD4AE, 0xC44B, 0xBBC8, 0xBBA7, 0xBBA7,
    0xC3C7, 0xC3C7, 0xC3E8, 0xC3E8, 0xCBE8, 0xCC08, 0xCC28, 0xCC49,
    0xD449, 0xD469, 0xD48A, 0xD48A, 0xD48A, 0xD4AB, 0xD4AB, 0xD4AC,
    0xD4AC, 0xD4AC, 0xD4CD, 0xD4CD, 0xCCCE, 0xCCEE, 0xCCEE, 0xCCEF,
    0xCCEF, 0xCCEF, 0xCCEF, 0xCCEF, 0xCCEF, 0xC4EF, 0xC4EF, 0xC4EF,
    0xC4F0, 0xC4F0, 0xC4D0, 0xBCAF, 0xBC8E, 0xB44D, 0xB42C, 0xABEB,
    0xABCA, 0xABA9, 0xB3C8, 0xBBE9, 0xC449, 0xC429, 0xDCEB, 0xFD4B,
    0xF4EB, 0xFF37, 0xFDAD, 0xFCA9, 0xF488, 0xEC27, 0xF467, 0xE3C6,
    0xD324, 0xDB64, 0xE364, 0xCAE3, 0xBA83, 0xD323, 0xD2E3, 0xC2C3,
    0xD2E3, 0xCAE3, 0xBA61, 0xED0C, 0xFE71, 0xFE51, 0xFE51, 0xFE51,
    0xFE30, 0xFE10, 0xFD8D, 0xEC05, 0xDB43, 0xBA62, 0xB241, 0xBA62,
    0xC2C2, 0xCAC3, 0xCAC2, 0xCAA2, 0xDB43, 0xFDCE, 0xFE51, 0xFDEF,
    0xFE30, 0xFE10, 0xFE10, 0xFE73, 0xFE73, 0xFE51, 0xFE52, 0xFE73,
    0xFE93, 0xFE93, 0xFEB3, 0xFE10, 0xFE10, 0xFE72, 0xFE72, 0xFEB4,
    0xFE93, 0xFE93, 0xFE72, 0xFE93, 0xFEB4, 0xFE93, 0xFE93, 0xFE93,
    0xFE72, 0xFE93, 0xFE93, 0xFEB4, 0xFE73, 0xFE72, 0xFE52, 0xFE73,
    0xFE71, 0xFE51, 0xFE72, 0xFE10, 0xFD4C, 0xEC06, 0xE364, 0xD303,
    0xD303, 0xE343, 0xE343, 0xEBA4, 0xFD4B, 0xFE72, 0xFE73, 0xFE72,
    0xF4EA, 0xEC06, 0xE385, 0xEBC5, 0xF446, 0xFD2B, 0xC4AE, 0xA40C,
    0xA42C, 0xA40C, 0xA40C, 0x9BEC, 0x9BEC, 0x9BEB, 0x9BCB, 0x9BCB,
    0x93CB, 0x93CB, 0x93CB, 0x93CC, 0x93EC, 0x9BEC, 0x9C0D, 0x9C2D,
    0x9C2D, 0x9C2D, 0x940C, 0x8BEC, 0x8BEB, 0x83CB, 0x83CA, 0x83CA,
    0x83CA, 0x83EA, 0x8BEA, 0x8BEA, 0x83CA, 0x83CA, 0x83A9, 0x83A9,
    0x83CA, 0x8BEB, 0x8BEB, 0x8BCB, 0x83AA, 0x7B89, 0x7368, 0x7346,
    0x6B25, 0x6B23, 0x6B21, 0x6B20, 0x7320, 0x7340, 0x6B20, 0x6300,
    0x6300, 0x6320, 0x6300, 0x5B00, 0x5AE0, 0x52C0, 0x52C0, 0x5AE0,
    0x5AE0, 0x6323, 0x7367, 0x7BA9, 0x8BCB, 0x940D, 0x9C0E, 0x9C2F,
    0xA450, 0xA470, 0xA450, 0x9C2F, 0x9C2F, 0x940F, 0x93EE, 0x8BCE,
    0xC409, 0xCC4A, 0xD48B, 0xDCED, 0xDD2F, 0xE54F, 0xE590, 0xE5B2,
    0xEDD2, 0xEDF3, 0xEE13, 0xEE13, 0xEE14, 0xEE14, 0xEE14, 0xEDF3,
    0xEDB2, 0xE570, 0xDD2F, 0xDCCD, 0xD46A, 0xCC28, 0xCC08, 0xCC28,
    0xD428, 0xD448, 0xD448, 0xD448, 0xD469, 0xD469, 0xDC89, 0xDC89,
    0xDCA9, 0xDCAA, 0xDCAA, 0xDCCA, 0xDCCB, 0xDCCB, 0xDCCB, 0xDCCB,
    0xDCEC, 0xDCEC, 0xDCEC, 0xDCED, 0xDCED, 0xDCED, 0xDD0E, 0xDD0E,
    0xDD0E, 0xD50E, 0xD50E, 0xD50E, 0xD50E, 0xD50E, 0xD50F, 0xD50F,
    0xCD0F, 0xCCEF, 0xCCEF, 0xCCCF, 0xC4AE, 0xBC8D, 0xBC4C, 0xB40B,
    0xB3EA, 0xB3C9, 0xB3C9, 0xBC09, 0xC429, 0xCC6A, 0xFD6C, 0xFD0A,
    0xFEB5, 0xFEF5, 0xFCC8, 0xF468, 0xF488, 0xF468, 0xE3C6, 0xD324,
    0xCB04, 0xE385, 0xD303, 0xC2C3, 0xD303, 0xCAC3, 0xC2A3, 0xCAE3,
    0xD344, 0xC281, 0xE427, 0xFE30, 0xFE10, 0xFE52, 0xFE72, 0xFE51,
    0xFE51, 0xFE51, 0xFDEE, 0xF52B, 0xEC06, 0xDB84, 0xD2E2, 0xCAA2,
    0xC2A2, 0xDB23, 0xE384, 0xEC06, 0xFDAE, 0xFE72, 0xFE31, 0xFE31,
    0xFE10, 0xFE72, 0xFE51, 0xFE72, 0xFE93, 0xFE93, 0xFE52, 0xFE72,
    0xFE93, 0xFE92, 0xFDF0, 0xE3C6, 0xE448, 0xEC69, 0xE448, 0xF5AE,
    0xFE31, 0xFEB4, 0xFE71, 0xFE30, 0xFE31, 0xFE93, 0xFE93, 0xFEB4,
    0xFE73, 0xFE93, 0xFE93, 0xFED5, 0xFEB4, 0xFE73, 0xFE93, 0xFEB4,
    0xFE93, 0xFE93, 0xFE72, 0xFE72, 0xFE93, 0xFE51, 0xFD4C, 0xE3C6,
    0xDB23, 0xE343, 0xF467, 0xFE0F, 0xFED5, 0xFF16, 0xFE93, 0xFE30,
    0xDB85, 0xE3A5, 0xE385, 0xE364, 0xEBE6, 0xFCC8, 0xE50C, 0xA40C,
    0xA42C, 0xA40C, 0xA40C, 0x9BEC, 0x9BEC, 0x9BEC, 0x9BEB, 0x9BCB,
    0x93CB, 0x93CB, 0x93CB, 0x93CB, 0x93CB, 0x93CC, 0x9BEC, 0x9C0D,
    0x9C0D, 0x93EC, 0x93EB, 0x8BCB, 0x83CA, 0x83C9, 0x7BA9, 0x7BA9,
    0x7BC9, 0x83C9, 0x83E9, 0x83C9, 0x83A9, 0x7B88, 0x7B87, 0x7B87,
    0x83A8, 0x83A9, 0x8BCA, 0x8BCA, 0x83A9, 0x7B89, 0x7B67, 0x7346,
    0x6B24, 0x6B23, 0x7342, 0x7340, 0x7340, 0x7360, 0x6B40, 0x6320,
    0x6320, 0x6320, 0x6320, 0x5B00, 0x5AE0, 0x52C0, 0x52C0, 0x52C0,
    0x5AE0, 0x6B23, 0x7367, 0x83A9, 0x8BCB, 0x93EC, 0x9C0D, 0x9C2E,
    0xA42F, 0xA42F, 0x9C2F, 0x9C0E, 0x93EE, 0x93CD, 0x93CD, 0x8BCD,
    0xD469, 0xDC89, 0xDCAA, 0xDCEC, 0xE52D, 0xE54E, 0xED6E, 0xED8F,
    0xEDB0, 0xEDB0, 0xEDD1, 0xEDD1, 0xEDD1, 0xEDD1, 0xEDD1, 0xEDB1,
    0xED90, 0xED6E, 0xE52D, 0xE4EC, 0xDCAA, 0xDC89, 0xDC88, 0xDC88,
    0xDC89, 0xE4A9, 0xE4A9, 0xE4A9, 0xE4A9, 0xE4C9, 0xE4C9, 0xE4CA,
    0xE4EA, 0xE4EA, 0xE4EA, 0xE50B, 0xE50B, 0xE50B, 0xE50B, 0xE50B,
    0xE50C, 0xE50C, 0xE50C, 0xE52C, 0xE52C, 0xE50D, 0xE52D, 0xE52D,
    0xE52D, 0xE52D, 0xE52D, 0xDD2D, 0xDD2E, 0xDD2E, 0xDD2E, 0xDD2E,
    0xDD2E, 0xDD0E, 0xD50E, 0xD50E, 0xD4CD, 0xCCAD, 0xC46C, 0xC44B,
    0xBC0A, 0xBBE9, 0xBBE9, 0xC409, 0xC429, 0xDCEB, 0xFD8C, 0xFDCF,
    0xFFBA, 0xFE0F, 0xFCE9, 0xF4A9, 0xEC06, 0xE3A5, 0xDB65, 0xDB45,
    0xCB04, 0xDB85, 0xDB44, 0xDB44, 0xD324, 0xCAC3, 0xCAE3, 0xCAE3,
    0xC2A2, 0xE3C6, 0xFE51, 0xFE10, 0xFE51, 0xFE93, 0xFE73, 0xFE72,
    0xFE51, 0xFE30, 0xFE10, 0xFE0F, 0xFDEF, 0xFD4B, 0xE3C5, 0xD323,
    0xDB43, 0xEC26, 0xF50B, 0xFDEF, 0xFE52, 0xFE52, 0xFE52, 0xFE73,
    0xFE51, 0xFE52, 0xFE51, 0xFE73, 0xFE94, 0xFE93, 0xFE72, 0xFE51,
    0xFE31, 0xFD8D, 0xF447, 0xD303, 0xD303, 0xDB03, 0xE364, 0xEBA5,
    0xF488, 0xFE72, 0xFEB4, 0xFE93, 0xFE51, 0xFE30, 0xFE72, 0xFE93,
    0xFEB4, 0xFEB4, 0xFEB4, 0xFE93, 0xFE93, 0xFE73, 0xFE93, 0xFEB4,
    0xFEB4, 0xFEB4, 0xFEB4, 0xFE73, 0xFE73, 0xFEB4, 0xFEB3, 0xFDCE,
    0xF4EA, 0xFCE9, 0xFDCD, 0xFE72, 0xFEB4, 0xFED5, 0xFEF6, 0xFE72,
    0xDBA5, 0xCAE3, 0xD324, 0xE364, 0xEBE6, 0xFC47, 0xFD2B, 0xB46D,
    0xA40C, 0xA42C, 0xA40C, 0x9C0C, 0x9BEC, 0x9BEC, 0x9BCB, 0x9BCB,
    0x93CB, 0x93CB, 0x93CB, 0x93AB, 0x93AB, 0x93AB, 0x93CC, 0x93EC,
    0x93EC, 0x93CB, 0x8BCA, 0x83AA, 0x83A9, 0x7BA9, 0x7BA8, 0x7BA8,
    0x7BA8, 0x83A8, 0x83A8, 0x7BA8, 0x7B87, 0x7366, 0x7366, 0x7B66,
    0x7B88, 0x83A8, 0x8BA9, 0x8BC9, 0x83A9, 0x8388, 0x7B67, 0x7346,
    0x7344, 0x7343, 0x7342, 0x7341, 0x7361, 0x7361, 0x7340, 0x6B20,
    0x6320, 0x6320, 0x6300, 0x5B00, 0x5AE0, 0x52C0, 0x52C0, 0x5AC0,
    0x5AE0, 0x6B22, 0x7B66, 0x8389, 0x8BCA, 0x93EB, 0x9BEC, 0x9C0D,
    0xA40E, 0x9C0D, 0x9BED, 0x93CD, 0x93CD, 0x8BAC, 0x8BAC, 0x8BAC,
    0xE4CA, 0xE4C9, 0xE4EA, 0xE50B, 0xED2C, 0xED4D, 0xED6D, 0xED8D,
    0xED8E, 0xED8E, 0xED8E, 0xED8E, 0xED8E, 0xED8E, 0xED8E, 0xED8E,
    0xED6D, 0xED4C, 0xED2B, 0xE4EA, 0xE4E9, 0xE4E9, 0xECE9, 0xE4E9,
    0xECE9, 0xECEA, 0xECEA, 0xECEA, 0xED0A, 0xED0A, 0xED0A, 0xED2A,
    0xED2A, 0xED2A, 0xED2B, 0xED4B, 0xED4B, 0xED4B, 0xED4B, 0xED4C,
    0xED4C, 0xED4C, 0xED4C, 0xED4C, 0xED4C, 0xED4C, 0xED2C, 0xED2C,
    0xED2C, 0xED4D, 0xE54D, 0xE54D, 0xE54D, 0xE54D, 0xE52D, 0xE52D,
    0xE52D, 0xDD2D, 0xDD2E, 0xDD0D, 0xDCED, 0xD4CC, 0xCC8B, 0xCC6B,
    0xC42A, 0xC409, 0xC409, 0xC429, 0xCC4A, 0xF54B, 0xFD2A, 0xFEF6,
    0xFF57, 0xFDCD, 0xF4E9, 0xEBE6, 0xEC07, 0xDB85, 0xDB85, 0xE3A5,
    0xEBC5, 0xDBA5, 0xE3A5, 0xE385, 0xD304, 0xD2E3, 0xDB03, 0xCAA2,
    0xE406, 0xFE0F, 0xFE72, 0xFE10, 0xFE52, 0xFE93, 0xFE72, 0xFE72,
    0xFE30, 0xFE31, 0xFE10, 0xFE51, 0xFE0F, 0xFD6C, 0xF52B, 0xF58D,
    0xFD6C, 0xFDEF, 0xFE51, 0xFE30, 0xFE93, 0xFE31, 0xFE10, 0xFE93,
    0xFE51, 0xFE72, 0xFE72, 0xFE52, 0xFE93, 0xFE73, 0xFE31, 0xF5AE,
    0xEC68, 0xDB85, 0xDB44, 0xDB23, 0xE343, 0xDB23, 0xD303, 0xDB23,
    0xEB63, 0xFCEA, 0xFEB4, 0xFE72, 0xFE72, 0xFE72, 0xFE72, 0xFE52,
    0xFEB4, 0xFE93, 0xFEB4, 0xFEB4, 0xFE72, 0xFE52, 0xFE73, 0xFE94,
    0xFE94, 0xFEB4, 0xFE93, 0xFE93, 0xFEB4, 0xFE31, 0xFE51, 0xFE72,
    0xFE31, 0xFE51, 0xFE93, 0xFE93, 0xFEB4, 0xFEF6, 0xFF17, 0xFE94,
    0xEC68, 0xDB24, 0xDB44, 0xE385, 0xF406, 0xEBE6, 0xFCC9, 0xD4AC,
    0x9C0D, 0xA40C, 0xA40C, 0xA40C, 0x9BEC, 0x9BEC, 0x9BCB, 0x93CB,
    0x93AB, 0x93AB, 0x93AB, 0x93AB, 0x93AB, 0x93AB, 0x93AB, 0x93AB,
    0x8BAB, 0x8BAA, 0x83A9, 0x83A9, 0x8389, 0x7B88, 0x7B87, 0x7387,
    0x7B87, 0x7B87, 0x7B87, 0x7366, 0x7365, 0x7345, 0x7365, 0x7B87,
    0x83A8, 0x8BC9, 0x8BCA, 0x8BCA, 0x8BAA, 0x83A9, 0x7B87, 0x7366,
    0x7345, 0x7344, 0x7343, 0x7342, 0x7362, 0x7B62, 0x7340, 0x6B20,
    0x6320, 0x6300, 0x6300, 0x5AE0, 0x5AE0, 0x52C0, 0x5AC0, 0x5AC0,
    0x62E0, 0x6B03, 0x7B46, 0x8388, 0x8BA9, 0x93CB, 0x9BEC, 0x9BEC,
    0x9BED, 0x9BED, 0x93CC, 0x8BAC, 0x8B6B, 0x836B, 0x834B, 0x836B,
    0xED2A, 0xED2A, 0xED2A, 0xED2A, 0xED4B, 0xED4B, 0xED4B, 0xF56C,
    0xF56C, 0xF56C, 0xF56C, 0xED6C, 0xED4B, 0xED4B, 0xED4C, 0xED4B,
    0xED2B, 0xED2B, 0xED2A, 0xED0A, 0xED0A, 0xED2A, 0xED2A, 0xED2A,
    0xED2A, 0xF52A, 0xF52A, 0xF54A, 0xF54A, 0xF54A, 0xF54A, 0xF54B,
    0xF54B, 0xF56B, 0xF56B, 0xF56B, 0xF56B, 0xF56B, 0xF56B, 0xF56C,
    0xF56C, 0xF56C, 0xF56C, 0xF56C, 0xF56C, 0xF56C, 0xED4C, 0xED4C,
    0xED4C, 0xED4C, 0xED4C, 0xED4C, 0xED4C, 0xED4C, 0xED4D, 0xE54D,
    0xE54D, 0xE52D, 0xE52D, 0xE52D, 0xDD0C, 0xDCCB, 0xD4AB, 0xCC6A,
    0xCC4A, 0xC429, 0xC429, 0xC429, 0xDCCA, 0xFD4A, 0xFDEF, 0xFF57,
    0xFE30, 0xF4A8, 0xE3C5, 0xEC47, 0xE407, 0xE3A6, 0xEBE6, 0xEC06,
    0xDB85, 0xDB44, 0xD344, 0xDB44, 0xDB23, 0xE384, 0xEC47, 0xF4C9,
    0xFE30, 0xFE31, 0xFE51, 0xFE30, 0xFE30, 0xFE51, 0xFE52, 0xFE72,
    0xFE72, 0xFE51, 0xFE51, 0xFE0F, 0xFDCE, 0xFDEE, 0xFE30, 0xFE72,
    0xFE72, 0xFE72, 0xFE51, 0xFE31, 0xFE93, 0xFE72, 0xFE30, 0xFE72,
    0xFE51, 0xFE93, 0xFDCF, 0xFDCF, 0xF5CF, 0xFDEF, 0xF52B, 0xEC68,
    0xC2A2, 0xC2A2, 0xD304, 0xD303, 0xDB23, 0xDB23, 0xD303, 0xD2E3,
    0xE344, 0xF3C4, 0xFD8D, 0xFE92, 0xFE52, 0xFE93, 0xFE93, 0xFE72,
    0xFE93, 0xFE72, 0xFE72, 0xFEB4, 0xFE73, 0xFE51, 0xFE72, 0xFEB4,
    0xFEB4, 0xFE93, 0xFE93, 0xFE93, 0xFE94, 0xFE72, 0xFDEF, 0xFE72,
    0xFE73, 0xFED5, 0xFEB4, 0xFE93, 0xFE52, 0xFEB4, 0xFF16, 0xFD8E,
    0xDB64, 0xE365, 0xDB64, 0xE384, 0xEC06, 0xEBC6, 0xF426, 0xECAA,
    0xA42D, 0xA40C, 0xA40C, 0x9BEC, 0x9BEC, 0x9BCC, 0x9BCB, 0x93CB,
    0x93AB, 0x93AB, 0x93AB, 0x938A, 0x8B8A, 0x8B8A, 0x8B8A, 0x8B8A,
    0x8B8A, 0x8389, 0x8389, 0x8389, 0x8388, 0x7B88, 0x7367, 0x7366,
    0x7386, 0x7366, 0x7366, 0x7366, 0x7345, 0x7345, 0x7B87, 0x83A9,
    0x8BCA, 0x93EB, 0x93EC, 0x93EC, 0x8BCB, 0x83AA, 0x7B89, 0x7B68,
    0x7367, 0x7365, 0x7343, 0x7342, 0x7362, 0x7362, 0x7340, 0x6B20,
    0x6300, 0x5AE0, 0x5AE0, 0x5AE0, 0x5AC0, 0x5AC0, 0x5AC0, 0x5AC0,
    0x62E1, 0x6B04, 0x7346, 0x7B68, 0x8389, 0x93AB, 0x93CC, 0x9BCC,
    0x9BCC, 0x93CC, 0x938C, 0x8B6B, 0x832A, 0x7B09, 0x7B09, 0x7B0A,
    0xF56B, 0xF56B, 0xF56B, 0xF54B, 0xF54B, 0xF54B, 0xF54A, 0xF54A,
    0xF54A, 0xF54A, 0xF54A, 0xF54A, 0xF54A, 0xED2A, 0xED2A, 0xED2A,
    0xF52A, 0xED2A, 0xED2A, 0xED2A, 0xF52A, 0xF54A, 0xF54A, 0xF54A,
    0xF54B, 0xF56B, 0xF56B, 0xF56B, 0xF56B, 0xF56B, 0xF56B, 0xF56B,
    0xFD8B, 0xFD8B, 0xFD8B, 0xFD8B, 0xF58B, 0xF58B, 0xF58B, 0xF58B,
    0xF58C, 0xF58C, 0xF56B, 0xF58C, 0xF56B, 0xF56C, 0xF56C, 0xF56C,
    0xF56C, 0xF56C, 0xF56C, 0xED6C, 0xED6C, 0xED6C, 0xED4C, 0xED4C,
    0xED4C, 0xED4C, 0xE54C, 0xE52C, 0xE50C, 0xDCEB, 0xD4AA, 0xCC6A,
    0xCC49, 0xCC29, 0xC429, 0xC429, 0xED2B, 0xFD4A, 0xFE10, 0xFF15,
    0xFD2A, 0xEC06, 0xF447, 0xF468, 0xEC07, 0xEC07, 0xEC06, 0xEC06,
    0xDBA5, 0xD324, 0xCB03, 0xDB44, 0xEC26, 0xFD8C, 0xFDEF, 0xFE30,
    0xFE72, 0xFE72, 0xFE31, 0xFE30, 0xFE52, 0xFE93, 0xFE71, 0xFE0F,
    0xFE72, 0xFE31, 0xFE30, 0xFE0F, 0xFE30, 0xFE30, 0xFE93, 0xFE93,
    0xFE72, 0xFE72, 0xFE10, 0xFE52, 0xFE93, 0xFE72, 0xFE52, 0xFE10,
    0xFE52, 0xFE10, 0xFDAE, 0xEC68, 0xDBA6, 0xEC47, 0xE3A5, 0xD303,
    0xCAC2, 0xC2A2, 0xCAC3, 0xCAE3, 0xDB23, 0xC2A2, 0xB262, 0xCAC2,
    0xDB23, 0xE364, 0xF426, 0xFDEF, 0xFEB4, 0xFE72, 0xFE93, 0xFE52,
    0xFE51, 0xFE72, 0xFE73, 0xFE73, 0xFE93, 0xFEB3, 0xFE72, 0xF5AE,
    0xF58D, 0xFE52, 0xFE93, 0xFE93, 0xFEB4, 0xFE73, 0xFE52, 0xFE51,
    0xFE73, 0xFEB4, 0xFEB4, 0xFEB4, 0xFE72, 0xFE93, 0xFED5, 0xF50B,
    0xE3A5, 0xE3A5, 0xEBC5, 0xE385, 0xE385, 0xEBE6, 0xF427, 0xFCC9,
    0xC48C, 0x9C0D, 0xA40C, 0x9BEC, 0x9BEC, 0x9BCC, 0x93CB, 0x93AB,
    0x93AB, 0x93AB, 0x8B8B, 0x8B8A, 0x8B8A, 0x8B8A, 0x8B8A, 0x8B8A,
    0x8B8A, 0x8369, 0x8369, 0x8368, 0x7B68, 0x7B67, 0x7367, 0x7366,
    0x7366, 0x7366, 0x7366, 0x7366, 0x7366, 0x7B87, 0x83A9, 0x8BCB,
    0x93EC, 0x9C0C, 0x9C0D, 0x9C0D, 0x93EC, 0x8BCB, 0x83AA, 0x7B89,
    0x7B68, 0x7346, 0x7324, 0x7321, 0x7340, 0x7341, 0x6B20, 0x6B00,
    0x62E0, 0x5AC0, 0x5AE0, 0x5AE0, 0x5AC0, 0x5AC0, 0x5AC0, 0x62E0,
    0x6AE3, 0x7305, 0x7B47, 0x7B48, 0x8369, 0x938B, 0x93AC, 0x9BCC,
    0x93AC, 0x938C, 0x8B6B, 0x832A, 0x7B09, 0x72E9, 0x72C8, 0x6AC8,
    0xF58B, 0xF58B, 0xF56B, 0xF56B, 0xF56B, 0xF56B, 0xF54A, 0xF56A,
    0xF54A, 0xF54A, 0xF54A, 0xF54A, 0xF54A, 0xF54A, 0xF52A, 0xF52A,
    0xF54A, 0xF54A, 0xF54A, 0xF54A, 0xF54A, 0xF54A, 0xF54B, 0xF54B,
    0xF56B, 0xF56B, 0xFD6B, 0xFD8B, 0xF58B, 0xF58B, 0xFD8B, 0xFD8B,
    0xFD8B, 0xFD8B, 0xFD8B, 0xFD8B, 0xFD8B, 0xFD8B, 0xF58B, 0xF58B,
    0xF58B, 0xF58B, 0xF58B, 0xF56B, 0xF56B, 0xF56B, 0xF56B, 0xF56C,
    0xF56C, 0xF56C, 0xF56C, 0xF54C, 0xF54C, 0xED4C, 0xED4C, 0xED4C,
    0xED4C, 0xED4C, 0xED2C, 0xED2C, 0xE50B, 0xDCCB, 0xD4AA, 0xD46A,
    0xCC49, 0xCC49, 0xC429, 0xD469, 0xFD6C, 0xFCE9, 0xFED5, 0xFF16,
    0xFD2B, 0xFC88, 0xFCC9, 0xEBE6, 0xF427, 0xEC07, 0xE3A5, 0xDB64,
    0xDB44, 0xCAA2, 0xCAC2, 0xECA9, 0xFE30, 0xFE51, 0xFE31, 0xFE30,
    0xFE52, 0xFE31, 0xFE10, 0xFE72, 0xFE72, 0xF56D, 0xE3C6, 0xED0B,
    0xFE10, 0xFE0F, 0xFE51, 0xFE0F, 0xFE72, 0xFE72, 0xFE93, 0xFE52,
    0xFE72, 0xFE72, 0xFE10, 0xFE51, 0xFE51, 0xFE73, 0xFE31, 0xFE10,
    0xF58E, 0xE468, 0xE427, 0xE3C6, 0xCB03, 0xC2A3, 0xC2C3, 0xC282,
    0xD2E3, 0xD2E3, 0xC2A2, 0xC282, 0xCAE3, 0xCAC2, 0xC2A2, 0xD2E3,
    0xDB23, 0xD303, 0xDB03, 0xF488, 0xFE93, 0xFE93, 0xFE31, 0xFE30,
    0xFE52, 0xFE52, 0xFE72, 0xFEB4, 0xFE94, 0xF56D, 0xF54D, 0xE427,
    0xE385, 0xEC27, 0xECA9, 0xF52C, 0xFDF0, 0xFE93, 0xFE93, 0xFE93,
    0xFE73, 0xFE73, 0xFEB4, 0xFED5, 0xFEB4, 0xFE93, 0xFED4, 0xECCA,
    0xE364, 0xE385, 0xEBC5, 0xEBE6, 0xEBE6, 0xEBC5, 0xF447, 0xFCA8,
    0xE4EB, 0xA42D, 0x9C0D, 0x9C0C, 0x9BEC, 0x93CC, 0x93CC, 0x93AB,
    0x938B, 0x8B8B, 0x8B8B, 0x8B8A, 0x8B6A, 0x8B6A, 0x8B6A, 0x8B6A,
    0x8369, 0x8369, 0x8369, 0x8369, 0x7B68, 0x7B67, 0x7366, 0x6B66,
    0x7367, 0x7387, 0x7388, 0x7388, 0x7BA8, 0x83C9, 0x8BCB, 0x93EC,
    0x9C0D, 0x9C2E, 0xA44E, 0x9C2E, 0x9C0D, 0x93EC, 0x8BAB, 0x8389,
    0x7B68, 0x7327, 0x6B05, 0x6B01, 0x6AE0, 0x6B00, 0x6B00, 0x62E0,
    0x5AC0, 0x5AA0, 0x5AC0, 0x62E0, 0x62C0, 0x62C0, 0x62C0, 0x62E1,
    0x6B05, 0x7326, 0x7B48, 0x8369, 0x8B6A, 0x93AB, 0x93CC, 0x9BCC,
    0x93AC, 0x8B8B, 0x834B, 0x7B0A, 0x72C9, 0x6AA8, 0x6287, 0x6287,
    0xF56B, 0xFD8B, 0xF58B, 0xF56B, 0xF56B, 0xF56A, 0xF54A, 0xF54A,
    0xF54A, 0xF54A, 0xF54A, 0xF54A, 0xF54A, 0xF52A, 0xED2A, 0xED2A,
    0xF52A, 0xED2A, 0xED2A, 0xED2A, 0xED2A, 0xF54A, 0xF54A, 0xF54B,
    0xF54B, 0xF54B, 0xF56B, 0xF56B, 0xF56B, 0xF56B, 0xF56B, 0xF56B,
    0xF56B, 0xF56B, 0xF56B, 0xF56B, 0xF56B, 0xF56B, 0xF56B, 0xF56B,
    0xF56B, 0xF56B, 0xF54B, 0xF54B, 0xF54B, 0xF54B, 0xED4B, 0xED4B,
    0xED4B, 0xED4B, 0xED4B, 0xED2B, 0xED2B, 0xED2B, 0xED2B, 0xED2B,
    0xED2B, 0xED2B, 0xED2B, 0xED2B, 0xE50B, 0xDCCB, 0xD4AA, 0xD46A,
    0xCC49, 0xCC49, 0xC409, 0xE4EB, 0xFCE9, 0xFDCF, 0xFF57, 0xFEB3,
    0xFD4B, 0xFD0A, 0xF468, 0xE3A5, 0xE3C6, 0xDB85, 0xDB64, 0xDB44,
    0xDB44, 0xEC06, 0xFD4C, 0xFE30, 0xFE51, 0xFE72, 0xFE51, 0xFE30,
    0xFE51, 0xFE51, 0xFDEF, 0xF52B, 0xEC27, 0xD2C2, 0xCAC3, 0xE3C6,
    0xEC69, 0xF5AE, 0xFDCF, 0xFE10, 0xFE31, 0xFE51, 0xFE51, 0xFE72,
    0xFE51, 0xFE51, 0xFE51, 0xFE51, 0xFE51, 0xFE52, 0xFE31, 0xF56D,
    0xDBA6, 0xDB44, 0xE344, 0xDB64, 0xC2C3, 0xA201, 0xAA22, 0xCA82,
    0xD2C2, 0xD2E3, 0xC282, 0xCAC2, 0xCAC2, 0xCAA2, 0xD2C2, 0xD303,
    0xD303, 0xCAC2, 0xD2C2, 0xEBE5, 0xFE10, 0xFE94, 0xFE72, 0xFE31,
    0xFE10, 0xFE52, 0xFE93, 0xFEB4, 0xFE93, 0xE469, 0xD303, 0xD344,
    0xDB44, 0xE3A5, 0xE384, 0xE343, 0xEBA4, 0xF4A9, 0xFDCE, 0xFE30,
    0xFE10, 0xFE72, 0xFEB4, 0xFED5, 0xFEB4, 0xFE93, 0xFE93, 0xFDEF,
    0xDB64, 0xD323, 0xE385, 0xEBE6, 0xF427, 0xF427, 0xEBE6, 0xFC87,
    0xECCA, 0xA42D, 0x9C0D, 0x9C0D, 0x9BEC, 0x93CC, 0x93CC, 0x93AC,
    0x8B8B, 0x8B8B, 0x8B8B, 0x8B8B, 0x8B6B, 0x8B6A, 0x8B6A, 0x8B6A,
    0x836A, 0x8369, 0x8369, 0x8369, 0x7B68, 0x7B68, 0x7367, 0x7367,
    0x7388, 0x7B88, 0x7BA9, 0x7BA9, 0x83CA, 0x8BEB, 0x93EC, 0x9C2D,
    0x9C4E, 0xA44F, 0xA46F, 0xA44F, 0x9C2F, 0x93ED, 0x8BAC, 0x836A,
    0x7349, 0x6B07, 0x62E5, 0x62A1, 0x62A0, 0x62C0, 0x62E0, 0x62C0,
    0x5AA0, 0x5AA0, 0x62C0, 0x62E0, 0x62C0, 0x62C0, 0x62A0, 0x62C3,
    0x7306, 0x7B27, 0x8369, 0x8B6A, 0x93AB, 0x93CD, 0x9BED, 0x9BED,
    0x93CD, 0x8B8C, 0x836B, 0x7B2A, 0x72E9, 0x6AA8, 0x6288, 0x6267,
    0xED4B, 0xF54A, 0xF54A, 0xF54A, 0xF52A, 0xF52A, 0xF52A, 0xF52A,
    0xED2A, 0xED2A, 0xED0A, 0xED0A, 0xED0A, 0xED0A, 0xECEA, 0xED0A,
    0xECEA, 0xECEA, 0xECEA, 0xECEA, 0xED0A, 0xED0A, 0xED0A, 0xED0A,
    0xED0A, 0xED0A, 0xED2A, 0xED2A, 0xED2A, 0xED2A, 0xED2A, 0xED2A,
    0xED2A, 0xED2A, 0xED2B, 0xF54B, 0xF52B, 0xED2B, 0xED2B, 0xED2B,
    0xED2B, 0xED0A, 0xED0B, 0xED0B, 0xED0B, 0xED0B, 0xE50A, 0xE50A,
    0xE50A, 0xE4EA, 0xE4EA, 0xE4EA, 0xE4EA, 0xE4EB, 0xE4EB, 0xE4EB,
    0xE4EB, 0xE50B, 0xE50B, 0xE4EB, 0xE4EB, 0xDCAA, 0xD48A, 0xCC69,
    0xCC49, 0xC429, 0xD469, 0xFD4C, 0xFCEA, 0xFED5, 0xFF16, 0xFED3,
    0xFD8C, 0xF468, 0xD344, 0xE3A6, 0xDBA5, 0xE3C6, 0xDB85, 0xE384,
    0xF4C9, 0xFE71, 0xFE72, 0xFE31, 0xFE72, 0xFE51, 0xFE51, 0xFE51,
    0xFE92, 0xFDCE, 0xEC47, 0xD303, 0xC2A2, 0xBA62, 0xD2E3, 0xDB03,
    0xD2E3, 0xE3C6, 0xE48A, 0xFE51, 0xFE52, 0xFE72, 0xFE92, 0xFE51,
    0xFE30, 0xFE31, 0xFE93, 0xFE72, 0xFE73, 0xFE30, 0xF52C, 0xDB85,
    0xD303, 0xCAA2, 0xD2C3, 0xDB03, 0xC282, 0xB242, 0xB242, 0xBA42,
    0xC282, 0xC282, 0xC2A2, 0xCAE3, 0xC2A2, 0xD2E3, 0xD303, 0xD2E3,
    0xDB03, 0xCAC3, 0xD2E3, 0xEB84, 0xFD6C, 0xFE73, 0xFE73, 0xFE72,
    0xFE51, 0xFE73, 0xFEB4, 0xFEB4, 0xFDCF, 0xE407, 0xDB44, 0xDB44,
    0xD324, 0xDB85, 0xE3A5, 0xDB44, 0xEBA4, 0xEB84, 0xF426, 0xFCA8,
    0xFCEA, 0xF488, 0xFDAE, 0xFED5, 0xFED5, 0xFEB4, 0xFE94, 0xFE93,
    0xE3C6, 0xD324, 0xCB03, 0xDB44, 0xEBE6, 0xF427, 0xEBE6, 0xF447,
    0xFCC9, 0xBC6D, 0x940D, 0x9C0D, 0x9BED, 0x93EC, 0x93CC, 0x93AC,
    0x8B8B, 0x8B8B, 0x8B8B, 0x8B8B, 0x8B8B, 0x8B6B, 0x8B6A, 0x836A,
    0x836A, 0x836A, 0x836A, 0x8369, 0x8369, 0x7B68, 0x7B68, 0x7B88,
    0x7BA9, 0x7BAA, 0x83CA, 0x83CA, 0x8BEB, 0x940C, 0x942D, 0x9C4E,
    0xA44F, 0xAC70, 0xAC90, 0xAC70, 0xA450, 0x940E, 0x8BAD, 0x7B6B,
    0x7329, 0x6AE7, 0x62A5, 0x5A61, 0x5A60, 0x5A60, 0x5AA0, 0x5A80,
    0x5A80, 0x5A80, 0x62C0, 0x62C0, 0x62C1, 0x62A1, 0x6280, 0x6AA4,
    0x72E7, 0x7B29, 0x836A, 0x8BAB, 0x93CD, 0x9C0E, 0x9C0E, 0x9C0E,
    0x93ED, 0x93AD, 0x8B6C, 0x834B, 0x7B0A, 0x72C9, 0x6AA8, 0x6288,
    0xE4CA, 0xE4C9, 0xE4E9, 0xE4E9, 0xE4E9, 0xE4C9, 0xE4C9, 0xE4C9,
    0xE4CA, 0xE4CA, 0xE4C9, 0xE4A9, 0xE4A9, 0xDCA9, 0xDCA9, 0xDCA9,
    0xDC89, 0xDC89, 0xDC89, 0xDC89, 0xDCA9, 0xDCA9, 0xDCA9, 0xDCA9,
    0xDCA9, 0xE4C9, 0xE4C9, 0xE4A9, 0xE4C9, 0xE4C9, 0xE4A9, 0xE4C9,
    0xE4C9, 0xE4CA, 0xE4EA, 0xE4EA, 0xE4EA, 0xE4CA, 0xE4CA, 0xE4CA,
    0xE4A9, 0xE4A9, 0xDCA9, 0xDCA9, 0xDCAA, 0xDCAA, 0xDCA9, 0xDC89,
    0xDC89, 0xDC89, 0xDC89, 0xDC8A, 0xDC8A, 0xDC8A, 0xDCAA, 0xDCAA,
    0xDCAA, 0xDCCA, 0xDCCA, 0xDCCA, 0xDCAA, 0xD48A, 0xCC6A, 0xCC29,
    0xC429, 0xC3E8, 0xE4CB, 0xFD4A, 0xFDF0, 0xFF58, 0xFF37, 0xFED3,
    0xFCE9, 0xEBE6, 0xEC48, 0xEC47, 0xEC07, 0xE3C6, 0xF4CA, 0xFD6C,
    0xFE51, 0xFE92, 0xFE93, 0xFE72, 0xFE72, 0xFE51, 0xFE93, 0xFE72,
    0xFE0F, 0xF446, 0xDB23, 0xB263, 0xB242, 0xB242, 0xD2C2, 0xCAC3,
    0xC2A3, 0xCAE3, 0xEC68, 0xFDAE, 0xFE31, 0xFE51, 0xFE72, 0xFE51,
    0xFE30, 0xFE72, 0xFE93, 0xFE52, 0xFE72, 0xFD8D, 0xDB44, 0xD2C3,
    0xD2E3, 0xCAA2, 0xCA82, 0xBA62, 0xB262, 0xCAA2, 0xC282, 0xBA62,
    0xBA82, 0xC282, 0xC2A2, 0xCAC2, 0xD303, 0xD2E3, 0xCAA2, 0xCAC3,
    0xCAC2, 0xCAC2, 0xDB23, 0xEBA4, 0xFCE9, 0xFE31, 0xFE73, 0xFE72,
    0xFEB4, 0xFE51, 0xFE93, 0xFE72, 0xF52C, 0xDB85, 0xD303, 0xDB65,
    0xCAE3, 0xD303, 0xE385, 0xDB64, 0xE3A5, 0xEBE6, 0xEBC5, 0xEBE6,
    0xEC27, 0xEBC5, 0xF3C4, 0xFCE9, 0xFE72, 0xFE93, 0xFED5, 0xFF16,
    0xECCB, 0xD303, 0xD365, 0xE3A6, 0xEBC5, 0xEBC5, 0xEBC5, 0xF406,
    0xFCA8, 0xE4AB, 0x9C2E, 0x9C0D, 0x9BED, 0x93ED, 0x93CC, 0x93AC,
    0x8BAC, 0x8B8B, 0x8B8B, 0x8B8B, 0x8B6B, 0x8B6B, 0x836B, 0x836A,
    0x836A, 0x836A, 0x836A, 0x838A, 0x8389, 0x8389, 0x838A, 0x83AA,
    0x83CA, 0x8BEB, 0x8BEC, 0x8C0C, 0x940C, 0x942D, 0x9C4E, 0xA44F,
    0xA470, 0xAC90, 0xAC91, 0xAC91, 0xA470, 0x940F, 0x8BAD, 0x7B6B,
    0x7309, 0x62A7, 0x5A65, 0x5221, 0x5220, 0x5240, 0x5A60, 0x5A60,
    0x5A60, 0x5A80, 0x62A0, 0x62A0, 0x62A1, 0x6281, 0x6261, 0x6AA4,
    0x72E7, 0x7B29, 0x836B, 0x93AC, 0x93EE, 0x9C2E, 0xA42F, 0x9C2F,
    0x9C0E, 0x93CD, 0x8B8C, 0x836B, 0x7B2B, 0x730A, 0x6AC9, 0x6AA9,
    0xD448, 0xD448, 0xD468, 0xD468, 0xD468, 0xD448, 0xD469, 0xD469,
    0xD469, 0xD449, 0xD449, 0xD449, 0xD448, 0xD448, 0xCC28, 0xCC28,
    0xCC08, 0xCC08, 0xCC08, 0xCC08, 0xCC08, 0xCC08, 0xCC08, 0xCC08,
    0xD428, 0xD448, 0xD448, 0xD448, 0xD428, 0xD428, 0xD428, 0xD428,
    0xD428, 0xD448, 0xD448, 0xD448, 0xD448, 0xD449, 0xD448, 0xD448,
    0xD448, 0xD428, 0xCC28, 0xCC28, 0xCC28, 0xCC28, 0xCC28, 0xCC28,
    0xCC08, 0xCC28, 0xCC28, 0xCC29, 0xCC09, 0xCC29, 0xCC29, 0xCC49,
    0xD46A, 0xD46A, 0xD46A, 0xD46A, 0xD46A, 0xCC6A, 0xC42A, 0xC429,
    0xBC09, 0xBBE8, 0xF50B, 0xFD4B, 0xFF37, 0xFF58, 0xFF37, 0xFEB3,
    0xFD4B, 0xFCA9, 0xEC68, 0xEBC6, 0xDB65, 0xEC69, 0xFE30, 0xFE51,
    0xFE72, 0xFE51, 0xFE51, 0xFE93, 0xFE72, 0xFE30, 0xFE10, 0xFD4C,
    0xF406, 0xD323, 0xC2A3, 0xB242, 0xB242, 0xBA42, 0xCAA2, 0xC282,
    0xBA82, 0xCAE3, 0xE364, 0xEC47, 0xFDEF, 0xFE93, 0xFE72, 0xFE93,
    0xFE72, 0xFE31, 0xFE30, 0xFE31, 0xFE31, 0xEC47, 0xC282, 0xCAC3,
    0xD2E3, 0xD303, 0xB242, 0xAA22, 0xC2C3, 0xCAA2, 0xCAC3, 0xCAC3,
    0xC2A2, 0xCAC2, 0xCAC2, 0xCAC2, 0xDB23, 0xDB43, 0xD2E3, 0xCAC3,
    0xBA62, 0xC2A2, 0xDB23, 0xE363, 0xF4EA, 0xFE10, 0xFE94, 0xFE94,
    0xFE93, 0xFE52, 0xFE31, 0xFE72, 0xECAA, 0xD344, 0xDB24, 0xDB44,
    0xCB03, 0xB242, 0xD324, 0xDB85, 0xDB44, 0xE384, 0xE364, 0xE3A5,
    0xE3A5, 0xEBC5, 0xEB84, 0xF362, 0xFD2A, 0xFE93, 0xFEB4, 0xFE94,
    0xFDCF, 0xE3E6, 0xEBC6, 0xEBE6, 0xEBC5, 0xF406, 0xEC06, 0xEBE6,
    0xFC67, 0xFCEA, 0xAC4D, 0x9C0D, 0x9BED, 0x93ED, 0x93ED, 0x93CC,
    0x8BAC, 0x8BAB, 0x8B8B, 0x8B8B, 0x8B6B, 0x836B, 0x836B, 0x836B,
    0x838B, 0x838B, 0x838A, 0x838A, 0x838A, 0x83AA, 0x83AB, 0x8BCB,
    0x8BEB, 0x940C, 0x942D, 0x942D, 0x944D, 0x9C4E, 0xA44F, 0xA470,
    0xAC90, 0xAC91, 0xAC91, 0xAC91, 0xA470, 0x942F, 0x8BCD, 0x7B4B,
    0x72E9, 0x6287, 0x5224, 0x51E1, 0x51E0, 0x5200, 0x5220, 0x5220,
    0x5A60, 0x5A60, 0x6280, 0x6280, 0x6260, 0x5A61, 0x6262, 0x6AA5,
    0x72E8, 0x7B2A, 0x838C, 0x93CD, 0x9C0E, 0xA44F, 0xA450, 0xA44F,
    0x9C2F, 0x9BEE, 0x93AD, 0x838C, 0x7B4B, 0x7B2B, 0x730A, 0x6AEA,
    0xC3C7, 0xC3C7, 0xC3C7, 0xC3C7, 0xC3C7, 0xC3C7, 0xC3C8, 0xC3C8,
    0xC3E8, 0xC3E8, 0xC3E8, 0xC3E8, 0xC3C8, 0xBBC8, 0xBBA7, 0xBBA7,
    0xBB87, 0xBB87, 0xBB87, 0xBB87, 0xBB86, 0xBB86, 0xBB87, 0xBB87,
    0xBB87, 0xBBA7, 0xC3A7, 0xC3A7, 0xBBA7, 0xBBA7, 0xBB87, 0xBB86,
    0xBB86, 0xBB86, 0xBBA7, 0xBBA7, 0xBBA7, 0xBBA7, 0xBBA7, 0xBBA7,
    0xBBA7, 0xBBA7, 0xBBA7, 0xBB87, 0xBBA7, 0xBBA7, 0xBBA7, 0xBB87,
    0xBBA7, 0xB3A7, 0xBBA7, 0xBBA7, 0xBBA7, 0xBBA8, 0xBBC8, 0xC3E8,
    0xC409, 0xC429, 0xCC29, 0xCC4A, 0xC42A, 0xC429, 0xC409, 0xBC09,
    0xB3C9, 0xD46A, 0xFD2A, 0xFE93, 0xFF79, 0xFF37, 0xFF15, 0xFEB3,
    0xFE50, 0xFC67, 0xEBC5, 0xE3A5, 0xE3E6, 0xFE50, 0xFE72, 0xFE93,
    0xFE51, 0xFE51, 0xFEB3, 0xFE93, 0xFDAE, 0xF50A, 0xF4C9, 0xE3A5,
    0xDB44, 0xBA83, 0xC282, 0xCAA2, 0xB221, 0xB242, 0xB241, 0xB262,
    0xCAC3, 0xDB23, 0xE364, 0xE384, 0xFD4C, 0xFE30, 0xFE72, 0xFE93,
    0xFE51, 0xFE52, 0xFE52, 0xFE30, 0xFD2A, 0xDB44, 0xBA62, 0xBA62,
    0xD2E3, 0xCAC2, 0xB262, 0xB283, 0xCA82, 0xCA81, 0xCAC3, 0xCAC3,
    0xC2A2, 0xDB23, 0xE344, 0xDB23, 0xBA62, 0xC2A2, 0xD2E3, 0xD303,
    0xC2A2, 0xCAC2, 0xDB23, 0xDB23, 0xF4EA, 0xFE31, 0xFE52, 0xFE93,
    0xFE73, 0xFE52, 0xFE10, 0xFE10, 0xEC69, 0xDB44, 0xD324, 0xDB44,
    0xD324, 0xC2A3, 0xCAA2, 0xE3A5, 0xDB65, 0xDB44, 0xD323, 0xD323,
    0xE364, 0xE384, 0xDB23, 0xDB03, 0xEBC4, 0xFE10, 0xFEB4, 0xFE93,
    0xFDCF, 0xE3C6, 0xE3C6, 0xE3A5, 0xE3A5, 0xEBE6, 0xF427, 0xF447,
    0xF467, 0xFCC9, 0xB44D, 0x940D, 0x9C0D, 0x93ED, 0x93ED, 0x93CC,
    0x8BAC, 0x8BAC, 0x8B8B, 0x8B8B, 0x836B, 0x836B, 0x836B, 0x836B,
    0x8B8B, 0x8B8B, 0x8B8B, 0x8B8B, 0x8BAB, 0x8BCB, 0x8BCC, 0x8BEC,
    0x940D, 0x942E, 0x9C4E, 0x9C4F, 0x9C4F, 0xA44F, 0xA470, 0xA470,
    0xA470, 0xA490, 0xAC91, 0xA491, 0x9C70, 0x940F, 0x83AD, 0x7B4B,
    0x6AEA, 0x6287, 0x5224, 0x49C1, 0x49C0, 0x51E0, 0x51E0, 0x5200,
    0x5A40, 0x5A60, 0x6260, 0x6260, 0x5A40, 0x5A41, 0x6263, 0x6AA6,
    0x72C8, 0x7B2A, 0x838C, 0x93EE, 0x9C0F, 0xA450, 0xA470, 0xA450,
    0xA450, 0x9C2F, 0x93EE, 0x8B8D, 0x836C, 0x7B2B, 0x732B, 0x730B,
    0xAB26, 0xAB46, 0xAB46, 0xAB46, 0xAB46, 0xAB46, 0xAB46, 0xAB47,
    0xAB47, 0xAB47, 0xAB67, 0xAB67, 0xAB67, 0xAB47, 0xAB47, 0xA326,
    0xA306, 0xA306, 0xA306, 0xA306, 0xA305, 0xA305, 0xA305, 0xA305,
    0xA305, 0xA305, 0xA305, 0xAB26, 0xAB06, 0xA305, 0xA305, 0xA2E5,
    0xA2E5, 0xA305, 0xA305, 0xA305, 0xAB05, 0xAB05, 0xAB25, 0xAB05,
    0xAB05, 0xAB05, 0xA305, 0xA306, 0xA326, 0xA326, 0xA306, 0xA306,
    0xA306, 0xA306, 0xA326, 0xA326, 0xA326, 0xAB46, 0xB387, 0xB3A8,
    0xBBC8, 0xBBE9, 0xC409, 0xC409, 0xBC09, 0xBC09, 0xBBE9, 0xB3C9,
    0xABA9, 0xE4AA, 0xFE92, 0xFF79, 0xFF16, 0xFF37, 0xFF16, 0xFF37,
    0xFEB3, 0xFCE8, 0xFD2B, 0xF52B, 0xFDAE, 0xFE72, 0xFE73, 0xFEB4,
    0xFE92, 0xFE51, 0xF52B, 0xF4A8, 0xEC06, 0xEC06, 0xE384, 0xD304,
    0xD324, 0xBA82, 0xC2A2, 0xCAC2, 0xBA62, 0xBA62, 0xB242, 0xC2A2,
    0xCAC2, 0xDB03, 0xDB44, 0xE3A5, 0xF4CA, 0xFE31, 0xFE73, 0xFE93,
    0xFE93, 0xFE73, 0xFE72, 0xFDAD, 0xEC06, 0xD2E3, 0xC282, 0xBA62,
    0xCAA2, 0xC282, 0xBA82, 0xCB24, 0xBA62, 0xCA82, 0xBA82, 0xBA82,
    0xBA82, 0xD303, 0xE364, 0xE344, 0xCAC2, 0xCAA2, 0xD303, 0xE364,
    0xCAA2, 0xDB23, 0xD303, 0xDB43, 0xF4A9, 0xFE51, 0xFE72, 0xFE51,
    0xFE72, 0xFE93, 0xFEB4, 0xFE31, 0xEC89, 0xDB64, 0xD303, 0xD344,
    0xD324, 0xD324, 0xC282, 0xD344, 0xE3A5, 0xDB65, 0xDB65, 0xCAE3,
    0xCAC3, 0xCAC2, 0xD2E3, 0xDB24, 0xE384, 0xFCE9, 0xFEB3, 0xFE93,
    0xFED5, 0xED0C, 0xE385, 0xDB65, 0xE3C5, 0xEBE6, 0xEBC6, 0xEBE6,
    0xF447, 0xFCE9, 0xD50E, 0x940E, 0x9C0D, 0x93ED, 0x93EC, 0x93CC,
    0x8BAC, 0x8BAC, 0x8B8B, 0x8B8B, 0x838B, 0x836B, 0x836B, 0x8B8B,
    0x8B8B, 0x8B8B, 0x8B8B, 0x8BAB, 0x8BCC, 0x93EC, 0x93ED, 0x940D,
    0x9C2E, 0x9C4F, 0xA46F, 0x9C6F, 0x9C4F, 0x9C50, 0xA470, 0x9C50,
    0x9C50, 0xA470, 0xA470, 0xA470, 0x9C2F, 0x8BEE, 0x7B8D, 0x732B,
    0x6AC9, 0x5A87, 0x5205, 0x49C1, 0x49A0, 0x49A0, 0x49A0, 0x5A00,
    0x5A20, 0x5A40, 0x5A40, 0x5A20, 0x5A00, 0x5A00, 0x6243, 0x6A86,
    0x72C9, 0x7B2B, 0x838C, 0x93CE, 0x9C0F, 0xA470, 0xA470, 0xA470,
    0xA450, 0x9C30, 0x940F, 0x8BCE, 0x838D, 0x7B4C, 0x7B2B, 0x730B,
    0x92C5, 0x92C5, 0x92C5, 0x92C5, 0x92C6, 0x92C6, 0x92C6, 0x92E6,
    0x92E6, 0x92E6, 0x92E6, 0x9AE6, 0x9AE6, 0x92C6, 0x92C6, 0x8AA5,
    0x8AA5, 0x8A85, 0x8A85, 0x8A84, 0x8A84, 0x8A84, 0x9284, 0x9284,
    0x8A64, 0x8A64, 0x8A64, 0x9284, 0x9284, 0x8A84, 0x8A64, 0x8A64,
    0x8A63, 0x8A63, 0x8A64, 0x8A64, 0x9264, 0x9264, 0x9264, 0x9264,
    0x9284, 0x9264, 0x9284, 0x9284, 0x9284, 0x9284, 0x8A84, 0x8A64,
    0x8A64, 0x8A64, 0x8A84, 0x9284, 0x92A4, 0x9AE5, 0xA326, 0xAB67,
    0xB3A8, 0xB3C9, 0xBBE9, 0xBBE9, 0xBBE9, 0xB3C9, 0xB3C9, 0xABA9,
    0xABA8, 0xF5AE, 0xFF79, 0xFF58, 0xFF16, 0xFF16, 0xFEF5, 0xFF16,
    0xFEB3, 0xFE92, 0xFE92, 0xFE30, 0xFE93, 0xFE72, 0xFE51, 0xFED5,
    0xFE0F, 0xEC47, 0xE343, 0xD303, 0xD323, 0xDB64, 0xCAE3, 0xCAE3,
    0xD303, 0xCAC3, 0xD323, 0xBA82, 0xB262, 0xCAC3, 0xC2C3, 0xC2A2,
    0xD2E3, 0xD303, 0xD323, 0xE3A5, 0xECEB, 0xFE51, 0xFE52, 0xFE72,
    0xFE72, 0xFE72, 0xFE52, 0xFDAD, 0xDB84, 0xC282, 0xCAA2, 0xD2E3,
    0xC262, 0xAA01, 0xC282, 0xC282, 0xA221, 0xAA42, 0xC2A2, 0xD303,
    0xD303, 0xC2A2, 0xD303, 0xD2E3, 0xCAE2, 0xCAC3, 0xDB44, 0xEBE6,
    0xD324, 0xE364, 0xCAC3, 0xD2E3, 0xEC06, 0xFE31, 0xFE72, 0xFE51,
    0xFE51, 0xFE72, 0xFE94, 0xFE52, 0xE449, 0xD304, 0xC2C3, 0xCB04,
    0xCAE3, 0xD324, 0xD344, 0xCB03, 0xD324, 0xDB65, 0xDB24, 0xCAC3,
    0xC2A3, 0xC2A2, 0xCAE3, 0xD324, 0xDB64, 0xEBE5, 0xFE0F, 0xFE72,
    0xFED5, 0xFE52, 0xE3C6, 0xDB44, 0xE385, 0xEC06, 0xEC06, 0xF427,
    0xF467, 0xFC67, 0xF56D, 0xAC6F, 0x9C0D, 0x940D, 0x93EC, 0x93CC,
    0x93AC, 0x8BAC, 0x8B8B, 0x8B8B, 0x836B, 0x836B, 0x836B, 0x836B,
    0x8B8B, 0x8B8B, 0x8B8B, 0x8BAC, 0x93CC, 0x93ED, 0x940D, 0x942E,
    0x9C4F, 0x9C4F, 0x9C50, 0x9C50, 0x9C2F, 0x9C50, 0x9C30, 0x9C2F,
    0x942F, 0x9C2F, 0x9C50, 0x9C50, 0x940F, 0x83CE, 0x7B6D, 0x6B0B,
    0x62A9, 0x5A67, 0x5205, 0x49A2, 0x4960, 0x4160, 0x4980, 0x59E1,
    0x5A01, 0x5A21, 0x5A21, 0x5A01, 0x51C0, 0x51C0, 0x5A23, 0x6A87,
    0x72C9, 0x7B2B, 0x838C, 0x8BCE, 0x9C0F, 0xA450, 0xA471, 0xA470,
    0x9C50, 0x9C30, 0x940F, 0x8BCE, 0x8B8D, 0x834C, 0x7B2C, 0x730B,
    0x8264, 0x8264, 0x8264, 0x8264, 0x8265, 0x8265, 0x8265, 0x8285,
    0x8285, 0x8285, 0x8265, 0x8265, 0x7A65, 0x7A45, 0x7A45, 0x7A45,
    0x7A24, 0x7224, 0x7A24, 0x7A03, 0x7A03, 0x7A03, 0x7A03, 0x7A03,
    0x7A03, 0x7A03, 0x7A03, 0x7A02, 0x7A02, 0x7A02, 0x79E2, 0x79E2,
    0x79E2, 0x79E2, 0x79E2, 0x79E2, 0x79E2, 0x79E2, 0x79E2, 0x7A02,
    0x7A02, 0x7A02, 0x7A02, 0x8202, 0x8202, 0x8202, 0x8202, 0x8202,
    0x7A02, 0x8223, 0x8223, 0x8243, 0x8A64, 0x92A5, 0xA326, 0xAB67,
    0xB388, 0xB3C9, 0xBBE9, 0xBBE9, 0xB3E9, 0xB3C9, 0xB3C9, 0xA388,
    0xC46B, 0xFF16, 0xFF79, 0xFE92, 0xFE72, 0xFED5, 0xFEF5, 0xFEF6,
    0xFED5, 0xFED5, 0xFE71, 0xFEB3, 0xFE73, 0xFE51, 0xFE93, 0xFDAD,
    0xF446, 0xE385, 0xDB64, 0xD303, 0xD323, 0xD303, 0xCAC3, 0xCAE3,
    0xCAE3, 0xD323, 0xD344, 0xC2A3, 0xBA82, 0xCB03, 0xCAE3, 0xC2C3,
    0xD303, 0xCAE3, 0xCB03, 0xCB03, 0xF50B, 0xFE52, 0xFE52, 0xFE72,
    0xFE72, 0xFE10, 0xFE30, 0xFD4C, 0xDB44, 0xCAA2, 0xD2C3, 0xD2E3,
    0xB242, 0xB221, 0xD2E2, 0xCAC2, 0xBA82, 0xBA62, 0xCB04, 0xDB64,
    0xE384, 0xD303, 0xD303, 0xCAE3, 0xD303, 0xE384, 0xDB44, 0xDB64,
    0xEBC5, 0xD323, 0xC2A2, 0xCAC2, 0xE384, 0xFDCF, 0xFE72, 0xFE52,
    0xFE93, 0xFE94, 0xFE93, 0xFDF0, 0xE3E7, 0xD344, 0xC2A2, 0xCAE3,
    0xD324, 0xDB85, 0xE385, 0xD304, 0xCAE3, 0xD365, 0xCB03, 0xD303,
    0xCAE3, 0xCAC3, 0xCAE3, 0xD344, 0xDB44, 0xE343, 0xFD8C, 0xFEB4,
    0xFEB4, 0xFEF5, 0xE449, 0xDB44, 0xE385, 0xF406, 0xEC06, 0xEC07,
    0xFC68, 0xFC67, 0xFD6D, 0xB48E, 0x940D, 0x940D, 0x93ED, 0x93CC,
    0x8BAC, 0x8B8C, 0x8B8C, 0x838B, 0x836B, 0x836B, 0x836B, 0x836B,
    0x838B, 0x8B8B, 0x8B8C, 0x8BCC, 0x93CD, 0x93ED, 0x940E, 0x940F,
    0x9C2F, 0x9C50, 0x9C50, 0x942F, 0x942F, 0x942F, 0x940F, 0x8BEF,
    0x8BEE, 0x8BEF, 0x8BEF, 0x8BEF, 0x8BCE, 0x7B8D, 0x732C, 0x6ACA,
    0x5A88, 0x5226, 0x49E4, 0x4982, 0x4141, 0x4140, 0x4981, 0x51C1,
    0x59E1, 0x5A01, 0x59E1, 0x59E1, 0x51A0, 0x5181, 0x5A04, 0x6A87,
    0x6AC9, 0x730B, 0x834C, 0x8BAD, 0x93EF, 0x9C50, 0x9C50, 0x9C50,
    0x9C50, 0x942F, 0x940F, 0x8BCE, 0x83AE, 0x7B6D, 0x732C, 0x730B,
    0x7A24, 0x7A24, 0x7224, 0x7A24, 0x7A24, 0x7A24, 0x7A44, 0x7A44,
    0x7A45, 0x7A45, 0x7225, 0x7225, 0x7224, 0x7204, 0x7204, 0x7204,
    0x69E4, 0x69E4, 0x69E3, 0x69E3, 0x71E3, 0x71C2, 0x71C2, 0x71C2,
    0x71C2, 0x71C2, 0x71E2, 0x71C2, 0x71C2, 0x71C2, 0x71C2, 0x71C2,
    0x71C2, 0x71C1, 0x71C2, 0x71C2, 0x71C2, 0x71C2, 0x79E2, 0x79E2,
    0x79E2, 0x79E2, 0x79E2, 0x7A02, 0x8202, 0x8202, 0x8202, 0x8202,
    0x8202, 0x8223, 0x8243, 0x8A64, 0x9284, 0x9AE5, 0xAB47, 0xB387,
    0xB3A8, 0xBBE9, 0xBBE9, 0xBC09, 0xBBE9, 0xBBE9, 0xB3E9, 0xAB88,
    0xE612, 0xFFDB, 0xFE51, 0xFD2A, 0xFDF0, 0xFE73, 0xFF16, 0xFEB4,
    0xFEF5, 0xFED4, 0xFED4, 0xFE72, 0xFE94, 0xFEB4, 0xFDAD, 0xE3A4,
    0xEBC5, 0xE3A5, 0xD323, 0xC2A2, 0xD303, 0xC2C3, 0xC2E3, 0xCAC3,
    0xC2A3, 0xD324, 0xD344, 0xC2E3, 0xC2C3, 0xDB64, 0xD344, 0xD324,
    0xC2A3, 0xBA83, 0xC2C3, 0xD323, 0xF56D, 0xFE72, 0xFE73, 0xFE72,
    0xFE10, 0xFE10, 0xFE0F, 0xF50A, 0xE364, 0xD2E3, 0xD2E3, 0xC2A2,
    0xB242, 0xBA82, 0xC2C3, 0xB262, 0xC2A2, 0xD2E3, 0xD324, 0xCAE3,
    0xDB44, 0xD323, 0xCAE3, 0xD303, 0xDB23, 0xEBC5, 0xEBC5, 0xE364,
    0xEBC5, 0xD323, 0xC2C2, 0xC282, 0xE3A5, 0xFE10, 0xFE52, 0xFE31,
    0xFE93, 0xFE93, 0xFEB4, 0xF58E, 0xDB85, 0xDB65, 0xDB24, 0xD324,
    0xDB85, 0xDB85, 0xD324, 0xD303, 0xD303, 0xD324, 0xD304, 0xD324,
    0xCB03, 0xD324, 0xDB65, 0xDB44, 0xD304, 0xDB43, 0xFCE9, 0xFED4,
    0xFEB4, 0xFED5, 0xFDF0, 0xE3E6, 0xEBE7, 0xEBE6, 0xF427, 0xEC27,
    0xF427, 0xF446, 0xFDAE, 0xC511, 0x93ED, 0x9C0D, 0x93ED, 0x93CC,
    0x8BAC, 0x8B8C, 0x8B8C, 0x838B, 0x836B, 0x836B, 0x836B, 0x836B,
    0x836B, 0x838B, 0x8BAC, 0x8BAC, 0x8BCD, 0x93ED, 0x93EE, 0x940E,
    0x942F, 0x942F, 0x940F, 0x8C0F, 0x8BEF, 0x8BEF, 0x8BEE, 0x83AE,
    0x83AE, 0x83CE, 0x83CE, 0x83AE, 0x83AE, 0x736D, 0x6AEB, 0x62A9,
    0x5A47, 0x51E6, 0x49A4, 0x4161, 0x4120, 0x4120, 0x4961, 0x51A1,
    0x59C1, 0x59C1, 0x59C1, 0x51A1, 0x4980, 0x4981, 0x59E5, 0x6247,
    0x6A89, 0x72EB, 0x7B4C, 0x838D, 0x8BCE, 0x9410, 0x9C30, 0x9430,
    0x9410, 0x8BEF, 0x8BEF, 0x8BCE, 0x83AE, 0x7B6D, 0x732C, 0x6B0B,
    0x7224, 0x7224, 0x7204, 0x7224, 0x7A24, 0x7224, 0x7224, 0x7A24,
    0x7A24, 0x7225, 0x7225, 0x7224, 0x7224, 0x7204, 0x7204, 0x69E4,
    0x69E4, 0x69E3, 0x69E3, 0x69E3, 0x69E2, 0x71C2, 0x71C2, 0x71C2,
    0x71C2, 0x71E2, 0x71E2, 0x71E2, 0x71C2, 0x71C2, 0x71C2, 0x71C2,
    0x71C2, 0x79E2, 0x71E2, 0x79E2, 0x79E2, 0x79E2, 0x79E2, 0x79E2,
    0x7A02, 0x7A02, 0x7A02, 0x8202, 0x8202, 0x8203, 0x8203, 0x8223,
    0x8223, 0x8243, 0x8A64, 0x8A84, 0x92C5, 0xA306, 0xAB67, 0xB3A8,
    0xBBC8, 0xBBE9, 0xC40A, 0xC42A, 0xBC0A, 0xBC0A, 0xB3E9, 0xBC0A,
    0xFF38, 0xFF58, 0xFD8C, 0xFD0A, 0xF489, 0xFE73, 0xFEF5, 0xFED5,
    0xFED4, 0xFED5, 0xFE93, 0xFEB4, 0xFE93, 0xFE50, 0xEC46, 0xDB23,
    0xDB44, 0xD304, 0xDB44, 0xCB03, 0xC2C3, 0xBAA3, 0xCB24, 0xCAE3,
    0xCAE3, 0xCB04, 0xCB04, 0xCAE3, 0xDB64, 0xDB44, 0xCAE3, 0xCAE3,
    0xCAE3, 0xCB03, 0xCAE3, 0xE3C5, 0xFDCF, 0xFE73, 0xFE72, 0xFE51,
    0xFDEF, 0xFE0F, 0xFDEE, 0xF467, 0xDB23, 0xDB23, 0xCAA2, 0xB262,
    0xBA62, 0xBA82, 0xA201, 0xB242, 0xCAC2, 0xD303, 0xCAE3, 0xCAE3,
    0xCB03, 0xCAC2, 0xC2A2, 0xC2A2, 0xDB44, 0xDB84, 0xF427, 0xDB64,
    0xDB64, 0xDB64, 0xD303, 0xCAE2, 0xF446, 0xFE10, 0xFE31, 0xFE52,
    0xFE73, 0xFE53, 0xFE31, 0xF56D, 0xD385, 0xD344, 0xDB65, 0xDB44,
    0xD324, 0xD324, 0xDB44, 0xDB44, 0xDB44, 0xD304, 0xCAE3, 0xD303,
    0xD324, 0xDB85, 0xDBA5, 0xE3C6, 0xDB44, 0xDB44, 0xF446, 0xFE51,
    0xFEB4, 0xFEB4, 0xFE52, 0xEC27, 0xE3A5, 0xEBE6, 0xEC06, 0xEBE6,
    0xEC06, 0xF406, 0xFD4B, 0xEE54, 0x9C2E, 0x940D, 0x93ED, 0x93CC,
    0x8BAC, 0x8B8C, 0x8B8C, 0x838B, 0x836B, 0x836B, 0x836B, 0x836B,
    0x836B, 0x838C, 0x8B8C, 0x8BAC, 0x8BAD, 0x8BCD, 0x8BCD, 0x8BEE,
    0x93EE, 0x940F, 0x8BEF, 0x8BCE, 0x83CE, 0x83AE, 0x83AD, 0x7B8D,
    0x7B8D, 0x838D, 0x838D, 0x838D, 0x838D, 0x734C, 0x6AEB, 0x62A9,
    0x5A68, 0x5206, 0x51C5, 0x49A3, 0x4982, 0x4982, 0x51A2, 0x59E3,
    0x59E3, 0x59E3, 0x59E3, 0x51C2, 0x51A2, 0x5182, 0x59E5, 0x5A27,
    0x6268, 0x6ACA, 0x732C, 0x7B6D, 0x83AE, 0x8BEF, 0x9410, 0x8BEF,
    0x8BEF, 0x83CF, 0x83AE, 0x83AE, 0x7B8D, 0x7B4D, 0x732C, 0x6AEB,
    0x7204, 0x7204, 0x7204, 0x7224, 0x7224, 0x7224, 0x7224, 0x7224,
    0x7224, 0x7224, 0x7224, 0x7224, 0x7204, 0x7204, 0x6A04, 0x69E4,
    0x69E4, 0x69E3, 0x69C3, 0x69C3, 0x69C2, 0x69C2, 0x71C2, 0x71C2,
    0x71C2, 0x71C2, 0x71C2, 0x71C2, 0x71C2, 0x71C2, 0x71C2, 0x71C2,
    0x71C2, 0x71E2, 0x79E2, 0x79E2, 0x79E2, 0x79E2, 0x7A02, 0x7A02,
    0x7A03, 0x7A03, 0x8203, 0x8203, 0x8203, 0x8223, 0x8223, 0x8223,
    0x8223, 0x8A43, 0x8A64, 0x92A5, 0x9AE6, 0xA347, 0xB3A8, 0xBBE8,
    0xC409, 0xC409, 0xC42A, 0xC42A, 0xC42A, 0xBC0A, 0xB3C9, 0xD52F,
    0xFF99, 0xFDEF, 0xFD6C, 0xFCC9, 0xF468, 0xFE51, 0xFEF5, 0xFED5,
    0xFEB4, 0xFED5, 0xFED4, 0xFE93, 0xFE71, 0xFDAD, 0xE384, 0xD324,
    0xD303, 0xE385, 0xDB64, 0xD324, 0xBAA3, 0xC2E3, 0xC2C3, 0xC2A2,
    0xCAC3, 0xCAA3, 0xCAA2, 0xD303, 0xDB44, 0xCAE3, 0xCAE3, 0xD303,
    0xD303, 0xCB03, 0xCAC2, 0xE407, 0xFE10, 0xFE52, 0xFE73, 0xFE31,
    0xFDCF, 0xFDCE, 0xF52A, 0xE3A4, 0xD303, 0xD2C2, 0xC262, 0xB221,
    0xC282, 0xBA62, 0xB262, 0xC2A2, 0xD2E3, 0xCAC3, 0xC2A3, 0xC282,
    0xBA62, 0xCAC3, 0xCAC2, 0xC2C3, 0xCB03, 0xD324, 0xDB24, 0xD303,
    0xCAC3, 0xD303, 0xD303, 0xDB63, 0xFCC9, 0xFE10, 0xFE31, 0xFE73,
    0xFE73, 0xFE73, 0xFE73, 0xF4EB, 0xDB64, 0xD303, 0xDB23, 0xDB64,
    0xDB24, 0xDB24, 0xD2E3, 0xDB44, 0xDB44, 0xD324, 0xCAE3, 0xD303,
    0xD303, 0xDB44, 0xDB85, 0xE385, 0xE3A5, 0xDB64, 0xEBA4, 0xFD6B,
    0xFE93, 0xFE93, 0xFED4, 0xED0C, 0xDB23, 0xE3A5, 0xEBC6, 0xEBC5,
    0xF447, 0xF406, 0xFCC9, 0xFEB5, 0xAC6F, 0x93ED, 0x93ED, 0x93CD,
    0x8BAC, 0x8BAC, 0x8B8C, 0x836B, 0x836B, 0x836B, 0x836B, 0x836B,
    0x836B, 0x838C, 0x838C, 0x838C, 0x838C, 0x83AD, 0x8BAD, 0x8BCD,
    0x8BCE, 0x8BCE, 0x83AE, 0x838D, 0x7B8D, 0x7B6D, 0x7B4C, 0x734C,
    0x7B4C, 0x7B4C, 0x7B4C, 0x7B6C, 0x7B6C, 0x7B4C, 0x730B, 0x6ACA,
    0x6AA9, 0x6288, 0x6267, 0x6226, 0x6226, 0x6226, 0x6A46, 0x6A67,
    0x6A67, 0x6A67, 0x6247, 0x6246, 0x5A26, 0x5A26, 0x6247, 0x6268,
    0x6AA9, 0x72EA, 0x7B2B, 0x7B6D, 0x838E, 0x83CE, 0x8BCF, 0x83AF,
    0x83AE, 0x7B8E, 0x7B6E, 0x7B6D, 0x734D, 0x732C, 0x730C, 0x6AEB,
    0x6A04, 0x6A04, 0x7204, 0x7224, 0x7224, 0x7225, 0x7225, 0x7224,
    0x7224, 0x7224, 0x7204, 0x7204, 0x7204, 0x7204, 0x69E4, 0x69E4,
    0x69E3, 0x69C3, 0x69C3, 0x69C2, 0x69C2, 0x69C2, 0x71C2, 0x71C2,
    0x71C2, 0x71C2, 0x71C2, 0x71C2, 0x71C2, 0x71C2, 0x79C2, 0x79C2,
    0x79C2, 0x79E2, 0x79E2, 0x79E2, 0x7A03, 0x7A03, 0x7A03, 0x8203,
    0x8223, 0x8223, 0x8223, 0x8223, 0x8223, 0x8223, 0x8243, 0x8A43,
    0x8A44, 0x8A64, 0x9284, 0x92C5, 0x9B06, 0xAB67, 0xBBC8, 0xC409,
    0xC429, 0xCC4A, 0xCC4A, 0xC42A, 0xC42A, 0xBC0A, 0xB3E9, 0xEE74,
    0xFE92, 0xFD4B, 0xFD8C, 0xFD0A, 0xF4A9, 0xFDEF, 0xFE73, 0xFE73,
    0xFED4, 0xFE93, 0xFE92, 0xFE72, 0xFE51, 0xF488, 0xE384, 0xE385,
    0xE384, 0xD324, 0xD303, 0xCAE3, 0xCAE3, 0xC2A2, 0xBA82, 0xC2A2,
    0xD2E3, 0xCAE3, 0xCAC3, 0xCAA2, 0xD303, 0xD323, 0xCAE3, 0xC2A2,
    0xC2A2, 0xC2A3, 0xBA62, 0xD3A6, 0xF58E, 0xFE31, 0xFE10, 0xFDEF,
    0xFDCF, 0xFDEF, 0xF4EA, 0xCAC2, 0xBA41, 0xB242, 0xBA42, 0xC2A2,
    0xC2A2, 0xBA62, 0xCAC3, 0xC2A2, 0xD2E3, 0xCAC2, 0xCAC3, 0xC282,
    0xC2A2, 0xC2A3, 0xCAE3, 0xD2E3, 0xD2E3, 0xD323, 0xCAA2, 0xD2E2,
    0xC282, 0xCAA2, 0xDB02, 0xEBE5, 0xFDCE, 0xFE10, 0xFE10, 0xFE73,
    0xFE73, 0xFE73, 0xFE72, 0xECEB, 0xD323, 0xCAE3, 0xD2E3, 0xE364,
    0xDB24, 0xE364, 0xCAC3, 0xCAE3, 0xD303, 0xDB44, 0xDB44, 0xDB85,
    0xDB24, 0xCAA2, 0xDB23, 0xDB64, 0xEBC5, 0xF426, 0xF405, 0xFC87,
    0xFE51, 0xFE73, 0xFEB4, 0xFE72, 0xEC06, 0xE3C5, 0xE3C6, 0xEC06,
    0xF447, 0xFC47, 0xFCC9, 0xFEF6, 0xB4D0, 0x8BCD, 0x93ED, 0x93CD,
    0x8BCC, 0x8BAC, 0x8B8C, 0x836B, 0x836B, 0x836B, 0x836B, 0x836B,
    0x836B, 0x836B, 0x836C, 0x836C, 0x836C, 0x838C, 0x838D, 0x838D,
    0x838D, 0x83AD, 0x838D, 0x7B6C, 0x7B4C, 0x7B2B, 0x730A, 0x72EA,
    0x72EA, 0x730A, 0x7B2B, 0x7B2B, 0x7B4B, 0x7B2B, 0x7B2B, 0x730A,
    0x72E9, 0x72C9, 0x72C9, 0x72C9, 0x72C9, 0x72C9, 0x7AC9, 0x7AE9,
    0x7AE9, 0x72E9, 0x72C9, 0x72A9, 0x6AA8, 0x6AA8, 0x6A89, 0x72C9,
    0x72CA, 0x730B, 0x7B2C, 0x7B4C, 0x7B6D, 0x838E, 0x838E, 0x7B6D,
    0x7B6D, 0x734D, 0x732C, 0x6B0C, 0x6B0C, 0x6B0C, 0x6B0C, 0x6AEB,
    0x6A04, 0x6A04, 0x7204, 0x7204, 0x7224, 0x7224, 0x7225, 0x7224,
    0x7224, 0x7224, 0x7204, 0x7204, 0x7204, 0x6A04, 0x69E4, 0x69E4,
    0x69C3, 0x69C3, 0x69C3, 0x69C2, 0x69C2, 0x71C2, 0x71C2, 0x71C2,
    0x71C2, 0x79E2, 0x79E2, 0x79E2, 0x71E2, 0x79E2, 0x79C2, 0x79C2,
    0x79E2, 0x79E2, 0x79E2, 0x7A03, 0x7A03, 0x7A03, 0x7A03, 0x8223,
    0x8223, 0x8223, 0x8223, 0x8223, 0x8243, 0x8A44, 0x8A44, 0x8A44,
    0x8A64, 0x8A64, 0x92A5, 0x9AE6, 0xA326, 0xAB88, 0xBBC8, 0xC409,
    0xCC2A, 0xCC4A, 0xCC4A, 0xC44A, 0xC42A, 0xB3EA, 0xC44A, 0xFE93,
    0xFD8C, 0xFD2A, 0xFD0A, 0xF468, 0xF489, 0xF4EB, 0xF50B, 0xFE31,
    0xFE92, 0xFE51, 0xFE71, 0xFE92, 0xFD6B, 0xE364, 0xE3C6, 0xEC06,
    0xDB85, 0xDB64, 0xCB03, 0xD324, 0xD303, 0xCAE3, 0xCAC3, 0xCAC3,
    0xC2C3, 0xCAC3, 0xCAE3, 0xBA83, 0xBA82, 0xC2A3, 0xC2A3, 0xCAC3,
    0xCAE3, 0xC2A2, 0xCAC3, 0xD385, 0xECEB, 0xFDEF, 0xFDCF, 0xFE31,
    0xFE10, 0xFE0F, 0xEC89, 0xCAA2, 0xCAC3, 0xBA82, 0xCAC3, 0xCAC3,
    0xBA82, 0xCAE3, 0xCAC3, 0xCAE3, 0xB262, 0xB241, 0xCAC2, 0xC2C3,
    0xD303, 0xC2A3, 0xCAC3, 0xDB23, 0xD324, 0xCAE3, 0xCAC2, 0xCAC2,
    0xD303, 0xDB03, 0xEBE5, 0xFD4B, 0xFE72, 0xFE73, 0xFE52, 0xFE73,
    0xFE73, 0xFE31, 0xFE73, 0xECEB, 0xD324, 0xD304, 0xCAE3, 0xD344,
    0xDB24, 0xD324, 0xD324, 0xC2C3, 0xD303, 0xDB44, 0xE384, 0xE3A5,
    0xE3A5, 0xD323, 0xC282, 0xCAE3, 0xDB64, 0xE3A4, 0xEBA4, 0xF3E4,
    0xFDEE, 0xFED4, 0xFEB4, 0xFEB4, 0xFD8D, 0xEBE5, 0xEBA5, 0xF447,
    0xFC88, 0xF426, 0xFCE9, 0xFF36, 0xD5F4, 0x93CD, 0x93ED, 0x93CD,
    0x8BCD, 0x8BAC, 0x8BAC, 0x838C, 0x836B, 0x836B, 0x836B, 0x836B,
    0x836B, 0x836B, 0x836B, 0x7B6B, 0x7B4C, 0x7B4C, 0x7B4C, 0x7B4C,
    0x7B4C, 0x7B4C, 0x7B4C, 0x7B4B, 0x7B2B, 0x730A, 0x72EA, 0x72E9,
    0x72EA, 0x730A, 0x730A, 0x7B0A, 0x7B2A, 0x7B2B, 0x7B2B, 0x7B2B,
    0x7B2A, 0x832A, 0x830A, 0x830A, 0x830A, 0x830A, 0x832A, 0x832A,
    0x832A, 0x832A, 0x832A, 0x7B2A, 0x7B0A, 0x7AEA, 0x7AEA, 0x72EA,
    0x7B0B, 0x7B2B, 0x7B2C, 0x7B4C, 0x7B4C, 0x7B4D, 0x7B4D, 0x732C,
    0x6B2C, 0x6AEC, 0x62CB, 0x62CB, 0x62CB, 0x62CB, 0x6ACB, 0x6AEB,
    0x69E4, 0x6A04, 0x6A04, 0x7204, 0x7204, 0x7204, 0x7224, 0x7224,
    0x7224, 0x7224, 0x7204, 0x7204, 0x7204, 0x6A04, 0x69E4, 0x69E4,
    0x69E4, 0x69C3, 0x69C3, 0x69C3, 0x69C2, 0x71C2, 0x71C2, 0x71C2,
    0x71E2, 0x79E2, 0x79E2, 0x79E2, 0x79E2, 0x79E2, 0x79E2, 0x79E2,
    0x79E2, 0x79E3, 0x7A03, 0x7A03, 0x7A03, 0x7A23, 0x8223, 0x8223,
    0x8223, 0x8A44, 0x8A44, 0x8A44, 0x8A44, 0x8A44, 0x8A64, 0x8A64,
    0x8A64, 0x8A84, 0x92C5, 0x9AE6, 0xA347, 0xB388, 0xBBE9, 0xC429,
    0xCC4A, 0xCC6A, 0xCC6B, 0xC44A, 0xC42A, 0xB3E9, 0xD4AB, 0xFE0F,
    0xFD2A, 0xFD0A, 0xFCC9, 0xE3C6, 0xEC48, 0xEC68, 0xE3C6, 0xFE10,
    0xFE93, 0xFE72, 0xFE93, 0xFE51, 0xF488, 0xE364, 0xE3A5, 0xDB65,
    0xCB03, 0xC2C3, 0xBA82, 0xCAC3, 0xC282, 0xDB44, 0xCAC3, 0xCAC3,
    0xC2A3, 0xBA62, 0xC282, 0xBA82, 0xBA62, 0xCAC3, 0xD303, 0xD303,
    0xD2E3, 0xDB44, 0xD324, 0xCB03, 0xF56D, 0xFE31, 0xFE30, 0xFE10,
    0xFDEF, 0xFDEF, 0xEC88, 0xCAC2, 0xC2A3, 0xCAC3, 0xCAC2, 0xC2C3,
    0xCAE3, 0xCAE3, 0xCAC3, 0xCAE3, 0xB221, 0xB221, 0xC2A2, 0xC2A3,
    0xC2A3, 0xB262, 0xDB23, 0xD303, 0xDB64, 0xD303, 0xD2E3, 0xCA81,
    0xDB43, 0xEC47, 0xFD8D, 0xFE30, 0xFE52, 0xFE73, 0xFE52, 0xFE10,
    0xFE31, 0xFE31, 0xFE93, 0xED0C, 0xD324, 0xDB85, 0xD303, 0xD304,
    0xDB24, 0xDB64, 0xDB44, 0xCAC3, 0xCAC3, 0xDB23, 0xDB44, 0xDB44,
    0xDB85, 0xDB64, 0xD324, 0xCAE3, 0xD323, 0xD303, 0xD303, 0xE343,
    0xFCA8, 0xFE93, 0xFEB4, 0xFED4, 0xFE72, 0xFCC9, 0xFCA8, 0xFD8D,
    0xFE30, 0xFD8D, 0xFD8C, 0xFF36, 0xF6B6, 0x9C2E, 0x93ED, 0x93CD,
    0x8BCD, 0x8BAC, 0x8BAC, 0x838C, 0x836B, 0x836B, 0x836B, 0x836B,
    0x836B, 0x836B, 0x836B, 0x7B4B, 0x7B4B, 0x7B2B, 0x7B2B, 0x732B,
    0x730B, 0x732B, 0x7B2B, 0x7B0B, 0x7B0A, 0x730A, 0x72EA, 0x72EA,
    0x7B0A, 0x7B2A, 0x7B2A, 0x7B2A, 0x832B, 0x834B, 0x834B, 0x836B,
    0x8B6B, 0x8B6B, 0x8B6B, 0x8B4B, 0x8B4B, 0x8B6B, 0x8B6B, 0x8B6B,
    0x8B6B, 0x8B6C, 0x8B6C, 0x8B6B, 0x834B, 0x832B, 0x7B2B, 0x7B0B,
    0x7B0B, 0x7B2B, 0x7B2B, 0x7B2B, 0x7B2B, 0x730B, 0x730B, 0x6AEB,
    0x62CB, 0x62AA, 0x5A8A, 0x5A6A, 0x5A8A, 0x62AA, 0x62CB, 0x6ACB,
    0x69E4, 0x6A04, 0x6A04, 0x7205, 0x7205, 0x7225, 0x7225, 0x7225,
    0x7225, 0x7225, 0x7204, 0x7204, 0x7204, 0x6A04, 0x69E4, 0x69E4,
    0x69E4, 0x69C3, 0x69C3, 0x69C3, 0x69C2, 0x71C2, 0x71C2, 0x71E2,
    0x79E3, 0x79E3, 0x7A03, 0x7A03, 0x79E2, 0x79E2, 0x79E2, 0x79E2,
    0x79E3, 0x7A03, 0x7A03, 0x7A03, 0x7A03, 0x8223, 0x8223, 0x8223,
    0x8244, 0x8A44, 0x8A44, 0x8A44, 0x8A44, 0x8A64, 0x8A64, 0x8A64,
    0x8A84, 0x9285, 0x92C5, 0xA306, 0xAB47, 0xB3A8, 0xC3E9, 0xCC2A,
    0xCC4A, 0xCC6A, 0xCC6A, 0xCC4A, 0xC42A, 0xBC09, 0xF56C, 0xFD8C,
    0xFD0A, 0xFD0A, 0xF468, 0xFC88, 0xF489, 0xE3C6, 0xED0B, 0xFED4,
    0xFE51, 0xFE72, 0xFEB4, 0xFD8D, 0xEBE5, 0xDB64, 0xCB04, 0xCB04,
    0xD303, 0xCAC3, 0xC2C3, 0xC282, 0xD2A2, 0xE364, 0xD2E3, 0xCAE3,
    0xC2A2, 0xAA01, 0xDB03, 0xDB23, 0xCAC3, 0xCAC3, 0xD2E3, 0xCAC2,
    0xCAA2, 0xC2C3, 0xC2A2, 0xDB85, 0xFE10, 0xFE10, 0xFE10, 0xFDCE,
    0xFE10, 0xFDCE, 0xEC26, 0xCAC2, 0xB262, 0xBA41, 0xCAE3, 0xCAE3,
    0xD324, 0xCAE3, 0xCAE3, 0xBA82, 0xBA41, 0xCA82, 0xD2E3, 0xD2E3,
    0xCAE3, 0xC2A2, 0xCAC3, 0xD302, 0xDB23, 0xDB03, 0xDB43, 0xEBC5,
    0xF467, 0xFDAD, 0xFE10, 0xFE31, 0xFE51, 0xFE52, 0xFE11, 0xFDEF,
    0xFE51, 0xFE72, 0xFE94, 0xF5D0, 0xD364, 0xC2E4, 0xCAC3, 0xC2A3,
    0xD303, 0xDB23, 0xD2E3, 0xD303, 0xD303, 0xDB24, 0xDB44, 0xDB24,
    0xDB64, 0xDB44, 0xCB03, 0xD303, 0xD324, 0xDB44, 0xD324, 0xDB44,
    0xEBC4, 0xFDEF, 0xFE52, 0xFE72, 0xFEF6, 0xFE72, 0xFE51, 0xFE51,
    0xFE93, 0xFEB3, 0xFE51, 0xFF16, 0xFEB5, 0xAC2D, 0x93ED, 0x93CD,
    0x8BCD, 0x8BAC, 0x8BAC, 0x838C, 0x836B, 0x836B, 0x836B, 0x836B,
    0x836B, 0x836C, 0x836B, 0x7B4B, 0x7B2B, 0x732B, 0x730A, 0x72EA,
    0x72EA, 0x72EA, 0x72EA, 0x72EA, 0x730A, 0x7B0A, 0x7B0A, 0x7B2A,
    0x7B2A, 0x834B, 0x834B, 0x836B, 0x8B6B, 0x8B6B, 0x8B8C, 0x8B8C,
    0x938C, 0x938C, 0x938C, 0x938C, 0x93AC, 0x93AC, 0x93AC, 0x93AC,
    0x93AD, 0x93AD, 0x93AD, 0x938C, 0x8B8C, 0x8B6C, 0x834C, 0x834B,
    0x832B, 0x832B, 0x7B2B, 0x7B0B, 0x72EB, 0x72EA, 0x6ACA, 0x62AA,
    0x5A8A, 0x5A69, 0x5249, 0x5249, 0x5A6A, 0x62AA, 0x62CB, 0x6ACB,
    0x6A05, 0x6A05, 0x6A05, 0x7225, 0x7225, 0x7225, 0x7225, 0x7225,
    0x7225, 0x7225, 0x7225, 0x7225, 0x6A05, 0x6A05, 0x6A05, 0x69E4,
    0x69E4, 0x69E3, 0x69C3, 0x69C3, 0x69C3, 0x71E3, 0x71E3, 0x71E3,
    0x7A03, 0x7A03, 0x7A03, 0x7A03, 0x7A03, 0x7A03, 0x7A03, 0x79E3,
    0x79E3, 0x7A03, 0x7A03, 0x7A03, 0x8223, 0x8223, 0x8223, 0x8244,
    0x8A44, 0x8A44, 0x8A64, 0x8A64, 0x8A64, 0x8A64, 0x8A64, 0x8A84,
    0x9285, 0x92A5, 0x9AC6, 0xA326, 0xAB68, 0xBBC9, 0xC409, 0xCC4A,
    0xCC6A, 0xCC6A, 0xCC6B, 0xCC6A, 0xBC2A, 0xC42A, 0xFD8C, 0xFD4B,
    0xFD2B, 0xF468, 0xFCA9, 0xF468, 0xEC48, 0xEC07, 0xFDF0, 0xFE51,
    0xFE52, 0xFE73, 0xFE30, 0xFD09, 0xF406, 0xE384, 0xDB44, 0xDB44,
    0xD324, 0xCAE3, 0xD303, 0xD2E3, 0xDB03, 0xDB23, 0xBA62, 0xD324,
    0xC282, 0xBA83, 0xEBA5, 0xE344, 0xDB03, 0xCAE3, 0xCAC3, 0xC282,
    0xBA62, 0xC2C3, 0xD303, 0xE407, 0xFE10, 0xFE10, 0xFE10, 0xFDEF,
    0xFDCF, 0xFDEF, 0xF488, 0xD303, 0xBA62, 0xBA62, 0xAA42, 0xC2C3,
    0xDB44, 0xCB03, 0xCAE3, 0xCAA2, 0xC2A2, 0xCAC2, 0xCAC3, 0xCAE3,
    0xDB24, 0xCAE3, 0xD303, 0xDB23, 0xE3A4, 0xF446, 0xFD4B, 0xFDAD,
    0xFDEF, 0xFE10, 0xFE31, 0xFE51, 0xFE51, 0xFE10, 0xFE10, 0xFDF0,
    0xFE52, 0xFE52, 0xFE73, 0xFE32, 0xDB85, 0xBA62, 0xB222, 0xB242,
    0xC2C3, 0xE3A5, 0xDB44, 0xD323, 0xE385, 0xDB65, 0xD324, 0xCAE3,
    0xDB65, 0xDB44, 0xD324, 0xC2A3, 0xCAE3, 0xDB64, 0xDB85, 0xE3A5,
    0xF426, 0xFDAD, 0xFEB4, 0xFE93, 0xFE93, 0xFE93, 0xFEB3, 0xFEB4,
    0xFE72, 0xFE93, 0xFE93, 0xFEF5, 0xFF16, 0xC48D, 0x8BCD, 0x93ED,
    0x8BCD, 0x8BAC, 0x838C, 0x838C, 0x836B, 0x836B, 0x836B, 0x836C,
    0x836B, 0x836C, 0x836B, 0x7B4B, 0x7B2B, 0x730A, 0x72EA, 0x6AC9,
    0x6AA9, 0x72C9, 0x72C9, 0x72EA, 0x7B0A, 0x7B0A, 0x832A, 0x834B,
    0x834B, 0x8B6B, 0x8B8C, 0x8B8C, 0x938C, 0x93AC, 0x93AC, 0x93AC,
    0x9BCD, 0x9BCD, 0x9BCD, 0x9BCD, 0x9BED, 0x9BED, 0x9BED, 0x9BED,
    0x9BED, 0x9BED, 0x9BED, 0x9BCD, 0x93CD, 0x93AD, 0x938C, 0x8B8C,
    0x8B6C, 0x8B6C, 0x834B, 0x7B2B, 0x72EA, 0x72CA, 0x6AAA, 0x628A,
    0x5A69, 0x5A49, 0x5229, 0x5229, 0x5A69, 0x5A8A, 0x62AA, 0x62CB,
    0x6A05, 0x6A05, 0x7225, 0x7225, 0x7225, 0x7225, 0x7225, 0x7225,
    0x7225, 0x7225, 0x7225, 0x6A25, 0x6A25, 0x6A05, 0x6A05, 0x69E4,
    0x69E4, 0x69E4, 0x69C3, 0x69C3, 0x69E3, 0x71E3, 0x71E3, 0x79E3,
    0x7A03, 0x7A03, 0x7A03, 0x7A03, 0x7A03, 0x7A03, 0x7A03, 0x7A03,
    0x7A03, 0x7A03, 0x7A03, 0x8203, 0x8223, 0x8223, 0x8244, 0x8A44,
    0x8A44, 0x8A64, 0x8A64, 0x8A64, 0x8A64, 0x8A64, 0x8A84, 0x8A84,
    0x92A5, 0x92A5, 0x9AE6, 0xA327, 0xAB88, 0xBBC9, 0xC42A, 0xCC4A,
    0xCC6B, 0xCC8B, 0xCC6B, 0xCC6A, 0xBC0A, 0xE4EB, 0xFDAD, 0xFD0A,
    0xFCEA, 0xFCEA, 0xFCEA, 0xE3C6, 0xEBE6, 0xEC07, 0xEC89, 0xF54D,
    0xFE72, 0xFE93, 0xFE30, 0xFD09, 0xF426, 0xE3A5, 0xE385, 0xD304,
    0xCB03, 0xD324, 0xD324, 0xDB44, 0xCAC3, 0xBA62, 0xBA82, 0xCB04,
    0xC2A3, 0xDB44, 0xEB85, 0xDB24, 0xCB03, 0xCAC3, 0xCAC3, 0xC2A2,
    0xC2C3, 0xD303, 0xD303, 0xDB85, 0xFDCF, 0xFE10, 0xFE10, 0xFE10,
    0xFDCF, 0xFE10, 0xFD0A, 0xE3A4, 0xC282, 0xBA62, 0xBA82, 0xBAA3,
    0xCB03, 0xD303, 0xBA83, 0xC2A3, 0xCAC3, 0xCAC3, 0xC2A3, 0xBA82,
    0xC2A2, 0xCAE3, 0xEB83, 0xEBA4, 0xF4C9, 0xFDEF, 0xFE10, 0xFE10,
    0xFE30, 0xFE31, 0xFE10, 0xFE30, 0xFE31, 0xFE10, 0xF58E, 0xFE11,
    0xFE72, 0xFE93, 0xFE72, 0xFE10, 0xEC89, 0xD303, 0xBA83, 0xBA62,
    0xC282, 0xDB64, 0xEBE6, 0xD2E3, 0xDB64, 0xD303, 0xD323, 0xD303,
    0xCAC3, 0xDB44, 0xDB85, 0xCAE4, 0xBA83, 0xCB03, 0xDB85, 0xE3C5,
    0xF467, 0xFE30, 0xFE93, 0xFED5, 0xFE93, 0xFE93, 0xFEB3, 0xFED5,
    0xFED5, 0xFEB4, 0xFEF5, 0xFEF5, 0xFF57, 0xDD2F, 0x93CD, 0x93ED,
    0x8BCD, 0x8BAD, 0x8BAC, 0x838C, 0x836B, 0x836B, 0x836B, 0x836C,
    0x7B6C, 0x7B4B, 0x7B6B, 0x7B4B, 0x7B2B, 0x730A, 0x72EA, 0x6AC9,
    0x6AA9, 0x6AA9, 0x72C9, 0x72E9, 0x7AEA, 0x7B0A, 0x832A, 0x834B,
    0x8B6B, 0x8B8C, 0x8B8C, 0x93AC, 0x93AC, 0x93AC, 0x9BCD, 0x9BED,
    0x9BED, 0xA40D, 0xA40E, 0xA40E, 0xA40E, 0xA40E, 0xA40E, 0xA40E,
    0xA40E, 0xA40E, 0xA40E, 0x9C0E, 0x9BEE, 0x9BEE, 0x93CD, 0x93AD,
    0x93AD, 0x8B8C, 0x8B6C, 0x834B, 0x7B0B, 0x72EA, 0x6ACA, 0x6289,
    0x5A69, 0x5A49, 0x5228, 0x5228, 0x5249, 0x5A6A, 0x5A8A, 0x62AA,
    0x6A25, 0x6A26, 0x7226, 0x7246, 0x7246, 0x7246, 0x7246, 0x7246,
    0x7246, 0x7246, 0x7225, 0x6A25, 0x6A25, 0x6A25, 0x6A05, 0x6A04,
    0x69E4, 0x69E4, 0x69E3, 0x69E3, 0x71E3, 0x71E3, 0x7A03, 0x7A03,
    0x7A03, 0x7A03, 0x7A23, 0x7A23, 0x8223, 0x8223, 0x8223, 0x8203,
    0x8203, 0x8223, 0x8223, 0x8223, 0x8223, 0x8244, 0x8A44, 0x8A44,
    0x8A64, 0x8A64, 0x8A64, 0x8A64, 0x8A64, 0x9264, 0x9284, 0x9285,
    0x92A5, 0x92A5, 0x9AE6, 0xA327, 0xB388, 0xBBE9, 0xC42A, 0xCC6A,
    0xCC6B, 0xD48B, 0xCC8B, 0xCC6B, 0xC44A, 0xF56C, 0xFDAD, 0xFD0A,
    0xF52B, 0xF50A, 0xEC48, 0xE3A5, 0xEBE6, 0xE3E7, 0xD365, 0xF611,
    0xFE93, 0xFE93, 0xFE72, 0xFD4B, 0xEB84, 0xDB85, 0xDB44, 0xCB04,
    0xD324, 0xCB03, 0xDB44, 0xCAC3, 0xC2A3, 0xBA82, 0xC2C3, 0xBA82,
    0xCAE3, 0xD303, 0xD304, 0xC2C3, 0xC2C3, 0xD303, 0xDB03, 0xD2E3,
    0xD2E3, 0xD303, 0xD303, 0xD344, 0xF4EB, 0xFDAD, 0xFDCF, 0xFE31,
    0xFE31, 0xFE31, 0xFD8C, 0xEC46, 0xCAE3, 0xBA62, 0xC2C3, 0xCAE3,
    0xC2C3, 0xC2C3, 0xB262, 0xBA83, 0xBA82, 0xC282, 0xBA62, 0xBA62,
    0xCAC2, 0xDB43, 0xF467, 0xFD4B, 0xFDCF, 0xFE10, 0xFDEF, 0xFE31,
    0xFE10, 0xFDEF, 0xFDEF, 0xFDEF, 0xFDF0, 0xFE11, 0xFDAE, 0xFE11,
    0xFE72, 0xFE51, 0xFE52, 0xFE10, 0xF54C, 0xE3C5, 0xCAE3, 0xBAA3,
    0xCB03, 0xCAC3, 0xDB65, 0xCAE3, 0xC2A3, 0xD303, 0xCAC3, 0xCAC3,
    0xC2A3, 0xCAC3, 0xE364, 0xDB44, 0xC2C3, 0xCAE3, 0xD303, 0xDB03,
    0xF406, 0xFE51, 0xFEB4, 0xFED5, 0xFEB4, 0xFEB4, 0xFEB4, 0xFE93,
    0xFE31, 0xFE51, 0xFE52, 0xFEF5, 0xFF57, 0xF56E, 0x9BCD, 0x93EE,
    0x8BCD, 0x8BCD, 0x8BAC, 0x838C, 0x836B, 0x836B, 0x836B, 0x836B,
    0x7B6B, 0x7B4B, 0x7B4B, 0x7B4B, 0x7B2B, 0x730A, 0x72EA, 0x6AC9,
    0x6AA9, 0x6AA8, 0x6AA9, 0x72C9, 0x72C9, 0x7AEA, 0x7B0A, 0x832A,
    0x834B, 0x8B6B, 0x8B8B, 0x8B8B, 0x93AC, 0x93AC, 0x9BCD, 0x9BED,
    0x9BED, 0xA40E, 0xA40E, 0xA42E, 0xA42E, 0xA42E, 0xA42E, 0xA42E,
    0xA42E, 0xA42E, 0xA42E, 0xA40E, 0x9C0E, 0x9BEE, 0x9BCD, 0x93CD,
    0x93AD, 0x8B8C, 0x8B6C, 0x832B, 0x7B0B, 0x72EA, 0x6AA9, 0x6289,
    0x5A48, 0x5228, 0x5208, 0x5208, 0x5228, 0x5249, 0x5A6A, 0x62AA,
    0x6A26, 0x7226, 0x7246, 0x7246, 0x7246, 0x7246, 0x7246, 0x7246,
    0x7246, 0x7246, 0x7246, 0x6A46, 0x6A46, 0x6A26, 0x6A25, 0x6A05,
    0x6A04, 0x69E4, 0x69E4, 0x69E3, 0x71E3, 0x7203, 0x7A03, 0x7A03,
    0x7A23, 0x7A23, 0x8224, 0x8223, 0x8224, 0x8223, 0x8223, 0x8223,
    0x8223, 0x8223, 0x8223, 0x8223, 0x8243, 0x8244, 0x8A44, 0x8A64,
    0x8A64, 0x8A64, 0x8A64, 0x9264, 0x9264, 0x9284, 0x9284, 0x9285,
    0x92A5, 0x92A5, 0x9AE6, 0xA327, 0xB388, 0xBBE9, 0xCC2A, 0xCC6A,
    0xCC6B, 0xD48B, 0xD48B, 0xCC6B, 0xDCCB, 0xFDAD, 0xFD8C, 0xFD4B,
    0xFD4B, 0xF4A9, 0xE3A5, 0xEBE6, 0xE3C6, 0xD345, 0xE428, 0xFE71,
    0xFE52, 0xFE72, 0xFE72, 0xFD2A, 0xE364, 0xE3A5, 0xDB65, 0xDB65,
    0xCB04, 0xD324, 0xD303, 0xC2A3, 0xCAE4, 0xCAE3, 0xCAE3, 0xC282,
    0xBA82, 0xBAA2, 0xCB04, 0xC2E3, 0xC2A3, 0xDB03, 0xD303, 0xC282,
    0xC282, 0xCAE3, 0xCAC3, 0xD324, 0xEC88, 0xFDEF, 0xFE51, 0xFE51,
    0xFE31, 0xFDCE, 0xFDAD, 0xF4EA, 0xDB64, 0xC2C2, 0xC2A2, 0xCAC3,
    0xBA82, 0xB242, 0xBA82, 0xC282, 0xC282, 0xCAE3, 0xC2A2, 0xCAC3,
    0xDB23, 0xF467, 0xFDCE, 0xFE10, 0xFDEF, 0xFDEF, 0xFE30, 0xFE10,
    0xFE31, 0xFE11, 0xFE10, 0xFE10, 0xFE10, 0xFE10, 0xFE31, 0xFE31,
    0xFE31, 0xFE10, 0xFDF0, 0xFE10, 0xFE31, 0xF54C, 0xD324, 0xBA82,
    0xCAE3, 0xC2C3, 0xB222, 0xCAA3, 0xC2A3, 0xCAC3, 0xCAC3, 0xBA82,
    0xBA83, 0xCAE4, 0xCAC3, 0xE385, 0xDB64, 0xCAC3, 0xC282, 0xD2E2,
    0xF4A8, 0xFE50, 0xFEB4, 0xFED5, 0xFE93, 0xFEB4, 0xFEB4, 0xFE52,
    0xFD0B, 0xFCEA, 0xFCC9, 0xFD4C, 0xFF16, 0xFE31, 0xB40C, 0x8BEE,
    0x93CD, 0x8BCD, 0x8BAC, 0x838C, 0x836B, 0x836B, 0x7B6B, 0x7B4B,
    0x7B4B, 0x7B4B, 0x7B4B, 0x7B4B, 0x7B2B, 0x730A, 0x72EA, 0x6AC9,
    0x6AA9, 0x6AA8, 0x6AA8, 0x6AA8, 0x72C9, 0x72E9, 0x7B09, 0x7B0A,
    0x832A, 0x834B, 0x8B6B, 0x8B6B, 0x8B8C, 0x93AC, 0x9BAC, 0x9BCD,
    0x9BED, 0x9BED, 0xA40D, 0xA40D, 0xA40D, 0xA40E, 0xA40E, 0xA40E,
    0xA40E, 0x9C0E, 0x9BEE, 0x9BED, 0x9BED, 0x9BCD, 0x93AD, 0x93AD,
    0x8B8C, 0x8B6C, 0x834B, 0x7B2B, 0x7AEA, 0x72CA, 0x6A89, 0x6269,
    0x5A48, 0x5228, 0x5208, 0x5208, 0x5228, 0x5249, 0x5A69, 0x62AA,
    0x7246, 0x7246, 0x7246, 0x7246, 0x7266, 0x7266, 0x7247, 0x7246,
    0x7246, 0x7246, 0x7246, 0x7246, 0x6A46, 0x6A46, 0x6A26, 0x6A25,
    0x6A05, 0x6A04, 0x6A04, 0x7204, 0x7203, 0x7A03, 0x7A03, 0x7A24,
    0x7A24, 0x8224, 0x8244, 0x8244, 0x8244, 0x8244, 0x8224, 0x8223,
    0x8223, 0x8223, 0x8223, 0x8243, 0x8244, 0x8A44, 0x8A64, 0x8A64,
    0x8A64, 0x9284, 0x9284, 0x9264, 0x9264, 0x9284, 0x9284, 0x92A5,
    0x92A5, 0x9AC5, 0x9AE6, 0xA347, 0xB3A8, 0xBBE9, 0xCC4A, 0xCC6A,
    0xD48B, 0xD48B, 0xD48B, 0xCC6B, 0xED0C, 0xFDCD, 0xFD0A, 0xFD2A,
    0xF4E9, 0xEBE6, 0xEBE6, 0xF447, 0xD345, 0xDBA5, 0xF58E, 0xFE93,
    0xFE93, 0xFE72, 0xFE71, 0xF4E9, 0xEBC5, 0xE3A5, 0xE3C5, 0xDB44,
    0xD324, 0xCB04, 0xCAE3, 0xCAE3, 0xB262, 0xBA82, 0xCAE3, 0xC2A2,
    0xBAA3, 0xCAE3, 0xDB65, 0xD303, 0xCAE3, 0xCAE3, 0xC2A3, 0xB242,
    0xC2A3, 0xCAE3, 0xBA62, 0xD344, 0xF50B, 0xFE52, 0xFDF0, 0xFDEF,
    0xFE31, 0xFDEF, 0xFDCE, 0xFD8D, 0xF4A9, 0xE406, 0xDB44, 0xD323,
    0xBA82, 0xAA22, 0xBA82, 0xC2A3, 0xC2A3, 0xCAE3, 0xC282, 0xC282,
    0xF4A8, 0xFDCE, 0xFE31, 0xFE31, 0xFE11, 0xFE52, 0xFE52, 0xFE51,
    0xFE72, 0xFE31, 0xFE52, 0xFE31, 0xF5AF, 0xECCB, 0xED0C, 0xFE10,
    0xFE31, 0xFE10, 0xFE31, 0xFE31, 0xFE52, 0xFE52, 0xE448, 0xBA82,
    0xC2C3, 0xC2C3, 0xBAA3, 0xCAE3, 0xD304, 0xDB24, 0xCAE3, 0xC2C3,
    0xB262, 0xC2C3, 0xC2A3, 0xDB64, 0xEBC5, 0xDB44, 0xD303, 0xDB23,
    0xFCE9, 0xFE72, 0xFE51, 0xFED4, 0xFEB4, 0xFE73, 0xFE94, 0xFDAE,
    0xEC48, 0xEC48, 0xF468, 0xF426, 0xFDCE, 0xFF15, 0xCC8C, 0x8BCD,
    0x8BCD, 0x8BAC, 0x8B8C, 0x838C, 0x836B, 0x7B4B, 0x7B4B, 0x7B4B,
    0x7B2B, 0x7B2B, 0x7B2B, 0x7B2B, 0x732B, 0x730A, 0x6AEA, 0x6AC9,
    0x6AA9, 0x6A88, 0x6A88, 0x6AA8, 0x72A9, 0x72C9, 0x72E9, 0x7AE9,
    0x830A, 0x832A, 0x834B, 0x834B, 0x8B6B, 0x938C, 0x93AC, 0x93AC,
    0x9BCC, 0x9BCD, 0x9BCD, 0x9BED, 0x9BED, 0x9BED, 0x9BED, 0x9BED,
    0x9BCD, 0x9BCD, 0x9BCD, 0x9BCD, 0x93CD, 0x93AD, 0x938C, 0x8B6C,
    0x8B6C, 0x834B, 0x832B, 0x7B0A, 0x72CA, 0x6AA9, 0x6A68, 0x6248,
    0x5A28, 0x5208, 0x5208, 0x5208, 0x5228, 0x5249, 0x5A69, 0x628A,
    0x7246, 0x7246, 0x7246, 0x7266, 0x7267, 0x7267, 0x7247, 0x7247,
    0x7247, 0x7247, 0x7247, 0x7246, 0x6A46, 0x6A46, 0x6A46, 0x6A26,
    0x6A25, 0x6A25, 0x6A04, 0x7204, 0x7204, 0x7A24, 0x7A24, 0x7A24,
    0x8244, 0x8244, 0x8264, 0x8244, 0x8244, 0x8244, 0x8244, 0x8224,
    0x8223, 0x8223, 0x8243, 0x8244, 0x8A44, 0x8A64, 0x8A64, 0x8A64,
    0x9264, 0x9284, 0x9284, 0x9284, 0x9284, 0x9284, 0x92A5, 0x92A5,
    0x9AC5, 0x9AC6, 0x9B06, 0xAB47, 0xB3A8, 0xBC09, 0xCC4A, 0xD48B,
    0xD48B, 0xD48B, 0xCC8B, 0xCC8B, 0xFD6C, 0xFD4B, 0xFD4B, 0xFD0A,
    0xF488, 0xEC27, 0xF4A9, 0xEC06, 0xD344, 0xF4CB, 0xFE52, 0xFE72,
    0xFE93, 0xFE72, 0xFE71, 0xFD8C, 0xF405, 0xE384, 0xD324, 0xE364,
    0xCAE3, 0xC2C3, 0xCB03, 0xC2A3, 0xB262, 0xAA22, 0xB262, 0xAA22,
    0xAA22, 0xCB03, 0xCAC2, 0xCAC3, 0xBA82, 0xC2A2, 0xC2A3, 0xC2A2,
    0xCAC2, 0xC2A3, 0xBA82, 0xDBA5, 0xFD8D, 0xFDEF, 0xFDEF, 0xFE31,
    0xFE10, 0xFDAE, 0xFE0F, 0xFDEF, 0xF5AE, 0xFD8D, 0xEC27, 0xDB43,
    0xBA82, 0xB242, 0xC2A2, 0xBA82, 0xC2A2, 0xD303, 0xCA82, 0xDB85,
    0xFDCE, 0xFDCF, 0xFE73, 0xFE10, 0xFE10, 0xFE10, 0xFE73, 0xFE52,
    0xFE73, 0xF5CF, 0xE48A, 0xDC08, 0xDB85, 0xCB04, 0xD324, 0xECA9,
    0xFDF0, 0xFE51, 0xFE52, 0xFE51, 0xFE10, 0xFE31, 0xF50B, 0xCAC2,
    0xC2C3, 0xBAA3, 0xBA83, 0xD303, 0xDB64, 0xD303, 0xD324, 0xC2A3,
    0xB242, 0xC2C3, 0xCAC3, 0xC282, 0xDB44, 0xE384, 0xE384, 0xEC05,
    0xFD6B, 0xFE51, 0xFE51, 0xFE51, 0xFED5, 0xFE31, 0xECCB, 0xFD2C,
    0xEBE6, 0xEC07, 0xEC07, 0xF427, 0xFCC9, 0xFED4, 0xE50D, 0x8BAD,
    0x8BCD, 0x8BAC, 0x838C, 0x836C, 0x7B4B, 0x7B4B, 0x7B2B, 0x7B2A,
    0x730A, 0x730A, 0x730A, 0x730A, 0x730A, 0x6AEA, 0x6ACA, 0x6AC9,
    0x6AA9, 0x6A88, 0x6A88, 0x6A88, 0x6AA8, 0x72A9, 0x72C9, 0x7AE9,
    0x7B0A, 0x832A, 0x834B, 0x8B4B, 0x8B6B, 0x938C, 0x938C, 0x93AC,
    0x9BAC, 0x9BCD, 0x9BCD, 0x9BCD, 0x9BCD, 0x9BCD, 0x9BCD, 0x9BCD,
    0x9BCD, 0x9BCD, 0x93AD, 0x93AD, 0x93AC, 0x938C, 0x8B6C, 0x8B6C,
    0x834B, 0x832B, 0x7B0A, 0x7AEA, 0x72C9, 0x6A89, 0x6268, 0x5A48,
    0x5A28, 0x5228, 0x5228, 0x5228, 0x5228, 0x5A49, 0x5A69, 0x6289,
    0x7246, 0x7246, 0x7246, 0x7246, 0x7267, 0x7247, 0x7246, 0x7246,
    0x6A47, 0x6A47, 0x6A47, 0x6A47, 0x6A46, 0x6A46, 0x6A26, 0x6A25,
    0x6A25, 0x6A25, 0x6A25, 0x7224, 0x7224, 0x7A24, 0x7A24, 0x8244,
    0x8244, 0x8265, 0x8A64, 0x8A64, 0x8A64, 0x8244, 0x8244, 0x8244,
    0x8244, 0x8244, 0x8244, 0x8244, 0x8A64, 0x8A64, 0x8A64, 0x8A64,
    0x9264, 0x9284, 0x9284, 0x9284, 0x9284, 0x9284, 0x92A5, 0x9AC5,
    0x9AC5, 0x9AE6, 0xA306, 0xAB47, 0xB3A8, 0xC409, 0xCC6A, 0xD48B,
    0xD48B, 0xD48B, 0xCC6B, 0xE4EB, 0xFE0F, 0xFD4C, 0xFD8C, 0xF488,
    0xEC48, 0xF448, 0xEC48, 0xD304, 0xE3E6, 0xEC89, 0xFDAF, 0xFE93,
    0xFE72, 0xFE51, 0xFE92, 0xFDAC, 0xF405, 0xE384, 0xDB64, 0xDB44,
    0xC2A3, 0xD303, 0xD324, 0xCAC3, 0xD2E3, 0xBA62, 0xB262, 0xAA22,
    0xBAA3, 0xC2C3, 0xBA82, 0xB262, 0xB242, 0xC2C3, 0xC2C3, 0xBA82,
    0xC282, 0xC2A2, 0xE3C5, 0xF54C, 0xFDF0, 0xFE10, 0xFDCF, 0xFE30,
    0xFDCE, 0xFDCE, 0xFE10, 0xFE10, 0xFDF0, 0xFDF0, 0xF50B, 0xD343,
    0xBA62, 0xB262, 0xC2A2, 0xCAC3, 0xCAE3, 0xD323, 0xEC06, 0xFD6C,
    0xFDCE, 0xFDAE, 0xFE51, 0xFDEF, 0xFE10, 0xFE10, 0xFE10, 0xFE10,
    0xF56D, 0xE448, 0xDBA6, 0xCB03, 0xC282, 0xBA42, 0xD303, 0xEBE6,
    0xFD8E, 0xFE30, 0xFE31, 0xFE51, 0xFE31, 0xFE10, 0xFD8D, 0xEBE6,
    0xDB23, 0xCAE3, 0xC2A3, 0xC2A3, 0xCAE3, 0xD303, 0xC2C3, 0xCAE3,
    0xC282, 0xC2A3, 0xCB04, 0xC282, 0xCAA2, 0xDB23, 0xE363, 0xFCC8,
    0xFE2F, 0xFE51, 0xFE72, 0xFDEF, 0xFE72, 0xFE94, 0xF4EB, 0xE3C7,
    0xEC27, 0xF427, 0xF427, 0xF427, 0xFC47, 0xFDEF, 0xFE11, 0x9BAC,
    0x83AD, 0x8B8C, 0x838C, 0x836B, 0x7B4B, 0x7B2B, 0x7B0A, 0x730A,
    0x72EA, 0x72E9, 0x6AEA, 0x6AEA, 0x6ACA, 0x6ACA, 0x6AC9, 0x6AA9,
    0x6AA9, 0x6A88, 0x6A88, 0x6A88, 0x72A8, 0x72C9, 0x7AC9, 0x7B09,
    0x832A, 0x832A, 0x8B4B, 0x8B6B, 0x8B8B, 0x938C, 0x93AC, 0x93AC,
    0x9BAD, 0x9BCD, 0x9BCD, 0x9BCD, 0x9BCD, 0x9BED, 0x9BCD, 0x9BCD,
    0x9BCD, 0x9BCD, 0x93CD, 0x93AC, 0x93AC, 0x938C, 0x8B6C, 0x8B4B,
    0x834B, 0x832B, 0x7B0A, 0x7AEA, 0x72C9, 0x6A88, 0x6248, 0x5A48,
    0x5A48, 0x5A28, 0x5228, 0x5249, 0x5A49, 0x5A69, 0x6289, 0x6289,
    0x6A46, 0x6A46, 0x6A46, 0x6A46, 0x6A47, 0x6A47, 0x6A46, 0x6A47,
    0x6A46, 0x6A46, 0x6A46, 0x6A46, 0x6A46, 0x6A46, 0x6A26, 0x6A25,
    0x6A05, 0x6A25, 0x6A25, 0x7204, 0x7224, 0x7A24, 0x7A44, 0x8244,
    0x8264, 0x8265, 0x8A65, 0x8A64, 0x8A64, 0x8A44, 0x8244, 0x8244,
    0x8244, 0x8244, 0x8244, 0x8A64, 0x8A64, 0x8A64, 0x8A64, 0x8A64,
    0x9264, 0x9284, 0x9284, 0x9284, 0x9284, 0x9285, 0x92A5, 0x9AC5,
    0x9AC6, 0x9AE6, 0xA306, 0xAB47, 0xB3A8, 0xC409, 0xCC6A, 0xD48B,
    0xD48B, 0xD4AB, 0xCC6A, 0xED8E, 0xFE92, 0xFD2A, 0xFD0B, 0xFCC9,
    0xF488, 0xEC07, 0xDB65, 0xE3E7, 0xDBC6, 0xDC08, 0xFE72, 0xFE92,
    0xFE30, 0xFE72, 0xFE0F, 0xFDCD, 0xFCC8, 0xEBE5, 0xEBE6, 0xDB64,
    0xD303, 0xDB64, 0xCAE3, 0xD324, 0xD2E3, 0xBA62, 0xC2C3, 0xCAE4,
    0xC2C3, 0xC2A3, 0xCAE3, 0xBA82, 0xC2A2, 0xCAC3, 0xCB03, 0xBA82,
    0xD302, 0xE406, 0xFD8D, 0xFE30, 0xFE31, 0xFE10, 0xF58D, 0xFDEF,
    0xFDAE, 0xFDAE, 0xFDEF, 0xFDEF, 0xFDCF, 0xF5AE, 0xFDAE, 0xEC67,
    0xD302, 0xD2C2, 0xCAC2, 0xD323, 0xEC05, 0xF4E9, 0xFD6C, 0xFDEF,
    0xF58E, 0xFDF0, 0xFE31, 0xFDCF, 0xF58D, 0xFE31, 0xF5AF, 0xF58E,
    0xE427, 0xCAE2, 0xDB64, 0xD323, 0xC282, 0xBA62, 0xCAE3, 0xDB44,
    0xEC47, 0xFE10, 0xFE52, 0xFE51, 0xFE31, 0xFE11, 0xFE10, 0xFDAE,
    0xDB64, 0xC282, 0xC2A3, 0xC2C3, 0xC2C3, 0xD324, 0xC2C3, 0xC2C3,
    0xC2C3, 0xCAE3, 0xC2A3, 0xC2C3, 0xC2A3, 0xDB23, 0xEBE4, 0xFD29,
    0xFDEE, 0xFE72, 0xFEB4, 0xFE30, 0xFE52, 0xFE32, 0xECCB, 0xE3C6,
    0xE3E6, 0xE3A6, 0xEBE6, 0xF447, 0xF427, 0xFD4C, 0xFEB3, 0xBC2C,
    0x838C, 0x838C, 0x836C, 0x7B4B, 0x7B2B, 0x7B0A, 0x730A, 0x72EA,
    0x6AE9, 0x6AC9, 0x6AC9, 0x6AC9, 0x6AA9, 0x6AA9, 0x6AA9, 0x62A9,
    0x6A88, 0x6A88, 0x6A88, 0x6AA8, 0x72A9, 0x72C9, 0x7AE9, 0x830A,
    0x832A, 0x8B4B, 0x8B6B, 0x8B8B, 0x93AC, 0x93AC, 0x9BCC, 0x9BCD,
    0x9BCD, 0x9BED, 0x9BED, 0x9BED, 0x9BED, 0x9BED, 0x9BED, 0x9BCD,
    0x9BCD, 0x9BCD, 0x9BAD, 0x93AD, 0x93AC, 0x938C, 0x8B6C, 0x8B6C,
    0x834B, 0x834B, 0x7B0A, 0x7AEA, 0x72C9, 0x6A89, 0x6268, 0x6248,
    0x5A48, 0x5A48, 0x5A49, 0x5A49, 0x5A69, 0x5A89, 0x6289, 0x6289,
    0x6A46, 0x6A46, 0x6A46, 0x6A46, 0x6A46, 0x6A46, 0x6A46, 0x6A46,
    0x6A46, 0x6A26, 0x6A26, 0x6A26, 0x6A26, 0x6A26, 0x6A06, 0x6A05,
    0x6205, 0x6A05, 0x6A04, 0x7204, 0x7204, 0x7A24, 0x7A44, 0x8244,
    0x8265, 0x8A65, 0x8A65, 0x8A64, 0x8A64, 0x8A64, 0x8A44, 0x8A44,
    0x8A44, 0x8A44, 0x8A64, 0x8A64, 0x8A64, 0x8A64, 0x8A64, 0x9284,
    0x9284, 0x9284, 0x9284, 0x9284, 0x9284, 0x92A5, 0x9AA5, 0x9AC5,
    0x9AC6, 0x9AE6, 0xA306, 0xAB47, 0xB3A8, 0xC409, 0xCC6A, 0xD48B,
    0xD48B, 0xD48B, 0xD46A, 0xF673, 0xFDEE, 0xFD2A, 0xFD6C, 0xF4C9,
    0xF468, 0xE3A6, 0xDBC6, 0xDBA6, 0xD325, 0xECCB, 0xFE92, 0xFE51,
    0xFE31, 0xFE72, 0xFE30, 0xFE30, 0xFDCD, 0xFCC8, 0xE3A5, 0xDB44,
    0xDB65, 0xDB64, 0xCAE3, 0xCAE3, 0xB262, 0xBAA3, 0xCB04, 0xBAA3,
    0xC2A3, 0xC2A3, 0xC2A3, 0xBA83, 0xCAC3, 0xCAE3, 0xCAC3, 0xD2E2,
    0xEC67, 0xFDCE, 0xFE10, 0xFE30, 0xFDEF, 0xF56D, 0xFDAE, 0xFE10,
    0xF5CF, 0xFE10, 0xF5EF, 0xF5AE, 0xFDCF, 0xF5AE, 0xFD8D, 0xFD6C,
    0xF487, 0xEC47, 0xEC47, 0xEC47, 0xFDCD, 0xF58C, 0xF50B, 0xFE10,
    0xFDAE, 0xFE10, 0xFE31, 0xFDF0, 0xFDCF, 0xFDCF, 0xECEB, 0xDBC6,
    0xE3A5, 0xC282, 0xD303, 0xD303, 0xD2C2, 0xC2A2, 0xC2A3, 0xD303,
    0xD303, 0xEC47, 0xFE51, 0xFE31, 0xFE11, 0xFE11, 0xFE31, 0xFE31,
    0xECAA, 0xBA62, 0xBA62, 0xB282, 0xBA82, 0xCAE3, 0xCB04, 0xC2C3,
    0xCAE3, 0xD324, 0xD344, 0xD303, 0xD343, 0xEBE5, 0xFD6B, 0xFE30,
    0xFE0F, 0xFE0F, 0xFE93, 0xFE73, 0xFE72, 0xED2D, 0xD365, 0xD344,
    0xE3C6, 0xE3C6, 0xE365, 0xF427, 0xF406, 0xFCA9, 0xFE91, 0xCC8C,
    0x7B4C, 0x836C, 0x7B4B, 0x7B4B, 0x7B2A, 0x730A, 0x72EA, 0x72E9,
    0x6AC9, 0x6AA9, 0x6AA9, 0x62A9, 0x6288, 0x62A9, 0x6289, 0x6288,
    0x6288, 0x6A88, 0x6A88, 0x6A88, 0x72C9, 0x7AC9, 0x7AE9, 0x832A,
    0x8B4B, 0x8B6B, 0x938C, 0x93AC, 0x93AC, 0x9BCD, 0x9BCD, 0x9BED,
    0xA3ED, 0xA40D, 0xA40D, 0xA40E, 0xA40E, 0xA40E, 0xA3ED, 0x9BED,
    0x9BED, 0x9BED, 0x9BCD, 0x9BCD, 0x9BCD, 0x93AD, 0x938C, 0x8B8C,
    0x8B6C, 0x834B, 0x832B, 0x7B0A, 0x72EA, 0x6AA9, 0x6A89, 0x6268,
    0x6248, 0x5A48, 0x5A69, 0x5A69, 0x5A69, 0x628A, 0x628A, 0x6289,
    0x6226, 0x6226, 0x6226, 0x6226, 0x6226, 0x6226, 0x6226, 0x6226,
    0x6226, 0x6226, 0x6226, 0x6226, 0x6206, 0x6206, 0x6205, 0x61E5,
    0x61E5, 0x61E4, 0x69E4, 0x69E4, 0x71E4, 0x7204, 0x7A24, 0x8244,
    0x8244, 0x8A64, 0x8A65, 0x8A65, 0x8A65, 0x8A64, 0x8A64, 0x8A44,
    0x8A44, 0x8A64, 0x8A64, 0x8A64, 0x8A64, 0x8A64, 0x8A64, 0x9284,
    0x9284, 0x9284, 0x9284, 0x9284, 0x92A4, 0x92A5, 0x9AA5, 0x9AC5,
    0x9AC5, 0x9AE6, 0xA306, 0xAB47, 0xB3A8, 0xC409, 0xCC4A, 0xD48A,
    0xD48B, 0xCC8A, 0xDCED, 0xFF37, 0xFDAD, 0xFD8C, 0xFCC9, 0xF4C9,
    0xE3E6, 0xE3A5, 0xDB85, 0xD324, 0xDB86, 0xF5AE, 0xFEB3, 0xFE72,
    0xFE93, 0xFE71, 0xFE51, 0xFE51, 0xFE10, 0xFD6C, 0xEBC5, 0xDB64,
    0xDB64, 0xCAC2, 0xBA82, 0xB262, 0xAA22, 0xCB03, 0xCAE3, 0xCAE3,
    0xD303, 0xB262, 0xB262, 0xAA42, 0xC2A3, 0xCAC2, 0xCAE3, 0xE3A4,
    0xFD8D, 0xFDCE, 0xFDEF, 0xFDCE, 0xFDAE, 0xF58D, 0xFDEF, 0xFE10,
    0xFE10, 0xFDEF, 0xFDEF, 0xFE10, 0xFDEF, 0xFE10, 0xFDF0, 0xFDEF,
    0xFDAD, 0xFE0F, 0xFDCD, 0xFDAD, 0xFE0F, 0xF54C, 0xF58D, 0xFDEF,
    0xFDCE, 0xFE10, 0xFE10, 0xFDCF, 0xF5CF, 0xF50B, 0xDBC6, 0xCB03,
    0xD303, 0xBA41, 0xD2E3, 0xDB03, 0xCAA2, 0xD2E3, 0xCAC3, 0xCAE3,
    0xC2C3, 0xDB43, 0xFDAE, 0xFE52, 0xFE31, 0xFE31, 0xFE31, 0xFE31,
    0xFD2C, 0xCAE3, 0xBA62, 0xBAA3, 0xC2C3, 0xCAE3, 0xCAE3, 0xCAE3,
    0xC2C3, 0xDB44, 0xDB64, 0xE384, 0xF405, 0xFD2A, 0xFE30, 0xFE93,
    0xFEB4, 0xFE72, 0xFE31, 0xFE73, 0xF5CF, 0xE407, 0xD324, 0xD324,
    0xDB65, 0xEBE6, 0xE3A5, 0xEBC6, 0xFC88, 0xFC88, 0xFDCD, 0xE52D,
    0x834B, 0x7B6B, 0x7B4B, 0x7B2B, 0x730A, 0x72EA, 0x72EA, 0x6AC9,
    0x6AC9, 0x6AA9, 0x62A9, 0x6288, 0x6288, 0x6288, 0x6288, 0x6288,
    0x6288, 0x6288, 0x6A88, 0x6AA8, 0x72C9, 0x7AE9, 0x7B0A, 0x832A,
    0x8B4B, 0x8B6B, 0x938C, 0x93AC, 0x9BCC, 0x9BCD, 0x9BED, 0xA3ED,
    0xA40D, 0xA40E, 0xA40E, 0xA40E, 0xA40E, 0xA40E, 0xA40E, 0xA40E,
    0x9BEE, 0x9BEE, 0x9BEE, 0x9BCD, 0x9BCD, 0x93AD, 0x93AD, 0x938C,
    0x8B6C, 0x8B4B, 0x834B, 0x7B0B, 0x72EA, 0x72CA, 0x6A89, 0x6289,
    0x6269, 0x5A69, 0x6269, 0x628A, 0x628A, 0x6AAA, 0x62AA, 0x628A,
    0x6206, 0x6206, 0x6206, 0x6206, 0x6206, 0x6206, 0x6206, 0x6206,
    0x6206, 0x6206, 0x6206, 0x6206, 0x6206, 0x6206, 0x61E5, 0x61E5,
    0x61E5, 0x61E5, 0x69E4, 0x69E4, 0x71E4, 0x7204, 0x7A25, 0x7A45,
    0x8265, 0x8265, 0x8A85, 0x8A85, 0x8A85, 0x8A65, 0x8A64, 0x8A64,
    0x8A64, 0x8A64, 0x8A64, 0x8A64, 0x8A64, 0x9264, 0x9284, 0x9284,
    0x9284, 0x9284, 0x9284, 0x92A4, 0x92A4, 0x9AA5, 0x9AA5, 0x9AC5,
    0x9AC5, 0x9AE6, 0xA306, 0xAB47, 0xB3A8, 0xC409, 0xCC4A, 0xD48A,
    0xD4AB, 0xCC6A, 0xE590, 0xFF78, 0xFD6B, 0xFCC9, 0xF4A9, 0xFD2B,
    0xEC07, 0xE3A5, 0xE3C6, 0xDB65, 0xF52C, 0xFE72, 0xFE72, 0xFE93,
    0xFE72, 0xFE51, 0xFE30, 0xFE30, 0xFE31, 0xFDCE, 0xF4C9, 0xEC26,
    0xE385, 0xE385, 0xBA82, 0xB242, 0xC2C3, 0xD324, 0xCAC3, 0xC2A3,
    0xAA22, 0xB262, 0x99E1, 0xAA42, 0xC2C2, 0xD323, 0xD344, 0xE427,
    0xFDEF, 0xFDCE, 0xFDCE, 0xFDCF, 0xFDEF, 0xFDAE, 0xFE10, 0xFE10,
    0xFE31, 0xFE30, 0xFE10, 0xFE10, 0xFDEF, 0xFE31, 0xFE30, 0xFE31,
    0xFDEF, 0xFE30, 0xFE0F, 0xF5AD, 0xFDEF, 0xFDCE, 0xFDEF, 0xFDCF,
    0xF5AE, 0xFE10, 0xF54D, 0xEC89, 0xEC89, 0xDBA6, 0xCAE3, 0xC2A3,
    0xBA62, 0xB241, 0xC2A2, 0xD303, 0xBA82, 0xCAC3, 0xD303, 0xD324,
    0xD324, 0xD303, 0xF4A9, 0xFE30, 0xFE11, 0xFE10, 0xFE10, 0xFE52,
    0xFDAE, 0xDB85, 0xD303, 0xC2C3, 0xBA82, 0xCAC3, 0xC2A3, 0xCAE3,
    0xC282, 0xCAC2, 0xE3A4, 0xF4E9, 0xFD2A, 0xFD8D, 0xFE72, 0xFEB5,
    0xFE73, 0xFE93, 0xFE93, 0xFED5, 0xF611, 0xDBA5, 0xDB85, 0xE3A5,
    0xE3C6, 0xE3C6, 0xEC07, 0xEBE6, 0xF468, 0xFC68, 0xFD6C, 0xFDEF,
    0x936A, 0x7B4B, 0x7B2B, 0x7B2A, 0x730A, 0x72EA, 0x6AC9, 0x6AC9,
    0x6AA9, 0x62A9, 0x6288, 0x6288, 0x6288, 0x6288, 0x6268, 0x6268,
    0x6268, 0x6288, 0x6A88, 0x6AA8, 0x72C9, 0x7AE9, 0x7B0A, 0x832A,
    0x8B4B, 0x8B6B, 0x93AC, 0x93CC, 0x9BCD, 0x9BED, 0xA3ED, 0xA40D,
    0xA40E, 0xA40E, 0xA40E, 0xA40E, 0xA40E, 0xA42E, 0xA40E, 0xA40E,
    0xA40E, 0xA40E, 0xA3EE, 0x9BED, 0x9BCD, 0x93AD, 0x93AD, 0x93AD,
    0x8B8C, 0x8B6C, 0x834B, 0x7B2B, 0x7AEA, 0x72CA, 0x6AA9, 0x6A89,
    0x6289, 0x6269, 0x6289, 0x628A, 0x62AA, 0x6ACA, 0x6ACA, 0x628A,
    0x5A07, 0x5A07, 0x5A07, 0x5A06, 0x5A06, 0x5A06, 0x5A06, 0x5A06,
    0x5A07, 0x6207, 0x6227, 0x6227, 0x6227, 0x6227, 0x6226, 0x6206,
    0x6206, 0x6206, 0x6A26, 0x6A26, 0x7226, 0x7246, 0x7A46, 0x7A66,
    0x8287, 0x8287, 0x8AA7, 0x8AA6, 0x8A86, 0x8A85, 0x8A65, 0x8A64,
    0x8A64, 0x8A64, 0x8A64, 0x8A64, 0x8A64, 0x9284, 0x9284, 0x9284,
    0x9284, 0x9284, 0x9284, 0x92A4, 0x9AA4, 0x9AA5, 0x9AA5, 0x9AC5,
    0x9AC5, 0x9AE6, 0xA306, 0xAB67, 0xB3A8, 0xC409, 0xCC4A, 0xD48A,
    0xD48B, 0xD46A, 0xEE12, 0xFF15, 0xFCA8, 0xFCA8, 0xFD4B, 0xF488,
    0xEC27, 0xF468, 0xDBA5, 0xEC27, 0xFE30, 0xFE52, 0xFE51, 0xFE93,
    0xFE72, 0xFE51, 0xFE31, 0xFE72, 0xFE51, 0xFDCE, 0xFDCD, 0xF54B,
    0xFD8D, 0xFD4B, 0xE3A5, 0xD323, 0xDB24, 0xBA62, 0xAA22, 0xAA21,
    0xA1E1, 0xAA22, 0xA201, 0xBA82, 0xC2C3, 0xCB04, 0xCB03, 0xECA9,
    0xFE0F, 0xFDCF, 0xFDCE, 0xFE30, 0xFE0F, 0xFE10, 0xFE10, 0xFE31,
    0xFE10, 0xFDCE, 0xFE51, 0xFE10, 0xFE31, 0xFE51, 0xFE10, 0xFE30,
    0xFDEF, 0xFE0F, 0xFDCE, 0xFDCF, 0xFE10, 0xFE30, 0xFE10, 0xFE10,
    0xFE10, 0xFDAE, 0xD385, 0xBA82, 0xDB44, 0xDB44, 0xC2A3, 0xBA62,
    0xCAA2, 0xBA62, 0xAA22, 0xCB24, 0xCB04, 0xC2A2, 0xD303, 0xD303,
    0xD303, 0xDB65, 0xDB64, 0xF52B, 0xFE11, 0xFDF0, 0xFE10, 0xFE31,
    0xFE52, 0xF4EB, 0xDB65, 0xCAE3, 0xC2A3, 0xC282, 0xB222, 0xC2A2,
    0xE407, 0xE406, 0xF4C9, 0xFDCE, 0xFD8C, 0xFDAD, 0xFDCE, 0xFEB4,
    0xFE94, 0xFE52, 0xFE51, 0xFED5, 0xF631, 0xE427, 0xEBC6, 0xE3C6,
    0xEBE6, 0xEBE6, 0xEC07, 0xF427, 0xF447, 0xF467, 0xFCC9, 0xFE51,
    0x9BAB, 0x7B4B, 0x7B2B, 0x730A, 0x730A, 0x72E9, 0x6AC9, 0x6AC9,
    0x6AA9, 0x62A8, 0x6288, 0x6288, 0x6268, 0x6268, 0x5A68, 0x6268,
    0x6268, 0x6268, 0x6A88, 0x6AA8, 0x72C9, 0x7AE9, 0x832A, 0x834B,
    0x8B6B, 0x938B, 0x93AC, 0x9BCD, 0x9BCD, 0xA3ED, 0xA40D, 0xA40E,
    0xA42E, 0xA42E, 0xA42E, 0xA40E, 0xA40E, 0xA40E, 0xA40E, 0xA40E,
    0xA40E, 0xA40E, 0xA40E, 0x9BEE, 0x9BEE, 0x9BCD, 0x93CD, 0x93AD,
    0x8B8C, 0x8B8C, 0x834C, 0x832B, 0x7AEA, 0x72CA, 0x6AA9, 0x6289,
    0x6289, 0x6269, 0x5A8A, 0x628A, 0x62AA, 0x6ACA, 0x6ACA, 0x6289,
    0x5A28, 0x5A28, 0x5A28, 0x5A28, 0x5A28, 0x5A27, 0x5A27, 0x6227,
    0x6227, 0x6228, 0x6248, 0x6248, 0x6268, 0x6268, 0x6A48, 0x6A48,
    0x6A48, 0x6A48, 0x6A48, 0x7268, 0x7267, 0x7268, 0x7A88, 0x7A88,
    0x82A8, 0x82A8, 0x8AC8, 0x8AA7, 0x8AA7, 0x8A86, 0x8A85, 0x8A64,
    0x8A64, 0x8A64, 0x8A64, 0x8A64, 0x8A64, 0x9284, 0x9284, 0x9284,
    0x9284, 0x9284, 0x92A4, 0x9AA4, 0x9AA5, 0x9AA5, 0x9AA5, 0x9AC5,
    0x9AE5, 0x9AE6, 0xA326, 0xAB67, 0xBBA8, 0xC409, 0xCC4A, 0xD48A,
    0xD48B, 0xD48A, 0xFE52, 0xFE93, 0xFCE9, 0xFCE9, 0xF468, 0xE3E6,
    0xE407, 0xDB65, 0xE3E7, 0xFE10, 0xFE72, 0xFE72, 0xFE51, 0xFE51,
    0xFE51, 0xFE30, 0xFE31, 0xFE72, 0xFE51, 0xFE10, 0xFE30, 0xFE30,
    0xFE51, 0xFDEE, 0xFD6B, 0xEC06, 0xD323, 0xBA82, 0xC2C3, 0xB262,
    0xBA62, 0xB222, 0xBA62, 0xC2A3, 0xCAE3, 0xC2E3, 0xCB03, 0xFD8D,
    0xFE51, 0xFDEF, 0xFDEF, 0xFE10, 0xFDEF, 0xFE31, 0xFDCF, 0xFE10,
    0xF56E, 0xF56E, 0xFE30, 0xFE10, 0xFE51, 0xFDCE, 0xFDEF, 0xFDEF,
    0xFE10, 0xFDCE, 0xFDAD, 0xFD4B, 0xFDEF, 0xFE51, 0xFE30, 0xFE10,
    0xFE0F, 0xECC9, 0xD2E3, 0xC2C3, 0xCAC3, 0xCAE3, 0xC2A2, 0xBA82,
    0xC2A2, 0xC2A2, 0xB221, 0xC2C3, 0xCB04, 0xD324, 0xD303, 0xCAA2,
    0xBA62, 0xC2A3, 0xD303, 0xDB43, 0xFD6D, 0xFE73, 0xFE73, 0xFE31,
    0xFE10, 0xFDEF, 0xEC89, 0xD323, 0xD323, 0xCB03, 0xCAC2, 0xE426,
    0xFDAD, 0xFDAD, 0xFD8C, 0xFE30, 0xFE30, 0xFE0F, 0xFDCE, 0xFE72,
    0xFE73, 0xFE52, 0xFE52, 0xFE72, 0xFDEF, 0xDBC6, 0xD324, 0xDB65,
    0xEBC6, 0xE385, 0xE3A5, 0xEC07, 0xF447, 0xFC88, 0xFC87, 0xFE92,
    0xB4AF, 0x7B2A, 0x7B2B, 0x730A, 0x730A, 0x72E9, 0x6AC9, 0x6AA9,
    0x6AA8, 0x6288, 0x6288, 0x6268, 0x6267, 0x5A68, 0x5A68, 0x5A68,
    0x6268, 0x6268, 0x6288, 0x6A88, 0x72C9, 0x7AE9, 0x832A, 0x834B,
    0x8B6B, 0x938C, 0x93AC, 0x9BCD, 0x9BED, 0xA3ED, 0xA40E, 0xA42E,
    0xA42E, 0xA42E, 0xA42E, 0xA42E, 0xA42E, 0xA40E, 0xA40E, 0xA40E,
    0xA40E, 0xA40E, 0x9C0E, 0x9BEE, 0x9BEE, 0x9BCD, 0x9BCD, 0x93AD,
    0x93AD, 0x8B8C, 0x834C, 0x832B, 0x7AEA, 0x72CA, 0x6A89, 0x6289,
    0x6289, 0x5A69, 0x5A69, 0x5A6A, 0x628A, 0x6AAA, 0x62AA, 0x6289,
    0x5A48, 0x5A48, 0x5A49, 0x6249, 0x6269, 0x6269, 0x6269, 0x6269,
    0x6269, 0x6A69, 0x6A69, 0x6A89, 0x6A89, 0x6A89, 0x6A89, 0x6A89,
    0x6A89, 0x6A89, 0x7289, 0x7289, 0x72A9, 0x7AA9, 0x7AC9, 0x82CA,
    0x82C9, 0x82C9, 0x82E9, 0x8AC8, 0x8AC8, 0x8AA7, 0x8A86, 0x8A85,
    0x8A64, 0x8A64, 0x8A64, 0x8A64, 0x9284, 0x9284, 0x9284, 0x9284,
    0x9285, 0x9285, 0x92A4, 0x9AA5, 0x9AA5, 0x9AA5, 0x9AC5, 0x9AC5,
    0x9AE5, 0xA2E6, 0xA326, 0xAB67, 0xBBA8, 0xC409, 0xCC4A, 0xD48A,
    0xD48B, 0xDC8A, 0xFE31, 0xFED4, 0xFD4B, 0xFCE9, 0xE407, 0xDB86,
    0xDB85, 0xDB85, 0xFE10, 0xFE51, 0xFE93, 0xFE31, 0xFE51, 0xFE92,
    0xFE51, 0xFDEF, 0xFE51, 0xFE10, 0xFE31, 0xFE51, 0xFE30, 0xFE51,
    0xFE30, 0xFD8C, 0xFD8C, 0xF52B, 0xDB23, 0xDB23, 0xD324, 0xBA82,
    0xB221, 0xA1C1, 0xBA62, 0xBA82, 0xC2A2, 0xD303, 0xEC27, 0xFE92,
    0xFE31, 0xFDEF, 0xFE0F, 0xFDEF, 0xFE51, 0xFE31, 0xFDAE, 0xF56E,
    0xDC08, 0xED2C, 0xF56D, 0xF5CF, 0xFDEF, 0xFDAD, 0xFDEF, 0xFDEF,
    0xFE10, 0xFDEF, 0xFDCE, 0xFDAE, 0xFDEE, 0xFE30, 0xFE30, 0xFDAD,
    0xF4E9, 0xDBA5, 0xCAC3, 0xCAE3, 0xC282, 0xCAA2, 0xA1E1, 0xBA62,
    0xC2A2, 0xCAC3, 0xCAA2, 0xD324, 0xCB24, 0xD303, 0xD303, 0xCAA2,
    0xC2A3, 0xCB04, 0xD324, 0xD303, 0xEC27, 0xFE10, 0xFE72, 0xFE0F,
    0xFDEF, 0xFDEF, 0xFDAE, 0xF488, 0xEC87, 0xF52A, 0xF4A8, 0xF54B,
    0xFDCE, 0xFE30, 0xFDEF, 0xFE51, 0xFE31, 0xFE52, 0xFE10, 0xFE10,
    0xFE73, 0xFE73, 0xFE73, 0xFE10, 0xFDCE, 0xDC28, 0xC2A3, 0xD304,
    0xDB44, 0xEC06, 0xEBC6, 0xEC06, 0xEBE6, 0xF467, 0xFC67, 0xFE30,
    0xD5B2, 0x7B0A, 0x7B2B, 0x730A, 0x730A, 0x6AE9, 0x6AC9, 0x6AA9,
    0x6288, 0x6288, 0x6268, 0x6268, 0x5A47, 0x5A47, 0x5A47, 0x5A47,
    0x5A47, 0x6268, 0x6268, 0x6A88, 0x72C9, 0x7AE9, 0x7B0A, 0x834B,
    0x8B6B, 0x938C, 0x93AC, 0x9BCD, 0x9BED, 0xA3ED, 0xA40D, 0xA42E,
    0xA42E, 0xA42E, 0xA42E, 0xA42E, 0xA42E, 0xA40E, 0xA40E, 0xA40E,
    0xA40E, 0xA40E, 0xA40E, 0x9C0E, 0x9BEE, 0x9BED, 0x9BCD, 0x93AD,
    0x938C, 0x8B6C, 0x834B, 0x832B, 0x7AEA, 0x72CA, 0x6A89, 0x6289,
    0x5A69, 0x5A69, 0x5A49, 0x5A69, 0x5A8A, 0x628A, 0x6289, 0x5A69,
    0x5A49, 0x5A69, 0x6269, 0x628A, 0x628A, 0x6AAA, 0x6AAA, 0x6AAA,
    0x6AAA, 0x72AA, 0x72AA, 0x72AA, 0x72AA, 0x72AA, 0x72AA, 0x72AA,
    0x72AA, 0x72CA, 0x72CA, 0x7ACA, 0x7ACA, 0x7AEB, 0x7AEB, 0x7AEB,
    0x82EB, 0x82EA, 0x82EA, 0x82E9, 0x82C9, 0x8AA8, 0x8A87, 0x8A85,
    0x8A64, 0x8A64, 0x8A64, 0x8A64, 0x8A64, 0x9284, 0x9284, 0x9284,
    0x9285, 0x9284, 0x92A5, 0x9AA5, 0x9AA5, 0x9AA5, 0x9AC5, 0x9AC5,
    0x9AE5, 0xA2E6, 0xA326, 0xB367, 0xBBA8, 0xC409, 0xCC6A, 0xD48A,
    0xD48B, 0xE4CA, 0xFE51, 0xFF37, 0xFDAD, 0xFD2A, 0xDBA6, 0xDBA6,
    0xEC48, 0xFDF0, 0xFE71, 0xFE71, 0xFE51, 0xFE51, 0xFE92, 0xFDAE,
    0xECA9, 0xFE10, 0xFE31, 0xFDCF, 0xFE52, 0xFE31, 0xFE52, 0xFE51,
    0xFDAD, 0xFD6C, 0xFDEE, 0xFDAD, 0xF4C9, 0xF446, 0xDB84, 0xBA82,
    0xA1C1, 0xA1C1, 0xBA82, 0xC2C2, 0xD323, 0xF488, 0xFE0F, 0xFE93,
    0xFE51, 0xFE30, 0xFDEE, 0xFE30, 0xFE51, 0xFDCE, 0xECAA, 0xE448,
    0xC2A2, 0xCB25, 0xE448, 0xF58E, 0xFDEF, 0xFE31, 0xFE30, 0xFE10,
    0xFDEF, 0xFE30, 0xFDEF, 0xFDCE, 0xFDCE, 0xFE10, 0xFE10, 0xF54C,
    0xE3A5, 0xC2A3, 0xBA83, 0xC2A2, 0xB242, 0xC2A2, 0xBA62, 0xBAA2,
    0xCAE3, 0xCAC3, 0xCAA2, 0xBA82, 0xC2E4, 0xC2C3, 0xD303, 0xD303,
    0xCAE3, 0xDB44, 0xDB44, 0xDB44, 0xE3C5, 0xFDAE, 0xFE71, 0xFE0F,
    0xFE31, 0xFE31, 0xFE31, 0xFDCE, 0xFDAE, 0xFDCE, 0xFD4A, 0xF56C,
    0xFDAD, 0xFE31, 0xFDEF, 0xFE31, 0xFE52, 0xFE31, 0xFE31, 0xFE10,
    0xFE73, 0xFE93, 0xFED5, 0xFE72, 0xFDAE, 0xECCA, 0xDBA6, 0xDB85,
    0xDB85, 0xE3C6, 0xF427, 0xF406, 0xEBE6, 0xEC06, 0xFC87, 0xFE0F,
    0xEE12, 0x7B0A, 0x730A, 0x730A, 0x72EA, 0x6AE9, 0x6AC9, 0x62A9,
    0x6288, 0x6288, 0x6268, 0x5A68, 0x5A47, 0x5A47, 0x5A27, 0x5A27,
    0x5A47, 0x5A47, 0x6268, 0x6A88, 0x6AA8, 0x72E9, 0x7B0A, 0x832A,
    0x8B4B, 0x938C, 0x93AC, 0x9BCD, 0x9BED, 0xA3ED, 0xA40E, 0xA40E,
    0xA42E, 0xA42E, 0xA40E, 0xA42E, 0xA42E, 0xA42E, 0xA40E, 0xA40E,
    0xA40E, 0xA40E, 0xA40E, 0xA40E, 0x9BEE, 0x9BCD, 0x9BCD, 0x93AD,
    0x8B8C, 0x8B6C, 0x834B, 0x7B2B, 0x7AEA, 0x72C9, 0x6289, 0x6269,
    0x5A69, 0x5A49, 0x5249, 0x5249, 0x5A69, 0x5A69, 0x5A69, 0x5A48,
    0x5A6A, 0x5A69, 0x5A6A, 0x628A, 0x6AAB, 0x6ACB, 0x6ACB, 0x72CB,
    0x72CB, 0x72CB, 0x72CB, 0x72CB, 0x72CB, 0x72CB, 0x72CB, 0x72EB,
    0x7AEB, 0x7AEB, 0x7AEB, 0x7AEC, 0x7B0C, 0x7B0C, 0x7B0C, 0x7B0C,
    0x830C, 0x830B, 0x830B, 0x82EA, 0x82C9, 0x82C8, 0x8287, 0x8A86,
    0x8A65, 0x8A64, 0x8A64, 0x8A64, 0x8A64, 0x9284, 0x9284, 0x9284,
    0x9284, 0x9285, 0x9AA5, 0x9AA5, 0x9AA5, 0x9AA5, 0x9AC5, 0x9AC5,
    0xA2E6, 0xA306, 0xAB26, 0xB367, 0xBBC8, 0xC409, 0xD46A, 0xD48A,
    0xD48B, 0xE4CA, 0xFEB4, 0xFF16, 0xFDAC, 0xF50B, 0xE3E7, 0xF468,
    0xECAA, 0xFE71, 0xFE30, 0xFE72, 0xFE31, 0xFE51, 0xF50B, 0xDB65,
    0xDBE6, 0xF54C, 0xECAA, 0xF58E, 0xF5CF, 0xFDEF, 0xFDEF, 0xFDAD,
    0xFDAD, 0xFDEE, 0xFE30, 0xFDEE, 0xFDCE, 0xFD4B, 0xEC26, 0xCAE2,
    0xB221, 0xC282, 0xCAC2, 0xDB64, 0xFD2A, 0xFDEE, 0xFE51, 0xFE52,
    0xFE30, 0xFDEE, 0xFDAD, 0xFE30, 0xFE30, 0xE469, 0xCAE3, 0xD344,
    0xBA82, 0xC2A2, 0xDB85, 0xE469, 0xF56D, 0xFDEF, 0xFE31, 0xFDEF,
    0xFE10, 0xFDCF, 0xFDAD, 0xFDAE, 0xFDEF, 0xFE10, 0xFE0F, 0xECCA,
    0xD303, 0xB262, 0xB262, 0xC2A3, 0xB262, 0xBA82, 0xC2C3, 0xC2C3,
    0xBA82, 0xCAC3, 0xCAA2, 0xBA82, 0xB2A3, 0xBAA3, 0xBA82, 0xCAE3,
    0xCAE3, 0xDB44, 0xDB85, 0xCB03, 0xD2E2, 0xECA9, 0xFE51, 0xFD8D,
    0xFE30, 0xFE52, 0xFE51, 0xFE0F, 0xFDEF, 0xFDEF, 0xFDCD, 0xFDAD,
    0xFDCE, 0xFDCE, 0xFDCE, 0xFD8E, 0xFDF0, 0xFDCF, 0xF5AF, 0xF54C,
    0xFDEF, 0xFE93, 0xFE72, 0xFE72, 0xF54D, 0xE407, 0xEC28, 0xDB65,
    0xE3E6, 0xE3C6, 0xEBC6, 0xE3A5, 0xF447, 0xF447, 0xFC67, 0xFE10,
    0xFE52, 0x936A, 0x6AEA, 0x730A, 0x72EA, 0x6AC9, 0x6AA9, 0x6288,
    0x6288, 0x6268, 0x6268, 0x5A47, 0x5A47, 0x5227, 0x5227, 0x5227,
    0x5227, 0x5A47, 0x6247, 0x6268, 0x6AA8, 0x72C9, 0x7B0A, 0x832A,
    0x8B4B, 0x938C, 0x93AC, 0x9BCC, 0x9BED, 0xA3ED, 0xA40E, 0xA40E,
    0xA42E, 0xA42E, 0xA42E, 0xA42E, 0xA42E, 0xA42E, 0xA40E, 0xA40E,
    0xA40E, 0xA40E, 0xA40E, 0xA40E, 0x9BEE, 0x9BCD, 0x9BCD, 0x93AD,
    0x8B8C, 0x8B6C, 0x834B, 0x7B2B, 0x7AEA, 0x6ACA, 0x6289, 0x5A68,
    0x5A48, 0x5228, 0x5228, 0x5228, 0x5249, 0x5A49, 0x5249, 0x5228,
    0x6ACC, 0x6AEC, 0x6AEC, 0x730C, 0x7B2D, 0x7B4D, 0x7B4D, 0x7B4D,
    0x7B2D, 0x7B2D, 0x7B2C, 0x7B0C, 0x7AEC, 0x7AEC, 0x7AEC, 0x7B0C,
    0x7B0C, 0x7B0C, 0x7B0D, 0x7B2D, 0x7B2D, 0x7B2D, 0x7B2D, 0x7B0D,
    0x7B2C, 0x832C, 0x830C, 0x830B, 0x82EA, 0x82C9, 0x82A7, 0x8286,
    0x8265, 0x8A44, 0x8A44, 0x8A64, 0x8A64, 0x9284, 0x9284, 0x9284,
    0x9284, 0x9284, 0x9AA4, 0x9AA5, 0x9AA5, 0x9AC5, 0x9AC5, 0xA2E5,
    0xA2E6, 0xA306, 0xAB26, 0xB367, 0xBBC8, 0xC429, 0xD46A, 0xD4AB,
    0xD48B, 0xF52B, 0xFEF5, 0xFEB4, 0xFE72, 0xFCC9, 0xEC48, 0xE3A5,
    0xED2C, 0xFE51, 0xFE31, 0xFE72, 0xFDEF, 0xFDCE, 0xE3C5, 0xCB04,
    0xDBC6, 0xDBC6, 0xE48A, 0xE469, 0xECAA, 0xFDAD, 0xFDCE, 0xFE0F,
    0xFE0F, 0xFE30, 0xFE0F, 0xFDEE, 0xFDEE, 0xFDAD, 0xF4C8, 0xEC06,
    0xE3A4, 0xEC26, 0xF488, 0xF52A, 0xFD8D, 0xFDCE, 0xFE10, 0xFDEF,
    0xFDEE, 0xF58C, 0xFDCE, 0xFE30, 0xECAA, 0xC2A3, 0xB221, 0xC2A2,
    0xB222, 0xC2A2, 0xCAE3, 0xD324, 0xE384, 0xF54C, 0xFDEF, 0xFDAE,
    0xFDF0, 0xFDAD, 0xFDAD, 0xFDCF, 0xFE10, 0xFE10, 0xFE10, 0xE427,
    0xCAC2, 0xBA62, 0xBA83, 0xC2C3, 0xC2C3, 0xC2A3, 0xCAC3, 0xCAE3,
    0xCAC3, 0xCAE3, 0xB262, 0xCAC3, 0xBA83, 0xBAA3, 0xBA83, 0xBAA3,
    0xCAE3, 0xCAC3, 0xCAE3, 0xBAA2, 0xC2A2, 0xEC07, 0xFE30, 0xFE30,
    0xFE30, 0xFE30, 0xFDEF, 0xFDCE, 0xFE30, 0xFDEF, 0xFE0F, 0xFDCE,
    0xFDEF, 0xFDAE, 0xFDEF, 0xECEB, 0xE448, 0xF4EA, 0xE428, 0xE3C6,
    0xFD8D, 0xFEB4, 0xFE52, 0xFE51, 0xF52B, 0xDB65, 0xE3C6, 0xDB65,
    0xDB44, 0xE3A5, 0xEBE6, 0xEBC6, 0xF406, 0xF468, 0xFC67, 0xFDCE,
    0xFE10, 0x8B29, 0x6AEA, 0x72EA, 0x6AEA, 0x6AC9, 0x6AA9, 0x6288,
    0x6288, 0x6268, 0x5A68, 0x5A47, 0x5A47, 0x5227, 0x5206, 0x5206,
    0x5206, 0x5227, 0x5A47, 0x6267, 0x6A88, 0x72C9, 0x7B0A, 0x832A,
    0x8B4B, 0x8B8C, 0x938C, 0x9BCC, 0x9BED, 0xA3ED, 0xA40E, 0xA40E,
    0xA42E, 0xA42E, 0xA42E, 0xA42E, 0xA42E, 0xA42E, 0xA42E, 0xA40E,
    0xA40E, 0xA40E, 0xA40E, 0x9BEE, 0x9BEE, 0x9BCD, 0x93AD, 0x93AD,
    0x8B8C, 0x836C, 0x834B, 0x7B0A, 0x72EA, 0x6AA9, 0x6269, 0x5A48,
    0x5208, 0x4A08, 0x49E8, 0x4A08, 0x5208, 0x5208, 0x5208, 0x4A07,
    0x838F, 0x83AF, 0x8BAF, 0x8BCF, 0x93F0, 0x93F0, 0x93F0, 0x93CF,
    0x93AF, 0x8B8E, 0x8B6E, 0x834D, 0x832C, 0x7B0C, 0x7B0D, 0x7B2D,
    0x7B2D, 0x7B2D, 0x7B4D, 0x7B4D, 0x7B4D, 0x7B4D, 0x7B2D, 0x7B2D,
    0x7B2D, 0x832D, 0x832C, 0x830B, 0x82EA, 0x82E9, 0x82A8, 0x8286,
    0x8245, 0x8244, 0x8A44, 0x8A64, 0x8A64, 0x9264, 0x9264, 0x9264,
    0x9284, 0x9284, 0x9AA4, 0x9AA5, 0x9AA5, 0x9AC5, 0xA2C5, 0xA2E5,
    0xA2E6, 0xA306, 0xAB26, 0xB387, 0xBBC8, 0xC429, 0xD46A, 0xD4AB,
    0xDCAB, 0xFD4C, 0xFED4, 0xFEF6, 0xFED4, 0xFD4B, 0xEC06, 0xF54D,
    0xFEB2, 0xFE10, 0xFE72, 0xFE30, 0xFE0F, 0xFD2B, 0xE3A5, 0xC2E4,
    0xCAE3, 0xDBC6, 0xD386, 0xC2C3, 0xCB45, 0xFDCE, 0xFE72, 0xFE51,
    0xFDEF, 0xFDAD, 0xFDAD, 0xFDCE, 0xFDAD, 0xFD6B, 0xFD8C, 0xFD6B,
    0xFD4B, 0xFD6C, 0xF58C, 0xF54C, 0xF5AD, 0xF5EF, 0xFDCF, 0xFDCE,
    0xFDEE, 0xFD6C, 0xFDAD, 0xFDEF, 0xD385, 0xBA62, 0xB242, 0xBA62,
    0xBAA2, 0xCAE3, 0xCAE3, 0xC2A2, 0xCAA2, 0xE3E6, 0xFD8D, 0xFDCF,
    0xFDCF, 0xF56C, 0xF58D, 0xFDEF, 0xFDEF, 0xFE10, 0xFDAE, 0xDBC6,
    0xC2A2, 0xC282, 0xB242, 0xC2A3, 0xCAE3, 0xCAE3, 0xC2A3, 0xD2E3,
    0xD2E3, 0xB262, 0xAA42, 0xC282, 0xC2C3, 0xC2C3, 0xBA82, 0xB262,
    0xC2C3, 0xCB04, 0xC2A3, 0xC2A3, 0xD364, 0xECA9, 0xFE51, 0xFE30,
    0xFE52, 0xFE51, 0xFDEF, 0xFDEF, 0xFDEF, 0xFE30, 0xFDEF, 0xFE10,
    0xFD4B, 0xF52B, 0xF54C, 0xDBC6, 0xDB65, 0xDB85, 0xD324, 0xD324,
    0xF447, 0xFE72, 0xFE93, 0xFE51, 0xFDEF, 0xEBE6, 0xE3C5, 0xEBE6,
    0xDB85, 0xDB44, 0xE3A5, 0xEC06, 0xEBE6, 0xF427, 0xFC47, 0xFDAE,
    0xFE30, 0xA348, 0x6ACA, 0x72EA, 0x6AC9, 0x6AA9, 0x62A9, 0x6288,
    0x6268, 0x5A68, 0x5A68, 0x5A47, 0x5A27, 0x5226, 0x5206, 0x5206,
    0x5206, 0x5206, 0x5A27, 0x6247, 0x6A88, 0x72C9, 0x7B0A, 0x832A,
    0x8B4B, 0x8B6B, 0x938C, 0x9BAC, 0x9BED, 0xA3ED, 0xA40E, 0xA40E,
    0xA42E, 0xA42E, 0xA42E, 0xA42E, 0xA42E, 0xA42E, 0xA42E, 0xA40E,
    0xA40E, 0xA40E, 0xA40E, 0x9BEE, 0x9BEE, 0x9BCD, 0x93AD, 0x93AD,
    0x8B8C, 0x836C, 0x832B, 0x7B0A, 0x72CA, 0x6AA9, 0x6268, 0x5227,
    0x49E7, 0x41C7, 0x41C7, 0x41C7, 0x49E7, 0x49C7, 0x49C7, 0x49C7,
    0x9C31, 0x9C31, 0x9C31, 0x9C32, 0x9C52, 0xA452, 0xA451, 0xA431,
    0x9C11, 0x9BF0, 0x93CF, 0x8B8E, 0x836E, 0x7B2D, 0x7B0D, 0x7B2D,
    0x7B2D, 0x7B2D, 0x7B2D, 0x7B2D, 0x7B2D, 0x7B2D, 0x7B2D, 0x7B2D,
    0x7B2D, 0x7B2D, 0x832C, 0x830B, 0x830A, 0x82E9, 0x82A8, 0x8286,
    0x8244, 0x8244, 0x8244, 0x8A44, 0x8A64, 0x8A64, 0x9264, 0x9284,
    0x9284, 0x9284, 0x9AA4, 0x9AA5, 0x9AC5, 0x9AC5, 0xA2C5, 0xA2E5,
    0xA2E6, 0xA306, 0xAB47, 0xB388, 0xBBC8, 0xCC29, 0xD46A, 0xD4AB,
    0xE4CB, 0xFDCE, 0xFF16, 0xFEF6, 0xFED4, 0xFE0F, 0xFDEE, 0xFED4,
    0xFE51, 0xFE51, 0xFE51, 0xFE50, 0xF54C, 0xEC06, 0xD324, 0xBA83,
    0xCB04, 0xD324, 0xC2A2, 0xB282, 0xDBA5, 0xF52C, 0xF5CE, 0xFD8D,
    0xF52B, 0xFDAD, 0xFDEE, 0xFE0F, 0xFDEF, 0xFDEE, 0xFDEE, 0xFDAD,
    0xFDAD, 0xFDCE, 0xF56C, 0xF56C, 0xFDEF, 0xFE10, 0xFDEF, 0xFDEF,
    0xFDAD, 0xF5AD, 0xFE0F, 0xF52B, 0xD324, 0xC2A3, 0xBA83, 0xC2A3,
    0xC2A3, 0xCAE2, 0xCAA2, 0xC262, 0xC282, 0xCAC3, 0xECCA, 0xF58E,
    0xF54C, 0xF56C, 0xF56C, 0xF5CE, 0xFDCE, 0xFDEF, 0xF52B, 0xE3C6,
    0xC282, 0xC2A2, 0xB242, 0xBA62, 0xCA82, 0xD303, 0xC2C3, 0xDB44,
    0xCAE3, 0x99E1, 0xA202, 0xBA82, 0xC2A2, 0xCAE3, 0xD304, 0xB262,
    0xBA82, 0xC2C3, 0xCAE3, 0xC2C3, 0xD364, 0xF52B, 0xFE51, 0xFE30,
    0xFE51, 0xFDCF, 0xFDEF, 0xFDEF, 0xFE10, 0xFE51, 0xFE50, 0xF5AE,
    0xECCA, 0xDBC6, 0xDBC6, 0xD324, 0xE385, 0xCAE3, 0xD303, 0xD304,
    0xE384, 0xFD8D, 0xFEB4, 0xFDEF, 0xFE51, 0xF50B, 0xEBE6, 0xEC06,
    0xE385, 0xCB04, 0xE3C6, 0xF448, 0xEC27, 0xEC27, 0xF426, 0xFDEF,
    0xFE30, 0xBBA9, 0x6ACA, 0x72EA, 0x6AC9, 0x62A9, 0x6288, 0x6268,
    0x6268, 0x5A47, 0x5A47, 0x5A47, 0x5227, 0x5206, 0x5206, 0x4A06,
    0x49E6, 0x5206, 0x5227, 0x5A47, 0x6A88, 0x72C9, 0x7AE9, 0x832A,
    0x8B4B, 0x8B6B, 0x938C, 0x93AC, 0x9BCD, 0x9BED, 0xA40D, 0xA40E,
    0xA40E, 0xA40E, 0xA42E, 0xA42E, 0xA42E, 0xA42E, 0xA42E, 0xA40E,
    0xA40E, 0xA40E, 0x9BEE, 0x9BEE, 0x9BCD, 0x9BCD, 0x93AD, 0x938C,
    0x8B8C, 0x834B, 0x7B0B, 0x7AEA, 0x72C9, 0x6A89, 0x5A48, 0x5207,
    0x49C7, 0x41A6, 0x3986, 0x39A6, 0x41A6, 0x41A6, 0x41A6, 0x41A6,
    0xACB3, 0xACB3, 0xA493, 0xA493, 0xA493, 0xAC93, 0xAC93, 0xAC92,
    0xAC72, 0xA451, 0x9C10, 0x93CF, 0x8B8F, 0x834E, 0x7B2D, 0x7B2D,
    0x7B2D, 0x7B2D, 0x7B2D, 0x7B2D, 0x732D, 0x732D, 0x730D, 0x7B0D,
    0x7B2D, 0x7B2D, 0x7B2C, 0x830C, 0x82EB, 0x82EA, 0x82A8, 0x8286,
    0x8244, 0x8223, 0x8223, 0x8244, 0x8A64, 0x8A64, 0x9264, 0x9264,
    0x9284, 0x9284, 0x9A84, 0x9AA5, 0x9AC5, 0x9AC5, 0xA2C5, 0xA2E5,
    0xA2E6, 0xA306, 0xAB47, 0xB388, 0xBBC8, 0xCC29, 0xD46A, 0xD48B,
    0xED0B, 0xFEB3, 0xFF37, 0xFED5, 0xFEF5, 0xFEB4, 0xFE92, 0xFE72,
    0xFE73, 0xFE51, 0xFE30, 0xFDAD, 0xE3E6, 0xDB85, 0xCB04, 0xD324,
    0xD345, 0xC2E3, 0xBAA3, 0xCB04, 0xDB64, 0xE3E6, 0xDBA5, 0xDBC6,
    0xF5AE, 0xFE30, 0xFE30, 0xFE31, 0xFE51, 0xFE2F, 0xFDCD, 0xFDAD,
    0xFDAD, 0xF58C, 0xFDAD, 0xFDEE, 0xFE30, 0xFDEF, 0xFDEF, 0xFDEE,
    0xFDAD, 0xFDAD, 0xF58D, 0xE428, 0xD303, 0xBAC3, 0xB262, 0xC2C3,
    0xC2C3, 0xBA62, 0xBA41, 0xC2A3, 0xBA82, 0xCAC3, 0xD385, 0xDBE6,
    0xF58E, 0xFD8D, 0xFDAD, 0xFDEF, 0xF5AE, 0xFE31, 0xF50B, 0xDB23,
    0xC2A2, 0xC2A2, 0xC282, 0xC2C3, 0xCAA2, 0xC2C3, 0xCB03, 0xE385,
    0xBAA3, 0x91A1, 0xB241, 0xB222, 0xC2C3, 0xCAE4, 0xCB04, 0xC2C3,
    0xBAA3, 0xBA83, 0xCAE3, 0xD303, 0xDB85, 0xF54C, 0xFDEF, 0xFE0F,
    0xFE30, 0xFDEF, 0xFDEF, 0xFDF0, 0xFDCF, 0xFD8D, 0xF50A, 0xF4CA,
    0xDBC7, 0xD324, 0xCAE3, 0xBA83, 0xD344, 0xD345, 0xE385, 0xDB24,
    0xE3A5, 0xFCEA, 0xFE72, 0xFE72, 0xFE51, 0xFE10, 0xEC27, 0xEC07,
    0xE3E6, 0xDB65, 0xDB85, 0xF427, 0xF468, 0xF468, 0xF467, 0xFDCE,
    0xFEB3, 0xD44A, 0x72EA, 0x6AE9, 0x6AA9, 0x62A9, 0x6288, 0x6268,
    0x5A67, 0x5A47, 0x5A47, 0x5A27, 0x5227, 0x5206, 0x5206, 0x49E6,
    0x49E6, 0x51E6, 0x5206, 0x5A47, 0x6268, 0x72A9, 0x7AE9, 0x830A,
    0x834B, 0x8B6B, 0x938C, 0x93AC, 0x9BCD, 0x9BED, 0xA40D, 0xA40D,
    0xA40E, 0xA40E, 0xA40E, 0xA40E, 0xA40E, 0xA40E, 0xA40E, 0xA40E,
    0xA40E, 0x9BEE, 0x9BED, 0x9BCD, 0x9BCD, 0x93AD, 0x93AD, 0x8B8C,
    0x8B6C, 0x834B, 0x7B0B, 0x72EA, 0x6AA9, 0x6269, 0x5A28, 0x51E7,
    0x41A6, 0x3965, 0x3145, 0x3965, 0x3986, 0x3986, 0x4186, 0x4186,
    0xB514, 0xB4F4, 0xB4F4, 0xB4D4, 0xB4F4, 0xB4F4, 0xB4F4, 0xB4D4,
    0xB4B3, 0xAC93, 0xA451, 0x9C10, 0x8BD0, 0x838F, 0x7B4E, 0x732E,
    0x732E, 0x7B2E, 0x732E, 0x732E, 0x732E, 0x732E, 0x732E, 0x732E,
    0x732E, 0x7B2D, 0x7B2D, 0x7B0B, 0x7AEB, 0x7AC9, 0x82A8, 0x8266,
    0x8224, 0x8223, 0x8223, 0x8223, 0x8A44, 0x8A44, 0x8A64, 0x9264,
    0x9264, 0x9284, 0x9A84, 0x9AA5, 0x9AC5, 0x9AC5, 0x9AC5, 0xA2E5,
    0xA2E6, 0xA306, 0xAB47, 0xB387, 0xBBC8, 0xC429, 0xD46A, 0xD48A,
    0xECEB, 0xFED5, 0xFF16, 0xFEF6, 0xFF17, 0xFE92, 0xFDEE, 0xFE72,
    0xFE72, 0xFE30, 0xFE92, 0xF50A, 0xDB64, 0xCB24, 0xE3A6, 0xDB86,
    0xC2C3, 0xA222, 0xBA83, 0xDB64, 0xDB64, 0xD324, 0xC282, 0xDB85,
    0xFE30, 0xFE51, 0xFE30, 0xFE10, 0xFDEE, 0xFDAC, 0xF58C, 0xFD6C,
    0xFD4A, 0xFD8D, 0xFDEE, 0xFDCE, 0xFE10, 0xFE10, 0xFDEE, 0xFDCE,
    0xFDCE, 0xFDCE, 0xE428, 0xD303, 0xC2A3, 0xB283, 0xBA82, 0xC2C3,
    0xBA62, 0xB241, 0xB222, 0xBAA3, 0xC2A2, 0xD324, 0xDBA5, 0xE3E5,
    0xF54C, 0xFE52, 0xFE10, 0xF58D, 0xFDEF, 0xF5CE, 0xF50B, 0xE384,
    0xCAC2, 0xC2A2, 0xC2A2, 0xC2C3, 0xB242, 0xBA82, 0xCAC3, 0xD344,
    0xCAE3, 0xAA01, 0xB242, 0xC282, 0xC2C3, 0xCB25, 0xC2E4, 0xCB24,
    0xC2C3, 0xC2C3, 0xC282, 0xD324, 0xE427, 0xF58D, 0xF56D, 0xFDEF,
    0xFE10, 0xFDEF, 0xFDEF, 0xFDEF, 0xE469, 0xEC48, 0xDB85, 0xDB65,
    0xCAE3, 0xAA01, 0xCAC3, 0xB263, 0xBA83, 0xDB45, 0xE3A5, 0xE3A5,
    0xEBC5, 0xF467, 0xFE0F, 0xFE93, 0xFE93, 0xFE10, 0xE3E7, 0xDB44,
    0xE3A5, 0xF468, 0xEBE6, 0xEC06, 0xF406, 0xFC87, 0xFD8C, 0xFE72,
    0xFEF5, 0xE4AB, 0x72E9, 0x6AC9, 0x6AA9, 0x62A9, 0x6288, 0x6268,
    0x5A67, 0x5A47, 0x5A47, 0x5A27, 0x5227, 0x5206, 0x51E6, 0x49E6,
    0x49C6, 0x49E6, 0x5206, 0x5A27, 0x6268, 0x6AA9, 0x7AE9, 0x7B0A,
    0x834B, 0x8B6B, 0x938C, 0x93AC, 0x9BCD, 0x9BED, 0x9BED, 0x9BED,
    0xA3ED, 0xA40E, 0xA40D, 0xA40E, 0xA40E, 0xA40E, 0xA3EE, 0x9BED,
    0x9BED, 0x9BCD, 0x9BCD, 0x9BCD, 0x93AD, 0x93AC, 0x938C, 0x8B8C,
    0x834B, 0x832B, 0x7AEA, 0x72C9, 0x6A89, 0x6268, 0x5A27, 0x49C6,
    0x4186, 0x3145, 0x3145, 0x3145, 0x3965, 0x3965, 0x3985, 0x4185,
    0xBD56, 0xBD56, 0xBD35, 0xBD35, 0xBD35, 0xC535, 0xC535, 0xC535,
    0xBCF4, 0xB4D4, 0xAC72, 0x9C31, 0x93F0, 0x8BB0, 0x7B4E, 0x732E,
    0x732E, 0x732E, 0x732E, 0x7B2E, 0x7B2E, 0x732E, 0x732E, 0x730E,
    0x732E, 0x730D, 0x7B0D, 0x7AEB, 0x7ACA, 0x7AA9, 0x7A88, 0x8266,
    0x7A24, 0x7A03, 0x8223, 0x8223, 0x8243, 0x8A44, 0x8A44, 0x9264,
    0x9264, 0x9284, 0x9284, 0x9AA5, 0x9AC5, 0x9AC5, 0x9AC5, 0xA2E5,
    0xA2E6, 0xA306, 0xAB27, 0xB367, 0xBBC8, 0xC409, 0xCC6A, 0xD46A,
    0xED4D, 0xFF58, 0xFEF6, 0xFEF6, 0xFF16, 0xFE2F, 0xFE30, 0xFE72,
    0xFE30, 0xFE92, 0xFD8D, 0xF488, 0xDB65, 0xD324, 0xDBA5, 0xD324,
    0xC2C3, 0xCAE3, 0xC2E3, 0xDB44, 0xD324, 0xBAA3, 0xC2C3, 0xE3C6,
    0xF5AE, 0xFE51, 0xFE10, 0xFD8D, 0xFD8C, 0xFDAC, 0xFD8C, 0xFDAD,
    0xFDAD, 0xFDAD, 0xFD6C, 0xFE10, 0xF5EF, 0xFDEF, 0xFDAD, 0xFDEF,
    0xFDEF, 0xECCA, 0xCB03, 0xC2A2, 0xC2A2, 0xC2A3, 0xC282, 0xBA82,
    0xBA82, 0xC2E3, 0xB282, 0xBA82, 0xC2C3, 0xDB64, 0xDB85, 0xDB84,
    0xEC68, 0xFDCF, 0xF5AE, 0xF58D, 0xF5AE, 0xF54C, 0xF58D, 0xEC68,
    0xEBE5, 0xDB43, 0xCAE3, 0xC2C3, 0xB242, 0xC2A3, 0xC2A2, 0xD324,
    0xC2C3, 0xAA42, 0xBAA3, 0xC2A2, 0xC2C3, 0xBAA3, 0xC2E4, 0xCB24,
    0xCB04, 0xC2A2, 0xD2E2, 0xEC06, 0xF58D, 0xF58D, 0xF56C, 0xFE0F,
    0xFE10, 0xFDCE, 0xFDEF, 0xECEB, 0xD386, 0xCAE4, 0xC2A3, 0xBA83,
    0xBA83, 0xAA22, 0xD323, 0xD303, 0xBAA3, 0xD345, 0xE3A5, 0xEC27,
    0xEBC5, 0xF488, 0xFDEE, 0xFE30, 0xFE72, 0xFE31, 0xEC27, 0xDB64,
    0xDB65, 0xEBC6, 0xEC06, 0xEBE6, 0xF446, 0xFD09, 0xFE30, 0xFED5,
    0xFEF6, 0xF54D, 0x8309, 0x72EA, 0x72E9, 0x6AC9, 0x6AC9, 0x6AA8,
    0x6288, 0x6288, 0x6288, 0x6268, 0x6267, 0x5A47, 0x5A47, 0x5227,
    0x5206, 0x5206, 0x5206, 0x5A47, 0x6268, 0x72C9, 0x7B0A, 0x7B2A,
    0x834B, 0x8B6B, 0x938C, 0x93AC, 0x9BCD, 0x9BED, 0x9BED, 0x9BED,
    0x9BED, 0x9BED, 0x9BED, 0x9BED, 0x9BED, 0x9BED, 0x9BED, 0x9BED,
    0x9BCD, 0x9BCD, 0x93CD, 0x93AD, 0x938C, 0x8B8C, 0x8B6C, 0x834B,
    0x832B, 0x7B0A, 0x72EA, 0x6AA9, 0x6A89, 0x6248, 0x5207, 0x41A6,
    0x3965, 0x3145, 0x3124, 0x3144, 0x3965, 0x4185, 0x41A6, 0x49A6,
    0xC596, 0xC596, 0xC576, 0xC576, 0xC576, 0xCD76, 0xCD76, 0xCD76,
    0xC555, 0xBCF4, 0xAC93, 0xA432, 0x93F1, 0x8BB0, 0x7B4E, 0x732E,
    0x732E, 0x732E, 0x732E, 0x732E, 0x732E, 0x730E, 0x730D, 0x6AED,
    0x72ED, 0x72ED, 0x72EC, 0x72CB, 0x7AAA, 0x7A89, 0x7A87, 0x7A45,
    0x7A03, 0x7A03, 0x8203, 0x8223, 0x8223, 0x8A43, 0x8A44, 0x8A64,
    0x9264, 0x9284, 0x9A85, 0x9AA5, 0x9AC5, 0x9AC5, 0xA2C5, 0xA2E5,
    0xA306, 0xA306, 0xAB26, 0xB367, 0xBBC8, 0xC409, 0xCC6A, 0xD46A,
    0xFEB4, 0xFF58, 0xFDAE, 0xFE52, 0xFED4, 0xFDEE, 0xFE72, 0xFE72,
    0xFE92, 0xFDCE, 0xEC26, 0xEC27, 0xD345, 0xD345, 0xCB04, 0xC2E3,
    0xD344, 0xD344, 0xBAC3, 0xBAA3, 0xB263, 0xB262, 0xCAE3, 0xDBC6,
    0xE407, 0xF52C, 0xFDAD, 0xF54B, 0xF54B, 0xFD8C, 0xFDCD, 0xFDCD,
    0xFDAD, 0xFDEE, 0xFDCE, 0xFE0F, 0xFE0F, 0xFDCE, 0xFDCE, 0xFDEE,
    0xF4EA, 0xD344, 0xBAA2, 0xBA82, 0xBA62, 0xC282, 0xBA82, 0xC282,
    0xC2A3, 0xBAA3, 0xBAA3, 0xCAE3, 0xD324, 0xCAC3, 0xCAE3, 0xC2A3,
    0xCAE3, 0xE3C6, 0xF56D, 0xF5CE, 0xF5AD, 0xF58D, 0xF56C, 0xF4EA,
    0xF52B, 0xF4A8, 0xDB44, 0xC2A3, 0xC2C3, 0xCAC3, 0xBA62, 0xC2E3,
    0xC2C3, 0xC2C3, 0xC2A3, 0xCAE3, 0xCAE3, 0xBAC3, 0xC2C3, 0xC2C3,
    0xDB44, 0xE3A5, 0xEC27, 0xF54C, 0xFDEF, 0xFDCE, 0xFDCE, 0xFDCE,
    0xFE30, 0xF56D, 0xED0C, 0xD345, 0xC283, 0xCAE4, 0xC2A3, 0xAA22,
    0xAA22, 0xBA83, 0xD324, 0xD344, 0xD324, 0xDB65, 0xE3A6, 0xE3A5,
    0xEBC5, 0xF467, 0xFE10, 0xFE30, 0xFE30, 0xFE51, 0xFD8D, 0xEBE6,
    0xE3A6, 0xE3C6, 0xE3A5, 0xEC06, 0xFD09, 0xFE0F, 0xFE52, 0xFEB5,
    0xFF16, 0xFDAE, 0x9B8A, 0x7B6B, 0x836B, 0x834B, 0x7B2A, 0x7B2A,
    0x7B0A, 0x7B0A, 0x730A, 0x72E9, 0x72C9, 0x6AC9, 0x6AA8, 0x6288,
    0x6267, 0x5A47, 0x5A47, 0x6268, 0x6A88, 0x72C9, 0x7AEA, 0x832A,
    0x8B6B, 0x8B8C, 0x93AC, 0x9BCD, 0x9BED, 0xA40E, 0xA40D, 0xA40D,
    0xA40D, 0xA40D, 0xA40D, 0xA40D, 0x9C0D, 0x9BED, 0x9BED, 0x9BED,
    0x9BCD, 0x9BCD, 0x93AC, 0x938C, 0x8B8C, 0x8B6C, 0x8B6C, 0x8B4B,
    0x832B, 0x7B0A, 0x7AEA, 0x72C9, 0x6AA9, 0x6268, 0x5A27, 0x49E6,
    0x41A6, 0x3985, 0x3965, 0x4185, 0x49A6, 0x49C6, 0x51E6, 0x5206,
    0xCD96, 0xC596, 0xC596, 0xCD96, 0xCD96, 0xCD96, 0xCD96, 0xCD96,
    0xC556, 0xBD15, 0xAC93, 0xA432, 0x93F1, 0x8B8F, 0x7B4E, 0x730D,
    0x72ED, 0x72ED, 0x72ED, 0x72ED, 0x72ED, 0x72ED, 0x72ED, 0x6ACD,
    0x6ACC, 0x72CC, 0x72CB, 0x7AAA, 0x7A89, 0x7A88, 0x7A66, 0x7A25,
    0x79E3, 0x79E2, 0x79E3, 0x8203, 0x8223, 0x8A43, 0x8A44, 0x8A64,
    0x9264, 0x9284, 0x9AA5, 0x9AA5, 0x9AC5, 0x9AC5, 0xA2C5, 0xA2E6,
    0xA306, 0xA306, 0xAB26, 0xB367, 0xBBC8, 0xC409, 0xCC4A, 0xDCAB,
    0xFF16, 0xFDCF, 0xFCA9, 0xFE30, 0xFE30, 0xFDCE, 0xFEB4, 0xFE72,
    0xFE2F, 0xFD8C, 0xEC26, 0xDBA5, 0xDB85, 0xDB64, 0xCB04, 0xCB24,
    0xD324, 0xBA83, 0xA222, 0xAA42, 0xA202, 0xBAA2, 0xD303, 0xD304,
    0xC2A3, 0xDBA6, 0xE469, 0xF50A, 0xFD8D, 0xFDCE, 0xFDCE, 0xFD8C,
    0xFDCE, 0xFDCE, 0xFDCE, 0xFDCE, 0xFE0F, 0xFDCE, 0xFD8D, 0xF4C9,
    0xE407, 0xC2C3, 0xC283, 0xC2A3, 0xC2A3, 0xC282, 0xAA01, 0xC2A2,
    0xBA82, 0xBA82, 0xBAA2, 0xC2A2, 0xDB23, 0xC2A2, 0xBA82, 0xC2A2,
    0xC282, 0xD303, 0xF54B, 0xF5AE, 0xF58D, 0xF58D, 0xF56C, 0xF56D,
    0xF5AE, 0xFD6C, 0xEC26, 0xCAE3, 0xCAE3, 0xCAE3, 0xC2C3, 0xBA83,
    0xC2A3, 0xCAC3, 0xC282, 0xC2A3, 0xC2C3, 0xC2C3, 0xCAE3, 0xBAC3,
    0xE3E6, 0xF4A9, 0xF50B, 0xF5AE, 0xFE10, 0xFDEF, 0xFDEF, 0xFDCE,
    0xF5CF, 0xE489, 0xE469, 0xCB25, 0xC2A3, 0xBA62, 0xBA62, 0xAA02,
    0x99C1, 0xB242, 0xD304, 0xDB64, 0xE3A5, 0xDB85, 0xD344, 0xDB64,
    0xEBE5, 0xF467, 0xFD6C, 0xFE51, 0xFE52, 0xFE51, 0xFDEF, 0xEC06,
    0xEBC6, 0xEBE6, 0xEBE5, 0xF487, 0xFE0F, 0xFE52, 0xFE93, 0xFEB4,
    0xFF16, 0xFE52, 0xB42C, 0x93ED, 0x9BED, 0x93ED, 0x93CC, 0x93CC,
    0x93AC, 0x8BAC, 0x8B8C, 0x8B8B, 0x836B, 0x834B, 0x834A, 0x832A,
    0x7B0A, 0x7AE9, 0x7AE9, 0x7AE9, 0x7B09, 0x832A, 0x834A, 0x8B6B,
    0x938B, 0x9BCC, 0x9BED, 0xA40D, 0xA42E, 0xAC4E, 0xAC4E, 0xAC6E,
    0xAC6F, 0xAC6F, 0xAC6F, 0xAC6E, 0xAC6E, 0xAC4E, 0xAC4E, 0xAC4E,
    0xA42E, 0xA40E, 0xA40D, 0x9BED, 0x9BED, 0x9BCD, 0x93CD, 0x93AC,
    0x8B8C, 0x8B6C, 0x834B, 0x834B, 0x7B0A, 0x72EA, 0x6AA9, 0x6288,
    0x6248, 0x5A47, 0x5A27, 0x5A47, 0x6268, 0x6268, 0x6268, 0x6A68,
    0xCD75, 0xC576, 0xC576, 0xC556, 0xCD76, 0xCD76, 0xCD76, 0xC556,
    0xC515, 0xBCD4, 0xAC72, 0xA431, 0x93D0, 0x8B8F, 0x832D, 0x72EC,
    0x72EC, 0x72ED, 0x7AED, 0x7AED, 0x7AED, 0x7AEC, 0x7AEC, 0x72EC,
    0x72CC, 0x72CB, 0x7ACB, 0x7AAA, 0x8288, 0x8267, 0x8246, 0x7A24,
    0x79E3, 0x79C2, 0x79E2, 0x7A03, 0x8203, 0x8223, 0x8A43, 0x8A44,
    0x9264, 0x9284, 0x9A84, 0x9AA5, 0x9AC5, 0x9AC5, 0xA2E5, 0xA2E5,
    0xA306, 0xA306, 0xAB26, 0xB367, 0xBBC8, 0xC429, 0xCC49, 0xDD0C,
    0xFEF5, 0xFCEA, 0xFCCA, 0xFDCE, 0xF54C, 0xFE51, 0xFE72, 0xFE31,
    0xFE51, 0xFDED, 0xEC06, 0xDB44, 0xD345, 0xCB03, 0xCB04, 0xCB04,
    0xB262, 0xB262, 0xBAA3, 0xBA82, 0xC2A2, 0xBA82, 0xC2A2, 0xBA82,
    0xB222, 0xB242, 0xC2C3, 0xEC89, 0xFDCE, 0xFDAD, 0xFE10, 0xFDCD,
    0xFDCE, 0xFDAE, 0xFDEF, 0xFDCE, 0xFDAD, 0xF58C, 0xECEA, 0xDB65,
    0xD344, 0xC2A3, 0xC282, 0xC2C3, 0xCAC3, 0xBA82, 0x9A02, 0xB262,
    0xB242, 0xAA42, 0xB262, 0xC282, 0xBA82, 0xB242, 0xC2A2, 0xCAC3,
    0xCAC3, 0xD324, 0xECA9, 0xF5AE, 0xF5CE, 0xF54C, 0xF58D, 0xF58D,
    0xF5CE, 0xF5AD, 0xEC88, 0xDB84, 0xCAE3, 0xC2C3, 0xBA62, 0xB283,
    0xBA83, 0xC2C3, 0xD2E3, 0xC2A3, 0xC2E3, 0xDB44, 0xE3E6, 0xECA9,
    0xF54C, 0xF58D, 0xF56D, 0xFDAE, 0xFE10, 0xFE0F, 0xFE0F, 0xFE30,
    0xED4D, 0xD3A6, 0xDBA5, 0xCB24, 0xBA83, 0xBAA3, 0xC2A3, 0xBA83,
    0xA1E1, 0xBA62, 0xD324, 0xE364, 0xE365, 0xDB85, 0xD324, 0xDB65,
    0xEBE6, 0xEBE6, 0xF427, 0xFE10, 0xFE92, 0xFE31, 0xFE51, 0xFD6C,
    0xEBE6, 0xF426, 0xFD2A, 0xFDCE, 0xFE30, 0xFE72, 0xFE93, 0xFEB4,
    0xFEF6, 0xFED5, 0xCCCE, 0xAC6F, 0xAC6E, 0xAC6E, 0xAC6E, 0xA44E,
    0xA44E, 0xA42E, 0xA42D, 0x9C0D, 0x9C0D, 0x9BEC, 0x9BCC, 0x9BCC,
    0x93AC, 0x93AB, 0x938B, 0x938B, 0x93AB, 0x93AC, 0x9BCC, 0x9BCC,
    0x9BEC, 0xA40D, 0xA42D, 0xAC4E, 0xAC6E, 0xB48F, 0xB48F, 0xB4AF,
    0xBCAF, 0xBCD0, 0xBCD0, 0xBCB0, 0xB4AF, 0xB4AF, 0xB48F, 0xB48F,
    0xB48F, 0xB46F, 0xB46E, 0xAC4E, 0xAC4E, 0xAC4E, 0xAC2E, 0xA40D,
    0x9BED, 0x9BED, 0x93CD, 0x93AC, 0x8B8C, 0x834B, 0x832A, 0x7B0A,
    0x7AEA, 0x7B0A, 0x7B0A, 0x7B0A, 0x7B0A, 0x7B0A, 0x830A, 0x830A,
    0xC514, 0xC514, 0xC514, 0xC514, 0xC514, 0xC514, 0xC534, 0xC514,
    0xC4F3, 0xBCB2, 0xB451, 0xA3F0, 0x9BAF, 0x936E, 0x8B2C, 0x82EC,
    0x82EC, 0x82EC, 0x82EC, 0x82EC, 0x82EC, 0x82EB, 0x82EB, 0x82EB,
    0x7ACB, 0x82CA, 0x82CA, 0x82A9, 0x8288, 0x8267, 0x8245, 0x8204,
    0x79E2, 0x79C2, 0x79C2, 0x79E2, 0x7A03, 0x8203, 0x8223, 0x8A44,
    0x9264, 0x9284, 0x9AA4, 0x9AA5, 0x9AC5, 0x9AC5, 0xA2E5, 0xA2E5,
    0xA306, 0xA306, 0xAB26, 0xB367, 0xBBC8, 0xC429, 0xCC29, 0xED8E,
    0xFE30, 0xFD0A, 0xFD0A, 0xFCEA, 0xF4CA, 0xFE51, 0xFE10, 0xFE31,
    0xFE30, 0xFDAC, 0xE3A4, 0xC2A3, 0xB242, 0xBAA3, 0xCB03, 0xC2C3,
    0xB283, 0xCAE4, 0xBAA3, 0xC2A3, 0xD303, 0xCAE3, 0xC2C3, 0xBA82,
    0xAA01, 0xBA62, 0xB242, 0xD385, 0xFDAD, 0xFE30, 0xFE10, 0xFDCE,
    0xFE0F, 0xFDCE, 0xFDCE, 0xFE0F, 0xF58D, 0xF56B, 0xE447, 0xCAC2,
    0xCAE3, 0xC2A2, 0xCB04, 0xC2E3, 0xC2E3, 0xA222, 0x9A02, 0xAA42,
    0xB262, 0xBA82, 0xC2A3, 0xCAC2, 0xB262, 0xBA82, 0xC2E3, 0xC2E3,
    0xCAE3, 0xC282, 0xE468, 0xF52B, 0xF54C, 0xF52B, 0xF56C, 0xF5AE,
    0xF5CF, 0xF52B, 0xECC9, 0xEC68, 0xDBA5, 0xC2C3, 0xB242, 0xBA82,
    0xBAA3, 0xBAA2, 0xCB03, 0xC2A2, 0xBAA3, 0xD323, 0xECEA, 0xFDAE,
    0xFDCE, 0xFDEF, 0xFDCF, 0xFDAD, 0xFDCE, 0xFDCE, 0xFDEF, 0xF58D,
    0xCB87, 0xCB45, 0xBAA3, 0xBAA3, 0xBAC3, 0xC2C3, 0xC2C3, 0xC2C4,
    0xB242, 0xC282, 0xE365, 0xD324, 0xD324, 0xD324, 0xC2C3, 0xCB24,
    0xE3E6, 0xE3C6, 0xE385, 0xFD4C, 0xFE93, 0xFE31, 0xFE51, 0xFE72,
    0xFDAD, 0xFCE9, 0xFDEF, 0xFE52, 0xFE52, 0xFE93, 0xFE73, 0xFE73,
    0xFEF6, 0xFEF6, 0xD530, 0xBCD0, 0xBCF0, 0xBCD0, 0xBCD0, 0xBCCF,
    0xB4CF, 0xB4AF, 0xB4AF, 0xB48F, 0xAC8E, 0xAC6E, 0xAC6E, 0xAC4E,
    0xAC4D, 0xA42D, 0xA42D, 0xA40D, 0xA42D, 0xA42D, 0xAC2D, 0xAC4D,
    0xAC4D, 0xB46E, 0xB48E, 0xB48F, 0xBCAF, 0xBCCF, 0xBCD0, 0xC4F0,
    0xC4F0, 0xC4F0, 0xC4F0, 0xC4F0, 0xBCF0, 0xBCD0, 0xBCD0, 0xBCD0,
    0xBCD0, 0xBCCF, 0xBCAF, 0xB4AF, 0xB48F, 0xB48F, 0xB48F, 0xB46E,
    0xAC4E, 0xAC2E, 0xA42D, 0xA40D, 0x9BED, 0x9BCC, 0x93AC, 0x938C,
    0x938C, 0x938B, 0x938B, 0x938B, 0x938B, 0x938B, 0x938B, 0x938B,
    0xC4B1, 0xC4B2, 0xC4D2, 0xC4D2, 0xC4D2, 0xC4D2, 0xC4D2, 0xC4D2,
    0xC492, 0xBC71, 0xB40F, 0xA3CE, 0x9B8D, 0x934C, 0x930B, 0x8AEB,
    0x8AEB, 0x8AEB, 0x92EB, 0x8AEB, 0x8AEB, 0x8AEA, 0x8AEA, 0x8AEA,
    0x8AEA, 0x8AEA, 0x8AC9, 0x8AA8, 0x8A87, 0x8A66, 0x8245, 0x8203,
    0x79E2, 0x79C2, 0x71C2, 0x71C2, 0x79E3, 0x8203, 0x8223, 0x8A44,
    0x9264, 0x9284, 0x9AA4, 0x9AA5, 0x9AC5, 0x9AC5, 0xA2E5, 0xA2E6,
    0xA306, 0xA306, 0xAB26, 0xB367, 0xBBC8, 0xC409, 0xCC29, 0xED6D,
    0xFD6C, 0xFD0A, 0xFCC9, 0xF468, 0xE448, 0xF5AF, 0xF5CF, 0xFE51,
    0xFE51, 0xFDAC, 0xDBA5, 0xCB03, 0xC2E3, 0xCAE4, 0xCB03, 0xC2C3,
    0xCAE3, 0xBAA3, 0xC2C3, 0xC2E3, 0xD324, 0xC2C3, 0xBA82, 0xBA62,
    0xB242, 0xB242, 0xAA22, 0xCB24, 0xF58D, 0xF5EE, 0xFDEE, 0xFDEE,
    0xFE0F, 0xFDAD, 0xFD8C, 0xF58C, 0xF54B, 0xF56B, 0xE446, 0xD344,
    0xCB03, 0xBAA3, 0xD304, 0xBA82, 0xB283, 0xA222, 0xAA62, 0xB262,
    0xC2A2, 0xC2C3, 0xCB03, 0xC2A2, 0xBA82, 0xBA83, 0xAA22, 0xB262,
    0xC2A2, 0xCAC2, 0xDBA5, 0xDBC7, 0xF54C, 0xF5AE, 0xF5CF, 0xF5CE,
    0xF5CE, 0xF54B, 0xED2B, 0xED2B, 0xE488, 0xCB43, 0xBAA2, 0xBA62,
    0xB242, 0xB242, 0xCB03, 0xCAC2, 0xCAC2, 0xE3C5, 0xF52B, 0xFDEF,
    0xFDEF, 0xFDEF, 0xFDCF, 0xF58E, 0xFDAE, 0xFE10, 0xFDEF, 0xDC28,
    0xB284, 0xCB04, 0xC2E4, 0xAA42, 0xB263, 0xBAC4, 0xBAA3, 0xBAA3,
    0xC2C3, 0xDB03, 0xDB44, 0xD324, 0xD324, 0xC2A3, 0xCAE4, 0xD365,
    0xDB85, 0xDB85, 0xE3A5, 0xFD2B, 0xFE71, 0xFE72, 0xFE30, 0xFE52,
    0xFE93, 0xFE30, 0xFE52, 0xFE93, 0xFE72, 0xFEB4, 0xFE31, 0xFD2B,
    0xFE31, 0xFF37, 0xDD91, 0xC531, 0xCD51, 0xC551, 0xC531, 0xC531,
    0xC531, 0xC510, 0xC510, 0xC510, 0xC4F0, 0xBCF0, 0xBCEF, 0xBCCF,
    0xBCCF, 0xBCAF, 0xBCAE, 0xB48E, 0xB48E, 0xB48E, 0xBC8E, 0xBCAE,
    0xBCAE, 0xBCCF, 0xBCCF, 0xC4F0, 0xC510, 0xC510, 0xC510, 0xC531,
    0xC531, 0xC531, 0xC531, 0xC511, 0xC510, 0xC510, 0xC510, 0xC510,
    0xC510, 0xC510, 0xC4F0, 0xC4F0, 0xBCD0, 0xBCCF, 0xBCCF, 0xBCAF,
    0xB4AF, 0xB48F, 0xB48E, 0xB46E, 0xAC4E, 0xAC2D, 0xAC2D, 0xA40D,
    0xA40D, 0xA40D, 0xA42D, 0xA40D, 0xA40D, 0xA40D, 0xA40D, 0xA40D,
    0xC44F, 0xC44F, 0xC44F, 0xC46F, 0xC46F, 0xC44F, 0xC44F, 0xC470,
    0xC44F, 0xBC0E, 0xB3CD, 0xABAC, 0xA36B, 0xA32B, 0x9B0A, 0x9AE9,
    0x9AE9, 0x9AE9, 0x9B09, 0x9B09, 0x9B0A, 0x9B09, 0x9B09, 0x9AE9,
    0x92E9, 0x9AE8, 0x9AC8, 0x9AA7, 0x9286, 0x9265, 0x8A44, 0x8203,
    0x79E2, 0x79C2, 0x71A2, 0x71C2, 0x79E2, 0x7A03, 0x8223, 0x8A43,
    0x9264, 0x9284, 0x9AA4, 0x9AA5, 0x9AC5, 0xA2C5, 0xA2E5, 0xA2E6,
    0xA306, 0xA306, 0xAB26, 0xB367, 0xBBC8, 0xC409, 0xCC29, 0xF56D,
    0xFD4B, 0xFCA9, 0xFC88, 0xEC07, 0xCB24, 0xE428, 0xF5D0, 0xFE92,
    0xFE50, 0xFDCD, 0xF467, 0xDB84, 0xCB04, 0xD324, 0xC2A2, 0xAA22,
    0xBA82, 0xBAA3, 0xBA82, 0xB262, 0xC2C3, 0xB262, 0xC2A3, 0xB242,
    0xAA42, 0xB242, 0xC2A2, 0xDB85, 0xD385, 0xF54B, 0xFDEE, 0xFDCE,
    0xF58C, 0xF58B, 0xF54B, 0xFD6C, 0xFDAD, 0xF56B, 0xF50A, 0xDB64,
    0xC2A2, 0xBA62, 0xBA82, 0xC2A2, 0xB282, 0xB282, 0xC2C3, 0xC2A2,
    0xC2A3, 0xBA82, 0xBA62, 0xBA82, 0xC2C3, 0xBA83, 0xAA22, 0xB241,
    0xBA82, 0xDB23, 0xD2C2, 0xD345, 0xF58D, 0xF58D, 0xF5CF, 0xFDCE,
    0xF5AD, 0xF54B, 0xF52B, 0xED2B, 0xECEA, 0xE406, 0xCAC2, 0xBA42,
    0xAA01, 0xC2A2, 0xD343, 0xD302, 0xE3E6, 0xF50A, 0xF56C, 0xFDCE,
    0xFDCE, 0xFDCE, 0xFDAE, 0xF58D, 0xF5CF, 0xFDCF, 0xED0B, 0xCB86,
    0xB283, 0xBA83, 0xCAE3, 0xBAA3, 0xAA42, 0xB283, 0xC2C4, 0xB263,
    0xB242, 0xDB44, 0xDB65, 0xD324, 0xCAC3, 0xB262, 0xBAA3, 0xCB04,
    0xD2E3, 0xD324, 0xE3A5, 0xF4A9, 0xFE30, 0xFE72, 0xFE31, 0xFE31,
    0xFE93, 0xFE72, 0xFE51, 0xFE93, 0xFE72, 0xFDAE, 0xF50B, 0xF447,
    0xFD0A, 0xFF16, 0xE613, 0xCD72, 0xD592, 0xD592, 0xD592, 0xD592,
    0xD592, 0xD572, 0xCD71, 0xCD71, 0xCD51, 0xCD51, 0xCD51, 0xCD51,
    0xCD51, 0xCD30, 0xC530, 0xC510, 0xC510, 0xC50F, 0xC4EF, 0xC510,
    0xC510, 0xC510, 0xC510, 0xCD30, 0xCD31, 0xCD51, 0xCD51, 0xCD51,
    0xCD51, 0xCD71, 0xCD51, 0xCD51, 0xCD51, 0xCD51, 0xCD51, 0xCD51,
    0xCD51, 0xCD51, 0xCD31, 0xCD31, 0xCD31, 0xCD10, 0xC510, 0xC510,
    0xC510, 0xC4F0, 0xC4EF, 0xC4CF, 0xBCAF, 0xBCAF, 0xBCAF, 0xBC8F,
    0xB48E, 0xB48E, 0xB48E, 0xB48E, 0xBC8E, 0xBC8E, 0xB48E, 0xB48E,
    0xBBEC, 0xC3EC, 0xC3EC, 0xC40C, 0xC40C, 0xC3EC, 0xC3EC, 0xC3EC,
    0xC3EC, 0xBBCC, 0xB38B, 0xB36A, 0xAB4A, 0xAB29, 0xA308, 0xA308,
    0xA308, 0xA308, 0xAB08, 0xAB08, 0xA308, 0xA308, 0xA308, 0xA308,
    0xA2E8, 0xA2E7, 0xA2C6, 0xA2C6, 0x9A85, 0x9264, 0x9243, 0x8A23,
    0x8202, 0x79C2, 0x71A2, 0x71A2, 0x79C2, 0x79E3, 0x8203, 0x8A23,
    0x8A64, 0x9284, 0x9AA5, 0x9AA5, 0x9AC5, 0xA2C5, 0xA2E5, 0xA2E5,
    0xA2E6, 0xA306, 0xAB26, 0xAB67, 0xBBA8, 0xC409, 0xCC29, 0xF56C,
    0xFD4B, 0xF488, 0xEC06, 0xDB65, 0xDB86, 0xE428, 0xF5F0, 0xFE72,
    0xFE0F, 0xFDEE, 0xFCE8, 0xDB43, 0xCB24, 0xC2C3, 0xB241, 0xB262,
    0xBAA3, 0xAA62, 0xBA82, 0xC2A2, 0xBA82, 0xC2A3, 0xAA42, 0xA201,
    0xAA42, 0xBA83, 0xD323, 0xD323, 0xDB44, 0xFDAD, 0xF5AC, 0xFD8C,
    0xF56B, 0xF58C, 0xFDAD, 0xFDAD, 0xFDEE, 0xFDEF, 0xF54B, 0xDB64,
    0xC2C3, 0xB262, 0xC282, 0xCAE3, 0xB262, 0xB262, 0xCAE3, 0xB282,
    0xBA82, 0xC2A3, 0xB262, 0xB262, 0xBAA2, 0xBAA3, 0xBA82, 0xBA82,
    0xC282, 0xDB23, 0xCAC2, 0xC2A3, 0xEC68, 0xF58D, 0xFDF0, 0xF56D,
    0xF52B, 0xF54C, 0xF54C, 0xF56C, 0xF56C, 0xE447, 0xD323, 0xC282,
    0xBA41, 0xE3C5, 0xEC27, 0xEC06, 0xF50A, 0xF56C, 0xF58D, 0xFDAE,
    0xFD8C, 0xFDAE, 0xFDAE, 0xFDF0, 0xED2D, 0xDC28, 0xCB25, 0xC2A3,
    0xBA83, 0xBA62, 0xBAA3, 0xC2C4, 0xB242, 0xBAA3, 0xBA83, 0xAA02,
    0xB242, 0xCAA2, 0xE385, 0xD324, 0xC2A3, 0xC2C3, 0xBA62, 0xC2C3,
    0xCAC3, 0xD303, 0xE384, 0xF426, 0xFDCD, 0xFE51, 0xFE51, 0xFE52,
    0xFE93, 0xFE51, 0xFE51, 0xFE10, 0xFE31, 0xF50B, 0xE3C6, 0xF427,
    0xF446, 0xFE31, 0xF695, 0xD5B3, 0xDDD3, 0xDDD3, 0xDDD3, 0xDDD3,
    0xDDD3, 0xDDD3, 0xDDB3, 0xDDB2, 0xD5B2, 0xD5B2, 0xD592, 0xD592,
    0xD592, 0xD592, 0xD592, 0xD571, 0xCD71, 0xD551, 0xD551, 0xCD51,
    0xD551, 0xD551, 0xD571, 0xD571, 0xD571, 0xD591, 0xD592, 0xD592,
    0xD592, 0xD592, 0xD592, 0xD592, 0xD592, 0xD592, 0xD592, 0xD592,
    0xD592, 0xD592, 0xD572, 0xD571, 0xD571, 0xD571, 0xD571, 0xCD51,
    0xCD51, 0xCD51, 0xCD51, 0xCD30, 0xCD10, 0xCD10, 0xC510, 0xC510,
    0xC510, 0xC4F0, 0xC510, 0xC4F0, 0xC4EF, 0xC4EF, 0xC4EF, 0xC4EF,
    0xBB89, 0xC389, 0xC3A9, 0xC3A9, 0xC3A9, 0xC3A9, 0xC3A9, 0xC3A9,
    0xC389, 0xBB89, 0xBB69, 0xBB48, 0xB327, 0xB327, 0xB327, 0xB327,
    0xB307, 0xB307, 0xB326, 0xB326, 0xB326, 0xB326, 0xB306, 0xB306,
    0xB306, 0xB306, 0xAAE5, 0xAAC5, 0xA2A4, 0x9A84, 0x9243, 0x8A23,
    0x81E2, 0x71C2, 0x71A2, 0x71A2, 0x71C2, 0x79E2, 0x8203, 0x8A23,
    0x8A64, 0x9284, 0x9284, 0x9AA5, 0x9AC5, 0xA2C5, 0xA2E5, 0xA2E5,
    0xA2E6, 0xA306, 0xAB26, 0xAB67, 0xBBA8, 0xC409, 0xCC4A, 0xFD6C,
    0xFCEA, 0xF447, 0xEC07, 0xE3A6, 0xE3C6, 0xDBA6, 0xF5AE, 0xFE10,
    0xFE30, 0xFE0F, 0xFCE9, 0xE384, 0xC2E3, 0xBA62, 0xCAC3, 0xC2A3,
    0xAA42, 0xA222, 0xBA82, 0xBA82, 0xBA82, 0xAA22, 0x9A01, 0xBA82,
    0xBA82, 0xBA82, 0xC2A3, 0xCAC2, 0xE407, 0xF5AD, 0xF56C, 0xF56C,
    0xF54A, 0xF54B, 0xF54B, 0xFDCE, 0xFDEE, 0xFE0F, 0xFD6C, 0xDB85,
    0xBAA3, 0xBA82, 0xCAE3, 0xCAE3, 0xC2A3, 0xB262, 0xBAA3, 0xAA42,
    0xAA42, 0xBA62, 0xB242, 0xB262, 0xB242, 0xBA82, 0xC282, 0xBAA2,
    0xBA82, 0xD323, 0xB262, 0xBA83, 0xD364, 0xEC89, 0xF5AD, 0xF50B,
    0xF54B, 0xF56C, 0xF50B, 0xF52B, 0xF56D, 0xF56C, 0xECCA, 0xDBC5,
    0xE427, 0xF52B, 0xF52A, 0xF52B, 0xF56C, 0xF58D, 0xF58D, 0xFDCE,
    0xFDCE, 0xF5AE, 0xF5AE, 0xFE10, 0xD3E8, 0xC2E4, 0xC2E4, 0xB263,
    0xAA43, 0xC2C3, 0xC2A3, 0xBAA3, 0xB243, 0xB242, 0xB242, 0xB262,
    0x99C1, 0xA1E1, 0xCAE3, 0xD304, 0xC2C3, 0xC2C3, 0xCAE3, 0xD324,
    0xDB64, 0xDB85, 0xE384, 0xF426, 0xFDAD, 0xFE30, 0xFE51, 0xF5AE,
    0xFE52, 0xFE52, 0xFE51, 0xED0C, 0xEC89, 0xF4EA, 0xDB85, 0xEC06,
    0xF3E5, 0xFD8C, 0xF6B5, 0xDDF4, 0xDE14, 0xDE14, 0xDDF4, 0xDDF4,
    0xDDF4, 0xDDF4, 0xDDF4, 0xDDF3, 0xDDF3, 0xDDD3, 0xDDD3, 0xDDD3,
    0xDDD3, 0xDDD3, 0xDDD3, 0xDDD2, 0xDDB2, 0xDDB2, 0xDDB2, 0xDDB2,
    0xDDB2, 0xDDB2, 0xDDB2, 0xDDB2, 0xDDB2, 0xDDB2, 0xDDB2, 0xDDD3,
    0xDDD3, 0xDDD3, 0xDDD3, 0xDDD3, 0xDDB3, 0xDDB3, 0xDDB2, 0xDDB2,
    0xDDB2, 0xDDB2, 0xDD92, 0xDD92, 0xD592, 0xD592, 0xD592, 0xD592,
    0xD592, 0xD592, 0xD592, 0xD571, 0xD571, 0xD551, 0xD551, 0xD551,
    0xCD51, 0xCD51, 0xCD51, 0xCD51, 0xCD51, 0xCD51, 0xCD30, 0xCD30,
    0xBB47, 0xC366, 0xC366, 0xC366, 0xC366, 0xC366, 0xC366, 0xC366,
    0xC366, 0xC366, 0xC346, 0xBB46, 0xBB46, 0xBB46, 0xBB45, 0xBB45,
    0xBB25, 0xBB25, 0xBB25, 0xBB25, 0xBB25, 0xBB25, 0xBB25, 0xBB25,
    0xBB25, 0xBB05, 0xB305, 0xB305, 0xAAC5, 0xA284, 0x9264, 0x8A23,
    0x81E2, 0x71C2, 0x6981, 0x69A1, 0x71C2, 0x79E2, 0x8203, 0x8A23,
    0x8A64, 0x9264, 0x9285, 0x9AA5, 0x9AC5, 0x9AC5, 0xA2C5, 0xA2E5,
    0xA2E6, 0xA306, 0xA326, 0xAB67, 0xBBC8, 0xC3E9, 0xCC49, 0xFD4B,
    0xF488, 0xF488, 0xFCA9, 0xE3E6, 0xDB85, 0xE3E6, 0xF54C, 0xFE72,
    0xFE0F, 0xFDCE, 0xFD4B, 0xDB43, 0xBA82, 0xC2C3, 0xC2A3, 0xB262,
    0xA202, 0xBA82, 0xBA62, 0xB242, 0xB262, 0xAA22, 0xB262, 0xC2A2,
    0xBA62, 0xBA82, 0xBA82, 0xCAE3, 0xEC26, 0xECC9, 0xF50A, 0xF52A,
    0xF52A, 0xFD6B, 0xFD8C, 0xFE0F, 0xFDEE, 0xFDEE, 0xF52B, 0xDBA5,
    0xC2A2, 0xCB03, 0xCAE3, 0xBA82, 0xBA62, 0xBA82, 0xB262, 0xA201,
    0xB242, 0xBA62, 0xB242, 0xB242, 0xB242, 0xBA62, 0xAA01, 0xB262,
    0xB262, 0xB221, 0xB262, 0xBA82, 0xC2C3, 0xE406, 0xF52B, 0xF52B,
    0xF54C, 0xF54C, 0xF50B, 0xF56D, 0xF5AE, 0xF5AE, 0xF58D, 0xF52B,
    0xF56C, 0xF5AE, 0xF56C, 0xF54C, 0xF56C, 0xFDAE, 0xF54C, 0xF58D,
    0xFDCE, 0xFDCE, 0xFDCF, 0xFDCF, 0xD3C7, 0xC2C4, 0xCB04, 0xCAE3,
    0xB283, 0xB283, 0xCAE3, 0xC2C3, 0xB242, 0xB242, 0xB222, 0xB242,
    0x99A1, 0xAA21, 0xB242, 0xBA83, 0xC2A3, 0xCAC3, 0xC2A3, 0xD344,
    0xE385, 0xDB65, 0xE3A5, 0xF4A8, 0xFDEE, 0xFE30, 0xFE93, 0xF52B,
    0xFDCE, 0xFE72, 0xFE10, 0xE469, 0xDB65, 0xEC27, 0xE385, 0xEBE6,
    0xF406, 0xFD2A, 0xF674, 0xE635, 0xE635, 0xE614, 0xE614, 0xE614,
    0xE614, 0xE614, 0xE614, 0xDDF4, 0xE614, 0xDDF4, 0xDDF4, 0xDDF4,
    0xDDF3, 0xDDF3, 0xDDF3, 0xDDD3, 0xDDD3, 0xDDD3, 0xDDD3, 0xDDD3,
    0xDDD3, 0xDDD3, 0xDDD3, 0xDDD3, 0xDDD3, 0xDDD3, 0xDDD3, 0xDDD3,
    0xDDD3, 0xDDD3, 0xDDD3, 0xDDD3, 0xDDD3, 0xDDD3, 0xDDD3, 0xDDD3,
    0xDDB2, 0xDDB2, 0xDDB2, 0xDDB2, 0xDDB2, 0xDDB2, 0xDDB2, 0xDDB2,
    0xDDB2, 0xDDB2, 0xDDB2, 0xDDB2, 0xDD92, 0xD592, 0xD592, 0xD591,
    0xD591, 0xD571, 0xD571, 0xD591, 0xD571, 0xD571, 0xD571, 0xD571,
    0xC346, 0xC346, 0xC366, 0xC366, 0xC366, 0xC366, 0xC366, 0xC366,
    0xC365, 0xC365, 0xC345, 0xC345, 0xC345, 0xC345, 0xC345, 0xBB45,
    0xBB45, 0xBB45, 0xBB45, 0xBB25, 0xBB25, 0xBB25, 0xBB25, 0xBB25,
    0xBB25, 0xBB05, 0xBB05, 0xB305, 0xAAC5, 0xA2A4, 0x9243, 0x8A23,
    0x79E2, 0x71A2, 0x6981, 0x69A1, 0x71A2, 0x79C2, 0x8203, 0x8223,
    0x8A44, 0x9264, 0x9284, 0x9AA5, 0x9AA5, 0x9AC5, 0x9AC5, 0xA2E5,
    0xA2E6, 0xA2E6, 0xA326, 0xAB67, 0xBBC8, 0xC3E9, 0xD48A, 0xFD8C,
    0xFCC9, 0xF4A9, 0xF448, 0xEC07, 0xE3C6, 0xCB04, 0xECEB, 0xFE10,
    0xF58D, 0xFE2F, 0xF58C, 0xE3C4, 0xCAE3, 0xD323, 0xBA82, 0xBA82,
    0xBA83, 0xBA83, 0xBA62, 0xBA62, 0xBA83, 0xBA82, 0xBA82, 0xBAA2,
    0xBAA3, 0xCB03, 0xC2A3, 0xD344, 0xDB85, 0xDBE6, 0xF52B, 0xF5AD,
    0xFDCD, 0xFDEE, 0xF58C, 0xF56B, 0xFD6C, 0xFD8C, 0xEC88, 0xDBA5,
    0xCB03, 0xD324, 0xCAC3, 0xB242, 0xC282, 0xC2A2, 0xBA82, 0xBA62,
    0xBA82, 0xBA83, 0xBA42, 0xAA01, 0xB242, 0xA201, 0xAA42, 0xB242,
    0xA201, 0x99E1, 0xB241, 0xB262, 0xB262, 0xD3A5, 0xF56C, 0xF56C,
    0xF56D, 0xF54C, 0xECEA, 0xF5CF, 0xFDEF, 0xF58D, 0xF54C, 0xF54C,
    0xFD8C, 0xFDCE, 0xF56C, 0xF5CE, 0xF58D, 0xF58D, 0xF5AD, 0xF56D,
    0xF56D, 0xFDAE, 0xFDCE, 0xF54C, 0xC346, 0xBA63, 0xCAE3, 0xCAE3,
    0xBA83, 0xBA83, 0xC2A3, 0xB263, 0xB262, 0xB262, 0xAA02, 0xAA22,
    0xAA22, 0xBA62, 0xB263, 0xAA22, 0xC2A3, 0xC2A2, 0xC2C3, 0xCAE3,
    0xD323, 0xE385, 0xE3A5, 0xFD2B, 0xFE30, 0xFE10, 0xFE93, 0xFDEF,
    0xFD2B, 0xF58D, 0xE448, 0xE427, 0xCB24, 0xE3C5, 0xE385, 0xEBC5,
    0xF407, 0xFCE9, 0xFE52, 0xE635, 0xE614, 0xE614, 0xDE14, 0xDE14,
    0xDDF4, 0xDE14, 0xDDF4, 0xDDF4, 0xDDF4, 0xDDF4, 0xDDF4, 0xDDF4,
    0xDDF3, 0xDDF3, 0xDDD3, 0xDDF3, 0xDDD3, 0xDDD3, 0xDDD3, 0xDDD3,
    0xDDD3, 0xDDD3, 0xDDD3, 0xDDD3, 0xDDD3, 0xDDD3, 0xDDD3, 0xDDD3,
    0xDDD3, 0xDDD3, 0xDDD3, 0xDDD3, 0xDDD3, 0xDDD3, 0xDDD3, 0xDDD3,
    0xDDB2, 0xDDB2, 0xDDB2, 0xDDB2, 0xDDB2, 0xDDB2, 0xDDB2, 0xDDB2,
    0xDDB2, 0xDDD3, 0xDDD3, 0xDDB2, 0xDDB2, 0xDDB2, 0xDDB2, 0xD592,
    0xD592, 0xD592, 0xD592, 0xD592, 0xD592, 0xD592, 0xD591, 0xD591,
    0xC346, 0xC366, 0xC366, 0xC366, 0xC366, 0xC366, 0xC366, 0xC366,
    0xC366, 0xC366, 0xC366, 0xC345, 0xC345, 0xC345, 0xC345, 0xBB45,
    0xBB45, 0xBB45, 0xBB45, 0xBB45, 0xBB45, 0xBB25, 0xBB25, 0xBB25,
    0xBB25, 0xBB25, 0xBB25, 0xB305, 0xAAC5, 0xA2A4, 0x9243, 0x8A03,
    0x79E2, 0x71A2, 0x6981, 0x6981, 0x71A2, 0x71C2, 0x7A03, 0x8223,
    0x8A43, 0x9264, 0x9284, 0x9AA5, 0x9AA5, 0x9AC5, 0x9AC5, 0xA2E5,
    0xA2E6, 0xA306, 0xA326, 0xAB67, 0xBBC8, 0xBBE9, 0xD46A, 0xFD8C,
    0xFCC9, 0xF488, 0xFC88, 0xEC06, 0xCAE4, 0xCAE3, 0xDBC7, 0xED4C,
    0xFDEF, 0xF5CE, 0xF56B, 0xF4C8, 0xE3E5, 0xDB64, 0xCB03, 0xC2A2,
    0xC2A2, 0xBA82, 0xB241, 0xC2A2, 0xBAA2, 0xC2C3, 0xB262, 0xB262,
    0xCB03, 0xD303, 0xC2C2, 0xB262, 0xA201, 0xCB44, 0xF58D, 0xFDCE,
    0xFDCE, 0xF56C, 0xF52A, 0xF54B, 0xF54A, 0xF50A, 0xEC88, 0xDB84,
    0xCAE3, 0xBAA2, 0xAA42, 0xBAA3, 0xCAE3, 0xBA62, 0xBA62, 0xBA62,
    0xC282, 0xBA62, 0xB241, 0xAA01, 0xBA82, 0xB262, 0xBA82, 0xBA82,
    0xB262, 0xAA42, 0xB262, 0xBA82, 0xBA82, 0xDBC5, 0xF56C, 0xF58D,
    0xF56C, 0xF52C, 0xECEB, 0xF5AE, 0xF5AE, 0xF5CE, 0xF58D, 0xFDCE,
    0xFDCD, 0xF58C, 0xF58C, 0xFE0F, 0xFDEF, 0xF58D, 0xF5AE, 0xF5AE,
    0xF56C, 0xF58D, 0xFE0F, 0xECA9, 0xBA83, 0xBA63, 0xC2A3, 0xC2C3,
    0xB283, 0xBA83, 0xBA82, 0xAA02, 0xB242, 0xB242, 0xA1E1, 0xB242,
    0xAA02, 0xB242, 0xBAA3, 0xBA63, 0xC283, 0xCAC3, 0xD303, 0xD304,
    0xC2A3, 0xDB64, 0xE3A5, 0xFD4B, 0xFE51, 0xFE30, 0xFE51, 0xF54C,
    0xF4EA, 0xECAA, 0xCAE3, 0xDBA6, 0xD365, 0xD324, 0xEBE6, 0xEBE6,
    0xF406, 0xFCA8, 0xFDAD, 0xE5F3, 0xDE14, 0xDDF4, 0xDDF4, 0xDDF3,
    0xDDF3, 0xDDF3, 0xDDF3, 0xDDF3, 0xDDD3, 0xDDD3, 0xDDD3, 0xDDD3,
    0xDDD3, 0xDDD3, 0xDDD3, 0xDDD3, 0xDDD3, 0xDDD3, 0xDDD3, 0xDDD3,
    0xDDD3, 0xDDD3, 0xDDD3, 0xDDD3, 0xDDD3, 0xDDD3, 0xDDD2, 0xDDD3,
    0xDDD3, 0xDDD2, 0xDDD3, 0xDDD3, 0xDDD2, 0xDDB2, 0xDDB3, 0xDDB2,
    0xDDB2, 0xDDB2, 0xDDB2, 0xDDB2, 0xDDB2, 0xDDB2, 0xDDB2, 0xDDB2,
    0xDDB2, 0xDDB2, 0xDDB2, 0xDDB2, 0xDDB2, 0xDDB2, 0xD5B2, 0xD592,
    0xD592, 0xD592, 0xDD92, 0xD592, 0xD592, 0xD591, 0xD591, 0xD591,
    0xC346, 0xC366, 0xC366, 0xC366, 0xC366, 0xC366, 0xC366, 0xC366,
    0xC366, 0xC366, 0xC366, 0xC365, 0xC345, 0xC345, 0xC365, 0xC365,
    0xC345, 0xBB45, 0xBB45, 0xBB45, 0xBB45, 0xBB25, 0xBB25, 0xBB25,
    0xBB25, 0xBB25, 0xBB25, 0xB305, 0xAAE5, 0xA2A4, 0x9243, 0x8A03,
    0x79C2, 0x69A2, 0x6981, 0x6981, 0x69A2, 0x71C2, 0x79E3, 0x8223,
    0x8A43, 0x9264, 0x9284, 0x9AA4, 0x9AA5, 0x9AC5, 0x9AC5, 0xA2E5,
    0xA2E6, 0xA306, 0xA326, 0xAB67, 0xBBC8, 0xBBE9, 0xDCAA, 0xFDEE,
    0xF4A9, 0xFCC9, 0xF468, 0xD324, 0xC2A3, 0xD324, 0xC2E4, 0xE4AA,
    0xFDAD, 0xF54B, 0xF58C, 0xF56C, 0xF4E9, 0xE3C4, 0xCAC2, 0xBA62,
    0xC282, 0xBA62, 0xB241, 0xAA22, 0xB262, 0xB262, 0xBA82, 0xC2C3,
    0xC2C3, 0xBA82, 0xBA82, 0xB262, 0xBAA2, 0xD365, 0xE4CA, 0xED0A,
    0xF52B, 0xF56C, 0xF56C, 0xF56C, 0xF54B, 0xF50A, 0xF50A, 0xDBC5,
    0xCAC2, 0xC2A2, 0xBA82, 0xBAC3, 0xBA82, 0xB282, 0xB241, 0xB241,
    0xCAE3, 0xC2A2, 0xAA42, 0xB262, 0xC2C3, 0xC2C3, 0xBA62, 0xC2A2,
    0xB282, 0xB262, 0xB262, 0xC2A2, 0xCAE3, 0xEC88, 0xF56D, 0xF58D,
    0xF56D, 0xED2B, 0xED0B, 0xF5CF, 0xF58D, 0xF58D, 0xF58D, 0xFDEF,
    0xFDCE, 0xF52B, 0xF56C, 0xFE30, 0xF5CE, 0xF56C, 0xF5AE, 0xF5CE,
    0xF5AD, 0xF56C, 0xFDEE, 0xE448, 0xB242, 0xBA62, 0xBA83, 0xB263,
    0xAA22, 0xB242, 0xBA82, 0xB222, 0xB242, 0xC2A3, 0xBA62, 0xB242,
    0xAA42, 0xA202, 0xBA83, 0xBAA3, 0xC2A3, 0xCAC3, 0xCAC3, 0xD324,
    0xCB04, 0xCAE3, 0xE384, 0xFD4B, 0xFE51, 0xFE30, 0xFE30, 0xEC68,
    0xE3A6, 0xE3C6, 0xC2A3, 0xC2A3, 0xDB85, 0xD324, 0xEBE6, 0xEC06,
    0xEBE6, 0xFC88, 0xFD6C, 0xE5D2, 0xDDF4, 0xDDD3, 0xDDD3, 0xDDD3,
    0xDDD3, 0xDDD3, 0xDDD3, 0xDDB3, 0xDDB3, 0xDDB3, 0xD5B3, 0xD5B3,
    0xD5B3, 0xD5B3, 0xD5B2, 0xD5B2, 0xD5B2, 0xDDB3, 0xDDB2, 0xDDB2,
    0xD5B2, 0xD5B2, 0xD5B2, 0xD5B2, 0xDDB2, 0xD5B2, 0xD5B2, 0xDDB2,
    0xDDB2, 0xD5B2, 0xD5B2, 0xD5B2, 0xD5B2, 0xD592, 0xD592, 0xD592,
    0xD591, 0xD591, 0xD571, 0xD571, 0xD591, 0xD592, 0xD592, 0xD592,
    0xD592, 0xD592, 0xD5B2, 0xD592, 0xD592, 0xD592, 0xD591, 0xD591,
    0xD571, 0xD571, 0xD592, 0xD591, 0xD571, 0xD571, 0xD571, 0xD571,
    0xC366, 0xC366, 0xC366, 0xC366, 0xC366, 0xC366, 0xC366, 0xC366,
    0xC366, 0xC366, 0xC366, 0xC366, 0xC366, 0xC366, 0xC366, 0xC366,
    0xC365, 0xC345, 0xC345, 0xC345, 0xC345, 0xBB45, 0xBB25, 0xBB25,
    0xBB25, 0xBB25, 0xBB25, 0xBB25, 0xAAE5, 0xA2A4, 0x9243, 0x8203,
    0x79C2, 0x6982, 0x6161, 0x6181, 0x6982, 0x71C2, 0x79E3, 0x8203,
    0x8A43, 0x9264, 0x9284, 0x9AA5, 0x9AA5, 0x9AC5, 0x9AC5, 0xA2E5,
    0xA2E6, 0xA306, 0xA326, 0xAB67, 0xBBC8, 0xBBE9, 0xDCCB, 0xFE30,
    0xFCA9, 0xF4A9, 0xE3A5, 0xD344, 0xDB65, 0xD324, 0xBAA3, 0xD3A6,
    0xF56C, 0xF5AD, 0xF5EF, 0xF5AD, 0xF54B, 0xEC87, 0xDB84, 0xC2C2,
    0xC2A2, 0xBA82, 0xAA41, 0xAA21, 0xA201, 0xCAC3, 0xBAA3, 0xC2A3,
    0xBA82, 0xC2A2, 0xC2A2, 0xC2C2, 0xC2C3, 0xC2C2, 0xE469, 0xF54B,
    0xF58C, 0xF5AD, 0xF56C, 0xF56C, 0xF58C, 0xF58D, 0xF56C, 0xEC88,
    0xD323, 0xC282, 0xBAA3, 0xA222, 0xB262, 0xBAA3, 0xB242, 0xC2A2,
    0xBA82, 0xBA62, 0xBA82, 0xBA82, 0xAA21, 0xBA82, 0xBA62, 0xBA82,
    0xC2E3, 0xBA82, 0xB262, 0xC2C2, 0xCB23, 0xECC9, 0xF56C, 0xF54C,
    0xF54C, 0xF58D, 0xF54C, 0xF58D, 0xF56C, 0xF56D, 0xF58D, 0xFDCF,
    0xF58D, 0xF54C, 0xF56C, 0xFE0F, 0xF5AE, 0xF56C, 0xF58D, 0xF58D,
    0xF54C, 0xF56C, 0xF58D, 0xEC89, 0xBA82, 0xAA22, 0xB263, 0xAA22,
    0xB242, 0xB283, 0xB262, 0xB262, 0xB263, 0xCAE3, 0xCAE3, 0xBA83,
    0xAA42, 0xB262, 0xCAC3, 0xCAE3, 0xC2C3, 0xD324, 0xD304, 0xCAC3,
    0xC2C3, 0xCAE3, 0xEBC5, 0xFDAD, 0xFE31, 0xFE10, 0xFDEF, 0xE469,
    0xDB23, 0xD304, 0xBAA3, 0xBA82, 0xCAC3, 0xCB03, 0xE3A5, 0xEC06,
    0xE365, 0xF467, 0xFDAD, 0xDDB2, 0xD5D3, 0xD5B3, 0xD5B2, 0xD5B2,
    0xD592, 0xD592, 0xD592, 0xD592, 0xD592, 0xD592, 0xD592, 0xD592,
    0xD592, 0xD592, 0xD592, 0xD592, 0xD592, 0xD592, 0xD592, 0xD592,
    0xD572, 0xD592, 0xD592, 0xD592, 0xD592, 0xD592, 0xD572, 0xD571,
    0xD571, 0xD571, 0xD571, 0xD571, 0xD551, 0xCD51, 0xCD51, 0xCD51,
    0xCD51, 0xCD50, 0xCD50, 0xCD30, 0xCD30, 0xCD50, 0xCD51, 0xCD71,
    0xCD71, 0xCD71, 0xD571, 0xD571, 0xD571, 0xCD71, 0xCD51, 0xCD51,
    0xCD51, 0xCD51, 0xCD51, 0xCD51, 0xCD50, 0xCD30, 0xCD30, 0xCD30,
    0xC366, 0xC366, 0xC366, 0xC366, 0xC366, 0xC366, 0xC366, 0xC366,
    0xCB66, 0xCB66, 0xCB66, 0xC366, 0xC366, 0xC366, 0xC366, 0xC366,
    0xC366, 0xC365, 0xC365, 0xC345, 0xC345, 0xC345, 0xC325, 0xC325,
    0xC345, 0xBB25, 0xBB25, 0xBB25, 0xAAE5, 0xA2A4, 0x9264, 0x8203,
    0x79C2, 0x6981, 0x6161, 0x6161, 0x6982, 0x71A2, 0x79E2, 0x8223,
    0x8A44, 0x9264, 0x9284, 0x9284, 0x9AA5, 0x9AC5, 0x9AE5, 0xA2E6,
    0xA2E6, 0xA306, 0xA326, 0xAB67, 0xBBC9, 0xBBE9, 0xDD0C, 0xFE92,
    0xF488, 0xEC27, 0xE3A6, 0xDB65, 0xD324, 0xCAE3, 0xB262, 0xDBC6,
    0xFDCE, 0xF56C, 0xECC9, 0xF54B, 0xF54C, 0xF52A, 0xEC87, 0xD303,
    0xCAC2, 0xBA82, 0xBA61, 0xB242, 0xBA82, 0xCB04, 0xC2C3, 0xC2A3,
    0xBA82, 0xC2A3, 0xC2A2, 0xCAE3, 0xCAE3, 0xD344, 0xF56C, 0xF5AE,
    0xF5CE, 0xF5EF, 0xF58D, 0xF58D, 0xF58D, 0xFDCE, 0xF5AE, 0xF4C8,
    0xD344, 0xBA82, 0xBA82, 0xB242, 0xC2C3, 0xBA82, 0xB221, 0xBA82,
    0xBA62, 0xAA21, 0xB262, 0xB241, 0xB241, 0xC2C3, 0xBA61, 0xBA82,
    0xC2C3, 0xC2C3, 0xB262, 0xC2A2, 0xD364, 0xF50A, 0xF58D, 0xF54C,
    0xF56C, 0xF58D, 0xF56D, 0xF56D, 0xF56C, 0xF58D, 0xF5CF, 0xF56D,
    0xED2C, 0xE4CA, 0xF58E, 0xF5EF, 0xF54C, 0xF56D, 0xF58D, 0xF56C,
    0xF56C, 0xF56C, 0xF58D, 0xECCA, 0xBAA3, 0xC2C3, 0xC2C3, 0xC2C3,
    0xC2E3, 0xBAC3, 0xBAA3, 0xBA82, 0xC2A3, 0xC2A3, 0xC2C3, 0xC2C3,
    0xC2A3, 0xCAC3, 0xC2A3, 0xCB03, 0xC2A3, 0xD324, 0xD324, 0xD303,
    0xD324, 0xDB24, 0xF467, 0xFDCD, 0xFE10, 0xFE31, 0xFE51, 0xE449,
    0xD344, 0xDB65, 0xCAE3, 0xCAE3, 0xBA82, 0xD304, 0xDB44, 0xE3A5,
    0xEBE6, 0xF447, 0xFDAD, 0xDD71, 0xCD92, 0xCD92, 0xCD72, 0xCD71,
    0xCD51, 0xCD51, 0xCD51, 0xCD51, 0xCD51, 0xCD51, 0xCD51, 0xCD51,
    0xCD51, 0xCD51, 0xCD51, 0xCD31, 0xCD51, 0xCD31, 0xCD51, 0xCD51,
    0xCD51, 0xCD51, 0xCD51, 0xCD51, 0xCD51, 0xCD51, 0xCD51, 0xCD51,
    0xCD31, 0xCD30, 0xCD30, 0xC510, 0xC510, 0xC510, 0xC4F0, 0xC4F0,
    0xC4EF, 0xC4EF, 0xC4EF, 0xC4EF, 0xC4EF, 0xC4EF, 0xC510, 0xC510,
    0xC510, 0xCD30, 0xCD30, 0xCD30, 0xCD30, 0xCD30, 0xCD30, 0xC510,
    0xC510, 0xC510, 0xC4F0, 0xC4F0, 0xC4EF, 0xC4EF, 0xC4EF, 0xC50F,
    0xC366, 0xC366, 0xC366, 0xC386, 0xC386, 0xC386, 0xC386, 0xCB86,
    0xCB86, 0xCB86, 0xCB66, 0xC366, 0xC366, 0xC366, 0xC366, 0xC366,
    0xC366, 0xC366, 0xC366, 0xC365, 0xC345, 0xC345, 0xC345, 0xC325,
    0xBB25, 0xC345, 0xBB45, 0xBB25, 0xAAE5, 0xA2A4, 0x9264, 0x8203,
    0x79C2, 0x6982, 0x6161, 0x6161, 0x6981, 0x71A2, 0x79E2, 0x8223,
    0x8A44, 0x9264, 0x9284, 0x9AA4, 0x9AA5, 0x9AC5, 0x9AE5, 0xA2E6,
    0xA306, 0xA306, 0xA326, 0xAB67, 0xBBC8, 0xBBE9, 0xDCCC, 0xFE92,
    0xF488, 0xF468, 0xDBA6, 0xD344, 0xC2C3, 0xC2E4, 0xC2C3, 0xECA9,
    0xF54C, 0xEC68, 0xDB84, 0xECAA, 0xF5AD, 0xF58D, 0xF52A, 0xEC87,
    0xDB84, 0xD343, 0xD303, 0xC2A2, 0xCB03, 0xCB03, 0xC2C3, 0xC2E3,
    0xBAA3, 0xCAE3, 0xBA82, 0xCB03, 0xDBE6, 0xF52B, 0xF5AE, 0xF5AE,
    0xF5AE, 0xF5AE, 0xED2C, 0xF56D, 0xF5AE, 0xFDEF, 0xF56C, 0xF52A,
    0xE3E5, 0xCAC2, 0xC2A2, 0xCAE3, 0xC2A3, 0xAA01, 0xBA62, 0xC282,
    0xC2C3, 0xBA83, 0xBA62, 0xBA62, 0xBA62, 0xBA62, 0xBA82, 0xC2C3,
    0xB262, 0xC2A2, 0xBA82, 0xD344, 0xECEA, 0xF5AE, 0xED4C, 0xF56D,
    0xF58D, 0xED2B, 0xF5AE, 0xF56D, 0xECEA, 0xF52C, 0xE4AA, 0xCB86,
    0xC346, 0xBAC4, 0xDC49, 0xED0B, 0xE4AA, 0xF58D, 0xF58D, 0xF56C,
    0xF5AD, 0xF5AE, 0xF58D, 0xED0B, 0xD3A6, 0xCB24, 0xC2C3, 0xC2C3,
    0xC2C3, 0xCB23, 0xC2E3, 0xBA83, 0xC2E3, 0xB262, 0xAA22, 0xBA62,
    0xBA82, 0xD324, 0xD324, 0xD324, 0xCB04, 0xD344, 0xCB04, 0xD304,
    0xD323, 0xF468, 0xFD8C, 0xFE0F, 0xFE30, 0xFE93, 0xFE72, 0xE48A,
    0xDB44, 0xDB65, 0xD324, 0xD344, 0xC2C3, 0xCB03, 0xDB64, 0xDB65,
    0xF407, 0xF467, 0xFDCE, 0xD551, 0xC531, 0xC531, 0xC531, 0xC531,
    0xC530, 0xC510, 0xC510, 0xC510, 0xC4F0, 0xC4F0, 0xC4F0, 0xBCF0,
    0xC4F0, 0xBCF0, 0xBCF0, 0xBCF0, 0xBCF0, 0xBCF0, 0xBCF0, 0xBCF0,
    0xBCF0, 0xBCF0, 0xC4F0, 0xC4F0, 0xC4F0, 0xC4F0, 0xC4F0, 0xC4EF,
    0xC4CF, 0xBCCF, 0xBCCF, 0xBCCF, 0xBCCF, 0xBCAF, 0xBCAF, 0xB48F,
    0xB48E, 0xB48E, 0xB48E, 0xB48E, 0xB48E, 0xBC8E, 0xBCAF, 0xBCAF,
    0xBCAF, 0xBCCF, 0xC4EF, 0xC4F0, 0xC4EF, 0xBCCF, 0xBCCF, 0xBCCF,
    0xBCAF, 0xBCAF, 0xBCAE, 0xBCAE, 0xB48E, 0xBC8E, 0xBCAF, 0xBCAF,
    0xC366, 0xC386, 0xC386, 0xC386, 0xC386, 0xC386, 0xCB86, 0xCB86,
    0xCB86, 0xCB86, 0xC386, 0xC366, 0xC386, 0xC366, 0xC366, 0xC366,
    0xC366, 0xC366, 0xC366, 0xC366, 0xC366, 0xC345, 0xC345, 0xC345,
    0xBB25, 0xC345, 0xBB45, 0xBB25, 0xAAE5, 0xA2A5, 0x9264, 0x8223,
    0x71C2, 0x6182, 0x5961, 0x6161, 0x6982, 0x71C2, 0x79E3, 0x8223,
    0x8A44, 0x9264, 0x9284, 0x9AA4, 0x9AA5, 0x9AC5, 0xA2E5, 0xA2E6,
    0xA306, 0xA306, 0xAB27, 0xB388, 0xBBE9, 0xBBE9, 0xDCEC, 0xFED3,
    0xFD4B, 0xF468, 0xD344, 0xDBA6, 0xD344, 0xD344, 0xC304, 0xE428,
    0xE3E6, 0xEC67, 0xDB84, 0xE428, 0xFDEF, 0xF58D, 0xF58C, 0xF56C,
    0xECA8, 0xE406, 0xDBA5, 0xD364, 0xCB23, 0xC2C3, 0xC2C3, 0xC2C3,
    0xC2E3, 0xBA82, 0xCAE3, 0xD364, 0xF52B, 0xF58C, 0xF5EF, 0xF58D,
    0xF56C, 0xED2B, 0xE4A9, 0xF58D, 0xF56D, 0xF56D, 0xF52B, 0xF58C,
    0xF4E9, 0xDBA4, 0xD364, 0xCB04, 0xB262, 0x99E1, 0xAA21, 0xB242,
    0xCB03, 0xBAA3, 0xAA21, 0xAA21, 0xBA41, 0xB241, 0xBA82, 0xC2C3,
    0xB262, 0xBAC2, 0xD364, 0xECA9, 0xF58D, 0xF5AE, 0xF56D, 0xF5AE,
    0xF58D, 0xF54C, 0xED2C, 0xE489, 0xCB65, 0xDC49, 0xD3C7, 0xC304,
    0xB262, 0xB282, 0xC2C3, 0xD385, 0xDBE7, 0xF56C, 0xF56C, 0xF58D,
    0xF5CE, 0xF58D, 0xF58D, 0xF58D, 0xE4A9, 0xD3A5, 0xBA83, 0xB263,
    0xB262, 0xC2C3, 0xCB24, 0xC2E4, 0xCB04, 0xBAA3, 0xAA42, 0xB262,
    0xBAA3, 0xC2C3, 0xD345, 0xD344, 0xD344, 0xC2C3, 0xC2E4, 0xDB85,
    0xEC47, 0xFD6C, 0xFE0F, 0xFE30, 0xFE10, 0xFE51, 0xFE51, 0xDC49,
    0xCB03, 0xDB85, 0xD344, 0xDBA6, 0xD365, 0xD344, 0xDB85, 0xD344,
    0xE3C6, 0xF467, 0xFDAE, 0xCD31, 0xBCF0, 0xBCF0, 0xBCF0, 0xBCF0,
    0xBCF0, 0xBCF0, 0xBCD0, 0xBCCF, 0xBCAF, 0xB4AF, 0xB4AF, 0xB4AF,
    0xB4AF, 0xB4AF, 0xB4AF, 0xB48F, 0xB48F, 0xB4AF, 0xB4AF, 0xB4AF,
    0xB4AF, 0xB4AF, 0xBCAF, 0xBCAF, 0xB4AF, 0xBCAF, 0xB48F, 0xB48F,
    0xB48E, 0xB48E, 0xB48E, 0xB48E, 0xB48E, 0xB48E, 0xB46E, 0xAC4E,
    0xAC4D, 0xAC2D, 0xAC2D, 0xAC2D, 0xAC2D, 0xAC4E, 0xAC6E, 0xAC6E,
    0xB46E, 0xB48F, 0xB4AF, 0xB4AF, 0xB4AF, 0xB48F, 0xB48E, 0xB48E,
    0xB46E, 0xAC6E, 0xAC4E, 0xAC4D, 0xAC4D, 0xAC4E, 0xB46E, 0xB46E,
};
