/*!
	@file    02_happy_smile_240x320_RGB565.hpp
	@author  Generated by bmp2hpp.py
	@brief   Library header file for test bitmap data, holds bitmap data.
	@note    NOT part of core library only used for holding test data,
			 can be omitted in project use or port.
	@details bitmaps in file
		        -#  02_happy_smile_240x320_RGB565    : 16 bit color 565,  76800 pixels, 153600 bytes (240x320)
*/

#pragma once

/// @cond

// array size is 76800 pixels (240x320), 153600 bytes
// BMP pixel data offset 66
// RGB 565 16 bit color

const unsigned short happy_smile_240x320_RGB565[76800] PROGMEM = {
    0xCD73, 0xCD93, 0xCD93, 0xCD73, 0xCD73, 0xCD72, 0xCD52, 0xC552,
    0xC552, 0xC552, 0xC552, 0xC552, 0xC532, 0xC532, 0xC532, 0xC532,
    0xC532, 0xC532, 0xC532, 0xC532, 0xC532, 0xC532, 0xC532, 0xC531,
    0xC531, 0xC531, 0xC531, 0xC531, 0xC531, 0xC511, 0xC511, 0xC511,
    0xC511, 0xC511, 0xC511, 0xC511, 0xC511, 0xC511, 0xC4F1, 0xC511,
    0xC4F0, 0xC4F1, 0xC511, 0xC4F1, 0xC4F1, 0xC4F1, 0xC4F1, 0xC4F1,
    0xBCF1, 0xBCF1, 0xBCF1, 0xBCF1, 0xBCF0, 0xBCD0, 0xBCD0, 0xBCF0,
    0xBCF0, 0xBCD0, 0xBCD0, 0xBCD0, 0xBCAF, 0xB48E, 0xB44D, 0xB42C,
    0xABEA, 0xABA9, 0xAB88, 0xAB67, 0xB387, 0xB3A8, 0xB3C8, 0xB3A8,
    0xB3EA, 0xB42C, 0xBC8F, 0xBCF1, 0xC553, 0xC595, 0xCDD6, 0xCDF7,
    0xCE18, 0xCE18, 0xCE18, 0xCE18, 0xCE18, 0xCE18, 0xCE18, 0xCE18,
    0xCE18, 0xCE18, 0xCE17, 0xCE17, 0xCE17, 0xCE18, 0xCE17, 0xCE17,
    0xCE17, 0xCE17, 0xCDF7, 0xCDF7, 0xCDF7, 0xCDF7, 0xCDF7, 0xCDF7,
    0xCDF7, 0xCE17, 0xCE18, 0xCE17, 0xCE17, 0xCE17, 0xCDF7, 0xCDF7,
    0xCDF7, 0xCDF7, 0xCDF7, 0xCDF7, 0xCDF7, 0xCDF7, 0xCE17, 0xCDF7,
    0xCDF7, 0xCDF7, 0xCDF7, 0xCDF7, 0xCDF7, 0xCDF7, 0xCE17, 0xCE17,
    0xCDF7, 0xCDF7, 0xCDF7, 0xCDF7, 0xCDF7, 0xCDF7, 0xCDF7, 0xCDF7,
    0xCDF7, 0xCDF7, 0xCDF7, 0xCDF7, 0xCDF7, 0xCDF7, 0xCDF7, 0xCDF7,
    0xCDF7, 0xCDF7, 0xCDF7, 0xCDF7, 0xCDF7, 0xCDF7, 0xCDF7, 0xCDF7,
    0xCDF7, 0xCDF7, 0xCDF7, 0xCDF7, 0xCDF7, 0xCDF7, 0xCDF7, 0xCDF7,
    0xCE17, 0xCE17, 0xCE17, 0xCDF7, 0xCDF7, 0xCDF7, 0xCDF7, 0xCDF7,
    0xCE17, 0xCE17, 0xCE17, 0xCE17, 0xCDF7, 0xCDF7, 0xCDF7, 0xCDF7,
    0xCDF7, 0xCDF7, 0xCDF7, 0xCDF7, 0xCDF6, 0xCDF7, 0xCDF6, 0xCDF6,
    0xCDF6, 0xCDF6, 0xCDF6, 0xCDF6, 0xCDF6, 0xCDF6, 0xCDD6, 0xCDD6,
    0xCDD6, 0xCDF6, 0xCDF6, 0xCDD6, 0xCDD6, 0xCDF6, 0xCDF6, 0xCDF6,
    0xCDF6, 0xCDF6, 0xCDF6, 0xCDF6, 0xCDF6, 0xCDF7, 0xCDF7, 0xCDF6,
    0xCDF6, 0xCDF6, 0xCDF6, 0xCDF6, 0xCDF6, 0xCDF6, 0xCDF6, 0xCDF6,
    0xCDF6, 0xCDF7, 0xCE17, 0xD617, 0xCE17, 0xCE17, 0xCDF7, 0xCDF7,
    0xCDF7, 0xCDF7, 0xCDF7, 0xCDF7, 0xCDF6, 0xCDF6, 0xCDF6, 0xCDF6,
    0xCDF6, 0xCDF6, 0xCE16, 0xCDF6, 0xCDF6, 0xCDF6, 0xCDD6, 0xCDD6,
    0xCD93, 0xCD93, 0xCD93, 0xCD73, 0xCD72, 0xCD52, 0xC552, 0xC552,
    0xC532, 0xC552, 0xC532, 0xC532, 0xC531, 0xC531, 0xC532, 0xC532,
    0xC532, 0xC532, 0xC552, 0xC552, 0xC532, 0xC532, 0xC531, 0xC531,
    0xC531, 0xC511, 0xC531, 0xC531, 0xC531, 0xC532, 0xC531, 0xC511,
    0xC511, 0xC511, 0xC511, 0xC511, 0xC4F1, 0xC4F1, 0xC4F1, 0xC4F1,
    0xC4F0, 0xC4F1, 0xC4F1, 0xC4F1, 0xC4F1, 0xC511, 0xC511, 0xC4F1,
    0xC4F1, 0xBCF1, 0xBCF1, 0xBCF0, 0xBCF0, 0xBCD0, 0xBCD0, 0xBCD0,
    0xBCD0, 0xBCD0, 0xBCD0, 0xBCCF, 0xBCAF, 0xB46E, 0xB44D, 0xB42C,
    0xABEA, 0xABA9, 0xAB88, 0xAB67, 0xB387, 0xB3A7, 0xB3A8, 0xB3A8,
    0xB3EA, 0xB42C, 0xBC8F, 0xBCF1, 0xC553, 0xC595, 0xCDD6, 0xCDF7,
    0xCE18, 0xCE18, 0xCE18, 0xCE18, 0xCE18, 0xCE18, 0xCE18, 0xCE18,
    0xCE18, 0xCE18, 0xCE17, 0xCE17, 0xCE18, 0xCE18, 0xCE18, 0xCE17,
    0xCE17, 0xCE17, 0xCE17, 0xCE17, 0xCDF7, 0xCDF7, 0xCDF7, 0xCE17,
    0xCE17, 0xCE17, 0xCE17, 0xCE17, 0xCE17, 0xCE17, 0xCDF7, 0xCDF7,
    0xCDF7, 0xCDF7, 0xCDF7, 0xCDF7, 0xCDF7, 0xCDF7, 0xCDF7, 0xCDF7,
    0xCDF7, 0xCDF7, 0xCDF7, 0xCDF7, 0xCDF7, 0xCDF7, 0xCDF7, 0xCE17,
    0xCDF7, 0xCDF7, 0xCDF7, 0xCDF7, 0xCDF7, 0xCDF7, 0xCDF7, 0xCDF7,
    0xCDF7, 0xCDF7, 0xCDF7, 0xCDF7, 0xCDF7, 0xCDF7, 0xCDF7, 0xCDF7,
    0xCDF7, 0xCDF7, 0xCDF7, 0xCDF7, 0xCDF7, 0xCDF7, 0xCDF7, 0xCDF7,
    0xCDF7, 0xCDF7, 0xCDF7, 0xCDF7, 0xCDF7, 0xCDF7, 0xCDF7, 0xCDF7,
    0xCDF7, 0xCDF7, 0xCDF7, 0xCDF7, 0xCDF7, 0xCDF7, 0xCDF7, 0xCDF7,
    0xCDF7, 0xCE17, 0xCDF7, 0xCDF7, 0xCDF7, 0xCDF7, 0xCDF7, 0xCDF7,
    0xCDF7, 0xCDF7, 0xCDF6, 0xCDF7, 0xCDF7, 0xCDF6, 0xCDF6, 0xCDF7,
    0xCDF6, 0xCDF6, 0xCDF6, 0xCDF6, 0xCDD6, 0xCDD6, 0xCDD6, 0xCDF6,
    0xCDF6, 0xCDF6, 0xCDF6, 0xCDF6, 0xCDD6, 0xCDF6, 0xCDF6, 0xCDF6,
    0xCDF6, 0xCDF6, 0xCDF6, 0xCDF6, 0xCDF6, 0xCDF7, 0xCDF7, 0xCDF7,
    0xCDF7, 0xCDF6, 0xCDF6, 0xCDF6, 0xCDF6, 0xCDF6, 0xCDF6, 0xCDF6,
    0xCDF6, 0xCDF7, 0xCDF7, 0xCE17, 0xCE17, 0xCE17, 0xCDF7, 0xCDF7,
    0xCDF7, 0xCDF7, 0xCDF7, 0xCDF6, 0xCDF6, 0xCDF6, 0xCDF6, 0xCDF6,
    0xCDF6, 0xCDF6, 0xCDF6, 0xCDF6, 0xCDF6, 0xCDF6, 0xCDF6, 0xCDD6,
    0xCD73, 0xCD93, 0xCD93, 0xCD73, 0xCD72, 0xCD52, 0xC552, 0xC552,
    0xC532, 0xC532, 0xC532, 0xC531, 0xC531, 0xC531, 0xC531, 0xC531,
    0xC532, 0xC532, 0xC532, 0xC532, 0xC532, 0xC532, 0xC531, 0xC531,
    0xC531, 0xC511, 0xC511, 0xC531, 0xC531, 0xC532, 0xC531, 0xC511,
    0xC511, 0xC511, 0xC511, 0xC511, 0xC4F1, 0xC511, 0xBCF1, 0xBCF1,
    0xC4F1, 0xC511, 0xC511, 0xC511, 0xC511, 0xC511, 0xC511, 0xC4F1,
    0xC4F1, 0xC4F1, 0xBCF0, 0xBCF0, 0xBCF0, 0xBCD0, 0xBCD0, 0xBCD0,
    0xBCD0, 0xBCD0, 0xBCD0, 0xBCCF, 0xBCAF, 0xB46E, 0xB44D, 0xAC0C,
    0xABEA, 0xABA9, 0xAB88, 0xAB67, 0xB387, 0xB3A7, 0xB3A7, 0xB3A8,
    0xB3EA, 0xB42C, 0xBC8F, 0xBCF1, 0xC553, 0xC595, 0xCDD6, 0xCDF7,
    0xCE18, 0xCE18, 0xCE18, 0xCE18, 0xCE18, 0xCE18, 0xCE18, 0xCE18,
    0xCE18, 0xCE18, 0xCE17, 0xCE18, 0xCE18, 0xCE18, 0xCE18, 0xCE18,
    0xCE17, 0xCE17, 0xCE17, 0xCE17, 0xCDF7, 0xCDF7, 0xCDF7, 0xCDF7,
    0xCE17, 0xCE17, 0xCE17, 0xCE17, 0xCE17, 0xCDF7, 0xCDF7, 0xCDF7,
    0xCDF7, 0xCDF7, 0xCDF7, 0xCDF7, 0xCDF7, 0xCDF7, 0xCDF7, 0xCDF7,
    0xCDF7, 0xCDF7, 0xCDF7, 0xCDF7, 0xCDF7, 0xCDF7, 0xCDF7, 0xCDF7,
    0xCDF7, 0xCDF7, 0xCDF7, 0xCDF7, 0xCDF7, 0xCE17, 0xCE17, 0xCDF7,
    0xCDF7, 0xCDF7, 0xCDF7, 0xCDF7, 0xCDF7, 0xCDF7, 0xCDF7, 0xCDF7,
    0xCDF7, 0xCDF7, 0xCDF7, 0xCDF7, 0xC5F7, 0xCDF7, 0xCDF7, 0xCDF7,
    0xCDF7, 0xCDF6, 0xCDF7, 0xCDF7, 0xCDF7, 0xCDF7, 0xCDF7, 0xCDF7,
    0xCDF7, 0xCDF7, 0xCDF7, 0xCDF7, 0xCDF7, 0xCE17, 0xCDF7, 0xCDF7,
    0xCDF7, 0xCDF7, 0xCE17, 0xCE17, 0xCDF7, 0xCDF7, 0xCDF7, 0xCDF7,
    0xCDF7, 0xCDF7, 0xCDF6, 0xCDF7, 0xCDF7, 0xCDF7, 0xCDF7, 0xCDF7,
    0xCDF6, 0xCDF6, 0xCDF6, 0xCDF6, 0xCDF6, 0xCDF6, 0xCDF6, 0xCDD6,
    0xCDF6, 0xCDF6, 0xCDF6, 0xCDF6, 0xCDF6, 0xCDF6, 0xCDF6, 0xCDF6,
    0xCDF6, 0xCDF6, 0xCDF6, 0xCDF6, 0xCDF7, 0xCDF7, 0xCDF7, 0xCDF7,
    0xCDF7, 0xCDF7, 0xCDF6, 0xCDF6, 0xCDF6, 0xCDF6, 0xCDF6, 0xCDF7,
    0xCDF7, 0xCDF7, 0xCDF7, 0xCDF7, 0xCDF7, 0xCE17, 0xCDF7, 0xCDF7,
    0xCDF7, 0xCDF7, 0xCDF6, 0xCDF6, 0xCDF6, 0xCDF6, 0xCDF6, 0xCDF6,
    0xCDF6, 0xCDF6, 0xCDF6, 0xCDF7, 0xCDF6, 0xCDF6, 0xCDF6, 0xCDF6,
    0xCD93, 0xCD93, 0xCD93, 0xCD73, 0xCD52, 0xCD52, 0xC552, 0xC552,
    0xC532, 0xC532, 0xC531, 0xC531, 0xC531, 0xC531, 0xC531, 0xC531,
    0xC532, 0xC532, 0xC532, 0xC532, 0xC532, 0xC532, 0xC531, 0xC531,
    0xC532, 0xC532, 0xC532, 0xC532, 0xC532, 0xC532, 0xC532, 0xC511,
    0xC511, 0xC511, 0xC511, 0xC511, 0xC511, 0xC511, 0xBCF1, 0xC4F1,
    0xC511, 0xC511, 0xC511, 0xC511, 0xC511, 0xC4F1, 0xC511, 0xC4F1,
    0xC4F1, 0xC4F0, 0xBCF0, 0xBCF0, 0xBCF0, 0xBCF0, 0xBCD0, 0xBCD0,
    0xBCD0, 0xBCD0, 0xBCCF, 0xBCCF, 0xBCAF, 0xB46E, 0xB44D, 0xAC0B,
    0xABEA, 0xABA9, 0xAB88, 0xAB67, 0xB387, 0xB3A7, 0xB3A7, 0xB3A8,
    0xB3EA, 0xB42C, 0xBC8F, 0xBCF1, 0xC553, 0xC595, 0xCDD6, 0xCE17,
    0xCE18, 0xCE18, 0xCE18, 0xCE18, 0xCE18, 0xCE18, 0xCE18, 0xCE18,
    0xCE18, 0xCE18, 0xCE18, 0xCE18, 0xCE17, 0xCE18, 0xCE18, 0xCE18,
    0xCE18, 0xCE17, 0xCE17, 0xCE17, 0xCE17, 0xCDF7, 0xCDF7, 0xCDF7,
    0xCDF7, 0xCE17, 0xCE17, 0xCE17, 0xCE17, 0xCDF7, 0xCE17, 0xCDF7,
    0xCDF7, 0xCDF7, 0xCDF7, 0xCDF7, 0xCDF7, 0xCDF7, 0xCDF7, 0xCDF7,
    0xCDF7, 0xCDF7, 0xCDF7, 0xCDF7, 0xCDF7, 0xCDF7, 0xCDF7, 0xCDF7,
    0xCDF7, 0xCDF7, 0xCDF7, 0xCDF7, 0xCDF7, 0xCE17, 0xCE17, 0xCE17,
    0xCDF7, 0xCDF7, 0xCDF7, 0xCDF7, 0xCDF7, 0xCDF7, 0xCDF7, 0xCDF7,
    0xCDF7, 0xCDF7, 0xCDF7, 0xCDF7, 0xCDF7, 0xCDF7, 0xCDF7, 0xCDF7,
    0xCDF7, 0xCDF6, 0xCDF7, 0xCDF7, 0xCDF7, 0xCDF7, 0xCDF7, 0xCDF7,
    0xCDF7, 0xCDF7, 0xCDF7, 0xCDF7, 0xCE17, 0xCDF7, 0xCDF7, 0xCDF7,
    0xCDF7, 0xCDF7, 0xCE17, 0xCE17, 0xCDF7, 0xCDF7, 0xCDF7, 0xCDF7,
    0xCDF7, 0xCDF7, 0xCDF7, 0xCDF7, 0xCDF7, 0xCDF7, 0xCDF7, 0xCDF7,
    0xCDF7, 0xCDF7, 0xCDF7, 0xCDF7, 0xCDF7, 0xCDF6, 0xCDF6, 0xCDF6,
    0xCDF6, 0xCDF6, 0xCDF6, 0xCDF7, 0xCDF6, 0xCDF7, 0xCDF7, 0xCDF7,
    0xCDF7, 0xCDF6, 0xCDF6, 0xCDF6, 0xCDF7, 0xCDF7, 0xCDF7, 0xCDF7,
    0xCDF7, 0xCDF7, 0xCDF6, 0xCDF6, 0xCDF6, 0xCDF6, 0xCDF6, 0xCDF6,
    0xCDF6, 0xCDF7, 0xCDF7, 0xCDF7, 0xCDF7, 0xCDF7, 0xCDF7, 0xCDF7,
    0xCDF7, 0xCE17, 0xCE16, 0xCDF6, 0xCDF6, 0xCDF6, 0xCDF6, 0xCDF6,
    0xCDF6, 0xCDF6, 0xCDF6, 0xCDF6, 0xCDF6, 0xCDF6, 0xCDF6, 0xCDF6,
    0xCD93, 0xCD73, 0xCD73, 0xCD73, 0xCD72, 0xCD52, 0xC552, 0xC552,
    0xC532, 0xC531, 0xC531, 0xC531, 0xC531, 0xC531, 0xC531, 0xC531,
    0xC532, 0xC532, 0xC532, 0xC532, 0xC532, 0xC532, 0xC532, 0xC532,
    0xC532, 0xC532, 0xC532, 0xC532, 0xC532, 0xC532, 0xC532, 0xC531,
    0xC511, 0xC511, 0xC511, 0xC511, 0xC511, 0xC511, 0xBCF1, 0xC511,
    0xC511, 0xC511, 0xC511, 0xC511, 0xC511, 0xC511, 0xC4F1, 0xC511,
    0xC4F1, 0xBCF0, 0xBCF0, 0xBCF0, 0xBCF0, 0xBCF0, 0xBCD0, 0xBCD0,
    0xBCD0, 0xBCD0, 0xBCCF, 0xBCCF, 0xBCAF, 0xB46E, 0xB44D, 0xB40B,
    0xABEA, 0xABC9, 0xAB88, 0xAB67, 0xB387, 0xB3A7, 0xB3A7, 0xB3C8,
    0xBBEA, 0xBC2C, 0xBC8F, 0xBCF1, 0xC553, 0xC595, 0xCDD6, 0xCE17,
    0xCE18, 0xCE18, 0xCE18, 0xCE18, 0xCE18, 0xCE18, 0xCE18, 0xCE18,
    0xCE18, 0xCE18, 0xCE18, 0xCE18, 0xCE18, 0xCE18, 0xCE17, 0xCE18,
    0xCE18, 0xCE18, 0xCE18, 0xCE17, 0xCE17, 0xCE17, 0xCE17, 0xCDF7,
    0xCDF7, 0xCDF7, 0xCE17, 0xCE17, 0xCE17, 0xCE17, 0xCDF7, 0xCDF7,
    0xCDF7, 0xCDF7, 0xCDF7, 0xCDF7, 0xCDF7, 0xCDF7, 0xCDF7, 0xCDF7,
    0xCDF7, 0xCDF7, 0xCDF7, 0xCDF7, 0xCDF7, 0xCDF7, 0xCDF7, 0xCDF7,
    0xCDF7, 0xCDF7, 0xCDF7, 0xCDF7, 0xCDF7, 0xCDF7, 0xCE17, 0xCE17,
    0xCDF7, 0xCDF7, 0xCDF7, 0xCDF7, 0xCDF7, 0xCDF7, 0xCDF7, 0xCDF7,
    0xCDF7, 0xCDF7, 0xCDF7, 0xCDF7, 0xCDF7, 0xCDF7, 0xCDF7, 0xCDF7,
    0xCDF7, 0xCDF7, 0xCDF7, 0xCDF7, 0xCDF7, 0xCDF7, 0xCDF7, 0xCDF7,
    0xCDF7, 0xCDF7, 0xCDF7, 0xCE17, 0xCE17, 0xCE17, 0xCE17, 0xCDF7,
    0xCDF7, 0xCDF7, 0xCDF7, 0xCE17, 0xCDF7, 0xCDF7, 0xCDF7, 0xCDF7,
    0xCDF7, 0xCDF7, 0xCDF7, 0xCDF7, 0xCDF7, 0xCDF7, 0xCDF7, 0xCDF7,
    0xCDF7, 0xCDF7, 0xCDF7, 0xCDF7, 0xCDF7, 0xCDF7, 0xCDF7, 0xCDF7,
    0xCDF7, 0xCDF6, 0xCDF6, 0xCDF6, 0xCDF6, 0xCDF7, 0xCDF7, 0xCDF7,
    0xCDF7, 0xCDF7, 0xCDF7, 0xCDF6, 0xCDF6, 0xCDF7, 0xCDF6, 0xCDF7,
    0xCDF7, 0xCDF7, 0xCDF7, 0xCDF7, 0xCDF7, 0xCDF6, 0xCDF6, 0xCDF6,
    0xCDF6, 0xCDF6, 0xCDF6, 0xCDF7, 0xCDF7, 0xCDF7, 0xCDF7, 0xCDF7,
    0xCE17, 0xCE17, 0xCE17, 0xCDF7, 0xCDF6, 0xCDF6, 0xCDF6, 0xCDF6,
    0xCDF6, 0xCDF6, 0xCDF6, 0xCDF6, 0xCDF6, 0xCDF6, 0xCDF6, 0xCDF6,
    0xCD93, 0xCD73, 0xCD73, 0xCD73, 0xCD72, 0xCD52, 0xCD52, 0xC552,
    0xC531, 0xC531, 0xC531, 0xC531, 0xC531, 0xC531, 0xC531, 0xC531,
    0xC532, 0xC532, 0xC532, 0xC532, 0xC552, 0xC532, 0xC532, 0xC532,
    0xC532, 0xC532, 0xC532, 0xC532, 0xC532, 0xC532, 0xC532, 0xC511,
    0xC511, 0xC511, 0xC511, 0xC511, 0xC511, 0xC511, 0xC511, 0xC511,
    0xC511, 0xC511, 0xC511, 0xC511, 0xC511, 0xC511, 0xC4F1, 0xC4F1,
    0xC4F0, 0xBCF0, 0xBCF0, 0xBCF0, 0xBCF0, 0xBCF0, 0xBCD0, 0xBCD0,
    0xBCD0, 0xBCD0, 0xBCD0, 0xBCCF, 0xBCAF, 0xB46E, 0xB44D, 0xAC0B,
    0xABEA, 0xABA9, 0xAB87, 0xAB67, 0xB387, 0xBBA7, 0xB3A7, 0xB3A8,
    0xBBEA, 0xBC4D, 0xBC8F, 0xBCF2, 0xC554, 0xC595, 0xCDD6, 0xCDF7,
    0xCE18, 0xCE18, 0xCE18, 0xCE18, 0xCE17, 0xCE17, 0xCE18, 0xCE18,
    0xCE18, 0xCE18, 0xCE18, 0xCE18, 0xCE18, 0xCE18, 0xCE18, 0xCE18,
    0xCE18, 0xCE18, 0xCE18, 0xCE17, 0xCE17, 0xCE17, 0xCE17, 0xCE17,
    0xCDF7, 0xCDF7, 0xCDF7, 0xCE17, 0xCE17, 0xCE17, 0xCDF7, 0xCDF7,
    0xCE17, 0xCDF7, 0xCDF7, 0xCDF7, 0xCDF7, 0xCDF7, 0xCDF7, 0xCDF7,
    0xCDF7, 0xCDF7, 0xCDF7, 0xCDF7, 0xCDF7, 0xCDF7, 0xCDF7, 0xCDF7,
    0xCDF7, 0xCDF7, 0xCDF7, 0xCDF7, 0xCDF7, 0xCDF7, 0xCE17, 0xCDF7,
    0xCDF7, 0xCDF7, 0xCDF7, 0xCDF7, 0xCDF7, 0xCDF7, 0xCDF7, 0xCDF7,
    0xCDF7, 0xCDF7, 0xCDF7, 0xCDF7, 0xCDF7, 0xCDF7, 0xCDF7, 0xCDF7,
    0xCDF7, 0xCDF7, 0xCDF7, 0xCDF7, 0xCDF7, 0xCDF7, 0xCDF7, 0xCDF7,
    0xCDF7, 0xCDF7, 0xCDF7, 0xCDF7, 0xCE17, 0xCDF7, 0xCDF7, 0xCDF7,
    0xCDF7, 0xCDF7, 0xCDF7, 0xCE17, 0xCDF7, 0xCDF7, 0xCDF7, 0xCDF7,
    0xCDF7, 0xCDF7, 0xCDF7, 0xCDF7, 0xCDF7, 0xCDF7, 0xCDF7, 0xCDF7,
    0xCDF7, 0xCDF7, 0xCDF7, 0xCDF7, 0xCDF7, 0xCDF7, 0xCDF7, 0xCDF7,
    0xCDF7, 0xCDF7, 0xCDF7, 0xCDF7, 0xCDF7, 0xCDF7, 0xCDF7, 0xCDF7,
    0xCDF7, 0xCDF7, 0xCDF7, 0xCDF7, 0xCDF6, 0xCDF6, 0xCDF6, 0xCDF6,
    0xCDF6, 0xCDF6, 0xCDF6, 0xCDF7, 0xCDF6, 0xCDF6, 0xCDF6, 0xCDF6,
    0xCDF6, 0xCDF6, 0xCDF6, 0xCDF6, 0xCE17, 0xCDF6, 0xCDF6, 0xCDF7,
    0xCE17, 0xCE17, 0xCE17, 0xCE17, 0xCDF7, 0xCDF7, 0xCDF6, 0xCDF6,
    0xCDF6, 0xCDF6, 0xCDF6, 0xCDF6, 0xCDF6, 0xCDF6, 0xCDF6, 0xCDF6,
    0xCD93, 0xCD93, 0xCD73, 0xCD73, 0xCD72, 0xCD52, 0xCD52, 0xCD52,
    0xC532, 0xC531, 0xC531, 0xC531, 0xC531, 0xC531, 0xC531, 0xC531,
    0xC531, 0xC532, 0xC532, 0xC532, 0xC532, 0xC532, 0xC532, 0xC532,
    0xC532, 0xC532, 0xC532, 0xC532, 0xC532, 0xC532, 0xC532, 0xC531,
    0xC511, 0xC511, 0xC511, 0xC511, 0xC511, 0xC511, 0xC511, 0xC511,
    0xC511, 0xC511, 0xC511, 0xC511, 0xC511, 0xC4F0, 0xC4F0, 0xBCF0,
    0xBCF0, 0xBCF0, 0xBCF0, 0xBCF0, 0xBCF0, 0xBCD0, 0xBCD0, 0xBCD0,
    0xBCD0, 0xBCD0, 0xBCD0, 0xBCCF, 0xBCAF, 0xB46E, 0xB44D, 0xAC0B,
    0xABCA, 0xABA9, 0xAB87, 0xAB67, 0xB387, 0xB3A7, 0xB3A7, 0xB3A8,
    0xB3EA, 0xBC2D, 0xBC8F, 0xC512, 0xC554, 0xC595, 0xCDD6, 0xCDF7,
    0xCE18, 0xCE18, 0xCE18, 0xCE18, 0xCE17, 0xCE18, 0xCE18, 0xCE18,
    0xCE18, 0xCE18, 0xCE18, 0xCE17, 0xCE17, 0xCE17, 0xCE17, 0xCE18,
    0xCE18, 0xCE18, 0xCE17, 0xCE17, 0xCE17, 0xCE17, 0xCE17, 0xCE17,
    0xCDF7, 0xCDF7, 0xCE17, 0xCE17, 0xCE17, 0xCDF7, 0xCDF7, 0xCDF7,
    0xCE17, 0xCDF7, 0xCDF7, 0xCDF7, 0xCDF7, 0xCDF7, 0xCDF7, 0xCDF7,
    0xCDF7, 0xCDF7, 0xCDF7, 0xCDF7, 0xCDF7, 0xCDF7, 0xCDF7, 0xCDF7,
    0xCDF7, 0xCDF7, 0xCDF7, 0xCDF7, 0xCE17, 0xCDF7, 0xCDF7, 0xCDF7,
    0xCE17, 0xCE17, 0xCDF7, 0xCDF7, 0xCDF7, 0xCDF7, 0xCDF7, 0xCDF7,
    0xCDF7, 0xCDF7, 0xCDF7, 0xCDF7, 0xCDF7, 0xCDF7, 0xCDF7, 0xCDF7,
    0xCDF7, 0xCDF7, 0xCDF7, 0xCDF7, 0xCDF7, 0xCDF7, 0xCDF7, 0xCDF7,
    0xCDF7, 0xCDF7, 0xCDF7, 0xCDF7, 0xCDF7, 0xCDF7, 0xCDF7, 0xCDF7,
    0xCDF7, 0xCDF7, 0xCDF7, 0xCDF7, 0xCDF7, 0xCDF7, 0xCDF7, 0xCDF7,
    0xCDF7, 0xCDF7, 0xCDF7, 0xCDF7, 0xCDF7, 0xCDF7, 0xCDF7, 0xCDF7,
    0xCDF7, 0xCDF6, 0xCDF6, 0xCDF7, 0xCDF7, 0xCDF7, 0xCDF7, 0xCDF7,
    0xCDF7, 0xCDF7, 0xCDF7, 0xCDF7, 0xCDF7, 0xCDF7, 0xCDF7, 0xCDF7,
    0xCDF7, 0xCDF7, 0xCDF7, 0xCDF7, 0xCDF6, 0xCDF6, 0xCDF6, 0xCDF6,
    0xCDF6, 0xCDF6, 0xCDF6, 0xCDF6, 0xCDF6, 0xCDF6, 0xCDF6, 0xCDF6,
    0xCDF6, 0xCDF6, 0xCDF7, 0xCDF6, 0xCDF7, 0xCDF6, 0xCDF6, 0xCDF7,
    0xCE17, 0xCE17, 0xCDF7, 0xCE17, 0xCDF7, 0xCDF6, 0xCDF6, 0xCE16,
    0xCDF6, 0xCDF6, 0xCDF6, 0xCDF6, 0xCDF6, 0xCDF6, 0xCDF6, 0xCDF6,
    0xCD93, 0xCD93, 0xCD93, 0xD573, 0xCD72, 0xCD52, 0xCD52, 0xCD52,
    0xCD52, 0xC531, 0xC531, 0xC531, 0xC531, 0xC531, 0xC511, 0xC511,
    0xC531, 0xC531, 0xC532, 0xC532, 0xC532, 0xC532, 0xC532, 0xC532,
    0xC531, 0xC531, 0xC531, 0xC531, 0xC532, 0xC532, 0xC532, 0xC531,
    0xC511, 0xC511, 0xC511, 0xC511, 0xC511, 0xC511, 0xC511, 0xC511,
    0xC511, 0xC511, 0xC511, 0xC511, 0xC510, 0xBCF0, 0xC4F0, 0xBCF0,
    0xBCD0, 0xBCF0, 0xBCF0, 0xBCF0, 0xBCD0, 0xBCD0, 0xBCD0, 0xBCD0,
    0xBCD0, 0xBCD0, 0xBCD0, 0xBCCF, 0xBCAF, 0xB46E, 0xB42C, 0xAC0B,
    0xABCA, 0xABA9, 0xAB87, 0xAB67, 0xB387, 0xB387, 0xB387, 0xB387,
    0xBBEA, 0xBC2D, 0xBCAF, 0xC512, 0xC554, 0xC595, 0xCDD6, 0xCDF7,
    0xCE18, 0xCE18, 0xCE18, 0xCE18, 0xCE18, 0xCE18, 0xCE18, 0xCE17,
    0xCE17, 0xCE18, 0xCE18, 0xCE38, 0xD638, 0xD638, 0xD659, 0xD638,
    0xD638, 0xCE38, 0xCE38, 0xCE17, 0xCE17, 0xCE18, 0xCE17, 0xCE17,
    0xCE17, 0xCE17, 0xCE17, 0xCE17, 0xCE18, 0xCDF7, 0xCDF7, 0xCDF7,
    0xCDF7, 0xCDF7, 0xCDF7, 0xCDF7, 0xCDF7, 0xCDF7, 0xCDF7, 0xCDF7,
    0xCDF7, 0xCDF7, 0xCDF7, 0xCDF7, 0xCDF7, 0xCDF7, 0xCDF7, 0xCDF7,
    0xCDF7, 0xCDF7, 0xCDF7, 0xCE17, 0xCE17, 0xCE17, 0xCE17, 0xCE17,
    0xCE17, 0xCE17, 0xCDF7, 0xCDF7, 0xCDF7, 0xCE17, 0xCDF7, 0xCDF7,
    0xCDF7, 0xC5F7, 0xCDF7, 0xCDF7, 0xCDF7, 0xCDF7, 0xCDF7, 0xCDF7,
    0xCDF7, 0xCDF7, 0xCDF7, 0xCDF7, 0xCDF7, 0xCDF7, 0xCDF7, 0xCDF7,
    0xCDF7, 0xCDF7, 0xCDF7, 0xCDF7, 0xCDF7, 0xCDF7, 0xCDF7, 0xCDF7,
    0xCDF7, 0xCDF7, 0xCDF7, 0xCDF7, 0xCDF7, 0xCDF7, 0xCDF7, 0xCDF7,
    0xCDF6, 0xCDF7, 0xCDF7, 0xCDF7, 0xCDF7, 0xCDF7, 0xCDF7, 0xCDF7,
    0xCDF7, 0xCDF6, 0xCDF7, 0xCDF7, 0xCDF7, 0xCDF7, 0xCDF7, 0xCDF7,
    0xCDF6, 0xCDF7, 0xCDF7, 0xCDF7, 0xCDF7, 0xCDF7, 0xCDF7, 0xCDF7,
    0xCDF7, 0xCDF6, 0xCDF7, 0xCDF7, 0xCDF6, 0xCDF6, 0xCDF6, 0xCDF6,
    0xCDF6, 0xCDF6, 0xCDF7, 0xCDF7, 0xCDF7, 0xCDF6, 0xCDF6, 0xCDF6,
    0xCDF6, 0xCDF6, 0xCDF6, 0xCDF6, 0xCDF6, 0xCDF7, 0xCDF6, 0xCDF7,
    0xCE17, 0xCE17, 0xCDF6, 0xCE17, 0xCDF6, 0xCDF6, 0xCDF6, 0xCDF6,
    0xCE16, 0xCDF6, 0xCDF6, 0xCDF6, 0xCDF6, 0xCDF6, 0xCDF6, 0xCDF6,
    0xCD93, 0xCD93, 0xCD93, 0xCD72, 0xCD72, 0xCD72, 0xCD52, 0xCD52,
    0xCD52, 0xC531, 0xC531, 0xC531, 0xC531, 0xC531, 0xC511, 0xC511,
    0xC531, 0xC531, 0xC531, 0xC532, 0xC531, 0xC532, 0xC531, 0xC531,
    0xC531, 0xC531, 0xC531, 0xC531, 0xC531, 0xC531, 0xC531, 0xC511,
    0xC511, 0xC511, 0xC511, 0xC511, 0xC511, 0xC511, 0xC511, 0xC511,
    0xC511, 0xC511, 0xC511, 0xC511, 0xC4F0, 0xC4F0, 0xBCF0, 0xBCF0,
    0xBCF0, 0xBCD0, 0xBCF0, 0xBCD0, 0xBCD0, 0xBCD0, 0xBCD0, 0xBCD0,
    0xBCD0, 0xBCD0, 0xBCD0, 0xBCD0, 0xBCAF, 0xB46E, 0xB42D, 0xAC0B,
    0xABCA, 0xABA9, 0xAB67, 0xAB67, 0xB387, 0xB387, 0xB387, 0xB387,
    0xB3EA, 0xBC4D, 0xBCAF, 0xC512, 0xC554, 0xC595, 0xCDD6, 0xCE17,
    0xCE18, 0xCE18, 0xCE18, 0xCE18, 0xCE18, 0xCDF7, 0xCDF7, 0xCE18,
    0xCE38, 0xD617, 0xD5D6, 0xD552, 0xCD11, 0xBC6E, 0xC4B0, 0xC4B0,
    0xCD32, 0xD552, 0xD5D5, 0xCDD6, 0xCE38, 0xCE18, 0xCE18, 0xCE17,
    0xCE17, 0xCE17, 0xCE17, 0xCE18, 0xCDF7, 0xCDF7, 0xCDF7, 0xCDF7,
    0xCDF7, 0xCDF7, 0xCDF7, 0xCDF7, 0xCDF7, 0xCDF7, 0xCDF7, 0xCDF7,
    0xCDF7, 0xCDF7, 0xCDF7, 0xCDF7, 0xCDF7, 0xCDF7, 0xCDF7, 0xCDF7,
    0xCDF7, 0xCDF7, 0xCDF7, 0xCDF7, 0xCE17, 0xCE17, 0xCE17, 0xCE17,
    0xCDF7, 0xCDF7, 0xCDF7, 0xCDF7, 0xCDF7, 0xCE17, 0xCDF7, 0xCDF7,
    0xCDF7, 0xCDF7, 0xCDF7, 0xCDF7, 0xCDF7, 0xCDF7, 0xCDF7, 0xCDF7,
    0xCDF7, 0xCDF7, 0xCDF7, 0xCDF7, 0xCDF7, 0xCDF7, 0xCDF7, 0xCDF7,
    0xCDF7, 0xCDF7, 0xCDF7, 0xCDF7, 0xCDF7, 0xCDF7, 0xCDF7, 0xCDF7,
    0xCDF7, 0xCDF7, 0xCDF7, 0xCDF7, 0xCDF7, 0xCDF7, 0xCDF7, 0xCDF7,
    0xCDF6, 0xCDF6, 0xCDF7, 0xCDF6, 0xCDF6, 0xCDF7, 0xCDF7, 0xCDF7,
    0xCDF7, 0xCDF6, 0xCDF7, 0xCDF7, 0xCDF7, 0xCDF7, 0xCDF7, 0xCDF7,
    0xCDF6, 0xCDF7, 0xCDF6, 0xCDF7, 0xCDF7, 0xCDF7, 0xCDF7, 0xCDF7,
    0xCDF7, 0xCDF7, 0xCDF7, 0xCDF7, 0xCDF7, 0xCDF6, 0xCDF6, 0xCDF6,
    0xCDF6, 0xCDF6, 0xCDF7, 0xCDF7, 0xCDF7, 0xCDF7, 0xCDF6, 0xCDF7,
    0xCDF6, 0xCDF7, 0xCDF7, 0xCDF7, 0xCDF7, 0xCDF7, 0xCDF7, 0xCE17,
    0xCE17, 0xCE17, 0xCDF7, 0xCE17, 0xCDF7, 0xCDF7, 0xCDF6, 0xCDF6,
    0xCDF6, 0xCDF6, 0xCDF6, 0xCDF6, 0xCDF6, 0xCDF6, 0xCDF6, 0xCDF6,
    0xCD73, 0xCD73, 0xCD93, 0xD572, 0xCD72, 0xCD72, 0xCD52, 0xCD52,
    0xCD52, 0xC531, 0xC531, 0xC531, 0xC531, 0xC531, 0xC531, 0xC531,
    0xC531, 0xC531, 0xC531, 0xC531, 0xC531, 0xC531, 0xC531, 0xC531,
    0xC511, 0xC531, 0xC531, 0xC531, 0xC531, 0xC531, 0xC531, 0xC511,
    0xC511, 0xC511, 0xC511, 0xC511, 0xC511, 0xC511, 0xC510, 0xC511,
    0xC511, 0xC511, 0xC4F1, 0xC510, 0xC4F0, 0xC4F0, 0xC4F0, 0xC4F0,
    0xBCF0, 0xBCF0, 0xBCF0, 0xBCD0, 0xBCD0, 0xBCD0, 0xBCD0, 0xBCD0,
    0xBCD0, 0xBCD0, 0xBCD0, 0xBCD0, 0xBCAF, 0xB46E, 0xB44D, 0xAC0B,
    0xABCA, 0xABA9, 0xAB67, 0xAB67, 0xB387, 0xB3A7, 0xB387, 0xB387,
    0xB3EA, 0xBC4D, 0xBCAF, 0xBCF2, 0xC554, 0xC595, 0xCDD6, 0xCE18,
    0xCE18, 0xCE18, 0xCE18, 0xCE18, 0xCE18, 0xCE18, 0xCE38, 0xCDB5,
    0xC48F, 0xB3CB, 0xA309, 0x9286, 0x8A66, 0x8246, 0x71E4, 0x79E4,
    0x8A66, 0x9286, 0x9AC8, 0xA309, 0xC4F1, 0xD659, 0xCE17, 0xCE17,
    0xCE17, 0xCE18, 0xCE18, 0xCDF7, 0xCDF7, 0xCDF7, 0xCDF7, 0xCDF7,
    0xCDF7, 0xCDF7, 0xCDF7, 0xCDF7, 0xCDF7, 0xCDF7, 0xCDF7, 0xCDF7,
    0xCDF7, 0xCDF7, 0xCDF7, 0xCDF7, 0xCDF7, 0xCDF7, 0xCDF7, 0xCDF7,
    0xCDF7, 0xCDF7, 0xCDF7, 0xCDF7, 0xCDF7, 0xCDF7, 0xCE17, 0xCE17,
    0xCDF7, 0xCDF7, 0xCDF7, 0xCDF7, 0xCDF7, 0xCDF7, 0xCDF7, 0xCDF7,
    0xCDF7, 0xCDF7, 0xCDF7, 0xCDF7, 0xCDF7, 0xCDF7, 0xCDF7, 0xCDF7,
    0xCDF7, 0xCDF7, 0xCDF7, 0xCDF7, 0xCDF7, 0xCDF7, 0xCDF7, 0xCDF7,
    0xCDF7, 0xCDF7, 0xCDF7, 0xCDF7, 0xCDF7, 0xCDF7, 0xCDF7, 0xCDF7,
    0xCDF7, 0xCDF7, 0xCDF7, 0xCDF7, 0xCDF7, 0xCDF7, 0xCDF7, 0xCDF7,
    0xCDF6, 0xCDF6, 0xCDF7, 0xCDF7, 0xCDF6, 0xCDF7, 0xCDF7, 0xCDF6,
    0xCDF6, 0xCDF6, 0xCDF7, 0xCDF7, 0xCDF7, 0xCDF7, 0xCDF7, 0xCDF7,
    0xCDF6, 0xCDF7, 0xCDF6, 0xCDF7, 0xCDF7, 0xCDF6, 0xCDF6, 0xCDD6,
    0xCDF6, 0xCDF7, 0xCDF7, 0xCDF7, 0xCDF7, 0xCDF7, 0xCDF6, 0xCDF7,
    0xCDF7, 0xCDF7, 0xCDF7, 0xCDF7, 0xCDF7, 0xCDF7, 0xCDF7, 0xCDF6,
    0xCDF7, 0xCDF7, 0xCDF7, 0xCE17, 0xCDF7, 0xCE17, 0xCE17, 0xCE17,
    0xCE17, 0xCDF7, 0xCE17, 0xCE17, 0xCE17, 0xCDF7, 0xCE17, 0xCDF6,
    0xCDF6, 0xCDF6, 0xCDF6, 0xCDF6, 0xCDF6, 0xCDF6, 0xCDF6, 0xCDF6,
    0xCD51, 0xCD51, 0xCD52, 0xCD51, 0xCD51, 0xCD51, 0xCD51, 0xCD51,
    0xCD51, 0xCD31, 0xC531, 0xC531, 0xC531, 0xC531, 0xC531, 0xC531,
    0xC531, 0xC531, 0xC531, 0xC531, 0xC531, 0xC531, 0xC531, 0xC531,
    0xC511, 0xC531, 0xC531, 0xC531, 0xC531, 0xC531, 0xC511, 0xC511,
    0xC511, 0xC511, 0xC511, 0xC511, 0xC511, 0xC510, 0xC510, 0xC510,
    0xC511, 0xC511, 0xC4F0, 0xC4F0, 0xC4F0, 0xC4F0, 0xC4F0, 0xC4F0,
    0xC4F0, 0xBCF0, 0xBCF0, 0xBCF0, 0xBCD0, 0xBCD0, 0xBCD0, 0xBCD0,
    0xBCD0, 0xBCD0, 0xBCD0, 0xBCD0, 0xBCAF, 0xB46E, 0xB42D, 0xAC0B,
    0xABCA, 0xABA9, 0xAB67, 0xAB67, 0xB387, 0xB3A7, 0xB3A7, 0xB3A7,
    0xB3EA, 0xBC4D, 0xBCB0, 0xBD12, 0xC554, 0xC595, 0xCDD6, 0xCE18,
    0xCE18, 0xCE18, 0xCE38, 0xCE18, 0xCE18, 0xCD95, 0xC46E, 0xAB29,
    0x8A46, 0x8A66, 0x8225, 0x8A46, 0x71E5, 0x7A05, 0x7A05, 0x69A4,
    0x71E5, 0x79E5, 0x69A4, 0x71A3, 0x9286, 0xB3EC, 0xC4D0, 0xCE38,
    0xCE17, 0xCE17, 0xCE18, 0xCDF7, 0xCDF7, 0xCDF7, 0xCDF7, 0xCDF7,
    0xCDF7, 0xCDF7, 0xCDF7, 0xCDF7, 0xCDF7, 0xCDF7, 0xCDF7, 0xCDF7,
    0xCDF7, 0xCDF7, 0xCDF7, 0xCDF7, 0xCDF7, 0xCDF7, 0xCDF7, 0xCDF7,
    0xCDF7, 0xCDF7, 0xCDF7, 0xCDF7, 0xCDF7, 0xCDF7, 0xCDF7, 0xCE17,
    0xCDF7, 0xCDF7, 0xCDF7, 0xCDF7, 0xCDF7, 0xCDF7, 0xCDF7, 0xCDF7,
    0xCDF7, 0xCDF7, 0xCDF7, 0xCDF7, 0xCDF7, 0xCDF7, 0xCDF7, 0xCDF7,
    0xCDF7, 0xCDF7, 0xCDF7, 0xCDF7, 0xCDF7, 0xCDF7, 0xCDF7, 0xCDF7,
    0xCDF7, 0xCDF7, 0xCDF7, 0xCDF7, 0xCDF7, 0xCDF7, 0xCDF7, 0xCDF7,
    0xCDF7, 0xCDF7, 0xCDF7, 0xCDF7, 0xCDF7, 0xCDF7, 0xCDF7, 0xCDF7,
    0xCDF6, 0xCDF6, 0xCDF6, 0xCDF7, 0xCDF7, 0xCDF6, 0xCDF7, 0xCDF7,
    0xCDF7, 0xCDF6, 0xCDF6, 0xCDF6, 0xCDF6, 0xCDF7, 0xCDF7, 0xCDF6,
    0xCDF6, 0xCDF6, 0xCDF7, 0xCDF7, 0xCDF6, 0xCDF6, 0xCDF6, 0xC5D6,
    0xCDD6, 0xCDF6, 0xCDF7, 0xCDF7, 0xCDF7, 0xCDF7, 0xCDF7, 0xCDF6,
    0xCDF7, 0xCDF7, 0xCDF7, 0xCDF7, 0xCDF7, 0xCDF7, 0xCDF7, 0xCDF7,
    0xCDF6, 0xCDF7, 0xCDF7, 0xCDF7, 0xCDF7, 0xCE17, 0xCE17, 0xCE17,
    0xCE17, 0xCE17, 0xCE17, 0xCE17, 0xCE17, 0xCE17, 0xCDF7, 0xCDF6,
    0xCDF6, 0xCDF6, 0xCDF6, 0xCDF6, 0xCDF6, 0xCDF6, 0xCDF6, 0xCDF6,
    0xCD30, 0xCD30, 0xCD30, 0xCD30, 0xCD30, 0xCD30, 0xCD30, 0xCD30,
    0xCD30, 0xCD30, 0xCD30, 0xC530, 0xC531, 0xC531, 0xC531, 0xC531,
    0xC511, 0xC511, 0xC511, 0xC511, 0xC511, 0xC511, 0xC511, 0xC511,
    0xC511, 0xC511, 0xC511, 0xC531, 0xC511, 0xC511, 0xC511, 0xC511,
    0xC511, 0xC511, 0xC511, 0xC510, 0xC510, 0xC510, 0xC510, 0xC510,
    0xC510, 0xC510, 0xC4F0, 0xC4F0, 0xC4F0, 0xC4F0, 0xC4F0, 0xC4F0,
    0xBCF0, 0xBCD0, 0xBCD0, 0xBCD0, 0xBCD0, 0xBCD0, 0xBCD0, 0xBCD0,
    0xBCD0, 0xBCD0, 0xBCD0, 0xBCD0, 0xBCAF, 0xB46E, 0xB42D, 0xAC0B,
    0xABEA, 0xABA9, 0xAB87, 0xAB67, 0xB387, 0xB3A7, 0xB3A7, 0xB3A8,
    0xB3EA, 0xB42D, 0xBCB0, 0xBD12, 0xC574, 0xC595, 0xCDD7, 0xCE18,
    0xCE18, 0xCE18, 0xCE38, 0xD659, 0xDDB5, 0xB3AA, 0x8A25, 0x81E5,
    0x79E4, 0x8A25, 0x9245, 0x79C4, 0x8204, 0x6983, 0x71C4, 0x79E4,
    0x8A45, 0x8204, 0x79E4, 0x69A4, 0x69C4, 0x71C3, 0x8A65, 0xBC6F,
    0xCE38, 0xCE18, 0xCE18, 0xCE17, 0xCE17, 0xCDF7, 0xCDF7, 0xCDF7,
    0xCDF7, 0xCDF7, 0xCDF7, 0xCDF7, 0xCDF7, 0xCDF7, 0xCDF7, 0xCDF7,
    0xCDF7, 0xCDF7, 0xCDF7, 0xCDF7, 0xCDF7, 0xCDF7, 0xCDF7, 0xCDF7,
    0xCDF7, 0xCDF7, 0xCDF7, 0xCDF7, 0xCDF7, 0xCDF7, 0xCDF7, 0xCDF7,
    0xCE17, 0xCDF7, 0xCDF7, 0xCDF7, 0xCDF7, 0xCDF7, 0xCDF7, 0xCDF7,
    0xCDF7, 0xCDF7, 0xCDF7, 0xCDF7, 0xCDF7, 0xCDF7, 0xCDF7, 0xCDF7,
    0xCDF7, 0xCDF7, 0xCDF7, 0xCDF7, 0xCDF7, 0xCDF7, 0xCDF7, 0xCDF7,
    0xCDF7, 0xCDF7, 0xCDF7, 0xCDF7, 0xCDF7, 0xCDF7, 0xCDF7, 0xCDF7,
    0xCDF7, 0xCDF7, 0xCDF7, 0xCDF7, 0xCDF7, 0xCDF7, 0xCDF7, 0xCDF7,
    0xCDF7, 0xC5F6, 0xC5F6, 0xCDF7, 0xCDF7, 0xCDF6, 0xCDF7, 0xCDF6,
    0xCDF6, 0xCDF7, 0xCDF7, 0xCDF6, 0xCDF7, 0xCDF7, 0xCDF7, 0xC5D7,
    0xC5D6, 0xCDF6, 0xCDF7, 0xCDF6, 0xCDF6, 0xCDF6, 0xC5D6, 0xC5D6,
    0xCDF6, 0xCDF6, 0xCDF7, 0xCDF7, 0xCDF7, 0xCDF7, 0xCDF7, 0xCDF7,
    0xCDF7, 0xCDF7, 0xCDF7, 0xCDF7, 0xCDF7, 0xCDF6, 0xCDF7, 0xCDF7,
    0xCDF7, 0xCDF6, 0xCDF7, 0xCDF7, 0xCDF7, 0xCDF7, 0xCDF7, 0xCE17,
    0xCE17, 0xCE17, 0xCE17, 0xCE17, 0xCE17, 0xCE17, 0xCDF7, 0xCDF6,
    0xCDF6, 0xCDF6, 0xCDF6, 0xCDF6, 0xCDF6, 0xCDF6, 0xCDF6, 0xCDF6,
    0xCD0F, 0xCD0F, 0xCD0F, 0xCD0F, 0xCD0F, 0xCD0F, 0xCD0F, 0xCD0F,
    0xCD0F, 0xCD0F, 0xCD0F, 0xCD10, 0xCD10, 0xCD10, 0xCD10, 0xCD10,
    0xC510, 0xC510, 0xC510, 0xC510, 0xC510, 0xC510, 0xC510, 0xC510,
    0xC4F0, 0xC510, 0xC510, 0xC510, 0xC510, 0xC4F0, 0xC4F0, 0xC4F0,
    0xC4F0, 0xC4F0, 0xC4F0, 0xC4F0, 0xC4F0, 0xC4F0, 0xC4F0, 0xC4F0,
    0xC4F0, 0xC4F0, 0xC4F0, 0xC4F0, 0xC4F0, 0xC4F0, 0xC4F0, 0xC4F0,
    0xBCD0, 0xBCD0, 0xBCD0, 0xBCD0, 0xBCD0, 0xBCD0, 0xBCD0, 0xBCD0,
    0xBCD0, 0xBCD0, 0xBCD0, 0xBCD0, 0xBCAF, 0xB46E, 0xB44D, 0xAC0B,
    0xABEA, 0xABA9, 0xAB87, 0xAB67, 0xB387, 0xB3A7, 0xB3A7, 0xB3A8,
    0xB3EA, 0xB44D, 0xBCAF, 0xBD12, 0xC574, 0xC595, 0xCDD7, 0xCE18,
    0xCE18, 0xCE18, 0xD638, 0xCD94, 0xCC0B, 0xAB07, 0x8A46, 0x79C4,
    0x6163, 0x6142, 0x81E4, 0x6983, 0x71A3, 0x6983, 0x71A3, 0x8204,
    0x8204, 0x79E4, 0x71A3, 0x71A4, 0x69A4, 0x79E5, 0x69C4, 0x7A04,
    0xBCD1, 0xD617, 0xCDF7, 0xCE18, 0xCE17, 0xCE18, 0xCDF7, 0xCDF7,
    0xCDF8, 0xCDF8, 0xCDF7, 0xCDF7, 0xCDF7, 0xCDF7, 0xCDF7, 0xCDF7,
    0xCDF7, 0xCDF7, 0xCDF7, 0xCDF7, 0xCDF7, 0xCDF7, 0xCDF7, 0xCDF7,
    0xCDF7, 0xCDF7, 0xCDF7, 0xCDF7, 0xCDF7, 0xCDF7, 0xCDF7, 0xCDF7,
    0xCE17, 0xCDF7, 0xCDF7, 0xCDF7, 0xCDF7, 0xCDF7, 0xCDF7, 0xCDF7,
    0xCDF7, 0xCDF7, 0xCDF7, 0xCDF7, 0xCDF7, 0xCDF7, 0xCDF7, 0xCDF7,
    0xCDF7, 0xCDF7, 0xCDF7, 0xCDF7, 0xCDF7, 0xCDF7, 0xCDF7, 0xCDF7,
    0xCDF7, 0xCDF7, 0xCDF7, 0xCDF7, 0xCDF7, 0xCDF7, 0xCDF7, 0xCDF7,
    0xCDF6, 0xCDF7, 0xCDF7, 0xCDF7, 0xCDF7, 0xCDF7, 0xCDF7, 0xCDF6,
    0xCDF7, 0xCDF7, 0xCDF7, 0xCDF7, 0xCDF7, 0xCDF7, 0xCDF7, 0xC5F7,
    0xCDF7, 0xCDF7, 0xCDF7, 0xCDF6, 0xCDF6, 0xC5F6, 0xC5F7, 0xC5F7,
    0xCDF7, 0xCDF6, 0xCDF6, 0xCDF7, 0xCDD6, 0xCDD6, 0xCDD6, 0xCDD6,
    0xCDF6, 0xCDF7, 0xCDF7, 0xCDF7, 0xCDF7, 0xCDF7, 0xCDF7, 0xCDF7,
    0xCDF7, 0xCDF7, 0xCDF7, 0xCDF7, 0xCDF6, 0xCDF6, 0xCDF7, 0xCDF7,
    0xCDF7, 0xCDF6, 0xCDF6, 0xCDF7, 0xCDF7, 0xCDF7, 0xCDF7, 0xCDF7,
    0xCDF7, 0xCE17, 0xCE17, 0xCDF7, 0xCE17, 0xCDF7, 0xCDF7, 0xCDF6,
    0xCDF6, 0xCDF6, 0xCDF6, 0xCDF6, 0xCDF6, 0xCDF6, 0xCDF6, 0xCDF6,
    0xCCEE, 0xCCEE, 0xCCEE, 0xCCEE, 0xCCEE, 0xCCEE, 0xCD0E, 0xCCEE,
    0xCCEF, 0xCCEF, 0xCCEF, 0xCCEF, 0xCCEF, 0xCCEF, 0xCCEF, 0xCCEF,
    0xCCEF, 0xCCEF, 0xC4EF, 0xC4EF, 0xC4EF, 0xC4EF, 0xC4EF, 0xC4EF,
    0xC4EF, 0xC4EF, 0xC4EF, 0xC4EF, 0xC4EF, 0xC4EF, 0xC4CF, 0xC4CF,
    0xC4EF, 0xC4EF, 0xC4EF, 0xC4EF, 0xC4EF, 0xC4CF, 0xC4CF, 0xC4CF,
    0xC4CF, 0xC4EF, 0xC4EF, 0xC4EF, 0xC4CF, 0xC4CF, 0xC4CF, 0xC4CF,
    0xBCCF, 0xBCCF, 0xBCCF, 0xBCCF, 0xBCCF, 0xBCCF, 0xBCCF, 0xBCCF,
    0xBCCF, 0xBCCF, 0xBCCF, 0xBCCF, 0xBCAF, 0xB46E, 0xB42D, 0xAC0B,
    0xABEA, 0xABA9, 0xAB87, 0xAB67, 0xB387, 0xB3A7, 0xB3A7, 0xB3A8,
    0xB3EA, 0xB44D, 0xBC8F, 0xBD12, 0xC574, 0xC595, 0xCDF7, 0xCE18,
    0xCE18, 0xCE18, 0xC4D0, 0xA2E7, 0xA2E7, 0x9AA7, 0x8A25, 0x79C4,
    0x69A3, 0x6983, 0x6163, 0x5963, 0x5942, 0x5942, 0x71C3, 0x81E4,
    0x8204, 0x71C3, 0x71A3, 0x79C4, 0x71C4, 0x8225, 0x69C4, 0x71C4,
    0x8A45, 0xAB8B, 0xCDD6, 0xCE18, 0xCE18, 0xCE18, 0xCDF7, 0xCDF7,
    0xCDF8, 0xCDF8, 0xCDF8, 0xCDF7, 0xCDF7, 0xCDF7, 0xCDF7, 0xCDF7,
    0xCDF7, 0xCDF7, 0xCDF7, 0xCDF7, 0xCDF7, 0xCDF7, 0xCDF7, 0xCDF7,
    0xCDF7, 0xCDF7, 0xCDF7, 0xCDF7, 0xCDF7, 0xCDF7, 0xCDF7, 0xCDF7,
    0xCE17, 0xCDF7, 0xCDF7, 0xCDF7, 0xCDF7, 0xCDF7, 0xCDF7, 0xCDF7,
    0xC5F7, 0xCDF7, 0xC5F7, 0xCDF7, 0xCDF7, 0xCDF7, 0xCDF7, 0xCDF7,
    0xCDF7, 0xCDF7, 0xCDF7, 0xCDF7, 0xCDF7, 0xCDF7, 0xCDF7, 0xCDF7,
    0xCDF7, 0xCDF7, 0xCDF7, 0xCDF7, 0xCE17, 0xCE17, 0xCE17, 0xCDF6,
    0xCE17, 0xCDF7, 0xCDF7, 0xCDF7, 0xCDF7, 0xCDF7, 0xCDF6, 0xCDF6,
    0xCDF7, 0xCDF7, 0xCDF7, 0xCDF7, 0xCDF7, 0xCDF7, 0xCDF7, 0xCDF7,
    0xC5F6, 0xCDF7, 0xCDF7, 0xCDF7, 0xCDF6, 0xCDF6, 0xCDF7, 0xCDF7,
    0xCDF7, 0xCDF7, 0xCDF6, 0xCDF7, 0xCDF6, 0xCDF6, 0xCDF6, 0xC5F6,
    0xCDF6, 0xCDF6, 0xCDF7, 0xCDF7, 0xCDF7, 0xCDF7, 0xCDF7, 0xCDF7,
    0xCDF7, 0xCDF7, 0xCDF7, 0xCDF7, 0xCDF7, 0xCDF6, 0xCDF7, 0xCDF7,
    0xCDF7, 0xCDF7, 0xCDF7, 0xCDF7, 0xCDF7, 0xCDF7, 0xCDF7, 0xCDF7,
    0xCDF7, 0xCDF7, 0xCE17, 0xCDF7, 0xCDF7, 0xCE17, 0xCE16, 0xCDF6,
    0xCDF6, 0xCDF6, 0xCDF6, 0xCDF6, 0xCDF6, 0xCDF6, 0xCDF7, 0xCDF6,
    0xCCCD, 0xCCCD, 0xCCCD, 0xCCCD, 0xCCCD, 0xCCCD, 0xCCCD, 0xCCCD,
    0xCCED, 0xCCED, 0xCCEE, 0xCCEE, 0xCCCE, 0xCCCE, 0xCCEE, 0xCCEE,
    0xCCEE, 0xCCCE, 0xCCCE, 0xCCCE, 0xC4CE, 0xC4CE, 0xC4CE, 0xC4CE,
    0xC4CE, 0xC4CE, 0xC4CE, 0xC4CE, 0xC4CE, 0xC4CE, 0xC4CE, 0xC4CE,
    0xC4CE, 0xC4CE, 0xC4CE, 0xC4CE, 0xC4CE, 0xC4CE, 0xC4AE, 0xC4AE,
    0xC4CE, 0xC4CE, 0xC4CE, 0xC4CE, 0xC4CE, 0xC4CF, 0xC4CF, 0xC4CF,
    0xBCAF, 0xBCAF, 0xBCAF, 0xBCAF, 0xBCAF, 0xBCAF, 0xBCAF, 0xBCAF,
    0xBCAF, 0xBCAF, 0xBCAF, 0xBCAF, 0xBC8E, 0xB46D, 0xB42C, 0xAC0B,
    0xABEA, 0xABC9, 0xAB88, 0xAB87, 0xB387, 0xB3A7, 0xB3A7, 0xB3A8,
    0xB3EA, 0xB42D, 0xBC8F, 0xBD12, 0xC554, 0xC5B5, 0xCDF7, 0xCE18,
    0xCE38, 0xCD32, 0x8A65, 0x8A25, 0x9AC7, 0x8A45, 0x79E4, 0x8205,
    0x71A3, 0x6983, 0x6163, 0x5122, 0x48E2, 0x40E1, 0x6983, 0x6962,
    0x81E3, 0x7183, 0x6163, 0x71A3, 0x79C4, 0x8A25, 0x79C4, 0x71C4,
    0x5142, 0x6983, 0xB46F, 0xCE18, 0xCE18, 0xCE18, 0xCE18, 0xCE18,
    0xCDF8, 0xCE18, 0xCDF7, 0xCDF7, 0xCDF7, 0xCDF7, 0xCDF7, 0xCDF7,
    0xC5F7, 0xCDF7, 0xCDF7, 0xCDF7, 0xCDF7, 0xCDF7, 0xCDF7, 0xCDF7,
    0xCDF7, 0xCDF7, 0xCDF7, 0xCDF7, 0xCDF7, 0xCDF7, 0xCDF7, 0xCDF7,
    0xCDF7, 0xCDF7, 0xCDF7, 0xC5F7, 0xC5F7, 0xCDF7, 0xC5F7, 0xCDF7,
    0xC5F7, 0xC5F7, 0xC5F7, 0xC5F7, 0xCDF7, 0xCDF7, 0xCDF7, 0xCDF7,
    0xCDF7, 0xCDF7, 0xCDF7, 0xCDF7, 0xCDF7, 0xCDF7, 0xCDF7, 0xCDF7,
    0xCDF7, 0xCE17, 0xCDF7, 0xCE17, 0xD5F6, 0xD572, 0xD552, 0xDD10,
    0xD531, 0xDD52, 0xD5D5, 0xCDF6, 0xCE16, 0xCDF6, 0xCDF6, 0xCDF7,
    0xCDF6, 0xCDF7, 0xCDF7, 0xCDF7, 0xCDF7, 0xCDF7, 0xCDF7, 0xCDF7,
    0xCDF7, 0xCDF7, 0xCDF7, 0xCDF7, 0xC5F7, 0xCDF7, 0xCDF7, 0xCDF7,
    0xCDF7, 0xCDF7, 0xCDF7, 0xCDF7, 0xCDF7, 0xCDF7, 0xCDF7, 0xCDF6,
    0xCDF6, 0xCDF6, 0xCDF7, 0xCDF7, 0xCDF7, 0xCDF7, 0xCDF7, 0xCDF7,
    0xCDF7, 0xCDF7, 0xCDF7, 0xCDF7, 0xCDF7, 0xCDF6, 0xCDF6, 0xCDF7,
    0xCDF7, 0xCDF7, 0xCDF7, 0xCDF7, 0xCDF7, 0xCDF7, 0xCDF6, 0xCDF6,
    0xCDF7, 0xCDF7, 0xCE17, 0xCDF7, 0xCDF6, 0xCE17, 0xCDF6, 0xCDF6,
    0xCDF6, 0xCDF6, 0xCDF7, 0xCDF7, 0xCDF7, 0xCDF7, 0xCDF7, 0xCDF7,
    0xCCAC, 0xCCAC, 0xCCAC, 0xCCAC, 0xCCAC, 0xCCAC, 0xCCAC, 0xCCAC,
    0xCCCC, 0xCCCC, 0xCCCC, 0xD4CC, 0xCCCC, 0xCCCD, 0xCCCD, 0xCCCD,
    0xCCCD, 0xCCCD, 0xCCCD, 0xCCAD, 0xCCAD, 0xCCCD, 0xCCCD, 0xCCCD,
    0xCCAD, 0xCCAD, 0xCCAD, 0xCCAD, 0xC4AD, 0xC4AD, 0xC4AD, 0xC4AD,
    0xC4AD, 0xC4AD, 0xC4AD, 0xC4AD, 0xC4AD, 0xC4AD, 0xC4AD, 0xC4AD,
    0xC4AD, 0xC4AD, 0xC4CD, 0xC4AD, 0xC4AD, 0xC4AE, 0xC4AE, 0xC4AE,
    0xC4AE, 0xBCAE, 0xBCAE, 0xBCAE, 0xBCAE, 0xBCAE, 0xBC8E, 0xBC8E,
    0xBC8E, 0xBC8E, 0xBCAE, 0xBC8E, 0xBC8E, 0xB44D, 0xB42C, 0xABEB,
    0xABCA, 0xABA9, 0xAB88, 0xAB87, 0xB387, 0xB3A7, 0xB3A7, 0xB3A8,
    0xB3EA, 0xB42D, 0xBC8F, 0xBD12, 0xC554, 0xC5B6, 0xCDD7, 0xCE18,
    0xCDD6, 0x9B08, 0x8A45, 0xB349, 0xAB28, 0x8A45, 0x71C4, 0x6983,
    0x71C3, 0x6983, 0x6163, 0x4902, 0x5102, 0x48E2, 0x6142, 0x6142,
    0x48C1, 0x71A3, 0x6163, 0x6162, 0x79C3, 0x81E4, 0x79E4, 0x6983,
    0x69A3, 0x71C3, 0x9B29, 0xD5F6, 0xCE18, 0xCE18, 0xCE17, 0xCE18,
    0xCDF7, 0xCDF7, 0xCDF7, 0xCDF7, 0xCDF7, 0xCDF7, 0xC5F7, 0xC5F7,
    0xCDF7, 0xCDF7, 0xCDF7, 0xCDF7, 0xC5F7, 0xCDF7, 0xCDF7, 0xCDF7,
    0xCDF7, 0xCDF7, 0xCDF7, 0xCDF7, 0xCDF7, 0xCDF7, 0xCDF7, 0xCDF7,
    0xCDF7, 0xCDF7, 0xC5F7, 0xC5F7, 0xCDF7, 0xC5F7, 0xCDF7, 0xCDF7,
    0xC5F7, 0xC5F7, 0xC5F7, 0xCDF7, 0xCDF7, 0xCDF7, 0xCDF7, 0xCDF7,
    0xCDF7, 0xCDF7, 0xCDF7, 0xCDF7, 0xCDF7, 0xCE17, 0xCDF7, 0xCDF7,
    0xCE17, 0xCD73, 0xCCD0, 0xD4CF, 0xC3EB, 0xBB49, 0xB308, 0xA2C7,
    0xAAE7, 0xBB49, 0xBBAA, 0xC3EB, 0xC42C, 0xDD10, 0xD5B4, 0xCDD6,
    0xCDD6, 0xCDF7, 0xCDF7, 0xCDF7, 0xCDF7, 0xCDF7, 0xCDF7, 0xCDF7,
    0xCDF7, 0xCDF7, 0xCDF7, 0xC5F7, 0xC5F7, 0xCDF7, 0xC5F7, 0xCDF7,
    0xCDF7, 0xCDF7, 0xCDF7, 0xCDF7, 0xCDF7, 0xCDF7, 0xCDF7, 0xCDF7,
    0xCDF7, 0xCDF7, 0xCDF7, 0xCDF7, 0xCDF7, 0xCDF7, 0xCDF7, 0xCDF7,
    0xCDF7, 0xCDF7, 0xCDF7, 0xCDF7, 0xCDF7, 0xCDF7, 0xCDF7, 0xCDF7,
    0xCDF7, 0xCDF7, 0xCDF7, 0xCDF7, 0xCDF7, 0xCDF7, 0xCDF6, 0xCDF6,
    0xCDF7, 0xCDF7, 0xCE17, 0xCDF7, 0xCDF7, 0xCDF6, 0xCDF6, 0xCDF6,
    0xCDF6, 0xCDF6, 0xCDF7, 0xCDF7, 0xCDF6, 0xCDF6, 0xCDF6, 0xCDF6,
    0xCCAB, 0xCCAB, 0xCCAB, 0xCCAB, 0xCCAB, 0xCCAB, 0xCCAB, 0xCCAB,
    0xCCAB, 0xCCAB, 0xCCAB, 0xD4AB, 0xD4AC, 0xD4AC, 0xCCAC, 0xCCAC,
    0xCCAC, 0xCCAC, 0xCCAC, 0xCCAC, 0xCCAC, 0xCCAC, 0xCCAC, 0xCCAC,
    0xCCAC, 0xCCAC, 0xCCAC, 0xCC8C, 0xCC8C, 0xCC8C, 0xCCAC, 0xCCAC,
    0xCCAC, 0xCCAC, 0xCCAC, 0xCCAC, 0xCCAC, 0xC48C, 0xC48C, 0xC48C,
    0xC48C, 0xC48C, 0xC4AD, 0xC4AD, 0xC48C, 0xC48D, 0xC48D, 0xC48D,
    0xC48D, 0xC48D, 0xC48D, 0xBC8D, 0xBC8D, 0xBC8D, 0xBC8D, 0xBC8D,
    0xBC6D, 0xBC6D, 0xBC8D, 0xBC8D, 0xBC6D, 0xB44C, 0xB40B, 0xABEA,
    0xABC9, 0xABA8, 0xAB88, 0xAB87, 0xB387, 0xB3A7, 0xB387, 0xB388,
    0xB3CA, 0xB42D, 0xBC8F, 0xBD12, 0xC574, 0xC5B6, 0xCDF7, 0xCE18,
    0xB42E, 0x79E4, 0xBBAA, 0xCBCA, 0x9265, 0x71C4, 0x69A4, 0x4902,
    0x5122, 0x5122, 0x6983, 0x6163, 0x6983, 0x6163, 0x5921, 0x6942,
    0x3880, 0x6962, 0x71A3, 0x71A3, 0x79C3, 0x79C3, 0x71C3, 0x71A3,
    0x8A45, 0x71A3, 0x7A04, 0xBCB0, 0xCE18, 0xCE18, 0xCE18, 0xCE18,
    0xCE18, 0xCDF7, 0xCDF7, 0xCDF7, 0xCDF7, 0xCDF7, 0xCDF7, 0xCDF7,
    0xCDF7, 0xCDF7, 0xCDF7, 0xCDF7, 0xCDF7, 0xCDF7, 0xC5F7, 0xCDF7,
    0xCDF7, 0xCDF7, 0xCDF7, 0xCDF7, 0xCDF7, 0xCE17, 0xCDF7, 0xCDF7,
    0xCDF7, 0xC5F7, 0xC5F7, 0xC5F7, 0xCDF7, 0xC5F7, 0xC5F7, 0xC5F7,
    0xC5F7, 0xC5F7, 0xC5F7, 0xCDF7, 0xCDF7, 0xCDF7, 0xCDF7, 0xCDF7,
    0xCDF7, 0xCDF7, 0xCDF7, 0xCDF7, 0xCDF7, 0xCDF7, 0xCE18, 0xCE37,
    0xCD11, 0xA2E7, 0xAAE7, 0xAAE7, 0x9286, 0x8A66, 0x8A46, 0x8A46,
    0x9286, 0xA2A7, 0x7A05, 0xA2C7, 0xA2E7, 0xB328, 0xC3EB, 0xD4CF,
    0xD616, 0xCE17, 0xCDF7, 0xCDF7, 0xCDF7, 0xCDF7, 0xCDF7, 0xCDF6,
    0xCDF6, 0xCDF6, 0xCDF6, 0xCDF7, 0xC5D7, 0xC5F7, 0xCDF7, 0xCDF7,
    0xCDF7, 0xCDF7, 0xCDF7, 0xCDF7, 0xCDF7, 0xCDF6, 0xCDF7, 0xCDF6,
    0xCDF6, 0xCDF7, 0xCDF7, 0xCDF7, 0xCDF7, 0xCDF7, 0xCDF7, 0xCDF7,
    0xCDF7, 0xCDF7, 0xCDF7, 0xCDF7, 0xCDF7, 0xCDF7, 0xCDF7, 0xCDF7,
    0xCDF7, 0xCDF7, 0xCDF7, 0xCDF7, 0xCDF7, 0xCDF7, 0xCDF7, 0xCDF7,
    0xCDF7, 0xCDF7, 0xCDF7, 0xCDF7, 0xCDF7, 0xCDF7, 0xCDF6, 0xCDF6,
    0xCDF7, 0xCDF7, 0xCDF7, 0xCDF7, 0xCDF6, 0xCDF6, 0xCDF6, 0xCDF7,
    0xCCAC, 0xCCAC, 0xCCAB, 0xCCAB, 0xCCAB, 0xCCAB, 0xCC8B, 0xCCAB,
    0xCCAB, 0xCCAB, 0xCCAB, 0xD4AB, 0xD4AB, 0xD4AB, 0xCCAB, 0xCCAB,
    0xCCAB, 0xCCAB, 0xCC8B, 0xCC8B, 0xCC8B, 0xCC8B, 0xCC8B, 0xCC8B,
    0xCC8B, 0xCC8B, 0xCC8B, 0xCC8B, 0xCC8B, 0xCC8B, 0xCC8B, 0xCC8B,
    0xCC8B, 0xCC8B, 0xCC8B, 0xCC8B, 0xCC8B, 0xCC8B, 0xCC8B, 0xC48B,
    0xC48B, 0xC48B, 0xC48C, 0xC48C, 0xC46C, 0xC46C, 0xC48C, 0xC48C,
    0xC48C, 0xC46C, 0xC46C, 0xC46C, 0xC46C, 0xBC6C, 0xC46C, 0xBC6C,
    0xBC6C, 0xBC6C, 0xBC6C, 0xBC6C, 0xBC4C, 0xBC2B, 0xB40A, 0xABE9,
    0xABA9, 0xABA8, 0xAB87, 0xAB87, 0xB387, 0xB387, 0xB387, 0xB388,
    0xB3CA, 0xB42D, 0xBCAF, 0xBD12, 0xC574, 0xC5B6, 0xCDF7, 0xCDB5,
    0x9B08, 0x8225, 0xBB89, 0xA2C7, 0x8A25, 0x6983, 0x5102, 0x38C1,
    0x38A1, 0x5101, 0x5922, 0x5922, 0x48E1, 0x5922, 0x5921, 0x5901,
    0x40A0, 0x48E1, 0x71A3, 0x69A3, 0x6162, 0x6142, 0x6182, 0x6983,
    0x79E4, 0x79E4, 0x6983, 0x92C8, 0xCDD6, 0xCE18, 0xCE18, 0xCE18,
    0xCE17, 0xCDF7, 0xCDF7, 0xCDF7, 0xCDF7, 0xCDF7, 0xCDF8, 0xCDF7,
    0xCDF7, 0xC5F7, 0xC5F7, 0xCDF7, 0xCDF7, 0xCDF7, 0xCDF7, 0xCDF7,
    0xCDF7, 0xCDF7, 0xCDF7, 0xCDF7, 0xCDF7, 0xCDF7, 0xCDF7, 0xCDF7,
    0xC5F7, 0xC5F7, 0xC5F7, 0xC5F7, 0xCDF7, 0xC5F7, 0xC5F7, 0xC5F7,
    0xC5F7, 0xC5F7, 0xC5F7, 0xC5F7, 0xCDF7, 0xC5F7, 0xC5F7, 0xCDF7,
    0xCDF7, 0xCDF7, 0xCDF7, 0xCDF7, 0xCDF7, 0xCDF7, 0xCD94, 0xB3EC,
    0x9286, 0x9245, 0xAAE8, 0xAB08, 0x8225, 0x69C4, 0x7A25, 0x9266,
    0x8225, 0x8A46, 0x6183, 0x7A25, 0xB328, 0x9AA7, 0xA2C7, 0xB349,
    0xCC6D, 0xCDB5, 0xCE17, 0xCDF6, 0xCDF7, 0xCDF7, 0xC5F7, 0xCDF7,
    0xCDF6, 0xC5F6, 0xCDF6, 0xC5F7, 0xC5F7, 0xC5F7, 0xC5F7, 0xC5F7,
    0xC5F7, 0xC5F7, 0xCDF7, 0xCDF7, 0xC5F7, 0xCDF7, 0xCDF7, 0xC5F6,
    0xCDD7, 0xCDF7, 0xCDF7, 0xCDF7, 0xCDF7, 0xCDF7, 0xCDF7, 0xCDF7,
    0xCDF7, 0xCDF7, 0xCDF7, 0xCDF7, 0xCE17, 0xCDF7, 0xCDF7, 0xCDF7,
    0xCDF7, 0xCDF7, 0xCDF7, 0xCDF6, 0xCDF7, 0xCDF7, 0xCDF7, 0xCDF7,
    0xCDF7, 0xCDF7, 0xCDF7, 0xCDF7, 0xCDF7, 0xCDF7, 0xCDF7, 0xCDF7,
    0xCDF6, 0xCDF7, 0xCDF7, 0xCDF6, 0xCDF6, 0xCDF6, 0xCDF6, 0xCDF6,
    0xCCAC, 0xCCAC, 0xCCAC, 0xCCAC, 0xCCAC, 0xCCAC, 0xCCAB, 0xCCAB,
    0xD4AC, 0xCCAB, 0xCCAB, 0xCCAC, 0xCCAB, 0xCC8B, 0xCC8B, 0xCC8B,
    0xCC8B, 0xCC8B, 0xCC8B, 0xCC8B, 0xCC8B, 0xCC6A, 0xCC8A, 0xCC8A,
    0xCC6A, 0xCC6A, 0xCC6A, 0xCC6A, 0xCC6A, 0xCC6A, 0xCC6A, 0xCC6A,
    0xCC6A, 0xCC6A, 0xCC6A, 0xCC6A, 0xCC8A, 0xCC6A, 0xCC6A, 0xCC6A,
    0xCC6A, 0xCC6A, 0xC46A, 0xC46A, 0xC46B, 0xC46B, 0xC46B, 0xC46B,
    0xC46B, 0xC46B, 0xC46B, 0xC46B, 0xC44B, 0xC46B, 0xC46B, 0xBC4B,
    0xBC4B, 0xBC4B, 0xBC4B, 0xBC4B, 0xBC4B, 0xBC2B, 0xB40A, 0xB3C9,
    0xABA8, 0xAB87, 0xAB67, 0xAB67, 0xB387, 0xB387, 0xB387, 0xB3A8,
    0xB3EA, 0xBC4D, 0xBCAF, 0xBD12, 0xC574, 0xC5B6, 0xC5F7, 0xCD74,
    0xBBAA, 0xB328, 0xBB69, 0x8A45, 0x6983, 0x5122, 0x40C1, 0x40E1,
    0x40E1, 0x5101, 0x50E1, 0x48C1, 0x48E1, 0x50E1, 0x50E1, 0x48E1,
    0x40A0, 0x50E1, 0x6962, 0x5122, 0x6162, 0x6162, 0x5101, 0x6962,
    0x8A04, 0x9265, 0x71C4, 0x7A25, 0xC574, 0xCE38, 0xCE18, 0xCE18,
    0xCDF7, 0xCDF7, 0xCDF7, 0xC5F7, 0xCDF7, 0xCDF7, 0xCDF7, 0xCDF7,
    0xC5F7, 0xC5F7, 0xC5F7, 0xC5F7, 0xCDF7, 0xCDF7, 0xCDF7, 0xCDF7,
    0xCDF7, 0xC5F7, 0xC5F7, 0xCDF7, 0xCDF7, 0xCDF7, 0xCDF7, 0xCDF7,
    0xCDF7, 0xC5F7, 0xC5F7, 0xC5F7, 0xC5F7, 0xC5F7, 0xC5F7, 0xC5F7,
    0xC5F7, 0xC5F7, 0xC5F7, 0xC5F7, 0xC5F7, 0xC5F7, 0xC5F7, 0xCDF7,
    0xCDF7, 0xCDF7, 0xCE17, 0xCDF7, 0xCE17, 0xC532, 0x9AE7, 0x71E4,
    0x8225, 0x8205, 0x9A66, 0x9A86, 0x7A04, 0x71C4, 0x8205, 0x71A3,
    0x79E4, 0x79E4, 0x7A05, 0x9AA7, 0xAAE7, 0xB308, 0xB308, 0x9A86,
    0x8A25, 0xB38A, 0xD552, 0xCE17, 0xCDF7, 0xCDF7, 0xC5F7, 0xCDF7,
    0xC5F7, 0xC5F6, 0xCDF7, 0xC5F7, 0xCDF7, 0xCDF7, 0xC5F7, 0xC5F7,
    0xC5F6, 0xCDF7, 0xCDF7, 0xC5F7, 0xC5F7, 0xCDF7, 0xC5F7, 0xC5D7,
    0xC5D7, 0xCDF7, 0xCDF7, 0xCDF7, 0xCDF7, 0xCDF7, 0xCDF7, 0xCDF7,
    0xCDF7, 0xCDF7, 0xCDF7, 0xCDF7, 0xCDF7, 0xCDF7, 0xCDF7, 0xCDF7,
    0xCDF7, 0xCDF7, 0xCDF7, 0xCDF7, 0xCDF7, 0xCDF7, 0xCDF7, 0xCDF7,
    0xCDF7, 0xCDF7, 0xCDF7, 0xCDF7, 0xCDF7, 0xCDF7, 0xCDF7, 0xCDF7,
    0xCDF7, 0xCDF7, 0xCDF7, 0xCDF6, 0xCDF6, 0xCDF6, 0xCDF6, 0xCDF6,
    0xCCAC, 0xCCAC, 0xCCAC, 0xCCAC, 0xCCAC, 0xCCAC, 0xCCAC, 0xCCAC,
    0xCCAC, 0xCCAC, 0xCCAC, 0xCCAC, 0xCCAC, 0xCCAC, 0xCCAB, 0xCC8B,
    0xCC8B, 0xCC8B, 0xCC8B, 0xCC8B, 0xCC8B, 0xCC8B, 0xCC8B, 0xCC8B,
    0xCC8B, 0xCC6A, 0xCC6A, 0xCC6A, 0xCC6A, 0xCC6A, 0xCC6A, 0xCC6A,
    0xCC6A, 0xCC6A, 0xCC6A, 0xCC6A, 0xCC6A, 0xCC6A, 0xCC6A, 0xCC6A,
    0xCC6A, 0xCC4A, 0xC44A, 0xC44A, 0xC44A, 0xC44A, 0xC44A, 0xC44A,
    0xC44A, 0xC44A, 0xC44A, 0xC44A, 0xC44A, 0xC44A, 0xC44A, 0xBC4A,
    0xBC4A, 0xBC4A, 0xBC4A, 0xBC4A, 0xBC4A, 0xBC2A, 0xB409, 0xB3C9,
    0xABA8, 0xAB87, 0xAB67, 0xAB87, 0xB387, 0xB387, 0xB3A7, 0xB3A8,
    0xB3EA, 0xBC4D, 0xBCB0, 0xBD12, 0xC574, 0xC5B6, 0xCDF7, 0xD552,
    0xCBEA, 0xB348, 0x9286, 0x6983, 0x5102, 0x48E1, 0x3080, 0x38C1,
    0x48E1, 0x48E1, 0x48E1, 0x40A0, 0x3080, 0x48E1, 0x5101, 0x5921,
    0x48E1, 0x5901, 0x6142, 0x4901, 0x5122, 0x5901, 0x5921, 0x7182,
    0x81C3, 0x8204, 0x79E4, 0x71A3, 0xB40D, 0xCE18, 0xCE18, 0xCE18,
    0xCE18, 0xCDF7, 0xC5F7, 0xC5F7, 0xCDF7, 0xCDF7, 0xCDF7, 0xCDF7,
    0xC5F7, 0xC5F7, 0xC5F7, 0xC5F7, 0xC5F7, 0xCDF7, 0xCDF7, 0xC5F7,
    0xC5F7, 0xC5F7, 0xCDF7, 0xCDF7, 0xCDF7, 0xCDF7, 0xCDF7, 0xC5F7,
    0xC5F7, 0xC5F7, 0xC5F7, 0xC5F7, 0xC5F7, 0xC5F7, 0xC5F7, 0xC5F7,
    0xC5F7, 0xC5F7, 0xC5F7, 0xC5F7, 0xC5F7, 0xCDF7, 0xCDF7, 0xCDF7,
    0xCDF7, 0xCDF7, 0xCE17, 0xCE18, 0xCDD6, 0xAB28, 0x8225, 0x8A66,
    0xA2A7, 0x9266, 0x8204, 0x8225, 0x79E4, 0x8A45, 0x71C4, 0x5942,
    0x71A3, 0x8A45, 0xA2A7, 0x8A46, 0x8A45, 0xA2A6, 0x9A66, 0x8A25,
    0x71C4, 0x8A45, 0xBBCB, 0xCD94, 0xCDF6, 0xCDF7, 0xCDF7, 0xC5F7,
    0xC5F7, 0xC5F7, 0xCDF7, 0xCDF7, 0xC5F7, 0xC5F7, 0xC5F7, 0xC5F6,
    0xC5F7, 0xC5F7, 0xC5F7, 0xC5F7, 0xCDF7, 0xC5F7, 0xC5F7, 0xC5F7,
    0xCDF7, 0xCDF7, 0xCDF7, 0xCDF7, 0xCDF7, 0xCDF7, 0xCDF7, 0xCDF7,
    0xCDF7, 0xCDF7, 0xCDF7, 0xCDF7, 0xCDF7, 0xCDF7, 0xCDF7, 0xCDF7,
    0xCDF6, 0xCDF7, 0xCDF7, 0xCDF7, 0xCDF7, 0xCDF7, 0xCDF7, 0xCDF7,
    0xCDF7, 0xCDF7, 0xCDF7, 0xCDF7, 0xCDF7, 0xCDF7, 0xCDF7, 0xCDF7,
    0xCDF7, 0xCDF7, 0xCDF6, 0xCDF6, 0xCDF7, 0xCDF7, 0xCDF7, 0xCDF6,
    0xCCAC, 0xCCAC, 0xCCAC, 0xCCAC, 0xCCAC, 0xCCAC, 0xCCAC, 0xCCAC,
    0xCCAC, 0xCCAC, 0xCCAC, 0xCCAC, 0xCCAC, 0xCCAC, 0xCC8C, 0xCC8B,
    0xCC8B, 0xCC8B, 0xCC8B, 0xCC8B, 0xCC8B, 0xCC8B, 0xCC8B, 0xCC8B,
    0xCC8B, 0xCC8B, 0xCC8B, 0xCC6B, 0xCC6B, 0xCC6B, 0xCC8B, 0xCC8B,
    0xCC8B, 0xCC8B, 0xCC6A, 0xCC6A, 0xCC6A, 0xCC8A, 0xCC6A, 0xCC6A,
    0xCC6A, 0xCC6A, 0xC44A, 0xC44A, 0xC44A, 0xC44A, 0xC44A, 0xC44A,
    0xC44A, 0xC44A, 0xC44A, 0xC44A, 0xC44A, 0xC44A, 0xC44A, 0xC44A,
    0xBC4A, 0xBC4A, 0xC44A, 0xC44A, 0xC42A, 0xBC29, 0xB3E9, 0xB3C8,
    0xAB87, 0xAB87, 0xAB67, 0xAB87, 0xB387, 0xB387, 0xB3A7, 0xB3A8,
    0xB3EA, 0xBC4D, 0xBCB0, 0xBD12, 0xC574, 0xC5B6, 0xCDD6, 0xD4AD,
    0xD40A, 0x9A86, 0x6983, 0x6163, 0x4901, 0x40C1, 0x40E1, 0x6142,
    0x5922, 0x50E1, 0x38A0, 0x48E1, 0x38C1, 0x40C1, 0x4901, 0x5101,
    0x5101, 0x5921, 0x5901, 0x48E1, 0x3880, 0x48C0, 0x40C0, 0x50E1,
    0x6962, 0x8204, 0x69A3, 0x6162, 0xA36A, 0xCDF7, 0xCE18, 0xCDF8,
    0xCE18, 0xCDF7, 0xCDF7, 0xCDF7, 0xC5F7, 0xC5F7, 0xC5F7, 0xC5F7,
    0xC5F7, 0xC5F7, 0xC5F7, 0xCDF7, 0xC5F7, 0xCDF7, 0xCDF7, 0xCDF7,
    0xC5F7, 0xC5F7, 0xC5F7, 0xC5F7, 0xC5F7, 0xC5F7, 0xCDF7, 0xC5F7,
    0xC5F7, 0xC5F7, 0xC5F7, 0xC5F7, 0xC5F7, 0xC5F7, 0xC5F7, 0xC5F7,
    0xC5F7, 0xC5F7, 0xC5F7, 0xCDF7, 0xCDF7, 0xCDF7, 0xCDF7, 0xCE17,
    0xCDF7, 0xCE17, 0xCDD6, 0xCDF7, 0xBC4E, 0x9245, 0x8A45, 0x9AA6,
    0xA2C7, 0x9A86, 0x6983, 0x6183, 0x71C4, 0x9245, 0x79C4, 0x6982,
    0x69A3, 0x9266, 0x8225, 0x7A05, 0x79E4, 0x9245, 0x9245, 0x9245,
    0x71C4, 0x8246, 0x8225, 0x8A87, 0xBCD0, 0xCE18, 0xCDF7, 0xCDF7,
    0xC5F7, 0xC5F7, 0xCDF7, 0xCDF7, 0xC5F7, 0xC5F7, 0xC5F7, 0xC5F7,
    0xC5F7, 0xC5F7, 0xC5F7, 0xCDF7, 0xC5F7, 0xCDF7, 0xCDF7, 0xCDF7,
    0xCDF7, 0xCDF7, 0xCDF7, 0xCDF7, 0xCDF7, 0xCDF7, 0xCDD7, 0xCDF7,
    0xCDF7, 0xCDF7, 0xCDF7, 0xCDF7, 0xCDF7, 0xCDF7, 0xCDF7, 0xCDF7,
    0xCDF6, 0xCDF7, 0xCDF7, 0xCDF7, 0xCDF7, 0xCDF7, 0xCDF7, 0xCDF7,
    0xCDF7, 0xCDF7, 0xCDF7, 0xCDF7, 0xCDF7, 0xCDF7, 0xCDF7, 0xCDF7,
    0xCDF7, 0xCDF7, 0xCDF7, 0xCDF6, 0xCDF6, 0xCDF7, 0xCDF7, 0xCDF7,
    0xCCAD, 0xCCAC, 0xCCAC, 0xCCAC, 0xCCAC, 0xCCAC, 0xCCAC, 0xCCAC,
    0xCCAC, 0xCCAC, 0xCCAC, 0xCCAC, 0xCCAC, 0xCCAC, 0xCCAC, 0xCC8B,
    0xCC8B, 0xCC8B, 0xCC8B, 0xCC8B, 0xCC8B, 0xCC8B, 0xCC8B, 0xCC8B,
    0xCC8B, 0xCC8B, 0xCC8B, 0xCC8B, 0xCC8B, 0xCC8B, 0xCC8B, 0xCC8B,
    0xCC8B, 0xCC8B, 0xCC8B, 0xCC8B, 0xCC8B, 0xCC8B, 0xCC8B, 0xCC8B,
    0xCC6B, 0xCC6A, 0xC44A, 0xC44A, 0xC44A, 0xC44A, 0xC44A, 0xC44A,
    0xC44A, 0xC44A, 0xC44A, 0xC44A, 0xC44A, 0xC44A, 0xC44A, 0xC44A,
    0xC44A, 0xC44A, 0xC44A, 0xC44A, 0xC42A, 0xBC29, 0xBBE9, 0xB3C8,
    0xABA7, 0xAB87, 0xAB67, 0xAB87, 0xB387, 0xB3A7, 0xB387, 0xB3A8,
    0xB3EA, 0xBC4D, 0xBCB0, 0xBD12, 0xC575, 0xC5D6, 0xCDD6, 0xD48D,
    0xD3E9, 0x8A45, 0x5102, 0x5942, 0x6142, 0x40C1, 0x3080, 0x40C1,
    0x38A0, 0x48C0, 0x40A0, 0x3080, 0x48C1, 0x48E1, 0x40A0, 0x3880,
    0x3080, 0x40C0, 0x3060, 0x40C0, 0x48E1, 0x50E1, 0x50E1, 0x5921,
    0x6962, 0x6982, 0x5962, 0x6162, 0xABAC, 0xCE18, 0xC5F7, 0xCDF8,
    0xCE17, 0xCDF7, 0xCDF7, 0xCDF7, 0xC5F7, 0xC5F7, 0xC5F7, 0xC5F7,
    0xC5F7, 0xC5F7, 0xC5F7, 0xC5F7, 0xCDF7, 0xCDF7, 0xCDF7, 0xC5F7,
    0xC5F7, 0xC5F7, 0xC5F7, 0xC5F7, 0xC5F7, 0xC5F7, 0xC5F7, 0xC5F7,
    0xC5F7, 0xC5F7, 0xC5F7, 0xC5F7, 0xC5F7, 0xC5F7, 0xC5F7, 0xC5F7,
    0xC5F7, 0xCDF7, 0xC5F7, 0xCDF7, 0xCDF7, 0xCDF7, 0xCDF7, 0xCE17,
    0xCDF7, 0xCE17, 0xCDD6, 0xB3CC, 0x8224, 0x81E4, 0x8204, 0x8A25,
    0x9245, 0x79C3, 0x6962, 0x5101, 0x6142, 0x81C3, 0x6142, 0x6142,
    0x6163, 0x81E4, 0x71C4, 0x79E4, 0x71C3, 0x8A05, 0x8205, 0x8A05,
    0x8A46, 0x9266, 0x7205, 0x71E5, 0x9B29, 0xC574, 0xCDF7, 0xCDF7,
    0xCDF7, 0xC5F7, 0xCDF7, 0xCDF7, 0xC5F7, 0xC5F7, 0xC5F7, 0xC5F7,
    0xC5F7, 0xC5F7, 0xC5F7, 0xC5F7, 0xC5F7, 0xC5F7, 0xCDF7, 0xCDF7,
    0xCDF7, 0xCDF7, 0xCDF7, 0xCDF7, 0xCDF7, 0xCDF7, 0xCDF7, 0xCDF6,
    0xCDF7, 0xCDF7, 0xCDF7, 0xCDF7, 0xCDF7, 0xCDF7, 0xCDF7, 0xCDF7,
    0xCDF7, 0xCDF7, 0xCDF7, 0xCDF7, 0xCDF7, 0xCDF7, 0xCDF7, 0xCDF7,
    0xCDF7, 0xCDF7, 0xCDF7, 0xCE17, 0xCDF7, 0xCDF7, 0xCDF7, 0xCDF7,
    0xCDF7, 0xCDF7, 0xCDF7, 0xCDF7, 0xCDF7, 0xCDF7, 0xCDF7, 0xCDF7,
    0xCCAC, 0xCCAC, 0xCCAC, 0xCCAC, 0xCC8C, 0xCC8C, 0xCCAC, 0xCCAC,
    0xCCAC, 0xCCAC, 0xCCAC, 0xCC8C, 0xCCAC, 0xCCAC, 0xCC8C, 0xCC8C,
    0xCC8B, 0xCC8B, 0xCC8B, 0xCC8B, 0xCC8B, 0xCC8B, 0xCC8C, 0xCC8C,
    0xCC8B, 0xCC8B, 0xCC8B, 0xCC8B, 0xCC8B, 0xCC8B, 0xCC8B, 0xCC8B,
    0xCC8B, 0xCC8B, 0xCC8B, 0xCC8B, 0xCC8B, 0xCC8B, 0xCC8B, 0xCC8B,
    0xCC6B, 0xC46B, 0xC44B, 0xC44A, 0xC44A, 0xC44A, 0xC44A, 0xC44A,
    0xC44B, 0xC44B, 0xC44A, 0xC44B, 0xC44A, 0xC44A, 0xC44A, 0xC44A,
    0xC44A, 0xC44A, 0xC44A, 0xC44A, 0xC44A, 0xBC2A, 0xBC09, 0xB3E8,
    0xB3A7, 0xAB87, 0xAB87, 0xB387, 0xB387, 0xB3A7, 0xB3A7, 0xB3A8,
    0xB3EA, 0xBC4D, 0xBCB0, 0xBD12, 0xC574, 0xC5D6, 0xCD32, 0xCC2B,
    0xC3A9, 0x81E4, 0x5122, 0x4902, 0x5102, 0x40C1, 0x3080, 0x2040,
    0x3880, 0x3880, 0x2860, 0x38A0, 0x40C1, 0x3080, 0x2860, 0x3060,
    0x2860, 0x3060, 0x2860, 0x38C1, 0x48E1, 0x48C0, 0x40A0, 0x48C1,
    0x48E1, 0x5921, 0x5962, 0x6183, 0xAB8A, 0xCDB5, 0xC5F7, 0xCDF7,
    0xCE17, 0xCDF7, 0xCDF7, 0xC5F7, 0xCDF7, 0xC5F7, 0xC5F7, 0xC5F7,
    0xC5F7, 0xC5F7, 0xC5F7, 0xCDF7, 0xCDF7, 0xCDF7, 0xCDF7, 0xC5F7,
    0xC5F7, 0xC5F7, 0xC5F7, 0xC5F7, 0xC5F7, 0xCDF7, 0xC5F7, 0xC5F7,
    0xC5F7, 0xC5F7, 0xC5F7, 0xC5F7, 0xC5F7, 0xC5F7, 0xC5F7, 0xC5F7,
    0xCDF7, 0xCDF7, 0xCDF7, 0xCDF7, 0xCDF7, 0xCDF7, 0xCDF7, 0xCE17,
    0xCDF7, 0xCE18, 0xCDB6, 0x92A7, 0x6982, 0x8204, 0x79E4, 0x79C4,
    0x7183, 0x6142, 0x5942, 0x5101, 0x79A3, 0x5942, 0x5122, 0x5122,
    0x6983, 0x6983, 0x6163, 0x71A3, 0x79C3, 0x8204, 0x8205, 0x9266,
    0x9A86, 0x9266, 0x8225, 0x7205, 0x8A46, 0xB40D, 0xC5D6, 0xCDF7,
    0xCDF7, 0xCDF7, 0xCDF7, 0xCDF7, 0xC5F7, 0xC5F7, 0xC5F6, 0xC5F7,
    0xC5F7, 0xC5F7, 0xC5D7, 0xC5F7, 0xC5F7, 0xC5F7, 0xCDF7, 0xCDF7,
    0xCDF7, 0xCDF7, 0xCDF7, 0xCDF7, 0xCDF7, 0xCDF7, 0xCDF7, 0xCDF7,
    0xCDF7, 0xCDF7, 0xCDD7, 0xCDF7, 0xCDF7, 0xCDF7, 0xCDF7, 0xCDF7,
    0xCDD6, 0xCDD6, 0xCDD6, 0xCDD6, 0xCDF6, 0xCDD6, 0xCDD6, 0xCDD6,
    0xCDD6, 0xCDF7, 0xCDF7, 0xCDF7, 0xCDF7, 0xCDF7, 0xCDF7, 0xCDF6,
    0xCDF6, 0xCDF6, 0xCDF7, 0xCDF7, 0xCDF7, 0xCDF6, 0xCDF6, 0xCDF6,
    0xCC8C, 0xCC8B, 0xCC8B, 0xCC8B, 0xCC8B, 0xCC8B, 0xCCAB, 0xCCAC,
    0xCCAC, 0xCCAC, 0xCCAC, 0xCCAC, 0xCCAC, 0xCCAC, 0xCC8C, 0xCC8B,
    0xCC8B, 0xCC8B, 0xCC8B, 0xC48B, 0xC48B, 0xC48C, 0xC48C, 0xC48C,
    0xC48C, 0xC48B, 0xC48B, 0xC46B, 0xC46B, 0xCC8B, 0xCC8B, 0xCC8B,
    0xCC6B, 0xC46B, 0xC46B, 0xC46B, 0xC48B, 0xCC8B, 0xCC8B, 0xC48B,
    0xC46B, 0xC46B, 0xC46B, 0xC46B, 0xC44B, 0xC46B, 0xC44B, 0xC44B,
    0xC44B, 0xC44B, 0xC44B, 0xC44B, 0xC44B, 0xC44B, 0xC44B, 0xC44A,
    0xC44A, 0xC44A, 0xC44A, 0xC44A, 0xC44A, 0xBC2A, 0xBC09, 0xB3E8,
    0xB3A8, 0xABA7, 0xAB87, 0xB387, 0xB3A7, 0xB3A7, 0xB3A7, 0xB3A8,
    0xB3EA, 0xBC4D, 0xBCAF, 0xBD12, 0xC574, 0xC5B6, 0xC574, 0xB389,
    0xAB07, 0x71A3, 0x4902, 0x38C1, 0x48E1, 0x38A0, 0x2040, 0x1840,
    0x2860, 0x3080, 0x2060, 0x3080, 0x38A0, 0x2860, 0x2860, 0x1840,
    0x2860, 0x38A0, 0x2860, 0x2880, 0x48C0, 0x40A0, 0x40A0, 0x3080,
    0x38A0, 0x48E1, 0x5942, 0x71C3, 0xA38B, 0xCE18, 0xCE18, 0xCDF7,
    0xCDF7, 0xCDF7, 0xCDF7, 0xC5F7, 0xC5F7, 0xC5F7, 0xC5F7, 0xC5F7,
    0xC5F7, 0xC5F7, 0xC5F7, 0xCDF7, 0xCDF7, 0xCDF7, 0xCDF7, 0xCDF7,
    0xC5F7, 0xC5F7, 0xC5F7, 0xC5F7, 0xCDF7, 0xCDF7, 0xC5F7, 0xC5F7,
    0xC5F7, 0xC5F7, 0xC5F7, 0xC5F7, 0xC5F7, 0xC5F7, 0xC5F7, 0xC5F7,
    0xC5F7, 0xC5F7, 0xC5F7, 0xCDF7, 0xC5F7, 0xC5F7, 0xCDF7, 0xCE17,
    0xCDF7, 0xCE18, 0xBCF1, 0x8A24, 0x71C4, 0x79E4, 0x71A3, 0x5942,
    0x48E1, 0x5101, 0x5922, 0x6121, 0x5921, 0x40E1, 0x5121, 0x38C1,
    0x5122, 0x5122, 0x71C4, 0x79C4, 0x8204, 0x79E4, 0x79E4, 0x8A45,
    0x9266, 0x8225, 0x69C4, 0x61A4, 0x7A05, 0x9AE8, 0xC553, 0xCE17,
    0xCDF7, 0xCDF7, 0xCDF7, 0xC5F7, 0xC5F7, 0xC5F7, 0xC5D6, 0xC5D7,
    0xC5F7, 0xC5F7, 0xC5F7, 0xC5F7, 0xC5F7, 0xC5F7, 0xC5F7, 0xCDF7,
    0xCDF7, 0xCDF7, 0xCDF7, 0xCDF7, 0xCDF7, 0xCDF7, 0xCDF7, 0xCDF7,
    0xCDF7, 0xCDF7, 0xC5F7, 0xCDD7, 0xC5D7, 0xCDD7, 0xCDD6, 0xC5D6,
    0xC5B6, 0xC5B5, 0xC5B5, 0xC5B5, 0xC5B5, 0xC5B5, 0xC5B5, 0xC5B5,
    0xC5B5, 0xCDB6, 0xCDB6, 0xCDD6, 0xCDB6, 0xCDB6, 0xCDB6, 0xCDB6,
    0xCDD6, 0xCDD6, 0xCDD6, 0xCDD6, 0xCDD6, 0xCDD6, 0xCDD6, 0xCDD6,
    0xC46B, 0xCC6A, 0xCC6A, 0xCC6B, 0xCC8B, 0xCC8B, 0xCC8B, 0xCC8B,
    0xCC8B, 0xCC8B, 0xCC8B, 0xCC8B, 0xCC8B, 0xCC8B, 0xCC8B, 0xCC6B,
    0xCC6B, 0xC46B, 0xC46B, 0xC48B, 0xC48B, 0xC48B, 0xC48B, 0xC48B,
    0xC48B, 0xC48C, 0xC46B, 0xC46B, 0xC46B, 0xCC8B, 0xCC8B, 0xCC6B,
    0xC46B, 0xC46B, 0xC46B, 0xC46B, 0xC46B, 0xC48B, 0xC48B, 0xC48B,
    0xC46B, 0xC46B, 0xC46B, 0xC46B, 0xC46B, 0xC44B, 0xC44B, 0xC46B,
    0xC46B, 0xC46B, 0xC44B, 0xC44B, 0xC44B, 0xC44B, 0xC44B, 0xC44B,
    0xC44B, 0xC44B, 0xC44B, 0xC44B, 0xBC4A, 0xBC2A, 0xBC09, 0xB3E9,
    0xB3C8, 0xABA8, 0xABA7, 0xABA7, 0xB3A7, 0xB3A7, 0xB3A7, 0xB3A8,
    0xB3EA, 0xBC4D, 0xBCAF, 0xBD12, 0xC574, 0xC5B6, 0xCDD6, 0xB3EC,
    0x9A65, 0x6982, 0x5101, 0x48E1, 0x38A0, 0x3080, 0x1820, 0x1820,
    0x2040, 0x2060, 0x2880, 0x2880, 0x2860, 0x2040, 0x2040, 0x2060,
    0x2040, 0x3080, 0x2860, 0x2860, 0x3880, 0x3880, 0x3880, 0x2860,
    0x40C0, 0x40C0, 0x5942, 0x81E3, 0xB4B1, 0xCE39, 0xCDF7, 0xCDF8,
    0xCDF8, 0xCDF7, 0xCDF7, 0xC5F7, 0xC5F7, 0xCDF7, 0xC5F7, 0xCDF7,
    0xC5F7, 0xC5F7, 0xCDF7, 0xCDF7, 0xCDF7, 0xCDF7, 0xCDF7, 0xCDF7,
    0xC5F7, 0xC5F7, 0xC5F7, 0xC5F7, 0xC5F7, 0xC5F7, 0xC5F7, 0xC5F7,
    0xC5F7, 0xC5F7, 0xC5F7, 0xC5F7, 0xC5F7, 0xC5F7, 0xC5F7, 0xC5F7,
    0xC5F7, 0xC5F7, 0xC5F7, 0xC5F7, 0xC5F7, 0xC5F7, 0xCDF7, 0xCE17,
    0xCE18, 0xCDF7, 0xB3CB, 0x8A04, 0x79E3, 0x79C3, 0x7183, 0x5921,
    0x40E1, 0x48E1, 0x5901, 0x5101, 0x3080, 0x48E1, 0x2860, 0x40E1,
    0x6162, 0x6183, 0x6142, 0x5922, 0x7183, 0x5942, 0x71A3, 0x79E4,
    0x71C4, 0x71E4, 0x7A05, 0x71E5, 0x7205, 0x7A05, 0xBCB0, 0xCE18,
    0xCDF7, 0xCDF7, 0xCDF7, 0xCDF7, 0xC5F7, 0xC5F7, 0xC5F7, 0xC5D7,
    0xC5F7, 0xC5F7, 0xC5F7, 0xC5F7, 0xC5F7, 0xC5F7, 0xC5F7, 0xCDF7,
    0xCDF7, 0xCDF7, 0xCDF7, 0xCDF7, 0xCDF7, 0xCDF7, 0xCDF7, 0xCDF7,
    0xCDF7, 0xCDF7, 0xC5F7, 0xC5D7, 0xCDD6, 0xC5D6, 0xC5B5, 0xC595,
    0xC594, 0xC574, 0xC574, 0xC574, 0xC574, 0xC574, 0xC574, 0xC574,
    0xC574, 0xC574, 0xC574, 0xC574, 0xC574, 0xC574, 0xC594, 0xC594,
    0xC594, 0xC594, 0xC594, 0xCD94, 0xCD94, 0xCD94, 0xCD95, 0xCDB5,
    0xBC49, 0xC449, 0xC449, 0xC449, 0xCC4A, 0xCC6A, 0xCC6A, 0xCC6A,
    0xCC6A, 0xCC6A, 0xCC6A, 0xCC6A, 0xCC6A, 0xC46A, 0xC46A, 0xC44A,
    0xC44A, 0xC46A, 0xC46A, 0xC46A, 0xC46A, 0xC46A, 0xC46A, 0xC46B,
    0xC46B, 0xC46B, 0xC46B, 0xC46B, 0xC46B, 0xCC6B, 0xCC6B, 0xC46B,
    0xC46B, 0xC46B, 0xC46B, 0xC46B, 0xC46B, 0xC46B, 0xC46B, 0xC46B,
    0xC46B, 0xC46B, 0xC46B, 0xC46B, 0xC44B, 0xC44B, 0xC44B, 0xC44B,
    0xC44B, 0xC46B, 0xC46B, 0xC44B, 0xC44B, 0xBC4B, 0xBC4B, 0xBC4B,
    0xBC4B, 0xC44B, 0xC44B, 0xBC4B, 0xBC4A, 0xBC2A, 0xBC09, 0xB3E9,
    0xB3C8, 0xB3C8, 0xABA7, 0xB3A7, 0xB3A7, 0xB3A7, 0xB3A7, 0xB3A7,
    0xB3CA, 0xBC4D, 0xBCAF, 0xBD12, 0xC574, 0xC5B6, 0xCE17, 0xCD11,
    0x9265, 0x6982, 0x5101, 0x5101, 0x40C1, 0x2860, 0x2040, 0x1020,
    0x1840, 0x3060, 0x3080, 0x2860, 0x2040, 0x2040, 0x1820, 0x2040,
    0x2040, 0x2040, 0x2040, 0x2860, 0x2040, 0x2040, 0x2840, 0x48E1,
    0x48E1, 0x5101, 0x5921, 0x8225, 0xBD13, 0xCE18, 0xCDF7, 0xCDF8,
    0xCDF7, 0xCDF7, 0xC5F7, 0xC5F7, 0xCDF7, 0xCDF7, 0xCDF7, 0xCDF7,
    0xC5F7, 0xC5F7, 0xCDF7, 0xCDF8, 0xCDF8, 0xCDF8, 0xCDF7, 0xCDF7,
    0xCDF7, 0xC5F7, 0xC5F7, 0xC5F7, 0xC5F7, 0xC5F7, 0xC5F7, 0xCDF7,
    0xCDF7, 0xC5F7, 0xC5F7, 0xC5F7, 0xC5F7, 0xC5F7, 0xC5F7, 0xC5F7,
    0xC5F7, 0xC5F7, 0xC5F7, 0xC5F7, 0xC5F7, 0xC5F7, 0xCDF7, 0xCDF7,
    0xCDF7, 0xC533, 0x9286, 0x81E3, 0x79C3, 0x6962, 0x6121, 0x5921,
    0x38A0, 0x48E1, 0x5101, 0x5101, 0x50E1, 0x3080, 0x40C0, 0x5121,
    0x5101, 0x40E1, 0x3880, 0x5901, 0x5921, 0x40E1, 0x6142, 0x71C4,
    0x71C4, 0x69A4, 0x8A45, 0x7A05, 0x8225, 0x79C4, 0xA36A, 0xCE17,
    0xC5F7, 0xCDF7, 0xCDF7, 0xCDF7, 0xC5F7, 0xC5F7, 0xC5F7, 0xC5F7,
    0xC5F7, 0xC5F7, 0xC5F7, 0xC5F7, 0xC5F7, 0xC5F7, 0xCDF7, 0xCDF7,
    0xCDF7, 0xCDF7, 0xCDF7, 0xCDF7, 0xCDF7, 0xCDF7, 0xCDF7, 0xCDF7,
    0xCDF7, 0xC5F7, 0xC5D7, 0xC5D6, 0xC5D6, 0xC5B5, 0xC574, 0xC554,
    0xBD33, 0xBD32, 0xBD12, 0xBD12, 0xBD12, 0xBD12, 0xBD12, 0xC512,
    0xC512, 0xC532, 0xC532, 0xC532, 0xC532, 0xC532, 0xC532, 0xC532,
    0xC532, 0xC532, 0xC532, 0xC552, 0xC553, 0xC553, 0xC553, 0xC553,
    0xBC28, 0xBC28, 0xBC28, 0xC428, 0xC449, 0xC449, 0xCC49, 0xCC49,
    0xCC49, 0xCC49, 0xCC49, 0xCC49, 0xC449, 0xC449, 0xC449, 0xC449,
    0xC449, 0xC449, 0xBC49, 0xBC49, 0xBC49, 0xBC4A, 0xBC4A, 0xBC4A,
    0xBC4A, 0xC44A, 0xC44A, 0xC44A, 0xC44A, 0xCC4A, 0xC44A, 0xC44A,
    0xC44A, 0xC44A, 0xC44A, 0xC44A, 0xC44B, 0xC46B, 0xC46B, 0xC46B,
    0xC46B, 0xC44B, 0xC44B, 0xC44B, 0xC44A, 0xC44B, 0xC44B, 0xC44B,
    0xC44B, 0xC44B, 0xC44B, 0xC44B, 0xBC4B, 0xBC4B, 0xBC4A, 0xBC4A,
    0xBC4A, 0xBC4A, 0xBC4B, 0xBC4B, 0xBC4A, 0xBC2A, 0xB409, 0xB3E9,
    0xB3C8, 0xABC8, 0xABA8, 0xB3A8, 0xB3A7, 0xB3A7, 0xB3A7, 0xB3A7,
    0xB3EA, 0xBC4D, 0xBCAF, 0xBD12, 0xC574, 0xCDB5, 0xCDD6, 0xC48E,
    0x8A04, 0x6142, 0x6142, 0x5901, 0x48E0, 0x3080, 0x3880, 0x40A0,
    0x1840, 0x2860, 0x38A0, 0x2860, 0x1840, 0x2040, 0x2040, 0x2040,
    0x2040, 0x1840, 0x1820, 0x2860, 0x1820, 0x2040, 0x2040, 0x50E1,
    0x5921, 0x5921, 0x6162, 0x7A25, 0xBD34, 0xCE18, 0xCDF7, 0xCDF7,
    0xCDF7, 0xCDF7, 0xCDF7, 0xC5F7, 0xC5F7, 0xCDF7, 0xCDF7, 0xCDF7,
    0xCDF7, 0xCDF7, 0xCE17, 0xCE18, 0xCDF8, 0xCDF8, 0xCDF8, 0xCDF8,
    0xCDF7, 0xC5F7, 0xC5F7, 0xC5F7, 0xCDF7, 0xCDF7, 0xCDF7, 0xCDF7,
    0xCDF7, 0xC5F7, 0xC5F7, 0xC5F7, 0xC5F7, 0xC5F7, 0xC5F7, 0xC5F7,
    0xC5F7, 0xC5F7, 0xC5F7, 0xC5F7, 0xC5F7, 0xC5F7, 0xC5F7, 0xCDF7,
    0xCDF7, 0xABEC, 0x81E3, 0x71A3, 0x71A3, 0x5942, 0x50E1, 0x5921,
    0x40A0, 0x48E1, 0x40C0, 0x48E1, 0x40C1, 0x3080, 0x48E1, 0x3080,
    0x48E1, 0x2860, 0x38A0, 0x3080, 0x38A0, 0x40E1, 0x71A3, 0x8204,
    0x5942, 0x6183, 0x8A45, 0x8225, 0x7A05, 0x71A3, 0x9B29, 0xCE18,
    0xC5F7, 0xCDF7, 0xCDF7, 0xCDF7, 0xC5F7, 0xC5F7, 0xC5F7, 0xC5F7,
    0xC5F7, 0xC5F7, 0xC5F7, 0xC5F7, 0xC5F7, 0xCDF7, 0xCDF7, 0xCDF7,
    0xCDF7, 0xCDF7, 0xCDF7, 0xC5F7, 0xC5F7, 0xCDF7, 0xCDF7, 0xCDF7,
    0xCDF7, 0xC5F7, 0xC5D6, 0xC5D6, 0xC5B6, 0xC595, 0xBD54, 0xBD32,
    0xBD11, 0xBCD1, 0xBCD0, 0xBCB0, 0xBCD0, 0xBCD0, 0xBCD0, 0xBCD0,
    0xBCD0, 0xBCD0, 0xBCD0, 0xBCF0, 0xC4F0, 0xC4F0, 0xBCD0, 0xBCF0,
    0xC4F0, 0xC4F0, 0xC4F0, 0xC4F0, 0xC4F1, 0xC511, 0xC511, 0xC511,
    0xB407, 0xB407, 0xBC07, 0xBC28, 0xBC28, 0xC428, 0xC428, 0xC428,
    0xC428, 0xC428, 0xC428, 0xC428, 0xC428, 0xC408, 0xC428, 0xC428,
    0xC428, 0xBC08, 0xBC08, 0xB408, 0xB408, 0xB408, 0xB408, 0xB429,
    0xBC29, 0xC429, 0xC429, 0xC429, 0xC429, 0xC429, 0xC429, 0xC429,
    0xC429, 0xC42A, 0xC42A, 0xC42A, 0xC44A, 0xC44A, 0xC44A, 0xC44A,
    0xC44A, 0xC44A, 0xC44A, 0xC44A, 0xC44A, 0xC44A, 0xC44A, 0xC44A,
    0xC44A, 0xC44A, 0xC44A, 0xC44A, 0xBC2A, 0xBC2A, 0xBC2A, 0xBC2A,
    0xBC2A, 0xBC2A, 0xBC2A, 0xBC4A, 0xBC2A, 0xBC0A, 0xB3E9, 0xB3E9,
    0xABC8, 0xABA8, 0xABA8, 0xABA8, 0xB3A8, 0xB3A7, 0xB3A7, 0xB3A8,
    0xB3EA, 0xBC4C, 0xBCAF, 0xBCF2, 0xC554, 0xC595, 0xCD95, 0xC4D0,
    0x8224, 0x48E1, 0x5121, 0x5922, 0x48E1, 0x38A0, 0x5101, 0x5101,
    0x3080, 0x38A0, 0x3080, 0x1820, 0x1840, 0x2040, 0x1840, 0x2040,
    0x3060, 0x1840, 0x1820, 0x2860, 0x2860, 0x2860, 0x3080, 0x38A0,
    0x48E0, 0x5101, 0x5901, 0x8B0A, 0xCE18, 0xC5F7, 0xCDF7, 0xCDF8,
    0xCE18, 0xCDF8, 0xCDF8, 0xCDF7, 0xC5F7, 0xCDF7, 0xCDF7, 0xCDF8,
    0xCDF7, 0xCDF8, 0xCE18, 0xCE18, 0xCDF7, 0xCDF7, 0xCE18, 0xCDF8,
    0xCDF7, 0xCDF7, 0xCDF7, 0xCDF7, 0xCDF7, 0xCDF8, 0xCE18, 0xCDF7,
    0xCDD6, 0xC5F7, 0xC5F7, 0xC5F7, 0xC5F7, 0xC5F7, 0xC5F7, 0xC5F7,
    0xC5F7, 0xC5F7, 0xC5F7, 0xC5F7, 0xCDF7, 0xC5F7, 0xC5F7, 0xCDF7,
    0xCE38, 0xBD12, 0x79C3, 0x6982, 0x71A3, 0x5122, 0x40C0, 0x50E1,
    0x40A0, 0x38A0, 0x38A0, 0x3080, 0x2860, 0x3080, 0x2860, 0x40C0,
    0x40A0, 0x2060, 0x38C1, 0x48E1, 0x4901, 0x69A3, 0x71A3, 0x38C1,
    0x30A0, 0x5122, 0x71C3, 0x8205, 0x9266, 0x79E4, 0x9B29, 0xCDD6,
    0xC5F7, 0xC5F7, 0xC5F7, 0xC5F7, 0xC5F7, 0xC5F7, 0xC5F7, 0xC5F7,
    0xC5F7, 0xC5F7, 0xC5F7, 0xC5F7, 0xC5F7, 0xCE17, 0xCDF7, 0xCDF7,
    0xCDF7, 0xCDF7, 0xCDF7, 0xCDF7, 0xC5F7, 0xC5F7, 0xC5F7, 0xCDF7,
    0xCDF7, 0xC5F7, 0xC5F6, 0xC5D6, 0xC5B5, 0xBD54, 0xBD13, 0xBCF1,
    0xB4B0, 0xB48F, 0xB48F, 0xB46E, 0xB46E, 0xBC6E, 0xBC8E, 0xBC6E,
    0xBC6E, 0xBC6E, 0xBC6E, 0xBC8E, 0xBC8E, 0xBC8E, 0xBC8E, 0xBC8E,
    0xBC8E, 0xBC8E, 0xBC8E, 0xBCAF, 0xC4AF, 0xC4AF, 0xC4AF, 0xC4AF,
    0xABE6, 0xABE6, 0xAC06, 0xB407, 0xB407, 0xBC07, 0xBC27, 0xC428,
    0xC428, 0xC408, 0xC408, 0xC408, 0xC408, 0xC408, 0xC408, 0xBBE8,
    0xBBE7, 0xB3E7, 0xB3E7, 0xABE7, 0xABE7, 0xABE7, 0xABE7, 0xB3E8,
    0xB3E8, 0xBC08, 0xC408, 0xC408, 0xC408, 0xC408, 0xC408, 0xC408,
    0xC409, 0xC409, 0xC409, 0xBC09, 0xC409, 0xC429, 0xC429, 0xC429,
    0xC429, 0xC429, 0xC429, 0xC429, 0xC429, 0xC429, 0xBC29, 0xBC2A,
    0xBC2A, 0xBC2A, 0xBC2A, 0xBC2A, 0xBC2A, 0xBC0A, 0xBC2A, 0xBC29,
    0xBC2A, 0xBC2A, 0xBC2A, 0xBC2A, 0xBC2A, 0xB409, 0xB3E9, 0xB3C8,
    0xABA8, 0xABA8, 0xABA8, 0xABA8, 0xB3A8, 0xB3C8, 0xB3A7, 0xB3A8,
    0xB3EA, 0xBC4D, 0xBCAF, 0xBCF1, 0xC553, 0xC595, 0xCDD7, 0xD638,
    0xB44E, 0x71A2, 0x6162, 0x5101, 0x48E1, 0x40C0, 0x40A0, 0x38A0,
    0x2040, 0x1840, 0x2060, 0x2040, 0x1820, 0x1820, 0x1840, 0x1820,
    0x2040, 0x2040, 0x2840, 0x50C0, 0x48C0, 0x50E0, 0x5900, 0x7161,
    0x6961, 0x48C0, 0x48E0, 0xAC70, 0xCE18, 0xC5F7, 0xC5F7, 0xC5F8,
    0xCE18, 0xCE18, 0xCE18, 0xCE18, 0xCDF8, 0xCDF7, 0xCE17, 0xCDF7,
    0xCDF7, 0xCDF7, 0xCE18, 0xCE18, 0xCE18, 0xCDF7, 0xCE18, 0xCDF7,
    0xCDF7, 0xCE18, 0xCDF7, 0xCE18, 0xCDF7, 0xCDF7, 0xCDF7, 0xC5B6,
    0xC5D7, 0xC5F7, 0xC5F7, 0xC5F7, 0xC5F7, 0xC5F7, 0xC5F7, 0xC5F7,
    0xCDF7, 0xC5F7, 0xC5F7, 0xCDF7, 0xCDF7, 0xCDF7, 0xCDF7, 0xCE18,
    0xCDF7, 0xBCB0, 0x8204, 0x6942, 0x6142, 0x5101, 0x38A0, 0x40C0,
    0x40A0, 0x3060, 0x2860, 0x2040, 0x2860, 0x2860, 0x38A0, 0x48E0,
    0x3880, 0x38A0, 0x4901, 0x5101, 0x5121, 0x5942, 0x38A0, 0x2880,
    0x48E1, 0x5122, 0x71C3, 0x9A66, 0x8225, 0x7A05, 0x79E4, 0xB3AB,
    0xCDF6, 0xC5F7, 0xC5F7, 0xC5F7, 0xC5F7, 0xC5F7, 0xC5F7, 0xC5F7,
    0xC5F7, 0xC5F7, 0xC5F7, 0xC5F7, 0xC5F7, 0xC5F7, 0xC5F7, 0xCDF7,
    0xCDF7, 0xCDF7, 0xCDF7, 0xCDF7, 0xCDF7, 0xC5F7, 0xC5F7, 0xCDF7,
    0xCDF7, 0xCDF7, 0xCDF7, 0xC5D6, 0xC595, 0xBD54, 0xB4F2, 0xB4B0,
    0xB48F, 0xB44E, 0xB42C, 0xB40B, 0xB40C, 0xB42C, 0xB42C, 0xB42C,
    0xB42C, 0xB42C, 0xBC2C, 0xBC4C, 0xBC4C, 0xBC4C, 0xBC4C, 0xBC4C,
    0xBC4C, 0xBC4C, 0xBC4C, 0xBC4C, 0xBC6D, 0xBC4D, 0xBC4C, 0xBC4C,
    0x9BC6, 0xA3C6, 0xA3E6, 0xA3E6, 0xAC06, 0xB407, 0xBC07, 0xBC07,
    0xBC08, 0xBC08, 0xBC08, 0xBBE8, 0xBBE7, 0xBBE7, 0xBBE7, 0xB3E7,
    0xB3C7, 0xABC6, 0xA3C6, 0xA3C6, 0xA3C7, 0xA3C7, 0xABC7, 0xABC7,
    0xB3C7, 0xBBE8, 0xBBE8, 0xBBE8, 0xBBE8, 0xC3E8, 0xBBE8, 0xBBE8,
    0xBBE8, 0xBBE8, 0xBBE8, 0xBBE8, 0xBBE8, 0xBBE8, 0xBBE8, 0xBC08,
    0xBC08, 0xBC08, 0xBC08, 0xC408, 0xBC09, 0xBC08, 0xBC09, 0xBC09,
    0xBC09, 0xBC09, 0xBC09, 0xBC09, 0xBC09, 0xBC09, 0xBC09, 0xBC09,
    0xBC09, 0xBC09, 0xBC09, 0xBC09, 0xBC09, 0xB3E9, 0xB3C8, 0xABC8,
    0xABA8, 0xABA7, 0xAB87, 0xABA7, 0xB3A7, 0xB3C7, 0xB3A7, 0xB3C8,
    0xB3EA, 0xBC4C, 0xBCAF, 0xBCF1, 0xC553, 0xC595, 0xCDD6, 0xCDF7,
    0xCD74, 0xA2C6, 0x79A2, 0x6142, 0x48C0, 0x48C0, 0x48C0, 0x3080,
    0x2040, 0x1840, 0x1840, 0x2040, 0x1820, 0x1840, 0x1000, 0x2840,
    0x3060, 0x1820, 0x50C0, 0x7960, 0x89C1, 0x89C1, 0x9A22, 0xA242,
    0xA242, 0x7161, 0x4901, 0xBD34, 0xCE18, 0xC5F7, 0xCDF8, 0xC618,
    0xC618, 0xCE18, 0xCE18, 0xCE18, 0xCE18, 0xCDF7, 0xCDF7, 0xCE18,
    0xC5F7, 0xCE17, 0xCE18, 0xCE18, 0xCE18, 0xCDF7, 0xCE18, 0xCDF7,
    0xCDD6, 0xCE18, 0xCDF7, 0xCE18, 0xC5D6, 0xC574, 0xCDD6, 0xC595,
    0xC5F7, 0xC5F7, 0xC5F7, 0xC5F7, 0xC5F7, 0xC5F7, 0xC5F7, 0xC5F7,
    0xCDF7, 0xCDF7, 0xCDF7, 0xC5F7, 0xCDF7, 0xCDF7, 0xCDF7, 0xCE17,
    0xCDD7, 0xA3CC, 0x71A3, 0x48E1, 0x48E1, 0x40C1, 0x3080, 0x40A0,
    0x48C0, 0x2840, 0x2040, 0x2040, 0x2040, 0x38A0, 0x48C1, 0x3880,
    0x3880, 0x38A0, 0x40C1, 0x40E1, 0x5121, 0x40E1, 0x40C1, 0x50E1,
    0x5922, 0x71A3, 0x81E4, 0x71C4, 0x7A05, 0x71E4, 0x8245, 0xBCD1,
    0xCDF7, 0xC5F7, 0xC5F7, 0xC5F7, 0xC5F7, 0xC5F7, 0xC5F7, 0xC5F7,
    0xC5F7, 0xC5F7, 0xC5F7, 0xC5F7, 0xC5F7, 0xCDF7, 0xC5F7, 0xC5F7,
    0xCDF7, 0xCDF7, 0xCDF7, 0xCDF7, 0xCDF7, 0xCDF7, 0xCDF7, 0xCDF7,
    0xCDF7, 0xCDF7, 0xCDF7, 0xC5D6, 0xC595, 0xBD33, 0xB4D1, 0xB48F,
    0xB44D, 0xAC0C, 0xABA9, 0xAB88, 0xABA9, 0xB3CA, 0xB3EA, 0xB40B,
    0xB40B, 0xB40C, 0xB40C, 0xBC2B, 0xBC2B, 0xBC2B, 0xBC2C, 0xB42C,
    0xBC2C, 0xBC2C, 0xBC2C, 0xBC4C, 0xBC4C, 0xBC4C, 0xBC4C, 0xBC4C,
    0x93A5, 0x93A5, 0x93C5, 0x9BE5, 0xA3E6, 0xA3E6, 0xABE7, 0xB407,
    0xB407, 0xB3E7, 0xB3E7, 0xB3E7, 0xB3E7, 0xB3E7, 0xB3C7, 0xABC7,
    0xA3C6, 0xA3C6, 0x9BA6, 0x9BA6, 0x9BA6, 0xA3A6, 0xA3A7, 0xABA7,
    0xABC7, 0xB3C7, 0xB3C8, 0xB3C7, 0xBBC8, 0xBBC8, 0xB3C8, 0xBBC7,
    0xBBC7, 0xBBC7, 0xBBC7, 0xBBC7, 0xBBC8, 0xBBC8, 0xBBC8, 0xBBE8,
    0xBBE8, 0xBBE8, 0xBBE8, 0xBBE8, 0xBBE8, 0xBBE8, 0xBBE8, 0xBBE8,
    0xBBE8, 0xBBE8, 0xBBE8, 0xBBE8, 0xBBE8, 0xBBE8, 0xBBE8, 0xBBE8,
    0xBBE8, 0xBBE8, 0xBBE8, 0xBBE8, 0xBBE9, 0xB3C8, 0xB3C8, 0xABA7,
    0xAB87, 0xAB87, 0xAB87, 0xAB87, 0xB3A7, 0xB3A7, 0xB3C7, 0xB3C8,
    0xBBE9, 0xBC4C, 0xBC8F, 0xBCF1, 0xC553, 0xC595, 0xCDD6, 0xCDF7,
    0xCD94, 0xC44D, 0x8A24, 0x6962, 0x6121, 0x48C0, 0x50E1, 0x30A0,
    0x2040, 0x2040, 0x1820, 0x1820, 0x2060, 0x1820, 0x3080, 0x6940,
    0x81A0, 0x6920, 0x91E1, 0xAA62, 0xAA41, 0xB261, 0xC2C2, 0xBAC2,
    0xC2E3, 0xAA41, 0x9B28, 0xCE18, 0xC618, 0xC5F8, 0xC5F8, 0xCDF8,
    0xC618, 0xCE18, 0xCE18, 0xCE18, 0xCE18, 0xCE18, 0xCDB6, 0xCDD6,
    0xCE38, 0xCDF7, 0xCE18, 0xCE18, 0xCE18, 0xCDF7, 0xCDB6, 0xCDD6,
    0xCDB5, 0xCDD6, 0xCDB6, 0xCE18, 0xC4F2, 0xC533, 0xCDB6, 0xCDD7,
    0xC5F7, 0xC5F7, 0xC5D7, 0xC5F7, 0xC5D7, 0xCDF7, 0xCDF7, 0xC5F7,
    0xC5F7, 0xCDF7, 0xC5F7, 0xC5F7, 0xC5F7, 0xCDF7, 0xCE18, 0xCDF7,
    0xCE59, 0xAC91, 0x6162, 0x40C0, 0x40A0, 0x3080, 0x38A0, 0x38A0,
    0x40A0, 0x2860, 0x2040, 0x1820, 0x3060, 0x3880, 0x3060, 0x2860,
    0x2860, 0x38A0, 0x38A1, 0x38A1, 0x2880, 0x3080, 0x38A0, 0x38C1,
    0x4901, 0x5922, 0x6962, 0x8205, 0x8A46, 0x79E4, 0xA36A, 0xCE38,
    0xC5F7, 0xC5F7, 0xC5F7, 0xC5F7, 0xC5F7, 0xC5F7, 0xC5F7, 0xC5F7,
    0xC5F7, 0xC5F7, 0xC5F7, 0xC5F7, 0xC5F7, 0xC5F7, 0xC5F7, 0xC5F7,
    0xC5F7, 0xC5F7, 0xCDF7, 0xCDF7, 0xCDF7, 0xCDF7, 0xC5F7, 0xCDF7,
    0xCDF7, 0xCDF7, 0xCDF7, 0xCDD6, 0xC595, 0xBD33, 0xB4D1, 0xB46E,
    0xAC0C, 0xABCA, 0xAB88, 0xAB67, 0xB3A8, 0xB3C9, 0xB3EA, 0xB42B,
    0xB42C, 0xBC4D, 0xBC4D, 0xBC4D, 0xBC4D, 0xBC4D, 0xBC4D, 0xBC4D,
    0xBC6D, 0xBC6D, 0xBC6D, 0xBC6D, 0xBC8D, 0xBC8D, 0xBC8D, 0xC48E,
    0x8BA5, 0x8BA5, 0x8BA4, 0x8BC4, 0x93C5, 0x9BE6, 0xA3E6, 0xA3E7,
    0xA3E7, 0xA3C7, 0xA3C7, 0xABC7, 0xABC7, 0xABC7, 0xABC7, 0xA3C6,
    0x9BA6, 0x93A5, 0x93A5, 0x93A5, 0x9385, 0x9BA6, 0xA3A7, 0xA3A7,
    0xABA7, 0xABA7, 0xABA7, 0xABA7, 0xB3C7, 0xB3A7, 0xABA7, 0xB3A7,
    0xB3A7, 0xB3A7, 0xB3A7, 0xB3C7, 0xB3C7, 0xB3C7, 0xBBC7, 0xBBC8,
    0xBBC8, 0xBBC7, 0xBBC7, 0xBBC7, 0xBBC7, 0xBBC8, 0xBBE8, 0xBBE8,
    0xBBE8, 0xBBC8, 0xBBC8, 0xBBC7, 0xBBC8, 0xBBC7, 0xBBC8, 0xBBC8,
    0xBBC8, 0xBBC8, 0xBBC8, 0xB3C8, 0xB3C7, 0xB3C7, 0xABA7, 0xAB87,
    0xAB87, 0xAB67, 0xAB87, 0xAB87, 0xB3A7, 0xB3A7, 0xB3C7, 0xB3C8,
    0xBBE9, 0xBC4C, 0xBC8F, 0xBCF1, 0xC553, 0xC595, 0xCDD6, 0xCDF7,
    0xCDF7, 0xCE17, 0xB42D, 0x81C2, 0x6141, 0x40C0, 0x5941, 0x3080,
    0x3080, 0x38A0, 0x3080, 0x48C0, 0x5900, 0x40A0, 0x7980, 0xB281,
    0xA241, 0xB282, 0xDB63, 0xD363, 0xC2E3, 0xBAC2, 0xBAA2, 0xBAA2,
    0xCB23, 0xC2C2, 0xCC4B, 0xCE38, 0xC5F7, 0xC618, 0xC5F8, 0xCDF8,
    0xCE18, 0xCE18, 0xCE18, 0xCE18, 0xCE18, 0xCE18, 0xCDD7, 0xB490,
    0xC574, 0xCDD6, 0xCE18, 0xCE18, 0xCE18, 0xCE18, 0xC5B6, 0xC513,
    0xC4F2, 0xC512, 0xC554, 0xC574, 0xB42E, 0xC533, 0xC554, 0xCDF7,
    0xCDD7, 0xC5F7, 0xC5F7, 0xC595, 0xC596, 0xC5F7, 0xCDF7, 0xCDF7,
    0xCDF7, 0xC5F7, 0xCDF7, 0xCDF7, 0xCDF7, 0xCE17, 0xCE17, 0xCE18,
    0xCE18, 0xB4B1, 0x69A3, 0x40C0, 0x3080, 0x3080, 0x4901, 0x48E0,
    0x48E0, 0x3080, 0x2860, 0x1020, 0x2840, 0x2040, 0x2040, 0x1840,
    0x3080, 0x38C1, 0x2860, 0x48C1, 0x40E1, 0x48E1, 0x38C1, 0x1840,
    0x2860, 0x40C1, 0x40E1, 0x71C4, 0x8A45, 0x81E4, 0xB40D, 0xCE17,
    0xC5F7, 0xC5F7, 0xC5F7, 0xC5F7, 0xC5F7, 0xC5F7, 0xC5F7, 0xC5F7,
    0xC5F7, 0xC5F7, 0xC5F7, 0xC5F7, 0xC5F7, 0xC5F7, 0xC5F7, 0xC5F7,
    0xC5F7, 0xC5F7, 0xC5F7, 0xC5F7, 0xCDF7, 0xCDF7, 0xC5F7, 0xC5F7,
    0xCDF7, 0xCDF7, 0xCDD7, 0xC5B6, 0xC595, 0xBD33, 0xB4D1, 0xB46F,
    0xB42C, 0xABEA, 0xABA8, 0xABA8, 0xB3C9, 0xB40A, 0xBC2C, 0xBC6D,
    0xBC8E, 0xBCAF, 0xC4AF, 0xBCAF, 0xBCAF, 0xC4AF, 0xC4AF, 0xBCAF,
    0xC4AF, 0xC4CF, 0xC4CF, 0xC4CF, 0xC4CF, 0xC4CF, 0xC4CF, 0xC4D0,
    0x8BA6, 0x83A5, 0x7B83, 0x83A3, 0x8BC4, 0x8BC5, 0x93C5, 0x93C6,
    0x93C6, 0x93A6, 0x9BA7, 0x9BC7, 0xA3C7, 0xA3C7, 0xA3C7, 0x9BA6,
    0x93A5, 0x8BA5, 0x8BA5, 0x8BA5, 0x93A6, 0x93A6, 0x9BA7, 0x9BA7,
    0xA3A7, 0xA387, 0xA387, 0xA3A7, 0xABA7, 0xABA7, 0xABA7, 0xABA7,
    0xABA7, 0xABA7, 0xB3A7, 0xB3A7, 0xB3A7, 0xB3A7, 0xB3C8, 0xB3C8,
    0xB3C7, 0xB3C7, 0xB3C7, 0xB3C7, 0xBBC7, 0xBBC7, 0xBBC7, 0xBBC7,
    0xBBC7, 0xBBC7, 0xBBC7, 0xBBC7, 0xBBC7, 0xBBA7, 0xB3A7, 0xBBC7,
    0xB3C7, 0xB3C7, 0xB3A7, 0xB3A7, 0xB3A7, 0xB3A7, 0xAB87, 0xAB66,
    0xA366, 0xA366, 0xAB66, 0xAB87, 0xB3A7, 0xB3A7, 0xB3A7, 0xB3C8,
    0xB3EA, 0xBC4C, 0xBC8F, 0xBCF1, 0xBD33, 0xC595, 0xC5D6, 0xCDF7,
    0xCDF7, 0xCE18, 0xCD94, 0xA328, 0x7161, 0x40C0, 0x38A0, 0x2040,
    0x2840, 0x3880, 0x6940, 0x91E0, 0xA200, 0xA200, 0xC2E2, 0xD322,
    0xD323, 0xCB03, 0xE3A4, 0xEBC4, 0xD323, 0xD343, 0xD323, 0xCB02,
    0xDB84, 0xCAE2, 0xCBE8, 0xCE18, 0xC5F7, 0xC5F8, 0xCDF8, 0xCDF7,
    0xCE18, 0xCDF8, 0xCE18, 0xCDD7, 0xCDF7, 0xCE18, 0xCE18, 0xC554,
    0xA36A, 0xB46F, 0xCDF7, 0xCE18, 0xCE18, 0xCDD7, 0xCDD6, 0xBCD1,
    0xB3ED, 0xB40D, 0xBC6F, 0xB40D, 0xB3EC, 0xBC6F, 0xCD74, 0xCDB6,
    0xCDB6, 0xCE18, 0xC553, 0xBC8F, 0xC595, 0xCDB6, 0xCE18, 0xCDF7,
    0xCDF7, 0xCDF7, 0xCDF7, 0xCDF7, 0xCE17, 0xCDF7, 0xCE17, 0xCE17,
    0xCE18, 0xB490, 0x79E4, 0x5101, 0x48E0, 0x6961, 0x89E2, 0x6121,
    0x7981, 0x50E0, 0x2040, 0x1820, 0x2040, 0x2040, 0x2040, 0x2860,
    0x3080, 0x2040, 0x3880, 0x48C0, 0x40C1, 0x3080, 0x2860, 0x3080,
    0x40C1, 0x4901, 0x4902, 0x6162, 0x8A25, 0x8204, 0xBC6F, 0xCDF7,
    0xC5F7, 0xC5F7, 0xC5F7, 0xC5F7, 0xC5F7, 0xC5F7, 0xC5F7, 0xC5F7,
    0xC5F7, 0xC5F7, 0xC5F7, 0xC5F7, 0xC5F7, 0xC5F7, 0xC5F7, 0xC5F7,
    0xC5F7, 0xCDF7, 0xC5F7, 0xC5F7, 0xC5F7, 0xC5F7, 0xC5F7, 0xC5F7,
    0xC5F6, 0xCDF7, 0xCDD7, 0xC5B6, 0xC575, 0xBD33, 0xB4D1, 0xB46E,
    0xB42C, 0xB3EA, 0xB3A8, 0xB3A8, 0xB40A, 0xBC2C, 0xBC6D, 0xC4AE,
    0xC4D0, 0xC4F1, 0xC511, 0xC511, 0xC4F1, 0xC511, 0xC511, 0xC511,
    0xC511, 0xC511, 0xC511, 0xC511, 0xC511, 0xC511, 0xC511, 0xC511,
    0x83C6, 0x7BA4, 0x7381, 0x73A2, 0x7BA3, 0x7BA3, 0x83A4, 0x83A5,
    0x8BA5, 0x8B86, 0x8B86, 0x93A6, 0x93A7, 0x93A7, 0x93A6, 0x8BA5,
    0x8BA5, 0x83A4, 0x83A5, 0x8BA5, 0x8BA6, 0x93A6, 0x9BA7, 0x9BA7,
    0x9B87, 0x9B87, 0x9B87, 0x9B87, 0x9B87, 0x9B87, 0xA387, 0xA387,
    0xA387, 0xABA8, 0xABA8, 0xABA8, 0xB3A8, 0xB3A8, 0xB3A8, 0xB3C8,
    0xB3C8, 0xB3C7, 0xB3C7, 0xB3A7, 0xB3C7, 0xB3C7, 0xBBC7, 0xBBC7,
    0xB3A7, 0xB3A7, 0xB3A7, 0xB3A7, 0xB3A7, 0xB3A7, 0xB3A7, 0xB3A7,
    0xB3A7, 0xB3A7, 0xB3A7, 0xB3A7, 0xB387, 0xAB87, 0xAB86, 0xAB66,
    0xA366, 0xA366, 0xAB66, 0xAB87, 0xB3A7, 0xB3A7, 0xB3A7, 0xB3C8,
    0xB3EA, 0xB42C, 0xBC8F, 0xBCF1, 0xBD33, 0xC595, 0xC5D6, 0xCDF7,
    0xCE17, 0xCE17, 0xCE18, 0xC5D7, 0xABCB, 0x71C2, 0x40C0, 0x38A0,
    0x48C0, 0x6940, 0x9A00, 0xB281, 0xAA61, 0xB261, 0xE3A4, 0xEBC4,
    0xE383, 0xEBC4, 0xE3C4, 0xE383, 0xE384, 0xE384, 0xDB63, 0xDB63,
    0xE3C5, 0xD323, 0xD3E7, 0xCDF7, 0xCDF8, 0xCDF7, 0xCDF8, 0xCE18,
    0xCDF7, 0xCDF7, 0xCDD6, 0xC575, 0xC574, 0xCE18, 0xCE38, 0xCDF7,
    0xA36A, 0x8A45, 0xBC6F, 0xC574, 0xCE18, 0xCDD7, 0xC575, 0xBCB0,
    0xAB49, 0xA328, 0xAB28, 0xA2E7, 0xB3CC, 0xBC4E, 0xCD53, 0xCD74,
    0xCE17, 0xBCF2, 0xB3EC, 0xBC6F, 0xC512, 0xCDF7, 0xCDD6, 0xCDF7,
    0xCE18, 0xCDF7, 0xCDF7, 0xCDF7, 0xCDF7, 0xCDF7, 0xCDF8, 0xCDF7,
    0xCE18, 0xBD33, 0x71E4, 0x79C2, 0x9242, 0xBB04, 0xBAC2, 0x7980,
    0x7960, 0x7160, 0x58E0, 0x40A0, 0x40A0, 0x48C0, 0x2860, 0x2860,
    0x1820, 0x1840, 0x2840, 0x2040, 0x2040, 0x3080, 0x38A0, 0x38A0,
    0x5102, 0x5942, 0x5122, 0x6163, 0x8204, 0xA329, 0xC5B6, 0xC5F7,
    0xC5F7, 0xCDF7, 0xC5F7, 0xC5F7, 0xC5F7, 0xC5F7, 0xC5F7, 0xC5F7,
    0xC5F7, 0xC5F7, 0xC5F7, 0xC5F7, 0xC5F7, 0xC5F7, 0xC5F7, 0xC5F7,
    0xC5F7, 0xCDF7, 0xC5F7, 0xC5F7, 0xC5F7, 0xC5F7, 0xC5F7, 0xC5D7,
    0xC5D7, 0xC5D7, 0xC5D6, 0xC5B6, 0xBD75, 0xBD33, 0xB4D1, 0xB48F,
    0xB42C, 0xB40B, 0xB3C9, 0xB3EA, 0xBC2B, 0xBC6D, 0xC4AE, 0xC4F0,
    0xC511, 0xC553, 0xCD53, 0xCD53, 0xC553, 0xCD53, 0xCD53, 0xCD73,
    0xCD73, 0xCD73, 0xCD73, 0xCD73, 0xCD73, 0xCD73, 0xCD73, 0xCD73,
    0x83A7, 0x73A5, 0x6B81, 0x6B81, 0x6B82, 0x6B82, 0x7383, 0x7384,
    0x7B64, 0x7B65, 0x8365, 0x8366, 0x8B85, 0x8B85, 0x8385, 0x8384,
    0x7BA4, 0x7BA4, 0x83A5, 0x83A5, 0x8BA6, 0x8BA7, 0x93A7, 0x93A7,
    0x93A7, 0x9387, 0x9387, 0x9387, 0x9387, 0x9387, 0x9B87, 0x9B88,
    0xA3A8, 0xA3A8, 0xABA8, 0xABA9, 0xABA9, 0xABC8, 0xB3C8, 0xB3C8,
    0xB3C8, 0xB3C8, 0xB3C8, 0xB3C8, 0xB3C8, 0xB3C8, 0xB3C7, 0xB3A7,
    0xB3A7, 0xB3A7, 0xB3A7, 0xB3A7, 0xB3A7, 0xB3A7, 0xB3A7, 0xB3A7,
    0xB3A7, 0xB3A7, 0xB3A7, 0xB3A7, 0xB3A7, 0xAB87, 0xAB87, 0xAB66,
    0xA366, 0xA366, 0xAB66, 0xAB87, 0xB3A7, 0xB3A7, 0xB3C7, 0xB3C8,
    0xB3EA, 0xB44D, 0xBC8F, 0xBCD1, 0xBD33, 0xC595, 0xC5D6, 0xCDF7,
    0xCE18, 0xCE18, 0xCDF7, 0xCE18, 0xD617, 0xA38A, 0x6120, 0x48E0,
    0x71A1, 0xB2A2, 0xC2E2, 0xCB23, 0xC2E2, 0xBAC2, 0xD343, 0xDB84,
    0xD322, 0xEBC4, 0xEBE4, 0xE3A4, 0xE383, 0xEBC4, 0xE3A4, 0xE3A4,
    0xEBC4, 0xDBA4, 0xD364, 0xCD74, 0xCE18, 0xCE18, 0xCE18, 0xCE18,
    0xCE18, 0xCDD6, 0xC553, 0xB44F, 0xB490, 0xCDB6, 0xD659, 0xD639,
    0xAC4F, 0x79C3, 0x8A03, 0xAB29, 0xBD13, 0xC575, 0xBCF2, 0xABED,
    0x9AC7, 0x9244, 0x9A85, 0x9A85, 0xAB49, 0xB40D, 0xBCD1, 0xCDB6,
    0xBC90, 0xA2E7, 0xA328, 0xABAB, 0xC4F2, 0xCDF7, 0xCD74, 0xCDF7,
    0xCDF7, 0xCDF7, 0xC5F7, 0xCE18, 0xCDF7, 0xC5F7, 0xCDF8, 0xC5F7,
    0xCE18, 0xC5F7, 0xA369, 0xCB65, 0xDBA5, 0xE3C4, 0xCAE2, 0xAA41,
    0xA221, 0xAA41, 0x9A01, 0x7960, 0x6920, 0x48C0, 0x2860, 0x2040,
    0x38A0, 0x1020, 0x2040, 0x2860, 0x3080, 0x40A0, 0x40E1, 0x4901,
    0x5942, 0x8245, 0x4102, 0x69A3, 0x8A04, 0xB40D, 0xCE18, 0xC5F7,
    0xC5F7, 0xC5F7, 0xC5F7, 0xC5F7, 0xC5F7, 0xC5F7, 0xC5F7, 0xC5F7,
    0xC5F7, 0xC5F7, 0xC5F7, 0xC5F7, 0xC5F7, 0xC5F7, 0xC5F7, 0xC5F7,
    0xC5F7, 0xC5F7, 0xC5F7, 0xC5F7, 0xC5F7, 0xC5F7, 0xC5F7, 0xC5F7,
    0xCDD7, 0xC5D7, 0xC5D6, 0xC5B6, 0xC575, 0xBD13, 0xB4D1, 0xB48F,
    0xB44D, 0xB40B, 0xB3EA, 0xBC0B, 0xBC4C, 0xBC8E, 0xC4D0, 0xC511,
    0xC553, 0xCD94, 0xCD95, 0xCD95, 0xCD95, 0xCD95, 0xCDB5, 0xCDB5,
    0xCDB5, 0xCDB5, 0xCDB5, 0xCDB5, 0xCDB5, 0xCDB5, 0xCDB5, 0xCDB5,
    0x83A6, 0x73A5, 0x6B82, 0x6380, 0x5B60, 0x5B40, 0x6341, 0x6343,
    0x6B43, 0x6B44, 0x7344, 0x7B65, 0x7B65, 0x7B84, 0x7384, 0x7384,
    0x73A4, 0x73A4, 0x7BA5, 0x83A5, 0x83A6, 0x83A7, 0x8BA8, 0x8BA8,
    0x8BA8, 0x8BA7, 0x8B87, 0x8B87, 0x8B87, 0x8B87, 0x9388, 0x9B88,
    0x9BA9, 0xA3A9, 0xA3A9, 0xA3C9, 0xABCA, 0xABE9, 0xABE9, 0xB3E9,
    0xB3E9, 0xB3E9, 0xB3C9, 0xB3E9, 0xB3C9, 0xB3C8, 0xB3C8, 0xB3C8,
    0xB3C8, 0xB3C8, 0xB3C8, 0xB3A8, 0xB3A7, 0xB3C7, 0xB3C7, 0xB3C7,
    0xB3C7, 0xB3C8, 0xB3C7, 0xB3C7, 0xB3C7, 0xB3A7, 0xAB87, 0xAB67,
    0xA366, 0xA366, 0xA367, 0xAB87, 0xB3A7, 0xB3C8, 0xB3C7, 0xB3C8,
    0xB3EA, 0xB44D, 0xBC8F, 0xBCF1, 0xBD33, 0xC595, 0xC5D6, 0xC5F7,
    0xCE17, 0xCE17, 0xCE17, 0xCDF7, 0xCDD6, 0xBD13, 0x9BCC, 0x69E4,
    0x81E1, 0xD364, 0xCB43, 0xD343, 0xD343, 0xDBA4, 0xD363, 0xDB63,
    0xDB84, 0xE383, 0xE3A3, 0xEBC3, 0xEC05, 0xEC05, 0xF405, 0xEBE5,
    0xE3A4, 0xDB84, 0xDB63, 0xD552, 0xCE39, 0xCE18, 0xCE18, 0xCE18,
    0xCE18, 0xCE18, 0xCDB6, 0xABCC, 0x92A7, 0xABCC, 0xC533, 0xCE17,
    0xB46F, 0x8203, 0x7981, 0x81A1, 0xA329, 0xB42E, 0xBCB0, 0x9B4A,
    0x81E3, 0x89E2, 0x89E2, 0x9A44, 0xA2A6, 0xAB8B, 0xBCB1, 0xB40D,
    0x9A85, 0x9244, 0x9244, 0xA308, 0xC554, 0xCD95, 0xC553, 0xCDB6,
    0xCD95, 0xCDB6, 0xCDF7, 0xCE18, 0xCDF7, 0xC5F7, 0xCDF8, 0xC617,
    0xC5F7, 0xC618, 0xE52F, 0xF446, 0xDB84, 0xDB43, 0xD302, 0xCAE2,
    0xC2C2, 0xBAA2, 0xCAE2, 0xBA81, 0x99E1, 0x5900, 0x3880, 0x3080,
    0x40A0, 0x40C0, 0x50E0, 0x48E0, 0x40C0, 0x40C0, 0x5101, 0x6141,
    0x5101, 0x69A3, 0x7A04, 0x79E4, 0x8224, 0xB44E, 0xC5D6, 0xC5F7,
    0xC5F7, 0xC5F7, 0xC5F7, 0xC5F7, 0xC5F7, 0xC5F7, 0xC5F7, 0xC5F7,
    0xC5F7, 0xC5F7, 0xC5F7, 0xC5F7, 0xC5D7, 0xC5F7, 0xC5F7, 0xC5D7,
    0xC5F7, 0xC5F7, 0xC5F7, 0xC5F7, 0xC5F7, 0xC5F7, 0xC5F7, 0xC5F7,
    0xC5F7, 0xC5D7, 0xC5D7, 0xC5B6, 0xC575, 0xBD33, 0xB4D1, 0xB48F,
    0xB44D, 0xB40B, 0xB3EA, 0xBC2B, 0xBC6D, 0xBCAF, 0xC4F1, 0xC532,
    0xCD74, 0xCDB5, 0xCDD5, 0xCDD6, 0xCDD6, 0xCDD6, 0xCDD6, 0xCDD6,
    0xCDD6, 0xCDD6, 0xCDD6, 0xCDD6, 0xCDF6, 0xCDF6, 0xCDF6, 0xD5F6,
    0x7B86, 0x7385, 0x6B83, 0x5B60, 0x5320, 0x5300, 0x5300, 0x5301,
    0x5B02, 0x5B03, 0x6323, 0x6B44, 0x7364, 0x6B64, 0x6B63, 0x6B63,
    0x6B83, 0x6B84, 0x73A5, 0x7BA6, 0x7BA6, 0x83A7, 0x83A8, 0x8BA8,
    0x83A8, 0x8387, 0x8387, 0x8387, 0x8387, 0x8B87, 0x8B88, 0x93A8,
    0x9BA9, 0x9BC9, 0xA3CA, 0xA3CA, 0xABEA, 0xABEA, 0xABEA, 0xABEA,
    0xABEA, 0xABC9, 0xABC9, 0xABC9, 0xB3C9, 0xB3E9, 0xABC9, 0xB3E9,
    0xB3C8, 0xABC9, 0xB3E9, 0xB3C8, 0xABA8, 0xABA8, 0xB3C8, 0xB3C8,
    0xBBE8, 0xBBE8, 0xBBE8, 0xB3E8, 0xB3E8, 0xB3C8, 0xABA7, 0xAB87,
    0xA367, 0xA347, 0xA367, 0xAB87, 0xB3C8, 0xB3C8, 0xB3C8, 0xB3C8,
    0xB40A, 0xB44D, 0xBC8F, 0xBCF1, 0xBD33, 0xC595, 0xC5B6, 0xC5F7,
    0xCE17, 0xCE17, 0xCE17, 0xCE17, 0xCE18, 0xCE18, 0xCE38, 0xBD54,
    0xABCA, 0xDBA4, 0xD343, 0xD343, 0xD322, 0xDBA4, 0xF446, 0xE3A3,
    0xEBC4, 0xEBC4, 0xEBE4, 0xE3A3, 0xE3A3, 0xEBE4, 0xEBC4, 0xEBC4,
    0xEBC4, 0xE3A4, 0xDB63, 0xD4EF, 0xCE39, 0xCE18, 0xCE18, 0xCDD7,
    0xCDF7, 0xCDF7, 0xCDD6, 0xBCD1, 0x9AE8, 0x81C2, 0x9286, 0xB42E,
    0xABED, 0x8A24, 0x7981, 0x6920, 0x81C2, 0x9AC7, 0xAB8B, 0x9287,
    0x7161, 0x7141, 0x81A1, 0x89E2, 0x9245, 0xA329, 0xA309, 0x9224,
    0x81C2, 0x81A2, 0x81C2, 0xABCC, 0xCD75, 0xC512, 0xBCF1, 0xBCB0,
    0xC574, 0xCDF7, 0xCE17, 0xCDF7, 0xCDF7, 0xC5F7, 0xC617, 0xC617,
    0xC5F7, 0xCDF6, 0xF4EA, 0xE3C4, 0xCAE2, 0xDB22, 0xDB43, 0xDB43,
    0xD322, 0xDB63, 0xDB63, 0xD343, 0xAA41, 0x81A0, 0x6940, 0x7960,
    0x50E0, 0x40A0, 0x5900, 0x48C0, 0x38A0, 0x3080, 0x3880, 0x40A0,
    0x6962, 0x6982, 0x71A3, 0x79C3, 0xA3CC, 0xC5D6, 0xC5F7, 0xC5F7,
    0xC5F7, 0xC5F7, 0xC5F7, 0xC5F7, 0xC5F7, 0xC5F7, 0xC5F7, 0xC5F7,
    0xC5D7, 0xC5F7, 0xC5F7, 0xC5F7, 0xC5D7, 0xC5F7, 0xC5F7, 0xC5F7,
    0xC5F7, 0xC5F7, 0xC5F7, 0xC5F7, 0xC5F7, 0xC5F7, 0xC5F7, 0xC5F7,
    0xC5D7, 0xC5D7, 0xC5D7, 0xC5B6, 0xBD75, 0xBD33, 0xB4F1, 0xB48F,
    0xB44D, 0xB40B, 0xB3EA, 0xBC2B, 0xBC6D, 0xBCCF, 0xC511, 0xCD73,
    0xCDB5, 0xCDD6, 0xCDF6, 0xD5F6, 0xCDF6, 0xCDF6, 0xCDF6, 0xD5F7,
    0xD617, 0xD617, 0xD617, 0xD617, 0xD617, 0xD617, 0xD617, 0xD617,
    0x7386, 0x6B85, 0x6363, 0x5B41, 0x4B00, 0x4AE0, 0x4AE0, 0x4AE0,
    0x4AE0, 0x52E2, 0x5B02, 0x6323, 0x6343, 0x6343, 0x6342, 0x6342,
    0x6362, 0x6B83, 0x73A5, 0x73A6, 0x7BA6, 0x7BA7, 0x83A7, 0x83A7,
    0x83A7, 0x7BA7, 0x7B87, 0x7B87, 0x8387, 0x8388, 0x8BA8, 0x8BA9,
    0x93A9, 0x9BCA, 0xA3CA, 0xA3CA, 0xA3CA, 0xB42C, 0xAC0A, 0xB40B,
    0xB42B, 0xC48D, 0xC4CE, 0xD52F, 0xCCCD, 0xE58F, 0xE54D, 0xE58E,
    0xE52C, 0xDCCA, 0xE52C, 0xEDD0, 0xD4EC, 0xC44A, 0xC44A, 0xB3E9,
    0xB3E9, 0xB3E9, 0xB409, 0xB3E9, 0xB3E9, 0xB3C9, 0xABA8, 0xAB88,
    0xA367, 0xA367, 0xA367, 0xAB87, 0xB3A8, 0xB3C8, 0xB3C8, 0xB3C8,
    0xB40A, 0xB44D, 0xBCAF, 0xBCF2, 0xC554, 0xC595, 0xC5D6, 0xC5F7,
    0xCDF7, 0xCE18, 0xCE18, 0xCE18, 0xCE18, 0xCE18, 0xCDF7, 0xCE18,
    0xCE38, 0xE4AA, 0xDB83, 0xDB83, 0xE3C4, 0xE3E4, 0xF486, 0xF486,
    0xF445, 0xF425, 0xEBE4, 0xE362, 0xF424, 0xF445, 0xF404, 0xEBE4,
    0xF445, 0xE3A4, 0xDB42, 0xD48C, 0xCE39, 0xCE18, 0xCE18, 0xC595,
    0xC554, 0xCD95, 0xC595, 0xCDB5, 0xBD12, 0x8AC8, 0x6941, 0x6982,
    0x8245, 0x8204, 0x7141, 0x6100, 0x6920, 0x89C2, 0x8A25, 0x79A3,
    0x6121, 0x58E0, 0x6941, 0x81C2, 0x8A04, 0x9224, 0x81E3, 0x79A2,
    0x7161, 0x7161, 0x8204, 0xB44E, 0xC4D0, 0xB3EC, 0xAB89, 0xBCD1,
    0xCDD7, 0xCDF7, 0xCE18, 0xCE18, 0xCE17, 0xC5F7, 0xC618, 0xCDF7,
    0xC618, 0xD592, 0xF466, 0xEBE5, 0xDB43, 0xDB42, 0xE383, 0xEBC4,
    0xEBC4, 0xEBA4, 0xE3A3, 0xD343, 0xCB02, 0xCAE2, 0xB281, 0x9A01,
    0x6940, 0x40A0, 0x3880, 0x3080, 0x2860, 0x3080, 0x3080, 0x3080,
    0x50E0, 0x6982, 0x6962, 0x9AC7, 0xC5B6, 0xC5F8, 0xC5F7, 0xC5F7,
    0xC5F7, 0xC5F7, 0xC5F7, 0xC5F7, 0xC5F7, 0xC5F7, 0xC5F7, 0xC5F7,
    0xC5F7, 0xC5F7, 0xC5F7, 0xC5F7, 0xC5D7, 0xC5D7, 0xC5D7, 0xC5F7,
    0xC5F7, 0xC5F7, 0xC5F7, 0xC5F7, 0xC5F7, 0xC5D7, 0xC5F7, 0xC5F7,
    0xC5F7, 0xC5F7, 0xC5D7, 0xC5B6, 0xC595, 0xBD33, 0xB4F1, 0xB48F,
    0xB44D, 0xB42B, 0xB40A, 0xBC2B, 0xBC8D, 0xC4CF, 0xC532, 0xCD73,
    0xCDB5, 0xCDF6, 0xD5F6, 0xD5F6, 0xCDF7, 0xD5F7, 0xD617, 0xD617,
    0xD617, 0xD617, 0xD617, 0xD617, 0xD617, 0xD617, 0xD617, 0xD617,
    0x7386, 0x6B85, 0x6363, 0x5321, 0x4AE0, 0x42C0, 0x3AA0, 0x3AA0,
    0x42A0, 0x42C0, 0x4AC1, 0x52E2, 0x5301, 0x5300, 0x5320, 0x5320,
    0x5B41, 0x6363, 0x6B84, 0x7385, 0x7386, 0x7386, 0x7386, 0x7386,
    0x7386, 0x7386, 0x7386, 0x7B86, 0x7B87, 0x83A8, 0x8BA9, 0x8BA9,
    0x93CA, 0x9BCA, 0xA3EB, 0xAC2C, 0xB46D, 0xDD92, 0xEE75, 0xEEB6,
    0xF6D7, 0xFF18, 0xFF7A, 0xFF9A, 0xFF59, 0xFF37, 0xFEF5, 0xFE92,
    0xFE92, 0xFE70, 0xFE50, 0xFEF4, 0xFEB3, 0xFDAC, 0xFD49, 0xECC8,
    0xE468, 0xDC8A, 0xCC6B, 0xC46B, 0xB40A, 0xABC9, 0xABC9, 0xABA8,
    0xA388, 0xA367, 0xA367, 0xAB87, 0xB3A8, 0xB3C8, 0xB3C8, 0xB3C8,
    0xB40A, 0xB44D, 0xBCAF, 0xBD12, 0xC554, 0xC595, 0xC5D6, 0xCDF7,
    0xCDF7, 0xCE18, 0xCE18, 0xCE18, 0xCE18, 0xCE18, 0xCE18, 0xCE17,
    0xC639, 0xDDB2, 0xEC45, 0xE405, 0xEC05, 0xF466, 0xEC45, 0xF445,
    0xF445, 0xF445, 0xFC86, 0xF445, 0xFCA6, 0xFCA6, 0xF445, 0xF445,
    0xF404, 0xE3C4, 0xDB83, 0xDC07, 0xD617, 0xCE18, 0xCDD6, 0xC5B6,
    0xBCF1, 0xBC6F, 0xC574, 0xBD13, 0xCD74, 0xAC4F, 0x5942, 0x4080,
    0x5900, 0x6941, 0x6100, 0x58E0, 0x58E0, 0x7161, 0x7162, 0x6962,
    0x58E0, 0x48C0, 0x50E0, 0x79A2, 0x7982, 0x7182, 0x79A2, 0x7161,
    0x6920, 0x6940, 0x8A86, 0xAB8A, 0xA307, 0x9264, 0xABCB, 0xC533,
    0xCDB5, 0xCDF7, 0xCDF7, 0xCDD6, 0xCDF7, 0xCE18, 0xCE18, 0xCE18,
    0xCE18, 0xE4EC, 0xF445, 0xEC05, 0xEBC4, 0xE383, 0xE3A3, 0xEBE4,
    0xEC04, 0xF425, 0xEC04, 0xDB83, 0xE3C4, 0xDB83, 0xC302, 0xA241,
    0x89E1, 0x7140, 0x40A0, 0x3080, 0x48C0, 0x48E0, 0x2860, 0x40C1,
    0x6962, 0x7161, 0x81E3, 0xBCB0, 0xC5F7, 0xC5F7, 0xC5F7, 0xC5F7,
    0xC5F7, 0xC5F7, 0xC5F7, 0xC5F7, 0xC5F7, 0xC5F7, 0xC5F7, 0xC5F7,
    0xC5F7, 0xC5F7, 0xC5F7, 0xC5D7, 0xC5F7, 0xC5D7, 0xC5D7, 0xC5F7,
    0xC5F7, 0xC5F7, 0xC5F7, 0xC5F7, 0xC5F7, 0xC5F7, 0xC5F7, 0xC5F7,
    0xC5F7, 0xC5F7, 0xC5F7, 0xC5D6, 0xC595, 0xBD33, 0xB4F2, 0xB48F,
    0xB44D, 0xB42B, 0xB40A, 0xBC2B, 0xBC8D, 0xC4D0, 0xC532, 0xCD74,
    0xCDB5, 0xCDF6, 0xD5F6, 0xD5F6, 0xCDF7, 0xD5F7, 0xD617, 0xD617,
    0xD617, 0xD617, 0xD617, 0xD617, 0xD617, 0xD617, 0xD617, 0xD617,
    0x6B66, 0x6B64, 0x5B43, 0x5302, 0x42C0, 0x3AA0, 0x3A80, 0x3A80,
    0x3A80, 0x3A80, 0x42A0, 0x42A0, 0x42C0, 0x42E0, 0x4B00, 0x4B00,
    0x5321, 0x5B42, 0x6363, 0x6364, 0x6365, 0x6B65, 0x6B65, 0x6B65,
    0x6B65, 0x6B85, 0x6B65, 0x7366, 0x7B87, 0x83A8, 0x83A9, 0x8BA9,
    0x93CA, 0x93AA, 0xA40B, 0xE634, 0xFF5A, 0xFF9A, 0xFFBB, 0xFFBC,
    0xFFBB, 0xFF9B, 0xFF7A, 0xFF59, 0xFF59, 0xFF38, 0xFF37, 0xFF38,
    0xFF17, 0xFF17, 0xFEF6, 0xFED4, 0xFED4, 0xFE92, 0xFE0F, 0xFDCC,
    0xFD69, 0xFD07, 0xFD09, 0xFD4B, 0xE54D, 0xC4AC, 0xABA8, 0xA368,
    0xA388, 0xA388, 0xAB88, 0xAB87, 0xB3C8, 0xB3C8, 0xB3C8, 0xB3C8,
    0xB40A, 0xB44D, 0xB4AF, 0xBD12, 0xC554, 0xC5B5, 0xC5D7, 0xCDF7,
    0xCE18, 0xCE18, 0xCE18, 0xCE17, 0xCE18, 0xCE18, 0xCE18, 0xCE18,
    0xCE18, 0xCE18, 0xF50A, 0xF445, 0xEC45, 0xEBE5, 0xE3A4, 0xE3A3,
    0xEC04, 0xEBE4, 0xF465, 0xFCE7, 0xFC85, 0xF425, 0xF425, 0xF425,
    0xF445, 0xF445, 0xE3E4, 0xDBC5, 0xD593, 0xCE39, 0xC575, 0xC554,
    0xC553, 0xA38A, 0x9B29, 0xB46F, 0xB46F, 0xABED, 0x7206, 0x3060,
    0x48C0, 0x50C0, 0x48A0, 0x48C0, 0x48A0, 0x6100, 0x6121, 0x6101,
    0x50E0, 0x3880, 0x4080, 0x6941, 0x6941, 0x6961, 0x6941, 0x6100,
    0x58E0, 0x7161, 0x8A44, 0x9223, 0x7981, 0x92A6, 0xBC6F, 0xC4F1,
    0xC512, 0xBCD1, 0xC4D1, 0xCDB5, 0xCE18, 0xCE18, 0xCE17, 0xC618,
    0xCDF6, 0xECA8, 0xEC25, 0xEBE4, 0xEBE4, 0xEBE4, 0xF425, 0xEC04,
    0xF486, 0xF4A6, 0xEC04, 0xEC05, 0xE3C4, 0xE3C4, 0xD363, 0xC2E2,
    0xB261, 0x99E0, 0x7960, 0x48C0, 0x48C0, 0x5901, 0x6161, 0x5101,
    0x6121, 0x81E3, 0xB42E, 0xCDF7, 0xC5F7, 0xC5F7, 0xC5F7, 0xC5F7,
    0xC5F7, 0xC5F7, 0xC5F7, 0xC5F7, 0xC5F7, 0xC5F7, 0xC5F7, 0xC5F7,
    0xC5D7, 0xC5F7, 0xC5F7, 0xC5F7, 0xC5F7, 0xC5F7, 0xC5F7, 0xC5F7,
    0xC5F7, 0xC5F7, 0xC5F7, 0xC5F7, 0xC5F7, 0xC5F7, 0xC5F7, 0xC5F7,
    0xC5F7, 0xC5F7, 0xC5D7, 0xC5D6, 0xC595, 0xBD33, 0xBCF2, 0xB490,
    0xB46D, 0xB42B, 0xBC0A, 0xBC4C, 0xBC8D, 0xC4D0, 0xC532, 0xCD94,
    0xCDB5, 0xCDF6, 0xD5F7, 0xCDF7, 0xD5F7, 0xD5F7, 0xD5F7, 0xD5F7,
    0xD5F7, 0xCDF7, 0xCE17, 0xCE17, 0xCE17, 0xD617, 0xD617, 0xD617,
    0x6345, 0x6324, 0x5B03, 0x4AE2, 0x42A0, 0x3A80, 0x3260, 0x3240,
    0x3240, 0x3240, 0x3260, 0x3A80, 0x3A80, 0x3AA0, 0x42C0, 0x42E0,
    0x4B00, 0x5301, 0x5B42, 0x5B43, 0x5B43, 0x6344, 0x6344, 0x6344,
    0x6344, 0x6364, 0x6344, 0x6B45, 0x7367, 0x7B88, 0x83A8, 0x8BA9,
    0x93CA, 0xA40B, 0xE655, 0xFFBC, 0xFF7A, 0xFF58, 0xFF38, 0xFF38,
    0xFF38, 0xFF38, 0xFF59, 0xFF59, 0xFF58, 0xFF59, 0xFF38, 0xFF17,
    0xFF17, 0xFF17, 0xFF16, 0xFEF6, 0xFEF5, 0xFED4, 0xFEB4, 0xFE92,
    0xFE70, 0xFDEE, 0xFDED, 0xFDEC, 0xFDEC, 0xFE91, 0xEDF0, 0xD50D,
    0xC48B, 0xA367, 0xA367, 0xABA8, 0xB3C8, 0xB3E8, 0xB3E8, 0xB3E9,
    0xB40B, 0xB44D, 0xBCB0, 0xBD12, 0xC574, 0xC595, 0xC5D7, 0xCDF7,
    0xCE18, 0xCE18, 0xCE18, 0xCE18, 0xCE18, 0xCE18, 0xCE18, 0xCE18,
    0xCE17, 0xC639, 0xE590, 0xFC65, 0xEC25, 0xE3A4, 0xE3A4, 0xEBE4,
    0xF445, 0xFCA6, 0xFCA6, 0xF444, 0xEBE3, 0xF425, 0xF3E4, 0xF404,
    0xF445, 0xFC65, 0xEC05, 0xDBA4, 0xD4CD, 0xCE18, 0xCDD6, 0xBCF2,
    0xC554, 0xB490, 0x8266, 0x79C2, 0x8A87, 0x8287, 0x7A05, 0x40A0,
    0x40A0, 0x50C0, 0x3860, 0x4080, 0x48C0, 0x50C0, 0x6121, 0x58E0,
    0x40A0, 0x3860, 0x4080, 0x50E0, 0x6121, 0x6121, 0x6101, 0x5900,
    0x50C0, 0x6100, 0x6961, 0x6120, 0x7182, 0xA38B, 0xB40D, 0xAB6A,
    0x9265, 0xAB49, 0xC553, 0xCDF7, 0xCE18, 0xCE18, 0xCE17, 0xC618,
    0xDD92, 0xF4A7, 0xEC05, 0xE3A3, 0xF425, 0xF425, 0xFC65, 0xF445,
    0xFCC7, 0xF425, 0xF445, 0xEBE4, 0xEBE4, 0xE3E4, 0xD343, 0xC2E2,
    0xC2E2, 0xB281, 0xAA61, 0x7960, 0x3880, 0x3880, 0x5921, 0x6941,
    0x79E4, 0xBC8F, 0xCE18, 0xC5F7, 0xC5F7, 0xC5F7, 0xC5F7, 0xC5F7,
    0xC5F7, 0xC5F7, 0xC5F7, 0xC5F7, 0xC5F7, 0xC5F7, 0xC5F7, 0xC5F7,
    0xC5F7, 0xC5F7, 0xC5D7, 0xC5F7, 0xC5F7, 0xC5F7, 0xC5F7, 0xC5F7,
    0xC5F7, 0xC5F7, 0xC5F7, 0xC5F7, 0xC5F7, 0xC5F7, 0xC5F7, 0xC5F7,
    0xCDF7, 0xC5F7, 0xC5F7, 0xC5D6, 0xC595, 0xBD34, 0xBCF2, 0xB4B0,
    0xB46D, 0xB42C, 0xBC2A, 0xBC4B, 0xBC8D, 0xC4D0, 0xCD52, 0xCD94,
    0xCDB5, 0xCDF6, 0xD5F7, 0xCDF7, 0xD5F7, 0xD5F7, 0xCDF7, 0xCDF7,
    0xCDF7, 0xCDF7, 0xCDF7, 0xCDF7, 0xCDF7, 0xCDF7, 0xCDF7, 0xCE17,
    0x6324, 0x5B03, 0x4AE2, 0x42C1, 0x3AA0, 0x3260, 0x3240, 0x3220,
    0x3220, 0x2A20, 0x3240, 0x3260, 0x3260, 0x3A80, 0x3AA0, 0x3AC0,
    0x42C0, 0x42E0, 0x4B01, 0x5302, 0x5302, 0x5303, 0x5B23, 0x5B23,
    0x5B23, 0x6323, 0x6324, 0x6B45, 0x7367, 0x7B88, 0x83A8, 0x83A9,
    0x8BCA, 0xD592, 0xFFBC, 0xFF7A, 0xFF59, 0xFF38, 0xFF59, 0xFF59,
    0xFF59, 0xFF59, 0xFF59, 0xFF38, 0xFF38, 0xFF38, 0xFF38, 0xFF38,
    0xFF38, 0xFF17, 0xFF17, 0xFEF6, 0xFED5, 0xFEB4, 0xFED5, 0xFED5,
    0xFEB3, 0xFEF5, 0xFEB2, 0xFEB2, 0xFE2E, 0xFE91, 0xFEF4, 0xFEF4,
    0xFEB2, 0xDD8E, 0xBC4A, 0xABC9, 0xABC8, 0xB3E9, 0xB3E8, 0xB3E9,
    0xB42B, 0xB44D, 0xBCB0, 0xBD12, 0xC574, 0xC595, 0xC5D7, 0xCDF7,
    0xCE18, 0xCE17, 0xCE17, 0xCE17, 0xC617, 0xC618, 0xCE18, 0xCE18,
    0xCE18, 0xC619, 0xDDD4, 0xFCA6, 0xEBE4, 0xE3A4, 0xE3A3, 0xF486,
    0xFCC7, 0xF486, 0xFC85, 0xF424, 0xEBA3, 0xE3A3, 0xEBC3, 0xFC65,
    0xF465, 0xFC86, 0xF425, 0xDBA4, 0xCBA6, 0xCD95, 0xC574, 0xBD33,
    0xABCC, 0xB490, 0xAC0D, 0x8204, 0x58E0, 0x48E1, 0x6162, 0x50E0,
    0x3880, 0x3880, 0x3880, 0x48A0, 0x48C0, 0x40A0, 0x58E0, 0x5901,
    0x48C0, 0x3060, 0x40A0, 0x40A0, 0x50E0, 0x6141, 0x7162, 0x6941,
    0x40A0, 0x40A0, 0x40A0, 0x48C0, 0x8245, 0xA36A, 0x92A6, 0x7180,
    0x8A65, 0xC532, 0xCE18, 0xC5F7, 0xCE18, 0xCE17, 0xCE18, 0xCE18,
    0xED2C, 0xFCC7, 0xEC25, 0xEBA3, 0xEBE4, 0xF445, 0xF465, 0xFC85,
    0xEBE3, 0xF424, 0xF4A6, 0xFCC7, 0xEC45, 0xE3A4, 0xDB84, 0xDB63,
    0xBAC2, 0xAA81, 0x9A21, 0x8180, 0x40A0, 0x38A0, 0x6941, 0x9B29,
    0xC5B5, 0xCE17, 0xC5F7, 0xC5F7, 0xC5F7, 0xC5F7, 0xC5F7, 0xC5F7,
    0xC5F7, 0xC5F7, 0xC5F7, 0xC5F7, 0xC5F7, 0xC5F7, 0xC5F7, 0xC5F7,
    0xC5D7, 0xC5F7, 0xC5F7, 0xC5F7, 0xC5F7, 0xC5F7, 0xC5F7, 0xC5F7,
    0xC5F7, 0xC5F7, 0xC5F7, 0xC5F7, 0xC5F7, 0xC5F7, 0xC5F7, 0xC5F7,
    0xC5F7, 0xCDF7, 0xCDF7, 0xC5D6, 0xC595, 0xBD34, 0xB4F2, 0xB4B0,
    0xB46D, 0xB42B, 0xB40A, 0xBC4B, 0xC48D, 0xC4F0, 0xCD52, 0xCD94,
    0xCDD5, 0xCDF6, 0xD5F7, 0xD5F7, 0xD5F7, 0xD5F7, 0xCDF7, 0xCDF7,
    0xCDF7, 0xCDD7, 0xCDD7, 0xCDF7, 0xCDF7, 0xCDF7, 0xCDF7, 0xCDF7,
    0x52E3, 0x52C2, 0x4AC2, 0x42A1, 0x3A80, 0x3260, 0x3240, 0x2A20,
    0x2A20, 0x2A20, 0x2A20, 0x2A40, 0x3260, 0x3260, 0x3280, 0x3A80,
    0x3AA0, 0x3AC0, 0x42C0, 0x42C0, 0x42C0, 0x4AE1, 0x4AE1, 0x4AE1,
    0x52E1, 0x5B02, 0x6324, 0x6B45, 0x7367, 0x7B87, 0x7BA8, 0x83C9,
    0xAC6C, 0xF6D8, 0xFF79, 0xFF17, 0xFF18, 0xFED6, 0xFE94, 0xFED5,
    0xFEF7, 0xFEF7, 0xFED6, 0xFEB5, 0xFE94, 0xFE94, 0xFED6, 0xFEB5,
    0xFEB5, 0xFE94, 0xFE94, 0xFEB5, 0xFF17, 0xFF17, 0xFEF6, 0xFEF6,
    0xFEF6, 0xFED5, 0xFED4, 0xFE91, 0xFE6F, 0xFE70, 0xFE70, 0xFEB1,
    0xFE90, 0xFDCB, 0xFD29, 0xECA8, 0xCC69, 0xBC09, 0xB3C8, 0xB3E9,
    0xB42B, 0xBC6D, 0xBCB0, 0xBD12, 0xC574, 0xC595, 0xC5D7, 0xC5F7,
    0xC617, 0xCE17, 0xCE17, 0xCDF7, 0xC617, 0xC617, 0xCE18, 0xCE18,
    0xCE18, 0xCE18, 0xCE38, 0xF56C, 0xF445, 0xEBE4, 0xF466, 0xF486,
    0xFCA6, 0xFCA7, 0xF465, 0xF404, 0xE362, 0xE362, 0xEBC3, 0xF424,
    0xFC65, 0xFC85, 0xEC04, 0xDBA4, 0xBAC2, 0xBC8E, 0xC595, 0xBD12,
    0x934A, 0x7A25, 0x7A04, 0x71C3, 0x5100, 0x3880, 0x48C0, 0x6100,
    0x48C0, 0x2860, 0x2860, 0x48C0, 0x48A0, 0x40A0, 0x48C0, 0x50C0,
    0x48C0, 0x2840, 0x2840, 0x3880, 0x50E1, 0x5921, 0x7162, 0x50E0,
    0x3060, 0x3060, 0x2040, 0x48E0, 0x71C3, 0x71A2, 0x6120, 0x79A2,
    0xB40D, 0xC554, 0xCDF7, 0xCDF7, 0xCDD6, 0xCDF7, 0xCE38, 0xD616,
    0xF509, 0xF486, 0xEBE4, 0xEBA3, 0xEBA3, 0xF424, 0xF404, 0xEBC3,
    0xEBC3, 0xFCE6, 0xFCE7, 0xFCA7, 0xEC05, 0xEC05, 0xDB83, 0xD343,
    0xBAC2, 0xA241, 0x9A00, 0x89C0, 0x6162, 0x8AA7, 0xB490, 0xC5D6,
    0xCE18, 0xC5F7, 0xCDF7, 0xC5F7, 0xC5F7, 0xC5F7, 0xC5F7, 0xCDF7,
    0xC5F7, 0xC5F7, 0xC5F7, 0xC5F7, 0xC5F7, 0xC5D7, 0xC5D7, 0xC5D7,
    0xC5D7, 0xC5F7, 0xC5F7, 0xC5F7, 0xC5F7, 0xC5F7, 0xC5F7, 0xC5F7,
    0xC5F7, 0xCDF7, 0xC5F7, 0xC5F7, 0xC5F7, 0xC5F7, 0xC5F7, 0xC5F7,
    0xC5F7, 0xCDF7, 0xCDF7, 0xC5D6, 0xC595, 0xBD34, 0xBCF2, 0xB4B0,
    0xB46D, 0xB42C, 0xB40A, 0xBC4B, 0xBC8E, 0xC4F0, 0xCD52, 0xCD94,
    0xCDD5, 0xCDF6, 0xD5F7, 0xD617, 0xD617, 0xCDF7, 0xCDF7, 0xCDF7,
    0xCDD6, 0xCDD6, 0xCDD6, 0xCDD6, 0xCDD6, 0xCDD6, 0xCDF7, 0xCDF7,
    0x4AA2, 0x4AA2, 0x42A2, 0x4280, 0x3A80, 0x3260, 0x3240, 0x2A20,
    0x2A20, 0x2A20, 0x2A20, 0x2A20, 0x2A40, 0x3260, 0x3260, 0x3280,
    0x3280, 0x3A80, 0x3A80, 0x3A80, 0x3A80, 0x3AA0, 0x42A0, 0x42C0,
    0x4AC0, 0x5302, 0x6324, 0x6B45, 0x7366, 0x7B87, 0x7B88, 0x83A8,
    0xC530, 0xFF7B, 0xFEF7, 0xFEB4, 0xFE74, 0xFEB5, 0xFEB5, 0xFE94,
    0xF673, 0xFE95, 0xFE95, 0xF612, 0xEDAF, 0xF653, 0xF653, 0xF674,
    0xF694, 0xF673, 0xFE94, 0xFEB5, 0xFEB5, 0xFEB5, 0xFEB5, 0xFEB5,
    0xFED6, 0xFEB5, 0xFE94, 0xFE92, 0xFE71, 0xFE2E, 0xFE4F, 0xFE70,
    0xFE8F, 0xFCC6, 0xEB62, 0xEBA4, 0xF405, 0xDC27, 0xBC09, 0xB3C9,
    0xB42B, 0xBC6D, 0xBCB0, 0xBD12, 0xC574, 0xC595, 0xC5D7, 0xC5F7,
    0xC5F7, 0xC5F7, 0xC5F7, 0xCDF7, 0xC5F7, 0xC617, 0xCE17, 0xCE18,
    0xCE18, 0xCE17, 0xC639, 0xEDB0, 0xF465, 0xE3C4, 0xF445, 0xFC86,
    0xF486, 0xFC86, 0xF445, 0xF445, 0xDB62, 0xEBC4, 0xF424, 0xF424,
    0xFC86, 0xF465, 0xEBE4, 0xDBC4, 0xBAA1, 0xB3CA, 0xCE18, 0xC574,
    0xAC6F, 0x7A66, 0x5900, 0x48A0, 0x40A0, 0x3880, 0x3860, 0x50E0,
    0x48C0, 0x3080, 0x2860, 0x3060, 0x3060, 0x3080, 0x3880, 0x40A0,
    0x48C0, 0x3080, 0x1000, 0x40A0, 0x48C0, 0x50E1, 0x6961, 0x3880,
    0x2040, 0x2860, 0x2860, 0x50E1, 0x5101, 0x40A0, 0x6120, 0x92E8,
    0xB44E, 0xBCD1, 0xC533, 0xC554, 0xCDD6, 0xCE17, 0xCE39, 0xE5B0,
    0xF465, 0xEBE3, 0xEC04, 0xF424, 0xF424, 0xF404, 0xEBC3, 0xF425,
    0xFCE7, 0xFCE7, 0xFCC6, 0xEBE3, 0xF466, 0xEC25, 0xE3C4, 0xCB02,
    0xBAA1, 0x9A00, 0xBA81, 0x9B49, 0xACD2, 0xCDB6, 0xC5F7, 0xC618,
    0xC5F7, 0xCDF7, 0xCDF7, 0xC5F7, 0xC5F7, 0xC5F7, 0xC5F7, 0xC5F7,
    0xC5F7, 0xC5F7, 0xC5F7, 0xC5F7, 0xC5F7, 0xC5F7, 0xC5F7, 0xC5F7,
    0xC5F7, 0xC5F7, 0xC5F7, 0xC5F7, 0xC5F7, 0xC5F7, 0xC5F7, 0xC5F7,
    0xC5F7, 0xC5F7, 0xC5F7, 0xC5F7, 0xC5F7, 0xC5F7, 0xC5F7, 0xC5F7,
    0xC5F7, 0xCDF7, 0xCDF7, 0xC5D7, 0xC595, 0xBD54, 0xBCF2, 0xB4B0,
    0xB46D, 0xB42B, 0xB40A, 0xBC4B, 0xBC8E, 0xC4F0, 0xC532, 0xCD94,
    0xCDD5, 0xCDF6, 0xD617, 0xD617, 0xD5F7, 0xCDF7, 0xCDF7, 0xCDF7,
    0xCDD6, 0xC5D6, 0xC5B6, 0xC5D6, 0xCDD6, 0xCDD6, 0xCDD7, 0xCDD6,
    0x4261, 0x4281, 0x3A80, 0x3A80, 0x3A80, 0x3260, 0x3240, 0x3240,
    0x2A20, 0x2A20, 0x2A20, 0x2A20, 0x2A20, 0x2A40, 0x3240, 0x3240,
    0x3240, 0x3260, 0x3240, 0x3240, 0x3240, 0x3260, 0x3A80, 0x3AA0,
    0x4AC0, 0x52E3, 0x5B04, 0x6325, 0x6B46, 0x7367, 0x7BA8, 0x7B67,
    0xC592, 0xFF9B, 0xF673, 0xF653, 0xFED6, 0xFF17, 0xFED6, 0xF612,
    0xF633, 0xF695, 0xF632, 0xEDAF, 0xEE12, 0xF632, 0xF653, 0xF674,
    0xF632, 0xF632, 0xF632, 0xF612, 0xF653, 0xF653, 0xF633, 0xF612,
    0xF673, 0xFE95, 0xFE94, 0xFE74, 0xFE52, 0xFE2F, 0xFE2E, 0xFE4F,
    0xFE6F, 0xFDCB, 0xDB63, 0xCAE2, 0xDB43, 0xE343, 0xEBE5, 0xD449,
    0xC46C, 0xBC6E, 0xBCD0, 0xBD12, 0xC574, 0xC595, 0xC5D7, 0xC5F7,
    0xC5F7, 0xC5F7, 0xC5F7, 0xCDF7, 0xC617, 0xC617, 0xCE18, 0xCE18,
    0xC618, 0xCE17, 0xC638, 0xDDF3, 0xEC25, 0xEC05, 0xFC86, 0xFC86,
    0xF465, 0xFC85, 0xF486, 0xF465, 0xEC04, 0xF465, 0xF4A6, 0xF486,
    0xF444, 0xEC04, 0xE3A3, 0xD343, 0xCB23, 0xBB05, 0xCD95, 0xC575,
    0xB490, 0x8AC8, 0x69C3, 0x40A0, 0x3880, 0x3060, 0x2840, 0x4080,
    0x3880, 0x3860, 0x3080, 0x2860, 0x2040, 0x2040, 0x38A0, 0x50E1,
    0x48C0, 0x2860, 0x2040, 0x50E0, 0x5101, 0x5901, 0x5901, 0x3060,
    0x2020, 0x2860, 0x4080, 0x5901, 0x40C0, 0x48C0, 0x6981, 0x8A86,
    0xA36A, 0xAB69, 0xB40C, 0xC554, 0xCDB6, 0xC5D6, 0xD5F6, 0xECA8,
    0xEBE4, 0xEBC4, 0xF425, 0xF404, 0xEBE4, 0xE382, 0xF445, 0xFCE7,
    0xFD07, 0xFD28, 0xEBE3, 0xF445, 0xF4A6, 0xF466, 0xE3E5, 0xC302,
    0xB281, 0xBA80, 0xCCAD, 0xCE39, 0xCE18, 0xC5F8, 0xC5F7, 0xC5F7,
    0xC5F7, 0xC5F7, 0xC5F7, 0xC5F7, 0xC5F7, 0xC5F7, 0xC5F7, 0xC5F7,
    0xC5F7, 0xC5F7, 0xC5F7, 0xC5F7, 0xC5F7, 0xC5F7, 0xC5F7, 0xC5F7,
    0xC5F7, 0xC5F7, 0xC5F7, 0xC5D7, 0xC5F7, 0xC5F7, 0xC5F7, 0xC5F7,
    0xC5F7, 0xC5F7, 0xC5F7, 0xC5F7, 0xC5F7, 0xC5F7, 0xC5F7, 0xC5F7,
    0xC5F7, 0xC5F7, 0xCDF7, 0xC5D7, 0xC5B6, 0xBD54, 0xBD12, 0xBCB0,
    0xB46E, 0xB42B, 0xB40A, 0xBC4B, 0xBC8E, 0xC4F0, 0xC552, 0xCD94,
    0xCDD5, 0xCDF7, 0xD617, 0xD617, 0xD617, 0xCDF7, 0xCDF7, 0xCDD6,
    0xCDD6, 0xC5B6, 0xC5B6, 0xC5B6, 0xC5D6, 0xC5B6, 0xC5D6, 0xCDD6,
    0x3240, 0x3A40, 0x3A60, 0x3A60, 0x3260, 0x3260, 0x3260, 0x3240,
    0x3240, 0x3240, 0x2A20, 0x2A40, 0x2A20, 0x2A20, 0x2A20, 0x2A20,
    0x2A20, 0x2A20, 0x2A00, 0x2A20, 0x2A20, 0x3240, 0x3260, 0x3A80,
    0x42A0, 0x52E2, 0x5AE3, 0x5B04, 0x6325, 0x7346, 0x7387, 0x7BA8,
    0xD614, 0xFF59, 0xF673, 0xFED6, 0xFEB5, 0xF652, 0xF653, 0xE590,
    0xF653, 0xEDF1, 0xE58F, 0xEDF1, 0xF653, 0xEE11, 0xEDF1, 0xE58F,
    0xEDAF, 0xF612, 0xEDF1, 0xEDB0, 0xE58F, 0xEDF1, 0xEE12, 0xF633,
    0xF653, 0xF653, 0xF632, 0xFE53, 0xFE52, 0xFE94, 0xFE52, 0xFE2F,
    0xFE4E, 0xFDEB, 0xF465, 0xE383, 0xD343, 0xCAC2, 0xCAA1, 0xEBE5,
    0xFDEE, 0xC4EF, 0xB490, 0xBD12, 0xC554, 0xC595, 0xC5D7, 0xC5F7,
    0xC5F7, 0xC5F7, 0xC5F7, 0xC618, 0xC618, 0xC618, 0xC618, 0xCE18,
    0xCE18, 0xC617, 0xC618, 0xD615, 0xF4C7, 0xFD08, 0xFC86, 0xFC86,
    0xFC85, 0xF424, 0xF424, 0xEBC3, 0xF465, 0xFCC6, 0xF466, 0xF425,
    0xF404, 0xEBE4, 0xDB83, 0xCB02, 0xC2E2, 0xAA40, 0xABAB, 0xA42F,
    0x8B0A, 0x7A46, 0x5921, 0x48C0, 0x40A0, 0x3060, 0x2040, 0x2840,
    0x3060, 0x40A0, 0x3880, 0x3060, 0x2860, 0x2040, 0x3880, 0x58E1,
    0x48A0, 0x2040, 0x3060, 0x6921, 0x58E1, 0x48C0, 0x3880, 0x1000,
    0x1820, 0x1820, 0x3060, 0x4080, 0x48C0, 0x5900, 0x5921, 0x71A1,
    0x9AA6, 0xABAB, 0xB40D, 0xB46F, 0xC553, 0xC5F7, 0xE52E, 0xEBE4,
    0xE3E4, 0xE3C3, 0xEBC3, 0xEBC3, 0xEBC3, 0xF465, 0xFCC6, 0xFCE7,
    0xFD48, 0xEC25, 0xF445, 0xFCC6, 0xFCA6, 0xF4A7, 0xDBA4, 0xC2E2,
    0xC2C1, 0xDBC5, 0xCDF7, 0xC618, 0xC5F7, 0xC5F7, 0xC5F7, 0xC5F7,
    0xC5F7, 0xCDF7, 0xC5F7, 0xC5F7, 0xC5F7, 0xC5F7, 0xC5F7, 0xC5F7,
    0xC5F7, 0xC5F7, 0xC5F7, 0xC5F7, 0xC5F7, 0xC5F7, 0xC5F7, 0xC5F7,
    0xC5F7, 0xC5F7, 0xC5F7, 0xC5F7, 0xC5F7, 0xC5F7, 0xC5F7, 0xC5F7,
    0xC5F7, 0xC5F7, 0xC5F7, 0xC5F7, 0xC5F7, 0xCDF7, 0xC5F7, 0xCDF7,
    0xCDF7, 0xC5F7, 0xC5F7, 0xC5D7, 0xC5B6, 0xBD54, 0xBD12, 0xBCB0,
    0xB46E, 0xB42B, 0xB40A, 0xBC4B, 0xBC8E, 0xC4F0, 0xCD52, 0xCD94,
    0xCDD5, 0xD5F7, 0xD617, 0xD618, 0xCE17, 0xCDF7, 0xCDD6, 0xCDD6,
    0xC5B6, 0xC5B6, 0xC596, 0xC596, 0xC5B6, 0xC5B6, 0xC5B6, 0xC5B6,
    0x3220, 0x3220, 0x3240, 0x3240, 0x3260, 0x3260, 0x3260, 0x3260,
    0x3260, 0x3260, 0x3240, 0x2A40, 0x2A20, 0x2A20, 0x2A00, 0x2A00,
    0x29E0, 0x29E0, 0x29E0, 0x2A00, 0x2A00, 0x2A20, 0x3240, 0x3A80,
    0x42A0, 0x4AC2, 0x52C3, 0x52C3, 0x5B04, 0x6B45, 0x6B46, 0x7BA8,
    0xE676, 0xFF17, 0xFEF7, 0xFED6, 0xEDD0, 0xEDD0, 0xEDB0, 0xE56F,
    0xEDD0, 0xDCEC, 0xDD2E, 0xE5B0, 0xE58F, 0xDD2D, 0xE56F, 0xDD0D,
    0xE58F, 0xDD2D, 0xE54E, 0xE5B0, 0xEDF1, 0xF653, 0xF674, 0xFE95,
    0xF694, 0xF653, 0xF653, 0xF611, 0xF632, 0xF653, 0xF611, 0xF56D,
    0xFD8B, 0xFE0C, 0xFD27, 0xE342, 0xD302, 0xCAC2, 0xCAC2, 0xE363,
    0xFD69, 0xF5EF, 0xC4F0, 0xB4F2, 0xBD54, 0xC595, 0xC5D7, 0xC5F7,
    0xC5F7, 0xC5F7, 0xC5F7, 0xC618, 0xCE18, 0xC618, 0xCE18, 0xCE18,
    0xCE18, 0xC618, 0xC618, 0xCE17, 0xF58C, 0xFD48, 0xF445, 0xF445,
    0xF445, 0xF403, 0xFC85, 0xFCA6, 0xFC85, 0xF465, 0xF404, 0xEBC3,
    0xEBA3, 0xE3A3, 0xE3A3, 0xDB83, 0xCB43, 0xB2C2, 0x8A02, 0x82A8,
    0x6183, 0x5962, 0x40A0, 0x3880, 0x3880, 0x3060, 0x2020, 0x1840,
    0x3080, 0x48A0, 0x48C0, 0x3880, 0x3060, 0x3060, 0x3060, 0x40A0,
    0x40A0, 0x50E1, 0x40C1, 0x6121, 0x48A0, 0x50E0, 0x3060, 0x1820,
    0x1000, 0x1000, 0x2840, 0x40A0, 0x48C0, 0x3880, 0x48C0, 0x6961,
    0x8A45, 0x9286, 0x9286, 0xB42E, 0xC595, 0xCDB4, 0xE3E5, 0xE383,
    0xDB62, 0xE383, 0xEBC3, 0xF3E4, 0xFC86, 0xFCC6, 0xFCC6, 0xFD48,
    0xF4A6, 0xF486, 0xFD08, 0xFCA6, 0xFCE7, 0xE3E4, 0xE3E5, 0xC2A2,
    0xD301, 0xD510, 0xC639, 0xC5F7, 0xC5F7, 0xC5F7, 0xC5F7, 0xC5F7,
    0xC5F7, 0xC5F7, 0xC5F7, 0xC5F7, 0xC5F7, 0xC5F7, 0xC5F7, 0xC5F7,
    0xC5F7, 0xC5F7, 0xC5F7, 0xC5F7, 0xC5F7, 0xC5F7, 0xC5F7, 0xC5F7,
    0xC5F7, 0xC5F7, 0xC5F7, 0xC5F7, 0xC5F7, 0xC5F7, 0xC5F7, 0xC5F7,
    0xC5F7, 0xC5F7, 0xC5F7, 0xCDF7, 0xCDF7, 0xCDF7, 0xCDF7, 0xCDF7,
    0xCDF7, 0xCDF7, 0xCDF7, 0xC5D6, 0xC595, 0xBD54, 0xBD12, 0xBCB0,
    0xBC6E, 0xBC4C, 0xB42B, 0xBC4C, 0xC4AE, 0xC4F0, 0xCD52, 0xCD94,
    0xCDD6, 0xD617, 0xD638, 0xD618, 0xCE17, 0xCDF7, 0xCDD6, 0xC5D6,
    0xC5B6, 0xC5B6, 0xC595, 0xC595, 0xC595, 0xC595, 0xC595, 0xC595,
    0x3200, 0x3200, 0x3220, 0x3220, 0x3240, 0x3260, 0x3280, 0x3280,
    0x3280, 0x3260, 0x3240, 0x2A40, 0x2A20, 0x2A00, 0x2A00, 0x21E0,
    0x21C0, 0x21C0, 0x21C0, 0x21E0, 0x29E0, 0x2A20, 0x3240, 0x3260,
    0x3A80, 0x42A0, 0x42A1, 0x4AA2, 0x52E3, 0x5B04, 0x6325, 0x6305,
    0xCDD3, 0xFF38, 0xFED6, 0xFEB5, 0xF632, 0xEE12, 0xEE12, 0xEE12,
    0xDD2D, 0xCC8A, 0xCC8B, 0xD4EC, 0xD4CC, 0xD4CC, 0xDCEC, 0xDCED,
    0xDD2D, 0xDD0D, 0xE56F, 0xE5B0, 0xEDF1, 0xEDF1, 0xF612, 0xF632,
    0xEDF1, 0xEDD0, 0xF633, 0xF632, 0xF632, 0xF674, 0xFE74, 0xF612,
    0xF5AD, 0xFDED, 0xFE0D, 0xF425, 0xDB42, 0xCAC2, 0xCAC2, 0xDB22,
    0xF465, 0xFD69, 0xFDCC, 0xD571, 0xBD74, 0xC5B5, 0xC5D7, 0xC5F7,
    0xC5F7, 0xC5F7, 0xC5F7, 0xC5F7, 0xCE18, 0xC618, 0xC618, 0xC618,
    0xC618, 0xC618, 0xC618, 0xC618, 0xF5EF, 0xFCE7, 0xE3A3, 0xEBC3,
    0xF445, 0xFD28, 0xFD28, 0xFCC6, 0xF424, 0xEBC3, 0xF424, 0xF424,
    0xF404, 0xE382, 0xE3A3, 0xE3C4, 0xCB43, 0xB2A2, 0x81A0, 0x69E5,
    0x6183, 0x40A0, 0x3080, 0x3060, 0x2840, 0x3060, 0x2840, 0x3080,
    0x5900, 0x50A0, 0x3860, 0x2040, 0x2840, 0x48A0, 0x3880, 0x3060,
    0x3860, 0x48C0, 0x40C1, 0x5101, 0x58E1, 0x50E1, 0x4080, 0x1000,
    0x0800, 0x1800, 0x40A0, 0x5101, 0x48E0, 0x48C0, 0x48C0, 0x50E0,
    0x5900, 0x7181, 0x9AE7, 0xBC90, 0xCDD6, 0xCC4A, 0xD321, 0xD322,
    0xDB62, 0xE382, 0xE382, 0xF404, 0xFC86, 0xFCE6, 0xFD07, 0xF445,
    0xEC04, 0xFCE7, 0xFCE7, 0xFD28, 0xEC25, 0xE3C4, 0xDBA4, 0xCA80,
    0xDC07, 0xCE38, 0xCE17, 0xC5F7, 0xC5F7, 0xC5F7, 0xC5F7, 0xC5F7,
    0xC5F7, 0xC5F7, 0xCDF7, 0xC5F7, 0xC5F7, 0xC5F7, 0xC5F7, 0xC5F7,
    0xC5F7, 0xC5F7, 0xC5F7, 0xC5F7, 0xC5F7, 0xC5F7, 0xC5F7, 0xC5F7,
    0xC5F7, 0xC5F7, 0xC5F7, 0xC5F7, 0xC5F7, 0xC5F7, 0xC5F7, 0xCDF7,
    0xC5F7, 0xC5F7, 0xC5F7, 0xCE17, 0xCE18, 0xCE17, 0xCDF7, 0xCDF7,
    0xCDF7, 0xCDF7, 0xCDF7, 0xC5D6, 0xC595, 0xBD54, 0xBD12, 0xBCD0,
    0xBC8E, 0xBC4C, 0xBC2B, 0xBC4C, 0xC4AE, 0xC4F0, 0xCD52, 0xCD94,
    0xCDD6, 0xD617, 0xD638, 0xD638, 0xCE17, 0xCDF7, 0xCDF7, 0xCDD6,
    0xC5B6, 0xC5B6, 0xC595, 0xC595, 0xC595, 0xC595, 0xC595, 0xC595,
    0x3220, 0x3200, 0x2A00, 0x3200, 0x3220, 0x3260, 0x3280, 0x3A80,
    0x3280, 0x3260, 0x3240, 0x2A40, 0x2A20, 0x2A00, 0x21E0, 0x21C0,
    0x21A0, 0x21A0, 0x21A0, 0x21C0, 0x29E0, 0x2A00, 0x3240, 0x3240,
    0x3260, 0x3A80, 0x4280, 0x4281, 0x4AC3, 0x52E4, 0x5AE4, 0x6B26,
    0xD635, 0xFF59, 0xF673, 0xF6B5, 0xF632, 0xF653, 0xF633, 0xEDD1,
    0xDD2E, 0xD4CC, 0xD4AB, 0xCC2A, 0xC40A, 0xC3E9, 0xC3E9, 0xD4CD,
    0xD4AC, 0xD4CD, 0xDCED, 0xDD2E, 0xE56F, 0xE56F, 0xEDD1, 0xE5B0,
    0xEDF1, 0xEE12, 0xF612, 0xF653, 0xF695, 0xF653, 0xF611, 0xF5F1,
    0xF5F1, 0xF5F0, 0xFDEE, 0xEC66, 0xE382, 0xEBE4, 0xEBE4, 0xEC25,
    0xF465, 0xFCA6, 0xFD07, 0xFDAA, 0xE5B1, 0xC5D7, 0xC5F7, 0xC618,
    0xC618, 0xC5F7, 0xC5F7, 0xC5F7, 0xC5F7, 0xC5F7, 0xC618, 0xC618,
    0xC618, 0xC5F8, 0xC618, 0xC619, 0xE613, 0xFD07, 0xEBE4, 0xE3A3,
    0xF425, 0xFCA6, 0xFCE7, 0xFCA6, 0xF424, 0xEB82, 0xF404, 0xF424,
    0xF465, 0xE382, 0xDB83, 0xE3C4, 0xD343, 0xAA61, 0x81A0, 0x71E3,
    0x7288, 0x48E0, 0x3060, 0x2020, 0x1820, 0x2840, 0x2860, 0x2040,
    0x3060, 0x2840, 0x2020, 0x2020, 0x1820, 0x4080, 0x2840, 0x2040,
    0x2040, 0x3880, 0x48C0, 0x48E1, 0x6121, 0x5901, 0x3060, 0x1820,
    0x3060, 0x3060, 0x5901, 0x40C1, 0x40A0, 0x38A0, 0x40A0, 0x40A0,
    0x50E0, 0x8AE8, 0xBD12, 0xCDF7, 0xCD73, 0xC322, 0xC301, 0xCB22,
    0xDB62, 0xE382, 0xEBE4, 0xEC04, 0xF485, 0xFD07, 0xFD07, 0xF445,
    0xFCC7, 0xFD8A, 0xFDAA, 0xFD28, 0xF445, 0xE3E4, 0xDB63, 0xE383,
    0xD571, 0xC639, 0xCE17, 0xC5F7, 0xC5F7, 0xC5F7, 0xC5F7, 0xC5F7,
    0xC5F7, 0xC5F7, 0xC617, 0xC5F7, 0xC5F7, 0xC5F7, 0xC5F7, 0xC5F7,
    0xC5F7, 0xC5F7, 0xC5F7, 0xC5F7, 0xC5F7, 0xC5F7, 0xC5F7, 0xC5F7,
    0xC5F7, 0xC5F7, 0xC5F7, 0xC5F7, 0xC5F7, 0xC5F7, 0xC5F7, 0xC5F7,
    0xC5F7, 0xCDF7, 0xCDF7, 0xCDF7, 0xCE18, 0xCE17, 0xCDF7, 0xCDF7,
    0xCDF7, 0xCDF7, 0xCDF7, 0xC5D7, 0xC595, 0xBD54, 0xBD12, 0xBCB0,
    0xB46E, 0xBC4C, 0xBC2B, 0xBC6C, 0xC4AE, 0xC510, 0xCD53, 0xCDB4,
    0xCDD6, 0xD617, 0xD638, 0xD638, 0xCE17, 0xCDF7, 0xCDF7, 0xCDD6,
    0xC5B6, 0xC596, 0xBD95, 0xBD95, 0xBD95, 0xC595, 0xC595, 0xC595,
    0x3A41, 0x3220, 0x2A00, 0x2A00, 0x2A00, 0x3240, 0x3260, 0x3280,
    0x3280, 0x3260, 0x3240, 0x3220, 0x2A00, 0x29E0, 0x21C0, 0x21A0,
    0x2180, 0x2180, 0x21A0, 0x21E0, 0x2A00, 0x2A00, 0x2A20, 0x3240,
    0x3240, 0x3A60, 0x3A80, 0x42A2, 0x4AA3, 0x52C4, 0x5AC4, 0x83A8,
    0xF6F8, 0xFF38, 0xF653, 0xF654, 0xF653, 0xEE32, 0xF632, 0xEDD1,
    0xDD4E, 0xDD0D, 0xDD0D, 0xD48B, 0xC3E9, 0xBBA9, 0xBBA9, 0xBB89,
    0xBB68, 0xC3C9, 0xC3EA, 0xD48C, 0xD4AD, 0xDD0E, 0xDCED, 0xE56F,
    0xE56F, 0xE54E, 0xE56F, 0xEDD1, 0xF653, 0xF612, 0xF654, 0xF5F1,
    0xF5D0, 0xF632, 0xFE32, 0xF58E, 0xEC87, 0xFCE6, 0xFCE6, 0xFCA6,
    0xF485, 0xF444, 0xF465, 0xFCE6, 0xFD07, 0xE56F, 0xC618, 0xC618,
    0xC618, 0xC618, 0xC5F7, 0xC5F7, 0xC5F8, 0xC5F8, 0xC618, 0xC618,
    0xC618, 0xC618, 0xC618, 0xC618, 0xDE35, 0xFD69, 0xF445, 0xEBC4,
    0xEC04, 0xF425, 0xFC86, 0xF464, 0xFCA5, 0xF465, 0xFC85, 0xF465,
    0xF444, 0xEBC3, 0xEBE3, 0xDBA3, 0xCB02, 0xAA20, 0x89C0, 0x7980,
    0x82C9, 0x5983, 0x3880, 0x1820, 0x0800, 0x1000, 0x3060, 0x3860,
    0x2040, 0x1820, 0x1000, 0x1800, 0x1000, 0x2840, 0x2040, 0x1020,
    0x1840, 0x3060, 0x48C0, 0x48C0, 0x50E0, 0x48C0, 0x40A0, 0x40C0,
    0x2040, 0x48C0, 0x48C0, 0x0800, 0x2020, 0x2840, 0x38A0, 0x48C0,
    0x7246, 0xAC4F, 0xC595, 0xCDF7, 0xB346, 0xBA80, 0xC302, 0xC2C1,
    0xDB62, 0xEC04, 0xE3C3, 0xEC04, 0xF465, 0xFCC6, 0xFD28, 0xFCE7,
    0xFD28, 0xFCE7, 0xFCE7, 0xF486, 0xF445, 0xE3E5, 0xE3A3, 0xE489,
    0xCE18, 0xC618, 0xCE18, 0xC5F7, 0xC5F7, 0xC5F7, 0xC5F7, 0xC5F7,
    0xC5F7, 0xC5F7, 0xC5F7, 0xC5F7, 0xC5F7, 0xC5F7, 0xC5F7, 0xC5F7,
    0xC5F7, 0xC5F7, 0xC5F7, 0xC5F7, 0xC5F7, 0xC5F7, 0xC5F7, 0xC5F7,
    0xC5F7, 0xC5F7, 0xC5F7, 0xC5F7, 0xC5F7, 0xC618, 0xC5F8, 0xCDF8,
    0xCDF8, 0xCE17, 0xCDF8, 0xCDF8, 0xCE18, 0xCE17, 0xCDF7, 0xCDF7,
    0xCDF7, 0xCDF7, 0xCDF7, 0xC5D6, 0xC595, 0xBD54, 0xBCF2, 0xBCB0,
    0xB46E, 0xB44C, 0xBC2B, 0xBC6C, 0xC4AE, 0xC510, 0xCD53, 0xCDB5,
    0xCDF6, 0xD617, 0xD638, 0xD638, 0xCE17, 0xCDF7, 0xCDD7, 0xC5D6,
    0xC5B6, 0xC595, 0xBD95, 0xBD95, 0xBD95, 0xC595, 0xC596, 0xC596,
    0x4262, 0x3A41, 0x3200, 0x29E0, 0x29E0, 0x2A00, 0x3240, 0x3280,
    0x3280, 0x3260, 0x3220, 0x2A00, 0x2A00, 0x21E0, 0x21A0, 0x21A0,
    0x2180, 0x21A0, 0x21C0, 0x2A00, 0x2A20, 0x2A20, 0x2A20, 0x3220,
    0x3240, 0x3A60, 0x42A1, 0x4AC3, 0x52C3, 0x5AE4, 0x6305, 0x7347,
    0xCD91, 0xFF38, 0xF673, 0xEE11, 0xF674, 0xEE33, 0xEE12, 0xE58F,
    0xE56E, 0xE58F, 0xDD0D, 0xD4AC, 0xCC4B, 0xCC4B, 0xC3EA, 0xC3A9,
    0xC368, 0xBB48, 0xC348, 0xC348, 0xC389, 0xCBEA, 0xC3A9, 0xCC4B,
    0xD44A, 0xDCCD, 0xE54F, 0xEDF1, 0xEE12, 0xF653, 0xF633, 0xF653,
    0xFE95, 0xFE94, 0xFE94, 0xFE94, 0xFDAC, 0xFD07, 0xFD27, 0xFCC6,
    0xF465, 0xF444, 0xEC04, 0xF404, 0xF445, 0xF404, 0xE50D, 0xCE38,
    0xC618, 0xC618, 0xC618, 0xC618, 0xC618, 0xC618, 0xC618, 0xC618,
    0xC618, 0xC618, 0xC618, 0xC618, 0xD615, 0xFD6B, 0xF486, 0xF466,
    0xF445, 0xF445, 0xF404, 0xF465, 0xFCC6, 0xFCA6, 0xFCC6, 0xFC85,
    0xF424, 0xF445, 0xF465, 0xEBE4, 0xC301, 0xAA61, 0x9A20, 0x8180,
    0x50E1, 0x40C1, 0x2020, 0x1000, 0x0000, 0x0800, 0x2020, 0x2020,
    0x1820, 0x1820, 0x1820, 0x1000, 0x0800, 0x1820, 0x1820, 0x1000,
    0x1840, 0x2840, 0x4080, 0x2040, 0x3060, 0x48C0, 0x48C0, 0x48C0,
    0x40A0, 0x3880, 0x1020, 0x1840, 0x2020, 0x2860, 0x3080, 0x5121,
    0x82E8, 0xA42E, 0xBD33, 0xAC0C, 0x9A00, 0xB260, 0xCB01, 0xDB62,
    0xDB83, 0xD342, 0xE382, 0xEBE3, 0xF424, 0xF465, 0xFCA6, 0xFD49,
    0xFD49, 0xFD28, 0xFD08, 0xF4A7, 0xF486, 0xDBC4, 0xEBE4, 0xDD4F,
    0xC639, 0xC5F7, 0xCE17, 0xCDF7, 0xC5F7, 0xC5F7, 0xC5F7, 0xC5F7,
    0xCDF7, 0xCDF7, 0xCDF7, 0xC5F7, 0xC5F7, 0xC5F7, 0xC5F7, 0xC5F7,
    0xC5F7, 0xC5F7, 0xC5F7, 0xC5F7, 0xCDF7, 0xC5F7, 0xC5F7, 0xCDF7,
    0xC5F7, 0xCDF7, 0xC5F7, 0xC5F7, 0xC5F8, 0xC5F8, 0xC618, 0xCDF8,
    0xCDF8, 0xCDF8, 0xCDF8, 0xCE18, 0xCE18, 0xCE18, 0xCE17, 0xCE17,
    0xCDF7, 0xCDF7, 0xCDF7, 0xC5D7, 0xC595, 0xBD54, 0xBD12, 0xB4B0,
    0xB46E, 0xB44C, 0xBC2B, 0xBC6C, 0xC4AE, 0xC510, 0xCD53, 0xCDB5,
    0xCDF6, 0xD617, 0xD638, 0xD638, 0xCE17, 0xCDF7, 0xCDD7, 0xC5D6,
    0xC5B6, 0xC595, 0xBD95, 0xBD95, 0xBD95, 0xC5B6, 0xC5B6, 0xC596,
    0x4A83, 0x3A42, 0x3220, 0x29E0, 0x29E0, 0x29E0, 0x3220, 0x3260,
    0x3260, 0x3220, 0x2A00, 0x29E0, 0x21E0, 0x21C0, 0x2180, 0x2180,
    0x2180, 0x21A0, 0x29E0, 0x2A00, 0x2A20, 0x2A00, 0x2A20, 0x3240,
    0x3A60, 0x4281, 0x4AA3, 0x52C4, 0x5AE4, 0x6305, 0x6B47, 0x6B27,
    0xA48D, 0xFF59, 0xF695, 0xF674, 0xF654, 0xEE32, 0xEE12, 0xEDD0,
    0xE58F, 0xE590, 0xDCCC, 0xD4AC, 0xD4AC, 0xD44B, 0xCC2B, 0xCBEA,
    0xCBC9, 0xC389, 0xC328, 0xC328, 0xC328, 0xBB28, 0xBB07, 0xBAC6,
    0xBAE7, 0xCBC9, 0xD46C, 0xE52E, 0xEDB0, 0xEDF1, 0xF612, 0xF673,
    0xF694, 0xFE94, 0xFE94, 0xFE31, 0xF5CF, 0xFD4A, 0xFCC6, 0xF4A6,
    0xF445, 0xF444, 0xEBE3, 0xE382, 0xE383, 0xEBC3, 0xEB82, 0xE4EC,
    0xCE38, 0xC618, 0xCE18, 0xC618, 0xC618, 0xC618, 0xC618, 0xC618,
    0xC618, 0xC618, 0xC618, 0xC618, 0xCDF6, 0xF509, 0xFCC7, 0xF4A7,
    0xF445, 0xFCA6, 0xF445, 0xF424, 0xFCE6, 0xFCE7, 0xFD07, 0xFCE6,
    0xFC65, 0xF444, 0xF444, 0xEBE3, 0xDB83, 0xD363, 0xC2E2, 0x91C0,
    0x48A0, 0x2840, 0x2860, 0x1840, 0x2060, 0x3080, 0x3060, 0x1820,
    0x0800, 0x1000, 0x2840, 0x1820, 0x0800, 0x0800, 0x1020, 0x1820,
    0x1820, 0x2020, 0x2840, 0x1000, 0x1020, 0x1820, 0x48E1, 0x50E1,
    0x3060, 0x1000, 0x1000, 0x1020, 0x2860, 0x2040, 0x2840, 0x5942,
    0x69E5, 0xA470, 0xB4D1, 0x81A0, 0xA241, 0xC2E2, 0xDB62, 0xDB62,
    0xD301, 0xD301, 0xEBE4, 0xF445, 0xEC25, 0xF445, 0xFCC7, 0xFD28,
    0xFD08, 0xFC86, 0xF465, 0xEC25, 0xEC66, 0xE3A4, 0xEC47, 0xD617,
    0xC618, 0xC5F8, 0xC5F7, 0xC5F7, 0xC5F7, 0xC5F7, 0xC5F7, 0xC5F7,
    0xC5F7, 0xC5F7, 0xC5F7, 0xC5F7, 0xC5F7, 0xC5F7, 0xC5F7, 0xC5F7,
    0xC5F7, 0xC5F7, 0xC5F7, 0xC5F7, 0xC5F7, 0xC5F7, 0xCDF7, 0xCDF7,
    0xC5F7, 0xCDF7, 0xCDF7, 0xC5F7, 0xCDF8, 0xCDF8, 0xCE18, 0xCE18,
    0xCDF8, 0xCE18, 0xCE18, 0xCE18, 0xCE18, 0xCE18, 0xCE17, 0xCE17,
    0xCDF7, 0xCDF7, 0xCDF7, 0xC5D7, 0xC595, 0xBD54, 0xBD12, 0xB4B0,
    0xB46E, 0xB44C, 0xBC2B, 0xBC6C, 0xC4CE, 0xC511, 0xCD73, 0xCDB5,
    0xCDF6, 0xD617, 0xD638, 0xD638, 0xCE17, 0xCDF7, 0xCDD7, 0xC5D6,
    0xC5B6, 0xC595, 0xBD95, 0xBD95, 0xC596, 0xC5B6, 0xC5B6, 0xC5B6,
    0x4A63, 0x4242, 0x3A21, 0x3201, 0x29E0, 0x29E0, 0x2A00, 0x3220,
    0x3220, 0x2A00, 0x29E0, 0x21C0, 0x21A0, 0x2180, 0x1960, 0x1960,
    0x1960, 0x21A0, 0x29E0, 0x2A00, 0x2A00, 0x2A00, 0x3220, 0x3240,
    0x3A81, 0x42A2, 0x52C3, 0x5AE4, 0x6326, 0x6B47, 0x7368, 0x7348,
    0x9C0C, 0xFF18, 0xFE94, 0xF674, 0xF674, 0xEE12, 0xEE11, 0xEDAF,
    0xE58F, 0xE56F, 0xDD0D, 0xDCCD, 0xDCCD, 0xDC6C, 0xD44B, 0xCC2B,
    0xCC0B, 0xCBCA, 0xC369, 0xBB08, 0xC308, 0xBAE7, 0xB2C7, 0xB2A6,
    0xB286, 0xBAA6, 0xBB07, 0xCBEA, 0xDCED, 0xE590, 0xEDF1, 0xEE11,
    0xF632, 0xF653, 0xF653, 0xF611, 0xFE73, 0xFE0F, 0xFD28, 0xF444,
    0xE382, 0xE382, 0xE382, 0xDB42, 0xDB01, 0xE362, 0xE383, 0xE341,
    0xE4ED, 0xCE59, 0xCE18, 0xCE18, 0xC618, 0xC618, 0xC618, 0xC618,
    0xC618, 0xC618, 0xC618, 0xC618, 0xCE17, 0xECEA, 0xFCC7, 0xF4A6,
    0xFCA6, 0xFCE7, 0xF4A6, 0xFCC6, 0xFCA6, 0xFCE7, 0xFD07, 0xFCE6,
    0xFCA6, 0xF465, 0xEBC3, 0xE362, 0xD322, 0xD343, 0xCB02, 0xB281,
    0x9201, 0x9242, 0xB2C3, 0xB262, 0xA221, 0x81A0, 0x6100, 0x4080,
    0x2840, 0x1820, 0x1800, 0x1000, 0x0000, 0x0000, 0x0800, 0x1020,
    0x1820, 0x1000, 0x1800, 0x0800, 0x0800, 0x1020, 0x3880, 0x3060,
    0x0800, 0x0800, 0x0800, 0x0000, 0x1820, 0x2840, 0x2020, 0x2820,
    0x6227, 0xACF3, 0x71E3, 0x89A0, 0xA220, 0xC2E2, 0xDB62, 0xDB62,
    0xD321, 0xDB62, 0xF425, 0xF465, 0xF486, 0xFCE7, 0xFD07, 0xFD28,
    0xFD07, 0xFD07, 0xF486, 0xF4A7, 0xEC26, 0xE3C4, 0xDD2F, 0xC639,
    0xC5F7, 0xC5F7, 0xC5F7, 0xC5F7, 0xC5F7, 0xC5F7, 0xC5F7, 0xC5F7,
    0xC5F7, 0xC5F7, 0xC5F7, 0xC5F7, 0xC5F7, 0xC5F7, 0xC5F7, 0xC5F7,
    0xC5F7, 0xC5F7, 0xC5F7, 0xC5F7, 0xC5F7, 0xCDF7, 0xCE18, 0xCDF8,
    0xC5F7, 0xCDF7, 0xCDF7, 0xCDF7, 0xCDF8, 0xCE18, 0xCE18, 0xCE18,
    0xCE18, 0xCE18, 0xCE18, 0xCE18, 0xCE18, 0xCE18, 0xCE18, 0xCE18,
    0xCDF7, 0xCDF7, 0xCDF7, 0xC5D7, 0xC595, 0xBD54, 0xBD12, 0xBCD0,
    0xBC8E, 0xB44C, 0xBC4B, 0xBC6C, 0xC4CF, 0xC511, 0xCD73, 0xCDB5,
    0xCDD6, 0xD617, 0xD638, 0xD638, 0xCE18, 0xCDF7, 0xCDF7, 0xC5D6,
    0xC5B6, 0xC596, 0xBD96, 0xC596, 0xC596, 0xC5B6, 0xC596, 0xC5B6,
    0x5264, 0x4242, 0x3A22, 0x3A22, 0x3221, 0x3201, 0x3221, 0x3A42,
    0x4263, 0x3A43, 0x3A42, 0x3A23, 0x3202, 0x31E2, 0x29C2, 0x29C1,
    0x29C1, 0x29E1, 0x3201, 0x3200, 0x2A00, 0x2A00, 0x3220, 0x3A40,
    0x4282, 0x4AA3, 0x5AC4, 0x6306, 0x6B27, 0x7348, 0x7B69, 0x7B49,
    0x9C2C, 0xFF18, 0xFED5, 0xEDF0, 0xF653, 0xEE32, 0xEE12, 0xEDD0,
    0xEDB0, 0xEDD0, 0xE52E, 0xE50E, 0xE50E, 0xDCAD, 0xDC8D, 0xD44C,
    0xD42C, 0xD3EB, 0xCBCA, 0xCB69, 0xBAE7, 0xBAE7, 0xBAC7, 0xBAA6,
    0xBAA6, 0xBA86, 0xB265, 0xB286, 0xBB28, 0xD48C, 0xEDB0, 0xF632,
    0xF674, 0xF653, 0xF653, 0xF653, 0xFE52, 0xFDEE, 0xFD49, 0xF465,
    0xEBA3, 0xDB42, 0xD301, 0xD2C1, 0xDB22, 0xDB01, 0xDB01, 0xDB22,
    0xE321, 0xDCED, 0xCE59, 0xC618, 0xC618, 0xC618, 0xC618, 0xC618,
    0xC618, 0xC618, 0xC618, 0xC618, 0xCE18, 0xECEA, 0xF485, 0xFCC6,
    0xFD48, 0xFCC6, 0xFCC6, 0xFD69, 0xFD28, 0xFCC6, 0xFCA6, 0xFC85,
    0xFC85, 0xEBE3, 0xEBA3, 0xEC04, 0xEC86, 0xF4C8, 0xEC46, 0xE3C5,
    0xDB84, 0xD323, 0xCAC2, 0xC2A2, 0xB241, 0x91C0, 0x7140, 0x7120,
    0x50A0, 0x3860, 0x2840, 0x3060, 0x1820, 0x0800, 0x0800, 0x1020,
    0x1000, 0x0800, 0x1020, 0x1020, 0x0800, 0x2040, 0x2840, 0x0800,
    0x0000, 0x0000, 0x0000, 0x0800, 0x0800, 0x1820, 0x0800, 0x28C2,
    0x93EE, 0x61E4, 0x6900, 0xA220, 0xB260, 0xCB01, 0xDB62, 0xE382,
    0xE3A3, 0xEC04, 0xF445, 0xF486, 0xFD07, 0xFD07, 0xFCE7, 0xFCA6,
    0xFD07, 0xFD69, 0xF486, 0xF486, 0xDB83, 0xEC88, 0xCE16, 0xC618,
    0xC5F7, 0xC5F7, 0xC5F7, 0xC5F7, 0xC5F7, 0xC5F7, 0xC5F7, 0xC5F7,
    0xC5F7, 0xC5F7, 0xC5F7, 0xC5F7, 0xC5F7, 0xC5F7, 0xC5F7, 0xC617,
    0xCDF7, 0xC5F7, 0xC5F7, 0xC5F7, 0xC5F7, 0xCDF7, 0xCDF8, 0xCDF8,
    0xCE18, 0xCDF8, 0xCDF7, 0xCDF7, 0xCDF8, 0xCE18, 0xCE18, 0xCE18,
    0xCE18, 0xCE18, 0xCE18, 0xCE18, 0xCE18, 0xCE18, 0xCE18, 0xCE18,
    0xCE18, 0xCDF7, 0xCDF7, 0xC5D7, 0xC5B5, 0xC554, 0xBD12, 0xBCD0,
    0xBC8E, 0xBC6C, 0xBC4C, 0xBC8D, 0xC4CF, 0xC511, 0xCD73, 0xCDB5,
    0xCDD6, 0xD617, 0xD638, 0xD638, 0xCE18, 0xCDF7, 0xCDF7, 0xCDD7,
    0xC5D6, 0xC5B6, 0xC596, 0xC5B6, 0xC596, 0xC5B6, 0xC5B6, 0xC5B6,
    0x5285, 0x4A84, 0x4A84, 0x4A85, 0x4AA5, 0x4AA6, 0x52C6, 0x5AE7,
    0x5B08, 0x6308, 0x5B08, 0x5B08, 0x5AE8, 0x52C8, 0x52A8, 0x52A8,
    0x52A7, 0x52A7, 0x52C6, 0x4AA6, 0x4284, 0x4264, 0x4263, 0x4A83,
    0x4A83, 0x52A4, 0x5AC5, 0x6307, 0x7328, 0x7B69, 0x7B6A, 0x838A,
    0x8BAB, 0xDE35, 0xFF38, 0xEDF0, 0xF612, 0xF633, 0xEDF1, 0xF653,
    0xF612, 0xEDB0, 0xEDB0, 0xE52E, 0xE4EE, 0xE4EE, 0xDC8D, 0xDC8D,
    0xDC4C, 0xDC2C, 0xDC0B, 0xD38A, 0xCB28, 0xC2E7, 0xBAE7, 0xBAA6,
    0xBAA6, 0xBAA6, 0xB265, 0xAA45, 0xAA04, 0xB2A6, 0xD48D, 0xEE12,
    0xF653, 0xF653, 0xF674, 0xFEB5, 0xF632, 0xF5EF, 0xF54A, 0xEC25,
    0xE342, 0xDB01, 0xD2C0, 0xCAA0, 0xCAC1, 0xDB22, 0xD2C1, 0xD2C1,
    0xD2E1, 0xE321, 0xDD2F, 0xCE39, 0xC617, 0xC618, 0xC618, 0xC618,
    0xC618, 0xC618, 0xC618, 0xC618, 0xD617, 0xEC47, 0xF445, 0xFD28,
    0xFD07, 0xF485, 0xFD89, 0xFD47, 0xFD27, 0xFD27, 0xFCA6, 0xFD07,
    0xFD08, 0xFD29, 0xFE0C, 0xFDEB, 0xFD49, 0xF466, 0xDB64, 0xD303,
    0xCAC2, 0xC2A2, 0xC2A2, 0xC282, 0xBA82, 0x99E0, 0x9180, 0x99C0,
    0xBAA2, 0xB282, 0x9A01, 0x8180, 0x7140, 0x6100, 0x40A0, 0x2840,
    0x1800, 0x1000, 0x0800, 0x1820, 0x3880, 0x38A0, 0x1800, 0x2020,
    0x3080, 0x5100, 0x6940, 0x6120, 0x5900, 0x48E0, 0x2880, 0x7B4B,
    0x6A88, 0x4060, 0x91E0, 0xBA80, 0xCB01, 0xDB42, 0xDB83, 0xEBC3,
    0xF445, 0xF445, 0xF444, 0xFC86, 0xFCC6, 0xFCE6, 0xFCA6, 0xFCC6,
    0xFD08, 0xEC45, 0xF445, 0xEC46, 0xD322, 0xED0C, 0xC638, 0xC5F7,
    0xC5F7, 0xC5F7, 0xC5F7, 0xC5F7, 0xC5F7, 0xC5F7, 0xC5F7, 0xC617,
    0xC5F7, 0xC5F7, 0xC5F7, 0xC5F7, 0xC5F7, 0xC617, 0xC5F7, 0xCE18,
    0xCE18, 0xC617, 0xC5F7, 0xC617, 0xC5F7, 0xCDF7, 0xCE18, 0xCE18,
    0xCE18, 0xCE18, 0xCE18, 0xCE18, 0xCE18, 0xCE18, 0xCE18, 0xCE18,
    0xCE18, 0xCE18, 0xCE18, 0xCE18, 0xCE18, 0xCE18, 0xCE18, 0xCE18,
    0xCE18, 0xCDF7, 0xCDF7, 0xCDD7, 0xC5B6, 0xC574, 0xBD33, 0xBCF1,
    0xBCAF, 0xBC6D, 0xBC6C, 0xBC8D, 0xC4CF, 0xC531, 0xCD73, 0xCDB5,
    0xCDD6, 0xD617, 0xD638, 0xD638, 0xCE18, 0xCDF7, 0xCDF7, 0xCDD7,
    0xC5D6, 0xC5B6, 0xC596, 0xC5B6, 0xC5B6, 0xC5B6, 0xC5B6, 0xC5B6,
    0x5AA6, 0x5AC7, 0x62C7, 0x62E8, 0x6309, 0x6B2A, 0x6B4A, 0x736B,
    0x7B8C, 0x7BAC, 0x7BAC, 0x7BAC, 0x7B8C, 0x7B8C, 0x736C, 0x736C,
    0x736B, 0x6B4B, 0x6B4B, 0x6B4A, 0x6329, 0x6308, 0x5AE7, 0x5AC6,
    0x5AC6, 0x5AC6, 0x62E6, 0x6B07, 0x7329, 0x7B69, 0x838A, 0x838B,
    0x836A, 0xBD11, 0xFF59, 0xF631, 0xEDAF, 0xF632, 0xF653, 0xF653,
    0xEDB0, 0xEDB0, 0xE56E, 0xE52E, 0xE50E, 0xE4AD, 0xE4AD, 0xE4AE,
    0xE46D, 0xE46D, 0xD3EB, 0xD3AA, 0xD38A, 0xCB28, 0xC308, 0xC2E8,
    0xBAC7, 0xBAA7, 0xBA86, 0xAA45, 0xAA25, 0xA225, 0xB286, 0xD44C,
    0xF612, 0xF694, 0xFE95, 0xF674, 0xF5F1, 0xF5AF, 0xF54B, 0xF466,
    0xEBC3, 0xDB42, 0xCAC0, 0xD2E1, 0xCAC1, 0xCAA1, 0xD2E1, 0xD301,
    0xDB01, 0xDB41, 0xDB41, 0xD531, 0xC659, 0xCE18, 0xCE18, 0xC618,
    0xC618, 0xCE18, 0xCE18, 0xC639, 0xD615, 0xEC26, 0xF4C7, 0xFD48,
    0xFCA6, 0xFD48, 0xFDAA, 0xFDA9, 0xFDAA, 0xFD49, 0xFD29, 0xFDCB,
    0xFE2D, 0xFDEB, 0xF4C7, 0xF446, 0xEBE5, 0xDB64, 0xD324, 0xD323,
    0xDB64, 0xDB43, 0xCAE2, 0xCAC2, 0xC282, 0xBA62, 0xD384, 0xEC66,
    0xFCC7, 0xEBE4, 0xBA82, 0xA201, 0xA201, 0xA200, 0x99E0, 0x6920,
    0x40A0, 0x38A0, 0x3880, 0x6100, 0x89A0, 0x91E1, 0x81C1, 0x7180,
    0x7980, 0x89A0, 0xAA00, 0xAA21, 0xB261, 0xBAA2, 0xC324, 0xC3A8,
    0x9263, 0x81C1, 0xA240, 0xCB01, 0xDB62, 0xE383, 0xE3C3, 0xEC04,
    0xF445, 0xF465, 0xFC85, 0xFC85, 0xFCC6, 0xFD28, 0xFD48, 0xFD69,
    0xFCE7, 0xFD08, 0xFD28, 0xEC05, 0xE383, 0xDD70, 0xC619, 0xC5F7,
    0xC5F7, 0xC5F7, 0xC5F7, 0xC5F7, 0xC5F7, 0xC5F7, 0xC617, 0xC617,
    0xC617, 0xC5F7, 0xC5F7, 0xC5F7, 0xC5F7, 0xC5F8, 0xC618, 0xC618,
    0xC618, 0xCE18, 0xCE18, 0xCE17, 0xCDF7, 0xCE18, 0xCE18, 0xC618,
    0xCE18, 0xCE18, 0xCE18, 0xCE18, 0xCE18, 0xCE18, 0xCE18, 0xCE18,
    0xCE18, 0xCE18, 0xCE18, 0xCE18, 0xCE18, 0xCE18, 0xCE18, 0xCE18,
    0xCE18, 0xCE17, 0xCDF7, 0xCDF7, 0xC5B6, 0xC574, 0xC533, 0xBD11,
    0xBCAF, 0xBC8D, 0xBC6C, 0xC4AD, 0xC4EF, 0xCD31, 0xCD73, 0xCDB5,
    0xCDD6, 0xD617, 0xD638, 0xD638, 0xD638, 0xCE18, 0xCDF7, 0xCDD7,
    0xC5D7, 0xC5B6, 0xC596, 0xC5B6, 0xC5B6, 0xC5B7, 0xC5B7, 0xC5B7,
    0x6B08, 0x6B09, 0x734A, 0x7B6B, 0x83AC, 0x83CD, 0x8BEE, 0x8C0E,
    0x942F, 0x942F, 0x944F, 0x944F, 0x944F, 0x942F, 0x944F, 0x942F,
    0x8C0F, 0x8C0E, 0x83EE, 0x83CD, 0x7BAC, 0x7B8B, 0x736A, 0x6B49,
    0x6B08, 0x6B07, 0x6B08, 0x7328, 0x7B49, 0x836A, 0x838A, 0x838B,
    0x838B, 0xBCF0, 0xFF38, 0xF673, 0xED8F, 0xEDD0, 0xEE11, 0xEDF1,
    0xEDAF, 0xE54E, 0xED8F, 0xEDB0, 0xE52E, 0xE4EE, 0xE50F, 0xE48D,
    0xE48D, 0xDC2C, 0xDBEC, 0xDBEB, 0xD38A, 0xCB6A, 0xCB49, 0xC308,
    0xBAA7, 0xBAA7, 0xB266, 0xB245, 0xAA45, 0xAA45, 0xAA65, 0xBB08,
    0xDCCE, 0xF612, 0xF653, 0xF612, 0xF5D0, 0xF5F0, 0xF5CF, 0xF56C,
    0xF424, 0xDB41, 0xCAC1, 0xD2C1, 0xBA60, 0xBA40, 0xCAC0, 0xDB21,
    0xDB41, 0xE362, 0xDB41, 0xE3C4, 0xD5F5, 0xC639, 0xCE17, 0xCE18,
    0xCE18, 0xCE18, 0xCE18, 0xCE39, 0xD5B3, 0xF445, 0xFCE7, 0xFD49,
    0xFD8A, 0xFD8A, 0xF4E8, 0xF487, 0xF446, 0xEBE4, 0xFD8B, 0xFE6F,
    0xFD49, 0xE363, 0xDB23, 0xE3A5, 0xE3A5, 0xDB64, 0xDB44, 0xE3A4,
    0xE3A4, 0xE384, 0xD303, 0xCAC2, 0xD344, 0xF4A8, 0xFD89, 0xFD48,
    0xFCC7, 0xE3C4, 0xCAE3, 0xB221, 0xB221, 0xB241, 0xB241, 0x9A01,
    0x7980, 0x89E1, 0x9A01, 0xB241, 0xC2A2, 0xC2C3, 0xD324, 0xD384,
    0xCB64, 0xC303, 0xBAC2, 0xBAA3, 0xAA41, 0xAA42, 0xC2A2, 0xDB64,
    0xF406, 0xF446, 0xE426, 0xDBE4, 0xDB62, 0xDB62, 0xE3C3, 0xF445,
    0xF444, 0xFC85, 0xFCC6, 0xFCC6, 0xFD28, 0xFD48, 0xFD69, 0xFD89,
    0xFDAA, 0xFCE7, 0xF445, 0xEC25, 0xEC47, 0xCDF6, 0xC618, 0xC5F7,
    0xC5F7, 0xC5F7, 0xC5F7, 0xC5F7, 0xC5F7, 0xC5F7, 0xC617, 0xC617,
    0xC617, 0xC5F7, 0xC5F7, 0xC5F7, 0xC617, 0xC618, 0xCE18, 0xCE18,
    0xCE18, 0xCE18, 0xCE18, 0xCE18, 0xCE18, 0xCE18, 0xCE18, 0xCE18,
    0xC618, 0xC618, 0xCE18, 0xCE18, 0xCE18, 0xCE38, 0xD659, 0xD659,
    0xD638, 0xCE38, 0xCE18, 0xCE38, 0xCE18, 0xCE38, 0xCE18, 0xCE18,
    0xCE18, 0xC5F8, 0xC5F8, 0xC5F7, 0xCDD6, 0xC595, 0xC553, 0xC511,
    0xC4CF, 0xBC8D, 0xBC6C, 0xC4AD, 0xC4EF, 0xCD31, 0xCD94, 0xCDB5,
    0xD5F6, 0xD617, 0xD638, 0xD638, 0xD638, 0xCE18, 0xCDF7, 0xCDD7,
    0xC5D7, 0xC5B6, 0xC5B6, 0xC5B6, 0xC5B7, 0xC5B7, 0xC5B7, 0xC5B7,
    0x7B4A, 0x836B, 0x8BAD, 0x93EE, 0x9C2F, 0x9C70, 0xA491, 0xA4B1,
    0xACD1, 0xACD2, 0xACD2, 0xACF2, 0xACF2, 0xACF2, 0xACF2, 0xACD2,
    0xA4B1, 0xA491, 0x9C70, 0x9C4F, 0x942F, 0x8C0E, 0x8BCC, 0x83AB,
    0x7B6A, 0x7349, 0x7329, 0x7B49, 0x7B4A, 0x836A, 0x8B8B, 0x8B8B,
    0x8B8B, 0xA44D, 0xEE34, 0xFEB5, 0xEDCF, 0xEDCF, 0xF632, 0xEE11,
    0xEDF1, 0xEDAF, 0xF5F1, 0xED6F, 0xE4ED, 0xE4CD, 0xE4AD, 0xE4CE,
    0xE48D, 0xE44D, 0xE44D, 0xDBEC, 0xD38A, 0xD36A, 0xCB49, 0xCB29,
    0xC2C8, 0xBA86, 0xB266, 0xAA25, 0xB246, 0xB245, 0xAA45, 0xAA24,
    0xBB28, 0xDD4F, 0xEDD1, 0xEDD0, 0xF633, 0xFE73, 0xF610, 0xF5AE,
    0xEC86, 0xE382, 0xE3A2, 0xE382, 0xC280, 0xB220, 0xC2A0, 0xCAC0,
    0xDB01, 0xDB01, 0xE342, 0xEBC2, 0xF446, 0xDDF5, 0xC639, 0xCE18,
    0xCE38, 0xCE18, 0xCE18, 0xC639, 0xDD91, 0xFCE8, 0xFDAA, 0xFD29,
    0xF467, 0xE384, 0xE363, 0xE363, 0xE3A4, 0xF52A, 0xFE8E, 0xFD8A,
    0xEBC4, 0xDB23, 0xE384, 0xE3A5, 0xDB64, 0xE364, 0xE384, 0xE384,
    0xDB23, 0xCAC2, 0xD2E3, 0xE406, 0xFD8A, 0xFE0B, 0xFD89, 0xFCE7,
    0xF425, 0xDB23, 0xD302, 0xD2E2, 0xD2E2, 0xCAE2, 0xBAA2, 0xB261,
    0xAA21, 0xB282, 0xC2A2, 0xD303, 0xD303, 0xD2E3, 0xDB23, 0xEBE5,
    0xFCA7, 0xFD28, 0xE426, 0xC2C3, 0xB282, 0xB262, 0xC2A2, 0xC2A2,
    0xD2C2, 0xD2E2, 0xEBE5, 0xFCC7, 0xFCC7, 0xEC05, 0xEC04, 0xF465,
    0xF486, 0xFCE7, 0xFD28, 0xFCE7, 0xFD28, 0xFCE7, 0xFD08, 0xFD28,
    0xF445, 0xEC04, 0xF4A7, 0xF466, 0xECEB, 0xC618, 0xC5F7, 0xC5F7,
    0xC5F7, 0xC5F7, 0xC5F7, 0xC5F7, 0xC5F7, 0xC5F7, 0xC5F7, 0xC5F7,
    0xC5F7, 0xC5F7, 0xC617, 0xC618, 0xC618, 0xC618, 0xCE18, 0xCE18,
    0xCE18, 0xCE18, 0xCE18, 0xCE18, 0xCE18, 0xCE18, 0xC639, 0xCE39,
    0xCE17, 0xDE37, 0xE698, 0xEED8, 0xF6F8, 0xF6F7, 0xFE73, 0xFE0F,
    0xFDEE, 0xFDAE, 0xFDCE, 0xFE10, 0xF695, 0xF6D7, 0xF6B6, 0xEE97,
    0xE656, 0xDE56, 0xD616, 0xD637, 0xCDF6, 0xBD54, 0xBD32, 0xBD11,
    0xC4F0, 0xBCAE, 0xBC8D, 0xC4AE, 0xC4F0, 0xCD52, 0xCD94, 0xCDD5,
    0xD5F6, 0xD617, 0xD638, 0xD638, 0xD618, 0xCE18, 0xCDF7, 0xCDD7,
    0xC5D7, 0xC5B6, 0xC5B6, 0xC5B6, 0xC5B7, 0xC5B7, 0xC5B7, 0xBDB7,
    0x838C, 0x8BCD, 0x9C2E, 0x9C70, 0xA491, 0xACD2, 0xB513, 0xB533,
    0xB534, 0xBD54, 0xBD54, 0xBD54, 0xBD54, 0xBD54, 0xBD54, 0xBD54,
    0xB533, 0xB513, 0xACF2, 0xACD1, 0xA491, 0x9C70, 0x942E, 0x8BED,
    0x8BAC, 0x836A, 0x7B6A, 0x834A, 0x836A, 0x8B6B, 0x8B8B, 0x8B8B,
    0x8B8B, 0x836B, 0x9C0D, 0xF6D7, 0xFE95, 0xF674, 0xF673, 0xF612,
    0xEDD0, 0xEDD0, 0xED8F, 0xEDD1, 0xED70, 0xE4CD, 0xE4EE, 0xE4EF,
    0xE48D, 0xE48E, 0xE44D, 0xDC0C, 0xDC0C, 0xD38A, 0xD3AB, 0xCB29,
    0xC2C7, 0xBAA7, 0xB286, 0xB266, 0xB266, 0xAA25, 0xAA24, 0xAA25,
    0xAA25, 0xBB08, 0xE52F, 0xF632, 0xFE95, 0xFE73, 0xF5F0, 0xF58D,
    0xF509, 0xEC03, 0xEBC3, 0xDB42, 0xC2A0, 0xC280, 0xCAA0, 0xCAA0,
    0xD2E1, 0xD2E1, 0xDB41, 0xEBC3, 0xF403, 0xF487, 0xDDB3, 0xCE38,
    0xCE39, 0xCE18, 0xC639, 0xD5F6, 0xF4EB, 0xF487, 0xE3E5, 0xE3A4,
    0xE364, 0xE3A5, 0xEBE5, 0xE3A4, 0xF4E8, 0xFE4D, 0xFDEB, 0xF466,
    0xE364, 0xDB64, 0xE3C5, 0xDB64, 0xDB64, 0xE384, 0xE363, 0xDB43,
    0xCAA2, 0xC281, 0xD2E2, 0xF4E8, 0xFD47, 0xFD28, 0xFCE7, 0xF405,
    0xE363, 0xDB23, 0xE363, 0xE384, 0xE343, 0xDB43, 0xDB44, 0xCAE3,
    0xBA81, 0xCAE2, 0xDB43, 0xDB23, 0xD303, 0xCAE3, 0xD2E2, 0xE363,
    0xF3E4, 0xFD28, 0xFD28, 0xEC67, 0xDBC5, 0xD323, 0xD303, 0xD303,
    0xCAC2, 0xCAC2, 0xCAC2, 0xDB03, 0xF466, 0xFD69, 0xFCC7, 0xF465,
    0xFCC7, 0xFD07, 0xFD48, 0xFD07, 0xFCE7, 0xFCE7, 0xFD08, 0xFD8A,
    0xF4C7, 0xF466, 0xEC05, 0xEBA3, 0xE4ED, 0xC619, 0xC5F7, 0xC5F7,
    0xC5F7, 0xC5F7, 0xC5F7, 0xC5F7, 0xC5F7, 0xC5F7, 0xC5F7, 0xC5F7,
    0xC5F7, 0xC5F7, 0xC5F7, 0xC618, 0xC618, 0xCE18, 0xCE18, 0xCE18,
    0xCE38, 0xCE18, 0xCE38, 0xCE38, 0xCE39, 0xD5F6, 0xDD71, 0xED0D,
    0xF54B, 0xFEB2, 0xFF35, 0xFF35, 0xFF15, 0xFEB1, 0xFDCB, 0xFDCA,
    0xFE2E, 0xFE92, 0xFED4, 0xFF16, 0xFF79, 0xFF78, 0xFF58, 0xFF37,
    0xFF58, 0xFF59, 0xFF59, 0xFF9B, 0xF73A, 0xEED9, 0xE677, 0xDE15,
    0xD593, 0xC4CF, 0xC48D, 0xC4CE, 0xC4F0, 0xCD52, 0xCDB4, 0xD5D5,
    0xD5F6, 0xD617, 0xD638, 0xD638, 0xD618, 0xCE18, 0xCDF7, 0xCDF7,
    0xC5D7, 0xC5B7, 0xC5B6, 0xC5B7, 0xC5B7, 0xC5B7, 0xC5B7, 0xBDB7,
    0x93CD, 0x9C0E, 0xA450, 0xACB1, 0xB4F2, 0xB533, 0xBD54, 0xC574,
    0xC595, 0xC5B5, 0xC5B6, 0xC5B6, 0xC5B6, 0xC5B6, 0xC5B6, 0xC595,
    0xBD95, 0xBD75, 0xBD54, 0xB533, 0xACF2, 0xACB1, 0xA46F, 0x940E,
    0x8BCD, 0x8B8B, 0x836B, 0x836A, 0x8B6B, 0x8B8B, 0x8B8B, 0x8B8B,
    0x8B8B, 0x8B6B, 0x9C0D, 0xF6D7, 0xFEB5, 0xEDF0, 0xEDF1, 0xF632,
    0xF653, 0xF5F1, 0xEDD0, 0xF633, 0xED8F, 0xED2F, 0xED2F, 0xE4CD,
    0xE48E, 0xE48E, 0xE48E, 0xE44D, 0xE40C, 0xDBCB, 0xD36A, 0xD36A,
    0xCB49, 0xCB29, 0xC2E8, 0xBAA7, 0xB286, 0xAA25, 0xA204, 0xAA04,
    0xAA04, 0xBB29, 0xEDF2, 0xF674, 0xF653, 0xF632, 0xF5F0, 0xF58D,
    0xECC9, 0xEC24, 0xE382, 0xD301, 0xC280, 0xC280, 0xCAC0, 0xD2E1,
    0xCAC0, 0xD301, 0xE362, 0xEBE3, 0xF424, 0xF424, 0xF466, 0xECCA,
    0xD616, 0xCE5A, 0xDD92, 0xEC06, 0xDB43, 0xDB84, 0xE384, 0xE3A5,
    0xE3E5, 0xE3C5, 0xDB23, 0xEC26, 0xFE4D, 0xFDEB, 0xF486, 0xE384,
    0xDB44, 0xE384, 0xE3A4, 0xDB64, 0xD344, 0xDB43, 0xDB23, 0xD302,
    0xCAC2, 0xDB84, 0xF56A, 0xFDAA, 0xFD27, 0xF404, 0xF405, 0xEBA4,
    0xDB23, 0xD302, 0xE343, 0xDB22, 0xDB02, 0xDB43, 0xD303, 0xCAE3,
    0xCAC2, 0xD303, 0xE3A5, 0xE3C5, 0xDB64, 0xCAE3, 0xD302, 0xDB23,
    0xE383, 0xFC86, 0xFD68, 0xFDAA, 0xEBE5, 0xDB23, 0xD303, 0xDB23,
    0xD303, 0xDB23, 0xD324, 0xD303, 0xDB03, 0xFC66, 0xFDEB, 0xFCE8,
    0xF404, 0xF445, 0xFD48, 0xFD69, 0xFD48, 0xFDAA, 0xFD69, 0xFD69,
    0xFD69, 0xF4A6, 0xEC05, 0xEBE4, 0xDD71, 0xC619, 0xC5F7, 0xC5F7,
    0xC5F7, 0xC5F7, 0xC5F7, 0xC5F7, 0xC5F7, 0xC5F7, 0xC5F7, 0xC5F7,
    0xC5F7, 0xC5F8, 0xC618, 0xCE18, 0xC618, 0xCE18, 0xCE38, 0xCE18,
    0xC638, 0xCE38, 0xD5F6, 0xE5F4, 0xED0D, 0xEBE5, 0xF3A3, 0xFC23,
    0xFD68, 0xFEB1, 0xFEF3, 0xFEF3, 0xFED2, 0xFE4E, 0xFE2D, 0xFED3,
    0xFF58, 0xFF7A, 0xFF7A, 0xFF7A, 0xFF59, 0xFF7A, 0xFF9A, 0xFF9B,
    0xFFBC, 0xFFBB, 0xFFBC, 0xFFBC, 0xFFDD, 0xFFFD, 0xFFFD, 0xFFBC,
    0xFF7B, 0xEEB8, 0xE635, 0xD551, 0xCD31, 0xCD52, 0xCDB4, 0xD5D5,
    0xD5F7, 0xD638, 0xD638, 0xD638, 0xD618, 0xCE18, 0xCDF7, 0xCDF7,
    0xC5D7, 0xC5B7, 0xC5B7, 0xC5B7, 0xC5B7, 0xBDB7, 0xBDB7, 0xBDB7,
    0x9C0E, 0xA44F, 0xACB1, 0xB4F2, 0xBD33, 0xBD74, 0xC595, 0xC5B6,
    0xCDD6, 0xCDF7, 0xCDF7, 0xCDF7, 0xCDF7, 0xCDF7, 0xCDF7, 0xCDD6,
    0xC5D6, 0xC5B6, 0xC595, 0xBD74, 0xBD33, 0xB4D2, 0xAC90, 0x9C4F,
    0x93ED, 0x93AC, 0x8B8B, 0x8B6B, 0x8B8B, 0x938B, 0x938B, 0x8B8B,
    0x8B8B, 0x8B8B, 0x93AC, 0xD5B2, 0xFF18, 0xF611, 0xEDF0, 0xF673,
    0xF653, 0xF632, 0xF653, 0xF5F1, 0xEDB0, 0xED4F, 0xED2F, 0xED2F,
    0xECCE, 0xE46D, 0xEC8E, 0xE44D, 0xDBEB, 0xE40C, 0xDBCB, 0xDBAB,
    0xCB29, 0xCB29, 0xCB08, 0xBAA7, 0xBAA7, 0xB266, 0xAA25, 0xAA25,
    0xAA45, 0xB286, 0xBB28, 0xE52E, 0xF5F1, 0xF5F1, 0xF5F0, 0xF5CF,
    0xED2B, 0xECA8, 0xE3C3, 0xD301, 0xCAC0, 0xCAA0, 0xCAA0, 0xD2E1,
    0xD301, 0xDB41, 0xE362, 0xEBC3, 0xF404, 0xF424, 0xEC24, 0xEBC3,
    0xDC49, 0xE54F, 0xFCA7, 0xEBC4, 0xE3C5, 0xEBC5, 0xE3A4, 0xE384,
    0xDB43, 0xDB02, 0xE3A4, 0xFD4A, 0xFE6E, 0xFDAB, 0xF488, 0xEC68,
    0xE363, 0xDB23, 0xD323, 0xD323, 0xD303, 0xCAA2, 0xD2C2, 0xD323,
    0xEC87, 0xFE2D, 0xFE6E, 0xFDEA, 0xFD48, 0xF445, 0xEBE4, 0xEBC4,
    0xE343, 0xDB23, 0xD2C1, 0xDB22, 0xD2E2, 0xCAC2, 0xC2A1, 0xCAC2,
    0xD303, 0xDB43, 0xE364, 0xE3A4, 0xE3A4, 0xD323, 0xD302, 0xDB43,
    0xE363, 0xF3E3, 0xFD07, 0xFDEA, 0xF4C7, 0xDB23, 0xDB23, 0xD303,
    0xD323, 0xDB23, 0xDB23, 0xD323, 0xDB23, 0xEB63, 0xFCE7, 0xFE4D,
    0xFD49, 0xF466, 0xFCA6, 0xFD48, 0xFDCA, 0xFD69, 0xFD28, 0xFCE7,
    0xFD27, 0xFD08, 0xEC45, 0xF467, 0xD5B4, 0xC618, 0xC5F7, 0xC5F7,
    0xC5F7, 0xC5F7, 0xC5F7, 0xC5F7, 0xC5F7, 0xC5F7, 0xC5F7, 0xC5F7,
    0xC618, 0xC618, 0xC618, 0xCE18, 0xCE18, 0xCE18, 0xC618, 0xCE38,
    0xDE57, 0xED6F, 0xE406, 0xEC05, 0xEBC4, 0xF404, 0xFC45, 0xFC85,
    0xFDA9, 0xFEB1, 0xFE90, 0xFEB1, 0xFEB2, 0xFED4, 0xFF37, 0xFF58,
    0xFF38, 0xFF79, 0xFF59, 0xFEF6, 0xFF18, 0xFF38, 0xFF59, 0xFF7A,
    0xFF7A, 0xFFBB, 0xFF9B, 0xFF7A, 0xFF9B, 0xFF9B, 0xFF9B, 0xFF9B,
    0xFFDC, 0xFFDD, 0xFFDD, 0xFF7B, 0xF73B, 0xEEB8, 0xDE36, 0xD5F6,
    0xD617, 0xD638, 0xD638, 0xD638, 0xCE18, 0xCE18, 0xCDF7, 0xCDF7,
    0xC5D7, 0xC5B7, 0xC5B7, 0xC5B7, 0xC5B7, 0xBDB7, 0xBDB7, 0xBDB7,
    0xA42F, 0xAC70, 0xB4D1, 0xB513, 0xBD34, 0xC575, 0xC5B5, 0xCDB6,
    0xCDD6, 0xCDF7, 0xCE17, 0xCE17, 0xCE17, 0xCDF7, 0xCDF7, 0xCDF7,
    0xCDD6, 0xCDD6, 0xC5B6, 0xC595, 0xBD54, 0xB512, 0xACB1, 0xA44F,
    0x9C0E, 0x93CC, 0x8B8B, 0x8B6B, 0x938B, 0x938B, 0x93AB, 0x938B,
    0x938B, 0x938B, 0x8B6B, 0xA42D, 0xF739, 0xFEB4, 0xEDAE, 0xF653,
    0xF673, 0xF653, 0xF5F1, 0xF5F1, 0xEDB0, 0xED6F, 0xED90, 0xED4F,
    0xECEE, 0xECCF, 0xECAF, 0xE42C, 0xE42C, 0xE40C, 0xE3EC, 0xDB8A,
    0xCB08, 0xCB08, 0xCB08, 0xC2A7, 0xC2A7, 0xBA66, 0xB266, 0xB266,
    0xB286, 0xAA46, 0xAA25, 0xCBEB, 0xEDD1, 0xF611, 0xF611, 0xF5F0,
    0xED6D, 0xECE9, 0xEC45, 0xDB61, 0xD301, 0xD2E1, 0xCAC0, 0xD2E1,
    0xDB41, 0xEBA2, 0xE3A2, 0xEBC3, 0xEC03, 0xF404, 0xEBC3, 0xE3A3,
    0xF466, 0xFCE7, 0xFCC7, 0xFCA7, 0xEBE5, 0xEBA3, 0xEBC4, 0xF467,
    0xF50B, 0xF56C, 0xFE92, 0xFEF4, 0xFED3, 0xFEF4, 0xFEF4, 0xFED3,
    0xFE0F, 0xF5CE, 0xECC9, 0xCAA1, 0xCAE2, 0xDB23, 0xEC26, 0xFDAC,
    0xFE6E, 0xFE6E, 0xFDEB, 0xFD27, 0xFC65, 0xF3E4, 0xE363, 0xEB83,
    0xE363, 0xDAE2, 0xDB02, 0xDB02, 0xCAC2, 0xCAC2, 0xCAC2, 0xCAC2,
    0xCAC2, 0xDB23, 0xE343, 0xE343, 0xE343, 0xE363, 0xDB43, 0xE384,
    0xE343, 0xEBC3, 0xFCC6, 0xFD88, 0xFE0C, 0xFDCC, 0xEC67, 0xDB64,
    0xDB84, 0xE3A4, 0xE3A5, 0xE3C5, 0xDB64, 0xDB64, 0xE384, 0xF486,
    0xFE0C, 0xFE2D, 0xFDEC, 0xFDCB, 0xFE0C, 0xFDCB, 0xFDAA, 0xFD49,
    0xFD8A, 0xFD48, 0xF445, 0xEC88, 0xCDF6, 0xC618, 0xC5F7, 0xC5F7,
    0xC5F7, 0xC5F7, 0xC5F7, 0xC5F7, 0xC5F7, 0xC617, 0xC618, 0xC618,
    0xC618, 0xC618, 0xCE18, 0xCE18, 0xCE18, 0xC618, 0xD637, 0xF632,
    0xFD8B, 0xF404, 0xE383, 0xEBA4, 0xEBE4, 0xEBC3, 0xEBC3, 0xFC44,
    0xFE0C, 0xFE6F, 0xFE6F, 0xFED3, 0xFF16, 0xFF38, 0xFF38, 0xFF37,
    0xFF37, 0xFEF7, 0xFEB5, 0xFEB5, 0xFED6, 0xFEF7, 0xFF59, 0xFF59,
    0xFF59, 0xFF59, 0xFF39, 0xFF39, 0xFF39, 0xFF59, 0xFF7A, 0xFF9B,
    0xFFBC, 0xFFBC, 0xFFDD, 0xFFFE, 0xFFFE, 0xFFFE, 0xFFDD, 0xF71A,
    0xDE37, 0xD638, 0xD638, 0xD638, 0xCE18, 0xCE18, 0xCDF7, 0xC5F7,
    0xC5D7, 0xC5B7, 0xBDB7, 0xC5B7, 0xC5B7, 0xBDB7, 0xBDB7, 0xBDB7,
    0xA42F, 0xAC70, 0xB4D1, 0xB513, 0xBD54, 0xC575, 0xC5B5, 0xCDD6,
    0xCDF7, 0xCDF7, 0xCE17, 0xD617, 0xCE17, 0xCDF7, 0xCDF7, 0xCDD6,
    0xCDD6, 0xC5D6, 0xC5B6, 0xC595, 0xBD53, 0xB4F2, 0xACB1, 0xA44F,
    0x9BEE, 0x93AC, 0x8B8B, 0x8B6B, 0x936B, 0x938B, 0x938B, 0x938B,
    0x938B, 0x93AB, 0x93AB, 0x9BEC, 0xEEB7, 0xFF17, 0xEDCF, 0xF632,
    0xF673, 0xF611, 0xEDD0, 0xF5F1, 0xEDAF, 0xED6E, 0xED8F, 0xED90,
    0xED2F, 0xE46D, 0xECF0, 0xEC8E, 0xEC6E, 0xE44D, 0xE3EB, 0xDB8B,
    0xD36A, 0xCB09, 0xCB09, 0xC2C7, 0xBA66, 0xBA86, 0xB266, 0xB266,
    0xB246, 0xAA25, 0xA225, 0xB2C7, 0xE52F, 0xEDD0, 0xEDAF, 0xF5F0,
    0xF5AE, 0xED4C, 0xECA8, 0xE3A2, 0xDB41, 0xD301, 0xCAC0, 0xBA60,
    0xCAE1, 0xEBA2, 0xEC04, 0xEBE3, 0xE382, 0xE3A3, 0xE3A3, 0xF446,
    0xF467, 0xEBE4, 0xFD6A, 0xFD4A, 0xF405, 0xF4C9, 0xFE30, 0xFEF4,
    0xFF35, 0xFF35, 0xFF35, 0xFF14, 0xFF14, 0xFEF4, 0xFEF4, 0xFF14,
    0xFF14, 0xFF56, 0xFE50, 0xECC9, 0xF50A, 0xFDEE, 0xFE8F, 0xFE4D,
    0xFDAA, 0xFD28, 0xFCC6, 0xFC66, 0xF3E4, 0xE383, 0xEBA4, 0xEBA4,
    0xEB84, 0xDB43, 0xE363, 0xD303, 0xCAA2, 0xCAC2, 0xCAE2, 0xBA81,
    0xC2A2, 0xDB23, 0xE363, 0xE363, 0xDB63, 0xEBA4, 0xE3A4, 0xE3A4,
    0xEBC4, 0xF425, 0xFCA6, 0xFD07, 0xFD69, 0xFE4D, 0xFE0C, 0xF4C8,
    0xE3C5, 0xDB64, 0xD324, 0xE384, 0xEBE5, 0xDB84, 0xDB44, 0xE3A5,
    0xFCA7, 0xFDEC, 0xFE4E, 0xFE2E, 0xFE0D, 0xFDAB, 0xFD69, 0xFD8A,
    0xFD69, 0xFD07, 0xF465, 0xEC89, 0xCE18, 0xC617, 0xC5F7, 0xC5F7,
    0xC5F7, 0xC617, 0xC618, 0xC618, 0xC618, 0xC618, 0xC617, 0xC618,
    0xC618, 0xCE17, 0xC618, 0xC618, 0xD637, 0xEE53, 0xFE2E, 0xFD89,
    0xFD07, 0xFCA6, 0xEBE4, 0xE363, 0xE342, 0xE383, 0xF3E4, 0xFCA6,
    0xFE0C, 0xFE4F, 0xFED4, 0xFEF6, 0xFEB5, 0xFE94, 0xFE94, 0xFE94,
    0xFE53, 0xFE94, 0xFF18, 0xFEF7, 0xFE74, 0xFE53, 0xF611, 0xF632,
    0xFEB6, 0xFEB5, 0xFED6, 0xFEF7, 0xFF17, 0xFF79, 0xFF58, 0xFF37,
    0xFF58, 0xFF7A, 0xFF9B, 0xFF9B, 0xFF9B, 0xFF9C, 0xFFDD, 0xFFFE,
    0xF75B, 0xDE58, 0xD638, 0xD638, 0xCE18, 0xCE18, 0xCDF7, 0xC5D7,
    0xC5D7, 0xC5B7, 0xBDB7, 0xC5B7, 0xC5B7, 0xBDB7, 0xBDB7, 0xBDB7,
    0x9C2E, 0xA470, 0xB4B1, 0xB512, 0xBD54, 0xC575, 0xC5B5, 0xCDD6,
    0xCDF7, 0xCE17, 0xD618, 0xD618, 0xD618, 0xCE17, 0xCDF7, 0xCDD6,
    0xCDD6, 0xC5B6, 0xC5B6, 0xC595, 0xBD33, 0xB4F2, 0xACB0, 0xA44F,
    0x9BED, 0x8BAC, 0x8B6B, 0x8B4B, 0x8B6B, 0x936B, 0x938B, 0x938B,
    0x938B, 0x93AB, 0x93AC, 0x93AB, 0xCD51, 0xFF79, 0xFE73, 0xEDF1,
    0xF653, 0xF5F1, 0xF612, 0xF612, 0xF5F1, 0xED4D, 0xED8F, 0xEDB0,
    0xF591, 0xECEE, 0xED51, 0xECAF, 0xE44D, 0xE40C, 0xE3EC, 0xDBCB,
    0xDB8B, 0xD36A, 0xD349, 0xCB09, 0xC2E8, 0xC2A7, 0xB245, 0xB245,
    0xB246, 0xAA25, 0xA205, 0xA225, 0xC3AA, 0xEDB0, 0xF5F1, 0xF5F0,
    0xEDAE, 0xED4C, 0xECE9, 0xE3C3, 0xDB20, 0xCAE0, 0xCAE0, 0xCAE0,
    0xCAC0, 0xDB82, 0xF424, 0xDB21, 0xCAE1, 0xDB83, 0xEC05, 0xEBE5,
    0xEBA4, 0xF487, 0xFE6F, 0xFE2E, 0xFE71, 0xFED3, 0xFF14, 0xFF14,
    0xFEF4, 0xFED3, 0xFED3, 0xFEF3, 0xFEF3, 0xFEF3, 0xFEF3, 0xFEF4,
    0xFEF3, 0xFEF4, 0xFF14, 0xFF13, 0xFEF3, 0xFEB0, 0xFDCA, 0xFD06,
    0xFCC6, 0xFC65, 0xF404, 0xF3E4, 0xEBA4, 0xE343, 0xE383, 0xEBA4,
    0xEBA4, 0xEB84, 0xEBC4, 0xE384, 0xDB23, 0xC2A2, 0xD323, 0xD303,
    0xCAE2, 0xE3E5, 0xEC05, 0xE363, 0xE384, 0xE384, 0xEBE5, 0xE383,
    0xEBA4, 0xEBE5, 0xF3E4, 0xF424, 0xFCA5, 0xFD68, 0xFE0C, 0xFD8A,
    0xF446, 0xE3A5, 0xD324, 0xDB23, 0xDB23, 0xDB64, 0xCB03, 0xDB64,
    0xEBA4, 0xFD8B, 0xFEB0, 0xFD6B, 0xEBE5, 0xEBE5, 0xEC26, 0xFD08,
    0xFDAA, 0xFCA6, 0xF465, 0xEC88, 0xCE17, 0xC617, 0xC617, 0xC617,
    0xC617, 0xC618, 0xC618, 0xC618, 0xC618, 0xC618, 0xC617, 0xC617,
    0xC618, 0xC618, 0xCE17, 0xE613, 0xFE0E, 0xFDEA, 0xFDA9, 0xFD68,
    0xFD68, 0xFD07, 0xF445, 0xEBE4, 0xF445, 0xF445, 0xF404, 0xFD08,
    0xFE91, 0xFEB4, 0xFE94, 0xFE53, 0xF633, 0xF612, 0xF653, 0xF633,
    0xFE53, 0xFE53, 0xFE74, 0xFE95, 0xF653, 0xFE74, 0xF653, 0xF632,
    0xFE74, 0xFE94, 0xFEB5, 0xFED6, 0xFEF6, 0xFEF7, 0xFEF6, 0xFEB5,
    0xFEF6, 0xFF38, 0xFF59, 0xFF7A, 0xFF5A, 0xFF7A, 0xFF7A, 0xFFBC,
    0xFFDE, 0xE6B9, 0xD638, 0xD618, 0xCE18, 0xCE18, 0xCDF7, 0xC5D7,
    0xC5D7, 0xC5B7, 0xC5B7, 0xBDB7, 0xBDB7, 0xBDB7, 0xBDB7, 0xBDB7,
    0x9C0E, 0xA44F, 0xACB1, 0xB4F2, 0xBD54, 0xC574, 0xC5B5, 0xCDF6,
    0xCE17, 0xD617, 0xD618, 0xD638, 0xD638, 0xCE17, 0xCDF7, 0xCDD6,
    0xCDD6, 0xC5B6, 0xC5B5, 0xC574, 0xBD33, 0xB4F2, 0xAC90, 0xA44F,
    0x93ED, 0x8B8B, 0x8B4A, 0x8B4A, 0x8B6B, 0x8B6B, 0x936B, 0x938B,
    0x938B, 0x938B, 0x93AB, 0x938B, 0x9BCC, 0xE635, 0xFEF6, 0xEDAF,
    0xEE12, 0xF674, 0xF653, 0xF612, 0xEDF1, 0xEDD1, 0xF611, 0xED8F,
    0xED4F, 0xED50, 0xECCF, 0xEC6D, 0xEC6D, 0xEC4D, 0xE42C, 0xDBAB,
    0xDB6A, 0xD36A, 0xDB8A, 0xDB8B, 0xD329, 0xCAE8, 0xBA87, 0xAA25,
    0xB246, 0xAA25, 0xAA25, 0xAA25, 0xC38A, 0xEDB1, 0xEDF1, 0xEDAF,
    0xF5CF, 0xED6D, 0xECC8, 0xE425, 0xE3C2, 0xE3C2, 0xE3C2, 0xE3A2,
    0xE3A2, 0xEBE3, 0xEBE4, 0xDB62, 0xE3A3, 0xF446, 0xF425, 0xF466,
    0xFC86, 0xFDED, 0xFE91, 0xFEF4, 0xFF15, 0xFED3, 0xFEF4, 0xFF14,
    0xFEF3, 0xFEF2, 0xFF14, 0xFF14, 0xFF13, 0xFEF3, 0xFED2, 0xFEF3,
    0xFED3, 0xFEB2, 0xFED2, 0xFED2, 0xFE6F, 0xFDA9, 0xFCA5, 0xF424,
    0xFC45, 0xF425, 0xF425, 0xF445, 0xEBE5, 0xE363, 0xEBA4, 0xE383,
    0xE343, 0xDB23, 0xDB22, 0xE384, 0xE364, 0xD323, 0xDB43, 0xD323,
    0xDB02, 0xF3E4, 0xE363, 0xDB22, 0xDB22, 0xE363, 0xEBE5, 0xE343,
    0xDB22, 0xDB43, 0xE342, 0xF405, 0xFC65, 0xFCE6, 0xFDA9, 0xFE2D,
    0xFD29, 0xE3A4, 0xDB64, 0xDB85, 0xDB44, 0xD323, 0xD303, 0xD344,
    0xD323, 0xEC05, 0xFE2D, 0xFDAB, 0xE364, 0xDB44, 0xE3A5, 0xE3A4,
    0xF426, 0xFCA7, 0xFC85, 0xF4A9, 0xCE17, 0xC618, 0xC617, 0xC618,
    0xC618, 0xC618, 0xC618, 0xC618, 0xC618, 0xC618, 0xC618, 0xC639,
    0xCE38, 0xE5D2, 0xFD6B, 0xFD68, 0xFD47, 0xFD48, 0xFD47, 0xFD48,
    0xFD06, 0xFD06, 0xFD07, 0xFD07, 0xFD27, 0xFCA6, 0xFD29, 0xFE0F,
    0xFE51, 0xF5F1, 0xF612, 0xF654, 0xFE95, 0xFE74, 0xFE74, 0xFEB6,
    0xF674, 0xFE75, 0xEDB0, 0xF5D1, 0xF612, 0xF653, 0xFE73, 0xF653,
    0xF653, 0xF611, 0xFE53, 0xFE32, 0xFE73, 0xFE74, 0xFEF6, 0xFF38,
    0xFF18, 0xFF17, 0xFF38, 0xFF38, 0xFF18, 0xFF39, 0xFF38, 0xFF7A,
    0xFFDD, 0xFF9D, 0xDE78, 0xCE18, 0xCE18, 0xCDF7, 0xCDF7, 0xC5D7,
    0xC5D7, 0xC5B7, 0xBDB7, 0xBDB7, 0xBDB7, 0xBDB7, 0xBDB7, 0xBDB7,
    0x9C0E, 0xA44F, 0xAC90, 0xB4F2, 0xBD34, 0xC574, 0xC5B5, 0xCDD6,
    0xCDF7, 0xCE18, 0xD638, 0xD638, 0xD638, 0xCE17, 0xCDF7, 0xCDD7,
    0xCDD6, 0xC5B6, 0xC5B5, 0xC574, 0xBD33, 0xB4F2, 0xAC90, 0xA42F,
    0x9BCD, 0x8B6B, 0x834A, 0x8B4A, 0x8B4B, 0x8B6B, 0x8B6B, 0x938B,
    0x938B, 0x938B, 0x938B, 0x93AC, 0x938B, 0xBCF1, 0xFF59, 0xF632,
    0xEE12, 0xF673, 0xF695, 0xF674, 0xF632, 0xF5F1, 0xEDD0, 0xED6F,
    0xED0E, 0xED0F, 0xEC8E, 0xEC6E, 0xECAF, 0xEC6E, 0xEC4D, 0xE44D,
    0xE3EC, 0xDBAB, 0xE3AB, 0xDBAB, 0xD329, 0xCB09, 0xC2C8, 0xB266,
    0xB266, 0xB246, 0xB246, 0xB246, 0xC328, 0xD40B, 0xE54F, 0xF5D0,
    0xF5AF, 0xED4C, 0xE4C9, 0xED0A, 0xF4E8, 0xEC65, 0xEC03, 0xEC24,
    0xE3A2, 0xE3C3, 0xE3C3, 0xE3C4, 0xF4A7, 0xF486, 0xFCE8, 0xFCC6,
    0xFD8B, 0xFEF3, 0xFEF3, 0xFF15, 0xFEF3, 0xFEF4, 0xFF35, 0xFEF3,
    0xF671, 0xEDAE, 0xE58D, 0xEDCE, 0xEDAD, 0xFE50, 0xFED1, 0xFEB1,
    0xFED2, 0xFEB2, 0xFEB2, 0xFEB2, 0xFE8F, 0xFD48, 0xFC45, 0xF425,
    0xFC66, 0xF3E4, 0xF405, 0xF466, 0xF446, 0xF3E5, 0xF3E5, 0xE384,
    0xDB23, 0xD2E2, 0xCAC2, 0xD302, 0xD302, 0xDB43, 0xCAC2, 0xBA41,
    0xD2C1, 0xE322, 0xDB22, 0xDB02, 0xEBA3, 0xEBE4, 0xE363, 0xD302,
    0xDB43, 0xDB42, 0xE383, 0xF405, 0xFC66, 0xFCA6, 0xFD07, 0xFDAA,
    0xFE2D, 0xF4C8, 0xDB64, 0xDB85, 0xE3E6, 0xD303, 0xC261, 0xCAC2,
    0xDB44, 0xEB84, 0xFD49, 0xFE8F, 0xEC47, 0xDB64, 0xE384, 0xE3C5,
    0xE3A4, 0xEBC5, 0xFCC8, 0xF4EA, 0xCDF6, 0xC618, 0xC618, 0xCE18,
    0xC618, 0xC618, 0xC618, 0xC618, 0xC617, 0xC618, 0xCE18, 0xDD91,
    0xF54C, 0xFCE7, 0xFCE6, 0xFCE6, 0xFCA5, 0xFC84, 0xFCA5, 0xFD06,
    0xFD27, 0xFD68, 0xFD48, 0xFD27, 0xFDAB, 0xFE31, 0xFE93, 0xFE73,
    0xFE94, 0xFE95, 0xFE95, 0xFED6, 0xFED6, 0xFEB6, 0xFE95, 0xF675,
    0xF653, 0xEDF1, 0xF5F1, 0xEDB0, 0xF632, 0xF5D0, 0xF632, 0xEDCF,
    0xEDCF, 0xF5CF, 0xF5D0, 0xF611, 0xF611, 0xF612, 0xF5F0, 0xF611,
    0xF653, 0xFEB5, 0xFEF7, 0xFF17, 0xFEF7, 0xFED6, 0xFF18, 0xFF7A,
    0xFF9B, 0xFFDD, 0xEEDA, 0xD618, 0xCE18, 0xCDF7, 0xCDF7, 0xC5D7,
    0xC5D7, 0xC5B7, 0xBDB7, 0xBDB7, 0xBDB7, 0xBDB7, 0xBDB7, 0xBDB7,
    0x9BED, 0xA42F, 0xAC90, 0xB4F2, 0xBD33, 0xC574, 0xC595, 0xCDD6,
    0xCDF7, 0xD618, 0xD638, 0xD638, 0xD638, 0xD618, 0xCDF7, 0xCDF7,
    0xCDD6, 0xC5B6, 0xC5B5, 0xC574, 0xBD13, 0xB4D1, 0xAC90, 0x9C2E,
    0x93CD, 0x8B6B, 0x832A, 0x8B4A, 0x8B4B, 0x8B6B, 0x8B6B, 0x938B,
    0x938B, 0x938B, 0x938B, 0x93AC, 0x93AC, 0xAC4E, 0xF6B6, 0xFED6,
    0xF674, 0xF694, 0xF674, 0xF674, 0xF632, 0xF611, 0xEDF1, 0xEDB1,
    0xED70, 0xED90, 0xED2F, 0xECAE, 0xECAE, 0xEC8E, 0xECAF, 0xEC4D,
    0xE42D, 0xEC2D, 0xE3CC, 0xDBAB, 0xD36A, 0xCB09, 0xC2C8, 0xC2A7,
    0xB266, 0xAA25, 0xAA25, 0xAA46, 0xB266, 0xB2A7, 0xDC8C, 0xEDAF,
    0xEDAF, 0xED8D, 0xF5CE, 0xF5AD, 0xF58C, 0xF509, 0xEC44, 0xEC03,
    0xDB82, 0xDBA3, 0xDBC4, 0xF486, 0xFCC7, 0xFD08, 0xFD49, 0xFD6B,
    0xFED3, 0xFEF4, 0xFED3, 0xFF13, 0xFF13, 0xF610, 0xCC8B, 0x9AE6,
    0x9265, 0x8204, 0x8204, 0x8A24, 0x81E3, 0x8A24, 0xBBA7, 0xFDED,
    0xFEB1, 0xFEB1, 0xFED2, 0xFED2, 0xFED2, 0xFDAA, 0xFC45, 0xF445,
    0xF425, 0xF445, 0xFC86, 0xFC66, 0xE383, 0xE363, 0xE363, 0xE343,
    0xD303, 0xCAC2, 0xC2A1, 0xCAE2, 0xCAE2, 0xD2E2, 0xC281, 0xB220,
    0xBA41, 0xD302, 0xE3A3, 0xEBA4, 0xEBA3, 0xE363, 0xD2C1, 0xDB02,
    0xEBE5, 0xEBE4, 0xF404, 0xF445, 0xFCA7, 0xFCC7, 0xFCE7, 0xFD27,
    0xFD8A, 0xFDCC, 0xF52A, 0xE427, 0xDBA5, 0xEC89, 0xE489, 0xED0B,
    0xF5AE, 0xF50B, 0xFD8B, 0xFE6E, 0xF56B, 0xDB44, 0xDB64, 0xDB84,
    0xE3C5, 0xEBC5, 0xF425, 0xFD2B, 0xCDF7, 0xC5F8, 0xCE17, 0xC618,
    0xC618, 0xCE18, 0xC618, 0xC617, 0xC639, 0xD617, 0xE4CC, 0xFC65,
    0xFCC6, 0xFCA6, 0xFC65, 0xF423, 0xF403, 0xF3E2, 0xFC64, 0xFCE5,
    0xFD26, 0xFD27, 0xFD47, 0xFDED, 0xFE93, 0xFE94, 0xFE94, 0xFEB5,
    0xFEF6, 0xFE95, 0xF654, 0xF674, 0xF653, 0xF612, 0xEDF1, 0xEDB0,
    0xEDD0, 0xE54E, 0xED6F, 0xEDD0, 0xF5F1, 0xEDD0, 0xEDB0, 0xEDD0,
    0xED6E, 0xEDAF, 0xED4D, 0xEDAF, 0xEDAF, 0xEDAF, 0xEDAF, 0xF611,
    0xEDD0, 0xEDCF, 0xF674, 0xF674, 0xFE74, 0xFED6, 0xFF18, 0xFEF7,
    0xFF39, 0xFFBC, 0xE6B9, 0xCE18, 0xCE18, 0xCDF8, 0xCDF7, 0xC5D7,
    0xC5D7, 0xC5B7, 0xBDB7, 0xBDB7, 0xBDB7, 0xBDB7, 0xBDB7, 0xBDB7,
    0x93CD, 0x9C0E, 0xAC90, 0xB4F2, 0xBD33, 0xC574, 0xC595, 0xCDD6,
    0xCDF7, 0xD618, 0xD638, 0xD638, 0xD638, 0xD618, 0xCE17, 0xCDF7,
    0xCDD6, 0xCDD6, 0xC5B5, 0xC574, 0xBD13, 0xB4D1, 0xAC90, 0x9C0E,
    0x93CC, 0x8B6B, 0x832A, 0x834A, 0x8B4A, 0x8B6B, 0x8B6B, 0x8B6B,
    0x938B, 0x938B, 0x938B, 0x93AC, 0x9BAC, 0x9BAC, 0xC510, 0xFF38,
    0xFE94, 0xF673, 0xF674, 0xF653, 0xF632, 0xF5F1, 0xF633, 0xF5F1,
    0xF5D1, 0xF5D1, 0xED4F, 0xECEE, 0xEC4D, 0xECAE, 0xECAE, 0xEC8E,
    0xF4CF, 0xEC8E, 0xE40C, 0xE3CC, 0xDBAB, 0xDB8A, 0xCB09, 0xCAE8,
    0xC2A7, 0xAA25, 0xA1E4, 0x99C4, 0xA205, 0x99E4, 0xAAA6, 0xD48C,
    0xEDAF, 0xF5AF, 0xED6C, 0xF58D, 0xF5AD, 0xF56B, 0xECA6, 0xE3E3,
    0xE3E4, 0xD362, 0xE404, 0xFCC6, 0xFC86, 0xFCC7, 0xFDCD, 0xFF15,
    0xFF15, 0xFED3, 0xFF13, 0xEE10, 0xB3A8, 0x8A24, 0x6983, 0x6163,
    0x6983, 0x69A3, 0x5942, 0x71C3, 0x71A3, 0x5101, 0x50E1, 0xA2E5,
    0xFE6F, 0xFEB1, 0xFED2, 0xFED2, 0xFEB0, 0xFDEB, 0xFD07, 0xFCE7,
    0xFC65, 0xFCC7, 0xFC86, 0xF425, 0xEBC4, 0xE343, 0xCAA1, 0xCAC2,
    0xCAA1, 0xC281, 0xC281, 0xD302, 0xCAC1, 0xCAA1, 0xBA61, 0xC281,
    0xD302, 0xDB22, 0xDB43, 0xE342, 0xE342, 0xD302, 0xC261, 0xC281,
    0xD302, 0xE362, 0xE383, 0xEBA4, 0xF445, 0xF404, 0xF445, 0xFCE7,
    0xFCC6, 0xFD48, 0xFE70, 0xFEB2, 0xFED3, 0xFF35, 0xFF56, 0xFF36,
    0xFF57, 0xFF57, 0xFEF5, 0xFEB2, 0xFE91, 0xF52C, 0xE426, 0xEBC5,
    0xE3C5, 0xEBE5, 0xF446, 0xFCA6, 0xED2D, 0xC618, 0xC618, 0xCE18,
    0xCE18, 0xCE17, 0xC618, 0xCE39, 0xDD92, 0xE427, 0xF3E4, 0xFC86,
    0xF486, 0xEBC3, 0xEBA2, 0xE382, 0xF3E3, 0xF423, 0xFC64, 0xFC64,
    0xFC64, 0xFCA4, 0xFD28, 0xFE0F, 0xFE52, 0xFE94, 0xFEB5, 0xFEB5,
    0xFED6, 0xFEB5, 0xEDD1, 0xEDD1, 0xEDD1, 0xE56F, 0xE52E, 0xE52D,
    0xDCEC, 0xE50D, 0xE4EC, 0xED4E, 0xED4E, 0xE54E, 0xE52D, 0xE52D,
    0xE52D, 0xED4E, 0xED8F, 0xE52D, 0xED8F, 0xED6E, 0xED6E, 0xF5D0,
    0xF5F0, 0xE54D, 0xEDAF, 0xF5F0, 0xFE94, 0xFEF6, 0xFF38, 0xFF18,
    0xFF18, 0xFF9C, 0xE6B9, 0xCE18, 0xCE18, 0xCDF8, 0xCDF7, 0xC5D7,
    0xC5D7, 0xC5B7, 0xBDB7, 0xBDB7, 0xBDB7, 0xBDB7, 0xBDB7, 0xBDB7,
    0x93AC, 0x9C0E, 0xA470, 0xB4D2, 0xBD13, 0xC574, 0xC595, 0xCDD6,
    0xCE17, 0xD638, 0xD638, 0xD638, 0xD638, 0xD638, 0xD617, 0xCDF7,
    0xCDF6, 0xCDD6, 0xCDB5, 0xC574, 0xBD13, 0xB4D1, 0xAC6F, 0x9C0E,
    0x93AC, 0x8B4A, 0x832A, 0x8B4A, 0x8B4A, 0x8B4B, 0x8B6B, 0x8B6B,
    0x938B, 0x938B, 0x93AB, 0x9BAC, 0x9BCC, 0x9BCC, 0xA40D, 0xE655,
    0xFF17, 0xF611, 0xF632, 0xF653, 0xF632, 0xF632, 0xF653, 0xF5F1,
    0xF5F1, 0xF5D1, 0xF5B1, 0xF570, 0xECCE, 0xECCF, 0xF4CF, 0xF510,
    0xF4F0, 0xEC8E, 0xEC6E, 0xEC0C, 0xE3CB, 0xE3AB, 0xDB4A, 0xD329,
    0xCAE8, 0xBA66, 0xAA25, 0xA1E5, 0xAA05, 0x99C4, 0x9163, 0xAA45,
    0xE52E, 0xF5F0, 0xF5AE, 0xF5CF, 0xF5AE, 0xF56C, 0xED0A, 0xECA7,
    0xE3E4, 0xDBE4, 0xFCC7, 0xF404, 0xF3E4, 0xF486, 0xFF14, 0xFF36,
    0xFF14, 0xFED2, 0xC44A, 0x8204, 0x6983, 0x71C4, 0x6183, 0x5942,
    0x6162, 0x71A3, 0x6982, 0x6162, 0x6962, 0x40E1, 0x40E1, 0x6161,
    0xED6C, 0xFED1, 0xFE91, 0xFE90, 0xFE8F, 0xFDAA, 0xFCC6, 0xFCC6,
    0xFCC6, 0xFC44, 0xFC86, 0xF466, 0xF404, 0xD2E2, 0xD2E2, 0xCAC2,
    0xCAE2, 0xD302, 0xE3A4, 0xE383, 0xDB22, 0xCAA1, 0xCAC2, 0xC2A1,
    0xDB02, 0xD302, 0xCAA1, 0xEB83, 0xDB02, 0xB220, 0xC261, 0xBA40,
    0xD302, 0xE363, 0xE363, 0xEBA4, 0xEBE5, 0xE363, 0xF3E4, 0xF445,
    0xFC65, 0xFCE7, 0xFDED, 0xFED2, 0xFF14, 0xFF15, 0xFF36, 0xFF35,
    0xFF16, 0xFF36, 0xFF16, 0xFF15, 0xFF36, 0xFF36, 0xFEB3, 0xFDEF,
    0xF487, 0xF405, 0xF487, 0xFD28, 0xFCE7, 0xED2E, 0xCE39, 0xCE18,
    0xC639, 0xCE39, 0xD616, 0xE4EC, 0xEBA3, 0xEBA3, 0xF445, 0xF425,
    0xEBE3, 0xEB82, 0xE362, 0xEBC3, 0xF403, 0xF3E3, 0xEBA2, 0xEB81,
    0xF3C1, 0xFCA5, 0xFDEE, 0xFE30, 0xFE52, 0xFEB5, 0xFEB5, 0xFEB5,
    0xFE95, 0xF674, 0xF674, 0xE56F, 0xE56F, 0xE56F, 0xDC8B, 0xD40A,
    0xD42A, 0xCC0A, 0xCC0A, 0xDC6B, 0xD46B, 0xD44A, 0xD44A, 0xD44A,
    0xDCAC, 0xD48A, 0xD46A, 0xDCAB, 0xDCCB, 0xDCAB, 0xD48A, 0xE50C,
    0xE52D, 0xE52D, 0xE50C, 0xED8F, 0xFE74, 0xFE74, 0xFEB5, 0xFF18,
    0xFF18, 0xFF9B, 0xE6DA, 0xCE18, 0xCE18, 0xCE18, 0xCDF8, 0xC5D7,
    0xC5D7, 0xC5B7, 0xBDB7, 0xBDB7, 0xBDB7, 0xBDB7, 0xBDB7, 0xBDB7,
    0x8B8C, 0x9BEE, 0xA470, 0xB4B1, 0xBD13, 0xC574, 0xC5B5, 0xCDF6,
    0xD617, 0xD638, 0xD638, 0xD638, 0xD638, 0xD638, 0xD617, 0xCDF7,
    0xCDF7, 0xCDD6, 0xC5B5, 0xC574, 0xBD13, 0xB4D1, 0xA46F, 0x9C0E,
    0x93AC, 0x8B4A, 0x8B2A, 0x8B4A, 0x8B4A, 0x8B4B, 0x8B6B, 0x8B6B,
    0x938B, 0x93AB, 0x93AC, 0x9BCC, 0x9BCC, 0x9BEC, 0x9BCC, 0xBCD0,
    0xFF59, 0xFEB5, 0xF632, 0xFE95, 0xF673, 0xFE94, 0xF632, 0xF5D0,
    0xF611, 0xF612, 0xF5D1, 0xED4F, 0xF52F, 0xF530, 0xFD92, 0xF551,
    0xECAE, 0xF4CF, 0xF4CF, 0xEC4D, 0xEC2D, 0xE3CB, 0xDBAB, 0xD34A,
    0xD329, 0xC2C8, 0xBA66, 0xB246, 0xAA46, 0xAA05, 0xA1E4, 0xAA45,
    0xD46D, 0xEDB0, 0xED8E, 0xEDAE, 0xF5CE, 0xED4B, 0xED2A, 0xE4C9,
    0xE426, 0xEC67, 0xEBC4, 0xE384, 0xEBE5, 0xFE30, 0xFF15, 0xFF14,
    0xFEF3, 0xB3C9, 0x6962, 0x6183, 0x69A3, 0x6982, 0x5122, 0x40E1,
    0x5101, 0x4901, 0x5121, 0x48E1, 0x4901, 0x5942, 0x5121, 0x48E0,
    0xE54B, 0xFED1, 0xFEB2, 0xFEB1, 0xFE6F, 0xFDAB, 0xFC85, 0xFC85,
    0xFC44, 0xFC45, 0xFC86, 0xF425, 0xEB63, 0xDB63, 0xEBE5, 0xDB43,
    0xEBE5, 0xD2E2, 0xE384, 0xE3A4, 0xE384, 0xEBA4, 0xDB42, 0xBA40,
    0xCAA2, 0xD2E2, 0xEB83, 0xE363, 0xEBE4, 0xD322, 0xBA61, 0xCAC1,
    0xD2E1, 0xD2E2, 0xDB22, 0xE383, 0xE3A4, 0xE363, 0xEBA3, 0xF404,
    0xF445, 0xFCA6, 0xFE2F, 0xFEF4, 0xFEF4, 0xFF15, 0xFF36, 0xFF35,
    0xFF36, 0xFF36, 0xFF36, 0xFF36, 0xFF15, 0xFF15, 0xFF15, 0xFF36,
    0xFEB3, 0xFD09, 0xFCA7, 0xFDEC, 0xFD49, 0xF405, 0xE570, 0xCE58,
    0xD5D5, 0xE550, 0xE3E5, 0xE362, 0xEC25, 0xF466, 0xF404, 0xEBE3,
    0xEB82, 0xE341, 0xE361, 0xE382, 0xE362, 0xDB41, 0xDB21, 0xE341,
    0xEBC2, 0xFD29, 0xFDAD, 0xFE10, 0xFED5, 0xFEF6, 0xFE73, 0xF653,
    0xF674, 0xF5F1, 0xED90, 0xDCED, 0xCBC9, 0xC3A9, 0xBB28, 0xAA85,
    0xAA65, 0xB2A6, 0xB2A6, 0xBB28, 0xBB48, 0xBB27, 0xBB27, 0xB307,
    0xBB68, 0xC3A8, 0xBB67, 0xCBE9, 0xCC09, 0xD44A, 0xD46A, 0xD46A,
    0xDD0C, 0xE52D, 0xE56E, 0xF5F1, 0xF612, 0xF611, 0xFE74, 0xFEB5,
    0xFEB5, 0xFF7B, 0xEEDA, 0xD638, 0xCE18, 0xCE18, 0xCDF8, 0xC5F7,
    0xC5D7, 0xC5B7, 0xBDB7, 0xBDB7, 0xBDB7, 0xBDB7, 0xBDB7, 0xBDB7,
    0x8B6B, 0x93CD, 0xA44F, 0xACB1, 0xB513, 0xBD74, 0xC5B5, 0xCDF6,
    0xD617, 0xD638, 0xD638, 0xD638, 0xD638, 0xD638, 0xD618, 0xCE17,
    0xCDF7, 0xCDD6, 0xC5B5, 0xC554, 0xB512, 0xACB1, 0xA44F, 0x9BED,
    0x93AC, 0x8B4A, 0x8B4A, 0x8B4A, 0x8B6A, 0x8B6B, 0x8B6B, 0x8B6B,
    0x938B, 0x93AC, 0x9BCC, 0x9BCC, 0x9BCC, 0x9BEC, 0x9BED, 0xA42D,
    0xE635, 0xFF18, 0xF653, 0xF653, 0xFEB5, 0xFE94, 0xF632, 0xF611,
    0xF653, 0xF632, 0xF5F1, 0xF5F1, 0xF5B1, 0xF5B1, 0xF571, 0xF510,
    0xF510, 0xF510, 0xECCE, 0xEC6D, 0xEC6D, 0xEC2D, 0xE42D, 0xDBAB,
    0xDB8A, 0xD349, 0xCAE8, 0xBAA7, 0xBAA7, 0xB266, 0xA205, 0x9A05,
    0xA225, 0xC389, 0xE56F, 0xEDD0, 0xED8E, 0xED6D, 0xED6C, 0xE4C9,
    0xECA8, 0xE3C5, 0xE3C5, 0xEBC4, 0xECC9, 0xFF14, 0xFEF3, 0xFED3,
    0xAB68, 0x6962, 0x5942, 0x4901, 0x48E1, 0x38A0, 0x3060, 0x3060,
    0x38A0, 0x40C0, 0x3080, 0x3880, 0x3060, 0x38C0, 0x38A0, 0x6981,
    0xF5AC, 0xFEB1, 0xFEB2, 0xFEB1, 0xFE90, 0xFE2D, 0xFD27, 0xFC65,
    0xF404, 0xFCA6, 0xF404, 0xEBE4, 0xEBE5, 0xEBE5, 0xE3A4, 0xE363,
    0xCAE2, 0xD302, 0xD322, 0xD323, 0xF3E4, 0xF445, 0xCAC1, 0xA1C0,
    0xC281, 0xDB01, 0xF3E4, 0xEBA3, 0xE3A3, 0xEBC4, 0xCAE2, 0xDB22,
    0xE363, 0xE363, 0xDB42, 0xE363, 0xEBA4, 0xE363, 0xEBE4, 0xF425,
    0xF425, 0xFCC7, 0xFE91, 0xFF14, 0xFEF4, 0xFF15, 0xFF15, 0xFF15,
    0xFEF4, 0xFEF4, 0xFF35, 0xFEF3, 0xFEF4, 0xFEF4, 0xFEF4, 0xFEF4,
    0xFF15, 0xFED3, 0xFD8C, 0xFDCC, 0xFD6A, 0xEBC5, 0xEC27, 0xE46A,
    0xD323, 0xE3C4, 0xEC04, 0xF486, 0xFCA6, 0xF445, 0xEBE3, 0xEBA2,
    0xDB41, 0xD2E0, 0xD2E0, 0xD2E0, 0xDB21, 0xDB21, 0xDB41, 0xE382,
    0xF465, 0xFD8C, 0xF5CF, 0xF5F1, 0xEDD1, 0xF612, 0xF633, 0xF5F1,
    0xE570, 0xDD0E, 0xC3A9, 0xB307, 0xAA66, 0xA204, 0xA1E4, 0xA1E4,
    0xA204, 0xAA45, 0xB2A6, 0xB2A6, 0xAA86, 0xB2A6, 0xB2E7, 0xBB48,
    0xC368, 0xC389, 0xCBEA, 0xCBE9, 0xD42A, 0xDCAB, 0xDCEC, 0xDD2D,
    0xED8F, 0xEDD0, 0xF611, 0xF632, 0xF612, 0xF674, 0xFEB5, 0xFE95,
    0xFEB5, 0xFF3A, 0xD638, 0xCE18, 0xCE18, 0xCE18, 0xCE18, 0xC5F8,
    0xC5D7, 0xBDB7, 0xBDB7, 0xBDB7, 0xBDB7, 0xBDB7, 0xBDB7, 0xBDB7,
    0x8B6B, 0x93AD, 0xA42E, 0xAC91, 0xB513, 0xBD74, 0xC5B5, 0xCDF7,
    0xD617, 0xD638, 0xD638, 0xD658, 0xD658, 0xD638, 0xD618, 0xCE17,
    0xCDF7, 0xCDD6, 0xC595, 0xBD54, 0xB4F2, 0xACB1, 0xA44F, 0x9BED,
    0x938B, 0x8B4A, 0x8B4A, 0x8B4A, 0x8B6B, 0x936B, 0x8B6B, 0x8B6B,
    0x938B, 0x93AC, 0x9BCC, 0x9BCC, 0x9BCC, 0x9BEC, 0xA3ED, 0xA40D,
    0xA42D, 0xCD51, 0xFEF7, 0xF654, 0xF653, 0xF673, 0xF632, 0xF653,
    0xF653, 0xF632, 0xF653, 0xF612, 0xFE32, 0xFE12, 0xF550, 0xF571,
    0xF550, 0xECCF, 0xEC8E, 0xF4CF, 0xF4AE, 0xF4AF, 0xEC8E, 0xE3EC,
    0xE3EC, 0xDB8A, 0xD34A, 0xCB09, 0xCB09, 0xBAA7, 0xA205, 0xA205,
    0xAA25, 0xA204, 0xB328, 0xE52E, 0xED8E, 0xEDAF, 0xED6D, 0xECC8,
    0xEC05, 0xEC26, 0xEC26, 0xDBA4, 0xFE71, 0xFED3, 0xFF34, 0xB3E9,
    0x50C0, 0x48E1, 0x3080, 0x3880, 0x5100, 0x69C2, 0x8243, 0xA304,
    0xB364, 0xC3C5, 0xB365, 0x9AC3, 0x8202, 0x69A1, 0xAB04, 0xED09,
    0xFE4E, 0xFE90, 0xFED2, 0xFEB1, 0xFE91, 0xFE0D, 0xFD07, 0xF424,
    0xF425, 0xF425, 0xF3E4, 0xEBE5, 0xEBC4, 0xE383, 0xDB43, 0xDB22,
    0xD302, 0xE3C4, 0xEBE5, 0xDB63, 0xDB43, 0xDB42, 0xD2E2, 0xA1C0,
    0xCAC1, 0xEB83, 0xE363, 0xEBC4, 0xE343, 0xDB22, 0xDB43, 0xDB22,
    0xE342, 0xEBC4, 0xF405, 0xF405, 0xF3E4, 0xEBE4, 0xE383, 0xEBC4,
    0xEBA3, 0xFCE8, 0xFEB2, 0xFEF4, 0xFF15, 0xFF15, 0xFED3, 0xFED2,
    0xFEB1, 0xFE2F, 0xED8D, 0xF5EE, 0xFE90, 0xFF14, 0xFF14, 0xFEF4,
    0xFED4, 0xFEF4, 0xFEF4, 0xFDCD, 0xF467, 0xEBE6, 0xEBE6, 0xEBC5,
    0xDB63, 0xEC26, 0xF465, 0xF445, 0xF424, 0xF404, 0xEBA2, 0xDB21,
    0xDB01, 0xCAC1, 0xC2A0, 0xCAA0, 0xD301, 0xDB01, 0xD301, 0xEBE3,
    0xF54A, 0xF5EF, 0xF611, 0xF633, 0xF633, 0xE56F, 0xE50E, 0xD46C,
    0xCBEA, 0xAA86, 0x99A3, 0x99A3, 0xA1E4, 0xA205, 0xAA24, 0xAA24,
    0xAA25, 0xAA45, 0xB286, 0xB2A6, 0xB2C7, 0xBB08, 0xC348, 0xCB89,
    0xD40B, 0xD42B, 0xDC8C, 0xDC8C, 0xDC8B, 0xE50D, 0xE54E, 0xEDB0,
    0xEDF1, 0xEDF1, 0xF632, 0xF653, 0xFEB5, 0xF695, 0xF653, 0xF674,
    0xFF38, 0xF71A, 0xCE18, 0xCE38, 0xCE18, 0xCE18, 0xCDF8, 0xC5F8,
    0xC5D7, 0xBDB7, 0xBDB7, 0xBDB7, 0xBDB7, 0xBDB7, 0xBDB7, 0xBDB7,
    0x8B6B, 0x93AD, 0xA42E, 0xAC91, 0xBCF2, 0xBD54, 0xC5B5, 0xCDF7,
    0xD617, 0xD638, 0xD638, 0xD658, 0xD658, 0xD638, 0xD618, 0xD617,
    0xCDF7, 0xCDD6, 0xC595, 0xBD54, 0xB4F2, 0xAC90, 0xA42F, 0x9BED,
    0x938B, 0x8B4A, 0x8B4A, 0x8B6B, 0x8B6B, 0x936B, 0x936B, 0x938B,
    0x938B, 0x93AC, 0x9BCC, 0x9BCC, 0x9BCC, 0x9BED, 0xA40D, 0xA42D,
    0xA40D, 0xB48E, 0xF6B6, 0xFED6, 0xF632, 0xFE94, 0xFE94, 0xF653,
    0xF652, 0xFE94, 0xFE94, 0xF633, 0xFE94, 0xF612, 0xF5B1, 0xF5D2,
    0xF50F, 0xECAE, 0xF4CF, 0xF4EF, 0xF4EF, 0xF510, 0xECAE, 0xEC2C,
    0xEC2D, 0xE3EC, 0xDBAB, 0xDB8A, 0xD36A, 0xCB08, 0xB287, 0xAA46,
    0xAA66, 0xA205, 0x91C4, 0xAAA7, 0xDCED, 0xE58E, 0xED6C, 0xF486,
    0xF3E4, 0xFCA7, 0xEBE4, 0xF56C, 0xFF35, 0xFF34, 0xDD4D, 0x6161,
    0x3080, 0x2840, 0x5961, 0xA324, 0xE4E8, 0xF56A, 0xFDCB, 0xFDEC,
    0xFDEC, 0xFDEC, 0xFDCB, 0xFD89, 0xFD6A, 0xFD49, 0xFDCB, 0xFE2D,
    0xFE90, 0xFE90, 0xFEB1, 0xFED3, 0xFED3, 0xFE4E, 0xFD07, 0xF424,
    0xF3E4, 0xEB83, 0xF445, 0xF404, 0xEB83, 0xEBA4, 0xEB83, 0xEBC4,
    0xEBA4, 0xEBC4, 0xE384, 0xE3A4, 0xD343, 0xD302, 0xDB43, 0xCAA1,
    0xBA81, 0xDB43, 0xEBC4, 0xE322, 0xDB22, 0xDB43, 0xDB22, 0xDB42,
    0xE3A4, 0xE363, 0xE363, 0xE363, 0xDB42, 0xDB42, 0xDB42, 0xEB83,
    0xEBE4, 0xFD8B, 0xFED3, 0xFEF4, 0xFF15, 0xFEF4, 0xFED3, 0xFE70,
    0xC3E8, 0x8A24, 0x9245, 0x9AA5, 0xB327, 0xD4CC, 0xF631, 0xFF14,
    0xFEF3, 0xFED3, 0xFED4, 0xFEF4, 0xF4CA, 0xEB84, 0xEC06, 0xEC26,
    0xF405, 0xE383, 0xEBC3, 0xF404, 0xEBE3, 0xF403, 0xE3A2, 0xDB21,
    0xDB01, 0xCAE1, 0xCAA0, 0xCAA0, 0xD2E1, 0xDB21, 0xE361, 0xF509,
    0xFE52, 0xFE74, 0xFE95, 0xF694, 0xF633, 0xF612, 0xE570, 0xB328,
    0x99E4, 0x99C4, 0x99C4, 0xA1E4, 0xA1E4, 0xA1E4, 0xA204, 0xAA25,
    0xAA25, 0xAA45, 0xB266, 0xBAA7, 0xC308, 0xC349, 0xCB8A, 0xD40B,
    0xDC4C, 0xE4AD, 0xE4CD, 0xE4CD, 0xE4EE, 0xED4F, 0xEDB0, 0xEDB0,
    0xEDAF, 0xF5F1, 0xF653, 0xF633, 0xF633, 0xEE11, 0xEDF1, 0xF653,
    0xFF5A, 0xEEFA, 0xCE18, 0xCE38, 0xCE18, 0xCE18, 0xCDF8, 0xC5F8,
    0xC5D7, 0xBDB7, 0xBDB7, 0xBDB7, 0xBDB7, 0xBDB7, 0xBDB7, 0xBDB7,
    0x8B6B, 0x93AC, 0xA40E, 0xAC90, 0xBCF2, 0xC554, 0xC5B5, 0xCDF6,
    0xD617, 0xD638, 0xD658, 0xD658, 0xD658, 0xD638, 0xD618, 0xD618,
    0xCDF7, 0xCDD6, 0xC595, 0xBD54, 0xB4F2, 0xAC90, 0xA42E, 0x93CD,
    0x8B6B, 0x8B4A, 0x8B4A, 0x8B6B, 0x8B6B, 0x936B, 0x938B, 0x938B,
    0x938B, 0x93AC, 0x9BCC, 0x9BCC, 0x9BEC, 0x9BED, 0xA40D, 0xA40D,
    0xA42D, 0xA42D, 0xBCCF, 0xF6B7, 0xFEB4, 0xEDAF, 0xF632, 0xF632,
    0xFE94, 0xFED6, 0xFE94, 0xFE94, 0xFEB5, 0xF633, 0xF653, 0xF5D1,
    0xF570, 0xF570, 0xF50F, 0xECAE, 0xF4EF, 0xF510, 0xECAE, 0xEC4D,
    0xEC6E, 0xEC2D, 0xE40C, 0xDBEC, 0xDBAB, 0xD349, 0xC2E8, 0xB287,
    0xB266, 0xAA45, 0xA1E5, 0x89A4, 0xA2A6, 0xDCEC, 0xFD6B, 0xF425,
    0xF445, 0xFC85, 0xFCE8, 0xFF15, 0xFF35, 0xFEB2, 0x71E3, 0x2000,
    0x5141, 0xBBC6, 0xF58A, 0xFE2D, 0xFE2D, 0xFDCC, 0xFDCB, 0xFDEC,
    0xFDCB, 0xFDCB, 0xFDAA, 0xFD69, 0xFD8A, 0xFDCB, 0xFDCB, 0xFE0D,
    0xFE90, 0xFEB2, 0xFED2, 0xFED2, 0xFED3, 0xFE4E, 0xFC65, 0xF404,
    0xE3A4, 0xEBC4, 0xEBE4, 0xF404, 0xFC86, 0xF404, 0xF405, 0xEBC4,
    0xE383, 0xEBA3, 0xEBC4, 0xE3A4, 0xE3C4, 0xD323, 0xBA61, 0xD302,
    0xDB43, 0xCAC1, 0xE343, 0xDB22, 0xDB02, 0xE363, 0xE383, 0xE363,
    0xEBC4, 0xEC05, 0xEBC4, 0xDB22, 0xD323, 0xDB43, 0xE342, 0xEBC4,
    0xFCA6, 0xFE91, 0xFEF4, 0xFEF4, 0xFEF4, 0xFED4, 0xFE91, 0xC408,
    0x7183, 0x6983, 0x71C3, 0x71C4, 0x79E4, 0x81E4, 0x9AA6, 0xCC2A,
    0xFE50, 0xFF34, 0xFEF4, 0xFF15, 0xFEF4, 0xFDAD, 0xFD0A, 0xF467,
    0xF446, 0xF466, 0xEBE4, 0xEC04, 0xEC04, 0xE3C3, 0xE3A3, 0xD321,
    0xD2E1, 0xD2E1, 0xCAE1, 0xD321, 0xE3A3, 0xEBE2, 0xF4A7, 0xED6D,
    0xEDAF, 0xEDD0, 0xF611, 0xF674, 0xF674, 0xF633, 0xDCCE, 0xB2E7,
    0xA1E4, 0xA1E4, 0xA205, 0xA205, 0xA1E4, 0xA1E4, 0xA205, 0xAA25,
    0xB265, 0xB286, 0xBAC7, 0xC328, 0xCB6A, 0xD3AA, 0xDC0C, 0xDC4D,
    0xE4AD, 0xED0E, 0xED2F, 0xED0E, 0xED2F, 0xED90, 0xEDD1, 0xEDB0,
    0xF5F1, 0xF654, 0xF612, 0xF5F1, 0xEDD0, 0xF653, 0xF654, 0xFEB6,
    0xFF5A, 0xDE58, 0xCE18, 0xD638, 0xCE18, 0xCE18, 0xCDF8, 0xC5F8,
    0xC5D7, 0xC5B7, 0xBDB7, 0xBDB7, 0xBDB7, 0xBDB7, 0xBDB7, 0xBDB7,
    0x8B4B, 0x93AC, 0x9C0E, 0xAC70, 0xBCF2, 0xC554, 0xC595, 0xCDF6,
    0xD617, 0xD638, 0xD658, 0xD658, 0xD658, 0xD638, 0xD618, 0xD618,
    0xCDF7, 0xCDD6, 0xC595, 0xBD33, 0xB4F2, 0xAC90, 0xA40E, 0x93CC,
    0x8B6B, 0x8B4A, 0x8B4A, 0x8B6B, 0x8B6B, 0x936B, 0x936B, 0x938B,
    0x938B, 0x93AC, 0x9BCC, 0x9BEC, 0x9BEC, 0x9BED, 0xA40D, 0xA40D,
    0xA42D, 0xA42D, 0xA42D, 0xBCCF, 0xF695, 0xF632, 0xF632, 0xFED6,
    0xFED6, 0xFEB5, 0xFE95, 0xFED5, 0xFE94, 0xFE54, 0xFE74, 0xF5F1,
    0xFE12, 0xF5F2, 0xF54F, 0xF591, 0xF571, 0xF4EF, 0xF4AE, 0xEC8E,
    0xF4CF, 0xECAF, 0xEC8E, 0xE42D, 0xE40C, 0xDBEB, 0xD349, 0xCB08,
    0xC2E7, 0xB286, 0xAA66, 0x9A25, 0x91C3, 0xDC89, 0xFD07, 0xFC65,
    0xFCC7, 0xFC44, 0xFE30, 0xFF57, 0xFF35, 0xB3A8, 0x50C0, 0x92C4,
    0xF56A, 0xFE4D, 0xFE4E, 0xFE2D, 0xFE0D, 0xFDEC, 0xFDCB, 0xFDCB,
    0xFDCB, 0xFD89, 0xFD89, 0xFD68, 0xFD89, 0xFDAA, 0xFDCB, 0xFE0B,
    0xFE4E, 0xFEB1, 0xFEB2, 0xFED3, 0xFED3, 0xFE4E, 0xFCC6, 0xF404,
    0xEC05, 0xF425, 0xEB83, 0xEBE4, 0xF405, 0xEBA3, 0xEBC3, 0xF445,
    0xF405, 0xDB42, 0xDB23, 0xE3A4, 0xE363, 0xD322, 0xDB43, 0xDB63,
    0xEB83, 0xE363, 0xE363, 0xE383, 0xE363, 0xE363, 0xE363, 0xEBA3,
    0xF3E4, 0xF425, 0xF425, 0xEBE4, 0xEBC4, 0xEBC4, 0xE363, 0xE363,
    0xFD6A, 0xFEF4, 0xFED3, 0xFED3, 0xFEF4, 0xFED4, 0xFE2F, 0x8A64,
    0x5922, 0x6182, 0x6982, 0x79C3, 0x8224, 0x8A45, 0x8A25, 0x6963,
    0x8A45, 0xDD0D, 0xFF34, 0xFEF4, 0xFEF5, 0xFF35, 0xFD8C, 0xFD29,
    0xF466, 0xFD6B, 0xE3C4, 0xEBE3, 0xF444, 0xEBE3, 0xDB82, 0xD301,
    0xC280, 0xC260, 0xCAC0, 0xD301, 0xDB61, 0xEC45, 0xF54C, 0xEDAF,
    0xF611, 0xEDF1, 0xE56E, 0xE56F, 0xED90, 0xD46C, 0xA225, 0x99A3,
    0x99C4, 0xA1E4, 0xA1E4, 0xAA05, 0xA205, 0xA204, 0xAA25, 0xB266,
    0xB286, 0xBAC7, 0xC308, 0xCB69, 0xD3AA, 0xDBEB, 0xDC0C, 0xE48D,
    0xE4CE, 0xED0F, 0xED2F, 0xED2F, 0xED2F, 0xED2E, 0xF5D1, 0xF612,
    0xF633, 0xF612, 0xF5F1, 0xF611, 0xF611, 0xF611, 0xF632, 0xFEF7,
    0xF73A, 0xD618, 0xCE18, 0xCE38, 0xCE18, 0xCE18, 0xCDF8, 0xC5F7,
    0xC5D7, 0xC5B7, 0xC5B7, 0xBDB7, 0xBDB7, 0xBDB7, 0xBDB7, 0xBDB7,
    0x936A, 0x9BAB, 0xA40D, 0xB46F, 0xBCF1, 0xC553, 0xCD94, 0xCDD6,
    0xD5F6, 0xD617, 0xD637, 0xD638, 0xD638, 0xD617, 0xD617, 0xCE17,
    0xCDF6, 0xCDB5, 0xC574, 0xBD33, 0xB4D1, 0xAC70, 0xA40E, 0x93AC,
    0x8B6B, 0x8B4A, 0x8B4A, 0x8B6B, 0x936B, 0x936B, 0x938B, 0x938B,
    0x9BAC, 0x9BCC, 0x9BCC, 0x9BEC, 0x9BED, 0xA3ED, 0xA40D, 0xA40D,
    0xA42D, 0xA42D, 0xAC4E, 0xAC4E, 0xBCF0, 0xF6B5, 0xF653, 0xF632,
    0xF695, 0xFE94, 0xFED6, 0xFED6, 0xFEB5, 0xFEB5, 0xFE53, 0xFE53,
    0xFE32, 0xF5D0, 0xFDF2, 0xFE12, 0xFDF2, 0xF591, 0xF571, 0xF50F,
    0xF530, 0xF530, 0xF50F, 0xF530, 0xF52F, 0xED50, 0xED0F, 0xECEE,
    0xE4CD, 0xD42B, 0xD3EA, 0xBB48, 0xCBE8, 0xFDAA, 0xFCA5, 0xFD49,
    0xFD28, 0xFD08, 0xFF15, 0xFEF3, 0xFE50, 0x9B05, 0xE54C, 0xFE8F,
    0xFE4E, 0xFE2D, 0xFE2E, 0xFE2D, 0xFDEC, 0xFDCB, 0xFDAA, 0xFD89,
    0xFD89, 0xFD89, 0xFD69, 0xFD89, 0xFDAA, 0xFDCA, 0xFDCB, 0xFDEB,
    0xFE2E, 0xFED2, 0xFED2, 0xFED3, 0xFEF4, 0xFE70, 0xFD07, 0xEBE4,
    0xEBE4, 0xEC04, 0xE383, 0xF404, 0xEBA3, 0xEBE4, 0xF425, 0xFC65,
    0xEBC4, 0xDB22, 0xDB22, 0xF405, 0xE383, 0xE383, 0xE363, 0xDB63,
    0xEBC4, 0xEBC4, 0xE383, 0xE3A3, 0xEBA3, 0xEB83, 0xDB22, 0xE383,
    0xF404, 0xF425, 0xF466, 0xF445, 0xEBA4, 0xEBA4, 0xEBE4, 0xF3E4,
    0xFD6B, 0xFED2, 0xFED3, 0xFED4, 0xFED4, 0xFEB2, 0xFDEE, 0x69C3,
    0x4901, 0x5942, 0x5942, 0x6982, 0x71A3, 0x71A3, 0x71C3, 0x6183,
    0x6163, 0x79C3, 0xCC29, 0xFED2, 0xFED3, 0xFEF4, 0xFE30, 0xFD4A,
    0xFD29, 0xFD49, 0xF4E8, 0xEBC3, 0xEBE3, 0xEC04, 0xDB62, 0xCAC0,
    0xC2A0, 0xC280, 0xC280, 0xCAC0, 0xEC04, 0xF5AD, 0xF5F0, 0xF5D0,
    0xF5F1, 0xF612, 0xEDD1, 0xED90, 0xDCEE, 0xB2E7, 0x99A3, 0x9183,
    0x9183, 0x99A3, 0x99A3, 0xA1C4, 0xAA05, 0xA1E4, 0xB245, 0xBA86,
    0xC2E7, 0xC328, 0xD36A, 0xD3AA, 0xDBCB, 0xDC0C, 0xE44D, 0xE4CE,
    0xECEF, 0xED0F, 0xED0F, 0xED0F, 0xED2F, 0xF5D1, 0xF633, 0xF633,
    0xF5F1, 0xF5F1, 0xF632, 0xEDF1, 0xF611, 0xEDF1, 0xF653, 0xFF3A,
    0xE678, 0xD617, 0xCE18, 0xCE18, 0xCE18, 0xCE18, 0xCDF8, 0xC5D7,
    0xC5D7, 0xC5D7, 0xBDB7, 0xBDB7, 0xBDB7, 0xBDB7, 0xBDB7, 0xBDB7,
    0xA38A, 0xA3CB, 0xAC0C, 0xB46F, 0xBCF1, 0xC532, 0xCD73, 0xCD94,
    0xD5D5, 0xD5F6, 0xD5F6, 0xD616, 0xD5F6, 0xD5F6, 0xD5F6, 0xCDD6,
    0xCDB5, 0xCD94, 0xC553, 0xBCF2, 0xB4B0, 0xAC6F, 0xA40D, 0x9BAC,
    0x936B, 0x8B4A, 0x936A, 0x936A, 0x936B, 0x938B, 0x938B, 0x9BAB,
    0x9BCC, 0x9BCC, 0x9BEC, 0x9BEC, 0x9BEC, 0xA3ED, 0xA40D, 0xA40D,
    0xA42D, 0xA42D, 0xAC2D, 0xAC4E, 0xAC4E, 0xC510, 0xEE54, 0xF653,
    0xF653, 0xFE94, 0xFE95, 0xFEB5, 0xFF17, 0xFE94, 0xFE94, 0xFEB5,
    0xFE11, 0xFDF1, 0xFE74, 0xFE12, 0xFE33, 0xFE33, 0xF5D2, 0xFDD1,
    0xF5D1, 0xFE33, 0xF5F2, 0xF5D1, 0xF5F2, 0xF5F2, 0xF5F1, 0xF5F1,
    0xF5D1, 0xED8F, 0xE54E, 0xE4CC, 0xF5AD, 0xFD07, 0xFCE6, 0xFE2D,
    0xFDAA, 0xFE91, 0xFED2, 0xFDEB, 0xFDAA, 0xFE6F, 0xFEF2, 0xFE6F,
    0xFE4E, 0xFE2D, 0xFE0D, 0xFDEC, 0xFDCB, 0xFDAA, 0xFD89, 0xFD68,
    0xFD68, 0xFD69, 0xFD48, 0xFD69, 0xFDAA, 0xFDCB, 0xFDEB, 0xFDEB,
    0xFE4E, 0xFED3, 0xFEF4, 0xFEF4, 0xFEB2, 0xFE0D, 0xFCC7, 0xEBC4,
    0xE362, 0xF425, 0xD302, 0xE362, 0xF404, 0xFC65, 0xF424, 0xF3E4,
    0xEBC3, 0xEBC3, 0xF3C4, 0xE363, 0xE363, 0xE383, 0xD2E2, 0xE3C4,
    0xE3A4, 0xDB63, 0xD302, 0xDB22, 0xEBE4, 0xF3E4, 0xCAA1, 0xD302,
    0xF425, 0xF445, 0xF466, 0xE383, 0xE384, 0xE383, 0xF3E4, 0xF424,
    0xFDCD, 0xFED3, 0xFED4, 0xFEF4, 0xFEB2, 0xFE71, 0xFE91, 0xA305,
    0x3880, 0x3080, 0x3080, 0x48C1, 0x48E1, 0x40C1, 0x4901, 0x6162,
    0x79E4, 0x8245, 0x7183, 0xBBC8, 0xFED2, 0xFED4, 0xFED4, 0xFD29,
    0xFD69, 0xFD8A, 0xFDED, 0xE3A3, 0xE3C3, 0xE3C3, 0xE382, 0xDB82,
    0xDB62, 0xDB62, 0xDB21, 0xD321, 0xECA8, 0xF5CF, 0xFE73, 0xFE94,
    0xF632, 0xE54E, 0xCC4B, 0xB2E7, 0xB2C7, 0xA204, 0x99A3, 0x91A3,
    0x9183, 0x9183, 0x99C4, 0xA1C4, 0xA1E4, 0xAA05, 0xBA66, 0xC2C7,
    0xCB29, 0xD369, 0xD3AA, 0xDBEB, 0xE42C, 0xE44D, 0xE46E, 0xECCE,
    0xECEF, 0xECEE, 0xED0F, 0xED2F, 0xF591, 0xF5F2, 0xF5D0, 0xF611,
    0xF612, 0xF674, 0xF653, 0xF653, 0xF653, 0xEDF1, 0xFEF7, 0xEED9,
    0xCDD6, 0xCE17, 0xCE38, 0xCE18, 0xCE18, 0xCE18, 0xCDF7, 0xC5D7,
    0xC5D7, 0xC5B7, 0xC5B7, 0xBDB7, 0xBDB7, 0xBDB7, 0xBDB7, 0xBDB7,
    0xABCA, 0xABCA, 0xB40B, 0xBC6D, 0xC4CF, 0xC4F1, 0xCD32, 0xCD73,
    0xCD94, 0xD5B4, 0xD5B4, 0xD5D5, 0xD5B5, 0xD5B5, 0xD5B5, 0xCDB4,
    0xCD94, 0xC553, 0xC512, 0xBCD0, 0xB48F, 0xB44E, 0xAC0C, 0xA3AB,
    0x9B6A, 0x9B6A, 0x9B8A, 0x9B8A, 0x9B8A, 0x9BAB, 0x9BAB, 0x9BAB,
    0xA3CB, 0xA3EC, 0xA3EC, 0xA3EC, 0xA3EC, 0xA3EC, 0xA40C, 0xA40C,
    0xA40D, 0xAC2D, 0xAC2D, 0xAC2D, 0xAC4D, 0xAC2D, 0xB4AF, 0xF695,
    0xFE94, 0xEE11, 0xF674, 0xFEF7, 0xFED5, 0xFE94, 0xFE95, 0xFE53,
    0xF632, 0xFE74, 0xFE74, 0xFE33, 0xFE32, 0xFE53, 0xFE33, 0xFE53,
    0xFE33, 0xFE33, 0xF612, 0xF611, 0xF612, 0xF632, 0xF612, 0xF611,
    0xF5F1, 0xEDD0, 0xED6F, 0xED6D, 0xFDEC, 0xFD07, 0xFDEB, 0xFE2C,
    0xFE6F, 0xFF15, 0xFDCB, 0xFDAA, 0xFE2E, 0xFE70, 0xFE70, 0xFE6F,
    0xFE2D, 0xFDCB, 0xFDCB, 0xFDAA, 0xFDAA, 0xFDCB, 0xFDAA, 0xFDAA,
    0xFD8A, 0xFD48, 0xFD48, 0xFD69, 0xFD89, 0xFDAA, 0xFDEB, 0xFDEB,
    0xFE2D, 0xFEB2, 0xFED3, 0xFEB2, 0xFE91, 0xFE2D, 0xFD28, 0xEBE4,
    0xE383, 0xE363, 0xCAA1, 0xDB42, 0xF404, 0xF404, 0xEBE4, 0xFC86,
    0xFCA6, 0xFC86, 0xF3E4, 0xE342, 0xE342, 0xEBE5, 0xF405, 0xE383,
    0xE363, 0xE383, 0xEBA3, 0xEBE4, 0xEBE4, 0xF3E4, 0xDB02, 0xCAC1,
    0xDB22, 0xEBA3, 0xDB22, 0xDB02, 0xE363, 0xEB83, 0xF424, 0xFD29,
    0xFE91, 0xFED3, 0xFED4, 0xFEB3, 0xFED3, 0xFE91, 0xFDEE, 0xECE9,
    0xC3C6, 0x8A42, 0x79E1, 0x6981, 0x50E0, 0x3880, 0x3060, 0x4901,
    0x6162, 0x71A3, 0x71E4, 0x79C3, 0xDD0C, 0xFF14, 0xFED4, 0xFE30,
    0xFD6A, 0xFE2E, 0xFE90, 0xECA8, 0xEBE4, 0xEC45, 0xEC04, 0xEBE3,
    0xEC24, 0xEC44, 0xF485, 0xEC88, 0xED0B, 0xF58E, 0xEDAF, 0xEDF1,
    0xF633, 0xF5F1, 0xD48D, 0x91E4, 0x9163, 0x99A3, 0x91A3, 0x8963,
    0x9183, 0xA1C4, 0xA1E4, 0xAA05, 0xAA25, 0xBA66, 0xC2A7, 0xC2C8,
    0xCB29, 0xD38A, 0xDBCB, 0xDBEB, 0xE42C, 0xE44D, 0xEC8E, 0xEC8D,
    0xECAE, 0xED0F, 0xF550, 0xED4F, 0xF5D2, 0xF612, 0xF5F1, 0xF633,
    0xF633, 0xF653, 0xFE74, 0xF653, 0xF611, 0xF674, 0xFF39, 0xD616,
    0xCDD6, 0xD618, 0xD638, 0xD638, 0xCE18, 0xCE18, 0xCDF8, 0xC5F7,
    0xC5D7, 0xC5B7, 0xBDB7, 0xBDB7, 0xBDB7, 0xBDB7, 0xBDB7, 0xBDB7,
    0xB3E9, 0xBBEA, 0xBC0B, 0xBC4C, 0xC48E, 0xC4CF, 0xCD10, 0xCD31,
    0xCD52, 0xD552, 0xD572, 0xD572, 0xD573, 0xD573, 0xCD73, 0xCD52,
    0xCD52, 0xC531, 0xC4F0, 0xBCAF, 0xBC6E, 0xB44D, 0xB40B, 0xABCA,
    0xA3AA, 0xA3AA, 0xA3AA, 0xA3AA, 0xA3AA, 0xABCA, 0xABCB, 0xABEB,
    0xABEB, 0xABEB, 0xAC0B, 0xAC0C, 0xAC0C, 0xAC0C, 0xAC0C, 0xAC0C,
    0xAC2C, 0xAC2C, 0xAC2C, 0xAC2C, 0xB42C, 0xAC2D, 0xAC2C, 0xBCAE,
    0xE5F2, 0xF653, 0xF633, 0xF632, 0xFE95, 0xFED6, 0xF673, 0xF653,
    0xFEB5, 0xFED6, 0xFE33, 0xF632, 0xFE32, 0xF5F0, 0xFE52, 0xFE52,
    0xFE32, 0xF632, 0xF5F1, 0xF5F0, 0xF5F0, 0xF5D0, 0xF5D0, 0xF5AF,
    0xF5D0, 0xED8E, 0xE54E, 0xF5CE, 0xFE0D, 0xFE4E, 0xFE0C, 0xFD69,
    0xFE92, 0xFED3, 0xFE2E, 0xFE90, 0xFE90, 0xFE4E, 0xFE2D, 0xFE0C,
    0xFDCB, 0xFDAA, 0xFD69, 0xFD8A, 0xFD8A, 0xFD89, 0xFD69, 0xFD49,
    0xFD69, 0xFD69, 0xFD48, 0xFD48, 0xFD69, 0xFD89, 0xFDCA, 0xFDEB,
    0xFE2E, 0xFED3, 0xFED3, 0xFEB2, 0xFEB1, 0xFE90, 0xFDCB, 0xF466,
    0xE383, 0xCAE2, 0xD322, 0xE383, 0xE342, 0xF424, 0xFCE7, 0xFCA6,
    0xFCC6, 0xFCA6, 0xF424, 0xEBE4, 0xEBC3, 0xF3E4, 0xEBA4, 0xE383,
    0xEBA4, 0xEBC4, 0xFC45, 0xFC86, 0xFC86, 0xEBA3, 0xDB43, 0xDB23,
    0xCA81, 0xD302, 0xDB22, 0xDB22, 0xE363, 0xDB22, 0xE362, 0xFD6A,
    0xFED2, 0xFED3, 0xFED4, 0xFED3, 0xFEB2, 0xFE50, 0xFE0E, 0xFE0D,
    0xFD8A, 0xF528, 0xECE8, 0xDC26, 0xC3A5, 0xAB04, 0x71C2, 0x48C0,
    0x40A0, 0x48E1, 0x5921, 0x6983, 0x9265, 0xF651, 0xFEF4, 0xFED4,
    0xFE50, 0xFDED, 0xFDEC, 0xFD8B, 0xE3C3, 0xEC04, 0xEC03, 0xF445,
    0xF485, 0xF4A6, 0xFD6B, 0xED6D, 0xE4EB, 0xF5D0, 0xF5F1, 0xED6E,
    0xE54F, 0xDCEE, 0xBB49, 0x9A05, 0x99A3, 0x99A3, 0x99A4, 0x99C4,
    0x99A4, 0xA1C4, 0xAA25, 0xB246, 0xB267, 0xC2C7, 0xCB09, 0xCB29,
    0xDB8B, 0xDBCB, 0xE40C, 0xE44D, 0xE42D, 0xE46D, 0xECAE, 0xECAE,
    0xED0F, 0xF550, 0xF550, 0xF590, 0xF5D1, 0xF5D1, 0xF633, 0xF633,
    0xF632, 0xF5F0, 0xEDF1, 0xF633, 0xF611, 0xFEF7, 0xFF3A, 0xCDD5,
    0xCDF6, 0xCE38, 0xD638, 0xD638, 0xCE18, 0xCE18, 0xCDF8, 0xC5D7,
    0xC5D7, 0xBDB7, 0xBDB7, 0xBDB7, 0xBDB7, 0xBDB7, 0xBDB7, 0xBDB7,
    0xBBE9, 0xBBE9, 0xBC0A, 0xC44B, 0xC46C, 0xC48D, 0xCCCE, 0xCCEF,
    0xCD0F, 0xCD10, 0xCD10, 0xCD30, 0xD530, 0xCD30, 0xCD30, 0xCD10,
    0xCD10, 0xC4F0, 0xC4CF, 0xC48D, 0xBC6D, 0xBC2C, 0xB40A, 0xB3EA,
    0xB3CA, 0xB3C9, 0xB3CA, 0xB3CA, 0xB3EA, 0xB3EA, 0xB3EA, 0xB3EA,
    0xB40B, 0xB40B, 0xB40B, 0xB40B, 0xB40B, 0xB42B, 0xB42B, 0xB42B,
    0xB42B, 0xB42B, 0xB42C, 0xB42C, 0xB42C, 0xB42C, 0xB42C, 0xB42C,
    0xB42C, 0xE5F2, 0xF694, 0xF633, 0xEE32, 0xF612, 0xF632, 0xFE73,
    0xFEF7, 0xFE95, 0xF653, 0xFEB5, 0xFE73, 0xF5D0, 0xF5F0, 0xFE32,
    0xF611, 0xF611, 0xF5F0, 0xF5F0, 0xF5F0, 0xF5D0, 0xEDD0, 0xED4D,
    0xE54D, 0xE56E, 0xED6E, 0xFE4E, 0xFE8F, 0xFDEC, 0xFC86, 0xF425,
    0xFED4, 0xFED2, 0xFEB1, 0xFE90, 0xFE6F, 0xFE0D, 0xFDCB, 0xFD89,
    0xFD69, 0xFD49, 0xFD49, 0xFD49, 0xFD49, 0xF549, 0xF528, 0xF529,
    0xF549, 0xF528, 0xF528, 0xF528, 0xFD49, 0xFD69, 0xFD89, 0xFDCB,
    0xFE2D, 0xFE91, 0xFEB2, 0xFEB2, 0xFE91, 0xFE70, 0xFD4A, 0xEC05,
    0xCAC2, 0xC281, 0xE383, 0xF425, 0xF425, 0xFC86, 0xFD07, 0xFD07,
    0xFCC6, 0xFC85, 0xFC85, 0xFC65, 0xF404, 0xE363, 0xDB42, 0xEC05,
    0xDB63, 0xE362, 0xFC86, 0xFC86, 0xFC65, 0xE383, 0xD323, 0xE343,
    0xDB42, 0xD2E1, 0xD2E2, 0xD322, 0xDB43, 0xDB22, 0xEC25, 0xFE0E,
    0xFEB2, 0xFED3, 0xFED3, 0xFEB2, 0xFE91, 0xFE70, 0xFE2F, 0xFDCC,
    0xFD8B, 0xFDAB, 0xF529, 0xED08, 0xECE8, 0xECE8, 0xECC8, 0xCBA5,
    0x8202, 0x3880, 0x3080, 0x6182, 0x79C3, 0xC42A, 0xFEF4, 0xFEB4,
    0xFED3, 0xFD0A, 0xF426, 0xFD29, 0xE3E4, 0xE3C3, 0xEC24, 0xEC24,
    0xF4C7, 0xF56B, 0xF5CE, 0xFE11, 0xED4D, 0xE4CB, 0xEDAF, 0xE54F,
    0xDCEE, 0xBB69, 0x8963, 0x9183, 0x99C4, 0xA1C4, 0x99A3, 0xA1E4,
    0xA205, 0xA1E5, 0xAA26, 0xB246, 0xBAA8, 0xCB09, 0xD36A, 0xDB6A,
    0xDBAB, 0xE40D, 0xEC6E, 0xEC6E, 0xEC8E, 0xEC8E, 0xEC8E, 0xED0F,
    0xF550, 0xED4F, 0xED70, 0xF5D2, 0xF5D1, 0xF612, 0xF612, 0xF5F1,
    0xEDF1, 0xEDD0, 0xEDD1, 0xF633, 0xF674, 0xFF5A, 0xE677, 0xCDB5,
    0xCDF7, 0xD638, 0xD638, 0xD638, 0xCE18, 0xCE18, 0xCDF8, 0xC5D7,
    0xC5D7, 0xBDB7, 0xBDB7, 0xBDB7, 0xBDB7, 0xBDB7, 0xBDB7, 0xBDB7,
    0xC409, 0xC409, 0xC409, 0xC42A, 0xC44A, 0xCC6B, 0xCC8C, 0xCC8C,
    0xCCAC, 0xCCAD, 0xCCAD, 0xCCCD, 0xCCCD, 0xCCCD, 0xCCCD, 0xCCCD,
    0xCCAD, 0xC4AD, 0xC48D, 0xC46C, 0xBC4B, 0xBC0A, 0xBC09, 0xBBE9,
    0xB3E9, 0xBBE9, 0xBBE9, 0xBBE9, 0xBBEA, 0xBC0A, 0xBC0A, 0xBC0A,
    0xBC0A, 0xBC0A, 0xBC0A, 0xBC0A, 0xBC0B, 0xB42B, 0xB42B, 0xB42B,
    0xB42B, 0xB42B, 0xB42B, 0xBC2B, 0xB42B, 0xB42B, 0xB42B, 0xB42C,
    0xB42B, 0xBC6C, 0xDD70, 0xFEB5, 0xEE11, 0xEE11, 0xF611, 0xFE94,
    0xFED6, 0xF654, 0xFED6, 0xFEB5, 0xFE73, 0xFE53, 0xF611, 0xF652,
    0xF652, 0xF631, 0xF631, 0xF5F0, 0xEDCF, 0xED8E, 0xE56D, 0xE52C,
    0xE52D, 0xE54E, 0xF5CE, 0xFE8F, 0xFD08, 0xEBE4, 0xE322, 0xED2C,
    0xFF34, 0xFEB1, 0xFE90, 0xFE6F, 0xFE2D, 0xFDCB, 0xFDAA, 0xFD48,
    0xFD28, 0xF4E7, 0xEC86, 0xEC45, 0xEC65, 0xEC86, 0xECA6, 0xF4C6,
    0xF4C7, 0xF4E7, 0xF508, 0xF507, 0xF528, 0xFD49, 0xFD69, 0xFDCB,
    0xFE0D, 0xFE70, 0xFE91, 0xFEB2, 0xFEB2, 0xFE0D, 0xEBC3, 0xDB02,
    0xD323, 0xEC05, 0xEBC4, 0xEB83, 0xF404, 0xF444, 0xFCE7, 0xFD48,
    0xFD07, 0xFD07, 0xFCE7, 0xFC65, 0xEBA3, 0xDB43, 0xEBC4, 0xEBE4,
    0xEBC4, 0xF3E4, 0xF3C3, 0xFCA6, 0xF424, 0xDB63, 0xE363, 0xCAE2,
    0xD2E2, 0xD302, 0xBA81, 0xC2C2, 0xDB43, 0xE384, 0xFD08, 0xFE4F,
    0xFEB2, 0xFEB2, 0xFE92, 0xFE91, 0xFE50, 0xFE2F, 0xFDED, 0xFDAB,
    0xFDAB, 0xFDAB, 0xFDAB, 0xFD8B, 0xF56A, 0xF58A, 0xF56B, 0xF54A,
    0xECC8, 0xB344, 0x48E0, 0x3060, 0x5942, 0x8203, 0xF5AE, 0xFEB3,
    0xFED4, 0xFD4C, 0xEBE6, 0xF446, 0xEC46, 0xDBA3, 0xEC45, 0xF4A7,
    0xF56C, 0xF5CE, 0xF5AE, 0xF5F1, 0xF652, 0xED8F, 0xE54E, 0xDD0E,
    0xAAC7, 0x99C4, 0x8942, 0x9183, 0x99A4, 0xA1E4, 0xA1E5, 0xA1E4,
    0xAA05, 0xB246, 0xB246, 0xBAA8, 0xCAE9, 0xD36A, 0xDB8B, 0xDBCC,
    0xE3EC, 0xEC2D, 0xECAF, 0xEC8E, 0xECCF, 0xECF0, 0xED30, 0xF550,
    0xED2F, 0xF570, 0xF5B1, 0xF5D1, 0xF5F2, 0xF612, 0xF612, 0xF653,
    0xF633, 0xF654, 0xEDF2, 0xEDD1, 0xFF18, 0xF6D9, 0xCD74, 0xCDB5,
    0xCDF7, 0xD618, 0xD638, 0xD638, 0xCE18, 0xCE18, 0xCDF8, 0xC5F8,
    0xC5D7, 0xBDB7, 0xBDB7, 0xBDB7, 0xBDB7, 0xBDB7, 0xBDB7, 0xBDB7,
    0xC408, 0xC408, 0xC408, 0xC408, 0xC409, 0xC429, 0xC429, 0xC429,
    0xC429, 0xC429, 0xC429, 0xC429, 0xC42A, 0xC44A, 0xC44A, 0xC44A,
    0xC44A, 0xC44B, 0xC44B, 0xC42A, 0xBC09, 0xBC09, 0xBBE9, 0xBBE9,
    0xBBE9, 0xBBE9, 0xBBE9, 0xBBE9, 0xBC09, 0xBC09, 0xBC09, 0xBC09,
    0xBC0A, 0xBC0A, 0xBC0A, 0xBC0A, 0xBC0A, 0xBC0A, 0xBC0A, 0xBC2A,
    0xBC2A, 0xBC2A, 0xBC2A, 0xBC2A, 0xBC2B, 0xBC2A, 0xBC2A, 0xBC2B,
    0xBC0B, 0xB40A, 0xB42B, 0xD52F, 0xEE12, 0xF653, 0xF653, 0xF653,
    0xEDF1, 0xF695, 0xFE94, 0xF611, 0xF653, 0xF611, 0xF611, 0xFE94,
    0xF632, 0xF631, 0xEDAF, 0xED8E, 0xED6E, 0xE50C, 0xED8E, 0xE54D,
    0xDD0C, 0xE54E, 0xFE2F, 0xFDEC, 0xF404, 0xE322, 0xE384, 0xFEB3,
    0xFEF3, 0xFE90, 0xFE90, 0xFE2D, 0xFDEB, 0xFDAA, 0xFD48, 0xF4C6,
    0xEC44, 0xE465, 0xECA7, 0xED4A, 0xF5CC, 0xF5ED, 0xFDEC, 0xFDCB,
    0xF569, 0xF4E7, 0xF4C7, 0xF508, 0xF528, 0xF528, 0xFD48, 0xFD89,
    0xFE0D, 0xFE4F, 0xFE91, 0xFE91, 0xFE91, 0xFED2, 0xFD49, 0xE362,
    0xEBC4, 0xEB83, 0xDB22, 0xE363, 0xEBA2, 0xF424, 0xFCC6, 0xFD27,
    0xFD27, 0xFD27, 0xFCC6, 0xFCC6, 0xF445, 0xEBE4, 0xEBA3, 0xEBA3,
    0xFC45, 0xFC86, 0xFC45, 0xFCA5, 0xFC45, 0xFCA7, 0xF467, 0xE3A4,
    0xD322, 0xDB42, 0xCAE2, 0xCAE2, 0xDB63, 0xDB63, 0xF4E7, 0xFEB1,
    0xFE91, 0xFE70, 0xFEB2, 0xFE92, 0xFE2F, 0xFE0F, 0xFDCC, 0xFDCC,
    0xFDCC, 0xFDCB, 0xFDAB, 0xFDAB, 0xFDCC, 0xFDAB, 0xFDCC, 0xFDCC,
    0xFD8B, 0xF549, 0xD447, 0x69A1, 0x3060, 0x40A0, 0xBBE8, 0xFEF3,
    0xFED4, 0xFDAD, 0xF488, 0xEC05, 0xEC26, 0xDBA4, 0xE466, 0xED0A,
    0xF58D, 0xF610, 0xF5CF, 0xED8F, 0xED90, 0xEDB0, 0xED6F, 0xBBA9,
    0x91C4, 0x8962, 0x8962, 0x8942, 0x9983, 0xA1C4, 0xA9E5, 0xB246,
    0xB246, 0xBA87, 0xC2C8, 0xC2E8, 0xD34A, 0xDBAB, 0xDBCC, 0xE40D,
    0xEC4E, 0xEC6E, 0xEC8E, 0xF4CF, 0xF510, 0xF551, 0xF530, 0xF530,
    0xF571, 0xF5B2, 0xF5D2, 0xF613, 0xF633, 0xF653, 0xF654, 0xF653,
    0xF653, 0xE58F, 0xE56F, 0xF674, 0xF6F8, 0xCD73, 0xC573, 0xCDB5,
    0xCDF7, 0xCE38, 0xD638, 0xD638, 0xCE38, 0xCE18, 0xCDF8, 0xC5F8,
    0xC5D7, 0xBDB7, 0xBDB7, 0xBDB7, 0xBDB7, 0xBDB7, 0xBDB7, 0xBDB7,
    0xC3E8, 0xC3E8, 0xC3E7, 0xC3C7, 0xBBC7, 0xBBC7, 0xBBC7, 0xBBC7,
    0xBBC7, 0xBBC7, 0xBBC7, 0xBBC7, 0xBBC7, 0xBBC7, 0xBBC7, 0xBBE8,
    0xBBE8, 0xBBE8, 0xBBE8, 0xBBE8, 0xBBE8, 0xBBE8, 0xBBE8, 0xBBE8,
    0xBBE8, 0xBBE8, 0xBBE8, 0xBBE8, 0xBBE8, 0xBBE9, 0xBC09, 0xBC09,
    0xBC09, 0xBC09, 0xBC09, 0xBC09, 0xBC09, 0xBC09, 0xBC09, 0xBC09,
    0xBC09, 0xBC09, 0xBC09, 0xBC0A, 0xBC0A, 0xBC0A, 0xBC0A, 0xBC0A,
    0xBC0A, 0xBC0A, 0xBC0A, 0xB3C9, 0xBC0A, 0xD50E, 0xEDF1, 0xEDF0,
    0xEE11, 0xF674, 0xEDAF, 0xED8E, 0xE58E, 0xEDAF, 0xF632, 0xF632,
    0xF5F0, 0xEDAF, 0xE52C, 0xED8E, 0xE52C, 0xE54D, 0xE54D, 0xDCAA,
    0xDCEC, 0xED4C, 0xFE4E, 0xFD28, 0xF425, 0xE301, 0xF4EA, 0xFF57,
    0xFE91, 0xFE90, 0xFE4E, 0xFE0C, 0xFDAA, 0xFD49, 0xF4A6, 0xE465,
    0xED29, 0xFE0D, 0xFE6F, 0xFEB0, 0xFE8F, 0xFE6E, 0xFE8F, 0xFEB0,
    0xFE4E, 0xFDCC, 0xFD69, 0xF4E7, 0xF507, 0xFD08, 0xF507, 0xFD48,
    0xFDCB, 0xFE4F, 0xFE70, 0xFEB2, 0xFED4, 0xFEB1, 0xFD69, 0xE362,
    0xD2E2, 0xD2C1, 0xD2C1, 0xD302, 0xEBC3, 0xFC85, 0xFCC6, 0xFCC6,
    0xFD27, 0xFD48, 0xFD07, 0xFC65, 0xFC85, 0xEBC4, 0xEB63, 0xF3C3,
    0xFC24, 0xFCC6, 0xFD07, 0xFCA5, 0xFD07, 0xFCE7, 0xFCA7, 0xFCA6,
    0xE3C4, 0xD302, 0xDB43, 0xDB22, 0xDB42, 0xEC04, 0xFD49, 0xFE91,
    0xFEB2, 0xFE71, 0xFEB3, 0xFE71, 0xFE0E, 0xFDCC, 0xFDAB, 0xFD8A,
    0xFD8A, 0xFD8A, 0xFDAB, 0xFDCC, 0xFDCC, 0xFDAB, 0xFDAB, 0xFDAB,
    0xFDCC, 0xFDAB, 0xFDCC, 0xECE8, 0x6161, 0x3040, 0x8A64, 0xFEB2,
    0xFF15, 0xFDCE, 0xF466, 0xF446, 0xEC05, 0xEC67, 0xE4A9, 0xED4C,
    0xED2C, 0xE54C, 0xEDAE, 0xED8F, 0xE52E, 0xBB89, 0xAAC7, 0x91A3,
    0x8122, 0x9183, 0x9183, 0x9183, 0x99A3, 0x99A4, 0xA1C4, 0xB225,
    0xBA46, 0xC2A7, 0xCAE8, 0xD34A, 0xDB8B, 0xDBCC, 0xE42D, 0xE44D,
    0xEC8E, 0xECAF, 0xF4AE, 0xF4F0, 0xF510, 0xF530, 0xF551, 0xF571,
    0xF5D2, 0xF5F2, 0xF612, 0xF633, 0xF654, 0xF633, 0xF612, 0xEE12,
    0xEDB0, 0xE54E, 0xEDD0, 0xFEF7, 0xE615, 0xC511, 0xC574, 0xCDB5,
    0xCDF7, 0xD618, 0xD638, 0xD638, 0xCE38, 0xCE18, 0xCDF8, 0xC5F8,
    0xC5D7, 0xBDB7, 0xBDB7, 0xBDB7, 0xBDB7, 0xBDB7, 0xBDB7, 0xBDB7,
    0xBBA7, 0xBBA7, 0xBBA7, 0xBBA7, 0xBBA7, 0xBBA7, 0xB387, 0xBB87,
    0xBBA7, 0xBBA7, 0xBBA7, 0xBBA7, 0xB3A7, 0xB387, 0xB3A7, 0xB3A7,
    0xB3A7, 0xBBA7, 0xB3A7, 0xBBA7, 0xBBA7, 0xBBA7, 0xBBC7, 0xBBC8,
    0xBBC8, 0xBBC8, 0xBBC8, 0xBBC8, 0xBBC8, 0xBBC8, 0xBBC8, 0xBBC8,
    0xBBE8, 0xBBE8, 0xBBE8, 0xBBE8, 0xBBE8, 0xBBE8, 0xBBE8, 0xBBE8,
    0xBBE8, 0xBBE8, 0xBBE9, 0xBBE9, 0xBBE9, 0xBBE9, 0xBBE9, 0xBBE9,
    0xBBE9, 0xBBE9, 0xBBE9, 0xB3C9, 0xB3A8, 0xABA8, 0xB3E9, 0xC46B,
    0xDD2E, 0xEDD0, 0xED6D, 0xE54C, 0xE56C, 0xEDAF, 0xEDAF, 0xED6D,
    0xED4C, 0xE54C, 0xE56D, 0xE52D, 0xDCCA, 0xDCEB, 0xD448, 0xD468,
    0xD469, 0xF487, 0xFDCA, 0xFCE6, 0xF425, 0xEB82, 0xFE50, 0xFF36,
    0xFEB1, 0xFE4E, 0xFDEC, 0xFDCB, 0xFD49, 0xEC85, 0xECC7, 0xFE90,
    0xFE91, 0xD4CB, 0xB3E9, 0x8B07, 0x8AE6, 0x82C5, 0xA3A8, 0xD4CA,
    0xFDAB, 0xFE2D, 0xFE0D, 0xFD69, 0xF4C7, 0xF4C7, 0xF507, 0xF528,
    0xFDAB, 0xFE2F, 0xFE91, 0xFEB3, 0xFE91, 0xFE4E, 0xFD68, 0xEBA3,
    0xC261, 0xB200, 0xCAA1, 0xE362, 0xF445, 0xFCA6, 0xFCC6, 0xFCE6,
    0xFCE6, 0xFD48, 0xFCC6, 0xF404, 0xEBA3, 0xDB22, 0xDB02, 0xDB22,
    0xFC44, 0xFCE7, 0xFD27, 0xFD07, 0xFCA6, 0xFCE7, 0xFCA6, 0xFCA6,
    0xEBC3, 0xE3A4, 0xD322, 0xE362, 0xF445, 0xFD48, 0xFE90, 0xFEB3,
    0xFEB3, 0xFED3, 0xFE71, 0xFE0E, 0xFDED, 0xF56A, 0xF58B, 0xF58B,
    0xFD6A, 0xFD8A, 0xFD6A, 0xFD8A, 0xFD8B, 0xFD8B, 0xFDCB, 0xFDCC,
    0xFDCC, 0xFDEC, 0xFDED, 0xFDEC, 0xDC88, 0x48E1, 0x5921, 0xF610,
    0xFEF5, 0xFE92, 0xFD0A, 0xEC06, 0xEBE5, 0xEC88, 0xDC68, 0xDCCA,
    0xE52C, 0xDCEB, 0xE50C, 0xE50D, 0xE50E, 0xBBAA, 0x8142, 0x8121,
    0x8122, 0x8942, 0x99A3, 0xA1E4, 0xA1C4, 0xAA05, 0xAA05, 0xBA66,
    0xC2A7, 0xC2C8, 0xD329, 0xDB6A, 0xE3CB, 0xE40D, 0xEC4E, 0xECAF,
    0xECAF, 0xF4CF, 0xF530, 0xF531, 0xF510, 0xF50F, 0xF571, 0xFDD2,
    0xF5F2, 0xFE33, 0xF633, 0xF633, 0xF612, 0xF612, 0xF653, 0xF653,
    0xE58F, 0xEDD0, 0xFED6, 0xF697, 0xC4F0, 0xC532, 0xCD74, 0xCDB5,
    0xCDF7, 0xD618, 0xD638, 0xD638, 0xCE38, 0xCE18, 0xCDF8, 0xC5F8,
    0xC5D7, 0xBDB7, 0xBDB7, 0xBDB7, 0xBDB7, 0xBDB7, 0xBDB7, 0xBDB7,
    0xAB46, 0xB366, 0xB366, 0xAB66, 0xAB46, 0xAB46, 0xAB46, 0xAB46,
    0xB346, 0xB366, 0xB366, 0xB366, 0xAB46, 0xAB46, 0xAB46, 0xAB66,
    0xAB66, 0xAB66, 0xAB66, 0xB366, 0xB366, 0xB387, 0xB387, 0xB387,
    0xB387, 0xB387, 0xB387, 0xB387, 0xB387, 0xB387, 0xB387, 0xB387,
    0xB3A7, 0xB3A7, 0xB3A7, 0xB3A7, 0xB387, 0xB387, 0xB3A7, 0xB3A7,
    0xB3A7, 0xB3A7, 0xB3A7, 0xB3A8, 0xB3A8, 0xB3A8, 0xB3C8, 0xB3C8,
    0xB3C8, 0xB3C8, 0xB3A8, 0xB3A8, 0xAB88, 0xABA8, 0xB3A8, 0xABA8,
    0xABA8, 0xBC6B, 0xD50E, 0xDD2E, 0xE56E, 0xED8E, 0xED4C, 0xED4B,
    0xED2B, 0xE52B, 0xDCC9, 0xDCA9, 0xDCCA, 0xD468, 0xCC06, 0xC3E6,
    0xCBA5, 0xF4C8, 0xFDAA, 0xFD07, 0xF404, 0xEC25, 0xFEF4, 0xFEF4,
    0xFE90, 0xFE0C, 0xFD69, 0xFD89, 0xECA6, 0xF54A, 0xFE70, 0xC4AC,
    0x6204, 0x2080, 0x0800, 0x0800, 0x0820, 0x0800, 0x1020, 0x2081,
    0x4142, 0x9B46, 0xFDAB, 0xFDEB, 0xF528, 0xEC66, 0xF4E7, 0xFD69,
    0xFDAB, 0xFE0D, 0xFE92, 0xFEB2, 0xFE91, 0xFE2E, 0xFD28, 0xF404,
    0xD302, 0xC2A1, 0xDB43, 0xF3C3, 0xFC24, 0xFC85, 0xFCA6, 0xFCE7,
    0xFCA5, 0xFCA6, 0xFCA6, 0xEBE4, 0xCAC1, 0xBA61, 0xD2E2, 0xCAA1,
    0xEBA3, 0xFC85, 0xFC85, 0xFCC7, 0xFCE7, 0xFCC7, 0xF3E4, 0xFCE6,
    0xFCE7, 0xFCA6, 0xFC86, 0xF486, 0xFD28, 0xFE0C, 0xFEB1, 0xFE92,
    0xFE93, 0xFE93, 0xFE71, 0xFDEE, 0xFD8C, 0xF58B, 0xF54A, 0xF56B,
    0xF54A, 0xF549, 0xF549, 0xF508, 0xF529, 0xF56A, 0xFD8A, 0xFDAB,
    0xFDAB, 0xFDEC, 0xFE0E, 0xFE0D, 0xFE0D, 0xC407, 0x48C0, 0xDD0C,
    0xFEF4, 0xFE71, 0xFD2A, 0xF425, 0xEBE5, 0xEC68, 0xE4A9, 0xD469,
    0xDCAA, 0xD48B, 0xBBA9, 0xAAC7, 0xA2A7, 0xA286, 0x8142, 0x8922,
    0x8942, 0x8963, 0x99C4, 0xA1E5, 0xAA05, 0xB246, 0xBA87, 0xC2C8,
    0xD34A, 0xD36A, 0xDB8A, 0xDB8B, 0xE40C, 0xEC4E, 0xEC8E, 0xF4F0,
    0xECAE, 0xF4EF, 0xF571, 0xF551, 0xF571, 0xF592, 0xF591, 0xFDB1,
    0xFE33, 0xF612, 0xFE53, 0xF653, 0xF653, 0xF674, 0xF654, 0xEDD1,
    0xEDB0, 0xFEB5, 0xFEF8, 0xD551, 0xBCD0, 0xC532, 0xCD74, 0xCDB5,
    0xCDF7, 0xD638, 0xD659, 0xD638, 0xCE38, 0xCE18, 0xCDF8, 0xC5F8,
    0xC5D7, 0xBDB7, 0xBDB7, 0xBDB7, 0xBDB7, 0xBDB7, 0xBDB7, 0xBDB7,
    0xA2E5, 0xA305, 0xA305, 0xA305, 0xA305, 0xA305, 0xA305, 0xA305,
    0xA305, 0xA305, 0xA305, 0xA305, 0xA305, 0xA305, 0xA305, 0xA305,
    0xA305, 0xA325, 0xA325, 0xA325, 0xA325, 0xA326, 0xA326, 0xAB26,
    0xA326, 0xAB46, 0xAB26, 0xA326, 0xAB26, 0xAB46, 0xAB46, 0xAB46,
    0xAB46, 0xAB46, 0xAB46, 0xAB46, 0xAB46, 0xAB46, 0xAB46, 0xAB46,
    0xAB66, 0xAB66, 0xAB66, 0xAB66, 0xAB67, 0xAB67, 0xAB67, 0xAB67,
    0xAB67, 0xAB67, 0xAB67, 0xAB67, 0xA367, 0xAB88, 0xABA8, 0xB3C8,
    0xABA9, 0xABA9, 0xABC9, 0xABC9, 0xABEA, 0xBC4B, 0xC46B, 0xCCAC,
    0xDD0C, 0xE52C, 0xE52B, 0xED4C, 0xED0A, 0xDC88, 0xDC47, 0xD447,
    0xDC05, 0xFD8B, 0xFDCB, 0xFD07, 0xF405, 0xF4E9, 0xFF14, 0xFEB1,
    0xFE4F, 0xFE2D, 0xC3E6, 0xBB85, 0xFDEC, 0xDD4E, 0x7245, 0x1000,
    0x0820, 0x1860, 0x1040, 0x0000, 0x0000, 0x1020, 0x1020, 0x0800,
    0x0000, 0x0800, 0x4962, 0xD488, 0xFDAB, 0xF4E8, 0xEC86, 0xFD8A,
    0xFD8B, 0xFDED, 0xFE70, 0xFE92, 0xFE92, 0xFE70, 0xFD48, 0xFC85,
    0xF404, 0xE383, 0xEBC4, 0xEBE4, 0xEBC3, 0xE342, 0xEBE4, 0xF486,
    0xEC04, 0xEBA3, 0xEBA3, 0xEBC4, 0xCAC2, 0xA1E0, 0xBA41, 0xE383,
    0xE363, 0xE342, 0xF424, 0xFCA6, 0xFCE7, 0xFC44, 0xF3E3, 0xF3E3,
    0xFCC7, 0xFCC7, 0xFCA6, 0xFD28, 0xFD08, 0xFDEC, 0xFE70, 0xFE72,
    0xFEB3, 0xFE51, 0xFE0E, 0xFDCD, 0xF58B, 0xF56A, 0xF529, 0xF529,
    0xED08, 0xED08, 0xED08, 0xECC7, 0xECC7, 0xF508, 0xF528, 0xFD6A,
    0xFD8B, 0xFDCC, 0xFDED, 0xFE2E, 0xFE2E, 0xFDEC, 0xB344, 0xDCA9,
    0xFED2, 0xFE92, 0xF4A8, 0xF425, 0xEC05, 0xEC26, 0xDC8A, 0xDC8B,
    0xC3E9, 0x9A66, 0x8983, 0x8122, 0x8122, 0x9183, 0x8963, 0x8942,
    0x9984, 0x99A4, 0xA1E5, 0xAA26, 0xAA26, 0xBA87, 0xCAE9, 0xD329,
    0xDB8B, 0xE3EC, 0xE40D, 0xE3EC, 0xE3EC, 0xF4CF, 0xF510, 0xF530,
    0xF530, 0xF530, 0xF571, 0xFD92, 0xF591, 0xFDB2, 0xFDF3, 0xFE33,
    0xFE33, 0xFE53, 0xFE53, 0xF5F1, 0xF612, 0xF612, 0xED8F, 0xEDAF,
    0xF674, 0xFF19, 0xCD30, 0xBC8D, 0xBCCF, 0xC511, 0xCD74, 0xCDD5,
    0xCDF7, 0xD638, 0xD638, 0xD638, 0xCE18, 0xCE18, 0xCDF8, 0xC5F8,
    0xC5D7, 0xBDB7, 0xBDB7, 0xBDB7, 0xBDB7, 0xBDB7, 0xBDB7, 0xBDB7,
    0x92A4, 0x9AA4, 0x9AC4, 0x9AC4, 0x9AC4, 0x9AC4, 0x9AC4, 0x9AC4,
    0x9AC4, 0x9AC4, 0x9AC4, 0x9AA4, 0x92A4, 0x92A4, 0x92A4, 0x92A4,
    0x92A4, 0x92C4, 0x9AC4, 0x9AC4, 0x9AC4, 0x9AC5, 0x9AC5, 0x9AE5,
    0x9AE5, 0x9AE5, 0x9AE5, 0x9AE5, 0x9AE5, 0x9AE5, 0x9AE5, 0x9AE5,
    0x9AE5, 0x9AE5, 0x9AE5, 0x9AE5, 0x9AE5, 0x9AE5, 0x9AE5, 0x9B05,
    0x9B05, 0x9B05, 0x9B05, 0xA305, 0xA306, 0xA306, 0xA306, 0xA306,
    0xA326, 0xA326, 0xA326, 0x9B26, 0xA346, 0xA367, 0xAB88, 0xABA8,
    0xABA8, 0xABC9, 0xABC9, 0xABC9, 0xABC9, 0xA3A9, 0xA3A9, 0x9369,
    0x9B89, 0xA3CA, 0xABEA, 0xBC2A, 0xC48B, 0xCC8C, 0xCC8C, 0xC48C,
    0xE4C9, 0xFE0D, 0xFE0D, 0xFD28, 0xEC05, 0xF630, 0xFF14, 0xFE4F,
    0xFE4F, 0xFDCB, 0xE4C7, 0x6A03, 0x6A86, 0x3102, 0x0000, 0x1881,
    0x1020, 0x1840, 0x3102, 0x49A5, 0x6268, 0x730A, 0x6AC9, 0x51E6,
    0x3103, 0x1860, 0x0000, 0x28A1, 0xD4A9, 0xFD8A, 0xECA7, 0xF549,
    0xFDAB, 0xFE0D, 0xFE70, 0xFEB2, 0xFE91, 0xFE2E, 0xFD89, 0xFD69,
    0xF4A6, 0xEBE4, 0xF465, 0xF466, 0xE363, 0xD302, 0xE383, 0xEBC4,
    0xEBC4, 0xDB22, 0xCAC1, 0xD2E1, 0xBA40, 0xAA01, 0xC260, 0xD322,
    0xD302, 0xDB22, 0xF404, 0xF444, 0xF404, 0xF404, 0xDB22, 0xD2C1,
    0xF424, 0xFCC7, 0xFC65, 0xFCA6, 0xFCE7, 0xFDEC, 0xFE71, 0xFE71,
    0xFE51, 0xFE51, 0xFDEE, 0xF56B, 0xF56B, 0xF529, 0xECE8, 0xECE8,
    0xF509, 0xED08, 0xECC7, 0xECC8, 0xECA7, 0xECC7, 0xF4E8, 0xF508,
    0xF549, 0xFD8B, 0xFDED, 0xFE2E, 0xFE2E, 0xFE4F, 0xFDEC, 0xFDCC,
    0xFE50, 0xFEF4, 0xF5CE, 0xEBC4, 0xF467, 0xF466, 0xC3C8, 0x89E4,
    0x7962, 0x68E1, 0x78E1, 0x8962, 0x99A4, 0xA1E5, 0x99C4, 0x9163,
    0xA1C4, 0xA9E5, 0xAA06, 0xBA67, 0xC2A8, 0xC2C8, 0xD34A, 0xDB8B,
    0xE3CC, 0xEC4D, 0xEC6E, 0xEC8E, 0xEC4D, 0xF4F0, 0xFD71, 0xFD92,
    0xFD92, 0xF571, 0xF571, 0xFD92, 0xFDD3, 0xFDB2, 0xFDF3, 0xF5F1,
    0xFE12, 0xFE53, 0xFE32, 0xF653, 0xF654, 0xEDF2, 0xE54E, 0xEDF1,
    0xFF59, 0xE614, 0xB44C, 0xBC8D, 0xC4CF, 0xC511, 0xCD74, 0xCDD5,
    0xCDF7, 0xD638, 0xD638, 0xD638, 0xCE18, 0xCE18, 0xCDF8, 0xC5F8,
    0xC5D7, 0xBDB7, 0xBDB7, 0xBDB7, 0xBDB7, 0xBDB7, 0xBDB7, 0xBDB7,
    0x9284, 0x9284, 0x9284, 0x9284, 0x9284, 0x9284, 0x9284, 0x9283,
    0x9283, 0x9283, 0x9283, 0x9283, 0x8A63, 0x8A63, 0x8A63, 0x8A63,
    0x8A63, 0x8A63, 0x8A63, 0x8A63, 0x8A83, 0x8A84, 0x8A84, 0x8A84,
    0x9284, 0x9284, 0x9284, 0x9284, 0x9284, 0x92A4, 0x92A4, 0x92A4,
    0x9284, 0x9283, 0x8A83, 0x8A83, 0x9284, 0x9284, 0x92A4, 0x92A4,
    0x92A4, 0x92A4, 0x92A4, 0x92A4, 0x92A4, 0x92A4, 0x92A4, 0x92C4,
    0x92C5, 0x92C5, 0x92C5, 0x92E5, 0x9B06, 0xA327, 0xA367, 0xAB88,
    0xABA8, 0xABA8, 0xABC9, 0xABC9, 0xABC9, 0xA3C9, 0xA3A9, 0x9369,
    0x8B48, 0x8B48, 0x9368, 0x9B88, 0xA388, 0xABC9, 0xA3CB, 0x9BED,
    0xED6C, 0xFE0D, 0xFE4E, 0xFD28, 0xF4E9, 0xFF36, 0xFED2, 0xFE2E,
    0xFE0D, 0xF58A, 0xFDEC, 0xE58D, 0x1020, 0x0000, 0x1880, 0x1040,
    0x4184, 0x9C2F, 0xCE17, 0xDE79, 0xDE99, 0xEF1B, 0xEEFB, 0xDE78,
    0xD5F7, 0xACD2, 0x5227, 0x1000, 0x28C1, 0xDCA9, 0xF529, 0xF508,
    0xFDCC, 0xFDEC, 0xFE50, 0xFE92, 0xFEB2, 0xFE4F, 0xFE0C, 0xFDCB,
    0xFD07, 0xF424, 0xF445, 0xF405, 0xE363, 0xDB02, 0xDB42, 0xE3A3,
    0xE3A4, 0xDB22, 0xD2E2, 0xBA40, 0xB220, 0xBA61, 0xCAC2, 0xC2A1,
    0xD303, 0xDB43, 0xE3A4, 0xEBE4, 0xE363, 0xDB42, 0xE363, 0xE383,
    0xDB22, 0xF445, 0xFCA6, 0xFC85, 0xFD8A, 0xFE71, 0xFEB3, 0xFE71,
    0xFE72, 0xFE51, 0xF5AD, 0xF56B, 0xF54A, 0xECE8, 0xECC8, 0xECA7,
    0xE445, 0xE425, 0xE445, 0xE445, 0xE445, 0xE466, 0xECA7, 0xF4E8,
    0xF529, 0xF529, 0xF549, 0xFD8B, 0xFDEC, 0xFDED, 0xFDED, 0xFE0E,
    0xFE70, 0xFED3, 0xFE31, 0xF406, 0xFCC8, 0xFCE8, 0xD408, 0x6901,
    0x70E1, 0x8142, 0x8963, 0x91A4, 0xA1E5, 0xAA26, 0xAA26, 0xAA26,
    0xAA05, 0xB226, 0xBAA8, 0xC2C8, 0xCB09, 0xD32A, 0xE3CC, 0xE40D,
    0xE3EC, 0xF48E, 0xF4EF, 0xF4F0, 0xF510, 0xF530, 0xFD72, 0xFDB3,
    0xFDD3, 0xFDB2, 0xFDB2, 0xFDB2, 0xFDD2, 0xFE13, 0xFE34, 0xFE33,
    0xFE33, 0xFE12, 0xF611, 0xF633, 0xF674, 0xEE12, 0xF5F1, 0xFED7,
    0xF6D8, 0xCD10, 0xBC4C, 0xBC8D, 0xBCCF, 0xC511, 0xCD74, 0xCDD6,
    0xCDF7, 0xD638, 0xD638, 0xD638, 0xCE18, 0xCE18, 0xCDF8, 0xC5F8,
    0xC5D7, 0xBDB7, 0xBDB7, 0xBDB7, 0xBDB7, 0xBDB7, 0xBDB7, 0xBDB7,
    0x8A84, 0x8A83, 0x8A63, 0x8A63, 0x8A84, 0x8A84, 0x8A84, 0x8A83,
    0x8A63, 0x8A63, 0x8A63, 0x8A63, 0x8A43, 0x8A43, 0x8243, 0x8243,
    0x8243, 0x8243, 0x8243, 0x8243, 0x8243, 0x8243, 0x8243, 0x8243,
    0x8243, 0x8243, 0x8243, 0x8243, 0x8243, 0x8243, 0x8243, 0x8243,
    0x8222, 0x8222, 0x8222, 0x8222, 0x8222, 0x8222, 0x8222, 0x8243,
    0x8243, 0x8243, 0x8243, 0x8243, 0x8243, 0x8243, 0x8A43, 0x8A63,
    0x8A63, 0x8A83, 0x8A84, 0x8AA4, 0x92C5, 0x9B06, 0xA347, 0xA388,
    0xABA8, 0xABA9, 0xABC9, 0xABC9, 0xA3C9, 0xA3A9, 0x9B89, 0x9369,
    0x9348, 0x9348, 0x9B68, 0xA388, 0xA3C9, 0xABEA, 0xA3EB, 0xC4AD,
    0xF4C8, 0xFDAB, 0xFE6E, 0xFCC6, 0xFD8D, 0xFF56, 0xFEB1, 0xED8C,
    0xFDEB, 0xFE0D, 0xF60F, 0x59C4, 0x0820, 0x0000, 0x1040, 0x83AD,
    0xE6BA, 0xF77E, 0xF79E, 0xFFBE, 0xFFDF, 0xF79E, 0xDEDB, 0xBDF7,
    0xBDD7, 0xCE59, 0xD679, 0x9C50, 0x0820, 0x4982, 0xFD8A, 0xECE7,
    0xFDAB, 0xFDCC, 0xFE2F, 0xFE92, 0xFEB2, 0xFEB2, 0xFE6F, 0xFD89,
    0xF465, 0xEBC4, 0xDB42, 0xDB62, 0xD302, 0xDB22, 0xDB42, 0xD302,
    0xDB42, 0xDB22, 0xD2E1, 0xCAA1, 0xBA40, 0xBA40, 0xDB43, 0xD323,
    0xC2A1, 0xD2E2, 0xE363, 0xD302, 0xD302, 0xDB43, 0xE362, 0xE362,
    0xE383, 0xF445, 0xFC86, 0xFCE7, 0xFE4F, 0xFEB3, 0xFEF5, 0xFEF5,
    0xFE71, 0xFE30, 0xF5CE, 0xF54B, 0xED09, 0xECC8, 0xE466, 0xE445,
    0xEC86, 0xF508, 0xF56A, 0xF56A, 0xF529, 0xECC7, 0xE445, 0xE465,
    0xECA7, 0xECC7, 0xECC7, 0xF528, 0xFD8A, 0xFDCB, 0xFE0D, 0xFE2E,
    0xFE2F, 0xFEB2, 0xF56D, 0xE3A4, 0xF487, 0xFD08, 0xECA8, 0x91E4,
    0x91A3, 0x91C4, 0x99E4, 0xAA26, 0xB246, 0xBA87, 0xBA87, 0xBAA8,
    0xBAA8, 0xC2E8, 0xD34A, 0xD36A, 0xDB8B, 0xE3CC, 0xE42D, 0xEC4E,
    0xEC2D, 0xEC8E, 0xF4F0, 0xF510, 0xF531, 0xFD72, 0xFD92, 0xFDD3,
    0xFE14, 0xFDF3, 0xFDD2, 0xFDD2, 0xFE14, 0xFE13, 0xFE54, 0xFEB5,
    0xFE95, 0xFE54, 0xFE74, 0xF5F1, 0xE54D, 0xEDB0, 0xFEB5, 0xF6D8,
    0xCD31, 0xBC8D, 0xBC6C, 0xBC8D, 0xC4CF, 0xC511, 0xCD74, 0xCDD6,
    0xCDF7, 0xD638, 0xD638, 0xD638, 0xCE38, 0xCE18, 0xCDF8, 0xC5F8,
    0xC5D7, 0xBDB7, 0xBDB7, 0xBDB7, 0xBDB7, 0xBDB7, 0xBDB7, 0xBDB7,
    0x8A85, 0x8A84, 0x8A84, 0x8A84, 0x8A84, 0x8A84, 0x8A84, 0x8A84,
    0x8A84, 0x8A84, 0x8A64, 0x8A63, 0x8243, 0x8243, 0x8243, 0x8223,
    0x8223, 0x7A23, 0x8223, 0x8223, 0x8223, 0x8223, 0x8223, 0x7A23,
    0x7A02, 0x7A02, 0x7A22, 0x7A22, 0x7A22, 0x7A02, 0x7A02, 0x7A02,
    0x7A02, 0x79E2, 0x71E1, 0x71C1, 0x71C1, 0x71C1, 0x71C1, 0x71C1,
    0x71C1, 0x71C1, 0x79C1, 0x79E1, 0x79E1, 0x79E1, 0x7A02, 0x7A02,
    0x8222, 0x8222, 0x8222, 0x8243, 0x8A84, 0x92E5, 0x9B26, 0xA367,
    0xA388, 0xABA9, 0xABC9, 0xABC9, 0xA3A9, 0x9B89, 0x9369, 0x9348,
    0x8B48, 0x9348, 0x9368, 0xA389, 0xABC9, 0xABEA, 0xAC2C, 0xD4AC,
    0xF404, 0xFDCB, 0xFE0D, 0xF404, 0xFDEE, 0xFED2, 0xFE90, 0xBC4A,
    0x9B26, 0xEDCD, 0x7AA5, 0x1020, 0x1040, 0x20C2, 0xACF2, 0xF77D,
    0xF79E, 0xF77E, 0xFFFF, 0xDEDB, 0x7BAF, 0x5249, 0x3965, 0x0800,
    0x0000, 0x0841, 0x3165, 0x7BCF, 0x83CE, 0x0841, 0x8AE5, 0xFD48,
    0xF549, 0xFDCC, 0xFE50, 0xFEB2, 0xFED3, 0xFEB3, 0xFE4E, 0xF465,
    0xE363, 0xE322, 0xD2E2, 0xC281, 0xCAA1, 0xCAC1, 0xCAC2, 0xD302,
    0xD2E1, 0xD302, 0xCAC1, 0xB240, 0xB220, 0xC281, 0xBA61, 0xC281,
    0xC281, 0xD2E2, 0xCAC1, 0xCAA1, 0xD301, 0xCAC1, 0xD2E1, 0xD322,
    0xE383, 0xEBC4, 0xF444, 0xFD07, 0xFE2E, 0xFE92, 0xFEB3, 0xFE92,
    0xFE30, 0xFDEF, 0xF5AD, 0xED2A, 0xECC8, 0xE466, 0xF4E7, 0xFD8A,
    0xFE0D, 0xFE4E, 0xFE6F, 0xFE90, 0xFE8F, 0xFE4F, 0xFE0E, 0xF56B,
    0xE466, 0xEC66, 0xF4E8, 0xF528, 0xFD8A, 0xFDEC, 0xFE0E, 0xFE2E,
    0xFE2F, 0xFE91, 0xED4C, 0xDB43, 0xEC06, 0xFCA6, 0xF509, 0xBB68,
    0xB328, 0xB308, 0xB2E8, 0xB2A7, 0xC309, 0xCB29, 0xCB09, 0xCB4A,
    0xD32A, 0xDB8B, 0xDBAB, 0xE3CC, 0xE3EC, 0xEC4E, 0xEC6E, 0xEC6E,
    0xEC8E, 0xF4AF, 0xF510, 0xF530, 0xF571, 0xFD92, 0xFDB2, 0xFDD3,
    0xFE13, 0xFE14, 0xFDF3, 0xFDF2, 0xFE34, 0xFE54, 0xFE95, 0xFE95,
    0xFE74, 0xFE74, 0xF653, 0xEDD0, 0xED8E, 0xFE94, 0xF6D8, 0xD594,
    0xBCAF, 0xBC6D, 0xBC4C, 0xBC6D, 0xBCCF, 0xC511, 0xCD74, 0xCDD5,
    0xCDF7, 0xD638, 0xD638, 0xD638, 0xCE18, 0xCE18, 0xCE18, 0xC5F8,
    0xC5D7, 0xBDB7, 0xBDB7, 0xBDB7, 0xBDB7, 0xBDD7, 0xBDD7, 0xBDB7,
    0x8AA5, 0x8A85, 0x8A85, 0x8A85, 0x8A85, 0x8A85, 0x8A85, 0x8A85,
    0x8A85, 0x8A85, 0x8A84, 0x8264, 0x8264, 0x8244, 0x8244, 0x8243,
    0x7A43, 0x7A23, 0x7A23, 0x7A23, 0x7A23, 0x7A23, 0x7A23, 0x7A23,
    0x7A03, 0x7A03, 0x7A03, 0x7A03, 0x7A03, 0x7A02, 0x7A02, 0x79E2,
    0x71E1, 0x71C1, 0x71C1, 0x71C1, 0x71A1, 0x71A1, 0x71A1, 0x71A0,
    0x71A0, 0x71A0, 0x71C1, 0x71C0, 0x71C1, 0x79E1, 0x79E1, 0x7A01,
    0x7A02, 0x7A02, 0x8202, 0x8222, 0x8A84, 0x92E5, 0xA347, 0xA367,
    0xA3A8, 0xABC9, 0xABC9, 0xA3A9, 0xA3A9, 0x9B89, 0x9369, 0x8B48,
    0x8B28, 0x9348, 0x9B68, 0xA3A9, 0xABE9, 0xABEA, 0xA3EB, 0xCC29,
    0xF404, 0xFD8A, 0xFD8A, 0xFD08, 0xFED2, 0xFE6F, 0xFE70, 0xFE2F,
    0x6A04, 0x28A0, 0x2080, 0x1860, 0x28E2, 0xC5B6, 0xFF9E, 0xEF5D,
    0xF79E, 0xFFDF, 0x9492, 0x3924, 0x2020, 0x2860, 0x38C2, 0x28A2,
    0x1061, 0x2081, 0x2840, 0x0800, 0x2104, 0x4208, 0x18A1, 0xE4C8,
    0xF529, 0xFDCD, 0xFE72, 0xFED4, 0xFEB3, 0xFEB2, 0xFDEC, 0xEBE3,
    0xDB43, 0xDB22, 0xCAC2, 0xC2A1, 0xC281, 0xCAA1, 0xCAC1, 0xD2E2,
    0xD2E2, 0xCAA1, 0xDB22, 0xCAC1, 0xBA61, 0xD302, 0xCAC1, 0xD302,
    0xDB42, 0xD2C1, 0xBA61, 0xD302, 0xC281, 0xB240, 0xCAC1, 0xDB22,
    0xCAC1, 0xCAE2, 0xEBE3, 0xF485, 0xFDAB, 0xFE2F, 0xFE0F, 0xFE51,
    0xF5CE, 0xF58C, 0xED4A, 0xECE8, 0xE486, 0xED08, 0xFDEC, 0xFE4E,
    0xFE0E, 0xE52B, 0xCCAA, 0xCC8B, 0xDD2C, 0xF60F, 0xFEB1, 0xFF14,
    0xFE91, 0xECC8, 0xEC65, 0xF4E8, 0xFD69, 0xFDCC, 0xFDED, 0xFE0D,
    0xFE0E, 0xFE70, 0xFE10, 0xEBE5, 0xEBE5, 0xF486, 0xFD29, 0xD44A,
    0xCC4B, 0xD48C, 0xD48D, 0xDC4C, 0xDC6D, 0xDC2D, 0xDC2D, 0xDC0C,
    0xDBCC, 0xE3EC, 0xE40C, 0xEC4D, 0xEC4D, 0xEC4E, 0xEC8E, 0xEC6E,
    0xF4CF, 0xF510, 0xF530, 0xF531, 0xFD71, 0xFDF3, 0xFE14, 0xFE14,
    0xFE13, 0xFE34, 0xFE55, 0xFE54, 0xF612, 0xFE33, 0xFE53, 0xFE94,
    0xFE95, 0xFE74, 0xFE74, 0xEDF1, 0xF652, 0xFEF8, 0xC574, 0xB4D1,
    0xBCAF, 0xBC6D, 0xBC4C, 0xBC6D, 0xBCAF, 0xC511, 0xCD74, 0xCDD6,
    0xCDF7, 0xD638, 0xD659, 0xD638, 0xCE38, 0xCE18, 0xCE18, 0xC5F8,
    0xC5D7, 0xBDB7, 0xBDB7, 0xBDB7, 0xBDB7, 0xC5D7, 0xC5D8, 0xBDD7,
    0x82A6, 0x8AA6, 0x8AA6, 0x8AA6, 0x8AA6, 0x8AA6, 0x8A86, 0x8A85,
    0x8285, 0x8285, 0x8285, 0x8285, 0x8265, 0x8265, 0x8265, 0x8264,
    0x8244, 0x7A44, 0x7A44, 0x7A44, 0x7A44, 0x7A44, 0x7A24, 0x7A24,
    0x7A23, 0x7A03, 0x7A23, 0x7A03, 0x7A03, 0x7A03, 0x7A03, 0x71E2,
    0x71C1, 0x71C1, 0x69A1, 0x69A0, 0x71A0, 0x71A0, 0x71A0, 0x71A0,
    0x71A0, 0x71A0, 0x71C1, 0x71C1, 0x79E1, 0x79E1, 0x79E1, 0x7A02,
    0x8202, 0x8222, 0x8222, 0x8263, 0x8AA4, 0x9B06, 0xA367, 0xA388,
    0xABA9, 0xABC9, 0xABC9, 0xABA9, 0xA3A9, 0x9B89, 0x9349, 0x8B28,
    0x8B28, 0x9348, 0x9B68, 0xA3A9, 0xABEA, 0xAC0A, 0xAC0A, 0xE468,
    0xEC05, 0xFDAB, 0xFD28, 0xFE0F, 0xFED2, 0xFE4E, 0xFE2F, 0xFE0D,
    0xFD8B, 0x28A0, 0x1020, 0x1860, 0xB534, 0xFFFF, 0xF79E, 0xF7BE,
    0xF79E, 0x6B0C, 0x2882, 0x4103, 0x4103, 0x41A6, 0x4A49, 0x39E8,
    0x2966, 0x2925, 0x3965, 0x2081, 0x0000, 0x1881, 0x18C3, 0x9B46,
    0xFD69, 0xF5CD, 0xFE72, 0xFEB3, 0xFEB3, 0xFE91, 0xFD69, 0xEC04,
    0xD322, 0xCAC1, 0xCAE2, 0xCAC2, 0xBA61, 0xC281, 0xD2E1, 0xD302,
    0xD302, 0xD302, 0xDB22, 0xCAC1, 0xB241, 0xD302, 0xEB83, 0xEBA4,
    0xDB22, 0xCAC2, 0xBA82, 0xC2A2, 0xB241, 0xCAC1, 0xCAA1, 0xC281,
    0xB241, 0xC2C1, 0xEBE4, 0xF4E7, 0xFE50, 0xFEB3, 0xFE93, 0xFE51,
    0xF5EE, 0xF58C, 0xED09, 0xDC66, 0xE4C7, 0xFE0C, 0xED4B, 0xA387,
    0x5183, 0x28A1, 0x1040, 0x1020, 0x2060, 0x4983, 0x8B07, 0xCCCC,
    0xFE92, 0xFEB1, 0xE4C8, 0xEC86, 0xF508, 0xFD8A, 0xFDEC, 0xFDED,
    0xFE0D, 0xFE4F, 0xFE30, 0xF487, 0xFCA7, 0xFD6A, 0xFD8B, 0xDC8A,
    0xD4AC, 0xDCCC, 0xE50E, 0xE52F, 0xE52F, 0xED0F, 0xECEF, 0xECF0,
    0xEC8E, 0xEC4D, 0xEC6E, 0xEC8E, 0xEC8E, 0xEC8E, 0xF4AF, 0xEC8E,
    0xF4AF, 0xFD92, 0xFDB2, 0xFDB2, 0xFDF3, 0xFDF3, 0xFE34, 0xFDF3,
    0xFE34, 0xFE75, 0xFE74, 0xFEB6, 0xFED7, 0xFEB6, 0xFE53, 0xF632,
    0xF632, 0xF612, 0xF632, 0xFE94, 0xFF18, 0xDE37, 0xB513, 0xBCF1,
    0xBCAF, 0xB46D, 0xBC4C, 0xBC6D, 0xBCAF, 0xC511, 0xCD74, 0xCDD5,
    0xCDF7, 0xD638, 0xD638, 0xD638, 0xD638, 0xCE18, 0xCE18, 0xC5F8,
    0xC5D7, 0xBDB7, 0xBDB7, 0xBDB7, 0xBDD7, 0xC5D7, 0xC5D7, 0xBDD7,
    0x82C7, 0x82C7, 0x82A7, 0x82A7, 0x82C7, 0x8AA7, 0x82A6, 0x8AA6,
    0x82A6, 0x82A6, 0x8286, 0x8286, 0x8286, 0x8286, 0x8286, 0x8285,
    0x7A65, 0x7A65, 0x7A65, 0x7A65, 0x7A65, 0x7A45, 0x7A45, 0x7A45,
    0x7A44, 0x7A44, 0x7A24, 0x7A24, 0x7A24, 0x7A23, 0x7203, 0x71E2,
    0x71C2, 0x71C1, 0x69A0, 0x69A0, 0x6980, 0x7180, 0x71A0, 0x71A0,
    0x71A0, 0x71A1, 0x71C1, 0x71C1, 0x79E1, 0x79E1, 0x7A02, 0x8202,
    0x8222, 0x8223, 0x8243, 0x8A63, 0x92C5, 0x9B26, 0xA368, 0xABA8,
    0xABC9, 0xABC9, 0xABC9, 0xABC9, 0xA3A9, 0x9B89, 0x9369, 0x8B28,
    0x8B28, 0x9348, 0x9B68, 0xA3C9, 0xABEA, 0xAC0A, 0xB40A, 0xEC67,
    0xF466, 0xFD6A, 0xFD8B, 0xFF16, 0xFEB2, 0xFE4F, 0xFE0D, 0xED29,
    0x8AE5, 0x0800, 0x0000, 0x7B4C, 0xFFDE, 0xF7BE, 0xFFDF, 0xFFFF,
    0x734D, 0x2882, 0x4124, 0x4944, 0x5249, 0x526A, 0x4A49, 0x39C7,
    0x2104, 0x6B6E, 0xD6BA, 0xAD55, 0x28C2, 0x1820, 0x0820, 0x5A04,
    0xFD6A, 0xF5CD, 0xFE92, 0xFE92, 0xFE92, 0xFE70, 0xFDAB, 0xF446,
    0xD322, 0xC2A1, 0xC2A1, 0xCAC2, 0xB241, 0xBA61, 0xD2C1, 0xEB63,
    0xF3E4, 0xF3C4, 0xDB22, 0xCAA1, 0xB241, 0xCAA1, 0xE363, 0xDB22,
    0xCAA1, 0xCAC2, 0xC2E2, 0xBA61, 0xD2E1, 0xCAA1, 0xBA40, 0xC281,
    0xCAC1, 0xD302, 0xE3A3, 0xFD6A, 0xFEB3, 0xFE93, 0xFE72, 0xFE51,
    0xF5EF, 0xED4B, 0xDC46, 0xE4C8, 0xFD6A, 0x9B46, 0x30E1, 0x1000,
    0x0000, 0x0800, 0x0000, 0x0000, 0x1020, 0x1060, 0x1040, 0x1860,
    0x5183, 0xDD4D, 0xFED1, 0xE4A7, 0xECA6, 0xF549, 0xFDAB, 0xFDCB,
    0xFDEC, 0xFE4F, 0xFE0E, 0xFDAB, 0xFE0D, 0xFEB1, 0xFE0E, 0xE4EB,
    0xDCEC, 0xDCCB, 0xE4EC, 0xE52E, 0xED2F, 0xED50, 0xF570, 0xF571,
    0xF4F0, 0xF4F0, 0xF531, 0xF510, 0xF510, 0xF531, 0xF551, 0xF572,
    0xFDB2, 0xFDD3, 0xFDD2, 0xFD91, 0xFDF3, 0xFE13, 0xFE54, 0xFDF2,
    0xFE33, 0xFE95, 0xFE95, 0xFE74, 0xFE74, 0xFE74, 0xFE53, 0xFE53,
    0xF653, 0xEDD0, 0xF632, 0xFED7, 0xE698, 0xBD75, 0xBD13, 0xBCF1,
    0xBC8F, 0xB44C, 0xBC4B, 0xBC6D, 0xBCAF, 0xC511, 0xCD74, 0xCDD5,
    0xCDF7, 0xD638, 0xD638, 0xD638, 0xD638, 0xCE18, 0xCE18, 0xC5F8,
    0xC5D8, 0xC5D7, 0xBDB7, 0xBDB7, 0xBDB7, 0xC5D7, 0xC5D7, 0xBDD7,
    0x82C7, 0x8AC7, 0x8AC7, 0x82C7, 0x82C7, 0x82C7, 0x82C7, 0x82C7,
    0x82C7, 0x82C7, 0x82A7, 0x82A7, 0x82A7, 0x82A7, 0x82A7, 0x82A6,
    0x8286, 0x8286, 0x7A86, 0x7A86, 0x7A66, 0x7A66, 0x7A66, 0x7A66,
    0x7A65, 0x7A45, 0x7A45, 0x7245, 0x7245, 0x7224, 0x7224, 0x7203,
    0x71E2, 0x71C1, 0x69A1, 0x71A0, 0x7180, 0x71A0, 0x71A0, 0x71A1,
    0x71A1, 0x71C1, 0x71C1, 0x79C1, 0x79E1, 0x7A02, 0x8202, 0x8222,
    0x8243, 0x8243, 0x8263, 0x8A84, 0x92C5, 0x9B26, 0xA368, 0xABA8,
    0xABC9, 0xB3E9, 0xABEA, 0xABCA, 0xA3A9, 0x9B89, 0x9369, 0x8B28,
    0x8B28, 0x9348, 0x9B89, 0xA3C9, 0xAC0A, 0xAC0A, 0xC46A, 0xFCA7,
    0xFC86, 0xFD29, 0xFED3, 0xFF57, 0xFEB2, 0xFE4F, 0xF5AB, 0xECC7,
    0x4122, 0x0000, 0x20E3, 0xDEBA, 0xFFBE, 0xF7BE, 0xFFFF, 0xA4F3,
    0x3904, 0x4965, 0x4103, 0x4A07, 0x4A49, 0x39C7, 0x3186, 0x2125,
    0x3186, 0xEF5D, 0xFFFF, 0xFFFF, 0x8C30, 0x1820, 0x1020, 0x20A1,
    0xED0A, 0xFDED, 0xFE71, 0xFE92, 0xFEB3, 0xFE71, 0xFDED, 0xF466,
    0xE383, 0xD302, 0xBA81, 0xCAE2, 0xCAE2, 0xCAC1, 0xD2E2, 0xDAE2,
    0xDB22, 0xDB22, 0xD302, 0xB261, 0xAA01, 0xC281, 0xDB22, 0xE362,
    0xE342, 0xCAC2, 0xD302, 0xCAC1, 0xC281, 0xBA40, 0xAA21, 0xBA61,
    0xC2A1, 0xD302, 0xF486, 0xFDEE, 0xFE71, 0xFE72, 0xFE31, 0xF5EF,
    0xF5CF, 0xE4A9, 0xDC66, 0xED2A, 0x6A24, 0x0000, 0x1040, 0x4184,
    0x5A27, 0x6248, 0x5A27, 0x49A5, 0x28E2, 0x1840, 0x1040, 0x1040,
    0x0000, 0x28A1, 0x9347, 0xF58B, 0xE486, 0xF528, 0xFD6A, 0xFD8A,
    0xFDCC, 0xFE2F, 0xFE50, 0xFE2F, 0xFE91, 0xFE91, 0xFE50, 0xED6D,
    0xDCED, 0xDCCC, 0xDCAB, 0xE4CC, 0xED2E, 0xED2E, 0xF50F, 0xF52F,
    0xF571, 0xFDB2, 0xFDD3, 0xFDD3, 0xFDB3, 0xFDD3, 0xFDF3, 0xFDD3,
    0xFDF3, 0xFDF3, 0xFE13, 0xFDD2, 0xFDD2, 0xFE13, 0xFDF2, 0xFE54,
    0xFE33, 0xFE95, 0xFEB6, 0xFE94, 0xFE74, 0xFE74, 0xFE94, 0xF611,
    0xEDD0, 0xF633, 0xF6B7, 0xD637, 0xC5D6, 0xBD74, 0xBD33, 0xBCD1,
    0xBC8E, 0xB44C, 0xB42B, 0xBC6D, 0xBCAF, 0xC511, 0xCD74, 0xCDD6,
    0xCDF7, 0xD638, 0xD638, 0xD638, 0xCE38, 0xCE18, 0xCE18, 0xCDF8,
    0xC5F8, 0xC5D7, 0xBDD7, 0xBDD7, 0xBDD7, 0xBDD7, 0xC5B7, 0xC5B7,
    0x8AE8, 0x8AE8, 0x8AE8, 0x8AE8, 0x8AE8, 0x82E8, 0x82C8, 0x82C8,
    0x82C7, 0x82C7, 0x82C7, 0x82C7, 0x82C7, 0x82C7, 0x82A7, 0x82A7,
    0x82A7, 0x82A7, 0x7AA7, 0x7AA7, 0x7A87, 0x7A87, 0x7A87, 0x7A86,
    0x7A86, 0x7A66, 0x7A66, 0x7A66, 0x7265, 0x7245, 0x7225, 0x7224,
    0x7203, 0x71E2, 0x71C1, 0x71A1, 0x71A1, 0x71A1, 0x71A1, 0x71C1,
    0x71C1, 0x71C1, 0x79E2, 0x79E2, 0x7A02, 0x8202, 0x8222, 0x8223,
    0x8243, 0x8263, 0x8A63, 0x8A84, 0x92C5, 0x9B26, 0xA367, 0xABA8,
    0xABC9, 0xB3EA, 0xABEA, 0xABEA, 0xA3CA, 0x9BA9, 0x9369, 0x8B48,
    0x8B28, 0x9348, 0x9B89, 0xA3C9, 0xAC0A, 0xAC0A, 0xD4AA, 0xFDCC,
    0xFD6A, 0xFDAB, 0xFF56, 0xFEF4, 0xFEF3, 0xFED1, 0xFDEA, 0xF529,
    0x3902, 0x0000, 0x838D, 0xFFBE, 0xF79E, 0xFFFF, 0xE71C, 0x49E8,
    0x51A6, 0x4944, 0x4144, 0x2945, 0x18E3, 0x1082, 0x0861, 0x0841,
    0x10A2, 0xDEFB, 0xFFFF, 0xFFFF, 0x7BEF, 0x0800, 0x2060, 0x0800,
    0xC428, 0xFDED, 0xFE50, 0xFE71, 0xFE92, 0xFEB3, 0xFDED, 0xEBC3,
    0xDB43, 0xD323, 0xD302, 0xDB23, 0xD302, 0xD302, 0xDB22, 0xE383,
    0xE363, 0xE383, 0xD302, 0xBA81, 0xB241, 0xD2C2, 0xEBA3, 0xEBC3,
    0xE383, 0xDB01, 0xDB01, 0xCAA1, 0xA9E0, 0xBA81, 0xC2A2, 0xB241,
    0xC2E2, 0xDB42, 0xF509, 0xFEB2, 0xFE93, 0xFE93, 0xF652, 0xF5CF,
    0xED4C, 0xDC47, 0xECC9, 0x49A3, 0x0020, 0x5A69, 0x942F, 0xBD54,
    0xD638, 0xE6BA, 0xE6BA, 0xCE17, 0xBD54, 0x8BAD, 0x3943, 0x0800,
    0x0840, 0x0820, 0x2060, 0xD4EB, 0xED09, 0xE487, 0xF529, 0xF549,
    0xFDAB, 0xFE2E, 0xFE92, 0xFE92, 0xFE2F, 0xFDED, 0xFE70, 0xE54D,
    0xD48B, 0xDCCB, 0xDCED, 0xDCAC, 0xE4CC, 0xED0E, 0xF530, 0xF550,
    0xFD70, 0xFDB2, 0xFDF3, 0xFDF3, 0xFDF3, 0xFDD2, 0xFDF3, 0xFE13,
    0xFDF2, 0xFE13, 0xFE33, 0xFE13, 0xFE13, 0xFE54, 0xFE12, 0xFE53,
    0xFE95, 0xFE95, 0xFE95, 0xFED6, 0xFE74, 0xF612, 0xF611, 0xF632,
    0xF653, 0xF6D8, 0xD638, 0xC5D7, 0xC5B6, 0xBD75, 0xBD33, 0xBCD0,
    0xB48E, 0xB44C, 0xB42B, 0xBC6C, 0xC4AF, 0xC511, 0xCD74, 0xCDD6,
    0xCDF7, 0xD638, 0xD638, 0xD638, 0xCE38, 0xCE18, 0xCE18, 0xCDF8,
    0xC5D8, 0xC5B7, 0xBDB7, 0xBDD7, 0xBDD7, 0xBDD7, 0xBDD7, 0xBDD7,
    0x8AE8, 0x8AE8, 0x8AE8, 0x8AE8, 0x8AE8, 0x82E8, 0x82E8, 0x82E8,
    0x82C8, 0x82C8, 0x82C8, 0x82C8, 0x82C8, 0x82C7, 0x82C7, 0x82C7,
    0x82C7, 0x82A7, 0x7AA7, 0x7AA7, 0x7AA7, 0x7AA7, 0x7AA7, 0x7AA7,
    0x7AA7, 0x7A87, 0x7A87, 0x7A87, 0x7A86, 0x7A66, 0x7A45, 0x7224,
    0x7203, 0x71E3, 0x71C2, 0x71A1, 0x71C1, 0x71C1, 0x71C1, 0x71C1,
    0x79E1, 0x79E2, 0x79E2, 0x7A02, 0x8222, 0x8223, 0x8243, 0x8243,
    0x8A63, 0x8A63, 0x8A63, 0x8A84, 0x92C5, 0x9B26, 0xA388, 0xABA9,
    0xB3C9, 0xB3EA, 0xABEA, 0xABEA, 0xA3CA, 0x9BA9, 0x9369, 0x8B48,
    0x8B28, 0x9348, 0x9B88, 0xA3C9, 0xB40A, 0xB40A, 0xD4EB, 0xFE0D,
    0xFD8A, 0xFE2F, 0xFF57, 0xFED2, 0xE58E, 0xC4CC, 0xBC07, 0x4162,
    0x0000, 0x20A1, 0xD658, 0xFFBE, 0xF79E, 0xFFFF, 0x9471, 0x4186,
    0x4165, 0x4943, 0x20C2, 0x0041, 0x0020, 0x0841, 0x0841, 0x0020,
    0x0000, 0x39E7, 0xAD55, 0x8C72, 0x20E4, 0x0020, 0x1840, 0x0800,
    0x9B47, 0xFE0D, 0xF630, 0xFE72, 0xFE92, 0xFED3, 0xFE0E, 0xE383,
    0xDB42, 0xDB43, 0xD302, 0xE363, 0xEBC4, 0xEBC4, 0xF425, 0xF404,
    0xF3E4, 0xF3C3, 0xDB42, 0xC281, 0xAA00, 0xEB63, 0xEBC3, 0xEBA3,
    0xEB83, 0xEB83, 0xE342, 0xD2E1, 0xBA40, 0xBA81, 0xBA82, 0xBA82,
    0xCAE2, 0xE342, 0xFD6B, 0xFE92, 0xFE72, 0xFE72, 0xF610, 0xED6D,
    0xDCA9, 0xECA8, 0x6204, 0x0841, 0x49E7, 0x41C7, 0x3124, 0x20C2,
    0x2945, 0x62EB, 0xBDB7, 0xFFBE, 0xF77D, 0xE6DA, 0xBD12, 0x6247,
    0x1040, 0x1040, 0x0000, 0x2080, 0xA367, 0xE4A8, 0xF4E8, 0xFD6A,
    0xFD8A, 0xFE0E, 0xFE92, 0xFDEE, 0xF4A8, 0xF466, 0xFE2E, 0xE50B,
    0xD48A, 0xD48A, 0xDCCB, 0xE50D, 0xE4EC, 0xECCC, 0xF52F, 0xF591,
    0xFDB1, 0xFDF2, 0xFE34, 0xFE34, 0xFE13, 0xFE13, 0xFE14, 0xFE13,
    0xFE33, 0xFE34, 0xFE13, 0xFE12, 0xFE13, 0xFE75, 0xFEB5, 0xFE94,
    0xFE53, 0xFE94, 0xFEB6, 0xFEB5, 0xFEB6, 0xF5F1, 0xEDAF, 0xFE74,
    0xEED9, 0xCE38, 0xC5F7, 0xC5F7, 0xC5B6, 0xBD75, 0xBD33, 0xBCD1,
    0xB46E, 0xB44C, 0xB42B, 0xBC6C, 0xC4AF, 0xC511, 0xCD74, 0xCDD6,
    0xCE17, 0xD638, 0xD638, 0xD638, 0xD638, 0xCE18, 0xCE18, 0xC5F8,
    0xC5D7, 0xBDB7, 0xBDB7, 0xC5B7, 0xBDB7, 0xBDB7, 0xBDB7, 0xBDD7,
    0x8B09, 0x8B08, 0x8B08, 0x8B09, 0x8B09, 0x8B09, 0x8AE8, 0x8AE8,
    0x8AE8, 0x82E8, 0x82E8, 0x82E8, 0x82E8, 0x82C8, 0x82C8, 0x82C8,
    0x82C8, 0x82C8, 0x7AC8, 0x7AC8, 0x7AC8, 0x7AC8, 0x7AC8, 0x7AA8,
    0x7AA8, 0x7AA8, 0x7AA7, 0x7A87, 0x7A87, 0x7A86, 0x7A66, 0x7A45,
    0x7A24, 0x7203, 0x71E2, 0x71C1, 0x71C1, 0x71C1, 0x79E1, 0x79E2,
    0x79E2, 0x7A02, 0x7A02, 0x8222, 0x8223, 0x8243, 0x8243, 0x8A63,
    0x8A63, 0x8A64, 0x8A84, 0x92A4, 0x92E5, 0x9B27, 0xA388, 0xABA9,
    0xB3E9, 0xB3EA, 0xB3EA, 0xABEA, 0xA3CA, 0x9BA9, 0x9369, 0x8B48,
    0x8B28, 0x9328, 0x9B68, 0xA3C9, 0xB40A, 0xB40A, 0xE56D, 0xFEB1,
    0xFE70, 0xFEF4, 0xFF16, 0xFEB1, 0xF5AB, 0x92C4, 0x2860, 0x0800,
    0x0000, 0x5A89, 0xFF9E, 0xF79E, 0xFFDF, 0xE73C, 0x5228, 0x4965,
    0x4923, 0x30C2, 0x0020, 0x0820, 0x0841, 0x0841, 0x0020, 0x0000,
    0x0000, 0x0000, 0x0000, 0x0841, 0x1082, 0x0841, 0x1020, 0x1000,
    0x7A85, 0xFE0E, 0xF651, 0xFEB3, 0xFED4, 0xFEF5, 0xFDED, 0xEC04,
    0xE3A3, 0xEBC4, 0xDB42, 0xEBE4, 0xFC65, 0xFC45, 0xFC24, 0xF3E4,
    0xFC45, 0xF404, 0xEB83, 0xD2E1, 0xCAA1, 0xDB22, 0xEB83, 0xE362,
    0xEB83, 0xF3C3, 0xE342, 0xCAA1, 0xC281, 0xBA61, 0xB240, 0xC2A1,
    0xE3A3, 0xEC24, 0xFE2F, 0xFE71, 0xFE72, 0xFE31, 0xF5CF, 0xE50B,
    0xE4A8, 0xABA7, 0x0820, 0x1881, 0x0800, 0x1000, 0x2081, 0x1041,
    0x0000, 0x0000, 0x1020, 0x6AEB, 0xEF5D, 0xFFBE, 0xDEBA, 0xD5F6,
    0x7B0A, 0x1040, 0x0840, 0x0800, 0x8AC6, 0xFDCC, 0xECC7, 0xFD8A,
    0xFDCC, 0xFE2F, 0xFE91, 0xE468, 0xDB64, 0xEBC5, 0xFDAC, 0xE4EB,
    0xD48A, 0xDCAB, 0xD469, 0xDCAB, 0xE52D, 0xED4F, 0xF56F, 0xF5B0,
    0xF5D1, 0xFDD1, 0xFE12, 0xFE34, 0xFE13, 0xFE34, 0xFE33, 0xFE33,
    0xFE54, 0xFE33, 0xFE33, 0xFE53, 0xFE54, 0xFE95, 0xFED6, 0xFED6,
    0xFE74, 0xF632, 0xFE94, 0xF633, 0xFE53, 0xFE73, 0xF674, 0xE698,
    0xCE38, 0xC5F7, 0xC5F7, 0xC5F7, 0xC5B6, 0xBD75, 0xBD33, 0xBCD1,
    0xB46E, 0xB44C, 0xBC2B, 0xBC6C, 0xC4AF, 0xC511, 0xCD74, 0xCDD6,
    0xD617, 0xD638, 0xD638, 0xD638, 0xD638, 0xCE38, 0xCE18, 0xCE18,
    0xC5F8, 0xC5D7, 0xC5D7, 0xC5D7, 0xC5D7, 0xC5D7, 0xC5D7, 0xC5D8,
    0x8B09, 0x8B09, 0x8B09, 0x8B09, 0x8B09, 0x8B09, 0x8B09, 0x8B09,
    0x8B08, 0x8AE8, 0x8B08, 0x8AE8, 0x8AE8, 0x82E8, 0x82E8, 0x82E8,
    0x82E8, 0x82C8, 0x82C8, 0x7AC8, 0x7AC8, 0x82C8, 0x7AC8, 0x7AC8,
    0x7AC8, 0x7AC8, 0x7AC8, 0x7AA8, 0x7AA7, 0x7AA7, 0x7A86, 0x7A65,
    0x7A44, 0x7A23, 0x79E2, 0x79E2, 0x79E2, 0x79E2, 0x79E2, 0x79E2,
    0x7A02, 0x7A02, 0x8223, 0x8223, 0x8243, 0x8243, 0x8A63, 0x8A63,
    0x8A84, 0x8A84, 0x8A84, 0x92A4, 0x92E5, 0x9B47, 0xAB88, 0xABC9,
    0xB3E9, 0xB3EA, 0xB40A, 0xABEA, 0xA3CA, 0x9BA9, 0x9369, 0x8B48,
    0x8B28, 0x9328, 0x9B68, 0xA3C9, 0xAC0A, 0xBC6B, 0xF6B4, 0xFF15,
    0xFEB3, 0xFEB2, 0xFED3, 0xFE91, 0xFDEB, 0xFE0C, 0xE4E9, 0x69C2,
    0x2040, 0x9C91, 0xFFDE, 0xF79E, 0xFFFF, 0xBDD7, 0x30C2, 0x4923,
    0x4901, 0x1040, 0x0020, 0x0820, 0x0020, 0x0020, 0x0020, 0x0000,
    0x0000, 0x0020, 0x0841, 0x1082, 0x1082, 0x0861, 0x1040, 0x1800,
    0x7244, 0xFDED, 0xF651, 0xFEB3, 0xFEF5, 0xFEF4, 0xFD8B, 0xFC65,
    0xF3E4, 0xF445, 0xF465, 0xFC86, 0xFC65, 0xFC45, 0xF3E3, 0xF3E4,
    0xF404, 0xF404, 0xF3E4, 0xDB02, 0xCAC2, 0xCAE2, 0xDB02, 0xDB22,
    0xEBC3, 0xF466, 0xF3E4, 0xD302, 0xCAC2, 0xC2A1, 0xCAE2, 0xCAC1,
    0xE3A3, 0xFD08, 0xFE91, 0xFE92, 0xFE31, 0xF5F0, 0xEDAF, 0xDCCA,
    0xDCA9, 0x4142, 0x0000, 0x1020, 0x4A07, 0x5ACB, 0x526A, 0x4208,
    0x39A7, 0x28C3, 0x2040, 0x1000, 0x49A6, 0xE6FB, 0xF77D, 0xE6FB,
    0xDE38, 0x5A68, 0x0000, 0x1040, 0x1840, 0xDD0B, 0xFD69, 0xFDAB,
    0xFE6F, 0xF58C, 0xFE70, 0xE448, 0xDB24, 0xEBC5, 0xFD6A, 0xDCCA,
    0xCC08, 0xCC28, 0xD449, 0xDCCB, 0xE52D, 0xED4E, 0xED8F, 0xF5D1,
    0xF5F2, 0xF5F1, 0xF5F1, 0xFE12, 0xFE33, 0xFE54, 0xFE74, 0xFE54,
    0xFE75, 0xFEB6, 0xFE95, 0xFE95, 0xFE74, 0xF633, 0xFEB5, 0xFED6,
    0xFEB5, 0xF612, 0xF674, 0xF5CF, 0xF631, 0xF6B7, 0xD658, 0xC5F8,
    0xC5F7, 0xCE18, 0xC5F7, 0xC5F7, 0xC5B6, 0xBD75, 0xBD33, 0xBCD1,
    0xB48E, 0xB44C, 0xBC2B, 0xBC6C, 0xBCAF, 0xC511, 0xC574, 0xCDD6,
    0xD617, 0xD638, 0xD638, 0xD638, 0xD638, 0xCE38, 0xCE18, 0xCE18,
    0xC5F8, 0xC5D8, 0xC5D8, 0xC5F8, 0xC5F8, 0xC5F8, 0xC5F8, 0xC5F8,
    0x8B29, 0x8B29, 0x8B29, 0x8B29, 0x8B29, 0x8B29, 0x8B09, 0x8B09,
    0x8B09, 0x8B09, 0x8B09, 0x8B09, 0x8B09, 0x8B09, 0x8B09, 0x8AE9,
    0x82E9, 0x82E8, 0x82E8, 0x82E8, 0x82E8, 0x82E8, 0x82E9, 0x82E9,
    0x82E9, 0x7AE9, 0x7AE9, 0x82C8, 0x82C8, 0x82A7, 0x7A86, 0x7A65,
    0x7A44, 0x7A23, 0x7A02, 0x79E2, 0x7A02, 0x7A02, 0x7A02, 0x7A02,
    0x8202, 0x8222, 0x8223, 0x8243, 0x8A43, 0x8A63, 0x8A64, 0x8A84,
    0x8A84, 0x8A84, 0x8AA4, 0x92A4, 0x92E6, 0x9B47, 0xAB88, 0xABC9,
    0xB3E9, 0xB40A, 0xB40A, 0xABEA, 0xA3CA, 0x9BA9, 0x9369, 0x8B48,
    0x8B28, 0x9348, 0x9B68, 0xA3C9, 0xABC9, 0xC48C, 0xFEF4, 0xFE91,
    0xFE91, 0xFD8B, 0xFE92, 0xFE90, 0xFDCB, 0xFDEC, 0xFDCB, 0x9AC3,
    0x4122, 0xCE17, 0xFFBE, 0xF77D, 0xFFFF, 0x9C92, 0x3080, 0x48E0,
    0x40C0, 0x0000, 0x0000, 0x0020, 0x0020, 0x0000, 0x0000, 0x0000,
    0x0000, 0x0000, 0x0020, 0x0841, 0x1061, 0x0861, 0x1840, 0x1000,
    0x7265, 0xFE0E, 0xF651, 0xFEB3, 0xFEF5, 0xFE50, 0xF445, 0xFC66,
    0xFC86, 0xFCA6, 0xF425, 0xF404, 0xFC86, 0xF404, 0xF3E3, 0xF3C3,
    0xF3E3, 0xF3C3, 0xEB83, 0xD2E1, 0xCAC1, 0xEB83, 0xDB42, 0xE3A3,
    0xFC66, 0xF4A7, 0xFC86, 0xF404, 0xF405, 0xDB63, 0xD322, 0xCAC1,
    0xDB21, 0xF4C7, 0xFE70, 0xFE72, 0xFE72, 0xF611, 0xE5B0, 0xED2B,
    0x9B46, 0x0000, 0x1861, 0x5AAA, 0x738E, 0x5ACC, 0x4A49, 0x4208,
    0x39C7, 0x7BF0, 0xAD34, 0x51E6, 0x1000, 0x5228, 0xF77D, 0xF77D,
    0xEF1C, 0xC5B5, 0x3944, 0x1040, 0x0000, 0x7265, 0xF56A, 0xED4B,
    0xAC2A, 0xABA8, 0xFED2, 0xE489, 0xDB44, 0xF426, 0xFD8A, 0xDC89,
    0xBB65, 0xC3C6, 0xCC08, 0xD46A, 0xDCAB, 0xE50D, 0xE50D, 0xED4D,
    0xED6E, 0xF5D0, 0xFE32, 0xF611, 0xF5F1, 0xFE74, 0xFEF7, 0xFED6,
    0xFEF7, 0xFE95, 0xFE95, 0xFEB5, 0xFE94, 0xEDD0, 0xF5F1, 0xFEB5,
    0xFE94, 0xF611, 0xF632, 0xEE74, 0xDE57, 0xCE38, 0xC618, 0xC618,
    0xCE18, 0xC618, 0xCDF8, 0xC5F7, 0xC5B6, 0xBD75, 0xBD33, 0xBCD1,
    0xB48E, 0xB44C, 0xB42B, 0xBC6C, 0xBCAF, 0xC511, 0xCD73, 0xCDD5,
    0xD5F7, 0xD638, 0xD638, 0xD639, 0xD639, 0xCE38, 0xCE18, 0xCE18,
    0xCDF8, 0xC5F8, 0xC5F8, 0xC5F8, 0xCDF8, 0xCDF8, 0xCDF8, 0xCDF8,
    0x932A, 0x932A, 0x9329, 0x9329, 0x932A, 0x932A, 0x932A, 0x9329,
    0x8B29, 0x8B29, 0x8B29, 0x8B29, 0x8B09, 0x8B09, 0x8B09, 0x8B09,
    0x8B09, 0x8B09, 0x8B09, 0x9329, 0x9329, 0x9329, 0x9329, 0x8B29,
    0x8309, 0x8309, 0x82E9, 0x82E9, 0x82C8, 0x82C7, 0x82A6, 0x7A85,
    0x7A44, 0x7A24, 0x7A03, 0x7A02, 0x7A02, 0x8202, 0x7A02, 0x8222,
    0x8223, 0x8223, 0x8243, 0x8243, 0x8A64, 0x8A64, 0x8A84, 0x8A84,
    0x8A84, 0x92A4, 0x92A4, 0x92C4, 0x9B06, 0x9B47, 0xAB88, 0xABC9,
    0xB3E9, 0xB40A, 0xB40A, 0xABEA, 0xA3CA, 0x9BA9, 0x9369, 0x9348,
    0x8B28, 0x9348, 0x9B89, 0xABC9, 0xABC9, 0xC4CC, 0xFD6B, 0xF4E9,
    0xF467, 0xF4A8, 0xFEF3, 0xFE90, 0xFDEB, 0xFDEB, 0xED6A, 0x71E1,
    0x51C5, 0xEEFB, 0xF79E, 0xF77D, 0xFFFF, 0x7B6C, 0x40A0, 0x5100,
    0x38A0, 0x0000, 0x0000, 0x0000, 0x0000, 0x0000, 0x0000, 0x0000,
    0x0000, 0x0000, 0x0000, 0x0020, 0x0840, 0x0840, 0x1840, 0x0800,
    0x7286, 0xFE2F, 0xFE92, 0xFEB3, 0xFED4, 0xFDAB, 0xFC85, 0xFCE8,
    0xFC86, 0xF424, 0xF445, 0xFD08, 0xFD4A, 0xFD6B, 0xFD6B, 0xFD4A,
    0xFDAD, 0xFDAC, 0xFD2A, 0xF4C8, 0xEC67, 0xEC05, 0xEBC3, 0xF445,
    0xF424, 0xEBC3, 0xF444, 0xFCA6, 0xF486, 0xF445, 0xEBE4, 0xDB63,
    0xE362, 0xF4C7, 0xFE70, 0xFE72, 0xF610, 0xF5F0, 0xE56E, 0xE50B,
    0x3922, 0x0000, 0x5248, 0x6B6E, 0x526A, 0x39E7, 0x2965, 0x18E4,
    0x52AB, 0xFFFF, 0xFFFF, 0xCE58, 0x3103, 0x3125, 0x7B8F, 0xFFDF,
    0xF75D, 0xEF3C, 0x9C50, 0x1840, 0x0820, 0x0800, 0x2081, 0x4122,
    0x9305, 0xF5AD, 0xFED3, 0xE4CB, 0xDB64, 0xF446, 0xFDAA, 0xD406,
    0xBB44, 0xC3A6, 0xC3C6, 0xCC08, 0xD449, 0xD449, 0xDCAA, 0xE4EC,
    0xE4EB, 0xED4D, 0xF5D0, 0xF612, 0xF5D0, 0xF5F1, 0xF653, 0xFE95,
    0xFE74, 0xFEB5, 0xF632, 0xF633, 0xF653, 0xF5F1, 0xED8E, 0xFE31,
    0xF632, 0xF696, 0xDE57, 0xCE18, 0xC5F8, 0xC5F8, 0xC618, 0xC618,
    0xC5F8, 0xCDF8, 0xCDF8, 0xC5F7, 0xC5B6, 0xBD75, 0xBD33, 0xBCD1,
    0xB48F, 0xB44C, 0xB42B, 0xBC4C, 0xBCAE, 0xC511, 0xCD73, 0xCDB5,
    0xD5F7, 0xD638, 0xD638, 0xD638, 0xD639, 0xCE38, 0xCE18, 0xCE18,
    0xCE18, 0xCDF8, 0xCDF8, 0xCE18, 0xCE18, 0xCE18, 0xCE18, 0xCE18,
    0x934A, 0x934A, 0x934A, 0x934A, 0x934A, 0x934A, 0x934A, 0x934A,
    0x934A, 0x8B2A, 0x8B2A, 0x8B2A, 0x8B2A, 0x8B2A, 0x8B2A, 0x8B2A,
    0x8B29, 0x9349, 0x9B4A, 0x9B6A, 0xA36A, 0xA36A, 0x9B6A, 0x9B6A,
    0x934A, 0x8B29, 0x8309, 0x82E9, 0x82E8, 0x82C8, 0x82A7, 0x8286,
    0x8265, 0x8244, 0x7A23, 0x7A02, 0x8202, 0x8222, 0x8223, 0x8223,
    0x8223, 0x8243, 0x8243, 0x8A64, 0x8A84, 0x8A84, 0x8A84, 0x9284,
    0x92A4, 0x92A4, 0x92A4, 0x92C5, 0x9B06, 0xA347, 0xABA8, 0xABC9,
    0xB3EA, 0xB40A, 0xB40A, 0xABEA, 0xA3CA, 0x9BA9, 0x9369, 0x9348,
    0x8B48, 0x9348, 0x9B89, 0xABC9, 0xA3C9, 0xD4AB, 0xFCA7, 0xE3E6,
    0xE384, 0xF50A, 0xFF14, 0xFE4E, 0xFDCB, 0xFDEB, 0xED29, 0x5961,
    0x6247, 0xF73C, 0xF77D, 0xF77D, 0xFFFF, 0x6AEB, 0x3040, 0x5920,
    0x48E0, 0x0000, 0x0820, 0x0820, 0x0000, 0x0000, 0x0000, 0x0000,
    0x0000, 0x0000, 0x0000, 0x0020, 0x0820, 0x0820, 0x1840, 0x1000,
    0xA388, 0xFE71, 0xFEB3, 0xFEB3, 0xFE91, 0xFE0D, 0xFD8A, 0xFD29,
    0xF54C, 0xFDF0, 0xFE94, 0xFF17, 0xFF38, 0xFF38, 0xFF39, 0xFF38,
    0xFF59, 0xFF59, 0xFF59, 0xFF38, 0xFF38, 0xFEF6, 0xFE73, 0xFE73,
    0xFDEF, 0xFD8C, 0xFCC7, 0xFCC6, 0xFCA6, 0xF445, 0xF405, 0xEBA4,
    0xE362, 0xFD29, 0xFE92, 0xFE51, 0xF5F0, 0xEDF1, 0xED6D, 0xB3C8,
    0x0820, 0x1881, 0x5ACB, 0x4208, 0x18C3, 0x0041, 0x0020, 0x0000,
    0x4208, 0xFFFF, 0xFFFF, 0xE71C, 0x4165, 0x41A6, 0x3966, 0xBDD7,
    0xFFFF, 0xEF7D, 0xDEBA, 0x41C6, 0x0800, 0x0800, 0x7223, 0xDC67,
    0xFDAB, 0xFE2F, 0xFED3, 0xE4EB, 0xD303, 0xEC05, 0xFD69, 0xE4CB,
    0xC429, 0xCBE6, 0xCBE6, 0xCC07, 0xD448, 0xD448, 0xD469, 0xD469,
    0xDCCA, 0xE4EB, 0xED6E, 0xF5D0, 0xEDB0, 0xEDD0, 0xED8E, 0xF5F1,
    0xF5D0, 0xEDD0, 0xF611, 0xEDAF, 0xEDD0, 0xF611, 0xEDF1, 0xE634,
    0xDE57, 0xCE38, 0xC618, 0xC5F7, 0xC5F7, 0xC5F8, 0xC618, 0xC618,
    0xC5F8, 0xCDF8, 0xC5F8, 0xC5F7, 0xC5D6, 0xBD75, 0xBD33, 0xBCF1,
    0xB48F, 0xB44C, 0xBC4B, 0xBC4C, 0xC4AE, 0xC511, 0xCD73, 0xCDD5,
    0xD5F7, 0xD638, 0xD638, 0xD638, 0xD638, 0xCE38, 0xCE38, 0xCE18,
    0xCE18, 0xCE18, 0xCE18, 0xCE18, 0xCE18, 0xCE18, 0xCE18, 0xCE18,
    0x934A, 0x934A, 0x934A, 0x934A, 0x934A, 0x934A, 0x934A, 0x934A,
    0x934A, 0x932A, 0x934A, 0x934A, 0x8B4A, 0x8B4A, 0x8B2A, 0x8B2A,
    0x934A, 0x9B6A, 0xA38A, 0xABAA, 0xABAA, 0xABAA, 0xABAA, 0xA3AA,
    0x9B8A, 0x934A, 0x8B2A, 0x82E9, 0x82E8, 0x82E8, 0x82C7, 0x8286,
    0x8265, 0x8244, 0x7A23, 0x7A02, 0x8223, 0x8223, 0x8223, 0x8243,
    0x8243, 0x8243, 0x8263, 0x8A64, 0x8A84, 0x8A84, 0x8A84, 0x92A4,
    0x92A4, 0x92A4, 0x92C4, 0x92C5, 0x9B06, 0xA347, 0xABA8, 0xABC9,
    0xB3E9, 0xB3EA, 0xB3EA, 0xABEA, 0xA3CA, 0xA3A9, 0x9369, 0x9348,
    0x9348, 0x9348, 0x9B89, 0xABC9, 0xA3CA, 0xD4AA, 0xFCC7, 0xEC26,
    0xEC25, 0xF60F, 0xFEF3, 0xFE4E, 0xFDEC, 0xFE0B, 0xED29, 0x69A1,
    0x8309, 0xF73C, 0xF75D, 0xF75D, 0xFFFF, 0x6B2C, 0x3060, 0x6140,
    0x5920, 0x0820, 0x0820, 0x0820, 0x0000, 0x0000, 0x0000, 0x0000,
    0x0000, 0x0000, 0x0820, 0x0840, 0x1040, 0x0820, 0x2880, 0x2020,
    0xBC6B, 0xFED4, 0xFEB4, 0xFED3, 0xFE92, 0xFEB4, 0xFED5, 0xFEF7,
    0xFF39, 0xFF59, 0xFF59, 0xFF38, 0xFF18, 0xFF18, 0xFF38, 0xFF59,
    0xFF59, 0xFF39, 0xFF59, 0xFF39, 0xFF59, 0xFF7A, 0xFF9A, 0xFF7B,
    0xFF7A, 0xFF59, 0xFF17, 0xFE72, 0xFD6B, 0xFC86, 0xF403, 0xF425,
    0xEC04, 0xFD6B, 0xFEB3, 0xFE72, 0xF610, 0xE5AF, 0xED4C, 0x6224,
    0x0000, 0x20E3, 0x2966, 0x10A2, 0x0000, 0x0000, 0x0000, 0x0020,
    0x0020, 0x7BCF, 0xC638, 0x632C, 0x3924, 0x5207, 0x41A7, 0x6B2D,
    0xFFBF, 0xEF5D, 0xF77D, 0x8BEF, 0x0800, 0x0800, 0x92E6, 0xFDAA,
    0xFD8C, 0xFDEE, 0xFE91, 0xE4EB, 0xC2A2, 0xE3C5, 0xFCE8, 0xDDB3,
    0xCDD6, 0xD551, 0xD50E, 0xD4CC, 0xDC89, 0xDC89, 0xDC89, 0xDC69,
    0xDCA9, 0xDC89, 0xE4CA, 0xED8E, 0xE54D, 0xE52C, 0xED6D, 0xE54C,
    0xEDAF, 0xE56E, 0xEDD1, 0xEE33, 0xE634, 0xE656, 0xD637, 0xC618,
    0xC618, 0xC618, 0xC5F7, 0xC5F8, 0xC5F8, 0xC5F8, 0xC618, 0xC618,
    0xC618, 0xC5F8, 0xCDF8, 0xC5F7, 0xC5D6, 0xBD75, 0xBD33, 0xBCF1,
    0xBC8F, 0xB44C, 0xB42B, 0xBC4C, 0xC4AE, 0xC511, 0xCD73, 0xCDD5,
    0xD5F7, 0xD638, 0xD638, 0xD638, 0xD638, 0xCE38, 0xCE38, 0xCE38,
    0xCE18, 0xCE18, 0xCE38, 0xCE38, 0xCE38, 0xD638, 0xD638, 0xD638,
    0x936A, 0x936A, 0x934A, 0x936A, 0x936A, 0x936A, 0x936A, 0x936A,
    0x934A, 0x934A, 0x934A, 0x934A, 0x934A, 0x934A, 0x934A, 0x936A,
    0x9B8A, 0xABCA, 0xB3EB, 0xB3EB, 0xB3EB, 0xB3EB, 0xB3EB, 0xB3CB,
    0xABAB, 0x9B8A, 0x936A, 0x8B09, 0x82E8, 0x82E8, 0x82A7, 0x82A6,
    0x8285, 0x8244, 0x7A23, 0x8223, 0x8223, 0x8223, 0x8223, 0x8243,
    0x8243, 0x8243, 0x8263, 0x8A64, 0x8A84, 0x8A84, 0x8A84, 0x92A4,
    0x92A4, 0x92A4, 0x92A4, 0x92C5, 0x9B06, 0xA347, 0xABA8, 0xABC9,
    0xB3E9, 0xB3EA, 0xB40A, 0xABEA, 0xA3CA, 0xA3A9, 0x9B89, 0x9349,
    0x9348, 0x9368, 0x9B89, 0xABC9, 0xA3A9, 0xDCCB, 0xFD49, 0xFD6B,
    0xFDEE, 0xFED4, 0xFED2, 0xFE6F, 0xFDCB, 0xFE0C, 0xED4A, 0xB344,
    0x9B8A, 0xEEDA, 0xF73C, 0xF75C, 0xFFFF, 0x83EF, 0x2820, 0x6960,
    0x7980, 0x1860, 0x0820, 0x0820, 0x0820, 0x0820, 0x0820, 0x0820,
    0x0820, 0x0840, 0x1060, 0x1060, 0x1060, 0x1860, 0x3080, 0x38C0,
    0xEDAF, 0xFEF5, 0xFED6, 0xFEF6, 0xFF17, 0xFF18, 0xFF39, 0xFF39,
    0xFF38, 0xFF38, 0xFF38, 0xFF39, 0xFF39, 0xFF59, 0xFF7A, 0xFF7A,
    0xFF7A, 0xFF7A, 0xFF7A, 0xFF59, 0xFF7A, 0xFF7A, 0xFF7A, 0xFF7A,
    0xFF5A, 0xFF5A, 0xFF7A, 0xFF7B, 0xFF59, 0xFEB4, 0xFD6C, 0xF466,
    0xF445, 0xFD09, 0xFE92, 0xFE72, 0xF5F0, 0xEDAF, 0xE50B, 0x30E2,
    0x0800, 0x1082, 0x1082, 0x0841, 0x0000, 0x0000, 0x0000, 0x0000,
    0x0000, 0x0000, 0x0841, 0x0862, 0x3144, 0x5A28, 0x5228, 0x39A7,
    0xD679, 0xF77E, 0xF75D, 0xC5D6, 0x20C2, 0x1840, 0x2080, 0x51A3,
    0x9326, 0xED6C, 0xFEB2, 0xE4CA, 0xC2C2, 0xEC06, 0xF488, 0xD593,
    0xC5F7, 0xC5F7, 0xC617, 0xCDF6, 0xD5D5, 0xCDB3, 0xD550, 0xD591,
    0xDD91, 0xE54D, 0xE54E, 0xE56F, 0xE58F, 0xDD90, 0xDDB1, 0xDDD2,
    0xDDF4, 0xD5F6, 0xCE17, 0xCE18, 0xC638, 0xC618, 0xC5F8, 0xC5F8,
    0xC5F8, 0xC618, 0xC5F8, 0xC5F7, 0xC5F8, 0xC5F7, 0xC618, 0xC618,
    0xCE18, 0xCE18, 0xCDF8, 0xC5F7, 0xC5B6, 0xBD75, 0xBD33, 0xBCF1,
    0xBC8F, 0xBC4C, 0xB42B, 0xBC4C, 0xC4AE, 0xC511, 0xCD73, 0xCDD5,
    0xD5F7, 0xD638, 0xD638, 0xD638, 0xD638, 0xD638, 0xCE38, 0xCE38,
    0xD638, 0xD638, 0xD638, 0xCE38, 0xD638, 0xD638, 0xD638, 0xD638,
    0x936A, 0x936A, 0x936A, 0x936B, 0x936A, 0x936A, 0x936A, 0x936A,
    0x936A, 0x934A, 0x934A, 0x934A, 0x934A, 0x936A, 0x9B6A, 0xA3AA,
    0xABCB, 0xB40B, 0xBC2B, 0xC42B, 0xC42B, 0xC42B, 0xBC2B, 0xBC0B,
    0xB3EB, 0xABAA, 0xA38A, 0x9349, 0x8B08, 0x82C8, 0x82A7, 0x82A6,
    0x8285, 0x8264, 0x8243, 0x8223, 0x8223, 0x8223, 0x8243, 0x8243,
    0x8243, 0x8243, 0x8A63, 0x8A63, 0x8A84, 0x8A84, 0x9284, 0x92A4,
    0x92A4, 0x92A4, 0x92A4, 0x92C5, 0x9B06, 0x9B47, 0xAB88, 0xABC9,
    0xB3E9, 0xB40A, 0xB40A, 0xAC0A, 0xA3CA, 0x9BAA, 0x9389, 0x9349,
    0x9348, 0x9369, 0x9B89, 0xABC9, 0xA3C9, 0xE4EB, 0xFDAC, 0xFE50,
    0xFE71, 0xFEF4, 0xFEB1, 0xFE4E, 0xFDAA, 0xFDAA, 0xFDEC, 0xFDCB,
    0x9B47, 0xD5B5, 0xF73B, 0xF73C, 0xFFDF, 0xBD96, 0x2040, 0x6940,
    0x99E0, 0x5100, 0x0000, 0x1040, 0x1040, 0x1040, 0x1040, 0x1040,
    0x1040, 0x1060, 0x1060, 0x1060, 0x1040, 0x3080, 0x3060, 0xA389,
    0xFF16, 0xFEF7, 0xFF18, 0xFF38, 0xFF39, 0xFF39, 0xFF59, 0xFF59,
    0xFF59, 0xFF59, 0xFF7A, 0xFF7A, 0xFF7A, 0xFF7A, 0xFF7B, 0xFF9B,
    0xFF9B, 0xFF9B, 0xFF9B, 0xFF9B, 0xFF9B, 0xFF9B, 0xFF9B, 0xFF9B,
    0xFF9B, 0xFF9B, 0xFF7A, 0xFF7A, 0xFF5A, 0xFF7A, 0xFF7A, 0xFE73,
    0xFD4B, 0xFD29, 0xFE0E, 0xFE72, 0xF631, 0xF5F0, 0xC449, 0x1820,
    0x1820, 0x0840, 0x0041, 0x0000, 0x0000, 0x0000, 0x0000, 0x0000,
    0x0000, 0x0841, 0x0841, 0x0861, 0x18C2, 0x51E7, 0x6228, 0x3145,
    0xAD14, 0xFFBE, 0xEF3C, 0xE6DA, 0x49E6, 0x1020, 0x28A1, 0xA324,
    0xE467, 0xFD8C, 0xFE71, 0xECEB, 0xDB64, 0xE3E5, 0xEC46, 0xD5B3,
    0xC618, 0xC5F7, 0xC5F7, 0xC5F7, 0xC5F8, 0xC5F8, 0xC618, 0xC618,
    0xCE18, 0xD617, 0xCE17, 0xCE18, 0xCE17, 0xCE17, 0xCE18, 0xCE18,
    0xC5F8, 0xC5F8, 0xC5F8, 0xC5F8, 0xC618, 0xC618, 0xC618, 0xC618,
    0xC5F8, 0xC5F8, 0xC5F7, 0xC5F7, 0xC5F7, 0xC5F7, 0xC618, 0xC618,
    0xCE18, 0xCE18, 0xCDF8, 0xC5F7, 0xC5D6, 0xBD95, 0xBD33, 0xBCF1,
    0xBCAF, 0xBC4C, 0xB42B, 0xBC4C, 0xC4AE, 0xC510, 0xCD73, 0xCDB5,
    0xD5F7, 0xD638, 0xD638, 0xD638, 0xD638, 0xD618, 0xCE18, 0xCE18,
    0xD638, 0xD638, 0xD638, 0xD638, 0xD638, 0xD638, 0xD659, 0xD659,
    0x936B, 0x936A, 0x936A, 0x936B, 0x936B, 0x9B6B, 0x9B6B, 0x9B6B,
    0x936B, 0x934A, 0x936A, 0x9B6B, 0x9B6B, 0x9B8B, 0xA3AB, 0xABCB,
    0xBC0B, 0xC42B, 0xCC4B, 0xCC6B, 0xCC6B, 0xCC6B, 0xCC4B, 0xC42B,
    0xBC0B, 0xB3EA, 0xABAA, 0xA369, 0x9329, 0x8AE8, 0x82A7, 0x82A6,
    0x8285, 0x8264, 0x8243, 0x8223, 0x8223, 0x8223, 0x8243, 0x8243,
    0x8243, 0x8243, 0x8A63, 0x8A63, 0x8A84, 0x9284, 0x92A4, 0x92A4,
    0x92A4, 0x92A4, 0x92A4, 0x92C5, 0x9B06, 0xA347, 0xABA8, 0xABE9,
    0xB3E9, 0xB40A, 0xB40A, 0xAC0A, 0xA3CA, 0x9BA9, 0x9369, 0x9348,
    0x9348, 0x9369, 0x9B89, 0xA3C9, 0xAC0A, 0xED2B, 0xFDAC, 0xFE50,
    0xFE91, 0xFEF4, 0xFE90, 0xFE0C, 0xFDEB, 0xFDEC, 0xFE0D, 0xFE4E,
    0xD489, 0xAC2E, 0xEEDA, 0xF73C, 0xF77D, 0xEF3C, 0x3944, 0x58E0,
    0x91E0, 0x9A00, 0x1040, 0x0000, 0x1040, 0x1060, 0x1060, 0x1060,
    0x1060, 0x1060, 0x1060, 0x0820, 0x3880, 0x7A44, 0xD530, 0xFED7,
    0xFF39, 0xFF39, 0xFF39, 0xFF18, 0xFF18, 0xFF38, 0xFF39, 0xFF39,
    0xFF59, 0xFF59, 0xFF7A, 0xFF7A, 0xFF9B, 0xFF9B, 0xFF9B, 0xFF9B,
    0xFF9B, 0xFF9B, 0xFF9B, 0xFF9B, 0xFF9B, 0xFF9B, 0xFF9C, 0xFF9B,
    0xFF9B, 0xFFBC, 0xFF9B, 0xFF9B, 0xFF9B, 0xFF7A, 0xFF7A, 0xFF7B,
    0xFF38, 0xFE72, 0xFE0E, 0xFE72, 0xFE52, 0xFE31, 0x9347, 0x0000,
    0x1840, 0x0000, 0x0000, 0x0000, 0x0000, 0x0000, 0x0000, 0x0000,
    0x0000, 0x0000, 0x0020, 0x0841, 0x0861, 0x4165, 0x6207, 0x3103,
    0x8C10, 0xFFDF, 0xEF1C, 0xEF1C, 0x6AEB, 0x0800, 0x1060, 0xD426,
    0xFDEC, 0xFE0F, 0xFED3, 0xD449, 0xD344, 0xF466, 0xECEB, 0xCE17,
    0xC618, 0xC617, 0xC5F7, 0xC5F7, 0xC5F7, 0xC5F7, 0xC5F7, 0xC5F7,
    0xC5F7, 0xC618, 0xC5F8, 0xC5F8, 0xC618, 0xC5F8, 0xC618, 0xC5F7,
    0xC5F7, 0xC5F7, 0xC5F8, 0xC618, 0xC618, 0xC618, 0xC618, 0xC618,
    0xC5F8, 0xC5F7, 0xC5F7, 0xC618, 0xC617, 0xC5F7, 0xC618, 0xC618,
    0xCE18, 0xC618, 0xCDF8, 0xC5F7, 0xC5D6, 0xBD95, 0xBD33, 0xBCF1,
    0xBCAF, 0xB44C, 0xB42B, 0xBC4C, 0xC4AE, 0xC4F0, 0xCD52, 0xCD94,
    0xCDD5, 0xD617, 0xD617, 0xD617, 0xCE17, 0xCDF7, 0xCE17, 0xCE18,
    0xCE18, 0xD618, 0xCE18, 0xD618, 0xD638, 0xD638, 0xD638, 0xD638,
    0x936B, 0x936B, 0x936B, 0x936B, 0x936B, 0x9B6B, 0x9B6B, 0x9B6B,
    0x9B6B, 0x9B6B, 0x9B6B, 0x9B6B, 0x9B8B, 0xA3AB, 0xABCB, 0xBC0B,
    0xC42B, 0xC44B, 0xCC6C, 0xD4AC, 0xD4AC, 0xD4AC, 0xD48B, 0xCC4B,
    0xC42B, 0xBC0A, 0xB3CA, 0xABAA, 0x9B49, 0x9308, 0x8AC7, 0x82A6,
    0x8265, 0x8264, 0x8243, 0x8223, 0x8223, 0x8223, 0x8243, 0x8A43,
    0x8A43, 0x8A63, 0x8A64, 0x8A64, 0x9284, 0x9284, 0x92A4, 0x92A4,
    0x92A4, 0x92A4, 0x92C4, 0x92C5, 0x9B06, 0xA347, 0xABA8, 0xABE9,
    0xB3E9, 0xB40A, 0xB40A, 0xAC0A, 0xA3CA, 0x9BA9, 0x9369, 0x9348,
    0x9348, 0x9369, 0x9B89, 0xA3C9, 0xAC0A, 0xED8D, 0xFE2E, 0xFE0D,
    0xFE91, 0xFED2, 0xFE4E, 0xFE4E, 0xFE0C, 0xFDCA, 0xFDCB, 0xFE0D,
    0xFE2D, 0xE52C, 0xDD93, 0xE6B9, 0xEEDB, 0xFF9D, 0xA4B2, 0x3040,
    0x79A0, 0x89C0, 0x6980, 0x1860, 0x0000, 0x0840, 0x0840, 0x0820,
    0x0000, 0x0000, 0x0000, 0x5961, 0xCC8C, 0xFEF8, 0xFF5A, 0xFF18,
    0xFF39, 0xFF39, 0xFF59, 0xFF59, 0xFF59, 0xFF39, 0xFF18, 0xFF39,
    0xFF59, 0xFF59, 0xFF7A, 0xFF7A, 0xFF9B, 0xFF9B, 0xFF9B, 0xFF9A,
    0xFF9B, 0xFF9B, 0xFFBC, 0xFF9B, 0xFF9B, 0xFF9B, 0xFF9B, 0xFF9B,
    0xFF9B, 0xFFBC, 0xFF9C, 0xFF9B, 0xFF9B, 0xFF9B, 0xFF9B, 0xFF7A,
    0xFF5A, 0xFF7A, 0xFF17, 0xFEB4, 0xF652, 0xFE51, 0x7265, 0x0000,
    0x1840, 0x0820, 0x0000, 0x0000, 0x0000, 0x0000, 0x0000, 0x0000,
    0x0000, 0x0000, 0x0020, 0x0841, 0x0020, 0x30E2, 0x5163, 0x3080,
    0x7B8E, 0xFFFF, 0xEF1C, 0xEF1C, 0x7B6D, 0x0800, 0x0800, 0x2080,
    0xABC8, 0xFDEE, 0xFEB2, 0xED4D, 0xDBE6, 0xF467, 0xED2C, 0xC618,
    0xC617, 0xC618, 0xC618, 0xC618, 0xC618, 0xC5F7, 0xC617, 0xC5F7,
    0xC5F7, 0xC617, 0xC5F7, 0xC5F7, 0xC5F7, 0xC5F8, 0xC618, 0xC618,
    0xC618, 0xC5F7, 0xC5F8, 0xC5F8, 0xC5F8, 0xC618, 0xC618, 0xC618,
    0xC5F8, 0xC5F7, 0xC5F7, 0xC618, 0xC618, 0xC5F8, 0xC5F8, 0xC618,
    0xC618, 0xC618, 0xC5F8, 0xC5F7, 0xC5D6, 0xBD95, 0xBD33, 0xBCF1,
    0xBC8F, 0xB44C, 0xB42B, 0xBC2B, 0xBC6D, 0xC4CF, 0xC511, 0xCD53,
    0xCD94, 0xCDD5, 0xCDF6, 0xCDD6, 0xCDD6, 0xCDD6, 0xCDD6, 0xCDF6,
    0xCDF7, 0xCDF7, 0xCDF7, 0xCDF7, 0xD5F7, 0xD617, 0xD617, 0xD617,
    0x936B, 0x936B, 0x936B, 0x936B, 0x9B6B, 0x9B6B, 0x9B6B, 0x9B6B,
    0x9B6B, 0x9B8B, 0x9B8B, 0x9B8B, 0xA3AB, 0xB3EB, 0xBC0B, 0xC42B,
    0xC44B, 0xCC6C, 0xD4AC, 0xDCCC, 0xDCEC, 0xDCCC, 0xD4AB, 0xD46B,
    0xCC4B, 0xC42B, 0xBC0A, 0xB3CA, 0xAB89, 0x9B48, 0x9307, 0x8AA6,
    0x8265, 0x8244, 0x8223, 0x8223, 0x8223, 0x8243, 0x8243, 0x8A43,
    0x8A63, 0x8A64, 0x8A64, 0x8A84, 0x9284, 0x92A4, 0x92A4, 0x92A4,
    0x92A4, 0x92A4, 0x92C4, 0x92C5, 0x9B06, 0xA347, 0xABA8, 0xB3E9,
    0xB3EA, 0xB40A, 0xB40A, 0xAC0A, 0xA3CA, 0x9BA9, 0x9369, 0x9348,
    0x9348, 0x9369, 0x9B89, 0xA3A9, 0xBC4B, 0xFDEE, 0xFE6F, 0xFE4E,
    0xFE4F, 0xFE6F, 0xFE4E, 0xFE2D, 0xFDEB, 0xFDA9, 0xFD89, 0xFDCA,
    0xFDEB, 0xFE2D, 0xFDEE, 0xEDD0, 0xE614, 0xE678, 0xF73C, 0x6ACA,
    0x2000, 0x4080, 0x6920, 0x89A0, 0x50E0, 0x2040, 0x1020, 0x20A1,
    0x4963, 0x7244, 0xBC2A, 0xF694, 0xFF59, 0xFF39, 0xFF18, 0xFF39,
    0xFF39, 0xFF59, 0xFF59, 0xFF7A, 0xFF9B, 0xFF7A, 0xFF59, 0xFF39,
    0xFF59, 0xFF59, 0xFF59, 0xFF7A, 0xFF7A, 0xFF7A, 0xFF7A, 0xFF9B,
    0xFF9B, 0xFF9B, 0xFF9B, 0xFF9B, 0xFF9B, 0xFF9B, 0xFF9B, 0xFF9B,
    0xFFBC, 0xFFBC, 0xFFBC, 0xFF9B, 0xFF9B, 0xFF9B, 0xFF9B, 0xFF9B,
    0xFF7B, 0xFF7A, 0xFF7A, 0xFF5A, 0xFEB5, 0xFE51, 0x6204, 0x0800,
    0x1860, 0x0820, 0x0800, 0x0000, 0x0000, 0x0000, 0x0000, 0x0000,
    0x0000, 0x0000, 0x0000, 0x0000, 0x0000, 0x38C0, 0x5101, 0x2020,
    0x736D, 0xFFFF, 0xEF1C, 0xEEFB, 0x83AE, 0x0000, 0x3901, 0xA386,
    0xC428, 0xF5AD, 0xFE50, 0xFE50, 0xFDAD, 0xFCE9, 0xF52B, 0xCDF7,
    0xC618, 0xC617, 0xCE18, 0xC618, 0xC618, 0xC618, 0xC617, 0xC5F8,
    0xC5F8, 0xC5F7, 0xC5F7, 0xC5F7, 0xC5F7, 0xC5F8, 0xC5F8, 0xC618,
    0xC618, 0xC618, 0xC618, 0xC618, 0xC5F7, 0xC5F8, 0xC618, 0xC5F7,
    0xC5F7, 0xC5F7, 0xC5F7, 0xC5F7, 0xC618, 0xC618, 0xC618, 0xC618,
    0xC618, 0xC618, 0xC5F8, 0xC5F7, 0xC5D6, 0xBD75, 0xBD33, 0xBCF1,
    0xB48F, 0xB44C, 0xB40A, 0xB40B, 0xBC4C, 0xBC8E, 0xC4CF, 0xC531,
    0xCD53, 0xCD94, 0xCD94, 0xCD95, 0xCD95, 0xCD95, 0xCDB5, 0xCDB5,
    0xCDB5, 0xCDB5, 0xCDD5, 0xCDB5, 0xCDD6, 0xCDD6, 0xCDD6, 0xD5F6,
    0x9B8B, 0x9B8B, 0x936B, 0x936B, 0x9B6B, 0x9B6B, 0x9B6B, 0x9B6B,
    0x9B6B, 0x9B8B, 0xA38B, 0xABAB, 0xABEB, 0xBC0B, 0xC44B, 0xCC6C,
    0xCC6C, 0xD4AC, 0xDCCC, 0xDCEC, 0xDCEC, 0xDCCC, 0xDCAB, 0xDCAB,
    0xD46B, 0xCC4B, 0xC42A, 0xBBEA, 0xB3AA, 0xAB69, 0x9B27, 0x92E6,
    0x8285, 0x8244, 0x8223, 0x8223, 0x8223, 0x8223, 0x8243, 0x8A43,
    0x8A63, 0x8A64, 0x8A84, 0x9284, 0x9284, 0x92A4, 0x92A4, 0x92A4,
    0x92A4, 0x92A4, 0x92C4, 0x92C5, 0x9B26, 0xA367, 0xABA8, 0xB3E9,
    0xB3EA, 0xB40A, 0xB40A, 0xAC0A, 0xA3CA, 0x9BA9, 0x9369, 0x9348,
    0x9348, 0x9369, 0x9B89, 0xA3A9, 0xC44A, 0xFDED, 0xFEF2, 0xFDEC,
    0xFDCC, 0xFEB2, 0xFE4F, 0xFE2D, 0xFDEB, 0xFDA9, 0xFD47, 0xFD89,
    0xFDEC, 0xFDEB, 0xFE0C, 0xFE0C, 0xFE0D, 0xFE2F, 0xF652, 0xF652,
    0x9B89, 0x8B06, 0xAB67, 0xBBE7, 0xD447, 0xD448, 0xDCA9, 0xED6A,
    0xFDEC, 0xFEB3, 0xFF58, 0xFF59, 0xFF18, 0xFF39, 0xFF39, 0xFF39,
    0xFF39, 0xFF39, 0xFF39, 0xFF59, 0xFF5A, 0xFF7A, 0xFF7A, 0xFF59,
    0xFF59, 0xFF59, 0xFF59, 0xFF59, 0xFF59, 0xFF7A, 0xFF7A, 0xFF7A,
    0xFF9B, 0xFF9B, 0xFF9A, 0xFF7A, 0xFF9A, 0xFF9B, 0xFF9B, 0xFF9B,
    0xFF9B, 0xFF9B, 0xFF9B, 0xFF9B, 0xFF9B, 0xFF9B, 0xFF9B, 0xFF9B,
    0xFF9B, 0xFF9B, 0xFF7B, 0xFF5A, 0xFF39, 0xFF17, 0x8308, 0x1000,
    0x1840, 0x1020, 0x0820, 0x0820, 0x0000, 0x0000, 0x0000, 0x0000,
    0x0000, 0x0000, 0x0000, 0x0000, 0x0820, 0x5920, 0x5920, 0x1000,
    0x7BCF, 0xFFDF, 0xEF1C, 0xEEFB, 0x8BCE, 0x0000, 0x7223, 0xFDEB,
    0xFE0D, 0xFE2F, 0xFE72, 0xFDEF, 0xFE71, 0xFDAC, 0xE4CB, 0xC5F7,
    0xC618, 0xC618, 0xC618, 0xC618, 0xC618, 0xC617, 0xC617, 0xC5F7,
    0xC5F7, 0xC5F7, 0xC5F7, 0xC5F7, 0xC5F7, 0xC5F8, 0xC618, 0xC618,
    0xC618, 0xC618, 0xC618, 0xC618, 0xC5F7, 0xC5F7, 0xC5F7, 0xC5F7,
    0xC5F7, 0xC5F7, 0xC5F8, 0xC5F8, 0xC5F8, 0xC5F8, 0xC5F8, 0xC618,
    0xC618, 0xC618, 0xC618, 0xC5F7, 0xC5B6, 0xBD75, 0xBD33, 0xBCF1,
    0xB48F, 0xB44C, 0xB40A, 0xB40A, 0xBC2B, 0xBC6C, 0xC4AE, 0xC4F0,
    0xC511, 0xC532, 0xC532, 0xC552, 0xC553, 0xC553, 0xC573, 0xCD73,
    0xCD73, 0xCD73, 0xCD73, 0xCD73, 0xCD74, 0xCD94, 0xCD94, 0xCD94,
    0x9B8B, 0x9B8B, 0x9B6B, 0x9B6B, 0x9B6B, 0x9B6B, 0x9B6B, 0x9B6B,
    0x9B8B, 0xA3AB, 0xABCB, 0xB3EB, 0xBC0B, 0xC42B, 0xCC6C, 0xCC8C,
    0xD4AC, 0xDCCC, 0xDCEC, 0xDCEC, 0xDCCC, 0xDCCC, 0xDCCB, 0xDCCB,
    0xD4AB, 0xD46B, 0xCC4B, 0xC42A, 0xBBEA, 0xB3A9, 0xA368, 0x9B07,
    0x8AC6, 0x8264, 0x7A23, 0x8223, 0x8223, 0x8223, 0x8243, 0x8A43,
    0x8A63, 0x8A64, 0x8A84, 0x9284, 0x92A4, 0x92A4, 0x92A4, 0x92C5,
    0x92C5, 0x92A4, 0x92C4, 0x9AE5, 0x9B26, 0xA367, 0xABA8, 0xB3E9,
    0xB3EA, 0xB40A, 0xB40A, 0xAC0A, 0xA3CA, 0x9BA9, 0x9369, 0x9369,
    0x9349, 0x9369, 0x9BA9, 0xA3A9, 0xCC8A, 0xFE4E, 0xFDCD, 0xFCC8,
    0xFE91, 0xFED2, 0xFE6F, 0xFE4D, 0xFDEB, 0xFDCA, 0xFDA9, 0xFDA9,
    0xFDCA, 0xFDCA, 0xFD89, 0xFDAA, 0xFDCB, 0xFE0C, 0xFE0C, 0xFDEC,
    0xFE6E, 0xFE4D, 0xFE4D, 0xFE2D, 0xFDEB, 0xFDCA, 0xFD89, 0xFDED,
    0xFED5, 0xFF39, 0xFF19, 0xFF39, 0xFF39, 0xFF39, 0xFF39, 0xFF18,
    0xFEF7, 0xFEF7, 0xFF17, 0xFF39, 0xFF59, 0xFF7A, 0xFF7A, 0xFF7A,
    0xFF59, 0xFF59, 0xFF38, 0xFF39, 0xFF39, 0xFF59, 0xFF59, 0xFF7A,
    0xFF7A, 0xFF7A, 0xFF59, 0xFF7A, 0xFF9A, 0xFF9A, 0xFF9B, 0xFF9B,
    0xFF9B, 0xFF7A, 0xFF7A, 0xFF9B, 0xFF9B, 0xFF9B, 0xFF9B, 0xFF7A,
    0xFF9B, 0xFF9B, 0xFF9B, 0xFF7A, 0xFF59, 0xFF5A, 0xFF3A, 0x93AC,
    0x2060, 0x1040, 0x1040, 0x1040, 0x0840, 0x0820, 0x0020, 0x0000,
    0x0000, 0x0000, 0x0020, 0x0000, 0x2060, 0x7180, 0x6140, 0x1000,
    0xA4F3, 0xFF9E, 0xEF1C, 0xF73C, 0x83CE, 0x0800, 0x61C3, 0xFD8B,
    0xFDCD, 0xFE2F, 0xFE72, 0xFE51, 0xFE92, 0xFDEE, 0xE4ED, 0xC619,
    0xC5F7, 0xC618, 0xC618, 0xC618, 0xC618, 0xC618, 0xC618, 0xC5F7,
    0xC618, 0xC618, 0xC5F7, 0xC5F7, 0xC5F7, 0xC618, 0xC618, 0xC618,
    0xC5F8, 0xC618, 0xC5F8, 0xC5F8, 0xC5F8, 0xC5F7, 0xC5F7, 0xC5F7,
    0xC5F7, 0xC5F7, 0xC5F8, 0xC5F8, 0xC5F8, 0xC5F8, 0xC618, 0xC618,
    0xCE18, 0xC618, 0xC618, 0xC5F8, 0xC5B6, 0xBD75, 0xBD33, 0xBCF1,
    0xB48F, 0xB44C, 0xB3EA, 0xB3E9, 0xB40A, 0xBC2B, 0xBC6D, 0xBCAE,
    0xC4CF, 0xC4F0, 0xC4F0, 0xC4F0, 0xC4F1, 0xC511, 0xC511, 0xC532,
    0xC532, 0xCD32, 0xCD32, 0xCD32, 0xCD32, 0xCD32, 0xCD52, 0xCD52,
    0x9B8B, 0x9B6B, 0x9B6B, 0x9B6B, 0x936B, 0x936B, 0x9B6B, 0x9B8B,
    0xA3AB, 0xABCB, 0xB3EB, 0xBC0B, 0xC44B, 0xCC6C, 0xD48C, 0xD4AC,
    0xDCCC, 0xDCEC, 0xDCEC, 0xDCEC, 0xDCCC, 0xDCCC, 0xDCEB, 0xDCEC,
    0xDCCB, 0xD4AB, 0xD48B, 0xCC6B, 0xC42A, 0xBBEA, 0xB3A9, 0xA348,
    0x9B06, 0x8A85, 0x8223, 0x7A03, 0x7A23, 0x8223, 0x8243, 0x8243,
    0x8A63, 0x8A64, 0x8A84, 0x9284, 0x92A4, 0x92A4, 0x92C5, 0x92C5,
    0x92C5, 0x92A4, 0x92C5, 0x9AE5, 0x9B26, 0xA367, 0xABA8, 0xABC9,
    0xB3EA, 0xB40A, 0xB40A, 0xABEA, 0xA3CA, 0x9BAA, 0x9389, 0x9369,
    0x9369, 0x9369, 0x9B89, 0xABEA, 0xF54B, 0xFD29, 0xFCE8, 0xFE92,
    0xFF14, 0xFEB1, 0xFE90, 0xFE6E, 0xFE4C, 0xFE2C, 0xFE2C, 0xFE2C,
    0xFE0C, 0xFDEB, 0xFDEB, 0xFDEC, 0xFE0C, 0xFDEB, 0xFD8A, 0xFDAA,
    0xFDAA, 0xFDAA, 0xFD89, 0xFD68, 0xFD68, 0xFDAB, 0xFE72, 0xFF39,
    0xFF39, 0xFF18, 0xFF39, 0xFF39, 0xFF39, 0xFF18, 0xFEF7, 0xFEB5,
    0xFE95, 0xFE75, 0xFEB5, 0xFF18, 0xFF39, 0xFF59, 0xFF5A, 0xFF59,
    0xFF18, 0xFF38, 0xFF38, 0xFF18, 0xFF38, 0xFF38, 0xFF59, 0xFF59,
    0xFF59, 0xFF59, 0xFF7A, 0xFF7A, 0xFF9B, 0xFF9A, 0xFF7A, 0xFF7A,
    0xFF7A, 0xFF7A, 0xFF7A, 0xFF7A, 0xFF9B, 0xFF7A, 0xFF59, 0xFF7A,
    0xFF9B, 0xFF9B, 0xFF9B, 0xFF9B, 0xFF9B, 0xFF7A, 0xFF9B, 0xFFBC,
    0x9BAB, 0x1820, 0x1061, 0x1881, 0x1060, 0x1040, 0x0840, 0x0840,
    0x0820, 0x0840, 0x0840, 0x0000, 0x48E0, 0x7180, 0x5900, 0x28C2,
    0xDE79, 0xF73C, 0xEF1B, 0xF73C, 0x732C, 0x3901, 0x8AA5, 0xA366,
    0xFE0D, 0xFE2F, 0xFE71, 0xFE92, 0xFE92, 0xFDAD, 0xDCAC, 0xC618,
    0xC5F7, 0xC618, 0xC5F8, 0xC618, 0xC618, 0xC618, 0xC618, 0xC618,
    0xC618, 0xC618, 0xC618, 0xC618, 0xC618, 0xC618, 0xC618, 0xC618,
    0xC618, 0xC618, 0xC5F8, 0xC618, 0xC618, 0xC5F7, 0xC5F7, 0xC5F8,
    0xC5F7, 0xC5F8, 0xC5F8, 0xC5F8, 0xC5F8, 0xC5F8, 0xC618, 0xCE18,
    0xCE18, 0xCE18, 0xCE18, 0xC5F8, 0xC5D7, 0xBD75, 0xBD33, 0xB4D1,
    0xB48F, 0xB44C, 0xB3EA, 0xB3C8, 0xB3E8, 0xB3EA, 0xBC2B, 0xBC6C,
    0xBC8E, 0xBC8E, 0xBC8E, 0xBC8E, 0xBCAE, 0xBCAF, 0xC4CF, 0xC4CF,
    0xC4CF, 0xC4EF, 0xC4F0, 0xC4F0, 0xC4F0, 0xC4F0, 0xCCF0, 0xCD10,
    0x936B, 0x936B, 0x9B6B, 0x936B, 0x936B, 0x936B, 0x9B8B, 0xA3AB,
    0xABEB, 0xB40B, 0xBC2B, 0xC44B, 0xCC6C, 0xD48C, 0xD4AC, 0xDCCC,
    0xDCEC, 0xE4EC, 0xE4EC, 0xE4EC, 0xDCCB, 0xDCCB, 0xDCCB, 0xDCCB,
    0xDCCB, 0xDCCB, 0xD4AB, 0xD48B, 0xCC4B, 0xC42A, 0xBBC9, 0xAB88,
    0xA327, 0x92E6, 0x8A84, 0x8223, 0x7A03, 0x7A22, 0x8223, 0x8243,
    0x8A43, 0x8A63, 0x8A64, 0x9284, 0x92A4, 0x92A4, 0x92C4, 0x92C4,
    0x92C4, 0x92C4, 0x92C4, 0x9AE5, 0x9B26, 0xA367, 0xABA8, 0xABC9,
    0xB3EA, 0xB40A, 0xB40A, 0xABEA, 0xA3CA, 0x9BA9, 0x9B89, 0x9369,
    0x9349, 0x9369, 0x9369, 0xC44A, 0xFD09, 0xFD29, 0xFE92, 0xFF77,
    0xFED2, 0xFED2, 0xFEB0, 0xFD69, 0xEBE4, 0xF465, 0xFE0C, 0xFE2C,
    0xFE2C, 0xFE2D, 0xFE2E, 0xFE4E, 0xFE6E, 0xFE4E, 0xFE2D, 0xFE2D,
    0xFE4E, 0xFE4D, 0xFE0C, 0xFE0C, 0xFE6F, 0xFF37, 0xFF7B, 0xFF59,
    0xFF39, 0xFF39, 0xFF39, 0xFF39, 0xFF39, 0xFEF7, 0xFE74, 0xF5F1,
    0xF5F1, 0xFE32, 0xFE74, 0xFEF7, 0xFF18, 0xFF18, 0xFF18, 0xFF39,
    0xFF59, 0xFF59, 0xFF38, 0xFF17, 0xFF18, 0xFF38, 0xFF38, 0xFF39,
    0xFF59, 0xFF59, 0xFF59, 0xFF59, 0xFF59, 0xFF7A, 0xFF59, 0xFF59,
    0xFF59, 0xFF59, 0xFF59, 0xFF59, 0xFF7A, 0xFF59, 0xFF7A, 0xFF9B,
    0xFF9B, 0xFF9B, 0xFF9B, 0xFF9B, 0xFF9B, 0xFF9B, 0xFF7A, 0xFF5A,
    0xFF39, 0x9349, 0x1860, 0x1881, 0x1861, 0x1060, 0x1040, 0x1040,
    0x1040, 0x1040, 0x0000, 0x38A0, 0x6940, 0x6980, 0x3040, 0x732C,
    0xFF9D, 0xE6FB, 0xEEFB, 0xF6FA, 0x5228, 0x7A63, 0xFD8A, 0xE486,
    0xFD49, 0xFDCD, 0xF5CF, 0xF58E, 0xECCA, 0xE3C5, 0xDD51, 0xC618,
    0xC5F7, 0xC618, 0xC5F8, 0xC618, 0xC618, 0xC618, 0xC618, 0xC618,
    0xCE18, 0xC618, 0xCE18, 0xCE18, 0xC618, 0xC617, 0xC618, 0xC617,
    0xC617, 0xC618, 0xC618, 0xC618, 0xC5F8, 0xC618, 0xC5F7, 0xC5F8,
    0xC5F8, 0xC5F8, 0xC618, 0xC5F8, 0xC618, 0xC618, 0xC618, 0xCE18,
    0xCE18, 0xCE18, 0xCE18, 0xC5F8, 0xC5D6, 0xBD75, 0xBD33, 0xB4F1,
    0xB4AF, 0xB46D, 0xB40B, 0xB3E9, 0xB3E9, 0xB3E9, 0xB40A, 0xB42B,
    0xBC4C, 0xBC4C, 0xBC6C, 0xBC6C, 0xBC6D, 0xBC6D, 0xBC6D, 0xBC8D,
    0xC48D, 0xC48D, 0xC48D, 0xC4AD, 0xC4AE, 0xC4AE, 0xC4CE, 0xC4CE,
    0x936A, 0x936A, 0x9B6B, 0x9B6B, 0x9B6B, 0x9B8B, 0xA3AB, 0xABCB,
    0xB40B, 0xBC2B, 0xC44C, 0xCC6C, 0xD48C, 0xDCAC, 0xDCEC, 0xE4EC,
    0xE4EC, 0xE4EC, 0xE4EC, 0xE4CB, 0xDCCB, 0xDCCB, 0xDCCB, 0xDCCB,
    0xDCCB, 0xDCCB, 0xDCCC, 0xD4AB, 0xD48B, 0xCC4B, 0xBC0A, 0xB3A9,
    0xAB68, 0xA327, 0x92C5, 0x8A64, 0x8223, 0x7A02, 0x8222, 0x8223,
    0x8A43, 0x8A43, 0x8A63, 0x9284, 0x9284, 0x92A4, 0x92A4, 0x92A4,
    0x92A4, 0x92A4, 0x92C4, 0x9AE5, 0x9B26, 0xA367, 0xABA8, 0xABC9,
    0xB3E9, 0xB40A, 0xB3EA, 0xABEA, 0xA3C9, 0xA3A9, 0x9B89, 0x9369,
    0x9349, 0x9369, 0x9BA9, 0xE4A9, 0xFD29, 0xFE91, 0xFF77, 0xFF14,
    0xFF14, 0xFE90, 0xF4C7, 0xEBA3, 0xE363, 0xF466, 0xFCC6, 0xFCA5,
    0xFD07, 0xFDAA, 0xFE0C, 0xFE2D, 0xFE6F, 0xFE6F, 0xFE4E, 0xFE2D,
    0xFE4D, 0xFE4E, 0xFE2D, 0xFED3, 0xFF7A, 0xFF7B, 0xFF7A, 0xFF59,
    0xFF39, 0xFF39, 0xFF39, 0xFF39, 0xFEF7, 0xFE74, 0xF5D1, 0xE50C,
    0xB388, 0x92E7, 0xDD0E, 0xFEB5, 0xFEF7, 0xFF17, 0xFED6, 0xFEF7,
    0xFF18, 0xFEF7, 0xFEF7, 0xFF17, 0xFF17, 0xFF17, 0xFF18, 0xFF18,
    0xFF17, 0xFF38, 0xFF18, 0xFF18, 0xFF38, 0xFF59, 0xFF38, 0xFF38,
    0xFF38, 0xFF59, 0xFF59, 0xFF59, 0xFF59, 0xFF7A, 0xFF9B, 0xFF9B,
    0xFF7A, 0xFF7A, 0xFF7A, 0xFF7A, 0xFF9B, 0xFF7B, 0xFF7B, 0xFF5A,
    0xFF19, 0xFF5A, 0x832A, 0x0800, 0x0820, 0x1040, 0x1060, 0x0840,
    0x0000, 0x0000, 0x4900, 0xAA60, 0x6960, 0x2880, 0x1881, 0xD679,
    0xF75C, 0xE6DB, 0xE6DA, 0xDE37, 0x4143, 0xD489, 0xFDEC, 0xFDCB,
    0xFDAB, 0xFE0F, 0xED4E, 0xD344, 0xE3E7, 0xE3A5, 0xD5B4, 0xC618,
    0xC5F8, 0xC618, 0xC618, 0xC618, 0xC618, 0xC618, 0xC618, 0xC618,
    0xC618, 0xC618, 0xCE18, 0xC618, 0xC5F8, 0xC5F8, 0xC618, 0xC618,
    0xC5F7, 0xC617, 0xC618, 0xC618, 0xC5F8, 0xC618, 0xC618, 0xC618,
    0xC618, 0xC618, 0xC618, 0xC5F8, 0xC5F8, 0xC618, 0xC618, 0xC618,
    0xCE18, 0xCE18, 0xCE18, 0xCE18, 0xC5D6, 0xBD95, 0xBD54, 0xBD12,
    0xB4D1, 0xB48F, 0xB44D, 0xB42B, 0xB42B, 0xB42B, 0xB42C, 0xB44C,
    0xB44C, 0xB44C, 0xB44C, 0xBC6D, 0xBC6C, 0xBC6C, 0xBC6C, 0xBC6C,
    0xBC6C, 0xBC6C, 0xC46D, 0xC46D, 0xC48D, 0xC48D, 0xC48D, 0xC4AD,
    0x936A, 0x936A, 0x936A, 0x9B6A, 0x9B6A, 0xA38A, 0xABAA, 0xB3EB,
    0xBC2B, 0xC46C, 0xCC8C, 0xD4AC, 0xDCCC, 0xDCEC, 0xE4EC, 0xE50C,
    0xE50C, 0xE4EC, 0xE4EC, 0xE4CB, 0xDCCB, 0xDCCB, 0xDCCB, 0xDCCB,
    0xDCCB, 0xDCCB, 0xDCEC, 0xDCCC, 0xD4AB, 0xCC6B, 0xC42A, 0xBBC9,
    0xB3A8, 0xAB67, 0x9B06, 0x92C5, 0x8A64, 0x8223, 0x8202, 0x8223,
    0x8243, 0x8A43, 0x8A63, 0x8A84, 0x9284, 0x92A4, 0x92A4, 0x92A4,
    0x92A4, 0x92A4, 0x9AC4, 0x9AE5, 0x9B26, 0xA367, 0xABA8, 0xABC9,
    0xB3E9, 0xB3EA, 0xB40A, 0xABEA, 0xABCA, 0xA3A9, 0x9B89, 0x9369,
    0x9369, 0x9349, 0xABCA, 0xFD0A, 0xFE0E, 0xFF35, 0xFF14, 0xFF35,
    0xFEB1, 0xF4A7, 0xE383, 0xE363, 0xF425, 0xF445, 0xE383, 0xDB02,
    0xDB01, 0xF445, 0xFDAA, 0xFE2D, 0xFE0C, 0xFE0C, 0xFE2C, 0xFE4E,
    0xFE4D, 0xFE4F, 0xFF17, 0xFF9B, 0xFF9B, 0xFF7B, 0xFF7A, 0xFF59,
    0xFF39, 0xFF39, 0xFF39, 0xFF18, 0xFEB6, 0xFE74, 0xF58F, 0xAB47,
    0x2840, 0x1000, 0x4102, 0xCD30, 0xFEF6, 0xFED7, 0xFF18, 0xFF17,
    0xFEF7, 0xFED6, 0xFEF6, 0xFEF7, 0xFF18, 0xFF17, 0xFF17, 0xFF38,
    0xFF18, 0xFEF6, 0xFEB5, 0xFF17, 0xFF38, 0xFF39, 0xFF59, 0xFF59,
    0xFF38, 0xFF38, 0xFF39, 0xFF38, 0xFF38, 0xFF59, 0xFF59, 0xFF5A,
    0xFF59, 0xFF39, 0xFF17, 0xFED7, 0xFF18, 0xFF39, 0xFF5A, 0xFF5A,
    0xFF39, 0xFF5B, 0xFF39, 0x9348, 0x20C1, 0x0000, 0x0800, 0x1040,
    0x2080, 0x5120, 0xAA60, 0xB2A0, 0x6960, 0x0000, 0x942F, 0xF75C,
    0xEEFB, 0xE6BA, 0xEEB9, 0x8BEE, 0x7A84, 0xFE4E, 0xFDAB, 0xFDEC,
    0xFE2F, 0xFEB2, 0xE54E, 0xCB03, 0xE3E6, 0xE428, 0xCDF7, 0xC618,
    0xC5F8, 0xC618, 0xC5F8, 0xC618, 0xC618, 0xC618, 0xC618, 0xC618,
    0xC618, 0xC618, 0xC618, 0xC618, 0xC5F8, 0xC5F8, 0xC5F8, 0xC618,
    0xC618, 0xC618, 0xC618, 0xC618, 0xC5F8, 0xC5F8, 0xC618, 0xC618,
    0xC618, 0xC5F8, 0xC618, 0xC618, 0xC5F8, 0xC618, 0xC618, 0xCE18,
    0xCE18, 0xCE18, 0xCE18, 0xCE18, 0xC5D7, 0xBDB6, 0xBD75, 0xBD33,
    0xBD12, 0xB4D0, 0xB4AF, 0xB48E, 0xB48E, 0xBC8E, 0xBC8E, 0xBC8E,
    0xBC8E, 0xB48E, 0xBC8E, 0xBC8E, 0xBC8E, 0xBC8E, 0xBC8E, 0xBC8E,
    0xBCAE, 0xC4AE, 0xC4AE, 0xC4AE, 0xC4AE, 0xC4AE, 0xC4AE, 0xC4AE,
    0x936A, 0x936A, 0x934A, 0x9B6A, 0x9B8A, 0xA38A, 0xABCA, 0xBC0B,
    0xC44B, 0xCC8C, 0xD4AC, 0xDCCC, 0xDCEC, 0xE50C, 0xE50C, 0xE50C,
    0xE4EC, 0xE4EC, 0xE4EC, 0xE4CB, 0xE4CB, 0xDCCB, 0xDCCB, 0xDCCB,
    0xDCCB, 0xDCCB, 0xDCCB, 0xDCEC, 0xDCCB, 0xD48B, 0xCC6A, 0xC409,
    0xBBC9, 0xB3A8, 0xAB67, 0xA306, 0x92C5, 0x8A64, 0x8223, 0x8222,
    0x8243, 0x8A43, 0x8A63, 0x8A84, 0x92A4, 0x92A4, 0x92A4, 0x92A4,
    0x92A4, 0x9AA4, 0x9AC4, 0x9AE5, 0x9B06, 0xA367, 0xAB88, 0xABC9,
    0xB3E9, 0xB3EA, 0xB40A, 0xABEA, 0xABCA, 0xA3A9, 0x9B89, 0x9369,
    0x9369, 0x8B49, 0xC449, 0xFE50, 0xFEF4, 0xFEF4, 0xFF56, 0xFE91,
    0xFCE8, 0xEBE5, 0xE383, 0xEBC4, 0xEC05, 0xDB43, 0xDB22, 0xC2A2,
    0xD2E2, 0xEBE4, 0xFCC7, 0xFD28, 0xFD68, 0xFE0C, 0xFE6F, 0xFE6F,
    0xFE90, 0xFF58, 0xFF9B, 0xFF7B, 0xFF7B, 0xFF7B, 0xFF5A, 0xFF39,
    0xFF39, 0xFF39, 0xFF18, 0xFEF7, 0xFED6, 0xF612, 0xE4CB, 0x7A03,
    0x3880, 0x2060, 0x0000, 0x59E5, 0xFE54, 0xFED6, 0xFEF7, 0xFF18,
    0xFF59, 0xFF39, 0xFF18, 0xFF18, 0xFEF7, 0xFED6, 0xFEF6, 0xFF17,
    0xFEF7, 0xFED6, 0xFEB6, 0xFF18, 0xFF18, 0xFF38, 0xFF38, 0xFF38,
    0xFF17, 0xFEF7, 0xFF18, 0xFEF7, 0xFF17, 0xFF18, 0xFF39, 0xFF59,
    0xFF18, 0xFEF7, 0xFEB6, 0xF633, 0xF612, 0xFE95, 0xFF18, 0xFF5A,
    0xFF5A, 0xFF5A, 0xFF5B, 0xFF16, 0xF58C, 0xBC49, 0x8AE5, 0x81E1,
    0x81C0, 0x7160, 0x5900, 0x50E0, 0x30A0, 0x8BEE, 0xEEB9, 0xE678,
    0xE699, 0xDE58, 0xBCF2, 0x8B28, 0xF5EE, 0xFE0E, 0xFDAA, 0xFDEC,
    0xFE0E, 0xFE92, 0xF5EF, 0xE406, 0xEC26, 0xE4AB, 0xC618, 0xC618,
    0xC618, 0xC618, 0xC5F8, 0xC618, 0xC618, 0xC618, 0xC618, 0xC618,
    0xC618, 0xC618, 0xC618, 0xC618, 0xC5F8, 0xC618, 0xC5F8, 0xC618,
    0xC618, 0xC618, 0xC618, 0xC618, 0xC5F8, 0xC618, 0xC618, 0xC618,
    0xC5F8, 0xC618, 0xC618, 0xC618, 0xC618, 0xC618, 0xC618, 0xCE18,
    0xCE18, 0xCE18, 0xCE18, 0xCE18, 0xC5F7, 0xC5D6, 0xC595, 0xBD75,
    0xBD33, 0xBD12, 0xBCF1, 0xBCD0, 0xBCD0, 0xBCD0, 0xBCD0, 0xBCD0,
    0xBCD0, 0xBCF0, 0xBCF0, 0xBCF0, 0xBCF0, 0xBCF0, 0xBCF0, 0xBCF1,
    0xC4F1, 0xC4F1, 0xC511, 0xC511, 0xC511, 0xC511, 0xC511, 0xC511,
    0x936A, 0x9B6A, 0x9B4A, 0x9B6A, 0xA38A, 0xABAA, 0xB3CA, 0xBC2B,
    0xCC6B, 0xD48C, 0xDCCC, 0xE50C, 0xE50C, 0xE52C, 0xE50C, 0xE50C,
    0xE4EC, 0xE4EC, 0xE4EB, 0xE4CB, 0xE4CB, 0xE4CB, 0xDCCB, 0xDCCB,
    0xDCCB, 0xDCCB, 0xDCCB, 0xDCEB, 0xDCEB, 0xDCCB, 0xD48B, 0xCC6A,
    0xC42A, 0xBBE9, 0xB3A8, 0xAB47, 0x9AE6, 0x92A4, 0x8A43, 0x8223,
    0x8243, 0x8A43, 0x8A63, 0x8A84, 0x92A4, 0x92A4, 0x9AA4, 0x9AA4,
    0x9AA4, 0x9AA4, 0x9AC4, 0x9AE5, 0x9B05, 0xA347, 0xAB88, 0xABC8,
    0xB3E9, 0xB3E9, 0xB40A, 0xABEA, 0xABCA, 0xA3A9, 0x9B89, 0x9369,
    0x9369, 0x9B89, 0xED6D, 0xFF15, 0xFEF4, 0xFF36, 0xFE0E, 0xFCC7,
    0xFCA7, 0xF466, 0xEBE4, 0xEBC4, 0xD323, 0xD322, 0xCAE2, 0xD2C1,
    0xDB22, 0xE342, 0xEB83, 0xF465, 0xFDEB, 0xFE6F, 0xFE91, 0xFEB2,
    0xFF59, 0xFF9B, 0xFF7B, 0xFF9B, 0xFF7B, 0xFF5A, 0xFF59, 0xFF39,
    0xFF39, 0xFF18, 0xFF18, 0xFED6, 0xFED6, 0xFE12, 0xED4E, 0x8A24,
    0x48C0, 0x2860, 0x1820, 0x1820, 0xCCEF, 0xFED6, 0xFEF7, 0xFEF7,
    0xFEF7, 0xFF18, 0xFF18, 0xFF18, 0xFEF7, 0xFEB5, 0xFEF7, 0xFEF7,
    0xFEF7, 0xFED6, 0xFED6, 0xFEF6, 0xFEF7, 0xFF17, 0xFF38, 0xFF39,
    0xFF38, 0xFF17, 0xFEF7, 0xFF17, 0xFF18, 0xFF38, 0xFF38, 0xFEF7,
    0xFED7, 0xFE95, 0xEDD2, 0xDCCC, 0xE4EC, 0xF5D0, 0xFE95, 0xFF39,
    0xFF5A, 0xFF3A, 0xFF3A, 0xFF3A, 0xFE94, 0xFDCC, 0xFE2E, 0xF5CD,
    0xD4EB, 0xABC8, 0x6A24, 0x59C4, 0xB4F1, 0xEEB9, 0xDDF5, 0xDDF5,
    0xDDD5, 0xD572, 0xCCCC, 0xFDED, 0xFE90, 0xFDCC, 0xFDEC, 0xFE2E,
    0xFE0E, 0xFE71, 0xFDCE, 0xFCE9, 0xF446, 0xED6F, 0xC618, 0xC618,
    0xC618, 0xC618, 0xC618, 0xC618, 0xC618, 0xC618, 0xC618, 0xCE18,
    0xC618, 0xC618, 0xCE18, 0xC618, 0xC618, 0xC618, 0xC618, 0xC618,
    0xC618, 0xC618, 0xC618, 0xC618, 0xC618, 0xC5F8, 0xC5F8, 0xC5F8,
    0xC5F8, 0xC618, 0xC618, 0xC618, 0xC618, 0xC618, 0xC618, 0xC618,
    0xCE18, 0xC618, 0xC618, 0xC618, 0xC5F7, 0xC5D7, 0xC5B6, 0xC595,
    0xBD75, 0xBD74, 0xBD33, 0xBD12, 0xBD33, 0xBD33, 0xBD32, 0xBD33,
    0xBD33, 0xBD33, 0xBD33, 0xBD33, 0xBD33, 0xC533, 0xC533, 0xC553,
    0xC553, 0xC553, 0xC553, 0xC553, 0xC553, 0xCD53, 0xC553, 0xCD53,
    0x936A, 0x9B4A, 0x9B69, 0xA369, 0xA389, 0xABAA, 0xB3EA, 0xC42B,
    0xCC6B, 0xD4AC, 0xDCEC, 0xE52C, 0xED2D, 0xE52C, 0xE50C, 0xE50C,
    0xE4EC, 0xE4EC, 0xE4EC, 0xE4EC, 0xE4CB, 0xE4CB, 0xDCCB, 0xDCCB,
    0xDCCB, 0xDCCB, 0xDCCB, 0xDCCB, 0xDCCB, 0xDCCC, 0xDCCB, 0xD48B,
    0xCC6A, 0xC42A, 0xBBC9, 0xAB67, 0xA306, 0x9AC5, 0x8A64, 0x8243,
    0x8243, 0x8A43, 0x8A63, 0x9284, 0x9284, 0x92A4, 0x9AA4, 0x9AA4,
    0x9AA4, 0x9AA4, 0x9AA4, 0x9AE4, 0x9B05, 0xA347, 0xAB87, 0xB3C8,
    0xB3E9, 0xB409, 0xB40A, 0xABEA, 0xABCA, 0xA3A9, 0x9B89, 0x9389,
    0x9349, 0xB44C, 0xFED4, 0xFE70, 0xFF77, 0xFE70, 0xFC85, 0xFD09,
    0xFD09, 0xF446, 0xF446, 0xDB63, 0xCAE2, 0xCB02, 0xC281, 0xDB42,
    0xD302, 0xC2A1, 0xD342, 0xFDEC, 0xFED1, 0xFE90, 0xFE91, 0xFF59,
    0xFF9B, 0xFF7A, 0xFF7B, 0xFF7B, 0xFF5A, 0xFF5A, 0xFF39, 0xFF18,
    0xFF18, 0xFF18, 0xFED7, 0xFEF7, 0xFEF7, 0xFE74, 0xFE74, 0xB3AA,
    0x50E1, 0x48E1, 0x30A1, 0x1820, 0xA40D, 0xFF38, 0xFED6, 0xFF18,
    0xFEF7, 0xFEF7, 0xFEF7, 0xFED6, 0xFF17, 0xFF38, 0xFEF7, 0xFEF7,
    0xFED6, 0xFEB5, 0xFED6, 0xFF17, 0xFEF6, 0xFEF7, 0xFF39, 0xFF39,
    0xFF38, 0xFF38, 0xFF18, 0xFF38, 0xFF38, 0xFED7, 0xFED6, 0xFED6,
    0xEDF3, 0x8AE8, 0x4101, 0x48C0, 0xAB06, 0xED2D, 0xF5F1, 0xFED7,
    0xFF39, 0xFF39, 0xFF3A, 0xFF39, 0xFF39, 0xFE10, 0xFD48, 0xFD8A,
    0xFE0C, 0xFE2D, 0xFE2D, 0xFE2E, 0xFE70, 0xF630, 0xFE51, 0xFE30,
    0xFE2F, 0xFE50, 0xFE2E, 0xFE0D, 0xFDAB, 0xFDCB, 0xFE2E, 0xFE2E,
    0xFE50, 0xFE0F, 0xFD4A, 0xFD4B, 0xFD0A, 0xE5D2, 0xC619, 0xC618,
    0xC618, 0xC618, 0xC618, 0xC618, 0xC618, 0xC618, 0xC618, 0xC618,
    0xCE18, 0xCE18, 0xC618, 0xC618, 0xC618, 0xC618, 0xC618, 0xC618,
    0xC618, 0xC618, 0xC618, 0xC618, 0xC5F8, 0xC5F8, 0xC5F8, 0xC5F7,
    0xC5F7, 0xC618, 0xC618, 0xC618, 0xC5F8, 0xC618, 0xC618, 0xC618,
    0xC618, 0xC618, 0xC618, 0xC618, 0xC5F7, 0xC5F7, 0xC5D7, 0xC5B6,
    0xC5B6, 0xC595, 0xC575, 0xBD74, 0xBD74, 0xC574, 0xBD74, 0xBD74,
    0xC575, 0xC575, 0xC575, 0xC575, 0xC575, 0xC595, 0xC595, 0xC595,
    0xC595, 0xC595, 0xC595, 0xC595, 0xCDB5, 0xCDB5, 0xCDB5, 0xCDB5,
    0x934A, 0x9B49, 0xA349, 0xA369, 0xAB89, 0xB3A9, 0xBBEA, 0xC42A,
    0xD46B, 0xDCCC, 0xE4EC, 0xE52D, 0xED2D, 0xE52C, 0xE50C, 0xE50C,
    0xE4EC, 0xE4EC, 0xE4EC, 0xE4EC, 0xE4EC, 0xE4CC, 0xE4CC, 0xDCCB,
    0xDCCB, 0xDCCB, 0xDCCB, 0xDCCB, 0xDCCB, 0xDCCC, 0xDCCC, 0xDCCB,
    0xD48B, 0xCC6A, 0xBBE9, 0xB388, 0xA326, 0x9AC5, 0x8A84, 0x8A63,
    0x8243, 0x8A43, 0x8A63, 0x9284, 0x9284, 0x92A4, 0x92A4, 0x9AA4,
    0x9AA4, 0x9AA3, 0x9AA4, 0x9AC4, 0x9B05, 0xA347, 0xAB87, 0xB3C8,
    0xB3E9, 0xB40A, 0xB40A, 0xB3EA, 0xABC9, 0xA3A9, 0x9B89, 0x9389,
    0x8B28, 0xC50F, 0xFE0F, 0xFDAC, 0xFF55, 0xFD8B, 0xF486, 0xF4C7,
    0xEC46, 0xE3E5, 0xEBE5, 0xDB43, 0xD364, 0xB241, 0xBA41, 0xD302,
    0xD302, 0xC2C1, 0xECE8, 0xFE8F, 0xFE6F, 0xFE70, 0xFF58, 0xFF9B,
    0xFF7A, 0xFF7A, 0xFF5A, 0xFF5A, 0xFF59, 0xFF39, 0xFF19, 0xFF18,
    0xFF18, 0xFEF7, 0xFEB6, 0xFEB6, 0xFE95, 0xFEB6, 0xFEF7, 0xF633,
    0x9265, 0x58E1, 0x48E1, 0x48C1, 0xDD92, 0xFF5A, 0xFED7, 0xFED6,
    0xFED6, 0xFED6, 0xFEF7, 0xFED6, 0xFED6, 0xFF38, 0xFEF6, 0xFE94,
    0xFE74, 0xFEB5, 0xFEF6, 0xFEF6, 0xFF17, 0xFF18, 0xFF17, 0xFEF7,
    0xFED6, 0xFED6, 0xFF17, 0xFEF6, 0xFEF7, 0xFED7, 0xFEF7, 0xF695,
    0x59E5, 0x0800, 0x2040, 0x2840, 0x81E3, 0xED6F, 0xFE54, 0xFEB6,
    0xFF18, 0xFF19, 0xFF39, 0xFF3A, 0xFF3A, 0xFF39, 0xFE71, 0xFDED,
    0xFD69, 0xFD48, 0xFD48, 0xFD69, 0xFD8A, 0xFDEC, 0xFE2E, 0xFE0D,
    0xFE0D, 0xFE0D, 0xFDEC, 0xFD6A, 0xFD49, 0xFDCC, 0xFE4F, 0xFE70,
    0xFEB2, 0xF56D, 0xE3E5, 0xFDAD, 0xFD6B, 0xDDD4, 0xC619, 0xCE18,
    0xC618, 0xC618, 0xC618, 0xC618, 0xC618, 0xC618, 0xC618, 0xCE18,
    0xCE18, 0xCE18, 0xC618, 0xC618, 0xC618, 0xC618, 0xC618, 0xC618,
    0xC618, 0xC618, 0xC618, 0xC5F8, 0xC5F8, 0xC5F8, 0xC5F7, 0xC5F7,
    0xC5F7, 0xC5F8, 0xC618, 0xC618, 0xC618, 0xC618, 0xC618, 0xC618,
    0xC618, 0xC618, 0xC618, 0xC618, 0xC618, 0xC5F7, 0xC5D7, 0xC5D7,
    0xC5D7, 0xC5B6, 0xC5B6, 0xC5B6, 0xC5B6, 0xC5B6, 0xC5B6, 0xC5B6,
    0xC5B6, 0xC5B6, 0xC5B6, 0xC5B6, 0xC5B6, 0xC5D6, 0xC5D6, 0xC5D6,
    0xCDD6, 0xCDD6, 0xCDD6, 0xCDD6, 0xCDD6, 0xCDD6, 0xCDF6, 0xCDF6,
    0x9B49, 0x9B48, 0xA348, 0xA348, 0xAB68, 0xB3A9, 0xBBE9, 0xCC4A,
    0xD48B, 0xDCCC, 0xE50C, 0xE52C, 0xE52D, 0xE52C, 0xE50C, 0xE50C,
    0xE50C, 0xE50C, 0xE4EC, 0xE4EC, 0xDCCB, 0xDCCB, 0xDCCB, 0xDCAB,
    0xDCCB, 0xDCCB, 0xDCCB, 0xDCCB, 0xDCEC, 0xDCEC, 0xDCEC, 0xDCEC,
    0xDCCC, 0xD48B, 0xC409, 0xB3A8, 0xA347, 0x9AE5, 0x8A84, 0x8A63,
    0x8243, 0x8223, 0x8A43, 0x8A63, 0x9283, 0x92A4, 0x92A4, 0x9AA4,
    0x9AA4, 0x9AA4, 0x9AA4, 0x9AC4, 0x9B05, 0xA347, 0xAB87, 0xB3C8,
    0xB3E9, 0xB409, 0xB40A, 0xB3EA, 0xABCA, 0xA3A9, 0x9B89, 0x9369,
    0x8B48, 0xDD6F, 0xFD4A, 0xFDEE, 0xFE90, 0xFCE7, 0xFCE8, 0xF4A7,
    0xEBE5, 0xEC06, 0xDB63, 0xD302, 0xC2C2, 0xAA21, 0xCAE2, 0xDB42,
    0xC2C2, 0xDBE4, 0xFDEB, 0xFE2D, 0xFE4F, 0xFF17, 0xFF9B, 0xFF7A,
    0xFF5A, 0xFF5A, 0xFF5A, 0xFF59, 0xFF39, 0xFF18, 0xFF18, 0xFF18,
    0xFEF7, 0xFED7, 0xFEB6, 0xFEB6, 0xFED6, 0xFEF7, 0xFED6, 0xFF17,
    0xF5D2, 0xAB48, 0x8A66, 0xA349, 0xFEF7, 0xFEB6, 0xFEB6, 0xFEB5,
    0xFED6, 0xFEF7, 0xFEB5, 0xFED6, 0xFEF7, 0xFEF7, 0xFEF6, 0xFEB5,
    0xFEB5, 0xFED6, 0xFED6, 0xFEF7, 0xFEF7, 0xFF17, 0xFEF7, 0xFEF7,
    0xFEF7, 0xFF17, 0xFF17, 0xFEF7, 0xFF39, 0xFF18, 0xFF17, 0xC510,
    0x0800, 0x1020, 0x3080, 0x50E0, 0x9244, 0xFE12, 0xFEF7, 0xFF19,
    0xFF39, 0xFF39, 0xFF19, 0xFF39, 0xFF3A, 0xFF3A, 0xFF39, 0xFE71,
    0xFE4E, 0xFE2D, 0xFE0D, 0xFDEB, 0xFDAA, 0xFDAA, 0xFD8A, 0xFD48,
    0xFD48, 0xFD69, 0xFD8A, 0xFD49, 0xFD8A, 0xFDEC, 0xFE4F, 0xFE70,
    0xFEB2, 0xED0A, 0xE3C5, 0xFD8C, 0xFDAD, 0xD5F5, 0xC618, 0xC618,
    0xC618, 0xC618, 0xC618, 0xC618, 0xC618, 0xC618, 0xC618, 0xC618,
    0xCE18, 0xCE18, 0xCE18, 0xC618, 0xC618, 0xC618, 0xC618, 0xC618,
    0xC618, 0xC618, 0xC5F7, 0xC5F7, 0xC5F8, 0xC5F8, 0xC5F8, 0xC5F8,
    0xC5F8, 0xC618, 0xC618, 0xC5F7, 0xC618, 0xC618, 0xC5F8, 0xC618,
    0xC618, 0xC618, 0xC5F8, 0xC5F8, 0xC618, 0xC5F8, 0xC5F8, 0xC5F7,
    0xC5F7, 0xC5F7, 0xC5F7, 0xC5F7, 0xC5F7, 0xC5F7, 0xC5F7, 0xC5F7,
    0xC5F7, 0xC5F7, 0xCDF7, 0xCDF7, 0xCDF7, 0xCDF7, 0xCDF7, 0xCDF7,
    0xCDF7, 0xCDF7, 0xCDF7, 0xCDF7, 0xCE17, 0xCE17, 0xCE17, 0xD617,
    0x9B28, 0x9B28, 0xA327, 0xA327, 0xAB48, 0xB3A8, 0xBBE9, 0xCC4A,
    0xD48B, 0xDCCC, 0xE50C, 0xE52C, 0xE52D, 0xE52C, 0xE52C, 0xE50C,
    0xE50C, 0xE50C, 0xDCEC, 0xDCAB, 0xDC8B, 0xD48B, 0xD48A, 0xD48A,
    0xD48B, 0xDCAB, 0xDCAB, 0xDCCB, 0xDCEC, 0xDCEC, 0xDCEC, 0xE50C,
    0xDCEC, 0xD4AB, 0xCC2A, 0xBBA8, 0xAB47, 0x9AE5, 0x8A84, 0x8A43,
    0x8223, 0x8222, 0x8243, 0x8A63, 0x9283, 0x9283, 0x9284, 0x92A4,
    0x9AA3, 0x9AA3, 0x9AA4, 0x9AC4, 0xA305, 0xA347, 0xAB87, 0xB3C8,
    0xB3E9, 0xBC09, 0xB409, 0xB3E9, 0xABCA, 0xA3AA, 0x9B89, 0x8B69,
    0x9BAA, 0xF56C, 0xFCC9, 0xFE71, 0xFDEC, 0xF465, 0xFCE8, 0xF466,
    0xE384, 0xEC06, 0xDB63, 0xD323, 0xCB02, 0xD322, 0xC2E2, 0xA201,
    0xBA81, 0xF508, 0xFE2D, 0xFE0D, 0xFEB2, 0xFF9B, 0xFF7A, 0xFF5A,
    0xFF59, 0xFF39, 0xFF39, 0xFF18, 0xFEF8, 0xFEF8, 0xFF18, 0xFF18,
    0xFEF7, 0xFEF7, 0xFEF7, 0xFED7, 0xFED6, 0xFEF7, 0xFF17, 0xFF18,
    0xFF17, 0xFF17, 0xFEF7, 0xFF18, 0xFEF7, 0xFE74, 0xFE95, 0xFEB5,
    0xFED5, 0xFEF6, 0xFEF7, 0xFEF7, 0xFEB5, 0xFED6, 0xFED6, 0xFEF7,
    0xFED6, 0xFEB5, 0xFED6, 0xFED6, 0xFED6, 0xFED6, 0xFED6, 0xFF18,
    0xFEF7, 0xFED6, 0xFED7, 0xFF17, 0xFEF7, 0xFEB6, 0xFEF8, 0x7AA8,
    0x0800, 0x1840, 0x38C1, 0x58E0, 0xC42B, 0xFED7, 0xFED7, 0xFED6,
    0xFED7, 0xFF39, 0xFF19, 0xFF39, 0xFF3A, 0xFF5A, 0xFF5A, 0xFEF6,
    0xFE70, 0xFE6F, 0xFE6F, 0xFE4E, 0xFE4F, 0xFE6F, 0xFE6F, 0xFE0D,
    0xFDCB, 0xFDEC, 0xFDEC, 0xFDEC, 0xFDEC, 0xFDCC, 0xFE0D, 0xFE70,
    0xFEB2, 0xDC06, 0xD323, 0xEC26, 0xFDCD, 0xD637, 0xC5F8, 0xC5F8,
    0xC618, 0xC618, 0xC618, 0xC618, 0xC618, 0xC618, 0xC618, 0xC618,
    0xCE18, 0xCE18, 0xCE18, 0xC618, 0xC618, 0xC618, 0xC618, 0xC618,
    0xC618, 0xC618, 0xC5F8, 0xC5F8, 0xC618, 0xC618, 0xC618, 0xC5F8,
    0xC618, 0xC5F8, 0xC5F8, 0xC5F8, 0xC5F8, 0xC5F8, 0xC5F8, 0xC5F8,
    0xC5F8, 0xC5F8, 0xC5F8, 0xC5F8, 0xC618, 0xC618, 0xC618, 0xC618,
    0xC618, 0xCE18, 0xCE18, 0xCE18, 0xCE18, 0xCE18, 0xCE18, 0xCE18,
    0xCE18, 0xCE18, 0xCE18, 0xCE18, 0xCE18, 0xCE18, 0xCE18, 0xCE18,
    0xCE18, 0xCE18, 0xCE18, 0xCE18, 0xCE38, 0xD638, 0xD638, 0xD638,
    0x9B07, 0x9B07, 0xA327, 0xA327, 0xAB48, 0xB3A8, 0xBBE9, 0xCC4A,
    0xD48B, 0xDCCC, 0xE50C, 0xE52D, 0xE52D, 0xE52D, 0xE52C, 0xE52C,
    0xE50C, 0xDCEC, 0xDCCB, 0xD48B, 0xCC4A, 0xCC2A, 0xCC2A, 0xCC4A,
    0xCC4A, 0xD46A, 0xD48B, 0xDCAB, 0xDCCB, 0xDCEC, 0xE50C, 0xE50C,
    0xDCEC, 0xDCAB, 0xCC4A, 0xBBC8, 0xAB47, 0x9AE5, 0x8A84, 0x8223,
    0x8202, 0x7A02, 0x8222, 0x8A63, 0x8A63, 0x9283, 0x9283, 0x92A3,
    0x92A3, 0x92A3, 0x9AA4, 0x9AC4, 0xA305, 0xA346, 0xAB87, 0xB3C8,
    0xB3E9, 0xBC09, 0xB409, 0xB3E9, 0xABCA, 0xA3CA, 0x9BAA, 0x9389,
    0x9389, 0xECCA, 0xF4C9, 0xFEB2, 0xFD6A, 0xF446, 0xF4A7, 0xE3C5,
    0xE3C5, 0xDB63, 0xBA82, 0xCB03, 0xC2C2, 0xC2A2, 0xA1E1, 0xAA21,
    0xD343, 0xFDEC, 0xFE4E, 0xFE2D, 0xFF17, 0xFF7B, 0xFF5A, 0xFF59,
    0xFF39, 0xFF18, 0xFEF8, 0xFED7, 0xFED7, 0xFEF7, 0xFEF8, 0xFEF8,
    0xFEF7, 0xFEF7, 0xFEB6, 0xFED6, 0xFED7, 0xFED6, 0xFEF7, 0xFF18,
    0xFF38, 0xFF18, 0xFF18, 0xFED7, 0xFEB5, 0xFE95, 0xFE74, 0xFEB5,
    0xFEB5, 0xFEB5, 0xFEB5, 0xFE95, 0xFEB5, 0xFEB5, 0xFED6, 0xFED6,
    0xFE95, 0xFE74, 0xFEB5, 0xFED6, 0xFED6, 0xFED6, 0xFED6, 0xFE95,
    0xFE95, 0xFED6, 0xFED7, 0xFED6, 0xFED6, 0xFE54, 0xFEB6, 0x7247,
    0x2000, 0x38A0, 0x50E1, 0x9AC6, 0xFE54, 0xFF18, 0xFEF7, 0xFEB6,
    0xFED7, 0xFEF8, 0xFF18, 0xFF19, 0xFF3A, 0xFF5A, 0xFF5A, 0xFF3A,
    0xFED5, 0xFE70, 0xFE91, 0xFE70, 0xFE6F, 0xFE6F, 0xFE6F, 0xFE90,
    0xFE4F, 0xFE4E, 0xFE6F, 0xFE4F, 0xFE4F, 0xFE4F, 0xFE6F, 0xFE91,
    0xFEB3, 0xF630, 0xCB24, 0xD303, 0xFD6C, 0xCE38, 0xC5F8, 0xC618,
    0xC618, 0xC618, 0xC618, 0xC618, 0xC618, 0xC618, 0xCE18, 0xC618,
    0xC618, 0xCE18, 0xC618, 0xC618, 0xC618, 0xC618, 0xC618, 0xC618,
    0xC618, 0xC618, 0xC5F8, 0xC5F8, 0xC618, 0xC5F8, 0xC5F8, 0xC5F8,
    0xC5F7, 0xC5F7, 0xC5F8, 0xC5F7, 0xC5F8, 0xC618, 0xC5F8, 0xC5F8,
    0xC5F8, 0xC5F8, 0xC618, 0xC5F8, 0xC618, 0xC618, 0xC618, 0xCE18,
    0xCE18, 0xCE18, 0xCE18, 0xCE18, 0xCE18, 0xCE18, 0xCE18, 0xCE18,
    0xCE18, 0xCE18, 0xCE18, 0xCE38, 0xCE18, 0xCE18, 0xCE18, 0xCE18,
    0xCE18, 0xCE18, 0xCE38, 0xD638, 0xD638, 0xD638, 0xD638, 0xD638,
    0x9307, 0x9B07, 0xA306, 0xA306, 0xA327, 0xB388, 0xBBE9, 0xCC4A,
    0xD48B, 0xDCCC, 0xE50C, 0xED4D, 0xED4D, 0xED2D, 0xE52D, 0xE52C,
    0xE50C, 0xDCCB, 0xD48B, 0xCC4A, 0xC409, 0xC3E9, 0xBBC9, 0xBBE9,
    0xC3E9, 0xCC29, 0xCC6A, 0xD48B, 0xDCAB, 0xDCEC, 0xE50C, 0xE50C,
    0xDCEC, 0xD4AB, 0xCC4A, 0xBBC8, 0xAB47, 0x9AE5, 0x8A64, 0x7A02,
    0x79E2, 0x7A02, 0x8222, 0x8243, 0x8A63, 0x9284, 0x9283, 0x9283,
    0x92A3, 0x9283, 0x92A3, 0x9AC4, 0xA305, 0xAB46, 0xB387, 0xB3C8,
    0xB3E9, 0xBC09, 0xBC09, 0xB3EA, 0xABEA, 0xA3CA, 0x9BAA, 0x9389,
    0x9BAA, 0xE489, 0xF488, 0xFEF3, 0xF54A, 0xF426, 0xEBE5, 0xE3A5,
    0xEC26, 0xD323, 0xCB03, 0xCAE2, 0xBA81, 0xC281, 0xC2A2, 0xC2A1,
    0xCB85, 0xFE2D, 0xFE0C, 0xFE71, 0xFF7A, 0xFF5A, 0xFF5A, 0xFF39,
    0xFF18, 0xFEF7, 0xFED6, 0xFEB6, 0xFEB6, 0xFED7, 0xFEF7, 0xFF18,
    0xFF18, 0xFEF7, 0xFED7, 0xFED6, 0xFEB6, 0xFEB6, 0xFEB6, 0xFEB6,
    0xFEF7, 0xFF18, 0xFF18, 0xFEB6, 0xF612, 0xF632, 0xFE32, 0xFE74,
    0xFEB5, 0xFE95, 0xFE94, 0xFE74, 0xFE33, 0xFE53, 0xFE74, 0xFEB5,
    0xFEB6, 0xFE95, 0xFE95, 0xFEB5, 0xFEB6, 0xFEB5, 0xFE95, 0xFE54,
    0xFE94, 0xFEB6, 0xFE95, 0xFE95, 0xFEB6, 0xFE54, 0xFEF7, 0xBC8F,
    0x6163, 0x8A87, 0xC44C, 0xFE34, 0xFEF8, 0xFEF8, 0xFEF7, 0xFED7,
    0xFEF8, 0xFF18, 0xFEF8, 0xFF39, 0xFF3A, 0xFF5A, 0xFF3A, 0xFF5A,
    0xFF5A, 0xFEB3, 0xFE91, 0xFE91, 0xFE70, 0xFE4E, 0xFE4E, 0xFE4E,
    0xFE4E, 0xFE0D, 0xFDCC, 0xFDEC, 0xFE4E, 0xFE91, 0xFE90, 0xFE91,
    0xFEB3, 0xFF36, 0xF5AE, 0xDB43, 0xECEB, 0xCE38, 0xC618, 0xC618,
    0xC618, 0xC618, 0xC618, 0xC618, 0xC618, 0xC618, 0xC618, 0xC618,
    0xC618, 0xC618, 0xC618, 0xC618, 0xC618, 0xC618, 0xC618, 0xC618,
    0xC618, 0xC618, 0xC618, 0xC5F8, 0xC5F8, 0xC5F8, 0xC5F8, 0xC5F8,
    0xC5F8, 0xC5F8, 0xC5F8, 0xC5F7, 0xC5F7, 0xC5F8, 0xC5F8, 0xC5F8,
    0xC5F8, 0xC5F8, 0xC618, 0xC618, 0xC618, 0xC618, 0xC618, 0xC618,
    0xC618, 0xCE18, 0xCE18, 0xCE18, 0xCE18, 0xCE18, 0xCE18, 0xCE18,
    0xCE18, 0xCE18, 0xCE18, 0xCE38, 0xCE18, 0xCE18, 0xCE18, 0xCE18,
    0xCE18, 0xCE18, 0xCE38, 0xD638, 0xD638, 0xD638, 0xD638, 0xD638,
    0x92E7, 0x9B07, 0x9B06, 0xA306, 0xA327, 0xAB88, 0xBBE9, 0xC44A,
    0xD4AB, 0xDCEC, 0xE52D, 0xED4D, 0xED4D, 0xED2D, 0xE52D, 0xE52C,
    0xDCEC, 0xDCAB, 0xCC6A, 0xC409, 0xB3A8, 0xAB67, 0xAB47, 0xAB47,
    0xB387, 0xBBC9, 0xC42A, 0xCC4A, 0xD48B, 0xDCCB, 0xE4EC, 0xE50C,
    0xDCEC, 0xD48B, 0xCC29, 0xBBC8, 0xAB47, 0x9AE5, 0x8A64, 0x71E2,
    0x71C1, 0x79E2, 0x8202, 0x8243, 0x8A63, 0x9283, 0x9283, 0x92A4,
    0x92A4, 0x9284, 0x92A4, 0x9AC4, 0xA305, 0xAB46, 0xB387, 0xB3C8,
    0xB3E9, 0xBC09, 0xBC0A, 0xB3EA, 0xABEA, 0xA3CA, 0x9BAA, 0x9389,
    0x9BAA, 0xE468, 0xFD2B, 0xFEF3, 0xFD4A, 0xF426, 0xEBE5, 0xEBE5,
    0xE3C4, 0xD323, 0xC2E2, 0xBA81, 0xBA81, 0xAA21, 0xC2A2, 0xB220,
    0xECC8, 0xFE0C, 0xFE0C, 0xFEF6, 0xFF7B, 0xFF39, 0xFF18, 0xFF18,
    0xFEF7, 0xFEB6, 0xF654, 0xF653, 0xF695, 0xFED6, 0xFEF7, 0xFEF7,
    0xFEF7, 0xFED7, 0xFED7, 0xFED6, 0xFED7, 0xFEB6, 0xFED6, 0xFED6,
    0xFEB6, 0xFEB6, 0xFED7, 0xFEF7, 0xFEB5, 0xFE94, 0xFE94, 0xFED6,
    0xFED6, 0xFEB6, 0xFE95, 0xFE74, 0xFE53, 0xFE53, 0xFE94, 0xFE74,
    0xFE73, 0xFE74, 0xFE53, 0xFE73, 0xFE94, 0xFE74, 0xFE53, 0xFE94,
    0xFE95, 0xFE74, 0xFE74, 0xF632, 0xF633, 0xFEB6, 0xFEF8, 0xFF18,
    0xF6D8, 0xFEF8, 0xFF18, 0xFED7, 0xFEF8, 0xFEF8, 0xFE95, 0xFE75,
    0xFED7, 0xFF19, 0xFF19, 0xFF19, 0xFF39, 0xFF39, 0xFF5A, 0xFF5A,
    0xFF5A, 0xFF18, 0xFEB4, 0xFEB2, 0xFE70, 0xFDEC, 0xFDAA, 0xFD8A,
    0xFD29, 0xFC86, 0xF3E4, 0xF3E4, 0xF446, 0xFD29, 0xFEB1, 0xFEB2,
    0xFEB3, 0xFF15, 0xFE31, 0xF467, 0xECCA, 0xCE17, 0xC618, 0xC618,
    0xC618, 0xC618, 0xC618, 0xC618, 0xC618, 0xC618, 0xC618, 0xC618,
    0xC618, 0xC618, 0xC618, 0xC618, 0xC618, 0xC618, 0xC618, 0xC618,
    0xC618, 0xC618, 0xC618, 0xC5F8, 0xC5F7, 0xC5F8, 0xC5F8, 0xC5F8,
    0xC5F8, 0xC5F8, 0xC5F8, 0xC5F7, 0xC5F8, 0xC5F8, 0xC5F8, 0xC5F8,
    0xC5F8, 0xC5F8, 0xC618, 0xC618, 0xC618, 0xC618, 0xC618, 0xC618,
    0xC618, 0xC618, 0xC618, 0xC618, 0xC618, 0xCE18, 0xCE18, 0xCE18,
    0xCE18, 0xCE18, 0xCE18, 0xCE18, 0xCE18, 0xCE18, 0xCE18, 0xCE18,
    0xCE18, 0xCE18, 0xCE38, 0xCE38, 0xCE38, 0xD638, 0xD638, 0xD638,
    0x92E7, 0x9B07, 0x9B06, 0xA306, 0xA327, 0xB388, 0xBBE9, 0xCC4A,
    0xD4AB, 0xDCEC, 0xE52D, 0xED4D, 0xED4D, 0xED4D, 0xED2D, 0xE52C,
    0xDCCC, 0xD48B, 0xC42A, 0xBBC8, 0xAB47, 0x9AE6, 0x92C5, 0x92C5,
    0x9B06, 0xAB67, 0xBBC9, 0xC429, 0xCC6A, 0xDCAB, 0xDCEC, 0xE50C,
    0xE4EC, 0xD48B, 0xCC29, 0xBBA8, 0xA346, 0x92C5, 0x8243, 0x71C2,
    0x71C1, 0x79E2, 0x7A02, 0x8223, 0x8A63, 0x9283, 0x9284, 0x92A4,
    0x92A4, 0x92A4, 0x92A4, 0x9AC4, 0xA305, 0xAB46, 0xB3A7, 0xB3C8,
    0xBC09, 0xBC09, 0xBC0A, 0xB40A, 0xABEA, 0xA3CA, 0x9BAA, 0x938A,
    0x9BAA, 0xEC88, 0xFDAD, 0xFF13, 0xFD28, 0xF487, 0xF4C8, 0xEC26,
    0xD323, 0xBA82, 0xB241, 0xBAA2, 0xA201, 0xA201, 0xBA61, 0xCB44,
    0xFDAB, 0xFDCB, 0xFDED, 0xFF38, 0xFF5A, 0xFF39, 0xFF18, 0xFED7,
    0xFEB6, 0xF674, 0xF612, 0xEDF1, 0xF612, 0xF695, 0xFED7, 0xFEF7,
    0xFED7, 0xFED7, 0xFED6, 0xFED6, 0xFED6, 0xFEB6, 0xFED6, 0xFEB6,
    0xFED7, 0xFED6, 0xFED6, 0xFEB6, 0xFE95, 0xFE95, 0xFE95, 0xFEB6,
    0xFE95, 0xFEB6, 0xFE95, 0xFE33, 0xFE53, 0xFE53, 0xFE74, 0xFE53,
    0xFE32, 0xF611, 0xFE32, 0xFE32, 0xFE32, 0xFE53, 0xFE54, 0xFE95,
    0xFE95, 0xFE95, 0xFE74, 0xFE54, 0xF633, 0xFE74, 0xFEB6, 0xFEF8,
    0xFF39, 0xFF39, 0xFEF8, 0xFF18, 0xFF18, 0xFEF8, 0xFE96, 0xFEB6,
    0xFEF8, 0xFEF8, 0xFEF8, 0xFEF9, 0xFF19, 0xFF19, 0xFF3A, 0xFF5A,
    0xFF3A, 0xFF5A, 0xFEF6, 0xFEB3, 0xFEB2, 0xFDCC, 0xFCE7, 0xF466,
    0xEBE5, 0xEBC4, 0xEBC4, 0xEBC4, 0xE384, 0xF405, 0xFD8A, 0xFEF3,
    0xFED4, 0xFED4, 0xFEB3, 0xFD4B, 0xF4CA, 0xCDF6, 0xC618, 0xC5F8,
    0xC618, 0xC618, 0xC618, 0xC618, 0xC618, 0xC618, 0xC618, 0xC618,
    0xC618, 0xC618, 0xC618, 0xC618, 0xC618, 0xC618, 0xC618, 0xC618,
    0xC618, 0xC618, 0xC618, 0xC5F8, 0xC5F8, 0xC5F8, 0xC5F8, 0xC5F8,
    0xC5F8, 0xC5F8, 0xC5F8, 0xC5F8, 0xC5F8, 0xC5F8, 0xC5F8, 0xC5F8,
    0xC5F8, 0xC5F8, 0xC5F8, 0xC5F8, 0xC618, 0xC618, 0xC618, 0xC618,
    0xC618, 0xC618, 0xC618, 0xC618, 0xCE18, 0xC618, 0xCE18, 0xCE18,
    0xCE18, 0xCE18, 0xCE18, 0xCE18, 0xCE18, 0xCE18, 0xCE18, 0xCE18,
    0xCE18, 0xCE18, 0xCE38, 0xCE38, 0xCE38, 0xCE38, 0xCE38, 0xCE38,
    0x92E7, 0x9B07, 0xA306, 0xA306, 0xA347, 0xB388, 0xBBE9, 0xCC4A,
    0xD4AB, 0xDD0C, 0xE52D, 0xED4D, 0xED4D, 0xED4D, 0xED4D, 0xE50C,
    0xDCCB, 0xCC6A, 0xC409, 0xAB88, 0x9AE6, 0x8265, 0x7A03, 0x7A03,
    0x8A85, 0x9B06, 0xAB88, 0xBBE9, 0xCC4A, 0xD4AB, 0xDCEC, 0xE50C,
    0xE4EC, 0xD48B, 0xCC29, 0xBBA8, 0xA326, 0x92A5, 0x8223, 0x71C2,
    0x71C1, 0x71E2, 0x7A02, 0x8223, 0x8A43, 0x8A63, 0x9284, 0x92A4,
    0x92A4, 0x92A4, 0x92A4, 0x9AC4, 0x9B05, 0xAB46, 0xB3A7, 0xB3E8,
    0xBC09, 0xBC2A, 0xBC2A, 0xB40A, 0xAC0A, 0xABEA, 0xA3CA, 0x938A,
    0x93AA, 0xE468, 0xFDEE, 0xFEF3, 0xFD08, 0xF4A7, 0xEC46, 0xD303,
    0xD323, 0xB262, 0xBAA2, 0xC2E2, 0xAA41, 0xBAC2, 0xB281, 0xECA7,
    0xFDCC, 0xFDCB, 0xFE0E, 0xFF59, 0xFF39, 0xFF18, 0xFEF8, 0xFE95,
    0xF654, 0xF612, 0xEDD1, 0xE54F, 0xEDB0, 0xF653, 0xFEB6, 0xFED7,
    0xFED7, 0xFEF7, 0xFED6, 0xFED6, 0xFED6, 0xFEB6, 0xFE95, 0xFE95,
    0xFEB6, 0xFEB6, 0xFED6, 0xFE95, 0xFE95, 0xFEB6, 0xFED6, 0xFEB6,
    0xFEB6, 0xFEB6, 0xFE74, 0xFE53, 0xFE95, 0xFE74, 0xFE53, 0xFE33,
    0xF633, 0xF5F1, 0xF612, 0xF653, 0xFE74, 0xFE74, 0xFE95, 0xFEB5,
    0xFED6, 0xFEB6, 0xFEB6, 0xFEB6, 0xFEB5, 0xFEB6, 0xFEB6, 0xFE95,
    0xFE96, 0xFEF7, 0xFEF7, 0xFEF8, 0xFEF8, 0xFED7, 0xF675, 0xFED7,
    0xFEF8, 0xFED8, 0xFED7, 0xFEF8, 0xFEF8, 0xFF19, 0xFF39, 0xFF3A,
    0xFF5A, 0xFF5A, 0xFF39, 0xFEB3, 0xFEB2, 0xFE2F, 0xFCC8, 0xEBC4,
    0xE383, 0xEBC5, 0xEBE5, 0xEC05, 0xEBC5, 0xF405, 0xFC66, 0xFE4F,
    0xFEF5, 0xFED4, 0xFED4, 0xFE2F, 0xF4A9, 0xD5D5, 0xC618, 0xC5F8,
    0xC618, 0xC618, 0xC5F8, 0xC618, 0xC618, 0xC618, 0xC618, 0xC618,
    0xC618, 0xC618, 0xC618, 0xC618, 0xC5F8, 0xC5F8, 0xC5F8, 0xC5F8,
    0xC5F8, 0xC618, 0xC618, 0xC618, 0xC5F8, 0xC5F8, 0xC5F8, 0xC5F8,
    0xC5F8, 0xC5F7, 0xC5F7, 0xC5F8, 0xC5F8, 0xC5F8, 0xC5F8, 0xC5F8,
    0xC5F8, 0xC5F8, 0xC5F8, 0xC618, 0xC618, 0xC618, 0xC618, 0xC618,
    0xC618, 0xC618, 0xC618, 0xC618, 0xCE18, 0xCE18, 0xCE18, 0xCE18,
    0xCE18, 0xCE18, 0xCE18, 0xCE18, 0xCE38, 0xCE18, 0xCE18, 0xCE18,
    0xCE18, 0xCE18, 0xCE18, 0xCE18, 0xCE38, 0xCE38, 0xCE38, 0xCE38,
    0x9B07, 0x9B07, 0xA327, 0xA327, 0xAB47, 0xB388, 0xBBE9, 0xCC4A,
    0xD4AB, 0xDD0C, 0xE54D, 0xED6D, 0xED4D, 0xED4D, 0xED4D, 0xE50C,
    0xDCAB, 0xCC4A, 0xBBE9, 0xA347, 0x8AA5, 0x7203, 0x6181, 0x69A1,
    0x7A23, 0x92C5, 0xA347, 0xBBC8, 0xCC2A, 0xD4AB, 0xDCEC, 0xE50C,
    0xDCEC, 0xD48B, 0xCC29, 0xBBA8, 0xAB26, 0x92A5, 0x8223, 0x71C2,
    0x71A1, 0x71C2, 0x7A02, 0x8223, 0x8A43, 0x8A83, 0x9283, 0x92A3,
    0x92A4, 0x92A3, 0x92A4, 0x9AC4, 0x9B05, 0xAB46, 0xB3A7, 0xB3C8,
    0xBC09, 0xBC2A, 0xBC2A, 0xB40A, 0xB40A, 0xA3EA, 0x9BCA, 0x9BAA,
    0x938A, 0xD46A, 0xFDAC, 0xFEB2, 0xFD09, 0xEC05, 0xD323, 0xDB64,
    0xDBC5, 0xAA21, 0xC2E2, 0xBAA2, 0xBAA1, 0xBAA2, 0xBAC2, 0xECA7,
    0xFDCB, 0xFDAB, 0xFE92, 0xFF5A, 0xFF18, 0xFED7, 0xFED7, 0xF674,
    0xF612, 0xEDD1, 0xE54E, 0xD4AB, 0xD4CC, 0xEE12, 0xF695, 0xFEB6,
    0xFEB6, 0xFE95, 0xFEB6, 0xFEB6, 0xFE95, 0xFED6, 0xFED6, 0xFED6,
    0xFEB6, 0xFEB6, 0xFE95, 0xFE95, 0xFE95, 0xFE74, 0xFE75, 0xFE95,
    0xFEB6, 0xFEB6, 0xFE74, 0xFE74, 0xFEB5, 0xFE74, 0xFE53, 0xFE54,
    0xF633, 0xFE33, 0xFE53, 0xFE53, 0xFE33, 0xFE53, 0xFE74, 0xFE74,
    0xFE95, 0xFE74, 0xFE54, 0xFE74, 0xFE75, 0xFE95, 0xFE95, 0xFE95,
    0xF674, 0xFE75, 0xFE75, 0xFE95, 0xFE96, 0xFE96, 0xFE96, 0xFEB6,
    0xFED7, 0xFEB6, 0xFEB7, 0xFEF8, 0xFEF8, 0xFF18, 0xFF39, 0xFF3A,
    0xFF5A, 0xFF5A, 0xFF5A, 0xFED4, 0xFE91, 0xFE70, 0xEC26, 0xE363,
    0xE384, 0xE3A4, 0xE3A4, 0xE3A4, 0xE3A4, 0xF426, 0xF466, 0xFCE7,
    0xFE92, 0xFEF5, 0xFED3, 0xFE2F, 0xFD6C, 0xD5B4, 0xC618, 0xC618,
    0xC618, 0xC618, 0xC5F8, 0xC5F8, 0xC5F8, 0xC5F8, 0xC618, 0xC618,
    0xC618, 0xC618, 0xC618, 0xC5F8, 0xC5F8, 0xC5F8, 0xC5F8, 0xC5F8,
    0xC618, 0xC618, 0xC618, 0xC618, 0xC5F8, 0xC5F8, 0xC5F8, 0xC5F8,
    0xC5F8, 0xC5F8, 0xC5F8, 0xC5F8, 0xC5F8, 0xC5F8, 0xC5F8, 0xC5F8,
    0xC5F8, 0xC5F8, 0xC5F8, 0xC618, 0xC618, 0xC618, 0xC618, 0xC618,
    0xC618, 0xC618, 0xC618, 0xC618, 0xCE18, 0xCE18, 0xCE18, 0xCE18,
    0xCE18, 0xCE18, 0xCE18, 0xCE18, 0xCE18, 0xCE18, 0xCE18, 0xCE18,
    0xCE18, 0xCE18, 0xCE18, 0xCE18, 0xCE38, 0xCE38, 0xCE38, 0xCE38,
    0x9B07, 0xA307, 0xA327, 0xA327, 0xAB47, 0xB388, 0xC3E9, 0xCC4A,
    0xD4CC, 0xE50C, 0xE54D, 0xED6D, 0xED4D, 0xED4D, 0xE52D, 0xE50C,
    0xD4AB, 0xCC4A, 0xBBC8, 0xA327, 0x8285, 0x69C2, 0x6181, 0x69A2,
    0x7A23, 0x92A5, 0xA347, 0xBBC8, 0xCC2A, 0xD48B, 0xDCEB, 0xE50C,
    0xDCEC, 0xD4AB, 0xCC29, 0xBBA8, 0xAB26, 0x92A5, 0x8223, 0x71C2,
    0x71A1, 0x71C2, 0x7A02, 0x8222, 0x8A43, 0x8A63, 0x9283, 0x92A3,
    0x92A3, 0x9283, 0x92A3, 0x9AC4, 0x9B05, 0xAB46, 0xB3A7, 0xBBE8,
    0xBC09, 0xBC2A, 0xBC2A, 0xBC2A, 0xB40A, 0xA3EA, 0xA3CA, 0x9BAA,
    0x938A, 0xBC2A, 0xFD09, 0xFED2, 0xFD8B, 0xEC46, 0xD384, 0xEC26,
    0xCB03, 0xB261, 0xC2E2, 0xBA81, 0xBAA1, 0xB282, 0xBAE3, 0xEC87,
    0xFDAA, 0xFD89, 0xFE92, 0xFF5A, 0xFF18, 0xFED7, 0xF695, 0xF633,
    0xEDF1, 0xE56F, 0xD4AC, 0xC429, 0xBBC8, 0xE5D1, 0xF695, 0xFED7,
    0xFEB6, 0xF695, 0xF675, 0xF675, 0xFE95, 0xFE74, 0xFEB6, 0xFEB6,
    0xFEB6, 0xFEB6, 0xFEB6, 0xFEB6, 0xFEB6, 0xFE96, 0xFE75, 0xFE54,
    0xFE95, 0xFE74, 0xFE54, 0xFE54, 0xFE53, 0xFE54, 0xF633, 0xFE53,
    0xF633, 0xFE53, 0xFEB6, 0xFEB5, 0xFE74, 0xFE53, 0xFE74, 0xFE53,
    0xFE53, 0xFE95, 0xFE54, 0xFE74, 0xFE95, 0xFE53, 0xFE54, 0xF654,
    0xF654, 0xF654, 0xF654, 0xF675, 0xF675, 0xF695, 0xF675, 0xF696,
    0xF696, 0xF675, 0xFE96, 0xFED7, 0xFED7, 0xFED7, 0xFF19, 0xFF19,
    0xFF39, 0xFF3A, 0xFF5B, 0xFF17, 0xFE71, 0xFED2, 0xECEA, 0xD2C1,
    0xE363, 0xE3A4, 0xDB63, 0xDB64, 0xDB84, 0xE384, 0xF446, 0xFCA7,
    0xFDAC, 0xFEF4, 0xFEF4, 0xFE50, 0xFE0F, 0xDD93, 0xC619, 0xC618,
    0xC5F8, 0xC618, 0xC5F8, 0xC5F8, 0xC5F8, 0xC5F8, 0xC618, 0xC618,
    0xC618, 0xC618, 0xC618, 0xC618, 0xC5F8, 0xC5F8, 0xC5F7, 0xC5F8,
    0xC618, 0xC618, 0xC5F8, 0xC5F8, 0xC5F8, 0xC5F8, 0xC5F8, 0xC5F8,
    0xC5F8, 0xC5F8, 0xC5F8, 0xC5F8, 0xC5F8, 0xC5F8, 0xC5F8, 0xC5F8,
    0xC5F8, 0xC5F8, 0xC5F8, 0xC618, 0xC618, 0xC618, 0xC618, 0xC618,
    0xC618, 0xC5F8, 0xC5F8, 0xC618, 0xC618, 0xCE18, 0xCE38, 0xCE38,
    0xCE38, 0xCE18, 0xCE18, 0xCE18, 0xCE18, 0xCE18, 0xCE18, 0xCE18,
    0xCE18, 0xCE18, 0xCE38, 0xCE18, 0xCE18, 0xCE38, 0xCE38, 0xCE38,
    0x9B07, 0xA327, 0xA327, 0xAB27, 0xAB67, 0xB3A8, 0xC409, 0xCC6A,
    0xDCCC, 0xE50C, 0xE54D, 0xED4D, 0xED4D, 0xED4D, 0xE52D, 0xE50C,
    0xD4AB, 0xCC4A, 0xB3C8, 0xA327, 0x8A85, 0x71E3, 0x69A2, 0x69C2,
    0x7A24, 0x92C5, 0xA347, 0xBBC9, 0xCC2A, 0xD48A, 0xDCCB, 0xE50C,
    0xDCEC, 0xD48B, 0xCC29, 0xBBA8, 0xAB47, 0x92C5, 0x8223, 0x71C2,
    0x71A1, 0x71C2, 0x79E2, 0x8222, 0x8A43, 0x8A63, 0x9283, 0x9283,
    0x9283, 0x9283, 0x9283, 0x92A4, 0x9AE5, 0xAB46, 0xB3A7, 0xBBE8,
    0xBC29, 0xBC2A, 0xBC2A, 0xBC2A, 0xB40A, 0xABEA, 0xA3CA, 0x9BAA,
    0x938A, 0xAC0A, 0xFD2A, 0xFED3, 0xFE70, 0xEC67, 0xDBA5, 0xDBC5,
    0xBAC2, 0xA242, 0xBAC2, 0xBAA1, 0xA241, 0xAA82, 0xAA41, 0xE4A8,
    0xFDCB, 0xF528, 0xFE92, 0xFF5A, 0xFEF7, 0xF695, 0xF633, 0xEDF1,
    0xE590, 0xDD2E, 0xCC6B, 0xC409, 0x9AC5, 0xC4AD, 0xFEB6, 0xF675,
    0xF675, 0xF674, 0xF674, 0xF674, 0xF654, 0xFE95, 0xFE95, 0xFEB6,
    0xFEB6, 0xFE95, 0xFE95, 0xFE95, 0xFE74, 0xFE75, 0xFE75, 0xFE95,
    0xFE95, 0xFE95, 0xFE54, 0xF632, 0xF632, 0xF633, 0xF633, 0xF612,
    0xF612, 0xF654, 0xFE74, 0xFE95, 0xFE95, 0xFE54, 0xFE74, 0xFEB5,
    0xFE95, 0xFE54, 0xFE54, 0xFE74, 0xFE75, 0xF654, 0xFE54, 0xFE54,
    0xFE96, 0xFE96, 0xF675, 0xF696, 0xFEB6, 0xF696, 0xF675, 0xFEB6,
    0xF696, 0xF675, 0xF696, 0xF675, 0xF675, 0xFEB6, 0xFED7, 0xFEF8,
    0xFF18, 0xFF19, 0xFF5A, 0xFF39, 0xFE71, 0xFE91, 0xFDCD, 0xDB43,
    0xDB63, 0xDB63, 0xE384, 0xD303, 0xDBA5, 0xE3A5, 0xEBC5, 0xF4A8,
    0xFD29, 0xFE70, 0xFEF5, 0xFE71, 0xFE91, 0xDDF5, 0xC618, 0xC618,
    0xC5F8, 0xC5F8, 0xC5F8, 0xC5F8, 0xC618, 0xC618, 0xC618, 0xC618,
    0xC5F8, 0xC5F8, 0xC5F8, 0xC5F8, 0xC618, 0xC5F8, 0xC5F8, 0xC5F8,
    0xC5F8, 0xC5F8, 0xC618, 0xC618, 0xC5F8, 0xC5F8, 0xC5F8, 0xC5F8,
    0xC5F8, 0xC5F8, 0xC5F8, 0xC5F8, 0xC5F8, 0xC5F8, 0xC5F8, 0xC5F8,
    0xC5F8, 0xC5F8, 0xC5F8, 0xC618, 0xC618, 0xC5F8, 0xC618, 0xC618,
    0xC618, 0xC618, 0xC5F8, 0xC618, 0xCE18, 0xCE18, 0xCE18, 0xC618,
    0xC618, 0xCE18, 0xCE18, 0xCE18, 0xCE18, 0xCE18, 0xCE18, 0xCE18,
    0xCE18, 0xCE18, 0xCE18, 0xCE38, 0xCE38, 0xCE38, 0xCE38, 0xCE38,
    0x9B27, 0xA327, 0xAB47, 0xAB47, 0xAB68, 0xB3A8, 0xC409, 0xCC6A,
    0xDCCC, 0xE50C, 0xE54D, 0xED4D, 0xED4D, 0xED2D, 0xE52D, 0xE50C,
    0xDCAB, 0xCC4A, 0xBBC8, 0xA327, 0x8AA5, 0x7A03, 0x69C2, 0x71C2,
    0x8244, 0x92C6, 0xAB67, 0xBBE9, 0xCC4A, 0xD48A, 0xDCCB, 0xE50C,
    0xE4EC, 0xD48B, 0xC429, 0xBBA8, 0xAB47, 0x92C5, 0x8223, 0x71C2,
    0x71C1, 0x71C2, 0x7A02, 0x8222, 0x8A43, 0x8A63, 0x9283, 0x9283,
    0x9283, 0x9283, 0x9283, 0x92A4, 0x9AE5, 0xA346, 0xB3A8, 0xBBE9,
    0xBC29, 0xBC2A, 0xBC2A, 0xBC2A, 0xB40A, 0xABEA, 0xA3CA, 0x9BCA,
    0x9BAA, 0xA3EB, 0xF56C, 0xFEB2, 0xFE91, 0xEC46, 0xD344, 0xDBA5,
    0xBAA2, 0xA242, 0xAA62, 0xB281, 0x99E0, 0xAA20, 0xB281, 0xF56B,
    0xFDCC, 0xFDAA, 0xFE93, 0xFF39, 0xFED6, 0xF674, 0xEDF1, 0xE56F,
    0xDD2E, 0xD48B, 0xC3E9, 0xA305, 0x6981, 0x61A3, 0xE5B1, 0xF654,
    0xF654, 0xF654, 0xF654, 0xF654, 0xF674, 0xF674, 0xFEB6, 0xFE95,
    0xFE75, 0xFE95, 0xFE75, 0xFE95, 0xFE75, 0xFE95, 0xFE74, 0xFE95,
    0xFE75, 0xF654, 0xF654, 0xF654, 0xFE54, 0xF653, 0xF633, 0xF5F1,
    0xF5D0, 0xF5F1, 0xF5F2, 0xF612, 0xF633, 0xFE53, 0xF612, 0xF612,
    0xFE53, 0xF633, 0xFE74, 0xFE75, 0xFE95, 0xFE75, 0xFE96, 0xFE75,
    0xFEB6, 0xFE96, 0xF695, 0xFEB6, 0xF696, 0xF696, 0xF696, 0xF675,
    0xF655, 0xF675, 0xF696, 0xEE13, 0xEDF3, 0xF655, 0xF696, 0xFED7,
    0xFEF9, 0xFF19, 0xFF39, 0xFF5B, 0xFEB4, 0xFE50, 0xFDCC, 0xE426,
    0xEC06, 0xDB64, 0xE3A4, 0xDB84, 0xDB84, 0xDB85, 0xE384, 0xE3E5,
    0xF466, 0xFDCC, 0xFEF4, 0xFE91, 0xFE91, 0xDE57, 0xC5F8, 0xC618,
    0xC5F8, 0xC5F8, 0xC5F8, 0xC5F8, 0xC618, 0xC5F8, 0xC5F8, 0xC618,
    0xC5F8, 0xC5F8, 0xC618, 0xC5F8, 0xC5F8, 0xC618, 0xC5F8, 0xC618,
    0xC5F8, 0xC5F8, 0xC5F8, 0xC5F8, 0xC5F8, 0xC5F8, 0xC5F8, 0xC5F8,
    0xC5F8, 0xC5F8, 0xC5F8, 0xC5F8, 0xC5F8, 0xC5F8, 0xC5F8, 0xC5F8,
    0xC5F8, 0xC5F8, 0xC618, 0xC618, 0xC618, 0xC618, 0xC618, 0xC618,
    0xC618, 0xC5F8, 0xC5F8, 0xC618, 0xC618, 0xC618, 0xC618, 0xC618,
    0xC618, 0xC618, 0xCE18, 0xCE18, 0xCE18, 0xCE18, 0xCE18, 0xCE18,
    0xCE18, 0xCE18, 0xCE18, 0xCE18, 0xCE18, 0xCE18, 0xCE18, 0xCE38,
    0x9B27, 0xA347, 0xAB47, 0xAB47, 0xAB67, 0xB3A8, 0xC409, 0xCC6A,
    0xDCCB, 0xE50C, 0xE54D, 0xED4D, 0xED4D, 0xE52D, 0xE52D, 0xE50C,
    0xDCAB, 0xCC4A, 0xBBE9, 0xAB68, 0x9AE6, 0x8264, 0x7A23, 0x7A23,
    0x8A85, 0x9B06, 0xB388, 0xC409, 0xCC4A, 0xD4AB, 0xDCEB, 0xE50C,
    0xDCEB, 0xD48B, 0xCC29, 0xBBA8, 0xAB26, 0x92C5, 0x8243, 0x71C2,
    0x71C1, 0x71E2, 0x7A02, 0x8222, 0x8A43, 0x8A63, 0x9283, 0x9283,
    0x9283, 0x9283, 0x9283, 0x92A4, 0x9AE5, 0xAB46, 0xB3A8, 0xBBE9,
    0xBC29, 0xBC2A, 0xBC4A, 0xBC2A, 0xB40A, 0xABEA, 0xA3CA, 0x9BCA,
    0x9BCA, 0x9BCB, 0xD4CC, 0xFD8B, 0xFE90, 0xF487, 0xD363, 0xDBC5,
    0xBAC2, 0xAA41, 0xB261, 0xB261, 0xAA20, 0xAA00, 0xD3C5, 0xFDCC,
    0xFDAB, 0xFDCB, 0xFE73, 0xFF39, 0xFED6, 0xF674, 0xF633, 0xE58F,
    0xDD2D, 0xD4AB, 0xC3E9, 0xAB26, 0x9AE6, 0x71C3, 0xA369, 0xF674,
    0xEE33, 0xF654, 0xF675, 0xF674, 0xF654, 0xF674, 0xF674, 0xF633,
    0xF653, 0xF653, 0xF654, 0xF654, 0xFE95, 0xF675, 0xF654, 0xF633,
    0xF654, 0xF654, 0xF633, 0xFE74, 0xF653, 0xF654, 0xF654, 0xF633,
    0xEDB0, 0xF613, 0xF653, 0xF633, 0xF612, 0xF653, 0xFE74, 0xFE53,
    0xFE74, 0xF654, 0xF633, 0xF675, 0xFE95, 0xFE96, 0xFEB7, 0xFED7,
    0xFE96, 0xFE96, 0xF675, 0xF696, 0xF696, 0xF654, 0xF675, 0xF655,
    0xF675, 0xF654, 0xEE13, 0xE5B1, 0xEDB1, 0xEE13, 0xF655, 0xF696,
    0xFEB7, 0xFEF8, 0xFF3A, 0xFF5A, 0xFEB4, 0xFE50, 0xFDAC, 0xD384,
    0xDB85, 0xE3E6, 0xDB64, 0xE3C5, 0xE3C6, 0xE3C5, 0xE3A5, 0xEBE5,
    0xE3C5, 0xF487, 0xFE70, 0xFE70, 0xFE70, 0xDE36, 0xC5F8, 0xC618,
    0xC5F8, 0xC5F8, 0xC5F8, 0xC5F8, 0xC5F8, 0xC5F8, 0xC5F8, 0xC618,
    0xC5F8, 0xC5F8, 0xC618, 0xC5F8, 0xC5F8, 0xC618, 0xC5F8, 0xC618,
    0xC5F8, 0xC5F8, 0xC5F8, 0xC5F8, 0xC5F8, 0xC5F8, 0xC5F8, 0xC5F8,
    0xC5F8, 0xC618, 0xC5F8, 0xC5F8, 0xC5F8, 0xC5F8, 0xC5F8, 0xC5F8,
    0xC5F8, 0xC5F8, 0xC618, 0xC618, 0xC618, 0xC618, 0xC618, 0xC618,
    0xC5F8, 0xC5F8, 0xC5F8, 0xC5F8, 0xC618, 0xC618, 0xC618, 0xC618,
    0xC618, 0xCE18, 0xCE18, 0xC618, 0xCE18, 0xCE18, 0xCE18, 0xCE18,
    0xCE18, 0xCE18, 0xCE18, 0xCE18, 0xCE18, 0xCE18, 0xCE18, 0xCE18,
    0x9B27, 0xA327, 0xA347, 0xAB27, 0xAB67, 0xB3A8, 0xC409, 0xCC6A,
    0xDCCB, 0xE50C, 0xE54D, 0xED4D, 0xED4D, 0xE52D, 0xE52C, 0xE50C,
    0xDCCB, 0xD46A, 0xC409, 0xB3A8, 0xA347, 0x92C6, 0x92A5, 0x92A5,
    0x9AE6, 0xAB67, 0xB3C9, 0xC429, 0xCC6A, 0xD4AB, 0xE4EB, 0xE50C,
    0xE4EB, 0xD48B, 0xC429, 0xBBA8, 0xA326, 0x92C5, 0x8243, 0x71C2,
    0x71C1, 0x79E2, 0x7A02, 0x8222, 0x8A43, 0x8A63, 0x9283, 0x9283,
    0x9283, 0x9283, 0x9283, 0x92A4, 0x9AE5, 0xA346, 0xB3A7, 0xBBE8,
    0xBC09, 0xBC2A, 0xBC2A, 0xBC2A, 0xB40A, 0xABEA, 0xA3CA, 0x9BCA,
    0x9BCA, 0x9BAA, 0xA3EB, 0xF509, 0xFE6F, 0xFE0D, 0xF445, 0xE3C5,
    0xCB23, 0xAA41, 0xBA81, 0xB281, 0xA200, 0xAA20, 0xDC47, 0xFDEC,
    0xFDCC, 0xFDAB, 0xFE30, 0xFF39, 0xFEB6, 0xF674, 0xEDF2, 0xEDB0,
    0xEDB0, 0xE54F, 0xD4CC, 0xD4CC, 0xCC8C, 0xB3C9, 0x92A6, 0xC48D,
    0xF674, 0xEE13, 0xF654, 0xF654, 0xF654, 0xF654, 0xF653, 0xF633,
    0xF612, 0xF612, 0xF612, 0xF633, 0xF612, 0xEDD1, 0xEDD1, 0xF612,
    0xF633, 0xF633, 0xF633, 0xF633, 0xF633, 0xF653, 0xF654, 0xF612,
    0xEDD1, 0xF612, 0xF633, 0xF653, 0xF633, 0xF633, 0xF633, 0xF674,
    0xF653, 0xF633, 0xF633, 0xF654, 0xF674, 0xF674, 0xF674, 0xFEB6,
    0xFEB6, 0xF695, 0xF655, 0xF6B6, 0xF6B7, 0xF655, 0xF654, 0xF654,
    0xF634, 0xEE13, 0xE570, 0xDD0E, 0xDD2E, 0xEDD1, 0xF633, 0xF654,
    0xF695, 0xFED7, 0xFEF8, 0xFF3A, 0xFED5, 0xFE2F, 0xFDCC, 0xD3A5,
    0xC2A2, 0xDB84, 0xDB64, 0xD344, 0xDBA5, 0xD324, 0xD323, 0xE3A4,
    0xEC26, 0xF487, 0xFDCD, 0xFE4F, 0xFDAC, 0xD616, 0xC618, 0xC618,
    0xC618, 0xC5F7, 0xC5F8, 0xC5F8, 0xC5F8, 0xC5F8, 0xC5F8, 0xC5F8,
    0xC5F8, 0xC5F8, 0xC5F8, 0xC5F8, 0xC5F8, 0xC5F8, 0xC5F8, 0xC5F8,
    0xC5F8, 0xC5F8, 0xC5F8, 0xC5F8, 0xC5F8, 0xC5F8, 0xC5F8, 0xC5F8,
    0xC618, 0xC618, 0xC5F8, 0xC5F8, 0xC5F8, 0xC5F8, 0xC5F8, 0xC5F8,
    0xC5F8, 0xC5F8, 0xC5F8, 0xC618, 0xC618, 0xC618, 0xC618, 0xC5F8,
    0xC5F8, 0xC5F8, 0xC5F8, 0xC5F8, 0xC618, 0xC618, 0xC618, 0xC618,
    0xC618, 0xC618, 0xCE18, 0xC618, 0xC618, 0xC618, 0xC618, 0xCE18,
    0xCE18, 0xCE18, 0xCE18, 0xCE18, 0xCE18, 0xCE18, 0xCE18, 0xCE18,
    0x9B27, 0xA327, 0xA327, 0xA327, 0xAB67, 0xB3A8, 0xC3E9, 0xCC6A,
    0xD4AB, 0xDCEC, 0xE52D, 0xED4D, 0xED4D, 0xE52D, 0xE52D, 0xE50C,
    0xDCCB, 0xD48B, 0xCC4A, 0xBBE9, 0xB388, 0xA327, 0xA307, 0xA327,
    0xA347, 0xB3A8, 0xBBE9, 0xCC2A, 0xD48A, 0xDCAB, 0xE4EB, 0xE50C,
    0xDCEB, 0xD48B, 0xC429, 0xB3A8, 0xA326, 0x92A5, 0x8243, 0x71C2,
    0x71C2, 0x79E2, 0x7A02, 0x8222, 0x8A43, 0x8A63, 0x9283, 0x9283,
    0x9283, 0x9283, 0x9283, 0x92A4, 0x9AE5, 0xA346, 0xB3A7, 0xBBE8,
    0xBC09, 0xBC2A, 0xBC2A, 0xBC2A, 0xB40A, 0xABEA, 0xA3EA, 0xA3CA,
    0x9BCA, 0x9BAA, 0xA3EB, 0xEDAE, 0xFEB2, 0xFE91, 0xFD8A, 0xEC26,
    0xD384, 0xBAE3, 0xAA61, 0xB261, 0xA241, 0xBAC1, 0xECC8, 0xF58B,
    0xF56A, 0xF549, 0xF5AC, 0xFED6, 0xFE95, 0xF654, 0xF633, 0xF632,
    0xEDF1, 0xEDB0, 0xEDB0, 0xEDF2, 0xDD2E, 0xD4AC, 0xBC0A, 0x8AA6,
    0xBC6D, 0xFE94, 0xEE13, 0xEE12, 0xEE13, 0xEE12, 0xEE12, 0xEDF2,
    0xEDF2, 0xEDF1, 0xEDF2, 0xF612, 0xF612, 0xEDF1, 0xEDD1, 0xF613,
    0xF633, 0xF612, 0xF612, 0xF612, 0xEDF2, 0xEDF1, 0xEDF2, 0xEDF2,
    0xEDD1, 0xF612, 0xF5F2, 0xF5D1, 0xF613, 0xEDF2, 0xED90, 0xEDF2,
    0xEDF2, 0xF613, 0xF633, 0xF654, 0xF654, 0xF654, 0xF675, 0xF654,
    0xF675, 0xF655, 0xF654, 0xF654, 0xF655, 0xF654, 0xF655, 0xF654,
    0xEE34, 0xEDD2, 0xD4CD, 0xCC8B, 0xD4ED, 0xE56F, 0xEDF2, 0xF654,
    0xF634, 0xF6B7, 0xFEF8, 0xFF39, 0xFED5, 0xFE30, 0xFE0E, 0xEC66,
    0xD323, 0xD323, 0xDB85, 0xD344, 0xDB85, 0xD344, 0xD344, 0xE3A5,
    0xEC05, 0xF446, 0xFDCD, 0xFE90, 0xFD0A, 0xD617, 0xC618, 0xC618,
    0xC618, 0xC618, 0xC5F8, 0xC5F8, 0xC5F8, 0xC5F8, 0xC5F8, 0xC5F8,
    0xC5F8, 0xC5F8, 0xC5F8, 0xC5F8, 0xC5F8, 0xC5F8, 0xC5F8, 0xC5F8,
    0xC5F7, 0xC5F8, 0xC5F8, 0xC5F8, 0xC5F8, 0xC5F8, 0xC5F8, 0xC5F8,
    0xC5F8, 0xC5F8, 0xC5F8, 0xC5F8, 0xC5F8, 0xC5F8, 0xC5F8, 0xC5F8,
    0xC618, 0xC5F8, 0xC5F8, 0xC5F8, 0xC618, 0xC5F8, 0xC5F8, 0xC5F8,
    0xC5F8, 0xC5F8, 0xC5F8, 0xC618, 0xC618, 0xC618, 0xC618, 0xC618,
    0xC618, 0xC618, 0xCE18, 0xC618, 0xC618, 0xC618, 0xC618, 0xCE18,
    0xCE18, 0xCE18, 0xCE18, 0xCE18, 0xCE18, 0xCE18, 0xCE18, 0xCE18,
    0xA347, 0xA347, 0xA347, 0xAB47, 0xAB67, 0xBBA8, 0xC409, 0xCC6A,
    0xD4AB, 0xDCEC, 0xE50C, 0xE52D, 0xE52C, 0xE52C, 0xE52C, 0xE50C,
    0xDCEB, 0xDCAB, 0xD46A, 0xC409, 0xBBC8, 0xB388, 0xB388, 0xB388,
    0xB3A8, 0xBBC9, 0xC409, 0xCC4A, 0xD48B, 0xDCCB, 0xE4EB, 0xE50C,
    0xDCEB, 0xD48A, 0xC429, 0xB3A8, 0xA326, 0x92A5, 0x8223, 0x71C2,
    0x71C1, 0x79E2, 0x7A02, 0x8222, 0x8A43, 0x8A63, 0x9283, 0x9283,
    0x9283, 0x9283, 0x9283, 0x92A4, 0x9AE4, 0xA346, 0xB3A7, 0xBBE8,
    0xBC09, 0xBC2A, 0xBC2A, 0xBC2A, 0xB40A, 0xABEA, 0xA3EA, 0xA3CA,
    0x9BCA, 0x9BAA, 0x9BAA, 0xBC6C, 0xFEB3, 0xFED3, 0xFDED, 0xF4C8,
    0xDB84, 0xC303, 0xB261, 0xB282, 0xB2A2, 0xC343, 0xF529, 0xF56A,
    0xF549, 0xF529, 0xF549, 0xFE52, 0xFEB6, 0xF674, 0xF632, 0xF612,
    0xF612, 0xF633, 0xF674, 0xF654, 0xEDD1, 0xE56F, 0xD4CD, 0xAB68,
    0x6182, 0xA3EB, 0xFE74, 0xEDF2, 0xE5D1, 0xEDF2, 0xEDF2, 0xEDF2,
    0xEE12, 0xF654, 0xF633, 0xF633, 0xEE12, 0xEDF2, 0xEDF2, 0xF613,
    0xEDF2, 0xEDF2, 0xEDF2, 0xEDD1, 0xEDD2, 0xEE12, 0xEDD1, 0xE52E,
    0xED90, 0xF5F2, 0xEDD1, 0xF5F1, 0xEDB1, 0xEDD2, 0xED90, 0xE590,
    0xEDD2, 0xEDD1, 0xEDF2, 0xEE12, 0xEDD1, 0xEDF3, 0xEDF2, 0xEDF2,
    0xF613, 0xEE13, 0xEDF3, 0xEE13, 0xEDF2, 0xEE34, 0xEE34, 0xEE34,
    0xEE13, 0xDD2E, 0xB3A8, 0xC42A, 0xD4AC, 0xDD0E, 0xE590, 0xEDF2,
    0xEE13, 0xF654, 0xFED7, 0xFF19, 0xFE94, 0xFE0F, 0xFE2F, 0xDC26,
    0xD343, 0xDB84, 0xDBA5, 0xDB85, 0xD385, 0xCB24, 0xCAE3, 0xEC26,
    0xEC27, 0xEC06, 0xFDED, 0xFED2, 0xF50C, 0xCE18, 0xC5F8, 0xC618,
    0xC618, 0xC618, 0xC618, 0xC5F8, 0xC5F8, 0xC5F8, 0xC5F8, 0xC5F7,
    0xC5F8, 0xC5F8, 0xC5F8, 0xC5F8, 0xC5F8, 0xC5F8, 0xC5F8, 0xC5F7,
    0xC5F8, 0xC5F8, 0xC5F8, 0xC5F8, 0xC5F8, 0xC5F8, 0xC5F8, 0xC5F8,
    0xC5F8, 0xC5F8, 0xC5F8, 0xC5F8, 0xC5F8, 0xC5F8, 0xC5F8, 0xC5F8,
    0xC5F8, 0xC5F8, 0xC5F8, 0xC5F8, 0xC618, 0xC5F8, 0xC5F8, 0xC5F8,
    0xC5F8, 0xC5F8, 0xC618, 0xC618, 0xC618, 0xC618, 0xC618, 0xC618,
    0xC618, 0xC618, 0xC618, 0xC618, 0xC618, 0xC618, 0xC618, 0xC618,
    0xC618, 0xCE18, 0xC618, 0xC618, 0xCE18, 0xCE18, 0xCE18, 0xCE18,
    0xAB88, 0xAB88, 0xB388, 0xB388, 0xB3A8, 0xBBE9, 0xCC4A, 0xCC6A,
    0xD4AB, 0xDCEB, 0xE50C, 0xE52C, 0xE50C, 0xE50C, 0xE50C, 0xE50C,
    0xE4EC, 0xDCCB, 0xD48A, 0xCC49, 0xC409, 0xBBE9, 0xBBE9, 0xBBE9,
    0xBBE9, 0xC3E9, 0xCC29, 0xCC6A, 0xD48B, 0xDCCB, 0xDCEB, 0xE4EB,
    0xDCCB, 0xD48A, 0xC429, 0xB3A8, 0xA326, 0x92A5, 0x8243, 0x71E2,
    0x71C2, 0x79E2, 0x8202, 0x8222, 0x8A43, 0x8A63, 0x9283, 0x9283,
    0x9283, 0x9283, 0x9283, 0x92A4, 0x9AE4, 0xA346, 0xB387, 0xBBE8,
    0xBC09, 0xBC29, 0xBC2A, 0xBC2A, 0xB40A, 0xABEA, 0xA3EA, 0xA3CA,
    0x9BCA, 0x9BCA, 0xA3CA, 0xA3AA, 0xD52E, 0xFF15, 0xFDED, 0xF508,
    0xF4C7, 0xDBE5, 0xCB01, 0xCB23, 0xD3A4, 0xE487, 0xED29, 0xF56A,
    0xF529, 0xED08, 0xED28, 0xF5AD, 0xFEB6, 0xF654, 0xF633, 0xF613,
    0xF674, 0xFE95, 0xFE95, 0xF674, 0xF633, 0xF5F1, 0xE590, 0xC44B,
    0x8A85, 0x2040, 0x7AC8, 0xE590, 0xF633, 0xE5B1, 0xE5D1, 0xEDF2,
    0xEE12, 0xEDF2, 0xEDD2, 0xEDF2, 0xEDF2, 0xEDD1, 0xEDD1, 0xEDF2,
    0xEDD1, 0xEDD1, 0xEDD1, 0xEDB0, 0xEDB1, 0xED90, 0xEDB1, 0xE54F,
    0xE58F, 0xEDD1, 0xEDD1, 0xEDD1, 0xEDB0, 0xEDB0, 0xE56F, 0xE56F,
    0xE56F, 0xEDB0, 0xEDF2, 0xEDF2, 0xEDD1, 0xEDD1, 0xEDB1, 0xEDD1,
    0xEE13, 0xEE13, 0xEDD1, 0xEDD2, 0xE5B1, 0xEDF2, 0xEE13, 0xEE34,
    0xEE13, 0xAB89, 0x9AC5, 0xBBC8, 0xCC4B, 0xD4ED, 0xE56F, 0xEDD2,
    0xEE34, 0xEE34, 0xF696, 0xFEF8, 0xF610, 0xF5AC, 0xFDCD, 0xD3E6,
    0xAA01, 0xCB23, 0xCB24, 0xD344, 0xD365, 0xCB44, 0xC2C2, 0xEC26,
    0xE468, 0xE3E5, 0xFDCD, 0xFE70, 0xED6E, 0xC619, 0xC5F8, 0xC5F8,
    0xC5F8, 0xC5F8, 0xC5F8, 0xC5F8, 0xC5F8, 0xC5F8, 0xC5F8, 0xC5F8,
    0xC5F8, 0xC5F8, 0xC5F8, 0xC5F8, 0xC5F8, 0xC5F8, 0xC5F8, 0xC5F7,
    0xC5F8, 0xC5F8, 0xC5F8, 0xC5F8, 0xC5F8, 0xC5F8, 0xC5F8, 0xC5F8,
    0xC5F8, 0xC5F8, 0xC618, 0xC5F8, 0xC5F8, 0xC5F8, 0xC5F8, 0xC5F8,
    0xC5F8, 0xC5F8, 0xC5F8, 0xC5F8, 0xC5F8, 0xC5F8, 0xC5F8, 0xC5F8,
    0xC5F8, 0xC618, 0xC618, 0xC618, 0xC618, 0xC618, 0xC618, 0xC618,
    0xC618, 0xC618, 0xC618, 0xC618, 0xC618, 0xC618, 0xC618, 0xC618,
    0xC618, 0xC618, 0xC618, 0xCE18, 0xC618, 0xCE18, 0xCE18, 0xCE18,
    0xBBA8, 0xBBA8, 0xBBC8, 0xBBC8, 0xBBE9, 0xC429, 0xCC4A, 0xD48A,
    0xD4AB, 0xDCCB, 0xE4EC, 0xE50C, 0xE4EC, 0xE4EB, 0xE4EB, 0xE4EB,
    0xDCEB, 0xDCCB, 0xD4AA, 0xD46A, 0xCC4A, 0xCC29, 0xCC29, 0xCC29,
    0xCC2A, 0xCC4A, 0xCC4A, 0xD48A, 0xD48A, 0xDCAB, 0xDCCB, 0xDCCB,
    0xDCCB, 0xD48A, 0xC429, 0xBBC8, 0xAB47, 0x9AE5, 0x8A84, 0x8243,
    0x8223, 0x8243, 0x8A63, 0x8A83, 0x9284, 0x92A4, 0x92A4, 0x9AC4,
    0x92A4, 0x92A4, 0x9AA4, 0x9AC4, 0x9AE5, 0xAB46, 0xB3A7, 0xB3C8,
    0xBC09, 0xBC29, 0xBC2A, 0xBC2A, 0xB40A, 0xAC0A, 0xA3EA, 0xA3EA,
    0x9BCA, 0x9BCA, 0xA3CA, 0xAC0B, 0xB42B, 0xF673, 0xFEB2, 0xF56A,
    0xF58B, 0xF54A, 0xE445, 0xDC25, 0xE4A7, 0xED09, 0xED29, 0xED49,
    0xED29, 0xECE7, 0xED08, 0xED09, 0xF653, 0xF695, 0xF633, 0xF674,
    0xF695, 0xFE95, 0xFEB6, 0xFEB5, 0xF654, 0xF654, 0xEDF2, 0xD4EE,
    0xBBC9, 0x5142, 0x0000, 0x4943, 0xC4AD, 0xEDF2, 0xEDD1, 0xE56F,
    0xDD4E, 0xE590, 0xE590, 0xE590, 0xE5B0, 0xE5B0, 0xEDD1, 0xEDB0,
    0xEDD1, 0xEDB0, 0xE5B0, 0xE590, 0xE58F, 0xEDB0, 0xEDD1, 0xE54F,
    0xE590, 0xEDB0, 0xEDB1, 0xE590, 0xEDB1, 0xE590, 0xE56F, 0xE570,
    0xE590, 0xE5B1, 0xEDB1, 0xE590, 0xE5B1, 0xE5B1, 0xE570, 0xE590,
    0xEDD2, 0xEE33, 0xEE13, 0xEDF2, 0xEDD2, 0xEDF2, 0xEDF2, 0xE5D2,
    0x8AE7, 0x6182, 0x92A5, 0xB388, 0xC42A, 0xD4AD, 0xDD4F, 0xEDD2,
    0xEE14, 0xEE54, 0xF676, 0xFED7, 0xF5AD, 0xF58B, 0xFDCC, 0xD3E6,
    0x99E0, 0xC2A2, 0xD344, 0xC303, 0xBAA3, 0xC303, 0xBAA2, 0xE3E5,
    0xE427, 0xDB43, 0xFDEE, 0xFDCC, 0xE54F, 0xC619, 0xC5F7, 0xC5F8,
    0xC5F8, 0xC5F8, 0xC5F8, 0xC5F8, 0xC5F8, 0xC5F8, 0xC5F8, 0xC5F8,
    0xC5F7, 0xC5F8, 0xC5F8, 0xC5F8, 0xC5F7, 0xC5F8, 0xC5F7, 0xC5F7,
    0xC5F8, 0xC5F8, 0xC5F8, 0xC5F8, 0xC618, 0xC5F8, 0xC5F8, 0xC5F8,
    0xC5F8, 0xC5F8, 0xC5F8, 0xC5F8, 0xC5F8, 0xC5F8, 0xC5F8, 0xC5F8,
    0xC5F8, 0xC5F8, 0xC5F8, 0xC5F8, 0xC5F8, 0xC5F8, 0xC5F8, 0xC5F8,
    0xC618, 0xC618, 0xC618, 0xC618, 0xC618, 0xC618, 0xC618, 0xC618,
    0xC618, 0xC618, 0xC618, 0xC618, 0xC618, 0xC618, 0xC618, 0xC618,
    0xC618, 0xC618, 0xC618, 0xC618, 0xC618, 0xC618, 0xC618, 0xCE18,
    0xC3E9, 0xC3E9, 0xC3E9, 0xBBE9, 0xC409, 0xCC29, 0xCC4A, 0xD48A,
    0xDCAB, 0xDCCB, 0xDCEB, 0xDCEB, 0xDCEB, 0xDCEB, 0xDCCB, 0xDCCB,
    0xDCCB, 0xDCCB, 0xD4AA, 0xD48A, 0xD48A, 0xD46A, 0xD46A, 0xD46A,
    0xD46A, 0xD48A, 0xD48A, 0xD4AA, 0xDCAB, 0xDCAB, 0xD4AB, 0xDCAB,
    0xDCAB, 0xD46A, 0xCC29, 0xBBE8, 0xB387, 0xA326, 0x9AE5, 0x92A4,
    0x92A4, 0x92C5, 0x92C5, 0x9AE5, 0x9AE5, 0xA305, 0xA305, 0xA305,
    0xA305, 0xA305, 0x9B05, 0x9B05, 0xA326, 0xAB66, 0xB3A7, 0xB3E8,
    0xBC09, 0xBC29, 0xBC2A, 0xBC2A, 0xB40A, 0xAC0A, 0xA3EA, 0xA3EA,
    0xA3CB, 0x9BCA, 0xA3EB, 0xAC2B, 0xB44C, 0xC4CE, 0xF673, 0xFE4F,
    0xF5CD, 0xF56B, 0xECE9, 0xE487, 0xED2A, 0xED29, 0xECE8, 0xED08,
    0xED09, 0xECC7, 0xE4A6, 0xECC7, 0xF5F0, 0xF696, 0xF674, 0xF695,
    0xF675, 0xFEB6, 0xFEB6, 0xFE95, 0xF674, 0xF695, 0xF633, 0xE570,
    0xCC6C, 0x8A86, 0x1820, 0x0800, 0x1820, 0x7287, 0xBC4C, 0xE54E,
    0xE56E, 0xE56F, 0xDD4E, 0xDD4F, 0xE590, 0xE56F, 0xE590, 0xE590,
    0xE590, 0xE56F, 0xE56F, 0xE56F, 0xE56F, 0xE590, 0xE54F, 0xDD0D,
    0xE590, 0xE56F, 0xE54F, 0xE590, 0xE590, 0xE56F, 0xE54F, 0xDD4F,
    0xDD4F, 0xE570, 0xE570, 0xE54F, 0xE570, 0xE590, 0xE54F, 0xE590,
    0xEDD2, 0xE5D2, 0xEDD2, 0xE5B1, 0xE5D1, 0xF633, 0xE591, 0x9308,
    0x5941, 0x6982, 0x92A5, 0xB388, 0xC42A, 0xD48C, 0xDD0E, 0xE591,
    0xEDF3, 0xF675, 0xF6B7, 0xF695, 0xF58B, 0xF5AC, 0xFDED, 0xCBE6,
    0xA221, 0xBA62, 0xC2A2, 0xC2E3, 0xBA82, 0xAA21, 0xBAA2, 0xDBC5,
    0xD365, 0xDB63, 0xFE2F, 0xFD4B, 0xD594, 0xC618, 0xC5F7, 0xC5F8,
    0xC5F8, 0xC5F8, 0xC5F8, 0xC5F8, 0xC5F8, 0xC5F8, 0xC5F8, 0xC5F8,
    0xC5F8, 0xC5F8, 0xC5F8, 0xC5F8, 0xC5F8, 0xC5F7, 0xC5F8, 0xC5F8,
    0xC5F8, 0xC5F8, 0xC5F8, 0xC5F8, 0xC5F8, 0xC5F8, 0xC5F8, 0xC618,
    0xC5F8, 0xC5F8, 0xC5F8, 0xC5F8, 0xC5F8, 0xC5F8, 0xC5F8, 0xC5F8,
    0xC5F8, 0xC5F8, 0xC5F8, 0xC5F8, 0xC5F8, 0xC5F8, 0xC5F8, 0xC5F8,
    0xC618, 0xC618, 0xC618, 0xC618, 0xC618, 0xC618, 0xC618, 0xC618,
    0xC618, 0xC618, 0xC618, 0xC618, 0xC618, 0xC618, 0xC5F8, 0xC5F8,
    0xC618, 0xC618, 0xC618, 0xC618, 0xC618, 0xC618, 0xCE18, 0xCE18,
    0xC429, 0xC409, 0xC409, 0xC409, 0xC429, 0xCC49, 0xCC6A, 0xD48A,
    0xD4AA, 0xDCAB, 0xDCAB, 0xDCAA, 0xDCAA, 0xDCAA, 0xDCAA, 0xDCAA,
    0xDCAA, 0xD4AA, 0xD48A, 0xD48A, 0xD48A, 0xD48A, 0xD48A, 0xD48A,
    0xD48A, 0xD48A, 0xD48A, 0xD4AA, 0xD4AA, 0xD4AA, 0xD4AB, 0xD4AB,
    0xD4AB, 0xCC6A, 0xCC49, 0xBBE9, 0xB3A8, 0xAB67, 0xA326, 0x9B05,
    0xA306, 0xA326, 0xA326, 0xA346, 0xAB46, 0xAB46, 0xAB66, 0xAB46,
    0xAB46, 0xAB46, 0xAB46, 0xAB46, 0xAB66, 0xB387, 0xB3C8, 0xBBE8,
    0xBC09, 0xBC29, 0xBC2A, 0xBC2A, 0xB40A, 0xAC0A, 0xA3EA, 0xA3EB,
    0xA3CB, 0xA3CB, 0xA3EB, 0xAC2B, 0xB46C, 0xB44D, 0xBCCE, 0xFE72,
    0xFDEE, 0xED4B, 0xED2A, 0xECE8, 0xED29, 0xED2A, 0xECE8, 0xECC7,
    0xE4C7, 0xE4A7, 0xDC45, 0xE4A7, 0xECE9, 0xF653, 0xF675, 0xF695,
    0xF675, 0xF696, 0xF695, 0xF653, 0xF695, 0xFE96, 0xF653, 0xEDD1,
    0xDD2E, 0xB3CA, 0x38C1, 0x1000, 0x1000, 0x0000, 0x1020, 0x59C4,
    0x9B69, 0xD4CC, 0xE52D, 0xDD0D, 0xDD0D, 0xD4ED, 0xD4ED, 0xDD2F,
    0xDD0E, 0xDD2E, 0xDD2E, 0xDD0E, 0xDD0D, 0xDD4E, 0xDD2E, 0xDD2F,
    0xDD4F, 0xDCED, 0xD4CC, 0xDD2F, 0xDD0E, 0xDD0E, 0xDD0E, 0xDD2E,
    0xDD2F, 0xDD2E, 0xDD2E, 0xDCED, 0xDD0E, 0xDD2E, 0xE54F, 0xDD4E,
    0xE590, 0xE591, 0xDD70, 0xE590, 0xEE12, 0xBC8D, 0x7A66, 0x7A24,
    0x8AA6, 0x92A6, 0xAB68, 0xC40A, 0xCC6B, 0xDCEE, 0xE570, 0xE5B1,
    0xEDF2, 0xF654, 0xF6B7, 0xF611, 0xF58C, 0xF56B, 0xFD8B, 0xCBE7,
    0xA201, 0xBA82, 0xBAA2, 0xBA82, 0xC2A2, 0xB262, 0xC303, 0xDBA5,
    0xCB23, 0xEC67, 0xFE4F, 0xED4E, 0xC618, 0xC5F7, 0xC5F8, 0xC5F8,
    0xC5F8, 0xC5F8, 0xC5F8, 0xC5F8, 0xC5F8, 0xC5F8, 0xC5F8, 0xC5F8,
    0xC5F8, 0xC5F8, 0xC5F8, 0xC5F7, 0xC5F7, 0xC5F7, 0xC5F8, 0xC5F8,
    0xC5F8, 0xC5F8, 0xC5F8, 0xC5F8, 0xC5F8, 0xC5F8, 0xC618, 0xC618,
    0xC618, 0xC5F8, 0xC5F8, 0xC5F8, 0xC5F8, 0xC5F8, 0xC5F8, 0xC5F8,
    0xC5F8, 0xC5F8, 0xC5F8, 0xC5F8, 0xC5F8, 0xC5F8, 0xC5F8, 0xC5F8,
    0xC5F8, 0xC5F8, 0xC5F8, 0xC5F8, 0xC618, 0xC618, 0xC618, 0xC618,
    0xC618, 0xC618, 0xC618, 0xC618, 0xC618, 0xC618, 0xC618, 0xC5F8,
    0xC618, 0xC618, 0xC618, 0xC618, 0xC618, 0xCE18, 0xCE18, 0xCE18,
    0xCC29, 0xCC29, 0xCC29, 0xCC29, 0xC429, 0xCC49, 0xCC49, 0xCC6A,
    0xD48A, 0xD48A, 0xD48A, 0xD48A, 0xD48A, 0xD48A, 0xD48A, 0xD48A,
    0xD48A, 0xD46A, 0xD46A, 0xCC6A, 0xCC6A, 0xCC6A, 0xCC6A, 0xCC6A,
    0xD46A, 0xD46A, 0xD46A, 0xD46A, 0xD48A, 0xD48A, 0xD48A, 0xD48A,
    0xD48A, 0xCC6A, 0xC429, 0xC409, 0xBBC8, 0xB3A7, 0xAB67, 0xAB66,
    0xAB66, 0xAB67, 0xAB67, 0xB387, 0xB3A7, 0xB3A7, 0xB387, 0xB387,
    0xB387, 0xB387, 0xB387, 0xB387, 0xB3A7, 0xB3C7, 0xBBC8, 0xBBE8,
    0xBC09, 0xBC29, 0xBC2A, 0xBC2A, 0xB40A, 0xAC0A, 0xABEB, 0xA3EB,
    0xA3EB, 0xA3CB, 0xA3EB, 0xAC2C, 0xB46D, 0xB48D, 0xAC4D, 0xCD71,
    0xFE0F, 0xEC86, 0xE467, 0xE487, 0xF56B, 0xED2A, 0xECE9, 0xE4C7,
    0xE4E8, 0xDC87, 0xDC25, 0xE4A7, 0xDC66, 0xED6D, 0xF695, 0xF654,
    0xF654, 0xF675, 0xF633, 0xF674, 0xFEB6, 0xFEB5, 0xF675, 0xF633,
    0xEDB1, 0xD4CD, 0x7A25, 0x1800, 0x1000, 0x0800, 0x0000, 0x0000,
    0x0800, 0x38C1, 0x6A25, 0x9B69, 0xCC8C, 0xDD0D, 0xDD0D, 0xDCCC,
    0xD4CC, 0xD4CC, 0xCC8B, 0xD4CD, 0xD4CD, 0xD4CD, 0xD4AD, 0xCC8C,
    0xD4CD, 0xD4ED, 0xD4ED, 0xDCED, 0xDD0E, 0xDCED, 0xD4CD, 0xD4CD,
    0xD4CC, 0xD4CC, 0xD4ED, 0xD4CC, 0xD4ED, 0xD4EE, 0xDD0E, 0xDD4E,
    0xE56F, 0xE590, 0xE570, 0xBC6D, 0x8B08, 0x61A3, 0x7A65, 0xA368,
    0xAB89, 0xB3C9, 0xCC8C, 0xCCAC, 0xD4CD, 0xDD2F, 0xE591, 0xE5D1,
    0xEE13, 0xF655, 0xF675, 0xED6C, 0xED4B, 0xECE8, 0xF54A, 0xD3E6,
    0xA241, 0xAA62, 0xB282, 0xBA82, 0xB262, 0xC2E3, 0xD364, 0xD385,
    0xD323, 0xF58C, 0xFE50, 0xD592, 0xC5F8, 0xC5F7, 0xC5F8, 0xC5F8,
    0xC5F8, 0xC5F8, 0xC5F8, 0xC5F8, 0xC5F8, 0xC5F8, 0xC5F8, 0xC5F8,
    0xC5F8, 0xC5F8, 0xC5F8, 0xC5F8, 0xC5F8, 0xC5F8, 0xC5F8, 0xC5F8,
    0xC5F8, 0xC5F8, 0xC5F8, 0xC5F8, 0xC5F8, 0xC5F8, 0xC5F8, 0xC618,
    0xC5F8, 0xC5F8, 0xC5F8, 0xC5F8, 0xC5F8, 0xC5F8, 0xC5F8, 0xC5F8,
    0xC5F8, 0xC5F8, 0xC5F8, 0xC5F8, 0xC5F8, 0xC5F8, 0xC5F7, 0xC5D7,
    0xBDD7, 0xBDD7, 0xBDD7, 0xBDD7, 0xC5F7, 0xC5F8, 0xC5F8, 0xC5F8,
    0xC618, 0xC618, 0xC618, 0xC618, 0xC618, 0xC618, 0xC5F8, 0xC618,
    0xC618, 0xC618, 0xC618, 0xC618, 0xC618, 0xCE18, 0xCE18, 0xCE18,
    0xCC29, 0xCC29, 0xCC29, 0xCC29, 0xCC29, 0xCC29, 0xCC29, 0xCC49,
    0xCC49, 0xCC49, 0xCC49, 0xCC49, 0xCC49, 0xCC69, 0xCC69, 0xCC6A,
    0xCC6A, 0xCC49, 0xCC49, 0xCC49, 0xCC49, 0xCC49, 0xCC49, 0xCC49,
    0xCC49, 0xCC49, 0xCC49, 0xCC49, 0xCC49, 0xCC49, 0xCC49, 0xCC49,
    0xCC6A, 0xCC49, 0xC429, 0xC408, 0xBBE8, 0xBBC8, 0xB3A7, 0xB387,
    0xB387, 0xB3A7, 0xB3A8, 0xBBA8, 0xBBC8, 0xBBA8, 0xBBA8, 0xBBA7,
    0xBBA8, 0xB3A7, 0xB3A7, 0xB3A7, 0xB3A7, 0xBBC8, 0xBBE8, 0xBBE8,
    0xBC09, 0xBC29, 0xC42A, 0xBC2A, 0xB42A, 0xAC0A, 0xAC0B, 0xA40B,
    0xA3EB, 0xA3EB, 0xA40B, 0xAC2C, 0xB46D, 0xB48D, 0xB48E, 0xB48F,
    0xCD51, 0xF509, 0xDB62, 0xC302, 0xE4A8, 0xED2A, 0xED09, 0xCBA4,
    0xD406, 0xD3E5, 0xDC66, 0xE4E8, 0xE487, 0xDC67, 0xEDF1, 0xF654,
    0xF653, 0xF654, 0xF633, 0xF675, 0xFEB6, 0xFED6, 0xFEB6, 0xF654,
    0xF613, 0xEDD1, 0xBC2B, 0x38A1, 0x1000, 0x0800, 0x0800, 0x0800,
    0x1000, 0x0800, 0x0000, 0x0800, 0x2081, 0x51C4, 0x7A86, 0x9B48,
    0xB3CA, 0xC42A, 0xD48B, 0xDCED, 0xDCED, 0xD4AC, 0xCC2A, 0xCC4A,
    0xD4AB, 0xD48B, 0xD4AC, 0xD4AC, 0xD4AC, 0xCC8B, 0xD4AB, 0xD4CC,
    0xD4AC, 0xD4CC, 0xDCED, 0xDD0D, 0xDD0D, 0xE54E, 0xE54E, 0xE56F,
    0xCCEE, 0xA3CB, 0x51A5, 0x30A1, 0x5962, 0x82A6, 0xAB89, 0xBC2B,
    0xCC8C, 0xCCCD, 0xDD2F, 0xE570, 0xDD50, 0xDD4F, 0xE5B1, 0xE5D2,
    0xEE13, 0xEE55, 0xEDB0, 0xED2B, 0xED4B, 0xED2A, 0xED0A, 0xCBA5,
    0xAA62, 0xA242, 0xA242, 0xBAA2, 0xCAE2, 0xCAE3, 0xD323, 0xD344,
    0xDBC5, 0xFE4E, 0xF632, 0xC5D7, 0xC5F8, 0xC5F8, 0xC5F8, 0xC5F8,
    0xC5F8, 0xC5F8, 0xC5F8, 0xC5F8, 0xC5F8, 0xC5F8, 0xC5F8, 0xC5F8,
    0xC5F7, 0xC5F8, 0xC5F8, 0xC5F8, 0xC5F8, 0xC5F8, 0xC5F8, 0xC5F8,
    0xC5F8, 0xC5F8, 0xC5F8, 0xC5F8, 0xC5F8, 0xC5F8, 0xC618, 0xC618,
    0xC5F8, 0xC5F8, 0xC5F8, 0xC5F8, 0xC5F8, 0xC5F8, 0xC5F8, 0xC5F8,
    0xC5F8, 0xC5F8, 0xC5F8, 0xC5F8, 0xC5F8, 0xC5F7, 0xBDD7, 0xBDD7,
    0xBDD7, 0xBDB7, 0xBDB6, 0xBDB6, 0xBDB7, 0xBDD7, 0xC5D7, 0xC5D7,
    0xC5F8, 0xC5F8, 0xC618, 0xC618, 0xC618, 0xC618, 0xC5F8, 0xC5F8,
    0xC618, 0xC618, 0xC618, 0xC618, 0xC618, 0xC618, 0xC618, 0xCE18,
    0xC408, 0xC408, 0xC408, 0xC408, 0xC408, 0xC408, 0xC408, 0xC408,
    0xC408, 0xC408, 0xC408, 0xC408, 0xC409, 0xC429, 0xC429, 0xC429,
    0xC429, 0xC409, 0xC409, 0xC409, 0xC409, 0xC409, 0xC409, 0xC409,
    0xC409, 0xC409, 0xC429, 0xC429, 0xC409, 0xC409, 0xC408, 0xC409,
    0xC429, 0xC429, 0xC409, 0xBBE8, 0xBBE8, 0xBBC8, 0xBBA8, 0xBBA7,
    0xBBA8, 0xBBC8, 0xBBC8, 0xBBC8, 0xBBC8, 0xBBC8, 0xBBC8, 0xBBC8,
    0xBBC8, 0xB3C8, 0xB3A7, 0xB3A7, 0xBBC8, 0xBBC8, 0xBBE8, 0xBC08,
    0xBC09, 0xBC2A, 0xC42A, 0xBC2A, 0xB42A, 0xB42B, 0xAC0B, 0xAC0B,
    0xA40B, 0xA3EB, 0xA40B, 0xAC4C, 0xB46D, 0xB48D, 0xB48E, 0xB4AF,
    0xACB0, 0xCD30, 0xF4A7, 0xD302, 0xCB44, 0xE4C8, 0xED29, 0xBB02,
    0x9A01, 0xBB02, 0xDC67, 0xECE8, 0xE4A7, 0xDC25, 0xE4C9, 0xF612,
    0xF633, 0xEDF2, 0xEE12, 0xF695, 0xFEB6, 0xF695, 0xF674, 0xF674,
    0xFE95, 0xEDF2, 0xDD0E, 0x7A46, 0x1000, 0x1000, 0x0800, 0x0800,
    0x0800, 0x0800, 0x1000, 0x0800, 0x0000, 0x0000, 0x0000, 0x0000,
    0x1840, 0x2081, 0x4122, 0x6A25, 0x9308, 0x8AC7, 0x7225, 0x7A45,
    0xB3A9, 0xC44B, 0xCC4A, 0xCC4B, 0xCC4A, 0xCC6B, 0xD48B, 0xD48B,
    0xD4AC, 0xCC8C, 0xCC8C, 0xC44B, 0xB3EA, 0xA3AA, 0x7AA7, 0x5184,
    0x2881, 0x0800, 0x0800, 0x5962, 0x9B27, 0xABA9, 0xC44C, 0xD50F,
    0xDD4F, 0xE570, 0xE590, 0xE5B1, 0xEDD1, 0xE5B1, 0xE590, 0xEDF2,
    0xEE34, 0xEE54, 0xE4CA, 0xED0A, 0xED4B, 0xED2A, 0xDC68, 0xBB03,
    0xA221, 0xA221, 0xAA62, 0xBAA2, 0xCB23, 0xCAE2, 0xD323, 0xCAE2,
    0xEC88, 0xFEB1, 0xDE36, 0xBDF8, 0xC5F8, 0xC5F8, 0xC5F8, 0xC5F8,
    0xC5F8, 0xC5F8, 0xC5F8, 0xC5F8, 0xC5F8, 0xC5F8, 0xC5F8, 0xC5F8,
    0xC5F8, 0xC5F8, 0xC5F8, 0xC5F8, 0xC5F8, 0xC5F8, 0xC5F8, 0xC5F8,
    0xC5F8, 0xC5F8, 0xC5F8, 0xC5F8, 0xC5F8, 0xC5F8, 0xC618, 0xC618,
    0xC5F8, 0xC5F8, 0xC5F8, 0xC5F8, 0xC5F8, 0xC5F8, 0xC5F8, 0xC5F8,
    0xC5F8, 0xC5F8, 0xC5F8, 0xC5F8, 0xBDF8, 0xBDD7, 0xBDD7, 0xBDB6,
    0xB5B6, 0xB596, 0xB595, 0xB575, 0xB595, 0xB596, 0xBDB6, 0xBDB6,
    0xBDD7, 0xC5F8, 0xC5F8, 0xC618, 0xC5F8, 0xC5F8, 0xC618, 0xC618,
    0xC618, 0xC618, 0xC618, 0xC618, 0xC618, 0xC618, 0xC618, 0xC618,
    0xB3A8, 0xB3A8, 0xB3C8, 0xB3A8, 0xB3A8, 0xB3A8, 0xB3C8, 0xBBC8,
    0xBBC8, 0xBBC8, 0xBBA8, 0xBBA8, 0xBBC8, 0xBBC8, 0xBBC8, 0xBBE8,
    0xBBC8, 0xB3C8, 0xBBC8, 0xBBC8, 0xBBE8, 0xBBE8, 0xBBE8, 0xBBE8,
    0xBBE8, 0xBBE8, 0xBBE8, 0xBBE8, 0xBBE8, 0xBBE8, 0xBBE8, 0xBBE8,
    0xBBE8, 0xBBE8, 0xBBE8, 0xBBE8, 0xBBE8, 0xBBC8, 0xBBC8, 0xBBC8,
    0xBBC8, 0xBBC8, 0xBBE8, 0xBBE8, 0xBBE8, 0xBBE8, 0xBBE8, 0xBBC8,
    0xBBC8, 0xBBC8, 0xB3A8, 0xB3C8, 0xB3C8, 0xBBC8, 0xBBE8, 0xBC09,
    0xBC09, 0xBC2A, 0xBC4A, 0xBC4B, 0xB44B, 0xB42B, 0xAC2C, 0xAC2C,
    0xAC0B, 0xA3EB, 0xA40B, 0xAC4C, 0xB46D, 0xB48E, 0xB4AE, 0xB4AF,
    0xB4D0, 0xACF2, 0xCD52, 0xECA8, 0xD321, 0xD3E6, 0xED09, 0xCB42,
    0x9180, 0xAA41, 0xDC46, 0xE4C8, 0xDC66, 0xDC46, 0xDC46, 0xE4EA,
    0xEE12, 0xEDF1, 0xEE13, 0xF654, 0xF654, 0xF674, 0xFEB6, 0xFED7,
    0xF695, 0xEDD1, 0xE56F, 0xB3EA, 0x3060, 0x2000, 0x1000, 0x0800,
    0x0800, 0x0800, 0x0000, 0x0000, 0x1000, 0x1820, 0x1820, 0x1800,
    0x0800, 0x0000, 0x0000, 0x0000, 0x0000, 0x0000, 0x0000, 0x0000,
    0x0800, 0x2081, 0x28A1, 0x28C1, 0x30C1, 0x4122, 0x3922, 0x3922,
    0x4123, 0x30C2, 0x2081, 0x2060, 0x1020, 0x0000, 0x0000, 0x0000,
    0x0800, 0x0800, 0x4902, 0x92E7, 0xBC0B, 0xCC8C, 0xD50F, 0xE590,
    0xE5B1, 0xEDD2, 0xE5D1, 0xEDB1, 0xEDD2, 0xEDF2, 0xE5B1, 0xE5B1,
    0xEE34, 0xED6E, 0xE4E9, 0xE4E9, 0xED4A, 0xED4B, 0xD427, 0xAA62,
    0xAA41, 0xAA21, 0xB282, 0xBAC3, 0xBA82, 0xC2C2, 0xD344, 0xDB63,
    0xFDCC, 0xF693, 0xC618, 0xC618, 0xC5F8, 0xC5F8, 0xC5F8, 0xC5F8,
    0xC5F8, 0xC5F8, 0xC5F8, 0xC5F8, 0xC5F8, 0xC5F7, 0xC5F7, 0xC5F8,
    0xC5F8, 0xC5F8, 0xC5F8, 0xC5F8, 0xC5F8, 0xBDF7, 0xC5F7, 0xC5F8,
    0xC5F8, 0xC5F8, 0xC5F8, 0xC5F8, 0xC5F8, 0xC618, 0xC5F8, 0xC5F8,
    0xC5F8, 0xC5F8, 0xC5F8, 0xC5F8, 0xC5F8, 0xC5F8, 0xC5F8, 0xC5F8,
    0xC5F8, 0xC5F8, 0xC5F8, 0xC5F8, 0xBDF8, 0xBDD7, 0xBDB6, 0xB596,
    0xB575, 0xAD75, 0xAD54, 0xAD54, 0xAD54, 0xAD54, 0xAD55, 0xB575,
    0xB596, 0xBDD7, 0xC5F7, 0xC5F8, 0xC5F8, 0xC5F8, 0xC5F8, 0xC5F8,
    0xC618, 0xC618, 0xC618, 0xC618, 0xC618, 0xC618, 0xC618, 0xC618,
    0xA347, 0xA347, 0xA367, 0xA367, 0xA367, 0xAB67, 0xAB67, 0xAB67,
    0xAB67, 0xAB67, 0xAB67, 0xAB67, 0xAB67, 0xAB67, 0xAB87, 0xAB87,
    0xAB87, 0xAB87, 0xAB87, 0xAB87, 0xAB88, 0xB387, 0xB3A7, 0xB3A8,
    0xB3A8, 0xB3A8, 0xB3A8, 0xB3A8, 0xB3A8, 0xB3A8, 0xB3A8, 0xB3A8,
    0xB3A7, 0xB3A8, 0xB3C8, 0xBBC8, 0xBBC8, 0xBBC8, 0xBBC8, 0xBBC8,
    0xBBC8, 0xBBC8, 0xBBC8, 0xBBC8, 0xBBC8, 0xBBC8, 0xBBC8, 0xBBC8,
    0xBBC8, 0xB3C8, 0xB3C8, 0xB3C8, 0xB3C8, 0xBBE8, 0xBBE9, 0xBC09,
    0xBC2A, 0xBC4A, 0xBC6B, 0xBC4B, 0xBC4B, 0xB44C, 0xB44C, 0xAC2C,
    0xAC0B, 0xA40B, 0xAC0B, 0xAC2C, 0xB46D, 0xB48E, 0xB4AF, 0xB4AF,
    0xB4D0, 0xB4F2, 0xAD14, 0xC596, 0xE4EB, 0xCB01, 0xE467, 0xDC05,
    0xBAA0, 0xAA20, 0xD426, 0xDC87, 0xDC66, 0xDC25, 0xDC25, 0xD425,
    0xDCC9, 0xEDF1, 0xEE12, 0xEDD1, 0xEE12, 0xF695, 0xFEB6, 0xFED6,
    0xF695, 0xF633, 0xEDF2, 0xDD0E, 0x71E4, 0x2800, 0x2020, 0x1000,
    0x0800, 0x0000, 0x1820, 0x4081, 0x4881, 0x4881, 0x4061, 0x3860,
    0x3040, 0x2820, 0x2820, 0x1820, 0x0800, 0x0800, 0x0800, 0x0000,
    0x0000, 0x0000, 0x0000, 0x0000, 0x0000, 0x0000, 0x0000, 0x0000,
    0x0000, 0x0000, 0x0000, 0x0000, 0x0800, 0x0800, 0x0800, 0x0800,
    0x0800, 0x30A1, 0x8A86, 0xB3EA, 0xCCAD, 0xDD2F, 0xE591, 0xEDF2,
    0xEDF2, 0xEE13, 0xEDF2, 0xEDD2, 0xEDF2, 0xEE13, 0xEDF2, 0xEE13,
    0xE5B0, 0xE4A8, 0xE4E9, 0xE4E9, 0xED6B, 0xED4B, 0xCBC6, 0x9A01,
    0xA200, 0xBA82, 0xBAC3, 0xAA82, 0xB282, 0xD343, 0xDB84, 0xF509,
    0xFE91, 0xD637, 0xBDF8, 0xC618, 0xC5F8, 0xC5F8, 0xC5F8, 0xC5F8,
    0xC5F8, 0xC5F8, 0xC5F8, 0xC5F8, 0xC5F8, 0xC5F7, 0xC5F7, 0xC5F8,
    0xC5F8, 0xC5F8, 0xC5F8, 0xC5F8, 0xC5F8, 0xC5F7, 0xC5F8, 0xC5F8,
    0xC5F8, 0xC5F8, 0xC5F8, 0xC5F8, 0xC5F8, 0xC5F8, 0xC5F8, 0xC5F8,
    0xC5F8, 0xC5F8, 0xC5F8, 0xC5F8, 0xC5F8, 0xC5F8, 0xC5F8, 0xC5F8,
    0xC5F8, 0xC5F8, 0xC5F8, 0xC5F8, 0xBDF8, 0xBDD7, 0xB5B6, 0xAD75,
    0xAD54, 0xA534, 0xA513, 0xA4F2, 0x9CF2, 0xA4F2, 0xA513, 0xA534,
    0xAD55, 0xBD96, 0xBDD7, 0xC5F7, 0xC5F8, 0xC5F8, 0xC5F8, 0xC5F8,
    0xC618, 0xC5F8, 0xC5F8, 0xC5F8, 0xC618, 0xC5F8, 0xC618, 0xC618,
    0x92E6, 0x92E6, 0x9306, 0x9306, 0x9B06, 0x9B06, 0x9B06, 0x9B06,
    0x9B06, 0x9B06, 0x9B06, 0x9B06, 0x9B06, 0x9B06, 0x9B26, 0x9B27,
    0x9B27, 0xA327, 0x9B27, 0x9B47, 0xA347, 0xA347, 0xA347, 0xA347,
    0xA367, 0xA367, 0xA367, 0xA367, 0xA367, 0xA367, 0xAB67, 0xAB67,
    0xAB67, 0xAB67, 0xAB87, 0xAB87, 0xAB87, 0xAB87, 0xAB87, 0xAB87,
    0xAB87, 0xAB87, 0xAB87, 0xB3A7, 0xB3A7, 0xB3A7, 0xB3A7, 0xB3A8,
    0xB3C8, 0xB3C8, 0xB3C8, 0xB3C8, 0xB3C8, 0xB3E9, 0xBC09, 0xBC2A,
    0xBC2A, 0xBC4B, 0xBC6B, 0xBC6C, 0xBC6C, 0xB46C, 0xB44C, 0xAC4C,
    0xAC0B, 0xA40B, 0xAC0B, 0xAC2C, 0xB46D, 0xB4AE, 0xB4AF, 0xB4AF,
    0xB4D0, 0xB4F2, 0xB534, 0xB556, 0xBDB7, 0xD4EE, 0xDBC4, 0xE445,
    0xD3E5, 0xCB42, 0xCB83, 0xDC67, 0xDC46, 0xDC46, 0xD426, 0xD425,
    0xD3E4, 0xDC89, 0xEDD0, 0xEDD1, 0xEE13, 0xF675, 0xF6B6, 0xFEB6,
    0xFE95, 0xFE95, 0xF653, 0xEDB1, 0xB3EB, 0x4880, 0x3840, 0x2000,
    0x0800, 0x1820, 0x6923, 0x7964, 0x7124, 0x6903, 0x58C2, 0x50A2,
    0x4881, 0x4081, 0x4060, 0x3840, 0x2820, 0x1800, 0x0800, 0x1800,
    0x2020, 0x2820, 0x2820, 0x2820, 0x2820, 0x2020, 0x1820, 0x1000,
    0x0800, 0x0800, 0x0800, 0x0800, 0x0800, 0x0800, 0x0800, 0x0000,
    0x2040, 0x8286, 0xB3CA, 0xCCAD, 0xDD50, 0xE570, 0xE5D2, 0xEE13,
    0xEE13, 0xEE13, 0xEDF2, 0xEDD2, 0xEDD2, 0xEDD2, 0xEE33, 0xEDF1,
    0xE4C9, 0xE4A8, 0xE4A8, 0xE4E9, 0xED2A, 0xED2A, 0xD406, 0xA221,
    0xA220, 0xBA82, 0xB282, 0xBAA2, 0xC2E2, 0xE3E5, 0xF4E8, 0xFE0D,
    0xE656, 0xC619, 0xC5F8, 0xC5F8, 0xC618, 0xC618, 0xC5F8, 0xC5F8,
    0xC5F8, 0xC5F8, 0xC5F8, 0xC5F8, 0xC5F7, 0xC5F8, 0xC5F8, 0xC5F8,
    0xC5F8, 0xC5F8, 0xC5F8, 0xC5F8, 0xC5F8, 0xBDF8, 0xC5F8, 0xBDF8,
    0xBDF8, 0xC5F8, 0xC5F8, 0xC5F8, 0xC5F8, 0xC5F8, 0xC5F8, 0xC5F8,
    0xC5F8, 0xC5F8, 0xC5F8, 0xC5F8, 0xC5F8, 0xC5F8, 0xC5F8, 0xC5F8,
    0xC5F8, 0xC5F8, 0xC5F8, 0xC5F8, 0xBDF8, 0xBDD7, 0xB596, 0xAD55,
    0xA533, 0x9CF2, 0x9CD1, 0x94B1, 0x9490, 0x9490, 0x94D1, 0x9CF2,
    0xA513, 0xAD75, 0xBD96, 0xBDD7, 0xC5D7, 0xC5F8, 0xC5F8, 0xC5F8,
    0xC5F8, 0xC5F8, 0xC5F8, 0xC5F8, 0xC5F8, 0xC5F8, 0xC5F8, 0xC5F8,
    0x82A6, 0x82A6, 0x82A6, 0x82A6, 0x82A6, 0x82A6, 0x8AA6, 0x8AA5,
    0x8AA6, 0x8AA6, 0x8AA6, 0x8AA5, 0x8AA5, 0x8AA5, 0x8AC5, 0x92C5,
    0x8AC5, 0x92C6, 0x92E6, 0x92E6, 0x92E6, 0x92E6, 0x9B06, 0x9B06,
    0x9B06, 0x9B06, 0x9B06, 0x9B06, 0x9B06, 0x9B26, 0x9B26, 0x9B26,
    0x9B26, 0x9B26, 0x9B26, 0xA346, 0xA346, 0xA346, 0xA346, 0xA346,
    0xA346, 0xA347, 0xA347, 0xA367, 0xA367, 0xAB67, 0xAB67, 0xAB88,
    0xAB88, 0xABA8, 0xABC8, 0xB3C9, 0xB3C9, 0xB3E9, 0xB40A, 0xBC2A,
    0xBC4B, 0xBC4B, 0xBC6C, 0xBC8C, 0xBC8C, 0xB46C, 0xB44C, 0xAC2C,
    0xAC0B, 0xAC0B, 0xAC0B, 0xAC4C, 0xB48D, 0xB4AE, 0xB4AF, 0xB4AF,
    0xB4D1, 0xB512, 0xB534, 0xB555, 0xB576, 0xBDD9, 0xCD94, 0xDCCB,
    0xDC25, 0xD3A4, 0xD3E6, 0xDC67, 0xDC46, 0xDC46, 0xD426, 0xD405,
    0xD3E5, 0xD3C4, 0xDC88, 0xEDD1, 0xEDF2, 0xF654, 0xF6B6, 0xFEB6,
    0xFED7, 0xFED6, 0xF695, 0xEE12, 0xE570, 0x7A05, 0x4020, 0x3040,
    0x1000, 0x48A2, 0xA207, 0xA227, 0x99C6, 0x8985, 0x7944, 0x6903,
    0x60E2, 0x58C2, 0x50A2, 0x4881, 0x4060, 0x3040, 0x3020, 0x4060,
    0x4060, 0x4060, 0x4060, 0x4060, 0x4060, 0x4060, 0x3860, 0x3860,
    0x1820, 0x0000, 0x0800, 0x0800, 0x0800, 0x0800, 0x0800, 0x1000,
    0x7225, 0xBC2B, 0xCCCD, 0xDD50, 0xE591, 0xE591, 0xEE13, 0xEE13,
    0xEE13, 0xEDF2, 0xE5D2, 0xE5D2, 0xE5D2, 0xE5D1, 0xEE13, 0xE50B,
    0xDC87, 0xE4A8, 0xE4A8, 0xE4A8, 0xE4E9, 0xED2A, 0xD427, 0xA220,
    0xA220, 0xB261, 0xC2C2, 0xCB43, 0xE425, 0xF54A, 0xFDCC, 0xE613,
    0xC618, 0xC618, 0xC5F8, 0xC5F8, 0xC618, 0xC618, 0xC5F8, 0xC5F8,
    0xC5F8, 0xC5F8, 0xC5F8, 0xC5F8, 0xC5F8, 0xBDF8, 0xBDF7, 0xC5F8,
    0xBDF8, 0xBDF8, 0xC5F8, 0xC5F8, 0xBDF8, 0xBDF8, 0xBDF8, 0xBDF8,
    0xBDF8, 0xC5F8, 0xC5F8, 0xC5F8, 0xC5F8, 0xC5F8, 0xC5F8, 0xC5F8,
    0xC5F8, 0xC5F8, 0xC5F8, 0xC5F8, 0xC5F8, 0xC5F8, 0xBDF8, 0xBDF8,
    0xBDF7, 0xC5F7, 0xC5F7, 0xBDF7, 0xBDD7, 0xBDB7, 0xB596, 0xAD54,
    0xA513, 0x9CD1, 0x9490, 0x8C6E, 0x842E, 0x842D, 0x8C6F, 0x9490,
    0x9CD1, 0xA533, 0xAD75, 0xB596, 0xBDD7, 0xC5F7, 0xC5F8, 0xC5F8,
    0xC5F8, 0xC5F8, 0xC5F8, 0xC5F8, 0xC5F8, 0xC5F8, 0xC5F8, 0xC618,
    0x8286, 0x8286, 0x8285, 0x7A85, 0x7A86, 0x7A85, 0x8285, 0x7A85,
    0x7A85, 0x7A85, 0x7A85, 0x7A65, 0x7A65, 0x7A85, 0x8285, 0x8285,
    0x8285, 0x8285, 0x8285, 0x82A5, 0x8AA5, 0x8AA5, 0x8AC5, 0x8AC5,
    0x8AC5, 0x8AC5, 0x8AC5, 0x8AC5, 0x8AC5, 0x8AC5, 0x92C5, 0x92C5,
    0x92E5, 0x92E5, 0x92E5, 0x92E5, 0x9AE5, 0x9AE5, 0x9AE5, 0x9AE5,
    0x9B06, 0x9B06, 0x9B06, 0x9B26, 0x9B26, 0xA347, 0xA367, 0xA367,
    0xA388, 0xA388, 0xABA8, 0xABC9, 0xABC9, 0xABE9, 0xB40A, 0xB42B,
    0xBC4B, 0xBC6C, 0xBC6C, 0xBC8C, 0xBC8C, 0xB46C, 0xB44C, 0xAC2C,
    0xAC2B, 0xAC0B, 0xAC0B, 0xAC2C, 0xB46D, 0xB48E, 0xB4AF, 0xB4CF,
    0xB4F1, 0xB512, 0xB534, 0xB555, 0xBD97, 0xBDB7, 0xBDF9, 0xC61A,
    0xD592, 0xCBC4, 0xC2E1, 0xD3E6, 0xDC67, 0xD426, 0xD405, 0xD405,
    0xD3E5, 0xD3E5, 0xD3E4, 0xDC88, 0xE5B0, 0xEE34, 0xF695, 0xF6B6,
    0xFED7, 0xFEB6, 0xFEB6, 0xF674, 0xF5F2, 0xBC2C, 0x5081, 0x4861,
    0x2800, 0x50A2, 0xC289, 0xCACA, 0xC289, 0xAA08, 0x99C6, 0x8985,
    0x8164, 0x7924, 0x6903, 0x60E2, 0x58C2, 0x4881, 0x4881, 0x50A1,
    0x50A1, 0x58C2, 0x58A1, 0x58A2, 0x58C2, 0x58C2, 0x58C2, 0x50A2,
    0x4081, 0x1000, 0x0000, 0x0800, 0x0800, 0x1000, 0x1000, 0x59A4,
    0xBBEA, 0xD4EE, 0xDD70, 0xE5B2, 0xE5D2, 0xEDF2, 0xEE14, 0xEE34,
    0xEDD2, 0xEDD2, 0xE5B1, 0xE5B1, 0xE5B1, 0xE56F, 0xDCAA, 0xDC87,
    0xDC67, 0xDC87, 0xDC87, 0xDC88, 0xDC87, 0xE4C9, 0xCBC5, 0xBA80,
    0xBAA0, 0xCB22, 0xD3A4, 0xE467, 0xF58C, 0xFDED, 0xEDF1, 0xC618,
    0xC5F8, 0xC5F8, 0xC5F8, 0xC5F8, 0xC5F8, 0xC5F8, 0xC5F8, 0xC5F8,
    0xC5F8, 0xC5F8, 0xC5F8, 0xC5F8, 0xC5F8, 0xC5F8, 0xC5F8, 0xC5F8,
    0xC5F8, 0xC5F8, 0xC5F8, 0xBDF8, 0xBDD8, 0xBDD7, 0xBDD7, 0xBDD8,
    0xBDF8, 0xBDF8, 0xBDF8, 0xBDF8, 0xC5F8, 0xC5F8, 0xC5F8, 0xC5F8,
    0xC5F8, 0xC5F8, 0xC5F8, 0xC5F8, 0xC5F8, 0xBDF8, 0xBDD7, 0xBDD7,
    0xBDD7, 0xBDD7, 0xBDD7, 0xBDD7, 0xBDD7, 0xBDD7, 0xB596, 0xAD34,
    0x9CF2, 0x94B0, 0x844E, 0x7C0C, 0x73EB, 0x73CB, 0x7C0C, 0x842E,
    0x8C90, 0x9CD1, 0xA533, 0xAD75, 0xBDB6, 0xBDD7, 0xC5F8, 0xC5F8,
    0xC618, 0xC5F8, 0xC5F8, 0xC5F8, 0xC5F8, 0xC5F8, 0xC5F8, 0xC5F8,
    0x82A6, 0x82A6, 0x82A6, 0x82A6, 0x7A86, 0x8286, 0x7A86, 0x7A85,
    0x7A85, 0x7A85, 0x7A85, 0x7A85, 0x7A85, 0x7A85, 0x7A85, 0x7A85,
    0x7A85, 0x8285, 0x8285, 0x8285, 0x8285, 0x82A5, 0x82A5, 0x8AA5,
    0x8AA5, 0x8AA5, 0x8AA5, 0x8AA5, 0x8AA5, 0x8AA5, 0x8AA5, 0x8AA5,
    0x8AA5, 0x8AA5, 0x8AA5, 0x8AA5, 0x8AA5, 0x8AA5, 0x8AC5, 0x8AC5,
    0x92C5, 0x92E6, 0x92E6, 0x9306, 0x9306, 0x9B27, 0x9B47, 0x9B47,
    0xA368, 0xA388, 0xA3A9, 0xA3A9, 0xABC9, 0xABEA, 0xB40B, 0xB42B,
    0xBC4C, 0xBC6C, 0xBC6C, 0xBC8C, 0xBC6C, 0xB46C, 0xB44C, 0xAC2C,
    0xAC0B, 0xAC0B, 0xAC0B, 0xAC2C, 0xB46D, 0xB48E, 0xB4AF, 0xB4D0,
    0xB4D1, 0xB512, 0xB534, 0xB555, 0xBD97, 0xBDD8, 0xBDF9, 0xBE19,
    0xBE3B, 0xC5D6, 0xCC6B, 0xBAE3, 0xBAE1, 0xD426, 0xD426, 0xD426,
    0xD426, 0xD405, 0xCBE4, 0xD3E4, 0xD447, 0xE590, 0xEE75, 0xF696,
    0xFEB7, 0xFED7, 0xFED6, 0xFE95, 0xF633, 0xED90, 0x8205, 0x6061,
    0x5881, 0x5061, 0xC289, 0xDB4C, 0xD30B, 0xCAAA, 0xBA69, 0xB228,
    0xA207, 0x91A6, 0x8965, 0x7944, 0x7103, 0x60E2, 0x60E2, 0x6903,
    0x6903, 0x6903, 0x6903, 0x6903, 0x6923, 0x7123, 0x7123, 0x6923,
    0x60E2, 0x3060, 0x0000, 0x0800, 0x1800, 0x1800, 0x5122, 0xB3EA,
    0xD4EE, 0xE591, 0xE5D2, 0xEE14, 0xEE14, 0xEE13, 0xEE14, 0xEE34,
    0xE5D2, 0xE5B1, 0xE5B1, 0xE5B1, 0xE5B1, 0xDCCA, 0xD405, 0xD426,
    0xD426, 0xDC67, 0xDC87, 0xDC87, 0xDC67, 0xDC87, 0xD405, 0xDBE4,
    0xDC46, 0xDC67, 0xE4C9, 0xED4B, 0xFDAC, 0xEE33, 0xC618, 0xBDF8,
    0xC5F8, 0xC5F8, 0xC5F8, 0xC5F8, 0xC5F8, 0xC5F8, 0xC5F8, 0xC5F8,
    0xC5F8, 0xC5F8, 0xC5F8, 0xC5F8, 0xC5F8, 0xC5F8, 0xC5F8, 0xC5F8,
    0xC5F8, 0xBDF8, 0xBDF8, 0xBDD7, 0xBDD7, 0xBDD7, 0xBDD7, 0xBDD8,
    0xBDD7, 0xBDF8, 0xBDF8, 0xC5F8, 0xBDF8, 0xBDF8, 0xBDF8, 0xBDF8,
    0xC5F8, 0xC5F8, 0xBDF8, 0xBDF8, 0xBDD8, 0xBDD7, 0xB5B6, 0xB5B6,
    0xBDB6, 0xBDB6, 0xBDD7, 0xBDD7, 0xBDD7, 0xBDD7, 0xB596, 0xAD54,
    0x9CF2, 0x9490, 0x842D, 0x73CA, 0x6389, 0x6388, 0x6389, 0x73EB,
    0x842E, 0x8C90, 0x9CF2, 0xAD34, 0xB575, 0xBDB7, 0xC5F8, 0xC5F8,
    0xC5F8, 0xC5F8, 0xC5F8, 0xC5F8, 0xC5F8, 0xC5F8, 0xC5F8, 0xC5F8,
    0x82A7, 0x82A6, 0x82A6, 0x82A6, 0x82A6, 0x82A6, 0x82A6, 0x7AA6,
    0x7AA6, 0x7AA6, 0x7A86, 0x8286, 0x8286, 0x8286, 0x8285, 0x8285,
    0x8285, 0x82A5, 0x82A6, 0x82A6, 0x8AA6, 0x8AA5, 0x8AA6, 0x8AA5,
    0x8AA5, 0x8AC5, 0x8AA5, 0x8AA6, 0x8AA5, 0x8AA5, 0x8AA5, 0x8AA5,
    0x8AA5, 0x8AA5, 0x8AA5, 0x8AA5, 0x8AA5, 0x8AA5, 0x8AC5, 0x8AC5,
    0x8AC6, 0x8AC6, 0x92E6, 0x9306, 0x9306, 0x9327, 0x9B27, 0x9B47,
    0x9B68, 0xA388, 0xA389, 0xA3A9, 0xABCA, 0xABEA, 0xB42B, 0xB44B,
    0xBC4C, 0xBC6C, 0xBC6C, 0xBC8C, 0xBC6C, 0xB44C, 0xB44C, 0xAC2B,
    0xAC0B, 0xABEB, 0xAC0B, 0xAC2C, 0xB46D, 0xB48E, 0xB4AF, 0xB4AF,
    0xB4D1, 0xB512, 0xB534, 0xB556, 0xBD97, 0xBDD8, 0xBDF9, 0xBDF9,
    0xBDF9, 0xBE1A, 0xC63B, 0xC5D6, 0xBC2C, 0xBB24, 0xDC26, 0xDC66,
    0xD446, 0xD405, 0xD3E5, 0xD3E4, 0xCBC4, 0xD427, 0xE5B1, 0xF696,
    0xF6B6, 0xFED7, 0xFED7, 0xFEB6, 0xFE75, 0xF633, 0xCC8D, 0x78E2,
    0x80E2, 0x5860, 0xA1E7, 0xEBAE, 0xE38D, 0xE34C, 0xDB0B, 0xCACA,
    0xC289, 0xB248, 0xA207, 0x99C6, 0x8985, 0x8164, 0x8165, 0x8185,
    0x8185, 0x8185, 0x8165, 0x8185, 0x8985, 0x8985, 0x8985, 0x8185,
    0x7144, 0x3061, 0x0800, 0x1800, 0x2000, 0x40A1, 0xBBEA, 0xDD2F,
    0xE591, 0xEDF2, 0xEE13, 0xEE13, 0xEE34, 0xEE14, 0xEE34, 0xEE13,
    0xE5D2, 0xE570, 0xE5B1, 0xE5B1, 0xDCAA, 0xD447, 0xD426, 0xD3E5,
    0xD3E5, 0xCBE6, 0xD406, 0xDC68, 0xDC67, 0xDC46, 0xDC67, 0xE4A8,
    0xE4C9, 0xE4C9, 0xE4E9, 0xF54A, 0xE5F2, 0xC619, 0xBDF8, 0xC5F8,
    0xC5F8, 0xC5F8, 0xC5F8, 0xC5F8, 0xC5F8, 0xC5F8, 0xC5F8, 0xC5F8,
    0xC5F8, 0xC5F8, 0xC5F8, 0xC5F8, 0xC5F8, 0xC5F8, 0xBDF8, 0xBDF8,
    0xBDF8, 0xBDF8, 0xBDF8, 0xBDD8, 0xBDD7, 0xBDD7, 0xBDD7, 0xBDD8,
    0xBDD7, 0xBDF8, 0xBDF8, 0xBDF8, 0xBDF8, 0xBDF8, 0xC5F8, 0xBDF8,
    0xC5F8, 0xC5F8, 0xBDF8, 0xBDD7, 0xB5B6, 0xB596, 0xB595, 0xB595,
    0xB595, 0xB5B6, 0xBDB6, 0xBDD6, 0xBDD7, 0xBDD7, 0xB596, 0xAD54,
    0xA512, 0x94B0, 0x844E, 0x73EB, 0x6388, 0x5B46, 0x5326, 0x6389,
    0x73EB, 0x844E, 0x94B1, 0xA513, 0xAD54, 0xBD96, 0xC5D7, 0xC5F8,
    0xC5F8, 0xC5F8, 0xC5F8, 0xC5F8, 0xC5F8, 0xC5F8, 0xC5F8, 0xC5F8,
    0x82C7, 0x82C7, 0x82C7, 0x82C7, 0x82C7, 0x82C7, 0x82A7, 0x82A7,
    0x82A6, 0x82A6, 0x82A6, 0x82A6, 0x82A6, 0x82A6, 0x82A6, 0x82A6,
    0x82A6, 0x8AC6, 0x8AC6, 0x8AC6, 0x8AC6, 0x8AC6, 0x8AC6, 0x8AC6,
    0x8AC6, 0x8AC6, 0x8AC6, 0x8AC6, 0x8AC6, 0x8AC6, 0x8AC6, 0x8AC6,
    0x8AC6, 0x8AC6, 0x8AC6, 0x92E6, 0x92E6, 0x92E6, 0x92E6, 0x92E6,
    0x9306, 0x9307, 0x9327, 0x9B27, 0x9B27, 0x9B47, 0x9B68, 0xA368,
    0xA389, 0xA3A9, 0xABC9, 0xABCA, 0xABEA, 0xAC0B, 0xB42B, 0xB44B,
    0xBC4C, 0xBC6C, 0xBC8C, 0xBC8C, 0xBC6C, 0xBC6C, 0xB44C, 0xB42C,
    0xAC0B, 0xAC0A, 0xAC0B, 0xAC2C, 0xB48D, 0xBCAE, 0xB4AF, 0xB4AF,
    0xB4D1, 0xB512, 0xB534, 0xB556, 0xBD97, 0xBDD8, 0xBDF9, 0xBDF9,
    0xBDFA, 0xBDF9, 0xBDF9, 0xBE1A, 0xC65B, 0xBD96, 0xCD72, 0xDD0D,
    0xDC87, 0xDC46, 0xD425, 0xD3E5, 0xD405, 0xD405, 0xD447, 0xEDF2,
    0xF6B7, 0xF6B7, 0xFEB6, 0xFED7, 0xFEB6, 0xF674, 0xF633, 0xAAE8,
    0x88E2, 0x78C2, 0x70E2, 0xDB4C, 0xEBEF, 0xEC0F, 0xEBAE, 0xE34C,
    0xDB0C, 0xD2EB, 0xC289, 0xB248, 0xAA27, 0xA1E7, 0xA1E7, 0xA1E7,
    0xA1E7, 0xA1E7, 0xA207, 0xA207, 0xA207, 0xA207, 0xA227, 0x99E7,
    0x7964, 0x2820, 0x2000, 0x2800, 0x3860, 0xABAA, 0xE54F, 0xE5B1,
    0xEDF3, 0xEE13, 0xEE34, 0xEE13, 0xEDF2, 0xEDF3, 0xEE13, 0xE5D2,
    0xE5B1, 0xDD4F, 0xE54F, 0xDCCA, 0xD446, 0xD447, 0xDC47, 0xDC47,
    0xCBC5, 0xAAC3, 0xAAC2, 0xCBC5, 0xDC67, 0xDC88, 0xE4C9, 0xDC88,
    0xD406, 0xDBE5, 0xECC9, 0xE614, 0xC619, 0xC618, 0xC5F8, 0xC5F8,
    0xC5F8, 0xC5F8, 0xC5F8, 0xC5F8, 0xC5F8, 0xC5F8, 0xC5F8, 0xC5F8,
    0xC5F8, 0xC5F8, 0xC5F8, 0xC5F8, 0xC5F8, 0xC5F8, 0xBDF8, 0xBDF8,
    0xBDD7, 0xBDD7, 0xBDD7, 0xBDD8, 0xBDD7, 0xBDD7, 0xBDD7, 0xBDD8,
    0xBDD8, 0xBDF8, 0xBDF8, 0xBDF8, 0xBDF8, 0xBDF8, 0xBDF8, 0xBDF8,
    0xBDF8, 0xBDF8, 0xBDD7, 0xB5B6, 0xB595, 0xAD74, 0xAD74, 0xAD74,
    0xB595, 0xB595, 0xB5B6, 0xBDB6, 0xBDB7, 0xBDD7, 0xBDB6, 0xB575,
    0xA533, 0x9CD1, 0x8C6F, 0x7C0C, 0x6BA9, 0x5326, 0x4B04, 0x5326,
    0x6389, 0x7C0C, 0x8C90, 0x9CF2, 0xA534, 0xB595, 0xBDD7, 0xC5F8,
    0xC618, 0xC5F8, 0xC5F8, 0xC5F8, 0xC5F8, 0xC5F8, 0xC5F8, 0xC5F8,
    0x8AE8, 0x8AE8, 0x82E8, 0x82E7, 0x82E7, 0x82C7, 0x82C7, 0x82C7,
    0x82C7, 0x82A7, 0x82A7, 0x82A7, 0x82C7, 0x82C6, 0x82C6, 0x8AC6,
    0x8AC7, 0x8AE7, 0x8AE7, 0x8AE7, 0x8AE7, 0x8AE7, 0x8AE7, 0x8AE7,
    0x8AE7, 0x8AE7, 0x8AE7, 0x8AE7, 0x8AE7, 0x8AE7, 0x92E7, 0x9307,
    0x9307, 0x9307, 0x9307, 0x9307, 0x9307, 0x9307, 0x9307, 0x9307,
    0x9327, 0x9327, 0x9B27, 0x9B47, 0x9B47, 0x9B68, 0xA368, 0xA389,
    0xA3A9, 0xA3C9, 0xABEA, 0xABEA, 0xABEA, 0xB40B, 0xB42B, 0xB42B,
    0xBC4C, 0xBC6C, 0xBC8C, 0xBC8D, 0xBC8C, 0xBC6C, 0xB44C, 0xB42C,
    0xAC0B, 0xAC0A, 0xAC0B, 0xB42C, 0xB46D, 0xBC8E, 0xB4AF, 0xB4AF,
    0xB4D1, 0xB4F2, 0xB534, 0xB556, 0xB597, 0xBDB8, 0xBDD9, 0xBDF9,
    0xBDFA, 0xBDFA, 0xBDFA, 0xBE19, 0xBE19, 0xC63A, 0xBE3B, 0xC61A,
    0xC5D6, 0xD571, 0xDCCA, 0xDC46, 0xDC25, 0xD446, 0xD446, 0xDC88,
    0xF695, 0xF6D7, 0xFED7, 0xFED7, 0xFED7, 0xFEB6, 0xFE95, 0xEDD2,
    0x99E5, 0x9103, 0x68A2, 0xA1C6, 0xF3EE, 0xF450, 0xF470, 0xF40F,
    0xEBCE, 0xE38D, 0xDB2C, 0xD2CA, 0xC2AA, 0xC289, 0xC289, 0xBA89,
    0xBA89, 0xBA89, 0xC2AA, 0xC2CA, 0xC2AA, 0xC2AA, 0xB289, 0xA228,
    0x60E3, 0x3820, 0x4040, 0x3820, 0x9B08, 0xE54F, 0xE5B1, 0xEE13,
    0xF634, 0xF655, 0xEE54, 0xEE34, 0xEE13, 0xE5B1, 0xE5D2, 0xE5B1,
    0xE56F, 0xDCCB, 0xD468, 0xD426, 0xD426, 0xD425, 0xDC88, 0xCBE6,
    0xA241, 0x91A0, 0x99E0, 0xAA61, 0xD406, 0xE4E9, 0xE4CA, 0xC303,
    0xC2C0, 0xDC69, 0xD616, 0xC619, 0xC618, 0xC618, 0xC5F8, 0xC5F8,
    0xC5F8, 0xC5F8, 0xC5F8, 0xC5F8, 0xC5F8, 0xC5F8, 0xC5F8, 0xC5F8,
    0xC5F8, 0xBDF7, 0xBDF7, 0xBDD7, 0xBDD7, 0xBDB7, 0xBDB7, 0xBDB7,
    0xBDB7, 0xBDB7, 0xBDB7, 0xBDD7, 0xBDD7, 0xBDD7, 0xBDD7, 0xBDD7,
    0xBDD8, 0xBDF8, 0xBDF8, 0xBDF8, 0xBDF8, 0xBDF8, 0xBDF8, 0xBDF8,
    0xBDF8, 0xBDD7, 0xB5B6, 0xB595, 0xAD54, 0xA533, 0xA553, 0xAD53,
    0xAD53, 0xAD74, 0xB595, 0xB5B5, 0xBDB6, 0xBDD7, 0xBDB7, 0xB595,
    0xAD54, 0xA512, 0x94B0, 0x842D, 0x6BCA, 0x5B47, 0x4AE3, 0x4AE4,
    0x5B47, 0x73EB, 0x8C6E, 0x94B1, 0xA513, 0xB575, 0xBDB6, 0xC5F7,
    0xC5F8, 0xC5F8, 0xC5F8, 0xC5F8, 0xC5F8, 0xC5F8, 0xC5F8, 0xC5F8,
    0x8B09, 0x8B09, 0x8B08, 0x8B08, 0x8AE8, 0x8AE8, 0x82E8, 0x82E8,
    0x82E7, 0x82C7, 0x82C7, 0x82C7, 0x82C7, 0x8AC7, 0x8AE7, 0x8AE7,
    0x8AE7, 0x8B07, 0x8B07, 0x9307, 0x8B07, 0x9307, 0x9307, 0x9308,
    0x9308, 0x9308, 0x9308, 0x9307, 0x9307, 0x9307, 0x9327, 0x9327,
    0x9328, 0x9B27, 0x9327, 0x9B48, 0x9B48, 0x9B47, 0x9327, 0x9327,
    0x9327, 0x9B27, 0x9B47, 0x9B48, 0x9B68, 0xA368, 0xA388, 0xA3A9,
    0xABC9, 0xABEA, 0xABEA, 0xAC0A, 0xAC0B, 0xB40B, 0xB42B, 0xB42B,
    0xBC4C, 0xBC6C, 0xBC8C, 0xC48D, 0xBC8C, 0xBC6C, 0xB44C, 0xB42B,
    0xAC0B, 0xAC0A, 0xAC0B, 0xB42B, 0xB46D, 0xB48E, 0xB4AE, 0xB4AF,
    0xB4D0, 0xB4F2, 0xB514, 0xB555, 0xB597, 0xBDB8, 0xBDD9, 0xBDF9,
    0xBDF9, 0xBDFA, 0xBDFA, 0xBE19, 0xBE19, 0xC619, 0xC619, 0xC61A,
    0xBE3A, 0xBE3B, 0xC619, 0xCDB4, 0xD50D, 0xD4A8, 0xDCA8, 0xD446,
    0xDD0C, 0xFED7, 0xFED7, 0xFED6, 0xFED6, 0xFED6, 0xFE95, 0xFE74,
    0xDD0F, 0x9984, 0x9924, 0x78E2, 0xBA89, 0xF40F, 0xF471, 0xF4D2,
    0xF491, 0xEC2F, 0xEBAE, 0xE38D, 0xDB4C, 0xDB2B, 0xDB4C, 0xDB4C,
    0xDB2C, 0xDB4C, 0xDB4C, 0xD34C, 0xD34C, 0xCB0B, 0xBAAA, 0x7965,
    0x4040, 0x60A1, 0x5860, 0x9AC7, 0xED90, 0xEDD2, 0xEE13, 0xF654,
    0xF654, 0xF655, 0xEE54, 0xEE34, 0xEDF2, 0xE5B1, 0xE590, 0xDD4E,
    0xD448, 0xCC05, 0xD405, 0xD405, 0xD406, 0xD426, 0xC3C6, 0xA261,
    0x91A0, 0xA1E0, 0xAA20, 0xAA20, 0xCBA4, 0xE4C9, 0xC302, 0xBAC2,
    0xD4EE, 0xCE18, 0xC619, 0xC618, 0xC618, 0xC618, 0xC5F8, 0xC5F8,
    0xC5F8, 0xC5F8, 0xC5F8, 0xC5F8, 0xC5F8, 0xC5F8, 0xBDF8, 0xBDD7,
    0xBDD7, 0xBDB7, 0xB5B6, 0xB5B6, 0xB596, 0xB596, 0xB596, 0xB575,
    0xB575, 0xB595, 0xB596, 0xB596, 0xB596, 0xB5B6, 0xB5B7, 0xBDB7,
    0xBDD7, 0xBDD7, 0xBDF8, 0xBDF8, 0xBDF8, 0xBDF8, 0xBDF8, 0xBDF8,
    0xBDD7, 0xB5B7, 0xB596, 0xAD74, 0xA533, 0xA511, 0xA511, 0xA531,
    0xA532, 0xAD53, 0xAD74, 0xB595, 0xBDB6, 0xBDD7, 0xBDD7, 0xBDB6,
    0xB575, 0xA533, 0x94D1, 0x844E, 0x73EB, 0x5B68, 0x4B04, 0x4AE3,
    0x5326, 0x6BCA, 0x844E, 0x94B0, 0x9CF2, 0xAD54, 0xB596, 0xBDB7,
    0xBDD7, 0xBDD8, 0xBDD8, 0xC5F8, 0xC5F8, 0xC5F8, 0xC5F8, 0xC5F8,
    0x9329, 0x8B29, 0x8B29, 0x8B29, 0x8B08, 0x8B08, 0x8B08, 0x8B08,
    0x8B08, 0x8B08, 0x8AE8, 0x8AE8, 0x8AE7, 0x8AE8, 0x8B08, 0x8B07,
    0x8B08, 0x9308, 0x9308, 0x9328, 0x9328, 0x9328, 0x9328, 0x9328,
    0x9328, 0x9328, 0x9328, 0x9328, 0x9328, 0x9348, 0x9B48, 0x9B48,
    0x9B48, 0x9B48, 0x9B48, 0x9B48, 0x9B68, 0x9B48, 0x9B48, 0x9B48,
    0x9B48, 0x9B48, 0x9B48, 0x9B68, 0xA368, 0xA388, 0xA3A9, 0xA3A9,
    0xABCA, 0xABEA, 0xABEA, 0xAC0B, 0xAC0B, 0xB42B, 0xB42B, 0xB44C,
    0xBC4C, 0xBC6C, 0xBC8C, 0xC48D, 0xBC8D, 0xBC6C, 0xB44C, 0xB42B,
    0xAC0B, 0xAC0A, 0xAC0A, 0xB42B, 0xB46D, 0xBC8E, 0xB4AE, 0xB4AF,
    0xB4D0, 0xB4F2, 0xB534, 0xB556, 0xB597, 0xB5B8, 0xBDD9, 0xBDF9,
    0xBDF9, 0xBDF9, 0xBDF9, 0xBDF9, 0xBDFA, 0xBE1A, 0xBE1A, 0xBE1A,
    0xBE19, 0xBE19, 0xBE1A, 0xBE1A, 0xBE1A, 0xC5F7, 0xDCAA, 0xDC46,
    0xDC67, 0xEDD0, 0xFED7, 0xF6B6, 0xFEB6, 0xFEB6, 0xFEB6, 0xFE74,
    0xFE94, 0xD48E, 0xA984, 0xA964, 0x8903, 0xB248, 0xEBEE, 0xF491,
    0xF4F2, 0xF4D2, 0xF491, 0xEC2F, 0xEBEE, 0xE3CE, 0xEBCE, 0xEBCE,
    0xEBCE, 0xE3CE, 0xE3CE, 0xE3AE, 0xDB6D, 0xCAEA, 0x89A6, 0x5881,
    0x68A2, 0x60A1, 0xA308, 0xF5F2, 0xF613, 0xF634, 0xF634, 0xF634,
    0xF655, 0xF675, 0xEE34, 0xEE34, 0xE5D1, 0xE590, 0xD4CB, 0xCC06,
    0xCBC5, 0xD406, 0xD406, 0xD426, 0xD447, 0xAAC3, 0x91A0, 0x91A0,
    0x99C0, 0xA1E0, 0xBAA1, 0xCB84, 0xDC26, 0xCB84, 0xC409, 0xCDD5,
    0xC63A, 0xC618, 0xC5F8, 0xC618, 0xC618, 0xC5F8, 0xC5F8, 0xC5F8,
    0xC5F8, 0xC5F8, 0xC5F8, 0xC5F8, 0xBDF8, 0xBDD7, 0xBDD7, 0xB5B6,
    0xB596, 0xAD75, 0xAD75, 0xAD55, 0xAD54, 0xAD54, 0xAD34, 0xA534,
    0xA534, 0xAD54, 0xAD55, 0xAD55, 0xAD75, 0xAD75, 0xAD75, 0xB596,
    0xB596, 0xB5B7, 0xBDD7, 0xBDD7, 0xBDF8, 0xBDF8, 0xBDF8, 0xBDD8,
    0xBDB7, 0xB596, 0xAD74, 0xA533, 0x9D11, 0x9CEF, 0x94EE, 0x9CEF,
    0x9D10, 0xA532, 0xAD53, 0xB595, 0xBDB6, 0xBDD7, 0xC5F8, 0xBDD7,
    0xB596, 0xAD54, 0x9CF2, 0x846F, 0x740C, 0x6389, 0x5325, 0x4B03,
    0x5325, 0x6BA9, 0x842D, 0x8C90, 0x9CD1, 0xA513, 0xAD55, 0xB576,
    0xB596, 0xBDB7, 0xBDB7, 0xBDD8, 0xBDF8, 0xC5F8, 0xC5F8, 0xC5F8,
    0x934A, 0x9349, 0x9349, 0x9329, 0x8B29, 0x8B29, 0x8B29, 0x9329,
    0x8B29, 0x8B28, 0x8B08, 0x8B08, 0x8B08, 0x9328, 0x9328, 0x9328,
    0x9328, 0x9328, 0x9328, 0x9328, 0x9348, 0x9328, 0x9348, 0x9348,
    0x9348, 0x9B48, 0x9B48, 0x9B48, 0x9B69, 0x9B69, 0x9B69, 0x9B69,
    0x9B68, 0x9B68, 0x9B68, 0x9B68, 0xA368, 0x9B68, 0x9B68, 0x9B68,
    0x9B68, 0x9B68, 0xA368, 0xA388, 0xA389, 0xA3A9, 0xA3A9, 0xABC9,
    0xABEA, 0xABEA, 0xABEA, 0xAC0B, 0xAC0B, 0xB42B, 0xB44B, 0xB44C,
    0xBC6C, 0xBC6C, 0xBC8C, 0xC48D, 0xBC8D, 0xBC6C, 0xB44C, 0xB42B,
    0xAC0B, 0xAC0A, 0xAC0A, 0xB42B, 0xB46C, 0xBC8E, 0xB48E, 0xB4AF,
    0xB4D0, 0xB4F2, 0xB534, 0xB555, 0xB597, 0xB5B8, 0xBDD9, 0xBDF9,
    0xBDF9, 0xBDF9, 0xBDF9, 0xBDF9, 0xBDF9, 0xBE1A, 0xBE1A, 0xBE1A,
    0xBE19, 0xBE19, 0xBDF9, 0xBE19, 0xBDF9, 0xBE3B, 0xD4AC, 0xC2C0,
    0xD3C5, 0xD447, 0xF6B6, 0xF6D7, 0xF695, 0xFEB6, 0xFED6, 0xFEB6,
    0xFE75, 0xFEB5, 0xDCCF, 0xBA06, 0xB185, 0x9123, 0xA9C6, 0xD32C,
    0xF40F, 0xF470, 0xF491, 0xF491, 0xF470, 0xF430, 0xEC50, 0xEC30,
    0xEC50, 0xEBEE, 0xE3AD, 0xDB6C, 0xBAAA, 0x8965, 0x68C2, 0x80E2,
    0x78C2, 0xAB29, 0xEDF3, 0xF634, 0xF675, 0xF675, 0xF654, 0xF654,
    0xEE34, 0xEE55, 0xEE55, 0xEE13, 0xE56F, 0xD48A, 0xCBE5, 0xCBE5,
    0xD406, 0xD406, 0xD426, 0xD446, 0xB2E3, 0x9180, 0x91A0, 0x99C0,
    0xA1E0, 0xB260, 0xDBC4, 0xE4EA, 0xD4ED, 0xC553, 0xC65A, 0xC619,
    0xC5F8, 0xC618, 0xC618, 0xC618, 0xC618, 0xC618, 0xC5F8, 0xC5F8,
    0xC5F8, 0xC5F8, 0xC5F8, 0xBDF8, 0xBDD7, 0xB5B6, 0xB596, 0xAD75,
    0xA534, 0xA534, 0xA513, 0xA513, 0x9D13, 0x9D13, 0x9CF2, 0x9D13,
    0x9D13, 0x9D13, 0x9D13, 0x9D13, 0xA513, 0xA533, 0xA534, 0xAD54,
    0xAD75, 0xB596, 0xB596, 0xB5B7, 0xBDD7, 0xBDD8, 0xBDF8, 0xBDD7,
    0xB5B6, 0xAD75, 0xA553, 0x9D11, 0x94EF, 0x8CAD, 0x8CAC, 0x94CD,
    0x9CEF, 0xA531, 0xAD53, 0xAD74, 0xB596, 0xBDD7, 0xC5F8, 0xBDF8,
    0xB5B6, 0xAD55, 0x9CF2, 0x8C90, 0x7C0D, 0x63A9, 0x5346, 0x5325,
    0x5346, 0x6BA9, 0x7C0C, 0x8C4E, 0x9490, 0x9CD2, 0xA513, 0xAD34,
    0xAD75, 0xB576, 0xB5B7, 0xBDD7, 0xBDD8, 0xC5F8, 0xC5F9, 0xC5F9,
    0x934A, 0x934A, 0x934A, 0x934A, 0x934A, 0x934A, 0x934A, 0x934A,
    0x934A, 0x9349, 0x9349, 0x9349, 0x9329, 0x9349, 0x9349, 0x9349,
    0x9349, 0x9349, 0x9349, 0x9349, 0x9349, 0x9B49, 0x9B49, 0x9B69,
    0x9B69, 0x9B69, 0x9B69, 0x9B69, 0x9B89, 0xA389, 0xA389, 0xA389,
    0xA389, 0xA389, 0xA369, 0xA389, 0xA369, 0xA389, 0xA389, 0xA389,
    0xA389, 0xA389, 0xA389, 0xA389, 0xA3A9, 0xA3A9, 0xABC9, 0xABCA,
    0xABEA, 0xABEA, 0xAC0B, 0xAC0B, 0xAC0B, 0xB42B, 0xB44B, 0xB44C,
    0xBC6C, 0xBC6C, 0xBC8C, 0xC4AD, 0xC48D, 0xBC6C, 0xB44C, 0xB42B,
    0xB40B, 0xAC0A, 0xAC0A, 0xB42B, 0xBC6C, 0xBC8E, 0xB48E, 0xB4AF,
    0xB4D0, 0xB512, 0xB534, 0xB556, 0xB597, 0xBDB8, 0xBDD9, 0xBDF9,
    0xBDF9, 0xBDF9, 0xBDF9, 0xBDF9, 0xBDF9, 0xBE19, 0xBE1A, 0xBE19,
    0xBDF9, 0xBE19, 0xBE19, 0xBE19, 0xBDF9, 0xBE1A, 0xD572, 0xD362,
    0xD3C4, 0xC2C0, 0xD46A, 0xFF18, 0xF675, 0xF695, 0xFE95, 0xFEB6,
    0xFED7, 0xFEB6, 0xFEF6, 0xED71, 0xCAC9, 0xC1E6, 0xA985, 0x9965,
    0xAA07, 0xCACA, 0xDB6D, 0xEBEE, 0xF40F, 0xEBEF, 0xEBEF, 0xEBCE,
    0xE3CE, 0xD34C, 0xC2A9, 0x99E6, 0x8144, 0x8103, 0x88C2, 0x8943,
    0xCC4D, 0xF634, 0xF654, 0xF675, 0xF654, 0xF655, 0xF634, 0xEE54,
    0xEE55, 0xEE75, 0xEE13, 0xDD0D, 0xD447, 0xCBE5, 0xD405, 0xCBE5,
    0xD405, 0xD406, 0xD426, 0xC3A5, 0x9A00, 0x91C0, 0xA1E0, 0xAA20,
    0xC301, 0xD406, 0xDD4F, 0xCE17, 0xC65A, 0xC65A, 0xC618, 0xC618,
    0xC619, 0xC619, 0xC618, 0xC618, 0xC618, 0xC618, 0xC618, 0xC618,
    0xC618, 0xC5F8, 0xBDF8, 0xBDD7, 0xB596, 0xAD75, 0xA554, 0xA533,
    0x9CF3, 0x9CD2, 0x94D2, 0x94D1, 0x94D1, 0x94D1, 0x94D1, 0x9CF1,
    0x94F1, 0x94D1, 0x94D1, 0x94D1, 0x94D1, 0x94F1, 0x9CF2, 0x9D13,
    0xA534, 0xA554, 0xAD75, 0xB596, 0xB5B7, 0xBDD7, 0xBDD7, 0xB5B7,
    0xB596, 0xAD54, 0xA532, 0x9CF0, 0x8CCD, 0x8489, 0x8489, 0x8CCB,
    0x94EE, 0xA531, 0xAD53, 0xB595, 0xB5B6, 0xBDD7, 0xC5F8, 0xC5F8,
    0xBDB7, 0xAD75, 0x9CF3, 0x8C90, 0x7C0E, 0x63AA, 0x5B47, 0x5325,
    0x5346, 0x63A8, 0x73EB, 0x7C2D, 0x8C6F, 0x9490, 0x9CD2, 0xA513,
    0xA534, 0xAD55, 0xB576, 0xBDB7, 0xBDD8, 0xC5F8, 0xC5F9, 0xC619,
    0x936B, 0x936B, 0x936A, 0x936A, 0x936A, 0x936A, 0x936A, 0x936B,
    0x936B, 0x936B, 0x934A, 0x934A, 0x934A, 0x934A, 0x936B, 0x936B,
    0x936A, 0x9369, 0x9B69, 0x9B69, 0x9B69, 0x9B69, 0x9B69, 0x9B69,
    0x9B69, 0x9B89, 0xA389, 0xA389, 0xA389, 0xA3A9, 0xA3A9, 0xA3A9,
    0xA389, 0xA389, 0xA389, 0xA389, 0xA389, 0xA389, 0xA389, 0xA3A9,
    0xA3A9, 0xA389, 0xA3A9, 0xA3A9, 0xA3C9, 0xABCA, 0xABCA, 0xABEA,
    0xABEA, 0xABEA, 0xAC0B, 0xAC0B, 0xAC0B, 0xB42B, 0xB44C, 0xBC4C,
    0xBC6C, 0xBC6C, 0xBC8C, 0xC4AD, 0xC4AD, 0xBC6C, 0xB44C, 0xB42B,
    0xB42B, 0xB40A, 0xB40A, 0xB42B, 0xBC6C, 0xBC8D, 0xBCAE, 0xB4AF,
    0xB4D0, 0xB512, 0xB534, 0xB556, 0xB597, 0xB5B8, 0xBDD9, 0xBDF9,
    0xBDF9, 0xBDF9, 0xBDF9, 0xBDF9, 0xBE19, 0xBE1A, 0xBE1A, 0xBE1A,
    0xBDF9, 0xBE19, 0xBE19, 0xBE19, 0xBE19, 0xBE1A, 0xCDB4, 0xEC45,
    0xEC86, 0xCB22, 0xAA40, 0xE5B1, 0xFED6, 0xF675, 0xF675, 0xFEB6,
    0xFED7, 0xFED7, 0xFEB6, 0xFED6, 0xFE55, 0xDC6E, 0xC247, 0xB9A5,
    0xB185, 0xA985, 0xA9C6, 0xA9E6, 0xB227, 0xBA68, 0xB248, 0xAA07,
    0xA1C6, 0x9985, 0x9964, 0x9123, 0x9923, 0x9964, 0xB2C8, 0xE571,
    0xFE75, 0xF675, 0xFEB6, 0xF696, 0xF675, 0xF655, 0xEE34, 0xEE34,
    0xF676, 0xEDF2, 0xD4AA, 0xD405, 0xCC05, 0xD426, 0xD405, 0xD405,
    0xD426, 0xD426, 0xD406, 0xBB02, 0x91A0, 0xA1E0, 0xC322, 0xD469,
    0xD550, 0xC617, 0xC63A, 0xC639, 0xC639, 0xC619, 0xC619, 0xC619,
    0xC619, 0xC619, 0xC619, 0xC619, 0xC618, 0xC618, 0xC618, 0xC618,
    0xC5F8, 0xBDF8, 0xBDD7, 0xB596, 0xAD75, 0xA554, 0x9D13, 0x9CD2,
    0x94B1, 0x8CB0, 0x8C8F, 0x8C8F, 0x94AF, 0x94B0, 0x94D0, 0x94D0,
    0x94D0, 0x94B0, 0x8CAF, 0x8C8F, 0x8C8F, 0x8C8F, 0x8CB0, 0x94D1,
    0x9CF2, 0x9D13, 0xA554, 0xAD75, 0xB596, 0xB5B6, 0xB5B6, 0xB596,
    0xAD75, 0xAD54, 0x9D31, 0x94EE, 0x8CAA, 0x8467, 0x7C67, 0x8CAB,
    0x9D0F, 0xA531, 0xAD74, 0xB596, 0xBDD7, 0xBDF8, 0xC618, 0xC618,
    0xBDD7, 0xAD76, 0x9D13, 0x8C91, 0x7C2E, 0x6BAB, 0x5B68, 0x5346,
    0x5346, 0x6387, 0x6BCA, 0x73EC, 0x7C0D, 0x844E, 0x8C70, 0x94B2,
    0x9CF3, 0xA535, 0xAD76, 0xB597, 0xBDD7, 0xC5F8, 0xC619, 0xC619,
    0x9BCD, 0x9BAC, 0x93AC, 0x938B, 0x938B, 0x936C, 0x938C, 0x8B6C,
    0x8B6C, 0x8B6C, 0x8B6C, 0x8B6C, 0x8B6C, 0x8B6C, 0x8B6C, 0x8B6C,
    0x936B, 0x9B6A, 0x9B8A, 0x9B89, 0x9B69, 0x9B69, 0x9B89, 0x9B89,
    0xA389, 0xA389, 0xA3AA, 0xA3A9, 0xA3AA, 0xA3AA, 0xA3AA, 0xA3A9,
    0xA3A9, 0xA3A9, 0xA3A9, 0xA3A9, 0xA3A9, 0xA3A9, 0xA3A9, 0xA3A9,
    0xA3A9, 0xA3A9, 0xA3A9, 0xABC9, 0xABCA, 0xABCA, 0xABEA, 0xABEA,
    0xABEA, 0xABEA, 0xAC0B, 0xAC0B, 0xAC0B, 0xB42B, 0xB44C, 0xBC4C,
    0xBC6C, 0xBC8C, 0xBC8D, 0xC4AD, 0xC4AD, 0xBC8C, 0xBC6C, 0xB44B,
    0xB42B, 0xB40A, 0xB40A, 0xB44B, 0xBC6C, 0xBC8D, 0xBCAE, 0xB4AE,
    0xB4D0, 0xBD12, 0xB534, 0xB556, 0xB597, 0xB5B8, 0xBDD9, 0xBDF9,
    0xBDF9, 0xBDF9, 0xBDFA, 0xBDF9, 0xBE1A, 0xBE1A, 0xBE1A, 0xBE1A,
    0xBE1A, 0xBDFA, 0xBDF9, 0xBE19, 0xBE19, 0xBE1A, 0xCDD5, 0xF4C8,
    0xF4E8, 0xD383, 0xA200, 0xAAA3, 0xF653, 0xF675, 0xEE33, 0xEE54,
    0xFE95, 0xFEB6, 0xFED6, 0xFEB6, 0xFED7, 0xFED7, 0xEDD3, 0xD40D,
    0xCAA8, 0xC1E6, 0xB985, 0xA964, 0x9923, 0xA985, 0xA944, 0x9924,
    0x9924, 0xA144, 0xA964, 0xA9C5, 0xB329, 0xDD10, 0xFE95, 0xFE95,
    0xFE96, 0xFEB6, 0xF696, 0xF655, 0xEE34, 0xEE13, 0xEE55, 0xF676,
    0xEDD1, 0xD447, 0xD405, 0xD426, 0xD426, 0xD426, 0xCBC5, 0xC384,
    0xD3E4, 0xD3C4, 0xCB83, 0xC364, 0xC3E9, 0xCCEF, 0xCDF6, 0xC65A,
    0xC63A, 0xC63A, 0xC619, 0xC619, 0xC639, 0xC639, 0xC639, 0xC619,
    0xC619, 0xC619, 0xC619, 0xC619, 0xC619, 0xC619, 0xC619, 0xC618,
    0xBDF8, 0xBDD8, 0xB5B7, 0xB596, 0xAD75, 0xA534, 0x9CF3, 0x94D1,
    0x8C90, 0x846E, 0x844D, 0x846D, 0x8C8E, 0x8CAF, 0x8CAF, 0x8CAF,
    0x8CAF, 0x8CAF, 0x8C8E, 0x846E, 0x846E, 0x846E, 0x844E, 0x846E,
    0x8C8F, 0x94D1, 0x9D13, 0xA534, 0xAD54, 0xAD75, 0xAD75, 0xA554,
    0xA533, 0xA532, 0x9D10, 0x94CD, 0x8489, 0x7C66, 0x8488, 0x8CCC,
    0x9D2F, 0xA552, 0xAD74, 0xB5B6, 0xBDD7, 0xBDF8, 0xC5F9, 0xC5F8,
    0xBDD8, 0xB596, 0x9D34, 0x8C91, 0x7C2F, 0x6BCC, 0x5B68, 0x5347,
    0x5326, 0x5B67, 0x6388, 0x6BAA, 0x6BAB, 0x73EC, 0x7C2E, 0x8C91,
    0x94D2, 0xA514, 0xAD55, 0xB596, 0xBDD7, 0xBDF8, 0xC619, 0xC619,
    0x9BEE, 0x93CD, 0x93AD, 0x8B8D, 0x8B8D, 0x8B6D, 0x836D, 0x836D,
    0x836D, 0x7B6E, 0x7B6E, 0x7B6E, 0x7B6E, 0x7B6E, 0x7B6E, 0x836D,
    0x938C, 0x9B8B, 0x9B8A, 0x9B8A, 0xA389, 0xA389, 0xA389, 0xA389,
    0xA3AA, 0xA3AA, 0xA3AA, 0xA3AA, 0xA3AA, 0xA3CA, 0xABCA, 0xA3A9,
    0xA3A9, 0xA3A9, 0xA3A9, 0xA3A9, 0xA3A9, 0xABA9, 0xA3A9, 0xA3A9,
    0xA3A9, 0xA3A9, 0xABC9, 0xABC9, 0xABCA, 0xABCA, 0xABEA, 0xABEA,
    0xABEA, 0xAC0A, 0xAC0B, 0xAC0B, 0xAC0B, 0xB42B, 0xB44C, 0xBC6C,
    0xBC6C, 0xBC8C, 0xBC8D, 0xC4AD, 0xC4AD, 0xBC8C, 0xBC6C, 0xB44B,
    0xB42B, 0xB40A, 0xB40A, 0xBC4B, 0xBC6C, 0xBC8D, 0xBC8E, 0xBCAE,
    0xBCD0, 0xBD12, 0xB534, 0xB556, 0xB597, 0xB5B8, 0xBDD9, 0xBDF9,
    0xBDFA, 0xBDFA, 0xBDFA, 0xBDFA, 0xBE1A, 0xBE1A, 0xBE1A, 0xBE1A,
    0xBE1A, 0xBDFA, 0xBDFA, 0xBDF9, 0xBE19, 0xBE1A, 0xCDB6, 0xF4C8,
    0xF52A, 0xDBA3, 0xA200, 0x9A41, 0xE4EB, 0xFEB6, 0xEE54, 0xEE33,
    0xF653, 0xF653, 0xFE95, 0xFEB6, 0xFEB6, 0xFEB6, 0xFED7, 0xFED6,
    0xF675, 0xEDB2, 0xD44E, 0xCB8B, 0xCB4B, 0xC2C9, 0xCB0A, 0xC30A,
    0xC34B, 0xD40D, 0xDCF0, 0xEE14, 0xFEB6, 0xFED6, 0xFEB6, 0xFE96,
    0xFEB6, 0xF695, 0xEE34, 0xEE13, 0xEDF3, 0xEE13, 0xF696, 0xE590,
    0xD426, 0xD405, 0xD405, 0xCC05, 0xD3C4, 0xCB63, 0xBB02, 0xC3C7,
    0xCCAB, 0xCCEF, 0xC552, 0xC5F8, 0xC67B, 0xC67B, 0xC63A, 0xC619,
    0xC619, 0xC619, 0xC639, 0xC619, 0xC619, 0xC619, 0xC639, 0xC639,
    0xC619, 0xC619, 0xC619, 0xC619, 0xC619, 0xC619, 0xC619, 0xC618,
    0xBDF8, 0xBDD7, 0xB5B7, 0xB596, 0xAD75, 0xA534, 0x9CF3, 0x94D1,
    0x8C8F, 0x844D, 0x7C4C, 0x844C, 0x846D, 0x8C8E, 0x8C8F, 0x8CAF,
    0x8CAF, 0x8C8E, 0x846E, 0x844D, 0x7C2D, 0x7C2D, 0x7C2C, 0x7C2D,
    0x7C4D, 0x8C90, 0x94D2, 0x9CF2, 0x9D13, 0xA513, 0xA513, 0x9D12,
    0x9D11, 0x9CF0, 0x94EE, 0x8CAC, 0x8487, 0x7C65, 0x8488, 0x94EC,
    0x9D30, 0xAD73, 0xB595, 0xBDB7, 0xBDD8, 0xBDF8, 0xBDF9, 0xBDF9,
    0xBDD8, 0xAD97, 0xA534, 0x8CB2, 0x7C4F, 0x6BED, 0x5B69, 0x5327,
    0x5325, 0x5326, 0x5B47, 0x5B67, 0x6368, 0x6389, 0x73EC, 0x8450,
    0x94B2, 0x9CF3, 0xA555, 0xB596, 0xBDB7, 0xBDF8, 0xC619, 0xC619,
    0x9C0E, 0x93CE, 0x8B8D, 0x836D, 0x836D, 0x7B6D, 0x7B4E, 0x734E,
    0x734F, 0x6B4F, 0x6B50, 0x6B50, 0x6B50, 0x6B50, 0x734F, 0x836E,
    0x8B8D, 0x93AC, 0x9BAB, 0xA3CB, 0xA3CA, 0xA3AA, 0xA3AA, 0xA3AA,
    0xA3AA, 0xA3AA, 0xA3AA, 0xA3CA, 0xA3CA, 0xABCA, 0xABCA, 0xABCA,
    0xABC9, 0xABC9, 0xABC9, 0xABC9, 0xABA9, 0xABA9, 0xABA9, 0xABA9,
    0xA3C9, 0xABC9, 0xABC9, 0xABCA, 0xABCA, 0xABEA, 0xABEA, 0xAC0A,
    0xAC0B, 0xAC0B, 0xAC0B, 0xAC0B, 0xAC0B, 0xB42B, 0xB44C, 0xBC6C,
    0xBC6C, 0xBC8C, 0xBC8D, 0xC4AD, 0xC4AD, 0xBC8C, 0xBC6C, 0xB44B,
    0xB42B, 0xB40A, 0xB40A, 0xBC2B, 0xBC6C, 0xBC8D, 0xBCAE, 0xBCAE,
    0xBCD0, 0xBD12, 0xB534, 0xB556, 0xB597, 0xB5B8, 0xBDF9, 0xBDFA,
    0xBDFA, 0xBDFA, 0xBDFA, 0xBDFA, 0xBDFA, 0xBDFA, 0xBDF9, 0xBE1A,
    0xBE1A, 0xBDFA, 0xBE19, 0xBE1A, 0xBDF9, 0xBE1A, 0xC5D8, 0xF54B,
    0xFDAC, 0xE4A8, 0xBAE1, 0xBB43, 0xDC47, 0xE54E, 0xF6B5, 0xEE12,
    0xEDF2, 0xEE12, 0xF653, 0xF654, 0xF674, 0xFE95, 0xFED6, 0xFED7,
    0xFEF7, 0xFEF7, 0xFEF7, 0xFF17, 0xFED6, 0xF675, 0xFEB6, 0xFED7,
    0xFEF7, 0xFEF7, 0xFF18, 0xFEF7, 0xFEB6, 0xFEB6, 0xFEB6, 0xF675,
    0xF654, 0xEE33, 0xEE13, 0xEDF2, 0xEDF2, 0xF695, 0xE590, 0xD427,
    0xD447, 0xDC67, 0xDC87, 0xDC47, 0xCD30, 0xC594, 0xC5F7, 0xC639,
    0xC65B, 0xC65B, 0xC65B, 0xC65A, 0xC639, 0xC639, 0xC639, 0xC639,
    0xC639, 0xC639, 0xC639, 0xC639, 0xC619, 0xC639, 0xC639, 0xC639,
    0xC639, 0xC619, 0xC619, 0xC619, 0xC619, 0xC619, 0xC619, 0xBDF8,
    0xBDF8, 0xBDD7, 0xB5B7, 0xB596, 0xAD75, 0xA534, 0x9D13, 0x94F2,
    0x8CB0, 0x848E, 0x846D, 0x8C8E, 0x8C8F, 0x8CAF, 0x94D0, 0x94D0,
    0x94D0, 0x8CB0, 0x8C8F, 0x846E, 0x844D, 0x7C2D, 0x7C0C, 0x7C0C,
    0x7C2D, 0x846F, 0x8C90, 0x94B1, 0x94D1, 0x94D1, 0x94D1, 0x94D0,
    0x94D0, 0x8CAE, 0x8C8C, 0x848A, 0x7C66, 0x7C45, 0x8488, 0x94CC,
    0x9D30, 0xA553, 0xB595, 0xBDB7, 0xBDF8, 0xBDF8, 0xBDF9, 0xBDF8,
    0xBDD8, 0xAD97, 0xA535, 0x94B2, 0x7C50, 0x6BED, 0x5B69, 0x5306,
    0x4B05, 0x4B05, 0x4B05, 0x5306, 0x5326, 0x5B47, 0x6BAB, 0x7C2F,
    0x8C91, 0x9CF3, 0xA535, 0xAD76, 0xB5B7, 0xBDD8, 0xC619, 0xC619,
    0x9C0F, 0x93CE, 0x8B8D, 0x836D, 0x7B4E, 0x734E, 0x6B2E, 0x632E,
    0x5B2F, 0x5B30, 0x5B51, 0x5B51, 0x5352, 0x5351, 0x6B50, 0x7B8F,
    0x8BAE, 0x93CD, 0xA3EC, 0xABEC, 0xABEB, 0xABEA, 0xABCA, 0xA3AA,
    0xA3AA, 0xA3AA, 0xA3AA, 0xA3CA, 0xA3CA, 0xA3AA, 0xABCA, 0xABCA,
    0xABCA, 0xABCA, 0xABC9, 0xABC9, 0xABC9, 0xABC9, 0xABA9, 0xABC9,
    0xABC9, 0xA3C9, 0xA3C9, 0xABC9, 0xABCA, 0xABEA, 0xABEA, 0xAC0B,
    0xAC0B, 0xAC0B, 0xAC0B, 0xAC0B, 0xAC0B, 0xB42B, 0xB44B, 0xB44C,
    0xBC6C, 0xBC8C, 0xC48C, 0xC4AD, 0xC48C, 0xBC8C, 0xBC6C, 0xB44B,
    0xB42B, 0xB40A, 0xB40A, 0xBC2B, 0xBC6C, 0xBCAD, 0xBCAE, 0xBCAE,
    0xBCD0, 0xBD12, 0xBD34, 0xB556, 0xBD97, 0xB5B8, 0xBDD9, 0xBDFA,
    0xBDFA, 0xBDFA, 0xBDFA, 0xBDFA, 0xBDFA, 0xBDFA, 0xBDFA, 0xBDFA,
    0xBDFA, 0xBDFA, 0xBE1A, 0xBE1A, 0xBDFA, 0xBDFA, 0xC63A, 0xFE10,
    0xFDED, 0xECE9, 0xCBC5, 0xD406, 0xD447, 0xCBE6, 0xE56E, 0xF653,
    0xEDF1, 0xEDF1, 0xEDF1, 0xF612, 0xF613, 0xF633, 0xF654, 0xFE95,
    0xFEB6, 0xFE75, 0xFEB6, 0xFED7, 0xFE95, 0xFE75, 0xFEB6, 0xFEB6,
    0xFEB7, 0xFE95, 0xFE96, 0xFE96, 0xFE96, 0xF675, 0xF634, 0xEE13,
    0xE5B1, 0xE5B1, 0xEDD2, 0xEE33, 0xF675, 0xCC4B, 0x9A20, 0xBB23,
    0xDC67, 0xE4EA, 0xF54B, 0xECCA, 0xCE5A, 0xC67C, 0xC63A, 0xC63A,
    0xC639, 0xC639, 0xC639, 0xC639, 0xC639, 0xC63A, 0xC63A, 0xC639,
    0xC639, 0xC639, 0xC639, 0xC639, 0xC619, 0xC639, 0xC639, 0xC639,
    0xC639, 0xC619, 0xC639, 0xC619, 0xC619, 0xC619, 0xC619, 0xBDF8,
    0xBDF8, 0xB5D7, 0xB5B7, 0xB596, 0xAD76, 0xA555, 0x9D14, 0x94F2,
    0x94D1, 0x94D0, 0x94D1, 0x94F1, 0x9CF2, 0x9D12, 0x9D12, 0x9D13,
    0x9D12, 0x9CF2, 0x94D1, 0x8CB0, 0x8C8F, 0x844E, 0x7C4D, 0x7C2D,
    0x7C2D, 0x7C4E, 0x846E, 0x846F, 0x8C6F, 0x846F, 0x846F, 0x846E,
    0x846E, 0x844C, 0x7C4A, 0x7C27, 0x7425, 0x7444, 0x7C68, 0x8CAC,
    0x9D10, 0xA533, 0xAD75, 0xB5B7, 0xBDD8, 0xBDF9, 0xBDF8, 0xBDF9,
    0xBDD8, 0xAD97, 0xA535, 0x94B3, 0x7C50, 0x6BCD, 0x5349, 0x4AE6,
    0x4AE5, 0x4AE4, 0x4AE4, 0x4AE4, 0x4AE4, 0x4B06, 0x638A, 0x740E,
    0x8C70, 0x9CD3, 0xA535, 0xAD76, 0xB5B7, 0xBDD8, 0xBE19, 0xBE19,
    0x9C0F, 0x93EE, 0x8BAE, 0x838D, 0x7B6E, 0x734E, 0x6B2E, 0x5B0F,
    0x4B10, 0x4332, 0x4333, 0x4353, 0x4333, 0x4333, 0x5B52, 0x7390,
    0x8BD0, 0x93EF, 0xA40E, 0xAC0D, 0xB42C, 0xB42C, 0xABEB, 0xABCA,
    0xA3AA, 0xA3AA, 0xA3CA, 0xA3AA, 0xA3AA, 0xA3AA, 0xA3CA, 0xABCA,
    0xABCA, 0xABCA, 0xABCA, 0xABC9, 0xABC9, 0xA3C9, 0xA3A9, 0xA3C9,
    0xA3C9, 0xA3C9, 0xA3C9, 0xA3C9, 0xABEA, 0xABEA, 0xAC0A, 0xAC0B,
    0xAC0B, 0xAC0B, 0xAC0B, 0xAC0B, 0xAC0B, 0xB42B, 0xB44B, 0xBC4C,
    0xBC6C, 0xBC8C, 0xC48C, 0xC4AD, 0xC48C, 0xBC8C, 0xBC4C, 0xB42B,
    0xB42A, 0xB40A, 0xB40A, 0xBC2A, 0xBC6C, 0xC4AD, 0xBCAE, 0xBCAE,
    0xBCD0, 0xBD12, 0xBD34, 0xBD55, 0xBD97, 0xBDB8, 0xBDD9, 0xBDFA,
    0xBDFA, 0xBDFA, 0xBDFA, 0xBDFA, 0xBDFA, 0xBDFA, 0xBDFA, 0xBDFA,
    0xBDFA, 0xBDFA, 0xBE1A, 0xBE1A, 0xBE1A, 0xBE1A, 0xC63A, 0xF5CF,
    0xF529, 0xD3C5, 0xB2C2, 0xCBA4, 0xBB43, 0xB344, 0xBB85, 0xDD2D,
    0xF674, 0xEDD1, 0xE590, 0xE590, 0xEDD1, 0xEDF2, 0xEDF2, 0xEE13,
    0xF654, 0xF633, 0xF674, 0xFE95, 0xFE95, 0xF675, 0xF654, 0xF654,
    0xF654, 0xF654, 0xF633, 0xF654, 0xF654, 0xEDF3, 0xE5B1, 0xE5B1,
    0xE5B1, 0xE570, 0xEDF2, 0xEE34, 0xBBA8, 0x8980, 0x9A20, 0xCBC5,
    0xE4C9, 0xED2A, 0xF56C, 0xECCA, 0xCE18, 0xC63A, 0xC639, 0xC639,
    0xC63A, 0xC63A, 0xC63A, 0xC63A, 0xC63A, 0xC63A, 0xC63A, 0xC63A,
    0xC63A, 0xC63A, 0xC63A, 0xC639, 0xC639, 0xC639, 0xC639, 0xC639,
    0xC639, 0xC639, 0xC639, 0xC619, 0xC619, 0xC619, 0xBE19, 0xBDF8,
    0xBDF8, 0xB5D8, 0xB5B7, 0xB5B7, 0xAD96, 0xAD75, 0xA534, 0x9D13,
    0x9D13, 0x9D13, 0xA533, 0xA534, 0xA554, 0xA554, 0xA554, 0xA554,
    0xA554, 0xA533, 0x9CF2, 0x94D1, 0x8CB1, 0x8C90, 0x846F, 0x844E,
    0x7C2D, 0x7C2D, 0x7C2D, 0x7C2D, 0x7C2D, 0x7C2D, 0x7C0C, 0x7C0C,
    0x740B, 0x7409, 0x73E7, 0x6BE4, 0x6BE2, 0x6C03, 0x7C27, 0x848C,
    0x94CF, 0x9D12, 0xAD55, 0xB597, 0xBDD8, 0xBDF9, 0xBDF9, 0xBDF9,
    0xBDD8, 0xAD97, 0xA535, 0x94B3, 0x7C50, 0x6BAE, 0x5329, 0x42C5,
    0x42C4, 0x42C4, 0x42C4, 0x42C4, 0x42C4, 0x5307, 0x638B, 0x740E,
    0x8C71, 0x9CF3, 0xA555, 0xAD96, 0xB5D8, 0xBDF8, 0xBE19, 0xBE19,
    0x940F, 0x940E, 0x93ED, 0x93CD, 0x8BAD, 0x836D, 0x734E, 0x632F,
    0x4B11, 0x2B33, 0x2335, 0x2335, 0x2335, 0x2B34, 0x5353, 0x6B92,
    0x83D1, 0x9410, 0xA42F, 0xB44E, 0xBC6D, 0xBC6D, 0xB42C, 0xABEB,
    0xA3CA, 0xA3CA, 0xA3CA, 0xA3AA, 0xA3CA, 0xA3CA, 0xA3C9, 0xA3C9,
    0xA3C9, 0xA3C9, 0xA3C9, 0xA3C9, 0xA3C9, 0xA3C9, 0xA3C9, 0xA3C9,
    0xA3C9, 0xA3C9, 0xA3C9, 0xA3C9, 0xABEA, 0xABEA, 0xAC0B, 0xAC0B,
    0xAC0B, 0xAC0B, 0xAC0B, 0xAC0B, 0xAC0B, 0xB42B, 0xB44C, 0xBC6C,
    0xBC6C, 0xC48C, 0xC4AD, 0xC4AD, 0xC4AD, 0xBC8C, 0xBC4B, 0xB42B,
    0xB42A, 0xB40A, 0xB40A, 0xBC2B, 0xBC8C, 0xC4AD, 0xBCAE, 0xBCAE,
    0xBCCF, 0xBD12, 0xBD34, 0xBD76, 0xBD97, 0xBDB8, 0xBDD9, 0xBDFA,
    0xBDFA, 0xBDFA, 0xBDFA, 0xBDF9, 0xBDFA, 0xBDF9, 0xBDF9, 0xBDF9,
    0xBDF9, 0xBDFA, 0xBDFA, 0xBDFA, 0xBE1A, 0xBDFA, 0xBE19, 0xE48A,
    0xDB83, 0xBAC2, 0x99E0, 0xBA81, 0x99E0, 0x89C0, 0xAAE3, 0xCBE6,
    0xE54D, 0xEDF1, 0xEDD1, 0xE58F, 0xE5B0, 0xE590, 0xE5B0, 0xE5B1,
    0xE590, 0xEDB1, 0xF612, 0xF633, 0xEDF2, 0xEDD1, 0xEDD1, 0xEDF2,
    0xEDF2, 0xEDB1, 0xE590, 0xE5B1, 0xE5B1, 0xE590, 0xE570, 0xE570,
    0xE590, 0xEDF2, 0xE5B0, 0xC408, 0xA261, 0xB281, 0xCBC5, 0xE4C9,
    0xE4C9, 0xE4C9, 0xF56B, 0xED4E, 0xC63A, 0xC63A, 0xC63A, 0xC63A,
    0xC63A, 0xC63A, 0xC63A, 0xC63A, 0xC63A, 0xC63A, 0xC63A, 0xC63A,
    0xC63A, 0xC63A, 0xC63A, 0xC63A, 0xC63A, 0xC63A, 0xC639, 0xC639,
    0xC639, 0xC619, 0xC639, 0xC619, 0xC619, 0xC619, 0xBE19, 0xBDF9,
    0xBDF8, 0xBDD8, 0xB5B7, 0xB5B7, 0xB597, 0xAD96, 0xAD76, 0xA555,
    0xA555, 0xAD75, 0xAD75, 0xAD96, 0xAD96, 0xB596, 0xAD96, 0xAD96,
    0xAD75, 0xAD55, 0xA534, 0x9D13, 0x94D2, 0x8CB1, 0x8C6F, 0x844E,
    0x7C2D, 0x7C0C, 0x73EC, 0x73EB, 0x73EB, 0x73CB, 0x6BCA, 0x6BA9,
    0x6BA8, 0x63A7, 0x63A4, 0x6381, 0x6380, 0x63C2, 0x73E7, 0x7C4B,
    0x8C8E, 0x94F2, 0xA534, 0xAD76, 0xB5B7, 0xBDF9, 0xBDF9, 0xBDF9,
    0xBDD8, 0xAD97, 0x9D35, 0x8CB3, 0x7C30, 0x638D, 0x5329, 0x42C5,
    0x42C4, 0x42C4, 0x42C4, 0x42C4, 0x42E5, 0x5B49, 0x6BCD, 0x7C50,
    0x8CB2, 0x9D14, 0xAD56, 0xB597, 0xBDD8, 0xBDF9, 0xBDF9, 0xBDF9,
    0x9C2E, 0xA42D, 0xA42C, 0xA40C, 0x9BCC, 0x8B8C, 0x734E, 0x632F,
    0x4B31, 0x2314, 0x0336, 0x0336, 0x0336, 0x0B36, 0x3B54, 0x6393,
    0x83F2, 0x9C31, 0xAC70, 0xB48F, 0xBCAE, 0xBC8D, 0xB46D, 0xAC2B,
    0xABEA, 0xA3CA, 0xA3A9, 0xA3AA, 0xA3CA, 0xA3CA, 0xA3C9, 0xA3C9,
    0xA3C9, 0xA3C9, 0xA3C9, 0xA3C9, 0xA3C9, 0xA3C9, 0x9BC9, 0xA3C9,
    0xA3C9, 0xA3C9, 0xA3C9, 0xA3C9, 0xA3EA, 0xABEA, 0xAC0B, 0xAC0B,
    0xAC0B, 0xAC0B, 0xAC0B, 0xAC0B, 0xAC0B, 0xB44B, 0xBC4C, 0xBC6C,
    0xBC8C, 0xC48C, 0xC4AD, 0xC4AD, 0xC4AD, 0xBC8C, 0xBC6C, 0xB42B,
    0xB42A, 0xB40A, 0xB40A, 0xBC4A, 0xBC6C, 0xC4AD, 0xBCAD, 0xBCAE,
    0xBCCF, 0xBCF2, 0xBD34, 0xBD76, 0xBD97, 0xBDB8, 0xBDD9, 0xBDFA,
    0xBDFA, 0xBDFA, 0xBDF9, 0xBDFA, 0xBDFA, 0xBDF9, 0xBDF9, 0xBDFA,
    0xBDFA, 0xBDFA, 0xBDFA, 0xBDFA, 0xBE1A, 0xBDFA, 0xC61A, 0xCBC7,
    0xCAE2, 0xC303, 0xB261, 0xBA80, 0x91A0, 0x7120, 0x9A21, 0xD427,
    0xCBC5, 0xCC07, 0xE56E, 0xEDD0, 0xE5B0, 0xE54E, 0xDD2E, 0xDD2E,
    0xDD2E, 0xE56F, 0xE56F, 0xDD2E, 0xDCED, 0xDD4E, 0xE54F, 0xE54F,
    0xE54E, 0xDD2E, 0xDD0E, 0xDD2E, 0xDD0E, 0xDD0E, 0xE56F, 0xE5B0,
    0xE5B1, 0xDD0C, 0xC3A5, 0xBB64, 0xC3C5, 0xCBC5, 0xDC67, 0xE4CA,
    0xCBC5, 0xD384, 0xF529, 0xEDB0, 0xC63A, 0xC63A, 0xC63A, 0xC63A,
    0xC63A, 0xC63A, 0xC63A, 0xC63A, 0xC63A, 0xC63A, 0xC63A, 0xC63A,
    0xC63A, 0xC63A, 0xC63A, 0xC63A, 0xC63A, 0xC63A, 0xC63A, 0xC639,
    0xC619, 0xC619, 0xC619, 0xC619, 0xC619, 0xC619, 0xC619, 0xBE19,
    0xBDF8, 0xBDF8, 0xBDD8, 0xB5D7, 0xB5B7, 0xB5B7, 0xAD97, 0xB5B7,
    0xB5B7, 0xB5B7, 0xB5B7, 0xB5D7, 0xB5D7, 0xB5D7, 0xB5D7, 0xB5B7,
    0xAD96, 0xAD76, 0xA555, 0xA534, 0x9CF3, 0x94D2, 0x8C90, 0x846F,
    0x7C2E, 0x740C, 0x6BCB, 0x6BAA, 0x6389, 0x6368, 0x6367, 0x5B46,
    0x5B45, 0x5B44, 0x5341, 0x5340, 0x5340, 0x5B61, 0x63A6, 0x740A,
    0x844E, 0x8CB1, 0x9CF3, 0xA555, 0xAD97, 0xB5D8, 0xBDF9, 0xBDF9,
    0xB5D8, 0xAD77, 0x9D15, 0x8C93, 0x7410, 0x638C, 0x4B09, 0x42C5,
    0x3AC4, 0x3AC4, 0x3AC4, 0x42C4, 0x4B07, 0x5B8A, 0x740E, 0x8471,
    0x94D3, 0xA535, 0xAD76, 0xB5B7, 0xBDD8, 0xBDF9, 0xBDD8, 0xB5D8,
    0xA42D, 0xAC4C, 0xB46B, 0xB42A, 0xA3EA, 0x93AB, 0x838D, 0x6B4F,
    0x5331, 0x3333, 0x0316, 0x0336, 0x0336, 0x0B36, 0x3B54, 0x63B3,
    0x8432, 0x9C72, 0xAC91, 0xBCAF, 0xC4CF, 0xC4CE, 0xBC8D, 0xB42C,
    0xABEB, 0xA3CA, 0xA3A9, 0xA3A9, 0xA3C9, 0xA3C9, 0xA3C9, 0x9BC9,
    0x9BC9, 0x9BC9, 0x9BA9, 0x9BC8, 0x9BC8, 0x9BC8, 0x9BC8, 0x9BC9,
    0x9BC9, 0x9BC9, 0x9BC9, 0xA3C9, 0xA3EA, 0xABEA, 0xAC0B, 0xAC0B,
    0xAC2B, 0xAC2B, 0xAC2B, 0xAC2B, 0xAC0B, 0xB42B, 0xBC4C, 0xBC6C,
    0xBC8C, 0xC48D, 0xC4AD, 0xC4CD, 0xC4AD, 0xC48C, 0xBC6C, 0xB44B,
    0xB42A, 0xB40A, 0xB409, 0xBC2A, 0xBC6C, 0xC48D, 0xBC8D, 0xBC8E,
    0xBCAF, 0xBCF2, 0xBD14, 0xBD56, 0xBD97, 0xBDB8, 0xBDD9, 0xBDFA,
    0xBDFA, 0xBDFA, 0xBDFA, 0xBDFA, 0xBDFA, 0xBDFA, 0xBDFA, 0xBDFA,
    0xBDFA, 0xBDFA, 0xBDFA, 0xBDFA, 0xBDFA, 0xBDFA, 0xC5F9, 0xD3A6,
    0xDBA4, 0xCB64, 0xBAA2, 0x99E0, 0x7940, 0x7920, 0xA261, 0xD426,
    0xC3C5, 0xC3A5, 0xC3A4, 0xD427, 0xE56E, 0xE58F, 0xDD2E, 0xD4CC,
    0xD4AB, 0xDCED, 0xD4CC, 0xD48B, 0xCC6B, 0xD4ED, 0xDD0D, 0xD4CC,
    0xD4AC, 0xD4CC, 0xD4EC, 0xDCED, 0xDCEC, 0xDD2E, 0xE56F, 0xD4EC,
    0xCBE6, 0xC383, 0xC384, 0xBB84, 0xC3A5, 0xD406, 0xDC88, 0xCBC5,
    0xBAA2, 0xCB03, 0xF4E8, 0xEDB1, 0xC63B, 0xC63A, 0xC63A, 0xC63A,
    0xC63A, 0xC63A, 0xC63A, 0xC63A, 0xC63A, 0xC63A, 0xC63A, 0xC63A,
    0xC63A, 0xC63A, 0xC63A, 0xC63A, 0xC63A, 0xC63A, 0xC63A, 0xC61A,
    0xC619, 0xC619, 0xC619, 0xC619, 0xC619, 0xC619, 0xC619, 0xBE19,
    0xBDF9, 0xBDF9, 0xBDF8, 0xBDD8, 0xB5D8, 0xB5D8, 0xBDD8, 0xBDD8,
    0xBDD8, 0xBDF8, 0xBDF8, 0xBDF8, 0xBDF8, 0xBDF8, 0xBDD8, 0xB5B7,
    0xB5B7, 0xAD96, 0xAD75, 0xA554, 0x9D13, 0x94D2, 0x94B1, 0x8C90,
    0x844E, 0x7C0D, 0x73CB, 0x6BAA, 0x6368, 0x5B26, 0x5305, 0x4B03,
    0x4AE1, 0x4AE0, 0x4AE0, 0x4B00, 0x4B00, 0x5321, 0x5B45, 0x6BA9,
    0x7C0D, 0x8470, 0x94B2, 0x9D15, 0xA556, 0xB5B8, 0xB5D8, 0xBDD9,
    0xB5B8, 0xA577, 0x94F5, 0x8472, 0x740F, 0x5B8C, 0x4B08, 0x42C4,
    0x3AA3, 0x3AC3, 0x3AC3, 0x42E5, 0x5349, 0x63AC, 0x7C2F, 0x8CB2,
    0x9CF4, 0xA556, 0xAD97, 0xB597, 0xB5B8, 0xB5B8, 0xADB7, 0xAD97,
    0xAC4C, 0xBC8A, 0xCCA9, 0xC469, 0xB429, 0xABEA, 0x93AC, 0x736E,
    0x5B50, 0x4333, 0x1335, 0x0336, 0x0336, 0x0B36, 0x4374, 0x6BD3,
    0x8C73, 0xA4B2, 0xB4D1, 0xC510, 0xC510, 0xC4EF, 0xBCAE, 0xB44C,
    0xABEB, 0xA3A9, 0x9BA9, 0x9BA9, 0x9BA9, 0x9BA9, 0x9BA9, 0x9BA8,
    0x93A8, 0x93A8, 0x93A8, 0x93A8, 0x93A8, 0x93A8, 0x93A8, 0x93A8,
    0x93A8, 0x93A8, 0x9BC9, 0x9BC9, 0xA3E9, 0xA3EA, 0xAC0A, 0xAC0B,
    0xAC0B, 0xAC0B, 0xAC0B, 0xAC0B, 0xAC0B, 0xAC2B, 0xB44B, 0xBC6C,
    0xBC8C, 0xC48D, 0xC4AD, 0xC4CD, 0xC4AD, 0xC4AC, 0xBC6C, 0xBC4B,
    0xB42A, 0xB40A, 0xB409, 0xBC2A, 0xBC6C, 0xC48C, 0xBC8D, 0xBC8D,
    0xBCAF, 0xBCF1, 0xBD13, 0xBD55, 0xBD97, 0xBDB8, 0xBDD9, 0xBDFA,
    0xBDFA, 0xBDFA, 0xBDFA, 0xBDFA, 0xBDFA, 0xBDFA, 0xBDFA, 0xBDFA,
    0xBDFA, 0xBDFA, 0xBDFA, 0xBDFA, 0xBDFA, 0xBE1A, 0xC5B6, 0xD383,
    0xEC47, 0xDBC5, 0xBAC2, 0x91C0, 0x7960, 0x8140, 0xAAC3, 0xCC06,
    0xC3E5, 0xCBE5, 0xCBE5, 0xC384, 0xC385, 0xCC28, 0xDCCB, 0xDCCC,
    0xDCEC, 0xDD2D, 0xDD0D, 0xD4CC, 0xD4AB, 0xD4EC, 0xDCEC, 0xDCEC,
    0xDCEC, 0xDD0D, 0xDD2E, 0xDD2E, 0xD4CC, 0xCC6A, 0xC385, 0xB303,
    0xBB43, 0xC3A4, 0xCBC5, 0xCBC5, 0xC3C5, 0xD406, 0xD447, 0xBAE2,
    0xC2C2, 0xD343, 0xFCE8, 0xE592, 0xC63B, 0xC63A, 0xC63A, 0xC63A,
    0xC63A, 0xC63A, 0xC63A, 0xC63A, 0xC63A, 0xC63A, 0xC63A, 0xC63A,
    0xC63A, 0xC63A, 0xC63A, 0xC63A, 0xC63A, 0xC61A, 0xC61A, 0xC61A,
    0xC619, 0xC619, 0xC619, 0xC619, 0xC619, 0xC619, 0xC619, 0xBE19,
    0xBDF9, 0xBDF9, 0xBDF9, 0xBDF8, 0xBDF8, 0xBDF9, 0xBDF9, 0xBDF9,
    0xBDF9, 0xBDF9, 0xBDF9, 0xBDF9, 0xBDF8, 0xB5D8, 0xB5B7, 0xB5B7,
    0xAD96, 0xAD76, 0xAD75, 0xA534, 0x9D13, 0x9CF3, 0x94D2, 0x94B1,
    0x8C70, 0x844E, 0x7C0D, 0x6BCB, 0x6369, 0x5B27, 0x4AE4, 0x42C1,
    0x42A0, 0x3AA0, 0x42A0, 0x42C0, 0x42C0, 0x4AE0, 0x5304, 0x5B68,
    0x6BCB, 0x7C0E, 0x8471, 0x94D3, 0x9D35, 0xAD77, 0xB5B8, 0xB5B8,
    0xAD98, 0xA557, 0x94F5, 0x8472, 0x6BEF, 0x5B6C, 0x4B07, 0x3AC4,
    0x3AA3, 0x3AC3, 0x42C4, 0x4B27, 0x5B6A, 0x6BED, 0x8470, 0x8CD3,
    0x9D15, 0xAD56, 0xAD97, 0xAD97, 0xAD97, 0xAD77, 0xA556, 0xA556,
    0xB48B, 0xCCC9, 0xD4C7, 0xD4A7, 0xCC47, 0xBC09, 0xA3EB, 0x838D,
    0x6350, 0x4B53, 0x1335, 0x0337, 0x0336, 0x0B36, 0x4375, 0x73F4,
    0x9473, 0xACD3, 0xBD11, 0xC531, 0xCD50, 0xCD0F, 0xBCAE, 0xB44C,
    0xABEA, 0x9BA9, 0x9B88, 0x9388, 0x9388, 0x9388, 0x9388, 0x9388,
    0x8B87, 0x8B87, 0x8B87, 0x8B87, 0x8B87, 0x8B87, 0x8B87, 0x8BA7,
    0x8BA7, 0x8BA7, 0x93A8, 0x9BC9, 0x9BE9, 0xA3EA, 0xA40A, 0xA40A,
    0xA40A, 0xA40A, 0xA40A, 0xA40A, 0xAC0A, 0xAC2B, 0xB44B, 0xBC6C,
    0xBC8C, 0xC48C, 0xC4AD, 0xC4CD, 0xC4AD, 0xC4AC, 0xBC8C, 0xBC4B,
    0xB42B, 0xB40A, 0xB40A, 0xBC2A, 0xBC6B, 0xC48C, 0xBC8D, 0xBC8D,
    0xBCAF, 0xBCF1, 0xBD13, 0xBD55, 0xBD97, 0xBDB8, 0xBDF9, 0xBDFA,
    0xBDFA, 0xBDFA, 0xBDFA, 0xBDFA, 0xBDFA, 0xBDFA, 0xBDFA, 0xBDFA,
    0xBDFA, 0xBDFA, 0xBDFA, 0xBDFA, 0xBDFA, 0xBE1B, 0xC5B7, 0xE406,
    0xF487, 0xDBC5, 0xBAC3, 0xA241, 0x91E0, 0x91C0, 0x9A82, 0xBB85,
    0xCBE6, 0xCC06, 0xCC26, 0xC3C5, 0xC364, 0xC384, 0xB323, 0xAAE3,
    0xB366, 0xBBA7, 0xC409, 0xC429, 0xC409, 0xCC6B, 0xC44A, 0xBC0A,
    0xC40A, 0xB3A9, 0xA327, 0x9264, 0x9A61, 0xB302, 0xB302, 0xB323,
    0xC3A4, 0xCBC5, 0xCBE5, 0xCC06, 0xD447, 0xDC87, 0xD447, 0xBAC2,
    0xCAE2, 0xD343, 0xF4A7, 0xDD92, 0xC63B, 0xC63A, 0xC63A, 0xC63A,
    0xC63A, 0xC63A, 0xC63A, 0xC63A, 0xC63A, 0xC63A, 0xC63A, 0xC63A,
    0xC63A, 0xC63A, 0xC63A, 0xC63A, 0xC63A, 0xC63A, 0xC61A, 0xC61A,
    0xC619, 0xC619, 0xBE19, 0xC619, 0xC619, 0xC619, 0xC619, 0xBE19,
    0xBE19, 0xBE19, 0xBE19, 0xBDF9, 0xBDF9, 0xBE19, 0xBE19, 0xBE19,
    0xBE19, 0xBDF9, 0xBDF9, 0xBDF8, 0xBDD8, 0xB5B7, 0xAD96, 0xAD96,
    0xAD76, 0xAD55, 0xA555, 0xA534, 0xA514, 0x9D13, 0x9CF3, 0x94D2,
    0x8C91, 0x846F, 0x7C2E, 0x73CC, 0x638A, 0x5B48, 0x4AE5, 0x42A1,
    0x3A80, 0x3A80, 0x3A80, 0x3A80, 0x3A80, 0x42A0, 0x4AC2, 0x5306,
    0x6369, 0x6BAD, 0x7C30, 0x8C92, 0x94F4, 0xA556, 0xAD77, 0xAD97,
    0xAD77, 0xA556, 0x94F4, 0x8471, 0x6BEF, 0x5B6B, 0x42E7, 0x3AA3,
    0x3AA3, 0x3AC3, 0x42E4, 0x5349, 0x63AC, 0x742F, 0x8492, 0x94F4,
    0x9D35, 0xA556, 0xAD77, 0xAD97, 0xAD76, 0xA536, 0x9D15, 0x94F4,
    0xC489, 0xD4E7, 0xDCE6, 0xDCC6, 0xD485, 0xC448, 0xAC0A, 0x93AD,
    0x7B70, 0x5353, 0x1B35, 0x0337, 0x0336, 0x0B36, 0x4395, 0x7414,
    0x9473, 0xACD2, 0xBD11, 0xC531, 0xCD50, 0xCD0F, 0xBCAD, 0xB44C,
    0xA3CA, 0x9B88, 0x9367, 0x8B67, 0x8B67, 0x9387, 0x8B67, 0x8B67,
    0x8367, 0x8386, 0x8386, 0x8386, 0x8366, 0x8366, 0x8366, 0x8386,
    0x8386, 0x8387, 0x8BA7, 0x93C8, 0x9BC9, 0x9BE9, 0xA3EA, 0xA3E9,
    0xA3E9, 0xA3E9, 0xA3E9, 0xA3EA, 0xA3EA, 0xAC2A, 0xB44B, 0xBC6C,
    0xBC8C, 0xBC8D, 0xC4AD, 0xC4CD, 0xC4CD, 0xC4AC, 0xBC8C, 0xBC4B,
    0xB42B, 0xB42A, 0xB40A, 0xBC4A, 0xC46B, 0xC48C, 0xC48D, 0xBC8D,
    0xBCAF, 0xBCF1, 0xBD13, 0xBD55, 0xBD97, 0xBDB8, 0xBDD9, 0xBDFA,
    0xBDFA, 0xBDFA, 0xBDFA, 0xBDFA, 0xBDFA, 0xBDFA, 0xBDFA, 0xBDFA,
    0xBDFA, 0xBDFA, 0xBDFA, 0xBDFA, 0xBDFA, 0xBE1A, 0xC5F8, 0xF488,
    0xF466, 0xDBC5, 0xC303, 0xB261, 0xAA61, 0xAA40, 0x89A0, 0x9A61,
    0xCC06, 0xD426, 0xCC06, 0xCBC5, 0xCBC5, 0xAAE2, 0x81A0, 0x7960,
    0x7940, 0x6900, 0x6920, 0x81A0, 0x7960, 0x7161, 0x6141, 0x58C0,
    0x6100, 0x58A0, 0x5080, 0x5080, 0x7960, 0x9200, 0xA2A2, 0xBB64,
    0xCBE5, 0xCBE5, 0xCC26, 0xD467, 0xDC67, 0xDC67, 0xDC67, 0xBB03,
    0xCAE2, 0xE3E5, 0xF4A8, 0xDD0E, 0xBE3A, 0xC63A, 0xC63A, 0xC63A,
    0xC63A, 0xC63A, 0xC63A, 0xC63A, 0xC63A, 0xC63A, 0xC63A, 0xC63A,
    0xC63A, 0xC63A, 0xC63A, 0xC63A, 0xC63A, 0xC63A, 0xC61A, 0xC61A,
    0xBE1A, 0xBE19, 0xBE19, 0xBE19, 0xC619, 0xC619, 0xBE19, 0xC619,
    0xBE19, 0xBE19, 0xBE19, 0xBE19, 0xBDF9, 0xBE19, 0xBE19, 0xBE19,
    0xBE19, 0xBE19, 0xBDF9, 0xBDD8, 0xB5B7, 0xAD97, 0xAD76, 0xAD75,
    0xA555, 0xA534, 0xA534, 0x9D13, 0x9D13, 0x9D13, 0x9CF3, 0x94D2,
    0x94B1, 0x8C70, 0x842E, 0x73ED, 0x6BAB, 0x5B49, 0x5306, 0x42C3,
    0x42A0, 0x3A80, 0x3A80, 0x3A60, 0x3A80, 0x3A80, 0x3A80, 0x42A3,
    0x5307, 0x5B6A, 0x6BCD, 0x7C50, 0x8CB3, 0x9D15, 0xA556, 0xA556,
    0xA556, 0x9D15, 0x94D4, 0x7C51, 0x6BCE, 0x534B, 0x42E6, 0x3AA3,
    0x3AC3, 0x3AC3, 0x4306, 0x5B8B, 0x6BEE, 0x7C50, 0x8C92, 0x94D4,
    0x9D15, 0xA536, 0xAD76, 0xA576, 0x9D35, 0x94F4, 0x8CB3, 0x8472,
    0xC488, 0xDCC6, 0xE504, 0xE4E4, 0xDCA4, 0xCC67, 0xB40A, 0xA3CD,
    0x8390, 0x5353, 0x1336, 0x0337, 0x0336, 0x0B36, 0x4B95, 0x7414,
    0x9493, 0xACD2, 0xBD11, 0xC531, 0xCD50, 0xCD0F, 0xBCAD, 0xAC2B,
    0xA3CA, 0x9368, 0x8B47, 0x8346, 0x8346, 0x8367, 0x8367, 0x8366,
    0x7B46, 0x7B46, 0x7B45, 0x7B45, 0x7B45, 0x7B45, 0x7B45, 0x7B65,
    0x7B66, 0x7B66, 0x8387, 0x8BA7, 0x93C8, 0x93C8, 0x9BE9, 0x9BE9,
    0x93C9, 0x9BC9, 0x9BC9, 0x9BE9, 0x9BE9, 0xAC0A, 0xB44B, 0xB46C,
    0xBC8C, 0xBC8D, 0xC4AD, 0xC4CD, 0xC4CD, 0xBCAC, 0xBC6C, 0xBC4C,
    0xB44B, 0xB42A, 0xBC2A, 0xBC4A, 0xC46B, 0xC48C, 0xC48C, 0xC48D,
    0xC4AE, 0xBCF1, 0xBD13, 0xBD55, 0xBD97, 0xBDB8, 0xBDD9, 0xBDFA,
    0xBDFA, 0xBE1A, 0xBDFA, 0xBDFA, 0xBDFA, 0xBDFA, 0xBDF9, 0xBDF9,
    0xBDFA, 0xBDFA, 0xBDFA, 0xBDFA, 0xBDFA, 0xBE3B, 0xCD74, 0xF446,
    0xF466, 0xDBA5, 0xC2E3, 0xAA41, 0xB261, 0xA1E0, 0x8140, 0x89A0,
    0xC3A4, 0xD467, 0xD426, 0xD405, 0xCBC5, 0x89C0, 0x6900, 0x7120,
    0x7140, 0x6900, 0x58C0, 0x6100, 0x58C0, 0x50A0, 0x50A0, 0x50C0,
    0x58A0, 0x58C0, 0x58C0, 0x58C0, 0x7140, 0x6900, 0x7960, 0xB2E2,
    0xCBA4, 0xCC06, 0xD427, 0xD446, 0xDC87, 0xE4C8, 0xD468, 0xB2E3,
    0xCB23, 0xE406, 0xF4E8, 0xE54F, 0xBE3B, 0xC63A, 0xC63A, 0xC63A,
    0xC63A, 0xC63A, 0xC63A, 0xC63A, 0xC61A, 0xC61A, 0xC61A, 0xC63A,
    0xC63A, 0xC63A, 0xC63A, 0xC63A, 0xC63A, 0xC63A, 0xC63A, 0xC61A,
    0xC61A, 0xBE1A, 0xBE1A, 0xBE1A, 0xBE19, 0xBE19, 0xBE19, 0xBE19,
    0xBE19, 0xBE19, 0xBE19, 0xBE19, 0xBDF9, 0xBDF9, 0xBDF9, 0xBE19,
    0xBE19, 0xBE19, 0xBDF9, 0xB5D8, 0xB5B7, 0xAD96, 0xAD76, 0xA555,
    0x9D34, 0x9D14, 0x9D13, 0x9CF3, 0x9CF3, 0x9D13, 0x9CF3, 0x94D2,
    0x94D2, 0x8C91, 0x844F, 0x7C0E, 0x6BCC, 0x638A, 0x5B28, 0x4AE6,
    0x4AC3, 0x4280, 0x3A60, 0x3A60, 0x3A60, 0x3A60, 0x3A60, 0x3A80,
    0x42A4, 0x5308, 0x5B6B, 0x740F, 0x8492, 0x94D4, 0x9CF5, 0x94F5,
    0x94F4, 0x94F4, 0x8CB3, 0x7C51, 0x63AD, 0x534A, 0x42E5, 0x42C2,
    0x3AC2, 0x42C3, 0x4B27, 0x63AC, 0x740F, 0x7C50, 0x8492, 0x8CD3,
    0x94F4, 0x9D15, 0xA536, 0x9D15, 0x94D4, 0x8C92, 0x7C30, 0x73EF,
    0xC467, 0xDCC5, 0xE4E3, 0xE4E3, 0xDCA4, 0xCC67, 0xBC0A, 0xA3CD,
    0x8390, 0x4B53, 0x1315, 0x0337, 0x0336, 0x0B36, 0x4B95, 0x7434,
    0x9493, 0xACD2, 0xBD11, 0xC531, 0xCD50, 0xCD0F, 0xBCAD, 0xAC4C,
    0xA3C9, 0x8B68, 0x8346, 0x7B25, 0x7325, 0x7B45, 0x7B46, 0x7345,
    0x7345, 0x6B24, 0x6B24, 0x6B24, 0x6B24, 0x6B24, 0x6B24, 0x6B44,
    0x7345, 0x7345, 0x7B66, 0x8386, 0x8BA7, 0x8BA8, 0x93C8, 0x8BC8,
    0x8BA8, 0x93A8, 0x93C8, 0x93C9, 0x9BE9, 0xA40A, 0xAC4B, 0xB46C,
    0xBC8C, 0xBCAD, 0xC4CD, 0xC4CD, 0xC4CD, 0xBCAC, 0xBC6C, 0xBC4B,
    0xB44B, 0xBC2A, 0xBC2A, 0xBC4A, 0xC46B, 0xC48C, 0xC48C, 0xC48D,
    0xBCAE, 0xBCF1, 0xBD13, 0xBD55, 0xBD97, 0xBDB8, 0xBDD9, 0xBDF9,
    0xBDFA, 0xBDFA, 0xBDFA, 0xBDFA, 0xBDF9, 0xBDF9, 0xBDF9, 0xBDF9,
    0xBDF9, 0xBDFA, 0xBDFA, 0xBDFA, 0xBDFA, 0xBE3B, 0xCD53, 0xF445,
    0xF487, 0xCAE2, 0xB282, 0xAA41, 0x99E0, 0x91C0, 0x8980, 0x8980,
    0xC3A5, 0xDC88, 0xD426, 0xD426, 0xCBC4, 0x8980, 0x6900, 0x6900,
    0x7100, 0x6900, 0x60E0, 0x60E0, 0x58C0, 0x50C0, 0x58C0, 0x58C0,
    0x60E0, 0x58C0, 0x58C0, 0x50C0, 0x58E0, 0x58C0, 0x6900, 0x89A0,
    0xA261, 0xCC05, 0xD467, 0xDC67, 0xDCA7, 0xED2A, 0xD468, 0xAAA3,
    0xD364, 0xEC47, 0xF4C8, 0xDD0E, 0xBE3B, 0xC63A, 0xC63A, 0xC63A,
    0xC63A, 0xC63A, 0xC63A, 0xC63A, 0xBE1A, 0xC61A, 0xC61A, 0xC63A,
    0xC63A, 0xC63A, 0xC63A, 0xC63A, 0xC63A, 0xC63A, 0xC63A, 0xBE1A,
    0xBE1A, 0xBE1A, 0xBE1A, 0xBE1A, 0xBE1A, 0xBE1A, 0xBE19, 0xBE19,
    0xBE19, 0xBE19, 0xBE19, 0xBDF9, 0xBDF9, 0xBDF9, 0xBE19, 0xBE19,
    0xBE19, 0xBDF9, 0xB5D8, 0xB5B8, 0xAD97, 0xAD76, 0xA576, 0xA535,
    0x9D14, 0x9D14, 0x9CF3, 0x94F3, 0x9CF3, 0x9D13, 0x9D13, 0x9CF3,
    0x9CF3, 0x94B2, 0x8C91, 0x8450, 0x740E, 0x6BCC, 0x638B, 0x5B49,
    0x5306, 0x42A2, 0x3A80, 0x3A60, 0x3A60, 0x3260, 0x3240, 0x3240,
    0x3A60, 0x42A5, 0x5329, 0x6BCE, 0x7C51, 0x8C92, 0x8CB3, 0x8CB3,
    0x8CB3, 0x8CB3, 0x8472, 0x7430, 0x638D, 0x4B29, 0x42C3, 0x42C2,
    0x3AC2, 0x42E5, 0x5369, 0x63CC, 0x73EE, 0x7C2F, 0x8471, 0x8CB2,
    0x94D3, 0x9514, 0x94F4, 0x8CD3, 0x8472, 0x7C10, 0x6BAE, 0x638C,
    0xC467, 0xD4C5, 0xE4E3, 0xDCC3, 0xD485, 0xCC47, 0xB3EA, 0x9BCD,
    0x7B70, 0x4B33, 0x0B16, 0x0337, 0x0316, 0x0B36, 0x4B95, 0x7C34,
    0x9493, 0xACF3, 0xBD12, 0xC531, 0xCD50, 0xCD2F, 0xBCAD, 0xAC4B,
    0x9BA9, 0x8B67, 0x7B26, 0x7305, 0x6B04, 0x6B04, 0x6B04, 0x6B04,
    0x6B24, 0x6303, 0x6303, 0x6303, 0x6303, 0x6303, 0x6303, 0x6303,
    0x6323, 0x6B44, 0x7345, 0x7365, 0x7B86, 0x8386, 0x8387, 0x8386,
    0x8386, 0x8B87, 0x8BA8, 0x93C8, 0x9BE9, 0xA40A, 0xAC4B, 0xB46C,
    0xBC8C, 0xBCAD, 0xC4CD, 0xC4CD, 0xC4CD, 0xC4AC, 0xBC6C, 0xB44B,
    0xB44B, 0xBC2A, 0xBC2A, 0xBC4A, 0xC46B, 0xC46C, 0xC48C, 0xC48D,
    0xBCAE, 0xBCD1, 0xBCF3, 0xBD55, 0xBD97, 0xBDB8, 0xBDD9, 0xBDF9,
    0xBDF9, 0xBDF9, 0xBDF9, 0xBDF9, 0xBDF9, 0xBDF9, 0xBDD9, 0xBDD9,
    0xBDF9, 0xBDFA, 0xBDFA, 0xBDFA, 0xBDF9, 0xBE3B, 0xCD32, 0xFC86,
    0xEC46, 0xCB03, 0xC303, 0xA201, 0xA200, 0xA1E0, 0x99E0, 0x91A0,
    0xC3A5, 0xDCA9, 0xD447, 0xDC67, 0xC364, 0x8980, 0x7120, 0x6900,
    0x6900, 0x7120, 0x7120, 0x60E0, 0x58C0, 0x60E0, 0x6100, 0x6900,
    0x58C0, 0x58C0, 0x6100, 0x58C0, 0x58C0, 0x58C0, 0x7120, 0x8160,
    0x8160, 0xCBC4, 0xDC88, 0xDC88, 0xE4C9, 0xED2B, 0xD428, 0xAA41,
    0xC303, 0xE406, 0xF4A7, 0xE4ED, 0xC63A, 0xC63A, 0xC63A, 0xC63A,
    0xC63A, 0xC61A, 0xC63A, 0xBE3A, 0xBE1A, 0xBE1A, 0xBE1A, 0xBE1A,
    0xBE3A, 0xC63A, 0xBE3A, 0xBE3A, 0xC63A, 0xC63A, 0xBE3A, 0xBE1A,
    0xBE1A, 0xBE1A, 0xBE1A, 0xBE1A, 0xBE1A, 0xBE1A, 0xBE1A, 0xBE1A,
    0xBE19, 0xBE19, 0xBDF9, 0xBDF9, 0xBDF9, 0xBDF9, 0xBE19, 0xBE19,
    0xBE19, 0xBDF9, 0xB5B8, 0xADB7, 0xAD97, 0xA576, 0xA555, 0xA535,
    0x9D14, 0x94F3, 0x94F3, 0x9CF3, 0x9D14, 0x9D14, 0x9D14, 0x9D14,
    0x9CF4, 0x94D3, 0x8C91, 0x8470, 0x7C2F, 0x73EE, 0x6BCD, 0x638B,
    0x5328, 0x4AE5, 0x42A2, 0x3A60, 0x3240, 0x3240, 0x3240, 0x3240,
    0x3240, 0x3A61, 0x4AC7, 0x636C, 0x73EF, 0x7C50, 0x7C51, 0x8471,
    0x8471, 0x7C51, 0x7C30, 0x6BEF, 0x5B8C, 0x4B07, 0x42C3, 0x42C2,
    0x42C2, 0x4B06, 0x5B6A, 0x63AB, 0x6BCD, 0x740E, 0x7C50, 0x8471,
    0x8C92, 0x94D3, 0x8CB3, 0x7C51, 0x73EF, 0x638D, 0x532A, 0x4B09,
    0xC487, 0xDCC4, 0xE4E3, 0xDCC3, 0xD465, 0xC427, 0xB3EA, 0x9BAD,
    0x7B70, 0x4333, 0x0B16, 0x0317, 0x0337, 0x0B36, 0x4BB5, 0x7434,
    0x9C93, 0xACF3, 0xBD12, 0xC531, 0xCD50, 0xCD0F, 0xC4AD, 0xAC2B,
    0x9BA9, 0x8B67, 0x7B25, 0x6B04, 0x62E3, 0x62E3, 0x62E3, 0x5AE3,
    0x5AE2, 0x52E2, 0x52E1, 0x52E1, 0x52E1, 0x52E1, 0x52E1, 0x52E2,
    0x5B02, 0x5B03, 0x6323, 0x6B44, 0x6B45, 0x7345, 0x7345, 0x7365,
    0x7B66, 0x8386, 0x8B87, 0x93A8, 0x9BE9, 0xA40A, 0xAC4B, 0xB44C,
    0xB46C, 0xBC8C, 0xC4AD, 0xC4CD, 0xC4AD, 0xC4AC, 0xBC8C, 0xBC6B,
    0xBC4B, 0xBC2A, 0xBC2A, 0xBC4A, 0xC44B, 0xC46B, 0xC46C, 0xBC6C,
    0xC4AE, 0xBCD0, 0xBCF2, 0xBD55, 0xBD97, 0xBDB8, 0xBDD9, 0xBDF9,
    0xBDF9, 0xBDF9, 0xBDF9, 0xBDFA, 0xBDFA, 0xBDF9, 0xBDFA, 0xBDFA,
    0xBDFA, 0xBDFA, 0xBDFA, 0xBDFA, 0xBDFA, 0xB61B, 0xD5B4, 0xFD4A,
    0xE426, 0xE3C5, 0xC303, 0xAA62, 0xA221, 0xA220, 0xAA20, 0x99E0,
    0xD427, 0xDC88, 0xDC88, 0xDC87, 0xC364, 0x9A00, 0x8180, 0x7940,
    0x7940, 0x7940, 0x7120, 0x58E0, 0x50C0, 0x58C0, 0x60E0, 0x60E0,
    0x58C0, 0x60E0, 0x7120, 0x6900, 0x58C0, 0x58C0, 0x7100, 0x7100,
    0x7940, 0xBAE2, 0xDCA8, 0xDCA8, 0xED0A, 0xE50B, 0xCBC6, 0xAA21,
    0xBAC2, 0xE406, 0xF4A8, 0xED4F, 0xC63B, 0xC63A, 0xC63A, 0xC63A,
    0xC63A, 0xBE3A, 0xBE3A, 0xBE3A, 0xBE3A, 0xBE3A, 0xBE3A, 0xBE1A,
    0xBE3A, 0xBE3A, 0xBE3A, 0xBE3A, 0xBE3A, 0xBE3A, 0xBE1A, 0xBE1A,
    0xBE1A, 0xBE1A, 0xBE1A, 0xBE1A, 0xBE1A, 0xBE1A, 0xBE1A, 0xBE1A,
    0xBE1A, 0xBE1A, 0xBDF9, 0xBDF9, 0xBDF9, 0xBDF9, 0xBDF9, 0xBE19,
    0xBE19, 0xB5F9, 0xB5D8, 0xADB7, 0xAD77, 0xA576, 0xA556, 0xA535,
    0x9D35, 0x9D14, 0x9D13, 0x9D14, 0x9D34, 0xA535, 0x9D35, 0x9D14,
    0x9CF4, 0x94F3, 0x94B2, 0x8C91, 0x8450, 0x740F, 0x73EE, 0x6BAC,
    0x5B4A, 0x5307, 0x4AC5, 0x3A81, 0x3240, 0x3240, 0x3240, 0x3240,
    0x3240, 0x3240, 0x3A83, 0x532A, 0x63AD, 0x73EF, 0x740F, 0x740F,
    0x742F, 0x742F, 0x740E, 0x6BCD, 0x5B8B, 0x4B06, 0x42C2, 0x42C2,
    0x42C2, 0x4B26, 0x5B69, 0x63AB, 0x63CC, 0x6BED, 0x740F, 0x7C30,
    0x7C51, 0x8471, 0x7C31, 0x6BCF, 0x5B6C, 0x5309, 0x42A6, 0x3A83,
    0xC487, 0xDCC5, 0xE4E3, 0xDCC3, 0xD464, 0xC407, 0xB3CA, 0x93AD,
    0x7350, 0x4314, 0x0316, 0x0337, 0x0337, 0x0B36, 0x4BB5, 0x7434,
    0x9493, 0xACF2, 0xBD11, 0xC531, 0xCD50, 0xC50F, 0xBCAD, 0xAC2B,
    0x9BA9, 0x8B67, 0x7B25, 0x62E3, 0x5AC3, 0x5AC2, 0x52C2, 0x52C2,
    0x4AA1, 0x4AA0, 0x42A0, 0x42A0, 0x42C0, 0x42C0, 0x42C0, 0x4AC0,
    0x4AE1, 0x52E2, 0x5B02, 0x5B03, 0x6323, 0x6323, 0x6323, 0x6B24,
    0x7345, 0x7B66, 0x8387, 0x8BA8, 0x93C9, 0x9BE9, 0xA42B, 0xAC4B,
    0xB46C, 0xBC8C, 0xC4AD, 0xC4CD, 0xC4AD, 0xC4AC, 0xBC8C, 0xBC6B,
    0xBC4B, 0xBC2A, 0xBC2A, 0xBC2A, 0xC44B, 0xC46B, 0xC46B, 0xBC6C,
    0xC4AE, 0xBCD0, 0xBD13, 0xBD55, 0xBD97, 0xBDB8, 0xBDD9, 0xBDF9,
    0xBDF9, 0xBDFA, 0xBDF9, 0xBDFA, 0xBDFA, 0xBDFA, 0xBDFA, 0xBDFA,
    0xBDFA, 0xBDFA, 0xBDFA, 0xBE1A, 0xBDFA, 0xB61B, 0xDD72, 0xFD29,
    0xE426, 0xE406, 0xC2E3, 0xBAA2, 0xB261, 0xAA61, 0xAA61, 0xA200,
    0xCBE6, 0xDCA8, 0xDCA8, 0xDC67, 0xCBE6, 0xAA81, 0x89A0, 0x8180,
    0x8180, 0x8180, 0x6900, 0x58C0, 0x58E0, 0x58C0, 0x58C0, 0x58C0,
    0x58C0, 0x60E0, 0x58C0, 0x68E0, 0x58A0, 0x60E0, 0x7140, 0x7960,
    0x8140, 0xAA60, 0xDC67, 0xE4E9, 0xED6B, 0xDCA9, 0xB2A2, 0xBAA2,
    0xCB44, 0xEC26, 0xF4E8, 0xED90, 0xC63B, 0xC63A, 0xC63A, 0xC63A,
    0xC63A, 0xBE3A, 0xBE3A, 0xBE3A, 0xBE3A, 0xBE3A, 0xBE1A, 0xBE3A,
    0xBE3A, 0xBE3A, 0xBE3A, 0xBE3A, 0xBE3A, 0xBE1A, 0xBE1A, 0xBE1A,
    0xBE1A, 0xBE1A, 0xBE1A, 0xBE1A, 0xBE1A, 0xBE1A, 0xBE1A, 0xBE1A,
    0xBE1A, 0xBDFA, 0xBDF9, 0xBDF9, 0xBDF9, 0xBDF9, 0xBDF9, 0xBE19,
    0xBE19, 0xB5F9, 0xB5D9, 0xADB8, 0xAD97, 0xA576, 0xA556, 0xA556,
    0xA535, 0x9D14, 0x9D14, 0x9D35, 0xA535, 0xA535, 0x9D35, 0x9D35,
    0x9D14, 0x9D14, 0x94D3, 0x8C92, 0x8451, 0x7C2F, 0x6BEE, 0x6BAC,
    0x5B6B, 0x5328, 0x4AC6, 0x4282, 0x3240, 0x3240, 0x3240, 0x3240,
    0x3240, 0x3240, 0x3240, 0x4AC6, 0x5B4B, 0x63AC, 0x6BAC, 0x6BCD,
    0x6BED, 0x6BED, 0x6BCD, 0x63AC, 0x5B8A, 0x4B05, 0x42C1, 0x42C1,
    0x42E2, 0x5326, 0x5B68, 0x5B8A, 0x63AB, 0x6BCC, 0x6BED, 0x740E,
    0x740F, 0x740F, 0x6BAE, 0x5B6B, 0x4AE8, 0x4285, 0x3241, 0x3240,
    0xCCA7, 0xDCE5, 0xE4E3, 0xDCA4, 0xD445, 0xC408, 0xABCA, 0x938D,
    0x7350, 0x3B14, 0x0316, 0x0317, 0x0316, 0x1336, 0x4B95, 0x7434,
    0x9473, 0xACD2, 0xBD11, 0xC530, 0xC530, 0xC50F, 0xBC8D, 0xA42A,
    0x93A8, 0x8346, 0x7305, 0x62E3, 0x5AC2, 0x4AA1, 0x4AA0, 0x4AA0,
    0x4280, 0x3A80, 0x3A80, 0x3A80, 0x3A80, 0x3A80, 0x3AA0, 0x42A0,
    0x42C0, 0x4AC0, 0x52E1, 0x52E2, 0x52E2, 0x52E2, 0x5AE2, 0x6323,
    0x6B45, 0x7346, 0x8387, 0x8B88, 0x8BA8, 0x93E9, 0xA40A, 0xAC4B,
    0xB44B, 0xB46C, 0xBCAC, 0xC4CD, 0xC4AD, 0xC4AC, 0xBC8C, 0xBC6B,
    0xBC4B, 0xBC2A, 0xBC2A, 0xBC2A, 0xC46B, 0xC46B, 0xC46B, 0xC46C,
    0xC48D, 0xBCD0, 0xBD13, 0xBD55, 0xBD97, 0xBDB8, 0xBDD9, 0xBDF9,
    0xBDFA, 0xBDFA, 0xBDFA, 0xBDFA, 0xBDFA, 0xBDFA, 0xBDFA, 0xBDFA,
    0xBDFA, 0xBDFA, 0xBDFA, 0xBDFA, 0xBE1A, 0xB5FA, 0xE5B0, 0xFDAB,
    0xEC47, 0xE3E6, 0xCB03, 0xC2C2, 0xB261, 0xA262, 0xAA82, 0x91A0,
    0xB323, 0xE52B, 0xDCC9, 0xDC67, 0xDC47, 0xB2A1, 0x91C0, 0x91C0,
    0x89C0, 0x8180, 0x6900, 0x58C0, 0x58E0, 0x6900, 0x6100, 0x6900,
    0x60E0, 0x6900, 0x60E0, 0x58C0, 0x60E0, 0x60E0, 0x7940, 0x91C0,
    0x89A0, 0x99E0, 0xD426, 0xED2A, 0xED4B, 0xDC89, 0xA262, 0xB240,
    0xCB23, 0xF4C9, 0xF509, 0xF52C, 0xC619, 0xBE3B, 0xBE1A, 0xC63A,
    0xBE3A, 0xBE3B, 0xBE3A, 0xBE3A, 0xBE3A, 0xBE1A, 0xBE1A, 0xBE1A,
    0xBE3A, 0xBE3A, 0xBE1A, 0xBE1A, 0xBE1A, 0xBE1A, 0xBE1A, 0xBE1A,
    0xBE3A, 0xBE3A, 0xBE1A, 0xBE1A, 0xBE1A, 0xBE1A, 0xBE1A, 0xBE1A,
    0xBDFA, 0xBDFA, 0xBDFA, 0xBDF9, 0xBDFA, 0xBDFA, 0xBDFA, 0xBE1A,
    0xBE19, 0xB5F9, 0xB5D9, 0xADB8, 0xAD97, 0xAD77, 0xA576, 0xA556,
    0x9D35, 0x9D34, 0xA535, 0xA555, 0xA556, 0xA556, 0xA555, 0x9D35,
    0x9D35, 0x9D15, 0x94F4, 0x8CB2, 0x8471, 0x7C30, 0x740F, 0x6BCD,
    0x638C, 0x5B4A, 0x4AE8, 0x42A5, 0x3A61, 0x3240, 0x3240, 0x3240,
    0x3240, 0x3240, 0x3240, 0x3A62, 0x5308, 0x5B4A, 0x5B6A, 0x638B,
    0x63AB, 0x63AB, 0x63AB, 0x638A, 0x5B67, 0x4B23, 0x42E0, 0x42E0,
    0x4B02, 0x5345, 0x5B67, 0x5B88, 0x5B89, 0x63AA, 0x63AB, 0x6BCC,
    0x6BCD, 0x638C, 0x5B2A, 0x4AE7, 0x3A84, 0x3261, 0x3240, 0x3261,
    0xCCA8, 0xDCE5, 0xE504, 0xDCA4, 0xD445, 0xBBE8, 0xABAA, 0x938D,
    0x7350, 0x3B14, 0x0316, 0x0317, 0x0316, 0x1336, 0x4BB5, 0x7C34,
    0x9493, 0xACD2, 0xBD11, 0xC510, 0xC50F, 0xC4EE, 0xB48C, 0xA40A,
    0x8B88, 0x7B46, 0x6B04, 0x62C3, 0x52A2, 0x4A80, 0x4280, 0x3A80,
    0x3A80, 0x3260, 0x3260, 0x3260, 0x3A60, 0x3A80, 0x3A80, 0x3A80,
    0x3A80, 0x42A0, 0x42A0, 0x4AC0, 0x4AA0, 0x4AA0, 0x4AC1, 0x5B03,
    0x6324, 0x6B45, 0x7B66, 0x8387, 0x8387, 0x93C8, 0x9BE9, 0xA42A,
    0xAC4B, 0xB46B, 0xBC8C, 0xC4AD, 0xC4AD, 0xC4AC, 0xBC8C, 0xBC4B,
    0xBC4B, 0xBC2A, 0xBC2A, 0xBC2A, 0xC46B, 0xC46B, 0xC46B, 0xC46C,
    0xC48D, 0xBCD0, 0xC513, 0xBD75, 0xBD97, 0xBDB8, 0xBDD9, 0xBDF9,
    0xBDFA, 0xBDFA, 0xBDFA, 0xBDFA, 0xBDFA, 0xBDFA, 0xBDFA, 0xBDFA,
    0xBDFA, 0xBDFA, 0xBDFA, 0xBDFA, 0xBE1A, 0xB5FA, 0xE697, 0xFDED,
    0xEC05, 0xDB85, 0xCB03, 0xBA81, 0xB261, 0xA221, 0x91E0, 0x8160,
    0xBB23, 0xED4B, 0xE4E9, 0xDCA8, 0xD447, 0xB2C1, 0x91C0, 0x89A0,
    0x91A0, 0x8180, 0x6920, 0x60E0, 0x6100, 0x6920, 0x6900, 0x7940,
    0x8140, 0x68E0, 0x58C0, 0x58C0, 0x68E0, 0x7120, 0x8160, 0x8980,
    0x91A0, 0x91C0, 0xCBE5, 0xE509, 0xE4E9, 0xED0A, 0xBB64, 0xBAA2,
    0xD363, 0xEC67, 0xF509, 0xF4E9, 0xCDD7, 0xBE3B, 0xBE1A, 0xBE3A,
    0xBE3A, 0xBE3B, 0xBE3B, 0xBE3B, 0xBE3A, 0xBE1A, 0xBE1A, 0xBE1A,
    0xBE1A, 0xBE1A, 0xBE1A, 0xBE1A, 0xBE1A, 0xBE1A, 0xBE1A, 0xBE1A,
    0xBE1A, 0xBE1A, 0xBE1A, 0xBE1A, 0xBE1A, 0xBE1A, 0xBE1A, 0xBE1A,
    0xBDFA, 0xBDFA, 0xBDFA, 0xBDFA, 0xBDFA, 0xBDFA, 0xBDFA, 0xBDFA,
    0xBE1A, 0xBDFA, 0xB5D9, 0xADB8, 0xAD97, 0xA577, 0xA556, 0xA555,
    0xA535, 0xA535, 0xA555, 0xA556, 0xA556, 0xA556, 0xA555, 0x9D35,
    0x9D35, 0x9D15, 0x94F4, 0x8CD3, 0x8492, 0x8471, 0x7C30, 0x740F,
    0x6BCD, 0x638C, 0x5B2A, 0x4AE8, 0x4284, 0x3240, 0x3240, 0x3240,
    0x3240, 0x3240, 0x3240, 0x3240, 0x42A6, 0x5308, 0x5328, 0x5B69,
    0x5B88, 0x5B88, 0x5B88, 0x5B87, 0x5B65, 0x4B21, 0x4B00, 0x4B20,
    0x4B21, 0x5344, 0x5B86, 0x5B87, 0x5B88, 0x5B89, 0x5B89, 0x5B6A,
    0x5B6A, 0x5329, 0x42C6, 0x3A83, 0x3261, 0x3261, 0x3261, 0x3261,
    0xD4C8, 0xDD05, 0xE4E4, 0xDCA4, 0xD445, 0xBBE8, 0xA38A, 0x936D,
    0x7351, 0x3314, 0x0316, 0x0317, 0x0317, 0x1336, 0x4BB5, 0x7C54,
    0x9CB3, 0xACF2, 0xBD11, 0xC510, 0xC50F, 0xBCCE, 0xAC6C, 0x9BEA,
    0x8367, 0x7305, 0x62E3, 0x52A2, 0x4AA1, 0x4280, 0x3A60, 0x3260,
    0x3260, 0x3260, 0x3260, 0x3260, 0x3260, 0x3260, 0x3260, 0x3260,
    0x3280, 0x3A80, 0x3A80, 0x3A80, 0x3A80, 0x4280, 0x4AA0, 0x52E2,
    0x5B03, 0x6304, 0x6B45, 0x7B66, 0x7B87, 0x8BA8, 0x93E9, 0xA40A,
    0xAC2A, 0xB46B, 0xBC8C, 0xC4AC, 0xC4AD, 0xC4AC, 0xBC8C, 0xBC4B,
    0xBC4B, 0xBC2A, 0xBC2A, 0xBC2A, 0xC44A, 0xC46B, 0xC46B, 0xC46C,
    0xC48D, 0xC4D0, 0xC513, 0xBD55, 0xBD96, 0xBDB8, 0xBDD9, 0xBDF9,
    0xBDF9, 0xBDFA, 0xBDFA, 0xBDFA, 0xBDFA, 0xBDFA, 0xBDFA, 0xBDFA,
    0xBDFA, 0xBDFA, 0xBDFA, 0xBDFA, 0xBE1A, 0xB5FA, 0xE6B8, 0xFE0E,
    0xE3A4, 0xD343, 0xBAC2, 0xC2C2, 0xC2A2, 0xAA40, 0x8980, 0x91A0,
    0xDC67, 0xED2A, 0xE509, 0xE4E9, 0xD426, 0xAA60, 0x89A0, 0x7940,
    0x8140, 0x7960, 0x6900, 0x6900, 0x7120, 0x6900, 0x7100, 0x7100,
    0x7920, 0x60E0, 0x58C0, 0x60E0, 0x7100, 0x7940, 0x8160, 0x8980,
    0x8980, 0x99C0, 0xC343, 0xE4E9, 0xE4C9, 0xED2A, 0xCC07, 0xB282,
    0xD364, 0xE405, 0xF4C8, 0xF50A, 0xCDF8, 0xBE3B, 0xBE3A, 0xBE3B,
    0xBE3B, 0xBE3A, 0xBE3B, 0xBE3B, 0xBE3B, 0xBE1A, 0xBE1A, 0xBE1A,
    0xBE1A, 0xBE1A, 0xBE1A, 0xBE1A, 0xBE1A, 0xBE1A, 0xBE1A, 0xBE1A,
    0xBE1A, 0xBE1A, 0xBE1A, 0xBE1A, 0xBE1A, 0xBE1A, 0xBE1A, 0xBE1A,
    0xB5FA, 0xB5FA, 0xB5FA, 0xB5FA, 0xBDFA, 0xB5F9, 0xB5F9, 0xBDF9,
    0xBDFA, 0xBDFA, 0xB5F9, 0xB5B8, 0xAD77, 0xA556, 0xA555, 0xA535,
    0xA535, 0xA535, 0xA535, 0xA556, 0xA556, 0x9D55, 0x9D35, 0x9D35,
    0x9D15, 0x9D14, 0x94F4, 0x94F4, 0x8CB3, 0x8CB3, 0x8492, 0x7C51,
    0x7410, 0x6BCE, 0x638C, 0x532A, 0x4AC7, 0x3A62, 0x3240, 0x3240,
    0x3240, 0x3240, 0x3240, 0x3240, 0x3A82, 0x4AC6, 0x5306, 0x5B46,
    0x5B66, 0x5B87, 0x5B86, 0x5B65, 0x5363, 0x5340, 0x4B20, 0x4B20,
    0x4B20, 0x5363, 0x5B85, 0x5B86, 0x5B86, 0x5B67, 0x5B67, 0x5347,
    0x5327, 0x4AC5, 0x3A81, 0x3260, 0x3261, 0x3261, 0x3261, 0x3A83,
    0xD4E8, 0xDD06, 0xE505, 0xDCC5, 0xD465, 0xBBE8, 0xA38B, 0x8B6E,
    0x6B31, 0x3334, 0x0316, 0x0337, 0x0337, 0x1356, 0x53D5, 0x7C54,
    0x9CB4, 0xACF3, 0xBD11, 0xC510, 0xC50F, 0xBCCE, 0xAC4C, 0x93C9,
    0x7B46, 0x6AE4, 0x5AA2, 0x4A80, 0x4260, 0x3A60, 0x3240, 0x3240,
    0x3240, 0x3240, 0x3240, 0x3240, 0x3260, 0x3260, 0x3260, 0x3260,
    0x3260, 0x3260, 0x3260, 0x3260, 0x3260, 0x3A80, 0x42A0, 0x4AC0,
    0x52E2, 0x5B03, 0x6B24, 0x7345, 0x7B66, 0x83A7, 0x93C8, 0x9C0A,
    0xAC2A, 0xB44B, 0xBC8C, 0xC4AC, 0xC4AD, 0xC4AD, 0xBC8C, 0xBC6B,
    0xBC4B, 0xBC2A, 0xBC0A, 0xBC2A, 0xC44A, 0xC46B, 0xC46B, 0xC46B,
    0xC48D, 0xC4D0, 0xC512, 0xBD55, 0xBD96, 0xBD97, 0xBDD9, 0xBDD9,
    0xBDF9, 0xBDF9, 0xBDF9, 0xBDFA, 0xBDFA, 0xBE1A, 0xBDFA, 0xBDFA,
    0xBDFA, 0xBDFA, 0xBDFA, 0xBDFA, 0xBE1A, 0xBE1A, 0xE697, 0xFE90,
    0xEC66, 0xCB02, 0xCB23, 0xCB23, 0xBAA2, 0xAA20, 0x99A0, 0xB2C2,
    0xED2B, 0xED2B, 0xE50A, 0xE4E9, 0xDC67, 0xA240, 0x8180, 0x7940,
    0x7940, 0x6900, 0x6900, 0x7940, 0x7960, 0x7120, 0x7120, 0x6900,
    0x7120, 0x6900, 0x6900, 0x7120, 0x7940, 0x8160, 0x8160, 0x8980,
    0x8160, 0x8160, 0xA220, 0xDCA8, 0xED0A, 0xED2B, 0xED2B, 0xC323,
    0xCB23, 0xE3E5, 0xEC67, 0xFD4A, 0xD5F7, 0xBE5C, 0xBE3B, 0xBE3B,
    0xBE3B, 0xBE1B, 0xBE3B, 0xBE3B, 0xBE3B, 0xBE1B, 0xBE1A, 0xBE1A,
    0xBE1A, 0xBE1A, 0xBE1A, 0xBE1A, 0xBE1A, 0xBE1A, 0xBE1A, 0xBE1A,
    0xBE1A, 0xBE1A, 0xBE1A, 0xBE1A, 0xB61A, 0xBE1A, 0xBDFA, 0xB5FA,
    0xB5FA, 0xB5FA, 0xB5FA, 0xB5FA, 0xB5FA, 0xB5FA, 0xB5F9, 0xB5F9,
    0xBDF9, 0xB5F9, 0xB5B9, 0xAD98, 0xA556, 0x9D35, 0x9D15, 0x9D15,
    0x9D14, 0x9D14, 0x9D35, 0x9D35, 0x9D35, 0x9D35, 0x9D15, 0x9D15,
    0x9515, 0x9515, 0x9515, 0x9515, 0x9515, 0x94F4, 0x8CD4, 0x8C93,
    0x8452, 0x7410, 0x6BAE, 0x5B6B, 0x5309, 0x42A5, 0x3240, 0x3240,
    0x3240, 0x2A20, 0x3220, 0x3240, 0x3240, 0x42A3, 0x4AE5, 0x5345,
    0x5B65, 0x5B85, 0x5B84, 0x5B83, 0x5361, 0x5340, 0x4B40, 0x4B40,
    0x4B40, 0x5362, 0x5B64, 0x5B84, 0x5B65, 0x5B65, 0x5345, 0x5305,
    0x4AC3, 0x3A80, 0x3A60, 0x3260, 0x3261, 0x3261, 0x3A82, 0x3A83,
    0xD4E8, 0xDD06, 0xE505, 0xDCC6, 0xD466, 0xBBE8, 0xA3AB, 0x8B6E,
    0x6B31, 0x3315, 0x0317, 0x0337, 0x0337, 0x1356, 0x53D5, 0x7C54,
    0x9493, 0xACF2, 0xBD11, 0xC510, 0xC50F, 0xBCAE, 0xA42B, 0x8BA9,
    0x7326, 0x62A4, 0x4A61, 0x4240, 0x3A40, 0x3A40, 0x3220, 0x3220,
    0x3240, 0x3240, 0x3240, 0x3240, 0x3240, 0x3240, 0x3240, 0x3260,
    0x3260, 0x3260, 0x3240, 0x3240, 0x3260, 0x3260, 0x3A80, 0x42A0,
    0x4AC1, 0x5AE3, 0x6324, 0x6B45, 0x7365, 0x8387, 0x93C8, 0x9BE9,
    0xAC2A, 0xB44B, 0xBC8C, 0xC4AD, 0xC4AD, 0xC4AD, 0xBC8C, 0xBC6B,
    0xBC4B, 0xBC2A, 0xBC0A, 0xBC2A, 0xC44A, 0xC46B, 0xC46B, 0xC46B,
    0xC48D, 0xC4D0, 0xC512, 0xBD34, 0xBD76, 0xBD97, 0xBDB8, 0xBDF9,
    0xBDF9, 0xBDF9, 0xBDF9, 0xBDF9, 0xBDF9, 0xBDFA, 0xBDF9, 0xBDFA,
    0xBDFA, 0xBDFA, 0xBDFA, 0xBDFA, 0xBE1A, 0xBE1A, 0xF6B7, 0xFE91,
    0xFDAC, 0xE3C4, 0xDB84, 0xCB03, 0xC2C2, 0xBAA1, 0xC364, 0xE4C9,
    0xED4B, 0xED2A, 0xE509, 0xE50A, 0xDC88, 0xB2A1, 0x8980, 0x7940,
    0x6900, 0x6100, 0x7960, 0x7940, 0x7140, 0x7120, 0x6900, 0x60E0,
    0x6100, 0x7940, 0x8160, 0x8160, 0x7940, 0x8180, 0x91A0, 0x89A0,
    0x91C0, 0x8980, 0x9A00, 0xD446, 0xE4E9, 0xED4B, 0xED8D, 0xE4C9,
    0xDBA4, 0xDBC4, 0xEC26, 0xFDCC, 0xE5F5, 0xBE5C, 0xBE3B, 0xBE3B,
    0xBE1B, 0xBE1B, 0xBE1B, 0xBE3B, 0xBE1B, 0xBE1B, 0xBE1A, 0xBE1A,
    0xBE1A, 0xBE1A, 0xBE1A, 0xBE1A, 0xBE1A, 0xBE1A, 0xB61A, 0xB61A,
    0xB61A, 0xB61A, 0xB5FA, 0xB5FA, 0xB5FA, 0xB5FA, 0xB5FA, 0xB5FA,
    0xB5FA, 0xB5FA, 0xB5FA, 0xB5FA, 0xB5FA, 0xB5FA, 0xB5D9, 0xB5D9,
    0xB5D9, 0xADB8, 0xAD97, 0xA577, 0x9D35, 0x9D14, 0x94F4, 0x94F4,
    0x94F3, 0x94F4, 0x9D14, 0x9D14, 0x9D15, 0x9D15, 0x9D15, 0x94F4,
    0x94F5, 0x94F5, 0x9515, 0x9D35, 0x9D36, 0x9D56, 0x9D36, 0x94F5,
    0x8CB3, 0x7C51, 0x6BEF, 0x638D, 0x532A, 0x4AC7, 0x3A82, 0x3240,
    0x3220, 0x3220, 0x3220, 0x3220, 0x3240, 0x3A80, 0x4AC1, 0x5322,
    0x5342, 0x5B62, 0x5B82, 0x5B81, 0x5360, 0x5360, 0x5340, 0x5340,
    0x5340, 0x5360, 0x5361, 0x5B62, 0x5B63, 0x5343, 0x5322, 0x4AE1,
    0x42A0, 0x3A80, 0x3A60, 0x3260, 0x3260, 0x3260, 0x3A82, 0x42A3,
    0xD4E8, 0xDD06, 0xE505, 0xDCC6, 0xD467, 0xBBE9, 0xA3AB, 0x8B6E,
    0x6B32, 0x2B15, 0x0317, 0x0337, 0x0337, 0x1B76, 0x53D5, 0x7C34,
    0x9493, 0xACD2, 0xBCF1, 0xC510, 0xC50F, 0xBCAD, 0xA42B, 0x8B88,
    0x7306, 0x5A83, 0x4220, 0x3A20, 0x3220, 0x3220, 0x2A00, 0x2A20,
    0x2A20, 0x2A20, 0x2A20, 0x2A40, 0x3240, 0x3240, 0x3240, 0x3240,
    0x3260, 0x2A40, 0x2A40, 0x2A20, 0x2A40, 0x3240, 0x3A60, 0x4280,
    0x4AA1, 0x52E2, 0x6303, 0x6B24, 0x7365, 0x8387, 0x93C8, 0x9BE9,
    0xAC2A, 0xB44B, 0xBC8C, 0xC4AD, 0xC4AD, 0xC4AD, 0xC48C, 0xBC6B,
    0xBC4B, 0xBC2A, 0xBC0A, 0xBC2A, 0xC44A, 0xC46A, 0xC44A, 0xC44B,
    0xC48D, 0xC4B0, 0xBCF2, 0xBD54, 0xBD76, 0xBD97, 0xBDB8, 0xBDD9,
    0xBDD9, 0xBDF9, 0xBDF9, 0xBDF9, 0xBDF9, 0xBDF9, 0xBDF9, 0xBDF9,
    0xBDF9, 0xBDFA, 0xBDFA, 0xBDFA, 0xBDFA, 0xBE19, 0xF6B5, 0xFEB2,
    0xFE4F, 0xF508, 0xE404, 0xE426, 0xE488, 0xECEA, 0xED6C, 0xED6C,
    0xED6C, 0xE50A, 0xE4E9, 0xE509, 0xE4C9, 0xD405, 0xA220, 0x8160,
    0x6900, 0x7960, 0x7960, 0x7120, 0x7140, 0x7120, 0x6900, 0x60E0,
    0x50A0, 0x7120, 0x91A0, 0x91A0, 0x91C0, 0x8180, 0x7940, 0x7940,
    0x8980, 0x89A0, 0xB2C2, 0xDC46, 0xE4C9, 0xF56C, 0xED4B, 0xED4B,
    0xE466, 0xEC46, 0xEC87, 0xFE2F, 0xE656, 0xBE5C, 0xBE3B, 0xBE3B,
    0xBE1B, 0xBE1B, 0xBE1B, 0xBE1B, 0xBE1B, 0xBE1A, 0xBE1A, 0xBE1A,
    0xBDFA, 0xBDFA, 0xB5FA, 0xB61A, 0xB61A, 0xB61A, 0xBE1A, 0xB5FA,
    0xB5FA, 0xB5FA, 0xB5FA, 0xB5FA, 0xB5FA, 0xB5FA, 0xB5FA, 0xB5FA,
    0xB5FA, 0xB5FA, 0xB5FA, 0xB5FA, 0xB5FA, 0xB5D9, 0xB5D9, 0xADB9,
    0xAD98, 0xA577, 0xA556, 0x9D35, 0x94F4, 0x94D3, 0x94D3, 0x8CD2,
    0x8CD2, 0x94D3, 0x94F3, 0x94F4, 0x94F4, 0x94F4, 0x94F4, 0x94F4,
    0x94F5, 0x9515, 0x9D35, 0x9D56, 0xA557, 0xA578, 0xA578, 0x9D36,
    0x94D4, 0x7C72, 0x7410, 0x63AE, 0x534B, 0x4AE8, 0x3A85, 0x3240,
    0x3220, 0x3220, 0x2A20, 0x3220, 0x3240, 0x3A60, 0x42C0, 0x4B00,
    0x5340, 0x5360, 0x5B80, 0x5B80, 0x5380, 0x5380, 0x5360, 0x5360,
    0x5340, 0x5360, 0x5360, 0x5340, 0x5340, 0x4B20, 0x4AE0, 0x42C0,
    0x42A0, 0x3A80, 0x3A60, 0x3260, 0x3260, 0x3A60, 0x3A81, 0x42A3,
    0xD4E8, 0xE506, 0xE505, 0xDCC6, 0xD467, 0xBC09, 0xA3AC, 0x8B6E,
    0x6332, 0x2B15, 0x0317, 0x0337, 0x0337, 0x1B56, 0x53B5, 0x7C34,
    0x9493, 0xACD2, 0xBCF1, 0xC510, 0xC4EF, 0xBC8D, 0xA40B, 0x8B88,
    0x7306, 0x5A83, 0x4220, 0x3200, 0x3200, 0x3200, 0x2A00, 0x2A00,
    0x2A00, 0x2A00, 0x2A20, 0x2A20, 0x2A40, 0x2A40, 0x2A40, 0x2A40,
    0x2A40, 0x2A40, 0x2A20, 0x2A20, 0x2A20, 0x3240, 0x3260, 0x4280,
    0x4AC1, 0x52E2, 0x6304, 0x6B25, 0x7345, 0x8387, 0x93C8, 0x9BE9,
    0xAC2A, 0xB44B, 0xBC8C, 0xC4AD, 0xC4AD, 0xC4AD, 0xC48C, 0xBC6B,
    0xBC4B, 0xBC2A, 0xBC29, 0xBC2A, 0xC44A, 0xC44A, 0xC44A, 0xC44A,
    0xC48D, 0xC4D0, 0xBCF2, 0xBD54, 0xBD76, 0xBD97, 0xBDB8, 0xBDD9,
    0xBDD9, 0xBDF9, 0xBDF9, 0xBDF9, 0xBDF9, 0xBDF9, 0xBDF9, 0xBDF9,
    0xBDFA, 0xBDFA, 0xBDFA, 0xBDFA, 0xB5FA, 0xCE39, 0xFE51, 0xFE71,
    0xFE2F, 0xFDAC, 0xF56B, 0xF5CD, 0xF5CD, 0xF5CE, 0xF5AD, 0xF5AD,
    0xF5AD, 0xE509, 0xE4C8, 0xED2A, 0xE50A, 0xE4C9, 0xC343, 0x8980,
    0x8140, 0x7940, 0x7140, 0x8160, 0x8180, 0x8160, 0x7940, 0x7920,
    0x7100, 0x7120, 0x89C0, 0x91C0, 0x91C0, 0x89A0, 0x8160, 0x8980,
    0x8980, 0x99C0, 0xBAE2, 0xE4A8, 0xE4C9, 0xF58C, 0xED2B, 0xED2A,
    0xECA8, 0xF4C8, 0xF54A, 0xFE4F, 0xE677, 0xBE3C, 0xBE3B, 0xBE3B,
    0xBE3B, 0xBE3B, 0xBE1B, 0xBE1B, 0xBE1B, 0xBE1B, 0xBE1B, 0xBDFA,
    0xBDFA, 0xB5FA, 0xB5FA, 0xB5FA, 0xB61A, 0xB61B, 0xB5FB, 0xB5FA,
    0xB5FA, 0xB5FA, 0xB5FA, 0xB5FA, 0xB5FA, 0xB5FA, 0xB5FA, 0xB5FA,
    0xB5FA, 0xB5FA, 0xB5FA, 0xB5DA, 0xB5DA, 0xADD9, 0xADB8, 0xA578,
    0xA577, 0x9D56, 0x9D15, 0x94F4, 0x8CD3, 0x8CB2, 0x8CB2, 0x8492,
    0x84B2, 0x8CB2, 0x8CD3, 0x8CD3, 0x8CF4, 0x94F5, 0x94F5, 0x94F5,
    0x9536, 0x9D36, 0xA557, 0xA577, 0xA578, 0xAD98, 0xADB8, 0xA577,
    0x94F5, 0x8493, 0x7430, 0x63AE, 0x534C, 0x4AE9, 0x3A86, 0x3261,
    0x3240, 0x2A20, 0x2A20, 0x3220, 0x3260, 0x3A80, 0x42C0, 0x4B00,
    0x4B40, 0x5360, 0x5B80, 0x5BA0, 0x5BA0, 0x5380, 0x5360, 0x5360,
    0x5360, 0x5360, 0x5360, 0x5340, 0x4B20, 0x4B00, 0x42E0, 0x42C0,
    0x3AA0, 0x3A80, 0x3A80, 0x3A60, 0x3A60, 0x3A81, 0x3AA2, 0x42C4,
    0xD4E8, 0xE506, 0xE505, 0xDCC6, 0xD467, 0xBC09, 0xA3AC, 0x834F,
    0x6332, 0x2315, 0x0317, 0x0337, 0x0337, 0x1B56, 0x53B5, 0x7C34,
    0x9473, 0xACD2, 0xBCF1, 0xC4F0, 0xC4EF, 0xBC8D, 0xA40B, 0x9388,
    0x7B06, 0x6283, 0x4A20, 0x3A00, 0x31E0, 0x29E0, 0x29C0, 0x29E0,
    0x2A00, 0x2A00, 0x2A00, 0x2A20, 0x2A40, 0x2A40, 0x2A40, 0x2A40,
    0x2A40, 0x2A20, 0x2A20, 0x2A00, 0x2A20, 0x2A40, 0x3A60, 0x42A0,
    0x4AC1, 0x5AE3, 0x6304, 0x7325, 0x7B46, 0x8387, 0x93C8, 0x9BEA,
    0xAC2A, 0xB44B, 0xBC8C, 0xC4AD, 0xC4AD, 0xC4AD, 0xC48C, 0xBC6B,
    0xBC4B, 0xBC2A, 0xBC29, 0xBC2A, 0xC44A, 0xC44A, 0xC44A, 0xC44B,
    0xC48D, 0xC4D0, 0xBD12, 0xBD54, 0xBD76, 0xBD97, 0xBDB8, 0xBDD9,
    0xBDF9, 0xBDF9, 0xBDF9, 0xBDF9, 0xBDF9, 0xBDF9, 0xBDF9, 0xBDFA,
    0xBDFA, 0xBDFA, 0xBDFA, 0xBDFA, 0xB5FA, 0xCDF7, 0xF4A8, 0xFDCD,
    0xFE0E, 0xF5CD, 0xFDEE, 0xF5CE, 0xF5EE, 0xF5CE, 0xF5CD, 0xF5AD,
    0xF5AD, 0xED09, 0xE4C9, 0xED4B, 0xED2A, 0xE4C9, 0xD406, 0xBB23,
    0xBAE2, 0x9A00, 0x91E0, 0x99C0, 0x89A0, 0x7960, 0x8180, 0x8180,
    0x8980, 0x89A0, 0x8180, 0x7940, 0x7140, 0x89A0, 0x91C0, 0x91A0,
    0x91C0, 0xBA80, 0xD3E5, 0xE4E9, 0xE50A, 0xED2A, 0xDCC9, 0xCBC6,
    0xE467, 0xEC67, 0xFD8B, 0xFE4F, 0xEE34, 0xBE1C, 0xBE3B, 0xBE1B,
    0xBE3B, 0xBE3B, 0xBE1B, 0xBE1B, 0xBE1B, 0xBE1B, 0xBDFB, 0xB5FA,
    0xB5FA, 0xB5FA, 0xB61A, 0xB5FA, 0xB5FA, 0xB5FB, 0xB61B, 0xB5FB,
    0xB5FB, 0xB5FA, 0xB5FA, 0xB5FA, 0xB5FA, 0xB5FA, 0xB5FA, 0xB5FA,
    0xB5FA, 0xB5FA, 0xB5FA, 0xB5DA, 0xB5D9, 0xADB8, 0xA577, 0x9D56,
    0x9D36, 0x9515, 0x94F4, 0x8CB3, 0x8492, 0x8491, 0x8491, 0x8491,
    0x8491, 0x8492, 0x8CD3, 0x8CF4, 0x9515, 0x9515, 0x9515, 0x9515,
    0x9D36, 0x9D57, 0xA578, 0xA578, 0xA598, 0xADB8, 0xADB8, 0xA577,
    0x9515, 0x8493, 0x7431, 0x63CE, 0x534C, 0x4AE9, 0x42A7, 0x3A63,
    0x3240, 0x2A20, 0x2A20, 0x3240, 0x3260, 0x3AA0, 0x42E0, 0x4B20,
    0x5340, 0x5380, 0x5BA0, 0x5BA0, 0x5BA0, 0x5B80, 0x5380, 0x5380,
    0x5360, 0x5360, 0x5360, 0x4B40, 0x4B20, 0x4B00, 0x42C0, 0x42A0,
    0x3AA0, 0x3AA0, 0x3A80, 0x3A80, 0x3A81, 0x3AA2, 0x42A3, 0x42E5,
    0xD4E8, 0xE506, 0xE506, 0xDCA6, 0xD467, 0xBBE9, 0xA3AC, 0x834F,
    0x6312, 0x22F5, 0x0317, 0x0337, 0x0337, 0x1B56, 0x53B5, 0x7C34,
    0x9473, 0xACD2, 0xBCF1, 0xC4EF, 0xC4EF, 0xBC8D, 0xAC2B, 0x9B89,
    0x8306, 0x6A83, 0x5241, 0x4A20, 0x3A00, 0x29C0, 0x29A0, 0x29C0,
    0x29E0, 0x29E0, 0x29E0, 0x2A00, 0x2A20, 0x2A40, 0x2A40, 0x2A20,
    0x2A20, 0x2A00, 0x2A00, 0x2A00, 0x2A20, 0x3240, 0x3A80, 0x4AA1,
    0x52C2, 0x62E4, 0x6B25, 0x7325, 0x7B47, 0x8B88, 0x93C9, 0xA3EA,
    0xAC2A, 0xB46B, 0xBC8C, 0xC4AD, 0xC4AD, 0xC4AD, 0xC48C, 0xBC4B,
    0xBC2A, 0xBC2A, 0xBC2A, 0xBC29, 0xC44A, 0xC46A, 0xC44A, 0xC46B,
    0xC48D, 0xC4D0, 0xBD12, 0xC554, 0xBD76, 0xBD97, 0xBDB8, 0xBDD9,
    0xBDF9, 0xBDF9, 0xBDF9, 0xBDF9, 0xBDF9, 0xBDF9, 0xBDF9, 0xBDF9,
    0xBDFA, 0xBDFA, 0xBDFA, 0xBDFA, 0xB5FB, 0xCD94, 0xEBE5, 0xF52B,
    0xFDED, 0xFDEE, 0xFE0F, 0xFDEE, 0xFE0F, 0xF5AC, 0xF58C, 0xF58C,
    0xF58C, 0xED09, 0xED2A, 0xED2A, 0xED6B, 0xE4C8, 0xDC67, 0xD447,
    0xD406, 0xD405, 0xCBA4, 0xBAE2, 0xA240, 0x89C0, 0x89C0, 0x8980,
    0x89A0, 0x89A0, 0x91C0, 0x91C0, 0x7940, 0x8180, 0x91A0, 0x99E0,
    0xA200, 0xCBA3, 0xE4C8, 0xE50A, 0xED4B, 0xDC88, 0xCBE6, 0xA242,
    0xBAA2, 0xDB84, 0xECA8, 0xFE4F, 0xF5D0, 0xBDDA, 0xBE1B, 0xBE1B,
    0xBE1B, 0xBE1B, 0xBE1B, 0xBE1B, 0xBE1B, 0xB61B, 0xB5FB, 0xB5FA,
    0xB5FA, 0xB5FA, 0xB5FA, 0xB5FA, 0xB5FA, 0xB5FA, 0xB5FB, 0xB5FA,
    0xB5FB, 0xB5FA, 0xB5FA, 0xB5FA, 0xB5FA, 0xB5FA, 0xB5FA, 0xB5FA,
    0xB5FA, 0xB5FA, 0xB5DA, 0xADD9, 0xADB9, 0xA598, 0x9D57, 0x9D36,
    0x9515, 0x8CF4, 0x8CB3, 0x8492, 0x7C71, 0x7C70, 0x8470, 0x8470,
    0x8491, 0x84B2, 0x8CD3, 0x8CF4, 0x9515, 0x9515, 0x9515, 0x9516,
    0x9D36, 0x9D57, 0xA578, 0xA578, 0xA598, 0xA598, 0xAD98, 0xA577,
    0x9516, 0x8CB4, 0x7C72, 0x6BF0, 0x5B8D, 0x532B, 0x42A8, 0x3A63,
    0x3240, 0x2A20, 0x2A20, 0x3240, 0x3A80, 0x42C0, 0x4300, 0x4B20,
    0x5360, 0x5BA0, 0x5BC0, 0x5BC0, 0x5BA0, 0x5B80, 0x5B80, 0x5B80,
    0x5380, 0x5360, 0x5360, 0x4B40, 0x4B00, 0x4AE0, 0x42C0, 0x42A0,
    0x3AA0, 0x3AA0, 0x3AA0, 0x42A1, 0x42A2, 0x42C3, 0x42C4, 0x4AE6,
    0xD509, 0xDD07, 0xDCE6, 0xDCA6, 0xCC47, 0xBBE9, 0xA38C, 0x834F,
    0x5B12, 0x1AF5, 0x0317, 0x0337, 0x0317, 0x1B56, 0x5BB5, 0x8434,
    0x9C93, 0xACB1, 0xBCD1, 0xC4EF, 0xC4EF, 0xBCAD, 0xB44B, 0xA3C9,
    0x8B27, 0x72A4, 0x6262, 0x5221, 0x4200, 0x31C0, 0x21A0, 0x21A0,
    0x21A0, 0x29C0, 0x21C0, 0x29E0, 0x2A00, 0x2A20, 0x2A20, 0x2A20,
    0x2A00, 0x21E0, 0x21E0, 0x2A00, 0x2A20, 0x3240, 0x4280, 0x4AC2,
    0x5AE3, 0x6B04, 0x7325, 0x7B46, 0x8347, 0x8B88, 0x9BC9, 0xA40A,
    0xAC2B, 0xB44B, 0xC48C, 0xC4AD, 0xC4CD, 0xC4AD, 0xC46C, 0xBC4B,
    0xBC2A, 0xBC2A, 0xBC29, 0xC429, 0xC44A, 0xCC6A, 0xC46A, 0xC46B,
    0xC48D, 0xC4B0, 0xBCF2, 0xBD34, 0xBD76, 0xBD97, 0xBDB8, 0xBDD9,
    0xBDF9, 0xBDF9, 0xBDF9, 0xBDF9, 0xBDF9, 0xBDF9, 0xBDF9, 0xBDF9,
    0xBDF9, 0xBDF9, 0xBDF9, 0xBDF9, 0xBE1B, 0xD531, 0xF446, 0xF50A,
    0xF54A, 0xFDCE, 0xFE30, 0xFE0F, 0xFE0F, 0xF5CD, 0xF56B, 0xF56B,
    0xF58C, 0xE4E9, 0xED4B, 0xED2A, 0xE50A, 0xE4C8, 0xE4A8, 0xDC47,
    0xDC67, 0xDCA8, 0xDC87, 0xD426, 0xCBC5, 0xBB22, 0xB2A1, 0xA1E0,
    0x91A0, 0x91A0, 0x8980, 0x99C0, 0x8980, 0x8160, 0x7940, 0x89A0,
    0xAA20, 0xDC05, 0xE4C8, 0xED4B, 0xF5AD, 0xCC07, 0xAA41, 0xAA82,
    0xAA21, 0xD323, 0xE406, 0xFD8B, 0xF612, 0xBDFB, 0xBE1B, 0xBE1B,
    0xBE1B, 0xBE1B, 0xBE1B, 0xB61B, 0xB5FB, 0xB5FB, 0xB5FB, 0xB5FB,
    0xB5FA, 0xB5FA, 0xB5FB, 0xB5FB, 0xB5FA, 0xB5FA, 0xB5FB, 0xB5FA,
    0xB5FA, 0xB5FA, 0xB5FA, 0xB5FA, 0xB5FA, 0xB5FA, 0xB5FA, 0xB5FA,
    0xB5FA, 0xB5FA, 0xADDA, 0xADB9, 0xAD98, 0xA578, 0x9D57, 0x9536,
    0x94F5, 0x8CD3, 0x8492, 0x8491, 0x7C71, 0x7C70, 0x7C70, 0x8471,
    0x8492, 0x84B3, 0x8CD4, 0x8CF4, 0x8CF5, 0x8CF5, 0x9515, 0x9516,
    0x9536, 0x9D36, 0x9D37, 0x9D57, 0xA577, 0xA578, 0xA578, 0xA578,
    0x9537, 0x8CF5, 0x8493, 0x7431, 0x6BCF, 0x5B6D, 0x4B09, 0x3A85,
    0x3241, 0x3240, 0x3240, 0x3260, 0x3AA0, 0x42E0, 0x4B20, 0x5340,
    0x5380, 0x5BA0, 0x5BC0, 0x5BC0, 0x5BA0, 0x5B80, 0x5B80, 0x5BA0,
    0x5B80, 0x5380, 0x5360, 0x4B20, 0x4B00, 0x42E0, 0x42C0, 0x42A0,
    0x3AA0, 0x3AA0, 0x42C1, 0x42C2, 0x42C3, 0x42E4, 0x4AE5, 0x4B06,
    0xD509, 0xDD07, 0xE4E6, 0xDCA6, 0xCC47, 0xBBE9, 0xA38C, 0x832F,
    0x5AF2, 0x1AF5, 0x0317, 0x0337, 0x0337, 0x1B56, 0x5BB5, 0x8434,
    0x9C72, 0xACB1, 0xBCD0, 0xC4EF, 0xCCEF, 0xC4AD, 0xB44B, 0xA3C9,
    0x9347, 0x7AC4, 0x6A83, 0x5A63, 0x5242, 0x4221, 0x3A01, 0x3A02,
    0x3A02, 0x3A22, 0x3A43, 0x4263, 0x4284, 0x42A4, 0x42A4, 0x4283,
    0x3A63, 0x3A43, 0x3A42, 0x3A42, 0x3A62, 0x42A2, 0x4AC3, 0x5AE4,
    0x6304, 0x6B25, 0x7B26, 0x7B47, 0x8367, 0x9388, 0x9BC9, 0xAC0A,
    0xB42B, 0xBC6C, 0xC48C, 0xC4AD, 0xC4AD, 0xC4AD, 0xBC6C, 0xBC4B,
    0xBC2A, 0xBC2A, 0xBC2A, 0xC429, 0xC44A, 0xCC6A, 0xCC6A, 0xC44A,
    0xC48D, 0xC4B0, 0xBCF2, 0xBD34, 0xBD76, 0xBD97, 0xBDB8, 0xBDD9,
    0xBDF9, 0xBDF9, 0xBDD9, 0xBDD9, 0xBDD9, 0xBDD9, 0xBDF9, 0xBDF9,
    0xBDF9, 0xBDF9, 0xBDF9, 0xBDF9, 0xB61B, 0xDD50, 0xFCA8, 0xE447,
    0xEC88, 0xED4B, 0xFE2F, 0xFE0F, 0xFE2F, 0xF5CD, 0xED2A, 0xE488,
    0xD3A5, 0xC2E3, 0xCB64, 0xDC67, 0xED0A, 0xED0A, 0xE4A8, 0xDC67,
    0xDC88, 0xDCA8, 0xDC87, 0xDC87, 0xE4A8, 0xDC66, 0xDC67, 0xCB83,
    0xA200, 0x91A0, 0x91A0, 0x91C0, 0x8980, 0x8980, 0x8160, 0x8980,
    0x99E0, 0xD405, 0xED2A, 0xED6B, 0xED8C, 0xDC89, 0xA201, 0xB261,
    0xB261, 0xCAE2, 0xE3A4, 0xF4A7, 0xFD8D, 0xC61B, 0xBE3C, 0xBE1B,
    0xBE1B, 0xB61B, 0xB61B, 0xB61B, 0xB61B, 0xB61B, 0xB5FB, 0xB5FB,
    0xB5FB, 0xB5FA, 0xB5FB, 0xB5FB, 0xB5FA, 0xB5FA, 0xB5FA, 0xB5FA,
    0xB5FA, 0xB5FA, 0xB5FA, 0xB5FA, 0xB5FA, 0xB5FA, 0xB5FA, 0xB5FA,
    0xB5DA, 0xB5DA, 0xADDA, 0xADB9, 0xA598, 0xA577, 0x9D57, 0x9536,
    0x94F5, 0x84B3, 0x7C92, 0x8491, 0x8491, 0x7C91, 0x7C71, 0x8492,
    0x84B3, 0x84D4, 0x8CD4, 0x8CD4, 0x8CD4, 0x8CD4, 0x8CD4, 0x8CF5,
    0x8CF5, 0x94F5, 0x9516, 0x9536, 0x9D57, 0x9D57, 0xA578, 0xA578,
    0x9D57, 0x94F6, 0x84B4, 0x7C73, 0x7411, 0x63AE, 0x532B, 0x42C7,
    0x3A84, 0x3A63, 0x3A60, 0x3A80, 0x3AA0, 0x42E0, 0x4B20, 0x5360,
    0x5BA0, 0x5BC0, 0x5BC0, 0x5BC0, 0x5BA0, 0x5380, 0x5BA0, 0x5BA0,
    0x5380, 0x5360, 0x4B40, 0x4B20, 0x4AE0, 0x42C0, 0x42A0, 0x3A80,
    0x3A80, 0x3AA0, 0x42A1, 0x42C2, 0x42E3, 0x4AE5, 0x4B05, 0x4B06,
    0xD4E9, 0xDD07, 0xE506, 0xDCA6, 0xCC47, 0xBBE9, 0xA38C, 0x7B2F,
    0x5312, 0x12F5, 0x0317, 0x0337, 0x0337, 0x2356, 0x5BB5, 0x8413,
    0x9C72, 0xACB1, 0xBCD0, 0xC50F, 0xCD0F, 0xC4AD, 0xB44B, 0xA3C9,
    0x9348, 0x82E5, 0x7AC5, 0x72A4, 0x6AA5, 0x5A85, 0x5A85, 0x5AA6,
    0x5AC7, 0x5AE8, 0x6308, 0x6329, 0x6B49, 0x6B6A, 0x6B69, 0x6B6A,
    0x6B69, 0x6349, 0x6329, 0x6328, 0x6328, 0x6348, 0x6B27, 0x6B27,
    0x7327, 0x7B27, 0x7B27, 0x8368, 0x8B68, 0x93A9, 0xA3EA, 0xAC0B,
    0xB44B, 0xBC6C, 0xC48C, 0xC4AD, 0xC4AD, 0xC4AD, 0xC48C, 0xBC4B,
    0xBC2A, 0xBC2A, 0xBC29, 0xC429, 0xC44A, 0xCC6A, 0xCC6A, 0xC44B,
    0xC48D, 0xC4AF, 0xBCF2, 0xBD34, 0xBD76, 0xBD97, 0xBDB8, 0xBDD9,
    0xBDD9, 0xBDD9, 0xBDD9, 0xBDD9, 0xBDD9, 0xBDD9, 0xBDF9, 0xBDF9,
    0xBDF9, 0xBDF9, 0xBDFA, 0xBDF9, 0xBE1A, 0xE570, 0xFCE9, 0xDBE6,
    0xCB24, 0xF5AE, 0xFE50, 0xFE30, 0xFE0E, 0xE4A8, 0xC302, 0xBAC2,
    0xBA60, 0xAA00, 0xA1E0, 0xAA61, 0xC385, 0xDC88, 0xED0A, 0xE4C9,
    0xDCA8, 0xDC67, 0xE4A8, 0xE4A8, 0xE4A8, 0xDCA8, 0xE4A8, 0xE488,
    0xCB83, 0xA1E0, 0x91A0, 0x91C0, 0x99C0, 0x91C0, 0x91C0, 0xA1E0,
    0xAA60, 0xDC46, 0xED4B, 0xED6C, 0xED8C, 0xDCCA, 0xAA62, 0xA1E0,
    0xCAE2, 0xD323, 0xDB84, 0xF466, 0xFCA7, 0xCDB6, 0xB63C, 0xBE1B,
    0xB61B, 0xB61B, 0xB61B, 0xB61B, 0xB5FB, 0xB61B, 0xB5FB, 0xB5FB,
    0xB5FB, 0xB5FA, 0xB5FA, 0xB5FB, 0xB5FA, 0xB5FB, 0xB5FA, 0xB5FA,
    0xB5FA, 0xB5FA, 0xB5FA, 0xB5FA, 0xB5FA, 0xB5FA, 0xB5FA, 0xB5DA,
    0xB5DA, 0xADDA, 0xADB9, 0xADB9, 0xA598, 0x9D77, 0x9D57, 0x9536,
    0x9515, 0x8CD4, 0x84B2, 0x84B2, 0x84B2, 0x84B3, 0x84B3, 0x84D3,
    0x84D4, 0x84D4, 0x84D4, 0x84B4, 0x84B3, 0x7C93, 0x7C93, 0x8493,
    0x8493, 0x84B4, 0x8CD4, 0x8CF5, 0x9536, 0x9537, 0x9D57, 0x9D58,
    0x9D57, 0x9516, 0x8CD5, 0x8473, 0x7431, 0x63CF, 0x534C, 0x4AE9,
    0x42C6, 0x42C6, 0x42A4, 0x42A0, 0x42C0, 0x42E0, 0x4B20, 0x5380,
    0x5BA0, 0x5BC0, 0x5BC0, 0x5BA0, 0x5BA0, 0x53A0, 0x5BA0, 0x5380,
    0x5360, 0x5340, 0x4B20, 0x4B00, 0x42C0, 0x42A0, 0x3A80, 0x3A80,
    0x3A60, 0x3A80, 0x3AA1, 0x42C3, 0x42E4, 0x4AE5, 0x4B06, 0x4B06,
    0xD509, 0xDD07, 0xE506, 0xDCA6, 0xCC47, 0xBBE9, 0x9B8C, 0x7B2F,
    0x5312, 0x12F6, 0x0317, 0x0337, 0x0337, 0x2356, 0x5BB5, 0x8413,
    0x9C72, 0xB4B1, 0xBCD0, 0xCD0F, 0xCD0F, 0xC4AD, 0xBC4B, 0xABC9,
    0x9B68, 0x9326, 0x8B06, 0x8306, 0x7B07, 0x7308, 0x7308, 0x7329,
    0x7B6B, 0x83AB, 0x83CC, 0x8BED, 0x8C2D, 0x942D, 0x942D, 0x942D,
    0x942D, 0x8C2D, 0x8C0D, 0x8C0D, 0x840C, 0x83CB, 0x83AA, 0x8389,
    0x8389, 0x8368, 0x8348, 0x8B68, 0x9368, 0x9BA9, 0xA3EA, 0xAC2B,
    0xB44B, 0xBC6C, 0xC4AC, 0xC4AD, 0xCCAD, 0xC4AD, 0xC48C, 0xBC4B,
    0xBC2A, 0xBC2A, 0xBC29, 0xC429, 0xCC4A, 0xCC6A, 0xCC6A, 0xC44A,
    0xC48C, 0xC4AF, 0xBCF2, 0xBD34, 0xBD76, 0xBD97, 0xBDB8, 0xBDD9,
    0xBDD9, 0xBDD9, 0xBDD9, 0xBDD9, 0xBDD9, 0xBDD9, 0xBDF9, 0xBDF9,
    0xBDF9, 0xBDF9, 0xBDF9, 0xBDF9, 0xBDFA, 0xECEC, 0xFCE9, 0xE3E6,
    0xDBE6, 0xFDEF, 0xFE30, 0xFE50, 0xEC87, 0xBAA1, 0xAA20, 0xBA60,
    0xBA81, 0xA1E0, 0x91A0, 0x91A0, 0x99C0, 0xB2A2, 0xDC26, 0xE4A8,
    0xE50A, 0xDC87, 0xE4C8, 0xE4C8, 0xE4E9, 0xE4A8, 0xE4C8, 0xE4A8,
    0xDC47, 0xCB84, 0xAA20, 0x99A0, 0x99C0, 0xA200, 0xAA00, 0xB280,
    0xDC25, 0xE4E9, 0xE509, 0xED4B, 0xED6C, 0xCC28, 0xAA82, 0xAA20,
    0xB241, 0xCAE2, 0xCB03, 0xE406, 0xFCE8, 0xCD95, 0xB63D, 0xB61B,
    0xB61B, 0xB61B, 0xB61B, 0xB61B, 0xB5FB, 0xB5FB, 0xB5FB, 0xB5FB,
    0xB5FB, 0xB5FB, 0xADDA, 0xADDB, 0xADFA, 0xADFA, 0xADDA, 0xADDA,
    0xADDA, 0xADDA, 0xADDA, 0xADDA, 0xB5FA, 0xB5FA, 0xB5DA, 0xB5DA,
    0xADDA, 0xADDA, 0xADB9, 0xA5B9, 0xA598, 0x9D78, 0x9D57, 0x9D57,
    0x9516, 0x8CF5, 0x8CD4, 0x8CF4, 0x9515, 0x9515, 0x9515, 0x9515,
    0x8CF5, 0x84D4, 0x84B4, 0x7C93, 0x7472, 0x7451, 0x7451, 0x7431,
    0x7451, 0x7C72, 0x8493, 0x84D4, 0x8CF5, 0x9516, 0x9537, 0x9D57,
    0x9D57, 0x9516, 0x8CD5, 0x8473, 0x7432, 0x63CF, 0x5B6C, 0x5329,
    0x4B08, 0x4B07, 0x4AE6, 0x42C3, 0x42E0, 0x4B00, 0x5340, 0x5380,
    0x5BA0, 0x5BC0, 0x5BC0, 0x5BA0, 0x5BA0, 0x5BA0, 0x5BA0, 0x5380,
    0x5360, 0x4B20, 0x4B00, 0x42E0, 0x42A0, 0x3A80, 0x3A60, 0x3240,
    0x3A60, 0x3A60, 0x3A81, 0x3AA3, 0x42C4, 0x4AE5, 0x4AE5, 0x4AE6,
    0xD509, 0xDD07, 0xE4E6, 0xDCA6, 0xD447, 0xBBE9, 0x9B6C, 0x7B2F,
    0x52F2, 0x0AF6, 0x0317, 0x0317, 0x0317, 0x2356, 0x5BB5, 0x8413,
    0x9C52, 0xB4B1, 0xBCD0, 0xCCEF, 0xCCEE, 0xC4AD, 0xBC4B, 0xB3EA,
    0xABA8, 0x9B67, 0x9347, 0x9348, 0x8B69, 0x8B6A, 0x8B8B, 0x8BCD,
    0x940E, 0x9C4E, 0xA46F, 0xA4B0, 0xACD0, 0xACF1, 0xACF1, 0xACF1,
    0xACF1, 0xACD1, 0xA4D0, 0xA4B0, 0xA48F, 0x9C4E, 0x9C2C, 0x93EB,
    0x93CA, 0x9389, 0x9369, 0x9368, 0x9389, 0x9BA9, 0xA3EA, 0xB40B,
    0xBC4B, 0xBC6C, 0xC4AC, 0xCCAD, 0xC4AD, 0xC4AC, 0xC48C, 0xBC4B,
    0xBC2A, 0xBC29, 0xBC29, 0xC429, 0xCC49, 0xCC6A, 0xCC6A, 0xC46A,
    0xC46C, 0xC4AF, 0xBCF2, 0xBD34, 0xBD56, 0xBD97, 0xBDB8, 0xBDD9,
    0xBDD9, 0xBDD9, 0xBDD9, 0xBDD9, 0xBDD9, 0xBDD9, 0xBDF9, 0xBDF9,
    0xBDF9, 0xBDF9, 0xBDF9, 0xBDFA, 0xBDD8, 0xECAA, 0xFCC8, 0xE3A5,
    0xDB64, 0xF5CF, 0xFEB2, 0xF5AD, 0xCB02, 0xAA21, 0xA1E0, 0xB240,
    0xB240, 0x99C0, 0x91A0, 0x91A0, 0x91C0, 0xAA40, 0xB260, 0xC302,
    0xD406, 0xE4A8, 0xE4C8, 0xE509, 0xE509, 0xE4E9, 0xE4E9, 0xE4C9,
    0xE4C9, 0xE4A8, 0xD3A4, 0xBB02, 0xAA20, 0xC2C1, 0xD3C4, 0xDC05,
    0xECE9, 0xED4B, 0xED2B, 0xED6C, 0xE52B, 0xBB24, 0x91C0, 0xAA41,
    0xB241, 0xBAA2, 0xC2E2, 0xDBA5, 0xFD09, 0xD5B7, 0xB63D, 0xB61B,
    0xB61C, 0xB61B, 0xB61B, 0xB5FB, 0xB5FB, 0xB5FB, 0xB5FB, 0xB5FB,
    0xB5FB, 0xADFB, 0xADDA, 0xADDA, 0xADDA, 0xADDA, 0xADDA, 0xADDA,
    0xADDA, 0xADDA, 0xADDA, 0xADDA, 0xADDA, 0xADDA, 0xADDA, 0xADDA,
    0xADDA, 0xADDA, 0xADB9, 0xA5B9, 0xA598, 0xA578, 0x9D78, 0x9D77,
    0x9D57, 0x9536, 0x9D36, 0x9D56, 0x9D57, 0xA557, 0x9D57, 0x9536,
    0x8CF5, 0x84B4, 0x7C93, 0x7451, 0x7410, 0x6BEF, 0x63EF, 0x63CE,
    0x63EF, 0x6C31, 0x7473, 0x7C94, 0x84B4, 0x8CF5, 0x8D16, 0x9516,
    0x9516, 0x8CF6, 0x84B4, 0x7C73, 0x7432, 0x6BCF, 0x5B6C, 0x534A,
    0x5329, 0x5329, 0x5308, 0x4B05, 0x4B03, 0x4B20, 0x5340, 0x5B80,
    0x5BA0, 0x5BA0, 0x5BA0, 0x5BA0, 0x5BA0, 0x5BA0, 0x5380, 0x5360,
    0x5340, 0x4B20, 0x42E0, 0x42A0, 0x3A80, 0x3260, 0x3240, 0x3240,
    0x3240, 0x3241, 0x3261, 0x3A82, 0x42A4, 0x42C4, 0x42C5, 0x42C6,
    0xD4E9, 0xDD08, 0xDCE6, 0xDC86, 0xCC47, 0xB3C9, 0x934C, 0x730F,
    0x4AF2, 0x0AF6, 0x0317, 0x0317, 0x0317, 0x2B56, 0x5BB5, 0x8413,
    0x9C72, 0xB4B0, 0xC4CF, 0xCCEF, 0xCCEE, 0xC4AC, 0xBC4B, 0xB3EA,
    0xABA8, 0xA367, 0xA388, 0xA389, 0x9BCB, 0x9BEC, 0xA42E, 0xA44F,
    0xAC90, 0xB4D1, 0xB4F2, 0xBD32, 0xBD53, 0xBD73, 0xBD74, 0xBD73,
    0xBD73, 0xBD53, 0xBD32, 0xB532, 0xB4F1, 0xACB0, 0xA46E, 0xA44D,
    0x9C0C, 0x9BAA, 0x9389, 0x9389, 0x9B89, 0xA3A9, 0xABEA, 0xB42B,
    0xBC4B, 0xC48C, 0xC48C, 0xCCAD, 0xC4AC, 0xC48C, 0xC48C, 0xBC4B,
    0xBC2A, 0xBC2A, 0xBC29, 0xC429, 0xCC49, 0xCC6A, 0xCC4A, 0xC44A,
    0xC46C, 0xC4AF, 0xBCF2, 0xBD34, 0xBD56, 0xBD97, 0xBDB8, 0xBDD9,
    0xBDD9, 0xBDD9, 0xBDD9, 0xBDD9, 0xBDD9, 0xBDD9, 0xBDD9, 0xBDD9,
    0xBDF9, 0xBDF9, 0xBDF9, 0xBDFA, 0xC5F9, 0xF50C, 0xFD09, 0xE3C5,
    0xE489, 0xFEB4, 0xFEB3, 0xED0A, 0xBAA1, 0xA1E0, 0xAA41, 0xB281,
    0xAA20, 0x89A0, 0x89A0, 0xA200, 0xA200, 0x99C0, 0xA200, 0xB240,
    0xAA20, 0xBB03, 0xDC87, 0xE4E9, 0xE4E9, 0xE4E9, 0xE4E9, 0xE4E9,
    0xE4E9, 0xE4E9, 0xE4E9, 0xE4A8, 0xCBC4, 0xDC87, 0xED0A, 0xED09,
    0xED2A, 0xF56C, 0xF58C, 0xF58C, 0xE52B, 0xBB03, 0xA200, 0xA221,
    0xBA82, 0xC303, 0xD344, 0xE406, 0xFCE8, 0xE551, 0xB61D, 0xB61B,
    0xB61B, 0xB61C, 0xB61B, 0xB5FB, 0xB5FB, 0xB5FB, 0xB5FB, 0xB5FB,
    0xB5FB, 0xADDB, 0xADDB, 0xADDA, 0xADDA, 0xADDA, 0xADDA, 0xADDA,
    0xADDA, 0xADDA, 0xADDA, 0xADDA, 0xADBA, 0xADDA, 0xADDA, 0xADDA,
    0xADDA, 0xADBA, 0xADBA, 0xA5B9, 0xA599, 0xA599, 0xA598, 0xA578,
    0x9D77, 0x9D77, 0xA577, 0xA598, 0xA598, 0xA598, 0xA578, 0x9D57,
    0x9515, 0x84B4, 0x7C72, 0x7430, 0x63EF, 0x63AD, 0x5B8B, 0x5B6B,
    0x5BAD, 0x63EF, 0x6C32, 0x7473, 0x7C94, 0x84B4, 0x84D5, 0x84D5,
    0x84B4, 0x84B4, 0x8494, 0x7C52, 0x6C11, 0x63CF, 0x5B6C, 0x532A,
    0x5329, 0x5329, 0x5328, 0x4B05, 0x4B04, 0x5341, 0x5340, 0x5380,
    0x5B80, 0x5BA0, 0x5BA0, 0x5BA0, 0x5BA0, 0x5380, 0x5360, 0x5340,
    0x4B20, 0x4300, 0x42C0, 0x3A80, 0x3240, 0x3220, 0x3220, 0x3220,
    0x3220, 0x3240, 0x3240, 0x3A41, 0x3A63, 0x3A84, 0x3AA4, 0x42A5,
    0xD4EA, 0xDCE8, 0xDCE6, 0xD486, 0xCC27, 0xB3A9, 0x934C, 0x6AEF,
    0x42D2, 0x0AF6, 0x0317, 0x0317, 0x0317, 0x2B56, 0x5BB4, 0x8413,
    0xA471, 0xB4B0, 0xC4CF, 0xCCEE, 0xCCCD, 0xC48C, 0xBC2A, 0xB3E9,
    0xB3A8, 0xAB88, 0xABA9, 0xABCA, 0xAC0C, 0xAC4E, 0xAC8F, 0xB4D0,
    0xBD12, 0xBD53, 0xC574, 0xC594, 0xCDB5, 0xCDD5, 0xCDD5, 0xCDF5,
    0xCDD5, 0xCDB5, 0xC5B4, 0xC594, 0xBD53, 0xBD11, 0xB4D0, 0xAC6E,
    0xA42C, 0xA3CB, 0x9BAA, 0x9B89, 0x9B89, 0xA3A9, 0xABEA, 0xB42B,
    0xBC6C, 0xC48C, 0xC4AC, 0xCCAD, 0xC4AC, 0xC48C, 0xC46C, 0xBC4B,
    0xBC2A, 0xBC29, 0xBC29, 0xC429, 0xCC49, 0xCC4A, 0xCC4A, 0xCC4A,
    0xC46C, 0xC4AF, 0xBCD2, 0xBD34, 0xBD56, 0xBD97, 0xBDB8, 0xBDD8,
    0xBDD9, 0xBDD9, 0xBDD9, 0xBDD9, 0xBDD9, 0xBDD9, 0xBDD9, 0xBDD9,
    0xBDD9, 0xBDF9, 0xBDF9, 0xBDFA, 0xC5F8, 0xFD4B, 0xFD2A, 0xE3E6,
    0xF5AE, 0xFED3, 0xFE91, 0xECA8, 0xC2C1, 0xB241, 0xBAA1, 0xB261,
    0x99C0, 0x91A0, 0x8980, 0xA1E0, 0xAA20, 0x91C0, 0xAA00, 0xAA20,
    0xA1E0, 0xA200, 0xC302, 0xD426, 0xDC67, 0xE50A, 0xED2A, 0xED09,
    0xED0A, 0xED0A, 0xE509, 0xE4E9, 0xE509, 0xE50A, 0xE4C9, 0xED2A,
    0xED2A, 0xF56B, 0xF5AC, 0xED6C, 0xE52B, 0xBB03, 0x91C0, 0xA200,
    0xBAA2, 0xBAA2, 0xCB44, 0xE406, 0xFD09, 0xF50D, 0xBDFB, 0xB61C,
    0xB61C, 0xB5FC, 0xB5FB, 0xB5FB, 0xB5FB, 0xB5FB, 0xB5FB, 0xB5FB,
    0xADDB, 0xADDB, 0xADDB, 0xADBA, 0xADBA, 0xADBA, 0xADBA, 0xADBA,
    0xADBA, 0xADBA, 0xADBA, 0xADBA, 0xADDA, 0xADDA, 0xADDA, 0xADDA,
    0xADDA, 0xADDA, 0xADBA, 0xADB9, 0xADB9, 0xA5B9, 0xA5B9, 0xA598,
    0xA598, 0xA599, 0xADB9, 0xADB9, 0xADB9, 0xADB9, 0xA598, 0xA557,
    0x9516, 0x84D4, 0x7C92, 0x6C30, 0x63CD, 0x5B8B, 0x5349, 0x5349,
    0x536B, 0x63CE, 0x6C11, 0x6C32, 0x7453, 0x7C74, 0x7C94, 0x7C73,
    0x7452, 0x7C52, 0x7452, 0x7432, 0x6BF0, 0x63AE, 0x534B, 0x5329,
    0x5329, 0x5308, 0x4B07, 0x4B05, 0x5324, 0x5342, 0x5340, 0x5360,
    0x5380, 0x5BA0, 0x5BA0, 0x5BA0, 0x53A0, 0x5360, 0x5360, 0x4B40,
    0x4B00, 0x42C0, 0x3A80, 0x3240, 0x3200, 0x2A00, 0x2A00, 0x2A00,
    0x3200, 0x3220, 0x3240, 0x3242, 0x3A62, 0x3A63, 0x3A84, 0x3A85,
    0xD4EA, 0xD4E8, 0xDCC7, 0xD486, 0xCC06, 0xB3A9, 0x932B, 0x6ACF,
    0x42D2, 0x0AF6, 0x0317, 0x0317, 0x0317, 0x2B56, 0x63B4, 0x8413,
    0xA472, 0xB4B0, 0xC4CF, 0xCCEE, 0xCCCD, 0xC48C, 0xC42A, 0xBBE9,
    0xB3A8, 0xB3A8, 0xB3C9, 0xB3EB, 0xB44D, 0xB48F, 0xBCD0, 0xC532,
    0xC573, 0xCD94, 0xCDD5, 0xCDF6, 0xD616, 0xD617, 0xD617, 0xD637,
    0xD617, 0xD616, 0xD616, 0xCDF5, 0xCDB4, 0xC552, 0xBCF1, 0xB4AF,
    0xAC4D, 0xA3EB, 0x9BAA, 0x9B89, 0x9B89, 0xA3AA, 0xAC0A, 0xB42B,
    0xBC6C, 0xC48C, 0xC4AC, 0xCCAC, 0xC4AC, 0xC48C, 0xC46B, 0xBC4B,
    0xBC2A, 0xBC09, 0xBC29, 0xC429, 0xCC49, 0xCC4A, 0xCC4A, 0xCC4A,
    0xC46C, 0xC4AF, 0xBCF2, 0xBD34, 0xBD76, 0xBD97, 0xBDB8, 0xBDD9,
    0xBDD9, 0xBDD9, 0xBDD9, 0xBDD9, 0xBDD9, 0xBDD9, 0xBDD9, 0xBDD9,
    0xBDD9, 0xBDF9, 0xBDF9, 0xBE1A, 0xCDD6, 0xFD6B, 0xFD4A, 0xE3E6,
    0xF5CF, 0xFE50, 0xFE2F, 0xE467, 0xC2A1, 0xBA81, 0xC2A1, 0xB240,
    0xA1E0, 0x99C0, 0x99C0, 0xA1E0, 0xAA20, 0x99E0, 0xA200, 0xA1E0,
    0x99C0, 0x99E0, 0xAA20, 0xB261, 0xBAE2, 0xECE8, 0xED2A, 0xED2A,
    0xF56B, 0xED2A, 0xED2A, 0xE4E8, 0xED09, 0xED09, 0xED09, 0xED2A,
    0xED09, 0xED2A, 0xED6C, 0xED0A, 0xE4A9, 0xBB45, 0x91E0, 0x99C0,
    0xB282, 0xBAC3, 0xCB23, 0xE3C5, 0xF4E9, 0xFD4D, 0xBDFA, 0xB61C,
    0xB5FB, 0xB5FC, 0xB5FC, 0xB5FB, 0xB5FB, 0xB5FB, 0xB5FB, 0xADDB,
    0xADDB, 0xADDB, 0xADDB, 0xADBA, 0xADBA, 0xADBA, 0xA5BA, 0xA5BA,
    0xA5BA, 0xADBA, 0xADBA, 0xADBA, 0xADDA, 0xADDA, 0xADDA, 0xADDA,
    0xADDA, 0xADDA, 0xADDA, 0xADDA, 0xADBA, 0xADD9, 0xADB9, 0xADB9,
    0xADB9, 0xADB9, 0xADD9, 0xADDA, 0xADDA, 0xADD9, 0xA5B9, 0xA577,
    0x9535, 0x8CD4, 0x7C92, 0x7430, 0x63ED, 0x5BAB, 0x5B89, 0x5B69,
    0x538B, 0x63CE, 0x63F0, 0x6C11, 0x6C32, 0x6C53, 0x7452, 0x6C31,
    0x6BF0, 0x63D0, 0x63F0, 0x63D0, 0x63AF, 0x5B8E, 0x534B, 0x530A,
    0x5329, 0x5329, 0x4B08, 0x4B06, 0x5325, 0x5343, 0x5340, 0x5340,
    0x5360, 0x5380, 0x5380, 0x5380, 0x5380, 0x5360, 0x4B20, 0x4B00,
    0x42C0, 0x3AA0, 0x3240, 0x2A00, 0x29E0, 0x29E0, 0x2A00, 0x2A00,
    0x2A00, 0x3220, 0x3221, 0x3242, 0x3242, 0x3A62, 0x3A64, 0x3A85,
    0xD4EA, 0xD4E9, 0xDCC7, 0xD486, 0xCC06, 0xB3A9, 0x932B, 0x72EF,
    0x42D2, 0x02F6, 0x0317, 0x0317, 0x0317, 0x2B56, 0x63B4, 0x8C13,
    0xA471, 0xB4B0, 0xC4CF, 0xCCEE, 0xCCCD, 0xCC8B, 0xC42A, 0xBBE9,
    0xB3C8, 0xB3C8, 0xBBE9, 0xBC2B, 0xBC6E, 0xC4D0, 0xC532, 0xCD73,
    0xCDB4, 0xD5D5, 0xD616, 0xD637, 0xDE37, 0xDE58, 0xDE58, 0xDE78,
    0xDE58, 0xDE58, 0xDE57, 0xD637, 0xD5F6, 0xCD94, 0xC532, 0xBCD0,
    0xB46E, 0xAC0C, 0xA3CA, 0x9B89, 0x9B89, 0xA3CA, 0xB40A, 0xB42B,
    0xBC6C, 0xC48C, 0xC4AC, 0xCCAC, 0xC4AC, 0xC48C, 0xBC6B, 0xBC4B,
    0xBC2A, 0xBC2A, 0xC429, 0xC429, 0xCC49, 0xCC6A, 0xCC6A, 0xCC6A,
    0xC48C, 0xC4AF, 0xBCF2, 0xC534, 0xBD76, 0xBD97, 0xBDB8, 0xBDD9,
    0xBDD9, 0xBDD9, 0xBDD9, 0xBDD9, 0xBDD9, 0xBDD9, 0xBDD9, 0xBDD9,
    0xBDD9, 0xBDD9, 0xBDF9, 0xBE1A, 0xD616, 0xFDCC, 0xFD09, 0xE406,
    0xF5AD, 0xFDCD, 0xFDCE, 0xEC67, 0xC281, 0xC2A1, 0xBA61, 0xAA20,
    0x99E0, 0x99E0, 0x99C0, 0xB240, 0xA200, 0x91A0, 0x99E0, 0x91A0,
    0x8980, 0x91C0, 0xAA20, 0xAA20, 0xBA61, 0xCB22, 0xE487, 0xF56B,
    0xED2A, 0xED2A, 0xED2A, 0xECE9, 0xED0A, 0xECE9, 0xED2A, 0xED2A,
    0xED0A, 0xED09, 0xED4B, 0xF58C, 0xDC68, 0xBB24, 0xB2A3, 0xA1E0,
    0xAA21, 0xB282, 0xCB03, 0xDB84, 0xEC67, 0xFD2A, 0xCDD8, 0xB61D,
    0xB5FB, 0xB5FB, 0xB5FB, 0xB5FB, 0xB5FB, 0xB5FB, 0xADDB, 0xADDB,
    0xADDB, 0xADDB, 0xADDB, 0xADBA, 0xA5BA, 0xA5BA, 0xA5BA, 0xA5BA,
    0xA5BA, 0xA5BA, 0xADBA, 0xADBA, 0xADBA, 0xADDA, 0xADDA, 0xADDA,
    0xADDA, 0xADDA, 0xADDA, 0xADDA, 0xADDA, 0xADDA, 0xADDA, 0xADDA,
    0xADDA, 0xADDA, 0xADDA, 0xADDA, 0xADDA, 0xADB9, 0xA598, 0x9D56,
    0x9515, 0x8CD3, 0x7C91, 0x742E, 0x6C0B, 0x63EA, 0x63C9, 0x63CA,
    0x63CD, 0x63EF, 0x63F0, 0x63F0, 0x6411, 0x6C12, 0x6BF1, 0x63CF,
    0x5B8E, 0x534D, 0x536D, 0x536E, 0x534D, 0x534C, 0x532B, 0x532A,
    0x532B, 0x532A, 0x5328, 0x5328, 0x5326, 0x5324, 0x5320, 0x4B20,
    0x5340, 0x5360, 0x5360, 0x5360, 0x5360, 0x4B40, 0x4B00, 0x42C0,
    0x3AA0, 0x3260, 0x2A00, 0x29E0, 0x29E0, 0x29E0, 0x2A00, 0x2A00,
    0x2A00, 0x3220, 0x3241, 0x3242, 0x3242, 0x3242, 0x3243, 0x3A43,
    0xD4EB, 0xD4E9, 0xDCC7, 0xD486, 0xCC06, 0xB3A9, 0x934C, 0x72EF,
    0x42D2, 0x02D6, 0x0317, 0x0317, 0x0317, 0x3356, 0x63B4, 0x8C13,
    0xA471, 0xB4B0, 0xC4CF, 0xCCCE, 0xCCCC, 0xCC8B, 0xC44A, 0xBBE9,
    0xBBC8, 0xBBC8, 0xBC0A, 0xBC4C, 0xBC8E, 0xC4F0, 0xC552, 0xCD94,
    0xD5D5, 0xD5F6, 0xDE37, 0xDE58, 0xDE78, 0xDE78, 0xE699, 0xE699,
    0xE698, 0xDE78, 0xDE78, 0xDE58, 0xD616, 0xCDB4, 0xC552, 0xBCF0,
    0xB48E, 0xAC0C, 0xA3AA, 0x9B69, 0x9B89, 0xA3CA, 0xAC0A, 0xBC2B,
    0xBC4B, 0xC48C, 0xCCAC, 0xCCAD, 0xC4AC, 0xC48C, 0xBC6B, 0xBC4B,
    0xBC2A, 0xBC2A, 0xC429, 0xC449, 0xCC49, 0xCC6A, 0xCC6A, 0xCC6A,
    0xC48C, 0xC4AF, 0xC4F2, 0xC534, 0xBD76, 0xBD97, 0xBDB8, 0xBDD9,
    0xBDD9, 0xBDD9, 0xBDB9, 0xBDD8, 0xBDD9, 0xBDD9, 0xBDD9, 0xBDD9,
    0xBDD9, 0xBDF9, 0xBDF9, 0xBE1B, 0xE5F3, 0xFDAB, 0xF4A8, 0xDBC5,
    0xF56C, 0xFDEF, 0xFE0F, 0xECE9, 0xD322, 0xC2A2, 0xAA41, 0xAA41,
    0xA201, 0x99E0, 0x99E0, 0xAA40, 0x99E0, 0x91A0, 0x99C0, 0x91A0,
    0x91A0, 0x99C0, 0xAA20, 0xBA81, 0xB240, 0xAA00, 0xCB63, 0xF54B,
    0xED4A, 0xECE9, 0xED2A, 0xED0A, 0xED4B, 0xED2A, 0xED4B, 0xED4B,
    0xED0A, 0xED4B, 0xED6B, 0xF5AD, 0xE50B, 0xC2C2, 0xB241, 0xB241,
    0xBA82, 0xB282, 0xBAA2, 0xCB03, 0xE3E5, 0xFCE8, 0xD594, 0xAE1D,
    0xB5FB, 0xB5FB, 0xB5FB, 0xB5FB, 0xADFB, 0xADDB, 0xADDB, 0xADDB,
    0xADDB, 0xADDB, 0xADBB, 0xA5BB, 0xA5BA, 0xA5BA, 0xA5BA, 0xA5BA,
    0xA5BA, 0xA5BA, 0xA5BA, 0xA5BA, 0xADBA, 0xADBA, 0xADBA, 0xADDA,
    0xADDA, 0xADDA, 0xADDA, 0xADDA, 0xADDA, 0xADDA, 0xADDA, 0xADDA,
    0xADDA, 0xADDA, 0xADDA, 0xADDA, 0xADD9, 0xA5B8, 0x9D77, 0x9D35,
    0x8CF3, 0x84B1, 0x7C6F, 0x6C0B, 0x6BE9, 0x6BE9, 0x6BE9, 0x6C0B,
    0x6C2E, 0x6C0F, 0x640F, 0x63F0, 0x63F0, 0x63F0, 0x5BAF, 0x536E,
    0x4B2C, 0x4AEA, 0x42CA, 0x42EB, 0x42EB, 0x4B0B, 0x534B, 0x534C,
    0x534C, 0x534B, 0x5329, 0x5329, 0x5328, 0x5325, 0x4B00, 0x4B00,
    0x4B20, 0x4B20, 0x4B20, 0x4B20, 0x4B40, 0x4B00, 0x42E0, 0x3AA0,
    0x3260, 0x2A20, 0x29E0, 0x29C0, 0x29E0, 0x29E0, 0x2A00, 0x2A00,
    0x2A00, 0x3221, 0x3221, 0x3222, 0x3222, 0x3222, 0x3222, 0x3222,
    0xD4EB, 0xD509, 0xDCC7, 0xD486, 0xCC27, 0xB3A9, 0x932C, 0x72EF,
    0x42D2, 0x02D6, 0x02F7, 0x0317, 0x0317, 0x3355, 0x63B4, 0x8C13,
    0xA471, 0xBC8F, 0xC4AE, 0xCCCD, 0xCCCC, 0xCC8B, 0xC44A, 0xBC09,
    0xBBC8, 0xBBC8, 0xBC0A, 0xBC4C, 0xC48E, 0xC4F0, 0xCD52, 0xCD94,
    0xD5D5, 0xD616, 0xDE37, 0xDE58, 0xDE78, 0xDE78, 0xE699, 0xE699,
    0xE699, 0xE678, 0xDE78, 0xDE57, 0xD5F6, 0xCDB4, 0xC532, 0xBCF0,
    0xB46E, 0xAC0C, 0xA3A9, 0x9B69, 0x9B89, 0xA3CA, 0xB40A, 0xBC4B,
    0xBC6C, 0xC48C, 0xCCAC, 0xCCAD, 0xC4AC, 0xC48C, 0xC46B, 0xBC4A,
    0xBC2A, 0xBC2A, 0xC429, 0xC449, 0xCC49, 0xCC6A, 0xCC6A, 0xCC6A,
    0xC48D, 0xC4AF, 0xC4F2, 0xC534, 0xBD76, 0xBD97, 0xBDB8, 0xBDD9,
    0xBDD8, 0xBDD9, 0xBDD8, 0xBDD8, 0xBDD8, 0xBDD9, 0xBDD9, 0xBDD9,
    0xBDD9, 0xBDF9, 0xBDFA, 0xBE1B, 0xEDB1, 0xFD6A, 0xF487, 0xE467,
    0xF5AD, 0xFE30, 0xFE0F, 0xF56B, 0xDB63, 0xC2A2, 0xB262, 0xB261,
    0xAA21, 0xA1E0, 0xAA20, 0xA200, 0x91C0, 0x99E0, 0xA1E0, 0x99C0,
    0x91C0, 0x99E0, 0xA200, 0xA1E0, 0x99A0, 0xAA20, 0xCB22, 0xED0A,
    0xF56B, 0xED09, 0xED2A, 0xED4B, 0xED2A, 0xED6B, 0xF58C, 0xED6B,
    0xED2A, 0xED4B, 0xF58C, 0xF58D, 0xED6C, 0xCB64, 0xBA61, 0xAA00,
    0xBA61, 0xC2A2, 0xC2E3, 0xD324, 0xDB84, 0xFC87, 0xE551, 0xADFD,
    0xB5FB, 0xB5FB, 0xB5FB, 0xB5FB, 0xADFB, 0xADDB, 0xADDB, 0xADBB,
    0xADBB, 0xADBB, 0xADBB, 0xA5BB, 0xA5BA, 0xA5BA, 0xA5BA, 0xA5BA,
    0xA5BA, 0xA5BA, 0xA5BB, 0xADDB, 0xA5BA, 0xADBA, 0xA5BA, 0xA5BA,
    0xA5BA, 0xADB9, 0xADB9, 0xADD9, 0xADD9, 0xADD9, 0xADD9, 0xADD9,
    0xADD9, 0xADD9, 0xADD9, 0xADB9, 0xA5B9, 0xA578, 0x9D56, 0x9514,
    0x84B1, 0x7C6E, 0x742B, 0x6BC7, 0x63C6, 0x6BE6, 0x6C08, 0x744C,
    0x744E, 0x744F, 0x6C2F, 0x6C0F, 0x6C10, 0x63EF, 0x5BAE, 0x4B4C,
    0x42EA, 0x3A88, 0x3267, 0x3267, 0x3AA9, 0x4B0B, 0x536D, 0x5B6D,
    0x536D, 0x534C, 0x534B, 0x5B4B, 0x5B4A, 0x5327, 0x4B02, 0x4300,
    0x42E0, 0x42E0, 0x42E0, 0x4300, 0x4300, 0x42C0, 0x3AA0, 0x3260,
    0x3220, 0x29E0, 0x29C0, 0x21C0, 0x29C0, 0x29E0, 0x2A00, 0x2A00,
    0x2A00, 0x3221, 0x3222, 0x3222, 0x3242, 0x3242, 0x3242, 0x3242,
    0xD50B, 0xDD09, 0xDCC7, 0xD486, 0xCC27, 0xB3A9, 0x932C, 0x6AEF,
    0x42D2, 0x02D6, 0x02F7, 0x02F7, 0x0317, 0x3355, 0x6BD4, 0x8C33,
    0xA471, 0xBCAF, 0xC4CE, 0xCCED, 0xCCCD, 0xCC8B, 0xC44A, 0xC409,
    0xBBE8, 0xBBE8, 0xC409, 0xC44B, 0xC48D, 0xC4F0, 0xCD32, 0xCD93,
    0xD5D5, 0xD616, 0xDE37, 0xDE58, 0xDE78, 0xE699, 0xE699, 0xE699,
    0xE699, 0xE678, 0xDE78, 0xDE57, 0xD5F6, 0xCD94, 0xC532, 0xBCD0,
    0xB46D, 0xABEB, 0x9B89, 0x9B69, 0xA389, 0xABCA, 0xB40B, 0xBC4B,
    0xC46C, 0xC48C, 0xCCAC, 0xCCAD, 0xC48C, 0xC48C, 0xBC4B, 0xBC2B,
    0xBC2A, 0xBC2A, 0xC429, 0xC449, 0xCC49, 0xCC6A, 0xCC6A, 0xC46A,
    0xC48D, 0xC4AF, 0xC4F2, 0xC534, 0xBD55, 0xBD97, 0xBDB8, 0xBDD9,
    0xBDD9, 0xBDD9, 0xBDD9, 0xBDD9, 0xBDD9, 0xBDD9, 0xBDD9, 0xBDD9,
    0xBDD9, 0xBDF9, 0xBDFA, 0xC619, 0xF58D, 0xFD8B, 0xF4E9, 0xEC88,
    0xED0B, 0xFDEF, 0xF5CE, 0xF56B, 0xE3E4, 0xCAE2, 0xC2E2, 0xB261,
    0xB240, 0xB220, 0xB240, 0xA200, 0xA1E0, 0xAA00, 0xA200, 0xA200,
    0x99E0, 0xA200, 0x99E0, 0xA1E0, 0x91A0, 0x9A00, 0xCAE1, 0xE4C9,
    0xF56B, 0xED4A, 0xF58C, 0xED6B, 0xED4B, 0xF58C, 0xF5AC, 0xF56C,
    0xED2A, 0xF54B, 0xF58D, 0xF5AD, 0xF5AD, 0xC345, 0xC261, 0xAA00,
    0xAA21, 0xBA81, 0xBA82, 0xCB03, 0xDB64, 0xF467, 0xF50C, 0xBDFB,
    0xADFB, 0xB5FB, 0xB5FB, 0xB5FB, 0xADDB, 0xADDB, 0xADDB, 0xADBB,
    0xADBB, 0xADBB, 0xA5BB, 0xA5BB, 0xA5BB, 0xA5BA, 0xA5BA, 0xA5BB,
    0xA5BB, 0xA5BB, 0xA5DB, 0xA5BB, 0xA5BA, 0xA5BA, 0xA599, 0xA599,
    0xA599, 0xA5B9, 0xA598, 0xA5B8, 0xA5B8, 0xA5B8, 0xA5B8, 0xA598,
    0xA598, 0xA5B8, 0xA598, 0xA598, 0xA577, 0x9D56, 0x9515, 0x8CD2,
    0x7C8F, 0x742C, 0x6BE7, 0x63A3, 0x63C3, 0x6BE5, 0x7449, 0x7C6C,
    0x7C6D, 0x7C6E, 0x746E, 0x744F, 0x6C2F, 0x6C0F, 0x63AD, 0x4B2A,
    0x42C8, 0x3265, 0x2A03, 0x2A24, 0x3A88, 0x4B0C, 0x536E, 0x5B8E,
    0x5B8E, 0x5B8E, 0x5B8E, 0x638E, 0x5B6C, 0x5349, 0x4B04, 0x42E0,
    0x42C0, 0x42C0, 0x42C0, 0x42C0, 0x3AA0, 0x3A80, 0x3260, 0x3220,
    0x29E0, 0x29C0, 0x21C0, 0x21C0, 0x29C0, 0x29E0, 0x2A00, 0x2A00,
    0x3200, 0x3221, 0x3242, 0x3242, 0x3242, 0x3A42, 0x3A42, 0x3242,
    0xD50B, 0xDD09, 0xDCC7, 0xD466, 0xC407, 0xABAA, 0x932C, 0x6AEF,
    0x42D3, 0x02D6, 0x02F7, 0x02F7, 0x0317, 0x3355, 0x6BD4, 0x8C33,
    0xAC71, 0xBCAF, 0xC4CE, 0xCCEE, 0xD4CD, 0xCC8B, 0xCC4A, 0xC429,
    0xC3E8, 0xC3E8, 0xC429, 0xC44B, 0xC48D, 0xCCF0, 0xCD52, 0xCD94,
    0xD5D5, 0xD616, 0xDE37, 0xDE58, 0xDE78, 0xE678, 0xE699, 0xE699,
    0xE699, 0xE678, 0xDE78, 0xDE37, 0xD5F6, 0xCD94, 0xC532, 0xBCAF,
    0xB44D, 0xA3CB, 0x9B69, 0x9B69, 0xA389, 0xABCA, 0xB40B, 0xBC4B,
    0xC46C, 0xC48C, 0xCCAC, 0xCCAC, 0xC48C, 0xC46C, 0xBC4B, 0xBC2A,
    0xBC2A, 0xBC29, 0xC429, 0xC429, 0xCC49, 0xCC49, 0xCC4A, 0xCC6A,
    0xC48D, 0xC4AF, 0xC4F2, 0xC534, 0xBD55, 0xBD97, 0xBDB8, 0xBDD9,
    0xBDD9, 0xBDD9, 0xBDD9, 0xBDD9, 0xBDD9, 0xBDD9, 0xBDD9, 0xBDD9,
    0xBDF9, 0xBDF9, 0xBDFA, 0xCDF7, 0xFD8C, 0xFD6A, 0xEC67, 0xDBA5,
    0xD407, 0xF58D, 0xF5CE, 0xF5AC, 0xF4E9, 0xE3E4, 0xD323, 0xC2A1,
    0xCAC1, 0xB261, 0xAA20, 0xA200, 0xAA20, 0xB260, 0xB261, 0xA201,
    0x99E0, 0xAA20, 0x99E0, 0xA200, 0x99E0, 0xAA20, 0xD342, 0xED2A,
    0xF58C, 0xED2A, 0xF58C, 0xF56B, 0xED4B, 0xF58C, 0xF5AC, 0xF58C,
    0xED6B, 0xF58C, 0xF5AD, 0xF5AD, 0xF5EE, 0xDC68, 0xB220, 0xB241,
    0xB241, 0xC2A2, 0xC2A2, 0xCB03, 0xDB85, 0xEC47, 0xFCEA, 0xC598,
    0xADFC, 0xB5FB, 0xADFB, 0xB5FB, 0xADDB, 0xADDB, 0xADDB, 0xADDB,
    0xADBB, 0xADBB, 0xA5BB, 0xA5BB, 0xA5BB, 0xA5BB, 0xA5BB, 0xA5BB,
    0xA5BB, 0xA5BB, 0xA5BB, 0xA5BA, 0xA5BA, 0xA599, 0xA599, 0xA598,
    0xA578, 0xA597, 0xA577, 0xA597, 0xA596, 0xA596, 0xA576, 0x9D76,
    0x9D76, 0x9D76, 0x9D77, 0x9D56, 0x9535, 0x9515, 0x8CD3, 0x8491,
    0x744D, 0x6C09, 0x63A4, 0x6380, 0x63C2, 0x7426, 0x7C69, 0x848B,
    0x7C8C, 0x7CAD, 0x7C8D, 0x7C6E, 0x744E, 0x742D, 0x63CB, 0x5349,
    0x42E6, 0x3A85, 0x3245, 0x3266, 0x3AC9, 0x4B2D, 0x5BB0, 0x63D0,
    0x63D0, 0x63D0, 0x63B0, 0x63AF, 0x5B8D, 0x532A, 0x42E6, 0x42C1,
    0x3AA0, 0x3A80, 0x3A80, 0x3A80, 0x3260, 0x3240, 0x2A20, 0x2A00,
    0x29E0, 0x21C0, 0x21A0, 0x29C0, 0x29E0, 0x2A00, 0x2A00, 0x2A00,
    0x3220, 0x3222, 0x3242, 0x3A42, 0x3242, 0x3A42, 0x3242, 0x3242,
    0xD50B, 0xDD09, 0xDCC8, 0xD467, 0xC408, 0xAB8A, 0x8B2C, 0x6ACF,
    0x42B2, 0x02D6, 0x02F7, 0x02F7, 0x0316, 0x3B55, 0x6BD4, 0x9432,
    0xAC71, 0xBCB0, 0xCCCE, 0xD4EE, 0xD4ED, 0xCC8B, 0xCC6A, 0xC429,
    0xC408, 0xC408, 0xC429, 0xC46B, 0xC4AD, 0xCCF0, 0xCD32, 0xCD93,
    0xD5D5, 0xD5F6, 0xDE37, 0xDE58, 0xDE78, 0xE699, 0xE699, 0xE699,
    0xE699, 0xE698, 0xDE78, 0xDE37, 0xD5F6, 0xCD94, 0xC531, 0xBCAF,
    0xAC2D, 0xA3CA, 0x9B69, 0x9B69, 0xA389, 0xABCA, 0xB40B, 0xBC4B,
    0xC46C, 0xC48C, 0xCCAC, 0xCCAC, 0xC48C, 0xC46B, 0xBC4B, 0xBC2A,
    0xBC2A, 0xBC2A, 0xC429, 0xC429, 0xCC49, 0xCC49, 0xCC4A, 0xCC4A,
    0xC48D, 0xC4AF, 0xC4D1, 0xC513, 0xBD55, 0xBD96, 0xBDB7, 0xBDD8,
    0xBDD8, 0xBDD8, 0xBDD9, 0xBDD9, 0xBDD9, 0xBDD9, 0xBDD9, 0xBDD9,
    0xBDD9, 0xBDF9, 0xB5FA, 0xD5F6, 0xFD09, 0xF4A8, 0xE406, 0xD344,
    0xCB65, 0xED4C, 0xFE2F, 0xFE0F, 0xFDCD, 0xF4E8, 0xD343, 0xC2A2,
    0xC2A1, 0xAA20, 0xA200, 0xA200, 0xA200, 0xAA20, 0xA200, 0x99E0,
    0xA200, 0xAA20, 0xAA20, 0xA200, 0xAA40, 0xC2E1, 0xE487, 0xF56B,
    0xF5AC, 0xF58B, 0xF56B, 0xF58C, 0xF56B, 0xF5AD, 0xF5CD, 0xF5AC,
    0xED6B, 0xF58C, 0xF5CD, 0xF5AD, 0xF5AD, 0xF58C, 0xCB84, 0xAA00,
    0xB241, 0xCAE2, 0xC2E3, 0xC2E3, 0xDB85, 0xE3E6, 0xFCC8, 0xCD96,
    0xADFC, 0xB5FB, 0xADFB, 0xB5FB, 0xB5FB, 0xADDB, 0xADDB, 0xADDB,
    0xADDB, 0xADBB, 0xADBB, 0xA5BB, 0xA5BB, 0xA5BB, 0xA5BB, 0xA5BB,
    0xA5BB, 0xA5BB, 0xA5BB, 0xA5BA, 0xA599, 0xA599, 0xA597, 0x9D76,
    0x9D76, 0x9D75, 0x9D75, 0x9D74, 0x9D74, 0x9D74, 0x9D54, 0x9D54,
    0x9D54, 0x9534, 0x9514, 0x9514, 0x8CF3, 0x84D3, 0x7C91, 0x744F,
    0x6C0B, 0x63C6, 0x6381, 0x6380, 0x63C3, 0x7426, 0x7C88, 0x84AB,
    0x84AC, 0x84CC, 0x84CD, 0x84AD, 0x7C6D, 0x742C, 0x6BCA, 0x5B67,
    0x4B06, 0x42C6, 0x3AA7, 0x42C9, 0x430C, 0x538F, 0x63F2, 0x6C12,
    0x6C12, 0x6C12, 0x63F1, 0x63AF, 0x5B6D, 0x4B2B, 0x42C7, 0x3A82,
    0x3A60, 0x3260, 0x3260, 0x3260, 0x3240, 0x2A00, 0x2A00, 0x29E0,
    0x29C0, 0x21C0, 0x21C0, 0x29E1, 0x2A02, 0x3203, 0x3223, 0x3243,
    0x3243, 0x3222, 0x3242, 0x3242, 0x3242, 0x3242, 0x3242, 0x3241,
    0xD50B, 0xDD0A, 0xDCE8, 0xD487, 0xC3E8, 0xAB8A, 0x8B0C, 0x6ACF,
    0x3AB2, 0x02B5, 0x02F7, 0x02F7, 0x0316, 0x3B55, 0x6BD4, 0x9432,
    0xAC71, 0xBCB0, 0xCCEF, 0xD4EE, 0xD4ED, 0xCCAB, 0xCC6A, 0xC429,
    0xC408, 0xC409, 0xC429, 0xC46B, 0xCC8D, 0xCCEF, 0xCD31, 0xCD73,
    0xD5D5, 0xDE16, 0xDE37, 0xDE58, 0xE678, 0xE699, 0xE699, 0xE6B9,
    0xE699, 0xE699, 0xDE78, 0xDE37, 0xD5F6, 0xCD94, 0xC511, 0xBC8F,
    0xAC2C, 0xA3AA, 0x9B68, 0x9B69, 0xA389, 0xABCA, 0xB42B, 0xBC4B,
    0xC46C, 0xC48C, 0xCCAC, 0xCCAC, 0xC48C, 0xC46B, 0xBC4B, 0xBC2A,
    0xBC2A, 0xBC2A, 0xBC29, 0xC429, 0xCC49, 0xCC49, 0xCC4A, 0xC44A,
    0xC48C, 0xC4AF, 0xC4D1, 0xC513, 0xC554, 0xBD76, 0xBD97, 0xC5B7,
    0xBDB7, 0xBDB8, 0xBDB8, 0xBDD8, 0xBDD8, 0xBDD8, 0xBDD8, 0xBDD8,
    0xBDD8, 0xBDD8, 0xB5DA, 0xDDB3, 0xFCE7, 0xF488, 0xE3C5, 0xD364,
    0xCB23, 0xED6D, 0xFE92, 0xFE2F, 0xFDED, 0xF4E8, 0xCAE2, 0xAA41,
    0xBA81, 0xAA00, 0xAA20, 0xA200, 0xA1E0, 0xA220, 0xA200, 0xA200,
    0x9A00, 0xA200, 0xB240, 0xB261, 0xAA00, 0xD342, 0xF52A, 0xF56B,
    0xF58B, 0xF5AC, 0xF58B, 0xF58C, 0xED6B, 0xF5AD, 0xF5AD, 0xF54B,
    0xF56B, 0xF5AD, 0xF5AD, 0xF5CD, 0xF58C, 0xF5CD, 0xF54B, 0xDBE5,
    0xC2C2, 0xC2C2, 0xBA82, 0xB282, 0xDB85, 0xE3C5, 0xF466, 0xDD94,
    0xADFC, 0xB5FB, 0xB5FB, 0xB5FB, 0xB5FB, 0xADFB, 0xADDB, 0xADDB,
    0xADDB, 0xADDB, 0xADDB, 0xADDB, 0xADDB, 0xA5BB, 0xA5BB, 0xA5BB,
    0xA5BB, 0xADBB, 0xADBA, 0xA5BA, 0xA599, 0xA577, 0x9D76, 0x9D74,
    0x9D54, 0x9D53, 0x9D52, 0x9D52, 0x9D52, 0x9D51, 0x9551, 0x9531,
    0x9531, 0x8CF2, 0x8CD1, 0x84D1, 0x84B1, 0x7C90, 0x744E, 0x6C0C,
    0x63C9, 0x63A4, 0x5B60, 0x6380, 0x6BE2, 0x7425, 0x8487, 0x84C9,
    0x8CCB, 0x8CEB, 0x8CEC, 0x8CEC, 0x7CAC, 0x7C6A, 0x6BE8, 0x5B66,
    0x5326, 0x4B07, 0x4B09, 0x4B0B, 0x534E, 0x5BD0, 0x6C13, 0x7454,
    0x7454, 0x6C34, 0x6C12, 0x5B90, 0x534D, 0x4B0B, 0x42A7, 0x3262,
    0x3240, 0x3240, 0x3240, 0x3240, 0x2A20, 0x2A00, 0x29E0, 0x29E0,
    0x21C0, 0x21C0, 0x29E2, 0x2A04, 0x3204, 0x3224, 0x3244, 0x3244,
    0x3244, 0x3243, 0x3222, 0x3242, 0x3242, 0x3242, 0x3221, 0x3221,
    0xD50C, 0xDD2A, 0xDCE8, 0xD487, 0xC408, 0xAB8A, 0x8B0C, 0x62AF,
    0x3A92, 0x02B5, 0x02D6, 0x02F7, 0x0AF6, 0x3B55, 0x73D4, 0x9433,
    0xAC91, 0xBCB0, 0xCCEE, 0xD50E, 0xD4CD, 0xCC8B, 0xCC6A, 0xC449,
    0xC429, 0xC429, 0xCC49, 0xCC6B, 0xCC8D, 0xCCEF, 0xCD31, 0xCD73,
    0xD5D5, 0xDE16, 0xDE37, 0xDE58, 0xE678, 0xE699, 0xE699, 0xE6B9,
    0xE6B9, 0xE699, 0xDE78, 0xDE37, 0xD5F5, 0xCD93, 0xC511, 0xB48E,
    0xAC0C, 0x9B89, 0x9B48, 0x9B68, 0xA389, 0xABCA, 0xB42B, 0xBC4B,
    0xC46C, 0xC48C, 0xCCAC, 0xCCAC, 0xC48C, 0xC46B, 0xBC4B, 0xBC2A,
    0xBC0A, 0xBC09, 0xBC29, 0xC429, 0xCC49, 0xCC4A, 0xCC4A, 0xC44A,
    0xC48C, 0xC4AE, 0xC4D0, 0xC512, 0xC534, 0xC575, 0xBD96, 0xBD97,
    0xBD97, 0xBD97, 0xBDB7, 0xBDB7, 0xBDB8, 0xBDB8, 0xBDB8, 0xBDB8,
    0xBDB8, 0xBDB8, 0xB5B8, 0xE590, 0xFD08, 0xF488, 0xE3E6, 0xD344,
    0xC303, 0xF5EF, 0xFE71, 0xFE0F, 0xFDED, 0xF4C8, 0xCAE2, 0xBA81,
    0xC2A1, 0xAA20, 0xAA20, 0xA1E0, 0xB241, 0xBA61, 0x99E0, 0x99E0,
    0x99E0, 0x99E0, 0xAA00, 0xBA60, 0xC2E1, 0xE466, 0xED09, 0xF56B,
    0xF58B, 0xF5AC, 0xF56B, 0xF58C, 0xF58C, 0xF56B, 0xE4A9, 0xD384,
    0xDC05, 0xF56C, 0xF5AC, 0xF5EE, 0xF5CE, 0xF5CE, 0xF5CE, 0xF58C,
    0xE488, 0xCAC2, 0xC2A2, 0xAA21, 0xCB03, 0xE3E6, 0xEC25, 0xED71,
    0xB61D, 0xB5FB, 0xB5FB, 0xB5FB, 0xB5DB, 0xB5DB, 0xADDB, 0xADDB,
    0xADDB, 0xADDB, 0xADDB, 0xADDB, 0xADBB, 0xADBB, 0xADBB, 0xA5BB,
    0xA5BB, 0xADBB, 0xA5BA, 0xA5B9, 0xA597, 0xA576, 0x9D74, 0x9D72,
    0x9D51, 0x9D50, 0x954E, 0x954E, 0x954E, 0x952E, 0x952E, 0x950E,
    0x950E, 0x8CCE, 0x84AE, 0x7C8E, 0x7C6D, 0x744C, 0x6C0C, 0x6BCA,
    0x6387, 0x5B62, 0x5B60, 0x5B80, 0x6BE2, 0x7C45, 0x84A6, 0x8CE7,
    0x8D09, 0x950B, 0x952B, 0x950B, 0x84CA, 0x7C68, 0x7406, 0x63A5,
    0x5B65, 0x5B68, 0x536A, 0x536D, 0x5BAF, 0x63F0, 0x6C33, 0x7455,
    0x7475, 0x7455, 0x6C13, 0x5BB0, 0x534D, 0x4B0B, 0x42A7, 0x3241,
    0x3220, 0x3220, 0x3240, 0x2A20, 0x2A00, 0x29E0, 0x29E0, 0x29E0,
    0x21C0, 0x29E1, 0x2A04, 0x3205, 0x3225, 0x3225, 0x3245, 0x3245,
    0x3244, 0x3243, 0x3222, 0x3220, 0x3220, 0x3220, 0x3220, 0x3200,
    0xD50C, 0xDD0A, 0xDCE9, 0xD468, 0xC3E8, 0xA38A, 0x8B0C, 0x6ACF,
    0x3A92, 0x02B5, 0x02D6, 0x02F7, 0x0AF6, 0x4375, 0x73F4, 0x9453,
    0xAC91, 0xC4D0, 0xCCCE, 0xD4EE, 0xCCCC, 0xCC8B, 0xCC6A, 0xCC49,
    0xC429, 0xCC29, 0xCC49, 0xCC6B, 0xCC8D, 0xCCEF, 0xCD31, 0xCD73,
    0xD5D5, 0xDE16, 0xDE37, 0xDE58, 0xE678, 0xE699, 0xE6B9, 0xE6B9,
    0xE6B9, 0xE699, 0xDE78, 0xDE37, 0xD5D5, 0xCD73, 0xC4F1, 0xB46E,
    0xABEB, 0x9B89, 0x9B48, 0x9B68, 0xA389, 0xABCA, 0xBC2B, 0xBC4B,
    0xC46B, 0xC46C, 0xCC8C, 0xCC8C, 0xC48C, 0xC46B, 0xBC4B, 0xBC2A,
    0xBC0A, 0xBC09, 0xBC09, 0xC429, 0xCC49, 0xCC4A, 0xCC4A, 0xC44A,
    0xC46C, 0xC4AE, 0xC4D0, 0xC512, 0xC533, 0xC554, 0xC575, 0xC576,
    0xC596, 0xBD96, 0xBD96, 0xC596, 0xBD97, 0xBD97, 0xBD97, 0xBD97,
    0xBD97, 0xBD97, 0xBDB7, 0xF632, 0xFD29, 0xEC47, 0xEC06, 0xCAE3,
    0xBAE3, 0xFE0F, 0xFE2F, 0xFE2F, 0xFE0E, 0xF56A, 0xD342, 0xBA81,
    0xBA81, 0xB240, 0xB261, 0xAA40, 0xAA41, 0xB241, 0x99E0, 0x99E0,
    0xA1E0, 0xAA20, 0xB280, 0xD383, 0xE466, 0xED09, 0xED2A, 0xF54A,
    0xF56B, 0xF58C, 0xF58C, 0xF58C, 0xED6C, 0xCBA5, 0xBAA2, 0xC281,
    0xCAE2, 0xDBC4, 0xED2B, 0xF5CE, 0xF58D, 0xF5EE, 0xFE0F, 0xF5AD,
    0xF5AD, 0xDC27, 0xC2E3, 0xBAC2, 0xC2C2, 0xDBA5, 0xE405, 0xF4EB,
    0xC5B8, 0xADDB, 0xADDB, 0xADDB, 0xADDA, 0xADDA, 0xADBA, 0xADBA,
    0xADBA, 0xADBA, 0xADBA, 0xADBA, 0xA5BA, 0xA5BA, 0xA5BA, 0xA5BA,
    0xADBA, 0xADBA, 0xA5B9, 0xA598, 0xA596, 0xA574, 0x9D72, 0x9D6F,
    0x9D6D, 0x9D4C, 0x9D4A, 0x9549, 0x952A, 0x9529, 0x8D0A, 0x8CEA,
    0x8CEA, 0x84AB, 0x848B, 0x7C6B, 0x744A, 0x6C09, 0x6BE8, 0x63A7,
    0x5B64, 0x5340, 0x5340, 0x5B80, 0x6BE0, 0x7C63, 0x8CC5, 0x9506,
    0x9527, 0x9D48, 0x9D49, 0x9528, 0x8CE7, 0x8485, 0x7423, 0x6BC3,
    0x63A5, 0x63A8, 0x5BAA, 0x63AD, 0x63EF, 0x6C31, 0x7453, 0x7C74,
    0x7C75, 0x7454, 0x6413, 0x5B90, 0x4B2D, 0x430B, 0x3AA7, 0x3241,
    0x3220, 0x3240, 0x3240, 0x2A20, 0x2A00, 0x29E0, 0x29E0, 0x29E0,
    0x29E0, 0x2A03, 0x3226, 0x3247, 0x3247, 0x3247, 0x3246, 0x3246,
    0x3A65, 0x3244, 0x3201, 0x2A00, 0x2A00, 0x2A00, 0x2A00, 0x29E0,
    0xD4EC, 0xD4EA, 0xD4A9, 0xCC48, 0xBBC8, 0xA36A, 0x8B0D, 0x6ACF,
    0x3AB2, 0x02B5, 0x02D6, 0x02D6, 0x0AF6, 0x4374, 0x73F4, 0x9453,
    0xAC91, 0xC4D0, 0xCCEE, 0xD4ED, 0xD4CC, 0xCC8B, 0xCC6A, 0xCC49,
    0xCC29, 0xCC29, 0xCC49, 0xCC6A, 0xCC8C, 0xCCEF, 0xCD11, 0xCD73,
    0xD5B5, 0xDE16, 0xDE37, 0xDE58, 0xE678, 0xE699, 0xE6B9, 0xE6B9,
    0xE6B9, 0xE6B9, 0xE678, 0xDE37, 0xD5D5, 0xCD73, 0xBCF0, 0xB44E,
    0xA3CB, 0x9B69, 0x9B48, 0x9B68, 0xA389, 0xABCA, 0xBC2B, 0xBC4B,
    0xC46B, 0xC46C, 0xC48C, 0xC48C, 0xC46C, 0xBC4B, 0xBC2B, 0xBC0A,
    0xBC0A, 0xBC09, 0xBC09, 0xC429, 0xC449, 0xCC4A, 0xC44A, 0xC44A,
    0xC46C, 0xC48D, 0xC4AF, 0xC4F1, 0xC512, 0xC533, 0xC554, 0xC575,
    0xC575, 0xC575, 0xC575, 0xC595, 0xC596, 0xBD96, 0xBD96, 0xBD96,
    0xC596, 0xBD96, 0xCDD6, 0xFE93, 0xFD09, 0xF487, 0xE3C6, 0xB241,
    0xC345, 0xFE2F, 0xFE30, 0xFE50, 0xFE0F, 0xFD8C, 0xDB63, 0xBA81,
    0xC2C2, 0xB241, 0xBA81, 0xAA21, 0xA221, 0xAA40, 0xAA20, 0xAA20,
    0xB240, 0xCB22, 0xE425, 0xED09, 0xED2A, 0xF52A, 0xF56B, 0xF54A,
    0xF54B, 0xF5AC, 0xF58C, 0xF56C, 0xCBA6, 0xB241, 0xB261, 0xB220,
    0xCAC1, 0xCAA1, 0xDBC5, 0xECC9, 0xF54B, 0xF5AD, 0xFE0F, 0xF5EE,
    0xF5AD, 0xED2B, 0xCB23, 0xCB23, 0xD364, 0xDB84, 0xE426, 0xF447,
    0xCD96, 0xADBB, 0xADBA, 0xADBA, 0xADBA, 0xADBA, 0xADBA, 0xADB9,
    0xAD99, 0xAD99, 0xAD99, 0xA599, 0xA599, 0xA599, 0xA599, 0xA599,
    0xA599, 0xA599, 0xA598, 0xA596, 0xA574, 0x9D72, 0x9D6F, 0x9D6B,
    0x9D69, 0x9D47, 0x9D25, 0x9524, 0x9505, 0x9505, 0x8CE4, 0x8CC5,
    0x84A6, 0x8487, 0x7C67, 0x7C47, 0x7406, 0x6BE6, 0x63A5, 0x5B83,
    0x5340, 0x5320, 0x5340, 0x5BA0, 0x6C00, 0x8481, 0x9503, 0x9D24,
    0x9D45, 0xA566, 0xA566, 0x9D45, 0x94E4, 0x8482, 0x7420, 0x6C01,
    0x6BE5, 0x6BE8, 0x6C0A, 0x6C2D, 0x744F, 0x7C91, 0x7472, 0x7C94,
    0x7C74, 0x6C33, 0x63D2, 0x536F, 0x4B2D, 0x42EB, 0x3A87, 0x3241,
    0x3240, 0x3240, 0x3240, 0x2A20, 0x2A00, 0x29E0, 0x29E0, 0x29E0,
    0x29E1, 0x3226, 0x3A89, 0x3A89, 0x3A89, 0x3A89, 0x3A88, 0x3A87,
    0x3A67, 0x3245, 0x3201, 0x2A00, 0x2A00, 0x29E0, 0x29E0, 0x29E0,
    0xD4EC, 0xD4EA, 0xD4A9, 0xCC48, 0xBBC8, 0xAB6A, 0x932C, 0x7AEF,
    0x5AD1, 0x22D5, 0x1AF5, 0x1AF5, 0x2B15, 0x5B94, 0x83F3, 0x9C52,
    0xAC91, 0xBCAF, 0xCCCE, 0xD4ED, 0xCCCC, 0xCC6B, 0xC44A, 0xC429,
    0xCC29, 0xCC29, 0xCC29, 0xCC4A, 0xCC8C, 0xCCAE, 0xCCF0, 0xCD52,
    0xD5B4, 0xDDF6, 0xDE37, 0xE657, 0xE678, 0xE678, 0xE698, 0xE699,
    0xE699, 0xE699, 0xE678, 0xDE16, 0xD5B4, 0xC552, 0xBCD0, 0xB44D,
    0xA3CA, 0x9B68, 0x9B48, 0x9B68, 0xA389, 0xABCA, 0xB40A, 0xBC4B,
    0xC44B, 0xC46C, 0xC48C, 0xC48C, 0xC46B, 0xBC4B, 0xBC2B, 0xBC0A,
    0xBC0A, 0xBC09, 0xBC09, 0xC429, 0xCC49, 0xC449, 0xC44A, 0xC44A,
    0xC46B, 0xC48D, 0xC4AE, 0xC4D0, 0xC4F1, 0xC512, 0xC553, 0xC553,
    0xC554, 0xC554, 0xC574, 0xC574, 0xC574, 0xC575, 0xC575, 0xC575,
    0xC595, 0xC575, 0xCDD5, 0xFEB4, 0xF4A8, 0xEC26, 0xD344, 0xB282,
    0xED0B, 0xFE71, 0xFE50, 0xFE30, 0xFE0F, 0xFDAC, 0xE3C4, 0xD323,
    0xC2A2, 0xB241, 0xB240, 0xA220, 0xB261, 0xB261, 0xB240, 0xC2A0,
    0xDBE4, 0xECE8, 0xED29, 0xF56B, 0xF58C, 0xF56B, 0xED4A, 0xF58C,
    0xF56B, 0xF56B, 0xF58C, 0xDC68, 0xB261, 0xAA00, 0xAA20, 0xA1E0,
    0xA200, 0xC281, 0xD322, 0xD343, 0xED2A, 0xF5AD, 0xF5EE, 0xFDEE,
    0xF58C, 0xF58D, 0xCB85, 0xBA81, 0xDBA6, 0xDBC5, 0xEC47, 0xF467,
    0xD552, 0xA59A, 0xAD79, 0xAD99, 0xAD99, 0xAD99, 0xAD99, 0xAD99,
    0xAD99, 0xAD79, 0xAD79, 0xAD79, 0xA579, 0xA579, 0xA579, 0xA579,
    0xA598, 0xA597, 0xA596, 0xA574, 0xA572, 0x9D6F, 0x9D6C, 0x9D68,
    0x9D65, 0x9D43, 0x9D22, 0x9522, 0x9502, 0x94E1, 0x8CC0, 0x8CA0,
    0x8480, 0x7C61, 0x7C42, 0x7422, 0x6BE2, 0x6BC2, 0x63A1, 0x5B80,
    0x5340, 0x5320, 0x5B60, 0x6BE0, 0x7C40, 0x8CC0, 0x9520, 0x9D61,
    0xA582, 0xADA2, 0xA582, 0x9D61, 0x9500, 0x84A0, 0x7C40, 0x7420,
    0x7424, 0x7C48, 0x7C6B, 0x7C8D, 0x84AF, 0x84D0, 0x7CB1, 0x7C92,
    0x7C73, 0x6C12, 0x5BB1, 0x534E, 0x430C, 0x42CA, 0x3A66, 0x3240,
    0x3240, 0x3240, 0x3240, 0x2A20, 0x2A00, 0x29E0, 0x29E0, 0x29E0,
    0x2A04, 0x3A68, 0x42CB, 0x42CB, 0x42EB, 0x42CB, 0x42CA, 0x42A9,
    0x3A88, 0x3245, 0x2A01, 0x29E0, 0x29E0, 0x29E0, 0x29E0, 0x29E0,
    0xD4EB, 0xDCEA, 0xD4A9, 0xCC48, 0xC3E8, 0xB3AA, 0xA38C, 0x934E,
    0x7B30, 0x5B33, 0x5B34, 0x5B33, 0x5B53, 0x7BB3, 0x9412, 0xAC51,
    0xB490, 0xC4AF, 0xCCCD, 0xD4ED, 0xD4CC, 0xCC8B, 0xCC6A, 0xCC29,
    0xCC29, 0xCC49, 0xCC4A, 0xCC4A, 0xCC8C, 0xCCAD, 0xCCEF, 0xCD31,
    0xD593, 0xDDD5, 0xDE16, 0xDE37, 0xE657, 0xE658, 0xE678, 0xE678,
    0xE678, 0xE678, 0xDE37, 0xDDF5, 0xD593, 0xC531, 0xBCAF, 0xB44C,
    0xABCA, 0x9B68, 0x9B68, 0xA388, 0xAB89, 0xABC9, 0xBC0A, 0xBC2B,
    0xC44B, 0xC46B, 0xC48C, 0xC48C, 0xC46B, 0xBC4B, 0xBC2A, 0xB40A,
    0xB3E9, 0xBC09, 0xBC09, 0xC429, 0xCC49, 0xCC49, 0xC44A, 0xC44A,
    0xC44B, 0xC46C, 0xBC8D, 0xBCAF, 0xBCD0, 0xC511, 0xC532, 0xC532,
    0xC532, 0xC553, 0xC553, 0xC553, 0xC553, 0xC554, 0xC574, 0xC574,
    0xC574, 0xC574, 0xDE15, 0xFF15, 0xFD6B, 0xF467, 0xE446, 0xF56C,
    0xFEB3, 0xFE51, 0xFE51, 0xFE50, 0xFE0F, 0xFD8C, 0xDBA4, 0xC2C2,
    0xC2C2, 0xAA41, 0xAA20, 0xAA20, 0xAA20, 0xB240, 0xB240, 0xE446,
    0xF56B, 0xED09, 0xF56B, 0xF58C, 0xF5AC, 0xF56B, 0xED4A, 0xF54A,
    0xED6B, 0xED4B, 0xE488, 0xC323, 0xB241, 0xA1E0, 0xA200, 0xA220,
    0x99E0, 0xAA21, 0xCB02, 0xCAE2, 0xE467, 0xF54B, 0xF5AD, 0xF5CD,
    0xF5CE, 0xFE0F, 0xED6D, 0xC323, 0xD344, 0xE3E5, 0xEBE5, 0xFDAC,
    0xEDD2, 0xAD58, 0xAD78, 0xAD78, 0xAD78, 0xAD78, 0xAD78, 0xAD78,
    0xAD78, 0xAD78, 0xAD57, 0xAD57, 0xA558, 0xA557, 0xA557, 0xA557,
    0xA557, 0xA555, 0xA574, 0xA572, 0xA56F, 0x9D6C, 0x9D69, 0x9D66,
    0x9D63, 0x9D63, 0x9D43, 0x9D22, 0x9502, 0x94E1, 0x8CC0, 0x84A0,
    0x8480, 0x7C60, 0x7440, 0x7400, 0x6BE0, 0x6BC0, 0x63A0, 0x5B80,
    0x5B60, 0x5B80, 0x63C0, 0x7420, 0x84A0, 0x9500, 0x9D60, 0xADA0,
    0xADC0, 0xB5E0, 0xADC0, 0xA560, 0x9520, 0x8CE0, 0x7C80, 0x7440,
    0x7C63, 0x8487, 0x84CA, 0x8CCC, 0x8CEE, 0x8CEF, 0x84B0, 0x7C70,
    0x7430, 0x63F0, 0x536F, 0x4B0D, 0x42CB, 0x3A88, 0x3A64, 0x3240,
    0x3240, 0x3240, 0x3240, 0x3220, 0x2A00, 0x2A00, 0x2A00, 0x2A02,
    0x3226, 0x3AAA, 0x4B0C, 0x4B0D, 0x4B0D, 0x4B0D, 0x42EC, 0x42EB,
    0x3AA9, 0x3245, 0x29E0, 0x29E0, 0x29E0, 0x29E0, 0x29E0, 0x2A00,
    0xDCEB, 0xDCEA, 0xDCC9, 0xD468, 0xCC09, 0xC3EA, 0xBBCB, 0xABAD,
    0x9B8F, 0x8371, 0x8392, 0x8392, 0x8392, 0x93D2, 0xA431, 0xB470,
    0xC4AF, 0xCCCE, 0xD4ED, 0xD4ED, 0xD4CC, 0xD4AB, 0xCC6A, 0xCC49,
    0xCC49, 0xCC69, 0xCC6A, 0xCC6A, 0xCC8B, 0xCCAD, 0xCCEE, 0xD530,
    0xD572, 0xDDB3, 0xDDF5, 0xDE16, 0xE636, 0xE637, 0xE657, 0xE657,
    0xE657, 0xE636, 0xDE15, 0xDDD4, 0xD593, 0xCD31, 0xC4CE, 0xBC4C,
    0xB3EA, 0xABA8, 0xABA8, 0xABA8, 0xB3C9, 0xB3E9, 0xBC2A, 0xC44B,
    0xC46B, 0xC46B, 0xC46B, 0xC48B, 0xC46B, 0xC44B, 0xBC2A, 0xBC0A,
    0xBBE9, 0xBC09, 0xBC09, 0xC429, 0xCC49, 0xCC4A, 0xC44A, 0xC44A,
    0xC44B, 0xC46C, 0xBC6D, 0xBCAE, 0xC4CF, 0xC4F0, 0xC511, 0xC531,
    0xC531, 0xC532, 0xC532, 0xC532, 0xC532, 0xC552, 0xC553, 0xC553,
    0xCD73, 0xC553, 0xEE55, 0xFF15, 0xFE4F, 0xFDEE, 0xFE71, 0xFE91,
    0xFE92, 0xFE71, 0xFE71, 0xFE51, 0xF5CD, 0xF58C, 0xE467, 0xCAE1,
    0xC281, 0xAA20, 0xAA20, 0xAA00, 0xA200, 0xB220, 0xD3C4, 0xFD8B,
    0xF5AC, 0xF54A, 0xED2A, 0xF58C, 0xF5CD, 0xF5AD, 0xED6B, 0xF56B,
    0xED6C, 0xE489, 0xCB64, 0xBAA1, 0xAA40, 0x99C0, 0xA200, 0x99E0,
    0xA1E0, 0xB241, 0xAA21, 0xB241, 0xC281, 0xDC06, 0xF56B, 0xF5AD,
    0xFE0F, 0xFE30, 0xFE30, 0xECEB, 0xD343, 0xE3C5, 0xE383, 0xFD4A,
    0xF695, 0xAD36, 0xA536, 0xAD36, 0xAD36, 0xAD56, 0xAD56, 0xAD36,
    0xAD36, 0xAD36, 0xAD36, 0xAD36, 0xAD36, 0xA516, 0xA516, 0xA535,
    0xA534, 0xA533, 0xA551, 0xA54F, 0x9D4C, 0x9D49, 0x9D66, 0xA563,
    0xA563, 0x9D63, 0x9D42, 0x9D22, 0x9500, 0x94E0, 0x8CC0, 0x84A0,
    0x8480, 0x7C80, 0x7440, 0x7420, 0x6BE0, 0x63C0, 0x63C0, 0x5BA0,
    0x63A0, 0x6BE0, 0x7420, 0x8480, 0x8CE0, 0x9D40, 0xADA0, 0xB5E0,
    0xBE00, 0xBE00, 0xB5C0, 0xA580, 0x9D20, 0x8CE0, 0x84C0, 0x8480,
    0x84A2, 0x8CC6, 0x8CE9, 0x950B, 0x8D0D, 0x8CEE, 0x84AE, 0x7C4E,
    0x6BEE, 0x63AE, 0x4B2D, 0x42CB, 0x3A89, 0x3A66, 0x3241, 0x3220,
    0x3240, 0x3240, 0x3240, 0x3240, 0x3220, 0x3220, 0x3220, 0x3243,
    0x3A87, 0x42EB, 0x4B0D, 0x4B2D, 0x4B2D, 0x4B2D, 0x4B2D, 0x430C,
    0x3AA9, 0x3244, 0x29E0, 0x21C0, 0x29C0, 0x29E0, 0x29E0, 0x2A00,
    0xDCEB, 0xE4EA, 0xDCC9, 0xDC89, 0xD449, 0xCC2A, 0xC40B, 0xBBED,
    0xABEE, 0xA3D0, 0x9BD1, 0x9BD1, 0x9BF1, 0xAC10, 0xB450, 0xBC6F,
    0xCCAE, 0xD4CD, 0xD4ED, 0xDCEC, 0xD4CC, 0xD4AB, 0xD48A, 0xD469,
    0xD469, 0xD469, 0xD469, 0xCC6A, 0xCC8B, 0xD4AC, 0xD4CD, 0xD50F,
    0xD550, 0xDD92, 0xDDB3, 0xDDF4, 0xE615, 0xE615, 0xE635, 0xE636,
    0xE636, 0xE635, 0xDDF4, 0xDDB3, 0xD571, 0xCD30, 0xCCCE, 0xC46C,
    0xBC0A, 0xB3E9, 0xBBE9, 0xBBE9, 0xBBE9, 0xBC09, 0xC44A, 0xC46A,
    0xCC6B, 0xCC6B, 0xCC8B, 0xCC8B, 0xCC6B, 0xC46A, 0xC44A, 0xBC0A,
    0xBC09, 0xBC09, 0xC429, 0xC449, 0xCC49, 0xCC4A, 0xC44A, 0xC44A,
    0xC44B, 0xC44C, 0xBC6D, 0xBC8E, 0xC4CF, 0xC4F0, 0xC510, 0xC511,
    0xC531, 0xC531, 0xC531, 0xC531, 0xC531, 0xC532, 0xC552, 0xC552,
    0xC552, 0xC532, 0xEE74, 0xFEF5, 0xFE92, 0xFE72, 0xFE92, 0xFE50,
    0xFE71, 0xFE71, 0xFDCE, 0xFE30, 0xFDCD, 0xFDEE, 0xFD8B, 0xECA7,
    0xD342, 0xBA61, 0xAA20, 0xAA00, 0xB220, 0xCB43, 0xF54A, 0xF58B,
    0xF5CD, 0xF58C, 0xF56B, 0xF58C, 0xF58C, 0xF58C, 0xF56B, 0xED4B,
    0xE4C9, 0xDBE6, 0xC2E2, 0xB261, 0xB261, 0xB240, 0xB241, 0xA1E0,
    0xA200, 0xBA81, 0xAA41, 0xBA81, 0xBA61, 0xC2C1, 0xDB84, 0xECE9,
    0xFE30, 0xFE30, 0xFE30, 0xF5AE, 0xE467, 0xEC26, 0xEC05, 0xFDCD,
    0xFEB5, 0xB534, 0xA4D4, 0xACF4, 0xAD14, 0xAD14, 0xAD15, 0xAD14,
    0xAD14, 0xACF4, 0xACF4, 0xA4F4, 0xA4F5, 0xA4F4, 0xA4D3, 0xA4D3,
    0xA4F2, 0x9CF0, 0x9D0E, 0x9D2C, 0x9D49, 0x9D47, 0x9D64, 0x9D63,
    0x9D63, 0x9D62, 0x9D42, 0x9D42, 0x9520, 0x9500, 0x8CC0, 0x84C0,
    0x84A0, 0x7C60, 0x7440, 0x7420, 0x6C00, 0x6BE0, 0x63C0, 0x63C0,
    0x6BE0, 0x7400, 0x7C60, 0x8CC0, 0x9520, 0xA560, 0xB5C0, 0xBE20,
    0xBE20, 0xBE20, 0xB5E0, 0xA580, 0x9D40, 0x9500, 0x8CE0, 0x8CC0,
    0x8CE1, 0x9505, 0x9507, 0x9509, 0x950B, 0x8CEB, 0x84AB, 0x742B,
    0x63CB, 0x5B6B, 0x4AEB, 0x3A89, 0x3A47, 0x3223, 0x3220, 0x3240,
    0x3240, 0x3260, 0x3260, 0x3A60, 0x3A60, 0x3A60, 0x3A80, 0x42A4,
    0x42C8, 0x4B0C, 0x4B2C, 0x4B2D, 0x4B2D, 0x4B2D, 0x4B2D, 0x4B0C,
    0x42AA, 0x3224, 0x29E0, 0x21C0, 0x29C0, 0x29E0, 0x29E0, 0x2A00,
    0xDCEB, 0xE4EA, 0xE4C9, 0xDC89, 0xDC69, 0xD44A, 0xCC4B, 0xC42C,
    0xBC0D, 0xB40F, 0xB40F, 0xBC0F, 0xB40F, 0xBC2F, 0xC46E, 0xCC8E,
    0xD4AD, 0xD4CD, 0xDCEC, 0xDCEC, 0xDCCB, 0xDCAB, 0xD4AA, 0xD489,
    0xD489, 0xD489, 0xD489, 0xD469, 0xD48A, 0xD4AB, 0xD4CC, 0xD4ED,
    0xD52F, 0xDD70, 0xDD91, 0xDDB2, 0xDDD3, 0xDDD3, 0xE5F4, 0xE5F4,
    0xE5F4, 0xE5F4, 0xDDD3, 0xDD92, 0xD550, 0xD50F, 0xCCCD, 0xCC8B,
    0xC44A, 0xC409, 0xC429, 0xC429, 0xC429, 0xC44A, 0xCC6A, 0xCC6A,
    0xCC6A, 0xCC8A, 0xCC8B, 0xCC8B, 0xCC6B, 0xCC6A, 0xC44A, 0xC42A,
    0xC429, 0xC409, 0xC429, 0xC449, 0xCC4A, 0xCC4A, 0xC44A, 0xC44A,
    0xC44B, 0xC46C, 0xBC6D, 0xBCAE, 0xC4CF, 0xC4F0, 0xC511, 0xC531,
    0xC531, 0xC531, 0xC532, 0xC531, 0xC531, 0xC552, 0xC552, 0xC552,
    0xC552, 0xCD72, 0xFE73, 0xFEF5, 0xFE92, 0xFE93, 0xFE51, 0xFE51,
    0xFE71, 0xFE51, 0xFDEE, 0xFE71, 0xFE2F, 0xFE2F, 0xFDEE, 0xFDCC,
    0xE3E4, 0xCAE1, 0xBA40, 0xBA60, 0xDBC4, 0xED09, 0xF56B, 0xF5CD,
    0xF5ED, 0xF5AC, 0xF58C, 0xF56B, 0xF58C, 0xED4C, 0xDC47, 0xDBC5,
    0xCB43, 0xCB23, 0xBA81, 0xA1E0, 0xB220, 0xB240, 0xB240, 0xA200,
    0xAA20, 0xBA81, 0xBA61, 0xBA60, 0xC2A1, 0xB261, 0xC281, 0xD322,
    0xF54B, 0xFE30, 0xFE30, 0xFE30, 0xFE0F, 0xFDAD, 0xF54B, 0xFE50,
    0xFEB4, 0xBD12, 0x9C92, 0xACD2, 0xACD3, 0xACD3, 0xACD3, 0xACD3,
    0xA4D3, 0xA4D3, 0xA4D3, 0xA4B3, 0xA4B3, 0xA4B2, 0xA4B1, 0x9CB0,
    0x9CAF, 0x9CCD, 0x9CEC, 0x9D09, 0x9D27, 0x9D24, 0x9D43, 0x9D42,
    0x9D42, 0x9D42, 0x9D42, 0x9D20, 0x9500, 0x8CE0, 0x8CC0, 0x84A0,
    0x7C80, 0x7C60, 0x7440, 0x7420, 0x6C00, 0x6C00, 0x6BE0, 0x6C00,
    0x6C00, 0x7440, 0x8480, 0x8CE0, 0x9D40, 0xADA0, 0xB600, 0xBE40,
    0xBE40, 0xBE20, 0xB600, 0xADA0, 0x9D60, 0x9520, 0x9500, 0x9520,
    0x9D20, 0x9D21, 0x9504, 0x9506, 0x8CE8, 0x8CC9, 0x7C69, 0x7409,
    0x6389, 0x5329, 0x42C8, 0x3A67, 0x3224, 0x2A21, 0x3240, 0x3260,
    0x3260, 0x3A80, 0x3AA0, 0x3AA0, 0x3AA0, 0x3AA0, 0x42C0, 0x42C4,
    0x4AE9, 0x532B, 0x534C, 0x4B4C, 0x534C, 0x532C, 0x4B2C, 0x4B0C,
    0x42AA, 0x3224, 0x29C0, 0x29C0, 0x29E0, 0x29E0, 0x29E0, 0x29E0,
    0xDCCA, 0xE4CA, 0xE4A9, 0xDCA9, 0xDC89, 0xDC69, 0xD46A, 0xCC4B,
    0xCC4C, 0xCC4D, 0xCC4D, 0xCC4D, 0xCC4D, 0xCC4D, 0xCC6D, 0xD48D,
    0xD4CC, 0xDCCC, 0xDCEC, 0xDCCB, 0xDCAA, 0xDCAA, 0xD489, 0xD489,
    0xD489, 0xD489, 0xD489, 0xD489, 0xD48A, 0xD4AB, 0xD4CB, 0xD4EC,
    0xDD0D, 0xDD2E, 0xDD4F, 0xDD70, 0xDD90, 0xDD91, 0xDD91, 0xDDB1,
    0xDDB2, 0xDDB2, 0xDD91, 0xDD50, 0xD52E, 0xD4ED, 0xD4CC, 0xCC8B,
    0xCC49, 0xCC49, 0xCC49, 0xCC49, 0xCC49, 0xCC6A, 0xCC6A, 0xCC8A,
    0xCC8A, 0xD48A, 0xD48A, 0xCC8B, 0xCC8A, 0xCC6A, 0xCC6A, 0xC44A,
    0xC429, 0xC429, 0xC429, 0xC449, 0xCC6A, 0xCC4A, 0xC44A, 0xC44A,
    0xC46B, 0xC46C, 0xBC8D, 0xBCAE, 0xC4D0, 0xC4F0, 0xC511, 0xC531,
    0xC531, 0xC531, 0xC552, 0xCD52, 0xCD52, 0xC552, 0xC552, 0xC552,
    0xC552, 0xD551, 0xFDCE, 0xFED4, 0xFEB3, 0xFEB3, 0xFE71, 0xFE92,
    0xFE71, 0xF58C, 0xF5CE, 0xFE71, 0xFE50, 0xFE2F, 0xFDCD, 0xF58B,
    0xF4E8, 0xEC66, 0xDBA3, 0xECA7, 0xFDCD, 0xF56B, 0xF58C, 0xF5ED,
    0xF5CD, 0xF5CD, 0xF5CD, 0xF5CD, 0xE4C8, 0xBAE3, 0xC2A1, 0xBA81,
    0xB261, 0xA200, 0xA221, 0x99A0, 0xAA00, 0xB240, 0xAA40, 0xA200,
    0xA220, 0xA220, 0xA1E0, 0xAA00, 0xAA40, 0xAA40, 0xC2C2, 0xCAC1,
    0xE406, 0xFE30, 0xFE30, 0xFE51, 0xFE30, 0xFE51, 0xFE50, 0xFE50,
    0xFEF5, 0xDDD3, 0xA491, 0xACB1, 0xA4B1, 0xA4B1, 0xA4B1, 0xA4B1,
    0xA491, 0xA491, 0xA491, 0xA491, 0xA491, 0x9C70, 0x9C6F, 0x9C6E,
    0x9C6C, 0x948B, 0x94A9, 0x94E7, 0x94E4, 0x9502, 0x9521, 0x9520,
    0x9520, 0x9520, 0x9500, 0x94E0, 0x8CC0, 0x84A0, 0x8480, 0x7C80,
    0x7C60, 0x7440, 0x7420, 0x6C00, 0x6C00, 0x6C00, 0x6C00, 0x6C00,
    0x7420, 0x7C40, 0x84A0, 0x9500, 0xA560, 0xADC0, 0xB600, 0xBE40,
    0xC640, 0xBE20, 0xB600, 0xADC0, 0xA580, 0x9D60, 0x9D40, 0x9D60,
    0x9D60, 0x9D40, 0x9520, 0x8CE2, 0x8CC4, 0x8485, 0x7C26, 0x6BC6,
    0x5B66, 0x4AE6, 0x4285, 0x3223, 0x3222, 0x2A20, 0x3260, 0x3280,
    0x3AA0, 0x3AC0, 0x42C0, 0x42C0, 0x42C0, 0x42C0, 0x42E0, 0x4B05,
    0x5329, 0x532B, 0x534B, 0x534C, 0x532C, 0x532C, 0x532C, 0x4B0C,
    0x42A9, 0x3245, 0x29E0, 0x29E0, 0x29E0, 0x29E0, 0x29E0, 0x29E0,
    0xDC89, 0xDC89, 0xDC89, 0xDC89, 0xDC69, 0xD469, 0xD469, 0xD46A,
    0xD46A, 0xD46B, 0xD46B, 0xD46B, 0xD46B, 0xD46B, 0xD46B, 0xD48B,
    0xD4AB, 0xDCAA, 0xD4AA, 0xD48A, 0xD489, 0xD469, 0xD469, 0xD469,
    0xD469, 0xD469, 0xD469, 0xD469, 0xD469, 0xD48A, 0xD48A, 0xD4AB,
    0xD4CB, 0xDCEC, 0xDD0D, 0xDD0E, 0xDD2E, 0xDD2E, 0xDD2E, 0xDD2E,
    0xDD2E, 0xDD2E, 0xDD2E, 0xDD0D, 0xD4EC, 0xD4AB, 0xD48A, 0xCC6A,
    0xCC69, 0xCC69, 0xCC69, 0xCC69, 0xCC69, 0xCC69, 0xCC6A, 0xD48A,
    0xD48A, 0xD48A, 0xD48A, 0xD48A, 0xCC8A, 0xCC6A, 0xCC6A, 0xC449,
    0xC429, 0xC429, 0xC429, 0xCC49, 0xCC6A, 0xCC6A, 0xC44A, 0xC44A,
    0xC46B, 0xC48D, 0xC48E, 0xBCAF, 0xC4F0, 0xC511, 0xC531, 0xC532,
    0xC532, 0xC552, 0xC552, 0xCD52, 0xCD52, 0xCD52, 0xC573, 0xCD73,
    0xC573, 0xDD50, 0xFD0A, 0xFED3, 0xFED3, 0xFE71, 0xFDEE, 0xFDCE,
    0xF50A, 0xDBA5, 0xE4A9, 0xFE0F, 0xFE30, 0xFDEE, 0xFDED, 0xFDED,
    0xFDAB, 0xF549, 0xF56A, 0xFDED, 0xFDCD, 0xF58B, 0xF5CC, 0xF5CD,
    0xF58C, 0xF5EE, 0xF5CD, 0xF52A, 0xBB02, 0xA9E0, 0xA1C0, 0xAA00,
    0xAA20, 0x99E0, 0x99C0, 0xA200, 0xB220, 0xB240, 0xAA41, 0xAA61,
    0x9A01, 0xA200, 0xA1E0, 0xA1E0, 0xA200, 0xB281, 0xAA41, 0xCAE2,
    0xDB83, 0xF56B, 0xFE30, 0xFE50, 0xFE51, 0xFE51, 0xFE51, 0xFE0F,
    0xFED4, 0xE614, 0xA491, 0xA4B1, 0xA4B1, 0xA491, 0xA491, 0xA491,
    0xA490, 0x9C70, 0x9C70, 0x9C70, 0x9C70, 0x9C4F, 0x9C4E, 0x944C,
    0x944B, 0x8C69, 0x8C67, 0x8C85, 0x8CA2, 0x8CC0, 0x8CE0, 0x8CE0,
    0x8CE0, 0x8CE0, 0x8CC0, 0x84A0, 0x8480, 0x7C60, 0x7C60, 0x7440,
    0x7420, 0x7420, 0x6C00, 0x6BE0, 0x6BE0, 0x63E0, 0x63E0, 0x6BE0,
    0x6C00, 0x7440, 0x8480, 0x9500, 0x9D60, 0xADC0, 0xB600, 0xBE20,
    0xBE20, 0xBE20, 0xB600, 0xADE0, 0xA5A0, 0xA580, 0xA580, 0xA580,
    0xA560, 0x9D40, 0x9500, 0x8CC0, 0x8480, 0x7C41, 0x6BE2, 0x6382,
    0x5323, 0x42C3, 0x3A62, 0x3221, 0x2A20, 0x3240, 0x3260, 0x3AA0,
    0x42C0, 0x42E0, 0x42E0, 0x4B00, 0x4B00, 0x4AE0, 0x4B00, 0x4B25,
    0x5328, 0x534A, 0x534B, 0x534B, 0x532B, 0x532B, 0x532C, 0x4AEB,
    0x42A9, 0x3246, 0x2A01, 0x29E1, 0x3202, 0x3202, 0x2A01, 0x2A00,
    0xCC28, 0xCC28, 0xCC28, 0xCC28, 0xD448, 0xD449, 0xD449, 0xD469,
    0xD469, 0xD469, 0xD469, 0xD469, 0xD469, 0xD469, 0xD469, 0xD469,
    0xD469, 0xD469, 0xD469, 0xD448, 0xD448, 0xD448, 0xD448, 0xD448,
    0xD468, 0xD469, 0xD469, 0xD469, 0xD469, 0xD469, 0xD469, 0xD489,
    0xD48A, 0xD48A, 0xD48A, 0xD4AB, 0xD4AB, 0xD4AB, 0xD4AB, 0xD4AB,
    0xD4AB, 0xD4AB, 0xD4AB, 0xD4AB, 0xD4AA, 0xD46A, 0xCC69, 0xCC49,
    0xCC69, 0xCC69, 0xD469, 0xCC69, 0xD469, 0xCC69, 0xCC69, 0xCC8A,
    0xD48A, 0xD48A, 0xD48A, 0xCC8A, 0xCC6A, 0xCC6A, 0xCC4A, 0xC429,
    0xC429, 0xC429, 0xC429, 0xCC49, 0xCC6A, 0xCC6A, 0xCC4A, 0xC44A,
    0xC46B, 0xC48D, 0xC48E, 0xBCAF, 0xC4F0, 0xC511, 0xC552, 0xCD32,
    0xCD32, 0xC552, 0xC552, 0xC552, 0xCD52, 0xCD72, 0xCD73, 0xCD73,
    0xC594, 0xED2D, 0xFD0A, 0xFEF4, 0xFDCD, 0xEC68, 0xD3C6, 0xEC47,
    0xDB84, 0xCB04, 0xCB64, 0xF56C, 0xFDCD, 0xFDCD, 0xFE2F, 0xFDCD,
    0xFDAC, 0xF58A, 0xFDED, 0xFE0E, 0xF5AC, 0xF5CD, 0xF58B, 0xF5AC,
    0xF5AC, 0xF5CD, 0xDBE5, 0xC2E2, 0xB2A2, 0xAA20, 0xAA00, 0xA1C0,
    0xA1E0, 0x99C0, 0xAA20, 0xAA20, 0xA200, 0xAA20, 0xAA00, 0xA200,
    0x91A0, 0xA221, 0xAA40, 0xAA20, 0xA1E0, 0xB221, 0xBA81, 0xCAE2,
    0xD302, 0xE3E4, 0xFE0E, 0xFE0F, 0xFE30, 0xFE30, 0xFE72, 0xFE30,
    0xFE72, 0xEE54, 0xA491, 0xA491, 0xA4B1, 0xA4B1, 0xA491, 0xA491,
    0x9C91, 0x9C71, 0x9C70, 0x9C70, 0x9C6F, 0x9C4E, 0x944D, 0x8C4B,
    0x8C4A, 0x8C48, 0x8446, 0x8444, 0x8480, 0x8480, 0x84A0, 0x8480,
    0x8480, 0x8480, 0x7C60, 0x7C60, 0x7440, 0x7420, 0x7420, 0x7400,
    0x6C00, 0x6BE0, 0x6BE0, 0x63E0, 0x63C0, 0x63C0, 0x63C0, 0x63C0,
    0x63E0, 0x7420, 0x7C80, 0x8CE0, 0x9D40, 0xADA0, 0xB5E0, 0xBE20,
    0xBE20, 0xB600, 0xB5E0, 0xADC0, 0xADC0, 0xA5A0, 0xA5A0, 0xA580,
    0x9D60, 0x9D40, 0x94E0, 0x84A0, 0x7C40, 0x6BE0, 0x6380, 0x5320,
    0x4AE0, 0x3A80, 0x3241, 0x3240, 0x2A20, 0x3240, 0x3A80, 0x3AA0,
    0x42C0, 0x42E0, 0x4B00, 0x4B20, 0x4B20, 0x4B00, 0x4B20, 0x5324,
    0x5327, 0x5349, 0x534A, 0x534A, 0x532B, 0x4B0B, 0x4B0B, 0x4AEA,
    0x42A9, 0x3246, 0x2A03, 0x3203, 0x3224, 0x3224, 0x3224, 0x3223,
    0xC3E7, 0xC3C7, 0xC3C7, 0xC3E7, 0xC3E8, 0xC408, 0xCC08, 0xCC28,
    0xCC28, 0xCC28, 0xCC28, 0xCC28, 0xCC28, 0xCC28, 0xCC28, 0xCC28,
    0xCC28, 0xCC08, 0xCC08, 0xCC08, 0xCC07, 0xCC07, 0xCC08, 0xCC28,
    0xCC28, 0xCC48, 0xCC48, 0xCC48, 0xCC28, 0xCC28, 0xCC28, 0xCC48,
    0xCC48, 0xCC28, 0xCC48, 0xCC48, 0xCC48, 0xCC49, 0xCC49, 0xCC49,
    0xCC49, 0xCC49, 0xCC49, 0xCC49, 0xCC49, 0xCC49, 0xCC49, 0xCC69,
    0xCC69, 0xCC69, 0xD469, 0xCC69, 0xCC69, 0xCC69, 0xCC69, 0xCC6A,
    0xCC8A, 0xCC8A, 0xCC8A, 0xCC8A, 0xCC6A, 0xCC6A, 0xC449, 0xC429,
    0xC409, 0xC409, 0xC429, 0xC449, 0xCC6A, 0xCC6A, 0xCC6A, 0xC44A,
    0xC46B, 0xC48D, 0xC4AE, 0xC4CF, 0xC4F0, 0xC511, 0xC552, 0xCD52,
    0xCD52, 0xCD52, 0xCD52, 0xCD52, 0xCD72, 0xCD73, 0xCD73, 0xC573,
    0xCD93, 0xF4C9, 0xFE51, 0xFE50, 0xF446, 0xD364, 0xCB44, 0xE3E6,
    0xCB23, 0xBA82, 0xC2C2, 0xE4A9, 0xFDEE, 0xFDCD, 0xFDCD, 0xF5AC,
    0xFDCD, 0xFE0E, 0xFE2F, 0xFDEE, 0xFDCD, 0xF58B, 0xF5AC, 0xFDCD,
    0xF56B, 0xDBE5, 0xC281, 0xB221, 0xB281, 0xAA20, 0xB240, 0xAA00,
    0x7940, 0x7100, 0xAA20, 0xC2A1, 0xB261, 0xAA41, 0xAA00, 0xAA00,
    0xA1E0, 0x99E0, 0xAA20, 0xAA21, 0xAA41, 0xBA61, 0xCAC2, 0xBA81,
    0xCB02, 0xD343, 0xF54B, 0xFE0F, 0xFE51, 0xFE51, 0xFE51, 0xFE51,
    0xFE10, 0xFEB5, 0xC553, 0x9C91, 0xA4B1, 0xA4B1, 0xA4B1, 0xA491,
    0xA491, 0x9C91, 0x9C70, 0x9470, 0x946F, 0x944D, 0x944C, 0x8C2A,
    0x8429, 0x8427, 0x7C25, 0x7C22, 0x7C40, 0x7C40, 0x7C40, 0x7C40,
    0x7440, 0x7420, 0x7400, 0x6C00, 0x6BE0, 0x6BE0, 0x6BC0, 0x63C0,
    0x63C0, 0x63A0, 0x63C0, 0x63C0, 0x63A0, 0x63A0, 0x5BA0, 0x5B80,
    0x63A0, 0x6BE0, 0x7440, 0x84A0, 0x9520, 0xA580, 0xADC0, 0xB600,
    0xB600, 0xB600, 0xB5E0, 0xADC0, 0xADC0, 0xA5C0, 0xA5A0, 0xA5A0,
    0x9D60, 0x9520, 0x8CC0, 0x8480, 0x7420, 0x63A0, 0x5340, 0x4AE0,
    0x3A80, 0x3240, 0x3240, 0x3240, 0x3240, 0x3260, 0x3A80, 0x42C0,
    0x42E0, 0x4B00, 0x4B20, 0x5320, 0x5320, 0x4B20, 0x5320, 0x5322,
    0x5326, 0x5348, 0x5349, 0x532A, 0x4B0A, 0x4AEA, 0x4AEA, 0x42C9,
    0x3A88, 0x3A46, 0x3224, 0x3246, 0x3A67, 0x3A67, 0x3A67, 0x3A67,
    0xB386, 0xB386, 0xB386, 0xB387, 0xB3A7, 0xBBA7, 0xBBC7, 0xBBC7,
    0xBBC8, 0xC3E8, 0xBBE8, 0xBBE8, 0xBBC8, 0xBBC8, 0xBBC7, 0xBBC7,
    0xBBC7, 0xBBC7, 0xBBC7, 0xBBA7, 0xBBA7, 0xBBA7, 0xBBC7, 0xC3C7,
    0xC3E7, 0xC3E7, 0xC3E7, 0xC3E7, 0xC3E7, 0xC3E7, 0xC3E7, 0xC3E7,
    0xC3E8, 0xC408, 0xCC08, 0xC408, 0xC408, 0xC408, 0xC408, 0xC408,
    0xC408, 0xC408, 0xC408, 0xC428, 0xC428, 0xC428, 0xCC28, 0xCC29,
    0xCC49, 0xCC49, 0xCC49, 0xCC49, 0xCC49, 0xCC49, 0xCC69, 0xCC69,
    0xCC6A, 0xCC6A, 0xCC6A, 0xCC6A, 0xCC6A, 0xC44A, 0xC429, 0xC409,
    0xC409, 0xC409, 0xC429, 0xC449, 0xCC6A, 0xCC6A, 0xCC6A, 0xC44A,
    0xC46B, 0xC48D, 0xC4AE, 0xC4CF, 0xC4F0, 0xC531, 0xC552, 0xC552,
    0xC552, 0xCD52, 0xCD52, 0xCD52, 0xCD73, 0xCD73, 0xCD73, 0xC594,
    0xD550, 0xFCE9, 0xFEB3, 0xFD4B, 0xE3A5, 0xC303, 0xD344, 0xDBA5,
    0xCB24, 0xCB03, 0xCAE2, 0xDC69, 0xED0B, 0xE4A9, 0xECEA, 0xF5CD,
    0xFE0E, 0xFE50, 0xFE2F, 0xFDCD, 0xFDEE, 0xFDEE, 0xFDEE, 0xFDEE,
    0xE446, 0xB240, 0xB240, 0xBA61, 0xB241, 0xAA00, 0xAA20, 0xAA20,
    0x91A0, 0x8980, 0x99E0, 0xBA61, 0xBA81, 0xBA61, 0xBA40, 0xB220,
    0xB240, 0xAA20, 0xA200, 0xB261, 0xBAA2, 0xBAA2, 0xC2C2, 0xBA81,
    0xBA81, 0xCAE2, 0xF4C8, 0xFE0F, 0xFE51, 0xFE92, 0xFE92, 0xF5AE,
    0xEC88, 0xFDEE, 0xDDB2, 0xA4B2, 0xA4B2, 0xA4B2, 0xA4B2, 0xA4B2,
    0xA4B2, 0x9C91, 0x9C71, 0x946F, 0x946E, 0x944D, 0x8C2B, 0x8429,
    0x8427, 0x7C25, 0x7C24, 0x7400, 0x7400, 0x7400, 0x6C00, 0x6BE0,
    0x6BE0, 0x63A0, 0x63A0, 0x6380, 0x5B80, 0x5B60, 0x5B60, 0x5B60,
    0x5B60, 0x5B60, 0x5B80, 0x5B80, 0x5B80, 0x5B60, 0x5B60, 0x5B40,
    0x5B60, 0x63A0, 0x6C00, 0x7C60, 0x8CC0, 0x9D20, 0xA580, 0xADC0,
    0xADE0, 0xB5E0, 0xADE0, 0xADC0, 0xADC0, 0xA5C0, 0xA5A0, 0xA5A0,
    0x9D40, 0x9500, 0x84A0, 0x7C40, 0x6BE0, 0x5B60, 0x4B00, 0x42A0,
    0x3240, 0x3240, 0x3240, 0x3260, 0x3260, 0x3260, 0x3AA0, 0x42C0,
    0x4B00, 0x4B20, 0x4B20, 0x5340, 0x5340, 0x4B20, 0x4B00, 0x4B00,
    0x5325, 0x5347, 0x5328, 0x4B09, 0x4AE9, 0x4AC9, 0x4AC8, 0x42A8,
    0x4288, 0x3A87, 0x3A88, 0x3AA9, 0x42AA, 0x42CA, 0x42CA, 0x42CA,
    0xA326, 0xA306, 0xA326, 0xA326, 0xA346, 0xAB46, 0xAB67, 0xAB67,
    0xAB67, 0xB387, 0xAB87, 0xAB67, 0xAB67, 0xAB67, 0xAB67, 0xAB67,
    0xAB67, 0xAB66, 0xAB46, 0xAB46, 0xAB46, 0xAB46, 0xB366, 0xB366,
    0xB366, 0xB386, 0xB386, 0xBB86, 0xBB86, 0xBB86, 0xBB86, 0xBBA6,
    0xBBA7, 0xBBC7, 0xBBC7, 0xBBC7, 0xBBC7, 0xBBC7, 0xBBC7, 0xBBC7,
    0xBBC7, 0xBBC7, 0xBBC7, 0xBBC7, 0xBBE8, 0xBBE8, 0xC3E8, 0xC3E8,
    0xC408, 0xC408, 0xC408, 0xC408, 0xC409, 0xC429, 0xC429, 0xC449,
    0xC44A, 0xCC6A, 0xCC6A, 0xCC6A, 0xC44A, 0xC42A, 0xBC09, 0xBC09,
    0xBC09, 0xBC09, 0xC429, 0xC449, 0xCC6A, 0xCC6A, 0xCC6A, 0xCC6B,
    0xC46C, 0xC48D, 0xC4AE, 0xC4EF, 0xC510, 0xC531, 0xC552, 0xC552,
    0xCD52, 0xCD72, 0xCD72, 0xCD73, 0xCD73, 0xCD73, 0xCD73, 0xC594,
    0xE52E, 0xFCE8, 0xFEB3, 0xFD0A, 0xD384, 0xC304, 0xD364, 0xDB64,
    0xD303, 0xBA61, 0xC2E3, 0xCBA6, 0xB2A2, 0xCB23, 0xCB23, 0xF56C,
    0xFE0F, 0xFDEE, 0xFDEE, 0xFDCD, 0xFDED, 0xFDCD, 0xFDEE, 0xF54B,
    0xC302, 0xA1E0, 0xBA81, 0xCAC1, 0xC281, 0xA1E0, 0x99C0, 0xAA00,
    0xB240, 0xC2A1, 0xB261, 0xAA20, 0xB220, 0xB240, 0xC261, 0xCAA1,
    0xC280, 0xB220, 0xA200, 0xBAA2, 0xCB03, 0xC2E2, 0xB261, 0xBA81,
    0xAA20, 0xC281, 0xEC67, 0xFE30, 0xFE51, 0xFE93, 0xFE31, 0xED2C,
    0xD364, 0xFC87, 0xE58F, 0xA4D3, 0xA4B2, 0xA4B2, 0xA4B2, 0xA4B2,
    0xA4B2, 0x9C91, 0x9C90, 0x946F, 0x944D, 0x944C, 0x8C2A, 0x8428,
    0x7C06, 0x7403, 0x7401, 0x6C00, 0x6BE0, 0x6BE0, 0x63C0, 0x63A0,
    0x6380, 0x5B60, 0x5320, 0x5320, 0x5320, 0x5300, 0x4B00, 0x4B00,
    0x5300, 0x5300, 0x5320, 0x5B40, 0x5B40, 0x5B40, 0x5320, 0x5321,
    0x5321, 0x5B61, 0x63C0, 0x7420, 0x8480, 0x8CE0, 0x9D20, 0xA560,
    0xA580, 0xADC0, 0xADC0, 0xADC0, 0xADC0, 0xADA0, 0xA5A0, 0xA580,
    0x9D40, 0x8CE0, 0x8480, 0x7420, 0x6BC0, 0x5B40, 0x4AC0, 0x3A60,
    0x3220, 0x3220, 0x3240, 0x3260, 0x3280, 0x3A80, 0x3AA0, 0x42E0,
    0x4B00, 0x4B20, 0x4B40, 0x4B40, 0x4B40, 0x4B20, 0x4B00, 0x4AE0,
    0x4AE2, 0x4B05, 0x4B06, 0x4AE7, 0x4AC7, 0x4AA7, 0x4287, 0x4287,
    0x4288, 0x3A89, 0x42A9, 0x42EB, 0x4B0C, 0x4B0D, 0x4B2D, 0x4B0D,
    0x92A5, 0x92C5, 0x92C5, 0x92E5, 0x9AE5, 0x9B06, 0x9B06, 0x9B06,
    0x9B26, 0xA326, 0xA326, 0xA326, 0x9B26, 0x9B06, 0x9B06, 0x9B06,
    0x9B05, 0x9AE5, 0x9AE5, 0x9AE4, 0x9AE5, 0x9AE5, 0x9AE5, 0xA2E5,
    0xA2E5, 0xA305, 0xA325, 0xAB25, 0xAB25, 0xAB45, 0xAB45, 0xAB45,
    0xB366, 0xB386, 0xB386, 0xB386, 0xB386, 0xB386, 0xB386, 0xB386,
    0xB386, 0xB387, 0xB387, 0xB3A7, 0xB3A7, 0xB3A7, 0xB3C7, 0xBBC7,
    0xBBC8, 0xBBC8, 0xBBE8, 0xBBE8, 0xBBE8, 0xBC09, 0xBC09, 0xC429,
    0xC449, 0xC44A, 0xC44A, 0xC44A, 0xC44A, 0xBC2A, 0xBC09, 0xBBE9,
    0xBBE9, 0xBC09, 0xC409, 0xC429, 0xCC6A, 0xCC6A, 0xCC6A, 0xCC6B,
    0xC48C, 0xC48D, 0xC4AE, 0xC4F0, 0xC511, 0xC531, 0xC552, 0xCD72,
    0xCD72, 0xCD73, 0xCD73, 0xCD73, 0xCD73, 0xCD73, 0xCD73, 0xCDB4,
    0xF4C9, 0xFDCD, 0xFE71, 0xEC26, 0xDBA5, 0xDBA5, 0xD364, 0xD343,
    0xCAC2, 0xBA61, 0xC2E3, 0xAA41, 0xBA81, 0xBA81, 0xC2A2, 0xE447,
    0xF52B, 0xFE0E, 0xFDEE, 0xFDEE, 0xFDCC, 0xFDCD, 0xFDEE, 0xE446,
    0xBA81, 0xAA20, 0xC2A1, 0xCAC2, 0xAA20, 0xA1E0, 0x91C0, 0xB241,
    0xC2C1, 0xD302, 0xBA81, 0xB261, 0xBA60, 0xCAC1, 0xC2A1, 0xCAE1,
    0xD302, 0xCAA1, 0xAA41, 0xBAA2, 0xCB03, 0xCB02, 0xBA82, 0xAA41,
    0xBA81, 0xC2A1, 0xD363, 0xFDEE, 0xFE72, 0xFEB4, 0xED2D, 0xD3C6,
    0xD344, 0xEC06, 0xFD6D, 0xB513, 0x9CB2, 0xA4B2, 0x9CB2, 0x9CB2,
    0x9C92, 0x9C91, 0x9C70, 0x946E, 0x944D, 0x8C4B, 0x8429, 0x8427,
    0x7C05, 0x7401, 0x6BE0, 0x6BE0, 0x6BE0, 0x63C0, 0x63A0, 0x6380,
    0x5B60, 0x5320, 0x5300, 0x4AE0, 0x4AE0, 0x4AE0, 0x42C0, 0x42C0,
    0x4AC0, 0x4AE0, 0x4AE0, 0x5300, 0x5301, 0x5301, 0x5301, 0x5301,
    0x5301, 0x5321, 0x5B60, 0x63C0, 0x7420, 0x8480, 0x8CE0, 0x9500,
    0x9D40, 0xA580, 0xA5A0, 0xADC0, 0xADC0, 0xA5A0, 0xA580, 0x9D40,
    0x9500, 0x8CC0, 0x7C40, 0x6BE0, 0x6380, 0x5320, 0x4280, 0x3240,
    0x3220, 0x3220, 0x3240, 0x3260, 0x3280, 0x3AA0, 0x42C0, 0x42E0,
    0x4B00, 0x4B20, 0x4B20, 0x4B40, 0x4B20, 0x4B00, 0x42E0, 0x42C0,
    0x42C0, 0x42C2, 0x42C4, 0x42A4, 0x42A5, 0x4285, 0x4265, 0x4266,
    0x4287, 0x42A9, 0x4AEB, 0x4B0D, 0x4B2E, 0x534F, 0x534F, 0x534F,
    0x8285, 0x8285, 0x8A85, 0x8AA5, 0x8AC5, 0x8AC5, 0x8AC5, 0x92C5,
    0x92C5, 0x92C5, 0x92C5, 0x92C5, 0x8AC5, 0x8AC5, 0x8AA5, 0x8A85,
    0x8A84, 0x8A84, 0x8A63, 0x8A63, 0x8A63, 0x8A83, 0x9283, 0x9283,
    0x9283, 0x9283, 0x9283, 0x9AA3, 0x9AC4, 0x9AE4, 0xA2E4, 0xA305,
    0xA305, 0xAB05, 0xAB25, 0xAB25, 0xAB45, 0xAB45, 0xAB45, 0xAB46,
    0xAB46, 0xAB46, 0xAB66, 0xAB66, 0xAB66, 0xAB67, 0xAB87, 0xB387,
    0xB3A7, 0xB3A8, 0xB3A8, 0xB3C8, 0xB3C8, 0xB3E9, 0xBC09, 0xBC29,
    0xBC2A, 0xC44A, 0xC44A, 0xC44A, 0xBC2A, 0xBC2A, 0xBC09, 0xB3E9,
    0xB3E9, 0xBBE9, 0xBC09, 0xC429, 0xCC6A, 0xCC6A, 0xCC6A, 0xCC6B,
    0xCC8C, 0xC4AD, 0xC4CE, 0xC4F0, 0xC531, 0xC552, 0xCD52, 0xCD73,
    0xCD73, 0xCD73, 0xCD73, 0xCD73, 0xCD73, 0xCD73, 0xC593, 0xD571,
    0xFCA8, 0xFED3, 0xFD4B, 0xEBE5, 0xDBA5, 0xE3C6, 0xDB84, 0xCAE3,
    0xB221, 0xBAA2, 0xC2E2, 0xAA41, 0xBA81, 0xC281, 0xCAC1, 0xD302,
    0xE488, 0xF5EE, 0xF5CD, 0xFDEE, 0xF5CC, 0xFDCD, 0xFDED, 0xE405,
    0xBA81, 0xB241, 0xBA81, 0xAA20, 0x99E0, 0x99C0, 0xA200, 0xAA41,
    0xC2E2, 0xCB02, 0xC2A1, 0xBA81, 0xBA81, 0xD302, 0xD302, 0xCB02,
    0xCAE2, 0xCAA1, 0xBA61, 0xBA81, 0xCAC2, 0xCAE2, 0xCB03, 0xB282,
    0xB261, 0xCAE2, 0xD322, 0xF56C, 0xFE72, 0xFE93, 0xE50D, 0xC2A2,
    0xD344, 0xEC06, 0xFD2A, 0xBD11, 0x9C92, 0x9CB2, 0x9CB2, 0x9C92,
    0x9C91, 0x9C91, 0x946F, 0x946E, 0x8C4C, 0x8C2A, 0x8428, 0x8426,
    0x7C03, 0x7400, 0x6BE0, 0x6BE0, 0x6BC0, 0x6BC0, 0x63A1, 0x6381,
    0x5B41, 0x5320, 0x5300, 0x4AE0, 0x4AE0, 0x4AC0, 0x42A0, 0x42A0,
    0x42A0, 0x42A0, 0x42A0, 0x42A0, 0x42C0, 0x4AC0, 0x4AC0, 0x4AE1,
    0x4AE1, 0x4AE0, 0x5320, 0x5B60, 0x6BE0, 0x7440, 0x8480, 0x8CC0,
    0x9500, 0x9D40, 0x9D80, 0xA580, 0xA580, 0xA580, 0x9D60, 0x9520,
    0x8CE0, 0x8480, 0x7420, 0x6BC0, 0x5B40, 0x4AE0, 0x3A60, 0x3240,
    0x3220, 0x3220, 0x3220, 0x3260, 0x3A80, 0x3AA0, 0x42C0, 0x42E0,
    0x4300, 0x4B00, 0x4B20, 0x4B20, 0x4B00, 0x42E0, 0x42C0, 0x3AA0,
    0x3AA0, 0x3A80, 0x4280, 0x4281, 0x4262, 0x4263, 0x3A63, 0x4265,
    0x4287, 0x4ACA, 0x4B0C, 0x4B2D, 0x534E, 0x534F, 0x536F, 0x534F,
    0x8285, 0x8285, 0x8285, 0x8AA5, 0x8AA5, 0x8AA5, 0x8285, 0x8285,
    0x8285, 0x8285, 0x8285, 0x8285, 0x8285, 0x8265, 0x7A44, 0x7A44,
    0x7A23, 0x7A23, 0x7A23, 0x7A02, 0x7A02, 0x8222, 0x8222, 0x8222,
    0x8242, 0x8A42, 0x8A42, 0x8A63, 0x9283, 0x9AA3, 0x9AA3, 0x9AC4,
    0x9AC4, 0x9AC4, 0xA2E4, 0xA2E4, 0xA304, 0xA304, 0xA305, 0xA305,
    0xA305, 0xA326, 0xA346, 0xA346, 0xAB46, 0xAB46, 0xAB67, 0xAB67,
    0xAB87, 0xABA7, 0xABA8, 0xB3A8, 0xB3C8, 0xB3C9, 0xB3E9, 0xBC0A,
    0xBC2A, 0xBC4A, 0xC44A, 0xC44B, 0xBC2A, 0xBC0A, 0xB3E9, 0xB3E9,
    0xB3C9, 0xBBE9, 0xBC09, 0xC429, 0xCC6A, 0xCC6A, 0xCC6A, 0xCC8B,
    0xCC8C, 0xC4AD, 0xC4CE, 0xC510, 0xCD31, 0xCD52, 0xCD72, 0xCD73,
    0xCD73, 0xCD73, 0xCD73, 0xCD73, 0xCD73, 0xCD73, 0xC594, 0xDD2F,
    0xFDAD, 0xFF15, 0xFD2A, 0xDB64, 0xD385, 0xEC27, 0xDB85, 0xBA82,
    0xAA41, 0xBAC3, 0xBA81, 0xB241, 0xC2C2, 0xD302, 0xC2A1, 0xBA81,
    0xD3A5, 0xF58D, 0xFE0F, 0xFE0F, 0xFE0E, 0xF58B, 0xFD8B, 0xDBA4,
    0xCAC1, 0xB240, 0xAA21, 0xAA00, 0xAA20, 0xAA20, 0xB241, 0xB241,
    0xBA81, 0xC2E2, 0xC2C1, 0xB261, 0xBA81, 0xD343, 0xD302, 0xC2C2,
    0xCAE2, 0xCAC1, 0xCAA1, 0xBA61, 0xB220, 0xBA41, 0xC2C2, 0xD323,
    0xBA61, 0xCAC2, 0xD322, 0xF50A, 0xFE51, 0xFE50, 0xE489, 0xBA82,
    0xD344, 0xE3E5, 0xFCA7, 0xCCEF, 0x9472, 0x9C91, 0x9C91, 0x9C91,
    0x9C71, 0x9470, 0x946E, 0x8C4D, 0x8C2B, 0x8429, 0x8407, 0x7C05,
    0x7C02, 0x7400, 0x73E0, 0x73E1, 0x6BE1, 0x6BC2, 0x6B83, 0x6362,
    0x5B42, 0x5321, 0x4B00, 0x4AE0, 0x4AC0, 0x42C0, 0x42A0, 0x42A0,
    0x4280, 0x4280, 0x3A80, 0x3A60, 0x3A80, 0x4280, 0x4280, 0x42A0,
    0x4AC0, 0x4AC0, 0x4AE0, 0x5320, 0x5B80, 0x6BE0, 0x7440, 0x7C80,
    0x84C0, 0x8D00, 0x9520, 0x9540, 0x9540, 0x9540, 0x9520, 0x8CE0,
    0x84A0, 0x7C60, 0x6C00, 0x6380, 0x5320, 0x42A0, 0x3A60, 0x3A60,
    0x3260, 0x3260, 0x3240, 0x3A60, 0x3A80, 0x3AA0, 0x42C0, 0x42E0,
    0x42E0, 0x4300, 0x4300, 0x4300, 0x42E0, 0x42C0, 0x3AA0, 0x3A80,
    0x3A60, 0x3A60, 0x3240, 0x3A40, 0x3A40, 0x3A40, 0x3A41, 0x4265,
    0x4288, 0x4ACA, 0x4B0D, 0x532E, 0x534E, 0x534E, 0x534F, 0x536F,
    0x8285, 0x8285, 0x8AA5, 0x8AA5, 0x8AA5, 0x8AA5, 0x8A85, 0x8A85,
    0x8285, 0x8285, 0x8285, 0x8265, 0x8265, 0x8264, 0x7A44, 0x7A44,
    0x7A43, 0x7A23, 0x7A02, 0x7A02, 0x7A02, 0x8202, 0x8222, 0x8222,
    0x8242, 0x8A42, 0x8A63, 0x9283, 0x9283, 0x9AA3, 0x9AA3, 0x9AC4,
    0x9AC4, 0x9AE4, 0xA2E4, 0xA304, 0xA304, 0xA305, 0xA305, 0xA305,
    0xA325, 0xA326, 0xA346, 0xAB46, 0xAB46, 0xAB67, 0xAB67, 0xAB87,
    0xAB88, 0xABA8, 0xB3A8, 0xB3C8, 0xB3E9, 0xB3E9, 0xBC0A, 0xBC2A,
    0xBC4A, 0xC44B, 0xC44B, 0xC44B, 0xBC4B, 0xBC2A, 0xB40A, 0xB3E9,
    0xB3E9, 0xBBE9, 0xBC09, 0xC429, 0xCC6A, 0xCC6A, 0xCC6A, 0xCC8B,
    0xCCAC, 0xCCCD, 0xC4EF, 0xC510, 0xCD51, 0xCD72, 0xCD72, 0xCD73,
    0xCD93, 0xCD93, 0xCD93, 0xCD93, 0xCD93, 0xCD73, 0xC573, 0xED0C,
    0xFE10, 0xFF16, 0xFD2A, 0xD364, 0xE3E6, 0xE406, 0xDB85, 0xBAA2,
    0xCB44, 0xCB24, 0xBA82, 0xC2C2, 0xD303, 0xBA81, 0xAA20, 0xC303,
    0xCB64, 0xF56C, 0xFE50, 0xFE30, 0xFDEE, 0xF54A, 0xF56A, 0xDBA3,
    0xD301, 0xBA80, 0xA1E0, 0xA201, 0xAA21, 0xB241, 0xB241, 0xBA41,
    0xA200, 0xAA41, 0xB281, 0xC2A1, 0xC2E2, 0xBAC2, 0xAA00, 0xA9E0,
    0xB220, 0xBA40, 0xE363, 0xD323, 0xC281, 0xBA61, 0xBA81, 0xD322,
    0xCAC2, 0xCAC2, 0xD322, 0xF4E9, 0xFE51, 0xFE0F, 0xECCA, 0xC303,
    0xCB03, 0xDB85, 0xEC05, 0xF50B, 0xA491, 0x9491, 0x9C91, 0x9471,
    0x9470, 0x944F, 0x8C4E, 0x8C2C, 0x842A, 0x8409, 0x7C07, 0x7C05,
    0x7402, 0x7401, 0x7402, 0x73E3, 0x73E3, 0x73C4, 0x6B84, 0x6343,
    0x5B23, 0x5302, 0x4AE1, 0x4AC0, 0x42C0, 0x42C0, 0x42A0, 0x42A0,
    0x4280, 0x4280, 0x3A80, 0x3A80, 0x3A80, 0x4280, 0x42A0, 0x42A0,
    0x42A0, 0x42C0, 0x42C0, 0x4AE0, 0x5340, 0x63A0, 0x6BE0, 0x7420,
    0x7C60, 0x84A0, 0x84C0, 0x8CE0, 0x8CE0, 0x8CE0, 0x8CC0, 0x84A0,
    0x7C60, 0x7420, 0x63C0, 0x5B60, 0x4AE0, 0x42A0, 0x3A80, 0x3A80,
    0x3A80, 0x3A80, 0x3A80, 0x3A80, 0x3A80, 0x3AA0, 0x3AC0, 0x42E0,
    0x42E0, 0x42E0, 0x42E0, 0x42E0, 0x42C0, 0x3AA0, 0x3A80, 0x3A60,
    0x3240, 0x3220, 0x3220, 0x3200, 0x3220, 0x3A20, 0x3A20, 0x4244,
    0x42A8, 0x4ACB, 0x4B0C, 0x532D, 0x532E, 0x534E, 0x536F, 0x536F,
    0x82A5, 0x8AA5, 0x8AA5, 0x8AA5, 0x8AA5, 0x8AA5, 0x8AA5, 0x8AA5,
    0x8285, 0x8285, 0x8285, 0x8285, 0x8285, 0x8265, 0x8265, 0x7A44,
    0x7A44, 0x7A23, 0x7A23, 0x7A22, 0x8222, 0x8222, 0x8222, 0x8222,
    0x8A42, 0x8A63, 0x9263, 0x9283, 0x92A3, 0x9AC4, 0x9AC4, 0xA2E4,
    0xA304, 0xA304, 0xA305, 0xA305, 0xA325, 0xA325, 0xAB45, 0xAB46,
    0xAB46, 0xAB46, 0xAB66, 0xAB67, 0xAB87, 0xAB87, 0xABA8, 0xB3A8,
    0xB3C8, 0xB3C8, 0xB3C9, 0xB3E9, 0xB3E9, 0xBC0A, 0xBC2A, 0xBC4A,
    0xC44B, 0xC44B, 0xC44B, 0xC44B, 0xBC4B, 0xBC2A, 0xBC0A, 0xB3E9,
    0xB3E9, 0xBBE9, 0xBC09, 0xC429, 0xCC6A, 0xCC8A, 0xCC6A, 0xCC8B,
    0xCCAC, 0xCCCE, 0xC4EF, 0xCD10, 0xCD31, 0xCD52, 0xCD72, 0xCD73,
    0xCD93, 0xCD93, 0xCD93, 0xCD93, 0xCD93, 0xC593, 0xD572, 0xFD09,
    0xFE93, 0xFEB2, 0xFCE9, 0xDBA5, 0xE3C5, 0xEBE6, 0xD344, 0xE3C5,
    0xDB85, 0xBAC2, 0xC2E3, 0xCAE2, 0xCAE2, 0xC2A2, 0xB281, 0xCB23,
    0xCB44, 0xF5CE, 0xFE2F, 0xFE2F, 0xF5AC, 0xF56B, 0xFDCD, 0xE445,
    0xD322, 0xCAC1, 0xAA20, 0x99E0, 0xA200, 0xAA21, 0xBA40, 0xBA60,
    0xA200, 0xAA41, 0xB281, 0xD323, 0xCB03, 0xC2E2, 0xB241, 0xC260,
    0xCAA1, 0xBA60, 0xE383, 0xDB84, 0xCB03, 0xC2C2, 0xBA82, 0xC2A1,
    0xDB23, 0xCAE2, 0xE3A4, 0xF54B, 0xFE71, 0xF5CF, 0xE469, 0xD3C7,
    0xCB03, 0xD303, 0xDBA4, 0xFCE9, 0xBCF1, 0x9471, 0x9C71, 0x9C71,
    0x9470, 0x944F, 0x8C4D, 0x8C2C, 0x842B, 0x8409, 0x7C07, 0x7C05,
    0x7C03, 0x7C03, 0x7C04, 0x73E4, 0x73C5, 0x6BA5, 0x6364, 0x5B24,
    0x5B03, 0x52E2, 0x4AE1, 0x4AC0, 0x42C0, 0x42A0, 0x42A0, 0x42A0,
    0x4280, 0x4280, 0x4280, 0x4280, 0x4280, 0x42A0, 0x42C0, 0x42C0,
    0x42C0, 0x42C0, 0x42C0, 0x4AE0, 0x5320, 0x5B60, 0x63A0, 0x6BE0,
    0x7400, 0x7420, 0x7440, 0x7C60, 0x7C60, 0x7C60, 0x7C60, 0x7440,
    0x7400, 0x6BE0, 0x63A0, 0x5340, 0x4AE0, 0x42A0, 0x42A0, 0x3AA0,
    0x3AA0, 0x3AA0, 0x3AA0, 0x3AA0, 0x3AA0, 0x3AA0, 0x3AC0, 0x42C0,
    0x3AC0, 0x3AC0, 0x3AA0, 0x3AA0, 0x3A80, 0x3A80, 0x3260, 0x3240,
    0x3220, 0x2A00, 0x29E0, 0x29E0, 0x3200, 0x3200, 0x3A20, 0x4244,
    0x4287, 0x4AC9, 0x4AEB, 0x530D, 0x532E, 0x534E, 0x536F, 0x5B6F,
    0x8AA6, 0x8AC6, 0x8AC6, 0x8AC5, 0x8AC6, 0x8AA6, 0x8AA5, 0x8AA5,
    0x8AA5, 0x82A5, 0x8285, 0x8285, 0x8285, 0x8285, 0x8265, 0x8264,
    0x7A44, 0x7A23, 0x7A23, 0x8222, 0x8222, 0x8222, 0x8222, 0x8242,
    0x8A43, 0x8A63, 0x9283, 0x92A4, 0x9AC4, 0x9AC4, 0xA2E4, 0xA304,
    0xA325, 0xAB25, 0xA325, 0xAB25, 0xAB46, 0xAB46, 0xAB66, 0xAB66,
    0xAB66, 0xAB87, 0xAB87, 0xB3A7, 0xB3A8, 0xB3A8, 0xB3C8, 0xB3C9,
    0xB3E9, 0xB3E9, 0xB409, 0xBC0A, 0xBC0A, 0xBC2A, 0xBC4B, 0xBC4B,
    0xC44B, 0xC46B, 0xC46B, 0xC46B, 0xBC4B, 0xBC2A, 0xBC0A, 0xB3E9,
    0xB3E9, 0xBBE9, 0xBC09, 0xC429, 0xCC6A, 0xCC8A, 0xCC8A, 0xCC8B,
    0xCCAC, 0xCCCE, 0xC4EF, 0xC510, 0xCD31, 0xCD52, 0xCD72, 0xCD93,
    0xCD93, 0xCD93, 0xCD93, 0xCD93, 0xCD93, 0xC594, 0xE56F, 0xFD09,
    0xFEF5, 0xFDCD, 0xF4A8, 0xDBA5, 0xEBE6, 0xDB64, 0xE3A5, 0xCB24,
    0xBAA2, 0xC2E3, 0xCB03, 0xCAE2, 0xC2C2, 0xBAC2, 0xBAA2, 0xCB02,
    0xD385, 0xF5CE, 0xFE0F, 0xFDED, 0xF58C, 0xFDEE, 0xFDEE, 0xF4C8,
    0xDB63, 0xCAC1, 0xB261, 0xA221, 0xAA21, 0xC281, 0xBA81, 0xBA61,
    0xB240, 0xBA81, 0xC2C2, 0xD302, 0xD302, 0xCAE2, 0xBA81, 0xDB02,
    0xE363, 0xDB02, 0xDB42, 0xD343, 0xC2C2, 0xCB23, 0xCB03, 0xCB03,
    0xDB64, 0xDB43, 0xE405, 0xFE0F, 0xFE51, 0xFE31, 0xCB86, 0xD365,
    0xC304, 0xBAA2, 0xDBA5, 0xFCA8, 0xD510, 0x9472, 0x9C71, 0x9471,
    0x9470, 0x944F, 0x944E, 0x8C2C, 0x8C2B, 0x8429, 0x8407, 0x7C05,
    0x7C05, 0x7C05, 0x7BE6, 0x7BC6, 0x7386, 0x6B66, 0x6344, 0x5B24,
    0x5303, 0x52E2, 0x4AE1, 0x4AC0, 0x42A0, 0x42A0, 0x4280, 0x42A0,
    0x4280, 0x4280, 0x4280, 0x42A0, 0x42A0, 0x42C0, 0x42C0, 0x42E0,
    0x42E0, 0x42C0, 0x42C0, 0x4AE0, 0x4B00, 0x5340, 0x5B60, 0x6380,
    0x63C0, 0x6BE0, 0x6BE0, 0x6BE0, 0x6BE0, 0x6BE0, 0x6BE0, 0x6BE0,
    0x63C0, 0x63A0, 0x5B60, 0x5320, 0x4AE0, 0x42C0, 0x42C0, 0x42C0,
    0x42C0, 0x42C0, 0x42C0, 0x42C0, 0x42C0, 0x42C0, 0x42C0, 0x42C0,
    0x3AA0, 0x3AA0, 0x3A80, 0x3A80, 0x3A60, 0x3260, 0x3240, 0x3220,
    0x29E0, 0x29C0, 0x29C0, 0x29C0, 0x31E0, 0x31E0, 0x3A00, 0x4244,
    0x4266, 0x4AA8, 0x4ACA, 0x4B0C, 0x532D, 0x534E, 0x534F, 0x536F,
    0x8AC6, 0x8AC6, 0x8AC6, 0x8AC6, 0x8AC6, 0x8AC6, 0x8AC6, 0x8AC6,
    0x8AC6, 0x8AA6, 0x82A5, 0x82A5, 0x8285, 0x8285, 0x8285, 0x8265,
    0x8264, 0x8243, 0x8223, 0x8223, 0x8222, 0x8242, 0x8A43, 0x8A43,
    0x8A63, 0x9284, 0x92A4, 0x9AC4, 0x9AE5, 0xA305, 0xA305, 0xAB25,
    0xAB26, 0xAB46, 0xAB46, 0xAB66, 0xAB66, 0xAB67, 0xB387, 0xB387,
    0xB3A7, 0xB3A7, 0xB3A7, 0xB3C8, 0xB3C8, 0xB3E9, 0xB3E9, 0xB3E9,
    0xBC09, 0xBC0A, 0xBC0A, 0xBC2A, 0xBC2A, 0xBC4B, 0xBC4B, 0xC44B,
    0xC46B, 0xC46B, 0xC46B, 0xC46B, 0xBC4B, 0xBC2B, 0xBC0A, 0xB3E9,
    0xB3E9, 0xBBE9, 0xBC09, 0xC429, 0xCC6A, 0xCC8A, 0xCC8B, 0xCC8B,
    0xCCAC, 0xCCCE, 0xCCEF, 0xC510, 0xC531, 0xCD52, 0xCD73, 0xCD93,
    0xCD93, 0xCD93, 0xCD93, 0xCD93, 0xCD73, 0xCDB4, 0xF52C, 0xFE31,
    0xFEB3, 0xF4C8, 0xEC47, 0xDBC6, 0xDBC6, 0xDB64, 0xC2E3, 0xBAA2,
    0xD344, 0xBAC2, 0xBAA1, 0xC2A1, 0xBAA2, 0xC2C3, 0xD323, 0xCB02,
    0xD3A5, 0xF56B, 0xF5CE, 0xFDEE, 0xFDED, 0xFE2F, 0xFE0E, 0xF529,
    0xDBA3, 0xCAE2, 0xB261, 0xBAA2, 0xBAA2, 0xBA61, 0xB241, 0xBA81,
    0xCA81, 0xC2A1, 0xB282, 0xCAC2, 0xB261, 0xD322, 0xBA40, 0xD302,
    0xE363, 0xDB43, 0xDB63, 0xD343, 0xCAC2, 0xDB43, 0xDB23, 0xD303,
    0xD343, 0xDB43, 0xEC46, 0xFE50, 0xFE51, 0xFE51, 0xDC69, 0xCAE3,
    0xBAC3, 0xBAA3, 0xD385, 0xFCC8, 0xE50E, 0x9472, 0x9C71, 0x9C71,
    0x9470, 0x946F, 0x944E, 0x8C2D, 0x8C2B, 0x842A, 0x8408, 0x7C07,
    0x7BE7, 0x7C07, 0x7BE7, 0x73A7, 0x6B66, 0x6346, 0x6344, 0x5B04,
    0x5303, 0x52E3, 0x52E2, 0x4AC1, 0x42A0, 0x42A0, 0x4280, 0x42A0,
    0x42A0, 0x42A0, 0x42A0, 0x42C0, 0x4AE0, 0x4AE0, 0x4AE0, 0x4AE0,
    0x4AE0, 0x4AC0, 0x4AC0, 0x4AE0, 0x4AE0, 0x4B00, 0x5320, 0x5B60,
    0x5B60, 0x5B80, 0x5B80, 0x5B80, 0x5B80, 0x5B80, 0x5B60, 0x5B80,
    0x5B60, 0x5B60, 0x5340, 0x5320, 0x4B00, 0x4B00, 0x4B00, 0x4B01,
    0x4B01, 0x42E1, 0x42E0, 0x42E0, 0x42E0, 0x42C0, 0x42C0, 0x3AA0,
    0x3A80, 0x3A80, 0x3A60, 0x3260, 0x3240, 0x3240, 0x3220, 0x29E0,
    0x29C0, 0x21A0, 0x21A0, 0x29A0, 0x29A0, 0x29C0, 0x31E0, 0x3A23,
    0x4265, 0x4287, 0x4ACA, 0x4AEC, 0x530D, 0x532E, 0x534E, 0x532E,
    0x8AC6, 0x8AC6, 0x8AC6, 0x8AC6, 0x8AC6, 0x8AC6, 0x8AC6, 0x8AC6,
    0x8AC6, 0x8AC6, 0x8AA6, 0x82A6, 0x82A6, 0x82A5, 0x8285, 0x8285,
    0x8264, 0x8264, 0x8243, 0x8243, 0x8243, 0x8A43, 0x8A63, 0x8A63,
    0x9283, 0x92A4, 0x9AC4, 0x9AE5, 0xA305, 0xA325, 0xAB26, 0xAB46,
    0xAB46, 0xAB66, 0xB366, 0xB387, 0xB387, 0xB387, 0xB3A7, 0xB3A7,
    0xB3C8, 0xB3C8, 0xB3C8, 0xB3E8, 0xBBE9, 0xBC09, 0xBC0A, 0xBC0A,
    0xBC0A, 0xBC2A, 0xBC2A, 0xBC2B, 0xBC4B, 0xBC4B, 0xBC4B, 0xC46B,
    0xC46B, 0xC46B, 0xC46B, 0xC46B, 0xC44B, 0xBC2B, 0xBC0A, 0xB3E9,
    0xB3E9, 0xBBE9, 0xBC09, 0xC429, 0xCC6A, 0xCC8A, 0xCC8A, 0xCC8B,
    0xCCAC, 0xCCEE, 0xCCEF, 0xCD10, 0xCD31, 0xCD72, 0xCD93, 0xCD93,
    0xCD93, 0xCD93, 0xCD93, 0xCD93, 0xCD73, 0xD592, 0xFE52, 0xFF37,
    0xFDEE, 0xF446, 0xE406, 0xDB85, 0xDBA6, 0xDB65, 0xC2E3, 0xDB85,
    0xD344, 0xC2E3, 0xC2C2, 0xBA81, 0xC2E3, 0xBAA2, 0xD343, 0xD2E2,
    0xD384, 0xECC9, 0xF5AD, 0xFDCD, 0xFDED, 0xFE0E, 0xFDAC, 0xF529,
    0xEC46, 0xD323, 0xC2C2, 0xD302, 0xC2A1, 0xBA81, 0xBA81, 0xB220,
    0xCA80, 0xD2E2, 0xC2C2, 0xBA81, 0x99E0, 0xD323, 0xCAC1, 0xCAC1,
    0xE383, 0xDB43, 0xD343, 0xDB64, 0xDB43, 0xDB43, 0xDB43, 0xCAC2,
    0xD303, 0xDB63, 0xF4C8, 0xFE30, 0xFE51, 0xFE51, 0xE4AA, 0xCB04,
    0xC2C3, 0xBAC3, 0xDB85, 0xF467, 0xFD2C, 0xAC91, 0x9471, 0x9C91,
    0x9C71, 0x9470, 0x944F, 0x8C2D, 0x8C2B, 0x840A, 0x8409, 0x8409,
    0x83E9, 0x7BE9, 0x7BC8, 0x7388, 0x6B67, 0x6346, 0x6325, 0x5B05,
    0x5B04, 0x52E4, 0x52E3, 0x4AC2, 0x4AA0, 0x42A0, 0x42A0, 0x42A0,
    0x42A0, 0x42C0, 0x42E0, 0x4AE0, 0x4B00, 0x4B00, 0x4B00, 0x4B00,
    0x4AE0, 0x4AE0, 0x4AC0, 0x4AE0, 0x4AE0, 0x4AE0, 0x5320, 0x5B21,
    0x5B41, 0x5321, 0x5320, 0x5320, 0x5300, 0x5300, 0x5300, 0x5320,
    0x5320, 0x5320, 0x5300, 0x5320, 0x4B20, 0x4B21, 0x4B21, 0x5321,
    0x4B22, 0x4B22, 0x4B01, 0x4301, 0x42E0, 0x42E0, 0x42C0, 0x3A80,
    0x3A80, 0x3A60, 0x3260, 0x3240, 0x3240, 0x3220, 0x2A00, 0x29E0,
    0x21A0, 0x2180, 0x2180, 0x2180, 0x2980, 0x29A0, 0x31C0, 0x3A01,
    0x4244, 0x4266, 0x4AA8, 0x4ACA, 0x4AEB, 0x530B, 0x530C, 0x4B0B,
    0x8AC6, 0x8AC6, 0x8AC6, 0x8AE7, 0x8AE7, 0x8AE7, 0x8AE7, 0x8AE7,
    0x8AC6, 0x8AC6, 0x8AC6, 0x82C6, 0x82A6, 0x82A6, 0x82A5, 0x82A5,
    0x8285, 0x8284, 0x8263, 0x8263, 0x8263, 0x8A63, 0x8A63, 0x9284,
    0x92A4, 0x9AC4, 0x9AE5, 0xA305, 0xA305, 0xA326, 0xAB46, 0xAB66,
    0xAB66, 0xB386, 0xB387, 0xB3A7, 0xB3A7, 0xB3C7, 0xBBC8, 0xBBC8,
    0xBBE8, 0xBBE8, 0xBBE9, 0xBBE9, 0xBC09, 0xBC0A, 0xBC0A, 0xBC2A,
    0xBC2A, 0xBC2B, 0xBC2B, 0xBC2B, 0xBC4B, 0xBC4B, 0xBC6B, 0xC46B,
    0xC46B, 0xC46C, 0xC46C, 0xC46C, 0xC46B, 0xBC2B, 0xBC2A, 0xB3E9,
    0xB3E9, 0xB3E9, 0xBC09, 0xC429, 0xCC6A, 0xCC8A, 0xCC8A, 0xCC8B,
    0xCCAD, 0xCCCE, 0xCD0F, 0xCD30, 0xCD51, 0xCD52, 0xCD93, 0xCD93,
    0xCD93, 0xCD93, 0xCD93, 0xCD93, 0xCD73, 0xEE54, 0xFF37, 0xFEF5,
    0xFE2F, 0xFD08, 0xE3E5, 0xDB85, 0xD385, 0xD364, 0xCB24, 0xD344,
    0xCAE2, 0xC2A2, 0xBA82, 0xC2C2, 0xB282, 0xB282, 0xCB02, 0xC2A1,
    0xCAE2, 0xE447, 0xFDCD, 0xFE0E, 0xFE0F, 0xFDCD, 0xFDCC, 0xFDAB,
    0xF509, 0xCB22, 0xBAA2, 0xE363, 0xC2A1, 0xBA81, 0xAA41, 0xB261,
    0xDB22, 0xD302, 0xD302, 0xC2A1, 0xAA20, 0xCB03, 0xDB43, 0xBA61,
    0xD303, 0xDB64, 0xCB03, 0xD343, 0xDB63, 0xE3E5, 0xDBA5, 0xCB02,
    0xCB03, 0xE3C4, 0xFDCD, 0xFE51, 0xFE52, 0xFDF0, 0xE4AA, 0xCB24,
    0xDBA5, 0xCB44, 0xDBA5, 0xEC27, 0xFCC9, 0xCD10, 0x9472, 0x9C71,
    0x9C71, 0x9470, 0x944F, 0x8C2E, 0x8C2C, 0x840B, 0x840B, 0x83EA,
    0x83EA, 0x7BEA, 0x7BA9, 0x7388, 0x6B47, 0x6347, 0x6326, 0x6306,
    0x5B05, 0x5B05, 0x52E4, 0x4AC3, 0x4AA1, 0x42A0, 0x42A0, 0x42C0,
    0x4AC0, 0x4AE0, 0x4B00, 0x5320, 0x5320, 0x5320, 0x4B00, 0x4B00,
    0x4AE0, 0x4AE0, 0x4AE0, 0x4AC0, 0x4AE0, 0x4AE2, 0x5304, 0x5324,
    0x5305, 0x5304, 0x4AE2, 0x4AC1, 0x42C0, 0x42A0, 0x42C0, 0x4AE0,
    0x4AE0, 0x4AE0, 0x4B00, 0x5320, 0x5341, 0x5341, 0x5341, 0x5342,
    0x5342, 0x5342, 0x4B22, 0x4B01, 0x4B01, 0x42E0, 0x42A0, 0x3A80,
    0x3A60, 0x3240, 0x3240, 0x3240, 0x3220, 0x3220, 0x2A00, 0x29C0,
    0x21A0, 0x2160, 0x2160, 0x2160, 0x2180, 0x29A0, 0x29A0, 0x31C0,
    0x3A02, 0x4245, 0x4267, 0x4AA8, 0x4AC9, 0x4AC9, 0x4AA9, 0x4AA9,
    0x8AC7, 0x8AC7, 0x8AE7, 0x92E7, 0x92E7, 0x8AE7, 0x8AE7, 0x8AE7,
    0x8AE7, 0x8AC7, 0x8AC7, 0x82C6, 0x82C6, 0x82C6, 0x82C6, 0x82C5,
    0x82A5, 0x82A5, 0x8284, 0x8A84, 0x8A84, 0x8A84, 0x9284, 0x92A4,
    0x92C4, 0x9AE5, 0x9B05, 0xA305, 0xA326, 0xAB46, 0xAB66, 0xAB67,
    0xB387, 0xB3A7, 0xB3A7, 0xBBC7, 0xBBC8, 0xBBC8, 0xBBE8, 0xBBE8,
    0xBBE8, 0xBC09, 0xBC09, 0xBC09, 0xBC09, 0xBC2A, 0xBC2A, 0xBC2A,
    0xBC4B, 0xBC4B, 0xBC4B, 0xBC4B, 0xBC4B, 0xBC6B, 0xC46C, 0xC46C,
    0xC46C, 0xC46C, 0xC46C, 0xC48C, 0xC46B, 0xBC4B, 0xBC2A, 0xB3E9,
    0xB3E9, 0xB3E9, 0xBBE9, 0xC429, 0xCC6A, 0xCC6A, 0xCC6A, 0xCC8B,
    0xCCAD, 0xCCCE, 0xCCEF, 0xCD10, 0xCD31, 0xCD52, 0xCD73, 0xCD93,
    0xCD93, 0xCD93, 0xCD93, 0xCD93, 0xCDB3, 0xF6B5, 0xFED5, 0xFEB4,
    0xFEB2, 0xFD6B, 0xEC05, 0xE3A5, 0xD364, 0xDB64, 0xDB64, 0xDB43,
    0xBA61, 0xAA21, 0xBA82, 0xC2C2, 0xC2A2, 0xC2C2, 0xBAA1, 0xB261,
    0xC2A1, 0xE447, 0xFE0E, 0xFE0E, 0xFE0E, 0xFDED, 0xFDAB, 0xFDED,
    0xF509, 0xC2C1, 0xC2C2, 0xD323, 0xC2A1, 0xC2C2, 0xC2C2, 0xCB03,
    0xCAE2, 0xCAC2, 0xCAE2, 0xC2A1, 0xAA20, 0xBA61, 0xDB43, 0xCAE2,
    0xC2A1, 0xD323, 0xD343, 0xDB43, 0xDB43, 0xE3E6, 0xDB64, 0xD364,
    0xD343, 0xEC87, 0xFE0E, 0xFE71, 0xFEB3, 0xED4D, 0xD3A6, 0xD344,
    0xCB24, 0xDB85, 0xDB85, 0xEC27, 0xFCA8, 0xCCCE, 0x9492, 0x9C91,
    0x9C71, 0x9450, 0x9450, 0x8C2E, 0x8C2E, 0x8C0D, 0x840C, 0x83EC,
    0x83EC, 0x7BCB, 0x73AA, 0x7369, 0x6B68, 0x6B48, 0x6348, 0x6328,
    0x6327, 0x5B06, 0x52C4, 0x4AC3, 0x4AC2, 0x4AC1, 0x4AC1, 0x4AE0,
    0x4B00, 0x5320, 0x5320, 0x5340, 0x5320, 0x5320, 0x5300, 0x4B00,
    0x4B00, 0x4AE0, 0x4AE2, 0x4AE3, 0x4AE4, 0x4AE6, 0x5307, 0x5308,
    0x5307, 0x52E6, 0x4AC5, 0x4AA3, 0x4281, 0x4260, 0x4260, 0x42A0,
    0x4AC0, 0x4AE0, 0x4B00, 0x5321, 0x5361, 0x5B62, 0x5362, 0x5362,
    0x5362, 0x5342, 0x4B22, 0x4B01, 0x4B01, 0x42C1, 0x3AA0, 0x3A60,
    0x3240, 0x3220, 0x3220, 0x3220, 0x3220, 0x3220, 0x2A00, 0x29C0,
    0x21A0, 0x2160, 0x2160, 0x2180, 0x2180, 0x29A0, 0x29A0, 0x31C0,
    0x39E0, 0x3A22, 0x4244, 0x4265, 0x4A86, 0x4A86, 0x4286, 0x4265,
    0x92E7, 0x92E7, 0x92E7, 0x92E7, 0x9307, 0x9307, 0x8AE7, 0x8AE7,
    0x8AE7, 0x8AE7, 0x8AE7, 0x8AE7, 0x82E6, 0x82E6, 0x82E6, 0x8AE6,
    0x82C5, 0x8AC5, 0x8AA4, 0x8AA4, 0x8AA4, 0x92A4, 0x92C4, 0x92C4,
    0x9AE5, 0x9AE5, 0xA305, 0xA326, 0xAB46, 0xAB67, 0xAB87, 0xB387,
    0xB3A7, 0xB3C7, 0xBBC8, 0xBBC8, 0xBBE8, 0xBBE8, 0xBC08, 0xBC09,
    0xBC09, 0xBC09, 0xBC29, 0xC42A, 0xBC2A, 0xBC2A, 0xBC2A, 0xBC4B,
    0xBC4B, 0xBC4B, 0xBC4B, 0xBC6B, 0xC46B, 0xC46C, 0xC46C, 0xC46C,
    0xC48C, 0xC46C, 0xC48C, 0xC46C, 0xBC6C, 0xBC4B, 0xBC2A, 0xB3E9,
    0xB3E9, 0xB3E9, 0xBC09, 0xC429, 0xCC6A, 0xCC6A, 0xCC8A, 0xCC8B,
    0xCCAC, 0xCCCE, 0xC4EF, 0xC510, 0xCD31, 0xCD52, 0xCD73, 0xCD93,
    0xCD93, 0xCD93, 0xCD94, 0xDDF4, 0xF694, 0xFEB2, 0xFE92, 0xFEB3,
    0xFE92, 0xFDCD, 0xF467, 0xE3C5, 0xC2E3, 0xC2E3, 0xDB84, 0xBA82,
    0xA201, 0xB282, 0xBAA2, 0xCAE2, 0xD2E2, 0xC2C2, 0xB261, 0xB261,
    0xB220, 0xE488, 0xFE2F, 0xFDED, 0xFDEE, 0xFDED, 0xFDAB, 0xFDEC,
    0xE466, 0xBA60, 0xCB02, 0xC2C2, 0xC2C2, 0xD303, 0xDB43, 0xD343,
    0xC2A2, 0xC2C2, 0xC2C2, 0xD323, 0xC281, 0xC2A1, 0xDB22, 0xC2A1,
    0xD302, 0xDB64, 0xDB64, 0xDB23, 0xDB43, 0xE384, 0xD323, 0xDB84,
    0xE3A4, 0xFD6B, 0xFE30, 0xFE30, 0xFE51, 0xF58E, 0xCAE3, 0xCAE3,
    0xC2E3, 0xD344, 0xCB24, 0xE3C6, 0xFCA8, 0xE50D, 0x9C92, 0x9C71,
    0x9471, 0x9451, 0x8C30, 0x8C2F, 0x8C2F, 0x8C0E, 0x840E, 0x83EE,
    0x83ED, 0x7BCC, 0x73AB, 0x738A, 0x736A, 0x736A, 0x6B69, 0x6349,
    0x5B07, 0x5AE6, 0x52C5, 0x4AC4, 0x4AC3, 0x4AE3, 0x5302, 0x5320,
    0x5340, 0x5340, 0x5B60, 0x5B60, 0x5340, 0x5320, 0x5320, 0x5300,
    0x4B01, 0x5303, 0x5305, 0x52E6, 0x5308, 0x5309, 0x530A, 0x5B2A,
    0x5B0A, 0x52E9, 0x4AC8, 0x4AC6, 0x4283, 0x3A61, 0x3A60, 0x4280,
    0x4280, 0x4AC0, 0x4AE0, 0x5321, 0x5B41, 0x5B62, 0x5B62, 0x5B62,
    0x5362, 0x5362, 0x5322, 0x4B02, 0x4B01, 0x42C1, 0x3A80, 0x3240,
    0x3220, 0x3220, 0x3220, 0x3220, 0x3220, 0x3220, 0x29E0, 0x29C0,
    0x21A0, 0x2180, 0x2180, 0x21A0, 0x29A0, 0x29A0, 0x31C0, 0x31C0,
    0x31E0, 0x3A00, 0x3A00, 0x4222, 0x4242, 0x4242, 0x4241, 0x4240,
    0x9308, 0x9307, 0x8B07, 0x9308, 0x9308, 0x8B07, 0x8B07, 0x8AE7,
    0x8B07, 0x8B07, 0x8307, 0x8307, 0x8307, 0x8307, 0x8306, 0x8B06,
    0x8AE5, 0x8AE5, 0x8AC5, 0x8AC4, 0x92C4, 0x92C4, 0x92C4, 0x9AE5,
    0x9B05, 0x9B05, 0xA326, 0xAB46, 0xAB67, 0xAB87, 0xB3A7, 0xB3A7,
    0xBBC8, 0xBBC8, 0xBBC8, 0xBBE8, 0xBBE8, 0xBC08, 0xBC09, 0xC409,
    0xC409, 0xC429, 0xC42A, 0xC42A, 0xC42A, 0xC42A, 0xBC4B, 0xC44B,
    0xC46B, 0xC46B, 0xC46B, 0xC46C, 0xC46C, 0xC48C, 0xC48C, 0xC48C,
    0xC48C, 0xC48C, 0xC48C, 0xC46C, 0xBC4B, 0xBC4B, 0xB40A, 0xB3E9,
    0xB3E9, 0xBBE9, 0xBC09, 0xC429, 0xCC6A, 0xCC6A, 0xCC8A, 0xCC8B,
    0xCCAC, 0xCCCE, 0xC4EF, 0xC510, 0xCD31, 0xCD52, 0xCD73, 0xCD93,
    0xCD93, 0xD5B3, 0xEDF1, 0xFE71, 0xFED3, 0xFEB2, 0xFE2F, 0xFE71,
    0xFEB3, 0xFE0E, 0xF467, 0xE3C5, 0xCB44, 0xCB03, 0xD344, 0xBAA2,
    0xC2C3, 0xB282, 0xBAA3, 0xC2C2, 0xBA81, 0xC2C2, 0xBAA1, 0xBAC2,
    0xBA60, 0xE488, 0xFE50, 0xFE0F, 0xFE0E, 0xFE2F, 0xFE2F, 0xFDCC,
    0xDBC4, 0xBA60, 0xC2A1, 0xC2C2, 0xBAA2, 0xD302, 0xD302, 0xC2C2,
    0xB261, 0xBAA2, 0xBAA2, 0xD343, 0xD302, 0xDB43, 0xDB43, 0xD323,
    0xDB63, 0xD323, 0xD343, 0xD302, 0xD302, 0xD323, 0xDB64, 0xD323,
    0xE383, 0xFD8D, 0xFE51, 0xFE51, 0xFE30, 0xFDAE, 0xCB04, 0xC2A2,
    0xD344, 0xCB24, 0xCB44, 0xD385, 0xEC48, 0xF50B, 0xACB1, 0x8C52,
    0x9451, 0x9451, 0x8C50, 0x8C30, 0x8C30, 0x8C0F, 0x83EF, 0x83EE,
    0x83EE, 0x7BCD, 0x7BAC, 0x73AC, 0x738C, 0x738B, 0x6B6A, 0x6329,
    0x5B08, 0x52E6, 0x52E5, 0x52E5, 0x52E4, 0x5303, 0x5322, 0x5B41,
    0x5B60, 0x5B60, 0x5B60, 0x5B60, 0x5B40, 0x5340, 0x5320, 0x5320,
    0x5323, 0x5326, 0x5328, 0x5309, 0x532A, 0x5B2B, 0x5B2C, 0x5B4C,
    0x5B2B, 0x530B, 0x52E9, 0x4AC8, 0x4AA5, 0x4263, 0x4261, 0x4260,
    0x4260, 0x4AA0, 0x4AE0, 0x5301, 0x5321, 0x5B42, 0x5B62, 0x5362,
    0x5362, 0x5342, 0x5342, 0x4B22, 0x4AE2, 0x42A1, 0x3A80, 0x3240,
    0x3220, 0x3220, 0x3220, 0x3220, 0x3220, 0x3220, 0x3200, 0x29C0,
    0x29A0, 0x21A0, 0x29A0, 0x29A0, 0x29C0, 0x29C0, 0x31C0, 0x31E0,
    0x39E0, 0x3A00, 0x3A00, 0x3A20, 0x4220, 0x4240, 0x4240, 0x4240,
    0x9308, 0x9308, 0x8B07, 0x8B08, 0x9308, 0x8B08, 0x8B07, 0x8B07,
    0x8B07, 0x8327, 0x8327, 0x8327, 0x8327, 0x8326, 0x8327, 0x8326,
    0x8305, 0x8B05, 0x8B05, 0x8AE4, 0x92E4, 0x92C4, 0x92E5, 0x9B05,
    0x9B05, 0xA326, 0xA346, 0xAB67, 0xAB87, 0xB3A7, 0xB3A7, 0xBBC8,
    0xBBC8, 0xBBE8, 0xBBE8, 0xBBE8, 0xBC08, 0xC409, 0xC409, 0xC409,
    0xC429, 0xC42A, 0xC42A, 0xC42A, 0xC42A, 0xC44A, 0xC44B, 0xC46B,
    0xC46C, 0xC46C, 0xC46C, 0xC46C, 0xC48C, 0xC48C, 0xC48D, 0xC48C,
    0xC48C, 0xC48C, 0xC48C, 0xC48C, 0xBC4B, 0xBC4B, 0xBC2A, 0xB409,
    0xB3E9, 0xBBE9, 0xBC09, 0xC429, 0xCC6A, 0xCC6A, 0xCC8A, 0xCC8B,
    0xCCAC, 0xCCCE, 0xCCEF, 0xCD10, 0xCD31, 0xCD52, 0xCD73, 0xC594,
    0xD5D3, 0xFDAD, 0xFCE7, 0xFD29, 0xFDCD, 0xFE2E, 0xFE2E, 0xFDED,
    0xFE50, 0xFE0E, 0xF4A8, 0xF467, 0xD344, 0xCB03, 0xDB84, 0xD364,
    0xC303, 0xBAA2, 0xCB24, 0xCB03, 0xC2C2, 0xBA61, 0xBA61, 0xC2A2,
    0xD302, 0xED2B, 0xFE2F, 0xFE0E, 0xFE4F, 0xFE2F, 0xFE0E, 0xFDAC,
    0xECC7, 0xCB01, 0xBA81, 0xC2A1, 0xB241, 0xB240, 0xC2A1, 0xBAA2,
    0xBAA2, 0xC2E3, 0xC2E2, 0xD323, 0xD302, 0xD302, 0xD343, 0xD323,
    0xCAE2, 0xCAE2, 0xD302, 0xDB22, 0xD323, 0xCB03, 0xD364, 0xDB43,
    0xD302, 0xF4C9, 0xFE71, 0xFE72, 0xFE51, 0xFDEF, 0xDBA6, 0xCB03,
    0xCB44, 0xC2E3, 0xCB44, 0xDBC6, 0xEC27, 0xFCC9, 0xEDAF, 0xC511,
    0x9C51, 0x8C31, 0x8C50, 0x8C30, 0x8C10, 0x8C0F, 0x83EF, 0x83EF,
    0x83CE, 0x7BCE, 0x7BCD, 0x7BAD, 0x7BAD, 0x738C, 0x6B6B, 0x6329,
    0x5B08, 0x52E7, 0x52E6, 0x5B06, 0x5305, 0x5324, 0x5B63, 0x5B62,
    0x5B60, 0x5B60, 0x5B60, 0x5B40, 0x5B40, 0x5320, 0x5320, 0x5322,
    0x5B26, 0x5B48, 0x5B4A, 0x5B4B, 0x5B4C, 0x634D, 0x636D, 0x636D,
    0x5B4D, 0x5B2C, 0x52EA, 0x4AC8, 0x4AA6, 0x4284, 0x4262, 0x4240,
    0x4260, 0x4280, 0x4AC0, 0x52E1, 0x5321, 0x5321, 0x5342, 0x5342,
    0x5342, 0x5342, 0x5322, 0x4B22, 0x4AE1, 0x42A0, 0x3A60, 0x3240,
    0x3200, 0x3220, 0x3220, 0x3220, 0x3220, 0x3200, 0x3200, 0x29E0,
    0x29C0, 0x29C0, 0x29C0, 0x29C0, 0x29C0, 0x31E0, 0x31E0, 0x39E0,
    0x3A00, 0x3A00, 0x3A00, 0x4220, 0x4240, 0x4240, 0x4240, 0x4260,
    0x9328, 0x9308, 0x8B07, 0x8B07, 0x8B28, 0x8B28, 0x8B27, 0x8B27,
    0x8327, 0x8327, 0x8327, 0x8327, 0x8326, 0x8346, 0x8326, 0x8326,
    0x8325, 0x8325, 0x8B25, 0x8B04, 0x8B04, 0x92E4, 0x9305, 0x9B05,
    0x9B05, 0xA346, 0xA366, 0xAB87, 0xB3A7, 0xB3A7, 0xB3C8, 0xBBC8,
    0xBBE8, 0xBBE8, 0xBC08, 0xC408, 0xC409, 0xC409, 0xC429, 0xC429,
    0xC429, 0xC42A, 0xC44A, 0xC44A, 0xC44A, 0xC44B, 0xC46B, 0xC46C,
    0xC46C, 0xC48C, 0xC48C, 0xC48C, 0xC48C, 0xC4AD, 0xC4AD, 0xC4AD,
    0xC4AD, 0xC4AD, 0xC4AD, 0xC48C, 0xBC6C, 0xBC4B, 0xBC2A, 0xB40A,
    0xB3E9, 0xBBE9, 0xBC09, 0xC429, 0xCC6A, 0xCC8A, 0xCC8A, 0xCC8B,
    0xCCAC, 0xCCCE, 0xCCEF, 0xCD10, 0xCD51, 0xCD52, 0xCD73, 0xDDB2,
    0xFD6C, 0xFCA6, 0xF425, 0xEBA3, 0xF404, 0xFD49, 0xFDCB, 0xFD6A,
    0xFDAC, 0xFE50, 0xFD4A, 0xEC05, 0xE3C5, 0xEC47, 0xE3C5, 0xCB44,
    0xBAC3, 0xCB03, 0xCAE3, 0xCB23, 0xBAA1, 0xBA61, 0xB241, 0xBA40,
    0xE3E5, 0xFDCE, 0xFE0F, 0xFE0E, 0xFDCD, 0xFDEE, 0xFDEE, 0xFD8B,
    0xFD8B, 0xDBE4, 0xBA80, 0xBA61, 0xAA20, 0xB261, 0xD363, 0xD364,
    0xCB03, 0xCB23, 0xDB84, 0xD322, 0xC2A1, 0xCAC1, 0xD343, 0xC2C2,
    0xC2A1, 0xD302, 0xE3A5, 0xDB64, 0xD323, 0xCB23, 0xD323, 0xE3C5,
    0xDB63, 0xEC46, 0xFE72, 0xFE51, 0xFE51, 0xFE72, 0xDC07, 0xCB03,
    0xD344, 0xCB03, 0xD344, 0xDBA6, 0xEC28, 0xF488, 0xFD4A, 0xFDCC,
    0xEDB0, 0xB4B1, 0x8C30, 0x8C10, 0x8C10, 0x8BF0, 0x83EF, 0x83EF,
    0x83EF, 0x83CE, 0x83CE, 0x7BAE, 0x7BAE, 0x738D, 0x6B4B, 0x632A,
    0x5B09, 0x5B08, 0x5B28, 0x5B27, 0x5B45, 0x5B44, 0x5B63, 0x5B82,
    0x5B61, 0x5B60, 0x5B60, 0x5B40, 0x5320, 0x5300, 0x5321, 0x5B25,
    0x5B48, 0x634A, 0x636C, 0x636D, 0x638E, 0x6B8E, 0x6B8F, 0x6B8F,
    0x636E, 0x5B4D, 0x530B, 0x52C9, 0x4AA6, 0x4A84, 0x4263, 0x4241,
    0x4240, 0x4280, 0x4AA0, 0x4AE0, 0x5301, 0x5321, 0x5322, 0x5322,
    0x5322, 0x5322, 0x5322, 0x4B02, 0x4AE1, 0x4280, 0x3A40, 0x3220,
    0x3200, 0x3200, 0x3220, 0x3220, 0x3220, 0x3200, 0x3200, 0x31E0,
    0x29C0, 0x29C0, 0x29C0, 0x29C0, 0x31E0, 0x31E0, 0x3200, 0x3A00,
    0x3A00, 0x3A00, 0x3A20, 0x4220, 0x4240, 0x4260, 0x4260, 0x4260,
    0x8B08, 0x8B08, 0x8B27, 0x8B27, 0x8327, 0x8327, 0x8327, 0x8327,
    0x8327, 0x7B27, 0x7B26, 0x7B26, 0x7B26, 0x7B46, 0x7B46, 0x7B45,
    0x8345, 0x8345, 0x8325, 0x8B24, 0x8B24, 0x9304, 0x9305, 0x9B25,
    0x9B25, 0xA346, 0xAB66, 0xAB87, 0xB3A7, 0xB3C8, 0xBBC8, 0xBBE8,
    0xBBE8, 0xBC08, 0xC409, 0xC409, 0xC429, 0xC429, 0xC429, 0xC429,
    0xC42A, 0xC44A, 0xC44A, 0xC44A, 0xC44B, 0xC44B, 0xC46B, 0xC46C,
    0xC48C, 0xC48C, 0xC48C, 0xC48C, 0xC4AD, 0xC4AD, 0xC4AD, 0xC4AD,
    0xC4AD, 0xC4AD, 0xC4AD, 0xC48D, 0xC46C, 0xBC4B, 0xBC2A, 0xBC0A,
    0xBC09, 0xBBE9, 0xBC09, 0xC429, 0xCC6A, 0xCC8A, 0xCC8A, 0xCCAB,
    0xCCCD, 0xCCCE, 0xCCEF, 0xCD30, 0xCD51, 0xCD73, 0xEDB0, 0xFD49,
    0xFCA6, 0xE3A3, 0xE383, 0xEBC3, 0xE383, 0xE382, 0xFCE7, 0xFD28,
    0xF529, 0xFE2F, 0xFDCC, 0xFD4A, 0xFE2F, 0xFDAC, 0xEC46, 0xDBA4,
    0xD344, 0xCB03, 0xB241, 0xCAE2, 0xB241, 0xBA61, 0xC280, 0xE405,
    0xFD8C, 0xFE0F, 0xFDCD, 0xFDEE, 0xFDED, 0xFE50, 0xFE0E, 0xFDAC,
    0xFDED, 0xF54A, 0xDBA3, 0xBA60, 0xA200, 0xBAA1, 0xCB02, 0xBAA2,
    0xBA82, 0xC2C2, 0xDB42, 0xC2A1, 0xBA61, 0xCAE2, 0xCAC2, 0xC2C1,
    0xC2A1, 0xC281, 0xE3E6, 0xE3C5, 0xDB85, 0xDB64, 0xD2E2, 0xDB63,
    0xE383, 0xEC46, 0xFE72, 0xFE72, 0xFE31, 0xFE72, 0xE4AA, 0xCB03,
    0xD344, 0xC2E3, 0xD344, 0xDBA5, 0xEC27, 0xF488, 0xFCA8, 0xF486,
    0xFDAB, 0xFE2E, 0xD550, 0x8BF0, 0x7BCF, 0x83F0, 0x83F0, 0x83EF,
    0x83EF, 0x83EF, 0x83EF, 0x7BCF, 0x7BAE, 0x6B6D, 0x634B, 0x632A,
    0x632A, 0x634A, 0x6349, 0x6347, 0x5B45, 0x5B63, 0x5B62, 0x5B82,
    0x5B61, 0x5B60, 0x5B40, 0x5B40, 0x5320, 0x52E0, 0x5302, 0x5B26,
    0x6349, 0x636B, 0x6B8D, 0x6B8E, 0x73AF, 0x73D0, 0x73D0, 0x73B0,
    0x6B8F, 0x634D, 0x5B2B, 0x52E9, 0x4AA6, 0x4A84, 0x4263, 0x4262,
    0x4240, 0x4260, 0x4280, 0x4AC0, 0x52E0, 0x5301, 0x5301, 0x5301,
    0x5301, 0x5301, 0x5301, 0x4B01, 0x4AC0, 0x4280, 0x3A40, 0x3200,
    0x3200, 0x3200, 0x3200, 0x3200, 0x3220, 0x3220, 0x3200, 0x31E0,
    0x29E0, 0x29C0, 0x29C0, 0x29C0, 0x31E0, 0x31E0, 0x3A00, 0x3A00,
    0x3A00, 0x3A00, 0x3A20, 0x4240, 0x4260, 0x4260, 0x4260, 0x4260,
    0x8308, 0x8B08, 0x8327, 0x8327, 0x8327, 0x8327, 0x8327, 0x8327,
    0x7B26, 0x7326, 0x7326, 0x7326, 0x7326, 0x7325, 0x7B45, 0x7B45,
    0x7B45, 0x7B44, 0x8344, 0x8344, 0x8324, 0x8B24, 0x9324, 0x9325,
    0x9B45, 0xA366, 0xAB86, 0xAB87, 0xB3A7, 0xB3C8, 0xBBE8, 0xBBE8,
    0xBC08, 0xC408, 0xC409, 0xC429, 0xC429, 0xC429, 0xC429, 0xC44A,
    0xC44A, 0xC44A, 0xC44A, 0xC44B, 0xC44B, 0xC46B, 0xC46C, 0xC48C,
    0xC48C, 0xC48D, 0xC4AD, 0xC4AD, 0xC4AD, 0xC4AD, 0xC4AD, 0xC4AD,
    0xC4AD, 0xC4AD, 0xC4AD, 0xC4AD, 0xC46C, 0xBC4B, 0xBC2A, 0xBC0A,
    0xB3E9, 0xBBE9, 0xBC09, 0xC429, 0xCC6A, 0xCC8A, 0xCC8A, 0xCCAB,
    0xCCCD, 0xCCEE, 0xCD0F, 0xC530, 0xC552, 0xEDB0, 0xFD08, 0xEC04,
    0xE3C4, 0xEBE5, 0xF466, 0xE3A3, 0xE362, 0xDB41, 0xEC03, 0xF4C7,
    0xF4E8, 0xF58C, 0xFE50, 0xFE92, 0xFE92, 0xFE2F, 0xF487, 0xD364,
    0xCB03, 0xC282, 0xB261, 0xBAA1, 0xBA81, 0xCAE1, 0xE426, 0xFDCD,
    0xFDEE, 0xFE0E, 0xFDED, 0xFE0E, 0xFE50, 0xFE50, 0xFE0E, 0xFE30,
    0xFE2F, 0xFDCD, 0xF509, 0xDBC4, 0xC2A1, 0xCAE1, 0xCAC1, 0xB220,
    0xBAA2, 0xC2C2, 0xD302, 0xC2A1, 0xCAC2, 0xC2A2, 0xBA81, 0xC2C1,
    0xC2A1, 0xD323, 0xE3A4, 0xD344, 0xC2E3, 0xD343, 0xCAA1, 0xC2C2,
    0xCB02, 0xE3E5, 0xFE51, 0xFEB3, 0xFE72, 0xFE72, 0xF54D, 0xC2C2,
    0xCAE3, 0xCB03, 0xCB24, 0xDBA5, 0xE407, 0xF489, 0xFD0B, 0xF446,
    0xF466, 0xFD07, 0xFDEC, 0xED8E, 0xAC70, 0x83D0, 0x83F0, 0x83F0,
    0x83F0, 0x83F0, 0x83D0, 0x7BAF, 0x738E, 0x6B6C, 0x632B, 0x632A,
    0x634B, 0x634A, 0x6349, 0x6347, 0x6345, 0x5B63, 0x5B62, 0x5B62,
    0x5B61, 0x5B40, 0x5B40, 0x5320, 0x5300, 0x4AE0, 0x52E3, 0x5B27,
    0x634A, 0x636C, 0x6B8D, 0x73AF, 0x73D0, 0x73F1, 0x7BF1, 0x73D1,
    0x73AF, 0x6B6D, 0x632C, 0x5AE9, 0x4AA7, 0x4A64, 0x4262, 0x4241,
    0x4240, 0x3A40, 0x4260, 0x4A80, 0x4AA0, 0x4AC0, 0x52E0, 0x52E0,
    0x52E0, 0x4AE0, 0x4AE1, 0x4AE1, 0x4AC1, 0x4280, 0x3A40, 0x3220,
    0x3200, 0x3200, 0x3200, 0x3200, 0x3220, 0x3200, 0x3200, 0x31E0,
    0x29E0, 0x29C0, 0x29C0, 0x29C0, 0x31C0, 0x31E0, 0x3200, 0x3200,
    0x3A00, 0x3A20, 0x3A40, 0x4260, 0x4260, 0x4260, 0x4260, 0x4260,
    0x8307, 0x8307, 0x8327, 0x7B27, 0x7B26, 0x7B26, 0x7B46, 0x7B26,
    0x7326, 0x6B25, 0x6B25, 0x6B25, 0x6B25, 0x6B24, 0x7344, 0x7345,
    0x7344, 0x7B44, 0x7B44, 0x7B44, 0x8344, 0x8B24, 0x8B44, 0x9345,
    0x9B45, 0xA366, 0xAB87, 0xABA7, 0xB3C7, 0xB3C8, 0xBBE8, 0xBBE8,
    0xC408, 0xC409, 0xC429, 0xC429, 0xC429, 0xC429, 0xC44A, 0xC44A,
    0xC44A, 0xC44A, 0xC44A, 0xC44B, 0xC46B, 0xC46B, 0xC46C, 0xC48C,
    0xC4AD, 0xC4AD, 0xC4AD, 0xC4AD, 0xC4AD, 0xC4AD, 0xC4CD, 0xC4CD,
    0xC4AD, 0xC4CD, 0xC4CD, 0xC4AD, 0xC48C, 0xBC4C, 0xBC2B, 0xB40A,
    0xB3E9, 0xBBE9, 0xBC09, 0xC429, 0xCC6A, 0xCC8A, 0xCC8B, 0xCCAC,
    0xCCCD, 0xCCEE, 0xC50F, 0xC531, 0xED8F, 0xFD28, 0xF466, 0xF487,
    0xF446, 0xEC05, 0xCB22, 0xC2A1, 0xC280, 0xC280, 0xCAC0, 0xE3A2,
    0xE3E3, 0xE487, 0xFEB3, 0xFE71, 0xFE71, 0xFE50, 0xEC46, 0xCAE2,
    0xCAE3, 0xBA61, 0xBA61, 0xBA60, 0xDBE5, 0xF509, 0xFDED, 0xFE2F,
    0xFE2F, 0xFE2F, 0xFE2F, 0xFDED, 0xFE2F, 0xFE4F, 0xFE0E, 0xFE2F,
    0xFE0F, 0xFDCD, 0xFD8B, 0xF58C, 0xECE9, 0xDBA3, 0xDB62, 0xD342,
    0xCB23, 0xD343, 0xDB63, 0xD302, 0xCAC2, 0xC2C2, 0xCB03, 0xBA81,
    0xCAE2, 0xD322, 0xCAC2, 0xC2A2, 0xBAA2, 0xBA61, 0xD302, 0xD303,
    0xD303, 0xDB84, 0xFE0F, 0xFE72, 0xFE51, 0xFE51, 0xFE72, 0xDC28,
    0xBA41, 0xCAE3, 0xCB03, 0xDB85, 0xDBC6, 0xEC68, 0xFD8D, 0xE447,
    0xE3C3, 0xF424, 0xF444, 0xFCE6, 0xFDAB, 0xC510, 0x8C10, 0x83CF,
    0x83D0, 0x83D0, 0x83D0, 0x7BAF, 0x738E, 0x6B4D, 0x632C, 0x632B,
    0x634B, 0x634A, 0x6348, 0x6347, 0x6365, 0x6364, 0x5B63, 0x5B62,
    0x5B41, 0x5B40, 0x5320, 0x5300, 0x52E0, 0x52E1, 0x52E5, 0x5B08,
    0x634A, 0x636C, 0x73AE, 0x73D0, 0x73F1, 0x7C12, 0x7C12, 0x73F1,
    0x73AF, 0x6B6D, 0x632B, 0x5AE9, 0x52A7, 0x4A84, 0x4A83, 0x4A62,
    0x4260, 0x4260, 0x4260, 0x4A80, 0x4AA0, 0x4AA0, 0x4AC0, 0x4AC0,
    0x4AC0, 0x4AE0, 0x4AE0, 0x4AC1, 0x42C1, 0x4281, 0x3A60, 0x3A20,
    0x3A20, 0x3200, 0x3200, 0x3A00, 0x3A00, 0x3A20, 0x3200, 0x3200,
    0x29E0, 0x29C0, 0x29C0, 0x29C0, 0x31C0, 0x31E0, 0x31E0, 0x3200,
    0x3A00, 0x3A20, 0x4240, 0x4260, 0x4260, 0x4280, 0x4260, 0x4260,
    0x7B07, 0x7B06, 0x7B06, 0x7326, 0x7326, 0x7325, 0x7325, 0x7325,
    0x6B25, 0x6304, 0x6304, 0x6304, 0x6324, 0x6324, 0x6344, 0x6B44,
    0x6B44, 0x7344, 0x7344, 0x7B44, 0x8344, 0x8B44, 0x8B44, 0x9345,
    0x9B65, 0x9B66, 0xA387, 0xABA7, 0xB3A7, 0xB3C8, 0xBBE8, 0xBBE8,
    0xC408, 0xC408, 0xC429, 0xC429, 0xC429, 0xC429, 0xC44A, 0xC44A,
    0xC44A, 0xC44A, 0xC46B, 0xC46B, 0xC46B, 0xC46C, 0xC48C, 0xC48C,
    0xC4AD, 0xC4AD, 0xC4AD, 0xC4AD, 0xC4CD, 0xC4CD, 0xC4CD, 0xC4CD,
    0xC4CD, 0xC4CD, 0xC4CD, 0xC4AD, 0xC48C, 0xBC6C, 0xBC2B, 0xB40A,
    0xB3E9, 0xBBE9, 0xBC09, 0xC429, 0xCC6A, 0xCC6A, 0xCC8A, 0xCCAC,
    0xCCCD, 0xCCEE, 0xCD0F, 0xEDAF, 0xFD6A, 0xF466, 0xFCE8, 0xF467,
    0xEBE5, 0xDB63, 0xB220, 0xBA40, 0xBA20, 0xBA40, 0xD2C0, 0xEC04,
    0xFD29, 0xF52A, 0xFE51, 0xFE71, 0xFE51, 0xFE2F, 0xEC46, 0xCAC2,
    0xCAA1, 0xC2A1, 0xC2A1, 0xDBC5, 0xFDCD, 0xFDEE, 0xFE2F, 0xFE2F,
    0xFE2F, 0xFE2F, 0xFE0E, 0xFDED, 0xFDED, 0xFE0E, 0xFDAC, 0xFE0F,
    0xFE0F, 0xFE2E, 0xFE0E, 0xFDEE, 0xFDEE, 0xF529, 0xF54A, 0xFCE7,
    0xF486, 0xF486, 0xE3C3, 0xCAE2, 0xBA81, 0xCAE2, 0xCB23, 0xBAA2,
    0xC2C2, 0xBA81, 0xB241, 0xAA21, 0xCB23, 0xD343, 0xDB64, 0xCAE2,
    0xCAE2, 0xE3C4, 0xFE0F, 0xFE92, 0xFE31, 0xFE31, 0xFE51, 0xFE10,
    0xC2E3, 0xC2C3, 0xCB03, 0xD324, 0xCB04, 0xEC27, 0xFD6C, 0xE4CA,
    0xBAA0, 0xDB83, 0xE362, 0xEBC3, 0xFCC6, 0xFDAA, 0xD50F, 0x7B8F,
    0x7BAF, 0x83D0, 0x7BB0, 0x738F, 0x738E, 0x6B4D, 0x632C, 0x6B4B,
    0x6B4B, 0x6B6A, 0x6B68, 0x6B67, 0x6365, 0x6364, 0x6363, 0x5B62,
    0x5B40, 0x5300, 0x5300, 0x5300, 0x52E0, 0x52C3, 0x5B06, 0x6329,
    0x6B4C, 0x6B8E, 0x73CF, 0x7BF1, 0x7C12, 0x8433, 0x8432, 0x7BF1,
    0x73AF, 0x6B6D, 0x632B, 0x5B09, 0x5AE7, 0x52C6, 0x52A5, 0x52A4,
    0x4AA4, 0x4AA3, 0x4AA3, 0x4AA2, 0x4AA0, 0x4AA0, 0x4AA0, 0x4AC0,
    0x4AC0, 0x4AE0, 0x4AE1, 0x4AE1, 0x4AC1, 0x42A1, 0x3A60, 0x3A40,
    0x3A40, 0x3A20, 0x3A20, 0x3A20, 0x3A20, 0x3A20, 0x3A20, 0x3200,
    0x31E0, 0x29C0, 0x29C0, 0x29C0, 0x31C0, 0x31E0, 0x31E0, 0x3200,
    0x3A00, 0x3A20, 0x3A40, 0x4260, 0x4280, 0x4280, 0x4280, 0x4260,
    0x7B06, 0x7306, 0x7305, 0x6B05, 0x6B05, 0x6B04, 0x6B24, 0x6B24,
    0x6304, 0x5B03, 0x5AE3, 0x5B03, 0x5B02, 0x5B23, 0x6343, 0x6343,
    0x6343, 0x6B43, 0x6B43, 0x7343, 0x7B43, 0x8344, 0x8B64, 0x9365,
    0x9365, 0x9B86, 0xA386, 0xABA7, 0xB3A7, 0xB3C8, 0xBBC8, 0xBBE8,
    0xC408, 0xC409, 0xC409, 0xC429, 0xC429, 0xC429, 0xC44A, 0xC44A,
    0xC44A, 0xC46B, 0xC46B, 0xC46B, 0xC48C, 0xC48C, 0xC48C, 0xC48C,
    0xC4AD, 0xC4AD, 0xC4CD, 0xC4CD, 0xCCCD, 0xC4CD, 0xC4CD, 0xC4CD,
    0xC4CD, 0xCCCD, 0xCCCD, 0xC4AD, 0xC48C, 0xBC6C, 0xBC2B, 0xB40A,
    0xB3E9, 0xBBE9, 0xBC09, 0xC429, 0xCC6A, 0xCC6A, 0xCC8A, 0xCCAC,
    0xCCCD, 0xC4CE, 0xE58F, 0xFD8B, 0xFCC7, 0xFCC8, 0xF446, 0xCAE3,
    0xCB02, 0xC2A1, 0xBA60, 0xCAC1, 0xC2A0, 0xCAC1, 0xDB41, 0xF465,
    0xFDCC, 0xF5AD, 0xFE51, 0xFE51, 0xFE51, 0xFE50, 0xFD4A, 0xDB82,
    0xDBA4, 0xEC67, 0xF509, 0xFE2F, 0xFE50, 0xFE2F, 0xFE2F, 0xFE2F,
    0xFE2F, 0xFDED, 0xFDEE, 0xFDED, 0xFDAC, 0xFDED, 0xFDCC, 0xFE2F,
    0xFE50, 0xFE71, 0xFE50, 0xFE0E, 0xFDCD, 0xFD8C, 0xFDCC, 0xFDED,
    0xFDCC, 0xFDAB, 0xFD6A, 0xE405, 0xD302, 0xD302, 0xC2E3, 0xD343,
    0xCB02, 0xBA61, 0xB241, 0xBA82, 0xD344, 0xDB64, 0xCAC2, 0xC2A2,
    0xCAE2, 0xEBE5, 0xFD8C, 0xFE93, 0xFEB3, 0xFE72, 0xFE51, 0xFE92,
    0xECCA, 0xD323, 0xCB03, 0xCB24, 0xCB24, 0xDB84, 0xF4A8, 0xFDCE,
    0xCB23, 0xC2C0, 0xE383, 0xE342, 0xEB82, 0xFC85, 0xFD49, 0xCCCD,
    0x83AF, 0x7BB0, 0x7BAF, 0x73AF, 0x738E, 0x6B4D, 0x6B4C, 0x6B4C,
    0x6B6C, 0x6B6B, 0x6B69, 0x6B67, 0x6B66, 0x6365, 0x6364, 0x5B42,
    0x5320, 0x4AE0, 0x4AE0, 0x4AE0, 0x52E2, 0x52E5, 0x5B08, 0x634B,
    0x6B6D, 0x73AF, 0x7BF1, 0x8432, 0x8453, 0x8C53, 0x8433, 0x7BF1,
    0x73CF, 0x738D, 0x6B4B, 0x632A, 0x5B08, 0x5AE7, 0x5AE7, 0x5AE7,
    0x5AE6, 0x52E6, 0x52E5, 0x52C4, 0x52C3, 0x52C1, 0x4AC0, 0x52C0,
    0x52E0, 0x52E1, 0x5301, 0x4AE1, 0x4AE1, 0x42C1, 0x4280, 0x4261,
    0x4262, 0x4243, 0x4242, 0x4243, 0x4243, 0x4243, 0x4222, 0x3A00,
    0x31E0, 0x29C0, 0x29C0, 0x29C0, 0x31E0, 0x31E0, 0x31E0, 0x3200,
    0x3A00, 0x3A20, 0x3A40, 0x4260, 0x4280, 0x4280, 0x4280, 0x4260,
    0x7306, 0x6B05, 0x6304, 0x62E4, 0x62E4, 0x62E4, 0x5AE3, 0x5AE3,
    0x52E3, 0x52E1, 0x52E1, 0x52E1, 0x52E1, 0x5302, 0x5B22, 0x5B42,
    0x5B42, 0x6342, 0x6B42, 0x6B42, 0x7343, 0x7B63, 0x8364, 0x8B65,
    0x9385, 0x9B86, 0xA3A6, 0xABA7, 0xB3A7, 0xB3C8, 0xBBC8, 0xBBE8,
    0xC408, 0xC409, 0xC409, 0xC409, 0xC429, 0xC429, 0xC44A, 0xC44A,
    0xC44A, 0xC46B, 0xC46B, 0xC48C, 0xC48C, 0xC48C, 0xC48C, 0xC48C,
    0xC4AD, 0xC4AD, 0xC4CD, 0xCCCD, 0xCCCD, 0xC4CD, 0xCCCD, 0xC4CD,
    0xCCCD, 0xCCCE, 0xCCCE, 0xC4AD, 0xC48C, 0xBC6C, 0xBC4B, 0xB40A,
    0xB409, 0xBBE9, 0xC409, 0xC429, 0xCC6A, 0xCC6A, 0xCC8B, 0xCCAC,
    0xCCAD, 0xE58F, 0xFDAB, 0xFCE8, 0xF466, 0xE3C4, 0xE3C4, 0xD323,
    0xE3C4, 0xCB02, 0xC2A1, 0xB240, 0xBA60, 0xCAE1, 0xE3E4, 0xFD49,
    0xFDED, 0xF58C, 0xFE31, 0xFE51, 0xFE30, 0xFE30, 0xFDEE, 0xFD8B,
    0xFDEE, 0xFE2F, 0xFE30, 0xFE51, 0xFE30, 0xFE30, 0xFE2F, 0xFE2F,
    0xFE0E, 0xFDED, 0xFE0E, 0xFDEE, 0xFDCD, 0xFDCD, 0xFE0E, 0xFE2F,
    0xFE71, 0xFE50, 0xFDED, 0xFE2F, 0xFE0E, 0xFDEE, 0xF58C, 0xFDCD,
    0xFE2F, 0xFE50, 0xFE50, 0xF54A, 0xD363, 0xE3E5, 0xDB83, 0xD344,
    0xC2C2, 0xC2A1, 0xBAA2, 0xBA82, 0xCB03, 0xDB43, 0xCAE2, 0xD344,
    0xDB23, 0xF4C8, 0xFE2F, 0xFE10, 0xFE51, 0xFE72, 0xFE30, 0xFE51,
    0xFE72, 0xF56D, 0xDBA6, 0xD344, 0xDBA6, 0xDB64, 0xF488, 0xFE0F,
    0xC302, 0xCAE1, 0xE3A3, 0xF425, 0xE3A3, 0xEBA3, 0xFC86, 0xFD69,
    0xDD2D, 0x8BF0, 0x7BAF, 0x7BAF, 0x738E, 0x6B6D, 0x6B4D, 0x736D,
    0x738C, 0x738C, 0x738A, 0x7388, 0x6B67, 0x6B65, 0x6344, 0x5B21,
    0x5300, 0x4AE0, 0x4AC0, 0x52E2, 0x52E5, 0x5308, 0x632A, 0x6B6D,
    0x73AF, 0x73D0, 0x7C12, 0x8453, 0x8C53, 0x8C53, 0x8432, 0x7BF0,
    0x7BCF, 0x73AE, 0x6B8C, 0x6B4A, 0x634A, 0x6349, 0x634A, 0x634A,
    0x632A, 0x6329, 0x6308, 0x5B07, 0x5B06, 0x52E4, 0x52E1, 0x52E0,
    0x5301, 0x5301, 0x5301, 0x5301, 0x4B01, 0x4AE1, 0x42C2, 0x4AA4,
    0x4AA5, 0x4285, 0x4265, 0x4A65, 0x4A65, 0x4265, 0x4244, 0x3A02,
    0x39E0, 0x31C0, 0x31C0, 0x31C0, 0x31E0, 0x31E0, 0x31E0, 0x31E0,
    0x3A00, 0x3A20, 0x3A40, 0x4260, 0x4280, 0x4280, 0x4281, 0x4261,
    0x6AE5, 0x6304, 0x5AE4, 0x5AE3, 0x5AE3, 0x52E2, 0x52C2, 0x52C2,
    0x4AC1, 0x4AC0, 0x4AC0, 0x4AC0, 0x4AC0, 0x4AE1, 0x5300, 0x5320,
    0x5341, 0x5B41, 0x6342, 0x6B42, 0x6B62, 0x7363, 0x7B84, 0x8B84,
    0x9385, 0x9BA6, 0xA3A6, 0xABA7, 0xABA7, 0xB3C7, 0xBBC8, 0xBBE8,
    0xBC08, 0xC409, 0xC409, 0xC409, 0xC429, 0xC429, 0xC44A, 0xC46A,
    0xC46B, 0xC46B, 0xC46B, 0xC48C, 0xC48C, 0xC48C, 0xC48C, 0xC4AD,
    0xC4AD, 0xC4AD, 0xC4CD, 0xCCCD, 0xCCCD, 0xCCCE, 0xC4CD, 0xCCCE,
    0xCCCD, 0xCCCE, 0xCCCE, 0xC4AD, 0xC48C, 0xBC6C, 0xBC4B, 0xB40A,
    0xBC09, 0xBC09, 0xC429, 0xC449, 0xCC6A, 0xCC8A, 0xCC8B, 0xCC8B,
    0xE54E, 0xFDED, 0xFD28, 0xF446, 0xDB63, 0xDB64, 0xE3A4, 0xD343,
    0xBA81, 0xBA81, 0xC2A1, 0xB220, 0xAA20, 0xAA20, 0xDBA3, 0xFDCC,
    0xFDED, 0xF54B, 0xF5EF, 0xFE30, 0xFE30, 0xFE30, 0xFE0E, 0xFE2F,
    0xFE30, 0xFE30, 0xFE50, 0xFE2F, 0xFE2F, 0xFE71, 0xFE2F, 0xFDED,
    0xFDED, 0xFDED, 0xF509, 0xEC46, 0xEC46, 0xE3E4, 0xF54B, 0xFE2F,
    0xFE30, 0xFDEE, 0xFDCC, 0xFE2F, 0xFE2F, 0xFE2F, 0xFE30, 0xFE0F,
    0xFE0F, 0xFE30, 0xFDEE, 0xFDEE, 0xF4C7, 0xFDAD, 0xFD6B, 0xE3E4,
    0xCB02, 0xD323, 0xD303, 0xCAE2, 0xC2A2, 0xD344, 0xD303, 0xD343,
    0xE384, 0xF4E8, 0xFE51, 0xFE51, 0xFE72, 0xFE51, 0xFE72, 0xFDEE,
    0xFE51, 0xFE93, 0xF58E, 0xD364, 0xDB85, 0xDBA5, 0xF488, 0xFE50,
    0xCB64, 0xCB01, 0xEBE4, 0xF445, 0xF486, 0xEBE4, 0xEBE4, 0xF465,
    0xFD07, 0xE50D, 0x83D0, 0x738F, 0x738E, 0x736D, 0x736D, 0x738D,
    0x7BAE, 0x7BAD, 0x73AB, 0x73AA, 0x7388, 0x6B66, 0x5B44, 0x5B01,
    0x52E0, 0x4AC0, 0x4AC1, 0x52E5, 0x5B08, 0x5B2A, 0x634C, 0x738F,
    0x73D0, 0x7C11, 0x8432, 0x8453, 0x8453, 0x8432, 0x8411, 0x7BEF,
    0x7BCF, 0x7BCE, 0x73AD, 0x738C, 0x6B8C, 0x6B8C, 0x73AD, 0x73AD,
    0x6BAD, 0x6B8C, 0x6B6B, 0x634A, 0x6349, 0x5B26, 0x5B03, 0x5301,
    0x5301, 0x5322, 0x5322, 0x5302, 0x5301, 0x4AE1, 0x4AE3, 0x52E5,
    0x52C7, 0x4AA7, 0x4AA7, 0x4AA7, 0x4AA8, 0x4A87, 0x4A66, 0x4224,
    0x3A01, 0x31C0, 0x31C0, 0x31C0, 0x31E0, 0x31E0, 0x31E0, 0x3A00,
    0x3A00, 0x3A20, 0x3A40, 0x4260, 0x4281, 0x4282, 0x4282, 0x4262,
    0x62E3, 0x5AE3, 0x5AE3, 0x52C2, 0x52C2, 0x4AC1, 0x4AC1, 0x4AC0,
    0x42A0, 0x42A0, 0x42A0, 0x42A0, 0x42C0, 0x42C0, 0x4AE0, 0x4B00,
    0x5320, 0x5341, 0x5B41, 0x6341, 0x6B62, 0x7363, 0x7B83, 0x8384,
    0x8B85, 0x93A5, 0x9BA6, 0xA3A6, 0xABA7, 0xB3C7, 0xB3C8, 0xBBE8,
    0xC408, 0xC409, 0xC409, 0xC409, 0xC429, 0xC429, 0xC44A, 0xC46A,
    0xC46B, 0xC46B, 0xC46B, 0xC48C, 0xC48C, 0xC48C, 0xC4AD, 0xC4AD,
    0xC4AD, 0xC4CD, 0xC4CE, 0xC4CE, 0xC4CE, 0xC4CE, 0xCCCD, 0xCCCE,
    0xCCCE, 0xCCCE, 0xCCCD, 0xC4AD, 0xC48D, 0xBC6C, 0xBC4B, 0xB40A,
    0xBC09, 0xBC09, 0xC429, 0xCC49, 0xCC6A, 0xCC8A, 0xCC6A, 0xDCEC,
    0xFDCD, 0xF4A7, 0xEBC4, 0xE384, 0xF426, 0xEC05, 0xDB43, 0xC2A2,
    0xB241, 0xC2A1, 0xB200, 0xB200, 0xAA00, 0xB220, 0xD301, 0xF4E8,
    0xFDCD, 0xED2A, 0xF56C, 0xFDEE, 0xFE30, 0xFE0E, 0xFE0F, 0xFE71,
    0xFE50, 0xFE30, 0xFE71, 0xFE2F, 0xFE71, 0xFE50, 0xFDCD, 0xFDED,
    0xFDAC, 0xEC66, 0xDB42, 0xD2E2, 0xD302, 0xD323, 0xDB43, 0xF52A,
    0xF56C, 0xF56B, 0xFE0E, 0xFE30, 0xFE0F, 0xFE50, 0xFE50, 0xFE50,
    0xFE50, 0xFDEE, 0xFDEE, 0xFE51, 0xFDAC, 0xFE30, 0xFE71, 0xF54A,
    0xEC46, 0xDB84, 0xD323, 0xC281, 0xC261, 0xC2C2, 0xD323, 0xDB63,
    0xF446, 0xFD8C, 0xFE72, 0xFE92, 0xFE93, 0xFE51, 0xFE93, 0xFE30,
    0xFDEF, 0xFE10, 0xFE93, 0xECEB, 0xD344, 0xDB64, 0xF487, 0xFE92,
    0xECCA, 0xD343, 0xCAE1, 0xD301, 0xE342, 0xD301, 0xD301, 0xE383,
    0xEBA3, 0xFC45, 0xE4EC, 0x8BCF, 0x736E, 0x7B8E, 0x7B8E, 0x7BAE,
    0x7BCE, 0x83CE, 0x7BCC, 0x7BAB, 0x7389, 0x6B67, 0x5B24, 0x5301,
    0x4AE0, 0x4AC0, 0x52C3, 0x5B08, 0x632A, 0x634C, 0x6B6E, 0x73B0,
    0x7BF1, 0x7C12, 0x8432, 0x8432, 0x8432, 0x8411, 0x7BEF, 0x7BCE,
    0x7BCE, 0x7BCD, 0x7BCD, 0x73CD, 0x7BCD, 0x7BEF, 0x7C10, 0x7C10,
    0x7C10, 0x7BEF, 0x73CE, 0x73AD, 0x636B, 0x6349, 0x5B25, 0x5B22,
    0x5321, 0x5322, 0x5321, 0x5322, 0x5321, 0x5302, 0x5305, 0x5307,
    0x52E8, 0x52E9, 0x52C9, 0x52C9, 0x52C9, 0x52A9, 0x4A88, 0x4246,
    0x4202, 0x39E0, 0x31C0, 0x31E0, 0x31E0, 0x39E0, 0x3A00, 0x3A00,
    0x3A00, 0x3A20, 0x3A40, 0x4260, 0x4282, 0x4AA3, 0x4AA3, 0x4283,
    0x5AC2, 0x52C2, 0x52E2, 0x4AC1, 0x4AC0, 0x42C0, 0x42A0, 0x42A0,
    0x42A0, 0x3A80, 0x3A80, 0x3A80, 0x3AA0, 0x42C0, 0x42E0, 0x4300,
    0x4B00, 0x5320, 0x5320, 0x5B41, 0x6342, 0x6B62, 0x7383, 0x8384,
    0x8BA4, 0x93A5, 0x9BA6, 0xA3A6, 0xABA7, 0xB3C7, 0xB3C8, 0xBBE8,
    0xC408, 0xC409, 0xC409, 0xC409, 0xC429, 0xC44A, 0xC46A, 0xC46B,
    0xCC6B, 0xC46B, 0xC46B, 0xC48C, 0xC48C, 0xC4AC, 0xC4AD, 0xC4AD,
    0xC4CD, 0xC4CD, 0xC4CE, 0xC4CE, 0xC4CE, 0xC4CE, 0xC4CE, 0xC4CE,
    0xCCCE, 0xCCCE, 0xC4CD, 0xC4AD, 0xC48C, 0xBC6C, 0xBC4B, 0xB40A,
    0xBC09, 0xBC09, 0xC429, 0xCC49, 0xCC8A, 0xCC8A, 0xD4EB, 0xFDED,
    0xFD29, 0xFCA7, 0xEC26, 0xEBE5, 0xCB03, 0xCAE2, 0xD303, 0xC2A2,
    0xC281, 0xC2A1, 0xC2A1, 0xBA40, 0xB220, 0xC280, 0xE3E4, 0xF56A,
    0xF58B, 0xE4C9, 0xD3A5, 0xE467, 0xF58D, 0xFE0F, 0xFE51, 0xFE72,
    0xFE50, 0xFE51, 0xFE71, 0xFE0F, 0xFE30, 0xFE0F, 0xFE2F, 0xFDAC,
    0xE405, 0xCAC1, 0xCAC1, 0xC281, 0xBA81, 0xCAE2, 0xCB02, 0xDB63,
    0xDB64, 0xDBA4, 0xF58C, 0xFE0F, 0xFE30, 0xFE0F, 0xFE2F, 0xFE2F,
    0xFE30, 0xFE0F, 0xFE51, 0xFE52, 0xFE0F, 0xFE92, 0xFE72, 0xFE30,
    0xF54C, 0xDB63, 0xC2C2, 0xCAE2, 0xCAC1, 0xC281, 0xD343, 0xF486,
    0xFE0F, 0xFE72, 0xFE72, 0xFE93, 0xFE93, 0xFE72, 0xFE72, 0xFED4,
    0xFE52, 0xFE31, 0xFE72, 0xFE52, 0xEC88, 0xEBA3, 0xFD2A, 0xFED4,
    0xED6E, 0xBAA1, 0xB220, 0xB220, 0xC260, 0xCAA0, 0xCAA0, 0xD301,
    0xE362, 0xEBA2, 0xFCA5, 0xED0C, 0x8BCE, 0x738E, 0x7BAF, 0x7BCF,
    0x83CF, 0x83CE, 0x83CD, 0x7BAB, 0x7389, 0x6347, 0x5B24, 0x5301,
    0x4AE0, 0x4AC1, 0x52E6, 0x632A, 0x6B6B, 0x6B6D, 0x6B8F, 0x73D1,
    0x7BF1, 0x7C12, 0x8432, 0x8432, 0x7C11, 0x7BF0, 0x7BCE, 0x73AD,
    0x73AD, 0x7BCD, 0x7BCD, 0x7BEE, 0x840F, 0x8C52, 0x8C73, 0x8473,
    0x8453, 0x8431, 0x7BF0, 0x73CE, 0x6B8C, 0x636A, 0x6347, 0x5B44,
    0x5B42, 0x5B21, 0x5322, 0x5322, 0x5301, 0x5302, 0x5306, 0x5B28,
    0x5B2A, 0x5B0A, 0x52EB, 0x52EB, 0x52EB, 0x52EB, 0x52A9, 0x4247,
    0x4224, 0x39E0, 0x39E0, 0x39E0, 0x39E0, 0x3A00, 0x3A00, 0x3A20,
    0x3A20, 0x3A20, 0x3A40, 0x4261, 0x4282, 0x4AC3, 0x4AC4, 0x4AC4,
    0x52A2, 0x52C1, 0x4AC1, 0x4AC1, 0x42C0, 0x42A0, 0x42A0, 0x42A0,
    0x3A80, 0x3A80, 0x3A80, 0x3A80, 0x3A80, 0x3AA0, 0x42C0, 0x42E0,
    0x4B00, 0x4B20, 0x5320, 0x5340, 0x5B41, 0x6362, 0x7382, 0x7B83,
    0x8384, 0x93A5, 0x9BA6, 0xA3A6, 0xABA7, 0xB3C7, 0xB3C7, 0xBBE8,
    0xBBE8, 0xC408, 0xC409, 0xC409, 0xC429, 0xC44A, 0xCC6A, 0xCC6B,
    0xC46B, 0xC46B, 0xC46B, 0xC48C, 0xC48C, 0xC4AC, 0xC4AD, 0xC4CD,
    0xC4CE, 0xC4CE, 0xC4CE, 0xC4CE, 0xC4CE, 0xC4CE, 0xC4CE, 0xC4CE,
    0xCCCE, 0xCCCE, 0xC4CD, 0xC4AD, 0xC48C, 0xBC6C, 0xBC2B, 0xB40A,
    0xBC09, 0xBC09, 0xC409, 0xCC49, 0xCC8A, 0xD4AB, 0xEDAD, 0xFDCB,
    0xFD29, 0xEC26, 0xE3A5, 0xCAE2, 0xD323, 0xDB43, 0xCAC2, 0xC282,
    0xBA81, 0xC2A1, 0xBA81, 0xAA20, 0xA1E0, 0xCB01, 0xF4E8, 0xF54A,
    0xF58B, 0xDC68, 0xB261, 0xDB23, 0xF54C, 0xFE0F, 0xFE51, 0xFE50,
    0xFE50, 0xFE51, 0xFE2F, 0xFE0E, 0xFE2F, 0xFE2F, 0xFDED, 0xE405,
    0xD302, 0xBA61, 0xA9E0, 0xBA40, 0xB241, 0xC2A1, 0xCAE2, 0xC2A1,
    0xCAE2, 0xD323, 0xE3E5, 0xF58D, 0xFE0F, 0xFE51, 0xFE0F, 0xFE51,
    0xFE72, 0xFE50, 0xFE71, 0xFE51, 0xF5CF, 0xFE72, 0xFE72, 0xFE31,
    0xFDCF, 0xE426, 0xCAE2, 0xCAE2, 0xDB22, 0xDB23, 0xE3A3, 0xFDCE,
    0xFE72, 0xFE93, 0xFE51, 0xFE92, 0xFE72, 0xFDCF, 0xECCA, 0xF5CF,
    0xFEB3, 0xFE93, 0xFE73, 0xFE94, 0xFE30, 0xFD6B, 0xFE50, 0xFEB4,
    0xFE52, 0xDC06, 0xB260, 0xA1E0, 0xAA00, 0xBA60, 0xD301, 0xDB42,
    0xE383, 0xEBC3, 0xF424, 0xFD27, 0xED4D, 0x83CF, 0x7BAF, 0x83CF,
    0x83EF, 0x83EF, 0x83CD, 0x7BAB, 0x7389, 0x6347, 0x5B24, 0x5B02,
    0x52E1, 0x52E4, 0x5B08, 0x636B, 0x6B8D, 0x6B8E, 0x73B0, 0x7BF1,
    0x7C12, 0x7C12, 0x8412, 0x8411, 0x7BF0, 0x73CE, 0x73AC, 0x738B,
    0x73AB, 0x7BCD, 0x7BEE, 0x842F, 0x8C51, 0x8C93, 0x94B4, 0x94B5,
    0x94B4, 0x8C73, 0x8431, 0x7BEF, 0x73CE, 0x6B8C, 0x6368, 0x6345,
    0x5B42, 0x5B21, 0x5301, 0x5301, 0x5301, 0x5302, 0x5326, 0x5B4A,
    0x5B4B, 0x5B2C, 0x5B2C, 0x5B0C, 0x5B0C, 0x52EC, 0x52CB, 0x4A68,
    0x4245, 0x4200, 0x3A00, 0x3A00, 0x4221, 0x4221, 0x4220, 0x4220,
    0x3A20, 0x3A20, 0x4240, 0x4261, 0x4AA3, 0x4AC4, 0x4AE6, 0x4AE6,
    0x4AA1, 0x4AA0, 0x4AA0, 0x4AC0, 0x4AC0, 0x42C0, 0x42C0, 0x42A0,
    0x3A80, 0x3A80, 0x3A60, 0x3A80, 0x3A80, 0x3AA0, 0x42C0, 0x4300,
    0x4B20, 0x4B20, 0x5320, 0x5340, 0x5B41, 0x6362, 0x7382, 0x7BA3,
    0x83A4, 0x8BA5, 0x9BA6, 0xA3A6, 0xABA7, 0xB3A7, 0xB3C7, 0xBBC8,
    0xBBE8, 0xC408, 0xC409, 0xC429, 0xC429, 0xC44A, 0xCC6A, 0xCC6B,
    0xC46B, 0xC46B, 0xC46B, 0xC48C, 0xC48C, 0xC4AD, 0xC4AD, 0xC4CD,
    0xC4CE, 0xC4CE, 0xCCCE, 0xC4CE, 0xC4CE, 0xC4CE, 0xC4CE, 0xCCCE,
    0xCCCE, 0xCCCE, 0xC4CD, 0xC4AD, 0xC48C, 0xBC4C, 0xBC2B, 0xB40A,
    0xB409, 0xBC09, 0xC429, 0xCC4A, 0xCC4A, 0xE56D, 0xFDEC, 0xFD28,
    0xEBE5, 0xD302, 0xE3A4, 0xD343, 0xE3C5, 0xC2C2, 0xCAC2, 0xCB03,
    0xBAA2, 0xAA20, 0xAA20, 0xBA61, 0xBA40, 0xDBE4, 0xFD8B, 0xF54A,
    0xF54A, 0xCC07, 0xB261, 0xE3A5, 0xE447, 0xF52B, 0xFE30, 0xFE50,
    0xFE2F, 0xFE2F, 0xFE0F, 0xFE0F, 0xFE50, 0xF54B, 0xDBC4, 0xC281,
    0xC281, 0xBA61, 0xAA00, 0xB220, 0xBA40, 0xC2A1, 0xC2A1, 0xBA61,
    0xB240, 0xCAC2, 0xD302, 0xD343, 0xECC9, 0xFD8D, 0xECEA, 0xFE10,
    0xFE72, 0xFE31, 0xFE30, 0xFDEF, 0xFE31, 0xFE51, 0xFE51, 0xFE31,
    0xFDEF, 0xFD6C, 0xEC66, 0xE3E4, 0xE383, 0xEC46, 0xF52A, 0xFE0F,
    0xFE51, 0xFE51, 0xFE72, 0xFE72, 0xF58D, 0xECAA, 0xCB24, 0xCAE2,
    0xF4EA, 0xFE72, 0xFE93, 0xFE73, 0xFE72, 0xFE72, 0xFE93, 0xFEB4,
    0xFE72, 0xE4A9, 0xBAC1, 0xAA20, 0xB240, 0xCAC1, 0xD2E1, 0xDB22,
    0xE342, 0xEBA3, 0xF404, 0xFC85, 0xFD69, 0xDD2E, 0x8BEF, 0x83CF,
    0x83EF, 0x83EF, 0x83CD, 0x7BAC, 0x6B69, 0x6B47, 0x5B25, 0x5B04,
    0x5B05, 0x5B06, 0x6349, 0x6B8D, 0x73AE, 0x73AF, 0x73D1, 0x7C12,
    0x7C12, 0x7C12, 0x7C11, 0x7BF0, 0x73AD, 0x738C, 0x6B6A, 0x6B69,
    0x738A, 0x7BCC, 0x7C0E, 0x8450, 0x8C72, 0x94B4, 0x94D5, 0x9CF6,
    0x94D6, 0x8C94, 0x8453, 0x7C11, 0x73EF, 0x6BAD, 0x638A, 0x6347,
    0x5B23, 0x5B01, 0x52E1, 0x52E1, 0x52E0, 0x52E2, 0x5B07, 0x5B4B,
    0x636D, 0x636E, 0x5B4E, 0x5B2E, 0x5B2E, 0x5B2E, 0x52EC, 0x4AA9,
    0x4A65, 0x4221, 0x4221, 0x4222, 0x4222, 0x4242, 0x4241, 0x4221,
    0x4240, 0x4220, 0x4240, 0x4261, 0x4A83, 0x52C5, 0x52E7, 0x52E7,
    0x52A1, 0x4AA0, 0x4AA0, 0x42A0, 0x42C0, 0x42C0, 0x42C0, 0x42A0,
    0x3A80, 0x3260, 0x3260, 0x3A80, 0x3A80, 0x42C0, 0x42E0, 0x4B00,
    0x4B20, 0x4B20, 0x5320, 0x5340, 0x5B41, 0x6362, 0x7382, 0x7BA3,
    0x83A4, 0x93A5, 0x9BA5, 0xA3A6, 0xABA6, 0xABA7, 0xB3C7, 0xBBC8,
    0xBBE8, 0xC3E8, 0xC409, 0xC409, 0xC449, 0xCC4A, 0xCC6A, 0xCC6B,
    0xC46B, 0xC46B, 0xC48C, 0xC48C, 0xC48C, 0xC4AD, 0xC4AD, 0xC4CD,
    0xC4CE, 0xCCCE, 0xC4EE, 0xC4EE, 0xC4CE, 0xC4CE, 0xCCCE, 0xCCCE,
    0xCCCE, 0xCCCE, 0xC4CD, 0xC4AD, 0xC48C, 0xBC4C, 0xBC2B, 0xB40A,
    0xB409, 0xBC09, 0xC429, 0xC429, 0xDCCB, 0xFE2F, 0xFCC7, 0xE384,
    0xDB43, 0xF426, 0xEBE5, 0xE3E6, 0xE406, 0xCB03, 0xD323, 0xCB03,
    0xC2E2, 0xBA61, 0xB240, 0xAA20, 0xB240, 0xE425, 0xF5AC, 0xF58C,
    0xF54B, 0xC3A6, 0xB282, 0xDBC5, 0xCB23, 0xF54C, 0xFE50, 0xFE30,
    0xFE30, 0xFE30, 0xFE30, 0xFE71, 0xECA8, 0xDB43, 0xC281, 0xB241,
    0xBA81, 0xAA20, 0xAA00, 0xB220, 0xBA61, 0xC2A1, 0xCAC1, 0xB241,
    0xB241, 0xC261, 0xC2A1, 0xCAE2, 0xD323, 0xD323, 0xD302, 0xECA9,
    0xFDCE, 0xFDAD, 0xFE0F, 0xFE10, 0xFE51, 0xFE72, 0xFE72, 0xFE93,
    0xFE30, 0xFDCE, 0xFDCE, 0xFDEE, 0xF52A, 0xF52B, 0xFDEE, 0xFE30,
    0xFE51, 0xFE10, 0xFE31, 0xFE51, 0xF54C, 0xCB44, 0xC2E3, 0xC2A2,
    0xD323, 0xF488, 0xFE30, 0xFE93, 0xFE73, 0xFE93, 0xFE93, 0xFE93,
    0xFE10, 0xE4A9, 0xAA82, 0x91A0, 0xAA00, 0xC2C1, 0xDB42, 0xDB63,
    0xDB62, 0xE362, 0xF3E3, 0xFC65, 0xFCA6, 0xFDCB, 0xD52F, 0x7BAF,
    0x8C10, 0x8BEF, 0x83CE, 0x7BAC, 0x6B6A, 0x6B47, 0x6326, 0x5B26,
    0x5B06, 0x6328, 0x6B4B, 0x73AE, 0x7BD0, 0x73D0, 0x7BF1, 0x7C12,
    0x7C12, 0x7C11, 0x7BF0, 0x73AE, 0x6B8C, 0x6B6A, 0x6B48, 0x6B47,
    0x7389, 0x7BCC, 0x840E, 0x8450, 0x8C72, 0x94B4, 0x94F6, 0x9D17,
    0x9CF7, 0x94D6, 0x8494, 0x8432, 0x7BF0, 0x73CD, 0x6B8B, 0x6347,
    0x5B24, 0x52E0, 0x52E0, 0x52E0, 0x52E0, 0x52E2, 0x5307, 0x634C,
    0x636E, 0x638F, 0x636F, 0x5B6F, 0x5B4F, 0x5B4F, 0x530D, 0x4AAA,
    0x4A66, 0x4243, 0x4242, 0x4242, 0x4242, 0x4242, 0x4241, 0x4241,
    0x4241, 0x4241, 0x4240, 0x4262, 0x4A84, 0x52C6, 0x52E7, 0x52E9,
    0x52A2, 0x4AA1, 0x4280, 0x42A0, 0x42C0, 0x42C0, 0x42C0, 0x42A0,
    0x3A80, 0x3260, 0x3260, 0x3A60, 0x3AA0, 0x42C0, 0x42E0, 0x4B00,
    0x4B00, 0x4B00, 0x5320, 0x5340, 0x5B41, 0x6362, 0x7382, 0x7B83,
    0x8384, 0x8B85, 0x9B85, 0xA386, 0xA386, 0xABA7, 0xB3A7, 0xBBC7,
    0xBBE8, 0xC3E8, 0xC409, 0xC409, 0xC449, 0xCC4A, 0xC44A, 0xC46B,
    0xC46B, 0xC46B, 0xC48C, 0xC48C, 0xC4AD, 0xC4AD, 0xC4CD, 0xCCCE,
    0xCCCE, 0xCCCE, 0xC4CE, 0xC4CE, 0xC4CE, 0xC4CE, 0xC4CE, 0xC4CE,
    0xC4CE, 0xC4CE, 0xC4AD, 0xC48D, 0xC48C, 0xBC4C, 0xBC2B, 0xB40A,
    0xB409, 0xBC09, 0xC429, 0xCC6A, 0xF6B4, 0xFDED, 0xF445, 0xEC46,
    0xF467, 0xF467, 0xD364, 0xDBA5, 0xCB03, 0xC2E2, 0xC2C2, 0xC2E2,
    0xC2A1, 0xAA21, 0xA200, 0xA200, 0xBAC1, 0xF529, 0xF56B, 0xED6B,
    0xED4B, 0xC3E6, 0xBAE3, 0xDB85, 0xD364, 0xF5CE, 0xFE71, 0xFE50,
    0xFE30, 0xFE50, 0xFE71, 0xFDCD, 0xDB43, 0xCAA1, 0xC2A2, 0xC2A1,
    0xAA00, 0xB241, 0xC2A2, 0xAA20, 0xCB02, 0xCAA1, 0xAA20, 0xC2C2,
    0xC2C2, 0xC2A1, 0xC2A2, 0xC2A1, 0xCAC2, 0xC281, 0xC281, 0xD2E2,
    0xE3A4, 0xEC46, 0xFDCE, 0xFE31, 0xFE51, 0xFE71, 0xFE93, 0xFE72,
    0xFE10, 0xFE51, 0xFE72, 0xFE50, 0xFDEF, 0xFDAD, 0xFE0F, 0xFE51,
    0xFE93, 0xFE92, 0xFE92, 0xFE0F, 0xF50B, 0xC324, 0xBAA2, 0xC2C3,
    0xD344, 0xE3A5, 0xEC06, 0xFE31, 0xFEB4, 0xFE93, 0xFEB4, 0xFED4,
    0xF56D, 0xDBC6, 0xBB03, 0xA200, 0xAA20, 0xB240, 0xD322, 0xE383,
    0xDB62, 0xD301, 0xDB42, 0xEBC3, 0xFC65, 0xFD08, 0xFE92, 0xBCB1,
    0x7BAF, 0x83EF, 0x83CE, 0x7BAC, 0x736A, 0x6B48, 0x6347, 0x6347,
    0x6327, 0x634A, 0x6B6D, 0x7BCF, 0x7BF1, 0x7BF1, 0x7C12, 0x7C12,
    0x7C12, 0x7BF1, 0x73CF, 0x738D, 0x6B6A, 0x6347, 0x6B46, 0x6B46,
    0x6B68, 0x73CB, 0x840E, 0x8C51, 0x8C72, 0x94B4, 0x94D6, 0x9CF7,
    0x9CF7, 0x94D6, 0x8C94, 0x8453, 0x7C11, 0x73CE, 0x6B8B, 0x6348,
    0x5B04, 0x52E0, 0x52E0, 0x52E0, 0x52C0, 0x52C2, 0x5B08, 0x636C,
    0x6B8F, 0x6B90, 0x6BB1, 0x63B1, 0x6391, 0x5B70, 0x5B2E, 0x4ACA,
    0x4A87, 0x4A43, 0x4A42, 0x4A42, 0x4A42, 0x4A42, 0x4A42, 0x4A42,
    0x4242, 0x4242, 0x4241, 0x4262, 0x4A84, 0x4AC6, 0x52E8, 0x530A,
    0x5AC3, 0x52A2, 0x4280, 0x4260, 0x3A80, 0x3AA0, 0x3A80, 0x3A80,
    0x3A80, 0x3260, 0x3240, 0x3260, 0x3A80, 0x42C0, 0x42E0, 0x4B00,
    0x42E0, 0x4300, 0x4B20, 0x5340, 0x5B41, 0x6B62, 0x7362, 0x7B63,
    0x8363, 0x9384, 0x9B85, 0x9B66, 0xA386, 0xAB86, 0xB3A7, 0xBBA7,
    0xBBC8, 0xC3E8, 0xC408, 0xC409, 0xC429, 0xC44A, 0xC44A, 0xC46B,
    0xC46B, 0xC48C, 0xC48C, 0xC4AD, 0xC4AD, 0xC4AD, 0xC4CD, 0xCCCE,
    0xCCCE, 0xCCCE, 0xC4CE, 0xC4CE, 0xC4CE, 0xC4CE, 0xC4CE, 0xC4CE,
    0xC4CE, 0xC4CE, 0xC4AD, 0xC48D, 0xBC6C, 0xBC4B, 0xBC2B, 0xB40A,
    0xB409, 0xBC09, 0xBBE8, 0xEE32, 0xFF35, 0xF4A7, 0xF446, 0xFCC8,
    0xF487, 0xDBA4, 0xD364, 0xDB85, 0xCAE2, 0xC2C2, 0xBA82, 0xBA61,
    0xBA61, 0xC2A1, 0xAA20, 0xAA00, 0xCB22, 0xF54A, 0xF52A, 0xF56B,
    0xED4B, 0xC3E6, 0xC303, 0xD323, 0xE448, 0xF5AD, 0xFE51, 0xFE51,
    0xFE0F, 0xFE51, 0xFE2F, 0xEC25, 0xD2C1, 0xBA81, 0xC2A1, 0xBA81,
    0xAA00, 0xCAC1, 0xC281, 0xBA81, 0xAA41, 0xBA61, 0xBA61, 0xC2C2,
    0xCAE2, 0xCAC2, 0xC2C2, 0xCAE2, 0xC2A1, 0xCAE2, 0xD302, 0xD323,
    0xDB43, 0xE383, 0xEC47, 0xF4E9, 0xFDEF, 0xFE72, 0xFE92, 0xFE31,
    0xFE30, 0xFE72, 0xFE72, 0xFE51, 0xFDCE, 0xFDEF, 0xFE30, 0xFE72,
    0xFEB3, 0xFE72, 0xFEB3, 0xFDEF, 0xDBE7, 0xC2E3, 0xAA21, 0xB261,
    0xD323, 0xDB85, 0xDB63, 0xF50A, 0xFED5, 0xFEB4, 0xFEB4, 0xFEB4,
    0xF54D, 0xD364, 0xAA82, 0xA200, 0xAA20, 0xB240, 0xB240, 0xCAE1,
    0xDB62, 0xE3A3, 0xE3C4, 0xE383, 0xE3A3, 0xF465, 0xFDED, 0xFF16,
    0xBCB0, 0x93EF, 0x83CE, 0x7BAC, 0x738A, 0x6B69, 0x6B48, 0x6B49,
    0x6B6A, 0x6B6B, 0x6B8E, 0x7BD0, 0x7C12, 0x7C12, 0x7C12, 0x7C12,
    0x7C11, 0x73D0, 0x738E, 0x6B6B, 0x6327, 0x6325, 0x6324, 0x6B45,
    0x6B68, 0x73CC, 0x840F, 0x8451, 0x8C72, 0x8C94, 0x94D5, 0x94F6,
    0x94D6, 0x94D6, 0x8C94, 0x8452, 0x7C10, 0x73CE, 0x6B6B, 0x6328,
    0x5AE4, 0x52C0, 0x52C0, 0x52C0, 0x52A0, 0x52C2, 0x5B08, 0x636D,
    0x6BB0, 0x6BB1, 0x6BB2, 0x6BB2, 0x6BB1, 0x6390, 0x5B2E, 0x52CB,
    0x4A87, 0x4A43, 0x4A42, 0x4A63, 0x4A64, 0x4A85, 0x4A86, 0x4A66,
    0x4A65, 0x4A64, 0x4A63, 0x4A83, 0x4A84, 0x4AA6, 0x52E8, 0x530B,
    0x62C4, 0x5AA3, 0x4A81, 0x3A40, 0x3A60, 0x3A60, 0x3A60, 0x3A60,
    0x3260, 0x3260, 0x3240, 0x3260, 0x3A80, 0x42A0, 0x42C0, 0x42C0,
    0x42C0, 0x42E0, 0x4B00, 0x5321, 0x6342, 0x6B62, 0x7362, 0x7B63,
    0x8363, 0x9364, 0x9365, 0x9B65, 0xA366, 0xAB86, 0xB387, 0xB3A7,
    0xBBC7, 0xBBE8, 0xC408, 0xC409, 0xC429, 0xC44A, 0xC44A, 0xCC6B,
    0xC46B, 0xC48C, 0xC48C, 0xC4AD, 0xC4AD, 0xC4AD, 0xC4CD, 0xCCCE,
    0xCCCE, 0xCCCE, 0xC4CE, 0xC4CE, 0xC4CE, 0xC4CE, 0xC4CE, 0xC4CE,
    0xC4CE, 0xC4CE, 0xC4CD, 0xC48D, 0xBC6C, 0xBC6B, 0xBC2A, 0xB40A,
    0xB409, 0xBBC8, 0xD4CC, 0xFF77, 0xFDCD, 0xF425, 0xF446, 0xF466,
    0xEC26, 0xDB84, 0xE3C5, 0xDBA4, 0xCAE3, 0xCB23, 0xBA81, 0xBA81,
    0xC2A1, 0xBA81, 0xBA60, 0xBA61, 0xBA60, 0xECA7, 0xF5AD, 0xED4B,
    0xE50B, 0xC3E7, 0xB282, 0xCB03, 0xE427, 0xECA9, 0xFE0F, 0xFE51,
    0xFE50, 0xFE50, 0xF509, 0xD2E1, 0xBA61, 0xAA00, 0xC260, 0xBA61,
    0xCAA1, 0xCAA1, 0xBA61, 0xC2C2, 0xA201, 0xAA21, 0xCAC2, 0xCB02,
    0xC2A2, 0xCAC2, 0xD2E2, 0xD302, 0xCAE2, 0xCAE2, 0xD323, 0xCAE2,
    0xD323, 0xD302, 0xDB43, 0xDB43, 0xF4C9, 0xFE72, 0xFE51, 0xFE72,
    0xFE93, 0xFE93, 0xFE72, 0xFE51, 0xFE51, 0xFE30, 0xFE30, 0xFE30,
    0xFE51, 0xFE31, 0xFE31, 0xF52B, 0xCB03, 0xC281, 0xAA00, 0xAA00,
    0xC2C2, 0xCB03, 0xDB84, 0xEC26, 0xFD6C, 0xFE52, 0xFED5, 0xFEB5,
    0xED4D, 0xD384, 0xB2C3, 0x91C0, 0x91A0, 0xAA00, 0xB200, 0xAA00,
    0xBA60, 0xDB42, 0xEBE4, 0xF425, 0xF425, 0xF424, 0xFC85, 0xFE91,
    0xFF16, 0xBC8F, 0x738D, 0x7BAC, 0x738B, 0x736A, 0x736A, 0x736A,
    0x736B, 0x738D, 0x73AF, 0x7BF1, 0x7C13, 0x8433, 0x7C33, 0x7C12,
    0x7BF0, 0x73AE, 0x6B6C, 0x6329, 0x6305, 0x5B03, 0x6324, 0x6B67,
    0x6B89, 0x7BCD, 0x842F, 0x8451, 0x8C73, 0x8C94, 0x94B5, 0x94D5,
    0x94F6, 0x94D5, 0x8C74, 0x7C32, 0x73EF, 0x73AD, 0x6B6B, 0x6328,
    0x5AE4, 0x52A0, 0x52A0, 0x52A0, 0x52A0, 0x52A3, 0x5B09, 0x6B6E,
    0x6BB0, 0x6BD2, 0x6BD2, 0x6BD2, 0x6BB2, 0x6390, 0x5B2E, 0x52CB,
    0x4A87, 0x4A64, 0x4A64, 0x5286, 0x52A7, 0x52A8, 0x52A8, 0x52A8,
    0x52A8, 0x4A86, 0x4A85, 0x4A85, 0x4A85, 0x4AA6, 0x52E9, 0x530B,
    0x62C5, 0x5AA4, 0x4A62, 0x3A40, 0x3220, 0x3A40, 0x3A40, 0x3240,
    0x3240, 0x3220, 0x2A20, 0x3240, 0x3260, 0x3A80, 0x3A80, 0x3AA0,
    0x3AA0, 0x42C0, 0x4AE0, 0x5B21, 0x6342, 0x7342, 0x7B43, 0x8343,
    0x8343, 0x9344, 0x9345, 0x9B45, 0xA366, 0xAB66, 0xAB87, 0xB3A7,
    0xBBA7, 0xBBE8, 0xC408, 0xC409, 0xC429, 0xCC4A, 0xC44A, 0xC46B,
    0xC46B, 0xC48C, 0xC48C, 0xC48C, 0xC4AD, 0xC4AD, 0xC4AD, 0xC4CE,
    0xC4CE, 0xC4CE, 0xC4CE, 0xC4CE, 0xC4CE, 0xC4CE, 0xCCCE, 0xC4CE,
    0xC4CE, 0xC4CE, 0xC4AD, 0xC48D, 0xBC6C, 0xBC6B, 0xBC2B, 0xB40A,
    0xB409, 0xCC8B, 0xFEF6, 0xFF57, 0xFD2A, 0xEC05, 0xF4C8, 0xFCC8,
    0xEC06, 0xD344, 0xE3C5, 0xCB03, 0xCAE3, 0xC2E2, 0xBA81, 0xC2C2,
    0xC2A1, 0xB241, 0xB261, 0xB241, 0xCAE1, 0xECA7, 0xED0A, 0xECE9,
    0xDC68, 0xB304, 0xB2A2, 0xD364, 0xE3E5, 0xF56C, 0xFE30, 0xFE0F,
    0xFE2F, 0xFE2E, 0xE405, 0xBA60, 0xB241, 0xAA00, 0xB220, 0xAA00,
    0xBA61, 0xBA41, 0xC2A1, 0xC2A1, 0xBA81, 0xBAA2, 0xBAA2, 0xC2A2,
    0xC2A2, 0xCAC2, 0xC2A1, 0xCAC2, 0xCB02, 0xCB02, 0xCAC1, 0xC281,
    0xBA61, 0xD2E2, 0xD2E2, 0xCAE2, 0xE383, 0xFDAD, 0xFE72, 0xFE71,
    0xFE51, 0xFE72, 0xFE72, 0xFE93, 0xFE72, 0xFE72, 0xFE72, 0xFE72,
    0xFE72, 0xFE30, 0xFE30, 0xF52B, 0xDBC5, 0xBAA2, 0xA1E0, 0xA1E0,
    0xBA82, 0xC2C2, 0xD344, 0xDB84, 0xE3C4, 0xF4A8, 0xFE52, 0xFEF6,
    0xF5D0, 0xDBC5, 0xCB85, 0xA261, 0x91A0, 0xB220, 0xC260, 0xBA40,
    0xB220, 0xBA60, 0xDB42, 0xDB63, 0xEBA4, 0xFC65, 0xFCA6, 0xFD48,
    0xFF77, 0xEE95, 0x93ED, 0x73AD, 0x7BAC, 0x738B, 0x738B, 0x738B,
    0x738C, 0x738E, 0x73B0, 0x7BF1, 0x7C33, 0x7C33, 0x7C13, 0x7C11,
    0x7BD0, 0x738E, 0x6B4B, 0x6327, 0x5B04, 0x5B24, 0x6346, 0x6B69,
    0x6BAB, 0x7BEE, 0x8430, 0x8452, 0x8C74, 0x8C95, 0x8CB5, 0x8CD5,
    0x94D5, 0x8CB5, 0x8473, 0x7C31, 0x73EF, 0x738D, 0x6B6A, 0x6328,
    0x5AE5, 0x5AA0, 0x5280, 0x5280, 0x5280, 0x5AA3, 0x6309, 0x6B6E,
    0x6BB0, 0x73D2, 0x6BD2, 0x6BD2, 0x6BB2, 0x6390, 0x5B2E, 0x5AEB,
    0x52A8, 0x5286, 0x5286, 0x52A8, 0x52C9, 0x52CA, 0x52CA, 0x52CA,
    0x52CA, 0x52C9, 0x52C8, 0x4AA6, 0x4AA6, 0x4AA7, 0x52EA, 0x530C,
    0x6AA5, 0x62A4, 0x5A84, 0x4A63, 0x4A63, 0x4A83, 0x4A83, 0x4AA3,
    0x4283, 0x4282, 0x4282, 0x4282, 0x4AA3, 0x4AE3, 0x52E3, 0x5303,
    0x5304, 0x5B24, 0x6345, 0x6B45, 0x6B44, 0x7344, 0x7B44, 0x8343,
    0x8B24, 0x8B24, 0x9324, 0x9B45, 0xA346, 0xAB66, 0xAB87, 0xB387,
    0xBBA7, 0xC3E8, 0xC408, 0xC409, 0xC429, 0xC44A, 0xC44A, 0xC46B,
    0xC46B, 0xC46C, 0xC48C, 0xC48C, 0xC48D, 0xC4AD, 0xC4AD, 0xC4CE,
    0xC4CE, 0xC4CE, 0xC4CE, 0xC4CE, 0xC4CE, 0xC4CE, 0xC4CE, 0xC4CE,
    0xC4CE, 0xC4CE, 0xC4AD, 0xC48D, 0xBC6C, 0xBC4C, 0xB42B, 0xB40A,
    0xB3E9, 0xED8E, 0xFF78, 0xFEF4, 0xFD09, 0xF467, 0xFD09, 0xF467,
    0xD364, 0xE3E6, 0xD364, 0xC2A2, 0xC2C2, 0xCAE2, 0xC2A1, 0xC2A2,
    0xC2C1, 0xB241, 0xAA41, 0xBAA1, 0xE446, 0xF529, 0xECE9, 0xE4C9,
    0xCBE7, 0x9A62, 0xC303, 0xDB64, 0xEC67, 0xFE10, 0xFE30, 0xFE2F,
    0xFE2F, 0xFDED, 0xDB43, 0xC281, 0xBA81, 0xAA00, 0xAA20, 0xAA20,
    0xA200, 0x99C0, 0xB241, 0xC2A1, 0xD302, 0xC2C2, 0x9A01, 0xB261,
    0xC2C2, 0xD323, 0xDB64, 0xD302, 0xC2C2, 0xCB02, 0xC2A1, 0xB241,
    0xB221, 0xD2E2, 0xCAC2, 0xD302, 0xD322, 0xEC26, 0xFE51, 0xFE51,
    0xFE72, 0xFE93, 0xFE51, 0xFE93, 0xFE72, 0xFE51, 0xFE51, 0xFE30,
    0xFE51, 0xFE51, 0xFDCE, 0xDBE6, 0xC303, 0xAA41, 0x91A0, 0xA201,
    0xB261, 0xBA82, 0xCB03, 0xD364, 0xDB85, 0xE3E5, 0xF487, 0xFE72,
    0xFE73, 0xE427, 0xCBC5, 0xBB24, 0x99E0, 0xB240, 0xB240, 0xBA60,
    0xC2A1, 0xC2A1, 0xC2A1, 0xD322, 0xD342, 0xE383, 0xF425, 0xFD28,
    0xFEF4, 0xFF99, 0xED6F, 0x83AC, 0x7BAD, 0x7BAC, 0x738C, 0x738C,
    0x738D, 0x73AF, 0x7BD0, 0x7BF2, 0x7C33, 0x7C13, 0x7C12, 0x7BF1,
    0x73AF, 0x6B8D, 0x6B4A, 0x6326, 0x5B25, 0x6346, 0x6369, 0x6BAB,
    0x73CD, 0x7BEF, 0x8431, 0x8453, 0x8C74, 0x8C95, 0x8C95, 0x8C95,
    0x8C95, 0x8C94, 0x8453, 0x7C31, 0x73CF, 0x6B8C, 0x634A, 0x6327,
    0x62E5, 0x5AC1, 0x5280, 0x5280, 0x5A80, 0x5AC3, 0x6309, 0x6B6D,
    0x6BB0, 0x6BB1, 0x6BD2, 0x6BB1, 0x6BB1, 0x6390, 0x5B2E, 0x5AEB,
    0x52A9, 0x52A7, 0x52A8, 0x5ACA, 0x5AEB, 0x5AEC, 0x5B0C, 0x5B0C,
    0x5B0C, 0x530C, 0x52EA, 0x52C8, 0x4AA7, 0x4AA7, 0x52EA, 0x530D,
    0x7AE7, 0x72E6, 0x72E7, 0x6B07, 0x6B28, 0x7348, 0x7348, 0x7349,
    0x7369, 0x7369, 0x7369, 0x7369, 0x7389, 0x7BA9, 0x7BC9, 0x7BC9,
    0x7BEA, 0x83E9, 0x83C9, 0x83A8, 0x8386, 0x8366, 0x8345, 0x8B24,
    0x8B04, 0x9304, 0x9324, 0x9B25, 0xA346, 0xAB46, 0xAB66, 0xB387,
    0xBBA7, 0xC3E8, 0xC3E8, 0xC409, 0xC429, 0xC44A, 0xC44A, 0xC46B,
    0xC46B, 0xC48C, 0xC48C, 0xC48C, 0xC48D, 0xC48D, 0xC4AD, 0xC4AE,
    0xC4CE, 0xC4CE, 0xC4CE, 0xC4CE, 0xC4CE, 0xC4CE, 0xC4EE, 0xC4CE,
    0xC4CE, 0xC4CE, 0xC4CE, 0xC48D, 0xBC6C, 0xBC4B, 0xBC4B, 0xB40A,
    0xC409, 0xFE11, 0xFF99, 0xFE2F, 0xFCE8, 0xFD8B, 0xF4E8, 0xE3C5,
    0xE3C5, 0xDB84, 0xCAC2, 0xC2A2, 0xC2E2, 0xCB02, 0xCAE2, 0xC2C2,
    0xBA81, 0xBA81, 0xBA61, 0xCAE2, 0xF509, 0xED09, 0xED0A, 0xDC47,
    0xBB44, 0xA282, 0xD323, 0xDB84, 0xECC9, 0xFE30, 0xFE30, 0xFE50,
    0xFE70, 0xF52A, 0xD322, 0xC2A1, 0xC281, 0xC281, 0xCAA1, 0xBA61,
    0xAA41, 0xA200, 0xA1E0, 0xBA61, 0xD2C1, 0xA1E0, 0x91A0, 0xAA00,
    0xCAC2, 0xCAE2, 0xD302, 0xD322, 0xCAA1, 0xC281, 0xA9C0, 0xC261,
    0xBA41, 0xCAC2, 0xCAE2, 0xD302, 0xCAC2, 0xD302, 0xF52B, 0xFE92,
    0xFE72, 0xFE72, 0xFE71, 0xFE71, 0xFE93, 0xFE51, 0xFE0F, 0xFDAD,
    0xEC68, 0xECA9, 0xEC88, 0xD364, 0xC2C2, 0xC2C2, 0xB241, 0xC2A2,
    0xBA62, 0xB262, 0xCAE3, 0xD344, 0xDB64, 0xE3C5, 0xEBE5, 0xFD2A,
    0xFED5, 0xED0C, 0xD3A5, 0xD407, 0xB2A1, 0xA200, 0xB261, 0xC281,
    0xCAC1, 0xD302, 0xBA81, 0xBAA1, 0xDB43, 0xDB63, 0xDB42, 0xF486,
    0xFEB2, 0xFF59, 0xFED4, 0xCC4A, 0x7BAD, 0x7BAD, 0x7B8D, 0x7B8D,
    0x738E, 0x7BAF, 0x7BD1, 0x7C12, 0x7C33, 0x7C33, 0x7C12, 0x7BF1,
    0x73AF, 0x6B8C, 0x6B69, 0x6347, 0x6347, 0x6369, 0x6B8C, 0x73CE,
    0x73EF, 0x7C11, 0x8452, 0x8453, 0x8474, 0x8C95, 0x8475, 0x8474,
    0x8474, 0x8473, 0x8452, 0x7C11, 0x73CE, 0x6B8C, 0x636A, 0x6328,
    0x62E6, 0x5AC2, 0x5AA0, 0x5A80, 0x5A80, 0x5AC3, 0x6309, 0x6B6D,
    0x6B90, 0x6BB0, 0x6BB0, 0x6BB0, 0x6390, 0x6370, 0x5B2E, 0x5AEB,
    0x5ACA, 0x5AC9, 0x5ACA, 0x5AEC, 0x5B0C, 0x5B2D, 0x634E, 0x634E,
    0x634F, 0x5B2D, 0x530C, 0x52C9, 0x4AA8, 0x4AA8, 0x52EB, 0x5B2E,
    0x8308, 0x8328, 0x8349, 0x836A, 0x8BAA, 0x8BCB, 0x8BCB, 0x93EC,
    0x940C, 0x942C, 0x942C, 0x942C, 0x9C4D, 0x9C6D, 0x9C6D, 0x9C8D,
    0x9C8D, 0x9C6D, 0x9C2B, 0x93E9, 0x93A8, 0x9387, 0x9346, 0x9325,
    0x9304, 0x92E4, 0x9B04, 0x9B05, 0xA326, 0xAB46, 0xAB66, 0xB387,
    0xBBA7, 0xC3E8, 0xC3E8, 0xC409, 0xC429, 0xC44A, 0xC44A, 0xC46B,
    0xC46B, 0xC46C, 0xC48C, 0xC48C, 0xC48C, 0xC48D, 0xC4AD, 0xC4AD,
    0xC4CE, 0xC4CE, 0xCCCE, 0xC4CE, 0xC4CE, 0xC4CE, 0xC4EE, 0xC4EE,
    0xC4CE, 0xC4CE, 0xC4CE, 0xC48D, 0xBC6C, 0xBC6C, 0xBC4B, 0xB42A,
    0xED0B, 0xFF17, 0xFF36, 0xFE0E, 0xFD8B, 0xF4A8, 0xDB64, 0xDBA5,
    0xEC47, 0xD343, 0xCB03, 0xC2E2, 0xCB23, 0xCB03, 0xCAE2, 0xBA61,
    0xB241, 0xBA61, 0xCA80, 0xDBC4, 0xECE8, 0xED09, 0xE4C8, 0xDC47,
    0xA2C3, 0x9A62, 0xDB84, 0xDB84, 0xECC9, 0xFE2F, 0xFE0F, 0xFE71,
    0xFE50, 0xEC45, 0xD322, 0xC281, 0xD2E2, 0xCAC2, 0xCAC2, 0xC2A1,
    0xAA21, 0xAA00, 0xA200, 0xC281, 0xBA41, 0xB241, 0xBA61, 0xB221,
    0xC281, 0xC281, 0xB241, 0xCAE2, 0xDB22, 0xDB22, 0xA9E0, 0xCA81,
    0xD2C1, 0xC2C2, 0xC2C2, 0xCAE2, 0xC281, 0xD302, 0xF50A, 0xFE51,
    0xFE92, 0xFE51, 0xFE72, 0xFE71, 0xFE92, 0xFE72, 0xFDAD, 0xEC67,
    0xE3A4, 0xE384, 0xDBA4, 0xDB85, 0xD343, 0xD323, 0xBA61, 0xCAC2,
    0xCAE3, 0xBA82, 0xC2C3, 0xDB65, 0xDB85, 0xDBA5, 0xE3C5, 0xF467,
    0xFEB4, 0xFE11, 0xDBC6, 0xD428, 0xCBA5, 0x99E0, 0xA1E0, 0xBA61,
    0xCAC1, 0xD2E2, 0xBA81, 0xBA60, 0xCAE1, 0xDB63, 0xDB63, 0xEBC3,
    0xFDCC, 0xFF57, 0xFF79, 0xFE72, 0xB42B, 0x738D, 0x7BAE, 0x738E,
    0x73AF, 0x7BB0, 0x7BF1, 0x7C13, 0x7C33, 0x7C33, 0x7C12, 0x7BF1,
    0x73AE, 0x6B8C, 0x6B6A, 0x6B69, 0x6369, 0x6B8B, 0x6BAE, 0x73F0,
    0x7C11, 0x7C33, 0x8453, 0x8474, 0x8495, 0x8475, 0x8474, 0x8453,
    0x7C53, 0x7C32, 0x7C32, 0x7C11, 0x73CF, 0x6B8D, 0x6B6B, 0x6349,
    0x6307, 0x62E5, 0x5AA0, 0x5A80, 0x5AA0, 0x62A4, 0x6309, 0x6B6D,
    0x6B8F, 0x6B90, 0x6B90, 0x6B90, 0x636F, 0x636F, 0x632D, 0x62EB,
    0x5AEA, 0x5ACA, 0x5AEC, 0x630D, 0x632E, 0x636F, 0x6B90, 0x6B91,
    0x6391, 0x5B4F, 0x530D, 0x52EB, 0x4ACA, 0x4ACA, 0x530C, 0x5B4E,
    0x8B49, 0x936A, 0x93AB, 0x9BCB, 0x9BEC, 0xA42D, 0xA44E, 0xA46E,
    0xAC8F, 0xACCF, 0xB4CF, 0xB4CF, 0xB4F0, 0xB4F0, 0xB510, 0xB510,
    0xB510, 0xB4EF, 0xAC8D, 0xA42B, 0x9BEA, 0x9BA9, 0x9B67, 0x9326,
    0x92E5, 0x92C4, 0x9AE4, 0x9AE5, 0xA325, 0xAB46, 0xAB67, 0xB387,
    0xBBA7, 0xBBC8, 0xC3E8, 0xC409, 0xC429, 0xC429, 0xC44A, 0xC44B,
    0xC46B, 0xC46C, 0xC46C, 0xC46C, 0xC48C, 0xC48D, 0xC48D, 0xC4AD,
    0xC4AE, 0xC4CE, 0xC4CE, 0xC4CE, 0xC4CE, 0xC4CE, 0xC4EE, 0xC4EE,
    0xC4CE, 0xC4CE, 0xC4CE, 0xBC8D, 0xBC6C, 0xBC6C, 0xB44B, 0xDCAA,
    0xFED4, 0xFF78, 0xFF16, 0xFEB2, 0xF4A8, 0xD303, 0xE3C6, 0xE3E6,
    0xE3A5, 0xCAE3, 0xCB03, 0xCAE3, 0xCAE2, 0xC2A2, 0xC2E2, 0xBA81,
    0xB221, 0xC2C1, 0xE425, 0xED2A, 0xECE9, 0xE4E9, 0xE4C9, 0xDC68,
    0x8202, 0x9221, 0xD384, 0xD343, 0xF56C, 0xFE0E, 0xFE71, 0xFE92,
    0xF4E8, 0xD301, 0xC281, 0xAA20, 0xBA61, 0xAA41, 0xBA82, 0xA1E0,
    0xAA20, 0xB261, 0xCAA1, 0xCAC2, 0xAA21, 0xCAE2, 0xD322, 0xCAC1,
    0xBA61, 0xC2C2, 0xCAE2, 0xC2A1, 0xD302, 0xDB43, 0xB241, 0xD2C2,
    0xE384, 0xBA82, 0xC2A2, 0xBA81, 0xCAE2, 0xDB42, 0xFD8D, 0xFE51,
    0xFE51, 0xFE92, 0xFE92, 0xFE71, 0xFE71, 0xFE0F, 0xF4E9, 0xDB43,
    0xD323, 0xDB64, 0xE3A5, 0xD344, 0xCB03, 0xCAC2, 0xBA61, 0xBA81,
    0xCB03, 0xCB24, 0xC2E3, 0xD303, 0xDB85, 0xDB84, 0xDB84, 0xEC06,
    0xFE72, 0xFE94, 0xE449, 0xD3C6, 0xCBC6, 0xA200, 0xA1E0, 0xB240,
    0xC2A1, 0xC2E2, 0xBAC2, 0xBAA1, 0xCAE1, 0xE383, 0xE384, 0xE3A3,
    0xFD49, 0xFF15, 0xFF37, 0xFF79, 0xFE94, 0xA42E, 0x6B8F, 0x7BAF,
    0x73B0, 0x7BD0, 0x7BF2, 0x7C13, 0x7C34, 0x7C33, 0x7C12, 0x7BF1,
    0x73CE, 0x73AC, 0x6B8B, 0x6B8B, 0x6B8B, 0x6BAD, 0x73F0, 0x7412,
    0x7C33, 0x7C54, 0x8475, 0x8495, 0x8495, 0x8475, 0x8454, 0x7C53,
    0x7C32, 0x7C32, 0x7C11, 0x7C11, 0x73F0, 0x73AE, 0x6B8C, 0x6B6B,
    0x6329, 0x62E6, 0x62C2, 0x5AA0, 0x5AA0, 0x62C4, 0x6309, 0x6B4D,
    0x6B6E, 0x6B6E, 0x6B6F, 0x636F, 0x634E, 0x634E, 0x630C, 0x5AEB,
    0x5AEA, 0x5AEB, 0x632D, 0x632E, 0x6370, 0x6B91, 0x6BD2, 0x6BD2,
    0x6BB2, 0x5B70, 0x5B2E, 0x530D, 0x530C, 0x530C, 0x530D, 0x5B6F,
    0x938A, 0x9BAB, 0xA40C, 0xAC4D, 0xB46E, 0xB4AF, 0xBCD0, 0xBD11,
    0xBD31, 0xC552, 0xC572, 0xC572, 0xC572, 0xC593, 0xCD93, 0xCD93,
    0xCD73, 0xC551, 0xBCEF, 0xB48D, 0xAC2B, 0xA3CA, 0x9B88, 0x9B46,
    0x92E5, 0x92C4, 0x9AC4, 0x9AE5, 0xA305, 0xAB46, 0xAB66, 0xB387,
    0xBBA7, 0xBBC8, 0xBBE8, 0xC409, 0xC429, 0xC429, 0xC44A, 0xC44B,
    0xC44B, 0xC46C, 0xC46C, 0xC46C, 0xC48C, 0xC48D, 0xC4AD, 0xC4AD,
    0xC4AE, 0xC4CE, 0xC4CE, 0xC4CE, 0xC4CE, 0xC4EE, 0xC4EE, 0xC4CE,
    0xC4CE, 0xC4CE, 0xC4CE, 0xC48D, 0xBC8C, 0xBC6C, 0xC44B, 0xFE73,
    0xFFBB, 0xFF37, 0xFEF5, 0xFE92, 0xEC87, 0xEC47, 0xF488, 0xDB84,
    0xD323, 0xCB03, 0xC2E2, 0xC2C2, 0xBA81, 0xB241, 0xC2A1, 0xCAE2,
    0xC2A1, 0xE466, 0xF56B, 0xF54A, 0xED09, 0xE4E9, 0xDC88, 0xCC06,
    0x8202, 0xAA62, 0xCB03, 0xDC27, 0xFE50, 0xFE0F, 0xFE91, 0xFD8C,
    0xC2A1, 0xB241, 0xB241, 0xAA21, 0xC281, 0xBA61, 0xBA61, 0xBA61,
    0xC2A1, 0xB241, 0xD2E2, 0xC2A1, 0xB241, 0xCB02, 0xDB43, 0xDB22,
    0xC281, 0xCAE2, 0xDB43, 0xBA61, 0xBAA2, 0xD323, 0xCAE2, 0xD302,
    0xD323, 0xC2A2, 0xC2C2, 0xBA61, 0xCB02, 0xDB63, 0xFDAD, 0xFE72,
    0xFE30, 0xFE51, 0xFEB4, 0xFE93, 0xFE30, 0xF50A, 0xDB84, 0xD323,
    0xCB03, 0xC2A1, 0xCB02, 0xCB03, 0xB261, 0xBA82, 0xC2A2, 0xB261,
    0xC2C2, 0xCB03, 0xDB85, 0xD324, 0xD324, 0xDB64, 0xDB85, 0xE3C5,
    0xF52B, 0xFF16, 0xF52D, 0xCB85, 0xAAE4, 0x99E0, 0xBA40, 0xC2A1,
    0xCAE2, 0xC303, 0xC303, 0xCB02, 0xD302, 0xDB42, 0xE3A4, 0xE3A4,
    0xF4A6, 0xFE70, 0xFEF5, 0xFF17, 0xFF9A, 0xF6D8, 0x8BF0, 0x6B70,
    0x7BD0, 0x7BD1, 0x7BF2, 0x7C33, 0x7C34, 0x7C33, 0x7C12, 0x7BF0,
    0x73CE, 0x73AD, 0x73AD, 0x6BAD, 0x6BAD, 0x73CF, 0x7411, 0x7C33,
    0x7C54, 0x8495, 0x8496, 0x8496, 0x8496, 0x8475, 0x7C54, 0x7C53,
    0x7C32, 0x7C12, 0x7C12, 0x7C11, 0x7BF0, 0x73CF, 0x73AE, 0x6B6C,
    0x6B4A, 0x6308, 0x62E4, 0x62C2, 0x62C2, 0x62C4, 0x6309, 0x6B4C,
    0x6B6D, 0x6B6D, 0x634D, 0x634D, 0x632D, 0x632C, 0x630B, 0x5AEA,
    0x5AEA, 0x630C, 0x6B4E, 0x6B70, 0x6BB1, 0x73D2, 0x7413, 0x73F3,
    0x63B2, 0x5B71, 0x5B4F, 0x5B4E, 0x532E, 0x532E, 0x5B4E, 0x5B70,
    0x9BAB, 0xA3EC, 0xAC4D, 0xBC8F, 0xBCF0, 0xC531, 0xCD52, 0xCD73,
    0xCD93, 0xD5B4, 0xD5D4, 0xD5F5, 0xD5F5, 0xD5F5, 0xD5F5, 0xD5F5,
    0xD5F5, 0xD5B3, 0xCD51, 0xC4EF, 0xBC6D, 0xAC0B, 0xA3A9, 0xA347,
    0x9AE5, 0x9AC4, 0x9AC4, 0x9AE5, 0xA305, 0xAB46, 0xAB66, 0xB387,
    0xBBA7, 0xBBC8, 0xC3E8, 0xC3E8, 0xC409, 0xC429, 0xC42A, 0xC44B,
    0xC44B, 0xC46B, 0xBC6C, 0xBC6C, 0xC48C, 0xC48D, 0xC4AD, 0xC4AD,
    0xC4AD, 0xC4CE, 0xC4CE, 0xC4CE, 0xC4CE, 0xC4CE, 0xC4CE, 0xC4CE,
    0xC4EE, 0xC4CE, 0xC4CE, 0xC4AD, 0xBC8D, 0xBC4B, 0xEE13, 0xFFDC,
    0xFF58, 0xFF37, 0xFEF4, 0xFE91, 0xFDAC, 0xFD09, 0xEC46, 0xE3C5,
    0xDB64, 0xCAE3, 0xBA82, 0xCAE2, 0xAA21, 0xBA61, 0xD384, 0xDBE5,
    0xE425, 0xF509, 0xF56B, 0xF54A, 0xED2A, 0xECE9, 0xD426, 0xB344,
    0x81E1, 0xBAC2, 0xCB43, 0xF56C, 0xFE50, 0xFE30, 0xFE70, 0xF4E9,
    0xCAA1, 0xC261, 0xBA61, 0xAA21, 0xBA61, 0xC2A1, 0xC281, 0xC2A1,
    0xDB02, 0xD302, 0xD323, 0xC281, 0xC2C2, 0xC2A1, 0xC281, 0xC281,
    0xC281, 0xD302, 0xCAE2, 0xB261, 0xB282, 0xCAE2, 0xD302, 0xCAC2,
    0xC2A2, 0xD302, 0xD2E2, 0xD2E2, 0xD302, 0xE3C4, 0xFDEE, 0xFE72,
    0xFE92, 0xFE92, 0xFE72, 0xFE93, 0xF54C, 0xDB84, 0xCAC2, 0xCAE2,
    0xDB64, 0xD323, 0xC2C2, 0xC2C2, 0xC2A2, 0xBA61, 0xD323, 0xC2A2,
    0xCAC2, 0xCAE2, 0xD344, 0xDB85, 0xCB03, 0xD323, 0xE3C6, 0xE3E6,
    0xE3A5, 0xFE10, 0xFE12, 0xC345, 0xA2A3, 0x99E0, 0xBA60, 0xCB02,
    0xCB23, 0xC2E2, 0xCB03, 0xDB22, 0xE363, 0xDB43, 0xDB43, 0xE3A4,
    0xEC04, 0xFDEC, 0xFEB3, 0xFEF5, 0xFF37, 0xFFBB, 0xE697, 0x83F1,
    0x73D1, 0x7BF2, 0x7C13, 0x7C14, 0x7C34, 0x7C33, 0x7C12, 0x73F0,
    0x73CF, 0x73CF, 0x73CE, 0x73CF, 0x73EF, 0x7411, 0x7C33, 0x7C54,
    0x8475, 0x8496, 0x84B7, 0x8CB6, 0x8496, 0x8496, 0x8475, 0x7C54,
    0x7C33, 0x7C32, 0x7C32, 0x7C32, 0x7C11, 0x7BF0, 0x73CF, 0x738D,
    0x6B6B, 0x6B29, 0x6306, 0x62E3, 0x62C3, 0x62E5, 0x6B29, 0x6B4C,
    0x6B4C, 0x634C, 0x634C, 0x632C, 0x632B, 0x630B, 0x62EA, 0x62E9,
    0x62EA, 0x632C, 0x6B6F, 0x73B1, 0x73D2, 0x7413, 0x7434, 0x7414,
    0x6BD3, 0x6392, 0x5B91, 0x5B70, 0x5B70, 0x5B4F, 0x5B70, 0x6391,
    0xA3CC, 0xAC2D, 0xBC8E, 0xC4F0, 0xCD31, 0xCD72, 0xD593, 0xD5D4,
    0xDDF5, 0xDE16, 0xDE36, 0xDE36, 0xE657, 0xE657, 0xE657, 0xE657,
    0xE636, 0xDDF5, 0xD593, 0xCD31, 0xC4CF, 0xB44C, 0xABCA, 0xA368,
    0x9AE5, 0x9AC4, 0x9AE4, 0xA305, 0xA305, 0xAB26, 0xAB46, 0xB387,
    0xBBA7, 0xBBC8, 0xC3E8, 0xC3E8, 0xC409, 0xC429, 0xC42A, 0xC44B,
    0xC44B, 0xC44B, 0xBC6C, 0xBC6C, 0xC48C, 0xC48D, 0xC48D, 0xC4AD,
    0xC4AD, 0xC4CE, 0xC4CE, 0xC4CE, 0xC4CE, 0xC4CE, 0xC4CE, 0xC4EE,
    0xC4EE, 0xC4CE, 0xC4CE, 0xC4AD, 0xB44C, 0xD54F, 0xFFBB, 0xFF79,
    0xFF37, 0xFF37, 0xFED4, 0xFEB3, 0xFE91, 0xFDEC, 0xEC25, 0xE3A4,
    0xD323, 0xCB02, 0xCAE2, 0xD343, 0xD343, 0xECC8, 0xF58B, 0xF5AD,
    0xF56B, 0xF58C, 0xF54B, 0xF56B, 0xF58C, 0xE4C9, 0xDC46, 0x9AC3,
    0x7980, 0xCB22, 0xE467, 0xFE0F, 0xFE0F, 0xFE50, 0xFE2E, 0xEC87,
    0xCAC1, 0xBA61, 0xBA61, 0xB241, 0xBA61, 0xBA61, 0xBA81, 0xBA81,
    0xCAC2, 0xCB03, 0xDB64, 0xBA81, 0xC2A1, 0xCAA1, 0xC281, 0xBA61,
    0xAA20, 0xC2C1, 0xC2A1, 0xC2A2, 0xBAA2, 0xBA81, 0xC2A2, 0xBA81,
    0xBA81, 0xCAE2, 0xDB43, 0xDB43, 0xD302, 0xF4C9, 0xFE51, 0xFE72,
    0xFEB3, 0xFE92, 0xFE51, 0xFE93, 0xED2C, 0xCAC2, 0xCAC2, 0xCAC2,
    0xDB64, 0xE3A5, 0xD323, 0xCAE2, 0xCB03, 0xCAE3, 0xD344, 0xCB03,
    0xCB03, 0xD323, 0xD344, 0xCB03, 0xE384, 0xDB84, 0xE3C5, 0xDBA5,
    0xDBA5, 0xEC89, 0xFE52, 0xDBC7, 0xAAC3, 0xA240, 0xAA20, 0xC2C2,
    0xBAC2, 0xBA81, 0xBAA1, 0xCAC1, 0xD2E2, 0xD302, 0xDB63, 0xDB22,
    0xEBE3, 0xFD8A, 0xFE91, 0xFED4, 0xFF37, 0xFF16, 0xFFBA, 0xCDF6,
    0x6BB1, 0x7C13, 0x7C13, 0x7C14, 0x7C34, 0x7C34, 0x7C12, 0x73F1,
    0x73D0, 0x73F0, 0x73F0, 0x73F0, 0x7411, 0x7C32, 0x7C54, 0x7C75,
    0x8496, 0x84B7, 0x84B7, 0x8CB7, 0x84B6, 0x8496, 0x8475, 0x8474,
    0x7C54, 0x7C53, 0x7C53, 0x7C53, 0x7C32, 0x7C11, 0x73F0, 0x73AE,
    0x738C, 0x6B4A, 0x6B06, 0x62E4, 0x62E3, 0x6AE4, 0x6B08, 0x6B4A,
    0x6B4B, 0x632B, 0x632B, 0x630B, 0x630A, 0x630A, 0x62E8, 0x62C7,
    0x62E9, 0x6B2C, 0x6B6F, 0x73B1, 0x73F2, 0x7413, 0x7434, 0x73F4,
    0x6BD3, 0x63B2, 0x5B91, 0x5B91, 0x5B90, 0x5B91, 0x6391, 0x63B2,
    0xAC0D, 0xB44E, 0xC4AF, 0xCD31, 0xD573, 0xD5B4, 0xDDD5, 0xDE16,
    0xE636, 0xE657, 0xE677, 0xE678, 0xE698, 0xE698, 0xEE98, 0xEE98,
    0xE678, 0xE636, 0xDDD4, 0xD572, 0xCD10, 0xBC8D, 0xB3EB, 0xA368,
    0x9AE5, 0x9AC4, 0x9AE5, 0xA305, 0xA305, 0xAB26, 0xAB66, 0xB387,
    0xBBA7, 0xBBC8, 0xC3E8, 0xC3E8, 0xC409, 0xC42A, 0xC42A, 0xC44B,
    0xC44B, 0xC46C, 0xBC6C, 0xC46C, 0xC48C, 0xC48D, 0xC48D, 0xC4AD,
    0xC4AD, 0xC4CE, 0xC4CE, 0xC4CE, 0xC4CE, 0xC4CE, 0xCCEE, 0xC4EE,
    0xC4EE, 0xC4EE, 0xC4CE, 0xC4AD, 0xC4AD, 0xF6F7, 0xFF9A, 0xFF37,
    0xFF17, 0xFED4, 0xFED4, 0xFED3, 0xFED3, 0xFDCC, 0xF487, 0xEC66,
    0xE3A3, 0xDB43, 0xE3A4, 0xEC87, 0xF54A, 0xF56B, 0xF56B, 0xF5AD,
    0xFDEE, 0xF58C, 0xED2A, 0xED4B, 0xED4B, 0xDCA9, 0xD447, 0x8A83,
    0x7980, 0xDBC5, 0xF5AD, 0xFE0F, 0xFE0F, 0xFE0F, 0xFDEE, 0xE405,
    0xC2A1, 0xBA61, 0xB241, 0xB241, 0xBAA1, 0xBAA1, 0xC2C2, 0xC281,
    0xC2A2, 0xC2C2, 0xAA41, 0xA201, 0xD322, 0xDB22, 0xCAE2, 0xB241,
    0xB261, 0xB261, 0x99E0, 0xAA41, 0xB220, 0xB241, 0xBA61, 0xBA82,
    0xCAE2, 0xCB02, 0xDB64, 0xE3A4, 0xEBC4, 0xFDAD, 0xFE72, 0xFE51,
    0xFE72, 0xFEB3, 0xFE72, 0xFE92, 0xECEB, 0xCAE3, 0xC281, 0xD2E2,
    0xD323, 0xE3A5, 0xE3C5, 0xDB84, 0xCB23, 0xD344, 0xDB44, 0xD323,
    0xD344, 0xDB64, 0xDB84, 0xDB85, 0xE3E6, 0xEC06, 0xE3E6, 0xDB84,
    0xD364, 0xDBA5, 0xFDAE, 0xF52C, 0xCB85, 0xBB44, 0xA220, 0xAA41,
    0xB261, 0xBA60, 0xBA60, 0xBA60, 0xBA60, 0xC280, 0xD301, 0xDB62,
    0xF4C7, 0xFDCC, 0xFE4F, 0xFE91, 0xFF16, 0xFF15, 0xFF36, 0xFF7A,
    0xA4F4, 0x6BD3, 0x7C13, 0x7C14, 0x7C34, 0x7C34, 0x7412, 0x73F2,
    0x73F1, 0x73F1, 0x7411, 0x7C32, 0x7432, 0x7C53, 0x7C55, 0x8496,
    0x8496, 0x8497, 0x84B7, 0x84B7, 0x8496, 0x8496, 0x8475, 0x7C54,
    0x7C54, 0x7C53, 0x7C53, 0x7C53, 0x8453, 0x7C32, 0x7BF0, 0x73CE,
    0x738C, 0x6B4A, 0x6B27, 0x6304, 0x6AE3, 0x6B04, 0x6B06, 0x6B29,
    0x6B29, 0x6329, 0x6309, 0x6309, 0x5B09, 0x5B08, 0x62E7, 0x62C6,
    0x62E9, 0x6B2D, 0x7390, 0x73B1, 0x73D2, 0x73F3, 0x73F3, 0x73F3,
    0x6BB2, 0x6391, 0x5B90, 0x5B91, 0x6391, 0x6391, 0x63B2, 0x6BD3,
    0xAC0D, 0xBC6E, 0xC4D0, 0xCD51, 0xD593, 0xDDD4, 0xDE15, 0xE636,
    0xE657, 0xE678, 0xEE98, 0xEE98, 0xEEB8, 0xEEB9, 0xEEB9, 0xEEB9,
    0xEEB9, 0xE677, 0xDE15, 0xD593, 0xCD10, 0xBC8D, 0xB3EA, 0xA347,
    0x9AE5, 0x9AC4, 0x9AE5, 0xA305, 0xAB25, 0xAB46, 0xB366, 0xB387,
    0xBBA7, 0xBBC8, 0xC3E8, 0xC409, 0xC409, 0xC42A, 0xC42A, 0xC44B,
    0xC46B, 0xC46C, 0xC46C, 0xC46C, 0xC48D, 0xC48D, 0xC4AD, 0xC4AD,
    0xC4AD, 0xC4AE, 0xC4CE, 0xC4CE, 0xC4CE, 0xC4CE, 0xCCEE, 0xCCEE,
    0xC4CE, 0xC4EE, 0xC4EE, 0xC48D, 0xEE54, 0xFFB9, 0xFE30, 0xFDCE,
    0xFEF5, 0xFEB3, 0xFED4, 0xFED3, 0xFE91, 0xFDCD, 0xFDED, 0xFD8B,
    0xFD08, 0xF529, 0xFD8B, 0xFDCD, 0xFDCD, 0xFD8C, 0xFDAD, 0xF58C,
    0xFDCE, 0xED2B, 0xE4EA, 0xD448, 0xBB44, 0xCC07, 0xCC07, 0x8A42,
    0xA282, 0xECE9, 0xFDEE, 0xFDCE, 0xFDEE, 0xFE2F, 0xFDCC, 0xE3E4,
    0xCAE2, 0xC2C2, 0xBA61, 0xB261, 0xC2A1, 0xC2C2, 0xB261, 0xCAC2,
    0xCAC2, 0xBA81, 0xAA21, 0xAA00, 0xBA81, 0xBA61, 0xC281, 0xCAE2,
    0xDB43, 0xC2C2, 0xA200, 0xAA41, 0xCAC1, 0xCA81, 0xBA41, 0xD2E2,
    0xCAC2, 0xCB02, 0xD323, 0xE3C4, 0xFD4B, 0xFDEF, 0xFE92, 0xFE50,
    0xFE93, 0xFEB3, 0xFE93, 0xFE72, 0xEC68, 0xCAE3, 0xCAC2, 0xD302,
    0xD323, 0xCAE2, 0xC2E2, 0xDB84, 0xDB64, 0xD344, 0xDB84, 0xDB64,
    0xDB64, 0xE384, 0xDB44, 0xDB64, 0xE3C6, 0xDBA5, 0xD344, 0xDB85,
    0xDBA5, 0xD343, 0xECA9, 0xFE72, 0xDC27, 0xD427, 0xAAA2, 0x99E0,
    0xAA20, 0xBA60, 0xCAC1, 0xC280, 0xBA60, 0xC280, 0xCAE1, 0xE3E3,
    0xFD8B, 0xFE70, 0xFE91, 0xFE71, 0xFE50, 0xFD6C, 0xFD2B, 0xFE50,
    0xEE97, 0x7C34, 0x73F4, 0x7414, 0x7435, 0x7414, 0x7413, 0x7413,
    0x7413, 0x7413, 0x7C33, 0x7C33, 0x7C54, 0x7C54, 0x8476, 0x8497,
    0x8497, 0x84B7, 0x8497, 0x8496, 0x7C76, 0x7C75, 0x7C54, 0x7C54,
    0x7C33, 0x7C33, 0x7C33, 0x7C53, 0x7C32, 0x7C11, 0x7BF0, 0x73AE,
    0x738C, 0x6B6A, 0x6B27, 0x6B04, 0x6B02, 0x6B03, 0x6B05, 0x6B27,
    0x6B28, 0x6308, 0x5B08, 0x5B08, 0x5B07, 0x5AE7, 0x62C4, 0x62C5,
    0x62E9, 0x6B4D, 0x6B6F, 0x6B90, 0x6BB1, 0x6BD2, 0x6BD2, 0x6BB2,
    0x63B1, 0x6370, 0x5B70, 0x5B70, 0x6391, 0x6391, 0x6BB2, 0x6BF3,
    0xAC0D, 0xBC4E, 0xC4CF, 0xCD51, 0xD593, 0xDDD4, 0xDE15, 0xE637,
    0xE657, 0xE678, 0xEE98, 0xEE98, 0xEEB9, 0xEEB9, 0xEEB9, 0xEED9,
    0xEEB9, 0xE677, 0xDE15, 0xD593, 0xCCF0, 0xBC6D, 0xABCA, 0xA327,
    0x9AC5, 0x9AC4, 0xA2E5, 0xA305, 0xAB26, 0xAB46, 0xB366, 0xB387,
    0xBBA7, 0xBBC8, 0xC3E8, 0xC409, 0xC409, 0xC429, 0xC42A, 0xC44B,
    0xC44B, 0xC46C, 0xBC6C, 0xC46D, 0xC48D, 0xC48D, 0xC4AD, 0xC4AD,
    0xC4AE, 0xC4AE, 0xC4CE, 0xC4CE, 0xC4CE, 0xCCCE, 0xCCEE, 0xC4EE,
    0xC4EE, 0xC4EE, 0xC4CD, 0xD550, 0xFF17, 0xFDEF, 0xFCE9, 0xFE72,
    0xFEF4, 0xFE93, 0xFE92, 0xFE91, 0xFE71, 0xFE91, 0xFE50, 0xFE0E,
    0xFDED, 0xFE0E, 0xFE0E, 0xFDEE, 0xFDEE, 0xFDEE, 0xFDAD, 0xF58C,
    0xF5AD, 0xE50B, 0xCBC6, 0xB2C3, 0x99E1, 0xAAA2, 0xAAC3, 0xA2E4,
    0xDCC9, 0xF58C, 0xF5CE, 0xFDEF, 0xFE30, 0xFE2F, 0xFDCD, 0xEC66,
    0xD322, 0xD323, 0xC2C2, 0xC2C2, 0xBAA2, 0xD302, 0xC2A2, 0xBA81,
    0xBA61, 0xC2C2, 0xC2A2, 0xCAE2, 0xB261, 0xB261, 0xAA21, 0xC2C2,
    0xD302, 0xCAC1, 0xBA81, 0xA201, 0xBA81, 0xCA81, 0xCAA1, 0xD2E2,
    0xD302, 0xCAC2, 0xD322, 0xF466, 0xFE50, 0xFE30, 0xFE51, 0xFE30,
    0xFE93, 0xFE51, 0xFE93, 0xFE71, 0xEC47, 0xD302, 0xDB64, 0xD302,
    0xD323, 0xCB03, 0xBAA2, 0xC2C2, 0xD364, 0xD364, 0xDB64, 0xE384,
    0xDB64, 0xE384, 0xDB64, 0xD344, 0xD344, 0xE3A5, 0xDB64, 0xD323,
    0xDBA5, 0xDB84, 0xEC47, 0xFEB3, 0xECEB, 0xDC27, 0xC385, 0x91C0,
    0x99C0, 0xBA40, 0xC2A0, 0xBA80, 0xBA60, 0xCAC0, 0xE3C4, 0xFD6A,
    0xFE0E, 0xFE71, 0xFE91, 0xFEB3, 0xFEB3, 0xF4C9, 0xE363, 0xF446,
    0xFE4F, 0xCD94, 0x6BD4, 0x7414, 0x7435, 0x7414, 0x7414, 0x7434,
    0x7434, 0x7434, 0x7C54, 0x7C54, 0x7C54, 0x7C75, 0x8496, 0x8497,
    0x8496, 0x8496, 0x7C76, 0x7C76, 0x7C55, 0x7C55, 0x7C54, 0x7C33,
    0x7C33, 0x7C32, 0x7C32, 0x7C32, 0x7C32, 0x7C11, 0x73EF, 0x73AD,
    0x738C, 0x6B6A, 0x6B27, 0x6B04, 0x6B02, 0x6B03, 0x6B04, 0x6B26,
    0x6307, 0x5B07, 0x5AE7, 0x5AE7, 0x5AE6, 0x62E5, 0x62C3, 0x62C5,
    0x6309, 0x6B2C, 0x6B6E, 0x6B6F, 0x6B90, 0x6BB1, 0x6BB1, 0x6BB1,
    0x6390, 0x6370, 0x5B70, 0x5B70, 0x6370, 0x6391, 0x6BD3, 0x6BF3,
    0xABEC, 0xB44E, 0xC4D0, 0xD551, 0xDDB3, 0xDDD5, 0xE616, 0xE637,
    0xE657, 0xEE78, 0xEE98, 0xEEB8, 0xEEB9, 0xEEB9, 0xEED9, 0xF6D9,
    0xEEB9, 0xE677, 0xDDF5, 0xD572, 0xC4EF, 0xBC4C, 0xABA9, 0xA326,
    0x9AE5, 0x9AE5, 0xA305, 0xAB26, 0xAB46, 0xB367, 0xB387, 0xBB87,
    0xBBC8, 0xBBC8, 0xC3E8, 0xC409, 0xC429, 0xC42A, 0xC42A, 0xC44B,
    0xC44B, 0xC46C, 0xC46C, 0xC46D, 0xC48D, 0xC4AD, 0xC4AD, 0xC4AD,
    0xC4AD, 0xC4AE, 0xC4CE, 0xC4CE, 0xC4CE, 0xCCCE, 0xCCEE, 0xC4EE,
    0xC4EE, 0xC4EE, 0xC4CE, 0xF674, 0xFDAD, 0xFD0A, 0xFD8D, 0xFDAE,
    0xF52C, 0xFE72, 0xFE50, 0xFE92, 0xFE71, 0xFE72, 0xFE92, 0xFE4F,
    0xFE2F, 0xFE0E, 0xFE0F, 0xFE0E, 0xFDCD, 0xFDEE, 0xF56B, 0xF58D,
    0xED6D, 0xDC89, 0xBAE3, 0xB282, 0x91E0, 0x81A0, 0x7160, 0x9B25,
    0xF5AD, 0xF5CE, 0xFE10, 0xFE30, 0xFE30, 0xFE0F, 0xFE2F, 0xFD4A,
    0xEC45, 0xE3A4, 0xDB43, 0xD323, 0xD363, 0xD343, 0xD343, 0xC2C2,
    0xC2C2, 0xBA82, 0xD302, 0xD323, 0xBAA2, 0xAA21, 0xAA21, 0xB261,
    0xBA81, 0xCAC2, 0xD302, 0xBA61, 0xBA61, 0xC2A1, 0xDB63, 0xE384,
    0xDB43, 0xD302, 0xE362, 0xFD6B, 0xFE72, 0xFE72, 0xFE72, 0xFE72,
    0xFE72, 0xFE92, 0xFE51, 0xFE93, 0xF58D, 0xDB63, 0xDB43, 0xD343,
    0xCB23, 0xD324, 0xC2E3, 0xC2C2, 0xD323, 0xCB23, 0xD344, 0xCB03,
    0xD323, 0xD343, 0xD344, 0xE3A5, 0xDB85, 0xDB64, 0xE3C6, 0xDBA5,
    0xD344, 0xDB64, 0xEC06, 0xFE92, 0xF5AE, 0xD3E6, 0xDC67, 0xBB03,
    0xA1E0, 0xB240, 0xC2A0, 0xCAC0, 0xCAC0, 0xDBA3, 0xFD49, 0xFE0E,
    0xFE50, 0xFE71, 0xFE71, 0xFE2F, 0xFE10, 0xFDCE, 0xEC26, 0xE3A4,
    0xFC86, 0xFDAD, 0xA4B4, 0x6C15, 0x7415, 0x7414, 0x7434, 0x7434,
    0x7434, 0x7434, 0x7C55, 0x7C55, 0x7C55, 0x7C75, 0x8496, 0x8496,
    0x7C76, 0x7C55, 0x7C55, 0x7455, 0x7C34, 0x7C34, 0x7C34, 0x7C33,
    0x7C33, 0x7C32, 0x7C32, 0x7C32, 0x7C31, 0x7C10, 0x73CF, 0x738D,
    0x6B6B, 0x6B69, 0x6B47, 0x6B04, 0x6B02, 0x6B02, 0x6B03, 0x6B25,
    0x6305, 0x5B05, 0x5AE5, 0x62E5, 0x5AE5, 0x62E3, 0x62C1, 0x62E5,
    0x6309, 0x632C, 0x6B4D, 0x634E, 0x636F, 0x638F, 0x6B90, 0x6B91,
    0x6370, 0x5B4F, 0x5B4F, 0x5B6F, 0x6370, 0x63B2, 0x6BD3, 0x6BF3,
    0xABEC, 0xB44D, 0xC4CF, 0xD551, 0xDDB3, 0xDDD5, 0xE616, 0xE657,
    0xE677, 0xEE98, 0xEE98, 0xEEB9, 0xEEB9, 0xEED9, 0xF6D9, 0xF6D9,
    0xEEB9, 0xE677, 0xDDF5, 0xD552, 0xC4CF, 0xBC2C, 0xAB89, 0x9B06,
    0x9AC5, 0xA2E5, 0xA305, 0xAB26, 0xAB46, 0xB367, 0xB387, 0xBBA7,
    0xBBC8, 0xBBE8, 0xC3E8, 0xC409, 0xC429, 0xC42A, 0xC44A, 0xC44B,
    0xC46B, 0xC46C, 0xC46C, 0xC48D, 0xC48D, 0xC48D, 0xC4AD, 0xC4AD,
    0xC4AE, 0xC4AE, 0xC4CE, 0xC4CE, 0xC4CE, 0xC4CE, 0xC4CE, 0xC4EE,
    0xC4EE, 0xC4CE, 0xCD2F, 0xFDCF, 0xFD2A, 0xF50B, 0xF489, 0xE385,
    0xECAA, 0xFE51, 0xFDEF, 0xFE0F, 0xFE51, 0xFE93, 0xFE50, 0xFE50,
    0xFE70, 0xFDCD, 0xFDEE, 0xFDCD, 0xFDCD, 0xFDCD, 0xF5AD, 0xF56C,
    0xDC48, 0xBB24, 0xAA20, 0xA1E0, 0x8980, 0x7120, 0x6140, 0xC429,
    0xF5CE, 0xF5CE, 0xFE0F, 0xFE2F, 0xFE30, 0xFE30, 0xFE0F, 0xFE0E,
    0xFDAC, 0xE3E4, 0xDB84, 0xDB84, 0xCB03, 0xC2C2, 0xC2C2, 0xCAE2,
    0xCB03, 0xCAE2, 0xCAE2, 0xCAC1, 0xBA82, 0xA221, 0xBA81, 0xBA81,
    0xAA41, 0xC281, 0xDB22, 0xD302, 0xC2A1, 0xCAE2, 0xD323, 0xDB84,
    0xD323, 0xDB43, 0xEC05, 0xFE0F, 0xFE92, 0xFE72, 0xFE30, 0xFE72,
    0xFE72, 0xFE71, 0xFE72, 0xFE93, 0xFE92, 0xECC9, 0xD302, 0xD343,
    0xCB24, 0xCB24, 0xCB23, 0xCAE2, 0xDB85, 0xCB03, 0xCB03, 0xCB03,
    0xCB23, 0xD344, 0xC2C2, 0xCAE2, 0xE3A5, 0xDB64, 0xDB85, 0xE3C6,
    0xE3C5, 0xDB85, 0xE384, 0xFDEF, 0xFE31, 0xDC06, 0xDC48, 0xDC27,
    0xCB63, 0xDBC4, 0xE405, 0xE425, 0xE445, 0xFD6B, 0xFDED, 0xFE0E,
    0xFE50, 0xFE4F, 0xFE50, 0xFDAD, 0xE406, 0xEC27, 0xF447, 0xEBE5,
    0xEBC4, 0xFCC7, 0xF56D, 0x7C35, 0x6C14, 0x7414, 0x7414, 0x7434,
    0x7434, 0x7434, 0x7455, 0x7C55, 0x7C55, 0x7C76, 0x7C76, 0x7C75,
    0x7C55, 0x7434, 0x7434, 0x7413, 0x7433, 0x7433, 0x7433, 0x7433,
    0x7433, 0x7C32, 0x7C32, 0x7C32, 0x7C11, 0x73F0, 0x73AE, 0x6B8C,
    0x6B6A, 0x6B49, 0x6B27, 0x6B24, 0x6B02, 0x6B02, 0x6B02, 0x6B03,
    0x6303, 0x62E3, 0x5AE3, 0x5AE3, 0x5AE2, 0x5AC1, 0x62E1, 0x62E6,
    0x6309, 0x632B, 0x632C, 0x634D, 0x634D, 0x636E, 0x636F, 0x6390,
    0x636F, 0x5B4E, 0x5B4E, 0x634F, 0x6391, 0x6BB2, 0x6BD3, 0x6BD3,
    0xABCC, 0xB44D, 0xC4CF, 0xD551, 0xDD93, 0xDDD5, 0xE616, 0xE657,
    0xE678, 0xEE98, 0xEEB8, 0xEEB9, 0xEED9, 0xF6D9, 0xF6D9, 0xF6D9,
    0xEEB9, 0xE657, 0xDDF5, 0xD552, 0xC4CF, 0xB42C, 0xAB69, 0x9AE6,
    0x9AC4, 0xA2E5, 0xA305, 0xAB26, 0xAB46, 0xB367, 0xB387, 0xBBA7,
    0xBBC8, 0xBBE8, 0xC409, 0xC429, 0xC42A, 0xC44A, 0xC44A, 0xC44B,
    0xC46B, 0xC46C, 0xC48C, 0xC48D, 0xC48D, 0xC4AD, 0xC4AD, 0xC4AE,
    0xC4AE, 0xC4AE, 0xC4CE, 0xC4CE, 0xC4CE, 0xC4CE, 0xC4EE, 0xC4EE,
    0xC4CE, 0xC4EE, 0xF611, 0xFD6C, 0xF488, 0xEC27, 0xF489, 0xDB85,
    0xF4EA, 0xEC68, 0xDBA5, 0xDBE6, 0xF56D, 0xFE50, 0xFE2F, 0xFE50,
    0xFE0E, 0xFDED, 0xFDEE, 0xFDAD, 0xFDEE, 0xFDCE, 0xFDEE, 0xECEA,
    0xB2A2, 0xAA20, 0xAA00, 0x91C0, 0x91C0, 0x6900, 0x6181, 0xE4EB,
    0xED0B, 0xE426, 0xF50A, 0xFDEE, 0xFE71, 0xFE2F, 0xFE0F, 0xFE30,
    0xFE0E, 0xF466, 0xE3E5, 0xD323, 0xC2C2, 0xCAE2, 0xC2A1, 0xC2A2,
    0xCB03, 0xDB84, 0xD302, 0xC2E2, 0xBA81, 0xBA81, 0xC2A1, 0xBA61,
    0xB241, 0xB261, 0xCAC2, 0xD323, 0xC2C2, 0xDB42, 0xD302, 0xCB02,
    0xC2C2, 0xD2E2, 0xF467, 0xFE71, 0xFE72, 0xFE72, 0xFE51, 0xFE30,
    0xFE72, 0xFE30, 0xFE50, 0xFE51, 0xFE93, 0xF52B, 0xDB21, 0xCB23,
    0xBAC3, 0xC2C2, 0xCAC2, 0xD302, 0xE3A5, 0xDB85, 0xCAE2, 0xDB64,
    0xD364, 0xDB64, 0xDB64, 0xD303, 0xD303, 0xDB44, 0xDB44, 0xE3A5,
    0xE3C5, 0xE3E5, 0xDB84, 0xF50B, 0xFE72, 0xE426, 0xCC06, 0xE4A9,
    0xECE9, 0xED2A, 0xF56B, 0xF5AC, 0xF56B, 0xFD8B, 0xF54A, 0xF58B,
    0xFDCD, 0xFE0E, 0xFE0F, 0xE467, 0xE3E5, 0xE384, 0xE363, 0xF425,
    0xFC87, 0xF487, 0xFD08, 0xCD10, 0x6C15, 0x6C14, 0x7414, 0x7414,
    0x7434, 0x7434, 0x7435, 0x7455, 0x7C55, 0x7C76, 0x7C55, 0x7455,
    0x7434, 0x7413, 0x7413, 0x73F2, 0x7412, 0x7412, 0x7413, 0x7433,
    0x7C33, 0x7C32, 0x7C33, 0x7C32, 0x7C11, 0x73CF, 0x73AD, 0x6B8B,
    0x6B49, 0x6B48, 0x6B26, 0x6B24, 0x6B23, 0x6B22, 0x6B22, 0x6300,
    0x6300, 0x5AE1, 0x5AE1, 0x5AE1, 0x5AC0, 0x5AC0, 0x62E2, 0x6306,
    0x6308, 0x630A, 0x632B, 0x632B, 0x634C, 0x634D, 0x636E, 0x636F,
    0x5B4F, 0x5B4E, 0x634F, 0x6370, 0x6391, 0x6BD3, 0x6BD3, 0x63D3,
    0xABCC, 0xB42D, 0xC4CF, 0xCD31, 0xD593, 0xDDD4, 0xE616, 0xE657,
    0xEE78, 0xEE98, 0xEEB9, 0xEED9, 0xEED9, 0xF6D9, 0xF6FA, 0xF6D9,
    0xEEB8, 0xE657, 0xDDF5, 0xD552, 0xC4AF, 0xB40B, 0xA368, 0x9AE5,
    0x9AC5, 0xA2E5, 0xA305, 0xAB26, 0xAB46, 0xB367, 0xB387, 0xBBA8,
    0xBBC8, 0xBBE8, 0xC409, 0xC429, 0xC42A, 0xC44A, 0xC44B, 0xC46B,
    0xC46B, 0xC46C, 0xC48C, 0xC48D, 0xC48D, 0xC48D, 0xC4AD, 0xC4AE,
    0xC4AE, 0xC4AE, 0xC4CE, 0xC4CE, 0xC4CE, 0xC4CE, 0xC4EE, 0xC4EE,
    0xC4CE, 0xDD6F, 0xFDAD, 0xFD0B, 0xF4EA, 0xFCEA, 0xEC07, 0xDBC6,
    0xE3E6, 0xD344, 0xD344, 0xBA81, 0xDC48, 0xFDCE, 0xFE0E, 0xFDED,
    0xFE0E, 0xFDEE, 0xFE2F, 0xFDCD, 0xFDEE, 0xF5AD, 0xFDEE, 0xD385,
    0xA1E0, 0xA200, 0xA1E0, 0x99E0, 0x91C0, 0x6920, 0x9B06, 0xECCA,
    0xD343, 0xCAE2, 0xE3E5, 0xFDCD, 0xFE50, 0xFE30, 0xFE30, 0xFE50,
    0xFE2E, 0xFD6A, 0xF486, 0xE3C4, 0xD343, 0xD302, 0xD2E2, 0xBA82,
    0xC2C2, 0xD302, 0xD302, 0xB261, 0xC2C2, 0xC2A2, 0xB241, 0xBA61,
    0xBA81, 0xBA81, 0xC2A1, 0xCAE2, 0xBA81, 0xCAE2, 0xDB63, 0xD343,
    0xCB23, 0xC2C2, 0xDB43, 0xFE30, 0xFE51, 0xFE72, 0xFEB3, 0xFE72,
    0xFE72, 0xFE72, 0xFE92, 0xFE72, 0xFE51, 0xFDCE, 0xEC67, 0xCB02,
    0xB261, 0xCB03, 0xCAE2, 0xCAC2, 0xDB44, 0xDBA5, 0xC2A2, 0xDB64,
    0xE3C6, 0xCB03, 0xD303, 0xDB85, 0xD324, 0xDB64, 0xDB85, 0xDB64,
    0xDBA5, 0xE3E6, 0xEBE6, 0xF4A9, 0xFE93, 0xECC9, 0xCBA5, 0xD447,
    0xDC67, 0xECE9, 0xED2A, 0xF58B, 0xF5AC, 0xF56B, 0xF5AC, 0xFDCD,
    0xFDCD, 0xFE2F, 0xF5AE, 0xCB23, 0xDB43, 0xD323, 0xC2A1, 0xDB43,
    0xF467, 0xFD08, 0xFD29, 0xFDAB, 0xC532, 0x6BF4, 0x7414, 0x7414,
    0x7414, 0x7434, 0x7435, 0x7455, 0x7455, 0x7455, 0x7434, 0x7434,
    0x7413, 0x7412, 0x6BF2, 0x6BF1, 0x6BD1, 0x73F2, 0x7412, 0x7413,
    0x7C33, 0x7C53, 0x7C53, 0x7C33, 0x7C11, 0x73CF, 0x6B8D, 0x6B6B,
    0x6B49, 0x6B27, 0x6325, 0x6B24, 0x6B23, 0x6B22, 0x6B21, 0x6300,
    0x6300, 0x5AE0, 0x5AE0, 0x5AC0, 0x5AC0, 0x5AE0, 0x62E4, 0x6306,
    0x6308, 0x6309, 0x632A, 0x632B, 0x634B, 0x634D, 0x636E, 0x636F,
    0x636F, 0x636E, 0x636F, 0x6391, 0x63B2, 0x6BD3, 0x6BD3, 0x63D3,
    0xA3CB, 0xB42D, 0xC4AF, 0xCD31, 0xD593, 0xDDD5, 0xE616, 0xE657,
    0xEE78, 0xEE98, 0xEEB9, 0xEEB9, 0xEED9, 0xF6FA, 0xF6FA, 0xF6DA,
    0xEEB8, 0xE657, 0xDDD4, 0xD552, 0xC4AE, 0xB3EB, 0xA348, 0x9AC5,
    0x9AC5, 0x9AE5, 0xA305, 0xAB26, 0xAB46, 0xB367, 0xB387, 0xBBA8,
    0xBBC8, 0xBBE8, 0xC409, 0xC409, 0xC42A, 0xC44A, 0xC44B, 0xC46B,
    0xC46C, 0xC48C, 0xC48C, 0xC48D, 0xC48D, 0xC48D, 0xC48D, 0xC4AD,
    0xC4AE, 0xC4AE, 0xC4CE, 0xC4CE, 0xC4CE, 0xC4CE, 0xCCEE, 0xC4EE,
    0xCD0F, 0xFDAE, 0xFD6C, 0xFD8D, 0xF4CA, 0xDBC6, 0xCB24, 0xE3C6,
    0xCAE3, 0xCB03, 0xCAE2, 0xC2C2, 0xE489, 0xFE2F, 0xFE50, 0xFE71,
    0xFE50, 0xFE0F, 0xFDCD, 0xFDCD, 0xFDEE, 0xFDCE, 0xED2B, 0xC2A1,
    0xA1C0, 0xAA20, 0xA200, 0x91C0, 0x7140, 0x5920, 0xBB86, 0xD364,
    0xCB03, 0xDB64, 0xDBA4, 0xECC9, 0xFE0F, 0xFE30, 0xFE30, 0xFE50,
    0xFE2F, 0xFE2F, 0xF508, 0xE3C4, 0xD343, 0xD323, 0xD303, 0xD303,
    0xCAE2, 0xC2C2, 0xCAE2, 0xC2A2, 0xC2C2, 0xBA81, 0xB261, 0xB261,
    0xBA81, 0xC2C2, 0xBAA2, 0xBAA2, 0xAA41, 0xAA21, 0xC2C2, 0xCB23,
    0xD363, 0xC2C1, 0xE3E5, 0xFE51, 0xFE93, 0xFE72, 0xFE72, 0xFE72,
    0xFE51, 0xFE93, 0xFE93, 0xFE93, 0xFE93, 0xFE92, 0xFE30, 0xECC9,
    0xD343, 0xD364, 0xD323, 0xC2E2, 0xD343, 0xDB64, 0xC2A2, 0xCAE2,
    0xE3C5, 0xD344, 0xBA82, 0xDB64, 0xD364, 0xDB85, 0xE3E6, 0xDBA5,
    0xDBA5, 0xE3C5, 0xEBE6, 0xF4C9, 0xFEB3, 0xF54D, 0xCB64, 0xD447,
    0xDC67, 0xECC9, 0xED09, 0xED2A, 0xF58C, 0xF5AC, 0xFE2F, 0xFE50,
    0xFE0E, 0xFDED, 0xED0B, 0xC2C2, 0xD302, 0xD303, 0xBA81, 0xBA61,
    0xD323, 0xF425, 0xFD08, 0xFDAC, 0xFDED, 0xA4D3, 0x63F4, 0x7414,
    0x7414, 0x7434, 0x7455, 0x7C55, 0x7C55, 0x7434, 0x7413, 0x7413,
    0x7412, 0x73F2, 0x6BF1, 0x6BD0, 0x6BD0, 0x73F1, 0x7412, 0x7412,
    0x7C33, 0x8454, 0x8454, 0x7C53, 0x7C12, 0x73CF, 0x6B8D, 0x6B6B,
    0x6B48, 0x6326, 0x6324, 0x6B24, 0x6B22, 0x6B22, 0x6B21, 0x6300,
    0x5B00, 0x5AE0, 0x5AC0, 0x5AC0, 0x5AC0, 0x62E1, 0x6304, 0x6306,
    0x6307, 0x6308, 0x6329, 0x632A, 0x634B, 0x634C, 0x636E, 0x638F,
    0x638F, 0x6B90, 0x6BB1, 0x6BD2, 0x6BD3, 0x6BD3, 0x63D3, 0x63B2,
    0xA3AB, 0xB40D, 0xC48F, 0xCD11, 0xD593, 0xDDD5, 0xE616, 0xE657,
    0xEE78, 0xEE98, 0xEEB9, 0xEED9, 0xF6D9, 0xF6FA, 0xF6FA, 0xF6D9,
    0xEE98, 0xE657, 0xDDD4, 0xCD31, 0xC48E, 0xABCB, 0x9B27, 0x92A4,
    0x9AC5, 0x9AE5, 0xA305, 0xAB26, 0xAB46, 0xB367, 0xB387, 0xBBA8,
    0xBBC8, 0xBBC8, 0xC3E9, 0xC409, 0xC42A, 0xC44A, 0xC44B, 0xC46B,
    0xC46B, 0xC46C, 0xC48C, 0xC48C, 0xC48D, 0xC48D, 0xC48D, 0xC4AD,
    0xC4AD, 0xC4AE, 0xC4AE, 0xC4CE, 0xC4CE, 0xC4CE, 0xC4EF, 0xC4CE,
    0xE5B0, 0xFE0F, 0xFD4B, 0xEC68, 0xE3E7, 0xE3E7, 0xE3C6, 0xDB65,
    0xC2A2, 0xC2C2, 0xCAC2, 0xCAE3, 0xE489, 0xFDCE, 0xFDEE, 0xFE0E,
    0xFE0E, 0xFDEE, 0xFDAC, 0xF58C, 0xFDAC, 0xF5AD, 0xE488, 0xBA61,
    0xAA00, 0xB240, 0xA200, 0x91C0, 0x6100, 0x71C2, 0xAAA2, 0xBAA2,
    0xD364, 0xD364, 0xD364, 0xEC88, 0xFE0F, 0xFE30, 0xFE51, 0xFE50,
    0xFE71, 0xFE4F, 0xF4E8, 0xDB63, 0xD343, 0xD323, 0xCAE2, 0xC2C2,
    0xC2E3, 0xBAA2, 0xC2E2, 0xCAE3, 0xBA82, 0xC2A2, 0xBA81, 0xB282,
    0xBA81, 0xC2A1, 0xB261, 0xCAE2, 0xC2A2, 0xAA21, 0xBA81, 0xD302,
    0xCAE2, 0xD322, 0xFD8C, 0xFE93, 0xFEB3, 0xFEB4, 0xFE93, 0xFE92,
    0xFE10, 0xFE72, 0xFEB3, 0xFE72, 0xFE51, 0xFE51, 0xFE72, 0xFE51,
    0xF4EA, 0xDBA4, 0xDB84, 0xD323, 0xD323, 0xD364, 0xCB03, 0xC2A2,
    0xDB64, 0xE3E6, 0xD364, 0xCAE3, 0xD364, 0xD364, 0xDB85, 0xEC06,
    0xDB84, 0xDB85, 0xE3E6, 0xFD2B, 0xFED4, 0xFE52, 0xDC06, 0xD407,
    0xE4A8, 0xECE9, 0xED2A, 0xED2A, 0xED0A, 0xF52A, 0xFD8B, 0xFDCC,
    0xFE0E, 0xFE2F, 0xED2B, 0xBAA2, 0xB240, 0xD302, 0xDB63, 0xD303,
    0xD323, 0xEBE5, 0xFCC8, 0xFDAC, 0xFDED, 0xEDB1, 0x7C35, 0x6C14,
    0x7434, 0x7435, 0x7C55, 0x7C55, 0x7C55, 0x7C33, 0x7412, 0x7412,
    0x7412, 0x73F1, 0x73F1, 0x73F0, 0x73F0, 0x7411, 0x7C12, 0x7C32,
    0x8453, 0x8453, 0x7C53, 0x8453, 0x7C32, 0x7BEF, 0x6BAD, 0x6B6B,
    0x6B48, 0x6326, 0x6B24, 0x6B23, 0x6B22, 0x6B21, 0x6B20, 0x6300,
    0x5AE0, 0x5AE0, 0x52C0, 0x52C0, 0x5AC0, 0x62E1, 0x6304, 0x6305,
    0x6307, 0x6328, 0x6B49, 0x632A, 0x634B, 0x6B6D, 0x6B8F, 0x6BB0,
    0x6BB0, 0x73D1, 0x73F2, 0x73F3, 0x73F4, 0x73F3, 0x6BD3, 0x63B2,
    0xA3AB, 0xAC0D, 0xBC8F, 0xCD11, 0xD593, 0xDDF5, 0xE636, 0xE677,
    0xEE98, 0xEE98, 0xEEB9, 0xEED9, 0xF6DA, 0xF6FA, 0xF6FA, 0xF6D9,
    0xEE98, 0xE636, 0xDDB4, 0xCD31, 0xBC6E, 0xABAA, 0x9B06, 0x92A4,
    0x9AC4, 0x9AE5, 0xA305, 0xAB26, 0xAB46, 0xB367, 0xB387, 0xBBA8,
    0xBBC8, 0xBBC8, 0xBBE9, 0xC409, 0xC42A, 0xC42A, 0xC44A, 0xC44B,
    0xC46B, 0xC46C, 0xC46C, 0xC48C, 0xC48D, 0xC48D, 0xC48D, 0xC4AD,
    0xC4AD, 0xC4AE, 0xC4AE, 0xC4CE, 0xC4CE, 0xC4CE, 0xC4CE, 0xD54F,
    0xFE30, 0xFD2B, 0xF488, 0xF489, 0xF489, 0xE407, 0xD345, 0xC2E3,
    0xC2C3, 0xD324, 0xBAA2, 0xC2A2, 0xECCA, 0xFE0F, 0xFE0E, 0xFE2F,
    0xFDEE, 0xFDCD, 0xF58C, 0xF5CD, 0xF58C, 0xF5CD, 0xE488, 0xC2E2,
    0xBA81, 0xB241, 0xAA20, 0x99E0, 0x6100, 0x7160, 0xB281, 0xC303,
    0xC2E3, 0xC2E2, 0xDB85, 0xE427, 0xF5AD, 0xFE51, 0xFE71, 0xFE30,
    0xFE51, 0xFE2F, 0xF529, 0xD343, 0xCB03, 0xCB02, 0xCB03, 0xC2C2,
    0xC2C2, 0xAA41, 0xBAA2, 0xCB03, 0xCAE2, 0xCAC2, 0xBA81, 0xC2A2,
    0xC2C2, 0xC2A1, 0xC2A2, 0xCAE2, 0xCAE2, 0xBA81, 0xCAE2, 0xD322,
    0xD301, 0xEC87, 0xFE51, 0xFE72, 0xFE93, 0xFE93, 0xFE93, 0xFE93,
    0xFE51, 0xFE93, 0xFEB3, 0xFEB3, 0xFEB4, 0xFE72, 0xFE51, 0xFE51,
    0xFE10, 0xEC67, 0xDB84, 0xDB64, 0xDB64, 0xD364, 0xDB64, 0xCAE3,
    0xD303, 0xDB84, 0xDB85, 0xCB03, 0xCAE3, 0xDB64, 0xCB03, 0xD344,
    0xE3A5, 0xDBA5, 0xEC06, 0xFD8D, 0xFEB4, 0xFEB4, 0xED2C, 0xCBE7,
    0xD447, 0xE4E9, 0xED4B, 0xED0A, 0xED2A, 0xF56B, 0xF58B, 0xF58B,
    0xFDAC, 0xFE2F, 0xF58C, 0xCB23, 0xBA61, 0xBA60, 0xD302, 0xDB64,
    0xD323, 0xE3A4, 0xF466, 0xFCE8, 0xFD8C, 0xFDED, 0xCD32, 0x7435,
    0x7C55, 0x7C55, 0x8475, 0x8475, 0x8454, 0x7C33, 0x7C11, 0x7C11,
    0x7C11, 0x7C11, 0x7C10, 0x7BF0, 0x7BF0, 0x8411, 0x8432, 0x8453,
    0x8453, 0x8453, 0x8453, 0x8452, 0x8431, 0x7BEF, 0x73AD, 0x6B6B,
    0x6B48, 0x6B26, 0x6B23, 0x6B21, 0x6B21, 0x6B20, 0x6300, 0x6300,
    0x5AE0, 0x5AC0, 0x52C0, 0x52C0, 0x5AC0, 0x62E2, 0x6303, 0x6B24,
    0x6B26, 0x6B48, 0x6B49, 0x6B49, 0x6B4B, 0x6B8D, 0x73AF, 0x73B0,
    0x7BD1, 0x7BF2, 0x7C13, 0x7C33, 0x7C34, 0x7C13, 0x73F3, 0x6BD2,
    0x9B8B, 0xABED, 0xBC6E, 0xCD11, 0xD593, 0xDDF5, 0xE636, 0xE677,
    0xEE98, 0xEE99, 0xEEB9, 0xEED9, 0xF6DA, 0xF6FA, 0xF6FA, 0xF6D9,
    0xEE98, 0xE636, 0xDDB4, 0xCD11, 0xBC4D, 0xA389, 0x92C6, 0x92A4,
    0x9AA4, 0x9AE5, 0xA325, 0xAB46, 0xAB47, 0xB367, 0xB387, 0xB3A7,
    0xBBC8, 0xBBC8, 0xBBE9, 0xC409, 0xC429, 0xC42A, 0xC44A, 0xC44B,
    0xC46B, 0xC46C, 0xC46C, 0xC48C, 0xC48D, 0xC48D, 0xC4AD, 0xC4AD,
    0xC4AE, 0xC4AE, 0xC4AE, 0xC4AE, 0xC4CE, 0xC4CE, 0xC4CE, 0xF611,
    0xFDAD, 0xFD4B, 0xFD8D, 0xF4CA, 0xDB64, 0xBAA3, 0xCB44, 0xBAE3,
    0xCB24, 0xCB03, 0xC2C2, 0xE406, 0xFE30, 0xFE71, 0xFE50, 0xF58C,
    0xFDAC, 0xF5CD, 0xF58C, 0xF5AD, 0xF5EF, 0xF5CE, 0xECEA, 0xDBE5,
    0xBA81, 0xAA20, 0xA221, 0x91E0, 0x48A0, 0x81A0, 0xBAA2, 0xC2E3,
    0xBAA2, 0xCB03, 0xD344, 0xD384, 0xF56C, 0xFE51, 0xFE0F, 0xFE30,
    0xFE50, 0xFE50, 0xF54A, 0xDB43, 0xCB02, 0xCB03, 0xC2C2, 0xBA82,
    0xB282, 0xB261, 0xBAA2, 0xD344, 0xCB03, 0xBA81, 0xB281, 0xC2A2,
    0xC2A2, 0xCAE2, 0xC2C2, 0xC2A2, 0xBAA2, 0xC2A2, 0xCAE2, 0xDB22,
    0xF487, 0xFE2F, 0xFE31, 0xFE51, 0xFE72, 0xFE93, 0xFE51, 0xFE72,
    0xFE93, 0xFE51, 0xFEB3, 0xFE93, 0xFE93, 0xFE93, 0xFE93, 0xFE73,
    0xFE51, 0xFD8D, 0xDB84, 0xCB23, 0xCB23, 0xDB85, 0xDBA5, 0xDB64,
    0xC2C2, 0xCAE2, 0xD323, 0xCB03, 0xD344, 0xD324, 0xD344, 0xCAE3,
    0xE3C6, 0xE3C5, 0xE3C5, 0xF54B, 0xFE93, 0xFEB4, 0xFE52, 0xCBE7,
    0xCBE6, 0xD427, 0xE4A9, 0xE4E9, 0xED2A, 0xF56B, 0xF5AC, 0xFDCD,
    0xFDCC, 0xFDED, 0xFE50, 0xE467, 0xCAE1, 0xC2C2, 0xC2A1, 0xDB63,
    0xDB84, 0xD343, 0xE3E5, 0xEC05, 0xFCC8, 0xFDAB, 0xFDCD, 0xA4D4,
    0x7C76, 0x8C95, 0x8C95, 0x8C73, 0x8452, 0x8431, 0x8411, 0x8410,
    0x8410, 0x840F, 0x840F, 0x7C0F, 0x8410, 0x8C31, 0x8C73, 0x8C73,
    0x8C73, 0x8C73, 0x8C52, 0x8452, 0x8410, 0x7BEE, 0x73AC, 0x738A,
    0x6B68, 0x6B46, 0x6B23, 0x6B00, 0x6B00, 0x6B00, 0x6300, 0x6300,
    0x5AC0, 0x5AC0, 0x52C0, 0x52C0, 0x5AC0, 0x62E1, 0x6303, 0x6B24,
    0x6B26, 0x6B47, 0x6B48, 0x6B49, 0x6B6B, 0x73AE, 0x7BD0, 0x7BD0,
    0x7BF1, 0x8412, 0x8453, 0x8454, 0x8454, 0x7C33, 0x7BF3, 0x73D2,
    0x9B8B, 0xABED, 0xBC6E, 0xCD11, 0xD593, 0xDDF5, 0xE636, 0xE657,
    0xEE98, 0xEEB9, 0xEEB9, 0xEED9, 0xF6DA, 0xF6FA, 0xF6FA, 0xF6D9,
    0xEE98, 0xE636, 0xD5B4, 0xCCF0, 0xB42D, 0x9B49, 0x92A5, 0x9284,
    0x92A4, 0x9AE5, 0xA326, 0xAB46, 0xAB47, 0xB367, 0xB387, 0xB387,
    0xBBA8, 0xBBC8, 0xBBE8, 0xC409, 0xC429, 0xC42A, 0xC44A, 0xC44B,
    0xC44B, 0xC46B, 0xC46C, 0xC48C, 0xC48D, 0xC48D, 0xC4AD, 0xC4AD,
    0xC4AD, 0xC4AE, 0xC4AE, 0xC4AE, 0xC4CE, 0xBCAE, 0xCD2F, 0xFE51,
    0xFDEE, 0xFD8D, 0xF4EA, 0xDB85, 0xDBA5, 0xD345, 0xD344, 0xC2E3,
    0xBAA3, 0xBA82, 0xDBA4, 0xF58C, 0xFE50, 0xFE2F, 0xFE0E, 0xFDAC,
    0xFE0E, 0xF58C, 0xF56B, 0xF5AD, 0xF5EE, 0xF58C, 0xED4B, 0xECEA,
    0xCB43, 0xAA21, 0x89A0, 0x6940, 0x50C0, 0xA241, 0xC2C3, 0xCB03,
    0xC2C2, 0xCB23, 0xD344, 0xDBE6, 0xF54B, 0xFDAD, 0xFE0F, 0xFE51,
    0xFE50, 0xFE71, 0xF4E8, 0xD322, 0xCAE2, 0xCAE2, 0xCB03, 0xCAE2,
    0xC2C2, 0xCAE2, 0xBA61, 0xC2E2, 0xC2C2, 0xC2A1, 0xCAC2, 0xBA82,
    0xC2E2, 0xCAE2, 0xC281, 0xC2A1, 0xBA61, 0xD322, 0xE3E5, 0xF54B,
    0xFE2F, 0xFE51, 0xFE72, 0xFE51, 0xFE31, 0xFE93, 0xFE52, 0xFE73,
    0xFE93, 0xFE72, 0xFE93, 0xFE92, 0xFEB3, 0xFE72, 0xFE93, 0xFE93,
    0xFE73, 0xFE51, 0xF4C9, 0xCB23, 0xC2C2, 0xCB03, 0xD364, 0xDBA5,
    0xDB64, 0xD343, 0xDB85, 0xD364, 0xD303, 0xCAE3, 0xD324, 0xDB44,
    0xD344, 0xE407, 0xEC26, 0xF50B, 0xFE93, 0xFE93, 0xFE92, 0xD469,
    0x9A62, 0xBB45, 0xDC69, 0xDC69, 0xED0B, 0xF54B, 0xF5AC, 0xFDCD,
    0xFDAC, 0xFD8B, 0xFDED, 0xFDEE, 0xECA8, 0xDB84, 0xCAC2, 0xCAE2,
    0xE3A4, 0xDB43, 0xDB64, 0xEC06, 0xF446, 0xFD29, 0xFDEC, 0xF5F0,
    0xA4F5, 0x8C95, 0x9494, 0x8C72, 0x8C51, 0x8430, 0x8410, 0x840F,
    0x840F, 0x840F, 0x840E, 0x840F, 0x8C2F, 0x8C51, 0x9472, 0x9493,
    0x9472, 0x8C72, 0x8C51, 0x8C31, 0x8410, 0x7BEE, 0x73AC, 0x738A,
    0x7368, 0x6B47, 0x6B23, 0x6B00, 0x6B00, 0x6B00, 0x6300, 0x62E0,
    0x5AC0, 0x5AC0, 0x5AC0, 0x5AC0, 0x5AE0, 0x6301, 0x6303, 0x6B24,
    0x6B25, 0x6B47, 0x6B67, 0x738A, 0x738C, 0x7BCE, 0x83F0, 0x8411,
    0x8432, 0x8C53, 0x8C73, 0x8C74, 0x8C53, 0x8433, 0x8412, 0x7BF2,
    0x9B8B, 0xABEC, 0xBC6E, 0xCD11, 0xD593, 0xDDF5, 0xE636, 0xE678,
    0xEE98, 0xEEB9, 0xEEB9, 0xEED9, 0xF6DA, 0xF6FA, 0xF6FA, 0xF6D9,
    0xEE98, 0xE636, 0xD593, 0xC4F0, 0xB42D, 0x9B28, 0x9284, 0x9284,
    0x92A4, 0x9AE5, 0xA305, 0xAB46, 0xAB67, 0xB367, 0xB387, 0xB387,
    0xBBA8, 0xBBC8, 0xBBC8, 0xC409, 0xC429, 0xC42A, 0xC44A, 0xC44B,
    0xC46B, 0xC46B, 0xC46C, 0xC48C, 0xC48D, 0xBC8D, 0xC48D, 0xC4AD,
    0xBCAD, 0xBCAD, 0xBCAE, 0xC4AE, 0xC4AE, 0xBC8E, 0xEDD0, 0xFE70,
    0xFD8C, 0xF4A9, 0xEC48, 0xE407, 0xEC27, 0xDB85, 0xDB64, 0xBA82,
    0xB241, 0xD3C6, 0xFDAC, 0xFE0F, 0xFDEE, 0xFDEE, 0xFDED, 0xFDED,
    0xFDEE, 0xF54B, 0xF54B, 0xF5AC, 0xF58C, 0xF58C, 0xED4B, 0xE4C9,
    0xC344, 0xAA40, 0x91C0, 0x48C0, 0x5900, 0xB282, 0xC2E3, 0xCB23,
    0xCB03, 0xCB03, 0xD343, 0xDBA5, 0xDBE6, 0xFDCE, 0xFE72, 0xFE51,
    0xFE50, 0xFE50, 0xF509, 0xDB43, 0xD343, 0xD343, 0xCB03, 0xC2C2,
    0xBA81, 0xB241, 0xC2A1, 0xBAA2, 0xC2A2, 0xC2A2, 0xC2A2, 0xCAE2,
    0xD343, 0xCAE1, 0xCAC1, 0xDB42, 0xEC67, 0xF509, 0xFDCE, 0xFE72,
    0xFE72, 0xFE51, 0xFE72, 0xFE72, 0xFE52, 0xFE73, 0xFE93, 0xFE94,
    0xFE93, 0xFE51, 0xFE30, 0xFE72, 0xFEB4, 0xFE93, 0xFE72, 0xFE93,
    0xFE93, 0xFE51, 0xFDCE, 0xEC26, 0xD343, 0xD343, 0xDB84, 0xE3C5,
    0xE3C5, 0xDB64, 0xDB64, 0xDBA5, 0xCAE3, 0xCB03, 0xCB03, 0xDB64,
    0xD344, 0xDB84, 0xEC06, 0xF50A, 0xFE93, 0xFE94, 0xFE93, 0xE4EC,
    0x7180, 0x9A83, 0xB304, 0xC303, 0xC344, 0xDC47, 0xF54A, 0xF56B,
    0xF5AC, 0xFDCD, 0xFDED, 0xFE0E, 0xFE2E, 0xF54A, 0xDB84, 0xC2A1,
    0xCAE2, 0xDB43, 0xD343, 0xDB84, 0xF446, 0xFC87, 0xFD6A, 0xFE71,
    0xD5B4, 0x8C73, 0x9493, 0x9451, 0x8C50, 0x842F, 0x840E, 0x840E,
    0x840E, 0x840E, 0x840E, 0x8C2E, 0x8C2F, 0x9450, 0x9471, 0x9471,
    0x9471, 0x8C50, 0x8C50, 0x8C30, 0x840F, 0x83ED, 0x7BAB, 0x7B8A,
    0x7368, 0x7367, 0x6B43, 0x6B20, 0x6B20, 0x6B20, 0x6B20, 0x6300,
    0x5AC0, 0x5AC0, 0x5AC0, 0x5AE0, 0x5B00, 0x5B00, 0x6302, 0x6B23,
    0x6B24, 0x6B45, 0x7367, 0x738A, 0x7BAC, 0x83EE, 0x8C10, 0x8C31,
    0x8C52, 0x9473, 0x9493, 0x9493, 0x9473, 0x8C53, 0x8C32, 0x8412,
    0x9B6B, 0xABEC, 0xBC6E, 0xCCF0, 0xD593, 0xDDD5, 0xE636, 0xE677,
    0xEE98, 0xEEB9, 0xEEB9, 0xEEB9, 0xF6D9, 0xF6D9, 0xF6D9, 0xEEB8,
    0xE677, 0xDDF5, 0xD573, 0xC4CF, 0xB40C, 0x9B28, 0x8A64, 0x8A64,
    0x92A4, 0x9AC5, 0xA305, 0xA326, 0xAB46, 0xB367, 0xB387, 0xB387,
    0xBBA8, 0xBBC8, 0xBBC8, 0xC3E8, 0xC409, 0xC42A, 0xC44A, 0xC44B,
    0xC44B, 0xC46B, 0xC46C, 0xC46C, 0xC48C, 0xBC8D, 0xBC8D, 0xBC8D,
    0xBC8D, 0xBC8D, 0xBCAE, 0xBCAE, 0xBC8E, 0xCD2F, 0xFE71, 0xFDCD,
    0xF488, 0xE3E7, 0xD345, 0xDBA6, 0xEC48, 0xDBA5, 0xCB03, 0xC2E3,
    0xDBE6, 0xFDAC, 0xFE0E, 0xFE0E, 0xFDEE, 0xFE2F, 0xFDCD, 0xFDCD,
    0xFDCD, 0xF58D, 0xF5AD, 0xF58C, 0xED6C, 0xF56C, 0xE4E9, 0xDC88,
    0xCBC5, 0xA241, 0x7980, 0x3880, 0x6960, 0xBAC2, 0xC2C2, 0xD303,
    0xCAE2, 0xC2C2, 0xD323, 0xD343, 0xDC07, 0xFE51, 0xFE72, 0xFE71,
    0xFE71, 0xFE71, 0xFD8B, 0xEC05, 0xD364, 0xCB03, 0xCAE3, 0xC2C2,
    0xC281, 0xC2C2, 0xCB03, 0xB261, 0xC2C2, 0xCAC2, 0xD302, 0xE3E4,
    0xEC46, 0xF4E8, 0xF4C8, 0xFD6B, 0xFE2F, 0xFE30, 0xFE51, 0xFE72,
    0xFE72, 0xFE72, 0xFE72, 0xFE31, 0xFE52, 0xFE73, 0xFEB4, 0xFEB4,
    0xFE72, 0xFE30, 0xFE30, 0xFE51, 0xFE92, 0xFE72, 0xFE30, 0xFE72,
    0xFE93, 0xFE72, 0xFE30, 0xFD6C, 0xE3E6, 0xDB64, 0xE3C5, 0xE3C5,
    0xE3A5, 0xE364, 0xDB64, 0xDB84, 0xDB84, 0xD343, 0xD344, 0xDB65,
    0xDB64, 0xD344, 0xDB84, 0xF50A, 0xFEB4, 0xFED5, 0xFE93, 0xFDCF,
    0x8223, 0x81C0, 0x9200, 0xAA20, 0xAA20, 0xBA80, 0xDC05, 0xF52A,
    0xF58B, 0xFDED, 0xFE2F, 0xFE2F, 0xFE0E, 0xFDEE, 0xEC47, 0xC2A1,
    0xC2A2, 0xD323, 0xDB84, 0xD323, 0xE3A4, 0xF406, 0xFC87, 0xFE50,
    0xF719, 0xACB3, 0x9472, 0x9471, 0x8C2F, 0x840E, 0x840D, 0x840D,
    0x840D, 0x8C0D, 0x8C0D, 0x8C2D, 0x8C2E, 0x944F, 0x944F, 0x944F,
    0x9450, 0x8C4F, 0x8C2F, 0x8C0E, 0x83ED, 0x7BCC, 0x7BAB, 0x7B89,
    0x7368, 0x7366, 0x7343, 0x6B20, 0x6B20, 0x6B20, 0x6B20, 0x6300,
    0x5AE0, 0x5AC0, 0x5AE0, 0x5B00, 0x5B00, 0x5B00, 0x6300, 0x6302,
    0x6B23, 0x6B45, 0x7367, 0x738A, 0x7BAB, 0x83ED, 0x8C30, 0x9451,
    0x9C72, 0x9C93, 0x9CB3, 0x9C93, 0x9C73, 0x9452, 0x9431, 0x8C31,
    0x9B6A, 0xABEC, 0xBC4E, 0xCCF0, 0xD552, 0xDDB4, 0xE5F5, 0xE636,
    0xEE77, 0xEE78, 0xEE98, 0xEE98, 0xEEB8, 0xEEB8, 0xEEB8, 0xEE77,
    0xE636, 0xDDD4, 0xD552, 0xC4CF, 0xB40B, 0xA347, 0x92A4, 0x92A4,
    0x9AC5, 0xA305, 0xA306, 0xAB26, 0xAB46, 0xB367, 0xB387, 0xB3A7,
    0xBBA8, 0xBBC8, 0xBBC8, 0xBBE8, 0xC409, 0xC429, 0xC42A, 0xC42A,
    0xC44B, 0xC44B, 0xC46C, 0xC46C, 0xC48C, 0xBC8D, 0xBC8D, 0xBC8D,
    0xBC8D, 0xBC8D, 0xBCAE, 0xBCAE, 0xC4CE, 0xF610, 0xFDCD, 0xFDAD,
    0xF4EA, 0xE407, 0xDBA6, 0xEC27, 0xDB85, 0xD344, 0xC2E3, 0xDC07,
    0xFDCD, 0xFE50, 0xFE0E, 0xFDCD, 0xFE0E, 0xFE0E, 0xFDAC, 0xF54B,
    0xDC07, 0xDBE7, 0xE468, 0xE447, 0xED4C, 0xF58D, 0xE4C9, 0xDCA9,
    0xDC68, 0xBB44, 0x7180, 0x40C0, 0x9A21, 0xC2E3, 0xD323, 0xCAC2,
    0xCAE2, 0xCAE2, 0xCB24, 0xCB23, 0xE489, 0xFE72, 0xFE72, 0xFE72,
    0xFE71, 0xFE71, 0xFDAC, 0xEC45, 0xDB84, 0xD344, 0xC2E3, 0xC2C2,
    0xBAA2, 0xCB03, 0xCAE3, 0xC2A2, 0xBA82, 0xDB43, 0xF4C8, 0xF529,
    0xFE0F, 0xFE2F, 0xFE0F, 0xFE30, 0xFE51, 0xFE72, 0xFE92, 0xFE93,
    0xFE93, 0xFE72, 0xFE73, 0xFE72, 0xFE31, 0xFE93, 0xFE73, 0xFE93,
    0xFE72, 0xFDEF, 0xFE72, 0xFE93, 0xFE92, 0xFE72, 0xFE93, 0xFE72,
    0xFE72, 0xFE93, 0xFE93, 0xFE51, 0xF58D, 0xE427, 0xEC67, 0xEC05,
    0xE3A4, 0xEC05, 0xE3C4, 0xDB84, 0xDB84, 0xDB84, 0xD344, 0xDB85,
    0xE3A5, 0xCB03, 0xDB43, 0xF487, 0xFE72, 0xFEF6, 0xFE73, 0xFD6D,
    0xB3A8, 0x6920, 0x89A0, 0x91C0, 0x99E0, 0xB240, 0xCB02, 0xE466,
    0xFDAC, 0xFE2F, 0xFE4F, 0xFE70, 0xFE2F, 0xFE0E, 0xF52A, 0xD303,
    0xC2A2, 0xCAE2, 0xDB64, 0xDB64, 0xDB64, 0xE3C4, 0xEBC4, 0xFD29,
    0xFF9A, 0xEE56, 0x9C51, 0x8C50, 0x840D, 0x83EC, 0x83EC, 0x83EC,
    0x83EC, 0x8C0C, 0x8C0C, 0x8C2D, 0x942D, 0x942D, 0x942D, 0x942D,
    0x8C2E, 0x8C2E, 0x8C0D, 0x8C0D, 0x83EC, 0x83CB, 0x7BAA, 0x7B89,
    0x7367, 0x7346, 0x7342, 0x6B20, 0x6B20, 0x6B20, 0x6B20, 0x6300,
    0x5AE0, 0x5AE0, 0x5AE0, 0x5B00, 0x5B00, 0x5B00, 0x5B00, 0x6300,
    0x6301, 0x6B24, 0x7367, 0x7B89, 0x83CB, 0x8BED, 0x942F, 0x9C50,
    0xA471, 0xA4B2, 0xA4B3, 0xA492, 0x9C72, 0x9C51, 0x9431, 0x9430,
    0xA38A, 0xB3EB, 0xBC6D, 0xCCCF, 0xD531, 0xDD72, 0xDDB3, 0xE5F5,
    0xE636, 0xEE56, 0xEE77, 0xEE77, 0xEE77, 0xEE77, 0xEE77, 0xEE56,
    0xE614, 0xDDB3, 0xD551, 0xCCCE, 0xBC2B, 0xAB88, 0xA305, 0xA325,
    0xAB46, 0xB366, 0xB366, 0xB386, 0xB387, 0xBBA7, 0xBBA7, 0xBBC7,
    0xBBC8, 0xC3E8, 0xC408, 0xC409, 0xC429, 0xC44A, 0xC44A, 0xC44A,
    0xC44A, 0xC44B, 0xC46B, 0xC46C, 0xC48C, 0xC48C, 0xC48C, 0xC48C,
    0xC48D, 0xBC8D, 0xC4AD, 0xBC8D, 0xD52F, 0xFDEE, 0xFD4B, 0xFDEE,
    0xF4EA, 0xEC07, 0xECCA, 0xE3C6, 0xCAC3, 0xCAE3, 0xD364, 0xFDAD,
    0xFE50, 0xFE50, 0xFDEE, 0xFDED, 0xFE0E, 0xFDEE, 0xECE9, 0xD364,
    0xBA81, 0xB241, 0xC2C2, 0xC2A2, 0xE489, 0xF56B, 0xE4C9, 0xDC88,
    0xD427, 0xC3A5, 0x79E2, 0x6920, 0xB282, 0xBAC3, 0xCB03, 0xC2C2,
    0xCAE2, 0xC2C2, 0xCB23, 0xBAA2, 0xECEA, 0xFE92, 0xFE51, 0xFE71,
    0xFE71, 0xFE0F, 0xFDCD, 0xF4C7, 0xE3E5, 0xCB23, 0xC261, 0xBA81,
    0xCAE2, 0xCB03, 0xCB02, 0xCAE2, 0xD2E2, 0xF4E9, 0xFE71, 0xFDCE,
    0xFE30, 0xFE30, 0xFE0F, 0xFE51, 0xFE72, 0xFE51, 0xFE72, 0xFE92,
    0xFE93, 0xFE93, 0xFE93, 0xFE72, 0xFE31, 0xFE92, 0xFE93, 0xFE93,
    0xFE93, 0xFE72, 0xFE92, 0xFEB3, 0xFE72, 0xFE52, 0xFE93, 0xFE93,
    0xFE93, 0xFE73, 0xFE92, 0xFE72, 0xFE72, 0xFDEF, 0xFDCE, 0xFDEE,
    0xFD2A, 0xFD4A, 0xFD6C, 0xF487, 0xE3A4, 0xDB84, 0xDBA5, 0xDB64,
    0xE3C5, 0xD324, 0xD323, 0xF446, 0xFE71, 0xFEF5, 0xFE73, 0xEC48,
    0xE469, 0x8A22, 0x7960, 0x89C0, 0x91C0, 0xAA40, 0xC2E2, 0xDB84,
    0xECE9, 0xFE2F, 0xFE2F, 0xFE50, 0xFE50, 0xFE2F, 0xFDEE, 0xE447,
    0xCAE2, 0xCAA1, 0xE384, 0xE3C4, 0xEBE4, 0xF4A8, 0xF4A7, 0xFD08,
    0xFF37, 0xFFBC, 0xBD31, 0x83ED, 0x840C, 0x83EB, 0x83CB, 0x83CA,
    0x83EB, 0x83EB, 0x8C0B, 0x8C0C, 0x8C0C, 0x8BEC, 0x8BEB, 0x8BEB,
    0x8C0C, 0x8C0D, 0x8C0C, 0x8BEC, 0x83EB, 0x83AA, 0x7B89, 0x7388,
    0x7366, 0x7345, 0x7342, 0x6B20, 0x6B20, 0x7320, 0x6B20, 0x6320,
    0x6300, 0x6300, 0x6300, 0x6300, 0x5B00, 0x5AE0, 0x5AE0, 0x5B00,
    0x5AE0, 0x6322, 0x7366, 0x7B89, 0x83CB, 0x93ED, 0x9C2E, 0x9C50,
    0xA471, 0xA491, 0xA491, 0xA471, 0xA471, 0x9C50, 0x9430, 0x940F,
    0xB3A9, 0xBC0A, 0xCC6C, 0xD4EE, 0xDD30, 0xDD71, 0xDD92, 0xE5D3,
    0xE5F4, 0xEE15, 0xEE35, 0xEE55, 0xEE55, 0xEE55, 0xEE55, 0xEE14,
    0xE5F3, 0xE592, 0xDD30, 0xD4CD, 0xCC4B, 0xBBC8, 0xBB86, 0xBBA6,
    0xBBA7, 0xC3C7, 0xC3E7, 0xC3E7, 0xC3E7, 0xC3E8, 0xCC08, 0xCC08,
    0xCC28, 0xCC48, 0xD449, 0xD469, 0xD469, 0xD46A, 0xD48A, 0xD48A,
    0xCC8A, 0xCC8B, 0xCC8B, 0xCCAB, 0xCCAC, 0xCCAC, 0xCCAC, 0xCCAC,
    0xCCAC, 0xCCAC, 0xCCAC, 0xC4AD, 0xF610, 0xFDCC, 0xFD2A, 0xFD6C,
    0xF468, 0xF4EA, 0xECAA, 0xDB23, 0xDBC6, 0xE447, 0xF58C, 0xFDED,
    0xFDEE, 0xFE0E, 0xFE50, 0xFE0E, 0xFDED, 0xF54A, 0xD363, 0xBAC2,
    0xA221, 0xB261, 0xB261, 0xB241, 0xCB43, 0xE468, 0xE4EA, 0xDCA9,
    0xCC28, 0xB386, 0x79C2, 0x89C0, 0xC2E2, 0xB2A2, 0xBAA2, 0xC2C2,
    0xC2A2, 0xD343, 0xC2C2, 0xCB64, 0xFE30, 0xFE51, 0xFE72, 0xFE71,
    0xFE30, 0xFE0F, 0xFE0F, 0xFDAC, 0xEC87, 0xDB63, 0xD302, 0xCAE2,
    0xCB02, 0xDB63, 0xDB83, 0xE3A3, 0xF4C8, 0xFE50, 0xFE31, 0xFE10,
    0xFE0F, 0xFE51, 0xFE51, 0xFE52, 0xFE92, 0xFE92, 0xFE72, 0xFE51,
    0xFE92, 0xFE51, 0xFE93, 0xED4C, 0xF54C, 0xF5AE, 0xF54D, 0xFE51,
    0xFE93, 0xFEB4, 0xFE72, 0xFE51, 0xFE92, 0xFE72, 0xFE72, 0xFED4,
    0xFE72, 0xFE93, 0xFE93, 0xFEB4, 0xFE73, 0xFE72, 0xFE51, 0xFE72,
    0xFE71, 0xFE10, 0xFE50, 0xFE0F, 0xFD8C, 0xEC67, 0xE3C5, 0xDB64,
    0xDB84, 0xE384, 0xDB43, 0xF467, 0xFE50, 0xFE93, 0xFE93, 0xE468,
    0xE3C5, 0x9A42, 0x6920, 0x8160, 0x89A0, 0xA200, 0xBAA1, 0xC2C1,
    0xCAE1, 0xF54A, 0xFE0E, 0xFDEE, 0xFE0E, 0xFE0E, 0xFE2F, 0xFDEE,
    0xF54B, 0xF4C8, 0xFD29, 0xFDAC, 0xFDAC, 0xFE50, 0xFE92, 0xFE92,
    0xFF16, 0xFFBB, 0xF718, 0x942D, 0x83EB, 0x83EB, 0x7BC9, 0x7BC9,
    0x83CA, 0x83EA, 0x83EA, 0x8C0A, 0x8BEA, 0x8BCA, 0x83C9, 0x83C9,
    0x8BEA, 0x8BEB, 0x8C0B, 0x8BEB, 0x8BCA, 0x83A9, 0x7B88, 0x7366,
    0x7345, 0x7343, 0x7341, 0x7340, 0x7340, 0x7340, 0x7340, 0x6B20,
    0x6320, 0x6320, 0x6320, 0x6320, 0x5B00, 0x5AE0, 0x52E0, 0x5AE0,
    0x5AE0, 0x6322, 0x7366, 0x7B89, 0x8BCB, 0x93ED, 0x9C2E, 0x9C4F,
    0xA470, 0xA470, 0xA470, 0xA450, 0x9C30, 0x9C2F, 0x940E, 0x93EE,
    0xC409, 0xCC4A, 0xD48B, 0xD4ED, 0xDD2E, 0xDD4F, 0xE570, 0xE5B1,
    0xEDD2, 0xEDF3, 0xEE13, 0xEE13, 0xEE13, 0xEE13, 0xEE13, 0xEDF2,
    0xEDB1, 0xE570, 0xDD2E, 0xDCCC, 0xD46A, 0xCC28, 0xCC07, 0xCC07,
    0xCC28, 0xCC28, 0xD448, 0xD448, 0xD448, 0xD468, 0xD468, 0xD468,
    0xDC89, 0xDCA9, 0xDCA9, 0xDCA9, 0xDCA9, 0xDCAA, 0xDCAA, 0xDCCA,
    0xDCCA, 0xDCCB, 0xD4CB, 0xD4CB, 0xDCCB, 0xD4CC, 0xD4CC, 0xD4EC,
    0xD4EC, 0xD4EC, 0xD4CC, 0xDD0C, 0xFE71, 0xFD2A, 0xFCC9, 0xFDAE,
    0xFD8D, 0xFE92, 0xF50A, 0xFE30, 0xFE70, 0xFE0E, 0xFE2F, 0xFDCD,
    0xFE0E, 0xFDEE, 0xFDEE, 0xFDCD, 0xFD8B, 0xE426, 0xCAE2, 0xB281,
    0xAA20, 0xC2A1, 0xAA21, 0xAA21, 0xC2E3, 0xDBE6, 0xE4A9, 0xDCCA,
    0xC408, 0x9AE5, 0x7181, 0xB281, 0xBAA2, 0xB282, 0xC2C2, 0xBA82,
    0xCB03, 0xCB03, 0xC2C2, 0xF56C, 0xFE2F, 0xFE30, 0xFE92, 0xFE72,
    0xFE51, 0xFE51, 0xFE30, 0xFE2F, 0xFDCD, 0xF54B, 0xE446, 0xD343,
    0xD322, 0xE3E4, 0xEC86, 0xFD8B, 0xFE0F, 0xFE72, 0xFE51, 0xFE72,
    0xFE31, 0xFE51, 0xFE71, 0xFE52, 0xFE92, 0xFE72, 0xFE51, 0xFE51,
    0xFE72, 0xFE0F, 0xF52B, 0xD364, 0xDB64, 0xDBA4, 0xE3A4, 0xECA9,
    0xF58D, 0xFE93, 0xFE71, 0xFE30, 0xFE0F, 0xFE51, 0xFE72, 0xFEB4,
    0xFEB4, 0xFE93, 0xFE93, 0xFEB4, 0xFEB4, 0xFE93, 0xFE93, 0xFE93,
    0xFE93, 0xFE72, 0xFE51, 0xFE31, 0xFE72, 0xFE30, 0xF50B, 0xE3C5,
    0xDB84, 0xE3C4, 0xF4C8, 0xFDEE, 0xFEB4, 0xFE72, 0xFE31, 0xEC89,
    0xE3C5, 0xBAE4, 0x6900, 0x7960, 0x89A0, 0x99E0, 0xB240, 0xBA81,
    0xB220, 0xD383, 0xFDAC, 0xFE2F, 0xFE30, 0xFE71, 0xFE71, 0xFE71,
    0xFE71, 0xFEB2, 0xFE71, 0xFE71, 0xFE71, 0xFE92, 0xFEB3, 0xFEF5,
    0xFF38, 0xFF59, 0xFFDC, 0xD5F3, 0x7BA9, 0x7BC9, 0x7BA8, 0x7BA8,
    0x7BC9, 0x83C9, 0x83E9, 0x83E9, 0x83C8, 0x83A8, 0x7BA7, 0x7BA7,
    0x83A8, 0x8BC9, 0x8BCA, 0x8BEA, 0x83C9, 0x83A9, 0x7B87, 0x7366,
    0x7344, 0x7343, 0x7362, 0x7360, 0x7360, 0x7360, 0x7340, 0x6B20,
    0x6320, 0x6320, 0x6320, 0x6320, 0x5B00, 0x52E0, 0x52C0, 0x5AE0,
    0x5AE0, 0x6B22, 0x7366, 0x83A9, 0x8BCA, 0x93EC, 0x9C0D, 0xA42E,
    0xA44F, 0xA44F, 0xA42F, 0x9C2E, 0x9C0E, 0x93EE, 0x93EE, 0x8BCD,
    0xD469, 0xD489, 0xDCAB, 0xDCEC, 0xE52D, 0xE54E, 0xE56E, 0xED8F,
    0xEDB0, 0xEDD0, 0xEDD1, 0xEDD1, 0xEDD1, 0xEDD1, 0xEDD1, 0xEDB0,
    0xED8F, 0xE54E, 0xE52D, 0xE4EB, 0xDCAA, 0xDC88, 0xDC88, 0xDC68,
    0xDC88, 0xDCA9, 0xDCA9, 0xDCA9, 0xE4A9, 0xE4C9, 0xE4C9, 0xE4C9,
    0xE4E9, 0xE4E9, 0xE4EA, 0xE4EA, 0xE4EA, 0xE4EA, 0xE4EA, 0xE4EA,
    0xE4EA, 0xE4EA, 0xE4EB, 0xE50B, 0xE50B, 0xE50B, 0xE50B, 0xE50B,
    0xE50B, 0xE50C, 0xDCEB, 0xF5AE, 0xFEB2, 0xFD8C, 0xFE72, 0xFF16,
    0xFF15, 0xFE72, 0xFE2F, 0xFED2, 0xFE2F, 0xFE50, 0xFDED, 0xFE50,
    0xFE2F, 0xFDEE, 0xFDAC, 0xEC87, 0xE426, 0xC2E3, 0xCAC2, 0xB261,
    0xBA61, 0xB241, 0xAA21, 0xB241, 0xC2C2, 0xC303, 0xCB64, 0xD449,
    0xC3E8, 0x7203, 0x6960, 0xC2E2, 0xC2E2, 0xCB03, 0xC2C3, 0xC2C2,
    0xCAE3, 0xCAE2, 0xECEA, 0xFE71, 0xFE0F, 0xFE72, 0xFE92, 0xFE72,
    0xFE51, 0xFE30, 0xFE50, 0xFE30, 0xFE50, 0xF5CD, 0xF4E9, 0xECE9,
    0xF509, 0xF56B, 0xFE0F, 0xFE30, 0xFE72, 0xFE93, 0xFE0F, 0xFE72,
    0xFE72, 0xFE51, 0xFE71, 0xFE51, 0xFE72, 0xFE51, 0xFE10, 0xF630,
    0xF54C, 0xEC88, 0xE3C5, 0xD343, 0xDB43, 0xD343, 0xDB43, 0xE384,
    0xEBE4, 0xFD8D, 0xFEB3, 0xFE93, 0xFE93, 0xFE30, 0xFE51, 0xFE72,
    0xFEB3, 0xFEB4, 0xFEB4, 0xFE93, 0xFEB4, 0xFE93, 0xFE72, 0xFE93,
    0xFEB3, 0xFEB3, 0xFE93, 0xFE72, 0xFE72, 0xFE92, 0xFE72, 0xF58D,
    0xF4C9, 0xF509, 0xFE30, 0xFE71, 0xFED5, 0xFEF5, 0xFDF0, 0xDBA5,
    0xE3A5, 0xD364, 0x91E1, 0x8160, 0x8180, 0x89A0, 0xA200, 0xAA20,
    0xAA20, 0xCAE1, 0xF508, 0xFE0F, 0xFE71, 0xFE71, 0xFE71, 0xFE71,
    0xFE71, 0xFE92, 0xFEB3, 0xFEB3, 0xFE92, 0xFE92, 0xFEB3, 0xFEF5,
    0xFF58, 0xFF59, 0xFF37, 0xFF17, 0x946B, 0x7387, 0x7BA7, 0x7BA7,
    0x7BA7, 0x83C8, 0x83C8, 0x83C8, 0x7BA7, 0x7B86, 0x7B86, 0x7B86,
    0x83A7, 0x83A8, 0x8BC9, 0x8BC9, 0x83C9, 0x83A8, 0x7B87, 0x7B66,
    0x7364, 0x7363, 0x7362, 0x7361, 0x7B81, 0x7B81, 0x7360, 0x6B40,
    0x6B20, 0x6320, 0x6320, 0x6320, 0x5B00, 0x52E0, 0x52C0, 0x5AC0,
    0x5AE0, 0x6B22, 0x7B66, 0x83A8, 0x8BCA, 0x93EB, 0x9C0D, 0x9C0D,
    0xA42E, 0xA40E, 0x9C0D, 0x9BED, 0x93ED, 0x93CD, 0x8BAC, 0x8BAC,
    0xE4C9, 0xE4C9, 0xE4CA, 0xE50B, 0xE52C, 0xED4C, 0xED6D, 0xED6D,
    0xED8E, 0xED8E, 0xED8E, 0xED8E, 0xED8E, 0xED8E, 0xED8E, 0xED8E,
    0xED6D, 0xED4C, 0xED2B, 0xE50A, 0xE4E9, 0xE4E9, 0xE4E9, 0xE4E9,
    0xE4E9, 0xE4E9, 0xECE9, 0xED09, 0xED09, 0xED09, 0xED09, 0xED0A,
    0xED2A, 0xED2A, 0xED2A, 0xED2A, 0xED2A, 0xED2A, 0xED2A, 0xED2A,
    0xED2A, 0xED2B, 0xED2B, 0xED2B, 0xED2B, 0xED2B, 0xED2B, 0xED2B,
    0xE52B, 0xE52B, 0xED0B, 0xFE73, 0xFF37, 0xFF16, 0xFF37, 0xFEF5,
    0xFED4, 0xFE51, 0xFEB3, 0xFE2F, 0xFE2F, 0xFE2F, 0xFE50, 0xFE2F,
    0xFE2F, 0xFE0E, 0xF529, 0xD343, 0xC2A2, 0xBA61, 0xBA61, 0xAA21,
    0xB241, 0xBA61, 0xB261, 0xBA61, 0xBA61, 0xB220, 0xAA41, 0xCBE7,
    0xBBA7, 0x61A1, 0x89E1, 0xCB03, 0xD364, 0xCB03, 0xC2C3, 0xCB03,
    0xCAE2, 0xECA8, 0xFE51, 0xFE50, 0xFE30, 0xFE71, 0xFE72, 0xFE71,
    0xFE50, 0xFE51, 0xFE51, 0xFE51, 0xFE0F, 0xFDAC, 0xFDCD, 0xFE2F,
    0xFE50, 0xFE50, 0xFE51, 0xFE30, 0xFE52, 0xFE72, 0xFDCE, 0xFE72,
    0xFE31, 0xFE72, 0xFE30, 0xFDEF, 0xFE10, 0xFE51, 0xF5AE, 0xF54C,
    0xD364, 0xD323, 0xD323, 0xD302, 0xDB63, 0xE383, 0xDB22, 0xDB22,
    0xE363, 0xF425, 0xFE30, 0xFE93, 0xFE72, 0xFE72, 0xFE73, 0xFE31,
    0xFE93, 0xFE93, 0xFEB4, 0xFEB4, 0xFE93, 0xFE51, 0xFE52, 0xFE93,
    0xFE72, 0xFE93, 0xFE72, 0xFE92, 0xFEB4, 0xFE51, 0xFE72, 0xFE52,
    0xFE10, 0xFE51, 0xFE72, 0xFE93, 0xFEB4, 0xFEF6, 0xFE93, 0xDBC6,
    0xCB03, 0xDB65, 0xA242, 0x7120, 0x7960, 0x89A0, 0x99C0, 0xA200,
    0xAA20, 0xCB02, 0xFD8C, 0xFE0E, 0xFE0F, 0xFE50, 0xFE71, 0xFE50,
    0xFE50, 0xFE92, 0xFE50, 0xFDCE, 0xF52B, 0xF4C8, 0xFD2A, 0xFDCD,
    0xFEB4, 0xFF79, 0xFEF6, 0xFE51, 0xDDAF, 0x7BC6, 0x7BC7, 0x73A6,
    0x7BA7, 0x7BA7, 0x83C7, 0x7BA6, 0x7385, 0x7364, 0x7365, 0x7B86,
    0x83A8, 0x8BC9, 0x8BCA, 0x8BCA, 0x8BC9, 0x83A8, 0x8387, 0x7B86,
    0x7B65, 0x7364, 0x7363, 0x7362, 0x7B82, 0x7B82, 0x7360, 0x6B40,
    0x6B20, 0x6320, 0x6320, 0x6300, 0x5AE0, 0x5AC0, 0x5AC0, 0x5AC0,
    0x62E0, 0x6B23, 0x7B66, 0x8388, 0x8BA9, 0x93CB, 0x9BEC, 0x9C0D,
    0x9C0D, 0x9BED, 0x9BEC, 0x93CC, 0x8B8B, 0x8B8B, 0x836B, 0x836B,
    0xED0A, 0xED0A, 0xED0A, 0xED2A, 0xED2B, 0xED4B, 0xED6B, 0xED6C,
    0xED6C, 0xED6C, 0xED6C, 0xED6C, 0xED6C, 0xED6C, 0xED6C, 0xED4C,
    0xED4B, 0xED4B, 0xED2A, 0xED2A, 0xED2A, 0xED2A, 0xED2A, 0xED2A,
    0xED2A, 0xED2A, 0xED4A, 0xF54A, 0xF54A, 0xF54A, 0xF54A, 0xF54A,
    0xF54A, 0xF54A, 0xF54A, 0xF54A, 0xF56A, 0xF54A, 0xF54B, 0xED4B,
    0xED4A, 0xED4B, 0xED4B, 0xF54B, 0xED4B, 0xED4B, 0xED4B, 0xED4B,
    0xED4B, 0xED2B, 0xFE32, 0xFF9A, 0xFF58, 0xFF16, 0xFF16, 0xFF36,
    0xFEB3, 0xFEB3, 0xFE92, 0xFE2F, 0xFE50, 0xFE50, 0xFE30, 0xFDED,
    0xFE0E, 0xFE0D, 0xF4A7, 0xC2C2, 0xBA61, 0xBA61, 0x99C0, 0xAA21,
    0xBAA2, 0xBA82, 0xBA82, 0xBA61, 0xB241, 0xAA21, 0x9A00, 0xBB65,
    0xBBC7, 0x6981, 0x9A01, 0xC2E3, 0xCB44, 0xD344, 0xD344, 0xEC26,
    0xF4E9, 0xFE0F, 0xFE30, 0xFE50, 0xFE30, 0xFE50, 0xFE71, 0xFE71,
    0xFE50, 0xFE51, 0xFE30, 0xFE30, 0xFDEE, 0xFE0F, 0xFE50, 0xFE71,
    0xFE72, 0xFE72, 0xFE31, 0xFE30, 0xFE71, 0xFE71, 0xFE0F, 0xFE51,
    0xFE52, 0xFE92, 0xFDCE, 0xF50B, 0xECCA, 0xF50B, 0xECA8, 0xE405,
    0xC2C2, 0xBAA2, 0xCB03, 0xD303, 0xD322, 0xDB23, 0xD2E2, 0xCAE2,
    0xDB43, 0xEBC4, 0xFD0A, 0xFE92, 0xFE93, 0xFE73, 0xFE73, 0xFE52,
    0xFE52, 0xFE72, 0xFE72, 0xFEB4, 0xFE93, 0xFE72, 0xFE31, 0xFE73,
    0xFE73, 0xFE72, 0xFE72, 0xFE73, 0xFE93, 0xFE72, 0xFDEF, 0xFE72,
    0xFE72, 0xFEB4, 0xFEB4, 0xFE93, 0xFEB4, 0xFEF6, 0xFE73, 0xE448,
    0xD364, 0xE3A5, 0xAA62, 0x58E0, 0x7960, 0x91A0, 0xA200, 0xAA20,
    0xB240, 0xCB43, 0xF56B, 0xFDEE, 0xFDED, 0xFE0E, 0xFE2F, 0xFE50,
    0xFE30, 0xFE92, 0xF5AE, 0xE3E6, 0xE406, 0xE3A4, 0xEBA4, 0xF446,
    0xFCC8, 0xFDEE, 0xFF58, 0xFE72, 0xFDCE, 0xA469, 0x73A6, 0x73A6,
    0x73A5, 0x7BA6, 0x7BA6, 0x7385, 0x7365, 0x7365, 0x7B86, 0x83A8,
    0x8BC9, 0x93EB, 0x93EB, 0x93EB, 0x8BCA, 0x8BA9, 0x83A8, 0x7B87,
    0x7B86, 0x7B65, 0x7363, 0x7362, 0x7B62, 0x7B62, 0x7361, 0x6B40,
    0x6320, 0x6300, 0x6300, 0x6300, 0x5AE0, 0x5AC0, 0x5AC0, 0x5AE0,
    0x62E1, 0x6B04, 0x7B46, 0x8368, 0x8B89, 0x93CB, 0x9BEC, 0x9BEC,
    0x9BEC, 0x9BCC, 0x93AC, 0x8B8B, 0x834A, 0x832A, 0x7B2A, 0x7B2A,
    0xF54A, 0xF54A, 0xF54A, 0xF54A, 0xF56B, 0xF54B, 0xF54A, 0xF54A,
    0xF54A, 0xED4A, 0xED4A, 0xED4A, 0xED4A, 0xED4A, 0xED4A, 0xED4A,
    0xF52A, 0xED2A, 0xED4A, 0xED4A, 0xF54A, 0xF54A, 0xF54A, 0xF54A,
    0xF54A, 0xF56A, 0xF56A, 0xF56A, 0xF56B, 0xF58B, 0xF58B, 0xF58B,
    0xF58B, 0xF58B, 0xF58B, 0xF58A, 0xF56B, 0xF56B, 0xF56B, 0xF56B,
    0xF56B, 0xF56B, 0xF56B, 0xF56B, 0xF56B, 0xF56B, 0xF56B, 0xF56B,
    0xED4B, 0xF5AE, 0xFF9B, 0xFF9A, 0xFF58, 0xFF16, 0xFF37, 0xFF16,
    0xFE72, 0xFEB3, 0xFE50, 0xFE71, 0xFE50, 0xFE50, 0xFDEE, 0xFE0E,
    0xFE0E, 0xFDED, 0xF509, 0xD343, 0xC281, 0xBA61, 0xB262, 0xAA42,
    0xBAA2, 0xB262, 0xA201, 0xB241, 0xAA00, 0xAA41, 0xA241, 0xB2E3,
    0xAB26, 0x7980, 0xAA41, 0xBAC3, 0xC303, 0xDB84, 0xF4EA, 0xFDCD,
    0xFDEE, 0xFE30, 0xFE30, 0xFE30, 0xFE51, 0xFE92, 0xFE50, 0xF56C,
    0xFE10, 0xFE30, 0xFE51, 0xFE0F, 0xFE30, 0xFE51, 0xFE71, 0xFE92,
    0xFE30, 0xFE72, 0xFE30, 0xFE30, 0xFE71, 0xFE50, 0xFE51, 0xFE31,
    0xFE51, 0xF58D, 0xED0B, 0xE468, 0xDB64, 0xD384, 0xDBA5, 0xCAC2,
    0xD303, 0xCAE2, 0xCAC2, 0xC2C2, 0xD323, 0xD2E2, 0xBA62, 0xC2A2,
    0xD323, 0xDB63, 0xEBE5, 0xFD4B, 0xFE73, 0xFE52, 0xFE52, 0xFE51,
    0xFE51, 0xFE72, 0xFE93, 0xFE72, 0xFE93, 0xFE72, 0xFE52, 0xF56D,
    0xF52B, 0xFDEF, 0xFE51, 0xFE73, 0xFE93, 0xFE72, 0xFE51, 0xFE31,
    0xFE73, 0xFEB4, 0xFE93, 0xFE93, 0xFE31, 0xFE93, 0xF58E, 0xDBA5,
    0xDB85, 0xE3A5, 0xC304, 0x48E0, 0x5900, 0x8180, 0x91C0, 0xAA41,
    0xAA40, 0xC2E1, 0xED09, 0xF58B, 0xFDCD, 0xFE2F, 0xFE2E, 0xFE0E,
    0xFE0E, 0xFE71, 0xFDAD, 0xDBA4, 0xD343, 0xD323, 0xD343, 0xEC05,
    0xF467, 0xFC65, 0xFDAD, 0xFF57, 0xFE51, 0xD4EA, 0x7385, 0x73A5,
    0x73A5, 0x73A5, 0x7BA5, 0x7385, 0x7385, 0x7B86, 0x83A8, 0x8BCA,
    0x93EB, 0x940C, 0x9C0C, 0x9C0C, 0x93EB, 0x8BCA, 0x8BA9, 0x8389,
    0x7B87, 0x7B66, 0x7344, 0x7342, 0x7340, 0x7341, 0x7341, 0x6B20,
    0x6300, 0x5AE0, 0x62E0, 0x6300, 0x62E0, 0x62E0, 0x62E0, 0x62E0,
    0x6AE2, 0x7325, 0x7B47, 0x8368, 0x8B89, 0x93AA, 0x9BCC, 0x9BCC,
    0x9BCC, 0x93AB, 0x8B8B, 0x834A, 0x832A, 0x7B09, 0x72E9, 0x72E9,
    0xF56B, 0xF56B, 0xF56B, 0xF56B, 0xF56B, 0xF56B, 0xF56A, 0xF54A,
    0xF54A, 0xF54A, 0xF54A, 0xF54A, 0xED4A, 0xED4A, 0xF54A, 0xF54A,
    0xF54A, 0xF54A, 0xF54A, 0xF54A, 0xF54A, 0xF56A, 0xF56A, 0xF56A,
    0xF56A, 0xF56B, 0xF56B, 0xF58B, 0xF58B, 0xF58B, 0xFD8B, 0xFD8B,
    0xFD8B, 0xFD8B, 0xFD8B, 0xFD8B, 0xF58B, 0xF58B, 0xF58B, 0xF56B,
    0xF56B, 0xF56B, 0xF56B, 0xF56B, 0xF56B, 0xF56B, 0xF56B, 0xF56B,
    0xF54A, 0xFED5, 0xFFBB, 0xFF99, 0xFF37, 0xFEF5, 0xFE31, 0xFD4B,
    0xF58D, 0xFDAE, 0xFDEE, 0xFE92, 0xFE72, 0xFE50, 0xFE2F, 0xFE50,
    0xFDED, 0xFDCC, 0xF4E9, 0xD2E2, 0xC2A1, 0xBA61, 0xBA82, 0xB262,
    0xB282, 0xB261, 0xAA20, 0xB221, 0xAA41, 0xAA41, 0xA220, 0x9A41,
    0x71C1, 0x7160, 0xAA62, 0xAA41, 0xC303, 0xF52B, 0xFDEF, 0xFE0F,
    0xFE0F, 0xFE30, 0xFE0F, 0xFE30, 0xFE51, 0xF58D, 0xE406, 0xDBA5,
    0xF54C, 0xF5AE, 0xFE30, 0xFE0F, 0xFE51, 0xFE71, 0xFE71, 0xFE71,
    0xFE30, 0xFE51, 0xFE51, 0xFE10, 0xFE50, 0xFE72, 0xFE51, 0xFE30,
    0xF52C, 0xE407, 0xE3A5, 0xE3E6, 0xDB64, 0xBA82, 0xBA62, 0xC281,
    0xCAC2, 0xD302, 0xCAC2, 0xBAA2, 0xCB03, 0xCB03, 0xC2C2, 0xCAE2,
    0xDB43, 0xD303, 0xDB43, 0xF467, 0xFE51, 0xFE93, 0xFE31, 0xFE10,
    0xFE31, 0xFE51, 0xFE52, 0xFE94, 0xFEB4, 0xF58E, 0xECEA, 0xE468,
    0xE3C5, 0xEC06, 0xEC68, 0xF4EA, 0xF58E, 0xFE31, 0xFE93, 0xFE93,
    0xFE72, 0xFE72, 0xFEB4, 0xFEB4, 0xFE72, 0xFE93, 0xF58E, 0xDBC6,
    0xE3C6, 0xE3C6, 0xD344, 0x6140, 0x48C0, 0x7980, 0x8180, 0x89A0,
    0x91A0, 0xBAA1, 0xECE9, 0xF54A, 0xFDAC, 0xFE2F, 0xFE2F, 0xFE50,
    0xF52B, 0xE489, 0xE447, 0xDB84, 0xD343, 0xDB43, 0xDB43, 0xDB84,
    0xEC05, 0xF487, 0xFC86, 0xFE30, 0xFF37, 0xFDCE, 0x93E6, 0x6B64,
    0x73A5, 0x7BA6, 0x7BA7, 0x7BA7, 0x7BA7, 0x83C8, 0x8BEA, 0x93EB,
    0x940C, 0x9C2D, 0x9C2D, 0x9C2D, 0x9C0D, 0x93EC, 0x8BCB, 0x83AA,
    0x7B68, 0x7B46, 0x7324, 0x6B02, 0x6B00, 0x6B00, 0x6B00, 0x6300,
    0x62C0, 0x5AC0, 0x62E0, 0x62E0, 0x62E0, 0x62E0, 0x62E0, 0x62E1,
    0x6AE4, 0x7326, 0x7B47, 0x8369, 0x8B8A, 0x93AB, 0x9BCC, 0x9BCC,
    0x93CC, 0x938B, 0x8B6B, 0x832A, 0x7B09, 0x72C8, 0x6AA8, 0x6AA8,
    0xF56B, 0xF56B, 0xF56B, 0xF56B, 0xF56A, 0xF56A, 0xF54A, 0xF54A,
    0xF54A, 0xF54A, 0xF54A, 0xED4A, 0xED2A, 0xED2A, 0xED4A, 0xED4A,
    0xED2A, 0xED4A, 0xED4A, 0xED4A, 0xF54A, 0xF54A, 0xF54A, 0xF54A,
    0xF54A, 0xF54A, 0xF56A, 0xF56B, 0xF56B, 0xF56B, 0xF56B, 0xF56B,
    0xF56B, 0xF58B, 0xF58B, 0xF58B, 0xF56A, 0xF56A, 0xF56B, 0xF56B,
    0xF54B, 0xF54A, 0xED4A, 0xED4A, 0xED4A, 0xED4A, 0xED4B, 0xED2A,
    0xF5EF, 0xFFBB, 0xFF57, 0xFE31, 0xFD6C, 0xFD8D, 0xF488, 0xEC68,
    0xECA9, 0xECCA, 0xFE10, 0xFE72, 0xFE51, 0xFE0E, 0xFE0E, 0xFDED,
    0xFD8B, 0xFD8B, 0xF54A, 0xE406, 0xD302, 0xC2A2, 0xBA61, 0xBA82,
    0xC282, 0xBA81, 0xBA61, 0xAA21, 0xA201, 0xA220, 0xA220, 0x7960,
    0x50E0, 0x8180, 0xB261, 0xC2E3, 0xE4EA, 0xFE0F, 0xFE10, 0xFE30,
    0xFE0F, 0xFE30, 0xFE30, 0xF58C, 0xEC67, 0xDB63, 0xCAC2, 0xDB84,
    0xDBA4, 0xECA9, 0xF54C, 0xF5AE, 0xFE30, 0xFE50, 0xFE51, 0xFE71,
    0xFE50, 0xFE30, 0xFE51, 0xFE51, 0xFE51, 0xFE51, 0xFE30, 0xF54B,
    0xDB85, 0xD303, 0xDB63, 0xDB43, 0xCB03, 0xBA61, 0xAA01, 0xC261,
    0xCAA1, 0xCAC2, 0xC2A2, 0xCAE2, 0xCB02, 0xC2A2, 0xC2C2, 0xCB03,
    0xDB43, 0xD303, 0xD323, 0xEC25, 0xFDEF, 0xFE94, 0xFE93, 0xFE51,
    0xFE10, 0xFE51, 0xFE72, 0xFE93, 0xFE93, 0xED0B, 0xDB64, 0xD344,
    0xDB84, 0xE3E5, 0xE3C5, 0xE3A4, 0xEBC4, 0xEC67, 0xFD6C, 0xFE10,
    0xFE30, 0xFE52, 0xFEB4, 0xFEB5, 0xFE93, 0xFE93, 0xF5F0, 0xDBA5,
    0xE3A6, 0xEBE6, 0xE385, 0x9201, 0x5900, 0x7160, 0x7140, 0x7980,
    0x99E0, 0xD3C5, 0xF54A, 0xF54A, 0xF56B, 0xFE2E, 0xFE0E, 0xFE4F,
    0xF54C, 0xC2E2, 0xBA81, 0xCAE2, 0xD323, 0xE384, 0xDB84, 0xDB63,
    0xDB84, 0xEC05, 0xFC87, 0xFD8B, 0xFF57, 0xFED5, 0xED8D, 0x7BC5,
    0x73A6, 0x7BC7, 0x7BC8, 0x83C8, 0x83E9, 0x8BEA, 0x940B, 0x940C,
    0x9C2D, 0xA44E, 0xA44E, 0xA44E, 0x9C2E, 0x9C0D, 0x93CC, 0x83AA,
    0x7B69, 0x7327, 0x6B05, 0x62C2, 0x62C0, 0x62C0, 0x62C0, 0x62C0,
    0x5AA0, 0x5AA0, 0x62C0, 0x62E0, 0x62E0, 0x62C0, 0x62C0, 0x6AC2,
    0x7305, 0x7B27, 0x8349, 0x8B6A, 0x93AB, 0x93CC, 0x9BED, 0x9BED,
    0x9BCD, 0x93AC, 0x8B6B, 0x832A, 0x7B09, 0x72C9, 0x6AA8, 0x6288,
    0xED4A, 0xED4A, 0xF54A, 0xF54A, 0xF54A, 0xF54A, 0xF52A, 0xF52A,
    0xED2A, 0xED2A, 0xED0A, 0xED0A, 0xED0A, 0xED0A, 0xED0A, 0xED0A,
    0xED0A, 0xED0A, 0xED0A, 0xED0A, 0xED0A, 0xED0A, 0xED2A, 0xED2A,
    0xED0A, 0xED2A, 0xED2A, 0xED2A, 0xED2A, 0xED2A, 0xED2A, 0xED2A,
    0xED2A, 0xED4A, 0xED4A, 0xF54A, 0xF54A, 0xED2A, 0xED2A, 0xED2A,
    0xED2A, 0xED2A, 0xED0A, 0xED0A, 0xED0A, 0xED0A, 0xED0A, 0xED0A,
    0xFF36, 0xFEF5, 0xFD6B, 0xFCC9, 0xFD8D, 0xF489, 0xE3E6, 0xEC48,
    0xE407, 0xDBC6, 0xEC48, 0xECEA, 0xFE0E, 0xFDEE, 0xFDCD, 0xFDAB,
    0xFE0E, 0xFDED, 0xFDED, 0xFDCD, 0xDBC5, 0xCAC2, 0xD303, 0xC282,
    0xCAA2, 0xCAC2, 0xB241, 0xA201, 0x81A1, 0x91C0, 0x99C0, 0x6100,
    0x4060, 0x8980, 0xC324, 0xED4C, 0xFDEF, 0xF5EE, 0xFE0F, 0xFE0F,
    0xFE30, 0xFE51, 0xF52A, 0xDBC5, 0xCAE2, 0xBAA2, 0xC2A2, 0xD302,
    0xCAC2, 0xD343, 0xDBC5, 0xF58D, 0xFE51, 0xFE71, 0xFE71, 0xFE30,
    0xFE10, 0xFE30, 0xFE72, 0xFE51, 0xFE72, 0xFE51, 0xF52B, 0xDB84,
    0xD2E2, 0xD302, 0xC2A2, 0xCAE3, 0xC2A2, 0xBA82, 0xBA81, 0xB241,
    0xBA81, 0xBA81, 0xC2A2, 0xCAE2, 0xC2C2, 0xCAC2, 0xD2E2, 0xCAE2,
    0xDB43, 0xD323, 0xD323, 0xEBE5, 0xFD4B, 0xFE72, 0xFE72, 0xFE72,
    0xFE31, 0xFE51, 0xFE93, 0xFE93, 0xFE10, 0xEC89, 0xDBA5, 0xD344,
    0xD344, 0xDB85, 0xE3C5, 0xDB63, 0xE3C5, 0xE3A4, 0xEC05, 0xF487,
    0xF4EA, 0xF4A8, 0xFDEF, 0xFED5, 0xFEB4, 0xFE73, 0xFE72, 0xE448,
    0xD324, 0xE3A5, 0xEBE6, 0xC2E3, 0x6120, 0x58E0, 0x7140, 0x8180,
    0xAA81, 0xECE9, 0xF54B, 0xF54B, 0xF56B, 0xFE0E, 0xFE2E, 0xFDED,
    0xE467, 0xCAE2, 0xBAA2, 0xC2A2, 0xCB02, 0xD323, 0xDB84, 0xE384,
    0xE3C5, 0xE3A4, 0xF426, 0xFCE8, 0xFED3, 0xFF58, 0xFE92, 0xBCEB,
    0x73A7, 0x83E9, 0x83E9, 0x83EA, 0x8C0A, 0x940B, 0x942C, 0x9C2D,
    0xA44E, 0xA44F, 0xA46F, 0xA46F, 0xA44F, 0x9C0E, 0x93CC, 0x838B,
    0x7B49, 0x7307, 0x62C5, 0x5A81, 0x5A60, 0x5A80, 0x62A0, 0x5AA0,
    0x5A80, 0x5AA0, 0x62C0, 0x62E0, 0x62C0, 0x62A0, 0x62A0, 0x6AC3,
    0x72E6, 0x7B28, 0x836A, 0x8B8B, 0x93CC, 0x9BED, 0x9C0E, 0x9C0D,
    0x9BED, 0x93AC, 0x8B8C, 0x834B, 0x7B0A, 0x72E9, 0x6AA9, 0x6AA8,
    0xE4EA, 0xE4E9, 0xE4E9, 0xECEA, 0xECEA, 0xECE9, 0xE4E9, 0xE4E9,
    0xE4E9, 0xE4E9, 0xE4C9, 0xE4C9, 0xE4C9, 0xE4C9, 0xE4C9, 0xE4C9,
    0xE4C9, 0xE4A9, 0xE4A9, 0xE4A9, 0xE4C9, 0xE4C9, 0xE4C9, 0xE4C9,
    0xE4C9, 0xE4C9, 0xE4C9, 0xE4C9, 0xE4C9, 0xE4C9, 0xE4C9, 0xE4C9,
    0xE4C9, 0xE4E9, 0xE4E9, 0xE4E9, 0xE4E9, 0xE4C9, 0xE4C9, 0xE4C9,
    0xE4C9, 0xE4C9, 0xE4A9, 0xE4C9, 0xE4C9, 0xE4CA, 0xDCA9, 0xE50B,
    0xFEF5, 0xFD0A, 0xFCA9, 0xFD2C, 0xF4A9, 0xEC27, 0xEC68, 0xDB65,
    0xCAE3, 0xDB85, 0xDB85, 0xEC89, 0xFD8D, 0xFE0E, 0xFDEE, 0xFE0E,
    0xFE2F, 0xFDED, 0xFE0E, 0xFE0E, 0xECA8, 0xD343, 0xCAC2, 0xBA82,
    0xBA82, 0xC281, 0xBA61, 0xAA41, 0x81A1, 0x89A0, 0x91C0, 0x6920,
    0x5100, 0x9221, 0xDCCA, 0xF60F, 0xF5EF, 0xFE0F, 0xFE0F, 0xFE30,
    0xFE51, 0xF58C, 0xE3E5, 0xC303, 0xB282, 0xB261, 0xC281, 0xCAC2,
    0xC2C2, 0xC2E2, 0xD3A5, 0xF4C9, 0xFE0F, 0xFE51, 0xFE72, 0xFE71,
    0xFE51, 0xFE51, 0xFE72, 0xFE30, 0xFE51, 0xFDCE, 0xDBA4, 0xD302,
    0xD303, 0xD302, 0xC2C2, 0xB262, 0xB242, 0xCAC2, 0xC2C2, 0xBAA2,
    0xC2A2, 0xC2A1, 0xC282, 0xC2C2, 0xD323, 0xD323, 0xCAA2, 0xD2E2,
    0xCAE2, 0xCAE2, 0xD343, 0xE3C5, 0xF4E9, 0xFE0F, 0xFE72, 0xFE51,
    0xFE93, 0xFE31, 0xFE52, 0xFE72, 0xF5AE, 0xE3E6, 0xD303, 0xD364,
    0xD343, 0xCB23, 0xE3A4, 0xDB64, 0xE3A4, 0xEC06, 0xEBE5, 0xE3E5,
    0xEC06, 0xEBE5, 0xEBE4, 0xFD6C, 0xFE92, 0xFEB4, 0xFED5, 0xE4CB,
    0xCB03, 0xCB24, 0xDB85, 0xDBC5, 0x7181, 0x48A0, 0x6900, 0x99E0,
    0xDC06, 0xED0A, 0xED4B, 0xF56B, 0xF56B, 0xFDED, 0xFE2F, 0xFDCD,
    0xDBC4, 0xC2A1, 0xC2A1, 0xC2A1, 0xD302, 0xDB43, 0xDB64, 0xDB63,
    0xE3A4, 0xE3C4, 0xEBE5, 0xFC86, 0xFDED, 0xFF78, 0xFE93, 0xFDCE,
    0x9C4A, 0x83EA, 0x8C0B, 0x8C0B, 0x942C, 0x942C, 0x9C4D, 0xA44F,
    0xA46F, 0xAC70, 0xAC70, 0xAC70, 0xA44F, 0x9C0E, 0x8BCD, 0x838B,
    0x7B29, 0x6AC7, 0x6284, 0x5A41, 0x5220, 0x5240, 0x5A60, 0x5A60,
    0x5A60, 0x5A80, 0x62A0, 0x62A0, 0x62A1, 0x6280, 0x6280, 0x6AA3,
    0x72E7, 0x7B29, 0x836A, 0x93AC, 0x9BED, 0x9C0E, 0xA42E, 0xA40E,
    0x9C0E, 0x93CD, 0x8B8C, 0x836B, 0x7B2B, 0x7B0A, 0x72E9, 0x6AC9,
    0xD468, 0xD468, 0xD468, 0xDC68, 0xDC68, 0xDC68, 0xDC89, 0xDC88,
    0xDC68, 0xD468, 0xD468, 0xD468, 0xD468, 0xD468, 0xD448, 0xD448,
    0xD448, 0xD448, 0xD428, 0xD428, 0xD428, 0xD428, 0xD428, 0xD448,
    0xD448, 0xD448, 0xD448, 0xD448, 0xD448, 0xD468, 0xD448, 0xD448,
    0xD448, 0xD468, 0xD468, 0xD468, 0xD448, 0xD448, 0xD448, 0xD448,
    0xD448, 0xD448, 0xD448, 0xD448, 0xD468, 0xD469, 0xD468, 0xF611,
    0xFE0F, 0xFCE9, 0xFCEA, 0xFD0A, 0xEC27, 0xEC27, 0xEC06, 0xDB64,
    0xDB85, 0xE3E7, 0xD324, 0xDB85, 0xEC47, 0xFDEE, 0xFE0E, 0xFE0E,
    0xFE0E, 0xFDAC, 0xFDCD, 0xFDAC, 0xFDAC, 0xEC87, 0xD302, 0xB241,
    0xAA21, 0xC2A2, 0xAA21, 0x99C0, 0x89A0, 0x8180, 0x89A0, 0x6120,
    0x8243, 0xC3E7, 0xED4C, 0xF5CE, 0xFE0F, 0xFE30, 0xFE0F, 0xFDEF,
    0xF52A, 0xEC05, 0xCB03, 0xB282, 0xB241, 0xB241, 0xC281, 0xC2A1,
    0xBA82, 0xBAA2, 0xDB43, 0xE3A4, 0xF50A, 0xFE72, 0xFE72, 0xFE92,
    0xFE92, 0xFE30, 0xFE10, 0xFE30, 0xFE51, 0xECE9, 0xCAE2, 0xCAE3,
    0xD323, 0xD323, 0xB282, 0xA222, 0xC2C2, 0xCAA1, 0xCAE2, 0xCAE2,
    0xC2C2, 0xC2C2, 0xC2C2, 0xCAC2, 0xD323, 0xDB43, 0xD303, 0xD303,
    0xBAA2, 0xC2A2, 0xD323, 0xE383, 0xF4C9, 0xFDEF, 0xFE72, 0xFE93,
    0xFE72, 0xFE31, 0xFDF0, 0xFE72, 0xED0B, 0xD344, 0xD344, 0xDB64,
    0xD344, 0xBA82, 0xD323, 0xE3A5, 0xDB63, 0xE3A4, 0xE3A5, 0xE3C5,
    0xE3C5, 0xE3E5, 0xE384, 0xEBE3, 0xFDCD, 0xFEB3, 0xFED5, 0xF5F0,
    0xDBA5, 0xDB65, 0xDBC6, 0xE3C5, 0x9222, 0x48A0, 0x60E0, 0xA241,
    0xE488, 0xED0A, 0xED4B, 0xF56B, 0xED2A, 0xFD8C, 0xF56C, 0xECC9,
    0xD384, 0xBA61, 0xC2A1, 0xC281, 0xCB02, 0xD323, 0xDB63, 0xDB43,
    0xE364, 0xE384, 0xEBE5, 0xFC87, 0xFD28, 0xFED3, 0xFEB3, 0xFD4B,
    0xDD0C, 0x8C0B, 0x942C, 0x942C, 0x9C2C, 0x9C4D, 0xA44E, 0xA46F,
    0xA470, 0xAC90, 0xAC90, 0xAC90, 0xA450, 0x9C2F, 0x8BCD, 0x836B,
    0x7309, 0x6AA7, 0x5A44, 0x5201, 0x5200, 0x5220, 0x5240, 0x5A40,
    0x5A60, 0x5A80, 0x6280, 0x6280, 0x6280, 0x6260, 0x6261, 0x6AA4,
    0x72E7, 0x7B29, 0x8B6B, 0x93CC, 0x9BEE, 0xA42E, 0xA44F, 0xA42F,
    0x9C0E, 0x9BEE, 0x93CD, 0x8B8C, 0x836C, 0x7B2B, 0x730A, 0x72EA,
    0xC3C7, 0xC3E7, 0xC3E7, 0xC3C7, 0xC3E7, 0xC3E7, 0xC3E8, 0xC3E8,
    0xC3E8, 0xC3E8, 0xC3E8, 0xC3E7, 0xC3E8, 0xC3E8, 0xC3C7, 0xBBC7,
    0xBBC7, 0xBBC7, 0xBBA7, 0xBBA7, 0xBBA7, 0xBBA7, 0xBBA7, 0xBBA7,
    0xBBA7, 0xC3C7, 0xC3C7, 0xC3C7, 0xC3E7, 0xC3C7, 0xC3C7, 0xC3C7,
    0xC3C6, 0xC3C7, 0xC3C7, 0xC3C7, 0xC3A6, 0xC3A7, 0xC3A7, 0xC3C7,
    0xC3C7, 0xC3C7, 0xC3C7, 0xC3E7, 0xC3E7, 0xC3C7, 0xD48A, 0xFE2F,
    0xFD8C, 0xFD2B, 0xFD4B, 0xEC47, 0xF447, 0xEC06, 0xDB64, 0xDB65,
    0xDBA6, 0xD344, 0xD303, 0xCAE3, 0xDBA5, 0xF52B, 0xFE2F, 0xFE0E,
    0xFDEE, 0xFDEE, 0xFE0E, 0xFD8B, 0xFDAC, 0xFD4A, 0xEC87, 0xDB83,
    0xC2C2, 0xB262, 0xB261, 0xAA01, 0x99E0, 0x89A0, 0x7980, 0x5900,
    0xA345, 0xDCC9, 0xED4C, 0xF5EE, 0xFE50, 0xFDEE, 0xF52A, 0xF4E9,
    0xE405, 0xD364, 0xBAA2, 0xC2C2, 0xBA81, 0xA201, 0xB261, 0xB261,
    0xBAA2, 0xCB02, 0xDB63, 0xDB63, 0xEC88, 0xFDEF, 0xFE51, 0xFE72,
    0xFE71, 0xFE51, 0xFE71, 0xFE30, 0xFD8C, 0xE3E5, 0xC2C2, 0xBA62,
    0xCB03, 0xCB02, 0xB282, 0xBAC2, 0xC2C2, 0xC281, 0xCAC2, 0xC2E2,
    0xC2C2, 0xD323, 0xDB43, 0xD323, 0xBA82, 0xBA82, 0xD323, 0xD323,
    0xC2C2, 0xC2E3, 0xD343, 0xDB63, 0xF4C8, 0xFE0F, 0xFE31, 0xFE93,
    0xFE72, 0xFE51, 0xFE10, 0xFE10, 0xECCA, 0xD344, 0xCB23, 0xD364,
    0xD364, 0xC2E3, 0xC281, 0xE3C5, 0xDBC5, 0xDB84, 0xDB84, 0xD343,
    0xE384, 0xDB84, 0xD323, 0xD323, 0xF487, 0xFE92, 0xFE93, 0xFE10,
    0xE427, 0xE3C6, 0xE3E6, 0xE3C5, 0xAA82, 0x5900, 0x89E1, 0xBB44,
    0xD427, 0xE488, 0xECE9, 0xF54B, 0xF54A, 0xF54A, 0xE468, 0xC2E2,
    0xC2C2, 0xCAC1, 0xDB43, 0xD302, 0xCAC2, 0xD302, 0xD323, 0xDB43,
    0xDB43, 0xDB63, 0xEBA4, 0xFC66, 0xFD28, 0xFE92, 0xFF16, 0xFDAD,
    0xFD2A, 0xBCAD, 0x942D, 0x9C4D, 0x9C4D, 0x9C4E, 0xA44F, 0xA470,
    0xA470, 0xA470, 0xAC90, 0xA470, 0x9C4F, 0x940E, 0x8BAD, 0x7B6B,
    0x7309, 0x62A7, 0x5A45, 0x5201, 0x51E0, 0x5200, 0x5200, 0x5A00,
    0x5A40, 0x5A60, 0x6260, 0x6260, 0x6240, 0x5A40, 0x6262, 0x6AA5,
    0x72E8, 0x7B2A, 0x836B, 0x93CD, 0x9C0E, 0xA44F, 0xA44F, 0xA44F,
    0xA42F, 0x9C0E, 0x93EE, 0x8BAD, 0x838C, 0x7B4B, 0x7B2B, 0x730B,
    0xAB46, 0xAB46, 0xAB46, 0xAB46, 0xB367, 0xB367, 0xB367, 0xB367,
    0xB387, 0xB387, 0xB387, 0xB387, 0xB387, 0xB367, 0xAB46, 0xAB46,
    0xAB46, 0xAB26, 0xAB26, 0xAB25, 0xAB26, 0xAB25, 0xAB25, 0xAB25,
    0xAB25, 0xAB25, 0xAB25, 0xAB26, 0xAB25, 0xAB25, 0xAB25, 0xAB25,
    0xAB05, 0xAB25, 0xAB25, 0xAB25, 0xAB45, 0xAB45, 0xAB25, 0xAB25,
    0xAB46, 0xAB46, 0xAB46, 0xAB66, 0xB386, 0xB386, 0xED6D, 0xFE0E,
    0xFD4B, 0xFD0A, 0xF4EA, 0xEC06, 0xEC68, 0xDB64, 0xDB64, 0xE385,
    0xDB64, 0xD324, 0xCB03, 0xC2C2, 0xD364, 0xECC9, 0xFE4F, 0xFDEE,
    0xFDEE, 0xFE51, 0xFDED, 0xFDCC, 0xF58C, 0xF54A, 0xFD8B, 0xF56A,
    0xD344, 0xB241, 0xB282, 0xAA21, 0xB240, 0x91C0, 0x6920, 0x5940,
    0xBBE7, 0xED2B, 0xF5AD, 0xF5CE, 0xF54B, 0xEC88, 0xEC46, 0xE3E5,
    0xD364, 0xCB23, 0xBA82, 0xCAE2, 0xC2A1, 0xBA81, 0xB262, 0xBA82,
    0xC2E2, 0xCAE2, 0xDB63, 0xDB84, 0xEC47, 0xFDCE, 0xFE72, 0xFE71,
    0xFE72, 0xFE72, 0xFE71, 0xFE0F, 0xF4E8, 0xD343, 0xC2C2, 0xBA82,
    0xC2C2, 0xC2A2, 0xB282, 0xD343, 0xC2A2, 0xC281, 0xBA81, 0xBAA2,
    0xBA61, 0xD323, 0xDB64, 0xDB64, 0xCAE2, 0xCAE2, 0xD2E2, 0xE3A4,
    0xC2C2, 0xD323, 0xD343, 0xDB83, 0xEC88, 0xFE30, 0xFE51, 0xFE30,
    0xFE52, 0xFE73, 0xFE93, 0xFE30, 0xECCA, 0xDB84, 0xD323, 0xD364,
    0xCB24, 0xD323, 0xC2A2, 0xD323, 0xE3C5, 0xDB84, 0xDB85, 0xCB24,
    0xCAE2, 0xCAC2, 0xCB03, 0xD344, 0xE3A4, 0xFD8C, 0xFE93, 0xFE52,
    0xE469, 0xDBC6, 0xE3C6, 0xDB85, 0xC2E3, 0x9222, 0xAB04, 0xBB86,
    0xD448, 0xE4EA, 0xECE9, 0xED09, 0xF56B, 0xECE9, 0xD364, 0xC2A1,
    0xBA60, 0xC2A1, 0xDB63, 0xE384, 0xDB64, 0xD303, 0xD323, 0xDB23,
    0xDB43, 0xDB43, 0xEBC4, 0xF445, 0xFD69, 0xFED3, 0xFF16, 0xFED4,
    0xFD8C, 0xF52C, 0xAC8F, 0x9C4E, 0xA42E, 0xA44F, 0xA44F, 0x9C4F,
    0x9C4F, 0xA450, 0xA470, 0xA470, 0x9C2F, 0x93EE, 0x838D, 0x7B4B,
    0x6AE9, 0x6287, 0x5A25, 0x51E2, 0x49A0, 0x49A0, 0x51C0, 0x51E0,
    0x5A20, 0x6240, 0x6240, 0x5A20, 0x5A20, 0x5A00, 0x6242, 0x6A85,
    0x72E8, 0x7B2A, 0x836C, 0x93CD, 0x9C0F, 0xA44F, 0xA470, 0xA450,
    0xA44F, 0x9C2F, 0x9BEE, 0x93CD, 0x8B8D, 0x836C, 0x7B2B, 0x730B,
    0x9AC5, 0x9AC5, 0x9AC5, 0x9AE5, 0x9AE6, 0x9AE6, 0x9B06, 0x9B06,
    0x9B06, 0x9B06, 0x9B06, 0x9B06, 0x9B06, 0x9AE6, 0x9AE6, 0x92C5,
    0x92C5, 0x92A5, 0x92A5, 0x92A4, 0x92A4, 0x9284, 0x9284, 0x9284,
    0x9284, 0x9284, 0x9284, 0x9284, 0x9284, 0x9284, 0x9284, 0x9283,
    0x9283, 0x9283, 0x9283, 0x92A3, 0x9AA3, 0x9AA3, 0x9AA4, 0x92A4,
    0x9AA4, 0x9AA4, 0x92A4, 0x9AC4, 0x92A4, 0xBBE8, 0xFE50, 0xFDAD,
    0xF4C9, 0xFD2B, 0xEC68, 0xEC47, 0xE3C5, 0xD303, 0xD344, 0xE3C6,
    0xD364, 0xCB24, 0xCB03, 0xCB03, 0xD363, 0xF50A, 0xFE2F, 0xFE0E,
    0xFDED, 0xFDEE, 0xFDCC, 0xFDAB, 0xF54A, 0xF56B, 0xFD8B, 0xFDCD,
    0xF52A, 0xD3A4, 0xB2A2, 0xB261, 0xAA20, 0xA200, 0x6120, 0x71E2,
    0xDCAA, 0xF5AE, 0xED4C, 0xDBE6, 0xD344, 0xD384, 0xDBA5, 0xCB24,
    0xCB24, 0xCB03, 0xC2E2, 0xD323, 0xB241, 0xC2A2, 0xC2E2, 0xC2E2,
    0xCAE2, 0xD343, 0xDB43, 0xDB84, 0xE447, 0xFDF0, 0xFE30, 0xFE51,
    0xFE51, 0xFE51, 0xFE51, 0xFE0F, 0xEC67, 0xCAC2, 0xC2A2, 0xD303,
    0xC2C2, 0xAA21, 0xB261, 0xC2C2, 0xAA21, 0xB241, 0xBAA2, 0xCB03,
    0xCAE2, 0xC2A2, 0xD303, 0xD303, 0xCAC2, 0xCAE3, 0xD343, 0xEC05,
    0xD323, 0xDB84, 0xCB03, 0xD323, 0xEC05, 0xFE10, 0xFE72, 0xFE51,
    0xFE51, 0xFE72, 0xFE72, 0xFE51, 0xE469, 0xD364, 0xC2C2, 0xD323,
    0xC2C2, 0xCB03, 0xD344, 0xCB03, 0xCB24, 0xD364, 0xD343, 0xCAE3,
    0xC2C2, 0xC2C2, 0xCB03, 0xD364, 0xDB64, 0xF488, 0xFE51, 0xFEB4,
    0xF5D0, 0xDBA6, 0xDB85, 0xDB65, 0xCB24, 0xAAE4, 0xB386, 0xCC28,
    0xD468, 0xED2B, 0xED4A, 0xF54B, 0xF56B, 0xECC8, 0xC2C2, 0xBA40,
    0xBA60, 0xBA60, 0xC2C1, 0xDB43, 0xE3C4, 0xCAE2, 0xC2A1, 0xDB23,
    0xDB43, 0xE343, 0xEBC4, 0xFC45, 0xFDCC, 0xFED3, 0xFEF5, 0xFF16,
    0xFEF6, 0xFE30, 0xDD50, 0x940F, 0x9C2F, 0x9C2F, 0x9C2F, 0x942F,
    0x942F, 0x9C2F, 0x9C2F, 0x9C2F, 0x940F, 0x8BCE, 0x7B6C, 0x730B,
    0x6AC9, 0x6267, 0x5225, 0x51E2, 0x4980, 0x4980, 0x4980, 0x51E0,
    0x5A21, 0x6221, 0x6221, 0x5A01, 0x59E0, 0x51C0, 0x6223, 0x6A86,
    0x72E8, 0x7B2A, 0x836C, 0x8BCD, 0x9C0F, 0xA450, 0xA470, 0xA450,
    0xA450, 0x9C2F, 0x9C0F, 0x93CE, 0x8B8D, 0x836C, 0x7B2B, 0x730B,
    0x8264, 0x8264, 0x8264, 0x8264, 0x8285, 0x8A85, 0x8AA5, 0x8AA5,
    0x8A85, 0x8285, 0x8265, 0x8285, 0x8265, 0x8265, 0x8264, 0x7A44,
    0x7A44, 0x7A44, 0x7A23, 0x7A23, 0x7A23, 0x7A02, 0x7A02, 0x7A02,
    0x7A02, 0x7A02, 0x7A02, 0x7A02, 0x7A02, 0x7A02, 0x79E2, 0x7A02,
    0x7A02, 0x79E2, 0x79E2, 0x7A02, 0x7A02, 0x8222, 0x8222, 0x8222,
    0x8222, 0x8222, 0x8222, 0x8222, 0x8243, 0xE52C, 0xFE70, 0xFD2A,
    0xF4C9, 0xF4C9, 0xEC68, 0xE3E6, 0xDBA5, 0xD344, 0xDB85, 0xDB85,
    0xD323, 0xD343, 0xD343, 0xCAE2, 0xDB83, 0xFD6A, 0xFDCC, 0xFDED,
    0xFDCC, 0xFDEC, 0xFDAB, 0xFDAB, 0xF56A, 0xF58B, 0xF58B, 0xF58B,
    0xF58C, 0xECEA, 0xD3A5, 0xC2E2, 0xB240, 0xB281, 0x6960, 0x8A84,
    0xED4C, 0xED0B, 0xD364, 0xCB23, 0xCB23, 0xD343, 0xD344, 0xCB03,
    0xCB03, 0xC2C2, 0xD343, 0xCB23, 0xBA82, 0xC2E2, 0xC2E2, 0xBAC2,
    0xCB23, 0xD323, 0xCB03, 0xCB23, 0xDC27, 0xFE10, 0xFE31, 0xFE72,
    0xFE51, 0xFE10, 0xFDEF, 0xFDAD, 0xE405, 0xCAE2, 0xCAE2, 0xD323,
    0xBA82, 0xAA21, 0xCAE2, 0xD302, 0xC2A2, 0xB282, 0xCB03, 0xD364,
    0xDB84, 0xD303, 0xD323, 0xD302, 0xD303, 0xDB64, 0xDB64, 0xDB64,
    0xE3A4, 0xDB43, 0xCAE2, 0xCAE2, 0xE383, 0xFDAD, 0xFE52, 0xFE51,
    0xFE92, 0xFE93, 0xFE72, 0xFE10, 0xE428, 0xD364, 0xBA82, 0xC2E3,
    0xCB03, 0xD364, 0xDBA5, 0xD344, 0xC2E3, 0xD344, 0xCB03, 0xD323,
    0xCAE3, 0xCB03, 0xCB03, 0xD364, 0xD323, 0xE3C5, 0xFE0F, 0xFE93,
    0xFE94, 0xDC28, 0xD324, 0xDB65, 0xDB64, 0xB2E4, 0xB386, 0xCC27,
    0xD448, 0xE4C9, 0xED2A, 0xF54B, 0xFDAC, 0xEC87, 0xC2A1, 0xB220,
    0xBA40, 0xBA60, 0xC2A1, 0xCAE1, 0xCAE2, 0xC2C2, 0xC2C2, 0xCAE2,
    0xD2E2, 0xE342, 0xEBC3, 0xFCC7, 0xFE4F, 0xFEF4, 0xFF16, 0xFF37,
    0xFF58, 0xFF79, 0xFF17, 0xBCD0, 0x8BEE, 0x940F, 0x940F, 0x93EE,
    0x8BEE, 0x93EE, 0x93EF, 0x93EE, 0x8BCE, 0x838D, 0x7B4C, 0x6AEA,
    0x6288, 0x5A47, 0x5204, 0x49C2, 0x4961, 0x4961, 0x4981, 0x51C1,
    0x5A01, 0x5A01, 0x5A01, 0x59E1, 0x51A1, 0x51A1, 0x5A23, 0x6A86,
    0x72C9, 0x7B0A, 0x834C, 0x8BAD, 0x93EE, 0x9C50, 0xA450, 0xA450,
    0x9C50, 0x9C2F, 0x940F, 0x93EE, 0x8BAE, 0x836D, 0x7B2C, 0x730B,
    0x7A24, 0x7A24, 0x7A24, 0x7A24, 0x7A44, 0x7A44, 0x7A44, 0x7A44,
    0x7A24, 0x7A24, 0x7224, 0x7224, 0x7224, 0x7204, 0x7204, 0x7204,
    0x71E3, 0x69E3, 0x69C3, 0x69C2, 0x69C2, 0x71C2, 0x71C2, 0x71C2,
    0x71C2, 0x71C2, 0x71C2, 0x71C2, 0x71C1, 0x71C1, 0x71C1, 0x71C1,
    0x71C1, 0x71C1, 0x71C1, 0x71C1, 0x71C1, 0x79C1, 0x79E1, 0x79E1,
    0x79E2, 0x8202, 0x8222, 0x79E2, 0xAB25, 0xFE4F, 0xFDAD, 0xFD0A,
    0xF4E9, 0xF447, 0xEC27, 0xEC06, 0xE3E6, 0xE3E6, 0xDBA5, 0xD302,
    0xDB64, 0xD2E2, 0xC2A1, 0xDBA4, 0xFD29, 0xFDCC, 0xFE0E, 0xFE0E,
    0xFE0D, 0xFDCC, 0xFDCC, 0xFDAC, 0xF54A, 0xF56B, 0xF58C, 0xFD8C,
    0xF54B, 0xECC9, 0xE4C9, 0xD406, 0xCB85, 0xB324, 0x8202, 0xC3E7,
    0xE4A9, 0xCB23, 0xD344, 0xD344, 0xC2C2, 0xCB44, 0xC2E3, 0xC2E3,
    0xC2C3, 0xC2E3, 0xD364, 0xCB23, 0xBAA2, 0xCB03, 0xD323, 0xD364,
    0xCB03, 0xBAA2, 0xC2C2, 0xCB22, 0xEC88, 0xFE51, 0xFE72, 0xFE72,
    0xFE10, 0xFDEF, 0xFE0F, 0xF56B, 0xEC26, 0xD343, 0xD303, 0xCAC2,
    0xB261, 0xB261, 0xCB02, 0xC2A2, 0xC2A2, 0xC2E3, 0xCB44, 0xD323,
    0xDB64, 0xD343, 0xCAC2, 0xD323, 0xDB23, 0xE3A4, 0xE3C5, 0xD343,
    0xE3C5, 0xD323, 0xC2C2, 0xC2A2, 0xDB63, 0xFDCE, 0xFE72, 0xFE30,
    0xFE72, 0xFE72, 0xFE72, 0xF5D0, 0xDBE7, 0xD364, 0xD344, 0xCB24,
    0xD365, 0xDBA5, 0xD343, 0xD323, 0xCB23, 0xD344, 0xD324, 0xD344,
    0xCB23, 0xCB44, 0xDB85, 0xD364, 0xCAE3, 0xDB43, 0xFDCD, 0xFEB4,
    0xFED4, 0xE50C, 0xD324, 0xDB85, 0xDB85, 0xCB44, 0xB366, 0xC3E7,
    0xDC68, 0xDC67, 0xE487, 0xECC8, 0xF54A, 0xECC8, 0xCB22, 0xBA40,
    0xC280, 0xC280, 0xCAC1, 0xCAC1, 0xC2C1, 0xC2A1, 0xC281, 0xCAC1,
    0xE383, 0xFCE8, 0xFDED, 0xFE50, 0xFE70, 0xFE91, 0xFEF4, 0xFF37,
    0xFF37, 0xFF58, 0xFFDB, 0xF6B6, 0x9C0E, 0x940F, 0x8BEE, 0x8BCE,
    0x83AE, 0x83AE, 0x8BCE, 0x8BCE, 0x83AD, 0x7B4C, 0x6B0B, 0x62A9,
    0x5A67, 0x5206, 0x49C4, 0x4982, 0x4160, 0x4140, 0x4981, 0x51C0,
    0x59C1, 0x59E1, 0x59C1, 0x59C1, 0x51A1, 0x5181, 0x5A04, 0x6246,
    0x6A88, 0x72EA, 0x7B4C, 0x838D, 0x8BCE, 0x9C0F, 0x9C30, 0x9C30,
    0x940F, 0x940F, 0x93EF, 0x8BCF, 0x8BAE, 0x836D, 0x7B2C, 0x730B,
    0x7204, 0x7204, 0x7204, 0x7224, 0x7A24, 0x7A24, 0x7A24, 0x7A24,
    0x7224, 0x7224, 0x7204, 0x7204, 0x7204, 0x7204, 0x7204, 0x71E3,
    0x69E3, 0x69C3, 0x69C2, 0x69C2, 0x69C2, 0x69C2, 0x69C2, 0x71C2,
    0x71C2, 0x71C2, 0x71C2, 0x71C2, 0x71C2, 0x71C1, 0x71C1, 0x71C1,
    0x71C1, 0x71C1, 0x71C1, 0x71C1, 0x79C1, 0x79E1, 0x79E1, 0x79E2,
    0x7A02, 0x7A02, 0x8222, 0x8A02, 0xDD0C, 0xFDAC, 0xFD2B, 0xFD8D,
    0xF467, 0xF4C9, 0xF468, 0xE3A5, 0xD323, 0xD344, 0xD343, 0xCAC1,
    0xD322, 0xDB83, 0xEC46, 0xFDAB, 0xFE0E, 0xFE0D, 0xFE0E, 0xFE0D,
    0xFDED, 0xFDCC, 0xFDCC, 0xFD69, 0xF549, 0xF529, 0xF58B, 0xF56B,
    0xECE9, 0xE4C9, 0xE4A9, 0xD406, 0xCBE7, 0xA305, 0x92A4, 0xDCA9,
    0xC303, 0xBA81, 0xCB03, 0xCB03, 0xC2E3, 0xBAC3, 0xC2E3, 0xCB24,
    0xC2C3, 0xCB03, 0xCB23, 0xCAE2, 0xCAE2, 0xD364, 0xD364, 0xCB23,
    0xCB03, 0xCB03, 0xCB23, 0xDB63, 0xF52B, 0xFE72, 0xFE72, 0xFE51,
    0xFDEF, 0xFDEF, 0xFDEE, 0xF509, 0xE3A4, 0xD323, 0xCAE2, 0xBA82,
    0xB241, 0xBAA2, 0xB261, 0xB241, 0xC2C2, 0xCB23, 0xCB24, 0xC2C3,
    0xD323, 0xCAE2, 0xC2A2, 0xC2C2, 0xDB63, 0xDB84, 0xEBE5, 0xDB64,
    0xD364, 0xDB64, 0xCAE2, 0xCAE2, 0xEC25, 0xFDEE, 0xFE51, 0xFE31,
    0xFE72, 0xFE52, 0xFE31, 0xF56D, 0xDBC6, 0xD344, 0xDB64, 0xD324,
    0xD364, 0xD344, 0xDB84, 0xD344, 0xDB64, 0xD344, 0xCB24, 0xCB24,
    0xD344, 0xDB84, 0xDBC5, 0xE3E6, 0xD364, 0xDB64, 0xF50A, 0xFE93,
    0xFE73, 0xFE31, 0xE428, 0xDB85, 0xDBA5, 0xD365, 0xBB66, 0xC3E7,
    0xD448, 0xDC67, 0xE487, 0xECE9, 0xECC8, 0xECE8, 0xEC87, 0xD363,
    0xCB01, 0xD301, 0xD322, 0xCAC1, 0xD322, 0xDB83, 0xE3C4, 0xEC45,
    0xFD6A, 0xFE4F, 0xFE92, 0xFEB2, 0xFEB2, 0xFE90, 0xFEB2, 0xFF16,
    0xFF58, 0xFF79, 0xFF58, 0xFFBB, 0xBD32, 0x8BCE, 0x8BCE, 0x838D,
    0x838D, 0x838D, 0x838D, 0x838D, 0x838D, 0x7B4C, 0x6AEA, 0x62A9,
    0x6268, 0x5A26, 0x51E4, 0x51C3, 0x4982, 0x4982, 0x51C2, 0x59C2,
    0x59E2, 0x59E2, 0x59E2, 0x59C2, 0x51A2, 0x51A2, 0x59E4, 0x6226,
    0x6268, 0x6ACA, 0x7B2B, 0x836D, 0x83AE, 0x93EF, 0x940F, 0x93EF,
    0x8BEF, 0x8BCF, 0x83AE, 0x83AE, 0x838E, 0x7B6D, 0x732C, 0x730B,
    0x7204, 0x7204, 0x7204, 0x7204, 0x7224, 0x7224, 0x7224, 0x7224,
    0x7224, 0x7204, 0x7204, 0x7204, 0x7204, 0x7204, 0x69E3, 0x69E3,
    0x69C3, 0x69C3, 0x69C2, 0x69A2, 0x69A2, 0x69C2, 0x69C2, 0x71C2,
    0x71C2, 0x71C2, 0x71C2, 0x71C2, 0x71C2, 0x71C2, 0x71C1, 0x71C1,
    0x71C1, 0x71C1, 0x71C1, 0x71C1, 0x79E1, 0x79E2, 0x79E2, 0x8202,
    0x8202, 0x8222, 0x8222, 0xCCAC, 0xFF99, 0xFDCD, 0xFD09, 0xF488,
    0xEC06, 0xEC06, 0xE3A4, 0xDB64, 0xE3E6, 0xEC47, 0xEC67, 0xF4E9,
    0xF509, 0xFD4A, 0xFDED, 0xFDED, 0xFE2E, 0xFE2E, 0xFDED, 0xFDCC,
    0xFDED, 0xFD49, 0xFD8B, 0xFDAC, 0xFDAB, 0xF529, 0xF509, 0xED0A,
    0xED09, 0xE4C9, 0xE4A8, 0xD406, 0xB324, 0x79E1, 0xA326, 0xDC68,
    0xB241, 0xB241, 0xCB03, 0xD364, 0xCB24, 0xBAC3, 0xCB24, 0xC2E3,
    0xC2C3, 0xCAE3, 0xC2C2, 0xCAE2, 0xDB43, 0xCB23, 0xCB03, 0xD323,
    0xD344, 0xCB03, 0xCB03, 0xDB84, 0xF58E, 0xFE72, 0xFE52, 0xFE51,
    0xFDCE, 0xFDCD, 0xF58C, 0xF466, 0xD343, 0xD303, 0xC2A2, 0xAA41,
    0xB261, 0xBAA2, 0xB261, 0xC2A2, 0xD303, 0xCB03, 0xBAC2, 0xBAA2,
    0xC2A2, 0xCAE2, 0xC2A2, 0xC2C2, 0xD343, 0xD343, 0xD364, 0xD343,
    0xCB03, 0xDB43, 0xD323, 0xDB43, 0xF487, 0xFE10, 0xFE31, 0xFE72,
    0xFE93, 0xFE73, 0xFE52, 0xF50B, 0xDB84, 0xD343, 0xDB23, 0xD344,
    0xD344, 0xD344, 0xCAE3, 0xD344, 0xD364, 0xD344, 0xCB03, 0xCB24,
    0xD323, 0xDB43, 0xDBA5, 0xDBA5, 0xE3C5, 0xDB84, 0xEC46, 0xFE2F,
    0xFE72, 0xFE72, 0xE448, 0xD344, 0xDB85, 0xDB85, 0xBB04, 0x9AC4,
    0xBB85, 0xE488, 0xE4E9, 0xECE9, 0xECC8, 0xECE9, 0xF52A, 0xF509,
    0xECC8, 0xF4E9, 0xF4E9, 0xF4C7, 0xF509, 0xFDAC, 0xFE0E, 0xFE2E,
    0xFE0E, 0xFE2F, 0xFE70, 0xFE71, 0xFE71, 0xFE92, 0xFE50, 0xFE71,
    0xFED3, 0xFF37, 0xFF59, 0xFFBB, 0xF73A, 0x93EE, 0x7B6D, 0x7B6C,
    0x7B6C, 0x7B6C, 0x7B6C, 0x7B6C, 0x7B6C, 0x7B4B, 0x730A, 0x6AC9,
    0x6AA8, 0x6287, 0x6246, 0x6226, 0x6226, 0x6226, 0x6246, 0x6A46,
    0x6A46, 0x6A46, 0x6A46, 0x6246, 0x6245, 0x5A25, 0x6226, 0x6267,
    0x6A88, 0x6ACA, 0x730B, 0x7B6D, 0x838E, 0x8BAE, 0x8BCF, 0x83AE,
    0x83AE, 0x838E, 0x7B6D, 0x7B6D, 0x7B6D, 0x7B4D, 0x732C, 0x6B0B,
    0x6A04, 0x6A04, 0x7204, 0x7204, 0x7204, 0x7224, 0x7224, 0x7224,
    0x7224, 0x7204, 0x7204, 0x6A04, 0x7204, 0x7204, 0x69E3, 0x69C3,
    0x69C3, 0x61C2, 0x61A2, 0x61A2, 0x69A2, 0x69A2, 0x69C2, 0x71C2,
    0x71C2, 0x71C2, 0x71C2, 0x71C2, 0x71C2, 0x71C2, 0x71C1, 0x71C1,
    0x71C1, 0x71C1, 0x71C1, 0x71C2, 0x79E2, 0x79E2, 0x7A02, 0x8222,
    0x8243, 0x7A03, 0x9283, 0xFF17, 0xFFDB, 0xFED3, 0xFDAB, 0xFD6B,
    0xFD2B, 0xF4A8, 0xFE10, 0xFE92, 0xFE92, 0xFE50, 0xFE50, 0xFE2F,
    0xFE0E, 0xFDED, 0xFE0E, 0xFE0E, 0xFE0D, 0xFDCC, 0xFDAC, 0xFDEC,
    0xFDAB, 0xFDAC, 0xFDAC, 0xFDAC, 0xFD8B, 0xF529, 0xF509, 0xECC9,
    0xECC9, 0xED0A, 0xED0A, 0xDC88, 0xB365, 0x6160, 0xBBC7, 0xD385,
    0xB241, 0xC2E3, 0xC303, 0xC2E3, 0xC303, 0xC303, 0xC2C3, 0xBA82,
    0xC2C2, 0xCAE2, 0xC2C2, 0xC2E2, 0xCB03, 0xDB64, 0xD344, 0xCAE3,
    0xC2C2, 0xC2C2, 0xC2A2, 0xCB24, 0xF56D, 0xFE31, 0xFE31, 0xFE0F,
    0xFDCE, 0xFDCE, 0xF56B, 0xDBA4, 0xC2A2, 0xBA82, 0xBA61, 0xBA62,
    0xC2C2, 0xBA82, 0xCAC2, 0xC2A2, 0xCB03, 0xD303, 0xC2C2, 0xC2A2,
    0xC2A2, 0xCAE2, 0xC2E3, 0xCAE3, 0xD323, 0xDB64, 0xC2E3, 0xCB03,
    0xC2C2, 0xCAC2, 0xDB02, 0xE3A3, 0xFD6C, 0xFE10, 0xFE10, 0xFE72,
    0xFE73, 0xFE52, 0xFE72, 0xF52C, 0xD364, 0xCB03, 0xCAE2, 0xDB64,
    0xD364, 0xDB64, 0xCB03, 0xC2C2, 0xD323, 0xD323, 0xDB64, 0xDB85,
    0xD344, 0xC281, 0xD323, 0xDB84, 0xEBE6, 0xEC46, 0xEC05, 0xFD6B,
    0xFE51, 0xFE93, 0xED2D, 0xCB03, 0xD324, 0xDB64, 0xCB44, 0x79C1,
    0xB345, 0xDC68, 0xE4A9, 0xE4A8, 0xECC8, 0xF54A, 0xF52A, 0xF54A,
    0xF56B, 0xF54A, 0xFD8B, 0xFD8B, 0xFDCC, 0xFE0E, 0xFE2F, 0xFE2E,
    0xFE4F, 0xFE2E, 0xFE0D, 0xFE2E, 0xFE4F, 0xFE70, 0xFE50, 0xFE50,
    0xFE91, 0xFE50, 0xFED3, 0xFF79, 0xFFFD, 0xCD93, 0x72EA, 0x7B2B,
    0x7B2A, 0x7B2B, 0x7B4B, 0x7B4B, 0x7B4B, 0x7B2B, 0x7B2A, 0x730A,
    0x72E9, 0x72C9, 0x72A8, 0x72A8, 0x72A8, 0x72C8, 0x72C8, 0x7AC8,
    0x7AC9, 0x7AC9, 0x72C9, 0x72C8, 0x72A8, 0x6AA8, 0x6A88, 0x6AA9,
    0x72C9, 0x72EA, 0x7B2B, 0x7B4C, 0x836D, 0x838D, 0x838D, 0x7B6D,
    0x7B6D, 0x7B4D, 0x732D, 0x730C, 0x730C, 0x730C, 0x6B0C, 0x6AEB,
    0x6A04, 0x6A04, 0x7204, 0x7204, 0x7204, 0x7204, 0x7204, 0x7204,
    0x7204, 0x7204, 0x7204, 0x7204, 0x7204, 0x6A04, 0x69E3, 0x69C3,
    0x61C3, 0x61A2, 0x61A2, 0x61A2, 0x69A2, 0x69C2, 0x71C2, 0x71C2,
    0x71C2, 0x71E2, 0x71C2, 0x71C2, 0x71C2, 0x71C2, 0x71C2, 0x71C1,
    0x71C1, 0x71C1, 0x71C2, 0x71E2, 0x79E2, 0x79E2, 0x7A02, 0x8223,
    0x8A64, 0x8202, 0xCCED, 0xFFBA, 0xFF79, 0xFF37, 0xFEF4, 0xFE91,
    0xFE4F, 0xFEB2, 0xFF16, 0xFED4, 0xFE92, 0xFE91, 0xFE70, 0xFE70,
    0xFE4F, 0xFE2E, 0xFE0E, 0xFE2E, 0xFE2E, 0xFDED, 0xFDED, 0xFDEC,
    0xFDAB, 0xFDCC, 0xFDEE, 0xFDAC, 0xF56B, 0xF529, 0xF54A, 0xED0A,
    0xECE9, 0xDC27, 0xDC27, 0xDCCA, 0xB386, 0x69E2, 0xBBA6, 0xBAC3,
    0xC2E3, 0xCB24, 0xC303, 0xC303, 0xCB03, 0xC2E3, 0xC2C3, 0xC2C3,
    0xCAE3, 0xC2E3, 0xCB24, 0xC303, 0xC2C2, 0xCAE3, 0xC2C2, 0xC2C2,
    0xCAE2, 0xC2C2, 0xBA81, 0xD344, 0xE489, 0xF5AE, 0xF5CE, 0xFE0F,
    0xFE10, 0xFE0F, 0xF56C, 0xCB02, 0xC2A2, 0xC282, 0xC2A2, 0xCB03,
    0xBAA2, 0xC2C2, 0xCB03, 0xBAC3, 0xC2E3, 0xC281, 0xCAC2, 0xC2C2,
    0xD323, 0xCAE2, 0xC2E2, 0xCB03, 0xD323, 0xD343, 0xD323, 0xCB03,
    0xD323, 0xD302, 0xE384, 0xF4C9, 0xFE31, 0xFE52, 0xFE31, 0xFE52,
    0xFE73, 0xFE51, 0xFE51, 0xED4D, 0xD364, 0xD323, 0xCAE3, 0xD344,
    0xD344, 0xCB23, 0xD344, 0xCAE3, 0xD303, 0xD302, 0xE3A4, 0xDB85,
    0xDBA5, 0xD303, 0xBA82, 0xCAE3, 0xDB84, 0xE3E5, 0xEC05, 0xF4C8,
    0xFE71, 0xFE72, 0xFE30, 0xDBE6, 0xCB03, 0xD343, 0xE427, 0xAB04,
    0xBB65, 0xD427, 0xE4A9, 0xE4A8, 0xED0A, 0xF56B, 0xF58C, 0xF58B,
    0xF56B, 0xF508, 0xF4E8, 0xFD4A, 0xFD8B, 0xFDCC, 0xFE2F, 0xFE4F,
    0xFE4F, 0xFE2E, 0xFE2E, 0xFE0D, 0xFE4F, 0xFE50, 0xFE71, 0xFE92,
    0xFEF4, 0xFEF4, 0xFEF4, 0xFF58, 0xFF9A, 0xFF39, 0x9BCC, 0x7B0A,
    0x7B2A, 0x7B2A, 0x7B2A, 0x7B2A, 0x7B2A, 0x832B, 0x832B, 0x832A,
    0x7B2A, 0x830A, 0x830A, 0x830A, 0x830A, 0x830A, 0x832A, 0x832A,
    0x834A, 0x832A, 0x832A, 0x832A, 0x7B0A, 0x7B0A, 0x7AEA, 0x7AEA,
    0x7B0A, 0x7B0B, 0x7B2B, 0x7B4C, 0x7B4C, 0x7B6D, 0x7B4C, 0x7B2C,
    0x732C, 0x730C, 0x6AEB, 0x62CB, 0x62AB, 0x62CB, 0x6ACB, 0x6AEB,
    0x6A04, 0x69E4, 0x6A04, 0x7204, 0x7204, 0x7204, 0x7204, 0x7204,
    0x7204, 0x7204, 0x7204, 0x7204, 0x7204, 0x6A04, 0x69E3, 0x69C3,
    0x61C3, 0x61A2, 0x61A2, 0x61A2, 0x69A2, 0x69A2, 0x69C2, 0x71C2,
    0x71C2, 0x71E2, 0x71E2, 0x71E2, 0x71E2, 0x71C2, 0x71C2, 0x71C2,
    0x71C2, 0x71C2, 0x71E2, 0x71E2, 0x79E2, 0x7A02, 0x7A22, 0x8243,
    0x8A43, 0xB387, 0xFF79, 0xFF78, 0xFF58, 0xFF57, 0xFED4, 0xFE71,
    0xFEB3, 0xFEF4, 0xFEF5, 0xFE92, 0xFEB3, 0xFEB2, 0xFE70, 0xFE4F,
    0xFE2E, 0xFE0E, 0xFE4F, 0xFE4F, 0xFE6F, 0xFE0D, 0xFDED, 0xFDAB,
    0xFD8B, 0xFDEE, 0xFDED, 0xF56A, 0xF54A, 0xF58C, 0xF509, 0xED0A,
    0xED0A, 0xD3E6, 0xBAC2, 0xD428, 0xAB25, 0x7A43, 0xAB05, 0xB2A2,
    0xCB24, 0xC303, 0xBAC3, 0xB2A2, 0xC2C2, 0xC2A2, 0xCB03, 0xC2A2,
    0xC2C2, 0xC2E2, 0xC2C2, 0xC2C2, 0xB262, 0xC2C2, 0xD303, 0xD323,
    0xCB03, 0xD323, 0xDB64, 0xCAE2, 0xDC27, 0xFDEF, 0xFE0F, 0xFE30,
    0xFE0F, 0xFDEE, 0xF52A, 0xD343, 0xCAE2, 0xD303, 0xCAE2, 0xC2E2,
    0xC2C3, 0xCB44, 0xC2E3, 0xCB03, 0xB262, 0xAA21, 0xC2A1, 0xC2C2,
    0xCB03, 0xC2A2, 0xD343, 0xD343, 0xDB84, 0xD323, 0xDB43, 0xCAE2,
    0xDB43, 0xE3C4, 0xF4E9, 0xFDEF, 0xFE31, 0xFE72, 0xFE51, 0xFE10,
    0xFE30, 0xFE10, 0xFE52, 0xED4D, 0xCB44, 0xDBA5, 0xD323, 0xD324,
    0xD344, 0xD364, 0xDB64, 0xCB23, 0xC2C2, 0xD323, 0xDB64, 0xD344,
    0xDB64, 0xDB64, 0xD364, 0xCB23, 0xD343, 0xD323, 0xDB63, 0xEBE4,
    0xFE0F, 0xFE93, 0xFE72, 0xF4EA, 0xD303, 0xD303, 0xE467, 0xBB65,
    0xBB44, 0xD406, 0xDC68, 0xE4A8, 0xED2A, 0xF54A, 0xF58C, 0xFDAC,
    0xF52A, 0xF54A, 0xF529, 0xFD6A, 0xFD8B, 0xFD8B, 0xFDED, 0xFE2F,
    0xFDED, 0xFE2E, 0xFE2F, 0xFE50, 0xFE71, 0xFE71, 0xFE71, 0xFE92,
    0xFE92, 0xFED3, 0xFF15, 0xFF37, 0xFF58, 0xFFDB, 0xE655, 0x832A,
    0x834B, 0x832B, 0x832A, 0x834A, 0x834B, 0x834B, 0x8B6B, 0x8B6B,
    0x8B6B, 0x8B6B, 0x8B6B, 0x8B6B, 0x8B6B, 0x8B6B, 0x8B6B, 0x8B8B,
    0x8B8B, 0x8B8C, 0x8B6C, 0x8B6B, 0x834B, 0x832B, 0x832B, 0x7B0A,
    0x7B0B, 0x7B2B, 0x7B2B, 0x7B2B, 0x7B2C, 0x7B2B, 0x730B, 0x72EB,
    0x6ACB, 0x62AA, 0x628A, 0x5A8A, 0x5A8A, 0x5A8A, 0x62AB, 0x62CB,
    0x69E4, 0x6A04, 0x6A04, 0x7204, 0x7204, 0x7204, 0x7204, 0x7204,
    0x7204, 0x7204, 0x6A04, 0x6A04, 0x6A04, 0x69E4, 0x69E3, 0x61C3,
    0x61C3, 0x61A2, 0x61A2, 0x61A2, 0x69C2, 0x69C2, 0x71C2, 0x71E2,
    0x71E2, 0x71E2, 0x71E2, 0x71E2, 0x71E2, 0x71E2, 0x71C2, 0x71C2,
    0x71C2, 0x71C2, 0x71E2, 0x79E2, 0x7A02, 0x7A02, 0x8223, 0x8243,
    0x8A42, 0xEE54, 0xFFDC, 0xFF58, 0xFF36, 0xFF36, 0xFED4, 0xFF15,
    0xFEF5, 0xFF36, 0xFEF4, 0xFED4, 0xFED3, 0xFE50, 0xFE0E, 0xFDED,
    0xFE2E, 0xFE70, 0xFE4F, 0xFE4E, 0xFE0D, 0xFDED, 0xFDED, 0xFDED,
    0xFDCC, 0xFDED, 0xFDCD, 0xFDAC, 0xFD8B, 0xFDAC, 0xF54A, 0xED2A,
    0xE4C8, 0xE488, 0xB2A2, 0xAA82, 0x92A3, 0x92A4, 0xAAC4, 0xB282,
    0xB2A2, 0xAA62, 0xB261, 0xB261, 0xB261, 0xBA82, 0xDB44, 0xCAE2,
    0xCAE2, 0xB261, 0xB261, 0xD2E3, 0xCAE3, 0xCB03, 0xD303, 0xCB03,
    0xCAE3, 0xD343, 0xCB03, 0xD2E2, 0xF52B, 0xFE10, 0xFE30, 0xFDEE,
    0xFE0F, 0xFDEF, 0xF509, 0xD323, 0xC2C2, 0xBA82, 0xC2E2, 0xC2E3,
    0xD323, 0xCB23, 0xC2E3, 0xC2E2, 0xB261, 0xC2C2, 0xCB02, 0xCAE2,
    0xC2C2, 0xB282, 0xD343, 0xD323, 0xD343, 0xDB63, 0xDB23, 0xDB84,
    0xEC05, 0xF52A, 0xFDEF, 0xFE10, 0xFE31, 0xFE31, 0xFE30, 0xFDEF,
    0xFE10, 0xFE31, 0xFE73, 0xF5F0, 0xDBA5, 0xCB03, 0xCAE3, 0xCAE3,
    0xD324, 0xD343, 0xD303, 0xCB03, 0xD323, 0xD343, 0xDB44, 0xD324,
    0xDB64, 0xDB64, 0xD323, 0xD344, 0xD364, 0xD344, 0xD344, 0xDB64,
    0xF4C9, 0xFE30, 0xFE51, 0xFDF0, 0xE406, 0xE3A5, 0xECE9, 0xA304,
    0xB303, 0xD3C5, 0xE488, 0xED0A, 0xECE9, 0xECE9, 0xF52A, 0xF58B,
    0xF54A, 0xF56A, 0xFD6A, 0xFD8B, 0xFDAB, 0xFDCC, 0xFDCC, 0xFE2F,
    0xFE0E, 0xFDED, 0xFE2F, 0xFE50, 0xFE4F, 0xFE71, 0xFE92, 0xFEB3,
    0xFE92, 0xFE71, 0xFE2F, 0xFE91, 0xFED4, 0xFF58, 0xFFFD, 0xCD73,
    0x832A, 0x8B6B, 0x8B6B, 0x8B6B, 0x8B8B, 0x8B8C, 0x8B8C, 0x93AC,
    0x93AC, 0x93AC, 0x93AC, 0x93AC, 0x93AC, 0x93AC, 0x93AC, 0x93AC,
    0x93AC, 0x93AC, 0x93AC, 0x93AC, 0x8B8C, 0x8B6C, 0x8B6B, 0x834B,
    0x832B, 0x832B, 0x7B2B, 0x7B0B, 0x7B0B, 0x72EA, 0x6ACA, 0x6AAA,
    0x628A, 0x5A69, 0x5249, 0x5249, 0x5A69, 0x5A8A, 0x62AA, 0x62AB,
    0x6A04, 0x6A04, 0x6A04, 0x7204, 0x7204, 0x7204, 0x7204, 0x7204,
    0x6A04, 0x6A04, 0x6A04, 0x6A04, 0x69E4, 0x69E4, 0x69E4, 0x61C3,
    0x61C3, 0x61A3, 0x61A2, 0x61A2, 0x69C2, 0x69C2, 0x71C2, 0x71E2,
    0x71E3, 0x7A03, 0x7A03, 0x79E2, 0x79E2, 0x79E2, 0x71E2, 0x71C2,
    0x71C2, 0x71E2, 0x79E2, 0x79E2, 0x7A02, 0x8222, 0x8243, 0x79E1,
    0xB3C9, 0xFFFD, 0xFFDC, 0xFF17, 0xEDF1, 0xDD91, 0xCCCE, 0xD50E,
    0xFE73, 0xEDD1, 0xF611, 0xFE72, 0xFE30, 0xFE2F, 0xFE2E, 0xFE4F,
    0xFE4F, 0xFE4F, 0xFE2E, 0xFE2E, 0xFE0D, 0xFDED, 0xFE0D, 0xFDED,
    0xFDED, 0xFDAB, 0xFE0E, 0xFDED, 0xF58B, 0xF58B, 0xF54A, 0xED4B,
    0xE4C9, 0xE4A9, 0xBB03, 0x89A0, 0x71A0, 0xA2E4, 0xBAC2, 0xAA41,
    0xAA62, 0xBA82, 0xBAA2, 0xBAA2, 0xBA82, 0xCB03, 0xD323, 0xC2A2,
    0xD303, 0xA201, 0xCAE3, 0xDB84, 0xD324, 0xCB03, 0xD303, 0xC2C2,
    0xC2A2, 0xC2A2, 0xCAE2, 0xD364, 0xFDCE, 0xFE0F, 0xFDEE, 0xFDCD,
    0xFE0F, 0xF5CE, 0xF50A, 0xDB63, 0xBA82, 0xB241, 0xBAC3, 0xC2E3,
    0xCB23, 0xC303, 0xCB03, 0xCAE2, 0xBA61, 0xCAE2, 0xD303, 0xD343,
    0xDB64, 0xCB03, 0xCB03, 0xDB43, 0xDB84, 0xE3C4, 0xECA8, 0xF54B,
    0xFDAD, 0xFDCE, 0xFE30, 0xFE30, 0xFE31, 0xFE30, 0xFE10, 0xFDEF,
    0xFE31, 0xFE31, 0xFE52, 0xFE52, 0xDC07, 0xBA81, 0xB261, 0xBA82,
    0xBAC3, 0xDB85, 0xDB64, 0xD324, 0xDB64, 0xDB85, 0xD344, 0xCB03,
    0xD344, 0xDB85, 0xDB85, 0xCB03, 0xCB24, 0xDB85, 0xDBA5, 0xE3A5,
    0xF4A8, 0xFE0F, 0xFDEF, 0xFE51, 0xFDEE, 0xF58C, 0xFDAD, 0xC3E8,
    0xAAE3, 0xCBA5, 0xE4C9, 0xECC9, 0xECC8, 0xED09, 0xED09, 0xED09,
    0xF54A, 0xFD6A, 0xFD8B, 0xFDCC, 0xFDED, 0xFE0D, 0xFDAB, 0xFDAB,
    0xFE2F, 0xFE2F, 0xFE2E, 0xFE2F, 0xFE50, 0xFE4F, 0xFE71, 0xFED3,
    0xFED4, 0xF5AF, 0xDC49, 0xD429, 0xED4C, 0xFEB4, 0xFF18, 0xFF39,
    0xA40E, 0x8B8C, 0x93AC, 0x93AC, 0x93AC, 0x93AC, 0x93CC, 0x9BCC,
    0x9BCD, 0x9BED, 0x9BCD, 0x9BED, 0x9BED, 0x9BED, 0x9BED, 0x9BED,
    0x9BED, 0x9BED, 0x9BED, 0x9BED, 0x9BCD, 0x93AD, 0x938C, 0x8B8C,
    0x8B6C, 0x8B6C, 0x834B, 0x7B2B, 0x7B0B, 0x72EA, 0x6AAA, 0x6289,
    0x5A69, 0x5A49, 0x5228, 0x5229, 0x5A49, 0x5A8A, 0x62AA, 0x62AA,
    0x6A04, 0x6A04, 0x6A05, 0x6A04, 0x7204, 0x7205, 0x7204, 0x7204,
    0x6A04, 0x6A04, 0x6A04, 0x69E4, 0x69E4, 0x69E4, 0x69E4, 0x61C3,
    0x61C3, 0x61C3, 0x61C3, 0x61C2, 0x69C2, 0x69C2, 0x71E2, 0x71E2,
    0x79E3, 0x7A03, 0x7A03, 0x7A03, 0x79E2, 0x71E2, 0x71E2, 0x71E2,
    0x71E2, 0x79E2, 0x79E2, 0x7A02, 0x8202, 0x8223, 0x8223, 0x9284,
    0xF694, 0xFF38, 0xD510, 0xB40C, 0x7206, 0x7205, 0x7205, 0x5984,
    0x7246, 0x59A4, 0x6A05, 0x69E4, 0x6A05, 0xA368, 0xBC29, 0xD48A,
    0xF5EE, 0xFE50, 0xFE70, 0xFE2E, 0xFDED, 0xFDED, 0xFDED, 0xFDED,
    0xFDED, 0xFE0E, 0xFE2E, 0xFDCC, 0xFD8B, 0xF54A, 0xED09, 0xED4B,
    0xE50A, 0xE4A9, 0xBB44, 0x8160, 0x6960, 0xBB24, 0xB282, 0xB282,
    0xB2A3, 0xB282, 0xBAA3, 0xC2E3, 0xCAC2, 0xC2E3, 0xBA82, 0xC2C2,
    0xCAE3, 0xB282, 0xDB85, 0xDB64, 0xDB64, 0xD303, 0xCAC2, 0xC2A2,
    0xC2C2, 0xCB03, 0xD323, 0xD384, 0xF58D, 0xFE30, 0xFE0F, 0xFE0F,
    0xF5CE, 0xFE0F, 0xF54B, 0xE3A4, 0xC2A2, 0xBA82, 0xB282, 0xBA82,
    0xCB03, 0xD344, 0xCB03, 0xC2C2, 0xCAE3, 0xCAE3, 0xCB03, 0xCAE3,
    0xCB23, 0xCB03, 0xDB84, 0xDB84, 0xEC46, 0xFD6B, 0xFE0F, 0xFDEF,
    0xFE31, 0xFE10, 0xFE10, 0xFE10, 0xFE31, 0xFE10, 0xF58D, 0xF5EF,
    0xFE31, 0xFE52, 0xFE52, 0xFE10, 0xECCA, 0xD323, 0xBAA2, 0xB262,
    0xB262, 0xD364, 0xE3E6, 0xD323, 0xDB24, 0xDB64, 0xCB03, 0xD324,
    0xCB03, 0xD364, 0xE3C5, 0xCB24, 0xBAC3, 0xD344, 0xDBC5, 0xE3C5,
    0xF4C8, 0xFE0F, 0xFE51, 0xFE30, 0xFDEF, 0xFE0F, 0xFDEE, 0xD469,
    0x9AA3, 0xBB24, 0xD406, 0xDC67, 0xED0A, 0xED0A, 0xECC8, 0xF52A,
    0xF54A, 0xFD8B, 0xFDAB, 0xFDCC, 0xFDED, 0xFDED, 0xFE0E, 0xFDCC,
    0xFDEC, 0xFE2F, 0xFE50, 0xFE4F, 0xFE91, 0xFE50, 0xF5EF, 0xF5F0,
    0xF611, 0xA369, 0x69C5, 0x71E4, 0xB3AA, 0xC46E, 0xB38B, 0xD4CF,
    0xBC8F, 0x93AC, 0x93CD, 0x93AC, 0x93CC, 0x9BCC, 0x9BCD, 0x9BED,
    0xA40D, 0xA40D, 0xA40E, 0xA40E, 0xA40E, 0xA40E, 0xA40E, 0xA40E,
    0xA40E, 0xA40E, 0xA40E, 0xA40E, 0x9C0E, 0x9BEE, 0x9BCD, 0x93CD,
    0x93AD, 0x938C, 0x8B6C, 0x834B, 0x832B, 0x7AEA, 0x72CA, 0x6289,
    0x5A69, 0x5A49, 0x5208, 0x5208, 0x5249, 0x5A69, 0x5A8A, 0x628A,
    0x6A05, 0x6A05, 0x6A05, 0x6A05, 0x6A25, 0x6A25, 0x6A25, 0x6A05,
    0x6A04, 0x6A04, 0x6A04, 0x6A04, 0x69E4, 0x69E4, 0x61E4, 0x61C3,
    0x61C3, 0x61C3, 0x61C3, 0x69C3, 0x69C3, 0x69E3, 0x71E2, 0x71E3,
    0x7A03, 0x7A03, 0x7A03, 0x7A03, 0x79E3, 0x71E2, 0x71E2, 0x71E2,
    0x79E2, 0x79E2, 0x7A02, 0x7A02, 0x8223, 0x8243, 0x8202, 0xC42B,
    0xFE74, 0xBBAA, 0x9AC7, 0x92A7, 0x71C4, 0x69A4, 0x40E2, 0x38C1,
    0x38A1, 0x5122, 0x4902, 0x5102, 0x48E2, 0x38C1, 0x5122, 0x6183,
    0xA389, 0x7A86, 0x9307, 0xDCEB, 0xFDED, 0xFDED, 0xFDAC, 0xFDAC,
    0xFDED, 0xFDED, 0xFDCC, 0xFDAC, 0xFDAC, 0xF56B, 0xF56B, 0xECEA,
    0xE4EA, 0xDC89, 0xCBE7, 0x9201, 0x71A1, 0xB2E3, 0xAA41, 0xBAC3,
    0xB2A2, 0xB2A2, 0xBAC3, 0xCB03, 0xC2C2, 0xB262, 0xBA82, 0xC2C3,
    0xBAA2, 0xCB03, 0xDB64, 0xD323, 0xC303, 0xCB04, 0xD303, 0xD303,
    0xD303, 0xD344, 0xD344, 0xCB43, 0xED0B, 0xFDEF, 0xFDCE, 0xFE0F,
    0xFE0F, 0xFE30, 0xF58C, 0xEC87, 0xCAE2, 0xBA82, 0xC2C2, 0xCAE3,
    0xC2E3, 0xCB03, 0xB2A2, 0xBAA3, 0xC2E3, 0xC2A2, 0xC2C2, 0xC2C2,
    0xCAE2, 0xD323, 0xE3C4, 0xF4A7, 0xFDAD, 0xFE10, 0xFDEF, 0xFE10,
    0xFDEF, 0xFDEF, 0xFDEF, 0xFDEF, 0xFDEF, 0xFE11, 0xF58E, 0xF5CF,
    0xFE52, 0xFE51, 0xFE51, 0xFE10, 0xF56D, 0xDBC5, 0xC303, 0xBA82,
    0xCAE3, 0xC2C2, 0xDB64, 0xD324, 0xBA62, 0xD303, 0xC2C3, 0xC2C3,
    0xC2E3, 0xCAE3, 0xDB84, 0xDBA5, 0xCB03, 0xCB24, 0xD344, 0xDB64,
    0xEC87, 0xFE30, 0xFE52, 0xFE51, 0xFE10, 0xFDEF, 0xFDEF, 0xDCEB,
    0x9A82, 0xAA61, 0xBB02, 0xDC68, 0xE4C9, 0xED0A, 0xF52B, 0xF54B,
    0xF54A, 0xF54A, 0xFDAB, 0xFDAC, 0xFDED, 0xFDED, 0xFDED, 0xFE0E,
    0xFE2D, 0xFE2E, 0xF5CE, 0xE52C, 0xE54D, 0xBBEA, 0x8245, 0x71E4,
    0x92E7, 0x9308, 0x4922, 0x6183, 0x8225, 0x9AE8, 0x92C8, 0xAB29,
    0xD48F, 0xA40D, 0x938C, 0x93AC, 0x93AC, 0x9BCC, 0x9BCD, 0x9BED,
    0xA40D, 0xA40D, 0xA40E, 0xA40E, 0xA42E, 0xA42E, 0xA42E, 0xA42E,
    0xA42E, 0xA42E, 0xA42E, 0xA42E, 0xA40E, 0x9C0E, 0x9BED, 0x9BCD,
    0x93CD, 0x93AD, 0x8B6C, 0x834B, 0x832B, 0x7AEA, 0x6AAA, 0x6289,
    0x5A48, 0x5228, 0x5208, 0x5208, 0x5228, 0x5249, 0x5A69, 0x628A,
    0x6A05, 0x6A05, 0x6A05, 0x6A05, 0x6A25, 0x6A25, 0x6A25, 0x6A25,
    0x6A05, 0x6A05, 0x6A05, 0x6A05, 0x6A04, 0x6A04, 0x61E4, 0x61E4,
    0x61C3, 0x61C3, 0x69C3, 0x69C3, 0x69E3, 0x71E3, 0x71E3, 0x7203,
    0x7A03, 0x7A03, 0x7A03, 0x7A03, 0x7A03, 0x7A02, 0x79E2, 0x79E2,
    0x79E2, 0x7A02, 0x7A02, 0x8222, 0x8243, 0x8243, 0x8222, 0xD4AE,
    0xD48D, 0x8A46, 0x7A26, 0x8246, 0x8246, 0x8205, 0x4902, 0x5122,
    0x6163, 0x5963, 0x5963, 0x69A4, 0x6183, 0x48E1, 0x4901, 0x40E1,
    0x40C1, 0x3080, 0x3080, 0x5963, 0x8265, 0xB3C8, 0xE52C, 0xFDCD,
    0xFDED, 0xFDAC, 0xFD6A, 0xFD6B, 0xF58B, 0xF58C, 0xF56B, 0xED2B,
    0xE4A9, 0xDC48, 0xDC89, 0xA304, 0x8222, 0xAA82, 0xA201, 0xB282,
    0xB2A2, 0xB282, 0xC2C3, 0xC2C3, 0xBAA2, 0xCB03, 0xC2E3, 0xB282,
    0xB262, 0xC2C2, 0xC2C2, 0xCB03, 0xC2E3, 0xCB23, 0xD343, 0xD303,
    0xD303, 0xD324, 0xD323, 0xCB23, 0xE447, 0xF58D, 0xFDEF, 0xFE51,
    0xFE31, 0xFE30, 0xFDAD, 0xF4E9, 0xDB83, 0xC2C2, 0xC2E3, 0xC303,
    0xC2E3, 0xBAA2, 0xB282, 0xBAA2, 0xB282, 0xC2E2, 0xC2A2, 0xC2C2,
    0xD302, 0xDB84, 0xF509, 0xFDCE, 0xF5CE, 0xF5AE, 0xFE10, 0xFE0F,
    0xFE51, 0xFDEF, 0xFDEF, 0xF5EF, 0xF5CF, 0xFDF0, 0xFE10, 0xFE10,
    0xFE51, 0xFE10, 0xFDEF, 0xF5EF, 0xFDCF, 0xF52B, 0xD364, 0xBAA2,
    0xC2E3, 0xCB03, 0xB242, 0xC2A2, 0xC2C2, 0xC2C2, 0xC2C3, 0xBAA3,
    0xBAA2, 0xCB24, 0xCAE3, 0xE3A5, 0xDB84, 0xCB23, 0xC2E3, 0xDB43,
    0xF4E9, 0xFE30, 0xFE93, 0xFE51, 0xFE0F, 0xFE0F, 0xF5AE, 0xE50C,
    0xA2C3, 0x9A00, 0xC364, 0xDC27, 0xE4C9, 0xED2B, 0xF56B, 0xF56B,
    0xFD8B, 0xFD8B, 0xFD6A, 0xFD8B, 0xFDCC, 0xFDCC, 0xFDAD, 0xFE0E,
    0xD4CB, 0xA347, 0x7A45, 0x5162, 0x69E4, 0x6183, 0x6163, 0x5922,
    0x48E1, 0x5963, 0x4943, 0x4901, 0x71C4, 0x92A7, 0x9B09, 0xA329,
    0xD46E, 0xD4D0, 0x93AC, 0x8B8B, 0x93AC, 0x9BAC, 0x9BCD, 0x9BCD,
    0x9BED, 0x9BED, 0xA40D, 0xA40D, 0xA40E, 0xA40E, 0xA40E, 0xA40E,
    0xA40E, 0xA40E, 0x9C0E, 0xA40E, 0x9BEE, 0x9BED, 0x93CD, 0x93AD,
    0x93AD, 0x8B8C, 0x8B4B, 0x832B, 0x7B0A, 0x72CA, 0x6AA9, 0x6269,
    0x5A48, 0x5208, 0x51E7, 0x5208, 0x5228, 0x5249, 0x5A69, 0x628A,
    0x6A05, 0x6A05, 0x6A05, 0x6A05, 0x6A25, 0x6A25, 0x6A25, 0x6A25,
    0x6A25, 0x6A05, 0x6A05, 0x6A05, 0x6A05, 0x6205, 0x61E4, 0x61E4,
    0x61E4, 0x61E3, 0x69E3, 0x69E3, 0x69E3, 0x71E3, 0x7203, 0x7203,
    0x7A03, 0x7A23, 0x7A23, 0x7A03, 0x7A03, 0x7A03, 0x7A02, 0x7A02,
    0x7A02, 0x7A02, 0x7A02, 0x8223, 0x8243, 0x8243, 0xA2E6, 0xDCAE,
    0xBBAB, 0xAB29, 0x8A67, 0x7A26, 0x7A26, 0x5143, 0x38C1, 0x5963,
    0x6163, 0x6183, 0x5143, 0x4922, 0x38E2, 0x40E1, 0x5922, 0x5122,
    0x5122, 0x40E1, 0x38E1, 0x38C1, 0x3080, 0x4902, 0x69C3, 0xB3A8,
    0xF54C, 0xF52A, 0xF58B, 0xF5AD, 0xF58C, 0xF56C, 0xF54B, 0xED2B,
    0xE4EA, 0xDCA9, 0xD428, 0xA325, 0x8242, 0x9A21, 0x9A01, 0xBAE3,
    0xC2C3, 0xC2C2, 0xC2E3, 0xC2E3, 0xBAC3, 0xB2A3, 0xC2E3, 0xBAC3,
    0xB282, 0xBAA2, 0xCB24, 0xD344, 0xCAE3, 0xCB03, 0xCB03, 0xBAA2,
    0xBA82, 0xCB23, 0xC2C2, 0xCB03, 0xEC67, 0xFE10, 0xFE51, 0xFE10,
    0xFE10, 0xFDEE, 0xF5AD, 0xF58C, 0xEC46, 0xD363, 0xCB03, 0xC2E3,
    0xBAA2, 0xAA62, 0xB282, 0xBAA2, 0xBAC2, 0xC2E3, 0xC2E2, 0xC2C2,
    0xE3C4, 0xF4E9, 0xFDEE, 0xFDEF, 0xFDEF, 0xFE10, 0xF610, 0xFE10,
    0xFE51, 0xFE51, 0xFE52, 0xFE31, 0xF5F0, 0xED6D, 0xF56D, 0xFE31,
    0xFE31, 0xFDEF, 0xF5EF, 0xF5EF, 0xFE31, 0xFE31, 0xE4A9, 0xC2A2,
    0xC2C3, 0xC303, 0xBAA2, 0xBA82, 0xCB03, 0xCB03, 0xCB03, 0xC2E3,
    0xBAA2, 0xC2E3, 0xC2E3, 0xD323, 0xE3C5, 0xDBA4, 0xD364, 0xDB63,
    0xFD4A, 0xFE31, 0xFE51, 0xFE72, 0xFE30, 0xFE30, 0xF58E, 0xD449,
    0x9AA3, 0xA282, 0xCBE6, 0xDC88, 0xED0A, 0xED4B, 0xF56C, 0xF56B,
    0xFDAC, 0xFD8B, 0xF56B, 0xED09, 0xF54A, 0xE50B, 0x92C6, 0x7225,
    0x5162, 0x3080, 0x3080, 0x3080, 0x5142, 0x4902, 0x5122, 0x69A3,
    0x71E4, 0x71E5, 0x69C5, 0x4922, 0x4102, 0x5984, 0x8AA8, 0xB36B,
    0xC3EC, 0xDC8E, 0xC44E, 0x834B, 0x938B, 0x93AC, 0x9BAC, 0x9BCC,
    0x9BCD, 0x9BCD, 0x9BED, 0x9BED, 0x9BED, 0x9BED, 0x9BED, 0x9BED,
    0x9BED, 0x9BCD, 0x9BCD, 0x9BCD, 0x9BCD, 0x93CD, 0x93AD, 0x938C,
    0x8B8C, 0x8B6B, 0x834B, 0x832A, 0x7AEA, 0x72C9, 0x6A89, 0x6268,
    0x5A28, 0x5207, 0x5207, 0x5208, 0x5208, 0x5249, 0x5A69, 0x6289,
    0x6A05, 0x6A05, 0x6A05, 0x6A05, 0x6A25, 0x6A25, 0x6A25, 0x6A05,
    0x6A05, 0x6A05, 0x6A05, 0x6A05, 0x6A05, 0x6205, 0x61E4, 0x61E4,
    0x61E4, 0x61E4, 0x69E3, 0x69E3, 0x69E3, 0x7203, 0x7203, 0x7A03,
    0x7A23, 0x7A24, 0x7A24, 0x7A23, 0x7A23, 0x7A03, 0x7A03, 0x7A02,
    0x7A02, 0x7A02, 0x8223, 0x8243, 0x8A43, 0x8A43, 0xCC0B, 0xD42C,
    0xBBAB, 0x9AE8, 0x71E5, 0x69C4, 0x40E2, 0x30A1, 0x40E1, 0x5943,
    0x5963, 0x4922, 0x30A1, 0x28A1, 0x38C1, 0x40E1, 0x40C1, 0x30A1,
    0x40E2, 0x38C1, 0x38C1, 0x30A1, 0x30A1, 0x38C1, 0x40C1, 0x4902,
    0x69C3, 0x92A5, 0xE4CA, 0xFDAD, 0xF58C, 0xF56C, 0xED0A, 0xED2B,
    0xED0B, 0xDCCA, 0xCC28, 0x8263, 0x79E2, 0x9A01, 0xAA62, 0xBAE3,
    0xC2E3, 0xBAA2, 0xBAC2, 0xC303, 0xA262, 0x9A01, 0xA242, 0xBA82,
    0xB261, 0xC2E3, 0xD344, 0xD343, 0xCAE3, 0xC2C3, 0xBAA2, 0xBAA2,
    0xC2C2, 0xD343, 0xBA82, 0xCB23, 0xECE9, 0xFE51, 0xFDEF, 0xF5CE,
    0xFE51, 0xFDEE, 0xFDCD, 0xFDEE, 0xF56B, 0xECC9, 0xE3C5, 0xD344,
    0xC2C2, 0xB262, 0xBAA2, 0xBAC3, 0xBAA2, 0xCB03, 0xC2C2, 0xC2A1,
    0xF4E9, 0xF5AD, 0xFE31, 0xFE30, 0xFDEF, 0xF610, 0xFE52, 0xFE52,
    0xFE72, 0xFE52, 0xED8E, 0xE4CB, 0xE428, 0xDBA5, 0xDB84, 0xECEA,
    0xFDEF, 0xFE10, 0xFE10, 0xFE10, 0xFE10, 0xFE30, 0xF54C, 0xCB02,
    0xC2C3, 0xC2E3, 0xBAA2, 0xCAE3, 0xD364, 0xCB23, 0xD344, 0xC2E2,
    0xB282, 0xBAC3, 0xCB24, 0xBA82, 0xD323, 0xDB84, 0xE3A4, 0xEC46,
    0xFD6B, 0xFE30, 0xFE0F, 0xFE52, 0xFE51, 0xF5CF, 0xED6E, 0xD3A7,
    0x9A83, 0xA2E4, 0xD448, 0xE4EA, 0xE4CA, 0xED2B, 0xF56C, 0xF54B,
    0xF58C, 0xF58B, 0xFD8C, 0xED0B, 0xD48A, 0x7A25, 0x3080, 0x2860,
    0x3080, 0x38A1, 0x38A1, 0x48E1, 0x5922, 0x4902, 0x4902, 0x6183,
    0x71E4, 0x71E4, 0x69C4, 0x6183, 0x5122, 0x5142, 0x61A4, 0x92C8,
    0xC3CC, 0xBBCB, 0xDCAF, 0xA3CC, 0x8B6B, 0x93AC, 0x93AC, 0x9BCC,
    0x9BCC, 0x9BCD, 0x9BCD, 0x9BED, 0x9BED, 0x9BED, 0x9BCD, 0x9BCD,
    0x9BCD, 0x9BCD, 0x93AD, 0x93AD, 0x93AD, 0x93AC, 0x938C, 0x8B8C,
    0x8B6C, 0x834B, 0x832B, 0x7B0A, 0x72CA, 0x72A9, 0x6A88, 0x6248,
    0x5A28, 0x5207, 0x5208, 0x5208, 0x5228, 0x5A49, 0x5A69, 0x6289,
    0x6A05, 0x6A05, 0x6A05, 0x6A05, 0x6A05, 0x6A05, 0x6A05, 0x6A05,
    0x6A05, 0x6205, 0x6205, 0x6A05, 0x6205, 0x6205, 0x61E5, 0x61E4,
    0x61E4, 0x61E4, 0x69E4, 0x69E3, 0x71E3, 0x7203, 0x7224, 0x7A24,
    0x7A24, 0x7A44, 0x8244, 0x8223, 0x7A23, 0x7A23, 0x7A03, 0x7A03,
    0x7A03, 0x7A03, 0x8223, 0x8243, 0x8A43, 0xA307, 0xD44D, 0xB34A,
    0x9AE8, 0x8266, 0x69C4, 0x5963, 0x30A1, 0x30A1, 0x38A1, 0x5122,
    0x4102, 0x4102, 0x4902, 0x40E2, 0x4902, 0x3081, 0x2880, 0x38C1,
    0x40E1, 0x30A1, 0x2881, 0x30A1, 0x30A1, 0x38C1, 0x40E1, 0x40E1,
    0x40E1, 0x40C1, 0x7A04, 0xAB67, 0xE4CA, 0xF56C, 0xED2B, 0xED0A,
    0xE4C9, 0xDC89, 0xCC28, 0x7A23, 0x8202, 0xAA41, 0xAA61, 0xBAA2,
    0xC2C2, 0xBA82, 0xC2E3, 0xBAC3, 0xAA62, 0xB282, 0xA221, 0xB261,
    0x99E1, 0xC2C3, 0xBAA2, 0xC2C2, 0xB241, 0xBAA2, 0xC2E3, 0xC2E3,
    0xC2C2, 0xC2A2, 0xC2A2, 0xE405, 0xF58D, 0xF5EF, 0xFDEF, 0xFE0F,
    0xFE30, 0xFDAD, 0xFE0F, 0xFE0F, 0xF5CE, 0xFDEE, 0xECC9, 0xDB63,
    0xC2C2, 0xB282, 0xC2A2, 0xBA82, 0xC2C2, 0xCB03, 0xD322, 0xE406,
    0xF5AD, 0xF56C, 0xFE52, 0xFE10, 0xFE0F, 0xF5AE, 0xFE10, 0xFE10,
    0xF610, 0xF58E, 0xDC48, 0xCB44, 0xCAE3, 0xBA82, 0xCB23, 0xDBE5,
    0xF56C, 0xFDEF, 0xFE10, 0xFE31, 0xFE10, 0xF5EF, 0xF5AD, 0xE427,
    0xD343, 0xD344, 0xBAA2, 0xC2A2, 0xCAE3, 0xD344, 0xC2C2, 0xCB03,
    0xBAA2, 0xBAC3, 0xC303, 0xC2E3, 0xC2C2, 0xD343, 0xDB83, 0xF4E9,
    0xFDCD, 0xFDEF, 0xFDEF, 0xFDCE, 0xFE93, 0xED2C, 0xDC8A, 0xD3A6,
    0xA262, 0xA305, 0xD448, 0xDCA9, 0xE4EA, 0xED2B, 0xED2B, 0xED4B,
    0xF56B, 0xED4B, 0xC409, 0x7A65, 0x7A45, 0x38C1, 0x30A0, 0x40E1,
    0x5122, 0x38C1, 0x2060, 0x4901, 0x38C1, 0x38C1, 0x5122, 0x5122,
    0x6163, 0x5943, 0x4902, 0x40E2, 0x40E1, 0x5143, 0x69A4, 0x61A4,
    0xA329, 0xB3AB, 0xD44D, 0xC46E, 0x938C, 0x93AC, 0x93AC, 0x9BCC,
    0x9BCD, 0x9BCD, 0x9BED, 0x9BED, 0x9BED, 0x9BED, 0x9BCD, 0x9BCD,
    0x9BCD, 0x93CD, 0x93CD, 0x93AD, 0x93AC, 0x938C, 0x938C, 0x8B6C,
    0x8B6B, 0x834B, 0x7B0A, 0x7AEA, 0x72C9, 0x72A9, 0x6A68, 0x6248,
    0x5A28, 0x5A28, 0x5228, 0x5228, 0x5228, 0x5A49, 0x6269, 0x6289,
    0x6205, 0x6205, 0x6205, 0x6A05, 0x6A05, 0x6A05, 0x6205, 0x6205,
    0x6205, 0x6205, 0x6205, 0x6205, 0x6205, 0x61E5, 0x61E4, 0x61E4,
    0x61E4, 0x61E4, 0x69E4, 0x69E3, 0x7203, 0x7203, 0x7224, 0x7A24,
    0x7A44, 0x8244, 0x8244, 0x8244, 0x8223, 0x7A23, 0x8223, 0x7A23,
    0x7A03, 0x8223, 0x8223, 0x8243, 0x8A64, 0xCC2C, 0xCC0C, 0x92C8,
    0x92A7, 0x92A7, 0x71E5, 0x38C1, 0x38C1, 0x48E2, 0x5963, 0x4902,
    0x4902, 0x5122, 0x38E1, 0x40E1, 0x40E1, 0x2881, 0x2060, 0x38C1,
    0x30A1, 0x28A1, 0x30A1, 0x38C1, 0x40E2, 0x30A1, 0x38A1, 0x38C1,
    0x4922, 0x40C1, 0x5142, 0x5122, 0x8A84, 0xE4CA, 0xED2B, 0xE4EA,
    0xE4EA, 0xDCCA, 0xCC07, 0x7A02, 0x8A43, 0xAA82, 0xB2A2, 0xC2E3,
    0xC2C2, 0xC2A2, 0xCB24, 0xC2E3, 0xC303, 0xBAA2, 0xAA41, 0xBA82,
    0xCAE3, 0xC2C3, 0xB282, 0xBAA2, 0xAA42, 0xC2C3, 0xC2E3, 0xC2E3,
    0xC2C2, 0xC2C2, 0xE426, 0xFD8D, 0xFE0F, 0xFE31, 0xF5AE, 0xFDEE,
    0xFDEE, 0xF5CE, 0xFDEF, 0xFDEF, 0xF5CF, 0xF5CE, 0xF58C, 0xE406,
    0xC2E2, 0xBAC2, 0xBAA2, 0xCB03, 0xD343, 0xDB83, 0xEC67, 0xF56C,
    0xF5AE, 0xF58D, 0xFE31, 0xF5EF, 0xF5AE, 0xF5F0, 0xF5CF, 0xF5AE,
    0xED4C, 0xD3A5, 0xDBC6, 0xDB85, 0xCAE3, 0xBA82, 0xC2E3, 0xD343,
    0xE447, 0xFDEF, 0xFE31, 0xFE31, 0xFE10, 0xF5F0, 0xF5CF, 0xF58D,
    0xDBA5, 0xC2C2, 0xC2A2, 0xCB03, 0xC2C3, 0xCB23, 0xC303, 0xC2C3,
    0xBAA2, 0xC2E3, 0xC2E3, 0xC2E3, 0xC2E3, 0xD343, 0xEC05, 0xF52A,
    0xFDCD, 0xFE0F, 0xFE31, 0xF5AE, 0xFE10, 0xF5AF, 0xD408, 0xCB65,
    0xAAA3, 0xA325, 0xCC27, 0xDCA9, 0xE4CA, 0xED2B, 0xE50B, 0xED2B,
    0xDCAA, 0xA347, 0x5122, 0x2040, 0x2880, 0x38E1, 0x40C1, 0x5122,
    0x5922, 0x40C1, 0x3080, 0x40E1, 0x38A1, 0x2060, 0x38A1, 0x40E1,
    0x5943, 0x5943, 0x4902, 0x38C1, 0x30A1, 0x4902, 0x71C4, 0x71C5,
    0x7A26, 0x8287, 0xB38B, 0xE4CF, 0xAC2E, 0x9BCD, 0x9BCD, 0x9BCD,
    0x9BED, 0x9BED, 0x9BED, 0xA3ED, 0x9BED, 0x9BED, 0x9BED, 0x9BCD,
    0x9BCD, 0x9BCD, 0x93CD, 0x93AD, 0x93AD, 0x93AC, 0x938C, 0x8B8C,
    0x8B6B, 0x834B, 0x830B, 0x7B0A, 0x7AEA, 0x72A9, 0x6A88, 0x6268,
    0x5A48, 0x5A48, 0x5A28, 0x5A49, 0x5A49, 0x5A69, 0x6289, 0x6289,
    0x6205, 0x6205, 0x61E5, 0x61E5, 0x61E5, 0x61E5, 0x6205, 0x6205,
    0x6205, 0x61E5, 0x61E5, 0x61E5, 0x61E5, 0x61E5, 0x61E4, 0x61E4,
    0x61C4, 0x61C4, 0x61E4, 0x69E3, 0x69E3, 0x7203, 0x7204, 0x7A24,
    0x7A44, 0x8244, 0x8244, 0x8244, 0x8244, 0x8243, 0x8223, 0x8223,
    0x8223, 0x8223, 0x8243, 0x8223, 0xAB27, 0xDCAF, 0xBB8B, 0x9AE9,
    0x92A8, 0x7205, 0x4922, 0x4122, 0x40E2, 0x4902, 0x4922, 0x38E2,
    0x40E2, 0x40E2, 0x40E2, 0x4902, 0x30A1, 0x2061, 0x1860, 0x30A1,
    0x30A1, 0x30A1, 0x30A1, 0x38C1, 0x48E2, 0x2880, 0x30A1, 0x38C1,
    0x40C1, 0x38A1, 0x38C1, 0x4901, 0x38A1, 0x69E3, 0xCC28, 0xDCA9,
    0xE4EA, 0xDCCA, 0xC408, 0x6181, 0x92A4, 0xBB03, 0xBAC2, 0xCB03,
    0xC2E3, 0xC303, 0xC303, 0xC2C3, 0xCB03, 0xB282, 0xBAC3, 0xCB03,
    0xC2E3, 0xBA82, 0xC2E3, 0xC2C3, 0xC2E3, 0xCAE3, 0xCB03, 0xC2E3,
    0xCB23, 0xEC47, 0xFDAD, 0xFE30, 0xFE51, 0xFDEF, 0xF58C, 0xFE0F,
    0xF5CE, 0xF5AD, 0xF5CE, 0xF5AE, 0xF5CE, 0xF5AE, 0xF5AD, 0xF52A,
    0xE3E4, 0xD343, 0xD343, 0xDB63, 0xEC46, 0xF529, 0xED2B, 0xF5AE,
    0xF5AE, 0xF5AE, 0xFE31, 0xF5EF, 0xF58D, 0xF5EF, 0xF5AE, 0xE4AA,
    0xE448, 0xCB03, 0xD324, 0xD323, 0xCAC2, 0xC2C2, 0xC2E3, 0xCB24,
    0xD343, 0xE467, 0xFE30, 0xFE51, 0xF5EF, 0xF610, 0xF5EF, 0xFE10,
    0xECEA, 0xC2A2, 0xB282, 0xBAC2, 0xBAA2, 0xC2C3, 0xCB03, 0xC2C3,
    0xBAC3, 0xCB03, 0xD344, 0xD343, 0xDB83, 0xEC46, 0xF56B, 0xFE30,
    0xFDEE, 0xF5AD, 0xFE52, 0xFE31, 0xFE10, 0xE4EC, 0xCBA7, 0xC2E3,
    0xA283, 0x9AE5, 0xCC07, 0xD489, 0xD469, 0xE4EA, 0xDCAA, 0xAB67,
    0x7A45, 0x4901, 0x30A0, 0x2880, 0x2040, 0x2880, 0x38C1, 0x40E1,
    0x40C1, 0x38A1, 0x30A1, 0x40C1, 0x38C1, 0x2860, 0x38A1, 0x4102,
    0x4902, 0x5143, 0x5122, 0x4102, 0x30A1, 0x30C1, 0x5963, 0x61A4,
    0x8246, 0x92C8, 0x92C8, 0xC3EC, 0xDCCF, 0xAC2E, 0x9BED, 0xA3ED,
    0xA3ED, 0xA3ED, 0xA40E, 0xA40E, 0xA40E, 0xA40E, 0xA40E, 0x9BED,
    0x9BED, 0x9BED, 0x9BED, 0x9BCD, 0x93CD, 0x93AD, 0x93AC, 0x938C,
    0x8B6C, 0x8B4B, 0x834B, 0x7B2B, 0x7AEA, 0x72C9, 0x6A89, 0x6268,
    0x6248, 0x5A48, 0x5A49, 0x5A69, 0x5A69, 0x628A, 0x628A, 0x6289,
    0x61E5, 0x59E5, 0x59C4, 0x61E5, 0x61E5, 0x61E5, 0x61E5, 0x61E5,
    0x61E5, 0x61E5, 0x61E4, 0x61E4, 0x61E4, 0x61E4, 0x61C4, 0x61C4,
    0x61C4, 0x61C4, 0x61C3, 0x69C3, 0x69E3, 0x71E3, 0x7203, 0x7A24,
    0x7A24, 0x8244, 0x8244, 0x8244, 0x8244, 0x8243, 0x8223, 0x8223,
    0x8223, 0x8243, 0x8243, 0x8A64, 0xD46D, 0xD46E, 0xAB4A, 0x92A7,
    0x7205, 0x6184, 0x5143, 0x4922, 0x4102, 0x4943, 0x38E2, 0x30C1,
    0x5122, 0x4902, 0x48E2, 0x30A1, 0x2060, 0x1020, 0x2060, 0x2880,
    0x2060, 0x2881, 0x38C1, 0x2880, 0x38A1, 0x30A1, 0x3081, 0x3081,
    0x3080, 0x38C1, 0x38A1, 0x30A1, 0x40E1, 0x38C1, 0x5962, 0xB3A7,
    0xDCA9, 0xD469, 0xBBC7, 0x7203, 0xA326, 0xCBC7, 0xCB44, 0xC2C2,
    0xBAC2, 0xCB03, 0xBAC2, 0xBA82, 0xBA82, 0xBA82, 0xCB03, 0xBA82,
    0xC2C2, 0xCAE2, 0xC2A2, 0xBAA2, 0xBAA2, 0xCB03, 0xC2C2, 0xD323,
    0xEC46, 0xF58D, 0xFDEF, 0xFE30, 0xFDEF, 0xF58D, 0xF5CE, 0xFE0F,
    0xF5CF, 0xF5EF, 0xF5CE, 0xF58D, 0xFDEF, 0xF5CE, 0xF5AD, 0xF5AD,
    0xF52A, 0xF4C8, 0xF509, 0xECC9, 0xFDCD, 0xF56B, 0xECEA, 0xF5CF,
    0xF5AE, 0xF5EF, 0xFE31, 0xF5EF, 0xF5EF, 0xF5AE, 0xE4CA, 0xD364,
    0xDB84, 0xBA82, 0xCAC2, 0xDB23, 0xCAA2, 0xCAE3, 0xCAE3, 0xCB23,
    0xC2E3, 0xDB63, 0xF56C, 0xFE51, 0xF5F0, 0xFE10, 0xF5F0, 0xFE10,
    0xF56C, 0xCB44, 0xBAA2, 0xC2E3, 0xC2E3, 0xC2C2, 0xC2C2, 0xCB03,
    0xC2E3, 0xCB03, 0xDB43, 0xE3C4, 0xEC45, 0xF52A, 0xFE10, 0xFE72,
    0xFE93, 0xFE30, 0xFDEF, 0xFE10, 0xED6E, 0xC386, 0xB282, 0xBAA2,
    0xA2A3, 0x92A4, 0xBBC7, 0xC3E7, 0xD448, 0xCC49, 0x6A04, 0x40E1,
    0x40E1, 0x38A1, 0x2880, 0x2880, 0x2860, 0x2880, 0x30A1, 0x40C1,
    0x38C1, 0x38A1, 0x3080, 0x30A1, 0x30A1, 0x2880, 0x2880, 0x4902,
    0x6183, 0x5942, 0x5123, 0x4922, 0x4102, 0x4902, 0x4923, 0x38E2,
    0x61A4, 0x8267, 0xA34A, 0xBBCB, 0xDC8E, 0xC4AF, 0x9BED, 0xA40E,
    0xA40E, 0xA40E, 0xA40E, 0xA40E, 0xA40E, 0xA40E, 0xA40E, 0xA40E,
    0xA40E, 0x9BEE, 0x9BEE, 0x9BED, 0x9BCD, 0x93CD, 0x93AD, 0x93AD,
    0x8B8C, 0x8B6C, 0x834B, 0x832B, 0x7B0A, 0x72CA, 0x6AA9, 0x6A89,
    0x6269, 0x6269, 0x6269, 0x6269, 0x628A, 0x62AA, 0x6AAA, 0x6289,
    0x59C5, 0x59C5, 0x59C5, 0x59C5, 0x59C5, 0x59E5, 0x59C5, 0x59C5,
    0x59C5, 0x59C5, 0x59C5, 0x59C4, 0x59C4, 0x59C4, 0x59C4, 0x59C4,
    0x59C4, 0x61C4, 0x61C3, 0x61C3, 0x69E3, 0x7204, 0x7204, 0x7A24,
    0x7A24, 0x8244, 0x8244, 0x8244, 0x8244, 0x8244, 0x8243, 0x8223,
    0x8223, 0x8243, 0x8223, 0xA307, 0xE4CF, 0xBBAB, 0x9AC8, 0x7A26,
    0x71E5, 0x5963, 0x4922, 0x4102, 0x3902, 0x4922, 0x30C1, 0x4102,
    0x38C1, 0x38C1, 0x38C1, 0x2861, 0x2060, 0x1860, 0x2881, 0x2860,
    0x2060, 0x2060, 0x3081, 0x2880, 0x2860, 0x2060, 0x2060, 0x2880,
    0x2881, 0x40E1, 0x4902, 0x30A1, 0x40C1, 0x38A1, 0x3080, 0x6182,
    0xBBA7, 0xD469, 0xAB46, 0x7A23, 0xB387, 0xD448, 0xD407, 0xC323,
    0xCB23, 0xBAA2, 0xBA81, 0xAA41, 0xAA41, 0xC2E2, 0xCB03, 0xC2C2,
    0xCAE2, 0xBA82, 0xB281, 0xB241, 0xBA82, 0xC2E3, 0xCB23, 0xE3A4,
    0xF54B, 0xF5AD, 0xF5EE, 0xFDCE, 0xFDCE, 0xFDCE, 0xFE0F, 0xFE0F,
    0xFDEF, 0xFDEF, 0xF5CE, 0xFE10, 0xFDEF, 0xFE10, 0xFE0F, 0xFDEF,
    0xF5AD, 0xFDEE, 0xFDEE, 0xF5AD, 0xF5CE, 0xF56C, 0xF5AE, 0xF5EF,
    0xF5AE, 0xF610, 0xF5F0, 0xF58E, 0xED4D, 0xECCA, 0xD365, 0xCB23,
    0xC2C3, 0xBA62, 0xCAE2, 0xD323, 0xBA82, 0xCAE3, 0xD323, 0xD343,
    0xD364, 0xD323, 0xEC88, 0xFE10, 0xF5EF, 0xF5EF, 0xF5EF, 0xFE10,
    0xF5CE, 0xDBC6, 0xCB23, 0xC2E3, 0xBAA2, 0xBAA2, 0xBA82, 0xCB03,
    0xC2C2, 0xCAE1, 0xDB83, 0xF4E9, 0xF52A, 0xF56C, 0xFE10, 0xFE93,
    0xFE52, 0xFE72, 0xFE31, 0xFE51, 0xE50C, 0xC2E3, 0xBA82, 0xBAC3,
    0xB2C3, 0x9284, 0xAB66, 0xCC28, 0xCC29, 0x7203, 0x2860, 0x40C1,
    0x48E1, 0x40C1, 0x38A1, 0x2860, 0x30A1, 0x30A1, 0x2880, 0x38A1,
    0x3080, 0x2880, 0x30A1, 0x38C1, 0x30A1, 0x38C1, 0x2880, 0x38A1,
    0x4902, 0x5963, 0x5143, 0x5143, 0x4922, 0x5943, 0x69A4, 0x4923,
    0x5964, 0x69E5, 0x8AA8, 0xA309, 0xD42D, 0xE510, 0xAC2E, 0xA40E,
    0xAC2E, 0xA42E, 0xAC2E, 0xA42E, 0xA42E, 0xA42E, 0xA42E, 0xA40E,
    0xA40E, 0xA40E, 0xA40E, 0x9BEE, 0x9BED, 0x9BCD, 0x93AD, 0x93AD,
    0x938C, 0x8B8C, 0x8B4B, 0x832B, 0x7B0A, 0x72EA, 0x72AA, 0x6AA9,
    0x6289, 0x6269, 0x6269, 0x628A, 0x628A, 0x6AAA, 0x6AAA, 0x6289,
    0x51C5, 0x51C5, 0x59C5, 0x59C5, 0x59C5, 0x59C5, 0x59C5, 0x59C5,
    0x59C5, 0x59C5, 0x59C5, 0x59E5, 0x59E5, 0x59E5, 0x59E5, 0x59C5,
    0x59C5, 0x61E5, 0x61E5, 0x61E5, 0x6A05, 0x7225, 0x7225, 0x7A25,
    0x7A45, 0x8265, 0x8265, 0x8264, 0x8244, 0x8244, 0x8243, 0x8243,
    0x8243, 0x8A43, 0x8A43, 0xD44D, 0xCC4D, 0xA309, 0x9AC8, 0x8246,
    0x69C4, 0x4902, 0x5122, 0x4102, 0x6183, 0x5122, 0x30C1, 0x4102,
    0x4102, 0x4102, 0x40C1, 0x2881, 0x2040, 0x2060, 0x3081, 0x2060,
    0x2881, 0x2881, 0x3081, 0x3081, 0x38A1, 0x2060, 0x2880, 0x30A1,
    0x2881, 0x30A1, 0x4902, 0x38C1, 0x38C1, 0x40C1, 0x30A1, 0x38A0,
    0x7A03, 0xC3E8, 0x9AE5, 0x7A23, 0xBBC7, 0xD449, 0xD448, 0xD3E6,
    0xD384, 0xDBE5, 0xD364, 0xB281, 0xC2E3, 0xD323, 0xBA82, 0xB241,
    0x9A01, 0xAA61, 0x9A01, 0x99E1, 0xBAA2, 0xCB03, 0xD344, 0xDBE5,
    0xFDCD, 0xFDCE, 0xF5AD, 0xF5CE, 0xFE10, 0xF5CE, 0xFE10, 0xF610,
    0xFE30, 0xFE10, 0xF5EF, 0xFE0F, 0xFDEF, 0xFE30, 0xFE10, 0xFE30,
    0xFDEE, 0xFE0F, 0xFE0F, 0xF5CE, 0xFDEF, 0xF5EF, 0xF5CF, 0xF5EF,
    0xF5AE, 0xF610, 0xED0B, 0xD3E7, 0xDC07, 0xDBA5, 0xC303, 0xBAA3,
    0xBA82, 0xB262, 0xBA82, 0xCB24, 0xC303, 0xBA82, 0xCB03, 0xD343,
    0xD364, 0xDB84, 0xDBA4, 0xF54B, 0xFDF0, 0xF5AE, 0xF5CE, 0xF5EF,
    0xFE30, 0xECEB, 0xD364, 0xCB03, 0xC2C3, 0xBA82, 0xB241, 0xBAA2,
    0xE426, 0xE426, 0xECA8, 0xF58C, 0xF56B, 0xF54B, 0xF56C, 0xFE52,
    0xFE52, 0xFE31, 0xFDEF, 0xFE51, 0xED8E, 0xD385, 0xD344, 0xCB24,
    0xB2C3, 0x8243, 0xAB46, 0xB3A8, 0x61C3, 0x3080, 0x3080, 0x38C1,
    0x40C1, 0x38C1, 0x38C1, 0x2880, 0x28A1, 0x38C1, 0x3080, 0x2880,
    0x2060, 0x2060, 0x28A1, 0x30C1, 0x38C1, 0x38C1, 0x2860, 0x30A1,
    0x30A1, 0x5143, 0x6184, 0x6184, 0x69A4, 0x5963, 0x5983, 0x4102,
    0x5163, 0x8A67, 0x9B09, 0x92A8, 0xBBAB, 0xED10, 0xCCAF, 0xA40E,
    0xAC2E, 0xAC2E, 0xAC2E, 0xAC2E, 0xA42E, 0xA42E, 0xA42E, 0xA40E,
    0xA40E, 0xA40E, 0xA40E, 0xA40E, 0x9BEE, 0x9BCD, 0x9BCD, 0x93AD,
    0x93AD, 0x8B8C, 0x8B6C, 0x834B, 0x7B2B, 0x72EA, 0x72AA, 0x6AA9,
    0x6A89, 0x6269, 0x6269, 0x628A, 0x62AA, 0x6ACA, 0x6AAA, 0x6289,
    0x51E6, 0x51E6, 0x51E6, 0x59E6, 0x59E6, 0x59E6, 0x59C5, 0x59C5,
    0x59C5, 0x59E6, 0x5A06, 0x6206, 0x6206, 0x6206, 0x6206, 0x6206,
    0x6206, 0x6206, 0x6226, 0x6A26, 0x6A26, 0x7246, 0x7246, 0x7A46,
    0x7A66, 0x8286, 0x8286, 0x8265, 0x8265, 0x8244, 0x8243, 0x8243,
    0x8243, 0x8223, 0xAB48, 0xE4CF, 0xBBAB, 0x9AE8, 0x92C8, 0x8246,
    0x5122, 0x4102, 0x5943, 0x5123, 0x6184, 0x38C1, 0x4922, 0x38E2,
    0x40E2, 0x40E2, 0x30A1, 0x2060, 0x1840, 0x3081, 0x38A1, 0x2060,
    0x2080, 0x2881, 0x2881, 0x3081, 0x3081, 0x2880, 0x3081, 0x2860,
    0x2880, 0x2880, 0x30A1, 0x38C1, 0x40E1, 0x48E1, 0x40C1, 0x40C1,
    0x38A0, 0x7A24, 0x8A84, 0x8263, 0xC428, 0xD469, 0xDC68, 0xE4C9,
    0xECE9, 0xED6B, 0xECA8, 0xDBE5, 0xD343, 0xCAE2, 0xB261, 0xB262,
    0xA221, 0xA241, 0x91C0, 0xB261, 0xC2C2, 0xCB23, 0xCB02, 0xE446,
    0xFDEE, 0xFE0F, 0xF5CD, 0xFE30, 0xFE0F, 0xFE10, 0xFE10, 0xF5EF,
    0xF630, 0xF5AE, 0xF610, 0xFE10, 0xFE10, 0xFE30, 0xFE0F, 0xFE30,
    0xFE0F, 0xFDEE, 0xFDCE, 0xF58D, 0xFDCE, 0xFE10, 0xF5EF, 0xF610,
    0xF610, 0xF58E, 0xCB65, 0xB262, 0xCB03, 0xDB64, 0xC303, 0xB262,
    0xC2C2, 0xC2A2, 0xAA01, 0xBAC3, 0xCB44, 0xCAE3, 0xD323, 0xCAE2,
    0xC2C2, 0xC303, 0xCB23, 0xD363, 0xF56C, 0xF631, 0xF631, 0xFE10,
    0xF5EF, 0xF5AE, 0xEC88, 0xCB23, 0xCB23, 0xCB23, 0xC2E2, 0xDBE5,
    0xF56B, 0xF56C, 0xF54B, 0xF5CE, 0xFDEE, 0xF5CE, 0xF58D, 0xFE10,
    0xFE31, 0xFE10, 0xFE10, 0xFE10, 0xED4D, 0xD385, 0xD365, 0xD344,
    0xBAC3, 0x7A03, 0x92C5, 0x59A3, 0x2040, 0x2880, 0x2880, 0x2880,
    0x30A0, 0x30A1, 0x3080, 0x2880, 0x30A1, 0x30A1, 0x30A1, 0x3080,
    0x2880, 0x38A1, 0x40E1, 0x40E2, 0x30A1, 0x40E1, 0x2880, 0x2881,
    0x1860, 0x30C1, 0x4922, 0x4922, 0x6183, 0x5963, 0x5963, 0x4922,
    0x4102, 0x69A4, 0x9287, 0xA309, 0x9AC8, 0xC3EC, 0xE531, 0xB48F,
    0xAC4E, 0xAC4E, 0xAC2E, 0xA42E, 0xA42E, 0xA42E, 0xA42E, 0xA40E,
    0xA40E, 0xA40E, 0xA40E, 0xA40E, 0x9BEE, 0x9BEE, 0x9BCD, 0x93CD,
    0x93AD, 0x938C, 0x8B6C, 0x834B, 0x7B2B, 0x7AEA, 0x72AA, 0x6A89,
    0x6289, 0x6269, 0x5A69, 0x5A69, 0x628A, 0x6AAA, 0x628A, 0x6269,
    0x5207, 0x5207, 0x5A07, 0x5A07, 0x5A27, 0x5A27, 0x5A27, 0x5A27,
    0x6227, 0x6227, 0x6227, 0x6248, 0x6248, 0x6248, 0x6A48, 0x6A48,
    0x6A48, 0x6A48, 0x6A48, 0x6A48, 0x7268, 0x7268, 0x7288, 0x7A88,
    0x7A88, 0x82A8, 0x82A7, 0x8286, 0x8285, 0x8265, 0x8244, 0x8243,
    0x8243, 0x8A43, 0xD46D, 0xD46D, 0xA2E8, 0x92A8, 0x8226, 0x6184,
    0x4902, 0x4902, 0x5143, 0x5143, 0x5143, 0x4102, 0x4922, 0x4102,
    0x40E2, 0x30A1, 0x2881, 0x1840, 0x1840, 0x30A1, 0x30A1, 0x30A1,
    0x2881, 0x2081, 0x2060, 0x3081, 0x1840, 0x2881, 0x2881, 0x2881,
    0x3081, 0x2060, 0x2060, 0x30A1, 0x40C1, 0x40C1, 0x40E1, 0x38C1,
    0x30A0, 0x4901, 0x71E2, 0x92C4, 0xBBE8, 0xCC48, 0xDCA9, 0xE50A,
    0xED6C, 0xF58C, 0xF54A, 0xECE8, 0xDBC4, 0xCAC2, 0xD303, 0xBAA2,
    0xAA61, 0xAA41, 0xA221, 0xB241, 0xC2C2, 0xD323, 0xCB02, 0xED0A,
    0xFE71, 0xFE0F, 0xFDEE, 0xFE0F, 0xFDEE, 0xFE51, 0xF5EF, 0xF5CE,
    0xF5AE, 0xED2C, 0xFE30, 0xF5CF, 0xFE30, 0xFDCD, 0xFDCE, 0xFDEF,
    0xFE0F, 0xFDEF, 0xF5AD, 0xF52B, 0xF5AD, 0xFE30, 0xFE10, 0xF5CF,
    0xF5CF, 0xE4AA, 0xCB03, 0xC304, 0xC2C3, 0xC2A2, 0xBA82, 0xBAC2,
    0xBA82, 0xC2A2, 0xBA82, 0xC2E3, 0xCB44, 0xD323, 0xD303, 0xCAC2,
    0xBAA2, 0xC2E3, 0xCB23, 0xCB02, 0xE406, 0xF5EF, 0xFE51, 0xF5CE,
    0xF5AE, 0xF5AE, 0xF58C, 0xEC67, 0xE446, 0xF52A, 0xECA7, 0xED0A,
    0xF58C, 0xF5CE, 0xF5AD, 0xFE0F, 0xFDEE, 0xFDEF, 0xF5EF, 0xF5CE,
    0xFE30, 0xFE10, 0xFE31, 0xF5CE, 0xF56D, 0xCB86, 0xB2A2, 0xC303,
    0xB2A2, 0x6981, 0x5162, 0x1820, 0x2060, 0x2860, 0x30A0, 0x2880,
    0x30A1, 0x2880, 0x2860, 0x2881, 0x38C1, 0x30A1, 0x2040, 0x2040,
    0x2040, 0x30A0, 0x30A1, 0x30A1, 0x30A1, 0x30A1, 0x38A1, 0x2060,
    0x1860, 0x30A1, 0x40E2, 0x4902, 0x5122, 0x5963, 0x5143, 0x5943,
    0x5143, 0x6184, 0x7A05, 0x9287, 0x9AC8, 0x9287, 0xDC8E, 0xCCD0,
    0xA44E, 0xAC4E, 0xAC2E, 0xAC2E, 0xAC2E, 0xAC2E, 0xA42E, 0xA40E,
    0xA40E, 0xA40E, 0xA40E, 0xA40E, 0x9BEE, 0x9BEE, 0x9BED, 0x9BCD,
    0x93AD, 0x8B8C, 0x8B6C, 0x834B, 0x7B2B, 0x7AEA, 0x6AA9, 0x6A89,
    0x6269, 0x5A69, 0x5A49, 0x5A69, 0x5A69, 0x628A, 0x6269, 0x5A49,
    0x5208, 0x5208, 0x5A28, 0x5A48, 0x6249, 0x6249, 0x6249, 0x6269,
    0x6269, 0x6A69, 0x6A69, 0x6A69, 0x6A69, 0x6A69, 0x6A69, 0x6A69,
    0x6A89, 0x7289, 0x7289, 0x7289, 0x72A9, 0x72A9, 0x7AA9, 0x7AA9,
    0x7AC9, 0x82C9, 0x82C8, 0x82A7, 0x8286, 0x8265, 0x8264, 0x8A43,
    0x8223, 0x9AA5, 0xE4EF, 0xAB49, 0x92A7, 0x7A26, 0x8226, 0x69C5,
    0x5963, 0x5143, 0x5163, 0x61A4, 0x5163, 0x4102, 0x4102, 0x40E2,
    0x40E2, 0x2881, 0x30A1, 0x2060, 0x1860, 0x30A1, 0x2881, 0x2881,
    0x2881, 0x30A1, 0x2060, 0x2060, 0x2880, 0x2881, 0x38C1, 0x2060,
    0x30A1, 0x2860, 0x3081, 0x2860, 0x30A0, 0x38A1, 0x40C1, 0x48E1,
    0x30A0, 0x38A0, 0x6181, 0x9AE5, 0xB387, 0xD48A, 0xE50B, 0xED4C,
    0xED6C, 0xE4E9, 0xECE9, 0xF56B, 0xEC87, 0xDB83, 0xDBA4, 0xC2E3,
    0xB282, 0x99E1, 0xAA21, 0xBA82, 0xC2C2, 0xD322, 0xEC67, 0xFE30,
    0xFE72, 0xFDEF, 0xFE0F, 0xFDEE, 0xFE51, 0xFE52, 0xF5AE, 0xED6D,
    0xD408, 0xE4AA, 0xED2B, 0xED4C, 0xF5CE, 0xF58D, 0xFE0F, 0xFDEF,
    0xFE0F, 0xFE0F, 0xFE0F, 0xF5EF, 0xFDEE, 0xFE10, 0xFE30, 0xF5CE,
    0xECA9, 0xDBA5, 0xCAE3, 0xC2E3, 0xBA82, 0xC2E3, 0xAA22, 0xB262,
    0xCB03, 0xD303, 0xC2C2, 0xC2E3, 0xCB24, 0xCAE3, 0xCB03, 0xCB03,
    0xCB03, 0xCB44, 0xD344, 0xD344, 0xDB84, 0xF52C, 0xFE30, 0xF5CE,
    0xFE0F, 0xFE0F, 0xFDEF, 0xF56C, 0xF56C, 0xF5AD, 0xF52A, 0xED0A,
    0xF54B, 0xFDCE, 0xF58D, 0xF58D, 0xF5CE, 0xF5CE, 0xF5EF, 0xF5CE,
    0xFE30, 0xFE10, 0xFE72, 0xF610, 0xED4C, 0xDC49, 0xBAE3, 0xB2A2,
    0xBAA2, 0x7181, 0x1020, 0x1840, 0x2060, 0x2880, 0x40C1, 0x30A1,
    0x2880, 0x1840, 0x2060, 0x2860, 0x38A1, 0x40C1, 0x2860, 0x1840,
    0x2060, 0x2880, 0x3081, 0x2880, 0x3081, 0x30A1, 0x30A1, 0x2881,
    0x1840, 0x38C1, 0x4902, 0x5942, 0x5943, 0x5143, 0x5143, 0x6163,
    0x5143, 0x5963, 0x69C5, 0x8226, 0x9AC8, 0xA309, 0xBBAB, 0xDCF0,
    0xAC6F, 0xAC4E, 0xAC4E, 0xAC2E, 0xAC2E, 0xAC2E, 0xA42E, 0xA42E,
    0xA42E, 0xA42E, 0xA40E, 0xA40E, 0x9C0E, 0x9BEE, 0x9BED, 0x93CD,
    0x93AD, 0x8B8C, 0x8B6C, 0x834B, 0x7B0B, 0x72EA, 0x6AA9, 0x6289,
    0x6269, 0x5A49, 0x5A49, 0x5A49, 0x5A49, 0x5A69, 0x5A49, 0x5A48,
    0x5228, 0x5228, 0x5A28, 0x5A49, 0x6269, 0x626A, 0x626A, 0x6A8A,
    0x6A8A, 0x6A8A, 0x72AA, 0x6AAA, 0x72AA, 0x6AAA, 0x72AA, 0x72AA,
    0x72AA, 0x72AA, 0x72CA, 0x72CA, 0x7ACA, 0x7ACA, 0x7ACA, 0x7ACA,
    0x7AEA, 0x82EA, 0x82C9, 0x82A8, 0x82A7, 0x8286, 0x8264, 0x8A64,
    0x8202, 0xAB48, 0xD44D, 0xAB29, 0xA309, 0x7A26, 0x7A26, 0x5983,
    0x5143, 0x4922, 0x6184, 0x5163, 0x3902, 0x4923, 0x5143, 0x4102,
    0x40E2, 0x38C1, 0x2881, 0x1840, 0x30A1, 0x30A1, 0x30A1, 0x2081,
    0x30A1, 0x38C1, 0x1840, 0x2880, 0x2060, 0x30A1, 0x40C1, 0x30A1,
    0x38A1, 0x2860, 0x2060, 0x2880, 0x38A1, 0x3081, 0x38A0, 0x40E1,
    0x30A0, 0x3080, 0x5941, 0x92A4, 0xAB87, 0xCC49, 0xDCEB, 0xE52C,
    0xE4EA, 0xE4E9, 0xED4B, 0xF56C, 0xED2A, 0xECA7, 0xE426, 0xC2E2,
    0xAA21, 0xA1E0, 0xB261, 0xC2C2, 0xDB63, 0xF4C8, 0xFDEE, 0xFE72,
    0xFE51, 0xFE30, 0xF5EE, 0xF5EE, 0xFE31, 0xFE0F, 0xE4A9, 0xDC48,
    0xC303, 0xC324, 0xD3C6, 0xECEB, 0xF5AE, 0xF610, 0xFE30, 0xFE10,
    0xFDEF, 0xFE0F, 0xFE0F, 0xF5CE, 0xF5CE, 0xFE0F, 0xFE10, 0xF56C,
    0xDBE6, 0xC2E3, 0xBAA2, 0xC2C3, 0xAA42, 0xB282, 0xC2C3, 0xCAC3,
    0xBAA2, 0xC2C3, 0xC2A2, 0xB282, 0xBAA3, 0xC2E3, 0xBA82, 0xCB24,
    0xCB24, 0xD385, 0xDBA5, 0xD344, 0xD323, 0xE447, 0xFE30, 0xF58C,
    0xF5EE, 0xFE30, 0xFDEF, 0xF5CE, 0xF58C, 0xF58C, 0xF58C, 0xF56B,
    0xF58D, 0xF58C, 0xF58D, 0xED0A, 0xF56C, 0xED4C, 0xED4C, 0xECEA,
    0xF56C, 0xFE10, 0xFE30, 0xFE30, 0xE4EB, 0xDC28, 0xCB86, 0xC304,
    0xBAA3, 0x79A1, 0x1000, 0x1840, 0x2860, 0x30A1, 0x30A1, 0x2060,
    0x2040, 0x2060, 0x2880, 0x2060, 0x38C1, 0x38C1, 0x2880, 0x1860,
    0x2060, 0x2880, 0x2880, 0x30A1, 0x3081, 0x30A1, 0x30A1, 0x40E2,
    0x2881, 0x30A1, 0x5122, 0x6163, 0x5143, 0x4922, 0x5963, 0x69A4,
    0x69A4, 0x5143, 0x5963, 0x71E5, 0x7205, 0x92C8, 0xB38A, 0xDC8E,
    0xC4B0, 0xAC2F, 0xAC4E, 0xAC2E, 0xAC2E, 0xA42E, 0xA42E, 0xA42E,
    0xA42E, 0xA42E, 0xA40E, 0xA40E, 0x9C0E, 0x9BEE, 0x9BCD, 0x93AD,
    0x93AD, 0x8B8C, 0x8B6C, 0x834B, 0x7B0B, 0x72EA, 0x6AA9, 0x6269,
    0x5A48, 0x5228, 0x5228, 0x5228, 0x5249, 0x5A49, 0x5A28, 0x5228,
    0x62AA, 0x62AA, 0x628A, 0x6AAB, 0x72EB, 0x72EC, 0x72EC, 0x72EB,
    0x72EB, 0x72EB, 0x72EB, 0x72CB, 0x72CA, 0x72CA, 0x72CB, 0x72CB,
    0x72CB, 0x72CB, 0x7AEB, 0x7AEC, 0x7AEC, 0x7AEB, 0x7AEB, 0x7AEB,
    0x7AEB, 0x7AEB, 0x82EA, 0x82C9, 0x82A8, 0x8286, 0x8265, 0x8243,
    0x8A43, 0xD42C, 0xBBAB, 0xAB29, 0x8267, 0x8A66, 0x6184, 0x5143,
    0x5963, 0x6184, 0x5143, 0x4102, 0x5963, 0x5123, 0x5123, 0x5123,
    0x38C2, 0x2881, 0x2880, 0x2060, 0x38C1, 0x28A1, 0x2881, 0x2881,
    0x38C1, 0x38C1, 0x2881, 0x2060, 0x1860, 0x2881, 0x30A1, 0x2881,
    0x2881, 0x3081, 0x30A1, 0x2880, 0x3080, 0x2860, 0x38A0, 0x38A1,
    0x3081, 0x3080, 0x40C0, 0x8244, 0xA326, 0xC408, 0xD469, 0xD489,
    0xE4EA, 0xED4B, 0xED8C, 0xF58C, 0xF56B, 0xED4A, 0xECC8, 0xE3C4,
    0xCAC1, 0xCB02, 0xDB83, 0xDBC5, 0xF4E8, 0xFDCD, 0xFDEF, 0xFE10,
    0xF5EE, 0xF5CE, 0xF58C, 0xFE0F, 0xFE30, 0xED0B, 0xC2C2, 0xD343,
    0xC2C2, 0xBA82, 0xD364, 0xDBE6, 0xECC9, 0xF58D, 0xFE50, 0xF5EF,
    0xF5EF, 0xFDCE, 0xF5AD, 0xF5CE, 0xF5EF, 0xFE10, 0xFE0F, 0xED0B,
    0xCB23, 0xBA82, 0xBA82, 0xC2C3, 0xB283, 0xB282, 0xBAC3, 0xC2C3,
    0xBA82, 0xCB03, 0xBA82, 0xBAA2, 0xBAA2, 0xC2E3, 0xBAA3, 0xBAE3,
    0xC303, 0xCB03, 0xD343, 0xC2E3, 0xBAA2, 0xDB84, 0xF5AE, 0xF5EF,
    0xF5EF, 0xF5CE, 0xF5CE, 0xF58C, 0xF5AD, 0xF58C, 0xF5AD, 0xF58C,
    0xF56C, 0xF5AD, 0xF56C, 0xE4CA, 0xDBE6, 0xE468, 0xDBE6, 0xD384,
    0xF4E9, 0xFE51, 0xFE10, 0xF5EF, 0xE4AA, 0xCB44, 0xCB45, 0xBAC3,
    0xB2C3, 0x7181, 0x0800, 0x1020, 0x2880, 0x2880, 0x2880, 0x2860,
    0x2060, 0x2860, 0x2060, 0x2060, 0x30A1, 0x30A1, 0x2060, 0x2060,
    0x2060, 0x2060, 0x2060, 0x30A1, 0x2880, 0x40E2, 0x30C1, 0x40E2,
    0x38C1, 0x30A1, 0x40E1, 0x5122, 0x5963, 0x4102, 0x4102, 0x6184,
    0x7A05, 0x5984, 0x5123, 0x71E5, 0x69E5, 0x71E5, 0x92A8, 0xC3CB,
    0xD4CF, 0xAC2E, 0xAC2E, 0xAC2E, 0xAC2E, 0xAC2E, 0xA42E, 0xA42E,
    0xA42E, 0xA42E, 0xA40E, 0xA40E, 0xA40E, 0x9BEE, 0x9BCD, 0x93AD,
    0x93AD, 0x8B8C, 0x8B6C, 0x832B, 0x7B0A, 0x72CA, 0x6A89, 0x5A68,
    0x5228, 0x5208, 0x49E8, 0x4A08, 0x5208, 0x5208, 0x5208, 0x5208,
    0x7B4D, 0x7B4E, 0x7B4E, 0x836E, 0x8B8E, 0x8B8E, 0x8B8E, 0x836E,
    0x836D, 0x834D, 0x832D, 0x7B0C, 0x7AEB, 0x72CB, 0x72EB, 0x7AEB,
    0x7AEC, 0x7B0C, 0x7B0C, 0x7B0C, 0x7B0C, 0x7B0C, 0x7B0C, 0x7AEC,
    0x7AEB, 0x7AEB, 0x82EB, 0x82EA, 0x82C8, 0x82A7, 0x8265, 0x8243,
    0xA306, 0xDC6D, 0xB36A, 0x7A25, 0x7A26, 0x71E5, 0x40E2, 0x61A4,
    0x5963, 0x5963, 0x5143, 0x5984, 0x4922, 0x5943, 0x40E2, 0x40E2,
    0x30A1, 0x30A1, 0x1840, 0x30A1, 0x40C2, 0x2081, 0x2881, 0x28A1,
    0x30A1, 0x38C1, 0x38A1, 0x2881, 0x38C1, 0x30A1, 0x2881, 0x30A1,
    0x2880, 0x2880, 0x3081, 0x2880, 0x3080, 0x2860, 0x2860, 0x2880,
    0x30A0, 0x2860, 0x38C0, 0x69A2, 0x79E2, 0xA2E5, 0xD469, 0xE4EB,
    0xED6D, 0xED8D, 0xED6C, 0xF54B, 0xF56B, 0xED4A, 0xED09, 0xECC8,
    0xEC87, 0xECA7, 0xF4E9, 0xF54B, 0xF56B, 0xF58D, 0xF5EF, 0xF5CE,
    0xFDEE, 0xF58C, 0xF56C, 0xFE30, 0xED2B, 0xCB44, 0xAA41, 0xBA81,
    0xBA61, 0xC2A2, 0xCB23, 0xCB23, 0xDB64, 0xECA9, 0xFDCE, 0xF58D,
    0xF5EF, 0xF5AD, 0xF5AD, 0xF5CE, 0xFE10, 0xFE30, 0xFE31, 0xE468,
    0xCAE2, 0xBAA2, 0xBAA2, 0xC2C3, 0xC303, 0xC2C3, 0xC2C3, 0xCAE3,
    0xCAE3, 0xBAC3, 0xAA42, 0xBAA2, 0xC2C3, 0xBAA2, 0xBAA2, 0xB282,
    0xC2E3, 0xCB24, 0xC2C2, 0xBAC2, 0xCB43, 0xDBE6, 0xF5CE, 0xF5EF,
    0xF610, 0xF610, 0xF5CE, 0xF5AD, 0xF58C, 0xF58C, 0xF56C, 0xF5AD,
    0xED0A, 0xECC9, 0xED0B, 0xD3A6, 0xC2E2, 0xCB23, 0xC2E3, 0xC2C2,
    0xDBA4, 0xFDCE, 0xFE30, 0xF5CF, 0xED4C, 0xD344, 0xD344, 0xBAA3,
    0xA262, 0x7181, 0x0800, 0x1840, 0x2860, 0x2880, 0x2880, 0x2060,
    0x2060, 0x2880, 0x2860, 0x2880, 0x2880, 0x2060, 0x2060, 0x30A1,
    0x30A1, 0x38C1, 0x30A1, 0x30A1, 0x3081, 0x38C1, 0x38C1, 0x2881,
    0x38C1, 0x28A1, 0x48E1, 0x5122, 0x5963, 0x5963, 0x4922, 0x5123,
    0x6184, 0x69A4, 0x5943, 0x6183, 0x7A06, 0x8A87, 0x8246, 0xB36A,
    0xE4EF, 0xBC6F, 0xA42E, 0xAC2E, 0xAC2E, 0xA42E, 0xA42E, 0xA42E,
    0xA42E, 0xA40E, 0xA40E, 0xA40E, 0xA40E, 0x9BEE, 0x9BCD, 0x93AD,
    0x938C, 0x8B8C, 0x8B4B, 0x832B, 0x7B0A, 0x72CA, 0x6A89, 0x5A48,
    0x5207, 0x49E7, 0x41C7, 0x49C7, 0x49E7, 0x49E7, 0x49E7, 0x49E7,
    0x8BD0, 0x8BCF, 0x8BD0, 0x8BD0, 0x93F0, 0x93F0, 0x93D0, 0x93CF,
    0x93AF, 0x8BAF, 0x8B6E, 0x834D, 0x7B0C, 0x72EC, 0x72EC, 0x7AEC,
    0x7B0C, 0x7B0C, 0x7B0C, 0x7B0C, 0x7B0C, 0x7B0C, 0x7AEC, 0x7AEC,
    0x7B0C, 0x7AEB, 0x82EB, 0x82EA, 0x82C8, 0x82A7, 0x8265, 0x7A23,
    0x9AE6, 0xDC6D, 0xA308, 0x7A05, 0x7A25, 0x5963, 0x5984, 0x5163,
    0x4923, 0x61A4, 0x5984, 0x5143, 0x5143, 0x4902, 0x4902, 0x40E2,
    0x38A1, 0x30A1, 0x2081, 0x2881, 0x38C1, 0x2881, 0x2081, 0x30A1,
    0x28A1, 0x38C1, 0x30A1, 0x30A1, 0x4922, 0x4902, 0x30A1, 0x38C1,
    0x3081, 0x30A1, 0x38C1, 0x2860, 0x2880, 0x3080, 0x2880, 0x2880,
    0x3080, 0x2860, 0x38A0, 0x50C0, 0x6100, 0xAAC3, 0xD4AA, 0xE52C,
    0xE54C, 0xE50A, 0xED2A, 0xED6B, 0xF58C, 0xED4A, 0xF56B, 0xF58B,
    0xF56B, 0xF56C, 0xF5AD, 0xED4B, 0xF58C, 0xF5CE, 0xF5CE, 0xF5CE,
    0xF5EE, 0xF58C, 0xF58D, 0xFE30, 0xE447, 0xBAA2, 0xAA62, 0xB262,
    0xBAA2, 0xC2E3, 0xD343, 0xCAE2, 0xC2C2, 0xDB85, 0xF52B, 0xFDEF,
    0xF5CE, 0xED4C, 0xF56C, 0xF5CE, 0xF5CE, 0xFE10, 0xF5EE, 0xE447,
    0xC2C2, 0xBAA2, 0xB262, 0xB262, 0xC2A2, 0xCB03, 0xBAC3, 0xC2E3,
    0xCB23, 0xA242, 0x9A01, 0xBA82, 0xC2C2, 0xC2C3, 0xCAE3, 0xBA82,
    0xB282, 0xC2E3, 0xC303, 0xC2E2, 0xCB44, 0xEC88, 0xF5CE, 0xFE0F,
    0xFE10, 0xF5CE, 0xF5AD, 0xF5CE, 0xF5CE, 0xF5CE, 0xF5EE, 0xECEA,
    0xE489, 0xD365, 0xD385, 0xCB03, 0xCB23, 0xBAA2, 0xBA82, 0xBAA2,
    0xD322, 0xECA8, 0xFE0F, 0xF56C, 0xF5AE, 0xDC07, 0xCB24, 0xC2E4,
    0x9A21, 0x6960, 0x0800, 0x1020, 0x1840, 0x1840, 0x1840, 0x2060,
    0x2860, 0x2060, 0x3080, 0x3080, 0x2880, 0x2060, 0x2880, 0x40E2,
    0x4102, 0x38C2, 0x2081, 0x2060, 0x30A1, 0x40E2, 0x38C1, 0x2081,
    0x40E1, 0x38E1, 0x4902, 0x4902, 0x5963, 0x6184, 0x6184, 0x5964,
    0x4923, 0x5984, 0x5143, 0x5963, 0x8A46, 0x9287, 0x9287, 0x9AC8,
    0xDCAE, 0xD4F0, 0xA42E, 0xAC2E, 0xAC2E, 0xA42E, 0xA42E, 0xA42E,
    0xA42E, 0xA40E, 0xA40E, 0xA40E, 0x9BEE, 0x9BED, 0x9BCD, 0x93AD,
    0x938C, 0x8B6C, 0x834B, 0x7B0B, 0x72EA, 0x6AA9, 0x6269, 0x5A28,
    0x49E7, 0x41A6, 0x41A6, 0x41A6, 0x41A6, 0x41C6, 0x49C7, 0x49C6,
    0x9C31, 0x9C31, 0x9C31, 0x9C31, 0x9C31, 0x9C31, 0x9C11, 0x9C10,
    0x9C10, 0x93F0, 0x93AF, 0x836E, 0x834D, 0x7B0D, 0x72EC, 0x730C,
    0x7B0C, 0x730D, 0x7B0C, 0x7B0C, 0x730C, 0x730C, 0x72EC, 0x72EC,
    0x7AEC, 0x7AEB, 0x7AEB, 0x82EA, 0x82C9, 0x82A7, 0x8286, 0x7A23,
    0xAB48, 0xD44D, 0x92A7, 0x8246, 0x7A26, 0x61A4, 0x5984, 0x38C2,
    0x6183, 0x6184, 0x4102, 0x4102, 0x38E2, 0x5123, 0x40E2, 0x40C2,
    0x40C1, 0x30A1, 0x2060, 0x2881, 0x30A1, 0x28A1, 0x30A1, 0x40E2,
    0x30A1, 0x28A1, 0x30C1, 0x38C1, 0x3081, 0x40E1, 0x28A1, 0x2081,
    0x38C1, 0x38A1, 0x30A1, 0x2880, 0x2880, 0x3080, 0x3080, 0x30A0,
    0x3080, 0x2040, 0x2860, 0x48C0, 0x7160, 0xA262, 0xC3A6, 0xD428,
    0xD468, 0xE4EA, 0xED4B, 0xF58D, 0xF5CD, 0xF5CD, 0xF5AC, 0xF56C,
    0xF58C, 0xF5AD, 0xF56C, 0xF56C, 0xF5CE, 0xF60F, 0xF5CE, 0xF5EE,
    0xF5AD, 0xF58D, 0xF5CE, 0xED6C, 0xD384, 0xBAC3, 0xB282, 0xB282,
    0xBAA3, 0xC2E3, 0xC2C1, 0xC2A1, 0xC2A2, 0xC2E3, 0xDC07, 0xED0B,
    0xED2C, 0xED4C, 0xF58D, 0xF5EF, 0xF5AE, 0xF5EF, 0xF56C, 0xE406,
    0xCAE2, 0xC2A2, 0xB282, 0xB282, 0xC2A1, 0xD303, 0xCB24, 0xD364,
    0xC303, 0x91C1, 0xAA41, 0xB242, 0xBA82, 0xC2C3, 0xD324, 0xC2C3,
    0xBAC3, 0xB2A2, 0xBAE3, 0xC303, 0xCB23, 0xECA9, 0xF5CE, 0xF5CE,
    0xF5EF, 0xF5AD, 0xF5AE, 0xF5CE, 0xF5AE, 0xED6C, 0xE4CA, 0xE489,
    0xCB85, 0xBAC3, 0xBAA3, 0xB262, 0xC2E3, 0xBAC3, 0xC2C3, 0xC2C2,
    0xD323, 0xE426, 0xF5CE, 0xF5AE, 0xF58D, 0xE4CA, 0xCB45, 0xBAE4,
    0x89E1, 0x7160, 0x1840, 0x1020, 0x2040, 0x2060, 0x2060, 0x2880,
    0x2880, 0x1840, 0x2060, 0x3080, 0x3080, 0x2880, 0x28A1, 0x40E1,
    0x38C1, 0x2881, 0x1860, 0x2880, 0x40E1, 0x4102, 0x30C1, 0x28A1,
    0x38E1, 0x40E2, 0x4102, 0x40E2, 0x5122, 0x69A4, 0x6184, 0x6184,
    0x4122, 0x4923, 0x5163, 0x40E2, 0x8226, 0x8226, 0x9AA8, 0x9AC8,
    0xCC0C, 0xD4CF, 0xA42E, 0xA42E, 0xA42E, 0xA42E, 0xA42E, 0xA42E,
    0xA40E, 0xA40E, 0xA40E, 0x9BEE, 0x9BED, 0x9BCD, 0x93CD, 0x93AD,
    0x938C, 0x8B6C, 0x832B, 0x7B0A, 0x72CA, 0x6AA9, 0x6268, 0x5207,
    0x49C6, 0x4186, 0x3965, 0x3965, 0x3986, 0x4186, 0x41A6, 0x41A6,
    0xAC93, 0xAC92, 0xA492, 0xA492, 0xAC93, 0xAC92, 0xAC92, 0xAC72,
    0xA451, 0xA431, 0x93F0, 0x8BAF, 0x836E, 0x7B2D, 0x730D, 0x730D,
    0x730D, 0x730D, 0x730D, 0x730D, 0x72ED, 0x730D, 0x72ED, 0x72EC,
    0x7B0C, 0x7AEC, 0x7AEB, 0x7ACA, 0x82A9, 0x8287, 0x8266, 0x8243,
    0xC40B, 0xBBAA, 0x8246, 0x71C5, 0x5984, 0x4922, 0x69A4, 0x4102,
    0x5963, 0x4102, 0x40E2, 0x4902, 0x5122, 0x5122, 0x38C1, 0x30A1,
    0x38C1, 0x38C1, 0x1860, 0x2060, 0x28A1, 0x38C1, 0x2881, 0x40E2,
    0x30A1, 0x30C1, 0x30A1, 0x40E1, 0x38C1, 0x30A1, 0x40C1, 0x40E1,
    0x2880, 0x30A1, 0x30A1, 0x3080, 0x2860, 0x30A0, 0x3080, 0x3080,
    0x3080, 0x1840, 0x1820, 0x50E0, 0x81C0, 0xAA62, 0xB282, 0xAA41,
    0xCBE7, 0xED6D, 0xED8D, 0xF5AD, 0xF5CD, 0xF5AC, 0xF56B, 0xF54B,
    0xF56B, 0xF54A, 0xF5AD, 0xF5CD, 0xFE0F, 0xF60F, 0xF5EE, 0xF5EE,
    0xF5AC, 0xF58C, 0xF58D, 0xDC48, 0xCB23, 0xC2C3, 0xB262, 0xC2C3,
    0xC2C2, 0xBA81, 0xB241, 0xBAC3, 0xC2C2, 0xBAC2, 0xD364, 0xDB84,
    0xED0B, 0xFE10, 0xF5CE, 0xFE30, 0xF5CE, 0xF60F, 0xF56C, 0xDB84,
    0xCAC2, 0xC2A2, 0xBA82, 0xC2E3, 0xCAE2, 0xC2C2, 0xCB03, 0xD343,
    0xC303, 0x99E1, 0xBA82, 0xBA82, 0xBAC3, 0xCB44, 0xC303, 0xCB24,
    0xC2E3, 0xC2E3, 0xBAA2, 0xC303, 0xD384, 0xED2B, 0xED4C, 0xF58D,
    0xF5CE, 0xF5AD, 0xF58D, 0xF5AE, 0xE4AA, 0xDC48, 0xDBC6, 0xCB24,
    0xC2E3, 0x99C1, 0xB262, 0xAA42, 0xA221, 0xBAC3, 0xD343, 0xD323,
    0xD323, 0xE3E5, 0xF58D, 0xFE30, 0xF5CF, 0xECEB, 0xC325, 0xBB04,
    0x9A22, 0x7140, 0x2040, 0x0800, 0x1840, 0x1840, 0x1840, 0x3080,
    0x38A1, 0x2860, 0x2880, 0x3080, 0x3081, 0x2880, 0x28A1, 0x38C1,
    0x28A1, 0x30A1, 0x2880, 0x38A1, 0x5102, 0x38C1, 0x38C1, 0x30A1,
    0x2881, 0x40E2, 0x38C2, 0x38C1, 0x38E1, 0x6163, 0x6184, 0x5143,
    0x5143, 0x5964, 0x5964, 0x30C1, 0x5143, 0x71E4, 0x8A46, 0x9AA7,
    0xA329, 0xCC8E, 0xA42E, 0xA40E, 0xA42E, 0xA42E, 0xA42E, 0xA42E,
    0xA40E, 0xA40E, 0x9BED, 0x9BED, 0x9BCD, 0x9BCD, 0x93AD, 0x93AC,
    0x8B8C, 0x8B4B, 0x832B, 0x7AEA, 0x72C9, 0x6A89, 0x5A48, 0x51E7,
    0x41A6, 0x3965, 0x3945, 0x3145, 0x3965, 0x4185, 0x4185, 0x4185,
    0xB4F4, 0xB4F4, 0xB4F4, 0xB4F4, 0xB4F4, 0xB4D4, 0xB4D4, 0xB4D4,
    0xB4B3, 0xAC72, 0x9C11, 0x93D0, 0x8B8F, 0x7B4E, 0x730D, 0x730D,
    0x730D, 0x730D, 0x730D, 0x730D, 0x730D, 0x730D, 0x72ED, 0x72EC,
    0x730C, 0x72EC, 0x7ACB, 0x7AA9, 0x7AA8, 0x8287, 0x8265, 0x7A02,
    0xBB89, 0xB369, 0x8A66, 0x69C4, 0x5963, 0x5963, 0x5963, 0x4922,
    0x4922, 0x38E2, 0x40E2, 0x40E2, 0x4902, 0x38C1, 0x30C1, 0x38C2,
    0x40E2, 0x30A1, 0x0820, 0x30C1, 0x30C1, 0x30A1, 0x2881, 0x40E2,
    0x30A1, 0x30A1, 0x38C1, 0x38C1, 0x38C1, 0x2881, 0x3081, 0x40C1,
    0x38C1, 0x38A1, 0x3080, 0x38A1, 0x38A1, 0x3080, 0x38A0, 0x40A0,
    0x38A0, 0x1820, 0x2040, 0x5900, 0x91E1, 0xA221, 0xA201, 0xA221,
    0xD428, 0xED8D, 0xED8D, 0xF56C, 0xED4B, 0xF56B, 0xF54A, 0xF54A,
    0xF54A, 0xF56B, 0xF58C, 0xF5AD, 0xFE0F, 0xF5EF, 0xF5EE, 0xF5CD,
    0xF5CD, 0xF5CD, 0xDC68, 0xC303, 0xC2E3, 0xC2C2, 0xBAA2, 0xCB03,
    0xBA61, 0xB282, 0xAA62, 0xBAA2, 0xB2A2, 0xCB24, 0xDBA5, 0xDBE6,
    0xECC9, 0xFE72, 0xFE30, 0xF58D, 0xF5CE, 0xF58D, 0xF54B, 0xE426,
    0xDB42, 0xCAE2, 0xC2C2, 0xCAE3, 0xB262, 0xBAA2, 0xC2C3, 0xCB03,
    0xCB23, 0xA221, 0xBA82, 0xBAA2, 0xBAA2, 0xC2E3, 0xCB24, 0xCB23,
    0xC303, 0xCAC2, 0xC2A2, 0xCB44, 0xECC9, 0xF56C, 0xED2A, 0xF58D,
    0xF5AE, 0xED6C, 0xF5AE, 0xE4EB, 0xD407, 0xCB24, 0xC2E3, 0xB262,
    0xB282, 0xA1E1, 0xBA82, 0xBAC2, 0xAA42, 0xBAE3, 0xD363, 0xDB84,
    0xD323, 0xE3E5, 0xF56C, 0xF5AE, 0xF5EF, 0xE4CA, 0xBAC3, 0xB283,
    0xBAE4, 0x89E2, 0x2040, 0x0800, 0x1840, 0x1840, 0x2060, 0x38A1,
    0x38C1, 0x30A1, 0x28A1, 0x2080, 0x30A1, 0x38C1, 0x40C1, 0x2881,
    0x2081, 0x30A1, 0x38A1, 0x40C1, 0x40C1, 0x40C1, 0x40E2, 0x40E2,
    0x2060, 0x30C1, 0x38C1, 0x40E2, 0x40E2, 0x4902, 0x4902, 0x5143,
    0x6164, 0x5964, 0x61A4, 0x38E2, 0x38E2, 0x79E5, 0x8205, 0x9AA7,
    0xA308, 0xCC4D, 0xAC2E, 0x9BED, 0xA40E, 0xA40E, 0xA40E, 0xA40E,
    0xA40E, 0x9BED, 0x9BED, 0x9BCD, 0x93CD, 0x93AD, 0x93AC, 0x8B8C,
    0x8B6B, 0x832B, 0x7B0B, 0x72EA, 0x6AA9, 0x6268, 0x5A27, 0x49C6,
    0x4185, 0x3965, 0x3145, 0x3145, 0x3965, 0x4185, 0x41A5, 0x49A6,
    0xBD35, 0xBD35, 0xBD35, 0xBD35, 0xBD35, 0xBD15, 0xBD15, 0xBD15,
    0xB4D4, 0xAC93, 0xA431, 0x93F0, 0x8BAF, 0x836E, 0x730D, 0x730D,
    0x72ED, 0x730D, 0x730D, 0x730D, 0x72ED, 0x72EC, 0x72EC, 0x72CC,
    0x72EC, 0x72CB, 0x72AA, 0x7289, 0x7A88, 0x7A67, 0x8245, 0x8223,
    0xBBEA, 0xC3EB, 0x9287, 0x8226, 0x5143, 0x5143, 0x4102, 0x4922,
    0x4902, 0x4102, 0x2881, 0x38C2, 0x38E2, 0x38C1, 0x38E2, 0x4922,
    0x38E1, 0x2081, 0x1040, 0x40E2, 0x38C1, 0x38E2, 0x3081, 0x30A1,
    0x28A1, 0x38C1, 0x4902, 0x30A1, 0x38E2, 0x2881, 0x30A1, 0x38C1,
    0x40C1, 0x30A1, 0x30A1, 0x38C1, 0x30A1, 0x2880, 0x30A0, 0x38A0,
    0x30A0, 0x2860, 0x40C0, 0x6120, 0x81A0, 0x81C0, 0x9201, 0xB2A2,
    0xCBC6, 0xE4EB, 0xED6C, 0xED0A, 0xECE9, 0xED2A, 0xF56B, 0xF58C,
    0xF5AC, 0xF58C, 0xF56B, 0xFE0F, 0xF5CE, 0xF5CE, 0xF5CD, 0xF5EE,
    0xF5EE, 0xE4C9, 0xCB44, 0xC2C3, 0xBA82, 0xBAA2, 0xC2A2, 0xC2C2,
    0xBA82, 0xBAC3, 0xBAC3, 0xBAA2, 0xBAA2, 0xCB23, 0xD364, 0xDB64,
    0xDBC5, 0xED2B, 0xED2C, 0xF56D, 0xF58D, 0xF56C, 0xF58D, 0xECE9,
    0xEC46, 0xE3E5, 0xD343, 0xCAE3, 0xBAA3, 0xBAC3, 0xB282, 0xC303,
    0xCB23, 0xB282, 0xC2E3, 0xC2C3, 0xC2E3, 0xBAA2, 0xC303, 0xC2E3,
    0xD364, 0xD364, 0xDBC5, 0xECA9, 0xF5AE, 0xF5AD, 0xF56C, 0xF58D,
    0xF5CF, 0xED4C, 0xED0B, 0xD3A7, 0xB282, 0xC2E3, 0xC2E3, 0xA222,
    0xA222, 0xAA42, 0xC2C2, 0xBAC3, 0xBAC2, 0xC303, 0xCB44, 0xCB23,
    0xCB23, 0xDBC5, 0xF54B, 0xF5AD, 0xF58D, 0xED2C, 0xCB45, 0xB262,
    0xB282, 0x9A22, 0x2040, 0x0000, 0x2060, 0x2060, 0x30A1, 0x38C1,
    0x38A1, 0x2880, 0x2060, 0x2881, 0x38C1, 0x40E1, 0x40E2, 0x40C1,
    0x30A1, 0x38C1, 0x2881, 0x2881, 0x2881, 0x38A1, 0x38C1, 0x4902,
    0x2060, 0x2881, 0x38C1, 0x38E2, 0x4902, 0x40E2, 0x38E2, 0x2881,
    0x40E2, 0x5123, 0x5963, 0x6184, 0x38C1, 0x7A05, 0x69C5, 0x8A66,
    0xB328, 0xC40C, 0xA40E, 0x9C0D, 0xA40E, 0xA40E, 0xA40E, 0xA40E,
    0x9BED, 0x9BED, 0x9BCD, 0x93CD, 0x93CD, 0x93AD, 0x938C, 0x8B8C,
    0x8B6B, 0x832B, 0x832B, 0x7AEA, 0x72A9, 0x6A89, 0x5A48, 0x51E7,
    0x49C6, 0x4185, 0x4185, 0x4185, 0x49C6, 0x49C6, 0x51E6, 0x51E6,
    0xBD55, 0xBD55, 0xBD55, 0xBD35, 0xBD35, 0xBD35, 0xBD35, 0xBD35,
    0xBCF4, 0xB4B3, 0xA452, 0x9BF1, 0x8BAF, 0x836E, 0x730D, 0x72CC,
    0x72CC, 0x72EC, 0x72EC, 0x72EC, 0x72EC, 0x72CC, 0x72CC, 0x6ACC,
    0x72CB, 0x72AB, 0x72AA, 0x7A89, 0x7A67, 0x7A46, 0x8244, 0x71E2,
    0xA328, 0xC3CB, 0x9AC7, 0x8225, 0x4902, 0x4943, 0x4102, 0x40E2,
    0x4902, 0x38C1, 0x30A1, 0x4102, 0x38C1, 0x30C1, 0x28A1, 0x30C1,
    0x30A1, 0x1861, 0x1840, 0x40E2, 0x38C2, 0x2881, 0x2881, 0x38C1,
    0x30A1, 0x30A1, 0x40E2, 0x30A1, 0x40E2, 0x30A1, 0x38A1, 0x30A1,
    0x38C1, 0x30A1, 0x30A1, 0x38C1, 0x38A1, 0x3080, 0x30A0, 0x38A0,
    0x3080, 0x2860, 0x40A0, 0x50E0, 0x6120, 0x7160, 0x9A01, 0xB282,
    0xB2E3, 0xCB86, 0xDCA9, 0xE4A9, 0xE4E9, 0xED09, 0xF56B, 0xF58C,
    0xF58B, 0xF5CE, 0xF5CD, 0xF5EE, 0xF5CD, 0xF5CE, 0xF5AD, 0xF5AD,
    0xED0A, 0xD385, 0xC2E3, 0xBAA2, 0xBAA2, 0xBA82, 0xBA82, 0xBA82,
    0xBAA2, 0xB282, 0xBAC3, 0xBAC3, 0xD323, 0xCAE2, 0xC2E2, 0xC2C2,
    0xC2E3, 0xD344, 0xECCA, 0xF5CE, 0xF5AD, 0xF58D, 0xF54C, 0xED2A,
    0xED2A, 0xF509, 0xE3E5, 0xC2E3, 0xC2E3, 0xC2E3, 0xBAA2, 0xBAC3,
    0xC303, 0xCB03, 0xC2A2, 0xCAE3, 0xC2E3, 0xC2C3, 0xCB24, 0xBAA2,
    0xD363, 0xE467, 0xECCA, 0xF56D, 0xF5CE, 0xF58D, 0xF5AD, 0xF56C,
    0xF5AE, 0xDCAA, 0xDC49, 0xCB44, 0xB282, 0xB262, 0xB262, 0xAA41,
    0x91C1, 0xA221, 0xBAC2, 0xCB03, 0xD344, 0xCB24, 0xBAC3, 0xC2E3,
    0xD364, 0xE3E5, 0xECA8, 0xFDCD, 0xF58D, 0xED6C, 0xD408, 0xBAA2,
    0xB282, 0x89C1, 0x1840, 0x0000, 0x2060, 0x2880, 0x30A1, 0x30A1,
    0x2880, 0x2880, 0x2880, 0x30A1, 0x38C1, 0x30A1, 0x38C1, 0x40E1,
    0x38C1, 0x30A1, 0x30A1, 0x2881, 0x2881, 0x40C1, 0x40E2, 0x40E2,
    0x2060, 0x28A1, 0x38E2, 0x38C1, 0x38E1, 0x30C1, 0x4902, 0x38C1,
    0x2881, 0x38A1, 0x4902, 0x6984, 0x5102, 0x69A4, 0x7205, 0x71E5,
    0x9AC7, 0xC44D, 0xAC6F, 0xAC4E, 0xAC6F, 0xAC6F, 0xAC4E, 0xAC4E,
    0xA42E, 0xA42E, 0xA40E, 0xA40E, 0x9C0D, 0x9BED, 0x9BED, 0x9BCD,
    0x93AC, 0x938C, 0x8B6C, 0x834B, 0x832B, 0x7AEA, 0x6AA9, 0x6268,
    0x6247, 0x5A27, 0x5A27, 0x5A27, 0x6247, 0x6268, 0x6268, 0x6268,
    0xBD14, 0xBD14, 0xBD14, 0xBD14, 0xBD35, 0xBD15, 0xBD15, 0xBD14,
    0xBCD4, 0xAC93, 0xA451, 0x9BF0, 0x93AF, 0x836E, 0x7B0C, 0x72CC,
    0x72CC, 0x72CC, 0x7AEC, 0x7AEC, 0x72CC, 0x72CB, 0x72CB, 0x72CB,
    0x72CB, 0x7AAB, 0x7AAA, 0x7A88, 0x8267, 0x8246, 0x8224, 0x71E2,
    0x9AE6, 0xC3EB, 0x8A46, 0x6183, 0x6163, 0x5943, 0x4102, 0x38C1,
    0x40E2, 0x38C1, 0x40E2, 0x38E1, 0x30C1, 0x2081, 0x28A1, 0x28A1,
    0x30A1, 0x1860, 0x2060, 0x38C1, 0x30A1, 0x28A1, 0x2081, 0x40E1,
    0x38A1, 0x2060, 0x2880, 0x2881, 0x38C1, 0x40E2, 0x38C1, 0x30A1,
    0x40C1, 0x40C1, 0x38A1, 0x30A1, 0x38A1, 0x38A1, 0x3080, 0x3880,
    0x2860, 0x2040, 0x3880, 0x5900, 0x6920, 0x8180, 0xA201, 0xAA61,
    0xA201, 0xAA41, 0xBB03, 0xD427, 0xE4E9, 0xF56C, 0xF58C, 0xF58C,
    0xF58C, 0xF5AD, 0xF5AD, 0xF5AD, 0xF5AD, 0xF58C, 0xF58C, 0xECC8,
    0xE447, 0xCB24, 0xC2C3, 0xC2E3, 0xBAA2, 0xBAA2, 0xAA42, 0xB262,
    0xB2A2, 0xB282, 0xB282, 0xB262, 0xD302, 0xC2A1, 0xBA81, 0xC2C2,
    0xC2C3, 0xCB23, 0xECEA, 0xF58D, 0xF5AE, 0xF58D, 0xF58D, 0xED4C,
    0xF58D, 0xF5AD, 0xECA8, 0xCB23, 0xC2E3, 0xC2E3, 0xC2C3, 0xC2E3,
    0xBAA2, 0xBAC2, 0xC2E3, 0xC2C2, 0xC2E3, 0xCB23, 0xD364, 0xDC06,
    0xECC9, 0xED2B, 0xED2B, 0xF56D, 0xF5CE, 0xF5CE, 0xF5CE, 0xF5CE,
    0xED6D, 0xCBA6, 0xD385, 0xC304, 0xB282, 0xB282, 0xB282, 0xB282,
    0x9A01, 0xA201, 0xBAC2, 0xCB03, 0xD344, 0xD344, 0xBAC2, 0xC303,
    0xD384, 0xDB84, 0xDBA5, 0xF54C, 0xF5CE, 0xED8D, 0xDCAA, 0xBAA2,
    0xAA62, 0x7980, 0x30A0, 0x0800, 0x2040, 0x2860, 0x2880, 0x2880,
    0x2060, 0x3080, 0x2880, 0x3080, 0x3081, 0x38A1, 0x38A1, 0x40E1,
    0x40E1, 0x30A1, 0x38C1, 0x30A1, 0x30A1, 0x38C1, 0x38C1, 0x4902,
    0x28A1, 0x2881, 0x38E2, 0x30C1, 0x38C1, 0x4902, 0x40E2, 0x38C1,
    0x2881, 0x2881, 0x40C1, 0x6163, 0x5122, 0x5943, 0x8A87, 0x7205,
    0xA308, 0xC48F, 0xB4B0, 0xB4B0, 0xB4B0, 0xB4B0, 0xB4AF, 0xB48F,
    0xB48F, 0xB48F, 0xB46F, 0xAC6E, 0xAC4E, 0xAC4E, 0xAC2E, 0xA42E,
    0xA40D, 0x9BED, 0x9BED, 0x93CD, 0x93AC, 0x8B6B, 0x832A, 0x7B0A,
    0x7AEA, 0x7AE9, 0x7AE9, 0x7AE9, 0x7AE9, 0x7B09, 0x7B09, 0x8309,
    0xBCD3, 0xBCD3, 0xBCF3, 0xBCF3, 0xBCD3, 0xBCD3, 0xBCF3, 0xBCD3,
    0xBCB2, 0xB471, 0xAC10, 0x9BCF, 0x938E, 0x8B4D, 0x830C, 0x7ACB,
    0x7ACB, 0x82CB, 0x82EB, 0x82EB, 0x82EB, 0x82CB, 0x82CB, 0x7ACB,
    0x7ACA, 0x82AA, 0x82A9, 0x8288, 0x8266, 0x8245, 0x8224, 0x7A03,
    0x8223, 0xB368, 0x8225, 0x61A3, 0x5943, 0x5963, 0x4922, 0x38C1,
    0x4102, 0x38E1, 0x40E1, 0x30A1, 0x2081, 0x28A1, 0x28A1, 0x2081,
    0x2881, 0x1020, 0x2081, 0x3081, 0x2881, 0x30A1, 0x30A1, 0x40E2,
    0x2881, 0x28A1, 0x30A1, 0x28A1, 0x2881, 0x38C1, 0x38C1, 0x2881,
    0x38A1, 0x40E1, 0x30A1, 0x38C1, 0x2880, 0x3080, 0x3080, 0x38A0,
    0x2860, 0x2840, 0x50E0, 0x5900, 0x81A0, 0x9A01, 0x9A21, 0xA221,
    0x91C0, 0x99C0, 0xA221, 0xC324, 0xED0A, 0xF56C, 0xF5CE, 0xF58D,
    0xF5AD, 0xF58C, 0xF5AD, 0xF5AD, 0xF5AD, 0xF54A, 0xF54B, 0xD384,
    0xCB64, 0xC2E3, 0xC2E3, 0xC2E3, 0xC2E3, 0xBAC3, 0xA222, 0xAA82,
    0xAA42, 0xAA41, 0xB241, 0xBA61, 0xBA61, 0xBA81, 0xC2C2, 0xC2E3,
    0xBAE3, 0xCB24, 0xDC47, 0xF58D, 0xF58D, 0xED2B, 0xED4C, 0xED6D,
    0xF58D, 0xF58D, 0xE4A8, 0xE405, 0xD323, 0xC2E2, 0xB282, 0xB282,
    0xBAA2, 0xBAA3, 0xC303, 0xC2C3, 0xBAC3, 0xD343, 0xE468, 0xF58D,
    0xF58E, 0xF58D, 0xF58D, 0xF58D, 0xF58D, 0xF5AD, 0xF58D, 0xF5EF,
    0xD449, 0xCB65, 0xBAA2, 0xB282, 0xB282, 0xB2A2, 0xBAC3, 0xB282,
    0xA221, 0xAA21, 0xCAE3, 0xC2E3, 0xCAE3, 0xCAE2, 0xBA82, 0xC2C2,
    0xCB44, 0xD364, 0xCB23, 0xE488, 0xF5EF, 0xED4C, 0xED4C, 0xCBA6,
    0xA241, 0x9222, 0x5961, 0x1020, 0x1840, 0x2040, 0x2060, 0x2860,
    0x3080, 0x2880, 0x2060, 0x3080, 0x2880, 0x30A1, 0x30A1, 0x38C1,
    0x40C1, 0x30A1, 0x38A1, 0x38A1, 0x30A1, 0x38C1, 0x30A1, 0x40E2,
    0x30A1, 0x1840, 0x30A1, 0x2881, 0x30A1, 0x2881, 0x2881, 0x40E1,
    0x38C1, 0x38A1, 0x30A1, 0x5122, 0x4902, 0x4922, 0x92C7, 0x79E5,
    0xAB49, 0xC4F0, 0xBCF0, 0xBCF0, 0xBCF0, 0xBCD0, 0xBCD0, 0xBCD0,
    0xBCD0, 0xBCB0, 0xBCAF, 0xB4AF, 0xB48F, 0xB48F, 0xB48F, 0xB46E,
    0xAC4E, 0xAC4E, 0xAC2E, 0xA40D, 0xA40D, 0x9BCC, 0x93AC, 0x93AC,
    0x93AC, 0x938C, 0x938B, 0x938B, 0x938B, 0x938B, 0x938B, 0x938B,
    0xBC91, 0xBCB1, 0xBCB1, 0xBCB1, 0xBC91, 0xBC91, 0xBC91, 0xBC92,
    0xBC71, 0xB430, 0xABEF, 0xA3AE, 0x9B6D, 0x932C, 0x8B0B, 0x8AEA,
    0x8AEA, 0x8AEA, 0x8AEA, 0x8AEA, 0x8AEA, 0x8AEA, 0x8AEA, 0x8ACA,
    0x8ACA, 0x8AC9, 0x8AA8, 0x8AA7, 0x8A66, 0x8245, 0x8223, 0x8202,
    0x79E2, 0x9AA5, 0xA2E7, 0x5983, 0x4102, 0x6183, 0x4902, 0x40E2,
    0x4902, 0x40E1, 0x38A1, 0x30A1, 0x28A1, 0x2060, 0x28A1, 0x2081,
    0x2060, 0x0800, 0x1840, 0x30A1, 0x38C1, 0x30A1, 0x28A1, 0x40E2,
    0x2060, 0x2881, 0x30A1, 0x30A1, 0x2881, 0x30A1, 0x2881, 0x38A1,
    0x38A1, 0x38A1, 0x38A1, 0x38C1, 0x30A0, 0x2880, 0x3080, 0x38A0,
    0x2860, 0x2860, 0x48C0, 0x7160, 0x9201, 0xA242, 0xA221, 0xA221,
    0x91C0, 0xA200, 0x99E0, 0xB2A2, 0xE4A9, 0xF58D, 0xF5AE, 0xF58C,
    0xF5CE, 0xF5AD, 0xF58B, 0xF5CD, 0xF56B, 0xF54A, 0xECC8, 0xCB23,
    0xCB24, 0xBAA3, 0xCB24, 0xCB03, 0xC303, 0xAA62, 0xA221, 0xA242,
    0xAA62, 0xC2E3, 0xC2E3, 0xC2C2, 0xBA82, 0xBAA2, 0xC2E3, 0xBAC3,
    0xC2E4, 0xBA82, 0xD3C6, 0xDC89, 0xECEA, 0xF54C, 0xED6D, 0xF5CE,
    0xF58D, 0xED2B, 0xE4C9, 0xE4A9, 0xDC05, 0xCB23, 0xB2A2, 0xB282,
    0xBA61, 0xAA41, 0xC2E3, 0xC2E3, 0xBA82, 0xD363, 0xECC9, 0xF5AE,
    0xF5CF, 0xF5AE, 0xF5CE, 0xED8D, 0xF58D, 0xF5AD, 0xF5AE, 0xE4EC,
    0xBAE4, 0xBAC3, 0xBAC3, 0xA201, 0xA242, 0xAA62, 0xB282, 0xBAA3,
    0xB262, 0xC2A2, 0xC2E2, 0xBAA2, 0xC2C2, 0xBA82, 0xBAA2, 0xCB03,
    0xC303, 0xCB03, 0xCB23, 0xE427, 0xF5CE, 0xEDAE, 0xE52C, 0xDCCA,
    0xBB45, 0xAAC4, 0x7203, 0x1020, 0x1820, 0x2040, 0x2060, 0x2880,
    0x3080, 0x2860, 0x2060, 0x2860, 0x2880, 0x3081, 0x28A1, 0x30A1,
    0x38C1, 0x2880, 0x30A1, 0x3080, 0x30A1, 0x38E2, 0x30A1, 0x30A1,
    0x2881, 0x1020, 0x3080, 0x1840, 0x28A1, 0x2881, 0x30A1, 0x4902,
    0x4902, 0x40C1, 0x30A1, 0x38C1, 0x38C1, 0x5122, 0x69C4, 0x8204,
    0xC46D, 0xCD51, 0xC510, 0xC510, 0xC510, 0xC510, 0xC510, 0xC510,
    0xC510, 0xC510, 0xC4F0, 0xC4F0, 0xBCD0, 0xBCD0, 0xBCCF, 0xBCAF,
    0xBCAF, 0xB48F, 0xB48F, 0xB46E, 0xAC4E, 0xAC4D, 0xAC2D, 0xA42D,
    0xA42D, 0xA42D, 0xAC2D, 0xA40D, 0xA40D, 0xA40C, 0xA40C, 0xA40D,
    0xBC4E, 0xBC4F, 0xBC4F, 0xBC4F, 0xBC4F, 0xBC4F, 0xBC2F, 0xBC4F,
    0xBC2E, 0xB3EE, 0xABAD, 0xA38C, 0xA34B, 0x9B2A, 0x9AE9, 0x92E9,
    0x92E9, 0x9AE9, 0x9B09, 0x9B09, 0x9B09, 0x9B09, 0x9AE9, 0x92E9,
    0x92C8, 0x92C8, 0x9AC7, 0x92A6, 0x9285, 0x8A44, 0x8A23, 0x8202,
    0x79E2, 0x8224, 0xAB28, 0x71E4, 0x4922, 0x5142, 0x4902, 0x40E1,
    0x40E1, 0x38C1, 0x2040, 0x2880, 0x3080, 0x2880, 0x2880, 0x2040,
    0x1020, 0x0800, 0x2060, 0x2881, 0x30A1, 0x2881, 0x30A1, 0x2881,
    0x1860, 0x2060, 0x30A1, 0x30A1, 0x2881, 0x2881, 0x2060, 0x3080,
    0x40C1, 0x3080, 0x30A0, 0x38A0, 0x3080, 0x3080, 0x3080, 0x3080,
    0x2040, 0x3060, 0x58E0, 0x6920, 0x81A0, 0x9A01, 0x89C1, 0xA201,
    0x99E1, 0xAA21, 0xA221, 0xBAE3, 0xDC07, 0xE4A9, 0xF58D, 0xF5AD,
    0xF5CD, 0xF56B, 0xED4A, 0xED29, 0xF529, 0xF58B, 0xECC8, 0xDBA5,
    0xCB23, 0xBAC3, 0xC2E3, 0xBAA2, 0xBAC3, 0xB2A2, 0xBAA2, 0xB282,
    0xC2E3, 0xC2E3, 0xC2C2, 0xBAA2, 0xBAA2, 0xBAC2, 0xA221, 0xA242,
    0xBAA2, 0xCAE3, 0xD364, 0xCB45, 0xF54C, 0xF5AE, 0xF5CF, 0xF5CE,
    0xF58D, 0xED4B, 0xE4EA, 0xE4EA, 0xE488, 0xDBE5, 0xC2E3, 0xAA41,
    0xB221, 0xB261, 0xCB02, 0xCB02, 0xD343, 0xECA8, 0xED2B, 0xF5CE,
    0xF5CF, 0xF5CF, 0xF58D, 0xED6C, 0xF58D, 0xF5CE, 0xED4D, 0xD3C7,
    0xB2A3, 0xB282, 0xC2C2, 0xB282, 0xA221, 0xAA41, 0xB262, 0xAA62,
    0xA1E1, 0xCAE2, 0xCB23, 0xCB03, 0xBAA2, 0xB241, 0xB282, 0xC2E3,
    0xBAA2, 0xB282, 0xCB23, 0xE426, 0xF5AD, 0xED8D, 0xE50B, 0xDCEB,
    0xD449, 0xBB87, 0x7224, 0x0800, 0x0800, 0x1840, 0x2060, 0x2860,
    0x2880, 0x2880, 0x2860, 0x2880, 0x3080, 0x30A1, 0x30A1, 0x40E1,
    0x30A1, 0x3080, 0x2060, 0x2880, 0x2881, 0x2881, 0x38C1, 0x40C1,
    0x38C1, 0x1020, 0x2860, 0x2860, 0x2060, 0x2880, 0x2881, 0x38C1,
    0x4902, 0x40C1, 0x40C1, 0x38C1, 0x40E1, 0x4902, 0x5942, 0x92A7,
    0xD551, 0xCD72, 0xCD51, 0xCD51, 0xCD51, 0xCD31, 0xCD31, 0xCD31,
    0xCD31, 0xCD51, 0xCD31, 0xCD31, 0xCD31, 0xCD30, 0xCD10, 0xC510,
    0xC510, 0xC4F0, 0xC4CF, 0xBCCF, 0xBCAF, 0xBCAF, 0xBC8E, 0xB48E,
    0xB48E, 0xB48E, 0xB48E, 0xB48E, 0xB48E, 0xB48E, 0xB48E, 0xB48E,
    0xBBEC, 0xBBEC, 0xBBEC, 0xBC0C, 0xC40C, 0xBBEC, 0xBBEC, 0xBBEC,
    0xBBEC, 0xB3AC, 0xB38B, 0xAB6A, 0xAB49, 0xA308, 0xA308, 0xA2E8,
    0xA308, 0xA308, 0xA308, 0xA308, 0xA308, 0xA308, 0xA308, 0xA2E8,
    0xA2E7, 0xA2E7, 0xA2C6, 0xA2A5, 0x9A84, 0x9263, 0x8A23, 0x8203,
    0x79E2, 0x71A2, 0xA2E7, 0x9AC7, 0x5963, 0x4922, 0x40E1, 0x38C1,
    0x40E1, 0x30A1, 0x30A1, 0x30A0, 0x30A1, 0x2860, 0x2060, 0x2060,
    0x1020, 0x0000, 0x2060, 0x2881, 0x2060, 0x2060, 0x2860, 0x2060,
    0x2880, 0x2881, 0x2860, 0x2060, 0x2881, 0x2880, 0x2880, 0x3080,
    0x38A1, 0x3080, 0x30A0, 0x3080, 0x3080, 0x3080, 0x3080, 0x2860,
    0x2040, 0x4080, 0x6100, 0x7120, 0x8180, 0x91E1, 0x91E1, 0x91E1,
    0x99E1, 0xAA41, 0xBAA2, 0xCB03, 0xC2C2, 0xDC47, 0xF58C, 0xF58C,
    0xF56B, 0xED4A, 0xED4A, 0xF56A, 0xF5AC, 0xF58B, 0xF56B, 0xDBC5,
    0xC2C2, 0xC2A2, 0xB241, 0xC2E3, 0xBAC3, 0xB282, 0xC2C3, 0xC2C2,
    0xC2E3, 0xBAA2, 0xB282, 0xB282, 0xC2E3, 0xBAC3, 0xB262, 0xB262,
    0xBA82, 0xD323, 0xCB23, 0xCB24, 0xED0B, 0xF58D, 0xF5AE, 0xF56C,
    0xED4B, 0xED2B, 0xED0A, 0xE50B, 0xED2B, 0xE467, 0xC2E2, 0xBAA1,
    0xAA21, 0xCB02, 0xDBC4, 0xDBA3, 0xE467, 0xED4C, 0xED4C, 0xF58D,
    0xF56C, 0xF5CE, 0xF5AD, 0xF5AE, 0xED6D, 0xE4AA, 0xCBA6, 0xC2E3,
    0xBAA3, 0xB241, 0xB282, 0xBAA2, 0xAA41, 0xAA41, 0xB262, 0xA201,
    0xA201, 0xB261, 0xD324, 0xD344, 0xBAA2, 0xBAA2, 0xB262, 0xB282,
    0xB261, 0xB261, 0xCAE3, 0xDBA4, 0xED0A, 0xEDAE, 0xE52C, 0xDCEB,
    0xD469, 0xBBA7, 0x7223, 0x1820, 0x1020, 0x2040, 0x2860, 0x2860,
    0x30A0, 0x30A0, 0x2860, 0x3080, 0x3081, 0x30A1, 0x30A1, 0x30A1,
    0x2880, 0x38A1, 0x2880, 0x2880, 0x3081, 0x30A1, 0x38A1, 0x38C1,
    0x30A1, 0x1020, 0x1020, 0x2860, 0x2880, 0x30A1, 0x2880, 0x2060,
    0x30A1, 0x38C1, 0x4901, 0x4901, 0x5122, 0x5942, 0x6983, 0xBC4C,
    0xD5B2, 0xD592, 0xD592, 0xD592, 0xD572, 0xD571, 0xD571, 0xD571,
    0xD571, 0xD572, 0xD571, 0xD571, 0xD571, 0xD571, 0xD571, 0xCD51,
    0xCD51, 0xCD51, 0xCD30, 0xCD30, 0xCD10, 0xCD10, 0xC510, 0xC4EF,
    0xC4F0, 0xC4F0, 0xC4F0, 0xC4EF, 0xC4EF, 0xC4CF, 0xC4CF, 0xC4CF,
    0xBBA9, 0xBBA9, 0xC3A9, 0xC3C9, 0xC3C9, 0xC3C9, 0xC3A9, 0xBBA9,
    0xBBA9, 0xBB89, 0xBB68, 0xB348, 0xB327, 0xB327, 0xB327, 0xB327,
    0xB307, 0xB307, 0xB307, 0xB326, 0xB327, 0xB326, 0xB306, 0xB306,
    0xAB06, 0xAAE6, 0xAAE5, 0xA2C5, 0xA2A4, 0x9A64, 0x8A43, 0x8203,
    0x79E2, 0x71C2, 0x71C3, 0x9286, 0x7A04, 0x5102, 0x5942, 0x4902,
    0x40C1, 0x38A1, 0x38A1, 0x38A1, 0x2880, 0x2880, 0x2880, 0x2060,
    0x0820, 0x0000, 0x1860, 0x2880, 0x2080, 0x2060, 0x2881, 0x30A1,
    0x2860, 0x2060, 0x2060, 0x2040, 0x2880, 0x30A1, 0x2860, 0x2880,
    0x38A1, 0x3080, 0x30A0, 0x38A0, 0x38A0, 0x3080, 0x3080, 0x3880,
    0x3880, 0x50C0, 0x6920, 0x8180, 0x89A0, 0x91C1, 0x8180, 0x91E1,
    0xAA41, 0xAA41, 0xBA82, 0xBAC2, 0xC2E3, 0xE4EA, 0xED6C, 0xED6B,
    0xF56A, 0xED4A, 0xF56B, 0xF56B, 0xF5CD, 0xFDEE, 0xF58C, 0xDBC5,
    0xCB23, 0xBAA2, 0xB282, 0xC303, 0xBAC3, 0xAA42, 0xC2C2, 0xC2C2,
    0xBAA2, 0xBAC3, 0xB262, 0xB262, 0xB282, 0xB262, 0xBAA2, 0xBAA2,
    0xBA82, 0xCB23, 0xC2C3, 0xB282, 0xD3C5, 0xE4CA, 0xF5CE, 0xED2B,
    0xED2B, 0xED4B, 0xED4C, 0xED2B, 0xED6C, 0xE4E9, 0xDC27, 0xD384,
    0xCB43, 0xE487, 0xECEA, 0xECEA, 0xED4C, 0xED4C, 0xED4C, 0xF5AE,
    0xF58D, 0xF58D, 0xED8D, 0xF5EF, 0xE4EC, 0xC325, 0xC324, 0xAA41,
    0xAA62, 0xB282, 0xBA82, 0xB282, 0xAA62, 0xA201, 0xAA21, 0xAA21,
    0x91A0, 0x91A0, 0xB282, 0xC2E3, 0xBA82, 0xBAA2, 0xBAA3, 0xBAC3,
    0xC2A2, 0xC2E3, 0xCAE3, 0xDB83, 0xECC9, 0xED6C, 0xE52B, 0xDCCA,
    0xD4AA, 0xBBC7, 0x7A43, 0x38C0, 0x3080, 0x2040, 0x2060, 0x2880,
    0x3080, 0x30A0, 0x38C1, 0x30A1, 0x2880, 0x38A1, 0x30A1, 0x2060,
    0x30A1, 0x38A1, 0x30A1, 0x3080, 0x3080, 0x38A1, 0x38A1, 0x30A1,
    0x2060, 0x1040, 0x0820, 0x1020, 0x2060, 0x30A0, 0x38C1, 0x30A1,
    0x2880, 0x30A1, 0x40E1, 0x5142, 0x6183, 0x6142, 0xABAA, 0xDDD2,
    0xDDB2, 0xDDB3, 0xDDB3, 0xDDB3, 0xDDB2, 0xDDB2, 0xDDB2, 0xDDB2,
    0xDDB2, 0xDDB2, 0xDD92, 0xDD92, 0xD592, 0xD592, 0xD592, 0xD592,
    0xD592, 0xD572, 0xD571, 0xD571, 0xD571, 0xD551, 0xD551, 0xCD51,
    0xCD51, 0xCD51, 0xCD51, 0xCD51, 0xCD30, 0xCD30, 0xCD30, 0xCD30,
    0xBB87, 0xC387, 0xC387, 0xC387, 0xC387, 0xC387, 0xBB86, 0xC386,
    0xC366, 0xBB66, 0xBB46, 0xBB46, 0xBB46, 0xBB46, 0xBB46, 0xBB46,
    0xBB46, 0xBB26, 0xBB25, 0xBB25, 0xBB25, 0xBB25, 0xB325, 0xB325,
    0xB305, 0xB305, 0xB305, 0xAAE5, 0xA2A4, 0x9A84, 0x9243, 0x8223,
    0x79E2, 0x71C2, 0x69A2, 0x7A03, 0x9285, 0x81E4, 0x5942, 0x40E1,
    0x48E1, 0x30A1, 0x2880, 0x2880, 0x2060, 0x2060, 0x2880, 0x2060,
    0x0800, 0x0820, 0x2060, 0x2081, 0x2060, 0x2060, 0x2880, 0x2880,
    0x1840, 0x2060, 0x2880, 0x2860, 0x2880, 0x3080, 0x2860, 0x30A1,
    0x38A1, 0x3080, 0x3080, 0x30A0, 0x2860, 0x2860, 0x40C0, 0x48C0,
    0x40A0, 0x50C0, 0x6920, 0x7140, 0x8180, 0x89A0, 0x91E1, 0xAA21,
    0xAA21, 0xAA41, 0xAA62, 0xB261, 0xCB65, 0xE4CA, 0xED2A, 0xED2A,
    0xED29, 0xED2A, 0xED2A, 0xF5AD, 0xF5CD, 0xF5CE, 0xF58C, 0xDC26,
    0xC2E2, 0xBAC2, 0xC303, 0xBAC3, 0xB282, 0xAA62, 0xB282, 0xAA41,
    0xB282, 0xB262, 0xAA42, 0xAA42, 0xAA42, 0xBAA2, 0xB261, 0xC2A2,
    0xBAA2, 0xBAA2, 0xB262, 0xB262, 0xC303, 0xDBE5, 0xED2B, 0xECEA,
    0xED4B, 0xED6C, 0xED0B, 0xED2B, 0xED6C, 0xED4C, 0xED6D, 0xE4CA,
    0xECE9, 0xED6C, 0xED4C, 0xED2B, 0xED4C, 0xF58E, 0xED6C, 0xED6C,
    0xF58D, 0xF58D, 0xF5AE, 0xF5CF, 0xDC49, 0xBAC3, 0xC304, 0xB282,
    0xAA82, 0xAA42, 0xBAA2, 0xBAA2, 0xAA21, 0xAA21, 0xA1E0, 0xAA41,
    0x8980, 0x91C0, 0xA221, 0xB262, 0xBA82, 0xBA82, 0xB282, 0xC2E3,
    0xD324, 0xCB03, 0xCB23, 0xDBC5, 0xED2B, 0xED4C, 0xE50B, 0xCBE7,
    0xDCCB, 0xC408, 0x8263, 0x48E0, 0x6140, 0x38A0, 0x1820, 0x2860,
    0x3080, 0x30A0, 0x38A1, 0x30A1, 0x3081, 0x2880, 0x2880, 0x1840,
    0x2880, 0x38A1, 0x3080, 0x2880, 0x3080, 0x3080, 0x30A1, 0x2060,
    0x2880, 0x2060, 0x1020, 0x1840, 0x2040, 0x2860, 0x30A0, 0x30A1,
    0x3080, 0x40E1, 0x38C1, 0x5142, 0x6162, 0x9B08, 0xDD91, 0xDDD3,
    0xDDD3, 0xDDD3, 0xDDD3, 0xDDD3, 0xDDD3, 0xDDD3, 0xDDB3, 0xDDB3,
    0xDDB2, 0xDDB2, 0xDDB2, 0xDDB2, 0xDDB2, 0xDDB2, 0xDDB2, 0xDDB2,
    0xDDB2, 0xDD92, 0xD592, 0xD592, 0xD592, 0xD592, 0xD592, 0xD571,
    0xD571, 0xD571, 0xD571, 0xD571, 0xD571, 0xD571, 0xD551, 0xD551,
    0xC366, 0xC366, 0xC366, 0xC366, 0xC386, 0xC366, 0xC366, 0xC366,
    0xC366, 0xBB65, 0xBB45, 0xBB45, 0xBB45, 0xBB65, 0xBB65, 0xBB66,
    0xBB46, 0xBB45, 0xBB45, 0xBB45, 0xBB25, 0xBB25, 0xBB25, 0xBB25,
    0xBB25, 0xB305, 0xB305, 0xB2E5, 0xA2C4, 0x9A84, 0x9243, 0x8203,
    0x79C2, 0x71A2, 0x71C2, 0x79E3, 0x7A03, 0x9AA5, 0x8A44, 0x5942,
    0x4901, 0x40E1, 0x38A0, 0x2880, 0x2880, 0x2860, 0x2040, 0x1840,
    0x1000, 0x1820, 0x3080, 0x2880, 0x2080, 0x2880, 0x2060, 0x1840,
    0x2040, 0x2040, 0x2040, 0x2860, 0x30A0, 0x2060, 0x2860, 0x30A0,
    0x2880, 0x2860, 0x2860, 0x3080, 0x2040, 0x40E0, 0x6960, 0x58E0,
    0x50C0, 0x6100, 0x7960, 0x8180, 0x91C1, 0xA221, 0xAA21, 0xB261,
    0xAA41, 0xB282, 0xAA42, 0xC2E3, 0xDBE6, 0xDC27, 0xE4C9, 0xED09,
    0xED2A, 0xF58C, 0xF56B, 0xF5AD, 0xF56B, 0xF58C, 0xECE9, 0xDBC5,
    0xCB23, 0xCB44, 0xCB03, 0xB282, 0xB262, 0xBA82, 0xB282, 0xB261,
    0xB282, 0xBAA2, 0xB262, 0xAA41, 0xB261, 0xAA41, 0xAA21, 0xB261,
    0xAA21, 0x9A01, 0xAA41, 0xBA82, 0xB2A2, 0xCBA5, 0xED2B, 0xED4B,
    0xED4C, 0xED4C, 0xE50B, 0xED8E, 0xF5CE, 0xED4C, 0xED2C, 0xED4C,
    0xED4C, 0xF5AD, 0xED6C, 0xF58D, 0xED6C, 0xED8D, 0xED8D, 0xED6D,
    0xED2B, 0xF58D, 0xED6D, 0xED4D, 0xCBA7, 0xB282, 0xC2C2, 0xBAC2,
    0xAA62, 0xAA62, 0xB282, 0xB282, 0xA221, 0xAA41, 0x99C1, 0xA1E1,
    0x99E0, 0xAA21, 0xAA62, 0xA201, 0xB262, 0xAA41, 0xAA42, 0xBAA2,
    0xC2E3, 0xD344, 0xCB23, 0xE447, 0xED6C, 0xED4C, 0xED8E, 0xCC07,
    0xD469, 0xC3E8, 0x9263, 0x6140, 0x6140, 0x8222, 0x2860, 0x2860,
    0x38A0, 0x38A0, 0x38A0, 0x30A0, 0x2880, 0x2060, 0x2880, 0x2060,
    0x2860, 0x2880, 0x2880, 0x2860, 0x2060, 0x2040, 0x2060, 0x2860,
    0x2860, 0x2060, 0x1020, 0x1020, 0x1840, 0x2060, 0x3080, 0x2060,
    0x38A0, 0x38C1, 0x40E1, 0x6983, 0xA369, 0xDD91, 0xDDB2, 0xDDD3,
    0xDDD3, 0xDDD3, 0xDDD3, 0xDDD3, 0xDDD3, 0xDDB3, 0xDDB3, 0xDDB3,
    0xDDB2, 0xDDB2, 0xDDB2, 0xDDB2, 0xDDB2, 0xDDB2, 0xDDB2, 0xDDB2,
    0xDDB2, 0xDDB2, 0xDDB2, 0xDDB2, 0xDDB2, 0xDDB2, 0xD592, 0xD592,
    0xD592, 0xD592, 0xD592, 0xD572, 0xD571, 0xD571, 0xD571, 0xD571,
    0xBB66, 0xC366, 0xC366, 0xC366, 0xC366, 0xC366, 0xC366, 0xC366,
    0xC366, 0xBB66, 0xBB65, 0xBB45, 0xBB45, 0xBB45, 0xBB65, 0xBB65,
    0xBB45, 0xBB45, 0xBB45, 0xBB45, 0xBB25, 0xBB25, 0xBB25, 0xBB25,
    0xBB25, 0xBB25, 0xBB25, 0xB305, 0xAAC4, 0x9A84, 0x9243, 0x8202,
    0x71C2, 0x71A2, 0x71C2, 0x71C2, 0x79E3, 0x8224, 0x9285, 0x9A85,
    0x71A3, 0x5101, 0x40E1, 0x40E1, 0x38A0, 0x2880, 0x2880, 0x2860,
    0x1020, 0x2060, 0x38C0, 0x30A1, 0x2060, 0x2860, 0x2060, 0x2060,
    0x2880, 0x2040, 0x2060, 0x2860, 0x3080, 0x2060, 0x2040, 0x2880,
    0x3080, 0x2860, 0x2860, 0x2040, 0x3080, 0x81E1, 0x81C0, 0x6920,
    0x6100, 0x7140, 0x7960, 0x89C0, 0xA221, 0xB282, 0xAA21, 0xA201,
    0xB282, 0xC2E3, 0xBAA2, 0xBAC2, 0xB282, 0xC303, 0xE4EA, 0xF58C,
    0xF5AD, 0xF58C, 0xED2A, 0xED2A, 0xED2A, 0xF54A, 0xEC87, 0xDBA4,
    0xCB23, 0xCAE3, 0xBAA2, 0xB282, 0xCAE3, 0xB262, 0xAA62, 0xB282,
    0xBA82, 0xB242, 0xBA61, 0xAA21, 0xB282, 0xB241, 0xBAA2, 0xB282,
    0xAA62, 0xAA42, 0xB241, 0xBA82, 0xBA81, 0xCB64, 0xED4B, 0xED6D,
    0xED6C, 0xED4C, 0xE4CA, 0xED8E, 0xED8E, 0xED6D, 0xED4C, 0xF5AD,
    0xF5AD, 0xF58C, 0xF56C, 0xF5AE, 0xF5CE, 0xED6D, 0xEDAE, 0xED8D,
    0xED4C, 0xED6C, 0xF5AD, 0xE4EA, 0xBAC3, 0xAA42, 0xBA82, 0xBA82,
    0xAA41, 0xAA62, 0xB262, 0xA201, 0xA201, 0xAA21, 0x91C0, 0xA1E1,
    0x99E0, 0xAA21, 0xBAA2, 0xB262, 0xAA21, 0xB282, 0xBAA2, 0xC2E3,
    0xBA82, 0xCB03, 0xD343, 0xE489, 0xF5AD, 0xED4C, 0xED6D, 0xD428,
    0xCBA6, 0xB325, 0x8A22, 0x71C1, 0x6940, 0xBB66, 0xA389, 0x2860,
    0x38A0, 0x38C0, 0x38A0, 0x2880, 0x2060, 0x2880, 0x2860, 0x2060,
    0x2880, 0x2880, 0x2060, 0x2060, 0x1840, 0x2860, 0x2880, 0x2060,
    0x2880, 0x2880, 0x1820, 0x1820, 0x1820, 0x2860, 0x2860, 0x2860,
    0x3060, 0x48E0, 0x8224, 0xBC2B, 0xDD91, 0xDDB2, 0xD5B2, 0xDDB2,
    0xDDB2, 0xDDB3, 0xDDB3, 0xDDB3, 0xDDB2, 0xDDB2, 0xDDB2, 0xDDB2,
    0xDDB2, 0xDDB2, 0xDDB2, 0xDDB2, 0xDDB2, 0xDDB2, 0xDDB2, 0xDDB2,
    0xDDB2, 0xDDB2, 0xDDB2, 0xDDB2, 0xDDB2, 0xDDB2, 0xDD92, 0xD592,
    0xD592, 0xD592, 0xD592, 0xD592, 0xD571, 0xD571, 0xD571, 0xD571,
    0xBB66, 0xBB66, 0xC366, 0xC366, 0xC366, 0xC366, 0xC366, 0xC366,
    0xC366, 0xC366, 0xC366, 0xC365, 0xBB45, 0xBB45, 0xBB65, 0xBB65,
    0xBB45, 0xBB45, 0xBB45, 0xBB45, 0xBB45, 0xBB45, 0xBB45, 0xBB45,
    0xBB45, 0xBB25, 0xBB25, 0xB305, 0xAAC4, 0x9A84, 0x9243, 0x8202,
    0x71C2, 0x69A2, 0x69A2, 0x71C2, 0x79E3, 0x7A03, 0x8243, 0x9284,
    0xA2C5, 0x9265, 0x69A2, 0x48E1, 0x3080, 0x30A0, 0x2880, 0x2060,
    0x1020, 0x3080, 0x38C0, 0x30A0, 0x2060, 0x2060, 0x1840, 0x1020,
    0x2060, 0x2880, 0x2860, 0x2860, 0x2860, 0x3080, 0x2060, 0x2060,
    0x2860, 0x2060, 0x1820, 0x3080, 0x7A02, 0x9262, 0x8A21, 0x7160,
    0x6920, 0x7980, 0x81A0, 0x91E1, 0x9A01, 0xA221, 0xAA41, 0xAA61,
    0xBAA2, 0xBA82, 0xB261, 0xAA41, 0xAA41, 0xC303, 0xE4CA, 0xED2B,
    0xE50A, 0xED0A, 0xED2B, 0xED6C, 0xED2A, 0xED09, 0xECE9, 0xDBC5,
    0xC2E2, 0xC2A2, 0xB282, 0xC303, 0xBAC3, 0xB262, 0xAA42, 0xAA21,
    0xBAA3, 0xC2A2, 0xB262, 0xAA62, 0xBAA2, 0xBAC2, 0xB282, 0xB2A2,
    0xBAA2, 0xB261, 0xB241, 0xBA82, 0xC2E2, 0xDC06, 0xED4C, 0xED6D,
    0xED6C, 0xED4C, 0xE50B, 0xEDAE, 0xED6D, 0xED6D, 0xED6C, 0xF5CE,
    0xF5CE, 0xED4C, 0xED4B, 0xF5EF, 0xF5AD, 0xED6C, 0xED6C, 0xED6D,
    0xEDAE, 0xED4C, 0xF58D, 0xE4CA, 0xAA42, 0xB242, 0xBA82, 0xB262,
    0xA221, 0xA221, 0xB262, 0xA201, 0xA221, 0xB261, 0xAA41, 0xA201,
    0xAA41, 0xA221, 0xB241, 0xBAA2, 0xB262, 0xBA82, 0xB282, 0xC2E3,
    0xC2E3, 0xBAA2, 0xCB03, 0xE488, 0xF58D, 0xED6D, 0xED6D, 0xC386,
    0xBB24, 0xA283, 0x81C1, 0x8202, 0x81C0, 0xC3A6, 0xF612, 0x7AA6,
    0x2040, 0x30A0, 0x2880, 0x2060, 0x2040, 0x2060, 0x2860, 0x2060,
    0x2060, 0x2880, 0x2860, 0x2060, 0x2060, 0x2880, 0x2040, 0x2060,
    0x2880, 0x30A0, 0x2860, 0x1820, 0x2860, 0x30A0, 0x30A0, 0x3880,
    0x69C3, 0xB3EA, 0xD50F, 0xDD92, 0xD572, 0xD571, 0xD571, 0xD592,
    0xD592, 0xD592, 0xD592, 0xD592, 0xD592, 0xD592, 0xD592, 0xD572,
    0xD592, 0xD592, 0xD592, 0xD592, 0xD592, 0xD592, 0xD592, 0xD592,
    0xD592, 0xD592, 0xD592, 0xD592, 0xD592, 0xD592, 0xD591, 0xD571,
    0xD571, 0xD571, 0xD571, 0xD571, 0xD571, 0xD571, 0xD551, 0xD551,
    0xBB66, 0xBB66, 0xC366, 0xC366, 0xC366, 0xC366, 0xC386, 0xC386,
    0xC386, 0xC386, 0xC366, 0xC365, 0xC365, 0xC366, 0xC366, 0xC365,
    0xBB65, 0xBB65, 0xBB45, 0xBB45, 0xBB45, 0xBB45, 0xBB45, 0xBB45,
    0xBB45, 0xBB45, 0xBB25, 0xB305, 0xAAE4, 0x9A84, 0x9243, 0x8203,
    0x71C2, 0x69A2, 0x69A2, 0x71C2, 0x71E3, 0x8203, 0x8A43, 0x8A64,
    0x92A4, 0xA2C5, 0xA2E5, 0x9A64, 0x69A2, 0x4901, 0x38A0, 0x2840,
    0x2020, 0x3880, 0x40C1, 0x30A0, 0x30A0, 0x2060, 0x2060, 0x1840,
    0x1840, 0x30A0, 0x38A0, 0x30A0, 0x38A0, 0x38A0, 0x30A0, 0x2860,
    0x2840, 0x2860, 0x40A0, 0x8A22, 0xAB05, 0x9AA3, 0x9A82, 0x89E1,
    0x81A0, 0x89A0, 0x89C0, 0x91C0, 0x91C0, 0xAA61, 0xB282, 0xB262,
    0xB282, 0xB282, 0xBAA2, 0xBA81, 0xBAA2, 0xC2C2, 0xDC27, 0xE4E9,
    0xED0A, 0xED4C, 0xED6C, 0xED6B, 0xED6C, 0xF56C, 0xED4C, 0xE467,
    0xD323, 0xC2C3, 0xC2E3, 0xB2A2, 0xB262, 0xC2C2, 0xB262, 0xBA82,
    0xB282, 0xB282, 0xB262, 0xBAA2, 0xB261, 0xBAA2, 0xB282, 0xB282,
    0xC2C3, 0xBAA2, 0xAA41, 0xBAA2, 0xCB02, 0xE4A9, 0xED6C, 0xED4C,
    0xED4B, 0xED6D, 0xED2C, 0xED8E, 0xED6C, 0xED6D, 0xED6D, 0xF58D,
    0xF58D, 0xED4C, 0xED2B, 0xF5EF, 0xED8D, 0xED4C, 0xED4C, 0xED6D,
    0xED4C, 0xED4C, 0xED4C, 0xE4A9, 0xB282, 0x99E1, 0xAA42, 0xA201,
    0xA201, 0xA222, 0xAA42, 0xAA21, 0xAA42, 0xBAA2, 0xC2C2, 0xB261,
    0xAA21, 0xAA41, 0xBA82, 0xC2C3, 0xBAA2, 0xC2C2, 0xC2E3, 0xB282,
    0xB282, 0xBA82, 0xD343, 0xED0A, 0xED8D, 0xED2C, 0xE50C, 0xC386,
    0xAA61, 0x9200, 0x81A0, 0x8A22, 0x8A01, 0xC385, 0xE590, 0xC4CE,
    0x61C3, 0x3080, 0x3060, 0x2860, 0x2880, 0x3080, 0x3080, 0x2860,
    0x30A0, 0x38C0, 0x2860, 0x1840, 0x2040, 0x1840, 0x2860, 0x2880,
    0x3080, 0x40C0, 0x2020, 0x0800, 0x2040, 0x3080, 0x5141, 0x8AC6,
    0xCCCE, 0xD571, 0xCD31, 0xCD30, 0xCD51, 0xCD51, 0xCD51, 0xCD51,
    0xCD51, 0xCD51, 0xCD51, 0xCD51, 0xCD51, 0xCD51, 0xCD51, 0xCD51,
    0xCD51, 0xCD51, 0xCD51, 0xCD51, 0xCD51, 0xCD51, 0xCD51, 0xCD51,
    0xCD51, 0xCD71, 0xD571, 0xD551, 0xCD51, 0xD551, 0xCD51, 0xCD51,
    0xCD51, 0xCD30, 0xCD30, 0xCD30, 0xCD30, 0xCD30, 0xCD30, 0xCD30,
    0xBB66, 0xBB66, 0xC366, 0xC366, 0xC386, 0xC386, 0xC386, 0xC386,
    0xC386, 0xC386, 0xC366, 0xC366, 0xC366, 0xC366, 0xC366, 0xC366,
    0xC366, 0xBB65, 0xBB65, 0xBB45, 0xBB45, 0xBB45, 0xBB45, 0xBB45,
    0xBB45, 0xBB45, 0xBB45, 0xB325, 0xAAE4, 0x9A84, 0x9243, 0x8203,
    0x71C2, 0x69A2, 0x69A2, 0x69C2, 0x79E3, 0x8223, 0x8A43, 0x9284,
    0x9AA4, 0x9AC5, 0xA2C5, 0xAAE6, 0xB306, 0xAB06, 0x9AC5, 0x8223,
    0x7A03, 0x7A03, 0x5961, 0x40C0, 0x38C1, 0x38A0, 0x3080, 0x2860,
    0x2880, 0x2860, 0x3080, 0x38A0, 0x40C0, 0x40C0, 0x38A0, 0x3080,
    0x5100, 0x9222, 0xAA62, 0x9A42, 0xAB25, 0xA2E4, 0xA2C3, 0x9242,
    0x9200, 0x91E0, 0x99E0, 0xA200, 0xAA21, 0xB282, 0xB282, 0xB282,
    0xB282, 0xBAA2, 0xBAA2, 0xBAA2, 0xC2E3, 0xC303, 0xED0A, 0xF58C,
    0xED8D, 0xF5AD, 0xED6C, 0xED6C, 0xED6C, 0xF58D, 0xF5AE, 0xECC9,
    0xD343, 0xBA82, 0xB282, 0xAA41, 0xBAA2, 0xBAC2, 0xAA21, 0xBA82,
    0xB282, 0xAA42, 0xB262, 0xB282, 0xAA21, 0xBAC2, 0xB282, 0xB282,
    0xC2E3, 0xBAC2, 0xAA61, 0xBAA1, 0xCB43, 0xECC9, 0xED6C, 0xED4C,
    0xED4C, 0xED8D, 0xED4D, 0xED4C, 0xED6C, 0xED8E, 0xF5AF, 0xED6D,
    0xE52C, 0xE4EB, 0xED8D, 0xF5CF, 0xED4C, 0xED4C, 0xED6C, 0xED4C,
    0xED4C, 0xED2B, 0xED2B, 0xE4C9, 0xB282, 0xAA41, 0xB262, 0xAA62,
    0xB2A2, 0xAA62, 0xB262, 0xAA42, 0xB262, 0xB262, 0xBAA2, 0xBAA2,
    0xBA82, 0xBAA2, 0xBA82, 0xC2E3, 0xB282, 0xC2E3, 0xC2E3, 0xBAA2,
    0xC2E3, 0xCB03, 0xDC05, 0xED2A, 0xED4C, 0xED6D, 0xED6D, 0xC386,
    0xAA82, 0x9A21, 0x81A0, 0x8A01, 0x9201, 0xC3A6, 0xD50E, 0xBCAF,
    0xBC8E, 0x9B69, 0x6182, 0x40A0, 0x3080, 0x38A0, 0x38A0, 0x38A0,
    0x40C1, 0x38A0, 0x2880, 0x2860, 0x2860, 0x3080, 0x3080, 0x2860,
    0x48C0, 0x61A2, 0x5962, 0x61C3, 0x7A45, 0x9B69, 0xBC6D, 0xCCEF,
    0xC4EF, 0xC4CF, 0xC4EF, 0xC4F0, 0xC510, 0xC510, 0xCD10, 0xCD10,
    0xC510, 0xC510, 0xC510, 0xC510, 0xC510, 0xC4F0, 0xC4F0, 0xC4F0,
    0xC4F0, 0xC510, 0xC4F0, 0xC4F0, 0xC4F0, 0xC4F0, 0xC510, 0xC510,
    0xC510, 0xCD30, 0xCD30, 0xCD30, 0xCD30, 0xCD30, 0xCD10, 0xC510,
    0xC510, 0xC4F0, 0xC4F0, 0xC4EF, 0xC4EF, 0xC4EF, 0xC4EF, 0xC4EF,
    0xBB66, 0xBB86, 0xC386, 0xC386, 0xC386, 0xC386, 0xC386, 0xC386,
    0xC386, 0xC386, 0xC386, 0xC386, 0xC366, 0xC366, 0xC366, 0xC366,
    0xC366, 0xC366, 0xC366, 0xC365, 0xBB65, 0xBB45, 0xBB45, 0xBB45,
    0xBB45, 0xBB45, 0xBB45, 0xB325, 0xAAE4, 0xA284, 0x9243, 0x8203,
    0x71C2, 0x69A2, 0x6982, 0x69C2, 0x79E3, 0x8223, 0x8A64, 0x9284,
    0x9AA5, 0x9AC5, 0xA2E5, 0xA2E5, 0xAB06, 0xB346, 0xBB87, 0xBBA8,
    0xC3E8, 0xC408, 0xB387, 0x9AC5, 0x7A03, 0x6162, 0x4901, 0x40E0,
    0x40E0, 0x40C0, 0x40C0, 0x48E0, 0x5101, 0x6182, 0x71C3, 0xA2E5,
    0xD3C6, 0xD385, 0xBAA2, 0x9A42, 0xBB86, 0xB365, 0xAB04, 0xA2E4,
    0xAAC3, 0xB2C2, 0xB281, 0xAA61, 0xB2A2, 0xBAC2, 0xB282, 0xBAA2,
    0xBAA2, 0xC2C2, 0xAA61, 0xBAE2, 0xD384, 0xE4A8, 0xED8D, 0xED8D,
    0xED8D, 0xED8D, 0xED4C, 0xE52B, 0xED8D, 0xF5CF, 0xED6C, 0xED0A,
    0xDBC5, 0xC2A2, 0xBAA2, 0xBAA2, 0xC2E3, 0xAA42, 0xAA42, 0xBA82,
    0xBAC3, 0xBAA2, 0xB262, 0xBA82, 0xBA82, 0xBA82, 0xB261, 0xBAA2,
    0xB262, 0xBA82, 0xB281, 0xCB23, 0xE4A9, 0xED8D, 0xED4C, 0xED4C,
    0xED6D, 0xED2B, 0xED6D, 0xED6D, 0xE4EA, 0xED4D, 0xE4EB, 0xCBC7,
    0xBB46, 0xBAE4, 0xD429, 0xE4EB, 0xDC89, 0xED2C, 0xED6D, 0xED4B,
    0xED4C, 0xED8D, 0xED2B, 0xE4CA, 0xCB85, 0xC2C2, 0xB2A2, 0xBAC3,
    0xBAC3, 0xC2E3, 0xBAC3, 0xAA62, 0xB2A2, 0xAA62, 0xA201, 0xB261,
    0xB261, 0xC2C2, 0xC2E3, 0xC2E3, 0xBAE3, 0xC323, 0xC2E3, 0xBAC2,
    0xC2C2, 0xDBE5, 0xECE9, 0xF56C, 0xED8D, 0xF5CF, 0xEDCF, 0xC3C7,
    0xB282, 0xA262, 0x9200, 0x9242, 0x9221, 0xC3A6, 0xD4EE, 0xAC4E,
    0xB46E, 0xB48E, 0xB42C, 0x9B69, 0x8265, 0x71E3, 0x5962, 0x40C0,
    0x40A0, 0x38A0, 0x38A0, 0x38A0, 0x40A0, 0x5101, 0x5121, 0x79E3,
    0x9B28, 0xB42C, 0xB44D, 0xB44D, 0xB46E, 0xB48E, 0xB48E, 0xB46E,
    0xB48E, 0xBCAE, 0xBCAF, 0xBCAF, 0xBCAF, 0xBCCF, 0xBCCF, 0xBCCF,
    0xBCAF, 0xBCAF, 0xBCAF, 0xBCAF, 0xBCCF, 0xBCAF, 0xBCAF, 0xB48E,
    0xB48E, 0xB48E, 0xB48E, 0xB48E, 0xBC8F, 0xBC8F, 0xBCAF, 0xBCAF,
    0xBCAF, 0xBCCF, 0xBCCF, 0xBCCF, 0xBCCF, 0xBCCF, 0xBCAF, 0xBCAF,
    0xBCAF, 0xBC8F, 0xB48E, 0xB48E, 0xB48E, 0xBC8E, 0xBC8E, 0xBCAF,
    0xBB66, 0xC386, 0xC386, 0xC386, 0xC386, 0xC386, 0xC386, 0xC3A6,
    0xC3A6, 0xC386, 0xC386, 0xC386, 0xC386, 0xC366, 0xC366, 0xC366,
    0xC366, 0xBB66, 0xC366, 0xC366, 0xC366, 0xC345, 0xBB45, 0xBB45,
    0xBB45, 0xBB45, 0xBB45, 0xB325, 0xAAE5, 0x9AA4, 0x9243, 0x8203,
    0x71C2, 0x69A2, 0x6182, 0x69C2, 0x79E3, 0x8223, 0x8A64, 0x92A5,
    0x9AC5, 0x9AC5, 0xA2E5, 0xA2E6, 0xAB06, 0xAB46, 0xB367, 0xB387,
    0xBBC8, 0xBBC8, 0xC409, 0xCC49, 0xCC29, 0xBBC8, 0xA306, 0xAB26,
    0xB367, 0xAB67, 0xA326, 0xB387, 0xB3A8, 0xB3C9, 0xAB88, 0xD48B,
    0xDC06, 0xCB65, 0xBAE3, 0x9222, 0xBBA7, 0xBBA7, 0xAB25, 0xAB25,
    0xB365, 0xBB44, 0xBB44, 0xBB24, 0xBB03, 0xBAA2, 0xBAA2, 0xC2E3,
    0xC2C2, 0xB261, 0xBAA2, 0xC323, 0xE488, 0xED4B, 0xEDAE, 0xED8D,
    0xED6C, 0xE52B, 0xDC88, 0xE54C, 0xED6C, 0xED8D, 0xED4B, 0xF58C,
    0xECC9, 0xD384, 0xCB23, 0xC303, 0xB282, 0x9A01, 0xA221, 0xAA41,
    0xC2E3, 0xBAA2, 0xB261, 0xAA41, 0xBA61, 0xAA21, 0xB261, 0xBAE3,
    0xAA41, 0xB2A2, 0xCB44, 0xECA8, 0xED6D, 0xED8E, 0xED4C, 0xED6D,
    0xED8D, 0xED4C, 0xED4C, 0xDCAA, 0xC365, 0xD449, 0xCBC7, 0xC345,
    0xB283, 0xAA82, 0xBAE3, 0xCBA6, 0xCBA6, 0xE50B, 0xED4C, 0xED4C,
    0xEDAE, 0xED6C, 0xE50B, 0xED4C, 0xDCA9, 0xCB64, 0xB282, 0xAA62,
    0xB282, 0xBAA2, 0xC2E3, 0xB2A3, 0xB2A3, 0xB2A2, 0xAA21, 0xAA41,
    0xB282, 0xB261, 0xC324, 0xC2E3, 0xC324, 0xBAA2, 0xBAC3, 0xCB44,
    0xD3C5, 0xECC9, 0xF56B, 0xF5AD, 0xED8E, 0xED8E, 0xED8E, 0xCBC7,
    0xB282, 0xAAA3, 0x9A21, 0xA2A4, 0x9A62, 0xC3C6, 0xCCAD, 0xA40D,
    0xAC0D, 0xA40C, 0xA40D, 0xAC2D, 0xAC0C, 0xA3CB, 0xA3AA, 0x9308,
    0x8AE7, 0x8286, 0x7A45, 0x7A86, 0x82A6, 0x9308, 0xABCB, 0xAC2C,
    0xAC4E, 0xA42D, 0xA40D, 0xA40C, 0xA40D, 0xAC2D, 0xAC2D, 0xAC2D,
    0xAC4D, 0xAC4E, 0xB46E, 0xB46E, 0xB46E, 0xB48E, 0xB46E, 0xB46E,
    0xB46E, 0xB46E, 0xB46E, 0xB46E, 0xB46E, 0xB46E, 0xAC4E, 0xAC2D,
    0xAC2D, 0xAC2D, 0xAC2D, 0xAC2D, 0xAC4E, 0xAC6E, 0xAC6E, 0xAC6E,
    0xB46E, 0xB46E, 0xB48E, 0xB48E, 0xB48E, 0xB48E, 0xB46E, 0xB46E,
    0xB46E, 0xAC4E, 0xAC4E, 0xAC4D, 0xAC2D, 0xAC4D, 0xAC4E, 0xB46E,
};
