/*!
	@file    muse_charm_240x320_RGB565.hpp
	@author  Generated by bmp2hpp.py
	@brief   Library header file for test bitmap data, holds bitmap data.
	@note    NOT part of core library only used for holding test data,
			 can be omitted in project use or port.
	@details bitmaps in file
		        -#  muse_charm_240x320_RGB565    : 16 bit color 565,  76800 pixels, 153600 bytes (240x320)
*/

#pragma once

/// @cond

// array size is 76800 pixels (240x320), 153600 bytes
// BMP pixel data offset 66
// RGB 565 16 bit color

const unsigned short muse_charm_240x320_RGB565[76800] PROGMEM = {
    0x0000, 0x0020, 0x0000, 0x0000, 0x0000, 0x0000, 0x0000, 0x0000,
    0x0000, 0x0000, 0x0000, 0x0000, 0x0000, 0x0000, 0x0000, 0x0000,
    0x0000, 0x0000, 0x0000, 0x0000, 0x0000, 0x0000, 0x0000, 0x0000,
    0x0000, 0x0000, 0x0000, 0x0000, 0x0000, 0x0000, 0x0000, 0x0000,
    0x0000, 0x0000, 0x0000, 0x0000, 0x0000, 0x0000, 0x0000, 0x0000,
    0x0000, 0x0000, 0x0000, 0x0000, 0x0000, 0x0000, 0x0000, 0x0000,
    0x0000, 0x0000, 0x0000, 0x0000, 0x0000, 0x0000, 0x0000, 0x0000,
    0x0000, 0x0000, 0x0000, 0x0000, 0x0000, 0x0000, 0x0000, 0x0000,
    0x0000, 0x0000, 0x0000, 0x0000, 0x0000, 0x0000, 0x0000, 0x0000,
    0x0000, 0x0000, 0x0000, 0x0000, 0x0000, 0x0000, 0x0000, 0x0000,
    0x0000, 0x0000, 0x0000, 0x0000, 0x0000, 0x0000, 0x0000, 0x0000,
    0x0000, 0x0000, 0x0000, 0x0000, 0x0000, 0x0000, 0x0000, 0x0000,
    0x0000, 0x0000, 0x0000, 0x0000, 0x0000, 0x0000, 0x0000, 0x0000,
    0x0000, 0x0000, 0x0000, 0x0000, 0x0000, 0x0000, 0x0000, 0x0000,
    0x0000, 0x0000, 0x0000, 0x0000, 0x0000, 0x0000, 0x0000, 0x0000,
    0x0000, 0x0000, 0x0000, 0x0000, 0x0000, 0x0000, 0x0000, 0x0000,
    0x0000, 0x0000, 0x0000, 0x0000, 0x0000, 0x0000, 0x0000, 0x0000,
    0x0000, 0x0000, 0x0000, 0x0000, 0x0000, 0x0000, 0x0000, 0x0000,
    0x0000, 0x0000, 0x0000, 0x0000, 0x0000, 0x0000, 0x0000, 0x0000,
    0x0000, 0x0000, 0x0000, 0x0000, 0x0000, 0x0000, 0x0000, 0x0000,
    0x0000, 0x0000, 0x0000, 0x0000, 0x0000, 0x0000, 0x0000, 0x0000,
    0x0000, 0x0000, 0x0000, 0x0000, 0x0000, 0x0000, 0x0000, 0x0000,
    0x0000, 0x0000, 0x0000, 0x0000, 0x0000, 0x0000, 0x0000, 0x0000,
    0x0000, 0x0000, 0x0000, 0x0000, 0x0000, 0x0000, 0x0000, 0x0000,
    0x0000, 0x0000, 0x0000, 0x0000, 0x0000, 0x0000, 0x0000, 0x0000,
    0x0000, 0x0000, 0x0000, 0x0000, 0x0000, 0x0000, 0x0000, 0x0000,
    0x0000, 0x0000, 0x0000, 0x0000, 0x0000, 0x0000, 0x0000, 0x0000,
    0x0000, 0x0000, 0x0000, 0x0000, 0x0000, 0x0000, 0x0000, 0x0000,
    0x0000, 0x0000, 0x0000, 0x0000, 0x0000, 0x0000, 0x0000, 0x0000,
    0x0000, 0x0000, 0x0000, 0x0000, 0x0000, 0x0020, 0x0020, 0x0020,
    0x0000, 0x0020, 0x0000, 0x0000, 0x0000, 0x0000, 0x0000, 0x0000,
    0x0000, 0x0000, 0x0000, 0x0000, 0x0000, 0x0000, 0x0000, 0x0000,
    0x0000, 0x0000, 0x0000, 0x0000, 0x0000, 0x0000, 0x0000, 0x0000,
    0x0000, 0x0000, 0x0000, 0x0000, 0x0000, 0x0000, 0x0000, 0x0000,
    0x0000, 0x0000, 0x0000, 0x0000, 0x0000, 0x0000, 0x0000, 0x0000,
    0x0000, 0x0000, 0x0000, 0x0000, 0x0000, 0x0000, 0x0000, 0x0000,
    0x0000, 0x0000, 0x0000, 0x0000, 0x0000, 0x0000, 0x0000, 0x0000,
    0x0000, 0x0000, 0x0000, 0x0000, 0x0000, 0x0000, 0x0000, 0x0000,
    0x0000, 0x0000, 0x0000, 0x0000, 0x0000, 0x0000, 0x0000, 0x0000,
    0x0000, 0x0000, 0x0000, 0x0000, 0x0000, 0x0000, 0x0000, 0x0000,
    0x0000, 0x0000, 0x0000, 0x0000, 0x0000, 0x0000, 0x0000, 0x0000,
    0x0000, 0x0000, 0x0000, 0x0000, 0x0000, 0x0000, 0x0000, 0x0000,
    0x0000, 0x0000, 0x0000, 0x0000, 0x0000, 0x0000, 0x0000, 0x0000,
    0x0000, 0x0000, 0x0000, 0x0000, 0x0000, 0x0000, 0x0000, 0x0000,
    0x0000, 0x0000, 0x0000, 0x0000, 0x0000, 0x0000, 0x0000, 0x0000,
    0x0000, 0x0000, 0x0000, 0x0000, 0x0000, 0x0000, 0x0000, 0x0000,
    0x0000, 0x0000, 0x0000, 0x0000, 0x0000, 0x0000, 0x0000, 0x0000,
    0x0000, 0x0000, 0x0000, 0x0000, 0x0000, 0x0000, 0x0000, 0x0000,
    0x0000, 0x0000, 0x0000, 0x0000, 0x0000, 0x0000, 0x0000, 0x0000,
    0x0000, 0x0000, 0x0000, 0x0000, 0x0000, 0x0000, 0x0000, 0x0000,
    0x0000, 0x0000, 0x0000, 0x0000, 0x0000, 0x0000, 0x0000, 0x0000,
    0x0000, 0x0000, 0x0000, 0x0000, 0x0000, 0x0000, 0x0000, 0x0000,
    0x0000, 0x0000, 0x0000, 0x0000, 0x0000, 0x0000, 0x0000, 0x0000,
    0x0000, 0x0000, 0x0000, 0x0000, 0x0000, 0x0000, 0x0000, 0x0000,
    0x0000, 0x0000, 0x0000, 0x0000, 0x0000, 0x0000, 0x0000, 0x0000,
    0x0000, 0x0000, 0x0000, 0x0000, 0x0000, 0x0000, 0x0000, 0x0000,
    0x0000, 0x0000, 0x0000, 0x0000, 0x0000, 0x0000, 0x0000, 0x0000,
    0x0000, 0x0000, 0x0000, 0x0000, 0x0000, 0x0000, 0x0000, 0x0000,
    0x0000, 0x0000, 0x0000, 0x0000, 0x0000, 0x0000, 0x0000, 0x0000,
    0x0000, 0x0000, 0x0000, 0x0000, 0x0000, 0x0000, 0x0020, 0x0020,
    0x0000, 0x0000, 0x0000, 0x0000, 0x0000, 0x0000, 0x0000, 0x0000,
    0x0000, 0x0000, 0x0000, 0x0000, 0x0000, 0x0000, 0x0000, 0x0000,
    0x0000, 0x0000, 0x0000, 0x0000, 0x0000, 0x0000, 0x0000, 0x0000,
    0x0000, 0x0000, 0x0000, 0x0000, 0x0000, 0x0000, 0x0000, 0x0000,
    0x0000, 0x0000, 0x0000, 0x0000, 0x0000, 0x0000, 0x0000, 0x0000,
    0x0000, 0x0000, 0x0000, 0x0000, 0x0000, 0x0000, 0x0000, 0x0000,
    0x0000, 0x0000, 0x0000, 0x0000, 0x0000, 0x0000, 0x0000, 0x0000,
    0x0000, 0x0000, 0x0000, 0x0000, 0x0000, 0x0000, 0x0000, 0x0000,
    0x0000, 0x0000, 0x0000, 0x0000, 0x0000, 0x0000, 0x0000, 0x0000,
    0x0000, 0x0000, 0x0000, 0x0000, 0x0000, 0x0000, 0x0000, 0x0000,
    0x0000, 0x0000, 0x0000, 0x0000, 0x0000, 0x0000, 0x0000, 0x0000,
    0x0000, 0x0000, 0x0000, 0x0000, 0x0000, 0x0000, 0x0000, 0x0000,
    0x0000, 0x0000, 0x0000, 0x0000, 0x0000, 0x0000, 0x0000, 0x0000,
    0x0000, 0x0000, 0x0000, 0x0000, 0x0000, 0x0000, 0x0000, 0x0000,
    0x0000, 0x0000, 0x0000, 0x0000, 0x0000, 0x0000, 0x0000, 0x0000,
    0x0000, 0x0000, 0x0000, 0x0000, 0x0000, 0x0000, 0x0000, 0x0000,
    0x0000, 0x0000, 0x0000, 0x0000, 0x0000, 0x0000, 0x0000, 0x0000,
    0x0000, 0x0000, 0x0000, 0x0000, 0x0000, 0x0000, 0x0000, 0x0000,
    0x0000, 0x0000, 0x0000, 0x0000, 0x0000, 0x0000, 0x0000, 0x0000,
    0x0000, 0x0000, 0x0000, 0x0000, 0x0000, 0x0000, 0x0000, 0x0000,
    0x0000, 0x0000, 0x0000, 0x0000, 0x0000, 0x0000, 0x0000, 0x0000,
    0x0000, 0x0000, 0x0000, 0x0000, 0x0000, 0x0000, 0x0000, 0x0000,
    0x0000, 0x0000, 0x0000, 0x0000, 0x0000, 0x0000, 0x0000, 0x0000,
    0x0000, 0x0000, 0x0000, 0x0000, 0x0000, 0x0000, 0x0000, 0x0000,
    0x0000, 0x0000, 0x0000, 0x0000, 0x0000, 0x0000, 0x0000, 0x0000,
    0x0000, 0x0000, 0x0000, 0x0000, 0x0000, 0x0000, 0x0000, 0x0000,
    0x0000, 0x0000, 0x0000, 0x0000, 0x0000, 0x0000, 0x0000, 0x0000,
    0x0000, 0x0000, 0x0000, 0x0000, 0x0000, 0x0000, 0x0000, 0x0000,
    0x0000, 0x0000, 0x0000, 0x0000, 0x0000, 0x0000, 0x0000, 0x0000,
    0x0000, 0x0000, 0x0000, 0x0000, 0x0000, 0x0000, 0x0000, 0x0000,
    0x0000, 0x0000, 0x0000, 0x0000, 0x0000, 0x0000, 0x0000, 0x0000,
    0x0000, 0x0000, 0x0000, 0x0000, 0x0000, 0x0000, 0x0000, 0x0000,
    0x0000, 0x0000, 0x0000, 0x0000, 0x0000, 0x0000, 0x0000, 0x0000,
    0x0000, 0x0000, 0x0000, 0x0000, 0x0000, 0x0000, 0x0000, 0x0000,
    0x0000, 0x0000, 0x0000, 0x0000, 0x0000, 0x0000, 0x0000, 0x0000,
    0x0000, 0x0000, 0x0000, 0x0000, 0x0000, 0x0000, 0x0000, 0x0000,
    0x0000, 0x0000, 0x0000, 0x0000, 0x0000, 0x0000, 0x0000, 0x0000,
    0x0000, 0x0000, 0x0000, 0x0000, 0x0000, 0x0000, 0x0000, 0x0000,
    0x0000, 0x0000, 0x0000, 0x0000, 0x0000, 0x0000, 0x0000, 0x0000,
    0x0000, 0x0000, 0x0000, 0x0000, 0x0000, 0x0000, 0x0000, 0x0000,
    0x0000, 0x0000, 0x0000, 0x0000, 0x0000, 0x0000, 0x0000, 0x0000,
    0x0000, 0x0000, 0x0000, 0x0000, 0x0000, 0x0000, 0x0000, 0x0000,
    0x0000, 0x0000, 0x0000, 0x0000, 0x0000, 0x0000, 0x0000, 0x0000,
    0x0000, 0x0000, 0x0000, 0x0000, 0x0000, 0x0000, 0x0000, 0x0000,
    0x0000, 0x0000, 0x0000, 0x0000, 0x0000, 0x0000, 0x0000, 0x0000,
    0x0000, 0x0000, 0x0000, 0x0000, 0x0000, 0x0000, 0x0000, 0x0000,
    0x0000, 0x0000, 0x0000, 0x0000, 0x0000, 0x0000, 0x0000, 0x0000,
    0x0000, 0x0000, 0x0000, 0x0000, 0x0000, 0x0000, 0x0000, 0x0000,
    0x0000, 0x0000, 0x0000, 0x0000, 0x0000, 0x0000, 0x0000, 0x0000,
    0x0000, 0x0000, 0x0000, 0x0000, 0x0000, 0x0000, 0x0000, 0x0000,
    0x0000, 0x0000, 0x0000, 0x0000, 0x0000, 0x0000, 0x0000, 0x0000,
    0x0000, 0x0000, 0x0000, 0x0000, 0x0000, 0x0000, 0x0000, 0x0000,
    0x0000, 0x0000, 0x0000, 0x0000, 0x0000, 0x0000, 0x0000, 0x0000,
    0x0000, 0x0000, 0x0000, 0x0000, 0x0000, 0x0000, 0x0000, 0x0000,
    0x0000, 0x0000, 0x0000, 0x0000, 0x0000, 0x0000, 0x0000, 0x0000,
    0x0000, 0x0000, 0x0000, 0x0000, 0x0000, 0x0000, 0x0000, 0x0000,
    0x0000, 0x0000, 0x0000, 0x0000, 0x0000, 0x0000, 0x0000, 0x0000,
    0x0000, 0x0000, 0x0000, 0x0000, 0x0000, 0x0000, 0x0000, 0x0000,
    0x0000, 0x0000, 0x0000, 0x0000, 0x0000, 0x0000, 0x0000, 0x0000,
    0x0000, 0x0000, 0x0000, 0x0000, 0x0000, 0x0000, 0x0000, 0x0000,
    0x0000, 0x0000, 0x0000, 0x0000, 0x0000, 0x0000, 0x0000, 0x0000,
    0x0000, 0x0000, 0x0000, 0x0000, 0x0000, 0x0000, 0x0000, 0x0000,
    0x0000, 0x0000, 0x0000, 0x0000, 0x0000, 0x0000, 0x0000, 0x0000,
    0x0000, 0x0000, 0x0000, 0x0000, 0x0000, 0x0000, 0x0000, 0x0000,
    0x0000, 0x0000, 0x0000, 0x0000, 0x0000, 0x0000, 0x0000, 0x0000,
    0x0000, 0x0000, 0x0000, 0x0000, 0x0000, 0x0000, 0x0000, 0x0000,
    0x0000, 0x0000, 0x0000, 0x0000, 0x0000, 0x0000, 0x0000, 0x0000,
    0x0000, 0x0000, 0x0000, 0x0000, 0x0000, 0x0000, 0x0000, 0x0000,
    0x0000, 0x0000, 0x0000, 0x0000, 0x0000, 0x0000, 0x0000, 0x0000,
    0x0000, 0x0000, 0x0000, 0x0000, 0x0000, 0x0000, 0x0000, 0x0000,
    0x0000, 0x0000, 0x0000, 0x0000, 0x0000, 0x0000, 0x0000, 0x0000,
    0x0000, 0x0000, 0x0000, 0x0000, 0x0000, 0x0000, 0x0000, 0x0000,
    0x0000, 0x0000, 0x0000, 0x0000, 0x0000, 0x0000, 0x0000, 0x0000,
    0x0000, 0x0000, 0x0000, 0x0000, 0x0000, 0x0000, 0x0000, 0x0000,
    0x0000, 0x0000, 0x0000, 0x0000, 0x0000, 0x0000, 0x0000, 0x0000,
    0x0000, 0x0000, 0x0000, 0x0000, 0x0000, 0x0000, 0x0000, 0x0000,
    0x0000, 0x0000, 0x0000, 0x0000, 0x0000, 0x0000, 0x0000, 0x0000,
    0x0000, 0x0000, 0x0000, 0x0000, 0x0000, 0x0000, 0x0000, 0x0000,
    0x0000, 0x0000, 0x0000, 0x0000, 0x0000, 0x0000, 0x0000, 0x0000,
    0x0000, 0x0000, 0x0000, 0x0000, 0x0000, 0x0000, 0x0000, 0x0000,
    0x0000, 0x0000, 0x0000, 0x0000, 0x0000, 0x0000, 0x0000, 0x0000,
    0x0000, 0x0000, 0x0000, 0x0000, 0x0000, 0x0000, 0x0000, 0x0000,
    0x0000, 0x0000, 0x0000, 0x0000, 0x0000, 0x0000, 0x0000, 0x0000,
    0x0000, 0x0000, 0x0000, 0x0000, 0x0000, 0x0000, 0x0000, 0x0000,
    0x0000, 0x0000, 0x0000, 0x0000, 0x0000, 0x0000, 0x0000, 0x0000,
    0x0000, 0x0000, 0x0000, 0x0000, 0x0000, 0x0000, 0x0000, 0x0000,
    0x0000, 0x0000, 0x0000, 0x0000, 0x0000, 0x0000, 0x0000, 0x0000,
    0x0000, 0x0000, 0x0000, 0x0000, 0x0000, 0x0000, 0x0000, 0x0000,
    0x0000, 0x0000, 0x0000, 0x0000, 0x0000, 0x0000, 0x0000, 0x0000,
    0x0000, 0x0000, 0x0000, 0x0000, 0x0000, 0x0000, 0x0000, 0x0000,
    0x0000, 0x0000, 0x0000, 0x0000, 0x0000, 0x0000, 0x0000, 0x0000,
    0x0000, 0x0000, 0x0000, 0x0000, 0x0000, 0x0000, 0x0000, 0x0000,
    0x0000, 0x0000, 0x0000, 0x0000, 0x0000, 0x0000, 0x0000, 0x0000,
    0x0000, 0x0000, 0x0000, 0x0000, 0x0000, 0x0000, 0x0000, 0x0000,
    0x0000, 0x0000, 0x0000, 0x0000, 0x0000, 0x0000, 0x0000, 0x0000,
    0x0000, 0x0000, 0x0000, 0x0000, 0x0000, 0x0000, 0x0000, 0x0000,
    0x0000, 0x0000, 0x0000, 0x0000, 0x0000, 0x0000, 0x0000, 0x0000,
    0x0000, 0x0000, 0x0000, 0x0000, 0x0000, 0x0000, 0x0000, 0x0000,
    0x0000, 0x0000, 0x0000, 0x0000, 0x0000, 0x0000, 0x0000, 0x0000,
    0x0000, 0x0000, 0x0000, 0x0000, 0x0000, 0x0000, 0x0000, 0x0000,
    0x0000, 0x0000, 0x0000, 0x0000, 0x0000, 0x0000, 0x0000, 0x0000,
    0x0000, 0x0000, 0x0000, 0x0000, 0x0000, 0x0000, 0x0000, 0x0000,
    0x0000, 0x0000, 0x0000, 0x0000, 0x0000, 0x0000, 0x0000, 0x0000,
    0x0000, 0x0000, 0x0000, 0x0000, 0x0000, 0x0000, 0x0000, 0x0000,
    0x0000, 0x0000, 0x0000, 0x0000, 0x0000, 0x0000, 0x0000, 0x0000,
    0x0000, 0x0000, 0x0000, 0x0000, 0x0000, 0x0000, 0x0000, 0x0000,
    0x0000, 0x0000, 0x0000, 0x0000, 0x0000, 0x0000, 0x0000, 0x0000,
    0x0000, 0x0000, 0x0000, 0x0000, 0x0000, 0x0000, 0x0000, 0x0000,
    0x0000, 0x0000, 0x0000, 0x0000, 0x0000, 0x0000, 0x0000, 0x0000,
    0x0000, 0x0000, 0x0000, 0x0000, 0x0000, 0x0000, 0x0000, 0x0000,
    0x0000, 0x0000, 0x0000, 0x0000, 0x0000, 0x0000, 0x0000, 0x0000,
    0x0000, 0x0000, 0x0000, 0x0000, 0x0000, 0x0000, 0x0000, 0x0000,
    0x0000, 0x0000, 0x0000, 0x0000, 0x0000, 0x0000, 0x0000, 0x0000,
    0x0000, 0x0000, 0x0000, 0x0000, 0x0000, 0x0000, 0x0000, 0x0000,
    0x0000, 0x0000, 0x0000, 0x0000, 0x0000, 0x0000, 0x0000, 0x0000,
    0x0000, 0x0000, 0x0000, 0x0000, 0x0000, 0x0000, 0x0000, 0x0000,
    0x0000, 0x0000, 0x0000, 0x0000, 0x0000, 0x0000, 0x0000, 0x0000,
    0x0000, 0x0000, 0x0000, 0x0000, 0x0000, 0x0000, 0x0000, 0x0000,
    0x0000, 0x0000, 0x0000, 0x0000, 0x0000, 0x0000, 0x0000, 0x0000,
    0x0000, 0x0000, 0x0000, 0x0000, 0x0000, 0x0000, 0x0000, 0x0000,
    0x0000, 0x0000, 0x0000, 0x0000, 0x0000, 0x0000, 0x0000, 0x0000,
    0x0000, 0x0000, 0x0000, 0x0000, 0x0000, 0x0000, 0x0000, 0x0000,
    0x0000, 0x0000, 0x0000, 0x0000, 0x0000, 0x0000, 0x0000, 0x0000,
    0x0000, 0x0000, 0x0000, 0x0000, 0x0000, 0x0000, 0x0000, 0x0000,
    0x0000, 0x0000, 0x0000, 0x0000, 0x0000, 0x0000, 0x0000, 0x0000,
    0x0000, 0x0000, 0x0000, 0x0000, 0x0000, 0x0000, 0x0000, 0x0000,
    0x0000, 0x0000, 0x0000, 0x0000, 0x0000, 0x0000, 0x0000, 0x0000,
    0x0000, 0x0000, 0x0000, 0x0000, 0x0000, 0x0000, 0x0000, 0x0000,
    0x0000, 0x0000, 0x0000, 0x0000, 0x0000, 0x0000, 0x0000, 0x0000,
    0x0000, 0x0000, 0x0000, 0x0000, 0x0000, 0x0000, 0x0000, 0x0000,
    0x0000, 0x0000, 0x0000, 0x0000, 0x0000, 0x0000, 0x0000, 0x0000,
    0x0000, 0x0000, 0x0000, 0x0000, 0x0000, 0x0000, 0x0000, 0x0000,
    0x0000, 0x0000, 0x0000, 0x0000, 0x0000, 0x0000, 0x0000, 0x0000,
    0x0000, 0x0000, 0x0000, 0x0000, 0x0000, 0x0000, 0x0000, 0x0000,
    0x0000, 0x0000, 0x0000, 0x0000, 0x0000, 0x0000, 0x0000, 0x0000,
    0x0000, 0x0000, 0x0000, 0x0000, 0x0000, 0x0000, 0x0000, 0x0000,
    0x0000, 0x0000, 0x0000, 0x0000, 0x0000, 0x0000, 0x0000, 0x0000,
    0x0000, 0x0000, 0x0000, 0x0000, 0x0000, 0x0000, 0x0000, 0x0000,
    0x0000, 0x0000, 0x0000, 0x0000, 0x0000, 0x0000, 0x0000, 0x0000,
    0x0000, 0x0000, 0x0000, 0x0000, 0x0000, 0x0000, 0x0000, 0x0000,
    0x0000, 0x0000, 0x0000, 0x0000, 0x0000, 0x0000, 0x0000, 0x0000,
    0x0000, 0x0000, 0x0000, 0x0000, 0x0000, 0x0000, 0x0000, 0x0000,
    0x0000, 0x0000, 0x0000, 0x0000, 0x0000, 0x0000, 0x0000, 0x0000,
    0x0000, 0x0000, 0x0000, 0x0000, 0x0000, 0x0000, 0x0000, 0x0000,
    0x0000, 0x0000, 0x0000, 0x0000, 0x0000, 0x0000, 0x0000, 0x0000,
    0x0000, 0x0000, 0x0000, 0x0000, 0x0000, 0x0000, 0x0000, 0x0000,
    0x0000, 0x0000, 0x0000, 0x0000, 0x0000, 0x0000, 0x0000, 0x0000,
    0x0000, 0x0000, 0x0000, 0x0000, 0x0000, 0x0000, 0x0000, 0x0000,
    0x0000, 0x0000, 0x0000, 0x0000, 0x0000, 0x0000, 0x0000, 0x0000,
    0x0000, 0x0000, 0x0000, 0x0000, 0x0000, 0x0000, 0x0000, 0x0000,
    0x0000, 0x0000, 0x0000, 0x0000, 0x0000, 0x0000, 0x0000, 0x0000,
    0x0000, 0x0000, 0x0000, 0x0000, 0x0000, 0x0000, 0x0000, 0x0000,
    0x0000, 0x0000, 0x0000, 0x0000, 0x0000, 0x0000, 0x0000, 0x0000,
    0x0000, 0x0000, 0x0000, 0x0000, 0x0000, 0x0000, 0x0000, 0x0000,
    0x0000, 0x0000, 0x0000, 0x0000, 0x0000, 0x0000, 0x0000, 0x0000,
    0x0000, 0x0000, 0x0000, 0x0000, 0x0000, 0x0000, 0x0000, 0x0000,
    0x0000, 0x0000, 0x0000, 0x0000, 0x0000, 0x0000, 0x0000, 0x0000,
    0x0000, 0x0000, 0x0000, 0x0000, 0x0000, 0x0000, 0x0000, 0x0000,
    0x0000, 0x0000, 0x0000, 0x0000, 0x0000, 0x0000, 0x0000, 0x0000,
    0x0000, 0x0000, 0x0000, 0x0000, 0x0000, 0x0000, 0x0000, 0x0000,
    0x0000, 0x0000, 0x0000, 0x0000, 0x0000, 0x0000, 0x0000, 0x0000,
    0x0000, 0x0000, 0x0000, 0x0000, 0x0000, 0x0000, 0x0000, 0x0000,
    0x0000, 0x0000, 0x0000, 0x0000, 0x0000, 0x0000, 0x0000, 0x0000,
    0x0000, 0x0000, 0x0000, 0x0000, 0x0000, 0x0000, 0x0000, 0x0000,
    0x0000, 0x0000, 0x0000, 0x0000, 0x0000, 0x0000, 0x0000, 0x0000,
    0x0000, 0x0000, 0x0000, 0x0000, 0x0000, 0x0000, 0x0000, 0x0000,
    0x0000, 0x0000, 0x0000, 0x0000, 0x0000, 0x0000, 0x0000, 0x0000,
    0x0000, 0x0000, 0x0000, 0x0000, 0x0000, 0x0000, 0x0000, 0x0000,
    0x0000, 0x0000, 0x0000, 0x0000, 0x0000, 0x0000, 0x0000, 0x0000,
    0x0000, 0x0000, 0x0000, 0x0000, 0x0000, 0x0000, 0x0000, 0x0000,
    0x0000, 0x0000, 0x0000, 0x0000, 0x0000, 0x0000, 0x0000, 0x0000,
    0x0000, 0x0000, 0x0000, 0x0000, 0x0000, 0x0000, 0x0000, 0x0000,
    0x0000, 0x0000, 0x0000, 0x0000, 0x0000, 0x0000, 0x0000, 0x0000,
    0x0000, 0x0000, 0x0000, 0x0000, 0x0000, 0x0000, 0x0000, 0x0000,
    0x0000, 0x0000, 0x0000, 0x0000, 0x0000, 0x0000, 0x0000, 0x0000,
    0x0000, 0x0000, 0x0000, 0x0000, 0x0000, 0x0000, 0x0000, 0x0000,
    0x0000, 0x0000, 0x0000, 0x0000, 0x0000, 0x0000, 0x0000, 0x0000,
    0x0000, 0x0000, 0x0000, 0x0000, 0x0000, 0x0000, 0x0000, 0x0000,
    0x0000, 0x0000, 0x0000, 0x0000, 0x0000, 0x0000, 0x0000, 0x0000,
    0x0000, 0x0000, 0x0000, 0x0000, 0x0000, 0x0000, 0x0000, 0x0000,
    0x0000, 0x0000, 0x0000, 0x0000, 0x0000, 0x0000, 0x0000, 0x0000,
    0x0000, 0x0000, 0x0000, 0x0000, 0x0000, 0x0000, 0x0000, 0x0000,
    0x0000, 0x0000, 0x0000, 0x0000, 0x0000, 0x0000, 0x0000, 0x0000,
    0x0000, 0x0000, 0x0000, 0x0000, 0x0000, 0x0000, 0x0000, 0x0000,
    0x0000, 0x0000, 0x0000, 0x0000, 0x0000, 0x0000, 0x0000, 0x0000,
    0x0000, 0x0000, 0x0000, 0x0000, 0x0000, 0x0000, 0x0000, 0x0000,
    0x0000, 0x0000, 0x0000, 0x0000, 0x0000, 0x0000, 0x0000, 0x0000,
    0x0000, 0x0000, 0x0000, 0x0000, 0x0000, 0x0000, 0x0000, 0x0000,
    0x0000, 0x0000, 0x0000, 0x0000, 0x0000, 0x0000, 0x0000, 0x0000,
    0x0000, 0x0000, 0x0000, 0x0000, 0x0000, 0x0000, 0x0000, 0x0000,
    0x0000, 0x0000, 0x0000, 0x0000, 0x0000, 0x0000, 0x0000, 0x0000,
    0x0000, 0x0000, 0x0000, 0x0000, 0x0000, 0x0000, 0x0000, 0x0000,
    0x0000, 0x0000, 0x0000, 0x0000, 0x0000, 0x0000, 0x0000, 0x0000,
    0x0000, 0x0000, 0x0000, 0x0000, 0x0000, 0x0000, 0x0000, 0x0000,
    0x0000, 0x0000, 0x0000, 0x0000, 0x0000, 0x0000, 0x0000, 0x0000,
    0x0000, 0x0000, 0x0000, 0x0000, 0x0000, 0x0000, 0x0000, 0x0000,
    0x0000, 0x0000, 0x0000, 0x0000, 0x0000, 0x0000, 0x0000, 0x0000,
    0x0000, 0x0000, 0x0000, 0x0000, 0x0000, 0x0000, 0x0000, 0x0000,
    0x0000, 0x0000, 0x0000, 0x0000, 0x0000, 0x0000, 0x0000, 0x0000,
    0x0000, 0x0000, 0x0000, 0x0000, 0x0000, 0x0000, 0x0000, 0x0000,
    0x0000, 0x0000, 0x0000, 0x0000, 0x0000, 0x0000, 0x0000, 0x0000,
    0x0000, 0x0000, 0x0000, 0x0000, 0x0000, 0x0000, 0x0000, 0x0000,
    0x0000, 0x0000, 0x0000, 0x0000, 0x0000, 0x0000, 0x0000, 0x0000,
    0x0000, 0x0000, 0x0000, 0x0000, 0x0000, 0x0000, 0x0000, 0x0000,
    0x0000, 0x0000, 0x0000, 0x0000, 0x0000, 0x0000, 0x0000, 0x0000,
    0x0000, 0x0000, 0x0000, 0x0000, 0x0000, 0x0000, 0x0000, 0x0000,
    0x0000, 0x0000, 0x0000, 0x0000, 0x0000, 0x0000, 0x0000, 0x0000,
    0x0000, 0x0000, 0x0000, 0x0000, 0x0000, 0x0000, 0x0000, 0x0000,
    0x0000, 0x0000, 0x0000, 0x0000, 0x0000, 0x0000, 0x0000, 0x0000,
    0x0000, 0x0000, 0x0000, 0x0000, 0x0000, 0x0000, 0x0000, 0x0000,
    0x0000, 0x0000, 0x0000, 0x0000, 0x0000, 0x0000, 0x0000, 0x0000,
    0x0000, 0x0000, 0x0000, 0x0000, 0x0000, 0x0000, 0x0000, 0x0000,
    0x0000, 0x0000, 0x0000, 0x0000, 0x0000, 0x0000, 0x0000, 0x0000,
    0x0000, 0x0000, 0x0000, 0x0000, 0x0000, 0x0000, 0x0000, 0x0000,
    0x0000, 0x0000, 0x0000, 0x0000, 0x0000, 0x0000, 0x0000, 0x0000,
    0x0000, 0x0000, 0x0000, 0x0000, 0x0000, 0x0000, 0x0000, 0x0000,
    0x0000, 0x0000, 0x0000, 0x0000, 0x0000, 0x0000, 0x0000, 0x0000,
    0x0000, 0x0000, 0x0000, 0x0000, 0x0000, 0x0000, 0x0000, 0x0000,
    0x0000, 0x0000, 0x0000, 0x0000, 0x0000, 0x0000, 0x0000, 0x0000,
    0x0000, 0x0000, 0x0000, 0x0000, 0x0000, 0x0000, 0x0000, 0x0000,
    0x0000, 0x0000, 0x0000, 0x0000, 0x0000, 0x0000, 0x0000, 0x0000,
    0x0000, 0x0000, 0x0000, 0x0000, 0x0000, 0x0000, 0x0000, 0x0000,
    0x0000, 0x0000, 0x0000, 0x0000, 0x0000, 0x0000, 0x0000, 0x0000,
    0x0000, 0x0000, 0x0000, 0x0000, 0x0000, 0x0000, 0x0000, 0x0000,
    0x0000, 0x0000, 0x0000, 0x0000, 0x0000, 0x0000, 0x0000, 0x0000,
    0x0000, 0x0000, 0x0000, 0x0000, 0x0000, 0x0000, 0x0000, 0x0000,
    0x0000, 0x0000, 0x0000, 0x0000, 0x0000, 0x0000, 0x0000, 0x0000,
    0x0000, 0x0000, 0x0000, 0x0000, 0x0000, 0x0000, 0x0000, 0x0000,
    0x0000, 0x0000, 0x0000, 0x0000, 0x0000, 0x0000, 0x0000, 0x0000,
    0x0000, 0x0000, 0x0000, 0x0000, 0x0000, 0x0000, 0x0000, 0x0000,
    0x0000, 0x0000, 0x0000, 0x0000, 0x0000, 0x0000, 0x0000, 0x0000,
    0x0000, 0x0000, 0x0000, 0x0000, 0x0000, 0x0000, 0x0000, 0x0000,
    0x0000, 0x0000, 0x0000, 0x0000, 0x0000, 0x0000, 0x0000, 0x0000,
    0x0000, 0x0000, 0x0000, 0x0000, 0x0000, 0x0000, 0x0000, 0x0000,
    0x0000, 0x0000, 0x0000, 0x0000, 0x0000, 0x0000, 0x0000, 0x0000,
    0x0000, 0x0000, 0x0000, 0x0000, 0x0000, 0x0000, 0x0000, 0x0000,
    0x0000, 0x0000, 0x0000, 0x0000, 0x0000, 0x0000, 0x0000, 0x0000,
    0x0000, 0x0000, 0x0000, 0x0000, 0x0000, 0x0000, 0x0000, 0x0000,
    0x0000, 0x0000, 0x0000, 0x0000, 0x0000, 0x0000, 0x0000, 0x0000,
    0x0000, 0x0000, 0x0000, 0x0000, 0x0000, 0x0000, 0x0000, 0x0000,
    0x0000, 0x0000, 0x0000, 0x0000, 0x0000, 0x0000, 0x0000, 0x0000,
    0x0000, 0x0000, 0x0000, 0x0000, 0x0000, 0x0000, 0x0000, 0x0000,
    0x0000, 0x0000, 0x0000, 0x0000, 0x0000, 0x0000, 0x0000, 0x0000,
    0x0000, 0x0000, 0x0000, 0x0000, 0x0000, 0x0000, 0x0000, 0x0000,
    0x0000, 0x0000, 0x0000, 0x0000, 0x0000, 0x0000, 0x0000, 0x0000,
    0x0000, 0x0000, 0x0000, 0x0000, 0x0000, 0x0000, 0x0000, 0x0000,
    0x0000, 0x0000, 0x0000, 0x0000, 0x0000, 0x0000, 0x0000, 0x0000,
    0x0000, 0x0000, 0x0000, 0x0000, 0x0000, 0x0000, 0x0000, 0x0000,
    0x0000, 0x0000, 0x0000, 0x0000, 0x0000, 0x0000, 0x0000, 0x0000,
    0x0000, 0x0000, 0x0000, 0x0000, 0x0000, 0x0000, 0x0000, 0x0000,
    0x0000, 0x0000, 0x0000, 0x0000, 0x0000, 0x0000, 0x0000, 0x0000,
    0x0000, 0x0000, 0x0000, 0x0000, 0x0000, 0x0000, 0x0000, 0x0000,
    0x0000, 0x0000, 0x0000, 0x0000, 0x0000, 0x0000, 0x0000, 0x0000,
    0x0000, 0x0000, 0x0000, 0x0000, 0x0000, 0x0000, 0x0000, 0x0000,
    0x0000, 0x0000, 0x0000, 0x0000, 0x0000, 0x0000, 0x0000, 0x0000,
    0x0000, 0x0000, 0x0000, 0x0000, 0x0000, 0x0000, 0x0000, 0x0000,
    0x0000, 0x0000, 0x0000, 0x0000, 0x0000, 0x0000, 0x0000, 0x0000,
    0x0000, 0x0000, 0x0000, 0x0000, 0x0000, 0x0000, 0x0000, 0x0000,
    0x0000, 0x0000, 0x0000, 0x0000, 0x0000, 0x0000, 0x0000, 0x0000,
    0x0000, 0x0000, 0x0000, 0x0000, 0x0000, 0x0000, 0x0000, 0x0000,
    0x0000, 0x0000, 0x0000, 0x0000, 0x0000, 0x0000, 0x0000, 0x0000,
    0x0000, 0x0000, 0x0000, 0x0000, 0x0000, 0x0000, 0x0000, 0x0000,
    0x0000, 0x0000, 0x0000, 0x0000, 0x0000, 0x0000, 0x0000, 0x0000,
    0x0000, 0x0000, 0x0000, 0x0000, 0x0000, 0x0000, 0x0000, 0x0000,
    0x0000, 0x0000, 0x0000, 0x0000, 0x0000, 0x0000, 0x0000, 0x0000,
    0x0000, 0x0000, 0x0000, 0x0000, 0x0000, 0x0000, 0x0000, 0x0000,
    0x0000, 0x0000, 0x0000, 0x0000, 0x0000, 0x0000, 0x0000, 0x0000,
    0x0000, 0x0000, 0x0000, 0x0000, 0x0000, 0x0000, 0x0000, 0x0000,
    0x0000, 0x0000, 0x0000, 0x0000, 0x0000, 0x0000, 0x0000, 0x0000,
    0x0000, 0x0000, 0x0000, 0x0000, 0x0000, 0x0000, 0x0000, 0x0000,
    0x0000, 0x0000, 0x0000, 0x0000, 0x0000, 0x0000, 0x0000, 0x0000,
    0x0000, 0x0000, 0x0000, 0x0000, 0x0000, 0x0000, 0x0000, 0x0000,
    0x0000, 0x0000, 0x0000, 0x0000, 0x0000, 0x0000, 0x0000, 0x0000,
    0x0000, 0x0000, 0x0000, 0x0000, 0x0000, 0x0000, 0x0000, 0x0000,
    0x0000, 0x0000, 0x0000, 0x0000, 0x0000, 0x0000, 0x0000, 0x0000,
    0x0000, 0x0000, 0x0000, 0x0000, 0x0000, 0x0000, 0x0000, 0x0000,
    0x0000, 0x0000, 0x0000, 0x0000, 0x0000, 0x0000, 0x0000, 0x0000,
    0x0000, 0x0000, 0x0000, 0x0000, 0x0000, 0x0000, 0x0000, 0x0000,
    0x0000, 0x0000, 0x0000, 0x0000, 0x0000, 0x0000, 0x0000, 0x0000,
    0x0000, 0x0000, 0x0000, 0x0000, 0x0000, 0x0000, 0x0000, 0x0000,
    0x0000, 0x0000, 0x0000, 0x0000, 0x0000, 0x0000, 0x0000, 0x0000,
    0x0000, 0x0000, 0x0000, 0x0000, 0x0000, 0x0000, 0x0000, 0x0000,
    0x0000, 0x0000, 0x0000, 0x0000, 0x0000, 0x0000, 0x0000, 0x0000,
    0x0000, 0x0000, 0x0000, 0x0000, 0x0000, 0x0000, 0x0000, 0x0000,
    0x0000, 0x0000, 0x0000, 0x0000, 0x0000, 0x0000, 0x0000, 0x0000,
    0x0000, 0x0000, 0x0000, 0x0000, 0x0000, 0x0000, 0x0000, 0x0000,
    0x0000, 0x0000, 0x0000, 0x0000, 0x0000, 0x0000, 0x0000, 0x0000,
    0x0000, 0x0000, 0x0000, 0x0000, 0x0000, 0x0000, 0x0000, 0x0000,
    0x0000, 0x0000, 0x0000, 0x0000, 0x0000, 0x0000, 0x0000, 0x0000,
    0x0000, 0x0000, 0x0000, 0x0000, 0x0000, 0x0000, 0x0000, 0x0000,
    0x0000, 0x0000, 0x0000, 0x0000, 0x0000, 0x0000, 0x0000, 0x0000,
    0x0000, 0x0000, 0x0000, 0x0000, 0x0000, 0x0000, 0x0000, 0x0000,
    0x0000, 0x0000, 0x0000, 0x0000, 0x0000, 0x0000, 0x0000, 0x0000,
    0x0000, 0x0000, 0x0000, 0x0000, 0x0000, 0x0000, 0x0000, 0x0000,
    0x0000, 0x0000, 0x0000, 0x0000, 0x0000, 0x0000, 0x0000, 0x0000,
    0x0000, 0x0000, 0x0000, 0x0000, 0x0000, 0x0000, 0x0000, 0x0000,
    0x0000, 0x0000, 0x0000, 0x0000, 0x0000, 0x0000, 0x0000, 0x0000,
    0x0000, 0x0000, 0x0000, 0x0000, 0x0000, 0x0000, 0x0000, 0x0000,
    0x0000, 0x0000, 0x0000, 0x0000, 0x0000, 0x0000, 0x0000, 0x0000,
    0x0000, 0x0000, 0x0000, 0x0000, 0x0000, 0x0000, 0x0000, 0x0000,
    0x0000, 0x0000, 0x0000, 0x0000, 0x0000, 0x0000, 0x0000, 0x0000,
    0x0000, 0x0000, 0x0000, 0x0000, 0x0000, 0x0000, 0x0000, 0x0000,
    0x0000, 0x0000, 0x0000, 0x0000, 0x0000, 0x0000, 0x0000, 0x0000,
    0x0000, 0x0000, 0x0000, 0x0000, 0x0000, 0x0000, 0x0000, 0x0000,
    0x0000, 0x0000, 0x0000, 0x0000, 0x0000, 0x0000, 0x0000, 0x0000,
    0x0000, 0x0000, 0x0000, 0x0000, 0x0000, 0x0000, 0x0000, 0x0000,
    0x0000, 0x0000, 0x0000, 0x0000, 0x0000, 0x0000, 0x0000, 0x0000,
    0x0000, 0x0000, 0x0000, 0x0000, 0x0000, 0x0000, 0x0000, 0x0000,
    0x0000, 0x0000, 0x0000, 0x0000, 0x0000, 0x0000, 0x0000, 0x0000,
    0x0000, 0x0000, 0x0000, 0x0000, 0x0000, 0x0000, 0x0000, 0x0000,
    0x0000, 0x0000, 0x0000, 0x0000, 0x0000, 0x0000, 0x0000, 0x0000,
    0x0000, 0x0000, 0x0000, 0x0000, 0x0000, 0x0000, 0x0000, 0x0000,
    0x0000, 0x0000, 0x0000, 0x0000, 0x0000, 0x0000, 0x0000, 0x0000,
    0x0000, 0x0000, 0x0000, 0x0000, 0x0000, 0x0000, 0x0000, 0x0000,
    0x0000, 0x0000, 0x0000, 0x0000, 0x0000, 0x0000, 0x0000, 0x0000,
    0x0000, 0x0000, 0x0000, 0x0000, 0x0000, 0x0000, 0x0000, 0x0000,
    0x0000, 0x0000, 0x0000, 0x0000, 0x0000, 0x0000, 0x0000, 0x0000,
    0x0000, 0x0000, 0x0000, 0x0000, 0x0000, 0x0000, 0x0000, 0x0000,
    0x0000, 0x0000, 0x0000, 0x0000, 0x0000, 0x0000, 0x0000, 0x0000,
    0x0000, 0x0000, 0x0000, 0x0000, 0x0000, 0x0000, 0x0000, 0x0000,
    0x0000, 0x0000, 0x0000, 0x0000, 0x0000, 0x0000, 0x0000, 0x0000,
    0x0000, 0x0000, 0x0000, 0x0000, 0x0000, 0x0000, 0x0000, 0x0000,
    0x0000, 0x0000, 0x0000, 0x0000, 0x0000, 0x0000, 0x0000, 0x0000,
    0x0000, 0x0000, 0x0000, 0x0000, 0x0000, 0x0000, 0x0000, 0x0000,
    0x0000, 0x0000, 0x0000, 0x0000, 0x0000, 0x0000, 0x0000, 0x0000,
    0x0000, 0x0000, 0x0000, 0x0000, 0x0000, 0x0000, 0x0000, 0x0000,
    0x0000, 0x0000, 0x0000, 0x0000, 0x0000, 0x0000, 0x0000, 0x0000,
    0x0000, 0x0000, 0x0000, 0x0000, 0x0000, 0x0000, 0x0000, 0x0000,
    0x0000, 0x0000, 0x0000, 0x0000, 0x0000, 0x0000, 0x0000, 0x0000,
    0x0000, 0x0000, 0x0000, 0x0000, 0x0000, 0x0000, 0x0000, 0x0000,
    0x0000, 0x0000, 0x0000, 0x0000, 0x0000, 0x0000, 0x0000, 0x0000,
    0x0000, 0x0000, 0x0000, 0x0000, 0x0000, 0x0000, 0x0000, 0x0000,
    0x0000, 0x0000, 0x0000, 0x0000, 0x0000, 0x0000, 0x0000, 0x0000,
    0x0000, 0x0000, 0x0000, 0x0000, 0x0000, 0x0000, 0x0000, 0x0000,
    0x0000, 0x0000, 0x0000, 0x0000, 0x0000, 0x0000, 0x0000, 0x0000,
    0x0000, 0x0000, 0x0000, 0x0000, 0x0000, 0x0000, 0x0000, 0x0000,
    0x0000, 0x0000, 0x0000, 0x0000, 0x0000, 0x0000, 0x0000, 0x0000,
    0x0000, 0x0000, 0x0000, 0x0000, 0x0000, 0x0000, 0x0000, 0x0000,
    0x0000, 0x0000, 0x0000, 0x0000, 0x0000, 0x0000, 0x0000, 0x0000,
    0x0000, 0x0000, 0x0000, 0x0000, 0x0000, 0x0000, 0x0000, 0x0000,
    0x0000, 0x0000, 0x0000, 0x0000, 0x0000, 0x0000, 0x0000, 0x0000,
    0x0000, 0x0000, 0x0000, 0x0000, 0x0000, 0x0000, 0x0000, 0x0000,
    0x0000, 0x0000, 0x0000, 0x0000, 0x0000, 0x0000, 0x0000, 0x0000,
    0x0000, 0x0000, 0x0000, 0x0000, 0x0000, 0x0000, 0x0000, 0x0000,
    0x0000, 0x0000, 0x0000, 0x0000, 0x0000, 0x0000, 0x0000, 0x0000,
    0x0000, 0x0000, 0x0000, 0x0000, 0x0000, 0x0000, 0x0000, 0x0000,
    0x0000, 0x0000, 0x0000, 0x0000, 0x0000, 0x0000, 0x0000, 0x0000,
    0x0000, 0x0000, 0x0000, 0x0000, 0x0000, 0x0000, 0x0000, 0x0000,
    0x0000, 0x0000, 0x0000, 0x0000, 0x0000, 0x0000, 0x0000, 0x0000,
    0x0000, 0x0000, 0x0000, 0x0000, 0x0000, 0x0000, 0x0000, 0x0000,
    0x0000, 0x0000, 0x0000, 0x0000, 0x0000, 0x0000, 0x0000, 0x0000,
    0x0000, 0x0000, 0x0000, 0x0000, 0x0000, 0x0000, 0x0000, 0x0000,
    0x0000, 0x0000, 0x0000, 0x0000, 0x0000, 0x0000, 0x0000, 0x0000,
    0x0000, 0x0000, 0x0000, 0x0000, 0x0000, 0x0000, 0x0000, 0x0000,
    0x0000, 0x0000, 0x0000, 0x0000, 0x0000, 0x0000, 0x0000, 0x0000,
    0x0000, 0x0000, 0x0000, 0x0000, 0x0000, 0x0000, 0x0000, 0x0000,
    0x0000, 0x0000, 0x0000, 0x0000, 0x0000, 0x0000, 0x0000, 0x0000,
    0x0000, 0x0000, 0x0000, 0x0000, 0x0000, 0x0000, 0x0000, 0x0000,
    0x0000, 0x0000, 0x0000, 0x0000, 0x0000, 0x0000, 0x0000, 0x0000,
    0x0000, 0x0000, 0x0000, 0x0000, 0x0000, 0x0000, 0x0000, 0x0000,
    0x0000, 0x0000, 0x0000, 0x0000, 0x0000, 0x0000, 0x0000, 0x0000,
    0x0000, 0x0000, 0x0000, 0x0000, 0x0000, 0x0000, 0x0000, 0x0000,
    0x0000, 0x0000, 0x0000, 0x0000, 0x0000, 0x0000, 0x0000, 0x0000,
    0x0000, 0x0000, 0x0000, 0x0000, 0x0000, 0x0000, 0x0000, 0x0000,
    0x0000, 0x0000, 0x0000, 0x0000, 0x0000, 0x0000, 0x0000, 0x0000,
    0x0000, 0x0000, 0x0000, 0x0000, 0x0000, 0x0000, 0x0000, 0x0000,
    0x0000, 0x0000, 0x0000, 0x0000, 0x0000, 0x0000, 0x0000, 0x0000,
    0x0000, 0x0000, 0x0000, 0x0000, 0x0000, 0x0000, 0x0000, 0x0000,
    0x0000, 0x0000, 0x0000, 0x0000, 0x0000, 0x0000, 0x0000, 0x0000,
    0x0000, 0x0000, 0x0000, 0x0000, 0x0000, 0x0000, 0x0000, 0x0000,
    0x0000, 0x0000, 0x0000, 0x0000, 0x0000, 0x0000, 0x0000, 0x0000,
    0x0000, 0x0000, 0x0000, 0x0000, 0x0000, 0x0000, 0x0000, 0x0000,
    0x0000, 0x0000, 0x0000, 0x0000, 0x0000, 0x0000, 0x0000, 0x0000,
    0x0000, 0x0000, 0x0000, 0x0000, 0x0000, 0x0000, 0x0000, 0x0000,
    0x0000, 0x0000, 0x0000, 0x0000, 0x0000, 0x0000, 0x0000, 0x0000,
    0x0000, 0x0000, 0x0000, 0x0000, 0x0000, 0x0000, 0x0000, 0x0000,
    0x0000, 0x0000, 0x0000, 0x0000, 0x0000, 0x0000, 0x0000, 0x0000,
    0x0000, 0x0000, 0x0000, 0x0000, 0x0000, 0x0000, 0x0000, 0x0000,
    0x0000, 0x0000, 0x0000, 0x0000, 0x0000, 0x0000, 0x0000, 0x0000,
    0x0000, 0x0000, 0x0000, 0x0000, 0x0000, 0x0000, 0x0000, 0x0000,
    0x0000, 0x0000, 0x0000, 0x0000, 0x0000, 0x0000, 0x0000, 0x0000,
    0x0000, 0x0000, 0x0000, 0x0000, 0x0000, 0x0000, 0x0000, 0x0000,
    0x0000, 0x0000, 0x0000, 0x0000, 0x0000, 0x0000, 0x0000, 0x0000,
    0x0000, 0x0000, 0x0000, 0x0000, 0x0000, 0x0000, 0x0000, 0x0000,
    0x0000, 0x0000, 0x0000, 0x0000, 0x0000, 0x0000, 0x0000, 0x0000,
    0x0000, 0x0000, 0x0000, 0x0000, 0x0000, 0x0000, 0x0000, 0x0000,
    0x0000, 0x0000, 0x0000, 0x0000, 0x0000, 0x0000, 0x0000, 0x0000,
    0x0000, 0x0000, 0x0000, 0x0000, 0x0000, 0x0000, 0x0000, 0x0000,
    0x0000, 0x0000, 0x0000, 0x0000, 0x0000, 0x0000, 0x0000, 0x0000,
    0x0000, 0x0000, 0x0000, 0x0000, 0x0000, 0x0000, 0x0000, 0x0000,
    0x0000, 0x0000, 0x0000, 0x0000, 0x0000, 0x0000, 0x0000, 0x0000,
    0x0000, 0x0000, 0x0000, 0x0000, 0x0000, 0x0000, 0x0000, 0x0000,
    0x0000, 0x0000, 0x0000, 0x0000, 0x0000, 0x0000, 0x0000, 0x0000,
    0x0000, 0x0000, 0x0000, 0x0000, 0x0000, 0x0000, 0x0000, 0x0000,
    0x0000, 0x0000, 0x0000, 0x0000, 0x0000, 0x0000, 0x0000, 0x0000,
    0x0000, 0x0000, 0x0000, 0x0000, 0x0000, 0x0000, 0x0000, 0x0000,
    0x0000, 0x0000, 0x0000, 0x0000, 0x0000, 0x0000, 0x0000, 0x0000,
    0x0000, 0x0000, 0x0000, 0x0000, 0x0000, 0x0000, 0x0000, 0x0000,
    0x0000, 0x0000, 0x0000, 0x0000, 0x0000, 0x0000, 0x0000, 0x0000,
    0x0000, 0x0000, 0x0000, 0x0000, 0x0000, 0x0000, 0x0000, 0x0000,
    0x0000, 0x0000, 0x0000, 0x0000, 0x0000, 0x0000, 0x0000, 0x0000,
    0x0000, 0x0000, 0x0000, 0x0000, 0x0000, 0x0000, 0x0000, 0x0000,
    0x0000, 0x0000, 0x0000, 0x0000, 0x0000, 0x0000, 0x0000, 0x0000,
    0x0000, 0x0000, 0x0000, 0x0000, 0x0000, 0x0000, 0x0000, 0x0000,
    0x0000, 0x0000, 0x0000, 0x0000, 0x0000, 0x0000, 0x0000, 0x0000,
    0x0000, 0x0000, 0x0000, 0x0000, 0x0000, 0x0000, 0x0000, 0x0000,
    0x0000, 0x0000, 0x0000, 0x0000, 0x0000, 0x0000, 0x0000, 0x0000,
    0x0000, 0x0000, 0x0000, 0x0000, 0x0000, 0x0000, 0x0000, 0x0000,
    0x0000, 0x0000, 0x0000, 0x0000, 0x0000, 0x0000, 0x0000, 0x0000,
    0x0000, 0x0000, 0x0000, 0x0000, 0x0000, 0x0000, 0x0000, 0x0000,
    0x0000, 0x0000, 0x0000, 0x0000, 0x0000, 0x0000, 0x0000, 0x0000,
    0x0000, 0x0000, 0x0000, 0x0000, 0x0000, 0x0000, 0x0000, 0x0000,
    0x0000, 0x0000, 0x0000, 0x0000, 0x0000, 0x0000, 0x0000, 0x0000,
    0x0000, 0x0000, 0x0000, 0x0000, 0x0000, 0x0000, 0x0000, 0x0000,
    0x0000, 0x0000, 0x0000, 0x0000, 0x0000, 0x0000, 0x0000, 0x0000,
    0x0000, 0x0000, 0x0000, 0x0000, 0x0000, 0x0000, 0x0000, 0x0000,
    0x0000, 0x0000, 0x0000, 0x0000, 0x0000, 0x0000, 0x0000, 0x0000,
    0x0000, 0x0000, 0x0000, 0x0000, 0x0000, 0x0000, 0x0000, 0x0000,
    0x0000, 0x0000, 0x0000, 0x0000, 0x0000, 0x0000, 0x0000, 0x0000,
    0x0000, 0x0000, 0x0000, 0x0000, 0x0000, 0x0000, 0x0000, 0x0000,
    0x0000, 0x0000, 0x0000, 0x0000, 0x0000, 0x0000, 0x0000, 0x0000,
    0x0000, 0x0000, 0x0000, 0x0000, 0x0000, 0x0000, 0x0000, 0x0000,
    0x0000, 0x0000, 0x0000, 0x0000, 0x0000, 0x0000, 0x0000, 0x0000,
    0x0000, 0x0000, 0x0000, 0x0000, 0x0000, 0x0000, 0x0000, 0x0000,
    0x0000, 0x0000, 0x0000, 0x0000, 0x0000, 0x0000, 0x0000, 0x0000,
    0x0000, 0x0000, 0x0000, 0x0000, 0x0000, 0x0000, 0x0000, 0x0000,
    0x0000, 0x0000, 0x0000, 0x0000, 0x0000, 0x0000, 0x0000, 0x0000,
    0x0000, 0x0000, 0x0000, 0x0000, 0x0000, 0x0000, 0x0000, 0x0000,
    0x0000, 0x0000, 0x0000, 0x0000, 0x0000, 0x0000, 0x0000, 0x0000,
    0x0000, 0x0000, 0x0000, 0x0000, 0x0000, 0x0000, 0x0000, 0x0000,
    0x0000, 0x0000, 0x0000, 0x0000, 0x0000, 0x0000, 0x0000, 0x0000,
    0x0000, 0x0000, 0x0000, 0x0000, 0x0000, 0x0000, 0x0000, 0x0000,
    0x0000, 0x0000, 0x0000, 0x0000, 0x0000, 0x0000, 0x0000, 0x0000,
    0x0000, 0x0000, 0x0000, 0x0000, 0x0000, 0x0000, 0x0000, 0x0000,
    0x0000, 0x0000, 0x0000, 0x0000, 0x0000, 0x0000, 0x0000, 0x0000,
    0x0000, 0x0000, 0x0000, 0x0000, 0x0000, 0x0000, 0x0000, 0x0000,
    0x0000, 0x0000, 0x0000, 0x0000, 0x0000, 0x0000, 0x0000, 0x0000,
    0x0000, 0x0000, 0x0000, 0x0000, 0x0000, 0x0000, 0x0000, 0x0000,
    0x0000, 0x0000, 0x0000, 0x0000, 0x0000, 0x0000, 0x0000, 0x0000,
    0x0000, 0x0000, 0x0000, 0x0000, 0x0000, 0x0000, 0x0000, 0x0000,
    0x0000, 0x0000, 0x0000, 0x0000, 0x0000, 0x0000, 0x0000, 0x0000,
    0x0000, 0x0000, 0x0000, 0x0000, 0x0000, 0x0000, 0x0000, 0x0000,
    0x0000, 0x0000, 0x0000, 0x0000, 0x0000, 0x0000, 0x0000, 0x0000,
    0x0000, 0x0000, 0x0000, 0x0000, 0x0000, 0x0000, 0x0000, 0x0000,
    0x0000, 0x0000, 0x0000, 0x0000, 0x0000, 0x0000, 0x0000, 0x0000,
    0x0000, 0x0000, 0x0000, 0x0000, 0x0000, 0x0000, 0x0000, 0x0000,
    0x0000, 0x0000, 0x0000, 0x0000, 0x0000, 0x0000, 0x0000, 0x0000,
    0x0000, 0x0000, 0x0000, 0x0000, 0x0000, 0x0000, 0x0000, 0x0000,
    0x0000, 0x0000, 0x0000, 0x0000, 0x0000, 0x0000, 0x0000, 0x0000,
    0x0000, 0x0000, 0x0000, 0x0000, 0x0000, 0x0000, 0x0000, 0x0000,
    0x0000, 0x0000, 0x0000, 0x0000, 0x0000, 0x0000, 0x0000, 0x0000,
    0x0000, 0x0000, 0x0000, 0x0000, 0x0000, 0x0000, 0x0000, 0x0000,
    0x0000, 0x0000, 0x0000, 0x0000, 0x0000, 0x0000, 0x0000, 0x0000,
    0x0000, 0x0000, 0x0000, 0x0000, 0x0000, 0x0000, 0x0000, 0x0000,
    0x0000, 0x0000, 0x0000, 0x0000, 0x0000, 0x0000, 0x0000, 0x0000,
    0x0000, 0x0000, 0x0000, 0x0000, 0x0000, 0x0000, 0x0000, 0x0000,
    0x0000, 0x0000, 0x0000, 0x0000, 0x0000, 0x0000, 0x0000, 0x0000,
    0x0000, 0x0000, 0x0000, 0x0000, 0x0000, 0x0000, 0x0000, 0x0000,
    0x0000, 0x0000, 0x0000, 0x0000, 0x0000, 0x0000, 0x0000, 0x0000,
    0x0000, 0x0000, 0x0000, 0x0000, 0x0000, 0x0000, 0x0000, 0x0000,
    0x0000, 0x0000, 0x0000, 0x0000, 0x0000, 0x0000, 0x0000, 0x0000,
    0x0000, 0x0000, 0x0000, 0x0000, 0x0000, 0x0000, 0x0000, 0x0000,
    0x0000, 0x0000, 0x0000, 0x0000, 0x0000, 0x0000, 0x0000, 0x0000,
    0x0000, 0x0000, 0x0000, 0x0000, 0x0000, 0x0000, 0x0000, 0x0000,
    0x0000, 0x0000, 0x0000, 0x0000, 0x0000, 0x0000, 0x0000, 0x0000,
    0x0000, 0x0000, 0x0000, 0x0000, 0x0000, 0x0000, 0x0000, 0x0000,
    0x0000, 0x0000, 0x0000, 0x0000, 0x0000, 0x0000, 0x0000, 0x0000,
    0x0000, 0x0000, 0x0000, 0x0000, 0x0000, 0x0000, 0x0000, 0x0000,
    0x0000, 0x0000, 0x0000, 0x0000, 0x0000, 0x0000, 0x0000, 0x0000,
    0x0000, 0x0000, 0x0000, 0x0000, 0x0000, 0x0000, 0x0000, 0x0000,
    0x0000, 0x0000, 0x0000, 0x0000, 0x0000, 0x0000, 0x0000, 0x0000,
    0x0000, 0x0000, 0x0000, 0x0000, 0x0000, 0x0000, 0x0000, 0x0000,
    0x0000, 0x0000, 0x0000, 0x0000, 0x0000, 0x0000, 0x0000, 0x0000,
    0x0000, 0x0000, 0x0000, 0x0000, 0x0000, 0x0000, 0x0000, 0x0000,
    0x0000, 0x0000, 0x0000, 0x0000, 0x0000, 0x0000, 0x0000, 0x0000,
    0x0000, 0x0000, 0x0000, 0x0000, 0x0000, 0x0000, 0x0000, 0x0000,
    0x0000, 0x0000, 0x0000, 0x0000, 0x0000, 0x0000, 0x0000, 0x0000,
    0x0000, 0x0000, 0x0000, 0x0000, 0x0000, 0x0000, 0x0000, 0x0000,
    0x0000, 0x0000, 0x0000, 0x0000, 0x0000, 0x0000, 0x0000, 0x0000,
    0x0000, 0x0000, 0x0000, 0x0000, 0x0000, 0x0000, 0x0000, 0x0000,
    0x0000, 0x0000, 0x0000, 0x0000, 0x0000, 0x0000, 0x0000, 0x0000,
    0x0000, 0x0000, 0x0000, 0x0000, 0x0000, 0x0000, 0x0000, 0x0000,
    0x0000, 0x0000, 0x0000, 0x0000, 0x0000, 0x0000, 0x0000, 0x0000,
    0x0000, 0x0000, 0x0000, 0x0000, 0x0000, 0x0000, 0x0000, 0x0000,
    0x0000, 0x0000, 0x0000, 0x0000, 0x0000, 0x0000, 0x0000, 0x0000,
    0x0000, 0x0000, 0x0000, 0x0000, 0x0000, 0x0000, 0x0000, 0x0000,
    0x0000, 0x0000, 0x0000, 0x0000, 0x0000, 0x0000, 0x0000, 0x0000,
    0x0000, 0x0000, 0x0000, 0x0000, 0x0000, 0x0000, 0x0000, 0x0000,
    0x0000, 0x0000, 0x0000, 0x0000, 0x0000, 0x0000, 0x0000, 0x0000,
    0x0000, 0x0000, 0x0000, 0x0000, 0x0000, 0x0000, 0x0000, 0x0000,
    0x0000, 0x0000, 0x0000, 0x0000, 0x0000, 0x0000, 0x0000, 0x0000,
    0x0000, 0x0000, 0x0000, 0x0000, 0x0000, 0x0000, 0x0000, 0x0000,
    0x0000, 0x0000, 0x0000, 0x0000, 0x0000, 0x0000, 0x0000, 0x0000,
    0x0000, 0x0000, 0x0000, 0x0000, 0x0000, 0x0000, 0x0000, 0x0000,
    0x0000, 0x0000, 0x0000, 0x0000, 0x0000, 0x0000, 0x0000, 0x0000,
    0x0000, 0x0000, 0x0000, 0x0000, 0x0000, 0x0000, 0x0000, 0x0000,
    0x0000, 0x0000, 0x0000, 0x0000, 0x0000, 0x0000, 0x0000, 0x0000,
    0x0000, 0x0000, 0x0000, 0x0000, 0x0000, 0x0000, 0x0000, 0x0000,
    0x0000, 0x0000, 0x0000, 0x0000, 0x0000, 0x0000, 0x0000, 0x0000,
    0x0000, 0x0000, 0x0000, 0x0000, 0x0000, 0x0000, 0x0000, 0x0000,
    0x0000, 0x0000, 0x0000, 0x0000, 0x0000, 0x0000, 0x0000, 0x0000,
    0x0000, 0x0000, 0x0000, 0x0000, 0x0000, 0x0000, 0x0000, 0x0000,
    0x0000, 0x0000, 0x0000, 0x0000, 0x0000, 0x0000, 0x0000, 0x0000,
    0x0000, 0x0000, 0x0000, 0x0000, 0x0000, 0x0000, 0x0000, 0x0000,
    0x0000, 0x0000, 0x0000, 0x0000, 0x0000, 0x0000, 0x0000, 0x0000,
    0x0000, 0x0000, 0x0000, 0x0000, 0x0000, 0x0000, 0x0000, 0x0000,
    0x0000, 0x0000, 0x0000, 0x0000, 0x0000, 0x0000, 0x0000, 0x0000,
    0x0000, 0x0000, 0x0000, 0x0000, 0x0000, 0x0000, 0x0000, 0x0000,
    0x0000, 0x0000, 0x0000, 0x0000, 0x0000, 0x0000, 0x0000, 0x0000,
    0x0000, 0x0000, 0x0000, 0x0000, 0x0000, 0x0000, 0x0000, 0x0000,
    0x0000, 0x0000, 0x0000, 0x0000, 0x0000, 0x0000, 0x0000, 0x0000,
    0x0000, 0x0000, 0x0000, 0x0000, 0x0000, 0x0000, 0x0000, 0x0000,
    0x0000, 0x0000, 0x0000, 0x0000, 0x0000, 0x0000, 0x0000, 0x0000,
    0x0000, 0x0000, 0x0000, 0x0000, 0x0000, 0x0000, 0x0000, 0x0000,
    0x0000, 0x0000, 0x0000, 0x0000, 0x0000, 0x0000, 0x0000, 0x0000,
    0x0000, 0x0000, 0x0000, 0x0000, 0x0000, 0x0000, 0x0000, 0x0000,
    0x0000, 0x0000, 0x0000, 0x0000, 0x0000, 0x0000, 0x0000, 0x0000,
    0x0000, 0x0000, 0x0000, 0x0000, 0x0000, 0x0000, 0x0000, 0x0000,
    0x0000, 0x0000, 0x0000, 0x0000, 0x0000, 0x0000, 0x0000, 0x0000,
    0x0000, 0x0000, 0x0000, 0x0000, 0x0000, 0x0000, 0x0000, 0x0000,
    0x0000, 0x0000, 0x0000, 0x0000, 0x0000, 0x0000, 0x0000, 0x0000,
    0x0000, 0x0000, 0x0000, 0x0000, 0x0000, 0x0000, 0x0000, 0x0000,
    0x0000, 0x0000, 0x0000, 0x0000, 0x0000, 0x0000, 0x0000, 0x0000,
    0x0000, 0x0000, 0x0000, 0x0000, 0x0000, 0x0000, 0x0000, 0x0000,
    0x0000, 0x0000, 0x0000, 0x0000, 0x0000, 0x0000, 0x0000, 0x0000,
    0x0000, 0x0000, 0x0000, 0x0000, 0x0000, 0x0000, 0x0000, 0x0000,
    0x0000, 0x0000, 0x0000, 0x0000, 0x0000, 0x0000, 0x0000, 0x0000,
    0x0000, 0x0000, 0x0000, 0x0000, 0x0000, 0x0000, 0x0000, 0x0000,
    0x0000, 0x0000, 0x0000, 0x0000, 0x0000, 0x0000, 0x0000, 0x0000,
    0x0000, 0x0000, 0x0000, 0x0000, 0x0000, 0x0000, 0x0000, 0x0000,
    0x0000, 0x0000, 0x0000, 0x0000, 0x0000, 0x0000, 0x0000, 0x0000,
    0x0000, 0x0000, 0x0000, 0x0000, 0x0000, 0x0000, 0x0000, 0x0000,
    0x0000, 0x0000, 0x0000, 0x0000, 0x0000, 0x0000, 0x0000, 0x0000,
    0x0000, 0x0000, 0x0000, 0x0000, 0x0000, 0x0000, 0x0000, 0x0000,
    0x0000, 0x0000, 0x0000, 0x0000, 0x0000, 0x0000, 0x0000, 0x0000,
    0x0000, 0x0000, 0x0000, 0x0000, 0x0000, 0x0000, 0x0000, 0x0000,
    0x0000, 0x0000, 0x0000, 0x0000, 0x0000, 0x0000, 0x0000, 0x0000,
    0x0000, 0x0000, 0x0000, 0x0000, 0x0000, 0x0000, 0x0000, 0x0000,
    0x0000, 0x0000, 0x0000, 0x0000, 0x0000, 0x0000, 0x0000, 0x0000,
    0x0000, 0x0000, 0x0000, 0x0000, 0x0000, 0x0000, 0x0000, 0x0000,
    0x0000, 0x0000, 0x0000, 0x0000, 0x0000, 0x0000, 0x0000, 0x0000,
    0x0000, 0x0000, 0x0000, 0x0000, 0x0000, 0x0000, 0x0000, 0x0000,
    0x0000, 0x0000, 0x0000, 0x0000, 0x0000, 0x0000, 0x0000, 0x0000,
    0x0000, 0x0000, 0x0000, 0x0000, 0x0000, 0x0000, 0x0000, 0x0000,
    0x0000, 0x0000, 0x0000, 0x0000, 0x0000, 0x0000, 0x0000, 0x0000,
    0x0000, 0x0000, 0x0000, 0x0000, 0x0000, 0x0000, 0x0000, 0x0000,
    0x0000, 0x0000, 0x0000, 0x0000, 0x0000, 0x0000, 0x0000, 0x0000,
    0x0000, 0x0000, 0x0000, 0x0000, 0x0000, 0x0000, 0x0000, 0x0000,
    0x0000, 0x0000, 0x0000, 0x0000, 0x0000, 0x0000, 0x0000, 0x0000,
    0x0000, 0x0000, 0x0000, 0x0000, 0x0000, 0x0000, 0x0000, 0x0000,
    0x0000, 0x0000, 0x0000, 0x0000, 0x0000, 0x0000, 0x0000, 0x0000,
    0x0000, 0x0000, 0x0000, 0x0000, 0x0000, 0x0000, 0x0000, 0x0000,
    0x0000, 0x0000, 0x0000, 0x0000, 0x0000, 0x0000, 0x0000, 0x0000,
    0x0000, 0x0000, 0x0000, 0x0000, 0x0000, 0x0000, 0x0000, 0x0000,
    0x0000, 0x0000, 0x0000, 0x0000, 0x0000, 0x0000, 0x0000, 0x0000,
    0x0000, 0x0000, 0x0000, 0x0000, 0x0000, 0x0000, 0x0000, 0x0000,
    0x0000, 0x0000, 0x0000, 0x0000, 0x0000, 0x0000, 0x0000, 0x0000,
    0x0000, 0x0000, 0x0000, 0x0000, 0x0000, 0x0000, 0x0000, 0x0000,
    0x0000, 0x0000, 0x0000, 0x0000, 0x0000, 0x0000, 0x0000, 0x0000,
    0x0000, 0x0000, 0x0000, 0x0000, 0x0000, 0x0000, 0x0000, 0x0000,
    0x0000, 0x0000, 0x0000, 0x0000, 0x0000, 0x0000, 0x0000, 0x0000,
    0x0000, 0x0000, 0x0000, 0x0000, 0x0000, 0x0000, 0x0000, 0x0000,
    0x0000, 0x0000, 0x0000, 0x0000, 0x0000, 0x0000, 0x0000, 0x0000,
    0x0000, 0x0000, 0x0000, 0x0000, 0x0000, 0x0000, 0x0000, 0x0000,
    0x0000, 0x0000, 0x0000, 0x0000, 0x0000, 0x0000, 0x0000, 0x0000,
    0x0000, 0x0000, 0x0000, 0x0000, 0x0000, 0x0000, 0x0000, 0x0000,
    0x0000, 0x0000, 0x0000, 0x0000, 0x0000, 0x0000, 0x0000, 0x0000,
    0x0000, 0x0000, 0x0000, 0x0000, 0x0000, 0x0000, 0x0000, 0x0000,
    0x0000, 0x0000, 0x0000, 0x0000, 0x0000, 0x0000, 0x0000, 0x0000,
    0x0000, 0x0000, 0x0000, 0x0000, 0x0000, 0x0000, 0x0000, 0x0000,
    0x0000, 0x0000, 0x0000, 0x0000, 0x0000, 0x0000, 0x0000, 0x0000,
    0x0000, 0x0000, 0x0000, 0x0000, 0x0000, 0x0000, 0x0000, 0x0000,
    0x0000, 0x0000, 0x0000, 0x0000, 0x0000, 0x0000, 0x0000, 0x0000,
    0x0000, 0x0000, 0x0000, 0x0000, 0x0000, 0x0000, 0x0000, 0x0000,
    0x0000, 0x0000, 0x0000, 0x0000, 0x0000, 0x0000, 0x0000, 0x0000,
    0x0000, 0x0000, 0x0000, 0x0000, 0x0000, 0x0000, 0x0000, 0x0000,
    0x0000, 0x0000, 0x0000, 0x0000, 0x0000, 0x0000, 0x0000, 0x0000,
    0x0000, 0x0000, 0x0000, 0x0000, 0x0000, 0x0000, 0x0000, 0x0000,
    0x0000, 0x0000, 0x0000, 0x0000, 0x0000, 0x0000, 0x0000, 0x0000,
    0x0000, 0x0000, 0x0000, 0x0000, 0x0000, 0x0000, 0x0000, 0x0000,
    0x0000, 0x0000, 0x0000, 0x0000, 0x0000, 0x0000, 0x0000, 0x0000,
    0x0000, 0x0000, 0x0000, 0x0000, 0x0000, 0x0000, 0x0000, 0x0000,
    0x0000, 0x0000, 0x0000, 0x0000, 0x0000, 0x0000, 0x0000, 0x0000,
    0x0000, 0x0000, 0x0000, 0x0000, 0x0000, 0x0000, 0x0000, 0x0000,
    0x0000, 0x0000, 0x0000, 0x0000, 0x0000, 0x0000, 0x0000, 0x0000,
    0x0000, 0x0000, 0x0000, 0x0000, 0x0000, 0x0000, 0x0000, 0x0000,
    0x0000, 0x0000, 0x0000, 0x0000, 0x0000, 0x0000, 0x0000, 0x0000,
    0x0000, 0x0000, 0x0000, 0x0000, 0x0000, 0x0000, 0x0000, 0x0000,
    0x0000, 0x0000, 0x0000, 0x0000, 0x0000, 0x0000, 0x0000, 0x0000,
    0x0000, 0x0000, 0x0000, 0x0000, 0x0000, 0x0000, 0x0000, 0x0000,
    0x0000, 0x0000, 0x0000, 0x0000, 0x0000, 0x0000, 0x0000, 0x0000,
    0x0000, 0x0000, 0x0000, 0x0000, 0x0000, 0x0000, 0x0000, 0x0000,
    0x0000, 0x0000, 0x0000, 0x0000, 0x0000, 0x0000, 0x0000, 0x0000,
    0x0000, 0x0000, 0x0000, 0x0000, 0x0000, 0x0000, 0x0000, 0x0000,
    0x0000, 0x0000, 0x0000, 0x0000, 0x0000, 0x0000, 0x0000, 0x0000,
    0x0000, 0x0000, 0x0000, 0x0000, 0x0000, 0x0000, 0x0000, 0x0000,
    0x0000, 0x0000, 0x0000, 0x0000, 0x0000, 0x0000, 0x0000, 0x0000,
    0x0000, 0x0000, 0x0000, 0x0000, 0x0000, 0x0000, 0x0000, 0x0000,
    0x0000, 0x0000, 0x0000, 0x0000, 0x0000, 0x0000, 0x0000, 0x0000,
    0x0000, 0x0000, 0x0000, 0x0000, 0x0000, 0x0000, 0x0000, 0x0000,
    0x0000, 0x0000, 0x0000, 0x0000, 0x0000, 0x0000, 0x0000, 0x0000,
    0x0000, 0x0000, 0x0000, 0x0000, 0x0000, 0x0000, 0x0000, 0x0000,
    0x0000, 0x0000, 0x0000, 0x0000, 0x0000, 0x0000, 0x0000, 0x0000,
    0x0000, 0x0000, 0x0000, 0x0000, 0x0000, 0x0000, 0x0000, 0x0000,
    0x0000, 0x0000, 0x0000, 0x0000, 0x0000, 0x0000, 0x0000, 0x0000,
    0x0000, 0x0000, 0x0000, 0x0000, 0x0000, 0x0000, 0x0000, 0x0000,
    0x0000, 0x0000, 0x0000, 0x0000, 0x0000, 0x0000, 0x0000, 0x0000,
    0x0000, 0x0000, 0x0000, 0x0000, 0x0000, 0x0000, 0x0000, 0x0000,
    0x0000, 0x0000, 0x0000, 0x0000, 0x0000, 0x0000, 0x0000, 0x0000,
    0x0000, 0x0000, 0x0000, 0x0000, 0x0000, 0x0000, 0x0000, 0x0000,
    0x0000, 0x0000, 0x0000, 0x0000, 0x0000, 0x0000, 0x0000, 0x0000,
    0x0000, 0x0000, 0x0000, 0x0000, 0x0000, 0x0000, 0x0000, 0x0000,
    0x0000, 0x0000, 0x0000, 0x0000, 0x0000, 0x0000, 0x0000, 0x0000,
    0x0000, 0x0000, 0x0000, 0x0000, 0x0000, 0x0000, 0x0000, 0x0000,
    0x0000, 0x0000, 0x0000, 0x0000, 0x0000, 0x0000, 0x0000, 0x0000,
    0x0000, 0x0000, 0x0000, 0x0000, 0x0000, 0x0000, 0x0000, 0x0000,
    0x0000, 0x0000, 0x0000, 0x0000, 0x0000, 0x0000, 0x0000, 0x0000,
    0x0000, 0x0000, 0x0000, 0x0000, 0x0000, 0x0000, 0x0000, 0x0000,
    0x0000, 0x0000, 0x0000, 0x0000, 0x0000, 0x0000, 0x0000, 0x0000,
    0x0000, 0x0000, 0x0000, 0x0000, 0x0000, 0x0000, 0x0000, 0x0000,
    0x0000, 0x0000, 0x0000, 0x0000, 0x0000, 0x0000, 0x0000, 0x0000,
    0x0000, 0x0000, 0x0000, 0x0000, 0x0000, 0x0000, 0x0000, 0x0000,
    0x0000, 0x0000, 0x0000, 0x0000, 0x0000, 0x0000, 0x0000, 0x0000,
    0x0000, 0x0000, 0x0000, 0x0000, 0x0000, 0x0000, 0x0000, 0x0000,
    0x0000, 0x0000, 0x0000, 0x0000, 0x0000, 0x0000, 0x0000, 0x0000,
    0x0000, 0x0000, 0x0000, 0x0000, 0x0000, 0x0000, 0x0000, 0x0000,
    0x0000, 0x0000, 0x0000, 0x0000, 0x0000, 0x0000, 0x0000, 0x0000,
    0x0000, 0x0000, 0x0000, 0x0000, 0x0000, 0x0000, 0x0000, 0x0000,
    0x0000, 0x0000, 0x0000, 0x0000, 0x0000, 0x0000, 0x0000, 0x0000,
    0x0000, 0x0000, 0x0000, 0x0000, 0x0000, 0x0000, 0x0000, 0x0000,
    0x0000, 0x0000, 0x0000, 0x0000, 0x0000, 0x0000, 0x0000, 0x0000,
    0x0000, 0x0000, 0x0000, 0x0000, 0x0000, 0x0000, 0x0000, 0x0000,
    0x0000, 0x0000, 0x0000, 0x0000, 0x0000, 0x0000, 0x0000, 0x0000,
    0x0000, 0x0000, 0x0000, 0x0000, 0x0000, 0x0000, 0x0000, 0x0000,
    0x0000, 0x0000, 0x0000, 0x0000, 0x0000, 0x0000, 0x0000, 0x0000,
    0x0000, 0x0000, 0x0000, 0x0000, 0x0000, 0x0000, 0x0000, 0x0000,
    0x0000, 0x0000, 0x0000, 0x0000, 0x0000, 0x0000, 0x0000, 0x0000,
    0x0000, 0x0000, 0x0000, 0x0000, 0x0000, 0x0000, 0x0000, 0x0000,
    0x0000, 0x0000, 0x0000, 0x0000, 0x0000, 0x0000, 0x0000, 0x0000,
    0x0000, 0x0000, 0x0000, 0x0000, 0x0000, 0x0000, 0x0000, 0x0000,
    0x0000, 0x0000, 0x0000, 0x0000, 0x0000, 0x0000, 0x0000, 0x0000,
    0x0000, 0x0000, 0x0000, 0x0000, 0x0000, 0x0000, 0x0000, 0x0000,
    0x0000, 0x0000, 0x0000, 0x0000, 0x0000, 0x0000, 0x0000, 0x0000,
    0x0000, 0x0000, 0x0000, 0x0000, 0x0000, 0x0000, 0x0000, 0x0000,
    0x0000, 0x0000, 0x0000, 0x0000, 0x0000, 0x0000, 0x0000, 0x0000,
    0x0000, 0x0000, 0x0000, 0x0000, 0x0000, 0x0000, 0x0000, 0x0000,
    0x0000, 0x0000, 0x0000, 0x0000, 0x0000, 0x0000, 0x0000, 0x0000,
    0x0000, 0x0000, 0x0000, 0x0000, 0x0000, 0x0000, 0x0000, 0x0000,
    0x0000, 0x0000, 0x0000, 0x0000, 0x0000, 0x0000, 0x0000, 0x0000,
    0x0000, 0x0000, 0x0000, 0x0000, 0x0000, 0x0000, 0x0000, 0x0000,
    0x0000, 0x0000, 0x0000, 0x0000, 0x0000, 0x0000, 0x0000, 0x0000,
    0x0000, 0x0000, 0x0000, 0x0000, 0x0000, 0x0000, 0x0000, 0x0000,
    0x0000, 0x0000, 0x0000, 0x0000, 0x0000, 0x0000, 0x0000, 0x0000,
    0x0000, 0x0000, 0x0000, 0x0000, 0x0000, 0x0000, 0x0000, 0x0000,
    0x0000, 0x0000, 0x0000, 0x0000, 0x0000, 0x0000, 0x0000, 0x0000,
    0x0000, 0x0000, 0x0000, 0x0000, 0x0000, 0x0000, 0x0000, 0x0000,
    0x0000, 0x0000, 0x0000, 0x0000, 0x0000, 0x0000, 0x0000, 0x0000,
    0x0000, 0x0000, 0x0000, 0x0000, 0x0000, 0x0000, 0x0000, 0x0000,
    0x0000, 0x0000, 0x0000, 0x0000, 0x0000, 0x0000, 0x0000, 0x0000,
    0x0000, 0x0000, 0x0000, 0x0000, 0x0000, 0x0000, 0x0000, 0x0000,
    0x0000, 0x0000, 0x0000, 0x0000, 0x0000, 0x0000, 0x0000, 0x0000,
    0x0000, 0x0000, 0x0000, 0x0000, 0x0000, 0x0000, 0x0000, 0x0000,
    0x0000, 0x0000, 0x0000, 0x0000, 0x0000, 0x0000, 0x0000, 0x0000,
    0x0000, 0x0000, 0x0000, 0x0000, 0x0000, 0x0000, 0x0000, 0x0000,
    0x0000, 0x0000, 0x0000, 0x0000, 0x0000, 0x0000, 0x0000, 0x0000,
    0x0000, 0x0000, 0x0000, 0x0000, 0x0000, 0x0000, 0x0000, 0x0000,
    0x0000, 0x0000, 0x0000, 0x0000, 0x0000, 0x0000, 0x0000, 0x0000,
    0x0000, 0x0000, 0x0000, 0x0000, 0x0000, 0x0000, 0x0000, 0x0000,
    0x0000, 0x0000, 0x0000, 0x0000, 0x0000, 0x0000, 0x0000, 0x0000,
    0x0000, 0x0000, 0x0000, 0x0000, 0x0000, 0x0000, 0x0000, 0x0000,
    0x0000, 0x0000, 0x0000, 0x0000, 0x0000, 0x0000, 0x0000, 0x0000,
    0x0000, 0x0000, 0x0000, 0x0000, 0x0000, 0x0000, 0x0000, 0x0000,
    0x0000, 0x0000, 0x0000, 0x0000, 0x0000, 0x0000, 0x0000, 0x0000,
    0x0000, 0x0000, 0x0000, 0x0000, 0x0000, 0x0000, 0x0000, 0x0000,
    0x0000, 0x0000, 0x0000, 0x0000, 0x0000, 0x0000, 0x0000, 0x0000,
    0x0000, 0x0000, 0x0000, 0x0000, 0x0000, 0x0000, 0x0000, 0x0000,
    0x0000, 0x0000, 0x0000, 0x0000, 0x0000, 0x0000, 0x0000, 0x0000,
    0x0000, 0x0000, 0x0000, 0x0000, 0x0000, 0x0000, 0x0000, 0x0000,
    0x0000, 0x0000, 0x0000, 0x0000, 0x0000, 0x0000, 0x0000, 0x0000,
    0x0000, 0x0000, 0x0000, 0x0000, 0x0000, 0x0000, 0x0000, 0x0000,
    0x0000, 0x0000, 0x0000, 0x0000, 0x0000, 0x0000, 0x0000, 0x0000,
    0x0000, 0x0000, 0x0000, 0x0000, 0x0000, 0x0000, 0x0000, 0x0000,
    0x0000, 0x0000, 0x0000, 0x0000, 0x0000, 0x0000, 0x0000, 0x0000,
    0x0000, 0x0000, 0x0000, 0x0000, 0x0000, 0x0000, 0x0000, 0x0000,
    0x0000, 0x0000, 0x0000, 0x0000, 0x0000, 0x0000, 0x0000, 0x0000,
    0x0000, 0x0000, 0x0000, 0x0000, 0x0000, 0x0000, 0x0000, 0x0000,
    0x0000, 0x0000, 0x0000, 0x0000, 0x0000, 0x0000, 0x0000, 0x0000,
    0x0000, 0x0000, 0x0000, 0x0000, 0x0000, 0x0000, 0x0000, 0x0000,
    0x0000, 0x0000, 0x0000, 0x0000, 0x0000, 0x0000, 0x0000, 0x0000,
    0x0000, 0x0000, 0x0000, 0x0000, 0x0000, 0x0000, 0x0000, 0x0000,
    0x0000, 0x0000, 0x0000, 0x0000, 0x0000, 0x0000, 0x0000, 0x0000,
    0x0000, 0x0000, 0x0000, 0x0000, 0x0000, 0x0000, 0x0000, 0x0000,
    0x0000, 0x0000, 0x0000, 0x0000, 0x0000, 0x0000, 0x0000, 0x0000,
    0x0000, 0x0000, 0x0000, 0x0000, 0x0000, 0x0000, 0x0000, 0x0000,
    0x0000, 0x0000, 0x0000, 0x0000, 0x0000, 0x0000, 0x0000, 0x0000,
    0x0000, 0x0000, 0x0000, 0x0000, 0x0000, 0x0000, 0x0000, 0x0000,
    0x0000, 0x0000, 0x0000, 0x0000, 0x0000, 0x0000, 0x0000, 0x0000,
    0x0000, 0x0000, 0x0000, 0x0000, 0x0000, 0x0000, 0x0000, 0x0000,
    0x0000, 0x0000, 0x0000, 0x0000, 0x0000, 0x0000, 0x0000, 0x0000,
    0x0000, 0x0000, 0x0000, 0x0000, 0x0000, 0x0000, 0x0000, 0x0000,
    0x0000, 0x0000, 0x0000, 0x0000, 0x0000, 0x0000, 0x0000, 0x0000,
    0x0000, 0x0000, 0x0000, 0x0000, 0x0000, 0x0000, 0x0000, 0x0000,
    0x0000, 0x0000, 0x0000, 0x0000, 0x0000, 0x0000, 0x0000, 0x0000,
    0x0000, 0x0000, 0x0000, 0x0000, 0x0000, 0x0000, 0x0000, 0x0000,
    0x0000, 0x0000, 0x0000, 0x0000, 0x0000, 0x0000, 0x0000, 0x0000,
    0x0000, 0x0020, 0x0000, 0x0040, 0x0841, 0x0000, 0x0000, 0x0000,
    0x0000, 0x0000, 0x0000, 0x0020, 0x0000, 0x0000, 0x0000, 0x0000,
    0x0000, 0x0000, 0x0000, 0x0000, 0x0000, 0x0000, 0x0000, 0x0000,
    0x0000, 0x0000, 0x0000, 0x0000, 0x0000, 0x0000, 0x0000, 0x0000,
    0x0000, 0x0000, 0x0000, 0x0000, 0x0000, 0x0000, 0x0000, 0x0000,
    0x0000, 0x0000, 0x0000, 0x0000, 0x0000, 0x0000, 0x0000, 0x0000,
    0x0000, 0x0000, 0x0000, 0x0000, 0x0000, 0x0000, 0x0000, 0x0000,
    0x0000, 0x0000, 0x0000, 0x0000, 0x0000, 0x0000, 0x0000, 0x0000,
    0x0000, 0x0000, 0x0000, 0x0000, 0x0000, 0x0000, 0x0000, 0x0000,
    0x0000, 0x0000, 0x0000, 0x0000, 0x0000, 0x0000, 0x0000, 0x0000,
    0x0000, 0x0000, 0x0000, 0x0000, 0x0000, 0x0000, 0x0000, 0x0000,
    0x0000, 0x0000, 0x0000, 0x0000, 0x0000, 0x0000, 0x0000, 0x0000,
    0x0000, 0x0000, 0x0000, 0x0000, 0x0000, 0x0000, 0x0000, 0x0000,
    0x0000, 0x0000, 0x0000, 0x0000, 0x0000, 0x0000, 0x0000, 0x0000,
    0x0000, 0x0000, 0x0000, 0x0000, 0x0000, 0x0000, 0x0000, 0x0000,
    0x0000, 0x0000, 0x0000, 0x0000, 0x0000, 0x0000, 0x0000, 0x0000,
    0x0000, 0x0000, 0x0000, 0x0000, 0x0000, 0x0000, 0x0000, 0x0000,
    0x0000, 0x0000, 0x0000, 0x0000, 0x0000, 0x0000, 0x0000, 0x0000,
    0x0000, 0x0000, 0x0000, 0x0000, 0x0000, 0x0000, 0x0000, 0x0000,
    0x0000, 0x0000, 0x0000, 0x0000, 0x0000, 0x0000, 0x0000, 0x0000,
    0x0000, 0x0000, 0x0000, 0x0000, 0x0000, 0x0000, 0x0000, 0x0000,
    0x0000, 0x0000, 0x0000, 0x0000, 0x0000, 0x0000, 0x0000, 0x0000,
    0x0000, 0x0000, 0x0000, 0x0000, 0x0000, 0x0000, 0x0000, 0x0000,
    0x0000, 0x0000, 0x0000, 0x0000, 0x0000, 0x0000, 0x0000, 0x0000,
    0x0000, 0x0000, 0x0000, 0x0000, 0x0000, 0x0000, 0x0000, 0x0000,
    0x0000, 0x0000, 0x0000, 0x0000, 0x0000, 0x0000, 0x0000, 0x0000,
    0x0000, 0x0000, 0x0000, 0x0000, 0x0000, 0x0000, 0x0000, 0x0000,
    0x0000, 0x0000, 0x0000, 0x0000, 0x0000, 0x0000, 0x0000, 0x0000,
    0x0000, 0x0000, 0x0000, 0x0000, 0x0000, 0x0020, 0x0000, 0x0020,
    0x0000, 0x0000, 0x0000, 0x0000, 0x0000, 0x0000, 0x0000, 0x0000,
    0x0000, 0x0841, 0x0000, 0x0040, 0x0000, 0x0000, 0x0000, 0x0000,
    0x0000, 0x0020, 0x0020, 0x0841, 0x0000, 0x0000, 0x0000, 0x0000,
    0x0000, 0x0000, 0x0000, 0x0000, 0x0000, 0x0000, 0x0000, 0x0000,
    0x0000, 0x0000, 0x0000, 0x0000, 0x0000, 0x0000, 0x0000, 0x0000,
    0x0000, 0x0000, 0x0000, 0x0000, 0x0000, 0x0000, 0x0000, 0x0000,
    0x0000, 0x0000, 0x0000, 0x0000, 0x0000, 0x0000, 0x0000, 0x0000,
    0x0000, 0x0000, 0x0000, 0x0000, 0x0000, 0x0000, 0x0000, 0x0000,
    0x0000, 0x0000, 0x0000, 0x0000, 0x0000, 0x0000, 0x0000, 0x0000,
    0x0000, 0x0000, 0x0000, 0x0000, 0x0000, 0x0000, 0x0000, 0x0000,
    0x0000, 0x0000, 0x0000, 0x0000, 0x0000, 0x0000, 0x0000, 0x0000,
    0x0000, 0x0000, 0x0000, 0x0000, 0x0000, 0x0000, 0x0000, 0x0000,
    0x0000, 0x0000, 0x0000, 0x0000, 0x0000, 0x0000, 0x0000, 0x0000,
    0x0000, 0x0000, 0x0000, 0x0000, 0x0000, 0x0000, 0x0000, 0x0000,
    0x0000, 0x0000, 0x0000, 0x0000, 0x0000, 0x0000, 0x0000, 0x0000,
    0x0000, 0x0000, 0x0000, 0x0000, 0x0000, 0x0000, 0x0000, 0x0000,
    0x0000, 0x0000, 0x0000, 0x0000, 0x0000, 0x0000, 0x0000, 0x0000,
    0x0000, 0x0000, 0x0000, 0x0000, 0x0000, 0x0000, 0x0000, 0x0000,
    0x0000, 0x0000, 0x0000, 0x0000, 0x0000, 0x0000, 0x0000, 0x0000,
    0x0000, 0x0000, 0x0000, 0x0000, 0x0000, 0x0000, 0x0000, 0x0000,
    0x0000, 0x0000, 0x0000, 0x0000, 0x0000, 0x0000, 0x0000, 0x0000,
    0x0000, 0x0000, 0x0000, 0x0000, 0x0000, 0x0000, 0x0000, 0x0000,
    0x0000, 0x0000, 0x0000, 0x0000, 0x0000, 0x0000, 0x0000, 0x0000,
    0x0000, 0x0000, 0x0000, 0x0000, 0x0000, 0x0000, 0x0000, 0x0000,
    0x0000, 0x0000, 0x0000, 0x0000, 0x0000, 0x0000, 0x0000, 0x0000,
    0x0000, 0x0000, 0x0000, 0x0000, 0x0000, 0x0000, 0x0000, 0x0000,
    0x0000, 0x0000, 0x0000, 0x0000, 0x0000, 0x0000, 0x0000, 0x0000,
    0x0000, 0x0000, 0x0000, 0x0000, 0x0000, 0x0000, 0x0000, 0x0000,
    0x0000, 0x0000, 0x0000, 0x0000, 0x0000, 0x0000, 0x0000, 0x0000,
    0x0000, 0x0000, 0x0000, 0x0020, 0x0000, 0x0000, 0x0020, 0x0040,
    0x0841, 0x0840, 0x0000, 0x0000, 0x0000, 0x0000, 0x0861, 0x0000,
    0x1082, 0x2944, 0x18C1, 0x2103, 0x0040, 0x0040, 0x0000, 0x0000,
    0x0020, 0x1082, 0x0841, 0x0040, 0x0000, 0x0000, 0x0000, 0x0000,
    0x0000, 0x0020, 0x0020, 0x0000, 0x0000, 0x0000, 0x0000, 0x0000,
    0x0000, 0x0000, 0x0000, 0x0000, 0x0000, 0x0000, 0x0000, 0x0000,
    0x0000, 0x0000, 0x0000, 0x0000, 0x0000, 0x0000, 0x0000, 0x0000,
    0x0000, 0x0000, 0x0000, 0x0000, 0x0000, 0x0000, 0x0000, 0x0000,
    0x0000, 0x0000, 0x0000, 0x0000, 0x0000, 0x0000, 0x0000, 0x0000,
    0x0000, 0x0000, 0x0000, 0x0000, 0x0000, 0x0000, 0x0000, 0x0000,
    0x0000, 0x0000, 0x0000, 0x0000, 0x0000, 0x0000, 0x0000, 0x0000,
    0x0000, 0x0000, 0x0000, 0x0000, 0x0000, 0x0000, 0x0000, 0x0000,
    0x0000, 0x0000, 0x0000, 0x0000, 0x0000, 0x0000, 0x0000, 0x0000,
    0x0000, 0x0000, 0x0000, 0x0000, 0x0000, 0x0000, 0x0000, 0x0000,
    0x0000, 0x0000, 0x0000, 0x0000, 0x0000, 0x0000, 0x0000, 0x0000,
    0x0000, 0x0000, 0x0000, 0x0000, 0x0000, 0x0000, 0x0000, 0x0000,
    0x0000, 0x0000, 0x0000, 0x0000, 0x0000, 0x0000, 0x0000, 0x0000,
    0x0000, 0x0000, 0x0000, 0x0000, 0x0000, 0x0000, 0x0000, 0x0000,
    0x0000, 0x0000, 0x0000, 0x0000, 0x0000, 0x0000, 0x0000, 0x0000,
    0x0000, 0x0000, 0x0000, 0x0000, 0x0000, 0x0000, 0x0000, 0x0000,
    0x0000, 0x0000, 0x0000, 0x0000, 0x0000, 0x0000, 0x0000, 0x0000,
    0x0000, 0x0000, 0x0000, 0x0000, 0x0000, 0x0000, 0x0000, 0x0000,
    0x0000, 0x0000, 0x0000, 0x0000, 0x0000, 0x0000, 0x0000, 0x0000,
    0x0000, 0x0000, 0x0000, 0x0000, 0x0000, 0x0000, 0x0000, 0x0000,
    0x0000, 0x0000, 0x0000, 0x0000, 0x0000, 0x0000, 0x0000, 0x0000,
    0x0000, 0x0000, 0x0000, 0x0000, 0x0000, 0x0000, 0x0000, 0x0000,
    0x0000, 0x0000, 0x0000, 0x0000, 0x0000, 0x0000, 0x0000, 0x0000,
    0x0000, 0x0000, 0x0000, 0x0000, 0x0000, 0x0000, 0x0000, 0x0000,
    0x0000, 0x0000, 0x0000, 0x0000, 0x0000, 0x0000, 0x0000, 0x0000,
    0x0000, 0x0000, 0x0000, 0x0000, 0x0000, 0x0000, 0x0000, 0x0861,
    0x0841, 0x0000, 0x0020, 0x0840, 0x10A2, 0x0000, 0x1082, 0x0000,
    0x2965, 0x2924, 0x10A2, 0x0861, 0x10A2, 0x3186, 0x41E7, 0x3145,
    0x7BAE, 0x7BCE, 0x736C, 0x7BAD, 0x4A68, 0x5289, 0x20E3, 0x18A2,
    0x3165, 0x3185, 0x2103, 0x10A1, 0x0000, 0x0000, 0x0000, 0x0020,
    0x18C2, 0x10C2, 0x0841, 0x0000, 0x0000, 0x0000, 0x0000, 0x0000,
    0x0000, 0x0000, 0x0000, 0x0000, 0x0000, 0x0000, 0x0000, 0x0000,
    0x0000, 0x0000, 0x0000, 0x0000, 0x0000, 0x0000, 0x0000, 0x0000,
    0x0000, 0x0000, 0x0000, 0x0000, 0x0000, 0x0000, 0x0000, 0x0000,
    0x0000, 0x0000, 0x0000, 0x0000, 0x0000, 0x0000, 0x0000, 0x0000,
    0x0000, 0x0000, 0x0000, 0x0000, 0x0000, 0x0000, 0x0000, 0x0000,
    0x0000, 0x0000, 0x0000, 0x0000, 0x0000, 0x0000, 0x0000, 0x0000,
    0x0000, 0x0000, 0x0000, 0x0000, 0x0000, 0x0000, 0x0000, 0x0000,
    0x0000, 0x0000, 0x0000, 0x0000, 0x0000, 0x0000, 0x0000, 0x0000,
    0x0000, 0x0000, 0x0000, 0x0000, 0x0000, 0x0000, 0x0000, 0x0000,
    0x0000, 0x0000, 0x0000, 0x0000, 0x0000, 0x0000, 0x0000, 0x0000,
    0x0000, 0x0000, 0x0000, 0x0000, 0x0000, 0x0000, 0x0000, 0x0000,
    0x0000, 0x0000, 0x0000, 0x0000, 0x0000, 0x0000, 0x0000, 0x0000,
    0x0000, 0x0000, 0x0000, 0x0000, 0x0000, 0x0000, 0x0000, 0x0000,
    0x0000, 0x0000, 0x0000, 0x0000, 0x0000, 0x0000, 0x0000, 0x0000,
    0x0000, 0x0000, 0x0000, 0x0000, 0x0000, 0x0000, 0x0000, 0x0000,
    0x0000, 0x0000, 0x0000, 0x0000, 0x0000, 0x0000, 0x0000, 0x0000,
    0x0000, 0x0000, 0x0000, 0x0000, 0x0000, 0x0000, 0x0000, 0x0000,
    0x0000, 0x0000, 0x0000, 0x0000, 0x0000, 0x0000, 0x0000, 0x0000,
    0x0000, 0x0000, 0x0000, 0x0000, 0x0000, 0x0000, 0x0000, 0x0000,
    0x0000, 0x0000, 0x0000, 0x0000, 0x0000, 0x0000, 0x0000, 0x0000,
    0x0000, 0x0000, 0x0000, 0x0000, 0x0000, 0x0000, 0x0000, 0x0000,
    0x0000, 0x0000, 0x0000, 0x0000, 0x0000, 0x0000, 0x0000, 0x0000,
    0x0000, 0x0000, 0x0000, 0x0000, 0x0000, 0x0000, 0x0000, 0x0000,
    0x0000, 0x0000, 0x0000, 0x0000, 0x0000, 0x0000, 0x0000, 0x0000,
    0x0000, 0x0020, 0x08A1, 0x0020, 0x0020, 0x0000, 0x0000, 0x0861,
    0x0820, 0x0000, 0x2923, 0x18C2, 0x3A07, 0x4A48, 0x52AA, 0x6B0B,
    0x9471, 0xAD13, 0x9491, 0x83EF, 0x8430, 0xAD75, 0xC5D5, 0xBDB5,
    0xE6FA, 0xE71B, 0xDEB9, 0xE6D9, 0xD679, 0xD678, 0xAD54, 0xA4F2,
    0xAD54, 0xA4D2, 0x9C70, 0x8C2F, 0x5AA9, 0x4207, 0x2964, 0x2924,
    0x4A07, 0x2123, 0x0000, 0x0000, 0x0840, 0x0000, 0x0020, 0x0040,
    0x0000, 0x0000, 0x0000, 0x0000, 0x0000, 0x0000, 0x0000, 0x0000,
    0x0000, 0x0000, 0x0000, 0x0000, 0x0000, 0x0000, 0x0000, 0x0000,
    0x0000, 0x0000, 0x0000, 0x0000, 0x0000, 0x0000, 0x0000, 0x0000,
    0x0000, 0x0000, 0x0000, 0x0000, 0x0000, 0x0000, 0x0000, 0x0000,
    0x0000, 0x0000, 0x0000, 0x0000, 0x0000, 0x0000, 0x0000, 0x0000,
    0x0000, 0x0000, 0x0000, 0x0000, 0x0000, 0x0000, 0x0000, 0x0000,
    0x0000, 0x0000, 0x0000, 0x0000, 0x0000, 0x0000, 0x0000, 0x0000,
    0x0000, 0x0000, 0x0000, 0x0000, 0x0000, 0x0000, 0x0000, 0x0000,
    0x0000, 0x0000, 0x0000, 0x0000, 0x0000, 0x0000, 0x0000, 0x0000,
    0x0000, 0x0000, 0x0000, 0x0000, 0x0000, 0x0000, 0x0000, 0x0000,
    0x0000, 0x0000, 0x0000, 0x0000, 0x0000, 0x0000, 0x0000, 0x0000,
    0x0000, 0x0000, 0x0000, 0x0000, 0x0000, 0x0000, 0x0000, 0x0000,
    0x0000, 0x0000, 0x0000, 0x0000, 0x0000, 0x0000, 0x0000, 0x0000,
    0x0000, 0x0000, 0x0000, 0x0000, 0x0000, 0x0000, 0x0000, 0x0000,
    0x0000, 0x0000, 0x0000, 0x0000, 0x0000, 0x0000, 0x0000, 0x0000,
    0x0000, 0x0000, 0x0000, 0x0000, 0x0000, 0x0000, 0x0000, 0x0000,
    0x0000, 0x0000, 0x0000, 0x0000, 0x0000, 0x0000, 0x0000, 0x0000,
    0x0000, 0x0000, 0x0000, 0x0000, 0x0000, 0x0000, 0x0000, 0x0000,
    0x0000, 0x0000, 0x0000, 0x0000, 0x0000, 0x0000, 0x0000, 0x0000,
    0x0000, 0x0000, 0x0000, 0x0000, 0x0000, 0x0000, 0x0000, 0x0000,
    0x0000, 0x0000, 0x0000, 0x0000, 0x0000, 0x0000, 0x0000, 0x0000,
    0x0000, 0x0000, 0x0000, 0x0000, 0x0000, 0x0000, 0x0000, 0x0000,
    0x0000, 0x0000, 0x0000, 0x0000, 0x0000, 0x0000, 0x0000, 0x0000,
    0x0000, 0x0000, 0x0000, 0x0000, 0x0000, 0x0000, 0x0000, 0x0000,
    0x0020, 0x0000, 0x0080, 0x0840, 0x0861, 0x1081, 0x10A2, 0x3186,
    0x4A48, 0x5ACA, 0x8C50, 0x83EF, 0xA4F2, 0xC5F6, 0xC5F6, 0xDED9,
    0xEF3B, 0xFFDE, 0xFFBC, 0xEF5B, 0xEF5C, 0xFFDE, 0xFFFE, 0xFFFE,
    0xFFFE, 0xFFFF, 0xFFFE, 0xFFFE, 0xFFFF, 0xFFFF, 0xFFFE, 0xFFFE,
    0xFFFD, 0xF77C, 0xF77C, 0xF75B, 0xD678, 0xBDD6, 0xA533, 0x9C71,
    0xAD13, 0x7BAD, 0x4A68, 0x39E7, 0x2944, 0x0841, 0x10A2, 0x0040,
    0x0000, 0x0040, 0x0861, 0x0000, 0x0000, 0x0000, 0x0000, 0x0000,
    0x0000, 0x0000, 0x0000, 0x0000, 0x0000, 0x0000, 0x0000, 0x0000,
    0x0000, 0x0000, 0x0000, 0x0000, 0x0000, 0x0000, 0x0000, 0x0000,
    0x0000, 0x0000, 0x0000, 0x0000, 0x0000, 0x0000, 0x0000, 0x0000,
    0x0000, 0x0000, 0x0000, 0x0000, 0x0000, 0x0000, 0x0000, 0x0000,
    0x0000, 0x0000, 0x0000, 0x0000, 0x0000, 0x0000, 0x0000, 0x0000,
    0x0000, 0x0000, 0x0000, 0x0000, 0x0000, 0x0000, 0x0000, 0x0000,
    0x0000, 0x0000, 0x0000, 0x0000, 0x0000, 0x0000, 0x0000, 0x0000,
    0x0000, 0x0000, 0x0000, 0x0000, 0x0000, 0x0000, 0x0000, 0x0000,
    0x0000, 0x0000, 0x0000, 0x0000, 0x0000, 0x0000, 0x0000, 0x0000,
    0x0000, 0x0000, 0x0000, 0x0000, 0x0000, 0x0000, 0x0000, 0x0000,
    0x0000, 0x0000, 0x0000, 0x0000, 0x0000, 0x0000, 0x0000, 0x0000,
    0x0000, 0x0000, 0x0000, 0x0000, 0x0000, 0x0000, 0x0000, 0x0000,
    0x0000, 0x0000, 0x0000, 0x0000, 0x0000, 0x0000, 0x0000, 0x0000,
    0x0000, 0x0000, 0x0000, 0x0000, 0x0000, 0x0000, 0x0000, 0x0000,
    0x0000, 0x0000, 0x0000, 0x0000, 0x0000, 0x0000, 0x0000, 0x0000,
    0x0000, 0x0000, 0x0000, 0x0000, 0x0000, 0x0000, 0x0000, 0x0000,
    0x0000, 0x0000, 0x0000, 0x0000, 0x0000, 0x0000, 0x0000, 0x0000,
    0x0000, 0x0000, 0x0000, 0x0000, 0x0000, 0x0000, 0x0000, 0x0000,
    0x0000, 0x0000, 0x0000, 0x0000, 0x0000, 0x0000, 0x0000, 0x0000,
    0x0000, 0x0000, 0x0000, 0x0000, 0x0000, 0x0000, 0x0000, 0x0000,
    0x0000, 0x0000, 0x0000, 0x0000, 0x0000, 0x0000, 0x0000, 0x0000,
    0x0000, 0x0000, 0x0000, 0x0000, 0x0000, 0x0000, 0x0000, 0x0000,
    0x0000, 0x0000, 0x0000, 0x0000, 0x0000, 0x0000, 0x0000, 0x0000,
    0x0060, 0x0020, 0x08A1, 0x3185, 0x4A27, 0x5ACA, 0x7BCE, 0x9491,
    0xC5F6, 0xDEB9, 0xF77C, 0xFF9D, 0xFF9C, 0xFFFE, 0xFFFE, 0xFFFD,
    0xFFDD, 0xFF9D, 0xFFDD, 0xFFFD, 0xFFDD, 0xFF9C, 0xFF9C, 0xFF9C,
    0xFF7C, 0xF75C, 0xFF7C, 0xF77C, 0xF77C, 0xFF7C, 0xFF7C, 0xFF9C,
    0xFF9C, 0xFFBC, 0xFFDD, 0xFFDD, 0xFFFF, 0xFFFF, 0xFFFF, 0xFFBD,
    0xFFDD, 0xEF1B, 0xCE57, 0xB595, 0x7BCE, 0x5AAA, 0x5289, 0x2123,
    0x18A2, 0x1082, 0x0881, 0x0041, 0x0000, 0x0000, 0x0000, 0x0000,
    0x0000, 0x0000, 0x0000, 0x0000, 0x0000, 0x0000, 0x0000, 0x0000,
    0x0000, 0x0000, 0x0000, 0x0000, 0x0000, 0x0000, 0x0000, 0x0000,
    0x0000, 0x0000, 0x0000, 0x0000, 0x0000, 0x0000, 0x0000, 0x0000,
    0x0000, 0x0000, 0x0000, 0x0000, 0x0000, 0x0000, 0x0000, 0x0000,
    0x0000, 0x0000, 0x0000, 0x0000, 0x0000, 0x0000, 0x0000, 0x0000,
    0x0000, 0x0000, 0x0000, 0x0000, 0x0000, 0x0000, 0x0000, 0x0000,
    0x0000, 0x0000, 0x0000, 0x0000, 0x0000, 0x0000, 0x0000, 0x0000,
    0x0000, 0x0000, 0x0000, 0x0000, 0x0000, 0x0000, 0x0000, 0x0000,
    0x0000, 0x0000, 0x0000, 0x0000, 0x0000, 0x0000, 0x0000, 0x0000,
    0x0000, 0x0000, 0x0000, 0x0000, 0x0000, 0x0000, 0x0000, 0x0000,
    0x0000, 0x0000, 0x0000, 0x0000, 0x0000, 0x0000, 0x0000, 0x0000,
    0x0000, 0x0000, 0x0000, 0x0000, 0x0000, 0x0000, 0x0000, 0x0000,
    0x0000, 0x0000, 0x0000, 0x0000, 0x0000, 0x0000, 0x0000, 0x0000,
    0x0000, 0x0000, 0x0000, 0x0000, 0x0000, 0x0000, 0x0000, 0x0000,
    0x0000, 0x0000, 0x0000, 0x0000, 0x0000, 0x0000, 0x0000, 0x0000,
    0x0000, 0x0000, 0x0000, 0x0000, 0x0000, 0x0000, 0x0000, 0x0000,
    0x0000, 0x0000, 0x0000, 0x0000, 0x0000, 0x0000, 0x0000, 0x0000,
    0x0000, 0x0000, 0x0000, 0x0000, 0x0000, 0x0000, 0x0000, 0x0000,
    0x0000, 0x0000, 0x0000, 0x0000, 0x0000, 0x0000, 0x0000, 0x0000,
    0x0000, 0x0000, 0x0000, 0x0000, 0x0000, 0x0000, 0x0000, 0x0000,
    0x0000, 0x0000, 0x0000, 0x0000, 0x0000, 0x0000, 0x0000, 0x0000,
    0x0000, 0x0000, 0x0000, 0x0000, 0x0000, 0x0000, 0x0000, 0x0000,
    0x0000, 0x0000, 0x0841, 0x0861, 0x0000, 0x0020, 0x10A2, 0x0040,
    0x1903, 0x4A69, 0x632C, 0x94B1, 0xC5D5, 0xE6DA, 0xF77C, 0xF7BC,
    0xFFDD, 0xFFBD, 0xFFBD, 0xFF9C, 0xFF9C, 0xFF5B, 0xFF7C, 0xFF7C,
    0xFF7C, 0xF77B, 0xFF7C, 0xFF7C, 0xFF7B, 0xF75A, 0xF75A, 0xF77A,
    0xF73A, 0xF75A, 0xF77B, 0xF75A, 0xF75A, 0xF75A, 0xF75A, 0xF77A,
    0xF77A, 0xFF7A, 0xFF7B, 0xFF9C, 0xFF9C, 0xFF9C, 0xFFBC, 0xFFBD,
    0xFFBD, 0xFFDD, 0xFFDD, 0xFFBD, 0xF75B, 0xDEB9, 0xBDD6, 0x83CE,
    0x732C, 0x2944, 0x0861, 0x0881, 0x0000, 0x0000, 0x0000, 0x0040,
    0x0020, 0x0000, 0x0000, 0x0000, 0x0000, 0x0000, 0x0000, 0x0000,
    0x0000, 0x0000, 0x0000, 0x0000, 0x0000, 0x0000, 0x0000, 0x0000,
    0x0000, 0x0000, 0x0000, 0x0000, 0x0000, 0x0000, 0x0000, 0x0000,
    0x0000, 0x0000, 0x0000, 0x0000, 0x0000, 0x0000, 0x0000, 0x0000,
    0x0000, 0x0000, 0x0000, 0x0000, 0x0000, 0x0000, 0x0000, 0x0000,
    0x0000, 0x0000, 0x0000, 0x0000, 0x0000, 0x0000, 0x0000, 0x0000,
    0x0000, 0x0000, 0x0000, 0x0000, 0x0000, 0x0000, 0x0000, 0x0000,
    0x0000, 0x0000, 0x0000, 0x0000, 0x0000, 0x0000, 0x0000, 0x0000,
    0x0000, 0x0000, 0x0000, 0x0000, 0x0000, 0x0000, 0x0000, 0x0000,
    0x0000, 0x0000, 0x0000, 0x0000, 0x0000, 0x0000, 0x0000, 0x0000,
    0x0000, 0x0000, 0x0000, 0x0000, 0x0000, 0x0000, 0x0000, 0x0000,
    0x0000, 0x0000, 0x0000, 0x0000, 0x0000, 0x0000, 0x0000, 0x0000,
    0x0000, 0x0000, 0x0000, 0x0000, 0x0000, 0x0000, 0x0000, 0x0000,
    0x0000, 0x0000, 0x0000, 0x0000, 0x0000, 0x0000, 0x0000, 0x0000,
    0x0000, 0x0000, 0x0000, 0x0000, 0x0000, 0x0000, 0x0000, 0x0000,
    0x0000, 0x0000, 0x0000, 0x0000, 0x0000, 0x0000, 0x0000, 0x0000,
    0x0000, 0x0000, 0x0000, 0x0000, 0x0000, 0x0000, 0x0000, 0x0000,
    0x0000, 0x0000, 0x0000, 0x0000, 0x0000, 0x0000, 0x0000, 0x0000,
    0x0000, 0x0000, 0x0000, 0x0000, 0x0000, 0x0000, 0x0000, 0x0000,
    0x0000, 0x0000, 0x0000, 0x0000, 0x0000, 0x0000, 0x0000, 0x0000,
    0x0000, 0x0000, 0x0000, 0x0000, 0x0000, 0x0000, 0x0000, 0x0000,
    0x0000, 0x0000, 0x0000, 0x0000, 0x0000, 0x0000, 0x0000, 0x0000,
    0x0000, 0x0020, 0x0841, 0x0861, 0x0000, 0x0861, 0x52CA, 0x6B6D,
    0x8C50, 0xD678, 0xDED9, 0xEF5B, 0xFFBC, 0xFFFE, 0xFFFE, 0xFFDD,
    0xFFBC, 0xFF9B, 0xFF7B, 0xF73A, 0xF73A, 0xF71A, 0xF73A, 0xF73A,
    0xF75A, 0xF73A, 0xF75A, 0xF73A, 0xF739, 0xF739, 0xF739, 0xF719,
    0xF719, 0xF759, 0xF75A, 0xF73A, 0xF739, 0xF73A, 0xF75A, 0xF739,
    0xF73A, 0xF73A, 0xF73A, 0xF75A, 0xF75A, 0xF75A, 0xF73A, 0xFF7C,
    0xFF5B, 0xFF7C, 0xFF9D, 0xFFBD, 0xFFDE, 0xFFFD, 0xFF9D, 0xE71B,
    0xDEB9, 0x9CB1, 0x6B2B, 0x2965, 0x0000, 0x0000, 0x18E2, 0x1903,
    0x0882, 0x0000, 0x0000, 0x0000, 0x0000, 0x0000, 0x0000, 0x0000,
    0x0000, 0x0000, 0x0000, 0x0000, 0x0000, 0x0000, 0x0000, 0x0000,
    0x0000, 0x0000, 0x0000, 0x0000, 0x0000, 0x0000, 0x0000, 0x0000,
    0x0000, 0x0000, 0x0000, 0x0000, 0x0000, 0x0000, 0x0000, 0x0000,
    0x0000, 0x0000, 0x0000, 0x0000, 0x0000, 0x0000, 0x0000, 0x0000,
    0x0000, 0x0000, 0x0000, 0x0000, 0x0000, 0x0000, 0x0000, 0x0000,
    0x0000, 0x0000, 0x0000, 0x0000, 0x0000, 0x0000, 0x0000, 0x0000,
    0x0000, 0x0000, 0x0000, 0x0000, 0x0000, 0x0000, 0x0000, 0x0000,
    0x0000, 0x0000, 0x0000, 0x0000, 0x0000, 0x0000, 0x0000, 0x0000,
    0x0000, 0x0000, 0x0000, 0x0000, 0x0000, 0x0000, 0x0000, 0x0000,
    0x0000, 0x0000, 0x0000, 0x0000, 0x0000, 0x0000, 0x0000, 0x0000,
    0x0000, 0x0000, 0x0000, 0x0000, 0x0000, 0x0000, 0x0000, 0x0000,
    0x0000, 0x0000, 0x0000, 0x0000, 0x0000, 0x0000, 0x0000, 0x0000,
    0x0000, 0x0000, 0x0000, 0x0000, 0x0000, 0x0000, 0x0000, 0x0000,
    0x0000, 0x0000, 0x0000, 0x0000, 0x0000, 0x0000, 0x0000, 0x0000,
    0x0000, 0x0000, 0x0000, 0x0000, 0x0000, 0x0000, 0x0000, 0x0000,
    0x0000, 0x0000, 0x0000, 0x0000, 0x0000, 0x0000, 0x0000, 0x0000,
    0x0000, 0x0000, 0x0000, 0x0000, 0x0000, 0x0000, 0x0000, 0x0000,
    0x0000, 0x0000, 0x0000, 0x0000, 0x0000, 0x0000, 0x0000, 0x0000,
    0x0000, 0x0000, 0x0000, 0x0000, 0x0000, 0x0000, 0x0000, 0x0000,
    0x0000, 0x0000, 0x0000, 0x0000, 0x0000, 0x0000, 0x0000, 0x0000,
    0x0000, 0x0000, 0x0000, 0x0000, 0x0000, 0x0000, 0x0020, 0x0020,
    0x0000, 0x0000, 0x0000, 0x2924, 0x4A68, 0x736D, 0xC5F6, 0xDEDA,
    0xEF5C, 0xFFFF, 0xFFFE, 0xFFDD, 0xFF9C, 0xFF7B, 0xF75A, 0xF73A,
    0xF73A, 0xF73A, 0xF73A, 0xF73A, 0xF73A, 0xF73A, 0xF73A, 0xF739,
    0xF75A, 0xF73A, 0xF75A, 0xF73A, 0xF739, 0xF719, 0xF739, 0xF739,
    0xF719, 0xF739, 0xF719, 0xF719, 0xF739, 0xF73A, 0xF75A, 0xF739,
    0xF73A, 0xF73A, 0xF73A, 0xF75A, 0xF73A, 0xF75A, 0xF75A, 0xF75A,
    0xF75A, 0xF73B, 0xF73B, 0xF73A, 0xF75B, 0xFF9C, 0xFFBD, 0xFFFF,
    0xFFFE, 0xF77D, 0xDEBA, 0x9C91, 0x5269, 0x39A6, 0x2103, 0x10E3,
    0x1081, 0x0020, 0x0000, 0x0000, 0x0000, 0x0000, 0x0000, 0x0000,
    0x0000, 0x0000, 0x0000, 0x0000, 0x0000, 0x0000, 0x0000, 0x0000,
    0x0000, 0x0000, 0x0000, 0x0000, 0x0000, 0x0000, 0x0000, 0x0000,
    0x0000, 0x0000, 0x0000, 0x0000, 0x0000, 0x0000, 0x0000, 0x0000,
    0x0000, 0x0000, 0x0000, 0x0000, 0x0000, 0x0000, 0x0000, 0x0000,
    0x0000, 0x0000, 0x0000, 0x0000, 0x0000, 0x0000, 0x0000, 0x0000,
    0x0000, 0x0000, 0x0000, 0x0000, 0x0000, 0x0000, 0x0000, 0x0000,
    0x0000, 0x0000, 0x0000, 0x0000, 0x0000, 0x0000, 0x0000, 0x0000,
    0x0000, 0x0000, 0x0000, 0x0000, 0x0000, 0x0000, 0x0000, 0x0000,
    0x0000, 0x0000, 0x0000, 0x0000, 0x0000, 0x0000, 0x0000, 0x0000,
    0x0000, 0x0000, 0x0000, 0x0000, 0x0000, 0x0000, 0x0000, 0x0000,
    0x0000, 0x0000, 0x0000, 0x0000, 0x0000, 0x0000, 0x0000, 0x0000,
    0x0000, 0x0000, 0x0000, 0x0000, 0x0000, 0x0000, 0x0000, 0x0000,
    0x0000, 0x0000, 0x0000, 0x0000, 0x0000, 0x0000, 0x0000, 0x0000,
    0x0000, 0x0000, 0x0000, 0x0000, 0x0000, 0x0000, 0x0000, 0x0000,
    0x0000, 0x0000, 0x0000, 0x0000, 0x0000, 0x0000, 0x0000, 0x0000,
    0x0000, 0x0000, 0x0000, 0x0000, 0x0000, 0x0000, 0x0000, 0x0000,
    0x0000, 0x0000, 0x0000, 0x0000, 0x0000, 0x0000, 0x0000, 0x0000,
    0x0000, 0x0000, 0x0000, 0x0000, 0x0000, 0x0000, 0x0000, 0x0000,
    0x0000, 0x0000, 0x0000, 0x0000, 0x0000, 0x0000, 0x0000, 0x0000,
    0x0000, 0x0000, 0x0000, 0x0000, 0x0000, 0x0000, 0x0000, 0x0000,
    0x0000, 0x0000, 0x0000, 0x0000, 0x0000, 0x0841, 0x0020, 0x0020,
    0x0020, 0x0861, 0x1081, 0x7BCE, 0xD678, 0xEF1B, 0xFFDE, 0xFFFD,
    0xFFDD, 0xF75B, 0xF73B, 0xF75B, 0xF75A, 0xF75A, 0xF75A, 0xF75A,
    0xF73A, 0xF73A, 0xF73A, 0xF739, 0xF73A, 0xF73A, 0xF739, 0xF719,
    0xF75A, 0xF73A, 0xF73A, 0xF73A, 0xF739, 0xEEF8, 0xF719, 0xF739,
    0xF719, 0xF719, 0xF718, 0xF718, 0xF718, 0xF719, 0xF739, 0xF739,
    0xF73A, 0xF739, 0xF739, 0xF73A, 0xF719, 0xF739, 0xF75A, 0xF739,
    0xF75A, 0xF73A, 0xF75A, 0xF75A, 0xF75A, 0xF77B, 0xF77B, 0xF75B,
    0xFF7C, 0xFFDE, 0xFFFF, 0xFFDD, 0xDEB9, 0xBDD5, 0x4A29, 0x2965,
    0x18A2, 0x1081, 0x0000, 0x0000, 0x0000, 0x0000, 0x0000, 0x0000,
    0x0000, 0x0000, 0x0000, 0x0000, 0x0000, 0x0000, 0x0000, 0x0000,
    0x0000, 0x0000, 0x0000, 0x0000, 0x0000, 0x0000, 0x0000, 0x0000,
    0x0000, 0x0000, 0x0000, 0x0000, 0x0000, 0x0000, 0x0000, 0x0000,
    0x0000, 0x0000, 0x0000, 0x0000, 0x0000, 0x0000, 0x0000, 0x0000,
    0x0000, 0x0000, 0x0000, 0x0000, 0x0000, 0x0000, 0x0000, 0x0000,
    0x0000, 0x0000, 0x0000, 0x0000, 0x0000, 0x0000, 0x0000, 0x0000,
    0x0000, 0x0000, 0x0000, 0x0000, 0x0000, 0x0000, 0x0000, 0x0000,
    0x0000, 0x0000, 0x0000, 0x0000, 0x0000, 0x0000, 0x0000, 0x0000,
    0x0000, 0x0000, 0x0000, 0x0000, 0x0000, 0x0000, 0x0000, 0x0000,
    0x0000, 0x0000, 0x0000, 0x0000, 0x0000, 0x0000, 0x0000, 0x0000,
    0x0000, 0x0000, 0x0000, 0x0000, 0x0000, 0x0000, 0x0000, 0x0000,
    0x0000, 0x0000, 0x0000, 0x0000, 0x0000, 0x0000, 0x0000, 0x0000,
    0x0000, 0x0000, 0x0000, 0x0000, 0x0000, 0x0000, 0x0000, 0x0000,
    0x0000, 0x0000, 0x0000, 0x0000, 0x0000, 0x0000, 0x0000, 0x0000,
    0x0000, 0x0000, 0x0000, 0x0000, 0x0000, 0x0000, 0x0000, 0x0000,
    0x0000, 0x0000, 0x0000, 0x0000, 0x0000, 0x0000, 0x0000, 0x0000,
    0x0000, 0x0000, 0x0000, 0x0000, 0x0000, 0x0000, 0x0000, 0x0000,
    0x0000, 0x0000, 0x0000, 0x0000, 0x0000, 0x0000, 0x0000, 0x0000,
    0x0000, 0x0000, 0x0000, 0x0000, 0x0000, 0x0000, 0x0000, 0x0000,
    0x0000, 0x0000, 0x0000, 0x0000, 0x0000, 0x0000, 0x0000, 0x0000,
    0x0000, 0x0000, 0x0000, 0x0000, 0x0020, 0x1082, 0x0861, 0x0861,
    0x2103, 0x7BEE, 0xAD53, 0xF77C, 0xFFFD, 0xFFDD, 0xFF9C, 0xFF7C,
    0xFF7C, 0xF75A, 0xF75A, 0xF75A, 0xF73A, 0xF73A, 0xF739, 0xF739,
    0xF739, 0xF739, 0xF739, 0xF719, 0xF719, 0xF719, 0xF739, 0xF739,
    0xF739, 0xF739, 0xF739, 0xF739, 0xF719, 0xF718, 0xF719, 0xEEF8,
    0xF718, 0xEEF8, 0xF739, 0xF719, 0xF718, 0xF6F8, 0xF718, 0xF739,
    0xF739, 0xF719, 0xF739, 0xF739, 0xF719, 0xF739, 0xF719, 0xF719,
    0xF739, 0xF719, 0xF739, 0xF75A, 0xF739, 0xF75A, 0xF75B, 0xF77B,
    0xF77B, 0xFF9C, 0xFF9C, 0xFFDD, 0xFFFE, 0xFFFE, 0xD698, 0x9CD2,
    0x4A27, 0x2104, 0x1081, 0x0841, 0x1082, 0x0000, 0x0000, 0x0000,
    0x0000, 0x0000, 0x0000, 0x0000, 0x0000, 0x0000, 0x0000, 0x0000,
    0x0000, 0x0000, 0x0000, 0x0000, 0x0000, 0x0000, 0x0000, 0x0000,
    0x0000, 0x0000, 0x0000, 0x0000, 0x0000, 0x0000, 0x0000, 0x0000,
    0x0000, 0x0000, 0x0000, 0x0000, 0x0000, 0x0000, 0x0000, 0x0000,
    0x0000, 0x0000, 0x0000, 0x0000, 0x0000, 0x0000, 0x0000, 0x0000,
    0x0000, 0x0000, 0x0000, 0x0000, 0x0000, 0x0000, 0x0000, 0x0000,
    0x0000, 0x0000, 0x0000, 0x0000, 0x0000, 0x0000, 0x0000, 0x0000,
    0x0000, 0x0000, 0x0000, 0x0000, 0x0000, 0x0000, 0x0000, 0x0000,
    0x0000, 0x0000, 0x0000, 0x0000, 0x0000, 0x0000, 0x0000, 0x0000,
    0x0000, 0x0000, 0x0000, 0x0000, 0x0000, 0x0000, 0x0000, 0x0000,
    0x0000, 0x0000, 0x0000, 0x0000, 0x0000, 0x0000, 0x0000, 0x0000,
    0x0000, 0x0000, 0x0000, 0x0000, 0x0000, 0x0000, 0x0000, 0x0000,
    0x0000, 0x0000, 0x0000, 0x0000, 0x0000, 0x0000, 0x0000, 0x0000,
    0x0000, 0x0000, 0x0000, 0x0000, 0x0000, 0x0000, 0x0000, 0x0000,
    0x0000, 0x0000, 0x0000, 0x0000, 0x0000, 0x0000, 0x0000, 0x0000,
    0x0000, 0x0000, 0x0000, 0x0000, 0x0000, 0x0000, 0x0000, 0x0000,
    0x0000, 0x0000, 0x0000, 0x0000, 0x0000, 0x0000, 0x0000, 0x0000,
    0x0000, 0x0000, 0x0000, 0x0000, 0x0000, 0x0000, 0x0000, 0x0000,
    0x0000, 0x0000, 0x0000, 0x0000, 0x0000, 0x0000, 0x0000, 0x0000,
    0x0000, 0x0000, 0x0000, 0x0000, 0x0000, 0x0000, 0x0000, 0x0000,
    0x0000, 0x0000, 0x0820, 0x0841, 0x0000, 0x10A1, 0x41E7, 0x7BAE,
    0xAD53, 0xEF3A, 0xFFDD, 0xFFFE, 0xFFBD, 0xFF7B, 0xF73A, 0xF73A,
    0xF75A, 0xF75A, 0xF759, 0xF719, 0xF73A, 0xF73A, 0xF739, 0xF718,
    0xF718, 0xF718, 0xF719, 0xF719, 0xF719, 0xF6F8, 0xF719, 0xF739,
    0xF739, 0xF719, 0xF718, 0xF739, 0xF6F9, 0xFF38, 0xF6F8, 0xEEF8,
    0xF718, 0xF718, 0xF739, 0xF6F9, 0xF718, 0xF6F8, 0xF718, 0xF739,
    0xF718, 0xF719, 0xF739, 0xF739, 0xF719, 0xF718, 0xF6F9, 0xF739,
    0xF718, 0xF718, 0xF719, 0xF75A, 0xF719, 0xF75A, 0xF75A, 0xF75A,
    0xF75A, 0xF75A, 0xF77A, 0xFF7B, 0xFFBD, 0xFFDD, 0xFFFE, 0xF75D,
    0xBDD5, 0x738D, 0x20E3, 0x0020, 0x0861, 0x0000, 0x0020, 0x0861,
    0x0020, 0x0000, 0x0000, 0x0000, 0x0000, 0x0000, 0x0000, 0x0000,
    0x0000, 0x0000, 0x0000, 0x0000, 0x0000, 0x0000, 0x0000, 0x0000,
    0x0000, 0x0000, 0x0000, 0x0000, 0x0000, 0x0000, 0x0000, 0x0000,
    0x0000, 0x0000, 0x0000, 0x0000, 0x0000, 0x0000, 0x0000, 0x0000,
    0x0000, 0x0000, 0x0000, 0x0000, 0x0000, 0x0000, 0x0000, 0x0000,
    0x0000, 0x0000, 0x0000, 0x0000, 0x0000, 0x0000, 0x0000, 0x0000,
    0x0000, 0x0000, 0x0000, 0x0000, 0x0000, 0x0000, 0x0000, 0x0000,
    0x0000, 0x0000, 0x0000, 0x0000, 0x0000, 0x0000, 0x0000, 0x0000,
    0x0000, 0x0000, 0x0000, 0x0000, 0x0000, 0x0000, 0x0000, 0x0000,
    0x0000, 0x0000, 0x0000, 0x0000, 0x0000, 0x0000, 0x0000, 0x0000,
    0x0000, 0x0000, 0x0000, 0x0000, 0x0000, 0x0000, 0x0000, 0x0000,
    0x0000, 0x0000, 0x0000, 0x0000, 0x0000, 0x0000, 0x0000, 0x0000,
    0x0000, 0x0000, 0x0000, 0x0000, 0x0000, 0x0000, 0x0000, 0x0000,
    0x0000, 0x0000, 0x0000, 0x0000, 0x0000, 0x0000, 0x0000, 0x0000,
    0x0000, 0x0000, 0x0000, 0x0000, 0x0000, 0x0000, 0x0000, 0x0000,
    0x0000, 0x0000, 0x0000, 0x0000, 0x0000, 0x0000, 0x0000, 0x0000,
    0x0000, 0x0000, 0x0000, 0x0000, 0x0000, 0x0000, 0x0000, 0x0000,
    0x0000, 0x0000, 0x0000, 0x0000, 0x0000, 0x0000, 0x0000, 0x0000,
    0x0000, 0x0000, 0x0000, 0x0000, 0x0000, 0x0000, 0x0000, 0x0000,
    0x0000, 0x0000, 0x0000, 0x0000, 0x0000, 0x0000, 0x0000, 0x0000,
    0x0020, 0x0061, 0x0020, 0x0020, 0x10A2, 0x5268, 0xB574, 0xEEFA,
    0xFFFE, 0xFFFE, 0xFFBC, 0xF73A, 0xF73A, 0xF73A, 0xF73A, 0xF73A,
    0xF75A, 0xF73A, 0xF739, 0xEEF8, 0xF719, 0xF739, 0xF719, 0xF719,
    0xF6F8, 0xEED8, 0xEED8, 0xEEF8, 0xF719, 0xF6F8, 0xEEF8, 0xF739,
    0xF719, 0xF719, 0xF6F8, 0xF719, 0xEEF8, 0xF6F8, 0xF6F8, 0xF719,
    0xF718, 0xF718, 0xF6F8, 0xF6F8, 0xF718, 0xF6F8, 0xEEF8, 0xF718,
    0xF6F8, 0xF719, 0xF719, 0xF739, 0xF719, 0xEEF7, 0xF6F8, 0xF739,
    0xF718, 0xF718, 0xF719, 0xF739, 0xF719, 0xF739, 0xF739, 0xF739,
    0xF75A, 0xF75A, 0xF77A, 0xF77B, 0xF75A, 0xF75A, 0xFF7C, 0xFFDE,
    0xFFDE, 0xDE98, 0x83EE, 0x39E6, 0x0881, 0x0840, 0x18C3, 0x10A2,
    0x0040, 0x0000, 0x0000, 0x0000, 0x0000, 0x0000, 0x0000, 0x0000,
    0x0000, 0x0000, 0x0000, 0x0000, 0x0000, 0x0000, 0x0000, 0x0000,
    0x0000, 0x0000, 0x0000, 0x0000, 0x0000, 0x0000, 0x0000, 0x0000,
    0x0000, 0x0000, 0x0000, 0x0000, 0x0000, 0x0000, 0x0000, 0x0000,
    0x0000, 0x0000, 0x0000, 0x0000, 0x0000, 0x0000, 0x0000, 0x0000,
    0x0000, 0x0000, 0x0000, 0x0000, 0x0000, 0x0000, 0x0000, 0x0000,
    0x0000, 0x0000, 0x0000, 0x0000, 0x0000, 0x0000, 0x0000, 0x0000,
    0x0000, 0x0000, 0x0000, 0x0000, 0x0000, 0x0000, 0x0000, 0x0000,
    0x0000, 0x0000, 0x0000, 0x0000, 0x0000, 0x0000, 0x0000, 0x0000,
    0x0000, 0x0000, 0x0000, 0x0000, 0x0000, 0x0000, 0x0000, 0x0000,
    0x0000, 0x0000, 0x0000, 0x0000, 0x0000, 0x0000, 0x0000, 0x0000,
    0x0000, 0x0000, 0x0000, 0x0000, 0x0000, 0x0000, 0x0000, 0x0000,
    0x0000, 0x0000, 0x0000, 0x0000, 0x0000, 0x0000, 0x0000, 0x0000,
    0x0000, 0x0000, 0x0000, 0x0000, 0x0000, 0x0000, 0x0000, 0x0000,
    0x0000, 0x0000, 0x0000, 0x0000, 0x0000, 0x0000, 0x0000, 0x0000,
    0x0000, 0x0000, 0x0000, 0x0000, 0x0000, 0x0000, 0x0000, 0x0000,
    0x0000, 0x0000, 0x0000, 0x0000, 0x0000, 0x0000, 0x0000, 0x0000,
    0x0000, 0x0000, 0x0000, 0x0000, 0x0000, 0x0000, 0x0000, 0x0000,
    0x0000, 0x0000, 0x0000, 0x0000, 0x0000, 0x0000, 0x0000, 0x0000,
    0x0000, 0x0000, 0x0000, 0x0000, 0x0000, 0x0000, 0x0000, 0x0000,
    0x0040, 0x0881, 0x10C2, 0x2123, 0x73CD, 0xBDB5, 0xFFFD, 0xFFBC,
    0xFF7C, 0xF73B, 0xF71A, 0xF73A, 0xF73A, 0xF73A, 0xF73A, 0xEF19,
    0xEF19, 0xF719, 0xF719, 0xEEF8, 0xEEF8, 0xF719, 0xEEF8, 0xF719,
    0xF719, 0xEED8, 0xEED7, 0xEED7, 0xEF19, 0xF718, 0xEEF8, 0xF718,
    0xEEF8, 0xF719, 0xEEF8, 0xF6F8, 0xEEF8, 0xEEB7, 0xF719, 0xF719,
    0xEEF8, 0xEEF7, 0xEED7, 0xF6F8, 0xF718, 0xEED7, 0xEED7, 0xF6F8,
    0xF6F8, 0xF718, 0xF6F8, 0xF718, 0xF6F8, 0xEEF7, 0xEEF7, 0xF6F8,
    0xF718, 0xF6F8, 0xF718, 0xF718, 0xF718, 0xF718, 0xF718, 0xF739,
    0xF75A, 0xF739, 0xF73A, 0xF75A, 0xF75A, 0xF75A, 0xF75B, 0xF75B,
    0xFF7C, 0xFFDE, 0xFF9D, 0xAD54, 0x5AAA, 0x3184, 0x2124, 0x0881,
    0x0000, 0x0000, 0x0000, 0x0000, 0x0000, 0x0000, 0x0000, 0x0000,
    0x0000, 0x0000, 0x0000, 0x0000, 0x0000, 0x0000, 0x0000, 0x0000,
    0x0000, 0x0000, 0x0000, 0x0000, 0x0000, 0x0000, 0x0000, 0x0000,
    0x0000, 0x0000, 0x0000, 0x0000, 0x0000, 0x0000, 0x0000, 0x0000,
    0x0000, 0x0000, 0x0000, 0x0000, 0x0000, 0x0000, 0x0000, 0x0000,
    0x0000, 0x0000, 0x0000, 0x0000, 0x0000, 0x0000, 0x0000, 0x0000,
    0x0000, 0x0000, 0x0000, 0x0000, 0x0000, 0x0000, 0x0000, 0x0000,
    0x0000, 0x0000, 0x0000, 0x0000, 0x0000, 0x0000, 0x0000, 0x0000,
    0x0000, 0x0000, 0x0000, 0x0000, 0x0000, 0x0000, 0x0000, 0x0000,
    0x0000, 0x0000, 0x0000, 0x0000, 0x0000, 0x0000, 0x0000, 0x0000,
    0x0000, 0x0000, 0x0000, 0x0000, 0x0000, 0x0000, 0x0000, 0x0000,
    0x0000, 0x0000, 0x0000, 0x0000, 0x0000, 0x0000, 0x0000, 0x0000,
    0x0000, 0x0000, 0x0000, 0x0000, 0x0000, 0x0000, 0x0000, 0x0000,
    0x0000, 0x0000, 0x0000, 0x0000, 0x0000, 0x0000, 0x0000, 0x0000,
    0x0000, 0x0000, 0x0000, 0x0000, 0x0000, 0x0000, 0x0000, 0x0000,
    0x0000, 0x0000, 0x0000, 0x0000, 0x0000, 0x0000, 0x0000, 0x0000,
    0x0000, 0x0000, 0x0000, 0x0000, 0x0000, 0x0000, 0x0000, 0x0000,
    0x0000, 0x0000, 0x0000, 0x0000, 0x0000, 0x0000, 0x0000, 0x0000,
    0x0000, 0x0000, 0x0000, 0x0000, 0x0000, 0x0000, 0x0000, 0x0000,
    0x0000, 0x0000, 0x0000, 0x0000, 0x0000, 0x0000, 0x0020, 0x0841,
    0x0881, 0x1081, 0x6B2B, 0xA4D2, 0xEF3A, 0xFF7C, 0xFF7B, 0xFF5B,
    0xF73A, 0xF75A, 0xF719, 0xF73A, 0xF75B, 0xF719, 0xF739, 0xEF18,
    0xEEF8, 0xEEF8, 0xEED8, 0xEF19, 0xF719, 0xEEF8, 0xEEF8, 0xEEF8,
    0xF719, 0xF719, 0xEF19, 0xEED7, 0xEEF8, 0xEEF8, 0xEEF8, 0xEED8,
    0xF6F8, 0xF6F8, 0xF719, 0xEEF8, 0xEEF8, 0xEEB7, 0xEEF8, 0xEED7,
    0xF6F8, 0xF6F8, 0xEED7, 0xF6F8, 0xEEF8, 0xEED7, 0xEEF7, 0xF6F7,
    0xEEF8, 0xEEF8, 0xEED7, 0xEED7, 0xEED7, 0xEEF8, 0xF6F7, 0xF6F8,
    0xF718, 0xF6F8, 0xEED7, 0xF718, 0xF718, 0xEEF8, 0xF718, 0xF718,
    0xF718, 0xF719, 0xF739, 0xF739, 0xF739, 0xF73A, 0xF75A, 0xF75B,
    0xF75B, 0xFF7C, 0xFFBD, 0xFF9D, 0xE6BA, 0x738D, 0x18C2, 0x10C2,
    0x0000, 0x0000, 0x0000, 0x0000, 0x0000, 0x0000, 0x0000, 0x0000,
    0x0000, 0x0000, 0x0000, 0x0000, 0x0000, 0x0000, 0x0000, 0x0000,
    0x0000, 0x0000, 0x0000, 0x0000, 0x0000, 0x0000, 0x0000, 0x0000,
    0x0000, 0x0000, 0x0000, 0x0000, 0x0000, 0x0000, 0x0000, 0x0000,
    0x0000, 0x0000, 0x0000, 0x0000, 0x0000, 0x0000, 0x0000, 0x0000,
    0x0000, 0x0000, 0x0000, 0x0000, 0x0000, 0x0000, 0x0000, 0x0000,
    0x0000, 0x0000, 0x0000, 0x0000, 0x0000, 0x0000, 0x0000, 0x0000,
    0x0000, 0x0000, 0x0000, 0x0000, 0x0000, 0x0000, 0x0000, 0x0000,
    0x0000, 0x0000, 0x0000, 0x0000, 0x0000, 0x0000, 0x0000, 0x0000,
    0x0000, 0x0000, 0x0000, 0x0000, 0x0000, 0x0000, 0x0000, 0x0000,
    0x0000, 0x0000, 0x0000, 0x0000, 0x0000, 0x0000, 0x0000, 0x0000,
    0x0000, 0x0000, 0x0000, 0x0000, 0x0000, 0x0000, 0x0000, 0x0000,
    0x0000, 0x0000, 0x0000, 0x0000, 0x0000, 0x0000, 0x0000, 0x0000,
    0x0000, 0x0000, 0x0000, 0x0000, 0x0000, 0x0000, 0x0000, 0x0000,
    0x0000, 0x0000, 0x0000, 0x0000, 0x0000, 0x0000, 0x0000, 0x0000,
    0x0000, 0x0000, 0x0000, 0x0000, 0x0000, 0x0000, 0x0000, 0x0000,
    0x0000, 0x0000, 0x0000, 0x0000, 0x0000, 0x0000, 0x0000, 0x0000,
    0x0000, 0x0000, 0x0000, 0x0000, 0x0000, 0x0000, 0x0000, 0x0000,
    0x0000, 0x0000, 0x0000, 0x0000, 0x0000, 0x0000, 0x0000, 0x0000,
    0x0000, 0x0000, 0x0000, 0x0000, 0x0020, 0x0881, 0x0000, 0x0862,
    0x4207, 0x9450, 0xCE37, 0xF77B, 0xFF9B, 0xFF9B, 0xEF19, 0xEF19,
    0xF719, 0xF73A, 0xF719, 0xF73A, 0xF75B, 0xF73A, 0xF739, 0xEF18,
    0xEEF8, 0xEEF8, 0xEED8, 0xF719, 0xF6F9, 0xEEF8, 0xEEF8, 0xEEF8,
    0xF6F9, 0xF6F8, 0xEEF9, 0xEEF8, 0xEED8, 0xEED8, 0xEEF8, 0xEED8,
    0xF6D8, 0xF6D7, 0xF719, 0xEEF8, 0xEEF8, 0xEED7, 0xEED7, 0xEED7,
    0xFEF8, 0xF718, 0xF6F8, 0xF6F8, 0xF718, 0xF718, 0xEEF7, 0xF6D7,
    0xEEF8, 0xEED8, 0xEEB7, 0xEED7, 0xEED7, 0xEED8, 0xFEF8, 0xF6F8,
    0xF718, 0xF6D8, 0xEEF7, 0xF718, 0xF718, 0xF6F8, 0xF718, 0xF6F7,
    0xF718, 0xF719, 0xF739, 0xF719, 0xF719, 0xF73A, 0xF73A, 0xF75B,
    0xF75A, 0xF75A, 0xFF5B, 0xFFBD, 0xFFFE, 0xD699, 0x842F, 0x2123,
    0x0000, 0x18C3, 0x0861, 0x0000, 0x0000, 0x0000, 0x0000, 0x0000,
    0x0000, 0x0000, 0x0000, 0x0000, 0x0000, 0x0000, 0x0000, 0x0000,
    0x0000, 0x0000, 0x0000, 0x0000, 0x0000, 0x0000, 0x0000, 0x0000,
    0x0000, 0x0000, 0x0000, 0x0000, 0x0000, 0x0000, 0x0000, 0x0000,
    0x0000, 0x0000, 0x0000, 0x0000, 0x0000, 0x0000, 0x0000, 0x0000,
    0x0000, 0x0000, 0x0000, 0x0000, 0x0000, 0x0000, 0x0000, 0x0000,
    0x0000, 0x0000, 0x0000, 0x0000, 0x0000, 0x0000, 0x0000, 0x0000,
    0x0000, 0x0000, 0x0000, 0x0000, 0x0000, 0x0000, 0x0000, 0x0000,
    0x0000, 0x0000, 0x0000, 0x0000, 0x0000, 0x0000, 0x0000, 0x0000,
    0x0000, 0x0000, 0x0000, 0x0000, 0x0000, 0x0000, 0x0000, 0x0000,
    0x0000, 0x0000, 0x0000, 0x0000, 0x0000, 0x0000, 0x0000, 0x0000,
    0x0000, 0x0000, 0x0000, 0x0000, 0x0000, 0x0000, 0x0000, 0x0000,
    0x0000, 0x0000, 0x0000, 0x0000, 0x0000, 0x0000, 0x0000, 0x0000,
    0x0000, 0x0000, 0x0000, 0x0000, 0x0000, 0x0000, 0x0000, 0x0000,
    0x0000, 0x0000, 0x0000, 0x0000, 0x0000, 0x0000, 0x0000, 0x0000,
    0x0000, 0x0000, 0x0000, 0x0000, 0x0000, 0x0000, 0x0000, 0x0000,
    0x0000, 0x0000, 0x0000, 0x0000, 0x0000, 0x0000, 0x0000, 0x0000,
    0x0000, 0x0000, 0x0000, 0x0000, 0x0000, 0x0000, 0x0000, 0x0000,
    0x0000, 0x0000, 0x0000, 0x0000, 0x0000, 0x0000, 0x0000, 0x0000,
    0x0000, 0x0000, 0x0020, 0x0020, 0x0881, 0x0860, 0x18A2, 0x5AAA,
    0xB574, 0xFF9C, 0xFF9D, 0xFF9C, 0xEEF9, 0xF719, 0xEF19, 0xEF19,
    0xF739, 0xF719, 0xF719, 0xF719, 0xF719, 0xF73A, 0xEF19, 0xEEF8,
    0xEEF8, 0xEEF8, 0xEED8, 0xF6F9, 0xEED8, 0xEEF8, 0xEEF8, 0xEEF8,
    0xEEF8, 0xEED7, 0xEED8, 0xEEF8, 0xEED8, 0xEEB7, 0xEED7, 0xEEB7,
    0xEED7, 0xEED7, 0xEED8, 0xEEF8, 0xEEF8, 0xEED7, 0xEED7, 0xEED7,
    0xF6F8, 0xF718, 0xF6F8, 0xF6F8, 0xF718, 0xF718, 0xEED7, 0xEEB7,
    0xEED7, 0xEED7, 0xEED8, 0xEEF8, 0xEED7, 0xEED7, 0xF6F8, 0xF6F8,
    0xF718, 0xF6F7, 0xF6F7, 0xF718, 0xF718, 0xFEF8, 0xF6F8, 0xF6F7,
    0xF718, 0xF718, 0xF719, 0xF719, 0xF719, 0xF739, 0xF73A, 0xF75A,
    0xF75A, 0xF75A, 0xF75A, 0xF73A, 0xFF7C, 0xFFFE, 0xEF7C, 0x8430,
    0x2144, 0x18C3, 0x10E3, 0x0000, 0x0000, 0x0000, 0x0000, 0x0000,
    0x0000, 0x0000, 0x0000, 0x0000, 0x0000, 0x0000, 0x0000, 0x0000,
    0x0000, 0x0000, 0x0000, 0x0000, 0x0000, 0x0000, 0x0000, 0x0000,
    0x0000, 0x0000, 0x0000, 0x0000, 0x0000, 0x0000, 0x0000, 0x0000,
    0x0000, 0x0000, 0x0000, 0x0000, 0x0000, 0x0000, 0x0000, 0x0000,
    0x0000, 0x0000, 0x0000, 0x0000, 0x0000, 0x0000, 0x0000, 0x0000,
    0x0000, 0x0000, 0x0000, 0x0000, 0x0000, 0x0000, 0x0000, 0x0000,
    0x0000, 0x0000, 0x0000, 0x0000, 0x0000, 0x0000, 0x0000, 0x0000,
    0x0000, 0x0000, 0x0000, 0x0000, 0x0000, 0x0000, 0x0000, 0x0000,
    0x0000, 0x0000, 0x0000, 0x0000, 0x0000, 0x0000, 0x0000, 0x0000,
    0x0000, 0x0000, 0x0000, 0x0000, 0x0000, 0x0000, 0x0000, 0x0000,
    0x0000, 0x0000, 0x0000, 0x0000, 0x0000, 0x0000, 0x0000, 0x0000,
    0x0000, 0x0000, 0x0000, 0x0000, 0x0000, 0x0000, 0x0000, 0x0000,
    0x0000, 0x0000, 0x0000, 0x0000, 0x0000, 0x0000, 0x0000, 0x0000,
    0x0000, 0x0000, 0x0000, 0x0000, 0x0000, 0x0000, 0x0000, 0x0000,
    0x0000, 0x0000, 0x0000, 0x0000, 0x0000, 0x0000, 0x0000, 0x0000,
    0x0000, 0x0000, 0x0000, 0x0000, 0x0000, 0x0000, 0x0000, 0x0000,
    0x0000, 0x0000, 0x0000, 0x0000, 0x0000, 0x0000, 0x0000, 0x0000,
    0x0000, 0x0000, 0x0000, 0x0000, 0x0000, 0x0000, 0x0000, 0x0000,
    0x0000, 0x0000, 0x0861, 0x1082, 0x18C2, 0x2103, 0x7BCE, 0xCE38,
    0xFFFE, 0xFF9C, 0xF75B, 0xEF1A, 0xEF19, 0xEF19, 0xEEF8, 0xEEF8,
    0xF739, 0xEEF8, 0xEEF8, 0xEEF8, 0xEEF8, 0xEEF8, 0xEEF8, 0xEED8,
    0xEEF8, 0xEED7, 0xEED7, 0xEED8, 0xEED7, 0xEED7, 0xEED8, 0xEEF8,
    0xEEF8, 0xEED8, 0xEEF8, 0xEED7, 0xEED7, 0xEEB7, 0xEEB6, 0xEE96,
    0xEED7, 0xEED7, 0xEEB7, 0xEED7, 0xEEB7, 0xEED7, 0xEED7, 0xEED7,
    0xEEF7, 0xF6F8, 0xEEF7, 0xF6F7, 0xEEF8, 0xEED7, 0xEEB6, 0xEEB6,
    0xEEB7, 0xEED7, 0xEEF8, 0xEEF8, 0xEED7, 0xEED6, 0xEED7, 0xF6D7,
    0xF6F8, 0xF6F7, 0xF6F7, 0xF6F8, 0xF6F8, 0xF6F7, 0xF6F8, 0xF718,
    0xF718, 0xF6F8, 0xEEF8, 0xF718, 0xF719, 0xF719, 0xF739, 0xF73A,
    0xF75A, 0xF739, 0xF75A, 0xF75A, 0xF75B, 0xFF7C, 0xFFDE, 0xFFBE,
    0x8C90, 0x31C6, 0x1903, 0x0000, 0x0000, 0x0000, 0x0000, 0x0000,
    0x0000, 0x0000, 0x0000, 0x0000, 0x0000, 0x0000, 0x0000, 0x0000,
    0x0000, 0x0000, 0x0000, 0x0000, 0x0000, 0x0000, 0x0000, 0x0000,
    0x0000, 0x0000, 0x0000, 0x0000, 0x0000, 0x0000, 0x0000, 0x0000,
    0x0000, 0x0000, 0x0000, 0x0000, 0x0000, 0x0000, 0x0000, 0x0000,
    0x0000, 0x0000, 0x0000, 0x0000, 0x0000, 0x0000, 0x0000, 0x0000,
    0x0000, 0x0000, 0x0000, 0x0000, 0x0000, 0x0000, 0x0000, 0x0000,
    0x0000, 0x0000, 0x0000, 0x0000, 0x0000, 0x0000, 0x0000, 0x0000,
    0x0000, 0x0000, 0x0000, 0x0000, 0x0000, 0x0000, 0x0000, 0x0000,
    0x0000, 0x0000, 0x0000, 0x0000, 0x0000, 0x0000, 0x0000, 0x0000,
    0x0000, 0x0000, 0x0000, 0x0000, 0x0000, 0x0000, 0x0000, 0x0000,
    0x0000, 0x0000, 0x0000, 0x0000, 0x0000, 0x0000, 0x0000, 0x0000,
    0x0000, 0x0000, 0x0000, 0x0000, 0x0000, 0x0000, 0x0000, 0x0000,
    0x0000, 0x0000, 0x0000, 0x0000, 0x0000, 0x0000, 0x0000, 0x0000,
    0x0000, 0x0000, 0x0000, 0x0000, 0x0000, 0x0000, 0x0000, 0x0000,
    0x0000, 0x0000, 0x0000, 0x0000, 0x0000, 0x0000, 0x0000, 0x0000,
    0x0000, 0x0000, 0x0000, 0x0000, 0x0000, 0x0000, 0x0000, 0x0000,
    0x0000, 0x0000, 0x0000, 0x0000, 0x0000, 0x0000, 0x0000, 0x0000,
    0x0000, 0x0000, 0x0000, 0x0000, 0x0000, 0x0000, 0x0000, 0x0000,
    0x0000, 0x0000, 0x0881, 0x10C3, 0x3165, 0x9450, 0xEF5B, 0xFFDE,
    0xFF7C, 0xF75A, 0xF73A, 0xF73A, 0xEEF8, 0xEEF8, 0xEEF9, 0xEEF9,
    0xEEF8, 0xEEF8, 0xEEF8, 0xEF19, 0xEEF8, 0xEEF8, 0xEEF8, 0xEED7,
    0xEED7, 0xEEB7, 0xEEB7, 0xEED7, 0xEED7, 0xE675, 0xEEB7, 0xEED7,
    0xEEF8, 0xEED8, 0xEED7, 0xEEF8, 0xEEF7, 0xEEB7, 0xEED7, 0xEEB6,
    0xEEB7, 0xEED7, 0xEEB6, 0xEEB6, 0xEE95, 0xEEB6, 0xEEB6, 0xEEB6,
    0xEED7, 0xF6F8, 0xEED7, 0xEEB6, 0xEEF7, 0xEED7, 0xEEB6, 0xEEB6,
    0xEEB6, 0xEED7, 0xEED7, 0xEED7, 0xEED7, 0xEED7, 0xEED6, 0xEED7,
    0xF6F7, 0xEEB6, 0xEED7, 0xF6F7, 0xF6F7, 0xEED7, 0xF718, 0xF6F8,
    0xEEF7, 0xF6F8, 0xF718, 0xF6F8, 0xF718, 0xF718, 0xF718, 0xF739,
    0xF739, 0xF739, 0xF73A, 0xF75A, 0xF75A, 0xF77B, 0xFF9C, 0xFFBD,
    0xF79D, 0xB5B5, 0x31A5, 0x0000, 0x0000, 0x0000, 0x0841, 0x0000,
    0x0000, 0x0000, 0x0000, 0x0000, 0x0000, 0x0000, 0x0000, 0x0000,
    0x0000, 0x0000, 0x0000, 0x0000, 0x0000, 0x0000, 0x0000, 0x0000,
    0x0000, 0x0000, 0x0000, 0x0000, 0x0000, 0x0000, 0x0000, 0x0000,
    0x0000, 0x0000, 0x0000, 0x0000, 0x0000, 0x0000, 0x0000, 0x0000,
    0x0000, 0x0000, 0x0000, 0x0000, 0x0000, 0x0000, 0x0000, 0x0000,
    0x0000, 0x0000, 0x0000, 0x0000, 0x0000, 0x0000, 0x0000, 0x0000,
    0x0000, 0x0000, 0x0000, 0x0000, 0x0000, 0x0000, 0x0000, 0x0000,
    0x0000, 0x0000, 0x0000, 0x0000, 0x0000, 0x0000, 0x0000, 0x0000,
    0x0000, 0x0000, 0x0000, 0x0000, 0x0000, 0x0000, 0x0000, 0x0000,
    0x0000, 0x0000, 0x0000, 0x0000, 0x0000, 0x0000, 0x0000, 0x0000,
    0x0000, 0x0000, 0x0000, 0x0000, 0x0000, 0x0000, 0x0000, 0x0000,
    0x0000, 0x0000, 0x0000, 0x0000, 0x0000, 0x0000, 0x0000, 0x0000,
    0x0000, 0x0000, 0x0000, 0x0000, 0x0000, 0x0000, 0x0000, 0x0000,
    0x0000, 0x0000, 0x0000, 0x0000, 0x0000, 0x0000, 0x0000, 0x0000,
    0x0000, 0x0000, 0x0000, 0x0000, 0x0000, 0x0000, 0x0000, 0x0000,
    0x0000, 0x0000, 0x0000, 0x0000, 0x0000, 0x0000, 0x0000, 0x0000,
    0x0000, 0x0000, 0x0000, 0x0000, 0x0000, 0x0000, 0x0000, 0x0000,
    0x0000, 0x0000, 0x0000, 0x0000, 0x0000, 0x0000, 0x0000, 0x0000,
    0x0000, 0x0020, 0x0000, 0x2965, 0xAD33, 0xEF5B, 0xFFDD, 0xFF9C,
    0xF73A, 0xEF3A, 0xF71A, 0xF73A, 0xEEF8, 0xEEF8, 0xEF19, 0xEEF9,
    0xEED8, 0xEEF8, 0xEEF8, 0xEEF8, 0xEED8, 0xEEF8, 0xEEF8, 0xEED7,
    0xEED7, 0xEED8, 0xEED7, 0xEED6, 0xEED7, 0xEE96, 0xEEB6, 0xEEB6,
    0xEED7, 0xEEB7, 0xEED7, 0xEEF8, 0xEED7, 0xEE97, 0xEED8, 0xEEB7,
    0xEED7, 0xEED7, 0xEED7, 0xEED7, 0xEEB5, 0xEE95, 0xEE96, 0xEED7,
    0xEED7, 0xF6F8, 0xEED7, 0xEE95, 0xEED7, 0xEED7, 0xEEB6, 0xEEB6,
    0xEED7, 0xEED7, 0xEEB6, 0xEEB6, 0xEED6, 0xEEB7, 0xEED6, 0xEEF7,
    0xF6D7, 0xEED6, 0xF6F7, 0xF6D7, 0xF6F7, 0xF6F7, 0xF6F8, 0xF6F8,
    0xEEF7, 0xF6F8, 0xFF18, 0xF6F8, 0xF718, 0xF718, 0xF718, 0xF739,
    0xF719, 0xF739, 0xF73A, 0xF73A, 0xF75A, 0xF77B, 0xF77B, 0xFF7B,
    0xFFDE, 0xFFDE, 0xA533, 0x2945, 0x0020, 0x10A2, 0x0020, 0x0000,
    0x0000, 0x0000, 0x0000, 0x0000, 0x0000, 0x0000, 0x0000, 0x0000,
    0x0000, 0x0000, 0x0000, 0x0000, 0x0000, 0x0000, 0x0000, 0x0000,
    0x0000, 0x0000, 0x0000, 0x0000, 0x0000, 0x0000, 0x0000, 0x0000,
    0x0000, 0x0000, 0x0000, 0x0000, 0x0000, 0x0000, 0x0000, 0x0000,
    0x0000, 0x0000, 0x0000, 0x0000, 0x0000, 0x0000, 0x0000, 0x0000,
    0x0000, 0x0000, 0x0000, 0x0000, 0x0000, 0x0000, 0x0000, 0x0000,
    0x0000, 0x0000, 0x0000, 0x0000, 0x0000, 0x0000, 0x0000, 0x0000,
    0x0000, 0x0000, 0x0000, 0x0000, 0x0000, 0x0000, 0x0000, 0x0000,
    0x0000, 0x0000, 0x0000, 0x0000, 0x0000, 0x0000, 0x0000, 0x0000,
    0x0000, 0x0000, 0x0000, 0x0000, 0x0000, 0x0000, 0x0000, 0x0000,
    0x0000, 0x0000, 0x0000, 0x0000, 0x0000, 0x0000, 0x0000, 0x0000,
    0x0000, 0x0000, 0x0000, 0x0000, 0x0000, 0x0000, 0x0000, 0x0000,
    0x0000, 0x0000, 0x0000, 0x0000, 0x0000, 0x0000, 0x0000, 0x0000,
    0x0000, 0x0000, 0x0000, 0x0000, 0x0000, 0x0000, 0x0000, 0x0000,
    0x0000, 0x0000, 0x0000, 0x0000, 0x0000, 0x0000, 0x0000, 0x0000,
    0x0000, 0x0000, 0x0000, 0x0000, 0x0000, 0x0000, 0x0000, 0x0000,
    0x0000, 0x0000, 0x0000, 0x0000, 0x0000, 0x0000, 0x0000, 0x0000,
    0x0000, 0x0000, 0x0000, 0x0000, 0x0000, 0x0000, 0x0000, 0x0040,
    0x0000, 0x0000, 0x2124, 0x8C50, 0xFFDD, 0xFFDD, 0xEF1A, 0xEF1A,
    0xF73A, 0xEF3A, 0xEF1A, 0xEF19, 0xEEF8, 0xEEF8, 0xEF19, 0xEEF8,
    0xEED8, 0xEEF8, 0xEEF8, 0xEED7, 0xEED7, 0xEED8, 0xEED7, 0xEED7,
    0xEEB7, 0xEED8, 0xEED8, 0xEEB6, 0xEED7, 0xEEB6, 0xEEB6, 0xEEB6,
    0xEEB6, 0xEEB6, 0xEEB7, 0xEED7, 0xEEB6, 0xEE95, 0xEE96, 0xEEB7,
    0xEED7, 0xEED7, 0xEED7, 0xEED7, 0xEED7, 0xEE95, 0xEE96, 0xEED7,
    0xEED7, 0xEEB7, 0xEED7, 0xEEB6, 0xEED7, 0xEED7, 0xEEB7, 0xEEB6,
    0xEED7, 0xEED7, 0xEEB6, 0xEEB6, 0xEED6, 0xEEB6, 0xEED7, 0xEEF7,
    0xEED7, 0xEED6, 0xFEF8, 0xEED7, 0xF6F7, 0xFEF7, 0xEED7, 0xF6F7,
    0xEEF7, 0xF6F8, 0xF6F8, 0xF6F8, 0xF718, 0xF718, 0xF718, 0xF739,
    0xF719, 0xF739, 0xF739, 0xF73A, 0xF75A, 0xF75A, 0xF77B, 0xF77B,
    0xF73B, 0xFFDE, 0xFFDE, 0xA513, 0x41E6, 0x10A2, 0x0020, 0x0040,
    0x0000, 0x0000, 0x0000, 0x0000, 0x0000, 0x0000, 0x0000, 0x0000,
    0x0000, 0x0000, 0x0000, 0x0000, 0x0000, 0x0000, 0x0000, 0x0000,
    0x0000, 0x0000, 0x0000, 0x0000, 0x0000, 0x0000, 0x0000, 0x0000,
    0x0000, 0x0000, 0x0000, 0x0000, 0x0000, 0x0000, 0x0000, 0x0000,
    0x0000, 0x0000, 0x0000, 0x0000, 0x0000, 0x0000, 0x0000, 0x0000,
    0x0000, 0x0000, 0x0000, 0x0000, 0x0000, 0x0000, 0x0000, 0x0000,
    0x0000, 0x0000, 0x0000, 0x0000, 0x0000, 0x0000, 0x0000, 0x0000,
    0x0000, 0x0000, 0x0000, 0x0000, 0x0000, 0x0000, 0x0000, 0x0000,
    0x0000, 0x0000, 0x0000, 0x0000, 0x0000, 0x0000, 0x0000, 0x0000,
    0x0000, 0x0000, 0x0000, 0x0000, 0x0000, 0x0000, 0x0000, 0x0000,
    0x0000, 0x0000, 0x0000, 0x0000, 0x0000, 0x0000, 0x0000, 0x0000,
    0x0000, 0x0000, 0x0000, 0x0000, 0x0000, 0x0000, 0x0000, 0x0000,
    0x0000, 0x0000, 0x0000, 0x0000, 0x0000, 0x0000, 0x0000, 0x0000,
    0x0000, 0x0000, 0x0000, 0x0000, 0x0000, 0x0000, 0x0000, 0x0000,
    0x0000, 0x0000, 0x0000, 0x0000, 0x0000, 0x0000, 0x0000, 0x0000,
    0x0000, 0x0000, 0x0000, 0x0000, 0x0000, 0x0000, 0x0000, 0x0000,
    0x0000, 0x0000, 0x0000, 0x0000, 0x0000, 0x0000, 0x0000, 0x0000,
    0x0000, 0x0000, 0x0000, 0x0000, 0x0000, 0x0020, 0x0841, 0x10A1,
    0x10C2, 0x2924, 0x9CF2, 0xFFBD, 0xFF7C, 0xEEFA, 0xEF1A, 0xEF1A,
    0xEF3A, 0xEF19, 0xEEF9, 0xEEF8, 0xEED7, 0xEED7, 0xEED7, 0xEED7,
    0xEED7, 0xEED7, 0xEED7, 0xEED8, 0xEED7, 0xEEB7, 0xEEB7, 0xEED7,
    0xE696, 0xEED7, 0xEED8, 0xEE96, 0xEE96, 0xE675, 0xE675, 0xEEB6,
    0xEEB6, 0xEEB6, 0xE696, 0xEEB6, 0xEEB6, 0xE695, 0xE675, 0xEE96,
    0xEED7, 0xEEB6, 0xEEB6, 0xEED7, 0xEED7, 0xEE96, 0xEE95, 0xEED7,
    0xEEB6, 0xEE96, 0xEED7, 0xEED7, 0xEED7, 0xEEB6, 0xEED7, 0xEEB6,
    0xEED7, 0xEEB6, 0xEEB6, 0xEED7, 0xEED7, 0xEEB6, 0xEED7, 0xEED7,
    0xEED7, 0xEED7, 0xF6F8, 0xEED7, 0xF6D7, 0xF6D7, 0xEED6, 0xEEF7,
    0xEED7, 0xEEF7, 0xEED7, 0xF6F7, 0xF6F7, 0xF6F8, 0xF718, 0xF719,
    0xF719, 0xF718, 0xF719, 0xF739, 0xF739, 0xF739, 0xF75A, 0xF77B,
    0xFF7B, 0xF75B, 0xFFBD, 0xFFFF, 0xAD33, 0x3165, 0x1082, 0x10A2,
    0x0821, 0x0000, 0x0000, 0x0000, 0x0000, 0x0000, 0x0000, 0x0000,
    0x0000, 0x0000, 0x0000, 0x0000, 0x0000, 0x0000, 0x0000, 0x0000,
    0x0000, 0x0000, 0x0000, 0x0000, 0x0000, 0x0000, 0x0000, 0x0000,
    0x0000, 0x0000, 0x0000, 0x0000, 0x0000, 0x0000, 0x0000, 0x0000,
    0x0000, 0x0000, 0x0000, 0x0000, 0x0000, 0x0000, 0x0000, 0x0000,
    0x0000, 0x0000, 0x0000, 0x0000, 0x0000, 0x0000, 0x0000, 0x0000,
    0x0000, 0x0000, 0x0000, 0x0000, 0x0000, 0x0000, 0x0000, 0x0000,
    0x0000, 0x0000, 0x0000, 0x0000, 0x0000, 0x0000, 0x0000, 0x0000,
    0x0000, 0x0000, 0x0000, 0x0000, 0x0000, 0x0000, 0x0000, 0x0000,
    0x0000, 0x0000, 0x0000, 0x0000, 0x0000, 0x0000, 0x0000, 0x0000,
    0x0000, 0x0000, 0x0000, 0x0000, 0x0000, 0x0000, 0x0000, 0x0000,
    0x0000, 0x0000, 0x0000, 0x0000, 0x0000, 0x0000, 0x0000, 0x0000,
    0x0000, 0x0000, 0x0000, 0x0000, 0x0000, 0x0000, 0x0000, 0x0000,
    0x0000, 0x0000, 0x0000, 0x0000, 0x0000, 0x0000, 0x0000, 0x0000,
    0x0000, 0x0000, 0x0000, 0x0000, 0x0000, 0x0000, 0x0000, 0x0000,
    0x0000, 0x0000, 0x0000, 0x0000, 0x0000, 0x0000, 0x0000, 0x0000,
    0x0000, 0x0000, 0x0000, 0x0000, 0x0000, 0x0000, 0x0000, 0x0000,
    0x0000, 0x0000, 0x0000, 0x0000, 0x0000, 0x1082, 0x18E3, 0x1081,
    0x4A68, 0xC5F7, 0xFF9D, 0xFFBD, 0xF75A, 0xEF19, 0xEF19, 0xEF19,
    0xEEF8, 0xEED8, 0xE6B7, 0xE676, 0xE696, 0xE6B7, 0xE696, 0xE6B6,
    0xEEB7, 0xE6B7, 0xE676, 0xE696, 0xE696, 0xEED8, 0xEEB7, 0xEEB7,
    0xEEB7, 0xEEB6, 0xEEB6, 0xE695, 0xE675, 0xE675, 0xE654, 0xE675,
    0xEE96, 0xEEB7, 0xEEB6, 0xE696, 0xEED7, 0xE696, 0xEE96, 0xEE96,
    0xEED7, 0xEEB6, 0xEEB6, 0xEE96, 0xE695, 0xEE95, 0xE695, 0xEEB6,
    0xEED7, 0xEEB6, 0xEEB6, 0xEED7, 0xEED7, 0xEED7, 0xEED6, 0xEEB6,
    0xEEB6, 0xEEB5, 0xEEB6, 0xF6D7, 0xEED7, 0xEEB6, 0xEED6, 0xEEB6,
    0xEED7, 0xEED7, 0xEED6, 0xEED7, 0xF6D7, 0xEEB6, 0xEED7, 0xEED7,
    0xEEF7, 0xF6F8, 0xEED7, 0xEED7, 0xF6F7, 0xF6F8, 0xF6F8, 0xF718,
    0xF718, 0xF6F8, 0xF718, 0xF718, 0xF719, 0xF739, 0xF73A, 0xF75A,
    0xF75A, 0xF77B, 0xF79C, 0xFFBD, 0xFF7C, 0x9C91, 0x2924, 0x1082,
    0x0841, 0x0000, 0x0000, 0x0000, 0x0000, 0x0000, 0x0000, 0x0000,
    0x0000, 0x0000, 0x0000, 0x0000, 0x0000, 0x0000, 0x0000, 0x0000,
    0x0000, 0x0000, 0x0000, 0x0000, 0x0000, 0x0000, 0x0000, 0x0000,
    0x0000, 0x0000, 0x0000, 0x0000, 0x0000, 0x0000, 0x0000, 0x0000,
    0x0000, 0x0000, 0x0000, 0x0000, 0x0000, 0x0000, 0x0000, 0x0000,
    0x0000, 0x0000, 0x0000, 0x0000, 0x0000, 0x0000, 0x0000, 0x0000,
    0x0000, 0x0000, 0x0000, 0x0000, 0x0000, 0x0000, 0x0000, 0x0000,
    0x0000, 0x0000, 0x0000, 0x0000, 0x0000, 0x0000, 0x0000, 0x0000,
    0x0000, 0x0000, 0x0000, 0x0000, 0x0000, 0x0000, 0x0000, 0x0000,
    0x0000, 0x0000, 0x0000, 0x0000, 0x0000, 0x0000, 0x0000, 0x0000,
    0x0000, 0x0000, 0x0000, 0x0000, 0x0000, 0x0000, 0x0000, 0x0000,
    0x0000, 0x0000, 0x0000, 0x0000, 0x0000, 0x0000, 0x0000, 0x0000,
    0x0000, 0x0000, 0x0000, 0x0000, 0x0000, 0x0000, 0x0000, 0x0000,
    0x0000, 0x0000, 0x0000, 0x0000, 0x0000, 0x0000, 0x0000, 0x0000,
    0x0000, 0x0000, 0x0000, 0x0000, 0x0000, 0x0000, 0x0000, 0x0000,
    0x0000, 0x0000, 0x0000, 0x0000, 0x0000, 0x0000, 0x0000, 0x0000,
    0x0000, 0x0000, 0x0000, 0x0000, 0x0000, 0x0000, 0x0000, 0x0000,
    0x0000, 0x0000, 0x0000, 0x0000, 0x0000, 0x0861, 0x0040, 0x3185,
    0xB574, 0xFFFE, 0xFFBD, 0xF73B, 0xEF19, 0xEEF9, 0xEF19, 0xEF18,
    0xEED8, 0xEEF8, 0xEED8, 0xE676, 0xE675, 0xE696, 0xE675, 0xE696,
    0xEEB7, 0xE696, 0xE675, 0xE675, 0xEEB7, 0xEED8, 0xEEB7, 0xEEB7,
    0xF6D7, 0xEED7, 0xEEB6, 0xE695, 0xEE95, 0xEE96, 0xE674, 0xE655,
    0xEE75, 0xEE97, 0xEEB7, 0xE696, 0xEED7, 0xEEB6, 0xEEB6, 0xEEB6,
    0xEEB6, 0xEED7, 0xEEB6, 0xEE96, 0xEEB6, 0xE675, 0xE695, 0xEEB6,
    0xEED7, 0xEEB6, 0xEEB6, 0xEEB6, 0xEED7, 0xEED7, 0xEEB6, 0xEED6,
    0xEED7, 0xEEB6, 0xEEB6, 0xF6B6, 0xEED7, 0xEEB7, 0xEED7, 0xEEB6,
    0xEED7, 0xEED6, 0xEED6, 0xEED6, 0xF6B6, 0xEED6, 0xEED7, 0xEED6,
    0xEEF7, 0xF6F8, 0xEED7, 0xF6F7, 0xF6F7, 0xF6F8, 0xF6F8, 0xF6F8,
    0xF718, 0xF718, 0xF718, 0xF718, 0xF719, 0xF719, 0xF73A, 0xF73A,
    0xF75A, 0xF77B, 0xF77B, 0xF77B, 0xFFBD, 0xEF7C, 0x630B, 0x18C3,
    0x0020, 0x0000, 0x0000, 0x0000, 0x0000, 0x0000, 0x0000, 0x0000,
    0x0000, 0x0000, 0x0000, 0x0000, 0x0000, 0x0000, 0x0000, 0x0000,
    0x0000, 0x0000, 0x0000, 0x0000, 0x0000, 0x0000, 0x0000, 0x0000,
    0x0000, 0x0000, 0x0000, 0x0000, 0x0000, 0x0000, 0x0000, 0x0000,
    0x0000, 0x0000, 0x0000, 0x0000, 0x0000, 0x0000, 0x0000, 0x0000,
    0x0000, 0x0000, 0x0000, 0x0000, 0x0000, 0x0000, 0x0000, 0x0000,
    0x0000, 0x0000, 0x0000, 0x0000, 0x0000, 0x0000, 0x0000, 0x0000,
    0x0000, 0x0000, 0x0000, 0x0000, 0x0000, 0x0000, 0x0000, 0x0000,
    0x0000, 0x0000, 0x0000, 0x0000, 0x0000, 0x0000, 0x0000, 0x0000,
    0x0000, 0x0000, 0x0000, 0x0000, 0x0000, 0x0000, 0x0000, 0x0000,
    0x0000, 0x0000, 0x0000, 0x0000, 0x0000, 0x0000, 0x0000, 0x0000,
    0x0000, 0x0000, 0x0000, 0x0000, 0x0000, 0x0000, 0x0000, 0x0000,
    0x0000, 0x0000, 0x0000, 0x0000, 0x0000, 0x0000, 0x0000, 0x0000,
    0x0000, 0x0000, 0x0000, 0x0000, 0x0000, 0x0000, 0x0000, 0x0000,
    0x0000, 0x0000, 0x0000, 0x0000, 0x0000, 0x0000, 0x0000, 0x0000,
    0x0000, 0x0000, 0x0000, 0x0000, 0x0000, 0x0000, 0x0000, 0x0000,
    0x0000, 0x0000, 0x0000, 0x0000, 0x0000, 0x0000, 0x0000, 0x0000,
    0x0000, 0x0000, 0x0000, 0x0861, 0x0020, 0x0000, 0x0861, 0x9491,
    0xF79C, 0xFFBC, 0xF73A, 0xEF19, 0xEF19, 0xF71A, 0xEEF9, 0xEEF8,
    0xEED8, 0xEEF8, 0xEEF8, 0xE6B7, 0xE696, 0xE676, 0xE696, 0xE697,
    0xE6B6, 0xEE96, 0xE675, 0xE655, 0xF6B8, 0xEED8, 0xEE96, 0xEEB5,
    0xEE95, 0xEED7, 0xEEB6, 0xE675, 0xEEB7, 0xEEB7, 0xEEB6, 0xE675,
    0xE674, 0xEE96, 0xEEB7, 0xEEB7, 0xEEB7, 0xEE96, 0xE675, 0xEEB6,
    0xEE95, 0xEED7, 0xEEB6, 0xEE96, 0xF6D8, 0xEE96, 0xE675, 0xEEB6,
    0xEEB6, 0xEEB6, 0xEEB6, 0xEE96, 0xEE95, 0xEEB5, 0xEEB6, 0xEED6,
    0xEED7, 0xEEB6, 0xEEB6, 0xEE95, 0xEED7, 0xEED7, 0xEED7, 0xEED7,
    0xEEB6, 0xEEB6, 0xEED7, 0xEED6, 0xEEB6, 0xEED7, 0xEED6, 0xEED6,
    0xEEF7, 0xEEF7, 0xF6D7, 0xFEF7, 0xF6F7, 0xF6F7, 0xF6F7, 0xF6F8,
    0xF718, 0xF718, 0xF718, 0xF718, 0xF718, 0xF719, 0xF739, 0xF73A,
    0xF75A, 0xF75A, 0xF77B, 0xF77B, 0xFF5C, 0xFFFF, 0xC617, 0x4228,
    0x0000, 0x0020, 0x0000, 0x0000, 0x0000, 0x0000, 0x0000, 0x0000,
    0x0000, 0x0000, 0x0000, 0x0000, 0x0000, 0x0000, 0x0000, 0x0000,
    0x0000, 0x0000, 0x0000, 0x0000, 0x0000, 0x0000, 0x0000, 0x0000,
    0x0000, 0x0000, 0x0000, 0x0000, 0x0000, 0x0000, 0x0000, 0x0000,
    0x0000, 0x0000, 0x0000, 0x0000, 0x0000, 0x0000, 0x0000, 0x0000,
    0x0000, 0x0000, 0x0000, 0x0000, 0x0000, 0x0000, 0x0000, 0x0000,
    0x0000, 0x0000, 0x0000, 0x0000, 0x0000, 0x0000, 0x0000, 0x0000,
    0x0000, 0x0000, 0x0000, 0x0000, 0x0000, 0x0000, 0x0000, 0x0000,
    0x0000, 0x0000, 0x0000, 0x0000, 0x0000, 0x0000, 0x0000, 0x0000,
    0x0000, 0x0000, 0x0000, 0x0000, 0x0000, 0x0000, 0x0000, 0x0000,
    0x0000, 0x0000, 0x0000, 0x0000, 0x0000, 0x0000, 0x0000, 0x0000,
    0x0000, 0x0000, 0x0000, 0x0000, 0x0000, 0x0000, 0x0000, 0x0000,
    0x0000, 0x0000, 0x0000, 0x0000, 0x0000, 0x0000, 0x0000, 0x0000,
    0x0000, 0x0000, 0x0000, 0x0000, 0x0000, 0x0000, 0x0000, 0x0000,
    0x0000, 0x0000, 0x0000, 0x0000, 0x0000, 0x0000, 0x0000, 0x0000,
    0x0000, 0x0000, 0x0000, 0x0000, 0x0000, 0x0000, 0x0000, 0x0000,
    0x0000, 0x0000, 0x0000, 0x0000, 0x0000, 0x0000, 0x0000, 0x0000,
    0x0000, 0x0000, 0x0000, 0x2104, 0x18E2, 0x0841, 0x630B, 0xF77C,
    0xFFDD, 0xF75B, 0xF73A, 0xEF19, 0xEF19, 0xF73A, 0xEEF8, 0xEED8,
    0xEED8, 0xEED8, 0xE6B7, 0xE6B7, 0xE697, 0xE696, 0xE6B7, 0xE6B7,
    0xE696, 0xEEB7, 0xE696, 0xE655, 0xEEB7, 0xE6B7, 0xE675, 0xE695,
    0xE675, 0xEEB7, 0xE6B6, 0xE675, 0xEEB7, 0xEEB7, 0xEEB6, 0xE696,
    0xE675, 0xEEB6, 0xEEB6, 0xEEB7, 0xEEB7, 0xE675, 0xE654, 0xEE96,
    0xEEB6, 0xEED7, 0xEEB6, 0xE695, 0xEEB7, 0xEEB6, 0xE675, 0xEEB6,
    0xEEB6, 0xEEB6, 0xEE95, 0xEEB6, 0xEE75, 0xEE95, 0xEEB6, 0xEEB6,
    0xEED7, 0xEEB6, 0xEEB6, 0xEE95, 0xEEB6, 0xEED7, 0xEED7, 0xEED7,
    0xEE95, 0xEEB6, 0xEED7, 0xEED7, 0xEED7, 0xEED7, 0xEEB6, 0xEED7,
    0xEED7, 0xEED7, 0xF6D7, 0xF6F7, 0xEED7, 0xF6D7, 0xF6D7, 0xEEF7,
    0xF6F8, 0xF6F8, 0xF718, 0xF718, 0xF6F8, 0xF718, 0xF718, 0xF739,
    0xF739, 0xF73A, 0xF75A, 0xF75A, 0xF77B, 0xF75C, 0xFFFF, 0x9CD2,
    0x2964, 0x18C2, 0x0860, 0x0000, 0x0000, 0x0000, 0x0000, 0x0000,
    0x0000, 0x0000, 0x0000, 0x0000, 0x0000, 0x0000, 0x0000, 0x0000,
    0x0000, 0x0000, 0x0000, 0x0000, 0x0000, 0x0000, 0x0000, 0x0000,
    0x0000, 0x0000, 0x0000, 0x0000, 0x0000, 0x0000, 0x0000, 0x0000,
    0x0000, 0x0000, 0x0000, 0x0000, 0x0000, 0x0000, 0x0000, 0x0000,
    0x0000, 0x0000, 0x0000, 0x0000, 0x0000, 0x0000, 0x0000, 0x0000,
    0x0000, 0x0000, 0x0000, 0x0000, 0x0000, 0x0000, 0x0000, 0x0000,
    0x0000, 0x0000, 0x0000, 0x0000, 0x0000, 0x0000, 0x0000, 0x0000,
    0x0000, 0x0000, 0x0000, 0x0000, 0x0000, 0x0000, 0x0000, 0x0000,
    0x0000, 0x0000, 0x0000, 0x0000, 0x0000, 0x0000, 0x0000, 0x0000,
    0x0000, 0x0000, 0x0000, 0x0000, 0x0000, 0x0000, 0x0000, 0x0000,
    0x0000, 0x0000, 0x0000, 0x0000, 0x0000, 0x0000, 0x0000, 0x0000,
    0x0000, 0x0000, 0x0000, 0x0000, 0x0000, 0x0000, 0x0000, 0x0000,
    0x0000, 0x0000, 0x0000, 0x0000, 0x0000, 0x0000, 0x0000, 0x0000,
    0x0000, 0x0000, 0x0000, 0x0000, 0x0000, 0x0000, 0x0000, 0x0000,
    0x0000, 0x0000, 0x0000, 0x0000, 0x0000, 0x0000, 0x0000, 0x0000,
    0x0000, 0x0000, 0x0000, 0x0000, 0x0000, 0x0000, 0x0000, 0x0000,
    0x0000, 0x0000, 0x0881, 0x2103, 0x39E6, 0x738D, 0xEEFA, 0xFFBD,
    0xFF7C, 0xF73A, 0xEF19, 0xEF1A, 0xEF19, 0xEEF8, 0xEEF9, 0xEED8,
    0xEED8, 0xE6B7, 0xE697, 0xE697, 0xE676, 0xDE55, 0xE676, 0xEED7,
    0xEEB7, 0xE696, 0xE6B6, 0xE675, 0xE675, 0xE696, 0xE696, 0xEEB7,
    0xEEB6, 0xE696, 0xEED7, 0xE696, 0xEEB6, 0xEEB6, 0xE675, 0xE696,
    0xE675, 0xE696, 0xEEB6, 0xE695, 0xEE96, 0xE695, 0xE675, 0xEED7,
    0xEED7, 0xEED7, 0xEEB6, 0xEE96, 0xE696, 0xE695, 0xEE96, 0xEEB6,
    0xEEB6, 0xEE96, 0xEE95, 0xEEB6, 0xEE96, 0xEE96, 0xEEB6, 0xEE95,
    0xEEB6, 0xEEB6, 0xEEB7, 0xEED7, 0xEEB6, 0xEEB6, 0xEED7, 0xEE95,
    0xEE95, 0xEED7, 0xEEB6, 0xEED7, 0xEED7, 0xEEB6, 0xEEB6, 0xEEB6,
    0xEEF7, 0xF6F7, 0xEED7, 0xEED7, 0xF6D7, 0xF6F7, 0xF6F7, 0xF6F7,
    0xF6F8, 0xF718, 0xF6F7, 0xF718, 0xF718, 0xF6F8, 0xF718, 0xF719,
    0xF739, 0xF739, 0xF73A, 0xF75A, 0xF75A, 0xF77B, 0xFF9C, 0xFFDE,
    0x9CB1, 0x39A5, 0x2944, 0x0861, 0x0000, 0x0000, 0x0000, 0x0000,
    0x0000, 0x0000, 0x0000, 0x0000, 0x0000, 0x0000, 0x0000, 0x0000,
    0x0000, 0x0000, 0x0000, 0x0000, 0x0000, 0x0000, 0x0000, 0x0000,
    0x0000, 0x0000, 0x0000, 0x0000, 0x0000, 0x0000, 0x0000, 0x0000,
    0x0000, 0x0000, 0x0000, 0x0000, 0x0000, 0x0000, 0x0000, 0x0000,
    0x0000, 0x0000, 0x0000, 0x0000, 0x0000, 0x0000, 0x0000, 0x0000,
    0x0000, 0x0000, 0x0000, 0x0000, 0x0000, 0x0000, 0x0000, 0x0000,
    0x0000, 0x0000, 0x0000, 0x0000, 0x0000, 0x0000, 0x0000, 0x0000,
    0x0000, 0x0000, 0x0000, 0x0000, 0x0000, 0x0000, 0x0000, 0x0000,
    0x0000, 0x0000, 0x0000, 0x0000, 0x0000, 0x0000, 0x0000, 0x0000,
    0x0000, 0x0000, 0x0000, 0x0000, 0x0000, 0x0000, 0x0000, 0x0000,
    0x0000, 0x0000, 0x0000, 0x0000, 0x0000, 0x0000, 0x0000, 0x0000,
    0x0000, 0x0000, 0x0000, 0x0000, 0x0000, 0x0000, 0x0000, 0x0000,
    0x0000, 0x0000, 0x0000, 0x0000, 0x0000, 0x0000, 0x0000, 0x0000,
    0x0000, 0x0000, 0x0000, 0x0000, 0x0000, 0x0000, 0x0000, 0x0000,
    0x0000, 0x0000, 0x0000, 0x0000, 0x0000, 0x0000, 0x0000, 0x0000,
    0x0000, 0x0000, 0x0000, 0x0000, 0x0000, 0x0000, 0x0000, 0x0000,
    0x0000, 0x0000, 0x18E3, 0x1061, 0x52A9, 0xE71B, 0xFFDD, 0xF75B,
    0xEF1A, 0xF719, 0xEEF9, 0xEF1A, 0xEF19, 0xEED8, 0xEED9, 0xEEF9,
    0xEED8, 0xE696, 0xE696, 0xE6B7, 0xE676, 0xDE55, 0xEEB7, 0xF6D8,
    0xEEB7, 0xE675, 0xE675, 0xE675, 0xE655, 0xE696, 0xE6B7, 0xEEB7,
    0xEEB6, 0xEE96, 0xEED7, 0xE675, 0xEEB6, 0xEE96, 0xE695, 0xEEB6,
    0xE696, 0xEEB6, 0xEEB6, 0xE675, 0xEE75, 0xE696, 0xE695, 0xEEF8,
    0xEED7, 0xEEB6, 0xEEB6, 0xEE76, 0xE675, 0xE695, 0xF696, 0xEE95,
    0xEEB6, 0xEEB6, 0xEE75, 0xEE95, 0xEEB6, 0xEEB6, 0xEE95, 0xEE75,
    0xEE95, 0xEEB6, 0xEEB7, 0xEED8, 0xEEB6, 0xEE95, 0xEEB6, 0xEE96,
    0xEEB6, 0xEED7, 0xEED6, 0xEED7, 0xEED7, 0xEED7, 0xEED7, 0xEED7,
    0xEEF7, 0xF6F6, 0xEED7, 0xEED6, 0xF6D7, 0xF6F7, 0xF6F7, 0xF6F7,
    0xF6F8, 0xF718, 0xF6F7, 0xF6F8, 0xF719, 0xF718, 0xF6F8, 0xF719,
    0xF739, 0xF739, 0xF73A, 0xF73A, 0xF73A, 0xF77A, 0xF75B, 0xFFFD,
    0xEF5C, 0x83AD, 0x2124, 0x1082, 0x0000, 0x0000, 0x0000, 0x0000,
    0x0000, 0x0000, 0x0000, 0x0000, 0x0000, 0x0000, 0x0000, 0x0000,
    0x0000, 0x0000, 0x0000, 0x0000, 0x0000, 0x0000, 0x0000, 0x0000,
    0x0000, 0x0000, 0x0000, 0x0000, 0x0000, 0x0000, 0x0000, 0x0000,
    0x0000, 0x0000, 0x0000, 0x0000, 0x0000, 0x0000, 0x0000, 0x0000,
    0x0000, 0x0000, 0x0000, 0x0000, 0x0000, 0x0000, 0x0000, 0x0000,
    0x0000, 0x0000, 0x0000, 0x0000, 0x0000, 0x0000, 0x0000, 0x0000,
    0x0000, 0x0000, 0x0000, 0x0000, 0x0000, 0x0000, 0x0000, 0x0000,
    0x0000, 0x0000, 0x0000, 0x0000, 0x0000, 0x0000, 0x0000, 0x0000,
    0x0000, 0x0000, 0x0000, 0x0000, 0x0000, 0x0000, 0x0000, 0x0000,
    0x0000, 0x0000, 0x0000, 0x0000, 0x0000, 0x0000, 0x0000, 0x0000,
    0x0000, 0x0000, 0x0000, 0x0000, 0x0000, 0x0000, 0x0000, 0x0000,
    0x0000, 0x0000, 0x0000, 0x0000, 0x0000, 0x0000, 0x0000, 0x0000,
    0x0000, 0x0000, 0x0000, 0x0000, 0x0000, 0x0000, 0x0000, 0x0000,
    0x0000, 0x0000, 0x0000, 0x0000, 0x0000, 0x0000, 0x0000, 0x0000,
    0x0000, 0x0000, 0x0000, 0x0000, 0x0000, 0x0000, 0x0000, 0x0000,
    0x0000, 0x0000, 0x0000, 0x0000, 0x0000, 0x0000, 0x0000, 0x0000,
    0x0000, 0x0040, 0x0861, 0x2944, 0xA513, 0xFFFF, 0xEF3A, 0xF71A,
    0xEF19, 0xEEF9, 0xEEF9, 0xEF1A, 0xEEF9, 0xEED8, 0xEED8, 0xEEF9,
    0xE6D7, 0xE696, 0xE696, 0xE6B7, 0xE677, 0xE676, 0xEED8, 0xEEB8,
    0xE6B7, 0xE696, 0xE675, 0xE675, 0xE675, 0xE6B7, 0xE697, 0xE696,
    0xE696, 0xEE96, 0xEEB7, 0xEE75, 0xE696, 0xE696, 0xE695, 0xEE95,
    0xE696, 0xEEB6, 0xEE96, 0xE695, 0xE675, 0xE696, 0xE695, 0xEEB6,
    0xEE95, 0xEEB6, 0xEED7, 0xE675, 0xE675, 0xE675, 0xEE95, 0xE675,
    0xEEB6, 0xEE95, 0xE675, 0xEE95, 0xEEB6, 0xEEB6, 0xEE75, 0xEE75,
    0xEE95, 0xEEB6, 0xEEB7, 0xEED7, 0xEED7, 0xEE95, 0xEEB6, 0xEED8,
    0xEEB6, 0xEED6, 0xEED6, 0xEED7, 0xEED7, 0xEED7, 0xEED7, 0xEED7,
    0xEED7, 0xEED6, 0xEED7, 0xEED6, 0xEED7, 0xEED7, 0xF6F7, 0xF6F7,
    0xF6F7, 0xF6F8, 0xF6F7, 0xF6F8, 0xF719, 0xF718, 0xF6F8, 0xF719,
    0xF739, 0xF739, 0xF739, 0xF739, 0xF73A, 0xF75A, 0xF77B, 0xF75B,
    0xFFFF, 0xD679, 0x39C5, 0x0000, 0x0000, 0x0000, 0x0000, 0x0000,
    0x0000, 0x0000, 0x0000, 0x0000, 0x0000, 0x0000, 0x0000, 0x0000,
    0x0000, 0x0000, 0x0000, 0x0000, 0x0000, 0x0000, 0x0000, 0x0000,
    0x0000, 0x0000, 0x0000, 0x0000, 0x0000, 0x0000, 0x0000, 0x0000,
    0x0000, 0x0000, 0x0000, 0x0000, 0x0000, 0x0000, 0x0000, 0x0000,
    0x0000, 0x0000, 0x0000, 0x0000, 0x0000, 0x0000, 0x0000, 0x0000,
    0x0000, 0x0000, 0x0000, 0x0000, 0x0000, 0x0000, 0x0000, 0x0000,
    0x0000, 0x0000, 0x0000, 0x0000, 0x0000, 0x0000, 0x0000, 0x0000,
    0x0000, 0x0000, 0x0000, 0x0000, 0x0000, 0x0000, 0x0000, 0x0000,
    0x0000, 0x0000, 0x0000, 0x0000, 0x0000, 0x0000, 0x0000, 0x0000,
    0x0000, 0x0000, 0x0000, 0x0000, 0x0000, 0x0000, 0x0000, 0x0000,
    0x0000, 0x0000, 0x0000, 0x0000, 0x0000, 0x0000, 0x0000, 0x0000,
    0x0000, 0x0000, 0x0000, 0x0000, 0x0000, 0x0000, 0x0000, 0x0000,
    0x0000, 0x0000, 0x0000, 0x0000, 0x0000, 0x0000, 0x0000, 0x0000,
    0x0000, 0x0000, 0x0000, 0x0000, 0x0000, 0x0000, 0x0000, 0x0000,
    0x0000, 0x0000, 0x0000, 0x0000, 0x0000, 0x0000, 0x0000, 0x0000,
    0x0000, 0x0000, 0x0000, 0x0000, 0x0000, 0x0000, 0x0000, 0x0000,
    0x0840, 0x0040, 0x10A1, 0x8C2F, 0xFFBD, 0xEF3B, 0xEF3A, 0xEF1A,
    0xEEF9, 0xEEF9, 0xEF19, 0xEEF9, 0xE6D8, 0xE6D8, 0xEED8, 0xE6B7,
    0xE6B7, 0xE6B7, 0xE6B7, 0xE6B7, 0xE697, 0xE696, 0xE6B7, 0xE696,
    0xE696, 0xE6B7, 0xE696, 0xE655, 0xE696, 0xE6B7, 0xE676, 0xE696,
    0xE696, 0xE696, 0xEEB6, 0xEE96, 0xE696, 0xE696, 0xE675, 0xE634,
    0xE696, 0xE696, 0xE675, 0xE696, 0xE675, 0xE675, 0xE654, 0xE675,
    0xE675, 0xEEB6, 0xEED7, 0xE695, 0xE675, 0xE654, 0xE674, 0xE695,
    0xEE96, 0xE654, 0xE695, 0xEE95, 0xEE96, 0xEE95, 0xEE96, 0xEE95,
    0xEE96, 0xEEB6, 0xEEB6, 0xEED6, 0xEED7, 0xEEB6, 0xEED7, 0xEED7,
    0xEEB6, 0xEEB6, 0xEEB6, 0xEEB7, 0xEED7, 0xEEB6, 0xEEB6, 0xEEB6,
    0xEEB6, 0xEED6, 0xEEB6, 0xEED6, 0xEED7, 0xEED7, 0xEED7, 0xF6D7,
    0xEED6, 0xEED7, 0xF6F7, 0xF6F8, 0xF6F8, 0xF718, 0xF718, 0xF718,
    0xF718, 0xF718, 0xF719, 0xF739, 0xF75A, 0xF75A, 0xF75A, 0xF77B,
    0xF75C, 0xFFFF, 0x8C0F, 0x0820, 0x0020, 0x0000, 0x0000, 0x0000,
    0x0000, 0x0000, 0x0000, 0x0000, 0x0000, 0x0000, 0x0000, 0x0000,
    0x0000, 0x0000, 0x0000, 0x0000, 0x0000, 0x0000, 0x0000, 0x0000,
    0x0000, 0x0000, 0x0000, 0x0000, 0x0000, 0x0000, 0x0000, 0x0000,
    0x0000, 0x0000, 0x0000, 0x0000, 0x0000, 0x0000, 0x0000, 0x0000,
    0x0000, 0x0000, 0x0000, 0x0000, 0x0000, 0x0000, 0x0000, 0x0000,
    0x0000, 0x0000, 0x0000, 0x0000, 0x0000, 0x0000, 0x0000, 0x0000,
    0x0000, 0x0000, 0x0000, 0x0000, 0x0000, 0x0000, 0x0000, 0x0000,
    0x0000, 0x0000, 0x0000, 0x0000, 0x0000, 0x0000, 0x0000, 0x0000,
    0x0000, 0x0000, 0x0000, 0x0000, 0x0000, 0x0000, 0x0000, 0x0000,
    0x0000, 0x0000, 0x0000, 0x0000, 0x0000, 0x0000, 0x0000, 0x0000,
    0x0000, 0x0000, 0x0000, 0x0000, 0x0000, 0x0000, 0x0000, 0x0000,
    0x0000, 0x0000, 0x0000, 0x0000, 0x0000, 0x0000, 0x0000, 0x0000,
    0x0000, 0x0000, 0x0000, 0x0000, 0x0000, 0x0000, 0x0000, 0x0000,
    0x0000, 0x0000, 0x0000, 0x0000, 0x0000, 0x0000, 0x0000, 0x0000,
    0x0000, 0x0000, 0x0000, 0x0000, 0x0000, 0x0000, 0x0000, 0x0000,
    0x0000, 0x0000, 0x0000, 0x0000, 0x0000, 0x0000, 0x0000, 0x0841,
    0x10A2, 0x1081, 0x6B4C, 0xEF3B, 0xFF7C, 0xEF3A, 0xEF19, 0xEEF9,
    0xEEF9, 0xEEF9, 0xEEF8, 0xE6D8, 0xE6B7, 0xE6B7, 0xE655, 0xE676,
    0xE696, 0xE697, 0xE6B7, 0xE676, 0xE696, 0xE655, 0xE696, 0xE696,
    0xE696, 0xE655, 0xDE34, 0xE675, 0xE696, 0xE675, 0xE675, 0xE675,
    0xE655, 0xE676, 0xE6B6, 0xEE96, 0xEEB7, 0xE696, 0xE675, 0xE675,
    0xE696, 0xE675, 0xE696, 0xE676, 0xE654, 0xE655, 0xE654, 0xE675,
    0xE696, 0xE675, 0xE695, 0xEE96, 0xEEB6, 0xE654, 0xE654, 0xE695,
    0xE675, 0xE654, 0xE695, 0xE654, 0xE695, 0xEE96, 0xEE96, 0xEE96,
    0xEE95, 0xEE95, 0xEEB6, 0xEE96, 0xE675, 0xEED7, 0xEEB6, 0xEE95,
    0xEE95, 0xEEB6, 0xEED7, 0xEEB6, 0xEEB6, 0xEE95, 0xEEB6, 0xEED7,
    0xEED7, 0xEED6, 0xEEB6, 0xEED7, 0xEEF7, 0xEED7, 0xEED6, 0xEED7,
    0xF6D7, 0xEED6, 0xF6D7, 0xF6F7, 0xF6F7, 0xF6F8, 0xEEF7, 0xF6F7,
    0xF6F8, 0xF718, 0xF719, 0xF719, 0xF739, 0xF739, 0xF73A, 0xF75A,
    0xF75B, 0xFFDE, 0xDED9, 0x6B0B, 0x3186, 0x08A1, 0x0841, 0x0000,
    0x0000, 0x0000, 0x0000, 0x0000, 0x0000, 0x0000, 0x0000, 0x0000,
    0x0000, 0x0000, 0x0000, 0x0000, 0x0000, 0x0000, 0x0000, 0x0000,
    0x0000, 0x0000, 0x0000, 0x0000, 0x0000, 0x0000, 0x0000, 0x0000,
    0x0000, 0x0000, 0x0000, 0x0000, 0x0000, 0x0000, 0x0000, 0x0000,
    0x0000, 0x0000, 0x0000, 0x0000, 0x0000, 0x0000, 0x0000, 0x0000,
    0x0000, 0x0000, 0x0000, 0x0000, 0x0000, 0x0000, 0x0000, 0x0000,
    0x0000, 0x0000, 0x0000, 0x0000, 0x0000, 0x0000, 0x0000, 0x0000,
    0x0000, 0x0000, 0x0000, 0x0000, 0x0000, 0x0000, 0x0000, 0x0000,
    0x0000, 0x0000, 0x0000, 0x0000, 0x0000, 0x0000, 0x0000, 0x0000,
    0x0000, 0x0000, 0x0000, 0x0000, 0x0000, 0x0000, 0x0000, 0x0000,
    0x0000, 0x0000, 0x0000, 0x0000, 0x0000, 0x0000, 0x0000, 0x0000,
    0x0000, 0x0000, 0x0000, 0x0000, 0x0000, 0x0000, 0x0000, 0x0000,
    0x0000, 0x0000, 0x0000, 0x0000, 0x0000, 0x0000, 0x0000, 0x0000,
    0x0000, 0x0000, 0x0000, 0x0000, 0x0000, 0x0000, 0x0000, 0x0000,
    0x0000, 0x0000, 0x0000, 0x0000, 0x0000, 0x0000, 0x0000, 0x0000,
    0x0000, 0x0000, 0x0000, 0x0000, 0x0000, 0x0000, 0x0000, 0x0861,
    0x20E3, 0x5AA9, 0xD699, 0xFFBD, 0xEF1A, 0xEF3A, 0xEEF8, 0xEED8,
    0xEEF9, 0xEEF9, 0xEEF8, 0xE6D8, 0xE6D8, 0xE6B7, 0xE656, 0xE6B7,
    0xE6B7, 0xE676, 0xE6B7, 0xE675, 0xEE76, 0xE655, 0xE655, 0xE696,
    0xE696, 0xE675, 0xDE34, 0xE655, 0xE675, 0xE655, 0xE674, 0xE634,
    0xE675, 0xE696, 0xE6B6, 0xDE55, 0xEE96, 0xE696, 0xE675, 0xE695,
    0xE675, 0xE675, 0xE696, 0xE6B7, 0xE675, 0xE654, 0xE654, 0xE655,
    0xE696, 0xE654, 0xE675, 0xEE96, 0xEE96, 0xE654, 0xE654, 0xE675,
    0xE675, 0xE675, 0xE695, 0xE654, 0xE694, 0xEE96, 0xEE75, 0xEEB6,
    0xEE74, 0xEE75, 0xEEB6, 0xEE95, 0xEE95, 0xEED7, 0xEE95, 0xEE96,
    0xEE96, 0xEEB6, 0xEED7, 0xEEB6, 0xEEB6, 0xEEB6, 0xEEB6, 0xEEB6,
    0xEED7, 0xEED6, 0xEEB6, 0xEED7, 0xEED7, 0xEED6, 0xEEB6, 0xEED7,
    0xF6D7, 0xEED7, 0xF6D7, 0xF6D7, 0xF6D7, 0xF6F7, 0xF6F7, 0xF6F8,
    0xF6F8, 0xF718, 0xF719, 0xF719, 0xF719, 0xF739, 0xF75A, 0xF73A,
    0xF75B, 0xFF7C, 0xFFFD, 0xCE17, 0x4A8A, 0x1923, 0x0020, 0x0000,
    0x0000, 0x0000, 0x0000, 0x0000, 0x0000, 0x0000, 0x0000, 0x0000,
    0x0000, 0x0000, 0x0000, 0x0000, 0x0000, 0x0000, 0x0000, 0x0000,
    0x0000, 0x0000, 0x0000, 0x0000, 0x0000, 0x0000, 0x0000, 0x0000,
    0x0000, 0x0000, 0x0000, 0x0000, 0x0000, 0x0000, 0x0000, 0x0000,
    0x0000, 0x0000, 0x0000, 0x0000, 0x0000, 0x0000, 0x0000, 0x0000,
    0x0000, 0x0000, 0x0000, 0x0000, 0x0000, 0x0000, 0x0000, 0x0000,
    0x0000, 0x0000, 0x0000, 0x0000, 0x0000, 0x0000, 0x0000, 0x0000,
    0x0000, 0x0000, 0x0000, 0x0000, 0x0000, 0x0000, 0x0000, 0x0000,
    0x0000, 0x0000, 0x0000, 0x0000, 0x0000, 0x0000, 0x0000, 0x0000,
    0x0000, 0x0000, 0x0000, 0x0000, 0x0000, 0x0000, 0x0000, 0x0000,
    0x0000, 0x0000, 0x0000, 0x0000, 0x0000, 0x0000, 0x0000, 0x0000,
    0x0000, 0x0000, 0x0000, 0x0000, 0x0000, 0x0000, 0x0000, 0x0000,
    0x0000, 0x0000, 0x0000, 0x0000, 0x0000, 0x0000, 0x0000, 0x0000,
    0x0000, 0x0000, 0x0000, 0x0000, 0x0000, 0x0000, 0x0000, 0x0000,
    0x0000, 0x0000, 0x0000, 0x0000, 0x0000, 0x0000, 0x0000, 0x0000,
    0x0000, 0x0000, 0x0000, 0x0000, 0x0000, 0x0000, 0x0020, 0x0861,
    0x3985, 0xBDB5, 0xFFFF, 0xEF1A, 0xEF1A, 0xEF19, 0xEED8, 0xE6D8,
    0xEED8, 0xEED9, 0xE6B8, 0xE6D8, 0xE6D8, 0xE696, 0xE676, 0xE697,
    0xE6B7, 0xE696, 0xE676, 0xE655, 0xDE34, 0xDE55, 0xE676, 0xE676,
    0xE696, 0xE6B6, 0xE676, 0xE655, 0xDE55, 0xE655, 0xDE54, 0xDE13,
    0xE675, 0xE696, 0xE696, 0xE634, 0xE655, 0xE696, 0xE675, 0xE675,
    0xE654, 0xEE95, 0xE655, 0xE6B7, 0xE6B7, 0xE654, 0xE654, 0xE655,
    0xE654, 0xDE13, 0xE675, 0xE6B6, 0xE675, 0xE654, 0xE654, 0xE633,
    0xE675, 0xE675, 0xE675, 0xE675, 0xE654, 0xE675, 0xE695, 0xE674,
    0xE654, 0xEE95, 0xEEB6, 0xEE95, 0xEE95, 0xEE96, 0xE695, 0xEE96,
    0xEE96, 0xEEB6, 0xEEB6, 0xEEB6, 0xEEB6, 0xEEB6, 0xEEB6, 0xEE95,
    0xEE95, 0xEE96, 0xEE95, 0xEE95, 0xEE95, 0xEEB6, 0xEEB6, 0xEEB6,
    0xEED6, 0xEED7, 0xEEF7, 0xF6D7, 0xF6D7, 0xF6F8, 0xF6F8, 0xF6F8,
    0xF6F8, 0xF719, 0xF719, 0xF719, 0xF719, 0xF739, 0xF75A, 0xF73A,
    0xF75A, 0xF77B, 0xFFBD, 0xFFBD, 0x6B6D, 0x2104, 0x10A2, 0x0020,
    0x0000, 0x0000, 0x0000, 0x0000, 0x0000, 0x0000, 0x0000, 0x0000,
    0x0000, 0x0000, 0x0000, 0x0000, 0x0000, 0x0000, 0x0000, 0x0000,
    0x0000, 0x0000, 0x0000, 0x0000, 0x0000, 0x0000, 0x0000, 0x0000,
    0x0000, 0x0000, 0x0000, 0x0000, 0x0000, 0x0000, 0x0000, 0x0000,
    0x0000, 0x0000, 0x0000, 0x0000, 0x0000, 0x0000, 0x0000, 0x0000,
    0x0000, 0x0000, 0x0000, 0x0000, 0x0000, 0x0000, 0x0000, 0x0000,
    0x0000, 0x0000, 0x0000, 0x0000, 0x0000, 0x0000, 0x0000, 0x0000,
    0x0000, 0x0000, 0x0000, 0x0000, 0x0000, 0x0000, 0x0000, 0x0000,
    0x0000, 0x0000, 0x0000, 0x0000, 0x0000, 0x0000, 0x0000, 0x0000,
    0x0000, 0x0000, 0x0000, 0x0000, 0x0000, 0x0000, 0x0000, 0x0000,
    0x0000, 0x0000, 0x0000, 0x0000, 0x0000, 0x0000, 0x0000, 0x0000,
    0x0000, 0x0000, 0x0000, 0x0000, 0x0000, 0x0000, 0x0000, 0x0000,
    0x0000, 0x0000, 0x0000, 0x0000, 0x0000, 0x0000, 0x0000, 0x0000,
    0x0000, 0x0000, 0x0000, 0x0000, 0x0000, 0x0000, 0x0000, 0x0000,
    0x0000, 0x0000, 0x0000, 0x0000, 0x0000, 0x0000, 0x0000, 0x0000,
    0x0000, 0x0000, 0x0000, 0x0000, 0x0000, 0x0020, 0x1082, 0x18E3,
    0x83CE, 0xF77C, 0xF75C, 0xEF1A, 0xEEF9, 0xEEF8, 0xEEF8, 0xE6B8,
    0xE697, 0xE697, 0xE697, 0xE6D8, 0xE697, 0xDE55, 0xE675, 0xDE55,
    0xE676, 0xE696, 0xDE55, 0xDE34, 0xD5F3, 0xDE35, 0xE697, 0xDE55,
    0xE676, 0xE696, 0xE696, 0xE676, 0xDE55, 0xDE55, 0xDE34, 0xDE13,
    0xDE54, 0xE675, 0xE655, 0xE654, 0xE655, 0xE696, 0xE675, 0xE654,
    0xDE34, 0xE675, 0xDE34, 0xE675, 0xE696, 0xE655, 0xE655, 0xE675,
    0xDE33, 0xDDF2, 0xE654, 0xE6B6, 0xE654, 0xDE34, 0xE654, 0xDE13,
    0xE675, 0xE655, 0xE654, 0xE675, 0xDE13, 0xE654, 0xE695, 0xE634,
    0xE654, 0xE695, 0xE695, 0xE675, 0xE675, 0xE675, 0xE675, 0xE695,
    0xEE95, 0xEEB6, 0xEEB6, 0xEEB6, 0xEEB6, 0xEEB6, 0xEE96, 0xEEB6,
    0xEE95, 0xEE95, 0xEE74, 0xEE74, 0xEE95, 0xEE96, 0xEEB6, 0xEE95,
    0xEEB6, 0xEED7, 0xEEF7, 0xF6F7, 0xF6F7, 0xF6F8, 0xF6F8, 0xEEF7,
    0xF6F8, 0xF719, 0xF719, 0xF718, 0xF718, 0xF719, 0xF739, 0xF73A,
    0xF75A, 0xF75B, 0xF75B, 0xFFDD, 0xB554, 0x2945, 0x1903, 0x1082,
    0x0000, 0x0000, 0x0000, 0x0000, 0x0000, 0x0000, 0x0000, 0x0000,
    0x0000, 0x0000, 0x0000, 0x0000, 0x0000, 0x0000, 0x0000, 0x0000,
    0x0000, 0x0000, 0x0000, 0x0000, 0x0000, 0x0000, 0x0000, 0x0000,
    0x0000, 0x0000, 0x0000, 0x0000, 0x0000, 0x0000, 0x0000, 0x0000,
    0x0000, 0x0000, 0x0000, 0x0000, 0x0000, 0x0000, 0x0000, 0x0000,
    0x0000, 0x0000, 0x0000, 0x0000, 0x0000, 0x0000, 0x0000, 0x0000,
    0x0000, 0x0000, 0x0000, 0x0000, 0x0000, 0x0000, 0x0000, 0x0000,
    0x0000, 0x0000, 0x0000, 0x0000, 0x0000, 0x0000, 0x0000, 0x0000,
    0x0000, 0x0000, 0x0000, 0x0000, 0x0000, 0x0000, 0x0000, 0x0000,
    0x0000, 0x0000, 0x0000, 0x0000, 0x0000, 0x0000, 0x0000, 0x0000,
    0x0000, 0x0000, 0x0000, 0x0000, 0x0000, 0x0000, 0x0000, 0x0000,
    0x0000, 0x0000, 0x0000, 0x0000, 0x0000, 0x0000, 0x0000, 0x0000,
    0x0000, 0x0000, 0x0000, 0x0000, 0x0000, 0x0000, 0x0000, 0x0000,
    0x0000, 0x0000, 0x0000, 0x0000, 0x0000, 0x0000, 0x0000, 0x0000,
    0x0000, 0x0000, 0x0000, 0x0000, 0x0000, 0x0000, 0x0000, 0x0000,
    0x0000, 0x0000, 0x0000, 0x0000, 0x0041, 0x1903, 0x18A2, 0x4A28,
    0xEF1B, 0xFF7C, 0xEF1A, 0xEF19, 0xEED8, 0xE6D9, 0xE6B8, 0xE697,
    0xDE55, 0xE697, 0xE6B8, 0xE6B8, 0xE676, 0xDE55, 0xE676, 0xDE55,
    0xDE55, 0xDE55, 0xE676, 0xDE55, 0xDE34, 0xDE55, 0xE676, 0xDE14,
    0xDE34, 0xE676, 0xDE34, 0xE675, 0xE676, 0xDE14, 0xDE55, 0xDE14,
    0xDE34, 0xE675, 0xDDF3, 0xE675, 0xE675, 0xE655, 0xE655, 0xE675,
    0xDE33, 0xD5F2, 0xDE13, 0xDE54, 0xDE13, 0xDE13, 0xDE34, 0xDE54,
    0xE654, 0xD5D2, 0xDE33, 0xE654, 0xE634, 0xDE13, 0xDE34, 0xE654,
    0xE634, 0xE654, 0xDE13, 0xDE13, 0xDE13, 0xE634, 0xE654, 0xE675,
    0xDE34, 0xE654, 0xDE33, 0xDE13, 0xE675, 0xE654, 0xE674, 0xE675,
    0xE675, 0xEE95, 0xEE96, 0xEED7, 0xEE96, 0xEEB6, 0xEED7, 0xEEB7,
    0xEED7, 0xEED7, 0xEE95, 0xEEB6, 0xEEB6, 0xEEB6, 0xEE75, 0xEE95,
    0xEEB6, 0xEED6, 0xEED7, 0xEED7, 0xF6F7, 0xF6F7, 0xF6F8, 0xF718,
    0xF6F8, 0xF718, 0xF719, 0xF718, 0xF718, 0xF719, 0xF739, 0xF739,
    0xF73A, 0xF75A, 0xF75A, 0xF79C, 0xFF9D, 0x630B, 0x10A2, 0x18E3,
    0x0000, 0x0000, 0x0000, 0x0000, 0x0000, 0x0000, 0x0000, 0x0000,
    0x0000, 0x0000, 0x0000, 0x0000, 0x0000, 0x0000, 0x0000, 0x0000,
    0x0000, 0x0000, 0x0000, 0x0000, 0x0000, 0x0000, 0x0000, 0x0000,
    0x0000, 0x0000, 0x0000, 0x0000, 0x0000, 0x0000, 0x0000, 0x0000,
    0x0000, 0x0000, 0x0000, 0x0000, 0x0000, 0x0000, 0x0000, 0x0000,
    0x0000, 0x0000, 0x0000, 0x0000, 0x0000, 0x0000, 0x0000, 0x0000,
    0x0000, 0x0000, 0x0000, 0x0000, 0x0000, 0x0000, 0x0000, 0x0000,
    0x0000, 0x0000, 0x0000, 0x0000, 0x0000, 0x0000, 0x0000, 0x0000,
    0x0000, 0x0000, 0x0000, 0x0000, 0x0000, 0x0000, 0x0000, 0x0000,
    0x0000, 0x0000, 0x0000, 0x0000, 0x0000, 0x0000, 0x0000, 0x0000,
    0x0000, 0x0000, 0x0000, 0x0000, 0x0000, 0x0000, 0x0000, 0x0000,
    0x0000, 0x0000, 0x0000, 0x0000, 0x0000, 0x0000, 0x0000, 0x0000,
    0x0000, 0x0000, 0x0000, 0x0000, 0x0000, 0x0000, 0x0000, 0x0000,
    0x0000, 0x0000, 0x0000, 0x0000, 0x0000, 0x0000, 0x0000, 0x0000,
    0x0000, 0x0000, 0x0000, 0x0000, 0x0000, 0x0000, 0x0000, 0x0000,
    0x0000, 0x0000, 0x0000, 0x0000, 0x0840, 0x2964, 0x2103, 0x9491,
    0xFFFE, 0xF71A, 0xEF1A, 0xEF19, 0xEED8, 0xEF19, 0xEED8, 0xE696,
    0xE696, 0xE6D9, 0xE6D8, 0xE6B8, 0xE696, 0xDE55, 0xE676, 0xDE75,
    0xE655, 0xE676, 0xE697, 0xE676, 0xDE55, 0xDE55, 0xE676, 0xDE14,
    0xDE34, 0xE676, 0xDE34, 0xDE34, 0xEE76, 0xE655, 0xDE55, 0xDE35,
    0xD613, 0xE655, 0xD5F2, 0xDE13, 0xE655, 0xE634, 0xE655, 0xE633,
    0xDE13, 0xD5D1, 0xDE34, 0xDE54, 0xDE13, 0xD5F2, 0xDE34, 0xDE34,
    0xE634, 0xDDF2, 0xE613, 0xE654, 0xE634, 0xDE13, 0xDE13, 0xE634,
    0xE633, 0xE634, 0xDE13, 0xDE13, 0xDE13, 0xE613, 0xE634, 0xDE54,
    0xDE34, 0xE613, 0xE654, 0xDE13, 0xE654, 0xE633, 0xE653, 0xE675,
    0xE675, 0xEE95, 0xEE76, 0xEED7, 0xEED7, 0xEE95, 0xEEB6, 0xEEB7,
    0xEEB7, 0xEED7, 0xEEB6, 0xEEB6, 0xEE95, 0xEEB6, 0xEEB6, 0xEEB6,
    0xEEB6, 0xEED6, 0xEED7, 0xEED7, 0xF6D7, 0xF6F7, 0xF6F8, 0xF718,
    0xF6D8, 0xF6F7, 0xF719, 0xF719, 0xF718, 0xF719, 0xF739, 0xF739,
    0xF73A, 0xF73A, 0xF75A, 0xF75A, 0xFFFE, 0xC617, 0x2143, 0x0861,
    0x0040, 0x0000, 0x0000, 0x0000, 0x0000, 0x0000, 0x0000, 0x0000,
    0x0000, 0x0000, 0x0000, 0x0000, 0x0000, 0x0000, 0x0000, 0x0000,
    0x0000, 0x0000, 0x0000, 0x0000, 0x0000, 0x0000, 0x0000, 0x0000,
    0x0000, 0x0000, 0x0000, 0x0000, 0x0000, 0x0000, 0x0000, 0x0000,
    0x0000, 0x0000, 0x0000, 0x0000, 0x0000, 0x0000, 0x0000, 0x0000,
    0x0000, 0x0000, 0x0000, 0x0000, 0x0000, 0x0000, 0x0000, 0x0000,
    0x0000, 0x0000, 0x0000, 0x0000, 0x0000, 0x0000, 0x0000, 0x0000,
    0x0000, 0x0000, 0x0000, 0x0000, 0x0000, 0x0000, 0x0000, 0x0000,
    0x0000, 0x0000, 0x0000, 0x0000, 0x0000, 0x0000, 0x0000, 0x0000,
    0x0000, 0x0000, 0x0000, 0x0000, 0x0000, 0x0000, 0x0000, 0x0000,
    0x0000, 0x0000, 0x0000, 0x0000, 0x0000, 0x0000, 0x0000, 0x0000,
    0x0000, 0x0000, 0x0000, 0x0000, 0x0000, 0x0000, 0x0000, 0x0000,
    0x0000, 0x0000, 0x0000, 0x0000, 0x0000, 0x0000, 0x0000, 0x0000,
    0x0000, 0x0000, 0x0000, 0x0000, 0x0000, 0x0000, 0x0000, 0x0000,
    0x0000, 0x0000, 0x0000, 0x0000, 0x0000, 0x0000, 0x0000, 0x0000,
    0x0000, 0x0000, 0x0000, 0x0000, 0x0840, 0x20E3, 0x6B4C, 0xE6FA,
    0xF75B, 0xEF1A, 0xEF1A, 0xEEF9, 0xE6D8, 0xEF19, 0xEEB8, 0xE697,
    0xEED8, 0xE6D9, 0xE6D8, 0xE676, 0xE696, 0xDE55, 0xDE54, 0xDE76,
    0xEE97, 0xEEB7, 0xE697, 0xEE97, 0xDE55, 0xDE55, 0xE675, 0xDE54,
    0xE654, 0xDE55, 0xE675, 0xE655, 0xE655, 0xE675, 0xE675, 0xDE75,
    0xDDF3, 0xDE13, 0xD5F3, 0xD5B1, 0xDE13, 0xE654, 0xDE54, 0xDDF2,
    0xDE13, 0xDE34, 0xDE34, 0xDE34, 0xDE13, 0xD5F2, 0xDDF2, 0xDDD2,
    0xDE13, 0xDDD1, 0xD5B1, 0xDE13, 0xDE34, 0xDE13, 0xDDF1, 0xDDF3,
    0xDE33, 0xDDF2, 0xDE13, 0xDE34, 0xDE33, 0xDE13, 0xE634, 0xE654,
    0xDE34, 0xDE13, 0xE634, 0xDE13, 0xE634, 0xE633, 0xE633, 0xE634,
    0xE674, 0xE675, 0xE675, 0xEE95, 0xEED6, 0xEE75, 0xEE74, 0xEEB6,
    0xEED6, 0xEED7, 0xEEB6, 0xEEB6, 0xEE95, 0xEEB6, 0xEEF8, 0xEEB7,
    0xEEB6, 0xEED6, 0xEED7, 0xEED7, 0xEED7, 0xEEF7, 0xF6F7, 0xEEF7,
    0xEED7, 0xF6D7, 0xF719, 0xF719, 0xF719, 0xF719, 0xF719, 0xF739,
    0xF739, 0xF73A, 0xF75A, 0xF75A, 0xFF7C, 0xFFDE, 0x83EE, 0x0881,
    0x0020, 0x0000, 0x0000, 0x0000, 0x0000, 0x0000, 0x0000, 0x0000,
    0x0000, 0x0000, 0x0000, 0x0000, 0x0000, 0x0000, 0x0000, 0x0000,
    0x0000, 0x0000, 0x0000, 0x0000, 0x0000, 0x0000, 0x0000, 0x0000,
    0x0000, 0x0000, 0x0000, 0x0000, 0x0000, 0x0000, 0x0000, 0x0000,
    0x0000, 0x0000, 0x0000, 0x0000, 0x0000, 0x0000, 0x0000, 0x0000,
    0x0000, 0x0000, 0x0000, 0x0000, 0x0000, 0x0000, 0x0000, 0x0000,
    0x0000, 0x0000, 0x0000, 0x0000, 0x0000, 0x0000, 0x0000, 0x0000,
    0x0000, 0x0000, 0x0000, 0x0000, 0x0000, 0x0000, 0x0000, 0x0000,
    0x0000, 0x0000, 0x0000, 0x0000, 0x0000, 0x0000, 0x0000, 0x0000,
    0x0000, 0x0000, 0x0000, 0x0000, 0x0000, 0x0000, 0x0000, 0x0000,
    0x0000, 0x0000, 0x0000, 0x0000, 0x0000, 0x0000, 0x0000, 0x0000,
    0x0000, 0x0000, 0x0000, 0x0000, 0x0000, 0x0000, 0x0000, 0x0000,
    0x0000, 0x0000, 0x0000, 0x0000, 0x0000, 0x0000, 0x0000, 0x0000,
    0x0000, 0x0000, 0x0000, 0x0000, 0x0000, 0x0000, 0x0000, 0x0000,
    0x0000, 0x0000, 0x0000, 0x0000, 0x0000, 0x0000, 0x0000, 0x0000,
    0x0000, 0x0000, 0x0000, 0x0020, 0x0020, 0x20E3, 0xD658, 0xFFDD,
    0xEF3A, 0xEF1A, 0xEF19, 0xEED8, 0xE6B7, 0xE6D8, 0xE676, 0xE697,
    0xE6B7, 0xE697, 0xE697, 0xDE55, 0xDE76, 0xDE55, 0xDE34, 0xDE76,
    0xE6B7, 0xE696, 0xE696, 0xE697, 0xDE34, 0xDE34, 0xDE54, 0xDE55,
    0xE675, 0xDE34, 0xE675, 0xE676, 0xDE34, 0xDE34, 0xE675, 0xDE55,
    0xDE13, 0xD5D2, 0xD5F3, 0xD5B1, 0xD5D2, 0xE655, 0xDE13, 0xDDF3,
    0xDE34, 0xDE55, 0xDE14, 0xD5D2, 0xD5F3, 0xD5F3, 0xD5B1, 0xCD91,
    0xD5F2, 0xCD70, 0xCD70, 0xD5B1, 0xDE13, 0xD5D2, 0xD5D1, 0xDDF2,
    0xDE13, 0xD5B1, 0xD5F2, 0xDE34, 0xDE13, 0xDDF2, 0xDDD2, 0xE654,
    0xDE34, 0xDE33, 0xDDF2, 0xDE13, 0xDE13, 0xDE33, 0xE654, 0xDE13,
    0xE633, 0xE654, 0xE654, 0xE654, 0xE674, 0xEE95, 0xE654, 0xEE96,
    0xEED6, 0xEED7, 0xEEB6, 0xEEB6, 0xEEB6, 0xEEB6, 0xEED7, 0xEED7,
    0xEEB6, 0xEED7, 0xEED7, 0xEEB6, 0xEED7, 0xEED7, 0xEED6, 0xEED7,
    0xEEF7, 0xF6F7, 0xF6F8, 0xF718, 0xF719, 0xF718, 0xEEF8, 0xF719,
    0xF739, 0xF73A, 0xF73A, 0xF75A, 0xF75B, 0xFFBD, 0xEF1B, 0x4227,
    0x0020, 0x0000, 0x0000, 0x0000, 0x0000, 0x0000, 0x0000, 0x0000,
    0x0000, 0x0000, 0x0000, 0x0000, 0x0000, 0x0000, 0x0000, 0x0000,
    0x0000, 0x0000, 0x0000, 0x0000, 0x0000, 0x0000, 0x0000, 0x0000,
    0x0000, 0x0000, 0x0000, 0x0000, 0x0000, 0x0000, 0x0000, 0x0000,
    0x0000, 0x0000, 0x0000, 0x0000, 0x0000, 0x0000, 0x0000, 0x0000,
    0x0000, 0x0000, 0x0000, 0x0000, 0x0000, 0x0000, 0x0000, 0x0000,
    0x0000, 0x0000, 0x0000, 0x0000, 0x0000, 0x0000, 0x0000, 0x0000,
    0x0000, 0x0000, 0x0000, 0x0000, 0x0000, 0x0000, 0x0000, 0x0000,
    0x0000, 0x0000, 0x0000, 0x0000, 0x0000, 0x0000, 0x0000, 0x0000,
    0x0000, 0x0000, 0x0000, 0x0000, 0x0000, 0x0000, 0x0000, 0x0000,
    0x0000, 0x0000, 0x0000, 0x0000, 0x0000, 0x0000, 0x0000, 0x0000,
    0x0000, 0x0000, 0x0000, 0x0000, 0x0000, 0x0000, 0x0000, 0x0000,
    0x0000, 0x0000, 0x0000, 0x0000, 0x0000, 0x0000, 0x0000, 0x0000,
    0x0000, 0x0000, 0x0000, 0x0000, 0x0000, 0x0000, 0x0000, 0x0000,
    0x0000, 0x0000, 0x0000, 0x0000, 0x0000, 0x0000, 0x0000, 0x0000,
    0x0000, 0x0000, 0x0000, 0x0841, 0x0000, 0x5289, 0xF79C, 0xF75C,
    0xEF1A, 0xE6D8, 0xE6D8, 0xE6B7, 0xE697, 0xE696, 0xDE35, 0xDE35,
    0xD634, 0xDE55, 0xE697, 0xE676, 0xDE55, 0xDE76, 0xDE55, 0xD613,
    0xDE55, 0xDE55, 0xDE55, 0xDE55, 0xDE55, 0xE676, 0xD614, 0xDE55,
    0xDE35, 0xDE34, 0xDE13, 0xE613, 0xDE34, 0xDE34, 0xDE14, 0xD5F3,
    0xD5F3, 0xD5F2, 0xCDB1, 0xD591, 0xD5B1, 0xE613, 0xDDF3, 0xDE13,
    0xDE54, 0xD5D1, 0xD5B1, 0xCD90, 0xCD90, 0xD5D2, 0xCD70, 0xCD91,
    0xD5D2, 0xCD91, 0xD591, 0xCD6F, 0xDDB1, 0xCD90, 0xCD70, 0xD5F2,
    0xCD91, 0xD591, 0xCD90, 0xD5B1, 0xD5B1, 0xCD90, 0xCD2F, 0xD5D2,
    0xD5F3, 0xDE33, 0xDDF2, 0xD5D1, 0xD5D1, 0xDE12, 0xE613, 0xDDF2,
    0xDE13, 0xE654, 0xE634, 0xE674, 0xE633, 0xE675, 0xEE95, 0xEE95,
    0xEE75, 0xEEB6, 0xEE96, 0xE695, 0xEED7, 0xEEB6, 0xEE96, 0xEEF7,
    0xEED6, 0xF6D7, 0xEED7, 0xEED7, 0xEED7, 0xEED6, 0xEEB6, 0xF6F7,
    0xF6F8, 0xF6F8, 0xF6F8, 0xF718, 0xF718, 0xF739, 0xF719, 0xF718,
    0xF719, 0xF739, 0xF739, 0xF73A, 0xF75A, 0xF77C, 0xFFFE, 0x9471,
    0x2103, 0x0020, 0x0000, 0x0000, 0x0000, 0x0000, 0x0000, 0x0000,
    0x0000, 0x0000, 0x0000, 0x0000, 0x0000, 0x0000, 0x0000, 0x0000,
    0x0000, 0x0000, 0x0000, 0x0000, 0x0000, 0x0000, 0x0000, 0x0000,
    0x0000, 0x0000, 0x0000, 0x0000, 0x0000, 0x0000, 0x0000, 0x0000,
    0x0000, 0x0000, 0x0000, 0x0000, 0x0000, 0x0000, 0x0000, 0x0000,
    0x0000, 0x0000, 0x0000, 0x0000, 0x0000, 0x0000, 0x0000, 0x0000,
    0x0000, 0x0000, 0x0000, 0x0000, 0x0000, 0x0000, 0x0000, 0x0000,
    0x0000, 0x0000, 0x0000, 0x0000, 0x0000, 0x0000, 0x0000, 0x0000,
    0x0000, 0x0000, 0x0000, 0x0000, 0x0000, 0x0000, 0x0000, 0x0000,
    0x0000, 0x0000, 0x0000, 0x0000, 0x0000, 0x0000, 0x0000, 0x0000,
    0x0000, 0x0000, 0x0000, 0x0000, 0x0000, 0x0000, 0x0000, 0x0000,
    0x0000, 0x0000, 0x0000, 0x0000, 0x0000, 0x0000, 0x0000, 0x0000,
    0x0000, 0x0000, 0x0000, 0x0000, 0x0000, 0x0000, 0x0000, 0x0000,
    0x0000, 0x0000, 0x0000, 0x0000, 0x0000, 0x0000, 0x0000, 0x0000,
    0x0000, 0x0000, 0x0000, 0x0000, 0x0000, 0x0000, 0x0000, 0x0000,
    0x0000, 0x0000, 0x0000, 0x0041, 0x2144, 0xBDD6, 0xFF9C, 0xEF1A,
    0xEF1A, 0xE6D8, 0xEED8, 0xE6D8, 0xE6B7, 0xE675, 0xD634, 0xDE35,
    0xD5F4, 0xDE76, 0xE697, 0xE676, 0xDE55, 0xDE56, 0xDE75, 0xD5F3,
    0xDE55, 0xDE76, 0xDE35, 0xDE34, 0xDE55, 0xE676, 0xDE55, 0xDE14,
    0xDE34, 0xDE34, 0xDE14, 0xD613, 0xDE34, 0xDE34, 0xDDF3, 0xDE14,
    0xD5F3, 0xD5F2, 0xCD91, 0xD570, 0xD590, 0xD5B1, 0xDE13, 0xE654,
    0xDDF2, 0xD570, 0xD550, 0xCD2F, 0xCD4F, 0xD591, 0xCD4F, 0xC530,
    0xCD2F, 0xD591, 0xCD2F, 0xCCCD, 0xC50E, 0xC4EE, 0xC4CD, 0xCD50,
    0xCD0F, 0xDD71, 0xD54F, 0xD570, 0xD590, 0xD54F, 0xD52F, 0xD550,
    0xD56F, 0xD570, 0xD5B1, 0xCD0F, 0xCD2F, 0xD590, 0xD5B1, 0xDDD1,
    0xDE13, 0xE633, 0xEE34, 0xE633, 0xE633, 0xE654, 0xEE95, 0xEE74,
    0xEE74, 0xEE95, 0xEE96, 0xE675, 0xEED7, 0xEEB6, 0xEEB6, 0xEEF7,
    0xEEB6, 0xF6D7, 0xEED7, 0xEED7, 0xEED7, 0xEEF7, 0xEED7, 0xF6F6,
    0xF6F7, 0xF6D8, 0xF6F8, 0xF718, 0xF718, 0xF719, 0xF719, 0xF719,
    0xF739, 0xF739, 0xF739, 0xF73A, 0xF75A, 0xF75A, 0xFFDD, 0xDE78,
    0x41E6, 0x1082, 0x0000, 0x0000, 0x0000, 0x0000, 0x0000, 0x0000,
    0x0000, 0x0000, 0x0000, 0x0000, 0x0000, 0x0000, 0x0000, 0x0000,
    0x0000, 0x0000, 0x0000, 0x0000, 0x0000, 0x0000, 0x0000, 0x0000,
    0x0000, 0x0000, 0x0000, 0x0000, 0x0000, 0x0000, 0x0000, 0x0000,
    0x0000, 0x0000, 0x0000, 0x0000, 0x0000, 0x0000, 0x0000, 0x0000,
    0x0000, 0x0000, 0x0000, 0x0000, 0x0000, 0x0000, 0x0000, 0x0000,
    0x0000, 0x0000, 0x0000, 0x0000, 0x0000, 0x0000, 0x0000, 0x0000,
    0x0000, 0x0000, 0x0000, 0x0000, 0x0000, 0x0000, 0x0000, 0x0000,
    0x0000, 0x0000, 0x0000, 0x0000, 0x0000, 0x0000, 0x0000, 0x0000,
    0x0000, 0x0000, 0x0000, 0x0000, 0x0000, 0x0000, 0x0000, 0x0000,
    0x0000, 0x0000, 0x0000, 0x0000, 0x0000, 0x0000, 0x0000, 0x0000,
    0x0000, 0x0000, 0x0000, 0x0000, 0x0000, 0x0000, 0x0000, 0x0000,
    0x0000, 0x0000, 0x0000, 0x0000, 0x0000, 0x0000, 0x0000, 0x0000,
    0x0000, 0x0000, 0x0000, 0x0000, 0x0000, 0x0000, 0x0000, 0x0000,
    0x0000, 0x0000, 0x0000, 0x0000, 0x0000, 0x0000, 0x0000, 0x0000,
    0x0000, 0x0000, 0x0020, 0x1081, 0x83EE, 0xFFBD, 0xF75B, 0xEF1A,
    0xEEF9, 0xE6D8, 0xEED8, 0xE6D8, 0xE6B7, 0xDE55, 0xDE75, 0xDE56,
    0xDE35, 0xDE76, 0xE697, 0xDE76, 0xDE55, 0xDE35, 0xDE34, 0xD614,
    0xDE55, 0xDE76, 0xDE35, 0xDE34, 0xDE34, 0xDE34, 0xDE55, 0xD5F3,
    0xD5F2, 0xDE13, 0xDE14, 0xDE14, 0xDE34, 0xDDF2, 0xDDF3, 0xDE14,
    0xD5D2, 0xD5B2, 0xCD71, 0xCD70, 0xCD70, 0xCD90, 0xD5D1, 0xD5D2,
    0xCD2E, 0xCD0F, 0xC4CE, 0xC4AD, 0xCD0F, 0xCD2F, 0xCD2F, 0xCD0F,
    0xD50E, 0xDDB1, 0xD52F, 0xD50E, 0xCD0D, 0xCCED, 0xCD0E, 0xD570,
    0xE590, 0xE5F2, 0xEDD2, 0xE5F2, 0xE612, 0xEDD2, 0xEDF2, 0xE5D1,
    0xE5B0, 0xDD90, 0xDDB0, 0xD52E, 0xCD0E, 0xCD4F, 0xDD8F, 0xD590,
    0xDDD1, 0xDDB0, 0xE612, 0xDDD2, 0xE612, 0xE633, 0xE654, 0xE654,
    0xE694, 0xE655, 0xEE96, 0xE675, 0xEE96, 0xEE96, 0xEEB6, 0xEED7,
    0xEEB6, 0xEED7, 0xF6F7, 0xF6D7, 0xEED7, 0xF6F8, 0xF6F8, 0xEEB6,
    0xEED6, 0xEEF7, 0xF718, 0xF718, 0xF718, 0xF6F8, 0xF718, 0xF719,
    0xF739, 0xF739, 0xF739, 0xF73A, 0xF75A, 0xF75A, 0xFF7C, 0xFF9C,
    0x7BAD, 0x0861, 0x0000, 0x0000, 0x0000, 0x0000, 0x0000, 0x0000,
    0x0000, 0x0000, 0x0000, 0x0000, 0x0000, 0x0000, 0x0000, 0x0000,
    0x0000, 0x0000, 0x0000, 0x0000, 0x0000, 0x0000, 0x0000, 0x0000,
    0x0000, 0x0000, 0x0000, 0x0000, 0x0000, 0x0000, 0x0000, 0x0000,
    0x0000, 0x0000, 0x0000, 0x0000, 0x0000, 0x0000, 0x0000, 0x0000,
    0x0000, 0x0000, 0x0000, 0x0000, 0x0000, 0x0000, 0x0000, 0x0000,
    0x0000, 0x0000, 0x0000, 0x0000, 0x0000, 0x0000, 0x0000, 0x0000,
    0x0000, 0x0000, 0x0000, 0x0000, 0x0000, 0x0000, 0x0000, 0x0000,
    0x0000, 0x0000, 0x0000, 0x0000, 0x0000, 0x0000, 0x0000, 0x0000,
    0x0000, 0x0000, 0x0000, 0x0000, 0x0000, 0x0000, 0x0000, 0x0000,
    0x0000, 0x0000, 0x0000, 0x0000, 0x0000, 0x0000, 0x0000, 0x0000,
    0x0000, 0x0000, 0x0000, 0x0000, 0x0000, 0x0000, 0x0000, 0x0000,
    0x0000, 0x0000, 0x0000, 0x0000, 0x0000, 0x0000, 0x0000, 0x0000,
    0x0000, 0x0000, 0x0000, 0x0000, 0x0000, 0x0000, 0x0000, 0x0000,
    0x0000, 0x0000, 0x0000, 0x0000, 0x0000, 0x0000, 0x0000, 0x0000,
    0x0000, 0x0841, 0x0861, 0x3986, 0xD698, 0xFF7C, 0xEF1A, 0xEEF9,
    0xEED8, 0xE6D8, 0xE6B8, 0xE6B7, 0xDE76, 0xDE55, 0xDE97, 0xDE76,
    0xDE55, 0xDE76, 0xDE55, 0xDE35, 0xDE55, 0xD614, 0xD5F3, 0xD614,
    0xDE55, 0xDE55, 0xDE34, 0xD614, 0xD614, 0xD614, 0xDE14, 0xD613,
    0xCDB1, 0xD5D2, 0xDE13, 0xDE14, 0xDE14, 0xD5D2, 0xD5F3, 0xD5D2,
    0xCD91, 0xCD91, 0xCD50, 0xCD70, 0xCD71, 0xD591, 0xCD50, 0xC4CD,
    0xC4CD, 0xC4EE, 0xC4AD, 0xCCCD, 0xD54F, 0xDD70, 0xDD90, 0xE5B1,
    0xEDD2, 0xEE13, 0xEE13, 0xEDF3, 0xEDF2, 0xE5B1, 0xEE13, 0xF675,
    0xFE95, 0xFEB5, 0xFEB5, 0xFEB5, 0xFEB6, 0xFEB6, 0xFEB5, 0xFEB5,
    0xFE95, 0xFE74, 0xF633, 0xEE12, 0xE5B1, 0xE5B1, 0xEDD0, 0xE5B0,
    0xE5B0, 0xE58F, 0xDDD1, 0xDDD2, 0xDDD1, 0xDDF2, 0xDE13, 0xE634,
    0xE675, 0xE634, 0xE675, 0xE675, 0xE675, 0xE675, 0xE675, 0xEEB6,
    0xEED7, 0xEED7, 0xF6F7, 0xF6F7, 0xEED7, 0xF6F8, 0xF6F8, 0xEE96,
    0xEEB6, 0xEEF7, 0xF718, 0xF718, 0xF718, 0xF6F8, 0xF6F8, 0xF718,
    0xF719, 0xF719, 0xF739, 0xF739, 0xF75A, 0xF75A, 0xF75B, 0xFFDD,
    0xC616, 0x2124, 0x0841, 0x0841, 0x0000, 0x0000, 0x0000, 0x0000,
    0x0000, 0x0000, 0x0000, 0x0000, 0x0000, 0x0000, 0x0000, 0x0000,
    0x0000, 0x0000, 0x0000, 0x0000, 0x0000, 0x0000, 0x0000, 0x0000,
    0x0000, 0x0000, 0x0000, 0x0000, 0x0000, 0x0000, 0x0000, 0x0000,
    0x0000, 0x0000, 0x0000, 0x0000, 0x0000, 0x0000, 0x0000, 0x0000,
    0x0000, 0x0000, 0x0000, 0x0000, 0x0000, 0x0000, 0x0000, 0x0000,
    0x0000, 0x0000, 0x0000, 0x0000, 0x0000, 0x0000, 0x0000, 0x0000,
    0x0000, 0x0000, 0x0000, 0x0000, 0x0000, 0x0000, 0x0000, 0x0000,
    0x0000, 0x0000, 0x0000, 0x0000, 0x0000, 0x0000, 0x0000, 0x0000,
    0x0000, 0x0000, 0x0000, 0x0000, 0x0000, 0x0000, 0x0000, 0x0000,
    0x0000, 0x0000, 0x0000, 0x0000, 0x0000, 0x0000, 0x0000, 0x0000,
    0x0000, 0x0000, 0x0000, 0x0000, 0x0000, 0x0000, 0x0000, 0x0000,
    0x0000, 0x0000, 0x0000, 0x0000, 0x0000, 0x0000, 0x0000, 0x0000,
    0x0000, 0x0000, 0x0000, 0x0000, 0x0000, 0x0000, 0x0000, 0x0000,
    0x0000, 0x0000, 0x0000, 0x0000, 0x0000, 0x0000, 0x0000, 0x0000,
    0x0841, 0x18E3, 0x1903, 0x73AE, 0xF79C, 0xF73B, 0xEF19, 0xE6D8,
    0xE6B7, 0xE6B7, 0xE6B7, 0xDE35, 0xDE35, 0xDE55, 0xD634, 0xDE55,
    0xDE55, 0xDE55, 0xD614, 0xD5F3, 0xD614, 0xD614, 0xD5D2, 0xD5F3,
    0xD614, 0xD613, 0xD614, 0xD5F3, 0xD614, 0xDE35, 0xDE34, 0xDE14,
    0xD613, 0xD5B2, 0xD5B2, 0xD5D2, 0xD5D2, 0xD5F3, 0xD5B2, 0xCDB1,
    0xCD91, 0xCD91, 0xCD2F, 0xCD2F, 0xCD70, 0xCD4F, 0xCD2E, 0xCCAC,
    0xCCEE, 0xDD6F, 0xE5B0, 0xEDF2, 0xEE13, 0xF634, 0xF655, 0xF655,
    0xF6B5, 0xF6B6, 0xF6B5, 0xF695, 0xF695, 0xF6B5, 0xF6B6, 0xFEB6,
    0xFEB6, 0xFED6, 0xFED6, 0xFED6, 0xFEF7, 0xFEF7, 0xFED6, 0xFEF6,
    0xFEF6, 0xFED6, 0xFED6, 0xFEB5, 0xFE95, 0xFE95, 0xF674, 0xF673,
    0xF653, 0xF653, 0xF613, 0xEE12, 0xE5D1, 0xDD90, 0xDDD2, 0xDDF3,
    0xE614, 0xE633, 0xE654, 0xE654, 0xDE33, 0xE654, 0xE675, 0xE675,
    0xEED7, 0xEEB6, 0xEED6, 0xF6F7, 0xEED7, 0xEEF7, 0xEEF7, 0xF6F7,
    0xEEB6, 0xEEB6, 0xEED7, 0xF6F7, 0xEEF8, 0xF718, 0xF718, 0xF6F8,
    0xF718, 0xF739, 0xF739, 0xF739, 0xF73A, 0xF73A, 0xF75A, 0xF79C,
    0xF75C, 0x7BEE, 0x2125, 0x0020, 0x0000, 0x0000, 0x0000, 0x0000,
    0x0000, 0x0000, 0x0000, 0x0000, 0x0000, 0x0000, 0x0000, 0x0000,
    0x0000, 0x0000, 0x0000, 0x0000, 0x0000, 0x0000, 0x0000, 0x0000,
    0x0000, 0x0000, 0x0000, 0x0000, 0x0000, 0x0000, 0x0000, 0x0000,
    0x0000, 0x0000, 0x0000, 0x0000, 0x0000, 0x0000, 0x0000, 0x0000,
    0x0000, 0x0000, 0x0000, 0x0000, 0x0000, 0x0000, 0x0000, 0x0000,
    0x0000, 0x0000, 0x0000, 0x0000, 0x0000, 0x0000, 0x0000, 0x0000,
    0x0000, 0x0000, 0x0000, 0x0000, 0x0000, 0x0000, 0x0000, 0x0000,
    0x0000, 0x0000, 0x0000, 0x0000, 0x0000, 0x0000, 0x0000, 0x0000,
    0x0000, 0x0000, 0x0000, 0x0000, 0x0000, 0x0000, 0x0000, 0x0000,
    0x0000, 0x0000, 0x0000, 0x0000, 0x0000, 0x0000, 0x0000, 0x0000,
    0x0000, 0x0000, 0x0000, 0x0000, 0x0000, 0x0000, 0x0000, 0x0000,
    0x0000, 0x0000, 0x0000, 0x0000, 0x0000, 0x0000, 0x0000, 0x0000,
    0x0000, 0x0000, 0x0000, 0x0000, 0x0000, 0x0000, 0x0000, 0x0000,
    0x0000, 0x0000, 0x0000, 0x0000, 0x0000, 0x0000, 0x0000, 0x0000,
    0x0020, 0x0861, 0x39C7, 0xD699, 0xFF7C, 0xEF1B, 0xEF19, 0xE6D8,
    0xE6B8, 0xE6D8, 0xE697, 0xDE56, 0xDE56, 0xD614, 0xD5F3, 0xDE56,
    0xDE35, 0xDE35, 0xDE55, 0xDE14, 0xD5F3, 0xD614, 0xD5F3, 0xD5F3,
    0xD614, 0xD5F3, 0xD5F3, 0xD5B1, 0xD614, 0xDE14, 0xD5F3, 0xDDF4,
    0xD5F3, 0xD591, 0xD591, 0xD590, 0xD5D2, 0xD5D2, 0xD591, 0xC530,
    0xCD70, 0xD570, 0xCD0F, 0xCD4F, 0xD590, 0xDD91, 0xDDB0, 0xE591,
    0xE5D2, 0xEE13, 0xF653, 0xF675, 0xF675, 0xFE95, 0xFEB6, 0xFEB5,
    0xFED6, 0xFED6, 0xFED6, 0xF6B5, 0xFEB6, 0xF6D6, 0xFED6, 0xFEB6,
    0xFEB6, 0xFED6, 0xFED7, 0xFEF7, 0xFEF7, 0xFEF7, 0xFEF7, 0xFEF7,
    0xFEF7, 0xFED6, 0xFEF6, 0xFEF6, 0xFED6, 0xFEF6, 0xFEF7, 0xFEF6,
    0xFED7, 0xFED7, 0xFEB6, 0xFE95, 0xF653, 0xEE12, 0xE5F2, 0xDD90,
    0xD570, 0xDDD2, 0xE613, 0xE654, 0xDE12, 0xE633, 0xE655, 0xE654,
    0xEE96, 0xEED6, 0xEEB6, 0xF6B6, 0xEED6, 0xEED7, 0xEED7, 0xF6F7,
    0xEED7, 0xEEB6, 0xEEB6, 0xF6D7, 0xEED8, 0xF718, 0xF718, 0xF718,
    0xF6F8, 0xF739, 0xF719, 0xF719, 0xF73A, 0xF73A, 0xF75A, 0xF75A,
    0xFFDD, 0xC5D6, 0x2944, 0x0040, 0x0000, 0x0000, 0x0000, 0x0000,
    0x0000, 0x0000, 0x0000, 0x0000, 0x0000, 0x0000, 0x0000, 0x0000,
    0x0000, 0x0000, 0x0000, 0x0000, 0x0000, 0x0000, 0x0000, 0x0000,
    0x0000, 0x0000, 0x0000, 0x0000, 0x0000, 0x0000, 0x0000, 0x0000,
    0x0000, 0x0000, 0x0000, 0x0000, 0x0000, 0x0000, 0x0000, 0x0000,
    0x0000, 0x0000, 0x0000, 0x0000, 0x0000, 0x0000, 0x0000, 0x0000,
    0x0000, 0x0000, 0x0000, 0x0000, 0x0000, 0x0000, 0x0000, 0x0000,
    0x0000, 0x0000, 0x0000, 0x0000, 0x0000, 0x0000, 0x0000, 0x0000,
    0x0000, 0x0000, 0x0000, 0x0000, 0x0000, 0x0000, 0x0000, 0x0000,
    0x0000, 0x0000, 0x0000, 0x0000, 0x0000, 0x0000, 0x0000, 0x0000,
    0x0000, 0x0000, 0x0000, 0x0000, 0x0000, 0x0000, 0x0000, 0x0000,
    0x0000, 0x0000, 0x0000, 0x0000, 0x0000, 0x0000, 0x0000, 0x0000,
    0x0000, 0x0000, 0x0000, 0x0000, 0x0000, 0x0000, 0x0000, 0x0000,
    0x0000, 0x0000, 0x0000, 0x0000, 0x0000, 0x0000, 0x0000, 0x0000,
    0x0000, 0x0000, 0x0000, 0x0000, 0x0000, 0x0000, 0x0000, 0x0000,
    0x0020, 0x0000, 0x5AEB, 0xFFDE, 0xF73B, 0xEEF9, 0xEED9, 0xE6D8,
    0xE6D9, 0xE6D8, 0xE677, 0xE6B8, 0xDE76, 0xD5F4, 0xDE35, 0xDE56,
    0xDE56, 0xDE35, 0xDE34, 0xDE35, 0xDE14, 0xDE14, 0xDDF3, 0xD5F3,
    0xD634, 0xD5F3, 0xD5D3, 0xCD91, 0xD5D2, 0xCD92, 0xCD91, 0xCDB2,
    0xCD71, 0xCD91, 0xCD71, 0xCD70, 0xCD92, 0xCD4F, 0xC50E, 0xC4EE,
    0xD550, 0xDD90, 0xD570, 0xDDD1, 0xE5F2, 0xEE13, 0xEE33, 0xF654,
    0xF674, 0xF675, 0xF695, 0xF675, 0xF675, 0xF695, 0xFEB6, 0xF6B5,
    0xFEB6, 0xFED6, 0xFEB6, 0xFEB5, 0xFEB6, 0xFEB6, 0xFED6, 0xFEB6,
    0xFEB6, 0xFED6, 0xFED7, 0xFEF7, 0xFEF7, 0xFEF7, 0xFEF7, 0xFEF7,
    0xFEF7, 0xFED6, 0xFEF6, 0xFEF6, 0xFED6, 0xFEF6, 0xFF17, 0xFF17,
    0xFF17, 0xFF17, 0xFF18, 0xFEF7, 0xFEF6, 0xFED6, 0xF695, 0xEE12,
    0xDDD1, 0xE5B1, 0xD570, 0xD5B1, 0xDDF2, 0xDE13, 0xDE34, 0xE654,
    0xE675, 0xEEB6, 0xEE96, 0xEE96, 0xEED6, 0xEED7, 0xF6D8, 0xEED7,
    0xEED7, 0xEED6, 0xEEB6, 0xEED7, 0xEED7, 0xF6F8, 0xF718, 0xF718,
    0xF6F8, 0xF719, 0xF719, 0xF719, 0xF739, 0xF73A, 0xF73A, 0xF75A,
    0xFF9C, 0xE6DA, 0x41E7, 0x0881, 0x0000, 0x0000, 0x0000, 0x0000,
    0x0000, 0x0000, 0x0000, 0x0000, 0x0000, 0x0000, 0x0000, 0x0000,
    0x0000, 0x0000, 0x0000, 0x0000, 0x0000, 0x0000, 0x0000, 0x0000,
    0x0000, 0x0000, 0x0000, 0x0000, 0x0000, 0x0000, 0x0000, 0x0000,
    0x0000, 0x0000, 0x0000, 0x0000, 0x0000, 0x0000, 0x0000, 0x0000,
    0x0000, 0x0000, 0x0000, 0x0000, 0x0000, 0x0000, 0x0000, 0x0000,
    0x0000, 0x0000, 0x0000, 0x0000, 0x0000, 0x0000, 0x0000, 0x0000,
    0x0000, 0x0000, 0x0000, 0x0000, 0x0000, 0x0000, 0x0000, 0x0000,
    0x0000, 0x0000, 0x0000, 0x0000, 0x0000, 0x0000, 0x0000, 0x0000,
    0x0000, 0x0000, 0x0000, 0x0000, 0x0000, 0x0000, 0x0000, 0x0000,
    0x0000, 0x0000, 0x0000, 0x0000, 0x0000, 0x0000, 0x0000, 0x0000,
    0x0000, 0x0000, 0x0000, 0x0000, 0x0000, 0x0000, 0x0000, 0x0000,
    0x0000, 0x0000, 0x0000, 0x0000, 0x0000, 0x0000, 0x0000, 0x0000,
    0x0000, 0x0000, 0x0000, 0x0000, 0x0000, 0x0000, 0x0000, 0x0000,
    0x0000, 0x0000, 0x0000, 0x0000, 0x0000, 0x0000, 0x0000, 0x0841,
    0x0861, 0x1080, 0xA4F2, 0xFFBD, 0xEF3A, 0xE6D8, 0xE6B8, 0xE6D8,
    0xE6D8, 0xE697, 0xE697, 0xE6B7, 0xDE56, 0xDE35, 0xDE76, 0xDE35,
    0xDE76, 0xDE34, 0xD5F3, 0xDE35, 0xDE55, 0xDE34, 0xDE14, 0xD614,
    0xD634, 0xD614, 0xD5F4, 0xCDB2, 0xCD91, 0xC550, 0xC550, 0xC570,
    0xC530, 0xCD91, 0xC510, 0xC510, 0xC50F, 0xC4EE, 0xC4CD, 0xD52F,
    0xE5B1, 0xE5F2, 0xEE12, 0xEE33, 0xF654, 0xEE54, 0xEE54, 0xEE54,
    0xF675, 0xF695, 0xF695, 0xF695, 0xF695, 0xF6B5, 0xFEB6, 0xF6B6,
    0xFED6, 0xFEB6, 0xFEB6, 0xFEB6, 0xFED6, 0xFED6, 0xFED6, 0xFED6,
    0xFED6, 0xFED6, 0xFED6, 0xFED6, 0xFEF7, 0xFEF6, 0xFEF6, 0xFEF7,
    0xFEF7, 0xFEF7, 0xFEF7, 0xFEF6, 0xFEF6, 0xFEF7, 0xFF17, 0xFF17,
    0xFF17, 0xFF17, 0xFF17, 0xFF17, 0xFF17, 0xFF17, 0xFF17, 0xFEF7,
    0xFEB5, 0xF633, 0xDD6F, 0xCD2F, 0xDDD2, 0xDDF2, 0xDE13, 0xE634,
    0xE675, 0xEE75, 0xE675, 0xEEB6, 0xEED7, 0xEED7, 0xF6F8, 0xEEF7,
    0xEED7, 0xEED7, 0xEEB6, 0xEED7, 0xEED7, 0xF6F8, 0xF6F7, 0xF6F8,
    0xF718, 0xF718, 0xF739, 0xF739, 0xF739, 0xF739, 0xF73A, 0xF75A,
    0xF75B, 0xFF9C, 0x83EE, 0x1903, 0x0000, 0x0000, 0x0000, 0x0000,
    0x0000, 0x0000, 0x0000, 0x0000, 0x0000, 0x0000, 0x0000, 0x0000,
    0x0000, 0x0000, 0x0000, 0x0000, 0x0000, 0x0000, 0x0000, 0x0000,
    0x0000, 0x0000, 0x0000, 0x0000, 0x0000, 0x0000, 0x0000, 0x0000,
    0x0000, 0x0000, 0x0000, 0x0000, 0x0000, 0x0000, 0x0000, 0x0000,
    0x0000, 0x0000, 0x0000, 0x0000, 0x0000, 0x0000, 0x0000, 0x0000,
    0x0000, 0x0000, 0x0000, 0x0000, 0x0000, 0x0000, 0x0000, 0x0000,
    0x0000, 0x0000, 0x0000, 0x0000, 0x0000, 0x0000, 0x0000, 0x0000,
    0x0000, 0x0000, 0x0000, 0x0000, 0x0000, 0x0000, 0x0000, 0x0000,
    0x0000, 0x0000, 0x0000, 0x0000, 0x0000, 0x0000, 0x0000, 0x0000,
    0x0000, 0x0000, 0x0000, 0x0000, 0x0000, 0x0000, 0x0000, 0x0000,
    0x0000, 0x0000, 0x0000, 0x0000, 0x0000, 0x0000, 0x0000, 0x0000,
    0x0000, 0x0000, 0x0000, 0x0000, 0x0000, 0x0000, 0x0000, 0x0000,
    0x0000, 0x0000, 0x0000, 0x0000, 0x0000, 0x0000, 0x0000, 0x0000,
    0x0000, 0x0000, 0x0000, 0x0000, 0x0000, 0x0000, 0x0020, 0x10A1,
    0x18C2, 0x62EA, 0xEF5B, 0xF77D, 0xEF1A, 0xE6D8, 0xE6D8, 0xE6D8,
    0xDE96, 0xE697, 0xDE56, 0xE655, 0xDE35, 0xDE35, 0xDE76, 0xD614,
    0xD614, 0xDE34, 0xD614, 0xDE55, 0xDE55, 0xDE35, 0xDE55, 0xDE35,
    0xD5F3, 0xD614, 0xD614, 0xD5D3, 0xCDB2, 0xC550, 0xC530, 0xC530,
    0xC50F, 0xC54F, 0xBCCE, 0xBC8D, 0xC4CE, 0xD54F, 0xDDB1, 0xE5F3,
    0xEE34, 0xEE34, 0xEE54, 0xEE54, 0xF675, 0xF675, 0xF675, 0xF695,
    0xF695, 0xF695, 0xF695, 0xF6B5, 0xF695, 0xF6B6, 0xF6B6, 0xF6B6,
    0xFEB6, 0xFEB6, 0xFEB6, 0xFED6, 0xFED6, 0xFED6, 0xFED6, 0xFED6,
    0xFED6, 0xFED6, 0xFED6, 0xFED6, 0xFEF7, 0xFEF7, 0xFEF6, 0xFEF7,
    0xFEF7, 0xFEF7, 0xFEF7, 0xFEF7, 0xFEF7, 0xFEF7, 0xFF17, 0xFF17,
    0xFF17, 0xFF17, 0xFF17, 0xFF17, 0xFF17, 0xFF17, 0xFF17, 0xFF17,
    0xFF17, 0xFEF7, 0xFE94, 0xEDF1, 0xDD70, 0xD590, 0xDDF2, 0xE633,
    0xE654, 0xE675, 0xE634, 0xE674, 0xEE96, 0xEEB6, 0xEEF8, 0xEED7,
    0xEEB6, 0xEED7, 0xEED7, 0xEED7, 0xEEF7, 0xF6F8, 0xEED7, 0xEEF8,
    0xF718, 0xF6F8, 0xF719, 0xF739, 0xF739, 0xF739, 0xF739, 0xF73A,
    0xF73A, 0xFF9C, 0xC5F6, 0x4207, 0x18C2, 0x0000, 0x0000, 0x0000,
    0x0000, 0x0000, 0x0000, 0x0000, 0x0000, 0x0000, 0x0000, 0x0000,
    0x0000, 0x0000, 0x0000, 0x0000, 0x0000, 0x0000, 0x0000, 0x0000,
    0x0000, 0x0000, 0x0000, 0x0000, 0x0000, 0x0000, 0x0000, 0x0000,
    0x0000, 0x0000, 0x0000, 0x0000, 0x0000, 0x0000, 0x0000, 0x0000,
    0x0000, 0x0000, 0x0000, 0x0000, 0x0000, 0x0000, 0x0000, 0x0000,
    0x0000, 0x0000, 0x0000, 0x0000, 0x0000, 0x0000, 0x0000, 0x0000,
    0x0000, 0x0000, 0x0000, 0x0000, 0x0000, 0x0000, 0x0000, 0x0000,
    0x0000, 0x0000, 0x0000, 0x0000, 0x0000, 0x0000, 0x0000, 0x0000,
    0x0000, 0x0000, 0x0000, 0x0000, 0x0000, 0x0000, 0x0000, 0x0000,
    0x0000, 0x0000, 0x0000, 0x0000, 0x0000, 0x0000, 0x0000, 0x0000,
    0x0000, 0x0000, 0x0000, 0x0000, 0x0000, 0x0000, 0x0000, 0x0000,
    0x0000, 0x0000, 0x0000, 0x0000, 0x0000, 0x0000, 0x0000, 0x0000,
    0x0000, 0x0000, 0x0000, 0x0000, 0x0000, 0x0000, 0x0000, 0x0000,
    0x0000, 0x0000, 0x0000, 0x0000, 0x0000, 0x0000, 0x0841, 0x10C2,
    0x2924, 0xB574, 0xFFFE, 0xF75B, 0xEEFA, 0xE6D8, 0xE6D8, 0xE697,
    0xDE56, 0xE697, 0xDE35, 0xD614, 0xDE14, 0xDDF4, 0xDE35, 0xDE55,
    0xDE35, 0xDE14, 0xDE35, 0xDE76, 0xD634, 0xDE35, 0xDE76, 0xDE35,
    0xD614, 0xD5F3, 0xD5F3, 0xD5F3, 0xCDD2, 0xC550, 0xC50F, 0xC4CE,
    0xBCAD, 0xBCCD, 0xC50F, 0xD52F, 0xDD91, 0xE5F3, 0xEE34, 0xEE54,
    0xEE54, 0xEE75, 0xEE75, 0xEE75, 0xF675, 0xF675, 0xF695, 0xF695,
    0xF695, 0xF695, 0xF6B6, 0xF6B6, 0xF6B5, 0xF6B6, 0xF6B6, 0xF6B6,
    0xFEB6, 0xFEB6, 0xFED6, 0xFED6, 0xFEF7, 0xFED6, 0xFED6, 0xFEF7,
    0xFED6, 0xFED6, 0xFEF7, 0xFEF7, 0xFEF7, 0xFEF7, 0xFEF7, 0xFEF7,
    0xFEF7, 0xFEF7, 0xFEF7, 0xFF17, 0xFF17, 0xFEF7, 0xFEF7, 0xFF17,
    0xFF18, 0xFF17, 0xFF17, 0xFF17, 0xFF17, 0xFF38, 0xFF38, 0xFF38,
    0xFF18, 0xFF18, 0xFF17, 0xFEB6, 0xEE13, 0xE5D1, 0xDD6F, 0xD570,
    0xE633, 0xE654, 0xE613, 0xE633, 0xEE75, 0xEE95, 0xEEF8, 0xEED7,
    0xEE95, 0xEEB6, 0xEED7, 0xEED7, 0xEEF7, 0xF6D7, 0xEEF7, 0xF6F8,
    0xF6F8, 0xF718, 0xF719, 0xF739, 0xF719, 0xF739, 0xF739, 0xF73A,
    0xF73A, 0xFF7C, 0xEF1B, 0x5AAA, 0x2924, 0x0000, 0x0000, 0x0000,
    0x0000, 0x0000, 0x0000, 0x0000, 0x0000, 0x0000, 0x0000, 0x0000,
    0x0000, 0x0000, 0x0000, 0x0000, 0x0000, 0x0000, 0x0000, 0x0000,
    0x0000, 0x0000, 0x0000, 0x0000, 0x0000, 0x0000, 0x0000, 0x0000,
    0x0000, 0x0000, 0x0000, 0x0000, 0x0000, 0x0000, 0x0000, 0x0000,
    0x0000, 0x0000, 0x0000, 0x0000, 0x0000, 0x0000, 0x0000, 0x0000,
    0x0000, 0x0000, 0x0000, 0x0000, 0x0000, 0x0000, 0x0000, 0x0000,
    0x0000, 0x0000, 0x0000, 0x0000, 0x0000, 0x0000, 0x0000, 0x0000,
    0x0000, 0x0000, 0x0000, 0x0000, 0x0000, 0x0000, 0x0000, 0x0000,
    0x0000, 0x0000, 0x0000, 0x0000, 0x0000, 0x0000, 0x0000, 0x0000,
    0x0000, 0x0000, 0x0000, 0x0000, 0x0000, 0x0000, 0x0000, 0x0000,
    0x0000, 0x0000, 0x0000, 0x0000, 0x0000, 0x0000, 0x0000, 0x0000,
    0x0000, 0x0000, 0x0000, 0x0000, 0x0000, 0x0000, 0x0000, 0x0000,
    0x0000, 0x0000, 0x0000, 0x0000, 0x0000, 0x0000, 0x0000, 0x0000,
    0x0000, 0x0000, 0x0000, 0x0000, 0x0000, 0x0000, 0x0020, 0x0861,
    0x4208, 0xE71A, 0xF79C, 0xEF3A, 0xEEF9, 0xEED9, 0xE6B8, 0xDE56,
    0xDE56, 0xDE56, 0xDE35, 0xD5F4, 0xD5F4, 0xD5D3, 0xD5F4, 0xDE55,
    0xDE35, 0xD614, 0xDE14, 0xDE55, 0xDE34, 0xD614, 0xDE14, 0xD614,
    0xD614, 0xD5D3, 0xD5D3, 0xD5D2, 0xCD91, 0xC550, 0xBCCD, 0xBC6C,
    0xBCAC, 0xC50E, 0xDD91, 0xE5F2, 0xEE34, 0xF654, 0xEE74, 0xEE54,
    0xEE54, 0xEE75, 0xF695, 0xEE75, 0xEE75, 0xF675, 0xF695, 0xF6B5,
    0xF695, 0xF695, 0xF6B6, 0xF6B6, 0xF6B5, 0xFEB6, 0xF6B6, 0xFEB6,
    0xF6B6, 0xF6B6, 0xFED6, 0xFED6, 0xFEF7, 0xFED6, 0xFED6, 0xFEF7,
    0xFED6, 0xFED6, 0xFEF7, 0xFEF7, 0xFEF7, 0xFEF7, 0xFEF7, 0xFEF7,
    0xFEF7, 0xFEF7, 0xFEF7, 0xFF17, 0xFF17, 0xFEF7, 0xFEF7, 0xFF17,
    0xFF18, 0xFF17, 0xFF17, 0xFF17, 0xFF18, 0xFF38, 0xFF38, 0xFF38,
    0xFF18, 0xFF18, 0xFF18, 0xFF18, 0xFEF6, 0xF674, 0xE5D1, 0xD52F,
    0xDDB1, 0xDE33, 0xDE13, 0xE613, 0xE675, 0xEE95, 0xEEB6, 0xEED7,
    0xEEB6, 0xEEB6, 0xEED7, 0xEED7, 0xEED7, 0xEED6, 0xEEF8, 0xF6F8,
    0xF6F8, 0xF718, 0xF718, 0xF719, 0xF719, 0xF739, 0xF739, 0xF73A,
    0xF73A, 0xF75B, 0xFF9C, 0x842F, 0x2923, 0x1081, 0x0000, 0x0000,
    0x0000, 0x0000, 0x0000, 0x0000, 0x0000, 0x0000, 0x0000, 0x0000,
    0x0000, 0x0000, 0x0000, 0x0000, 0x0000, 0x0000, 0x0000, 0x0000,
    0x0000, 0x0000, 0x0000, 0x0000, 0x0000, 0x0000, 0x0000, 0x0000,
    0x0000, 0x0000, 0x0000, 0x0000, 0x0000, 0x0000, 0x0000, 0x0000,
    0x0000, 0x0000, 0x0000, 0x0000, 0x0000, 0x0000, 0x0000, 0x0000,
    0x0000, 0x0000, 0x0000, 0x0000, 0x0000, 0x0000, 0x0000, 0x0000,
    0x0000, 0x0000, 0x0000, 0x0000, 0x0000, 0x0000, 0x0000, 0x0000,
    0x0000, 0x0000, 0x0000, 0x0000, 0x0000, 0x0000, 0x0000, 0x0000,
    0x0000, 0x0000, 0x0000, 0x0000, 0x0000, 0x0000, 0x0000, 0x0000,
    0x0000, 0x0000, 0x0000, 0x0000, 0x0000, 0x0000, 0x0000, 0x0000,
    0x0000, 0x0000, 0x0000, 0x0000, 0x0000, 0x0000, 0x0000, 0x0000,
    0x0000, 0x0000, 0x0000, 0x0000, 0x0000, 0x0000, 0x0000, 0x0000,
    0x0000, 0x0000, 0x0000, 0x0000, 0x0000, 0x0000, 0x0000, 0x0000,
    0x0000, 0x0000, 0x0000, 0x0000, 0x0000, 0x0000, 0x0000, 0x0841,
    0x7BEF, 0xFF9C, 0xEF5B, 0xEF1A, 0xEEF9, 0xEEF9, 0xE697, 0xDE56,
    0xDE76, 0xD635, 0xDE35, 0xD5D3, 0xD5F4, 0xD614, 0xD5F4, 0xD614,
    0xD614, 0xD614, 0xD5D3, 0xD5D3, 0xDE35, 0xD5F3, 0xD5B2, 0xD5F3,
    0xD5F3, 0xCDD2, 0xCDB2, 0xCD71, 0xC550, 0xC550, 0xBCAD, 0xBCAD,
    0xD550, 0xE5F3, 0xE613, 0xE613, 0xEE34, 0xEE54, 0xEE75, 0xEE75,
    0xEE54, 0xEE75, 0xF695, 0xEE75, 0xF675, 0xF675, 0xF695, 0xF6B6,
    0xF695, 0xF695, 0xF6B6, 0xF6B6, 0xF6B6, 0xFEB6, 0xF6B6, 0xFEB6,
    0xF6B5, 0xF6B6, 0xF6B6, 0xFED6, 0xFED6, 0xFED6, 0xFED6, 0xFED6,
    0xFED6, 0xFEF7, 0xFEF7, 0xFEF7, 0xFEF6, 0xFEF6, 0xFEF6, 0xFEF7,
    0xFEF7, 0xFEF7, 0xFEF7, 0xFEF7, 0xFF17, 0xFEF7, 0xFF17, 0xFF17,
    0xFF17, 0xFF17, 0xFF17, 0xFF17, 0xFF18, 0xFF38, 0xFF38, 0xFF38,
    0xFF38, 0xFF38, 0xFF38, 0xFF18, 0xFF17, 0xFF16, 0xFEB6, 0xEDF2,
    0xD54F, 0xDDD2, 0xDDD2, 0xDE13, 0xE674, 0xE675, 0xE695, 0xEED7,
    0xEED7, 0xEED6, 0xEED7, 0xEED7, 0xEED7, 0xEEF7, 0xEEF8, 0xEEF8,
    0xF6F8, 0xF718, 0xEEF8, 0xF6F8, 0xF719, 0xF719, 0xF739, 0xF73A,
    0xF73A, 0xF73A, 0xFFBC, 0xC616, 0x2944, 0x10C2, 0x0020, 0x0000,
    0x0000, 0x0000, 0x0000, 0x0000, 0x0000, 0x0000, 0x0000, 0x0000,
    0x0000, 0x0000, 0x0000, 0x0000, 0x0000, 0x0000, 0x0000, 0x0000,
    0x0000, 0x0000, 0x0000, 0x0000, 0x0000, 0x0000, 0x0000, 0x0000,
    0x0000, 0x0000, 0x0000, 0x0000, 0x0000, 0x0000, 0x0000, 0x0000,
    0x0000, 0x0000, 0x0000, 0x0000, 0x0000, 0x0000, 0x0000, 0x0000,
    0x0000, 0x0000, 0x0000, 0x0000, 0x0000, 0x0000, 0x0000, 0x0000,
    0x0000, 0x0000, 0x0000, 0x0000, 0x0000, 0x0000, 0x0000, 0x0000,
    0x0000, 0x0000, 0x0000, 0x0000, 0x0000, 0x0000, 0x0000, 0x0000,
    0x0000, 0x0000, 0x0000, 0x0000, 0x0000, 0x0000, 0x0000, 0x0000,
    0x0000, 0x0000, 0x0000, 0x0000, 0x0000, 0x0000, 0x0000, 0x0000,
    0x0000, 0x0000, 0x0000, 0x0000, 0x0000, 0x0000, 0x0000, 0x0000,
    0x0000, 0x0000, 0x0000, 0x0000, 0x0000, 0x0000, 0x0000, 0x0000,
    0x0000, 0x0000, 0x0000, 0x0000, 0x0000, 0x0000, 0x0000, 0x0000,
    0x0000, 0x0000, 0x0000, 0x0000, 0x0000, 0x0000, 0x0860, 0x3165,
    0xBDF6, 0xFF9C, 0xEF1A, 0xEF1A, 0xEEF9, 0xE6F9, 0xE697, 0xDE77,
    0xDE76, 0xDE35, 0xD614, 0xD614, 0xDE35, 0xD635, 0xD635, 0xD615,
    0xD5F3, 0xCDB2, 0xD5D3, 0xCDB2, 0xCDD3, 0xD5F3, 0xD5D3, 0xCDD2,
    0xCDB2, 0xC550, 0xC571, 0xCD71, 0xBD0F, 0xBCEE, 0xC4EF, 0xD570,
    0xE5F3, 0xE613, 0xE634, 0xE634, 0xEE54, 0xEE55, 0xEE75, 0xEE75,
    0xEE75, 0xEE75, 0xEE75, 0xF675, 0xF675, 0xF675, 0xF695, 0xF695,
    0xF695, 0xF695, 0xF6B6, 0xF6B6, 0xF6B6, 0xF6B6, 0xFEB6, 0xFED6,
    0xFEB6, 0xFEB6, 0xFEB6, 0xFED6, 0xF6B6, 0xFED6, 0xFED6, 0xFED6,
    0xFED6, 0xFEF7, 0xFEF7, 0xFEF7, 0xFEF6, 0xFEF7, 0xFEF6, 0xFEF6,
    0xFEF7, 0xFEF7, 0xFEF7, 0xFEF7, 0xFF17, 0xFEF7, 0xFF17, 0xFF17,
    0xFF17, 0xFF17, 0xFF17, 0xFF18, 0xFF38, 0xFF38, 0xFF38, 0xFF38,
    0xFF38, 0xFF38, 0xFF38, 0xFF38, 0xFF18, 0xFF17, 0xFF17, 0xFED7,
    0xEE11, 0xD54F, 0xD590, 0xDDF2, 0xDE13, 0xE654, 0xE675, 0xEEB6,
    0xEEB6, 0xEEB6, 0xEED7, 0xEEB7, 0xEEF8, 0xEEF7, 0xEED7, 0xF6F8,
    0xF6F8, 0xF718, 0xF718, 0xF718, 0xF718, 0xF6F8, 0xF718, 0xF739,
    0xF73A, 0xF73A, 0xF79B, 0xEEFB, 0x41E7, 0x0820, 0x0881, 0x0020,
    0x0000, 0x0000, 0x0000, 0x0000, 0x0000, 0x0000, 0x0000, 0x0000,
    0x0000, 0x0000, 0x0000, 0x0000, 0x0000, 0x0000, 0x0000, 0x0000,
    0x0000, 0x0000, 0x0000, 0x0000, 0x0000, 0x0000, 0x0000, 0x0000,
    0x0000, 0x0000, 0x0000, 0x0000, 0x0000, 0x0000, 0x0000, 0x0000,
    0x0000, 0x0000, 0x0000, 0x0000, 0x0000, 0x0000, 0x0000, 0x0000,
    0x0000, 0x0000, 0x0000, 0x0000, 0x0000, 0x0000, 0x0000, 0x0000,
    0x0000, 0x0000, 0x0000, 0x0000, 0x0000, 0x0000, 0x0000, 0x0000,
    0x0000, 0x0000, 0x0000, 0x0000, 0x0000, 0x0000, 0x0000, 0x0000,
    0x0000, 0x0000, 0x0000, 0x0000, 0x0000, 0x0000, 0x0000, 0x0000,
    0x0000, 0x0000, 0x0000, 0x0000, 0x0000, 0x0000, 0x0000, 0x0000,
    0x0000, 0x0000, 0x0000, 0x0000, 0x0000, 0x0000, 0x0000, 0x0000,
    0x0000, 0x0000, 0x0000, 0x0000, 0x0000, 0x0000, 0x0000, 0x0000,
    0x0000, 0x0000, 0x0000, 0x0000, 0x0000, 0x0000, 0x0000, 0x0000,
    0x0000, 0x0000, 0x0000, 0x0000, 0x0000, 0x10A2, 0x2124, 0x5249,
    0xEF3B, 0xFF7C, 0xEF1A, 0xEF1A, 0xEED9, 0xE6B8, 0xE676, 0xDE76,
    0xDE56, 0xDE34, 0xD5F4, 0xD614, 0xDE35, 0xDE55, 0xDE56, 0xDE55,
    0xD5D3, 0xD5F3, 0xDE14, 0xD5F3, 0xCDD3, 0xD592, 0xD5B2, 0xCDB1,
    0xC591, 0xC571, 0xC570, 0xC530, 0xC4EE, 0xCD2F, 0xD5B1, 0xE5F3,
    0xEE13, 0xE634, 0xEE34, 0xEE54, 0xEE55, 0xEE55, 0xEE55, 0xEE75,
    0xEE75, 0xEE54, 0xEE75, 0xF675, 0xF654, 0xF675, 0xF695, 0xF695,
    0xF695, 0xF695, 0xF6B6, 0xF6B6, 0xF6B5, 0xF6B5, 0xFEB6, 0xFED6,
    0xFEB6, 0xFED6, 0xFED6, 0xFED6, 0xF6B6, 0xFEB5, 0xFED6, 0xFED6,
    0xFED6, 0xFEF7, 0xFEF7, 0xFEF7, 0xFEF7, 0xFEF7, 0xFEF7, 0xFEF7,
    0xFEF7, 0xFF17, 0xFEF7, 0xFEF7, 0xFEF7, 0xFF17, 0xFEF7, 0xFF17,
    0xFF18, 0xFF17, 0xFF17, 0xFF18, 0xFF38, 0xFF18, 0xFF38, 0xFF38,
    0xFF38, 0xFF38, 0xFF38, 0xFF38, 0xFF38, 0xFF38, 0xFF18, 0xFF18,
    0xFED6, 0xEE12, 0xD52E, 0xDDD1, 0xDE13, 0xE633, 0xE655, 0xEE95,
    0xEE95, 0xEE96, 0xEE96, 0xEEB7, 0xEEF8, 0xEEF7, 0xEED7, 0xF6D7,
    0xF6F8, 0xF6F8, 0xFF18, 0xF719, 0xF719, 0xF719, 0xF719, 0xF719,
    0xF73A, 0xF73A, 0xF75A, 0xFF9D, 0x8C70, 0x18C2, 0x0841, 0x0020,
    0x0000, 0x0000, 0x0000, 0x0000, 0x0000, 0x0000, 0x0000, 0x0000,
    0x0000, 0x0000, 0x0000, 0x0000, 0x0000, 0x0000, 0x0000, 0x0000,
    0x0000, 0x0000, 0x0000, 0x0000, 0x0000, 0x0000, 0x0000, 0x0000,
    0x0000, 0x0000, 0x0000, 0x0000, 0x0000, 0x0000, 0x0000, 0x0000,
    0x0000, 0x0000, 0x0000, 0x0000, 0x0000, 0x0000, 0x0000, 0x0000,
    0x0000, 0x0000, 0x0000, 0x0000, 0x0000, 0x0000, 0x0000, 0x0000,
    0x0000, 0x0000, 0x0000, 0x0000, 0x0000, 0x0000, 0x0000, 0x0000,
    0x0000, 0x0000, 0x0000, 0x0000, 0x0000, 0x0000, 0x0000, 0x0000,
    0x0000, 0x0000, 0x0000, 0x0000, 0x0000, 0x0000, 0x0000, 0x0000,
    0x0000, 0x0000, 0x0000, 0x0000, 0x0000, 0x0000, 0x0000, 0x0000,
    0x0000, 0x0000, 0x0000, 0x0000, 0x0000, 0x0000, 0x0000, 0x0000,
    0x0000, 0x0000, 0x0000, 0x0000, 0x0000, 0x0000, 0x0000, 0x0000,
    0x0000, 0x0000, 0x0000, 0x0000, 0x0000, 0x0000, 0x0000, 0x0000,
    0x0000, 0x0000, 0x0000, 0x0000, 0x0841, 0x2124, 0x20E3, 0x7BCE,
    0xFFBD, 0xF73B, 0xEF1A, 0xEEF8, 0xE6B8, 0xE676, 0xDE35, 0xDE35,
    0xDE35, 0xD614, 0xD615, 0xD614, 0xD5F3, 0xDE35, 0xE656, 0xDE55,
    0xDDF4, 0xDE35, 0xE655, 0xD614, 0xD5F4, 0xCD91, 0xCD92, 0xCD71,
    0xC571, 0xC550, 0xC50F, 0xC4EF, 0xCD0F, 0xDDB1, 0xE613, 0xE613,
    0xE613, 0xE634, 0xF634, 0xEE54, 0xEE55, 0xEE55, 0xEE55, 0xEE75,
    0xEE54, 0xEE54, 0xEE75, 0xEE75, 0xEE54, 0xF675, 0xF695, 0xF695,
    0xF696, 0xF696, 0xF6B6, 0xF6B6, 0xF6B5, 0xF6B5, 0xF6B6, 0xFED6,
    0xFEB6, 0xFED6, 0xFED6, 0xFED6, 0xFEB6, 0xF6B5, 0xFED6, 0xFED6,
    0xFED6, 0xFEF7, 0xFEF7, 0xFEF7, 0xFEF7, 0xFEF7, 0xFEF7, 0xFEF7,
    0xFEF7, 0xFF17, 0xFEF7, 0xFEF7, 0xFEF7, 0xFF17, 0xFEF7, 0xFF17,
    0xFF18, 0xFF17, 0xFF17, 0xFF38, 0xFF17, 0xFF17, 0xFF38, 0xFF38,
    0xFF38, 0xFF38, 0xFF38, 0xFF18, 0xFF38, 0xFF38, 0xFF18, 0xFF17,
    0xFF38, 0xFEF6, 0xE5D1, 0xD56F, 0xDDF2, 0xDE13, 0xE654, 0xEE95,
    0xE675, 0xE675, 0xE674, 0xEEB5, 0xEEB6, 0xEED7, 0xEEF7, 0xEED8,
    0xF6F8, 0xEEF7, 0xF6F8, 0xF719, 0xF719, 0xF719, 0xF719, 0xF719,
    0xF73A, 0xF73A, 0xF73A, 0xFFBD, 0xD699, 0x31A6, 0x0841, 0x0000,
    0x0000, 0x0000, 0x0000, 0x0000, 0x0000, 0x0000, 0x0000, 0x0000,
    0x0000, 0x0000, 0x0000, 0x0000, 0x0000, 0x0000, 0x0000, 0x0000,
    0x0000, 0x0000, 0x0000, 0x0000, 0x0000, 0x0000, 0x0000, 0x0000,
    0x0000, 0x0000, 0x0000, 0x0000, 0x0000, 0x0000, 0x0000, 0x0000,
    0x0000, 0x0000, 0x0000, 0x0000, 0x0000, 0x0000, 0x0000, 0x0000,
    0x0000, 0x0000, 0x0000, 0x0000, 0x0000, 0x0000, 0x0000, 0x0000,
    0x0000, 0x0000, 0x0000, 0x0000, 0x0000, 0x0000, 0x0000, 0x0000,
    0x0000, 0x0000, 0x0000, 0x0000, 0x0000, 0x0000, 0x0000, 0x0000,
    0x0000, 0x0000, 0x0000, 0x0000, 0x0000, 0x0000, 0x0000, 0x0000,
    0x0000, 0x0000, 0x0000, 0x0000, 0x0000, 0x0000, 0x0000, 0x0000,
    0x0000, 0x0000, 0x0000, 0x0000, 0x0000, 0x0000, 0x0000, 0x0000,
    0x0000, 0x0000, 0x0000, 0x0000, 0x0000, 0x0000, 0x0000, 0x0000,
    0x0000, 0x0000, 0x0000, 0x0000, 0x0000, 0x0000, 0x0000, 0x0000,
    0x0000, 0x0000, 0x0000, 0x0000, 0x18E3, 0x18C2, 0x0840, 0xBDF6,
    0xFFDD, 0xEF1A, 0xEEF9, 0xE6B7, 0xE697, 0xDE76, 0xD635, 0xD615,
    0xD614, 0xD614, 0xD635, 0xD5F3, 0xCDD2, 0xD5F4, 0xDE55, 0xDE35,
    0xDE35, 0xDE35, 0xDE35, 0xD5F4, 0xD5F4, 0xCDD2, 0xCD92, 0xC550,
    0xC550, 0xBCEF, 0xBCCE, 0xCD30, 0xD5B1, 0xDDD2, 0xDDF3, 0xE613,
    0xE634, 0xE634, 0xEE34, 0xEE54, 0xEE54, 0xEE55, 0xEE75, 0xEE75,
    0xEE54, 0xEE75, 0xEE75, 0xEE75, 0xEE54, 0xF675, 0xF695, 0xF695,
    0xF696, 0xF696, 0xF6B6, 0xF6B5, 0xF6B5, 0xF6B6, 0xF6B6, 0xFEB6,
    0xFEB6, 0xFED6, 0xFED6, 0xFED6, 0xFEB6, 0xF6B5, 0xFEB6, 0xFED6,
    0xFED6, 0xFED7, 0xFEF6, 0xFED6, 0xFEF7, 0xFEF7, 0xFEF7, 0xFEF7,
    0xFEF7, 0xFEF7, 0xFEF7, 0xFEF7, 0xFEF7, 0xFEF7, 0xFF17, 0xFF17,
    0xFF17, 0xFF17, 0xFF17, 0xFF38, 0xFF17, 0xFF17, 0xFF17, 0xFF18,
    0xFF38, 0xFF38, 0xFF17, 0xFF18, 0xFF38, 0xFF38, 0xFF38, 0xFF38,
    0xFF17, 0xFF17, 0xFED6, 0xE58F, 0xD56F, 0xDDF2, 0xE633, 0xE675,
    0xE654, 0xE654, 0xE674, 0xEE95, 0xEE95, 0xEEB6, 0xEEF7, 0xEEF8,
    0xF6F8, 0xEEF7, 0xEEF7, 0xEEF8, 0xEEF8, 0xF719, 0xF719, 0xF719,
    0xF739, 0xF73A, 0xF73A, 0xF77C, 0xF75C, 0x4227, 0x0040, 0x0000,
    0x0000, 0x0000, 0x0000, 0x0000, 0x0000, 0x0000, 0x0000, 0x0000,
    0x0000, 0x0000, 0x0000, 0x0000, 0x0000, 0x0000, 0x0000, 0x0000,
    0x0000, 0x0000, 0x0000, 0x0000, 0x0000, 0x0000, 0x0000, 0x0000,
    0x0000, 0x0000, 0x0000, 0x0000, 0x0000, 0x0000, 0x0000, 0x0000,
    0x0000, 0x0000, 0x0000, 0x0000, 0x0000, 0x0000, 0x0000, 0x0000,
    0x0000, 0x0000, 0x0000, 0x0000, 0x0000, 0x0000, 0x0000, 0x0000,
    0x0000, 0x0000, 0x0000, 0x0000, 0x0000, 0x0000, 0x0000, 0x0000,
    0x0000, 0x0000, 0x0000, 0x0000, 0x0000, 0x0000, 0x0000, 0x0000,
    0x0000, 0x0000, 0x0000, 0x0000, 0x0000, 0x0000, 0x0000, 0x0000,
    0x0000, 0x0000, 0x0000, 0x0000, 0x0000, 0x0000, 0x0000, 0x0000,
    0x0000, 0x0000, 0x0000, 0x0000, 0x0000, 0x0000, 0x0000, 0x0000,
    0x0000, 0x0000, 0x0000, 0x0000, 0x0000, 0x0000, 0x0000, 0x0000,
    0x0000, 0x0000, 0x0000, 0x0000, 0x0000, 0x0000, 0x0000, 0x0000,
    0x0000, 0x0000, 0x0000, 0x0020, 0x0861, 0x0000, 0x3185, 0xF75D,
    0xFF9C, 0xEF1A, 0xE6D8, 0xE697, 0xDE97, 0xDE77, 0xDE76, 0xDE55,
    0xD615, 0xD635, 0xD5D3, 0xD5F3, 0xCDD3, 0xDE76, 0xD634, 0xDE35,
    0xD634, 0xD5F4, 0xD614, 0xD5D3, 0xCDB2, 0xCD91, 0xC550, 0xBD0F,
    0xBCEF, 0xC4EF, 0xCD50, 0xDDB2, 0xDDF3, 0xE613, 0xE613, 0xE614,
    0xE634, 0xEE34, 0xE634, 0xEE54, 0xEE54, 0xEE34, 0xEE55, 0xEE55,
    0xEE54, 0xEE54, 0xEE75, 0xEE75, 0xEE54, 0xEE75, 0xF675, 0xF695,
    0xF675, 0xF695, 0xF6B6, 0xF695, 0xF695, 0xF6B5, 0xF695, 0xF6B6,
    0xFEB6, 0xFEB6, 0xF6B5, 0xFEB6, 0xF6B6, 0xF6B5, 0xFEB6, 0xFEB6,
    0xFED6, 0xFED6, 0xFED6, 0xFEF7, 0xFED6, 0xFEF7, 0xFEF7, 0xFEF6,
    0xFEF7, 0xFF17, 0xFEF7, 0xFF17, 0xFEF7, 0xFEF7, 0xFEF7, 0xFF17,
    0xFF17, 0xFF17, 0xFF17, 0xFF17, 0xFF17, 0xFF17, 0xFF17, 0xFF17,
    0xFF18, 0xFF18, 0xFF18, 0xFF18, 0xFF38, 0xFF38, 0xFF38, 0xFF38,
    0xFF18, 0xFF17, 0xFF17, 0xFE94, 0xDD6F, 0xD56F, 0xE612, 0xDE12,
    0xE633, 0xE654, 0xEEB6, 0xEEB6, 0xEEB6, 0xEEB6, 0xEEB6, 0xEEF7,
    0xEEF7, 0xF6F8, 0xEEF8, 0xEEF8, 0xEEF8, 0xEEF8, 0xF719, 0xF719,
    0xF739, 0xF73A, 0xF73A, 0xF75B, 0xFFBC, 0x6B4B, 0x0020, 0x0000,
    0x0000, 0x0000, 0x0000, 0x0000, 0x0000, 0x0000, 0x0000, 0x0000,
    0x0000, 0x0000, 0x0000, 0x0000, 0x0000, 0x0000, 0x0000, 0x0000,
    0x0000, 0x0000, 0x0000, 0x0000, 0x0000, 0x0000, 0x0000, 0x0000,
    0x0000, 0x0000, 0x0000, 0x0000, 0x0000, 0x0000, 0x0000, 0x0000,
    0x0000, 0x0000, 0x0000, 0x0000, 0x0000, 0x0000, 0x0000, 0x0000,
    0x0000, 0x0000, 0x0000, 0x0000, 0x0000, 0x0000, 0x0000, 0x0000,
    0x0000, 0x0000, 0x0000, 0x0000, 0x0000, 0x0000, 0x0000, 0x0000,
    0x0000, 0x0000, 0x0000, 0x0000, 0x0000, 0x0000, 0x0000, 0x0000,
    0x0000, 0x0000, 0x0000, 0x0000, 0x0000, 0x0000, 0x0000, 0x0000,
    0x0000, 0x0000, 0x0000, 0x0000, 0x0000, 0x0000, 0x0000, 0x0000,
    0x0000, 0x0000, 0x0000, 0x0000, 0x0000, 0x0000, 0x0000, 0x0000,
    0x0000, 0x0000, 0x0000, 0x0000, 0x0000, 0x0000, 0x0000, 0x0000,
    0x0000, 0x0000, 0x0000, 0x0000, 0x0000, 0x0000, 0x0000, 0x0000,
    0x0000, 0x0000, 0x0000, 0x0020, 0x0000, 0x18E2, 0x9CB1, 0xFFDF,
    0xF75A, 0xEF1A, 0xE6D8, 0xE6B8, 0xE6B7, 0xDE56, 0xDE76, 0xDE55,
    0xDE56, 0xD635, 0xD5D3, 0xD5D3, 0xD614, 0xE676, 0xD613, 0xDDF4,
    0xCDB2, 0xD5F3, 0xD613, 0xD5F3, 0xD5F3, 0xCDD2, 0xCD71, 0xBCCD,
    0xBCAD, 0xCD50, 0xDDD1, 0xDDF3, 0xDDF3, 0xE613, 0xE614, 0xE634,
    0xE634, 0xEE34, 0xEE54, 0xEE34, 0xEE54, 0xEE34, 0xEE54, 0xEE54,
    0xEE54, 0xEE54, 0xEE54, 0xEE75, 0xEE54, 0xEE54, 0xF675, 0xF675,
    0xF675, 0xF695, 0xF695, 0xF695, 0xF695, 0xF695, 0xF695, 0xF6B6,
    0xFEB5, 0xFEB6, 0xF6B6, 0xFEB6, 0xFEB6, 0xF6B6, 0xFEB6, 0xFEB6,
    0xFED6, 0xFED6, 0xFEF7, 0xFEF7, 0xFED6, 0xFEF7, 0xFEF7, 0xFED6,
    0xFEF7, 0xFF17, 0xFEF7, 0xFF17, 0xFEF7, 0xFF17, 0xFF17, 0xFF17,
    0xFF17, 0xFF17, 0xFF17, 0xFF17, 0xFF17, 0xFF17, 0xFF17, 0xFF17,
    0xFF18, 0xFF38, 0xFF17, 0xFF18, 0xFF38, 0xFF38, 0xFF38, 0xFF18,
    0xFF38, 0xFF18, 0xFF17, 0xFF17, 0xF653, 0xD52E, 0xD590, 0xDDD2,
    0xE613, 0xE675, 0xEE96, 0xEEB6, 0xEEF8, 0xEED7, 0xEEB6, 0xEED7,
    0xF6F8, 0xF6F8, 0xF718, 0xF718, 0xF718, 0xF719, 0xF6F8, 0xF6F9,
    0xF719, 0xF73A, 0xF73A, 0xF73B, 0xFFDD, 0x9CD1, 0x0882, 0x0841,
    0x0000, 0x0000, 0x0000, 0x0000, 0x0000, 0x0000, 0x0000, 0x0000,
    0x0000, 0x0000, 0x0000, 0x0000, 0x0000, 0x0000, 0x0000, 0x0000,
    0x0000, 0x0000, 0x0000, 0x0000, 0x0000, 0x0000, 0x0000, 0x0000,
    0x0000, 0x0000, 0x0000, 0x0000, 0x0000, 0x0000, 0x0000, 0x0000,
    0x0000, 0x0000, 0x0000, 0x0000, 0x0000, 0x0000, 0x0000, 0x0000,
    0x0000, 0x0000, 0x0000, 0x0000, 0x0000, 0x0000, 0x0000, 0x0000,
    0x0000, 0x0000, 0x0000, 0x0000, 0x0000, 0x0000, 0x0000, 0x0000,
    0x0000, 0x0000, 0x0000, 0x0000, 0x0000, 0x0000, 0x0000, 0x0000,
    0x0000, 0x0000, 0x0000, 0x0000, 0x0000, 0x0000, 0x0000, 0x0000,
    0x0000, 0x0000, 0x0000, 0x0000, 0x0000, 0x0000, 0x0000, 0x0000,
    0x0000, 0x0000, 0x0000, 0x0000, 0x0000, 0x0000, 0x0000, 0x0000,
    0x0000, 0x0000, 0x0000, 0x0000, 0x0000, 0x0000, 0x0000, 0x0000,
    0x0000, 0x0000, 0x0000, 0x0000, 0x0000, 0x0000, 0x0000, 0x0000,
    0x0000, 0x0000, 0x0000, 0x0020, 0x0840, 0x3A06, 0xDE98, 0xFFDE,
    0xEF3A, 0xE6F9, 0xE6D8, 0xE6B8, 0xE697, 0xDE55, 0xDE57, 0xDE55,
    0xE676, 0xD614, 0xDE35, 0xDE14, 0xDE55, 0xDE56, 0xD5F3, 0xD5B2,
    0xCDB3, 0xD613, 0xD5D3, 0xD5F3, 0xD5F4, 0xCDB3, 0xCD51, 0xBCAD,
    0xC4EE, 0xDDD2, 0xDDF3, 0xE5F3, 0xE5F3, 0xE613, 0xE614, 0xE634,
    0xE634, 0xEE54, 0xF654, 0xEE34, 0xEE54, 0xEE34, 0xEE54, 0xEE54,
    0xEE54, 0xEE75, 0xEE54, 0xEE75, 0xEE54, 0xF654, 0xF675, 0xF675,
    0xF695, 0xF695, 0xF695, 0xF695, 0xF696, 0xF695, 0xF695, 0xF6B6,
    0xF6B5, 0xF6B6, 0xF6B6, 0xFEB6, 0xFEB6, 0xFEB6, 0xFEB6, 0xFED6,
    0xFED6, 0xFED6, 0xFEF7, 0xFEF7, 0xFED6, 0xFEF7, 0xFEF7, 0xFED6,
    0xFEF7, 0xFEF7, 0xFEF7, 0xFEF7, 0xFEF7, 0xFF17, 0xFF17, 0xFF17,
    0xFF17, 0xFF17, 0xFF17, 0xFF17, 0xFF17, 0xFF17, 0xFF17, 0xFF17,
    0xFF17, 0xFF38, 0xFF37, 0xFF17, 0xFF38, 0xFF38, 0xFF38, 0xFF18,
    0xFF38, 0xFF38, 0xFF17, 0xFF17, 0xFEF7, 0xE5D1, 0xCD2F, 0xDDD2,
    0xDE13, 0xE675, 0xE675, 0xEE96, 0xEEF8, 0xEED7, 0xEED7, 0xEED7,
    0xF6F8, 0xF6F8, 0xF718, 0xF739, 0xF718, 0xF719, 0xEEF9, 0xEEF8,
    0xF719, 0xF73A, 0xF73A, 0xF73A, 0xFFDD, 0xC5F6, 0x31A6, 0x10A2,
    0x0040, 0x0000, 0x0000, 0x0000, 0x0000, 0x0000, 0x0000, 0x0000,
    0x0000, 0x0000, 0x0000, 0x0000, 0x0000, 0x0000, 0x0000, 0x0000,
    0x0000, 0x0000, 0x0000, 0x0000, 0x0000, 0x0000, 0x0000, 0x0000,
    0x0000, 0x0000, 0x0000, 0x0000, 0x0000, 0x0000, 0x0000, 0x0000,
    0x0000, 0x0000, 0x0000, 0x0000, 0x0000, 0x0000, 0x0000, 0x0000,
    0x0000, 0x0000, 0x0000, 0x0000, 0x0000, 0x0000, 0x0000, 0x0000,
    0x0000, 0x0000, 0x0000, 0x0000, 0x0000, 0x0000, 0x0000, 0x0000,
    0x0000, 0x0000, 0x0000, 0x0000, 0x0000, 0x0000, 0x0000, 0x0000,
    0x0000, 0x0000, 0x0000, 0x0000, 0x0000, 0x0000, 0x0000, 0x0000,
    0x0000, 0x0000, 0x0000, 0x0000, 0x0000, 0x0000, 0x0000, 0x0000,
    0x0000, 0x0000, 0x0000, 0x0000, 0x0000, 0x0000, 0x0000, 0x0000,
    0x0000, 0x0000, 0x0000, 0x0000, 0x0000, 0x0000, 0x0000, 0x0000,
    0x0000, 0x0000, 0x0000, 0x0000, 0x0000, 0x0000, 0x0000, 0x0000,
    0x0000, 0x0000, 0x0000, 0x0000, 0x18C2, 0x4A48, 0xE6D9, 0xFF9C,
    0xEF1A, 0xE6D8, 0xE6B8, 0xE697, 0xDE56, 0xDE55, 0xDE77, 0xDE35,
    0xDE35, 0xD614, 0xDE56, 0xDE55, 0xDE35, 0xD614, 0xD5D2, 0xCDB2,
    0xD634, 0xD614, 0xCDB2, 0xCDB2, 0xCDB2, 0xC571, 0xBCCF, 0xBCCE,
    0xD5B1, 0xDDF3, 0xDDF3, 0xE613, 0xE614, 0xE613, 0xE614, 0xE634,
    0xE634, 0xEE54, 0xEE54, 0xEE54, 0xEE54, 0xEE34, 0xEE34, 0xEE54,
    0xEE54, 0xEE75, 0xEE54, 0xEE75, 0xEE75, 0xF675, 0xEE75, 0xF695,
    0xF695, 0xF695, 0xF695, 0xF695, 0xF6B6, 0xF695, 0xF695, 0xF6B6,
    0xF6B5, 0xF6B6, 0xF6B6, 0xF6B5, 0xF6B6, 0xFEB6, 0xFEB6, 0xFED6,
    0xFED6, 0xFED6, 0xFED6, 0xFED6, 0xFED6, 0xFED6, 0xFEF7, 0xFEF7,
    0xFEF7, 0xFEF7, 0xFEF7, 0xFEF7, 0xFEF7, 0xFEF7, 0xFF17, 0xFF17,
    0xFF17, 0xFF17, 0xFF17, 0xFF17, 0xFF17, 0xFF17, 0xFF17, 0xFF17,
    0xFF17, 0xFF17, 0xFF38, 0xFF17, 0xFF18, 0xFF38, 0xFF18, 0xFF18,
    0xFF38, 0xFF38, 0xFF18, 0xFF17, 0xFF17, 0xFEB5, 0xE590, 0xD5B1,
    0xDDF2, 0xE634, 0xE675, 0xE675, 0xEED7, 0xEED7, 0xEED7, 0xEED7,
    0xEEF8, 0xF6F8, 0xEEF8, 0xF739, 0xEEF8, 0xEEF8, 0xEF19, 0xEF18,
    0xEF19, 0xF719, 0xF73A, 0xF73A, 0xFF9B, 0xDEB9, 0x5AC9, 0x18E3,
    0x0861, 0x0000, 0x0000, 0x0000, 0x0000, 0x0000, 0x0000, 0x0000,
    0x0000, 0x0000, 0x0000, 0x0000, 0x0000, 0x0000, 0x0000, 0x0000,
    0x0000, 0x0000, 0x0000, 0x0000, 0x0000, 0x0000, 0x0000, 0x0000,
    0x0000, 0x0000, 0x0000, 0x0000, 0x0000, 0x0000, 0x0000, 0x0000,
    0x0000, 0x0000, 0x0000, 0x0000, 0x0000, 0x0000, 0x0000, 0x0000,
    0x0000, 0x0000, 0x0000, 0x0000, 0x0000, 0x0000, 0x0000, 0x0000,
    0x0000, 0x0000, 0x0000, 0x0000, 0x0000, 0x0000, 0x0000, 0x0000,
    0x0000, 0x0000, 0x0000, 0x0000, 0x0000, 0x0000, 0x0000, 0x0000,
    0x0000, 0x0000, 0x0000, 0x0000, 0x0000, 0x0000, 0x0000, 0x0000,
    0x0000, 0x0000, 0x0000, 0x0000, 0x0000, 0x0000, 0x0000, 0x0000,
    0x0000, 0x0000, 0x0000, 0x0000, 0x0000, 0x0000, 0x0000, 0x0000,
    0x0000, 0x0000, 0x0000, 0x0000, 0x0000, 0x0000, 0x0000, 0x0000,
    0x0000, 0x0000, 0x0000, 0x0000, 0x0000, 0x0000, 0x0000, 0x0000,
    0x0000, 0x0000, 0x0000, 0x0000, 0x1082, 0x632B, 0xFFBD, 0xF73B,
    0xEEF9, 0xE6D8, 0xE697, 0xDE97, 0xDE76, 0xDE56, 0xDE56, 0xD614,
    0xD5F4, 0xDE55, 0xD634, 0xD614, 0xD5F3, 0xCD91, 0xCD91, 0xD614,
    0xD634, 0xD5F3, 0xD5F3, 0xCDB2, 0xCDB2, 0xC550, 0xBCCE, 0xD551,
    0xDDF3, 0xDDF3, 0xE613, 0xE634, 0xE634, 0xE614, 0xE634, 0xE634,
    0xE634, 0xE634, 0xE634, 0xE634, 0xEE54, 0xEE34, 0xEE34, 0xEE54,
    0xEE55, 0xEE54, 0xEE34, 0xEE54, 0xEE75, 0xEE75, 0xEE75, 0xEE75,
    0xEE75, 0xF675, 0xF695, 0xF695, 0xF6B5, 0xF695, 0xF695, 0xF6B6,
    0xF6B6, 0xF6B6, 0xF6B6, 0xF6B6, 0xF6B6, 0xF6B5, 0xFED6, 0xFED6,
    0xFED6, 0xFED6, 0xFED6, 0xFED6, 0xFED6, 0xFED6, 0xFEF6, 0xFEF7,
    0xFEF7, 0xFEF7, 0xFEF7, 0xFEF7, 0xFEF7, 0xFEF7, 0xFF17, 0xFF17,
    0xFF17, 0xFF17, 0xFEF7, 0xFF17, 0xFF17, 0xFF17, 0xFF17, 0xFF17,
    0xFF17, 0xFF17, 0xFF17, 0xFF17, 0xFF17, 0xFF17, 0xFF18, 0xFF18,
    0xFF18, 0xFF18, 0xFF18, 0xFF18, 0xFF17, 0xFEF7, 0xF674, 0xDD90,
    0xD5B0, 0xDE13, 0xE654, 0xE654, 0xE675, 0xEE96, 0xEEB6, 0xEED7,
    0xEED7, 0xF719, 0xF6F8, 0xF718, 0xF719, 0xF6F8, 0xEEF8, 0xF719,
    0xF719, 0xEEF8, 0xF719, 0xF73A, 0xF75A, 0xF77B, 0x738C, 0x2123,
    0x0000, 0x0000, 0x0000, 0x0000, 0x0000, 0x0000, 0x0000, 0x0000,
    0x0000, 0x0000, 0x0000, 0x0000, 0x0000, 0x0000, 0x0000, 0x0000,
    0x0000, 0x0000, 0x0000, 0x0000, 0x0000, 0x0000, 0x0000, 0x0000,
    0x0000, 0x0000, 0x0000, 0x0000, 0x0000, 0x0000, 0x0000, 0x0000,
    0x0000, 0x0000, 0x0000, 0x0000, 0x0000, 0x0000, 0x0000, 0x0000,
    0x0000, 0x0000, 0x0000, 0x0000, 0x0000, 0x0000, 0x0000, 0x0000,
    0x0000, 0x0000, 0x0000, 0x0000, 0x0000, 0x0000, 0x0000, 0x0000,
    0x0000, 0x0000, 0x0000, 0x0000, 0x0000, 0x0000, 0x0000, 0x0000,
    0x0000, 0x0000, 0x0000, 0x0000, 0x0000, 0x0000, 0x0000, 0x0000,
    0x0000, 0x0000, 0x0000, 0x0000, 0x0000, 0x0000, 0x0000, 0x0000,
    0x0000, 0x0000, 0x0000, 0x0000, 0x0000, 0x0000, 0x0000, 0x0000,
    0x0000, 0x0000, 0x0000, 0x0000, 0x0000, 0x0000, 0x0000, 0x0000,
    0x0000, 0x0000, 0x0000, 0x0000, 0x0000, 0x0000, 0x0000, 0x0000,
    0x0000, 0x0000, 0x0000, 0x0020, 0x0861, 0x9450, 0xFFFE, 0xEF1B,
    0xEEF9, 0xE6D7, 0xE697, 0xE6B7, 0xDE76, 0xDE76, 0xDE55, 0xD5F4,
    0xD615, 0xDE55, 0xD5F3, 0xD5F3, 0xCDD3, 0xD5B2, 0xD5F3, 0xDE35,
    0xD613, 0xD5F3, 0xD5F3, 0xCDB2, 0xCD92, 0xC50F, 0xCD30, 0xDDD3,
    0xDE13, 0xE613, 0xE613, 0xE634, 0xE634, 0xE634, 0xE614, 0xE634,
    0xE634, 0xE634, 0xE634, 0xE634, 0xEE54, 0xEE34, 0xEE54, 0xEE55,
    0xEE55, 0xEE54, 0xEE54, 0xEE54, 0xEE54, 0xEE75, 0xEE54, 0xEE75,
    0xF695, 0xF674, 0xF675, 0xF695, 0xF695, 0xF695, 0xF6B6, 0xF695,
    0xF6B6, 0xF6B6, 0xF6B5, 0xF6B6, 0xF6B6, 0xF6B6, 0xFED6, 0xFED6,
    0xFEB6, 0xFED6, 0xFED6, 0xFED6, 0xFED6, 0xFED6, 0xFED6, 0xFEF7,
    0xFEF7, 0xFEF7, 0xFEF7, 0xFEF7, 0xFEF7, 0xFF17, 0xFF17, 0xFEF7,
    0xFF17, 0xFF17, 0xFF17, 0xFF17, 0xFF17, 0xFF17, 0xFF17, 0xFF17,
    0xFF17, 0xFF17, 0xFF17, 0xFF17, 0xFF17, 0xFF17, 0xFF18, 0xFF38,
    0xFF18, 0xFF18, 0xFF17, 0xFF38, 0xFF18, 0xFF17, 0xFF17, 0xE5F2,
    0xD52F, 0xDDD2, 0xE613, 0xE633, 0xE674, 0xEE75, 0xEEB6, 0xEED7,
    0xEEF7, 0xF6F8, 0xF6F8, 0xF6F8, 0xFF19, 0xF6F8, 0xF6F8, 0xF6F9,
    0xFF19, 0xF719, 0xF719, 0xF71A, 0xF73A, 0xFFBC, 0x9CB1, 0x2124,
    0x0841, 0x0000, 0x0000, 0x0000, 0x0000, 0x0000, 0x0000, 0x0000,
    0x0000, 0x0000, 0x0000, 0x0000, 0x0000, 0x0000, 0x0000, 0x0000,
    0x0000, 0x0000, 0x0000, 0x0000, 0x0000, 0x0000, 0x0000, 0x0000,
    0x0000, 0x0000, 0x0000, 0x0000, 0x0000, 0x0000, 0x0000, 0x0000,
    0x0000, 0x0000, 0x0000, 0x0000, 0x0000, 0x0000, 0x0000, 0x0000,
    0x0000, 0x0000, 0x0000, 0x0000, 0x0000, 0x0000, 0x0000, 0x0000,
    0x0000, 0x0000, 0x0000, 0x0000, 0x0000, 0x0000, 0x0000, 0x0000,
    0x0000, 0x0000, 0x0000, 0x0000, 0x0000, 0x0000, 0x0000, 0x0000,
    0x0000, 0x0000, 0x0000, 0x0000, 0x0000, 0x0000, 0x0000, 0x0000,
    0x0000, 0x0000, 0x0000, 0x0000, 0x0000, 0x0000, 0x0000, 0x0000,
    0x0000, 0x0000, 0x0000, 0x0000, 0x0000, 0x0000, 0x0000, 0x0000,
    0x0000, 0x0000, 0x0000, 0x0000, 0x0000, 0x0000, 0x0000, 0x0000,
    0x0000, 0x0000, 0x0000, 0x0000, 0x0000, 0x0000, 0x0000, 0x0000,
    0x0000, 0x0000, 0x0000, 0x0861, 0x2945, 0xCE17, 0xFF9D, 0xEF1A,
    0xEEF9, 0xE6B7, 0xE6B8, 0xE697, 0xDE76, 0xDE76, 0xDE35, 0xD5F4,
    0xD635, 0xD615, 0xD5D3, 0xD5D3, 0xCDF4, 0xD634, 0xD614, 0xE655,
    0xD5F3, 0xD5F4, 0xD5F3, 0xCDB2, 0xCD50, 0xC50F, 0xDDB2, 0xDDF3,
    0xE613, 0xE614, 0xE613, 0xE634, 0xE634, 0xE634, 0xE614, 0xE614,
    0xE634, 0xE634, 0xE634, 0xE634, 0xEE34, 0xEE34, 0xEE54, 0xEE55,
    0xEE55, 0xEE55, 0xEE54, 0xEE54, 0xEE54, 0xEE75, 0xEE54, 0xEE75,
    0xFE95, 0xF674, 0xF675, 0xF695, 0xF696, 0xF695, 0xF6B6, 0xF695,
    0xF6B6, 0xF6B6, 0xF6B5, 0xF6B6, 0xF6B6, 0xF6B6, 0xFEB6, 0xFED6,
    0xFEB6, 0xFEB6, 0xFED6, 0xFED6, 0xFED6, 0xFED6, 0xFED7, 0xFEF7,
    0xFEF7, 0xFEF7, 0xFEF7, 0xFEF7, 0xFEF7, 0xFF17, 0xFF17, 0xFEF7,
    0xFF17, 0xFF17, 0xFF17, 0xFF17, 0xFF17, 0xFF17, 0xFF17, 0xFF17,
    0xFF17, 0xFF17, 0xFF17, 0xFF17, 0xFF17, 0xFF17, 0xFF18, 0xFF38,
    0xFF18, 0xFF38, 0xFF18, 0xFF38, 0xFF18, 0xFF17, 0xFF17, 0xF6B6,
    0xDD50, 0xDD91, 0xDDF3, 0xE613, 0xE674, 0xE654, 0xEEB6, 0xEED7,
    0xEEF7, 0xEED7, 0xEEF8, 0xEEF8, 0xF718, 0xF6F8, 0xFEF8, 0xF6F8,
    0xF719, 0xF719, 0xF719, 0xF719, 0xEF1A, 0xFFBC, 0xB574, 0x1903,
    0x10A2, 0x0020, 0x0000, 0x0000, 0x0000, 0x0000, 0x0000, 0x0000,
    0x0000, 0x0000, 0x0000, 0x0000, 0x0000, 0x0000, 0x0000, 0x0000,
    0x0000, 0x0000, 0x0000, 0x0000, 0x0000, 0x0000, 0x0000, 0x0000,
    0x0000, 0x0000, 0x0000, 0x0000, 0x0000, 0x0000, 0x0000, 0x0000,
    0x0000, 0x0000, 0x0000, 0x0000, 0x0000, 0x0000, 0x0000, 0x0000,
    0x0000, 0x0000, 0x0000, 0x0000, 0x0000, 0x0000, 0x0000, 0x0000,
    0x0000, 0x0000, 0x0000, 0x0000, 0x0000, 0x0000, 0x0000, 0x0000,
    0x0000, 0x0000, 0x0000, 0x0000, 0x0000, 0x0000, 0x0000, 0x0000,
    0x0000, 0x0000, 0x0000, 0x0000, 0x0000, 0x0000, 0x0000, 0x0000,
    0x0000, 0x0000, 0x0000, 0x0000, 0x0000, 0x0000, 0x0000, 0x0000,
    0x0000, 0x0000, 0x0000, 0x0000, 0x0000, 0x0000, 0x0000, 0x0000,
    0x0000, 0x0000, 0x0000, 0x0000, 0x0000, 0x0000, 0x0000, 0x0000,
    0x0000, 0x0000, 0x0000, 0x0000, 0x0000, 0x0000, 0x0000, 0x0000,
    0x0000, 0x0000, 0x0020, 0x10A2, 0x52AA, 0xF75C, 0xF75B, 0xEEF9,
    0xE6D8, 0xE6B8, 0xE6D8, 0xDE76, 0xDE76, 0xDE76, 0xD5F4, 0xD614,
    0xD615, 0xD5F4, 0xCDD3, 0xCDB2, 0xD655, 0xD635, 0xD5F3, 0xDE55,
    0xD614, 0xD5F4, 0xD5F3, 0xCD91, 0xC50F, 0xCD70, 0xDDD3, 0xDDF3,
    0xE613, 0xE614, 0xE613, 0xE614, 0xE634, 0xE634, 0xE634, 0xE613,
    0xE634, 0xE634, 0xE634, 0xE634, 0xEE34, 0xEE54, 0xEE34, 0xEE54,
    0xEE54, 0xEE55, 0xEE54, 0xEE55, 0xEE54, 0xEE54, 0xEE74, 0xEE54,
    0xF695, 0xF675, 0xF675, 0xF695, 0xF6B6, 0xF6B5, 0xF6B6, 0xF695,
    0xF695, 0xF6B6, 0xF695, 0xF6B6, 0xF6B6, 0xF6B6, 0xF6B5, 0xFEB6,
    0xF6B6, 0xFEB6, 0xFED6, 0xFED6, 0xFED6, 0xFED6, 0xFEF7, 0xFEF7,
    0xFEF6, 0xFEF6, 0xFEF7, 0xFEF6, 0xFEF7, 0xFF17, 0xFF17, 0xFF17,
    0xFEF7, 0xFF17, 0xFF17, 0xFF17, 0xFF17, 0xFF17, 0xFF17, 0xFF17,
    0xFF17, 0xFF17, 0xFF17, 0xFF17, 0xFF17, 0xFF17, 0xFF17, 0xFF17,
    0xFF17, 0xFF38, 0xFF18, 0xFF18, 0xFF18, 0xFF18, 0xFF17, 0xFEF7,
    0xEE13, 0xD550, 0xDDF3, 0xE633, 0xE654, 0xE675, 0xEE95, 0xEEB7,
    0xEED7, 0xEEF8, 0xEEF8, 0xEEF8, 0xEEF8, 0xF718, 0xF6F8, 0xF6F8,
    0xEEF8, 0xEF18, 0xF719, 0xEF19, 0xEF19, 0xFF9B, 0xCE17, 0x2964,
    0x0861, 0x1082, 0x0000, 0x0000, 0x0000, 0x0000, 0x0000, 0x0000,
    0x0000, 0x0000, 0x0000, 0x0000, 0x0000, 0x0000, 0x0000, 0x0000,
    0x0000, 0x0000, 0x0000, 0x0000, 0x0000, 0x0000, 0x0000, 0x0000,
    0x0000, 0x0000, 0x0000, 0x0000, 0x0000, 0x0000, 0x0000, 0x0000,
    0x0000, 0x0000, 0x0000, 0x0000, 0x0000, 0x0000, 0x0000, 0x0000,
    0x0000, 0x0000, 0x0000, 0x0000, 0x0000, 0x0000, 0x0000, 0x0000,
    0x0000, 0x0000, 0x0000, 0x0000, 0x0000, 0x0000, 0x0000, 0x0000,
    0x0000, 0x0000, 0x0000, 0x0000, 0x0000, 0x0000, 0x0000, 0x0000,
    0x0000, 0x0000, 0x0000, 0x0000, 0x0000, 0x0000, 0x0000, 0x0000,
    0x0000, 0x0000, 0x0000, 0x0000, 0x0000, 0x0000, 0x0000, 0x0000,
    0x0000, 0x0000, 0x0000, 0x0000, 0x0000, 0x0000, 0x0000, 0x0000,
    0x0000, 0x0000, 0x0000, 0x0000, 0x0000, 0x0000, 0x0000, 0x0000,
    0x0000, 0x0000, 0x0000, 0x0000, 0x0000, 0x0000, 0x0000, 0x0000,
    0x0000, 0x0000, 0x0881, 0x2103, 0x6B2C, 0xFF9C, 0xEF3A, 0xEEF9,
    0xE6B8, 0xE6D8, 0xE6B7, 0xE697, 0xDE77, 0xD615, 0xD614, 0xD635,
    0xCDD3, 0xCDD3, 0xCDB3, 0xCDD3, 0xDE55, 0xD5F3, 0xD634, 0xD635,
    0xD5F3, 0xD5D3, 0xCD91, 0xC4EE, 0xC50F, 0xD5D2, 0xDDF3, 0xDDF3,
    0xE613, 0xE613, 0xE614, 0xE614, 0xE634, 0xE614, 0xE614, 0xE634,
    0xE634, 0xE613, 0xE634, 0xE634, 0xEE54, 0xEE54, 0xE634, 0xEE55,
    0xEE34, 0xEE54, 0xEE54, 0xEE75, 0xEE75, 0xEE54, 0xEE54, 0xEE54,
    0xEE75, 0xF675, 0xF675, 0xEE74, 0xF695, 0xF6B6, 0xF695, 0xF695,
    0xF696, 0xF6B6, 0xF6B5, 0xF6B5, 0xF6B6, 0xF6B6, 0xF695, 0xF6B6,
    0xF6B6, 0xFED6, 0xFED6, 0xF6B5, 0xFED6, 0xFED6, 0xFED6, 0xFED6,
    0xFEF7, 0xFEF7, 0xFEF7, 0xFEF7, 0xFEF6, 0xFEF7, 0xFF17, 0xFF17,
    0xFF17, 0xFEF7, 0xFF17, 0xFF17, 0xFF17, 0xFF17, 0xFF17, 0xFF17,
    0xFF17, 0xFF17, 0xFF17, 0xFF17, 0xFF17, 0xFF17, 0xFF17, 0xFF17,
    0xFF17, 0xFF18, 0xFF17, 0xFF18, 0xFF18, 0xFF38, 0xFF38, 0xFF17,
    0xF6B5, 0xD54F, 0xD590, 0xDE13, 0xE654, 0xE695, 0xE675, 0xEE96,
    0xEEB6, 0xEEF8, 0xF719, 0xEEF8, 0xEEF8, 0xF719, 0xEED7, 0xEED7,
    0xEEF8, 0xEEF8, 0xEF19, 0xEF19, 0xEF19, 0xF73A, 0xEF3B, 0x5ACA,
    0x0000, 0x1061, 0x0000, 0x0000, 0x0000, 0x0000, 0x0000, 0x0000,
    0x0000, 0x0000, 0x0000, 0x0000, 0x0000, 0x0000, 0x0000, 0x0000,
    0x0000, 0x0000, 0x0000, 0x0000, 0x0000, 0x0000, 0x0000, 0x0000,
    0x0000, 0x0000, 0x0000, 0x0000, 0x0000, 0x0000, 0x0000, 0x0000,
    0x0000, 0x0000, 0x0000, 0x0000, 0x0000, 0x0000, 0x0000, 0x0000,
    0x0000, 0x0000, 0x0000, 0x0000, 0x0000, 0x0000, 0x0000, 0x0000,
    0x0000, 0x0000, 0x0000, 0x0000, 0x0000, 0x0000, 0x0000, 0x0000,
    0x0000, 0x0000, 0x0000, 0x0000, 0x0000, 0x0000, 0x0000, 0x0000,
    0x0000, 0x0000, 0x0000, 0x0000, 0x0000, 0x0000, 0x0000, 0x0000,
    0x0000, 0x0000, 0x0000, 0x0000, 0x0000, 0x0000, 0x0000, 0x0000,
    0x0000, 0x0000, 0x0000, 0x0000, 0x0000, 0x0000, 0x0000, 0x0000,
    0x0000, 0x0000, 0x0000, 0x0000, 0x0000, 0x0000, 0x0000, 0x0000,
    0x0000, 0x0000, 0x0000, 0x0000, 0x0000, 0x0000, 0x0000, 0x0000,
    0x0000, 0x0000, 0x10C2, 0x0820, 0x840F, 0xFFBD, 0xEF3A, 0xEEF9,
    0xE6B8, 0xE698, 0xE697, 0xE677, 0xD656, 0xD5F4, 0xD634, 0xD615,
    0xCDB3, 0xCDB3, 0xD5F4, 0xD5F4, 0xD5F3, 0xD613, 0xD655, 0xD5F4,
    0xD5D2, 0xD5D3, 0xCDB2, 0xC50E, 0xCD70, 0xDDF3, 0xDDF3, 0xDDF3,
    0xE613, 0xE5F3, 0xE5F4, 0xE614, 0xE633, 0xE613, 0xE614, 0xE614,
    0xE634, 0xE634, 0xE634, 0xE634, 0xEE55, 0xEE55, 0xEE54, 0xEE55,
    0xEE54, 0xEE54, 0xEE54, 0xEE74, 0xEE75, 0xEE54, 0xEE55, 0xEE54,
    0xEE75, 0xF674, 0xF695, 0xF695, 0xF695, 0xF696, 0xF695, 0xF695,
    0xF696, 0xF695, 0xF6B5, 0xF6B5, 0xF6B6, 0xF6B6, 0xF6B6, 0xF6B6,
    0xF6B6, 0xFED6, 0xFED6, 0xFED6, 0xFED6, 0xFED6, 0xFED6, 0xFED6,
    0xFEF7, 0xFEF7, 0xFED6, 0xFEF7, 0xFEF7, 0xFEF7, 0xFEF7, 0xFEF7,
    0xFF17, 0xFF17, 0xFF17, 0xFF17, 0xFF17, 0xFF17, 0xFF17, 0xFEF7,
    0xFF17, 0xFF17, 0xFF17, 0xFF18, 0xFF17, 0xFF17, 0xFF17, 0xFF17,
    0xFF17, 0xFF18, 0xFF18, 0xFF18, 0xFF38, 0xFF38, 0xFF38, 0xFF38,
    0xFEF7, 0xDDB1, 0xCD2E, 0xDDF2, 0xE654, 0xEE96, 0xE654, 0xEE75,
    0xEE95, 0xEED7, 0xF6F8, 0xEEF8, 0xEEF8, 0xF719, 0xF6F8, 0xEED7,
    0xEEF8, 0xF6F8, 0xF719, 0xF719, 0xEF19, 0xF73A, 0xFF9C, 0x7BCD,
    0x0020, 0x0000, 0x0000, 0x0000, 0x0000, 0x0000, 0x0000, 0x0000,
    0x0000, 0x0000, 0x0000, 0x0000, 0x0000, 0x0000, 0x0000, 0x0000,
    0x0000, 0x0000, 0x0000, 0x0000, 0x0000, 0x0000, 0x0000, 0x0000,
    0x0000, 0x0000, 0x0000, 0x0000, 0x0000, 0x0000, 0x0000, 0x0000,
    0x0000, 0x0000, 0x0000, 0x0000, 0x0000, 0x0000, 0x0000, 0x0000,
    0x0000, 0x0000, 0x0000, 0x0000, 0x0000, 0x0000, 0x0000, 0x0000,
    0x0000, 0x0000, 0x0000, 0x0000, 0x0000, 0x0000, 0x0000, 0x0000,
    0x0000, 0x0000, 0x0000, 0x0000, 0x0000, 0x0000, 0x0000, 0x0000,
    0x0000, 0x0000, 0x0000, 0x0000, 0x0000, 0x0000, 0x0000, 0x0000,
    0x0000, 0x0000, 0x0000, 0x0000, 0x0000, 0x0000, 0x0000, 0x0000,
    0x0000, 0x0000, 0x0000, 0x0000, 0x0000, 0x0000, 0x0000, 0x0000,
    0x0000, 0x0000, 0x0000, 0x0000, 0x0000, 0x0000, 0x0000, 0x0000,
    0x0000, 0x0000, 0x0000, 0x0000, 0x0000, 0x0000, 0x0000, 0x0000,
    0x0000, 0x0040, 0x0841, 0x18A2, 0xBDD6, 0xFF9D, 0xEF1A, 0xE6D8,
    0xE6B8, 0xDE77, 0xDE55, 0xDE35, 0xDE35, 0xD5F4, 0xD5F4, 0xD5F3,
    0xCDB3, 0xD5D4, 0xD635, 0xD5F4, 0xCD92, 0xD655, 0xD614, 0xD5D3,
    0xCDB2, 0xD5B2, 0xCD91, 0xC54F, 0xDDB1, 0xDDF3, 0xDDF3, 0xDDF3,
    0xDE13, 0xE5F3, 0xE5F3, 0xE614, 0xE613, 0xE613, 0xE614, 0xE614,
    0xE634, 0xE634, 0xE634, 0xE634, 0xEE55, 0xEE55, 0xEE54, 0xEE55,
    0xEE54, 0xEE54, 0xEE54, 0xEE54, 0xEE54, 0xEE54, 0xEE75, 0xEE54,
    0xEE75, 0xEE74, 0xF695, 0xF695, 0xF695, 0xF695, 0xF695, 0xF6B6,
    0xF695, 0xF695, 0xF695, 0xF6B6, 0xF6B6, 0xF6B6, 0xF6B6, 0xF6B6,
    0xF6B6, 0xF6B6, 0xF6D6, 0xFED6, 0xFED6, 0xFED6, 0xFED6, 0xFED7,
    0xFEF6, 0xFEF6, 0xFED6, 0xFEF7, 0xFEF7, 0xFEF7, 0xFEF7, 0xFEF7,
    0xFF17, 0xFF17, 0xFF17, 0xFF17, 0xFEF7, 0xFF17, 0xFF17, 0xFEF7,
    0xFF17, 0xFF17, 0xFF17, 0xFF18, 0xFF17, 0xFF17, 0xFF18, 0xFF17,
    0xFF17, 0xFF17, 0xFF18, 0xFF18, 0xFF38, 0xFF38, 0xFF38, 0xFF38,
    0xFF18, 0xEE53, 0xCCEE, 0xDDB2, 0xE654, 0xEE96, 0xE654, 0xE634,
    0xE675, 0xEEB6, 0xEED7, 0xEEF8, 0xEEF8, 0xF718, 0xF718, 0xEEF8,
    0xEEF8, 0xFEF9, 0xF719, 0xF719, 0xEF19, 0xEF3A, 0xFF9C, 0x944F,
    0x2102, 0x0020, 0x0000, 0x0000, 0x0000, 0x0000, 0x0000, 0x0000,
    0x0000, 0x0000, 0x0000, 0x0000, 0x0000, 0x0000, 0x0000, 0x0000,
    0x0000, 0x0000, 0x0000, 0x0000, 0x0000, 0x0000, 0x0000, 0x0000,
    0x0000, 0x0000, 0x0000, 0x0000, 0x0000, 0x0000, 0x0000, 0x0000,
    0x0000, 0x0000, 0x0000, 0x0000, 0x0000, 0x0000, 0x0000, 0x0000,
    0x0000, 0x0000, 0x0000, 0x0000, 0x0000, 0x0000, 0x0000, 0x0000,
    0x0000, 0x0000, 0x0000, 0x0000, 0x0000, 0x0000, 0x0000, 0x0000,
    0x0000, 0x0000, 0x0000, 0x0000, 0x0000, 0x0000, 0x0000, 0x0000,
    0x0000, 0x0000, 0x0000, 0x0000, 0x0000, 0x0000, 0x0000, 0x0000,
    0x0000, 0x0000, 0x0000, 0x0000, 0x0000, 0x0000, 0x0000, 0x0000,
    0x0000, 0x0000, 0x0000, 0x0000, 0x0000, 0x0000, 0x0000, 0x0000,
    0x0000, 0x0000, 0x0000, 0x0000, 0x0000, 0x0000, 0x0000, 0x0000,
    0x0000, 0x0000, 0x0000, 0x0000, 0x0000, 0x0000, 0x0000, 0x0000,
    0x0000, 0x0861, 0x0000, 0x528A, 0xEF5B, 0xF75B, 0xEEF9, 0xE6B8,
    0xE697, 0xDE96, 0xD635, 0xD614, 0xDE55, 0xD5F4, 0xCDD3, 0xCDF3,
    0xCDD3, 0xD615, 0xD635, 0xD614, 0xCDF3, 0xD655, 0xD5F3, 0xD5D3,
    0xCD92, 0xCD71, 0xC4EF, 0xCD50, 0xDDB2, 0xDDF3, 0xDDF3, 0xDDF3,
    0xDDF3, 0xE613, 0xDE13, 0xE614, 0xE614, 0xE613, 0xE614, 0xE634,
    0xE634, 0xE614, 0xE614, 0xE634, 0xE634, 0xE634, 0xE634, 0xEE34,
    0xEE55, 0xEE54, 0xEE34, 0xEE54, 0xEE54, 0xEE54, 0xEE74, 0xEE75,
    0xEE75, 0xEE75, 0xF675, 0xF695, 0xF695, 0xF695, 0xF695, 0xF6B6,
    0xF695, 0xF695, 0xF695, 0xF6B6, 0xF6B5, 0xF695, 0xF6B6, 0xF6B6,
    0xF6B6, 0xF6B6, 0xF6B6, 0xFED6, 0xFED6, 0xFED6, 0xFED6, 0xFED7,
    0xFED6, 0xFED6, 0xFED6, 0xFED6, 0xFEF7, 0xFED6, 0xFEF7, 0xFEF7,
    0xFEF7, 0xFF17, 0xFEF7, 0xFEF7, 0xFEF7, 0xFEF7, 0xFEF7, 0xFF17,
    0xFF17, 0xFEF7, 0xFF17, 0xFF17, 0xFF17, 0xFF17, 0xFF18, 0xFF17,
    0xFF17, 0xFF17, 0xFF17, 0xFF18, 0xFF18, 0xFF18, 0xFF38, 0xFF38,
    0xFF18, 0xFED5, 0xD52F, 0xD591, 0xE654, 0xE675, 0xE675, 0xE634,
    0xE675, 0xEEB7, 0xEED7, 0xEED7, 0xEEF8, 0xEEF8, 0xEEF8, 0xEEF8,
    0xEEF8, 0xF719, 0xEF18, 0xEEF8, 0xEF19, 0xEF3A, 0xFF9C, 0xB533,
    0x39C6, 0x18C2, 0x0000, 0x0000, 0x0000, 0x0000, 0x0000, 0x0000,
    0x0000, 0x0000, 0x0000, 0x0000, 0x0000, 0x0000, 0x0000, 0x0000,
    0x0000, 0x0000, 0x0000, 0x0000, 0x0000, 0x0000, 0x0000, 0x0000,
    0x0000, 0x0000, 0x0000, 0x0000, 0x0000, 0x0000, 0x0000, 0x0000,
    0x0000, 0x0000, 0x0000, 0x0000, 0x0000, 0x0000, 0x0000, 0x0000,
    0x0000, 0x0000, 0x0000, 0x0000, 0x0000, 0x0000, 0x0000, 0x0000,
    0x0000, 0x0000, 0x0000, 0x0000, 0x0000, 0x0000, 0x0000, 0x0000,
    0x0000, 0x0000, 0x0000, 0x0000, 0x0000, 0x0000, 0x0000, 0x0000,
    0x0000, 0x0000, 0x0000, 0x0000, 0x0000, 0x0000, 0x0000, 0x0000,
    0x0000, 0x0000, 0x0000, 0x0000, 0x0000, 0x0000, 0x0000, 0x0000,
    0x0000, 0x0000, 0x0000, 0x0000, 0x0000, 0x0000, 0x0000, 0x0000,
    0x0000, 0x0000, 0x0000, 0x0000, 0x0000, 0x0000, 0x0000, 0x0000,
    0x0000, 0x0000, 0x0000, 0x0000, 0x0000, 0x0000, 0x0000, 0x0000,
    0x0000, 0x0000, 0x10C2, 0x6B2C, 0xE6F9, 0xF75B, 0xE6D8, 0xE6B8,
    0xE6B8, 0xDE76, 0xDE97, 0xDE56, 0xD615, 0xCDD3, 0xCDF4, 0xCDF4,
    0xD635, 0xD635, 0xD635, 0xD635, 0xDE55, 0xD614, 0xD5F3, 0xCDD2,
    0xCD92, 0xC550, 0xC4EE, 0xD591, 0xDDD3, 0xDDD3, 0xDDD3, 0xDDF3,
    0xDDF3, 0xDDF3, 0xE613, 0xE614, 0xE634, 0xE634, 0xE5F3, 0xE614,
    0xE614, 0xE613, 0xE634, 0xE634, 0xE634, 0xE634, 0xE634, 0xEE54,
    0xEE55, 0xEE54, 0xEE54, 0xEE54, 0xEE75, 0xEE55, 0xEE75, 0xEE75,
    0xEE75, 0xEE75, 0xEE75, 0xF675, 0xF695, 0xF695, 0xF675, 0xF695,
    0xF695, 0xF695, 0xF695, 0xF695, 0xF6B6, 0xF6B5, 0xF6B6, 0xF6B6,
    0xF6B6, 0xF6D6, 0xF6B6, 0xF6B6, 0xFED6, 0xFEB6, 0xFEB6, 0xFED6,
    0xFED6, 0xFED6, 0xFED6, 0xFEF7, 0xFEF7, 0xFEF7, 0xFEF7, 0xFEF7,
    0xFEF7, 0xFEF7, 0xFEF7, 0xFEF7, 0xFF17, 0xFEF7, 0xFEF7, 0xFF17,
    0xFEF7, 0xFF17, 0xFF17, 0xFF17, 0xFF18, 0xFF17, 0xFF17, 0xFF17,
    0xFF17, 0xFF18, 0xFF18, 0xFF18, 0xFF18, 0xFF18, 0xFF38, 0xFF18,
    0xFF18, 0xFF18, 0xE5D2, 0xD54F, 0xDE34, 0xE654, 0xE675, 0xE675,
    0xE654, 0xEEB6, 0xEED7, 0xEED7, 0xEED8, 0xEEF8, 0xEED7, 0xEEF7,
    0xEED8, 0xEF18, 0xF719, 0xEF19, 0xEF19, 0xEF19, 0xF77B, 0xDE99,
    0x4207, 0x10A2, 0x0020, 0x0000, 0x0000, 0x0000, 0x0000, 0x0000,
    0x0000, 0x0000, 0x0000, 0x0000, 0x0000, 0x0000, 0x0000, 0x0000,
    0x0000, 0x0000, 0x0000, 0x0000, 0x0000, 0x0000, 0x0000, 0x0000,
    0x0000, 0x0000, 0x0000, 0x0000, 0x0000, 0x0000, 0x0000, 0x0000,
    0x0000, 0x0000, 0x0000, 0x0000, 0x0000, 0x0000, 0x0000, 0x0000,
    0x0000, 0x0000, 0x0000, 0x0000, 0x0000, 0x0000, 0x0000, 0x0000,
    0x0000, 0x0000, 0x0000, 0x0000, 0x0000, 0x0000, 0x0000, 0x0000,
    0x0000, 0x0000, 0x0000, 0x0000, 0x0000, 0x0000, 0x0000, 0x0000,
    0x0000, 0x0000, 0x0000, 0x0000, 0x0000, 0x0000, 0x0000, 0x0000,
    0x0000, 0x0000, 0x0000, 0x0000, 0x0000, 0x0000, 0x0000, 0x0000,
    0x0000, 0x0000, 0x0000, 0x0000, 0x0000, 0x0000, 0x0000, 0x0000,
    0x0000, 0x0000, 0x0000, 0x0000, 0x0000, 0x0000, 0x0000, 0x0000,
    0x0000, 0x0000, 0x0000, 0x0000, 0x0000, 0x0000, 0x0000, 0x0000,
    0x0000, 0x0020, 0x2144, 0x7BCE, 0xEF3B, 0xF73A, 0xE6D8, 0xE6D8,
    0xE698, 0xDE56, 0xDEB8, 0xDE36, 0xD5D4, 0xD615, 0xCDD4, 0xD5F4,
    0xDE76, 0xD614, 0xDE35, 0xDE56, 0xDE55, 0xDE35, 0xD5F3, 0xCD91,
    0xCD92, 0xC50F, 0xCD2F, 0xD5B2, 0xDDD3, 0xDDF3, 0xDDF3, 0xDDF3,
    0xDDF3, 0xDDF3, 0xEE14, 0xE5F3, 0xE634, 0xE634, 0xE5F3, 0xE614,
    0xE614, 0xE613, 0xE633, 0xE634, 0xE634, 0xE634, 0xEE34, 0xEE54,
    0xEE54, 0xEE54, 0xEE54, 0xEE54, 0xEE75, 0xEE75, 0xEE75, 0xEE54,
    0xEE75, 0xEE75, 0xEE75, 0xF695, 0xF695, 0xF675, 0xF675, 0xF675,
    0xF695, 0xF695, 0xF695, 0xF695, 0xF696, 0xF696, 0xF6B5, 0xF6B6,
    0xF6B6, 0xF6D6, 0xF6B6, 0xF6B5, 0xFEB5, 0xFEB6, 0xFED6, 0xFED6,
    0xFED6, 0xFED6, 0xFED6, 0xFEF7, 0xFEF7, 0xFEF7, 0xFEF7, 0xFEF7,
    0xFEF7, 0xFEF7, 0xFEF7, 0xFEF7, 0xFF17, 0xFEF7, 0xFEF7, 0xFEF7,
    0xFEF7, 0xFF17, 0xFF17, 0xFF17, 0xFF18, 0xFF17, 0xFF17, 0xFF18,
    0xFF18, 0xFF18, 0xFF38, 0xFF18, 0xFF18, 0xFF18, 0xFF18, 0xFF38,
    0xFF38, 0xFF18, 0xF674, 0xD52F, 0xDE13, 0xE654, 0xE655, 0xE695,
    0xE655, 0xEE95, 0xEED7, 0xEED7, 0xEEF8, 0xEED7, 0xEEF8, 0xEEF8,
    0xEED7, 0xEEF8, 0xFF19, 0xF719, 0xF719, 0xEF19, 0xF77A, 0xEF1A,
    0x4A48, 0x1082, 0x0861, 0x0000, 0x0000, 0x0000, 0x0000, 0x0000,
    0x0000, 0x0000, 0x0000, 0x0000, 0x0000, 0x0000, 0x0000, 0x0000,
    0x0000, 0x0000, 0x0000, 0x0000, 0x0000, 0x0000, 0x0000, 0x0000,
    0x0000, 0x0000, 0x0000, 0x0000, 0x0000, 0x0000, 0x0000, 0x0000,
    0x0000, 0x0000, 0x0000, 0x0000, 0x0000, 0x0000, 0x0000, 0x0000,
    0x0000, 0x0000, 0x0000, 0x0000, 0x0000, 0x0000, 0x0000, 0x0000,
    0x0000, 0x0000, 0x0000, 0x0000, 0x0000, 0x0000, 0x0000, 0x0000,
    0x0000, 0x0000, 0x0000, 0x0000, 0x0000, 0x0000, 0x0000, 0x0000,
    0x0000, 0x0000, 0x0000, 0x0000, 0x0000, 0x0000, 0x0000, 0x0000,
    0x0000, 0x0000, 0x0000, 0x0000, 0x0000, 0x0000, 0x0000, 0x0000,
    0x0000, 0x0000, 0x0000, 0x0000, 0x0000, 0x0000, 0x0000, 0x0000,
    0x0000, 0x0000, 0x0000, 0x0000, 0x0000, 0x0000, 0x0000, 0x0000,
    0x0000, 0x0000, 0x0000, 0x0000, 0x0000, 0x0000, 0x0000, 0x0000,
    0x0020, 0x18C3, 0x3185, 0x9CD2, 0xFFBD, 0xEF19, 0xE6D8, 0xE6B8,
    0xDE77, 0xDE76, 0xDE77, 0xD5F5, 0xD5D3, 0xD5F5, 0xCDB3, 0xDE35,
    0xDE55, 0xD5F4, 0xDE35, 0xDE56, 0xDE55, 0xDE55, 0xD5D3, 0xCD71,
    0xC550, 0xBCAD, 0xD571, 0xDDB2, 0xDDD3, 0xDDF3, 0xDDF3, 0xDDF3,
    0xDDF3, 0xDDF3, 0xE614, 0xE5F3, 0xE614, 0xE614, 0xE613, 0xE614,
    0xE614, 0xE613, 0xE613, 0xE634, 0xE614, 0xE634, 0xEE34, 0xEE34,
    0xEE34, 0xEE54, 0xEE54, 0xEE54, 0xEE54, 0xEE75, 0xEE75, 0xEE54,
    0xEE75, 0xEE75, 0xEE75, 0xF695, 0xF695, 0xF675, 0xF675, 0xF675,
    0xF695, 0xF695, 0xF695, 0xF695, 0xF695, 0xF696, 0xF6B5, 0xF6B6,
    0xF6B6, 0xF6B6, 0xF6D6, 0xF6D5, 0xF6B5, 0xFED6, 0xFED6, 0xFED6,
    0xFED6, 0xFED6, 0xFED6, 0xFEF6, 0xFEF7, 0xFEF7, 0xFEF7, 0xFEF7,
    0xFEF7, 0xFEF7, 0xFEF7, 0xFEF7, 0xFEF7, 0xFEF7, 0xFEF7, 0xFEF7,
    0xFEF7, 0xFF17, 0xFF17, 0xFF17, 0xFF17, 0xFF17, 0xFF18, 0xFF18,
    0xFF18, 0xFF18, 0xFF38, 0xFF18, 0xFF18, 0xFF18, 0xFF18, 0xFF38,
    0xFF38, 0xFF18, 0xFEF6, 0xDD4F, 0xDDD1, 0xE654, 0xE655, 0xE655,
    0xE695, 0xE675, 0xEED7, 0xEED7, 0xEEF8, 0xEED7, 0xEEF8, 0xEEF8,
    0xEED7, 0xEEF8, 0xF719, 0xF719, 0xF73A, 0xEF19, 0xF75A, 0xF75B,
    0x5ACA, 0x0861, 0x0861, 0x0000, 0x0000, 0x0000, 0x0000, 0x0000,
    0x0000, 0x0000, 0x0000, 0x0000, 0x0000, 0x0000, 0x0000, 0x0000,
    0x0000, 0x0000, 0x0000, 0x0000, 0x0000, 0x0000, 0x0000, 0x0000,
    0x0000, 0x0000, 0x0000, 0x0000, 0x0000, 0x0000, 0x0000, 0x0000,
    0x0000, 0x0000, 0x0000, 0x0000, 0x0000, 0x0000, 0x0000, 0x0000,
    0x0000, 0x0000, 0x0000, 0x0000, 0x0000, 0x0000, 0x0000, 0x0000,
    0x0000, 0x0000, 0x0000, 0x0000, 0x0000, 0x0000, 0x0000, 0x0000,
    0x0000, 0x0000, 0x0000, 0x0000, 0x0000, 0x0000, 0x0000, 0x0000,
    0x0000, 0x0000, 0x0000, 0x0000, 0x0000, 0x0000, 0x0000, 0x0000,
    0x0000, 0x0000, 0x0000, 0x0000, 0x0000, 0x0000, 0x0000, 0x0000,
    0x0000, 0x0000, 0x0000, 0x0000, 0x0000, 0x0000, 0x0000, 0x0000,
    0x0000, 0x0000, 0x0000, 0x0000, 0x0000, 0x0000, 0x0000, 0x0000,
    0x0000, 0x0000, 0x0000, 0x0000, 0x0000, 0x0000, 0x0000, 0x0000,
    0x0841, 0x18E3, 0x39C6, 0xC5D6, 0xFFBC, 0xEEF9, 0xE6B8, 0xDE97,
    0xDE76, 0xDE76, 0xDE56, 0xD5F4, 0xD5F4, 0xCDB3, 0xCDF3, 0xDE76,
    0xD5F4, 0xD614, 0xD614, 0xDE35, 0xDE55, 0xD614, 0xCDB2, 0xC571,
    0xBCCF, 0xBCAD, 0xD5B2, 0xDDB2, 0xDDD3, 0xDDF3, 0xDDF3, 0xDDF3,
    0xDDF3, 0xDDF3, 0xDDF3, 0xE614, 0xDDF3, 0xE5F3, 0xE614, 0xE5F3,
    0xE614, 0xE613, 0xE614, 0xE634, 0xE613, 0xE634, 0xE613, 0xE613,
    0xE634, 0xE634, 0xEE54, 0xEE34, 0xEE34, 0xEE75, 0xEE75, 0xEE75,
    0xEE54, 0xEE75, 0xEE75, 0xF675, 0xEE75, 0xF675, 0xF675, 0xF675,
    0xF675, 0xF695, 0xF695, 0xF695, 0xF695, 0xF6B6, 0xF695, 0xF6B5,
    0xF6B5, 0xF6B5, 0xF6D6, 0xF6D6, 0xF6B6, 0xFED6, 0xFED6, 0xFED6,
    0xFED6, 0xFED6, 0xFED6, 0xFED6, 0xFEF6, 0xFED6, 0xFEF7, 0xFEF7,
    0xFEF7, 0xFED6, 0xFEF7, 0xFEF7, 0xFEF7, 0xFEF7, 0xFEF7, 0xFEF7,
    0xFEF7, 0xFEF7, 0xFF17, 0xFF17, 0xFEF7, 0xFF17, 0xFF18, 0xFF18,
    0xFF18, 0xFF17, 0xFF18, 0xFF18, 0xFF17, 0xFF18, 0xFF38, 0xFF38,
    0xFF38, 0xFF18, 0xFF18, 0xEDD1, 0xD570, 0xDE34, 0xE654, 0xE634,
    0xE695, 0xE675, 0xEEB6, 0xEED7, 0xEED7, 0xEEF8, 0xEED7, 0xEEF8,
    0xEEF8, 0xEEF8, 0xEF18, 0xEF19, 0xF73A, 0xEF19, 0xEF3A, 0xFF9C,
    0x83CE, 0x1082, 0x0020, 0x0000, 0x0000, 0x0000, 0x0000, 0x0000,
    0x0000, 0x0000, 0x0000, 0x0000, 0x0000, 0x0000, 0x0000, 0x0000,
    0x0000, 0x0000, 0x0000, 0x0000, 0x0000, 0x0000, 0x0000, 0x0000,
    0x0000, 0x0000, 0x0000, 0x0000, 0x0000, 0x0000, 0x0000, 0x0000,
    0x0000, 0x0000, 0x0000, 0x0000, 0x0000, 0x0000, 0x0000, 0x0000,
    0x0000, 0x0000, 0x0000, 0x0000, 0x0000, 0x0000, 0x0000, 0x0000,
    0x0000, 0x0000, 0x0000, 0x0000, 0x0000, 0x0000, 0x0000, 0x0000,
    0x0000, 0x0000, 0x0000, 0x0000, 0x0000, 0x0000, 0x0000, 0x0000,
    0x0000, 0x0000, 0x0000, 0x0000, 0x0000, 0x0000, 0x0000, 0x0000,
    0x0000, 0x0000, 0x0000, 0x0000, 0x0000, 0x0000, 0x0000, 0x0000,
    0x0000, 0x0000, 0x0000, 0x0000, 0x0000, 0x0000, 0x0000, 0x0000,
    0x0000, 0x0000, 0x0000, 0x0000, 0x0000, 0x0000, 0x0000, 0x0000,
    0x0000, 0x0000, 0x0000, 0x0000, 0x0000, 0x0000, 0x0000, 0x0000,
    0x0820, 0x0861, 0x41E6, 0xDE99, 0xF79C, 0xEEF9, 0xE6B8, 0xE6D8,
    0xDE97, 0xDE35, 0xDE56, 0xD614, 0xCDD3, 0xD614, 0xD656, 0xCDF4,
    0xD614, 0xCDD3, 0xCDB2, 0xDE55, 0xD614, 0xCDD2, 0xCDD2, 0xCD91,
    0xB48D, 0xCD0F, 0xDDD2, 0xDDD2, 0xDDF3, 0xDDF3, 0xDDF3, 0xDDF3,
    0xDDF3, 0xDDF3, 0xDDF3, 0xE614, 0xE614, 0xE614, 0xE614, 0xE614,
    0xE614, 0xE5F3, 0xE614, 0xE613, 0xE634, 0xE634, 0xE634, 0xE634,
    0xEE54, 0xE634, 0xE634, 0xEE75, 0xEE54, 0xEE54, 0xEE75, 0xEE75,
    0xEE75, 0xEE55, 0xEE75, 0xEE74, 0xEE75, 0xEE75, 0xF695, 0xF675,
    0xF675, 0xF695, 0xF695, 0xF695, 0xF695, 0xF696, 0xF695, 0xF6B5,
    0xF6B5, 0xF6B5, 0xF6B5, 0xF6B6, 0xF6B6, 0xF6B6, 0xF6B5, 0xFED6,
    0xFED7, 0xFED6, 0xFED6, 0xFEF7, 0xFED6, 0xFED6, 0xFEF7, 0xFEF7,
    0xFEF7, 0xFEF7, 0xFEF7, 0xFEF7, 0xFEF7, 0xFEF7, 0xFF17, 0xFEF7,
    0xFEF7, 0xFF17, 0xFEF7, 0xFF17, 0xFF17, 0xFF17, 0xFF18, 0xFF17,
    0xFF18, 0xFF17, 0xFF17, 0xFF18, 0xFF18, 0xFF18, 0xFF38, 0xFF18,
    0xFF38, 0xFF18, 0xFF38, 0xF655, 0xD570, 0xDE13, 0xE654, 0xE634,
    0xE653, 0xE654, 0xE695, 0xEED7, 0xEEF8, 0xEEF8, 0xEEF8, 0xEEB7,
    0xEEF8, 0xEEF8, 0xEEF8, 0xEF18, 0xF719, 0xF73A, 0xEF3A, 0xFFBC,
    0xAD32, 0x2123, 0x0000, 0x0000, 0x0000, 0x0000, 0x0000, 0x0000,
    0x0000, 0x0000, 0x0000, 0x0000, 0x0000, 0x0000, 0x0000, 0x0000,
    0x0000, 0x0000, 0x0000, 0x0000, 0x0000, 0x0000, 0x0000, 0x0000,
    0x0000, 0x0000, 0x0000, 0x0000, 0x0000, 0x0000, 0x0000, 0x0000,
    0x0000, 0x0000, 0x0000, 0x0000, 0x0000, 0x0000, 0x0000, 0x0000,
    0x0000, 0x0000, 0x0000, 0x0000, 0x0000, 0x0000, 0x0000, 0x0000,
    0x0000, 0x0000, 0x0000, 0x0000, 0x0000, 0x0000, 0x0000, 0x0000,
    0x0000, 0x0000, 0x0000, 0x0000, 0x0000, 0x0000, 0x0000, 0x0000,
    0x0000, 0x0000, 0x0000, 0x0000, 0x0000, 0x0000, 0x0000, 0x0000,
    0x0000, 0x0000, 0x0000, 0x0000, 0x0000, 0x0000, 0x0000, 0x0000,
    0x0000, 0x0000, 0x0000, 0x0000, 0x0000, 0x0000, 0x0000, 0x0000,
    0x0000, 0x0000, 0x0000, 0x0000, 0x0000, 0x0000, 0x0000, 0x0000,
    0x0000, 0x0000, 0x0000, 0x0000, 0x0000, 0x0000, 0x0000, 0x0000,
    0x0020, 0x0861, 0x5269, 0xEF3B, 0xF77C, 0xEEF9, 0xE6B8, 0xEED8,
    0xDE97, 0xD614, 0xDE55, 0xCDF3, 0xCDD3, 0xD634, 0xD5F4, 0xCDB3,
    0xD614, 0xD5F3, 0xD5F3, 0xDE55, 0xD5F3, 0xCDD2, 0xCDB1, 0xC550,
    0xB48D, 0xD592, 0xE5D3, 0xD5D2, 0xDDF3, 0xDDF3, 0xDDF3, 0xDDF3,
    0xDDF3, 0xDDF3, 0xDDF3, 0xE613, 0xE614, 0xE614, 0xE613, 0xE614,
    0xE5F3, 0xE5F3, 0xE634, 0xE613, 0xE613, 0xE634, 0xE634, 0xE634,
    0xEE54, 0xE634, 0xEE34, 0xEE75, 0xEE75, 0xEE34, 0xEE74, 0xEE55,
    0xEE75, 0xEE75, 0xEE75, 0xEE74, 0xEE75, 0xEE74, 0xF674, 0xF675,
    0xF675, 0xF675, 0xF695, 0xF696, 0xF695, 0xF695, 0xF695, 0xF6B6,
    0xF6B6, 0xF6B6, 0xF6B5, 0xF6B6, 0xF6B6, 0xF6B6, 0xF6B6, 0xFEB6,
    0xFED7, 0xFED6, 0xFED6, 0xFEF7, 0xFED6, 0xFED6, 0xFED6, 0xFEF7,
    0xFED7, 0xFEF7, 0xFEF7, 0xFEF7, 0xFEF7, 0xFEF7, 0xFEF7, 0xFEF7,
    0xFEF7, 0xFF17, 0xFF17, 0xFEF7, 0xFF17, 0xFF17, 0xFF18, 0xFF17,
    0xFF18, 0xFF17, 0xFF17, 0xFF18, 0xFF18, 0xFF18, 0xFF18, 0xFF18,
    0xFF38, 0xFF18, 0xFF38, 0xFED7, 0xDD90, 0xDDF2, 0xE654, 0xE633,
    0xE613, 0xE654, 0xE675, 0xEED6, 0xEEF8, 0xEEF8, 0xEEF8, 0xEED8,
    0xEED7, 0xEEF8, 0xEEF8, 0xEEF8, 0xF719, 0xF71A, 0xEF3A, 0xFFBC,
    0xC5D5, 0x3165, 0x0840, 0x0000, 0x0000, 0x0000, 0x0000, 0x0000,
    0x0000, 0x0000, 0x0000, 0x0000, 0x0000, 0x0000, 0x0000, 0x0000,
    0x0000, 0x0000, 0x0000, 0x0000, 0x0000, 0x0000, 0x0000, 0x0000,
    0x0000, 0x0000, 0x0000, 0x0000, 0x0000, 0x0000, 0x0000, 0x0000,
    0x0000, 0x0000, 0x0000, 0x0000, 0x0000, 0x0000, 0x0000, 0x0000,
    0x0000, 0x0000, 0x0000, 0x0000, 0x0000, 0x0000, 0x0000, 0x0000,
    0x0000, 0x0000, 0x0000, 0x0000, 0x0000, 0x0000, 0x0000, 0x0000,
    0x0000, 0x0000, 0x0000, 0x0000, 0x0000, 0x0000, 0x0000, 0x0000,
    0x0000, 0x0000, 0x0000, 0x0000, 0x0000, 0x0000, 0x0000, 0x0000,
    0x0000, 0x0000, 0x0000, 0x0000, 0x0000, 0x0000, 0x0000, 0x0000,
    0x0000, 0x0000, 0x0000, 0x0000, 0x0000, 0x0000, 0x0000, 0x0000,
    0x0000, 0x0000, 0x0000, 0x0000, 0x0000, 0x0000, 0x0000, 0x0000,
    0x0000, 0x0000, 0x0000, 0x0000, 0x0000, 0x0000, 0x0000, 0x0000,
    0x0000, 0x1082, 0x630B, 0xFF7C, 0xF75B, 0xEEF9, 0xE698, 0xE698,
    0xDE76, 0xDE34, 0xD635, 0xD5F3, 0xCDF4, 0xD5F4, 0xCD71, 0xD5F3,
    0xD614, 0xD5F3, 0xD635, 0xD635, 0xD5F4, 0xD5F2, 0xCD91, 0xBCEE,
    0xB48D, 0xD5D2, 0xDDD3, 0xD5D2, 0xDDF4, 0xDDF3, 0xDDF3, 0xDDF3,
    0xDDF3, 0xDDF3, 0xDDF3, 0xDDF3, 0xE5F3, 0xE5F3, 0xE613, 0xE5F3,
    0xE5F3, 0xE5F3, 0xE634, 0xE633, 0xE613, 0xE634, 0xE634, 0xE634,
    0xE634, 0xE634, 0xF634, 0xEE54, 0xEE75, 0xEE34, 0xEE54, 0xEE55,
    0xEE55, 0xEE75, 0xEE75, 0xEE74, 0xEE75, 0xEE74, 0xEE54, 0xF675,
    0xEE75, 0xEE75, 0xF695, 0xF696, 0xF695, 0xF695, 0xF695, 0xF6B6,
    0xF6B6, 0xF6B6, 0xF6B5, 0xF6B6, 0xF6B6, 0xF6B6, 0xF6B6, 0xF6B6,
    0xFED6, 0xFED6, 0xFED6, 0xFED6, 0xFED6, 0xFED6, 0xFED6, 0xFEF7,
    0xFED7, 0xFEF7, 0xFEF7, 0xFEF7, 0xFEF7, 0xFEF7, 0xFEF7, 0xFF17,
    0xFEF7, 0xFF17, 0xFF18, 0xFEF8, 0xFF18, 0xFF17, 0xFF17, 0xFF17,
    0xFF17, 0xFF17, 0xFF17, 0xFF17, 0xFF18, 0xFF18, 0xFF18, 0xFF18,
    0xFF38, 0xFF38, 0xFF38, 0xFF18, 0xE5F2, 0xD570, 0xDE13, 0xDE13,
    0xDE13, 0xE634, 0xE675, 0xEEB6, 0xEED8, 0xEEF8, 0xF718, 0xEEF8,
    0xEED7, 0xEEF8, 0xEEF8, 0xEEF8, 0xF719, 0xF719, 0xF73A, 0xFF7C,
    0xDE77, 0x41E7, 0x1081, 0x0000, 0x0000, 0x0000, 0x0000, 0x0000,
    0x0000, 0x0000, 0x0000, 0x0000, 0x0000, 0x0000, 0x0000, 0x0000,
    0x0000, 0x0000, 0x0000, 0x0000, 0x0000, 0x0000, 0x0000, 0x0000,
    0x0000, 0x0000, 0x0000, 0x0000, 0x0000, 0x0000, 0x0000, 0x0000,
    0x0000, 0x0000, 0x0000, 0x0000, 0x0000, 0x0000, 0x0000, 0x0000,
    0x0000, 0x0000, 0x0000, 0x0000, 0x0000, 0x0000, 0x0000, 0x0000,
    0x0000, 0x0000, 0x0000, 0x0000, 0x0000, 0x0000, 0x0000, 0x0000,
    0x0000, 0x0000, 0x0000, 0x0000, 0x0000, 0x0000, 0x0000, 0x0000,
    0x0000, 0x0000, 0x0000, 0x0000, 0x0000, 0x0000, 0x0000, 0x0000,
    0x0000, 0x0000, 0x0000, 0x0000, 0x0000, 0x0000, 0x0000, 0x0000,
    0x0000, 0x0000, 0x0000, 0x0000, 0x0000, 0x0000, 0x0000, 0x0000,
    0x0000, 0x0000, 0x0000, 0x0000, 0x0000, 0x0000, 0x0000, 0x0000,
    0x0000, 0x0000, 0x0000, 0x0000, 0x0000, 0x0000, 0x0000, 0x0000,
    0x0000, 0x18C3, 0x73AD, 0xFF9C, 0xEF3A, 0xE6D8, 0xDE77, 0xDE77,
    0xDE76, 0xDE55, 0xD635, 0xD614, 0xD615, 0xCDB3, 0xC572, 0xD614,
    0xD614, 0xD5F4, 0xD635, 0xD614, 0xD5F4, 0xD5D2, 0xCD91, 0xBCCE,
    0xBCCE, 0xD5B2, 0xD5D3, 0xDDF3, 0xDDF4, 0xDDF3, 0xDDF3, 0xDDD3,
    0xDDD3, 0xDDF3, 0xDDD3, 0xDDD3, 0xE5F3, 0xE5F3, 0xE613, 0xDDD3,
    0xE5F3, 0xE5F3, 0xE614, 0xE634, 0xE634, 0xE634, 0xE614, 0xE634,
    0xE634, 0xE614, 0xEE34, 0xE634, 0xEE34, 0xEE34, 0xE634, 0xEE54,
    0xEE54, 0xEE54, 0xEE54, 0xEE54, 0xEE54, 0xEE54, 0xEE75, 0xF675,
    0xEE75, 0xEE75, 0xF675, 0xF695, 0xF695, 0xF696, 0xF695, 0xF6B5,
    0xF6B5, 0xF695, 0xF6B5, 0xF6B5, 0xF6B6, 0xF6B6, 0xF6B6, 0xF6D6,
    0xFED6, 0xFED6, 0xFED6, 0xFED6, 0xFED6, 0xFED6, 0xFED6, 0xFEF7,
    0xFEF7, 0xFEF7, 0xFEF7, 0xFEF7, 0xFEF7, 0xFEF7, 0xFF17, 0xFF17,
    0xFEF7, 0xFEF7, 0xFF18, 0xFF18, 0xFF18, 0xFEF7, 0xFF17, 0xFF17,
    0xFF17, 0xFF17, 0xFF17, 0xFEF7, 0xFF17, 0xFF18, 0xFF17, 0xFF17,
    0xFF18, 0xFF38, 0xFF18, 0xFF38, 0xEE53, 0xCD2F, 0xDDF2, 0xDE13,
    0xDE33, 0xDE13, 0xE675, 0xEE96, 0xEED7, 0xEEF8, 0xF718, 0xEEF8,
    0xEEF8, 0xEED7, 0xEEF8, 0xEF18, 0xF719, 0xF739, 0xF73A, 0xF75B,
    0xF75B, 0x5ACA, 0x0040, 0x0020, 0x0000, 0x0000, 0x0000, 0x0000,
    0x0000, 0x0000, 0x0000, 0x0000, 0x0000, 0x0000, 0x0000, 0x0000,
    0x0000, 0x0000, 0x0000, 0x0000, 0x0000, 0x0000, 0x0000, 0x0000,
    0x0000, 0x0000, 0x0000, 0x0000, 0x0000, 0x0000, 0x0000, 0x0000,
    0x0000, 0x0000, 0x0000, 0x0000, 0x0000, 0x0000, 0x0000, 0x0000,
    0x0000, 0x0000, 0x0000, 0x0000, 0x0000, 0x0000, 0x0000, 0x0000,
    0x0000, 0x0000, 0x0000, 0x0000, 0x0000, 0x0000, 0x0000, 0x0000,
    0x0000, 0x0000, 0x0000, 0x0000, 0x0000, 0x0000, 0x0000, 0x0000,
    0x0000, 0x0000, 0x0000, 0x0000, 0x0000, 0x0000, 0x0000, 0x0000,
    0x0000, 0x0000, 0x0000, 0x0000, 0x0000, 0x0000, 0x0000, 0x0000,
    0x0000, 0x0000, 0x0000, 0x0000, 0x0000, 0x0000, 0x0000, 0x0000,
    0x0000, 0x0000, 0x0000, 0x0000, 0x0000, 0x0000, 0x0000, 0x0000,
    0x0000, 0x0000, 0x0000, 0x0000, 0x0000, 0x0000, 0x0000, 0x0000,
    0x0020, 0x1903, 0x8C2F, 0xFF9D, 0xEEF9, 0xE6B8, 0xDE97, 0xDE77,
    0xDE56, 0xD635, 0xD635, 0xCDF4, 0xDE56, 0xD5F4, 0xCDD3, 0xD5F4,
    0xD5F4, 0xD614, 0xD5F4, 0xD5F3, 0xCDB2, 0xCD71, 0xC571, 0xBCCE,
    0xCD30, 0xD5B2, 0xDDD3, 0xDDF4, 0xDDF3, 0xDDF3, 0xDDF3, 0xDDF3,
    0xDDF3, 0xDDD3, 0xDDF3, 0xE5F3, 0xE613, 0xE5F3, 0xE613, 0xE5F3,
    0xE5F3, 0xE613, 0xE613, 0xE614, 0xE613, 0xE614, 0xE613, 0xE613,
    0xE634, 0xE613, 0xE634, 0xE634, 0xEE34, 0xEE34, 0xE634, 0xEE34,
    0xEE54, 0xEE54, 0xEE54, 0xEE54, 0xEE74, 0xEE54, 0xEE54, 0xEE75,
    0xF695, 0xEE75, 0xF675, 0xF675, 0xF695, 0xF695, 0xF6B6, 0xF695,
    0xF695, 0xF695, 0xF695, 0xF6B5, 0xF6B6, 0xF6B6, 0xF6B6, 0xF6B6,
    0xFED6, 0xFED6, 0xFED6, 0xFED6, 0xFED6, 0xFED6, 0xFED6, 0xFEF7,
    0xFEF6, 0xFEF7, 0xFEF6, 0xFEF7, 0xFEF7, 0xFEF7, 0xFEF7, 0xF6B7,
    0xF6B7, 0xFEF7, 0xFF17, 0xFF18, 0xFF17, 0xFF17, 0xFF17, 0xFF17,
    0xFF17, 0xFF17, 0xFF17, 0xFF17, 0xFF17, 0xFF17, 0xFF17, 0xFF17,
    0xFF18, 0xFF18, 0xFF18, 0xFF18, 0xF695, 0xD570, 0xDDD2, 0xE633,
    0xE675, 0xE655, 0xE675, 0xE675, 0xEED7, 0xEED7, 0xEEF8, 0xF718,
    0xEEF8, 0xEEF8, 0xEEF8, 0xEEF8, 0xF719, 0xF719, 0xEF19, 0xF73A,
    0xFF9C, 0x6B6C, 0x0040, 0x0020, 0x0000, 0x0000, 0x0000, 0x0000,
    0x0000, 0x0000, 0x0000, 0x0000, 0x0000, 0x0000, 0x0000, 0x0000,
    0x0000, 0x0000, 0x0000, 0x0000, 0x0000, 0x0000, 0x0000, 0x0000,
    0x0000, 0x0000, 0x0000, 0x0000, 0x0000, 0x0000, 0x0000, 0x0000,
    0x0000, 0x0000, 0x0000, 0x0000, 0x0000, 0x0000, 0x0000, 0x0000,
    0x0000, 0x0000, 0x0000, 0x0000, 0x0000, 0x0000, 0x0000, 0x0000,
    0x0000, 0x0000, 0x0000, 0x0000, 0x0000, 0x0000, 0x0000, 0x0000,
    0x0000, 0x0000, 0x0000, 0x0000, 0x0000, 0x0000, 0x0000, 0x0000,
    0x0000, 0x0000, 0x0000, 0x0000, 0x0000, 0x0000, 0x0000, 0x0000,
    0x0000, 0x0000, 0x0000, 0x0000, 0x0000, 0x0000, 0x0000, 0x0000,
    0x0000, 0x0000, 0x0000, 0x0000, 0x0000, 0x0000, 0x0000, 0x0000,
    0x0000, 0x0000, 0x0000, 0x0000, 0x0000, 0x0000, 0x0000, 0x0000,
    0x0000, 0x0000, 0x0000, 0x0000, 0x0000, 0x0000, 0x0000, 0x0000,
    0x0820, 0x2944, 0x9450, 0xFF9D, 0xEED9, 0xE6B8, 0xE6B7, 0xDE97,
    0xDE76, 0xDE56, 0xD615, 0xCDD3, 0xDE35, 0xD5F4, 0xD614, 0xD614,
    0xD5F4, 0xD5F3, 0xD5F3, 0xD5D3, 0xCDD2, 0xCDB2, 0xC550, 0xBCAD,
    0xCD71, 0xDDD3, 0xDDF3, 0xDDF3, 0xDDF3, 0xDDF3, 0xDDF3, 0xDDF3,
    0xDDF3, 0xDDD2, 0xDDF3, 0xE5F3, 0xE613, 0xE5F3, 0xE613, 0xE613,
    0xE5F3, 0xE613, 0xE613, 0xE613, 0xEE14, 0xEE34, 0xEE13, 0xE613,
    0xE613, 0xE633, 0xE613, 0xE633, 0xEE34, 0xEE34, 0xEE54, 0xEE54,
    0xEE34, 0xEE54, 0xEE54, 0xEE54, 0xEE74, 0xEE54, 0xEE54, 0xEE75,
    0xF695, 0xF675, 0xF675, 0xF675, 0xF695, 0xF695, 0xF6B6, 0xF695,
    0xF695, 0xF695, 0xF6B5, 0xF6B6, 0xF6B6, 0xF6B6, 0xF6B6, 0xFED6,
    0xFEB6, 0xFED6, 0xFED6, 0xFED6, 0xFED6, 0xFED6, 0xFED6, 0xFED6,
    0xFED7, 0xFEF7, 0xFEF7, 0xFEF7, 0xFED7, 0xF6B6, 0xFF18, 0xFF79,
    0xFF79, 0xFF58, 0xFED6, 0xFEF7, 0xFF17, 0xFF17, 0xFF17, 0xFEF7,
    0xFF18, 0xFF17, 0xFEF7, 0xFEF7, 0xFF17, 0xFF17, 0xFF17, 0xFF17,
    0xFF18, 0xFF18, 0xFF18, 0xFF18, 0xFED6, 0xDDB1, 0xDDD1, 0xE633,
    0xE654, 0xE675, 0xEEB6, 0xEE75, 0xEED6, 0xEEF8, 0xEEF8, 0xF718,
    0xEEF8, 0xEEF8, 0xEF18, 0xF719, 0xF719, 0xF739, 0xF739, 0xF73A,
    0xFF9D, 0x8C4F, 0x10A2, 0x0020, 0x0000, 0x0000, 0x0000, 0x0000,
    0x0000, 0x0000, 0x0000, 0x0000, 0x0000, 0x0000, 0x0000, 0x0000,
    0x0000, 0x0000, 0x0000, 0x0000, 0x0000, 0x0000, 0x0000, 0x0000,
    0x0000, 0x0000, 0x0000, 0x0000, 0x0000, 0x0000, 0x0000, 0x0000,
    0x0000, 0x0000, 0x0000, 0x0000, 0x0000, 0x0000, 0x0000, 0x0000,
    0x0000, 0x0000, 0x0000, 0x0000, 0x0000, 0x0000, 0x0000, 0x0000,
    0x0000, 0x0000, 0x0000, 0x0000, 0x0000, 0x0000, 0x0000, 0x0000,
    0x0000, 0x0000, 0x0000, 0x0000, 0x0000, 0x0000, 0x0000, 0x0000,
    0x0000, 0x0000, 0x0000, 0x0000, 0x0000, 0x0000, 0x0000, 0x0000,
    0x0000, 0x0000, 0x0000, 0x0000, 0x0000, 0x0000, 0x0000, 0x0000,
    0x0000, 0x0000, 0x0000, 0x0000, 0x0000, 0x0000, 0x0000, 0x0000,
    0x0000, 0x0000, 0x0000, 0x0000, 0x0000, 0x0000, 0x0000, 0x0000,
    0x0000, 0x0000, 0x0000, 0x0000, 0x0000, 0x0000, 0x0000, 0x0000,
    0x0841, 0x31A5, 0xAD53, 0xF79C, 0xE6D9, 0xE6B8, 0xE677, 0xDE98,
    0xDE77, 0xDE56, 0xD5D3, 0xD5F4, 0xD614, 0xD614, 0xD635, 0xD614,
    0xD5F4, 0xCDD3, 0xD5F3, 0xD5D3, 0xCDD3, 0xCDD2, 0xC50F, 0xBC8D,
    0xCD71, 0xDDD3, 0xDDF3, 0xDDF3, 0xDDF3, 0xDE13, 0xDDF3, 0xDDF3,
    0xDDD3, 0xDDD2, 0xDDD3, 0xDDD3, 0xE5F3, 0xE5F3, 0xE613, 0xE613,
    0xE5F3, 0xE5F3, 0xE613, 0xE613, 0xE5F4, 0xDE13, 0xDDF3, 0xE5F3,
    0xE613, 0xE634, 0xE613, 0xE633, 0xEE34, 0xE634, 0xEE54, 0xEE54,
    0xEE34, 0xEE54, 0xEE54, 0xEE54, 0xEE54, 0xEE54, 0xEE54, 0xEE75,
    0xF675, 0xFE95, 0xF675, 0xF675, 0xF695, 0xF695, 0xF696, 0xF695,
    0xF6B5, 0xF695, 0xF6B6, 0xF6B6, 0xF6B6, 0xF6B6, 0xF6B6, 0xFED6,
    0xFEB6, 0xFED6, 0xFED6, 0xFED6, 0xFED6, 0xFED6, 0xFED6, 0xFED6,
    0xFED7, 0xFEF7, 0xFEF7, 0xFEF7, 0xFED7, 0xFF58, 0xFF58, 0xEED7,
    0xEED7, 0xFF38, 0xFF79, 0xFF38, 0xFEF7, 0xFF17, 0xFF17, 0xFEF8,
    0xFF18, 0xFF17, 0xFEF8, 0xFEF7, 0xFF17, 0xFF17, 0xFF17, 0xFF17,
    0xFF18, 0xFF18, 0xFF17, 0xFF17, 0xFEF7, 0xE5F1, 0xDDD1, 0xDE33,
    0xE674, 0xE675, 0xEEB6, 0xEEB7, 0xEEB6, 0xEEF8, 0xEEF8, 0xEED8,
    0xEEF8, 0xEEF8, 0xEF18, 0xFF19, 0xF719, 0xF739, 0xF73A, 0xEF3A,
    0xFF9C, 0xA512, 0x2924, 0x0821, 0x0000, 0x0000, 0x0000, 0x0000,
    0x0000, 0x0000, 0x0000, 0x0000, 0x0000, 0x0000, 0x0000, 0x0000,
    0x0000, 0x0000, 0x0000, 0x0000, 0x0000, 0x0000, 0x0000, 0x0000,
    0x0000, 0x0000, 0x0000, 0x0000, 0x0000, 0x0000, 0x0000, 0x0000,
    0x0000, 0x0000, 0x0000, 0x0000, 0x0000, 0x0000, 0x0000, 0x0000,
    0x0000, 0x0000, 0x0000, 0x0000, 0x0000, 0x0000, 0x0000, 0x0000,
    0x0000, 0x0000, 0x0000, 0x0000, 0x0000, 0x0000, 0x0000, 0x0000,
    0x0000, 0x0000, 0x0000, 0x0000, 0x0000, 0x0000, 0x0000, 0x0000,
    0x0000, 0x0000, 0x0000, 0x0000, 0x0000, 0x0000, 0x0000, 0x0000,
    0x0000, 0x0000, 0x0000, 0x0000, 0x0000, 0x0000, 0x0000, 0x0000,
    0x0000, 0x0000, 0x0000, 0x0000, 0x0000, 0x0000, 0x0000, 0x0000,
    0x0000, 0x0000, 0x0000, 0x0000, 0x0000, 0x0000, 0x0000, 0x0000,
    0x0000, 0x0000, 0x0000, 0x0000, 0x0000, 0x0000, 0x0000, 0x0000,
    0x10A2, 0x4207, 0xD678, 0xF77C, 0xE6D9, 0xDE97, 0xDE56, 0xDE98,
    0xDE77, 0xD615, 0xCDD3, 0xD615, 0xD614, 0xD635, 0xD635, 0xCDF4,
    0xCDD3, 0xCDD3, 0xD5F3, 0xD5D3, 0xCDD3, 0xCD91, 0xBCCE, 0xBCAE,
    0xD591, 0xD5D3, 0xDDF3, 0xDDF3, 0xDDF3, 0xDE13, 0xDDF3, 0xDDD3,
    0xDDD3, 0xDDD3, 0xDDD2, 0xDDD2, 0xDDF3, 0xDDF3, 0xE613, 0xE5F3,
    0xE5F3, 0xDDF3, 0xE5F3, 0xDDF3, 0xE613, 0xE613, 0xE613, 0xEDF3,
    0xE614, 0xE634, 0xE613, 0xE613, 0xE634, 0xE633, 0xE633, 0xEE34,
    0xEE34, 0xEE34, 0xEE34, 0xEE54, 0xEE54, 0xEE54, 0xEE54, 0xEE75,
    0xF675, 0xF695, 0xF675, 0xF695, 0xF675, 0xF695, 0xF695, 0xF695,
    0xF6B6, 0xF6B5, 0xF6B6, 0xF6B6, 0xF6B6, 0xF6B6, 0xF6B6, 0xF6B6,
    0xFED6, 0xFED6, 0xFED6, 0xFED6, 0xFED6, 0xFED6, 0xFED6, 0xFED6,
    0xFED7, 0xFEF7, 0xFEF7, 0xF6D6, 0xFF18, 0xF6D7, 0xB531, 0x7BAC,
    0x7BAC, 0xA4B0, 0xE675, 0xFF58, 0xFF18, 0xFF17, 0xFF17, 0xFF18,
    0xFF17, 0xFF17, 0xFF18, 0xFF17, 0xFEF7, 0xFF17, 0xFF17, 0xFEF7,
    0xFF17, 0xFF18, 0xFF17, 0xFEF7, 0xFEF7, 0xE612, 0xD590, 0xDE13,
    0xE695, 0xE675, 0xE675, 0xEED7, 0xEEB7, 0xEEF8, 0xEEF8, 0xEED7,
    0xEED7, 0xEED7, 0xEEF8, 0xF719, 0xF719, 0xEF19, 0xF73A, 0xEF19,
    0xFF9B, 0xB594, 0x3185, 0x0841, 0x0000, 0x0000, 0x0000, 0x0000,
    0x0000, 0x0000, 0x0000, 0x0000, 0x0000, 0x0000, 0x0000, 0x0000,
    0x0000, 0x0000, 0x0000, 0x0000, 0x0000, 0x0000, 0x0000, 0x0000,
    0x0000, 0x0000, 0x0000, 0x0000, 0x0000, 0x0000, 0x0000, 0x0000,
    0x0000, 0x0000, 0x0000, 0x0000, 0x0000, 0x0000, 0x0000, 0x0000,
    0x0000, 0x0000, 0x0000, 0x0000, 0x0000, 0x0000, 0x0000, 0x0000,
    0x0000, 0x0000, 0x0000, 0x0000, 0x0000, 0x0000, 0x0000, 0x0000,
    0x0000, 0x0000, 0x0000, 0x0000, 0x0000, 0x0000, 0x0000, 0x0000,
    0x0000, 0x0000, 0x0000, 0x0000, 0x0000, 0x0000, 0x0000, 0x0000,
    0x0000, 0x0000, 0x0000, 0x0000, 0x0000, 0x0000, 0x0000, 0x0000,
    0x0000, 0x0000, 0x0000, 0x0000, 0x0000, 0x0000, 0x0000, 0x0000,
    0x0000, 0x0000, 0x0000, 0x0000, 0x0000, 0x0000, 0x0000, 0x0000,
    0x0000, 0x0000, 0x0000, 0x0000, 0x0000, 0x0000, 0x0000, 0x0860,
    0x2104, 0x4A28, 0xD698, 0xF77B, 0xE6D8, 0xDE77, 0xDE77, 0xDE98,
    0xDE56, 0xD5F4, 0xD635, 0xD635, 0xCDD3, 0xD614, 0xD614, 0xCDD3,
    0xCDD3, 0xD5D3, 0xD5F4, 0xD5F3, 0xCDB2, 0xC550, 0xB4AD, 0xC4EF,
    0xD5D2, 0xDDD3, 0xDDF3, 0xDDF3, 0xDDF3, 0xDDD3, 0xDDF3, 0xDDF3,
    0xDDD2, 0xDDD3, 0xDDD3, 0xDDD3, 0xDDF3, 0xDDF3, 0xDDF3, 0xE614,
    0xE613, 0xDDF3, 0xDDD3, 0xE614, 0xF695, 0xFEB5, 0xFEB5, 0xEE34,
    0xE5D3, 0xE613, 0xE613, 0xE613, 0xE613, 0xE633, 0xE613, 0xEE54,
    0xEE34, 0xEE34, 0xEE54, 0xEE54, 0xEE54, 0xEE75, 0xEE54, 0xEE54,
    0xEE74, 0xEE75, 0xF675, 0xF695, 0xF695, 0xF695, 0xF695, 0xF695,
    0xF696, 0xF6B6, 0xF6B5, 0xF6B6, 0xF6B5, 0xF6B6, 0xF6B6, 0xF6B6,
    0xFED6, 0xF6D6, 0xF6B6, 0xFED6, 0xFED6, 0xFED6, 0xFED6, 0xFED7,
    0xFED7, 0xFED6, 0xF6D6, 0xFF17, 0xF6F7, 0x6AEA, 0x18A1, 0x1060,
    0x1081, 0x1860, 0x41C5, 0xC5D4, 0xFF59, 0xFED7, 0xFEF7, 0xFEF7,
    0xFF17, 0xFF17, 0xFF17, 0xFF17, 0xFEF7, 0xFF17, 0xFF17, 0xFEF7,
    0xFEF7, 0xFF17, 0xFF17, 0xFEF7, 0xFF17, 0xEE54, 0xD54F, 0xDDF2,
    0xDE33, 0xEEB6, 0xE695, 0xEE96, 0xEED7, 0xEED7, 0xEEF8, 0xEF18,
    0xEED7, 0xEED7, 0xEEF8, 0xEEF8, 0xF719, 0xEF19, 0xF719, 0xEF3A,
    0xFF7B, 0xC5F6, 0x3185, 0x0881, 0x0000, 0x0000, 0x0000, 0x0000,
    0x0000, 0x0000, 0x0000, 0x0000, 0x0000, 0x0000, 0x0000, 0x0000,
    0x0000, 0x0000, 0x0000, 0x0000, 0x0000, 0x0000, 0x0000, 0x0000,
    0x0000, 0x0000, 0x0000, 0x0000, 0x0000, 0x0000, 0x0000, 0x0000,
    0x0000, 0x0000, 0x0000, 0x0000, 0x0000, 0x0000, 0x0000, 0x0000,
    0x0000, 0x0000, 0x0000, 0x0000, 0x0000, 0x0000, 0x0000, 0x0000,
    0x0000, 0x0000, 0x0000, 0x0000, 0x0000, 0x0000, 0x0000, 0x0000,
    0x0000, 0x0000, 0x0000, 0x0000, 0x0000, 0x0000, 0x0000, 0x0000,
    0x0000, 0x0000, 0x0000, 0x0000, 0x0000, 0x0000, 0x0000, 0x0000,
    0x0000, 0x0000, 0x0000, 0x0000, 0x0000, 0x0000, 0x0000, 0x0000,
    0x0000, 0x0000, 0x0000, 0x0000, 0x0000, 0x0000, 0x0000, 0x0000,
    0x0000, 0x0000, 0x0000, 0x0000, 0x0000, 0x0000, 0x0000, 0x0000,
    0x0000, 0x0000, 0x0000, 0x0000, 0x0000, 0x0000, 0x0000, 0x0861,
    0x18A2, 0x41E8, 0xDED9, 0xF77B, 0xE6D8, 0xDE97, 0xDE97, 0xDE77,
    0xD615, 0xCDD3, 0xD615, 0xD614, 0xD5F4, 0xCDB3, 0xCD92, 0xCDB2,
    0xCDB2, 0xD5F3, 0xD5F3, 0xD5F2, 0xCDB2, 0xC530, 0xB46C, 0xCD30,
    0xD5D3, 0xE5D3, 0xDDF3, 0xDDD3, 0xDDD3, 0xDDF3, 0xDDD3, 0xDDF3,
    0xDDD2, 0xDDD3, 0xDDD3, 0xDDF3, 0xDDF3, 0xDDF3, 0xDDF3, 0xE613,
    0xE613, 0xDDD2, 0xF674, 0xEE54, 0xCD31, 0xB4EF, 0xC531, 0xE614,
    0xFEB6, 0xE5F2, 0xE5F3, 0xE613, 0xE614, 0xE634, 0xE634, 0xEE53,
    0xEE34, 0xEE34, 0xEE34, 0xEE54, 0xEE54, 0xEE75, 0xEE54, 0xEE54,
    0xEE74, 0xEE75, 0xF675, 0xF675, 0xF695, 0xF695, 0xF695, 0xF695,
    0xF6B6, 0xF6B6, 0xF6B5, 0xF6B6, 0xF6B6, 0xF6B5, 0xF6B5, 0xF6B5,
    0xFEB6, 0xF6B6, 0xFEB6, 0xFED6, 0xFED6, 0xFED6, 0xFED6, 0xFED7,
    0xFEF7, 0xFED6, 0xFEB6, 0xFF39, 0x736B, 0x0820, 0x0000, 0x1061,
    0x3164, 0x39A5, 0x18A2, 0x41C6, 0xDE76, 0xFF38, 0xFED7, 0xFEF7,
    0xFEF7, 0xFEF7, 0xFEF7, 0xFF17, 0xFEF7, 0xFEF7, 0xFEF7, 0xFEF7,
    0xFEF7, 0xFF17, 0xFF17, 0xFF17, 0xFF17, 0xF695, 0xD54F, 0xDDD2,
    0xDE13, 0xEE96, 0xE675, 0xEE96, 0xEEB7, 0xEED7, 0xEEF8, 0xF719,
    0xF719, 0xEEF8, 0xEEF8, 0xEEF8, 0xEF18, 0xF719, 0xF719, 0xEF3A,
    0xFF5B, 0xD678, 0x31A5, 0x10A2, 0x0060, 0x0000, 0x0000, 0x0000,
    0x0000, 0x0000, 0x0000, 0x0000, 0x0000, 0x0000, 0x0000, 0x0000,
    0x0000, 0x0000, 0x0000, 0x0000, 0x0000, 0x0000, 0x0000, 0x0000,
    0x0000, 0x0000, 0x0000, 0x0000, 0x0000, 0x0000, 0x0000, 0x0000,
    0x0000, 0x0000, 0x0000, 0x0000, 0x0000, 0x0000, 0x0000, 0x0000,
    0x0000, 0x0000, 0x0000, 0x0000, 0x0000, 0x0000, 0x0000, 0x0000,
    0x0000, 0x0000, 0x0000, 0x0000, 0x0000, 0x0000, 0x0000, 0x0000,
    0x0000, 0x0000, 0x0000, 0x0000, 0x0000, 0x0000, 0x0000, 0x0000,
    0x0000, 0x0000, 0x0000, 0x0000, 0x0000, 0x0000, 0x0000, 0x0000,
    0x0000, 0x0000, 0x0000, 0x0000, 0x0000, 0x0000, 0x0000, 0x0000,
    0x0000, 0x0000, 0x0000, 0x0000, 0x0000, 0x0000, 0x0000, 0x0000,
    0x0000, 0x0000, 0x0000, 0x0000, 0x0000, 0x0000, 0x0000, 0x0000,
    0x0000, 0x0000, 0x0000, 0x0000, 0x0000, 0x0000, 0x0000, 0x0020,
    0x0820, 0x4248, 0xEF1A, 0xF73B, 0xE6B8, 0xDE98, 0xDE97, 0xDE56,
    0xCDF4, 0xCDD3, 0xD5F4, 0xD5F4, 0xD5D3, 0xCDD3, 0xD5B3, 0xCDB2,
    0xCD92, 0xD5F3, 0xD5F3, 0xCDD2, 0xCDB2, 0xC530, 0xBC6C, 0xCD70,
    0xD5D3, 0xDDD3, 0xDDF3, 0xDDD3, 0xDDD3, 0xDDF3, 0xDDD3, 0xDDF3,
    0xDDD2, 0xDDD3, 0xDDF3, 0xDDF3, 0xDDF3, 0xDDF3, 0xDDF3, 0xDDF3,
    0xDDD2, 0xEE13, 0xD5B2, 0x8BAB, 0x5226, 0x41A5, 0x4A06, 0x7309,
    0xC551, 0xF674, 0xE5F3, 0xE613, 0xE634, 0xE634, 0xE634, 0xE633,
    0xE634, 0xEE34, 0xEE34, 0xEE54, 0xEE54, 0xEE54, 0xEE74, 0xEE75,
    0xEE54, 0xEE75, 0xEE75, 0xEE75, 0xF695, 0xF695, 0xF695, 0xF695,
    0xF696, 0xF6B6, 0xF695, 0xF6B6, 0xF6B6, 0xF6B5, 0xF6B5, 0xF6B5,
    0xF6B6, 0xF6B6, 0xFEB6, 0xFED6, 0xFED6, 0xFED6, 0xFED6, 0xFED7,
    0xFEF7, 0xF6D6, 0xFF17, 0xCDB3, 0x0841, 0x0820, 0x20E2, 0x3165,
    0x738C, 0xAD13, 0x630B, 0x0020, 0x7B8B, 0xFF58, 0xFED7, 0xFEF7,
    0xFEF7, 0xFEF7, 0xFEF7, 0xFF17, 0xFEF7, 0xFEF7, 0xFEF7, 0xFEF7,
    0xFEF7, 0xFF17, 0xFF17, 0xFF18, 0xFF17, 0xFED7, 0xD590, 0xDDD2,
    0xE633, 0xE675, 0xE675, 0xEEB6, 0xEED7, 0xEEF8, 0xEEF8, 0xF719,
    0xF719, 0xEEF8, 0xEEF8, 0xEEF8, 0xF719, 0xFF19, 0xEF19, 0xF719,
    0xF75B, 0xEEFA, 0x4A48, 0x0841, 0x0060, 0x0000, 0x0000, 0x0000,
    0x0000, 0x0000, 0x0000, 0x0000, 0x0000, 0x0000, 0x0000, 0x0000,
    0x0000, 0x0000, 0x0000, 0x0000, 0x0000, 0x0000, 0x0000, 0x0000,
    0x0000, 0x0000, 0x0000, 0x0000, 0x0000, 0x0000, 0x0000, 0x0000,
    0x0000, 0x0000, 0x0000, 0x0000, 0x0000, 0x0000, 0x0000, 0x0000,
    0x0000, 0x0000, 0x0000, 0x0000, 0x0000, 0x0000, 0x0000, 0x0000,
    0x0000, 0x0000, 0x0000, 0x0000, 0x0000, 0x0000, 0x0000, 0x0000,
    0x0000, 0x0000, 0x0000, 0x0000, 0x0000, 0x0000, 0x0000, 0x0000,
    0x0000, 0x0000, 0x0000, 0x0000, 0x0000, 0x0000, 0x0000, 0x0000,
    0x0000, 0x0000, 0x0000, 0x0000, 0x0000, 0x0000, 0x0000, 0x0000,
    0x0000, 0x0000, 0x0000, 0x0000, 0x0000, 0x0000, 0x0000, 0x0000,
    0x0000, 0x0000, 0x0000, 0x0000, 0x0000, 0x0000, 0x0000, 0x0000,
    0x0000, 0x0000, 0x0000, 0x0000, 0x0000, 0x0000, 0x0000, 0x0000,
    0x0861, 0x6B2B, 0xF75C, 0xEF1A, 0xDE98, 0xDE98, 0xDE97, 0xD656,
    0xD635, 0xD5F4, 0xD614, 0xCDF4, 0xCDB2, 0xD614, 0xD614, 0xCDB2,
    0xCDB2, 0xCDD3, 0xCDD3, 0xCDB2, 0xCD92, 0xC530, 0xBCAD, 0xCD91,
    0xD5D3, 0xD5D3, 0xDDD3, 0xDDD3, 0xDDF3, 0xDDF3, 0xDDD2, 0xDDF3,
    0xDDD3, 0xDDD3, 0xDDF3, 0xDDD3, 0xDDF3, 0xDDF3, 0xDDF3, 0xDDF3,
    0xE5F2, 0xE5F3, 0x6AE9, 0x0021, 0x0000, 0x0000, 0x0020, 0x1060,
    0x5A68, 0xDDF3, 0xEE33, 0xE613, 0xE634, 0xE634, 0xE634, 0xE634,
    0xE634, 0xEE34, 0xEE54, 0xEE54, 0xEE34, 0xEE54, 0xEE75, 0xEE75,
    0xEE55, 0xEE75, 0xEE54, 0xEE75, 0xF675, 0xF675, 0xF695, 0xF695,
    0xF675, 0xF6B6, 0xF695, 0xF695, 0xF695, 0xF695, 0xF6B5, 0xF6B6,
    0xF6B6, 0xF6B6, 0xF6B6, 0xF6B6, 0xF6D6, 0xF6B6, 0xF6D6, 0xFED6,
    0xFED7, 0xF6B6, 0xFF59, 0x6B09, 0x0000, 0x20E3, 0x1882, 0x2923,
    0x7BAE, 0xBDD6, 0x9CB1, 0x3164, 0x18C2, 0xE675, 0xFED7, 0xFED7,
    0xFEF7, 0xFEF7, 0xFEF7, 0xFEF7, 0xFED6, 0xFEF7, 0xFEF7, 0xFEF7,
    0xFEF7, 0xFEF7, 0xFF17, 0xFF18, 0xFF17, 0xFEF7, 0xDDB1, 0xDDD1,
    0xE654, 0xE675, 0xE695, 0xEEB6, 0xEED7, 0xEEF8, 0xEEF8, 0xEEF8,
    0xEEF8, 0xEEF8, 0xEEF8, 0xEEF8, 0xF719, 0xF719, 0xEF19, 0xF719,
    0xF73A, 0xF75B, 0x6B4C, 0x0841, 0x0000, 0x0020, 0x0000, 0x0000,
    0x0000, 0x0000, 0x0000, 0x0000, 0x0000, 0x0000, 0x0000, 0x0000,
    0x0000, 0x0000, 0x0000, 0x0000, 0x0000, 0x0000, 0x0000, 0x0000,
    0x0000, 0x0000, 0x0000, 0x0000, 0x0000, 0x0000, 0x0000, 0x0000,
    0x0000, 0x0000, 0x0000, 0x0000, 0x0000, 0x0000, 0x0000, 0x0000,
    0x0000, 0x0000, 0x0000, 0x0000, 0x0000, 0x0000, 0x0000, 0x0000,
    0x0000, 0x0000, 0x0000, 0x0000, 0x0000, 0x0000, 0x0000, 0x0000,
    0x0000, 0x0000, 0x0000, 0x0000, 0x0000, 0x0000, 0x0000, 0x0000,
    0x0000, 0x0000, 0x0000, 0x0000, 0x0000, 0x0000, 0x0000, 0x0000,
    0x0000, 0x0000, 0x0000, 0x0000, 0x0000, 0x0000, 0x0000, 0x0000,
    0x0000, 0x0000, 0x0000, 0x0000, 0x0000, 0x0000, 0x0000, 0x0000,
    0x0000, 0x0000, 0x0000, 0x0000, 0x0000, 0x0000, 0x0000, 0x0000,
    0x0000, 0x0000, 0x0000, 0x0000, 0x0000, 0x0000, 0x0000, 0x0000,
    0x18E2, 0x8C2F, 0xF79C, 0xE6F9, 0xDE98, 0xE6D8, 0xDE77, 0xDE97,
    0xD635, 0xD615, 0xD615, 0xCDD3, 0xD5F4, 0xD614, 0xCDD3, 0xCDD3,
    0xCDB3, 0xCDB2, 0xCDD2, 0xCDB2, 0xCD92, 0xC550, 0xBCEE, 0xD592,
    0xD5D2, 0xDDD3, 0xDDD3, 0xDDD3, 0xDDD3, 0xDDD3, 0xDDD3, 0xDDD2,
    0xDDD3, 0xDDD3, 0xDDD3, 0xDDD3, 0xDDF3, 0xDDF3, 0xDDF3, 0xDDD2,
    0xE634, 0x8BAC, 0x0820, 0x0860, 0x0860, 0x1081, 0x2103, 0x5AA9,
    0x4227, 0x7B2A, 0xF695, 0xE613, 0xE614, 0xE614, 0xE634, 0xE634,
    0xE634, 0xEE54, 0xEE54, 0xEE55, 0xEE54, 0xEE54, 0xEE55, 0xEE54,
    0xEE75, 0xEE75, 0xEE54, 0xEE75, 0xEE75, 0xEE75, 0xF695, 0xF696,
    0xF695, 0xF6B6, 0xF6B5, 0xF695, 0xF695, 0xF695, 0xF695, 0xF6B6,
    0xF6B5, 0xF6B5, 0xF6B6, 0xF6B6, 0xFED6, 0xF6B6, 0xF6B6, 0xF6D6,
    0xFED6, 0xF6D6, 0xF6F8, 0x2964, 0x1081, 0x18A2, 0x18A2, 0x2103,
    0x5AAA, 0x8C70, 0x7BAE, 0x39A5, 0x0020, 0xACD0, 0xFF37, 0xF6D6,
    0xFEF7, 0xFED6, 0xFED6, 0xFED6, 0xFED6, 0xFEF7, 0xFED6, 0xFEF7,
    0xFEF7, 0xFEF7, 0xFF17, 0xFF18, 0xFF17, 0xFF17, 0xE5F2, 0xD591,
    0xE675, 0xE675, 0xE695, 0xEEB6, 0xE696, 0xEED7, 0xEED8, 0xEED7,
    0xEEF8, 0xEEF8, 0xEEF8, 0xEF18, 0xEEF8, 0xEEF8, 0xEEF8, 0xEF19,
    0xEF1A, 0xF77B, 0x8C0F, 0x10A1, 0x0000, 0x0000, 0x0000, 0x0000,
    0x0000, 0x0000, 0x0000, 0x0000, 0x0000, 0x0000, 0x0000, 0x0000,
    0x0000, 0x0000, 0x0000, 0x0000, 0x0000, 0x0000, 0x0000, 0x0000,
    0x0000, 0x0000, 0x0000, 0x0000, 0x0000, 0x0000, 0x0000, 0x0000,
    0x0000, 0x0000, 0x0000, 0x0000, 0x0000, 0x0000, 0x0000, 0x0000,
    0x0000, 0x0000, 0x0000, 0x0000, 0x0000, 0x0000, 0x0000, 0x0000,
    0x0000, 0x0000, 0x0000, 0x0000, 0x0000, 0x0000, 0x0000, 0x0000,
    0x0000, 0x0000, 0x0000, 0x0000, 0x0000, 0x0000, 0x0000, 0x0000,
    0x0000, 0x0000, 0x0000, 0x0000, 0x0000, 0x0000, 0x0000, 0x0000,
    0x0000, 0x0000, 0x0000, 0x0000, 0x0000, 0x0000, 0x0000, 0x0000,
    0x0000, 0x0000, 0x0000, 0x0000, 0x0000, 0x0000, 0x0000, 0x0000,
    0x0000, 0x0000, 0x0000, 0x0000, 0x0000, 0x0000, 0x0000, 0x0000,
    0x0000, 0x0000, 0x0000, 0x0000, 0x0000, 0x0000, 0x0000, 0x08A1,
    0x18E2, 0x83EE, 0xFF9C, 0xE6F9, 0xE6B9, 0xE6D8, 0xDE77, 0xE697,
    0xD614, 0xD615, 0xD5F5, 0xD614, 0xD5F4, 0xCDF4, 0xCDF3, 0xCDD2,
    0xCDB3, 0xCDD2, 0xCDB2, 0xCD91, 0xC571, 0xC50F, 0xC4EE, 0xD5B2,
    0xD5B2, 0xDDD2, 0xDDD3, 0xDDD3, 0xDDD3, 0xDDF3, 0xDDD3, 0xDDD2,
    0xDDD3, 0xDDF3, 0xDDD3, 0xDDF3, 0xDDF3, 0xDDF3, 0xDDF3, 0xE5D3,
    0xD592, 0x3144, 0x0020, 0x0861, 0x0881, 0x10A1, 0x3165, 0x8C2F,
    0xA513, 0x39C6, 0xC551, 0xEE54, 0xE614, 0xE614, 0xE634, 0xE634,
    0xEE34, 0xEE54, 0xEE34, 0xEE55, 0xEE54, 0xEE55, 0xEE54, 0xEE54,
    0xEE74, 0xEE75, 0xEE75, 0xEE75, 0xF675, 0xEE75, 0xF675, 0xF696,
    0xF695, 0xF6B5, 0xF6B5, 0xF6B6, 0xF696, 0xF6B6, 0xF696, 0xF695,
    0xF6B5, 0xF6B6, 0xF6B6, 0xF6B6, 0xFEB6, 0xF6D6, 0xF6D6, 0xF6D6,
    0xFEB5, 0xFEF6, 0xDE54, 0x18C2, 0x18C2, 0x1881, 0x18A2, 0x18C2,
    0x3185, 0x5269, 0x4A28, 0x3164, 0x0041, 0x838B, 0xFF38, 0xF6D5,
    0xFEF6, 0xFED6, 0xFED6, 0xFED6, 0xFED7, 0xFEF7, 0xFED6, 0xFEF7,
    0xFEF7, 0xFEF7, 0xFF17, 0xFF18, 0xFF17, 0xFF18, 0xE613, 0xDD91,
    0xE695, 0xE674, 0xEE96, 0xEED7, 0xEE96, 0xEED7, 0xEEF8, 0xEEF8,
    0xEEF8, 0xEEF8, 0xEEF8, 0xEF18, 0xEEF8, 0xEEF8, 0xEF19, 0xEF19,
    0xEF1A, 0xFF7B, 0x8C4F, 0x18C2, 0x0000, 0x0000, 0x0000, 0x0000,
    0x0000, 0x0000, 0x0000, 0x0000, 0x0000, 0x0000, 0x0000, 0x0000,
    0x0000, 0x0000, 0x0000, 0x0000, 0x0000, 0x0000, 0x0000, 0x0000,
    0x0000, 0x0000, 0x0000, 0x0000, 0x0000, 0x0000, 0x0000, 0x0000,
    0x0000, 0x0000, 0x0000, 0x0000, 0x0000, 0x0000, 0x0000, 0x0000,
    0x0000, 0x0000, 0x0000, 0x0000, 0x0000, 0x0000, 0x0000, 0x0000,
    0x0000, 0x0000, 0x0000, 0x0000, 0x0000, 0x0000, 0x0000, 0x0000,
    0x0000, 0x0000, 0x0000, 0x0000, 0x0000, 0x0000, 0x0000, 0x0000,
    0x0000, 0x0000, 0x0000, 0x0000, 0x0000, 0x0000, 0x0000, 0x0000,
    0x0000, 0x0000, 0x0000, 0x0000, 0x0000, 0x0000, 0x0000, 0x0000,
    0x0000, 0x0000, 0x0000, 0x0000, 0x0000, 0x0000, 0x0000, 0x0000,
    0x0000, 0x0000, 0x0000, 0x0000, 0x0000, 0x0000, 0x0000, 0x0000,
    0x0000, 0x0000, 0x0000, 0x0000, 0x0000, 0x0000, 0x0000, 0x1903,
    0x1081, 0x840F, 0xFFBD, 0xEEFA, 0xE6D9, 0xDE97, 0xDE77, 0xDE77,
    0xD5F4, 0xD615, 0xD5F4, 0xD615, 0xCDF4, 0xD614, 0xCDF3, 0xCDB2,
    0xD5D4, 0xD614, 0xD5B2, 0xCD91, 0xCD50, 0xBCCD, 0xC4CE, 0xD5B2,
    0xD5B2, 0xDDD2, 0xDDD3, 0xDDD3, 0xDDD3, 0xDDF3, 0xDDD3, 0xDDD2,
    0xDDD3, 0xDDF3, 0xDDF3, 0xDDF3, 0xDDF3, 0xDDF3, 0xDDD3, 0xEE13,
    0xA40C, 0x0841, 0x10C2, 0x0020, 0x0041, 0x0860, 0x2104, 0x738D,
    0xC5F7, 0x39C6, 0x834A, 0xF695, 0xE614, 0xE614, 0xE614, 0xE634,
    0xF634, 0xEE54, 0xEE34, 0xEE54, 0xEE54, 0xEE55, 0xEE54, 0xEE54,
    0xEE54, 0xEE75, 0xEE75, 0xEE75, 0xF695, 0xEE75, 0xF675, 0xF695,
    0xF695, 0xF695, 0xF695, 0xF6B6, 0xF6B6, 0xF6B6, 0xF696, 0xF695,
    0xF6B5, 0xF6B6, 0xF6B6, 0xF6B6, 0xF6B6, 0xF6D6, 0xF6D6, 0xF6B6,
    0xF6B5, 0xFEF6, 0xCDB3, 0x10A1, 0x10A2, 0x1080, 0x1081, 0x1081,
    0x18C2, 0x2123, 0x2924, 0x20E3, 0x0861, 0x6AE9, 0xFF38, 0xF6B5,
    0xFED6, 0xFED6, 0xFED6, 0xFED6, 0xFED7, 0xFED7, 0xFEF6, 0xFEF7,
    0xFEF7, 0xFEF7, 0xFF17, 0xFF17, 0xFEF7, 0xFF18, 0xEE34, 0xDDD1,
    0xE695, 0xE654, 0xEE75, 0xEED8, 0xEED7, 0xEED7, 0xEEF8, 0xF718,
    0xEEF8, 0xEEF8, 0xEEF8, 0xEEF8, 0xEF19, 0xEEF9, 0xEF19, 0xEF19,
    0xEF19, 0xFF7B, 0x840E, 0x18C2, 0x0000, 0x0000, 0x0000, 0x0000,
    0x0000, 0x0000, 0x0000, 0x0000, 0x0000, 0x0000, 0x0000, 0x0000,
    0x0000, 0x0000, 0x0000, 0x0000, 0x0000, 0x0000, 0x0000, 0x0000,
    0x0000, 0x0000, 0x0000, 0x0000, 0x0000, 0x0000, 0x0000, 0x0000,
    0x0000, 0x0000, 0x0000, 0x0000, 0x0000, 0x0000, 0x0000, 0x0000,
    0x0000, 0x0000, 0x0000, 0x0000, 0x0000, 0x0000, 0x0000, 0x0000,
    0x0000, 0x0000, 0x0000, 0x0000, 0x0000, 0x0000, 0x0000, 0x0000,
    0x0000, 0x0000, 0x0000, 0x0000, 0x0000, 0x0000, 0x0000, 0x0000,
    0x0000, 0x0000, 0x0000, 0x0000, 0x0000, 0x0000, 0x0000, 0x0000,
    0x0000, 0x0000, 0x0000, 0x0000, 0x0000, 0x0000, 0x0000, 0x0000,
    0x0000, 0x0000, 0x0000, 0x0000, 0x0000, 0x0000, 0x0000, 0x0000,
    0x0000, 0x0000, 0x0000, 0x0000, 0x0000, 0x0000, 0x0000, 0x0000,
    0x0000, 0x0000, 0x0000, 0x0000, 0x0000, 0x0000, 0x0841, 0x10A2,
    0x0040, 0xA513, 0xFFBD, 0xEEFA, 0xE6D9, 0xD656, 0xDE77, 0xD656,
    0xD614, 0xD5F4, 0xCDD3, 0xCDB3, 0xCDD4, 0xD614, 0xCDB3, 0xCDB3,
    0xD615, 0xD614, 0xD5D3, 0xCDB2, 0xCD71, 0xB4AD, 0xBCCE, 0xD5B2,
    0xD5B2, 0xDDD3, 0xDDD3, 0xDDD2, 0xDDD2, 0xDDD3, 0xDDD3, 0xDDD2,
    0xDDD3, 0xDDF3, 0xDDF3, 0xDDD3, 0xDDF3, 0xDDD3, 0xD5B2, 0xE613,
    0x6AC8, 0x1082, 0x1060, 0x0840, 0x0841, 0x0841, 0x10A2, 0x4207,
    0x6B6C, 0x3186, 0x49C5, 0xEE75, 0xE613, 0xE613, 0xE614, 0xE634,
    0xEE34, 0xEE54, 0xEE54, 0xEE34, 0xEE54, 0xEE54, 0xEE54, 0xEE54,
    0xEE54, 0xEE75, 0xEE75, 0xEE75, 0xEE95, 0xEE75, 0xEE75, 0xF695,
    0xF695, 0xF695, 0xF695, 0xF6B6, 0xF6B6, 0xF695, 0xF695, 0xF695,
    0xF695, 0xF6B5, 0xF6B6, 0xF6B5, 0xF6B6, 0xF6B6, 0xF6B6, 0xF6B6,
    0xF6B5, 0xFEF6, 0xC593, 0x1081, 0x18A2, 0x1081, 0x0880, 0x1081,
    0x0881, 0x10A1, 0x10A1, 0x10C1, 0x1081, 0x62C9, 0xFF38, 0xF695,
    0xFEB6, 0xFED6, 0xFED6, 0xFED6, 0xFED6, 0xFED6, 0xFEF7, 0xFED7,
    0xFEF7, 0xFEF7, 0xFEF7, 0xFEF7, 0xFEF7, 0xFF18, 0xEE54, 0xDDD2,
    0xE655, 0xE634, 0xE654, 0xEEB7, 0xEED7, 0xEEB7, 0xEED7, 0xF718,
    0xEEF8, 0xEED8, 0xEED8, 0xEEF8, 0xEF19, 0xEF19, 0xEF19, 0xEF19,
    0xEF19, 0xFF7B, 0x9470, 0x2103, 0x0820, 0x0000, 0x0000, 0x0000,
    0x0000, 0x0000, 0x0000, 0x0000, 0x0000, 0x0000, 0x0000, 0x0000,
    0x0000, 0x0000, 0x0000, 0x0000, 0x0000, 0x0000, 0x0000, 0x0000,
    0x0000, 0x0000, 0x0000, 0x0000, 0x0000, 0x0000, 0x0000, 0x0000,
    0x0000, 0x0000, 0x0000, 0x0000, 0x0000, 0x0000, 0x0000, 0x0000,
    0x0000, 0x0000, 0x0000, 0x0000, 0x0000, 0x0000, 0x0000, 0x0000,
    0x0000, 0x0000, 0x0000, 0x0000, 0x0000, 0x0000, 0x0000, 0x0000,
    0x0000, 0x0000, 0x0000, 0x0000, 0x0000, 0x0000, 0x0000, 0x0000,
    0x0000, 0x0000, 0x0000, 0x0000, 0x0000, 0x0000, 0x0000, 0x0000,
    0x0000, 0x0000, 0x0000, 0x0000, 0x0000, 0x0000, 0x0000, 0x0000,
    0x0000, 0x0000, 0x0000, 0x0000, 0x0000, 0x0000, 0x0000, 0x0000,
    0x0000, 0x0000, 0x0000, 0x0000, 0x0000, 0x0000, 0x0000, 0x0000,
    0x0000, 0x0000, 0x0000, 0x0000, 0x0000, 0x0000, 0x0020, 0x0000,
    0x10A1, 0xBD95, 0xFF9C, 0xE6F9, 0xE6B8, 0xDE76, 0xD656, 0xD635,
    0xD614, 0xD5F4, 0xC571, 0xC571, 0xCDD3, 0xCDD4, 0xCDD3, 0xD614,
    0xD614, 0xD5F3, 0xD5F3, 0xCDB2, 0xC571, 0xBCEE, 0xC50F, 0xD5B2,
    0xD5B2, 0xD5D3, 0xD5B2, 0xDDD2, 0xDDD3, 0xDDD3, 0xDDD3, 0xDDD3,
    0xDDD3, 0xDDF3, 0xDDD3, 0xDDD3, 0xDDD3, 0xDDD3, 0xD5B2, 0xDDD2,
    0x5206, 0x10A2, 0x1061, 0x0840, 0x0861, 0x0841, 0x1081, 0x20E3,
    0x3164, 0x18E3, 0x2923, 0xE613, 0xE613, 0xE613, 0xE634, 0xE634,
    0xE634, 0xEE34, 0xEE55, 0xEE54, 0xEE54, 0xEE54, 0xEE54, 0xEE54,
    0xEE75, 0xEE75, 0xEE75, 0xEE75, 0xEE75, 0xEE75, 0xEE75, 0xEE75,
    0xF695, 0xF6B6, 0xF6B6, 0xF696, 0xF695, 0xF6B5, 0xF695, 0xF695,
    0xF695, 0xF6B6, 0xF6B6, 0xF6B6, 0xF6B6, 0xF6B6, 0xF6B6, 0xF6D6,
    0xF6B6, 0xFED6, 0xDDF4, 0x10A1, 0x18A2, 0x1081, 0x1081, 0x1061,
    0x0861, 0x1081, 0x1081, 0x18C2, 0x1061, 0x6B2A, 0xFF38, 0xF695,
    0xFED6, 0xFEB6, 0xFED6, 0xFED7, 0xFED6, 0xFEF7, 0xFEF7, 0xFED7,
    0xFED7, 0xFEF7, 0xFEF7, 0xFF17, 0xFF17, 0xFF18, 0xEE54, 0xDDB1,
    0xDE33, 0xE654, 0xE674, 0xE695, 0xEE96, 0xEEB7, 0xEED7, 0xEEF8,
    0xEEF8, 0xEED7, 0xEEF8, 0xEEF8, 0xEEF8, 0xEF19, 0xEEF9, 0xF719,
    0xEF39, 0xF75B, 0xBDD5, 0x3165, 0x1061, 0x0000, 0x0000, 0x0000,
    0x0000, 0x0000, 0x0000, 0x0000, 0x0000, 0x0000, 0x0000, 0x0000,
    0x0000, 0x0000, 0x0000, 0x0000, 0x0000, 0x0000, 0x0000, 0x0000,
    0x0000, 0x0000, 0x0000, 0x0000, 0x0000, 0x0000, 0x0000, 0x0000,
    0x0000, 0x0000, 0x0000, 0x0000, 0x0000, 0x0000, 0x0000, 0x0000,
    0x0000, 0x0000, 0x0000, 0x0000, 0x0000, 0x0000, 0x0000, 0x0000,
    0x0000, 0x0000, 0x0000, 0x0000, 0x0000, 0x0000, 0x0000, 0x0000,
    0x0000, 0x0000, 0x0000, 0x0000, 0x0000, 0x0000, 0x0000, 0x0000,
    0x0000, 0x0000, 0x0000, 0x0000, 0x0000, 0x0000, 0x0000, 0x0000,
    0x0000, 0x0000, 0x0000, 0x0000, 0x0000, 0x0000, 0x0000, 0x0000,
    0x0000, 0x0000, 0x0000, 0x0000, 0x0000, 0x0000, 0x0000, 0x0000,
    0x0000, 0x0000, 0x0000, 0x0000, 0x0000, 0x0000, 0x0000, 0x0000,
    0x0000, 0x0000, 0x0000, 0x0000, 0x0000, 0x0000, 0x0000, 0x0020,
    0x3185, 0xCE37, 0xFF9C, 0xE6F9, 0xE6B8, 0xDE56, 0xD656, 0xD614,
    0xD5F3, 0xD5D3, 0xCD91, 0xCD92, 0xD5F3, 0xCDF4, 0xCDD3, 0xD634,
    0xD5F3, 0xD5D3, 0xCDD2, 0xCDB2, 0xCD91, 0xBCCD, 0xC4EF, 0xD5B2,
    0xD5B2, 0xD5D3, 0xD5D3, 0xDDD2, 0xDDD3, 0xDDD3, 0xDDD3, 0xDDD3,
    0xDDD3, 0xDDD3, 0xDDD3, 0xDDD3, 0xDDD3, 0xDDD3, 0xD5B2, 0xDD71,
    0x41A5, 0x08A2, 0x0860, 0x0041, 0x0840, 0x0040, 0x0860, 0x1081,
    0x10A1, 0x1081, 0x20E2, 0xD5B2, 0xE613, 0xE5F3, 0xE634, 0xE634,
    0xEE54, 0xEE54, 0xEE55, 0xEE54, 0xEE54, 0xEE75, 0xEE54, 0xEE75,
    0xEE55, 0xEE75, 0xEE75, 0xEE55, 0xEE75, 0xEE75, 0xF695, 0xF695,
    0xF695, 0xF6B6, 0xF6B6, 0xF6B6, 0xF696, 0xF6B6, 0xF6B6, 0xF6B6,
    0xF695, 0xF696, 0xF6B6, 0xF6B6, 0xF6B6, 0xF6B6, 0xF6B6, 0xF6B6,
    0xF6B6, 0xFEB6, 0xF6B6, 0x2923, 0x10A2, 0x0881, 0x0880, 0x1040,
    0x1041, 0x1081, 0x0860, 0x18C2, 0x1041, 0x940E, 0xFF59, 0xF6B6,
    0xFED6, 0xFEB6, 0xFEB6, 0xFED7, 0xFED6, 0xFEF7, 0xFEF7, 0xFEF7,
    0xFEF7, 0xFEF7, 0xFEF7, 0xFF17, 0xFF17, 0xFF18, 0xF675, 0xDDB1,
    0xE634, 0xE654, 0xE675, 0xE675, 0xEE95, 0xEEB7, 0xEED7, 0xEEF8,
    0xF719, 0xEED7, 0xEED7, 0xEEF8, 0xEEF8, 0xEEF8, 0xF719, 0xF6F8,
    0xEF39, 0xF75B, 0xD657, 0x3165, 0x0861, 0x0040, 0x0000, 0x0000,
    0x0000, 0x0000, 0x0000, 0x0000, 0x0000, 0x0000, 0x0000, 0x0000,
    0x0000, 0x0000, 0x0000, 0x0000, 0x0000, 0x0000, 0x0000, 0x0000,
    0x0000, 0x0000, 0x0000, 0x0000, 0x0000, 0x0000, 0x0000, 0x0000,
    0x0000, 0x0000, 0x0000, 0x0000, 0x0000, 0x0000, 0x0000, 0x0000,
    0x0000, 0x0000, 0x0000, 0x0000, 0x0000, 0x0000, 0x0000, 0x0000,
    0x0000, 0x0000, 0x0000, 0x0000, 0x0000, 0x0000, 0x0000, 0x0000,
    0x0000, 0x0000, 0x0000, 0x0000, 0x0000, 0x0000, 0x0000, 0x0000,
    0x0000, 0x0000, 0x0000, 0x0000, 0x0000, 0x0000, 0x0000, 0x0000,
    0x0000, 0x0000, 0x0000, 0x0000, 0x0000, 0x0000, 0x0000, 0x0000,
    0x0000, 0x0000, 0x0000, 0x0000, 0x0000, 0x0000, 0x0000, 0x0000,
    0x0000, 0x0000, 0x0000, 0x0000, 0x0000, 0x0000, 0x0000, 0x0000,
    0x0000, 0x0000, 0x0000, 0x0000, 0x0000, 0x0000, 0x0000, 0x1082,
    0x41E7, 0xCE57, 0xFF9C, 0xE6F9, 0xE6B8, 0xDE76, 0xD656, 0xD614,
    0xCDD3, 0xCDB3, 0xCDB2, 0xCDB3, 0xD635, 0xCDF4, 0xCDD3, 0xD614,
    0xD5F3, 0xD5D3, 0xCDB2, 0xCDB2, 0xCD91, 0xB48C, 0xC4EE, 0xD5B2,
    0xD5B2, 0xD5D3, 0xD5D3, 0xD5D2, 0xDDD3, 0xDDD3, 0xDDD3, 0xDDD2,
    0xDDD3, 0xDDD3, 0xDDD3, 0xDDD3, 0xDDD3, 0xDDD3, 0xD5B2, 0xD571,
    0x41A5, 0x10A2, 0x1081, 0x0861, 0x0020, 0x0840, 0x0041, 0x1060,
    0x10A2, 0x1081, 0x20E2, 0xDDB2, 0xE613, 0xE5F3, 0xE634, 0xE634,
    0xF654, 0xEE55, 0xEE54, 0xEE54, 0xEE54, 0xEE75, 0xEE54, 0xEE75,
    0xEE55, 0xEE75, 0xEE75, 0xEE55, 0xEE75, 0xEE75, 0xF695, 0xF695,
    0xF695, 0xF696, 0xF695, 0xF6B6, 0xF6B6, 0xF6B6, 0xF6B6, 0xF6B6,
    0xF695, 0xF695, 0xF6B6, 0xF6B6, 0xF6B6, 0xF6B6, 0xF6B6, 0xF6B6,
    0xFED6, 0xF6B6, 0xFF38, 0x6288, 0x0020, 0x18E2, 0x1081, 0x0861,
    0x0860, 0x0860, 0x1081, 0x18C2, 0x1061, 0xCD93, 0xFF17, 0xF6B6,
    0xFED6, 0xFEB6, 0xFEB6, 0xFED6, 0xFED6, 0xFED6, 0xFEF7, 0xFEF7,
    0xFEF7, 0xFEF7, 0xFEF7, 0xFEF7, 0xFF18, 0xFF18, 0xF6B6, 0xDDD1,
    0xE634, 0xE674, 0xE675, 0xE675, 0xEEB5, 0xEEB7, 0xEEB7, 0xEED7,
    0xF719, 0xEEF8, 0xEED8, 0xEF18, 0xEEF9, 0xEEF8, 0xFF19, 0xF6F8,
    0xEF19, 0xF75B, 0xD657, 0x3165, 0x0861, 0x0020, 0x0000, 0x0000,
    0x0000, 0x0000, 0x0000, 0x0000, 0x0000, 0x0000, 0x0000, 0x0000,
    0x0000, 0x0000, 0x0000, 0x0000, 0x0000, 0x0000, 0x0000, 0x0000,
    0x0000, 0x0000, 0x0000, 0x0000, 0x0000, 0x0000, 0x0000, 0x0000,
    0x0000, 0x0000, 0x0000, 0x0000, 0x0000, 0x0000, 0x0000, 0x0000,
    0x0000, 0x0000, 0x0000, 0x0000, 0x0000, 0x0000, 0x0000, 0x0000,
    0x0000, 0x0000, 0x0000, 0x0000, 0x0000, 0x0000, 0x0000, 0x0000,
    0x0000, 0x0000, 0x0000, 0x0000, 0x0000, 0x0000, 0x0000, 0x0000,
    0x0000, 0x0000, 0x0000, 0x0000, 0x0000, 0x0000, 0x0000, 0x0000,
    0x0000, 0x0000, 0x0000, 0x0000, 0x0000, 0x0000, 0x0000, 0x0000,
    0x0000, 0x0000, 0x0000, 0x0000, 0x0000, 0x0000, 0x0000, 0x0000,
    0x0000, 0x0000, 0x0000, 0x0000, 0x0000, 0x0000, 0x0000, 0x0000,
    0x0000, 0x0000, 0x0000, 0x0000, 0x0000, 0x0000, 0x0000, 0x18C3,
    0x39C7, 0xCE57, 0xF77C, 0xE6D9, 0xE6B8, 0xDE97, 0xD656, 0xD635,
    0xCDD3, 0xCDB3, 0xCD92, 0xCDB3, 0xD635, 0xCDB3, 0xCDF4, 0xCDF4,
    0xD5F4, 0xD5D3, 0xD5D3, 0xCDB2, 0xC550, 0xB46C, 0xC4EE, 0xD5B2,
    0xD5B2, 0xD5B2, 0xD5D3, 0xD5B2, 0xD5B2, 0xD5B2, 0xDDD2, 0xD5B2,
    0xD5B2, 0xDDD2, 0xDDD3, 0xDDB2, 0xD5B2, 0xD5B2, 0xD592, 0xD591,
    0x49E6, 0x1882, 0x18A2, 0x1061, 0x0840, 0x0840, 0x0841, 0x1061,
    0x18A2, 0x0881, 0x3164, 0xEE13, 0xE5F3, 0xE613, 0xE614, 0xE634,
    0xEE54, 0xEE55, 0xEE54, 0xEE54, 0xEE54, 0xEE54, 0xEE54, 0xEE55,
    0xEE75, 0xEE55, 0xEE75, 0xEE75, 0xEE75, 0xEE75, 0xEE75, 0xF675,
    0xF695, 0xF695, 0xF695, 0xF696, 0xF6B6, 0xF696, 0xF696, 0xF6B6,
    0xF6B6, 0xF6B5, 0xF695, 0xF6B6, 0xF6B6, 0xF6B6, 0xF6B6, 0xF6D6,
    0xFED6, 0xF6B6, 0xFF37, 0xB4F0, 0x0820, 0x18C2, 0x18A2, 0x10A2,
    0x1081, 0x1081, 0x18C2, 0x1061, 0x39A5, 0xF6D6, 0xF6B5, 0xF6B6,
    0xFED6, 0xF6B6, 0xFEB6, 0xFED6, 0xFED6, 0xFEB6, 0xFEF7, 0xFED7,
    0xFEF7, 0xFEF7, 0xFEF7, 0xFEF7, 0xFF18, 0xFF18, 0xF6B6, 0xDDD1,
    0xDE13, 0xE674, 0xE675, 0xE675, 0xEEB6, 0xEEB7, 0xEE96, 0xEEB6,
    0xEEF8, 0xEF18, 0xEEF8, 0xEF18, 0xEF19, 0xEF19, 0xF719, 0xF719,
    0xEEF8, 0xF73A, 0xE698, 0x4206, 0x1082, 0x0000, 0x0000, 0x0000,
    0x0000, 0x0000, 0x0000, 0x0000, 0x0000, 0x0000, 0x0000, 0x0000,
    0x0000, 0x0000, 0x0000, 0x0000, 0x0000, 0x0000, 0x0000, 0x0000,
    0x0000, 0x0000, 0x0000, 0x0000, 0x0000, 0x0000, 0x0000, 0x0000,
    0x0000, 0x0000, 0x0000, 0x0000, 0x0000, 0x0000, 0x0000, 0x0000,
    0x0000, 0x0000, 0x0000, 0x0000, 0x0000, 0x0000, 0x0000, 0x0000,
    0x0000, 0x0000, 0x0000, 0x0000, 0x0000, 0x0000, 0x0000, 0x0000,
    0x0000, 0x0000, 0x0000, 0x0000, 0x0000, 0x0000, 0x0000, 0x0000,
    0x0000, 0x0000, 0x0000, 0x0000, 0x0000, 0x0000, 0x0000, 0x0000,
    0x0000, 0x0000, 0x0000, 0x0000, 0x0000, 0x0000, 0x0000, 0x0000,
    0x0000, 0x0000, 0x0000, 0x0000, 0x0000, 0x0000, 0x0000, 0x0000,
    0x0000, 0x0000, 0x0000, 0x0000, 0x0000, 0x0000, 0x0000, 0x0000,
    0x0000, 0x0000, 0x0000, 0x0000, 0x0000, 0x0000, 0x0041, 0x10A2,
    0x4A49, 0xE6FA, 0xF75B, 0xE6F9, 0xE6B8, 0xDEB8, 0xD656, 0xD614,
    0xCDD3, 0xCDB3, 0xCD92, 0xD5F4, 0xCDB3, 0xCDB3, 0xD5F4, 0xCDF3,
    0xCDD3, 0xD5F3, 0xD5D3, 0xCD91, 0xC52F, 0xB48C, 0xC50F, 0xD5B2,
    0xD5B2, 0xD5B2, 0xD5B2, 0xDDD2, 0xD5B2, 0xD5D3, 0xDDD3, 0xD5B2,
    0xDDB2, 0xDDB2, 0xDDB2, 0xDDB2, 0xD5B2, 0xD5B2, 0xD592, 0xDDD2,
    0x72C8, 0x1082, 0x18C2, 0x0860, 0x0860, 0x0860, 0x0841, 0x0840,
    0x18C2, 0x0840, 0x6288, 0xEE75, 0xDDF3, 0xE614, 0xE614, 0xE634,
    0xE634, 0xEE54, 0xEE55, 0xE634, 0xE634, 0xEE54, 0xEE55, 0xEE54,
    0xEE75, 0xEE75, 0xEE75, 0xEE75, 0xEE75, 0xEE75, 0xF675, 0xF675,
    0xF695, 0xF696, 0xF695, 0xF695, 0xF695, 0xF695, 0xF6B6, 0xF696,
    0xF6B6, 0xF6B6, 0xF6B5, 0xF6B5, 0xF6B6, 0xF6B6, 0xF6B5, 0xF6B6,
    0xF695, 0xF6B6, 0xF6B5, 0xFEF7, 0x5247, 0x0000, 0x2103, 0x2103,
    0x20E3, 0x2103, 0x18C2, 0x0000, 0xA46E, 0xFF16, 0xF675, 0xF695,
    0xF6B6, 0xFEB6, 0xFEB6, 0xFED6, 0xFEB6, 0xFED6, 0xFED6, 0xFED7,
    0xFEF7, 0xFED7, 0xFEF7, 0xFEF7, 0xFEF7, 0xFF18, 0xF6D6, 0xDDB0,
    0xDE12, 0xE654, 0xE695, 0xEE95, 0xEEB6, 0xEED7, 0xEED7, 0xEED7,
    0xEED7, 0xEED7, 0xEED7, 0xEEF8, 0xEF19, 0xF719, 0xEF19, 0xEF19,
    0xEEF9, 0xEF19, 0xEF3A, 0x62EA, 0x0841, 0x0841, 0x0000, 0x0000,
    0x0000, 0x0000, 0x0000, 0x0000, 0x0000, 0x0000, 0x0000, 0x0000,
    0x0000, 0x0000, 0x0000, 0x0000, 0x0000, 0x0000, 0x0000, 0x0000,
    0x0000, 0x0000, 0x0000, 0x0000, 0x0000, 0x0000, 0x0000, 0x0000,
    0x0000, 0x0000, 0x0000, 0x0000, 0x0000, 0x0000, 0x0000, 0x0000,
    0x0000, 0x0000, 0x0000, 0x0000, 0x0000, 0x0000, 0x0000, 0x0000,
    0x0000, 0x0000, 0x0000, 0x0000, 0x0000, 0x0000, 0x0000, 0x0000,
    0x0000, 0x0000, 0x0000, 0x0000, 0x0000, 0x0000, 0x0000, 0x0000,
    0x0000, 0x0000, 0x0000, 0x0000, 0x0000, 0x0000, 0x0000, 0x0000,
    0x0000, 0x0000, 0x0000, 0x0000, 0x0000, 0x0000, 0x0000, 0x0000,
    0x0000, 0x0000, 0x0000, 0x0000, 0x0000, 0x0000, 0x0000, 0x0000,
    0x0000, 0x0000, 0x0000, 0x0000, 0x0000, 0x0000, 0x0000, 0x0000,
    0x0000, 0x0000, 0x0000, 0x0000, 0x0000, 0x0000, 0x0840, 0x18E3,
    0x5269, 0xDE99, 0xF77C, 0xE6F9, 0xE6B8, 0xDE77, 0xD656, 0xD5F4,
    0xCDD3, 0xCDD3, 0xCDB3, 0xD5F4, 0xCDB3, 0xCDF4, 0xD5D3, 0xCDD3,
    0xD5D3, 0xD5F3, 0xD5D3, 0xCD91, 0xC52F, 0xB48C, 0xC50F, 0xD5B2,
    0xD5B2, 0xD5B2, 0xD5B2, 0xDDD2, 0xD5D3, 0xDDD3, 0xDDB3, 0xD5B2,
    0xDDB2, 0xDDB2, 0xDDB2, 0xDDB2, 0xD5B2, 0xD5B2, 0xD592, 0xDDB2,
    0xAC4D, 0x0861, 0x2103, 0x18C2, 0x1081, 0x0861, 0x0860, 0x18A2,
    0x18C1, 0x0000, 0xA46E, 0xEE54, 0xE613, 0xE634, 0xE614, 0xE634,
    0xE634, 0xEE34, 0xEE55, 0xEE54, 0xEE54, 0xEE54, 0xEE55, 0xEE54,
    0xEE74, 0xEE75, 0xEE75, 0xEE75, 0xEE75, 0xEE75, 0xFE95, 0xF695,
    0xF675, 0xF696, 0xF695, 0xF695, 0xF695, 0xF695, 0xF695, 0xF695,
    0xF6B6, 0xF6B6, 0xF6B6, 0xF6B6, 0xF6B6, 0xF6B6, 0xF6B6, 0xF6B6,
    0xF6B6, 0xF695, 0xF695, 0xFEF6, 0xCDD3, 0x41C6, 0x0840, 0x0040,
    0x0840, 0x0040, 0x1061, 0x6B0A, 0xF695, 0xFE95, 0xF695, 0xF695,
    0xF695, 0xFE95, 0xFEB5, 0xFED6, 0xFEB6, 0xFED6, 0xFED6, 0xFED7,
    0xFED6, 0xFED7, 0xFEF7, 0xFEF7, 0xFEF7, 0xFF18, 0xF6D6, 0xDDB0,
    0xE633, 0xE654, 0xE675, 0xEE95, 0xEE95, 0xEEB6, 0xEED7, 0xEED7,
    0xEED7, 0xEEF8, 0xEED7, 0xEEF8, 0xEEF9, 0xF6F9, 0xF719, 0xF719,
    0xEF19, 0xF719, 0xEF3A, 0x62EB, 0x0040, 0x0040, 0x0000, 0x0000,
    0x0000, 0x0000, 0x0000, 0x0000, 0x0000, 0x0000, 0x0000, 0x0000,
    0x0000, 0x0000, 0x0000, 0x0000, 0x0000, 0x0000, 0x0000, 0x0000,
    0x0000, 0x0000, 0x0000, 0x0000, 0x0000, 0x0000, 0x0000, 0x0000,
    0x0000, 0x0000, 0x0000, 0x0000, 0x0000, 0x0000, 0x0000, 0x0000,
    0x0000, 0x0000, 0x0000, 0x0000, 0x0000, 0x0000, 0x0000, 0x0000,
    0x0000, 0x0000, 0x0000, 0x0000, 0x0000, 0x0000, 0x0000, 0x0000,
    0x0000, 0x0000, 0x0000, 0x0000, 0x0000, 0x0000, 0x0000, 0x0000,
    0x0000, 0x0000, 0x0000, 0x0000, 0x0000, 0x0000, 0x0000, 0x0000,
    0x0000, 0x0000, 0x0000, 0x0000, 0x0000, 0x0000, 0x0000, 0x0000,
    0x0000, 0x0000, 0x0000, 0x0000, 0x0000, 0x0000, 0x0000, 0x0000,
    0x0000, 0x0000, 0x0000, 0x0000, 0x0000, 0x0000, 0x0000, 0x0000,
    0x0000, 0x0000, 0x0000, 0x0000, 0x0000, 0x0000, 0x0840, 0x18E3,
    0x41E7, 0xD658, 0xF77C, 0xE6D9, 0xDE97, 0xDE57, 0xD656, 0xD5F4,
    0xD5F4, 0xCDF4, 0xCDB3, 0xCDD3, 0xCDD3, 0xCDD3, 0xCDD3, 0xD5D4,
    0xD5D3, 0xD5F4, 0xD5D3, 0xCD90, 0xC52F, 0xB48C, 0xC4EF, 0xD5B2,
    0xD5B2, 0xD5B2, 0xD5B2, 0xD5B2, 0xD5D3, 0xDDD3, 0xDDB2, 0xD5B2,
    0xD5B2, 0xD5B2, 0xD5B2, 0xD5B2, 0xD5B2, 0xD5B2, 0xD5B2, 0xD572,
    0xD571, 0x41C5, 0x0861, 0x18C2, 0x18C2, 0x10A1, 0x10A1, 0x0881,
    0x0000, 0x41A5, 0xDDF3, 0xE5F2, 0xEE13, 0xE634, 0xE614, 0xE634,
    0xE634, 0xE634, 0xEE54, 0xEE54, 0xF654, 0xEE55, 0xEE54, 0xEE34,
    0xEE34, 0xEE75, 0xEE75, 0xEE75, 0xEE75, 0xEE75, 0xF695, 0xF696,
    0xF675, 0xF696, 0xF695, 0xF695, 0xF695, 0xF675, 0xFED6, 0xFEB6,
    0xF696, 0xF6B6, 0xF6B6, 0xF6B6, 0xF6B6, 0xF6B6, 0xF6B6, 0xF6B6,
    0xF6B6, 0xF695, 0xF695, 0xF675, 0xFF58, 0xBD72, 0x62A8, 0x39A5,
    0x3164, 0x39C5, 0x732A, 0xE635, 0xFEF6, 0xF674, 0xF695, 0xF6B5,
    0xF695, 0xF695, 0xFEB5, 0xFEB6, 0xFEB6, 0xFED6, 0xFED6, 0xFED7,
    0xFED6, 0xFEF7, 0xFEF7, 0xFEF7, 0xFEF7, 0xFF17, 0xF6B6, 0xE5F1,
    0xE634, 0xE654, 0xEE95, 0xEE96, 0xEE95, 0xEE96, 0xEED7, 0xEEB6,
    0xEED7, 0xEEF8, 0xEEF8, 0xEEF8, 0xEEF8, 0xEEF8, 0xFF19, 0xF719,
    0xF739, 0xF71A, 0xEF1A, 0x6B2C, 0x0861, 0x0000, 0x0000, 0x0000,
    0x0000, 0x0000, 0x0000, 0x0000, 0x0000, 0x0000, 0x0000, 0x0000,
    0x0000, 0x0000, 0x0000, 0x0000, 0x0000, 0x0000, 0x0000, 0x0000,
    0x0000, 0x0000, 0x0000, 0x0000, 0x0000, 0x0000, 0x0000, 0x0000,
    0x0000, 0x0000, 0x0000, 0x0000, 0x0000, 0x0000, 0x0000, 0x0000,
    0x0000, 0x0000, 0x0000, 0x0000, 0x0000, 0x0000, 0x0000, 0x0000,
    0x0000, 0x0000, 0x0000, 0x0000, 0x0000, 0x0000, 0x0000, 0x0000,
    0x0000, 0x0000, 0x0000, 0x0000, 0x0000, 0x0000, 0x0000, 0x0000,
    0x0000, 0x0000, 0x0000, 0x0000, 0x0000, 0x0000, 0x0000, 0x0000,
    0x0000, 0x0000, 0x0000, 0x0000, 0x0000, 0x0000, 0x0000, 0x0000,
    0x0000, 0x0000, 0x0000, 0x0000, 0x0000, 0x0000, 0x0000, 0x0000,
    0x0000, 0x0000, 0x0000, 0x0000, 0x0000, 0x0000, 0x0000, 0x0000,
    0x0000, 0x0000, 0x0000, 0x0000, 0x0000, 0x0020, 0x0021, 0x0040,
    0x2944, 0xDEB9, 0xF75B, 0xE6B8, 0xDE97, 0xDE98, 0xD656, 0xD5F4,
    0xD615, 0xCDF4, 0xCDB3, 0xCDB2, 0xCDB3, 0xC571, 0xCDD3, 0xD5F4,
    0xD5F3, 0xD5F4, 0xCDB2, 0xC570, 0xC530, 0xB48D, 0xC4EE, 0xD5B2,
    0xD5B2, 0xD5B2, 0xD5B2, 0xD5B2, 0xD5B2, 0xD5B2, 0xD5D2, 0xD5B2,
    0xD5B2, 0xD592, 0xD592, 0xD5B2, 0xD5B2, 0xD592, 0xD5B2, 0xD571,
    0xDDB2, 0xA42D, 0x18C1, 0x0881, 0x10A1, 0x10A1, 0x1081, 0x0840,
    0x18E2, 0xB4AF, 0xE613, 0xDDD2, 0xE5F3, 0xE613, 0xE613, 0xE634,
    0xE634, 0xE634, 0xEE34, 0xE634, 0xEE34, 0xEE55, 0xEE54, 0xEE54,
    0xF655, 0xEE54, 0xEE75, 0xEE75, 0xEE75, 0xEE75, 0xEE95, 0xF696,
    0xF695, 0xF695, 0xF695, 0xF695, 0xF695, 0xFE96, 0xFEF7, 0xFEF8,
    0xF696, 0xF6B6, 0xF6B6, 0xF6B6, 0xF6B5, 0xF6B6, 0xF6B6, 0xF6B5,
    0xF6B5, 0xF695, 0xF695, 0xF695, 0xF696, 0xFF58, 0xF6B6, 0xBD52,
    0xA4AF, 0xBD72, 0xFEF7, 0xFEF7, 0xF675, 0xF695, 0xF695, 0xF6B5,
    0xF6B5, 0xF695, 0xF695, 0xF695, 0xFEB5, 0xFEB6, 0xFEB6, 0xFED6,
    0xFED6, 0xFEF7, 0xFED6, 0xFED7, 0xFEF7, 0xFEF7, 0xF6B6, 0xE612,
    0xE633, 0xE634, 0xEE95, 0xEE96, 0xEEB6, 0xEE96, 0xEEB7, 0xEEB6,
    0xEEB6, 0xEEF8, 0xEEF8, 0xEED7, 0xEEF8, 0xEEF8, 0xF719, 0xF719,
    0xF739, 0xEF1A, 0xF75B, 0x83CE, 0x10A2, 0x0000, 0x0000, 0x0000,
    0x0000, 0x0000, 0x0000, 0x0000, 0x0000, 0x0000, 0x0000, 0x0000,
    0x0000, 0x0000, 0x0000, 0x0000, 0x0000, 0x0000, 0x0000, 0x0000,
    0x0000, 0x0000, 0x0000, 0x0000, 0x0000, 0x0000, 0x0000, 0x0000,
    0x0000, 0x0000, 0x0000, 0x0000, 0x0000, 0x0000, 0x0000, 0x0000,
    0x0000, 0x0000, 0x0000, 0x0000, 0x0000, 0x0000, 0x0000, 0x0000,
    0x0000, 0x0000, 0x0000, 0x0000, 0x0000, 0x0000, 0x0000, 0x0000,
    0x0000, 0x0000, 0x0000, 0x0000, 0x0000, 0x0000, 0x0000, 0x0000,
    0x0000, 0x0000, 0x0000, 0x0000, 0x0000, 0x0000, 0x0000, 0x0000,
    0x0000, 0x0000, 0x0000, 0x0000, 0x0000, 0x0000, 0x0000, 0x0000,
    0x0000, 0x0000, 0x0000, 0x0000, 0x0000, 0x0000, 0x0000, 0x0000,
    0x0000, 0x0000, 0x0000, 0x0000, 0x0000, 0x0000, 0x0000, 0x0000,
    0x0000, 0x0000, 0x0000, 0x0000, 0x0000, 0x0000, 0x0000, 0x0000,
    0x2124, 0xDED9, 0xF75B, 0xE6D8, 0xE6B8, 0xDE97, 0xD615, 0xCDD3,
    0xD615, 0xCDD3, 0xCD92, 0xCD92, 0xCD92, 0xCDD3, 0xCDF4, 0xCDD3,
    0xD5F3, 0xD5D2, 0xCD92, 0xCDB2, 0xCD71, 0xBCAE, 0xC4EE, 0xD5B2,
    0xD5B2, 0xD5D3, 0xD5B2, 0xD5B2, 0xD5B2, 0xD5D3, 0xD5B2, 0xD5B2,
    0xD5B2, 0xD5B2, 0xD5B2, 0xD591, 0xD591, 0xD591, 0xD591, 0xD571,
    0xD571, 0xDDB2, 0x9BCB, 0x3943, 0x0861, 0x0040, 0x0861, 0x4184,
    0xAC8E, 0xE613, 0xD5D2, 0xDDD3, 0xDDF3, 0xE613, 0xE614, 0xE614,
    0xE634, 0xE634, 0xEE54, 0xE634, 0xE634, 0xEE54, 0xEE55, 0xFEB5,
    0xFEF6, 0xEE74, 0xEE54, 0xEE75, 0xEE75, 0xEE75, 0xEE95, 0xF695,
    0xEE75, 0xF695, 0xF695, 0xEE74, 0xEE55, 0xFF17, 0xC572, 0xE636,
    0xFEF7, 0xF6B6, 0xF6B6, 0xF6B5, 0xF695, 0xF695, 0xF6B5, 0xF695,
    0xF6B5, 0xF695, 0xF695, 0xF695, 0xF695, 0xF696, 0xFED7, 0xFEF7,
    0xFEF7, 0xFEF6, 0xFEB6, 0xF695, 0xF695, 0xF675, 0xF695, 0xF695,
    0xF695, 0xF695, 0xF695, 0xF6B5, 0xF6B6, 0xF695, 0xF6B6, 0xF6D6,
    0xFED6, 0xFED7, 0xFED7, 0xFED7, 0xFEF7, 0xFEF7, 0xF6B6, 0xDDF2,
    0xE634, 0xE654, 0xE654, 0xE675, 0xEEB6, 0xEEB7, 0xEED7, 0xEED7,
    0xEEB7, 0xEED7, 0xEED8, 0xEEF8, 0xEEF8, 0xEEF8, 0xEEF8, 0xF719,
    0xEF19, 0xEF19, 0xFF9C, 0x8C0F, 0x18C2, 0x0000, 0x0000, 0x0000,
    0x0000, 0x0000, 0x0000, 0x0000, 0x0000, 0x0000, 0x0000, 0x0000,
    0x0000, 0x0000, 0x0000, 0x0000, 0x0000, 0x0000, 0x0000, 0x0000,
    0x0000, 0x0000, 0x0000, 0x0000, 0x0000, 0x0000, 0x0000, 0x0000,
    0x0000, 0x0000, 0x0000, 0x0000, 0x0000, 0x0000, 0x0000, 0x0000,
    0x0000, 0x0000, 0x0000, 0x0000, 0x0000, 0x0000, 0x0000, 0x0000,
    0x0000, 0x0000, 0x0000, 0x0000, 0x0000, 0x0000, 0x0000, 0x0000,
    0x0000, 0x0000, 0x0000, 0x0000, 0x0000, 0x0000, 0x0000, 0x0000,
    0x0000, 0x0000, 0x0000, 0x0000, 0x0000, 0x0000, 0x0000, 0x0000,
    0x0000, 0x0000, 0x0000, 0x0000, 0x0000, 0x0000, 0x0000, 0x0000,
    0x0000, 0x0000, 0x0000, 0x0000, 0x0000, 0x0000, 0x0000, 0x0000,
    0x0000, 0x0000, 0x0000, 0x0000, 0x0000, 0x0000, 0x0000, 0x0000,
    0x0000, 0x0000, 0x0000, 0x0000, 0x0000, 0x0000, 0x0000, 0x0000,
    0x4A8A, 0xEF5B, 0xF73B, 0xE6D9, 0xEEB8, 0xDE76, 0xD615, 0xCDD3,
    0xD615, 0xCDB3, 0xCDB3, 0xD5F4, 0xD614, 0xCDF4, 0xD614, 0xD5F4,
    0xD5D3, 0xD5F3, 0xCDD3, 0xCDB2, 0xCDB2, 0xBCEE, 0xC4CE, 0xD5B2,
    0xD5B2, 0xD5D3, 0xD5D2, 0xDDD3, 0xD5B2, 0xD5D3, 0xD5B2, 0xD5B2,
    0xD592, 0xD5B1, 0xD5B1, 0xD591, 0xD591, 0xD591, 0xD571, 0xD571,
    0xD571, 0xDDB2, 0xDD92, 0xB4AF, 0x8BCB, 0x7B4A, 0x8BCB, 0xBCF0,
    0xEE13, 0xDDD3, 0xDDB2, 0xDDD3, 0xDDF2, 0xE613, 0xE614, 0xE614,
    0xE634, 0xE634, 0xEE54, 0xE634, 0xE634, 0xEE34, 0xF676, 0xC550,
    0x940C, 0xEE74, 0xFEB6, 0xE614, 0xEE54, 0xEE75, 0xEE95, 0xF696,
    0xEE75, 0xEE75, 0xEE34, 0xEE54, 0xFF58, 0xC551, 0x3985, 0x62C9,
    0xF6B7, 0xF6D6, 0xF6B6, 0xF6B5, 0xF695, 0xF695, 0xF695, 0xF6B5,
    0xF695, 0xF695, 0xF695, 0xF695, 0xF695, 0xF675, 0xF675, 0xFED5,
    0xFEF7, 0xFEB5, 0xF675, 0xF675, 0xF695, 0xF695, 0xF695, 0xF695,
    0xF695, 0xF695, 0xF696, 0xF6B6, 0xF6B5, 0xF695, 0xF6B6, 0xF6B6,
    0xFED6, 0xFED6, 0xFEF7, 0xFED7, 0xFEF7, 0xFEF7, 0xF6B5, 0xDDD1,
    0xE633, 0xE674, 0xE674, 0xE675, 0xEEB6, 0xEED7, 0xEED8, 0xEEF8,
    0xEEB7, 0xEEB6, 0xEED8, 0xEEF8, 0xEF18, 0xF719, 0xEEF8, 0xF719,
    0xEF19, 0xEF19, 0xFF9C, 0xA512, 0x10C2, 0x0040, 0x0000, 0x0000,
    0x0000, 0x0000, 0x0000, 0x0000, 0x0000, 0x0000, 0x0000, 0x0000,
    0x0000, 0x0000, 0x0000, 0x0000, 0x0000, 0x0000, 0x0000, 0x0000,
    0x0000, 0x0000, 0x0000, 0x0000, 0x0000, 0x0000, 0x0000, 0x0000,
    0x0000, 0x0000, 0x0000, 0x0000, 0x0000, 0x0000, 0x0000, 0x0000,
    0x0000, 0x0000, 0x0000, 0x0000, 0x0000, 0x0000, 0x0000, 0x0000,
    0x0000, 0x0000, 0x0000, 0x0000, 0x0000, 0x0000, 0x0000, 0x0000,
    0x0000, 0x0000, 0x0000, 0x0000, 0x0000, 0x0000, 0x0000, 0x0000,
    0x0000, 0x0000, 0x0000, 0x0000, 0x0000, 0x0000, 0x0000, 0x0000,
    0x0000, 0x0000, 0x0000, 0x0000, 0x0000, 0x0000, 0x0000, 0x0000,
    0x0000, 0x0000, 0x0000, 0x0000, 0x0000, 0x0000, 0x0000, 0x0000,
    0x0000, 0x0000, 0x0000, 0x0000, 0x0000, 0x0000, 0x0000, 0x0000,
    0x0000, 0x0000, 0x0000, 0x0000, 0x0000, 0x0000, 0x0000, 0x0861,
    0x6B4C, 0xF77C, 0xEF3A, 0xE6D9, 0xE6B8, 0xDE56, 0xD615, 0xD615,
    0xD615, 0xCDB3, 0xCDF3, 0xD635, 0xD635, 0xCDF4, 0xD614, 0xD5D3,
    0xCDD3, 0xD5F3, 0xCDD3, 0xD5D2, 0xCDB2, 0xBCCD, 0xBCCE, 0xD5B2,
    0xD5B2, 0xD5D3, 0xD5D2, 0xDDD3, 0xD5B2, 0xD5B2, 0xD5B2, 0xD5B2,
    0xD592, 0xD591, 0xD591, 0xD591, 0xD591, 0xD591, 0xD571, 0xD571,
    0xD571, 0xD551, 0xDD91, 0xF634, 0xEE33, 0xE5F3, 0xEE13, 0xEE74,
    0xE5D3, 0xD592, 0xE5B2, 0xDDD2, 0xDDD2, 0xE613, 0xE614, 0xE614,
    0xE634, 0xE634, 0xE634, 0xE634, 0xE634, 0xE634, 0xF696, 0x5A47,
    0x20E2, 0xA42D, 0xF696, 0xF6B5, 0xF695, 0xF695, 0xEE95, 0xEE96,
    0xF695, 0xF6B6, 0xFED5, 0xFEF7, 0xDE35, 0x5247, 0x0000, 0x20C2,
    0xEEB6, 0xF6D6, 0xF6B6, 0xF6B5, 0xF6B6, 0xF696, 0xF696, 0xF6B5,
    0xF695, 0xF695, 0xF695, 0xF695, 0xF695, 0xF6B5, 0xF675, 0xEE54,
    0xEE54, 0xEE34, 0xF675, 0xF695, 0xF695, 0xF695, 0xF695, 0xF695,
    0xF695, 0xF695, 0xF696, 0xF6B6, 0xF6B5, 0xF6B5, 0xF6B6, 0xF6B6,
    0xFED6, 0xF6D6, 0xFEF7, 0xFED7, 0xFED7, 0xFEF7, 0xF675, 0xDDB1,
    0xE633, 0xE654, 0xEE96, 0xE675, 0xEEB6, 0xEED7, 0xEED8, 0xEEF8,
    0xEEB7, 0xEEB6, 0xEED7, 0xEEF8, 0xEF18, 0xF719, 0xF6F8, 0xF719,
    0xF719, 0xEEF9, 0xFF7C, 0xBDD5, 0x2124, 0x0861, 0x0000, 0x0000,
    0x0000, 0x0000, 0x0000, 0x0000, 0x0000, 0x0000, 0x0000, 0x0000,
    0x0000, 0x0000, 0x0000, 0x0000, 0x0000, 0x0000, 0x0000, 0x0000,
    0x0000, 0x0000, 0x0000, 0x0000, 0x0000, 0x0000, 0x0000, 0x0000,
    0x0000, 0x0000, 0x0000, 0x0000, 0x0000, 0x0000, 0x0000, 0x0000,
    0x0000, 0x0000, 0x0000, 0x0000, 0x0000, 0x0000, 0x0000, 0x0000,
    0x0000, 0x0000, 0x0000, 0x0000, 0x0000, 0x0000, 0x0000, 0x0000,
    0x0000, 0x0000, 0x0000, 0x0000, 0x0000, 0x0000, 0x0000, 0x0000,
    0x0000, 0x0000, 0x0000, 0x0000, 0x0000, 0x0000, 0x0000, 0x0000,
    0x0000, 0x0000, 0x0000, 0x0000, 0x0000, 0x0000, 0x0000, 0x0000,
    0x0000, 0x0000, 0x0000, 0x0000, 0x0000, 0x0000, 0x0000, 0x0000,
    0x0000, 0x0000, 0x0000, 0x0000, 0x0000, 0x0000, 0x0000, 0x0000,
    0x0000, 0x0000, 0x0000, 0x0000, 0x0000, 0x0000, 0x0000, 0x18E3,
    0x62EB, 0xEF3B, 0xEF3A, 0xE6B8, 0xDE97, 0xD656, 0xD614, 0xD656,
    0xD5F4, 0xCDD3, 0xCDF4, 0xD635, 0xCDD3, 0xCDD3, 0xCDD3, 0xCD91,
    0xCDD2, 0xCDB2, 0xCDB2, 0xD5F3, 0xCD91, 0xB4AD, 0xBCAD, 0xD592,
    0xD5B2, 0xD5B2, 0xD5B2, 0xD5D2, 0xD5B2, 0xD592, 0xD592, 0xD592,
    0xD592, 0xD591, 0xD591, 0xD571, 0xD571, 0xD571, 0xD571, 0xD571,
    0xD571, 0xD571, 0xCD50, 0xD551, 0xDDB2, 0xE5F3, 0xDD92, 0xD570,
    0xDDB2, 0xDDB2, 0xDDB2, 0xDDB2, 0xDDB2, 0xDDF3, 0xE614, 0xE614,
    0xE634, 0xE634, 0xE634, 0xE634, 0xE634, 0xE634, 0xF696, 0x3164,
    0x0000, 0x28C2, 0xA46E, 0xEE74, 0xF695, 0xFEB5, 0xF6B5, 0xFED6,
    0xFED6, 0xFED6, 0xFED6, 0xDE14, 0x5A88, 0x0000, 0x0840, 0x6AE9,
    0xF6D6, 0xF696, 0xF6B6, 0xF6B5, 0xF6B6, 0xF6B6, 0xF6B6, 0xF6B5,
    0xF6B6, 0xF695, 0xF695, 0xF695, 0xF695, 0xF695, 0xF695, 0xF675,
    0xF674, 0xF675, 0xF675, 0xF675, 0xF695, 0xF675, 0xF695, 0xF675,
    0xF675, 0xF695, 0xF695, 0xF695, 0xF6B6, 0xF6B5, 0xF6B6, 0xF6B6,
    0xFED6, 0xF6D6, 0xFED6, 0xF6D6, 0xFED7, 0xFEF7, 0xEE54, 0xDDD1,
    0xE634, 0xDE33, 0xEE96, 0xE675, 0xEEB6, 0xEEB7, 0xEED7, 0xEEF8,
    0xEED7, 0xEEB7, 0xEEB7, 0xEEF8, 0xEEF8, 0xEEF8, 0xF6F8, 0xEF19,
    0xF719, 0xEEF9, 0xF75B, 0xC5D5, 0x31A6, 0x0861, 0x0000, 0x0000,
    0x0000, 0x0000, 0x0000, 0x0000, 0x0000, 0x0000, 0x0000, 0x0000,
    0x0000, 0x0000, 0x0000, 0x0000, 0x0000, 0x0000, 0x0000, 0x0000,
    0x0000, 0x0000, 0x0000, 0x0000, 0x0000, 0x0000, 0x0000, 0x0000,
    0x0000, 0x0000, 0x0000, 0x0000, 0x0000, 0x0000, 0x0000, 0x0000,
    0x0000, 0x0000, 0x0000, 0x0000, 0x0000, 0x0000, 0x0000, 0x0000,
    0x0000, 0x0000, 0x0000, 0x0000, 0x0000, 0x0000, 0x0000, 0x0000,
    0x0000, 0x0000, 0x0000, 0x0000, 0x0000, 0x0000, 0x0000, 0x0000,
    0x0000, 0x0000, 0x0000, 0x0000, 0x0000, 0x0000, 0x0000, 0x0000,
    0x0000, 0x0000, 0x0000, 0x0000, 0x0000, 0x0000, 0x0000, 0x0000,
    0x0000, 0x0000, 0x0000, 0x0000, 0x0000, 0x0000, 0x0000, 0x0000,
    0x0000, 0x0000, 0x0000, 0x0000, 0x0000, 0x0000, 0x0000, 0x0000,
    0x0000, 0x0000, 0x0000, 0x0000, 0x0000, 0x0000, 0x10A2, 0x10A2,
    0x630B, 0xF77C, 0xEF1A, 0xE6B8, 0xE6B8, 0xD635, 0xD615, 0xD615,
    0xCDD3, 0xCDB3, 0xD615, 0xD615, 0xCDF4, 0xCDB3, 0xC550, 0xCD91,
    0xCDD3, 0xCDB2, 0xD5F4, 0xCDB2, 0xC550, 0xBCAE, 0xB46C, 0xCD71,
    0xD5B2, 0xD5B2, 0xD5B2, 0xD5B2, 0xD5B2, 0xD592, 0xD591, 0xD592,
    0xD591, 0xD591, 0xD571, 0xD571, 0xD571, 0xD571, 0xD571, 0xD571,
    0xD571, 0xD571, 0xD571, 0xD591, 0xD571, 0xD5B1, 0xD591, 0xD591,
    0xDDB2, 0xDDB2, 0xDDD2, 0xDDD2, 0xDDD2, 0xDDD2, 0xE5F3, 0xE613,
    0xE613, 0xE614, 0xE613, 0xE634, 0xE634, 0xE614, 0xF6B6, 0x9C6E,
    0x0000, 0x0820, 0x28E2, 0x7309, 0xBD10, 0xDDF2, 0xF695, 0xFED6,
    0xEE75, 0xD5B2, 0xA44E, 0x4A06, 0x1040, 0x0000, 0x39A4, 0xE5F4,
    0xF695, 0xF695, 0xF6B6, 0xF6B6, 0xF695, 0xF6B5, 0xF695, 0xF6B5,
    0xF6B6, 0xF6B6, 0xF695, 0xF695, 0xF675, 0xF675, 0xF695, 0xF695,
    0xF674, 0xF675, 0xF675, 0xF675, 0xF675, 0xF655, 0xF695, 0xF695,
    0xF695, 0xF675, 0xF695, 0xF695, 0xF6B5, 0xF6B6, 0xF6B6, 0xF6B6,
    0xF6B6, 0xFED6, 0xFED7, 0xFED7, 0xFEF7, 0xFEF7, 0xEE53, 0xDDF2,
    0xE634, 0xE654, 0xE675, 0xE675, 0xE695, 0xEEB7, 0xEED7, 0xEED7,
    0xEED8, 0xEEF8, 0xEED7, 0xEEF8, 0xEF18, 0xEEF8, 0xEF18, 0xEF18,
    0xEF19, 0xEF19, 0xF73A, 0xCE36, 0x39C6, 0x10A2, 0x0000, 0x0000,
    0x0000, 0x0000, 0x0000, 0x0000, 0x0000, 0x0000, 0x0000, 0x0000,
    0x0000, 0x0000, 0x0000, 0x0000, 0x0000, 0x0000, 0x0000, 0x0000,
    0x0000, 0x0000, 0x0000, 0x0000, 0x0000, 0x0000, 0x0000, 0x0000,
    0x0000, 0x0000, 0x0000, 0x0000, 0x0000, 0x0000, 0x0000, 0x0000,
    0x0000, 0x0000, 0x0000, 0x0000, 0x0000, 0x0000, 0x0000, 0x0000,
    0x0000, 0x0000, 0x0000, 0x0000, 0x0000, 0x0000, 0x0000, 0x0000,
    0x0000, 0x0000, 0x0000, 0x0000, 0x0000, 0x0000, 0x0000, 0x0000,
    0x0000, 0x0000, 0x0000, 0x0000, 0x0000, 0x0000, 0x0000, 0x0000,
    0x0000, 0x0000, 0x0000, 0x0000, 0x0000, 0x0000, 0x0000, 0x0000,
    0x0000, 0x0000, 0x0000, 0x0000, 0x0000, 0x0000, 0x0000, 0x0000,
    0x0000, 0x0000, 0x0000, 0x0000, 0x0000, 0x0000, 0x0000, 0x0000,
    0x0000, 0x0000, 0x0000, 0x0000, 0x0000, 0x0000, 0x0040, 0x0040,
    0x632C, 0xF77C, 0xEF1A, 0xE6D9, 0xE6B8, 0xD635, 0xD615, 0xD614,
    0xCDD3, 0xCDD3, 0xD5F4, 0xD5F4, 0xCDF4, 0xC572, 0xC570, 0xCDB2,
    0xCDD3, 0xCDD3, 0xD5F4, 0xCD92, 0xCD91, 0xC52F, 0xB46C, 0xCD70,
    0xD592, 0xD592, 0xD5B2, 0xD592, 0xD592, 0xD5B2, 0xD591, 0xD591,
    0xD571, 0xD571, 0xD571, 0xD571, 0xD571, 0xD571, 0xD551, 0xD571,
    0xD571, 0xD571, 0xD571, 0xD591, 0xD571, 0xD591, 0xDDB2, 0xD591,
    0xDDB1, 0xDDB2, 0xDDD2, 0xDDD2, 0xDDD2, 0xDDD2, 0xE5F3, 0xE5F3,
    0xE613, 0xE634, 0xE613, 0xE613, 0xE634, 0xE634, 0xEE75, 0xF6B5,
    0x7B6C, 0x0881, 0x0000, 0x0840, 0x3184, 0x5A87, 0x834A, 0x8BAB,
    0x732A, 0x5227, 0x28E3, 0x0000, 0x0000, 0x4A26, 0xC571, 0xFED6,
    0xEE75, 0xF695, 0xF695, 0xF6B6, 0xF695, 0xF695, 0xF695, 0xF695,
    0xF6B6, 0xF6B6, 0xF6B6, 0xF695, 0xF695, 0xF675, 0xF695, 0xF695,
    0xF674, 0xF675, 0xF675, 0xF654, 0xF654, 0xF654, 0xF674, 0xF675,
    0xF695, 0xF675, 0xF675, 0xF696, 0xF695, 0xF6B6, 0xF6D6, 0xF6B6,
    0xF6B6, 0xFEB6, 0xFED7, 0xFED6, 0xFED7, 0xFEF7, 0xEE33, 0xDDD2,
    0xE633, 0xE675, 0xE655, 0xEE96, 0xE695, 0xEEB7, 0xEEB7, 0xEEB7,
    0xEEF8, 0xEEF8, 0xEED8, 0xEED8, 0xEF18, 0xEEF8, 0xF719, 0xEF18,
    0xEEF9, 0xEF19, 0xF73A, 0xDE78, 0x39C6, 0x0861, 0x0000, 0x0000,
    0x0000, 0x0000, 0x0000, 0x0000, 0x0000, 0x0000, 0x0000, 0x0000,
    0x0000, 0x0000, 0x0000, 0x0000, 0x0000, 0x0000, 0x0000, 0x0000,
    0x0000, 0x0000, 0x0000, 0x0000, 0x0000, 0x0000, 0x0000, 0x0000,
    0x0000, 0x0000, 0x0000, 0x0000, 0x0000, 0x0000, 0x0000, 0x0000,
    0x0000, 0x0000, 0x0000, 0x0000, 0x0000, 0x0000, 0x0000, 0x0000,
    0x0000, 0x0000, 0x0000, 0x0000, 0x0000, 0x0000, 0x0000, 0x0000,
    0x0000, 0x0000, 0x0000, 0x0000, 0x0000, 0x0000, 0x0000, 0x0000,
    0x0000, 0x0000, 0x0000, 0x0000, 0x0000, 0x0000, 0x0000, 0x0000,
    0x0000, 0x0000, 0x0000, 0x0000, 0x0000, 0x0000, 0x0000, 0x0000,
    0x0000, 0x0000, 0x0000, 0x0000, 0x0000, 0x0000, 0x0000, 0x0000,
    0x0000, 0x0000, 0x0000, 0x0000, 0x0000, 0x0000, 0x0000, 0x0000,
    0x0000, 0x0000, 0x0000, 0x0000, 0x0000, 0x0000, 0x0000, 0x1082,
    0x73AE, 0xF77C, 0xEF3A, 0xE6D9, 0xDE98, 0xD635, 0xD615, 0xD614,
    0xCDD3, 0xCDD3, 0xCDB2, 0xD5F4, 0xCDD3, 0xC551, 0xCDB1, 0xCDF4,
    0xCDD3, 0xCDF3, 0xD5D3, 0xCDB2, 0xCDB2, 0xC550, 0xB46C, 0xCD30,
    0xD592, 0xD592, 0xD5B2, 0xD592, 0xD592, 0xD5B2, 0xD591, 0xD591,
    0xD571, 0xD571, 0xD571, 0xD571, 0xD571, 0xD571, 0xCD51, 0xD550,
    0xD571, 0xD571, 0xD571, 0xD571, 0xD591, 0xD591, 0xDDB2, 0xD591,
    0xD591, 0xDDB2, 0xDDD2, 0xDDD2, 0xDDD2, 0xDDD3, 0xE5F3, 0xE5F3,
    0xE613, 0xE634, 0xE613, 0xE613, 0xE634, 0xE634, 0xE634, 0xFEB6,
    0xE676, 0x83AC, 0x3185, 0x0841, 0x0000, 0x0000, 0x0000, 0x0840,
    0x0000, 0x0000, 0x0000, 0x2923, 0x6B0A, 0xC592, 0xFF37, 0xF674,
    0xF695, 0xF696, 0xF695, 0xF6B6, 0xF695, 0xF695, 0xF695, 0xF695,
    0xF6B6, 0xF6B6, 0xF6B6, 0xF695, 0xF695, 0xF695, 0xF695, 0xF675,
    0xF674, 0xF675, 0xF675, 0xF654, 0xF654, 0xF674, 0xF654, 0xF675,
    0xF675, 0xF675, 0xF675, 0xF696, 0xF695, 0xF6B6, 0xF6D6, 0xF6B6,
    0xFEB6, 0xF6B6, 0xFED7, 0xFED6, 0xFED7, 0xFEF7, 0xE5F2, 0xDDD2,
    0xE613, 0xE675, 0xE655, 0xEE96, 0xEEB5, 0xEEB7, 0xEEB7, 0xEEB7,
    0xEEF8, 0xEED8, 0xEEF8, 0xEED8, 0xEEF8, 0xEEF8, 0xF719, 0xEEF8,
    0xEEF8, 0xEF19, 0xF73A, 0xE6B8, 0x39E7, 0x0020, 0x0020, 0x0000,
    0x0000, 0x0000, 0x0000, 0x0000, 0x0000, 0x0000, 0x0000, 0x0000,
    0x0000, 0x0000, 0x0000, 0x0000, 0x0000, 0x0000, 0x0000, 0x0000,
    0x0000, 0x0000, 0x0000, 0x0000, 0x0000, 0x0000, 0x0000, 0x0000,
    0x0000, 0x0000, 0x0000, 0x0000, 0x0000, 0x0000, 0x0000, 0x0000,
    0x0000, 0x0000, 0x0000, 0x0000, 0x0000, 0x0000, 0x0000, 0x0000,
    0x0000, 0x0000, 0x0000, 0x0000, 0x0000, 0x0000, 0x0000, 0x0000,
    0x0000, 0x0000, 0x0000, 0x0000, 0x0000, 0x0000, 0x0000, 0x0000,
    0x0000, 0x0000, 0x0000, 0x0000, 0x0000, 0x0000, 0x0000, 0x0000,
    0x0000, 0x0000, 0x0000, 0x0000, 0x0000, 0x0000, 0x0000, 0x0000,
    0x0000, 0x0000, 0x0000, 0x0000, 0x0000, 0x0000, 0x0000, 0x0000,
    0x0000, 0x0000, 0x0000, 0x0000, 0x0000, 0x0000, 0x0000, 0x0000,
    0x0000, 0x0000, 0x0000, 0x0000, 0x0000, 0x0000, 0x0841, 0x2104,
    0x7BCE, 0xF77C, 0xEF3A, 0xE6D8, 0xDE77, 0xD635, 0xD615, 0xD614,
    0xCDD3, 0xCDB2, 0xCDB2, 0xCDF4, 0xCDB3, 0xCD92, 0xCDB2, 0xCDF4,
    0xCDD3, 0xCDF3, 0xD5F3, 0xCDD2, 0xCD92, 0xC550, 0xB48D, 0xC50F,
    0xD591, 0xD592, 0xD5B2, 0xD5B2, 0xD592, 0xD592, 0xD591, 0xD591,
    0xD591, 0xD571, 0xD571, 0xD571, 0xCD51, 0xCD50, 0xCD50, 0xCD50,
    0xCD51, 0xD571, 0xD571, 0xD571, 0xD591, 0xD591, 0xD591, 0xD591,
    0xD592, 0xDDB2, 0xDDD2, 0xDDD2, 0xDDD2, 0xDDD3, 0xDDD3, 0xDDF3,
    0xE5F3, 0xE613, 0xE613, 0xE613, 0xE634, 0xE634, 0xE634, 0xE614,
    0xF6B6, 0xFEF7, 0xBD11, 0x730A, 0x41E6, 0x2102, 0x10A2, 0x10A2,
    0x20C2, 0x3165, 0x62A8, 0xA48F, 0xF6D6, 0xFF37, 0xEE54, 0xEE54,
    0xF695, 0xF696, 0xF695, 0xF695, 0xF695, 0xF695, 0xF695, 0xF695,
    0xF695, 0xF6B5, 0xF6B6, 0xF695, 0xF695, 0xF695, 0xF695, 0xF675,
    0xF675, 0xF675, 0xF674, 0xF675, 0xF675, 0xF674, 0xF675, 0xF695,
    0xF675, 0xF675, 0xF695, 0xF695, 0xF695, 0xF696, 0xF6B6, 0xF6B6,
    0xFEB6, 0xF6B6, 0xFED6, 0xFED7, 0xFEF7, 0xF6D6, 0xDDD1, 0xDDF2,
    0xDE13, 0xE654, 0xE675, 0xE696, 0xEEB6, 0xEE96, 0xEED7, 0xEEB6,
    0xEED7, 0xEED8, 0xEEF8, 0xEEF8, 0xEEF8, 0xEEF8, 0xEEF8, 0xEEF8,
    0xEEF8, 0xEF19, 0xF73A, 0xE6B8, 0x4A48, 0x0861, 0x0000, 0x0000,
    0x0000, 0x0000, 0x0000, 0x0000, 0x0000, 0x0000, 0x0000, 0x0000,
    0x0000, 0x0000, 0x0000, 0x0000, 0x0000, 0x0000, 0x0000, 0x0000,
    0x0000, 0x0000, 0x0000, 0x0000, 0x0000, 0x0000, 0x0000, 0x0000,
    0x0000, 0x0000, 0x0000, 0x0000, 0x0000, 0x0000, 0x0000, 0x0000,
    0x0000, 0x0000, 0x0000, 0x0000, 0x0000, 0x0000, 0x0000, 0x0000,
    0x0000, 0x0000, 0x0000, 0x0000, 0x0000, 0x0000, 0x0000, 0x0000,
    0x0000, 0x0000, 0x0000, 0x0000, 0x0000, 0x0000, 0x0000, 0x0000,
    0x0000, 0x0000, 0x0000, 0x0000, 0x0000, 0x0000, 0x0000, 0x0000,
    0x0000, 0x0000, 0x0000, 0x0000, 0x0000, 0x0000, 0x0000, 0x0000,
    0x0000, 0x0000, 0x0000, 0x0000, 0x0000, 0x0000, 0x0000, 0x0000,
    0x0000, 0x0000, 0x0000, 0x0000, 0x0000, 0x0000, 0x0000, 0x0000,
    0x0000, 0x0000, 0x0000, 0x0000, 0x0000, 0x0000, 0x0861, 0x10A2,
    0x6B2C, 0xF77C, 0xEF1A, 0xDEB8, 0xDE77, 0xDE76, 0xD615, 0xD5F4,
    0xCDD3, 0xCD92, 0xCDD3, 0xD5F4, 0xCDD3, 0xCDB3, 0xCDF4, 0xD614,
    0xD614, 0xD5F4, 0xD5D3, 0xCDD2, 0xCDB2, 0xCD91, 0xBCCE, 0xBCCE,
    0xD591, 0xD592, 0xD5B2, 0xD592, 0xD592, 0xD592, 0xD591, 0xD571,
    0xD571, 0xD571, 0xCD50, 0xD571, 0xCD51, 0xCD50, 0xCD50, 0xCD71,
    0xCD71, 0xCD71, 0xD571, 0xD571, 0xD571, 0xD591, 0xD591, 0xD592,
    0xD5B2, 0xD5B2, 0xDDB2, 0xDDD2, 0xDDD2, 0xDDD2, 0xDDF3, 0xE5F3,
    0xE5F3, 0xE613, 0xE613, 0xE5F3, 0xE634, 0xE634, 0xE634, 0xE634,
    0xEE54, 0xEE75, 0xFED6, 0xF695, 0xD5F4, 0xBD30, 0xA48F, 0x9C4E,
    0xB4CF, 0xCDB2, 0xF696, 0xFEF8, 0xFED7, 0xF675, 0xEE75, 0xEE75,
    0xEE75, 0xF695, 0xEE75, 0xF695, 0xF696, 0xF695, 0xF695, 0xF695,
    0xF695, 0xF695, 0xF6B6, 0xF695, 0xF695, 0xF695, 0xF695, 0xF675,
    0xF675, 0xF675, 0xF674, 0xF674, 0xF675, 0xF675, 0xF675, 0xF675,
    0xF675, 0xF695, 0xF695, 0xF695, 0xF695, 0xF695, 0xF6B6, 0xF6B6,
    0xFEB6, 0xF6B6, 0xF6B6, 0xFED6, 0xFED7, 0xF695, 0xDDD2, 0xDE13,
    0xE634, 0xE654, 0xE675, 0xE696, 0xEEB6, 0xEED7, 0xEED7, 0xEEB6,
    0xEED7, 0xEED8, 0xEED8, 0xEED8, 0xEED8, 0xEED8, 0xF719, 0xEF19,
    0xEEF8, 0xEEF8, 0xF73A, 0xE6D9, 0x5AAA, 0x10C2, 0x0000, 0x0000,
    0x0000, 0x0000, 0x0000, 0x0000, 0x0000, 0x0000, 0x0000, 0x0000,
    0x0000, 0x0000, 0x0000, 0x0000, 0x0000, 0x0000, 0x0000, 0x0000,
    0x0000, 0x0000, 0x0000, 0x0000, 0x0000, 0x0000, 0x0000, 0x0000,
    0x0000, 0x0000, 0x0000, 0x0000, 0x0000, 0x0000, 0x0000, 0x0000,
    0x0000, 0x0000, 0x0000, 0x0000, 0x0000, 0x0000, 0x0000, 0x0000,
    0x0000, 0x0000, 0x0000, 0x0000, 0x0000, 0x0000, 0x0000, 0x0000,
    0x0000, 0x0000, 0x0000, 0x0000, 0x0000, 0x0000, 0x0000, 0x0000,
    0x0000, 0x0000, 0x0000, 0x0000, 0x0000, 0x0000, 0x0000, 0x0000,
    0x0000, 0x0000, 0x0000, 0x0000, 0x0000, 0x0000, 0x0000, 0x0000,
    0x0000, 0x0000, 0x0000, 0x0000, 0x0000, 0x0000, 0x0000, 0x0000,
    0x0000, 0x0000, 0x0000, 0x0000, 0x0000, 0x0000, 0x0000, 0x0000,
    0x0000, 0x0000, 0x0000, 0x0000, 0x0000, 0x0000, 0x0841, 0x0020,
    0x630B, 0xF77C, 0xEF1A, 0xE6B8, 0xE697, 0xDE56, 0xD614, 0xCDF4,
    0xCDF4, 0xCDB2, 0xCDD4, 0xD5F4, 0xCDD3, 0xCDB3, 0xCDF4, 0xD5F4,
    0xD634, 0xD5F4, 0xD5D3, 0xD5D3, 0xCDB2, 0xCD90, 0xC4EF, 0xBCAE,
    0xD591, 0xD592, 0xD592, 0xD5B2, 0xD592, 0xD591, 0xD591, 0xD571,
    0xD571, 0xD571, 0xCD50, 0xD571, 0xCD71, 0xCD51, 0xCD51, 0xCD71,
    0xCD71, 0xCD71, 0xD571, 0xD571, 0xD571, 0xD571, 0xD591, 0xD591,
    0xD5B1, 0xD591, 0xDDB2, 0xDDB2, 0xDDB2, 0xDDD2, 0xDDF2, 0xE5F3,
    0xE5F3, 0xE613, 0xE614, 0xE613, 0xE614, 0xE634, 0xE634, 0xE634,
    0xE634, 0xE614, 0xF674, 0xFEB6, 0xF6B6, 0xF6B5, 0xF695, 0xF696,
    0xFEB6, 0xFEF6, 0xFEF7, 0xFED7, 0xEE75, 0xEE54, 0xEE75, 0xF695,
    0xEE75, 0xF695, 0xF695, 0xF675, 0xF696, 0xF695, 0xF695, 0xF695,
    0xF695, 0xF695, 0xF695, 0xF695, 0xF695, 0xF695, 0xF695, 0xF675,
    0xF675, 0xF675, 0xF675, 0xF674, 0xF675, 0xF675, 0xF675, 0xF675,
    0xF675, 0xF695, 0xF695, 0xF695, 0xF695, 0xF695, 0xF6B6, 0xF6B6,
    0xFEB6, 0xF6B6, 0xFED6, 0xFED6, 0xFED6, 0xF674, 0xDDF2, 0xE634,
    0xE654, 0xE675, 0xE695, 0xEE96, 0xEEB6, 0xEED7, 0xEED7, 0xEED7,
    0xEED7, 0xEEF8, 0xEED8, 0xEED8, 0xEED8, 0xEEF8, 0xF719, 0xF719,
    0xEEF8, 0xEEF8, 0xF73A, 0xF73A, 0x630B, 0x0861, 0x0020, 0x0000,
    0x0000, 0x0000, 0x0000, 0x0000, 0x0000, 0x0000, 0x0000, 0x0000,
    0x0000, 0x0000, 0x0000, 0x0000, 0x0000, 0x0000, 0x0000, 0x0000,
    0x0000, 0x0000, 0x0000, 0x0000, 0x0000, 0x0000, 0x0000, 0x0000,
    0x0000, 0x0000, 0x0000, 0x0000, 0x0000, 0x0000, 0x0000, 0x0000,
    0x0000, 0x0000, 0x0000, 0x0000, 0x0000, 0x0000, 0x0000, 0x0000,
    0x0000, 0x0000, 0x0000, 0x0000, 0x0000, 0x0000, 0x0000, 0x0000,
    0x0000, 0x0000, 0x0000, 0x0000, 0x0000, 0x0000, 0x0000, 0x0000,
    0x0000, 0x0000, 0x0000, 0x0000, 0x0000, 0x0000, 0x0000, 0x0000,
    0x0000, 0x0000, 0x0000, 0x0000, 0x0000, 0x0000, 0x0000, 0x0000,
    0x0000, 0x0000, 0x0000, 0x0000, 0x0000, 0x0000, 0x0000, 0x0000,
    0x0000, 0x0000, 0x0000, 0x0000, 0x0000, 0x0000, 0x0000, 0x0000,
    0x0000, 0x0000, 0x0000, 0x0000, 0x0000, 0x0000, 0x0020, 0x0840,
    0x5AEA, 0xF75B, 0xEF1A, 0xE6B8, 0xE697, 0xD635, 0xD634, 0xCDF4,
    0xCDF4, 0xCD92, 0xD5F4, 0xCDF4, 0xCDD3, 0xCDB3, 0xCDD3, 0xD614,
    0xD5F4, 0xCDD2, 0xD5D3, 0xD5D3, 0xCDB2, 0xCD70, 0xC50F, 0xBC8E,
    0xCD50, 0xD592, 0xD592, 0xD5B2, 0xD592, 0xD591, 0xD591, 0xCD71,
    0xCD71, 0xCD71, 0xCD51, 0xCD71, 0xCD70, 0xCD51, 0xCD51, 0xCD71,
    0xCD71, 0xD571, 0xD571, 0xD571, 0xD571, 0xD571, 0xD591, 0xD591,
    0xD591, 0xD591, 0xDDB2, 0xDDB2, 0xDDB2, 0xDDD3, 0xDDD2, 0xDDF3,
    0xE5F3, 0xE613, 0xE614, 0xE613, 0xE614, 0xE634, 0xE634, 0xE634,
    0xE634, 0xE634, 0xE5F3, 0xE5F4, 0xDE13, 0xEE54, 0xF675, 0xF696,
    0xF695, 0xF675, 0xE634, 0xEE34, 0xEE75, 0xEE95, 0xEE75, 0xF695,
    0xEE75, 0xF695, 0xF695, 0xEE75, 0xF695, 0xF695, 0xF695, 0xF695,
    0xF695, 0xF695, 0xF695, 0xF695, 0xF695, 0xF695, 0xF695, 0xF675,
    0xF675, 0xF675, 0xF675, 0xF674, 0xF675, 0xF675, 0xF675, 0xF675,
    0xF675, 0xF675, 0xF695, 0xF695, 0xF695, 0xF695, 0xF6B6, 0xF6B6,
    0xF6B6, 0xF6B6, 0xFED6, 0xF6D6, 0xF6D6, 0xEDF2, 0xDDF2, 0xE654,
    0xE654, 0xE675, 0xE695, 0xF696, 0xEED7, 0xEEB7, 0xEED7, 0xEEF8,
    0xEED7, 0xEEF8, 0xEED8, 0xEED8, 0xEEF8, 0xEEF8, 0xEF19, 0xF719,
    0xEEF9, 0xEEF8, 0xF73A, 0xF75A, 0x6B2B, 0x0020, 0x0020, 0x0000,
    0x0000, 0x0000, 0x0000, 0x0000, 0x0000, 0x0000, 0x0000, 0x0000,
    0x0000, 0x0000, 0x0000, 0x0000, 0x0000, 0x0000, 0x0000, 0x0000,
    0x0000, 0x0000, 0x0000, 0x0000, 0x0000, 0x0000, 0x0000, 0x0000,
    0x0000, 0x0000, 0x0000, 0x0000, 0x0000, 0x0000, 0x0000, 0x0000,
    0x0000, 0x0000, 0x0000, 0x0000, 0x0000, 0x0000, 0x0000, 0x0000,
    0x0000, 0x0000, 0x0000, 0x0000, 0x0000, 0x0000, 0x0000, 0x0000,
    0x0000, 0x0000, 0x0000, 0x0000, 0x0000, 0x0000, 0x0000, 0x0000,
    0x0000, 0x0000, 0x0000, 0x0000, 0x0000, 0x0000, 0x0000, 0x0000,
    0x0000, 0x0000, 0x0000, 0x0000, 0x0000, 0x0000, 0x0000, 0x0000,
    0x0000, 0x0000, 0x0000, 0x0000, 0x0000, 0x0000, 0x0000, 0x0000,
    0x0000, 0x0000, 0x0000, 0x0000, 0x0000, 0x0000, 0x0000, 0x0000,
    0x0000, 0x0000, 0x0000, 0x0000, 0x0000, 0x0000, 0x0000, 0x18C3,
    0x630B, 0xEF5B, 0xEF1A, 0xDE97, 0xDE97, 0xD635, 0xD635, 0xD615,
    0xCDD3, 0xC571, 0xD5F4, 0xCDB3, 0xCDD3, 0xCDB3, 0xCDD3, 0xD614,
    0xCDD3, 0xCDB2, 0xD5D3, 0xD5D3, 0xCDB2, 0xC550, 0xC52F, 0xB48D,
    0xC52F, 0xD591, 0xD592, 0xD592, 0xCD71, 0xCD71, 0xCD71, 0xCD71,
    0xCD51, 0xCD51, 0xCD51, 0xCD51, 0xCD50, 0xCD51, 0xCD50, 0xCD71,
    0xCD71, 0xD571, 0xCD71, 0xD571, 0xD571, 0xD571, 0xD591, 0xD591,
    0xD591, 0xD591, 0xD591, 0xDDB2, 0xDDD2, 0xDDD3, 0xDDD2, 0xDDD2,
    0xE5F3, 0xE5F3, 0xE5F3, 0xE613, 0xE634, 0xE634, 0xE614, 0xE614,
    0xE634, 0xE634, 0xE634, 0xEE55, 0xE634, 0xE634, 0xE634, 0xE634,
    0xE634, 0xEE75, 0xEE75, 0xEE75, 0xEE75, 0xEE75, 0xEE75, 0xEE75,
    0xEE75, 0xEE75, 0xEE75, 0xEE75, 0xF695, 0xF695, 0xF695, 0xF695,
    0xF695, 0xF695, 0xF695, 0xF695, 0xF695, 0xF695, 0xF695, 0xF675,
    0xF675, 0xF695, 0xF695, 0xF675, 0xF675, 0xF675, 0xF675, 0xF675,
    0xF675, 0xF675, 0xF695, 0xF695, 0xF695, 0xF695, 0xF695, 0xF6B6,
    0xF6B6, 0xF6B6, 0xF6B6, 0xF6D6, 0xF6B6, 0xDDB1, 0xDDF2, 0xE654,
    0xE654, 0xE675, 0xE675, 0xEE96, 0xEED7, 0xEED7, 0xEED7, 0xEEF8,
    0xEEB7, 0xEED8, 0xEED8, 0xEED8, 0xEEF8, 0xEEF8, 0xEEF8, 0xEEF8,
    0xEEF9, 0xEEF8, 0xF73A, 0xF75A, 0x736C, 0x0861, 0x0000, 0x0000,
    0x0000, 0x0000, 0x0000, 0x0000, 0x0000, 0x0000, 0x0000, 0x0000,
    0x0000, 0x0000, 0x0000, 0x0000, 0x0000, 0x0000, 0x0000, 0x0000,
    0x0000, 0x0000, 0x0000, 0x0000, 0x0000, 0x0000, 0x0000, 0x0000,
    0x0000, 0x0000, 0x0000, 0x0000, 0x0000, 0x0000, 0x0000, 0x0000,
    0x0000, 0x0000, 0x0000, 0x0000, 0x0000, 0x0000, 0x0000, 0x0000,
    0x0000, 0x0000, 0x0000, 0x0000, 0x0000, 0x0000, 0x0000, 0x0000,
    0x0000, 0x0000, 0x0000, 0x0000, 0x0000, 0x0000, 0x0000, 0x0000,
    0x0000, 0x0000, 0x0000, 0x0000, 0x0000, 0x0000, 0x0000, 0x0000,
    0x0000, 0x0000, 0x0000, 0x0000, 0x0000, 0x0000, 0x0000, 0x0000,
    0x0000, 0x0000, 0x0000, 0x0000, 0x0000, 0x0000, 0x0000, 0x0000,
    0x0000, 0x0000, 0x0000, 0x0000, 0x0000, 0x0000, 0x0000, 0x0000,
    0x0000, 0x0000, 0x0000, 0x0000, 0x0000, 0x0000, 0x0000, 0x18E3,
    0x7BCE, 0xF77C, 0xEF1A, 0xE6B8, 0xE6B8, 0xD635, 0xD614, 0xD635,
    0xCDD4, 0xCDB2, 0xCDD3, 0xC592, 0xCDB3, 0xCDB3, 0xD5F4, 0xCDB3,
    0xCDD3, 0xCDD3, 0xD5F3, 0xD5F3, 0xCD91, 0xC570, 0xC550, 0xB4AD,
    0xBCCE, 0xCD71, 0xCD71, 0xCD91, 0xD591, 0xCD71, 0xCD71, 0xCD71,
    0xCD51, 0xCD50, 0xCD71, 0xCD51, 0xCD51, 0xCD51, 0xCD50, 0xCD51,
    0xD571, 0xD571, 0xD571, 0xD571, 0xD570, 0xD570, 0xD571, 0xD591,
    0xD591, 0xD591, 0xDDB2, 0xDDB2, 0xDDD2, 0xDDD2, 0xDDF3, 0xDDF3,
    0xE5F3, 0xE613, 0xE613, 0xE613, 0xE613, 0xE634, 0xE614, 0xE614,
    0xE614, 0xE634, 0xE634, 0xE654, 0xEE55, 0xE634, 0xE634, 0xEE54,
    0xEE54, 0xEE54, 0xEE54, 0xEE75, 0xEE75, 0xEE55, 0xEE75, 0xEE75,
    0xEE54, 0xEE75, 0xF695, 0xEE54, 0xEE75, 0xF675, 0xF695, 0xF695,
    0xF695, 0xF695, 0xF695, 0xF695, 0xF695, 0xF695, 0xF695, 0xF675,
    0xF675, 0xF695, 0xF695, 0xF675, 0xF675, 0xF695, 0xF675, 0xF695,
    0xF675, 0xF675, 0xF695, 0xF695, 0xF695, 0xF696, 0xF6B6, 0xF6B6,
    0xF6B6, 0xF6B6, 0xF6D6, 0xF6D7, 0xEE75, 0xDDF2, 0xE654, 0xE654,
    0xE654, 0xE675, 0xE696, 0xE695, 0xE695, 0xEEB6, 0xEED7, 0xEEF8,
    0xEED7, 0xEED7, 0xEEF8, 0xEED7, 0xEED7, 0xEEF8, 0xEF19, 0xEEF9,
    0xEF19, 0xEEF8, 0xEF19, 0xFF9B, 0x9C71, 0x10C2, 0x0000, 0x0000,
    0x0000, 0x0000, 0x0000, 0x0000, 0x0000, 0x0000, 0x0000, 0x0000,
    0x0000, 0x0000, 0x0000, 0x0000, 0x0000, 0x0000, 0x0000, 0x0000,
    0x0000, 0x0000, 0x0000, 0x0000, 0x0000, 0x0000, 0x0000, 0x0000,
    0x0000, 0x0000, 0x0000, 0x0000, 0x0000, 0x0000, 0x0000, 0x0000,
    0x0000, 0x0000, 0x0000, 0x0000, 0x0000, 0x0000, 0x0000, 0x0000,
    0x0000, 0x0000, 0x0000, 0x0000, 0x0000, 0x0000, 0x0000, 0x0000,
    0x0000, 0x0000, 0x0000, 0x0000, 0x0000, 0x0000, 0x0000, 0x0000,
    0x0000, 0x0000, 0x0000, 0x0000, 0x0000, 0x0000, 0x0000, 0x0000,
    0x0000, 0x0000, 0x0000, 0x0000, 0x0000, 0x0000, 0x0000, 0x0000,
    0x0000, 0x0000, 0x0000, 0x0000, 0x0000, 0x0000, 0x0000, 0x0000,
    0x0000, 0x0000, 0x0000, 0x0000, 0x0000, 0x0000, 0x0000, 0x0000,
    0x0000, 0x0000, 0x0000, 0x0000, 0x0000, 0x0000, 0x1081, 0x2124,
    0x6B4C, 0xF75C, 0xEF1A, 0xE6D9, 0xE6B8, 0xDE56, 0xD614, 0xD614,
    0xCDF4, 0xCDD3, 0xCDB3, 0xCDB3, 0xCD72, 0xC592, 0xD5F4, 0xCDB3,
    0xCDD3, 0xD5F3, 0xD614, 0xD5D3, 0xCD91, 0xCD70, 0xCD71, 0xBCAD,
    0xBC8D, 0xCD50, 0xCD71, 0xCD71, 0xD592, 0xCD71, 0xCD71, 0xCD71,
    0xCD51, 0xCD50, 0xCD70, 0xCD50, 0xCD50, 0xCD50, 0xCD50, 0xCD50,
    0xD551, 0xD551, 0xD550, 0xD571, 0xD570, 0xD570, 0xD571, 0xD571,
    0xD591, 0xD591, 0xE5B2, 0xDDD2, 0xDDD2, 0xDDD2, 0xDDF3, 0xDDF3,
    0xE5F3, 0xE613, 0xE613, 0xE5F3, 0xE5F3, 0xE613, 0xE613, 0xE613,
    0xE613, 0xE613, 0xE634, 0xE654, 0xEE54, 0xE634, 0xE634, 0xEE54,
    0xF654, 0xEE54, 0xEE34, 0xEE54, 0xEE75, 0xEE54, 0xEE75, 0xEE75,
    0xEE55, 0xEE75, 0xF695, 0xEE75, 0xF675, 0xF675, 0xF695, 0xF695,
    0xF696, 0xF695, 0xF695, 0xF6B6, 0xF6B5, 0xF695, 0xF695, 0xF675,
    0xF675, 0xF675, 0xF675, 0xF675, 0xF675, 0xF695, 0xF695, 0xF695,
    0xF675, 0xF675, 0xF695, 0xF695, 0xF695, 0xF696, 0xF696, 0xF6B6,
    0xF6B6, 0xF6B6, 0xF6D6, 0xF6D7, 0xEE34, 0xE613, 0xE654, 0xE655,
    0xE654, 0xE675, 0xE675, 0xE695, 0xEEB6, 0xEEB6, 0xEEB7, 0xEEF8,
    0xEED8, 0xEED7, 0xEEF8, 0xEED7, 0xEEF8, 0xEEF8, 0xEF19, 0xEF19,
    0xF719, 0xF719, 0xEF19, 0xFFBC, 0x9490, 0x1903, 0x1082, 0x0000,
    0x0000, 0x0000, 0x0000, 0x0000, 0x0000, 0x0000, 0x0000, 0x0000,
    0x0000, 0x0000, 0x0000, 0x0000, 0x0000, 0x0000, 0x0000, 0x0000,
    0x0000, 0x0000, 0x0000, 0x0000, 0x0000, 0x0000, 0x0000, 0x0000,
    0x0000, 0x0000, 0x0000, 0x0000, 0x0000, 0x0000, 0x0000, 0x0000,
    0x0000, 0x0000, 0x0000, 0x0000, 0x0000, 0x0000, 0x0000, 0x0000,
    0x0000, 0x0000, 0x0000, 0x0000, 0x0000, 0x0000, 0x0000, 0x0000,
    0x0000, 0x0000, 0x0000, 0x0000, 0x0000, 0x0000, 0x0000, 0x0000,
    0x0000, 0x0000, 0x0000, 0x0000, 0x0000, 0x0000, 0x0000, 0x0000,
    0x0000, 0x0000, 0x0000, 0x0000, 0x0000, 0x0000, 0x0000, 0x0000,
    0x0000, 0x0000, 0x0000, 0x0000, 0x0000, 0x0000, 0x0000, 0x0000,
    0x0000, 0x0000, 0x0000, 0x0000, 0x0000, 0x0000, 0x0000, 0x0000,
    0x0000, 0x0000, 0x0000, 0x0000, 0x0000, 0x0000, 0x18C2, 0x1082,
    0x5289, 0xEF5C, 0xEF1A, 0xE6D9, 0xDE97, 0xDE96, 0xD615, 0xCDF4,
    0xCDF4, 0xCDD3, 0xCDB3, 0xCDB3, 0xC551, 0xC5B3, 0xCDD3, 0xCDF3,
    0xCDD3, 0xD5F3, 0xD614, 0xD5D3, 0xD5B3, 0xCD91, 0xCD71, 0xBCCE,
    0xB44C, 0xC510, 0xCD71, 0xCD71, 0xD592, 0xCD71, 0xCD71, 0xCD71,
    0xCD51, 0xCD50, 0xCD50, 0xCD50, 0xCD50, 0xCD50, 0xCD50, 0xCD50,
    0xCD51, 0xCD51, 0xCD50, 0xD571, 0xD571, 0xD571, 0xD571, 0xD571,
    0xD591, 0xDD91, 0xDDB2, 0xDDD2, 0xDDD2, 0xDDD3, 0xDDD2, 0xDDD2,
    0xE5F3, 0xE613, 0xE613, 0xE5F3, 0xE5F3, 0xE613, 0xE613, 0xE613,
    0xE613, 0xE613, 0xE634, 0xE634, 0xE634, 0xE634, 0xE634, 0xE634,
    0xEE54, 0xEE54, 0xEE34, 0xEE54, 0xEE75, 0xEE54, 0xEE75, 0xEE75,
    0xEE55, 0xEE75, 0xEE75, 0xEE75, 0xFE95, 0xF675, 0xF695, 0xF695,
    0xF696, 0xF696, 0xF696, 0xF6B6, 0xF6B6, 0xF695, 0xF695, 0xF695,
    0xF675, 0xF675, 0xF675, 0xF675, 0xF675, 0xF675, 0xF695, 0xF675,
    0xF675, 0xF675, 0xF695, 0xF695, 0xF695, 0xF695, 0xF696, 0xF6B6,
    0xF6B6, 0xF6B6, 0xF6B6, 0xF6B6, 0xE5D2, 0xE613, 0xE654, 0xE675,
    0xEE75, 0xE675, 0xEE75, 0xEE95, 0xEEB6, 0xEEB6, 0xEEB7, 0xEED7,
    0xEED8, 0xEED7, 0xEED7, 0xEED7, 0xEEF8, 0xEEF8, 0xEEF8, 0xEF19,
    0xFF19, 0xFF39, 0xEF19, 0xFF7C, 0xA4F1, 0x1923, 0x18C3, 0x0000,
    0x0000, 0x0000, 0x0000, 0x0000, 0x0000, 0x0000, 0x0000, 0x0000,
    0x0000, 0x0000, 0x0000, 0x0000, 0x0000, 0x0000, 0x0000, 0x0000,
    0x0000, 0x0000, 0x0000, 0x0000, 0x0000, 0x0000, 0x0000, 0x0000,
    0x0000, 0x0000, 0x0000, 0x0000, 0x0000, 0x0000, 0x0000, 0x0000,
    0x0000, 0x0000, 0x0000, 0x0000, 0x0000, 0x0000, 0x0000, 0x0000,
    0x0000, 0x0000, 0x0000, 0x0000, 0x0000, 0x0000, 0x0000, 0x0000,
    0x0000, 0x0000, 0x0000, 0x0000, 0x0000, 0x0000, 0x0000, 0x0000,
    0x0000, 0x0000, 0x0000, 0x0000, 0x0000, 0x0000, 0x0000, 0x0000,
    0x0000, 0x0000, 0x0000, 0x0000, 0x0000, 0x0000, 0x0000, 0x0000,
    0x0000, 0x0000, 0x0000, 0x0000, 0x0000, 0x0000, 0x0000, 0x0000,
    0x0000, 0x0000, 0x0000, 0x0000, 0x0000, 0x0000, 0x0000, 0x0000,
    0x0000, 0x0000, 0x0000, 0x0000, 0x0000, 0x0000, 0x0861, 0x0000,
    0x630C, 0xF77C, 0xEF1A, 0xE6D8, 0xDE97, 0xDE97, 0xD615, 0xCDF4,
    0xCDF4, 0xCDD3, 0xC593, 0xC592, 0xC572, 0xCDD4, 0xCDD3, 0xCDD3,
    0xCDB2, 0xCDD3, 0xCDD3, 0xD5F3, 0xD5D3, 0xCDB2, 0xCD92, 0xBD0F,
    0xAC4C, 0xBCEF, 0xCD51, 0xCD71, 0xCD71, 0xCD51, 0xCD51, 0xCD71,
    0xCD51, 0xCD51, 0xCD51, 0xCD50, 0xCD50, 0xCD51, 0xCD51, 0xCD50,
    0xCD50, 0xCD71, 0xD571, 0xD571, 0xD571, 0xD571, 0xD571, 0xD571,
    0xD591, 0xDDB2, 0xD5B2, 0xDDB2, 0xDDB2, 0xDDD3, 0xDDD2, 0xDDD2,
    0xE5F3, 0xDDF3, 0xE613, 0xE613, 0xE613, 0xE613, 0xE613, 0xE613,
    0xE613, 0xE613, 0xE613, 0xE613, 0xE614, 0xE613, 0xE634, 0xE634,
    0xE634, 0xEE54, 0xEE54, 0xEE54, 0xEE55, 0xEE54, 0xEE54, 0xEE54,
    0xEE54, 0xEE54, 0xEE75, 0xEE75, 0xF695, 0xF695, 0xF675, 0xF695,
    0xF695, 0xF696, 0xF696, 0xF695, 0xF6B6, 0xF695, 0xF695, 0xF695,
    0xF695, 0xF675, 0xF675, 0xF695, 0xF675, 0xF675, 0xF675, 0xF675,
    0xF695, 0xF675, 0xF695, 0xF695, 0xF695, 0xF695, 0xF6B6, 0xF6B6,
    0xF6B6, 0xF6B6, 0xF6B6, 0xEE75, 0xDDB1, 0xE634, 0xE654, 0xE675,
    0xEE96, 0xE675, 0xEE96, 0xEE96, 0xEEB6, 0xEEB6, 0xEEB7, 0xEEB7,
    0xEED7, 0xEED7, 0xEED7, 0xEED7, 0xEEF8, 0xEEF8, 0xEEF8, 0xEEF8,
    0xF719, 0xF739, 0xEF19, 0xF75B, 0xCE16, 0x2144, 0x0861, 0x0020,
    0x0000, 0x0000, 0x0000, 0x0000, 0x0000, 0x0000, 0x0000, 0x0000,
    0x0000, 0x0000, 0x0000, 0x0000, 0x0000, 0x0000, 0x0000, 0x0000,
    0x0000, 0x0000, 0x0000, 0x0000, 0x0000, 0x0000, 0x0000, 0x0000,
    0x0000, 0x0000, 0x0000, 0x0000, 0x0000, 0x0000, 0x0000, 0x0000,
    0x0000, 0x0000, 0x0000, 0x0000, 0x0000, 0x0000, 0x0000, 0x0000,
    0x0000, 0x0000, 0x0000, 0x0000, 0x0000, 0x0000, 0x0000, 0x0000,
    0x0000, 0x0000, 0x0000, 0x0000, 0x0000, 0x0000, 0x0000, 0x0000,
    0x0000, 0x0000, 0x0000, 0x0000, 0x0000, 0x0000, 0x0000, 0x0000,
    0x0000, 0x0000, 0x0000, 0x0000, 0x0000, 0x0000, 0x0000, 0x0000,
    0x0000, 0x0000, 0x0000, 0x0000, 0x0000, 0x0000, 0x0000, 0x0000,
    0x0000, 0x0000, 0x0000, 0x0000, 0x0000, 0x0000, 0x0000, 0x0000,
    0x0000, 0x0000, 0x0000, 0x0000, 0x0000, 0x0000, 0x0000, 0x0881,
    0x8C71, 0xF77C, 0xEF1A, 0xE6B8, 0xE6B8, 0xDEB8, 0xD5F4, 0xD615,
    0xCDF5, 0xCDB3, 0xC592, 0xC592, 0xC592, 0xCDD4, 0xCDD3, 0xCD92,
    0xCD92, 0xCDB2, 0xCDD3, 0xCDD3, 0xCDB2, 0xD5D3, 0xCDB2, 0xC550,
    0xB48E, 0xB48D, 0xCD50, 0xCD71, 0xCD71, 0xCD71, 0xCD71, 0xCD71,
    0xCD51, 0xCD50, 0xCD50, 0xCD50, 0xCD51, 0xCD51, 0xCD30, 0xCD50,
    0xCD50, 0xCD71, 0xD571, 0xD571, 0xD571, 0xD571, 0xD571, 0xD571,
    0xD591, 0xD5B2, 0xD592, 0xDDB2, 0xDDD2, 0xDDD2, 0xDDD2, 0xDDF3,
    0xE5F3, 0xDDF3, 0xE5F3, 0xE613, 0xE5F3, 0xE613, 0xE5F3, 0xE5F3,
    0xE613, 0xE613, 0xE614, 0xE634, 0xE613, 0xE613, 0xE634, 0xE634,
    0xE634, 0xE654, 0xEE54, 0xEE54, 0xEE55, 0xEE54, 0xEE75, 0xEE54,
    0xEE54, 0xEE55, 0xEE75, 0xEE54, 0xEE75, 0xEE95, 0xEE74, 0xF675,
    0xF675, 0xF695, 0xF675, 0xF675, 0xF695, 0xF695, 0xF695, 0xF675,
    0xF695, 0xF675, 0xF675, 0xF695, 0xF675, 0xF675, 0xF675, 0xF695,
    0xF695, 0xF695, 0xF695, 0xF695, 0xF695, 0xF696, 0xF6B6, 0xF6B6,
    0xF6B6, 0xF6B6, 0xEE95, 0xE5F3, 0xE634, 0xE675, 0xE675, 0xE654,
    0xEE96, 0xE696, 0xE696, 0xEE96, 0xEEB6, 0xEED7, 0xEEB7, 0xEED7,
    0xEE96, 0xEEB7, 0xEED7, 0xEED8, 0xEED7, 0xEED7, 0xEEF8, 0xEEF8,
    0xEEF8, 0xEF19, 0xEF19, 0xF75A, 0xD698, 0x31C6, 0x0000, 0x0000,
    0x0000, 0x0000, 0x0000, 0x0000, 0x0000, 0x0000, 0x0000, 0x0000,
    0x0000, 0x0000, 0x0000, 0x0000, 0x0000, 0x0000, 0x0000, 0x0000,
    0x0000, 0x0000, 0x0000, 0x0000, 0x0000, 0x0000, 0x0000, 0x0000,
    0x0000, 0x0000, 0x0000, 0x0000, 0x0000, 0x0000, 0x0000, 0x0000,
    0x0000, 0x0000, 0x0000, 0x0000, 0x0000, 0x0000, 0x0000, 0x0000,
    0x0000, 0x0000, 0x0000, 0x0000, 0x0000, 0x0000, 0x0000, 0x0000,
    0x0000, 0x0000, 0x0000, 0x0000, 0x0000, 0x0000, 0x0000, 0x0000,
    0x0000, 0x0000, 0x0000, 0x0000, 0x0000, 0x0000, 0x0000, 0x0000,
    0x0000, 0x0000, 0x0000, 0x0000, 0x0000, 0x0000, 0x0000, 0x0000,
    0x0000, 0x0000, 0x0000, 0x0000, 0x0000, 0x0000, 0x0000, 0x0000,
    0x0000, 0x0000, 0x0000, 0x0000, 0x0000, 0x0000, 0x0000, 0x0000,
    0x0000, 0x0000, 0x0000, 0x0000, 0x0000, 0x0000, 0x0020, 0x10A2,
    0x7C0F, 0xF75A, 0xEF3A, 0xE6B8, 0xEEB8, 0xDE98, 0xD614, 0xD5F4,
    0xCDF5, 0xCDB3, 0xCDB3, 0xCDB2, 0xCDB3, 0xCE15, 0xCDD3, 0xCDB3,
    0xCDB3, 0xCDB3, 0xCDD3, 0xCDD3, 0xD5D3, 0xD5F3, 0xCDB2, 0xC570,
    0xBD0F, 0xB44C, 0xCD0F, 0xCD71, 0xCD71, 0xCD71, 0xCD71, 0xCD71,
    0xCD51, 0xCD50, 0xCD70, 0xCD50, 0xCD51, 0xCD50, 0xCD50, 0xCD50,
    0xCD50, 0xCD50, 0xD571, 0xD571, 0xD571, 0xD571, 0xD571, 0xD591,
    0xD591, 0xD5B2, 0xD591, 0xDDB2, 0xDDB2, 0xDDD2, 0xDDD3, 0xDDF3,
    0xE5D3, 0xDDF3, 0xE5F3, 0xE5F3, 0xE5F3, 0xE5F3, 0xE5F2, 0xE5F3,
    0xE5F3, 0xE5F3, 0xE613, 0xE634, 0xE5F3, 0xE613, 0xE613, 0xE613,
    0xE634, 0xE634, 0xEE54, 0xEE34, 0xEE54, 0xEE54, 0xEE75, 0xEE54,
    0xEE54, 0xEE55, 0xEE54, 0xEE54, 0xEE75, 0xEE95, 0xEE75, 0xF675,
    0xF695, 0xF695, 0xF695, 0xF695, 0xF675, 0xF675, 0xF675, 0xF675,
    0xF675, 0xF675, 0xF675, 0xF695, 0xF675, 0xF695, 0xF675, 0xF675,
    0xF675, 0xF695, 0xF695, 0xF695, 0xF695, 0xF696, 0xF6B5, 0xF6B5,
    0xF6B6, 0xFEB6, 0xEE54, 0xE5F3, 0xE654, 0xE655, 0xE655, 0xE695,
    0xE696, 0xEEB6, 0xE696, 0xEE96, 0xEEB6, 0xEED7, 0xEEB7, 0xEEF8,
    0xEE97, 0xEEB7, 0xEED7, 0xEED8, 0xEEF8, 0xEED8, 0xF719, 0xEEF8,
    0xEEF8, 0xEF19, 0xEF19, 0xF73A, 0xE6FA, 0x4A68, 0x0000, 0x0000,
    0x0000, 0x0000, 0x0000, 0x0000, 0x0000, 0x0000, 0x0000, 0x0000,
    0x0000, 0x0000, 0x0000, 0x0000, 0x0000, 0x0000, 0x0000, 0x0000,
    0x0000, 0x0000, 0x0000, 0x0000, 0x0000, 0x0000, 0x0000, 0x0000,
    0x0000, 0x0000, 0x0000, 0x0000, 0x0000, 0x0000, 0x0000, 0x0000,
    0x0000, 0x0000, 0x0000, 0x0000, 0x0000, 0x0000, 0x0000, 0x0000,
    0x0000, 0x0000, 0x0000, 0x0000, 0x0000, 0x0000, 0x0000, 0x0000,
    0x0000, 0x0000, 0x0000, 0x0000, 0x0000, 0x0000, 0x0000, 0x0000,
    0x0000, 0x0000, 0x0000, 0x0000, 0x0000, 0x0000, 0x0000, 0x0000,
    0x0000, 0x0000, 0x0000, 0x0000, 0x0000, 0x0000, 0x0000, 0x0000,
    0x0000, 0x0000, 0x0000, 0x0000, 0x0000, 0x0000, 0x0000, 0x0000,
    0x0000, 0x0000, 0x0000, 0x0000, 0x0000, 0x0000, 0x0000, 0x0000,
    0x0000, 0x0000, 0x0000, 0x0000, 0x0000, 0x0000, 0x0861, 0x10A2,
    0x738D, 0xEF1A, 0xEF3A, 0xE6B9, 0xE6B8, 0xDE77, 0xD614, 0xCE15,
    0xD615, 0xCDB3, 0xCDB3, 0xCDB2, 0xCDD4, 0xCE15, 0xCD93, 0xCDD3,
    0xCDB3, 0xCDB3, 0xCDD3, 0xD5D3, 0xD5F3, 0xD5F3, 0xCDD2, 0xCD92,
    0xCD50, 0xBCAD, 0xC4CD, 0xCD30, 0xCD71, 0xCD71, 0xCD71, 0xCD71,
    0xCD51, 0xCD71, 0xCD71, 0xCD50, 0xCD51, 0xCD50, 0xCD50, 0xCD50,
    0xCD50, 0xCD50, 0xD571, 0xD571, 0xD571, 0xD571, 0xD571, 0xD591,
    0xD591, 0xD5B2, 0xD591, 0xDDB2, 0xDDB2, 0xDDD2, 0xDDD3, 0xDDF3,
    0xDDD3, 0xDDF3, 0xE5F3, 0xE5F3, 0xDDF3, 0xE5F3, 0xDDF2, 0xE5F3,
    0xE5F3, 0xE5F3, 0xE613, 0xE613, 0xE5F3, 0xE613, 0xE5F3, 0xE613,
    0xE634, 0xE634, 0xEE54, 0xE634, 0xEE54, 0xEE54, 0xEE54, 0xEE54,
    0xEE54, 0xEE54, 0xEE54, 0xEE75, 0xEE75, 0xEE75, 0xEE75, 0xEE75,
    0xF695, 0xF695, 0xF695, 0xF695, 0xF675, 0xF675, 0xF675, 0xF675,
    0xF675, 0xF675, 0xF675, 0xF695, 0xF675, 0xF695, 0xF695, 0xF675,
    0xF675, 0xF695, 0xF695, 0xF695, 0xF695, 0xF695, 0xF695, 0xF695,
    0xF696, 0xF674, 0xE5F3, 0xE633, 0xE634, 0xE634, 0xE633, 0xE675,
    0xEEB6, 0xEEB6, 0xEE96, 0xEEB6, 0xEEB6, 0xEEB7, 0xEEB7, 0xEEF8,
    0xEED7, 0xEEB7, 0xEED7, 0xEED7, 0xEEF8, 0xEEF8, 0xF719, 0xEEF8,
    0xEEF9, 0xEF19, 0xEF19, 0xF73A, 0xEEFA, 0x5AEA, 0x0841, 0x0000,
    0x0000, 0x0000, 0x0000, 0x0000, 0x0000, 0x0000, 0x0000, 0x0000,
    0x0000, 0x0000, 0x0000, 0x0000, 0x0000, 0x0000, 0x0000, 0x0000,
    0x0000, 0x0000, 0x0000, 0x0000, 0x0000, 0x0000, 0x0000, 0x0000,
    0x0000, 0x0000, 0x0000, 0x0000, 0x0000, 0x0000, 0x0000, 0x0000,
    0x0000, 0x0000, 0x0000, 0x0000, 0x0000, 0x0000, 0x0000, 0x0000,
    0x0000, 0x0000, 0x0000, 0x0000, 0x0000, 0x0000, 0x0000, 0x0000,
    0x0000, 0x0000, 0x0000, 0x0000, 0x0000, 0x0000, 0x0000, 0x0000,
    0x0000, 0x0000, 0x0000, 0x0000, 0x0000, 0x0000, 0x0000, 0x0000,
    0x0000, 0x0000, 0x0000, 0x0000, 0x0000, 0x0000, 0x0000, 0x0000,
    0x0000, 0x0000, 0x0000, 0x0000, 0x0000, 0x0000, 0x0000, 0x0000,
    0x0000, 0x0000, 0x0000, 0x0000, 0x0000, 0x0000, 0x0000, 0x0000,
    0x0000, 0x0000, 0x0000, 0x0000, 0x0000, 0x0841, 0x1082, 0x18E3,
    0x734C, 0xE6FA, 0xEF3A, 0xE6D9, 0xDE97, 0xDE77, 0xD635, 0xD656,
    0xD614, 0xC592, 0xCDB3, 0xC592, 0xCDD4, 0xCDD3, 0xC572, 0xCDB3,
    0xC592, 0xC592, 0xCDB3, 0xD5D3, 0xD5F3, 0xCDD3, 0xCDD2, 0xCD92,
    0xCD71, 0xC50F, 0xBCAD, 0xC50F, 0xCD51, 0xCD71, 0xCD71, 0xCD71,
    0xCD71, 0xCD71, 0xCD71, 0xCD51, 0xCD50, 0xCD50, 0xCD50, 0xCD50,
    0xCD50, 0xCD71, 0xCD71, 0xCD71, 0xCD51, 0xD571, 0xD571, 0xD571,
    0xD591, 0xD5B2, 0xD592, 0xD5B2, 0xDDD2, 0xDDD2, 0xDDD2, 0xDDD2,
    0xDDD3, 0xDDF3, 0xDDF3, 0xE5F3, 0xDDF3, 0xDDF3, 0xDDD2, 0xDDF3,
    0xE5F3, 0xE5F3, 0xE5F3, 0xE613, 0xE613, 0xE613, 0xE5F3, 0xE613,
    0xE613, 0xE634, 0xEE54, 0xE634, 0xE634, 0xEE34, 0xEE34, 0xEE34,
    0xEE54, 0xEE54, 0xEE75, 0xEE75, 0xEE54, 0xEE54, 0xEE75, 0xEE75,
    0xEE75, 0xEE75, 0xEE75, 0xF675, 0xF675, 0xEE75, 0xEE75, 0xEE95,
    0xEE75, 0xEE54, 0xEE75, 0xF675, 0xF695, 0xF695, 0xF695, 0xF695,
    0xF675, 0xF695, 0xF695, 0xEE75, 0xF695, 0xEE75, 0xEE75, 0xEE75,
    0xEE75, 0xE613, 0xE633, 0xE654, 0xE634, 0xE634, 0xDE33, 0xDE34,
    0xEEB6, 0xE696, 0xEE96, 0xEEB6, 0xE696, 0xE696, 0xEEB7, 0xEED7,
    0xEED7, 0xEEB7, 0xEED7, 0xEED7, 0xEEF8, 0xEEF8, 0xEEF8, 0xEEF8,
    0xEEF9, 0xEEF8, 0xEF19, 0xF75A, 0xE6D9, 0x632B, 0x18E3, 0x0020,
    0x0000, 0x0000, 0x0000, 0x0000, 0x0000, 0x0000, 0x0000, 0x0000,
    0x0000, 0x0000, 0x0000, 0x0000, 0x0000, 0x0000, 0x0000, 0x0000,
    0x0000, 0x0000, 0x0000, 0x0000, 0x0000, 0x0000, 0x0000, 0x0000,
    0x0000, 0x0000, 0x0000, 0x0000, 0x0000, 0x0000, 0x0000, 0x0000,
    0x0000, 0x0000, 0x0000, 0x0000, 0x0000, 0x0000, 0x0000, 0x0000,
    0x0000, 0x0000, 0x0000, 0x0000, 0x0000, 0x0000, 0x0000, 0x0000,
    0x0000, 0x0000, 0x0000, 0x0000, 0x0000, 0x0000, 0x0000, 0x0000,
    0x0000, 0x0000, 0x0000, 0x0000, 0x0000, 0x0000, 0x0000, 0x0000,
    0x0000, 0x0000, 0x0000, 0x0000, 0x0000, 0x0000, 0x0000, 0x0000,
    0x0000, 0x0000, 0x0000, 0x0000, 0x0000, 0x0000, 0x0000, 0x0000,
    0x0000, 0x0000, 0x0000, 0x0000, 0x0000, 0x0000, 0x0000, 0x0000,
    0x0000, 0x0000, 0x0000, 0x0000, 0x0000, 0x0020, 0x1081, 0x2144,
    0x4A48, 0xDEB9, 0xF75B, 0xE6F9, 0xDE97, 0xD656, 0xDE77, 0xD635,
    0xCDF4, 0xCDB3, 0xCDB3, 0xCDB3, 0xCDB3, 0xC572, 0xC571, 0xC572,
    0xC551, 0xC551, 0xCDB2, 0xD5F4, 0xD5F4, 0xCD92, 0xCD92, 0xCD91,
    0xCD91, 0xC530, 0xBCCE, 0xBCAE, 0xCD50, 0xCD51, 0xCD51, 0xCD71,
    0xCD71, 0xCD50, 0xCD51, 0xCD51, 0xCD50, 0xCD50, 0xCD50, 0xCD50,
    0xCD50, 0xCD50, 0xCD51, 0xCD51, 0xD571, 0xD571, 0xD571, 0xD571,
    0xD591, 0xD592, 0xD5B2, 0xD5B2, 0xDDB2, 0xDDD2, 0xDDB2, 0xDDD2,
    0xDDB2, 0xDDD2, 0xDDF3, 0xDDD2, 0xDDD2, 0xDDF3, 0xDDF3, 0xDDF3,
    0xE5F3, 0xDDD2, 0xDDF2, 0xE613, 0xE5F3, 0xE613, 0xE613, 0xE613,
    0xE613, 0xE613, 0xE634, 0xE613, 0xE613, 0xE613, 0xEE34, 0xEE34,
    0xEE34, 0xEE34, 0xEE54, 0xEE54, 0xEE54, 0xEE75, 0xEE54, 0xEE54,
    0xEE54, 0xEE75, 0xEE75, 0xEE75, 0xEE75, 0xEE75, 0xEE75, 0xEE95,
    0xF695, 0xEE75, 0xEE75, 0xF695, 0xF695, 0xF695, 0xEE75, 0xF695,
    0xF695, 0xF695, 0xF675, 0xEE75, 0xEE75, 0xF695, 0xEE75, 0xEE54,
    0xE613, 0xE633, 0xE675, 0xE654, 0xE675, 0xE695, 0xE675, 0xE675,
    0xE675, 0xE696, 0xE695, 0xEE96, 0xEEB6, 0xE696, 0xE6B6, 0xE6B7,
    0xE6B7, 0xEED7, 0xEED7, 0xEEF8, 0xEEF8, 0xEEF8, 0xEED7, 0xEEF8,
    0xEF19, 0xEEF8, 0xEEF9, 0xF75A, 0xEF5B, 0x5AEA, 0x2104, 0x0040,
    0x0000, 0x0000, 0x0000, 0x0000, 0x0000, 0x0000, 0x0000, 0x0000,
    0x0000, 0x0000, 0x0000, 0x0000, 0x0000, 0x0000, 0x0000, 0x0000,
    0x0000, 0x0000, 0x0000, 0x0000, 0x0000, 0x0000, 0x0000, 0x0000,
    0x0000, 0x0000, 0x0000, 0x0000, 0x0000, 0x0000, 0x0000, 0x0000,
    0x0000, 0x0000, 0x0000, 0x0000, 0x0000, 0x0000, 0x0000, 0x0000,
    0x0000, 0x0000, 0x0000, 0x0000, 0x0000, 0x0000, 0x0000, 0x0000,
    0x0000, 0x0000, 0x0000, 0x0000, 0x0000, 0x0000, 0x0000, 0x0000,
    0x0000, 0x0000, 0x0000, 0x0000, 0x0000, 0x0000, 0x0000, 0x0000,
    0x0000, 0x0000, 0x0000, 0x0000, 0x0000, 0x0000, 0x0000, 0x0000,
    0x0000, 0x0000, 0x0000, 0x0000, 0x0000, 0x0000, 0x0000, 0x0000,
    0x0000, 0x0000, 0x0000, 0x0000, 0x0000, 0x0000, 0x0000, 0x0000,
    0x0000, 0x0000, 0x0000, 0x0000, 0x0000, 0x0000, 0x0020, 0x3185,
    0x4228, 0xEF1B, 0xF75B, 0xE6F9, 0xDE77, 0xDE77, 0xDE97, 0xD615,
    0xD5F5, 0xCDD3, 0xCDD3, 0xCDB3, 0xCDD4, 0xC592, 0xC571, 0xC572,
    0xC592, 0xC551, 0xCDB2, 0xD5F4, 0xD5D3, 0xCD92, 0xCDB2, 0xCDB1,
    0xCD91, 0xC510, 0xC4EF, 0xB48D, 0xBCEE, 0xCD51, 0xCD50, 0xCD51,
    0xCD71, 0xCD50, 0xCD51, 0xCD50, 0xCD50, 0xCD50, 0xCD50, 0xCD51,
    0xCD50, 0xCD50, 0xD571, 0xCD51, 0xD571, 0xD571, 0xCD71, 0xD571,
    0xD591, 0xD591, 0xD5B2, 0xD5B2, 0xDDB2, 0xDDD2, 0xDDB2, 0xDDD2,
    0xDDD2, 0xDDB2, 0xDDF2, 0xDDD2, 0xDDB2, 0xDDF2, 0xDDF3, 0xDDF2,
    0xE5D2, 0xDDD2, 0xDDF3, 0xE5F3, 0xE5F3, 0xE5F2, 0xE613, 0xE614,
    0xE613, 0xE634, 0xE634, 0xE634, 0xE613, 0xE614, 0xEE34, 0xEE34,
    0xEE34, 0xEE34, 0xEE34, 0xEE54, 0xEE34, 0xEE75, 0xEE54, 0xEE75,
    0xEE54, 0xEE54, 0xEE75, 0xEE75, 0xEE75, 0xEE74, 0xEE54, 0xEE75,
    0xF695, 0xEE75, 0xEE75, 0xF695, 0xF675, 0xF695, 0xEE75, 0xF675,
    0xF695, 0xF675, 0xF675, 0xEE75, 0xEE75, 0xF675, 0xEE75, 0xEE33,
    0xE5F2, 0xE633, 0xE675, 0xE654, 0xE675, 0xE695, 0xE675, 0xEEB6,
    0xEE96, 0xEEB7, 0xEEB5, 0xEEB6, 0xEE96, 0xE675, 0xE6B6, 0xE696,
    0xEE96, 0xEED7, 0xEED7, 0xEED8, 0xEEF8, 0xEEF8, 0xEED7, 0xEED8,
    0xEF19, 0xEF19, 0xEF19, 0xF75A, 0xF77C, 0x632B, 0x10A1, 0x0861,
    0x0000, 0x0000, 0x0000, 0x0000, 0x0000, 0x0000, 0x0000, 0x0000,
    0x0000, 0x0000, 0x0000, 0x0000, 0x0000, 0x0000, 0x0000, 0x0000,
    0x0000, 0x0000, 0x0000, 0x0000, 0x0000, 0x0000, 0x0000, 0x0000,
    0x0000, 0x0000, 0x0000, 0x0000, 0x0000, 0x0000, 0x0000, 0x0000,
    0x0000, 0x0000, 0x0000, 0x0000, 0x0000, 0x0000, 0x0000, 0x0000,
    0x0000, 0x0000, 0x0000, 0x0000, 0x0000, 0x0000, 0x0000, 0x0000,
    0x0000, 0x0000, 0x0000, 0x0000, 0x0000, 0x0000, 0x0000, 0x0000,
    0x0000, 0x0000, 0x0000, 0x0000, 0x0000, 0x0000, 0x0000, 0x0000,
    0x0000, 0x0000, 0x0000, 0x0000, 0x0000, 0x0000, 0x0000, 0x0000,
    0x0000, 0x0000, 0x0000, 0x0000, 0x0000, 0x0000, 0x0000, 0x0000,
    0x0000, 0x0000, 0x0000, 0x0000, 0x0000, 0x0000, 0x0000, 0x0000,
    0x0000, 0x0000, 0x0000, 0x0000, 0x0000, 0x0000, 0x0020, 0x2124,
    0x52AA, 0xF73B, 0xF75B, 0xE6B9, 0xE697, 0xE6B8, 0xDE97, 0xD615,
    0xD635, 0xCDF3, 0xCDD3, 0xC592, 0xCDD4, 0xC572, 0xC571, 0xC572,
    0xC5B2, 0xC551, 0xCD92, 0xD5D3, 0xCDB2, 0xCDB2, 0xCDB2, 0xCDB2,
    0xCD91, 0xCD71, 0xC52F, 0xB4AD, 0xB46C, 0xBCEF, 0xCD50, 0xCD51,
    0xCD71, 0xCD51, 0xCD51, 0xCD50, 0xCD50, 0xCD50, 0xCD50, 0xCD51,
    0xCD50, 0xCD51, 0xD571, 0xCD51, 0xCD71, 0xCD71, 0xCD91, 0xD571,
    0xD591, 0xD591, 0xD5B2, 0xD5B2, 0xD5B2, 0xD5B2, 0xDDB2, 0xDDD2,
    0xDDD2, 0xDDB2, 0xDDD2, 0xDDD2, 0xDDB2, 0xDDD2, 0xDDD2, 0xDDD2,
    0xDDD2, 0xDDD2, 0xDDF3, 0xDDF3, 0xDDF3, 0xE5F2, 0xE613, 0xE614,
    0xE613, 0xE634, 0xE634, 0xE634, 0xE613, 0xE614, 0xE634, 0xE634,
    0xE634, 0xEE34, 0xEE34, 0xEE54, 0xEE34, 0xEE54, 0xEE54, 0xEE75,
    0xEE54, 0xEE54, 0xEE75, 0xEE75, 0xEE75, 0xEE74, 0xEE54, 0xEE75,
    0xEE75, 0xEE75, 0xEE75, 0xEE75, 0xEE75, 0xF695, 0xEE75, 0xEE75,
    0xF695, 0xEE75, 0xEE75, 0xEE75, 0xEE75, 0xEE54, 0xEE33, 0xE613,
    0xE613, 0xE633, 0xE654, 0xE654, 0xE675, 0xE695, 0xE695, 0xEEB6,
    0xEE96, 0xEEB7, 0xEED7, 0xEEB6, 0xE697, 0xE675, 0xE6B6, 0xE696,
    0xF696, 0xEED7, 0xEE97, 0xEEB7, 0xEEF8, 0xEEF8, 0xEEF8, 0xEED8,
    0xEF19, 0xF719, 0xEF19, 0xF73A, 0xF75C, 0x7BAD, 0x1081, 0x0861,
    0x0020, 0x0000, 0x0000, 0x0000, 0x0000, 0x0000, 0x0000, 0x0000,
    0x0000, 0x0000, 0x0000, 0x0000, 0x0000, 0x0000, 0x0000, 0x0000,
    0x0000, 0x0000, 0x0000, 0x0000, 0x0000, 0x0000, 0x0000, 0x0000,
    0x0000, 0x0000, 0x0000, 0x0000, 0x0000, 0x0000, 0x0000, 0x0000,
    0x0000, 0x0000, 0x0000, 0x0000, 0x0000, 0x0000, 0x0000, 0x0000,
    0x0000, 0x0000, 0x0000, 0x0000, 0x0000, 0x0000, 0x0000, 0x0000,
    0x0000, 0x0000, 0x0000, 0x0000, 0x0000, 0x0000, 0x0000, 0x0000,
    0x0000, 0x0000, 0x0000, 0x0000, 0x0000, 0x0000, 0x0000, 0x0000,
    0x0000, 0x0000, 0x0000, 0x0000, 0x0000, 0x0000, 0x0000, 0x0000,
    0x0000, 0x0000, 0x0000, 0x0000, 0x0000, 0x0000, 0x0000, 0x0000,
    0x0000, 0x0000, 0x0000, 0x0000, 0x0000, 0x0000, 0x0000, 0x0000,
    0x0000, 0x0000, 0x0000, 0x0000, 0x0000, 0x0000, 0x0861, 0x0881,
    0x5AA9, 0xEF1A, 0xF75B, 0xE6B8, 0xE6B8, 0xE6D8, 0xDE77, 0xD615,
    0xD635, 0xCDF4, 0xC592, 0xC592, 0xCDD3, 0xBD51, 0xC571, 0xC571,
    0xC592, 0xC551, 0xC571, 0xCDB2, 0xCDD3, 0xCDB2, 0xCDB2, 0xCDD3,
    0xCDB2, 0xCDD2, 0xC550, 0xBCEE, 0xB48C, 0xB48D, 0xC4EF, 0xCD50,
    0xCD50, 0xCD51, 0xCD51, 0xCD71, 0xCD51, 0xCD50, 0xCD51, 0xCD51,
    0xCD50, 0xCD51, 0xCD71, 0xCD71, 0xCD71, 0xCD71, 0xD591, 0xD571,
    0xD571, 0xD591, 0xD591, 0xD591, 0xD592, 0xD591, 0xD591, 0xDDB2,
    0xD5B2, 0xDDB2, 0xDDB2, 0xDDD2, 0xDDB2, 0xDDB2, 0xDDB2, 0xDDB2,
    0xDDD2, 0xDDD2, 0xDDD2, 0xDDF2, 0xDDF3, 0xE5F3, 0xDDF3, 0xE613,
    0xE613, 0xE613, 0xE613, 0xE634, 0xE613, 0xE613, 0xE634, 0xE634,
    0xE634, 0xE634, 0xEE54, 0xEE54, 0xEE54, 0xE634, 0xEE54, 0xEE54,
    0xEE54, 0xEE54, 0xEE54, 0xEE54, 0xEE54, 0xEE54, 0xEE54, 0xEE75,
    0xEE75, 0xEE54, 0xEE75, 0xEE75, 0xEE75, 0xEE75, 0xEE75, 0xEE75,
    0xEE75, 0xEE75, 0xEE74, 0xEE54, 0xEE54, 0xEE33, 0xE612, 0xE634,
    0xE654, 0xE613, 0xE654, 0xE675, 0xE654, 0xE695, 0xE695, 0xEE96,
    0xEE96, 0xEEB6, 0xEED7, 0xEE96, 0xEEB7, 0xE696, 0xE696, 0xE696,
    0xEEB6, 0xEEB6, 0xE696, 0xEEB7, 0xEEF8, 0xEEF8, 0xEEF8, 0xEEF8,
    0xEEF8, 0xF719, 0xEF19, 0xEF1A, 0xF73A, 0x83EE, 0x20E3, 0x0861,
    0x0841, 0x0000, 0x0000, 0x0000, 0x0000, 0x0000, 0x0000, 0x0000,
    0x0000, 0x0000, 0x0000, 0x0000, 0x0000, 0x0000, 0x0000, 0x0000,
    0x0000, 0x0000, 0x0000, 0x0000, 0x0000, 0x0000, 0x0000, 0x0000,
    0x0000, 0x0000, 0x0000, 0x0000, 0x0000, 0x0000, 0x0000, 0x0000,
    0x0000, 0x0000, 0x0000, 0x0000, 0x0000, 0x0000, 0x0000, 0x0000,
    0x0000, 0x0000, 0x0000, 0x0000, 0x0000, 0x0000, 0x0000, 0x0000,
    0x0000, 0x0000, 0x0000, 0x0000, 0x0000, 0x0000, 0x0000, 0x0000,
    0x0000, 0x0000, 0x0000, 0x0000, 0x0000, 0x0000, 0x0000, 0x0000,
    0x0000, 0x0000, 0x0000, 0x0000, 0x0000, 0x0000, 0x0000, 0x0000,
    0x0000, 0x0000, 0x0000, 0x0000, 0x0000, 0x0000, 0x0000, 0x0000,
    0x0000, 0x0000, 0x0000, 0x0000, 0x0000, 0x0000, 0x0000, 0x0000,
    0x0000, 0x0000, 0x0000, 0x0000, 0x0000, 0x0000, 0x1082, 0x0841,
    0x41E7, 0xE6FA, 0xF73B, 0xEEF9, 0xE6D9, 0xE6D8, 0xDE77, 0xD615,
    0xCDF4, 0xCDB3, 0xC592, 0xCDD4, 0xC592, 0xC592, 0xBD51, 0xC551,
    0xC572, 0xC572, 0xC571, 0xCDB2, 0xCD92, 0xC550, 0xCDB2, 0xD614,
    0xD5D3, 0xCD91, 0xCD71, 0xCD71, 0xC530, 0xB48D, 0xB48D, 0xC50F,
    0xCD50, 0xCD51, 0xCD71, 0xCD71, 0xCD50, 0xCD30, 0xCD50, 0xCD50,
    0xCD51, 0xCD51, 0xCD71, 0xD571, 0xD571, 0xCD71, 0xD571, 0xD591,
    0xD571, 0xD591, 0xD571, 0xD591, 0xD5B2, 0xD591, 0xD591, 0xD5B2,
    0xD5B2, 0xD5B2, 0xDDB2, 0xD5B1, 0xDDB1, 0xDDB2, 0xDDB2, 0xDDB2,
    0xDDB2, 0xDDD2, 0xDDD2, 0xDDD2, 0xDDD2, 0xDDF3, 0xDDD2, 0xDDD2,
    0xE5F3, 0xE613, 0xE5F3, 0xE613, 0xE613, 0xE613, 0xE613, 0xE633,
    0xE633, 0xEE34, 0xE634, 0xEE34, 0xE634, 0xE634, 0xEE34, 0xEE34,
    0xEE54, 0xEE54, 0xEE54, 0xEE74, 0xEE54, 0xEE54, 0xEE54, 0xEE54,
    0xEE54, 0xEE54, 0xEE54, 0xEE54, 0xEE75, 0xEE74, 0xEE54, 0xEE54,
    0xEE54, 0xEE54, 0xEE54, 0xE633, 0xE5F2, 0xE613, 0xE634, 0xE654,
    0xE654, 0xE654, 0xE654, 0xE675, 0xE654, 0xE696, 0xE675, 0xE675,
    0xEEB6, 0xEE96, 0xEEB6, 0xEEB6, 0xEEB6, 0xEED7, 0xEEB6, 0xE696,
    0xE695, 0xEEB7, 0xEED7, 0xEEB6, 0xEED7, 0xEEF8, 0xEEF8, 0xEEF8,
    0xEEF8, 0xEEF8, 0xF739, 0xEF1A, 0xF77B, 0x83CE, 0x2104, 0x0861,
    0x0000, 0x0000, 0x0000, 0x0000, 0x0000, 0x0000, 0x0000, 0x0000,
    0x0000, 0x0000, 0x0000, 0x0000, 0x0000, 0x0000, 0x0000, 0x0000,
    0x0000, 0x0000, 0x0000, 0x0000, 0x0000, 0x0000, 0x0000, 0x0000,
    0x0000, 0x0000, 0x0000, 0x0000, 0x0000, 0x0000, 0x0000, 0x0000,
    0x0000, 0x0000, 0x0000, 0x0000, 0x0000, 0x0000, 0x0000, 0x0000,
    0x0000, 0x0000, 0x0000, 0x0000, 0x0000, 0x0000, 0x0000, 0x0000,
    0x0000, 0x0000, 0x0000, 0x0000, 0x0000, 0x0000, 0x0000, 0x0000,
    0x0000, 0x0000, 0x0000, 0x0000, 0x0000, 0x0000, 0x0000, 0x0000,
    0x0000, 0x0000, 0x0000, 0x0000, 0x0000, 0x0000, 0x0000, 0x0000,
    0x0000, 0x0000, 0x0000, 0x0000, 0x0000, 0x0000, 0x0000, 0x0000,
    0x0000, 0x0000, 0x0000, 0x0000, 0x0000, 0x0000, 0x0000, 0x0000,
    0x0000, 0x0000, 0x0000, 0x0000, 0x0000, 0x0000, 0x0020, 0x0040,
    0x4A68, 0xEF1A, 0xF75B, 0xEEF9, 0xEEF9, 0xE6F9, 0xDE76, 0xD635,
    0xCDF4, 0xC592, 0xCDB3, 0xCDD4, 0xC5B3, 0xC5B3, 0xBD30, 0xC571,
    0xC572, 0xC571, 0xC571, 0xC592, 0xCD91, 0xCD71, 0xCDB2, 0xD614,
    0xD5D3, 0xD5B2, 0xD5B2, 0xCD91, 0xC570, 0xBCEF, 0xBCAD, 0xBCAD,
    0xC52F, 0xCD71, 0xCD91, 0xCD70, 0xCD50, 0xCD50, 0xCD30, 0xCD50,
    0xCD71, 0xCD51, 0xCD50, 0xD550, 0xD571, 0xCD71, 0xCD71, 0xCD91,
    0xD571, 0xD571, 0xD571, 0xD571, 0xD591, 0xD571, 0xD571, 0xD5B1,
    0xD5B1, 0xD5B1, 0xDDB1, 0xDDB2, 0xDD91, 0xDDB1, 0xDDB2, 0xDD91,
    0xDDB2, 0xDDD2, 0xDDB2, 0xDDD2, 0xDDB2, 0xDDD2, 0xDDD2, 0xE5F3,
    0xE5F2, 0xE5F2, 0xE5F2, 0xE612, 0xE612, 0xE5F2, 0xE5F3, 0xE613,
    0xE613, 0xEE13, 0xE613, 0xEE33, 0xE634, 0xE613, 0xEE34, 0xEE34,
    0xEE54, 0xEE34, 0xEE34, 0xEE74, 0xEE54, 0xEE54, 0xEE34, 0xEE54,
    0xEE54, 0xEE54, 0xEE33, 0xEE34, 0xEE54, 0xEE74, 0xEE33, 0xEE53,
    0xEE54, 0xEE34, 0xEE13, 0xE5F2, 0xE5F2, 0xE634, 0xE675, 0xE675,
    0xE675, 0xE675, 0xE675, 0xE675, 0xE675, 0xEEB6, 0xEE96, 0xE675,
    0xEE95, 0xEE75, 0xEE96, 0xEEB7, 0xEE96, 0xEEB7, 0xEEB6, 0xE6B7,
    0xE6B6, 0xEE96, 0xF6F7, 0xEEB7, 0xEED7, 0xEEF8, 0xEEF8, 0xEEF8,
    0xEF19, 0xEF19, 0xF739, 0xF73A, 0xFF7B, 0x9CB1, 0x18C3, 0x0040,
    0x0000, 0x0000, 0x0000, 0x0000, 0x0000, 0x0000, 0x0000, 0x0000,
    0x0000, 0x0000, 0x0000, 0x0000, 0x0000, 0x0000, 0x0000, 0x0000,
    0x0000, 0x0000, 0x0000, 0x0000, 0x0000, 0x0000, 0x0000, 0x0000,
    0x0000, 0x0000, 0x0000, 0x0000, 0x0000, 0x0000, 0x0000, 0x0000,
    0x0000, 0x0000, 0x0000, 0x0000, 0x0000, 0x0000, 0x0000, 0x0000,
    0x0000, 0x0000, 0x0000, 0x0000, 0x0000, 0x0000, 0x0000, 0x0000,
    0x0000, 0x0000, 0x0000, 0x0000, 0x0000, 0x0000, 0x0000, 0x0000,
    0x0000, 0x0000, 0x0000, 0x0000, 0x0000, 0x0000, 0x0000, 0x0000,
    0x0000, 0x0000, 0x0000, 0x0000, 0x0000, 0x0000, 0x0000, 0x0000,
    0x0000, 0x0000, 0x0000, 0x0000, 0x0000, 0x0000, 0x0000, 0x0000,
    0x0000, 0x0000, 0x0000, 0x0000, 0x0000, 0x0000, 0x0000, 0x0000,
    0x0000, 0x0000, 0x0000, 0x0000, 0x0000, 0x0000, 0x0000, 0x08A1,
    0x5AEA, 0xE6F9, 0xF75B, 0xE6F9, 0xEEF9, 0xE6F9, 0xDE76, 0xD635,
    0xCDF4, 0xC5B3, 0xCDB3, 0xCDB3, 0xC5D3, 0xC572, 0xBD30, 0xC571,
    0xC572, 0xBD51, 0xC571, 0xC5B3, 0xC591, 0xCDB3, 0xD5D2, 0xD614,
    0xD5F3, 0xD5F4, 0xD5F3, 0xCDB1, 0xC571, 0xCD51, 0xC4EE, 0xB46D,
    0xB4AD, 0xC52F, 0xCD50, 0xCD50, 0xCD50, 0xCD50, 0xCD30, 0xCD50,
    0xCD71, 0xCD51, 0xCD50, 0xCD50, 0xD571, 0xCD71, 0xD571, 0xD571,
    0xCD71, 0xD571, 0xD571, 0xD571, 0xD571, 0xD571, 0xD571, 0xD591,
    0xD591, 0xD591, 0xD5B1, 0xDDB2, 0xD591, 0xD5B1, 0xDDB2, 0xD591,
    0xDDB2, 0xDDD2, 0xDDB2, 0xDDD2, 0xDDB2, 0xDDD2, 0xDDD2, 0xE5D3,
    0xDDF2, 0xDDD2, 0xDDF2, 0xDDF2, 0xE5F2, 0xE5F2, 0xE5F3, 0xE613,
    0xE613, 0xE613, 0xE613, 0xE613, 0xE634, 0xE613, 0xE634, 0xE634,
    0xEE34, 0xEE34, 0xEE34, 0xEE54, 0xEE54, 0xEE34, 0xEE34, 0xEE34,
    0xEE34, 0xEE34, 0xEE33, 0xEE34, 0xEE33, 0xEE54, 0xEE33, 0xEE33,
    0xEE12, 0xE5D2, 0xE5B2, 0xE613, 0xE634, 0xE675, 0xE675, 0xE675,
    0xE695, 0xE675, 0xE675, 0xE695, 0xE696, 0xEEB6, 0xEEB6, 0xE675,
    0xEE95, 0xE675, 0xEE96, 0xEEB7, 0xE696, 0xE676, 0xE696, 0xE6B7,
    0xEED7, 0xE676, 0xEEB7, 0xEEB7, 0xEED7, 0xEEF8, 0xEEF8, 0xEEF8,
    0xEF19, 0xEF19, 0xF719, 0xF73A, 0xFF7B, 0xA512, 0x18E3, 0x0861,
    0x0000, 0x0000, 0x0000, 0x0000, 0x0000, 0x0000, 0x0000, 0x0000,
    0x0000, 0x0000, 0x0000, 0x0000, 0x0000, 0x0000, 0x0000, 0x0000,
    0x0000, 0x0000, 0x0000, 0x0000, 0x0000, 0x0000, 0x0000, 0x0000,
    0x0000, 0x0000, 0x0000, 0x0000, 0x0000, 0x0000, 0x0000, 0x0000,
    0x0000, 0x0000, 0x0000, 0x0000, 0x0000, 0x0000, 0x0000, 0x0000,
    0x0000, 0x0000, 0x0000, 0x0000, 0x0000, 0x0000, 0x0000, 0x0000,
    0x0000, 0x0000, 0x0000, 0x0000, 0x0000, 0x0000, 0x0000, 0x0000,
    0x0000, 0x0000, 0x0000, 0x0000, 0x0000, 0x0000, 0x0000, 0x0000,
    0x0000, 0x0000, 0x0000, 0x0000, 0x0000, 0x0000, 0x0000, 0x0000,
    0x0000, 0x0000, 0x0000, 0x0000, 0x0000, 0x0000, 0x0000, 0x0000,
    0x0000, 0x0000, 0x0000, 0x0000, 0x0000, 0x0000, 0x0000, 0x0000,
    0x0000, 0x0000, 0x0000, 0x0000, 0x0000, 0x0000, 0x0861, 0x18C3,
    0x4A68, 0xD698, 0xF75B, 0xE6F9, 0xE6D9, 0xE6B8, 0xDE56, 0xD615,
    0xCDD4, 0xCDF4, 0xC592, 0xC5B3, 0xC5B3, 0xC551, 0xBD30, 0xC571,
    0xC592, 0xBD51, 0xC571, 0xCDB3, 0xC592, 0xCDB3, 0xD5F3, 0xD5F3,
    0xD614, 0xD614, 0xD5F3, 0xCDD2, 0xCD92, 0xCD71, 0xC52F, 0xB4AE,
    0xB46C, 0xBCCD, 0xC50F, 0xC4EF, 0xCD2F, 0xC530, 0xCD30, 0xCD30,
    0xCD50, 0xCD50, 0xCD71, 0xCD71, 0xCD71, 0xCD71, 0xD571, 0xD571,
    0xCD71, 0xD571, 0xD571, 0xD571, 0xD571, 0xD571, 0xD571, 0xD571,
    0xD571, 0xD571, 0xD591, 0xD591, 0xD5B2, 0xD5B1, 0xD591, 0xD5B1,
    0xD5B1, 0xDDD2, 0xDDB2, 0xDDD2, 0xDDB2, 0xDDD2, 0xDDD2, 0xDDB2,
    0xDDD2, 0xDDF3, 0xDDF2, 0xDDD2, 0xDDD2, 0xE5F3, 0xE5F3, 0xE613,
    0xE613, 0xE613, 0xE613, 0xE5F3, 0xE613, 0xE613, 0xE613, 0xE613,
    0xE613, 0xEE34, 0xE634, 0xE634, 0xE613, 0xE613, 0xE633, 0xE613,
    0xE613, 0xE613, 0xE613, 0xE633, 0xE613, 0xE613, 0xE633, 0xE5F2,
    0xE5D2, 0xDDD1, 0xDDF2, 0xE674, 0xE675, 0xE675, 0xE675, 0xE675,
    0xE674, 0xE675, 0xE675, 0xE695, 0xE696, 0xEEB6, 0xEEB6, 0xE696,
    0xEEB6, 0xE675, 0xE675, 0xEEB7, 0xE696, 0xE675, 0xE696, 0xE696,
    0xEED7, 0xE6B7, 0xE696, 0xEEB7, 0xE6B6, 0xEED7, 0xEED7, 0xEEF8,
    0xEEF8, 0xEEF9, 0xF719, 0xEF19, 0xFF9B, 0xA4F2, 0x2965, 0x0861,
    0x0000, 0x0000, 0x0000, 0x0000, 0x0000, 0x0000, 0x0000, 0x0000,
    0x0000, 0x0000, 0x0000, 0x0000, 0x0000, 0x0000, 0x0000, 0x0000,
    0x0000, 0x0000, 0x0000, 0x0000, 0x0000, 0x0000, 0x0000, 0x0000,
    0x0000, 0x0000, 0x0000, 0x0000, 0x0000, 0x0000, 0x0000, 0x0000,
    0x0000, 0x0000, 0x0000, 0x0000, 0x0000, 0x0000, 0x0000, 0x0000,
    0x0000, 0x0000, 0x0000, 0x0000, 0x0000, 0x0000, 0x0000, 0x0000,
    0x0000, 0x0000, 0x0000, 0x0000, 0x0000, 0x0000, 0x0000, 0x0000,
    0x0000, 0x0000, 0x0000, 0x0000, 0x0000, 0x0000, 0x0000, 0x0000,
    0x0000, 0x0000, 0x0000, 0x0000, 0x0000, 0x0000, 0x0000, 0x0000,
    0x0000, 0x0000, 0x0000, 0x0000, 0x0000, 0x0000, 0x0000, 0x0000,
    0x0000, 0x0000, 0x0000, 0x0000, 0x0000, 0x0000, 0x0000, 0x0000,
    0x0000, 0x0000, 0x0000, 0x0000, 0x0000, 0x0820, 0x1082, 0x1082,
    0x4207, 0xD678, 0xF77B, 0xEF19, 0xE6B8, 0xDE97, 0xD635, 0xD615,
    0xD615, 0xCDF4, 0xC592, 0xCDD3, 0xC572, 0xC571, 0xBD30, 0xC571,
    0xCDD3, 0xC572, 0xBD51, 0xC571, 0xC571, 0xCDF4, 0xCDD3, 0xD614,
    0xD5F4, 0xD5F3, 0xD5F3, 0xCDD3, 0xCDB2, 0xCDB2, 0xCD91, 0xC550,
    0xC4EE, 0xC4EF, 0xC4EF, 0xBCAD, 0xC4CE, 0xC50F, 0xC50F, 0xC50F,
    0xCD30, 0xCD30, 0xCD50, 0xCD71, 0xCD71, 0xCD50, 0xCD50, 0xCD50,
    0xCD71, 0xD571, 0xCD71, 0xCD50, 0xCD70, 0xCD50, 0xCD50, 0xCD50,
    0xCD50, 0xD570, 0xD571, 0xD591, 0xD591, 0xD5B1, 0xD591, 0xD591,
    0xD591, 0xD591, 0xDDB2, 0xDDB2, 0xDDB2, 0xDDB2, 0xDDB2, 0xDDD2,
    0xDDD2, 0xDDB2, 0xDDD2, 0xDDD2, 0xDDB2, 0xE5F2, 0xDDF2, 0xE5F3,
    0xE5F3, 0xE5F3, 0xE613, 0xE613, 0xE5F2, 0xE613, 0xE613, 0xE613,
    0xE5F3, 0xE613, 0xE613, 0xE5F2, 0xE5F2, 0xE613, 0xE5F2, 0xE613,
    0xE613, 0xE613, 0xE5F2, 0xE612, 0xDDD1, 0xDDB1, 0xDDB1, 0xDDB1,
    0xE634, 0xE655, 0xEE95, 0xEE95, 0xE675, 0xE655, 0xE695, 0xE675,
    0xE654, 0xE675, 0xE675, 0xE675, 0xEE96, 0xEEB6, 0xEED7, 0xEEB6,
    0xE675, 0xEEB7, 0xE675, 0xE696, 0xE6B7, 0xE675, 0xE675, 0xE696,
    0xEEB7, 0xEED7, 0xEEB7, 0xE6B6, 0xE6B6, 0xEED7, 0xEEB6, 0xEEF8,
    0xEEF8, 0xF719, 0xEF19, 0xEF19, 0xFF9B, 0xC5F6, 0x2924, 0x0000,
    0x0000, 0x0000, 0x0000, 0x0000, 0x0000, 0x0000, 0x0000, 0x0000,
    0x0000, 0x0000, 0x0000, 0x0000, 0x0000, 0x0000, 0x0000, 0x0000,
    0x0000, 0x0000, 0x0000, 0x0000, 0x0000, 0x0000, 0x0000, 0x0000,
    0x0000, 0x0000, 0x0000, 0x0000, 0x0000, 0x0000, 0x0000, 0x0000,
    0x0000, 0x0000, 0x0000, 0x0000, 0x0000, 0x0000, 0x0000, 0x0000,
    0x0000, 0x0000, 0x0000, 0x0000, 0x0000, 0x0000, 0x0000, 0x0000,
    0x0000, 0x0000, 0x0000, 0x0000, 0x0000, 0x0000, 0x0000, 0x0000,
    0x0000, 0x0000, 0x0000, 0x0000, 0x0000, 0x0000, 0x0000, 0x0000,
    0x0000, 0x0000, 0x0000, 0x0000, 0x0000, 0x0000, 0x0000, 0x0000,
    0x0000, 0x0000, 0x0000, 0x0000, 0x0000, 0x0000, 0x0000, 0x0000,
    0x0000, 0x0000, 0x0000, 0x0000, 0x0000, 0x0000, 0x0000, 0x0000,
    0x0000, 0x0000, 0x0000, 0x0000, 0x0000, 0x0000, 0x0020, 0x18C3,
    0x4A48, 0xD678, 0xF77B, 0xEF19, 0xE6D8, 0xDE97, 0xD615, 0xD636,
    0xD635, 0xCDD3, 0xC592, 0xCDD3, 0xCD93, 0xC592, 0xBD30, 0xC571,
    0xCDB3, 0xC552, 0xBD30, 0xBD30, 0xC592, 0xCDB3, 0xCDB2, 0xD614,
    0xD5D3, 0xD5F3, 0xD5F3, 0xCDB2, 0xCDB2, 0xCDB2, 0xCD91, 0xCD91,
    0xCD50, 0xCD50, 0xD571, 0xC4CE, 0xBC8D, 0xC4AD, 0xC4EE, 0xC50E,
    0xCD30, 0xCD2F, 0xCD30, 0xCD70, 0xCD70, 0xCD50, 0xCD30, 0xCD30,
    0xCD70, 0xD570, 0xCD70, 0xCD50, 0xCD50, 0xCD50, 0xCD30, 0xCD50,
    0xCD50, 0xD550, 0xD570, 0xD591, 0xD571, 0xD5B1, 0xD591, 0xD591,
    0xD591, 0xD591, 0xDDB1, 0xDDB1, 0xDDB1, 0xDD91, 0xDD91, 0xDDB1,
    0xDDB1, 0xDD91, 0xDDD1, 0xDDD2, 0xDDB1, 0xE5D2, 0xDDF2, 0xE5F2,
    0xE5F3, 0xE5F2, 0xE5F2, 0xE5F2, 0xE5D2, 0xE5D2, 0xE5F3, 0xE612,
    0xE5F3, 0xE613, 0xE613, 0xEDF2, 0xEDF2, 0xEDF3, 0xE5F1, 0xE5F2,
    0xE5F2, 0xE5D1, 0xE5B1, 0xDD90, 0xDDB0, 0xE5D1, 0xE5D2, 0xE5F2,
    0xE654, 0xE696, 0xEE95, 0xEE95, 0xEE96, 0xEE96, 0xE675, 0xE655,
    0xE654, 0xE675, 0xEE96, 0xE696, 0xEEB6, 0xEE96, 0xEED7, 0xF6B7,
    0xE675, 0xEE96, 0xE696, 0xE675, 0xEEB7, 0xE675, 0xE675, 0xEEB7,
    0xEEB7, 0xEED7, 0xEED7, 0xEEB7, 0xEEB7, 0xEED7, 0xEEB7, 0xEEF8,
    0xEEF8, 0xF6F8, 0xEEF8, 0xEF19, 0xFF7B, 0xCE57, 0x3185, 0x0020,
    0x0000, 0x0000, 0x0000, 0x0000, 0x0000, 0x0000, 0x0000, 0x0000,
    0x0000, 0x0000, 0x0000, 0x0000, 0x0000, 0x0000, 0x0000, 0x0000,
    0x0000, 0x0000, 0x0000, 0x0000, 0x0000, 0x0000, 0x0000, 0x0000,
    0x0000, 0x0000, 0x0000, 0x0000, 0x0000, 0x0000, 0x0000, 0x0000,
    0x0000, 0x0000, 0x0000, 0x0000, 0x0000, 0x0000, 0x0000, 0x0000,
    0x0000, 0x0000, 0x0000, 0x0000, 0x0000, 0x0000, 0x0000, 0x0000,
    0x0000, 0x0000, 0x0000, 0x0000, 0x0000, 0x0000, 0x0000, 0x0000,
    0x0000, 0x0000, 0x0000, 0x0000, 0x0000, 0x0000, 0x0000, 0x0000,
    0x0000, 0x0000, 0x0000, 0x0000, 0x0000, 0x0000, 0x0000, 0x0000,
    0x0000, 0x0000, 0x0000, 0x0000, 0x0000, 0x0000, 0x0000, 0x0000,
    0x0000, 0x0000, 0x0000, 0x0000, 0x0000, 0x0000, 0x0000, 0x0000,
    0x0000, 0x0000, 0x0000, 0x0000, 0x0000, 0x0000, 0x0000, 0x18E3,
    0x4228, 0xD698, 0xF77B, 0xEF19, 0xE6F9, 0xDE77, 0xD615, 0xD676,
    0xD635, 0xCDB3, 0xCDB3, 0xCDB3, 0xCDB3, 0xC592, 0xBD10, 0xBD51,
    0xC572, 0xBD10, 0xBD30, 0xBD51, 0xC5D3, 0xCD71, 0xCDD2, 0xD5F4,
    0xCDD3, 0xD5F3, 0xD5F3, 0xD5B2, 0xCDB2, 0xCD92, 0xCD91, 0xD5B1,
    0xCD91, 0xCD90, 0xD5D2, 0xCD50, 0xB4CE, 0xBC8D, 0xB4AE, 0xBCAD,
    0xBCCE, 0xC50E, 0xCD0F, 0xCD2F, 0xCD50, 0xCD50, 0xCD30, 0xCD30,
    0xCD30, 0xCD50, 0xCD50, 0xCD50, 0xCD10, 0xCD50, 0xCD30, 0xCD50,
    0xCD50, 0xCD50, 0xCD70, 0xD591, 0xD571, 0xD591, 0xD591, 0xD591,
    0xD591, 0xD591, 0xD590, 0xD570, 0xD590, 0xD590, 0xD591, 0xD590,
    0xDD90, 0xDD90, 0xDD90, 0xDDD2, 0xDDB1, 0xDDB2, 0xDDD2, 0xDDB2,
    0xDDB2, 0xDDD2, 0xDDD2, 0xDDD2, 0xDDD2, 0xDDB1, 0xDDB1, 0xE5D2,
    0xE5D1, 0xE5D2, 0xE5D1, 0xE5D1, 0xDD91, 0xDDB0, 0xDDB0, 0xDDB0,
    0xDD90, 0xDDD1, 0xE5D2, 0xDDB1, 0xE5F2, 0xE633, 0xE634, 0xE634,
    0xE654, 0xE675, 0xE655, 0xE695, 0xEE96, 0xEE95, 0xEE76, 0xEE75,
    0xE654, 0xE675, 0xEE96, 0xE696, 0xEEB6, 0xEE97, 0xEEB6, 0xEEB7,
    0xE696, 0xE675, 0xE696, 0xE675, 0xEEB7, 0xE675, 0xE675, 0xEEB7,
    0xE6B7, 0xE6B7, 0xE697, 0xF6B7, 0xF6B7, 0xEED7, 0xEED7, 0xEEF8,
    0xEEF8, 0xEEF9, 0xEEF8, 0xEF19, 0xFF9B, 0xCE16, 0x3185, 0x10A2,
    0x0020, 0x0000, 0x0000, 0x0000, 0x0000, 0x0000, 0x0000, 0x0000,
    0x0000, 0x0000, 0x0000, 0x0000, 0x0000, 0x0000, 0x0000, 0x0000,
    0x0000, 0x0000, 0x0000, 0x0000, 0x0000, 0x0000, 0x0000, 0x0000,
    0x0000, 0x0000, 0x0000, 0x0000, 0x0000, 0x0000, 0x0000, 0x0000,
    0x0000, 0x0000, 0x0000, 0x0000, 0x0000, 0x0000, 0x0000, 0x0000,
    0x0000, 0x0000, 0x0000, 0x0000, 0x0000, 0x0000, 0x0000, 0x0000,
    0x0000, 0x0000, 0x0000, 0x0000, 0x0000, 0x0000, 0x0000, 0x0000,
    0x0000, 0x0000, 0x0000, 0x0000, 0x0000, 0x0000, 0x0000, 0x0000,
    0x0000, 0x0000, 0x0000, 0x0000, 0x0000, 0x0000, 0x0000, 0x0000,
    0x0000, 0x0000, 0x0000, 0x0000, 0x0000, 0x0000, 0x0000, 0x0000,
    0x0000, 0x0000, 0x0000, 0x0000, 0x0000, 0x0000, 0x0000, 0x0000,
    0x0000, 0x0000, 0x0000, 0x0000, 0x0000, 0x0000, 0x0841, 0x0881,
    0x39E7, 0xE6D9, 0xF75B, 0xEF19, 0xE6F9, 0xDE56, 0xD615, 0xD656,
    0xD615, 0xCDD3, 0xCDD3, 0xCDB3, 0xC593, 0xC592, 0xBD10, 0xBD51,
    0xBD51, 0xBD10, 0xBD30, 0xC572, 0xC5B3, 0xC571, 0xCDD3, 0xCDB3,
    0xCDB2, 0xCDB2, 0xCDD3, 0xD5D3, 0xCDD2, 0xCD92, 0xCDB2, 0xD5D2,
    0xCDB2, 0xCD91, 0xCDD2, 0xCDB2, 0xCD91, 0xBD31, 0xB4AE, 0xB48D,
    0xB48D, 0xBCEE, 0xBCAE, 0xC4CE, 0xC4EF, 0xC4EF, 0xC4EF, 0xC4EF,
    0xCD0F, 0xCD2F, 0xCD2F, 0xCD30, 0xCD30, 0xCD50, 0xCD2F, 0xCD50,
    0xCD50, 0xCD50, 0xCD50, 0xD570, 0xCD50, 0xD570, 0xD591, 0xD591,
    0xD571, 0xD571, 0xD570, 0xD550, 0xD570, 0xD570, 0xD591, 0xD570,
    0xD570, 0xD570, 0xD570, 0xD591, 0xDD91, 0xDD91, 0xDDB1, 0xD591,
    0xDD91, 0xDD91, 0xDD91, 0xDDB1, 0xDD91, 0xDD70, 0xD570, 0xDD70,
    0xDD70, 0xDD70, 0xDD90, 0xD570, 0xD54F, 0xD56F, 0xD590, 0xDDB1,
    0xD5B1, 0xDE13, 0xE634, 0xE654, 0xE674, 0xE654, 0xE654, 0xE654,
    0xE654, 0xE654, 0xE654, 0xE675, 0xE675, 0xE654, 0xEE96, 0xEEB6,
    0xE675, 0xE654, 0xE675, 0xE675, 0xEEB6, 0xEEB7, 0xE696, 0xE696,
    0xE696, 0xE696, 0xE696, 0xE696, 0xE696, 0xE676, 0xE675, 0xE675,
    0xE696, 0xE6B7, 0xE676, 0xEEB7, 0xEEB7, 0xEED7, 0xEED7, 0xEED8,
    0xEEF8, 0xEF19, 0xEF19, 0xEF19, 0xFF9B, 0xD636, 0x3165, 0x2104,
    0x0861, 0x0000, 0x0000, 0x0000, 0x0000, 0x0000, 0x0000, 0x0000,
    0x0000, 0x0000, 0x0000, 0x0000, 0x0000, 0x0000, 0x0000, 0x0000,
    0x0000, 0x0000, 0x0000, 0x0000, 0x0000, 0x0000, 0x0000, 0x0000,
    0x0000, 0x0000, 0x0000, 0x0000, 0x0000, 0x0000, 0x0000, 0x0000,
    0x0000, 0x0000, 0x0000, 0x0000, 0x0000, 0x0000, 0x0000, 0x0000,
    0x0000, 0x0000, 0x0000, 0x0000, 0x0000, 0x0000, 0x0000, 0x0000,
    0x0000, 0x0000, 0x0000, 0x0000, 0x0000, 0x0000, 0x0000, 0x0000,
    0x0000, 0x0000, 0x0000, 0x0000, 0x0000, 0x0000, 0x0000, 0x0000,
    0x0000, 0x0000, 0x0000, 0x0000, 0x0000, 0x0000, 0x0000, 0x0000,
    0x0000, 0x0000, 0x0000, 0x0000, 0x0000, 0x0000, 0x0000, 0x0000,
    0x0000, 0x0000, 0x0000, 0x0000, 0x0000, 0x0000, 0x0000, 0x0000,
    0x0000, 0x0000, 0x0000, 0x0000, 0x0000, 0x0000, 0x1082, 0x1081,
    0x4A48, 0xEF1A, 0xF75B, 0xEF3A, 0xE6D9, 0xDE56, 0xD656, 0xD615,
    0xCDF4, 0xCDD4, 0xCDB2, 0xC592, 0xC592, 0xC572, 0xBD51, 0xBD72,
    0xB510, 0xBD30, 0xB50F, 0xC572, 0xC572, 0xC571, 0xC571, 0xC551,
    0xC571, 0xCD92, 0xCDB2, 0xCDD3, 0xD5D3, 0xD5F3, 0xD5F3, 0xD5D2,
    0xD5D2, 0xCD91, 0xCDB2, 0xD5D3, 0xD5D3, 0xD5D3, 0xCD71, 0xC50F,
    0xBCEE, 0xC510, 0xB48D, 0xB46C, 0xB46C, 0xB46C, 0xB46C, 0xBC8C,
    0xBCCD, 0xC4CE, 0xC4EE, 0xCD2F, 0xCD70, 0xCD70, 0xCD2F, 0xCD2F,
    0xCD2F, 0xCD50, 0xCD50, 0xCD50, 0xCD50, 0xCD50, 0xCD70, 0xCD70,
    0xD570, 0xD570, 0xD570, 0xCD50, 0xCD70, 0xD550, 0xCD70, 0xCD2F,
    0xD570, 0xD570, 0xD570, 0xCD70, 0xDD70, 0xD570, 0xD590, 0xCD6F,
    0xD550, 0xCD2F, 0xCD0E, 0xCD0E, 0xCCEE, 0xCCEE, 0xCD2F, 0xCD0E,
    0xCD2F, 0xCD2F, 0xD590, 0xD5B1, 0xDD90, 0xDDD3, 0xE633, 0xE634,
    0xE654, 0xE634, 0xE634, 0xE654, 0xE654, 0xE654, 0xE634, 0xE675,
    0xEE96, 0xE675, 0xE675, 0xE675, 0xE675, 0xE675, 0xE675, 0xE696,
    0xE696, 0xE675, 0xE675, 0xE675, 0xE675, 0xE695, 0xE696, 0xE696,
    0xE675, 0xE675, 0xE675, 0xE696, 0xEEB7, 0xE676, 0xE696, 0xE655,
    0xE696, 0xE6B7, 0xE696, 0xE696, 0xE6B7, 0xEED7, 0xEED8, 0xEEF8,
    0xEEF8, 0xEEF8, 0xF719, 0xF719, 0xF75A, 0xEF1A, 0x4A68, 0x10A2,
    0x0861, 0x0000, 0x0000, 0x0000, 0x0000, 0x0000, 0x0000, 0x0000,
    0x0000, 0x0000, 0x0000, 0x0000, 0x0000, 0x0000, 0x0000, 0x0000,
    0x0000, 0x0000, 0x0000, 0x0000, 0x0000, 0x0000, 0x0000, 0x0000,
    0x0000, 0x0000, 0x0000, 0x0000, 0x0000, 0x0000, 0x0000, 0x0000,
    0x0000, 0x0000, 0x0000, 0x0000, 0x0000, 0x0000, 0x0000, 0x0000,
    0x0000, 0x0000, 0x0000, 0x0000, 0x0000, 0x0000, 0x0000, 0x0000,
    0x0000, 0x0000, 0x0000, 0x0000, 0x0000, 0x0000, 0x0000, 0x0000,
    0x0000, 0x0000, 0x0000, 0x0000, 0x0000, 0x0000, 0x0000, 0x0000,
    0x0000, 0x0000, 0x0000, 0x0000, 0x0000, 0x0000, 0x0000, 0x0000,
    0x0000, 0x0000, 0x0000, 0x0000, 0x0000, 0x0000, 0x0000, 0x0000,
    0x0000, 0x0000, 0x0000, 0x0000, 0x0000, 0x0000, 0x0000, 0x0000,
    0x0000, 0x0000, 0x0000, 0x0000, 0x0000, 0x0000, 0x0020, 0x0881,
    0x5A8A, 0xEF1A, 0xF77C, 0xEF3A, 0xE6B9, 0xDE97, 0xDE56, 0xCDF4,
    0xCDF4, 0xCDD4, 0xC592, 0xC591, 0xCDB3, 0xBD51, 0xBD51, 0xBD31,
    0xB4F0, 0xBD31, 0xB510, 0xC551, 0xC531, 0xC571, 0xBD50, 0xBD30,
    0xC551, 0xCDB3, 0xCDB2, 0xCDB3, 0xD5B2, 0xD613, 0xD5F2, 0xD5D3,
    0xD5B1, 0xCD91, 0xD5D3, 0xD5F3, 0xD5D2, 0xD5D3, 0xCDB2, 0xD5B2,
    0xCD91, 0xCD71, 0xBD0F, 0xBCAD, 0xB4AD, 0xBCAD, 0xAC4B, 0xBC6C,
    0xC4CD, 0xB46C, 0xB46C, 0xBC8C, 0xBCAD, 0xC4EE, 0xC4EE, 0xC4CD,
    0xC4CD, 0xCCEF, 0xCCEF, 0xCD0F, 0xCD0F, 0xCD30, 0xCD0E, 0xCCEE,
    0xCD0E, 0xCD0E, 0xCD0F, 0xCCEE, 0xCCEE, 0xCD0E, 0xCCCE, 0xC4CC,
    0xC4AD, 0xCCEE, 0xCCEE, 0xC50E, 0xC4ED, 0xC4EE, 0xCD2F, 0xCD0E,
    0xCD2F, 0xCD2E, 0xCCEE, 0xCD2F, 0xD52F, 0xCD50, 0xD591, 0xD570,
    0xD591, 0xD5B2, 0xDE33, 0xE614, 0xE633, 0xE654, 0xEE54, 0xE675,
    0xE675, 0xE654, 0xE654, 0xE634, 0xE634, 0xE655, 0xE655, 0xE675,
    0xEE96, 0xEE96, 0xE675, 0xE675, 0xE675, 0xE654, 0xE696, 0xE675,
    0xE695, 0xE696, 0xE696, 0xE675, 0xE696, 0xE675, 0xE676, 0xE696,
    0xE675, 0xE675, 0xE655, 0xE696, 0xF6B7, 0xE696, 0xE676, 0xE676,
    0xE676, 0xE6B7, 0xE6B7, 0xE6B7, 0xEEB7, 0xEED7, 0xEEF8, 0xEEF8,
    0xEEF8, 0xEEF8, 0xF6F8, 0xF719, 0xF73A, 0xF75A, 0x62EA, 0x0881,
    0x0861, 0x0000, 0x0000, 0x0000, 0x0000, 0x0000, 0x0000, 0x0000,
    0x0000, 0x0000, 0x0000, 0x0000, 0x0000, 0x0000, 0x0000, 0x0000,
    0x0000, 0x0000, 0x0000, 0x0000, 0x0000, 0x0000, 0x0000, 0x0000,
    0x0000, 0x0000, 0x0000, 0x0000, 0x0000, 0x0000, 0x0000, 0x0000,
    0x0000, 0x0000, 0x0000, 0x0000, 0x0000, 0x0000, 0x0000, 0x0000,
    0x0000, 0x0000, 0x0000, 0x0000, 0x0000, 0x0000, 0x0000, 0x0000,
    0x0000, 0x0000, 0x0000, 0x0000, 0x0000, 0x0000, 0x0000, 0x0000,
    0x0000, 0x0000, 0x0000, 0x0000, 0x0000, 0x0000, 0x0000, 0x0000,
    0x0000, 0x0000, 0x0000, 0x0000, 0x0000, 0x0000, 0x0000, 0x0000,
    0x0000, 0x0000, 0x0000, 0x0000, 0x0000, 0x0000, 0x0000, 0x0000,
    0x0000, 0x0000, 0x0000, 0x0000, 0x0000, 0x0000, 0x0000, 0x0000,
    0x0000, 0x0000, 0x0000, 0x0000, 0x0000, 0x0000, 0x0000, 0x10A2,
    0x5AAA, 0xE6FA, 0xF77D, 0xEF1A, 0xE6B8, 0xDE97, 0xDE56, 0xCE14,
    0xD5F4, 0xCDD4, 0xC592, 0xC571, 0xCDB3, 0xBD51, 0xBD51, 0xBD10,
    0xBD10, 0xBD51, 0xB510, 0xBD10, 0xBD30, 0xC551, 0xBD50, 0xC530,
    0xC571, 0xCDB3, 0xCD92, 0xCD71, 0xCDB2, 0xD5D3, 0xD5D2, 0xD5D3,
    0xCD91, 0xD5D3, 0xD5F3, 0xD5F3, 0xD5B2, 0xD5D2, 0xCDB2, 0xD5D3,
    0xD5D2, 0xD5B1, 0xCDB2, 0xCD50, 0xC550, 0xCD70, 0xC50E, 0xC50F,
    0xCD2F, 0xBCCD, 0xBCAD, 0xB48D, 0xB48C, 0xC4EF, 0xBCCE, 0xBCAD,
    0xBCAD, 0xC4AD, 0xBCAD, 0xBCCD, 0xBC8D, 0xC4CE, 0xBC8C, 0xBCAC,
    0xBC8C, 0xC4AC, 0xC4EE, 0xC4AD, 0xC48C, 0xBCAC, 0xC4AD, 0xC4CD,
    0xBC6C, 0xC4ED, 0xC4EF, 0xCD2F, 0xC4EE, 0xCD70, 0xD571, 0xD591,
    0xD570, 0xD5B0, 0xD571, 0xDDB1, 0xDDB1, 0xDDF2, 0xE634, 0xE614,
    0xE633, 0xE633, 0xEE75, 0xEE76, 0xE674, 0xE654, 0xE654, 0xE675,
    0xEE96, 0xE654, 0xE674, 0xE655, 0xE654, 0xE655, 0xE675, 0xEE95,
    0xE655, 0xEE96, 0xEE95, 0xE675, 0xE675, 0xE654, 0xE696, 0xE675,
    0xE695, 0xE696, 0xE696, 0xE675, 0xE696, 0xE676, 0xE655, 0xE696,
    0xE675, 0xE675, 0xE655, 0xE675, 0xEEB7, 0xE6B6, 0xE676, 0xE6B7,
    0xE676, 0xE695, 0xE6B7, 0xE6B7, 0xEEB7, 0xEED7, 0xEEF8, 0xEED8,
    0xEEF8, 0xEF18, 0xF6F9, 0xEF19, 0xF73A, 0xFF7A, 0x738D, 0x0881,
    0x0040, 0x0000, 0x0000, 0x0000, 0x0000, 0x0000, 0x0000, 0x0000,
    0x0000, 0x0000, 0x0000, 0x0000, 0x0000, 0x0000, 0x0000, 0x0000,
    0x0000, 0x0000, 0x0000, 0x0000, 0x0000, 0x0000, 0x0000, 0x0000,
    0x0000, 0x0000, 0x0000, 0x0000, 0x0000, 0x0000, 0x0000, 0x0000,
    0x0000, 0x0000, 0x0000, 0x0000, 0x0000, 0x0000, 0x0000, 0x0000,
    0x0000, 0x0000, 0x0000, 0x0000, 0x0000, 0x0000, 0x0000, 0x0000,
    0x0000, 0x0000, 0x0000, 0x0000, 0x0000, 0x0000, 0x0000, 0x0000,
    0x0000, 0x0000, 0x0000, 0x0000, 0x0000, 0x0000, 0x0000, 0x0000,
    0x0000, 0x0000, 0x0000, 0x0000, 0x0000, 0x0000, 0x0000, 0x0000,
    0x0000, 0x0000, 0x0000, 0x0000, 0x0000, 0x0000, 0x0000, 0x0000,
    0x0000, 0x0000, 0x0000, 0x0000, 0x0000, 0x0000, 0x0000, 0x0000,
    0x0000, 0x0000, 0x0000, 0x0000, 0x0000, 0x0000, 0x0840, 0x18C3,
    0x5ACA, 0xE71A, 0xF77C, 0xEF1A, 0xE6B8, 0xDE77, 0xD656, 0xD635,
    0xD5F4, 0xCDD4, 0xCDB2, 0xC551, 0xC593, 0xC572, 0xBD51, 0xB510,
    0xBD30, 0xBD51, 0xB510, 0xBD10, 0xBD30, 0xBD31, 0xBD51, 0xC551,
    0xC571, 0xCDB3, 0xC571, 0xC571, 0xCDB2, 0xCDB2, 0xCDB2, 0xCDB2,
    0xCDB2, 0xD5F3, 0xD5F3, 0xD5D2, 0xD5D3, 0xD5F3, 0xD5B2, 0xD5B2,
    0xD5D2, 0xD5D2, 0xCDD2, 0xCD91, 0xCDB1, 0xD5F2, 0xD5F3, 0xCDD2,
    0xCDB1, 0xD5B2, 0xD591, 0xCD70, 0xCD71, 0xCD91, 0xC54F, 0xCD51,
    0xCD30, 0xC50F, 0xBD0E, 0xBCCD, 0xBCCD, 0xBCAD, 0xBCAC, 0xBCED,
    0xBCAC, 0xC50E, 0xCD4F, 0xC530, 0xC4EF, 0xBCEE, 0xC550, 0xCD71,
    0xD550, 0xCD91, 0xDDD3, 0xDDF3, 0xDDB2, 0xE655, 0xE634, 0xE655,
    0xE613, 0xE633, 0xE633, 0xE633, 0xDE13, 0xE633, 0xE675, 0xE655,
    0xE654, 0xDE13, 0xE634, 0xE675, 0xE654, 0xE654, 0xE654, 0xE675,
    0xEE96, 0xE675, 0xE675, 0xE696, 0xE675, 0xE634, 0xE675, 0xEEB6,
    0xE655, 0xE675, 0xEEB6, 0xE676, 0xE696, 0xE675, 0xE675, 0xE696,
    0xE696, 0xE675, 0xE696, 0xE675, 0xE696, 0xE696, 0xDE54, 0xE675,
    0xE675, 0xE675, 0xE655, 0xDE54, 0xE696, 0xE6B7, 0xE696, 0xE6B7,
    0xE696, 0xE675, 0xE696, 0xE696, 0xEEB7, 0xEED7, 0xEED8, 0xEED8,
    0xEEF8, 0xEF18, 0xF719, 0xF719, 0xF73A, 0xFF9B, 0x8C70, 0x10A2,
    0x0000, 0x0000, 0x0000, 0x0000, 0x0000, 0x0000, 0x0000, 0x0000,
    0x0000, 0x0000, 0x0000, 0x0000, 0x0000, 0x0000, 0x0000, 0x0000,
    0x0000, 0x0000, 0x0000, 0x0000, 0x0000, 0x0000, 0x0000, 0x0000,
    0x0000, 0x0000, 0x0000, 0x0000, 0x0000, 0x0000, 0x0000, 0x0000,
    0x0000, 0x0000, 0x0000, 0x0000, 0x0000, 0x0000, 0x0000, 0x0000,
    0x0000, 0x0000, 0x0000, 0x0000, 0x0000, 0x0000, 0x0000, 0x0000,
    0x0000, 0x0000, 0x0000, 0x0000, 0x0000, 0x0000, 0x0000, 0x0000,
    0x0000, 0x0000, 0x0000, 0x0000, 0x0000, 0x0000, 0x0000, 0x0000,
    0x0000, 0x0000, 0x0000, 0x0000, 0x0000, 0x0000, 0x0000, 0x0000,
    0x0000, 0x0000, 0x0000, 0x0000, 0x0000, 0x0000, 0x0000, 0x0000,
    0x0000, 0x0000, 0x0000, 0x0000, 0x0000, 0x0000, 0x0000, 0x0000,
    0x0000, 0x0000, 0x0000, 0x0000, 0x0000, 0x0000, 0x0000, 0x18A2,
    0x630B, 0xEF3B, 0xF77B, 0xEF1A, 0xE6F9, 0xDE76, 0xD656, 0xD635,
    0xCDD3, 0xCDD3, 0xCD92, 0xC551, 0xCDB3, 0xC592, 0xC572, 0xB4EF,
    0xB4F0, 0xBD10, 0xBD31, 0xBD10, 0xBD10, 0xBD51, 0xBD10, 0xBD50,
    0xBD51, 0xC571, 0xC571, 0xC592, 0xC591, 0xCD91, 0xCDB2, 0xCD92,
    0xCDD3, 0xCD91, 0xD5F3, 0xD5D3, 0xD5F3, 0xD5D3, 0xD5B2, 0xCDB2,
    0xD5D3, 0xD614, 0xDE14, 0xCDB2, 0xD5D3, 0xDE14, 0xD614, 0xD5F3,
    0xD5D2, 0xD5F3, 0xD5D2, 0xD5D2, 0xD5F3, 0xD5F3, 0xD5F4, 0xDE14,
    0xDE14, 0xD5F3, 0xD5B2, 0xD570, 0xD5B1, 0xD591, 0xD590, 0xD5B2,
    0xD5B1, 0xD5D2, 0xD5D2, 0xD5F3, 0xDDF3, 0xD5D2, 0xDE14, 0xDE34,
    0xDE34, 0xDE34, 0xE675, 0xE654, 0xDE34, 0xDE54, 0xE654, 0xE655,
    0xE654, 0xE634, 0xE654, 0xE654, 0xE654, 0xE654, 0xE675, 0xEE96,
    0xE696, 0xE675, 0xE675, 0xE654, 0xE675, 0xE675, 0xE695, 0xE675,
    0xE654, 0xEEB6, 0xE696, 0xE655, 0xE696, 0xE675, 0xE675, 0xE6B7,
    0xEEB6, 0xE675, 0xE675, 0xE696, 0xE696, 0xE675, 0xE654, 0xE675,
    0xE655, 0xE676, 0xDE55, 0xE655, 0xE655, 0xE675, 0xDE34, 0xDE34,
    0xE696, 0xE655, 0xE696, 0xE655, 0xE675, 0xE6B7, 0xE696, 0xE675,
    0xEEB7, 0xE696, 0xEEB6, 0xEEB6, 0xEEB7, 0xEED7, 0xEEF8, 0xEEF8,
    0xEEF8, 0xEEF8, 0xEF18, 0xF739, 0xF73A, 0xFF9B, 0xA4D2, 0x2903,
    0x0000, 0x0000, 0x0000, 0x0000, 0x0000, 0x0000, 0x0000, 0x0000,
    0x0000, 0x0000, 0x0000, 0x0000, 0x0000, 0x0000, 0x0000, 0x0000,
    0x0000, 0x0000, 0x0000, 0x0000, 0x0000, 0x0000, 0x0000, 0x0000,
    0x0000, 0x0000, 0x0000, 0x0000, 0x0000, 0x0000, 0x0000, 0x0000,
    0x0000, 0x0000, 0x0000, 0x0000, 0x0000, 0x0000, 0x0000, 0x0000,
    0x0000, 0x0000, 0x0000, 0x0000, 0x0000, 0x0000, 0x0000, 0x0000,
    0x0000, 0x0000, 0x0000, 0x0000, 0x0000, 0x0000, 0x0000, 0x0000,
    0x0000, 0x0000, 0x0000, 0x0000, 0x0000, 0x0000, 0x0000, 0x0000,
    0x0000, 0x0000, 0x0000, 0x0000, 0x0000, 0x0000, 0x0000, 0x0000,
    0x0000, 0x0000, 0x0000, 0x0000, 0x0000, 0x0000, 0x0000, 0x0000,
    0x0000, 0x0000, 0x0000, 0x0000, 0x0000, 0x0000, 0x0000, 0x0000,
    0x0000, 0x0000, 0x0000, 0x0000, 0x0000, 0x0000, 0x1082, 0x1904,
    0x7B8E, 0xF75B, 0xF75B, 0xEF1A, 0xE6D9, 0xDE56, 0xD635, 0xD614,
    0xCDF3, 0xCDB3, 0xCD92, 0xC572, 0xCDB3, 0xC571, 0xC552, 0xB4EF,
    0xB4EF, 0xBD10, 0xBD31, 0xBD30, 0xB4EF, 0xBD50, 0xBCF0, 0xBD51,
    0xBD51, 0xBD70, 0xC572, 0xC571, 0xBD50, 0xCD92, 0xCD91, 0xCDD3,
    0xCDB3, 0xCD91, 0xD5D3, 0xD5D3, 0xD5F3, 0xD5B2, 0xD5B2, 0xD5B2,
    0xD5D2, 0xD614, 0xDE34, 0xD5F3, 0xD5F4, 0xDE34, 0xD613, 0xD5D3,
    0xD5F3, 0xD5F3, 0xD5F3, 0xD5D3, 0xD5F3, 0xD5F3, 0xDE35, 0xDE14,
    0xDDF3, 0xD5D2, 0xD5B1, 0xDDF3, 0xDE13, 0xDE13, 0xD5F2, 0xDE13,
    0xDE13, 0xD5F2, 0xD5F2, 0xDE13, 0xE654, 0xE655, 0xE655, 0xDE54,
    0xE655, 0xE654, 0xEE75, 0xEE75, 0xDE54, 0xDE13, 0xE633, 0xE634,
    0xE633, 0xE675, 0xE655, 0xE675, 0xE675, 0xE695, 0xE675, 0xEE96,
    0xE696, 0xE675, 0xEE96, 0xE695, 0xE655, 0xE675, 0xE675, 0xE696,
    0xE654, 0xEE75, 0xE695, 0xE655, 0xE675, 0xE675, 0xE675, 0xE6B7,
    0xEEB6, 0xE6B6, 0xE675, 0xE695, 0xE696, 0xE675, 0xE634, 0xE654,
    0xE634, 0xE655, 0xDE55, 0xE634, 0xE634, 0xE675, 0xE675, 0xDE14,
    0xE675, 0xE655, 0xE6B6, 0xE675, 0xE675, 0xE6B7, 0xE696, 0xE675,
    0xEE97, 0xE696, 0xEEB7, 0xEEB7, 0xEED7, 0xEED7, 0xEED8, 0xEEF8,
    0xEEF8, 0xF6F8, 0xEEF8, 0xF739, 0xF73A, 0xFF9B, 0xAD12, 0x2923,
    0x1082, 0x0000, 0x0000, 0x0000, 0x0000, 0x0000, 0x0000, 0x0000,
    0x0000, 0x0000, 0x0000, 0x0000, 0x0000, 0x0000, 0x0000, 0x0000,
    0x0000, 0x0000, 0x0000, 0x0000, 0x0000, 0x0000, 0x0000, 0x0000,
    0x0000, 0x0000, 0x0000, 0x0000, 0x0000, 0x0000, 0x0000, 0x0000,
    0x0000, 0x0000, 0x0000, 0x0000, 0x0000, 0x0000, 0x0000, 0x0000,
    0x0000, 0x0000, 0x0000, 0x0000, 0x0000, 0x0000, 0x0000, 0x0000,
    0x0000, 0x0000, 0x0000, 0x0000, 0x0000, 0x0000, 0x0000, 0x0000,
    0x0000, 0x0000, 0x0000, 0x0000, 0x0000, 0x0000, 0x0000, 0x0000,
    0x0000, 0x0000, 0x0000, 0x0000, 0x0000, 0x0000, 0x0000, 0x0000,
    0x0000, 0x0000, 0x0000, 0x0000, 0x0000, 0x0000, 0x0000, 0x0000,
    0x0000, 0x0000, 0x0000, 0x0000, 0x0000, 0x0000, 0x0000, 0x0000,
    0x0000, 0x0000, 0x0000, 0x0000, 0x0000, 0x0020, 0x18C3, 0x18C3,
    0x7B8E, 0xF79C, 0xF73B, 0xEEF9, 0xE698, 0xDE56, 0xD635, 0xD5F4,
    0xD615, 0xCDB3, 0xCD92, 0xC592, 0xC593, 0xC571, 0xBD10, 0xB50F,
    0xB4EF, 0xBD30, 0xBD31, 0xBD30, 0xB4EF, 0xBD10, 0xBD30, 0xBD51,
    0xBD51, 0xBD30, 0xC572, 0xBD2F, 0xC530, 0xCD92, 0xC571, 0xCDB2,
    0xCD91, 0xCDD3, 0xD5D3, 0xD5B2, 0xD5B2, 0xD5B2, 0xD5B2, 0xD5B2,
    0xD5F2, 0xD614, 0xD5F3, 0xD634, 0xD614, 0xD614, 0xD5F3, 0xD5D3,
    0xD5F4, 0xD5F3, 0xD5F3, 0xD5D3, 0xD5D3, 0xD5F3, 0xDDF3, 0xD5D2,
    0xD5B2, 0xDDB1, 0xD5F2, 0xDE13, 0xDE13, 0xDE13, 0xD613, 0xDE13,
    0xDE13, 0xDDD2, 0xDDF3, 0xDE33, 0xDE34, 0xE655, 0xDE13, 0xE634,
    0xE655, 0xE675, 0xE655, 0xE655, 0xE654, 0xE634, 0xDE13, 0xDE34,
    0xDE13, 0xE675, 0xE675, 0xE675, 0xEE96, 0xE695, 0xEE96, 0xE674,
    0xE655, 0xE696, 0xEE96, 0xE696, 0xE675, 0xE675, 0xE655, 0xE696,
    0xE696, 0xE654, 0xE695, 0xE695, 0xE654, 0xE675, 0xE675, 0xE6B7,
    0xE696, 0xE695, 0xE696, 0xE675, 0xE696, 0xE675, 0xE655, 0xE634,
    0xDE13, 0xDE13, 0xDE33, 0xDE34, 0xDE14, 0xE655, 0xE675, 0xDE14,
    0xE655, 0xE675, 0xE676, 0xE675, 0xE675, 0xE696, 0xE696, 0xE695,
    0xE696, 0xE696, 0xE6B7, 0xEEB7, 0xEED7, 0xEED8, 0xEEB7, 0xEEF8,
    0xEEF8, 0xF6F8, 0xF6F8, 0xF718, 0xF739, 0xFF9B, 0xC5D5, 0x3185,
    0x18C3, 0x0000, 0x0000, 0x0000, 0x0000, 0x0000, 0x0000, 0x0000,
    0x0000, 0x0000, 0x0000, 0x0000, 0x0000, 0x0000, 0x0000, 0x0000,
    0x0000, 0x0000, 0x0000, 0x0000, 0x0000, 0x0000, 0x0000, 0x0000,
    0x0000, 0x0000, 0x0000, 0x0000, 0x0000, 0x0000, 0x0000, 0x0000,
    0x0000, 0x0000, 0x0000, 0x0000, 0x0000, 0x0000, 0x0000, 0x0000,
    0x0000, 0x0000, 0x0000, 0x0000, 0x0000, 0x0000, 0x0000, 0x0000,
    0x0000, 0x0000, 0x0000, 0x0000, 0x0000, 0x0000, 0x0000, 0x0000,
    0x0000, 0x0000, 0x0000, 0x0000, 0x0000, 0x0000, 0x0000, 0x0000,
    0x0000, 0x0000, 0x0000, 0x0000, 0x0000, 0x0000, 0x0000, 0x0000,
    0x0000, 0x0000, 0x0000, 0x0000, 0x0000, 0x0000, 0x0000, 0x0000,
    0x0000, 0x0000, 0x0000, 0x0000, 0x0000, 0x0000, 0x0000, 0x0000,
    0x0000, 0x0000, 0x0000, 0x0000, 0x0000, 0x0000, 0x0881, 0x18A2,
    0x7BCE, 0xF79C, 0xEF1A, 0xE6D8, 0xE697, 0xDE76, 0xD635, 0xD615,
    0xD615, 0xCDB3, 0xC592, 0xC592, 0xC592, 0xC592, 0xBD30, 0xBD30,
    0xBD10, 0xBD31, 0xBD10, 0xBD10, 0xB4EF, 0xB4EF, 0xBD51, 0xBD30,
    0xBD30, 0xBD10, 0xC571, 0xBD0F, 0xC551, 0xC571, 0xC571, 0xC571,
    0xC591, 0xCDD3, 0xD5D3, 0xCD71, 0xCD91, 0xCDD3, 0xD5D2, 0xCD91,
    0xD5F3, 0xD5F3, 0xD5D3, 0xD614, 0xD5F3, 0xD5F3, 0xD5D3, 0xD5F3,
    0xD614, 0xD614, 0xD5F3, 0xD5F3, 0xD5F3, 0xD5F3, 0xD5B1, 0xCD91,
    0xD5D2, 0xDDF3, 0xDE34, 0xDE13, 0xDE13, 0xDE14, 0xDE34, 0xDE13,
    0xDE14, 0xDDF3, 0xDE14, 0xDE54, 0xDE55, 0xDE54, 0xDE13, 0xE655,
    0xE675, 0xE696, 0xDE54, 0xDE34, 0xE655, 0xE675, 0xDE13, 0xDE54,
    0xDE34, 0xDE34, 0xE675, 0xE675, 0xEE96, 0xE675, 0xEE96, 0xE654,
    0xE634, 0xE696, 0xE695, 0xE655, 0xE695, 0xE675, 0xE675, 0xE675,
    0xE696, 0xE696, 0xE675, 0xE695, 0xE675, 0xE654, 0xE654, 0xE695,
    0xE675, 0xDE54, 0xE696, 0xE675, 0xE675, 0xE675, 0xE675, 0xE655,
    0xDE13, 0xDDF3, 0xDE13, 0xDE34, 0xDE34, 0xDE34, 0xDE34, 0xDE34,
    0xE675, 0xE696, 0xDE55, 0xE655, 0xE675, 0xE675, 0xE696, 0xE696,
    0xE6B6, 0xE676, 0xE696, 0xEEB7, 0xEEB7, 0xEED8, 0xEEB7, 0xEED7,
    0xEEF8, 0xEEF8, 0xF718, 0xF718, 0xF739, 0xFF7B, 0xEEFA, 0x52A9,
    0x0861, 0x0020, 0x0000, 0x0000, 0x0000, 0x0000, 0x0000, 0x0000,
    0x0000, 0x0000, 0x0000, 0x0000, 0x0000, 0x0000, 0x0000, 0x0000,
    0x0000, 0x0000, 0x0000, 0x0000, 0x0000, 0x0000, 0x0000, 0x0000,
    0x0000, 0x0000, 0x0000, 0x0000, 0x0000, 0x0000, 0x0000, 0x0000,
    0x0000, 0x0000, 0x0000, 0x0000, 0x0000, 0x0000, 0x0000, 0x0000,
    0x0000, 0x0000, 0x0000, 0x0000, 0x0000, 0x0000, 0x0000, 0x0000,
    0x0000, 0x0000, 0x0000, 0x0000, 0x0000, 0x0000, 0x0000, 0x0000,
    0x0000, 0x0000, 0x0000, 0x0000, 0x0000, 0x0000, 0x0000, 0x0000,
    0x0000, 0x0000, 0x0000, 0x0000, 0x0000, 0x0000, 0x0000, 0x0000,
    0x0000, 0x0000, 0x0000, 0x0000, 0x0000, 0x0000, 0x0000, 0x0000,
    0x0000, 0x0000, 0x0000, 0x0000, 0x0000, 0x0000, 0x0000, 0x0000,
    0x0000, 0x0000, 0x0000, 0x0000, 0x0000, 0x0000, 0x0841, 0x31A5,
    0xAD73, 0xF77B, 0xEEF9, 0xE6D8, 0xDE97, 0xDE56, 0xD635, 0xCDD3,
    0xCDF4, 0xC592, 0xC571, 0xC572, 0xC592, 0xBD72, 0xBD51, 0xBD10,
    0xBD10, 0xBD30, 0xB510, 0xB510, 0xB4EF, 0xACAE, 0xB4EF, 0xBD30,
    0xBD30, 0xB4EF, 0xBD10, 0xBD10, 0xBD50, 0xBD30, 0xC571, 0xC551,
    0xCDB2, 0xCDB2, 0xCDB2, 0xC550, 0xC591, 0xD5F4, 0xCDD3, 0xCDD2,
    0xCDB2, 0xD5F3, 0xD5F3, 0xD5F3, 0xCDB2, 0xD614, 0xD5F3, 0xD5F3,
    0xD613, 0xD5F3, 0xD614, 0xD5D2, 0xD5D2, 0xD5F3, 0xD5D2, 0xD5D2,
    0xDE13, 0xDE14, 0xDDF3, 0xDE34, 0xDE55, 0xDE34, 0xDE14, 0xDE13,
    0xDE34, 0xD5F3, 0xDE34, 0xE655, 0xDE34, 0xDE34, 0xDE34, 0xE655,
    0xE655, 0xE696, 0xDE54, 0xDE34, 0xDE34, 0xE675, 0xE655, 0xDE34,
    0xDE54, 0xDE34, 0xDE34, 0xE675, 0xE675, 0xE675, 0xE675, 0xE675,
    0xE654, 0xE654, 0xE675, 0xE634, 0xE675, 0xE655, 0xDE34, 0xE654,
    0xE654, 0xE696, 0xE675, 0xE675, 0xE695, 0xE675, 0xE675, 0xDE34,
    0xE675, 0xDE54, 0xDE34, 0xDE54, 0xDE34, 0xE675, 0xDE54, 0xDE54,
    0xDDF3, 0xDE14, 0xDE55, 0xDE34, 0xDE34, 0xDE34, 0xDE54, 0xDE34,
    0xDE34, 0xE696, 0xE675, 0xE655, 0xE675, 0xE675, 0xE696, 0xE696,
    0xE696, 0xEEB7, 0xE696, 0xEEB7, 0xE696, 0xEED7, 0xEED7, 0xEEF8,
    0xEED8, 0xEEF8, 0xF6F8, 0xF718, 0xF719, 0xF73A, 0xFF9C, 0x83EE,
    0x0882, 0x10A2, 0x0841, 0x0000, 0x0000, 0x0000, 0x0000, 0x0000,
    0x0000, 0x0000, 0x0000, 0x0000, 0x0000, 0x0000, 0x0000, 0x0000,
    0x0000, 0x0000, 0x0000, 0x0000, 0x0000, 0x0000, 0x0000, 0x0000,
    0x0000, 0x0000, 0x0000, 0x0000, 0x0000, 0x0000, 0x0000, 0x0000,
    0x0000, 0x0000, 0x0000, 0x0000, 0x0000, 0x0000, 0x0000, 0x0000,
    0x0000, 0x0000, 0x0000, 0x0000, 0x0000, 0x0000, 0x0000, 0x0000,
    0x0000, 0x0000, 0x0000, 0x0000, 0x0000, 0x0000, 0x0000, 0x0000,
    0x0000, 0x0000, 0x0000, 0x0000, 0x0000, 0x0000, 0x0000, 0x0000,
    0x0000, 0x0000, 0x0000, 0x0000, 0x0000, 0x0000, 0x0000, 0x0000,
    0x0000, 0x0000, 0x0000, 0x0000, 0x0000, 0x0000, 0x0000, 0x0000,
    0x0000, 0x0000, 0x0000, 0x0000, 0x0000, 0x0000, 0x0000, 0x0000,
    0x0000, 0x0000, 0x0000, 0x0000, 0x0020, 0x0841, 0x0861, 0x3185,
    0xC616, 0xF77B, 0xEEF9, 0xE6D8, 0xDE77, 0xD635, 0xD635, 0xCDB3,
    0xCDD3, 0xCDB2, 0xC592, 0xBD51, 0xC592, 0xBD52, 0xBD51, 0xB4EF,
    0xB4EF, 0xBD30, 0xBD10, 0xBD30, 0xB4CF, 0xAC8E, 0xB4CE, 0xBD30,
    0xB4EF, 0xB4EF, 0xBCF0, 0xBD30, 0xBD30, 0xBD10, 0xC550, 0xC591,
    0xCDB2, 0xCD91, 0xC5B2, 0xC570, 0xCDB2, 0xD5F4, 0xCDD3, 0xCDD2,
    0xCD91, 0xD5F3, 0xD5D3, 0xD5D2, 0xCDB2, 0xD5F3, 0xD614, 0xD5F3,
    0xD5D2, 0xD614, 0xD5F3, 0xD5D3, 0xD5F3, 0xDE14, 0xDE14, 0xD5D2,
    0xDE13, 0xDDF3, 0xDE13, 0xDE34, 0xDE75, 0xDE34, 0xDE13, 0xDE13,
    0xDE34, 0xDE14, 0xDE55, 0xE635, 0xDE13, 0xDE34, 0xDE34, 0xE634,
    0xE614, 0xE695, 0xDE54, 0xDE34, 0xE654, 0xE654, 0xE675, 0xDE13,
    0xDE33, 0xE655, 0xE654, 0xE654, 0xE675, 0xE675, 0xE655, 0xE675,
    0xE654, 0xE654, 0xE654, 0xE654, 0xE655, 0xE676, 0xDE13, 0xE634,
    0xE634, 0xE695, 0xE696, 0xE674, 0xE695, 0xE695, 0xE675, 0xE655,
    0xE676, 0xDE55, 0xDE34, 0xDE34, 0xDE13, 0xE655, 0xDE55, 0xDE34,
    0xDE14, 0xD5F3, 0xDE55, 0xDE34, 0xD5F3, 0xDE54, 0xE655, 0xDE55,
    0xDE13, 0xE675, 0xEE96, 0xE655, 0xE675, 0xE674, 0xE696, 0xEEB6,
    0xE675, 0xEEB7, 0xEEB7, 0xEEB7, 0xEEB6, 0xEEB6, 0xEED7, 0xEED7,
    0xEEF8, 0xEEF8, 0xF6F8, 0xF718, 0xF719, 0xF719, 0xFF7B, 0xC5D5,
    0x2103, 0x0861, 0x0020, 0x0000, 0x0000, 0x0000, 0x0000, 0x0000,
    0x0000, 0x0000, 0x0000, 0x0000, 0x0000, 0x0000, 0x0000, 0x0000,
    0x0000, 0x0000, 0x0000, 0x0000, 0x0000, 0x0000, 0x0000, 0x0000,
    0x0000, 0x0000, 0x0000, 0x0000, 0x0000, 0x0000, 0x0000, 0x0000,
    0x0000, 0x0000, 0x0000, 0x0000, 0x0000, 0x0000, 0x0000, 0x0000,
    0x0000, 0x0000, 0x0000, 0x0000, 0x0000, 0x0000, 0x0000, 0x0000,
    0x0000, 0x0000, 0x0000, 0x0000, 0x0000, 0x0000, 0x0000, 0x0000,
    0x0000, 0x0000, 0x0000, 0x0000, 0x0000, 0x0000, 0x0000, 0x0000,
    0x0000, 0x0000, 0x0000, 0x0000, 0x0000, 0x0000, 0x0000, 0x0000,
    0x0000, 0x0000, 0x0000, 0x0000, 0x0000, 0x0000, 0x0000, 0x0000,
    0x0000, 0x0000, 0x0000, 0x0000, 0x0000, 0x0000, 0x0000, 0x0000,
    0x0000, 0x0000, 0x0000, 0x0000, 0x0840, 0x10A2, 0x1081, 0x3165,
    0xDE78, 0xF73B, 0xE6F9, 0xE697, 0xDE36, 0xD635, 0xD615, 0xCDB3,
    0xCDD3, 0xCDD4, 0xC592, 0xBD51, 0xC572, 0xC552, 0xBD51, 0xB4EF,
    0xB4AF, 0xBD10, 0xBD52, 0xBD30, 0xB4EF, 0xACCE, 0xB4AE, 0xBD30,
    0xB4EF, 0xB4EF, 0xBD10, 0xBD10, 0xBD10, 0xBD10, 0xBD30, 0xC591,
    0xC592, 0xC571, 0xC592, 0xC571, 0xCDD2, 0xCD92, 0xCDD3, 0xCDD2,
    0xCDB2, 0xCDD3, 0xCD92, 0xCDB2, 0xCDB2, 0xD5D3, 0xD614, 0xD5F3,
    0xCD92, 0xD5F3, 0xD5D3, 0xD5F3, 0xD614, 0xDE14, 0xDE14, 0xD5D2,
    0xD5F3, 0xDE13, 0xDE13, 0xDE34, 0xDE35, 0xDE34, 0xDE13, 0xDE13,
    0xDE14, 0xDE34, 0xDE55, 0xDE14, 0xDE13, 0xDDF3, 0xDE34, 0xDE14,
    0xDDD2, 0xE655, 0xDE14, 0xDE13, 0xEE54, 0xDE54, 0xE634, 0xDE13,
    0xDE13, 0xE676, 0xE654, 0xE634, 0xE655, 0xE675, 0xE655, 0xE675,
    0xE634, 0xE634, 0xDE13, 0xE634, 0xE655, 0xE6B6, 0xDE33, 0xDE34,
    0xDE34, 0xE655, 0xE675, 0xE654, 0xE675, 0xE695, 0xE675, 0xE655,
    0xE676, 0xE655, 0xE634, 0xDE34, 0xDE13, 0xDE14, 0xDE55, 0xDE34,
    0xDE34, 0xD614, 0xDE55, 0xDE34, 0xD613, 0xDE54, 0xE655, 0xDE55,
    0xDE34, 0xDE54, 0xE696, 0xE676, 0xE675, 0xE634, 0xE675, 0xEEB6,
    0xE675, 0xE6B6, 0xF6B7, 0xEEB7, 0xEEB6, 0xEEB6, 0xEED7, 0xEED7,
    0xEEF8, 0xEEF8, 0xF6F8, 0xF718, 0xF719, 0xF719, 0xFF39, 0xFF5A,
    0x738D, 0x0020, 0x0000, 0x0020, 0x0000, 0x0000, 0x0000, 0x0000,
    0x0000, 0x0000, 0x0000, 0x0000, 0x0000, 0x0000, 0x0000, 0x0000,
    0x0000, 0x0000, 0x0000, 0x0000, 0x0000, 0x0000, 0x0000, 0x0000,
    0x0000, 0x0000, 0x0000, 0x0000, 0x0000, 0x0000, 0x0000, 0x0000,
    0x0000, 0x0000, 0x0000, 0x0000, 0x0000, 0x0000, 0x0000, 0x0000,
    0x0000, 0x0000, 0x0000, 0x0000, 0x0000, 0x0000, 0x0000, 0x0000,
    0x0000, 0x0000, 0x0000, 0x0000, 0x0000, 0x0000, 0x0000, 0x0000,
    0x0000, 0x0000, 0x0000, 0x0000, 0x0000, 0x0000, 0x0000, 0x0000,
    0x0000, 0x0000, 0x0000, 0x0000, 0x0000, 0x0000, 0x0000, 0x0000,
    0x0000, 0x0000, 0x0000, 0x0000, 0x0000, 0x0000, 0x0000, 0x0000,
    0x0000, 0x0000, 0x0000, 0x0000, 0x0000, 0x0000, 0x0000, 0x0000,
    0x0000, 0x0000, 0x0000, 0x0000, 0x0021, 0x0881, 0x0020, 0x5ACA,
    0xF73B, 0xEF1A, 0xE6D8, 0xDE76, 0xDE36, 0xDE56, 0xD5F4, 0xCDB3,
    0xCDB3, 0xCDD4, 0xC592, 0xC572, 0xBD51, 0xC572, 0xBD31, 0xBD0F,
    0xB4CF, 0xB510, 0xBD52, 0xB510, 0xBD30, 0xB4EF, 0xACAE, 0xBD30,
    0xBD10, 0xB510, 0xBD30, 0xB4EF, 0xBD0F, 0xBD30, 0xBD30, 0xC551,
    0xC592, 0xC592, 0xC571, 0xC5B2, 0xCDB2, 0xC551, 0xCDB2, 0xCDB2,
    0xCDD3, 0xCDB3, 0xC571, 0xCDB2, 0xCDB2, 0xD5F3, 0xD614, 0xD5D3,
    0xCD91, 0xCD91, 0xD5D3, 0xD5F3, 0xD5F3, 0xD5D3, 0xD614, 0xD5D2,
    0xD5D3, 0xDE13, 0xDE13, 0xDE13, 0xDE14, 0xDE34, 0xD5F3, 0xD5F3,
    0xD5F3, 0xDE34, 0xDE34, 0xDE13, 0xDE13, 0xD5D2, 0xDE34, 0xDE34,
    0xD5D2, 0xDE34, 0xD5F3, 0xD5F2, 0xE655, 0xDE54, 0xDE13, 0xDE34,
    0xDE13, 0xE676, 0xE655, 0xDE34, 0xDE34, 0xE675, 0xE654, 0xE675,
    0xDE34, 0xDE13, 0xDDF3, 0xDE13, 0xDE34, 0xE696, 0xDE54, 0xDE34,
    0xDE34, 0xDE34, 0xDE13, 0xDE34, 0xE655, 0xE675, 0xE675, 0xDE34,
    0xE675, 0xE675, 0xE655, 0xDE55, 0xDE13, 0xDE13, 0xDE54, 0xDE55,
    0xDE34, 0xDE55, 0xDE55, 0xDE34, 0xE654, 0xDE34, 0xDE55, 0xDE55,
    0xDE55, 0xDE34, 0xDE55, 0xE696, 0xE696, 0xE634, 0xDE54, 0xE696,
    0xE676, 0xE696, 0xEEB7, 0xE696, 0xEEB6, 0xEED7, 0xEED7, 0xEEF8,
    0xEEF8, 0xEED7, 0xF6F8, 0xF718, 0xF718, 0xF719, 0xF719, 0xFF9B,
    0xDEB9, 0x39A5, 0x0841, 0x0861, 0x0000, 0x0000, 0x0000, 0x0000,
    0x0000, 0x0000, 0x0000, 0x0000, 0x0000, 0x0000, 0x0000, 0x0000,
    0x0000, 0x0000, 0x0000, 0x0000, 0x0000, 0x0000, 0x0000, 0x0000,
    0x0000, 0x0000, 0x0000, 0x0000, 0x0000, 0x0000, 0x0000, 0x0000,
    0x0000, 0x0000, 0x0000, 0x0000, 0x0000, 0x0000, 0x0000, 0x0000,
    0x0000, 0x0000, 0x0000, 0x0000, 0x0000, 0x0000, 0x0000, 0x0000,
    0x0000, 0x0000, 0x0000, 0x0000, 0x0000, 0x0000, 0x0000, 0x0000,
    0x0000, 0x0000, 0x0000, 0x0000, 0x0000, 0x0000, 0x0000, 0x0000,
    0x0000, 0x0000, 0x0000, 0x0000, 0x0000, 0x0000, 0x0000, 0x0000,
    0x0000, 0x0000, 0x0000, 0x0000, 0x0000, 0x0000, 0x0000, 0x0000,
    0x0000, 0x0000, 0x0000, 0x0000, 0x0000, 0x0000, 0x0000, 0x0000,
    0x0000, 0x0000, 0x0000, 0x0000, 0x0020, 0x0020, 0x0040, 0x9CF3,
    0xFF9C, 0xEEF9, 0xE697, 0xDE76, 0xDE77, 0xDE35, 0xD614, 0xCDD3,
    0xCDB3, 0xCDD3, 0xC551, 0xC593, 0xC592, 0xC592, 0xBD10, 0xBD10,
    0xB510, 0xBD30, 0xBD31, 0xB4EF, 0xBD30, 0xB4EF, 0xB4EF, 0xACCF,
    0xB4EF, 0xBD10, 0xBD10, 0xB4CE, 0xB4EF, 0xBD10, 0xBD30, 0xBD30,
    0xBD70, 0xC571, 0xC571, 0xCDD3, 0xC551, 0xC592, 0xCDB3, 0xCDB2,
    0xCDB2, 0xCD92, 0xC551, 0xC571, 0xCDB2, 0xCDB2, 0xD5D3, 0xCD91,
    0xCD91, 0xCDB2, 0xD5D2, 0xD5D2, 0xCD91, 0xCDB2, 0xD614, 0xD614,
    0xD5D2, 0xD5D2, 0xD613, 0xD5F3, 0xDE14, 0xDE14, 0xD5D2, 0xDE14,
    0xDE14, 0xDE14, 0xDE55, 0xDE13, 0xD5D2, 0xD5D2, 0xDE34, 0xDE14,
    0xD5D2, 0xDE13, 0xDE13, 0xDE13, 0xDE55, 0xDE34, 0xD5F3, 0xDE34,
    0xD5D1, 0xE675, 0xE676, 0xDE34, 0xE654, 0xDE54, 0xE654, 0xE675,
    0xDE34, 0xDE13, 0xDE34, 0xDE34, 0xDE13, 0xDE54, 0xDE34, 0xDE34,
    0xE655, 0xDE54, 0xDE13, 0xDE54, 0xE655, 0xDE14, 0xE696, 0xE675,
    0xDE34, 0xE675, 0xE696, 0xE675, 0xDE55, 0xDE34, 0xDE14, 0xDE55,
    0xDE34, 0xDE54, 0xE675, 0xDE55, 0xE675, 0xDE34, 0xDE55, 0xE655,
    0xDE54, 0xDE34, 0xE655, 0xE655, 0xE696, 0xE675, 0xE675, 0xE6B6,
    0xE696, 0xE675, 0xE696, 0xE696, 0xEEB6, 0xEED7, 0xEED7, 0xEED7,
    0xEEF8, 0xEED7, 0xF6F7, 0xF6F8, 0xF6F8, 0xF718, 0xF739, 0xF759,
    0xFF9C, 0xB574, 0x31A5, 0x10A2, 0x0000, 0x0000, 0x0000, 0x0000,
    0x0000, 0x0000, 0x0000, 0x0000, 0x0000, 0x0000, 0x0000, 0x0000,
    0x0000, 0x0000, 0x0000, 0x0000, 0x0000, 0x0000, 0x0000, 0x0000,
    0x0000, 0x0000, 0x0000, 0x0000, 0x0000, 0x0000, 0x0000, 0x0000,
    0x0000, 0x0000, 0x0000, 0x0000, 0x0000, 0x0000, 0x0000, 0x0000,
    0x0000, 0x0000, 0x0000, 0x0000, 0x0000, 0x0000, 0x0000, 0x0000,
    0x0000, 0x0000, 0x0000, 0x0000, 0x0000, 0x0000, 0x0000, 0x0000,
    0x0000, 0x0000, 0x0000, 0x0000, 0x0000, 0x0000, 0x0000, 0x0000,
    0x0000, 0x0000, 0x0000, 0x0000, 0x0000, 0x0000, 0x0000, 0x0000,
    0x0000, 0x0000, 0x0000, 0x0000, 0x0000, 0x0000, 0x0000, 0x0000,
    0x0000, 0x0000, 0x0000, 0x0000, 0x0000, 0x0000, 0x0000, 0x0000,
    0x0000, 0x0000, 0x0000, 0x0000, 0x0040, 0x18E2, 0x7BAE, 0xEF3B,
    0xF77B, 0xEEF9, 0xE6B7, 0xE697, 0xDE77, 0xDE35, 0xD614, 0xCDB2,
    0xCDB2, 0xCDD3, 0xBD30, 0xC572, 0xC592, 0xC592, 0xBD10, 0xBD10,
    0xB50F, 0xBD10, 0xBD30, 0xB4EF, 0xB4F0, 0xB510, 0xB4EF, 0xAC8E,
    0xBCEF, 0xBD11, 0xB510, 0xACAE, 0xB4EF, 0xB4EF, 0xB4EF, 0xBD0F,
    0xB50F, 0xC550, 0xC571, 0xC571, 0xBD50, 0xC592, 0xCD93, 0xCD91,
    0xCD71, 0xCD50, 0xC530, 0xC571, 0xCD71, 0xC551, 0xD5B2, 0xCD91,
    0xCD70, 0xCDB1, 0xD5B1, 0xD5B1, 0xCD91, 0xCDB2, 0xD5F3, 0xD5F3,
    0xD5D2, 0xD5F3, 0xD614, 0xDE34, 0xDDF3, 0xDDF3, 0xD5B2, 0xDE14,
    0xDE34, 0xDE14, 0xDE14, 0xDDD2, 0xD5B2, 0xD5D2, 0xDE33, 0xDE13,
    0xD5D2, 0xDDF3, 0xE614, 0xDE34, 0xD614, 0xDE34, 0xDE14, 0xDE13,
    0xCD91, 0xE634, 0xE696, 0xD5F3, 0xE654, 0xDE34, 0xE634, 0xE655,
    0xDE34, 0xDDF3, 0xDE34, 0xDE34, 0xDE34, 0xDE14, 0xDE54, 0xDE13,
    0xE655, 0xDE34, 0xDE14, 0xDE54, 0xE675, 0xE635, 0xE675, 0xE675,
    0xDE34, 0xE654, 0xE676, 0xE675, 0xE655, 0xE655, 0xDE34, 0xE675,
    0xDE55, 0xDE55, 0xE675, 0xDE55, 0xE674, 0xDE55, 0xDE34, 0xE655,
    0xE674, 0xE654, 0xE675, 0xE675, 0xE696, 0xE696, 0xE696, 0xE6B6,
    0xEEB7, 0xE676, 0xE696, 0xEEB7, 0xEED7, 0xEED7, 0xEED7, 0xEED7,
    0xEED8, 0xEEF7, 0xF6F7, 0xF6F8, 0xF6F8, 0xF718, 0xF739, 0xF739,
    0xFF7A, 0xFFBC, 0x9C90, 0x2124, 0x0841, 0x0000, 0x0000, 0x0000,
    0x0000, 0x0000, 0x0000, 0x0000, 0x0000, 0x0000, 0x0000, 0x0000,
    0x0000, 0x0000, 0x0000, 0x0000, 0x0000, 0x0000, 0x0000, 0x0000,
    0x0000, 0x0000, 0x0000, 0x0000, 0x0000, 0x0000, 0x0000, 0x0000,
    0x0000, 0x0000, 0x0000, 0x0000, 0x0000, 0x0000, 0x0000, 0x0000,
    0x0000, 0x0000, 0x0000, 0x0000, 0x0000, 0x0000, 0x0000, 0x0000,
    0x0000, 0x0000, 0x0000, 0x0000, 0x0000, 0x0000, 0x0000, 0x0000,
    0x0000, 0x0000, 0x0000, 0x0000, 0x0000, 0x0000, 0x0000, 0x0000,
    0x0000, 0x0000, 0x0000, 0x0000, 0x0000, 0x0000, 0x0000, 0x0000,
    0x0000, 0x0000, 0x0000, 0x0000, 0x0000, 0x0000, 0x0000, 0x0000,
    0x0000, 0x0000, 0x0000, 0x0000, 0x0000, 0x0000, 0x0000, 0x0000,
    0x0000, 0x0000, 0x0000, 0x0000, 0x0000, 0x4247, 0xEF1A, 0xFFBC,
    0xEF1A, 0xEED8, 0xE6B7, 0xE697, 0xDE56, 0xD635, 0xD5D3, 0xCD92,
    0xCDB2, 0xCDB3, 0xBD30, 0xBD30, 0xC572, 0xC572, 0xBD31, 0xBD10,
    0xB4CF, 0xB510, 0xBD30, 0xB530, 0xB4F0, 0xB510, 0xB4CE, 0xB4CF,
    0xBD10, 0xBD31, 0xB510, 0xACAE, 0xB4EF, 0xB4EF, 0xB4EF, 0xBD0F,
    0xB4EF, 0xBD10, 0xC551, 0xB4EF, 0xBD50, 0xC592, 0xC551, 0xC551,
    0xC551, 0xC530, 0xC530, 0xC571, 0xC550, 0xC550, 0xCDB2, 0xCD91,
    0xC52F, 0xCD91, 0xCD91, 0xCD71, 0xCD91, 0xD5D3, 0xD5F3, 0xD5B1,
    0xCDB2, 0xD5F3, 0xD614, 0xDE14, 0xD5D3, 0xD5F3, 0xD5B2, 0xD5D2,
    0xDE34, 0xDDF3, 0xD5F3, 0xD5B2, 0xD5B2, 0xD5D2, 0xDDF3, 0xDE13,
    0xD5D2, 0xD5F3, 0xDE14, 0xDE34, 0xD5D2, 0xDE14, 0xE634, 0xD5F3,
    0xCDB1, 0xDDF3, 0xE675, 0xDE14, 0xDE14, 0xDE34, 0xDE34, 0xDE14,
    0xDE34, 0xDE13, 0xDE34, 0xDE34, 0xDE34, 0xDE35, 0xE674, 0xDE13,
    0xDE33, 0xDE54, 0xDE35, 0xDE34, 0xE675, 0xEE75, 0xE655, 0xE675,
    0xE634, 0xDE34, 0xDE55, 0xE655, 0xE655, 0xE655, 0xE654, 0xEE75,
    0xE675, 0xE655, 0xDE55, 0xE655, 0xDE54, 0xE675, 0xE654, 0xE655,
    0xE676, 0xE674, 0xE675, 0xE675, 0xE696, 0xE696, 0xE696, 0xE676,
    0xEEB7, 0xE696, 0xE696, 0xEEB7, 0xEED7, 0xEEF8, 0xEED7, 0xEED7,
    0xEED7, 0xEEF7, 0xEED7, 0xF6F7, 0xF6F8, 0xF718, 0xF718, 0xF739,
    0xF719, 0xFFBC, 0xEF1A, 0x5AA9, 0x1082, 0x10A1, 0x0020, 0x0000,
    0x0000, 0x0000, 0x0000, 0x0000, 0x0000, 0x0000, 0x0000, 0x0000,
    0x0000, 0x0000, 0x0000, 0x0000, 0x0000, 0x0000, 0x0000, 0x0000,
    0x0000, 0x0000, 0x0000, 0x0000, 0x0000, 0x0000, 0x0000, 0x0000,
    0x0000, 0x0000, 0x0000, 0x0000, 0x0000, 0x0000, 0x0000, 0x0000,
    0x0000, 0x0000, 0x0000, 0x0000, 0x0000, 0x0000, 0x0000, 0x0000,
    0x0000, 0x0000, 0x0000, 0x0000, 0x0000, 0x0000, 0x0000, 0x0000,
    0x0000, 0x0000, 0x0000, 0x0000, 0x0000, 0x0000, 0x0000, 0x0000,
    0x0000, 0x0000, 0x0000, 0x0000, 0x0000, 0x0000, 0x0000, 0x0000,
    0x0000, 0x0000, 0x0000, 0x0000, 0x0000, 0x0000, 0x0000, 0x0000,
    0x0000, 0x0000, 0x0000, 0x0000, 0x0000, 0x0000, 0x0000, 0x0000,
    0x0000, 0x0000, 0x0000, 0x0000, 0x0841, 0x8C30, 0xFFBC, 0xEEFA,
    0xEEF9, 0xE6B7, 0xE6B7, 0xDE76, 0xDE55, 0xD614, 0xCDB2, 0xC592,
    0xC592, 0xC592, 0xC551, 0xBD10, 0xBD51, 0xBD52, 0xBD51, 0xBD10,
    0xB4CF, 0xB510, 0xBD51, 0xBD51, 0xB4F0, 0xB4EF, 0xACCE, 0xBD31,
    0xB510, 0xBD30, 0xB4EF, 0xACAE, 0xB4EF, 0xBCEF, 0xBD0F, 0xBD10,
    0xBD0F, 0xB4EF, 0xBD30, 0xB4EF, 0xBD51, 0xC572, 0xC551, 0xBD30,
    0xC551, 0xC551, 0xBD30, 0xC571, 0xC550, 0xC550, 0xCD91, 0xC571,
    0xBD0F, 0xC571, 0xCD91, 0xCD71, 0xCD92, 0xD5F3, 0xD5F3, 0xCD91,
    0xCD91, 0xD5D3, 0xD614, 0xD5D3, 0xD5D3, 0xD5D3, 0xD5B2, 0xCD91,
    0xDE14, 0xD5B2, 0xD5F3, 0xD5D2, 0xCDB2, 0xD5D2, 0xD5F3, 0xD5F3,
    0xD5D2, 0xD5D2, 0xD614, 0xDE34, 0xD5D2, 0xD5F3, 0xDE14, 0xD5F3,
    0xD5F2, 0xDDF3, 0xDE34, 0xE655, 0xD5F3, 0xDE34, 0xDE34, 0xDE13,
    0xDE13, 0xDE54, 0xDE13, 0xDE34, 0xDE34, 0xDE55, 0xE675, 0xDE34,
    0xDE13, 0xDE54, 0xDE55, 0xDE13, 0xDE34, 0xE675, 0xE655, 0xE675,
    0xE655, 0xDE54, 0xDE54, 0xE655, 0xDE55, 0xDE55, 0xE655, 0xE655,
    0xE675, 0xE675, 0xDE55, 0xE675, 0xDE54, 0xE675, 0xE675, 0xE675,
    0xE676, 0xE675, 0xE675, 0xE675, 0xE696, 0xE696, 0xE696, 0xE655,
    0xE696, 0xE6B6, 0xE696, 0xE696, 0xEEB7, 0xEEF8, 0xEEB7, 0xEED7,
    0xEED7, 0xEED7, 0xEED7, 0xEED7, 0xEEF7, 0xF6F8, 0xF718, 0xF739,
    0xF73A, 0xF73A, 0xFFBC, 0xB554, 0x3164, 0x2123, 0x1082, 0x0000,
    0x0000, 0x0000, 0x0000, 0x0000, 0x0000, 0x0000, 0x0000, 0x0000,
    0x0000, 0x0000, 0x0000, 0x0000, 0x0000, 0x0000, 0x0000, 0x0000,
    0x0000, 0x0000, 0x0000, 0x0000, 0x0000, 0x0000, 0x0000, 0x0000,
    0x0000, 0x0000, 0x0000, 0x0000, 0x0000, 0x0000, 0x0000, 0x0000,
    0x0000, 0x0000, 0x0000, 0x0000, 0x0000, 0x0000, 0x0000, 0x0000,
    0x0000, 0x0000, 0x0000, 0x0000, 0x0000, 0x0000, 0x0000, 0x0000,
    0x0000, 0x0000, 0x0000, 0x0000, 0x0000, 0x0000, 0x0000, 0x0000,
    0x0000, 0x0000, 0x0000, 0x0000, 0x0000, 0x0000, 0x0000, 0x0000,
    0x0000, 0x0000, 0x0000, 0x0000, 0x0000, 0x0000, 0x0000, 0x0000,
    0x0000, 0x0000, 0x0000, 0x0000, 0x0000, 0x0000, 0x0000, 0x0000,
    0x0000, 0x0000, 0x0021, 0x18A2, 0x736D, 0xEF1A, 0xF75B, 0xEEF9,
    0xE6B8, 0xE697, 0xE677, 0xDE76, 0xDE35, 0xD5F4, 0xCDD3, 0xCD92,
    0xC551, 0xC571, 0xC571, 0xBD10, 0xBD10, 0xBD51, 0xBD51, 0xBD31,
    0xB510, 0xB4EF, 0xBD51, 0xBD31, 0xB4CF, 0xB4CF, 0xB4CF, 0xBD30,
    0xB4CF, 0xB4EF, 0xB4CF, 0xB4CE, 0xB4AE, 0xB4AE, 0xB4EF, 0xBD30,
    0xB4CF, 0xB4AE, 0xBD0F, 0xBD10, 0xBD10, 0xBD30, 0xBD51, 0xB4EF,
    0xBD30, 0xC571, 0xBD0F, 0xBD0F, 0xC550, 0xBD0F, 0xC571, 0xC550,
    0xBD2F, 0xC571, 0xCD92, 0xCD91, 0xC571, 0xCDB2, 0xD5D3, 0xCDB2,
    0xCD71, 0xCD91, 0xD5D2, 0xCDB2, 0xD5D3, 0xCD92, 0xCDD2, 0xCDB2,
    0xD5D2, 0xCDD2, 0xD5F3, 0xD5B2, 0xD5D2, 0xD5F3, 0xDE34, 0xD5F3,
    0xCD91, 0xCD91, 0xD613, 0xDE34, 0xD5F3, 0xD5F2, 0xD5F3, 0xD5F3,
    0xD613, 0xDE14, 0xD5F3, 0xDE54, 0xDE13, 0xDE34, 0xDE34, 0xDE34,
    0xDDF3, 0xDE55, 0xDE34, 0xDE13, 0xD613, 0xDE14, 0xE675, 0xDE55,
    0xDE34, 0xDE13, 0xE675, 0xDE34, 0xDE13, 0xDE34, 0xDE54, 0xE675,
    0xE676, 0xE675, 0xDE34, 0xDE55, 0xE676, 0xE655, 0xE655, 0xDE34,
    0xE675, 0xE676, 0xE675, 0xE675, 0xDE54, 0xE675, 0xDE34, 0xE675,
    0xE676, 0xE655, 0xE675, 0xE655, 0xE676, 0xE676, 0xE696, 0xE675,
    0xE675, 0xE696, 0xE696, 0xE695, 0xE696, 0xEED7, 0xEEB6, 0xEED7,
    0xEEB6, 0xEEB6, 0xF6F7, 0xF6F7, 0xF6F7, 0xF6F8, 0xF718, 0xF718,
    0xF739, 0xF75A, 0xFF7B, 0xFF7C, 0x83CE, 0x10A1, 0x0861, 0x0000,
    0x0000, 0x0000, 0x0000, 0x0000, 0x0000, 0x0000, 0x0000, 0x0000,
    0x0000, 0x0000, 0x0000, 0x0000, 0x0000, 0x0000, 0x0000, 0x0000,
    0x0000, 0x0000, 0x0000, 0x0000, 0x0000, 0x0000, 0x0000, 0x0000,
    0x0000, 0x0000, 0x0000, 0x0000, 0x0000, 0x0000, 0x0000, 0x0000,
    0x0000, 0x0000, 0x0000, 0x0000, 0x0000, 0x0000, 0x0000, 0x0000,
    0x0000, 0x0000, 0x0000, 0x0000, 0x0000, 0x0000, 0x0000, 0x0000,
    0x0000, 0x0000, 0x0000, 0x0000, 0x0000, 0x0000, 0x0000, 0x0000,
    0x0000, 0x0000, 0x0000, 0x0000, 0x0000, 0x0000, 0x0000, 0x0000,
    0x0000, 0x0000, 0x0000, 0x0000, 0x0000, 0x0000, 0x0000, 0x0000,
    0x0000, 0x0000, 0x0000, 0x0000, 0x0000, 0x0000, 0x0000, 0x0000,
    0x0000, 0x0000, 0x0881, 0x5248, 0xE6D9, 0xFFBD, 0xEEF9, 0xEEF9,
    0xE6D8, 0xE6B7, 0xE697, 0xDE55, 0xDE14, 0xD5F3, 0xCDB2, 0xCD71,
    0xC571, 0xC592, 0xC571, 0xBD0F, 0xBD10, 0xBD50, 0xBD31, 0xBD51,
    0xBD30, 0xB4EF, 0xBD31, 0xBD10, 0xB4CF, 0xB4CF, 0xB4EF, 0xB50F,
    0xB4CF, 0xB4EF, 0xB4CF, 0xB4CF, 0xACAE, 0xACAE, 0xB4CE, 0xB50F,
    0xACAE, 0xB4AE, 0xB4EF, 0xBCF0, 0xBD10, 0xBD30, 0xBD10, 0xB4CE,
    0xBD10, 0xC550, 0xBCEF, 0xBD0F, 0xC52F, 0xBD10, 0xC571, 0xC550,
    0xC550, 0xC591, 0xCD92, 0xCDB2, 0xC550, 0xCD91, 0xD5D3, 0xD5D3,
    0xCD71, 0xCD71, 0xCDD2, 0xC591, 0xD5B2, 0xCD71, 0xD5D2, 0xCDD2,
    0xCDB2, 0xD613, 0xD5B2, 0xCDB1, 0xD5D2, 0xD5F3, 0xDE14, 0xD5F3,
    0xD5B2, 0xCD91, 0xD5F2, 0xDDF3, 0xD5F3, 0xD5F2, 0xDE14, 0xD613,
    0xD5F3, 0xDE14, 0xDE14, 0xDE34, 0xDE13, 0xDE13, 0xDE34, 0xDE34,
    0xDE13, 0xDE35, 0xDE55, 0xDE34, 0xD5F2, 0xDE13, 0xE655, 0xE675,
    0xE675, 0xDE34, 0xEE75, 0xE675, 0xDE13, 0xDE34, 0xDE54, 0xE655,
    0xE676, 0xE676, 0xDE55, 0xE675, 0xE676, 0xE655, 0xE696, 0xDE34,
    0xE655, 0xE676, 0xE696, 0xE655, 0xE675, 0xE676, 0xE634, 0xE655,
    0xE655, 0xE675, 0xE675, 0xE655, 0xE655, 0xE675, 0xE695, 0xE696,
    0xE696, 0xE696, 0xEEB7, 0xE675, 0xEEB6, 0xEEB7, 0xEEB6, 0xEEB7,
    0xEE95, 0xEE96, 0xF6F7, 0xF6F7, 0xF6F7, 0xF6F8, 0xF6F8, 0xF718,
    0xF739, 0xF75A, 0xF75A, 0xFF9D, 0xE6D9, 0x5289, 0x1061, 0x0020,
    0x0000, 0x0000, 0x0000, 0x0000, 0x0000, 0x0000, 0x0000, 0x0000,
    0x0000, 0x0000, 0x0000, 0x0000, 0x0000, 0x0000, 0x0000, 0x0000,
    0x0000, 0x0000, 0x0000, 0x0000, 0x0000, 0x0000, 0x0000, 0x0000,
    0x0000, 0x0000, 0x0000, 0x0000, 0x0000, 0x0000, 0x0000, 0x0000,
    0x0000, 0x0000, 0x0000, 0x0000, 0x0000, 0x0000, 0x0000, 0x0000,
    0x0000, 0x0000, 0x0000, 0x0000, 0x0000, 0x0000, 0x0000, 0x0000,
    0x0000, 0x0000, 0x0000, 0x0000, 0x0000, 0x0000, 0x0000, 0x0000,
    0x0000, 0x0000, 0x0000, 0x0000, 0x0000, 0x0000, 0x0000, 0x0000,
    0x0000, 0x0000, 0x0000, 0x0000, 0x0000, 0x0000, 0x0000, 0x0000,
    0x0000, 0x0000, 0x0000, 0x0000, 0x0000, 0x0000, 0x0000, 0x0000,
    0x0040, 0x0020, 0x0860, 0x9450, 0xFFFE, 0xEF3A, 0xEEF9, 0xEEF9,
    0xE6D8, 0xE6B8, 0xE697, 0xDE35, 0xD614, 0xD5F3, 0xCDB2, 0xC591,
    0xC551, 0xC592, 0xC551, 0xBD0F, 0xBD10, 0xBD0F, 0xBD31, 0xBD51,
    0xBD30, 0xBCEF, 0xBD11, 0xBD10, 0xB4CF, 0xB4EF, 0xB4CF, 0xB4CF,
    0xB4CF, 0xB4CF, 0xB4EF, 0xB4AF, 0xACAE, 0xACAE, 0xB48E, 0xB4EF,
    0xACAE, 0xB4CE, 0xB4EF, 0xB4AE, 0xBD10, 0xBD10, 0xBCEF, 0xB4CE,
    0xBCF0, 0xBD10, 0xBD31, 0xC551, 0xBD0F, 0xC550, 0xC570, 0xC550,
    0xC550, 0xC591, 0xC550, 0xCD92, 0xC550, 0xCD91, 0xCDB3, 0xD5D2,
    0xC571, 0xCD91, 0xD5D3, 0xC571, 0xCD91, 0xCD91, 0xD5D2, 0xCDB2,
    0xCDB2, 0xD614, 0xCD70, 0xCDD1, 0xCDB2, 0xD5F3, 0xD5D2, 0xD5F3,
    0xD5B2, 0xD591, 0xD5D2, 0xD5B2, 0xD5F3, 0xD5D2, 0xDDF3, 0xDE33,
    0xD5D2, 0xD5F3, 0xDE54, 0xDE34, 0xDE13, 0xDE13, 0xDE34, 0xDE34,
    0xDE33, 0xDE14, 0xDE55, 0xDE34, 0xDE13, 0xDE33, 0xE655, 0xE675,
    0xE675, 0xDE54, 0xE655, 0xEE75, 0xDE33, 0xDE34, 0xE654, 0xE676,
    0xE674, 0xE676, 0xE675, 0xEE75, 0xE675, 0xE655, 0xE696, 0xDE34,
    0xE655, 0xE675, 0xE696, 0xE675, 0xE675, 0xE676, 0xE676, 0xE655,
    0xE675, 0xE675, 0xE675, 0xE676, 0xE655, 0xE675, 0xE675, 0xE696,
    0xE696, 0xE696, 0xF6B7, 0xE675, 0xEE95, 0xEEB7, 0xEEB6, 0xEE96,
    0xEE95, 0xEE96, 0xEED7, 0xEEF7, 0xEEF7, 0xEEF7, 0xF6F8, 0xF718,
    0xF739, 0xF739, 0xF75A, 0xF73A, 0xFFFD, 0xB574, 0x18C2, 0x0000,
    0x0000, 0x0000, 0x0000, 0x0000, 0x0000, 0x0000, 0x0000, 0x0000,
    0x0000, 0x0000, 0x0000, 0x0000, 0x0000, 0x0000, 0x0000, 0x0000,
    0x0000, 0x0000, 0x0000, 0x0000, 0x0000, 0x0000, 0x0000, 0x0000,
    0x0000, 0x0000, 0x0000, 0x0000, 0x0000, 0x0000, 0x0000, 0x0000,
    0x0000, 0x0000, 0x0000, 0x0000, 0x0000, 0x0000, 0x0000, 0x0000,
    0x0000, 0x0000, 0x0000, 0x0000, 0x0000, 0x0000, 0x0000, 0x0000,
    0x0000, 0x0000, 0x0000, 0x0000, 0x0000, 0x0000, 0x0000, 0x0000,
    0x0000, 0x0000, 0x0000, 0x0000, 0x0000, 0x0000, 0x0000, 0x0000,
    0x0000, 0x0000, 0x0000, 0x0000, 0x0000, 0x0000, 0x0000, 0x0000,
    0x0000, 0x0000, 0x0000, 0x0000, 0x0000, 0x0000, 0x0000, 0x0000,
    0x10A2, 0x10A2, 0x3185, 0xD677, 0xFF9C, 0xEF19, 0xEEF8, 0xEED8,
    0xE6D8, 0xE6B8, 0xE676, 0xDE35, 0xD614, 0xCDD3, 0xCDD3, 0xC592,
    0xBD30, 0xC551, 0xC551, 0xBD30, 0xBD31, 0xB4EF, 0xBD30, 0xBD51,
    0xBD10, 0xBD10, 0xB510, 0xB510, 0xB4EF, 0xB50F, 0xACAE, 0xB4CF,
    0xB4EF, 0xACCF, 0xB4EF, 0xAC8E, 0xB4CF, 0xB4CF, 0xACAE, 0xB4EF,
    0xB4CF, 0xB4CF, 0xB50F, 0xB4AE, 0xB50F, 0xB4EF, 0xB50F, 0xB4CF,
    0xB4EF, 0xBD10, 0xBD51, 0xC571, 0xBD0F, 0xC550, 0xC550, 0xBD30,
    0xC550, 0xC571, 0xBD30, 0xC571, 0xC550, 0xCD91, 0xCD92, 0xC591,
    0xC550, 0xCDB2, 0xD5D3, 0xC571, 0xCD91, 0xCD91, 0xCDB2, 0xCD91,
    0xCDD2, 0xD5F3, 0xCD70, 0xD5D2, 0xCDB2, 0xD614, 0xD5D2, 0xD5F3,
    0xCDB2, 0xD5B2, 0xD5F3, 0xD5D2, 0xD5D2, 0xCDB1, 0xD5D2, 0xDE34,
    0xD5D2, 0xD5D2, 0xDE54, 0xDE34, 0xDE34, 0xDE34, 0xDE34, 0xDE34,
    0xDE34, 0xDE13, 0xDE55, 0xDE34, 0xDE34, 0xDE34, 0xDE55, 0xE676,
    0xDE54, 0xDE54, 0xDE34, 0xE675, 0xDE54, 0xDE34, 0xE655, 0xE696,
    0xDE54, 0xE655, 0xE675, 0xE655, 0xE655, 0xE675, 0xE675, 0xDE34,
    0xE676, 0xE655, 0xE675, 0xE696, 0xE675, 0xE676, 0xE696, 0xE676,
    0xE675, 0xE675, 0xE676, 0xE696, 0xE675, 0xE696, 0xE675, 0xE696,
    0xE696, 0xE675, 0xEEB7, 0xE696, 0xE654, 0xE696, 0xE696, 0xEE95,
    0xEE96, 0xEEB6, 0xEEB6, 0xEED7, 0xEEB6, 0xEED7, 0xF6F7, 0xF718,
    0xF719, 0xF739, 0xF73A, 0xF73A, 0xF75B, 0xEF3B, 0x5A8A, 0x0881,
    0x0861, 0x0000, 0x0000, 0x0000, 0x0000, 0x0000, 0x0000, 0x0000,
    0x0000, 0x0000, 0x0000, 0x0000, 0x0000, 0x0000, 0x0000, 0x0000,
    0x0000, 0x0000, 0x0000, 0x0000, 0x0000, 0x0000, 0x0000, 0x0000,
    0x0000, 0x0000, 0x0000, 0x0000, 0x0000, 0x0000, 0x0000, 0x0000,
    0x0000, 0x0000, 0x0000, 0x0000, 0x0000, 0x0000, 0x0000, 0x0000,
    0x0000, 0x0000, 0x0000, 0x0000, 0x0000, 0x0000, 0x0000, 0x0000,
    0x0000, 0x0000, 0x0000, 0x0000, 0x0000, 0x0000, 0x0000, 0x0000,
    0x0000, 0x0000, 0x0000, 0x0000, 0x0000, 0x0000, 0x0000, 0x0000,
    0x0000, 0x0000, 0x0000, 0x0000, 0x0000, 0x0000, 0x0000, 0x0000,
    0x0000, 0x0000, 0x0000, 0x0000, 0x0000, 0x0000, 0x0000, 0x0000,
    0x0841, 0x2924, 0xA4F2, 0xFFBC, 0xEF3A, 0xEF19, 0xEEF8, 0xE6D8,
    0xE6B8, 0xE6B7, 0xDE76, 0xD614, 0xD5F3, 0xCDD3, 0xCDB2, 0xC550,
    0xC550, 0xC551, 0xC550, 0xC551, 0xBD30, 0xBD10, 0xBD30, 0xBD30,
    0xB510, 0xB4EF, 0xB510, 0xB510, 0xB4EF, 0xB4EF, 0xACAE, 0xB4EF,
    0xB510, 0xB4EF, 0xACAE, 0xB4CE, 0xB4F0, 0xB4F0, 0xB4EF, 0xB4AE,
    0xB4CF, 0xB510, 0xB4EF, 0xB4EF, 0xB4EF, 0xB50F, 0xB510, 0xB4EF,
    0xB4EF, 0xBD51, 0xBD30, 0xBD30, 0xBD30, 0xC551, 0xCDB2, 0xBD30,
    0xC550, 0xC591, 0xC571, 0xC592, 0xC550, 0xC571, 0xCD92, 0xC550,
    0xC571, 0xCD91, 0xCD91, 0xCDB2, 0xCDB2, 0xC571, 0xCD91, 0xCDB2,
    0xD5D3, 0xCD91, 0xCD91, 0xD5D3, 0xD5D2, 0xDE34, 0xD5F3, 0xD5D3,
    0xD5D2, 0xD5D2, 0xD5F3, 0xDE34, 0xD5D2, 0xD5D2, 0xD613, 0xDE34,
    0xD613, 0xD5B1, 0xDE13, 0xDE13, 0xDE34, 0xDE55, 0xDE13, 0xDE33,
    0xDE34, 0xD5F3, 0xDE54, 0xDE13, 0xDE34, 0xDE34, 0xDE55, 0xE676,
    0xDE54, 0xE655, 0xDE34, 0xDE54, 0xE675, 0xE675, 0xE655, 0xE675,
    0xE655, 0xDE34, 0xE675, 0xDE34, 0xE655, 0xE675, 0xE675, 0xE655,
    0xE676, 0xE675, 0xE654, 0xE696, 0xE676, 0xE655, 0xE696, 0xE696,
    0xDE34, 0xE675, 0xE696, 0xE675, 0xE676, 0xE696, 0xE696, 0xE696,
    0xE6B6, 0xE675, 0xE6B6, 0xEE96, 0xE675, 0xE675, 0xE696, 0xE634,
    0xE695, 0xEEB6, 0xEEB6, 0xEED6, 0xEE96, 0xEED6, 0xF6F7, 0xF6F7,
    0xF718, 0xF739, 0xF739, 0xF73A, 0xF73A, 0xFFBD, 0xCE37, 0x4A48,
    0x1903, 0x0881, 0x0000, 0x0000, 0x0000, 0x0000, 0x0000, 0x0000,
    0x0000, 0x0000, 0x0000, 0x0000, 0x0000, 0x0000, 0x0000, 0x0000,
    0x0000, 0x0000, 0x0000, 0x0000, 0x0000, 0x0000, 0x0000, 0x0000,
    0x0000, 0x0000, 0x0000, 0x0000, 0x0000, 0x0000, 0x0000, 0x0000,
    0x0000, 0x0000, 0x0000, 0x0000, 0x0000, 0x0000, 0x0000, 0x0000,
    0x0000, 0x0000, 0x0000, 0x0000, 0x0000, 0x0000, 0x0000, 0x0000,
    0x0000, 0x0000, 0x0000, 0x0000, 0x0000, 0x0000, 0x0000, 0x0000,
    0x0000, 0x0000, 0x0000, 0x0000, 0x0000, 0x0000, 0x0000, 0x0000,
    0x0000, 0x0000, 0x0000, 0x0000, 0x0000, 0x0000, 0x0000, 0x0000,
    0x0000, 0x0000, 0x0000, 0x0000, 0x0000, 0x0000, 0x0000, 0x0841,
    0x1061, 0x6B2B, 0xF75C, 0xF77B, 0xEF19, 0xEEF9, 0xEEF8, 0xE6B8,
    0xE698, 0xE6B6, 0xDE76, 0xD614, 0xD614, 0xD5F3, 0xCDB2, 0xCD71,
    0xC591, 0xC571, 0xBD30, 0xC530, 0xBD50, 0xBD0F, 0xBD10, 0xBD31,
    0xBD10, 0xB4EF, 0xBD30, 0xBD30, 0xB4F0, 0xB4EF, 0xB4CF, 0xB4CF,
    0xB510, 0xB4EF, 0xB4AE, 0xB4EE, 0xB510, 0xB4D0, 0xB4CF, 0xB4AF,
    0xB4CF, 0xB4EF, 0xB4CE, 0xB4EF, 0xB4CF, 0xB4EF, 0xBD10, 0xBD10,
    0xB4CF, 0xBD50, 0xBD30, 0xBD10, 0xC571, 0xCD92, 0xCDD3, 0xC530,
    0xBD30, 0xCD92, 0xCDB2, 0xC5B2, 0xBD2F, 0xC530, 0xCD92, 0xC550,
    0xCD92, 0xCD71, 0xCDB2, 0xCDB1, 0xC571, 0xCD91, 0xCDB1, 0xD5F3,
    0xD5B2, 0xCD71, 0xD5B2, 0xD5D3, 0xD5D2, 0xDE14, 0xD614, 0xD5D3,
    0xD5D2, 0xD5D2, 0xCDD2, 0xDE34, 0xCDB2, 0xD5F3, 0xDE34, 0xDE55,
    0xDE14, 0xD5D2, 0xD613, 0xDE54, 0xD5F3, 0xDE55, 0xDE33, 0xDE33,
    0xDE54, 0xDE34, 0xDE54, 0xDE34, 0xDE13, 0xDE34, 0xDE55, 0xE676,
    0xE675, 0xE655, 0xE655, 0xE655, 0xE675, 0xE674, 0xE676, 0xE676,
    0xE675, 0xE655, 0xE655, 0xE655, 0xE655, 0xE654, 0xE674, 0xE655,
    0xE655, 0xE675, 0xE675, 0xE675, 0xE676, 0xE675, 0xE675, 0xE696,
    0xE654, 0xE675, 0xE696, 0xE675, 0xE696, 0xE675, 0xE695, 0xE675,
    0xE6B6, 0xE696, 0xE695, 0xEE75, 0xEEB6, 0xE675, 0xE695, 0xE634,
    0xE674, 0xEEB6, 0xEEB6, 0xEED7, 0xEEB7, 0xEED7, 0xF6F8, 0xF6F8,
    0xF6F7, 0xF739, 0xF719, 0xF73A, 0xF73A, 0xFF7B, 0xFFDD, 0x9470,
    0x2124, 0x10A2, 0x0020, 0x0000, 0x0000, 0x0000, 0x0000, 0x0000,
    0x0000, 0x0000, 0x0000, 0x0000, 0x0000, 0x0000, 0x0000, 0x0000,
    0x0000, 0x0000, 0x0000, 0x0000, 0x0000, 0x0000, 0x0000, 0x0000,
    0x0000, 0x0000, 0x0000, 0x0000, 0x0000, 0x0000, 0x0000, 0x0000,
    0x0000, 0x0000, 0x0000, 0x0000, 0x0000, 0x0000, 0x0000, 0x0000,
    0x0000, 0x0000, 0x0000, 0x0000, 0x0000, 0x0000, 0x0000, 0x0000,
    0x0000, 0x0000, 0x0000, 0x0000, 0x0000, 0x0000, 0x0000, 0x0000,
    0x0000, 0x0000, 0x0000, 0x0000, 0x0000, 0x0000, 0x0000, 0x0000,
    0x0000, 0x0000, 0x0000, 0x0000, 0x0000, 0x0000, 0x0000, 0x0000,
    0x0000, 0x0000, 0x0000, 0x0000, 0x0000, 0x0000, 0x0000, 0x18C2,
    0x4A27, 0xC617, 0xFFBD, 0xEEF9, 0xEF19, 0xE6D8, 0xE6D7, 0xE6B7,
    0xE697, 0xE676, 0xDE35, 0xD614, 0xD614, 0xD5F3, 0xCDB2, 0xCD92,
    0xC592, 0xC570, 0xBD30, 0xBD10, 0xC570, 0xBD0F, 0xBD30, 0xBD31,
    0xBD10, 0xB50F, 0xBD30, 0xBD30, 0xBD10, 0xB4EF, 0xB510, 0xB4CF,
    0xB510, 0xB4EF, 0xB4CF, 0xB510, 0xB4EF, 0xB4CE, 0xB4CF, 0xB4CF,
    0xB4CF, 0xB4EF, 0xB4CE, 0xB4EF, 0xB4CE, 0xB4CF, 0xBD10, 0xBD30,
    0xB4CF, 0xBD30, 0xC530, 0xBD10, 0xC550, 0xCDB2, 0xCDB3, 0xC550,
    0xBD50, 0xCDB2, 0xCDB3, 0xC571, 0xBD0F, 0xC551, 0xCD92, 0xC571,
    0xCDD2, 0xC571, 0xCDB2, 0xCD71, 0xC570, 0xCD91, 0xCDD3, 0xD5F3,
    0xCD70, 0xCD91, 0xD5F4, 0xD5D3, 0xCDB2, 0xD5D3, 0xD614, 0xD5D3,
    0xD5F2, 0xD5D2, 0xCDB2, 0xD5F3, 0xCDB2, 0xD5F3, 0xDE14, 0xDE55,
    0xE614, 0xDE14, 0xD633, 0xDE54, 0xDDF2, 0xDE33, 0xDE75, 0xDE13,
    0xDE54, 0xDE75, 0xDE54, 0xDE54, 0xE634, 0xDE34, 0xDE13, 0xE655,
    0xEE95, 0xE675, 0xE655, 0xEE75, 0xE675, 0xDE54, 0xE676, 0xE676,
    0xE675, 0xE675, 0xE675, 0xE655, 0xE655, 0xE634, 0xE654, 0xE654,
    0xE655, 0xE675, 0xE675, 0xE675, 0xE674, 0xE675, 0xE675, 0xE696,
    0xE696, 0xE675, 0xE696, 0xEE97, 0xE696, 0xE675, 0xE695, 0xE675,
    0xE676, 0xE6B6, 0xE675, 0xE675, 0xEE95, 0xE675, 0xE675, 0xE674,
    0xE654, 0xEE75, 0xEEB6, 0xEEB7, 0xEED7, 0xEED7, 0xF6F8, 0xF6F8,
    0xF6F7, 0xF718, 0xF719, 0xF739, 0xF73A, 0xF71A, 0xFF7B, 0xD678,
    0x39E7, 0x0000, 0x0000, 0x0000, 0x0000, 0x0000, 0x0000, 0x0000,
    0x0000, 0x0000, 0x0000, 0x0000, 0x0000, 0x0000, 0x0000, 0x0000,
    0x0000, 0x0000, 0x0000, 0x0000, 0x0000, 0x0000, 0x0000, 0x0000,
    0x0000, 0x0000, 0x0000, 0x0000, 0x0000, 0x0000, 0x0000, 0x0000,
    0x0000, 0x0000, 0x0000, 0x0000, 0x0000, 0x0000, 0x0000, 0x0000,
    0x0000, 0x0000, 0x0000, 0x0000, 0x0000, 0x0000, 0x0000, 0x0000,
    0x0000, 0x0000, 0x0000, 0x0000, 0x0000, 0x0000, 0x0000, 0x0000,
    0x0000, 0x0000, 0x0000, 0x0000, 0x0000, 0x0000, 0x0000, 0x0000,
    0x0000, 0x0000, 0x0000, 0x0000, 0x0000, 0x0000, 0x0000, 0x0000,
    0x0000, 0x0000, 0x0000, 0x0000, 0x0000, 0x0000, 0x0841, 0x3164,
    0xA4F2, 0xFFBE, 0xEF1A, 0xEF19, 0xEEF9, 0xE6B7, 0xE6B7, 0xE6B7,
    0xE676, 0xDE35, 0xDE14, 0xD5F3, 0xD5F3, 0xD5D2, 0xCDB2, 0xCD92,
    0xC571, 0xC550, 0xC570, 0xBD30, 0xC551, 0xBD0F, 0xBD51, 0xBD30,
    0xBD31, 0xBD30, 0xBD30, 0xBD30, 0xBD30, 0xB510, 0xB510, 0xB4EF,
    0xBD10, 0xB510, 0xB4CF, 0xB510, 0xACAE, 0xB4CE, 0xB4CF, 0xB4CF,
    0xB4EF, 0xB4EF, 0xB4CF, 0xB4EF, 0xB4CE, 0xBD0F, 0xBD10, 0xBD10,
    0xBCEF, 0xBD30, 0xC551, 0xBD30, 0xBD0F, 0xC571, 0xCD92, 0xC571,
    0xC571, 0xCDB2, 0xCDB3, 0xC530, 0xC570, 0xC592, 0xC591, 0xC592,
    0xCDB2, 0xC571, 0xC571, 0xC571, 0xCDB2, 0xCD92, 0xCDD3, 0xCDB2,
    0xC570, 0xCDB2, 0xD614, 0xCDB2, 0xCDB1, 0xD5D2, 0xD5D3, 0xCDB2,
    0xD5F2, 0xD5D2, 0xD5B2, 0xD5D2, 0xD5D3, 0xD5F3, 0xD5F3, 0xDE34,
    0xDE13, 0xDE34, 0xDE54, 0xDE13, 0xDE13, 0xDE13, 0xDE55, 0xDDF3,
    0xDE34, 0xDE55, 0xDE34, 0xDE54, 0xE655, 0xDE54, 0xD5F2, 0xDE34,
    0xE675, 0xE675, 0xDE34, 0xE675, 0xE675, 0xE675, 0xE675, 0xE655,
    0xE654, 0xE675, 0xE696, 0xE655, 0xE675, 0xE654, 0xE655, 0xE654,
    0xE655, 0xE655, 0xE655, 0xE696, 0xE654, 0xE655, 0xE696, 0xE675,
    0xE696, 0xE696, 0xE676, 0xEEB7, 0xE696, 0xE696, 0xE696, 0xE696,
    0xE655, 0xE6B6, 0xE675, 0xE675, 0xE654, 0xE675, 0xE675, 0xE675,
    0xE654, 0xE654, 0xEE95, 0xEE95, 0xEED6, 0xEED7, 0xEED7, 0xF6F7,
    0xF6F8, 0xF6F8, 0xF718, 0xF719, 0xF719, 0xF719, 0xF719, 0xFFBC,
    0x9450, 0x0020, 0x0000, 0x0000, 0x0000, 0x0000, 0x0000, 0x0000,
    0x0000, 0x0000, 0x0000, 0x0000, 0x0000, 0x0000, 0x0000, 0x0000,
    0x0000, 0x0000, 0x0000, 0x0000, 0x0000, 0x0000, 0x0000, 0x0000,
    0x0000, 0x0000, 0x0000, 0x0000, 0x0000, 0x0000, 0x0000, 0x0000,
    0x0000, 0x0000, 0x0000, 0x0000, 0x0000, 0x0000, 0x0000, 0x0000,
    0x0000, 0x0000, 0x0000, 0x0000, 0x0000, 0x0000, 0x0000, 0x0000,
    0x0000, 0x0000, 0x0000, 0x0000, 0x0000, 0x0000, 0x0000, 0x0000,
    0x0000, 0x0000, 0x0000, 0x0000, 0x0000, 0x0000, 0x0000, 0x0000,
    0x0000, 0x0000, 0x0000, 0x0000, 0x0000, 0x0000, 0x0000, 0x0000,
    0x0000, 0x0000, 0x0000, 0x0000, 0x0000, 0x0020, 0x10C2, 0x5AA9,
    0xEF3B, 0xFF9D, 0xEF19, 0xEEF9, 0xEED8, 0xE6B7, 0xE6B7, 0xE676,
    0xDE34, 0xDE34, 0xDE14, 0xD5F3, 0xD5F3, 0xD5D3, 0xCDB2, 0xCD91,
    0xC571, 0xC571, 0xC591, 0xBD0F, 0xBCEF, 0xBD10, 0xBD51, 0xB50F,
    0xBD30, 0xBD30, 0xBD30, 0xBD31, 0xB510, 0xB510, 0xB4EF, 0xBD10,
    0xBD30, 0xBD10, 0xB4EF, 0xACAE, 0xACAE, 0xB4EF, 0xACAE, 0xB4F0,
    0xB4EF, 0xB4EF, 0xB4CE, 0xB4CE, 0xBD10, 0xBD51, 0xBD30, 0xBD10,
    0xBD30, 0xBD30, 0xC551, 0xBD30, 0xBD30, 0xC551, 0xC592, 0xC551,
    0xC530, 0xC550, 0xC571, 0xC591, 0xCDD3, 0xCD92, 0xCD92, 0xC591,
    0xC571, 0xCD91, 0xC550, 0xCDD3, 0xCDD3, 0xD5D3, 0xCD91, 0xCD91,
    0xCDB2, 0xCDD2, 0xCDD2, 0xCDB2, 0xCDB2, 0xD5D2, 0xCDB2, 0xD5D2,
    0xCDB2, 0xD5F3, 0xD5D2, 0xD5F2, 0xD5F3, 0xD5D2, 0xD5F3, 0xDE34,
    0xD5F2, 0xD5F2, 0xDE55, 0xDE34, 0xD5F3, 0xDE14, 0xDE14, 0xDE34,
    0xDE34, 0xDE34, 0xDE54, 0xDE34, 0xDE54, 0xE675, 0xDE34, 0xDE34,
    0xD5F3, 0xDE54, 0xDE54, 0xDE54, 0xE655, 0xE675, 0xE696, 0xE675,
    0xE655, 0xE675, 0xE696, 0xE675, 0xE675, 0xE696, 0xE675, 0xE675,
    0xE675, 0xE696, 0xE675, 0xE675, 0xE696, 0xE675, 0xE696, 0xE696,
    0xE675, 0xE6B6, 0xE676, 0xE676, 0xEEB6, 0xE696, 0xE696, 0xE6B6,
    0xE696, 0xE675, 0xE675, 0xE675, 0xE675, 0xE675, 0xE695, 0xE675,
    0xEE96, 0xE675, 0xE675, 0xEE95, 0xEEB6, 0xEEB6, 0xEED7, 0xEEB6,
    0xF6F8, 0xEEF7, 0xF6F8, 0xF718, 0xF718, 0xF719, 0xF719, 0xFF7B,
    0xEEF9, 0x5289, 0x1061, 0x0000, 0x0000, 0x0000, 0x0000, 0x0000,
    0x0000, 0x0000, 0x0000, 0x0000, 0x0000, 0x0000, 0x0000, 0x0000,
    0x0000, 0x0000, 0x0000, 0x0000, 0x0000, 0x0000, 0x0000, 0x0000,
    0x0000, 0x0000, 0x0000, 0x0000, 0x0000, 0x0000, 0x0000, 0x0000,
    0x0000, 0x0000, 0x0000, 0x0000, 0x0000, 0x0000, 0x0000, 0x0000,
    0x0000, 0x0000, 0x0000, 0x0000, 0x0000, 0x0000, 0x0000, 0x0000,
    0x0000, 0x0000, 0x0000, 0x0000, 0x0000, 0x0000, 0x0000, 0x0000,
    0x0000, 0x0000, 0x0000, 0x0000, 0x0000, 0x0000, 0x0000, 0x0000,
    0x0000, 0x0000, 0x0000, 0x0000, 0x0000, 0x0000, 0x0000, 0x0000,
    0x0000, 0x0000, 0x0000, 0x0000, 0x0000, 0x18E3, 0x39C6, 0xB574,
    0xFFBD, 0xEF1A, 0xEF18, 0xEED8, 0xEED8, 0xE6B6, 0xE6B7, 0xE676,
    0xDE34, 0xDE35, 0xDE14, 0xD5F3, 0xD614, 0xD5D3, 0xCD91, 0xC550,
    0xC550, 0xC570, 0xC550, 0xBD0F, 0xBCCF, 0xBD10, 0xBD30, 0xBD30,
    0xBD30, 0xBD31, 0xB510, 0xBD31, 0xB510, 0xB4EF, 0xB510, 0xB510,
    0xB510, 0xBD30, 0xB4EF, 0xAC8E, 0xB4CF, 0xBD10, 0xB4AF, 0xB4CF,
    0xB4CF, 0xB4EF, 0xB4EF, 0xBCEE, 0xBD10, 0xBD71, 0xBD0F, 0xBD10,
    0xBD30, 0xBD30, 0xC550, 0xBD30, 0xC551, 0xC551, 0xC571, 0xBD30,
    0xC510, 0xC570, 0xC550, 0xC5B2, 0xCDB3, 0xCD91, 0xCD91, 0xC571,
    0xC571, 0xCD92, 0xCD71, 0xD5D3, 0xD5F4, 0xD5F3, 0xCD91, 0xCDB2,
    0xD5F3, 0xCDD3, 0xCDD2, 0xCDD2, 0xCDB2, 0xD5B2, 0xD5D3, 0xD5D2,
    0xCDB2, 0xD5F3, 0xD613, 0xD5D2, 0xD5D2, 0xD5D2, 0xD5F3, 0xDE34,
    0xDE13, 0xD5F2, 0xDE55, 0xDE34, 0xD5F3, 0xDE34, 0xDE34, 0xDE34,
    0xDE54, 0xDE13, 0xE654, 0xDE34, 0xE655, 0xE674, 0xDE34, 0xDE55,
    0xDE14, 0xDE34, 0xDE55, 0xDE34, 0xE675, 0xE654, 0xE695, 0xE675,
    0xE696, 0xE676, 0xE675, 0xE675, 0xE675, 0xE696, 0xE676, 0xE675,
    0xE675, 0xE696, 0xE6B6, 0xE675, 0xE695, 0xE6B6, 0xE676, 0xE6B6,
    0xE696, 0xE696, 0xEE97, 0xE676, 0xEE95, 0xEEB7, 0xE6B7, 0xE6B6,
    0xE696, 0xE696, 0xE675, 0xE675, 0xE675, 0xE654, 0xE655, 0xE674,
    0xEE96, 0xEE95, 0xE675, 0xEE95, 0xEED6, 0xEE96, 0xEED7, 0xEEB6,
    0xF6F7, 0xEED7, 0xF6F8, 0xF6F8, 0xF718, 0xF719, 0xF719, 0xF719,
    0xFF9C, 0xC5D5, 0x39E6, 0x18A2, 0x0841, 0x0000, 0x0000, 0x0000,
    0x0000, 0x0000, 0x0000, 0x0000, 0x0000, 0x0000, 0x0000, 0x0000,
    0x0000, 0x0000, 0x0000, 0x0000, 0x0000, 0x0000, 0x0000, 0x0000,
    0x0000, 0x0000, 0x0000, 0x0000, 0x0000, 0x0000, 0x0000, 0x0000,
    0x0000, 0x0000, 0x0000, 0x0000, 0x0000, 0x0000, 0x0000, 0x0000,
    0x0000, 0x0000, 0x0000, 0x0000, 0x0000, 0x0000, 0x0000, 0x0000,
    0x0000, 0x0000, 0x0000, 0x0000, 0x0000, 0x0000, 0x0000, 0x0000,
    0x0000, 0x0000, 0x0000, 0x0000, 0x0000, 0x0000, 0x0000, 0x0000,
    0x0000, 0x0000, 0x0000, 0x0000, 0x0000, 0x0000, 0x0000, 0x0000,
    0x0000, 0x0000, 0x0000, 0x0020, 0x0861, 0x18E3, 0x7BAD, 0xF79C,
    0xF73B, 0xEEF8, 0xEEF8, 0xEED8, 0xE6B7, 0xE696, 0xE697, 0xE676,
    0xDE54, 0xDE55, 0xDE14, 0xDDF3, 0xD614, 0xD5D3, 0xD5B2, 0xC571,
    0xCD70, 0xC550, 0xC530, 0xC50F, 0xBCEF, 0xBD10, 0xBD30, 0xBD30,
    0xBD30, 0xBD31, 0xB510, 0xBD71, 0xB4EF, 0xB4CF, 0xB510, 0xB510,
    0xB510, 0xBD30, 0xB4EF, 0xACCE, 0xB4CF, 0xBD10, 0xB4EF, 0xB4CF,
    0xB4CF, 0xB4CF, 0xB4EF, 0xBD0F, 0xBD10, 0xBD31, 0xBD0F, 0xBD10,
    0xBD10, 0xC550, 0xBD2F, 0xBD10, 0xC571, 0xC551, 0xC530, 0xBD30,
    0xC530, 0xC571, 0xC570, 0xC592, 0xCD92, 0xC5B2, 0xC591, 0xC571,
    0xCDB1, 0xCD92, 0xCD91, 0xD5D3, 0xD614, 0xD5B3, 0xCD91, 0xCDF3,
    0xD5F3, 0xD5F3, 0xD5D3, 0xCDD2, 0xCDB2, 0xCDB2, 0xD5F3, 0xCDB2,
    0xD5D2, 0xD5D3, 0xD613, 0xD5D2, 0xD5D2, 0xD5D2, 0xD5F3, 0xDE34,
    0xDE34, 0xDE12, 0xDE33, 0xDE34, 0xDE13, 0xDE34, 0xDE34, 0xDE34,
    0xE675, 0xDE13, 0xE654, 0xDE54, 0xE655, 0xDE54, 0xDE34, 0xDE35,
    0xE654, 0xDE35, 0xDE55, 0xDE14, 0xE675, 0xDE34, 0xE675, 0xE655,
    0xE675, 0xE696, 0xE695, 0xE675, 0xE675, 0xE696, 0xE676, 0xE675,
    0xE675, 0xE696, 0xE6B6, 0xE696, 0xE695, 0xEEB6, 0xEE96, 0xEEB6,
    0xEEB6, 0xE696, 0xF6B7, 0xEEB6, 0xE675, 0xEEB7, 0xEEB7, 0xE696,
    0xE696, 0xE696, 0xE675, 0xE675, 0xE655, 0xDDF2, 0xE614, 0xE654,
    0xE675, 0xEE95, 0xE675, 0xEE95, 0xEED6, 0xEE96, 0xEEB6, 0xEEB6,
    0xEED7, 0xEED7, 0xF6F7, 0xF6F8, 0xF718, 0xF718, 0xF718, 0xF719,
    0xF73B, 0xFF9C, 0x7BAD, 0x18C2, 0x1082, 0x0841, 0x0000, 0x0000,
    0x0000, 0x0000, 0x0000, 0x0000, 0x0000, 0x0000, 0x0000, 0x0000,
    0x0000, 0x0000, 0x0000, 0x0000, 0x0000, 0x0000, 0x0000, 0x0000,
    0x0000, 0x0000, 0x0000, 0x0000, 0x0000, 0x0000, 0x0000, 0x0000,
    0x0000, 0x0000, 0x0000, 0x0000, 0x0000, 0x0000, 0x0000, 0x0000,
    0x0000, 0x0000, 0x0000, 0x0000, 0x0000, 0x0000, 0x0000, 0x0000,
    0x0000, 0x0000, 0x0000, 0x0000, 0x0000, 0x0000, 0x0000, 0x0000,
    0x0000, 0x0000, 0x0000, 0x0000, 0x0000, 0x0000, 0x0000, 0x0000,
    0x0000, 0x0000, 0x0000, 0x0000, 0x0000, 0x0000, 0x0000, 0x0000,
    0x0000, 0x0000, 0x0000, 0x0861, 0x20E3, 0x2123, 0xBDF5, 0xFFDD,
    0xEF1A, 0xEEF8, 0xEED8, 0xE6B8, 0xE696, 0xE676, 0xE676, 0xDE55,
    0xDE55, 0xDE55, 0xDE34, 0xDE14, 0xD5F3, 0xD5F3, 0xD5F3, 0xCDB2,
    0xCD91, 0xC550, 0xC571, 0xC570, 0xBD0F, 0xBD30, 0xBD30, 0xBD0F,
    0xBD30, 0xBD30, 0xBD31, 0xBD72, 0xB4EF, 0xB4CF, 0xB4EF, 0xBD30,
    0xB510, 0xBD30, 0xB4EF, 0xB50F, 0xB4CF, 0xB4EF, 0xB50F, 0xB4EF,
    0xB4EF, 0xB4CF, 0xB4EF, 0xBD30, 0xBD50, 0xBD10, 0xBD30, 0xBD30,
    0xBD10, 0xC571, 0xBD0F, 0xBCEF, 0xC572, 0xC571, 0xBD30, 0xC551,
    0xC551, 0xC551, 0xC571, 0xC571, 0xCD92, 0xCDD3, 0xC571, 0xC571,
    0xCDB2, 0xCD91, 0xC591, 0xD5D3, 0xD614, 0xCD92, 0xCD71, 0xCDD2,
    0xCDB2, 0xD5F3, 0xD5D3, 0xCDD2, 0xCD91, 0xCDB2, 0xD5D3, 0xCD91,
    0xD5F3, 0xD5D2, 0xD5D2, 0xD5F3, 0xD5F3, 0xD5D2, 0xD5D2, 0xDE34,
    0xDE34, 0xDE13, 0xD5F2, 0xDE13, 0xDE13, 0xDE34, 0xDE34, 0xDE34,
    0xE675, 0xDE14, 0xDE34, 0xDE54, 0xDE34, 0xDE34, 0xDE55, 0xDE14,
    0xDE34, 0xDE55, 0xDE55, 0xDE34, 0xE654, 0xDE34, 0xE676, 0xDE34,
    0xDE34, 0xE696, 0xE696, 0xE675, 0xE675, 0xE696, 0xE675, 0xE654,
    0xE655, 0xE696, 0xE696, 0xE696, 0xE696, 0xEEB6, 0xEEB7, 0xEEB6,
    0xEEB6, 0xE6B6, 0xEEB6, 0xEEB6, 0xE696, 0xE696, 0xEEB7, 0xE676,
    0xE696, 0xE696, 0xE655, 0xE655, 0xDE34, 0xD5D2, 0xDE13, 0xE634,
    0xE675, 0xE675, 0xE675, 0xE675, 0xEE96, 0xEEB6, 0xEE95, 0xEEB6,
    0xEEB7, 0xEED7, 0xEED7, 0xF6F8, 0xF6F8, 0xF6F8, 0xF718, 0xF719,
    0xF73A, 0xFF9C, 0xC5B4, 0x3185, 0x0861, 0x0861, 0x0000, 0x0000,
    0x0000, 0x0000, 0x0000, 0x0000, 0x0000, 0x0000, 0x0000, 0x0000,
    0x0000, 0x0000, 0x0000, 0x0000, 0x0000, 0x0000, 0x0000, 0x0000,
    0x0000, 0x0000, 0x0000, 0x0000, 0x0000, 0x0000, 0x0000, 0x0000,
    0x0000, 0x0000, 0x0000, 0x0000, 0x0000, 0x0000, 0x0000, 0x0000,
    0x0000, 0x0000, 0x0000, 0x0000, 0x0000, 0x0000, 0x0000, 0x0000,
    0x0000, 0x0000, 0x0000, 0x0000, 0x0000, 0x0000, 0x0000, 0x0000,
    0x0000, 0x0000, 0x0000, 0x0000, 0x0000, 0x0000, 0x0000, 0x0000,
    0x0000, 0x0000, 0x0000, 0x0000, 0x0000, 0x0000, 0x0000, 0x0000,
    0x0000, 0x0000, 0x0000, 0x0841, 0x18C2, 0x6B4C, 0xF77C, 0xF79C,
    0xEF3A, 0xEEF9, 0xEED8, 0xE696, 0xE696, 0xE676, 0xDE55, 0xDE35,
    0xDE55, 0xDE35, 0xDE35, 0xD614, 0xDE14, 0xD5F3, 0xCDB1, 0xCDB2,
    0xCD92, 0xC571, 0xC571, 0xC591, 0xBD30, 0xBD30, 0xBD10, 0xB4EF,
    0xBD30, 0xBD51, 0xBD72, 0xB510, 0xB510, 0xBD10, 0xB510, 0xBD51,
    0xBD51, 0xBD31, 0xB510, 0xBD10, 0xBD30, 0xBD10, 0xBD10, 0xB510,
    0xB4EF, 0xB4EF, 0xBD10, 0xBD51, 0xBD72, 0xBD0F, 0xBD0F, 0xBD10,
    0xC551, 0xBD30, 0xBD0F, 0xBD0F, 0xC592, 0xC592, 0xBD30, 0xC551,
    0xC550, 0xBD30, 0xC550, 0xCD92, 0xCDD3, 0xCDB2, 0xCD91, 0xCD71,
    0xCD91, 0xCDB2, 0xCDB2, 0xD5D3, 0xD5D3, 0xCDB2, 0xCD71, 0xCD71,
    0xCD91, 0xCDB2, 0xCDB2, 0xD614, 0xCDB2, 0xCDB2, 0xD5D2, 0xCDB2,
    0xD5D3, 0xD5F3, 0xD5F3, 0xD5F3, 0xD5F3, 0xD5F3, 0xD5F3, 0xDE34,
    0xDE34, 0xDE14, 0xDE13, 0xDE13, 0xDE13, 0xDDF3, 0xDE34, 0xDE55,
    0xDE14, 0xE655, 0xDE55, 0xDE55, 0xDE13, 0xDE13, 0xDE55, 0xDE55,
    0xDE13, 0xDE34, 0xDE55, 0xE655, 0xDE34, 0xE655, 0xDE55, 0xDE34,
    0xDE34, 0xE675, 0xE655, 0xE675, 0xE675, 0xE696, 0xE675, 0xE675,
    0xE675, 0xE676, 0xE696, 0xE675, 0xE696, 0xE6B6, 0xEEB7, 0xE696,
    0xE696, 0xEED7, 0xE6B6, 0xE696, 0xEED7, 0xEEB7, 0xEEB7, 0xE696,
    0xE696, 0xE696, 0xDE54, 0xDE54, 0xDE33, 0xDE33, 0xE654, 0xE634,
    0xE654, 0xE654, 0xE675, 0xE675, 0xEE96, 0xEE96, 0xE675, 0xEE95,
    0xEEB6, 0xEEB6, 0xEEB6, 0xEEB6, 0xF6F7, 0xF6F8, 0xF719, 0xF719,
    0xF73A, 0xF75C, 0xFFDD, 0x9C90, 0x1082, 0x0000, 0x0020, 0x0000,
    0x0000, 0x0000, 0x0000, 0x0000, 0x0000, 0x0000, 0x0000, 0x0000,
    0x0000, 0x0000, 0x0000, 0x0000, 0x0000, 0x0000, 0x0000, 0x0000,
    0x0000, 0x0000, 0x0000, 0x0000, 0x0000, 0x0000, 0x0000, 0x0000,
    0x0000, 0x0000, 0x0000, 0x0000, 0x0000, 0x0000, 0x0000, 0x0000,
    0x0000, 0x0000, 0x0000, 0x0000, 0x0000, 0x0000, 0x0000, 0x0000,
    0x0000, 0x0000, 0x0000, 0x0000, 0x0000, 0x0000, 0x0000, 0x0000,
    0x0000, 0x0000, 0x0000, 0x0000, 0x0000, 0x0000, 0x0000, 0x0000,
    0x0000, 0x0000, 0x0000, 0x0000, 0x0000, 0x0000, 0x0000, 0x0000,
    0x0000, 0x0000, 0x0020, 0x0000, 0x20E3, 0xC617, 0xFFDE, 0xF75B,
    0xEF3A, 0xEEF9, 0xEED8, 0xE6B7, 0xE676, 0xE676, 0xE676, 0xDE14,
    0xDE34, 0xDE55, 0xDE14, 0xD614, 0xDE14, 0xD5D2, 0xCD90, 0xCDB2,
    0xCD91, 0xCD92, 0xC571, 0xBD2F, 0xBD30, 0xB50F, 0xBD10, 0xBD10,
    0xBD51, 0xBD31, 0xB531, 0xB510, 0xB510, 0xBD30, 0xBD30, 0xBD71,
    0xBD51, 0xBD31, 0xBD31, 0xBD10, 0xBD30, 0xBD51, 0xB4EF, 0xB4CF,
    0xBD10, 0xB4EF, 0xBD30, 0xBD30, 0xBD72, 0xB4EF, 0xBD30, 0xBD10,
    0xC551, 0xBD0F, 0xBD30, 0xC550, 0xC592, 0xC592, 0xC551, 0xBD50,
    0xC570, 0xC571, 0xC550, 0xCDB2, 0xCDB3, 0xCD92, 0xCDB2, 0xCDB2,
    0xCDD2, 0xCDB2, 0xCDB2, 0xCD91, 0xD5D3, 0xCDD3, 0xCD92, 0xC571,
    0xD5D2, 0xCDB2, 0xD5F4, 0xD634, 0xCD91, 0xCDB2, 0xD5D2, 0xD5D2,
    0xD5D3, 0xD5D3, 0xD5F3, 0xD5D2, 0xD614, 0xD613, 0xDE34, 0xDE14,
    0xDE13, 0xDDF3, 0xE613, 0xDE34, 0xDE14, 0xDE14, 0xDE34, 0xDE55,
    0xDE14, 0xE654, 0xE676, 0xDE55, 0xDE34, 0xDE34, 0xDE34, 0xDE55,
    0xDE34, 0xDE13, 0xDE54, 0xE635, 0xDE55, 0xE675, 0xE655, 0xDE34,
    0xE654, 0xE696, 0xE655, 0xE654, 0xE654, 0xE696, 0xE696, 0xE696,
    0xE696, 0xE676, 0xE6B6, 0xE675, 0xE696, 0xE695, 0xEEB7, 0xEE97,
    0xE696, 0xEEB7, 0xEED7, 0xEE96, 0xEEB7, 0xF6B7, 0xEEB7, 0xEEB7,
    0xE675, 0xE696, 0xE655, 0xDE54, 0xDE13, 0xDDF2, 0xEE75, 0xE675,
    0xE654, 0xE654, 0xE674, 0xE675, 0xEE96, 0xEE96, 0xE675, 0xEE95,
    0xEEB6, 0xEED7, 0xEED7, 0xEEB7, 0xF6D7, 0xF6F8, 0xF719, 0xF719,
    0xF73A, 0xF75A, 0xFFDD, 0xE6D9, 0x5ACA, 0x1082, 0x0000, 0x0000,
    0x0000, 0x0000, 0x0000, 0x0000, 0x0000, 0x0000, 0x0000, 0x0000,
    0x0000, 0x0000, 0x0000, 0x0000, 0x0000, 0x0000, 0x0000, 0x0000,
    0x0000, 0x0000, 0x0000, 0x0000, 0x0000, 0x0000, 0x0000, 0x0000,
    0x0000, 0x0000, 0x0000, 0x0000, 0x0000, 0x0000, 0x0000, 0x0000,
    0x0000, 0x0000, 0x0000, 0x0000, 0x0000, 0x0000, 0x0000, 0x0000,
    0x0000, 0x0000, 0x0000, 0x0000, 0x0000, 0x0000, 0x0000, 0x0000,
    0x0000, 0x0000, 0x0000, 0x0000, 0x0000, 0x0000, 0x0000, 0x0000,
    0x0000, 0x0000, 0x0000, 0x0000, 0x0000, 0x0000, 0x0000, 0x0000,
    0x0000, 0x0020, 0x0000, 0x0881, 0x736C, 0xFF9D, 0xFF9D, 0xF75B,
    0xEEF9, 0xEEF8, 0xEED7, 0xE6B7, 0xE676, 0xE696, 0xE676, 0xDE35,
    0xDE54, 0xDE55, 0xD5F3, 0xD5F3, 0xD5F3, 0xCDB2, 0xD5B2, 0xCDD3,
    0xCD91, 0xCD71, 0xC571, 0xBD0F, 0xBD30, 0xB4CE, 0xBD10, 0xBD51,
    0xBD51, 0xBD31, 0xB4F0, 0xB510, 0xB510, 0xBD30, 0xBD30, 0xBD71,
    0xBD51, 0xBD31, 0xBD31, 0xBCEF, 0xBCEF, 0xBD51, 0xB4EF, 0xBCCF,
    0xBD30, 0xB4EF, 0xBD30, 0xBCF0, 0xBD30, 0xB4F0, 0xBD51, 0xBD30,
    0xC551, 0xBD0F, 0xBD70, 0xC551, 0xC592, 0xC550, 0xC551, 0xC550,
    0xC571, 0xC592, 0xC550, 0xCDB2, 0xCD71, 0xCDB2, 0xCDB2, 0xCDD3,
    0xCDD3, 0xCDB2, 0xCDB2, 0xD5B2, 0xCDD3, 0xCDD3, 0xD5D3, 0xC592,
    0xD5F4, 0xD5F2, 0xDE36, 0xD5F3, 0xD5B1, 0xD5D3, 0xCD92, 0xD5D2,
    0xD5D2, 0xD5D3, 0xD5D2, 0xD5D2, 0xDE34, 0xDE13, 0xDE34, 0xDE14,
    0xDE34, 0xD5F3, 0xDE13, 0xDE34, 0xDE14, 0xDE54, 0xDDF3, 0xDE54,
    0xDE55, 0xDE34, 0xE655, 0xDE55, 0xE675, 0xDE34, 0xDE13, 0xDE55,
    0xDE34, 0xDE13, 0xDE34, 0xDE13, 0xDE55, 0xE675, 0xE655, 0xE634,
    0xE654, 0xE696, 0xE676, 0xE675, 0xE654, 0xE696, 0xE6B6, 0xE696,
    0xEEB6, 0xEE96, 0xE6B6, 0xE675, 0xEEB7, 0xEE76, 0xEEB7, 0xEED8,
    0xEE96, 0xE696, 0xEED7, 0xEEB6, 0xEE96, 0xEEB6, 0xEEB7, 0xEEB7,
    0xE675, 0xE696, 0xE655, 0xDE34, 0xDE14, 0xD5D1, 0xE634, 0xE675,
    0xE632, 0xE654, 0xE674, 0xEE95, 0xEE76, 0xEE96, 0xE675, 0xEE95,
    0xEEB6, 0xEED7, 0xEED7, 0xEEF7, 0xEED8, 0xF6F8, 0xF719, 0xF719,
    0xF739, 0xF75A, 0xF75A, 0xFFBC, 0xA4F2, 0x29A5, 0x0861, 0x0020,
    0x0000, 0x0000, 0x0000, 0x0000, 0x0000, 0x0000, 0x0000, 0x0000,
    0x0000, 0x0000, 0x0000, 0x0000, 0x0000, 0x0000, 0x0000, 0x0000,
    0x0000, 0x0000, 0x0000, 0x0000, 0x0000, 0x0000, 0x0000, 0x0000,
    0x0000, 0x0000, 0x0000, 0x0000, 0x0000, 0x0000, 0x0000, 0x0000,
    0x0000, 0x0000, 0x0000, 0x0000, 0x0000, 0x0000, 0x0000, 0x0000,
    0x0000, 0x0000, 0x0000, 0x0000, 0x0000, 0x0000, 0x0000, 0x0000,
    0x0000, 0x0000, 0x0000, 0x0000, 0x0000, 0x0000, 0x0000, 0x0000,
    0x0000, 0x0000, 0x0000, 0x0000, 0x0000, 0x0000, 0x0000, 0x0000,
    0x0000, 0x0000, 0x0000, 0x4A48, 0xDEB9, 0xFFBD, 0xF75B, 0xEF19,
    0xE6D8, 0xE6D8, 0xE696, 0xE676, 0xE676, 0xE696, 0xDE75, 0xDE76,
    0xDE75, 0xDE55, 0xD5F3, 0xD5D2, 0xD5D2, 0xCDB2, 0xD5D3, 0xCDD3,
    0xC571, 0xC550, 0xC571, 0xC591, 0xBD30, 0xB4AE, 0xB4EF, 0xBD51,
    0xB510, 0xBD10, 0xB510, 0xB510, 0xBD30, 0xBD51, 0xBD51, 0xBD51,
    0xBD51, 0xBD10, 0xBD30, 0xB4EF, 0xB4EF, 0xBD30, 0xBD10, 0xBD10,
    0xBD10, 0xBD10, 0xBD30, 0xBD10, 0xBD10, 0xBD31, 0xBD31, 0xBD30,
    0xC571, 0xBD30, 0xBD50, 0xBD30, 0xC592, 0xBD10, 0xC551, 0xC551,
    0xC551, 0xC571, 0xBD30, 0xCD92, 0xC571, 0xCDD3, 0xC571, 0xCDB2,
    0xCD92, 0xCDB2, 0xCDB2, 0xD5F3, 0xCDD3, 0xCDB2, 0xD5F3, 0xCDD3,
    0xD5F4, 0xD5F3, 0xDE35, 0xD5D2, 0xD5D3, 0xD614, 0xCD91, 0xCDD2,
    0xCDB1, 0xD5F3, 0xD5D2, 0xD5D2, 0xDE34, 0xDE14, 0xDE14, 0xDE34,
    0xDE55, 0xD5F3, 0xD5F3, 0xDE34, 0xDE14, 0xDE34, 0xD5F2, 0xDE34,
    0xDE55, 0xDE54, 0xDE34, 0xDE34, 0xE675, 0xDE34, 0xDE13, 0xDE34,
    0xDE34, 0xDE34, 0xDE34, 0xDE13, 0xDE34, 0xE675, 0xE655, 0xE654,
    0xDE34, 0xE675, 0xE696, 0xE696, 0xE675, 0xE696, 0xE6B6, 0xE696,
    0xEEB6, 0xEEB6, 0xE696, 0xE696, 0xEEB7, 0xEEB7, 0xE696, 0xEEF8,
    0xEEB7, 0xE696, 0xEEB7, 0xEED7, 0xEE96, 0xE696, 0xEEB6, 0xE696,
    0xE696, 0xE696, 0xDE34, 0xDE13, 0xDE34, 0xDE13, 0xDE13, 0xE654,
    0xDE12, 0xE634, 0xE675, 0xEEB6, 0xE655, 0xE675, 0xE675, 0xEE95,
    0xEEB6, 0xEED7, 0xEED7, 0xEEF7, 0xEEF8, 0xEEF7, 0xF718, 0xF719,
    0xF719, 0xF75A, 0xF75A, 0xFFBC, 0xCE37, 0x4A68, 0x10C2, 0x0841,
    0x0000, 0x0000, 0x0000, 0x0000, 0x0000, 0x0000, 0x0000, 0x0000,
    0x0000, 0x0000, 0x0000, 0x0000, 0x0000, 0x0000, 0x0000, 0x0000,
    0x0000, 0x0000, 0x0000, 0x0000, 0x0000, 0x0000, 0x0000, 0x0000,
    0x0000, 0x0000, 0x0000, 0x0000, 0x0000, 0x0000, 0x0000, 0x0000,
    0x0000, 0x0000, 0x0000, 0x0000, 0x0000, 0x0000, 0x0000, 0x0000,
    0x0000, 0x0000, 0x0000, 0x0000, 0x0000, 0x0000, 0x0000, 0x0000,
    0x0000, 0x0000, 0x0000, 0x0000, 0x0000, 0x0000, 0x0000, 0x0000,
    0x0000, 0x0000, 0x0000, 0x0000, 0x0000, 0x0000, 0x0000, 0x0000,
    0x0000, 0x0000, 0x10A2, 0x9CB1, 0xFFDE, 0xFF7C, 0xEF3A, 0xE6B7,
    0xE6B7, 0xE6B8, 0xE676, 0xDE55, 0xE676, 0xE676, 0xE676, 0xDE55,
    0xDE14, 0xDE33, 0xD5D3, 0xD5F3, 0xD5D2, 0xCDB2, 0xCD91, 0xC571,
    0xCD92, 0xC571, 0xC571, 0xC571, 0xB4EF, 0xB4AE, 0xACAE, 0xB4EF,
    0xB4EF, 0xB4CF, 0xB510, 0xB510, 0xC551, 0xBD51, 0xBD71, 0xC572,
    0xBD51, 0xB4EF, 0xBD31, 0xBD30, 0xBD30, 0xBD31, 0xB4EF, 0xB510,
    0xBD30, 0xBD31, 0xBD10, 0xBD30, 0xBD51, 0xC592, 0xBD50, 0xBD51,
    0xC551, 0xBD30, 0xBD30, 0xC551, 0xC551, 0xBD10, 0xBD30, 0xBD0F,
    0xC551, 0xC571, 0xBD30, 0xC571, 0xCDB2, 0xD5F3, 0xC550, 0xCD91,
    0xCDB2, 0xCDB2, 0xCDD3, 0xCDB2, 0xCDB2, 0xCDD2, 0xCDB2, 0xD5F4,
    0xD5F3, 0xD614, 0xD5D3, 0xCDB2, 0xD5D3, 0xD5F3, 0xD5D2, 0xD5D2,
    0xCD91, 0xD5F3, 0xDE34, 0xD5F3, 0xDE34, 0xDE14, 0xDE55, 0xDE34,
    0xDE14, 0xDE13, 0xD5F3, 0xD613, 0xDE13, 0xDE13, 0xDE33, 0xDE34,
    0xDE34, 0xDE54, 0xE655, 0xDE54, 0xE696, 0xDE34, 0xDE13, 0xDE13,
    0xDE13, 0xDE34, 0xE675, 0xE675, 0xDE14, 0xE675, 0xE675, 0xE675,
    0xE675, 0xE675, 0xE675, 0xE6B6, 0xE6B6, 0xE675, 0xE6B6, 0xE696,
    0xE675, 0xEEB6, 0xE696, 0xEEB6, 0xE696, 0xEED7, 0xE696, 0xEEB7,
    0xEED7, 0xEEB7, 0xEEB6, 0xEEB7, 0xEEB6, 0xE695, 0xEEB6, 0xE696,
    0xE6B6, 0xE675, 0xDE34, 0xDDF3, 0xDE13, 0xDDF3, 0xDE13, 0xDE34,
    0xDE34, 0xE654, 0xE654, 0xE695, 0xE654, 0xE675, 0xEEB6, 0xE695,
    0xEE95, 0xEEB7, 0xEED7, 0xEED7, 0xF6F8, 0xF6F8, 0xF6F8, 0xF718,
    0xF718, 0xF739, 0xF75A, 0xF77B, 0xFF9C, 0x7B8D, 0x0840, 0x0000,
    0x0000, 0x0000, 0x0000, 0x0000, 0x0000, 0x0000, 0x0000, 0x0000,
    0x0000, 0x0000, 0x0000, 0x0000, 0x0000, 0x0000, 0x0000, 0x0000,
    0x0000, 0x0000, 0x0000, 0x0000, 0x0000, 0x0000, 0x0000, 0x0000,
    0x0000, 0x0000, 0x0000, 0x0000, 0x0000, 0x0000, 0x0000, 0x0000,
    0x0000, 0x0000, 0x0000, 0x0000, 0x0000, 0x0000, 0x0000, 0x0000,
    0x0000, 0x0000, 0x0000, 0x0000, 0x0000, 0x0000, 0x0000, 0x0000,
    0x0000, 0x0000, 0x0000, 0x0000, 0x0000, 0x0000, 0x0000, 0x0000,
    0x0000, 0x0000, 0x0000, 0x0000, 0x0000, 0x0000, 0x0000, 0x0000,
    0x0000, 0x1081, 0x4A48, 0xE6B9, 0xFFDD, 0xF73A, 0xEF19, 0xEEB7,
    0xE6B7, 0xE697, 0xE696, 0xDE55, 0xE676, 0xE676, 0xE655, 0xDE34,
    0xDE13, 0xDDD2, 0xCDB2, 0xD5F3, 0xCDB2, 0xCDB1, 0xCD91, 0xCD91,
    0xCD71, 0xC550, 0xC571, 0xBD2F, 0xBCEF, 0xB4CE, 0xAC6D, 0xACAE,
    0xB4CE, 0xB4CF, 0xB510, 0xB4EF, 0xC531, 0xBD71, 0xBD71, 0xC551,
    0xBD51, 0xBD30, 0xBD51, 0xBD51, 0xBD51, 0xB510, 0xB4EF, 0xB510,
    0xBD51, 0xBD30, 0xBD31, 0xBD30, 0xBD31, 0xC552, 0xBD50, 0xC551,
    0xBD30, 0xC571, 0xC551, 0xC551, 0xC530, 0xC550, 0xC571, 0xC530,
    0xCD92, 0xC571, 0xC570, 0xC571, 0xCDB2, 0xD5D3, 0xCD71, 0xC571,
    0xCDB2, 0xCD92, 0xCDD3, 0xCDB2, 0xCDD3, 0xCDD2, 0xD5D3, 0xD5F4,
    0xD5D3, 0xD614, 0xD5D3, 0xD5D2, 0xD5D2, 0xD5D2, 0xD5D2, 0xD5D2,
    0xD5B1, 0xD5F3, 0xDE34, 0xDE14, 0xDE14, 0xD613, 0xDE14, 0xDE34,
    0xDE34, 0xE613, 0xDE34, 0xD5F2, 0xD5F2, 0xD613, 0xDE34, 0xDE13,
    0xDE13, 0xDE33, 0xEE55, 0xDE54, 0xE655, 0xDE34, 0xDE34, 0xDE13,
    0xDE13, 0xDE34, 0xE675, 0xE675, 0xE635, 0xE654, 0xE675, 0xE675,
    0xE696, 0xE675, 0xE655, 0xE6B6, 0xE6B6, 0xE696, 0xE695, 0xEEB6,
    0xE675, 0xEEB6, 0xE695, 0xF6B6, 0xEE96, 0xEED6, 0xEEB7, 0xEE96,
    0xEED6, 0xEEB7, 0xEEB7, 0xEEB6, 0xEEB6, 0xEEB5, 0xEEB6, 0xEEB6,
    0xEEB7, 0xE675, 0xDE13, 0xDDF2, 0xDDF3, 0xDE13, 0xDDF2, 0xDE33,
    0xDE34, 0xE654, 0xE633, 0xE674, 0xE675, 0xEE96, 0xF6D6, 0xEE96,
    0xEE75, 0xEE96, 0xEED7, 0xEED6, 0xFEF8, 0xFEF8, 0xF6F8, 0xF718,
    0xF718, 0xF718, 0xF75A, 0xF73B, 0xFFBC, 0xC5D5, 0x18E2, 0x0000,
    0x0000, 0x0000, 0x0000, 0x0000, 0x0000, 0x0000, 0x0000, 0x0000,
    0x0000, 0x0000, 0x0000, 0x0000, 0x0000, 0x0000, 0x0000, 0x0000,
    0x0000, 0x0000, 0x0000, 0x0000, 0x0000, 0x0000, 0x0000, 0x0000,
    0x0000, 0x0000, 0x0000, 0x0000, 0x0000, 0x0000, 0x0000, 0x0000,
    0x0000, 0x0000, 0x0000, 0x0000, 0x0000, 0x0000, 0x0000, 0x0000,
    0x0000, 0x0000, 0x0000, 0x0000, 0x0000, 0x0000, 0x0000, 0x0000,
    0x0000, 0x0000, 0x0000, 0x0000, 0x0000, 0x0000, 0x0000, 0x0000,
    0x0000, 0x0000, 0x0000, 0x0000, 0x0000, 0x0000, 0x0000, 0x0000,
    0x10A2, 0x2964, 0x9C90, 0xFFDD, 0xF77C, 0xEF3A, 0xEEF8, 0xEED8,
    0xE6B7, 0xE696, 0xE675, 0xDE55, 0xE676, 0xDE55, 0xDE34, 0xDE34,
    0xDE13, 0xD5D2, 0xCDD2, 0xD5F3, 0xCDB2, 0xD5D2, 0xCD71, 0xCDD2,
    0xC550, 0xC530, 0xC571, 0xC50F, 0xBCEF, 0xB4CE, 0xB48D, 0xACAE,
    0xB4AD, 0xB4AF, 0xB510, 0xB4AF, 0xBCEF, 0xBD71, 0xBD30, 0xBD31,
    0xBD51, 0xBD71, 0xBD51, 0xBD31, 0xBD51, 0xB510, 0xB50F, 0xB510,
    0xBD31, 0xBD30, 0xBD71, 0xBD10, 0xC551, 0xBD10, 0xBD10, 0xC551,
    0xBD50, 0xC570, 0xC551, 0xC550, 0xBD30, 0xC592, 0xCDB2, 0xC571,
    0xCDB2, 0xC571, 0xCDB2, 0xC591, 0xCDB2, 0xCD91, 0xCD71, 0xC571,
    0xCDB2, 0xCDB2, 0xCD91, 0xCDB2, 0xCDD3, 0xCDB2, 0xD5D3, 0xD5B2,
    0xD5D3, 0xD614, 0xD5F3, 0xD5F3, 0xD5F3, 0xD5D2, 0xD5D2, 0xD5D2,
    0xD5D1, 0xD613, 0xD5F2, 0xE634, 0xD614, 0xD613, 0xD5F3, 0xDE34,
    0xDE34, 0xDE13, 0xDE34, 0xD5D2, 0xD612, 0xD613, 0xDE34, 0xDE33,
    0xDE13, 0xDE13, 0xE653, 0xDE34, 0xDE13, 0xE654, 0xE655, 0xDE13,
    0xE634, 0xE655, 0xE654, 0xE655, 0xE675, 0xE654, 0xE675, 0xE696,
    0xE696, 0xE675, 0xE655, 0xE696, 0xE6B6, 0xE696, 0xE675, 0xEEB6,
    0xE675, 0xE696, 0xE695, 0xEE96, 0xF6B7, 0xEEB6, 0xEEB7, 0xE696,
    0xEEB6, 0xEEB7, 0xEEB7, 0xEEB6, 0xEED7, 0xEEB7, 0xEEB7, 0xF6B7,
    0xF6B7, 0xE695, 0xDE33, 0xD5F2, 0xD5B1, 0xDE13, 0xD5D2, 0xDE13,
    0xDE34, 0xE634, 0xDE13, 0xE654, 0xE675, 0xEE96, 0xEE95, 0xF696,
    0xEE76, 0xEE95, 0xEEB5, 0xEE96, 0xF6D7, 0xF6F7, 0xF6F8, 0xF718,
    0xF718, 0xF718, 0xF739, 0xF73A, 0xFF5B, 0xFF7C, 0x738C, 0x0881,
    0x0020, 0x0000, 0x0000, 0x0000, 0x0000, 0x0000, 0x0000, 0x0000,
    0x0000, 0x0000, 0x0000, 0x0000, 0x0000, 0x0000, 0x0000, 0x0000,
    0x0000, 0x0000, 0x0000, 0x0000, 0x0000, 0x0000, 0x0000, 0x0000,
    0x0000, 0x0000, 0x0000, 0x0000, 0x0000, 0x0000, 0x0000, 0x0000,
    0x0000, 0x0000, 0x0000, 0x0000, 0x0000, 0x0000, 0x0000, 0x0000,
    0x0000, 0x0000, 0x0000, 0x0000, 0x0000, 0x0000, 0x0000, 0x0000,
    0x0000, 0x0000, 0x0000, 0x0000, 0x0000, 0x0000, 0x0000, 0x0000,
    0x0000, 0x0000, 0x0000, 0x0000, 0x0000, 0x0000, 0x0000, 0x0020,
    0x2924, 0x4207, 0xD678, 0xFFFE, 0xF75B, 0xEF3A, 0xEED8, 0xE6D8,
    0xE6B7, 0xE676, 0xDE34, 0xDE55, 0xDE55, 0xDE34, 0xDE34, 0xDE14,
    0xD5F3, 0xD5F2, 0xD5F3, 0xD5F3, 0xD5D2, 0xD5D3, 0xC550, 0xCDB2,
    0xC550, 0xC550, 0xC571, 0xC550, 0xB4EF, 0xB4AE, 0xB4CE, 0xB4CF,
    0xAC8D, 0xACAE, 0xB510, 0xB4CF, 0xB4EF, 0xBD51, 0xBD30, 0xBD51,
    0xBD51, 0xBD51, 0xBD30, 0xB510, 0xBD51, 0xBD10, 0xBD30, 0xBD31,
    0xBD10, 0xBD30, 0xBD50, 0xBD10, 0xC571, 0xBD0F, 0xBD10, 0xBD51,
    0xC571, 0xBD50, 0xC551, 0xC550, 0xBD51, 0xC592, 0xCD92, 0xC571,
    0xC571, 0xC571, 0xCDB2, 0xC591, 0xCDB2, 0xC591, 0xC571, 0xCD92,
    0xCD91, 0xCDD2, 0xC550, 0xCD92, 0xCDB2, 0xCD92, 0xCDB2, 0xCD91,
    0xD5D3, 0xD5F3, 0xD5F3, 0xD5F3, 0xD614, 0xD5F3, 0xCDB2, 0xD5D2,
    0xD5D2, 0xD613, 0xD5D2, 0xDE34, 0xD614, 0xDE34, 0xD5F3, 0xDE34,
    0xDE34, 0xD5F3, 0xDE13, 0xD5F3, 0xDE33, 0xDE34, 0xDE34, 0xDE54,
    0xDE34, 0xDE34, 0xDE33, 0xDE33, 0xDE13, 0xE654, 0xE675, 0xDE34,
    0xE675, 0xE696, 0xE654, 0xE675, 0xE675, 0xE675, 0xE675, 0xE696,
    0xE696, 0xE675, 0xE675, 0xE696, 0xE696, 0xE675, 0xE696, 0xE696,
    0xE675, 0xE675, 0xE675, 0xE696, 0xEED7, 0xEEB6, 0xE696, 0xE696,
    0xEEB6, 0xEED7, 0xEEB7, 0xEEB7, 0xEED7, 0xEEB7, 0xEEB7, 0xEEB7,
    0xEEB7, 0xE696, 0xDE34, 0xD5D2, 0xD5B1, 0xD5F2, 0xD5D2, 0xDDF3,
    0xDE34, 0xDE13, 0xDE33, 0xDE33, 0xE675, 0xE675, 0xE654, 0xEE95,
    0xEE96, 0xEE95, 0xEE95, 0xEE96, 0xEEB6, 0xEED6, 0xF6F7, 0xF6F8,
    0xF6F8, 0xF718, 0xF718, 0xF739, 0xF73A, 0xFFBC, 0xDE78, 0x4227,
    0x0881, 0x0000, 0x0000, 0x0000, 0x0000, 0x0000, 0x0000, 0x0000,
    0x0000, 0x0000, 0x0000, 0x0000, 0x0000, 0x0000, 0x0000, 0x0000,
    0x0000, 0x0000, 0x0000, 0x0000, 0x0000, 0x0000, 0x0000, 0x0000,
    0x0000, 0x0000, 0x0000, 0x0000, 0x0000, 0x0000, 0x0000, 0x0000,
    0x0000, 0x0000, 0x0000, 0x0000, 0x0000, 0x0000, 0x0000, 0x0000,
    0x0000, 0x0000, 0x0000, 0x0000, 0x0000, 0x0000, 0x0000, 0x0000,
    0x0000, 0x0000, 0x0000, 0x0000, 0x0000, 0x0000, 0x0000, 0x0000,
    0x0000, 0x0000, 0x0000, 0x0000, 0x0000, 0x0000, 0x0020, 0x18E3,
    0x1081, 0x5B0A, 0xFFDD, 0xF79C, 0xF73A, 0xEF19, 0xEED8, 0xE697,
    0xE676, 0xDE34, 0xDE34, 0xE676, 0xDE34, 0xE675, 0xDE55, 0xDE13,
    0xD5F3, 0xD5D3, 0xD5F3, 0xD5D3, 0xD5D3, 0xCD91, 0xCD70, 0xCD71,
    0xC571, 0xC571, 0xBD30, 0xBD0F, 0xB4CE, 0xB4AE, 0xAC8D, 0xB4AE,
    0xACAE, 0xB4EF, 0xB4EF, 0xBD30, 0xBD30, 0xC551, 0xC592, 0xBD31,
    0xBD51, 0xBD30, 0xBD10, 0xBD10, 0xBD30, 0xBD51, 0xBD31, 0xBD30,
    0xBD51, 0xBD51, 0xBD30, 0xBD51, 0xBD30, 0xBD0F, 0xBD30, 0xBD50,
    0xC571, 0xC592, 0xC592, 0xC551, 0xC592, 0xBD30, 0xC551, 0xC592,
    0xC551, 0xC571, 0xC571, 0xC550, 0xCD71, 0xCDD3, 0xCD91, 0xCDB2,
    0xCDB2, 0xCDD3, 0xCDB2, 0xCDB2, 0xCDB2, 0xCD71, 0xCDB2, 0xCDB2,
    0xCD91, 0xD5D2, 0xD5F3, 0xD5D2, 0xD614, 0xD5D3, 0xD5D2, 0xD5D2,
    0xD5F3, 0xD5D2, 0xD5F3, 0xD5F3, 0xD5F3, 0xDE34, 0xDE34, 0xD5F3,
    0xDE34, 0xDE34, 0xDE34, 0xDE34, 0xDE13, 0xDE54, 0xDE55, 0xDE55,
    0xDE13, 0xE675, 0xDE55, 0xDE34, 0xE655, 0xDE34, 0xE675, 0xE654,
    0xDE34, 0xE675, 0xE675, 0xDE34, 0xE675, 0xE696, 0xE6B7, 0xE654,
    0xE696, 0xE6B6, 0xE696, 0xE6B6, 0xE695, 0xEEB6, 0xEEB6, 0xE696,
    0xEE95, 0xE675, 0xE695, 0xE675, 0xE696, 0xE696, 0xEEB6, 0xE675,
    0xEE96, 0xEED7, 0xEEB6, 0xEEB6, 0xEEB6, 0xEEB7, 0xEEB6, 0xE696,
    0xE6B6, 0xE696, 0xD5F3, 0xD5F2, 0xD5F3, 0xD5F3, 0xDDF3, 0xDDF3,
    0xDDF3, 0xE634, 0xE675, 0xE634, 0xE654, 0xE675, 0xE675, 0xE654,
    0xE695, 0xEE95, 0xEEB6, 0xEED7, 0xEED7, 0xEED6, 0xEED7, 0xEEF7,
    0xF6F7, 0xF718, 0xF718, 0xF739, 0xF75A, 0xF77A, 0xFF9C, 0x83AE,
    0x2123, 0x0040, 0x0000, 0x0000, 0x0000, 0x0000, 0x0000, 0x0000,
    0x0000, 0x0000, 0x0000, 0x0000, 0x0000, 0x0000, 0x0000, 0x0000,
    0x0000, 0x0000, 0x0000, 0x0000, 0x0000, 0x0000, 0x0000, 0x0000,
    0x0000, 0x0000, 0x0000, 0x0000, 0x0000, 0x0000, 0x0000, 0x0000,
    0x0000, 0x0000, 0x0000, 0x0000, 0x0000, 0x0000, 0x0000, 0x0000,
    0x0000, 0x0000, 0x0000, 0x0000, 0x0000, 0x0000, 0x0000, 0x0000,
    0x0000, 0x0000, 0x0000, 0x0000, 0x0000, 0x0000, 0x0000, 0x0000,
    0x0000, 0x0000, 0x0000, 0x0000, 0x0000, 0x0000, 0x0000, 0x0881,
    0x20E3, 0xC617, 0xFFDD, 0xF73A, 0xF71A, 0xEEF9, 0xEED8, 0xE676,
    0xE675, 0xDE34, 0xDE55, 0xE675, 0xDE14, 0xE675, 0xDE55, 0xDE14,
    0xDE14, 0xD5F3, 0xD5F2, 0xD614, 0xD5D3, 0xCD91, 0xCD91, 0xCD71,
    0xCD91, 0xC550, 0xC510, 0xBCEF, 0xB4CE, 0xB4CE, 0xAC6C, 0xAC8E,
    0xB4CF, 0xB4EF, 0xACAE, 0xBD10, 0xBD30, 0xC551, 0xC572, 0xBD10,
    0xBD51, 0xBD30, 0xBD11, 0xBD31, 0xBD50, 0xBD50, 0xBD51, 0xBD50,
    0xC572, 0xBD30, 0xC550, 0xC571, 0xBD10, 0xBD10, 0xC571, 0xC591,
    0xC571, 0xC592, 0xC592, 0xC551, 0xC592, 0xC571, 0xC572, 0xC592,
    0xC571, 0xC591, 0xCD92, 0xCD91, 0xCD91, 0xCDD3, 0xCD92, 0xCDB2,
    0xCDB1, 0xCDB3, 0xCDD2, 0xC591, 0xCDD2, 0xCDB2, 0xCDB2, 0xCDB2,
    0xCD91, 0xD5B2, 0xD614, 0xD5F3, 0xD5F3, 0xD5F3, 0xD5D2, 0xD5F3,
    0xD613, 0xD5F3, 0xD613, 0xD5F3, 0xDE14, 0xDE13, 0xE654, 0xD5D2,
    0xDE14, 0xDE55, 0xDE13, 0xDE34, 0xDE14, 0xDE33, 0xDE55, 0xDE55,
    0xDE13, 0xE675, 0xE675, 0xDE13, 0xE655, 0xE654, 0xE675, 0xE675,
    0xE655, 0xE654, 0xE675, 0xDE34, 0xE655, 0xE696, 0xE6B7, 0xE654,
    0xE675, 0xE6B6, 0xE696, 0xEEB6, 0xE675, 0xEEB6, 0xEEB7, 0xE696,
    0xEE96, 0xEE96, 0xEE96, 0xE675, 0xEE96, 0xEEB6, 0xEEB6, 0xEE96,
    0xEE96, 0xEEB6, 0xEEB6, 0xEED7, 0xEED7, 0xEED7, 0xEED7, 0xE696,
    0xE6B6, 0xE696, 0xD613, 0xD5B1, 0xDE14, 0xD5F2, 0xD5B2, 0xDDF2,
    0xDDF2, 0xEE54, 0xEE75, 0xE654, 0xE654, 0xE654, 0xEEB6, 0xE675,
    0xE675, 0xEEB6, 0xEEB6, 0xEED7, 0xEED7, 0xEEB6, 0xF6F7, 0xF6F8,
    0xF6F7, 0xF718, 0xF719, 0xF739, 0xF75A, 0xF73A, 0xFF9C, 0xCDF6,
    0x3985, 0x1081, 0x0020, 0x0000, 0x0000, 0x0000, 0x0000, 0x0000,
    0x0000, 0x0000, 0x0000, 0x0000, 0x0000, 0x0000, 0x0000, 0x0000,
    0x0000, 0x0000, 0x0000, 0x0000, 0x0000, 0x0000, 0x0000, 0x0000,
    0x0000, 0x0000, 0x0000, 0x0000, 0x0000, 0x0000, 0x0000, 0x0000,
    0x0000, 0x0000, 0x0000, 0x0000, 0x0000, 0x0000, 0x0000, 0x0000,
    0x0000, 0x0000, 0x0000, 0x0000, 0x0000, 0x0000, 0x0000, 0x0000,
    0x0000, 0x0000, 0x0000, 0x0000, 0x0000, 0x0000, 0x0000, 0x0000,
    0x0000, 0x0000, 0x0000, 0x0000, 0x0000, 0x0000, 0x0040, 0x0000,
    0x6B2C, 0xFFFF, 0xFF7C, 0xF73A, 0xEEF9, 0xEED8, 0xE697, 0xE655,
    0xE696, 0xE676, 0xE676, 0xDE55, 0xDE35, 0xDE55, 0xDE14, 0xDDF3,
    0xDE13, 0xD5D2, 0xD5D2, 0xD5F3, 0xD5B2, 0xCD91, 0xCD71, 0xCDB1,
    0xCD91, 0xC510, 0xC550, 0xBD0F, 0xB4CE, 0xB4AE, 0xAC6C, 0xAC8E,
    0xB4CF, 0xB4CF, 0xACAE, 0xB4F0, 0xBD30, 0xBD51, 0xBD31, 0xC550,
    0xC571, 0xC571, 0xBD31, 0xBD51, 0xBD51, 0xBD30, 0xBD51, 0xBD51,
    0xC572, 0xBD30, 0xC592, 0xC571, 0xBD10, 0xC550, 0xC592, 0xC592,
    0xC551, 0xC550, 0xC592, 0xC571, 0xC592, 0xC592, 0xC592, 0xC551,
    0xC571, 0xCD91, 0xCDB2, 0xCDB2, 0xCD91, 0xCD91, 0xCD92, 0xCDB2,
    0xCD91, 0xCD71, 0xCD91, 0xC591, 0xCDB2, 0xCDD3, 0xCDB2, 0xCDB2,
    0xD5D2, 0xCDB2, 0xD614, 0xD5F3, 0xD613, 0xD5F3, 0xD5D2, 0xD5F3,
    0xD613, 0xD5F3, 0xD613, 0xD5F3, 0xE654, 0xD5F3, 0xDE34, 0xD5D2,
    0xD5D3, 0xDE55, 0xDE13, 0xDE34, 0xDE14, 0xDDF3, 0xDE34, 0xDE55,
    0xE655, 0xDE55, 0xE675, 0xE633, 0xDE34, 0xE654, 0xE675, 0xE675,
    0xEE95, 0xE654, 0xE675, 0xE654, 0xE675, 0xE696, 0xE696, 0xE696,
    0xE675, 0xE696, 0xE696, 0xEEB6, 0xEE95, 0xEEB6, 0xEEB8, 0xEE96,
    0xEE96, 0xEE96, 0xEE96, 0xEE75, 0xEE96, 0xF6B7, 0xEEB6, 0xEEB7,
    0xEEB6, 0xEEB6, 0xEEB6, 0xEED7, 0xEED7, 0xEED7, 0xEED7, 0xEE96,
    0xE6B6, 0xE696, 0xDE14, 0xCD91, 0xDE14, 0xD5F2, 0xCD91, 0xD5B0,
    0xDDD2, 0xE634, 0xE655, 0xE654, 0xE654, 0xE654, 0xEEB6, 0xEE96,
    0xE675, 0xEEB6, 0xEE96, 0xEEB6, 0xEED7, 0xEEB6, 0xF6F7, 0xF6F8,
    0xF6F8, 0xF6F8, 0xF719, 0xF739, 0xF73A, 0xF73A, 0xFF5B, 0xFF7B,
    0x6B0B, 0x18A2, 0x0861, 0x0000, 0x0000, 0x0000, 0x0000, 0x0000,
    0x0000, 0x0000, 0x0000, 0x0000, 0x0000, 0x0000, 0x0000, 0x0000,
    0x0000, 0x0000, 0x0000, 0x0000, 0x0000, 0x0000, 0x0000, 0x0000,
    0x0000, 0x0000, 0x0000, 0x0000, 0x0000, 0x0000, 0x0000, 0x0000,
    0x0000, 0x0000, 0x0000, 0x0000, 0x0000, 0x0000, 0x0000, 0x0000,
    0x0000, 0x0000, 0x0000, 0x0000, 0x0000, 0x0000, 0x0000, 0x0000,
    0x0000, 0x0000, 0x0000, 0x0000, 0x0000, 0x0000, 0x0000, 0x0000,
    0x0000, 0x0000, 0x0000, 0x0000, 0x0000, 0x0000, 0x0861, 0x1881,
    0xCDF7, 0xFFFE, 0xF75B, 0xEF19, 0xEED8, 0xE6B7, 0xE676, 0xE676,
    0xE697, 0xE696, 0xE676, 0xDE55, 0xDE55, 0xDE35, 0xD5F3, 0xD5D2,
    0xD5D2, 0xD5B2, 0xD5D2, 0xCD91, 0xCD91, 0xCD91, 0xC550, 0xCDD2,
    0xC571, 0xC530, 0xC571, 0xBD30, 0xB4EF, 0xAC8D, 0xAC6D, 0xACAE,
    0xACAE, 0xACCF, 0xB4CF, 0xB4EF, 0xBD51, 0xBD51, 0xBD71, 0xC571,
    0xC572, 0xC572, 0xBD30, 0xBD51, 0xBD51, 0xBD31, 0xBD51, 0xBD31,
    0xBD51, 0xBD31, 0xC572, 0xC572, 0xBD50, 0xC571, 0xC571, 0xC551,
    0xBD30, 0xBD30, 0xC592, 0xC592, 0xC592, 0xC551, 0xC592, 0xBD30,
    0xC571, 0xCD92, 0xCDB2, 0xC571, 0xC571, 0xC550, 0xCD91, 0xCDB2,
    0xC571, 0xC571, 0xC571, 0xCDB2, 0xCD71, 0xCDD2, 0xCDB2, 0xCD91,
    0xD5D2, 0xCDB2, 0xD5F3, 0xD5F3, 0xD613, 0xD5F3, 0xD5D2, 0xD5F3,
    0xD5F3, 0xD5D2, 0xD5F3, 0xD613, 0xDE34, 0xD613, 0xD613, 0xD5F3,
    0xD5D2, 0xDE34, 0xDE34, 0xDE13, 0xDE13, 0xD5F3, 0xDE34, 0xDE55,
    0xE675, 0xDE34, 0xDE54, 0xE654, 0xDE34, 0xDE54, 0xE675, 0xE655,
    0xE675, 0xE655, 0xE655, 0xE654, 0xE675, 0xE675, 0xE675, 0xE696,
    0xE696, 0xE696, 0xE675, 0xE696, 0xEEB6, 0xEEB6, 0xEEB7, 0xEEB6,
    0xEE96, 0xEE96, 0xEE96, 0xEE96, 0xEE96, 0xEEB7, 0xEEB6, 0xEEB7,
    0xEEB6, 0xEEB6, 0xE6B6, 0xEED7, 0xEED7, 0xEED7, 0xEED7, 0xEEB7,
    0xE6B6, 0xE696, 0xDE14, 0xCD91, 0xD5F3, 0xD5D2, 0xD5B1, 0xD590,
    0xD5B1, 0xDE13, 0xDE55, 0xE654, 0xE634, 0xE654, 0xE675, 0xEE96,
    0xE695, 0xE675, 0xEE95, 0xEEB6, 0xEED7, 0xEED6, 0xEED7, 0xEEF7,
    0xF6F8, 0xF6F8, 0xF718, 0xF719, 0xF739, 0xF73A, 0xF73A, 0xFFBC,
    0xBD95, 0x2964, 0x0040, 0x0000, 0x0000, 0x0000, 0x0000, 0x0000,
    0x0000, 0x0000, 0x0000, 0x0000, 0x0000, 0x0000, 0x0000, 0x0000,
    0x0000, 0x0000, 0x0000, 0x0000, 0x0000, 0x0000, 0x0000, 0x0000,
    0x0000, 0x0000, 0x0000, 0x0000, 0x0000, 0x0000, 0x0000, 0x0000,
    0x0000, 0x0000, 0x0000, 0x0000, 0x0000, 0x0000, 0x0000, 0x0000,
    0x0000, 0x0000, 0x0000, 0x0000, 0x0000, 0x0000, 0x0000, 0x0000,
    0x0000, 0x0000, 0x0000, 0x0000, 0x0000, 0x0000, 0x0000, 0x0000,
    0x0000, 0x0000, 0x0000, 0x0000, 0x0000, 0x0000, 0x0860, 0x62EA,
    0xFFBE, 0xF79D, 0xEF19, 0xEEF8, 0xEED8, 0xE6B7, 0xE6B7, 0xE697,
    0xE697, 0xDE76, 0xDE55, 0xDE34, 0xDE14, 0xD613, 0xD5F3, 0xD5F3,
    0xD5D2, 0xD5F3, 0xD614, 0xCD91, 0xCD91, 0xCDD2, 0xC570, 0xCDD3,
    0xC571, 0xC551, 0xBD50, 0xBCEF, 0xB4EF, 0xA44C, 0xA44C, 0xACAE,
    0xACCE, 0xB4CF, 0xB4CF, 0xB4EF, 0xBD30, 0xC572, 0xC5B3, 0xBD51,
    0xBD31, 0xC572, 0xBD31, 0xBD51, 0xC551, 0xBD51, 0xBD30, 0xBD30,
    0xC551, 0xBD51, 0xC551, 0xC592, 0xC571, 0xC551, 0xC572, 0xC571,
    0xBD30, 0xC571, 0xC571, 0xC571, 0xC571, 0xC571, 0xCDB3, 0xC571,
    0xC571, 0xCDB2, 0xCD92, 0xC571, 0xC551, 0xC571, 0xCDB2, 0xCD71,
    0xC571, 0xCDB2, 0xCDD3, 0xCDD3, 0xC550, 0xCDD3, 0xD5D3, 0xCDB2,
    0xCDB2, 0xD5D3, 0xCD91, 0xD5F3, 0xD5D3, 0xD5D2, 0xD5F3, 0xD613,
    0xD614, 0xDE14, 0xDE14, 0xDE34, 0xD5D2, 0xDE14, 0xDE13, 0xD613,
    0xD5F3, 0xDE34, 0xDE14, 0xD5F3, 0xDE34, 0xDE14, 0xE655, 0xDE14,
    0xDE55, 0xDE55, 0xDE54, 0xDE54, 0xDE34, 0xE654, 0xE655, 0xE675,
    0xDE54, 0xE654, 0xE675, 0xE654, 0xDE34, 0xE675, 0xE654, 0xE675,
    0xE676, 0xE695, 0xE654, 0xE695, 0xEEB6, 0xEEB6, 0xE695, 0xEEB6,
    0xEE96, 0xEE96, 0xEEB6, 0xEEB6, 0xEE96, 0xE696, 0xEEB7, 0xEEB7,
    0xE6B6, 0xEEB6, 0xEED7, 0xEEB6, 0xEED7, 0xEEB7, 0xEED7, 0xEED7,
    0xEED7, 0xEEB6, 0xD5F3, 0xCD71, 0xCD90, 0xCD91, 0xD5D2, 0xD5B2,
    0xD5B1, 0xDE13, 0xDE54, 0xDE13, 0xE634, 0xE654, 0xE675, 0xEEB6,
    0xEEB6, 0xE675, 0xEE96, 0xEEB6, 0xEEB6, 0xEED6, 0xEEB6, 0xEED7,
    0xF6F7, 0xF718, 0xF718, 0xF718, 0xF719, 0xF739, 0xF73A, 0xF79C,
    0xF75B, 0x62EA, 0x0020, 0x0000, 0x0000, 0x0000, 0x0000, 0x0000,
    0x0000, 0x0000, 0x0000, 0x0000, 0x0000, 0x0000, 0x0000, 0x0000,
    0x0000, 0x0000, 0x0000, 0x0000, 0x0000, 0x0000, 0x0000, 0x0000,
    0x0000, 0x0000, 0x0000, 0x0000, 0x0000, 0x0000, 0x0000, 0x0000,
    0x0000, 0x0000, 0x0000, 0x0000, 0x0000, 0x0000, 0x0000, 0x0000,
    0x0000, 0x0000, 0x0000, 0x0000, 0x0000, 0x0000, 0x0000, 0x0000,
    0x0000, 0x0000, 0x0000, 0x0000, 0x0000, 0x0000, 0x0000, 0x0000,
    0x0000, 0x0000, 0x0000, 0x0000, 0x0000, 0x1061, 0x18E3, 0xBD94,
    0xFFFE, 0xF75B, 0xEEF8, 0xEEF8, 0xEED8, 0xE6B7, 0xE6B7, 0xE6B7,
    0xE676, 0xDE56, 0xDE55, 0xD614, 0xDE15, 0xDE34, 0xDE34, 0xD5F3,
    0xD5F3, 0xD614, 0xD5F4, 0xCDD2, 0xD5D3, 0xCDD2, 0xC570, 0xCDB2,
    0xC571, 0xC550, 0xBD0F, 0xBCEF, 0xB4CE, 0xA42C, 0xA46C, 0xACCF,
    0xACAF, 0xB4CF, 0xB4EF, 0xBD10, 0xBD30, 0xC572, 0xC592, 0xBD51,
    0xBD30, 0xC551, 0xBD51, 0xBD30, 0xBD31, 0xC572, 0xBD50, 0xBD30,
    0xC551, 0xBD51, 0xBD51, 0xC551, 0xBD50, 0xC551, 0xC572, 0xC551,
    0xC551, 0xC571, 0xCD91, 0xC571, 0xC571, 0xC591, 0xCDB3, 0xC571,
    0xCD92, 0xCDB3, 0xCD71, 0xC571, 0xC571, 0xCD92, 0xCDD2, 0xCDB2,
    0xCD92, 0xCDD2, 0xCDD3, 0xCDB2, 0xCD70, 0xCDB2, 0xD5D2, 0xCDB2,
    0xD5F3, 0xD5F3, 0xCD91, 0xD5F2, 0xD5B2, 0xD5F3, 0xD614, 0xD613,
    0xD614, 0xDE14, 0xDE34, 0xDE55, 0xD5D2, 0xDE14, 0xDE13, 0xDE34,
    0xDE14, 0xDE55, 0xDE14, 0xDE14, 0xDE55, 0xDE34, 0xE634, 0xDE35,
    0xDE54, 0xE655, 0xE675, 0xE655, 0xE655, 0xE654, 0xE675, 0xE675,
    0xE675, 0xE654, 0xE655, 0xE675, 0xDE34, 0xE675, 0xE675, 0xE675,
    0xE696, 0xE695, 0xE675, 0xE675, 0xEE96, 0xEEB6, 0xEE96, 0xEE95,
    0xEEB6, 0xEE96, 0xEEB6, 0xEEB6, 0xEEB6, 0xEEB6, 0xEEB6, 0xEED7,
    0xEEB7, 0xEEB6, 0xEED7, 0xEED7, 0xEED6, 0xEED7, 0xEED7, 0xEED7,
    0xEED7, 0xEEB7, 0xDE34, 0xCD91, 0xC52F, 0xCD91, 0xD5B1, 0xD5B2,
    0xD5B0, 0xDDD2, 0xDE54, 0xDE34, 0xE613, 0xE633, 0xE675, 0xEE96,
    0xEE96, 0xE695, 0xEE96, 0xEEB5, 0xEEB6, 0xEEB6, 0xEED7, 0xEED7,
    0xF6F7, 0xF718, 0xF718, 0xF6F8, 0xF718, 0xF739, 0xF73A, 0xF75A,
    0xFFDD, 0xA4F1, 0x3145, 0x18C2, 0x0040, 0x0000, 0x0000, 0x0000,
    0x0000, 0x0000, 0x0000, 0x0000, 0x0000, 0x0000, 0x0000, 0x0000,
    0x0000, 0x0000, 0x0000, 0x0000, 0x0000, 0x0000, 0x0000, 0x0000,
    0x0000, 0x0000, 0x0000, 0x0000, 0x0000, 0x0000, 0x0000, 0x0000,
    0x0000, 0x0000, 0x0000, 0x0000, 0x0000, 0x0000, 0x0000, 0x0000,
    0x0000, 0x0000, 0x0000, 0x0000, 0x0000, 0x0000, 0x0000, 0x0000,
    0x0000, 0x0000, 0x0000, 0x0000, 0x0000, 0x0000, 0x0000, 0x0000,
    0x0000, 0x0000, 0x0000, 0x0000, 0x0000, 0x18A2, 0x4207, 0xEF1B,
    0xFF9C, 0xEF1A, 0xEEF8, 0xEEF8, 0xEED8, 0xE696, 0xE696, 0xE675,
    0xDE34, 0xDE55, 0xDE14, 0xD635, 0xDE55, 0xDE35, 0xDE34, 0xD5F3,
    0xD614, 0xD614, 0xD5D2, 0xCDD2, 0xD5D3, 0xCDB2, 0xCD70, 0xD5D2,
    0xC571, 0xC550, 0xBD0F, 0xBD0F, 0xB48D, 0xA44C, 0xA44D, 0xACAE,
    0xACAF, 0xB4AF, 0xB4EF, 0xBD10, 0xBD30, 0xBD50, 0xBD30, 0xBD51,
    0xBD30, 0xBD30, 0xBD31, 0xBD30, 0xBD51, 0xC572, 0xBD51, 0xBD31,
    0xBD51, 0xC551, 0xBD71, 0xBD10, 0xBD30, 0xBD51, 0xC530, 0xCD72,
    0xC571, 0xC571, 0xCDD3, 0xCD91, 0xC571, 0xC591, 0xC592, 0xC571,
    0xCDB3, 0xCDB3, 0xC571, 0xC530, 0xC571, 0xCD92, 0xCD92, 0xCDB2,
    0xCDB2, 0xCD71, 0xCDD3, 0xCD92, 0xCDB1, 0xCDB2, 0xCDB2, 0xCDB2,
    0xD614, 0xD5F3, 0xCDB2, 0xD5D2, 0xCD90, 0xD5F3, 0xD614, 0xD5D3,
    0xD5F3, 0xDE13, 0xDE34, 0xDE55, 0xDE14, 0xDE13, 0xD5F3, 0xE634,
    0xDE35, 0xDE55, 0xDE34, 0xE634, 0xDE55, 0xDE54, 0xDE13, 0xE675,
    0xDE54, 0xEE75, 0xE675, 0xE675, 0xE676, 0xE654, 0xE695, 0xE655,
    0xE675, 0xE654, 0xE655, 0xE696, 0xE654, 0xE675, 0xE675, 0xE675,
    0xE696, 0xE675, 0xE675, 0xE675, 0xEEB6, 0xEEB6, 0xEE96, 0xEE95,
    0xEED7, 0xEE96, 0xEEB6, 0xEEB6, 0xEEB6, 0xEED7, 0xEEB6, 0xEED7,
    0xEEB7, 0xEEB6, 0xEED7, 0xEED7, 0xEEB6, 0xEED7, 0xEED7, 0xEED7,
    0xEED7, 0xEEB7, 0xDE55, 0xCD91, 0xC52F, 0xCDB1, 0xCD91, 0xD5B2,
    0xCD90, 0xD590, 0xDE13, 0xDE34, 0xDE13, 0xDE13, 0xE634, 0xE675,
    0xE675, 0xE675, 0xEE94, 0xE695, 0xEEB6, 0xEEB6, 0xEED7, 0xEEF7,
    0xEEF7, 0xF6F8, 0xF718, 0xF6F8, 0xF719, 0xF739, 0xF739, 0xF73A,
    0xFF9B, 0xD698, 0x39E6, 0x18C2, 0x0861, 0x0000, 0x0000, 0x0000,
    0x0000, 0x0000, 0x0000, 0x0000, 0x0000, 0x0000, 0x0000, 0x0000,
    0x0000, 0x0000, 0x0000, 0x0000, 0x0000, 0x0000, 0x0000, 0x0000,
    0x0000, 0x0000, 0x0000, 0x0000, 0x0000, 0x0000, 0x0000, 0x0000,
    0x0000, 0x0000, 0x0000, 0x0000, 0x0000, 0x0000, 0x0000, 0x0000,
    0x0000, 0x0000, 0x0000, 0x0000, 0x0000, 0x0000, 0x0000, 0x0000,
    0x0000, 0x0000, 0x0000, 0x0000, 0x0000, 0x0000, 0x0000, 0x0000,
    0x0000, 0x0000, 0x0000, 0x0000, 0x0820, 0x1081, 0x7BEE, 0xF79C,
    0xF75B, 0xEEF9, 0xEEF8, 0xEED8, 0xE6B7, 0xDE76, 0xE696, 0xDE14,
    0xDE14, 0xDE34, 0xD5F3, 0xDE55, 0xDE55, 0xDE14, 0xD5F3, 0xD5F3,
    0xD614, 0xD5F3, 0xD5D2, 0xCDB2, 0xCD91, 0xCDB2, 0xCD71, 0xD5D3,
    0xC571, 0xC550, 0xBD30, 0xBD0F, 0xAC8D, 0xAC8D, 0xA42C, 0xAC6D,
    0xACAE, 0xACAE, 0xB4EF, 0xB510, 0xBD51, 0xBD30, 0xBD10, 0xBD51,
    0xBD51, 0xBD30, 0xBD10, 0xBD30, 0xC572, 0xBD51, 0xBD51, 0xBD51,
    0xBD30, 0xC571, 0xC571, 0xBD30, 0xC551, 0xBD50, 0xBD10, 0xCDB3,
    0xC571, 0xC572, 0xCDD4, 0xCD92, 0xC592, 0xC551, 0xC571, 0xC592,
    0xCDD3, 0xCDB2, 0xC571, 0xC530, 0xC571, 0xC571, 0xC551, 0xC571,
    0xCDB2, 0xC530, 0xCDD3, 0xCD92, 0xCDB2, 0xCDB2, 0xCDB2, 0xCDB2,
    0xD5F4, 0xCDD3, 0xCDB2, 0xCDB2, 0xCD91, 0xD5F3, 0xD5F3, 0xCDB2,
    0xD5D2, 0xDE13, 0xDE34, 0xDE14, 0xDE34, 0xDE13, 0xD5F3, 0xDE34,
    0xDE55, 0xDE55, 0xDE54, 0xDE34, 0xDE55, 0xDE55, 0xDE13, 0xE675,
    0xDE54, 0xE675, 0xDE55, 0xE675, 0xE696, 0xE675, 0xE696, 0xDE54,
    0xE655, 0xE675, 0xE675, 0xE675, 0xE675, 0xE655, 0xE675, 0xE675,
    0xE675, 0xE675, 0xE675, 0xE675, 0xEEB6, 0xE695, 0xE696, 0xE696,
    0xEED7, 0xEE96, 0xEE96, 0xEEB6, 0xEEB6, 0xEED7, 0xEED7, 0xEEB6,
    0xEEB6, 0xEEB6, 0xEEB7, 0xEED7, 0xEEB6, 0xEED7, 0xEED7, 0xEED7,
    0xEEB7, 0xEEB7, 0xDE34, 0xCD71, 0xC52F, 0xCDB1, 0xCD91, 0xCDB1,
    0xCD90, 0xCD90, 0xD5F2, 0xDE13, 0xDE34, 0xDE13, 0xDE13, 0xE654,
    0xE675, 0xE654, 0xE674, 0xE675, 0xEEB6, 0xEEB6, 0xEED7, 0xEEF7,
    0xEED7, 0xF6F7, 0xF718, 0xF718, 0xF719, 0xF739, 0xF739, 0xF73A,
    0xF75A, 0xF77C, 0x52A9, 0x0841, 0x0821, 0x0000, 0x0000, 0x0000,
    0x0000, 0x0000, 0x0000, 0x0000, 0x0000, 0x0000, 0x0000, 0x0000,
    0x0000, 0x0000, 0x0000, 0x0000, 0x0000, 0x0000, 0x0000, 0x0000,
    0x0000, 0x0000, 0x0000, 0x0000, 0x0000, 0x0000, 0x0000, 0x0000,
    0x0000, 0x0000, 0x0000, 0x0000, 0x0000, 0x0000, 0x0000, 0x0000,
    0x0000, 0x0000, 0x0000, 0x0000, 0x0000, 0x0000, 0x0000, 0x0000,
    0x0000, 0x0000, 0x0000, 0x0000, 0x0000, 0x0000, 0x0000, 0x0000,
    0x0000, 0x0000, 0x0000, 0x0020, 0x0861, 0x20E3, 0xD698, 0xFFDD,
    0xEF1A, 0xEF19, 0xEEF9, 0xE6B7, 0xE696, 0xE697, 0xDE75, 0xDE34,
    0xDE76, 0xDE14, 0xD614, 0xDE34, 0xD5F3, 0xDE55, 0xD613, 0xDE14,
    0xD5F3, 0xD5D3, 0xD5D3, 0xCD70, 0xCD91, 0xCD92, 0xC571, 0xCD92,
    0xC551, 0xC550, 0xBD0F, 0xB4EE, 0xAC8D, 0xAC8E, 0x9C2C, 0xA46D,
    0xACAE, 0xACCF, 0xBD30, 0xB510, 0xBD30, 0xBD31, 0xBD30, 0xBD51,
    0xBD71, 0xBD30, 0xBD30, 0xBD51, 0xBD51, 0xBD10, 0xBD51, 0xC571,
    0xBD51, 0xC571, 0xC571, 0xC571, 0xBD51, 0xBD30, 0xC551, 0xC592,
    0xC571, 0xC592, 0xCD92, 0xC572, 0xCDB2, 0xBD30, 0xC551, 0xCDB2,
    0xCDB2, 0xC551, 0xCD92, 0xCD92, 0xC571, 0xC571, 0xC571, 0xCD92,
    0xCDB2, 0xCDB2, 0xC571, 0xCDB2, 0xD5D3, 0xCD91, 0xCD91, 0xD5F3,
    0xD5F3, 0xD5D2, 0xCD91, 0xD5D2, 0xD5F3, 0xD5D2, 0xD5D2, 0xD5F3,
    0xD5D2, 0xD5D2, 0xDE34, 0xD613, 0xDE14, 0xD5F3, 0xDE13, 0xD5F3,
    0xDE13, 0xDE55, 0xDE13, 0xD5F3, 0xDE34, 0xDE55, 0xDE13, 0xDE34,
    0xDE55, 0xDE55, 0xDE54, 0xE655, 0xE676, 0xE675, 0xE675, 0xE675,
    0xE655, 0xE675, 0xE654, 0xDE34, 0xE675, 0xE675, 0xE696, 0xE696,
    0xE654, 0xE695, 0xE675, 0xE675, 0xE675, 0xEE96, 0xEE96, 0xE696,
    0xEEB6, 0xE696, 0xE696, 0xEEB6, 0xEEB6, 0xEEB6, 0xEED7, 0xEEB6,
    0xEEB7, 0xEEB7, 0xEEB7, 0xEED7, 0xEED7, 0xEED7, 0xEED7, 0xEEB7,
    0xE6B6, 0xEED7, 0xDE35, 0xC550, 0xC52F, 0xCDB2, 0xCDB1, 0xCD91,
    0xD5B1, 0xD5B1, 0xD5D2, 0xDE13, 0xDE13, 0xDE33, 0xDE54, 0xDE34,
    0xE675, 0xEE96, 0xE696, 0xEE96, 0xEE95, 0xEEB6, 0xEEB6, 0xEED7,
    0xEED7, 0xEED7, 0xEEF7, 0xF718, 0xF718, 0xF719, 0xF739, 0xF73A,
    0xF73A, 0xFF9D, 0xC5F6, 0x3165, 0x0841, 0x0000, 0x0000, 0x0000,
    0x0000, 0x0000, 0x0000, 0x0000, 0x0000, 0x0000, 0x0000, 0x0000,
    0x0000, 0x0000, 0x0000, 0x0000, 0x0000, 0x0000, 0x0000, 0x0000,
    0x0000, 0x0000, 0x0000, 0x0000, 0x0000, 0x0000, 0x0000, 0x0000,
    0x0000, 0x0000, 0x0000, 0x0000, 0x0000, 0x0000, 0x0000, 0x0000,
    0x0000, 0x0000, 0x0000, 0x0000, 0x0000, 0x0000, 0x0000, 0x0000,
    0x0000, 0x0000, 0x0000, 0x0000, 0x0000, 0x0000, 0x0000, 0x0000,
    0x0000, 0x0000, 0x0000, 0x0000, 0x0020, 0x630B, 0xFFDD, 0xF75B,
    0xEF1A, 0xEF19, 0xEEF9, 0xE696, 0xE676, 0xE676, 0xDE55, 0xDE75,
    0xDE76, 0xDE35, 0xDE55, 0xD5F3, 0xDE14, 0xDE75, 0xDE14, 0xE634,
    0xD5F3, 0xD5D3, 0xD5D3, 0xCD91, 0xCDB2, 0xCD71, 0xC570, 0xCD91,
    0xC571, 0xC550, 0xB4CE, 0xBD0E, 0xAC8E, 0xA46D, 0x9C2C, 0xA48D,
    0xACAE, 0xB4F0, 0xBD31, 0xBD31, 0xBD50, 0xBD51, 0xBD31, 0xBD51,
    0xBD51, 0xBD10, 0xB510, 0xC571, 0xBD72, 0xBD10, 0xBD51, 0xC551,
    0xC572, 0xBD30, 0xC571, 0xC530, 0xC551, 0xBD31, 0xC571, 0xC592,
    0xC592, 0xC591, 0xCD71, 0xC551, 0xC592, 0xC550, 0xBD30, 0xCDB1,
    0xCD92, 0xC551, 0xCD92, 0xCD71, 0xC591, 0xCD91, 0xCD91, 0xCD71,
    0xCDB2, 0xCDD2, 0xCD71, 0xCDB2, 0xD5D3, 0xCDB1, 0xCDB2, 0xD5F3,
    0xD5F3, 0xD5F3, 0xCDB2, 0xD5D2, 0xD613, 0xD5B2, 0xD5F2, 0xD614,
    0xD5F3, 0xD5B2, 0xDE34, 0xDE34, 0xDE14, 0xD5F3, 0xDE13, 0xDDF4,
    0xDE13, 0xDDF3, 0xDE13, 0xDDF4, 0xDE34, 0xDE55, 0xDE34, 0xDE34,
    0xDE55, 0xE675, 0xDE33, 0xE614, 0xE676, 0xE675, 0xE654, 0xE655,
    0xE675, 0xE696, 0xE674, 0xE654, 0xE655, 0xE675, 0xE696, 0xE696,
    0xE675, 0xE675, 0xE6B6, 0xEEB6, 0xE675, 0xEE95, 0xEE95, 0xE695,
    0xEE96, 0xEEB6, 0xE695, 0xEE95, 0xEE95, 0xEEB6, 0xEEB7, 0xEEB6,
    0xEEB7, 0xEED7, 0xEEB7, 0xEED6, 0xEED7, 0xEED7, 0xEED7, 0xEED7,
    0xEEB7, 0xEED7, 0xE655, 0xC550, 0xC550, 0xCDB2, 0xCD90, 0xCD90,
    0xD590, 0xD5D2, 0xD5D2, 0xDE13, 0xDE12, 0xDE34, 0xE655, 0xDE13,
    0xE655, 0xEEB7, 0xEED7, 0xEEB6, 0xEEB5, 0xEEB6, 0xEE96, 0xEEB6,
    0xEED7, 0xEED7, 0xEED7, 0xF6F7, 0xF718, 0xF719, 0xF739, 0xF73A,
    0xF73A, 0xFF5B, 0xFFBD, 0x6B2C, 0x0821, 0x0000, 0x0000, 0x0000,
    0x0000, 0x0000, 0x0000, 0x0000, 0x0000, 0x0000, 0x0000, 0x0000,
    0x0000, 0x0000, 0x0000, 0x0000, 0x0000, 0x0000, 0x0000, 0x0000,
    0x0000, 0x0000, 0x0000, 0x0000, 0x0000, 0x0000, 0x0000, 0x0000,
    0x0000, 0x0000, 0x0000, 0x0000, 0x0000, 0x0000, 0x0000, 0x0000,
    0x0000, 0x0000, 0x0000, 0x0000, 0x0000, 0x0000, 0x0000, 0x0000,
    0x0000, 0x0000, 0x0000, 0x0000, 0x0000, 0x0000, 0x0000, 0x0000,
    0x0000, 0x0000, 0x0000, 0x0000, 0x18C3, 0xC5F6, 0xFFBD, 0xEF1A,
    0xEEF9, 0xEEF9, 0xEEB7, 0xE676, 0xE676, 0xDE55, 0xE676, 0xDE76,
    0xDE55, 0xDE75, 0xDE55, 0xD614, 0xDE55, 0xDE34, 0xDDF3, 0xDE13,
    0xD5F3, 0xD5D3, 0xD5D3, 0xCDD3, 0xCDB2, 0xCD71, 0xCD70, 0xCD91,
    0xC571, 0xC530, 0xB4CE, 0xBD0F, 0xAC8E, 0xA42B, 0x9C2B, 0xA46D,
    0xACAE, 0xB510, 0xBD31, 0xBD31, 0xBD51, 0xBD30, 0xBD31, 0xC551,
    0xBD11, 0xBD10, 0xB4F0, 0xC571, 0xC572, 0xBD30, 0xC551, 0xBD71,
    0xC572, 0xC550, 0xC571, 0xBCF0, 0xC551, 0xC571, 0xC571, 0xC551,
    0xC592, 0xC571, 0xC551, 0xC551, 0xC592, 0xC571, 0xBD30, 0xC591,
    0xCD92, 0xC571, 0xCD92, 0xC592, 0xC591, 0xCD91, 0xCD91, 0xC571,
    0xCDB2, 0xCDB1, 0xCDB1, 0xD5B2, 0xCDF3, 0xCDD3, 0xCDD2, 0xD5F3,
    0xD5F3, 0xD5F3, 0xCDB2, 0xD5F3, 0xD5F3, 0xD5B2, 0xDE14, 0xDE34,
    0xD5F3, 0xD5D2, 0xDE34, 0xDE14, 0xDDF3, 0xD5F3, 0xDE13, 0xDE34,
    0xDE13, 0xD5D2, 0xDE34, 0xDE34, 0xDE54, 0xDE34, 0xDE34, 0xDE34,
    0xDE34, 0xE675, 0xDE13, 0xE633, 0xE675, 0xE675, 0xDE34, 0xE655,
    0xE655, 0xE696, 0xE676, 0xE674, 0xE655, 0xE675, 0xE674, 0xE696,
    0xE6B6, 0xE675, 0xE6B6, 0xEEB6, 0xE695, 0xE695, 0xE695, 0xEEB5,
    0xEE96, 0xEEB6, 0xEE95, 0xEE95, 0xEE95, 0xEEB6, 0xEEB7, 0xEEB7,
    0xEEB6, 0xEED7, 0xEEB7, 0xEEB6, 0xEED7, 0xEED7, 0xEEB7, 0xEED7,
    0xEEB7, 0xEEB7, 0xE695, 0xC530, 0xC52F, 0xCD90, 0xCD4F, 0xCD90,
    0xCD70, 0xD5B2, 0xD5D2, 0xDDF3, 0xDDD1, 0xDE34, 0xE655, 0xDE13,
    0xE634, 0xE675, 0xEEB5, 0xEEB6, 0xEED7, 0xEEB6, 0xEEB6, 0xEEB6,
    0xEED7, 0xEED7, 0xEED7, 0xF6F7, 0xF6F8, 0xF718, 0xF739, 0xF739,
    0xF73A, 0xF73A, 0xFFBD, 0xAD54, 0x20C3, 0x0020, 0x0000, 0x0000,
    0x0000, 0x0000, 0x0000, 0x0000, 0x0000, 0x0000, 0x0000, 0x0000,
    0x0000, 0x0000, 0x0000, 0x0000, 0x0000, 0x0000, 0x0000, 0x0000,
    0x0000, 0x0000, 0x0000, 0x0000, 0x0000, 0x0000, 0x0000, 0x0000,
    0x0000, 0x0000, 0x0000, 0x0000, 0x0000, 0x0000, 0x0000, 0x0000,
    0x0000, 0x0000, 0x0000, 0x0000, 0x0000, 0x0000, 0x0000, 0x0000,
    0x0000, 0x0000, 0x0000, 0x0000, 0x0000, 0x0000, 0x0000, 0x0000,
    0x0000, 0x0000, 0x0000, 0x0841, 0x5B0B, 0xFF9C, 0xF75B, 0xEF19,
    0xEED8, 0xE6D8, 0xE676, 0xE676, 0xE676, 0xDE55, 0xE697, 0xDE76,
    0xDE55, 0xDE55, 0xDE14, 0xDE55, 0xDE55, 0xD5F3, 0xD5D2, 0xD5D2,
    0xD5F3, 0xD5D2, 0xD5D3, 0xCDB2, 0xCDB2, 0xCD91, 0xCD71, 0xCD92,
    0xC571, 0xBD0F, 0xB4EF, 0xBCEF, 0xACAE, 0x9C0B, 0x9C0B, 0xA46D,
    0xB4CF, 0xB510, 0xB510, 0xBD10, 0xBD51, 0xBD10, 0xBD30, 0xC572,
    0xBD31, 0xBD30, 0xBD10, 0xC572, 0xC572, 0xBD51, 0xC571, 0xC592,
    0xC572, 0xC571, 0xBD51, 0xBD30, 0xC551, 0xC571, 0xC572, 0xBD30,
    0xC551, 0xC571, 0xC571, 0xC571, 0xCDB2, 0xC551, 0xC551, 0xC571,
    0xC571, 0xC571, 0xCDB2, 0xCDD3, 0xC571, 0xC592, 0xC571, 0xCD91,
    0xCD91, 0xCD91, 0xCDB2, 0xD5D3, 0xD614, 0xCDD3, 0xCDD2, 0xD5F3,
    0xD5D3, 0xD5D3, 0xCDB2, 0xD5F3, 0xD5D3, 0xD5D2, 0xDE14, 0xDE34,
    0xD5F3, 0xD5F2, 0xDE55, 0xD5F3, 0xD5D2, 0xD613, 0xDE34, 0xDE34,
    0xDE14, 0xD5F2, 0xDE34, 0xDE34, 0xDE75, 0xDE13, 0xDE34, 0xDE34,
    0xDE13, 0xDE54, 0xDE34, 0xE654, 0xDE54, 0xE655, 0xDE54, 0xE675,
    0xDE34, 0xE675, 0xE676, 0xE675, 0xE675, 0xE654, 0xE654, 0xE695,
    0xE696, 0xE696, 0xE696, 0xE696, 0xE6B6, 0xE6B6, 0xE696, 0xEEB6,
    0xEEB6, 0xEEB7, 0xEE96, 0xEEB6, 0xEEB6, 0xE696, 0xEED7, 0xEEB7,
    0xEEB6, 0xEEB6, 0xEED7, 0xEEB7, 0xEED7, 0xEEB7, 0xEEB6, 0xEED7,
    0xEED7, 0xEEB6, 0xE696, 0xC530, 0xBCCE, 0xC550, 0xC52F, 0xCD91,
    0xD5D1, 0xCD91, 0xD5D2, 0xDDF3, 0xD5B1, 0xDE34, 0xDE34, 0xDE33,
    0xDE33, 0xE654, 0xE654, 0xEEB6, 0xEED7, 0xEEB6, 0xEED7, 0xEED7,
    0xEED7, 0xEEB6, 0xEED7, 0xF6F8, 0xF6F8, 0xF6F8, 0xF718, 0xF739,
    0xF73A, 0xF73A, 0xFF7B, 0xE6FA, 0x5269, 0x1082, 0x0000, 0x0000,
    0x0000, 0x0000, 0x0000, 0x0000, 0x0000, 0x0000, 0x0000, 0x0000,
    0x0000, 0x0000, 0x0000, 0x0000, 0x0000, 0x0000, 0x0000, 0x0000,
    0x0000, 0x0000, 0x0000, 0x0000, 0x0000, 0x0000, 0x0000, 0x0000,
    0x0000, 0x0000, 0x0000, 0x0000, 0x0000, 0x0000, 0x0000, 0x0000,
    0x0000, 0x0000, 0x0000, 0x0000, 0x0000, 0x0000, 0x0000, 0x0000,
    0x0000, 0x0000, 0x0000, 0x0000, 0x0000, 0x0000, 0x0000, 0x0000,
    0x0000, 0x0000, 0x0040, 0x1081, 0xAD33, 0xFFFE, 0xEF19, 0xEEF9,
    0xEEF9, 0xE6D8, 0xE696, 0xE696, 0xE676, 0xE697, 0xE676, 0xDE55,
    0xDE55, 0xDE14, 0xDE34, 0xDE55, 0xDE34, 0xD5F3, 0xD5D2, 0xD5F3,
    0xD613, 0xD5F3, 0xCDB2, 0xC550, 0xCDB2, 0xCD91, 0xC570, 0xC530,
    0xBD2F, 0xBD0F, 0xB4EF, 0xB4CE, 0xA46D, 0x93EB, 0x9C0B, 0xACAE,
    0xB4F0, 0xB4EF, 0xB4F0, 0xBD30, 0xBD51, 0xBD51, 0xBD31, 0xC572,
    0xBD51, 0xBD30, 0xBD30, 0xC572, 0xBD51, 0xBD51, 0xC592, 0xC572,
    0xC571, 0xBD30, 0xC571, 0xC592, 0xBD30, 0xBD30, 0xC571, 0xC571,
    0xC551, 0xC571, 0xC571, 0xC592, 0xC571, 0xC571, 0xC571, 0xC592,
    0xC550, 0xC550, 0xCDB2, 0xCD92, 0xCDB2, 0xCDB2, 0xCD91, 0xCD91,
    0xCDB2, 0xCDB2, 0xCDB2, 0xCDD3, 0xD5D3, 0xD5D3, 0xD5D3, 0xD5D3,
    0xD5D3, 0xD5F3, 0xD5D3, 0xD5D2, 0xD5D2, 0xD5D3, 0xD5F3, 0xDE34,
    0xDE34, 0xD5F3, 0xDE55, 0xDE14, 0xD5F3, 0xDE13, 0xDE34, 0xDE13,
    0xDE34, 0xDE13, 0xD5F3, 0xDE34, 0xE675, 0xDE34, 0xDE34, 0xDE55,
    0xDE13, 0xDE34, 0xE655, 0xDE54, 0xDE34, 0xE655, 0xE655, 0xE655,
    0xDE54, 0xDE34, 0xE655, 0xE696, 0xE675, 0xE675, 0xE675, 0xE675,
    0xE675, 0xE6B6, 0xE696, 0xE675, 0xE696, 0xEEB7, 0xE696, 0xEE96,
    0xEEB6, 0xEEB7, 0xEEB6, 0xEE96, 0xEEB6, 0xEE96, 0xEEB6, 0xEE96,
    0xEEB6, 0xEEB6, 0xEED7, 0xEED7, 0xEED7, 0xEED7, 0xEED7, 0xEED7,
    0xEED7, 0xE6B6, 0xE696, 0xD5B2, 0xB4AD, 0xC52F, 0xC52F, 0xCD70,
    0xD5D2, 0xD5D2, 0xCD91, 0xDE34, 0xD5D2, 0xDDF2, 0xDE54, 0xDE34,
    0xDE34, 0xE675, 0xE675, 0xE675, 0xEEB6, 0xEEB6, 0xEEB7, 0xEED7,
    0xEED7, 0xEED6, 0xEED7, 0xF6F8, 0xF718, 0xF6F8, 0xF718, 0xF739,
    0xF739, 0xF73A, 0xF75A, 0xFFFE, 0x840F, 0x1903, 0x0020, 0x0000,
    0x0000, 0x0000, 0x0000, 0x0000, 0x0000, 0x0000, 0x0000, 0x0000,
    0x0000, 0x0000, 0x0000, 0x0000, 0x0000, 0x0000, 0x0000, 0x0000,
    0x0000, 0x0000, 0x0000, 0x0000, 0x0000, 0x0000, 0x0000, 0x0000,
    0x0000, 0x0000, 0x0000, 0x0000, 0x0000, 0x0000, 0x0000, 0x0000,
    0x0000, 0x0000, 0x0000, 0x0000, 0x0000, 0x0000, 0x0000, 0x0000,
    0x0000, 0x0000, 0x0000, 0x0000, 0x0000, 0x0000, 0x0000, 0x0000,
    0x0000, 0x0841, 0x10A2, 0x2924, 0xDEB9, 0xFF9C, 0xEEF9, 0xEED9,
    0xEEF9, 0xE6D8, 0xE6B7, 0xE696, 0xE696, 0xEE97, 0xE676, 0xDE55,
    0xDE14, 0xDDF3, 0xDE34, 0xDE34, 0xDE34, 0xD5F2, 0xD5D2, 0xD614,
    0xD613, 0xD5F3, 0xCDB2, 0xCD70, 0xCDB1, 0xC570, 0xC550, 0xBD0F,
    0xC50F, 0xBD10, 0xB4CE, 0xACAD, 0xA46D, 0x93EB, 0x9C0B, 0xACCF,
    0xB4CF, 0xB4EF, 0xBCF0, 0xBD51, 0xBD51, 0xC572, 0xBD31, 0xBD51,
    0xC571, 0xBD10, 0xBD30, 0xC551, 0xC571, 0xBD31, 0xC571, 0xC571,
    0xC571, 0xBD10, 0xC571, 0xC572, 0xBD30, 0xBD30, 0xC551, 0xC572,
    0xC592, 0xC571, 0xBD30, 0xC592, 0xC572, 0xC572, 0xC592, 0xCD92,
    0xC550, 0xC570, 0xCDB2, 0xCDB2, 0xCDB2, 0xCD51, 0xCD92, 0xCDB2,
    0xD5F3, 0xCDB1, 0xC591, 0xD5D3, 0xD5D3, 0xD5D3, 0xD5B2, 0xD5D3,
    0xD5D3, 0xD614, 0xD5D3, 0xD5F3, 0xD613, 0xD5F3, 0xD613, 0xDE33,
    0xDE55, 0xDE34, 0xDE13, 0xDDF4, 0xDE14, 0xDDF3, 0xDE14, 0xDE14,
    0xDE34, 0xDE14, 0xD5F3, 0xD613, 0xE655, 0xDE34, 0xDE34, 0xDE55,
    0xDE54, 0xDE34, 0xE655, 0xE654, 0xDE34, 0xE675, 0xE654, 0xE654,
    0xE675, 0xE634, 0xE655, 0xE695, 0xE675, 0xE696, 0xE654, 0xE696,
    0xEE96, 0xE6B6, 0xEEB7, 0xE696, 0xE655, 0xEE96, 0xEEB6, 0xEE96,
    0xEE96, 0xEEB6, 0xEEB6, 0xEE96, 0xEE96, 0xEEB6, 0xEEB6, 0xEEB7,
    0xEEB6, 0xEEB7, 0xEED7, 0xEEB7, 0xEED7, 0xEED7, 0xEED7, 0xEED7,
    0xEEF8, 0xEEB7, 0xE696, 0xD5F3, 0xBCEE, 0xC50E, 0xC50F, 0xCD70,
    0xCD91, 0xD5F3, 0xD5B1, 0xDE33, 0xDDF3, 0xDDF2, 0xDE33, 0xDE13,
    0xDE34, 0xE675, 0xE675, 0xE675, 0xEE75, 0xEE95, 0xEEB6, 0xEED6,
    0xEEB6, 0xEED6, 0xEED6, 0xF6D8, 0xF718, 0xF6F8, 0xF718, 0xF739,
    0xF739, 0xF73A, 0xF75A, 0xFFDE, 0xCDF6, 0x2985, 0x1081, 0x0840,
    0x0000, 0x0000, 0x0000, 0x0000, 0x0000, 0x0000, 0x0000, 0x0000,
    0x0000, 0x0000, 0x0000, 0x0000, 0x0000, 0x0000, 0x0000, 0x0000,
    0x0000, 0x0000, 0x0000, 0x0000, 0x0000, 0x0000, 0x0000, 0x0000,
    0x0000, 0x0000, 0x0000, 0x0000, 0x0000, 0x0000, 0x0000, 0x0000,
    0x0000, 0x0000, 0x0000, 0x0000, 0x0000, 0x0000, 0x0000, 0x0000,
    0x0000, 0x0000, 0x0000, 0x0000, 0x0000, 0x0000, 0x0000, 0x0000,
    0x0000, 0x1082, 0x0861, 0x62EB, 0xFF9D, 0xF75B, 0xEEF9, 0xEED8,
    0xEEF9, 0xE6B7, 0xE6B7, 0xE696, 0xE696, 0xE696, 0xDE76, 0xDE55,
    0xD5F3, 0xD613, 0xDE34, 0xDE14, 0xDE34, 0xD5D2, 0xD5F3, 0xD614,
    0xD5D2, 0xD5D3, 0xCDB2, 0xCD91, 0xCD90, 0xC550, 0xC550, 0xBD4F,
    0xC551, 0xBD30, 0xB4AE, 0xAC6D, 0xA46C, 0x93EB, 0x9C2C, 0xACAE,
    0xB4CF, 0xB510, 0xBD30, 0xBD51, 0xBD51, 0xC572, 0xBD31, 0xBD51,
    0xC571, 0xBD10, 0xC551, 0xC551, 0xC571, 0xBD31, 0xBD31, 0xC571,
    0xBD31, 0xBD10, 0xBD51, 0xBD51, 0xC530, 0xBD51, 0xC571, 0xC572,
    0xC571, 0xC530, 0xBD30, 0xC592, 0xC571, 0xC572, 0xCDB3, 0xCDB2,
    0xC550, 0xC591, 0xCD92, 0xCDB2, 0xCD72, 0xC530, 0xCD92, 0xD5D3,
    0xD5F3, 0xCD91, 0xC570, 0xD5D3, 0xD5F3, 0xD5F3, 0xCDD2, 0xD5F3,
    0xD5D3, 0xD5F3, 0xD5D2, 0xD5F3, 0xD614, 0xD5F3, 0xD613, 0xD613,
    0xDE35, 0xDE34, 0xD5D2, 0xD5F3, 0xDE35, 0xD5F3, 0xD5F3, 0xDE13,
    0xDE54, 0xDE14, 0xD5F3, 0xDE13, 0xDE55, 0xDE34, 0xDE34, 0xDE34,
    0xDE54, 0xDE54, 0xDE13, 0xE634, 0xDE54, 0xE675, 0xE654, 0xE674,
    0xE696, 0xE634, 0xE655, 0xE675, 0xE675, 0xE6D6, 0xE675, 0xE696,
    0xEEB6, 0xE696, 0xF6B7, 0xEEB6, 0xE675, 0xE675, 0xEEB6, 0xEE97,
    0xEE96, 0xEEB6, 0xEEB6, 0xEEB6, 0xEE96, 0xEED6, 0xEEB6, 0xEED7,
    0xEEB6, 0xEEB7, 0xEED7, 0xEEB7, 0xEED7, 0xEED7, 0xEED7, 0xEED7,
    0xEEF8, 0xEEB7, 0xE696, 0xD613, 0xBD0F, 0xBCCE, 0xC50F, 0xCD70,
    0xC550, 0xD5F2, 0xD5F3, 0xDE13, 0xE613, 0xDE14, 0xDDF3, 0xDDD2,
    0xDE34, 0xE654, 0xE653, 0xE675, 0xE654, 0xE695, 0xEED6, 0xEE96,
    0xEEB6, 0xEEB6, 0xEEB6, 0xEED7, 0xEEF7, 0xF6F8, 0xF718, 0xF719,
    0xF739, 0xF73A, 0xF75A, 0xFF5B, 0xF77C, 0x5AA9, 0x0881, 0x1081,
    0x0000, 0x0000, 0x0000, 0x0000, 0x0000, 0x0000, 0x0000, 0x0000,
    0x0000, 0x0000, 0x0000, 0x0000, 0x0000, 0x0000, 0x0000, 0x0000,
    0x0000, 0x0000, 0x0000, 0x0000, 0x0000, 0x0000, 0x0000, 0x0000,
    0x0000, 0x0000, 0x0000, 0x0000, 0x0000, 0x0000, 0x0000, 0x0000,
    0x0000, 0x0000, 0x0000, 0x0000, 0x0000, 0x0000, 0x0000, 0x0000,
    0x0000, 0x0000, 0x0000, 0x0000, 0x0000, 0x0000, 0x0000, 0x0000,
    0x0000, 0x0020, 0x0861, 0xBD95, 0xFFDD, 0xEF3A, 0xEED8, 0xE6D8,
    0xE6D8, 0xE696, 0xE697, 0xE676, 0xE676, 0xDE76, 0xDE55, 0xD614,
    0xD5F3, 0xD634, 0xDE14, 0xDE35, 0xDE14, 0xD5D2, 0xD613, 0xD5F3,
    0xCD91, 0xCDB2, 0xCD91, 0xCD91, 0xCD70, 0xCD71, 0xC571, 0xC550,
    0xC551, 0xBD30, 0xB4AE, 0xAC6D, 0xA44C, 0x93CB, 0xA44C, 0xAC6D,
    0xB4EF, 0xB510, 0xBD51, 0xBD31, 0xBD51, 0xBD52, 0xBD30, 0xC572,
    0xBD51, 0xBD30, 0xC572, 0xC572, 0xC572, 0xBD51, 0xBD31, 0xBD51,
    0xBD31, 0xBD30, 0xC551, 0xBD51, 0xC551, 0xBD51, 0xC571, 0xBD51,
    0xBD10, 0xC530, 0xC551, 0xC572, 0xC550, 0xC591, 0xCDB3, 0xCDB2,
    0xC571, 0xC592, 0xC571, 0xCD92, 0xC571, 0xC571, 0xCDB2, 0xD5D3,
    0xCDB2, 0xCDB2, 0xCD71, 0xD5D3, 0xD5F3, 0xD5F3, 0xD5F3, 0xD5F3,
    0xD5D2, 0xCDB1, 0xD5D2, 0xD5F3, 0xD5F3, 0xD5F3, 0xD613, 0xD5F3,
    0xDE14, 0xDE14, 0xD5D2, 0xD613, 0xDE55, 0xD613, 0xD5F2, 0xD5F2,
    0xDE54, 0xDE34, 0xD5F3, 0xDE34, 0xDE55, 0xDE13, 0xDE54, 0xDE34,
    0xDE13, 0xDE55, 0xDE13, 0xDE13, 0xDE55, 0xE676, 0xE675, 0xE675,
    0xE696, 0xDE54, 0xE654, 0xE655, 0xE675, 0xE6B6, 0xE696, 0xE675,
    0xE695, 0xE695, 0xEEB6, 0xEEB6, 0xE696, 0xE675, 0xE696, 0xEEB7,
    0xEEB6, 0xEEB7, 0xEED7, 0xEEB7, 0xEEB6, 0xEED7, 0xEE95, 0xEEB6,
    0xEEB6, 0xEEB6, 0xEED7, 0xEED7, 0xEEB7, 0xEED7, 0xEED7, 0xEEB6,
    0xEED7, 0xEED7, 0xE6B6, 0xDE34, 0xBD0F, 0xB4AD, 0xC50F, 0xCD70,
    0xC550, 0xCDB1, 0xD5F3, 0xDDF3, 0xDE13, 0xDE34, 0xDDF3, 0xD5D2,
    0xDE13, 0xE654, 0xDE33, 0xE654, 0xE675, 0xE695, 0xEED7, 0xEE96,
    0xEEB6, 0xEEB6, 0xEEB6, 0xEED7, 0xEEF7, 0xF6F8, 0xF6F8, 0xF6F8,
    0xF719, 0xF739, 0xF73A, 0xF73A, 0xFFDD, 0x9CD1, 0x10A2, 0x0040,
    0x0020, 0x0000, 0x0000, 0x0000, 0x0000, 0x0000, 0x0000, 0x0000,
    0x0000, 0x0000, 0x0000, 0x0000, 0x0000, 0x0000, 0x0000, 0x0000,
    0x0000, 0x0000, 0x0000, 0x0000, 0x0000, 0x0000, 0x0000, 0x0000,
    0x0000, 0x0000, 0x0000, 0x0000, 0x0000, 0x0000, 0x0000, 0x0000,
    0x0000, 0x0000, 0x0000, 0x0000, 0x0000, 0x0000, 0x0000, 0x0000,
    0x0000, 0x0000, 0x0000, 0x0000, 0x0000, 0x0000, 0x0000, 0x0000,
    0x0000, 0x0020, 0x4208, 0xF75C, 0xFF9C, 0xEF19, 0xE6D8, 0xEEF9,
    0xE6B7, 0xE6B7, 0xE6B7, 0xDE35, 0xDE35, 0xDE55, 0xDE14, 0xD5F4,
    0xDE35, 0xD614, 0xDE34, 0xDE55, 0xDE14, 0xD5F3, 0xD5D2, 0xCDB2,
    0xD5D2, 0xCDB2, 0xCD91, 0xCD91, 0xC550, 0xCD71, 0xC571, 0xC52F,
    0xBD0F, 0xBCEF, 0xB4CE, 0xAC8E, 0x9C2C, 0x93AA, 0xA42C, 0xAC8E,
    0xB4F0, 0xB510, 0xBD51, 0xBD10, 0xBD51, 0xBD31, 0xBD30, 0xC572,
    0xC572, 0xBD71, 0xC592, 0xC5B3, 0xBD51, 0xBD51, 0xBD30, 0xBD10,
    0xC571, 0xBD31, 0xC572, 0xC551, 0xBD51, 0xBD31, 0xBD30, 0xBD30,
    0xBD10, 0xC551, 0xC551, 0xC571, 0xC551, 0xC571, 0xCDB3, 0xC571,
    0xCDB2, 0xCDB3, 0xC571, 0xCD92, 0xCDB2, 0xC571, 0xCDB2, 0xCD92,
    0xC550, 0xD5D3, 0xCDB3, 0xD5D3, 0xCD91, 0xD5D3, 0xD5F3, 0xD5D3,
    0xD5F3, 0xD5D2, 0xD5D2, 0xD613, 0xD5F3, 0xD5D2, 0xD5D2, 0xD5D2,
    0xDE14, 0xDE34, 0xD5F3, 0xD613, 0xDE34, 0xD613, 0xDE13, 0xDE14,
    0xDE34, 0xDE55, 0xDE34, 0xD5F3, 0xDE75, 0xDE34, 0xDE54, 0xDE75,
    0xDDF3, 0xDE55, 0xDE54, 0xDE33, 0xDE34, 0xE696, 0xE675, 0xE675,
    0xE675, 0xE675, 0xE655, 0xE675, 0xE674, 0xE675, 0xEEB6, 0xEE96,
    0xE675, 0xE695, 0xE675, 0xE695, 0xE696, 0xE696, 0xE655, 0xEEB6,
    0xEE96, 0xE696, 0xEED7, 0xEEB7, 0xEEB6, 0xEED7, 0xEED7, 0xEEB6,
    0xEEB6, 0xEE96, 0xEED7, 0xEED7, 0xEED7, 0xEED7, 0xEED8, 0xEEB7,
    0xEED7, 0xEED7, 0xEEB7, 0xE696, 0xC550, 0xB46C, 0xC50F, 0xC530,
    0xCD70, 0xCD91, 0xD5F3, 0xD5B1, 0xD5F3, 0xDE13, 0xDE13, 0xDE13,
    0xDE13, 0xE654, 0xDE34, 0xDE34, 0xE675, 0xE695, 0xEEB6, 0xEED7,
    0xEEB6, 0xEEB7, 0xEED7, 0xEED7, 0xEED7, 0xEED7, 0xF6F8, 0xF6F8,
    0xF6F8, 0xF719, 0xF739, 0xF75A, 0xFFBD, 0xDEB9, 0x41E7, 0x0000,
    0x0000, 0x0000, 0x0000, 0x0000, 0x0000, 0x0000, 0x0000, 0x0000,
    0x0000, 0x0000, 0x0000, 0x0000, 0x0000, 0x0000, 0x0000, 0x0000,
    0x0000, 0x0000, 0x0000, 0x0000, 0x0000, 0x0000, 0x0000, 0x0000,
    0x0000, 0x0000, 0x0000, 0x0000, 0x0000, 0x0000, 0x0000, 0x0000,
    0x0000, 0x0000, 0x0000, 0x0000, 0x0000, 0x0000, 0x0000, 0x0000,
    0x0000, 0x0000, 0x0000, 0x0000, 0x0000, 0x0000, 0x0000, 0x0000,
    0x0000, 0x0020, 0x94D2, 0xFFFE, 0xF75A, 0xEEF9, 0xEEF9, 0xEEF9,
    0xE697, 0xE6B7, 0xE697, 0xDE55, 0xDE56, 0xD634, 0xD614, 0xDE34,
    0xDE14, 0xD614, 0xDE34, 0xDE54, 0xDE14, 0xD5F3, 0xD5F3, 0xD5D3,
    0xD5D3, 0xCDD2, 0xCDB2, 0xCDB2, 0xC550, 0xCD70, 0xCD71, 0xC52F,
    0xBD0F, 0xBCCE, 0xACAE, 0xAC6D, 0x9C0B, 0x93AA, 0xAC4D, 0xB4EF,
    0xB510, 0xBD30, 0xBD31, 0xBD10, 0xBD30, 0xBD31, 0xBD30, 0xC571,
    0xC572, 0xC572, 0xC592, 0xC593, 0xBD30, 0xBD51, 0xBD30, 0xBCF0,
    0xC571, 0xC551, 0xC572, 0xC551, 0xBD51, 0xC551, 0xBD10, 0xC550,
    0xC551, 0xC551, 0xC551, 0xC592, 0xC592, 0xC530, 0xCD92, 0xC592,
    0xCDB2, 0xCDD3, 0xC571, 0xCDB2, 0xCD91, 0xC571, 0xCDB3, 0xCDB3,
    0xCD71, 0xCDD2, 0xD5F3, 0xD5D3, 0xCD90, 0xD5F3, 0xD5D3, 0xD5F3,
    0xD5F3, 0xD5D2, 0xCDD2, 0xD613, 0xD614, 0xCDB2, 0xD5F2, 0xD5D2,
    0xDE14, 0xDE34, 0xD5D2, 0xD613, 0xDE14, 0xDE34, 0xDE13, 0xE634,
    0xDE34, 0xDE55, 0xDE34, 0xD5D2, 0xE675, 0xDE34, 0xDE34, 0xE695,
    0xDE13, 0xDE54, 0xE675, 0xDE34, 0xDE33, 0xE675, 0xE676, 0xE696,
    0xE654, 0xE655, 0xE655, 0xE675, 0xE654, 0xE675, 0xEEB6, 0xEE96,
    0xE695, 0xE695, 0xE696, 0xE696, 0xE696, 0xE696, 0xE655, 0xEE96,
    0xEEB6, 0xE675, 0xEED6, 0xEED7, 0xEEB6, 0xEED7, 0xEED7, 0xEEB6,
    0xEEB7, 0xEEB7, 0xEEB6, 0xEEB6, 0xEED7, 0xEED7, 0xEED8, 0xEED7,
    0xEEB7, 0xEED7, 0xEEB7, 0xE696, 0xCDB2, 0xB48C, 0xC4EE, 0xC530,
    0xCD70, 0xCD70, 0xD5D2, 0xD5B1, 0xD5D2, 0xDDF2, 0xDE13, 0xDE12,
    0xDE34, 0xE634, 0xE675, 0xE655, 0xE654, 0xE674, 0xEE96, 0xEED7,
    0xEE96, 0xEEB7, 0xEED7, 0xEED7, 0xEEF7, 0xEED7, 0xF6F8, 0xF718,
    0xF718, 0xF719, 0xF739, 0xF75A, 0xFF7C, 0xFFBC, 0x736D, 0x0000,
    0x0000, 0x0000, 0x0000, 0x0000, 0x0000, 0x0000, 0x0000, 0x0000,
    0x0000, 0x0000, 0x0000, 0x0000, 0x0000, 0x0000, 0x0000, 0x0000,
    0x0000, 0x0000, 0x0000, 0x0000, 0x0000, 0x0000, 0x0000, 0x0000,
    0x0000, 0x0000, 0x0000, 0x0000, 0x0000, 0x0000, 0x0000, 0x0000,
    0x0000, 0x0000, 0x0000, 0x0000, 0x0000, 0x0000, 0x0000, 0x0000,
    0x0000, 0x0000, 0x0000, 0x0000, 0x0000, 0x0000, 0x0000, 0x0000,
    0x0020, 0x3986, 0xDEDA, 0xFFBD, 0xEF3A, 0xEEF9, 0xEEF9, 0xE6B7,
    0xE697, 0xE6B7, 0xDE56, 0xDE56, 0xDE76, 0xD614, 0xDE35, 0xDE34,
    0xD5F3, 0xDE55, 0xD614, 0xDE14, 0xD5F2, 0xD5F3, 0xD614, 0xD5D3,
    0xD5F3, 0xCDD2, 0xCDB2, 0xCDB2, 0xCD70, 0xC570, 0xCD91, 0xC530,
    0xBD0F, 0xB4AD, 0xAC8E, 0xA42B, 0x9BCA, 0x93EB, 0xACAF, 0xB4F0,
    0xB4EF, 0xBD30, 0xBD31, 0xBD30, 0xBD30, 0xBD31, 0xBD30, 0xBD31,
    0xC592, 0xC572, 0xC592, 0xC572, 0xBD30, 0xBD51, 0xBD10, 0xBD30,
    0xBD51, 0xC571, 0xC550, 0xC551, 0xC572, 0xC571, 0xC530, 0xC592,
    0xC571, 0xC551, 0xC551, 0xC592, 0xC592, 0xBD0F, 0xCD92, 0xC592,
    0xCDB2, 0xCDD3, 0xCD91, 0xCDD2, 0xC571, 0xCD92, 0xCD92, 0xCDD3,
    0xCDB2, 0xCDD2, 0xD5F3, 0xD5D3, 0xD5B2, 0xD613, 0xCDB1, 0xD5F3,
    0xD5F3, 0xD5D2, 0xCDF3, 0xD5F3, 0xD614, 0xCDB3, 0xD5F2, 0xD5F2,
    0xDE14, 0xDDF3, 0xD5D2, 0xDE13, 0xDE15, 0xDE34, 0xD613, 0xDE34,
    0xDE34, 0xDE34, 0xDE13, 0xD5D2, 0xE655, 0xDE54, 0xDE35, 0xE655,
    0xDE33, 0xE654, 0xEE75, 0xDE34, 0xDE33, 0xE655, 0xE676, 0xE696,
    0xE674, 0xDE34, 0xE654, 0xE675, 0xE654, 0xE675, 0xE696, 0xE695,
    0xE695, 0xE695, 0xE696, 0xEE96, 0xE696, 0xEEB6, 0xEE95, 0xEE96,
    0xEEB6, 0xEE95, 0xEEB6, 0xEED7, 0xEEB6, 0xEED7, 0xEED7, 0xEEB6,
    0xEEB7, 0xEED7, 0xEEB6, 0xEEB6, 0xEED7, 0xEED7, 0xEED7, 0xEEF7,
    0xEEB7, 0xEED7, 0xEED7, 0xEE96, 0xDE14, 0xB4CD, 0xBCAE, 0xC530,
    0xCD70, 0xCD70, 0xD5B2, 0xD5B1, 0xD5B1, 0xD5B2, 0xDE13, 0xD5F2,
    0xDE34, 0xDE54, 0xE654, 0xEE95, 0xE654, 0xE674, 0xE696, 0xEED7,
    0xEE96, 0xEEB6, 0xEEB6, 0xEED7, 0xEEF7, 0xEED7, 0xF6F8, 0xF718,
    0xF718, 0xF719, 0xF739, 0xF75A, 0xF75B, 0xFFBC, 0xB574, 0x2124,
    0x0000, 0x0000, 0x0000, 0x0000, 0x0000, 0x0000, 0x0000, 0x0000,
    0x0000, 0x0000, 0x0000, 0x0000, 0x0000, 0x0000, 0x0000, 0x0000,
    0x0000, 0x0000, 0x0000, 0x0000, 0x0000, 0x0000, 0x0000, 0x0000,
    0x0000, 0x0000, 0x0000, 0x0000, 0x0000, 0x0000, 0x0000, 0x0000,
    0x0000, 0x0000, 0x0000, 0x0000, 0x0000, 0x0000, 0x0000, 0x0000,
    0x0000, 0x0000, 0x0000, 0x0000, 0x0000, 0x0000, 0x0000, 0x0000,
    0x1082, 0x7BAE, 0xFFBE, 0xF75B, 0xEF1A, 0xEEF9, 0xE6D8, 0xDE76,
    0xE697, 0xE676, 0xDE35, 0xDE56, 0xDE55, 0xDE35, 0xDE35, 0xD5F3,
    0xD5F4, 0xDE76, 0xD5F3, 0xD614, 0xD5D2, 0xD5D3, 0xD614, 0xD5D2,
    0xD5F3, 0xCDB2, 0xCD92, 0xCD91, 0xCD71, 0xC571, 0xCD91, 0xC530,
    0xBD0F, 0xAC8D, 0xAC8D, 0x9C0B, 0x93CA, 0x9C0C, 0xACCF, 0xB4CF,
    0xB4CF, 0xBD30, 0xBD31, 0xBD51, 0xBD51, 0xBD51, 0xBD30, 0xBD31,
    0xC592, 0xC572, 0xC592, 0xC551, 0xBD30, 0xBD30, 0xB4EF, 0xBD51,
    0xC571, 0xC551, 0xBD30, 0xC572, 0xC572, 0xC551, 0xC571, 0xC572,
    0xBD51, 0xC551, 0xC550, 0xC592, 0xC571, 0xBD30, 0xC592, 0xC551,
    0xCD92, 0xCD92, 0xCDB2, 0xCDD3, 0xC571, 0xCDD3, 0xC571, 0xCD92,
    0xCDB2, 0xD5D3, 0xD5D3, 0xD5D3, 0xD5D3, 0xD5F3, 0xCDB1, 0xD5D2,
    0xD5F3, 0xD5F3, 0xD614, 0xD5F4, 0xD614, 0xD5D3, 0xD5F3, 0xD5F3,
    0xD614, 0xD5D2, 0xD5F3, 0xDE14, 0xDE35, 0xDE14, 0xDE13, 0xD613,
    0xDE34, 0xDE14, 0xDE13, 0xD5F2, 0xDE34, 0xDE55, 0xDE55, 0xDE34,
    0xDE34, 0xE655, 0xE675, 0xDE34, 0xDE34, 0xE655, 0xE675, 0xE675,
    0xE675, 0xE654, 0xE654, 0xE675, 0xE675, 0xE675, 0xE675, 0xE675,
    0xE695, 0xE675, 0xE675, 0xEE96, 0xE696, 0xEEB6, 0xEEB6, 0xEE96,
    0xEEB6, 0xEEB6, 0xE696, 0xEEB7, 0xEED7, 0xEEB6, 0xEED7, 0xE696,
    0xEEB6, 0xEEB7, 0xEEB6, 0xEED7, 0xEED7, 0xEED7, 0xEED7, 0xEEF7,
    0xEED7, 0xEEB6, 0xEED7, 0xEEB7, 0xDE34, 0xBCEE, 0xB4AD, 0xC550,
    0xC550, 0xCD91, 0xD5D2, 0xD5B1, 0xD5D2, 0xD5B2, 0xDE13, 0xDDF3,
    0xDE13, 0xDE54, 0xDE13, 0xE675, 0xE675, 0xE675, 0xE695, 0xEED7,
    0xEEB6, 0xEE96, 0xEE96, 0xEEB6, 0xEED7, 0xEED7, 0xEED7, 0xF6F8,
    0xF718, 0xF718, 0xF719, 0xF73A, 0xF75A, 0xFF9C, 0xEF1A, 0x62EB,
    0x0861, 0x0000, 0x0000, 0x0000, 0x0000, 0x0000, 0x0000, 0x0000,
    0x0000, 0x0000, 0x0000, 0x0000, 0x0000, 0x0000, 0x0000, 0x0000,
    0x0000, 0x0000, 0x0000, 0x0000, 0x0000, 0x0000, 0x0000, 0x0000,
    0x0000, 0x0000, 0x0000, 0x0000, 0x0000, 0x0000, 0x0000, 0x0000,
    0x0000, 0x0000, 0x0000, 0x0000, 0x0000, 0x0000, 0x0000, 0x0000,
    0x0000, 0x0000, 0x0000, 0x0000, 0x0000, 0x0000, 0x0000, 0x0841,
    0x1924, 0x9CB2, 0xFFDE, 0xEF1A, 0xEEF9, 0xEEF9, 0xE6D8, 0xE697,
    0xE6B7, 0xDE35, 0xDE35, 0xDE35, 0xD614, 0xDE34, 0xD614, 0xD5D2,
    0xDE35, 0xD614, 0xD5D3, 0xDE34, 0xD5F3, 0xD614, 0xD614, 0xD5F3,
    0xCDB2, 0xCD71, 0xCD91, 0xCD91, 0xCD71, 0xC571, 0xC550, 0xBD0F,
    0xB4CE, 0xAC6D, 0xAC6D, 0x9BEB, 0x93AA, 0xA44D, 0xACAE, 0xB4EF,
    0xB510, 0xBD30, 0xBD51, 0xBD51, 0xBD51, 0xBD51, 0xBD51, 0xC571,
    0xBD51, 0xC571, 0xC592, 0xBD30, 0xBD30, 0xBD30, 0xBD10, 0xBD31,
    0xC551, 0xBD51, 0xBD30, 0xC571, 0xBD30, 0xBD50, 0xC592, 0xBD31,
    0xC592, 0xC571, 0xC571, 0xCDB3, 0xC592, 0xC571, 0xCD92, 0xC571,
    0xC592, 0xC571, 0xC571, 0xCDB2, 0xCD92, 0xCDB2, 0xCDB2, 0xCDB2,
    0xCDB2, 0xCDD3, 0xCD92, 0xD5D3, 0xD5D3, 0xCD91, 0xD5D2, 0xD5F3,
    0xD614, 0xD5F4, 0xD5F3, 0xD614, 0xD5D2, 0xD5D2, 0xD5F3, 0xD5F3,
    0xDE34, 0xD5D2, 0xD5F3, 0xDE14, 0xDE34, 0xDE14, 0xDE34, 0xDE13,
    0xDE34, 0xDE14, 0xDE34, 0xDE34, 0xDE13, 0xDE34, 0xDE34, 0xDE13,
    0xDE34, 0xDE55, 0xDE34, 0xDE54, 0xDE54, 0xE655, 0xDE55, 0xDE34,
    0xDE34, 0xE655, 0xE696, 0xE675, 0xE675, 0xE675, 0xE695, 0xE675,
    0xE696, 0xE6B6, 0xE695, 0xE695, 0xE696, 0xE696, 0xE696, 0xEEB6,
    0xE695, 0xEEB7, 0xEE96, 0xEEB6, 0xEED7, 0xEEB6, 0xEED7, 0xEED6,
    0xEEB6, 0xEEB7, 0xEEB6, 0xEEB6, 0xEED7, 0xEED7, 0xEED7, 0xEED7,
    0xEED8, 0xEEB7, 0xEEB7, 0xE6B7, 0xDE55, 0xBD0F, 0xB48C, 0xC571,
    0xC530, 0xCD70, 0xD5D2, 0xD5B2, 0xD613, 0xD5D2, 0xD5D1, 0xDDF3,
    0xDE13, 0xDE13, 0xDE13, 0xDE34, 0xE675, 0xE675, 0xE695, 0xEE96,
    0xEEB6, 0xEEB6, 0xEEB6, 0xEEB6, 0xEE96, 0xEED6, 0xEED7, 0xEEF7,
    0xF6F8, 0xF718, 0xF718, 0xF739, 0xF75A, 0xF75B, 0xFF9C, 0x73AE,
    0x18C2, 0x0000, 0x0000, 0x0000, 0x0000, 0x0000, 0x0000, 0x0000,
    0x0000, 0x0000, 0x0000, 0x0000, 0x0000, 0x0000, 0x0000, 0x0000,
    0x0000, 0x0000, 0x0000, 0x0000, 0x0000, 0x0000, 0x0000, 0x0000,
    0x0000, 0x0000, 0x0000, 0x0000, 0x0000, 0x0000, 0x0000, 0x0000,
    0x0000, 0x0000, 0x0000, 0x0000, 0x0000, 0x0000, 0x0000, 0x0000,
    0x0000, 0x0000, 0x0000, 0x0000, 0x0000, 0x0000, 0x0000, 0x0040,
    0x2924, 0xD678, 0xFF9C, 0xEF1A, 0xEEF9, 0xEED8, 0xE6B8, 0xE6B7,
    0xE6B6, 0xDE56, 0xDE55, 0xDE55, 0xDE14, 0xDDF2, 0xD614, 0xD5F3,
    0xDE35, 0xD5F4, 0xD5F4, 0xDDF4, 0xD5D3, 0xD613, 0xD614, 0xD614,
    0xCD91, 0xCD91, 0xCDB2, 0xC570, 0xCD71, 0xC571, 0xC550, 0xB4CE,
    0xB4CE, 0xAC6D, 0xA44C, 0x93AA, 0x8B69, 0xA44D, 0xB4AE, 0xB50F,
    0xBD31, 0xBD30, 0xBD31, 0xC572, 0xBD30, 0xBD51, 0xC572, 0xC571,
    0xBD51, 0xC572, 0xC592, 0xC550, 0xC551, 0xBD10, 0xBD30, 0xC551,
    0xC571, 0xBD30, 0xBD51, 0xC550, 0xBCEF, 0xC550, 0xC592, 0xC551,
    0xC592, 0xC571, 0xCD92, 0xCDD3, 0xC571, 0xC550, 0xCDB2, 0xC571,
    0xC571, 0xC591, 0xC551, 0xCD71, 0xCD92, 0xCDB2, 0xCDB3, 0xC591,
    0xCDD3, 0xD5F4, 0xD5D3, 0xCDB2, 0xD591, 0xCDB1, 0xD5F3, 0xD5D3,
    0xD634, 0xD5F3, 0xD5D2, 0xD613, 0xD591, 0xCDD2, 0xD613, 0xD5F3,
    0xDE34, 0xD5F3, 0xD5F3, 0xD5F3, 0xDE13, 0xDE13, 0xDE34, 0xDDF3,
    0xDE33, 0xDE34, 0xDE34, 0xDE14, 0xDE13, 0xDE34, 0xDE34, 0xDE13,
    0xDE34, 0xDE54, 0xDE13, 0xDE54, 0xDE33, 0xE655, 0xE655, 0xDE34,
    0xDE34, 0xE634, 0xE696, 0xE696, 0xE675, 0xE675, 0xE675, 0xE675,
    0xE675, 0xE6B6, 0xE675, 0xE675, 0xE696, 0xEE96, 0xE696, 0xEEB6,
    0xE695, 0xEE97, 0xEEB6, 0xEE95, 0xEEB6, 0xEED7, 0xEED7, 0xEED6,
    0xEEB6, 0xEED7, 0xEEB7, 0xEEB7, 0xEEB7, 0xEED7, 0xEED7, 0xEED7,
    0xEED8, 0xEED7, 0xEEB6, 0xE696, 0xE676, 0xC570, 0xB48D, 0xC550,
    0xC52F, 0xCD50, 0xD5B1, 0xD5D2, 0xD633, 0xD5D1, 0xCD70, 0xDDD2,
    0xDE13, 0xDDF2, 0xDE33, 0xDE34, 0xE655, 0xE654, 0xE695, 0xEE75,
    0xEE95, 0xEE96, 0xEEB6, 0xEED7, 0xEEB6, 0xEED7, 0xEEB6, 0xEEF7,
    0xF6F8, 0xF718, 0xF718, 0xF739, 0xF73A, 0xF73A, 0xFFBD, 0xA4D1,
    0x20E3, 0x1061, 0x0000, 0x0000, 0x0000, 0x0000, 0x0000, 0x0000,
    0x0000, 0x0000, 0x0000, 0x0000, 0x0000, 0x0000, 0x0000, 0x0000,
    0x0000, 0x0000, 0x0000, 0x0000, 0x0000, 0x0000, 0x0000, 0x0000,
    0x0000, 0x0000, 0x0000, 0x0000, 0x0000, 0x0000, 0x0000, 0x0000,
    0x0000, 0x0000, 0x0000, 0x0000, 0x0000, 0x0000, 0x0000, 0x0000,
    0x0000, 0x0000, 0x0000, 0x0000, 0x0000, 0x0000, 0x0000, 0x0000,
    0x5A8A, 0xFFBD, 0xF75B, 0xEF3A, 0xEEF9, 0xE697, 0xE6D8, 0xE6B7,
    0xE696, 0xDE76, 0xDE55, 0xDE55, 0xDE14, 0xD5F3, 0xD614, 0xD614,
    0xDE35, 0xDE14, 0xD5D3, 0xD5B2, 0xCDB2, 0xD5F3, 0xD614, 0xD614,
    0xCD91, 0xCD91, 0xCDB2, 0xC570, 0xCD70, 0xC591, 0xC530, 0xB4CE,
    0xB4CE, 0xAC8D, 0xA42C, 0x8369, 0x8B69, 0xA48D, 0xB4CF, 0xB510,
    0xBD51, 0xBD30, 0xBD31, 0xC572, 0xBD10, 0xC551, 0xC551, 0xBD51,
    0xBD51, 0xC572, 0xC592, 0xC571, 0xC572, 0xBD10, 0xBD30, 0xC571,
    0xC571, 0xBD30, 0xC571, 0xBD30, 0xBCEF, 0xC551, 0xC592, 0xC571,
    0xC592, 0xCD91, 0xCD92, 0xCDD3, 0xC550, 0xC571, 0xCDB2, 0xC571,
    0xCD71, 0xC591, 0xC551, 0xC530, 0xCD92, 0xCDB2, 0xCDB3, 0xCD71,
    0xCDD3, 0xD5F4, 0xD5D3, 0xD5D2, 0xCDB1, 0xCDB2, 0xD614, 0xD5D3,
    0xD5F3, 0xD5B1, 0xD5D2, 0xD5F3, 0xCDB1, 0xCDD2, 0xD613, 0xD5F3,
    0xD5F3, 0xD5F3, 0xD5F3, 0xDDF3, 0xD5F3, 0xDE13, 0xDE13, 0xD5F3,
    0xD5F3, 0xDE14, 0xDE34, 0xD5F3, 0xDE13, 0xE655, 0xE655, 0xDE13,
    0xDE34, 0xDE34, 0xDE13, 0xDE34, 0xDE13, 0xDE55, 0xEE96, 0xDE34,
    0xE654, 0xE654, 0xE674, 0xE675, 0xE675, 0xE675, 0xE675, 0xE675,
    0xE675, 0xE676, 0xE675, 0xE675, 0xE696, 0xEE96, 0xEEB6, 0xEEB6,
    0xEE96, 0xE696, 0xEEB6, 0xEE75, 0xEE96, 0xEED7, 0xEEB7, 0xEEB6,
    0xEEB6, 0xEED7, 0xEEB7, 0xEED7, 0xEEB7, 0xEED7, 0xEED7, 0xEED7,
    0xEED7, 0xEED7, 0xEEB6, 0xE696, 0xE676, 0xD5B1, 0xB46D, 0xC50E,
    0xC52F, 0xC550, 0xCD91, 0xD5D2, 0xD5F3, 0xD5B1, 0xCD70, 0xD5D2,
    0xDDF3, 0xDDF2, 0xDE33, 0xDE34, 0xE655, 0xDE34, 0xE675, 0xEE95,
    0xEE95, 0xEE96, 0xEEB6, 0xEED7, 0xEEB6, 0xEED7, 0xEEB6, 0xEED7,
    0xF6F8, 0xF6F8, 0xF718, 0xF739, 0xF73A, 0xF73A, 0xFFBC, 0xD657,
    0x3185, 0x1081, 0x0000, 0x0000, 0x0000, 0x0000, 0x0000, 0x0000,
    0x0000, 0x0000, 0x0000, 0x0000, 0x0000, 0x0000, 0x0000, 0x0000,
    0x0000, 0x0000, 0x0000, 0x0000, 0x0000, 0x0000, 0x0000, 0x0000,
    0x0000, 0x0000, 0x0000, 0x0000, 0x0000, 0x0000, 0x0000, 0x0000,
    0x0000, 0x0000, 0x0000, 0x0000, 0x0000, 0x0000, 0x0000, 0x0000,
    0x0000, 0x0000, 0x0000, 0x0000, 0x0000, 0x0000, 0x0820, 0x0840,
    0xA533, 0xFFFE, 0xEF3A, 0xEF3A, 0xE6D8, 0xE697, 0xE6D8, 0xE697,
    0xDE76, 0xDE35, 0xDE55, 0xDE55, 0xDE14, 0xD614, 0xD5F3, 0xD614,
    0xDE35, 0xDE14, 0xCDB2, 0xCDB1, 0xCDB2, 0xD5D3, 0xD5F3, 0xD5F3,
    0xCDB2, 0xC550, 0xCDB2, 0xCD91, 0xC550, 0xC591, 0xBD0F, 0xB4EE,
    0xB4CF, 0xAC8E, 0xA42C, 0x8369, 0x93AA, 0xACAE, 0xB4F0, 0xBD31,
    0xBD51, 0xBD31, 0xBD51, 0xBD51, 0xBD31, 0xC572, 0xBD30, 0xBD51,
    0xBD51, 0xBD51, 0xC592, 0xC572, 0xC572, 0xBD30, 0xBD30, 0xBD51,
    0xC551, 0xBD51, 0xC571, 0xBD30, 0xBD30, 0xC572, 0xC5B3, 0xC571,
    0xC571, 0xCD92, 0xCD92, 0xCD92, 0xC571, 0xC592, 0xCD92, 0xC591,
    0xCD92, 0xC592, 0xC551, 0xBD30, 0xCD92, 0xCD92, 0xCD92, 0xCD91,
    0xCDD3, 0xCDD3, 0xCD92, 0xD5F3, 0xCDD2, 0xCDB2, 0xD614, 0xD5F3,
    0xCDB2, 0xCD71, 0xCDB2, 0xD5F3, 0xCDD2, 0xD5D3, 0xD5D2, 0xD5D2,
    0xD5D2, 0xD5F3, 0xD5F3, 0xDE14, 0xD5F3, 0xD5F3, 0xD5F3, 0xDE14,
    0xD5F3, 0xD5F3, 0xDE14, 0xDE13, 0xD5F3, 0xE675, 0xE676, 0xDE13,
    0xDE14, 0xDE34, 0xDDF3, 0xDE34, 0xDE34, 0xDE34, 0xE696, 0xDE34,
    0xE675, 0xE675, 0xDE54, 0xDE34, 0xE655, 0xE675, 0xE696, 0xE675,
    0xE696, 0xE675, 0xE696, 0xE675, 0xE696, 0xE696, 0xEEB6, 0xE6B6,
    0xEEB7, 0xE696, 0xEEB6, 0xEE96, 0xE696, 0xEEB6, 0xEE96, 0xEEB6,
    0xEEB6, 0xEE96, 0xEEB7, 0xEED7, 0xEEB7, 0xEED7, 0xEEB6, 0xEED7,
    0xEEB7, 0xEED7, 0xEED7, 0xE6B6, 0xE696, 0xD5F2, 0xAC4C, 0xBCCE,
    0xC50F, 0xC550, 0xCD91, 0xCD91, 0xD5D2, 0xD5B1, 0xCD91, 0xD5D2,
    0xD5F3, 0xD5D2, 0xDDF2, 0xDE13, 0xE675, 0xDE34, 0xE654, 0xEEB6,
    0xEEB6, 0xEEB6, 0xEE96, 0xEED7, 0xEEB6, 0xEED7, 0xEED7, 0xEED7,
    0xEEF7, 0xEED7, 0xEEF8, 0xF719, 0xF739, 0xF73A, 0xFF7B, 0xFF7C,
    0x62CA, 0x0040, 0x0000, 0x0000, 0x0000, 0x0000, 0x0000, 0x0000,
    0x0000, 0x0000, 0x0000, 0x0000, 0x0000, 0x0000, 0x0000, 0x0000,
    0x0000, 0x0000, 0x0000, 0x0000, 0x0000, 0x0000, 0x0000, 0x0000,
    0x0000, 0x0000, 0x0000, 0x0000, 0x0000, 0x0000, 0x0000, 0x0000,
    0x0000, 0x0000, 0x0000, 0x0000, 0x0000, 0x0000, 0x0000, 0x0000,
    0x0000, 0x0000, 0x0000, 0x0000, 0x0000, 0x0000, 0x0841, 0x2944,
    0xDEBA, 0xFFBD, 0xEF3A, 0xEF19, 0xEED8, 0xE6D8, 0xE696, 0xDE76,
    0xDE55, 0xD613, 0xDE34, 0xDE55, 0xDE34, 0xD5D3, 0xD613, 0xDE35,
    0xDE14, 0xD613, 0xD5F3, 0xD5F3, 0xD5D2, 0xD5D2, 0xD5D3, 0xD5F3,
    0xCDB2, 0xCD71, 0xCD71, 0xCD91, 0xC571, 0xC571, 0xBD30, 0xBD10,
    0xB4AE, 0xAC6D, 0x9C0B, 0x8329, 0x93EB, 0xB4CE, 0xB510, 0xBD31,
    0xBD31, 0xBD51, 0xBD51, 0xBD51, 0xC572, 0xC572, 0xBD51, 0xC572,
    0xBD51, 0xBD31, 0xC592, 0xC593, 0xBD51, 0xBD50, 0xBD30, 0xBD51,
    0xC572, 0xC571, 0xC592, 0xBD30, 0xC571, 0xC592, 0xCDB2, 0xCDB2,
    0xC592, 0xC572, 0xCD92, 0xCD92, 0xCDB3, 0xCDB2, 0xCDB3, 0xCDB2,
    0xC571, 0xC571, 0xC571, 0xC551, 0xC592, 0xC530, 0xC571, 0xC571,
    0xCDD3, 0xCDD3, 0xCDB2, 0xCDB2, 0xCD91, 0xCDB2, 0xD5F3, 0xCDD2,
    0xCDB2, 0xCD71, 0xCDB2, 0xCDB2, 0xD5F3, 0xD5F3, 0xD5D2, 0xD613,
    0xD5D2, 0xD5F3, 0xD5F3, 0xD614, 0xD5D2, 0xDE13, 0xDE13, 0xDE34,
    0xDE34, 0xDE14, 0xDE13, 0xDE14, 0xD5F3, 0xDE34, 0xDE55, 0xDE34,
    0xDE34, 0xDE54, 0xDE34, 0xDE34, 0xDE54, 0xDE34, 0xDE54, 0xDE34,
    0xE655, 0xE655, 0xE655, 0xDE34, 0xE654, 0xE675, 0xE696, 0xE675,
    0xE675, 0xEE96, 0xE696, 0xE675, 0xE655, 0xE696, 0xE675, 0xE695,
    0xEEB7, 0xE6B6, 0xE695, 0xEEB7, 0xEEB6, 0xEEB7, 0xE696, 0xEE96,
    0xE696, 0xEE96, 0xE6B6, 0xEEB6, 0xEEB7, 0xEED7, 0xEED7, 0xEED7,
    0xEED7, 0xEEB7, 0xEED7, 0xEEB7, 0xE6B7, 0xDE55, 0xAC6D, 0xAC6C,
    0xBD0F, 0xC571, 0xCD91, 0xCD91, 0xD5D2, 0xD5B2, 0xCD91, 0xD5D2,
    0xDE34, 0xD5F3, 0xDDF3, 0xDE34, 0xDE54, 0xDE34, 0xE654, 0xE675,
    0xE696, 0xEEB6, 0xEEB6, 0xEEB7, 0xEEB6, 0xEE96, 0xEED7, 0xF6F8,
    0xEEF8, 0xEEF7, 0xEEF8, 0xF718, 0xF719, 0xF739, 0xF73A, 0xFF9B,
    0x8C0E, 0x0881, 0x0000, 0x0000, 0x0000, 0x0000, 0x0000, 0x0000,
    0x0000, 0x0000, 0x0000, 0x0000, 0x0000, 0x0000, 0x0000, 0x0000,
    0x0000, 0x0000, 0x0000, 0x0000, 0x0000, 0x0000, 0x0000, 0x0000,
    0x0000, 0x0000, 0x0000, 0x0000, 0x0000, 0x0000, 0x0000, 0x0000,
    0x0000, 0x0000, 0x0000, 0x0000, 0x0000, 0x0000, 0x0000, 0x0000,
    0x0000, 0x0000, 0x0000, 0x0000, 0x0000, 0x0000, 0x0020, 0x5289,
    0xF7BD, 0xF75C, 0xEF3A, 0xEF19, 0xEEB7, 0xE6B8, 0xE655, 0xE696,
    0xD614, 0xDE33, 0xDE35, 0xDE55, 0xD613, 0xD5F3, 0xD614, 0xE635,
    0xDE34, 0xDE14, 0xD614, 0xD614, 0xD5D2, 0xD5D2, 0xD5F3, 0xD5B2,
    0xCDB2, 0xCDB2, 0xCD50, 0xCDB2, 0xCD91, 0xC550, 0xBD10, 0xBD10,
    0xACAE, 0xA44C, 0x93EB, 0x7B08, 0x9C2C, 0xB4CF, 0xB4EF, 0xBD30,
    0xBD51, 0xBD51, 0xC551, 0xC572, 0xC571, 0xC551, 0xBD51, 0xC571,
    0xBD51, 0xBD51, 0xC592, 0xC572, 0xBD51, 0xBD30, 0xC551, 0xC572,
    0xC572, 0xBD51, 0xC592, 0xBD30, 0xC571, 0xC592, 0xCDB3, 0xCDB2,
    0xC571, 0xCDB2, 0xCD92, 0xC592, 0xCD93, 0xCD91, 0xCDD3, 0xCDB2,
    0xC571, 0xCD91, 0xC592, 0xC572, 0xC571, 0xC550, 0xC591, 0xC550,
    0xCDD3, 0xCDD3, 0xCDD3, 0xCDB2, 0xCD91, 0xCDB2, 0xD5D3, 0xCDB2,
    0xD5D3, 0xD5B2, 0xCD91, 0xCD91, 0xD5F3, 0xD5F3, 0xD5D2, 0xD634,
    0xD5D2, 0xD5F3, 0xD614, 0xDE34, 0xD5B1, 0xDE13, 0xE634, 0xDE13,
    0xDE13, 0xE634, 0xD613, 0xD5F3, 0xDE14, 0xDE34, 0xDE34, 0xDE34,
    0xDE13, 0xDE33, 0xDE74, 0xDE34, 0xDE54, 0xE655, 0xDE14, 0xDE34,
    0xDE54, 0xE655, 0xE676, 0xE675, 0xE655, 0xE675, 0xE696, 0xE675,
    0xE695, 0xEE75, 0xE696, 0xE675, 0xE675, 0xE675, 0xE676, 0xE675,
    0xEEB7, 0xEEB6, 0xEEB5, 0xEEB7, 0xEEB6, 0xEED7, 0xEEB6, 0xEEB6,
    0xEEB6, 0xEEB6, 0xE696, 0xEE96, 0xEEB6, 0xEED7, 0xEED7, 0xEED7,
    0xEED7, 0xEED7, 0xEEB7, 0xEEB7, 0xE6B7, 0xE675, 0xB4CE, 0xA42B,
    0xBCEE, 0xC571, 0xC570, 0xCD90, 0xD5D2, 0xD5D2, 0xD5B2, 0xD5D2,
    0xDE13, 0xD5F3, 0xDDF3, 0xDE34, 0xDE54, 0xDE34, 0xE675, 0xE655,
    0xE675, 0xEE95, 0xEEB6, 0xEEB7, 0xEEB6, 0xEE97, 0xEED7, 0xF6F8,
    0xEEF8, 0xF718, 0xF6F8, 0xF718, 0xF719, 0xF719, 0xF719, 0xFF9B,
    0xBD94, 0x2965, 0x0040, 0x0000, 0x0000, 0x0000, 0x0000, 0x0000,
    0x0000, 0x0000, 0x0000, 0x0000, 0x0000, 0x0000, 0x0000, 0x0000,
    0x0000, 0x0000, 0x0000, 0x0000, 0x0000, 0x0000, 0x0000, 0x0000,
    0x0000, 0x0000, 0x0000, 0x0000, 0x0000, 0x0000, 0x0000, 0x0000,
    0x0000, 0x0000, 0x0000, 0x0000, 0x0000, 0x0000, 0x0000, 0x0000,
    0x0000, 0x0000, 0x0000, 0x0000, 0x0000, 0x0000, 0x0000, 0x8C50,
    0xFFFE, 0xEF5B, 0xEF1A, 0xEED9, 0xE6B8, 0xE677, 0xDE55, 0xE696,
    0xDE34, 0xDE55, 0xDE35, 0xDE34, 0xD614, 0xDE35, 0xD614, 0xDE35,
    0xDE34, 0xDE14, 0xD614, 0xD5F3, 0xD5D2, 0xD5F3, 0xD5F3, 0xCD91,
    0xD5D3, 0xCDB2, 0xC550, 0xCDB2, 0xCD91, 0xC550, 0xBD10, 0xBCEF,
    0xACAE, 0xA44C, 0x93AB, 0x7B48, 0xAC8D, 0xB4CF, 0xB4EF, 0xBD30,
    0xBD51, 0xBD51, 0xC550, 0xC572, 0xBD51, 0xBD51, 0xBD51, 0xBD51,
    0xBD51, 0xBD51, 0xC572, 0xBD51, 0xBD51, 0xBD10, 0xC571, 0xC592,
    0xC572, 0xBD51, 0xC572, 0xC550, 0xC551, 0xC592, 0xCDB3, 0xCD92,
    0xC571, 0xCD92, 0xCD92, 0xCDB3, 0xC572, 0xC571, 0xCDD3, 0xC592,
    0xC591, 0xCDB3, 0xCDB3, 0xCDB2, 0xC571, 0xCDB2, 0xCD91, 0xC550,
    0xCDB3, 0xCDD3, 0xCDD3, 0xCDB2, 0xCD91, 0xCD71, 0xD5D3, 0xD5B2,
    0xD614, 0xD5D3, 0xCD70, 0xCD91, 0xD5B2, 0xD613, 0xD5D2, 0xD5F3,
    0xD5D2, 0xD5F3, 0xDE14, 0xDE34, 0xD5D2, 0xDE13, 0xDE34, 0xDE34,
    0xD5F3, 0xDE34, 0xD634, 0xD5F3, 0xDE34, 0xDE34, 0xDE34, 0xDE34,
    0xDE13, 0xDE33, 0xDE33, 0xDE34, 0xDE34, 0xEE75, 0xDE34, 0xDE34,
    0xE654, 0xE675, 0xE676, 0xE675, 0xE655, 0xE675, 0xE696, 0xE675,
    0xE695, 0xE695, 0xE696, 0xE675, 0xE675, 0xE675, 0xE6B6, 0xEE96,
    0xE675, 0xEEB6, 0xF6D7, 0xE6B6, 0xE696, 0xEED7, 0xEED7, 0xEEB6,
    0xEED6, 0xEED6, 0xEE96, 0xEE96, 0xEEB6, 0xEED7, 0xEED7, 0xEEB7,
    0xEED7, 0xEED7, 0xEEB7, 0xEEB7, 0xE6B7, 0xE675, 0xC550, 0xA42B,
    0xBCEE, 0xC52F, 0xCD50, 0xCD70, 0xCD91, 0xD5B1, 0xD5B2, 0xD5D2,
    0xD5F2, 0xD5D2, 0xDDF3, 0xDDF2, 0xDE13, 0xDE34, 0xE675, 0xE675,
    0xE675, 0xE675, 0xEEB6, 0xEED7, 0xEEB6, 0xEED7, 0xEED7, 0xEEF8,
    0xEEF8, 0xF718, 0xFEF8, 0xF719, 0xF719, 0xF719, 0xF719, 0xFF5B,
    0xEEDA, 0x4A48, 0x0861, 0x0000, 0x0000, 0x0000, 0x0000, 0x0000,
    0x0000, 0x0000, 0x0000, 0x0000, 0x0000, 0x0000, 0x0000, 0x0000,
    0x0000, 0x0000, 0x0000, 0x0000, 0x0000, 0x0000, 0x0000, 0x0000,
    0x0000, 0x0000, 0x0000, 0x0000, 0x0000, 0x0000, 0x0000, 0x0000,
    0x0000, 0x0000, 0x0000, 0x0000, 0x0000, 0x0000, 0x0000, 0x0000,
    0x0000, 0x0000, 0x0000, 0x0000, 0x0000, 0x0000, 0x1081, 0xCE58,
    0xFF9D, 0xEF3A, 0xEEF9, 0xE6B8, 0xE6B8, 0xE676, 0xDE76, 0xDE76,
    0xDE55, 0xDE55, 0xDE35, 0xD613, 0xDE55, 0xDE55, 0xD5F3, 0xD614,
    0xDE14, 0xD614, 0xD5F3, 0xD5D2, 0xD5D2, 0xD5F3, 0xD5D2, 0xCD91,
    0xD5D3, 0xCD91, 0xC570, 0xCD92, 0xC550, 0xC550, 0xBD30, 0xB4CE,
    0xB4CF, 0xA44C, 0x8B8A, 0x8BAA, 0xACAE, 0xB4CF, 0xBD10, 0xBD31,
    0xBD31, 0xBD51, 0xBD30, 0xC551, 0xC572, 0xBD51, 0xBD31, 0xBD51,
    0xBD51, 0xBD51, 0xBD51, 0xBD51, 0xBD51, 0xBD30, 0xC571, 0xC592,
    0xC571, 0xC571, 0xC551, 0xC551, 0xC571, 0xC592, 0xCDB2, 0xCDB2,
    0xC592, 0xC551, 0xC592, 0xCDB3, 0xC572, 0xC571, 0xCDD3, 0xC592,
    0xC592, 0xCDB3, 0xCDB3, 0xCDB2, 0xC592, 0xCDD3, 0xCD92, 0xC550,
    0xC592, 0xCDD3, 0xCDD3, 0xCDB2, 0xCDB2, 0xC591, 0xCDB2, 0xD5D3,
    0xD614, 0xCDB2, 0xCD71, 0xCDB2, 0xCDB2, 0xD634, 0xCDB2, 0xD5D2,
    0xCDB2, 0xD5D2, 0xDE14, 0xDE34, 0xD5F3, 0xDE13, 0xD613, 0xDE55,
    0xDE14, 0xD5F3, 0xDE55, 0xDE14, 0xDE34, 0xDE34, 0xDE34, 0xDE13,
    0xDE34, 0xDE54, 0xD5D2, 0xDE34, 0xDE33, 0xE675, 0xDE55, 0xDE54,
    0xE655, 0xE675, 0xE655, 0xE654, 0xE675, 0xE675, 0xE696, 0xE675,
    0xE675, 0xE6B6, 0xE6B7, 0xDE54, 0xE675, 0xE696, 0xE6B6, 0xEEB7,
    0xE654, 0xE696, 0xEED7, 0xE696, 0xE696, 0xEEB6, 0xEED7, 0xE696,
    0xEED7, 0xEED7, 0xEEB7, 0xEEB7, 0xEEB7, 0xEEB7, 0xEED7, 0xEEB6,
    0xEEB7, 0xEED7, 0xEED7, 0xEEB7, 0xE6B6, 0xE655, 0xCDB2, 0xAC6C,
    0xB4CE, 0xBCEE, 0xCD70, 0xCD50, 0xCD70, 0xCD70, 0xD5B1, 0xD5D2,
    0xD5F2, 0xD5B2, 0xDE13, 0xD5F2, 0xDDF2, 0xDE13, 0xDE54, 0xE675,
    0xE675, 0xE675, 0xE695, 0xEED7, 0xEEB6, 0xEED7, 0xEED7, 0xEED7,
    0xEEF7, 0xEED7, 0xF6F8, 0xF719, 0xF719, 0xF739, 0xF739, 0xF73A,
    0xFF9D, 0x632B, 0x0861, 0x0000, 0x0000, 0x0000, 0x0000, 0x0000,
    0x0000, 0x0000, 0x0000, 0x0000, 0x0000, 0x0000, 0x0000, 0x0000,
    0x0000, 0x0000, 0x0000, 0x0000, 0x0000, 0x0000, 0x0000, 0x0000,
    0x0000, 0x0000, 0x0000, 0x0000, 0x0000, 0x0000, 0x0000, 0x0000,
    0x0000, 0x0000, 0x0000, 0x0000, 0x0000, 0x0000, 0x0000, 0x0000,
    0x0000, 0x0000, 0x0000, 0x0000, 0x0000, 0x0000, 0x5AA9, 0xFFBD,
    0xF73A, 0xEEF9, 0xE6F9, 0xE6B7, 0xE697, 0xDE76, 0xDE56, 0xDE35,
    0xD614, 0xDE34, 0xDE14, 0xD614, 0xDE35, 0xD5F3, 0xDE34, 0xDE35,
    0xDE55, 0xD614, 0xD5D2, 0xD5D2, 0xD5D2, 0xD5D2, 0xCDB1, 0xD5D2,
    0xCDB2, 0xCD70, 0xC570, 0xCD71, 0xC550, 0xC550, 0xBD30, 0xB4EF,
    0xACAE, 0x9C0B, 0x8349, 0x9C0B, 0xAC8E, 0xB4CF, 0xBD10, 0xBD30,
    0xBD51, 0xBD51, 0xBD31, 0xBD51, 0xC571, 0xBD51, 0xC551, 0xBD71,
    0xBD51, 0xC571, 0xBD51, 0xC572, 0xBD51, 0xBD71, 0xBD30, 0xC572,
    0xC571, 0xBD51, 0xC572, 0xBD10, 0xC571, 0xC592, 0xC572, 0xC592,
    0xC592, 0xC571, 0xCDB3, 0xC571, 0xC592, 0xC592, 0xCDB3, 0xCDB2,
    0xC591, 0xC592, 0xC592, 0xC572, 0xCDB3, 0xCDB2, 0xC571, 0xC551,
    0xCDB2, 0xCDD3, 0xD5F3, 0xC571, 0xCDD3, 0xCDD3, 0xCDB2, 0xD5F3,
    0xD5D3, 0xD5D2, 0xCDB2, 0xCDB2, 0xD5F3, 0xCDF3, 0xD5D3, 0xD5F3,
    0xD5D3, 0xCDB2, 0xD613, 0xDE14, 0xD5F3, 0xD613, 0xD5F3, 0xDE34,
    0xDE34, 0xD5F3, 0xDE55, 0xDE34, 0xDE14, 0xDE34, 0xDE55, 0xDE34,
    0xDE34, 0xDE55, 0xDE14, 0xDE54, 0xDE14, 0xDE55, 0xE676, 0xE655,
    0xDE34, 0xE676, 0xE655, 0xE655, 0xE675, 0xE675, 0xE675, 0xE696,
    0xE655, 0xE675, 0xEEB7, 0xE675, 0xE675, 0xE6B6, 0xE675, 0xE696,
    0xE675, 0xE675, 0xE696, 0xE675, 0xEEB7, 0xE696, 0xEEB6, 0xE695,
    0xEEB7, 0xEED8, 0xEEF8, 0xEED7, 0xEEB7, 0xEED7, 0xEED7, 0xEED7,
    0xEEB7, 0xEEB7, 0xEED7, 0xEEB7, 0xEEB7, 0xE675, 0xCDD2, 0xB4AE,
    0xAC6C, 0xBCEE, 0xC550, 0xCD50, 0xCD50, 0xCD70, 0xCD91, 0xD5D2,
    0xD5D2, 0xD5D2, 0xDE13, 0xDE34, 0xDE13, 0xDE34, 0xDE34, 0xE655,
    0xE654, 0xEEB7, 0xE675, 0xEE96, 0xEEB6, 0xEE96, 0xEEB6, 0xEED7,
    0xEED7, 0xEED7, 0xEEF7, 0xF718, 0xF719, 0xF719, 0xF73A, 0xF71A,
    0xFFDC, 0x8C4F, 0x10A2, 0x0000, 0x0000, 0x0000, 0x0000, 0x0000,
    0x0000, 0x0000, 0x0000, 0x0000, 0x0000, 0x0000, 0x0000, 0x0000,
    0x0000, 0x0000, 0x0000, 0x0000, 0x0000, 0x0000, 0x0000, 0x0000,
    0x0000, 0x0000, 0x0000, 0x0000, 0x0000, 0x0000, 0x0000, 0x0000,
    0x0000, 0x0000, 0x0000, 0x0000, 0x0000, 0x0000, 0x0000, 0x0000,
    0x0000, 0x0000, 0x0000, 0x0000, 0x0000, 0x0020, 0x9491, 0xFFDE,
    0xEF1A, 0xEF19, 0xE6B8, 0xE6B7, 0xE697, 0xDE76, 0xDE55, 0xDE55,
    0xDE34, 0xDE13, 0xD5F4, 0xDE55, 0xD5F4, 0xDE14, 0xE655, 0xDE14,
    0xDE34, 0xD5F3, 0xD613, 0xD5F3, 0xD5D2, 0xD5D2, 0xCDD2, 0xD5D2,
    0xD5D2, 0xCD91, 0xCD91, 0xCD71, 0xC571, 0xC530, 0xBD30, 0xB4EF,
    0xAC8D, 0x93EB, 0x8349, 0xA42B, 0xB4AF, 0xB4EF, 0xBD10, 0xBD10,
    0xBD30, 0xBD30, 0xBD51, 0xBD51, 0xC551, 0xBD51, 0xC551, 0xBD51,
    0xBD51, 0xC530, 0xBD51, 0xC572, 0xC571, 0xBD71, 0xBD10, 0xC592,
    0xC572, 0xC572, 0xC572, 0xC530, 0xC572, 0xC592, 0xC571, 0xBD71,
    0xC571, 0xC592, 0xCD92, 0xC551, 0xC592, 0xC571, 0xC592, 0xCDB2,
    0xCDB2, 0xCDB2, 0xC571, 0xC571, 0xCDB3, 0xCD91, 0xC571, 0xC571,
    0xCDB2, 0xCDD2, 0xD5B2, 0xC550, 0xCDD3, 0xCD71, 0xCDB2, 0xD5F4,
    0xCDB2, 0xD5D3, 0xD5D2, 0xCDB2, 0xD5D2, 0xCDB1, 0xD5D3, 0xD614,
    0xD5D3, 0xD5B2, 0xD614, 0xDDF4, 0xD5F3, 0xD613, 0xDE14, 0xDE34,
    0xD613, 0xDE13, 0xDDF4, 0xDE13, 0xDE55, 0xDE34, 0xD613, 0xDE54,
    0xDE34, 0xDE34, 0xDE34, 0xDE55, 0xDE14, 0xDE34, 0xEE76, 0xE635,
    0xDE54, 0xE676, 0xE655, 0xE675, 0xE675, 0xE675, 0xE675, 0xE675,
    0xE654, 0xE654, 0xEE96, 0xE675, 0xE675, 0xE6B6, 0xE676, 0xE675,
    0xE696, 0xE696, 0xE696, 0xE675, 0xEEB7, 0xE696, 0xEE95, 0xE696,
    0xEEB6, 0xEED8, 0xEEF9, 0xEED7, 0xEED7, 0xEED7, 0xEEF8, 0xEEF8,
    0xEEB7, 0xEEB6, 0xEEB7, 0xEEB7, 0xEEB7, 0xE696, 0xD5F3, 0xAC8D,
    0xA44B, 0xBCCE, 0xC52F, 0xCD50, 0xC550, 0xCD70, 0xCD91, 0xCDB1,
    0xD5F3, 0xD5F3, 0xDE13, 0xDE54, 0xDE13, 0xDE34, 0xDE34, 0xE654,
    0xE633, 0xEE96, 0xEE96, 0xEE95, 0xEEB6, 0xEE96, 0xEEB6, 0xEED7,
    0xEED7, 0xEED7, 0xEEF8, 0xF6F8, 0xF719, 0xF739, 0xF73A, 0xF73A,
    0xFF9C, 0xB5B4, 0x1081, 0x0040, 0x0020, 0x0000, 0x0000, 0x0000,
    0x0000, 0x0000, 0x0000, 0x0000, 0x0000, 0x0000, 0x0000, 0x0000,
    0x0000, 0x0000, 0x0000, 0x0000, 0x0000, 0x0000, 0x0000, 0x0000,
    0x0000, 0x0000, 0x0000, 0x0000, 0x0000, 0x0000, 0x0000, 0x0000,
    0x0000, 0x0000, 0x0000, 0x0000, 0x0000, 0x0000, 0x0000, 0x0000,
    0x0000, 0x0000, 0x0000, 0x0000, 0x0020, 0x0841, 0xB5B6, 0xFF9D,
    0xEF1A, 0xEF19, 0xE697, 0xE697, 0xE697, 0xDE76, 0xDE55, 0xDE55,
    0xDE14, 0xD5F3, 0xDE14, 0xDE55, 0xD614, 0xE655, 0xDE14, 0xD5F3,
    0xD614, 0xD5D2, 0xD613, 0xD5F3, 0xD5D2, 0xD5F3, 0xCDD2, 0xCDB2,
    0xD5F2, 0xCDB2, 0xCD91, 0xCD71, 0xC571, 0xBD0F, 0xBD30, 0xB4CF,
    0xAC4C, 0x93CB, 0x8349, 0xA46D, 0xB4CF, 0xB4EF, 0xBD10, 0xBD10,
    0xBD30, 0xBD30, 0xBD51, 0xBD51, 0xC551, 0xBD51, 0xBD51, 0xC551,
    0xC571, 0xBD10, 0xC551, 0xC572, 0xC571, 0xBD51, 0xC551, 0xC592,
    0xC572, 0xC592, 0xC572, 0xC571, 0xC572, 0xC592, 0xC571, 0xBD51,
    0xC571, 0xC592, 0xC551, 0xC571, 0xC572, 0xC571, 0xCDB2, 0xC592,
    0xCDB2, 0xCDB2, 0xCD71, 0xC571, 0xC591, 0xC571, 0xCD91, 0xC571,
    0xCD71, 0xCDB2, 0xCD92, 0xC550, 0xCDB2, 0xC530, 0xCDB2, 0xD5F4,
    0xD5D2, 0xCDD3, 0xD5D2, 0xCDB2, 0xCDB2, 0xCD91, 0xD5D3, 0xD5F4,
    0xCDB2, 0xD5B2, 0xD5F3, 0xD5D3, 0xD5F3, 0xD5F3, 0xE634, 0xD614,
    0xD5F3, 0xDE13, 0xD5D3, 0xD5F3, 0xDE35, 0xDE55, 0xD5F2, 0xDE54,
    0xDE55, 0xDE13, 0xDE34, 0xDE55, 0xE654, 0xE634, 0xE675, 0xDE34,
    0xDE54, 0xE675, 0xE655, 0xE655, 0xE675, 0xE696, 0xE675, 0xE675,
    0xE654, 0xE654, 0xE675, 0xE695, 0xE675, 0xE696, 0xE696, 0xE695,
    0xE696, 0xE696, 0xE696, 0xE675, 0xE695, 0xEE96, 0xE675, 0xE696,
    0xEEB6, 0xEEB7, 0xEED7, 0xEED7, 0xEED7, 0xEED7, 0xEEF8, 0xEEF8,
    0xEED7, 0xEEB6, 0xEEB7, 0xEEB7, 0xEEB7, 0xE696, 0xDE35, 0xB48D,
    0xA40B, 0xBCCE, 0xC50F, 0xC570, 0xCD70, 0xCD70, 0xD5B1, 0xCD91,
    0xD5F3, 0xD5F3, 0xDDF2, 0xDE34, 0xDE33, 0xDE12, 0xE654, 0xDE54,
    0xE633, 0xE654, 0xEE96, 0xE695, 0xEE96, 0xEEB6, 0xEEB7, 0xEED7,
    0xEED7, 0xEED7, 0xEEF8, 0xF6F8, 0xF719, 0xF739, 0xF739, 0xF73A,
    0xFF5B, 0xE6FA, 0x39E6, 0x0820, 0x0020, 0x0000, 0x0000, 0x0000,
    0x0000, 0x0000, 0x0000, 0x0000, 0x0000, 0x0000, 0x0000, 0x0000,
    0x0000, 0x0000, 0x0000, 0x0000, 0x0000, 0x0000, 0x0000, 0x0000,
    0x0000, 0x0000, 0x0000, 0x0000, 0x0000, 0x0000, 0x0000, 0x0000,
    0x0000, 0x0000, 0x0000, 0x0000, 0x0000, 0x0000, 0x0000, 0x0000,
    0x0000, 0x0000, 0x0000, 0x0000, 0x0000, 0x18E3, 0xDE99, 0xF77B,
    0xEEF9, 0xE6D8, 0xE6B8, 0xDE77, 0xDE76, 0xDE76, 0xDE56, 0xD634,
    0xD5F3, 0xD614, 0xDE34, 0xD614, 0xDE35, 0xDE34, 0xD5D2, 0xD614,
    0xD614, 0xD5F3, 0xD5D3, 0xD5D2, 0xD5D2, 0xD5F3, 0xCDB2, 0xD5D2,
    0xD5F3, 0xCD92, 0xCD91, 0xC571, 0xC571, 0xBD0F, 0xBD30, 0xB4CE,
    0xA42C, 0x938A, 0x8B69, 0xAC8E, 0xACAE, 0xB4EF, 0xBD10, 0xBD10,
    0xBD51, 0xBD51, 0xBD51, 0xBD31, 0xBD51, 0xBD51, 0xBD51, 0xC572,
    0xC571, 0xBD51, 0xC572, 0xBD51, 0xBD51, 0xBD51, 0xC572, 0xBD51,
    0xBD51, 0xC572, 0xC572, 0xC572, 0xC571, 0xC592, 0xBD51, 0xBD51,
    0xC571, 0xC571, 0xC551, 0xC571, 0xC572, 0xC5B2, 0xCDB3, 0xC592,
    0xCD92, 0xC591, 0xCD92, 0xC571, 0xC571, 0xC592, 0xCD92, 0xC551,
    0xC530, 0xCD92, 0xCD92, 0xC571, 0xCD91, 0xCDB2, 0xCDB2, 0xD5F3,
    0xD5F3, 0xCDD3, 0xCDD2, 0xCDB2, 0xD5D3, 0xCD92, 0xCDD2, 0xCD92,
    0xCDB2, 0xCDB2, 0xCDB1, 0xD5D2, 0xD5F3, 0xD5D2, 0xDE14, 0xD5F3,
    0xDE13, 0xDE14, 0xD634, 0xD5F3, 0xD5F3, 0xDE76, 0xDE13, 0xDE54,
    0xDE55, 0xDE34, 0xDE13, 0xDE55, 0xE675, 0xE655, 0xDE54, 0xDE34,
    0xDE54, 0xDE54, 0xE655, 0xDE34, 0xE675, 0xE696, 0xE696, 0xE696,
    0xE654, 0xE675, 0xE675, 0xE696, 0xE675, 0xE675, 0xE696, 0xE6B6,
    0xE695, 0xE696, 0xE696, 0xE675, 0xE695, 0xEEB7, 0xE696, 0xE696,
    0xEEB6, 0xE696, 0xEEB6, 0xEEB7, 0xEEB6, 0xEEB7, 0xEED7, 0xEED7,
    0xEED7, 0xEED7, 0xEEB7, 0xEEB7, 0xEEB7, 0xE676, 0xDE55, 0xBCEF,
    0x9BEB, 0xB4AD, 0xBD0F, 0xC570, 0xCD70, 0xCD70, 0xD5B2, 0xD5D2,
    0xD5D2, 0xD5D2, 0xD5D1, 0xDE13, 0xDE54, 0xDDF2, 0xE654, 0xDE34,
    0xE654, 0xE654, 0xE696, 0xE696, 0xE675, 0xEEB6, 0xEEB7, 0xEEB7,
    0xEED7, 0xEEB6, 0xEED7, 0xF6F8, 0xF6F8, 0xF6F8, 0xF719, 0xF73A,
    0xF75A, 0xFFBD, 0x840F, 0x0820, 0x0000, 0x0000, 0x0000, 0x0000,
    0x0000, 0x0000, 0x0000, 0x0000, 0x0000, 0x0000, 0x0000, 0x0000,
    0x0000, 0x0000, 0x0000, 0x0000, 0x0000, 0x0000, 0x0000, 0x0000,
    0x0000, 0x0000, 0x0000, 0x0000, 0x0000, 0x0000, 0x0000, 0x0000,
    0x0000, 0x0000, 0x0000, 0x0000, 0x0000, 0x0000, 0x0000, 0x0000,
    0x0000, 0x0000, 0x0000, 0x0020, 0x0000, 0x630B, 0xFF9D, 0xEF1A,
    0xE6D9, 0xE6D8, 0xDE76, 0xDE55, 0xE696, 0xDE76, 0xDE76, 0xD614,
    0xD614, 0xDE35, 0xD614, 0xD5F4, 0xDE35, 0xD614, 0xD5F4, 0xD5F4,
    0xD613, 0xD5F3, 0xD5D2, 0xD5F3, 0xD5F3, 0xCDB2, 0xCDB2, 0xD5D2,
    0xD5D3, 0xCD91, 0xCD71, 0xC571, 0xC551, 0xC530, 0xBD0F, 0xB4CE,
    0x9C0B, 0x8328, 0x93AB, 0xAC8D, 0xACAE, 0xBD10, 0xBD10, 0xBD10,
    0xBD51, 0xBD51, 0xBD51, 0xBD51, 0xC572, 0xC572, 0xC572, 0xC572,
    0xC551, 0xC551, 0xC572, 0xBD51, 0xBD51, 0xBD31, 0xBD51, 0xBD51,
    0xC572, 0xBD51, 0xC551, 0xC572, 0xC592, 0xC571, 0xBD30, 0xC571,
    0xC592, 0xC572, 0xC5B2, 0xBD30, 0xC592, 0xCDB2, 0xC551, 0xC571,
    0xC591, 0xC571, 0xCDD3, 0xC572, 0xCD92, 0xCDB2, 0xC571, 0xC571,
    0xC571, 0xC571, 0xCDB2, 0xCDB3, 0xC571, 0xCDD2, 0xCD92, 0xCDB2,
    0xCDF3, 0xCDD3, 0xD5D3, 0xD5D3, 0xD5D3, 0xCDB2, 0xCDB2, 0xC571,
    0xCDB2, 0xCDB2, 0xCD91, 0xD5F3, 0xD614, 0xD5F3, 0xD5F3, 0xDE14,
    0xDE13, 0xDE14, 0xDE55, 0xD5D3, 0xD5F2, 0xDE55, 0xDE34, 0xDE34,
    0xDE34, 0xDE34, 0xDE34, 0xDE34, 0xDE54, 0xDE34, 0xE655, 0xDE34,
    0xDE55, 0xDE34, 0xDE55, 0xDE54, 0xE654, 0xE675, 0xE696, 0xE696,
    0xE675, 0xE675, 0xEEB7, 0xE675, 0xDE34, 0xE675, 0xE654, 0xE696,
    0xE696, 0xE655, 0xE696, 0xE696, 0xE696, 0xEEB7, 0xEED7, 0xE696,
    0xEEB7, 0xEEB6, 0xE696, 0xEEB6, 0xE696, 0xEEB7, 0xE696, 0xEEB6,
    0xEEB7, 0xEED7, 0xEED7, 0xEED7, 0xE6B7, 0xE696, 0xDE55, 0xC571,
    0x9BEB, 0xAC6C, 0xBCEE, 0xC550, 0xC52F, 0xCD50, 0xCDB2, 0xD5F3,
    0xD5B2, 0xD5B1, 0xD5D2, 0xDE13, 0xDE55, 0xDE13, 0xDE33, 0xDE54,
    0xE655, 0xE654, 0xE695, 0xE696, 0xE695, 0xE675, 0xEE96, 0xEEB6,
    0xEEB6, 0xEED6, 0xEED7, 0xEEF7, 0xF6F8, 0xEEF8, 0xF719, 0xF73A,
    0xF73A, 0xFFBC, 0xAD13, 0x0861, 0x0000, 0x0000, 0x0000, 0x0000,
    0x0000, 0x0000, 0x0000, 0x0000, 0x0000, 0x0000, 0x0000, 0x0000,
    0x0000, 0x0000, 0x0000, 0x0000, 0x0000, 0x0000, 0x0000, 0x0000,
    0x0000, 0x0000, 0x0000, 0x0000, 0x0000, 0x0000, 0x0000, 0x0000,
    0x0000, 0x0000, 0x0000, 0x0000, 0x0000, 0x0000, 0x0000, 0x0000,
    0x0000, 0x0000, 0x0000, 0x0020, 0x0000, 0x9471, 0xFFDD, 0xEEF9,
    0xE6D9, 0xE6D8, 0xDE56, 0xDE75, 0xE697, 0xDE76, 0xDE55, 0xD614,
    0xD614, 0xD5D3, 0xD614, 0xD5D3, 0xDE14, 0xD5F3, 0xD5F4, 0xD5F3,
    0xD5F2, 0xD5F3, 0xD5F3, 0xD614, 0xD5F3, 0xD5B2, 0xD5D3, 0xCDB2,
    0xD5D3, 0xCDB2, 0xCD50, 0xC591, 0xC550, 0xC530, 0xBD0F, 0xACAD,
    0x9BEB, 0x8328, 0x9C0B, 0xAC8D, 0xB4CF, 0xBD10, 0xBD10, 0xBD30,
    0xBD31, 0xBD51, 0xBD30, 0xC572, 0xC572, 0xC551, 0xC592, 0xC571,
    0xC551, 0xC530, 0xC551, 0xC571, 0xBD51, 0xC552, 0xBD51, 0xBD30,
    0xC572, 0xBD51, 0xC571, 0xC571, 0xC571, 0xBD51, 0xBD50, 0xC551,
    0xC591, 0xC592, 0xC592, 0xC550, 0xC591, 0xCDB2, 0xC551, 0xC571,
    0xC571, 0xC571, 0xCDD3, 0xCDB3, 0xCD92, 0xCDB2, 0xC571, 0xC592,
    0xC591, 0xC571, 0xCDB2, 0xCDB3, 0xC551, 0xCDB1, 0xCDB3, 0xCDB2,
    0xCDD2, 0xD5F4, 0xD5D3, 0xD5D3, 0xCDD3, 0xCDB2, 0xCDB2, 0xCDB1,
    0xCDB2, 0xCDB2, 0xCDB2, 0xD614, 0xD5D2, 0xD614, 0xD614, 0xE634,
    0xDE14, 0xDE14, 0xDE75, 0xD5D3, 0xD5F3, 0xDE34, 0xDE34, 0xDE34,
    0xDE34, 0xDE54, 0xDE34, 0xDE55, 0xDE55, 0xE655, 0xE655, 0xDE14,
    0xE675, 0xDE55, 0xDE34, 0xE675, 0xE634, 0xE655, 0xE676, 0xE675,
    0xE675, 0xE675, 0xEEB7, 0xE675, 0xE675, 0xE675, 0xE675, 0xE675,
    0xE696, 0xE654, 0xE696, 0xE696, 0xE675, 0xEE96, 0xF6D7, 0xEEB7,
    0xEEB7, 0xEEB7, 0xEEB7, 0xEEB6, 0xEEB6, 0xEED7, 0xEE96, 0xEEB7,
    0xEEB7, 0xEEB7, 0xEED7, 0xEED7, 0xE6B7, 0xE696, 0xE675, 0xD592,
    0x9BEB, 0xAC2B, 0xBCCE, 0xC52F, 0xC50F, 0xCD70, 0xCDB1, 0xD613,
    0xD5B1, 0xD5D2, 0xD5D2, 0xDE34, 0xDE34, 0xDE13, 0xDE13, 0xDE34,
    0xE654, 0xE655, 0xE674, 0xEE96, 0xEEB6, 0xEE96, 0xEE95, 0xEEB6,
    0xEEB6, 0xEED6, 0xEED7, 0xEED7, 0xF6F8, 0xF718, 0xF6F9, 0xF71A,
    0xF71A, 0xFF9C, 0xC5F6, 0x18E2, 0x0000, 0x0000, 0x0000, 0x0000,
    0x0000, 0x0000, 0x0000, 0x0000, 0x0000, 0x0000, 0x0000, 0x0000,
    0x0000, 0x0000, 0x0000, 0x0000, 0x0000, 0x0000, 0x0000, 0x0000,
    0x0000, 0x0000, 0x0000, 0x0000, 0x0000, 0x0000, 0x0000, 0x0000,
    0x0000, 0x0000, 0x0000, 0x0000, 0x0000, 0x0000, 0x0000, 0x0000,
    0x0000, 0x0000, 0x0000, 0x0000, 0x1082, 0xBD95, 0xFF9C, 0xE6F9,
    0xE6F9, 0xE6B8, 0xE677, 0xDE77, 0xDE77, 0xDE76, 0xDE35, 0xD614,
    0xD5D3, 0xD5D3, 0xDE35, 0xD5F3, 0xD5D3, 0xD5D2, 0xD613, 0xD5F3,
    0xD5D2, 0xD5F3, 0xD5F3, 0xD614, 0xD5F3, 0xD5B2, 0xD5D2, 0xD5B2,
    0xD5D3, 0xCDB2, 0xC550, 0xC591, 0xC550, 0xBD0F, 0xBCEF, 0xAC6D,
    0x9BCB, 0x7B08, 0x9C0B, 0xAC8D, 0xB4EF, 0xB4EF, 0xBD10, 0xBD30,
    0xBD31, 0xBD51, 0xBD30, 0xC572, 0xC572, 0xBD51, 0xC592, 0xC550,
    0xBD71, 0xBD10, 0xBD10, 0xC571, 0xBD51, 0xC592, 0xBD51, 0xBD10,
    0xC572, 0xC571, 0xC591, 0xC571, 0xC571, 0xBD72, 0xBD51, 0xC551,
    0xC571, 0xC592, 0xCDB3, 0xC592, 0xC550, 0xC572, 0xC591, 0xC571,
    0xC571, 0xC571, 0xCDB3, 0xCD92, 0xCD92, 0xC592, 0xC571, 0xC592,
    0xC591, 0xCD91, 0xCDB2, 0xCDB1, 0xCDB2, 0xCD91, 0xD5F4, 0xCDB2,
    0xCDB2, 0xD5F4, 0xCDD3, 0xD5D3, 0xD5F3, 0xD5D3, 0xCDB2, 0xD5D3,
    0xD5D2, 0xCDB2, 0xCDD2, 0xDE34, 0xCD70, 0xD614, 0xD614, 0xDDF2,
    0xDE14, 0xDE14, 0xDE35, 0xDE13, 0xDDF4, 0xDE34, 0xDE54, 0xDE34,
    0xDE34, 0xDE55, 0xDE34, 0xDE55, 0xDE55, 0xE655, 0xDE34, 0xDE14,
    0xE675, 0xE676, 0xDE34, 0xEE75, 0xDE34, 0xE655, 0xE676, 0xE675,
    0xE675, 0xE675, 0xE696, 0xE675, 0xE6B6, 0xE675, 0xE6B6, 0xE675,
    0xE696, 0xE674, 0xE696, 0xE696, 0xE675, 0xE696, 0xEEB7, 0xEEB7,
    0xEEB6, 0xEEB7, 0xEED7, 0xEEB6, 0xEEB7, 0xEED7, 0xEED6, 0xEED7,
    0xEEB7, 0xEEB7, 0xEED7, 0xEEB7, 0xE6B7, 0xE696, 0xE695, 0xD5D2,
    0x9C0B, 0x9BEA, 0xBCAE, 0xC4EF, 0xC54F, 0xCD90, 0xCDB1, 0xD5D2,
    0xCDB1, 0xD5D2, 0xD5D2, 0xDE34, 0xDE34, 0xDE13, 0xDE14, 0xE634,
    0xE654, 0xE655, 0xE654, 0xEE96, 0xF6B7, 0xEE96, 0xEE95, 0xEE96,
    0xEEB6, 0xEEB6, 0xEED7, 0xEED7, 0xEEF8, 0xF718, 0xEEF8, 0xF719,
    0xF719, 0xFF5B, 0xE6FA, 0x39E6, 0x0020, 0x0000, 0x0000, 0x0000,
    0x0000, 0x0000, 0x0000, 0x0000, 0x0000, 0x0000, 0x0000, 0x0000,
    0x0000, 0x0000, 0x0000, 0x0000, 0x0000, 0x0000, 0x0000, 0x0000,
    0x0000, 0x0000, 0x0000, 0x0000, 0x0000, 0x0000, 0x0000, 0x0000,
    0x0000, 0x0000, 0x0000, 0x0000, 0x0000, 0x0000, 0x0000, 0x0000,
    0x0000, 0x0000, 0x0000, 0x0000, 0x2965, 0xE6DA, 0xF77B, 0xE6D9,
    0xE6F9, 0xE697, 0xE697, 0xDE77, 0xDE76, 0xDE55, 0xDE35, 0xD614,
    0xD5D3, 0xDE35, 0xDE35, 0xD614, 0xD5D3, 0xD5D2, 0xD614, 0xD5D3,
    0xD5D2, 0xD5D3, 0xD5D2, 0xD613, 0xCDD2, 0xD5D2, 0xCDB1, 0xD5D2,
    0xCDB2, 0xCDB2, 0xC571, 0xC571, 0xC550, 0xBD0F, 0xB4CE, 0xA46D,
    0x8B6A, 0x7B08, 0x9C0C, 0xACAE, 0xB4EF, 0xB4EF, 0xBD30, 0xBD30,
    0xBD51, 0xBD51, 0xBD51, 0xC572, 0xC571, 0xC571, 0xC572, 0xBD30,
    0xBD72, 0xBD30, 0xBD10, 0xBD51, 0xBD31, 0xC592, 0xBD30, 0xBD30,
    0xC572, 0xC571, 0xC592, 0xC572, 0xC592, 0xC5B3, 0xBD51, 0xC571,
    0xC571, 0xC592, 0xCDD4, 0xC592, 0xBD30, 0xC551, 0xC592, 0xC571,
    0xC571, 0xC571, 0xC592, 0xC551, 0xC591, 0xCD92, 0xC592, 0xC592,
    0xC591, 0xCDB2, 0xCDB2, 0xC591, 0xD5F3, 0xCDB2, 0xD5F4, 0xCD91,
    0xCDB2, 0xCDD3, 0xCDB2, 0xCDB2, 0xD5F3, 0xD5F4, 0xCD92, 0xD5D3,
    0xD5F3, 0xCDB2, 0xCDD2, 0xDE34, 0xCDB1, 0xD5F3, 0xD5F3, 0xCDB1,
    0xD614, 0xD5F3, 0xDE14, 0xDE34, 0xDE14, 0xDE34, 0xDE55, 0xDE14,
    0xDE14, 0xDE55, 0xDE13, 0xDE13, 0xDE54, 0xDE34, 0xDE13, 0xDE33,
    0xDE34, 0xE676, 0xDE54, 0xE675, 0xDE54, 0xE655, 0xE676, 0xE696,
    0xE675, 0xE696, 0xE696, 0xE675, 0xE696, 0xE696, 0xE695, 0xE696,
    0xE675, 0xE674, 0xE696, 0xE696, 0xE696, 0xE696, 0xE696, 0xEEB7,
    0xEEB6, 0xEEB7, 0xEED7, 0xEED7, 0xEEB7, 0xEED7, 0xEED7, 0xEED7,
    0xEED7, 0xEEB7, 0xEEB7, 0xE6B6, 0xE696, 0xE696, 0xE696, 0xD613,
    0xA44C, 0x93CA, 0xB48D, 0xBCEE, 0xC550, 0xCD91, 0xCDB1, 0xCD91,
    0xCDB1, 0xD5D2, 0xD5F3, 0xDE34, 0xDE34, 0xDDF3, 0xDE34, 0xE654,
    0xDE34, 0xE655, 0xE654, 0xE675, 0xEEB7, 0xE675, 0xEE96, 0xEE95,
    0xEEB6, 0xEEB6, 0xEEB6, 0xEED7, 0xEED7, 0xEEF8, 0xEEF8, 0xEF19,
    0xF719, 0xF73A, 0xFFBC, 0x6B2B, 0x0820, 0x0020, 0x0000, 0x0000,
    0x0000, 0x0000, 0x0000, 0x0000, 0x0000, 0x0000, 0x0000, 0x0000,
    0x0000, 0x0000, 0x0000, 0x0000, 0x0000, 0x0000, 0x0000, 0x0000,
    0x0000, 0x0000, 0x0000, 0x0000, 0x0000, 0x0000, 0x0000, 0x0000,
    0x0000, 0x0000, 0x0000, 0x0000, 0x0000, 0x0000, 0x0000, 0x0000,
    0x0000, 0x0000, 0x0020, 0x0000, 0x5AAA, 0xF79D, 0xEF3A, 0xEEF9,
    0xE6B7, 0xE697, 0xE697, 0xDE55, 0xDE55, 0xDE35, 0xD5F4, 0xD614,
    0xD614, 0xD5F4, 0xD614, 0xD5F4, 0xD5F3, 0xDE34, 0xD5F4, 0xD5F3,
    0xD614, 0xD5B2, 0xD5D2, 0xD5D2, 0xD5F3, 0xD5F3, 0xCDB2, 0xCDD2,
    0xCD91, 0xCDB2, 0xCD91, 0xC530, 0xC550, 0xBD30, 0xACAE, 0x9C2C,
    0x7B08, 0x8B69, 0xA46D, 0xACCF, 0xB4EF, 0xBD10, 0xBD51, 0xBD51,
    0xC571, 0xBD31, 0xBD51, 0xBD51, 0xBD51, 0xC572, 0xBD30, 0xBD51,
    0xBD51, 0xBD30, 0xBD30, 0xBD31, 0xBD51, 0xBD51, 0xBD51, 0xC572,
    0xC592, 0xC551, 0xC551, 0xC5B3, 0xC592, 0xC571, 0xC571, 0xC592,
    0xC592, 0xC592, 0xCDB3, 0xC571, 0xC551, 0xC572, 0xC572, 0xC572,
    0xC551, 0xC5B2, 0xC571, 0xC571, 0xCDB2, 0xCD92, 0xCDB3, 0xC591,
    0xCD92, 0xCDD3, 0xCDD3, 0xCDB2, 0xCD92, 0xCDB2, 0xCDD3, 0xCD92,
    0xD5D3, 0xD5D3, 0xCD92, 0xCD91, 0xCDB2, 0xD5F4, 0xCD91, 0xD5F3,
    0xD5F3, 0xD5D2, 0xD5D3, 0xD614, 0xD614, 0xD5D3, 0xD5D2, 0xCDB2,
    0xD5F3, 0xD5F4, 0xDE34, 0xDE34, 0xDE34, 0xDE13, 0xDE34, 0xDE14,
    0xDE13, 0xDE34, 0xDE34, 0xDE13, 0xDE34, 0xDE54, 0xDE13, 0xDE14,
    0xDE34, 0xDE55, 0xDE54, 0xDE34, 0xDE55, 0xE655, 0xE675, 0xE696,
    0xDE55, 0xE6B6, 0xE696, 0xE676, 0xE696, 0xEEB6, 0xE675, 0xE696,
    0xE696, 0xE654, 0xE696, 0xE696, 0xE696, 0xEEB6, 0xE696, 0xEEB6,
    0xE696, 0xEEB7, 0xEEB6, 0xEED7, 0xEEB6, 0xEEB7, 0xEED8, 0xEEB7,
    0xEED7, 0xEED7, 0xE6B6, 0xE696, 0xE696, 0xE696, 0xE696, 0xDE55,
    0xB4AF, 0x93CA, 0xAC6C, 0xB4AD, 0xC50F, 0xCD70, 0xCD91, 0xCDB1,
    0xD5D2, 0xD5B1, 0xD5F3, 0xDE13, 0xDDF2, 0xD5F2, 0xDE13, 0xE654,
    0xE654, 0xDE34, 0xE634, 0xE654, 0xE696, 0xEEB6, 0xEE96, 0xEEB6,
    0xEED7, 0xEED7, 0xEEB7, 0xEED7, 0xEED7, 0xEEF7, 0xEEF8, 0xEEF8,
    0xF719, 0xEF1A, 0xFFBC, 0x944F, 0x0840, 0x0000, 0x0000, 0x0000,
    0x0000, 0x0000, 0x0000, 0x0000, 0x0000, 0x0000, 0x0000, 0x0000,
    0x0000, 0x0000, 0x0000, 0x0000, 0x0000, 0x0000, 0x0000, 0x0000,
    0x0000, 0x0000, 0x0000, 0x0000, 0x0000, 0x0000, 0x0000, 0x0000,
    0x0000, 0x0000, 0x0000, 0x0000, 0x0000, 0x0000, 0x0000, 0x0000,
    0x0000, 0x0000, 0x0000, 0x0841, 0x9450, 0xFFDD, 0xEF1A, 0xEED8,
    0xE6B8, 0xE6B7, 0xE697, 0xDE35, 0xDE56, 0xDE15, 0xDE15, 0xD635,
    0xD614, 0xD5F3, 0xD614, 0xD5F3, 0xD5F2, 0xDE14, 0xD614, 0xD614,
    0xD614, 0xD5D3, 0xD5F3, 0xCDB2, 0xD5F3, 0xD5F3, 0xD5D3, 0xCDD2,
    0xCD91, 0xCD91, 0xCD91, 0xC550, 0xC52F, 0xBD10, 0xAC8E, 0x9C0B,
    0x7AE8, 0x938A, 0xAC8E, 0xB4CF, 0xB4EF, 0xBD30, 0xBD51, 0xBD51,
    0xC571, 0xBD30, 0xBD31, 0xBD51, 0xC571, 0xC551, 0xBD30, 0xBD51,
    0xBD51, 0xC551, 0xC571, 0xBD30, 0xBD51, 0xBD51, 0xC572, 0xC552,
    0xBD71, 0xC571, 0xC551, 0xC5B2, 0xC591, 0xC551, 0xC572, 0xC5B2,
    0xC572, 0xC592, 0xCD91, 0xC592, 0xC551, 0xC592, 0xBD31, 0xC571,
    0xC551, 0xC591, 0xC592, 0xCDB2, 0xCDB2, 0xCD71, 0xCD92, 0xC571,
    0xCD92, 0xCDB3, 0xCDB2, 0xCDD3, 0xCDB2, 0xCD92, 0xCDB2, 0xCDB2,
    0xD5D3, 0xD5D3, 0xCD71, 0xCDB1, 0xD5D3, 0xD5D3, 0xD5D2, 0xD614,
    0xD5F3, 0xD5D3, 0xD5F3, 0xCDD3, 0xD614, 0xD5D3, 0xD613, 0xD5D3,
    0xD5F3, 0xD614, 0xDE13, 0xD614, 0xDE34, 0xD613, 0xDE34, 0xDE34,
    0xDE13, 0xDE14, 0xDE34, 0xD5F3, 0xDE34, 0xE655, 0xDE14, 0xDE34,
    0xDE55, 0xDE55, 0xDE54, 0xDE34, 0xDE35, 0xE654, 0xE655, 0xE675,
    0xDE54, 0xE6B6, 0xE696, 0xE696, 0xE696, 0xEEB6, 0xE696, 0xE675,
    0xE696, 0xE654, 0xE695, 0xE696, 0xE696, 0xEEB6, 0xE695, 0xEEB6,
    0xE696, 0xEEB7, 0xEE96, 0xEEB6, 0xEEB7, 0xEEB7, 0xEEB8, 0xEEB7,
    0xEEB7, 0xEED7, 0xEEB6, 0xE696, 0xE696, 0xE696, 0xE675, 0xDE34,
    0xC530, 0x93AA, 0xAC4B, 0xAC8C, 0xC50F, 0xCD70, 0xCD91, 0xCDB2,
    0xD5D2, 0xCD91, 0xDE14, 0xDDF3, 0xDDB1, 0xD5F2, 0xDE13, 0xE634,
    0xE654, 0xDE34, 0xE655, 0xE675, 0xE695, 0xEEB6, 0xEE96, 0xEED7,
    0xEED7, 0xEEB7, 0xEED8, 0xEED7, 0xEED7, 0xEEF8, 0xEEF8, 0xEEF8,
    0xF6F9, 0xF71A, 0xFF9C, 0xC5F6, 0x2944, 0x0000, 0x0000, 0x0000,
    0x0000, 0x0000, 0x0000, 0x0000, 0x0000, 0x0000, 0x0000, 0x0000,
    0x0000, 0x0000, 0x0000, 0x0000, 0x0000, 0x0000, 0x0000, 0x0000,
    0x0000, 0x0000, 0x0000, 0x0000, 0x0000, 0x0000, 0x0000, 0x0000,
    0x0000, 0x0000, 0x0000, 0x0000, 0x0000, 0x0000, 0x0000, 0x0000,
    0x0000, 0x0000, 0x0000, 0x10A2, 0xAD33, 0xFFDE, 0xEF1A, 0xE6B9,
    0xE6B8, 0xE6B7, 0xDE56, 0xDE35, 0xDE36, 0xD615, 0xE635, 0xD635,
    0xD5F3, 0xD613, 0xD614, 0xD5F3, 0xD5D2, 0xD5F3, 0xD614, 0xD5F3,
    0xD5D2, 0xD613, 0xD5F3, 0xCDB2, 0xD5F3, 0xD5F3, 0xD5D3, 0xCDB2,
    0xCD91, 0xCD91, 0xCD71, 0xC550, 0xBD0F, 0xBCF0, 0xAC8E, 0x9C0B,
    0x7B28, 0x93CB, 0xAC8E, 0xB4CF, 0xB4EF, 0xBD30, 0xBD51, 0xBD51,
    0xBD51, 0xBD30, 0xBD31, 0xBD51, 0xC571, 0xBD51, 0xC571, 0xBD51,
    0xBD51, 0xC592, 0xC572, 0xC550, 0xBD51, 0xC571, 0xC572, 0xBD11,
    0xC551, 0xC571, 0xC571, 0xC592, 0xC571, 0xC551, 0xC572, 0xC571,
    0xC572, 0xC592, 0xC571, 0xC592, 0xC550, 0xC592, 0xBD30, 0xC592,
    0xC551, 0xC571, 0xC592, 0xCD91, 0xC572, 0xC571, 0xCD92, 0xC551,
    0xCD92, 0xCDB3, 0xCD92, 0xCDD3, 0xCDB2, 0xCDB2, 0xCDB2, 0xCDD2,
    0xCDB2, 0xD5D3, 0xCD71, 0xCDD3, 0xD5D3, 0xCDB2, 0xD5D2, 0xD614,
    0xD5F3, 0xD5D3, 0xD5D3, 0xCDB2, 0xD614, 0xCDB1, 0xD614, 0xD5F3,
    0xD5F3, 0xD614, 0xD5F3, 0xD614, 0xDE34, 0xDE34, 0xDE34, 0xDE55,
    0xDE35, 0xDE14, 0xDE54, 0xD5F3, 0xDE34, 0xEE55, 0xDE14, 0xDE34,
    0xDE55, 0xDE55, 0xE674, 0xE655, 0xDE34, 0xDE54, 0xE655, 0xE675,
    0xE654, 0xE676, 0xE696, 0xE696, 0xE696, 0xE696, 0xE696, 0xE675,
    0xE675, 0xE674, 0xE675, 0xE696, 0xE696, 0xE696, 0xE675, 0xEE96,
    0xE696, 0xEEB7, 0xE696, 0xE696, 0xEEB7, 0xEEB7, 0xEEB7, 0xEED7,
    0xEEB7, 0xEEB7, 0xF6B6, 0xEEB6, 0xE696, 0xE696, 0xE675, 0xDE34,
    0xCD91, 0x93AA, 0x9C0B, 0xAC6C, 0xBD0F, 0xC550, 0xCD71, 0xCDB2,
    0xD5B2, 0xCD91, 0xDDF3, 0xD5F3, 0xD5D1, 0xD5F2, 0xDE13, 0xDE13,
    0xDE34, 0xDE34, 0xE655, 0xE675, 0xE695, 0xEE96, 0xEE96, 0xEED7,
    0xEED7, 0xEEB7, 0xEED7, 0xEED7, 0xEEF7, 0xEEF8, 0xEEF8, 0xF6F9,
    0xEEF9, 0xF719, 0xFF9C, 0xDEB9, 0x39C6, 0x1061, 0x0000, 0x0000,
    0x0000, 0x0000, 0x0000, 0x0000, 0x0000, 0x0000, 0x0000, 0x0000,
    0x0000, 0x0000, 0x0000, 0x0000, 0x0000, 0x0000, 0x0000, 0x0000,
    0x0000, 0x0000, 0x0000, 0x0000, 0x0000, 0x0000, 0x0000, 0x0000,
    0x0000, 0x0000, 0x0000, 0x0000, 0x0000, 0x0000, 0x0000, 0x0000,
    0x0000, 0x0000, 0x0841, 0x18C2, 0xBDB5, 0xFFDE, 0xEEF9, 0xE6D9,
    0xE6B8, 0xDE97, 0xDE35, 0xD635, 0xD614, 0xD614, 0xDE35, 0xD614,
    0xD5D3, 0xD614, 0xD614, 0xD5D3, 0xD5D2, 0xD5F3, 0xD614, 0xD5B2,
    0xD5B2, 0xD5F3, 0xD5F3, 0xD5D2, 0xD5F4, 0xD5D2, 0xCDB2, 0xCD91,
    0xCD71, 0xCD91, 0xC550, 0xC530, 0xBD0F, 0xB4EF, 0xAC8D, 0x9C0B,
    0x8348, 0x9C0C, 0xAC8E, 0xB4CF, 0xB4EF, 0xB510, 0xBD31, 0xBD51,
    0xBD51, 0xBD51, 0xBD51, 0xBD51, 0xBD51, 0xBD51, 0xC571, 0xBD51,
    0xBD51, 0xC572, 0xBD51, 0xC571, 0xBD51, 0xC572, 0xC572, 0xBD31,
    0xC571, 0xC572, 0xC592, 0xC572, 0xBD51, 0xBD30, 0xC572, 0xBD30,
    0xC592, 0xC572, 0xC572, 0xC571, 0xC550, 0xC551, 0xC571, 0xC5B3,
    0xC551, 0xC571, 0xC571, 0xC530, 0xC571, 0xC571, 0xCDB2, 0xC571,
    0xCD92, 0xCDD3, 0xCDB3, 0xCDB3, 0xCD91, 0xCDD2, 0xCDD3, 0xCDD3,
    0xCD91, 0xCDD3, 0xCD91, 0xCDD3, 0xD5D3, 0xCDB2, 0xCDB2, 0xD614,
    0xCDD3, 0xCDB2, 0xD5B2, 0xD5D2, 0xD614, 0xC570, 0xD5D3, 0xD5F3,
    0xD5F3, 0xD5F3, 0xD5F3, 0xDE34, 0xDE14, 0xDE34, 0xDE34, 0xDE55,
    0xDE55, 0xDE14, 0xDE55, 0xDE13, 0xDE13, 0xE655, 0xDE34, 0xDE14,
    0xDE55, 0xDE55, 0xE675, 0xE675, 0xDE54, 0xDE55, 0xE655, 0xE696,
    0xE675, 0xDE55, 0xE696, 0xE676, 0xE696, 0xE696, 0xE675, 0xE696,
    0xE675, 0xE675, 0xE675, 0xE696, 0xE696, 0xE696, 0xE675, 0xE675,
    0xE696, 0xE696, 0xE6B6, 0xE696, 0xE696, 0xE696, 0xEEB6, 0xEED7,
    0xEEB6, 0xEE96, 0xEE96, 0xEEB6, 0xE696, 0xE696, 0xE696, 0xDE55,
    0xCDB2, 0x9BCA, 0x93AA, 0xAC6C, 0xBD0F, 0xC530, 0xC550, 0xCDB2,
    0xD5B2, 0xD5B2, 0xD5B1, 0xD5F3, 0xD5F2, 0xD5D2, 0xDE34, 0xDDF2,
    0xDE34, 0xDE34, 0xE654, 0xE675, 0xE675, 0xEE96, 0xE695, 0xEEB6,
    0xEEB6, 0xEED7, 0xEEB6, 0xEEB7, 0xEEF7, 0xEEF8, 0xEEF8, 0xF719,
    0xEF19, 0xEF19, 0xFF7B, 0xE6B9, 0x39C6, 0x1081, 0x0000, 0x0000,
    0x0000, 0x0000, 0x0000, 0x0000, 0x0000, 0x0000, 0x0000, 0x0000,
    0x0000, 0x0000, 0x0000, 0x0000, 0x0000, 0x0000, 0x0000, 0x0000,
    0x0000, 0x0000, 0x0000, 0x0000, 0x0000, 0x0000, 0x0000, 0x0000,
    0x0000, 0x0000, 0x0000, 0x0000, 0x0000, 0x0000, 0x0000, 0x0000,
    0x0000, 0x0000, 0x0000, 0x2103, 0xE6DA, 0xF79D, 0xE6D8, 0xE6D8,
    0xDE97, 0xDE76, 0xDE35, 0xDE55, 0xD634, 0xDE35, 0xD614, 0xD614,
    0xD5F3, 0xD5F3, 0xD614, 0xD614, 0xD5F3, 0xD614, 0xD614, 0xD5F3,
    0xD5F3, 0xD5D3, 0xD5F3, 0xD5F3, 0xD5D3, 0xCD91, 0xCDB2, 0xCDB2,
    0xCD71, 0xCD71, 0xC550, 0xC530, 0xBD30, 0xB4CF, 0xA46D, 0x8B8A,
    0x8349, 0xA42C, 0xACAE, 0xB4CF, 0xBD10, 0xBD30, 0xBD31, 0xBD51,
    0xBD30, 0xBD31, 0xBD51, 0xBD31, 0xBD51, 0xBD31, 0xBD31, 0xBD51,
    0xBD51, 0xBD31, 0xC572, 0xC572, 0xC571, 0xBD51, 0xC572, 0xBD51,
    0xBD51, 0xBD51, 0xC592, 0xC551, 0xBD30, 0xBD30, 0xBD51, 0xBD10,
    0xC592, 0xC592, 0xC571, 0xC551, 0xC551, 0xC551, 0xC592, 0xC571,
    0xC551, 0xC571, 0xBD30, 0xC551, 0xCDB2, 0xC571, 0xCDB2, 0xC571,
    0xCDB2, 0xCDD3, 0xC592, 0xCDB2, 0xCD92, 0xCDD3, 0xCDD3, 0xCDB2,
    0xCD91, 0xCDB2, 0xCDB2, 0xCDB2, 0xCDB2, 0xD5D3, 0xCDB2, 0xD5F3,
    0xD5F3, 0xCDB2, 0xD5D3, 0xD5F3, 0xD614, 0xCD91, 0xCD91, 0xD5D3,
    0xD614, 0xD614, 0xD5D2, 0xDE34, 0xD5F3, 0xD5F3, 0xDE55, 0xD5F3,
    0xDE14, 0xDE34, 0xDE14, 0xDE34, 0xDE34, 0xDE34, 0xDE34, 0xDE14,
    0xDE34, 0xDE55, 0xDE55, 0xDE34, 0xDE55, 0xE675, 0xDE55, 0xE696,
    0xE696, 0xE676, 0xE675, 0xE655, 0xE675, 0xE696, 0xEEB6, 0xE6B6,
    0xE6B6, 0xE655, 0xE696, 0xE696, 0xE696, 0xE675, 0xE696, 0xE675,
    0xE696, 0xE676, 0xE696, 0xEEB7, 0xEEB6, 0xE696, 0xEEB6, 0xEED7,
    0xEEB6, 0xE696, 0xE696, 0xEEB7, 0xE6B6, 0xE696, 0xE696, 0xDE55,
    0xD613, 0xA40B, 0x8B68, 0xAC8C, 0xBD0F, 0xC52F, 0xCD70, 0xCD91,
    0xCDB2, 0xD5B2, 0xCD91, 0xD5B2, 0xD5F2, 0xD5D2, 0xDE34, 0xDDF3,
    0xDE13, 0xE655, 0xDE34, 0xDE34, 0xE696, 0xEEB6, 0xEE96, 0xEEB6,
    0xEE96, 0xEED7, 0xEEF8, 0xEED7, 0xEED7, 0xEEF8, 0xEEF8, 0xEF18,
    0xEF19, 0xEF19, 0xF73A, 0xFF7C, 0x5ACA, 0x0000, 0x0000, 0x0000,
    0x0000, 0x0000, 0x0000, 0x0000, 0x0000, 0x0000, 0x0000, 0x0000,
    0x0000, 0x0000, 0x0000, 0x0000, 0x0000, 0x0000, 0x0000, 0x0000,
    0x0000, 0x0000, 0x0000, 0x0000, 0x0000, 0x0000, 0x0000, 0x0000,
    0x0000, 0x0000, 0x0000, 0x0000, 0x0000, 0x0000, 0x0000, 0x0000,
    0x0000, 0x0000, 0x0000, 0x4A48, 0xFF9D, 0xF73B, 0xE6B7, 0xE6D8,
    0xDE77, 0xDE76, 0xDE56, 0xDE55, 0xD634, 0xDE35, 0xD5F3, 0xD614,
    0xD5F3, 0xD5D3, 0xD614, 0xD635, 0xD5F3, 0xDE14, 0xD614, 0xD614,
    0xD5F3, 0xD5F4, 0xD5F2, 0xD5F3, 0xD5B2, 0xCD91, 0xCD91, 0xCDB2,
    0xCD71, 0xCD71, 0xC570, 0xC530, 0xBD10, 0xB4CF, 0x9C4C, 0x8368,
    0x8349, 0xA44C, 0xACAE, 0xB4EF, 0xBD10, 0xB510, 0xBD31, 0xBD30,
    0xBD30, 0xBD31, 0xBD51, 0xBD51, 0xBD51, 0xBD30, 0xBD52, 0xC572,
    0xBD51, 0xBD31, 0xC572, 0xC572, 0xC571, 0xBD71, 0xC551, 0xBD30,
    0xC551, 0xBD50, 0xC592, 0xC571, 0xBD50, 0xBD30, 0xBD51, 0xBD31,
    0xC592, 0xBD71, 0xC551, 0xC572, 0xC571, 0xC571, 0xC571, 0xC551,
    0xC571, 0xC551, 0xC530, 0xC571, 0xCD91, 0xCD92, 0xCD91, 0xC592,
    0xCDD3, 0xC5B1, 0xCD92, 0xCDD3, 0xCDB2, 0xCDB2, 0xCDB2, 0xCDB2,
    0xCDB2, 0xCDB2, 0xCDD3, 0xCD92, 0xCDD2, 0xD5D3, 0xCDB2, 0xD5F3,
    0xD5F3, 0xCD91, 0xD5F3, 0xD5D3, 0xD613, 0xD5B2, 0xCD91, 0xD5D3,
    0xDE35, 0xD614, 0xCDB2, 0xDE34, 0xDE34, 0xD5F3, 0xDE54, 0xD5F3,
    0xD5F3, 0xDE34, 0xDE35, 0xDE34, 0xDE55, 0xDE13, 0xDE34, 0xDE34,
    0xD5F3, 0xDE54, 0xDE55, 0xDE34, 0xDE34, 0xE675, 0xE676, 0xE676,
    0xE696, 0xE676, 0xE655, 0xE676, 0xE675, 0xE675, 0xF6B7, 0xE6B6,
    0xEEB7, 0xE655, 0xE675, 0xE675, 0xE6B6, 0xE695, 0xE696, 0xE696,
    0xE696, 0xE696, 0xE676, 0xF6B7, 0xF6B7, 0xE6B6, 0xEEB7, 0xEED7,
    0xEED7, 0xE696, 0xE6B6, 0xEEB7, 0xE6B6, 0xE696, 0xE696, 0xDE55,
    0xD614, 0xAC6D, 0x8B68, 0xAC6C, 0xBCEF, 0xC52F, 0xCD70, 0xCD91,
    0xCD91, 0xD591, 0xCDB1, 0xD5B1, 0xD5F2, 0xD5F3, 0xDE33, 0xDE14,
    0xDE13, 0xE655, 0xE675, 0xE634, 0xE676, 0xEEB6, 0xF696, 0xEEB6,
    0xEE75, 0xEEB6, 0xEEF8, 0xEEF8, 0xEED7, 0xEEF7, 0xEEF8, 0xEEF8,
    0xEEF8, 0xEF19, 0xF719, 0xFFBD, 0x7BEE, 0x0000, 0x0000, 0x0000,
    0x0000, 0x0000, 0x0000, 0x0000, 0x0000, 0x0000, 0x0000, 0x0000,
    0x0000, 0x0000, 0x0000, 0x0000, 0x0000, 0x0000, 0x0000, 0x0000,
    0x0000, 0x0000, 0x0000, 0x0000, 0x0000, 0x0000, 0x0000, 0x0000,
    0x0000, 0x0000, 0x0000, 0x0000, 0x0000, 0x0000, 0x0000, 0x0000,
    0x0000, 0x0000, 0x0000, 0x6B2C, 0xFFDE, 0xEEFA, 0xE6B7, 0xE6D8,
    0xDE36, 0xDE56, 0xDE56, 0xD615, 0xD614, 0xD614, 0xD5F3, 0xD634,
    0xD5F3, 0xD5F3, 0xD614, 0xD635, 0xD5F3, 0xDE14, 0xDE35, 0xD614,
    0xD5B1, 0xD614, 0xD5D2, 0xD5D2, 0xCDB1, 0xCDB1, 0xCD91, 0xCDB2,
    0xCD71, 0xC571, 0xC570, 0xC530, 0xBD10, 0xB4CF, 0x9C0B, 0x7B27,
    0x8B8A, 0xA46D, 0xB4AE, 0xB4EF, 0xB4EF, 0xB510, 0xBD31, 0xBD30,
    0xBD30, 0xBD31, 0xBD51, 0xBD51, 0xBD50, 0xBD30, 0xC592, 0xC572,
    0xBD51, 0xBD51, 0xC572, 0xC552, 0xC571, 0xBD71, 0xBD10, 0xBD30,
    0xC551, 0xBD50, 0xC572, 0xC571, 0xBD51, 0xBD30, 0xBD51, 0xBD71,
    0xC592, 0xBD51, 0xC551, 0xC5B2, 0xC571, 0xC571, 0xC551, 0xC571,
    0xC571, 0xC571, 0xC572, 0xC571, 0xC571, 0xCD92, 0xC571, 0xC592,
    0xCDD3, 0xC5B1, 0xD5D3, 0xCDD3, 0xCDD2, 0xCDB2, 0xCDB2, 0xCDB2,
    0xCDD3, 0xCDB2, 0xCDD3, 0xD5B2, 0xCDD3, 0xCDD3, 0xD5B2, 0xD5D3,
    0xD5D3, 0xCD91, 0xD5F3, 0xD5D3, 0xD5F3, 0xD5D2, 0xD5B2, 0xCD91,
    0xDE35, 0xD614, 0xCDD2, 0xD5F3, 0xE655, 0xD5F3, 0xDE34, 0xDE14,
    0xD5F3, 0xDE34, 0xDE55, 0xDE34, 0xDE55, 0xDE13, 0xDE34, 0xDE34,
    0xD613, 0xDE34, 0xDE55, 0xDE34, 0xDE34, 0xDE55, 0xE676, 0xDE55,
    0xE696, 0xE676, 0xE675, 0xE696, 0xE675, 0xE655, 0xEEB7, 0xE696,
    0xEEB7, 0xE696, 0xE675, 0xE675, 0xE696, 0xE695, 0xE675, 0xE696,
    0xE696, 0xE6B6, 0xE676, 0xEEB7, 0xEEB7, 0xE6B6, 0xEEB7, 0xEED7,
    0xEED7, 0xEE96, 0xEEB6, 0xEEB7, 0xE696, 0xE696, 0xE696, 0xDE55,
    0xD614, 0xBCCF, 0x8B48, 0xAC2C, 0xBCCF, 0xC52F, 0xC550, 0xCD91,
    0xCD70, 0xCD70, 0xCDB1, 0xD5B1, 0xD5F2, 0xD5F3, 0xDE13, 0xDE34,
    0xDE34, 0xDE14, 0xE675, 0xE674, 0xE654, 0xE696, 0xEE96, 0xEEB7,
    0xEE95, 0xEEB6, 0xEED7, 0xEEF8, 0xEEF7, 0xEEF8, 0xEEF8, 0xEEF8,
    0xEEF9, 0xEF19, 0xEF19, 0xFFBC, 0x9CB2, 0x0861, 0x0000, 0x0000,
    0x0000, 0x0000, 0x0000, 0x0000, 0x0000, 0x0000, 0x0000, 0x0000,
    0x0000, 0x0000, 0x0000, 0x0000, 0x0000, 0x0000, 0x0000, 0x0000,
    0x0000, 0x0000, 0x0000, 0x0000, 0x0000, 0x0000, 0x0000, 0x0000,
    0x0000, 0x0000, 0x0000, 0x0000, 0x0000, 0x0000, 0x0000, 0x0000,
    0x0000, 0x0020, 0x0000, 0x840F, 0xFFDD, 0xE6F9, 0xE6B8, 0xE6B7,
    0xDE35, 0xD635, 0xDE56, 0xD5F4, 0xD614, 0xD614, 0xD614, 0xD634,
    0xD5F3, 0xD613, 0xD614, 0xD614, 0xD614, 0xD614, 0xDE35, 0xD5F3,
    0xCD91, 0xD5F3, 0xD5D2, 0xD5D2, 0xCDB1, 0xCDB2, 0xCDB1, 0xCD91,
    0xCD71, 0xC571, 0xC550, 0xBD2F, 0xBD30, 0xACAE, 0x93CA, 0x72E7,
    0x93CB, 0xAC8E, 0xB4CF, 0xB4EF, 0xB4EF, 0xBD30, 0xBD51, 0xBD31,
    0xBD51, 0xBD31, 0xBD31, 0xBD51, 0xBD30, 0xBD51, 0xC592, 0xBD51,
    0xBD51, 0xBD51, 0xC572, 0xBD31, 0xBD51, 0xBD51, 0xBD10, 0xBD51,
    0xC572, 0xBD30, 0xBD51, 0xBD51, 0xBD31, 0xBD30, 0xBD51, 0xBD51,
    0xC571, 0xC551, 0xC551, 0xC592, 0xC572, 0xC571, 0xC571, 0xC592,
    0xC551, 0xC592, 0xC592, 0xC551, 0xC571, 0xC571, 0xC571, 0xC591,
    0xCD92, 0xCDD3, 0xD5F4, 0xCD92, 0xCDD3, 0xCDB2, 0xCDB2, 0xCDB2,
    0xCDD3, 0xCD92, 0xCDB2, 0xD5D3, 0xCDD3, 0xCDB2, 0xD5D3, 0xCDB2,
    0xCDB2, 0xCDB2, 0xD5D3, 0xD5F3, 0xD5F3, 0xD5F3, 0xD5F3, 0xCD91,
    0xD614, 0xD614, 0xD5F3, 0xD5D2, 0xDE34, 0xD5F3, 0xDE14, 0xDE14,
    0xDE14, 0xDE34, 0xDE35, 0xDE34, 0xDE14, 0xDE34, 0xDE14, 0xDE34,
    0xDE34, 0xDE34, 0xDE55, 0xDE34, 0xDE55, 0xDE34, 0xDE55, 0xDE34,
    0xE655, 0xE676, 0xE675, 0xE675, 0xE675, 0xE675, 0xE696, 0xE675,
    0xE696, 0xE696, 0xE696, 0xE675, 0xE675, 0xE696, 0xE675, 0xE675,
    0xE696, 0xE696, 0xE695, 0xE696, 0xE6B6, 0xE676, 0xEEB7, 0xEEB7,
    0xEEB7, 0xEEB7, 0xEEB6, 0xEEB7, 0xE696, 0xE696, 0xE696, 0xDE55,
    0xD634, 0xBD10, 0x8B48, 0xA42B, 0xB4CE, 0xBD2F, 0xC550, 0xC550,
    0xCD70, 0xCD91, 0xCD91, 0xD5B1, 0xD5F3, 0xD5D2, 0xDDF3, 0xDE34,
    0xDE34, 0xDDF3, 0xDE34, 0xE675, 0xE654, 0xE675, 0xE695, 0xEEB7,
    0xEEB6, 0xEEB6, 0xEED7, 0xEED7, 0xEEF7, 0xEEF8, 0xEEF8, 0xEEF8,
    0xEF19, 0xEF19, 0xEF19, 0xFFBC, 0xB574, 0x1082, 0x0000, 0x0000,
    0x0000, 0x0000, 0x0000, 0x0000, 0x0000, 0x0000, 0x0000, 0x0000,
    0x0000, 0x0000, 0x0000, 0x0000, 0x0000, 0x0000, 0x0000, 0x0000,
    0x0000, 0x0000, 0x0000, 0x0000, 0x0000, 0x0000, 0x0000, 0x0000,
    0x0000, 0x0000, 0x0000, 0x0000, 0x0000, 0x0000, 0x0000, 0x0000,
    0x0000, 0x0000, 0x0861, 0xBDD6, 0xFF9C, 0xEEF9, 0xE6D8, 0xDE97,
    0xDE76, 0xDE56, 0xDE35, 0xD635, 0xD5F4, 0xD5F4, 0xD614, 0xD614,
    0xD614, 0xD5F4, 0xD5F3, 0xDE14, 0xD614, 0xD5F3, 0xD5F3, 0xD5F3,
    0xD5D2, 0xD5D2, 0xD5F3, 0xD5F3, 0xD5D2, 0xCD91, 0xCDB2, 0xCD71,
    0xCD92, 0xC571, 0xC530, 0xBD0F, 0xBCEF, 0xA46D, 0x8B89, 0x72C7,
    0x93EB, 0xACAE, 0xACAE, 0xB4EF, 0xBD10, 0xBD30, 0xBD51, 0xBD30,
    0xBD31, 0xBD31, 0xBD51, 0xBD51, 0xBD31, 0xBD72, 0xBD31, 0xBD51,
    0xBD51, 0xBD30, 0xBD51, 0xBD30, 0xBD31, 0xBD51, 0xBD51, 0xC572,
    0xC592, 0xBD51, 0xBD71, 0xC572, 0xBD31, 0xBD51, 0xBD51, 0xBD30,
    0xBD51, 0xC571, 0xBD30, 0xBD51, 0xC571, 0xC551, 0xC572, 0xC592,
    0xC592, 0xC592, 0xC551, 0xCDB2, 0xC550, 0xC571, 0xC571, 0xC571,
    0xC571, 0xCDD3, 0xCD92, 0xC591, 0xCDB2, 0xC571, 0xCD92, 0xCDB2,
    0xCDB2, 0xD5F4, 0xCDD3, 0xCDB3, 0xCDB2, 0xCD92, 0xD5F4, 0xD5D3,
    0xCD92, 0xCDB2, 0xD5D3, 0xD5F3, 0xDE35, 0xD614, 0xD5D3, 0xD5D2,
    0xD5F3, 0xD614, 0xD5F3, 0xD5B2, 0xD5D3, 0xDE34, 0xD613, 0xD5F3,
    0xDE14, 0xDE34, 0xDE14, 0xDE54, 0xDE14, 0xDE14, 0xE676, 0xDE34,
    0xDE34, 0xDE55, 0xE676, 0xDE55, 0xDE34, 0xE655, 0xDE35, 0xDE34,
    0xDE34, 0xE675, 0xDE34, 0xE675, 0xE696, 0xE696, 0xE696, 0xE696,
    0xE675, 0xE655, 0xE675, 0xE675, 0xE696, 0xE696, 0xE696, 0xE675,
    0xE6B6, 0xE696, 0xE675, 0xE696, 0xE696, 0xE675, 0xE696, 0xEEB7,
    0xE6B6, 0xEEB7, 0xEEB7, 0xE6B6, 0xE696, 0xE696, 0xE676, 0xE675,
    0xD614, 0xC571, 0x93AA, 0x9BEA, 0xB4CE, 0xBD0F, 0xC550, 0xC52F,
    0xC550, 0xCD91, 0xCD91, 0xCDB1, 0xD5F2, 0xD5D2, 0xDE13, 0xDE34,
    0xDE13, 0xDE13, 0xDE34, 0xE675, 0xE675, 0xE655, 0xE696, 0xE675,
    0xEEB7, 0xEEB6, 0xEEB7, 0xEEB7, 0xEED7, 0xEED7, 0xEED7, 0xEEF8,
    0xEEF8, 0xEF19, 0xEF19, 0xFF9B, 0xCDF6, 0x18C2, 0x0020, 0x0000,
    0x0000, 0x0000, 0x0000, 0x0000, 0x0000, 0x0000, 0x0000, 0x0000,
    0x0000, 0x0000, 0x0000, 0x0000, 0x0000, 0x0000, 0x0000, 0x0000,
    0x0000, 0x0000, 0x0000, 0x0000, 0x0000, 0x0000, 0x0000, 0x0000,
    0x0000, 0x0000, 0x0000, 0x0000, 0x0000, 0x0000, 0x0000, 0x0000,
    0x0000, 0x0000, 0x2965, 0xE6DA, 0xFF7C, 0xEED9, 0xE6D8, 0xDE97,
    0xDE76, 0xE656, 0xDE35, 0xD614, 0xD5F4, 0xD615, 0xD614, 0xD614,
    0xD614, 0xD614, 0xD5F3, 0xE635, 0xD614, 0xD5F3, 0xD5D3, 0xD5D3,
    0xD5F3, 0xD5D2, 0xD5D3, 0xD5F3, 0xD5D2, 0xCD71, 0xCD91, 0xCD50,
    0xCD92, 0xC570, 0xC50F, 0xB4EE, 0xB48E, 0xA44C, 0x8369, 0x7307,
    0x9C2C, 0xAC8E, 0xACAE, 0xBD10, 0xBD30, 0xBD30, 0xBD30, 0xBD30,
    0xBD30, 0xBD51, 0xBD31, 0xBD51, 0xBD51, 0xBD72, 0xBD31, 0xBD51,
    0xBD51, 0xBD30, 0xC572, 0xBD51, 0xBD51, 0xBD51, 0xBD71, 0xC572,
    0xC592, 0xBD71, 0xC571, 0xC571, 0xBD30, 0xC571, 0xBD30, 0xC550,
    0xBD30, 0xC551, 0xBD30, 0xC592, 0xC550, 0xBD30, 0xC592, 0xC592,
    0xC571, 0xCD92, 0xC551, 0xCDB2, 0xC571, 0xCDB2, 0xCDB2, 0xCDB2,
    0xCD92, 0xCDB3, 0xCD91, 0xCD91, 0xC592, 0xC571, 0xCDB2, 0xCDB2,
    0xCD92, 0xD614, 0xCDB2, 0xCDB2, 0xCD92, 0xCD91, 0xD5F4, 0xD5D3,
    0xD5D3, 0xC591, 0xD5B2, 0xD5F3, 0xDE14, 0xD5F3, 0xD5D2, 0xD5B2,
    0xD5F3, 0xD5F4, 0xD5D2, 0xD5D3, 0xD5F3, 0xDE33, 0xD613, 0xDE14,
    0xDE14, 0xDE34, 0xDE34, 0xDE34, 0xDE34, 0xDDF3, 0xE696, 0xDE55,
    0xDE14, 0xDE55, 0xE676, 0xDE55, 0xDE14, 0xE655, 0xDE55, 0xDE54,
    0xDE55, 0xE675, 0xDE34, 0xE675, 0xE676, 0xE676, 0xE696, 0xE676,
    0xE654, 0xE655, 0xE675, 0xE675, 0xE696, 0xE696, 0xE676, 0xE675,
    0xE6B6, 0xE6B7, 0xE696, 0xE696, 0xE6B6, 0xE696, 0xE696, 0xEE96,
    0xE696, 0xEEB7, 0xEEB7, 0xE696, 0xE696, 0xE696, 0xE676, 0xE675,
    0xDE34, 0xC571, 0x9C0B, 0x9BA9, 0xB4AD, 0xBD0F, 0xC52F, 0xC50F,
    0xBD0F, 0xCD70, 0xCD71, 0xCDB1, 0xD5B1, 0xD5D1, 0xDE13, 0xDE34,
    0xDE13, 0xDE13, 0xDE33, 0xE654, 0xE675, 0xE655, 0xE675, 0xE675,
    0xEEB7, 0xEE96, 0xEEB6, 0xEED7, 0xEEB6, 0xEED7, 0xEED7, 0xEED8,
    0xEEF8, 0xEEF9, 0xEF19, 0xFF7A, 0xE6D9, 0x3185, 0x0020, 0x0000,
    0x0000, 0x0000, 0x0000, 0x0000, 0x0000, 0x0000, 0x0000, 0x0000,
    0x0000, 0x0000, 0x0000, 0x0000, 0x0000, 0x0000, 0x0000, 0x0000,
    0x0000, 0x0000, 0x0000, 0x0000, 0x0000, 0x0000, 0x0000, 0x0000,
    0x0000, 0x0000, 0x0000, 0x0000, 0x0000, 0x0000, 0x0000, 0x0000,
    0x0000, 0x0020, 0x39C7, 0xEF1A, 0xF75B, 0xE6D9, 0xE6D8, 0xDE77,
    0xDE56, 0xDE34, 0xD635, 0xD5D3, 0xD615, 0xDE35, 0xD635, 0xD614,
    0xD614, 0xD614, 0xD5F3, 0xDE35, 0xD614, 0xD614, 0xD5D3, 0xD5D3,
    0xD5F3, 0xD5D2, 0xD5D3, 0xD5F3, 0xCDB2, 0xCD71, 0xCD91, 0xC550,
    0xC570, 0xC530, 0xBCEE, 0xB4CE, 0xAC4C, 0x9C2B, 0x8328, 0x8348,
    0xA44D, 0xAC6E, 0xACCE, 0xBD31, 0xBD30, 0xBD30, 0xBD30, 0xBD31,
    0xBD30, 0xBD51, 0xBD31, 0xBD51, 0xBD51, 0xBD52, 0xBD31, 0xBD51,
    0xBD51, 0xBD31, 0xC551, 0xBD51, 0xBD51, 0xBD51, 0xBD31, 0xC572,
    0xC572, 0xBD31, 0xC571, 0xC571, 0xBD10, 0xC551, 0xC550, 0xC571,
    0xBD30, 0xC551, 0xBD30, 0xC572, 0xBD50, 0xBD51, 0xC550, 0xC572,
    0xC551, 0xCD92, 0xC571, 0xC592, 0xC592, 0xCDF3, 0xCDB2, 0xCDB2,
    0xCDB3, 0xCD72, 0xCD91, 0xCD91, 0xCD92, 0xC591, 0xCDD3, 0xCD92,
    0xCD92, 0xD614, 0xCD91, 0xCDD2, 0xCD92, 0xCD91, 0xCDD2, 0xCDD3,
    0xD614, 0xC571, 0xCD91, 0xD5F4, 0xD5D2, 0xD5D3, 0xD5D3, 0xCDD2,
    0xD5F3, 0xDDF4, 0xD5B2, 0xD5F3, 0xDE34, 0xD613, 0xD5F3, 0xDE34,
    0xDE14, 0xDE34, 0xDE34, 0xDE34, 0xDE35, 0xD5D2, 0xDE54, 0xE676,
    0xDE14, 0xDE14, 0xDE34, 0xDE35, 0xDE14, 0xDE55, 0xE675, 0xDE54,
    0xDE55, 0xE675, 0xE654, 0xE655, 0xE676, 0xE655, 0xE696, 0xE676,
    0xE654, 0xE655, 0xE675, 0xE675, 0xE696, 0xE696, 0xE676, 0xE675,
    0xE676, 0xE6B7, 0xE696, 0xE696, 0xEEB7, 0xE696, 0xE6B6, 0xEE96,
    0xE697, 0xEEB7, 0xEEB7, 0xE696, 0xE696, 0xE676, 0xE676, 0xDE55,
    0xDE34, 0xC591, 0x9C0B, 0x8B68, 0xAC6C, 0xBD0F, 0xBCEE, 0xBD0F,
    0xBCCE, 0xC52F, 0xCD71, 0xCDB1, 0xCD71, 0xD5B1, 0xD5D3, 0xDE34,
    0xDE13, 0xDDF3, 0xDDF3, 0xE634, 0xE655, 0xE654, 0xE675, 0xE696,
    0xEEB6, 0xE696, 0xEEB6, 0xEED7, 0xEEB6, 0xEED7, 0xEED7, 0xEED8,
    0xEEF8, 0xEEF8, 0xEEF9, 0xF75A, 0xF73B, 0x4A48, 0x0020, 0x0000,
    0x0000, 0x0000, 0x0000, 0x0000, 0x0000, 0x0000, 0x0000, 0x0000,
    0x0000, 0x0000, 0x0000, 0x0000, 0x0000, 0x0000, 0x0000, 0x0000,
    0x0000, 0x0000, 0x0000, 0x0000, 0x0000, 0x0000, 0x0000, 0x0000,
    0x0000, 0x0000, 0x0000, 0x0000, 0x0000, 0x0000, 0x0000, 0x0000,
    0x0000, 0x0841, 0x39E7, 0xEF3C, 0xEF3A, 0xE6D8, 0xE6B7, 0xDE56,
    0xDE56, 0xD614, 0xD614, 0xD5D3, 0xD635, 0xDE35, 0xD635, 0xD5F3,
    0xD614, 0xD614, 0xD5F3, 0xD614, 0xD614, 0xD614, 0xD5F3, 0xD5F3,
    0xD5F3, 0xD5D2, 0xD5F3, 0xD5D2, 0xCD91, 0xCD91, 0xCD92, 0xC570,
    0xC550, 0xC530, 0xB4EE, 0xB4CE, 0xA42C, 0x93EB, 0x8328, 0x8B69,
    0xA44D, 0xAC8E, 0xB4EF, 0xBD30, 0xB510, 0xBD10, 0xBD30, 0xBD31,
    0xBD51, 0xBD31, 0xBD51, 0xBD31, 0xBD51, 0xBD51, 0xBD31, 0xBD31,
    0xBD31, 0xBD51, 0xBD10, 0xBD31, 0xBD51, 0xBD51, 0xBD10, 0xC592,
    0xBD51, 0xBD10, 0xBD51, 0xBD51, 0xBD10, 0xBD30, 0xC571, 0xC551,
    0xBD30, 0xC572, 0xBD51, 0xBD30, 0xBD51, 0xC572, 0xBD0F, 0xC551,
    0xC551, 0xC572, 0xC592, 0xC592, 0xC592, 0xCDD3, 0xCD92, 0xC571,
    0xCDB2, 0xC571, 0xC571, 0xC591, 0xCD92, 0xC591, 0xCDD3, 0xC571,
    0xCDB2, 0xD5F3, 0xCD92, 0xCDD3, 0xCDB2, 0xCD92, 0xCDB2, 0xCDD2,
    0xD614, 0xCD91, 0xCDB2, 0xD5F4, 0xCDB2, 0xD5D3, 0xD5D3, 0xD5F3,
    0xD5D3, 0xDE14, 0xD5D3, 0xD5F3, 0xDE35, 0xDE14, 0xD5F3, 0xDE34,
    0xDE34, 0xDE34, 0xDE34, 0xDE55, 0xDE35, 0xD5F3, 0xD5F3, 0xE676,
    0xDE34, 0xDE14, 0xDE34, 0xDE34, 0xDE34, 0xDE34, 0xE676, 0xDE34,
    0xDE34, 0xE675, 0xE675, 0xDE34, 0xE696, 0xDE55, 0xE655, 0xE696,
    0xE654, 0xDE55, 0xE696, 0xE655, 0xE675, 0xE696, 0xE696, 0xDE55,
    0xDE55, 0xE696, 0xE676, 0xE696, 0xEEB7, 0xE696, 0xE6B6, 0xEEB7,
    0xE6B7, 0xE696, 0xE696, 0xE696, 0xE696, 0xE676, 0xE676, 0xDE55,
    0xDE34, 0xCDB2, 0xA42C, 0x8348, 0xA44C, 0xBCEE, 0xBCEE, 0xBD0F,
    0xBCCE, 0xC52F, 0xCD91, 0xCD91, 0xCD71, 0xCD91, 0xD5B2, 0xD5F3,
    0xDE13, 0xDDF3, 0xDDF3, 0xE655, 0xE655, 0xDE33, 0xE675, 0xE696,
    0xE696, 0xE696, 0xE696, 0xEEB6, 0xEEB6, 0xEEB6, 0xEED7, 0xEEF8,
    0xEEF8, 0xEF18, 0xEEF9, 0xF73A, 0xF75B, 0x5AEA, 0x0020, 0x0000,
    0x0000, 0x0000, 0x0000, 0x0000, 0x0000, 0x0000, 0x0000, 0x0000,
    0x0000, 0x0000, 0x0000, 0x0000, 0x0000, 0x0000, 0x0000, 0x0000,
    0x0000, 0x0000, 0x0000, 0x0000, 0x0000, 0x0000, 0x0000, 0x0000,
    0x0000, 0x0000, 0x0000, 0x0000, 0x0000, 0x0000, 0x0000, 0x0000,
    0x0020, 0x0000, 0x5ACB, 0xFFBD, 0xE6F9, 0xE6D8, 0xE697, 0xDE77,
    0xD635, 0xD615, 0xD5F4, 0xD5F4, 0xD5F4, 0xD614, 0xD614, 0xD5D3,
    0xD5D3, 0xD5F3, 0xD5F3, 0xD5F3, 0xD614, 0xD5F3, 0xD5F3, 0xD5D3,
    0xD5D2, 0xD5B2, 0xD5F3, 0xCDB2, 0xCD91, 0xCD91, 0xCDB2, 0xC570,
    0xC550, 0xC550, 0xBCEF, 0xB4CE, 0x9C0C, 0x8BAA, 0x7B28, 0x93AA,
    0xA46D, 0xB4EF, 0xB4EF, 0xBD10, 0xBD10, 0xBD10, 0xBD51, 0xBD51,
    0xBD31, 0xBD51, 0xB510, 0xBD31, 0xBD51, 0xBD31, 0xBD51, 0xBD30,
    0xBD51, 0xBD51, 0xBD30, 0xBD51, 0xBD51, 0xBD30, 0xBD10, 0xBD72,
    0xBD10, 0xB50F, 0xBD51, 0xBD51, 0xBD30, 0xBD30, 0xBD31, 0xBD51,
    0xBD51, 0xBD51, 0xBD30, 0xBD30, 0xBD51, 0xC572, 0xBD10, 0xC551,
    0xC571, 0xC571, 0xC571, 0xC551, 0xC591, 0xCDB3, 0xC571, 0xC571,
    0xCDB2, 0xC591, 0xC571, 0xC591, 0xC571, 0xC591, 0xCDB2, 0xC571,
    0xCDB2, 0xCDB2, 0xCDD2, 0xCDB2, 0xCD92, 0xCDB2, 0xD5D3, 0xCDB2,
    0xD5F4, 0xD5D3, 0xCD92, 0xCD92, 0xD5D3, 0xD5D3, 0xCD91, 0xD5F3,
    0xD5F3, 0xD614, 0xD5D3, 0xD5F3, 0xDE34, 0xDE34, 0xDE14, 0xDE14,
    0xDE34, 0xD5F3, 0xDE34, 0xDE55, 0xDE14, 0xD613, 0xD613, 0xE614,
    0xDE14, 0xDE55, 0xDE76, 0xD613, 0xDE34, 0xDE34, 0xDE35, 0xDE55,
    0xE675, 0xDE55, 0xDE55, 0xDE55, 0xE676, 0xDE55, 0xDE34, 0xE696,
    0xE655, 0xDE34, 0xE696, 0xDE34, 0xE675, 0xE696, 0xE696, 0xE675,
    0xDE55, 0xE675, 0xDE55, 0xE675, 0xE696, 0xE675, 0xE696, 0xE6B6,
    0xE696, 0xEEB7, 0xE696, 0xE696, 0xE6B7, 0xE696, 0xDE55, 0xE676,
    0xDE34, 0xD5D3, 0xAC6D, 0x8328, 0x9C0B, 0xB4AE, 0xBCEF, 0xC530,
    0xC52F, 0xC52F, 0xCD91, 0xCD91, 0xCD91, 0xCD70, 0xCD91, 0xD5B2,
    0xD5F3, 0xDE13, 0xDE34, 0xDE54, 0xE696, 0xDE34, 0xE654, 0xE675,
    0xE696, 0xE696, 0xE696, 0xE696, 0xEED7, 0xEED7, 0xEED7, 0xEEF8,
    0xEED7, 0xEF19, 0xEF19, 0xEF1A, 0xFF9B, 0x736C, 0x0020, 0x0000,
    0x0000, 0x0000, 0x0000, 0x0000, 0x0000, 0x0000, 0x0000, 0x0000,
    0x0000, 0x0000, 0x0000, 0x0000, 0x0000, 0x0000, 0x0000, 0x0000,
    0x0000, 0x0000, 0x0000, 0x0000, 0x0000, 0x0000, 0x0000, 0x0000,
    0x0000, 0x0000, 0x0000, 0x0000, 0x0000, 0x0000, 0x0000, 0x0000,
    0x0000, 0x0000, 0x83EF, 0xFFDD, 0xE6D9, 0xE6D8, 0xE697, 0xDE56,
    0xDE56, 0xD635, 0xCDD3, 0xD5F3, 0xD5F4, 0xD613, 0xD5F4, 0xD5D4,
    0xD5F3, 0xD5F3, 0xD614, 0xDE14, 0xD614, 0xD5F2, 0xD5F3, 0xD5F3,
    0xD5D2, 0xD5D2, 0xD5F3, 0xD5D3, 0xCDB2, 0xCD91, 0xCDB1, 0xC571,
    0xC550, 0xC550, 0xBCEF, 0xB4EF, 0x9C0B, 0x8B89, 0x8328, 0x9BCA,
    0xA46D, 0xB4CF, 0xB4EF, 0xBD10, 0xBD10, 0xBD10, 0xBD31, 0xBD30,
    0xBD10, 0xBD30, 0xBCF0, 0xBD31, 0xBD51, 0xBD31, 0xBD30, 0xBD30,
    0xBD51, 0xBD31, 0xBD30, 0xBD51, 0xBD31, 0xBD10, 0xBD31, 0xBD51,
    0xBD11, 0xBD30, 0xBD51, 0xBD30, 0xBD30, 0xBD51, 0xBD31, 0xBD51,
    0xBD30, 0xBD30, 0xBD30, 0xBD51, 0xBD30, 0xBD51, 0xC571, 0xC551,
    0xC571, 0xC592, 0xC571, 0xC551, 0xC592, 0xCDB3, 0xC591, 0xC591,
    0xCDD3, 0xC591, 0xCDB2, 0xC592, 0xC571, 0xC591, 0xCD92, 0xCD92,
    0xCDB2, 0xCDB2, 0xCDB2, 0xCD92, 0xCD92, 0xCDD3, 0xD5B3, 0xCDB2,
    0xD5D3, 0xD5D3, 0xCD91, 0xCD92, 0xD5D3, 0xD5B2, 0xD5D2, 0xD5D3,
    0xD5F2, 0xD614, 0xD5D3, 0xD5F2, 0xDE34, 0xD613, 0xE613, 0xDE13,
    0xDE13, 0xD613, 0xDE13, 0xDE54, 0xDE34, 0xD5F2, 0xD612, 0xDE13,
    0xDE13, 0xDE55, 0xDE96, 0xDE13, 0xDE34, 0xDE55, 0xDE34, 0xDE55,
    0xEE76, 0xDE55, 0xDE35, 0xDE75, 0xE676, 0xE676, 0xDE54, 0xE675,
    0xE676, 0xE655, 0xE675, 0xE655, 0xE675, 0xE696, 0xE676, 0xE6B6,
    0xE676, 0xE676, 0xE676, 0xE675, 0xE696, 0xE696, 0xE675, 0xE6B6,
    0xE675, 0xEEB7, 0xE6B7, 0xE696, 0xE6B7, 0xE696, 0xE675, 0xE676,
    0xDE35, 0xD5F3, 0xB4CE, 0x8328, 0x93CA, 0xB4AD, 0xBCEF, 0xC50F,
    0xC52F, 0xC530, 0xCD71, 0xCD91, 0xCD91, 0xCD90, 0xD591, 0xCDB1,
    0xD5D2, 0xDE13, 0xDE34, 0xDE54, 0xE676, 0xE676, 0xE655, 0xE675,
    0xE675, 0xE696, 0xE696, 0xEEB6, 0xEEB7, 0xEED7, 0xEED7, 0xEEF8,
    0xEED8, 0xEF19, 0xEF19, 0xEF1A, 0xFFBC, 0x83CE, 0x10A2, 0x0020,
    0x0000, 0x0000, 0x0000, 0x0000, 0x0000, 0x0000, 0x0000, 0x0000,
    0x0000, 0x0000, 0x0000, 0x0000, 0x0000, 0x0000, 0x0000, 0x0000,
    0x0000, 0x0000, 0x0000, 0x0000, 0x0000, 0x0000, 0x0000, 0x0000,
    0x0000, 0x0000, 0x0000, 0x0000, 0x0000, 0x0000, 0x0000, 0x0000,
    0x0000, 0x0000, 0x9471, 0xFFBC, 0xE6D9, 0xE6D8, 0xDE77, 0xDE56,
    0xDE56, 0xD614, 0xCDD3, 0xD5F3, 0xD5F4, 0xD5F3, 0xD615, 0xD614,
    0xD5F3, 0xD5F3, 0xD614, 0xDE35, 0xD614, 0xD5D2, 0xD5F3, 0xD5F3,
    0xD5D2, 0xD5F2, 0xD5F3, 0xD5F3, 0xCDB2, 0xCD91, 0xCD91, 0xC571,
    0xC550, 0xC530, 0xBCEF, 0xB4CE, 0xA42B, 0x8B68, 0x8308, 0x9BEB,
    0xA46D, 0xB4CF, 0xB4EF, 0xBCF0, 0xBCF0, 0xBD10, 0xBD31, 0xBD10,
    0xBD10, 0xBD30, 0xBD30, 0xBD31, 0xBD51, 0xBD30, 0xBD10, 0xBD31,
    0xBD51, 0xBD11, 0xBD30, 0xBD51, 0xBD10, 0xBD10, 0xBD31, 0xBD31,
    0xBD31, 0xBD71, 0xBD11, 0xBD10, 0xBD30, 0xC551, 0xBD51, 0xBD51,
    0xBD30, 0xBD30, 0xBD30, 0xBD71, 0xC530, 0xC551, 0xC551, 0xBD51,
    0xC551, 0xC592, 0xC571, 0xC591, 0xC572, 0xC592, 0xC591, 0xC550,
    0xCDD3, 0xC571, 0xCDB2, 0xC592, 0xCD91, 0xC570, 0xCD92, 0xCDB2,
    0xCDB2, 0xCDD2, 0xCDB3, 0xCD92, 0xCDB2, 0xCDD3, 0xCD91, 0xCDD2,
    0xCDD3, 0xCDB2, 0xCDB1, 0xD5D3, 0xCDD2, 0xCDB2, 0xD5F3, 0xD5D3,
    0xCDB2, 0xD614, 0xD5D3, 0xD5D2, 0xDE34, 0xD613, 0xDE13, 0xDE13,
    0xDE13, 0xDE13, 0xD5F3, 0xDE34, 0xDE34, 0xD5D2, 0xD5F2, 0xD613,
    0xDE13, 0xDE13, 0xDE55, 0xE635, 0xDE34, 0xE676, 0xDE34, 0xDE34,
    0xE676, 0xDE55, 0xDE34, 0xDE55, 0xDE76, 0xEE96, 0xE675, 0xE655,
    0xE696, 0xEE55, 0xE655, 0xE655, 0xE675, 0xE696, 0xE676, 0xE6B6,
    0xE696, 0xE676, 0xE696, 0xE675, 0xE696, 0xE696, 0xE675, 0xE696,
    0xE675, 0xE696, 0xE6B7, 0xE696, 0xE695, 0xE696, 0xE676, 0xE676,
    0xDE35, 0xD5F3, 0xB510, 0x8348, 0x93CA, 0xB4AD, 0xBCEF, 0xBCCE,
    0xC52F, 0xC530, 0xCD71, 0xCD70, 0xCD91, 0xCD91, 0xD5D3, 0xCDD2,
    0xD5D2, 0xDE13, 0xDE34, 0xDE34, 0xE655, 0xE696, 0xE655, 0xE675,
    0xE675, 0xE696, 0xEEB6, 0xEEB6, 0xEE96, 0xEEB7, 0xEED7, 0xEEF8,
    0xEED8, 0xEEF8, 0xEF19, 0xEF19, 0xFFBC, 0x942F, 0x1082, 0x0040,
    0x0000, 0x0000, 0x0000, 0x0000, 0x0000, 0x0000, 0x0000, 0x0000,
    0x0000, 0x0000, 0x0000, 0x0000, 0x0000, 0x0000, 0x0000, 0x0000,
    0x0000, 0x0000, 0x0000, 0x0000, 0x0000, 0x0000, 0x0000, 0x0000,
    0x0000, 0x0000, 0x0000, 0x0000, 0x0000, 0x0000, 0x0000, 0x0000,
    0x0020, 0x0020, 0xA4F3, 0xFF9C, 0xE6D8, 0xE6B8, 0xDE56, 0xDE77,
    0xD635, 0xD5F4, 0xD5F4, 0xD5F4, 0xD5D3, 0xD5D3, 0xD635, 0xD634,
    0xD5F3, 0xD5F3, 0xD614, 0xD614, 0xD614, 0xCDB2, 0xD5F3, 0xD5D3,
    0xD5D2, 0xD5F3, 0xD5F3, 0xD5F3, 0xCDB2, 0xCD91, 0xCD71, 0xC571,
    0xC530, 0xBD0F, 0xBCEF, 0xACAD, 0xA44C, 0x8328, 0x7B08, 0x9C0C,
    0xAC8E, 0xB4CF, 0xB4EF, 0xB4F0, 0xB4F0, 0xBD10, 0xBD31, 0xBD30,
    0xB510, 0xBD30, 0xBD51, 0xBD51, 0xBD51, 0xBD30, 0xBD31, 0xBD31,
    0xBD30, 0xB510, 0xBD30, 0xBD30, 0xB510, 0xB510, 0xB510, 0xBD31,
    0xBD51, 0xBD51, 0xBD10, 0xBD30, 0xBD51, 0xC551, 0xBD51, 0xBD51,
    0xBD30, 0xBD30, 0xBD30, 0xBD51, 0xC551, 0xC551, 0xBD10, 0xBD30,
    0xBD30, 0xC572, 0xC592, 0xC592, 0xC551, 0xC571, 0xC591, 0xBD30,
    0xCD92, 0xC571, 0xCD92, 0xC571, 0xCD92, 0xC550, 0xCD92, 0xCDB2,
    0xCDB2, 0xCDD3, 0xCDD3, 0xCD92, 0xCDD3, 0xCDD3, 0xCD91, 0xCDD2,
    0xCDD3, 0xCDB2, 0xCDB2, 0xD5F3, 0xCDB2, 0xCDB2, 0xD5D3, 0xD5F3,
    0xCDB2, 0xD5F3, 0xD5F3, 0xD5D2, 0xD614, 0xDE34, 0xD614, 0xD613,
    0xDE14, 0xDE14, 0xD614, 0xDE14, 0xDE34, 0xD5F3, 0xD5F3, 0xD613,
    0xD5F3, 0xD5F3, 0xDE14, 0xDE55, 0xDE14, 0xE676, 0xDE34, 0xDE14,
    0xDE55, 0xDE75, 0xDE13, 0xDE14, 0xDE55, 0xE675, 0xE676, 0xE655,
    0xE696, 0xE655, 0xE675, 0xE655, 0xE655, 0xE696, 0xE696, 0xE675,
    0xE696, 0xE696, 0xE696, 0xE676, 0xE676, 0xE696, 0xE676, 0xE675,
    0xE696, 0xE696, 0xE6B7, 0xE696, 0xE675, 0xE696, 0xE676, 0xE675,
    0xDE35, 0xD5F3, 0xBD30, 0x8B69, 0x93AA, 0xAC8D, 0xBCEE, 0xBCCE,
    0xBD2F, 0xC530, 0xCD91, 0xC550, 0xCDB2, 0xCD91, 0xD5F3, 0xD5D3,
    0xD5D2, 0xD5F2, 0xDE13, 0xDE13, 0xE654, 0xE675, 0xE655, 0xE675,
    0xE696, 0xE675, 0xEEB6, 0xE696, 0xEEB6, 0xEEB7, 0xEEB7, 0xEED7,
    0xEED8, 0xEED8, 0xEEF9, 0xEEF9, 0xFF9B, 0xACF1, 0x0000, 0x0000,
    0x0000, 0x0000, 0x0000, 0x0000, 0x0000, 0x0000, 0x0000, 0x0000,
    0x0000, 0x0000, 0x0000, 0x0000, 0x0000, 0x0000, 0x0000, 0x0000,
    0x0000, 0x0000, 0x0000, 0x0000, 0x0000, 0x0000, 0x0000, 0x0000,
    0x0000, 0x0000, 0x0000, 0x0000, 0x0000, 0x0000, 0x0000, 0x0000,
    0x0000, 0x0881, 0xC5F7, 0xF77C, 0xE6D8, 0xDEB8, 0xDE76, 0xDE56,
    0xD614, 0xD636, 0xD614, 0xD614, 0xD5F3, 0xCDD3, 0xD5F3, 0xCDD2,
    0xCDB2, 0xD5F3, 0xD614, 0xD5F3, 0xD5F3, 0xD5D3, 0xD5F3, 0xCDD2,
    0xD5D3, 0xD5F3, 0xD5D2, 0xD5F3, 0xCDB1, 0xCD91, 0xC571, 0xC571,
    0xC530, 0xB4CE, 0xB4EF, 0xAC6D, 0x9C0B, 0x8328, 0x8349, 0x9C2C,
    0xACAE, 0xACAE, 0xB4EF, 0xBD10, 0xBD10, 0xBD10, 0xBD30, 0xBD10,
    0xBD10, 0xBD31, 0xBD31, 0xBD51, 0xBD51, 0xBD31, 0xBD51, 0xBD31,
    0xB510, 0xB510, 0xBD31, 0xB510, 0xBD31, 0xB4EF, 0xB510, 0xBD51,
    0xBD51, 0xBD31, 0xBD51, 0xBD31, 0xBD51, 0xBD51, 0xBD51, 0xBD71,
    0xC551, 0xBD51, 0xBD30, 0xBD0F, 0xBD30, 0xBD51, 0xB4EF, 0xBD30,
    0xBD30, 0xC592, 0xC592, 0xC572, 0xC550, 0xC571, 0xC571, 0xC592,
    0xC571, 0xC571, 0xC592, 0xCDB2, 0xCD92, 0xC571, 0xC591, 0xCDB2,
    0xCD92, 0xCDD3, 0xCD92, 0xC550, 0xCDB2, 0xD5D3, 0xCDB2, 0xCDB2,
    0xCDD3, 0xCDD3, 0xC571, 0xCD91, 0xCDD3, 0xCDB2, 0xCDB2, 0xD5F3,
    0xD5F4, 0xCDB2, 0xD5F4, 0xDE34, 0xD5F3, 0xDE34, 0xD613, 0xD5F3,
    0xD5F3, 0xD614, 0xD614, 0xDE14, 0xD5F3, 0xD5F3, 0xD614, 0xDE14,
    0xD5F3, 0xDE14, 0xD5F3, 0xD613, 0xD614, 0xDE34, 0xDE14, 0xDE34,
    0xDE34, 0xDE75, 0xDE14, 0xDE14, 0xDE55, 0xDE34, 0xDE55, 0xDE55,
    0xE675, 0xDE55, 0xDE55, 0xE675, 0xE675, 0xE676, 0xE675, 0xE675,
    0xE696, 0xE696, 0xE696, 0xE696, 0xE675, 0xE696, 0xE696, 0xE675,
    0xE696, 0xE676, 0xE696, 0xE676, 0xE676, 0xE676, 0xE675, 0xE675,
    0xDE34, 0xD5D3, 0xC550, 0x9BCB, 0x8B69, 0xA42B, 0xB4AE, 0xBCEE,
    0xBD0F, 0xC530, 0xCD91, 0xCD71, 0xCDB2, 0xCD91, 0xD5F3, 0xD5D3,
    0xD5B1, 0xD5F3, 0xDE13, 0xD5D2, 0xDE13, 0xE655, 0xE675, 0xE675,
    0xE696, 0xE675, 0xE675, 0xEEB6, 0xE6B6, 0xEEB7, 0xEED7, 0xEED7,
    0xEEF8, 0xEEF8, 0xEEF8, 0xEEF9, 0xFF7B, 0xC5F6, 0x0861, 0x0000,
    0x0000, 0x0000, 0x0000, 0x0000, 0x0000, 0x0000, 0x0000, 0x0000,
    0x0000, 0x0000, 0x0000, 0x0000, 0x0000, 0x0000, 0x0000, 0x0000,
    0x0000, 0x0000, 0x0000, 0x0000, 0x0000, 0x0000, 0x0000, 0x0000,
    0x0000, 0x0000, 0x0000, 0x0000, 0x0000, 0x0000, 0x0000, 0x0000,
    0x0000, 0x18C2, 0xCE58, 0xF75C, 0xE6B8, 0xE6B8, 0xDE77, 0xDE36,
    0xD635, 0xD636, 0xD614, 0xD614, 0xD5F3, 0xCDD3, 0xD5D2, 0xCDB2,
    0xCDD3, 0xD5F3, 0xD614, 0xD5F3, 0xD5D3, 0xD5F3, 0xD5F3, 0xD5D2,
    0xD5F3, 0xD5D2, 0xCDB2, 0xD5D2, 0xCDB2, 0xCDB2, 0xC570, 0xC550,
    0xC550, 0xB4CE, 0xB4CE, 0xAC6D, 0x93CA, 0x7AE6, 0x8369, 0x9C2C,
    0xAC8E, 0xAC8E, 0xB4EF, 0xBD10, 0xBD30, 0xB510, 0xBD10, 0xBD11,
    0xBD11, 0xBD51, 0xBD10, 0xBD51, 0xBD51, 0xBD31, 0xBD51, 0xB510,
    0xBD30, 0xB530, 0xB510, 0xB531, 0xBD31, 0xB4EF, 0xB510, 0xBD51,
    0xBD51, 0xBD51, 0xBD72, 0xBD30, 0xBD30, 0xBD31, 0xBD51, 0xBD50,
    0xC551, 0xBD30, 0xBD30, 0xBD30, 0xBD10, 0xC551, 0xBCF0, 0xBD10,
    0xBD51, 0xC592, 0xC551, 0xC571, 0xC571, 0xC570, 0xC571, 0xCDB2,
    0xC571, 0xC551, 0xC571, 0xCDB2, 0xCD92, 0xC571, 0xC571, 0xCDB2,
    0xC571, 0xCDB2, 0xCD92, 0xCD50, 0xC591, 0xD5D3, 0xCDB2, 0xCDD3,
    0xCDB2, 0xD5F3, 0xCD91, 0xCD91, 0xCDB3, 0xCDB2, 0xCDD2, 0xD614,
    0xD614, 0xCDB2, 0xD614, 0xDE34, 0xD5F3, 0xDE34, 0xD614, 0xDE14,
    0xD5F3, 0xD5F3, 0xDE14, 0xD614, 0xD613, 0xD5F3, 0xD5F3, 0xDE14,
    0xDE34, 0xDE34, 0xDE14, 0xDE34, 0xDE14, 0xDE14, 0xDE35, 0xDE34,
    0xDE34, 0xDE34, 0xDE55, 0xDE34, 0xDE55, 0xDE34, 0xDE34, 0xDE55,
    0xE675, 0xE655, 0xE655, 0xE675, 0xE675, 0xE655, 0xE675, 0xE655,
    0xE696, 0xE676, 0xE676, 0xE696, 0xE655, 0xE696, 0xE696, 0xE676,
    0xE676, 0xE675, 0xE696, 0xE676, 0xE676, 0xE676, 0xE675, 0xE675,
    0xDE14, 0xD5D3, 0xC571, 0xA40C, 0x8328, 0xA40A, 0xAC8D, 0xBCEE,
    0xC510, 0xC530, 0xCD70, 0xCD70, 0xCDB2, 0xCDB2, 0xD5D3, 0xD5D2,
    0xD5B1, 0xD5F3, 0xDE34, 0xDDD2, 0xDDF2, 0xE654, 0xE696, 0xE675,
    0xE696, 0xE696, 0xE675, 0xEEB6, 0xEEB7, 0xEE96, 0xEED7, 0xEED7,
    0xEEF8, 0xEEF8, 0xEEF8, 0xEEF9, 0xFF5B, 0xC616, 0x18E3, 0x0000,
    0x0000, 0x0000, 0x0000, 0x0000, 0x0000, 0x0000, 0x0000, 0x0000,
    0x0000, 0x0000, 0x0000, 0x0000, 0x0000, 0x0000, 0x0000, 0x0000,
    0x0000, 0x0000, 0x0000, 0x0000, 0x0000, 0x0000, 0x0000, 0x0000,
    0x0000, 0x0000, 0x0000, 0x0000, 0x0000, 0x0000, 0x0000, 0x0000,
    0x0000, 0x2103, 0xD699, 0xF75B, 0xE6B8, 0xE698, 0xDE77, 0xD636,
    0xD656, 0xD5F4, 0xD5F4, 0xD614, 0xCDD3, 0xD5F3, 0xCDB2, 0xCDB2,
    0xD5D3, 0xD5F3, 0xD614, 0xD5F3, 0xD5D3, 0xD5F3, 0xD5D3, 0xD5B2,
    0xD5F3, 0xD5D2, 0xCDD2, 0xCDB2, 0xCDB2, 0xCDB2, 0xC570, 0xC550,
    0xC550, 0xB4CE, 0xB4AE, 0xAC6D, 0x938A, 0x72A6, 0x8369, 0x9C4C,
    0xAC8D, 0xAC8E, 0xBCEF, 0xBD10, 0xBD30, 0xB510, 0xBD10, 0xBD51,
    0xBD31, 0xBD51, 0xBD10, 0xBD51, 0xBD50, 0xBD31, 0xBD51, 0xB4F0,
    0xBD30, 0xB530, 0xB510, 0xB531, 0xBD11, 0xB4EF, 0xB4EF, 0xBD51,
    0xBD51, 0xBD51, 0xBD52, 0xBD30, 0xBD10, 0xBD30, 0xBD51, 0xBD30,
    0xBD50, 0xBD10, 0xBD30, 0xBD51, 0xC551, 0xC551, 0xBD10, 0xBD10,
    0xBD51, 0xC572, 0xBD30, 0xC571, 0xC571, 0xC52F, 0xC571, 0xCD92,
    0xC571, 0xC551, 0xC571, 0xCDB2, 0xCD92, 0xCD91, 0xC571, 0xCD92,
    0xC591, 0xCDB2, 0xCDD3, 0xCD91, 0xC591, 0xCDB2, 0xCDB2, 0xCDD3,
    0xCDB2, 0xD5F4, 0xD5D3, 0xCDB2, 0xCD71, 0xCDB2, 0xD5D3, 0xD614,
    0xD614, 0xD5D2, 0xD5F3, 0xD614, 0xD5F3, 0xD5F4, 0xDE34, 0xDE14,
    0xD5F3, 0xD5F3, 0xDE14, 0xDE35, 0xDE13, 0xD5F3, 0xDE13, 0xD614,
    0xE655, 0xDE54, 0xDE34, 0xDE34, 0xDE14, 0xDE14, 0xDE55, 0xDE34,
    0xDE34, 0xDE14, 0xDE75, 0xDE35, 0xDE55, 0xDE54, 0xDE34, 0xDE55,
    0xDE55, 0xE655, 0xEE76, 0xE675, 0xE675, 0xE655, 0xE675, 0xE655,
    0xE655, 0xE676, 0xE696, 0xE696, 0xE655, 0xE696, 0xE676, 0xE676,
    0xE676, 0xE675, 0xE696, 0xE676, 0xE676, 0xE676, 0xE675, 0xDE55,
    0xDE14, 0xD5F3, 0xCD71, 0xA44C, 0x8327, 0x93C9, 0xAC6D, 0xBCEE,
    0xC530, 0xC530, 0xC550, 0xC570, 0xCD92, 0xCDB2, 0xD591, 0xCD91,
    0xCDB1, 0xD5F3, 0xDE34, 0xDE13, 0xD5D1, 0xE654, 0xE696, 0xE675,
    0xE696, 0xE6B6, 0xE695, 0xE6B6, 0xEEB7, 0xEE96, 0xEED7, 0xEED7,
    0xEED7, 0xEEF8, 0xEEF8, 0xEEF8, 0xF75A, 0xCE16, 0x18E3, 0x0000,
    0x0000, 0x0000, 0x0000, 0x0000, 0x0000, 0x0000, 0x0000, 0x0000,
    0x0000, 0x0000, 0x0000, 0x0000, 0x0000, 0x0000, 0x0000, 0x0000,
    0x0000, 0x0000, 0x0000, 0x0000, 0x0000, 0x0000, 0x0000, 0x0000,
    0x0000, 0x0000, 0x0000, 0x0000, 0x0000, 0x0000, 0x0000, 0x0000,
    0x0020, 0x3165, 0xEF1A, 0xEF3A, 0xE6B8, 0xDE77, 0xDE76, 0xD635,
    0xD635, 0xCDB2, 0xD5F4, 0xCDF4, 0xCDD3, 0xD5F4, 0xCDB2, 0xCDB2,
    0xD5D3, 0xD5F3, 0xD5D3, 0xD5F3, 0xD5D3, 0xD5D3, 0xCDB2, 0xCD91,
    0xD5D3, 0xD5D3, 0xD5F3, 0xCDB2, 0xCDB2, 0xCD91, 0xC571, 0xC550,
    0xC551, 0xB4CE, 0xB4AE, 0xA46D, 0x8B8A, 0x72C7, 0x8B8A, 0xA46D,
    0xAC8D, 0xB4AE, 0xBD10, 0xBD10, 0xBD10, 0xB510, 0xBD31, 0xBD51,
    0xBD51, 0xBD51, 0xBD31, 0xBD31, 0xBD30, 0xBD51, 0xBD30, 0xB4F0,
    0xB510, 0xBD30, 0xB510, 0xB510, 0xB510, 0xB4F0, 0xB4EF, 0xBD51,
    0xBD31, 0xBD51, 0xBD31, 0xBD30, 0xBD10, 0xBD30, 0xBD30, 0xBD30,
    0xBD30, 0xBD30, 0xBD30, 0xBD31, 0xC571, 0xBD31, 0xBD30, 0xBD30,
    0xBD51, 0xBD51, 0xBD50, 0xBD51, 0xC571, 0xBD0F, 0xC592, 0xC571,
    0xC571, 0xC571, 0xC592, 0xC592, 0xC592, 0xCDB2, 0xC571, 0xC571,
    0xCDB2, 0xCDD3, 0xCDD3, 0xCD91, 0xCDB2, 0xCD91, 0xCDB2, 0xCDB2,
    0xCDB2, 0xD5F4, 0xD5D3, 0xCDB2, 0xC550, 0xCD91, 0xD5D3, 0xD614,
    0xD5F3, 0xD5D2, 0xCDB2, 0xD614, 0xD5D3, 0xD5D3, 0xDE34, 0xD614,
    0xD5F3, 0xD5F3, 0xD614, 0xDE55, 0xDE14, 0xD5F3, 0xDE34, 0xD5F3,
    0xDE14, 0xDE55, 0xDE34, 0xDE14, 0xDE34, 0xDE14, 0xDE55, 0xDE34,
    0xDE34, 0xDE14, 0xDE34, 0xDE35, 0xDE34, 0xDE75, 0xDE55, 0xDE55,
    0xDE34, 0xDE34, 0xE676, 0xDE55, 0xDE55, 0xE655, 0xE675, 0xE675,
    0xDE34, 0xE675, 0xE696, 0xE696, 0xE675, 0xE675, 0xDE55, 0xE675,
    0xE696, 0xE676, 0xE676, 0xE676, 0xE655, 0xE675, 0xE675, 0xDE34,
    0xDE34, 0xD613, 0xCD91, 0xACAD, 0x8348, 0x8B89, 0xAC6D, 0xBCEF,
    0xBD0F, 0xC530, 0xC550, 0xC550, 0xC571, 0xCDB2, 0xCD91, 0xCD91,
    0xCD91, 0xD5D2, 0xDE34, 0xDE34, 0xD5F2, 0xDE34, 0xE675, 0xE655,
    0xE675, 0xE6B6, 0xE696, 0xE696, 0xEEB7, 0xEEB6, 0xEEB6, 0xEED7,
    0xEED7, 0xEED7, 0xEEF8, 0xEEF8, 0xF73A, 0xD677, 0x18E3, 0x0000,
    0x0000, 0x0000, 0x0000, 0x0000, 0x0000, 0x0000, 0x0000, 0x0000,
    0x0000, 0x0000, 0x0000, 0x0000, 0x0000, 0x0000, 0x0000, 0x0000,
    0x0000, 0x0000, 0x0000, 0x0000, 0x0000, 0x0000, 0x0000, 0x0000,
    0x0000, 0x0000, 0x0000, 0x0000, 0x0000, 0x0000, 0x0000, 0x0020,
    0x0000, 0x4207, 0xEF3B, 0xEF1A, 0xDE97, 0xDEB8, 0xD656, 0xD615,
    0xD5F4, 0xCDB3, 0xD5F4, 0xCDD3, 0xCDB3, 0xCDD3, 0xCDD3, 0xCD91,
    0xD5D3, 0xD5F3, 0xCDB2, 0xCDB1, 0xCDB2, 0xCDD2, 0xCDD2, 0xCD91,
    0xCDB2, 0xD5F4, 0xD5D3, 0xCDB2, 0xCDB2, 0xC571, 0xC571, 0xC530,
    0xC530, 0xB4AE, 0xAC8D, 0xA46C, 0x8348, 0x7AE7, 0x93EB, 0xA44C,
    0xAC8E, 0xB4CF, 0xB4F0, 0xBD30, 0xB510, 0xB510, 0xBD51, 0xBD31,
    0xC572, 0xBD31, 0xBD30, 0xBD10, 0xBD31, 0xBD31, 0xB510, 0xB530,
    0xB510, 0xBD30, 0xB4EF, 0xB4CF, 0xB510, 0xB4EF, 0xB510, 0xBD51,
    0xB4EF, 0xBD30, 0xBD30, 0xB4F0, 0xBD30, 0xBD51, 0xBD30, 0xBD30,
    0xBD31, 0xBD10, 0xBD30, 0xBD51, 0xBD31, 0xBD30, 0xBD30, 0xBD10,
    0xBD30, 0xC572, 0xBD51, 0xC571, 0xC571, 0xBD30, 0xC592, 0xCDB2,
    0xC550, 0xC571, 0xC592, 0xCD92, 0xC550, 0xC571, 0xC571, 0xC591,
    0xCD92, 0xCDB2, 0xCDB2, 0xC571, 0xCDB2, 0xCD91, 0xCDB2, 0xCD91,
    0xCD92, 0xCDB2, 0xCDB2, 0xCDB2, 0xCDB2, 0xCD91, 0xCDB2, 0xD614,
    0xD5D3, 0xCD91, 0xCDB2, 0xD614, 0xD5D3, 0xCDB2, 0xD5F3, 0xDE34,
    0xD5F3, 0xD5F3, 0xD5F3, 0xD614, 0xD614, 0xD5F3, 0xDE35, 0xD614,
    0xD614, 0xDE14, 0xDE14, 0xDE14, 0xDE35, 0xD613, 0xDE34, 0xDE55,
    0xDE34, 0xDE34, 0xDE14, 0xDE14, 0xDE14, 0xDE75, 0xDE75, 0xE696,
    0xDE75, 0xDE55, 0xDE55, 0xE655, 0xE655, 0xE655, 0xE675, 0xE675,
    0xDE55, 0xDE55, 0xDE55, 0xE696, 0xE675, 0xE676, 0xE676, 0xDE75,
    0xE696, 0xE696, 0xE675, 0xE655, 0xE675, 0xE655, 0xE675, 0xDE14,
    0xDE14, 0xD614, 0xCDB2, 0xB4CE, 0x8B69, 0x9389, 0xAC8D, 0xB4CE,
    0xBCCE, 0xBD0F, 0xC530, 0xC550, 0xCD71, 0xCD71, 0xCDB2, 0xCDD2,
    0xCD91, 0xD5D2, 0xDE13, 0xDE13, 0xDDF3, 0xE675, 0xE655, 0xE675,
    0xE675, 0xE675, 0xE676, 0xE696, 0xEEB7, 0xEEB7, 0xE696, 0xEEB7,
    0xEEB7, 0xEED7, 0xEED8, 0xEED8, 0xEF19, 0xDEB8, 0x31A5, 0x0000,
    0x0000, 0x0000, 0x0000, 0x0000, 0x0000, 0x0000, 0x0000, 0x0000,
    0x0000, 0x0000, 0x0000, 0x0000, 0x0000, 0x0000, 0x0000, 0x0000,
    0x0000, 0x0000, 0x0000, 0x0000, 0x0000, 0x0000, 0x0000, 0x0000,
    0x0000, 0x0000, 0x0000, 0x0000, 0x0000, 0x0000, 0x0000, 0x0020,
    0x0000, 0x4228, 0xF75C, 0xEEFA, 0xDEB8, 0xDED8, 0xD635, 0xD615,
    0xD5F3, 0xCDD3, 0xD5F4, 0xCDB2, 0xCDD3, 0xCDB2, 0xCDD3, 0xD5B2,
    0xD5F4, 0xD5D3, 0xD5D3, 0xD5D2, 0xCD91, 0xD5D3, 0xCDD2, 0xCDB2,
    0xCDB2, 0xD5F4, 0xD5D2, 0xCDB2, 0xCD91, 0xCD71, 0xC571, 0xC530,
    0xC50F, 0xB4CF, 0xAC8D, 0xA44C, 0x7B07, 0x7B07, 0x93EB, 0xA44C,
    0xAC8E, 0xB4CF, 0xBCF0, 0xBD10, 0xBD10, 0xB510, 0xB510, 0xBD51,
    0xC552, 0xB510, 0xB510, 0xBD10, 0xBD31, 0xBD31, 0xB510, 0xB510,
    0xB510, 0xB530, 0xB4EF, 0xB4CF, 0xB4F0, 0xB50F, 0xBD30, 0xBD30,
    0xB4EF, 0xBD10, 0xB4F0, 0xBCF0, 0xBD10, 0xBD31, 0xBD31, 0xBD30,
    0xBD30, 0xBCF0, 0xBD30, 0xBD51, 0xBD10, 0xBD30, 0xBD30, 0xBD10,
    0xBD31, 0xC571, 0xC571, 0xC591, 0xC571, 0xC551, 0xC591, 0xCDB2,
    0xBD30, 0xC591, 0xCDB2, 0xCD92, 0xC550, 0xC571, 0xC571, 0xCDB1,
    0xC571, 0xCD92, 0xCD92, 0xC550, 0xCD71, 0xC571, 0xCDB2, 0xCD92,
    0xCDD3, 0xCDD3, 0xCDB2, 0xCD91, 0xCDD2, 0xCDB2, 0xD5D3, 0xD5F4,
    0xD5F4, 0xD5B2, 0xD5D3, 0xD613, 0xD5F3, 0xD5D2, 0xD5D3, 0xE634,
    0xD614, 0xD5F3, 0xD614, 0xD614, 0xDE34, 0xD5F3, 0xDE35, 0xD614,
    0xD613, 0xD5F3, 0xDDF3, 0xDE14, 0xDE34, 0xD613, 0xDE34, 0xDE55,
    0xD634, 0xDE75, 0xDE35, 0xDE14, 0xD614, 0xDE55, 0xDE55, 0xEE96,
    0xE696, 0xE676, 0xDE55, 0xE634, 0xE675, 0xE676, 0xE676, 0xE675,
    0xDE75, 0xE676, 0xDE55, 0xE675, 0xE675, 0xE676, 0xE696, 0xE675,
    0xE676, 0xE696, 0xE675, 0xE655, 0xE675, 0xE676, 0xE655, 0xDE35,
    0xDE14, 0xD5F4, 0xCDD2, 0xBCCF, 0x8B69, 0x93AA, 0xAC8D, 0xB4CE,
    0xBCCE, 0xBD0F, 0xC530, 0xC571, 0xCD71, 0xC571, 0xCDB1, 0xCDD2,
    0xD5D2, 0xD5F3, 0xDE13, 0xDE12, 0xDDF3, 0xE654, 0xE675, 0xE675,
    0xE675, 0xE654, 0xE655, 0xE675, 0xEEB7, 0xEEB7, 0xE696, 0xEE96,
    0xEEB7, 0xEED8, 0xEED8, 0xEED8, 0xEF19, 0xDEB9, 0x39A6, 0x0000,
    0x0000, 0x0000, 0x0000, 0x0000, 0x0000, 0x0000, 0x0000, 0x0000,
    0x0000, 0x0000, 0x0000, 0x0000, 0x0000, 0x0000, 0x0000, 0x0000,
    0x0000, 0x0000, 0x0000, 0x0000, 0x0000, 0x0000, 0x0000, 0x0000,
    0x0000, 0x0000, 0x0000, 0x0000, 0x0000, 0x0000, 0x0000, 0x0020,
    0x0000, 0x5ACB, 0xF77C, 0xE6D9, 0xE6D9, 0xDE98, 0xD635, 0xD615,
    0xCDB3, 0xCDD3, 0xCDF4, 0xCD92, 0xCDD3, 0xCD92, 0xCDB3, 0xD5D3,
    0xD5F4, 0xCDD3, 0xD5D3, 0xD5D3, 0xCD91, 0xD5D3, 0xCDB2, 0xD5D3,
    0xCDB2, 0xD5F3, 0xD5D2, 0xCDB2, 0xCD91, 0xCD91, 0xC571, 0xC550,
    0xBD0F, 0xB4EF, 0xAC8D, 0xA42C, 0x7B08, 0x7B08, 0x93EB, 0xA44D,
    0xAC8E, 0xB4CF, 0xBD10, 0xBD10, 0xBD10, 0xB510, 0xB510, 0xBD51,
    0xBD30, 0xB530, 0xB510, 0xBD10, 0xBD31, 0xBD31, 0xBD10, 0xB510,
    0xB4F0, 0xB530, 0xB4EF, 0xB4F0, 0xB4F0, 0xB510, 0xBD10, 0xBD30,
    0xB510, 0xBD10, 0xB4F0, 0xBD10, 0xBD10, 0xBD31, 0xBD31, 0xBD10,
    0xBD30, 0xBD30, 0xBD30, 0xBD31, 0xBD10, 0xBD31, 0xBD30, 0xBD30,
    0xBD31, 0xBD51, 0xC591, 0xC550, 0xC571, 0xC571, 0xC571, 0xC592,
    0xBD30, 0xC551, 0xCD92, 0xC592, 0xC592, 0xC592, 0xC571, 0xCD71,
    0xCD71, 0xCD93, 0xCD92, 0xC550, 0xC54F, 0xC591, 0xCD92, 0xCDB2,
    0xCDD3, 0xCDD3, 0xCDB2, 0xC571, 0xCDD2, 0xCDB2, 0xD5F3, 0xD5B3,
    0xD614, 0xD5F4, 0xD5D3, 0xD5F3, 0xD5F3, 0xD614, 0xD5D3, 0xDE14,
    0xD614, 0xD5F3, 0xD614, 0xDE34, 0xE634, 0xD5D3, 0xDE14, 0xD614,
    0xD613, 0xD614, 0xD5F3, 0xDE14, 0xDE34, 0xDE13, 0xDE34, 0xDE35,
    0xD614, 0xDE76, 0xDE55, 0xDE35, 0xD634, 0xDE55, 0xDE35, 0xE676,
    0xEE96, 0xE676, 0xE656, 0xE654, 0xDE75, 0xE696, 0xE676, 0xE675,
    0xE675, 0xE676, 0xE676, 0xE655, 0xE675, 0xE676, 0xE696, 0xE675,
    0xE676, 0xE696, 0xE675, 0xE675, 0xDE55, 0xE676, 0xE655, 0xDE55,
    0xD614, 0xD5F3, 0xCDD2, 0xBD0F, 0x8BA9, 0x93AA, 0xAC6C, 0xB4CE,
    0xBCCE, 0xBD2F, 0xC52F, 0xC551, 0xC571, 0xCD91, 0xCD91, 0xCD91,
    0xD5F3, 0xD5F3, 0xD613, 0xD5D2, 0xD5F3, 0xDE34, 0xE675, 0xE675,
    0xE655, 0xE654, 0xE655, 0xE675, 0xE695, 0xE6B7, 0xE6B7, 0xE696,
    0xEEB7, 0xEED8, 0xEED8, 0xEED8, 0xEF19, 0xE6D9, 0x39A6, 0x0000,
    0x0000, 0x0000, 0x0000, 0x0000, 0x0000, 0x0000, 0x0000, 0x0000,
    0x0000, 0x0000, 0x0000, 0x0000, 0x0000, 0x0000, 0x0000, 0x0000,
    0x0000, 0x0000, 0x0000, 0x0000, 0x0000, 0x0000, 0x0000, 0x0000,
    0x0000, 0x0000, 0x0000, 0x0000, 0x0000, 0x0000, 0x0000, 0x0020,
    0x0020, 0x738D, 0xF77C, 0xE6B8, 0xE6D9, 0xDE77, 0xD656, 0xD615,
    0xC592, 0xCDB3, 0xCDD3, 0xCDB3, 0xCDB3, 0xCDB2, 0xCD92, 0xCDB2,
    0xD5F3, 0xCDD3, 0xCDB2, 0xCDB2, 0xCDB2, 0xCDD3, 0xCDB2, 0xD5D3,
    0xCDB2, 0xCDB2, 0xCDD2, 0xCDB2, 0xCD91, 0xCD91, 0xC551, 0xC550,
    0xBD30, 0xB4CF, 0xAC6D, 0x9C2C, 0x7B28, 0x8328, 0x9C0B, 0xA46D,
    0xAC8E, 0xB4CE, 0xBD10, 0xB510, 0xB510, 0xBD30, 0xBD51, 0xBD30,
    0xBD30, 0xBD51, 0xB510, 0xBD10, 0xBD31, 0xBD31, 0xBD31, 0xB510,
    0xB4F0, 0xB510, 0xB510, 0xB510, 0xB510, 0xB510, 0xB4F0, 0xB510,
    0xB510, 0xB510, 0xBD30, 0xB4EF, 0xB510, 0xBD31, 0xBD31, 0xB4EF,
    0xBD10, 0xBD51, 0xBD30, 0xBD10, 0xBD31, 0xBD51, 0xBD31, 0xBD30,
    0xBD30, 0xBD51, 0xC592, 0xBD10, 0xC571, 0xC571, 0xC551, 0xC571,
    0xC551, 0xBD10, 0xC551, 0xC592, 0xC592, 0xC592, 0xC551, 0xC530,
    0xCD92, 0xCDB3, 0xCD92, 0xC550, 0xC550, 0xCDB2, 0xC571, 0xCDB2,
    0xCD92, 0xCDB2, 0xCDB2, 0xC571, 0xCDB2, 0xCDB2, 0xD5F3, 0xCDB2,
    0xD5F4, 0xCDD3, 0xCDB2, 0xD5D3, 0xD5D3, 0xD614, 0xD5F3, 0xD5F3,
    0xD5F3, 0xD614, 0xD614, 0xDE34, 0xDE34, 0xD5D3, 0xD5F3, 0xD613,
    0xD5F3, 0xDE55, 0xD5F3, 0xD5F3, 0xDE35, 0xDE34, 0xD613, 0xDE14,
    0xDE14, 0xDE55, 0xDE55, 0xDE35, 0xDE55, 0xDE55, 0xDE34, 0xDE55,
    0xE676, 0xDE55, 0xE676, 0xE675, 0xDE55, 0xE676, 0xE675, 0xE655,
    0xE676, 0xDE55, 0xE696, 0xE676, 0xE676, 0xE675, 0xE696, 0xE676,
    0xE676, 0xE675, 0xDE55, 0xE675, 0xDE55, 0xE676, 0xE675, 0xDE34,
    0xD5F3, 0xD5F3, 0xCDB2, 0xBD30, 0x93CA, 0x8B69, 0xA44C, 0xB4CE,
    0xB4CE, 0xBD2F, 0xC52F, 0xC530, 0xC571, 0xCD91, 0xCD71, 0xC550,
    0xD5D2, 0xD5F3, 0xD614, 0xD5B2, 0xD5F3, 0xDE55, 0xDE54, 0xE675,
    0xDE34, 0xE675, 0xE675, 0xE676, 0xE675, 0xE696, 0xE6B7, 0xE696,
    0xE6B6, 0xEED8, 0xEED8, 0xEED8, 0xEF19, 0xE6F9, 0x41E7, 0x0000,
    0x0020, 0x0000, 0x0000, 0x0000, 0x0000, 0x0000, 0x0000, 0x0000,
    0x0000, 0x0000, 0x0000, 0x0000, 0x0000, 0x0000, 0x0000, 0x0000,
    0x0000, 0x0000, 0x0000, 0x0000, 0x0000, 0x0000, 0x0000, 0x0000,
    0x0000, 0x0000, 0x0000, 0x0000, 0x0000, 0x0000, 0x0000, 0x0000,
    0x0841, 0x5AEA, 0xF75B, 0xE6B9, 0xDEB8, 0xDE77, 0xD636, 0xCDF4,
    0xCDB3, 0xCDF4, 0xCDF4, 0xCDD3, 0xCD92, 0xCDB2, 0xCD92, 0xCDB2,
    0xD614, 0xD5D3, 0xCDB2, 0xCDB2, 0xCDD2, 0xD5F3, 0xCDB2, 0xCDD2,
    0xCDB2, 0xCD91, 0xCDB2, 0xCD92, 0xCD91, 0xCD91, 0xC551, 0xBD0F,
    0xBD0F, 0xB4EF, 0xAC6D, 0x9BEB, 0x7AE7, 0x8349, 0x9C0C, 0xA46D,
    0xAC8D, 0xACAE, 0xB510, 0xB4F0, 0xB510, 0xBD31, 0xBD31, 0xBD10,
    0xB530, 0xBD31, 0xB510, 0xBD31, 0xBD31, 0xB510, 0xB531, 0xB4F0,
    0xB510, 0xB510, 0xB510, 0xB4EF, 0xB4F0, 0xBD30, 0xB4EF, 0xB4CF,
    0xB4F0, 0xBD31, 0xB510, 0xB4EF, 0xB4EF, 0xB510, 0xBD10, 0xB4EF,
    0xB4EF, 0xBD31, 0xBD51, 0xB4CF, 0xBD31, 0xBD51, 0xBD10, 0xBD30,
    0xBD30, 0xC551, 0xC572, 0xC571, 0xC572, 0xC571, 0xC551, 0xC571,
    0xC572, 0xBD30, 0xBD51, 0xC592, 0xBD51, 0xC550, 0xC571, 0xC571,
    0xC592, 0xCD92, 0xCD92, 0xC571, 0xC592, 0xCDB2, 0xC571, 0xCD92,
    0xC571, 0xCDD3, 0xCDB2, 0xCDB2, 0xCDB3, 0xCD92, 0xCDB2, 0xD5D3,
    0xD5F4, 0xCD91, 0xCD91, 0xD5F3, 0xD5B2, 0xCDD3, 0xD614, 0xD5F3,
    0xD5F4, 0xD614, 0xD5F3, 0xD5F3, 0xD614, 0xD614, 0xD5F3, 0xD614,
    0xD5F3, 0xDE14, 0xD613, 0xD5F3, 0xDE34, 0xDE55, 0xD614, 0xD613,
    0xDE34, 0xDE34, 0xDE34, 0xDE14, 0xDE55, 0xDE34, 0xDE34, 0xDE14,
    0xDE76, 0xDE34, 0xE675, 0xE696, 0xDE55, 0xDE35, 0xE655, 0xDE55,
    0xDE55, 0xDE55, 0xDE55, 0xE696, 0xE676, 0xDE34, 0xE696, 0xE676,
    0xE676, 0xE676, 0xDE55, 0xDE75, 0xE676, 0xE675, 0xDE75, 0xDE34,
    0xDE14, 0xD5F3, 0xCDB2, 0xBD30, 0x9BEB, 0x8328, 0xAC6D, 0xB4AE,
    0xBCEF, 0xBCEE, 0xC530, 0xC550, 0xC571, 0xC571, 0xCD71, 0xCD91,
    0xCD91, 0xD5F3, 0xD614, 0xD5F3, 0xD5D3, 0xDE34, 0xD5F3, 0xDE55,
    0xDE34, 0xE675, 0xE676, 0xE676, 0xE676, 0xE696, 0xE696, 0xE6B7,
    0xE6B7, 0xE6B7, 0xEED8, 0xEEF8, 0xF73A, 0xD678, 0x3186, 0x0841,
    0x0000, 0x0000, 0x0000, 0x0000, 0x0000, 0x0000, 0x0000, 0x0000,
    0x0000, 0x0000, 0x0000, 0x0000, 0x0000, 0x0000, 0x0000, 0x0000,
    0x0000, 0x0000, 0x0000, 0x0000, 0x0000, 0x0000, 0x0000, 0x0000,
    0x0000, 0x0000, 0x0000, 0x0000, 0x0000, 0x0000, 0x0000, 0x0000,
    0x0000, 0x52A9, 0xF75B, 0xE6B9, 0xDE98, 0xDE57, 0xD635, 0xCDF4,
    0xCDB3, 0xCDB3, 0xD614, 0xCDD2, 0xCD92, 0xCDB2, 0xCD92, 0xCDB2,
    0xD614, 0xD5B2, 0xCDB2, 0xCDD2, 0xCDD3, 0xD5D2, 0xCDB2, 0xCDB2,
    0xCDB2, 0xCDB2, 0xCDB2, 0xCDB2, 0xCD92, 0xCD91, 0xC571, 0xC50F,
    0xBD0F, 0xB4CE, 0xAC6D, 0x9BAA, 0x6AA7, 0x8349, 0x9BEB, 0xA44D,
    0xACAD, 0xB4AF, 0xB4F0, 0xB510, 0xB510, 0xB510, 0xBD31, 0xBD30,
    0xB4F0, 0xBD31, 0xB510, 0xB510, 0xBD31, 0xBD10, 0xBD31, 0xB4EF,
    0xB531, 0xB4EF, 0xB4F0, 0xB4F0, 0xB4EF, 0xBCF0, 0xACAE, 0xB4CF,
    0xB4EF, 0xBD10, 0xB4F0, 0xB4EF, 0xB4CF, 0xB510, 0xBD31, 0xB4EF,
    0xB510, 0xB510, 0xBD51, 0xB4CF, 0xB510, 0xBD71, 0xBD10, 0xB510,
    0xBD10, 0xC530, 0xBD51, 0xC550, 0xC571, 0xC572, 0xC571, 0xC571,
    0xC572, 0xBD30, 0xBD50, 0xC591, 0xBD51, 0xC550, 0xC571, 0xC592,
    0xC592, 0xCD91, 0xCD91, 0xC571, 0xCD92, 0xCDB2, 0xC591, 0xCD91,
    0xC551, 0xCDB3, 0xCDD3, 0xCDD3, 0xCDB3, 0xCD71, 0xCDB2, 0xD5F4,
    0xD5F4, 0xCDB2, 0xCDB1, 0xD5B2, 0xD5D3, 0xD5D3, 0xD5F4, 0xD614,
    0xD5F4, 0xD613, 0xD614, 0xD5F3, 0xD614, 0xD634, 0xD5F3, 0xD614,
    0xD614, 0xDE14, 0xDE34, 0xDE14, 0xDE14, 0xDE35, 0xDE55, 0xDE14,
    0xDE34, 0xDE55, 0xDE35, 0xD5F3, 0xDE34, 0xDE35, 0xDE55, 0xD613,
    0xDE76, 0xDE34, 0xE675, 0xE695, 0xE675, 0xE656, 0xE655, 0xDE55,
    0xE675, 0xDE55, 0xDE55, 0xE696, 0xE676, 0xDE55, 0xE695, 0xE655,
    0xE675, 0xE676, 0xE676, 0xE676, 0xEE76, 0xE655, 0xDE55, 0xDE34,
    0xDE14, 0xD614, 0xCDB2, 0xBD0F, 0x9C0C, 0x8348, 0xAC4D, 0xAC8D,
    0xBD0F, 0xBCEE, 0xC52F, 0xC571, 0xC571, 0xC571, 0xCD50, 0xCD91,
    0xCD91, 0xD5F3, 0xD5D3, 0xD5F3, 0xDDF4, 0xDDD3, 0xD5F3, 0xDE55,
    0xDE34, 0xE635, 0xE676, 0xE676, 0xE696, 0xE696, 0xE696, 0xE6B7,
    0xE6B7, 0xE6B7, 0xEED8, 0xEED8, 0xF73A, 0xDE78, 0x2945, 0x0020,
    0x0000, 0x0000, 0x0000, 0x0000, 0x0000, 0x0000, 0x0000, 0x0000,
    0x0000, 0x0000, 0x0000, 0x0000, 0x0000, 0x0000, 0x0000, 0x0000,
    0x0000, 0x0000, 0x0000, 0x0000, 0x0000, 0x0000, 0x0000, 0x0000,
    0x0000, 0x0000, 0x0000, 0x0000, 0x0000, 0x0000, 0x0000, 0x0020,
    0x0000, 0x5AAA, 0xF77C, 0xDEB8, 0xDE57, 0xD636, 0xD635, 0xCDD4,
    0xC571, 0xC592, 0xD5F4, 0xCD92, 0xCD92, 0xCD71, 0xCD92, 0xCDB2,
    0xD5D2, 0xCD91, 0xCDB2, 0xCDD2, 0xCDD3, 0xCDB2, 0xCDB2, 0xCDB2,
    0xCDB2, 0xCDB2, 0xCDB2, 0xCDB2, 0xCD92, 0xCD91, 0xC571, 0xC530,
    0xBD0F, 0xB4AE, 0xAC6D, 0x938A, 0x6AA7, 0x8389, 0x9BEB, 0xA44D,
    0xACAE, 0xB4CF, 0xB4D0, 0xB510, 0xB510, 0xB510, 0xBD31, 0xBD0F,
    0xB4F0, 0xBD31, 0xBD10, 0xB510, 0xBD11, 0xBD30, 0xBD31, 0xB4EF,
    0xB531, 0xB4EF, 0xB4F0, 0xB4F0, 0xB4EF, 0xB4F0, 0xACAE, 0xB4CF,
    0xB4EF, 0xB4F0, 0xB4F0, 0xB4EF, 0xB4CF, 0xBD31, 0xBD31, 0xB4EF,
    0xB510, 0xB510, 0xBD51, 0xB4CF, 0xB510, 0xBD31, 0xBD50, 0xB510,
    0xBD10, 0xBD0F, 0xBD51, 0xBD10, 0xC551, 0xC592, 0xC571, 0xC571,
    0xC550, 0xC530, 0xBD30, 0xC550, 0xBD51, 0xC551, 0xC571, 0xC592,
    0xC572, 0xC571, 0xC571, 0xC571, 0xCD92, 0xC572, 0xC571, 0xC570,
    0xCD71, 0xCD91, 0xCDD3, 0xCDD3, 0xCD91, 0xCD91, 0xCDB2, 0xD5F4,
    0xD5F4, 0xCDB2, 0xD5D3, 0xCD91, 0xD5D3, 0xD5D3, 0xD5B3, 0xD614,
    0xD5F3, 0xD5F3, 0xD614, 0xD614, 0xD614, 0xD614, 0xD5F3, 0xD614,
    0xD614, 0xDE14, 0xDE55, 0xDE14, 0xD614, 0xDE14, 0xDE55, 0xDE14,
    0xDE34, 0xDE55, 0xDE35, 0xD5F3, 0xDE34, 0xDE55, 0xDE76, 0xD614,
    0xDE34, 0xDE34, 0xDE55, 0xE675, 0xE675, 0xE676, 0xDE55, 0xDE55,
    0xE675, 0xDE55, 0xDE55, 0xDE76, 0xE676, 0xDE55, 0xE675, 0xDE55,
    0xE675, 0xE676, 0xE676, 0xE676, 0xE676, 0xDE55, 0xDE55, 0xDE34,
    0xDE14, 0xD614, 0xCDB2, 0xBD0F, 0x9C2C, 0x8327, 0x9C0B, 0xAC8C,
    0xBD0F, 0xBD0F, 0xBD2F, 0xC571, 0xC571, 0xC591, 0xC530, 0xCD71,
    0xCDB1, 0xD5B2, 0xCDB2, 0xD5F3, 0xDE14, 0xD5B2, 0xD5F3, 0xDE55,
    0xDE34, 0xDE13, 0xE675, 0xE655, 0xE676, 0xE696, 0xE696, 0xE696,
    0xE6B7, 0xE6B7, 0xE6B7, 0xE6B8, 0xEF19, 0xDE98, 0x2965, 0x0000,
    0x0000, 0x0000, 0x0000, 0x0000, 0x0000, 0x0000, 0x0000, 0x0000,
    0x0000, 0x0000, 0x0000, 0x0000, 0x0000, 0x0000, 0x0000, 0x0000,
    0x0000, 0x0000, 0x0000, 0x0000, 0x0000, 0x0000, 0x0000, 0x0000,
    0x0000, 0x0000, 0x0000, 0x0000, 0x0000, 0x0000, 0x0000, 0x0020,
    0x0000, 0x5AAA, 0xF77C, 0xDE98, 0xD636, 0xD615, 0xCE15, 0xCDB3,
    0xC551, 0xC5B3, 0xCDB3, 0xC572, 0xC592, 0xC571, 0xC592, 0xCDB2,
    0xCDB2, 0xCDB2, 0xCDB2, 0xCDB2, 0xCDB2, 0xCDB2, 0xCDB2, 0xCDB2,
    0xCD92, 0xCDB2, 0xCDB2, 0xCD91, 0xCDB2, 0xC571, 0xC571, 0xBD30,
    0xBD0F, 0xACAE, 0xA46D, 0x8B8A, 0x72E7, 0x8BAA, 0x9C0C, 0xA46D,
    0xACAE, 0xB4EF, 0xB4CF, 0xB4F0, 0xB510, 0xB510, 0xB510, 0xB4EF,
    0xB510, 0xBD31, 0xBD31, 0xB510, 0xB4F0, 0xB531, 0xB510, 0xB4F0,
    0xB510, 0xB4EF, 0xB510, 0xB4EF, 0xB4EF, 0xB510, 0xB4EF, 0xB4EF,
    0xB4CF, 0xB510, 0xB4F0, 0xB4CF, 0xB4F0, 0xBD31, 0xB510, 0xB510,
    0xB4EF, 0xBD10, 0xBD30, 0xB4EF, 0xBD30, 0xB4F0, 0xBD51, 0xBD10,
    0xBD30, 0xB50F, 0xC572, 0xBD30, 0xBD51, 0xC592, 0xBD51, 0xBD51,
    0xBD30, 0xC551, 0xBD30, 0xBD30, 0xBD50, 0xBD50, 0xC571, 0xC571,
    0xC551, 0xC551, 0xC571, 0xC571, 0xC571, 0xC551, 0xC551, 0xC550,
    0xCD91, 0xCD91, 0xCDD3, 0xCDB2, 0xC571, 0xCDB2, 0xCDB2, 0xD5D3,
    0xD5D3, 0xC571, 0xD5D3, 0xCDB2, 0xD5D3, 0xCDD3, 0xCDB2, 0xD5F3,
    0xCDD3, 0xCDD2, 0xD5F4, 0xD614, 0xD5F3, 0xD5F3, 0xD5D3, 0xD5F3,
    0xD5F3, 0xDE14, 0xDE55, 0xD614, 0xD614, 0xDE34, 0xDE34, 0xD613,
    0xDE34, 0xDE35, 0xDE14, 0xDE14, 0xDE34, 0xDE55, 0xDE76, 0xDE35,
    0xD5F3, 0xDE34, 0xDE34, 0xDE55, 0xDE34, 0xDE55, 0xDE35, 0xDE34,
    0xDE55, 0xDE55, 0xDE55, 0xDE55, 0xE676, 0xDE55, 0xDE55, 0xDE75,
    0xDE75, 0xDE55, 0xDE75, 0xDE55, 0xDE55, 0xDE55, 0xDE55, 0xDE35,
    0xDE14, 0xD5F4, 0xCDB2, 0xBD30, 0x9C2C, 0x7AE7, 0x93CA, 0xAC6C,
    0xB4EE, 0xBD0F, 0xBD0F, 0xC571, 0xC550, 0xC591, 0xC550, 0xC550,
    0xCDB2, 0xCD71, 0xCDB2, 0xD5D2, 0xD614, 0xD5F3, 0xD5F3, 0xDE34,
    0xDE14, 0xDE13, 0xDE55, 0xDE34, 0xE655, 0xE696, 0xE696, 0xE696,
    0xE697, 0xE6B7, 0xE697, 0xE6B7, 0xEEF8, 0xD677, 0x3166, 0x0000,
    0x0020, 0x0000, 0x0000, 0x0000, 0x0000, 0x0000, 0x0000, 0x0000,
    0x0000, 0x0000, 0x0000, 0x0000, 0x0000, 0x0000, 0x0000, 0x0000,
    0x0000, 0x0000, 0x0000, 0x0000, 0x0000, 0x0000, 0x0000, 0x0000,
    0x0000, 0x0000, 0x0000, 0x0000, 0x0000, 0x0000, 0x0000, 0x0020,
    0x0000, 0x5AEA, 0xEF3C, 0xDE98, 0xD636, 0xD615, 0xCE15, 0xC5B3,
    0xC593, 0xC592, 0xCD92, 0xC572, 0xC592, 0xCDB3, 0xCDB3, 0xCDB3,
    0xCDB3, 0xCDB2, 0xCD92, 0xCD91, 0xCDB2, 0xD5F3, 0xCD91, 0xCD91,
    0xCDB2, 0xCD91, 0xCDB2, 0xCD91, 0xCDB2, 0xC571, 0xC571, 0xBD30,
    0xB4EF, 0xAC6D, 0xA42C, 0x8369, 0x7AE8, 0x93AA, 0x9C0C, 0xA44D,
    0xACAE, 0xB4CF, 0xB4EF, 0xB510, 0xB530, 0xB510, 0xB510, 0xB510,
    0xB510, 0xBD51, 0xB510, 0xB510, 0xB4EF, 0xB510, 0xB510, 0xBD31,
    0xB4F0, 0xB4CF, 0xB4CF, 0xACCF, 0xACCF, 0xB4CF, 0xB4EF, 0xB4F0,
    0xB4CF, 0xB4EF, 0xB4EF, 0xB4CF, 0xB4EF, 0xB4EF, 0xB510, 0xB4EF,
    0xB4EF, 0xBD30, 0xBD10, 0xBD31, 0xB510, 0xBD10, 0xBD31, 0xBD51,
    0xBD30, 0xBD10, 0xC572, 0xBD30, 0xC592, 0xBD30, 0xB50F, 0xC571,
    0xBD51, 0xBD30, 0xC592, 0xBD51, 0xBD51, 0xBD30, 0xC551, 0xC571,
    0xC571, 0xC572, 0xC592, 0xC572, 0xC551, 0xC550, 0xC571, 0xC571,
    0xC591, 0xCD92, 0xCDB3, 0xCDB2, 0xCD92, 0xCD91, 0xCDD3, 0xCDD3,
    0xCDD3, 0xC551, 0xCD92, 0xD5D3, 0xCDB2, 0xCDB2, 0xCDD2, 0xD5F3,
    0xD5D3, 0xCD91, 0xD5F3, 0xD5F3, 0xCDB2, 0xD5F3, 0xD614, 0xD5D3,
    0xD5D3, 0xD5F3, 0xDE35, 0xD5F3, 0xD5F3, 0xDE35, 0xDE55, 0xDE14,
    0xDE34, 0xD634, 0xD5F3, 0xDE34, 0xDE34, 0xDE14, 0xDE55, 0xDE56,
    0xDE34, 0xDE34, 0xDE35, 0xDE35, 0xDE34, 0xDE14, 0xDE55, 0xDE34,
    0xDE34, 0xDE34, 0xDE34, 0xDE34, 0xDE76, 0xDE55, 0xDE55, 0xE676,
    0xDE55, 0xE676, 0xE676, 0xDE55, 0xDE75, 0xDE55, 0xDE55, 0xDE55,
    0xDE34, 0xD5D3, 0xCDB2, 0xC530, 0xA44C, 0x8328, 0x938A, 0xA44C,
    0xB4AE, 0xBCEF, 0xBD0F, 0xC530, 0xC550, 0xC550, 0xC550, 0xC570,
    0xCDB2, 0xCD92, 0xD5F3, 0xCDB2, 0xD5F3, 0xD614, 0xDE34, 0xDE34,
    0xDE34, 0xDE35, 0xE676, 0xDE35, 0xE675, 0xE655, 0xE676, 0xE696,
    0xE696, 0xE697, 0xE697, 0xE6B7, 0xEF19, 0xCE56, 0x2124, 0x0000,
    0x0020, 0x0000, 0x0000, 0x0000, 0x0000, 0x0000, 0x0000, 0x0000,
    0x0000, 0x0000, 0x0000, 0x0000, 0x0000, 0x0000, 0x0000, 0x0000,
    0x0000, 0x0000, 0x0000, 0x0000, 0x0000, 0x0000, 0x0000, 0x0000,
    0x0000, 0x0000, 0x0000, 0x0000, 0x0000, 0x0000, 0x0000, 0x0020,
    0x0000, 0x4A68, 0xEF1A, 0xDE98, 0xD636, 0xD615, 0xCE14, 0xC5B3,
    0xC593, 0xC571, 0xCD92, 0xC572, 0xC571, 0xCDB3, 0xCDB3, 0xCDB3,
    0xCDB3, 0xCDB2, 0xCDB2, 0xCDB2, 0xCDB2, 0xD5F3, 0xCD91, 0xCDB2,
    0xCDD3, 0xCD91, 0xCDD3, 0xCDB2, 0xCD92, 0xC571, 0xC570, 0xBD0F,
    0xB4CF, 0xA46D, 0xA40B, 0x7B48, 0x7B08, 0x93AA, 0x9C0C, 0xA44D,
    0xB4CF, 0xACCF, 0xB4CF, 0xB4F0, 0xB510, 0xB510, 0xB510, 0xB4F0,
    0xB510, 0xB530, 0xB4EF, 0xB510, 0xB4EF, 0xB510, 0xB530, 0xBD10,
    0xB4EF, 0xB4D0, 0xB4EF, 0xACAF, 0xACCF, 0xB4CF, 0xB4EF, 0xB4F0,
    0xB4EF, 0xB4CF, 0xB4EF, 0xB4EF, 0xB4CF, 0xB4EF, 0xB510, 0xB4CE,
    0xBD10, 0xBD31, 0xB4EF, 0xBD31, 0xB510, 0xBD10, 0xBD51, 0xBD71,
    0xBD10, 0xBD31, 0xC572, 0xB510, 0xC551, 0xBD10, 0xBD0F, 0xC572,
    0xC551, 0xBD10, 0xC571, 0xC551, 0xC551, 0xBD30, 0xBD51, 0xC572,
    0xC550, 0xC551, 0xC592, 0xC592, 0xC572, 0xC551, 0xC571, 0xCD92,
    0xC571, 0xCDB2, 0xCDB2, 0xCD91, 0xCDB2, 0xCD71, 0xCDD2, 0xD5F4,
    0xCDD3, 0xCD72, 0xCD91, 0xD5D2, 0xCD92, 0xCDD3, 0xCDD2, 0xD5F4,
    0xD5F4, 0xCD91, 0xD5F3, 0xD614, 0xD5D3, 0xD613, 0xD614, 0xD5F3,
    0xD5F4, 0xCDD3, 0xDE14, 0xDE35, 0xD5F3, 0xDE35, 0xDE55, 0xDE35,
    0xDE34, 0xDE55, 0xD613, 0xD614, 0xDE34, 0xDE34, 0xDE34, 0xDE56,
    0xE634, 0xDE34, 0xDE35, 0xDE55, 0xDE55, 0xDE14, 0xDE55, 0xDE34,
    0xDE35, 0xDE55, 0xDE34, 0xDE34, 0xDE55, 0xDE34, 0xDE55, 0xE676,
    0xDE34, 0xE655, 0xEE76, 0xE676, 0xE676, 0xDE75, 0xDE34, 0xDE55,
    0xDE34, 0xD5F3, 0xCDB2, 0xC551, 0xA44C, 0x7B28, 0x8B69, 0xA44C,
    0xB4CE, 0xBCEF, 0xBD30, 0xC50F, 0xC530, 0xC550, 0xC550, 0xC591,
    0xCDB2, 0xCDB2, 0xD5F3, 0xCDD2, 0xD5D2, 0xD5F3, 0xDE34, 0xDE55,
    0xDE34, 0xDE34, 0xE676, 0xDE35, 0xE675, 0xE676, 0xE676, 0xE696,
    0xE676, 0xE697, 0xE6B7, 0xE6B7, 0xF73A, 0xBDB4, 0x2103, 0x0000,
    0x0000, 0x0000, 0x0000, 0x0000, 0x0000, 0x0000, 0x0000, 0x0000,
    0x0000, 0x0000, 0x0000, 0x0000, 0x0000, 0x0000, 0x0000, 0x0000,
    0x0000, 0x0000, 0x0000, 0x0000, 0x0000, 0x0000, 0x0000, 0x0000,
    0x0000, 0x0000, 0x0000, 0x0000, 0x0000, 0x0000, 0x0000, 0x0000,
    0x0000, 0x39A6, 0xE6D9, 0xDE98, 0xD636, 0xCDF5, 0xCDF4, 0xC593,
    0xC571, 0xC571, 0xC592, 0xC592, 0xC571, 0xCDB3, 0xCDB2, 0xCDB2,
    0xCDD3, 0xCDB3, 0xCDD2, 0xCDF3, 0xCDB2, 0xD5B3, 0xCDB1, 0xCDD3,
    0xCDB2, 0xCD91, 0xCDD3, 0xCDB2, 0xCD92, 0xC571, 0xC550, 0xBD0F,
    0xB4CF, 0xA46D, 0x9BEB, 0x7B07, 0x7B08, 0x93AA, 0x9C0C, 0xA46D,
    0xB4CF, 0xACCF, 0xB4CF, 0xB4D0, 0xB4F0, 0xB510, 0xB510, 0xB4F0,
    0xB4EF, 0xB4F0, 0xB4EF, 0xB4F0, 0xB4EF, 0xB510, 0xB530, 0xACCF,
    0xB4EF, 0xB510, 0xB510, 0xACAE, 0xACCF, 0xB4EF, 0xB4EF, 0xB4F0,
    0xB4EF, 0xB4CF, 0xB4F0, 0xB4EF, 0xB4CF, 0xB4F0, 0xB510, 0xB4CE,
    0xBD30, 0xBD31, 0xB510, 0xBD11, 0xB510, 0xBD10, 0xBD30, 0xBD31,
    0xBD10, 0xBD31, 0xBD30, 0xB4EF, 0xBD10, 0xBD30, 0xBD30, 0xC551,
    0xC551, 0xBD10, 0xBD51, 0xC551, 0xC551, 0xBD30, 0xBD71, 0xC572,
    0xC530, 0xC551, 0xC572, 0xC592, 0xC572, 0xC551, 0xC571, 0xCD92,
    0xC571, 0xCDB2, 0xCDB2, 0xC571, 0xCDB2, 0xC571, 0xCDB2, 0xD5F3,
    0xCDD3, 0xCD92, 0xCD91, 0xCDB2, 0xCD92, 0xCDD3, 0xCD91, 0xD5F4,
    0xD634, 0xCDD3, 0xD5F3, 0xD5F4, 0xD5F3, 0xD613, 0xD614, 0xD5F3,
    0xD5F4, 0xCDD3, 0xD5D2, 0xDE35, 0xD5F3, 0xD614, 0xDE35, 0xDE55,
    0xDE34, 0xE655, 0xDE33, 0xD614, 0xDE14, 0xDE34, 0xDE34, 0xDE55,
    0xDE34, 0xDE34, 0xDE35, 0xDE55, 0xDE55, 0xDE55, 0xDE55, 0xDE34,
    0xDE35, 0xDE55, 0xDE34, 0xDE54, 0xDE55, 0xDE34, 0xDE55, 0xDE75,
    0xE655, 0xDE34, 0xE676, 0xEE76, 0xE676, 0xDE75, 0xDE34, 0xDE55,
    0xDE34, 0xD5F3, 0xCDB2, 0xC571, 0xA46D, 0x7AE8, 0x8368, 0xA44C,
    0xB4AD, 0xBCEF, 0xBD30, 0xBCEF, 0xBD10, 0xC550, 0xC550, 0xC550,
    0xCDB2, 0xCDB2, 0xD5F3, 0xCDF2, 0xD5D2, 0xD5F3, 0xD614, 0xDE55,
    0xDE34, 0xDE34, 0xDE55, 0xDE55, 0xDE55, 0xE696, 0xE696, 0xE696,
    0xE676, 0xE697, 0xE6B7, 0xE6B7, 0xF73A, 0xACF2, 0x18E2, 0x0000,
    0x0000, 0x0000, 0x0000, 0x0000, 0x0000, 0x0000, 0x0000, 0x0000,
    0x0000, 0x0000, 0x0000, 0x0000, 0x0000, 0x0000, 0x0000, 0x0000,
    0x0000, 0x0000, 0x0000, 0x0000, 0x0000, 0x0000, 0x0000, 0x0000,
    0x0000, 0x0000, 0x0000, 0x0000, 0x0000, 0x0000, 0x0000, 0x0000,
    0x0000, 0x2945, 0xD678, 0xDEB8, 0xCE15, 0xCDD4, 0xCDD4, 0xC572,
    0xBD71, 0xC551, 0xC592, 0xC592, 0xC572, 0xCDB2, 0xCD92, 0xCDB2,
    0xCDD3, 0xCDB3, 0xCDD3, 0xCDD3, 0xCD91, 0xCD92, 0xCDB2, 0xCDB2,
    0xCD91, 0xCD91, 0xCDB2, 0xCDB2, 0xCD92, 0xC550, 0xBD30, 0xBD0F,
    0xB4CE, 0xAC8E, 0x93EB, 0x7B08, 0x7B08, 0x93CB, 0x9C2C, 0xA48E,
    0xACAF, 0xACAF, 0xB4CF, 0xACCF, 0xB4F0, 0xB510, 0xB510, 0xB4F0,
    0xB4EF, 0xB4F0, 0xB4F0, 0xB4F0, 0xB510, 0xB531, 0xB510, 0xACCF,
    0xB4F0, 0xB510, 0xB4F0, 0xACAE, 0xB4EF, 0xB4F0, 0xB4F0, 0xB4EF,
    0xB4F0, 0xB4EF, 0xB4F0, 0xB4F0, 0xB4F0, 0xB510, 0xB4F0, 0xB4CF,
    0xB4CF, 0xBD31, 0xBD31, 0xB4F0, 0xBD30, 0xBD31, 0xB4EF, 0xBD10,
    0xBD31, 0xBD30, 0xB4EF, 0xB4EF, 0xB510, 0xBD50, 0xB510, 0xBD30,
    0xBD51, 0xBD30, 0xBD51, 0xBD30, 0xBD51, 0xBD51, 0xC571, 0xBD51,
    0xBD50, 0xC571, 0xC571, 0xC551, 0xC571, 0xC571, 0xC571, 0xC551,
    0xC571, 0xC592, 0xCD92, 0xC571, 0xC592, 0xC571, 0xCDB2, 0xCDB2,
    0xCDB2, 0xCD92, 0xCD91, 0xCD92, 0xCD92, 0xCDB2, 0xC550, 0xCDD3,
    0xD614, 0xCDD3, 0xCDD3, 0xCDB2, 0xCDD2, 0xD5D3, 0xD614, 0xD5F3,
    0xD5F4, 0xD5F3, 0xCDB2, 0xD5F3, 0xD5D3, 0xD5F3, 0xD614, 0xDE55,
    0xDE14, 0xDE34, 0xDE34, 0xDE35, 0xD5F3, 0xDE34, 0xDE35, 0xDE34,
    0xD634, 0xDE34, 0xDE14, 0xDE35, 0xDE55, 0xDE55, 0xDE55, 0xDE35,
    0xDE14, 0xDE55, 0xDE34, 0xDE55, 0xDE55, 0xDE55, 0xDE55, 0xDE55,
    0xE676, 0xDE34, 0xDE55, 0xE676, 0xDE55, 0xDE55, 0xDE35, 0xDE35,
    0xDE34, 0xD5F3, 0xCDB3, 0xC571, 0xAC8D, 0x8308, 0x8348, 0xA44C,
    0xAC8D, 0xBCEF, 0xBD30, 0xBCEF, 0xBD10, 0xC551, 0xC550, 0xC52F,
    0xCDB2, 0xCDB2, 0xD5D3, 0xCDD2, 0xCDB2, 0xD614, 0xD5F3, 0xD614,
    0xDE14, 0xDE35, 0xDE34, 0xDE75, 0xDE35, 0xDE55, 0xE696, 0xE676,
    0xE696, 0xDE76, 0xE697, 0xE697, 0xF73A, 0x9450, 0x0860, 0x0020,
    0x0000, 0x0000, 0x0000, 0x0000, 0x0000, 0x0000, 0x0000, 0x0000,
    0x0000, 0x0000, 0x0000, 0x0000, 0x0000, 0x0000, 0x0000, 0x0000,
    0x0000, 0x0000, 0x0000, 0x0000, 0x0000, 0x0000, 0x0000, 0x0000,
    0x0000, 0x0000, 0x0000, 0x0000, 0x0000, 0x0000, 0x0000, 0x0000,
    0x0000, 0x2104, 0xCE38, 0xE6D9, 0xCE15, 0xCDF5, 0xCDF4, 0xC572,
    0xBD51, 0xBD31, 0xC572, 0xC572, 0xC571, 0xC592, 0xC592, 0xC592,
    0xC591, 0xCD92, 0xCDD3, 0xC592, 0xCD92, 0xC571, 0xCDB2, 0xCD91,
    0xC591, 0xC571, 0xC571, 0xCD91, 0xC591, 0xC550, 0xBD30, 0xBD10,
    0xACAE, 0xA46D, 0x93EB, 0x8349, 0x7B29, 0x9C0C, 0x9C2C, 0xA46E,
    0xAC8E, 0xACAF, 0xB4F0, 0xB4EF, 0xB4F0, 0xB510, 0xB4F0, 0xB4F0,
    0xB510, 0xB510, 0xB4F0, 0xB510, 0xB531, 0xB511, 0xB510, 0xB4F0,
    0xB4F0, 0xB4CF, 0xB4F0, 0xB4EF, 0xB4CF, 0xB4F0, 0xB510, 0xB4EF,
    0xB510, 0xACAE, 0xB4CF, 0xB4EF, 0xB4CF, 0xB510, 0xB4EF, 0xB510,
    0xACAE, 0xB4EF, 0xB4F0, 0xB4EF, 0xBD30, 0xBD31, 0xB4EF, 0xB510,
    0xBD31, 0xBD51, 0xB510, 0xBD31, 0xBD10, 0xBD10, 0xB4EF, 0xBD10,
    0xBD51, 0xBD30, 0xBD30, 0xBD30, 0xBD51, 0xBD30, 0xC551, 0xC551,
    0xC551, 0xBD51, 0xC571, 0xBD30, 0xBD50, 0xC572, 0xC551, 0xC550,
    0xC571, 0xC571, 0xC592, 0xC592, 0xCD92, 0xC571, 0xC571, 0xCD92,
    0xCD92, 0xC571, 0xC591, 0xCDB2, 0xC591, 0xCD91, 0xCD91, 0xCDD3,
    0xCDD3, 0xCDD2, 0xCDD2, 0xCD91, 0xCDD2, 0xCDB2, 0xD5D3, 0xD614,
    0xCDD3, 0xD5D3, 0xD614, 0xCDD3, 0xCDD2, 0xD5F3, 0xD5F3, 0xDE35,
    0xD614, 0xD614, 0xD614, 0xDE35, 0xD5F3, 0xDE14, 0xDE55, 0xDE14,
    0xD614, 0xDE34, 0xDE34, 0xDE34, 0xDE55, 0xDE14, 0xD614, 0xDE55,
    0xDE34, 0xDE34, 0xDE55, 0xDE35, 0xDE55, 0xDE55, 0xDE55, 0xDE35,
    0xE676, 0xDE55, 0xDE55, 0xDE75, 0xDE55, 0xDE55, 0xDE34, 0xDE55,
    0xDE14, 0xD5F3, 0xCDB3, 0xC550, 0xAC8E, 0x8B69, 0x8328, 0xA42C,
    0xAC8E, 0xB4EF, 0xBD0F, 0xBD0F, 0xBD30, 0xC550, 0xC530, 0xC550,
    0xC571, 0xCDB2, 0xCDB3, 0xCD71, 0xCD92, 0xD5F3, 0xD5F3, 0xD5F3,
    0xD5F3, 0xDE35, 0xD614, 0xDE34, 0xDE55, 0xDE35, 0xDE55, 0xE696,
    0xDE76, 0xE697, 0xE697, 0xDE97, 0xF73A, 0x7BAD, 0x0000, 0x0000,
    0x0000, 0x0000, 0x0000, 0x0000, 0x0000, 0x0000, 0x0000, 0x0000,
    0x0000, 0x0000, 0x0000, 0x0000, 0x0000, 0x0000, 0x0000, 0x0000,
    0x0000, 0x0000, 0x0000, 0x0000, 0x0000, 0x0000, 0x0000, 0x0000,
    0x0000, 0x0000, 0x0000, 0x0000, 0x0000, 0x0000, 0x0000, 0x0000,
    0x0000, 0x2124, 0xC5F7, 0xE6D9, 0xCE15, 0xCDF5, 0xCE14, 0xC572,
    0xBD30, 0xBD31, 0xC551, 0xC551, 0xC551, 0xC572, 0xC592, 0xC571,
    0xC551, 0xCD92, 0xCDB2, 0xC592, 0xCD92, 0xCD92, 0xCDB2, 0xCD92,
    0xC571, 0xC591, 0xC571, 0xCD71, 0xC591, 0xC550, 0xBD30, 0xB50F,
    0xAC8D, 0xA44D, 0x93CB, 0x7B28, 0x834A, 0x9BEB, 0x9C2C, 0xA46E,
    0xAC8E, 0xACAF, 0xACCF, 0xACCF, 0xB510, 0xB531, 0xB510, 0xB4F0,
    0xB510, 0xB510, 0xB511, 0xBD31, 0xB510, 0xB4F0, 0xB511, 0xB4EF,
    0xB4F0, 0xB4CF, 0xB4F0, 0xB4CF, 0xACCF, 0xB4EF, 0xB510, 0xB4F0,
    0xACEF, 0xACAE, 0xB4CF, 0xACCF, 0xACCF, 0xB50F, 0xB4CF, 0xB510,
    0xACAF, 0xB4EF, 0xB4D0, 0xB4CF, 0xB4EF, 0xBD30, 0xB4EF, 0xB4EF,
    0xB4EF, 0xBD71, 0xBD51, 0xBD31, 0xBD30, 0xBD10, 0xB50F, 0xBD11,
    0xBD51, 0xB4EF, 0xBD30, 0xC551, 0xBD30, 0xBD30, 0xC551, 0xC551,
    0xC531, 0xC551, 0xC571, 0xC531, 0xC570, 0xC592, 0xC551, 0xC570,
    0xC571, 0xCD92, 0xC591, 0xCDD3, 0xCDB3, 0xC592, 0xCD92, 0xCDB2,
    0xC592, 0xC571, 0xC591, 0xCDB2, 0xC571, 0xCD91, 0xCDB2, 0xD5F3,
    0xCDD3, 0xCDD2, 0xCDB2, 0xCD91, 0xCDB2, 0xD5F3, 0xD5B2, 0xD614,
    0xD5F3, 0xD5B2, 0xD634, 0xCDD3, 0xD5D3, 0xD614, 0xD5F3, 0xDE14,
    0xDE14, 0xDE35, 0xD614, 0xDE35, 0xD614, 0xDE13, 0xDE55, 0xDE35,
    0xD614, 0xDE35, 0xDE35, 0xDE35, 0xDE35, 0xDE14, 0xD5F3, 0xDE55,
    0xDE55, 0xDE34, 0xDE55, 0xDE55, 0xDE76, 0xDE35, 0xDE55, 0xDE55,
    0xE655, 0xDE55, 0xDE35, 0xDE75, 0xDE76, 0xDE35, 0xDE34, 0xDE54,
    0xDE14, 0xD5F3, 0xCDB2, 0xC530, 0xAC8D, 0x8B89, 0x7AE7, 0x9C0B,
    0xAC8E, 0xB4EF, 0xBCEF, 0xBD10, 0xBD30, 0xC530, 0xC550, 0xC530,
    0xC530, 0xCDD3, 0xCDB2, 0xCD92, 0xCDB2, 0xCDD3, 0xD5D2, 0xD5F3,
    0xD5F3, 0xDE14, 0xD614, 0xDE13, 0xDE55, 0xDE55, 0xDE35, 0xE675,
    0xDE55, 0xE697, 0xE696, 0xE6B7, 0xEF19, 0x6B4B, 0x0000, 0x0000,
    0x0000, 0x0000, 0x0000, 0x0000, 0x0000, 0x0000, 0x0000, 0x0000,
    0x0000, 0x0000, 0x0000, 0x0000, 0x0000, 0x0000, 0x0000, 0x0000,
    0x0000, 0x0000, 0x0000, 0x0000, 0x0000, 0x0000, 0x0000, 0x0000,
    0x0000, 0x0000, 0x0000, 0x0000, 0x0000, 0x0000, 0x0000, 0x0000,
    0x0020, 0x10C2, 0xA513, 0xEEFA, 0xCDF5, 0xCDF5, 0xCDD4, 0xBD72,
    0xBD51, 0xC551, 0xBD51, 0xBD51, 0xBD51, 0xC572, 0xC592, 0xC591,
    0xC572, 0xC592, 0xC572, 0xC592, 0xCD92, 0xCDB2, 0xCDB2, 0xCD92,
    0xC551, 0xC591, 0xC571, 0xC571, 0xC571, 0xC550, 0xBD30, 0xB4EF,
    0xAC8D, 0xA44D, 0x93CA, 0x7B08, 0x836A, 0x93EB, 0x9C2C, 0xACAE,
    0xAC8E, 0xACAF, 0xACAF, 0xACCF, 0xB510, 0xB531, 0xB510, 0xB4F0,
    0xB510, 0xB4EF, 0xB531, 0xBD31, 0xB4F0, 0xB4F0, 0xB511, 0xACAF,
    0xB4F0, 0xB4F0, 0xB4F0, 0xACCF, 0xACCF, 0xB4EF, 0xB510, 0xB4F0,
    0xACCF, 0xACCF, 0xB4F0, 0xACCF, 0xACCF, 0xB4CE, 0xB4CF, 0xB4CF,
    0xACCF, 0xB4F0, 0xB4F0, 0xB4CF, 0xB4CF, 0xBD30, 0xB4CF, 0xB4EF,
    0xB4EF, 0xBD31, 0xBD51, 0xBD10, 0xBD30, 0xBD10, 0xB4EF, 0xBD31,
    0xBD51, 0xB4EF, 0xC571, 0xC551, 0xBD10, 0xC571, 0xBD51, 0xC550,
    0xBD51, 0xC551, 0xC531, 0xC571, 0xC592, 0xC592, 0xC551, 0xC592,
    0xC550, 0xCD92, 0xC571, 0xCDD3, 0xCDB3, 0xCDB2, 0xCD92, 0xCDB2,
    0xC593, 0xC591, 0xC571, 0xCD92, 0xC571, 0xCD91, 0xCDB2, 0xD5F3,
    0xCDD3, 0xCDD2, 0xCDB2, 0xCD91, 0xCD92, 0xD5F3, 0xCDB2, 0xD5F4,
    0xD5F3, 0xCDB2, 0xD5F3, 0xCDD3, 0xD5D3, 0xD614, 0xD5F3, 0xD5D3,
    0xDE14, 0xE635, 0xD5D3, 0xDE35, 0xD614, 0xD5F3, 0xDE35, 0xDE35,
    0xD614, 0xDE35, 0xDE35, 0xDE55, 0xDE14, 0xDE55, 0xDDF3, 0xDE14,
    0xDE56, 0xDE54, 0xDE14, 0xDE55, 0xDE76, 0xDE35, 0xDE55, 0xDE55,
    0xDE35, 0xDE55, 0xDE35, 0xDE55, 0xDE76, 0xDE35, 0xDE14, 0xDE34,
    0xD614, 0xD5F3, 0xCDB2, 0xBD30, 0xAC8D, 0x8B89, 0x7AE7, 0x9BCA,
    0xAC8E, 0xB4CF, 0xBCEF, 0xBD10, 0xBD30, 0xBD10, 0xC550, 0xBD30,
    0xC550, 0xCDD3, 0xCDB2, 0xCDD2, 0xCDB2, 0xD5D3, 0xCDB2, 0xD5D3,
    0xD5F3, 0xD5F4, 0xDE14, 0xD5D3, 0xDE14, 0xDE55, 0xDE35, 0xDE35,
    0xDE55, 0xDE76, 0xDE76, 0xEEB7, 0xDE77, 0x4207, 0x0000, 0x0000,
    0x0000, 0x0000, 0x0000, 0x0000, 0x0000, 0x0000, 0x0000, 0x0000,
    0x0000, 0x0000, 0x0000, 0x0000, 0x0000, 0x0000, 0x0000, 0x0000,
    0x0000, 0x0000, 0x0000, 0x0000, 0x0000, 0x0000, 0x0000, 0x0000,
    0x0000, 0x0000, 0x0000, 0x0000, 0x0000, 0x0000, 0x0000, 0x0000,
    0x0020, 0x0000, 0x840E, 0xEEFA, 0xCDF5, 0xCDF5, 0xC593, 0xBD72,
    0xBD72, 0xC572, 0xBD51, 0xBD51, 0xBD51, 0xC572, 0xC572, 0xC592,
    0xC592, 0xC572, 0xC572, 0xC592, 0xC571, 0xCD92, 0xCD92, 0xCD92,
    0xC571, 0xC592, 0xC571, 0xC571, 0xC551, 0xBD50, 0xBD30, 0xB4CF,
    0xA46D, 0x9C2C, 0x8BAA, 0x7B29, 0x836A, 0x93EB, 0xA44D, 0xACAE,
    0xAC8E, 0xACAF, 0xACAF, 0xB4F0, 0xB4F0, 0xB510, 0xB4F0, 0xB510,
    0xB510, 0xB4CF, 0xB531, 0xB510, 0xB4F0, 0xB4F0, 0xB4F0, 0xACAF,
    0xB4F0, 0xB4F0, 0xACCF, 0xACCF, 0xB4F0, 0xB4F0, 0xB4F0, 0xB4F0,
    0xACCF, 0xACAF, 0xB4F0, 0xACCF, 0xACEF, 0xAC8E, 0xB4EF, 0xB4CF,
    0xB4EF, 0xB510, 0xB510, 0xB4CF, 0xB4F0, 0xBD10, 0xB4CF, 0xB4EF,
    0xB510, 0xB4F0, 0xBD30, 0xB4EF, 0xBD10, 0xBD31, 0xB4EF, 0xBD30,
    0xBD31, 0xBD10, 0xC571, 0xBD51, 0xBD30, 0xC572, 0xBD51, 0xBD30,
    0xBD71, 0xC571, 0xBD30, 0xC571, 0xC593, 0xC571, 0xC551, 0xC592,
    0xBD30, 0xC571, 0xC571, 0xCD92, 0xCDB2, 0xCDB2, 0xC571, 0xC571,
    0xCDB3, 0xC591, 0xC571, 0xC592, 0xC571, 0xCD92, 0xCDB2, 0xCDB2,
    0xCDD3, 0xCDD3, 0xCDB2, 0xC571, 0xC591, 0xCDB2, 0xCDD3, 0xCDD3,
    0xCDD3, 0xCDD3, 0xCDB2, 0xCDB2, 0xCDB2, 0xD614, 0xD5D3, 0xD5D3,
    0xD5F4, 0xDE34, 0xCDB2, 0xD614, 0xD614, 0xD5D3, 0xD634, 0xDE14,
    0xD5F3, 0xDE35, 0xD614, 0xDE55, 0xD613, 0xDE55, 0xDE14, 0xD5F3,
    0xDE56, 0xDE55, 0xD5F4, 0xDE34, 0xDE55, 0xDE35, 0xDE35, 0xDE55,
    0xDE55, 0xDE55, 0xDE35, 0xDE35, 0xDE55, 0xDE35, 0xD5F4, 0xDE35,
    0xD614, 0xD5D3, 0xCDB2, 0xBD30, 0xA46D, 0x93AA, 0x7B08, 0x93AA,
    0xAC6D, 0xB4AE, 0xB4EE, 0xBD10, 0xBD30, 0xBD0F, 0xBD0F, 0xBD30,
    0xC571, 0xCDB2, 0xCD92, 0xCDB2, 0xCD92, 0xD5D3, 0xCDB2, 0xCDB2,
    0xD5F3, 0xD614, 0xDE34, 0xD5D3, 0xD5F3, 0xDE35, 0xD635, 0xDE35,
    0xDE55, 0xDE56, 0xDE56, 0xEED8, 0xBD94, 0x18C2, 0x0020, 0x0000,
    0x0000, 0x0000, 0x0000, 0x0000, 0x0000, 0x0000, 0x0000, 0x0000,
    0x0000, 0x0000, 0x0000, 0x0000, 0x0000, 0x0000, 0x0000, 0x0000,
    0x0000, 0x0000, 0x0000, 0x0000, 0x0000, 0x0000, 0x0000, 0x0000,
    0x0000, 0x0000, 0x0000, 0x0000, 0x0000, 0x0000, 0x0000, 0x0000,
    0x0000, 0x0000, 0x62EA, 0xDED9, 0xCE15, 0xCDD4, 0xC5B3, 0xBD52,
    0xBD72, 0xBD72, 0xBD51, 0xBD30, 0xBD51, 0xBD51, 0xC592, 0xC551,
    0xC571, 0xC592, 0xC592, 0xC592, 0xBD50, 0xC571, 0xC592, 0xC592,
    0xC592, 0xC571, 0xC551, 0xC551, 0xBD30, 0xBD30, 0xBD30, 0xB4CE,
    0xA42C, 0x93EB, 0x836A, 0x7B29, 0x8B8A, 0x9C0C, 0xA44D, 0xA46D,
    0xACAF, 0xACCF, 0xACCF, 0xB510, 0xB4F0, 0xB4EF, 0xB4CF, 0xB4F0,
    0xB4F0, 0xB510, 0xB510, 0xB510, 0xB510, 0xB4F0, 0xACCF, 0xB4F0,
    0xACD0, 0xACCF, 0xACAE, 0xB4CF, 0xACCF, 0xB4CF, 0xB4F0, 0xB4CF,
    0xACAE, 0xACAE, 0xB4EF, 0xACAE, 0xACAF, 0xACCF, 0xB4F0, 0xB4F0,
    0xB4EF, 0xB4F0, 0xB4CF, 0xB4EF, 0xB510, 0xB4F0, 0xB4EF, 0xB4F0,
    0xB4EF, 0xBD30, 0xBD10, 0xB4EF, 0xB510, 0xBD31, 0xBD31, 0xBD10,
    0xBD30, 0xBD30, 0xBD51, 0xBD10, 0xBD30, 0xC572, 0xBD51, 0xBD51,
    0xBD10, 0xC571, 0xBD51, 0xBD51, 0xC572, 0xC550, 0xC551, 0xC551,
    0xC571, 0xBD51, 0xC592, 0xC571, 0xC571, 0xCDB2, 0xC571, 0xC571,
    0xCDB2, 0xC572, 0xCDB2, 0xC592, 0xC571, 0xC571, 0xCDD3, 0xC571,
    0xCDB2, 0xCDD3, 0xCDB2, 0xCDB2, 0xCDB2, 0xCD91, 0xCDD2, 0xCDD3,
    0xCDB2, 0xCDD3, 0xCDB2, 0xCDB2, 0xCDD3, 0xD5F3, 0xD5F4, 0xD5F3,
    0xD5F3, 0xD5F3, 0xD5D3, 0xD634, 0xD614, 0xD5D2, 0xDE34, 0xDE34,
    0xD5F3, 0xD614, 0xD5D3, 0xD614, 0xDE14, 0xD614, 0xDE34, 0xD614,
    0xD614, 0xDE35, 0xD614, 0xD634, 0xDE55, 0xDE34, 0xDE34, 0xDE35,
    0xDE76, 0xDE55, 0xDE34, 0xDE35, 0xDE55, 0xDE35, 0xD614, 0xD614,
    0xD5F3, 0xD5D3, 0xCD92, 0xBD30, 0xA46D, 0x8BAA, 0x7B08, 0x8B8A,
    0xA42C, 0xAC8D, 0xB4CF, 0xBCEF, 0xB4EF, 0xBCEF, 0xBCEF, 0xC550,
    0xC551, 0xC571, 0xC592, 0xC591, 0xC571, 0xCDB2, 0xD5D3, 0xD5D3,
    0xCDD3, 0xCDD3, 0xD634, 0xD614, 0xD5F4, 0xD614, 0xD635, 0xDE55,
    0xDE55, 0xD615, 0xDE56, 0xEF19, 0x9C91, 0x1082, 0x0020, 0x0000,
    0x0000, 0x0000, 0x0000, 0x0000, 0x0000, 0x0000, 0x0000, 0x0000,
    0x0000, 0x0000, 0x0000, 0x0000, 0x0000, 0x0000, 0x0000, 0x0000,
    0x0000, 0x0000, 0x0000, 0x0000, 0x0000, 0x0000, 0x0000, 0x0000,
    0x0000, 0x0000, 0x0000, 0x0000, 0x0000, 0x0000, 0x0000, 0x0000,
    0x0000, 0x0000, 0x39A5, 0xDED9, 0xD635, 0xCDB4, 0xC5B3, 0xBD51,
    0xBD72, 0xBD51, 0xBD31, 0xBD10, 0xBD51, 0xBD72, 0xC592, 0xC571,
    0xC572, 0xC591, 0xC592, 0xC592, 0xC551, 0xC571, 0xC592, 0xC591,
    0xC591, 0xC592, 0xC550, 0xC550, 0xBD50, 0xBD10, 0xB510, 0xB4AE,
    0x9C0C, 0x93CB, 0x836A, 0x7B29, 0x8B8A, 0x9C2C, 0xA44D, 0xA46D,
    0xACAF, 0xACCF, 0xB4F0, 0xB4F0, 0xB4F0, 0xB4CF, 0xB4CF, 0xB4F0,
    0xB4F0, 0xB510, 0xB4CF, 0xB4F0, 0xB4F0, 0xB4EF, 0xACAF, 0xB4F0,
    0xACCF, 0xACCF, 0xACAF, 0xB4F0, 0xACAE, 0xB4CF, 0xB510, 0xACCF,
    0xACCE, 0xB4CE, 0xB4EF, 0xAC8E, 0xACAF, 0xB4EF, 0xACAF, 0xACCF,
    0xACCF, 0xB4F0, 0xACCF, 0xB4EF, 0xB4EF, 0xBD10, 0xB4EF, 0xB4EF,
    0xB4EF, 0xBD31, 0xB510, 0xB4CF, 0xB510, 0xBD31, 0xBD11, 0xBD10,
    0xBD30, 0xB510, 0xBD30, 0xBD10, 0xBD31, 0xC571, 0xBD51, 0xBD30,
    0xBD10, 0xC551, 0xC592, 0xBD51, 0xC551, 0xC530, 0xC572, 0xC551,
    0xC571, 0xC551, 0xBD71, 0xC591, 0xCD92, 0xCDB3, 0xC592, 0xC591,
    0xCDB2, 0xC571, 0xCD91, 0xBD51, 0xC571, 0xCD91, 0xCDD2, 0xCD91,
    0xCDB2, 0xCDD3, 0xCDD3, 0xCDB2, 0xCDD3, 0xCDB2, 0xCDD3, 0xCDF3,
    0xCDB2, 0xCDB2, 0xCDB2, 0xCDB2, 0xD5F3, 0xD5F4, 0xD5F4, 0xD613,
    0xCDD3, 0xD5F3, 0xD5F4, 0xD634, 0xD614, 0xCDD3, 0xDE13, 0xDE35,
    0xD614, 0xD5F3, 0xD5F4, 0xD5F3, 0xDE14, 0xD614, 0xDE34, 0xD614,
    0xD614, 0xDE35, 0xDE35, 0xDE34, 0xDE55, 0xDE14, 0xDE55, 0xDE35,
    0xDE56, 0xDE55, 0xDE34, 0xDE34, 0xDE55, 0xDE34, 0xDE34, 0xD614,
    0xD5F3, 0xD5D3, 0xCDB2, 0xBD30, 0xAC8E, 0x93AA, 0x7B07, 0x836A,
    0x9C0B, 0xAC6D, 0xB4AE, 0xB4EF, 0xB4CE, 0xB4EF, 0xBD0F, 0xC530,
    0xC571, 0xC551, 0xC571, 0xC571, 0xCD92, 0xCD92, 0xD5D2, 0xD5F4,
    0xD5F4, 0xCDD3, 0xD634, 0xD614, 0xD614, 0xD614, 0xD634, 0xDE34,
    0xDE55, 0xDE15, 0xDE56, 0xEF19, 0x732C, 0x0020, 0x0000, 0x0000,
    0x0000, 0x0000, 0x0000, 0x0000, 0x0000, 0x0000, 0x0000, 0x0000,
    0x0000, 0x0000, 0x0000, 0x0000, 0x0000, 0x0000, 0x0000, 0x0000,
    0x0000, 0x0000, 0x0000, 0x0000, 0x0000, 0x0000, 0x0000, 0x0000,
    0x0000, 0x0000, 0x0000, 0x0000, 0x0000, 0x0000, 0x0000, 0x0000,
    0x0000, 0x0000, 0x20E3, 0xCE37, 0xDE77, 0xC5B4, 0xC593, 0xBD51,
    0xBD72, 0xBD31, 0xBD31, 0xBD10, 0xBD51, 0xBD72, 0xC572, 0xC571,
    0xC572, 0xC550, 0xC592, 0xC592, 0xC551, 0xC571, 0xC592, 0xC551,
    0xC571, 0xC592, 0xBD30, 0xBD30, 0xBD50, 0xBD10, 0xB4F0, 0xAC6E,
    0x9C0C, 0x93CB, 0x838A, 0x7B49, 0x8B8A, 0x9C2C, 0xA48D, 0xA46D,
    0xACAE, 0xACAF, 0xB4F0, 0xB4F0, 0xB4F0, 0xB4AF, 0xB4F0, 0xB510,
    0xB4F0, 0xB4F0, 0xB4CF, 0xB4F0, 0xB4D0, 0xB4EF, 0xACAF, 0xB4F0,
    0xACCF, 0xACCF, 0xACCF, 0xB4F0, 0xACAE, 0xB4F0, 0xB510, 0xACCF,
    0xACCF, 0xB4CF, 0xB4EF, 0xAC8E, 0xACCF, 0xB4EF, 0xACAF, 0xACCF,
    0xACCF, 0xB4F0, 0xACCF, 0xB4EF, 0xB4AE, 0xBCF0, 0xB4EF, 0xB4EF,
    0xB510, 0xBD11, 0xB510, 0xB4CF, 0xB4F0, 0xBD11, 0xB4CF, 0xBD10,
    0xBD30, 0xB510, 0xBD30, 0xBD10, 0xBD51, 0xBD31, 0xBD51, 0xBD30,
    0xBD30, 0xBD51, 0xC592, 0xBD51, 0xBD30, 0xBD30, 0xC592, 0xC551,
    0xC551, 0xC571, 0xC550, 0xCDD3, 0xCDB3, 0xCDB3, 0xCDB3, 0xC550,
    0xC592, 0xC571, 0xC571, 0xBD30, 0xC551, 0xCDB2, 0xCDB2, 0xCD91,
    0xCDB2, 0xCDD3, 0xCDD3, 0xCD92, 0xCDD3, 0xCDB2, 0xCDD3, 0xCDF3,
    0xCDB2, 0xCDB2, 0xCDD3, 0xCDB2, 0xD5F3, 0xD5F4, 0xD614, 0xD5D3,
    0xD5D3, 0xD5F3, 0xD614, 0xD614, 0xD5F4, 0xD5F3, 0xD5F3, 0xDE35,
    0xD5F4, 0xD5F3, 0xD634, 0xD5F3, 0xD614, 0xD634, 0xD614, 0xD614,
    0xD634, 0xDE35, 0xDE35, 0xE635, 0xDE55, 0xDE14, 0xDE55, 0xDE35,
    0xDE35, 0xDE55, 0xDE34, 0xDE34, 0xDE55, 0xDE34, 0xDE34, 0xD614,
    0xD613, 0xCDD3, 0xCDB3, 0xC530, 0xACAE, 0x93CA, 0x7B08, 0x836A,
    0x9BEB, 0xAC4D, 0xB4AE, 0xB4EF, 0xB4CE, 0xB4EF, 0xBD0F, 0xBD30,
    0xC571, 0xC551, 0xC571, 0xC571, 0xCD92, 0xCD92, 0xCDB2, 0xD5F4,
    0xD614, 0xD5F3, 0xD614, 0xD5F4, 0xD614, 0xD614, 0xD614, 0xD614,
    0xDE55, 0xE655, 0xE656, 0xEED9, 0x41E6, 0x0000, 0x0000, 0x0000,
    0x0000, 0x0000, 0x0000, 0x0000, 0x0000, 0x0000, 0x0000, 0x0000,
    0x0000, 0x0000, 0x0000, 0x0000, 0x0000, 0x0000, 0x0000, 0x0000,
    0x0000, 0x0000, 0x0000, 0x0000, 0x0000, 0x0000, 0x0000, 0x0000,
    0x0000, 0x0000, 0x0000, 0x0000, 0x0000, 0x0000, 0x0000, 0x0000,
    0x0000, 0x0000, 0x10C2, 0x9CB1, 0xDED8, 0xC5B4, 0xC593, 0xBD52,
    0xBD72, 0xB531, 0xB531, 0xB510, 0xBD31, 0xBD72, 0xBD52, 0xC572,
    0xC572, 0xBD30, 0xC572, 0xC592, 0xBD51, 0xC551, 0xC551, 0xBD30,
    0xC571, 0xC571, 0xBD10, 0xBD10, 0xBD30, 0xB510, 0xB4EF, 0xA46D,
    0x9C0C, 0x93EC, 0x8BAB, 0x836A, 0x8BAB, 0x9C0C, 0xA48E, 0xA46E,
    0xACAE, 0xACAF, 0xACEF, 0xB510, 0xB4F0, 0xACAF, 0xB4F0, 0xB510,
    0xB4F0, 0xB4F0, 0xB4F0, 0xB4F0, 0xACCF, 0xB4F0, 0xACCF, 0xB4F0,
    0xACCF, 0xACAE, 0xACCF, 0xB4F0, 0xACCF, 0xB4D0, 0xB510, 0xB4F0,
    0xACAF, 0xB4CF, 0xB4EF, 0xACCF, 0xAC8E, 0xB4EF, 0xB4F0, 0xACCF,
    0xB4EF, 0xB4F0, 0xACCF, 0xB4EF, 0xACAE, 0xACAF, 0xB4CF, 0xB4EF,
    0xB510, 0xB510, 0xB510, 0xB4EF, 0xB4CF, 0xB4F0, 0xB4EF, 0xBD30,
    0xB510, 0xB510, 0xBD31, 0xB510, 0xBD51, 0xBD31, 0xBD51, 0xBD30,
    0xBD30, 0xBD51, 0xBD51, 0xBD31, 0xBD30, 0xBD30, 0xC572, 0xBD30,
    0xBD30, 0xC571, 0xC551, 0xCDD3, 0xC571, 0xCD92, 0xCDB3, 0xBD30,
    0xC571, 0xC571, 0xC571, 0xC550, 0xBD30, 0xC592, 0xCDB3, 0xC592,
    0xCD92, 0xCDD3, 0xCDB2, 0xCDB2, 0xCDD3, 0xCDB2, 0xCDD3, 0xCDB2,
    0xCDB2, 0xCDB2, 0xCDD3, 0xCDB2, 0xCDD3, 0xD5F4, 0xD614, 0xCD92,
    0xD5F3, 0xD5F3, 0xD614, 0xD614, 0xD5F4, 0xD5F3, 0xD5F3, 0xD634,
    0xCDD3, 0xCDD3, 0xD634, 0xD614, 0xD614, 0xD635, 0xD614, 0xD5F4,
    0xD634, 0xD635, 0xD614, 0xDE35, 0xDE55, 0xDE35, 0xDE55, 0xDE35,
    0xD614, 0xDE35, 0xDE35, 0xDE35, 0xDE35, 0xDE35, 0xD614, 0xD614,
    0xD614, 0xCDD3, 0xCDB3, 0xC551, 0xACAE, 0x93EB, 0x834A, 0x836A,
    0x93EB, 0xA44D, 0xB4CE, 0xB4CF, 0xB4CF, 0xB4EF, 0xB4EF, 0xBD30,
    0xBD51, 0xC551, 0xC571, 0xC571, 0xC591, 0xCD92, 0xCDB3, 0xCDD3,
    0xD5F4, 0xD5F4, 0xCDF3, 0xCDF4, 0xD614, 0xCDF4, 0xCDF4, 0xD614,
    0xD635, 0xDE56, 0xEEB7, 0xC615, 0x18C2, 0x0000, 0x0000, 0x0000,
    0x0000, 0x0000, 0x0000, 0x0000, 0x0000, 0x0000, 0x0000, 0x0000,
    0x0000, 0x0000, 0x0000, 0x0000, 0x0000, 0x0000, 0x0000, 0x0000,
    0x0000, 0x0000, 0x0000, 0x0000, 0x0000, 0x0000, 0x0000, 0x0000,
    0x0000, 0x0000, 0x0000, 0x0000, 0x0000, 0x0000, 0x0000, 0x0000,
    0x0000, 0x0000, 0x0861, 0x62EB, 0xDED8, 0xCDF5, 0xC5D4, 0xBD72,
    0xB531, 0xB510, 0xB510, 0xB510, 0xB510, 0xBD72, 0xBD51, 0xBD31,
    0xBD71, 0xBD51, 0xBD51, 0xBD51, 0xC571, 0xBD30, 0xBD30, 0xB4EF,
    0xC551, 0xBD30, 0xBD30, 0xB510, 0xB510, 0xB4EF, 0xACCF, 0xA46D,
    0x940C, 0x9C4D, 0x93EC, 0x8B8B, 0x93CB, 0x9C0C, 0xA44D, 0xA48E,
    0xACAF, 0xACCF, 0xACCF, 0xB4EF, 0xACAF, 0xACCF, 0xB4F0, 0xB4F0,
    0xB510, 0xB510, 0xB510, 0xACCF, 0xACCF, 0xB4F0, 0xACCF, 0xACCF,
    0xACCF, 0xACAE, 0xB4F0, 0xB4F0, 0xB4F0, 0xAC8E, 0xB511, 0xACAF,
    0xACCF, 0xACCF, 0xB4F0, 0xACEF, 0xA44D, 0xACEF, 0xB511, 0xACAF,
    0xB4F0, 0xACCF, 0xACCF, 0xACCF, 0xB4CF, 0xACCF, 0xB4CF, 0xB4CF,
    0xB510, 0xBD31, 0xB510, 0xBD10, 0xB4CF, 0xB510, 0xBD10, 0xBD30,
    0xB4EF, 0xB4EF, 0xB4EF, 0xB510, 0xB510, 0xC572, 0xBD30, 0xBD31,
    0xBD10, 0xBD51, 0xC571, 0xBD10, 0xBD30, 0xBD30, 0xBD10, 0xBD50,
    0xBD30, 0xBD0F, 0xBD51, 0xCDB3, 0xBD30, 0xBD50, 0xC592, 0xC592,
    0xC571, 0xBD30, 0xC571, 0xC551, 0xBD0F, 0xBD50, 0xCDB3, 0xC592,
    0xCDB2, 0xCDB2, 0xCD92, 0xCDB2, 0xCDB3, 0xCD92, 0xCDD3, 0xCD92,
    0xCDB2, 0xCDB2, 0xCD92, 0xC591, 0xCDD3, 0xCDD3, 0xD5F4, 0xCDB2,
    0xCDD3, 0xD5D3, 0xCDB2, 0xD5F3, 0xD614, 0xCDD3, 0xD5F3, 0xD614,
    0xD614, 0xCDB2, 0xD5F3, 0xD5F3, 0xD635, 0xDE35, 0xD5F4, 0xD614,
    0xD5F4, 0xD614, 0xD634, 0xD614, 0xD634, 0xDE35, 0xDE35, 0xDE35,
    0xD614, 0xDE55, 0xDE55, 0xDE35, 0xD614, 0xD634, 0xD614, 0xD614,
    0xD614, 0xCDD3, 0xCDB2, 0xC571, 0xACCF, 0x93EB, 0x8B8A, 0x836A,
    0x8BCB, 0xA46D, 0xACAE, 0xACAE, 0xB4CF, 0xB4CF, 0xB4CE, 0xBD10,
    0xBD30, 0xBD51, 0xC551, 0xC571, 0xC551, 0xC592, 0xCD92, 0xC592,
    0xCDD3, 0xCDF4, 0xCDD3, 0xCDD3, 0xD5F4, 0xCDD3, 0xD5F4, 0xD615,
    0xD614, 0xD656, 0xEEF8, 0x8C2F, 0x0020, 0x0000, 0x0000, 0x0000,
    0x0000, 0x0000, 0x0000, 0x0000, 0x0000, 0x0000, 0x0000, 0x0000,
    0x0000, 0x0000, 0x0000, 0x0000, 0x0000, 0x0000, 0x0000, 0x0000,
    0x0000, 0x0000, 0x0000, 0x0000, 0x0000, 0x0000, 0x0000, 0x0000,
    0x0000, 0x0000, 0x0000, 0x0000, 0x0000, 0x0000, 0x0000, 0x0000,
    0x0000, 0x0000, 0x0020, 0x39A6, 0xCE16, 0xD636, 0xCDF5, 0xBD73,
    0xBD31, 0xB4F0, 0xB510, 0xB510, 0xBD31, 0xBD72, 0xB530, 0xB4F0,
    0xBD71, 0xBD71, 0xBD30, 0xBD51, 0xC571, 0xBD30, 0xC551, 0xB4EF,
    0xC551, 0xBD31, 0xB530, 0xB510, 0xB510, 0xB4CF, 0xACCE, 0xA46D,
    0x93EB, 0x93ED, 0x9C2D, 0x93AB, 0x93EB, 0x9C0C, 0xA44D, 0xA48E,
    0xACAF, 0xACCF, 0xACCF, 0xACAF, 0xACAF, 0xACCF, 0xACCF, 0xACCF,
    0xB4F0, 0xACEF, 0xB4F0, 0xACCF, 0xB4F0, 0xB4F0, 0xACCF, 0xACCF,
    0xACCF, 0xACAE, 0xB510, 0xACCF, 0xB4CF, 0xACCF, 0xB4F1, 0xACAF,
    0xB4CF, 0xACAF, 0xACCF, 0xACCF, 0xA46D, 0xB4F0, 0xB4F0, 0xAC8E,
    0xACCF, 0xB4EF, 0xB4F0, 0xACCF, 0xB4D0, 0xB4F0, 0xB4EF, 0xB4CF,
    0xB510, 0xBD10, 0xB510, 0xBD10, 0xB4EF, 0xBD30, 0xB510, 0xB510,
    0xB4EF, 0xB4EF, 0xB4EF, 0xBD11, 0xBD10, 0xC572, 0xBD10, 0xBD30,
    0xBD10, 0xBD71, 0xC592, 0xBD10, 0xBD10, 0xBD51, 0xBD10, 0xBD30,
    0xC551, 0xBD0F, 0xC572, 0xCDB3, 0xBD30, 0xBD50, 0xC5B2, 0xC5B2,
    0xC572, 0xBD10, 0xC551, 0xC572, 0xBD0F, 0xBD30, 0xC551, 0xC592,
    0xCDB2, 0xCD92, 0xCDB2, 0xCDB2, 0xCDD3, 0xCD92, 0xCDD3, 0xCDB2,
    0xCDB2, 0xCDD3, 0xC592, 0xC571, 0xCDD3, 0xCDB2, 0xD5F4, 0xD5F3,
    0xCDB2, 0xD5D3, 0xD5D3, 0xD5D2, 0xD614, 0xD5F3, 0xD5F3, 0xD5F3,
    0xD614, 0xD5D3, 0xD5F3, 0xCDD3, 0xD614, 0xDE35, 0xD5D3, 0xD614,
    0xD5F4, 0xD613, 0xD614, 0xD614, 0xD614, 0xDE55, 0xDE35, 0xDE35,
    0xDE34, 0xDE55, 0xDE55, 0xDE35, 0xDE35, 0xD634, 0xD614, 0xD614,
    0xD614, 0xCDD3, 0xCDB2, 0xC571, 0xB4CF, 0x93EB, 0x8BAA, 0x7B4A,
    0x7B29, 0xA46D, 0xAC8E, 0xAC8E, 0xB4CF, 0xB4CF, 0xACCE, 0xB510,
    0xBD10, 0xBD30, 0xBD30, 0xC550, 0xC551, 0xC571, 0xCD71, 0xC571,
    0xC5B2, 0xCDF4, 0xCDB2, 0xCDD2, 0xD5D4, 0xCDD4, 0xD614, 0xD614,
    0xD5F4, 0xDE56, 0xE6B7, 0x4A48, 0x0020, 0x0000, 0x0000, 0x0000,
    0x0000, 0x0000, 0x0000, 0x0000, 0x0000, 0x0000, 0x0000, 0x0000,
    0x0000, 0x0000, 0x0000, 0x0000, 0x0000, 0x0000, 0x0000, 0x0000,
    0x0000, 0x0000, 0x0000, 0x0000, 0x0000, 0x0000, 0x0000, 0x0000,
    0x0000, 0x0000, 0x0000, 0x0000, 0x0000, 0x0000, 0x0000, 0x0000,
    0x0000, 0x0000, 0x0020, 0x18C3, 0x9CD2, 0xDEB8, 0xCDF5, 0xC573,
    0xBD71, 0xB4F0, 0xB510, 0xB510, 0xBD31, 0xBD31, 0xB4F0, 0xB4F0,
    0xBD31, 0xBD30, 0xBD10, 0xBD31, 0xBD50, 0xBD30, 0xC571, 0xB50F,
    0xBD51, 0xBD31, 0xB4EF, 0xB4F0, 0xB510, 0xB4AF, 0xAC8D, 0xA48D,
    0x836A, 0x732B, 0x9C6F, 0x93EB, 0x93EC, 0x9C0C, 0xA44D, 0xA46E,
    0xACAF, 0xACCF, 0xACCF, 0xACAF, 0xACAF, 0xACCF, 0xACCF, 0xACCF,
    0xB4CF, 0xACCF, 0xB4F0, 0xB4CF, 0xB4F0, 0xB4F0, 0xACCF, 0xACCF,
    0xACCF, 0xACCF, 0xB510, 0xACAE, 0xACCF, 0xACF0, 0xB4CF, 0xACCF,
    0xB4CF, 0xAC8F, 0xACAF, 0xACCF, 0xA4AE, 0xB4F0, 0xB4AE, 0xAC8E,
    0xACAF, 0xB510, 0xB510, 0xACAF, 0xB510, 0xB4F0, 0xB4EF, 0xB4CF,
    0xB510, 0xB4F0, 0xB510, 0xB510, 0xB510, 0xBD10, 0xB530, 0xB4F0,
    0xB4EF, 0xB510, 0xB510, 0xBD51, 0xBD30, 0xBD31, 0xBD52, 0xBD30,
    0xBD10, 0xBD71, 0xC552, 0xBD30, 0xBD10, 0xBD31, 0xC551, 0xBD30,
    0xC571, 0xC551, 0xC572, 0xC571, 0xBD30, 0xC572, 0xCDB3, 0xC572,
    0xC551, 0xC551, 0xC551, 0xC592, 0xBD0F, 0xBD30, 0xBD30, 0xC592,
    0xCDB2, 0xCD92, 0xCDB2, 0xCDB2, 0xCDD3, 0xCD92, 0xCDB1, 0xCDB2,
    0xC592, 0xCDD3, 0xC5B2, 0xC571, 0xCDD3, 0xCDD3, 0xCDB3, 0xD5F3,
    0xCDB2, 0xCDD3, 0xD613, 0xCDB2, 0xD614, 0xD5F4, 0xD5F3, 0xCDD3,
    0xD5D3, 0xD5D3, 0xD5F3, 0xCDD3, 0xD5F3, 0xD635, 0xD5F3, 0xD5F4,
    0xD614, 0xD5F3, 0xD5D4, 0xD634, 0xD5F4, 0xDE55, 0xDE35, 0xDE35,
    0xDE34, 0xDE35, 0xDE55, 0xDE35, 0xDE35, 0xD614, 0xD614, 0xD614,
    0xD614, 0xD5D3, 0xCDB3, 0xC571, 0xB4CF, 0x940C, 0x8BCB, 0x7B4A,
    0x5A67, 0xA46D, 0xAC8D, 0xAC8E, 0xB4CF, 0xB4EF, 0xACCE, 0xB510,
    0xBD10, 0xBD30, 0xBD30, 0xBD10, 0xBD50, 0xC551, 0xC571, 0xC591,
    0xC572, 0xCDB3, 0xCDB2, 0xCDB2, 0xCDB3, 0xCDD4, 0xCDD4, 0xD5F4,
    0xCDB4, 0xE697, 0xACF1, 0x18C2, 0x0020, 0x0000, 0x0000, 0x0000,
    0x0000, 0x0000, 0x0000, 0x0000, 0x0000, 0x0000, 0x0000, 0x0000,
    0x0000, 0x0000, 0x0000, 0x0000, 0x0000, 0x0000, 0x0000, 0x0000,
    0x0000, 0x0000, 0x0000, 0x0000, 0x0000, 0x0000, 0x0000, 0x0000,
    0x0000, 0x0000, 0x0000, 0x0000, 0x0000, 0x0000, 0x0000, 0x0000,
    0x0000, 0x0000, 0x0820, 0x0000, 0x5AEA, 0xDEB8, 0xCDF5, 0xC593,
    0xBD52, 0xB4F0, 0xB511, 0xACF0, 0xB510, 0xB510, 0xB4F0, 0xB4F0,
    0xB510, 0xB4EF, 0xB510, 0xBD10, 0xBD30, 0xBD51, 0xBD10, 0xBD10,
    0xBD51, 0xBD51, 0xB4CF, 0xACCF, 0xB4F0, 0xAC8E, 0xA44D, 0xA48E,
    0x5A47, 0x62C9, 0xA48F, 0x940C, 0x93EC, 0x9C2D, 0xA46E, 0xA46E,
    0xACAE, 0xACCF, 0xACAF, 0xACCF, 0xACAF, 0xACCF, 0xB4F0, 0xACEF,
    0xACCF, 0xB4EF, 0xB4F0, 0xB4EF, 0xB4F0, 0xACF0, 0xACCF, 0xACAE,
    0xACAF, 0xACF0, 0xACD0, 0xAC8E, 0xACCF, 0xACCF, 0xACCF, 0xACAF,
    0xACCF, 0xAC8E, 0xACAF, 0xACCF, 0xACCF, 0xB4EF, 0xAC8E, 0xACAE,
    0xACCF, 0xB4F0, 0xB4EF, 0xACAF, 0xB531, 0xB4F0, 0xB4F0, 0xB4EF,
    0xB510, 0xB4F0, 0xB510, 0xB510, 0xB531, 0xB4CF, 0xBD51, 0xB4F0,
    0xB510, 0xB510, 0xB4F0, 0xBD51, 0xBD30, 0xB510, 0xBD72, 0xBD30,
    0xB510, 0xBD51, 0xBD31, 0xBD51, 0xBD10, 0xBD10, 0xC571, 0xBD30,
    0xC571, 0xC592, 0xBD51, 0xC551, 0xBD10, 0xC592, 0xCDB3, 0xBD51,
    0xBD30, 0xC592, 0xC571, 0xC592, 0xBD30, 0xBD30, 0xC571, 0xC592,
    0xCDB2, 0xCDB3, 0xCDB3, 0xCDB2, 0xCDD3, 0xC571, 0xC591, 0xCDB2,
    0xC571, 0xCD92, 0xCDF3, 0xC571, 0xCDB2, 0xCDF4, 0xCD92, 0xCDD3,
    0xCDD3, 0xCDD3, 0xD5F3, 0xCDB2, 0xCDD3, 0xD5F4, 0xCDD3, 0xCDD3,
    0xD5D3, 0xCDB2, 0xCDD3, 0xD5D3, 0xD5F3, 0xD615, 0xD614, 0xCDD3,
    0xD614, 0xCDD3, 0xD5D3, 0xD634, 0xD614, 0xD614, 0xD614, 0xD634,
    0xD614, 0xD614, 0xDE35, 0xDE35, 0xDE35, 0xD614, 0xD635, 0xD5F4,
    0xD5F4, 0xD5F4, 0xCDB3, 0xC571, 0xACCF, 0x940C, 0x93EC, 0x732A,
    0x3984, 0x8BCB, 0xAC8D, 0xAC8D, 0xACAE, 0xB4EF, 0xACAE, 0xB4EF,
    0xB4EF, 0xB510, 0xBD30, 0xBD10, 0xBD30, 0xBD51, 0xBD51, 0xC592,
    0xC572, 0xC592, 0xC592, 0xC592, 0xC592, 0xCDD3, 0xC593, 0xCDD4,
    0xCDF4, 0xDE77, 0x4A47, 0x0000, 0x0000, 0x0000, 0x0000, 0x0000,
    0x0000, 0x0000, 0x0000, 0x0000, 0x0000, 0x0000, 0x0000, 0x0000,
    0x0000, 0x0000, 0x0000, 0x0000, 0x0000, 0x0000, 0x0000, 0x0000,
    0x0000, 0x0000, 0x0000, 0x0000, 0x0000, 0x0000, 0x0000, 0x0000,
    0x0000, 0x0000, 0x0000, 0x0000, 0x0000, 0x0000, 0x0000, 0x0000,
    0x0000, 0x0000, 0x0000, 0x0000, 0x18C2, 0xAD53, 0xD657, 0xBD93,
    0xB511, 0xACF0, 0xB4F0, 0xACF0, 0xACCF, 0xB4F0, 0xB4CF, 0xACCF,
    0xB4CF, 0xB510, 0xB510, 0xB4EF, 0xBD31, 0xBD51, 0xB4EF, 0xBD31,
    0xBD51, 0xBD51, 0xB4F0, 0xACAE, 0xAC8E, 0xA46D, 0xA42D, 0x8BAB,
    0x18C2, 0x6B0A, 0xA4AF, 0x93EC, 0x93EC, 0x9C2D, 0x9C4D, 0xA48E,
    0xA48E, 0xACAE, 0xAC8E, 0xACCF, 0xACCF, 0xACCF, 0xB510, 0xB4F0,
    0xB4F0, 0xB4F0, 0xB4F0, 0xACCF, 0xACF0, 0xB4F0, 0xACAF, 0xACAE,
    0xACAF, 0xACD0, 0xAC8E, 0xACAE, 0xACCF, 0xACAE, 0xB4F0, 0xACCF,
    0xACCF, 0xACAE, 0xACAF, 0xACAF, 0xACAF, 0xACCF, 0xACAF, 0xACAF,
    0xB510, 0xB4EF, 0xB4EF, 0xB510, 0xB4F0, 0xACAE, 0xB4CF, 0xACCF,
    0xB4EF, 0xB4F0, 0xACCF, 0xBD31, 0xBD31, 0xB4EF, 0xB510, 0xB4EF,
    0xB510, 0xBD30, 0xB4AE, 0xBD31, 0xB510, 0xB4CF, 0xB510, 0xBD51,
    0xBD30, 0xBD30, 0xBD51, 0xBD51, 0xBD10, 0xBD30, 0xB4EF, 0xBD30,
    0xBD51, 0xBD51, 0xC551, 0xC572, 0xBD30, 0xC571, 0xC572, 0xC551,
    0xBD30, 0xC551, 0xC592, 0xC571, 0xBD30, 0xBD0F, 0xC571, 0xC5B2,
    0xC571, 0xCDB3, 0xCDB3, 0xCDB2, 0xCD92, 0xC571, 0xC592, 0xC592,
    0xC592, 0xCD92, 0xCDB3, 0xC551, 0xCDB2, 0xCDF4, 0xC592, 0xCD92,
    0xCDD3, 0xCDD3, 0xCDB2, 0xD614, 0xCDB2, 0xCDD3, 0xCDD3, 0xCDD3,
    0xD635, 0xCDB2, 0xCDB2, 0xD5F3, 0xD614, 0xD5F4, 0xD615, 0xD5D3,
    0xD614, 0xD5F4, 0xD5F3, 0xD614, 0xD634, 0xD5F3, 0xD614, 0xDE35,
    0xDE35, 0xD634, 0xDE35, 0xD614, 0xDE35, 0xD635, 0xDE35, 0xD614,
    0xD5F3, 0xD5F4, 0xC592, 0xBD31, 0xACAE, 0x940C, 0x940C, 0x6AE9,
    0x1082, 0x5226, 0xAC8E, 0xA46D, 0xA46D, 0xACAE, 0xACAE, 0xACAE,
    0xB4CF, 0xACCF, 0xACAE, 0xB510, 0xBD31, 0xBD30, 0xB50F, 0xBD51,
    0xC5B3, 0xC572, 0xC571, 0xC592, 0xC592, 0xCDD3, 0xC5B3, 0xC572,
    0xDE56, 0xB553, 0x0861, 0x0000, 0x0000, 0x0000, 0x0000, 0x0000,
    0x0000, 0x0000, 0x0000, 0x0000, 0x0000, 0x0000, 0x0000, 0x0000,
    0x0000, 0x0000, 0x0000, 0x0000, 0x0000, 0x0000, 0x0000, 0x0000,
    0x0000, 0x0000, 0x0000, 0x0000, 0x0000, 0x0000, 0x0000, 0x0000,
    0x0000, 0x0000, 0x0000, 0x0000, 0x0000, 0x0000, 0x0000, 0x0000,
    0x0000, 0x0000, 0x0000, 0x0000, 0x0000, 0x5AEA, 0xD657, 0xBD93,
    0xB511, 0xB511, 0xACD0, 0xACF0, 0xB4D0, 0xB4F0, 0xACCF, 0xACCF,
    0xACAF, 0xB510, 0xBD51, 0xACCF, 0xBD10, 0xBD31, 0xB4EF, 0xBD31,
    0xBD51, 0xBD52, 0xACEF, 0xACCE, 0xA48E, 0xA44C, 0xA46D, 0x6288,
    0x0861, 0x6AEA, 0xA48F, 0x93ED, 0x93EC, 0x940C, 0x9C4D, 0xA48E,
    0xA46D, 0xA48E, 0xAC8E, 0xACAF, 0xACCF, 0xACCF, 0xB4F0, 0xB4F0,
    0xB4F0, 0xB4F0, 0xB4EF, 0xB4D0, 0xACF0, 0xB4CF, 0xACAE, 0xACCF,
    0xACCF, 0xACD0, 0xAC8E, 0xACCF, 0xACCF, 0xACAF, 0xACAF, 0xACCF,
    0xB4F0, 0xACAE, 0xA46E, 0xACAE, 0xACAF, 0xB4D0, 0xB4CF, 0xACAE,
    0xB4CF, 0xACCF, 0xB4F0, 0xB510, 0xACCF, 0xACAE, 0xB4EF, 0xB4F0,
    0xB4F0, 0xB4CF, 0xB4CF, 0xBD31, 0xBD31, 0xB4EF, 0xB4CF, 0xB50F,
    0xBD30, 0xBD10, 0xB4CE, 0xBD31, 0xBD30, 0xB4D0, 0xB510, 0xBD51,
    0xBD30, 0xBD31, 0xBD51, 0xB510, 0xBD30, 0xC571, 0xBCEF, 0xBD51,
    0xBD51, 0xBD51, 0xC571, 0xC572, 0xC551, 0xC50F, 0xBD51, 0xC571,
    0xC550, 0xBD51, 0xC591, 0xC572, 0xBD30, 0xBCEF, 0xC571, 0xCDB3,
    0xC571, 0xCDB2, 0xD5F4, 0xCDB2, 0xCD92, 0xCDB2, 0xC592, 0xC551,
    0xC592, 0xC592, 0xCD92, 0xCD72, 0xCDB2, 0xCDF3, 0xCD92, 0xCDB2,
    0xCDF4, 0xCDD3, 0xCD92, 0xD614, 0xCDD3, 0xD5F4, 0xD5F4, 0xCDD2,
    0xD614, 0xCDD3, 0xD5D3, 0xD5F4, 0xD614, 0xD5F4, 0xCDD4, 0xD5D3,
    0xD5F3, 0xD614, 0xD5D3, 0xD5F4, 0xD635, 0xD614, 0xD614, 0xDE35,
    0xE635, 0xD634, 0xDE35, 0xDE35, 0xDE35, 0xD635, 0xDE14, 0xD5F4,
    0xD5D3, 0xD5D3, 0xC592, 0xB510, 0xA46E, 0x9C2C, 0x9C0C, 0x62E9,
    0x0861, 0x20E1, 0x940C, 0xAC6E, 0xA46D, 0xACAE, 0xACAE, 0xAC8E,
    0xB4AE, 0xACCF, 0xACAE, 0xB4EF, 0xBD10, 0xBCF0, 0xB50F, 0xBD30,
    0xC592, 0xC593, 0xC572, 0xC571, 0xC572, 0xCD93, 0xC593, 0xC593,
    0xDE56, 0x734C, 0x0000, 0x0000, 0x0000, 0x0000, 0x0000, 0x0000,
    0x0000, 0x0000, 0x0000, 0x0000, 0x0000, 0x0000, 0x0000, 0x0000,
    0x0000, 0x0000, 0x0000, 0x0000, 0x0000, 0x0000, 0x0000, 0x0000,
    0x0000, 0x0000, 0x0000, 0x0000, 0x0000, 0x0000, 0x0000, 0x0000,
    0x0000, 0x0000, 0x0000, 0x0000, 0x0000, 0x0000, 0x0000, 0x0000,
    0x0000, 0x0000, 0x0000, 0x0000, 0x0000, 0x18E3, 0xAD12, 0xD616,
    0xB531, 0xB511, 0xACD0, 0xACF0, 0xB4F0, 0xB4F0, 0xACCF, 0xACAF,
    0xACAF, 0xB510, 0xBD51, 0xACCF, 0xACCE, 0xBD31, 0xB4EF, 0xBD11,
    0xB531, 0xBD52, 0xACCF, 0xACCF, 0xA48E, 0xA48E, 0x8BAB, 0x2923,
    0x0860, 0x5A88, 0xA48F, 0x940D, 0x93EC, 0x940C, 0xA44D, 0xA46E,
    0xA46D, 0xA48E, 0xACAF, 0xACAF, 0xACCF, 0xACCF, 0xB4D0, 0xB4F0,
    0xACF0, 0xB4F0, 0xB4EF, 0xB4F0, 0xACF0, 0xACCF, 0xACAE, 0xACF0,
    0xACCF, 0xACD0, 0xACCF, 0xACAF, 0xACAF, 0xACCF, 0xA46E, 0xACAF,
    0xB4F0, 0xAC8E, 0xA46E, 0xACAE, 0xACCF, 0xB4F0, 0xB4EF, 0xACAE,
    0xAC8E, 0xACAF, 0xB4F0, 0xB4CF, 0xACCF, 0xACCF, 0xB510, 0xB510,
    0xB4F0, 0xB4CF, 0xB4F0, 0xBD11, 0xBD11, 0xB4EF, 0xB4CF, 0xB510,
    0xBD0F, 0xB510, 0xB4EF, 0xBD71, 0xBD30, 0xB4F0, 0xB510, 0xBD0F,
    0xBD30, 0xBD11, 0xBD51, 0xB4F0, 0xBD30, 0xC572, 0xBD10, 0xBD51,
    0xBD31, 0xC571, 0xC571, 0xC570, 0xC591, 0xBD0F, 0xC551, 0xC571,
    0xC572, 0xBD71, 0xC571, 0xC572, 0xBD30, 0xC531, 0xC571, 0xCD93,
    0xC571, 0xCDB2, 0xD5F4, 0xCDB2, 0xC592, 0xCDB2, 0xCD92, 0xCD72,
    0xCDB3, 0xC592, 0xCD92, 0xCD92, 0xCD72, 0xCDB3, 0xCDB2, 0xCDB2,
    0xCDD4, 0xCDB3, 0xCDB2, 0xD5D4, 0xCDD3, 0xD5F4, 0xD5F4, 0xCDB2,
    0xD5D3, 0xCDD3, 0xD5F3, 0xD5F4, 0xD5F3, 0xD5F4, 0xCDB3, 0xCDD3,
    0xD5F3, 0xD614, 0xD5F4, 0xD5F4, 0xD635, 0xD614, 0xD614, 0xD613,
    0xDE35, 0xD614, 0xDE35, 0xE635, 0xDE35, 0xD614, 0xD614, 0xD5F4,
    0xCDD3, 0xCDB3, 0xC572, 0xB510, 0xA46E, 0x9C2D, 0x9C4D, 0x5A88,
    0x1081, 0x0840, 0x5246, 0xACAE, 0xA46D, 0xAC8E, 0xACAE, 0xAC8E,
    0xAC8D, 0xACCF, 0xACAE, 0xB4CF, 0xB4CE, 0xB4F0, 0xB510, 0xBD30,
    0xBD10, 0xC593, 0xBD72, 0xBD31, 0xBD52, 0xBD52, 0xC593, 0xD636,
    0x944F, 0x2104, 0x0040, 0x0000, 0x0000, 0x0000, 0x0000, 0x0000,
    0x0000, 0x0000, 0x0000, 0x0000, 0x0000, 0x0000, 0x0000, 0x0000,
    0x0000, 0x0000, 0x0000, 0x0000, 0x0000, 0x0000, 0x0000, 0x0000,
    0x0000, 0x0000, 0x0000, 0x0000, 0x0000, 0x0000, 0x0000, 0x0000,
    0x0000, 0x0000, 0x0000, 0x0000, 0x0000, 0x0000, 0x0000, 0x0000,
    0x0000, 0x0000, 0x0000, 0x0000, 0x0000, 0x0020, 0x5ACA, 0xC615,
    0xBD73, 0xB511, 0xACD0, 0xACF0, 0xACCF, 0xACCF, 0xACAF, 0xAC8E,
    0xACAF, 0xACF0, 0xB511, 0xB510, 0xACCF, 0xBD31, 0xACCF, 0xB4F0,
    0xACF0, 0xB510, 0xACCF, 0xACAF, 0xA48E, 0xACAF, 0x5226, 0x0020,
    0x0840, 0x4A07, 0xA4AF, 0x9C2D, 0x93EC, 0x940C, 0xA44D, 0xA46E,
    0xA46E, 0xA48E, 0xACAF, 0xACCF, 0xACAF, 0xACAF, 0xACD0, 0xACF0,
    0xACF0, 0xACCF, 0xB4EF, 0xACF0, 0xACF0, 0xACCF, 0xACCF, 0xACF0,
    0xACAF, 0xACD0, 0xACCF, 0xAC8E, 0xACAF, 0xACCF, 0xA46E, 0xACAF,
    0xACD0, 0xAC8E, 0xA48E, 0xACAE, 0xACCF, 0xB4F0, 0xACCF, 0xACAF,
    0xA48E, 0xACAF, 0xB4EF, 0xACCF, 0xB4CF, 0xACCF, 0xB4F0, 0xB510,
    0xACCF, 0xB4EF, 0xB4F0, 0xB4F0, 0xB4F0, 0xB4CF, 0xB510, 0xB4F0,
    0xB4EF, 0xB510, 0xB4EF, 0xBD51, 0xB510, 0xB510, 0xB510, 0xB4EF,
    0xBD30, 0xBD10, 0xBD30, 0xBD30, 0xBD30, 0xBD51, 0xBD30, 0xBD51,
    0xBD31, 0xC571, 0xC572, 0xBD50, 0xC571, 0xBD51, 0xC551, 0xBD51,
    0xC572, 0xC592, 0xBD51, 0xC571, 0xBD30, 0xC551, 0xC571, 0xC572,
    0xC571, 0xCDD3, 0xCDB3, 0xCD92, 0xC592, 0xC571, 0xCD92, 0xCDB3,
    0xCDB3, 0xCDB3, 0xCDB2, 0xC592, 0xC571, 0xCD92, 0xCDB2, 0xCDB2,
    0xCDB3, 0xCDB2, 0xCDD3, 0xCDD3, 0xCDB3, 0xCDD3, 0xD5F4, 0xCDB3,
    0xCDD3, 0xCDD3, 0xCDD3, 0xD614, 0xCDD3, 0xD5F4, 0xD5F4, 0xCDB2,
    0xCDF3, 0xD5F4, 0xD614, 0xD5F3, 0xD635, 0xD614, 0xD614, 0xD5F3,
    0xD614, 0xD614, 0xD614, 0xDE35, 0xD635, 0xD614, 0xD614, 0xD614,
    0xCDD3, 0xCDB3, 0xBD51, 0xB530, 0xA46E, 0x9C2D, 0x9C4D, 0x39A5,
    0x0840, 0x0000, 0x1060, 0x942C, 0xB4CE, 0xA48E, 0xACAE, 0xA48E,
    0xA46D, 0xACAE, 0xA48E, 0xACAE, 0xAC8E, 0xACCF, 0xB4F0, 0xBD31,
    0xB4F0, 0xBD52, 0xBD52, 0xB511, 0xBD72, 0xC573, 0xCDF5, 0xBDB4,
    0x2944, 0x0000, 0x0000, 0x0000, 0x0000, 0x0000, 0x0000, 0x0000,
    0x0000, 0x0000, 0x0000, 0x0000, 0x0000, 0x0000, 0x0000, 0x0000,
    0x0000, 0x0000, 0x0000, 0x0000, 0x0000, 0x0000, 0x0000, 0x0000,
    0x0000, 0x0000, 0x0000, 0x0000, 0x0000, 0x0000, 0x0000, 0x0000,
    0x0000, 0x0000, 0x0000, 0x0000, 0x0000, 0x0000, 0x0000, 0x0000,
    0x0000, 0x0000, 0x0000, 0x0000, 0x0000, 0x0000, 0x18E3, 0x7BAD,
    0xC5D5, 0xB512, 0xACD0, 0xACD0, 0xACAF, 0xA4AF, 0xA48F, 0xA48E,
    0xA48F, 0xACCF, 0xB4F0, 0xB511, 0xB531, 0xACF0, 0xA48E, 0xACCF,
    0xACCF, 0xACAF, 0xACCF, 0xA48E, 0xACAF, 0x9C6E, 0x2103, 0x0000,
    0x1061, 0x41E6, 0x9C8F, 0xA48F, 0x9C2D, 0x9C2D, 0x9C4D, 0xA48E,
    0xA48E, 0xA48E, 0xACAF, 0xACAF, 0xACAF, 0xACAF, 0xACCF, 0xACCF,
    0xB4F0, 0xACCF, 0xB4F0, 0xACD0, 0xACCF, 0xACAF, 0xACAF, 0xACF0,
    0xACAF, 0xACCF, 0xACAF, 0xA46E, 0xACCF, 0xACAF, 0xACAE, 0xACCF,
    0xACAF, 0xACAF, 0xA48E, 0xACAF, 0xACAF, 0xACAF, 0xACF0, 0xACAF,
    0xA46D, 0xACAF, 0xB4F0, 0xB4F0, 0xACCF, 0xACCF, 0xACCF, 0xACCF,
    0xACAF, 0xB4CF, 0xB4EF, 0xACCF, 0xB510, 0xB4CF, 0xB510, 0xB4EF,
    0xB510, 0xB510, 0xB4CF, 0xB510, 0xB510, 0xB510, 0xB4EF, 0xBD31,
    0xBD51, 0xBD30, 0xB4EF, 0xBD30, 0xBD31, 0xBD30, 0xBD30, 0xBD30,
    0xC571, 0xBD31, 0xC551, 0xBD30, 0xBD30, 0xC571, 0xBD51, 0xBD30,
    0xC551, 0xC592, 0xBD30, 0xC551, 0xBD30, 0xBD30, 0xC571, 0xC572,
    0xC571, 0xCDD4, 0xCDD3, 0xC592, 0xC571, 0xC572, 0xC592, 0xCDB2,
    0xC571, 0xCDB2, 0xCDB3, 0xC592, 0xCDB2, 0xC592, 0xC592, 0xC571,
    0xCDD3, 0xCDD3, 0xCDD3, 0xD5F4, 0xCDD3, 0xCDD3, 0xCDD3, 0xCDD3,
    0xCDD3, 0xCDB2, 0xCDD3, 0xD614, 0xD5F3, 0xD5F4, 0xD5F4, 0xCDD3,
    0xD5F4, 0xCDD3, 0xCDD3, 0xD5F4, 0xD635, 0xD614, 0xD635, 0xD614,
    0xD614, 0xD635, 0xD614, 0xD635, 0xD614, 0xD5F4, 0xD614, 0xD614,
    0xCDD3, 0xCDB3, 0xBD51, 0xB4F0, 0xA46E, 0x9C4D, 0x8BCC, 0x20E3,
    0x0000, 0x0000, 0x0000, 0x5A88, 0xBD0F, 0xAC8F, 0xAC6E, 0xACAE,
    0xA48E, 0xA48E, 0xA48E, 0xA46D, 0xA46D, 0xA46E, 0xACEF, 0xACAF,
    0xB510, 0xB531, 0xBD52, 0xB4F1, 0xBD52, 0xCDF5, 0xBDB4, 0x52A8,
    0x0000, 0x0000, 0x0000, 0x0000, 0x0000, 0x0000, 0x0000, 0x0000,
    0x0000, 0x0000, 0x0000, 0x0000, 0x0000, 0x0000, 0x0000, 0x0000,
    0x0000, 0x0000, 0x0000, 0x0000, 0x0000, 0x0000, 0x0000, 0x0000,
    0x0000, 0x0000, 0x0000, 0x0000, 0x0000, 0x0000, 0x0000, 0x0000,
    0x0000, 0x0000, 0x0000, 0x0000, 0x0000, 0x0000, 0x0000, 0x0000,
    0x0000, 0x0000, 0x0000, 0x0000, 0x0000, 0x0000, 0x0020, 0x18C2,
    0x738C, 0xC5B4, 0xB511, 0xA48F, 0xACAF, 0xACCF, 0xA4AF, 0xA48F,
    0xA46E, 0xA48E, 0xB4CF, 0xACAF, 0xB4F0, 0xACCF, 0x9C6E, 0xA4CE,
    0xACAE, 0xA46E, 0xA46E, 0xACAF, 0xA46E, 0x4A06, 0x0881, 0x0020,
    0x0020, 0x2944, 0xA4B0, 0xACB0, 0x9C4E, 0xA44E, 0x9C4D, 0xA46E,
    0xA48E, 0xA48E, 0xA48F, 0xACAF, 0xACCF, 0xACCF, 0xACAF, 0xACCF,
    0xB4F0, 0xACCF, 0xACD0, 0xACD0, 0xACCF, 0xACAF, 0xACAF, 0xACCF,
    0xA48E, 0xACAF, 0xA48E, 0xA46E, 0xACCF, 0xA48E, 0xACAF, 0xACAF,
    0xACAF, 0xACAF, 0xA46E, 0xACAF, 0xA48E, 0xACAE, 0xACCF, 0xA48E,
    0xAC6D, 0xACAF, 0xACCF, 0xACD0, 0xACAF, 0xACCF, 0xACAE, 0xACAE,
    0xACAF, 0xACAE, 0xACCF, 0xACCF, 0xB510, 0xB4CF, 0xB4F0, 0xB4EF,
    0xB510, 0xB510, 0xB4EF, 0xB510, 0xB4F0, 0xB4F0, 0xB4CF, 0xBD31,
    0xBD51, 0xBD10, 0xB4EF, 0xB510, 0xC552, 0xBD30, 0xBD30, 0xBD10,
    0xC550, 0xBD30, 0xC551, 0xBD51, 0xBD10, 0xC550, 0xBD30, 0xC550,
    0xBD51, 0xC571, 0xBD50, 0xC551, 0xBD30, 0xBD30, 0xC572, 0xC592,
    0xC592, 0xCDD3, 0xCDB3, 0xC591, 0xC572, 0xCD92, 0xC5B2, 0xCDB3,
    0xC571, 0xCD91, 0xCD93, 0xC592, 0xCDB2, 0xC592, 0xC592, 0xC571,
    0xC5B2, 0xCDD3, 0xCDD3, 0xD5D3, 0xCDD3, 0xCDF3, 0xCDF4, 0xD5F4,
    0xCDB2, 0xC592, 0xCDD2, 0xD614, 0xCDD3, 0xD5F3, 0xD5F4, 0xCDD3,
    0xD5F4, 0xCDD3, 0xCDD3, 0xD5F4, 0xD615, 0xD5F3, 0xD615, 0xD635,
    0xD5F4, 0xD635, 0xD614, 0xD635, 0xD615, 0xD5F4, 0xD5F4, 0xD5F3,
    0xCDD3, 0xCD92, 0xBD51, 0xACCF, 0xA46E, 0xA44D, 0x838B, 0x0861,
    0x0000, 0x0000, 0x0000, 0x20E2, 0x7B6A, 0xB4D0, 0xB4F0, 0xACAE,
    0xA48E, 0xA46E, 0xA46E, 0x9C6D, 0x9C4D, 0x9C4D, 0xACAE, 0xACAF,
    0xACAF, 0xB4F0, 0xB511, 0xBD52, 0xCDD4, 0xB532, 0x5289, 0x0861,
    0x0000, 0x0000, 0x0000, 0x0000, 0x0000, 0x0000, 0x0000, 0x0000,
    0x0000, 0x0000, 0x0000, 0x0000, 0x0000, 0x0000, 0x0000, 0x0000,
    0x0000, 0x0000, 0x0000, 0x0000, 0x0000, 0x0000, 0x0000, 0x0000,
    0x0000, 0x0000, 0x0000, 0x0000, 0x0000, 0x0000, 0x0000, 0x0000,
    0x0000, 0x0000, 0x0000, 0x0000, 0x0000, 0x0000, 0x0000, 0x0000,
    0x0000, 0x0000, 0x0000, 0x0000, 0x0000, 0x0000, 0x0000, 0x0000,
    0x18C3, 0x9C90, 0xC593, 0xBD52, 0xACCF, 0xACAF, 0xA4AF, 0xA48F,
    0xA46E, 0xA48E, 0xACAF, 0xA44E, 0xACAF, 0xACCF, 0x9C6E, 0xA48E,
    0x9C6E, 0xA46E, 0xAC8E, 0xACAF, 0x6B0A, 0x0820, 0x0020, 0x0040,
    0x0000, 0x18E2, 0x9C6F, 0xACF0, 0x9C8E, 0xA46E, 0x9C6D, 0xA46E,
    0xA48E, 0xA48E, 0xA48F, 0xACAF, 0xACCF, 0xACCF, 0xACAF, 0xACCF,
    0xB4F0, 0xACAF, 0xACB0, 0xACD0, 0xACCF, 0xACAF, 0xACCF, 0xAC8F,
    0xA48E, 0xACAF, 0xA48E, 0xA46E, 0xACAF, 0xA48E, 0xACAF, 0xACAF,
    0xACCF, 0xAC8F, 0xA46E, 0xACAF, 0xA48E, 0xACAE, 0xACAF, 0xA48E,
    0xAC8E, 0xACAE, 0xACCF, 0xACCE, 0xACAF, 0xACCF, 0xACAE, 0xACAE,
    0xACAF, 0xACCE, 0xACCF, 0xACCF, 0xB4F0, 0xB4EF, 0xBD10, 0xB4F0,
    0xB4F0, 0xB510, 0xB531, 0xB510, 0xB4F0, 0xBD10, 0xB4CF, 0xBD11,
    0xBD10, 0xBD10, 0xB4EF, 0xB530, 0xC572, 0xBD30, 0xBD30, 0xBD10,
    0xBD10, 0xBD30, 0xBD31, 0xBD31, 0xBD10, 0xBD10, 0xBCEF, 0xC551,
    0xBD71, 0xC551, 0xBD51, 0xC551, 0xBD30, 0xBD30, 0xC572, 0xC592,
    0xC592, 0xCDD3, 0xC571, 0xC571, 0xC572, 0xCD72, 0xC5B2, 0xCDB3,
    0xC571, 0xC571, 0xC572, 0xC592, 0xC592, 0xC592, 0xC592, 0xC591,
    0xCD92, 0xCDD2, 0xCDD3, 0xCDB2, 0xCDD3, 0xCDD3, 0xD614, 0xD5F4,
    0xCDB2, 0xC592, 0xCDB2, 0xD5D3, 0xCDD3, 0xCDD3, 0xD5F4, 0xCDD3,
    0xCDB3, 0xCDF3, 0xCDD3, 0xCDD2, 0xD5D4, 0xCDD3, 0xD5F4, 0xD635,
    0xD5F4, 0xD5F4, 0xD614, 0xD635, 0xD615, 0xD614, 0xCDF4, 0xCDD3,
    0xCDD3, 0xC592, 0xBD51, 0xACCF, 0xA46E, 0xA46D, 0x7B8B, 0x0861,
    0x0000, 0x0000, 0x0000, 0x0000, 0x2903, 0x6AEA, 0xACCF, 0xB530,
    0xB510, 0xACAE, 0xA44E, 0x9C4C, 0x9C2D, 0x9C2C, 0x9C4D, 0xA48F,
    0xA46E, 0xB4F0, 0xBD52, 0xBD72, 0x9C8F, 0x5288, 0x0020, 0x0000,
    0x0020, 0x0000, 0x0000, 0x0000, 0x0000, 0x0000, 0x0000, 0x0000,
    0x0000, 0x0000, 0x0000, 0x0000, 0x0000, 0x0000, 0x0000, 0x0000,
    0x0000, 0x0000, 0x0000, 0x0000, 0x0000, 0x0000, 0x0000, 0x0000,
    0x0000, 0x0000, 0x0000, 0x0000, 0x0000, 0x0000, 0x0000, 0x0000,
    0x0000, 0x0000, 0x0000, 0x0000, 0x0000, 0x0000, 0x0000, 0x0000,
    0x0000, 0x0000, 0x0000, 0x0000, 0x0000, 0x0000, 0x0000, 0x0000,
    0x0000, 0x41E6, 0x9C90, 0xC594, 0xBD32, 0xACF1, 0xA4AF, 0xA48F,
    0xA48F, 0xA48F, 0xA46E, 0xA46E, 0xA48F, 0xA48F, 0x9C4E, 0x9C4E,
    0x9C4E, 0xA46E, 0xA46E, 0x734B, 0x2104, 0x0000, 0x0000, 0x0000,
    0x0020, 0x18E2, 0x7BAC, 0xB511, 0xA4AF, 0xA48F, 0xA48E, 0xA48E,
    0xA48E, 0xA48E, 0xACAF, 0xA4AF, 0xACCF, 0xACAF, 0xACCF, 0xACCF,
    0xACF0, 0xACAF, 0xACAF, 0xACF0, 0xACCF, 0xACCF, 0xACCF, 0xA48F,
    0xACAF, 0xACAF, 0xA48E, 0xA48E, 0xACAF, 0xA4AE, 0xACAE, 0xACCF,
    0xACCF, 0xA48E, 0xA46E, 0xACAF, 0xACAF, 0xACAF, 0xACAF, 0xACAF,
    0xAC8E, 0xACAE, 0xACCF, 0xACAE, 0xACAF, 0xACCF, 0xACAE, 0xACAE,
    0xACCF, 0xB4EF, 0xACCF, 0xB4F0, 0xB4F0, 0xB510, 0xBD31, 0xB4F0,
    0xB4CF, 0xB510, 0xB531, 0xB510, 0xB510, 0xBD31, 0xB4EF, 0xB510,
    0xB510, 0xBD30, 0xB4EF, 0xBD71, 0xBD51, 0xBD30, 0xBD31, 0xB4EF,
    0xB510, 0xBD51, 0xBD10, 0xBD10, 0xBD10, 0xBD30, 0xB4EF, 0xC551,
    0xC571, 0xC572, 0xBD51, 0xBD51, 0xBD30, 0xBD30, 0xC572, 0xBD51,
    0xC592, 0xCDD4, 0xC571, 0xC551, 0xC592, 0xC551, 0xC592, 0xCDB3,
    0xC571, 0xC571, 0xC571, 0xC571, 0xC592, 0xC592, 0xC592, 0xC592,
    0xCDB2, 0xCDB2, 0xCDD3, 0xCDB2, 0xCDB2, 0xCDB3, 0xD614, 0xCDF4,
    0xCDD3, 0xCDB2, 0xCDB2, 0xCDB2, 0xD5F3, 0xCDD3, 0xD5F3, 0xCDD3,
    0xC592, 0xCDF3, 0xCDD3, 0xCDB2, 0xCDD3, 0xCDD3, 0xD5F4, 0xD635,
    0xD615, 0xCDD3, 0xD614, 0xD635, 0xCDF4, 0xD614, 0xCDF4, 0xCDF4,
    0xCDD3, 0xC592, 0xBD51, 0xACCF, 0xA48E, 0xA4AF, 0x732B, 0x1080,
    0x0000, 0x0000, 0x0000, 0x0000, 0x0000, 0x0821, 0x6B0A, 0xA4AF,
    0xACEF, 0xACCF, 0xA48E, 0xA46D, 0xA44D, 0x9C4D, 0xA44D, 0xACAF,
    0xA4AF, 0xACF1, 0xACF1, 0x83EE, 0x3185, 0x0020, 0x0000, 0x0000,
    0x0000, 0x0000, 0x0000, 0x0000, 0x0000, 0x0000, 0x0000, 0x0000,
    0x0000, 0x0000, 0x0000, 0x0000, 0x0000, 0x0000, 0x0000, 0x0000,
    0x0000, 0x0000, 0x0000, 0x0000, 0x0000, 0x0000, 0x0000, 0x0000,
    0x0000, 0x0000, 0x0000, 0x0000, 0x0000, 0x0000, 0x0000, 0x0000,
    0x0000, 0x0000, 0x0000, 0x0000, 0x0000, 0x0000, 0x0000, 0x0000,
    0x0000, 0x0000, 0x0000, 0x0000, 0x0000, 0x0000, 0x0000, 0x0000,
    0x0000, 0x1081, 0x2965, 0x736D, 0xBD53, 0xBD73, 0xACF1, 0xA48F,
    0xA46F, 0x9C2E, 0x9C2E, 0x9C6E, 0x9C4E, 0x9C4E, 0x9C2E, 0x9C4E,
    0xA48F, 0x9C4D, 0x6309, 0x18C3, 0x0000, 0x0000, 0x0000, 0x0000,
    0x0020, 0x0020, 0x6B0A, 0xB552, 0xACD0, 0xACAF, 0xA48F, 0xA4AF,
    0xA48F, 0xA48F, 0xACAF, 0xACAF, 0xACAF, 0xACCF, 0xACCF, 0xACAF,
    0xACD0, 0xACCF, 0xACAF, 0xACCF, 0xACCF, 0xACAF, 0xACAF, 0xAC8E,
    0xA48E, 0xA48E, 0xACAF, 0xA48E, 0xACCF, 0xA48E, 0xA48E, 0xACAF,
    0xACAF, 0xA48E, 0xA48E, 0xACAF, 0xACAF, 0xACAF, 0xACAF, 0xACCF,
    0xA46E, 0xACAF, 0xACAF, 0xA46E, 0xACAE, 0xACAE, 0xA48E, 0xACCF,
    0xACCF, 0xACCF, 0xACAF, 0xB4F0, 0xB510, 0xB511, 0xB4F0, 0xB4EF,
    0xACCF, 0xB510, 0xB4EF, 0xB4EF, 0xB510, 0xB510, 0xB510, 0xB510,
    0xBD31, 0xB510, 0xB4EF, 0xC572, 0xB510, 0xB510, 0xB510, 0xB4CF,
    0xB510, 0xBD51, 0xB4EF, 0xBD31, 0xBD10, 0xC571, 0xBD30, 0xBD30,
    0xC572, 0xC551, 0xBD30, 0xC551, 0xBD31, 0xBD51, 0xC571, 0xC551,
    0xBD51, 0xCDB3, 0xC592, 0xBD50, 0xC592, 0xC572, 0xC551, 0xCDB3,
    0xC572, 0xC571, 0xC571, 0xC572, 0xC551, 0xC571, 0xC571, 0xC592,
    0xC592, 0xCDF4, 0xCDB3, 0xCDB2, 0xCDD3, 0xCDD3, 0xD614, 0xCDD3,
    0xCDD3, 0xCDB3, 0xCDD3, 0xCDB2, 0xCDD3, 0xD5F4, 0xCDD3, 0xCDF4,
    0xCD92, 0xCDD3, 0xCDD3, 0xCDD3, 0xD5F4, 0xCDD3, 0xD5F4, 0xD615,
    0xD5F4, 0xCDD3, 0xD5F4, 0xD635, 0xCDD3, 0xCDF4, 0xD5F4, 0xCDD3,
    0xCDB3, 0xC572, 0xBD52, 0xB510, 0xA4AF, 0xB4F0, 0x5A88, 0x0840,
    0x0020, 0x0000, 0x0000, 0x0000, 0x0000, 0x0000, 0x18A1, 0x41E6,
    0x6AC9, 0x8BED, 0xA46F, 0xACAF, 0xACAF, 0xA48F, 0xACAF, 0xB4F0,
    0xA4D0, 0x840E, 0x5AA9, 0x18C3, 0x0000, 0x0000, 0x0000, 0x0000,
    0x0000, 0x0000, 0x0000, 0x0000, 0x0000, 0x0000, 0x0000, 0x0000,
    0x0000, 0x0000, 0x0000, 0x0000, 0x0000, 0x0000, 0x0000, 0x0000,
    0x0000, 0x0000, 0x0000, 0x0000, 0x0000, 0x0000, 0x0000, 0x0000,
    0x0000, 0x0000, 0x0000, 0x0000, 0x0000, 0x0000, 0x0000, 0x0000,
    0x0000, 0x0000, 0x0000, 0x0000, 0x0000, 0x0000, 0x0000, 0x0000,
    0x0000, 0x0000, 0x0000, 0x0000, 0x0000, 0x0000, 0x0000, 0x0000,
    0x0000, 0x0000, 0x0000, 0x18C3, 0x5248, 0x9C6F, 0xB511, 0xAD11,
    0xB511, 0xACD0, 0xA4AF, 0xA48F, 0xA4AF, 0xACAF, 0xACAF, 0xA4AF,
    0x83AC, 0x5267, 0x18C2, 0x0000, 0x0000, 0x0000, 0x0000, 0x0000,
    0x0000, 0x0000, 0x62C9, 0xB572, 0xACF0, 0xACD0, 0xA48F, 0xA48F,
    0xA48E, 0xA48F, 0xA48F, 0xACAF, 0xACCF, 0xACCF, 0xACAF, 0xACAF,
    0xACAF, 0xA4AF, 0xACCF, 0xACCF, 0xACAF, 0xACAF, 0xACAF, 0xACAF,
    0xA46E, 0xA48E, 0xACAF, 0xA48F, 0xACAF, 0xA48F, 0xA48F, 0xA48E,
    0xA48E, 0xA48E, 0xA4AF, 0xA48E, 0xA48E, 0xA48E, 0xACAF, 0xACAF,
    0xA46D, 0xACAF, 0xACAF, 0xAC8E, 0xACAE, 0xAC8E, 0xA46D, 0xA4AE,
    0xAC8E, 0xACCF, 0xAC8E, 0xACCF, 0xB510, 0xACF0, 0xACCF, 0xACCF,
    0xACCF, 0xB531, 0xACCF, 0xACCF, 0xB4EF, 0xB4F0, 0xB510, 0xB510,
    0xBD10, 0xBD10, 0xB510, 0xC572, 0xB510, 0xB510, 0xB510, 0xB4EF,
    0xB4EF, 0xBD31, 0xB4EF, 0xBD31, 0xBD30, 0xC571, 0xBD51, 0xBD30,
    0xC572, 0xC530, 0xBD30, 0xC551, 0xBD10, 0xC571, 0xC551, 0xC530,
    0xBD50, 0xCD92, 0xC5B3, 0xC550, 0xBD71, 0xC551, 0xC530, 0xCD92,
    0xC551, 0xC571, 0xC592, 0xCDB3, 0xC571, 0xC592, 0xC572, 0xC592,
    0xC592, 0xCDF4, 0xCDD3, 0xCDB3, 0xCDB3, 0xCDD3, 0xD5F4, 0xCDD3,
    0xCDB2, 0xCDB3, 0xCDD3, 0xCDD3, 0xC592, 0xD5D3, 0xCDF4, 0xCDF4,
    0xCDD3, 0xCDD3, 0xC5B2, 0xD5F4, 0xD615, 0xCDF4, 0xD614, 0xCDF4,
    0xCDF3, 0xCDF4, 0xD5D3, 0xD614, 0xCDF4, 0xCDF4, 0xD5F3, 0xCDB3,
    0xCDB3, 0xC572, 0xBD31, 0xB510, 0xACCF, 0xB511, 0x5247, 0x0040,
    0x0000, 0x0000, 0x0000, 0x0000, 0x0000, 0x0000, 0x0000, 0x0820,
    0x1082, 0x3164, 0x5247, 0x6AE9, 0x7B8B, 0x7B4B, 0x734B, 0x62C9,
    0x4A47, 0x2144, 0x1081, 0x0000, 0x0000, 0x0000, 0x0000, 0x0000,
    0x0000, 0x0000, 0x0000, 0x0000, 0x0000, 0x0000, 0x0000, 0x0000,
    0x0000, 0x0000, 0x0000, 0x0000, 0x0000, 0x0000, 0x0000, 0x0000,
    0x0000, 0x0000, 0x0000, 0x0000, 0x0000, 0x0000, 0x0000, 0x0000,
    0x0000, 0x0000, 0x0000, 0x0000, 0x0000, 0x0000, 0x0000, 0x0000,
    0x0000, 0x0000, 0x0000, 0x0000, 0x0000, 0x0000, 0x0000, 0x0000,
    0x0000, 0x0000, 0x0000, 0x0000, 0x0000, 0x0000, 0x0000, 0x0000,
    0x0000, 0x0000, 0x0000, 0x0000, 0x0000, 0x41E6, 0x6B0A, 0x83CE,
    0x9C8F, 0x942E, 0x942E, 0x9C4F, 0x9C6E, 0x83AC, 0x8BED, 0x6B2A,
    0x39A5, 0x0861, 0x0000, 0x0000, 0x0000, 0x0000, 0x0000, 0x0000,
    0x0000, 0x0000, 0x4A27, 0xB532, 0xACF0, 0xACD0, 0xA4AF, 0xA48F,
    0xA48E, 0xA4AF, 0xA48F, 0xAC8F, 0xACCF, 0xACAF, 0xACAF, 0xACAF,
    0xACAF, 0xA4AF, 0xACCF, 0xACCF, 0xACAF, 0xACAF, 0xACCF, 0xA4AF,
    0xA46E, 0xA48E, 0xA4AF, 0xA48F, 0xACAF, 0xA4AF, 0xACAF, 0xA48E,
    0xA48E, 0xA48E, 0xA4AF, 0xA46D, 0xA48E, 0xA46D, 0xACAF, 0xAC8F,
    0xA46D, 0xACAF, 0xACAF, 0xACAE, 0xACAE, 0xAC8E, 0xAC6D, 0xA48E,
    0xAC8E, 0xACCF, 0xAC8E, 0xACCF, 0xB4CF, 0xACAE, 0xACCF, 0xACCF,
    0xACAE, 0xB531, 0xACCF, 0xACCF, 0xB4AE, 0xB4F0, 0xB510, 0xB510,
    0xB4F0, 0xBD50, 0xB510, 0xBD30, 0xB510, 0xB510, 0xB510, 0xB4EF,
    0xB4CE, 0xBD31, 0xB530, 0xB4EF, 0xBD30, 0xBD30, 0xBD51, 0xBD71,
    0xC552, 0xBD30, 0xBD30, 0xBD51, 0xBD10, 0xC571, 0xBD51, 0xBD30,
    0xBD50, 0xC572, 0xC5B2, 0xC551, 0xBD51, 0xBD10, 0xBD30, 0xC571,
    0xC551, 0xBD51, 0xC592, 0xCDB3, 0xC571, 0xC5B2, 0xC572, 0xC592,
    0xCDB2, 0xCDB3, 0xCDF3, 0xCDB3, 0xC572, 0xCDD3, 0xCDB3, 0xCDD3,
    0xCDB2, 0xCDD3, 0xCDB2, 0xCDD3, 0xC5B2, 0xCDB2, 0xCDF4, 0xCDF4,
    0xCDF4, 0xCDD3, 0xCD92, 0xD5D4, 0xD615, 0xCDF4, 0xD614, 0xD5D4,
    0xD5F3, 0xD5F4, 0xCDD3, 0xD5F4, 0xCDF4, 0xCDF4, 0xCDD3, 0xCDB3,
    0xC5B3, 0xC572, 0xBD31, 0xB510, 0xBD11, 0xACF1, 0x39A5, 0x0861,
    0x0000, 0x0000, 0x0000, 0x0000, 0x0000, 0x0000, 0x0000, 0x0000,
    0x0000, 0x0000, 0x0860, 0x18C2, 0x2944, 0x2923, 0x2103, 0x1082,
    0x0040, 0x0000, 0x0000, 0x0000, 0x0000, 0x0000, 0x0000, 0x0000,
    0x0000, 0x0000, 0x0000, 0x0000, 0x0000, 0x0000, 0x0000, 0x0000,
    0x0000, 0x0000, 0x0000, 0x0000, 0x0000, 0x0000, 0x0000, 0x0000,
    0x0000, 0x0000, 0x0000, 0x0000, 0x0000, 0x0000, 0x0000, 0x0000,
    0x0000, 0x0000, 0x0000, 0x0000, 0x0000, 0x0000, 0x0000, 0x0000,
    0x0000, 0x0000, 0x0000, 0x0000, 0x0000, 0x0000, 0x0000, 0x0000,
    0x0000, 0x0000, 0x0000, 0x0000, 0x0000, 0x0000, 0x0000, 0x0000,
    0x0000, 0x0000, 0x0000, 0x0000, 0x0000, 0x0000, 0x0821, 0x2944,
    0x4A47, 0x41E5, 0x4A28, 0x62C9, 0x5AA9, 0x2945, 0x39C5, 0x10A2,
    0x0000, 0x0000, 0x0000, 0x0000, 0x0000, 0x0000, 0x0000, 0x0000,
    0x0000, 0x0841, 0x2943, 0xACB1, 0xB511, 0xACD0, 0xACD0, 0xA4AF,
    0xA48F, 0xA4AF, 0xA48F, 0xA48F, 0xA4AF, 0xA4AF, 0xACAF, 0xACCF,
    0xACAF, 0xACAF, 0xACAF, 0xACAF, 0xACAF, 0xACCF, 0xACF0, 0xA48E,
    0xA46E, 0xA48E, 0xA48E, 0xA4AF, 0xACCF, 0xA48E, 0xACAF, 0xA4AF,
    0xA48E, 0xA4AF, 0xA48F, 0xA46D, 0xA48E, 0xA46D, 0xA48E, 0xA48F,
    0xA48E, 0xA48E, 0xAC8E, 0xACAF, 0xA48E, 0xAC8E, 0xAC8E, 0xA48E,
    0xACAE, 0xACAF, 0xAC8E, 0xACCF, 0xACAE, 0xACAE, 0xB4EF, 0xACCF,
    0xACAE, 0xB510, 0xB4F0, 0xB4CF, 0xACAE, 0xB4F0, 0xB510, 0xB510,
    0xB510, 0xBD51, 0xB4EF, 0xB510, 0xB510, 0xB4EF, 0xB510, 0xACCF,
    0xACAE, 0xBD31, 0xB530, 0xACCF, 0xB510, 0xBD30, 0xBD30, 0xBD71,
    0xBD31, 0xBD51, 0xBD30, 0xBD51, 0xBD31, 0xBD30, 0xBD51, 0xBD51,
    0xBD51, 0xC551, 0xC571, 0xBD51, 0xC551, 0xBD30, 0xBD30, 0xC571,
    0xBD71, 0xBD30, 0xC572, 0xC572, 0xC571, 0xC592, 0xC572, 0xC592,
    0xCDB3, 0xC592, 0xCDD3, 0xCDB3, 0xC572, 0xCDB2, 0xC592, 0xCDD3,
    0xCDD3, 0xCDD3, 0xC592, 0xCDD3, 0xCDD3, 0xC5B2, 0xCDD3, 0xCDF3,
    0xCDD4, 0xCDB3, 0xCDB2, 0xCDB3, 0xD615, 0xCDB3, 0xCDD4, 0xD5F4,
    0xD5F4, 0xD5F4, 0xCDD3, 0xD5F4, 0xCDF4, 0xCDD4, 0xCDB3, 0xCDB3,
    0xC592, 0xC572, 0xBD51, 0xB531, 0xBD92, 0xA4D1, 0x18C2, 0x0860,
    0x0000, 0x0000, 0x0000, 0x0000, 0x0000, 0x0000, 0x0000, 0x0000,
    0x0000, 0x0000, 0x0000, 0x0000, 0x0000, 0x0000, 0x0000, 0x0000,
    0x0000, 0x0000, 0x0000, 0x0000, 0x0000, 0x0000, 0x0000, 0x0000,
    0x0000, 0x0000, 0x0000, 0x0000, 0x0000, 0x0000, 0x0000, 0x0000,
    0x0000, 0x0000, 0x0000, 0x0000, 0x0000, 0x0000, 0x0000, 0x0000,
    0x0000, 0x0000, 0x0000, 0x0000, 0x0000, 0x0000, 0x0000, 0x0000,
    0x0000, 0x0000, 0x0000, 0x0000, 0x0000, 0x0000, 0x0000, 0x0000,
    0x0000, 0x0000, 0x0000, 0x0000, 0x0000, 0x0000, 0x0000, 0x0000,
    0x0000, 0x0000, 0x0000, 0x0000, 0x0000, 0x0000, 0x0000, 0x0000,
    0x0000, 0x0000, 0x0000, 0x0000, 0x0000, 0x0000, 0x0000, 0x0000,
    0x0020, 0x0020, 0x0020, 0x0840, 0x1060, 0x0000, 0x0020, 0x0000,
    0x0000, 0x0000, 0x0000, 0x0000, 0x0000, 0x0000, 0x0000, 0x0000,
    0x0000, 0x0020, 0x18C2, 0x9C70, 0xBD73, 0xACD0, 0xACD0, 0xACCF,
    0xA4AF, 0xA48F, 0xA48F, 0xA4AF, 0xA4AF, 0xACAF, 0xA48F, 0xACAF,
    0xACAF, 0xACAF, 0xA4AF, 0xACAF, 0xACCF, 0xA4AF, 0xACCF, 0xA48E,
    0xA4AF, 0xA48E, 0xA46E, 0xA48F, 0xA48E, 0x9C4D, 0xA48F, 0xA46E,
    0xA48E, 0xA48E, 0xA48E, 0xA46E, 0xA46E, 0xA46D, 0xA48E, 0xA48E,
    0xA48E, 0xA48E, 0xAC8E, 0xACAF, 0xA48E, 0xA48E, 0xA48E, 0xA4AE,
    0xA48E, 0xA48E, 0xACAF, 0xACCF, 0xA48E, 0xACCF, 0xB4F0, 0xACCF,
    0xACCF, 0xB510, 0xACCF, 0xB4CF, 0xB4EF, 0xB510, 0xACAF, 0xB510,
    0xBD31, 0xB530, 0xB510, 0xB531, 0xB510, 0xB4EF, 0xACAF, 0xACAF,
    0xAC8E, 0xB4CF, 0xB4EF, 0xB4EF, 0xB4F0, 0xBD31, 0xBD30, 0xBD10,
    0xBD30, 0xBD30, 0xBD10, 0xBD51, 0xBD51, 0xB510, 0xBD30, 0xC571,
    0xBD31, 0xBD51, 0xBD30, 0xBD51, 0xC592, 0xBD51, 0xBD51, 0xBD51,
    0xC592, 0xBD30, 0xBD30, 0xC572, 0xC572, 0xC551, 0xC572, 0xC592,
    0xC593, 0xC592, 0xC571, 0xC571, 0xCDB2, 0xCDB3, 0xC572, 0xCDB3,
    0xCDB3, 0xCDB3, 0xC592, 0xC5B2, 0xCDD3, 0xCDF4, 0xCDD3, 0xCDB2,
    0xCDD3, 0xCDB2, 0xC592, 0xCDB2, 0xD5F4, 0xCDB3, 0xCDB2, 0xCDD4,
    0xCDD3, 0xCDF4, 0xCDD3, 0xD5F4, 0xCDD4, 0xCDB3, 0xCDB3, 0xCDB3,
    0xC593, 0xC572, 0xBD72, 0xBD52, 0xC5D4, 0x948F, 0x1081, 0x0840,
    0x0000, 0x0000, 0x0000, 0x0000, 0x0000, 0x0000, 0x0000, 0x0000,
    0x0000, 0x0000, 0x0000, 0x0000, 0x0000, 0x0000, 0x0000, 0x0000,
    0x0000, 0x0000, 0x0000, 0x0000, 0x0000, 0x0000, 0x0000, 0x0000,
    0x0000, 0x0000, 0x0000, 0x0000, 0x0000, 0x0000, 0x0000, 0x0000,
    0x0000, 0x0000, 0x0000, 0x0000, 0x0000, 0x0000, 0x0000, 0x0000,
    0x0000, 0x0000, 0x0000, 0x0000, 0x0000, 0x0000, 0x0000, 0x0000,
    0x0000, 0x0000, 0x0000, 0x0000, 0x0000, 0x0000, 0x0000, 0x0000,
    0x0000, 0x0000, 0x0000, 0x0000, 0x0000, 0x0000, 0x0000, 0x0000,
    0x0000, 0x0000, 0x0000, 0x0000, 0x0000, 0x0000, 0x0000, 0x0000,
    0x0000, 0x0000, 0x0000, 0x0000, 0x0000, 0x0000, 0x0000, 0x0000,
    0x0000, 0x0000, 0x0000, 0x0000, 0x0000, 0x0000, 0x0000, 0x0000,
    0x0000, 0x0000, 0x0000, 0x0000, 0x0000, 0x0000, 0x0000, 0x0000,
    0x0000, 0x0000, 0x1061, 0x8C2F, 0xC5B4, 0xB511, 0xACD0, 0xA4AF,
    0xA4AF, 0xA48F, 0xA48E, 0xA48E, 0xACAF, 0xACAF, 0xA48F, 0xACAF,
    0xACAF, 0xACAF, 0xACAF, 0xACD0, 0xA4AF, 0xA48E, 0xACCF, 0xA48E,
    0xA48E, 0xA48E, 0x9C6E, 0xA46E, 0xA46E, 0xA44D, 0xA48F, 0x9C4D,
    0xA46E, 0x9C4D, 0xA48E, 0xA48E, 0xA46D, 0x9C4D, 0xACAF, 0xA48E,
    0xA46E, 0xA46E, 0xA4AE, 0xA4AE, 0xA48E, 0xA44D, 0xA48E, 0xA48E,
    0xA48E, 0xA46E, 0xACAF, 0xACAF, 0xAC8E, 0xACCF, 0xACAF, 0xACAF,
    0xACCF, 0xB4F0, 0xACCF, 0xACAE, 0xB50F, 0xACEF, 0xAC8E, 0xB4F0,
    0xBD30, 0xB510, 0xBD51, 0xBD31, 0xB4EF, 0xB4F0, 0xB4CF, 0xACAE,
    0xACAF, 0xACAF, 0xB4EF, 0xB4F0, 0xB4CF, 0xB511, 0xBD30, 0xB4F0,
    0xBD30, 0xB510, 0xB510, 0xBD51, 0xBD31, 0xB510, 0xB50F, 0xC530,
    0xBD10, 0xBD51, 0xB510, 0xBD30, 0xC592, 0xBD71, 0xBD51, 0xBD51,
    0xC552, 0xBD30, 0xBD31, 0xC592, 0xC571, 0xC571, 0xC572, 0xC5B2,
    0xC592, 0xC592, 0xC592, 0xBD51, 0xCD91, 0xCDB2, 0xC592, 0xCD92,
    0xCDD3, 0xC592, 0xC592, 0xC591, 0xC5B2, 0xCDF4, 0xCDD3, 0xCDB2,
    0xCDD3, 0xCDB3, 0xC592, 0xC592, 0xD5D3, 0xCDB3, 0xCD92, 0xCDD3,
    0xCDD2, 0xCDF4, 0xCDD3, 0xD5F3, 0xCDD4, 0xCDD3, 0xCDB2, 0xCDB3,
    0xC5B3, 0xC592, 0xBD72, 0xBD52, 0xCDF4, 0x7BAC, 0x0040, 0x0020,
    0x0000, 0x0000, 0x0000, 0x0000, 0x0000, 0x0000, 0x0000, 0x0000,
    0x0000, 0x0000, 0x0000, 0x0000, 0x0000, 0x0000, 0x0000, 0x0000,
    0x0000, 0x0000, 0x0000, 0x0000, 0x0000, 0x0000, 0x0000, 0x0000,
    0x0000, 0x0000, 0x0000, 0x0000, 0x0000, 0x0000, 0x0000, 0x0000,
    0x0000, 0x0000, 0x0000, 0x0000, 0x0000, 0x0000, 0x0000, 0x0000,
    0x0000, 0x0000, 0x0000, 0x0000, 0x0000, 0x0000, 0x0000, 0x0000,
    0x0000, 0x0000, 0x0000, 0x0000, 0x0000, 0x0000, 0x0000, 0x0000,
    0x0000, 0x0000, 0x0000, 0x0000, 0x0000, 0x0000, 0x0000, 0x0000,
    0x0000, 0x0000, 0x0000, 0x0000, 0x0000, 0x0000, 0x0000, 0x0000,
    0x0000, 0x0000, 0x0000, 0x0000, 0x0000, 0x0000, 0x0000, 0x0000,
    0x0000, 0x0000, 0x0000, 0x0000, 0x0000, 0x0000, 0x0000, 0x0000,
    0x0000, 0x0000, 0x0000, 0x0000, 0x0000, 0x0000, 0x0000, 0x0000,
    0x0000, 0x0000, 0x0840, 0x738D, 0xCDF5, 0xB551, 0xACD0, 0xA4AF,
    0xA4AF, 0xA48F, 0xA48E, 0xA48E, 0xACAF, 0xACAF, 0xA48F, 0xACAF,
    0xACAF, 0xACAF, 0xACAF, 0xACD0, 0xA4AF, 0xA48E, 0xACCF, 0xA48E,
    0xA46E, 0xA48E, 0x9C6E, 0xA44D, 0xA46E, 0xA48E, 0xA48F, 0x9C4D,
    0xA46E, 0x9C4D, 0xA48E, 0xA48E, 0xA46D, 0x9C4D, 0xACAF, 0xA48E,
    0xA46E, 0xA46E, 0xA48E, 0xA48E, 0xA46E, 0xA44D, 0xA48E, 0xA46E,
    0xA46D, 0xA46E, 0xACAF, 0xACAF, 0xAC8E, 0xACCF, 0xACAF, 0xACAF,
    0xACCF, 0xB4CF, 0xB4EF, 0xACAE, 0xB4AE, 0xACCF, 0xACAE, 0xB4D0,
    0xB4EF, 0xB4EF, 0xBD51, 0xBD11, 0xB4EF, 0xB4D0, 0xB4EF, 0xACAE,
    0xACCF, 0xACAF, 0xB4F0, 0xB4F0, 0xB4CF, 0xB4EF, 0xBD10, 0xB530,
    0xBD30, 0xB510, 0xB530, 0xBD51, 0xBD31, 0xB510, 0xB4CF, 0xBCF0,
    0xBD10, 0xBD51, 0xB510, 0xBD30, 0xC592, 0xBD50, 0xBD51, 0xC571,
    0xBD10, 0xBD10, 0xBD31, 0xC572, 0xBD71, 0xC571, 0xC572, 0xC571,
    0xC592, 0xC592, 0xC592, 0xBD51, 0xC571, 0xC5B2, 0xC592, 0xC592,
    0xCDF3, 0xC5B2, 0xC592, 0xC571, 0xCD92, 0xCDF4, 0xCDD3, 0xCDB2,
    0xCDD3, 0xCDB3, 0xCD92, 0xCD92, 0xCDB3, 0xCDB3, 0xC592, 0xCDF3,
    0xCDB2, 0xCDD3, 0xCDD3, 0xCDD3, 0xCDD4, 0xCDD3, 0xC592, 0xC5B3,
    0xC5B3, 0xC5B2, 0xBD72, 0xBD52, 0xCDF4, 0x5AA9, 0x0000, 0x0020,
    0x0000, 0x0000, 0x0000, 0x0000, 0x0000, 0x0000, 0x0000, 0x0000,
    0x0000, 0x0000, 0x0000, 0x0000, 0x0000, 0x0000, 0x0000, 0x0000,
    0x0000, 0x0000, 0x0000, 0x0000, 0x0000, 0x0000, 0x0000, 0x0000,
    0x0000, 0x0000, 0x0000, 0x0000, 0x0000, 0x0000, 0x0000, 0x0000,
    0x0000, 0x0000, 0x0000, 0x0000, 0x0000, 0x0000, 0x0000, 0x0000,
    0x0000, 0x0000, 0x0000, 0x0000, 0x0000, 0x0000, 0x0000, 0x0000,
    0x0000, 0x0000, 0x0000, 0x0000, 0x0000, 0x0000, 0x0000, 0x0000,
    0x0000, 0x0000, 0x0000, 0x0000, 0x0000, 0x0000, 0x0000, 0x0000,
    0x0000, 0x0000, 0x0000, 0x0000, 0x0000, 0x0000, 0x0000, 0x0000,
    0x0000, 0x0000, 0x0000, 0x0000, 0x0000, 0x0000, 0x0000, 0x0000,
    0x0000, 0x0000, 0x0000, 0x0000, 0x0000, 0x0000, 0x0000, 0x0000,
    0x0000, 0x0000, 0x0000, 0x0000, 0x0000, 0x0000, 0x0000, 0x0000,
    0x0000, 0x0020, 0x0861, 0x5AC9, 0xCDF5, 0xBD72, 0xACF0, 0xACD0,
    0xA4AF, 0xA4AF, 0xA48F, 0xA48E, 0xACAF, 0xACAF, 0xA4AF, 0xA48E,
    0xACAF, 0xACAF, 0xACAF, 0xACD0, 0xA4AF, 0xA48E, 0xACAF, 0xA48E,
    0xA48F, 0xA48E, 0x9C4D, 0x9C4D, 0xA46E, 0xA48E, 0xA48F, 0xA46E,
    0xA48E, 0x9C4D, 0xA46E, 0xA48F, 0xA46E, 0x9C4D, 0xA48E, 0xA48E,
    0xA48E, 0xA46E, 0xA46E, 0xA46E, 0xA46E, 0xA46D, 0xA48E, 0xA46E,
    0xA46D, 0xA46E, 0xA48E, 0xACD0, 0xA48E, 0xACCF, 0xACCF, 0xAC8E,
    0xACCF, 0xACAE, 0xB510, 0xACAF, 0xAC8E, 0xACCF, 0xACCF, 0xACCF,
    0xACCF, 0xACAE, 0xB510, 0xB4F0, 0xB4EF, 0xACAF, 0xB4F0, 0xACAE,
    0xACCF, 0xB4EF, 0xB4F0, 0xB510, 0xACCF, 0xB4EF, 0xB4F0, 0xBD51,
    0xB530, 0xBD31, 0xBD51, 0xBD30, 0xBD52, 0xBD31, 0xB4CF, 0xB510,
    0xB510, 0xBD51, 0xB510, 0xBD30, 0xC572, 0xBD30, 0xBD51, 0xC592,
    0xBD30, 0xB4EF, 0xBD30, 0xBD31, 0xBD51, 0xBD51, 0xBD51, 0xBD30,
    0xC592, 0xC592, 0xBD51, 0xBD51, 0xC571, 0xC572, 0xC592, 0xC592,
    0xCDD3, 0xCDD3, 0xC572, 0xC571, 0xCDB3, 0xCDD3, 0xCDD3, 0xC572,
    0xC592, 0xCDB3, 0xCDB3, 0xCDB3, 0xCDD3, 0xCDB3, 0xC592, 0xCDF4,
    0xC592, 0xCDB2, 0xCDD3, 0xCDB3, 0xCDD3, 0xCDB3, 0xC592, 0xC592,
    0xC5B3, 0xC5B3, 0xBD72, 0xBD72, 0xC5B4, 0x39E6, 0x0000, 0x0020,
    0x0000, 0x0000, 0x0000, 0x0000, 0x0000, 0x0000, 0x0000, 0x0000,
    0x0000, 0x0000, 0x0000, 0x0000, 0x0000, 0x0000, 0x0000, 0x0000,
    0x0000, 0x0000, 0x0000, 0x0000, 0x0000, 0x0000, 0x0000, 0x0000,
    0x0000, 0x0000, 0x0000, 0x0000, 0x0000, 0x0000, 0x0000, 0x0000,
    0x0000, 0x0000, 0x0000, 0x0000, 0x0000, 0x0000, 0x0000, 0x0000,
    0x0000, 0x0000, 0x0000, 0x0000, 0x0000, 0x0000, 0x0000, 0x0000,
    0x0000, 0x0000, 0x0000, 0x0000, 0x0000, 0x0000, 0x0000, 0x0000,
    0x0000, 0x0000, 0x0000, 0x0000, 0x0000, 0x0000, 0x0000, 0x0000,
    0x0000, 0x0000, 0x0000, 0x0000, 0x0000, 0x0000, 0x0000, 0x0000,
    0x0000, 0x0000, 0x0000, 0x0000, 0x0000, 0x0000, 0x0000, 0x0000,
    0x0000, 0x0000, 0x0000, 0x0000, 0x0000, 0x0000, 0x0000, 0x0000,
    0x0000, 0x0000, 0x0000, 0x0000, 0x0000, 0x0000, 0x0000, 0x0000,
    0x0000, 0x0000, 0x0841, 0x4206, 0xBDB4, 0xC5B4, 0xB531, 0xACF0,
    0xA4AF, 0xACAF, 0xACAF, 0xA4AF, 0xA48F, 0xACCF, 0xACAF, 0xA48E,
    0xA4AF, 0xA4AF, 0xACCF, 0xACCF, 0xACCF, 0xA48F, 0xA46E, 0xA48E,
    0xA4AF, 0xA48E, 0x9C4D, 0x9C6E, 0xA46E, 0x9C4D, 0xA46E, 0xA46E,
    0xA46E, 0xA46E, 0xA46E, 0xA48F, 0x9C4D, 0x9C6D, 0x9C4D, 0xA48E,
    0xA46E, 0x9C4D, 0x9C4D, 0x9C4D, 0xA48E, 0xA46E, 0x9C4E, 0xA46E,
    0xA48E, 0xA46E, 0xA46D, 0xA48E, 0xACAF, 0xACD0, 0xACAE, 0xA46E,
    0xACCF, 0xA48E, 0xACF0, 0xACCF, 0xACEF, 0xACAF, 0xACCF, 0xACAF,
    0xACAF, 0xACAE, 0xACCF, 0xACCF, 0xB4F0, 0xACCF, 0xB4F0, 0xACAE,
    0xACCF, 0xB510, 0xB4EF, 0xACCF, 0xACCF, 0xACCF, 0xB4CF, 0xBD51,
    0xB510, 0xBD31, 0xBD51, 0xB4CF, 0xBD31, 0xBD31, 0xB4F0, 0xBD31,
    0xB510, 0xBD51, 0xBD30, 0xBD31, 0xC572, 0xBD31, 0xBD10, 0xBD72,
    0xBD30, 0xB4EF, 0xBD30, 0xBD51, 0xB510, 0xBD30, 0xC572, 0xBD30,
    0xBD71, 0xBD51, 0xBD10, 0xBD71, 0xC572, 0xBD30, 0xC5B2, 0xC592,
    0xC572, 0xCDD4, 0xCDB3, 0xBD51, 0xC5B2, 0xC592, 0xCDD3, 0xC571,
    0xBD51, 0xC592, 0xCDB3, 0xC5B3, 0xCDB3, 0xCDD3, 0xCDB3, 0xCDD4,
    0xCDB3, 0xCDB3, 0xCDD3, 0xCDD4, 0xCDD4, 0xC593, 0xC5B3, 0xC5B3,
    0xC592, 0xC5B3, 0xC593, 0xC5B3, 0xACF1, 0x18E3, 0x0000, 0x0000,
    0x0000, 0x0000, 0x0000, 0x0000, 0x0000, 0x0000, 0x0000, 0x0000,
    0x0000, 0x0000, 0x0000, 0x0000, 0x0000, 0x0000, 0x0000, 0x0000,
    0x0000, 0x0000, 0x0000, 0x0000, 0x0000, 0x0000, 0x0000, 0x0000,
    0x0000, 0x0000, 0x0000, 0x0000, 0x0000, 0x0000, 0x0000, 0x0000,
    0x0000, 0x0000, 0x0000, 0x0000, 0x0000, 0x0000, 0x0000, 0x0000,
    0x0000, 0x0000, 0x0000, 0x0000, 0x0000, 0x0000, 0x0000, 0x0000,
    0x0000, 0x0000, 0x0000, 0x0000, 0x0000, 0x0000, 0x0000, 0x0000,
    0x0000, 0x0000, 0x0000, 0x0000, 0x0000, 0x0000, 0x0000, 0x0000,
    0x0000, 0x0000, 0x0000, 0x0000, 0x0000, 0x0000, 0x0000, 0x0000,
    0x0000, 0x0000, 0x0000, 0x0000, 0x0000, 0x0000, 0x0000, 0x0000,
    0x0000, 0x0000, 0x0000, 0x0000, 0x0000, 0x0000, 0x0000, 0x0000,
    0x0000, 0x0000, 0x0000, 0x0000, 0x0000, 0x0000, 0x0000, 0x0000,
    0x0000, 0x0000, 0x0020, 0x2944, 0xB532, 0xCDF5, 0xB532, 0xB511,
    0xACAF, 0xACD0, 0xACD0, 0xACAF, 0xA48F, 0xACCF, 0xACAF, 0xA4AF,
    0xA48F, 0xA48E, 0xACAF, 0xACAF, 0xACAF, 0xA46E, 0xA46E, 0xA46E,
    0xA48F, 0x9C4D, 0x9C2D, 0xA46E, 0x9C4D, 0x9C4D, 0x9C4D, 0xA48E,
    0xA48E, 0x9C4D, 0x9C4D, 0xA46E, 0xA44D, 0x9C4D, 0x9C4E, 0x9C6E,
    0xA46E, 0xA44D, 0x9C4D, 0x9C4D, 0xA48E, 0x9C4D, 0x9C4D, 0x9C4D,
    0xA46E, 0xA46D, 0xA46D, 0xA48E, 0xACAF, 0xA4AF, 0xACAF, 0xA46E,
    0xACCF, 0xAC8F, 0xACCF, 0xB4F0, 0xACEF, 0xACAE, 0xACAF, 0xACAF,
    0xACAF, 0xACCF, 0xACCF, 0xACCF, 0xACD0, 0xB4F0, 0xACCF, 0xA48E,
    0xB4F0, 0xACF0, 0xACCF, 0xACCF, 0xB4CF, 0xACAF, 0xB4CF, 0xBD30,
    0xB4F0, 0xB4F0, 0xBD31, 0xACAF, 0xB510, 0xB510, 0xB510, 0xBD51,
    0xBD31, 0xB510, 0xBD31, 0xBD31, 0xC571, 0xB511, 0xBD10, 0xBD51,
    0xB50F, 0xB4F0, 0xB510, 0xBD51, 0xB4F0, 0xBD50, 0xC572, 0xB510,
    0xBD51, 0xBD31, 0xC550, 0xC572, 0xC572, 0xBD51, 0xCDB3, 0xC572,
    0xC572, 0xCDB3, 0xCDD3, 0xC572, 0xC592, 0xC572, 0xCDD3, 0xC592,
    0xC551, 0xC572, 0xCD92, 0xC5B2, 0xCD92, 0xCDD3, 0xCDD3, 0xCDB3,
    0xCDB3, 0xCDB3, 0xCDD3, 0xCDD4, 0xCDD3, 0xCDB3, 0xC5B3, 0xC5B3,
    0xC5B3, 0xC5B3, 0xC593, 0xC5D4, 0x8C0E, 0x0861, 0x0000, 0x0000,
    0x0000, 0x0000, 0x0000, 0x0000, 0x0000, 0x0000, 0x0000, 0x0000,
    0x0000, 0x0000, 0x0000, 0x0000, 0x0000, 0x0000, 0x0000, 0x0000,
    0x0000, 0x0000, 0x0000, 0x0000, 0x0000, 0x0000, 0x0000, 0x0000,
    0x0000, 0x0000, 0x0000, 0x0000, 0x0000, 0x0000, 0x0000, 0x0000,
    0x0000, 0x0000, 0x0000, 0x0000, 0x0000, 0x0000, 0x0000, 0x0000,
    0x0000, 0x0000, 0x0000, 0x0000, 0x0000, 0x0000, 0x0000, 0x0000,
    0x0000, 0x0000, 0x0000, 0x0000, 0x0000, 0x0000, 0x0000, 0x0000,
    0x0000, 0x0000, 0x0000, 0x0000, 0x0000, 0x0000, 0x0000, 0x0000,
    0x0000, 0x0000, 0x0000, 0x0000, 0x0000, 0x0000, 0x0000, 0x0000,
    0x0000, 0x0000, 0x0000, 0x0000, 0x0000, 0x0000, 0x0000, 0x0000,
    0x0000, 0x0000, 0x0000, 0x0000, 0x0000, 0x0000, 0x0000, 0x0000,
    0x0000, 0x0000, 0x0000, 0x0000, 0x0000, 0x0000, 0x0000, 0x0000,
    0x0000, 0x0000, 0x0000, 0x18E3, 0x944F, 0xCDF5, 0xB532, 0xB511,
    0xACCF, 0xACF0, 0xACF0, 0xACAF, 0xACAF, 0xACAF, 0xACAF, 0xA4AF,
    0xA48F, 0xA48E, 0xACAF, 0xACAF, 0xACAF, 0xA46E, 0xA46E, 0xA44E,
    0xA48F, 0x9C4D, 0x9C2D, 0xA46E, 0x9C4D, 0x9C4D, 0x9C4D, 0xA48E,
    0xA48E, 0x9C4D, 0x9C4D, 0xA44D, 0xA46E, 0xA44D, 0x9C6E, 0x9C6E,
    0xA46E, 0xA46E, 0x9C4D, 0x9C4D, 0xA44E, 0x9C4D, 0x9C4D, 0x9C4D,
    0xA46E, 0xA46D, 0xA46E, 0xA48E, 0xAC8F, 0xA48E, 0xACAF, 0xA48E,
    0xACCF, 0xACAF, 0xACAF, 0xB4D0, 0xACAF, 0xACAE, 0xAC8F, 0xACAF,
    0xACCF, 0xACAF, 0xACCF, 0xACAF, 0xACAE, 0xB4F0, 0xACAE, 0xA48E,
    0xB510, 0xACAE, 0xACCF, 0xB4CF, 0xB4CF, 0xB4AF, 0xB4F0, 0xB4EF,
    0xB4F0, 0xACAF, 0xBD11, 0xACCF, 0xB510, 0xB510, 0xB510, 0xBD51,
    0xBD51, 0xB4F0, 0xBD31, 0xBD31, 0xBD30, 0xB4EF, 0xBD31, 0xBD10,
    0xB4EF, 0xB4F0, 0xB4D0, 0xBD11, 0xBCF0, 0xBD51, 0xBD30, 0xB510,
    0xBD31, 0xBD31, 0xC571, 0xC572, 0xC592, 0xBD51, 0xCDB3, 0xC572,
    0xC572, 0xC592, 0xCDB3, 0xC593, 0xC572, 0xC572, 0xC5B3, 0xC572,
    0xC591, 0xC592, 0xC572, 0xC592, 0xC592, 0xCDB3, 0xCDD3, 0xC593,
    0xCDD3, 0xCDB3, 0xCDD3, 0xCDD3, 0xCDD3, 0xCDB3, 0xCDB3, 0xC5B3,
    0xC5B3, 0xC5B3, 0xC593, 0xBDB3, 0x5289, 0x0841, 0x0000, 0x0000,
    0x0000, 0x0000, 0x0000, 0x0000, 0x0000, 0x0000, 0x0000, 0x0000,
    0x0000, 0x0000, 0x0000, 0x0000, 0x0000, 0x0000, 0x0000, 0x0000,
    0x0000, 0x0000, 0x0000, 0x0000, 0x0000, 0x0000, 0x0000, 0x0000,
    0x0000, 0x0000, 0x0000, 0x0000, 0x0000, 0x0000, 0x0000, 0x0000,
    0x0000, 0x0000, 0x0000, 0x0000, 0x0000, 0x0000, 0x0000, 0x0000,
    0x0000, 0x0000, 0x0000, 0x0000, 0x0000, 0x0000, 0x0000, 0x0000,
    0x0000, 0x0000, 0x0000, 0x0000, 0x0000, 0x0000, 0x0000, 0x0000,
    0x0000, 0x0000, 0x0000, 0x0000, 0x0000, 0x0000, 0x0000, 0x0000,
    0x0000, 0x0000, 0x0000, 0x0000, 0x0000, 0x0000, 0x0000, 0x0000,
    0x0000, 0x0000, 0x0000, 0x0000, 0x0000, 0x0000, 0x0000, 0x0000,
    0x0000, 0x0000, 0x0000, 0x0000, 0x0000, 0x0000, 0x0000, 0x0000,
    0x0000, 0x0000, 0x0000, 0x0000, 0x0000, 0x0000, 0x0000, 0x0000,
    0x0000, 0x0000, 0x0000, 0x10A1, 0x62EA, 0xCDF5, 0xB552, 0xB531,
    0xACF0, 0xACF0, 0xACF0, 0xACAF, 0xACAF, 0xACAF, 0xACAF, 0xA48F,
    0xA48F, 0xA48F, 0xACAF, 0xACAF, 0xA4AF, 0xA48E, 0xA46E, 0x9C4D,
    0xA48E, 0xA46E, 0x9C2D, 0x9C4D, 0x9C4D, 0x9C4D, 0x9C4D, 0xA46E,
    0xA46E, 0xA46E, 0xA46E, 0x9C4D, 0x9C6E, 0xA46E, 0x9C4D, 0x9C6E,
    0x9C4D, 0xA48E, 0x9C4D, 0x9C4D, 0x9C2D, 0x9C4D, 0x9C4D, 0x9C4D,
    0xA46E, 0x9C6D, 0xA46E, 0xA46E, 0xA48E, 0xA48E, 0xA48E, 0xA48E,
    0xACAF, 0xACAF, 0xACAF, 0xACAF, 0xA48E, 0xACAF, 0xA46E, 0xACAF,
    0xACCF, 0xA48E, 0xACAF, 0xA48E, 0xACAE, 0xB4F0, 0xAC8E, 0xACAF,
    0xB510, 0xACAE, 0xACCF, 0xB4CF, 0xB4EF, 0xB4CF, 0xB4F0, 0xACCF,
    0xB510, 0xACCF, 0xB4F0, 0xB510, 0xB510, 0xB510, 0xB510, 0xBD31,
    0xBD51, 0xB510, 0xBD30, 0xBD30, 0xB510, 0xB4EF, 0xB531, 0xB510,
    0xB4F0, 0xB4F0, 0xB4CF, 0xB510, 0xBD10, 0xBD51, 0xB510, 0xB510,
    0xBD31, 0xB510, 0xBD31, 0xBD51, 0xC592, 0xBD30, 0xC572, 0xC572,
    0xC572, 0xC592, 0xC572, 0xC593, 0xBD51, 0xC571, 0xC592, 0xC551,
    0xC592, 0xC592, 0xBD51, 0xC572, 0xC592, 0xC593, 0xC5B3, 0xC5B3,
    0xCDD3, 0xC5B3, 0xCDB3, 0xCDD3, 0xC5B3, 0xCDB3, 0xCDD3, 0xC5B3,
    0xC5B3, 0xC5B3, 0xC5B3, 0xB552, 0x2103, 0x0821, 0x0000, 0x0000,
    0x0000, 0x0000, 0x0000, 0x0000, 0x0000, 0x0000, 0x0000, 0x0000,
    0x0000, 0x0000, 0x0000, 0x0000, 0x0000, 0x0000, 0x0000, 0x0000,
    0x0000, 0x0000, 0x0000, 0x0000, 0x0000, 0x0000, 0x0000, 0x0000,
    0x0000, 0x0000, 0x0000, 0x0000, 0x0000, 0x0000, 0x0000, 0x0000,
    0x0000, 0x0000, 0x0000, 0x0000, 0x0000, 0x0000, 0x0000, 0x0000,
    0x0000, 0x0000, 0x0000, 0x0000, 0x0000, 0x0000, 0x0000, 0x0000,
    0x0000, 0x0000, 0x0000, 0x0000, 0x0000, 0x0000, 0x0000, 0x0000,
    0x0000, 0x0000, 0x0000, 0x0000, 0x0000, 0x0000, 0x0000, 0x0000,
    0x0000, 0x0000, 0x0000, 0x0000, 0x0000, 0x0000, 0x0000, 0x0000,
    0x0000, 0x0000, 0x0000, 0x0000, 0x0000, 0x0000, 0x0000, 0x0000,
    0x0000, 0x0000, 0x0000, 0x0000, 0x0000, 0x0000, 0x0000, 0x0000,
    0x0000, 0x0000, 0x0000, 0x0000, 0x0000, 0x0000, 0x0000, 0x0000,
    0x0000, 0x0000, 0x0000, 0x0861, 0x39E6, 0xBDB4, 0xBD93, 0xB552,
    0xB511, 0xACF0, 0xACF0, 0xA4AF, 0xA4AF, 0xACCF, 0xACCF, 0xA46E,
    0xACAF, 0xA48F, 0xA4AF, 0xACAF, 0xA4AF, 0xA48F, 0xA48E, 0x9C4D,
    0xA46E, 0xA48F, 0xA46E, 0x9C2D, 0x9C4D, 0x9C2D, 0x9C6E, 0x9C4E,
    0x9C4D, 0xA46E, 0x9C4D, 0x9C4E, 0x9C4D, 0x9C4D, 0x9C2D, 0xA46E,
    0x940C, 0x9C6E, 0x9C2D, 0x9C4D, 0x9C2D, 0x9C4D, 0x9C2D, 0x9C6E,
    0xA48F, 0x9C4D, 0xA46E, 0x9C0C, 0xA48E, 0xA48E, 0xA46E, 0xA48E,
    0x9C6D, 0xA48E, 0xACAF, 0xACAF, 0xA46E, 0xA48E, 0xA46E, 0xACAF,
    0xACAE, 0xA4AE, 0xA48E, 0xA48E, 0xACAF, 0xACD0, 0xACAF, 0xA48E,
    0xACD0, 0xACCF, 0xACAF, 0xACAE, 0xACCF, 0xACCF, 0xACCF, 0xACCF,
    0xACEF, 0xACCF, 0xACAF, 0xACF0, 0xB510, 0xACAF, 0xBD51, 0xBD31,
    0xBD31, 0xBD31, 0xB510, 0xB4EF, 0xB510, 0xB4F0, 0xB510, 0xB510,
    0xB510, 0xACCF, 0xB4EF, 0xB4EF, 0xB4F0, 0xBD31, 0xB510, 0xB4F0,
    0xBD31, 0xB4F0, 0xBD30, 0xB510, 0xBD71, 0xBD31, 0xBD51, 0xBD51,
    0xBD31, 0xC592, 0xC572, 0xC572, 0xBD30, 0xBD31, 0xC571, 0xC572,
    0xBD51, 0xBD51, 0xBD30, 0xBD51, 0xBD72, 0xC593, 0xCDB3, 0xC592,
    0xCDB3, 0xCDD3, 0xCDB3, 0xCDD4, 0xC592, 0xC592, 0xCDD3, 0xCDD4,
    0xC5B3, 0xC593, 0xCDF4, 0xA4D1, 0x1081, 0x0000, 0x0000, 0x0000,
    0x0000, 0x0000, 0x0000, 0x0000, 0x0000, 0x0000, 0x0000, 0x0000,
    0x0000, 0x0000, 0x0000, 0x0000, 0x0000, 0x0000, 0x0000, 0x0000,
    0x0000, 0x0000, 0x0000, 0x0000, 0x0000, 0x0000, 0x0000, 0x0000,
    0x0000, 0x0000, 0x0000, 0x0000, 0x0000, 0x0000, 0x0000, 0x0000,
    0x0000, 0x0000, 0x0000, 0x0000, 0x0000, 0x0000, 0x0000, 0x0000,
    0x0000, 0x0000, 0x0000, 0x0000, 0x0000, 0x0000, 0x0000, 0x0000,
    0x0000, 0x0000, 0x0000, 0x0000, 0x0000, 0x0000, 0x0000, 0x0000,
    0x0000, 0x0000, 0x0000, 0x0000, 0x0000, 0x0000, 0x0000, 0x0000,
    0x0000, 0x0000, 0x0000, 0x0000, 0x0000, 0x0000, 0x0000, 0x0000,
    0x0000, 0x0000, 0x0000, 0x0000, 0x0000, 0x0000, 0x0000, 0x0000,
    0x0000, 0x0000, 0x0000, 0x0000, 0x0000, 0x0000, 0x0000, 0x0000,
    0x0000, 0x0000, 0x0000, 0x0000, 0x0000, 0x0000, 0x0000, 0x0000,
    0x0000, 0x0000, 0x0000, 0x0000, 0x2103, 0xB553, 0xC5B4, 0xB552,
    0xB512, 0xB511, 0xACF0, 0xACD0, 0xA4AF, 0xACD0, 0xACD0, 0xA48E,
    0xACAF, 0xA48F, 0xACAF, 0xA4AF, 0xA48F, 0xA48F, 0xA46E, 0xA44D,
    0xA48F, 0x9C6E, 0xA46E, 0x9C2D, 0x9C4D, 0x9C2D, 0x9C6E, 0x9C4D,
    0x9C2D, 0x9C4D, 0x9C2D, 0x9C4D, 0x9C2D, 0x9C4D, 0x9C2D, 0xA44D,
    0x9C2C, 0x9C4D, 0x9C2D, 0x9C4D, 0x9C2D, 0x9C4D, 0x940C, 0x9C4D,
    0xA48F, 0x9C4E, 0xA46E, 0x9C0C, 0x9C6E, 0xA46E, 0x9C4D, 0xA48E,
    0x9C4D, 0x9C4D, 0xAC8E, 0xAC8E, 0x9C4D, 0xA46E, 0xA48E, 0xAC8E,
    0xAC6D, 0xACCF, 0xA46D, 0xA46D, 0xACAF, 0xA48F, 0xAC6E, 0xA46E,
    0xA48F, 0xACD0, 0xA48E, 0xA48E, 0xACCF, 0xACCF, 0xA4AE, 0xACCF,
    0xA4CF, 0xA4AE, 0xACAF, 0xACF0, 0xACF0, 0xAC8E, 0xBD51, 0xBD10,
    0xB4F0, 0xC551, 0xB510, 0xACCF, 0xACEF, 0xB4EF, 0xACEF, 0xACCF,
    0xB4EF, 0xACCF, 0xB4F0, 0xB50F, 0xB4F0, 0xBD10, 0xB510, 0xB4F0,
    0xBD11, 0xB4F0, 0xBD31, 0xB4F0, 0xB530, 0xBD51, 0xBD72, 0xB530,
    0xB4F0, 0xC591, 0xC572, 0xC551, 0xBD30, 0xBD30, 0xC551, 0xC592,
    0xBD51, 0xBD30, 0xB530, 0xC572, 0xC592, 0xC592, 0xCDB2, 0xC592,
    0xCDB3, 0xCDB2, 0xCDB3, 0xCDB4, 0xC592, 0xC5B2, 0xCDB3, 0xCDD4,
    0xCDD4, 0xC594, 0xD636, 0x8C0E, 0x0841, 0x0000, 0x0000, 0x0000,
    0x0000, 0x0000, 0x0000, 0x0000, 0x0000, 0x0000, 0x0000, 0x0000,
    0x0000, 0x0000, 0x0000, 0x0000, 0x0000, 0x0000, 0x0000, 0x0000,
    0x0000, 0x0000, 0x0000, 0x0000, 0x0000, 0x0000, 0x0000, 0x0000,
    0x0000, 0x0000, 0x0000, 0x0000, 0x0000, 0x0000, 0x0000, 0x0000,
    0x0000, 0x0000, 0x0000, 0x0000, 0x0000, 0x0000, 0x0000, 0x0000,
    0x0000, 0x0000, 0x0000, 0x0000, 0x0000, 0x0000, 0x0000, 0x0000,
    0x0000, 0x0000, 0x0000, 0x0000, 0x0000, 0x0000, 0x0000, 0x0000,
    0x0000, 0x0000, 0x0000, 0x0000, 0x0000, 0x0000, 0x0000, 0x0000,
    0x0000, 0x0000, 0x0000, 0x0000, 0x0000, 0x0000, 0x0000, 0x0000,
    0x0000, 0x0000, 0x0000, 0x0000, 0x0000, 0x0000, 0x0000, 0x0000,
    0x0000, 0x0000, 0x0000, 0x0000, 0x0000, 0x0000, 0x0000, 0x0000,
    0x0000, 0x0000, 0x0000, 0x0000, 0x0000, 0x0000, 0x0000, 0x0000,
    0x0000, 0x0000, 0x0000, 0x0000, 0x10C2, 0x8C4F, 0xCDF4, 0xB552,
    0xB532, 0xB511, 0xACF0, 0xACD0, 0xA4AF, 0xACD0, 0xACB0, 0xA4AF,
    0xACAF, 0xA48F, 0xACAF, 0xA4AF, 0xA48F, 0xA48F, 0xA46E, 0xA48F,
    0xA48F, 0x9C6E, 0x9C4D, 0x9C4D, 0x9C4D, 0x9C4D, 0x9C4E, 0x9C4D,
    0x9C2D, 0x9C2D, 0x9C0C, 0x9C4D, 0x9C2D, 0x9C4D, 0x9C4D, 0x9C2C,
    0x9C4D, 0x9C4D, 0x9C2D, 0x9C4D, 0x9C2D, 0x9C2C, 0x940C, 0x9C0C,
    0xA44D, 0x9C6E, 0xA44E, 0x9C2D, 0x9C6E, 0xA44E, 0x9C4D, 0xA46E,
    0x9C2D, 0x9C4D, 0xA44D, 0xA46E, 0x9C2D, 0xA46E, 0xA48E, 0xA46D,
    0xA42D, 0xACAF, 0xA42D, 0xA44D, 0xAC8F, 0xA46D, 0xA42D, 0xA46E,
    0xA48E, 0xACAF, 0xA46D, 0xA48F, 0xACCF, 0xACAF, 0xA46E, 0xACAF,
    0xA48F, 0xA48E, 0xACCF, 0xACF0, 0xACD0, 0xAC8E, 0xBD11, 0xB4EF,
    0xB4F0, 0xB531, 0xB4F0, 0xACCF, 0xACAE, 0xB4EF, 0xACCF, 0xACCF,
    0xB4EF, 0xACCF, 0xB4F0, 0xB510, 0xB4F0, 0xB4EF, 0xB4EF, 0xB510,
    0xB4CF, 0xB4CF, 0xBD31, 0xBD10, 0xB510, 0xBD51, 0xBD51, 0xB4EF,
    0xB4F0, 0xBD50, 0xC552, 0xBD51, 0xBD31, 0xBD30, 0xBD51, 0xC552,
    0xBD51, 0xBD30, 0xB530, 0xC572, 0xC592, 0xC592, 0xC592, 0xC592,
    0xC5B3, 0xC572, 0xC5B3, 0xC593, 0xC592, 0xCDD4, 0xC5B3, 0xCDB3,
    0xCDD4, 0xC5D4, 0xD616, 0x5289, 0x0020, 0x0000, 0x0000, 0x0000,
    0x0000, 0x0000, 0x0000, 0x0000, 0x0000, 0x0000, 0x0000, 0x0000,
    0x0000, 0x0000, 0x0000, 0x0000, 0x0000, 0x0000, 0x0000, 0x0000,
    0x0000, 0x0000, 0x0000, 0x0000, 0x0000, 0x0000, 0x0000, 0x0000,
    0x0000, 0x0000, 0x0000, 0x0000, 0x0000, 0x0000, 0x0000, 0x0000,
    0x0000, 0x0000, 0x0000, 0x0000, 0x0000, 0x0000, 0x0000, 0x0000,
    0x0000, 0x0000, 0x0000, 0x0000, 0x0000, 0x0000, 0x0000, 0x0000,
    0x0000, 0x0000, 0x0000, 0x0000, 0x0000, 0x0000, 0x0000, 0x0000,
    0x0000, 0x0000, 0x0000, 0x0000, 0x0000, 0x0000, 0x0000, 0x0000,
    0x0000, 0x0000, 0x0000, 0x0000, 0x0000, 0x0000, 0x0000, 0x0000,
    0x0000, 0x0000, 0x0000, 0x0000, 0x0000, 0x0000, 0x0000, 0x0000,
    0x0000, 0x0000, 0x0000, 0x0000, 0x0000, 0x0000, 0x0000, 0x0000,
    0x0000, 0x0000, 0x0000, 0x0000, 0x0000, 0x0000, 0x0000, 0x0000,
    0x0000, 0x0000, 0x0000, 0x0000, 0x10A1, 0x52A9, 0xC5D4, 0xBD73,
    0xB552, 0xAD11, 0xACF0, 0xACD0, 0xACCF, 0xACD0, 0xA4AF, 0xA48F,
    0xACAF, 0xA48F, 0xA4AF, 0xA48F, 0xA48E, 0xA48F, 0xA48E, 0xA4AF,
    0xA46E, 0x9C6E, 0x9C4D, 0x9C4D, 0x9C6E, 0x9C4E, 0x9C2D, 0x9C6E,
    0x9C2D, 0x9C2D, 0x940C, 0x9C2D, 0x942D, 0x9C6E, 0x9C4D, 0x940C,
    0x9C4D, 0x9C4D, 0x9C2D, 0x9C2D, 0x9C2D, 0x940C, 0x942D, 0x940C,
    0x9C2D, 0x9C6E, 0x9C2D, 0x9C2D, 0x9C6E, 0x9C2D, 0x9C4D, 0x9C4D,
    0x9C2D, 0x9C4D, 0x9C4D, 0x9C4D, 0x9C2D, 0x9C6D, 0xA46E, 0x9C6D,
    0x9C4D, 0xA46E, 0x9C2D, 0x9C4D, 0xA48F, 0xA46D, 0x9C2D, 0xA46E,
    0xA48E, 0xA48E, 0xA44D, 0xA4AF, 0xACCF, 0xA48E, 0xA46E, 0xA46E,
    0xA48E, 0xA48E, 0xACAF, 0xACCF, 0xACAF, 0xACAF, 0xB4F0, 0xACCF,
    0xB4F0, 0xACF0, 0xACCF, 0xACCF, 0xAC8E, 0xACCF, 0xACCF, 0xB4EF,
    0xB510, 0xACCF, 0xACEF, 0xB4F0, 0xB510, 0xACCF, 0xACCF, 0xB510,
    0xACAE, 0xACCF, 0xB510, 0xBD31, 0xB510, 0xB510, 0xB530, 0xB4EF,
    0xB510, 0xB510, 0xBD31, 0xBD31, 0xBD31, 0xBD30, 0xBD51, 0xBD31,
    0xBD31, 0xBD31, 0xBD31, 0xBD51, 0xBD72, 0xC592, 0xBD72, 0xC592,
    0xC5B3, 0xBD52, 0xC592, 0xC592, 0xC592, 0xCDD4, 0xC5B3, 0xC5B3,
    0xCDD4, 0xCE15, 0xBD74, 0x20E3, 0x0020, 0x0000, 0x0000, 0x0000,
    0x0000, 0x0000, 0x0000, 0x0000, 0x0000, 0x0000, 0x0000, 0x0000,
    0x0000, 0x0000, 0x0000, 0x0000, 0x0000, 0x0000, 0x0000, 0x0000,
    0x0000, 0x0000, 0x0000, 0x0000, 0x0000, 0x0000, 0x0000, 0x0000,
    0x0000, 0x0000, 0x0000, 0x0000, 0x0000, 0x0000, 0x0000, 0x0000,
    0x0000, 0x0000, 0x0000, 0x0000, 0x0000, 0x0000, 0x0000, 0x0000,
    0x0000, 0x0000, 0x0000, 0x0000, 0x0000, 0x0000, 0x0000, 0x0000,
    0x0000, 0x0000, 0x0000, 0x0000, 0x0000, 0x0000, 0x0000, 0x0000,
    0x0000, 0x0000, 0x0000, 0x0000, 0x0000, 0x0000, 0x0000, 0x0000,
    0x0000, 0x0000, 0x0000, 0x0000, 0x0000, 0x0000, 0x0000, 0x0000,
    0x0000, 0x0000, 0x0000, 0x0000, 0x0000, 0x0000, 0x0000, 0x0000,
    0x0000, 0x0000, 0x0000, 0x0000, 0x0000, 0x0000, 0x0000, 0x0000,
    0x0000, 0x0000, 0x0000, 0x0000, 0x0000, 0x0000, 0x0000, 0x0000,
    0x0000, 0x0000, 0x0000, 0x0000, 0x0861, 0x2985, 0xACF2, 0xCDF5,
    0xB552, 0xB511, 0xAD11, 0xACD0, 0xACD0, 0xACF0, 0xA4AF, 0xA48F,
    0xA4AF, 0xA4AF, 0xA4AF, 0xA48E, 0x9C6E, 0xA46E, 0xA48E, 0xA48E,
    0x9C4E, 0x9C6E, 0x9C4E, 0x9C4E, 0x9C4E, 0x9C4E, 0x942D, 0x9C2D,
    0x9C2D, 0x9C2D, 0x942D, 0x9C2D, 0x940D, 0x9C2D, 0x9C2D, 0x940C,
    0x942D, 0x9C2D, 0x9C6E, 0x942D, 0x9C2D, 0x940D, 0x942D, 0x93EC,
    0x940D, 0x942D, 0x940C, 0x940C, 0x9C2D, 0x9C4D, 0x9C4D, 0x9C2D,
    0x942D, 0x9C4D, 0x9C4D, 0x940C, 0x942D, 0x9C2D, 0x9C4D, 0x9C6D,
    0xA46E, 0xA48E, 0x9C4D, 0xA46E, 0xA48E, 0x9C4D, 0x9C2D, 0xA46E,
    0xA48E, 0x9C4D, 0x9C4D, 0x9C6D, 0xACAF, 0xA46E, 0xA48E, 0x9C4D,
    0xA46E, 0xA46E, 0xA46E, 0xA48E, 0x9C4D, 0xA48E, 0xACD0, 0xACAF,
    0xACCF, 0xB510, 0xA48E, 0xACCF, 0xA48E, 0xACCF, 0xACF0, 0xACAF,
    0xB510, 0xB510, 0xACCF, 0xACCF, 0xACF0, 0xACCF, 0xB4F0, 0xACCF,
    0xACCF, 0xB4F0, 0xB4F0, 0xB511, 0xACCF, 0xB4F0, 0xB530, 0xB4F0,
    0xB4F0, 0xB531, 0xBD51, 0xB4F0, 0xB510, 0xBD31, 0xBD51, 0xBD51,
    0xBD51, 0xBD31, 0xBD51, 0xBD31, 0xC572, 0xC572, 0xBD52, 0xC572,
    0xC572, 0xBD51, 0xBD72, 0xC592, 0xC592, 0xC5B3, 0xCDD4, 0xCDD4,
    0xC5D4, 0xD636, 0x8C2F, 0x0840, 0x0040, 0x0000, 0x0000, 0x0000,
    0x0000, 0x0000, 0x0000, 0x0000, 0x0000, 0x0000, 0x0000, 0x0000,
    0x0000, 0x0000, 0x0000, 0x0000, 0x0000, 0x0000, 0x0000, 0x0000,
    0x0000, 0x0000, 0x0000, 0x0000, 0x0000, 0x0000, 0x0000, 0x0000,
    0x0000, 0x0000, 0x0000, 0x0000, 0x0000, 0x0000, 0x0000, 0x0000,
    0x0000, 0x0000, 0x0000, 0x0000, 0x0000, 0x0000, 0x0000, 0x0000,
    0x0000, 0x0000, 0x0000, 0x0000, 0x0000, 0x0000, 0x0000, 0x0000,
    0x0000, 0x0000, 0x0000, 0x0000, 0x0000, 0x0000, 0x0000, 0x0000,
    0x0000, 0x0000, 0x0000, 0x0000, 0x0000, 0x0000, 0x0000, 0x0000,
    0x0000, 0x0000, 0x0000, 0x0000, 0x0000, 0x0000, 0x0000, 0x0000,
    0x0000, 0x0000, 0x0000, 0x0000, 0x0000, 0x0000, 0x0000, 0x0000,
    0x0000, 0x0000, 0x0000, 0x0000, 0x0000, 0x0000, 0x0000, 0x0000,
    0x0000, 0x0000, 0x0000, 0x0000, 0x0000, 0x0000, 0x0000, 0x0000,
    0x0000, 0x0000, 0x0000, 0x0000, 0x0041, 0x10C2, 0x7BAD, 0xCE36,
    0xBD73, 0xB512, 0xB511, 0xACF1, 0xACD0, 0xACD0, 0xA48F, 0xA48F,
    0xA48F, 0xA4AF, 0xA48F, 0xA48E, 0xA46E, 0xA46F, 0x9C6E, 0xA46E,
    0xA44E, 0x9C4E, 0x9C2D, 0x9C4E, 0x9C4D, 0x9C4D, 0x942D, 0x9C2D,
    0x9C4D, 0x9C2D, 0x9C4D, 0x9C2D, 0x93EC, 0x940C, 0x9C4E, 0x940C,
    0x942D, 0x9C0D, 0x9C6D, 0x942D, 0x940C, 0x93EC, 0x9C4D, 0x940C,
    0x93EC, 0x93EC, 0x9C2D, 0x940C, 0x942D, 0x9C2D, 0x942D, 0x942D,
    0x942D, 0x9C4D, 0x9C2D, 0x940C, 0x942D, 0x9C2D, 0x9C2D, 0x9C4D,
    0xA48E, 0x9C4D, 0x9C4D, 0xA46E, 0x9C4D, 0x9C2D, 0x940C, 0x9C4E,
    0xA44D, 0x9C4D, 0x9C2D, 0xA46D, 0xACCF, 0xA46E, 0xA48E, 0x9C4D,
    0x9C4D, 0x9C6E, 0xA48F, 0xA48E, 0x9C2D, 0xA46E, 0xACCF, 0xACAF,
    0xACAF, 0xB4F0, 0xA46E, 0xACCF, 0xACAF, 0xACCF, 0xACF0, 0xAC8F,
    0xACF0, 0xB4F0, 0xACAF, 0xACCF, 0xACCF, 0xACAF, 0xACF0, 0xACAF,
    0xACCF, 0xB4F0, 0xB511, 0xACD0, 0xACAE, 0xB4F0, 0xB510, 0xB511,
    0xACCF, 0xB511, 0xBD51, 0xACCF, 0xB510, 0xB531, 0xB531, 0xBD51,
    0xBD52, 0xB511, 0xBD72, 0xBD31, 0xC572, 0xC571, 0xC572, 0xC571,
    0xC551, 0xBD52, 0xC592, 0xC592, 0xC592, 0xC5D4, 0xCDD4, 0xCDF4,
    0xCDF5, 0xD615, 0x5268, 0x0000, 0x0020, 0x0000, 0x0000, 0x0000,
    0x0000, 0x0000, 0x0000, 0x0000, 0x0000, 0x0000, 0x0000, 0x0000,
    0x0000, 0x0000, 0x0000, 0x0000, 0x0000, 0x0000, 0x0000, 0x0000,
    0x0000, 0x0000, 0x0000, 0x0000, 0x0000, 0x0000, 0x0000, 0x0000,
    0x0000, 0x0000, 0x0000, 0x0000, 0x0000, 0x0000, 0x0000, 0x0000,
    0x0000, 0x0000, 0x0000, 0x0000, 0x0000, 0x0000, 0x0000, 0x0000,
    0x0000, 0x0000, 0x0000, 0x0000, 0x0000, 0x0000, 0x0000, 0x0000,
    0x0000, 0x0000, 0x0000, 0x0000, 0x0000, 0x0000, 0x0000, 0x0000,
    0x0000, 0x0000, 0x0000, 0x0000, 0x0000, 0x0000, 0x0000, 0x0000,
    0x0000, 0x0000, 0x0000, 0x0000, 0x0000, 0x0000, 0x0000, 0x0000,
    0x0000, 0x0000, 0x0000, 0x0000, 0x0000, 0x0000, 0x0000, 0x0000,
    0x0000, 0x0000, 0x0000, 0x0000, 0x0000, 0x0000, 0x0000, 0x0000,
    0x0000, 0x0000, 0x0000, 0x0000, 0x0000, 0x0000, 0x0000, 0x0000,
    0x0000, 0x0000, 0x0000, 0x0000, 0x0020, 0x0881, 0x5289, 0xCE36,
    0xBDB4, 0xB532, 0xB531, 0xAD11, 0xACD0, 0xACD0, 0xA48F, 0xA48F,
    0xA46E, 0xA48F, 0xA48F, 0xA48E, 0xA46D, 0xA48F, 0x9C4E, 0xA44E,
    0xA46E, 0x9C4E, 0x9C0D, 0x9C4E, 0x9C4D, 0x9C4D, 0x942D, 0x9C2D,
    0x9C4D, 0x9C2D, 0x9C4D, 0x9C2D, 0x93EC, 0x93EC, 0x9C4E, 0x940D,
    0x942D, 0x940C, 0x9C2C, 0x9C2D, 0x940C, 0x93CC, 0x9C2C, 0x940C,
    0x93EC, 0x93EC, 0x9C2D, 0x940C, 0x942D, 0x9C0D, 0x940C, 0x942D,
    0x942C, 0x9C2C, 0x9C2D, 0x942D, 0x942C, 0x9C4D, 0x9C2D, 0x9C2D,
    0xA46D, 0x9C0D, 0x9C4D, 0x9C2E, 0x9C0D, 0x9C0D, 0x940C, 0x9C4E,
    0x9C0C, 0x9C2D, 0x9C2D, 0xA46F, 0xA4AF, 0xA4AE, 0xA48E, 0x9C4E,
    0x9C2D, 0x9C6E, 0xA4AF, 0xA48E, 0xA44D, 0xA46E, 0xACAE, 0xACAF,
    0xACAF, 0xACAF, 0xA46E, 0xACAE, 0xACCF, 0xACCF, 0xACF0, 0xACCF,
    0xACD0, 0xACD0, 0xAC8F, 0xACAF, 0xACAF, 0xAC8F, 0xACD0, 0xAC8E,
    0xACCF, 0xB4F0, 0xB531, 0xACCF, 0xAC8E, 0xB4F0, 0xB4F0, 0xB531,
    0xACCF, 0xB4F1, 0xB511, 0xACCF, 0xB510, 0xB510, 0xB510, 0xBD51,
    0xBD31, 0xB531, 0xBD52, 0xBD31, 0xBD72, 0xBD50, 0xC572, 0xBD51,
    0xBD51, 0xBD52, 0xC592, 0xC592, 0xC592, 0xC5D4, 0xCDD4, 0xCDF4,
    0xD636, 0xB573, 0x2944, 0x0000, 0x0000, 0x0000, 0x0000, 0x0000,
    0x0000, 0x0000, 0x0000, 0x0000, 0x0000, 0x0000, 0x0000, 0x0000,
    0x0000, 0x0000, 0x0000, 0x0000, 0x0000, 0x0000, 0x0000, 0x0000,
    0x0000, 0x0000, 0x0000, 0x0000, 0x0000, 0x0000, 0x0000, 0x0000,
    0x0000, 0x0000, 0x0000, 0x0000, 0x0000, 0x0000, 0x0000, 0x0000,
    0x0000, 0x0000, 0x0000, 0x0000, 0x0000, 0x0000, 0x0000, 0x0000,
    0x0000, 0x0000, 0x0000, 0x0000, 0x0000, 0x0000, 0x0000, 0x0000,
    0x0000, 0x0000, 0x0000, 0x0000, 0x0000, 0x0000, 0x0000, 0x0000,
    0x0000, 0x0000, 0x0000, 0x0000, 0x0000, 0x0000, 0x0000, 0x0000,
    0x0000, 0x0000, 0x0000, 0x0000, 0x0000, 0x0000, 0x0000, 0x0000,
    0x0000, 0x0000, 0x0000, 0x0000, 0x0000, 0x0000, 0x0000, 0x0000,
    0x0000, 0x0000, 0x0000, 0x0000, 0x0000, 0x0000, 0x0000, 0x0000,
    0x0000, 0x0000, 0x0000, 0x0000, 0x0000, 0x0000, 0x0000, 0x0000,
    0x0000, 0x0000, 0x0000, 0x0000, 0x0000, 0x0040, 0x31A6, 0xBD73,
    0xC5F5, 0xBD53, 0xB552, 0xAD11, 0xACF0, 0xACD0, 0xA4B0, 0xA4AF,
    0x9C6E, 0xA48E, 0xA48F, 0xA48F, 0x9C4D, 0xA48E, 0x9C4E, 0x9C4D,
    0x9C6E, 0x9C6E, 0x940D, 0x9C4E, 0x9C6E, 0x942D, 0x940D, 0x9C2D,
    0x9C2D, 0x942D, 0x942D, 0x942D, 0x940C, 0x93EC, 0x942D, 0x942D,
    0x942D, 0x8BEC, 0x93EC, 0x9C2D, 0x940C, 0x8BCC, 0x93EC, 0x93EC,
    0x940D, 0x940C, 0x940C, 0x940D, 0x942D, 0x940D, 0x940C, 0x942D,
    0x940C, 0x940C, 0x9C2D, 0x942D, 0x940C, 0x9C4D, 0x9C2D, 0x9C2D,
    0x9C4D, 0x9C2D, 0x9C4D, 0x940D, 0x9C0D, 0x940D, 0x9C2D, 0x9C2D,
    0x940C, 0x940D, 0x9C4D, 0xA48F, 0x9C6E, 0xA4AF, 0xA48F, 0xA46E,
    0x9C2D, 0xA46E, 0xA48E, 0xA46E, 0xA48E, 0x9C6E, 0xA48E, 0xA4AF,
    0xA48E, 0xA46E, 0xA46E, 0xA48E, 0xA48E, 0xACCF, 0xACF0, 0xACF0,
    0xACCF, 0xACCF, 0xA48E, 0xA46E, 0xACAF, 0xA48E, 0xACAF, 0xA46D,
    0xACCF, 0xB4F0, 0xACF0, 0xACCF, 0xAC8E, 0xB4F0, 0xB4F0, 0xB510,
    0xB4F0, 0xB4F0, 0xACF0, 0xACCF, 0xB510, 0xB4F0, 0xB510, 0xB531,
    0xB510, 0xBD51, 0xBD31, 0xBD51, 0xBD51, 0xB530, 0xBD52, 0xBD31,
    0xBD31, 0xBD52, 0xBD72, 0xC592, 0xC592, 0xC5B3, 0xCDD4, 0xCDF4,
    0xD636, 0x83EE, 0x10A1, 0x0000, 0x0000, 0x0000, 0x0000, 0x0000,
    0x0000, 0x0000, 0x0000, 0x0000, 0x0000, 0x0000, 0x0000, 0x0000,
    0x0000, 0x0000, 0x0000, 0x0000, 0x0000, 0x0000, 0x0000, 0x0000,
    0x0000, 0x0000, 0x0000, 0x0000, 0x0000, 0x0000, 0x0000, 0x0000,
    0x0000, 0x0000, 0x0000, 0x0000, 0x0000, 0x0000, 0x0000, 0x0000,
    0x0000, 0x0000, 0x0000, 0x0000, 0x0000, 0x0000, 0x0000, 0x0000,
    0x0000, 0x0000, 0x0000, 0x0000, 0x0000, 0x0000, 0x0000, 0x0000,
    0x0000, 0x0000, 0x0000, 0x0000, 0x0000, 0x0000, 0x0000, 0x0000,
    0x0000, 0x0000, 0x0000, 0x0000, 0x0000, 0x0000, 0x0000, 0x0000,
    0x0000, 0x0000, 0x0000, 0x0000, 0x0000, 0x0000, 0x0000, 0x0000,
    0x0000, 0x0000, 0x0000, 0x0000, 0x0000, 0x0000, 0x0000, 0x0000,
    0x0000, 0x0000, 0x0000, 0x0000, 0x0000, 0x0000, 0x0000, 0x0000,
    0x0000, 0x0000, 0x0000, 0x0000, 0x0000, 0x0000, 0x0000, 0x0000,
    0x0000, 0x0000, 0x0000, 0x0000, 0x0000, 0x0000, 0x10A2, 0x83CE,
    0xCE16, 0xBD94, 0xB552, 0xB511, 0xACF1, 0xACF0, 0xACD0, 0xA4D0,
    0xA48F, 0xA48E, 0xA48F, 0xA48F, 0x9C4E, 0x9C4E, 0x9C4E, 0x9C4D,
    0x9C6E, 0x9C6E, 0x9C2D, 0x9C4E, 0x9C4E, 0x942D, 0x940D, 0x940C,
    0x940D, 0x942D, 0x940D, 0x942D, 0x940D, 0x8BEC, 0x940C, 0x940D,
    0x940C, 0x8BCC, 0x8BEC, 0x940D, 0x942D, 0x8BEC, 0x8BCC, 0x93EC,
    0x942D, 0x940D, 0x93EC, 0x940D, 0x940C, 0x940C, 0x942D, 0x940C,
    0x940D, 0x942D, 0x940D, 0x940D, 0x940C, 0x940D, 0x940C, 0x940C,
    0x940D, 0x942D, 0x940D, 0x942D, 0x942D, 0x942D, 0x93EC, 0x940C,
    0x9C4D, 0x93EC, 0x940C, 0xA46E, 0x9C4D, 0x9C6E, 0xA48E, 0xA48E,
    0x942D, 0x9C2D, 0x9C6E, 0x9C4D, 0x9C6E, 0x9C4D, 0x9C6E, 0xA48E,
    0x9C6E, 0x9C6D, 0xA46E, 0xA4AF, 0x9C6E, 0xACAF, 0xACCF, 0xACCF,
    0xA4AF, 0xACAF, 0xA48E, 0xA46E, 0xA4AF, 0xA48E, 0xA48E, 0xA46E,
    0xACAF, 0xACCF, 0xA4AF, 0xA4AE, 0xA48E, 0xACAF, 0xACF0, 0xB4F0,
    0xB4F0, 0xACD0, 0xACCF, 0xACCF, 0xB4F0, 0xB511, 0xB531, 0xB4F0,
    0xB4F0, 0xB531, 0xB531, 0xB531, 0xB510, 0xBD31, 0xBD52, 0xBD31,
    0xBD31, 0xBD52, 0xBD52, 0xC593, 0xC593, 0xC5B3, 0xC5D4, 0xCE15,
    0xC5D5, 0x41E6, 0x0020, 0x0000, 0x0000, 0x0000, 0x0000, 0x0000,
    0x0000, 0x0000, 0x0000, 0x0000, 0x0000, 0x0000, 0x0000, 0x0000,
    0x0000, 0x0000, 0x0000, 0x0000, 0x0000, 0x0000, 0x0000, 0x0000,
    0x0000, 0x0000, 0x0000, 0x0000, 0x0000, 0x0000, 0x0000, 0x0000,
    0x0000, 0x0000, 0x0000, 0x0000, 0x0000, 0x0000, 0x0000, 0x0000,
    0x0000, 0x0000, 0x0000, 0x0000, 0x0000, 0x0000, 0x0000, 0x0000,
    0x0000, 0x0000, 0x0000, 0x0000, 0x0000, 0x0000, 0x0000, 0x0000,
    0x0000, 0x0000, 0x0000, 0x0000, 0x0000, 0x0000, 0x0000, 0x0000,
    0x0000, 0x0000, 0x0000, 0x0000, 0x0000, 0x0000, 0x0000, 0x0000,
    0x0000, 0x0000, 0x0000, 0x0000, 0x0000, 0x0000, 0x0000, 0x0000,
    0x0000, 0x0000, 0x0000, 0x0000, 0x0000, 0x0000, 0x0000, 0x0000,
    0x0000, 0x0000, 0x0000, 0x0000, 0x0000, 0x0000, 0x0000, 0x0000,
    0x0000, 0x0000, 0x0000, 0x0000, 0x0000, 0x0000, 0x0000, 0x0000,
    0x0000, 0x0000, 0x0000, 0x0000, 0x0000, 0x0000, 0x0861, 0x4A27,
    0xBD94, 0xC5D5, 0xB553, 0xB532, 0xAD11, 0xA4D0, 0xACD0, 0xA4D0,
    0xA48F, 0x9C6E, 0xA46E, 0x9C4E, 0x9C4D, 0x9C4D, 0x9C4D, 0x9C2D,
    0x9C6E, 0x9C4D, 0x9C2D, 0x9C4E, 0x9C4E, 0x942D, 0x93EC, 0x940C,
    0x940D, 0x942D, 0x942D, 0x8BEC, 0x940C, 0x93EC, 0x8BEC, 0x93EC,
    0x8BEC, 0x8BCB, 0x8BEC, 0x8BEC, 0x8BEC, 0x8BCC, 0x8BCB, 0x8BCC,
    0x940C, 0x940C, 0x93EC, 0x93EC, 0x940C, 0x8BEC, 0x940C, 0x940C,
    0x942D, 0x942D, 0x940D, 0x93EC, 0x942D, 0x940D, 0x8BEC, 0x940C,
    0x8BEC, 0x940D, 0x940D, 0x940D, 0x940D, 0x942D, 0x8BCC, 0x942C,
    0x9C4D, 0x8BEC, 0x93EC, 0xA46E, 0x9C4D, 0x9C4E, 0xA44D, 0x9C6D,
    0x940C, 0x942D, 0x9C4D, 0x9C2D, 0x9C2D, 0x9C2D, 0x9C4D, 0x9C4D,
    0x9C4D, 0x9C4D, 0xA46D, 0xA48F, 0x9C6E, 0xA4AF, 0xA4AF, 0xA48E,
    0xA48F, 0xA48E, 0x9C6D, 0x9C4D, 0x9C6E, 0xA48E, 0xA4AF, 0xA46E,
    0xA48E, 0xA4AE, 0xACAF, 0xA48E, 0xACAF, 0xACAF, 0xA4CF, 0xACF0,
    0xACD0, 0xA4AF, 0xACEF, 0xACF0, 0xACCF, 0xB4F0, 0xB531, 0xB4F0,
    0xB4F0, 0xB4F0, 0xB510, 0xB510, 0xB510, 0xBD11, 0xBD72, 0xBD52,
    0xBD51, 0xBD52, 0xBD72, 0xC593, 0xC5B3, 0xC5B3, 0xC5B4, 0xD636,
    0x9C90, 0x18C2, 0x0000, 0x0000, 0x0000, 0x0000, 0x0000, 0x0000,
    0x0000, 0x0000, 0x0000, 0x0000, 0x0000, 0x0000, 0x0000, 0x0000,
    0x0000, 0x0000, 0x0000, 0x0000, 0x0000, 0x0000, 0x0000, 0x0000,
    0x0000, 0x0000, 0x0000, 0x0000, 0x0000, 0x0000, 0x0000, 0x0000,
    0x0000, 0x0000, 0x0000, 0x0000, 0x0000, 0x0000, 0x0000, 0x0000,
    0x0000, 0x0000, 0x0000, 0x0000, 0x0000, 0x0000, 0x0000, 0x0000,
    0x0000, 0x0000, 0x0000, 0x0000, 0x0000, 0x0000, 0x0000, 0x0000,
    0x0000, 0x0000, 0x0000, 0x0000, 0x0000, 0x0000, 0x0000, 0x0000,
    0x0000, 0x0000, 0x0000, 0x0000, 0x0000, 0x0000, 0x0000, 0x0000,
    0x0000, 0x0000, 0x0000, 0x0000, 0x0000, 0x0000, 0x0000, 0x0000,
    0x0000, 0x0000, 0x0000, 0x0000, 0x0000, 0x0000, 0x0000, 0x0000,
    0x0000, 0x0000, 0x0000, 0x0000, 0x0000, 0x0000, 0x0000, 0x0000,
    0x0000, 0x0000, 0x0000, 0x0000, 0x0000, 0x0000, 0x0000, 0x0000,
    0x0000, 0x0000, 0x0000, 0x0000, 0x0000, 0x0000, 0x0860, 0x2103,
    0x8C50, 0xCE16, 0xB553, 0xB532, 0xAD11, 0xA4D0, 0xA4B0, 0xA4D0,
    0xA48F, 0x9C4E, 0xA46E, 0x9C2D, 0x9C4D, 0x9C4D, 0x9C4D, 0x9C2D,
    0x9C6E, 0x9C0D, 0x942D, 0x9C4E, 0x9C4E, 0x942D, 0x93CC, 0x940D,
    0x940C, 0x942D, 0x942D, 0x8BAC, 0x93EC, 0x93EC, 0x8BCC, 0x93CC,
    0x8BEC, 0x8BCB, 0x8BEC, 0x8BCC, 0x8BAC, 0x8BCC, 0x8BCB, 0x8BCC,
    0x93EC, 0x940C, 0x93EC, 0x93EC, 0x940D, 0x8BEC, 0x93EC, 0x940C,
    0x942D, 0x940C, 0x940C, 0x93EC, 0x942D, 0x940D, 0x8BCC, 0x940C,
    0x8BCC, 0x93EC, 0x940D, 0x940D, 0x93ED, 0x942D, 0x8BCC, 0x942D,
    0x9C2D, 0x8BEC, 0x93EC, 0xA44E, 0x9C6E, 0x9C4E, 0x93EC, 0x9C4D,
    0x940C, 0x942D, 0x9C2C, 0x9C2D, 0x9C2D, 0x9C2D, 0x9C2C, 0x9C2D,
    0x9C4D, 0x9C2D, 0x942C, 0xA44D, 0x9C6E, 0xA4AF, 0xA48F, 0xA46E,
    0xA48F, 0x9C4E, 0x9C4D, 0x9C4D, 0x9C2D, 0xA48E, 0xA48E, 0xA46E,
    0xA48E, 0xA46E, 0xACAF, 0xA44D, 0xACAF, 0xACAF, 0xA4AF, 0xACF0,
    0xACB0, 0xA4AF, 0xACF0, 0xACD0, 0xACCF, 0xB4F0, 0xB4F0, 0xB4F0,
    0xB4F0, 0xB4F0, 0xB4F0, 0xB4F0, 0xB510, 0xB511, 0xBD51, 0xBD72,
    0xBD71, 0xBD32, 0xBD72, 0xC593, 0xC5B3, 0xC593, 0xC5B4, 0xD616,
    0x5AA9, 0x0881, 0x0000, 0x0000, 0x0000, 0x0000, 0x0000, 0x0000,
    0x0000, 0x0000, 0x0000, 0x0000, 0x0000, 0x0000, 0x0000, 0x0000,
    0x0000, 0x0000, 0x0000, 0x0000, 0x0000, 0x0000, 0x0000, 0x0000,
    0x0000, 0x0000, 0x0000, 0x0000, 0x0000, 0x0000, 0x0000, 0x0000,
    0x0000, 0x0000, 0x0000, 0x0000, 0x0000, 0x0000, 0x0000, 0x0000,
    0x0000, 0x0000, 0x0000, 0x0000, 0x0000, 0x0000, 0x0000, 0x0000,
    0x0000, 0x0000, 0x0000, 0x0000, 0x0000, 0x0000, 0x0000, 0x0000,
    0x0000, 0x0000, 0x0000, 0x0000, 0x0000, 0x0000, 0x0000, 0x0000,
    0x0000, 0x0000, 0x0000, 0x0000, 0x0000, 0x0000, 0x0000, 0x0000,
    0x0000, 0x0000, 0x0000, 0x0000, 0x0000, 0x0000, 0x0000, 0x0000,
    0x0000, 0x0000, 0x0000, 0x0000, 0x0000, 0x0000, 0x0000, 0x0000,
    0x0000, 0x0000, 0x0000, 0x0000, 0x0000, 0x0000, 0x0000, 0x0000,
    0x0000, 0x0000, 0x0000, 0x0000, 0x0000, 0x0000, 0x0000, 0x0000,
    0x0000, 0x0000, 0x0000, 0x0000, 0x0000, 0x0000, 0x0020, 0x10A2,
    0x5ACA, 0xC5D5, 0xBD73, 0xB532, 0xAD11, 0xACF0, 0xA4B0, 0xA4AF,
    0xA48F, 0x9C4E, 0x9C6E, 0x9C2D, 0x942D, 0x9C4E, 0x9C4E, 0x942D,
    0x9C4E, 0x940D, 0x942D, 0x9C4E, 0x942D, 0x942D, 0x8BCC, 0x940D,
    0x8BEC, 0x940D, 0x940D, 0x8BCC, 0x8BCC, 0x8BEC, 0x8BCC, 0x8BCC,
    0x8BCC, 0x8BCB, 0x8BCC, 0x8BCC, 0x8BCC, 0x8BCC, 0x8BCB, 0x93EC,
    0x8BEC, 0x93EC, 0x8BEC, 0x8BEC, 0x942D, 0x940C, 0x8BEC, 0x940C,
    0x940D, 0x940C, 0x940C, 0x8BEC, 0x940C, 0x940D, 0x8BCC, 0x8BEC,
    0x8BCC, 0x8BEC, 0x940D, 0x940D, 0x93EC, 0x942D, 0x93EC, 0x940C,
    0x940D, 0x940C, 0x940D, 0x9C2D, 0x9C6E, 0x9C4D, 0x8BCC, 0x9C4D,
    0x940D, 0x942D, 0x940C, 0x942D, 0x9C2D, 0x942D, 0x93EC, 0x9C2D,
    0x9C4D, 0x9C2D, 0x940C, 0x9C4D, 0x9C6E, 0xA48F, 0xA48E, 0xA48E,
    0xA4AF, 0x9C4E, 0x9C4D, 0x9C4D, 0x9C2D, 0xA46E, 0x9C2D, 0xA48F,
    0xA48E, 0x9C6E, 0xA48E, 0x9C4D, 0xA48E, 0xACAF, 0xA4AF, 0xACD0,
    0xACAF, 0xA4AF, 0xACD0, 0xACAF, 0xACCF, 0xACF0, 0xACCF, 0xB511,
    0xB4F0, 0xB4F0, 0xB4F0, 0xB4F0, 0xB510, 0xB510, 0xB510, 0xBD52,
    0xBD72, 0xBD31, 0xBD72, 0xBD92, 0xC5B3, 0xC593, 0xCE14, 0xAD12,
    0x20E3, 0x0840, 0x0000, 0x0000, 0x0000, 0x0000, 0x0000, 0x0000,
    0x0000, 0x0000, 0x0000, 0x0000, 0x0000, 0x0000, 0x0000, 0x0000,
    0x0000, 0x0000, 0x0000, 0x0000, 0x0000, 0x0000, 0x0000, 0x0000,
    0x0000, 0x0000, 0x0000, 0x0000, 0x0000, 0x0000, 0x0000, 0x0000,
    0x0000, 0x0000, 0x0000, 0x0000, 0x0000, 0x0000, 0x0000, 0x0000,
    0x0000, 0x0000, 0x0000, 0x0000, 0x0000, 0x0000, 0x0000, 0x0000,
    0x0000, 0x0000, 0x0000, 0x0000, 0x0000, 0x0000, 0x0000, 0x0000,
    0x0000, 0x0000, 0x0000, 0x0000, 0x0000, 0x0000, 0x0000, 0x0000,
    0x0000, 0x0000, 0x0000, 0x0000, 0x0000, 0x0000, 0x0000, 0x0000,
    0x0000, 0x0000, 0x0000, 0x0000, 0x0000, 0x0000, 0x0000, 0x0000,
    0x0000, 0x0000, 0x0000, 0x0000, 0x0000, 0x0000, 0x0000, 0x0000,
    0x0000, 0x0000, 0x0000, 0x0000, 0x0000, 0x0000, 0x0000, 0x0000,
    0x0000, 0x0000, 0x0000, 0x0000, 0x0000, 0x0000, 0x0000, 0x0000,
    0x0000, 0x0000, 0x0000, 0x0000, 0x0000, 0x0000, 0x0000, 0x0861,
    0x31A5, 0x9C90, 0xC5B4, 0xB552, 0xAD11, 0xACF0, 0xA4AF, 0xA48F,
    0x9C6F, 0x9C2D, 0x9C4E, 0x942D, 0x940C, 0x942D, 0x9C2D, 0x940C,
    0x942D, 0x940D, 0x9C4E, 0x942D, 0x93EC, 0x940D, 0x940D, 0x8BEC,
    0x8BEC, 0x940C, 0x8BEC, 0x93EC, 0x8BEC, 0x8BEC, 0x8BEC, 0x8BEC,
    0x83AB, 0x83AB, 0x8BCC, 0x8BCC, 0x8BEC, 0x83AB, 0x8BCC, 0x8BEC,
    0x8BCB, 0x8BCC, 0x8BCC, 0x8BEC, 0x93EC, 0x8BCC, 0x8BCC, 0x8BCC,
    0x8BEC, 0x940C, 0x8BCC, 0x93EC, 0x8BEC, 0x8BCC, 0x8BEC, 0x8BCC,
    0x8BEC, 0x8BEC, 0x940C, 0x8BCC, 0x8BCB, 0x940C, 0x940C, 0x8BCB,
    0x8BEC, 0x940D, 0x93EC, 0x940D, 0x9C4D, 0x942D, 0x93EC, 0x942D,
    0x8BEC, 0x8BEC, 0x93EC, 0x942D, 0x942D, 0x942D, 0x8BAB, 0x940C,
    0x942D, 0x940D, 0x9C4D, 0x9C4E, 0xA46E, 0x9C2D, 0xA48E, 0xA48F,
    0x9C4E, 0x9C4D, 0x9C2D, 0x9C4D, 0x942D, 0x9C4D, 0x940C, 0x9C4E,
    0xA48E, 0x9C6E, 0xA46E, 0x9C6E, 0x9C6E, 0xA46E, 0xA48E, 0xACCF,
    0xA4AF, 0xACAF, 0xA4AF, 0xA4AE, 0xACCF, 0xB510, 0xACCF, 0xB510,
    0xB4F0, 0xACCF, 0xB4F0, 0xB510, 0xB510, 0xACCF, 0xACF0, 0xB531,
    0xB531, 0xBD72, 0xBD72, 0xBD52, 0xBD93, 0xC5D4, 0xD615, 0x6B2B,
    0x0020, 0x0000, 0x0000, 0x0000, 0x0000, 0x0000, 0x0000, 0x0000,
    0x0000, 0x0000, 0x0000, 0x0000, 0x0000, 0x0000, 0x0000, 0x0000,
    0x0000, 0x0000, 0x0000, 0x0000, 0x0000, 0x0000, 0x0000, 0x0000,
    0x0000, 0x0000, 0x0000, 0x0000, 0x0000, 0x0000, 0x0000, 0x0000,
    0x0000, 0x0000, 0x0000, 0x0000, 0x0000, 0x0000, 0x0000, 0x0000,
    0x0000, 0x0000, 0x0000, 0x0000, 0x0000, 0x0000, 0x0000, 0x0000,
    0x0000, 0x0000, 0x0000, 0x0000, 0x0000, 0x0000, 0x0000, 0x0000,
    0x0000, 0x0000, 0x0000, 0x0000, 0x0000, 0x0000, 0x0000, 0x0000,
    0x0000, 0x0000, 0x0000, 0x0000, 0x0000, 0x0000, 0x0000, 0x0000,
    0x0000, 0x0000, 0x0000, 0x0000, 0x0000, 0x0000, 0x0000, 0x0000,
    0x0000, 0x0000, 0x0000, 0x0000, 0x0000, 0x0000, 0x0000, 0x0000,
    0x0000, 0x0000, 0x0000, 0x0000, 0x0000, 0x0000, 0x0000, 0x0000,
    0x0000, 0x0000, 0x0000, 0x0000, 0x0000, 0x0000, 0x0000, 0x0000,
    0x0000, 0x0000, 0x0000, 0x0000, 0x0000, 0x0000, 0x0000, 0x0000,
    0x1082, 0x5AA9, 0xBDB4, 0xB593, 0xAD12, 0xA4D0, 0xA4AF, 0xA48F,
    0x9C4E, 0x942D, 0x942E, 0x940D, 0x940C, 0x8BEC, 0x9C0D, 0x8BEC,
    0x940D, 0x940D, 0x9C2D, 0x940D, 0x93EC, 0x8BEC, 0x8C0C, 0x8BCB,
    0x8BCC, 0x8BEC, 0x8BCC, 0x8BEC, 0x93ED, 0x8BCB, 0x8BEC, 0x8BCC,
    0x83AB, 0x838B, 0x8BAB, 0x8BCC, 0x8BCC, 0x838B, 0x83AB, 0x83CB,
    0x8BCB, 0x83AB, 0x8BCC, 0x8BCC, 0x8BAB, 0x8BCC, 0x8BCC, 0x8BCC,
    0x8BCC, 0x8BEC, 0x83AB, 0x93CC, 0x8BEC, 0x8BCC, 0x8BEC, 0x93EC,
    0x8BCC, 0x8BEC, 0x8BEC, 0x8BCC, 0x8BAB, 0x8BEC, 0x940D, 0x8BCB,
    0x8BCB, 0x8BEC, 0x8BCC, 0x940D, 0x9C2C, 0x93EC, 0x940C, 0x8BEC,
    0x8BEC, 0x8BEC, 0x8BEC, 0x940D, 0x942D, 0x940C, 0x8BAB, 0x93EC,
    0x940D, 0x940C, 0x9C2D, 0x9C4D, 0xA44D, 0x9C2D, 0xA46D, 0x9C4E,
    0x9C4D, 0x9C2D, 0x93EC, 0x942C, 0x940C, 0x9C4D, 0x9C0C, 0x942D,
    0x9C6E, 0x9C6E, 0xA44D, 0x9C4D, 0x9C4D, 0xA46E, 0xA48E, 0xA4AF,
    0xA48E, 0xAC8E, 0xACAF, 0xACAE, 0xACAF, 0xACF0, 0xACCF, 0xACF0,
    0xB4F0, 0xACCF, 0xACCF, 0xB510, 0xACEF, 0xACCF, 0xACF0, 0xB510,
    0xB510, 0xBD52, 0xBD72, 0xBD52, 0xBD73, 0xCE16, 0xA4F2, 0x2924,
    0x0000, 0x0000, 0x0000, 0x0000, 0x0000, 0x0000, 0x0000, 0x0000,
    0x0000, 0x0000, 0x0000, 0x0000, 0x0000, 0x0000, 0x0000, 0x0000,
    0x0000, 0x0000, 0x0000, 0x0000, 0x0000, 0x0000, 0x0000, 0x0000,
    0x0000, 0x0000, 0x0000, 0x0000, 0x0000, 0x0000, 0x0000, 0x0000,
    0x0000, 0x0000, 0x0000, 0x0000, 0x0000, 0x0000, 0x0000, 0x0000,
    0x0000, 0x0000, 0x0000, 0x0000, 0x0000, 0x0000, 0x0000, 0x0000,
    0x0000, 0x0000, 0x0000, 0x0000, 0x0000, 0x0000, 0x0000, 0x0000,
    0x0000, 0x0000, 0x0000, 0x0000, 0x0000, 0x0000, 0x0000, 0x0000,
    0x0000, 0x0000, 0x0000, 0x0000, 0x0000, 0x0000, 0x0000, 0x0000,
    0x0000, 0x0000, 0x0000, 0x0000, 0x0000, 0x0000, 0x0000, 0x0000,
    0x0000, 0x0000, 0x0000, 0x0000, 0x0000, 0x0000, 0x0000, 0x0000,
    0x0000, 0x0000, 0x0000, 0x0000, 0x0000, 0x0000, 0x0000, 0x0000,
    0x0000, 0x0000, 0x0000, 0x0000, 0x0000, 0x0000, 0x0000, 0x0000,
    0x0000, 0x0000, 0x0000, 0x0000, 0x0000, 0x0000, 0x0000, 0x0000,
    0x0020, 0x2945, 0x9491, 0xC5F5, 0xAD12, 0xA4B0, 0xA4AF, 0xA48F,
    0x9C4E, 0x942D, 0x942E, 0x93EC, 0x940D, 0x8BEC, 0x940C, 0x8BEC,
    0x93EC, 0x940D, 0x940D, 0x93EC, 0x93EC, 0x8BEC, 0x8BCC, 0x8BCB,
    0x8BAC, 0x8BEC, 0x8BCC, 0x8BEC, 0x93ED, 0x8BAB, 0x8BCC, 0x8BCC,
    0x8BCC, 0x83AB, 0x8B8B, 0x8BCB, 0x8BAB, 0x838B, 0x83AB, 0x838B,
    0x8BAC, 0x83AB, 0x8BCB, 0x8BCC, 0x838B, 0x8BEC, 0x8BAC, 0x8BCC,
    0x8BCB, 0x8BCC, 0x83AB, 0x83AB, 0x93EC, 0x8BCC, 0x8BCC, 0x940C,
    0x8BCC, 0x8BCC, 0x83AB, 0x8BCC, 0x8BAB, 0x8BCC, 0x940D, 0x8BEC,
    0x8BAB, 0x8BCC, 0x8BCC, 0x942D, 0x940C, 0x93EC, 0x940D, 0x8BEC,
    0x8BEC, 0x8BEC, 0x8BEC, 0x93EC, 0x942D, 0x93EC, 0x8BEC, 0x93EC,
    0x93EC, 0x940C, 0x942D, 0x9C2D, 0x9C2D, 0x9C2D, 0x9C2D, 0x9C0D,
    0x9C4D, 0x9C0D, 0x93EC, 0x940C, 0x93EC, 0x9C4D, 0x9C4D, 0x942D,
    0x9C2E, 0x9C6E, 0x9C2D, 0x9C4D, 0x9C4D, 0xA46E, 0xA46D, 0xA48F,
    0xA48E, 0x9C4E, 0xACAF, 0xACAF, 0xACAF, 0xACD0, 0xACAF, 0xACB0,
    0xA4D0, 0xACCF, 0xACCF, 0xACD0, 0xACCF, 0xACCF, 0xACF0, 0xB4F0,
    0xB510, 0xB510, 0xB532, 0xBD52, 0xBD93, 0xCE16, 0x5ACA, 0x0040,
    0x0020, 0x0000, 0x0000, 0x0000, 0x0000, 0x0000, 0x0000, 0x0000,
    0x0000, 0x0000, 0x0000, 0x0000, 0x0000, 0x0000, 0x0000, 0x0000,
    0x0000, 0x0000, 0x0000, 0x0000, 0x0000, 0x0000, 0x0000, 0x0000,
    0x0000, 0x0000, 0x0000, 0x0000, 0x0000, 0x0000, 0x0000, 0x0000,
    0x0000, 0x0000, 0x0000, 0x0000, 0x0000, 0x0000, 0x0000, 0x0000,
    0x0000, 0x0000, 0x0000, 0x0000, 0x0000, 0x0000, 0x0000, 0x0000,
    0x0000, 0x0000, 0x0000, 0x0000, 0x0000, 0x0000, 0x0000, 0x0000,
    0x0000, 0x0000, 0x0000, 0x0000, 0x0000, 0x0000, 0x0000, 0x0000,
    0x0000, 0x0000, 0x0000, 0x0000, 0x0000, 0x0000, 0x0000, 0x0000,
    0x0000, 0x0000, 0x0000, 0x0000, 0x0000, 0x0000, 0x0000, 0x0000,
    0x0000, 0x0000, 0x0000, 0x0000, 0x0000, 0x0000, 0x0000, 0x0000,
    0x0000, 0x0000, 0x0000, 0x0000, 0x0000, 0x0000, 0x0000, 0x0000,
    0x0000, 0x0000, 0x0000, 0x0000, 0x0000, 0x0000, 0x0000, 0x0000,
    0x0000, 0x0000, 0x0000, 0x0000, 0x0000, 0x0000, 0x0000, 0x0000,
    0x0020, 0x10A2, 0x62CA, 0xBD73, 0xB552, 0xA4B0, 0x9C8F, 0x9C6E,
    0x9C4E, 0x942E, 0x940D, 0x8BEC, 0x940D, 0x8BEC, 0x8BEC, 0x8BEC,
    0x8BCC, 0x940D, 0x8C0D, 0x8BCC, 0x8BEC, 0x8BCC, 0x8BCC, 0x8BCC,
    0x8BAC, 0x8BEC, 0x8BCC, 0x8BCC, 0x8BCC, 0x83AB, 0x8BCC, 0x8BCC,
    0x8BEC, 0x8BCB, 0x838B, 0x8BAB, 0x83AB, 0x838B, 0x838B, 0x838B,
    0x838B, 0x838B, 0x83AB, 0x8BCC, 0x838B, 0x8BCC, 0x838B, 0x8BCC,
    0x8BAB, 0x8BCC, 0x8BCC, 0x838B, 0x940D, 0x8BCC, 0x8BCC, 0x8BCC,
    0x8BCC, 0x8BCC, 0x83AB, 0x8BCC, 0x8BCB, 0x8BCC, 0x8BEC, 0x8BCC,
    0x838B, 0x8BCC, 0x8BCC, 0x940D, 0x8BEC, 0x8BEC, 0x940D, 0x8BEC,
    0x8BEC, 0x8BCC, 0x8BEC, 0x8BCC, 0x940D, 0x8BEC, 0x8BEC, 0x940C,
    0x8BEC, 0x940C, 0x942D, 0x940D, 0x942D, 0x942D, 0x942D, 0x940D,
    0x942D, 0x940D, 0x942D, 0x940C, 0x8BEC, 0x942D, 0x9C4D, 0x942D,
    0x940D, 0x940D, 0x940D, 0x9C6E, 0x9C4E, 0xA48E, 0x9C4D, 0xA46E,
    0xA48E, 0x9C4E, 0xACAF, 0xA4AF, 0xACCF, 0xACCF, 0xACAF, 0xACAF,
    0xA4AF, 0xACAF, 0xACF0, 0xA48F, 0xACCF, 0xACD0, 0xACF0, 0xACD0,
    0xACF0, 0xACF0, 0xACF1, 0xB532, 0xBD93, 0xA4D1, 0x20E3, 0x0020,
    0x0020, 0x0000, 0x0000, 0x0000, 0x0000, 0x0000, 0x0000, 0x0000,
    0x0000, 0x0000, 0x0000, 0x0000, 0x0000, 0x0000, 0x0000, 0x0000,
    0x0000, 0x0000, 0x0000, 0x0000, 0x0000, 0x0000, 0x0000, 0x0000,
    0x0000, 0x0000, 0x0000, 0x0000, 0x0000, 0x0000, 0x0000, 0x0000,
    0x0000, 0x0000, 0x0000, 0x0000, 0x0000, 0x0000, 0x0000, 0x0000,
    0x0000, 0x0000, 0x0000, 0x0000, 0x0000, 0x0000, 0x0000, 0x0000,
    0x0000, 0x0000, 0x0000, 0x0000, 0x0000, 0x0000, 0x0000, 0x0000,
    0x0000, 0x0000, 0x0000, 0x0000, 0x0000, 0x0000, 0x0000, 0x0000,
    0x0000, 0x0000, 0x0000, 0x0000, 0x0000, 0x0000, 0x0000, 0x0000,
    0x0000, 0x0000, 0x0000, 0x0000, 0x0000, 0x0000, 0x0000, 0x0000,
    0x0000, 0x0000, 0x0000, 0x0000, 0x0000, 0x0000, 0x0000, 0x0000,
    0x0000, 0x0000, 0x0000, 0x0000, 0x0000, 0x0000, 0x0000, 0x0000,
    0x0000, 0x0000, 0x0000, 0x0000, 0x0000, 0x0000, 0x0000, 0x0000,
    0x0000, 0x0000, 0x0000, 0x0000, 0x0000, 0x0000, 0x0000, 0x0000,
    0x0000, 0x0020, 0x2964, 0x7B6C, 0xB553, 0xACF1, 0x9C4F, 0x942E,
    0x9C4E, 0x940D, 0x8BEC, 0x8BEC, 0x8BEC, 0x8BCC, 0x8BCC, 0x8BEC,
    0x8BCC, 0x8BED, 0x8BEC, 0x8BCC, 0x83AB, 0x83AB, 0x8BCC, 0x8BCC,
    0x83AB, 0x8BCC, 0x83AC, 0x83AC, 0x83AC, 0x83AB, 0x8BCC, 0x8BCC,
    0x8BCC, 0x83AB, 0x83AB, 0x83AB, 0x838B, 0x838B, 0x7B6B, 0x7B6A,
    0x838B, 0x7B6A, 0x838B, 0x838B, 0x838B, 0x83AB, 0x838A, 0x838B,
    0x7B6B, 0x8BCC, 0x83AB, 0x838B, 0x83AB, 0x838B, 0x8BCC, 0x83AB,
    0x83AB, 0x8BCC, 0x83CC, 0x838B, 0x838B, 0x83AB, 0x83AB, 0x83AB,
    0x8BCC, 0x8BAB, 0x8BAC, 0x83AB, 0x838B, 0x83AB, 0x83AB, 0x8BEC,
    0x8BCC, 0x8BCC, 0x940D, 0x8BEC, 0x8BEC, 0x8BEC, 0x8BCC, 0x83AB,
    0x8BEC, 0x940D, 0x9C4D, 0x940D, 0x940D, 0x8BEC, 0x940C, 0x8BCC,
    0x940C, 0x942D, 0x942D, 0x93EC, 0x8BEC, 0x940D, 0x940C, 0x8BEC,
    0x8BEC, 0x8BAB, 0x8BEC, 0x942D, 0x9C4E, 0x9C4E, 0x9C4E, 0x9C4E,
    0xA46E, 0xA48F, 0xA4AF, 0xA48E, 0xA4AF, 0xA48F, 0xACAF, 0xACCF,
    0xACAF, 0xA48E, 0xACD0, 0xA4AF, 0xA4AF, 0xA48F, 0xACD0, 0xACAF,
    0xACD0, 0xA4B0, 0xA4D0, 0xAD31, 0x9CD0, 0x39E6, 0x0841, 0x0020,
    0x0000, 0x0000, 0x0000, 0x0000, 0x0000, 0x0000, 0x0000, 0x0000,
    0x0000, 0x0000, 0x0000, 0x0000, 0x0000, 0x0000, 0x0000, 0x0000,
    0x0000, 0x0000, 0x0000, 0x0000, 0x0000, 0x0000, 0x0000, 0x0000,
    0x0000, 0x0000, 0x0000, 0x0000, 0x0000, 0x0000, 0x0000, 0x0000,
    0x0000, 0x0000, 0x0000, 0x0000, 0x0000, 0x0000, 0x0000, 0x0000,
    0x0000, 0x0000, 0x0000, 0x0000, 0x0000, 0x0000, 0x0000, 0x0000,
    0x0000, 0x0000, 0x0000, 0x0000, 0x0000, 0x0000, 0x0000, 0x0000,
    0x0000, 0x0000, 0x0000, 0x0000, 0x0000, 0x0000, 0x0000, 0x0000,
    0x0000, 0x0000, 0x0000, 0x0000, 0x0000, 0x0000, 0x0000, 0x0000,
    0x0000, 0x0000, 0x0000, 0x0000, 0x0000, 0x0000, 0x0000, 0x0000,
    0x0000, 0x0000, 0x0000, 0x0000, 0x0000, 0x0000, 0x0000, 0x0000,
    0x0000, 0x0000, 0x0000, 0x0000, 0x0000, 0x0000, 0x0000, 0x0000,
    0x0000, 0x0000, 0x0000, 0x0000, 0x0000, 0x0000, 0x0000, 0x0000,
    0x0000, 0x0000, 0x0000, 0x0000, 0x0000, 0x0000, 0x0000, 0x0000,
    0x0000, 0x0000, 0x1080, 0x2123, 0x6B4C, 0xA4D0, 0xACD0, 0x9C6F,
    0x9C4E, 0x8BEC, 0x8BCC, 0x8BCC, 0x8BEC, 0x8BCC, 0x83AC, 0x83CC,
    0x83CC, 0x8BEC, 0x83CC, 0x83AB, 0x83AB, 0x838B, 0x83AB, 0x83AC,
    0x838B, 0x8BEC, 0x83AB, 0x7B8B, 0x83CC, 0x83AB, 0x83AB, 0x83AB,
    0x83AB, 0x7B8A, 0x7B8A, 0x838B, 0x7B8B, 0x838B, 0x7B8B, 0x7B6A,
    0x7B6A, 0x7B4A, 0x7B4A, 0x7B6A, 0x7B6A, 0x838B, 0x7B6A, 0x7B6A,
    0x7B4A, 0x83AB, 0x838B, 0x838B, 0x7B6B, 0x7B6B, 0x83AB, 0x83AB,
    0x83AB, 0x83AB, 0x8BCC, 0x838B, 0x7B6A, 0x7B6B, 0x838B, 0x838B,
    0x83CB, 0x83AB, 0x83AB, 0x7B8B, 0x838B, 0x7B6B, 0x836B, 0x83CB,
    0x83AB, 0x838B, 0x8BEC, 0x8BEC, 0x8BCC, 0x8BEC, 0x8BEC, 0x838B,
    0x83CB, 0x8C0C, 0x9C4D, 0x942D, 0x8BEC, 0x8BEC, 0x8BCB, 0x8BCC,
    0x8BCC, 0x8C0C, 0x940D, 0x8BCB, 0x8BEC, 0x8BEC, 0x8BCB, 0x8BCC,
    0x8BCC, 0x8BAB, 0x8BEC, 0x8BEC, 0x9C2D, 0x942D, 0x9C6E, 0x9C6E,
    0x9C4E, 0xA46F, 0xA4AE, 0xA48E, 0x9C8E, 0xA4AF, 0xA46F, 0xACCF,
    0xA48F, 0x9C4D, 0xA48F, 0xA4AF, 0xA48F, 0x9C6E, 0xA48F, 0xA48F,
    0xACD0, 0xACF1, 0xA48F, 0x83ED, 0x4206, 0x0020, 0x0000, 0x0000,
    0x0000, 0x0000, 0x0000, 0x0000, 0x0000, 0x0000, 0x0000, 0x0000,
    0x0000, 0x0000, 0x0000, 0x0000, 0x0000, 0x0000, 0x0000, 0x0000,
    0x0000, 0x0000, 0x0000, 0x0000, 0x0000, 0x0000, 0x0000, 0x0000,
    0x0000, 0x0000, 0x0000, 0x0000, 0x0000, 0x0000, 0x0000, 0x0000,
    0x0000, 0x0000, 0x0000, 0x0000, 0x0000, 0x0000, 0x0000, 0x0000,
    0x0000, 0x0000, 0x0000, 0x0000, 0x0000, 0x0000, 0x0000, 0x0000,
    0x0000, 0x0000, 0x0000, 0x0000, 0x0000, 0x0000, 0x0000, 0x0000,
    0x0000, 0x0000, 0x0000, 0x0000, 0x0000, 0x0000, 0x0000, 0x0000,
    0x0000, 0x0000, 0x0000, 0x0000, 0x0000, 0x0000, 0x0000, 0x0000,
    0x0000, 0x0000, 0x0000, 0x0000, 0x0000, 0x0000, 0x0000, 0x0000,
    0x0000, 0x0000, 0x0000, 0x0000, 0x0000, 0x0000, 0x0000, 0x0000,
    0x0000, 0x0000, 0x0000, 0x0000, 0x0000, 0x0000, 0x0000, 0x0000,
    0x0000, 0x0000, 0x0000, 0x0000, 0x0000, 0x0000, 0x0000, 0x0000,
    0x0000, 0x0000, 0x0000, 0x0000, 0x0000, 0x0000, 0x0000, 0x0000,
    0x0000, 0x0000, 0x0000, 0x0000, 0x18E3, 0x5AC9, 0x942E, 0x944E,
    0x9C4E, 0x942E, 0x8BEC, 0x8BCC, 0x8BEC, 0x8BAC, 0x83AB, 0x83AB,
    0x7BAB, 0x8BEC, 0x7B8C, 0x7BAB, 0x83AB, 0x836B, 0x7B8A, 0x838B,
    0x838B, 0x8BEC, 0x83AB, 0x7B4A, 0x83AC, 0x83AB, 0x838B, 0x838B,
    0x836A, 0x7B4A, 0x7B4A, 0x838B, 0x7B6B, 0x7B6A, 0x7B8B, 0x7B4A,
    0x7B4A, 0x7B4A, 0x7329, 0x7B4A, 0x7B6A, 0x836B, 0x7B29, 0x7B49,
    0x7B49, 0x836A, 0x838B, 0x838A, 0x7B4B, 0x7B6A, 0x838A, 0x83AB,
    0x838A, 0x7B6A, 0x83AC, 0x83AB, 0x7B6A, 0x7B6A, 0x838A, 0x838A,
    0x7B8A, 0x83AB, 0x83AB, 0x7B8A, 0x836B, 0x7B6A, 0x836B, 0x838B,
    0x838A, 0x838B, 0x83AB, 0x83AB, 0x8BAC, 0x8BCB, 0x8BCB, 0x838B,
    0x838B, 0x8BCB, 0x940D, 0x8C0C, 0x8BCB, 0x8BEC, 0x83AB, 0x8BEC,
    0x8BCC, 0x8BCB, 0x93ED, 0x83CB, 0x83CB, 0x83CB, 0x838B, 0x83AB,
    0x8BCB, 0x8BEC, 0x8BCB, 0x8BCB, 0x940C, 0x942D, 0x9C6E, 0x9C4E,
    0x9C2E, 0x9C2D, 0x9C4D, 0x9C6E, 0x9C4D, 0xA48F, 0x940D, 0xACAF,
    0xA46F, 0x942D, 0xA48E, 0x9C6E, 0xAC8F, 0xA48E, 0xA48F, 0x9C4E,
    0x9C4E, 0x8BED, 0x62C9, 0x3185, 0x0000, 0x0000, 0x0000, 0x0000,
    0x0000, 0x0000, 0x0000, 0x0000, 0x0000, 0x0000, 0x0000, 0x0000,
    0x0000, 0x0000, 0x0000, 0x0000, 0x0000, 0x0000, 0x0000, 0x0000,
    0x0000, 0x0000, 0x0000, 0x0000, 0x0000, 0x0000, 0x0000, 0x0000,
    0x0000, 0x0000, 0x0000, 0x0000, 0x0000, 0x0000, 0x0000, 0x0000,
    0x0000, 0x0000, 0x0000, 0x0000, 0x0000, 0x0000, 0x0000, 0x0000,
    0x0000, 0x0000, 0x0000, 0x0000, 0x0000, 0x0000, 0x0000, 0x0000,
    0x0000, 0x0000, 0x0000, 0x0000, 0x0000, 0x0000, 0x0000, 0x0000,
    0x0000, 0x0000, 0x0000, 0x0000, 0x0000, 0x0000, 0x0000, 0x0000,
    0x0000, 0x0000, 0x0000, 0x0000, 0x0000, 0x0000, 0x0000, 0x0000,
    0x0000, 0x0000, 0x0000, 0x0000, 0x0000, 0x0000, 0x0000, 0x0000,
    0x0000, 0x0000, 0x0000, 0x0000, 0x0000, 0x0000, 0x0000, 0x0000,
    0x0000, 0x0000, 0x0000, 0x0000, 0x0000, 0x0000, 0x0000, 0x0000,
    0x0000, 0x0000, 0x0000, 0x0000, 0x0000, 0x0000, 0x0000, 0x0000,
    0x0000, 0x0000, 0x0000, 0x0000, 0x0000, 0x0000, 0x0000, 0x0000,
    0x0000, 0x0000, 0x0000, 0x0000, 0x0000, 0x0061, 0x4227, 0x5AA9,
    0x6B2B, 0x83AC, 0x8BAC, 0x83AC, 0x8BCC, 0x83AC, 0x83AB, 0x838B,
    0x7B8B, 0x83CC, 0x7B8B, 0x7B8B, 0x838B, 0x7B6B, 0x7B6A, 0x7B6A,
    0x7B6A, 0x838C, 0x838B, 0x7B4A, 0x7B8B, 0x838B, 0x7B6B, 0x7B6B,
    0x7B6A, 0x7B4A, 0x732A, 0x838B, 0x734A, 0x7329, 0x7B2A, 0x732A,
    0x7B4A, 0x734A, 0x7329, 0x732A, 0x7B4A, 0x7B4A, 0x7329, 0x7329,
    0x7329, 0x7B6A, 0x7B6B, 0x7B6A, 0x7B4A, 0x7B4A, 0x7B6A, 0x7B8B,
    0x7B4A, 0x7B6A, 0x7B6B, 0x838B, 0x7B6A, 0x7B6A, 0x7B6A, 0x7B6A,
    0x7B4A, 0x7B8B, 0x83AB, 0x7B6A, 0x7B4A, 0x7B6A, 0x7B6A, 0x838B,
    0x7B4A, 0x838B, 0x838B, 0x7B6A, 0x838B, 0x83AB, 0x83AB, 0x7B6B,
    0x836B, 0x838B, 0x8BAC, 0x838B, 0x838B, 0x83CC, 0x83AB, 0x8BAC,
    0x8BCC, 0x83AB, 0x8BCC, 0x83AB, 0x7B4A, 0x838B, 0x838B, 0x7B8B,
    0x83AB, 0x8BEC, 0x83AB, 0x8BCB, 0x8BEC, 0x940D, 0x9C4E, 0x942E,
    0x942D, 0x940D, 0x940D, 0x942D, 0x940D, 0x9C4E, 0x8BEC, 0x9C4E,
    0x9C4E, 0x942D, 0x940C, 0x83CB, 0x942D, 0x8BCC, 0x838C, 0x732A,
    0x5AA9, 0x3184, 0x0881, 0x0000, 0x0000, 0x0000, 0x0000, 0x0000,
    0x0000, 0x0000, 0x0000, 0x0000, 0x0000, 0x0000, 0x0000, 0x0000,
    0x0000, 0x0000, 0x0000, 0x0000, 0x0000, 0x0000, 0x0000, 0x0000,
    0x0000, 0x0000, 0x0000, 0x0000, 0x0000, 0x0000, 0x0000, 0x0000,
    0x0000, 0x0000, 0x0000, 0x0000, 0x0000, 0x0000, 0x0000, 0x0000,
    0x0000, 0x0000, 0x0000, 0x0000, 0x0000, 0x0000, 0x0000, 0x0000,
    0x0000, 0x0000, 0x0000, 0x0000, 0x0000, 0x0000, 0x0000, 0x0000,
    0x0000, 0x0000, 0x0000, 0x0000, 0x0000, 0x0000, 0x0000, 0x0000,
    0x0000, 0x0000, 0x0000, 0x0000, 0x0000, 0x0000, 0x0000, 0x0000,
    0x0000, 0x0000, 0x0000, 0x0000, 0x0000, 0x0000, 0x0000, 0x0000,
    0x0000, 0x0000, 0x0000, 0x0000, 0x0000, 0x0000, 0x0000, 0x0000,
    0x0000, 0x0000, 0x0000, 0x0000, 0x0000, 0x0000, 0x0000, 0x0000,
    0x0000, 0x0000, 0x0000, 0x0000, 0x0000, 0x0000, 0x0000, 0x0000,
    0x0000, 0x0000, 0x0000, 0x0000, 0x0000, 0x0000, 0x0000, 0x0000,
    0x0000, 0x0000, 0x0000, 0x0000, 0x0000, 0x0000, 0x0000, 0x0000,
    0x0000, 0x0000, 0x0000, 0x0000, 0x0000, 0x0000, 0x0020, 0x0840,
    0x10A2, 0x3185, 0x5A68, 0x6AE9, 0x734B, 0x7B8A, 0x7B4A, 0x7B4A,
    0x734A, 0x732A, 0x734A, 0x732A, 0x7B4A, 0x734A, 0x732A, 0x732A,
    0x7309, 0x732A, 0x7B6A, 0x7B4A, 0x7B4A, 0x732A, 0x732A, 0x732A,
    0x732A, 0x732A, 0x6B09, 0x732A, 0x6AE9, 0x6B09, 0x6AE8, 0x6AE8,
    0x7329, 0x6AE8, 0x6B09, 0x6AE9, 0x6AE9, 0x7309, 0x6B09, 0x6AE9,
    0x6AE9, 0x732A, 0x732A, 0x734A, 0x7329, 0x732A, 0x732A, 0x7B4A,
    0x732A, 0x7B4A, 0x732A, 0x7B6B, 0x7B4A, 0x7B4A, 0x7B4A, 0x732A,
    0x7309, 0x734A, 0x734A, 0x734A, 0x6B09, 0x732A, 0x732A, 0x734A,
    0x7309, 0x732A, 0x7B6B, 0x734A, 0x7B4A, 0x83AB, 0x7B6B, 0x734A,
    0x7B4A, 0x7B6A, 0x7B6B, 0x7B6A, 0x7B4A, 0x7B6B, 0x7B6A, 0x7B4A,
    0x7B8B, 0x7B6B, 0x7B6A, 0x7B4A, 0x7309, 0x7B4A, 0x7B4A, 0x7B8B,
    0x7B6B, 0x83AC, 0x83CB, 0x8BCC, 0x83AB, 0x83AB, 0x8C0C, 0x8BEC,
    0x8BEC, 0x8C2D, 0x8BEC, 0x8BEC, 0x93EC, 0x8BAB, 0x83AB, 0x7B8B,
    0x7B8C, 0x734A, 0x62C9, 0x5AA8, 0x5247, 0x3164, 0x2103, 0x18A1,
    0x0820, 0x0000, 0x0000, 0x0000, 0x0000, 0x0000, 0x0000, 0x0000,
    0x0000, 0x0000, 0x0000, 0x0000, 0x0000, 0x0000, 0x0000, 0x0000,
    0x0000, 0x0000, 0x0000, 0x0000, 0x0000, 0x0000, 0x0000, 0x0000,
    0x0000, 0x0000, 0x0000, 0x0000, 0x0000, 0x0000, 0x0000, 0x0000,
    0x0000, 0x0000, 0x0000, 0x0000, 0x0000, 0x0000, 0x0000, 0x0000,
    0x0000, 0x0000, 0x0000, 0x0000, 0x0000, 0x0000, 0x0000, 0x0000,
    0x0000, 0x0000, 0x0000, 0x0000, 0x0000, 0x0000, 0x0000, 0x0000,
    0x0000, 0x0000, 0x0000, 0x0000, 0x0000, 0x0000, 0x0000, 0x0000,
    0x0000, 0x0000, 0x0000, 0x0000, 0x0000, 0x0000, 0x0000, 0x0000,
    0x0000, 0x0000, 0x0000, 0x0000, 0x0000, 0x0000, 0x0000, 0x0000,
    0x0000, 0x0000, 0x0000, 0x0000, 0x0000, 0x0000, 0x0000, 0x0000,
    0x0000, 0x0000, 0x0000, 0x0000, 0x0000, 0x0000, 0x0000, 0x0000,
    0x0000, 0x0000, 0x0000, 0x0000, 0x0000, 0x0000, 0x0000, 0x0000,
    0x0000, 0x0000, 0x0000, 0x0000, 0x0000, 0x0000, 0x0000, 0x0000,
    0x0000, 0x0000, 0x0000, 0x0000, 0x0000, 0x0000, 0x0000, 0x0000,
    0x0000, 0x0000, 0x0000, 0x0000, 0x0000, 0x0000, 0x0000, 0x0000,
    0x0000, 0x0020, 0x1882, 0x18C2, 0x2923, 0x39C5, 0x41C5, 0x39C5,
    0x41C5, 0x49E6, 0x5A67, 0x6288, 0x6AC9, 0x6AE8, 0x62A8, 0x6AE9,
    0x6AE9, 0x6B09, 0x734A, 0x7B2A, 0x7B2A, 0x732A, 0x6AE9, 0x6B09,
    0x730A, 0x6AE9, 0x62C8, 0x6AE9, 0x62A8, 0x6AE9, 0x6AE8, 0x6AE8,
    0x7308, 0x6AC8, 0x62C8, 0x6288, 0x6288, 0x6AC9, 0x6AE8, 0x62E8,
    0x62C8, 0x6B09, 0x6B29, 0x6B09, 0x6AE8, 0x6B09, 0x6B09, 0x7B29,
    0x6B29, 0x7329, 0x7309, 0x7B6A, 0x7B29, 0x7B4A, 0x7B2A, 0x7309,
    0x6AC8, 0x6B09, 0x6AE9, 0x6AE9, 0x62E8, 0x6AE9, 0x6B0A, 0x6B29,
    0x7329, 0x7329, 0x732A, 0x732A, 0x7B4A, 0x83AB, 0x7B4B, 0x7B4A,
    0x7B6A, 0x7349, 0x7B6B, 0x7B6A, 0x732A, 0x734A, 0x734A, 0x732A,
    0x734A, 0x7329, 0x7B2A, 0x7309, 0x6AC8, 0x6B09, 0x6B08, 0x730A,
    0x732A, 0x734A, 0x7B4A, 0x7B6A, 0x732A, 0x732A, 0x732A, 0x6AE9,
    0x6AC8, 0x6AE9, 0x6288, 0x5A88, 0x5267, 0x5226, 0x41E5, 0x31A4,
    0x3164, 0x2102, 0x18A2, 0x18A2, 0x1081, 0x0020, 0x0000, 0x0000,
    0x0000, 0x0000, 0x0000, 0x0000, 0x0000, 0x0000, 0x0000, 0x0000,
    0x0000, 0x0000, 0x0000, 0x0000, 0x0000, 0x0000, 0x0000, 0x0000,
    0x0000, 0x0000, 0x0000, 0x0000, 0x0000, 0x0000, 0x0000, 0x0000,
    0x0000, 0x0000, 0x0000, 0x0000, 0x0000, 0x0000, 0x0000, 0x0000,
    0x0000, 0x0000, 0x0000, 0x0000, 0x0000, 0x0000, 0x0000, 0x0000,
    0x0000, 0x0000, 0x0000, 0x0000, 0x0000, 0x0000, 0x0000, 0x0000,
    0x0000, 0x0000, 0x0000, 0x0000, 0x0000, 0x0000, 0x0000, 0x0000,
    0x0000, 0x0000, 0x0000, 0x0000, 0x0000, 0x0000, 0x0000, 0x0000,
    0x0000, 0x0000, 0x0000, 0x0000, 0x0000, 0x0000, 0x0000, 0x0000,
    0x0000, 0x0000, 0x0000, 0x0000, 0x0000, 0x0000, 0x0000, 0x0000,
    0x0000, 0x0000, 0x0000, 0x0000, 0x0000, 0x0000, 0x0000, 0x0000,
    0x0000, 0x0000, 0x0000, 0x0000, 0x0000, 0x0000, 0x0000, 0x0000,
    0x0000, 0x0000, 0x0000, 0x0000, 0x0000, 0x0000, 0x0000, 0x0000,
    0x0000, 0x0000, 0x0000, 0x0000, 0x0000, 0x0000, 0x0000, 0x0000,
    0x0000, 0x0000, 0x0000, 0x0000, 0x0000, 0x0000, 0x0000, 0x0000,
    0x0000, 0x0000, 0x0000, 0x0000, 0x0000, 0x0000, 0x0000, 0x0000,
    0x0000, 0x0000, 0x0000, 0x0000, 0x0000, 0x0040, 0x1061, 0x0841,
    0x1061, 0x18A1, 0x2102, 0x2923, 0x3144, 0x3984, 0x3163, 0x3984,
    0x49E6, 0x4A26, 0x5247, 0x5226, 0x5246, 0x5A67, 0x4A26, 0x5226,
    0x5A47, 0x5226, 0x4A25, 0x5226, 0x4A05, 0x4A26, 0x5246, 0x5247,
    0x5A67, 0x5247, 0x4A25, 0x5226, 0x4A06, 0x5226, 0x5246, 0x5A66,
    0x5A67, 0x5266, 0x62A8, 0x62A8, 0x5A87, 0x62A8, 0x62A8, 0x6AC8,
    0x62C8, 0x62C8, 0x6AC8, 0x6AE9, 0x62A8, 0x6AE9, 0x62A8, 0x5A87,
    0x41E5, 0x5246, 0x5246, 0x5267, 0x5A87, 0x5267, 0x62A8, 0x62C8,
    0x5AA8, 0x5AA8, 0x6288, 0x62A8, 0x62C9, 0x6AE9, 0x62C8, 0x6287,
    0x6287, 0x5A88, 0x62A8, 0x6288, 0x5247, 0x5247, 0x5247, 0x5247,
    0x5247, 0x5205, 0x4A06, 0x4A06, 0x39A4, 0x39A5, 0x39A4, 0x41A5,
    0x41E5, 0x41A4, 0x39A4, 0x39C4, 0x3985, 0x39A5, 0x3164, 0x2944,
    0x2903, 0x2903, 0x20C2, 0x18C2, 0x10A1, 0x10A1, 0x0840, 0x0020,
    0x0000, 0x0000, 0x0000, 0x0000, 0x0000, 0x0000, 0x0000, 0x0000,
    0x0000, 0x0000, 0x0000, 0x0000, 0x0000, 0x0000, 0x0000, 0x0000,
    0x0000, 0x0000, 0x0000, 0x0000, 0x0000, 0x0000, 0x0000, 0x0000,
    0x0000, 0x0000, 0x0000, 0x0000, 0x0000, 0x0000, 0x0000, 0x0000,
    0x0000, 0x0000, 0x0000, 0x0000, 0x0000, 0x0000, 0x0000, 0x0000,
    0x0000, 0x0000, 0x0000, 0x0000, 0x0000, 0x0000, 0x0000, 0x0000,
    0x0000, 0x0000, 0x0000, 0x0000, 0x0000, 0x0000, 0x0000, 0x0000,
    0x0000, 0x0000, 0x0000, 0x0000, 0x0000, 0x0000, 0x0000, 0x0000,
    0x0000, 0x0000, 0x0000, 0x0000, 0x0000, 0x0000, 0x0000, 0x0000,
    0x0000, 0x0000, 0x0000, 0x0000, 0x0000, 0x0000, 0x0000, 0x0000,
    0x0000, 0x0000, 0x0000, 0x0000, 0x0000, 0x0000, 0x0000, 0x0000,
    0x0000, 0x0000, 0x0000, 0x0000, 0x0000, 0x0000, 0x0000, 0x0000,
    0x0000, 0x0000, 0x0000, 0x0000, 0x0000, 0x0000, 0x0000, 0x0000,
    0x0000, 0x0000, 0x0000, 0x0000, 0x0000, 0x0000, 0x0000, 0x0000,
    0x0000, 0x0000, 0x0000, 0x0000, 0x0000, 0x0000, 0x0000, 0x0000,
    0x0000, 0x0000, 0x0000, 0x0000, 0x0000, 0x0000, 0x0000, 0x0000,
    0x0000, 0x0000, 0x0000, 0x0000, 0x0000, 0x0000, 0x0000, 0x0000,
    0x0000, 0x0000, 0x0000, 0x0000, 0x0000, 0x0000, 0x0000, 0x0000,
    0x0000, 0x0000, 0x0000, 0x0000, 0x0000, 0x0000, 0x0020, 0x0000,
    0x1061, 0x1881, 0x18C2, 0x18A1, 0x18A1, 0x2903, 0x18C2, 0x20C2,
    0x2903, 0x2903, 0x2902, 0x2903, 0x20E2, 0x18C2, 0x20E2, 0x2903,
    0x2923, 0x2923, 0x2902, 0x3143, 0x2923, 0x2902, 0x2903, 0x3143,
    0x3984, 0x3143, 0x3984, 0x39A5, 0x39A5, 0x41A5, 0x41C5, 0x41C5,
    0x41C5, 0x41E5, 0x41C5, 0x41A5, 0x3984, 0x41E5, 0x3984, 0x3164,
    0x18A1, 0x2903, 0x3143, 0x3164, 0x3164, 0x3164, 0x3984, 0x41C5,
    0x3164, 0x3164, 0x3984, 0x3984, 0x3164, 0x3184, 0x39A4, 0x2903,
    0x2903, 0x3144, 0x2923, 0x2903, 0x20E2, 0x20C2, 0x18C2, 0x20C2,
    0x20E2, 0x1881, 0x1081, 0x1081, 0x0840, 0x0820, 0x0820, 0x0820,
    0x0840, 0x0000, 0x0000, 0x0000, 0x0000, 0x0000, 0x0000, 0x0000,
    0x0000, 0x0000, 0x0000, 0x0000, 0x0000, 0x0000, 0x0000, 0x0000,
    0x0000, 0x0000, 0x0000, 0x0000, 0x0000, 0x0000, 0x0000, 0x0000,
    0x0000, 0x0000, 0x0000, 0x0000, 0x0000, 0x0000, 0x0000, 0x0000,
    0x0000, 0x0000, 0x0000, 0x0000, 0x0000, 0x0000, 0x0000, 0x0000,
    0x0000, 0x0000, 0x0000, 0x0000, 0x0000, 0x0000, 0x0000, 0x0000,
    0x0000, 0x0000, 0x0000, 0x0000, 0x0000, 0x0000, 0x0000, 0x0000,
    0x0000, 0x0000, 0x0000, 0x0000, 0x0000, 0x0000, 0x0000, 0x0000,
    0x0000, 0x0000, 0x0000, 0x0000, 0x0000, 0x0000, 0x0000, 0x0000,
    0x0000, 0x0000, 0x0000, 0x0000, 0x0000, 0x0000, 0x0000, 0x0000,
    0x0000, 0x0000, 0x0000, 0x0000, 0x0000, 0x0000, 0x0000, 0x0020,
    0x0000, 0x0000, 0x0000, 0x0000, 0x0000, 0x0000, 0x0000, 0x0000,
    0x0000, 0x0000, 0x0000, 0x0000, 0x0000, 0x0000, 0x0000, 0x0000,
    0x0000, 0x0000, 0x0000, 0x0000, 0x0000, 0x0000, 0x0000, 0x0000,
    0x0000, 0x0000, 0x0000, 0x0000, 0x0000, 0x0000, 0x0000, 0x0000,
    0x0000, 0x0000, 0x0000, 0x0000, 0x0000, 0x0000, 0x0000, 0x0000,
    0x0000, 0x0000, 0x0000, 0x0000, 0x0000, 0x0000, 0x0000, 0x0000,
    0x0000, 0x0000, 0x0000, 0x0000, 0x0000, 0x0000, 0x0000, 0x0000,
    0x0000, 0x0000, 0x0000, 0x0000, 0x0000, 0x0000, 0x0000, 0x0000,
    0x0000, 0x0000, 0x0000, 0x0000, 0x0000, 0x0000, 0x0000, 0x0000,
    0x0000, 0x0000, 0x0000, 0x0000, 0x0000, 0x0000, 0x0000, 0x0000,
    0x0000, 0x0000, 0x0000, 0x0000, 0x0000, 0x0000, 0x0000, 0x0000,
    0x0000, 0x0000, 0x0000, 0x0000, 0x0000, 0x0000, 0x0000, 0x0000,
    0x0000, 0x0000, 0x0000, 0x0020, 0x0020, 0x0000, 0x0000, 0x0000,
    0x0040, 0x0000, 0x0040, 0x0040, 0x0840, 0x0860, 0x0860, 0x0040,
    0x0860, 0x0860, 0x0040, 0x0040, 0x0040, 0x0040, 0x0040, 0x0020,
    0x0000, 0x0000, 0x0000, 0x0020, 0x0040, 0x0040, 0x0020, 0x0040,
    0x0000, 0x0000, 0x0040, 0x0020, 0x0000, 0x0020, 0x0020, 0x0000,
    0x0000, 0x0000, 0x0000, 0x0000, 0x0000, 0x0000, 0x0000, 0x0000,
    0x0000, 0x0000, 0x0000, 0x0000, 0x0000, 0x0000, 0x0000, 0x0000,
    0x0000, 0x0000, 0x0000, 0x0000, 0x0000, 0x0000, 0x0000, 0x0000,
    0x0000, 0x0000, 0x0000, 0x0000, 0x0000, 0x0000, 0x0000, 0x0000,
    0x0000, 0x0000, 0x0000, 0x0000, 0x0000, 0x0000, 0x0000, 0x0000,
    0x0000, 0x0000, 0x0000, 0x0000, 0x0000, 0x0000, 0x0000, 0x0000,
    0x0000, 0x0000, 0x0000, 0x0000, 0x0000, 0x0000, 0x0000, 0x0000,
    0x0000, 0x0000, 0x0000, 0x0000, 0x0000, 0x0000, 0x0000, 0x0000,
    0x0000, 0x0000, 0x0000, 0x0000, 0x0000, 0x0000, 0x0000, 0x0000,
    0x0000, 0x0000, 0x0000, 0x0000, 0x0000, 0x0000, 0x0000, 0x0000,
    0x0000, 0x0000, 0x0000, 0x0000, 0x0000, 0x0000, 0x0000, 0x0000,
    0x0000, 0x0000, 0x0000, 0x0000, 0x0000, 0x0000, 0x0000, 0x0000,
    0x0000, 0x0000, 0x0000, 0x0000, 0x0000, 0x0000, 0x0000, 0x0020,
    0x0000, 0x0000, 0x0000, 0x0000, 0x0000, 0x0000, 0x0000, 0x0000,
    0x0000, 0x0000, 0x0000, 0x0000, 0x0000, 0x0000, 0x0000, 0x0000,
    0x0000, 0x0000, 0x0000, 0x0000, 0x0000, 0x0000, 0x0000, 0x0000,
    0x0000, 0x0000, 0x0000, 0x0000, 0x0000, 0x0000, 0x0000, 0x0000,
    0x0000, 0x0000, 0x0000, 0x0000, 0x0000, 0x0000, 0x0000, 0x0000,
    0x0000, 0x0000, 0x0000, 0x0000, 0x0000, 0x0000, 0x0000, 0x0000,
    0x0000, 0x0000, 0x0000, 0x0000, 0x0000, 0x0000, 0x0000, 0x0000,
    0x0000, 0x0000, 0x0000, 0x0000, 0x0000, 0x0000, 0x0000, 0x0000,
    0x0000, 0x0000, 0x0000, 0x0000, 0x0000, 0x0000, 0x0000, 0x0000,
    0x0000, 0x0000, 0x0000, 0x0000, 0x0000, 0x0000, 0x0000, 0x0000,
    0x0000, 0x0000, 0x0000, 0x0000, 0x0000, 0x0000, 0x0000, 0x0000,
    0x0000, 0x0000, 0x0000, 0x0000, 0x0000, 0x0000, 0x0000, 0x0000,
    0x0000, 0x0000, 0x0000, 0x0000, 0x0000, 0x0000, 0x0000, 0x0000,
    0x0000, 0x0000, 0x0000, 0x0000, 0x0000, 0x0000, 0x0000, 0x0000,
    0x0000, 0x0000, 0x0000, 0x0000, 0x0000, 0x0000, 0x0000, 0x0000,
    0x0000, 0x0000, 0x0000, 0x0000, 0x0000, 0x0000, 0x0000, 0x0000,
    0x0000, 0x0000, 0x0000, 0x0000, 0x0000, 0x0000, 0x0000, 0x0000,
    0x0000, 0x0000, 0x0000, 0x0000, 0x0000, 0x0000, 0x0000, 0x0000,
    0x0000, 0x0000, 0x0000, 0x0000, 0x0000, 0x0000, 0x0000, 0x0000,
    0x0000, 0x0000, 0x0000, 0x0000, 0x0000, 0x0000, 0x0000, 0x0000,
    0x0000, 0x0000, 0x0000, 0x0000, 0x0000, 0x0000, 0x0000, 0x0000,
    0x0000, 0x0000, 0x0000, 0x0000, 0x0000, 0x0000, 0x0000, 0x0000,
    0x0000, 0x0000, 0x0000, 0x0000, 0x0000, 0x0000, 0x0000, 0x0000,
    0x0000, 0x0000, 0x0000, 0x0000, 0x0000, 0x0000, 0x0000, 0x0000,
    0x0000, 0x0000, 0x0000, 0x0000, 0x0000, 0x0000, 0x0000, 0x0000,
    0x0000, 0x0000, 0x0000, 0x0000, 0x0000, 0x0000, 0x0000, 0x0000,
    0x0000, 0x0000, 0x0000, 0x0000, 0x0000, 0x0000, 0x0000, 0x0000,
    0x0000, 0x0000, 0x0000, 0x0000, 0x0000, 0x0000, 0x0000, 0x0000,
    0x0000, 0x0000, 0x0000, 0x0000, 0x0000, 0x0000, 0x0000, 0x0000,
    0x0000, 0x0000, 0x0000, 0x0000, 0x0000, 0x0000, 0x0000, 0x0020,
    0x0000, 0x0000, 0x0000, 0x0000, 0x0000, 0x0000, 0x0000, 0x0000,
    0x0000, 0x0000, 0x0000, 0x0000, 0x0000, 0x0000, 0x0000, 0x0000,
    0x0000, 0x0000, 0x0000, 0x0000, 0x0000, 0x0000, 0x0000, 0x0000,
    0x0000, 0x0000, 0x0000, 0x0000, 0x0000, 0x0000, 0x0000, 0x0000,
    0x0000, 0x0000, 0x0000, 0x0000, 0x0000, 0x0000, 0x0000, 0x0000,
    0x0000, 0x0000, 0x0000, 0x0000, 0x0000, 0x0000, 0x0000, 0x0000,
    0x0000, 0x0000, 0x0000, 0x0000, 0x0000, 0x0000, 0x0000, 0x0000,
    0x0000, 0x0000, 0x0000, 0x0000, 0x0000, 0x0000, 0x0000, 0x0000,
    0x0000, 0x0000, 0x0000, 0x0000, 0x0000, 0x0000, 0x0000, 0x0000,
    0x0000, 0x0000, 0x0000, 0x0000, 0x0000, 0x0000, 0x0000, 0x0000,
    0x0000, 0x0000, 0x0000, 0x0000, 0x0000, 0x0000, 0x0000, 0x0000,
    0x0000, 0x0000, 0x0000, 0x0000, 0x0000, 0x0000, 0x0000, 0x0000,
    0x0000, 0x0000, 0x0000, 0x0000, 0x0000, 0x0000, 0x0000, 0x0000,
    0x0000, 0x0000, 0x0000, 0x0000, 0x0000, 0x0000, 0x0000, 0x0000,
    0x0000, 0x0000, 0x0000, 0x0000, 0x0000, 0x0000, 0x0000, 0x0000,
    0x0000, 0x0000, 0x0000, 0x0000, 0x0000, 0x0000, 0x0000, 0x0000,
    0x0000, 0x0000, 0x0000, 0x0000, 0x0000, 0x0000, 0x0000, 0x0000,
    0x0000, 0x0000, 0x0000, 0x0000, 0x0000, 0x0000, 0x0000, 0x0000,
    0x0000, 0x0000, 0x0000, 0x0000, 0x0000, 0x0000, 0x0000, 0x0000,
    0x0000, 0x0000, 0x0000, 0x0000, 0x0000, 0x0000, 0x0000, 0x0000,
    0x0000, 0x0000, 0x0000, 0x0000, 0x0000, 0x0000, 0x0000, 0x0000,
    0x0000, 0x0000, 0x0000, 0x0000, 0x0000, 0x0000, 0x0000, 0x0000,
    0x0000, 0x0000, 0x0000, 0x0000, 0x0000, 0x0000, 0x0000, 0x0000,
    0x0000, 0x0000, 0x0000, 0x0000, 0x0000, 0x0000, 0x0000, 0x0000,
    0x0000, 0x0000, 0x0000, 0x0000, 0x0000, 0x0000, 0x0000, 0x0000,
    0x0000, 0x0000, 0x0000, 0x0000, 0x0000, 0x0000, 0x0000, 0x0000,
    0x0000, 0x0000, 0x0000, 0x0000, 0x0000, 0x0000, 0x0000, 0x0000,
    0x0000, 0x0000, 0x0000, 0x0000, 0x0000, 0x0000, 0x0000, 0x0000,
    0x0000, 0x0000, 0x0000, 0x0000, 0x0000, 0x0000, 0x0000, 0x0000,
    0x0000, 0x0000, 0x0000, 0x0000, 0x0000, 0x0000, 0x0000, 0x0020,
    0x0000, 0x0000, 0x0000, 0x0000, 0x0000, 0x0000, 0x0000, 0x0000,
    0x0000, 0x0000, 0x0000, 0x0000, 0x0000, 0x0000, 0x0000, 0x0000,
    0x0000, 0x0000, 0x0000, 0x0000, 0x0000, 0x0000, 0x0000, 0x0000,
    0x0000, 0x0000, 0x0000, 0x0000, 0x0000, 0x0000, 0x0000, 0x0000,
    0x0000, 0x0000, 0x0000, 0x0000, 0x0000, 0x0000, 0x0000, 0x0000,
    0x0000, 0x0000, 0x0000, 0x0000, 0x0000, 0x0000, 0x0000, 0x0000,
    0x0000, 0x0000, 0x0000, 0x0000, 0x0000, 0x0000, 0x0000, 0x0000,
    0x0000, 0x0000, 0x0000, 0x0000, 0x0000, 0x0000, 0x0000, 0x0000,
    0x0000, 0x0000, 0x0000, 0x0000, 0x0000, 0x0000, 0x0000, 0x0000,
    0x0000, 0x0000, 0x0000, 0x0000, 0x0000, 0x0000, 0x0000, 0x0000,
    0x0000, 0x0000, 0x0000, 0x0000, 0x0000, 0x0000, 0x0000, 0x0000,
    0x0000, 0x0000, 0x0000, 0x0000, 0x0000, 0x0000, 0x0000, 0x0000,
    0x0000, 0x0000, 0x0000, 0x0000, 0x0000, 0x0000, 0x0000, 0x0000,
    0x0000, 0x0000, 0x0000, 0x0000, 0x0000, 0x0000, 0x0000, 0x0000,
    0x0000, 0x0000, 0x0000, 0x0000, 0x0000, 0x0000, 0x0000, 0x0000,
    0x0000, 0x0000, 0x0000, 0x0000, 0x0000, 0x0000, 0x0000, 0x0000,
    0x0000, 0x0000, 0x0000, 0x0000, 0x0000, 0x0000, 0x0000, 0x0000,
    0x0000, 0x0000, 0x0000, 0x0000, 0x0000, 0x0000, 0x0000, 0x0000,
    0x0000, 0x0000, 0x0000, 0x0000, 0x0000, 0x0000, 0x0000, 0x0000,
    0x0000, 0x0000, 0x0000, 0x0000, 0x0000, 0x0000, 0x0000, 0x0000,
    0x0000, 0x0000, 0x0000, 0x0000, 0x0000, 0x0000, 0x0000, 0x0000,
    0x0000, 0x0000, 0x0000, 0x0000, 0x0000, 0x0000, 0x0000, 0x0000,
    0x0000, 0x0000, 0x0000, 0x0000, 0x0000, 0x0000, 0x0000, 0x0000,
    0x0000, 0x0000, 0x0000, 0x0000, 0x0000, 0x0000, 0x0000, 0x0000,
    0x0000, 0x0000, 0x0000, 0x0000, 0x0000, 0x0000, 0x0000, 0x0000,
    0x0000, 0x0000, 0x0000, 0x0000, 0x0000, 0x0000, 0x0000, 0x0000,
    0x0000, 0x0000, 0x0000, 0x0000, 0x0000, 0x0000, 0x0000, 0x0000,
    0x0000, 0x0000, 0x0000, 0x0000, 0x0000, 0x0000, 0x0000, 0x0000,
    0x0000, 0x0000, 0x0000, 0x0000, 0x0000, 0x0000, 0x0000, 0x0000,
    0x0000, 0x0000, 0x0000, 0x0000, 0x0000, 0x0000, 0x0000, 0x0020,
    0x0000, 0x0000, 0x0000, 0x0000, 0x0000, 0x0000, 0x0000, 0x0000,
    0x0000, 0x0000, 0x0000, 0x0000, 0x0000, 0x0000, 0x0000, 0x0000,
    0x0000, 0x0000, 0x0000, 0x0000, 0x0000, 0x0000, 0x0000, 0x0000,
    0x0000, 0x0000, 0x0000, 0x0000, 0x0000, 0x0000, 0x0000, 0x0000,
    0x0000, 0x0000, 0x0000, 0x0000, 0x0000, 0x0000, 0x0000, 0x0000,
    0x0000, 0x0000, 0x0000, 0x0000, 0x0000, 0x0000, 0x0000, 0x0000,
    0x0000, 0x0000, 0x0000, 0x0000, 0x0000, 0x0000, 0x0000, 0x0000,
    0x0000, 0x0000, 0x0000, 0x0000, 0x0000, 0x0000, 0x0000, 0x0000,
    0x0000, 0x0000, 0x0000, 0x0000, 0x0000, 0x0000, 0x0000, 0x0000,
    0x0000, 0x0000, 0x0000, 0x0000, 0x0000, 0x0000, 0x0000, 0x0000,
    0x0000, 0x0000, 0x0000, 0x0000, 0x0000, 0x0000, 0x0000, 0x0000,
    0x0000, 0x0000, 0x0000, 0x0000, 0x0000, 0x0000, 0x0000, 0x0000,
    0x0000, 0x0000, 0x0000, 0x0000, 0x0000, 0x0000, 0x0000, 0x0000,
    0x0000, 0x0000, 0x0000, 0x0000, 0x0000, 0x0000, 0x0000, 0x0000,
    0x0000, 0x0000, 0x0000, 0x0000, 0x0000, 0x0000, 0x0000, 0x0000,
    0x0000, 0x0000, 0x0000, 0x0000, 0x0000, 0x0000, 0x0000, 0x0000,
    0x0000, 0x0000, 0x0000, 0x0000, 0x0000, 0x0000, 0x0000, 0x0000,
    0x0000, 0x0000, 0x0000, 0x0000, 0x0000, 0x0000, 0x0000, 0x0000,
    0x0000, 0x0000, 0x0000, 0x0000, 0x0000, 0x0000, 0x0000, 0x0000,
    0x0000, 0x0000, 0x0000, 0x0000, 0x0000, 0x0000, 0x0000, 0x0000,
    0x0000, 0x0000, 0x0000, 0x0000, 0x0000, 0x0000, 0x0000, 0x0000,
    0x0000, 0x0000, 0x0000, 0x0000, 0x0000, 0x0000, 0x0000, 0x0000,
    0x0000, 0x0000, 0x0000, 0x0000, 0x0000, 0x0000, 0x0000, 0x0000,
    0x0000, 0x0000, 0x0000, 0x0000, 0x0000, 0x0000, 0x0000, 0x0000,
    0x0000, 0x0000, 0x0000, 0x0000, 0x0000, 0x0000, 0x0000, 0x0000,
    0x0000, 0x0000, 0x0000, 0x0000, 0x0000, 0x0000, 0x0000, 0x0000,
    0x0000, 0x0000, 0x0000, 0x0000, 0x0000, 0x0000, 0x0000, 0x0000,
    0x0000, 0x0000, 0x0000, 0x0000, 0x0000, 0x0000, 0x0000, 0x0000,
    0x0000, 0x0000, 0x0000, 0x0000, 0x0000, 0x0000, 0x0000, 0x0000,
    0x0000, 0x0000, 0x0000, 0x0000, 0x0000, 0x0000, 0x0000, 0x0000,
    0x0000, 0x0000, 0x0000, 0x0000, 0x0000, 0x0000, 0x0000, 0x0000,
    0x0000, 0x0000, 0x0000, 0x0000, 0x0000, 0x0000, 0x0000, 0x0000,
    0x0000, 0x0000, 0x0000, 0x0000, 0x0000, 0x0000, 0x0000, 0x0000,
    0x0000, 0x0000, 0x0000, 0x0000, 0x0000, 0x0000, 0x0000, 0x0000,
    0x0000, 0x0000, 0x0000, 0x0000, 0x0000, 0x0000, 0x0000, 0x0000,
    0x0000, 0x0000, 0x0000, 0x0000, 0x0000, 0x0000, 0x0000, 0x0000,
    0x0000, 0x0000, 0x0000, 0x0000, 0x0000, 0x0000, 0x0000, 0x0000,
    0x0000, 0x0000, 0x0000, 0x0000, 0x0000, 0x0000, 0x0000, 0x0000,
    0x0000, 0x0000, 0x0000, 0x0000, 0x0000, 0x0000, 0x0000, 0x0000,
    0x0000, 0x0000, 0x0000, 0x0000, 0x0000, 0x0000, 0x0000, 0x0000,
    0x0000, 0x0000, 0x0000, 0x0000, 0x0000, 0x0000, 0x0000, 0x0000,
    0x0000, 0x0000, 0x0000, 0x0000, 0x0000, 0x0000, 0x0000, 0x0000,
    0x0000, 0x0000, 0x0000, 0x0000, 0x0000, 0x0000, 0x0000, 0x0000,
    0x0000, 0x0000, 0x0000, 0x0000, 0x0000, 0x0000, 0x0000, 0x0000,
    0x0000, 0x0000, 0x0000, 0x0000, 0x0000, 0x0000, 0x0000, 0x0000,
    0x0000, 0x0000, 0x0000, 0x0000, 0x0000, 0x0000, 0x0000, 0x0000,
    0x0000, 0x0000, 0x0000, 0x0000, 0x0000, 0x0000, 0x0000, 0x0000,
    0x0000, 0x0000, 0x0000, 0x0000, 0x0000, 0x0000, 0x0000, 0x0000,
    0x0000, 0x0000, 0x0000, 0x0000, 0x0000, 0x0000, 0x0000, 0x0000,
    0x0000, 0x0000, 0x0000, 0x0000, 0x0000, 0x0000, 0x0000, 0x0000,
    0x0000, 0x0000, 0x0000, 0x0000, 0x0000, 0x0000, 0x0000, 0x0000,
    0x0000, 0x0000, 0x0000, 0x0000, 0x0000, 0x0000, 0x0000, 0x0000,
    0x0000, 0x0000, 0x0000, 0x0000, 0x0000, 0x0000, 0x0000, 0x0000,
    0x0000, 0x0000, 0x0000, 0x0000, 0x0000, 0x0000, 0x0000, 0x0000,
    0x0000, 0x0000, 0x0000, 0x0000, 0x0000, 0x0000, 0x0000, 0x0000,
    0x0000, 0x0000, 0x0000, 0x0000, 0x0000, 0x0000, 0x0000, 0x0000,
    0x0000, 0x0000, 0x0000, 0x0000, 0x0000, 0x0000, 0x0000, 0x0000,
    0x0000, 0x0000, 0x0000, 0x0000, 0x0000, 0x0000, 0x0000, 0x0000,
    0x0000, 0x0000, 0x0000, 0x0000, 0x0000, 0x0000, 0x0000, 0x0000,
    0x0000, 0x0000, 0x0000, 0x0000, 0x0000, 0x0000, 0x0000, 0x0000,
    0x0000, 0x0000, 0x0000, 0x0000, 0x0000, 0x0000, 0x0000, 0x0000,
    0x0000, 0x0000, 0x0000, 0x0000, 0x0000, 0x0000, 0x0000, 0x0000,
    0x0000, 0x0000, 0x0000, 0x0000, 0x0000, 0x0000, 0x0000, 0x0000,
    0x0000, 0x0000, 0x0000, 0x0000, 0x0000, 0x0000, 0x0000, 0x0000,
    0x0000, 0x0000, 0x0000, 0x0000, 0x0000, 0x0000, 0x0000, 0x0000,
    0x0000, 0x0000, 0x0000, 0x0000, 0x0000, 0x0000, 0x0000, 0x0000,
    0x0000, 0x0000, 0x0000, 0x0000, 0x0000, 0x0000, 0x0000, 0x0000,
    0x0000, 0x0000, 0x0000, 0x0000, 0x0000, 0x0000, 0x0000, 0x0000,
    0x0000, 0x0000, 0x0000, 0x0000, 0x0000, 0x0000, 0x0000, 0x0000,
    0x0000, 0x0000, 0x0000, 0x0000, 0x0000, 0x0000, 0x0000, 0x0000,
    0x0000, 0x0000, 0x0000, 0x0000, 0x0000, 0x0000, 0x0000, 0x0000,
    0x0000, 0x0000, 0x0000, 0x0000, 0x0000, 0x0000, 0x0000, 0x0000,
    0x0000, 0x0000, 0x0000, 0x0000, 0x0000, 0x0000, 0x0000, 0x0000,
    0x0000, 0x0000, 0x0000, 0x0000, 0x0000, 0x0000, 0x0000, 0x0000,
    0x0000, 0x0000, 0x0000, 0x0000, 0x0000, 0x0000, 0x0000, 0x0000,
    0x0000, 0x0000, 0x0000, 0x0000, 0x0000, 0x0000, 0x0000, 0x0000,
    0x0000, 0x0000, 0x0000, 0x0000, 0x0000, 0x0000, 0x0000, 0x0000,
    0x0000, 0x0000, 0x0000, 0x0000, 0x0000, 0x0000, 0x0000, 0x0000,
    0x0000, 0x0000, 0x0000, 0x0000, 0x0000, 0x0000, 0x0000, 0x0000,
    0x0000, 0x0000, 0x0000, 0x0000, 0x0000, 0x0000, 0x0000, 0x0000,
    0x0000, 0x0000, 0x0000, 0x0000, 0x0000, 0x0000, 0x0000, 0x0000,
    0x0000, 0x0000, 0x0000, 0x0000, 0x0000, 0x0000, 0x0000, 0x0000,
    0x0000, 0x0000, 0x0000, 0x0000, 0x0000, 0x0000, 0x0000, 0x0000,
    0x0000, 0x0000, 0x0000, 0x0000, 0x0000, 0x0000, 0x0000, 0x0000,
    0x0000, 0x0000, 0x0000, 0x0000, 0x0000, 0x0000, 0x0000, 0x0000,
    0x0000, 0x0000, 0x0000, 0x0000, 0x0000, 0x0000, 0x0000, 0x0000,
    0x0000, 0x0000, 0x0000, 0x0000, 0x0000, 0x0000, 0x0000, 0x0000,
    0x0000, 0x0000, 0x0000, 0x0000, 0x0000, 0x0000, 0x0000, 0x0000,
    0x0000, 0x0000, 0x0000, 0x0000, 0x0000, 0x0000, 0x0000, 0x0000,
    0x0000, 0x0020, 0x0020, 0x0000, 0x0000, 0x0000, 0x0000, 0x0000,
    0x0020, 0x0000, 0x0000, 0x0000, 0x0000, 0x0000, 0x0000, 0x0000,
    0x0000, 0x0000, 0x0000, 0x0000, 0x0000, 0x0000, 0x0000, 0x0000,
    0x0000, 0x0000, 0x0000, 0x0000, 0x0000, 0x0000, 0x0000, 0x0000,
    0x0000, 0x0000, 0x0000, 0x0000, 0x0000, 0x0000, 0x0000, 0x0000,
    0x0000, 0x0000, 0x0000, 0x0000, 0x0000, 0x0000, 0x0000, 0x0000,
    0x0000, 0x0000, 0x0000, 0x0000, 0x0000, 0x0000, 0x0000, 0x0000,
    0x0000, 0x0000, 0x0000, 0x0000, 0x0000, 0x0000, 0x0000, 0x0000,
    0x0000, 0x0000, 0x0000, 0x0000, 0x0000, 0x0000, 0x0000, 0x0000,
    0x0000, 0x0000, 0x0000, 0x0000, 0x0000, 0x0000, 0x0000, 0x0000,
    0x0000, 0x0000, 0x0000, 0x0000, 0x0000, 0x0000, 0x0000, 0x0000,
    0x0000, 0x0000, 0x0000, 0x0000, 0x0000, 0x0000, 0x0000, 0x0000,
    0x0000, 0x0000, 0x0000, 0x0000, 0x0000, 0x0000, 0x0000, 0x0000,
    0x0000, 0x0000, 0x0000, 0x0000, 0x0000, 0x0000, 0x0000, 0x0000,
    0x0020, 0x0000, 0x0000, 0x0000, 0x0000, 0x0000, 0x0000, 0x0000,
    0x0000, 0x0000, 0x0000, 0x0000, 0x0000, 0x0000, 0x0000, 0x0000,
    0x0000, 0x0000, 0x0000, 0x0020, 0x0020, 0x0020, 0x0000, 0x0000,
    0x0000, 0x0000, 0x0000, 0x0000, 0x0000, 0x0000, 0x0000, 0x0000,
    0x0000, 0x0000, 0x0000, 0x0000, 0x0000, 0x0000, 0x0000, 0x0000,
    0x0000, 0x0000, 0x0000, 0x0000, 0x0000, 0x0000, 0x0000, 0x0000,
    0x0000, 0x0000, 0x0000, 0x0000, 0x0000, 0x0000, 0x0000, 0x0000,
    0x0000, 0x0000, 0x0000, 0x0000, 0x0000, 0x0000, 0x0000, 0x0000,
    0x0000, 0x0000, 0x0000, 0x0000, 0x0000, 0x0000, 0x0000, 0x0000,
    0x0000, 0x0000, 0x0000, 0x0000, 0x0000, 0x0000, 0x0000, 0x0000,
    0x0000, 0x0000, 0x0000, 0x0000, 0x0000, 0x0000, 0x0000, 0x0000,
    0x0000, 0x0000, 0x0000, 0x0000, 0x0000, 0x0000, 0x0000, 0x0000,
    0x0000, 0x0000, 0x0000, 0x0000, 0x0000, 0x0000, 0x0000, 0x0000,
    0x0000, 0x0000, 0x0000, 0x0000, 0x0000, 0x0000, 0x0000, 0x0000,
    0x0000, 0x0000, 0x0000, 0x0000, 0x0000, 0x0000, 0x0000, 0x0000,
    0x0000, 0x0000, 0x0000, 0x0000, 0x0000, 0x0000, 0x0000, 0x0020,
    0x0020, 0x0020, 0x0020, 0x0020, 0x0020, 0x0020, 0x0000, 0x0000,
};
