/*!
	@file    01_neutral_smile_240x320_RGB565.hpp
	@author  Generated by bmp2hpp.py
	@brief   Library header file for test bitmap data, holds bitmap data.
	@note    NOT part of core library only used for holding test data,
			 can be omitted in project use or port.
	@details bitmaps in file
		        -#  01_neutral_smile_240x320_RGB565    : 16 bit color 565,  76800 pixels, 153600 bytes (240x320)
*/

#pragma once

/// @cond

// array size is 76800 pixels (240x320), 153600 bytes
// BMP pixel data offset 66
// RGB 565 16 bit color

const unsigned short neutral_smile_240x320_RGB565[76800] PROGMEM = {
    0xC552, 0xC552, 0xC552, 0xC552, 0xC532, 0xC532, 0xC531, 0xBD11,
    0xBD11, 0xBD11, 0xBD11, 0xBD11, 0xBD11, 0xBD11, 0xBD11, 0xBD11,
    0xBD11, 0xBD11, 0xBD11, 0xBD11, 0xBD11, 0xBD11, 0xBD11, 0xBD11,
    0xBD11, 0xBD11, 0xBD11, 0xBD11, 0xBD11, 0xBD11, 0xBD11, 0xBCF1,
    0xBCF1, 0xBCF1, 0xBCF1, 0xBCF0, 0xBCF0, 0xBCF0, 0xBCF0, 0xBCF0,
    0xBCF0, 0xBCF0, 0xBCF0, 0xBCF0, 0xBCF0, 0xBCF0, 0xBCD0, 0xBCD0,
    0xBCD0, 0xBCD0, 0xBCD0, 0xBCD0, 0xBCD0, 0xBCD0, 0xBCD0, 0xBCD0,
    0xBCD0, 0xBCD0, 0xBCD0, 0xBCD0, 0xB4AF, 0xB46E, 0xB44D, 0xAC0C,
    0xABCA, 0xABA9, 0xAB67, 0xAB67, 0xAB87, 0xB3A7, 0xB3A7, 0xB3A8,
    0xB3CA, 0xB42C, 0xB48F, 0xBCF1, 0xC553, 0xC595, 0xC5D6, 0xCDF7,
    0xCE18, 0xCE18, 0xCE18, 0xCE18, 0xCE18, 0xCE18, 0xCE18, 0xCE18,
    0xCE18, 0xCE18, 0xCE18, 0xCE18, 0xCE18, 0xCE18, 0xCE18, 0xCE18,
    0xCE18, 0xCE17, 0xCE17, 0xCE17, 0xCDF7, 0xCDF7, 0xCDF7, 0xCDF7,
    0xCDF7, 0xCE17, 0xCE17, 0xCE17, 0xCE17, 0xCDF7, 0xCDF7, 0xCDF7,
    0xCDF7, 0xCDF7, 0xCDF7, 0xCDF7, 0xCDF7, 0xCDF7, 0xCDF7, 0xCDF7,
    0xCDF7, 0xCDF7, 0xCDF7, 0xCE17, 0xCDF7, 0xCDF7, 0xCE17, 0xCDF7,
    0xCDF7, 0xCDF7, 0xCE17, 0xCE17, 0xCDF7, 0xCDF7, 0xCDF7, 0xCDF7,
    0xCDF7, 0xCDF7, 0xCE17, 0xCE17, 0xCE17, 0xCDF7, 0xCDF7, 0xCDF7,
    0xCDF7, 0xCDF7, 0xCE17, 0xCDF7, 0xCDF7, 0xCDF7, 0xCDF7, 0xCDF7,
    0xCE17, 0xCE17, 0xCDF7, 0xCDF7, 0xCDF7, 0xCDF7, 0xCDF7, 0xCDF7,
    0xCDF7, 0xCDF7, 0xCDF7, 0xCDF7, 0xCE17, 0xCDF7, 0xCE17, 0xCE17,
    0xCE17, 0xCE17, 0xCE17, 0xCE17, 0xCDF7, 0xCE17, 0xCE17, 0xCE17,
    0xCDF7, 0xCDF7, 0xCE17, 0xCDF7, 0xCDF7, 0xCE17, 0xCDF7, 0xCDF7,
    0xCDF7, 0xCDF7, 0xCDF7, 0xCDF6, 0xCDF6, 0xCDF6, 0xCDF6, 0xCDF6,
    0xCDF6, 0xCDF6, 0xCDF6, 0xCDF6, 0xCDF7, 0xCDF6, 0xCDF7, 0xCDF7,
    0xCDF7, 0xCDF7, 0xCDF7, 0xCDF7, 0xCDF7, 0xCDF7, 0xCDF7, 0xCDF7,
    0xCDF7, 0xCDF7, 0xCDF7, 0xCDF7, 0xCDF7, 0xCDF7, 0xCDF7, 0xCDF7,
    0xCDF7, 0xCDF6, 0xCDF7, 0xCDF7, 0xCE17, 0xCE17, 0xCE17, 0xCE17,
    0xCE17, 0xCE17, 0xCDF7, 0xCDF7, 0xCDF7, 0xCDF7, 0xCE17, 0xCE17,
    0xCE17, 0xCDF6, 0xCDF6, 0xCDF6, 0xCDF6, 0xCDF6, 0xCDF6, 0xCDF6,
    0xC552, 0xC552, 0xC552, 0xC552, 0xC532, 0xC531, 0xBD31, 0xBD11,
    0xBD11, 0xBD11, 0xBD11, 0xBD11, 0xBD11, 0xBD11, 0xBD11, 0xBD11,
    0xBD11, 0xBD11, 0xBD11, 0xBD11, 0xBD11, 0xBD11, 0xBD11, 0xBD11,
    0xBD11, 0xBCF1, 0xBCF1, 0xBD11, 0xBD11, 0xBD11, 0xBD11, 0xBCF1,
    0xBCF1, 0xBCF1, 0xBCF0, 0xBCF0, 0xBCF0, 0xBCF0, 0xBCF0, 0xBCF0,
    0xBCF0, 0xBCF0, 0xBCF0, 0xBCF0, 0xBCF0, 0xBCF0, 0xBCF0, 0xBCD0,
    0xBCD0, 0xBCD0, 0xBCD0, 0xBCD0, 0xBCD0, 0xBCD0, 0xBCD0, 0xBCD0,
    0xB4D0, 0xBCD0, 0xBCD0, 0xBCCF, 0xB4AF, 0xB46E, 0xB44D, 0xAC0C,
    0xABCA, 0xABA9, 0xA367, 0xAB67, 0xAB87, 0xB3A7, 0xB3A7, 0xB3A7,
    0xB3CA, 0xB42C, 0xB48F, 0xBCF1, 0xC553, 0xC595, 0xC5D6, 0xCDF7,
    0xCE18, 0xCE18, 0xCE18, 0xCE18, 0xCE18, 0xCE18, 0xCE18, 0xCE18,
    0xCE18, 0xCE18, 0xCE18, 0xCE18, 0xCE18, 0xCE18, 0xCE18, 0xCE18,
    0xCE18, 0xCE17, 0xCE17, 0xCE17, 0xCDF7, 0xCDF7, 0xCDF7, 0xCDF7,
    0xCDF7, 0xCE17, 0xCE17, 0xCE17, 0xCE17, 0xCDF7, 0xCDF7, 0xCDF7,
    0xCDF7, 0xCDF7, 0xCDF7, 0xCDF7, 0xCDF7, 0xCDF7, 0xCDF7, 0xCDF7,
    0xCDF7, 0xCDF7, 0xCDF7, 0xCE17, 0xCDF7, 0xCDF7, 0xCDF7, 0xCDF7,
    0xCDF7, 0xCDF7, 0xCDF7, 0xCDF7, 0xCDF7, 0xCDF7, 0xCDF7, 0xCDF7,
    0xCDF7, 0xCDF7, 0xCE17, 0xCE17, 0xCDF7, 0xCE17, 0xCDF7, 0xCDF7,
    0xCDF7, 0xCE17, 0xCDF7, 0xCDF7, 0xCDF7, 0xCDF7, 0xCDF7, 0xCDF7,
    0xCDF7, 0xCE17, 0xCDF7, 0xCDF7, 0xCDF7, 0xCDF7, 0xCDF7, 0xCDF7,
    0xCDF7, 0xCDF7, 0xCDF7, 0xCE17, 0xCE17, 0xCE17, 0xCE17, 0xCE17,
    0xCE17, 0xCE17, 0xCE17, 0xCE17, 0xCDF7, 0xCDF7, 0xCE17, 0xCE17,
    0xCDF7, 0xCDF7, 0xCE17, 0xCDF7, 0xCDF7, 0xCE17, 0xCDF7, 0xCDF7,
    0xCDF7, 0xCDF7, 0xCDF7, 0xCDF7, 0xCDF6, 0xCDF6, 0xCDF6, 0xCDF6,
    0xCDF6, 0xCDF6, 0xCDF7, 0xCDF7, 0xCDF7, 0xCDF7, 0xCDF7, 0xCDF6,
    0xCDF6, 0xCDF7, 0xCDF6, 0xCDF7, 0xCDF7, 0xCDF7, 0xCDF7, 0xCDF7,
    0xCDF7, 0xCDF7, 0xCDF7, 0xCDF7, 0xCDF7, 0xCDF7, 0xCDF7, 0xCDF7,
    0xCDF7, 0xCDF7, 0xCDF7, 0xCDF7, 0xCE17, 0xCE17, 0xCE17, 0xCE17,
    0xCE17, 0xCE17, 0xCE17, 0xCE17, 0xCDF7, 0xCDF7, 0xCDF7, 0xCDF6,
    0xCDF7, 0xCDF7, 0xCDF6, 0xCDF6, 0xCDF6, 0xCDF6, 0xCDF6, 0xCDF6,
    0xC552, 0xC552, 0xC552, 0xC552, 0xC532, 0xC531, 0xBD11, 0xBD11,
    0xBD11, 0xBD11, 0xBD11, 0xBCF1, 0xBD11, 0xBD11, 0xBD11, 0xBD11,
    0xBD11, 0xBD11, 0xBD11, 0xBD11, 0xBD11, 0xBD11, 0xBD11, 0xBD11,
    0xBD11, 0xBCF1, 0xBCF1, 0xBD11, 0xBD11, 0xBD11, 0xBD11, 0xBCF1,
    0xBCF1, 0xBCF1, 0xBCF1, 0xBCF0, 0xBCF0, 0xBCF0, 0xBCF0, 0xBCD0,
    0xBCD0, 0xBCD0, 0xBCF0, 0xBCF0, 0xBCF0, 0xBCF0, 0xBCF0, 0xBCD0,
    0xBCD0, 0xBCD0, 0xBCD0, 0xBCD0, 0xBCD0, 0xBCD0, 0xBCD0, 0xBCD0,
    0xBCD0, 0xBCD0, 0xBCD0, 0xBCD0, 0xB4AF, 0xB46E, 0xB44D, 0xAC0C,
    0xABCA, 0xABA9, 0xA367, 0xAB67, 0xB387, 0xB3A8, 0xB3A8, 0xB3A8,
    0xB3CA, 0xB42C, 0xB48F, 0xBCF1, 0xC553, 0xC595, 0xCDB6, 0xCDF7,
    0xCE18, 0xCE18, 0xCE18, 0xCE38, 0xCE18, 0xCE18, 0xCE18, 0xCE18,
    0xCE18, 0xCE18, 0xCE18, 0xCE18, 0xCE18, 0xCE18, 0xCE18, 0xCE18,
    0xCE17, 0xCE17, 0xCE17, 0xCE17, 0xCE17, 0xCE17, 0xCDF7, 0xCDF7,
    0xCDF7, 0xCE17, 0xCE17, 0xCE17, 0xCE17, 0xCE17, 0xCE17, 0xCDF7,
    0xCDF7, 0xCDF7, 0xCDF7, 0xCDF7, 0xCDF7, 0xCDF7, 0xCDF7, 0xCDF7,
    0xCDF7, 0xCDF7, 0xCDF7, 0xCDF7, 0xCDF7, 0xCDF7, 0xCDF7, 0xCDF7,
    0xCDF7, 0xCDF7, 0xCDF7, 0xCDF7, 0xCDF7, 0xCDF7, 0xCDF7, 0xCE17,
    0xCDF7, 0xCDF7, 0xCDF7, 0xCDF7, 0xCDF7, 0xCDF7, 0xCE17, 0xCE17,
    0xCDF7, 0xCDF7, 0xCDF7, 0xCDF7, 0xCDF7, 0xCDF7, 0xCDF7, 0xCDF7,
    0xCDF7, 0xCDF7, 0xCDF7, 0xCDF7, 0xCDF7, 0xCDF7, 0xCDF7, 0xCDF7,
    0xCDF7, 0xCDF7, 0xCDF7, 0xCE17, 0xCE17, 0xCE17, 0xCE17, 0xCE17,
    0xCE17, 0xCE17, 0xCE17, 0xCE17, 0xCE17, 0xCE17, 0xCE17, 0xCE17,
    0xCE17, 0xCDF7, 0xCE17, 0xCDF7, 0xCE17, 0xCDF7, 0xCDF7, 0xCDF7,
    0xCDF7, 0xCDF7, 0xCDF7, 0xCDF7, 0xCDF7, 0xCDF7, 0xCDF7, 0xCDF7,
    0xCDF7, 0xCDF7, 0xCDF7, 0xCDF7, 0xCDF7, 0xCDF7, 0xCDF7, 0xCDF7,
    0xCDF7, 0xCDF7, 0xCDF7, 0xCDF7, 0xCDF7, 0xCDF7, 0xCDF7, 0xCDF7,
    0xCDF7, 0xCDF7, 0xCDF7, 0xCDF7, 0xCDF7, 0xCDF7, 0xCDF7, 0xCDF7,
    0xCDF7, 0xCDF7, 0xCDF7, 0xCDF7, 0xCE17, 0xCE17, 0xCDF7, 0xCE17,
    0xCE17, 0xCE17, 0xCE17, 0xCE17, 0xCDF7, 0xCDF7, 0xCDF7, 0xCE16,
    0xCE16, 0xCDF7, 0xCDF7, 0xCDF6, 0xCDF7, 0xCDF7, 0xCDF6, 0xCDF6,
    0xC552, 0xC552, 0xC552, 0xC552, 0xC532, 0xC531, 0xC511, 0xBD11,
    0xBD11, 0xBD11, 0xBD11, 0xBD11, 0xBD11, 0xBD11, 0xBD11, 0xBD11,
    0xBD11, 0xBD11, 0xBD11, 0xBD11, 0xBD11, 0xBD11, 0xBD11, 0xBD11,
    0xBD11, 0xBCF1, 0xBD11, 0xBD11, 0xBD11, 0xBD11, 0xBD11, 0xBCF1,
    0xBCF1, 0xBCF1, 0xBCF1, 0xBCF0, 0xBCF0, 0xBCF0, 0xBCD0, 0xBCF0,
    0xBCF0, 0xBCF0, 0xBCF0, 0xBCF0, 0xBCF0, 0xBCF0, 0xBCF0, 0xBCD0,
    0xBCD0, 0xBCD0, 0xBCD0, 0xBCD0, 0xBCD0, 0xBCD0, 0xBCD0, 0xBCD0,
    0xBCD0, 0xBCD0, 0xBCD0, 0xBCCF, 0xB4AF, 0xB46E, 0xAC4D, 0xAC2C,
    0xABEA, 0xABA9, 0xAB87, 0xAB67, 0xB387, 0xB3A7, 0xB3A8, 0xB3A8,
    0xB3EA, 0xB42D, 0xB48F, 0xBCF1, 0xC553, 0xC595, 0xC5D6, 0xCDF7,
    0xCE18, 0xCE18, 0xCE18, 0xCE18, 0xCE18, 0xCE18, 0xCE18, 0xCE18,
    0xCE18, 0xCE18, 0xCE18, 0xCE18, 0xCE18, 0xCE18, 0xCE18, 0xCE18,
    0xCE17, 0xCE17, 0xCE18, 0xCE18, 0xCE18, 0xCE17, 0xCDF7, 0xCDF7,
    0xCDF7, 0xCE17, 0xCE17, 0xCE17, 0xCE17, 0xCE17, 0xCE17, 0xCE17,
    0xCDF7, 0xCDF7, 0xCDF7, 0xCDF7, 0xCDF7, 0xCDF7, 0xCDF7, 0xCDF7,
    0xCDF7, 0xCDF7, 0xCDF7, 0xCDF7, 0xCDF7, 0xCDF7, 0xCDF7, 0xCDF7,
    0xCDF7, 0xCDF7, 0xCDF7, 0xCDF7, 0xCDF7, 0xCE17, 0xCE17, 0xCDF7,
    0xCDF7, 0xCDF7, 0xCDF7, 0xCDF7, 0xCDF7, 0xCDF7, 0xCDF7, 0xCE17,
    0xCDF7, 0xCDF7, 0xCDF7, 0xCDF7, 0xCDF7, 0xCDF7, 0xCE17, 0xCE17,
    0xCDF7, 0xCDF7, 0xCDF7, 0xCDF7, 0xCDF7, 0xCDF7, 0xCDF7, 0xCDF7,
    0xCE17, 0xCE17, 0xCE17, 0xCE17, 0xCE17, 0xCE17, 0xCE17, 0xCE17,
    0xCE17, 0xCE17, 0xCE17, 0xCE17, 0xCE17, 0xCE17, 0xCE17, 0xCE17,
    0xCE17, 0xCE17, 0xCE17, 0xCDF7, 0xCDF7, 0xCE17, 0xCDF7, 0xCDF7,
    0xCDF7, 0xCDF7, 0xCDF7, 0xCDF7, 0xCDF7, 0xCDF7, 0xCDF7, 0xCDF7,
    0xCDF7, 0xCDF7, 0xCDF7, 0xCDF7, 0xCDF7, 0xCDF7, 0xCDF7, 0xCDF7,
    0xCDF7, 0xCDF7, 0xCDF7, 0xCDF7, 0xCDF7, 0xCDF7, 0xCDF7, 0xCDF7,
    0xCDF7, 0xCDF7, 0xCDF7, 0xCDF7, 0xCDF7, 0xCDF7, 0xCDF7, 0xCE17,
    0xCDF7, 0xCDF7, 0xCDF7, 0xCDF7, 0xCE17, 0xCE17, 0xCDF7, 0xCE17,
    0xCE17, 0xCE17, 0xCE17, 0xCE17, 0xCE17, 0xCDF7, 0xCDF6, 0xCDF7,
    0xCDF6, 0xCDF7, 0xCDF6, 0xCDF6, 0xCDF6, 0xCDF6, 0xCDF6, 0xCDF6,
    0xC552, 0xC552, 0xC552, 0xC552, 0xC531, 0xC531, 0xC511, 0xBD11,
    0xBD11, 0xBCF1, 0xBD11, 0xBD11, 0xBD11, 0xBD11, 0xBD11, 0xBD11,
    0xBD11, 0xBD11, 0xBD11, 0xBD11, 0xBD11, 0xBD11, 0xBD11, 0xBD11,
    0xBD11, 0xBD11, 0xBD11, 0xBD11, 0xBD11, 0xBD11, 0xBD11, 0xBD11,
    0xBCF1, 0xBCF1, 0xBCF0, 0xBCF0, 0xBCF0, 0xBCF0, 0xBCF0, 0xBCF0,
    0xBCF0, 0xBCF0, 0xBCF0, 0xBCF0, 0xBCF0, 0xBCF0, 0xBCD0, 0xBCD0,
    0xBCD0, 0xBCD0, 0xBCD0, 0xBCD0, 0xBCD0, 0xBCD0, 0xBCD0, 0xBCD0,
    0xBCD0, 0xBCD0, 0xBCCF, 0xBCCF, 0xB4AF, 0xB46E, 0xB44D, 0xAC0C,
    0xABEA, 0xABA9, 0xAB88, 0xAB87, 0xB387, 0xB3A7, 0xB3A7, 0xB3A8,
    0xB3EA, 0xB42D, 0xB48F, 0xBCF1, 0xC553, 0xC595, 0xCDD6, 0xCE17,
    0xCE18, 0xCE17, 0xCE18, 0xCE18, 0xCE18, 0xCE18, 0xCE18, 0xCE18,
    0xCE18, 0xCE18, 0xCE18, 0xCE18, 0xCE18, 0xCE18, 0xCE18, 0xCE18,
    0xCE18, 0xCE18, 0xCE18, 0xCE18, 0xCE18, 0xCE18, 0xCDF7, 0xCDF7,
    0xCDF7, 0xCE17, 0xCE17, 0xCE17, 0xCE17, 0xCE17, 0xCE17, 0xCE17,
    0xCE17, 0xCDF7, 0xCDF7, 0xCDF7, 0xCDF7, 0xCDF7, 0xCDF7, 0xCDF7,
    0xCDF7, 0xCDF7, 0xCDF7, 0xCDF7, 0xCDF7, 0xCDF7, 0xCDF7, 0xCDF7,
    0xCDF7, 0xCDF7, 0xCDF7, 0xCDF7, 0xCDF7, 0xCDF7, 0xCDF7, 0xCDF7,
    0xCDF7, 0xCDF7, 0xCDF7, 0xCDF7, 0xCDF7, 0xCDF7, 0xCDF7, 0xCDF7,
    0xCDF7, 0xCDF7, 0xCDF7, 0xCDF7, 0xCDF7, 0xCE17, 0xCE17, 0xCE17,
    0xCDF7, 0xCDF7, 0xCDF7, 0xCE17, 0xCE17, 0xCE17, 0xCE17, 0xCE17,
    0xCE17, 0xCE17, 0xCE17, 0xCE17, 0xCE17, 0xCE17, 0xCE17, 0xCE17,
    0xCE17, 0xCE17, 0xCE17, 0xCE17, 0xCE17, 0xCE17, 0xCE17, 0xCE17,
    0xCE17, 0xCE17, 0xCE17, 0xCE17, 0xCE17, 0xCDF7, 0xCDF7, 0xCDF7,
    0xCDF7, 0xCDF7, 0xCDF7, 0xCDF7, 0xCDF7, 0xCDF7, 0xCDF7, 0xCDF7,
    0xCDF7, 0xCDF7, 0xCDF7, 0xCDF7, 0xCDF7, 0xCDF7, 0xCDF7, 0xCDF7,
    0xCDF7, 0xCDF7, 0xCDF7, 0xCDF7, 0xCDF7, 0xCDF7, 0xCDF7, 0xCDF7,
    0xCDF7, 0xCDF7, 0xCDF7, 0xCDF7, 0xCDF7, 0xCE17, 0xCDF7, 0xCE17,
    0xCDF7, 0xCDF7, 0xCDF7, 0xCDF7, 0xCDF7, 0xCE17, 0xCE17, 0xCE17,
    0xCE17, 0xCE17, 0xCE17, 0xCE17, 0xCE17, 0xCE17, 0xCDF7, 0xCDF6,
    0xCDF7, 0xCDF7, 0xCDF7, 0xCDF6, 0xCDF6, 0xCDF6, 0xCDF6, 0xCDF6,
    0xC552, 0xC552, 0xC552, 0xC552, 0xC531, 0xC531, 0xC531, 0xC511,
    0xBD11, 0xBCF1, 0xBD11, 0xBD11, 0xBD11, 0xBD11, 0xBD11, 0xBD11,
    0xBD11, 0xBD11, 0xBD11, 0xBD11, 0xBD11, 0xBD11, 0xBD11, 0xBD11,
    0xBD11, 0xBD11, 0xBD11, 0xBD11, 0xBD11, 0xBD11, 0xBD11, 0xBCF1,
    0xBCF1, 0xBCF1, 0xBCF0, 0xBCF0, 0xBCF0, 0xBCF0, 0xBCF0, 0xBCF0,
    0xBCF0, 0xBCF0, 0xBCF0, 0xBCF0, 0xBCF0, 0xBCF0, 0xBCF0, 0xBCD0,
    0xBCD0, 0xBCD0, 0xBCD0, 0xBCD0, 0xBCD0, 0xBCD0, 0xBCD0, 0xBCD0,
    0xBCCF, 0xBCCF, 0xBCCF, 0xBCCF, 0xB4AF, 0xB46E, 0xB44D, 0xAC0C,
    0xABEA, 0xABA9, 0xAB87, 0xAB67, 0xB387, 0xB3A7, 0xB3A7, 0xB3A7,
    0xB3EA, 0xB42D, 0xBC8F, 0xBCF1, 0xC553, 0xC595, 0xC5D6, 0xCDF7,
    0xCE18, 0xCE17, 0xCE17, 0xCE18, 0xCE18, 0xCE18, 0xCE18, 0xCE18,
    0xCE18, 0xCE18, 0xCE18, 0xCE18, 0xCE18, 0xCE18, 0xCE18, 0xCE18,
    0xCE18, 0xCE18, 0xCE18, 0xCE18, 0xCE18, 0xCE18, 0xCE18, 0xCE17,
    0xCDF7, 0xCE17, 0xCE17, 0xCDF7, 0xCE17, 0xCE17, 0xCDF7, 0xCE17,
    0xCE17, 0xCDF7, 0xCDF7, 0xCDF7, 0xCDF7, 0xCDF7, 0xCDF7, 0xCDF7,
    0xCDF7, 0xCDF7, 0xCDF7, 0xCDF7, 0xCDF7, 0xCDF7, 0xCDF7, 0xCDF7,
    0xCDF7, 0xCDF7, 0xCDF7, 0xCDF7, 0xCDF7, 0xCDF7, 0xCE17, 0xCDF7,
    0xCE17, 0xCE17, 0xCDF7, 0xCDF7, 0xCE17, 0xCE17, 0xCDF7, 0xCDF7,
    0xCDF7, 0xCDF7, 0xCDF7, 0xCDF7, 0xCDF7, 0xCE17, 0xCE17, 0xCDF7,
    0xCDF7, 0xCDF7, 0xCDF7, 0xCDF7, 0xCDF7, 0xCDF7, 0xCE17, 0xCE17,
    0xCDF7, 0xCE17, 0xCE17, 0xCE17, 0xCE17, 0xCE17, 0xCE17, 0xCE17,
    0xCE17, 0xCE17, 0xCE17, 0xCE17, 0xCE17, 0xCE17, 0xCE17, 0xCE17,
    0xCE17, 0xCE17, 0xCE17, 0xCE17, 0xCE17, 0xCDF7, 0xCDF7, 0xCE17,
    0xCDF7, 0xCDF7, 0xCDF7, 0xCDF7, 0xCDF7, 0xCDF7, 0xCDF7, 0xCDF7,
    0xCDF7, 0xCDF7, 0xCDF7, 0xCDF7, 0xCDF7, 0xCDF7, 0xCDF7, 0xCDF7,
    0xCDF7, 0xCDF7, 0xCDF7, 0xCDF7, 0xCDF7, 0xCDF7, 0xCDF7, 0xCDF7,
    0xCDF7, 0xCDF7, 0xCDF7, 0xCDF7, 0xCDF7, 0xCDF7, 0xCDF7, 0xCDF7,
    0xCE17, 0xCE17, 0xCDF7, 0xCDF7, 0xCDF7, 0xCDF7, 0xCDF7, 0xCE17,
    0xCE17, 0xCE17, 0xCE17, 0xCE17, 0xCE17, 0xCE17, 0xCDF7, 0xCDF7,
    0xCDF6, 0xCDF7, 0xCDF7, 0xCDF6, 0xCDF6, 0xCDF6, 0xCDF6, 0xCDF6,
    0xC552, 0xC552, 0xC552, 0xC552, 0xC531, 0xC531, 0xC531, 0xC511,
    0xBD11, 0xBD11, 0xBD11, 0xBD11, 0xBD11, 0xBD11, 0xBD11, 0xBD11,
    0xBD11, 0xBD11, 0xBD11, 0xBD11, 0xBD11, 0xBD11, 0xBD11, 0xBD11,
    0xBD11, 0xBD11, 0xBD11, 0xBCF1, 0xBD11, 0xBD11, 0xBD11, 0xBCF1,
    0xBCF1, 0xBCF1, 0xBCF0, 0xBCF0, 0xBCF0, 0xBCF0, 0xBCF1, 0xBCF0,
    0xBCF0, 0xBCF0, 0xBCF0, 0xBCF0, 0xBCF0, 0xBCF0, 0xBCD0, 0xBCD0,
    0xBCD0, 0xBCD0, 0xBCD0, 0xBCD0, 0xBCD0, 0xBCD0, 0xBCD0, 0xBCD0,
    0xBCD0, 0xBCCF, 0xBCCF, 0xBCD0, 0xB4AF, 0xB46E, 0xB44D, 0xAC0C,
    0xABEA, 0xABA9, 0xAB87, 0xAB67, 0xB387, 0xB3A7, 0xB3A7, 0xB3A7,
    0xB3EA, 0xB44D, 0xBC8F, 0xBCF2, 0xC554, 0xC595, 0xC5D6, 0xCDF7,
    0xCE18, 0xCE17, 0xCE17, 0xCE18, 0xCE18, 0xCE18, 0xCE18, 0xCE18,
    0xCE18, 0xCE18, 0xCE18, 0xCE18, 0xCE18, 0xCE18, 0xCE17, 0xCE18,
    0xCE18, 0xCE18, 0xCE18, 0xCE18, 0xCE18, 0xCE18, 0xCE18, 0xCE17,
    0xCE17, 0xCE17, 0xCE17, 0xCDF7, 0xCE17, 0xCE17, 0xCDF7, 0xCE17,
    0xCE17, 0xCE17, 0xCDF7, 0xCDF7, 0xCDF7, 0xCDF7, 0xCDF7, 0xCDF7,
    0xCDF7, 0xCDF7, 0xCDF7, 0xCDF7, 0xCDF7, 0xCDF7, 0xCDF7, 0xCDF7,
    0xCDF7, 0xCDF7, 0xCDF7, 0xCDF7, 0xCDF7, 0xCDF7, 0xCDF7, 0xCDF7,
    0xCE17, 0xCE17, 0xCE17, 0xCDF7, 0xCE17, 0xCE17, 0xCDF7, 0xCDF7,
    0xCDF7, 0xCDF7, 0xCDF7, 0xCDF7, 0xCDF7, 0xCDF7, 0xCDF7, 0xCDF7,
    0xCDF7, 0xCDF7, 0xCDF7, 0xCDF7, 0xCDF7, 0xCDF7, 0xCDF7, 0xCDF7,
    0xCE17, 0xCE17, 0xCE17, 0xCE17, 0xCE17, 0xCE17, 0xCE17, 0xCE17,
    0xCE17, 0xCE17, 0xCE17, 0xCE17, 0xCE17, 0xCE17, 0xCDF7, 0xCDF7,
    0xCDF7, 0xCDF7, 0xCDF7, 0xCDF7, 0xCE17, 0xCDF7, 0xCDF7, 0xCDF7,
    0xCDF7, 0xCDF7, 0xCDF7, 0xCDF7, 0xCDF7, 0xCDF7, 0xCDF7, 0xCDF7,
    0xCDF7, 0xCDF7, 0xCDF7, 0xCDF7, 0xCDF7, 0xCDF7, 0xCDF7, 0xCDF7,
    0xCDF7, 0xCDF7, 0xCDF7, 0xCDF7, 0xCE17, 0xCDF7, 0xCDF7, 0xCDF7,
    0xCDF7, 0xCDF7, 0xCDF7, 0xCDF7, 0xCE17, 0xCDF7, 0xCDF7, 0xCE17,
    0xCE17, 0xCE17, 0xCDF7, 0xCDF7, 0xCDF7, 0xCDF7, 0xCDF7, 0xCE17,
    0xCE17, 0xCE17, 0xCE17, 0xCE17, 0xCE17, 0xCE17, 0xCE17, 0xCE17,
    0xCDF7, 0xCDF7, 0xCE17, 0xCE17, 0xCDF6, 0xCDF6, 0xCDF6, 0xCDF7,
    0xC552, 0xC552, 0xC552, 0xC532, 0xC531, 0xC531, 0xC531, 0xC511,
    0xC511, 0xBCF1, 0xBD11, 0xBD11, 0xBD10, 0xBD11, 0xBD11, 0xBCF1,
    0xBCF1, 0xBCF1, 0xBD11, 0xBD11, 0xBD11, 0xBCF1, 0xBCF1, 0xBD11,
    0xBD11, 0xBCF1, 0xBCF1, 0xBD11, 0xBCF1, 0xBCF1, 0xBCF1, 0xBCF1,
    0xBCF1, 0xBCF0, 0xBCF1, 0xBCF0, 0xBCF0, 0xBCF0, 0xBCF0, 0xBCF0,
    0xBCF0, 0xBCF0, 0xBCF0, 0xBCF0, 0xBCF0, 0xBCD0, 0xBCD0, 0xBCD0,
    0xBCD0, 0xBCD0, 0xBCD0, 0xBCD0, 0xBCD0, 0xBCD0, 0xBCD0, 0xBCD0,
    0xBCD0, 0xBCD0, 0xBCCF, 0xBCCF, 0xB4AF, 0xB48E, 0xB44D, 0xAC2C,
    0xABEA, 0xABA9, 0xAB67, 0xAB67, 0xB387, 0xB3A7, 0xB387, 0xB3A8,
    0xB3EA, 0xB42D, 0xBC8F, 0xBCF2, 0xC554, 0xC595, 0xC5D6, 0xCDF7,
    0xCE18, 0xCE18, 0xCE18, 0xCE18, 0xCE18, 0xCE18, 0xCE18, 0xCE17,
    0xCE17, 0xCE18, 0xCE18, 0xCE39, 0xCE59, 0xD659, 0xD659, 0xCE38,
    0xCE38, 0xCE38, 0xCE38, 0xCE18, 0xCE18, 0xCE18, 0xCE18, 0xCE18,
    0xCE18, 0xCE17, 0xCE17, 0xCE17, 0xCDF7, 0xCDF7, 0xCDF7, 0xCDF7,
    0xCE17, 0xCDF7, 0xCDF7, 0xCDF7, 0xCDF7, 0xCDF7, 0xCDF7, 0xCDF7,
    0xCDF7, 0xCDF7, 0xCDF7, 0xCDF7, 0xCDF7, 0xCDF7, 0xCDF7, 0xCDF7,
    0xCDF7, 0xCDF7, 0xCDF7, 0xCE17, 0xCE17, 0xCE17, 0xCE17, 0xCE17,
    0xCE17, 0xCDF7, 0xCDF7, 0xCDF7, 0xCE17, 0xCE17, 0xCE17, 0xCDF7,
    0xCDF7, 0xCDF7, 0xCDF7, 0xCDF7, 0xCDF7, 0xCDF7, 0xCDF7, 0xCE17,
    0xCE17, 0xCE17, 0xCE17, 0xCDF7, 0xCDF7, 0xCDF7, 0xCDF7, 0xCDF7,
    0xCE17, 0xCE17, 0xCE17, 0xCE17, 0xCE17, 0xCE17, 0xCE17, 0xCE17,
    0xCE17, 0xCE17, 0xCE17, 0xCE17, 0xCE17, 0xCE17, 0xCE17, 0xCE17,
    0xCDF7, 0xCDF7, 0xCDF7, 0xCDF7, 0xCE17, 0xCDF7, 0xCDF7, 0xCE17,
    0xCDF7, 0xCDF7, 0xCDF7, 0xCDF7, 0xCDF7, 0xCDF7, 0xCDF7, 0xCDF7,
    0xCDF7, 0xCDF7, 0xCDF7, 0xCDF7, 0xCDF7, 0xCDF7, 0xCDF7, 0xCDF7,
    0xCDF7, 0xCDF7, 0xCE17, 0xCE17, 0xCE17, 0xCE17, 0xCDF7, 0xCDF7,
    0xCDF7, 0xCDF7, 0xCDF7, 0xCDF7, 0xCE17, 0xCDF7, 0xCDF7, 0xCDF7,
    0xCE17, 0xCE17, 0xCDF7, 0xCE17, 0xCE17, 0xCDF7, 0xCE17, 0xCE17,
    0xCE17, 0xCE17, 0xCE17, 0xCE17, 0xCE17, 0xCE17, 0xCE17, 0xCE17,
    0xCE17, 0xCE17, 0xCE17, 0xCDF7, 0xCDF7, 0xCDF6, 0xCDF6, 0xCDF6,
    0xC552, 0xC552, 0xC552, 0xC532, 0xC531, 0xC531, 0xC511, 0xC511,
    0xC511, 0xBD11, 0xBD11, 0xBD10, 0xBD10, 0xBD11, 0xBCF1, 0xBCF1,
    0xBCF1, 0xBCF1, 0xBD11, 0xBD11, 0xBCF1, 0xBCF1, 0xBCF1, 0xBCF1,
    0xBCF1, 0xBCF1, 0xBCF1, 0xBCF1, 0xBCF1, 0xBD11, 0xBCF1, 0xBCF1,
    0xBCF0, 0xBCF0, 0xBCF0, 0xBCF0, 0xBCF0, 0xBCF0, 0xBCF0, 0xBCF0,
    0xBCF0, 0xBCF0, 0xBCF0, 0xBCF0, 0xBCD0, 0xBCD0, 0xBCD0, 0xBCD0,
    0xBCD0, 0xBCD0, 0xBCD0, 0xBCD0, 0xBCD0, 0xBCD0, 0xBCD0, 0xBCD0,
    0xBCD0, 0xBCD0, 0xBCD0, 0xBCCF, 0xB4AF, 0xB46E, 0xB44D, 0xAC2C,
    0xABEA, 0xABA9, 0xAB67, 0xAB67, 0xB387, 0xB3A7, 0xB3A7, 0xB3A7,
    0xB3EA, 0xB44D, 0xBCAF, 0xBD12, 0xC554, 0xC595, 0xC5D6, 0xCDF7,
    0xCE18, 0xCE18, 0xCE18, 0xCE18, 0xCE18, 0xCE17, 0xCE17, 0xCE18,
    0xCE38, 0xD618, 0xD5F6, 0xD594, 0xD552, 0xC48F, 0xC4F1, 0xC4F1,
    0xCD52, 0xCD53, 0xCDD6, 0xD5F6, 0xCE38, 0xCE18, 0xCE18, 0xCE17,
    0xCE17, 0xCE17, 0xCE17, 0xCDF7, 0xCDF7, 0xCDF7, 0xCDF7, 0xCDF7,
    0xCDF7, 0xCDF7, 0xCDF7, 0xCDF7, 0xCDF7, 0xCDF7, 0xCDF7, 0xCDF7,
    0xCDF7, 0xCDF7, 0xCDF7, 0xCDF7, 0xCE17, 0xCDF7, 0xCDF7, 0xCDF7,
    0xCDF7, 0xCDF7, 0xCE17, 0xCE17, 0xCE17, 0xCDF7, 0xCDF7, 0xCE17,
    0xCDF7, 0xCDF7, 0xCDF7, 0xCDF7, 0xCDF7, 0xCE17, 0xCE17, 0xCDF7,
    0xCDF7, 0xCDF7, 0xCDF7, 0xCDF7, 0xCDF7, 0xCDF7, 0xCDF7, 0xCDF7,
    0xCDF7, 0xCDF7, 0xCE17, 0xCDF7, 0xCDF7, 0xCDF7, 0xCDF7, 0xCDF7,
    0xCE17, 0xCE17, 0xCE17, 0xCE17, 0xCE17, 0xCE17, 0xCE17, 0xCE17,
    0xCE17, 0xCE17, 0xCE17, 0xCE17, 0xCE17, 0xCE17, 0xCE17, 0xCDF7,
    0xCDF7, 0xCDF7, 0xCE17, 0xCDF7, 0xCDF7, 0xCDF7, 0xCE17, 0xCDF7,
    0xCDF7, 0xCDF7, 0xCDF7, 0xCDF7, 0xCDF7, 0xCDF7, 0xCDF7, 0xCDF7,
    0xCDF7, 0xCDF7, 0xCDF7, 0xCDF7, 0xCDF7, 0xCDF7, 0xCDF7, 0xCDF7,
    0xCE17, 0xCE17, 0xCE17, 0xCE17, 0xCDF7, 0xCDF7, 0xCDF7, 0xCDF7,
    0xCDF7, 0xCDF7, 0xCDF7, 0xCDF7, 0xCE17, 0xCE17, 0xCE17, 0xCE17,
    0xCE17, 0xCE17, 0xCE17, 0xCE17, 0xCE17, 0xCDF7, 0xCE17, 0xCE17,
    0xCDF7, 0xCE17, 0xCE17, 0xCE17, 0xCE17, 0xCE17, 0xCE17, 0xCE17,
    0xCE17, 0xCE17, 0xCE17, 0xCE17, 0xCDF7, 0xCDF6, 0xCDF6, 0xCDF6,
    0xC552, 0xC552, 0xC552, 0xC531, 0xC531, 0xC531, 0xC531, 0xC511,
    0xC511, 0xBD11, 0xBD11, 0xBD11, 0xBD11, 0xBD11, 0xBCF1, 0xBCF1,
    0xBCF1, 0xBCF1, 0xBCF1, 0xBCF1, 0xBCF1, 0xBCF1, 0xBCF1, 0xBD11,
    0xBCF1, 0xBCF1, 0xBCF1, 0xBCF0, 0xBCF1, 0xBD11, 0xBD11, 0xBCF0,
    0xBCF0, 0xBCF0, 0xBCF0, 0xBCF0, 0xBCF0, 0xBCF0, 0xBCF0, 0xBCF0,
    0xBCF0, 0xBCF0, 0xBCF0, 0xBCD0, 0xBCD0, 0xBCD0, 0xBCD0, 0xBCD0,
    0xBCD0, 0xBCD0, 0xBCD0, 0xBCD0, 0xBCD0, 0xBCD0, 0xBCD0, 0xBCD0,
    0xBCD0, 0xBCD0, 0xBCD0, 0xBCAF, 0xB4AF, 0xB46E, 0xB44D, 0xAC0C,
    0xABEA, 0xABA9, 0xAB87, 0xAB67, 0xB3A7, 0xB3A7, 0xB3A7, 0xB3A7,
    0xB3EA, 0xB44D, 0xBCB0, 0xBD12, 0xC554, 0xC595, 0xC5D6, 0xCE17,
    0xCE18, 0xCE18, 0xCE18, 0xCE18, 0xCE18, 0xCE18, 0xCE38, 0xD5D5,
    0xC4D0, 0xBC0C, 0xAB29, 0x9286, 0x9265, 0x8A45, 0x71C4, 0x8225,
    0x9266, 0x9AA6, 0xA308, 0xAB49, 0xC4F1, 0xD658, 0xCE18, 0xCE17,
    0xCE18, 0xCE17, 0xCE17, 0xCDF7, 0xCDF7, 0xCDF7, 0xCDF7, 0xCDF7,
    0xCDF7, 0xCDF7, 0xCDF7, 0xCDF7, 0xCDF7, 0xCDF7, 0xCDF7, 0xCDF7,
    0xCDF7, 0xCE17, 0xCE17, 0xCDF7, 0xCDF7, 0xCDF7, 0xCDF7, 0xCDF7,
    0xCE17, 0xCDF7, 0xCDF7, 0xCE17, 0xCE17, 0xCDF7, 0xCDF7, 0xCDF7,
    0xCE17, 0xCDF7, 0xCDF7, 0xCDF7, 0xCDF7, 0xCDF7, 0xCDF7, 0xCDF7,
    0xCE17, 0xCDF7, 0xCDF7, 0xCDF7, 0xCDF7, 0xCDF7, 0xCDF7, 0xCDF7,
    0xCDF7, 0xCDF7, 0xCDF7, 0xCDF7, 0xCDF7, 0xCDF7, 0xCDF7, 0xCDF7,
    0xCDF7, 0xCDF7, 0xCE17, 0xCE17, 0xCE17, 0xCE17, 0xCDF7, 0xCDF7,
    0xCE17, 0xCE17, 0xCE17, 0xCE17, 0xCE17, 0xCE17, 0xCDF7, 0xCDF7,
    0xCDF7, 0xCDF7, 0xCDF7, 0xCDF7, 0xCDF7, 0xCDF7, 0xCDF7, 0xCDF7,
    0xCDF7, 0xCDF7, 0xCDF7, 0xCDF7, 0xCDF7, 0xCDF7, 0xCDF7, 0xCDF7,
    0xCDF7, 0xCDF7, 0xCDF7, 0xCDF7, 0xCDF7, 0xCDF7, 0xCDF7, 0xCDF7,
    0xCDF7, 0xCE17, 0xCE17, 0xCE17, 0xCDF7, 0xCDF7, 0xCDF7, 0xCDF7,
    0xCDF7, 0xCDF7, 0xCDF7, 0xCDF7, 0xCE17, 0xCE17, 0xCE17, 0xCDF7,
    0xCDF7, 0xCDF7, 0xCDF7, 0xCE17, 0xCE17, 0xCE17, 0xCE17, 0xCE17,
    0xCE17, 0xCE17, 0xCE17, 0xCE17, 0xCE17, 0xCE17, 0xCE17, 0xCE17,
    0xCDF7, 0xCE17, 0xCE17, 0xCE17, 0xCE17, 0xCDF6, 0xCDF6, 0xCDF6,
    0xC531, 0xC531, 0xC531, 0xC531, 0xC511, 0xC511, 0xC511, 0xC511,
    0xC511, 0xC511, 0xC511, 0xBD10, 0xBCF0, 0xBD11, 0xBCF0, 0xBCF1,
    0xBCF0, 0xBCF0, 0xBCF1, 0xBCF1, 0xBD11, 0xBD11, 0xBD11, 0xBD11,
    0xBCF1, 0xBCF1, 0xBCF1, 0xBD10, 0xBCF0, 0xBCF0, 0xBCF0, 0xBCF0,
    0xBCF0, 0xBCF0, 0xBCF0, 0xBCF0, 0xBCF0, 0xBCF0, 0xBCF0, 0xBCF0,
    0xBCF0, 0xBCF0, 0xBCF0, 0xBCF0, 0xBCD0, 0xBCD0, 0xBCD0, 0xBCD0,
    0xBCD0, 0xBCD0, 0xBCD0, 0xBCD0, 0xBCD0, 0xB4D0, 0xBCD0, 0xBCD0,
    0xBCD0, 0xBCD0, 0xBCAF, 0xBCAF, 0xB4AF, 0xB46E, 0xB44D, 0xAC0C,
    0xABEA, 0xABA9, 0xAB87, 0xAB87, 0xB3A7, 0xB3A7, 0xB3A7, 0xB3A8,
    0xB3EA, 0xB44D, 0xBCB0, 0xBD12, 0xC554, 0xC595, 0xCDD6, 0xCE17,
    0xCE18, 0xCE18, 0xCE38, 0xCE38, 0xCE18, 0xCDB5, 0xC4B0, 0xAB8A,
    0x8A66, 0x8A46, 0x8205, 0x8225, 0x6183, 0x71E4, 0x71E5, 0x61A4,
    0x79E4, 0x79E4, 0x6183, 0x6183, 0x8A66, 0xB40D, 0xC4D0, 0xCE38,
    0xCE18, 0xCE17, 0xCE17, 0xCDF7, 0xCDF7, 0xCDF7, 0xCDF7, 0xCDF7,
    0xCDF7, 0xCDF7, 0xCDF7, 0xCDF7, 0xCDF7, 0xCDF7, 0xCDF7, 0xCDF7,
    0xCDF7, 0xCDF7, 0xCDF7, 0xCDF7, 0xCDF7, 0xCDF7, 0xCE17, 0xCE17,
    0xCDF7, 0xCDF7, 0xCDF7, 0xCE17, 0xCDF7, 0xCDF7, 0xCDF7, 0xCDF7,
    0xCDF7, 0xCDF7, 0xCE17, 0xCE17, 0xCDF7, 0xCE17, 0xCDF7, 0xCDF7,
    0xCE17, 0xCDF7, 0xCDF7, 0xCDF7, 0xCDF7, 0xCDF7, 0xCDF7, 0xCDF7,
    0xCDF7, 0xCDF7, 0xCDF7, 0xCDF7, 0xCDF7, 0xCDF7, 0xCDF7, 0xCDF7,
    0xCE17, 0xCDF7, 0xCDF7, 0xCDF7, 0xCDF7, 0xCE17, 0xCDF7, 0xCDF7,
    0xCE17, 0xCE17, 0xCE17, 0xCE17, 0xCE17, 0xCE17, 0xCE17, 0xCE17,
    0xCDF7, 0xCDF7, 0xCDF7, 0xCDF7, 0xCDF7, 0xCDF7, 0xCDF7, 0xCDF7,
    0xCDF7, 0xCDF7, 0xCDF7, 0xCDF7, 0xCDF7, 0xCDF7, 0xCDF7, 0xCDF7,
    0xCDF7, 0xCDF7, 0xCE17, 0xCDF7, 0xCDF7, 0xCDF7, 0xCDF7, 0xCDF7,
    0xCDF7, 0xCE17, 0xCE17, 0xCE17, 0xCDF7, 0xCDF7, 0xCDF7, 0xCDF7,
    0xCDF7, 0xCDF7, 0xCDF7, 0xCDF7, 0xCDF7, 0xCDF7, 0xCE17, 0xCE17,
    0xCE17, 0xCE17, 0xCDF7, 0xCDF7, 0xCE17, 0xCE17, 0xCE17, 0xCDF7,
    0xCE17, 0xCE17, 0xCE17, 0xCE17, 0xCE17, 0xCE17, 0xCE17, 0xCDF7,
    0xCE17, 0xCE17, 0xCDF7, 0xCDF7, 0xCE17, 0xCDF7, 0xCDF7, 0xCDF6,
    0xC510, 0xC510, 0xC510, 0xC510, 0xC510, 0xC510, 0xC510, 0xC510,
    0xC510, 0xC510, 0xC510, 0xC4F0, 0xC4F0, 0xBCF0, 0xBCF0, 0xBCF0,
    0xBCF0, 0xBCF0, 0xBCF0, 0xBCF0, 0xBCF0, 0xBCF0, 0xBCF0, 0xBCF0,
    0xBCF0, 0xBCF0, 0xBCF0, 0xBCF0, 0xBCF0, 0xBCF0, 0xBCF0, 0xBCF0,
    0xBCF0, 0xBCF0, 0xBCF0, 0xBCF0, 0xBCF0, 0xBCF0, 0xBCF0, 0xBCF0,
    0xBCF0, 0xBCF0, 0xBCF0, 0xBCF0, 0xBCF0, 0xBCD0, 0xBCD0, 0xBCD0,
    0xBCD0, 0xBCD0, 0xBCD0, 0xBCD0, 0xBCD0, 0xB4D0, 0xBCD0, 0xBCD0,
    0xBCD0, 0xBCCF, 0xBCCF, 0xBCAF, 0xB4AF, 0xB46E, 0xB44D, 0xAC0C,
    0xABEA, 0xABA9, 0xAB87, 0xAB67, 0xB3A7, 0xB3A7, 0xB3A7, 0xB3A8,
    0xB3EA, 0xB44D, 0xBCB0, 0xBD12, 0xC574, 0xC595, 0xCDD6, 0xCE17,
    0xCE18, 0xCE38, 0xCE38, 0xCE59, 0xDDF6, 0xBBEB, 0x8A45, 0x8225,
    0x8205, 0x8A46, 0x8A45, 0x79E4, 0x71C4, 0x6163, 0x71C4, 0x8204,
    0x8A45, 0x7A04, 0x71C4, 0x61A3, 0x69A4, 0x79E4, 0x9265, 0xBC8F,
    0xCE18, 0xCE18, 0xCE17, 0xCE17, 0xCE17, 0xCDF7, 0xCDF7, 0xCDF7,
    0xCDF7, 0xCE17, 0xCDF7, 0xCDF7, 0xCDF7, 0xCDF7, 0xCDF7, 0xCDF7,
    0xCDF7, 0xCDF7, 0xCDF7, 0xCDF7, 0xCDF7, 0xCDF7, 0xCDF7, 0xCDF7,
    0xCDF7, 0xCDF7, 0xCDF7, 0xCDF7, 0xCDF7, 0xCDF7, 0xCDF7, 0xCDF7,
    0xCDF7, 0xCDF7, 0xCE17, 0xCE17, 0xCDF7, 0xCDF7, 0xCDF7, 0xCDF7,
    0xCDF7, 0xCDF7, 0xCDF7, 0xCDF7, 0xCDF7, 0xCDF7, 0xCDF7, 0xCDF7,
    0xCDF7, 0xCDF7, 0xCDF7, 0xCDF7, 0xCDF7, 0xCDF7, 0xCDF7, 0xCDF7,
    0xCDF7, 0xCDF7, 0xCDF7, 0xCDF7, 0xCDF7, 0xCE17, 0xCDF7, 0xCDF7,
    0xCDF7, 0xCDF7, 0xCDF7, 0xCE17, 0xCE17, 0xCE17, 0xCE17, 0xCDF7,
    0xCDF7, 0xCDF7, 0xCDF7, 0xCDF7, 0xCDF7, 0xCDF7, 0xCDF7, 0xCDF7,
    0xCDF7, 0xCDF7, 0xCDF7, 0xCDF7, 0xCDF7, 0xCDF7, 0xCDF7, 0xCDF7,
    0xCDF7, 0xCDF7, 0xCE17, 0xCDF7, 0xCDF7, 0xCDF7, 0xCDF7, 0xCDF7,
    0xCE17, 0xCE17, 0xCE17, 0xCE17, 0xCE17, 0xCDF7, 0xCDF7, 0xCDF7,
    0xCDF7, 0xCDF7, 0xCDF7, 0xCDF7, 0xCDF7, 0xCE17, 0xCE17, 0xCE17,
    0xCE17, 0xCE17, 0xCE17, 0xCE17, 0xCE17, 0xCE17, 0xCE17, 0xCE17,
    0xCE17, 0xCE17, 0xCE17, 0xCE17, 0xCE17, 0xCE17, 0xCE17, 0xCE17,
    0xCE17, 0xCE17, 0xCDF7, 0xCDF7, 0xCDF7, 0xCE17, 0xCDF7, 0xCDF7,
    0xC4EF, 0xCCEF, 0xCCEF, 0xCCEF, 0xCCEF, 0xC4EF, 0xC4EF, 0xC4EF,
    0xC4EF, 0xC4EF, 0xC4EF, 0xC4EF, 0xC4EF, 0xC4EF, 0xC4EF, 0xC4EF,
    0xC4CF, 0xBCEF, 0xBCD0, 0xBCF0, 0xBCF0, 0xBCF0, 0xBCF0, 0xBCF0,
    0xBCD0, 0xBCD0, 0xBCF0, 0xBCF0, 0xBCD0, 0xBCF0, 0xBCD0, 0xBCD0,
    0xBCD0, 0xBCD0, 0xBCD0, 0xBCD0, 0xBCD0, 0xBCD0, 0xBCD0, 0xBCF0,
    0xBCF0, 0xBCF0, 0xBCF0, 0xBCD0, 0xBCD0, 0xBCD0, 0xBCD0, 0xBCD0,
    0xBCD0, 0xBCD0, 0xBCD0, 0xBCD0, 0xBCD0, 0xB4D0, 0xB4D0, 0xBCD0,
    0xBCD0, 0xBCD0, 0xBCCF, 0xBCCF, 0xB4AF, 0xB48E, 0xB44D, 0xAC0C,
    0xABEB, 0xABC9, 0xAB87, 0xAB87, 0xB3A7, 0xB3A7, 0xB3A7, 0xB3A8,
    0xB3EA, 0xB44D, 0xBCB0, 0xBD12, 0xC574, 0xC595, 0xC5D6, 0xCE17,
    0xCE18, 0xCE18, 0xCE59, 0xD5D5, 0xCC2C, 0xAB28, 0x8A46, 0x79E4,
    0x6163, 0x5963, 0x8205, 0x71A3, 0x69A3, 0x6183, 0x6183, 0x8204,
    0x8204, 0x71C4, 0x69A3, 0x69C3, 0x69A3, 0x79E4, 0x69A3, 0x79E4,
    0xBCB0, 0xCE17, 0xCDF7, 0xCE18, 0xCE18, 0xCE18, 0xCDF7, 0xCDF7,
    0xCDF7, 0xCDF7, 0xCDF7, 0xCDF7, 0xCDF7, 0xCDF7, 0xCDF7, 0xCDF7,
    0xCDF7, 0xCDF7, 0xCDF7, 0xCDF7, 0xCDF7, 0xCDF7, 0xCDF7, 0xCDF7,
    0xCDF7, 0xCDF7, 0xCDF7, 0xCDF7, 0xCDF7, 0xCE17, 0xCDF7, 0xCDF7,
    0xCE17, 0xCDF7, 0xCDF7, 0xCDF7, 0xCDF7, 0xCDF7, 0xCE17, 0xCDF7,
    0xCDF7, 0xCDF7, 0xCDF7, 0xCDF7, 0xCDF7, 0xCDF7, 0xCDF7, 0xCDF7,
    0xCDF7, 0xC5F7, 0xCDF7, 0xCDF7, 0xCDF7, 0xCDF7, 0xCDF7, 0xCDF7,
    0xCDF7, 0xCDF7, 0xCDF7, 0xCDF7, 0xCE17, 0xCE17, 0xCDF7, 0xCE17,
    0xCDF7, 0xCE17, 0xCE17, 0xCE17, 0xCE17, 0xCE17, 0xCDF7, 0xCDF7,
    0xCDF7, 0xCDF7, 0xCDF7, 0xCDF7, 0xCDF7, 0xCDF7, 0xCDF7, 0xCDF7,
    0xCDF7, 0xCDF7, 0xCDF7, 0xCDF7, 0xCDF7, 0xCDF7, 0xCDF7, 0xCDF7,
    0xCDF7, 0xCDF7, 0xCDF7, 0xCDF7, 0xCDF7, 0xCDF7, 0xCDF7, 0xCDF7,
    0xCDF7, 0xCDF7, 0xCE17, 0xCE17, 0xCE17, 0xCE17, 0xCDF7, 0xCDF7,
    0xCDF7, 0xCE17, 0xCE17, 0xCE17, 0xCE17, 0xCE17, 0xCE17, 0xCE17,
    0xCE17, 0xCE17, 0xCE17, 0xCE17, 0xCE17, 0xCE17, 0xCE17, 0xCDF7,
    0xCE17, 0xCE17, 0xCE17, 0xCE17, 0xCE17, 0xCE17, 0xCE17, 0xCE17,
    0xCE17, 0xCE17, 0xCE17, 0xCDF7, 0xCE17, 0xCDF7, 0xCDF7, 0xCE17,
    0xC4CE, 0xCCCE, 0xCCCE, 0xCCCE, 0xCCCE, 0xC4CE, 0xC4EE, 0xC4EE,
    0xC4EE, 0xC4EE, 0xC4EF, 0xC4EE, 0xC4CE, 0xC4CE, 0xC4CF, 0xC4CF,
    0xC4CF, 0xC4CF, 0xC4CF, 0xC4CF, 0xC4CF, 0xBCCF, 0xBCCF, 0xBCCF,
    0xBCCF, 0xBCCF, 0xBCCF, 0xBCCF, 0xBCCF, 0xBCCF, 0xBCCF, 0xBCCF,
    0xBCCF, 0xBCCF, 0xBCCF, 0xBCCF, 0xBCCF, 0xBCCF, 0xBCCF, 0xBCCF,
    0xBCCF, 0xBCCF, 0xBCCF, 0xBCCF, 0xBCCF, 0xBCCF, 0xBCCF, 0xBCCF,
    0xBCCF, 0xBCAF, 0xBCCF, 0xBCD0, 0xBCD0, 0xBCB0, 0xBCB0, 0xBCAF,
    0xBCAF, 0xBCCF, 0xBCCF, 0xBCCF, 0xB4AF, 0xB46E, 0xB44D, 0xAC0C,
    0xABEB, 0xABC9, 0xAB88, 0xAB87, 0xB3A7, 0xB3A7, 0xB3A7, 0xB3A8,
    0xB40A, 0xB44D, 0xB4B0, 0xBD12, 0xC574, 0xC595, 0xCDD7, 0xCE18,
    0xCE18, 0xCE38, 0xCD32, 0xAB49, 0xAB08, 0x9AC7, 0x8225, 0x79E4,
    0x6983, 0x6183, 0x6163, 0x6983, 0x5942, 0x5963, 0x69A4, 0x8204,
    0x7A04, 0x69A3, 0x69A3, 0x79E4, 0x71C3, 0x8204, 0x69A3, 0x6183,
    0x8245, 0xABAB, 0xCDD6, 0xCE18, 0xCE18, 0xCE18, 0xCE18, 0xCDF7,
    0xCDF7, 0xCDF7, 0xCDF7, 0xCDF7, 0xCDF7, 0xCDF7, 0xCDF7, 0xCDF7,
    0xCDF7, 0xCDF7, 0xCDF7, 0xCDF7, 0xCDF7, 0xCDF7, 0xCDF7, 0xCDF7,
    0xCDF7, 0xCDF7, 0xCDF7, 0xCE17, 0xCE17, 0xCE17, 0xCE17, 0xCE17,
    0xCE17, 0xCDF7, 0xCDF7, 0xCDF7, 0xCDF7, 0xCDF7, 0xCDF7, 0xCDF7,
    0xCDF7, 0xCDF7, 0xCDF7, 0xCDF7, 0xCDF7, 0xCDF7, 0xCDF7, 0xCDF7,
    0xCDF7, 0xCDF7, 0xCDF7, 0xCDF7, 0xCDF7, 0xCDF7, 0xCDF7, 0xCDF7,
    0xCE17, 0xCDF7, 0xCDF7, 0xCDF7, 0xCE17, 0xCE17, 0xCE17, 0xCE17,
    0xCE17, 0xCE17, 0xCE17, 0xCE17, 0xCE17, 0xCE17, 0xCE17, 0xCDF7,
    0xCDF7, 0xCE17, 0xCE17, 0xCDF7, 0xCDF7, 0xCDF7, 0xCDF7, 0xCDF7,
    0xCDF7, 0xCDF7, 0xCDF7, 0xCDF7, 0xCDF7, 0xCDF7, 0xCDF7, 0xCDF7,
    0xCDF7, 0xCDF7, 0xCDF7, 0xCDF7, 0xCDF7, 0xCDF7, 0xCDF7, 0xCDF7,
    0xCDF7, 0xCDF7, 0xCE17, 0xCE17, 0xCE17, 0xCE17, 0xCDF7, 0xCDF7,
    0xCDF7, 0xCDF7, 0xCDF7, 0xCDF7, 0xCDF7, 0xCE17, 0xCE17, 0xCE17,
    0xCE17, 0xCE17, 0xCE17, 0xCE17, 0xCE17, 0xCE17, 0xCE17, 0xCE17,
    0xCE17, 0xCE17, 0xCE17, 0xCE17, 0xCE17, 0xCE17, 0xCE17, 0xCE17,
    0xCE17, 0xCE17, 0xCE17, 0xCDF7, 0xCDF7, 0xCE17, 0xCDF7, 0xCDF7,
    0xC4AD, 0xCCAD, 0xCCAD, 0xCCAD, 0xC4AD, 0xC4AD, 0xCCCD, 0xCCCD,
    0xC4CE, 0xC4CD, 0xC4CE, 0xC4CE, 0xC4CE, 0xC4CE, 0xC4CE, 0xC4CE,
    0xC4CE, 0xC4CE, 0xC4CE, 0xC4CE, 0xC4CE, 0xC4CE, 0xC4CE, 0xC4AE,
    0xC4AE, 0xC4AE, 0xC4AE, 0xC4AE, 0xBCAE, 0xBCAE, 0xBCAE, 0xBCAE,
    0xBCAE, 0xBCAE, 0xBCAE, 0xBCAE, 0xBCAE, 0xBCAE, 0xBCAE, 0xBCAE,
    0xBCAE, 0xBCAE, 0xBCAE, 0xBCAE, 0xBCAE, 0xBCAF, 0xBCAF, 0xBCAF,
    0xBCAF, 0xBCAF, 0xBCAF, 0xBCAF, 0xBCAF, 0xBCAF, 0xBCAF, 0xBCAF,
    0xBCAF, 0xBCAF, 0xBCAF, 0xBCAF, 0xB48E, 0xB46D, 0xAC2C, 0xAC0B,
    0xABEA, 0xABC9, 0xAB88, 0xAB87, 0xB3A7, 0xB3A7, 0xB3A7, 0xB3A8,
    0xB3EA, 0xB44D, 0xB4B0, 0xBD12, 0xC554, 0xC5B5, 0xCDD7, 0xCE18,
    0xCE39, 0xCD74, 0x92A6, 0x8A45, 0x9AC7, 0x8A66, 0x79E4, 0x7A04,
    0x69A3, 0x6983, 0x5142, 0x5122, 0x5122, 0x40E1, 0x6162, 0x6982,
    0x79E3, 0x6983, 0x6162, 0x71A3, 0x71C3, 0x81E4, 0x79E4, 0x69C4,
    0x4902, 0x69A3, 0xBCD0, 0xCE18, 0xCDF7, 0xCE18, 0xCE18, 0xCE18,
    0xCE17, 0xCE17, 0xCE17, 0xCDF7, 0xCDF8, 0xCDF7, 0xCDF7, 0xCDF7,
    0xCDF7, 0xCDF7, 0xCDF7, 0xCDF7, 0xCDF7, 0xCDF7, 0xCDF7, 0xCDF7,
    0xCDF7, 0xCDF7, 0xCE17, 0xCE17, 0xCE17, 0xCE17, 0xCE17, 0xCE17,
    0xCDF7, 0xCDF7, 0xCDF7, 0xCDF7, 0xCDF7, 0xCE17, 0xCE17, 0xCDF7,
    0xCDF7, 0xCDF7, 0xC5F7, 0xCDF7, 0xCDF7, 0xCDF7, 0xCDF7, 0xCDF7,
    0xCDF7, 0xCDF7, 0xCDF7, 0xCDF7, 0xCE17, 0xCE17, 0xCDF7, 0xCDF7,
    0xCDF7, 0xCE17, 0xCE17, 0xCE37, 0xD617, 0xD593, 0xD5B4, 0xDD52,
    0xD593, 0xDD93, 0xD616, 0xD617, 0xCE17, 0xCE17, 0xCDF7, 0xCE17,
    0xCE17, 0xCE17, 0xCE17, 0xCE17, 0xCE17, 0xCDF7, 0xCDF7, 0xCDF7,
    0xCDF7, 0xCDF7, 0xCDF7, 0xCDF7, 0xCDF7, 0xCDF7, 0xCDF7, 0xCDF7,
    0xCDF7, 0xCDF7, 0xCDF7, 0xCDF7, 0xCDF7, 0xCDF7, 0xCDF7, 0xCDF7,
    0xCE17, 0xCE17, 0xCE17, 0xCDF7, 0xCDF7, 0xCDF7, 0xCDF7, 0xCDF7,
    0xCDF7, 0xCDF7, 0xCDF7, 0xCE17, 0xCE17, 0xCDF7, 0xCE17, 0xCE17,
    0xCE17, 0xCE17, 0xCE17, 0xCE17, 0xCE17, 0xCE17, 0xCE17, 0xCE17,
    0xCE17, 0xCE17, 0xCE17, 0xCE17, 0xCE17, 0xCE17, 0xCE17, 0xCE17,
    0xCE17, 0xCE17, 0xCE17, 0xCDF7, 0xCE17, 0xCE17, 0xCE17, 0xCDF7,
    0xCC8C, 0xCCAC, 0xCCAC, 0xCCAC, 0xCC8C, 0xCCAC, 0xCCAC, 0xCCAC,
    0xCCAC, 0xCCAD, 0xCCAC, 0xCCAC, 0xCCAC, 0xCCAD, 0xCCAD, 0xC4AD,
    0xC4AD, 0xC4AD, 0xC4AD, 0xC4AD, 0xC4AD, 0xC4AD, 0xC4AD, 0xC4AD,
    0xC4AD, 0xC4AD, 0xC4AD, 0xC48D, 0xC48D, 0xC48D, 0xC48D, 0xC4AD,
    0xC4AD, 0xC4AD, 0xC4AD, 0xC48D, 0xC48D, 0xBC8D, 0xBC8D, 0xC48D,
    0xC4AD, 0xBCAD, 0xBCAE, 0xBCAE, 0xBCAE, 0xBCAE, 0xBCAE, 0xBCAE,
    0xBCAE, 0xBC8E, 0xBC8E, 0xBC8E, 0xBC8E, 0xBC8E, 0xBC8E, 0xBC8E,
    0xBC8E, 0xBC8E, 0xBCAE, 0xBC8E, 0xB46E, 0xB44D, 0xAC2C, 0xABEB,
    0xABCA, 0xABA9, 0xAB88, 0xAB87, 0xB3A7, 0xB3A7, 0xB3A7, 0xB3A8,
    0xB3EA, 0xB44D, 0xB4B0, 0xBD12, 0xC554, 0xC5B6, 0xCDD7, 0xCE18,
    0xCDF7, 0xA349, 0x8225, 0xAB28, 0xB348, 0x8A66, 0x7A05, 0x6183,
    0x71C3, 0x6983, 0x5122, 0x40E1, 0x4902, 0x48E1, 0x5942, 0x5121,
    0x48E1, 0x71A3, 0x6162, 0x6162, 0x71C3, 0x79C4, 0x79E4, 0x69A3,
    0x5142, 0x71A3, 0xA36A, 0xCDF7, 0xCE18, 0xCE18, 0xCE18, 0xCE18,
    0xCE18, 0xCDF8, 0xCDF8, 0xCDF7, 0xCDF7, 0xCDF7, 0xCDF7, 0xC5F7,
    0xCDF7, 0xCDF7, 0xCDF7, 0xCDF7, 0xCDF7, 0xCDF7, 0xCDF7, 0xCDF7,
    0xCDF7, 0xCDF7, 0xCDF7, 0xCDF7, 0xCE17, 0xCE17, 0xCE17, 0xCE17,
    0xCE17, 0xCDF7, 0xCDF7, 0xCDF7, 0xCDF7, 0xCE17, 0xCDF7, 0xCE17,
    0xCDF7, 0xCDF7, 0xCDF7, 0xCDF7, 0xCDF7, 0xCE17, 0xCDF7, 0xCDF7,
    0xCDF7, 0xCDF7, 0xCE17, 0xCE17, 0xCE17, 0xCE17, 0xCE17, 0xCE17,
    0xCE17, 0xCDB5, 0xCD11, 0xCD31, 0xCC4D, 0xBB8A, 0xBB89, 0xBB49,
    0xB348, 0xC3AA, 0xC42C, 0xCC4D, 0xCC8E, 0xDD51, 0xD5D5, 0xCDF6,
    0xCDF6, 0xCE17, 0xCE17, 0xCE17, 0xCE17, 0xCE17, 0xCDF7, 0xCDF7,
    0xCDF7, 0xCDF7, 0xCDF7, 0xCDF7, 0xCDF7, 0xCDF7, 0xCDF7, 0xCE17,
    0xCE17, 0xCDF7, 0xCDF7, 0xCDF7, 0xCDF7, 0xCE17, 0xCE17, 0xCE17,
    0xCE17, 0xCE17, 0xCDF7, 0xCDF7, 0xCE17, 0xCE17, 0xCDF7, 0xCDF7,
    0xCE17, 0xCDF7, 0xCE17, 0xCE17, 0xCE17, 0xCDF7, 0xCE17, 0xCE17,
    0xCE17, 0xCE17, 0xCE17, 0xCE17, 0xCE17, 0xCE17, 0xCE17, 0xCE17,
    0xCE17, 0xCE17, 0xCE17, 0xCE17, 0xCE17, 0xCE17, 0xCE17, 0xCE17,
    0xCE17, 0xCE17, 0xCE17, 0xCE17, 0xCE17, 0xCE17, 0xCDF7, 0xCDF7,
    0xC48C, 0xCC8B, 0xCC8B, 0xCC8B, 0xCC8B, 0xCC8B, 0xCC8B, 0xCC8B,
    0xCC8C, 0xCCAC, 0xCC8C, 0xCCAC, 0xCCAC, 0xCCAC, 0xCCAC, 0xCCAC,
    0xCCAC, 0xCCAC, 0xCCAC, 0xC48C, 0xC48C, 0xC4AC, 0xC48C, 0xC48C,
    0xC48C, 0xC48C, 0xC48C, 0xC48C, 0xC48C, 0xC48C, 0xC48C, 0xC48C,
    0xC48C, 0xC48C, 0xC48C, 0xC48C, 0xC48C, 0xC48C, 0xC48C, 0xBC8C,
    0xBC8C, 0xC48C, 0xC48D, 0xC48D, 0xBC8D, 0xBC8D, 0xBC8D, 0xBC8D,
    0xBC8D, 0xBC8D, 0xBC8D, 0xBC8D, 0xBC8D, 0xBC6D, 0xBC6D, 0xBC6D,
    0xBC8D, 0xBC8D, 0xBC8D, 0xBC8D, 0xBC6D, 0xB44C, 0xAC0B, 0xABEA,
    0xABC9, 0xABA8, 0xAB87, 0xAB87, 0xB3A7, 0xB3A7, 0xB3A7, 0xB3A8,
    0xB3EA, 0xB44D, 0xBCB0, 0xBD12, 0xC574, 0xC5B6, 0xCDF7, 0xCE38,
    0xBC6F, 0x81E4, 0xB389, 0xC3EA, 0x8A66, 0x71C4, 0x71C4, 0x5122,
    0x5942, 0x5942, 0x5942, 0x5942, 0x6163, 0x6963, 0x48E1, 0x5942,
    0x3080, 0x6962, 0x71C3, 0x6983, 0x71C3, 0x71A3, 0x69A3, 0x69A3,
    0x8225, 0x71C4, 0x8224, 0xBCB0, 0xCE18, 0xCE18, 0xCE18, 0xCE18,
    0xCE18, 0xCDF7, 0xCDF7, 0xCDF7, 0xCDF7, 0xCDF7, 0xCDF7, 0xCDF7,
    0xCDF7, 0xCDF7, 0xCDF7, 0xCDF7, 0xCDF7, 0xCDF7, 0xCDF7, 0xCDF7,
    0xCDF7, 0xCDF7, 0xCE17, 0xCE17, 0xCE17, 0xCE17, 0xCE17, 0xCDF7,
    0xCDF7, 0xCDF7, 0xCDF7, 0xCDF7, 0xCDF7, 0xCDF7, 0xCDF7, 0xCDF7,
    0xCDF7, 0xCDF7, 0xCDF7, 0xCDF7, 0xCDF7, 0xCDF7, 0xCE17, 0xCE17,
    0xCE17, 0xCE17, 0xCE17, 0xCE17, 0xCE17, 0xCE17, 0xCE18, 0xCE37,
    0xCD53, 0xAB69, 0xAB08, 0xB328, 0x9AA6, 0x9AC7, 0x9286, 0x8A86,
    0x8A66, 0x9AA7, 0x7A04, 0xAAE7, 0xAAE7, 0xBB68, 0xCC2C, 0xD4EF,
    0xD5F6, 0xCE38, 0xCE17, 0xCE17, 0xCE17, 0xCDF7, 0xCDF7, 0xCDF7,
    0xCDF7, 0xCDF7, 0xCDF7, 0xCDF7, 0xC5F7, 0xCDF7, 0xCDF7, 0xCE17,
    0xCE17, 0xCDF7, 0xCDF7, 0xCDF7, 0xCDF7, 0xCDF7, 0xCE17, 0xCDF7,
    0xCDF7, 0xCDF7, 0xCDF7, 0xCDF7, 0xCE17, 0xCE17, 0xCE17, 0xCDF7,
    0xCDF7, 0xCDF7, 0xCDF7, 0xCE17, 0xCE17, 0xCE17, 0xCE17, 0xCE17,
    0xCE17, 0xCE17, 0xCE17, 0xCDF7, 0xCE17, 0xCE17, 0xCE17, 0xCE17,
    0xCDF7, 0xCE17, 0xCE17, 0xCE17, 0xCE17, 0xCE17, 0xCE17, 0xCE17,
    0xCE17, 0xCE17, 0xCE17, 0xCE17, 0xCE17, 0xCE17, 0xCE17, 0xCE17,
    0xC48C, 0xC48B, 0xCC8B, 0xCC8B, 0xCC8B, 0xCC8B, 0xCC8B, 0xCC8B,
    0xCC8B, 0xCC8B, 0xCC8B, 0xCC8B, 0xCC8B, 0xCC8B, 0xCC8B, 0xCC8B,
    0xCC8B, 0xCC8B, 0xCC8B, 0xCC8B, 0xCC8B, 0xCC8B, 0xC46B, 0xCC6B,
    0xC46B, 0xC46B, 0xC46B, 0xC46B, 0xC46B, 0xC46B, 0xC46B, 0xC46B,
    0xC46B, 0xC46B, 0xC46B, 0xC46B, 0xC48B, 0xC48B, 0xC46B, 0xC46B,
    0xC46B, 0xC46B, 0xC46B, 0xC46C, 0xC46C, 0xBC6C, 0xBC6C, 0xBC8C,
    0xBC6C, 0xBC6C, 0xBC6C, 0xBC6C, 0xBC6C, 0xBC6C, 0xBC6C, 0xBC6C,
    0xBC6C, 0xBC6C, 0xBC6C, 0xBC6C, 0xBC4C, 0xB42B, 0xB40A, 0xABC9,
    0xABA9, 0xAB88, 0xAB87, 0xAB87, 0xB3A7, 0xB3A7, 0xB3A7, 0xB3A8,
    0xB3EA, 0xB44D, 0xBCB0, 0xBD12, 0xC574, 0xC5B5, 0xCDF7, 0xCDD5,
    0x9B29, 0x7A04, 0xBB89, 0x9AC6, 0x7A04, 0x6183, 0x4901, 0x38C1,
    0x38A1, 0x48E1, 0x5101, 0x5102, 0x40C1, 0x5921, 0x5921, 0x5101,
    0x38A1, 0x48E1, 0x6982, 0x71A3, 0x6162, 0x5942, 0x6182, 0x6162,
    0x71C3, 0x69A3, 0x6982, 0x8AC7, 0xCDB6, 0xCE18, 0xCE18, 0xCE18,
    0xCE18, 0xCDF7, 0xCDF7, 0xCDF7, 0xCDF7, 0xCDF7, 0xCDF7, 0xCDF7,
    0xCDF7, 0xCDF7, 0xCDF7, 0xCDF7, 0xCDF7, 0xCDF7, 0xCDF7, 0xCDF7,
    0xCDF7, 0xCE17, 0xCE17, 0xCDF7, 0xCE17, 0xCE17, 0xCE17, 0xCDF7,
    0xCDF7, 0xCDF7, 0xCDF7, 0xCDF7, 0xCDF7, 0xCDF7, 0xCDF7, 0xCDF7,
    0xC5F7, 0xCDF7, 0xCDF7, 0xCDF7, 0xCE17, 0xCDF7, 0xCE17, 0xCE17,
    0xCE17, 0xCE17, 0xCE17, 0xCE17, 0xCE17, 0xCE17, 0xCDD5, 0xBC8F,
    0x9AE7, 0x8A45, 0xA2C7, 0xAB08, 0x8245, 0x71E5, 0x71E4, 0x8A66,
    0x8A46, 0x8A25, 0x6983, 0x7A25, 0xAB07, 0x9AA6, 0x9AA6, 0xBB69,
    0xD4CF, 0xD5D5, 0xCE37, 0xCDF7, 0xCDF7, 0xCDF7, 0xCDF7, 0xCDF7,
    0xCDF7, 0xCDF7, 0xCDF7, 0xCDF7, 0xCDF7, 0xCDF7, 0xCDF7, 0xCDF7,
    0xCDF7, 0xCE17, 0xCDF7, 0xCDF7, 0xCDF7, 0xCDF7, 0xCDF7, 0xCDF7,
    0xCDF7, 0xCDF7, 0xCE17, 0xCDF7, 0xCDF7, 0xCE17, 0xCE17, 0xCDF7,
    0xCDF7, 0xCDF7, 0xCDF7, 0xCDF7, 0xCE17, 0xCE17, 0xCE17, 0xCE17,
    0xCE17, 0xCE17, 0xCE17, 0xCE17, 0xCDF7, 0xCE17, 0xCE17, 0xCE17,
    0xCE17, 0xCE17, 0xCE17, 0xCE17, 0xCDF7, 0xCE17, 0xCE17, 0xCE17,
    0xCE17, 0xCE17, 0xCE17, 0xCE17, 0xCE17, 0xCE17, 0xCE17, 0xCE17,
    0xC4AC, 0xC4AC, 0xC4AC, 0xCC8C, 0xCC8C, 0xCC8C, 0xCC8B, 0xCC8B,
    0xCC8B, 0xCC8B, 0xCC8B, 0xCC8B, 0xCC8B, 0xCC8B, 0xCC8B, 0xCC8B,
    0xCC8B, 0xCC6B, 0xCC6B, 0xCC6B, 0xCC6B, 0xC46A, 0xC46A, 0xC46A,
    0xC46A, 0xC46A, 0xC44A, 0xC46A, 0xC44A, 0xC46A, 0xC46A, 0xC46A,
    0xC46A, 0xC46A, 0xC44A, 0xC46A, 0xC46A, 0xC46A, 0xC46A, 0xC46A,
    0xC46A, 0xC44A, 0xC44A, 0xC46B, 0xBC6B, 0xBC6B, 0xBC6B, 0xBC6B,
    0xBC6B, 0xBC6B, 0xBC4B, 0xBC4B, 0xBC4B, 0xBC4B, 0xBC4B, 0xBC4B,
    0xBC4B, 0xBC4B, 0xBC4B, 0xBC4B, 0xBC4B, 0xBC2A, 0xB40A, 0xB3C9,
    0xABA8, 0xAB87, 0xAB87, 0xB387, 0xB3A7, 0xB3A7, 0xB3A7, 0xB3A8,
    0xB3EA, 0xB44D, 0xBCB0, 0xBD12, 0xC574, 0xC5B5, 0xCDF7, 0xCD94,
    0xBBCA, 0xAB27, 0xBB89, 0x9265, 0x69A3, 0x4901, 0x38C1, 0x40C1,
    0x40C1, 0x5101, 0x40C1, 0x40C1, 0x40C1, 0x40E1, 0x50E1, 0x50E1,
    0x38A0, 0x40C0, 0x7162, 0x5921, 0x5942, 0x5942, 0x5101, 0x6162,
    0x79C3, 0x8A65, 0x71A3, 0x7A05, 0xC574, 0xCE38, 0xCE18, 0xCE18,
    0xCE18, 0xCDF8, 0xCDF7, 0xCDF7, 0xCDF7, 0xCDF7, 0xCDF7, 0xCDF8,
    0xCDF8, 0xCDF7, 0xC5F7, 0xCDF7, 0xCDF7, 0xCDF7, 0xCDF7, 0xCDF7,
    0xCDF7, 0xCDF7, 0xCDF7, 0xCDF7, 0xCDF7, 0xCDF7, 0xCDF7, 0xCDF7,
    0xCDF7, 0xCDF7, 0xCDF7, 0xCDF7, 0xCDF7, 0xCDF7, 0xCDF7, 0xC5F7,
    0xCDF7, 0xCE17, 0xCE17, 0xCDF7, 0xCDF7, 0xCDF7, 0xCE17, 0xCE17,
    0xCE17, 0xCE18, 0xCE18, 0xCE17, 0xCE38, 0xC573, 0xAB69, 0x8204,
    0x7A04, 0x8225, 0x9245, 0x9286, 0x8225, 0x69C4, 0x71E4, 0x71E4,
    0x79E4, 0x81E4, 0x7A05, 0x92A6, 0xAAE7, 0xAB08, 0xA2E7, 0x9AA7,
    0x9286, 0xBBEB, 0xCD73, 0xCDF7, 0xCE17, 0xCDF7, 0xCDF7, 0xCDF7,
    0xCDF7, 0xCDF7, 0xCDF7, 0xCDF7, 0xCDF7, 0xCDF7, 0xCDF7, 0xCDF7,
    0xCDF7, 0xCDF7, 0xCDF7, 0xCDF7, 0xCDF7, 0xCDF7, 0xCDF7, 0xCDF7,
    0xCDF7, 0xCDF7, 0xCE17, 0xCDF7, 0xCDF7, 0xCE17, 0xCE17, 0xCE17,
    0xCDF7, 0xCDF7, 0xCDF7, 0xCE17, 0xCE17, 0xCE17, 0xCE17, 0xCE17,
    0xCDF7, 0xCDF7, 0xCE17, 0xCE17, 0xCDF7, 0xCDF7, 0xCE17, 0xCE17,
    0xCE17, 0xCE17, 0xCE17, 0xCE17, 0xCE17, 0xCE17, 0xCE17, 0xCE17,
    0xCE17, 0xCE17, 0xCE17, 0xCE17, 0xCE17, 0xCE17, 0xCE17, 0xCE17,
    0xC4AC, 0xC4AC, 0xC4AC, 0xC4AC, 0xCCAC, 0xCCAC, 0xCCAC, 0xCC8C,
    0xCCAC, 0xCC8C, 0xCC8C, 0xCC8C, 0xCC8C, 0xCC8B, 0xCC8B, 0xCC8B,
    0xCC8B, 0xCC8B, 0xC46B, 0xC46B, 0xC46B, 0xCC6B, 0xC46B, 0xC46A,
    0xC46A, 0xC46A, 0xC46A, 0xC44A, 0xC44A, 0xC44A, 0xC44A, 0xC44A,
    0xC44A, 0xC44A, 0xC44A, 0xC44A, 0xC44A, 0xC44A, 0xC46A, 0xC44A,
    0xC44A, 0xC44A, 0xC44A, 0xC44A, 0xC44A, 0xC44A, 0xBC4A, 0xBC4A,
    0xBC4A, 0xBC4A, 0xBC4A, 0xBC4A, 0xBC4A, 0xBC4A, 0xBC4A, 0xBC4A,
    0xBC4A, 0xBC4A, 0xBC4A, 0xBC4B, 0xBC4A, 0xBC2A, 0xB409, 0xB3C8,
    0xABA8, 0xAB87, 0xAB67, 0xAB87, 0xB387, 0xB3A7, 0xB3A7, 0xB3A8,
    0xB3EA, 0xBC4D, 0xBCB0, 0xBD12, 0xC574, 0xC5B5, 0xCDF7, 0xD551,
    0xCBEA, 0xB348, 0x9286, 0x71A3, 0x5122, 0x40E1, 0x2880, 0x30A1,
    0x40E1, 0x40C1, 0x40C0, 0x38A0, 0x3080, 0x48E1, 0x4901, 0x5121,
    0x40C1, 0x48E1, 0x5921, 0x5121, 0x5942, 0x5122, 0x5101, 0x7182,
    0x7182, 0x8203, 0x79E3, 0x6983, 0xB44F, 0xCE38, 0xCE18, 0xCE18,
    0xCE18, 0xCE18, 0xCDF7, 0xCDF7, 0xCDF7, 0xCDF7, 0xCDF7, 0xCDF7,
    0xCDF7, 0xCDF7, 0xCDF7, 0xC5F7, 0xCDF7, 0xCDF7, 0xCDF8, 0xCDF7,
    0xCDF7, 0xC5F7, 0xCDF7, 0xCDF7, 0xCDF7, 0xCDF7, 0xCDF7, 0xCDF7,
    0xCDF7, 0xCDF7, 0xCDF7, 0xCDF7, 0xCDF7, 0xCDF7, 0xCDF7, 0xC5F7,
    0xCDF7, 0xCDF7, 0xCDF7, 0xCDF7, 0xCDF7, 0xCE17, 0xCE17, 0xCE18,
    0xCE17, 0xCE18, 0xCE38, 0xCE38, 0xCE17, 0xAB8A, 0x8204, 0x8245,
    0xA2E7, 0x9286, 0x8225, 0x8A25, 0x79E4, 0x7A04, 0x71C4, 0x5142,
    0x71A3, 0x8A25, 0xA2C7, 0x9286, 0x8A45, 0xA2C7, 0x9266, 0x8245,
    0x7A05, 0x8A66, 0xBC0C, 0xCDB5, 0xCDF6, 0xCE17, 0xCE17, 0xCE17,
    0xCDF7, 0xCDF7, 0xCDF7, 0xCDF7, 0xCDF7, 0xCDF7, 0xCDF7, 0xCDF7,
    0xCDF7, 0xCDF7, 0xCDF7, 0xCDF7, 0xCDF7, 0xCDF7, 0xCDF7, 0xCDF7,
    0xCDF7, 0xCDF7, 0xCDF7, 0xCDF7, 0xCE17, 0xCDF7, 0xCDF7, 0xCDF7,
    0xCDF7, 0xCDF7, 0xCDF7, 0xCE17, 0xCE17, 0xCE17, 0xCE17, 0xCE17,
    0xCE17, 0xCE17, 0xCE17, 0xCE17, 0xCE17, 0xCE17, 0xCE17, 0xCDF7,
    0xCDF7, 0xCE17, 0xCE17, 0xCE17, 0xCE17, 0xCE17, 0xCDF7, 0xCDF7,
    0xCDF7, 0xCDF7, 0xCDF7, 0xCE17, 0xCE17, 0xCE17, 0xCE17, 0xCE17,
    0xC4AD, 0xC4AC, 0xC4AC, 0xC4AC, 0xCCAC, 0xCCAC, 0xCCAC, 0xCCAC,
    0xCCAC, 0xCCAC, 0xCCAC, 0xCC8C, 0xCC8C, 0xC48C, 0xCC8C, 0xCC8B,
    0xC48B, 0xC46B, 0xC46B, 0xC48B, 0xC48B, 0xC48B, 0xC48B, 0xC46B,
    0xC46B, 0xC46B, 0xC46B, 0xC44A, 0xC46A, 0xC46A, 0xC46A, 0xC46A,
    0xC46A, 0xC46A, 0xC46A, 0xC46A, 0xC46A, 0xC46A, 0xC46A, 0xC46A,
    0xC44A, 0xC44A, 0xC44A, 0xC44A, 0xC44A, 0xC44A, 0xBC4A, 0xBC4A,
    0xBC4A, 0xBC4A, 0xBC4A, 0xBC4A, 0xBC2A, 0xBC2A, 0xBC4A, 0xBC4A,
    0xBC4A, 0xBC4A, 0xBC4A, 0xBC4A, 0xBC2A, 0xBC29, 0xB3E9, 0xB3C8,
    0xABA7, 0xAB87, 0xAB67, 0xAB87, 0xB387, 0xB3A7, 0xB3A7, 0xB3A8,
    0xB3EA, 0xBC4D, 0xBCB0, 0xBD12, 0xC574, 0xC5B6, 0xCDB5, 0xDCCD,
    0xD40A, 0x9AA6, 0x69A3, 0x5942, 0x40E1, 0x38C1, 0x4901, 0x5942,
    0x5922, 0x40C1, 0x30A0, 0x40C1, 0x3080, 0x38C1, 0x40E1, 0x5121,
    0x5101, 0x5101, 0x5101, 0x48E1, 0x38A0, 0x3880, 0x40C0, 0x5100,
    0x6962, 0x8204, 0x69A3, 0x6162, 0x9B29, 0xCDF7, 0xCE18, 0xCE18,
    0xCE18, 0xCE17, 0xCDF7, 0xCDF7, 0xCDF7, 0xCDF7, 0xCDF7, 0xCDF7,
    0xCDF8, 0xCDF7, 0xC5F7, 0xCDF7, 0xC5F7, 0xCDF7, 0xCDF8, 0xCDF7,
    0xCDF7, 0xC5F7, 0xCDF7, 0xCDF7, 0xCDF7, 0xCDF7, 0xCDF7, 0xCDF7,
    0xCDF7, 0xCE17, 0xCDF7, 0xCE17, 0xCDF7, 0xCDF7, 0xCDF7, 0xCDF7,
    0xCDF7, 0xCDF7, 0xCDF7, 0xCDF7, 0xCE17, 0xCE17, 0xCE18, 0xCE18,
    0xCE17, 0xCE38, 0xCDF7, 0xCE17, 0xC4AF, 0x9265, 0x8245, 0x9AA6,
    0xAAE7, 0xA2C6, 0x79E4, 0x6983, 0x71C4, 0x8225, 0x71C3, 0x5962,
    0x69A3, 0x9AA6, 0x8A45, 0x7A05, 0x7A05, 0x9265, 0x8A45, 0x9266,
    0x71E5, 0x8246, 0x9286, 0x92C7, 0xBCD1, 0xCE38, 0xCE17, 0xCE17,
    0xCDF7, 0xCDF7, 0xCDF7, 0xCDF7, 0xCDF7, 0xCDF7, 0xCDF7, 0xCDF7,
    0xCDF7, 0xCDF7, 0xCDF7, 0xCDF7, 0xCDF7, 0xCDF7, 0xCDF7, 0xCDF7,
    0xCDF7, 0xCDF7, 0xCDF7, 0xCDF7, 0xCDF7, 0xCDF7, 0xCDF7, 0xCDF7,
    0xCDF7, 0xCDF7, 0xCDF7, 0xCDF7, 0xCDF7, 0xCE17, 0xCE17, 0xCDF7,
    0xCE17, 0xCDF7, 0xCDF7, 0xCDF7, 0xCDF7, 0xCDF7, 0xCDF7, 0xCDF7,
    0xCDF7, 0xCE17, 0xCE17, 0xCE17, 0xCE17, 0xCDF7, 0xCDF7, 0xCDF7,
    0xCDF7, 0xCDF7, 0xCDF7, 0xCDF7, 0xCE17, 0xCE17, 0xCE17, 0xCE17,
    0xCCAD, 0xC4AC, 0xCCAC, 0xCCAC, 0xCCAC, 0xCCAC, 0xCCAC, 0xCCAC,
    0xCCAC, 0xCC8C, 0xC4AC, 0xC48C, 0xCC8C, 0xC48C, 0xC48C, 0xC48B,
    0xC48B, 0xC46B, 0xC46B, 0xC48B, 0xC46B, 0xC48B, 0xC48B, 0xC48B,
    0xC48B, 0xC46B, 0xC46B, 0xC46B, 0xC46B, 0xC46B, 0xC46B, 0xC46B,
    0xC46B, 0xC46B, 0xC46B, 0xC46B, 0xC46B, 0xC46B, 0xC46B, 0xC46B,
    0xC46B, 0xC46A, 0xC44A, 0xC44A, 0xC44A, 0xBC4A, 0xBC4A, 0xBC4A,
    0xBC4A, 0xBC4A, 0xBC4A, 0xBC4A, 0xBC2A, 0xBC2A, 0xBC4A, 0xBC4A,
    0xBC4A, 0xBC4A, 0xBC4A, 0xBC4A, 0xBC2A, 0xBC29, 0xB3E9, 0xB3C8,
    0xABA7, 0xAB87, 0xAB67, 0xAB87, 0xB387, 0xB3A7, 0xB3A7, 0xB3A8,
    0xB3EA, 0xB44D, 0xBCB0, 0xBD12, 0xC574, 0xC5B6, 0xCDD5, 0xD4AD,
    0xD40A, 0x8A44, 0x4922, 0x5942, 0x5122, 0x38A0, 0x38A1, 0x5121,
    0x40C1, 0x40C0, 0x38A0, 0x3080, 0x48E1, 0x40C1, 0x40C1, 0x38A0,
    0x38A0, 0x48C0, 0x3060, 0x38A0, 0x38A0, 0x40C0, 0x48E1, 0x5121,
    0x7182, 0x71A3, 0x6983, 0x6142, 0x9B6B, 0xCE38, 0xCDF7, 0xCE18,
    0xCE18, 0xCDF7, 0xCDF7, 0xCDF7, 0xCDF7, 0xCDF7, 0xCDF7, 0xCDF8,
    0xCDF8, 0xCDF8, 0xC5F7, 0xCDF7, 0xCDF7, 0xCDF7, 0xCDF7, 0xCDF7,
    0xCDF7, 0xCDF7, 0xCDF7, 0xC5F7, 0xC5F7, 0xCDF7, 0xCDF7, 0xCDF7,
    0xC617, 0xCE18, 0xCE18, 0xCE17, 0xCE17, 0xCE17, 0xCE17, 0xCDF7,
    0xCE17, 0xCE17, 0xCDF7, 0xCDF7, 0xCDF7, 0xCE17, 0xCE17, 0xCE17,
    0xCE17, 0xCE18, 0xCDD6, 0xB42E, 0x9265, 0x79C3, 0x79E4, 0x8225,
    0x8A45, 0x81E4, 0x6983, 0x5101, 0x5942, 0x79E4, 0x5942, 0x6962,
    0x6983, 0x81E4, 0x7A04, 0x79E4, 0x69A3, 0x8A04, 0x8A25, 0x8A45,
    0x8225, 0x8A66, 0x7205, 0x71C4, 0x9B4A, 0xCDB5, 0xCE17, 0xCDF7,
    0xCDF7, 0xCDF7, 0xCDF7, 0xCDF7, 0xCDF7, 0xC5F7, 0xCDF7, 0xCDF7,
    0xCDF7, 0xCDF7, 0xCDF7, 0xCDF7, 0xCDF7, 0xCDF7, 0xCDF7, 0xCE17,
    0xCDF7, 0xCDF7, 0xCDF7, 0xCDF7, 0xCDF7, 0xCDF7, 0xCDF7, 0xCDF7,
    0xCDF7, 0xCDF7, 0xCDF7, 0xCE17, 0xCE17, 0xCDF7, 0xCDF7, 0xCDF7,
    0xCDF7, 0xCDF7, 0xCDF7, 0xCDF7, 0xCDF7, 0xCDF7, 0xCDF7, 0xCDF7,
    0xCDF7, 0xCDF7, 0xCE17, 0xCE17, 0xCE17, 0xCDF7, 0xCDF7, 0xCDF7,
    0xCDF7, 0xCDF7, 0xCDF7, 0xCDF7, 0xCDF7, 0xCE17, 0xCE17, 0xCDF7,
    0xCCAC, 0xC4AC, 0xC48C, 0xC4AC, 0xCC8C, 0xC48C, 0xC4AC, 0xCCAC,
    0xCCAC, 0xCCAC, 0xCC8C, 0xC48C, 0xC48C, 0xC48C, 0xC48B, 0xC48B,
    0xC48B, 0xC46B, 0xC46B, 0xC46B, 0xC48B, 0xC48B, 0xC48B, 0xC48B,
    0xC46B, 0xC46B, 0xC46B, 0xC46B, 0xC46B, 0xC46B, 0xC46B, 0xC46B,
    0xC46B, 0xC46B, 0xC46B, 0xC46B, 0xC46B, 0xC46B, 0xC46B, 0xC46B,
    0xC46B, 0xC46B, 0xC44B, 0xC44B, 0xC44B, 0xBC4B, 0xBC4B, 0xBC4B,
    0xBC4B, 0xBC4B, 0xBC4A, 0xBC4A, 0xBC4A, 0xBC4A, 0xBC4A, 0xBC4A,
    0xBC4A, 0xBC4A, 0xBC4A, 0xBC4A, 0xBC2A, 0xBC29, 0xBC09, 0xB3E8,
    0xB3A8, 0xAB87, 0xAB87, 0xB387, 0xB3A7, 0xB3A7, 0xB3A7, 0xB3A8,
    0xB3EA, 0xB44D, 0xBCB0, 0xBD12, 0xC574, 0xC5B6, 0xCD53, 0xCC4C,
    0xC3C9, 0x8203, 0x5942, 0x5122, 0x4901, 0x38A0, 0x3060, 0x2860,
    0x3880, 0x3060, 0x2860, 0x3880, 0x40A0, 0x3080, 0x2040, 0x2860,
    0x3060, 0x3080, 0x2860, 0x38C1, 0x40E1, 0x40C0, 0x40C0, 0x5101,
    0x5921, 0x6142, 0x6182, 0x6162, 0xA36A, 0xCDD6, 0xCE18, 0xCDF7,
    0xCE17, 0xCDF7, 0xCDF7, 0xCDF7, 0xCDF8, 0xCDF7, 0xCDF8, 0xCDF8,
    0xCDF8, 0xCDF8, 0xCDF7, 0xCDF7, 0xCDF7, 0xCDF7, 0xCDF7, 0xC5F7,
    0xC5F7, 0xCDF7, 0xC5F7, 0xC5F7, 0xCDF7, 0xCDF7, 0xCDF7, 0xCDF7,
    0xCDF7, 0xCDF8, 0xCDF8, 0xCDF7, 0xCDF7, 0xCE17, 0xCDF7, 0xCE17,
    0xCE17, 0xCE17, 0xCE17, 0xCE17, 0xCDF7, 0xCE17, 0xCE17, 0xCE17,
    0xCE17, 0xCE18, 0xCDF6, 0x92E8, 0x6962, 0x79C3, 0x79E3, 0x79E4,
    0x79C3, 0x6962, 0x6142, 0x4901, 0x6162, 0x5942, 0x4901, 0x6162,
    0x71A3, 0x6983, 0x6983, 0x69A3, 0x69A3, 0x79E4, 0x8225, 0x8A45,
    0x9A86, 0x9266, 0x9286, 0x8225, 0x8225, 0xB44F, 0xCDD6, 0xCDF7,
    0xCDF7, 0xCDF7, 0xCDF7, 0xCDF7, 0xCDF7, 0xC5F7, 0xC5F7, 0xC5F7,
    0xCDF7, 0xCDF7, 0xC5F7, 0xCDF7, 0xCDF7, 0xCDF7, 0xCDF7, 0xCDF7,
    0xCDF7, 0xCDF7, 0xCDF7, 0xCDF7, 0xCDF7, 0xCDF7, 0xCE17, 0xCDF7,
    0xCDF7, 0xCDF7, 0xCDF7, 0xCDF7, 0xCDF7, 0xCDF7, 0xCDF7, 0xCDF7,
    0xCDF7, 0xCDF7, 0xCDF7, 0xCDF7, 0xCDF7, 0xCDF7, 0xCDF6, 0xCDF7,
    0xCDF7, 0xCDF7, 0xCDF7, 0xCDF7, 0xCDF7, 0xCDF7, 0xCDF6, 0xCDF6,
    0xCDF6, 0xCDF7, 0xCDF7, 0xCDF7, 0xCDF7, 0xCDF7, 0xCDF7, 0xCDF7,
    0xC48C, 0xC48C, 0xC48C, 0xCC8C, 0xCC8C, 0xCC8C, 0xCC8C, 0xCC8C,
    0xCC8C, 0xCC8C, 0xCC8C, 0xC48C, 0xC48B, 0xC48C, 0xC48C, 0xC48C,
    0xC46B, 0xC46B, 0xC46B, 0xC46B, 0xC46B, 0xC48C, 0xC48C, 0xC48C,
    0xC48B, 0xC46B, 0xC46B, 0xC46B, 0xC46B, 0xC46B, 0xC46B, 0xC46B,
    0xC46B, 0xC46B, 0xC46B, 0xC46B, 0xC46B, 0xC46B, 0xC46B, 0xC46B,
    0xC46B, 0xC46B, 0xC46B, 0xBC4B, 0xBC4B, 0xBC4B, 0xBC4B, 0xBC4B,
    0xBC4B, 0xBC4B, 0xBC4B, 0xBC4B, 0xBC4B, 0xBC4B, 0xBC4A, 0xBC4A,
    0xBC4A, 0xBC4A, 0xBC4A, 0xBC4A, 0xBC4A, 0xBC2A, 0xBC09, 0xB3E9,
    0xB3C8, 0xABA7, 0xAB87, 0xB3A7, 0xB3A7, 0xB3A7, 0xB3A7, 0xB3A8,
    0xB3EA, 0xB44D, 0xBCAF, 0xBD12, 0xC574, 0xC5B6, 0xCD53, 0xBBA9,
    0xAB27, 0x71C3, 0x5122, 0x40E1, 0x48E1, 0x3080, 0x2860, 0x2040,
    0x2860, 0x3080, 0x2040, 0x38A0, 0x38A0, 0x2860, 0x2860, 0x2040,
    0x3060, 0x3080, 0x2860, 0x2880, 0x40C0, 0x3880, 0x38A0, 0x3080,
    0x40C0, 0x5101, 0x5942, 0x79A2, 0x9B4A, 0xCDF7, 0xCE18, 0xCDF7,
    0xCE17, 0xCE18, 0xCDF7, 0xCDF8, 0xCE18, 0xCDF8, 0xCDF7, 0xC5F8,
    0xCDF8, 0xCDF8, 0xCDF7, 0xCDF7, 0xCDF8, 0xCDF8, 0xCDF8, 0xCDF7,
    0xC5F7, 0xCDF7, 0xC5F7, 0xC5F7, 0xCDF7, 0xCDF7, 0xCDF7, 0xC5F7,
    0xC5F7, 0xCDF7, 0xCDF7, 0xCDF7, 0xCDF7, 0xCDF7, 0xCDF7, 0xCDF7,
    0xCDF7, 0xCDF7, 0xCDF7, 0xCDF7, 0xCDF7, 0xCDF7, 0xCE17, 0xCE17,
    0xCE17, 0xCE38, 0xC532, 0x8A45, 0x71E4, 0x79E4, 0x71A3, 0x6162,
    0x5121, 0x48E1, 0x5101, 0x5101, 0x5942, 0x38C1, 0x5122, 0x4901,
    0x5121, 0x4901, 0x6983, 0x79E4, 0x71C4, 0x79C4, 0x79E4, 0x9245,
    0x9266, 0x8A46, 0x7205, 0x5984, 0x69C4, 0x9B08, 0xC574, 0xCE17,
    0xCDF7, 0xCDF7, 0xCE17, 0xCDF7, 0xCDF7, 0xCDF7, 0xC5F7, 0xC5F7,
    0xC5F7, 0xC5F7, 0xCDF7, 0xCDF7, 0xC5F7, 0xCDF7, 0xCDF7, 0xCDF7,
    0xCDF7, 0xCE17, 0xCE17, 0xCDF7, 0xCDF7, 0xCDF7, 0xCE17, 0xCDF7,
    0xCDF7, 0xCDF7, 0xCDF7, 0xCDF7, 0xCDF7, 0xCDF7, 0xCDF6, 0xCDD6,
    0xC5D6, 0xC5D6, 0xC5B6, 0xC5B5, 0xC5B6, 0xC5B6, 0xC5B5, 0xC5B5,
    0xC5B6, 0xCDD6, 0xCDD6, 0xCDD6, 0xCDD6, 0xCDD6, 0xCDD6, 0xCDD6,
    0xCDD6, 0xCDD6, 0xCDD6, 0xCDD6, 0xCDD6, 0xCDD6, 0xCDD6, 0xCDD6,
    0xC46B, 0xC46B, 0xC46B, 0xC48B, 0xC46B, 0xC48B, 0xCC8B, 0xCC8B,
    0xCC8B, 0xC48B, 0xC48B, 0xC46B, 0xC48B, 0xC46B, 0xC46B, 0xC46B,
    0xC46B, 0xC46B, 0xC46B, 0xC46B, 0xBC6B, 0xBC6B, 0xBC6B, 0xC46B,
    0xBC6B, 0xC46B, 0xC46B, 0xC46B, 0xC46B, 0xC46B, 0xC46B, 0xC46B,
    0xC46B, 0xC46B, 0xC46B, 0xC46B, 0xC46B, 0xC46B, 0xC46C, 0xC46B,
    0xC46B, 0xC46B, 0xBC6B, 0xBC6B, 0xBC4B, 0xBC6B, 0xBC4B, 0xBC4B,
    0xBC4B, 0xBC4B, 0xBC4B, 0xBC4B, 0xBC4B, 0xBC4B, 0xBC4B, 0xBC4B,
    0xBC4B, 0xBC4B, 0xBC4B, 0xBC4B, 0xBC4A, 0xBC2A, 0xBC09, 0xB409,
    0xB3E8, 0xABC8, 0xABA7, 0xABA7, 0xB3A7, 0xB3A7, 0xB3A7, 0xB3A8,
    0xB3EA, 0xB44D, 0xBCAF, 0xBD12, 0xC574, 0xC5B6, 0xCDD6, 0xB3CB,
    0x9285, 0x6983, 0x5121, 0x40C1, 0x40C1, 0x38A0, 0x1820, 0x1820,
    0x2040, 0x2060, 0x2880, 0x2880, 0x2860, 0x2040, 0x2860, 0x2860,
    0x1820, 0x2880, 0x2860, 0x3080, 0x3880, 0x3060, 0x3880, 0x3080,
    0x38A0, 0x40C0, 0x4901, 0x79A2, 0xB490, 0xCE59, 0xCE17, 0xCE18,
    0xCE18, 0xCE18, 0xCE18, 0xCE18, 0xCE18, 0xCDF8, 0xCE18, 0xCE18,
    0xCDF8, 0xCDF8, 0xCDF7, 0xCDF7, 0xCDF8, 0xCDF8, 0xCDF8, 0xCDF8,
    0xC5F7, 0xC5F7, 0xC5F7, 0xCDF7, 0xCDF7, 0xCDF7, 0xCDF7, 0xC5F7,
    0xCDF7, 0xCDF7, 0xCDF7, 0xCDF7, 0xCDF7, 0xC5F7, 0xCDF7, 0xC5F7,
    0xCDF7, 0xCDF7, 0xCDF7, 0xCDF7, 0xCE17, 0xCE17, 0xCE17, 0xCE17,
    0xCE18, 0xCDF7, 0xBC2D, 0x8A24, 0x79E3, 0x71C3, 0x6982, 0x6142,
    0x4901, 0x40E1, 0x5101, 0x50E1, 0x2860, 0x48E1, 0x3080, 0x40C0,
    0x6142, 0x6163, 0x6163, 0x5922, 0x5942, 0x5122, 0x69A3, 0x8204,
    0x79E4, 0x79E4, 0x8225, 0x69C4, 0x69E5, 0x8205, 0xBCB0, 0xCE38,
    0xCDF7, 0xCDF7, 0xCE17, 0xCDF7, 0xC5F7, 0xCDF7, 0xC5F7, 0xC5F7,
    0xC5F7, 0xC5F7, 0xCDF7, 0xCDF7, 0xC5F7, 0xCDF7, 0xCDF7, 0xCDF7,
    0xCDF7, 0xCE17, 0xCE17, 0xCDF7, 0xCDF7, 0xCDF7, 0xCE17, 0xCE17,
    0xCDF7, 0xCDF7, 0xCDF7, 0xCDF7, 0xCDF6, 0xCDD6, 0xC5B6, 0xC5B5,
    0xC595, 0xC594, 0xC574, 0xC574, 0xC574, 0xC574, 0xC574, 0xC574,
    0xC574, 0xC594, 0xC594, 0xC594, 0xC594, 0xC594, 0xC594, 0xC594,
    0xC594, 0xC594, 0xC594, 0xC595, 0xC594, 0xC594, 0xC595, 0xCD95,
    0xBC4A, 0xC44A, 0xC44A, 0xC44A, 0xC46A, 0xC46A, 0xC46A, 0xC46A,
    0xC46A, 0xC46A, 0xC46A, 0xC46B, 0xC46B, 0xC44B, 0xC44A, 0xC44A,
    0xC44A, 0xC44A, 0xC44A, 0xBC4A, 0xBC4A, 0xBC6A, 0xBC4A, 0xBC4B,
    0xBC6B, 0xC46B, 0xC46B, 0xC44B, 0xC44B, 0xC46B, 0xC46B, 0xC46B,
    0xC44B, 0xC46B, 0xC46B, 0xC46B, 0xC46B, 0xBC6B, 0xBC6C, 0xC46B,
    0xBC6B, 0xBC6B, 0xBC6B, 0xBC6B, 0xC44B, 0xC44B, 0xBC4B, 0xBC4B,
    0xBC4B, 0xBC4B, 0xBC4B, 0xBC4B, 0xBC4B, 0xBC4B, 0xBC4B, 0xBC4B,
    0xBC4B, 0xBC4B, 0xBC4B, 0xBC4B, 0xBC4A, 0xBC2A, 0xBC0A, 0xB409,
    0xB3E9, 0xABC8, 0xABA8, 0xABA8, 0xB3C8, 0xB3C7, 0xB3A7, 0xB3A8,
    0xB3EA, 0xB44D, 0xBCAF, 0xC512, 0xC574, 0xC5B6, 0xCE18, 0xC4D0,
    0x9264, 0x6982, 0x40C0, 0x5101, 0x40C0, 0x2860, 0x1820, 0x0800,
    0x1840, 0x3080, 0x3060, 0x2860, 0x2860, 0x2040, 0x2040, 0x2860,
    0x1840, 0x1820, 0x2040, 0x2860, 0x2840, 0x2840, 0x2860, 0x38C0,
    0x38A0, 0x40C0, 0x48E0, 0x71E4, 0xBD13, 0xCE38, 0xCE18, 0xCE18,
    0xCE18, 0xCDF8, 0xCE18, 0xC618, 0xCE18, 0xCE18, 0xCE18, 0xCE18,
    0xCDF8, 0xCDF8, 0xCDF8, 0xCDF8, 0xCE18, 0xCE18, 0xCE18, 0xCDF8,
    0xCDF7, 0xC5F7, 0xCDF7, 0xCDF7, 0xCDF7, 0xCDF7, 0xCDF7, 0xCDF7,
    0xCDF7, 0xCDF7, 0xCDF7, 0xCDF7, 0xCDF7, 0xCDF7, 0xCDF7, 0xCDF7,
    0xCDF7, 0xCDF7, 0xCE17, 0xCE17, 0xCE17, 0xCE17, 0xCE17, 0xCE17,
    0xCE18, 0xCDB5, 0x9AE7, 0x81E3, 0x79C3, 0x6982, 0x5921, 0x6121,
    0x38A0, 0x40C1, 0x5101, 0x5101, 0x48E1, 0x3880, 0x38A0, 0x6162,
    0x5942, 0x48E1, 0x3080, 0x50E1, 0x5921, 0x40C1, 0x5942, 0x71C3,
    0x7A04, 0x71E4, 0x9286, 0x71E5, 0x7205, 0x7A04, 0xA38B, 0xCE17,
    0xCE17, 0xCDF7, 0xCE17, 0xCDF7, 0xCDF7, 0xCDF7, 0xC5F7, 0xC5F7,
    0xCDF7, 0xCDF7, 0xCDF7, 0xCDF7, 0xC5F7, 0xCDF7, 0xCDF7, 0xCDF7,
    0xCE17, 0xCDF7, 0xCDF7, 0xCDF7, 0xCDF7, 0xCDF7, 0xCE17, 0xCE17,
    0xCDF7, 0xCDF7, 0xCDF7, 0xCDD7, 0xC5D6, 0xC5B5, 0xC595, 0xC574,
    0xC553, 0xBD53, 0xBD33, 0xC532, 0xC532, 0xC532, 0xC532, 0xC532,
    0xC532, 0xC532, 0xC553, 0xC553, 0xC553, 0xC553, 0xC553, 0xC553,
    0xC553, 0xC553, 0xC553, 0xC553, 0xC553, 0xC553, 0xC553, 0xC553,
    0xB428, 0xBC28, 0xBC29, 0xC429, 0xC449, 0xC449, 0xC449, 0xC449,
    0xC449, 0xC449, 0xC44A, 0xC44A, 0xC44A, 0xC44A, 0xC44A, 0xC44A,
    0xC44A, 0xBC4A, 0xBC4A, 0xBC29, 0xB429, 0xB429, 0xB42A, 0xBC4A,
    0xBC2A, 0xBC4A, 0xC44A, 0xC44A, 0xC44A, 0xC44A, 0xC44A, 0xBC4A,
    0xBC4A, 0xC44A, 0xC44B, 0xC44B, 0xBC4B, 0xBC4B, 0xC46B, 0xC44B,
    0xBC4B, 0xBC4B, 0xBC4B, 0xBC4B, 0xBC4B, 0xBC4B, 0xBC4B, 0xBC4B,
    0xBC4B, 0xBC4B, 0xBC4B, 0xBC4B, 0xBC4B, 0xBC4B, 0xBC4B, 0xBC4B,
    0xBC4B, 0xBC4B, 0xBC4B, 0xBC4B, 0xBC4B, 0xBC2A, 0xB40A, 0xB3E9,
    0xB3E9, 0xABC8, 0xABC8, 0xABA8, 0xB3C8, 0xB3C7, 0xB3A7, 0xB3A8,
    0xB3EA, 0xB44D, 0xBCAF, 0xBD12, 0xC574, 0xC5B5, 0xCDD6, 0xC4AF,
    0x8A24, 0x6982, 0x5921, 0x48E1, 0x48E1, 0x2880, 0x2860, 0x3080,
    0x1820, 0x2860, 0x38A0, 0x2860, 0x2040, 0x2040, 0x2040, 0x2040,
    0x1820, 0x1820, 0x1820, 0x2860, 0x2040, 0x2860, 0x2040, 0x40E1,
    0x48E1, 0x48E0, 0x6141, 0x7A25, 0xBD13, 0xCE18, 0xCE18, 0xCE18,
    0xCE18, 0xCE18, 0xCE18, 0xCE18, 0xCE18, 0xCE18, 0xCE18, 0xCE18,
    0xC618, 0xCE18, 0xCE18, 0xCE18, 0xCE18, 0xCE18, 0xCE18, 0xCDF8,
    0xCDF7, 0xCDF7, 0xCDF7, 0xCE17, 0xCE18, 0xCE18, 0xCDF7, 0xCE17,
    0xCDF7, 0xCDF7, 0xCDF7, 0xCDF7, 0xCDF7, 0xCDF7, 0xCDF7, 0xCDF7,
    0xCDF7, 0xCDF7, 0xCDF7, 0xCE17, 0xCE17, 0xCE17, 0xCE17, 0xCE17,
    0xCE17, 0xAC0C, 0x79E3, 0x71C3, 0x79A3, 0x6162, 0x40C0, 0x5921,
    0x40C0, 0x40C0, 0x40A0, 0x48E1, 0x40C1, 0x2860, 0x48E1, 0x38A0,
    0x48E1, 0x3080, 0x38A0, 0x38A0, 0x38A0, 0x40C1, 0x6162, 0x8A25,
    0x69A3, 0x6183, 0x8A45, 0x8205, 0x7A05, 0x71E4, 0x92E8, 0xCDF7,
    0xCE17, 0xCE17, 0xCE17, 0xCE17, 0xCE17, 0xCDF7, 0xCDF7, 0xCDF7,
    0xCDF7, 0xCDF7, 0xCDF7, 0xCDF7, 0xCDF7, 0xCDF7, 0xCDF7, 0xCE17,
    0xCE17, 0xCE17, 0xCDF7, 0xCDF7, 0xCDF7, 0xCDF7, 0xCDF7, 0xCE17,
    0xCDF7, 0xCDF7, 0xC5F7, 0xCDD6, 0xC5B6, 0xC595, 0xC574, 0xBD53,
    0xBD12, 0xBD11, 0xBCF1, 0xBCF0, 0xBCF0, 0xBCF0, 0xBCF0, 0xBCF0,
    0xBCF1, 0xBCF0, 0xBCF1, 0xBCF1, 0xBD11, 0xC511, 0xC511, 0xC511,
    0xC511, 0xC511, 0xC511, 0xC511, 0xC511, 0xC511, 0xC511, 0xC511,
    0xAC07, 0xB407, 0xB427, 0xBC28, 0xBC28, 0xBC28, 0xC429, 0xC429,
    0xC429, 0xC429, 0xC429, 0xC429, 0xC429, 0xC429, 0xC429, 0xC429,
    0xBC29, 0xBC29, 0xB408, 0xB408, 0xB408, 0xB408, 0xB408, 0xB409,
    0xB409, 0xBC29, 0xBC29, 0xBC29, 0xBC2A, 0xC42A, 0xBC2A, 0xBC2A,
    0xBC2A, 0xBC2A, 0xC44A, 0xC44A, 0xBC4A, 0xBC4A, 0xBC4A, 0xBC4A,
    0xBC4A, 0xBC4A, 0xBC4A, 0xBC4A, 0xBC4A, 0xBC4A, 0xBC4A, 0xBC4A,
    0xBC4A, 0xBC2A, 0xBC2A, 0xBC2A, 0xBC2A, 0xBC2A, 0xBC2A, 0xBC2A,
    0xBC2A, 0xBC4A, 0xBC4A, 0xBC4B, 0xBC4B, 0xBC2A, 0xB409, 0xB3E9,
    0xABC8, 0xABC8, 0xABA8, 0xABA8, 0xB3C8, 0xB3C7, 0xB3A7, 0xB3A8,
    0xB3EA, 0xB44D, 0xBCAF, 0xBD12, 0xC554, 0xC595, 0xCD94, 0xC48F,
    0x8224, 0x4901, 0x5121, 0x5121, 0x40E1, 0x38A0, 0x40E1, 0x48E0,
    0x2860, 0x30A0, 0x30A0, 0x1840, 0x1840, 0x2040, 0x1820, 0x1840,
    0x2860, 0x1020, 0x1020, 0x2040, 0x2860, 0x3080, 0x3080, 0x3080,
    0x40C0, 0x5101, 0x6141, 0x8B09, 0xCDF7, 0xCE18, 0xCE18, 0xCE18,
    0xCE18, 0xCE18, 0xCE18, 0xCE18, 0xCE18, 0xCE18, 0xCE18, 0xCE18,
    0xCDF8, 0xCDF8, 0xCDF8, 0xCE18, 0xCE17, 0xCE17, 0xCE18, 0xCE18,
    0xCDF7, 0xCDF7, 0xCDF7, 0xCE17, 0xCE18, 0xCE18, 0xCE18, 0xCE17,
    0xCDD6, 0xC5F7, 0xC5F7, 0xCDF7, 0xCDF7, 0xCDF7, 0xCDF7, 0xC5F7,
    0xCDF7, 0xCDF7, 0xCDF7, 0xCDF7, 0xCE18, 0xCE17, 0xCE17, 0xCDF7,
    0xCE38, 0xBCF1, 0x71A2, 0x6982, 0x79C3, 0x6162, 0x40C0, 0x50E0,
    0x40C0, 0x38A0, 0x3880, 0x3080, 0x2060, 0x2860, 0x3060, 0x38A0,
    0x38A0, 0x2860, 0x38A0, 0x40E1, 0x5101, 0x69A3, 0x79E4, 0x5122,
    0x38A0, 0x4922, 0x69A3, 0x71E4, 0x9286, 0x7A04, 0x9B29, 0xCDD6,
    0xCE17, 0xCE17, 0xCE18, 0xCE17, 0xCE17, 0xCDF7, 0xCDF7, 0xCDF7,
    0xCDF7, 0xCDF7, 0xCDF7, 0xCDF7, 0xCDF7, 0xCE17, 0xCE17, 0xCE17,
    0xCDF7, 0xCDF7, 0xCDF7, 0xCDF7, 0xCDF7, 0xCDF7, 0xCDF7, 0xCE17,
    0xCE17, 0xCDF7, 0xCDF7, 0xC5D6, 0xC5B5, 0xC574, 0xBD53, 0xBD12,
    0xBCF1, 0xBCB0, 0xBCAF, 0xBC8F, 0xBC8F, 0xBC8F, 0xBCAF, 0xBC8F,
    0xBC8F, 0xBC8F, 0xBC8F, 0xBCAF, 0xBCAF, 0xBCAF, 0xBCAF, 0xBCAF,
    0xBCAF, 0xBCAF, 0xBCAF, 0xBCAF, 0xBCAF, 0xBCAF, 0xBCAF, 0xBCAF,
    0xA3E6, 0xABE6, 0xAC07, 0xB407, 0xB407, 0xBC08, 0xBC28, 0xC428,
    0xC408, 0xC408, 0xC428, 0xBC09, 0xBC08, 0xBC08, 0xBC08, 0xBC08,
    0xBC08, 0xB408, 0xABE7, 0xABE7, 0xABE7, 0xABE7, 0xABE7, 0xABE8,
    0xB3E8, 0xBC08, 0xBC08, 0xBC08, 0xBC09, 0xBC09, 0xBC09, 0xBC09,
    0xBC09, 0xBC29, 0xBC29, 0xBC29, 0xBC29, 0xBC29, 0xBC29, 0xBC29,
    0xBC29, 0xBC29, 0xBC29, 0xBC2A, 0xBC2A, 0xBC29, 0xBC29, 0xBC2A,
    0xBC2A, 0xBC2A, 0xBC2A, 0xBC2A, 0xBC2A, 0xBC2A, 0xBC2A, 0xBC2A,
    0xBC2A, 0xBC2A, 0xBC2A, 0xBC4A, 0xBC2A, 0xB42A, 0xB409, 0xB3E9,
    0xABC8, 0xABA8, 0xABA8, 0xABA7, 0xB3C8, 0xB3C7, 0xB3C7, 0xB3C8,
    0xB3EA, 0xB44D, 0xBCAF, 0xBD12, 0xC554, 0xC5B5, 0xC5D7, 0xCE18,
    0xB42D, 0x69A2, 0x5941, 0x5121, 0x40E1, 0x38C0, 0x38A0, 0x38A0,
    0x2040, 0x2040, 0x2860, 0x2040, 0x1840, 0x1820, 0x1820, 0x1820,
    0x2040, 0x2040, 0x1840, 0x40C0, 0x40C0, 0x5100, 0x5921, 0x6941,
    0x6961, 0x48C0, 0x5100, 0xAC70, 0xCE38, 0xCDF7, 0xCE18, 0xCE18,
    0xCE18, 0xCE18, 0xCE18, 0xCE18, 0xCE18, 0xCE18, 0xCE18, 0xCE18,
    0xCDF7, 0xC5F8, 0xCE18, 0xCE18, 0xCE18, 0xCDF7, 0xCE18, 0xCDF7,
    0xCDF7, 0xCE18, 0xCDF7, 0xCE18, 0xCE17, 0xCE18, 0xCE18, 0xCDD6,
    0xCDD7, 0xCDF7, 0xC5F7, 0xCDF7, 0xCDF7, 0xCDF7, 0xCE17, 0xCE17,
    0xCDF7, 0xCDF7, 0xCDF7, 0xCE17, 0xCE17, 0xCE17, 0xCE17, 0xCE18,
    0xCDF7, 0xBCD1, 0x8224, 0x6962, 0x7182, 0x5921, 0x38A0, 0x48C0,
    0x38A0, 0x3060, 0x2860, 0x2860, 0x2860, 0x2860, 0x38A0, 0x48C0,
    0x3080, 0x3080, 0x5101, 0x5121, 0x5101, 0x6962, 0x48E1, 0x2860,
    0x40E1, 0x5122, 0x6983, 0x9266, 0x8A66, 0x8225, 0x8224, 0xABAB,
    0xCDF6, 0xCE17, 0xCE17, 0xCE17, 0xCE17, 0xCDF7, 0xCDF7, 0xCDF7,
    0xCDF7, 0xCDF7, 0xCDF7, 0xCDF7, 0xCDF7, 0xCDF7, 0xCE17, 0xCDF7,
    0xCDF7, 0xCDF7, 0xCDF7, 0xCDF7, 0xCE17, 0xCDF7, 0xCDF7, 0xCDF7,
    0xCDF7, 0xCDF7, 0xCDF7, 0xC5D6, 0xC595, 0xBD74, 0xBD33, 0xB4D1,
    0xB4B0, 0xB48E, 0xB44D, 0xB42C, 0xB42C, 0xB44D, 0xBC4D, 0xB44D,
    0xB44D, 0xB44D, 0xBC4D, 0xBC4D, 0xBC4D, 0xBC6D, 0xBC6D, 0xBC6D,
    0xBC6D, 0xBC6D, 0xBC6D, 0xBC6D, 0xBC6D, 0xBC6D, 0xBC6D, 0xBC6D,
    0x9BC6, 0x9BC6, 0xA3E6, 0xA3E6, 0xABE7, 0xB407, 0xB407, 0xBC08,
    0xBC08, 0xBC08, 0xBC08, 0xBC08, 0xBBE8, 0xBBE8, 0xBBE8, 0xB3E7,
    0xB3E7, 0xABE7, 0xA3C7, 0xA3C7, 0xA3C7, 0xA3C7, 0xA3C7, 0xABC7,
    0xABC7, 0xB3E8, 0xBBE8, 0xBBE8, 0xBBE8, 0xBBE8, 0xBBE8, 0xBBE8,
    0xBBE8, 0xBC08, 0xBC08, 0xBC08, 0xBC08, 0xBC09, 0xBC08, 0xBC08,
    0xBC09, 0xBC09, 0xBC09, 0xBC09, 0xBC09, 0xBC09, 0xBC09, 0xBC09,
    0xBC09, 0xBC09, 0xBC09, 0xBC09, 0xBC09, 0xBC09, 0xBC09, 0xBC09,
    0xBC0A, 0xBC0A, 0xBC2A, 0xBC2A, 0xBC2A, 0xB409, 0xB3E9, 0xABC8,
    0xABA8, 0xABA7, 0xABA7, 0xABA7, 0xB3A7, 0xB3C7, 0xB3C7, 0xB3C8,
    0xB3EA, 0xB44D, 0xBCAF, 0xBD11, 0xC554, 0xC5B5, 0xCDD6, 0xCE18,
    0xCD94, 0x9AC6, 0x71A2, 0x6141, 0x40C0, 0x38A0, 0x40C0, 0x3060,
    0x2040, 0x1820, 0x1840, 0x2040, 0x1820, 0x1820, 0x1020, 0x2040,
    0x2840, 0x1820, 0x40A0, 0x6940, 0x7980, 0x81A1, 0x9A21, 0xA242,
    0x9A42, 0x6960, 0x48E1, 0xBD13, 0xCE38, 0xC618, 0xCE18, 0xCE18,
    0xCE18, 0xCE18, 0xCE18, 0xCE18, 0xCE18, 0xCE17, 0xCDF7, 0xCE18,
    0xCDF7, 0xCDF8, 0xCE18, 0xCE18, 0xCDF7, 0xCDF7, 0xCE18, 0xCDF7,
    0xCDD6, 0xCE18, 0xCE18, 0xCE18, 0xCDF7, 0xCD95, 0xCDF7, 0xC5B6,
    0xCDF7, 0xCDF7, 0xC5F7, 0xC5F7, 0xCDF7, 0xCDF7, 0xCE17, 0xCDF7,
    0xCDF7, 0xCDF7, 0xCE17, 0xCE17, 0xCE18, 0xCE18, 0xCE18, 0xCE18,
    0xCDF7, 0xABCC, 0x79E4, 0x5901, 0x48E0, 0x40C0, 0x38A0, 0x3880,
    0x40A0, 0x2860, 0x2040, 0x2040, 0x2860, 0x38A0, 0x48C0, 0x38A0,
    0x3080, 0x40C0, 0x40C0, 0x48E1, 0x5921, 0x5101, 0x48E1, 0x5101,
    0x5942, 0x6183, 0x8204, 0x8204, 0x7A05, 0x7A05, 0x8225, 0xB46F,
    0xCDF7, 0xCE17, 0xCE17, 0xCE17, 0xCE17, 0xCDF7, 0xCDF7, 0xCDF7,
    0xCDF7, 0xCDF7, 0xCDF7, 0xCDF7, 0xCDF7, 0xCDF7, 0xCDF7, 0xCDF7,
    0xCDF7, 0xCDF7, 0xCDF7, 0xCE17, 0xCDF7, 0xCE17, 0xCE17, 0xCDF7,
    0xCDF7, 0xCDF7, 0xCDF7, 0xC5D6, 0xC595, 0xBD54, 0xBCF2, 0xB4B0,
    0xB46E, 0xB42C, 0xB3EA, 0xABC9, 0xB3EA, 0xB3EA, 0xB40B, 0xB42B,
    0xB42B, 0xB42C, 0xB42C, 0xBC2C, 0xBC4C, 0xBC4C, 0xBC4C, 0xBC4C,
    0xBC4C, 0xBC4C, 0xBC4C, 0xBC4C, 0xBC4C, 0xBC4C, 0xBC4C, 0xBC4C,
    0x93A6, 0x93A5, 0x93C5, 0x9BC5, 0xA3E6, 0xA3E6, 0xABE7, 0xB407,
    0xB408, 0xB3E8, 0xB3E8, 0xB3E8, 0xB3E8, 0xB3E8, 0xB3E7, 0xABC7,
    0xA3C6, 0xA3C6, 0x9BC6, 0x9BC6, 0x9BA6, 0x9BA6, 0xA3A7, 0xA3A7,
    0xABC7, 0xB3C8, 0xB3C8, 0xB3C8, 0xB3E8, 0xB3E8, 0xB3C8, 0xBBE8,
    0xBBE8, 0xBBE8, 0xBBE8, 0xBBE8, 0xBBE8, 0xBBE8, 0xBBE8, 0xBBE8,
    0xBBE8, 0xBBE8, 0xBBE8, 0xBBE8, 0xBBE8, 0xBBE8, 0xBBE8, 0xBBE8,
    0xBBE8, 0xBBE8, 0xBBE8, 0xBBE8, 0xBC08, 0xBC08, 0xBC09, 0xBC09,
    0xBC09, 0xBC09, 0xBC09, 0xBC09, 0xBC09, 0xB3E8, 0xB3C8, 0xABA8,
    0xABA7, 0xAB87, 0xAB87, 0xABA7, 0xB3A7, 0xB3C7, 0xB3C7, 0xB3C8,
    0xB3EA, 0xBC4D, 0xBCAF, 0xBD12, 0xC554, 0xC5B5, 0xCDD6, 0xCDF7,
    0xCD74, 0xB3EC, 0x8A23, 0x6141, 0x5101, 0x38A0, 0x40C0, 0x38A0,
    0x1840, 0x1840, 0x1000, 0x1020, 0x1840, 0x1820, 0x2860, 0x6100,
    0x7160, 0x50E0, 0x81A0, 0x9A21, 0xA241, 0xA221, 0xBAA2, 0xBAC2,
    0xBAE3, 0x9A21, 0x8AC7, 0xC5D7, 0xCE18, 0xCE18, 0xCE18, 0xCE18,
    0xCE18, 0xCE18, 0xCE18, 0xCE18, 0xCE18, 0xCE18, 0xCDB6, 0xCDD6,
    0xCE18, 0xCDF7, 0xCE18, 0xCE18, 0xCE18, 0xCE18, 0xCDD6, 0xCDD7,
    0xCDB6, 0xCDD6, 0xCDD6, 0xCE18, 0xC553, 0xC533, 0xCDD6, 0xCDD6,
    0xCE18, 0xCDF7, 0xC5F7, 0xC5F7, 0xCDF7, 0xCDF7, 0xCE17, 0xCDF7,
    0xCDF7, 0xCDF7, 0xCDF7, 0xCE17, 0xCE18, 0xCE18, 0xCE18, 0xCE17,
    0xCE39, 0xB4B0, 0x69A2, 0x48E0, 0x40C0, 0x38A0, 0x38A0, 0x3080,
    0x38A0, 0x2860, 0x2860, 0x2040, 0x2860, 0x3880, 0x3040, 0x2860,
    0x2860, 0x3080, 0x40C0, 0x38C1, 0x3080, 0x3080, 0x40C0, 0x48E1,
    0x4901, 0x6142, 0x6162, 0x8A45, 0x9286, 0x7A04, 0xA34A, 0xCDF7,
    0xC618, 0xCDF7, 0xCE17, 0xCE17, 0xCE17, 0xCDF7, 0xCDF7, 0xCDF7,
    0xCDF7, 0xCDF7, 0xCDF7, 0xCDF7, 0xCDF7, 0xCDF7, 0xCE17, 0xCDF7,
    0xCE17, 0xCDF7, 0xCDF7, 0xCDF7, 0xCDF7, 0xCE17, 0xCDF7, 0xCDF7,
    0xCDF7, 0xCDF7, 0xCDF6, 0xC5D6, 0xC595, 0xBD33, 0xB4F1, 0xB48F,
    0xB44D, 0xB40B, 0xABA9, 0xABA8, 0xB3A8, 0xB3E9, 0xB40A, 0xB42B,
    0xBC4C, 0xBC4D, 0xBC6D, 0xBC6D, 0xBC6D, 0xBC6D, 0xBC6D, 0xBC6D,
    0xBC6D, 0xBC6D, 0xBC6D, 0xBC6D, 0xBC6D, 0xBC8D, 0xBC8D, 0xBC8D,
    0x8BA6, 0x8BA5, 0x8BA5, 0x93C5, 0x93E5, 0x9BE6, 0xA3E6, 0xA3E7,
    0xA3E7, 0xA3E7, 0xA3C8, 0xABE8, 0xABE8, 0xABE8, 0xABE7, 0xA3C7,
    0x9BA6, 0x93A5, 0x93A5, 0x93A5, 0x93A6, 0x9BA6, 0xA3A7, 0xA3A7,
    0xABA7, 0xABA7, 0xABA7, 0xABC7, 0xB3C8, 0xB3C8, 0xB3C8, 0xB3C8,
    0xB3C8, 0xB3C8, 0xB3C7, 0xB3C7, 0xB3C7, 0xB3C7, 0xBBC8, 0xBBC8,
    0xBBC8, 0xB3C8, 0xBBC8, 0xBBC8, 0xBBC8, 0xBBE8, 0xBBE8, 0xBBE8,
    0xBBE8, 0xBBE8, 0xBBE8, 0xBBE8, 0xBBE8, 0xBBE8, 0xBBE8, 0xBBE8,
    0xBBE8, 0xBBE8, 0xBBE8, 0xBBE8, 0xB3E8, 0xB3C8, 0xB3A7, 0xABA7,
    0xAB87, 0xAB87, 0xAB87, 0xAB87, 0xB3A7, 0xB3C7, 0xB3C7, 0xB3C8,
    0xB3EA, 0xB44D, 0xBCAF, 0xBD12, 0xC554, 0xC595, 0xCDD6, 0xCE17,
    0xCDF7, 0xCDF6, 0xB3EC, 0x71A2, 0x5101, 0x38A0, 0x5941, 0x38A0,
    0x2860, 0x2860, 0x2040, 0x3060, 0x48C0, 0x3880, 0x7980, 0xAA61,
    0xA241, 0xA241, 0xC303, 0xCB23, 0xC2E2, 0xBAA2, 0xB2A1, 0xBAC2,
    0xC303, 0xC2E2, 0xCC4B, 0xCE18, 0xCE18, 0xCE18, 0xCE18, 0xCE18,
    0xCE18, 0xCE18, 0xCE18, 0xCE18, 0xCE18, 0xCE18, 0xCDD7, 0xBCB0,
    0xC574, 0xCDD6, 0xCE17, 0xCE18, 0xCE18, 0xCE18, 0xC5B6, 0xC533,
    0xC533, 0xC533, 0xC554, 0xC5B5, 0xB44E, 0xC533, 0xC574, 0xCDF7,
    0xCDF7, 0xCDF7, 0xCE18, 0xC5D6, 0xCDB6, 0xCE18, 0xCDF7, 0xCDF7,
    0xCDF7, 0xCE18, 0xCE17, 0xCE18, 0xCE18, 0xCE18, 0xCE18, 0xCE18,
    0xCE18, 0xBCF2, 0x71C3, 0x48C0, 0x38A0, 0x38A0, 0x4901, 0x40C0,
    0x40C0, 0x3080, 0x2860, 0x1820, 0x2860, 0x2040, 0x2040, 0x1820,
    0x2860, 0x40C0, 0x2880, 0x40E1, 0x48E1, 0x48E1, 0x48E1, 0x2880,
    0x3080, 0x38A0, 0x48E1, 0x7A04, 0x8A66, 0x8224, 0xB40D, 0xCE17,
    0xC5F7, 0xCE17, 0xCE17, 0xCE17, 0xCE17, 0xCDF7, 0xCDF7, 0xCDF7,
    0xCE17, 0xCDF7, 0xCDF7, 0xCDF7, 0xCDF7, 0xCDF7, 0xCE17, 0xCDF7,
    0xC5F7, 0xCDF7, 0xCDF7, 0xCDF7, 0xCDF7, 0xCE17, 0xCE17, 0xCDF7,
    0xCDF7, 0xCDF7, 0xCDD6, 0xC5B6, 0xC595, 0xBD33, 0xB4D1, 0xB48F,
    0xB44D, 0xB40B, 0xB3C9, 0xB3A8, 0xB3E9, 0xB40A, 0xBC2B, 0xBC6D,
    0xBC8E, 0xBCAF, 0xBCAF, 0xBCAF, 0xBCAF, 0xBCAF, 0xBCAF, 0xBCAF,
    0xC4AF, 0xC4AF, 0xC4CF, 0xC4CF, 0xC4CF, 0xC4CF, 0xC4CF, 0xC4CF,
    0x8BA6, 0x83A5, 0x83A4, 0x83C4, 0x8BC5, 0x93C5, 0x93C6, 0x9BC6,
    0x9BC7, 0x93A7, 0x9BC7, 0xA3C7, 0xA3C8, 0xA3C7, 0x9BC7, 0x9BC6,
    0x93A6, 0x8BA5, 0x8BA5, 0x8BA5, 0x93A6, 0x93A6, 0x9BA7, 0x9BA7,
    0xA3A7, 0xA3A7, 0xABA7, 0xABA7, 0xABA7, 0xABA7, 0xABA7, 0xABA7,
    0xABA7, 0xB3A8, 0xB3A7, 0xB3A7, 0xB3A7, 0xB3C7, 0xB3C8, 0xB3C8,
    0xB3C7, 0xB3C7, 0xB3C7, 0xB3C7, 0xB3C7, 0xB3C7, 0xB3C7, 0xBBC7,
    0xBBC7, 0xBBC7, 0xBBC7, 0xB3C7, 0xBBC7, 0xBBC7, 0xB3C7, 0xBBC7,
    0xB3C7, 0xB3C7, 0xB3C7, 0xB3C7, 0xB3C7, 0xB3A7, 0xB3A7, 0xAB87,
    0xAB87, 0xAB87, 0xAB87, 0xAB87, 0xB3A7, 0xB3C7, 0xB3C8, 0xB3C8,
    0xB3EA, 0xB44D, 0xBCAF, 0xBD12, 0xBD54, 0xC595, 0xCDD7, 0xCE17,
    0xCE18, 0xCE38, 0xC573, 0x9AE6, 0x6120, 0x40A0, 0x40C0, 0x2860,
    0x2840, 0x2860, 0x5900, 0x8180, 0x99E0, 0x9A00, 0xBAA1, 0xCB02,
    0xCB23, 0xBAC1, 0xDB84, 0xE3C4, 0xD343, 0xDB43, 0xCB02, 0xBAE2,
    0xD364, 0xCAE2, 0xD408, 0xCE18, 0xCE18, 0xCE18, 0xCE18, 0xCE18,
    0xCE18, 0xCE17, 0xCE18, 0xCDF7, 0xCDF7, 0xCE18, 0xCDF7, 0xBD13,
    0xABAB, 0xBCB0, 0xCDF7, 0xCE17, 0xCE38, 0xCDD7, 0xC5D7, 0xBCF1,
    0xB42D, 0xB44E, 0xBCB0, 0xB46F, 0xB42E, 0xBCB0, 0xC553, 0xC5B6,
    0xC5B6, 0xCE18, 0xCDB5, 0xC4F1, 0xC5B6, 0xCDD6, 0xCE17, 0xCDF7,
    0xCDF7, 0xCDF7, 0xCE18, 0xCE18, 0xCE18, 0xCE18, 0xCE18, 0xCE18,
    0xCE18, 0xB4B0, 0x7A03, 0x4901, 0x48C0, 0x6120, 0x81E2, 0x5941,
    0x7181, 0x50E0, 0x2040, 0x1820, 0x2020, 0x2040, 0x1840, 0x2040,
    0x38A0, 0x2880, 0x2060, 0x40C0, 0x4901, 0x2880, 0x2860, 0x3080,
    0x40C1, 0x5101, 0x5121, 0x6162, 0x8225, 0x8A45, 0xBC6E, 0xCDD6,
    0xCE17, 0xCE17, 0xCE17, 0xCE17, 0xCE17, 0xCDF7, 0xCDF7, 0xCDF7,
    0xCDF7, 0xCDF7, 0xCDF7, 0xCDF7, 0xCDF7, 0xCE17, 0xCE17, 0xCE17,
    0xCDF7, 0xCDF7, 0xCE17, 0xCE17, 0xCE17, 0xCE17, 0xCE17, 0xCDF7,
    0xCDF7, 0xCDF7, 0xCDD6, 0xC5B6, 0xC575, 0xBD33, 0xB4F1, 0xB48F,
    0xB44D, 0xB40B, 0xB3E9, 0xB3C9, 0xB40A, 0xBC2C, 0xBC6D, 0xBCAE,
    0xC4EF, 0xC510, 0xC511, 0xC511, 0xC511, 0xC511, 0xC511, 0xC511,
    0xC511, 0xC511, 0xC511, 0xC511, 0xC511, 0xC511, 0xC511, 0xC511,
    0x83A6, 0x7BA4, 0x73A2, 0x7BA3, 0x83A4, 0x83C4, 0x83C5, 0x8BA5,
    0x8BA6, 0x8BA6, 0x8BA7, 0x93A7, 0x93A7, 0x93C7, 0x93C6, 0x8BA6,
    0x8BA5, 0x83A5, 0x83A5, 0x8BA5, 0x8BA6, 0x93A7, 0x9BA7, 0x9BA7,
    0x9BA7, 0x9BA7, 0x9BA7, 0x9BA7, 0x9BA7, 0x9BA7, 0xA3A7, 0xA3A7,
    0xABA8, 0xABA8, 0xABA8, 0xABA8, 0xB3A8, 0xB3A8, 0xB3C8, 0xB3C8,
    0xB3C8, 0xB3C7, 0xB3A7, 0xB3A7, 0xB3C7, 0xB3C7, 0xB3C7, 0xB3C7,
    0xB3C7, 0xB3C7, 0xB3C7, 0xB3A7, 0xB3A7, 0xB3A7, 0xB3A7, 0xB3A7,
    0xB3A7, 0xB3A7, 0xB3A7, 0xB3C7, 0xB3A7, 0xB3A7, 0xAB87, 0xAB86,
    0xAB86, 0xAB87, 0xAB87, 0xAB87, 0xB3A7, 0xB3C7, 0xB3C8, 0xB3C8,
    0xB40A, 0xB44D, 0xBCB0, 0xBD12, 0xC554, 0xC595, 0xC5D7, 0xCE17,
    0xCE18, 0xCE17, 0xCE18, 0xC5B5, 0x9B49, 0x6981, 0x40C0, 0x3080,
    0x40C0, 0x5900, 0x81A0, 0xA220, 0xA220, 0xBA80, 0xDB84, 0xE3A4,
    0xE3A3, 0xE3A4, 0xDB83, 0xE3A3, 0xE3A4, 0xE3A4, 0xDB63, 0xD343,
    0xE3C5, 0xCB22, 0xD3C7, 0xCE17, 0xCE18, 0xCE18, 0xCE18, 0xCE18,
    0xCDF7, 0xCDF7, 0xCDD6, 0xC595, 0xC575, 0xCE18, 0xCE18, 0xCDD6,
    0xA38B, 0x9AA6, 0xBCD1, 0xC574, 0xCE18, 0xC5D6, 0xC575, 0xBCF1,
    0xABAA, 0xAB69, 0xAB6A, 0xA328, 0xB42D, 0xBC4E, 0xC553, 0xC553,
    0xCDD7, 0xC554, 0xBC2D, 0xBC8F, 0xC512, 0xCDD6, 0xCDF7, 0xCDD6,
    0xCE18, 0xCDF7, 0xCDF7, 0xCE18, 0xCE18, 0xCE18, 0xCE18, 0xCE17,
    0xCE38, 0xC574, 0x7204, 0x6982, 0x81E2, 0xB2C3, 0xBAA2, 0x7160,
    0x7160, 0x6940, 0x40A0, 0x3880, 0x3880, 0x40C0, 0x2860, 0x2860,
    0x2040, 0x2040, 0x2860, 0x2040, 0x2040, 0x2880, 0x2880, 0x40C1,
    0x4901, 0x5122, 0x6162, 0x5962, 0x8204, 0x9B08, 0xC574, 0xC5F7,
    0xCDF7, 0xCE17, 0xCE17, 0xCE17, 0xCDF7, 0xCDF7, 0xCDF7, 0xCDF7,
    0xCDF7, 0xCDF7, 0xCDF7, 0xCDF7, 0xCDF7, 0xCDF7, 0xCDF7, 0xCDF7,
    0xCDF7, 0xCDF7, 0xCE17, 0xCE17, 0xCE17, 0xCDF7, 0xCDF7, 0xCDF7,
    0xCDF7, 0xCDF7, 0xCDD6, 0xC5B6, 0xC575, 0xBD33, 0xBCF1, 0xB48F,
    0xB44D, 0xB42B, 0xB3EA, 0xB40A, 0xBC2B, 0xBC6D, 0xC4AE, 0xC4F0,
    0xC531, 0xC552, 0xCD73, 0xC553, 0xCD73, 0xCD73, 0xCD73, 0xCD73,
    0xCD73, 0xCD73, 0xCD73, 0xCD73, 0xCD73, 0xCD73, 0xC573, 0xCD73,
    0x83A7, 0x73A5, 0x6B82, 0x6B81, 0x73A2, 0x7383, 0x7383, 0x7B84,
    0x7B85, 0x7B85, 0x8386, 0x8386, 0x8B86, 0x8B86, 0x83A5, 0x83A5,
    0x7BA5, 0x7BA5, 0x83A5, 0x83A6, 0x8BA6, 0x8BA7, 0x93A7, 0x93A7,
    0x93A7, 0x93A7, 0x93A7, 0x9387, 0x9387, 0x93A7, 0x9BA8, 0x9BA8,
    0xA3A8, 0xA3A8, 0xABA8, 0xABA9, 0xABC9, 0xABC8, 0xB3C9, 0xB3C8,
    0xB3C8, 0xB3C8, 0xB3C8, 0xB3A8, 0xB3C8, 0xB3C8, 0xB3A8, 0xB3A8,
    0xB3A7, 0xB3A7, 0xB3C7, 0xB3A7, 0xB3A7, 0xB3A7, 0xB3A7, 0xB3A7,
    0xB3A7, 0xB3A7, 0xB3C7, 0xB3C7, 0xB3A7, 0xB3A7, 0xAB87, 0xAB87,
    0xAB66, 0xAB86, 0xAB87, 0xAB87, 0xB3A7, 0xB3C8, 0xB3C8, 0xB3C8,
    0xB40A, 0xBC4D, 0xBCB0, 0xBD12, 0xC554, 0xC5B5, 0xC5D7, 0xCDF7,
    0xCE18, 0xCE18, 0xCE18, 0xCE38, 0xCE17, 0xA36A, 0x5900, 0x48C0,
    0x7180, 0xAAA1, 0xBAE2, 0xC2E2, 0xBAA1, 0xBAA1, 0xD322, 0xDB84,
    0xD342, 0xEBE4, 0xEBE5, 0xE3A4, 0xDB83, 0xE3C4, 0xDBA4, 0xDBA4,
    0xE3C5, 0xD384, 0xD384, 0xCD94, 0xCE18, 0xCDF7, 0xCE18, 0xCE18,
    0xCDF7, 0xC5D6, 0xC554, 0xB46F, 0xB46F, 0xCDB5, 0xCE38, 0xD638,
    0xBCB0, 0x8A23, 0x8A65, 0xA38B, 0xBD12, 0xC5B6, 0xBD13, 0xAC2E,
    0x9B08, 0x9264, 0x9265, 0x9AA5, 0xAB6A, 0xB40D, 0xBCF1, 0xC595,
    0xBCF2, 0xAB48, 0xAB49, 0xB3CB, 0xBCD0, 0xCDD6, 0xCD95, 0xCDF7,
    0xCDF7, 0xCDF7, 0xCDF7, 0xCE18, 0xCE17, 0xCE18, 0xCE18, 0xCE18,
    0xCE18, 0xCE17, 0x9328, 0xBB25, 0xCB65, 0xDB84, 0xCAE2, 0xA221,
    0x9A00, 0x9A21, 0x91C0, 0x6940, 0x6100, 0x40A0, 0x3060, 0x2040,
    0x38A0, 0x1840, 0x1020, 0x2060, 0x3080, 0x3080, 0x38A0, 0x40C0,
    0x6162, 0x8A45, 0x4101, 0x6182, 0x8A24, 0xB40C, 0xCDF7, 0xC5F7,
    0xCDF7, 0xC5F7, 0xCE17, 0xCE17, 0xC617, 0xCE17, 0xC5F7, 0xC5F7,
    0xCDF7, 0xCDF7, 0xCDF7, 0xCDF7, 0xCDF7, 0xCE17, 0xCDF7, 0xCDF7,
    0xCDF7, 0xCDF7, 0xCDF7, 0xCE17, 0xCE17, 0xCDF7, 0xCDF7, 0xCDF7,
    0xCDF7, 0xCDF7, 0xCDD6, 0xC5D6, 0xC595, 0xBD33, 0xB4D1, 0xB48F,
    0xB46D, 0xB42B, 0xB40A, 0xBC2B, 0xBC6C, 0xBCAE, 0xC4F0, 0xC531,
    0xCD53, 0xCD94, 0xCD95, 0xCD95, 0xCDB5, 0xCDB5, 0xCDB5, 0xCDB5,
    0xCDB5, 0xCDB5, 0xCDB5, 0xCDB5, 0xCDB5, 0xCDB5, 0xCDB5, 0xCDB5,
    0x83A7, 0x73A5, 0x6B83, 0x6381, 0x6360, 0x6360, 0x6361, 0x6363,
    0x6B44, 0x6B44, 0x7345, 0x7B65, 0x7B65, 0x7B85, 0x7384, 0x7384,
    0x73A4, 0x73A4, 0x7BA5, 0x7BA6, 0x83A7, 0x8BA7, 0x8BA7, 0x8BA8,
    0x8BA7, 0x8BA7, 0x8BA7, 0x8B87, 0x8B87, 0x9387, 0x93A8, 0x9BA8,
    0xA3A9, 0xA3C9, 0xA3C9, 0xABC9, 0xABC9, 0xABE9, 0xABE9, 0xB3E9,
    0xB3E9, 0xB3E9, 0xB3E9, 0xB3E9, 0xB3C8, 0xB3C8, 0xB3C8, 0xB3C8,
    0xB3C8, 0xB3C8, 0xB3C8, 0xB3C8, 0xB3C8, 0xB3C8, 0xB3C8, 0xB3C8,
    0xB3C8, 0xB3C8, 0xB3C8, 0xB3C8, 0xB3C8, 0xB3A7, 0xABA7, 0xAB87,
    0xAB67, 0xA367, 0xAB87, 0xABA7, 0xB3C8, 0xBBC8, 0xB3C8, 0xB3C8,
    0xB40A, 0xBC6D, 0xBCAF, 0xBD12, 0xC554, 0xC5B5, 0xCDD7, 0xCE17,
    0xCE18, 0xCE18, 0xCE18, 0xCE18, 0xCDF6, 0xBD12, 0x9B6A, 0x6182,
    0x8A01, 0xD363, 0xCB63, 0xCB43, 0xCB42, 0xDB83, 0xD342, 0xD363,
    0xD363, 0xE3C4, 0xE3A3, 0xEBC4, 0xEC05, 0xEBE4, 0xEC05, 0xEBE4,
    0xE3A4, 0xDBA4, 0xDB84, 0xD552, 0xCE39, 0xCE17, 0xCE18, 0xCE18,
    0xCE18, 0xCE18, 0xCDB5, 0xABEC, 0x8AC7, 0xABEC, 0xC532, 0xD638,
    0xBCF2, 0x8224, 0x7181, 0x79C2, 0xA36A, 0xB44F, 0xB490, 0xA38B,
    0x8A44, 0x81E2, 0x8A03, 0x9244, 0x9AC6, 0xAB8B, 0xBCD1, 0xBCB0,
    0xA2E7, 0x9A64, 0x9A65, 0x9AE7, 0xBD12, 0xCDB5, 0xC533, 0xCDD6,
    0xCDD6, 0xCDD6, 0xCDF7, 0xCE18, 0xCE18, 0xCE18, 0xCE18, 0xCE18,
    0xCE17, 0xCE18, 0xD52F, 0xEC47, 0xE3A4, 0xD343, 0xCB02, 0xCAE1,
    0xC2E2, 0xBAA1, 0xBAA1, 0xAA61, 0x91E0, 0x5900, 0x3880, 0x3060,
    0x40C0, 0x40C0, 0x40A0, 0x40C0, 0x40C0, 0x40C0, 0x48E1, 0x5921,
    0x5101, 0x69A3, 0x71E4, 0x71E3, 0x8A24, 0xB42D, 0xCDD6, 0xC5F7,
    0xCDF7, 0xCE17, 0xCDF7, 0xCDF7, 0xCE17, 0xCDF7, 0xCDF7, 0xCDF7,
    0xCDF7, 0xCDF7, 0xCDF7, 0xCDF7, 0xC5F7, 0xCDF7, 0xC5F7, 0xCDF7,
    0xCDF7, 0xCE17, 0xCDF7, 0xCDF7, 0xCE17, 0xCDF7, 0xCDF7, 0xCDF7,
    0xCDF7, 0xCDF7, 0xCDF7, 0xC5D6, 0xC595, 0xBD33, 0xB4F1, 0xB4AF,
    0xB46D, 0xB42B, 0xB40A, 0xBC2B, 0xBC8D, 0xC4CF, 0xC511, 0xC552,
    0xCD94, 0xCDB5, 0xCDD6, 0xCDD6, 0xCDD6, 0xCDD6, 0xCDF6, 0xCDD6,
    0xCDF6, 0xCDF6, 0xCDF6, 0xCDF6, 0xCDD6, 0xCDD6, 0xCDD6, 0xCDF6,
    0x7BA6, 0x7385, 0x6B83, 0x5B60, 0x5B40, 0x5320, 0x5320, 0x5B21,
    0x5B22, 0x6323, 0x6B44, 0x6B44, 0x6B64, 0x6B64, 0x6B63, 0x6B63,
    0x6B83, 0x6B84, 0x73A5, 0x7BA6, 0x7BA7, 0x83A7, 0x8BA8, 0x8BA8,
    0x83A8, 0x83A8, 0x83A7, 0x8387, 0x8387, 0x8B88, 0x93A8, 0x93A9,
    0x9BA9, 0xA3C9, 0xA3CA, 0xA3CA, 0xABEA, 0xABEA, 0xAC0A, 0xABEA,
    0xABEA, 0xABC9, 0xABC9, 0xABC9, 0xABE9, 0xABC9, 0xABC9, 0xABC9,
    0xABC8, 0xABC9, 0xABC9, 0xABC8, 0xABA8, 0xABC8, 0xB3C8, 0xB3E8,
    0xB3E8, 0xB3E8, 0xB3E8, 0xB3E8, 0xB3C8, 0xB3C8, 0xABA8, 0xAB87,
    0xA367, 0xA367, 0xAB87, 0xABA8, 0xB3C8, 0xB3E8, 0xB3E8, 0xB3E8,
    0xB40A, 0xB44D, 0xBCB0, 0xBD12, 0xC554, 0xC5B5, 0xCDD7, 0xCE17,
    0xCE18, 0xCE18, 0xCE38, 0xCE18, 0xCE18, 0xCE38, 0xCE38, 0xBD33,
    0xB3A9, 0xDBC4, 0xCB63, 0xCB42, 0xCB42, 0xE3E4, 0xEC04, 0xDBA3,
    0xE3C3, 0xE3C4, 0xEBE4, 0xE3A3, 0xE3C3, 0xEBE4, 0xEBE4, 0xEBC4,
    0xE3C4, 0xDBA4, 0xE3A3, 0xD4EE, 0xCE39, 0xCE18, 0xCE18, 0xCDF7,
    0xCDF7, 0xCDF7, 0xCDD6, 0xBD12, 0x8AA7, 0x71A2, 0x8A86, 0xB490,
    0xB44F, 0x8224, 0x7181, 0x6940, 0x8203, 0x9AC7, 0x9B4A, 0x92A7,
    0x71A2, 0x6941, 0x79A2, 0x8A03, 0x9244, 0xA329, 0xAB8B, 0x9265,
    0x8A03, 0x81C2, 0x81C2, 0xA38B, 0xC595, 0xC533, 0xC512, 0xC512,
    0xCD73, 0xCDF7, 0xCE18, 0xCE18, 0xCE18, 0xCE18, 0xCE18, 0xCE17,
    0xC617, 0xCE17, 0xED2C, 0xE3C4, 0xD301, 0xD342, 0xD342, 0xD342,
    0xD322, 0xD322, 0xDB63, 0xD343, 0xAA61, 0x7960, 0x6920, 0x6120,
    0x40C0, 0x38A0, 0x50E0, 0x48C0, 0x40A0, 0x38A0, 0x3080, 0x38A0,
    0x5941, 0x6962, 0x71C3, 0x79A2, 0x9B6A, 0xC5B6, 0xC5F7, 0xC5F7,
    0xCDF7, 0xCE17, 0xCE17, 0xCE17, 0xCE17, 0xCDF7, 0xCDF7, 0xCDF7,
    0xCDF7, 0xC617, 0xC5F7, 0xCDF7, 0xC5F7, 0xC5F7, 0xC5F7, 0xC5F7,
    0xC5F7, 0xCDF7, 0xCDF7, 0xCDF7, 0xCE17, 0xCDF7, 0xCDF7, 0xCDF7,
    0xCDF7, 0xCDF7, 0xCDF7, 0xC5D6, 0xC595, 0xBD33, 0xBCF1, 0xBCAF,
    0xBC6D, 0xB42B, 0xB40A, 0xBC4C, 0xBC8E, 0xC4F0, 0xC532, 0xCD73,
    0xCDB5, 0xCDD6, 0xCDF6, 0xD5F7, 0xD5F7, 0xD617, 0xD617, 0xD617,
    0xD617, 0xD617, 0xD617, 0xD617, 0xD617, 0xD617, 0xD617, 0xD617,
    0x7386, 0x6B85, 0x6383, 0x5B41, 0x5320, 0x4B00, 0x4AE0, 0x4AE0,
    0x52E1, 0x52E2, 0x5B03, 0x6323, 0x6343, 0x6343, 0x6342, 0x6362,
    0x6363, 0x6B84, 0x73A5, 0x73A6, 0x7BA6, 0x7BA7, 0x83A7, 0x83A8,
    0x83A8, 0x83A7, 0x7BA7, 0x7B87, 0x8387, 0x8388, 0x8BA8, 0x93A9,
    0x93AA, 0x9BCA, 0x9BCA, 0xA3CA, 0xA3EA, 0xAC0B, 0xABEA, 0xABEA,
    0xAC0A, 0xBC4C, 0xC4AD, 0xCCEE, 0xC48C, 0xDD2E, 0xD50C, 0xDD4E,
    0xD4EC, 0xCC6A, 0xD4CC, 0xDD4E, 0xC4AB, 0xBC09, 0xBC2A, 0xABE9,
    0xB3E9, 0xB3E9, 0xB409, 0xB409, 0xB3E9, 0xB3C9, 0xABC8, 0xABA8,
    0xA388, 0xA387, 0xA387, 0xABA8, 0xB3C8, 0xB3E8, 0xB3C8, 0xB3C8,
    0xB40A, 0xB46D, 0xBCB0, 0xBD12, 0xC574, 0xC5B6, 0xCDD7, 0xCE17,
    0xCE18, 0xCE18, 0xCE38, 0xCE38, 0xCE38, 0xCE18, 0xCE18, 0xCE38,
    0xCE38, 0xDCAA, 0xDB83, 0xD383, 0xDBC4, 0xE3E4, 0xF486, 0xF445,
    0xEC25, 0xEC25, 0xE3C3, 0xE3A3, 0xEC04, 0xEC24, 0xEBE4, 0xE3E4,
    0xF446, 0xE3C4, 0xDB42, 0xDC8B, 0xCE39, 0xCE18, 0xCE38, 0xCDD6,
    0xC595, 0xC595, 0xC574, 0xCDB5, 0xB4B0, 0x8245, 0x6120, 0x71C3,
    0x8287, 0x79E4, 0x7161, 0x6120, 0x6940, 0x81C2, 0x7A04, 0x79E3,
    0x6120, 0x5900, 0x6961, 0x81E2, 0x8A24, 0x8A65, 0x8203, 0x79A2,
    0x7161, 0x7161, 0x8204, 0xB42E, 0xC4F1, 0xBC4E, 0xABAA, 0xBCAF,
    0xCDD6, 0xCE17, 0xCE17, 0xCE18, 0xCE18, 0xCE18, 0xCE18, 0xCE17,
    0xC618, 0xD5B3, 0xF486, 0xE3E4, 0xDB42, 0xD342, 0xDB83, 0xE3C4,
    0xE3C4, 0xE3A3, 0xE3C4, 0xDB63, 0xC2E2, 0xC2E2, 0xB282, 0x9201,
    0x5920, 0x3880, 0x38A0, 0x38A0, 0x2860, 0x3080, 0x30A0, 0x3080,
    0x40A0, 0x6961, 0x6962, 0x8A86, 0xC594, 0xCE18, 0xC5F7, 0xCDF7,
    0xCDF7, 0xCDF7, 0xCE17, 0xCDF7, 0xCDF7, 0xCE17, 0xCDF7, 0xCDF7,
    0xC5F7, 0xCE17, 0xCE17, 0xC5F7, 0xC5F7, 0xCDF7, 0xC5F7, 0xC5F7,
    0xC5F7, 0xCDF7, 0xCDF7, 0xCDF7, 0xCDF7, 0xCDF7, 0xCDF7, 0xCDF7,
    0xCDF7, 0xCDF7, 0xCDF7, 0xC5D6, 0xC595, 0xBD53, 0xBCF2, 0xBCAF,
    0xBC6D, 0xBC2B, 0xBC2A, 0xBC4C, 0xBCAE, 0xC4F0, 0xC532, 0xCD94,
    0xCDB5, 0xCDF6, 0xD617, 0xD617, 0xD617, 0xD617, 0xD617, 0xD617,
    0xD617, 0xD617, 0xD637, 0xD617, 0xD617, 0xD617, 0xD617, 0xD637,
    0x7386, 0x6B85, 0x6363, 0x5321, 0x4B00, 0x42E0, 0x42A0, 0x42A0,
    0x42C0, 0x4AC0, 0x52E1, 0x5302, 0x5B01, 0x5B21, 0x5B20, 0x5B41,
    0x5B42, 0x6363, 0x6B85, 0x7385, 0x7386, 0x7BA6, 0x7BA6, 0x7BA7,
    0x7BA7, 0x7BA7, 0x7387, 0x7B87, 0x83A7, 0x83A8, 0x8BA9, 0x93A9,
    0x93CA, 0x9BEA, 0xA40B, 0xAC2B, 0xAC0B, 0xD571, 0xE614, 0xE634,
    0xE655, 0xF6D7, 0xFF38, 0xFF7A, 0xFF17, 0xFF16, 0xFED3, 0xFEB2,
    0xFE92, 0xFE4F, 0xFE2F, 0xFEF5, 0xFEB3, 0xFD8C, 0xF52A, 0xDCAA,
    0xCC69, 0xCC6A, 0xBC4B, 0xBC4B, 0xB3E9, 0xABC9, 0xABC9, 0xABA8,
    0xA3A8, 0xA388, 0xAB87, 0xABA7, 0xB3C8, 0xB3E8, 0xB3C8, 0xB3C8,
    0xB40A, 0xB46D, 0xBCD0, 0xBD12, 0xC574, 0xC5B6, 0xCDF7, 0xCE18,
    0xCE18, 0xCE18, 0xCE38, 0xCE38, 0xCE18, 0xCE18, 0xCE38, 0xCE18,
    0xCE59, 0xDDB2, 0xE425, 0xE404, 0xE425, 0xEC45, 0xEC45, 0xF465,
    0xF465, 0xF466, 0xF486, 0xEC24, 0xFC86, 0xFC86, 0xF445, 0xF465,
    0xF445, 0xE3E4, 0xDB83, 0xDBE6, 0xD617, 0xCE18, 0xCDF7, 0xCDD7,
    0xBCF1, 0xB48F, 0xC574, 0xBD13, 0xCD95, 0xA3ED, 0x5101, 0x48C0,
    0x5921, 0x6141, 0x6120, 0x58E0, 0x50E0, 0x6941, 0x6941, 0x6161,
    0x50E0, 0x50C0, 0x5900, 0x79A2, 0x79A2, 0x7182, 0x7182, 0x6961,
    0x6120, 0x6140, 0x8A65, 0xB3CB, 0xA348, 0x9AA5, 0xAB8A, 0xC532,
    0xCDB5, 0xCDF7, 0xCE17, 0xCDD7, 0xCDF7, 0xCE18, 0xCE18, 0xCE17,
    0xCE38, 0xDD2E, 0xF445, 0xEC05, 0xE3C3, 0xDB83, 0xE3A3, 0xEC04,
    0xEC04, 0xF424, 0xEC25, 0xE3A3, 0xE3E4, 0xDB83, 0xC323, 0x9A21,
    0x89C0, 0x6940, 0x40A0, 0x3880, 0x40C0, 0x48E0, 0x3080, 0x40C0,
    0x5921, 0x6141, 0x81E3, 0xBC6E, 0xCDF7, 0xCDF7, 0xC5F7, 0xCDF7,
    0xCDF7, 0xCE17, 0xCDF7, 0xCDF7, 0xCE17, 0xCDF7, 0xCDF7, 0xCDF7,
    0xC5F7, 0xCDF7, 0xCDF7, 0xC5F7, 0xC5F7, 0xC5F7, 0xC5F7, 0xC5F7,
    0xC5F7, 0xC5F7, 0xCDF7, 0xCDF7, 0xCE17, 0xCDF7, 0xCDF7, 0xCDF7,
    0xCDF7, 0xCDF7, 0xCDF7, 0xC5D6, 0xC595, 0xBD53, 0xBCF2, 0xBCB0,
    0xBC6E, 0xBC4C, 0xB42B, 0xBC4C, 0xBCAE, 0xC4F0, 0xC532, 0xCD94,
    0xCDB5, 0xCDF6, 0xD617, 0xD617, 0xD617, 0xD617, 0xD617, 0xD617,
    0xD637, 0xD637, 0xD637, 0xD617, 0xD617, 0xD617, 0xD637, 0xD637,
    0x6B66, 0x6B65, 0x5B43, 0x5301, 0x42E0, 0x42A0, 0x3A80, 0x3A80,
    0x3A80, 0x4280, 0x42A0, 0x4AC0, 0x4AC0, 0x4AE0, 0x4B00, 0x5300,
    0x5321, 0x5B43, 0x6364, 0x6B65, 0x6B65, 0x6B85, 0x6B85, 0x7385,
    0x7386, 0x7386, 0x7386, 0x7386, 0x7B87, 0x83A8, 0x8BA9, 0x93CA,
    0x9BCA, 0x9BCA, 0xA42B, 0xDDF3, 0xF718, 0xFF7A, 0xFFDC, 0xFFDC,
    0xFFDC, 0xFFBB, 0xFF9A, 0xFF79, 0xFF79, 0xFF58, 0xFF38, 0xFF17,
    0xFF16, 0xFF16, 0xFEF5, 0xFED4, 0xFEF4, 0xFE92, 0xFDED, 0xFDAB,
    0xFD49, 0xFD08, 0xF509, 0xF54C, 0xD50D, 0xBC2B, 0xABA9, 0xA388,
    0xA388, 0xABA8, 0xABA8, 0xABA8, 0xB3C8, 0xB3E8, 0xB3E8, 0xB3E8,
    0xB40B, 0xB46D, 0xBCB0, 0xBD12, 0xC574, 0xC5B6, 0xCDF7, 0xCE18,
    0xCE18, 0xCE18, 0xCE38, 0xCE38, 0xCE38, 0xCE18, 0xCE38, 0xCE38,
    0xCE38, 0xCE38, 0xED0B, 0xF465, 0xEC65, 0xEC24, 0xDBA3, 0xE3C3,
    0xEC04, 0xEBC3, 0xF444, 0xFD07, 0xFCA6, 0xF424, 0xF425, 0xF445,
    0xF465, 0xEC45, 0xE3E4, 0xDBA4, 0xD572, 0xCE59, 0xCDB5, 0xC554,
    0xC512, 0xA38A, 0xA3AB, 0xBCD1, 0xB46F, 0x9BAC, 0x6A05, 0x3080,
    0x40C0, 0x48C0, 0x48C0, 0x48C0, 0x4080, 0x50E0, 0x6121, 0x5921,
    0x48E0, 0x40A0, 0x40A0, 0x6941, 0x6941, 0x6961, 0x6941, 0x5921,
    0x50E0, 0x6961, 0x8A45, 0x9285, 0x7181, 0x8A65, 0xB46F, 0xBCD1,
    0xCD74, 0xC574, 0xC512, 0xC595, 0xCE17, 0xCE18, 0xCE18, 0xCE18,
    0xCE17, 0xECA9, 0xF445, 0xEC04, 0xEBC3, 0xEBE4, 0xEC24, 0xEC04,
    0xF465, 0xF486, 0xEC04, 0xEC25, 0xE3E4, 0xDBA4, 0xD384, 0xC2E2,
    0xAA41, 0x89A0, 0x7140, 0x48C0, 0x48C0, 0x6121, 0x6961, 0x5121,
    0x5921, 0x71A2, 0xABCB, 0xCDF7, 0xCE17, 0xCE17, 0xCE17, 0xC617,
    0xCDF7, 0xCDF7, 0xCDF7, 0xCDF7, 0xCDF7, 0xCDF7, 0xCDF7, 0xC5F7,
    0xC5F7, 0xCDF7, 0xCDF7, 0xC5F7, 0xC5F7, 0xC5F7, 0xC5F7, 0xCDF7,
    0xCDF7, 0xCDF7, 0xCE17, 0xCE17, 0xCE17, 0xCDF7, 0xCDF7, 0xCDF7,
    0xCDF7, 0xCDF7, 0xCDF7, 0xC5D6, 0xC595, 0xBD54, 0xBCF2, 0xBCB0,
    0xBC6E, 0xBC4C, 0xBC2B, 0xBC4C, 0xBCAE, 0xC4F0, 0xCD32, 0xCD94,
    0xCDB5, 0xCDF6, 0xD617, 0xD617, 0xD617, 0xD617, 0xD617, 0xD617,
    0xD617, 0xD617, 0xD617, 0xD617, 0xD617, 0xD617, 0xD617, 0xD617,
    0x6345, 0x6344, 0x5B23, 0x4AE2, 0x42C0, 0x3A80, 0x3260, 0x3260,
    0x3240, 0x3260, 0x3A80, 0x3A80, 0x3AA0, 0x42C0, 0x42C0, 0x4AE0,
    0x4B00, 0x5321, 0x5B22, 0x5B43, 0x6344, 0x6344, 0x6344, 0x6B64,
    0x6B64, 0x6B65, 0x6B65, 0x7366, 0x7B87, 0x83A8, 0x8BC9, 0x8BC9,
    0x93CA, 0x9C0B, 0xD5F3, 0xFF9B, 0xFFBB, 0xFF79, 0xFF58, 0xFF58,
    0xFF38, 0xFF38, 0xFF79, 0xFF59, 0xFF58, 0xFF58, 0xFF38, 0xFF37,
    0xFF17, 0xFF17, 0xFF16, 0xFEF5, 0xFEF5, 0xFED5, 0xFEB3, 0xFE71,
    0xFE2F, 0xFDCC, 0xFDAA, 0xFDAA, 0xFDEC, 0xFE50, 0xE58F, 0xC48B,
    0xBC4A, 0xA388, 0xAB87, 0xABC8, 0xB3E8, 0xB3E8, 0xB3E8, 0xB3E9,
    0xB42B, 0xB46D, 0xBCD0, 0xBD12, 0xC574, 0xC5B6, 0xCDF7, 0xCE18,
    0xCE18, 0xCE38, 0xCE38, 0xCE38, 0xCE38, 0xCE18, 0xCE18, 0xCE38,
    0xCE18, 0xCE39, 0xE5B0, 0xFCA6, 0xEC65, 0xE3C3, 0xE3C4, 0xE3C4,
    0xEC25, 0xF486, 0xFC85, 0xF465, 0xF424, 0xF445, 0xF424, 0xF424,
    0xF444, 0xF465, 0xEC24, 0xDBA3, 0xD4AD, 0xCE38, 0xCDD6, 0xBCD1,
    0xBD12, 0xB46F, 0x8266, 0x7A04, 0x8AC7, 0x8AC8, 0x7205, 0x3880,
    0x40A0, 0x48A0, 0x3060, 0x3880, 0x40C0, 0x48E0, 0x6121, 0x50E0,
    0x40A0, 0x3060, 0x3060, 0x50E0, 0x5921, 0x6121, 0x5900, 0x5101,
    0x48E0, 0x5920, 0x6961, 0x6941, 0x6161, 0xA349, 0xB42D, 0xB40D,
    0x9B08, 0xA349, 0xBD12, 0xCDF7, 0xC5F7, 0xCE18, 0xCE18, 0xC639,
    0xDDD4, 0xF4A7, 0xEC05, 0xE3C4, 0xEC25, 0xEC24, 0xF486, 0xF424,
    0xFCC6, 0xF465, 0xEC24, 0xE404, 0xDBC3, 0xEC25, 0xD383, 0xBAC2,
    0xBAC1, 0xB260, 0xA220, 0x7160, 0x38A0, 0x38A0, 0x5921, 0x6941,
    0x6962, 0xAC0D, 0xCDF7, 0xCDF7, 0xCDF7, 0xCE17, 0xCE17, 0xCE17,
    0xCE17, 0xCDF7, 0xCDF7, 0xCDF7, 0xCDF7, 0xCDF7, 0xC5F7, 0xC5F7,
    0xC5F7, 0xC5F7, 0xCDF7, 0xC5F7, 0xC5F7, 0xC5F7, 0xCDF7, 0xCDF7,
    0xCDF7, 0xCDF7, 0xCE17, 0xCE17, 0xCE17, 0xCDF7, 0xCDF7, 0xCDF7,
    0xCDF7, 0xCDF7, 0xCDF7, 0xC5D6, 0xC595, 0xBD54, 0xBCF2, 0xBCB0,
    0xBC6E, 0xBC4C, 0xBC2B, 0xBC4C, 0xBCAE, 0xC4F0, 0xCD52, 0xCD94,
    0xCDB5, 0xCDF6, 0xD617, 0xD617, 0xD617, 0xD617, 0xD617, 0xD617,
    0xD617, 0xCDF7, 0xCDF7, 0xCE17, 0xD617, 0xCE17, 0xD617, 0xD617,
    0x5B24, 0x5B04, 0x52E2, 0x4AC1, 0x42A0, 0x3A80, 0x3240, 0x3240,
    0x3220, 0x3240, 0x3240, 0x3260, 0x3A80, 0x3AA0, 0x42A0, 0x42C0,
    0x42E0, 0x4AE0, 0x5301, 0x5302, 0x5302, 0x5B23, 0x5B23, 0x5B23,
    0x6343, 0x6344, 0x6344, 0x6B66, 0x7B87, 0x83A8, 0x83A8, 0x8BC9,
    0x93CA, 0xCD71, 0xFFBB, 0xFF9B, 0xFF59, 0xFF38, 0xFF58, 0xFF59,
    0xFF59, 0xFF59, 0xFF59, 0xFF59, 0xFF58, 0xFF58, 0xFF38, 0xFF17,
    0xFF17, 0xFF17, 0xFF17, 0xFF17, 0xFED5, 0xFED4, 0xFED4, 0xFEB4,
    0xFE92, 0xFEB3, 0xFE91, 0xFE91, 0xFE2D, 0xFE90, 0xFF13, 0xFEF4,
    0xFE92, 0xD50D, 0xB3E9, 0xABC8, 0xB3C8, 0xB3E8, 0xB3E8, 0xB3E9,
    0xB42B, 0xBC6D, 0xBCD0, 0xBD33, 0xC574, 0xC5B6, 0xC5F7, 0xCE18,
    0xCE38, 0xCE38, 0xCE38, 0xCE18, 0xCE18, 0xCE18, 0xCE38, 0xCE38,
    0xCE38, 0xCE39, 0xE614, 0xFCA6, 0xEC04, 0xE3A3, 0xE3A3, 0xF486,
    0xF4A6, 0xF485, 0xF465, 0xF444, 0xE3C3, 0xE3C3, 0xEBE4, 0xF465,
    0xF445, 0xF485, 0xEC45, 0xDBC4, 0xD3E6, 0xCDB5, 0xC554, 0xBCF2,
    0xAC0D, 0xBCF2, 0xAC0D, 0x7A04, 0x50C0, 0x5942, 0x5962, 0x40C0,
    0x3880, 0x3880, 0x2860, 0x3080, 0x40A0, 0x40A0, 0x5900, 0x50E0,
    0x40A0, 0x2840, 0x3080, 0x40A0, 0x50E0, 0x5900, 0x6961, 0x6121,
    0x48C0, 0x48C0, 0x40C0, 0x40A0, 0x71E3, 0x9B49, 0x9B28, 0x79E2,
    0x8203, 0xBCB0, 0xCE18, 0xCDF7, 0xCE18, 0xCE18, 0xCE18, 0xCE39,
    0xE52E, 0xFCA7, 0xEC05, 0xEBC3, 0xEC04, 0xF424, 0xF465, 0xFC85,
    0xF444, 0xEC03, 0xEC45, 0xEC65, 0xEC25, 0xDBC4, 0xD383, 0xCB43,
    0xBAC2, 0xB2A1, 0xA240, 0x7160, 0x3880, 0x3880, 0x50E0, 0x8286,
    0xBD33, 0xCDF7, 0xCE17, 0xCDF7, 0xCE17, 0xCE17, 0xCE17, 0xCE17,
    0xCE17, 0xCDF7, 0xCDF7, 0xCDF7, 0xCDF7, 0xCDF7, 0xCDF7, 0xC5F7,
    0xC5F7, 0xC5F7, 0xC5F7, 0xC5F7, 0xC5F7, 0xC5F7, 0xCDF7, 0xCDF7,
    0xCE17, 0xCDF7, 0xCE18, 0xCE17, 0xCE17, 0xCDF7, 0xCDF7, 0xCDF7,
    0xCDF7, 0xCDF7, 0xCDF7, 0xC5D6, 0xC595, 0xBD54, 0xBD12, 0xBCB0,
    0xBC6E, 0xBC4C, 0xBC2B, 0xBC4C, 0xBCAE, 0xC4F0, 0xCD52, 0xCD94,
    0xCDB5, 0xCDF6, 0xD617, 0xD617, 0xD617, 0xD617, 0xD5F7, 0xCDF7,
    0xCDF7, 0xCDF7, 0xCDF7, 0xCDF7, 0xCDF7, 0xCDF7, 0xCE17, 0xCE17,
    0x5B03, 0x52E3, 0x4AC2, 0x42A1, 0x3A80, 0x3A60, 0x3240, 0x2A20,
    0x2A20, 0x2A20, 0x2A20, 0x3240, 0x3260, 0x3A80, 0x3A80, 0x3AA0,
    0x3AA0, 0x42C0, 0x4AE0, 0x4AE0, 0x4AC0, 0x4AE1, 0x52E1, 0x52E2,
    0x5302, 0x5B23, 0x6344, 0x7366, 0x7B87, 0x7BA8, 0x83A8, 0x8BEA,
    0xA44C, 0xEED7, 0xFF9A, 0xFF38, 0xFF38, 0xFF17, 0xFED5, 0xFEF6,
    0xFF38, 0xFF38, 0xFF17, 0xFEF6, 0xFEB5, 0xFEB5, 0xFED6, 0xFED6,
    0xFED6, 0xFED5, 0xFED5, 0xFED5, 0xFEF6, 0xFF17, 0xFEF6, 0xFEF6,
    0xFEF6, 0xFED5, 0xFEB4, 0xFE91, 0xFE70, 0xFE70, 0xFE90, 0xFEB2,
    0xFED2, 0xFE0D, 0xFD2A, 0xDCA9, 0xC44A, 0xB409, 0xB3E8, 0xB3E9,
    0xB42B, 0xBC6E, 0xBCD0, 0xBD33, 0xC574, 0xC5B6, 0xCDF7, 0xCE18,
    0xCE38, 0xCE38, 0xCE18, 0xCE18, 0xCE18, 0xCE18, 0xCE38, 0xCE38,
    0xCE38, 0xCE38, 0xD638, 0xF56C, 0xEC24, 0xEBE4, 0xF466, 0xF486,
    0xF4A6, 0xF4A6, 0xF465, 0xEC03, 0xE382, 0xDB62, 0xEBE4, 0xF445,
    0xFC85, 0xF485, 0xE3E4, 0xDBE4, 0xC302, 0xC4AF, 0xBD54, 0xBCF1,
    0x9B49, 0x8A86, 0x7A25, 0x71C4, 0x48E0, 0x3880, 0x48C0, 0x48E0,
    0x40A0, 0x2860, 0x2040, 0x40A0, 0x48C0, 0x40A0, 0x48C0, 0x40C0,
    0x40C0, 0x2840, 0x2840, 0x3080, 0x50E0, 0x5921, 0x6961, 0x50E0,
    0x3060, 0x3880, 0x2840, 0x48C0, 0x71C3, 0x7204, 0x6960, 0x7181,
    0xA3AB, 0xC574, 0xCDF7, 0xCE17, 0xCDD6, 0xCDF6, 0xCE18, 0xCE17,
    0xF50A, 0xF4A6, 0xEC24, 0xE3C3, 0xE3A2, 0xF404, 0xF424, 0xEC04,
    0xEBA2, 0xF4A5, 0xFCA6, 0xFCC7, 0xE404, 0xEC25, 0xDBA4, 0xCB43,
    0xBAA1, 0xAA81, 0x9A00, 0x91C0, 0x5900, 0x71E4, 0xA40D, 0xC574,
    0xCE38, 0xCE18, 0xCE17, 0xCE17, 0xCE17, 0xCE17, 0xCE17, 0xCE17,
    0xCE17, 0xCDF7, 0xCDF7, 0xCDF7, 0xCDF7, 0xCDF7, 0xCDF7, 0xC5F7,
    0xC5F7, 0xC5F7, 0xC5F7, 0xC5F7, 0xCDF7, 0xC5F7, 0xCDF7, 0xCDF7,
    0xCDF7, 0xCE17, 0xCE17, 0xCE17, 0xCE17, 0xCDF7, 0xCDF7, 0xCDF7,
    0xCDF7, 0xCDF7, 0xCDF7, 0xC5D6, 0xC595, 0xBD54, 0xBCF2, 0xBCB0,
    0xBC6E, 0xBC4C, 0xBC2B, 0xBC4C, 0xBCAE, 0xC4F0, 0xC552, 0xCD94,
    0xCDB5, 0xCDF6, 0xD617, 0xD617, 0xD617, 0xD617, 0xCE17, 0xCDF7,
    0xCDF7, 0xCDF7, 0xCDF7, 0xCDF7, 0xCDF7, 0xCDF7, 0xCDF7, 0xCDF7,
    0x4AC2, 0x4AC2, 0x4AA1, 0x42A1, 0x3A80, 0x3260, 0x3240, 0x2A20,
    0x2A20, 0x2A20, 0x2A20, 0x2A40, 0x2A40, 0x3260, 0x3280, 0x3A80,
    0x3A80, 0x3A80, 0x3AA0, 0x3AA0, 0x3A80, 0x42A0, 0x42A0, 0x4AC0,
    0x52E1, 0x5B03, 0x6344, 0x7366, 0x7B87, 0x7BA8, 0x83A8, 0x8BC9,
    0xC550, 0xFF9B, 0xFF38, 0xFED5, 0xFE94, 0xFE94, 0xFEB4, 0xFED5,
    0xFEB5, 0xFEB5, 0xFEB5, 0xF653, 0xEDF0, 0xF653, 0xF653, 0xF653,
    0xFE73, 0xFE94, 0xFE95, 0xFEB5, 0xFED6, 0xFEB5, 0xFEB5, 0xFEB5,
    0xFED5, 0xFEB4, 0xFE73, 0xFE92, 0xFE6F, 0xFE2E, 0xFE4F, 0xFE70,
    0xFE6F, 0xFCA6, 0xEBC3, 0xF404, 0xF467, 0xD468, 0xB409, 0xABE9,
    0xB42B, 0xBC6E, 0xBCD0, 0xBD33, 0xC574, 0xC5B6, 0xC5F7, 0xCE18,
    0xCE18, 0xCE18, 0xCE18, 0xCE18, 0xCE18, 0xCE18, 0xCE18, 0xCE38,
    0xCE38, 0xCE38, 0xCE59, 0xEDD0, 0xFC85, 0xE404, 0xF445, 0xF486,
    0xF485, 0xF465, 0xF445, 0xF424, 0xDB41, 0xE3A3, 0xEC24, 0xEC44,
    0xF485, 0xF465, 0xE3E4, 0xDBC4, 0xBAC1, 0xBBA9, 0xCDF8, 0xBD53,
    0xAC6F, 0x8286, 0x48C0, 0x40A0, 0x40C0, 0x38A0, 0x3880, 0x48C0,
    0x50E0, 0x3880, 0x2860, 0x3080, 0x3060, 0x40A0, 0x40C0, 0x48C0,
    0x48A0, 0x3080, 0x1000, 0x40A0, 0x5901, 0x50E1, 0x6141, 0x38A0,
    0x2020, 0x3060, 0x2860, 0x5100, 0x5920, 0x48C0, 0x5900, 0x8AA6,
    0xB46F, 0xC4F1, 0xC594, 0xC574, 0xC5B6, 0xCE17, 0xC618, 0xDDB3,
    0xF4A7, 0xEC04, 0xEC04, 0xEC04, 0xF424, 0xF424, 0xEBE3, 0xF424,
    0xFCA5, 0xFCE6, 0xFCC7, 0xEC24, 0xF465, 0xEC45, 0xE3E5, 0xCB22,
    0xB2A1, 0xA220, 0xBA80, 0x9AE5, 0xA42F, 0xC574, 0xCDF7, 0xCE38,
    0xCE17, 0xCE18, 0xCE18, 0xCE17, 0xCE17, 0xCE17, 0xCE17, 0xCE17,
    0xCE17, 0xCE17, 0xCE17, 0xCDF7, 0xCDF7, 0xC5F7, 0xC5F7, 0xC5F7,
    0xC5F7, 0xC5F7, 0xCDF7, 0xCDF7, 0xCDF7, 0xCDF7, 0xCDF7, 0xCE17,
    0xCE17, 0xCE17, 0xCE17, 0xCE17, 0xCE17, 0xCE17, 0xCDF7, 0xCDF7,
    0xCDF7, 0xCDF7, 0xCDF7, 0xC5D6, 0xC595, 0xBD54, 0xBD12, 0xBCB0,
    0xBC8E, 0xBC4C, 0xBC2B, 0xBC4C, 0xBCAE, 0xC4F0, 0xC552, 0xCD94,
    0xCDD5, 0xCDF6, 0xD617, 0xD617, 0xD617, 0xD617, 0xCDF7, 0xCDF7,
    0xCDD6, 0xCDD6, 0xCDD6, 0xCDD6, 0xCDD6, 0xCDF7, 0xCDF7, 0xCDF7,
    0x4281, 0x42A1, 0x4281, 0x3A80, 0x3A80, 0x3A60, 0x3240, 0x3240,
    0x2A20, 0x2A20, 0x2A20, 0x2A20, 0x2A40, 0x3240, 0x3240, 0x3260,
    0x3260, 0x3260, 0x3260, 0x3260, 0x3260, 0x3A60, 0x3A80, 0x42A0,
    0x4AC1, 0x5B03, 0x6324, 0x6B46, 0x7366, 0x7BA7, 0x83C8, 0x7B88,
    0xC5B2, 0xFFBB, 0xFE94, 0xFE73, 0xFEB5, 0xFF18, 0xFED6, 0xF673,
    0xF632, 0xF694, 0xF653, 0xEDD0, 0xEDF1, 0xEE12, 0xF633, 0xF695,
    0xF653, 0xF632, 0xF632, 0xF632, 0xF632, 0xF652, 0xF653, 0xF632,
    0xFE73, 0xFE94, 0xFE73, 0xFE73, 0xFE51, 0xFE2E, 0xFE0D, 0xFE2E,
    0xFE6F, 0xFDAB, 0xDB62, 0xCAE2, 0xDB63, 0xEBC4, 0xE447, 0xCC6A,
    0xBC4C, 0xBC8E, 0xBCD0, 0xBD33, 0xC574, 0xC5B6, 0xC5F7, 0xCE18,
    0xCE18, 0xCE18, 0xCE18, 0xCE18, 0xCE18, 0xCE18, 0xCE18, 0xCE38,
    0xCE38, 0xCE38, 0xC639, 0xDDF4, 0xEC45, 0xEC25, 0xF466, 0xF485,
    0xF465, 0xF465, 0xF465, 0xF444, 0xEBE3, 0xF424, 0xF485, 0xF485,
    0xF465, 0xEC03, 0xDB82, 0xD342, 0xCB43, 0xB325, 0xCD74, 0xC5B6,
    0xB4B0, 0x8AE8, 0x5983, 0x3880, 0x3880, 0x3080, 0x2840, 0x3880,
    0x3880, 0x3880, 0x3080, 0x2860, 0x2040, 0x2840, 0x40A0, 0x48C0,
    0x48C0, 0x3080, 0x1820, 0x50E0, 0x5921, 0x6121, 0x5901, 0x2860,
    0x1820, 0x2860, 0x40A0, 0x5921, 0x48E0, 0x38A0, 0x6141, 0x8AA6,
    0xA349, 0xABCB, 0xB42D, 0xC553, 0xCDD6, 0xC5F7, 0xCE17, 0xECEA,
    0xEBE3, 0xEBC3, 0xF444, 0xF444, 0xEC04, 0xE3A2, 0xF424, 0xFCC6,
    0xFCE6, 0xFD28, 0xEC25, 0xEC24, 0xF4A6, 0xF486, 0xEC46, 0xCB22,
    0xB281, 0xB260, 0xCC4A, 0xCDF8, 0xCE38, 0xCE18, 0xCE17, 0xCE17,
    0xCE18, 0xCE18, 0xCE18, 0xCE17, 0xCE17, 0xCE17, 0xCE17, 0xCE17,
    0xCE17, 0xCE17, 0xCDF7, 0xCDF7, 0xCDF7, 0xC5F7, 0xC5F7, 0xCDF7,
    0xCDF7, 0xC5F7, 0xCDF7, 0xCDF7, 0xCDF7, 0xCDF7, 0xCE17, 0xCE17,
    0xCE17, 0xCE17, 0xCE17, 0xCE17, 0xCE17, 0xCE17, 0xCDF7, 0xCDF7,
    0xCDF7, 0xCDF7, 0xCDF7, 0xC5D6, 0xC595, 0xBD54, 0xBD12, 0xBCB0,
    0xBC8E, 0xBC4C, 0xBC2B, 0xBC6C, 0xC4AE, 0xC510, 0xCD52, 0xCD94,
    0xCDD5, 0xD5F6, 0xD617, 0xD637, 0xD617, 0xCE17, 0xCDF7, 0xCDF6,
    0xCDD6, 0xC5D6, 0xC5D6, 0xCDD6, 0xCDD6, 0xCDD6, 0xCDD6, 0xCDD6,
    0x3A60, 0x3A60, 0x3A60, 0x3A80, 0x3A80, 0x3A60, 0x3260, 0x3260,
    0x3240, 0x2A40, 0x2A20, 0x2A20, 0x2A20, 0x2A40, 0x3220, 0x3220,
    0x2A20, 0x2A20, 0x2A20, 0x2A20, 0x3220, 0x3240, 0x3A60, 0x4280,
    0x4AC1, 0x52E3, 0x5B04, 0x6325, 0x6B46, 0x7387, 0x7BA8, 0x83A8,
    0xD614, 0xFF7A, 0xF673, 0xFED5, 0xFF17, 0xF694, 0xF694, 0xEDF0,
    0xEE32, 0xEE32, 0xE5AF, 0xEDD1, 0xEE53, 0xEE12, 0xEE12, 0xEDD0,
    0xE5B0, 0xEE12, 0xEE12, 0xEDD0, 0xE5B0, 0xEDF1, 0xEDF1, 0xEE11,
    0xF632, 0xF673, 0xF653, 0xFE53, 0xF632, 0xFE73, 0xFE30, 0xFE0D,
    0xFE2E, 0xFE0C, 0xF485, 0xDB83, 0xDB63, 0xD302, 0xDB02, 0xEC46,
    0xEDCF, 0xC4EF, 0xB4B0, 0xC533, 0xC574, 0xC5B6, 0xC5F7, 0xCE18,
    0xCE18, 0xCE18, 0xCE18, 0xCE38, 0xCE38, 0xCE38, 0xCE38, 0xCE38,
    0xCE38, 0xCE38, 0xC638, 0xD616, 0xF4C7, 0xFCE7, 0xF4A6, 0xF485,
    0xF485, 0xF465, 0xF444, 0xEC04, 0xEC45, 0xF4A6, 0xF486, 0xF445,
    0xF445, 0xEBE4, 0xDB82, 0xC302, 0xC302, 0xA240, 0xB3EC, 0xB4B1,
    0x9B8B, 0x7A66, 0x5921, 0x40C0, 0x3880, 0x2860, 0x2040, 0x2860,
    0x3080, 0x3080, 0x3880, 0x3060, 0x2040, 0x2040, 0x40A0, 0x5101,
    0x38A0, 0x2040, 0x2860, 0x6121, 0x5101, 0x5900, 0x48C0, 0x1020,
    0x1020, 0x1820, 0x2860, 0x40A0, 0x40A0, 0x5100, 0x5941, 0x71A1,
    0x9285, 0xA36A, 0xB42E, 0xBC8F, 0xC533, 0xC5F7, 0xDDB2, 0xE404,
    0xE3C4, 0xE3A3, 0xEBC3, 0xEBE3, 0xEBC3, 0xF424, 0xFCC6, 0xFCE6,
    0xFD48, 0xF486, 0xEC04, 0xF4C7, 0xF4A6, 0xF4C7, 0xE3E4, 0xCB23,
    0xC2C1, 0xD3A4, 0xCDD5, 0xCE38, 0xCDF7, 0xCDF7, 0xCE18, 0xCE18,
    0xCE18, 0xCE18, 0xCE17, 0xCE17, 0xCE17, 0xCE17, 0xCE17, 0xCE17,
    0xCE17, 0xCE17, 0xCE17, 0xCE17, 0xCDF7, 0xCDF7, 0xCDF7, 0xCDF7,
    0xC5F7, 0xCDF7, 0xCDF7, 0xCDF7, 0xCDF7, 0xCDF7, 0xCE17, 0xCE17,
    0xCE17, 0xCE17, 0xCDF7, 0xCDF7, 0xCE17, 0xCE17, 0xCE17, 0xCDF7,
    0xCDF7, 0xCDF7, 0xCDF7, 0xC5D7, 0xC595, 0xBD54, 0xBD12, 0xBCD0,
    0xBC8E, 0xBC4C, 0xBC2B, 0xBC6C, 0xC4AE, 0xC510, 0xCD52, 0xCD94,
    0xCDD5, 0xD5F7, 0xD637, 0xD638, 0xD617, 0xCE17, 0xCDF7, 0xCDF7,
    0xC5D6, 0xC5B6, 0xC5B6, 0xC5B6, 0xC5B6, 0xC5B6, 0xC5B6, 0xC5B6,
    0x3220, 0x3240, 0x3240, 0x3260, 0x3A60, 0x3A60, 0x3A60, 0x3260,
    0x3260, 0x3240, 0x3240, 0x2A40, 0x2A20, 0x2A20, 0x2A20, 0x2A00,
    0x2A00, 0x29E0, 0x29E0, 0x29E0, 0x2A00, 0x3220, 0x3240, 0x3A80,
    0x42A0, 0x52C2, 0x52E3, 0x5AE4, 0x6325, 0x6B66, 0x7366, 0x83C9,
    0xEEB7, 0xFF37, 0xFEB5, 0xFEF6, 0xF631, 0xF611, 0xEDD0, 0xDD2D,
    0xE5D1, 0xDD2D, 0xDD2D, 0xE5B0, 0xE5B0, 0xE56E, 0xE5B0, 0xDD4E,
    0xE58F, 0xE56E, 0xE56F, 0xE58F, 0xE5B0, 0xEE33, 0xF674, 0xF695,
    0xF694, 0xF632, 0xF632, 0xF632, 0xF652, 0xF632, 0xF5F0, 0xF58C,
    0xFDAB, 0xFDEC, 0xFD08, 0xE362, 0xDB22, 0xCAC1, 0xCAE2, 0xE3A3,
    0xFD8A, 0xEDEF, 0xBCF0, 0xBD12, 0xC574, 0xC5B6, 0xC5F7, 0xCE18,
    0xCE18, 0xCE18, 0xCE18, 0xCE18, 0xCE38, 0xCE38, 0xCE38, 0xCE38,
    0xCE38, 0xCE38, 0xC638, 0xCE17, 0xF56B, 0xFD49, 0xF465, 0xF445,
    0xF445, 0xEBE3, 0xF465, 0xF486, 0xF485, 0xF485, 0xEC03, 0xE3A2,
    0xE3E3, 0xE3C3, 0xE3A3, 0xD363, 0xCB43, 0xB281, 0x9222, 0x9329,
    0x61A3, 0x61A3, 0x48C0, 0x3880, 0x3060, 0x3060, 0x1820, 0x1840,
    0x3060, 0x40A0, 0x48C0, 0x40A0, 0x3060, 0x2040, 0x2840, 0x3880,
    0x3080, 0x48E1, 0x40A0, 0x5921, 0x40A0, 0x50C0, 0x3880, 0x2020,
    0x1020, 0x1000, 0x2040, 0x3080, 0x48E0, 0x40C0, 0x50E0, 0x6960,
    0x8A65, 0x92C6, 0x92E8, 0xAC0D, 0xC554, 0xCDF7, 0xDC68, 0xDBA3,
    0xDB62, 0xDB82, 0xE3A3, 0xEC04, 0xFCA6, 0xFCA6, 0xF4A6, 0xFD28,
    0xFCE7, 0xF465, 0xFD28, 0xF4C7, 0xF4E8, 0xE404, 0xE405, 0xCB02,
    0xD321, 0xD4CD, 0xCE39, 0xCE17, 0xCE17, 0xCE18, 0xCE18, 0xCE17,
    0xCE17, 0xCE18, 0xCE17, 0xCE17, 0xCE17, 0xCE17, 0xCE17, 0xCE17,
    0xCE17, 0xCE17, 0xCDF7, 0xCDF7, 0xCDF7, 0xCDF7, 0xCDF7, 0xCDF7,
    0xCDF7, 0xCDF7, 0xCDF7, 0xCDF7, 0xCE17, 0xCDF7, 0xCE17, 0xCE17,
    0xCE17, 0xCE17, 0xCE17, 0xCE17, 0xCE17, 0xCE17, 0xCE17, 0xCDF7,
    0xCDF7, 0xCDF7, 0xCDF7, 0xCDD6, 0xC5B5, 0xBD54, 0xBD12, 0xBCD0,
    0xBC8E, 0xBC4C, 0xBC4B, 0xBC6C, 0xC4AE, 0xC510, 0xC552, 0xCD94,
    0xCDD5, 0xD5F7, 0xD638, 0xD638, 0xCE17, 0xCDF7, 0xCDF7, 0xCDD6,
    0xC5D6, 0xC5B6, 0xC5B6, 0xC5B6, 0xC5B6, 0xC5B6, 0xC5B6, 0xC5B6,
    0x3220, 0x3200, 0x3220, 0x3240, 0x3240, 0x3260, 0x3A60, 0x3280,
    0x3260, 0x3260, 0x3240, 0x2A40, 0x2A20, 0x2A00, 0x2A00, 0x21E0,
    0x21C0, 0x21C0, 0x21C0, 0x21E0, 0x29E0, 0x2A00, 0x3240, 0x3A60,
    0x3A80, 0x4AA1, 0x4AC2, 0x52C3, 0x5AE4, 0x6325, 0x6B46, 0x6B06,
    0xD614, 0xFF17, 0xF6D6, 0xF6B5, 0xF653, 0xEE32, 0xEDD1, 0xE5B0,
    0xDD2D, 0xCC6A, 0xCC8B, 0xD4EC, 0xD4EC, 0xD4EC, 0xDD2D, 0xDCEC,
    0xDD0D, 0xDD0C, 0xE58F, 0xE5B0, 0xEDF2, 0xEE12, 0xF653, 0xF653,
    0xEDF1, 0xEDD0, 0xEE12, 0xF5F1, 0xF611, 0xF653, 0xF611, 0xEDAF,
    0xF56C, 0xFDED, 0xFDCC, 0xEC04, 0xDB22, 0xCAC1, 0xCAA1, 0xDB62,
    0xF485, 0xFD89, 0xF5AD, 0xCD72, 0xBD74, 0xC5B5, 0xCDF7, 0xCE18,
    0xCE18, 0xCE18, 0xCE18, 0xCE18, 0xCE38, 0xCE18, 0xCE38, 0xCE18,
    0xCE18, 0xCE18, 0xCE18, 0xC618, 0xEDCF, 0xFD07, 0xE3E3, 0xEBE3,
    0xF445, 0xFCE8, 0xFD07, 0xFCC6, 0xF443, 0xEBE3, 0xEC03, 0xF423,
    0xEBE3, 0xE3A3, 0xE3A2, 0xDBA3, 0xCB43, 0xBAE2, 0x89A0, 0x71E4,
    0x5162, 0x40A0, 0x3880, 0x3060, 0x2040, 0x2860, 0x2840, 0x38A0,
    0x5101, 0x48C0, 0x40A0, 0x2860, 0x2040, 0x3080, 0x3060, 0x3060,
    0x2860, 0x5101, 0x48C0, 0x5101, 0x40C0, 0x48E0, 0x48C0, 0x2040,
    0x0800, 0x0800, 0x2860, 0x48C0, 0x40C0, 0x40C0, 0x50E0, 0x50E0,
    0x5920, 0x7181, 0x9285, 0xB46F, 0xC5B6, 0xCCAD, 0xD362, 0xD342,
    0xD342, 0xDB82, 0xDB82, 0xEC24, 0xF485, 0xFCC6, 0xFD07, 0xF486,
    0xEC24, 0xFCC7, 0xFCE7, 0xFD08, 0xEC25, 0xDBA3, 0xE3C4, 0xC2A0,
    0xDBE5, 0xCE17, 0xCE38, 0xCE18, 0xCE18, 0xCE17, 0xCE17, 0xCE17,
    0xCE17, 0xCE17, 0xCE17, 0xCE17, 0xCE17, 0xC617, 0xC617, 0xCE17,
    0xCE17, 0xCDF7, 0xCDF7, 0xCDF7, 0xCDF7, 0xCDF7, 0xCDF7, 0xCDF7,
    0xCDF7, 0xCE17, 0xCE17, 0xCE17, 0xCE17, 0xCE17, 0xCE17, 0xCE17,
    0xCE18, 0xCE17, 0xCE17, 0xCE17, 0xCE17, 0xCE17, 0xCE17, 0xCE17,
    0xCDF7, 0xCDF7, 0xCDF7, 0xCDD7, 0xC5B5, 0xBD54, 0xBD12, 0xBCD0,
    0xBC8E, 0xBC4C, 0xBC2B, 0xBC6C, 0xC4CE, 0xC511, 0xCD52, 0xCD94,
    0xCDD6, 0xD617, 0xD638, 0xD618, 0xCE17, 0xCDF7, 0xCDF7, 0xCDD6,
    0xC5D6, 0xC5B6, 0xC595, 0xC5B5, 0xC5B5, 0xC5B5, 0xC5B6, 0xC5B5,
    0x3220, 0x3200, 0x3200, 0x3200, 0x3220, 0x3240, 0x3A60, 0x3A80,
    0x3280, 0x3260, 0x3240, 0x3220, 0x2A00, 0x2A00, 0x21E0, 0x21C0,
    0x19A0, 0x19A0, 0x21A0, 0x21C0, 0x29E0, 0x2A00, 0x3220, 0x3240,
    0x3A60, 0x4280, 0x42A0, 0x4AA2, 0x52C3, 0x5B04, 0x6305, 0x7327,
    0xD5F4, 0xFF38, 0xF674, 0xF6B5, 0xF633, 0xF653, 0xEE32, 0xE5D0,
    0xDD2D, 0xD4AC, 0xCC8B, 0xC409, 0xC429, 0xC42A, 0xC429, 0xD4CD,
    0xD4AC, 0xD4ED, 0xD50D, 0xDD2E, 0xDD4E, 0xDD6F, 0xE5D1, 0xE5B0,
    0xEDD1, 0xEDF1, 0xEE12, 0xF632, 0xF674, 0xF633, 0xF611, 0xF611,
    0xF611, 0xF5EF, 0xFDCD, 0xEC65, 0xDB62, 0xE3C3, 0xE3A3, 0xE3E4,
    0xF465, 0xFCA5, 0xFD27, 0xFDAC, 0xD5B2, 0xC5D7, 0xCDF7, 0xCE18,
    0xCE18, 0xCE18, 0xCE18, 0xCE18, 0xCE18, 0xCE18, 0xCE18, 0xCE18,
    0xCE18, 0xCE18, 0xCE18, 0xC639, 0xE612, 0xFD07, 0xE3E3, 0xE3C3,
    0xEC24, 0xFCE7, 0xFD07, 0xFCC6, 0xF424, 0xE3A2, 0xEC03, 0xF424,
    0xF465, 0xE382, 0xDBA3, 0xDBC4, 0xC322, 0xA241, 0x81A0, 0x7A04,
    0x6A46, 0x40C0, 0x3060, 0x2040, 0x1000, 0x2860, 0x2840, 0x2860,
    0x3880, 0x2840, 0x2040, 0x2040, 0x1820, 0x3880, 0x2040, 0x2860,
    0x2040, 0x2860, 0x40C0, 0x48E1, 0x5921, 0x5101, 0x3880, 0x1000,
    0x2040, 0x2040, 0x4901, 0x48E0, 0x40A0, 0x38A0, 0x40C0, 0x40C0,
    0x48C0, 0x7A66, 0xB490, 0xC5B6, 0xCD94, 0xBB23, 0xC301, 0xCB42,
    0xD362, 0xDB62, 0xE3C3, 0xEC04, 0xF485, 0xFCC6, 0xFCC7, 0xEC24,
    0xF486, 0xFD69, 0xFD8A, 0xFD28, 0xEC86, 0xE3E4, 0xDB83, 0xDB62,
    0xDD2F, 0xCE39, 0xCE17, 0xCE18, 0xCE18, 0xCE17, 0xCE17, 0xCE17,
    0xCE17, 0xCE17, 0xCE17, 0xCE17, 0xCDF7, 0xCE17, 0xCE17, 0xCE17,
    0xCE17, 0xCDF7, 0xCDF7, 0xCDF7, 0xCDF7, 0xCDF7, 0xCDF7, 0xCDF7,
    0xCE17, 0xCE17, 0xCE18, 0xCE17, 0xCE17, 0xCE18, 0xCE17, 0xCE17,
    0xCE17, 0xCE18, 0xCE17, 0xCE17, 0xCE17, 0xCE17, 0xCE17, 0xCE17,
    0xCDF7, 0xCDF7, 0xCDF7, 0xCDD7, 0xC5B6, 0xBD54, 0xBD12, 0xBCD0,
    0xBC8E, 0xBC4C, 0xBC2B, 0xBC6C, 0xC4CE, 0xC511, 0xCD53, 0xCD94,
    0xCDD6, 0xD617, 0xD638, 0xD618, 0xCE17, 0xCDF7, 0xCDF7, 0xCDD7,
    0xC5D6, 0xC5B6, 0xC5B5, 0xC5B5, 0xC5B6, 0xC5B6, 0xC5B6, 0xC5B6,
    0x3A20, 0x3200, 0x2A00, 0x29E0, 0x2A00, 0x3220, 0x3260, 0x3A80,
    0x3280, 0x3260, 0x3240, 0x2A20, 0x2A00, 0x21E0, 0x21C0, 0x21A0,
    0x1980, 0x1980, 0x21A0, 0x21C0, 0x29E0, 0x2A00, 0x3220, 0x3220,
    0x3240, 0x3A60, 0x4280, 0x4AA2, 0x52C3, 0x5AE4, 0x5AE5, 0x8BC9,
    0xFF19, 0xFF17, 0xEE32, 0xF674, 0xF653, 0xEE32, 0xEE32, 0xE5D0,
    0xDD2D, 0xD50D, 0xD4ED, 0xCC4A, 0xC3E9, 0xBB88, 0xBB88, 0xBBA9,
    0xBB88, 0xC3E9, 0xC40A, 0xD4AC, 0xD4CD, 0xDD0E, 0xDD0D, 0xE54F,
    0xE58F, 0xE56F, 0xE56F, 0xE5B0, 0xF632, 0xEDF2, 0xF632, 0xEDD0,
    0xEDAF, 0xF631, 0xF610, 0xECEA, 0xEC25, 0xFCE6, 0xF4C5, 0xFCC6,
    0xFCA5, 0xF464, 0xF485, 0xFCE6, 0xFD29, 0xDDB2, 0xCE18, 0xCE18,
    0xCE18, 0xCE18, 0xCE18, 0xCE18, 0xCE18, 0xCE18, 0xCE18, 0xCE18,
    0xC618, 0xCE18, 0xCE18, 0xC619, 0xDE36, 0xFD49, 0xF465, 0xE3E3,
    0xEC24, 0xF424, 0xFC85, 0xF464, 0xFC85, 0xF424, 0xF465, 0xF444,
    0xF465, 0xE3A2, 0xE3A3, 0xDBA3, 0xC302, 0x9A20, 0x89C0, 0x81C1,
    0x82E9, 0x5163, 0x3060, 0x1820, 0x0800, 0x0800, 0x2040, 0x3060,
    0x2040, 0x1020, 0x0800, 0x1820, 0x1000, 0x2840, 0x2040, 0x1840,
    0x1820, 0x2860, 0x38A0, 0x48C0, 0x5900, 0x48E0, 0x3080, 0x38A0,
    0x2040, 0x3880, 0x5921, 0x1820, 0x2040, 0x2040, 0x3880, 0x40C0,
    0x69E4, 0x9BED, 0xBD95, 0xCE59, 0xB3C9, 0xAA40, 0xBB02, 0xC2E1,
    0xD341, 0xE3E3, 0xEBE4, 0xEC04, 0xF485, 0xFCA6, 0xFD07, 0xF4E7,
    0xFD28, 0xFD28, 0xFCE7, 0xF486, 0xF465, 0xEC04, 0xDB83, 0xE447,
    0xCDF6, 0xC618, 0xCE18, 0xCE18, 0xCE17, 0xCE17, 0xCE17, 0xCE17,
    0xCE17, 0xCE17, 0xCE17, 0xCE17, 0xCE17, 0xCE17, 0xCE17, 0xC617,
    0xCDF7, 0xCE17, 0xCE17, 0xCDF7, 0xCDF7, 0xCDF7, 0xCDF7, 0xCE17,
    0xCE17, 0xCE17, 0xCE18, 0xCE18, 0xCE18, 0xCE18, 0xCE18, 0xCE18,
    0xCE18, 0xCE18, 0xCE17, 0xCE17, 0xCE18, 0xCE17, 0xCE17, 0xCE17,
    0xCDF7, 0xCDF7, 0xCDF7, 0xCDD6, 0xC5B5, 0xBD54, 0xBD12, 0xBCD0,
    0xBC8E, 0xBC4C, 0xBC4B, 0xBC6C, 0xC4CF, 0xC511, 0xCD53, 0xCDB4,
    0xCDD6, 0xD617, 0xD638, 0xD618, 0xCE18, 0xCDF7, 0xCDF7, 0xCDD7,
    0xC5D6, 0xC5B6, 0xC5B5, 0xC5B5, 0xC5B6, 0xC5B6, 0xC5B6, 0xC5B6,
    0x4262, 0x3A20, 0x3200, 0x29E0, 0x29E0, 0x2A00, 0x3240, 0x3260,
    0x3260, 0x3240, 0x3220, 0x2A00, 0x29E0, 0x21C0, 0x21A0, 0x1980,
    0x1980, 0x1980, 0x21A0, 0x21E0, 0x2A00, 0x2A00, 0x2A20, 0x3220,
    0x3240, 0x3A60, 0x4281, 0x4AA3, 0x5AE4, 0x6305, 0x6306, 0x7B88,
    0xD5D3, 0xFF38, 0xF674, 0xEE11, 0xF673, 0xEE32, 0xEE12, 0xE5AF,
    0xE56E, 0xE56F, 0xDD0D, 0xD4AC, 0xCC2A, 0xCC2A, 0xC3C9, 0xBB88,
    0xBB47, 0xBB47, 0xBB68, 0xC368, 0xC3A9, 0xCC0A, 0xC3C9, 0xD48C,
    0xD48B, 0xD4ED, 0xDD4F, 0xEDF1, 0xEDF1, 0xF633, 0xF653, 0xF653,
    0xF674, 0xFE73, 0xFE74, 0xFE73, 0xF58C, 0xFD27, 0xFD07, 0xFCE6,
    0xF485, 0xF464, 0xEC23, 0xF444, 0xF465, 0xF445, 0xDD70, 0xCE39,
    0xCE18, 0xCE18, 0xCE18, 0xCE18, 0xCE38, 0xCE18, 0xCE18, 0xCE18,
    0xCE18, 0xCE18, 0xCE18, 0xC618, 0xD637, 0xFD8B, 0xF4A6, 0xF465,
    0xF445, 0xF444, 0xF424, 0xF465, 0xFCC6, 0xFCC6, 0xFCA6, 0xF485,
    0xEC03, 0xF444, 0xF465, 0xE404, 0xBAC1, 0xA240, 0x9A00, 0x7960,
    0x5121, 0x38E1, 0x2040, 0x1020, 0x0800, 0x0800, 0x1000, 0x1820,
    0x2040, 0x1820, 0x1000, 0x1000, 0x0800, 0x1820, 0x1820, 0x0800,
    0x2040, 0x2040, 0x3880, 0x3060, 0x40A0, 0x50E0, 0x40C0, 0x38A0,
    0x3060, 0x48E0, 0x2860, 0x2040, 0x1820, 0x2040, 0x3080, 0x48E0,
    0x82A7, 0x9BED, 0xB513, 0xBCF1, 0xA220, 0xA220, 0xBAE1, 0xCB22,
    0xDBA2, 0xDB61, 0xDB82, 0xE3E3, 0xF424, 0xFC85, 0xFCA6, 0xFD08,
    0xFD49, 0xFD28, 0xFD08, 0xF4C7, 0xF465, 0xE3E4, 0xE3E4, 0xDD2E,
    0xC639, 0xCE17, 0xCE18, 0xCE17, 0xCE17, 0xCE17, 0xCE17, 0xCE17,
    0xCE17, 0xCE17, 0xCE17, 0xCE17, 0xCE17, 0xCE17, 0xCE17, 0xCE17,
    0xCE17, 0xCE17, 0xCE17, 0xCE17, 0xCE17, 0xCDF7, 0xCDF7, 0xCE17,
    0xCE17, 0xCE18, 0xCE18, 0xCE18, 0xCE18, 0xCE18, 0xCE18, 0xCE18,
    0xCE18, 0xCE18, 0xCE18, 0xCE17, 0xCE17, 0xCE17, 0xCE17, 0xCE17,
    0xCDF7, 0xCDF7, 0xCDF7, 0xCDD6, 0xC5B5, 0xBD54, 0xBD12, 0xBCD0,
    0xBC8E, 0xBC4C, 0xBC4B, 0xBC6C, 0xC4CF, 0xC511, 0xCD73, 0xCDB5,
    0xCDD6, 0xD617, 0xD637, 0xD638, 0xCE17, 0xCE17, 0xCDF7, 0xCDD7,
    0xC5D6, 0xC5B6, 0xC5B5, 0xC5B5, 0xC5B6, 0xC5B6, 0xC5B6, 0xC5B6,
    0x4A83, 0x4242, 0x3220, 0x29E0, 0x29C0, 0x29E0, 0x3220, 0x3240,
    0x3240, 0x3220, 0x2A00, 0x29E0, 0x21C0, 0x21A0, 0x1980, 0x1980,
    0x1960, 0x1980, 0x21C0, 0x2A00, 0x2A00, 0x2A00, 0x2A00, 0x3220,
    0x3A40, 0x4281, 0x4AA3, 0x52C4, 0x5AE5, 0x6326, 0x6B47, 0x6B27,
    0xAC8E, 0xFF59, 0xF6B4, 0xEE53, 0xF653, 0xEE32, 0xEE11, 0xE5B0,
    0xE58F, 0xE56F, 0xD4AC, 0xD4AC, 0xD48C, 0xCC4A, 0xCC0A, 0xC3E9,
    0xC3A9, 0xC368, 0xBB27, 0xBB27, 0xBB27, 0xBB27, 0xBB27, 0xB2E6,
    0xBB47, 0xCC0A, 0xD4AC, 0xE54E, 0xEDD0, 0xEE11, 0xEE12, 0xF653,
    0xF694, 0xFE94, 0xFE94, 0xF631, 0xF5AE, 0xF529, 0xFCC5, 0xF4C6,
    0xF485, 0xF444, 0xEBE3, 0xE382, 0xE3A2, 0xEBC3, 0xE3C2, 0xDD2F,
    0xCE59, 0xCE18, 0xCE18, 0xCE18, 0xCE18, 0xCE18, 0xCE18, 0xC618,
    0xCE18, 0xCE18, 0xCE18, 0xC618, 0xCE17, 0xF54B, 0xF4C7, 0xF4A6,
    0xF465, 0xF4A6, 0xF465, 0xF444, 0xFCE6, 0xFCC6, 0xFCE6, 0xFCC6,
    0xF464, 0xF464, 0xF465, 0xEC24, 0xDB83, 0xCB43, 0xB2A1, 0x81A0,
    0x48A0, 0x2040, 0x1000, 0x0800, 0x1020, 0x1840, 0x1820, 0x0800,
    0x0800, 0x1820, 0x2020, 0x1000, 0x0800, 0x0800, 0x1020, 0x1820,
    0x2040, 0x2020, 0x2840, 0x1020, 0x1840, 0x3080, 0x48C0, 0x40A0,
    0x3080, 0x1820, 0x0800, 0x1040, 0x2880, 0x2840, 0x2840, 0x5121,
    0x7225, 0x9BED, 0xB532, 0x8A42, 0xA220, 0xBAE1, 0xD342, 0xDB62,
    0xD321, 0xD300, 0xE3E4, 0xEC25, 0xEC44, 0xEC44, 0xFCC6, 0xFD28,
    0xFD08, 0xF4C6, 0xF4C6, 0xEC25, 0xEC46, 0xE3C3, 0xEC46, 0xD5F5,
    0xC638, 0xCE18, 0xCE18, 0xCE17, 0xCE17, 0xCE17, 0xCE17, 0xCE17,
    0xCE17, 0xCE17, 0xCE17, 0xCE17, 0xCE18, 0xCE17, 0xCE17, 0xCE17,
    0xCE17, 0xCE17, 0xCE17, 0xCE17, 0xCE17, 0xCDF7, 0xCE17, 0xCE17,
    0xCE18, 0xCE18, 0xCE18, 0xCE18, 0xCE18, 0xCE18, 0xCE18, 0xCE18,
    0xCE18, 0xCE18, 0xCE18, 0xCE17, 0xCE18, 0xCE18, 0xCE18, 0xCE17,
    0xCE17, 0xCDF7, 0xCDF7, 0xCDD7, 0xC5B5, 0xBD54, 0xBD12, 0xBCD0,
    0xBC8E, 0xBC4C, 0xBC4B, 0xBC6C, 0xC4CF, 0xC511, 0xCD73, 0xCDB5,
    0xCDD6, 0xD617, 0xD638, 0xD638, 0xD618, 0xCDF7, 0xCDF7, 0xCDD7,
    0xC5D6, 0xC5B6, 0xC5B5, 0xC5B6, 0xC5B6, 0xC5B6, 0xC5B6, 0xC5B6,
    0x4A63, 0x4242, 0x3A21, 0x3200, 0x29E0, 0x29C0, 0x29E0, 0x3220,
    0x3220, 0x2A00, 0x29E0, 0x21C0, 0x21A0, 0x1980, 0x1960, 0x1960,
    0x1960, 0x1980, 0x21C0, 0x29E0, 0x29E0, 0x2A00, 0x3200, 0x3240,
    0x3A61, 0x4282, 0x52A3, 0x5AE5, 0x6306, 0x6B47, 0x7368, 0x7348,
    0x940C, 0xFF18, 0xFEB5, 0xF694, 0xF673, 0xEDF1, 0xEDF1, 0xEDD0,
    0xE56E, 0xDD4E, 0xDCED, 0xD4AC, 0xDCAC, 0xD46B, 0xCC2B, 0xCC0A,
    0xCBEA, 0xC3A9, 0xBB48, 0xBB07, 0xBB07, 0xBAE7, 0xB2C6, 0xB2A6,
    0xB285, 0xB2C6, 0xC348, 0xCC4B, 0xDD2E, 0xE590, 0xEDF1, 0xEE11,
    0xEE12, 0xF632, 0xF653, 0xF611, 0xF632, 0xFDEE, 0xFD07, 0xF464,
    0xE3C2, 0xE382, 0xE381, 0xDB41, 0xD300, 0xDB62, 0xDB82, 0xE361,
    0xDD2F, 0xCE59, 0xCE18, 0xCE18, 0xCE38, 0xCE38, 0xCE18, 0xCE18,
    0xCE18, 0xCE18, 0xCE38, 0xCE18, 0xCE18, 0xECEA, 0xFCC7, 0xF4A6,
    0xF486, 0xFD07, 0xF4A6, 0xF4C6, 0xF4C6, 0xFD07, 0xFD07, 0xFCE6,
    0xFCA5, 0xF444, 0xEC03, 0xE3C3, 0xDB82, 0xD342, 0xBAC1, 0xA240,
    0x81C0, 0x71A1, 0x9242, 0x8A01, 0x8A01, 0x7980, 0x50C0, 0x2860,
    0x1820, 0x1020, 0x1820, 0x1000, 0x0000, 0x0000, 0x1020, 0x1020,
    0x1820, 0x1000, 0x1820, 0x0800, 0x0800, 0x1820, 0x38A0, 0x3080,
    0x0800, 0x1020, 0x1020, 0x0000, 0x1840, 0x2840, 0x1820, 0x2860,
    0x59A4, 0xACF2, 0x7A86, 0x7980, 0xA240, 0xC2E1, 0xD341, 0xD342,
    0xCB01, 0xDB62, 0xEC45, 0xF465, 0xF465, 0xF4A6, 0xFCE7, 0xFD28,
    0xFD07, 0xF4E7, 0xF4C6, 0xF486, 0xEC46, 0xE3E3, 0xE50C, 0xCE39,
    0xC617, 0xCE18, 0xC617, 0xC617, 0xC617, 0xCE17, 0xCE17, 0xCE17,
    0xCE17, 0xCE18, 0xCE17, 0xCE17, 0xCE18, 0xCE17, 0xCE17, 0xCE17,
    0xCE17, 0xCDF7, 0xCE17, 0xCE17, 0xCE17, 0xCE17, 0xCE17, 0xCE18,
    0xCE18, 0xCE18, 0xCE18, 0xCE18, 0xCE17, 0xCE18, 0xCE18, 0xCE18,
    0xCE18, 0xCE17, 0xCE18, 0xCE18, 0xCE17, 0xCE18, 0xCE18, 0xCE18,
    0xCE17, 0xCDF7, 0xCDF7, 0xCDD7, 0xC5B5, 0xC574, 0xBD12, 0xBCD0,
    0xBC8E, 0xBC4C, 0xBC4B, 0xBC8C, 0xC4CF, 0xC531, 0xCD73, 0xCDB4,
    0xCDD6, 0xD617, 0xD638, 0xD638, 0xCE18, 0xCE17, 0xCDF7, 0xCDD7,
    0xC5D6, 0xC5B6, 0xC5B6, 0xC5B6, 0xC5B6, 0xC5B6, 0xC5B6, 0xC5B6,
    0x5284, 0x4243, 0x3A22, 0x3A01, 0x3201, 0x29E0, 0x3201, 0x3A21,
    0x3A42, 0x3A22, 0x3222, 0x3202, 0x31E1, 0x29C1, 0x21A1, 0x2181,
    0x2181, 0x21A0, 0x29E0, 0x29E0, 0x29E0, 0x29E0, 0x3220, 0x3A40,
    0x4262, 0x4A83, 0x52C4, 0x62E6, 0x6B27, 0x7348, 0x7B69, 0x7B69,
    0x9C4D, 0xFF18, 0xFEB5, 0xF611, 0xF673, 0xEE32, 0xEE32, 0xEDD0,
    0xE58F, 0xE5B0, 0xDD0D, 0xDCED, 0xE50E, 0xDC8C, 0xD48C, 0xD44C,
    0xD42B, 0xCBEA, 0xCBA9, 0xC348, 0xBAE7, 0xBAE7, 0xB2C6, 0xB2A6,
    0xB2A6, 0xB2A6, 0xB265, 0xB2C6, 0xC389, 0xD4AC, 0xE590, 0xEDF2,
    0xF633, 0xF653, 0xF653, 0xF632, 0xF652, 0xFDEF, 0xFD48, 0xF485,
    0xE3A2, 0xDB21, 0xD2E0, 0xD2E0, 0xD301, 0xD2E0, 0xD321, 0xD341,
    0xDB62, 0xDD51, 0xCE59, 0xCE18, 0xCE18, 0xCE38, 0xCE38, 0xCE18,
    0xCE38, 0xCE18, 0xCE38, 0xCE38, 0xCE17, 0xED0A, 0xFCA6, 0xF4C6,
    0xFD48, 0xFCE6, 0xFCC6, 0xFD68, 0xFD06, 0xFCE6, 0xFCE6, 0xFCC5,
    0xF485, 0xEC03, 0xE3A2, 0xDB82, 0xE3C4, 0xE426, 0xDBE5, 0xDBA4,
    0xDBA4, 0xDB84, 0xCB02, 0xBAC2, 0xAA61, 0x91E0, 0x7140, 0x50C0,
    0x3860, 0x2840, 0x1800, 0x1820, 0x0800, 0x0000, 0x0800, 0x1020,
    0x1000, 0x0800, 0x1020, 0x1020, 0x0000, 0x2040, 0x3080, 0x1020,
    0x0000, 0x0000, 0x0000, 0x0000, 0x0800, 0x1020, 0x0800, 0x1820,
    0x93AC, 0x82E8, 0x58C0, 0x91E0, 0xAA80, 0xCB01, 0xD361, 0xDB62,
    0xE382, 0xEC03, 0xF444, 0xF485, 0xFD07, 0xFD27, 0xFD28, 0xFCE7,
    0xFD07, 0xFD69, 0xF4A6, 0xF4C7, 0xDBC4, 0xEC66, 0xDDD4, 0xC638,
    0xCE17, 0xCE17, 0xC617, 0xC617, 0xC617, 0xCE17, 0xCE17, 0xCE17,
    0xCE17, 0xCE18, 0xCE17, 0xCE18, 0xCE18, 0xCE18, 0xCE17, 0xCE18,
    0xCE18, 0xCE17, 0xCE18, 0xCE17, 0xCE17, 0xCE17, 0xCE17, 0xCE17,
    0xCE18, 0xCE18, 0xCE18, 0xCE17, 0xCE18, 0xCE18, 0xCE18, 0xCE18,
    0xCE18, 0xCE18, 0xCE18, 0xCE18, 0xCE18, 0xCE18, 0xCE18, 0xCE18,
    0xCE17, 0xCDF7, 0xCDF7, 0xCDD6, 0xC5B5, 0xC574, 0xBD32, 0xBCF0,
    0xBC8E, 0xBC6C, 0xBC4C, 0xBC8D, 0xC4CF, 0xC531, 0xCD73, 0xCDB5,
    0xCDD6, 0xD617, 0xD638, 0xD638, 0xCE18, 0xCE17, 0xCDF7, 0xCDD7,
    0xC5D6, 0xC5B6, 0xC5B6, 0xC5B6, 0xC5B6, 0xC5B6, 0xC5B6, 0xC5B6,
    0x5285, 0x4A64, 0x4A64, 0x4A64, 0x4A65, 0x4A85, 0x4AA6, 0x52C7,
    0x5AE7, 0x5AE8, 0x5AE8, 0x5AE8, 0x5AC8, 0x52A7, 0x4A87, 0x4A87,
    0x4A86, 0x4A86, 0x4A85, 0x4A65, 0x4264, 0x3A63, 0x4263, 0x4263,
    0x4A83, 0x5284, 0x5AC5, 0x6307, 0x6B28, 0x7B49, 0x7B8A, 0x838A,
    0x8BCB, 0xE676, 0xFF17, 0xEDF0, 0xF632, 0xF653, 0xEE11, 0xF632,
    0xEDF1, 0xE58F, 0xE58F, 0xE52E, 0xE4ED, 0xE4EE, 0xDC8C, 0xD46C,
    0xD42B, 0xD3EA, 0xD3EA, 0xCB89, 0xBB07, 0xBAE7, 0xBAE7, 0xB2A6,
    0xB2A6, 0xB2A6, 0xB265, 0xAA45, 0xAA24, 0xB307, 0xDCEE, 0xEDF2,
    0xF633, 0xF633, 0xF673, 0xFE94, 0xF652, 0xF5CF, 0xF549, 0xF444,
    0xDB62, 0xD301, 0xD2C0, 0xCAA0, 0xCAC0, 0xD321, 0xCAC0, 0xD301,
    0xD300, 0xDB62, 0xDD92, 0xCE59, 0xCE18, 0xCE18, 0xCE38, 0xCE38,
    0xCE38, 0xCE38, 0xCE38, 0xC638, 0xCE17, 0xEC87, 0xF485, 0xFD48,
    0xFD48, 0xFCC5, 0xFD49, 0xFD48, 0xFD27, 0xFD07, 0xF4A6, 0xFCC6,
    0xFCE6, 0xF486, 0xF549, 0xFD8A, 0xFD8A, 0xF4C8, 0xEBE5, 0xDB63,
    0xCAE2, 0xC2A1, 0xBA81, 0xBA61, 0xBA81, 0xA200, 0x8180, 0x8980,
    0x89C0, 0x89C1, 0x81A1, 0x6940, 0x5900, 0x50E0, 0x3060, 0x1820,
    0x0800, 0x1000, 0x1020, 0x1000, 0x1820, 0x3080, 0x1800, 0x1820,
    0x2040, 0x40C0, 0x40A0, 0x3880, 0x3080, 0x2040, 0x0800, 0x62A9,
    0x834B, 0x50A0, 0x89A0, 0xAA40, 0xC301, 0xD362, 0xDB82, 0xE382,
    0xEC03, 0xF464, 0xF444, 0xFCA5, 0xFCC6, 0xFCE6, 0xFCC6, 0xFCC6,
    0xFD28, 0xEC45, 0xEC04, 0xEC66, 0xD342, 0xECCA, 0xCE38, 0xC618,
    0xCE18, 0xC617, 0xCDF7, 0xC617, 0xC617, 0xC617, 0xCE18, 0xCE18,
    0xCE18, 0xCE17, 0xCE17, 0xCE18, 0xCE18, 0xCE18, 0xCE18, 0xCE18,
    0xCE18, 0xCE18, 0xCE18, 0xCE17, 0xCE17, 0xCE17, 0xCE17, 0xCE18,
    0xCE17, 0xCE18, 0xCE18, 0xCE18, 0xCE18, 0xCE18, 0xCE18, 0xCE18,
    0xCE18, 0xCE18, 0xCE18, 0xCE18, 0xCE18, 0xCE18, 0xCE18, 0xCE18,
    0xCE17, 0xCDF7, 0xCDF7, 0xCDF7, 0xC5B6, 0xC574, 0xBD33, 0xBCF1,
    0xBC8E, 0xBC6C, 0xBC4C, 0xBC8D, 0xC4CF, 0xC531, 0xCD73, 0xCDB5,
    0xCDD6, 0xD617, 0xD638, 0xD638, 0xD618, 0xCE17, 0xCDF7, 0xCDD7,
    0xC5D6, 0xC5B6, 0xC5B6, 0xC5B6, 0xC5B6, 0xC5B6, 0xC5B6, 0xC5B6,
    0x62C7, 0x62C7, 0x62E7, 0x62E8, 0x6309, 0x6B2A, 0x6B4A, 0x736B,
    0x738B, 0x7B8C, 0x7BAC, 0x7BAC, 0x7B8C, 0x738C, 0x736C, 0x734B,
    0x6B4B, 0x6B4B, 0x6B2A, 0x6B2A, 0x6309, 0x5AE8, 0x5AC7, 0x5AC6,
    0x5AA6, 0x5AC5, 0x62C6, 0x6B07, 0x7328, 0x7B49, 0x838A, 0x83AA,
    0x838A, 0xBD31, 0xFF59, 0xEE11, 0xEDD0, 0xF632, 0xF652, 0xF652,
    0xEDD0, 0xED8F, 0xE56F, 0xDCED, 0xDCED, 0xDCAC, 0xDC8C, 0xDCAD,
    0xDC4C, 0xDC4C, 0xD3EB, 0xCB89, 0xCB89, 0xC308, 0xBAE7, 0xBAE7,
    0xB2A7, 0xB2A6, 0xB286, 0xAA45, 0xAA45, 0xA225, 0xAAC6, 0xD46C,
    0xEE12, 0xF674, 0xF694, 0xF673, 0xF5F1, 0xEDAF, 0xF54B, 0xEC65,
    0xE382, 0xD321, 0xCAC0, 0xD2E0, 0xCAC0, 0xCAE0, 0xD301, 0xCAE0,
    0xD300, 0xD320, 0xDB62, 0xD5B3, 0xCE59, 0xCE18, 0xCE38, 0xCE38,
    0xCE38, 0xCE38, 0xCE38, 0xCE39, 0xD616, 0xEC45, 0xF4C7, 0xFD69,
    0xFCC6, 0xFD07, 0xFD89, 0xFD89, 0xFDA9, 0xFDAA, 0xFD69, 0xFDAA,
    0xFDEB, 0xFE2D, 0xFDCB, 0xFD08, 0xEC05, 0xDB84, 0xD323, 0xCB03,
    0xCB02, 0xD302, 0xC2C2, 0xC2A1, 0xBA61, 0xAA20, 0xBAE2, 0xCB63,
    0xEC46, 0xDBC4, 0xBAA1, 0x9A01, 0x91E0, 0x91C0, 0x81A0, 0x48E0,
    0x3060, 0x3060, 0x2860, 0x3080, 0x6140, 0x81C1, 0x6140, 0x6100,
    0x7960, 0x89C0, 0x99E0, 0x9A00, 0x9A21, 0xA242, 0x9A62, 0xB3A9,
    0x7A23, 0x7160, 0xA240, 0xC2E1, 0xD362, 0xDBA3, 0xE3C3, 0xEBE3,
    0xF444, 0xF464, 0xFC85, 0xFCA5, 0xFCC5, 0xFD27, 0xFD68, 0xFD48,
    0xFD07, 0xF4A7, 0xF508, 0xEC66, 0xDB82, 0xE54E, 0xC639, 0xCE17,
    0xC618, 0xC617, 0xCE17, 0xC617, 0xCE17, 0xCE17, 0xCE17, 0xCE17,
    0xCE18, 0xCE18, 0xCE18, 0xCE18, 0xCE18, 0xCE18, 0xCE18, 0xCE18,
    0xCE18, 0xCE18, 0xCE18, 0xCE18, 0xCE17, 0xCE18, 0xCE18, 0xCE18,
    0xCE18, 0xCE18, 0xCE18, 0xCE18, 0xCE18, 0xCE18, 0xCE18, 0xCE18,
    0xCE18, 0xCE18, 0xCE18, 0xCE18, 0xCE18, 0xCE18, 0xCE18, 0xCE18,
    0xCE17, 0xCDF7, 0xCDF7, 0xCDF7, 0xC5B6, 0xC574, 0xBD33, 0xBCF1,
    0xBCAF, 0xBC6D, 0xBC6C, 0xBC8D, 0xC4EF, 0xC531, 0xCD73, 0xCDB5,
    0xCDD6, 0xD617, 0xD638, 0xD638, 0xD638, 0xCE17, 0xCDF7, 0xCDF7,
    0xC5D7, 0xC5B6, 0xC5B6, 0xC5B6, 0xC5B6, 0xC5B6, 0xC5B7, 0xC5B7,
    0x6B09, 0x7329, 0x734A, 0x7B6B, 0x7BAC, 0x83CD, 0x8BEE, 0x8C0E,
    0x8C2F, 0x942F, 0x944F, 0x9450, 0x9450, 0x9450, 0x942F, 0x8C2F,
    0x8C0E, 0x83EE, 0x83EE, 0x83CD, 0x7BAC, 0x736B, 0x734A, 0x6B29,
    0x6B08, 0x6B07, 0x6B08, 0x7308, 0x7B29, 0x7B6A, 0x838A, 0x83AB,
    0x838B, 0xBD10, 0xFF59, 0xF673, 0xE5AE, 0xEDF0, 0xEE32, 0xEDF1,
    0xED8E, 0xE54D, 0xE54E, 0xE590, 0xE50E, 0xDCCD, 0xE4EE, 0xDC8D,
    0xDC6C, 0xDC2C, 0xD3CA, 0xD3CB, 0xD3AA, 0xCB69, 0xC328, 0xBAE8,
    0xB2A6, 0xB286, 0xB265, 0xAA65, 0xAA45, 0xA225, 0xAA65, 0xBB48,
    0xDD0E, 0xEE33, 0xF653, 0xF632, 0xEDD0, 0xEDAF, 0xF5AF, 0xF52A,
    0xEC03, 0xDB41, 0xC2A0, 0xC2A0, 0xC280, 0xBA60, 0xCAE0, 0xD300,
    0xDB20, 0xDB41, 0xDB20, 0xDBE6, 0xD637, 0xCE39, 0xCE38, 0xCE38,
    0xCE38, 0xCE38, 0xCE38, 0xCE59, 0xDDD4, 0xEC25, 0xF4C7, 0xFD28,
    0xFD49, 0xFDCA, 0xFD89, 0xFD29, 0xF4C7, 0xEC25, 0xF508, 0xFE2D,
    0xFDEB, 0xEC66, 0xDB63, 0xE3A4, 0xE3A4, 0xDB64, 0xDB63, 0xDB63,
    0xE383, 0xDB63, 0xCB02, 0xC2C2, 0xCAC2, 0xDBC5, 0xFD08, 0xFD48,
    0xFCE7, 0xE3E4, 0xC2E2, 0xAA61, 0xAA41, 0xAA40, 0xA220, 0x89C0,
    0x7160, 0x81A0, 0x89C0, 0x91E0, 0xAA41, 0xBAC2, 0xC323, 0xC323,
    0xBAE2, 0xAA82, 0xAA61, 0xB282, 0xAA62, 0xAA41, 0xCAE2, 0xDB84,
    0xE406, 0xE426, 0xD3E5, 0xD383, 0xD321, 0xD362, 0xE3E3, 0xF444,
    0xF444, 0xF464, 0xFCC6, 0xFCC5, 0xFD07, 0xFD48, 0xFD89, 0xFD89,
    0xFDAA, 0xFD48, 0xF486, 0xE425, 0xEC25, 0xD5D4, 0xC639, 0xCE17,
    0xCE18, 0xCE17, 0xCE17, 0xCE17, 0xCE18, 0xCE17, 0xCE18, 0xCE18,
    0xCE18, 0xCE18, 0xCE18, 0xCE18, 0xCE18, 0xCE18, 0xCE18, 0xCE18,
    0xCE18, 0xCE18, 0xCE18, 0xCE18, 0xCE18, 0xCE18, 0xCE17, 0xCE17,
    0xCE17, 0xCE18, 0xCE18, 0xCE18, 0xCE18, 0xCE18, 0xCE38, 0xD659,
    0xCE39, 0xCE39, 0xCE38, 0xCE38, 0xCE18, 0xCE18, 0xCE18, 0xC618,
    0xCE18, 0xC5F7, 0xC5F7, 0xC5F7, 0xCDD6, 0xC594, 0xC553, 0xC511,
    0xBCAF, 0xBC6D, 0xBC6C, 0xC4AD, 0xC4EF, 0xC531, 0xCD93, 0xCDB5,
    0xCDD6, 0xD617, 0xD638, 0xD638, 0xD638, 0xCE17, 0xCDF7, 0xCDF7,
    0xC5D6, 0xC5B6, 0xC5B6, 0xC5B6, 0xC5B6, 0xC5B7, 0xC5B7, 0xC5B7,
    0x7B6B, 0x838C, 0x8BCD, 0x940E, 0x9C2F, 0x9C70, 0xA491, 0xA4B1,
    0xA4D2, 0xACD2, 0xACF2, 0xACF2, 0xACF2, 0xACF2, 0xACF2, 0xACD2,
    0xA4B1, 0xA491, 0x9C70, 0x9C4F, 0x942E, 0x8BED, 0x83CC, 0x838B,
    0x7B4A, 0x7349, 0x7329, 0x7B29, 0x7B49, 0x836A, 0x838A, 0x8BAB,
    0x8B8B, 0xAC6E, 0xF6B7, 0xFED5, 0xEDAE, 0xE5AF, 0xEE11, 0xEDF0,
    0xEDD0, 0xED8F, 0xEDB0, 0xE54E, 0xDCCD, 0xE4CD, 0xE4CD, 0xE48D,
    0xE48D, 0xDC2C, 0xDC2C, 0xD3EB, 0xCB8A, 0xCB8A, 0xCB49, 0xC308,
    0xBAC7, 0xB286, 0xB265, 0xAA45, 0xAA45, 0xAA45, 0xAA45, 0xAA45,
    0xBB48, 0xE570, 0xEDF2, 0xEDD0, 0xEE11, 0xF653, 0xF611, 0xF5AE,
    0xEC44, 0xDB41, 0xD342, 0xDB62, 0xC280, 0xB220, 0xC2A0, 0xCAC0,
    0xDB20, 0xD300, 0xDB41, 0xE3A2, 0xECA9, 0xD617, 0xCE39, 0xCE38,
    0xCE38, 0xCE38, 0xCE18, 0xCE59, 0xD592, 0xF4A7, 0xFD8A, 0xFD89,
    0xFD4A, 0xEC66, 0xE3C3, 0xE3A4, 0xE3A3, 0xEC66, 0xFE4E, 0xFE2C,
    0xF486, 0xD303, 0xDB64, 0xE3C5, 0xDB84, 0xDB64, 0xDB63, 0xE384,
    0xDB43, 0xCAE2, 0xCB02, 0xD364, 0xF4A7, 0xFD8A, 0xFD49, 0xFD28,
    0xF465, 0xDB63, 0xD302, 0xC2C2, 0xC2C2, 0xC2A1, 0xB261, 0xAA41,
    0x9A01, 0xAA21, 0xBA61, 0xC2A2, 0xCB03, 0xD323, 0xD343, 0xE405,
    0xF4C7, 0xF4E8, 0xDBE5, 0xC2C2, 0xB261, 0xAA41, 0xBA81, 0xC2A2,
    0xCAC2, 0xDB64, 0xF487, 0xFD09, 0xEC66, 0xE3E4, 0xEC03, 0xF444,
    0xF464, 0xFCC6, 0xFD07, 0xFCE7, 0xFD27, 0xFD07, 0xFD28, 0xFD48,
    0xF4A5, 0xEC44, 0xF4A6, 0xF486, 0xECCA, 0xCE17, 0xC618, 0xC617,
    0xC617, 0xC617, 0xC617, 0xCE17, 0xCE18, 0xCE18, 0xCE18, 0xCE17,
    0xCE18, 0xCE18, 0xCE17, 0xCE18, 0xCE18, 0xCE18, 0xCE18, 0xCE18,
    0xCE18, 0xCE18, 0xCE18, 0xCE18, 0xCE18, 0xCE18, 0xC639, 0xCE39,
    0xCE38, 0xD638, 0xDE78, 0xE6B8, 0xE6B8, 0xEED7, 0xF695, 0xFE52,
    0xF5F0, 0xF5D0, 0xF5D0, 0xF5F1, 0xEE95, 0xF6B7, 0xEE97, 0xE677,
    0xDE56, 0xD637, 0xCDF7, 0xCE17, 0xCDF6, 0xBD53, 0xBD32, 0xBCF1,
    0xBCD0, 0xBC8D, 0xBC8D, 0xC4AE, 0xC4F0, 0xCD32, 0xCD94, 0xCDB5,
    0xCDF6, 0xD617, 0xD638, 0xD638, 0xD638, 0xCE17, 0xCDF7, 0xCDF7,
    0xC5D7, 0xC5B6, 0xC5B6, 0xC5B6, 0xC5B6, 0xC5B7, 0xC5B7, 0xBDB7,
    0x8BAC, 0x93ED, 0x9C2F, 0xA470, 0xACB1, 0xACD2, 0xB513, 0xB533,
    0xBD34, 0xBD54, 0xBD54, 0xBD74, 0xBD75, 0xBD75, 0xBD74, 0xB554,
    0xB533, 0xB513, 0xACF2, 0xACD1, 0xA490, 0x9C4F, 0x940E, 0x8BED,
    0x838B, 0x836A, 0x7B4A, 0x834A, 0x836A, 0x8B8A, 0x8B8B, 0x8B8B,
    0x8B8B, 0x8B8B, 0xAC4E, 0xF6B6, 0xFE94, 0xF653, 0xF673, 0xF632,
    0xEDF0, 0xEDAF, 0xED6E, 0xED8F, 0xE56F, 0xE4CC, 0xE4CD, 0xE4CE,
    0xE48D, 0xE46D, 0xDC4D, 0xDBEB, 0xDC0C, 0xCB8A, 0xCB8A, 0xC328,
    0xBAC7, 0xB286, 0xB266, 0xB266, 0xB266, 0xAA45, 0xAA25, 0xAA25,
    0xAA65, 0xBB69, 0xDD0E, 0xEDF1, 0xF674, 0xF673, 0xF5F0, 0xF58D,
    0xECE8, 0xE3E2, 0xE3A2, 0xDB62, 0xC2A0, 0xC280, 0xCAA0, 0xC2A0,
    0xCAE0, 0xCAE0, 0xD300, 0xE3A2, 0xEBE2, 0xECC9, 0xD5F6, 0xCE59,
    0xCE38, 0xCE38, 0xCE38, 0xCE38, 0xED8F, 0xFD4A, 0xF4E9, 0xEC25,
    0xE3A4, 0xE384, 0xE3C5, 0xE3C4, 0xEC46, 0xFDEC, 0xFE2C, 0xFCE7,
    0xE3A4, 0xDB64, 0xDB84, 0xDB64, 0xDB64, 0xDB84, 0xDB84, 0xDB43,
    0xCAC2, 0xC281, 0xC2A1, 0xF4C8, 0xFDA9, 0xFD89, 0xFD28, 0xF445,
    0xE383, 0xD322, 0xDB43, 0xDB63, 0xDB43, 0xD323, 0xD323, 0xC2E2,
    0xB261, 0xBAA2, 0xCB02, 0xDB23, 0xD323, 0xD323, 0xD303, 0xDB63,
    0xEC25, 0xFD28, 0xF4E8, 0xDBC5, 0xD364, 0xCB03, 0xD303, 0xCAE2,
    0xC2A2, 0xC2A2, 0xD2E2, 0xE3A4, 0xFCC7, 0xFD28, 0xF486, 0xF465,
    0xFCC7, 0xFD27, 0xFD48, 0xFD07, 0xFD07, 0xFCC6, 0xFCE7, 0xFD89,
    0xF486, 0xEC65, 0xEC46, 0xEC04, 0xED0C, 0xCE18, 0xC618, 0xC617,
    0xC617, 0xC617, 0xC617, 0xC617, 0xCE18, 0xCE18, 0xCE18, 0xCE18,
    0xCE18, 0xCE18, 0xCE18, 0xCE18, 0xCE18, 0xCE18, 0xCE38, 0xCE38,
    0xCE18, 0xCE18, 0xCE18, 0xCE18, 0xCE39, 0xD638, 0xDDD4, 0xE570,
    0xF58D, 0xFE92, 0xFF36, 0xFF36, 0xFF35, 0xFED2, 0xFE0C, 0xFDAA,
    0xFE0C, 0xFE4F, 0xFEB1, 0xFEF4, 0xFF57, 0xFF58, 0xFF57, 0xFF36,
    0xFF37, 0xFF38, 0xFF39, 0xFF5A, 0xEEF9, 0xE698, 0xDE15, 0xD5D4,
    0xD572, 0xBCAE, 0xBC8D, 0xC4CE, 0xC510, 0xCD52, 0xCD94, 0xCDD5,
    0xD5F6, 0xD617, 0xD638, 0xD638, 0xD638, 0xCE18, 0xCDF7, 0xCDF7,
    0xC5D7, 0xC5B6, 0xC5B6, 0xC5B6, 0xC5B6, 0xC5B7, 0xC5B7, 0xBDB7,
    0x93EE, 0x9C2F, 0xA470, 0xACB1, 0xB4F2, 0xB533, 0xBD54, 0xC575,
    0xC595, 0xC5B6, 0xC5B6, 0xC5D6, 0xC5D6, 0xC5D6, 0xC5B6, 0xC595,
    0xC595, 0xBD74, 0xBD54, 0xB533, 0xACF2, 0xACB1, 0xA46F, 0x9C0E,
    0x8BCC, 0x8B8B, 0x836A, 0x836A, 0x838A, 0x8B8B, 0x8B8B, 0x8B8B,
    0x8B8B, 0x8B8B, 0x9BEC, 0xF6D7, 0xFED5, 0xEE11, 0xEE11, 0xEE11,
    0xF632, 0xEDD0, 0xED8F, 0xF612, 0xED6F, 0xE52E, 0xE52E, 0xE48D,
    0xE48D, 0xE48D, 0xE46D, 0xDC2C, 0xDC0C, 0xD3CA, 0xCB69, 0xCB49,
    0xC308, 0xC308, 0xBAA7, 0xB2A7, 0xB266, 0xAA25, 0xA204, 0xA204,
    0xA1E4, 0xB2C7, 0xE591, 0xF674, 0xF653, 0xF632, 0xF5F0, 0xED8D,
    0xECC9, 0xE404, 0xDB61, 0xCAE0, 0xBA80, 0xBA80, 0xCAC0, 0xCAE0,
    0xCAC0, 0xD300, 0xDB61, 0xE3A2, 0xEC03, 0xEC03, 0xEC87, 0xDD0D,
    0xCE38, 0xCE5A, 0xD616, 0xECCB, 0xE3C4, 0xDBA4, 0xDB84, 0xE3A4,
    0xEBE5, 0xEC26, 0xE3C5, 0xE3E5, 0xFDCC, 0xFE4D, 0xFD69, 0xEC25,
    0xDB63, 0xDB63, 0xE3C5, 0xDB84, 0xD343, 0xDB84, 0xD323, 0xDB22,
    0xC281, 0xC2A1, 0xE446, 0xFD69, 0xFD07, 0xF424, 0xF425, 0xEBA3,
    0xD342, 0xD302, 0xE383, 0xE363, 0xD302, 0xDB43, 0xD343, 0xD343,
    0xC2E2, 0xC2E3, 0xDB84, 0xE3A5, 0xDB64, 0xCB03, 0xCB02, 0xDB43,
    0xE3A3, 0xFCA6, 0xFD69, 0xFDAA, 0xEC26, 0xDB44, 0xDB44, 0xD323,
    0xCB03, 0xD323, 0xD323, 0xD303, 0xE363, 0xFCE7, 0xFDCB, 0xF486,
    0xEC25, 0xF4A6, 0xFD69, 0xFD69, 0xFD27, 0xFDA9, 0xFD89, 0xFD68,
    0xFD89, 0xF4C7, 0xE405, 0xE404, 0xDD50, 0xC619, 0xC617, 0xC618,
    0xC617, 0xC617, 0xC617, 0xC617, 0xCE17, 0xCE17, 0xCE18, 0xCE17,
    0xCE18, 0xCE18, 0xCE18, 0xCE18, 0xCE18, 0xCE18, 0xCE38, 0xCE38,
    0xC618, 0xCE38, 0xD617, 0xD637, 0xE571, 0xEC68, 0xF3E4, 0xF424,
    0xFD26, 0xFEB0, 0xFF14, 0xFEF3, 0xFEF3, 0xFE6F, 0xFE2C, 0xFE90,
    0xFF37, 0xFF79, 0xFF7A, 0xFF9A, 0xFF79, 0xFF79, 0xFF7A, 0xFF9B,
    0xFFBC, 0xFFBC, 0xFFDC, 0xFFDC, 0xFFDD, 0xFFFD, 0xFFDC, 0xFFBC,
    0xF75A, 0xE676, 0xDDD3, 0xCD30, 0xC510, 0xCD52, 0xCD94, 0xCDD5,
    0xD5F6, 0xD617, 0xD638, 0xD638, 0xCE18, 0xCE17, 0xCDF7, 0xCDF7,
    0xC5D7, 0xC5B6, 0xC5B6, 0xC5B6, 0xC5B6, 0xC5B7, 0xBDB7, 0xBDB7,
    0x9C0F, 0xA470, 0xACB1, 0xB4F2, 0xBD33, 0xC574, 0xC595, 0xCDB6,
    0xCDD6, 0xCDF7, 0xCE17, 0xCE17, 0xCE17, 0xCDF7, 0xCDF7, 0xCDD6,
    0xC5D6, 0xC5B6, 0xC595, 0xC574, 0xBD33, 0xB4F2, 0xACB0, 0xA44F,
    0x9BED, 0x93AC, 0x8B8B, 0x836A, 0x8B8B, 0x938B, 0x938B, 0x8B8B,
    0x8B8B, 0x8B8B, 0x9BED, 0xDE14, 0xFF17, 0xEDD0, 0xEDD0, 0xF653,
    0xF652, 0xEDF1, 0xF632, 0xEDF1, 0xED8F, 0xE54E, 0xE50E, 0xE4EE,
    0xE4CE, 0xE46D, 0xE48D, 0xE44D, 0xDBEB, 0xDC0C, 0xD3CB, 0xD3AA,
    0xCB49, 0xCB28, 0xC2E8, 0xBAA7, 0xBAA6, 0xB265, 0xAA45, 0xA204,
    0xA224, 0xAA86, 0xC3CB, 0xE570, 0xEE11, 0xEDF0, 0xEDCF, 0xED8D,
    0xED2B, 0xE4A7, 0xDBA2, 0xCAE0, 0xC2A0, 0xC2A0, 0xCAC0, 0xCAC0,
    0xD2E0, 0xD320, 0xDB41, 0xE3A2, 0xEC03, 0xEC03, 0xEC24, 0xEBE3,
    0xDC8B, 0xDDB3, 0xF4C8, 0xEBC4, 0xDB84, 0xE3E5, 0xEBE5, 0xE3C4,
    0xE3C4, 0xE384, 0xDB43, 0xF486, 0xFE2D, 0xFDCB, 0xF404, 0xE363,
    0xDB23, 0xDB63, 0xD2E2, 0xCAE2, 0xD323, 0xCAE2, 0xD2E2, 0xCAA1,
    0xD343, 0xF509, 0xFE4D, 0xFE2C, 0xFD68, 0xF465, 0xEBE4, 0xEBC4,
    0xD322, 0xD322, 0xD2E1, 0xD301, 0xD2E2, 0xD302, 0xCAC1, 0xCAE2,
    0xCB02, 0xCB03, 0xE384, 0xE3E5, 0xE3C5, 0xD343, 0xD303, 0xDB43,
    0xE383, 0xF404, 0xFD07, 0xFDCA, 0xEC66, 0xD2E2, 0xD302, 0xD303,
    0xD323, 0xD323, 0xDB44, 0xD343, 0xDB44, 0xE383, 0xFD49, 0xFE4E,
    0xF4C7, 0xF404, 0xFCA6, 0xFD49, 0xFDAA, 0xFD69, 0xFD27, 0xFD07,
    0xFD48, 0xF508, 0xEC66, 0xEC86, 0xD5B4, 0xC618, 0xC617, 0xC617,
    0xC617, 0xCE17, 0xC617, 0xC617, 0xC617, 0xCE18, 0xCE18, 0xCE18,
    0xCE18, 0xCE18, 0xCE18, 0xCE38, 0xCE38, 0xCE18, 0xCE18, 0xCE38,
    0xD658, 0xE5D2, 0xE468, 0xEC67, 0xF404, 0xEC04, 0xF445, 0xFC85,
    0xFD68, 0xFE90, 0xFED1, 0xFEB1, 0xFEB1, 0xFEB2, 0xFEF5, 0xFF38,
    0xFF58, 0xFF59, 0xFF59, 0xFF17, 0xFF17, 0xFF38, 0xFF59, 0xFF7A,
    0xFF9A, 0xFF9B, 0xFF9B, 0xFF7A, 0xFFBB, 0xFFBC, 0xFFBC, 0xFFBC,
    0xFFDD, 0xFFFD, 0xFFDD, 0xF73A, 0xEED9, 0xE677, 0xDDF5, 0xD5D5,
    0xD5F6, 0xD617, 0xD637, 0xD638, 0xCE18, 0xCE17, 0xCDF7, 0xCDF7,
    0xC5D7, 0xC5B6, 0xC5B6, 0xC5B6, 0xC5B7, 0xBDB7, 0xBDB7, 0xBDB7,
    0xA44F, 0xAC90, 0xB4F2, 0xBD13, 0xBD54, 0xC595, 0xC5B5, 0xCDD6,
    0xCDF7, 0xCE17, 0xD618, 0xD638, 0xD618, 0xCE17, 0xCDF7, 0xCDF7,
    0xCDD6, 0xCDD6, 0xC5B6, 0xC595, 0xBD54, 0xBD12, 0xB4D1, 0xA46F,
    0x9C0E, 0x93CC, 0x8B8B, 0x8B6B, 0x938B, 0x938B, 0x938B, 0x938B,
    0x938B, 0x93AB, 0x8B6B, 0xA42D, 0xF718, 0xF673, 0xEDCF, 0xF673,
    0xEE32, 0xF632, 0xEDF1, 0xEDD0, 0xEDB0, 0xE54E, 0xED6F, 0xED4F,
    0xE4CE, 0xE4AD, 0xE48E, 0xDC0C, 0xDC0C, 0xDC0C, 0xDBEB, 0xD3AA,
    0xC308, 0xC308, 0xCB08, 0xBAA7, 0xBAA7, 0xB265, 0xAA45, 0xB265,
    0xB265, 0xAA45, 0xAA45, 0xCC2B, 0xEDD1, 0xF611, 0xF611, 0xF5F0,
    0xED4C, 0xE4E9, 0xE425, 0xD320, 0xCAE0, 0xCAC0, 0xCAC0, 0xD300,
    0xD321, 0xE381, 0xE361, 0xE3A2, 0xEBC2, 0xEBE3, 0xEBE3, 0xE3A2,
    0xEC24, 0xFD08, 0xFD08, 0xF466, 0xEC26, 0xE3C5, 0xE3A4, 0xEBA4,
    0xDB63, 0xE384, 0xF468, 0xFDAC, 0xFE90, 0xFE4F, 0xF56C, 0xF56C,
    0xE406, 0xDBA5, 0xD385, 0xCAC2, 0xC2A2, 0xCAC2, 0xDB22, 0xEC46,
    0xFDCC, 0xFE8F, 0xFE2D, 0xFD68, 0xFCA5, 0xF424, 0xE383, 0xE383,
    0xDB42, 0xD2E1, 0xCAC1, 0xDB22, 0xD302, 0xCAC2, 0xC2A1, 0xD302,
    0xD302, 0xD323, 0xDB43, 0xE383, 0xE3A4, 0xDB84, 0xD343, 0xDB63,
    0xDB63, 0xE3A3, 0xFCA6, 0xFD68, 0xFDAA, 0xF4C9, 0xE3C5, 0xD323,
    0xD344, 0xE384, 0xDB64, 0xDB64, 0xDB43, 0xDB64, 0xE3A3, 0xFD28,
    0xFE2D, 0xFDCB, 0xFD6A, 0xFD6A, 0xFDEB, 0xFDAA, 0xFDCA, 0xFD89,
    0xFD89, 0xFD69, 0xEC66, 0xEC87, 0xD5D5, 0xC618, 0xCE17, 0xC617,
    0xC617, 0xC617, 0xC618, 0xC618, 0xCE18, 0xCE18, 0xCE18, 0xCE18,
    0xCE18, 0xCE18, 0xCE18, 0xCE38, 0xCE38, 0xC618, 0xCE38, 0xEE35,
    0xFDCE, 0xF466, 0xE383, 0xEBC3, 0xF405, 0xF405, 0xF404, 0xFC44,
    0xFDCB, 0xFE6F, 0xFE6F, 0xFEB2, 0xFEF5, 0xFF38, 0xFF38, 0xFF37,
    0xFF37, 0xFF38, 0xFEB4, 0xFEB5, 0xFEF6, 0xFF17, 0xFF7A, 0xFF7A,
    0xFF59, 0xFF7A, 0xFF59, 0xFF59, 0xFF79, 0xFF79, 0xFF7A, 0xFF9B,
    0xFFBB, 0xFFBC, 0xFFDD, 0xFFFE, 0xFFFF, 0xFFFE, 0xFFBD, 0xEED9,
    0xD616, 0xD637, 0xD638, 0xD638, 0xCE18, 0xCE17, 0xCDF7, 0xCDF7,
    0xC5D7, 0xC5B7, 0xC5B6, 0xC5B7, 0xC5B7, 0xBDB7, 0xBD97, 0xBDB7,
    0xA44F, 0xAC90, 0xB4D2, 0xBD33, 0xC554, 0xC595, 0xCDB6, 0xCDD6,
    0xCDF7, 0xCE17, 0xD617, 0xD618, 0xD638, 0xCE17, 0xCDF7, 0xCDF6,
    0xCDD6, 0xCDD6, 0xC5B6, 0xC595, 0xBD54, 0xBD12, 0xB4D1, 0xA46F,
    0x9C0E, 0x93AC, 0x8B6B, 0x8B6B, 0x938B, 0x938B, 0x938B, 0x938B,
    0x93AB, 0x93AB, 0x93AB, 0xA40D, 0xEED7, 0xFEF6, 0xEDAE, 0xF632,
    0xF632, 0xEE11, 0xEDAF, 0xEDF0, 0xED8F, 0xE54E, 0xED6F, 0xE52E,
    0xE50E, 0xE46D, 0xE4AE, 0xE46D, 0xE44D, 0xE44D, 0xDBEB, 0xD38A,
    0xCB69, 0xCB08, 0xCB08, 0xBAC7, 0xB266, 0xB266, 0xB245, 0xB265,
    0xB265, 0xAA45, 0xAA45, 0xBB08, 0xE52F, 0xEDF1, 0xEDCF, 0xEDCF,
    0xED8E, 0xED2B, 0xE487, 0xDB81, 0xD320, 0xD300, 0xCAE0, 0xC2A0,
    0xD300, 0xE3A2, 0xEBE3, 0xEBC2, 0xE3A1, 0xEBE3, 0xE3A2, 0xEC24,
    0xFCE8, 0xF487, 0xF4C7, 0xFD08, 0xEBC4, 0xE3C4, 0xEC67, 0xF52A,
    0xFDEE, 0xFE51, 0xFF14, 0xFF14, 0xFF14, 0xFF15, 0xFF34, 0xFF14,
    0xFEB2, 0xFEF4, 0xF5CE, 0xD302, 0xD364, 0xEC67, 0xFDAB, 0xFE6E,
    0xFE2C, 0xFD89, 0xFD48, 0xFCA5, 0xF404, 0xEBA3, 0xEB83, 0xE383,
    0xE383, 0xD302, 0xD302, 0xD302, 0xCAC1, 0xCAE2, 0xCAE2, 0xBA81,
    0xC2A1, 0xD322, 0xD323, 0xDB63, 0xDB63, 0xDB83, 0xDB63, 0xE3A4,
    0xE384, 0xEC05, 0xFCA6, 0xFD27, 0xFD89, 0xFE2D, 0xFD8B, 0xEC66,
    0xDB84, 0xDB84, 0xDB64, 0xE3C5, 0xE3E5, 0xDB84, 0xDB64, 0xEBC4,
    0xFD08, 0xFDEC, 0xFE2D, 0xFE2E, 0xFE4E, 0xFDEC, 0xFDAA, 0xFD89,
    0xFD69, 0xFD08, 0xEC66, 0xECA8, 0xCE17, 0xC618, 0xCE18, 0xCE18,
    0xCE18, 0xCE18, 0xCE18, 0xCE18, 0xCE18, 0xCE18, 0xCE18, 0xCE18,
    0xCE18, 0xCE18, 0xCE18, 0xC638, 0xCE38, 0xDE55, 0xF651, 0xFDCB,
    0xFD06, 0xF486, 0xEC05, 0xE383, 0xE362, 0xE362, 0xEBE3, 0xFCA5,
    0xFDEC, 0xFE2D, 0xFE92, 0xFEF6, 0xFED5, 0xFE94, 0xFE94, 0xFED5,
    0xFE94, 0xFE94, 0xFEF7, 0xFED6, 0xFE94, 0xFE94, 0xF673, 0xFE74,
    0xFEF7, 0xFED5, 0xFED5, 0xFEF6, 0xFEF6, 0xFF59, 0xFF7A, 0xFF79,
    0xFF79, 0xFF9B, 0xFFBB, 0xFF9B, 0xFFBC, 0xFFDC, 0xFFFE, 0xFFFE,
    0xF73B, 0xDE58, 0xD638, 0xD638, 0xCE18, 0xCDF7, 0xCDF7, 0xC5F7,
    0xC5D7, 0xC5B7, 0xC5B6, 0xC5B6, 0xC5B7, 0xBDB7, 0xBDB7, 0xBDB7,
    0xA42F, 0xAC70, 0xB4D1, 0xBD13, 0xBD54, 0xC595, 0xC5B6, 0xCDF6,
    0xCDF7, 0xD617, 0xD638, 0xD638, 0xD618, 0xD617, 0xCDF7, 0xCDF6,
    0xCDD6, 0xCDB6, 0xC5B5, 0xC595, 0xBD53, 0xB512, 0xACB1, 0xA44F,
    0x9C0D, 0x93AC, 0x8B6B, 0x8B4B, 0x8B6B, 0x938B, 0x938B, 0x938B,
    0x938B, 0x93AB, 0x93AC, 0x9BCC, 0xD5D3, 0xFF79, 0xF652, 0xEE11,
    0xF632, 0xEDF0, 0xEE12, 0xEDF1, 0xEDB0, 0xE52D, 0xE54E, 0xED90,
    0xED70, 0xDC6C, 0xECEF, 0xE48E, 0xE46D, 0xE40C, 0xDBEB, 0xDBCB,
    0xD3AA, 0xCB69, 0xCB29, 0xC308, 0xBAC7, 0xBAA7, 0xAA25, 0xAA45,
    0xAA45, 0xA204, 0xA204, 0xA225, 0xC3AA, 0xE58F, 0xEDD0, 0xF611,
    0xEDAE, 0xED2B, 0xECC8, 0xDBA2, 0xD300, 0xCAC0, 0xCAC0, 0xC2A0,
    0xC2A0, 0xDB61, 0xEC03, 0xD300, 0xD300, 0xE381, 0xEC24, 0xF446,
    0xE3C4, 0xEBC4, 0xFDCC, 0xFD8A, 0xF487, 0xF58C, 0xFEB2, 0xFF14,
    0xFF14, 0xFF14, 0xFF14, 0xFF14, 0xFF14, 0xFEF4, 0xFEF4, 0xFEF3,
    0xFEF3, 0xFF14, 0xFED3, 0xFE30, 0xFE70, 0xFE90, 0xFE6E, 0xFDA9,
    0xFD27, 0xFCA5, 0xF444, 0xF404, 0xEBC4, 0xDB43, 0xE3A3, 0xEBC4,
    0xE383, 0xE363, 0xE3C4, 0xDB84, 0xD302, 0xC2A1, 0xCB02, 0xC2C2,
    0xCAC1, 0xDB63, 0xE3C4, 0xE383, 0xE383, 0xE3C4, 0xE3C4, 0xE3A4,
    0xE3A4, 0xEC05, 0xF425, 0xF465, 0xFCA5, 0xFD89, 0xFE2C, 0xFD49,
    0xEC26, 0xDBA5, 0xCB03, 0xCB23, 0xDB84, 0xE3A5, 0xCB23, 0xDB84,
    0xEC05, 0xFDCB, 0xFE6E, 0xFD8B, 0xF4A7, 0xF467, 0xF486, 0xFD49,
    0xFD8A, 0xF4A6, 0xF486, 0xEC88, 0xCE17, 0xC638, 0xCE18, 0xCE18,
    0xCE18, 0xCE18, 0xCE18, 0xCE18, 0xCE18, 0xCE18, 0xCE18, 0xCE18,
    0xCE18, 0xC638, 0xCE38, 0xDE36, 0xF631, 0xFE0C, 0xFDEA, 0xFD68,
    0xFD48, 0xFD27, 0xF444, 0xE3A3, 0xEC04, 0xF424, 0xF423, 0xFCE7,
    0xFE50, 0xFEB4, 0xFE94, 0xFE52, 0xFE32, 0xF632, 0xF633, 0xF633,
    0xF653, 0xFE53, 0xFEB5, 0xFEB5, 0xFE74, 0xFE74, 0xF632, 0xF632,
    0xF653, 0xFE94, 0xFEB5, 0xFED6, 0xFEF6, 0xFF37, 0xFF17, 0xFEB4,
    0xFED5, 0xFF38, 0xFF59, 0xFF7A, 0xFF79, 0xFF9A, 0xFF9B, 0xFFDD,
    0xFFDE, 0xE6B9, 0xD638, 0xD638, 0xCE18, 0xCE17, 0xCDF7, 0xCDD7,
    0xC5D7, 0xC5B7, 0xBDB6, 0xC5B6, 0xC5B7, 0xBDB7, 0xBDB7, 0xBD97,
    0xA42F, 0xAC70, 0xB4B1, 0xBD13, 0xBD54, 0xC575, 0xC5B5, 0xCDF6,
    0xD617, 0xD617, 0xD638, 0xD638, 0xD638, 0xD617, 0xCDF7, 0xCDF7,
    0xCDD6, 0xCDD6, 0xCDB5, 0xC595, 0xBD53, 0xB4F2, 0xACB0, 0xA44F,
    0x9BED, 0x938C, 0x8B4A, 0x8B4B, 0x8B6B, 0x8B6B, 0x938B, 0x938B,
    0x938B, 0x93AB, 0x93AC, 0x93AC, 0xA40D, 0xEE96, 0xFED5, 0xEDAF,
    0xEE11, 0xF673, 0xF632, 0xEDF1, 0xEDD0, 0xED8F, 0xEDB0, 0xED8F,
    0xED4E, 0xED0F, 0xECAE, 0xE46D, 0xE46D, 0xE44D, 0xE40C, 0xDBAA,
    0xD36A, 0xD369, 0xD38A, 0xD38A, 0xCB29, 0xC2E8, 0xBA86, 0xAA25,
    0xAA45, 0xAA05, 0xAA25, 0xA205, 0xC349, 0xE590, 0xF611, 0xEDCF,
    0xEDAF, 0xED6C, 0xECC9, 0xE404, 0xDB60, 0xE381, 0xDB61, 0xDB61,
    0xDB61, 0xE3A2, 0xE3C2, 0xDB61, 0xDB82, 0xEC04, 0xF425, 0xEC04,
    0xF425, 0xFD08, 0xFEB0, 0xFE6F, 0xFED2, 0xFF14, 0xFF14, 0xFEF4,
    0xFEF3, 0xFED2, 0xFEF3, 0xFEF3, 0xFEF3, 0xFEF3, 0xFEF3, 0xFEF3,
    0xFED3, 0xFED2, 0xFEF3, 0xFF13, 0xFEB1, 0xFE0C, 0xFD27, 0xFCA5,
    0xFC65, 0xF424, 0xF425, 0xF405, 0xEBA4, 0xDB42, 0xE383, 0xE363,
    0xE383, 0xDB63, 0xDB43, 0xE384, 0xE383, 0xD302, 0xDB64, 0xD344,
    0xCAC2, 0xEC26, 0xE3A4, 0xDB63, 0xDB43, 0xDB42, 0xEBE5, 0xE363,
    0xDB63, 0xE363, 0xDB63, 0xEBC4, 0xF424, 0xFCE6, 0xFDAA, 0xFDEC,
    0xF4E8, 0xE3C5, 0xE3A4, 0xDB64, 0xD323, 0xDB64, 0xD323, 0xD343,
    0xDB63, 0xF466, 0xFE8F, 0xFDAB, 0xE3A4, 0xE384, 0xE3C4, 0xEBE4,
    0xF4A7, 0xF4C7, 0xF486, 0xECC9, 0xCE17, 0xC618, 0xCE18, 0xCE18,
    0xCE18, 0xCE18, 0xCE18, 0xCE18, 0xCE18, 0xCE18, 0xCE17, 0xC638,
    0xC639, 0xD5F5, 0xF5AF, 0xFDCB, 0xFD89, 0xFD89, 0xFD68, 0xFD48,
    0xFD26, 0xFD06, 0xFD07, 0xFCE7, 0xFD28, 0xFCA5, 0xFCE8, 0xFDEE,
    0xFE72, 0xFE31, 0xF611, 0xF632, 0xF674, 0xFE73, 0xFE74, 0xFEB6,
    0xF674, 0xF674, 0xEDD0, 0xEDF1, 0xF612, 0xF673, 0xF694, 0xF653,
    0xF652, 0xF631, 0xF652, 0xF631, 0xFE73, 0xFE73, 0xFF17, 0xFF59,
    0xFF17, 0xFF17, 0xFF38, 0xFF38, 0xFF38, 0xFF38, 0xFF59, 0xFF7A,
    0xFFDD, 0xFF9C, 0xDE78, 0xCE18, 0xCE17, 0xCDF7, 0xCDF7, 0xC5D7,
    0xC5D7, 0xC5B7, 0xBDB6, 0xBDB6, 0xBDB7, 0xBDB7, 0xBDB7, 0xBDB7,
    0xA42E, 0xA470, 0xB4B1, 0xB512, 0xBD54, 0xC574, 0xC5B5, 0xCDF6,
    0xD617, 0xD617, 0xD638, 0xD638, 0xD638, 0xD617, 0xCE17, 0xCDF7,
    0xCDD6, 0xCDD6, 0xCDB5, 0xC575, 0xBD33, 0xB4F2, 0xAC90, 0xA44F,
    0x9BED, 0x8B8B, 0x8B4A, 0x8B4A, 0x8B4B, 0x8B6B, 0x936B, 0x938B,
    0x938B, 0x93AB, 0x93AC, 0x9BCC, 0x93AC, 0xBCF0, 0xFF38, 0xF611,
    0xEDF1, 0xF673, 0xF694, 0xF653, 0xEE11, 0xEDF1, 0xEDAF, 0xE54E,
    0xE50D, 0xE4ED, 0xE46C, 0xE46D, 0xECAE, 0xE46D, 0xE42C, 0xE42C,
    0xE3EC, 0xDBAB, 0xDBAA, 0xDBAB, 0xCB49, 0xCB08, 0xC2E8, 0xB246,
    0xB266, 0xB245, 0xAA45, 0xAA45, 0xBB28, 0xD44C, 0xE56F, 0xEDD0,
    0xEDAF, 0xED2C, 0xE488, 0xECE9, 0xECA7, 0xEC44, 0xE3C2, 0xE3E3,
    0xE3A2, 0xE3A1, 0xE3A2, 0xE3A2, 0xEC45, 0xF4A7, 0xF486, 0xFD08,
    0xFCE7, 0xFE4E, 0xFED2, 0xFF14, 0xFF35, 0xFEF3, 0xFEF3, 0xFEF4,
    0xFED3, 0xFED2, 0xFEF3, 0xFF13, 0xFF13, 0xFEF3, 0xFED2, 0xFED2,
    0xFED2, 0xFEB1, 0xFEB1, 0xFEB1, 0xFE6E, 0xFD68, 0xFC85, 0xF445,
    0xF466, 0xF425, 0xF404, 0xF446, 0xF425, 0xEBE4, 0xEC05, 0xE3A3,
    0xD322, 0xD302, 0xCAC1, 0xDB42, 0xDB43, 0xDB63, 0xD302, 0xBA81,
    0xCAC1, 0xDB22, 0xDB02, 0xDB42, 0xE3A3, 0xEBE4, 0xE3A4, 0xD322,
    0xDB22, 0xD322, 0xDB22, 0xEBE4, 0xF445, 0xFC65, 0xFD07, 0xFDCB,
    0xFE0C, 0xEC67, 0xDB64, 0xDBA5, 0xDBA5, 0xD323, 0xCAC3, 0xD303,
    0xDB64, 0xEBA4, 0xFD6A, 0xFE4E, 0xE3E5, 0xDB84, 0xE3C4, 0xEBE5,
    0xE3A4, 0xEC25, 0xFD29, 0xF4E9, 0xCDF5, 0xC638, 0xCE18, 0xCE18,
    0xCE18, 0xCE18, 0xCE18, 0xCE18, 0xCE18, 0xCE18, 0xCE38, 0xD5B4,
    0xED90, 0xFD08, 0xFD27, 0xFD27, 0xFCC6, 0xFCC5, 0xFCC5, 0xFD06,
    0xFD06, 0xFD68, 0xFD68, 0xFD47, 0xFD89, 0xFDEE, 0xFE72, 0xFE73,
    0xFE73, 0xF632, 0xF674, 0xFEB6, 0xFEB6, 0xFEB6, 0xFE95, 0xF695,
    0xF654, 0xF612, 0xEE12, 0xEDD0, 0xF612, 0xF5F1, 0xF611, 0xEDCF,
    0xEDD0, 0xEDCF, 0xEDD0, 0xF5F1, 0xF611, 0xF632, 0xF631, 0xF652,
    0xFE73, 0xFEB5, 0xFEF6, 0xFF17, 0xFF17, 0xFEF7, 0xFF18, 0xFF7A,
    0xFF9B, 0xFFDD, 0xEEFA, 0xD638, 0xCE18, 0xCDF7, 0xCDF7, 0xC5D7,
    0xC5D7, 0xC5B6, 0xBDB6, 0xBDB6, 0xBDB7, 0xBDB7, 0xBDB7, 0xBDB7,
    0x9C0E, 0xA44F, 0xACB1, 0xB4F2, 0xBD54, 0xC575, 0xC5B5, 0xCDD6,
    0xD617, 0xD638, 0xD638, 0xD638, 0xD638, 0xD617, 0xCE17, 0xCDF7,
    0xCDD6, 0xCDD6, 0xCDB5, 0xC574, 0xBD33, 0xB4F2, 0xAC90, 0xA42E,
    0x9BCD, 0x8B6B, 0x8B4A, 0x8B4A, 0x8B4B, 0x8B6B, 0x8B6B, 0x938B,
    0x938B, 0x93AB, 0x93AC, 0x9BCC, 0x9BAC, 0xB48F, 0xF6D7, 0xFEB5,
    0xF652, 0xF673, 0xF653, 0xF653, 0xF612, 0xEDF1, 0xEDAF, 0xED8F,
    0xE54E, 0xED6F, 0xED0E, 0xECAD, 0xECCE, 0xE46D, 0xECAE, 0xE44D,
    0xE42C, 0xE44D, 0xDBEB, 0xDBAB, 0xD36A, 0xCB29, 0xC2E8, 0xBAA7,
    0xB266, 0xAA45, 0xAA45, 0xAA45, 0xAA46, 0xAAA7, 0xD46C, 0xED8F,
    0xED8F, 0xED6D, 0xED8D, 0xF58D, 0xED6C, 0xECC8, 0xEC24, 0xEC03,
    0xDB60, 0xDBA2, 0xDBA2, 0xEC45, 0xFCE8, 0xF486, 0xFD69, 0xFCC6,
    0xFDCC, 0xFF35, 0xFF34, 0xFF56, 0xFF14, 0xFEF3, 0xFF14, 0xFF34,
    0xFF13, 0xFE91, 0xF650, 0xF671, 0xF60F, 0xFE4F, 0xFEF1, 0xFEB1,
    0xFEB1, 0xFED2, 0xFED1, 0xFEB1, 0xFEB1, 0xFD8A, 0xF465, 0xF425,
    0xF446, 0xEBE4, 0xF425, 0xF466, 0xEBE4, 0xEBC4, 0xEBC4, 0xE3A3,
    0xDB43, 0xCAE2, 0xCAC2, 0xCAE2, 0xCAE2, 0xD322, 0xC2A1, 0xB241,
    0xBA61, 0xD2E2, 0xE363, 0xE383, 0xEBC4, 0xE3C4, 0xDB22, 0xD322,
    0xEBE4, 0xEBC4, 0xEBE4, 0xF425, 0xF486, 0xFCA6, 0xFCE7, 0xFD28,
    0xFDEB, 0xFDCB, 0xEC46, 0xDB84, 0xDB43, 0xDB64, 0xC2E3, 0xCB44,
    0xDBE6, 0xE3E5, 0xFD49, 0xFE8F, 0xF509, 0xDB64, 0xDB84, 0xE3C5,
    0xEBE5, 0xEBC5, 0xEC46, 0xF56C, 0xCE17, 0xC618, 0xCE18, 0xCE18,
    0xCE18, 0xCE18, 0xCE18, 0xCE18, 0xC638, 0xCE59, 0xDD50, 0xF466,
    0xFCC6, 0xFCC6, 0xFCA5, 0xF464, 0xF423, 0xF3E2, 0xFC63, 0xFCE5,
    0xFD06, 0xFD47, 0xFD67, 0xFDCB, 0xFE72, 0xFEB4, 0xFE94, 0xFEB4,
    0xFED6, 0xFEB5, 0xF695, 0xFE95, 0xF654, 0xF633, 0xEE12, 0xE5B0,
    0xEDD1, 0xE56F, 0xE58F, 0xEDD0, 0xEDF1, 0xEDAF, 0xEDAF, 0xEDAF,
    0xE56E, 0xEDAF, 0xE54D, 0xEDAF, 0xED8F, 0xEDAF, 0xEDAF, 0xF5F0,
    0xEDCF, 0xF5F0, 0xFE94, 0xFEB5, 0xFEB5, 0xFEF6, 0xFF17, 0xFF17,
    0xFF59, 0xFFDC, 0xEEDA, 0xD638, 0xD638, 0xCE17, 0xCDF7, 0xC5D7,
    0xC5D7, 0xC5B6, 0xBDB6, 0xBDB7, 0xBDB7, 0xBDB7, 0xC5B7, 0xC5B7,
    0x9BEE, 0xA42F, 0xAC90, 0xB4F2, 0xBD34, 0xC574, 0xC5B5, 0xCDD6,
    0xD617, 0xD638, 0xD638, 0xD638, 0xD638, 0xD618, 0xD617, 0xCDF7,
    0xCDF6, 0xCDD6, 0xCDB5, 0xC574, 0xBD33, 0xB4F2, 0xAC90, 0xA42E,
    0x93CC, 0x8B6B, 0x8B4A, 0x8B4A, 0x8B4B, 0x8B6B, 0x8B6B, 0x938B,
    0x938B, 0x93AB, 0x93AC, 0x9BCC, 0x9BCC, 0x9BCC, 0xCD51, 0xFF17,
    0xF694, 0xF694, 0xF673, 0xF632, 0xF612, 0xEDF0, 0xF611, 0xEDD0,
    0xED8F, 0xEDB0, 0xED2F, 0xECCE, 0xE44C, 0xEC8D, 0xECAE, 0xEC8D,
    0xECCF, 0xEC8E, 0xE40C, 0xDBCB, 0xDB8A, 0xD36A, 0xCB08, 0xC2C8,
    0xB286, 0xA205, 0xA1E4, 0x99E4, 0xA1E4, 0x99C4, 0xB308, 0xDCCD,
    0xEDAF, 0xEDAF, 0xED8D, 0xED6C, 0xED8C, 0xED4B, 0xEC65, 0xE3C1,
    0xE3C2, 0xDB82, 0xDBC3, 0xF4C7, 0xF4A6, 0xFD48, 0xFD27, 0xFDAC,
    0xFF14, 0xFF34, 0xFF14, 0xFEF3, 0xFF34, 0xFF13, 0xF630, 0xCC6A,
    0xB367, 0xA2C5, 0x9264, 0x9264, 0x9223, 0x9264, 0xBBA7, 0xF5ED,
    0xFEB1, 0xFEB1, 0xFEB1, 0xFED2, 0xFEB1, 0xFDCB, 0xFCC6, 0xFC86,
    0xF445, 0xF486, 0xFCA6, 0xF425, 0xE3A3, 0xE383, 0xDB22, 0xD302,
    0xCAE2, 0xC2A1, 0xC2A1, 0xD302, 0xC2A1, 0xC2A1, 0xBA61, 0xBA81,
    0xCB02, 0xD322, 0xDB63, 0xE363, 0xE383, 0xDB42, 0xC2A1, 0xCAE2,
    0xDB42, 0xDB63, 0xEBC4, 0xEC05, 0xF466, 0xF445, 0xF465, 0xFCE7,
    0xFD07, 0xFDAA, 0xFE2D, 0xF58D, 0xED4C, 0xF610, 0xFE51, 0xFEB3,
    0xFED4, 0xFE72, 0xFE50, 0xFE6F, 0xFDCD, 0xDBC5, 0xE384, 0xE3C5,
    0xE3C5, 0xEBE5, 0xF426, 0xFCA7, 0xED90, 0xC618, 0xC618, 0xCE18,
    0xCE18, 0xCE18, 0xC618, 0xC639, 0xD5F5, 0xE4AA, 0xEC04, 0xF486,
    0xF4A6, 0xEC03, 0xEBC2, 0xEB81, 0xEBC2, 0xF402, 0xFC84, 0xFC84,
    0xFCA4, 0xFCC4, 0xFD06, 0xFE0F, 0xFE73, 0xFE94, 0xFEB4, 0xFEB5,
    0xFEB5, 0xF675, 0xE5B0, 0xEDD1, 0xEDF1, 0xE56F, 0xE54F, 0xDD2E,
    0xDCEC, 0xE52D, 0xDCEC, 0xE54E, 0xE56E, 0xE54E, 0xE50C, 0xE52D,
    0xE50D, 0xE56E, 0xED8F, 0xE52D, 0xED8F, 0xE56E, 0xED8E, 0xEDD0,
    0xEDD0, 0xE54D, 0xF5F0, 0xF611, 0xFE94, 0xFEF7, 0xFF38, 0xFEF7,
    0xFF18, 0xFFBC, 0xE6DA, 0xCE38, 0xCE38, 0xCE18, 0xCDF7, 0xC5D7,
    0xC5D7, 0xC5B7, 0xBDB7, 0xBDB7, 0xBDB7, 0xBDB7, 0xC5B7, 0xBDB7,
    0x93CD, 0x9C0E, 0xAC90, 0xB4F2, 0xBD33, 0xC574, 0xC5B5, 0xCDD6,
    0xD617, 0xD638, 0xD638, 0xD638, 0xD638, 0xD638, 0xD617, 0xCDF7,
    0xCDF7, 0xCDD6, 0xCDB5, 0xC574, 0xBD33, 0xB4D1, 0xAC90, 0xA40E,
    0x93AC, 0x8B6A, 0x8B4A, 0x8B4A, 0x8B4B, 0x8B6B, 0x8B6B, 0x938B,
    0x938B, 0x93AC, 0x93AC, 0x9BCC, 0x9BCC, 0x9BEC, 0xAC2D, 0xEE55,
    0xFEF6, 0xEE11, 0xF632, 0xF652, 0xF632, 0xF611, 0xF632, 0xEDB0,
    0xEDD0, 0xEDB0, 0xED6F, 0xED4F, 0xE48D, 0xECAE, 0xECAE, 0xF510,
    0xF510, 0xEC8E, 0xEC6D, 0xE42C, 0xDBAB, 0xDB8A, 0xD349, 0xCB29,
    0xC2E7, 0xB246, 0xA205, 0x99C4, 0xA1E4, 0x9183, 0x9182, 0xB2A6,
    0xE52F, 0xEDD0, 0xEDAF, 0xEDCF, 0xED8D, 0xED6C, 0xECE9, 0xE465,
    0xE3E3, 0xD3A2, 0xF4C7, 0xFCC6, 0xFC86, 0xFC65, 0xFDCC, 0xFF56,
    0xFF35, 0xFF14, 0xFEF3, 0xFF33, 0xEE30, 0xB387, 0x8A24, 0x7182,
    0x7182, 0x7182, 0x6141, 0x6982, 0x71A2, 0x5901, 0x50E0, 0x9243,
    0xF60E, 0xFEB1, 0xFEB1, 0xFE91, 0xFE6F, 0xFDCB, 0xFD07, 0xFCE7,
    0xFCA6, 0xFC86, 0xF466, 0xF466, 0xF445, 0xDB42, 0xC281, 0xCAC1,
    0xCAA1, 0xDB02, 0xDB43, 0xD342, 0xCAE2, 0xC281, 0xC2A1, 0xCAE2,
    0xD343, 0xDB43, 0xC2C1, 0xDB42, 0xDB22, 0xC281, 0xCAA1, 0xBA61,
    0xCAE2, 0xDB43, 0xDB62, 0xE383, 0xEC04, 0xE3A3, 0xF404, 0xFCA6,
    0xFCA6, 0xFD07, 0xFDEC, 0xFED2, 0xFF56, 0xFF56, 0xFF56, 0xFF36,
    0xFF57, 0xFF57, 0xFF57, 0xFF16, 0xFF15, 0xFE93, 0xF54C, 0xF488,
    0xEBE5, 0xEBE5, 0xF466, 0xFD09, 0xFCE7, 0xE570, 0xCE38, 0xC618,
    0xC618, 0xC639, 0xCE38, 0xE570, 0xE405, 0xE3A2, 0xEC25, 0xF465,
    0xEC04, 0xE382, 0xE361, 0xEB81, 0xF403, 0xF403, 0xEBE2, 0xEBA1,
    0xF3C1, 0xFC84, 0xFDCD, 0xFE31, 0xFE52, 0xFEB5, 0xFED5, 0xFEB5,
    0xFE95, 0xFE95, 0xF674, 0xE590, 0xE58F, 0xE56F, 0xDCCC, 0xD44A,
    0xD44B, 0xD44A, 0xD42A, 0xDC8B, 0xD46B, 0xD44A, 0xD44A, 0xCC4A,
    0xDCAB, 0xD4AB, 0xD4AB, 0xDCAB, 0xDCCB, 0xDCCB, 0xD48A, 0xDD0C,
    0xE56E, 0xE56D, 0xE54D, 0xEDAE, 0xFE94, 0xFEB5, 0xFED6, 0xFF18,
    0xFF18, 0xFF9B, 0xEEFA, 0xCE38, 0xCE38, 0xCE18, 0xCDF7, 0xC5F7,
    0xC5D7, 0xC5B7, 0xBDB7, 0xBDB7, 0xBDB7, 0xC5B7, 0xBDB7, 0xBDB7,
    0x93AC, 0x9C0E, 0xA470, 0xB4D2, 0xBD33, 0xC574, 0xC5B5, 0xCDF6,
    0xD617, 0xD638, 0xD638, 0xD638, 0xD638, 0xD638, 0xD617, 0xCE17,
    0xCDF7, 0xCDD6, 0xC5B5, 0xC574, 0xBD13, 0xB4D1, 0xAC6F, 0x9C0E,
    0x93AC, 0x8B4A, 0x8B4A, 0x8B4A, 0x8B6B, 0x8B6B, 0x8B6B, 0x938B,
    0x938B, 0x93AC, 0x9BCC, 0x9BCC, 0x9BEC, 0x9BEC, 0x9BEC, 0xC4F0,
    0xFF38, 0xF673, 0xF611, 0xF673, 0xF631, 0xF673, 0xF632, 0xEDD0,
    0xEDD0, 0xF5F1, 0xEDB0, 0xED4E, 0xED0E, 0xECEF, 0xF551, 0xF551,
    0xECAE, 0xECAE, 0xECAE, 0xEC2C, 0xE40C, 0xDBAB, 0xDBAA, 0xD369,
    0xCB08, 0xBAA7, 0xAA46, 0xAA25, 0xAA25, 0xA1E4, 0x99C3, 0xAA25,
    0xD4AD, 0xEDD0, 0xE58E, 0xED8E, 0xED8E, 0xE54B, 0xE52A, 0xE4C8,
    0xDBC3, 0xEC86, 0xFCA7, 0xE3A3, 0xEBC4, 0xF4A7, 0xFF14, 0xFF55,
    0xFF14, 0xFF34, 0xFED2, 0xC44A, 0x8224, 0x6982, 0x6182, 0x6182,
    0x6162, 0x71A2, 0x6982, 0x6141, 0x7182, 0x5121, 0x40E1, 0x5100,
    0xCC69, 0xFED1, 0xFE90, 0xFE70, 0xFE6F, 0xFDA9, 0xF464, 0xF465,
    0xFCA6, 0xF445, 0xFC86, 0xF445, 0xEBC4, 0xD302, 0xDB83, 0xDB42,
    0xE3A4, 0xD302, 0xEBE5, 0xEBE4, 0xDB43, 0xD302, 0xD322, 0xBA61,
    0xCAC2, 0xD322, 0xD322, 0xE363, 0xDB63, 0xC2A2, 0xC2A1, 0xC281,
    0xD322, 0xD322, 0xDB63, 0xEBC4, 0xEBE4, 0xE383, 0xEBC4, 0xF404,
    0xF425, 0xFCA6, 0xFDAB, 0xFEB2, 0xFEF3, 0xFF14, 0xFF15, 0xFF15,
    0xFF36, 0xFF36, 0xFF36, 0xFF36, 0xFF36, 0xFF36, 0xFF57, 0xFEF4,
    0xF52B, 0xF425, 0xFCA7, 0xFD8B, 0xFD49, 0xF446, 0xDD92, 0xCE59,
    0xD616, 0xDDD3, 0xE469, 0xDB62, 0xE3E3, 0xF465, 0xF424, 0xEC03,
    0xE3A2, 0xE361, 0xE361, 0xEBA2, 0xE381, 0xE361, 0xDB20, 0xE341,
    0xEBA1, 0xF4E7, 0xF5CE, 0xFE31, 0xFED5, 0xFEB5, 0xF673, 0xF653,
    0xF653, 0xEE12, 0xE590, 0xDD0E, 0xC3EA, 0xCC0A, 0xC388, 0xB2E6,
    0xAAC6, 0xB2C6, 0xAAA5, 0xBB47, 0xBB68, 0xBB47, 0xBB47, 0xB306,
    0xBB48, 0xC3C9, 0xBB67, 0xC3E9, 0xCC29, 0xCC4A, 0xD469, 0xCC49,
    0xDCEB, 0xE54D, 0xED6E, 0xEDF0, 0xF632, 0xF611, 0xFE73, 0xFED6,
    0xFED6, 0xFF7A, 0xEEFA, 0xD638, 0xCE18, 0xCE18, 0xCDF8, 0xC5F7,
    0xC5D7, 0xC5B7, 0xBDB7, 0xBDB7, 0xBDB7, 0xC5B7, 0xBDB7, 0xBDB7,
    0x938C, 0x9BEE, 0xA450, 0xB4D1, 0xBD13, 0xC574, 0xC5B5, 0xCDF6,
    0xD617, 0xD638, 0xD638, 0xD638, 0xD638, 0xD638, 0xD618, 0xD617,
    0xCDF7, 0xCDD6, 0xC5B5, 0xC574, 0xBD13, 0xB4D1, 0xA46F, 0x9BED,
    0x938C, 0x8B4A, 0x8B4A, 0x8B4A, 0x8B6B, 0x936B, 0x936B, 0x938B,
    0x938B, 0x93AC, 0x9BCC, 0x9BCC, 0x9BEC, 0x9BED, 0xA3ED, 0xAC4E,
    0xEE76, 0xFF17, 0xF611, 0xF632, 0xFE94, 0xF673, 0xF632, 0xF611,
    0xF632, 0xF612, 0xF5D0, 0xF5B0, 0xED90, 0xF570, 0xF591, 0xF50F,
    0xECCE, 0xF50F, 0xECCE, 0xEC6D, 0xEC6D, 0xE40C, 0xE40C, 0xD38A,
    0xD38A, 0xCB28, 0xBAC7, 0xBA87, 0xB286, 0xB245, 0xA205, 0xA225,
    0xA286, 0xC3E9, 0xE56E, 0xEDAF, 0xED8E, 0xE54C, 0xE54C, 0xE4C8,
    0xEC86, 0xEC05, 0xDB83, 0xEC05, 0xEC24, 0xFE4F, 0xFF55, 0xFEF3,
    0xFF34, 0xFEB1, 0xAB26, 0x6982, 0x69A3, 0x6982, 0x6982, 0x5941,
    0x5121, 0x5921, 0x5942, 0x4901, 0x5121, 0x5941, 0x5121, 0x38A0,
    0xB3E7, 0xFEB0, 0xFEB1, 0xFEB0, 0xFE6F, 0xFDEB, 0xFCA5, 0xFC65,
    0xF404, 0xF445, 0xF425, 0xEC04, 0xE3C4, 0xE3E4, 0xEC05, 0xE3A4,
    0xE3A4, 0xCAE2, 0xD302, 0xD322, 0xE383, 0xEC05, 0xCAE2, 0xB241,
    0xBA81, 0xC2C1, 0xEBE5, 0xDB63, 0xE3A4, 0xEBE5, 0xC2A1, 0xD302,
    0xDB42, 0xDB42, 0xDB42, 0xDB63, 0xE383, 0xE383, 0xEBC4, 0xF425,
    0xF425, 0xF4A6, 0xFE2F, 0xFF14, 0xFF14, 0xFF14, 0xFF15, 0xFF15,
    0xFF35, 0xFF15, 0xFF36, 0xFF36, 0xFF36, 0xFF36, 0xFF15, 0xFF35,
    0xFF35, 0xFDCE, 0xFCE7, 0xFDCC, 0xFD4A, 0xEC05, 0xEC68, 0xE50D,
    0xDBC5, 0xE3A3, 0xE3C3, 0xEC45, 0xFCC6, 0xF444, 0xEBE3, 0xEBA2,
    0xE361, 0xDB00, 0xD2E0, 0xD300, 0xDB20, 0xDB41, 0xDB20, 0xE340,
    0xEC44, 0xF56C, 0xF5EF, 0xF611, 0xF5F1, 0xF633, 0xF674, 0xF612,
    0xE590, 0xE56F, 0xCC4B, 0xBB68, 0xAA86, 0xA204, 0xA204, 0x99E3,
    0x9A03, 0xA244, 0xAA85, 0xAA85, 0xAAA6, 0xB2C6, 0xB2E6, 0xBB27,
    0xBB27, 0xBB68, 0xC3C9, 0xC3C9, 0xCC2A, 0xD48B, 0xDCCB, 0xDCEB,
    0xE56E, 0xEDAF, 0xF5F0, 0xF632, 0xEDF0, 0xF653, 0xFEB5, 0xFE95,
    0xFEB5, 0xFF5A, 0xDE79, 0xCE38, 0xCE18, 0xCE18, 0xCE18, 0xC5F7,
    0xC5D7, 0xC5B7, 0xBDB7, 0xBDB7, 0xBDB7, 0xC5B7, 0xBDB7, 0xBD97,
    0x8B8C, 0x93CD, 0xA44F, 0xACB1, 0xBD13, 0xC574, 0xC5B5, 0xCDF6,
    0xD617, 0xD638, 0xD638, 0xD658, 0xD638, 0xD638, 0xD618, 0xD617,
    0xCDF7, 0xCDD6, 0xC5B5, 0xC574, 0xB513, 0xACB1, 0xA44F, 0x9BED,
    0x938B, 0x8B4A, 0x8B4A, 0x8B6B, 0x936B, 0x936B, 0x938B, 0x938B,
    0x93AB, 0x93AC, 0x9BCC, 0x9BCC, 0x9BEC, 0x9BED, 0xA3ED, 0xA40D,
    0xAC6E, 0xD592, 0xFED5, 0xF653, 0xF673, 0xF673, 0xF631, 0xF653,
    0xF652, 0xF611, 0xF632, 0xF5F1, 0xF612, 0xF5F2, 0xF52F, 0xED30,
    0xF530, 0xECEF, 0xEC8D, 0xECAE, 0xECAE, 0xECAE, 0xE46D, 0xDBEB,
    0xDBCB, 0xD369, 0xCB29, 0xC2E8, 0xC2E8, 0xBA86, 0xA204, 0xA1E4,
    0x99C4, 0x99E4, 0xBBA9, 0xE56F, 0xE56E, 0xED8F, 0xE56D, 0xECE9,
    0xEC45, 0xE3C4, 0xF445, 0xEBE4, 0xECE9, 0xFF35, 0xFEF4, 0xFF14,
    0xFE91, 0xA2E6, 0x7182, 0x6162, 0x5921, 0x5101, 0x40C0, 0x3880,
    0x3080, 0x40C0, 0x38A0, 0x3080, 0x3060, 0x48C0, 0x48E0, 0x3880,
    0xD467, 0xFE6F, 0xFE91, 0xFEB1, 0xFE90, 0xFE2D, 0xFD27, 0xF444,
    0xF3E4, 0xFC65, 0xEBE4, 0xEBE4, 0xEC05, 0xE3A3, 0xDB63, 0xDB62,
    0xCAE2, 0xD322, 0xDB63, 0xDB43, 0xE3A4, 0xEBE4, 0xC2A1, 0x99C0,
    0xD302, 0xDB22, 0xE363, 0xEBE4, 0xE363, 0xE383, 0xDB43, 0xDB42,
    0xE383, 0xEBE4, 0xEBE4, 0xEC05, 0xEC25, 0xEBE4, 0xEBE4, 0xEC25,
    0xEBC4, 0xFCC6, 0xFE90, 0xFED3, 0xFEF3, 0xFEF4, 0xFEF4, 0xFEF4,
    0xFEF3, 0xFF14, 0xFF14, 0xFEF2, 0xFEF3, 0xFEF4, 0xFEF4, 0xFEF4,
    0xFEF4, 0xFF15, 0xFE71, 0xFD8B, 0xFD09, 0xEC26, 0xEC05, 0xEC05,
    0xD322, 0xEC05, 0xF486, 0xF485, 0xF464, 0xEC24, 0xEBC2, 0xE341,
    0xDB00, 0xD2C0, 0xCAA0, 0xCAC0, 0xDB00, 0xDB20, 0xDB00, 0xEBA2,
    0xF52A, 0xF5CF, 0xF5F0, 0xF632, 0xF612, 0xE58F, 0xE54F, 0xDCED,
    0xD48C, 0xB348, 0xA225, 0x99C3, 0x99E4, 0xA204, 0xA204, 0xA224,
    0xA224, 0xAA45, 0xAA85, 0xB2A6, 0xB2C6, 0xBAE7, 0xBB28, 0xC368,
    0xCBCA, 0xD40A, 0xD44B, 0xDC6C, 0xD46B, 0xE50D, 0xE52D, 0xE56E,
    0xEDD0, 0xEDD0, 0xF632, 0xF653, 0xF694, 0xF694, 0xF673, 0xF674,
    0xFF18, 0xF71A, 0xD638, 0xD638, 0xCE18, 0xCE18, 0xCE18, 0xC5F7,
    0xC5D7, 0xC5B7, 0xBDB7, 0xBDB7, 0xBDB7, 0xBDB7, 0xBDB7, 0xBD97,
    0x8B6B, 0x93CD, 0xA44F, 0xACB1, 0xBD13, 0xC554, 0xC5B5, 0xCDF6,
    0xD617, 0xD638, 0xD638, 0xD658, 0xD658, 0xD638, 0xD618, 0xD617,
    0xCDF7, 0xCDD6, 0xC5B5, 0xBD54, 0xB512, 0xACB1, 0xA42F, 0x9BED,
    0x8B8B, 0x8B4A, 0x8B4A, 0x8B6B, 0x936B, 0x936B, 0x938B, 0x938B,
    0x93AB, 0x9BCC, 0x9BCC, 0x9BCC, 0x9BEC, 0x9BED, 0xA40D, 0xA42D,
    0xA40D, 0xB4AE, 0xF6D6, 0xFEB5, 0xF632, 0xF694, 0xF694, 0xF673,
    0xF632, 0xF653, 0xF674, 0xF632, 0xF653, 0xF612, 0xF590, 0xF5B1,
    0xED2F, 0xECAE, 0xECCE, 0xF4EF, 0xF4EF, 0xF4EF, 0xEC8E, 0xE40C,
    0xE40C, 0xDBCB, 0xD38A, 0xCB49, 0xCB28, 0xC2E8, 0xB266, 0xAA46,
    0xAA46, 0x99C4, 0x91C4, 0xB348, 0xE52D, 0xE58F, 0xED4C, 0xF4A7,
    0xEBE4, 0xF466, 0xF445, 0xE3A3, 0xFEB3, 0xFF35, 0xFF13, 0xFEF2,
    0x9B06, 0x5901, 0x4901, 0x40C0, 0x3880, 0x3880, 0x40C0, 0x5941,
    0x71C1, 0x8222, 0x9282, 0x71C2, 0x6181, 0x50E0, 0x71A1, 0xBBC5,
    0xFDCB, 0xFE4E, 0xFEB1, 0xFEB2, 0xFEB1, 0xFE2E, 0xFCE6, 0xF424,
    0xF424, 0xEBC3, 0xF445, 0xF425, 0xE363, 0xE3A3, 0xDB22, 0xE383,
    0xE3A3, 0xEBC4, 0xE3C4, 0xEBC4, 0xDB43, 0xD302, 0xDB63, 0xBA81,
    0xCAC1, 0xE3A4, 0xE383, 0xE383, 0xE383, 0xD322, 0xDB42, 0xDB42,
    0xDB63, 0xDB63, 0xE3A3, 0xEBE4, 0xEBC4, 0xEBE4, 0xE383, 0xEBE4,
    0xEBC3, 0xFD28, 0xFED2, 0xFED3, 0xFF15, 0xFF15, 0xFEF3, 0xFED1,
    0xFE90, 0xF5EF, 0xE56D, 0xF5EE, 0xFED1, 0xFF14, 0xFEF3, 0xFEF4,
    0xFEF4, 0xFED4, 0xFF15, 0xFE0F, 0xEC05, 0xEBE5, 0xEC06, 0xEC26,
    0xEC26, 0xE382, 0xEBE3, 0xEC24, 0xEBE3, 0xEC03, 0xE382, 0xDB20,
    0xDB21, 0xCAC0, 0xCAA0, 0xCAC0, 0xCAE0, 0xD301, 0xDB41, 0xECC8,
    0xFE31, 0xFE94, 0xF673, 0xF653, 0xF633, 0xEDF2, 0xE54F, 0xBB48,
    0x9A25, 0x99E4, 0x99C3, 0x99E4, 0x9A04, 0x99E4, 0x9A04, 0xA224,
    0xA224, 0xA224, 0xAA65, 0xB2A6, 0xBB07, 0xC328, 0xC369, 0xD3CA,
    0xDC4C, 0xDC8C, 0xDCAC, 0xDCAD, 0xE4ED, 0xE52E, 0xED6F, 0xEDB0,
    0xED8F, 0xEDF0, 0xF653, 0xF653, 0xF673, 0xEE11, 0xF611, 0xF653,
    0xFF39, 0xF71A, 0xD638, 0xD638, 0xCE18, 0xCE18, 0xCDF8, 0xCDF7,
    0xC5D7, 0xC5B7, 0xBDB7, 0xBDB7, 0xBDB7, 0xC5B7, 0xBDB7, 0xBDB7,
    0x8B6B, 0x93CD, 0xA42F, 0xAC91, 0xB4F2, 0xBD54, 0xC595, 0xCDD6,
    0xD617, 0xD638, 0xD638, 0xD658, 0xD658, 0xD638, 0xD618, 0xD617,
    0xCDF7, 0xCDD6, 0xC595, 0xBD54, 0xB4F2, 0xAC90, 0xA42E, 0x9BCC,
    0x8B6B, 0x8B4A, 0x8B4A, 0x8B6B, 0x936B, 0x938B, 0x938B, 0x938B,
    0x93AC, 0x9BAC, 0x9BCC, 0x9BCC, 0x9BEC, 0x9BED, 0xA40D, 0xA40D,
    0xA42D, 0xA42D, 0xC510, 0xF6D6, 0xF694, 0xEDCF, 0xF632, 0xF611,
    0xF653, 0xFE94, 0xFE74, 0xF673, 0xFE94, 0xF612, 0xF612, 0xF5D1,
    0xF56F, 0xF54F, 0xECEF, 0xECAE, 0xF4EF, 0xF510, 0xECAE, 0xE42C,
    0xEC4D, 0xE40C, 0xDBEB, 0xDBCB, 0xD38A, 0xCB29, 0xC2E8, 0xB287,
    0xAA45, 0xA205, 0x91C4, 0x8983, 0xB327, 0xE54D, 0xF58B, 0xF445,
    0xF424, 0xFCC7, 0xF404, 0xF52B, 0xFF56, 0xFEF3, 0xFF54, 0xC46A,
    0x5941, 0x30A0, 0x2040, 0x38A0, 0x7A22, 0xB364, 0xD466, 0xED08,
    0xF549, 0xFD69, 0xFD69, 0xF548, 0xECE7, 0xE4A7, 0xF528, 0xFDEB,
    0xFE6F, 0xFE90, 0xFE90, 0xFED2, 0xFED3, 0xFE4E, 0xFCA5, 0xF424,
    0xEBC3, 0xE3A3, 0xF425, 0xF425, 0xEC25, 0xEC04, 0xEBE4, 0xEBC4,
    0xDB83, 0xEBE4, 0xE3A4, 0xE3A4, 0xE3C4, 0xDB63, 0xC2C2, 0xC2C2,
    0xCB02, 0xCAE2, 0xE363, 0xD322, 0xD343, 0xDB63, 0xDB62, 0xDB42,
    0xE3C4, 0xE3C4, 0xDB63, 0xD322, 0xD322, 0xD322, 0xE383, 0xEC04,
    0xF445, 0xFDEC, 0xFEF3, 0xFEF4, 0xFEF4, 0xFEF4, 0xFEF4, 0xFE2F,
    0xAB26, 0x79E3, 0x8A44, 0xA2C6, 0xBBC8, 0xE54D, 0xFEB2, 0xFEF3,
    0xFEB2, 0xFED3, 0xFEF4, 0xFF15, 0xF58C, 0xF446, 0xF467, 0xF466,
    0xF487, 0xEC05, 0xEBE3, 0xEC04, 0xEBE3, 0xE3C2, 0xE382, 0xD300,
    0xD300, 0xD2E0, 0xD2E0, 0xD301, 0xDB82, 0xE3A2, 0xEC86, 0xF58D,
    0xEDD0, 0xEDF1, 0xF632, 0xF694, 0xF674, 0xEE12, 0xDD0F, 0xB328,
    0x99C4, 0x99E4, 0xA204, 0xA204, 0xA204, 0x9A04, 0xA204, 0xA224,
    0xAA45, 0xAA65, 0xB2A6, 0xBAE7, 0xC348, 0xCB89, 0xD3EB, 0xDC4C,
    0xDC6C, 0xE4EE, 0xE50E, 0xE50E, 0xED2E, 0xED6F, 0xEDD0, 0xEDAF,
    0xEDD0, 0xF653, 0xF632, 0xEDF1, 0xEDF1, 0xF633, 0xF653, 0xFEB5,
    0xFF5A, 0xDE78, 0xCE18, 0xD638, 0xCE18, 0xCE18, 0xCE18, 0xC5F7,
    0xC5D7, 0xC5B7, 0xBDB7, 0xBDB7, 0xBDB7, 0xBDB7, 0xBDB7, 0xBDB7,
    0x8B6B, 0x93AD, 0xA40E, 0xAC90, 0xB4F2, 0xC554, 0xC595, 0xCDD6,
    0xD617, 0xD638, 0xD638, 0xD658, 0xD638, 0xD638, 0xD618, 0xD617,
    0xCDF7, 0xCDD6, 0xC595, 0xBD53, 0xB4F2, 0xAC90, 0xA40E, 0x93AC,
    0x8B6B, 0x8B2A, 0x8B4A, 0x8B6A, 0x936B, 0x936B, 0x938B, 0x938B,
    0x93AC, 0x9BCC, 0x9BCC, 0x9BEC, 0x9BEC, 0x9BED, 0xA40D, 0xA40D,
    0xA42D, 0xA42D, 0xA42D, 0xC510, 0xF6B5, 0xEDF0, 0xEDF1, 0xF695,
    0xF6B5, 0xFEB5, 0xFE94, 0xFEB4, 0xFE74, 0xF652, 0xFE53, 0xF5F1,
    0xF5F1, 0xF5D1, 0xF52F, 0xF54F, 0xF550, 0xF4EF, 0xECAE, 0xEC6D,
    0xECAE, 0xEC8E, 0xEC6D, 0xE40C, 0xDBEB, 0xD3AA, 0xCB29, 0xC2E8,
    0xBAA7, 0xAA65, 0xA225, 0x91E4, 0x8162, 0xCC49, 0xFD69, 0xF444,
    0xFCC6, 0xFCC6, 0xF4A7, 0xFEF4, 0xFF14, 0xFF54, 0xF630, 0x71A2,
    0x3060, 0x4900, 0x92A3, 0xCC46, 0xF56A, 0xFDAA, 0xFDAA, 0xFDAA,
    0xFD8A, 0xFD8A, 0xF569, 0xF568, 0xFD69, 0xFD89, 0xFDA9, 0xFDCB,
    0xFE6F, 0xFE90, 0xFED2, 0xFEB2, 0xFEB2, 0xFE2D, 0xF485, 0xEC25,
    0xEBE4, 0xEBE4, 0xE383, 0xEBC4, 0xF445, 0xEBE4, 0xEBE4, 0xE3C4,
    0xEC04, 0xE383, 0xE3A4, 0xDB63, 0xDB83, 0xDB42, 0xC2C2, 0xD343,
    0xE3A3, 0xD302, 0xDB22, 0xDB62, 0xDB42, 0xDB63, 0xDB63, 0xE3A3,
    0xEBE4, 0xF445, 0xF425, 0xE383, 0xE3A4, 0xE3C4, 0xDB63, 0xE3A3,
    0xFCE8, 0xFEB2, 0xFEF4, 0xFEF4, 0xFED3, 0xFED3, 0xFE91, 0xBBC8,
    0x6962, 0x6162, 0x71C3, 0x79C3, 0x79C3, 0x81E3, 0xA2C6, 0xDCCB,
    0xFED2, 0xFF14, 0xFEF4, 0xFF14, 0xFF35, 0xFE71, 0xFD2A, 0xFD29,
    0xF486, 0xFD4A, 0xDBA3, 0xE3C2, 0xEC04, 0xE3C2, 0xDB61, 0xD300,
    0xC280, 0xC2A0, 0xCAC0, 0xD2E0, 0xDB61, 0xEC44, 0xF54B, 0xF5AF,
    0xEDD0, 0xEDB0, 0xE56E, 0xE58F, 0xEDB1, 0xD4AD, 0xAAA6, 0x99C4,
    0x99C3, 0x99C3, 0x99E4, 0xA204, 0xA204, 0xA1E4, 0xA204, 0xAA45,
    0xAA66, 0xB2A6, 0xBAE7, 0xC349, 0xCB8A, 0xD3CB, 0xDC0B, 0xDC6C,
    0xE4AD, 0xECEE, 0xED0E, 0xED2F, 0xED2E, 0xED2E, 0xEDD0, 0xF612,
    0xF653, 0xF632, 0xEDF1, 0xF611, 0xF611, 0xF653, 0xF632, 0xFEF7,
    0xF73A, 0xD617, 0xCE38, 0xD638, 0xCE18, 0xCE18, 0xCDF8, 0xC5F7,
    0xC5D7, 0xC5B7, 0xC5B7, 0xC5B7, 0xBDB7, 0xBDB7, 0xBDB7, 0xBDB7,
    0x936B, 0x9BCC, 0xA40E, 0xAC90, 0xBCF2, 0xC533, 0xC574, 0xCDD6,
    0xD5F6, 0xD617, 0xD617, 0xD637, 0xD637, 0xD617, 0xD617, 0xD617,
    0xCDF6, 0xCDB5, 0xC574, 0xBD33, 0xB4D1, 0xAC70, 0xA40E, 0x93AC,
    0x8B6B, 0x8B4A, 0x8B4A, 0x8B4A, 0x936B, 0x936B, 0x938B, 0x938B,
    0x9BAC, 0x9BCC, 0x9BCC, 0x9BEC, 0x9BEC, 0xA3ED, 0xA40D, 0xA40D,
    0xA40D, 0xA42D, 0xAC4D, 0xAC4E, 0xC510, 0xF695, 0xF652, 0xF652,
    0xF694, 0xF694, 0xFEB5, 0xFEB5, 0xFE73, 0xFE94, 0xF632, 0xF632,
    0xF653, 0xF5AF, 0xF5B0, 0xF612, 0xF5D1, 0xF550, 0xF550, 0xECEF,
    0xF50F, 0xECEF, 0xECCE, 0xECEF, 0xECCE, 0xECEE, 0xE4CD, 0xDC8C,
    0xDC6C, 0xCBCA, 0xC3A9, 0xB2E7, 0xB306, 0xF58B, 0xFCC6, 0xFCA6,
    0xFD68, 0xFC84, 0xFE2F, 0xFF56, 0xFEF3, 0xFEF3, 0x92C5, 0x4080,
    0x8263, 0xE4E8, 0xFDCB, 0xFDEC, 0xFDEC, 0xFDCB, 0xFD8A, 0xFD89,
    0xFD8A, 0xFD48, 0xF548, 0xF528, 0xFD48, 0xFD68, 0xFDA9, 0xFDCA,
    0xFE2D, 0xFE90, 0xFEB1, 0xFEB2, 0xFEB1, 0xFE4E, 0xFD08, 0xEC04,
    0xEC05, 0xF404, 0xE3A3, 0xEBE4, 0xE3A3, 0xE3C3, 0xF404, 0xFC85,
    0xF404, 0xDB42, 0xD302, 0xEC04, 0xE383, 0xE383, 0xEBE4, 0xDB63,
    0xE383, 0xE3A4, 0xE3A3, 0xEBA3, 0xE383, 0xDB63, 0xDB83, 0xE3C3,
    0xF425, 0xEC04, 0xEC04, 0xF425, 0xEBC4, 0xE3C4, 0xEBC4, 0xEBA3,
    0xFD29, 0xFED2, 0xFED3, 0xFED3, 0xFEF4, 0xFED3, 0xF5EE, 0x7A44,
    0x5101, 0x6162, 0x69A3, 0x8204, 0x8A24, 0x8A04, 0x71A3, 0x7182,
    0xAB47, 0xF631, 0xFF14, 0xFED3, 0xFEF4, 0xFF16, 0xFD8C, 0xFD8B,
    0xFD07, 0xFD8A, 0xECA7, 0xE3C2, 0xE3E3, 0xEBE3, 0xDB81, 0xCAE0,
    0xC2A0, 0xC280, 0xC280, 0xCAC0, 0xE3A3, 0xF56C, 0xF5F0, 0xEDD0,
    0xF612, 0xF653, 0xEE12, 0xEDD1, 0xDD0E, 0xB348, 0x91A3, 0x9182,
    0x9182, 0x91A3, 0x91A3, 0x99A3, 0xA1E4, 0x99E4, 0xAA45, 0xB286,
    0xBAC7, 0xC308, 0xCB69, 0xD38A, 0xD38A, 0xDBEB, 0xDC2C, 0xE48D,
    0xE4CE, 0xECEE, 0xED0E, 0xED0E, 0xED2E, 0xEDB0, 0xF632, 0xF632,
    0xF5F1, 0xEDD0, 0xF612, 0xF611, 0xF611, 0xEDF1, 0xF653, 0xFF39,
    0xEEB9, 0xD637, 0xCE38, 0xD638, 0xCE18, 0xCE18, 0xCDF7, 0xC5F7,
    0xC5D7, 0xC5D7, 0xC5B7, 0xC5B7, 0xBDB7, 0xBDB7, 0xBDB7, 0xBDB7,
    0xA3AB, 0xA3CC, 0xAC2D, 0xB48F, 0xBCD0, 0xC512, 0xC553, 0xCD94,
    0xD5D5, 0xD5F6, 0xD5F6, 0xD5F6, 0xD5F6, 0xD5F6, 0xD5F6, 0xCDD6,
    0xCDD5, 0xCD94, 0xC553, 0xBD12, 0xB4B0, 0xAC6F, 0xA40D, 0x9BAC,
    0x936B, 0x8B4A, 0x934A, 0x936A, 0x936B, 0x938B, 0x938B, 0x9BAB,
    0x9BCC, 0x9BCC, 0x9BCC, 0x9BEC, 0x9BEC, 0xA3ED, 0xA40D, 0xA40D,
    0xA42D, 0xA42D, 0xAC2D, 0xAC4E, 0xAC4E, 0xCD51, 0xF653, 0xEE11,
    0xEE32, 0xF694, 0xFE94, 0xFE73, 0xFED6, 0xFE94, 0xFE73, 0xFE94,
    0xF611, 0xF5D0, 0xFE53, 0xF612, 0xF612, 0xFE12, 0xF5B1, 0xF5B1,
    0xF591, 0xF5D1, 0xF590, 0xF590, 0xF5B1, 0xF5D1, 0xF5D1, 0xEDB0,
    0xED90, 0xE56F, 0xE52E, 0xD46B, 0xE52C, 0xFDAA, 0xFC85, 0xFDAA,
    0xFDA9, 0xFD69, 0xFF35, 0xFED2, 0xFED2, 0xDD2B, 0x9283, 0xDD0A,
    0xFE0C, 0xFE0C, 0xFDEC, 0xFDEC, 0xFDCB, 0xFDCB, 0xFD89, 0xFD68,
    0xFD69, 0xFD69, 0xFD48, 0xFD48, 0xFD69, 0xFDAA, 0xFDCA, 0xFDCA,
    0xFE2C, 0xFED2, 0xFED2, 0xFED2, 0xFED3, 0xFE4E, 0xFCE7, 0xEBC4,
    0xE383, 0xEC05, 0xDB62, 0xE383, 0xEBE3, 0xF445, 0xF466, 0xF3E4,
    0xDB62, 0xE363, 0xE3A3, 0xEBC4, 0xE3A3, 0xE3C4, 0xD343, 0xDB83,
    0xE383, 0xD322, 0xCB02, 0xD343, 0xEBC4, 0xEBC4, 0xCB02, 0xDB62,
    0xF405, 0xEBE4, 0xF466, 0xEBE4, 0xE3A4, 0xE383, 0xEBE4, 0xEBE4,
    0xFD6A, 0xFED2, 0xFED3, 0xFEF4, 0xFEB3, 0xFE91, 0xF5AD, 0x5982,
    0x5121, 0x6162, 0x5942, 0x6982, 0x79C3, 0x71C3, 0x71A3, 0x5142,
    0x6162, 0x9264, 0xEDAE, 0xFEF2, 0xFED3, 0xFF15, 0xFE72, 0xFD29,
    0xFDAB, 0xFD69, 0xFDCB, 0xDBA2, 0xDBA2, 0xE3A2, 0xDB82, 0xDB82,
    0xDB61, 0xDB41, 0xD301, 0xCB00, 0xEC87, 0xF5EF, 0xFE53, 0xF653,
    0xEDF1, 0xE56F, 0xD4AC, 0xBBAA, 0xB308, 0x9A04, 0x91A3, 0x9183,
    0x9183, 0x8982, 0x91A3, 0x91A3, 0x99E4, 0xA1E4, 0xB265, 0xBAA7,
    0xC308, 0xCB49, 0xD38A, 0xD3CB, 0xDC0C, 0xDC2C, 0xE44D, 0xE4AE,
    0xE4CE, 0xE4CE, 0xE4EE, 0xED2F, 0xED6F, 0xF5F1, 0xF5D1, 0xF5F1,
    0xF5F1, 0xF653, 0xF653, 0xF632, 0xF632, 0xEDF1, 0xFED6, 0xF6F9,
    0xCDF6, 0xCE17, 0xD638, 0xD638, 0xCE18, 0xCE18, 0xCDF7, 0xC5F7,
    0xC5D7, 0xC5B7, 0xC5B7, 0xBDB7, 0xBDB7, 0xBDB7, 0xBDB7, 0xBDB7,
    0xABCB, 0xABEB, 0xB42D, 0xBC6E, 0xBCAF, 0xC4F1, 0xC532, 0xCD73,
    0xCD94, 0xD5B4, 0xD5D5, 0xD5D5, 0xD5D5, 0xD5D5, 0xCDB5, 0xCDB4,
    0xCD94, 0xC553, 0xC532, 0xBCF1, 0xB48F, 0xB44E, 0xAC0C, 0xA3AB,
    0x9B8A, 0x9B6A, 0x9B8A, 0x9B8A, 0x9B8B, 0x9BAB, 0x9BAB, 0x9BCB,
    0x9BCC, 0xA3CC, 0xA3CC, 0xA3EC, 0xA3EC, 0xA3EC, 0xA40C, 0xA40D,
    0xA40D, 0xA42D, 0xAC2D, 0xAC2D, 0xAC4D, 0xAC4D, 0xBCCF, 0xF694,
    0xF673, 0xEDF0, 0xF653, 0xFEF6, 0xFED5, 0xFE73, 0xFEB5, 0xFE73,
    0xF611, 0xFE32, 0xF653, 0xF611, 0xF611, 0xF632, 0xF612, 0xFE12,
    0xF612, 0xF612, 0xF5F1, 0xF5D1, 0xF5F1, 0xF5F2, 0xF5D1, 0xF5D1,
    0xF5D0, 0xEDD0, 0xE58F, 0xE52D, 0xFE0D, 0xFD07, 0xFD48, 0xFE4D,
    0xFDCA, 0xFEB2, 0xFEF3, 0xFE0C, 0xFDCA, 0xF58A, 0xFE6E, 0xFE8F,
    0xFE2D, 0xFE0C, 0xFDEC, 0xFDEB, 0xFDAA, 0xFD89, 0xFD69, 0xF548,
    0xF548, 0xF548, 0xF528, 0xFD48, 0xFD89, 0xFDAA, 0xFDEB, 0xFDEB,
    0xFE0C, 0xFEB1, 0xFED3, 0xFED3, 0xFE90, 0xFDEC, 0xFCE7, 0xEBE4,
    0xDB42, 0xEBC4, 0xCAC1, 0xD322, 0xF445, 0xF445, 0xEBE4, 0xF466,
    0xF445, 0xEC04, 0xEC04, 0xDB63, 0xD322, 0xE3A3, 0xDB43, 0xE3A4,
    0xDB42, 0xDB63, 0xDB63, 0xDB83, 0xE3C4, 0xEC05, 0xD322, 0xCAE2,
    0xEBC4, 0xEBE4, 0xE3C4, 0xDB43, 0xDB43, 0xE383, 0xF425, 0xF486,
    0xFDED, 0xFEB2, 0xFED3, 0xFED3, 0xFE92, 0xFE92, 0xFE4F, 0x92A4,
    0x40A0, 0x40C1, 0x38A0, 0x40A0, 0x48E1, 0x40E1, 0x5942, 0x6983,
    0x7A04, 0x7A04, 0x79E3, 0xEDAD, 0xFEF3, 0xFED4, 0xFEF5, 0xFD6B,
    0xFD8A, 0xFE0C, 0xFE4F, 0xE466, 0xE3A2, 0xE424, 0xE3E3, 0xE3E3,
    0xEC24, 0xEC24, 0xEC45, 0xE486, 0xED2B, 0xED8E, 0xEDAF, 0xF5F1,
    0xF632, 0xEDF2, 0xD4CE, 0x9204, 0x8942, 0x9183, 0x8983, 0x8962,
    0x9183, 0x99C4, 0x99C3, 0x99E4, 0xA204, 0xB245, 0xBAA6, 0xC2C7,
    0xCB29, 0xD38A, 0xD3AA, 0xDBEB, 0xE42C, 0xE44C, 0xE46D, 0xE46D,
    0xE46D, 0xECCE, 0xED2F, 0xED2F, 0xF5B1, 0xF5F2, 0xEDD1, 0xF612,
    0xF632, 0xF674, 0xF694, 0xF653, 0xEE11, 0xF653, 0xFF39, 0xDE37,
    0xCDD6, 0xD617, 0xD638, 0xD638, 0xCE18, 0xCE18, 0xCDF8, 0xC5F7,
    0xC5D7, 0xC5B7, 0xBDB7, 0xBDB7, 0xBDB7, 0xBDB7, 0xBDB7, 0xBDB7,
    0xB3EA, 0xBC0A, 0xBC2C, 0xBC6D, 0xC48E, 0xC4CF, 0xCD10, 0xCD31,
    0xCD52, 0xCD73, 0xD573, 0xD593, 0xD593, 0xCD73, 0xCD73, 0xCD72,
    0xCD52, 0xC531, 0xC4F1, 0xBCCF, 0xBC8E, 0xB44D, 0xAC0C, 0xABCB,
    0xA38A, 0xA3AA, 0xA3AA, 0xA3AA, 0xA3AA, 0xA3CB, 0xA3CB, 0xA3CB,
    0xA3EB, 0xA3EC, 0xA3EB, 0xA3EC, 0xA40C, 0xAC0C, 0xAC0C, 0xAC0C,
    0xAC0C, 0xAC0C, 0xAC2C, 0xAC2C, 0xAC2D, 0xAC2D, 0xAC2C, 0xC4EF,
    0xEE13, 0xF632, 0xF653, 0xF673, 0xF674, 0xFEB5, 0xF673, 0xF652,
    0xFE73, 0xFEB5, 0xF611, 0xF611, 0xF632, 0xF611, 0xFE52, 0xFE32,
    0xF632, 0xF611, 0xF5F0, 0xF5D0, 0xF5D0, 0xEDD0, 0xEDB0, 0xEDAF,
    0xEDAF, 0xED8E, 0xED6E, 0xF5AD, 0xFDEB, 0xFDAA, 0xFE2C, 0xFE0B,
    0xFE4E, 0xFF35, 0xFDEB, 0xFDAA, 0xFE2C, 0xFE6E, 0xFE4E, 0xFE2D,
    0xFE2D, 0xFDEB, 0xFDCA, 0xFD8A, 0xFD8A, 0xFD8A, 0xFD8A, 0xFD89,
    0xFD89, 0xFD48, 0xF528, 0xFD48, 0xFD69, 0xFDAA, 0xFDCA, 0xFDEB,
    0xFDEC, 0xFE91, 0xFEB2, 0xFEB1, 0xFEB1, 0xFE4E, 0xFD69, 0xEC24,
    0xE3C3, 0xDB42, 0xCAC1, 0xD322, 0xE383, 0xEC04, 0xF4A6, 0xFCA6,
    0xFCA6, 0xFCC7, 0xEC04, 0xE383, 0xE382, 0xE3E4, 0xEC25, 0xE363,
    0xE383, 0xEBC3, 0xEBE3, 0xF445, 0xF445, 0xE3A4, 0xDB43, 0xD322,
    0xCAE1, 0xDB42, 0xDB42, 0xD343, 0xE383, 0xE3A3, 0xEBC3, 0xFD08,
    0xFE91, 0xFEB2, 0xFED3, 0xFEB3, 0xFEB2, 0xFE91, 0xFDCD, 0xE4C8,
    0xAB24, 0x71A0, 0x6160, 0x48E0, 0x3880, 0x3080, 0x40E1, 0x5941,
    0x6982, 0x71C3, 0x71C4, 0x9AA5, 0xFE91, 0xFED3, 0xFED4, 0xFE92,
    0xFDCC, 0xFE4E, 0xFE4E, 0xF56B, 0xE3C2, 0xEC24, 0xE403, 0xEC44,
    0xEC65, 0xF485, 0xF54A, 0xED6C, 0xE52B, 0xF5CF, 0xEDB0, 0xE54E,
    0xE54E, 0xDD2F, 0xC40B, 0xA266, 0x91A3, 0x9183, 0x91A3, 0x91A3,
    0x91A3, 0x91C3, 0xA205, 0xAA25, 0xAA46, 0xBAA7, 0xC308, 0xCB28,
    0xD38A, 0xDBCB, 0xDBEC, 0xE42C, 0xE42C, 0xE44C, 0xEC8D, 0xEC8D,
    0xECEE, 0xED50, 0xED4F, 0xED70, 0xEDB1, 0xEDD1, 0xF632, 0xF633,
    0xF632, 0xF611, 0xF612, 0xF632, 0xEDF1, 0xFEF7, 0xFF3A, 0xCDD6,
    0xCDF6, 0xD618, 0xD638, 0xD638, 0xCE38, 0xCE18, 0xCDF8, 0xC5F7,
    0xC5D7, 0xC5B7, 0xBDB7, 0xBDB7, 0xBDB7, 0xBDB7, 0xBDB7, 0xBDB7,
    0xBC0A, 0xBC0A, 0xC42B, 0xC44C, 0xC48C, 0xC4AE, 0xCCCF, 0xCCEF,
    0xCD10, 0xCD30, 0xCD31, 0xCD31, 0xCD31, 0xCD31, 0xCD31, 0xCD30,
    0xCD10, 0xC4F0, 0xC4CF, 0xC4AE, 0xBC6D, 0xBC2C, 0xB40B, 0xB3EA,
    0xABC9, 0xABCA, 0xABCA, 0xABCA, 0xABCA, 0xB3EA, 0xB3EA, 0xABEB,
    0xABEB, 0xAC0B, 0xAC0B, 0xAC0B, 0xAC0B, 0xAC0C, 0xAC0C, 0xAC0C,
    0xAC2C, 0xAC0C, 0xAC2C, 0xAC2C, 0xB42C, 0xAC2C, 0xB42C, 0xAC0C,
    0xB46D, 0xEE13, 0xF673, 0xEE11, 0xEE32, 0xF612, 0xF653, 0xF693,
    0xFEF6, 0xFE94, 0xF611, 0xFE94, 0xFE94, 0xF5F0, 0xF5F0, 0xF632,
    0xF5F0, 0xF5F0, 0xF5F0, 0xF5D0, 0xF5D0, 0xEDAF, 0xED8F, 0xE54D,
    0xE54D, 0xE54D, 0xED6D, 0xFE2E, 0xFE6E, 0xFE6E, 0xFDEB, 0xFCE6,
    0xFE50, 0xFF14, 0xFE2D, 0xFE90, 0xFE90, 0xFE4E, 0xFE2D, 0xFE0C,
    0xFDCA, 0xFD89, 0xFD69, 0xFD8A, 0xFD8A, 0xFD8A, 0xFD69, 0xFD69,
    0xFD49, 0xFD69, 0xF548, 0xF548, 0xFD69, 0xFD89, 0xFDAA, 0xFDCA,
    0xFE0C, 0xFE91, 0xFEB2, 0xFEB1, 0xFEB1, 0xFEB0, 0xFDEC, 0xF466,
    0xDB63, 0xC2A1, 0xDB22, 0xE3A4, 0xE383, 0xF445, 0xFCE7, 0xFCC6,
    0xFCC7, 0xFC85, 0xF424, 0xF444, 0xEBE4, 0xEBE4, 0xDB42, 0xE3C4,
    0xE3A4, 0xDB63, 0xFCA6, 0xF486, 0xFCA6, 0xEBE4, 0xD322, 0xE383,
    0xD302, 0xD2E1, 0xD322, 0xD343, 0xDB63, 0xCAE2, 0xE383, 0xFD8A,
    0xFE91, 0xFEB2, 0xFEF4, 0xFED3, 0xFEB2, 0xFE50, 0xFE0E, 0xFDED,
    0xF529, 0xE4A7, 0xDC66, 0xC384, 0xA2E3, 0x79E1, 0x4900, 0x38A0,
    0x48E1, 0x5921, 0x6183, 0x71A2, 0xC409, 0xFF14, 0xFED3, 0xFEF4,
    0xFE71, 0xFD4A, 0xF4A7, 0xFD6A, 0xE404, 0xE3C2, 0xE403, 0xEC24,
    0xF4A6, 0xF54A, 0xF5AE, 0xF611, 0xE56D, 0xE50C, 0xEDAF, 0xE54F,
    0xDD0E, 0xBBAA, 0x91A3, 0x9183, 0x99A3, 0x99A3, 0x9183, 0x99C4,
    0x99E4, 0x99C4, 0xA205, 0xAA25, 0xB287, 0xC2E8, 0xCB49, 0xD38A,
    0xDBCB, 0xE40C, 0xE44D, 0xE46D, 0xE48D, 0xE46D, 0xE46D, 0xECEE,
    0xED50, 0xED4F, 0xED4F, 0xF5D1, 0xF5D1, 0xF5F1, 0xF612, 0xF612,
    0xF5F1, 0xEDD0, 0xEDF1, 0xF633, 0xF674, 0xFF5A, 0xEE98, 0xCDB5,
    0xCDF7, 0xD638, 0xD638, 0xD638, 0xCE38, 0xCE18, 0xCDF8, 0xC5F7,
    0xC5D7, 0xC5B7, 0xBDB7, 0xBDB7, 0xBDB7, 0xBDB7, 0xBDB7, 0xBDB7,
    0xC409, 0xC409, 0xC429, 0xC44A, 0xC46B, 0xCC8C, 0xCCAD, 0xCCAD,
    0xCCCD, 0xCCCE, 0xCCCE, 0xCCCE, 0xCCEE, 0xCCCE, 0xCCCE, 0xCCCE,
    0xC4CE, 0xC4AE, 0xC48D, 0xC46C, 0xBC4B, 0xBC2B, 0xBC0A, 0xB3EA,
    0xB3E9, 0xB3E9, 0xB3EA, 0xB3EA, 0xBBEA, 0xBC0A, 0xBC0A, 0xBC0A,
    0xBC0A, 0xB40A, 0xB40B, 0xB40B, 0xB40B, 0xB40B, 0xB42B, 0xB40B,
    0xB40B, 0xB42B, 0xB42B, 0xB42B, 0xB42B, 0xB42B, 0xB42B, 0xB42C,
    0xB42C, 0xC4AD, 0xDDB1, 0xFEB5, 0xEDD0, 0xEDF0, 0xF611, 0xF673,
    0xFEB5, 0xF632, 0xFE95, 0xFED5, 0xFE93, 0xF653, 0xF5D0, 0xF5F0,
    0xF611, 0xF5F0, 0xF611, 0xF5F0, 0xEDF0, 0xEDAF, 0xE54D, 0xE50C,
    0xE52C, 0xE56E, 0xF5CE, 0xFEB0, 0xFDEC, 0xFD07, 0xF404, 0xEC25,
    0xFED2, 0xFEB2, 0xFE90, 0xFE6F, 0xFE6E, 0xFE4D, 0xFDEB, 0xFD68,
    0xFD28, 0xF548, 0xF569, 0xF549, 0xF528, 0xF527, 0xF507, 0xF549,
    0xF549, 0xF549, 0xF548, 0xF548, 0xF548, 0xFD89, 0xFD89, 0xFDAA,
    0xFDEC, 0xFE70, 0xFEB2, 0xFEB2, 0xFEB1, 0xFE4E, 0xF466, 0xDB63,
    0xC2A1, 0xD322, 0xEC05, 0xEC05, 0xF445, 0xF465, 0xFCE7, 0xFD28,
    0xFCC6, 0xFCA6, 0xFCC6, 0xF465, 0xEC04, 0xDB62, 0xE3A3, 0xEBE4,
    0xDB62, 0xE3A3, 0xF424, 0xFCA6, 0xF445, 0xD343, 0xDB42, 0xCAE2,
    0xD343, 0xD302, 0xBA81, 0xCB02, 0xD343, 0xDB83, 0xF486, 0xFE0D,
    0xFE91, 0xFED3, 0xFEB2, 0xFE91, 0xFE71, 0xFE71, 0xFE0E, 0xF58A,
    0xF56A, 0xF56A, 0xECE8, 0xECE8, 0xE4A7, 0xDC66, 0xBBA4, 0x8221,
    0x48C0, 0x3080, 0x5101, 0x71C3, 0x8A23, 0xF610, 0xFF14, 0xFED4,
    0xFED3, 0xF4E9, 0xEBC4, 0xF487, 0xEC87, 0xE3C3, 0xEC45, 0xECA6,
    0xF54B, 0xF5AE, 0xF5AF, 0xF611, 0xF652, 0xE58F, 0xE54E, 0xDD2F,
    0xAB28, 0x9205, 0x8142, 0x8962, 0x99A3, 0x99C4, 0x99E4, 0x99C4,
    0xA1E4, 0xAA25, 0xAA46, 0xB287, 0xC2E8, 0xCB6A, 0xD38A, 0xDBAB,
    0xDBCB, 0xE42C, 0xECAE, 0xEC8E, 0xECCF, 0xECEF, 0xED0F, 0xED50,
    0xED2F, 0xED50, 0xF5B1, 0xF5D1, 0xF5F2, 0xF612, 0xF612, 0xF612,
    0xF611, 0xF653, 0xEE12, 0xEDF1, 0xFF18, 0xF6F9, 0xCD94, 0xCDB5,
    0xCDF7, 0xD638, 0xD638, 0xD638, 0xCE38, 0xCE18, 0xCDF8, 0xC5F7,
    0xC5D7, 0xC5B7, 0xBDB7, 0xBDB7, 0xBDB7, 0xBDB7, 0xBDB7, 0xBDB7,
    0xC409, 0xC409, 0xC409, 0xC409, 0xC429, 0xC42A, 0xC44A, 0xC44A,
    0xC44A, 0xC44A, 0xC44A, 0xC44A, 0xC44B, 0xC44B, 0xC46B, 0xC46B,
    0xC46B, 0xC46B, 0xC44B, 0xC42A, 0xBC0A, 0xBC09, 0xBBE9, 0xBBE9,
    0xBBE9, 0xBBE9, 0xBBE9, 0xBBE9, 0xBC09, 0xBC09, 0xBC09, 0xBC09,
    0xBC0A, 0xBC0A, 0xBC0A, 0xBC0A, 0xBC0A, 0xB40A, 0xB40A, 0xB40A,
    0xB40A, 0xB40B, 0xB42B, 0xBC2B, 0xBC2B, 0xB42B, 0xB42B, 0xB42B,
    0xB42B, 0xB40A, 0xB42B, 0xDD90, 0xF632, 0xF674, 0xF652, 0xF632,
    0xEDD0, 0xF653, 0xF695, 0xF652, 0xF673, 0xF632, 0xEDD0, 0xF653,
    0xF611, 0xF611, 0xEDF0, 0xEDAF, 0xED8E, 0xDD0B, 0xE52C, 0xE54D,
    0xE54D, 0xE52D, 0xF60F, 0xFE6F, 0xFC65, 0xEBA3, 0xE322, 0xF56C,
    0xFF35, 0xFE90, 0xFE6F, 0xFE6E, 0xFE2D, 0xFDCA, 0xFDAA, 0xF548,
    0xF4E7, 0xECC7, 0xE485, 0xE485, 0xECE7, 0xED29, 0xF549, 0xF528,
    0xF508, 0xF507, 0xF528, 0xF528, 0xF548, 0xFD69, 0xFD89, 0xFDAA,
    0xFDEC, 0xFE6F, 0xFE91, 0xFEB1, 0xFEB1, 0xFE70, 0xEC45, 0xDB22,
    0xDB83, 0xEBE4, 0xDB42, 0xE3A3, 0xEBE4, 0xEC04, 0xF485, 0xFD07,
    0xFD27, 0xFD07, 0xFCC6, 0xFCC6, 0xEBE3, 0xEBE4, 0xEBE4, 0xE3A3,
    0xF425, 0xFC65, 0xEBE3, 0xFCC6, 0xF424, 0xEC25, 0xEC05, 0xCB02,
    0xC2C1, 0xCB02, 0xC2C2, 0xC2E2, 0xD363, 0xDB63, 0xF4C7, 0xFE4F,
    0xFE91, 0xFE92, 0xFE91, 0xFE91, 0xFE50, 0xFE0E, 0xFDCC, 0xFD8B,
    0xF56A, 0xF56A, 0xF56B, 0xF529, 0xED29, 0xED29, 0xECE8, 0xE486,
    0xBB44, 0x5920, 0x3060, 0x5941, 0x71A2, 0xC409, 0xFEB2, 0xFEB2,
    0xFED3, 0xFD4B, 0xEC46, 0xEC06, 0xF467, 0xDBC3, 0xE466, 0xED2A,
    0xED8E, 0xF5F0, 0xEDCF, 0xED8F, 0xEDB0, 0xF612, 0xE5B0, 0xC44B,
    0x9225, 0x8122, 0x8142, 0x8942, 0x9183, 0x99C4, 0xA1E4, 0xAA25,
    0xAA46, 0xB286, 0xBAA7, 0xC2E8, 0xCB49, 0xD3AB, 0xDBCB, 0xDC0C,
    0xE44D, 0xE42D, 0xEC8E, 0xECCF, 0xF510, 0xF530, 0xF550, 0xF52F,
    0xF570, 0xF5D1, 0xF5F2, 0xF612, 0xF653, 0xF633, 0xF653, 0xF674,
    0xF653, 0xEDD0, 0xED8F, 0xF674, 0xFF19, 0xD5D4, 0xC573, 0xCDB5,
    0xCDF7, 0xD638, 0xD638, 0xD638, 0xCE38, 0xCE18, 0xCDF8, 0xC5F7,
    0xC5D7, 0xC5B7, 0xBDB7, 0xBDB7, 0xBDB7, 0xBDB7, 0xBDB7, 0xBDB7,
    0xC3E8, 0xC3E8, 0xC3E8, 0xC3E8, 0xC3E8, 0xBBE8, 0xBBE8, 0xBBE8,
    0xBBE8, 0xBBE8, 0xBBE8, 0xBBE8, 0xBBC8, 0xBBE8, 0xBBE8, 0xBBE8,
    0xBBE8, 0xBC09, 0xBC09, 0xBBE9, 0xBBE8, 0xBBE8, 0xBBE8, 0xBBE8,
    0xBBE9, 0xBBE8, 0xBBE9, 0xBBE9, 0xBBE9, 0xBC09, 0xBC09, 0xBC09,
    0xBC09, 0xBC09, 0xBC09, 0xBC09, 0xBC09, 0xBC09, 0xBC09, 0xBC09,
    0xBC0A, 0xBC0A, 0xBC0A, 0xBC0A, 0xBC0A, 0xBC0A, 0xBC0A, 0xBC0A,
    0xB40A, 0xB40A, 0xB40A, 0xB3EA, 0xBC6C, 0xDD6F, 0xEE12, 0xEDEF,
    0xEDCF, 0xF673, 0xEDF1, 0xEDAF, 0xEDCF, 0xEDAF, 0xF611, 0xF632,
    0xEDF0, 0xEDCF, 0xE54C, 0xE56D, 0xE52C, 0xE52C, 0xE58E, 0xD4CA,
    0xDCEB, 0xED6C, 0xFE6E, 0xFD69, 0xFC44, 0xDB42, 0xE383, 0xFED3,
    0xFEF3, 0xFE6F, 0xFE6F, 0xFE2D, 0xFDEB, 0xFDCA, 0xFD69, 0xECA5,
    0xE465, 0xECE7, 0xF5AB, 0xFE4E, 0xFE90, 0xFEB0, 0xFE8F, 0xFE4E,
    0xFDEC, 0xFD8A, 0xF528, 0xF528, 0xF569, 0xF548, 0xFD68, 0xFD69,
    0xFDEC, 0xFE4F, 0xFE91, 0xFEB2, 0xFED3, 0xFEF3, 0xFDCB, 0xE3A3,
    0xD342, 0xD321, 0xD301, 0xDB63, 0xE3A3, 0xF445, 0xFD07, 0xFCC6,
    0xFCE7, 0xFD07, 0xFD07, 0xFCC6, 0xFC85, 0xEC04, 0xE383, 0xF3E3,
    0xF424, 0xFCC7, 0xFCC7, 0xFC85, 0xFCC6, 0xFD07, 0xEC45, 0xEC45,
    0xDBA3, 0xD343, 0xD363, 0xD323, 0xDB43, 0xE3C4, 0xF4C7, 0xFE71,
    0xFE91, 0xFE70, 0xFEB3, 0xFE92, 0xFE0E, 0xFDEE, 0xFDAB, 0xFDAB,
    0xFD8B, 0xFDAB, 0xF58B, 0xF58B, 0xF58B, 0xF56A, 0xFD8B, 0xF54A,
    0xED08, 0xD426, 0x71C2, 0x2860, 0x40C0, 0x8223, 0xF630, 0xFED3,
    0xFED4, 0xFD6C, 0xF4A8, 0xEC26, 0xEC46, 0xEC87, 0xE4E9, 0xED6D,
    0xE54C, 0xED6D, 0xEDAF, 0xE58F, 0xE52E, 0xC3EA, 0xBBAA, 0x9A25,
    0x8942, 0x9183, 0x8963, 0x8962, 0x9183, 0x99A3, 0xA1C4, 0xAA25,
    0xB246, 0xBA87, 0xC2E8, 0xCB29, 0xD38A, 0xDBCB, 0xDC0C, 0xE42C,
    0xEC6D, 0xECAE, 0xECAE, 0xECEF, 0xF510, 0xF550, 0xF550, 0xF570,
    0xF5D1, 0xF5F2, 0xF612, 0xF653, 0xF674, 0xF653, 0xF611, 0xF5F1,
    0xEDF1, 0xE56E, 0xEDF1, 0xFEF7, 0xEE76, 0xC532, 0xC574, 0xCDB5,
    0xCDF7, 0xD638, 0xD638, 0xD638, 0xCE38, 0xCE18, 0xCDF8, 0xC5F7,
    0xC5D7, 0xBDB7, 0xBDB7, 0xBDB7, 0xBDB7, 0xBDB7, 0xBDB7, 0xBDB7,
    0xBBA7, 0xBBA7, 0xBBA7, 0xBBA7, 0xBBA7, 0xBBA7, 0xBBA7, 0xBBA7,
    0xBBA7, 0xBBA7, 0xBBA7, 0xB3A7, 0xB3A7, 0xB3A7, 0xB3A7, 0xB3A7,
    0xB3A7, 0xB3A7, 0xBBA7, 0xBBA7, 0xBBA7, 0xBBC8, 0xBBC8, 0xBBC8,
    0xBBE8, 0xBBE8, 0xBBC8, 0xBBC8, 0xBBE8, 0xBBE8, 0xBBE8, 0xBBE8,
    0xBBE8, 0xBBE8, 0xBBE8, 0xBBE8, 0xBBE8, 0xBBE8, 0xBBE8, 0xBBE9,
    0xBBE9, 0xBBE9, 0xBBE9, 0xBBE9, 0xB3E9, 0xB3E9, 0xB3E9, 0xB3EA,
    0xB3EA, 0xB3E9, 0xB3E9, 0xB3E9, 0xB3C9, 0xB3C9, 0xBC2A, 0xCCAC,
    0xDD4E, 0xEDCF, 0xE56D, 0xE54C, 0xE52B, 0xEDAF, 0xEDD0, 0xEDAF,
    0xE54D, 0xE54C, 0xE52C, 0xE54D, 0xDCA9, 0xDD0B, 0xD4A9, 0xD4AA,
    0xD4AA, 0xECC8, 0xFDEB, 0xFCE7, 0xFC86, 0xEBA2, 0xF50A, 0xFF57,
    0xFEB2, 0xFE70, 0xFE2D, 0xFDEB, 0xFDCB, 0xF549, 0xECC6, 0xED08,
    0xFE0C, 0xFE0E, 0xF5CD, 0xDD2B, 0xDD0B, 0xD4EA, 0xED6B, 0xFE2D,
    0xFE4D, 0xFE0C, 0xFDCB, 0xF548, 0xF528, 0xF548, 0xF548, 0xFD69,
    0xFDCB, 0xFE4F, 0xFE70, 0xFED3, 0xFEF4, 0xFE90, 0xFD89, 0xE382,
    0xCAC1, 0xC280, 0xC2A1, 0xD322, 0xEC25, 0xF486, 0xFCA6, 0xFCA6,
    0xFD07, 0xFD48, 0xFCE6, 0xF424, 0xF424, 0xE383, 0xDB62, 0xEBC3,
    0xF465, 0xFCA6, 0xFCE8, 0xFCC6, 0xFCE7, 0xFCE7, 0xF4A6, 0xFCC7,
    0xE3E4, 0xD322, 0xD343, 0xDB63, 0xDB63, 0xF465, 0xFDCD, 0xFE71,
    0xFEB3, 0xFE92, 0xFE71, 0xFE50, 0xFDED, 0xF56B, 0xF58B, 0xF56A,
    0xF58A, 0xF58A, 0xFDAB, 0xFDAC, 0xF5AB, 0xF58B, 0xFDAB, 0xFDAB,
    0xF58A, 0xF56A, 0xED08, 0x7A22, 0x2040, 0x5100, 0xD4EC, 0xFEF4,
    0xFEF4, 0xFDCE, 0xF487, 0xEC46, 0xE3E5, 0xEC87, 0xDC88, 0xE50B,
    0xE54D, 0xDCEB, 0xDD0C, 0xE52E, 0xE52E, 0xBBCA, 0x8162, 0x8121,
    0x8121, 0x8942, 0x9183, 0x99C4, 0x99C4, 0xA1E5, 0xAA05, 0xB246,
    0xBA87, 0xC2A7, 0xCB09, 0xD38A, 0xDBCB, 0xE40C, 0xE44D, 0xEC8E,
    0xECAE, 0xECCF, 0xF4EF, 0xF530, 0xF510, 0xF50F, 0xF591, 0xF5F2,
    0xF5F1, 0xF633, 0xF612, 0xF633, 0xF632, 0xF612, 0xF633, 0xF653,
    0xEDB0, 0xEDB0, 0xFEB5, 0xF6D8, 0xCD31, 0xC532, 0xC574, 0xCDB5,
    0xCDF7, 0xD638, 0xD638, 0xD638, 0xCE38, 0xCE18, 0xCDF8, 0xC5F7,
    0xC5D7, 0xBDB7, 0xBDB7, 0xBDB7, 0xBDB7, 0xBDB7, 0xBDB7, 0xBDB7,
    0xB366, 0xB366, 0xB366, 0xB366, 0xAB66, 0xAB66, 0xAB66, 0xAB66,
    0xB366, 0xB366, 0xB366, 0xB366, 0xAB66, 0xAB66, 0xAB66, 0xAB66,
    0xB366, 0xAB86, 0xB387, 0xB387, 0xB387, 0xB387, 0xB387, 0xB3A7,
    0xB3A7, 0xB3A7, 0xB3A7, 0xB3A7, 0xB3A7, 0xB3A7, 0xB3A7, 0xB3A7,
    0xB3A7, 0xB3A7, 0xB3A7, 0xB3A7, 0xB3A7, 0xB3A7, 0xB3A7, 0xB3A7,
    0xB3A8, 0xB3A8, 0xB3A8, 0xB3A8, 0xB3A8, 0xB3C8, 0xB3C8, 0xB3C8,
    0xB3C8, 0xB3C8, 0xB3C8, 0xB3A8, 0xABA8, 0xABA8, 0xB3A8, 0xABA8,
    0xB3E9, 0xC48B, 0xDD4E, 0xE56E, 0xE58E, 0xEDAE, 0xED4C, 0xE52B,
    0xE4EA, 0xE50B, 0xDCEB, 0xDCA9, 0xDCA9, 0xDCA9, 0xD447, 0xCC06,
    0xCBC6, 0xEC86, 0xFDAA, 0xFD07, 0xF465, 0xE3E3, 0xFE71, 0xFF15,
    0xFEB1, 0xFE4E, 0xFDEB, 0xFDCA, 0xF528, 0xEC86, 0xFDAB, 0xFE50,
    0xB42A, 0x59C3, 0x3902, 0x2081, 0x28C1, 0x28A1, 0x3102, 0x6204,
    0x9B66, 0xE52A, 0xFE2B, 0xFDCB, 0xF527, 0xECE7, 0xF549, 0xFD69,
    0xFDEC, 0xFE2E, 0xFEB2, 0xFED4, 0xFE91, 0xFE4E, 0xFD68, 0xEC03,
    0xCAC1, 0xB240, 0xCB02, 0xE3E4, 0xEC04, 0xFCA6, 0xFCA6, 0xFCC7,
    0xFCA6, 0xFCE7, 0xFCC6, 0xEBE3, 0xD301, 0xCAA0, 0xD302, 0xCAE1,
    0xEC24, 0xFCE7, 0xFCE7, 0xFCC6, 0xF485, 0xFD07, 0xF485, 0xF4A6,
    0xF465, 0xF466, 0xE3C4, 0xE3E3, 0xFCE7, 0xFDAB, 0xFE92, 0xFEB2,
    0xFE91, 0xFEB3, 0xFE71, 0xF5CD, 0xF5CD, 0xF54A, 0xF54A, 0xF58B,
    0xF569, 0xF56A, 0xF56A, 0xF58A, 0xF58B, 0xFD8B, 0xFDAB, 0xFDCB,
    0xFDAB, 0xFDCC, 0xFDAB, 0xECE8, 0x69C2, 0x3040, 0xB3C8, 0xFEF3,
    0xFED4, 0xFED4, 0xFD4B, 0xEC25, 0xE3C4, 0xEC67, 0xDC89, 0xD469,
    0xDCEB, 0xDCCB, 0xCC0A, 0xBB68, 0xB348, 0xAB08, 0x8162, 0x7901,
    0x8142, 0x8942, 0x91A3, 0x99E4, 0xA1E4, 0xAA46, 0xB267, 0xBAA7,
    0xD329, 0xD34A, 0xD36A, 0xDB8A, 0xE40C, 0xE44D, 0xEC6E, 0xECEF,
    0xECCE, 0xECCE, 0xF530, 0xF550, 0xF571, 0xF591, 0xF591, 0xF5B1,
    0xFE33, 0xF612, 0xFE53, 0xFE74, 0xF653, 0xF674, 0xF653, 0xEDF1,
    0xED8F, 0xF673, 0xFEF8, 0xD592, 0xBCD0, 0xC532, 0xC574, 0xCDB5,
    0xCDF7, 0xD638, 0xD638, 0xD638, 0xCE38, 0xCE18, 0xCDF8, 0xC5F7,
    0xC5D7, 0xBDB7, 0xBDB7, 0xBDB7, 0xBDB7, 0xBDB7, 0xBDB7, 0xBDB7,
    0xA305, 0xA305, 0xA305, 0xA305, 0xA305, 0xA305, 0xA305, 0xA305,
    0xA325, 0xA325, 0xA325, 0xA325, 0xA325, 0xA325, 0xA326, 0xA326,
    0xA326, 0xA346, 0xA346, 0xA326, 0xAB46, 0xAB46, 0xAB46, 0xAB46,
    0xAB46, 0xAB66, 0xAB66, 0xAB66, 0xAB66, 0xAB66, 0xAB66, 0xAB66,
    0xAB66, 0xAB46, 0xAB66, 0xAB66, 0xAB46, 0xAB46, 0xAB66, 0xAB67,
    0xAB67, 0xAB67, 0xAB67, 0xAB67, 0xAB67, 0xAB87, 0xAB87, 0xAB87,
    0xAB87, 0xAB87, 0xAB87, 0xAB67, 0xA367, 0xAB88, 0xB3A8, 0xB3C9,
    0xB3C9, 0xABC9, 0xB3EA, 0xB40A, 0xB42B, 0xC4AC, 0xCCAC, 0xD4CB,
    0xDD0B, 0xE52B, 0xE52B, 0xE52B, 0xE4EA, 0xDC88, 0xD426, 0xCC05,
    0xD3C4, 0xFD49, 0xFDEB, 0xFD47, 0xF465, 0xEC65, 0xFEF4, 0xFED3,
    0xFE70, 0xFE4D, 0xE508, 0xECE8, 0xFD07, 0xF58B, 0xC48B, 0x4942,
    0x1840, 0x1040, 0x0820, 0x0820, 0x0820, 0x1040, 0x0820, 0x0800,
    0x1020, 0x30E2, 0xA387, 0xFDEB, 0xF569, 0xECC7, 0xF4E7, 0xFDAB,
    0xFDCC, 0xFE0D, 0xFE92, 0xFEB2, 0xFEB2, 0xFE6F, 0xFD28, 0xF404,
    0xE3A3, 0xDB42, 0xDB83, 0xE3C3, 0xF445, 0xF424, 0xEC24, 0xF4A6,
    0xF444, 0xF424, 0xF465, 0xEC04, 0xCB01, 0xB240, 0xC2A1, 0xD302,
    0xE3A3, 0xF424, 0xF424, 0xFCC6, 0xFD08, 0xF4A5, 0xF424, 0xFCA6,
    0xFD28, 0xFCC7, 0xFCC7, 0xFD28, 0xFD48, 0xFDED, 0xFE71, 0xFE71,
    0xFE92, 0xFE71, 0xFE30, 0xF5CE, 0xF58B, 0xF56B, 0xF529, 0xF56A,
    0xF549, 0xF549, 0xF549, 0xF529, 0xF549, 0xF56A, 0xF56A, 0xFDAB,
    0xFDAB, 0xFDEC, 0xFDED, 0xFDEC, 0xED09, 0x5941, 0x8A84, 0xFED2,
    0xFE92, 0xFE71, 0xFD09, 0xF466, 0xEBE5, 0xEC46, 0xDC89, 0xDCAB,
    0xD44A, 0xB327, 0x9204, 0x8162, 0x8962, 0x89A3, 0x8142, 0x8122,
    0x9183, 0x9163, 0x99C4, 0xAA25, 0xAA25, 0xB267, 0xC2E8, 0xCB08,
    0xD36A, 0xDBCB, 0xE3EC, 0xE3EC, 0xE40C, 0xECAF, 0xF4F0, 0xF510,
    0xF510, 0xF530, 0xF551, 0xF571, 0xF591, 0xFDD2, 0xFDF2, 0xFE13,
    0xFE53, 0xFE32, 0xFE53, 0xF611, 0xF652, 0xF652, 0xEDD0, 0xEDAF,
    0xF653, 0xFF18, 0xDD92, 0xBC8D, 0xC4F0, 0xC532, 0xC573, 0xCDD5,
    0xCE17, 0xD638, 0xD638, 0xD638, 0xCE38, 0xCE18, 0xCDF8, 0xC5F7,
    0xC5D7, 0xBDB7, 0xBDB7, 0xBDB7, 0xBDB7, 0xBDB7, 0xBDB7, 0xBDB7,
    0x92A4, 0x9AC4, 0x9AC4, 0x9AC4, 0x9AC4, 0x9AC4, 0x9AC4, 0x9AC4,
    0x9AC4, 0x9AE4, 0x9AE4, 0x9AE4, 0x9AE4, 0x9AC4, 0x9AC4, 0x9AE4,
    0x9AE4, 0x9AE5, 0x9AE5, 0x9AE5, 0x9AE5, 0x9AE5, 0x9B05, 0x9B05,
    0x9B05, 0xA305, 0xA305, 0xA305, 0xA305, 0xA305, 0xA305, 0xA305,
    0xA305, 0xA305, 0xA305, 0xA305, 0xA305, 0xA305, 0xA305, 0xA305,
    0xA305, 0xA326, 0xA326, 0xA326, 0xA326, 0xA326, 0xA326, 0xA326,
    0xA326, 0xA326, 0xA326, 0xA326, 0xA347, 0xA367, 0xABA8, 0xABC8,
    0xABC9, 0xABE9, 0xABE9, 0xABE9, 0xABC9, 0xA3AA, 0xA3AA, 0x9389,
    0xA3EA, 0xBC4B, 0xC46B, 0xC48B, 0xCCAB, 0xD4EC, 0xD4CB, 0xCCAB,
    0xE4A8, 0xFDEB, 0xFE0C, 0xFD48, 0xF445, 0xF54B, 0xFF35, 0xFEB1,
    0xFE6F, 0xFE0C, 0xE4A7, 0x7202, 0xCCA9, 0x7AC6, 0x1000, 0x1040,
    0x1840, 0x1020, 0x1840, 0x1881, 0x28E2, 0x4164, 0x3943, 0x28C1,
    0x1860, 0x0800, 0x0800, 0x7A85, 0xFDAB, 0xF549, 0xECE7, 0xFDAB,
    0xFDCC, 0xFE2E, 0xFE70, 0xFEB2, 0xFEB2, 0xFE90, 0xFD69, 0xFCA6,
    0xF445, 0xEBC3, 0xEC04, 0xEC04, 0xE3A3, 0xDB42, 0xEBE4, 0xEC05,
    0xEBC4, 0xE3A3, 0xD322, 0xE382, 0xCAE1, 0xB240, 0xB260, 0xDB63,
    0xE383, 0xDB62, 0xF425, 0xF485, 0xF465, 0xF464, 0xEBE4, 0xDB21,
    0xFCA6, 0xFCE7, 0xF485, 0xFCE7, 0xFD28, 0xFDEC, 0xFE4F, 0xFE92,
    0xFE72, 0xFE0F, 0xF5CE, 0xF5AD, 0xF56B, 0xF54A, 0xED29, 0xED28,
    0xED08, 0xED08, 0xED09, 0xECE8, 0xECE7, 0xF529, 0xF549, 0xF58A,
    0xFDAB, 0xFDCC, 0xFDEC, 0xFDED, 0xFE0D, 0xCC47, 0x9283, 0xFE4E,
    0xFE91, 0xFEB3, 0xF4E9, 0xF425, 0xF467, 0xF466, 0xCC08, 0x9A85,
    0x89E3, 0x7941, 0x7901, 0x8142, 0x91A3, 0x99C4, 0x91A3, 0x8942,
    0x99A4, 0xA1E5, 0xA205, 0xB266, 0xBA87, 0xC2C8, 0xCB49, 0xD36A,
    0xDBAB, 0xE42D, 0xEC4D, 0xEC8E, 0xE42D, 0xF4EF, 0xF551, 0xF571,
    0xF571, 0xF551, 0xF550, 0xF591, 0xFDD2, 0xFDB1, 0xFE13, 0xF612,
    0xF632, 0xFE94, 0xFE53, 0xF652, 0xF633, 0xEDF1, 0xE54E, 0xEDF1,
    0xFF18, 0xE656, 0xBC4C, 0xBC8D, 0xC4CF, 0xC511, 0xCD73, 0xCDD5,
    0xD617, 0xD638, 0xD638, 0xD638, 0xCE38, 0xCE18, 0xCDF8, 0xCDF8,
    0xC5D7, 0xBDB7, 0xBDB7, 0xBDB7, 0xBDB7, 0xBDB7, 0xBDB7, 0xBDB7,
    0x9284, 0x9284, 0x9284, 0x9284, 0x9284, 0x92A4, 0x9284, 0x9284,
    0x92A4, 0x9283, 0x9283, 0x9283, 0x9283, 0x9283, 0x9283, 0x9283,
    0x8A83, 0x8A83, 0x8A83, 0x8A84, 0x92A4, 0x92A4, 0x92A4, 0x92A4,
    0x92A4, 0x92A4, 0x92A4, 0x92A4, 0x92A4, 0x92A4, 0x92A4, 0x92A4,
    0x92A4, 0x92A4, 0x92A4, 0x92A4, 0x92A4, 0x92A4, 0x92A4, 0x92C4,
    0x92C4, 0x92C4, 0x92C5, 0x92C5, 0x92C5, 0x92C5, 0x92C5, 0x92C5,
    0x9AC5, 0x9AC5, 0x9AE5, 0x9B05, 0x9B26, 0xA347, 0xA388, 0xABA8,
    0xABC9, 0xABC9, 0xABC9, 0xABC9, 0xABCA, 0xA3CA, 0xA3CA, 0x9B89,
    0x9369, 0x9368, 0x9B68, 0xA388, 0xABA9, 0xABEA, 0xABEB, 0xA40D,
    0xED8D, 0xFE2D, 0xFE2D, 0xFD68, 0xF445, 0xFE92, 0xFF15, 0xFE4E,
    0xFE0D, 0xFDAA, 0xFDAA, 0xC48A, 0x20A1, 0x0800, 0x1040, 0x1040,
    0x1860, 0x5206, 0x940E, 0xB533, 0xC595, 0xCDD6, 0xC595, 0xB4F2,
    0x9C0F, 0x6288, 0x20A1, 0x0000, 0x7AA5, 0xFDAA, 0xED08, 0xF56A,
    0xFDEC, 0xFE0D, 0xFE91, 0xFEB2, 0xFE91, 0xFE2E, 0xFDCB, 0xFD8A,
    0xF4A6, 0xEC24, 0xF465, 0xEC25, 0xDB63, 0xD342, 0xE3A3, 0xE3C4,
    0xEBE4, 0xDB42, 0xCAE1, 0xBA61, 0xB240, 0xBA61, 0xC2C1, 0xCAE1,
    0xD322, 0xDB63, 0xE3E4, 0xEC25, 0xEC04, 0xE3C3, 0xD322, 0xD301,
    0xE3A2, 0xF465, 0xF485, 0xF485, 0xFD27, 0xFE0E, 0xFE92, 0xFE50,
    0xFE2F, 0xFE50, 0xF5CD, 0xF56B, 0xED4A, 0xECE8, 0xED09, 0xED08,
    0xED29, 0xED08, 0xECC7, 0xECC8, 0xECE7, 0xED08, 0xF549, 0xF549,
    0xF58A, 0xFDAB, 0xFDED, 0xFE2E, 0xFE2F, 0xFE0E, 0xF54A, 0xFDCC,
    0xFE70, 0xFEF3, 0xFDEF, 0xEBE5, 0xF4E8, 0xF4A7, 0xCBC7, 0x68E1,
    0x68C0, 0x7921, 0x8142, 0x8983, 0x99E4, 0xA225, 0xA205, 0xA1E5,
    0xA1E5, 0xAA26, 0xBA66, 0xBA87, 0xC2E8, 0xCB09, 0xDBAB, 0xDC0C,
    0xDBCB, 0xEC6E, 0xECCF, 0xECEF, 0xF4F0, 0xF510, 0xF551, 0xF5B2,
    0xF5B2, 0xF5B2, 0xF5B2, 0xF5B2, 0xFDD2, 0xFE13, 0xFE33, 0xFE33,
    0xF612, 0xF632, 0xF611, 0xF653, 0xF694, 0xF633, 0xEDF1, 0xFED6,
    0xFF19, 0xD571, 0xBC4C, 0xBC8D, 0xC4CF, 0xC511, 0xCD73, 0xCDD5,
    0xD5F7, 0xD638, 0xD638, 0xD638, 0xCE38, 0xCE18, 0xCE18, 0xC5F8,
    0xC5D7, 0xBDB7, 0xBDB7, 0xBDB7, 0xBDB7, 0xBDB7, 0xBDB7, 0xBDB7,
    0x8A84, 0x8A84, 0x8A84, 0x8A84, 0x8A84, 0x8A84, 0x8A84, 0x8A83,
    0x8A83, 0x8A83, 0x8A83, 0x8A63, 0x8A63, 0x8A63, 0x8A63, 0x8A63,
    0x8A43, 0x8243, 0x8263, 0x8243, 0x8243, 0x8A63, 0x8A43, 0x8243,
    0x8243, 0x8243, 0x8243, 0x8243, 0x8243, 0x8243, 0x8243, 0x8243,
    0x8242, 0x8222, 0x8222, 0x8242, 0x8242, 0x8243, 0x8243, 0x8243,
    0x8243, 0x8243, 0x8263, 0x8A63, 0x8A63, 0x8A63, 0x8A63, 0x8A63,
    0x8A84, 0x8A84, 0x92A4, 0x92A4, 0x92E5, 0x9B26, 0xA347, 0xA388,
    0xABA8, 0xABC9, 0xABC9, 0xABC9, 0xA3C9, 0xA3CA, 0x9BA9, 0x9B89,
    0x9369, 0x9B68, 0x9B88, 0xA3A9, 0xABC9, 0xB3EA, 0xABEA, 0xBCAE,
    0xFD8B, 0xFDEC, 0xFE6E, 0xFD28, 0xFD29, 0xFF36, 0xFEB2, 0xFE2D,
    0xFDCA, 0xF58A, 0xFE4E, 0xA3C9, 0x1040, 0x1040, 0x0800, 0x4185,
    0xACF2, 0xE6DB, 0xF77D, 0xF77D, 0xFFBE, 0xFFFF, 0xFFDF, 0xF75C,
    0xEF3C, 0xEF1B, 0xC5B5, 0x5206, 0x0000, 0x9B67, 0xFD8A, 0xED08,
    0xFDCC, 0xFDEC, 0xFE50, 0xFEB2, 0xFE91, 0xFE70, 0xFE2D, 0xFDAA,
    0xFCC6, 0xEBE3, 0xEBE4, 0xE3C4, 0xD322, 0xD342, 0xE383, 0xE3A3,
    0xE383, 0xDB42, 0xD301, 0xBA81, 0xB241, 0xBA61, 0xD322, 0xCB02,
    0xCB02, 0xD322, 0xE383, 0xDB83, 0xD342, 0xD342, 0xE3A3, 0xE3A3,
    0xCB22, 0xEC04, 0xF486, 0xF485, 0xFDCC, 0xFE92, 0xFEB3, 0xFE93,
    0xFE71, 0xFE30, 0xF58C, 0xED4A, 0xED09, 0xE4C8, 0xE4C7, 0xE4A7,
    0xE445, 0xE465, 0xECA6, 0xECA7, 0xE486, 0xE4A6, 0xECE7, 0xF549,
    0xF569, 0xF549, 0xF58A, 0xFDCB, 0xFDEC, 0xFDEC, 0xFE0D, 0xFE0D,
    0xFE70, 0xFED3, 0xFE10, 0xEC46, 0xF4A7, 0xFCE7, 0xE488, 0x89C3,
    0x8163, 0x91A3, 0x99C4, 0xA205, 0xAA25, 0xAA66, 0xB287, 0xB2A7,
    0xBAA7, 0xC2C8, 0xCB29, 0xCB4A, 0xD36A, 0xDB8B, 0xE40D, 0xE44D,
    0xE42D, 0xEC6E, 0xF4EF, 0xF510, 0xF530, 0xF571, 0xF592, 0xF5D2,
    0xFE13, 0xFDF3, 0xFDF2, 0xFDF2, 0xFE13, 0xFE12, 0xFE33, 0xFEB5,
    0xFEB5, 0xFE74, 0xFE74, 0xF5F1, 0xE54E, 0xED8F, 0xFE74, 0xFF39,
    0xD593, 0xBC8E, 0xBC6C, 0xBC8D, 0xC4CF, 0xC531, 0xCD73, 0xCDD5,
    0xCDF7, 0xD638, 0xD638, 0xD638, 0xCE38, 0xCE18, 0xCE18, 0xC5F8,
    0xC5D7, 0xC5B7, 0xBDB7, 0xBDB7, 0xBDB7, 0xBDB7, 0xBDB7, 0xBDB7,
    0x8A85, 0x8A85, 0x8A85, 0x8A84, 0x8A84, 0x8A84, 0x8A84, 0x8A84,
    0x8A84, 0x8A84, 0x8A64, 0x8A64, 0x8A63, 0x8A63, 0x8243, 0x8243,
    0x8243, 0x8223, 0x8243, 0x8243, 0x8223, 0x8223, 0x7A23, 0x7A22,
    0x7A22, 0x7A23, 0x7A22, 0x7A22, 0x7A22, 0x7A22, 0x7A02, 0x7A02,
    0x7A02, 0x79E1, 0x71E1, 0x71E1, 0x71E1, 0x71C1, 0x71C1, 0x71C1,
    0x79E1, 0x79E1, 0x79E1, 0x79E1, 0x7A01, 0x7A02, 0x7A02, 0x8222,
    0x8222, 0x8242, 0x8242, 0x8263, 0x8AA4, 0x92E6, 0x9B47, 0xA367,
    0xA3A8, 0xABC9, 0xABC9, 0xABCA, 0xA3C9, 0x9BA9, 0x9B89, 0x9369,
    0x9348, 0x9368, 0x9B89, 0xA3A9, 0xABEA, 0xB40A, 0xAC2C, 0xD50D,
    0xF465, 0xFDCC, 0xFE6D, 0xF465, 0xF58C, 0xFF14, 0xFE90, 0xD4AA,
    0xE509, 0xFE8E, 0xB409, 0x1820, 0x1860, 0x0800, 0x62A9, 0xDE99,
    0xFFBE, 0xF79E, 0xFFFF, 0xFFFF, 0xD69A, 0x9C92, 0x732C, 0x49E7,
    0x39C6, 0x5289, 0x8C30, 0xC575, 0x6289, 0x1020, 0xDCC9, 0xF528,
    0xF5AB, 0xFDCC, 0xFE2F, 0xFE91, 0xFED3, 0xFED2, 0xFE6F, 0xFD27,
    0xEBE3, 0xDB42, 0xCAC1, 0xD302, 0xD301, 0xCB02, 0xDB42, 0xD322,
    0xD302, 0xD322, 0xCAC1, 0xC2A1, 0xB261, 0xB240, 0xD302, 0xDB43,
    0xBAA1, 0xCAE2, 0xDB42, 0xCB01, 0xD322, 0xD342, 0xD301, 0xD301,
    0xE3A3, 0xEC25, 0xFC86, 0xFD07, 0xFE2F, 0xFEB3, 0xFED4, 0xFEB4,
    0xFE51, 0xF60F, 0xF5CD, 0xED2A, 0xECE8, 0xE4A7, 0xE4A6, 0xECE8,
    0xF549, 0xFDAB, 0xFDEC, 0xFDED, 0xF5CC, 0xED4A, 0xECC8, 0xE486,
    0xECA6, 0xECC7, 0xED07, 0xF549, 0xFD8A, 0xFDAB, 0xFDED, 0xFE2E,
    0xFE2E, 0xFED3, 0xED4D, 0xDB63, 0xEC25, 0xFCC7, 0xF4E9, 0xB327,
    0xAAC7, 0xAAA6, 0xB2C7, 0xB287, 0xB2C7, 0xC2E8, 0xBAE8, 0xCB4A,
    0xCB29, 0xD38A, 0xDBAB, 0xDBCB, 0xDBCB, 0xE42D, 0xEC4D, 0xEC4D,
    0xEC6E, 0xEC8E, 0xF50F, 0xF530, 0xF571, 0xFD92, 0xFDB2, 0xFDD2,
    0xFE13, 0xFE13, 0xFDF2, 0xFDF2, 0xFE54, 0xFE53, 0xFE74, 0xFE95,
    0xFE74, 0xF673, 0xF653, 0xEDF1, 0xE58E, 0xF653, 0xFEF8, 0xDDF5,
    0xBCB0, 0xBC6D, 0xBC4C, 0xBC8D, 0xC4CF, 0xC531, 0xCD94, 0xCDD5,
    0xCDF7, 0xD638, 0xD638, 0xD638, 0xCE38, 0xCE18, 0xCE18, 0xC5F8,
    0xC5D7, 0xC5B7, 0xBDB7, 0xBDB7, 0xC5B7, 0xBDD7, 0xBDD7, 0xBDD7,
    0x8AA5, 0x8AA5, 0x8AA5, 0x8AA5, 0x8AA5, 0x8AA5, 0x8A85, 0x8A85,
    0x8A85, 0x8A85, 0x8285, 0x8264, 0x8264, 0x8264, 0x8264, 0x8244,
    0x8243, 0x7A43, 0x7A43, 0x7A43, 0x7A23, 0x7A23, 0x7A23, 0x7A23,
    0x7A03, 0x7A03, 0x7A03, 0x7A03, 0x7A02, 0x7A02, 0x7A02, 0x79E2,
    0x71E1, 0x71C1, 0x71C1, 0x71C1, 0x71A0, 0x71A0, 0x71A0, 0x71A0,
    0x71A0, 0x71A0, 0x71A1, 0x71C1, 0x71C1, 0x71E1, 0x79E1, 0x7A01,
    0x7A02, 0x7A02, 0x8222, 0x8242, 0x8A84, 0x92E5, 0x9B47, 0xA368,
    0xA3A8, 0xABC9, 0xABC9, 0xABC9, 0xA3C9, 0x9B89, 0x9369, 0x9348,
    0x9348, 0x9348, 0x9B89, 0xA3C9, 0xABEA, 0xB40A, 0xAC0B, 0xD449,
    0xF445, 0xFDEC, 0xFDEB, 0xF485, 0xFE50, 0xFEB1, 0xFE6F, 0xDD4C,
    0x61C3, 0x7AC6, 0x3901, 0x1860, 0x1020, 0x7B4C, 0xF73C, 0xF79E,
    0xF79E, 0xFFFF, 0xE71C, 0x732C, 0x28C2, 0x2861, 0x2860, 0x1800,
    0x0800, 0x1000, 0x1000, 0x18A2, 0x734C, 0x41C7, 0x59E3, 0xFD8A,
    0xED4A, 0xFDEC, 0xFE71, 0xFEB3, 0xFED3, 0xFED2, 0xFE2D, 0xF444,
    0xDB63, 0xDB43, 0xCAE2, 0xCAC1, 0xCAC1, 0xD2E1, 0xD302, 0xD322,
    0xCB02, 0xCAE1, 0xD302, 0xC2A1, 0xBA61, 0xC2A1, 0xB240, 0xBA80,
    0xC2A1, 0xD302, 0xC2A1, 0xCAE2, 0xD2E1, 0xBA60, 0xC2C1, 0xD322,
    0xDB42, 0xDB62, 0xF424, 0xFCE6, 0xFDED, 0xFE50, 0xFE30, 0xFE51,
    0xF5EE, 0xF5CE, 0xED6C, 0xED2A, 0xE4E8, 0xE4A6, 0xED29, 0xFDEC,
    0xFE6F, 0xFE8F, 0xFE4E, 0xFE6F, 0xFEB0, 0xFEB0, 0xFE91, 0xF630,
    0xE4C8, 0xE445, 0xF508, 0xF549, 0xFDAA, 0xFDEC, 0xFE2E, 0xFE2F,
    0xFE4F, 0xFEB2, 0xF5AE, 0xDB63, 0xEBE5, 0xF466, 0xFD29, 0xD44A,
    0xCC2B, 0xCC6B, 0xD44C, 0xCBCB, 0xD3EB, 0xD3EC, 0xDC0C, 0xDC0C,
    0xDBCB, 0xDBEC, 0xE3EC, 0xE42C, 0xE42C, 0xEC4D, 0xEC6E, 0xEC8E,
    0xF4CF, 0xF4EF, 0xF510, 0xF530, 0xF551, 0xFDD2, 0xFDF3, 0xFE13,
    0xFE13, 0xFE33, 0xFE54, 0xFE33, 0xF5F2, 0xFE12, 0xFE74, 0xFE95,
    0xFE94, 0xFE94, 0xF674, 0xEDD0, 0xF611, 0xFEF7, 0xD5D5, 0xBCF1,
    0xBCAF, 0xBC6D, 0xB44C, 0xBC8D, 0xC4CF, 0xC531, 0xCD74, 0xCDD5,
    0xCDF7, 0xD638, 0xD638, 0xD638, 0xCE38, 0xCE18, 0xCE18, 0xCDF8,
    0xC5D7, 0xC5B7, 0xBDB7, 0xBDB7, 0xC5B7, 0xC5D7, 0xBDD8, 0xBDD7,
    0x8AA6, 0x8AA6, 0x8AA6, 0x8AC6, 0x8AC6, 0x8AA6, 0x8AA6, 0x8AA6,
    0x8AA6, 0x8285, 0x8A85, 0x8285, 0x8285, 0x8285, 0x8265, 0x8264,
    0x8264, 0x8264, 0x7A64, 0x7A44, 0x7A44, 0x7A44, 0x7A44, 0x7A24,
    0x7A23, 0x7A23, 0x7A23, 0x7A23, 0x7A03, 0x7A03, 0x7A02, 0x71E2,
    0x71C1, 0x71A1, 0x69A0, 0x69A0, 0x71A0, 0x71A0, 0x71A0, 0x71A0,
    0x71A0, 0x71A0, 0x71C0, 0x71C1, 0x71C1, 0x79E1, 0x79E1, 0x7A02,
    0x7A02, 0x8222, 0x8222, 0x8243, 0x8AA4, 0x9B06, 0xA347, 0xA388,
    0xABA9, 0xABC9, 0xABE9, 0xABCA, 0xA3C9, 0x9BA9, 0x9369, 0x9348,
    0x8B28, 0x9348, 0x9B88, 0xA3C9, 0xAC0A, 0xB40A, 0xB40A, 0xDC68,
    0xEC04, 0xFDAA, 0xFD89, 0xFD8B, 0xFF14, 0xFE6F, 0xFE70, 0xFE4E,
    0xC407, 0x1020, 0x1860, 0x1020, 0x6ACA, 0xFFBE, 0xF7BE, 0xF79E,
    0xFFFF, 0xBDB6, 0x3924, 0x2881, 0x30A1, 0x3903, 0x41A6, 0x3986,
    0x2945, 0x3124, 0x28A1, 0x1800, 0x0000, 0x41C6, 0x3124, 0xCC88,
    0xF56A, 0xF5EE, 0xFE92, 0xFED4, 0xFEB2, 0xFEB1, 0xFDAA, 0xEC04,
    0xDB63, 0xCB02, 0xCAE2, 0xCB02, 0xC2C1, 0xCAE1, 0xCAE2, 0xD302,
    0xCAE2, 0xC2A1, 0xD302, 0xD302, 0xB241, 0xD302, 0xD322, 0xDB63,
    0xE363, 0xCAC1, 0xBAA2, 0xCB02, 0xB241, 0xAA20, 0xC2A1, 0xD302,
    0xBA81, 0xCAC1, 0xE3C3, 0xF4A6, 0xFD8B, 0xFE51, 0xFE30, 0xF630,
    0xF5AE, 0xED6C, 0xED2A, 0xE4C8, 0xE486, 0xF549, 0xFE0C, 0xF5AC,
    0xC48A, 0x9327, 0x7AA6, 0x7265, 0x82E6, 0xAC09, 0xE58E, 0xFED2,
    0xFF13, 0xED4A, 0xE466, 0xF508, 0xF569, 0xFDCC, 0xFE0D, 0xFE0E,
    0xFE0E, 0xFE70, 0xFE10, 0xEC26, 0xEC45, 0xFCE7, 0xFD8B, 0xDCAA,
    0xD48C, 0xDCCD, 0xDD0E, 0xE52F, 0xE50F, 0xE4EF, 0xE4EF, 0xE4AF,
    0xE48E, 0xE44D, 0xE44D, 0xEC6D, 0xEC6D, 0xEC6E, 0xEC8E, 0xEC6E,
    0xECAE, 0xF571, 0xF571, 0xFDB2, 0xFDD3, 0xFDF3, 0xFE34, 0xFDF2,
    0xFE33, 0xFE54, 0xFE53, 0xFE94, 0xFEB5, 0xFEB5, 0xF653, 0xF611,
    0xF633, 0xF632, 0xF632, 0xFE74, 0xFF18, 0xE677, 0xBD33, 0xBCF1,
    0xBCAF, 0xB46D, 0xB44C, 0xBC8D, 0xC4CF, 0xC531, 0xC574, 0xCDB5,
    0xCDF7, 0xD638, 0xD638, 0xD638, 0xCE38, 0xCE18, 0xCE18, 0xC5F8,
    0xC5D7, 0xC5D7, 0xC5B7, 0xBDB7, 0xC5D7, 0xC5D7, 0xC5D8, 0xBDD7,
    0x8AC7, 0x8AC7, 0x8AC7, 0x8AC7, 0x8AC7, 0x8AC7, 0x8AC7, 0x8AC7,
    0x8AA6, 0x82A6, 0x82A6, 0x82A6, 0x82A6, 0x82A6, 0x8286, 0x8285,
    0x8285, 0x8265, 0x8265, 0x7A65, 0x7A65, 0x7A65, 0x7A65, 0x7A45,
    0x7A44, 0x7A44, 0x7A24, 0x7A24, 0x7A24, 0x7A23, 0x7A03, 0x71E2,
    0x71C1, 0x69C1, 0x69A0, 0x71A0, 0x71A0, 0x71A0, 0x71A0, 0x71A0,
    0x71A0, 0x71C0, 0x71C1, 0x71C1, 0x79E1, 0x79E1, 0x7A02, 0x7A22,
    0x8222, 0x8222, 0x8243, 0x8263, 0x92C5, 0x9B26, 0xA367, 0xABA8,
    0xABC9, 0xABC9, 0xABEA, 0xABEA, 0xA3CA, 0x9BA9, 0x9369, 0x8B48,
    0x8B28, 0x9348, 0x9B89, 0xA3C9, 0xB40A, 0xB40A, 0xBC4B, 0xEC67,
    0xEC45, 0xFDEB, 0xFD48, 0xFE71, 0xFED3, 0xFE6F, 0xFE4E, 0xFDEC,
    0xCC67, 0x1860, 0x0820, 0x4185, 0xEF3C, 0xFFDF, 0xF7BE, 0xFFFF,
    0xB596, 0x28C3, 0x3903, 0x4103, 0x4185, 0x526A, 0x526A, 0x39E8,
    0x2945, 0x4229, 0x9492, 0x62AA, 0x1820, 0x1000, 0x18A3, 0x8B26,
    0xFD8A, 0xF5CD, 0xFE92, 0xFEB3, 0xFEB2, 0xFE91, 0xFD6A, 0xEC04,
    0xD343, 0xC2C2, 0xCB02, 0xCB02, 0xBA81, 0xC2A1, 0xCB02, 0xD342,
    0xDB63, 0xE383, 0xD322, 0xC2A1, 0xB241, 0xCAE1, 0xE383, 0xDB63,
    0xC2A1, 0xCB02, 0xCAE2, 0xBA81, 0xBA61, 0xCAC1, 0xC281, 0xBA81,
    0xBA81, 0xCAE1, 0xE3C3, 0xFCE8, 0xFE71, 0xFE92, 0xFEB3, 0xFE51,
    0xF5CE, 0xED6C, 0xE4C8, 0xD446, 0xED29, 0xF58B, 0xABA8, 0x4983,
    0x1040, 0x0800, 0x0800, 0x0000, 0x0820, 0x1861, 0x3902, 0x6A45,
    0xC4AB, 0xFEB1, 0xF56B, 0xE465, 0xF528, 0xFD8A, 0xFDEC, 0xFDED,
    0xFE0D, 0xFE4F, 0xFDEE, 0xFD49, 0xFD8B, 0xFE0D, 0xFDCC, 0xE4EB,
    0xD4CC, 0xD4AC, 0xDD0D, 0xE52E, 0xE52F, 0xED50, 0xED71, 0xED51,
    0xECEF, 0xECCF, 0xF4F0, 0xF4EF, 0xF4CF, 0xF4EF, 0xF510, 0xF551,
    0xF591, 0xFDD2, 0xFDD2, 0xF591, 0xFDF3, 0xFE12, 0xFE33, 0xFDF1,
    0xFE33, 0xFE74, 0xFE73, 0xFE94, 0xFE94, 0xFE94, 0xFE73, 0xF653,
    0xF632, 0xEDD0, 0xF631, 0xFEF6, 0xEEB8, 0xC5B5, 0xBD33, 0xBCF1,
    0xBCAF, 0xBC6D, 0xBC4C, 0xBC8D, 0xC4CF, 0xC531, 0xCD74, 0xCDB5,
    0xCDF7, 0xD638, 0xD638, 0xD638, 0xCE38, 0xCE18, 0xCE18, 0xCDF8,
    0xC5D7, 0xC5D7, 0xC5B7, 0xBDB7, 0xC5D7, 0xBDD7, 0xBDD7, 0xC5D7,
    0x8AE7, 0x8AE7, 0x8AE7, 0x8AE8, 0x8AE8, 0x8AE8, 0x8AE8, 0x8AE7,
    0x8AE7, 0x8AC7, 0x82C7, 0x82C7, 0x82C7, 0x82C7, 0x82A7, 0x82A6,
    0x82A6, 0x82A6, 0x82A6, 0x8286, 0x7A86, 0x7A86, 0x7A86, 0x7A66,
    0x7A66, 0x7A65, 0x7A45, 0x7A45, 0x7A45, 0x7A44, 0x7A24, 0x7203,
    0x71E2, 0x71C1, 0x69A1, 0x71A0, 0x71A0, 0x71A0, 0x71A0, 0x71A1,
    0x71C1, 0x71C1, 0x71C1, 0x79E1, 0x79E1, 0x7A02, 0x8202, 0x8222,
    0x8243, 0x8243, 0x8263, 0x8A84, 0x92C5, 0x9B26, 0xA368, 0xABA8,
    0xABC9, 0xB3EA, 0xB3EA, 0xABEA, 0xA3CA, 0x9BA9, 0x9369, 0x9348,
    0x9348, 0x9348, 0x9B89, 0xA3C9, 0xB40A, 0xB42B, 0xC46A, 0xF466,
    0xF445, 0xFD69, 0xFE4F, 0xFF37, 0xFEB1, 0xFE70, 0xFE2D, 0xED2A,
    0x5182, 0x0000, 0x0820, 0xB554, 0xFFFF, 0xF7BE, 0xFFFF, 0xD69A,
    0x3924, 0x4144, 0x4103, 0x4985, 0x526A, 0x4A49, 0x41E8, 0x3186,
    0x2945, 0xD679, 0xFFFF, 0xFFDF, 0x5A69, 0x2020, 0x0800, 0x51C4,
    0xF5AC, 0xF5CE, 0xFE92, 0xFE92, 0xFE92, 0xFE71, 0xFDEC, 0xF466,
    0xDB63, 0xCB02, 0xC2A1, 0xCAE2, 0xBA81, 0xBA81, 0xCAC1, 0xE3A3,
    0xEBE4, 0xEBE4, 0xDB63, 0xC2C2, 0xB241, 0xCAC1, 0xDB42, 0xDB22,
    0xCB02, 0xC2E2, 0xD322, 0xCAE2, 0xCAE1, 0xC281, 0xAA20, 0xBA60,
    0xC2C1, 0xD322, 0xEBE4, 0xFD8B, 0xFE92, 0xFE92, 0xFE71, 0xF630,
    0xF5CF, 0xED2A, 0xD446, 0xED09, 0xDCEA, 0x4983, 0x0000, 0x0800,
    0x1840, 0x1881, 0x20A1, 0x1040, 0x0000, 0x0820, 0x0820, 0x0000,
    0x0800, 0x8B07, 0xEE10, 0xE4A8, 0xE486, 0xF56A, 0xFDAB, 0xFDCC,
    0xFDEC, 0xFE2F, 0xFE0D, 0xFDED, 0xFE71, 0xFE91, 0xFE2E, 0xED4D,
    0xDCED, 0xDCCC, 0xD48B, 0xE4ED, 0xED2E, 0xED2F, 0xED2F, 0xF530,
    0xF570, 0xF591, 0xF5B2, 0xF5B2, 0xF592, 0xF5B2, 0xF5D3, 0xFDD2,
    0xFDF3, 0xFDF3, 0xFDF3, 0xFDB1, 0xFDD1, 0xFE13, 0xFDF2, 0xFE33,
    0xFE12, 0xFE74, 0xFEB5, 0xFE74, 0xFE53, 0xFE73, 0xFE74, 0xF612,
    0xEDD0, 0xF632, 0xFED6, 0xDE78, 0xCDF6, 0xBD74, 0xBD33, 0xBCF1,
    0xBCAF, 0xBC6C, 0xB44B, 0xBC6D, 0xC4CF, 0xC511, 0xCD73, 0xCDB5,
    0xCDF7, 0xD638, 0xD638, 0xD638, 0xCE38, 0xCE18, 0xCE18, 0xCDF8,
    0xC5F7, 0xC5D7, 0xC5D7, 0xBDB7, 0xBDB7, 0xBDB7, 0xC5B7, 0xC5B7,
    0x8AE8, 0x8AE8, 0x8AE8, 0x8AE8, 0x8AE8, 0x8AE8, 0x8AE8, 0x8AE8,
    0x8AE8, 0x8AC8, 0x8AE8, 0x8AE8, 0x8AE8, 0x82E8, 0x82C7, 0x82C7,
    0x82C7, 0x82C7, 0x82A7, 0x82A7, 0x82A7, 0x7AA7, 0x7AA7, 0x7AA7,
    0x7A87, 0x7A86, 0x7A86, 0x7A66, 0x7A66, 0x7A65, 0x7A45, 0x7A24,
    0x7203, 0x71E2, 0x71C1, 0x71A1, 0x71A1, 0x71C1, 0x71C1, 0x71C1,
    0x71C1, 0x79C1, 0x79E1, 0x79E2, 0x7A02, 0x7A02, 0x8222, 0x8223,
    0x8243, 0x8A63, 0x8A63, 0x8A84, 0x92C5, 0x9B26, 0xA368, 0xABA8,
    0xB3C9, 0xB3EA, 0xB40A, 0xABEA, 0xA3CA, 0x9BA9, 0x9389, 0x9348,
    0x9348, 0x9348, 0x9B89, 0xABC9, 0xB40A, 0xAC2B, 0xD4AA, 0xFD69,
    0xFD29, 0xFDAB, 0xFF36, 0xFF36, 0xFEB2, 0xFE70, 0xFDCB, 0xFDCB,
    0x51A3, 0x0000, 0x5248, 0xFF7D, 0xF79E, 0xFFDF, 0xF7DE, 0x62AA,
    0x4965, 0x4944, 0x4923, 0x39A6, 0x2945, 0x18E3, 0x18C3, 0x0861,
    0x2945, 0xFFBE, 0xF7BE, 0xFFFF, 0x8C51, 0x1000, 0x1840, 0x20A1,
    0xE52B, 0xF60F, 0xFE72, 0xFE92, 0xFED4, 0xFE91, 0xFE0D, 0xEC45,
    0xE3A4, 0xD343, 0xC2E2, 0xD302, 0xCB02, 0xCB02, 0xD302, 0xD302,
    0xDB22, 0xDB42, 0xD342, 0xC2C2, 0xB261, 0xC2A1, 0xDB42, 0xE383,
    0xE383, 0xCB02, 0xD322, 0xD2E1, 0xC281, 0xB261, 0xB261, 0xB260,
    0xBAA1, 0xCB02, 0xF4A7, 0xFE30, 0xFE92, 0xFE72, 0xFE51, 0xF5EF,
    0xEDAE, 0xDCA9, 0xE4A7, 0xCC89, 0x28C1, 0x0800, 0x49E6, 0x8BAD,
    0xACD2, 0xACD2, 0xA470, 0x8BAD, 0x6A88, 0x4163, 0x1840, 0x0820,
    0x0840, 0x0800, 0x5183, 0xFDCC, 0xECE7, 0xED29, 0xF56A, 0xFD8A,
    0xFDCC, 0xFE0E, 0xFE50, 0xFE50, 0xFE70, 0xFE2F, 0xFE70, 0xED6D,
    0xD4AB, 0xD4CC, 0xDCCC, 0xDCAB, 0xE4CD, 0xED0F, 0xF52F, 0xF52F,
    0xF550, 0xF591, 0xF5F2, 0xFDF3, 0xFDF3, 0xF5D2, 0xFDD2, 0xFDF3,
    0xFDF2, 0xFE13, 0xFE13, 0xFE13, 0xFE12, 0xFE53, 0xFDF2, 0xFE53,
    0xFE95, 0xFE74, 0xFE94, 0xFEB6, 0xF674, 0xF632, 0xF632, 0xF632,
    0xF652, 0xFED7, 0xDE78, 0xC5D7, 0xC5D6, 0xC575, 0xBD33, 0xBCF1,
    0xBC8F, 0xB44C, 0xB44B, 0xBC6C, 0xC4AF, 0xC511, 0xC573, 0xCDB5,
    0xCDF7, 0xD638, 0xD638, 0xD638, 0xCE38, 0xCE18, 0xCE18, 0xCDF8,
    0xC5F7, 0xC5B7, 0xC5D7, 0xBDD7, 0xC5B7, 0xBDB7, 0xBDB7, 0xBDB7,
    0x8B08, 0x8AE8, 0x8B08, 0x8B08, 0x8AE8, 0x8AE8, 0x8AE8, 0x8AE8,
    0x8AE8, 0x8AE8, 0x8AE8, 0x8AE8, 0x8AE8, 0x8AE8, 0x82C8, 0x82C8,
    0x82C8, 0x82C8, 0x82C8, 0x82C8, 0x82C8, 0x82C7, 0x82A7, 0x82A7,
    0x82A7, 0x7AA7, 0x7AA7, 0x7AA7, 0x7A86, 0x7A86, 0x7A65, 0x7A45,
    0x7A23, 0x7A03, 0x71E2, 0x71C1, 0x71C1, 0x71C1, 0x79C1, 0x79E1,
    0x79E1, 0x79E2, 0x7A02, 0x7A02, 0x7A02, 0x8222, 0x8243, 0x8243,
    0x8A43, 0x8A63, 0x8A83, 0x8A84, 0x92C5, 0x9B26, 0xA388, 0xABA9,
    0xB3E9, 0xB3EA, 0xB40A, 0xABEA, 0xA3CA, 0x9BAA, 0x9B89, 0x9348,
    0x9348, 0x9348, 0x9B89, 0xABC9, 0xB42B, 0xB40B, 0xD4CB, 0xFE2D,
    0xFD69, 0xFDCC, 0xFF78, 0xFF14, 0xFEB2, 0xFEF2, 0xFE2C, 0xB3C7,
    0x2080, 0x1840, 0xBD54, 0xFFDF, 0xF79E, 0xFFFF, 0xB555, 0x4965,
    0x51A5, 0x4923, 0x30E2, 0x0882, 0x0821, 0x0820, 0x0820, 0x0020,
    0x0000, 0x9472, 0xF7BE, 0xD6BA, 0x39A7, 0x0000, 0x2040, 0x1820,
    0xC469, 0xFE0E, 0xFE71, 0xFE71, 0xFE92, 0xFEB2, 0xFDEC, 0xE3E3,
    0xDB63, 0xD322, 0xD343, 0xD343, 0xD322, 0xD322, 0xDB63, 0xE3A3,
    0xE383, 0xE383, 0xD302, 0xC2E2, 0xBA81, 0xCB01, 0xEBE4, 0xEBC3,
    0xE383, 0xD322, 0xD301, 0xC2A1, 0xAA00, 0xC2C1, 0xC2E2, 0xBAA1,
    0xCB02, 0xDB83, 0xF4C7, 0xFEB2, 0xFEB3, 0xFE93, 0xFE51, 0xEDCF,
    0xE54C, 0xDC87, 0xCC68, 0x20A1, 0x3124, 0x7B4C, 0x8BCE, 0x8BCF,
    0x9CB2, 0xCE18, 0xF73C, 0xEEFB, 0xD658, 0xBD54, 0x7B0A, 0x2081,
    0x0800, 0x1060, 0x1040, 0x9327, 0xD489, 0xDC67, 0xF549, 0xF56A,
    0xFDAB, 0xFE2E, 0xFE70, 0xFE50, 0xFDAC, 0xFD08, 0xFE4F, 0xED4D,
    0xD48B, 0xD48A, 0xDCCB, 0xE50D, 0xE4EC, 0xE4CD, 0xF52F, 0xF570,
    0xF590, 0xF5D1, 0xFE13, 0xFE13, 0xFE13, 0xFDF2, 0xFE13, 0xFDF2,
    0xFE13, 0xFE33, 0xFE13, 0xFE12, 0xFE12, 0xFE74, 0xFEB5, 0xFE74,
    0xFE53, 0xFE95, 0xFEB6, 0xFE95, 0xFE95, 0xEDF1, 0xEDAF, 0xFE73,
    0xFED8, 0xD658, 0xC5F7, 0xCDF7, 0xC5D6, 0xC595, 0xBD33, 0xBCF1,
    0xBC8F, 0xBC4C, 0xB44B, 0xBC6C, 0xC4AF, 0xC511, 0xC573, 0xCDB5,
    0xCDF7, 0xD638, 0xD638, 0xD638, 0xCE38, 0xCE38, 0xCE18, 0xC5F8,
    0xC5D7, 0xC5B7, 0xC5B7, 0xBDB7, 0xC5B7, 0xBDB7, 0xBDB7, 0xBDB7,
    0x8B09, 0x8B09, 0x8B09, 0x8B09, 0x8B09, 0x8B09, 0x8B09, 0x8B09,
    0x8B09, 0x8B08, 0x8B09, 0x8B08, 0x8AE8, 0x82E8, 0x82E8, 0x82E8,
    0x82E8, 0x82E8, 0x82C8, 0x82E8, 0x82C8, 0x82C8, 0x82C8, 0x82C8,
    0x82C8, 0x7AC8, 0x7AC8, 0x7AA8, 0x82A7, 0x82A7, 0x7A86, 0x7A65,
    0x7A44, 0x7A23, 0x79E2, 0x79C1, 0x79C1, 0x79E1, 0x79E1, 0x79E1,
    0x7A02, 0x7A02, 0x7A02, 0x8222, 0x8222, 0x8243, 0x8243, 0x8A63,
    0x8A63, 0x8A83, 0x8A83, 0x92A4, 0x9AE5, 0x9B27, 0xAB88, 0xABC9,
    0xB3E9, 0xB40A, 0xB40A, 0xABEA, 0xA3CA, 0x9BA9, 0x9B89, 0x9348,
    0x9348, 0x9348, 0x9B89, 0xABE9, 0xB42A, 0xB42A, 0xE54C, 0xFEB0,
    0xFE0D, 0xFEB2, 0xFF36, 0xFEF3, 0xE56C, 0x9326, 0x59C3, 0x0820,
    0x0800, 0x41A5, 0xF75C, 0xF79E, 0xFFBE, 0xF7BE, 0x6AAA, 0x4965,
    0x4943, 0x4102, 0x0841, 0x0020, 0x0841, 0x0841, 0x0820, 0x0020,
    0x0020, 0x0000, 0x2945, 0x18E3, 0x1061, 0x0841, 0x1840, 0x1800,
    0xA3A8, 0xFE2F, 0xFE72, 0xFEB3, 0xFE92, 0xFED4, 0xFDED, 0xE3C3,
    0xDB63, 0xDB42, 0xDB43, 0xDB83, 0xEBE4, 0xEC25, 0xF445, 0xEBE3,
    0xEBC3, 0xEBC3, 0xE362, 0xC2C1, 0xAA00, 0xE3A3, 0xEBC3, 0xEBA3,
    0xE3A3, 0xEBE4, 0xE383, 0xCAE1, 0xB261, 0xBAA1, 0xBAA1, 0xC2E2,
    0xD322, 0xDB41, 0xF56B, 0xFE72, 0xFE71, 0xFE72, 0xF610, 0xED8E,
    0xDCA9, 0xE4E9, 0x4983, 0x18C2, 0x3964, 0x1840, 0x0800, 0x0000,
    0x0000, 0x1061, 0x5A8A, 0xCE59, 0xFFFF, 0xEF3C, 0xD637, 0x9C0E,
    0x3103, 0x1020, 0x0820, 0x0000, 0xA388, 0xF549, 0xECE8, 0xFD8A,
    0xFDCB, 0xFE2F, 0xFE91, 0xF56B, 0xEC46, 0xF424, 0xFDEC, 0xED4D,
    0xD46A, 0xD4CB, 0xD469, 0xDCCB, 0xE52D, 0xED2E, 0xED2E, 0xF58F,
    0xF5D1, 0xF5F1, 0xFE12, 0xFE33, 0xFE13, 0xFE33, 0xFE33, 0xFE13,
    0xFE53, 0xFE33, 0xFE33, 0xFE53, 0xFE53, 0xFE94, 0xFEB6, 0xFED6,
    0xFE94, 0xF632, 0xFE74, 0xF653, 0xF674, 0xF653, 0xF673, 0xEEB7,
    0xD658, 0xC5F7, 0xC617, 0xC5F7, 0xC5B6, 0xC595, 0xBD33, 0xBCF1,
    0xBC8F, 0xB46C, 0xB44B, 0xBC6D, 0xC4CF, 0xC511, 0xCD74, 0xCDD6,
    0xCE17, 0xD638, 0xD638, 0xD638, 0xCE38, 0xCE18, 0xCE18, 0xCE18,
    0xC5F7, 0xC5D7, 0xC5D7, 0xC5D7, 0xC5D7, 0xC5D7, 0xC5D7, 0xC5D7,
    0x8B29, 0x8B29, 0x8B29, 0x8B29, 0x8B29, 0x8B29, 0x8B29, 0x8B09,
    0x8B09, 0x8B09, 0x8B09, 0x8B09, 0x8B09, 0x8B09, 0x8B09, 0x8B09,
    0x82E9, 0x82E9, 0x82E8, 0x82E8, 0x82E8, 0x82E8, 0x82E8, 0x82E8,
    0x82C8, 0x82C8, 0x7AC8, 0x7AC8, 0x82C8, 0x82A7, 0x82A6, 0x7A65,
    0x7A44, 0x7A23, 0x7A02, 0x79E2, 0x79E2, 0x79E2, 0x7A02, 0x7A02,
    0x7A02, 0x7A02, 0x8222, 0x8223, 0x8243, 0x8A43, 0x8A63, 0x8A63,
    0x8A83, 0x8A84, 0x8A84, 0x92A4, 0x92E5, 0xA327, 0xAB88, 0xABC9,
    0xB3EA, 0xB40A, 0xB40A, 0xABEA, 0xA3CA, 0x9BA9, 0x9B89, 0x9348,
    0x9348, 0x9348, 0x9B89, 0xABC9, 0xB40A, 0xBC4A, 0xF651, 0xFF14,
    0xFEF3, 0xFEF3, 0xFEF4, 0xFE90, 0xFE2C, 0xC447, 0x59A2, 0x1860,
    0x0800, 0x83CE, 0xFFDE, 0xF79E, 0xFFFF, 0xC618, 0x4124, 0x4964,
    0x5122, 0x2060, 0x0020, 0x0840, 0x0821, 0x0020, 0x0020, 0x0000,
    0x0020, 0x0020, 0x0000, 0x0861, 0x1082, 0x0841, 0x1840, 0x2020,
    0x9326, 0xFE2F, 0xFE72, 0xFEB3, 0xFED4, 0xFEF4, 0xFDCC, 0xEC24,
    0xEBE4, 0xE3C4, 0xD342, 0xE3E4, 0xFC86, 0xF465, 0xF465, 0xF404,
    0xF445, 0xEC04, 0xE383, 0xD2E1, 0xCAC1, 0xDB42, 0xE382, 0xE382,
    0xEBC3, 0xEBC3, 0xDB62, 0xCAC1, 0xC2C2, 0xBA81, 0xBA81, 0xC2C1,
    0xE3A4, 0xEC45, 0xFE2F, 0xFE71, 0xFE92, 0xFE51, 0xEDF0, 0xE52C,
    0xE4C9, 0x9B67, 0x0820, 0x0820, 0x1000, 0x3924, 0x41A6, 0x3145,
    0x28E3, 0x1040, 0x0000, 0x2081, 0xA4D3, 0xFFFF, 0xEF1C, 0xDE99,
    0xACD1, 0x28E2, 0x0820, 0x0820, 0x4963, 0xF58B, 0xE4C7, 0xF56A,
    0xFDED, 0xFE4F, 0xFEB2, 0xE4A9, 0xDB83, 0xEC05, 0xFD8B, 0xDCEA,
    0xC408, 0xCC69, 0xD48A, 0xDCCB, 0xE52D, 0xE52D, 0xED8F, 0xF5D1,
    0xF5D1, 0xF5F1, 0xF5D1, 0xF5F2, 0xFE12, 0xFE33, 0xFE54, 0xFE33,
    0xFE54, 0xFE74, 0xFE74, 0xFE94, 0xFE73, 0xFE53, 0xFEB5, 0xFED6,
    0xFEB6, 0xF633, 0xF674, 0xEDCF, 0xF611, 0xFEB6, 0xE698, 0xCE18,
    0xC618, 0xCE18, 0xCE17, 0xC5F7, 0xC5B6, 0xC575, 0xBD33, 0xBCF1,
    0xBC8F, 0xBC6D, 0xBC4B, 0xBC6C, 0xC4CF, 0xC511, 0xCD74, 0xCDD5,
    0xD617, 0xD638, 0xD638, 0xD638, 0xCE38, 0xCE38, 0xCE18, 0xCE18,
    0xC5F8, 0xC5F7, 0xC5F7, 0xC5F8, 0xC5F8, 0xC5F7, 0xC5F8, 0xC5F8,
    0x9329, 0x9329, 0x9329, 0x9329, 0x932A, 0x8B2A, 0x8B29, 0x8B29,
    0x8B29, 0x8B29, 0x8B29, 0x8B29, 0x8B29, 0x8B09, 0x8B09, 0x8B09,
    0x8B09, 0x8B09, 0x8B09, 0x8B09, 0x8B09, 0x8B09, 0x8B09, 0x8309,
    0x82E9, 0x82E9, 0x82E9, 0x82C8, 0x82C8, 0x82C7, 0x82A6, 0x8286,
    0x7A44, 0x7A23, 0x7A03, 0x7A02, 0x7A02, 0x7A02, 0x7A02, 0x7A02,
    0x8222, 0x8222, 0x8223, 0x8243, 0x8243, 0x8A63, 0x8A64, 0x8A84,
    0x8A84, 0x8A84, 0x9284, 0x92A4, 0x92E5, 0x9B47, 0xAB88, 0xABC9,
    0xB3EA, 0xB40A, 0xB40A, 0xABEA, 0xA3CA, 0x9BA9, 0x9B69, 0x9348,
    0x9348, 0x9348, 0x9B89, 0xABC9, 0xABEA, 0xC4CC, 0xFF36, 0xFEF4,
    0xFF14, 0xFE90, 0xFED3, 0xFE90, 0xFDEB, 0xFE0C, 0xFDAB, 0x8222,
    0x30A0, 0xC5B6, 0xFFDE, 0xF79D, 0xFFFF, 0x9471, 0x3080, 0x4901,
    0x48E0, 0x0820, 0x0020, 0x0020, 0x0020, 0x0020, 0x0020, 0x0000,
    0x0000, 0x0020, 0x0821, 0x0861, 0x1082, 0x0861, 0x1840, 0x2000,
    0x8B06, 0xFE2F, 0xFE93, 0xFED4, 0xFEF4, 0xFED2, 0xFD8A, 0xF486,
    0xEC24, 0xF445, 0xF466, 0xFCA7, 0xF486, 0xF465, 0xF404, 0xEC04,
    0xF425, 0xF424, 0xEBC3, 0xD322, 0xD322, 0xCAE1, 0xD322, 0xDB21,
    0xEBC3, 0xF445, 0xEBE4, 0xD322, 0xCAE2, 0xCAE1, 0xCB02, 0xCB02,
    0xDB62, 0xF4E8, 0xFE70, 0xFE72, 0xFE51, 0xF610, 0xEDF0, 0xE50B,
    0xD4A9, 0x28C2, 0x0800, 0x20A2, 0x5AAB, 0x632D, 0x5ACB, 0x4A6A,
    0x41E8, 0x3986, 0x3965, 0x2040, 0x1820, 0x9430, 0xFFDE, 0xEF3C,
    0xE6FB, 0x9C2F, 0x1040, 0x1040, 0x0800, 0xB408, 0xFE0C, 0xFDAB,
    0xFE4E, 0xDCEA, 0xFE91, 0xE4CB, 0xDB63, 0xEC05, 0xFD4A, 0xE4EA,
    0xBB85, 0xC3E6, 0xCC69, 0xD4AB, 0xDCEB, 0xE52D, 0xE52D, 0xED6E,
    0xEDAF, 0xF5D0, 0xF612, 0xF5F1, 0xF5F1, 0xFE74, 0xFED6, 0xFEB6,
    0xFEB5, 0xFE95, 0xFEB5, 0xFE95, 0xF674, 0xF5F0, 0xF611, 0xFEB5,
    0xF695, 0xF611, 0xF611, 0xF633, 0xE656, 0xD658, 0xCE18, 0xCE18,
    0xCE18, 0xCE18, 0xCE18, 0xCDF7, 0xC5B6, 0xC574, 0xBD33, 0xBCF1,
    0xBC8F, 0xBC6D, 0xBC4B, 0xBC6C, 0xBCAF, 0xC511, 0xCD73, 0xCDD5,
    0xD5F7, 0xD638, 0xD658, 0xD638, 0xCE38, 0xCE38, 0xCE18, 0xCE18,
    0xCE18, 0xC5F8, 0xC5F8, 0xC5F8, 0xC5F8, 0xCDF8, 0xCDF8, 0xC5F8,
    0x934A, 0x934A, 0x934A, 0x934A, 0x934A, 0x934A, 0x932A, 0x932A,
    0x932A, 0x932A, 0x932A, 0x932A, 0x8B29, 0x8B29, 0x8B29, 0x8B29,
    0x8B29, 0x8B29, 0x9329, 0x9349, 0x9349, 0x9349, 0x9349, 0x9329,
    0x8B09, 0x8309, 0x82E9, 0x82E9, 0x82E8, 0x82C7, 0x82C7, 0x8286,
    0x8265, 0x8243, 0x7A23, 0x7A02, 0x7A02, 0x7A02, 0x7A02, 0x8222,
    0x8223, 0x8223, 0x8243, 0x8243, 0x8A63, 0x8A64, 0x8A84, 0x8A84,
    0x8A84, 0x8AA4, 0x92A4, 0x92C4, 0x9AE5, 0x9B26, 0xAB88, 0xABC9,
    0xB3EA, 0xB40A, 0xB40A, 0xABEA, 0xA3CA, 0x9BA9, 0x9B89, 0x9348,
    0x9348, 0x9348, 0x9B89, 0xABE9, 0xABC9, 0xC4CD, 0xFE4F, 0xFDCD,
    0xFE2E, 0xF54A, 0xFED3, 0xFEB1, 0xFE0C, 0xFDEB, 0xED6B, 0x8242,
    0x49A4, 0xE6DA, 0xF79E, 0xF77D, 0xFFFF, 0x732B, 0x3880, 0x48E0,
    0x38A0, 0x0000, 0x0020, 0x0020, 0x0020, 0x0000, 0x0000, 0x0000,
    0x0000, 0x0000, 0x0020, 0x0841, 0x0861, 0x0841, 0x1840, 0x1800,
    0x8B26, 0xFE2F, 0xFE92, 0xFEB3, 0xFEF4, 0xFE2E, 0xF465, 0xF486,
    0xF485, 0xFCC7, 0xF445, 0xF465, 0xFCA6, 0xF465, 0xF424, 0xF404,
    0xF404, 0xF3E3, 0xEBC3, 0xCAE2, 0xD322, 0xE3C3, 0xDB62, 0xE3A3,
    0xF466, 0xFCA7, 0xF466, 0xEBE4, 0xEC05, 0xDB63, 0xD342, 0xC2C1,
    0xDB42, 0xF4C7, 0xFE70, 0xFE72, 0xFE51, 0xF611, 0xE5B0, 0xED2B,
    0x82E6, 0x0000, 0x28C2, 0x6B0C, 0x630D, 0x528B, 0x4A49, 0x39E8,
    0x39C7, 0xBDB7, 0xF79E, 0x9430, 0x2061, 0x28E3, 0xBD96, 0xFFFF,
    0xEF5D, 0xE6BA, 0x72EA, 0x1000, 0x0820, 0x4142, 0xB409, 0xB409,
    0x82E6, 0xBC08, 0xFEF2, 0xE4EB, 0xDB23, 0xEC06, 0xFD8B, 0xDC68,
    0xBB64, 0xC3C6, 0xCBE7, 0xCC28, 0xD469, 0xD489, 0xDCCB, 0xE50C,
    0xE52D, 0xED6E, 0xF5D0, 0xF632, 0xF5D0, 0xF5F0, 0xFE74, 0xFE95,
    0xFE95, 0xFE95, 0xF632, 0xF653, 0xF653, 0xF5F1, 0xED8E, 0xF631,
    0xF632, 0xFE95, 0xE656, 0xD637, 0xCE18, 0xCE18, 0xCE38, 0xCE38,
    0xCE18, 0xCE18, 0xCE18, 0xCDF7, 0xC5B6, 0xC595, 0xBD33, 0xBCF1,
    0xBC8F, 0xBC6D, 0xBC4B, 0xBC6C, 0xBCAF, 0xC511, 0xCD73, 0xCDB5,
    0xD5F7, 0xD638, 0xD638, 0xD638, 0xD638, 0xCE38, 0xCE18, 0xCE18,
    0xCE18, 0xCE18, 0xCE18, 0xCE18, 0xCE18, 0xCE18, 0xCE18, 0xCE18,
    0x934A, 0x934A, 0x934A, 0x934A, 0x934A, 0x934A, 0x934A, 0x934A,
    0x934A, 0x934A, 0x934A, 0x934A, 0x934A, 0x932A, 0x8B2A, 0x8B2A,
    0x8B2A, 0x934A, 0x9B6A, 0x9B6A, 0xA38A, 0xA38A, 0x9B6A, 0x9B6A,
    0x934A, 0x8B29, 0x8309, 0x82E9, 0x82E8, 0x82E8, 0x82C7, 0x82A6,
    0x8285, 0x8244, 0x7A23, 0x8222, 0x8202, 0x8222, 0x8222, 0x8223,
    0x8243, 0x8243, 0x8243, 0x8A63, 0x8A64, 0x8A84, 0x8A84, 0x9284,
    0x9284, 0x92A4, 0x92A4, 0x92C4, 0x9AE5, 0x9B46, 0xAB88, 0xABC9,
    0xB3E9, 0xB40A, 0xB40A, 0xAC0A, 0xA3CA, 0x9BAA, 0x9B89, 0x9369,
    0x9348, 0x9368, 0x9BA9, 0xABEA, 0xABC9, 0xD50C, 0xFD08, 0xF487,
    0xEC05, 0xF52B, 0xFF14, 0xFE90, 0xFE0C, 0xFE0B, 0xED4A, 0x69C1,
    0x6247, 0xF75C, 0xF77D, 0xF79D, 0xF7BE, 0x5207, 0x40C0, 0x5900,
    0x30A0, 0x0000, 0x0820, 0x0020, 0x0020, 0x0000, 0x0000, 0x0000,
    0x0000, 0x0000, 0x0020, 0x0020, 0x0840, 0x0820, 0x1840, 0x1800,
    0x9B87, 0xFE70, 0xFE93, 0xFED4, 0xFEF4, 0xFD8B, 0xF465, 0xFD08,
    0xFCC7, 0xFC85, 0xF444, 0xFCA6, 0xFCC7, 0xFCC6, 0xFCA6, 0xFCA6,
    0xFCC7, 0xFCC7, 0xF444, 0xEC04, 0xE3A3, 0xEBC3, 0xE3A2, 0xF424,
    0xEC04, 0xEBA3, 0xF445, 0xF465, 0xF465, 0xF445, 0xE404, 0xDB63,
    0xE383, 0xF4C7, 0xFE71, 0xFE72, 0xF5F0, 0xEDF0, 0xE58F, 0xE52B,
    0x3943, 0x0000, 0x5A8A, 0x6B4E, 0x41E8, 0x2925, 0x18E3, 0x0841,
    0x4A28, 0xFFFF, 0xFFFF, 0xF7BE, 0x49E7, 0x4186, 0x5228, 0xEF5D,
    0xFFBE, 0xEF5C, 0xCDD6, 0x28E2, 0x0820, 0x0000, 0x0800, 0x4142,
    0xBC28, 0xFE0E, 0xFEB3, 0xE4EB, 0xDB64, 0xEC67, 0xFD8B, 0xE4C9,
    0xC3E7, 0xCBE5, 0xCBE5, 0xCC07, 0xD469, 0xD469, 0xD448, 0xD48A,
    0xDCEB, 0xE50C, 0xED8F, 0xEDF1, 0xEDD0, 0xEDD0, 0xED8F, 0xF611,
    0xF5F0, 0xF612, 0xF632, 0xEDCF, 0xEDD0, 0xF5F0, 0xEDD0, 0xEE13,
    0xE656, 0xDE58, 0xCE38, 0xC618, 0xCE18, 0xCE18, 0xCE18, 0xCE18,
    0xCE18, 0xCE18, 0xCE18, 0xCE17, 0xC5D6, 0xC595, 0xBD33, 0xBCF1,
    0xBC8F, 0xBC6D, 0xBC4B, 0xBC6C, 0xC4AF, 0xC511, 0xCD73, 0xCDB5,
    0xCDF7, 0xD638, 0xD638, 0xD638, 0xD638, 0xCE38, 0xCE38, 0xCE18,
    0xCE18, 0xCE18, 0xCE18, 0xCE18, 0xCE18, 0xCE18, 0xCE18, 0xCE18,
    0x936A, 0x936A, 0x936A, 0x936A, 0x936A, 0x934A, 0x934A, 0x934A,
    0x934A, 0x934A, 0x934A, 0x934A, 0x934A, 0x934A, 0x934A, 0x8B2A,
    0x934A, 0x9B8A, 0xA3AA, 0xABAA, 0xABCB, 0xABCA, 0xABCA, 0xA3AA,
    0x9B8A, 0x936A, 0x8B2A, 0x8309, 0x82E8, 0x8AE8, 0x8AC7, 0x82A6,
    0x8285, 0x8244, 0x8223, 0x8222, 0x8222, 0x8222, 0x8222, 0x8243,
    0x8243, 0x8243, 0x8243, 0x8A64, 0x8A84, 0x8A84, 0x8A84, 0x92A4,
    0x92A4, 0x92A4, 0x92A4, 0x92C4, 0x9B05, 0xA347, 0xAB88, 0xABC9,
    0xB3E9, 0xB40A, 0xB40A, 0xAC0A, 0xA3CA, 0xA3AA, 0x9B89, 0x9369,
    0x9348, 0x9369, 0x9BA9, 0xABEA, 0xABEA, 0xD4CB, 0xFCE7, 0xEC06,
    0xE3A4, 0xF5AD, 0xFF14, 0xFE6F, 0xFDEB, 0xFE0B, 0xED29, 0x6181,
    0x7B0A, 0xFF7C, 0xF75D, 0xF77D, 0xF77D, 0x41A5, 0x4080, 0x6120,
    0x38C0, 0x0000, 0x0820, 0x0820, 0x0020, 0x0000, 0x0000, 0x0000,
    0x0000, 0x0020, 0x0020, 0x0820, 0x0820, 0x0820, 0x2040, 0x2040,
    0xC48A, 0xFE92, 0xFEB3, 0xFED4, 0xFEB2, 0xFDCB, 0xFD48, 0xFCE7,
    0xF4A7, 0xF4C8, 0xFDAD, 0xFE72, 0xFE93, 0xFED5, 0xFED4, 0xFED5,
    0xFF17, 0xFEF6, 0xFEB4, 0xFE72, 0xFE31, 0xF58E, 0xF50A, 0xF54B,
    0xF4E9, 0xF486, 0xF444, 0xF4A6, 0xF4C7, 0xF466, 0xF465, 0xEC04,
    0xE382, 0xFD29, 0xFE92, 0xFE51, 0xF5F0, 0xEDD0, 0xED8E, 0xBC2A,
    0x0020, 0x1881, 0x5A8A, 0x3186, 0x0841, 0x0000, 0x0000, 0x0000,
    0x10A2, 0xD69A, 0xFFFF, 0xCE7A, 0x49A6, 0x51E7, 0x4186, 0x9C92,
    0xFFFF, 0xEF5D, 0xEF1C, 0x6AEB, 0x0000, 0x0000, 0x92E5, 0xFDAB,
    0xFE2D, 0xFE2E, 0xFE92, 0xED4D, 0xCB23, 0xE405, 0xFD29, 0xE5B1,
    0xCDD5, 0xD550, 0xD4EC, 0xD4AA, 0xD468, 0xD488, 0xDC89, 0xD468,
    0xDCA9, 0xDCAA, 0xE4EB, 0xED8F, 0xE56E, 0xE54D, 0xED8E, 0xED4D,
    0xEDCF, 0xE56E, 0xEDF1, 0xF612, 0xEE13, 0xE655, 0xDE37, 0xCE38,
    0xC618, 0xC618, 0xCE18, 0xCE18, 0xCE18, 0xCE18, 0xCE18, 0xCE18,
    0xCE18, 0xCE18, 0xCE18, 0xCDF7, 0xC5D6, 0xC595, 0xBD53, 0xBCF1,
    0xBCAF, 0xBC6D, 0xBC4B, 0xBC6C, 0xC4CF, 0xC531, 0xCD73, 0xCDB5,
    0xD5F7, 0xD638, 0xD638, 0xD638, 0xD638, 0xD638, 0xD638, 0xCE38,
    0xCE38, 0xCE38, 0xCE38, 0xCE38, 0xCE38, 0xD638, 0xD638, 0xD638,
    0x936B, 0x936B, 0x936B, 0x9B6B, 0x9B6B, 0x936B, 0x936B, 0x936A,
    0x936A, 0x934A, 0x934A, 0x934A, 0x934A, 0x934A, 0x934A, 0x936A,
    0x9B8A, 0xABCA, 0xB3EB, 0xB40B, 0xB40B, 0xB40B, 0xB40B, 0xB3EB,
    0xABCA, 0xA38A, 0x936A, 0x8B29, 0x82E8, 0x8AE8, 0x8AC7, 0x82A6,
    0x8285, 0x8264, 0x8223, 0x8222, 0x8222, 0x8223, 0x8243, 0x8243,
    0x8243, 0x8243, 0x8A63, 0x8A63, 0x8A84, 0x8A84, 0x92A4, 0x92A4,
    0x92A4, 0x92A4, 0x92C4, 0x92C5, 0x9B06, 0xA347, 0xAB88, 0xABC9,
    0xB3E9, 0xB40A, 0xB40A, 0xAC0A, 0xABCA, 0xA3AA, 0x9B89, 0x9369,
    0x9368, 0x9369, 0x9B89, 0xABC9, 0xABEA, 0xDD0C, 0xFD29, 0xF4C8,
    0xF4A7, 0xFE71, 0xFED1, 0xFE4E, 0xFDEB, 0xFE2C, 0xED29, 0x71C1,
    0x9BAC, 0xFF7D, 0xF75C, 0xF75D, 0xF77D, 0x49C6, 0x40A0, 0x6940,
    0x40E0, 0x0000, 0x0820, 0x0820, 0x0000, 0x0000, 0x0000, 0x0000,
    0x0020, 0x0820, 0x0820, 0x0840, 0x1040, 0x1040, 0x3080, 0x30A0,
    0xDD6E, 0xFED3, 0xFED4, 0xFED3, 0xFE91, 0xFE70, 0xFE2F, 0xFE10,
    0xFE94, 0xFF38, 0xFF59, 0xFF79, 0xFF59, 0xFF58, 0xFF59, 0xFF59,
    0xFF59, 0xFF59, 0xFF59, 0xFF79, 0xFF7A, 0xFF79, 0xFF79, 0xFF7A,
    0xFF17, 0xFED4, 0xFE0F, 0xFD4A, 0xFCC6, 0xFC85, 0xF465, 0xEC45,
    0xEC04, 0xFD4A, 0xFE92, 0xFE72, 0xF611, 0xE58F, 0xF58D, 0x7286,
    0x0000, 0x20A2, 0x2104, 0x0861, 0x0000, 0x0000, 0x0000, 0x0020,
    0x0000, 0x2124, 0x6B2D, 0x2966, 0x2904, 0x59E7, 0x51E7, 0x5269,
    0xEF5C, 0xF79E, 0xF75C, 0xACF3, 0x1060, 0x1020, 0x61E3, 0xF56B,
    0xED8C, 0xF5ED, 0xFE91, 0xE52C, 0xCB23, 0xE3E5, 0xF487, 0xDD92,
    0xC638, 0xCE18, 0xCE18, 0xCDF6, 0xD5B3, 0xD592, 0xDD4E, 0xDD70,
    0xDD6F, 0xDD2D, 0xE52D, 0xE56E, 0xE58E, 0xE58F, 0xE5B0, 0xE5D1,
    0xE5F3, 0xD5F4, 0xD616, 0xD637, 0xCE38, 0xCE38, 0xCE18, 0xC618,
    0xCE18, 0xCE18, 0xCE18, 0xCE18, 0xCE18, 0xCE18, 0xCE18, 0xCE18,
    0xCE18, 0xCE18, 0xCE18, 0xCDF7, 0xC5D6, 0xC595, 0xBD53, 0xBD11,
    0xBCAF, 0xBC6D, 0xBC4B, 0xBC6C, 0xC4CF, 0xC531, 0xCD73, 0xCDB5,
    0xD5F6, 0xD638, 0xD638, 0xD638, 0xD638, 0xD638, 0xD638, 0xD638,
    0xD638, 0xD638, 0xD638, 0xD638, 0xD638, 0xD638, 0xD638, 0xD638,
    0x936B, 0x936B, 0x936B, 0x9B6B, 0x9B6B, 0x9B6B, 0x9B6B, 0x9B6B,
    0x9B6B, 0x9B6B, 0x936A, 0x936A, 0x936A, 0x936A, 0x9B8A, 0xA3AB,
    0xABCB, 0xB40B, 0xBC2B, 0xC42B, 0xC44B, 0xC44B, 0xC42B, 0xBC0B,
    0xB3EB, 0xABCA, 0xA3AA, 0x9349, 0x8B09, 0x8AE8, 0x82C7, 0x82A6,
    0x8285, 0x8264, 0x8243, 0x8222, 0x8222, 0x8243, 0x8243, 0x8A43,
    0x8243, 0x8263, 0x8A63, 0x8A63, 0x8A83, 0x8A84, 0x92A4, 0x92A4,
    0x92A4, 0x92A4, 0x92C4, 0x92C5, 0x9B06, 0xA347, 0xAB88, 0xABC9,
    0xB3E9, 0xB40A, 0xB40A, 0xAC0A, 0xABEA, 0xA3CA, 0x9B89, 0x9389,
    0x9369, 0x9369, 0x9B89, 0xABC9, 0xA3C9, 0xE50B, 0xFDCB, 0xFE2E,
    0xFE50, 0xFEF4, 0xFEB1, 0xFE4E, 0xFDCA, 0xFE2C, 0xED29, 0x9AA3,
    0xA3EC, 0xF73C, 0xEF3C, 0xF75C, 0xFFBE, 0x5A68, 0x4080, 0x6960,
    0x6140, 0x0820, 0x0820, 0x0820, 0x0820, 0x0820, 0x0820, 0x0820,
    0x0840, 0x1040, 0x1060, 0x1060, 0x1060, 0x2880, 0x3880, 0x5182,
    0xFE51, 0xFED5, 0xFEF5, 0xFEF5, 0xFEF6, 0xFF37, 0xFF38, 0xFF59,
    0xFF59, 0xFF59, 0xFF38, 0xFF38, 0xFF38, 0xFF38, 0xFF39, 0xFF59,
    0xFF79, 0xFF59, 0xFF59, 0xFF59, 0xFF59, 0xFF59, 0xFF7A, 0xFF7A,
    0xFF7A, 0xFF7A, 0xFF7A, 0xFF58, 0xFE93, 0xFD8C, 0xF486, 0xF466,
    0xF486, 0xFD08, 0xFE71, 0xFE72, 0xF611, 0xE5AF, 0xED6C, 0x4142,
    0x0800, 0x1061, 0x1082, 0x0841, 0x0000, 0x0000, 0x0000, 0x0000,
    0x0020, 0x0000, 0x0000, 0x0841, 0x18C3, 0x51C6, 0x5A07, 0x3965,
    0xBDB6, 0xFFDE, 0xEF3C, 0xDE58, 0x3964, 0x1840, 0x1840, 0x5162,
    0xA387, 0xF5AC, 0xFE91, 0xF58E, 0xD343, 0xE405, 0xEC46, 0xDD71,
    0xC638, 0xCE17, 0xCE17, 0xC618, 0xC618, 0xC618, 0xCE18, 0xCE38,
    0xCE38, 0xD637, 0xD617, 0xD617, 0xD617, 0xCE17, 0xCE17, 0xCE38,
    0xCE18, 0xC618, 0xC618, 0xC618, 0xCE18, 0xCE18, 0xCE18, 0xCE18,
    0xCE18, 0xCE18, 0xCE18, 0xCE18, 0xCE18, 0xCE18, 0xCE18, 0xCE18,
    0xCE18, 0xCE18, 0xCE18, 0xCDF7, 0xC5D6, 0xC595, 0xBD53, 0xBD11,
    0xBCAF, 0xBC6D, 0xBC4B, 0xBC6C, 0xC4CF, 0xC511, 0xCD73, 0xCDB5,
    0xCDF6, 0xD617, 0xD638, 0xD638, 0xD638, 0xD638, 0xD638, 0xD638,
    0xD638, 0xD638, 0xD638, 0xD638, 0xD638, 0xD638, 0xD638, 0xD658,
    0x936B, 0x9B6B, 0x936B, 0x9B6B, 0x9B6B, 0x9B6B, 0x9B8B, 0x9B6B,
    0x9B6B, 0x9B6B, 0x9B6B, 0x9B6B, 0x9B6B, 0x9B8B, 0xA3AB, 0xABEB,
    0xB40B, 0xBC2B, 0xCC4B, 0xCC6B, 0xCC8C, 0xCC8C, 0xCC6B, 0xC44B,
    0xBC0B, 0xB3EA, 0xABCA, 0xA389, 0x9349, 0x8AE8, 0x8AC7, 0x82A6,
    0x8285, 0x8264, 0x8243, 0x8223, 0x8223, 0x8243, 0x8243, 0x8A63,
    0x8A63, 0x8A63, 0x8A63, 0x8A64, 0x8A84, 0x8A84, 0x92A4, 0x92A4,
    0x92A4, 0x92A4, 0x92C5, 0x92E5, 0x9B06, 0x9B47, 0xAB88, 0xB3C9,
    0xB3E9, 0xB40A, 0xB40A, 0xB40A, 0xABEA, 0xA3CA, 0x9B89, 0x9369,
    0x9369, 0x9B69, 0x9BA9, 0xA3C9, 0xABEA, 0xF54B, 0xFDEC, 0xFE91,
    0xFE91, 0xFEF4, 0xFEB1, 0xFE4E, 0xFDCA, 0xFDEA, 0xF569, 0xDCA8,
    0x936A, 0xEEBA, 0xEF3C, 0xEF3C, 0xFFFF, 0x83CE, 0x2020, 0x6960,
    0x81C0, 0x2880, 0x0820, 0x1040, 0x1040, 0x1040, 0x1040, 0x1060,
    0x1060, 0x1060, 0x1060, 0x1060, 0x1060, 0x40C0, 0x3040, 0xA3A8,
    0xFEF4, 0xFEF6, 0xFF17, 0xFF18, 0xFF18, 0xFF38, 0xFF38, 0xFF59,
    0xFF59, 0xFF39, 0xFF59, 0xFF59, 0xFF59, 0xFF7A, 0xFF7A, 0xFF7A,
    0xFF7A, 0xFF7A, 0xFF7A, 0xFF7A, 0xFF7A, 0xFF7A, 0xFF7A, 0xFF7A,
    0xFF7A, 0xFF7A, 0xFF7A, 0xFF7A, 0xFF7A, 0xFF59, 0xFEB5, 0xF54B,
    0xF4A7, 0xFD08, 0xFE0F, 0xFE73, 0xF611, 0xF5F0, 0xD4CB, 0x2080,
    0x1820, 0x0820, 0x0020, 0x0000, 0x0000, 0x0000, 0x0000, 0x0000,
    0x0000, 0x0020, 0x0841, 0x0841, 0x0882, 0x49A5, 0x6207, 0x3924,
    0x9450, 0xFFDE, 0xEF3C, 0xEF1B, 0x62CA, 0x1020, 0x30C1, 0xCC48,
    0xF54A, 0xFDAC, 0xFE92, 0xE4EC, 0xE3C5, 0xEC47, 0xEC67, 0xD5F5,
    0xC638, 0xCE17, 0xCE18, 0xCE17, 0xCE17, 0xCE17, 0xCE18, 0xCE17,
    0xCE18, 0xCE38, 0xCE18, 0xCE18, 0xCE18, 0xCE18, 0xC618, 0xCE18,
    0xCE18, 0xCE18, 0xCE18, 0xCE18, 0xCE18, 0xCE18, 0xCE18, 0xCE18,
    0xCE18, 0xCE18, 0xCE18, 0xCE18, 0xCE18, 0xCE18, 0xCE18, 0xCE18,
    0xCE18, 0xCE18, 0xCE18, 0xCDF7, 0xC5D6, 0xC595, 0xBD54, 0xBD11,
    0xBCAF, 0xBC6D, 0xBC4B, 0xBC6C, 0xC4AF, 0xC510, 0xCD52, 0xCD94,
    0xCDB5, 0xD5F7, 0xD617, 0xCE17, 0xCE17, 0xCE17, 0xCE17, 0xCE17,
    0xCE18, 0xCE18, 0xCE18, 0xD618, 0xD618, 0xD638, 0xD638, 0xD638,
    0x9B8B, 0x9B8B, 0x9B8B, 0x9B6B, 0x9B8B, 0x9B8B, 0x9B8B, 0x9B8B,
    0x9B8B, 0x9B8B, 0x9B8B, 0x9B8B, 0xA38B, 0xA3AB, 0xABEB, 0xB40B,
    0xC42B, 0xC44C, 0xCC8C, 0xD4AC, 0xD4AC, 0xD4AC, 0xD48B, 0xCC6B,
    0xC44B, 0xBC0B, 0xB3EA, 0xABAA, 0xA369, 0x9328, 0x8AE7, 0x82A6,
    0x8285, 0x8264, 0x8243, 0x8223, 0x8223, 0x8243, 0x8243, 0x8A63,
    0x8A63, 0x8A63, 0x8A64, 0x8A84, 0x8A84, 0x9284, 0x92A4, 0x92A4,
    0x92A4, 0x92C4, 0x92C5, 0x92C5, 0x9B06, 0x9B47, 0xAB88, 0xB3C9,
    0xB3E9, 0xB40A, 0xB40A, 0xB40A, 0xABEA, 0xA3CA, 0x9B89, 0x9369,
    0x9369, 0x9B69, 0x9BA9, 0xA3CA, 0xB42B, 0xF56C, 0xFE0D, 0xFE90,
    0xFEB2, 0xFF15, 0xFEB1, 0xFE2C, 0xFDA9, 0xFDAA, 0xFE0C, 0xFE2C,
    0x9B47, 0xD5B5, 0xF73B, 0xEF3C, 0xFFBE, 0xBDB6, 0x1020, 0x6140,
    0x91E0, 0x71A0, 0x0000, 0x0840, 0x1040, 0x1060, 0x1060, 0x1060,
    0x1060, 0x1060, 0x1060, 0x0840, 0x2860, 0x50E0, 0x7265, 0xF654,
    0xFF38, 0xFF18, 0xFF38, 0xFF38, 0xFF39, 0xFF59, 0xFF7A, 0xFF59,
    0xFF59, 0xFF59, 0xFF7A, 0xFF7A, 0xFF7A, 0xFF7A, 0xFF7A, 0xFF7A,
    0xFF7A, 0xFF7A, 0xFF9A, 0xFF7A, 0xFF9B, 0xFF9B, 0xFF9B, 0xFF9B,
    0xFF9B, 0xFF9B, 0xFF9B, 0xFF7A, 0xFF7A, 0xFF7A, 0xFF7A, 0xFF59,
    0xFE73, 0xFDAC, 0xFDCD, 0xFE72, 0xF611, 0xF610, 0xB409, 0x0800,
    0x1840, 0x0820, 0x0000, 0x0000, 0x0000, 0x0000, 0x0000, 0x0000,
    0x0000, 0x0000, 0x0000, 0x0840, 0x0841, 0x3923, 0x61C5, 0x38E2,
    0x6B2C, 0xFFBE, 0xEF3C, 0xF73C, 0x83CE, 0x1020, 0x1020, 0x9B26,
    0xFE0C, 0xFE0E, 0xFEB3, 0xDCAB, 0xDB64, 0xF487, 0xF52B, 0xD637,
    0xCE18, 0xCE18, 0xCE18, 0xCE18, 0xCE18, 0xCE18, 0xCE18, 0xCE18,
    0xCE18, 0xCE18, 0xCE18, 0xCE18, 0xCE18, 0xCE18, 0xCE18, 0xCE18,
    0xCE18, 0xCE18, 0xCE18, 0xCE18, 0xCE18, 0xCE18, 0xCE18, 0xCE18,
    0xCE18, 0xCE18, 0xCE18, 0xCE18, 0xCE18, 0xCE18, 0xCE18, 0xCE18,
    0xCE18, 0xCE18, 0xCE18, 0xCDF7, 0xC5D7, 0xC595, 0xBD54, 0xBD11,
    0xBCAF, 0xBC6D, 0xBC4B, 0xBC4C, 0xC48E, 0xC4CF, 0xC511, 0xCD73,
    0xCD94, 0xCDD5, 0xCDF6, 0xCDF6, 0xCDF6, 0xCDF6, 0xCDD6, 0xCDF6,
    0xCDF7, 0xCDF7, 0xCDF7, 0xCDF7, 0xCDF7, 0xD617, 0xD617, 0xD617,
    0x9B8B, 0x9B8B, 0x9B8B, 0x9B8B, 0x9B8B, 0x9B8B, 0x9B8B, 0x9B8B,
    0x9B8B, 0x9B8B, 0x9B8B, 0xA3AB, 0xA3CB, 0xABEB, 0xBC0B, 0xC44B,
    0xCC6C, 0xCC8C, 0xD4AC, 0xDCCC, 0xDCEC, 0xDCCC, 0xD4AC, 0xD48B,
    0xCC6B, 0xC42B, 0xBC0A, 0xB3EA, 0xABA9, 0xA369, 0x9307, 0x8AA6,
    0x8285, 0x8264, 0x8243, 0x8223, 0x8223, 0x8243, 0x8243, 0x8A63,
    0x8A63, 0x8A64, 0x8A84, 0x8A84, 0x9284, 0x92A4, 0x92A4, 0x92A4,
    0x92A4, 0x92C4, 0x92C5, 0x92E5, 0x9B06, 0xA347, 0xAB88, 0xB3C9,
    0xB40A, 0xB40A, 0xB40A, 0xB40A, 0xABEA, 0xA3CA, 0x9BA9, 0x9369,
    0x9369, 0x9369, 0x9BA9, 0xA3EA, 0xBC4B, 0xFDEE, 0xFE70, 0xFE2E,
    0xFEB1, 0xFED3, 0xFE6E, 0xFE4E, 0xFE0D, 0xFDEB, 0xFE0C, 0xFE4D,
    0xDCC9, 0xB42D, 0xEEDA, 0xF73B, 0xF73C, 0xF75C, 0x41C6, 0x4080,
    0x89C0, 0x9A20, 0x40C0, 0x0000, 0x0840, 0x1060, 0x1060, 0x1060,
    0x1060, 0x1060, 0x0820, 0x2040, 0x71E2, 0xC4AE, 0xFEF7, 0xFF59,
    0xFF39, 0xFF38, 0xFF38, 0xFF18, 0xFF38, 0xFF38, 0xFF59, 0xFF59,
    0xFF59, 0xFF59, 0xFF7A, 0xFF7A, 0xFF9A, 0xFF7A, 0xFF7A, 0xFF7A,
    0xFF7B, 0xFF9B, 0xFF9B, 0xFF9B, 0xFF9B, 0xFF9B, 0xFF9B, 0xFF9B,
    0xFF9B, 0xFF9B, 0xFF9B, 0xFF9B, 0xFF9B, 0xFF9B, 0xFF7A, 0xFF7A,
    0xFF7A, 0xFF39, 0xFE72, 0xFE51, 0xF632, 0xFE51, 0x9347, 0x0000,
    0x2060, 0x0820, 0x0000, 0x0000, 0x0000, 0x0000, 0x0000, 0x0000,
    0x0000, 0x0000, 0x0000, 0x0020, 0x0020, 0x2881, 0x4901, 0x3060,
    0x62AA, 0xFFBE, 0xEF1C, 0xF73C, 0x9C30, 0x0800, 0x0820, 0x1020,
    0xA366, 0xF5EE, 0xFE71, 0xFDEE, 0xECC9, 0xEC86, 0xF56C, 0xCE17,
    0xCE38, 0xCE18, 0xCE18, 0xCE18, 0xCE18, 0xCE18, 0xCE18, 0xCE18,
    0xCE18, 0xCE18, 0xCE18, 0xCE18, 0xCE18, 0xCE18, 0xCE18, 0xCE18,
    0xCE18, 0xCE18, 0xCE18, 0xCE18, 0xCE18, 0xCE18, 0xCE18, 0xCE18,
    0xCE18, 0xCE18, 0xCE18, 0xCE18, 0xCE18, 0xC618, 0xCE18, 0xCE18,
    0xCE18, 0xCE18, 0xCE18, 0xCDF8, 0xC5D7, 0xC595, 0xBD53, 0xBD11,
    0xBCAF, 0xBC6D, 0xBC4B, 0xBC4B, 0xBC6D, 0xC4AE, 0xC4F0, 0xC531,
    0xCD53, 0xCD94, 0xCDB5, 0xCDB5, 0xCDB5, 0xCDB5, 0xCDB5, 0xCDB5,
    0xCDB5, 0xCDB5, 0xCDB5, 0xCDB6, 0xCDD6, 0xCDD6, 0xCDD6, 0xCDD6,
    0x9B8B, 0x9B8B, 0x9B8B, 0x9B8B, 0x9B8B, 0x9B8B, 0x9B8B, 0x9B8B,
    0x9B8B, 0x9B8B, 0xA3AB, 0xABCB, 0xB3EB, 0xBC0B, 0xC44B, 0xCC6C,
    0xCC8C, 0xD4AC, 0xDCCC, 0xDCEC, 0xDCEC, 0xDCCC, 0xDCAB, 0xD4AB,
    0xD48B, 0xCC6B, 0xC42B, 0xBC0A, 0xB3CA, 0xAB89, 0x9B48, 0x92E7,
    0x8285, 0x8244, 0x8243, 0x8223, 0x8223, 0x8243, 0x8243, 0x8243,
    0x8A63, 0x8A64, 0x8A84, 0x8A84, 0x9284, 0x92A4, 0x92A4, 0x92C5,
    0x92C4, 0x92A4, 0x92C5, 0x9AE5, 0x9B26, 0xA367, 0xAB88, 0xB3C9,
    0xB40A, 0xB40A, 0xB42A, 0xB40A, 0xABEA, 0xA3CA, 0x9B89, 0x9369,
    0x9369, 0x9369, 0x9BA9, 0xA3CA, 0xCCEC, 0xFE2E, 0xFE70, 0xFE4F,
    0xFE70, 0xFE90, 0xFE6F, 0xFE2D, 0xFDEB, 0xFDA9, 0xFDEC, 0xFE0B,
    0xFE2D, 0xE54C, 0xDD92, 0xE699, 0xEEDB, 0xFF9D, 0xBD75, 0x2020,
    0x6960, 0x7180, 0x89E0, 0x5120, 0x1020, 0x0020, 0x0000, 0x0000,
    0x0000, 0x0000, 0x30A0, 0xA388, 0xF6B6, 0xFF59, 0xFF38, 0xFF39,
    0xFF59, 0xFF59, 0xFF59, 0xFF39, 0xFF38, 0xFF18, 0xFF38, 0xFF59,
    0xFF59, 0xFF59, 0xFF79, 0xFF7A, 0xFF9A, 0xFF9A, 0xFF7A, 0xFF7A,
    0xFF7A, 0xFF9B, 0xFF9B, 0xFF9B, 0xFF9B, 0xFF9B, 0xFF9B, 0xFF9B,
    0xFF9B, 0xFF9B, 0xFF9B, 0xFF9B, 0xFF9B, 0xFF9B, 0xFF9B, 0xFF7A,
    0xFF7A, 0xFF7A, 0xFF59, 0xFED6, 0xF652, 0xFE72, 0x9348, 0x0800,
    0x1860, 0x1020, 0x0000, 0x0000, 0x0000, 0x0000, 0x0000, 0x0000,
    0x0000, 0x0000, 0x0000, 0x0000, 0x0000, 0x3080, 0x48E0, 0x2840,
    0x5A89, 0xFFBE, 0xEF1C, 0xEF1B, 0xA491, 0x0000, 0x4101, 0xBBE7,
    0xD4AA, 0xF5CE, 0xFE30, 0xFDEF, 0xFE0F, 0xFD8B, 0xF50A, 0xCDD6,
    0xCE38, 0xCE18, 0xCE18, 0xCE18, 0xCE18, 0xCE18, 0xCE18, 0xCE18,
    0xCE18, 0xCE18, 0xCE18, 0xCE18, 0xCE18, 0xCE18, 0xCE18, 0xCE18,
    0xCE18, 0xCE18, 0xCE18, 0xCE18, 0xCE18, 0xCE18, 0xCE18, 0xCE18,
    0xCE18, 0xCE18, 0xCE18, 0xCE18, 0xC618, 0xC618, 0xC618, 0xCE18,
    0xCE18, 0xCE18, 0xCE18, 0xC618, 0xC5D7, 0xBD95, 0xBD53, 0xBD12,
    0xBCAF, 0xB46D, 0xB42B, 0xB42B, 0xBC4C, 0xBC8D, 0xC4CF, 0xC4F0,
    0xC511, 0xC552, 0xC553, 0xC553, 0xC553, 0xC553, 0xC573, 0xC573,
    0xCD73, 0xCD73, 0xCD94, 0xCD94, 0xCD94, 0xCD94, 0xCD94, 0xCD94,
    0x9B8B, 0x9B8B, 0x9B8B, 0x9B8B, 0x9B8B, 0x9B8B, 0x9B8B, 0x9B8B,
    0x9B8B, 0xA3AB, 0xABCB, 0xB3EB, 0xBC0B, 0xC44B, 0xCC6C, 0xCC8C,
    0xD4AC, 0xDCCC, 0xDCEC, 0xE4EC, 0xDCCC, 0xDCCC, 0xDCCC, 0xDCCB,
    0xD4AB, 0xD48B, 0xCC6B, 0xC42B, 0xBC0A, 0xB3CA, 0xAB69, 0x9B27,
    0x8AC6, 0x8264, 0x8223, 0x7A23, 0x8223, 0x8223, 0x8243, 0x8243,
    0x8A63, 0x8A64, 0x8A84, 0x8A84, 0x92A4, 0x92A4, 0x92C5, 0x92C5,
    0x92C5, 0x92C4, 0x92C5, 0x9AE5, 0x9B26, 0xA367, 0xABA8, 0xB3C9,
    0xB40A, 0xB40A, 0xB42A, 0xB40A, 0xABEA, 0xA3CA, 0x9B89, 0x9389,
    0x9369, 0x9B69, 0xA3A9, 0xA3CA, 0xDCCB, 0xFE2E, 0xFEF3, 0xFE4F,
    0xFE2E, 0xFEB1, 0xFE6F, 0xFE0C, 0xFDEB, 0xFDA9, 0xFDA9, 0xFDEB,
    0xFE0B, 0xFE6E, 0xFE0E, 0xEDD0, 0xE635, 0xE699, 0xFF7D, 0x7B4C,
    0x1000, 0x48C0, 0x6100, 0x89A0, 0x8180, 0x40A0, 0x2860, 0x38E1,
    0x6204, 0xA367, 0xE58F, 0xFF5A, 0xFF5A, 0xFF18, 0xFF38, 0xFF59,
    0xFF5A, 0xFF59, 0xFF7A, 0xFF9B, 0xFF7A, 0xFF59, 0xFF38, 0xFF38,
    0xFF39, 0xFF59, 0xFF59, 0xFF7A, 0xFF79, 0xFF7A, 0xFF79, 0xFF7A,
    0xFF9B, 0xFF9A, 0xFF7A, 0xFF7A, 0xFF7A, 0xFF9B, 0xFF9B, 0xFF9B,
    0xFF9B, 0xFFBB, 0xFF9B, 0xFF9B, 0xFF9B, 0xFF9B, 0xFF9B, 0xFF9B,
    0xFF9B, 0xFF7B, 0xFF7A, 0xFF7A, 0xFF18, 0xFEB4, 0x82C7, 0x0800,
    0x2060, 0x1020, 0x0820, 0x0820, 0x0000, 0x0000, 0x0000, 0x0000,
    0x0000, 0x0000, 0x0000, 0x0000, 0x0020, 0x48E0, 0x5920, 0x2020,
    0x6B0B, 0xFFDE, 0xEF1B, 0xEF1B, 0xA4B1, 0x0000, 0x6A03, 0xFDAB,
    0xFDED, 0xFE0F, 0xFE72, 0xFDEE, 0xFE51, 0xFE0F, 0xED0C, 0xCE18,
    0xCE18, 0xCE18, 0xCE18, 0xCE18, 0xCE18, 0xCE18, 0xCE18, 0xCE18,
    0xCE18, 0xCE18, 0xCE18, 0xCE18, 0xCE18, 0xCE18, 0xCE18, 0xCE18,
    0xCE18, 0xCE18, 0xCE18, 0xCE18, 0xCE18, 0xCE18, 0xCE18, 0xCE18,
    0xCE18, 0xCE18, 0xCE18, 0xCE18, 0xCE18, 0xCE18, 0xCE18, 0xCE18,
    0xCE18, 0xCE18, 0xCE18, 0xC618, 0xC5D7, 0xBD95, 0xBD53, 0xBD12,
    0xBCAF, 0xB46D, 0xB40A, 0xB409, 0xBC2B, 0xBC4C, 0xBC8D, 0xBCAE,
    0xC4CF, 0xC4F0, 0xC510, 0xC4F1, 0xC511, 0xC511, 0xC511, 0xC532,
    0xC532, 0xC532, 0xCD32, 0xCD32, 0xCD52, 0xC552, 0xCD52, 0xCD52,
    0x9B8B, 0x9B8B, 0x9B8B, 0x9B8B, 0x9B6B, 0x9B6B, 0x9B8B, 0x9B8B,
    0xA3AB, 0xABCB, 0xB3EB, 0xBC2C, 0xC44C, 0xCC6C, 0xCC8C, 0xD4AC,
    0xDCCC, 0xDCEC, 0xE4EC, 0xDCEC, 0xDCCC, 0xDCCC, 0xDCCB, 0xDCCC,
    0xDCCB, 0xD48B, 0xD48B, 0xCC6B, 0xC42A, 0xBC0A, 0xB3A9, 0xA368,
    0x9B06, 0x8A85, 0x8243, 0x7A22, 0x8223, 0x8223, 0x8243, 0x8243,
    0x8A63, 0x8A64, 0x8A84, 0x9284, 0x92A4, 0x92C5, 0x92C5, 0x92C5,
    0x92C5, 0x92C4, 0x92C5, 0x9AE5, 0x9B26, 0xA367, 0xABA8, 0xB3C9,
    0xB3EA, 0xB40A, 0xB40A, 0xB40A, 0xABEA, 0xA3CA, 0x9B89, 0x9369,
    0x9369, 0x9B89, 0xA3A9, 0xA3EA, 0xED6B, 0xFE8F, 0xFE0D, 0xFD29,
    0xFE91, 0xFED2, 0xFE4E, 0xFE2C, 0xFE0B, 0xFDA9, 0xFD67, 0xFDCA,
    0xFE0C, 0xFE0B, 0xFE2C, 0xFE4D, 0xFE2D, 0xF630, 0xF652, 0xEE53,
    0x8B48, 0x7264, 0x92C5, 0xA325, 0xBBC6, 0xD447, 0xE50A, 0xFDEC,
    0xFE4E, 0xFEF4, 0xFF7A, 0xFF5A, 0xFF39, 0xFF39, 0xFF38, 0xFF38,
    0xFF38, 0xFF38, 0xFF39, 0xFF59, 0xFF7A, 0xFF7A, 0xFF59, 0xFF38,
    0xFF39, 0xFF38, 0xFF59, 0xFF39, 0xFF59, 0xFF7A, 0xFF7A, 0xFF7A,
    0xFF9A, 0xFF9A, 0xFF79, 0xFF79, 0xFF7A, 0xFF9B, 0xFF9B, 0xFF9A,
    0xFF9A, 0xFF9B, 0xFF9B, 0xFF9B, 0xFF9B, 0xFF9B, 0xFF9B, 0xFF9B,
    0xFF9A, 0xFF9B, 0xFF7B, 0xFF7A, 0xFF5A, 0xFF7A, 0xBCCF, 0x3080,
    0x1820, 0x1840, 0x0840, 0x0840, 0x0820, 0x0820, 0x0820, 0x0000,
    0x0000, 0x0000, 0x0000, 0x0000, 0x1040, 0x6940, 0x6160, 0x1800,
    0x8BEF, 0xFFBE, 0xE6FB, 0xF71B, 0xA4B1, 0x1840, 0x61C2, 0xED4A,
    0xFDCD, 0xFE0F, 0xFE93, 0xFE51, 0xFE92, 0xFE30, 0xDCAB, 0xCE17,
    0xCE18, 0xCE18, 0xCE18, 0xCE18, 0xCE18, 0xCE18, 0xCE18, 0xCE18,
    0xCE18, 0xCE18, 0xCE18, 0xCE18, 0xCE18, 0xCE18, 0xCE18, 0xCE38,
    0xCE18, 0xCE18, 0xCE18, 0xCE18, 0xCE18, 0xCE18, 0xCE18, 0xCE18,
    0xCE18, 0xCE18, 0xCE18, 0xCE18, 0xC618, 0xCE18, 0xCE18, 0xCE18,
    0xCE18, 0xCE18, 0xCE18, 0xC618, 0xC5D7, 0xBD95, 0xBD53, 0xBD11,
    0xBCAF, 0xB46D, 0xB40A, 0xB3E9, 0xB409, 0xB42A, 0xBC4C, 0xBC6D,
    0xBC8E, 0xBCAE, 0xBCAE, 0xBCAE, 0xBCAF, 0xBCAF, 0xC4CF, 0xC4CF,
    0xC4CF, 0xC4F0, 0xC4F0, 0xC4F0, 0xC4F0, 0xC4F0, 0xC510, 0xC510,
    0x9B8B, 0x9B8B, 0x9B6B, 0x9B6B, 0x936A, 0x9B6B, 0x9B8B, 0xA3AB,
    0xABEB, 0xB40B, 0xBC2B, 0xC44C, 0xCC6C, 0xD4AC, 0xDCCC, 0xDCCC,
    0xDCEC, 0xDCEC, 0xE4EC, 0xDCEC, 0xDCCC, 0xDCCB, 0xDCCB, 0xDCCB,
    0xDCCC, 0xDCCC, 0xD4AB, 0xD48B, 0xCC6B, 0xC42A, 0xBBEA, 0xAB88,
    0xA347, 0x92E6, 0x8A84, 0x8223, 0x7A23, 0x8223, 0x8223, 0x8243,
    0x8A43, 0x8A63, 0x8A84, 0x9284, 0x92A4, 0x92A4, 0x92C5, 0x92C5,
    0x92C5, 0x92C4, 0x92C5, 0x9AE5, 0x9B26, 0xA367, 0xABA8, 0xABC9,
    0xB3E9, 0xB40A, 0xB40A, 0xAC0A, 0xA3EA, 0xA3CA, 0x9B89, 0x9369,
    0x9369, 0x9369, 0x9B89, 0xC48B, 0xFDCC, 0xFD4A, 0xFCA6, 0xFDAD,
    0xFF35, 0xFEB1, 0xFE8F, 0xFE2D, 0xFDEA, 0xFDCA, 0xFDA8, 0xFD88,
    0xFDCA, 0xFDCA, 0xFDA9, 0xFDEB, 0xFE0C, 0xFE2C, 0xFE2D, 0xFE4D,
    0xFEAF, 0xFE8F, 0xFE6E, 0xFE6E, 0xFE2C, 0xFE0B, 0xFDEA, 0xFDEC,
    0xFED5, 0xFF39, 0xFF39, 0xFF39, 0xFF38, 0xFF38, 0xFF38, 0xFF18,
    0xFF17, 0xFF18, 0xFF38, 0xFF59, 0xFF59, 0xFF59, 0xFF7A, 0xFF5A,
    0xFF38, 0xFF38, 0xFF38, 0xFF39, 0xFF59, 0xFF59, 0xFF59, 0xFF7A,
    0xFF7A, 0xFF7A, 0xFF59, 0xFF59, 0xFF7A, 0xFF7A, 0xFF7A, 0xFF9A,
    0xFF9A, 0xFF59, 0xFF7A, 0xFF7A, 0xFF9B, 0xFF9B, 0xFF9B, 0xFF7A,
    0xFF7A, 0xFF9B, 0xFF9B, 0xFF7A, 0xFF5A, 0xFF5A, 0xFF9B, 0xC531,
    0x38E1, 0x1840, 0x1061, 0x1061, 0x1060, 0x1040, 0x0840, 0x0820,
    0x0820, 0x0840, 0x0840, 0x0000, 0x38C0, 0x7180, 0x6140, 0x1840,
    0xBD75, 0xF77D, 0xE6FB, 0xF73C, 0x9430, 0x38E0, 0x8284, 0x9305,
    0xFDED, 0xFE30, 0xFE72, 0xFE92, 0xF5F0, 0xECEA, 0xDCCD, 0xC618,
    0xCE17, 0xCE18, 0xCE18, 0xCE18, 0xCE18, 0xCE18, 0xCE18, 0xCE18,
    0xCE18, 0xCE18, 0xCE18, 0xCE18, 0xCE18, 0xCE18, 0xCE18, 0xCE18,
    0xCE18, 0xCE18, 0xCE38, 0xCE18, 0xCE18, 0xCE18, 0xCE18, 0xCE18,
    0xCE18, 0xCE18, 0xCE18, 0xCE18, 0xCE18, 0xCE18, 0xCE18, 0xCE18,
    0xCE38, 0xCE18, 0xCE18, 0xC618, 0xC5D7, 0xBD95, 0xBD54, 0xBD12,
    0xBCD0, 0xB46E, 0xB42B, 0xB409, 0xB409, 0xB40A, 0xB42B, 0xBC4C,
    0xBC6C, 0xBC6C, 0xBC6D, 0xBC6D, 0xBC6D, 0xBC6D, 0xBC6D, 0xBC6D,
    0xBC8D, 0xBC8D, 0xBC8E, 0xBC8E, 0xBCAE, 0xC4AE, 0xC4AE, 0xC4CE,
    0x9B6B, 0x936B, 0x936B, 0x936B, 0x9B6B, 0x9B8B, 0xA3AB, 0xABEB,
    0xBC0B, 0xBC2C, 0xC44C, 0xCC6C, 0xD4AC, 0xDCCC, 0xDCEC, 0xDCEC,
    0xE4EC, 0xDCEC, 0xE4EC, 0xE4CC, 0xDCCB, 0xDCCB, 0xDCCB, 0xDCCB,
    0xDCCB, 0xDCCC, 0xDCCC, 0xD4AB, 0xD48B, 0xCC6B, 0xBC2A, 0xB3C9,
    0xAB88, 0xA327, 0x92C5, 0x8A84, 0x8223, 0x8222, 0x8222, 0x8243,
    0x8A43, 0x8A63, 0x8A84, 0x9284, 0x92A4, 0x92A4, 0x92A4, 0x92C5,
    0x92A4, 0x92C4, 0x92C5, 0x9AE5, 0x9B26, 0xA367, 0xABA8, 0xABC9,
    0xB3E9, 0xB40A, 0xB40A, 0xAC0A, 0xABCA, 0xA3C9, 0x9BA9, 0x9369,
    0x9369, 0x9369, 0x9BA9, 0xE50A, 0xFD4A, 0xFD08, 0xFDCD, 0xFF56,
    0xFEF2, 0xFED1, 0xFE8F, 0xFE4D, 0xFE2C, 0xFE2B, 0xFE0C, 0xFDEB,
    0xFDEB, 0xFDCB, 0xFDCA, 0xFDEA, 0xFDEB, 0xFDCA, 0xFDCB, 0xFDCA,
    0xFDEA, 0xFDEA, 0xFDA9, 0xFDA9, 0xFD88, 0xFD89, 0xFE2F, 0xFF38,
    0xFF59, 0xFF38, 0xFF59, 0xFF59, 0xFF38, 0xFF18, 0xFEF6, 0xFEB5,
    0xFEB5, 0xFEB5, 0xFF17, 0xFF38, 0xFF59, 0xFF59, 0xFF59, 0xFF39,
    0xFF38, 0xFF38, 0xFF38, 0xFF38, 0xFF18, 0xFF38, 0xFF58, 0xFF59,
    0xFF38, 0xFF59, 0xFF59, 0xFF7A, 0xFF7A, 0xFF7A, 0xFF79, 0xFF59,
    0xFF79, 0xFF59, 0xFF7A, 0xFF7A, 0xFF7A, 0xFF7A, 0xFF59, 0xFF59,
    0xFF7A, 0xFF9B, 0xFF9B, 0xFF9B, 0xFF7B, 0xFF7A, 0xFF5A, 0xFFDC,
    0xCD51, 0x30A0, 0x1040, 0x1081, 0x1061, 0x1060, 0x1040, 0x0840,
    0x0840, 0x1040, 0x0820, 0x1020, 0x6980, 0x7180, 0x48C0, 0x4185,
    0xEF1B, 0xEF1B, 0xE6FB, 0xF71B, 0x732C, 0x5161, 0xF549, 0xD467,
    0xF56A, 0xFDEE, 0xF610, 0xED2C, 0xE489, 0xDB84, 0xD572, 0xC618,
    0xCE17, 0xCE18, 0xCE18, 0xCE18, 0xCE18, 0xCE18, 0xCE18, 0xCE18,
    0xCE18, 0xCE18, 0xCE18, 0xCE18, 0xCE18, 0xCE18, 0xCE18, 0xCE18,
    0xCE18, 0xCE18, 0xCE18, 0xCE18, 0xCE18, 0xCE18, 0xCE38, 0xCE18,
    0xCE18, 0xCE18, 0xC618, 0xC618, 0xCE18, 0xCE18, 0xCE18, 0xCE18,
    0xCE38, 0xCE38, 0xCE18, 0xCE18, 0xC5D7, 0xC596, 0xBD74, 0xBD33,
    0xBCF1, 0xBCAF, 0xBC6D, 0xB44C, 0xB44C, 0xB44C, 0xB44C, 0xB44C,
    0xB44C, 0xB44C, 0xB44C, 0xB44C, 0xB44C, 0xBC4C, 0xBC4C, 0xBC4C,
    0xBC4C, 0xBC6C, 0xBC6C, 0xBC6C, 0xBC6C, 0xBC6D, 0xBC6D, 0xBC8D,
    0x936B, 0x936A, 0x936A, 0x9B6A, 0x9B6B, 0xA3AB, 0xABCB, 0xB3EB,
    0xBC2B, 0xCC6C, 0xCC8C, 0xD4AC, 0xDCCC, 0xDCEC, 0xDD0C, 0xE50C,
    0xE4EC, 0xDCEC, 0xE4EC, 0xE4CB, 0xDCCB, 0xDCCB, 0xDCCB, 0xDCCB,
    0xDCCB, 0xDCCB, 0xDCCC, 0xDCCC, 0xD4AB, 0xD48B, 0xC44A, 0xBC09,
    0xB3A8, 0xAB67, 0xA306, 0x92C5, 0x8A64, 0x8223, 0x8222, 0x8243,
    0x8243, 0x8A63, 0x8A83, 0x9284, 0x92A4, 0x92A4, 0x92A4, 0x92A4,
    0x9AA4, 0x9AA4, 0x9AC4, 0x9AE5, 0x9B26, 0xA367, 0xAB88, 0xABC9,
    0xB3E9, 0xB40A, 0xB40A, 0xABEA, 0xABCA, 0xA3AA, 0x9BA9, 0x9369,
    0x9369, 0x9369, 0xABE9, 0xFD4A, 0xFD6A, 0xFDEE, 0xFF77, 0xFF14,
    0xFED2, 0xFED2, 0xFEB0, 0xFDEB, 0xF4E7, 0xFD69, 0xFE2D, 0xFE0C,
    0xFDEC, 0xFE0C, 0xFE4D, 0xFE4E, 0xFE4D, 0xFE2C, 0xFE0C, 0xFE0C,
    0xFE2C, 0xFE0C, 0xFDEB, 0xFDEB, 0xFDEB, 0xFEB3, 0xFF7A, 0xFF5A,
    0xFF38, 0xFF59, 0xFF5A, 0xFF59, 0xFF39, 0xFED6, 0xFE53, 0xF612,
    0xFE53, 0xFE94, 0xFED6, 0xFF17, 0xFF17, 0xFF38, 0xFF39, 0xFF38,
    0xFF18, 0xFF39, 0xFF17, 0xFEF7, 0xFF38, 0xFF38, 0xFF59, 0xFF59,
    0xFF59, 0xFF59, 0xFF59, 0xFF79, 0xFF59, 0xFF59, 0xFF59, 0xFF38,
    0xFF38, 0xFF38, 0xFF39, 0xFF59, 0xFF79, 0xFF59, 0xFF59, 0xFF7A,
    0xFF9B, 0xFF9A, 0xFF9A, 0xFF9B, 0xFF9B, 0xFF9B, 0xFF7A, 0xFF39,
    0xFF7A, 0xBCAF, 0x2060, 0x1060, 0x1860, 0x1040, 0x0840, 0x0840,
    0x1040, 0x0820, 0x0820, 0x71A0, 0x7180, 0x5920, 0x2020, 0x9C50,
    0xFF9D, 0xE6DA, 0xE6DA, 0xEE99, 0x49E7, 0x9B04, 0xFE0C, 0xFDEC,
    0xFDCC, 0xFE0E, 0xEDAF, 0xC304, 0xE3E7, 0xDBA5, 0xD5D5, 0xC618,
    0xCE17, 0xCE18, 0xCE18, 0xCE18, 0xCE18, 0xCE18, 0xCE18, 0xCE18,
    0xCE18, 0xCE18, 0xCE38, 0xCE38, 0xCE38, 0xCE38, 0xCE18, 0xCE18,
    0xCE18, 0xCE18, 0xCE38, 0xCE38, 0xCE18, 0xCE18, 0xCE38, 0xCE18,
    0xCE18, 0xC618, 0xC618, 0xCE18, 0xC618, 0xCE18, 0xCE18, 0xCE18,
    0xCE18, 0xCE38, 0xCE18, 0xCE18, 0xC5F7, 0xC5B6, 0xBD75, 0xBD53,
    0xBD12, 0xBCF1, 0xBCCF, 0xBC8E, 0xBC8E, 0xBC8E, 0xBC8E, 0xBC8E,
    0xB48E, 0xB48E, 0xB46E, 0xB46D, 0xB46D, 0xBC8D, 0xBC8E, 0xBC8E,
    0xBC8E, 0xBC8E, 0xBC8E, 0xBC8D, 0xBC8D, 0xBC8E, 0xBC8E, 0xBC8E,
    0x936A, 0x936A, 0x936A, 0x9B6A, 0x9B8A, 0xA3AA, 0xB3CB, 0xBC0B,
    0xC44B, 0xCC8C, 0xD4AC, 0xDCCC, 0xDCEC, 0xDD0D, 0xE50D, 0xE50C,
    0xE4EC, 0xE4EC, 0xE4EC, 0xE4CB, 0xDCCB, 0xDCCB, 0xDCCB, 0xDCCB,
    0xDCCB, 0xDCCB, 0xDCCB, 0xDCEC, 0xDCCB, 0xD4AB, 0xCC6A, 0xC42A,
    0xBBE9, 0xB3A8, 0xAB67, 0xA306, 0x92C5, 0x8A64, 0x8243, 0x8222,
    0x8243, 0x8A43, 0x8A63, 0x8A84, 0x92A4, 0x92A4, 0x92C4, 0x9AA4,
    0x9AA4, 0x9AA4, 0x9AC4, 0x9AE5, 0x9B06, 0xA347, 0xAB88, 0xABC9,
    0xB3E9, 0xB40A, 0xB40A, 0xB3EA, 0xABCA, 0xA3AA, 0x9B89, 0x9369,
    0x9369, 0x8B49, 0xC46A, 0xFD69, 0xFDCD, 0xFF57, 0xFF36, 0xFF14,
    0xFF14, 0xFEB1, 0xFD69, 0xEBE3, 0xDB21, 0xEC24, 0xFD89, 0xFDEA,
    0xFE0B, 0xFE2D, 0xFE4D, 0xFE4D, 0xFE6E, 0xFE6E, 0xFE4E, 0xFE4E,
    0xFE4D, 0xFE4D, 0xFE4D, 0xFE4D, 0xFEF5, 0xFF7B, 0xFF7A, 0xFF59,
    0xFF59, 0xFF39, 0xFF59, 0xFF39, 0xFED6, 0xFE53, 0xF5AF, 0xED6E,
    0xE54E, 0xF612, 0xFE95, 0xFEB6, 0xFF17, 0xFEF7, 0xFED6, 0xFF18,
    0xFF39, 0xFF38, 0xFF17, 0xFEF7, 0xFF17, 0xFF17, 0xFEF7, 0xFF17,
    0xFF38, 0xFF59, 0xFF38, 0xFF38, 0xFF17, 0xFF38, 0xFF17, 0xFF17,
    0xFF18, 0xFF38, 0xFF38, 0xFF38, 0xFF38, 0xFF38, 0xFF9B, 0xFF9B,
    0xFF7A, 0xFF7A, 0xFF7A, 0xFF7A, 0xFF7B, 0xFF7B, 0xFF7A, 0xFF5A,
    0xFF39, 0xFF9C, 0xA42E, 0x1000, 0x0820, 0x0840, 0x0840, 0x0020,
    0x0000, 0x0820, 0x79E0, 0xBAE0, 0x71A0, 0x2020, 0x3965, 0xEF1B,
    0xEEFB, 0xE6DA, 0xEEBA, 0xCDB5, 0x4163, 0xED2A, 0xFDEC, 0xFDCC,
    0xFE2E, 0xFE50, 0xE56E, 0xC2E4, 0xE3E6, 0xE428, 0xCE17, 0xC618,
    0xCE18, 0xCE18, 0xCE18, 0xCE18, 0xC618, 0xCE18, 0xCE18, 0xCE18,
    0xCE38, 0xCE38, 0xCE38, 0xCE38, 0xCE38, 0xCE38, 0xCE18, 0xCE18,
    0xCE18, 0xCE18, 0xCE38, 0xCE38, 0xCE18, 0xCE18, 0xCE18, 0xCE18,
    0xCE18, 0xCE18, 0xC618, 0xC618, 0xC618, 0xCE18, 0xCE18, 0xCE18,
    0xCE18, 0xCE18, 0xCE18, 0xCE18, 0xC5F7, 0xC5D7, 0xC596, 0xBD74,
    0xBD54, 0xBD33, 0xBD12, 0xBCF1, 0xBCF1, 0xBCF1, 0xBCF0, 0xBCF0,
    0xBCF0, 0xBCD0, 0xBCD0, 0xBCD0, 0xBCD0, 0xBCF0, 0xBCF0, 0xBCF0,
    0xBCF0, 0xBCF0, 0xBCF0, 0xBCF0, 0xBCF0, 0xBCF0, 0xC4F0, 0xC4F0,
    0x936A, 0x9B6A, 0x9B6A, 0x9B6A, 0xA38A, 0xABAA, 0xB3CA, 0xBC2B,
    0xCC6B, 0xD4AC, 0xDCCC, 0xE50C, 0xE50D, 0xE50D, 0xE50C, 0xDCEC,
    0xDCEC, 0xDCEC, 0xDCEC, 0xDCCB, 0xDCCB, 0xDCCB, 0xDCCB, 0xDCCB,
    0xDCCB, 0xDCCB, 0xDCCB, 0xDCCB, 0xDCCC, 0xDCCB, 0xD4AB, 0xD46A,
    0xC42A, 0xBBE9, 0xB3A8, 0xAB67, 0x9B06, 0x92A4, 0x8A63, 0x8243,
    0x8243, 0x8A63, 0x8A63, 0x8A84, 0x92A4, 0x92A4, 0x9AC4, 0x9AA4,
    0x9AA4, 0x9AA4, 0x9AC4, 0x9AC5, 0x9B05, 0xA347, 0xAB88, 0xB3C8,
    0xB3E9, 0xB40A, 0xB40A, 0xB40A, 0xABCA, 0xA3A9, 0x9B89, 0x9369,
    0x9369, 0x9369, 0xED2B, 0xFE2E, 0xFF15, 0xFF15, 0xFF35, 0xFF35,
    0xFED2, 0xF508, 0xEBA2, 0xE3A3, 0xF446, 0xF486, 0xEC04, 0xEBC2,
    0xF424, 0xFD08, 0xFDEB, 0xFE2D, 0xFE4E, 0xFE6E, 0xFE4D, 0xFE2D,
    0xFE2D, 0xFE4D, 0xFE70, 0xFF38, 0xFF9B, 0xFF7A, 0xFF5A, 0xFF59,
    0xFF39, 0xFF39, 0xFF39, 0xFF17, 0xFE74, 0xF5F1, 0xED2D, 0xA306,
    0x48E1, 0x7225, 0xDD50, 0xFEB6, 0xFED7, 0xFEF7, 0xFED6, 0xFED6,
    0xFED6, 0xFED5, 0xFEF6, 0xFEF6, 0xFF17, 0xFF17, 0xFF18, 0xFF17,
    0xFF18, 0xFEF7, 0xFED5, 0xFF17, 0xFF18, 0xFF38, 0xFF38, 0xFF38,
    0xFF38, 0xFF38, 0xFF18, 0xFF38, 0xFF38, 0xFF59, 0xFF7A, 0xFF59,
    0xFF59, 0xFF39, 0xFF39, 0xFF18, 0xFF39, 0xFF59, 0xFF5A, 0xFF5A,
    0xFF3A, 0xFF5A, 0xFF7A, 0xA3EB, 0x1880, 0x0000, 0x0800, 0x2060,
    0x4100, 0x81C0, 0x9A40, 0x9220, 0x5900, 0x1861, 0xC595, 0xEEFB,
    0xE6BA, 0xE698, 0xEEB9, 0x838D, 0x92E5, 0xFE4E, 0xFDAB, 0xFDCB,
    0xFE0D, 0xFE51, 0xF5EF, 0xE468, 0xEC06, 0xED0B, 0xCE18, 0xC618,
    0xCE18, 0xCE18, 0xCE18, 0xCE18, 0xCE18, 0xCE18, 0xCE18, 0xCE38,
    0xCE38, 0xCE38, 0xCE38, 0xCE38, 0xCE38, 0xCE38, 0xCE38, 0xCE18,
    0xCE18, 0xCE18, 0xCE18, 0xCE18, 0xCE18, 0xCE18, 0xCE18, 0xCE18,
    0xC618, 0xC618, 0xC618, 0xC618, 0xC618, 0xCE18, 0xCE18, 0xCE18,
    0xCE18, 0xCE18, 0xCE18, 0xCE18, 0xC5F7, 0xC5F7, 0xC5B6, 0xC595,
    0xC575, 0xBD74, 0xBD53, 0xBD33, 0xBD53, 0xBD33, 0xBD33, 0xBD33,
    0xBD33, 0xBD33, 0xBD32, 0xBD32, 0xBD32, 0xBD32, 0xC533, 0xC532,
    0xC532, 0xC533, 0xC532, 0xC532, 0xC552, 0xC552, 0xC552, 0xC552,
    0x934A, 0x9B4A, 0x9B69, 0xA369, 0xA389, 0xABAA, 0xBBEA, 0xC42B,
    0xCC8B, 0xD4AC, 0xDCEC, 0xE50D, 0xE52D, 0xE52D, 0xE50D, 0xDD0C,
    0xDCEC, 0xDCEC, 0xDCEC, 0xDCEC, 0xDCCC, 0xDCCB, 0xDCCB, 0xDCCB,
    0xDCCB, 0xDCCB, 0xDCCB, 0xDCCB, 0xDCCB, 0xDCCC, 0xDCCB, 0xD4AB,
    0xCC6B, 0xC42A, 0xBBE9, 0xAB88, 0xA326, 0x9AC5, 0x8A84, 0x8A43,
    0x8243, 0x8A63, 0x8A63, 0x8A84, 0x92A4, 0x92A4, 0x9AC4, 0x9AC4,
    0x9AA4, 0x9AA4, 0x9AA4, 0x9AC5, 0x9B06, 0xA347, 0xAB88, 0xB3C8,
    0xB3E9, 0xB40A, 0xB40A, 0xB40A, 0xABEA, 0xA3AA, 0x9BA9, 0x9B89,
    0x9369, 0xBC4B, 0xFE2F, 0xFF36, 0xFEF3, 0xFF15, 0xFF56, 0xFED2,
    0xFD29, 0xEBE4, 0xE383, 0xE3A3, 0xF425, 0xE3A3, 0xE342, 0xD301,
    0xDB21, 0xF404, 0xFD6A, 0xFE0C, 0xFE0B, 0xFE0B, 0xFE0C, 0xFE6E,
    0xFE6E, 0xFE91, 0xFF59, 0xFF9B, 0xFF7A, 0xFF7A, 0xFF5A, 0xFF39,
    0xFF39, 0xFF38, 0xFF17, 0xFED6, 0xFE74, 0xED6F, 0xCC2A, 0x50E0,
    0x2020, 0x0000, 0x51A4, 0xFE75, 0xFED7, 0xFEF7, 0xFEF7, 0xFEF7,
    0xFF17, 0xFEF6, 0xFEF6, 0xFEF6, 0xFF17, 0xFEF6, 0xFEF6, 0xFEF7,
    0xFF17, 0xFEB5, 0xFEB4, 0xFF17, 0xFF18, 0xFF38, 0xFF38, 0xFF39,
    0xFF18, 0xFEF7, 0xFF18, 0xFF17, 0xFF18, 0xFF18, 0xFF18, 0xFF39,
    0xFF38, 0xFEF7, 0xFEB6, 0xF654, 0xF633, 0xFEB5, 0xFF39, 0xFF5A,
    0xFF5A, 0xFF3A, 0xFF3A, 0xFF38, 0xED8D, 0xA387, 0x8202, 0x7980,
    0x89C0, 0x7180, 0x6120, 0x40A0, 0x2881, 0xB512, 0xF6F9, 0xE678,
    0xE698, 0xE637, 0xBCD1, 0x9307, 0xFE0E, 0xFDEC, 0xFDAB, 0xFE0D,
    0xFDED, 0xFE51, 0xF5CE, 0xF54B, 0xF4A7, 0xEDAF, 0xCE39, 0xCE18,
    0xCE18, 0xCE18, 0xCE18, 0xCE18, 0xCE18, 0xCE18, 0xCE18, 0xCE38,
    0xCE38, 0xCE38, 0xCE38, 0xCE38, 0xCE38, 0xCE38, 0xCE38, 0xCE18,
    0xCE38, 0xCE18, 0xCE18, 0xCE18, 0xCE18, 0xC618, 0xCE18, 0xCE18,
    0xC618, 0xC618, 0xC618, 0xC618, 0xC618, 0xCE18, 0xC618, 0xCE18,
    0xCE18, 0xCE18, 0xCE18, 0xCE18, 0xCE18, 0xC5F7, 0xC5D7, 0xC5B6,
    0xC5B6, 0xC595, 0xC595, 0xC574, 0xC595, 0xC595, 0xC594, 0xC594,
    0xC594, 0xC594, 0xC574, 0xC574, 0xC574, 0xC574, 0xC574, 0xC574,
    0xC594, 0xC594, 0xC595, 0xC595, 0xC595, 0xC594, 0xC594, 0xC594,
    0x934A, 0x9B49, 0xA369, 0xA369, 0xAB89, 0xB3C9, 0xBC0A, 0xC44B,
    0xD48B, 0xDCCC, 0xDCEC, 0xE52D, 0xE52D, 0xE52D, 0xE50C, 0xDD0C,
    0xDCEC, 0xE4EC, 0xE4EC, 0xDCEC, 0xDCEC, 0xDCCC, 0xDCCC, 0xDCCC,
    0xDCCC, 0xDCCB, 0xDCCB, 0xDCCB, 0xDCCB, 0xDCCC, 0xDCEC, 0xDCCC,
    0xD4AB, 0xCC6A, 0xC409, 0xB388, 0xA347, 0x9AE5, 0x9284, 0x8A63,
    0x8A43, 0x8243, 0x8A63, 0x8A84, 0x9284, 0x92A4, 0x92A4, 0x9AC4,
    0x9AC4, 0x9AA4, 0x9AC4, 0x9AE5, 0xA306, 0xA347, 0xAB88, 0xB3C8,
    0xB3E9, 0xB40A, 0xB40A, 0xB40A, 0xABEA, 0xA3CA, 0x9BA9, 0x9B89,
    0x9369, 0xD54E, 0xFF97, 0xFEF3, 0xFF14, 0xFF56, 0xFE4F, 0xFD08,
    0xF466, 0xEC25, 0xE3A3, 0xEC04, 0xE3A3, 0xDB42, 0xDB42, 0xCAA1,
    0xDB22, 0xEBE4, 0xF486, 0xFCE7, 0xFD89, 0xFE0C, 0xFE6F, 0xFE8F,
    0xFED2, 0xFF59, 0xFF9B, 0xFF7A, 0xFF7A, 0xFF7A, 0xFF59, 0xFF39,
    0xFF39, 0xFF38, 0xFEF7, 0xFED6, 0xFE32, 0xED2D, 0xAB47, 0x5900,
    0x38A0, 0x1020, 0x1820, 0xB44D, 0xFEF7, 0xFEB6, 0xFED6, 0xFF18,
    0xFF39, 0xFF59, 0xFF38, 0xFEF7, 0xFEB5, 0xFED6, 0xFEF6, 0xFEF7,
    0xFEF7, 0xFED6, 0xFEF6, 0xFEF7, 0xFF17, 0xFF18, 0xFF17, 0xFF17,
    0xFF17, 0xFEF6, 0xFEF6, 0xFED6, 0xFEF7, 0xFF17, 0xFF18, 0xFF18,
    0xFEF7, 0xFED6, 0xFED6, 0xF612, 0xED4E, 0xF5D0, 0xFEB6, 0xFF39,
    0xFF5A, 0xFF39, 0xFF39, 0xFF39, 0xFEB5, 0xFE4E, 0xFE0E, 0xD4EC,
    0xAB87, 0x8264, 0x40E1, 0x3944, 0xBD33, 0xEEB9, 0xDE16, 0xDDF5,
    0xDDB4, 0xD531, 0xC48B, 0xFE0E, 0xFE4F, 0xFDAB, 0xFDCC, 0xFE2D,
    0xFE2E, 0xFE51, 0xF58D, 0xF54B, 0xFD6A, 0xE5D1, 0xC639, 0xCE18,
    0xCE18, 0xCE18, 0xCE18, 0xCE18, 0xCE18, 0xCE38, 0xCE18, 0xCE38,
    0xCE38, 0xCE38, 0xCE38, 0xCE38, 0xCE38, 0xCE18, 0xCE18, 0xCE38,
    0xCE18, 0xCE18, 0xCE18, 0xCE18, 0xCE18, 0xCE18, 0xC618, 0xC618,
    0xC618, 0xC618, 0xC618, 0xC618, 0xCE18, 0xC618, 0xC618, 0xCE18,
    0xCE18, 0xCE18, 0xCE18, 0xCE18, 0xCE18, 0xCDF8, 0xC5F7, 0xC5D7,
    0xC5D7, 0xC5D6, 0xC5B6, 0xC5B6, 0xC5B6, 0xC5B6, 0xC5B6, 0xC5D6,
    0xC5D6, 0xC5D6, 0xC5B6, 0xC5B6, 0xC5B6, 0xC5B6, 0xC5D6, 0xC5D6,
    0xC5D6, 0xC5D6, 0xCDD6, 0xCDD6, 0xCDD6, 0xCDD6, 0xCDD6, 0xCDD6,
    0x9B49, 0x9B49, 0xA348, 0xA368, 0xAB88, 0xB3C9, 0xBC0A, 0xCC4A,
    0xD48B, 0xDCCC, 0xE50C, 0xE52D, 0xE52D, 0xE52D, 0xE50D, 0xE50C,
    0xE50C, 0xE50C, 0xE50C, 0xDCEC, 0xDCCC, 0xDCCC, 0xDCCC, 0xDCCB,
    0xDCCB, 0xDCCB, 0xDCCB, 0xDCCC, 0xDCEC, 0xDCEC, 0xDCEC, 0xDCEC,
    0xDCCC, 0xD48B, 0xC42A, 0xB3A8, 0xAB47, 0x9AE5, 0x92A4, 0x8A64,
    0x8243, 0x8243, 0x8A43, 0x8A83, 0x9284, 0x92A4, 0x92A4, 0x9AA4,
    0x9AA4, 0x9AA4, 0x9AC4, 0x9AC5, 0xA326, 0xAB47, 0xAB88, 0xB3C8,
    0xB3E9, 0xB40A, 0xB40A, 0xB40A, 0xABEA, 0xA3CA, 0x9BA9, 0x9B89,
    0x9368, 0xE674, 0xFE90, 0xFE71, 0xFF99, 0xFE2E, 0xFCC6, 0xFD08,
    0xFD08, 0xF486, 0xF445, 0xE3A3, 0xCB02, 0xD343, 0xCAE1, 0xD302,
    0xDB42, 0xDB22, 0xE342, 0xF445, 0xFE0D, 0xFE90, 0xFEB0, 0xFEB1,
    0xFF59, 0xFF9B, 0xFF7A, 0xFF7A, 0xFF7A, 0xFF59, 0xFF39, 0xFF39,
    0xFF18, 0xFF18, 0xFED6, 0xFED6, 0xFE94, 0xFE11, 0xC42A, 0x6141,
    0x48E1, 0x3080, 0x2020, 0x6A25, 0xFE95, 0xFEB6, 0xFEF7, 0xFEF7,
    0xFEF7, 0xFEF7, 0xFEF6, 0xFEF7, 0xFED6, 0xFEB5, 0xFEF7, 0xFEF7,
    0xFEF6, 0xFED6, 0xFED6, 0xFED6, 0xFED6, 0xFEF7, 0xFF18, 0xFF38,
    0xFF38, 0xFF17, 0xFEF7, 0xFEF7, 0xFEF7, 0xFF18, 0xFEF7, 0xFEB6,
    0xFEB6, 0xE5B2, 0xA3AA, 0x8265, 0xBBA8, 0xE50D, 0xF5F1, 0xFEB6,
    0xFF39, 0xFF19, 0xFF39, 0xFF3A, 0xFF3A, 0xF5EF, 0xFD69, 0xFE0C,
    0xFE6F, 0xFE6F, 0xEDCE, 0xEDCF, 0xF632, 0xEDF1, 0xEE12, 0xF611,
    0xF610, 0xFE2F, 0xFE2D, 0xFE0D, 0xFDCC, 0xFDAB, 0xFE2E, 0xFE4E,
    0xFE91, 0xF5EF, 0xE467, 0xFDAC, 0xFD6B, 0xDDD3, 0xC639, 0xCE18,
    0xCE18, 0xCE18, 0xCE18, 0xCE18, 0xCE18, 0xCE38, 0xCE38, 0xCE38,
    0xCE38, 0xCE38, 0xCE38, 0xCE38, 0xCE38, 0xCE18, 0xCE18, 0xCE18,
    0xCE18, 0xCE18, 0xCE38, 0xCE18, 0xCE38, 0xC618, 0xC618, 0xC618,
    0xC618, 0xCE18, 0xCE18, 0xCE18, 0xCE18, 0xCE18, 0xCE18, 0xCE18,
    0xCE18, 0xCE18, 0xCE18, 0xCE18, 0xCE18, 0xCE18, 0xC618, 0xC5F7,
    0xC5F7, 0xC5F7, 0xC5F7, 0xC5F7, 0xC5F7, 0xC5F7, 0xC5F7, 0xC5F7,
    0xC5F7, 0xCDF7, 0xCDF7, 0xCDF7, 0xC5F7, 0xCDF7, 0xCDF7, 0xCDF7,
    0xCDF7, 0xCDF7, 0xCDF7, 0xCDF7, 0xCE17, 0xCE17, 0xCE17, 0xCE17,
    0x9B28, 0xA348, 0xA348, 0xA348, 0xAB68, 0xB3A9, 0xBC0A, 0xCC4A,
    0xD4AB, 0xDCEC, 0xE50C, 0xE52D, 0xE52D, 0xE52D, 0xE52D, 0xE50D,
    0xE50D, 0xE50C, 0xDCEC, 0xDCCC, 0xDCAB, 0xD48B, 0xD48B, 0xD48B,
    0xD48B, 0xD4AB, 0xDCAB, 0xDCCC, 0xDCEC, 0xDCEC, 0xDCEC, 0xDCEC,
    0xDCEC, 0xD4AB, 0xCC4A, 0xBBC9, 0xAB67, 0x9B06, 0x92A5, 0x8A63,
    0x8243, 0x8223, 0x8243, 0x8A63, 0x9284, 0x9284, 0x92A4, 0x9AA4,
    0x9AA4, 0x9AA4, 0x9AC4, 0x9AC5, 0xA326, 0xAB67, 0xAB88, 0xB3C8,
    0xB3E9, 0xBC0A, 0xBC2A, 0xB40A, 0xABEA, 0xA3CA, 0x9BAA, 0x9369,
    0xA3EB, 0xFE92, 0xFD28, 0xFEB2, 0xFF35, 0xFD49, 0xF4A6, 0xFCE8,
    0xF486, 0xEC26, 0xEC46, 0xCB02, 0xCB22, 0xD322, 0xC2A1, 0xDB42,
    0xD2E2, 0xC2C1, 0xDB62, 0xFDCC, 0xFEB1, 0xFE90, 0xFE90, 0xFF58,
    0xFF9B, 0xFF7A, 0xFF7A, 0xFF7A, 0xFF59, 0xFF59, 0xFF39, 0xFF18,
    0xFF18, 0xFEF7, 0xFED6, 0xFEF7, 0xFE94, 0xFE74, 0xF5F2, 0x8204,
    0x50E1, 0x5102, 0x38A0, 0x59A4, 0xF695, 0xFED6, 0xFEB6, 0xFF18,
    0xFEF7, 0xFED6, 0xFED6, 0xFED6, 0xFEF7, 0xFF18, 0xFEF6, 0xFED6,
    0xFED6, 0xFEB5, 0xFED6, 0xFF17, 0xFEF6, 0xFEF6, 0xFF17, 0xFF18,
    0xFF17, 0xFEF7, 0xFEF7, 0xFEF7, 0xFED6, 0xFE94, 0xFEB5, 0xFEF7,
    0xD530, 0x4123, 0x1800, 0x2820, 0x69A2, 0xDCAB, 0xEDB0, 0xF654,
    0xFEF8, 0xFF18, 0xFF3A, 0xFF3A, 0xFF3A, 0xFEF8, 0xFDEE, 0xFD69,
    0xFD69, 0xFD89, 0xFE0C, 0xFE0D, 0xFDEC, 0xFE2E, 0xFE4E, 0xFE4D,
    0xFE4E, 0xFE2E, 0xFDED, 0xFD8A, 0xFD48, 0xFDCC, 0xFE4F, 0xFE70,
    0xFEB2, 0xF5CE, 0xDBE5, 0xF54A, 0xFDCD, 0xDDF5, 0xC618, 0xCE18,
    0xCE18, 0xCE18, 0xCE18, 0xCE18, 0xCE38, 0xCE38, 0xCE38, 0xCE38,
    0xCE38, 0xCE38, 0xCE38, 0xCE38, 0xCE38, 0xCE38, 0xCE18, 0xCE18,
    0xCE18, 0xCE18, 0xCE18, 0xCE38, 0xCE38, 0xC618, 0xC618, 0xCE18,
    0xCE18, 0xCE18, 0xC618, 0xCE18, 0xCE18, 0xCE18, 0xCE18, 0xCE18,
    0xCE18, 0xCE18, 0xCE18, 0xCE18, 0xCE18, 0xCE18, 0xCE18, 0xCE18,
    0xCE18, 0xCE18, 0xCE18, 0xCE18, 0xCE18, 0xCE18, 0xCE18, 0xCE18,
    0xCE18, 0xCE18, 0xCE18, 0xCE18, 0xCE18, 0xCE18, 0xCE18, 0xCE18,
    0xCE18, 0xCE18, 0xCE18, 0xCE18, 0xCE38, 0xCE38, 0xCE38, 0xCE38,
    0x9B07, 0xA327, 0xA327, 0xA327, 0xAB48, 0xB3A8, 0xBC09, 0xCC4B,
    0xD4AB, 0xDCEC, 0xE50C, 0xE52D, 0xE52D, 0xE52D, 0xE52D, 0xE52D,
    0xE50C, 0xDCEC, 0xDCCB, 0xD48B, 0xD46B, 0xCC4A, 0xCC4A, 0xCC4A,
    0xCC4A, 0xD46A, 0xD48B, 0xDCAB, 0xDCCC, 0xDCEC, 0xDCEC, 0xDD0C,
    0xDCEC, 0xD4AB, 0xCC6A, 0xBBE9, 0xAB67, 0x9B06, 0x92A4, 0x8243,
    0x8222, 0x7A22, 0x8243, 0x8A63, 0x8A83, 0x9284, 0x92A4, 0x92A4,
    0x9AA4, 0x9AA4, 0x9AA4, 0x9AC5, 0xA306, 0xAB47, 0xAB88, 0xB3C8,
    0xB3E9, 0xBC0A, 0xBC2A, 0xB40A, 0xABEA, 0xABEA, 0xA3CA, 0x9369,
    0xC4CD, 0xFDCD, 0xFCE8, 0xFE92, 0xFE8F, 0xFCE7, 0xFD08, 0xFCC8,
    0xE3E5, 0xE3E5, 0xDB84, 0xD323, 0xDB84, 0xB261, 0xBA81, 0xCB01,
    0xCB02, 0xCAE2, 0xF509, 0xFE8F, 0xFE6F, 0xFE70, 0xFF37, 0xFF9B,
    0xFF7A, 0xFF7A, 0xFF7A, 0xFF79, 0xFF59, 0xFF59, 0xFF38, 0xFF38,
    0xFEF7, 0xFED6, 0xFED6, 0xFE94, 0xFEB5, 0xFED6, 0xFED6, 0xDD0F,
    0x6962, 0x5901, 0x48A0, 0x9B49, 0xFF38, 0xFEF7, 0xFED6, 0xFED6,
    0xFEB5, 0xFEB5, 0xFED5, 0xFEB5, 0xFED6, 0xFEF7, 0xFEB5, 0xFE73,
    0xFE74, 0xFE95, 0xFED6, 0xFED6, 0xFEF7, 0xFF17, 0xFEF6, 0xFED6,
    0xFEB5, 0xFED6, 0xFEF6, 0xFEB5, 0xFED6, 0xFEF7, 0xFEF7, 0xF6B6,
    0x4963, 0x0000, 0x2060, 0x40C0, 0x6962, 0xDCED, 0xFE95, 0xFED7,
    0xFF18, 0xFF18, 0xFF19, 0xFF39, 0xFF39, 0xFF39, 0xFEF7, 0xFE70,
    0xFE0D, 0xFDCB, 0xFDAA, 0xFD8A, 0xFD6A, 0xFD8A, 0xFDAA, 0xFD89,
    0xFD89, 0xFD8A, 0xFD69, 0xFD48, 0xFD69, 0xFDEC, 0xFE4F, 0xFE71,
    0xFEB2, 0xE4AA, 0xDBC6, 0xE426, 0xFD8C, 0xD637, 0xC618, 0xCE18,
    0xCE18, 0xCE18, 0xCE18, 0xCE18, 0xCE18, 0xCE38, 0xCE38, 0xCE38,
    0xCE38, 0xCE38, 0xCE38, 0xCE38, 0xCE38, 0xCE18, 0xCE18, 0xCE18,
    0xCE18, 0xCE18, 0xCE18, 0xCE18, 0xCE18, 0xCE18, 0xCE18, 0xCE18,
    0xCE18, 0xC618, 0xC618, 0xCE18, 0xCE18, 0xCE18, 0xCE18, 0xCE18,
    0xCE18, 0xCE18, 0xCE18, 0xCE18, 0xCE18, 0xCE18, 0xCE38, 0xCE38,
    0xCE38, 0xCE38, 0xCE18, 0xCE38, 0xCE38, 0xCE38, 0xCE38, 0xCE38,
    0xCE38, 0xCE38, 0xCE38, 0xCE38, 0xCE38, 0xCE38, 0xCE38, 0xCE18,
    0xCE18, 0xCE38, 0xCE38, 0xCE38, 0xD638, 0xD638, 0xD638, 0xD638,
    0x9B07, 0x9B07, 0xA327, 0xA327, 0xA347, 0xB388, 0xBBE9, 0xCC4A,
    0xD4AB, 0xDCEC, 0xE50D, 0xE52D, 0xE54D, 0xE52D, 0xE52D, 0xE52D,
    0xDD0C, 0xDCCC, 0xD4AB, 0xCC6A, 0xC42A, 0xC3E9, 0xBBE9, 0xBBE9,
    0xC409, 0xC429, 0xCC6A, 0xD48B, 0xDCCB, 0xDCEC, 0xE4EC, 0xDD0C,
    0xDCEC, 0xD4AB, 0xCC4A, 0xBBE9, 0xAB67, 0x9B06, 0x8A84, 0x8223,
    0x79E2, 0x7A02, 0x8223, 0x8A43, 0x8A63, 0x9284, 0x9284, 0x92A4,
    0x92A4, 0x92A4, 0x9AA4, 0x9AC4, 0xA306, 0xAB47, 0xABA8, 0xB3C8,
    0xB3E9, 0xBC0A, 0xBC2A, 0xB40A, 0xB40A, 0xABEA, 0xA3CA, 0x9389,
    0xB42A, 0xFD4A, 0xF4E9, 0xFED2, 0xFDCB, 0xF486, 0xF509, 0xF4A7,
    0xE3C5, 0xEC26, 0xD343, 0xCB02, 0xC2C1, 0xBA81, 0xD322, 0xCB22,
    0xC2A1, 0xE425, 0xFE0C, 0xFE2D, 0xFE4E, 0xFEF5, 0xFF9B, 0xFF7A,
    0xFF7A, 0xFF7A, 0xFF7A, 0xFF59, 0xFF39, 0xFF39, 0xFF18, 0xFF17,
    0xFEF7, 0xFED6, 0xFEB6, 0xFED6, 0xFED6, 0xFED6, 0xFED6, 0xFED6,
    0xD4EE, 0xAB89, 0x92E7, 0xDD91, 0xFEF7, 0xFE95, 0xFEB5, 0xFE94,
    0xFED6, 0xFEB5, 0xFE94, 0xFED6, 0xFEF6, 0xFED6, 0xFED6, 0xFEB5,
    0xFEB5, 0xFEB5, 0xFED5, 0xFEF6, 0xFEF6, 0xFED6, 0xFED6, 0xFED6,
    0xFEF7, 0xFEF7, 0xFED6, 0xFEF7, 0xFEF7, 0xFE95, 0xFED6, 0xCD31,
    0x2081, 0x1000, 0x3080, 0x50E1, 0x8203, 0xEDD2, 0xFED6, 0xFEF7,
    0xFEF8, 0xFF39, 0xFF19, 0xFF18, 0xFF39, 0xFF39, 0xFF3A, 0xFED5,
    0xFE70, 0xFE70, 0xFE4F, 0xFE4E, 0xFE2D, 0xFE0D, 0xFDEC, 0xFDCB,
    0xFD89, 0xFDAB, 0xFDCB, 0xFDEC, 0xFE0C, 0xFDEC, 0xFE2E, 0xFE70,
    0xFED3, 0xE50B, 0xBAC2, 0xC2E2, 0xF4EA, 0xD637, 0xC618, 0xCE18,
    0xCE18, 0xCE18, 0xCE18, 0xCE18, 0xCE18, 0xCE18, 0xCE38, 0xCE38,
    0xCE38, 0xCE38, 0xCE38, 0xCE18, 0xCE18, 0xCE18, 0xCE18, 0xCE18,
    0xCE18, 0xCE18, 0xCE18, 0xCE18, 0xC618, 0xCE18, 0xCE18, 0xCE18,
    0xCE18, 0xC618, 0xC618, 0xC618, 0xCE18, 0xC618, 0xCE18, 0xCE18,
    0xCE18, 0xCE18, 0xCE18, 0xCE38, 0xCE18, 0xCE18, 0xCE18, 0xCE38,
    0xCE38, 0xCE18, 0xCE38, 0xCE18, 0xCE38, 0xCE38, 0xCE38, 0xCE38,
    0xCE38, 0xCE38, 0xCE38, 0xCE38, 0xCE38, 0xCE38, 0xCE38, 0xCE18,
    0xCE18, 0xCE38, 0xCE38, 0xD638, 0xD638, 0xD638, 0xD638, 0xD638,
    0x9B07, 0x9B07, 0xA327, 0xA327, 0xA347, 0xB388, 0xBBE9, 0xCC4A,
    0xD4AB, 0xDCEC, 0xE50D, 0xE54D, 0xE54D, 0xE52D, 0xE52D, 0xE52D,
    0xDCEC, 0xD4AB, 0xCC6A, 0xC42A, 0xBBC9, 0xB388, 0xAB68, 0xAB67,
    0xB388, 0xBBC9, 0xC429, 0xCC4A, 0xD4AB, 0xDCCB, 0xDCEC, 0xE50C,
    0xDCEC, 0xD4AB, 0xCC4A, 0xBBE9, 0xAB67, 0x9AE6, 0x8A64, 0x7A02,
    0x71E2, 0x79E2, 0x8222, 0x8243, 0x8A63, 0x8A83, 0x9283, 0x92A4,
    0x92A4, 0x92A4, 0x92A4, 0x9AC4, 0xA305, 0xAB67, 0xB3A8, 0xB3C9,
    0xBC09, 0xBC2A, 0xBC2A, 0xB40A, 0xAC0A, 0xABEA, 0xA3CA, 0x9389,
    0xB42A, 0xFD09, 0xF50A, 0xFEF3, 0xFD08, 0xEC46, 0xF4C8, 0xEC05,
    0xDBA4, 0xEC05, 0xD323, 0xD363, 0xD322, 0xD343, 0xBAA1, 0xA1E0,
    0xC2C1, 0xF509, 0xFE2E, 0xFE2D, 0xFE90, 0xFF7A, 0xFF7A, 0xFF7A,
    0xFF7A, 0xFF7A, 0xFF7A, 0xFF39, 0xFF38, 0xFF18, 0xFF38, 0xFF18,
    0xFEF7, 0xFEF7, 0xFEF7, 0xFED6, 0xFED6, 0xFED6, 0xFEF7, 0xFEF7,
    0xFF17, 0xFF58, 0xFF17, 0xFEF6, 0xFEB5, 0xFE74, 0xFE94, 0xFE94,
    0xFEB5, 0xFEB6, 0xFED6, 0xFEB5, 0xFE95, 0xFEB5, 0xFEB5, 0xFED6,
    0xFE94, 0xFE94, 0xFED6, 0xFED6, 0xFED6, 0xFEB5, 0xFEB6, 0xFEF7,
    0xFED6, 0xFEB5, 0xFED6, 0xFED6, 0xFED7, 0xF674, 0xFEB6, 0x72C8,
    0x0800, 0x2880, 0x48E1, 0x5900, 0xC40B, 0xFED7, 0xFED6, 0xFE96,
    0xFE95, 0xFEF8, 0xFF18, 0xFF18, 0xFF39, 0xFF3A, 0xFF3A, 0xFF39,
    0xFEB3, 0xFE70, 0xFE6F, 0xFE4F, 0xFE6F, 0xFE90, 0xFE90, 0xFE70,
    0xFE4F, 0xFE2E, 0xFE4F, 0xFE4E, 0xFE4E, 0xFE4F, 0xFE70, 0xFE92,
    0xFED3, 0xFF15, 0xED0B, 0xCB23, 0xECA9, 0xD617, 0xC618, 0xCE18,
    0xCE18, 0xCE38, 0xCE18, 0xCE18, 0xCE18, 0xCE18, 0xCE18, 0xCE18,
    0xCE38, 0xCE38, 0xCE18, 0xCE18, 0xCE38, 0xCE18, 0xCE38, 0xCE38,
    0xCE18, 0xCE18, 0xCE18, 0xCE18, 0xC618, 0xCE18, 0xCE18, 0xCE18,
    0xCE18, 0xC618, 0xC618, 0xC618, 0xC618, 0xC618, 0xC618, 0xCE18,
    0xC618, 0xC618, 0xCE18, 0xCE38, 0xCE38, 0xCE38, 0xCE18, 0xCE18,
    0xCE18, 0xCE18, 0xCE18, 0xCE18, 0xCE38, 0xCE38, 0xCE38, 0xCE38,
    0xCE38, 0xCE38, 0xCE38, 0xCE38, 0xCE38, 0xCE38, 0xCE38, 0xCE38,
    0xCE18, 0xCE38, 0xCE38, 0xCE38, 0xCE38, 0xCE38, 0xD638, 0xD638,
    0x9B07, 0x9B27, 0xA327, 0xA327, 0xAB47, 0xB3A8, 0xBC09, 0xCC6A,
    0xD4AB, 0xDCEC, 0xE52D, 0xE54D, 0xE54D, 0xE54D, 0xE52D, 0xE50C,
    0xDCEC, 0xD48B, 0xC44A, 0xBBE9, 0xAB88, 0xA307, 0x9AE6, 0x9AE6,
    0xA326, 0xB388, 0xBBE9, 0xC429, 0xD46A, 0xDCCB, 0xDCEC, 0xE50C,
    0xDCEC, 0xD4AB, 0xCC2A, 0xBBC8, 0xAB47, 0x9AE5, 0x8264, 0x71E2,
    0x71C2, 0x79E2, 0x7A02, 0x8243, 0x8A63, 0x8A83, 0x9284, 0x92A4,
    0x92A4, 0x92A4, 0x92A4, 0x9AC4, 0xA305, 0xAB47, 0xB3A7, 0xB3E9,
    0xBC09, 0xBC2A, 0xBC2A, 0xB40A, 0xB40A, 0xABEA, 0xA3EA, 0x93AA,
    0xB40A, 0xF487, 0xF56C, 0xFEF3, 0xF4A7, 0xF466, 0xEC25, 0xE3A4,
    0xE405, 0xD363, 0xC2E2, 0xCB02, 0xC2C2, 0xBA81, 0xAA20, 0xB281,
    0xDBC4, 0xFDEC, 0xFE4E, 0xFE2D, 0xFEF5, 0xFF9B, 0xFF7A, 0xFF7A,
    0xFF7A, 0xFF5A, 0xFF39, 0xFF39, 0xFF38, 0xFF18, 0xFF18, 0xFF17,
    0xFEF7, 0xFED7, 0xFED6, 0xFEF7, 0xFED6, 0xFEF7, 0xFF17, 0xFF18,
    0xFF18, 0xFEF7, 0xFED6, 0xFE95, 0xFE94, 0xFE74, 0xFE73, 0xFE95,
    0xFE94, 0xFE94, 0xFE94, 0xFE94, 0xFEB5, 0xFEB5, 0xFED6, 0xFED5,
    0xFE94, 0xFE94, 0xFEB5, 0xFED5, 0xFEB5, 0xFEB5, 0xFED6, 0xFE94,
    0xFE95, 0xFED6, 0xFED6, 0xFED6, 0xFED6, 0xF654, 0xFEB6, 0x7AE9,
    0x2020, 0x50E1, 0x7182, 0xB3A9, 0xFE75, 0xFEF7, 0xFEF7, 0xFED7,
    0xFED7, 0xFED7, 0xFEF7, 0xFEF8, 0xFF19, 0xFF3A, 0xFF3A, 0xFF3A,
    0xFF18, 0xFE92, 0xFE92, 0xFE91, 0xFE6F, 0xFE4F, 0xFE6F, 0xFE70,
    0xFE6F, 0xFE4E, 0xFE4F, 0xFE70, 0xFE6F, 0xFE91, 0xFE91, 0xFEB2,
    0xFED3, 0xFF16, 0xFE51, 0xEC67, 0xEC89, 0xD616, 0xC618, 0xCE18,
    0xCE18, 0xCE18, 0xCE18, 0xCE18, 0xCE18, 0xCE18, 0xCE38, 0xCE38,
    0xCE38, 0xCE38, 0xCE18, 0xCE38, 0xCE38, 0xCE18, 0xCE18, 0xCE18,
    0xCE38, 0xCE38, 0xCE18, 0xCE18, 0xC618, 0xC618, 0xCE18, 0xCE18,
    0xCE18, 0xCE18, 0xCE18, 0xCE18, 0xC618, 0xCE18, 0xC618, 0xCE18,
    0xCE18, 0xCE18, 0xCE18, 0xCE18, 0xCE38, 0xCE38, 0xCE18, 0xCE18,
    0xCE18, 0xCE18, 0xCE18, 0xCE18, 0xCE38, 0xCE38, 0xCE38, 0xCE38,
    0xCE38, 0xCE38, 0xCE38, 0xCE38, 0xCE38, 0xCE38, 0xCE38, 0xCE38,
    0xCE38, 0xCE38, 0xCE38, 0xCE38, 0xCE38, 0xCE38, 0xCE38, 0xCE38,
    0x9B07, 0xA327, 0xA327, 0xA327, 0xAB67, 0xB3A8, 0xBC09, 0xCC6B,
    0xD4AC, 0xDD0C, 0xE52D, 0xE54D, 0xE54D, 0xE54D, 0xE54D, 0xE50C,
    0xDCCB, 0xCC6B, 0xC42A, 0xB3A8, 0x9B27, 0x8AA5, 0x8244, 0x8244,
    0x8AA5, 0xA327, 0xB388, 0xC3E9, 0xCC4A, 0xD4AB, 0xDCEC, 0xE50C,
    0xDCEC, 0xD4AB, 0xCC2A, 0xBBC8, 0xAB47, 0x92C5, 0x8243, 0x71C2,
    0x71C1, 0x71E2, 0x7A02, 0x8223, 0x8A63, 0x8A84, 0x9284, 0x92A4,
    0x92A4, 0x92A4, 0x92A4, 0x9AC4, 0x9B05, 0xA347, 0xB3A7, 0xB3E9,
    0xBC09, 0xBC2A, 0xBC2A, 0xBC2A, 0xB40A, 0xABEA, 0xA3EA, 0x93AA,
    0xB42A, 0xFCA8, 0xFE0F, 0xFEB1, 0xF4E8, 0xEC46, 0xE3E5, 0xE3C4,
    0xE406, 0xDB84, 0xD343, 0xCB02, 0xC2C1, 0xC2E2, 0xC2E2, 0xC2E2,
    0xDBE6, 0xFE6E, 0xFE2D, 0xFE6F, 0xFF59, 0xFF7A, 0xFF7A, 0xFF59,
    0xFF59, 0xFF59, 0xFF59, 0xFF39, 0xFF18, 0xFF18, 0xFF18, 0xFF38,
    0xFF18, 0xFEF7, 0xFED6, 0xFED6, 0xFED6, 0xFED6, 0xFEB6, 0xFED6,
    0xFEF7, 0xFF17, 0xFEF7, 0xFE73, 0xF5F1, 0xF612, 0xF632, 0xFE74,
    0xFE94, 0xFE74, 0xFE74, 0xFE32, 0xFE52, 0xFE73, 0xFE74, 0xFEB5,
    0xFEB5, 0xFE94, 0xFE95, 0xFE94, 0xFEB5, 0xFE94, 0xFE94, 0xFE53,
    0xFE94, 0xFEB5, 0xFE95, 0xFE95, 0xFEB6, 0xFE74, 0xFEF7, 0xD572,
    0x92E8, 0xB3CA, 0xDD50, 0xFEB5, 0xFEF8, 0xFEF8, 0xFEB7, 0xFE95,
    0xFEB6, 0xFEF8, 0xFED7, 0xFEF8, 0xFF19, 0xFF39, 0xFF39, 0xFF3A,
    0xFF5A, 0xFEF6, 0xFE92, 0xFE92, 0xFE70, 0xFE2E, 0xFE2E, 0xFE0D,
    0xFDEC, 0xFDAB, 0xF508, 0xF509, 0xFD09, 0xFD8B, 0xFEB2, 0xFED2,
    0xFED3, 0xFF15, 0xFE93, 0xF4EA, 0xF4A8, 0xD5D5, 0xC639, 0xCE18,
    0xCE18, 0xCE18, 0xCE18, 0xCE18, 0xCE18, 0xCE18, 0xCE38, 0xCE18,
    0xCE18, 0xCE18, 0xCE18, 0xCE18, 0xCE18, 0xCE18, 0xCE18, 0xCE18,
    0xCE18, 0xCE38, 0xCE18, 0xCE18, 0xCE18, 0xC618, 0xC618, 0xCE18,
    0xC618, 0xC618, 0xC618, 0xC618, 0xC618, 0xC618, 0xC618, 0xC618,
    0xC618, 0xCE18, 0xCE18, 0xCE18, 0xCE38, 0xCE38, 0xCE18, 0xCE18,
    0xCE38, 0xCE38, 0xCE38, 0xCE18, 0xCE38, 0xCE38, 0xCE38, 0xCE38,
    0xCE38, 0xCE38, 0xCE38, 0xCE38, 0xCE38, 0xCE38, 0xCE38, 0xCE38,
    0xCE38, 0xCE38, 0xCE38, 0xCE38, 0xCE38, 0xCE38, 0xCE38, 0xCE38,
    0x9B27, 0xA327, 0xA347, 0xAB47, 0xAB68, 0xB3A9, 0xC40A, 0xCC6B,
    0xD4CC, 0xDD0C, 0xE52D, 0xE54D, 0xE54D, 0xE54D, 0xE54D, 0xE50C,
    0xD4CB, 0xCC6A, 0xBC09, 0xAB68, 0x92C6, 0x7A24, 0x69A2, 0x69A2,
    0x8244, 0x92E6, 0xAB67, 0xBBC8, 0xCC4A, 0xD4AB, 0xDCEC, 0xE50C,
    0xDCEC, 0xD4AB, 0xCC2A, 0xBBC8, 0xAB47, 0x92C5, 0x8243, 0x71C2,
    0x71C1, 0x71E2, 0x7A02, 0x8223, 0x8A63, 0x8A83, 0x92A4, 0x92A4,
    0x92A4, 0x92A4, 0x92A4, 0x9AC4, 0x9B05, 0xA346, 0xAB87, 0xB3E9,
    0xBC09, 0xBC2A, 0xBC2B, 0xBC2B, 0xB40A, 0xABEA, 0xA3CA, 0x93AA,
    0xB40A, 0xFCE9, 0xFE71, 0xFED2, 0xF4C7, 0xEC67, 0xEC67, 0xEC26,
    0xDBA4, 0xCB23, 0xC2C2, 0xBAA2, 0xBAA2, 0xB261, 0xC2E2, 0xBA81,
    0xF54A, 0xFE2D, 0xFE2D, 0xFED3, 0xFF9B, 0xFF59, 0xFF59, 0xFF39,
    0xFF39, 0xFF39, 0xFF38, 0xFF18, 0xFF18, 0xFF18, 0xFF18, 0xFF18,
    0xFF17, 0xFEF7, 0xFED6, 0xFED6, 0xFEB6, 0xFEB6, 0xFED6, 0xFEB6,
    0xFEB5, 0xFEB6, 0xFEF6, 0xFEB6, 0xFE74, 0xFE74, 0xFE94, 0xFEB5,
    0xFEB5, 0xFE95, 0xFE73, 0xFE53, 0xFE53, 0xFE74, 0xFE94, 0xFE53,
    0xFE53, 0xFE74, 0xFE53, 0xFE74, 0xFE74, 0xFE74, 0xFE53, 0xFE94,
    0xFE94, 0xFE53, 0xFE74, 0xF633, 0xF612, 0xFE95, 0xFED7, 0xFF39,
    0xFF59, 0xFF59, 0xFF18, 0xFED7, 0xFED7, 0xFED7, 0xFEB6, 0xF654,
    0xFE96, 0xFEF8, 0xFEF8, 0xFEF8, 0xFF19, 0xFF19, 0xFF39, 0xFF5A,
    0xFF5A, 0xFF39, 0xFED5, 0xFEB3, 0xFE91, 0xFE0D, 0xFD69, 0xFD6A,
    0xF4A6, 0xF445, 0xEC05, 0xE3E5, 0xEBE5, 0xF425, 0xFD6B, 0xFEF4,
    0xFED3, 0xFED3, 0xFED4, 0xFE2F, 0xECA8, 0xD5B4, 0xCE39, 0xCE18,
    0xCE38, 0xCE18, 0xCE18, 0xCE18, 0xCE18, 0xCE18, 0xCE18, 0xCE18,
    0xCE18, 0xCE18, 0xCE18, 0xCE18, 0xCE18, 0xCE18, 0xCE18, 0xC618,
    0xCE18, 0xCE18, 0xCE18, 0xCE18, 0xCE18, 0xC618, 0xC618, 0xC618,
    0xC618, 0xC618, 0xCE18, 0xC618, 0xC618, 0xC618, 0xC618, 0xC618,
    0xC618, 0xC618, 0xCE18, 0xCE18, 0xCE18, 0xCE18, 0xCE38, 0xCE18,
    0xCE18, 0xCE18, 0xCE18, 0xCE38, 0xCE38, 0xCE38, 0xCE38, 0xCE38,
    0xCE38, 0xCE38, 0xCE38, 0xCE18, 0xCE38, 0xCE38, 0xCE38, 0xCE38,
    0xCE38, 0xCE38, 0xCE38, 0xCE38, 0xCE38, 0xCE38, 0xCE38, 0xCE38,
    0xA327, 0xA347, 0xAB47, 0xAB47, 0xAB68, 0xB3C9, 0xC40A, 0xCC6B,
    0xD4CC, 0xDD0C, 0xE54D, 0xED4D, 0xE54D, 0xE54D, 0xE52D, 0xDD0C,
    0xD4CB, 0xCC6A, 0xBBE9, 0xA367, 0x8AA5, 0x71E3, 0x6181, 0x69A2,
    0x7A23, 0x92C5, 0xA347, 0xBBC8, 0xCC4A, 0xD4AB, 0xDCEC, 0xE50C,
    0xDCEC, 0xD4AB, 0xCC2A, 0xBBC8, 0xAB47, 0x92C5, 0x8243, 0x71C2,
    0x71C1, 0x71C2, 0x7A02, 0x8223, 0x8A63, 0x8A84, 0x9284, 0x92A4,
    0x92A4, 0x92A4, 0x92A4, 0x9AC4, 0x9B05, 0xA346, 0xAB87, 0xB3E8,
    0xBC09, 0xBC2A, 0xBC4A, 0xBC2B, 0xB40A, 0xABEA, 0xA3CA, 0x9BAA,
    0xABEA, 0xF50A, 0xFE91, 0xFEB1, 0xFCC7, 0xF4E9, 0xF467, 0xDB84,
    0xD323, 0xBAA2, 0xB261, 0xCB02, 0xAA41, 0xC2C2, 0xC2A1, 0xD3C5,
    0xFDEB, 0xFDEB, 0xFE0C, 0xFF16, 0xFF7A, 0xFF59, 0xFF39, 0xFF38,
    0xFF38, 0xFF38, 0xFF18, 0xFF38, 0xFF18, 0xFF18, 0xFF18, 0xFF17,
    0xFEF7, 0xFEF7, 0xFED6, 0xFED6, 0xFEB6, 0xFEB6, 0xFEB6, 0xFED6,
    0xFED6, 0xFEB5, 0xFEB6, 0xFEB5, 0xFE95, 0xFE74, 0xFE95, 0xFE95,
    0xFE94, 0xFEB5, 0xF653, 0xF632, 0xFE53, 0xFE73, 0xFE74, 0xFE53,
    0xF632, 0xF5F1, 0xFE33, 0xF612, 0xF612, 0xFE53, 0xFE74, 0xFE94,
    0xFE94, 0xFE74, 0xFE74, 0xF674, 0xF633, 0xF633, 0xFE95, 0xFEF7,
    0xFF18, 0xFF19, 0xFEF7, 0xFF18, 0xFF18, 0xFEF8, 0xF696, 0xFE96,
    0xFED7, 0xFED7, 0xFED7, 0xFED7, 0xFF18, 0xFF19, 0xFF39, 0xFF5A,
    0xFF39, 0xFF5A, 0xFF18, 0xFEB3, 0xFEB2, 0xFE4F, 0xFD49, 0xF466,
    0xEC04, 0xEBE4, 0xEBE5, 0xEC05, 0xE405, 0xEC25, 0xF445, 0xFE0D,
    0xFF14, 0xFED3, 0xFED3, 0xFE50, 0xFD8C, 0xD593, 0xCE39, 0xCE18,
    0xCE18, 0xCE18, 0xCE18, 0xCE18, 0xCE18, 0xCE18, 0xCE18, 0xCE18,
    0xCE18, 0xCE18, 0xCE18, 0xCE18, 0xCE18, 0xC618, 0xCE18, 0xCE18,
    0xCE18, 0xCE18, 0xCE18, 0xC618, 0xC618, 0xC618, 0xC618, 0xC618,
    0xC618, 0xC618, 0xC618, 0xC618, 0xC618, 0xC618, 0xC618, 0xC618,
    0xC618, 0xCE18, 0xCE18, 0xCE18, 0xCE18, 0xCE38, 0xCE38, 0xCE18,
    0xCE18, 0xC618, 0xC618, 0xCE18, 0xCE38, 0xCE38, 0xCE39, 0xCE39,
    0xCE38, 0xCE38, 0xCE38, 0xCE38, 0xCE18, 0xCE38, 0xCE38, 0xCE38,
    0xCE38, 0xCE38, 0xCE38, 0xCE38, 0xCE38, 0xCE38, 0xCE38, 0xCE38,
    0xA327, 0xA347, 0xAB47, 0xAB47, 0xAB88, 0xBBC9, 0xC42A, 0xCC6B,
    0xDCCC, 0xDD0D, 0xE54D, 0xE54D, 0xE54D, 0xE52D, 0xE52D, 0xDD0C,
    0xD4CB, 0xCC6A, 0xBBE9, 0xA347, 0x8AA5, 0x7203, 0x69A2, 0x69C2,
    0x7A24, 0x92C6, 0xA347, 0xBBE9, 0xCC4A, 0xD48B, 0xDCCB, 0xE50C,
    0xDCEC, 0xD4AB, 0xCC4A, 0xBBC8, 0xAB67, 0x92C5, 0x8243, 0x71C2,
    0x71C1, 0x71C2, 0x7A02, 0x8223, 0x8A43, 0x8A63, 0x9283, 0x92A4,
    0x92A4, 0x92A4, 0x92A4, 0x92C4, 0x9B05, 0xA346, 0xB3A8, 0xB3E9,
    0xBC2A, 0xBC4A, 0xBC4B, 0xBC2B, 0xB42B, 0xABEA, 0xA3EA, 0x9BCA,
    0xA3EA, 0xF52A, 0xFE4F, 0xFE90, 0xFCC7, 0xEC67, 0xD364, 0xCB23,
    0xDB84, 0xBA81, 0xCB23, 0xC2C2, 0xBAC2, 0xCB22, 0xC2E2, 0xF509,
    0xFE0C, 0xFE0C, 0xFE2E, 0xFF39, 0xFF5A, 0xFF39, 0xFF38, 0xFF17,
    0xFF18, 0xFF18, 0xFEF7, 0xFED7, 0xFEF7, 0xFF18, 0xFEF7, 0xFEF7,
    0xFF18, 0xFEF7, 0xFED6, 0xFED6, 0xFED6, 0xFEB6, 0xFE94, 0xFEB6,
    0xFED6, 0xFEB6, 0xFEB5, 0xFE74, 0xFEB5, 0xFEB6, 0xFEB6, 0xFE95,
    0xFE94, 0xFE95, 0xFE73, 0xFE53, 0xFE73, 0xFE53, 0xFE53, 0xF632,
    0xF611, 0xF5F1, 0xF612, 0xF633, 0xF653, 0xFE74, 0xFE95, 0xFE95,
    0xFEB5, 0xFE95, 0xFE95, 0xFEB6, 0xFE95, 0xFEB6, 0xFE96, 0xFE95,
    0xFE74, 0xFEB6, 0xFED7, 0xFEF8, 0xFF18, 0xFED7, 0xF675, 0xF696,
    0xFEB7, 0xFED7, 0xFEB7, 0xFED7, 0xFEF8, 0xFF19, 0xFF39, 0xFF39,
    0xFF5A, 0xFF5A, 0xFF5A, 0xFED5, 0xFEB2, 0xFE70, 0xF56B, 0xEC05,
    0xE3C4, 0xE3C4, 0xEC05, 0xEC05, 0xE3E5, 0xF446, 0xF466, 0xF486,
    0xFE70, 0xFEF4, 0xFED4, 0xFE50, 0xFE0F, 0xDD91, 0xCE39, 0xCE18,
    0xCE18, 0xCE18, 0xCE18, 0xCE18, 0xCE18, 0xC618, 0xCE18, 0xCE18,
    0xCE18, 0xCE18, 0xCE18, 0xCE18, 0xCE18, 0xCE18, 0xCE18, 0xCE18,
    0xCE18, 0xC618, 0xCE18, 0xC618, 0xC618, 0xC618, 0xC618, 0xC618,
    0xC618, 0xC618, 0xC618, 0xC618, 0xCE18, 0xCE18, 0xC618, 0xC618,
    0xC618, 0xC618, 0xC618, 0xCE18, 0xCE18, 0xC618, 0xCE18, 0xC618,
    0xC618, 0xC618, 0xC618, 0xCE18, 0xCE38, 0xCE38, 0xCE39, 0xCE39,
    0xCE38, 0xCE38, 0xCE38, 0xCE38, 0xCE18, 0xCE18, 0xCE18, 0xCE38,
    0xCE38, 0xCE38, 0xCE38, 0xCE38, 0xCE38, 0xCE38, 0xCE38, 0xCE38,
    0xA328, 0xA348, 0xAB67, 0xAB67, 0xAB88, 0xBBC9, 0xC42A, 0xCC8B,
    0xDCCC, 0xDD0D, 0xE54D, 0xE54D, 0xE54D, 0xE54D, 0xE52D, 0xE50C,
    0xD4AB, 0xCC4A, 0xBBE9, 0xA347, 0x8AA5, 0x7A03, 0x69C2, 0x71E3,
    0x7A44, 0x92C6, 0xAB67, 0xBBE9, 0xCC4A, 0xD48B, 0xDCCB, 0xE50C,
    0xDCEC, 0xD4AB, 0xCC4A, 0xBBC8, 0xAB67, 0x9AE5, 0x8243, 0x71C2,
    0x71A1, 0x71E2, 0x7A02, 0x8223, 0x8A43, 0x8A63, 0x9283, 0x92A4,
    0x92A4, 0x92A4, 0x92A4, 0x92C4, 0x9B05, 0xAB46, 0xB3A8, 0xBBE9,
    0xBC29, 0xBC4A, 0xBC4B, 0xBC2B, 0xB42B, 0xAC0A, 0xA3EA, 0xA3EA,
    0x9BCA, 0xDCCA, 0xFDED, 0xFED2, 0xF509, 0xE427, 0xD364, 0xEC67,
    0xD364, 0xBAA2, 0xD363, 0xC2E2, 0xC303, 0xC2E2, 0xCB64, 0xF529,
    0xFE0C, 0xFDEC, 0xFE4F, 0xFF59, 0xFF39, 0xFF18, 0xFEF7, 0xFED6,
    0xFEF7, 0xFF17, 0xFEF7, 0xFED7, 0xFEF7, 0xFEF7, 0xFEF7, 0xFED7,
    0xFEB6, 0xFEB6, 0xFED6, 0xFEB5, 0xFEB5, 0xFED6, 0xFEB6, 0xFED6,
    0xFEB5, 0xFEB5, 0xFE95, 0xFE95, 0xFE95, 0xF674, 0xFE94, 0xFE95,
    0xFEB5, 0xFEB6, 0xF654, 0xFE74, 0xFEB5, 0xFE73, 0xFE53, 0xFE53,
    0xF632, 0xF632, 0xF632, 0xF612, 0xF632, 0xF653, 0xFE53, 0xFE74,
    0xFE95, 0xF654, 0xF633, 0xF674, 0xF674, 0xFE74, 0xF695, 0xFE95,
    0xF653, 0xF654, 0xF675, 0xF695, 0xF695, 0xF696, 0xF695, 0xF695,
    0xF6B6, 0xF696, 0xFEB6, 0xFED7, 0xFEF8, 0xFEF8, 0xFF19, 0xFF39,
    0xFF5A, 0xFF5A, 0xFF5A, 0xFF17, 0xFE92, 0xFE91, 0xF58C, 0xDB63,
    0xDB84, 0xE3C4, 0xDBA4, 0xDBA4, 0xDB84, 0xE3C5, 0xF487, 0xF4A7,
    0xFD49, 0xFED4, 0xFEF5, 0xFE71, 0xFE91, 0xE635, 0xC618, 0xCE18,
    0xCE18, 0xCE18, 0xCE18, 0xCE18, 0xCE18, 0xCE18, 0xC618, 0xCE18,
    0xCE18, 0xC618, 0xCE18, 0xCE18, 0xC618, 0xCE18, 0xCE18, 0xCE18,
    0xCE18, 0xC618, 0xC618, 0xC618, 0xC618, 0xC618, 0xC618, 0xC618,
    0xC618, 0xC618, 0xC618, 0xC618, 0xC618, 0xC618, 0xC618, 0xC618,
    0xC618, 0xC618, 0xCE18, 0xCE18, 0xCE18, 0xC618, 0xC618, 0xC618,
    0xC618, 0xC618, 0xCE18, 0xCE18, 0xC618, 0xCE18, 0xCE38, 0xCE39,
    0xCE38, 0xCE38, 0xCE38, 0xCE38, 0xCE38, 0xCE18, 0xCE18, 0xCE18,
    0xCE38, 0xCE38, 0xCE38, 0xCE38, 0xCE38, 0xCE38, 0xCE38, 0xCE38,
    0xA348, 0xA348, 0xAB68, 0xAB67, 0xAB88, 0xB3C9, 0xC42A, 0xCC8B,
    0xDCCC, 0xE50D, 0xE54D, 0xE54D, 0xE54D, 0xE52D, 0xE52D, 0xE50C,
    0xD4AB, 0xCC6A, 0xC409, 0xAB88, 0x9B06, 0x8264, 0x7A23, 0x7A24,
    0x8A85, 0x9B06, 0xAB88, 0xBC09, 0xCC4A, 0xD4AB, 0xDCEB, 0xE50C,
    0xDCEC, 0xD4AB, 0xCC4A, 0xBBC8, 0xAB67, 0x9AE5, 0x8243, 0x71C2,
    0x71C1, 0x71E2, 0x7A02, 0x8223, 0x8A43, 0x8A63, 0x9283, 0x92A4,
    0x92A4, 0x92A4, 0x92A4, 0x92C4, 0x9B05, 0xA346, 0xB3A8, 0xBBE9,
    0xBC29, 0xBC4A, 0xBC4B, 0xBC2B, 0xB42B, 0xAC0A, 0xA3EA, 0xA3EA,
    0x9BCB, 0xD4AB, 0xFE0E, 0xFF14, 0xFDCC, 0xE447, 0xE426, 0xEC47,
    0xC2E2, 0xC303, 0xC303, 0xCB03, 0xBAC2, 0xBAE3, 0xCB64, 0xF529,
    0xFDEC, 0xFDAA, 0xFE4F, 0xFF59, 0xFF18, 0xFEF7, 0xFEB5, 0xFEB5,
    0xFED6, 0xFEF7, 0xFEF7, 0xFED6, 0xFED7, 0xFED7, 0xFED6, 0xFED6,
    0xFE95, 0xFEB5, 0xF674, 0xFE94, 0xFEB5, 0xFEB5, 0xFED6, 0xFEB5,
    0xFEB6, 0xFEB5, 0xFEB5, 0xFEB6, 0xFE95, 0xFE95, 0xF653, 0xF653,
    0xFE74, 0xF653, 0xF654, 0xF674, 0xF653, 0xFE53, 0xF653, 0xF633,
    0xF611, 0xF653, 0xFE94, 0xFE94, 0xF653, 0xFE53, 0xFE53, 0xF633,
    0xF632, 0xFE74, 0xF654, 0xF654, 0xF674, 0xF633, 0xF654, 0xF633,
    0xF633, 0xF633, 0xF634, 0xF675, 0xF675, 0xF675, 0xF695, 0xF675,
    0xF696, 0xF675, 0xF696, 0xFED7, 0xFED7, 0xFEF8, 0xFEF8, 0xFF19,
    0xFF39, 0xFF3A, 0xFF5A, 0xFF3A, 0xFE93, 0xFE92, 0xFE50, 0xD384,
    0xCB02, 0xDBA4, 0xE3C5, 0xD344, 0xDBA5, 0xDBA4, 0xE3E5, 0xF487,
    0xFD08, 0xFE50, 0xFEF5, 0xFE71, 0xFE91, 0xE676, 0xC618, 0xCE38,
    0xCE18, 0xCE18, 0xCE18, 0xCE18, 0xCE18, 0xCE18, 0xCE18, 0xCE18,
    0xCE18, 0xCE18, 0xCE18, 0xCE18, 0xCE18, 0xC618, 0xC618, 0xCE18,
    0xCE18, 0xC618, 0xC618, 0xC618, 0xC618, 0xC618, 0xC618, 0xC618,
    0xC618, 0xC618, 0xC618, 0xC618, 0xC618, 0xC618, 0xC618, 0xC618,
    0xC618, 0xC618, 0xC618, 0xC618, 0xC618, 0xC618, 0xC618, 0xC618,
    0xC618, 0xC618, 0xC618, 0xC618, 0xC618, 0xCE18, 0xCE38, 0xCE39,
    0xCE38, 0xCE38, 0xCE18, 0xCE18, 0xCE18, 0xCE18, 0xCE38, 0xCE18,
    0xCE18, 0xCE38, 0xCE18, 0xCE38, 0xCE38, 0xCE18, 0xCE18, 0xCE18,
    0xA347, 0xA347, 0xAB47, 0xAB47, 0xAB88, 0xB3C9, 0xC42A, 0xCC6B,
    0xDCCC, 0xDD0C, 0xE54D, 0xE54D, 0xE54D, 0xE54D, 0xE52D, 0xE50C,
    0xDCCC, 0xD48B, 0xC42A, 0xBBC8, 0xAB47, 0x92E6, 0x8AA5, 0x92A5,
    0x9B06, 0xAB67, 0xB3C9, 0xC42A, 0xD46A, 0xD4AB, 0xDCEC, 0xE50C,
    0xDCEC, 0xD4AB, 0xCC2A, 0xBBC8, 0xAB47, 0x92C5, 0x8243, 0x71C2,
    0x71C1, 0x71E2, 0x7A02, 0x8223, 0x8A43, 0x8A83, 0x9283, 0x92A4,
    0x92A4, 0x9284, 0x92A4, 0x92C4, 0x9B05, 0xA346, 0xB3A8, 0xBBE9,
    0xBC29, 0xBC2A, 0xBC4A, 0xBC2B, 0xB42B, 0xAC0A, 0xA3EA, 0xA3EB,
    0x9BCA, 0xBC4B, 0xFDED, 0xFEF4, 0xFE2E, 0xE406, 0xE3E6, 0xE406,
    0xBAE3, 0xB2C3, 0xC303, 0xBAC2, 0xAA82, 0xB2E2, 0xB2C2, 0xF58B,
    0xFE0D, 0xFDAA, 0xFE71, 0xFF59, 0xFEF6, 0xF695, 0xF674, 0xF632,
    0xF653, 0xFED6, 0xFED6, 0xFEB6, 0xFED6, 0xFEB6, 0xFF18, 0xFED6,
    0xFEB5, 0xF695, 0xF695, 0xF674, 0xF653, 0xFE95, 0xFE95, 0xFEB6,
    0xFEB6, 0xFEB5, 0xFEB5, 0xFE95, 0xFE95, 0xFE74, 0xF674, 0xFE74,
    0xFE74, 0xFE74, 0xF653, 0xF612, 0xF612, 0xF633, 0xF633, 0xF633,
    0xF633, 0xF653, 0xFE94, 0xFE95, 0xFE74, 0xFE74, 0xFE53, 0xFE94,
    0xF674, 0xF654, 0xF654, 0xF653, 0xF674, 0xF633, 0xF654, 0xF654,
    0xF654, 0xF675, 0xF675, 0xF675, 0xF676, 0xF696, 0xF675, 0xF696,
    0xF696, 0xF675, 0xF696, 0xFEB7, 0xFEB7, 0xFED7, 0xFEF8, 0xFF18,
    0xFF39, 0xFF39, 0xFF19, 0xFF5A, 0xFED5, 0xFE71, 0xFE91, 0xE488,
    0xDB84, 0xDB84, 0xE3E5, 0xDBA5, 0xD384, 0xDBA5, 0xDBC5, 0xE3E5,
    0xEC67, 0xFD6B, 0xFEB2, 0xFE70, 0xFE91, 0xE676, 0xC618, 0xCE38,
    0xCE18, 0xCE18, 0xCE18, 0xCE18, 0xCE18, 0xCE18, 0xCE18, 0xCE18,
    0xCE18, 0xCE18, 0xCE18, 0xCE18, 0xCE18, 0xC618, 0xCE18, 0xCE18,
    0xC618, 0xC618, 0xC618, 0xC618, 0xCE18, 0xC618, 0xC618, 0xC618,
    0xC618, 0xC618, 0xC618, 0xC618, 0xC618, 0xC618, 0xC618, 0xC618,
    0xC618, 0xC618, 0xC618, 0xC618, 0xCE18, 0xC618, 0xC618, 0xC618,
    0xC618, 0xC618, 0xC618, 0xC618, 0xC618, 0xCE18, 0xCE38, 0xCE38,
    0xCE38, 0xCE18, 0xCE18, 0xCE18, 0xCE38, 0xCE18, 0xCE18, 0xCE18,
    0xCE18, 0xCE18, 0xCE18, 0xCE38, 0xCE38, 0xCE18, 0xCE18, 0xCE18,
    0xA327, 0xA347, 0xA347, 0xAB47, 0xAB87, 0xB3C9, 0xC40A, 0xCC6B,
    0xD4AB, 0xDCEC, 0xE52D, 0xE54D, 0xE54D, 0xE52D, 0xE52D, 0xE50C,
    0xDCEC, 0xD48B, 0xCC6A, 0xC409, 0xB3A8, 0xA347, 0xA327, 0xA327,
    0xAB67, 0xB3A8, 0xBC09, 0xCC4A, 0xD48B, 0xDCCB, 0xDCEC, 0xE50C,
    0xDD0C, 0xD4AB, 0xCC4A, 0xBBC8, 0xAB47, 0x92C5, 0x8243, 0x71C2,
    0x71C2, 0x71E2, 0x7A02, 0x8223, 0x8A43, 0x8A83, 0x9283, 0x92A4,
    0x92A4, 0x9284, 0x92A4, 0x92A4, 0x9AE5, 0xA346, 0xB3A8, 0xBBE9,
    0xBC09, 0xBC2A, 0xBC4A, 0xBC2A, 0xB42B, 0xAC0A, 0xABEA, 0xA3EB,
    0xA3CA, 0xA40B, 0xE4C9, 0xFE0E, 0xFE4F, 0xEC45, 0xE3E5, 0xE3E5,
    0xBB03, 0xAA82, 0xC303, 0xB2A2, 0xB2A2, 0xB261, 0xD3E5, 0xFE6E,
    0xFE0D, 0xFE2D, 0xFEB2, 0xFF39, 0xFED6, 0xF633, 0xEDF1, 0xEDD0,
    0xE56F, 0xF654, 0xFED7, 0xFED7, 0xF6B5, 0xF6B6, 0xF6B5, 0xF695,
    0xF674, 0xF654, 0xF674, 0xF674, 0xF695, 0xFE95, 0xFEB6, 0xFEB6,
    0xFEB6, 0xFE95, 0xFE95, 0xFE95, 0xFE74, 0xFE74, 0xF674, 0xFE95,
    0xF674, 0xFE54, 0xF653, 0xF632, 0xF633, 0xF632, 0xF612, 0xEDD0,
    0xF5D1, 0xF5F1, 0xF5F1, 0xF653, 0xFE74, 0xF633, 0xF612, 0xF632,
    0xF633, 0xF632, 0xF654, 0xF654, 0xF654, 0xF654, 0xF675, 0xF654,
    0xF695, 0xF696, 0xF675, 0xF675, 0xF696, 0xF676, 0xF676, 0xF675,
    0xF675, 0xF675, 0xF6B7, 0xF6B7, 0xF6B7, 0xFEB7, 0xFEF8, 0xFF18,
    0xFF19, 0xFF39, 0xFF19, 0xFF3A, 0xFF18, 0xFE91, 0xFE2F, 0xECE9,
    0xDBC5, 0xE406, 0xD364, 0xE3E6, 0xDBC5, 0xE3E6, 0xDBC5, 0xE405,
    0xE426, 0xEC67, 0xFE0E, 0xFE50, 0xFDED, 0xE655, 0xC618, 0xCE38,
    0xCE18, 0xCE18, 0xCE18, 0xCE18, 0xCE18, 0xC618, 0xC618, 0xCE18,
    0xCE18, 0xCE18, 0xCE18, 0xC618, 0xC618, 0xC618, 0xCE18, 0xCE18,
    0xCE18, 0xC618, 0xC618, 0xC618, 0xC618, 0xC618, 0xC618, 0xC618,
    0xC618, 0xC618, 0xC618, 0xC618, 0xC618, 0xC618, 0xC618, 0xC618,
    0xC618, 0xC618, 0xC618, 0xC618, 0xCE18, 0xC618, 0xC618, 0xC618,
    0xC618, 0xC618, 0xC618, 0xC618, 0xC618, 0xCE18, 0xCE18, 0xCE18,
    0xCE38, 0xCE38, 0xCE38, 0xCE18, 0xCE18, 0xCE18, 0xCE18, 0xCE18,
    0xCE18, 0xCE18, 0xCE18, 0xCE18, 0xCE18, 0xCE18, 0xCE38, 0xCE18,
    0xA348, 0xA367, 0xAB67, 0xAB67, 0xB388, 0xBBC9, 0xC40A, 0xCC6A,
    0xD4AB, 0xDCEC, 0xE50C, 0xE52D, 0xE52D, 0xE52D, 0xE52D, 0xE50C,
    0xDCEC, 0xDCAB, 0xD46A, 0xC42A, 0xBBC9, 0xB3A8, 0xB388, 0xB388,
    0xB3A8, 0xBBE9, 0xC42A, 0xCC6A, 0xD4AB, 0xDCCB, 0xDCEC, 0xE50C,
    0xDD0C, 0xD4AB, 0xCC4A, 0xBBC8, 0xA347, 0x92C5, 0x8243, 0x71C2,
    0x71C2, 0x71E2, 0x7A02, 0x8223, 0x8A43, 0x8A83, 0x9283, 0x92A4,
    0x92A4, 0x92A4, 0x92A3, 0x92A4, 0x9AE5, 0xA346, 0xB3A7, 0xBBE8,
    0xBC09, 0xBC2A, 0xBC4A, 0xBC2A, 0xB42B, 0xAC0B, 0xAC0B, 0xA3EB,
    0xA3EB, 0x9BCB, 0xCCAB, 0xFDCD, 0xFEB1, 0xFD8A, 0xEC25, 0xE405,
    0xCB44, 0xB281, 0xC302, 0xBAE2, 0xB281, 0xBAA1, 0xED2A, 0xFE4E,
    0xFE2E, 0xFE2E, 0xFE71, 0xFF39, 0xFED6, 0xEE11, 0xE56F, 0xDD2D,
    0xD4CB, 0xDD4E, 0xFEB6, 0xFED7, 0xF674, 0xF674, 0xF674, 0xF675,
    0xF674, 0xF674, 0xF694, 0xF674, 0xF654, 0xF695, 0xF694, 0xF653,
    0xFE74, 0xF674, 0xF674, 0xF674, 0xFE95, 0xFE95, 0xFE95, 0xF653,
    0xF653, 0xF633, 0xF653, 0xF653, 0xF653, 0xF653, 0xF612, 0xF612,
    0xEDD1, 0xF5F1, 0xF5F1, 0xF5F1, 0xF612, 0xF653, 0xF633, 0xF612,
    0xF632, 0xF653, 0xF633, 0xF654, 0xF674, 0xF695, 0xF6B6, 0xF696,
    0xF675, 0xF675, 0xF654, 0xF675, 0xF675, 0xF654, 0xF655, 0xF675,
    0xF675, 0xF696, 0xF696, 0xF6B6, 0xF6B7, 0xFED7, 0xFEF8, 0xFEF8,
    0xFEF8, 0xFEF8, 0xFF19, 0xFF39, 0xFF18, 0xFE72, 0xFE2E, 0xECA8,
    0xBAA2, 0xDBA5, 0xD384, 0xD364, 0xDBA5, 0xD384, 0xD384, 0xE3C5,
    0xEC46, 0xF4A8, 0xFD6B, 0xFE70, 0xFD6B, 0xDDF5, 0xC639, 0xCE18,
    0xC618, 0xCE18, 0xC618, 0xC618, 0xCE18, 0xC618, 0xC618, 0xC618,
    0xCE18, 0xCE18, 0xCE18, 0xC618, 0xC618, 0xC618, 0xC618, 0xC618,
    0xC618, 0xCE18, 0xC618, 0xC618, 0xC618, 0xC618, 0xC618, 0xC618,
    0xC618, 0xC618, 0xC618, 0xC618, 0xC618, 0xC618, 0xC618, 0xC618,
    0xC618, 0xC618, 0xC618, 0xC618, 0xC618, 0xC618, 0xC618, 0xC618,
    0xC618, 0xC618, 0xC618, 0xCE18, 0xC618, 0xC618, 0xCE18, 0xCE18,
    0xCE18, 0xCE18, 0xCE18, 0xCE18, 0xC618, 0xC618, 0xC618, 0xCE18,
    0xCE18, 0xCE18, 0xCE18, 0xCE18, 0xCE18, 0xCE18, 0xCE38, 0xCE18,
    0xAB88, 0xB388, 0xB388, 0xB388, 0xB3C8, 0xBC09, 0xC42A, 0xCC6A,
    0xD4AB, 0xDCCC, 0xDD0C, 0xE52D, 0xE50C, 0xE50C, 0xE50C, 0xE50C,
    0xDCEC, 0xDCCB, 0xD48A, 0xCC4A, 0xC409, 0xBBE9, 0xBBE9, 0xBBE9,
    0xBBE9, 0xC409, 0xC42A, 0xCC6A, 0xD4AB, 0xDCCB, 0xDCEC, 0xDCEC,
    0xDCEC, 0xD4AB, 0xCC2A, 0xBBC8, 0xA347, 0x92C5, 0x8244, 0x71E2,
    0x71C2, 0x71E2, 0x7A02, 0x8223, 0x8A63, 0x8A83, 0x92A4, 0x92A4,
    0x92A4, 0x92A4, 0x92A3, 0x92A4, 0x9AE5, 0xA346, 0xB3A7, 0xBBE8,
    0xBC09, 0xBC2A, 0xBC4A, 0xBC4B, 0xB42B, 0xAC0B, 0xAC0B, 0xA3EB,
    0xA3EB, 0x9BCB, 0xBC8C, 0xFE71, 0xFED2, 0xFE4E, 0xF529, 0xEC46,
    0xDBC5, 0xC323, 0xBAE2, 0xC2E2, 0xB281, 0xCB43, 0xED6B, 0xFE2E,
    0xFE0E, 0xFDEC, 0xFE0E, 0xFF17, 0xFEB5, 0xF611, 0xDD2D, 0xD4AB,
    0xCC49, 0xAB46, 0xCC8C, 0xFED6, 0xF654, 0xF695, 0xF695, 0xF694,
    0xF675, 0xF695, 0xF695, 0xF674, 0xF694, 0xF674, 0xF674, 0xF674,
    0xF653, 0xF653, 0xF653, 0xF654, 0xF654, 0xF612, 0xF632, 0xF612,
    0xF653, 0xF633, 0xF633, 0xF653, 0xF632, 0xF654, 0xF674, 0xF5F2,
    0xEDB0, 0xF5F2, 0xF612, 0xF633, 0xF612, 0xF612, 0xF675, 0xF695,
    0xF633, 0xEDF2, 0xEE12, 0xF612, 0xF653, 0xF654, 0xF633, 0xF654,
    0xF675, 0xF675, 0xF654, 0xF675, 0xF6B6, 0xF675, 0xF655, 0xF655,
    0xF655, 0xF675, 0xF676, 0xF675, 0xF696, 0xF6B6, 0xFED7, 0xFEF8,
    0xFEB7, 0xF6B6, 0xFED7, 0xFF19, 0xFF39, 0xFE72, 0xFE0E, 0xF56B,
    0xC303, 0xC2E2, 0xCB44, 0xCB24, 0xD385, 0xD3A5, 0xCB64, 0xE3C5,
    0xE406, 0xEC46, 0xFD6B, 0xFEB2, 0xF54B, 0xD617, 0xC638, 0xC618,
    0xC618, 0xC618, 0xC618, 0xC618, 0xCE18, 0xCE18, 0xCE18, 0xCE18,
    0xC618, 0xC618, 0xC618, 0xCE18, 0xC618, 0xC618, 0xC618, 0xC618,
    0xC618, 0xC618, 0xC618, 0xC618, 0xC618, 0xC618, 0xC618, 0xC618,
    0xC618, 0xC618, 0xC618, 0xC618, 0xC618, 0xC618, 0xC618, 0xC618,
    0xC618, 0xC618, 0xC618, 0xC618, 0xC618, 0xC618, 0xC618, 0xC618,
    0xC618, 0xC618, 0xC618, 0xCE18, 0xC618, 0xC618, 0xC618, 0xC618,
    0xC618, 0xC618, 0xC618, 0xC618, 0xC618, 0xC618, 0xC618, 0xC618,
    0xC618, 0xCE18, 0xCE18, 0xCE38, 0xCE18, 0xCE38, 0xCE38, 0xCE18,
    0xBBC9, 0xBBC9, 0xBBC9, 0xBBC9, 0xBBE9, 0xC429, 0xCC4A, 0xCC8A,
    0xD4AB, 0xDCCB, 0xDCEC, 0xDD0C, 0xDCEC, 0xDCEC, 0xDCEC, 0xDCEC,
    0xDCEC, 0xDCCB, 0xD4AB, 0xD46A, 0xCC4A, 0xCC2A, 0xCC2A, 0xC42A,
    0xC42A, 0xCC4A, 0xCC6A, 0xD48B, 0xD4AB, 0xDCCB, 0xDCCB, 0xDCEB,
    0xDCCB, 0xD48B, 0xCC4A, 0xBBE8, 0xAB67, 0x9B06, 0x8A85, 0x8243,
    0x7A23, 0x8243, 0x8243, 0x8A64, 0x9284, 0x92A4, 0x92C4, 0x92C4,
    0x92C4, 0x92C4, 0x92C4, 0x92C4, 0x9AE5, 0xA346, 0xB3A7, 0xBBE8,
    0xBC09, 0xBC2A, 0xBC4A, 0xBC4B, 0xB42B, 0xAC0B, 0xAC0B, 0xA3EB,
    0xA3EB, 0xA3EB, 0xA3EA, 0xD54F, 0xFF35, 0xFE91, 0xFDCC, 0xF4C7,
    0xDC06, 0xD3A5, 0xBAC2, 0xBB03, 0xC323, 0xDC26, 0xF5CD, 0xF5CD,
    0xF5CC, 0xF5CC, 0xF5AA, 0xFE93, 0xF695, 0xF612, 0xE56F, 0xDCEC,
    0xCC6A, 0xBBC8, 0xBBC8, 0xDD6F, 0xF695, 0xF695, 0xF674, 0xF654,
    0xF654, 0xF674, 0xF674, 0xF674, 0xF674, 0xF654, 0xF653, 0xF632,
    0xF632, 0xF612, 0xF612, 0xF612, 0xEDF1, 0xEDD1, 0xEDF1, 0xF612,
    0xF653, 0xF633, 0xF612, 0xF612, 0xF612, 0xF633, 0xEDF2, 0xF613,
    0xEDF2, 0xEE12, 0xF612, 0xF612, 0xF633, 0xEE12, 0xE590, 0xEDF2,
    0xEDF1, 0xF613, 0xEE13, 0xEE33, 0xF654, 0xF654, 0xF654, 0xF633,
    0xF654, 0xF654, 0xEE34, 0xF634, 0xF654, 0xF655, 0xEE34, 0xF655,
    0xEE34, 0xF655, 0xF655, 0xF655, 0xF675, 0xF696, 0xF696, 0xF6B6,
    0xF6B6, 0xF675, 0xF696, 0xFEF8, 0xFF39, 0xFE93, 0xFE50, 0xF54B,
    0xDBC5, 0xD3A5, 0xD364, 0xD3A5, 0xD3A5, 0xD3C6, 0xC303, 0xE406,
    0xEC68, 0xDBC5, 0xFD6B, 0xFED2, 0xED6D, 0xCE18, 0xC618, 0xC618,
    0xC618, 0xC618, 0xC618, 0xC618, 0xC618, 0xC618, 0xC618, 0xCE18,
    0xC618, 0xC618, 0xC618, 0xCE18, 0xC618, 0xC618, 0xC618, 0xC618,
    0xC618, 0xC618, 0xC618, 0xC618, 0xC618, 0xC618, 0xC618, 0xC618,
    0xC618, 0xC618, 0xC618, 0xC618, 0xC618, 0xC618, 0xC618, 0xC618,
    0xC618, 0xC618, 0xC618, 0xC618, 0xC618, 0xC618, 0xC618, 0xC618,
    0xC618, 0xC618, 0xC618, 0xC618, 0xC618, 0xC618, 0xC618, 0xC618,
    0xCE18, 0xC618, 0xC618, 0xC618, 0xC618, 0xC618, 0xC618, 0xCE18,
    0xCE18, 0xCE18, 0xCE18, 0xCE18, 0xCE38, 0xCE38, 0xCE38, 0xCE38,
    0xC409, 0xC409, 0xC409, 0xBC09, 0xC409, 0xC42A, 0xCC6A, 0xD48B,
    0xD4AB, 0xDCCB, 0xDCCC, 0xDCEC, 0xDCEC, 0xDCEC, 0xDCEB, 0xDCEB,
    0xDCCB, 0xDCCB, 0xD4AB, 0xD48A, 0xD46A, 0xD46A, 0xD46A, 0xD46A,
    0xD46A, 0xD48B, 0xD48B, 0xD4AB, 0xDCCB, 0xDCAB, 0xDCCB, 0xDCCB,
    0xDCCB, 0xD48A, 0xCC4A, 0xBBE8, 0xB3A8, 0xA346, 0x9AE5, 0x92A5,
    0x92A4, 0x92C5, 0x92C5, 0x9AE5, 0x9AE5, 0x9B05, 0xA305, 0xA305,
    0xA305, 0xA305, 0x9AE5, 0x9B05, 0xA326, 0xAB67, 0xB3A8, 0xBBE8,
    0xBC09, 0xBC2A, 0xBC4A, 0xBC4B, 0xB42B, 0xAC2B, 0xAC0B, 0xA3EB,
    0xA3EB, 0xA3EB, 0xA3EB, 0xB42B, 0xEE52, 0xFF13, 0xFDCC, 0xF56A,
    0xECE8, 0xDBE4, 0xC323, 0xCBC5, 0xDC05, 0xECE9, 0xF5ED, 0xFDED,
    0xF5AB, 0xF58B, 0xF5AB, 0xFE31, 0xF695, 0xF632, 0xEDD0, 0xE56E,
    0xDD2D, 0xDD2E, 0xE54E, 0xD4AB, 0xEDF1, 0xF695, 0xF674, 0xF654,
    0xF654, 0xF653, 0xF653, 0xF653, 0xEE32, 0xEE32, 0xEE12, 0xF632,
    0xF632, 0xEE12, 0xEE12, 0xEE12, 0xEE12, 0xF612, 0xEDF2, 0xF633,
    0xF633, 0xF612, 0xF633, 0xEDF1, 0xEDD1, 0xEDF2, 0xEDD1, 0xEDD1,
    0xEDD1, 0xF612, 0xEDF1, 0xEDD1, 0xEDF2, 0xEDD1, 0xEDB1, 0xEDD1,
    0xEE12, 0xEE12, 0xEDF2, 0xEE12, 0xEDF2, 0xEE12, 0xEDF2, 0xEDF2,
    0xEE12, 0xEE33, 0xEE13, 0xEE13, 0xEDF3, 0xEE34, 0xEE34, 0xEE34,
    0xEE54, 0xEE54, 0xF655, 0xF654, 0xF675, 0xF675, 0xF696, 0xF655,
    0xEE54, 0xEE34, 0xF654, 0xFED7, 0xFEF7, 0xFE10, 0xFE0F, 0xF56C,
    0xBAE3, 0xCB23, 0xCB44, 0xD385, 0xD385, 0xDBC6, 0xBAE3, 0xDBC5,
    0xECA8, 0xD384, 0xF54B, 0xFE4F, 0xED6E, 0xC639, 0xC618, 0xC618,
    0xC618, 0xC618, 0xC618, 0xC618, 0xC618, 0xC618, 0xC618, 0xC618,
    0xC618, 0xC618, 0xC618, 0xC618, 0xC618, 0xC618, 0xC618, 0xC618,
    0xC618, 0xC618, 0xC618, 0xC618, 0xC618, 0xC618, 0xC618, 0xC618,
    0xC618, 0xC618, 0xC618, 0xC618, 0xC618, 0xC618, 0xC618, 0xC618,
    0xC618, 0xC618, 0xC5F8, 0xC5F8, 0xC5F8, 0xC618, 0xC618, 0xC618,
    0xC618, 0xC618, 0xC618, 0xC618, 0xC618, 0xC618, 0xC618, 0xC618,
    0xC618, 0xC618, 0xCE18, 0xC618, 0xC618, 0xC618, 0xC618, 0xCE18,
    0xCE18, 0xCE18, 0xCE18, 0xCE18, 0xCE18, 0xCE38, 0xCE38, 0xCE38,
    0xC429, 0xC429, 0xC429, 0xC429, 0xC429, 0xCC49, 0xCC6A, 0xD48A,
    0xD4AB, 0xD4CB, 0xDCCB, 0xDCCB, 0xDCCB, 0xD4CB, 0xD4CB, 0xD4AB,
    0xD4AB, 0xD4AB, 0xD4AB, 0xD48A, 0xD48A, 0xD48A, 0xD48A, 0xD48A,
    0xD48A, 0xD48B, 0xD4AB, 0xD4AB, 0xD4AB, 0xD4AB, 0xD4AB, 0xD4AB,
    0xD4AB, 0xCC8A, 0xCC4A, 0xC409, 0xBBC8, 0xAB87, 0xA346, 0x9B06,
    0xA306, 0xA326, 0xA326, 0xA346, 0xA347, 0xAB67, 0xAB67, 0xAB67,
    0xAB66, 0xAB46, 0xA346, 0xA346, 0xAB67, 0xB3A7, 0xB3C8, 0xBC09,
    0xBC09, 0xBC2A, 0xBC4A, 0xBC4B, 0xB42B, 0xB40B, 0xAC0B, 0xA40B,
    0xA3EB, 0xA3EB, 0xA40B, 0xAC0B, 0xC4EE, 0xFF15, 0xFE2E, 0xFDCC,
    0xFDED, 0xF508, 0xDC24, 0xE4A7, 0xED09, 0xF5AC, 0xF5CD, 0xF5ED,
    0xF58B, 0xF56A, 0xF58B, 0xF58C, 0xF674, 0xF633, 0xEDF1, 0xEDF1,
    0xEE12, 0xEE12, 0xEDD1, 0xE56E, 0xDD2D, 0xEE12, 0xF654, 0xEE12,
    0xEE12, 0xEE32, 0xF633, 0xEE32, 0xEE32, 0xEE12, 0xEE32, 0xEE12,
    0xF653, 0xF674, 0xF654, 0xF633, 0xEE32, 0xEE13, 0xEE12, 0xF633,
    0xEDF1, 0xEE12, 0xEDF2, 0xEDB0, 0xEDF2, 0xEE12, 0xEDB0, 0xE54E,
    0xEDD0, 0xEDF2, 0xEDF1, 0xEE12, 0xEDD1, 0xEDD1, 0xE590, 0xE58F,
    0xEDD1, 0xEDF2, 0xEDF2, 0xEE13, 0xEDD2, 0xEDD2, 0xE5D1, 0xEDD2,
    0xEDF2, 0xEDF2, 0xEDD1, 0xEDD2, 0xEDD2, 0xEDF2, 0xEE34, 0xEE33,
    0xEE34, 0xEE34, 0xEE34, 0xEE34, 0xF655, 0xF675, 0xF696, 0xEDD2,
    0xE5D1, 0xEE13, 0xEE13, 0xF695, 0xF6B6, 0xF5CD, 0xF58C, 0xED6C,
    0xA262, 0xB241, 0xCB23, 0xCB24, 0xC323, 0xCB44, 0xBAE3, 0xD384,
    0xE467, 0xCB23, 0xF56B, 0xFDED, 0xD593, 0xC639, 0xC618, 0xC618,
    0xC618, 0xC618, 0xC618, 0xC618, 0xC618, 0xC618, 0xC618, 0xC618,
    0xC618, 0xC618, 0xC618, 0xC618, 0xC618, 0xC618, 0xC618, 0xC618,
    0xC618, 0xC618, 0xC618, 0xC618, 0xC618, 0xC618, 0xC618, 0xC618,
    0xC618, 0xC618, 0xC618, 0xC618, 0xC618, 0xC618, 0xC618, 0xC5F8,
    0xC5F8, 0xC5F8, 0xC618, 0xC618, 0xC5F8, 0xC5F8, 0xC618, 0xC5F8,
    0xC5F8, 0xC5F8, 0xC5F8, 0xC618, 0xC618, 0xC618, 0xC618, 0xC618,
    0xC618, 0xC618, 0xC618, 0xC618, 0xC618, 0xC618, 0xC618, 0xC618,
    0xCE18, 0xCE18, 0xCE18, 0xCE18, 0xCE18, 0xCE38, 0xCE38, 0xCE38,
    0xCC29, 0xCC29, 0xC429, 0xC429, 0xC429, 0xCC4A, 0xCC4A, 0xCC6A,
    0xD48A, 0xD48A, 0xD4AA, 0xD4AB, 0xD4AB, 0xD48A, 0xD48A, 0xD48A,
    0xD48A, 0xD48A, 0xD48A, 0xD46A, 0xCC6A, 0xCC6A, 0xCC6A, 0xCC6A,
    0xD46A, 0xD46A, 0xD48A, 0xD48A, 0xD48A, 0xD48A, 0xD48A, 0xD48A,
    0xD48B, 0xCC8A, 0xCC49, 0xC409, 0xBBC8, 0xB3A8, 0xAB87, 0xAB67,
    0xAB67, 0xAB67, 0xAB87, 0xB387, 0xB3A7, 0xB3A7, 0xB3A7, 0xB3A7,
    0xB387, 0xB387, 0xAB87, 0xAB87, 0xB3A7, 0xB3C8, 0xBBE8, 0xBC09,
    0xBC29, 0xBC2A, 0xC44A, 0xBC4B, 0xB42B, 0xB42B, 0xAC0B, 0xAC0B,
    0xA40B, 0xA3EB, 0xAC0B, 0xB44C, 0xB46D, 0xD570, 0xFED3, 0xFE2E,
    0xF5EE, 0xF58B, 0xF529, 0xED29, 0xF5AD, 0xF5AC, 0xF5CC, 0xF5AB,
    0xF5AB, 0xF56A, 0xF56A, 0xF56B, 0xF652, 0xF674, 0xF633, 0xF674,
    0xF674, 0xF674, 0xF633, 0xEE11, 0xE5AF, 0xDD4E, 0xE5D0, 0xEE33,
    0xEE33, 0xEE12, 0xEE12, 0xEE12, 0xEE12, 0xEE12, 0xEE33, 0xF653,
    0xF674, 0xF653, 0xEE12, 0xEE33, 0xEE33, 0xEDF1, 0xEE12, 0xEE12,
    0xEDF1, 0xEDF1, 0xEDD1, 0xEDD1, 0xEDB0, 0xE590, 0xEDF1, 0xEDB0,
    0xEDB0, 0xEDF1, 0xEDD1, 0xEDF1, 0xEDB1, 0xE5B1, 0xE56F, 0xE590,
    0xE590, 0xE5B1, 0xEDF2, 0xE5D1, 0xE5B1, 0xE5B1, 0xE590, 0xE5B1,
    0xEDD2, 0xEE33, 0xEE12, 0xEDF2, 0xEDF2, 0xEDD1, 0xEDF2, 0xEDF2,
    0xEDF3, 0xEE13, 0xEE34, 0xEE34, 0xEE13, 0xF675, 0xEE13, 0xDD4F,
    0xE56F, 0xEE12, 0xEE33, 0xF675, 0xF653, 0xF58C, 0xF5CD, 0xED6B,
    0xB2C3, 0xA221, 0xBAA2, 0xC303, 0xBAE3, 0xAA82, 0xB2A3, 0xD3A5,
    0xD3A5, 0xD344, 0xFDED, 0xF5AE, 0xCDF7, 0xC618, 0xC618, 0xC618,
    0xC618, 0xC618, 0xC618, 0xC618, 0xC618, 0xC618, 0xC618, 0xC618,
    0xC618, 0xC618, 0xC618, 0xC618, 0xC618, 0xC618, 0xC618, 0xC618,
    0xC618, 0xC618, 0xC618, 0xC618, 0xC618, 0xC618, 0xC618, 0xC618,
    0xC618, 0xC618, 0xC618, 0xC618, 0xC618, 0xC618, 0xC618, 0xC5F8,
    0xC5F8, 0xC5F8, 0xC618, 0xC618, 0xC618, 0xC5F8, 0xC5F8, 0xC5F7,
    0xC5F7, 0xBDF7, 0xBDD7, 0xBDD7, 0xC5F7, 0xC5F8, 0xC618, 0xC5F8,
    0xC618, 0xC618, 0xC618, 0xC618, 0xC618, 0xC618, 0xC618, 0xC618,
    0xCE18, 0xCE18, 0xC618, 0xCE18, 0xC618, 0xCE18, 0xCE18, 0xCE38,
    0xCC49, 0xCC49, 0xCC29, 0xC429, 0xC429, 0xC429, 0xC429, 0xCC49,
    0xCC49, 0xCC4A, 0xCC6A, 0xCC6A, 0xCC6A, 0xCC6A, 0xCC6A, 0xCC6A,
    0xCC6A, 0xCC4A, 0xCC4A, 0xCC4A, 0xCC49, 0xCC49, 0xCC49, 0xCC4A,
    0xCC49, 0xCC4A, 0xCC4A, 0xCC4A, 0xCC4A, 0xCC49, 0xCC49, 0xCC6A,
    0xCC6A, 0xCC4A, 0xC429, 0xC409, 0xBBE8, 0xBBC8, 0xB3A8, 0xB3A7,
    0xB387, 0xB3A7, 0xB3A8, 0xBBC8, 0xBBC8, 0xBBC8, 0xBBC8, 0xBBC8,
    0xBBC8, 0xB3A8, 0xB3A8, 0xB3A8, 0xB3C8, 0xBBE8, 0xBBE8, 0xBC09,
    0xC42A, 0xC44A, 0xC44A, 0xBC4B, 0xBC4B, 0xB42B, 0xAC2B, 0xAC0B,
    0xAC0B, 0xA40B, 0xAC0B, 0xB44C, 0xBC8D, 0xB48D, 0xDDD1, 0xFE91,
    0xF5CD, 0xF5AC, 0xF58B, 0xED6B, 0xF5CD, 0xF5AC, 0xF5AC, 0xED6B,
    0xF58B, 0xED4A, 0xED08, 0xED6A, 0xF5EF, 0xF695, 0xF674, 0xF694,
    0xF695, 0xF695, 0xF653, 0xEE11, 0xEE11, 0xE58F, 0xDD0C, 0xDD6F,
    0xEE12, 0xEE33, 0xEDF1, 0xEE32, 0xEE12, 0xEDF1, 0xEE33, 0xEE12,
    0xEDF1, 0xEDF1, 0xEDF1, 0xEDF1, 0xEDD1, 0xEDF1, 0xEE12, 0xEDF1,
    0xEDF1, 0xEDD1, 0xEDD1, 0xE5B0, 0xE590, 0xEDB0, 0xEE12, 0xE5B0,
    0xEDB0, 0xEDD0, 0xEDD1, 0xE590, 0xE5B1, 0xE590, 0xE590, 0xE590,
    0xE590, 0xE5B0, 0xE590, 0xE5B1, 0xE5B1, 0xE591, 0xE570, 0xE590,
    0xE5D1, 0xEDD2, 0xEDF2, 0xEDF2, 0xEDD1, 0xEDD2, 0xEDF2, 0xE5D2,
    0xE5B1, 0xEE13, 0xEE13, 0xEE34, 0xF654, 0xEE13, 0xCCCC, 0xCCAC,
    0xDD0E, 0xE5B1, 0xEE13, 0xF695, 0xF5F0, 0xF5CD, 0xF5AD, 0xF58D,
    0xAAC3, 0xAA62, 0xB282, 0xB2A2, 0xBAC3, 0xAA82, 0xBB04, 0xDBE6,
    0xCB64, 0xE426, 0xFE4F, 0xE5B1, 0xC619, 0xC618, 0xC618, 0xC618,
    0xC618, 0xC618, 0xC618, 0xC618, 0xC618, 0xC618, 0xC618, 0xC618,
    0xC618, 0xC618, 0xC618, 0xC618, 0xC618, 0xC618, 0xC618, 0xC618,
    0xC618, 0xC618, 0xC618, 0xC618, 0xC618, 0xC618, 0xC618, 0xC618,
    0xC618, 0xC618, 0xC618, 0xC618, 0xC618, 0xC618, 0xC618, 0xC618,
    0xC618, 0xC618, 0xC5F8, 0xC5F8, 0xC618, 0xC5F8, 0xC5F7, 0xBDF7,
    0xBDD7, 0xBDD7, 0xBDD6, 0xBDB6, 0xBDD7, 0xBDD7, 0xC5F7, 0xC5F7,
    0xC5F8, 0xC618, 0xC618, 0xC618, 0xC618, 0xC618, 0xC618, 0xC618,
    0xC618, 0xC618, 0xC618, 0xC618, 0xC618, 0xC618, 0xC618, 0xCE18,
    0xC409, 0xC429, 0xC429, 0xC429, 0xC409, 0xC409, 0xC409, 0xC409,
    0xC409, 0xC409, 0xC429, 0xC429, 0xC429, 0xC429, 0xC429, 0xC429,
    0xC429, 0xC429, 0xC429, 0xC409, 0xC409, 0xC409, 0xC409, 0xC409,
    0xC429, 0xC429, 0xC429, 0xC429, 0xC429, 0xC429, 0xC429, 0xC429,
    0xC429, 0xC429, 0xC409, 0xBC09, 0xBBE8, 0xBBC8, 0xBBC8, 0xB3A8,
    0xBBA8, 0xBBC8, 0xBBC8, 0xBBC8, 0xBBE8, 0xBBC8, 0xBBC8, 0xBBC8,
    0xBBC8, 0xBBC8, 0xB3C8, 0xB3C8, 0xBBC8, 0xBBE8, 0xBBE8, 0xBC09,
    0xBC2A, 0xC44A, 0xC44A, 0xBC4B, 0xBC4B, 0xB42B, 0xB42B, 0xAC2C,
    0xAC2B, 0xAC0B, 0xAC2B, 0xB46C, 0xBC8D, 0xBCAE, 0xBCAE, 0xEE11,
    0xFD8B, 0xED2A, 0xED4B, 0xED8C, 0xF5EE, 0xF5AD, 0xED8C, 0xED6B,
    0xED6B, 0xED29, 0xE4C7, 0xED4A, 0xE509, 0xF632, 0xF695, 0xF695,
    0xF695, 0xF694, 0xF632, 0xF653, 0xF653, 0xEE11, 0xE5AF, 0xDD0D,
    0xDD0D, 0xE5D0, 0xEE12, 0xEE12, 0xE5B0, 0xEDF1, 0xEDF1, 0xE58F,
    0xE5D1, 0xE5D1, 0xE5B0, 0xEDD1, 0xEDF2, 0xEDF2, 0xEE12, 0xEDD0,
    0xEDF1, 0xEDB0, 0xE58F, 0xE590, 0xE5B1, 0xEDD1, 0xE58F, 0xDD2E,
    0xE5B0, 0xE5B0, 0xE5B0, 0xE590, 0xE5B0, 0xE590, 0xE590, 0xE58F,
    0xE58F, 0xE590, 0xE570, 0xE56F, 0xE570, 0xE590, 0xDD6F, 0xE590,
    0xEDD1, 0xE5B1, 0xE5B0, 0xE5D1, 0xE5B0, 0xE5B1, 0xE5D1, 0xEDF2,
    0xE5B1, 0xE5B1, 0xEE13, 0xF654, 0xDD50, 0xBC09, 0xBBC8, 0xC44A,
    0xD4CC, 0xE56F, 0xEE13, 0xF654, 0xED6C, 0xED6B, 0xED4B, 0xED4C,
    0xB304, 0xAA62, 0xBAC2, 0xB2A2, 0xB261, 0xBAA2, 0xCB64, 0xD3C5,
    0xD364, 0xF50A, 0xFE91, 0xD5F6, 0xC618, 0xC618, 0xC618, 0xC618,
    0xC618, 0xC618, 0xC618, 0xC618, 0xC618, 0xC618, 0xC618, 0xC618,
    0xC618, 0xC618, 0xC618, 0xC618, 0xC618, 0xC618, 0xC618, 0xC618,
    0xC618, 0xC618, 0xC618, 0xC618, 0xC618, 0xC618, 0xC618, 0xC618,
    0xC618, 0xC618, 0xC618, 0xC618, 0xC618, 0xC618, 0xC618, 0xC618,
    0xC618, 0xC618, 0xC5F8, 0xC5F8, 0xC5F8, 0xBDF7, 0xBDD7, 0xBDD7,
    0xBDB6, 0xB5B6, 0xB596, 0xB596, 0xB596, 0xB596, 0xBDB6, 0xBDB7,
    0xBDD7, 0xC5F7, 0xC618, 0xC618, 0xC618, 0xC618, 0xC618, 0xC618,
    0xC618, 0xC618, 0xC618, 0xC618, 0xC618, 0xC618, 0xC618, 0xC618,
    0xB3C8, 0xBBC8, 0xBBE8, 0xBBC8, 0xBBC8, 0xBBC8, 0xBBC8, 0xBBC8,
    0xBBC8, 0xBBC8, 0xBBE8, 0xBBC8, 0xBBE9, 0xBBE9, 0xBBE8, 0xBBE8,
    0xBBE8, 0xBBE8, 0xBBE9, 0xBBE9, 0xBBE9, 0xBBE9, 0xBBE8, 0xBBE8,
    0xBBE8, 0xBBE8, 0xBBE8, 0xBBE8, 0xBBE8, 0xBBE8, 0xBBE8, 0xBBE8,
    0xBBE8, 0xBC08, 0xBBE8, 0xBBE8, 0xBBE8, 0xBBC8, 0xBBC8, 0xBBC8,
    0xBBC8, 0xBBC8, 0xBBC8, 0xBBC8, 0xBBE8, 0xBBE8, 0xBBE8, 0xBBE8,
    0xBBC8, 0xBBC8, 0xB3C8, 0xB3C8, 0xBBC8, 0xBBE8, 0xBBE9, 0xBC09,
    0xBC2A, 0xBC4A, 0xC46B, 0xC46B, 0xBC6B, 0xB44C, 0xB44C, 0xAC4C,
    0xAC2C, 0xAC0B, 0xAC2B, 0xB46C, 0xBC8D, 0xBCAE, 0xBCAF, 0xBCF0,
    0xE58E, 0xF4C7, 0xDC05, 0xE488, 0xF5EE, 0xF5CE, 0xED4B, 0xE4C9,
    0xED4A, 0xDCA7, 0xE4E8, 0xED4A, 0xE4C8, 0xED6D, 0xF694, 0xF674,
    0xF695, 0xF674, 0xF632, 0xF695, 0xF694, 0xF653, 0xEDD1, 0xEDD0,
    0xE54E, 0xCC8A, 0xDD0D, 0xE5B0, 0xEDF1, 0xEDF1, 0xE590, 0xE58F,
    0xE58F, 0xE58F, 0xE590, 0xE590, 0xE58F, 0xE56F, 0xE58F, 0xEDD1,
    0xE58F, 0xE58F, 0xE58F, 0xE56F, 0xE54F, 0xE590, 0xE56F, 0xDD4F,
    0xE5B0, 0xE56E, 0xDD2D, 0xE56F, 0xE56F, 0xE56F, 0xE56F, 0xE56F,
    0xE590, 0xE56F, 0xE56F, 0xDD4F, 0xDD4F, 0xDD4F, 0xE570, 0xE56F,
    0xE56F, 0xE5B0, 0xE56F, 0xE56F, 0xE590, 0xE590, 0xE590, 0xE5B1,
    0xE5D1, 0xEDF2, 0xEE13, 0xCCCE, 0x9AC5, 0xAB67, 0xBBE9, 0xCC8B,
    0xDD2E, 0xE590, 0xEE13, 0xEDF1, 0xED4B, 0xED4B, 0xED4B, 0xDCCA,
    0xBB24, 0xAA62, 0xAA82, 0xAA82, 0xBAC2, 0xC303, 0xCB44, 0xD364,
    0xDBA5, 0xFE0D, 0xF674, 0xC618, 0xC618, 0xC618, 0xC618, 0xC618,
    0xC618, 0xC618, 0xC618, 0xC618, 0xC618, 0xC618, 0xC618, 0xC618,
    0xC618, 0xC618, 0xC618, 0xC618, 0xC618, 0xC618, 0xC618, 0xC618,
    0xC618, 0xC618, 0xC618, 0xC618, 0xC618, 0xC618, 0xC618, 0xC618,
    0xC618, 0xC5F8, 0xC5F8, 0xC618, 0xC618, 0xC618, 0xC618, 0xC618,
    0xC618, 0xC5F8, 0xC5F8, 0xC5F8, 0xC5F8, 0xBDF7, 0xBDD7, 0xBDB6,
    0xB5B6, 0xB595, 0xAD75, 0xAD74, 0xAD74, 0xAD74, 0xB575, 0xB595,
    0xBDB6, 0xBDD7, 0xC5F7, 0xC618, 0xC618, 0xC618, 0xC618, 0xC618,
    0xC618, 0xC618, 0xC618, 0xC618, 0xC618, 0xC618, 0xCE18, 0xCE18,
    0xAB68, 0xAB67, 0xAB67, 0xAB87, 0xAB87, 0xAB88, 0xAB87, 0xAB87,
    0xAB88, 0xAB88, 0xAB88, 0xAB88, 0xAB88, 0xAB88, 0xAB88, 0xAB88,
    0xABA8, 0xABA8, 0xABA8, 0xABA8, 0xABA8, 0xB3A8, 0xB3A8, 0xB3A8,
    0xB3A8, 0xB3A8, 0xB3C8, 0xB3C8, 0xB3C8, 0xB3C8, 0xB3C8, 0xB3C8,
    0xB3C8, 0xB3C8, 0xBBC8, 0xBBE8, 0xBBE8, 0xBBC8, 0xBBC8, 0xBBC8,
    0xBBC8, 0xBBC8, 0xBBC8, 0xBBC8, 0xBBC8, 0xBBC8, 0xBBC8, 0xBBC8,
    0xBBC8, 0xB3C8, 0xB3C8, 0xB3C8, 0xB3C8, 0xBBE9, 0xBC09, 0xBC2A,
    0xBC2A, 0xBC4B, 0xC46B, 0xC46C, 0xBC6C, 0xBC6C, 0xB46C, 0xB44C,
    0xAC2C, 0xAC2B, 0xAC2C, 0xB44C, 0xBC8D, 0xBCAE, 0xBCCF, 0xB4D0,
    0xBCF1, 0xE56F, 0xEC45, 0xD384, 0xE50A, 0xF5CE, 0xED2A, 0xC302,
    0xCBE6, 0xD446, 0xED4A, 0xED6B, 0xE509, 0xE4C7, 0xEDCF, 0xF694,
    0xF694, 0xF632, 0xF674, 0xF6B6, 0xF6B5, 0xF632, 0xF632, 0xF653,
    0xEDD0, 0xE54E, 0xDD0D, 0xCC8B, 0xD50D, 0xE590, 0xEDD1, 0xE5B0,
    0xE54E, 0xDD2D, 0xDD2D, 0xDD4E, 0xDD4E, 0xDD4E, 0xE56F, 0xE590,
    0xE56F, 0xE58F, 0xDD2E, 0xDD2E, 0xE56F, 0xE590, 0xE56F, 0xDD2E,
    0xE56E, 0xDD2E, 0xDD2E, 0xDD2E, 0xDD2D, 0xDD2E, 0xDD4F, 0xDD4F,
    0xDD2E, 0xDD0D, 0xDD2E, 0xDD0D, 0xDD2E, 0xDD4E, 0xDD4F, 0xDD4F,
    0xDD4F, 0xDD4F, 0xDD4E, 0xDD4F, 0xDD2E, 0xE570, 0xDD4F, 0xE570,
    0xEDF2, 0xE591, 0xC44B, 0xAB67, 0xBBE9, 0xBC29, 0xC42A, 0xCCAC,
    0xDD2E, 0xE590, 0xEDF2, 0xE52B, 0xED6C, 0xED6C, 0xED4B, 0xCC28,
    0xB2A2, 0xAA61, 0xAA82, 0xAA82, 0xC323, 0xC303, 0xCB03, 0xCB23,
    0xE447, 0xFE91, 0xD637, 0xC619, 0xC618, 0xC618, 0xC618, 0xC618,
    0xC618, 0xC618, 0xC618, 0xC618, 0xC618, 0xC618, 0xC618, 0xC618,
    0xC618, 0xC618, 0xC618, 0xC618, 0xC618, 0xC618, 0xC618, 0xC618,
    0xC618, 0xC618, 0xC618, 0xC618, 0xC618, 0xC618, 0xC618, 0xC618,
    0xC618, 0xC5F8, 0xC618, 0xC618, 0xC618, 0xC618, 0xC618, 0xC618,
    0xC618, 0xC618, 0xC618, 0xC618, 0xC5F8, 0xBDD7, 0xBDD6, 0xB596,
    0xB575, 0xAD54, 0xA533, 0xA513, 0xA513, 0xA513, 0xA533, 0xAD54,
    0xB575, 0xBDB6, 0xBDD7, 0xC5F7, 0xC618, 0xC618, 0xC618, 0xC618,
    0xC618, 0xC618, 0xC618, 0xC618, 0xC618, 0xCE18, 0xCE18, 0xCE18,
    0x9B07, 0x9B06, 0x9B27, 0x9B27, 0x9B27, 0x9B27, 0x9B27, 0x9B27,
    0x9B27, 0x9B27, 0x9B27, 0x9B27, 0x9B27, 0x9B27, 0xA327, 0xA347,
    0xA347, 0xA347, 0xA347, 0xA347, 0xA347, 0xA347, 0xA367, 0xA367,
    0xA367, 0xA367, 0xAB87, 0xAB87, 0xAB87, 0xAB87, 0xAB87, 0xAB87,
    0xAB87, 0xAB87, 0xAB87, 0xABA7, 0xABA7, 0xAB87, 0xAB87, 0xAB87,
    0xAB87, 0xABA7, 0xABA7, 0xB3A8, 0xB3A8, 0xB3A8, 0xB3A8, 0xB3A8,
    0xB3C8, 0xB3C8, 0xB3C8, 0xB3C9, 0xB3C9, 0xB3E9, 0xBC0A, 0xBC2A,
    0xBC4B, 0xBC6B, 0xC46C, 0xBC8C, 0xBC8C, 0xBC6D, 0xB46D, 0xB44C,
    0xAC4C, 0xAC2C, 0xAC2C, 0xB44C, 0xBC8D, 0xBCAE, 0xBCCF, 0xBCD0,
    0xB4F1, 0xB533, 0xDD4F, 0xE425, 0xD405, 0xED6C, 0xED4A, 0xBAC1,
    0xAAA2, 0xCBE5, 0xED4B, 0xED6B, 0xE509, 0xE4E9, 0xE50A, 0xF612,
    0xF673, 0xEE12, 0xF674, 0xF694, 0xF653, 0xF694, 0xF6B5, 0xF674,
    0xEE12, 0xEDF1, 0xEDB0, 0xDD4E, 0xD4CC, 0xCC6B, 0xD4CC, 0xDD4E,
    0xE58F, 0xE58F, 0xDD4D, 0xDD4E, 0xE56F, 0xE56F, 0xE56F, 0xDD4E,
    0xDD4E, 0xDD4E, 0xDD2E, 0xDD4E, 0xDD2E, 0xDD4E, 0xE54F, 0xDD0D,
    0xDD0D, 0xE56F, 0xE56F, 0xDD4E, 0xDD6F, 0xDD4E, 0xDD2E, 0xD50D,
    0xDD0D, 0xD4ED, 0xDD0D, 0xDD0D, 0xDD0D, 0xDD2E, 0xDD2E, 0xDD2E,
    0xDD2E, 0xDD0D, 0xD50D, 0xDD2E, 0xDD2E, 0xE590, 0xE590, 0xDD4F,
    0xCCCD, 0xBC0A, 0xBC2A, 0xC44A, 0xCC8C, 0xCCAC, 0xD4CC, 0xD4ED,
    0xDD4F, 0xE5D2, 0xE58F, 0xE50A, 0xE52B, 0xED6C, 0xED4B, 0xC3C6,
    0xAA82, 0xAA61, 0xAA61, 0xB2C3, 0xB2C3, 0xBB03, 0xD384, 0xDBA4,
    0xFDAC, 0xEE75, 0xC619, 0xC618, 0xC618, 0xC618, 0xC618, 0xC618,
    0xC618, 0xC618, 0xC618, 0xC618, 0xC618, 0xC618, 0xC618, 0xC618,
    0xC618, 0xC618, 0xC618, 0xC618, 0xC618, 0xC618, 0xC618, 0xC618,
    0xC618, 0xC618, 0xC618, 0xC618, 0xC5F8, 0xC618, 0xC5F8, 0xC618,
    0xC618, 0xC5F8, 0xC5F8, 0xC618, 0xC618, 0xC618, 0xC618, 0xC618,
    0xC618, 0xC618, 0xC618, 0xC5F8, 0xC5F8, 0xBDD7, 0xBDB6, 0xB595,
    0xAD54, 0xA533, 0x9CF2, 0x9CF1, 0x94D1, 0x94D1, 0x9CF1, 0xA512,
    0xAD33, 0xB575, 0xBDB6, 0xBDD7, 0xC5F8, 0xC5F8, 0xC5F8, 0xC618,
    0xC618, 0xC618, 0xC618, 0xC618, 0xC618, 0xC618, 0xC618, 0xC618,
    0x8AC6, 0x8AC6, 0x8AC6, 0x8AC6, 0x8AC6, 0x8AC6, 0x8AC6, 0x8AC6,
    0x8AC6, 0x8AC6, 0x8AC6, 0x8AC6, 0x8AC6, 0x8AC6, 0x92E6, 0x92E6,
    0x92E6, 0x9306, 0x9306, 0x9306, 0x9306, 0x9B06, 0x9B06, 0x9B06,
    0x9B26, 0x9B26, 0x9B26, 0x9B26, 0x9B26, 0x9B26, 0x9B26, 0xA326,
    0xA326, 0xA326, 0xA346, 0xA346, 0xA346, 0xA346, 0xA346, 0xA346,
    0xA347, 0xA367, 0xA367, 0xA367, 0xA367, 0xA367, 0xAB88, 0xAB88,
    0xABA8, 0xABA8, 0xABC9, 0xABC9, 0xB3C9, 0xB3E9, 0xBC2A, 0xBC2B,
    0xBC4B, 0xBC6C, 0xBC8C, 0xBC8D, 0xBC8D, 0xBC8D, 0xB46D, 0xB46C,
    0xAC2C, 0xAC2C, 0xAC2C, 0xB46C, 0xBC8E, 0xBCAF, 0xBCCF, 0xB4D0,
    0xBCF2, 0xB513, 0xB555, 0xD5B3, 0xDC68, 0xDC46, 0xED2B, 0xD3C5,
    0xB260, 0xCB64, 0xE54B, 0xE52A, 0xE4E9, 0xDCC8, 0xE4C8, 0xE4EA,
    0xEDD0, 0xEE12, 0xEE33, 0xEDF1, 0xF653, 0xF6B5, 0xF6B5, 0xF694,
    0xF674, 0xF674, 0xEE12, 0xEDD0, 0xE58F, 0xDD4E, 0xCCAB, 0xC429,
    0xC42A, 0xCCAC, 0xD50D, 0xE56F, 0xE58F, 0xE56E, 0xDD0D, 0xD4CB,
    0xD4AB, 0xD48B, 0xDD0D, 0xDD0D, 0xDD0E, 0xDD0D, 0xDD0D, 0xD4CC,
    0xD4EC, 0xDD0D, 0xDD2D, 0xDD2E, 0xDD0D, 0xDD2D, 0xD50D, 0xD4ED,
    0xD4AC, 0xD4CC, 0xD4EC, 0xDD0D, 0xDD2E, 0xDD2E, 0xD50D, 0xD50D,
    0xD50D, 0xD4ED, 0xDD0D, 0xDD4E, 0xE56F, 0xDD70, 0xCCAD, 0xBC2A,
    0xBC2A, 0xC46B, 0xD4ED, 0xD4ED, 0xD4ED, 0xDD4F, 0xDD4F, 0xDD2E,
    0xDD70, 0xE58F, 0xDCC9, 0xE52B, 0xE50A, 0xED6C, 0xE52B, 0xBB44,
    0x9A21, 0xA241, 0xBAC2, 0xBAE3, 0xB2A2, 0xC323, 0xDBE5, 0xF509,
    0xF653, 0xCE38, 0xC618, 0xC618, 0xC618, 0xC618, 0xC618, 0xC618,
    0xC618, 0xC618, 0xC618, 0xC618, 0xC618, 0xC618, 0xC618, 0xC618,
    0xC618, 0xC618, 0xC618, 0xC618, 0xC618, 0xC618, 0xC5F8, 0xC5F8,
    0xC5F8, 0xC5F8, 0xC5F8, 0xC5F8, 0xC5F8, 0xC5F8, 0xC5F8, 0xC5F8,
    0xC5F8, 0xC5F8, 0xC5F8, 0xC618, 0xC618, 0xC618, 0xC5F8, 0xC5F8,
    0xC5F8, 0xC5F8, 0xC5F8, 0xC5F8, 0xBDF7, 0xBDD7, 0xB596, 0xAD74,
    0xA533, 0x9CF2, 0x94D1, 0x8C8F, 0x846E, 0x8C6E, 0x948F, 0x94D1,
    0x9CF2, 0xAD33, 0xB575, 0xB5B6, 0xBDD7, 0xC5F8, 0xC5F8, 0xC618,
    0xC618, 0xC618, 0xC618, 0xC618, 0xC618, 0xC618, 0xC618, 0xC618,
    0x82A6, 0x82A6, 0x82A6, 0x82A6, 0x82A6, 0x82A6, 0x8286, 0x8285,
    0x8286, 0x8286, 0x8286, 0x8285, 0x8285, 0x82A5, 0x82A5, 0x82A5,
    0x82A6, 0x82A5, 0x8AA5, 0x8AA5, 0x8AC6, 0x8AC6, 0x8AC6, 0x8AC6,
    0x8AC6, 0x8AC6, 0x92E6, 0x92E6, 0x92E6, 0x92E6, 0x92E6, 0x92E6,
    0x92E6, 0x92E6, 0x92E6, 0x9B06, 0x9B05, 0x9B05, 0x9B06, 0x9B06,
    0x9B06, 0x9B26, 0x9B26, 0x9B27, 0x9B47, 0x9B47, 0xA367, 0xA388,
    0xA388, 0xABA8, 0xABA9, 0xABC9, 0xABC9, 0xB3EA, 0xB42A, 0xBC4B,
    0xBC4B, 0xBC6C, 0xBC8C, 0xC4AD, 0xBC8D, 0xBC8D, 0xB46C, 0xB46C,
    0xAC4C, 0xAC2B, 0xAC2C, 0xB46C, 0xBC8E, 0xBCAF, 0xBCCF, 0xBCF0,
    0xB4F1, 0xB533, 0xB555, 0xB597, 0xC5D6, 0xDCCC, 0xE4A7, 0xE487,
    0xD3E5, 0xCB63, 0xDCC9, 0xE509, 0xE4E9, 0xDCA8, 0xDCA8, 0xDC87,
    0xDC88, 0xEDAF, 0xEDF1, 0xEDF1, 0xF654, 0xF6B5, 0xF6B5, 0xF6B6,
    0xF6B6, 0xF674, 0xF653, 0xF633, 0xEDF1, 0xEDD0, 0xE58F, 0xDCED,
    0xCC8B, 0xBBC9, 0xB3A8, 0xB3C8, 0xBC2A, 0xD4ED, 0xD50D, 0xDD0D,
    0xDCEC, 0xDCEC, 0xDCEC, 0xDCED, 0xD4CC, 0xD4AB, 0xCC6A, 0xC409,
    0xD4AB, 0xD4AB, 0xD4CC, 0xD4AC, 0xD4AB, 0xD4AB, 0xD4CC, 0xD4ED,
    0xD4ED, 0xD4ED, 0xD4CC, 0xD50D, 0xD50D, 0xD50D, 0xDD0D, 0xDD0D,
    0xDD2E, 0xDD2E, 0xD4ED, 0xCCAC, 0xC44B, 0xBBEA, 0xBC2A, 0xC46B,
    0xCCCD, 0xD50E, 0xD52E, 0xDD6F, 0xDD4F, 0xDD6F, 0xE590, 0xE5B1,
    0xDD70, 0xDCEA, 0xDCC9, 0xE4EA, 0xE50A, 0xED4B, 0xE50A, 0xBB44,
    0x9A20, 0xAA81, 0xB2A2, 0xBAC2, 0xCB43, 0xDC05, 0xF509, 0xF60F,
    0xD638, 0xC619, 0xC618, 0xC618, 0xC618, 0xC618, 0xC618, 0xC618,
    0xC618, 0xC618, 0xC618, 0xC618, 0xC618, 0xC618, 0xC618, 0xC618,
    0xC618, 0xC618, 0xC618, 0xC5F8, 0xC5F8, 0xC5F8, 0xC5F8, 0xC5F8,
    0xC5F8, 0xC5F8, 0xC5F8, 0xC5F8, 0xC5F8, 0xC5F8, 0xC5F8, 0xC5F8,
    0xC5F8, 0xC618, 0xC618, 0xC618, 0xC5F8, 0xC5F8, 0xBDF7, 0xBDD7,
    0xBDD7, 0xBDF7, 0xBDF7, 0xBDF7, 0xBDD7, 0xBDD7, 0xB596, 0xAD54,
    0xA512, 0x94D1, 0x8C8F, 0x842D, 0x7C0C, 0x7C0C, 0x842D, 0x8C6E,
    0x94B0, 0x9CF2, 0xAD34, 0xB575, 0xBDB6, 0xBDD7, 0xC5F8, 0xC5F8,
    0xC5F8, 0xC618, 0xC5F8, 0xC618, 0xC618, 0xC618, 0xC618, 0xC618,
    0x82C6, 0x82C6, 0x82A6, 0x82A6, 0x82A6, 0x82A6, 0x8286, 0x8286,
    0x7A86, 0x7A86, 0x8286, 0x8286, 0x8286, 0x8285, 0x8285, 0x8285,
    0x82A5, 0x8285, 0x8285, 0x82A5, 0x8AA5, 0x8AA5, 0x8AA5, 0x8AA5,
    0x8AA5, 0x8AA5, 0x8AA5, 0x8AA5, 0x8AA5, 0x8AA5, 0x8AA5, 0x8AA5,
    0x8AA5, 0x8AC5, 0x8AC5, 0x8AC5, 0x8AC5, 0x92C5, 0x92C5, 0x92C5,
    0x92E5, 0x92E5, 0x9306, 0x9306, 0x9307, 0x9B27, 0x9B47, 0x9B68,
    0xA388, 0xA388, 0xA3A9, 0xABC9, 0xABC9, 0xABEA, 0xB42B, 0xB44B,
    0xBC6C, 0xBC6C, 0xBC8D, 0xBC8D, 0xBC8D, 0xBC8C, 0xB46C, 0xB44C,
    0xAC2B, 0xAC2B, 0xAC2B, 0xB44C, 0xBC8D, 0xBCAE, 0xBCCF, 0xBCF0,
    0xBCF1, 0xBD33, 0xB555, 0xBD76, 0xB5B7, 0xBDF9, 0xD5B3, 0xE50B,
    0xDC46, 0xD427, 0xDCA9, 0xE4E9, 0xDCE9, 0xDCC9, 0xDCA8, 0xDCA8,
    0xD467, 0xDC87, 0xE58E, 0xEE12, 0xEE33, 0xF695, 0xF6B6, 0xF695,
    0xF695, 0xF695, 0xF674, 0xF674, 0xF653, 0xEE12, 0xEDF1, 0xE58F,
    0xE56F, 0xDD2E, 0xD4ED, 0xC42A, 0xB3C8, 0xAB67, 0xA327, 0xAB88,
    0xA368, 0xB3C9, 0xC44A, 0xD4AC, 0xDCED, 0xD4AB, 0xC44A, 0xCC8B,
    0xDD2D, 0xDCEC, 0xDCEC, 0xDCEC, 0xD4CC, 0xD4CC, 0xDCEC, 0xD4CC,
    0xDD0D, 0xDD0D, 0xDD0D, 0xDD2E, 0xD4EC, 0xD50D, 0xD4ED, 0xC48C,
    0xBC2B, 0xB3EA, 0xB3C9, 0xB3C9, 0xB3E9, 0xC48C, 0xCCAD, 0xD50E,
    0xD52E, 0xDD4F, 0xDD90, 0xE590, 0xE590, 0xDD6F, 0xE5B1, 0xE5D2,
    0xDCCA, 0xDCA8, 0xDCE9, 0xDCC9, 0xE4EA, 0xE4E9, 0xE52B, 0xBB44,
    0xA241, 0xA261, 0xB2A2, 0xCB63, 0xDC46, 0xF58B, 0xFDEE, 0xDE36,
    0xC639, 0xC618, 0xC618, 0xC618, 0xC618, 0xC618, 0xC618, 0xC618,
    0xC618, 0xC618, 0xC618, 0xC618, 0xC618, 0xC618, 0xC618, 0xC618,
    0xC618, 0xC618, 0xC5F8, 0xC5F8, 0xC5F8, 0xC5F8, 0xC5F8, 0xC5F8,
    0xC5F8, 0xC5F8, 0xC5F8, 0xC5F8, 0xC5F8, 0xC5F8, 0xC5F8, 0xC5F8,
    0xC5F8, 0xC5F8, 0xC618, 0xC5F8, 0xC5F8, 0xBDF7, 0xBDD7, 0xBDD6,
    0xBDD7, 0xBDD7, 0xBDD7, 0xBDD7, 0xBDD7, 0xBDD7, 0xB596, 0xAD74,
    0xA512, 0x94B0, 0x844E, 0x73EB, 0x6BCA, 0x6BA9, 0x6BCA, 0x740C,
    0x844E, 0x94B0, 0xA512, 0xAD54, 0xB595, 0xBDD7, 0xC5F8, 0xC5F8,
    0xC5F8, 0xC5F8, 0xC618, 0xC618, 0xC618, 0xC618, 0xC618, 0xC618,
    0x82C7, 0x82C7, 0x82C7, 0x82C7, 0x82C7, 0x82C7, 0x82A6, 0x82A6,
    0x82A6, 0x82A6, 0x82A6, 0x82A6, 0x82A6, 0x82A6, 0x82A6, 0x82A6,
    0x82A6, 0x82A6, 0x82C6, 0x8AC6, 0x8AC6, 0x8AC6, 0x8AC6, 0x8AC6,
    0x8AC6, 0x8AC6, 0x8AC6, 0x8AC5, 0x8AC5, 0x8AA5, 0x8AA5, 0x8AA5,
    0x8AA5, 0x8AC5, 0x8AA5, 0x8AC5, 0x8AC5, 0x8AC5, 0x8AC5, 0x8AC5,
    0x8AC5, 0x8AE6, 0x92E6, 0x9306, 0x9327, 0x9327, 0x9B47, 0x9B48,
    0xA368, 0xA389, 0xA3A9, 0xA3C9, 0xABCA, 0xAC0A, 0xB42B, 0xB44C,
    0xBC6C, 0xBC8C, 0xBC8D, 0xC4AD, 0xBC8D, 0xBC8C, 0xB46C, 0xB44C,
    0xAC2B, 0xAC2B, 0xAC2B, 0xB44C, 0xBC8D, 0xBCAE, 0xBCCF, 0xBCD0,
    0xBD11, 0xBD33, 0xB555, 0xBD76, 0xBDB7, 0xBDD8, 0xBE1A, 0xC639,
    0xD551, 0xCBC5, 0xD406, 0xDCA9, 0xDCEA, 0xDCA8, 0xDCA8, 0xDC87,
    0xDC87, 0xD467, 0xD467, 0xE58F, 0xEE33, 0xF674, 0xF695, 0xF695,
    0xF695, 0xF695, 0xF695, 0xF694, 0xF674, 0xF653, 0xEE32, 0xEDF1,
    0xEDD0, 0xE5B0, 0xE58F, 0xE56F, 0xDCED, 0xD48B, 0xCC4A, 0xC409,
    0xB3A8, 0xA326, 0x92C5, 0x92C6, 0xA347, 0x92C6, 0x7203, 0x8264,
    0xAB88, 0xBC0A, 0xB3C9, 0xB3E9, 0xB3E9, 0xBC09, 0xC44A, 0xB3E9,
    0xBC2A, 0xB3E9, 0xB3C9, 0xABA8, 0xA368, 0x9B47, 0x9B27, 0x9B07,
    0xAB68, 0xB3C9, 0xC44B, 0xCCAC, 0xCCCD, 0xD4EE, 0xD50E, 0xDD70,
    0xDD91, 0xDD90, 0xE5B1, 0xE590, 0xE590, 0xE590, 0xE56F, 0xDCEB,
    0xDC88, 0xDC88, 0xDCA9, 0xDCC9, 0xDCC9, 0xDCA8, 0xDCC9, 0xC322,
    0xBAC1, 0xC322, 0xCBC4, 0xDC67, 0xED8C, 0xF60F, 0xDE35, 0xC639,
    0xC638, 0xC618, 0xC638, 0xC618, 0xC618, 0xC618, 0xC618, 0xC618,
    0xC618, 0xC618, 0xC618, 0xC618, 0xC618, 0xC5F8, 0xC5F8, 0xC5F8,
    0xC5F8, 0xC5F8, 0xC5F8, 0xC5F8, 0xC5F8, 0xC5F8, 0xC5F8, 0xBDF8,
    0xBDF8, 0xC5F8, 0xC5F8, 0xC5F8, 0xC5F8, 0xC5F8, 0xC5F8, 0xC5F8,
    0xC5F8, 0xC618, 0xC5F8, 0xBDF7, 0xBDD7, 0xB5B6, 0xB5B6, 0xB5B6,
    0xB5B6, 0xB5B6, 0xBDB6, 0xBDD7, 0xBDD7, 0xBDD7, 0xBDB6, 0xAD75,
    0xA513, 0x94D1, 0x8C6E, 0x7C0B, 0x63A9, 0x5B67, 0x5B67, 0x63A9,
    0x7C0C, 0x8C6E, 0x9CD1, 0xA513, 0xAD55, 0xBDB6, 0xC5F7, 0xC5F8,
    0xC5F8, 0xC5F8, 0xC5F8, 0xC618, 0xC618, 0xC618, 0xC618, 0xC618,
    0x82E7, 0x82E7, 0x82E7, 0x82E7, 0x82E7, 0x82C7, 0x82C7, 0x82C7,
    0x82C7, 0x82C7, 0x82C7, 0x82C7, 0x82C7, 0x82C6, 0x82C6, 0x82C6,
    0x8AC6, 0x8AC7, 0x8AE7, 0x8AE7, 0x8AE6, 0x8AE6, 0x8AE6, 0x8AE6,
    0x8AC6, 0x8AE6, 0x8AE6, 0x8AE6, 0x8AE6, 0x8AE6, 0x8AE6, 0x8AC6,
    0x8AC6, 0x8AE6, 0x8AE6, 0x8AE6, 0x92E6, 0x92E6, 0x92E6, 0x92E6,
    0x9306, 0x9307, 0x9327, 0x9327, 0x9B47, 0x9B47, 0x9B68, 0xA388,
    0xA389, 0xA3A9, 0xABCA, 0xABEA, 0xABEA, 0xB40B, 0xB44B, 0xB44C,
    0xBC6C, 0xBC8C, 0xBC8D, 0xC4AD, 0xBC8D, 0xBC8C, 0xB46C, 0xB44C,
    0xB42B, 0xAC2B, 0xAC2B, 0xB44C, 0xBC8E, 0xBCAF, 0xBCCF, 0xBCD0,
    0xBD11, 0xBD33, 0xB555, 0xBD76, 0xBDB7, 0xBDF8, 0xBDF9, 0xBE1A,
    0xBE3B, 0xC5B6, 0xC4AE, 0xC385, 0xCBE5, 0xDCA8, 0xDCA8, 0xDCA8,
    0xDC87, 0xD466, 0xD446, 0xD467, 0xE54D, 0xEE12, 0xF674, 0xF674,
    0xF695, 0xF695, 0xF674, 0xF6B5, 0xF674, 0xF633, 0xEE33, 0xF633,
    0xF653, 0xF633, 0xEDF1, 0xEDF1, 0xEDB0, 0xE56F, 0xE54E, 0xDD0D,
    0xDD2E, 0xDCED, 0xCC6B, 0xBBC9, 0xAB88, 0xA327, 0x9AC5, 0x92A5,
    0x92A5, 0x92A5, 0x8A85, 0x8264, 0x8A64, 0x92A5, 0x8A65, 0x8264,
    0x92C5, 0x9AE6, 0x92C5, 0x9AE6, 0x9B07, 0xA368, 0xB3E9, 0xC42B,
    0xCC8C, 0xD4CD, 0xD50E, 0xD52E, 0xDD2F, 0xDD4F, 0xDD70, 0xDD90,
    0xE5B1, 0xE590, 0xE590, 0xE590, 0xE570, 0xE590, 0xD4A9, 0xCC26,
    0xD467, 0xD467, 0xDCA8, 0xDCC9, 0xDC88, 0xDC88, 0xD467, 0xD405,
    0xDC46, 0xDC87, 0xE4EA, 0xED2A, 0xF5AD, 0xDE35, 0xC639, 0xC618,
    0xC618, 0xC618, 0xC618, 0xC618, 0xC618, 0xC618, 0xC618, 0xC618,
    0xC618, 0xC618, 0xC618, 0xC618, 0xC618, 0xC5F8, 0xC5F8, 0xC5F8,
    0xC5F8, 0xC5F8, 0xC5F8, 0xC5F8, 0xC5F8, 0xBDF8, 0xBDF8, 0xC5F8,
    0xC5F8, 0xC5F8, 0xC5F8, 0xC5F8, 0xC5F8, 0xC5F8, 0xC5F8, 0xC5F8,
    0xC618, 0xC5F8, 0xBDF7, 0xBDD7, 0xB5B6, 0xB595, 0xB595, 0xB595,
    0xB595, 0xB5B5, 0xB5B6, 0xBDD6, 0xBDD7, 0xBDD7, 0xBDB6, 0xB595,
    0xAD54, 0x9D12, 0x8C8F, 0x7C2D, 0x6BC9, 0x5B66, 0x5324, 0x5B47,
    0x6BAA, 0x7C2D, 0x94B0, 0x9CF2, 0xAD54, 0xB596, 0xBDD7, 0xC5F8,
    0xC5F8, 0xC5F8, 0xC618, 0xC618, 0xC618, 0xC618, 0xC618, 0xC5F8,
    0x8B08, 0x8B08, 0x8AE8, 0x8B08, 0x8B08, 0x82E8, 0x82E8, 0x82E7,
    0x82E7, 0x82E7, 0x82C7, 0x82C7, 0x82E7, 0x8AE7, 0x8AE7, 0x8AE7,
    0x8AE7, 0x8AE7, 0x8AE7, 0x8AE7, 0x8AE7, 0x8AE7, 0x8B07, 0x8B07,
    0x8B07, 0x8B07, 0x8B07, 0x8B07, 0x9307, 0x9307, 0x9307, 0x9307,
    0x9307, 0x9307, 0x9307, 0x9307, 0x9307, 0x9307, 0x9327, 0x9327,
    0x9327, 0x9327, 0x9B47, 0x9B48, 0x9B48, 0x9B68, 0xA388, 0xA389,
    0xA3A9, 0xA3C9, 0xABEA, 0xABEA, 0xAC0A, 0xB42B, 0xB44B, 0xB44C,
    0xBC6C, 0xBC8C, 0xBC8D, 0xC4AD, 0xC48D, 0xBC8D, 0xB46C, 0xB44C,
    0xB42B, 0xAC2B, 0xB42B, 0xB44C, 0xBC8D, 0xBCAE, 0xBCCF, 0xBCD0,
    0xBD11, 0xBD33, 0xB555, 0xBD96, 0xBDB7, 0xBDD9, 0xBDF9, 0xBE1A,
    0xBE1A, 0xBE3B, 0xBE3B, 0xC5D8, 0xBCD0, 0xCC69, 0xE50A, 0xDCA8,
    0xDCA8, 0xD487, 0xD467, 0xD467, 0xD446, 0xDD0B, 0xEE53, 0xF695,
    0xF674, 0xF675, 0xF695, 0xF695, 0xF653, 0xF633, 0xF653, 0xF653,
    0xF653, 0xF653, 0xF653, 0xF612, 0xEE12, 0xEDF1, 0xEDD1, 0xEDB0,
    0xED8F, 0xE56F, 0xE54E, 0xDD0D, 0xD4CC, 0xD4ED, 0xD4ED, 0xD4AC,
    0xCC6B, 0xC409, 0xC42A, 0xC44B, 0xCC6B, 0xC42A, 0xBBE9, 0xBC0A,
    0xC42A, 0xC44B, 0xC46B, 0xCC8C, 0xCC8C, 0xCCAC, 0xCCAC, 0xD4ED,
    0xD4EE, 0xD50E, 0xDD4F, 0xDD70, 0xDD90, 0xDD70, 0xDD90, 0xE5B1,
    0xE5D2, 0xE5B1, 0xDD4F, 0xE590, 0xDD4E, 0xD4AA, 0xD468, 0xCC26,
    0xCC26, 0xD467, 0xD447, 0xD488, 0xDCA8, 0xDC88, 0xDC67, 0xDCC9,
    0xDCC9, 0xDCC9, 0xE4A8, 0xED6C, 0xD616, 0xC639, 0xC618, 0xC618,
    0xC618, 0xC618, 0xC618, 0xC618, 0xC618, 0xC618, 0xC618, 0xC618,
    0xC618, 0xC5F8, 0xC5F8, 0xBDF8, 0xBDF7, 0xBDD7, 0xBDD7, 0xBDD7,
    0xBDD7, 0xBDD7, 0xBDD7, 0xBDD7, 0xBDD7, 0xBDD7, 0xBDF7, 0xBDF8,
    0xBDF8, 0xC5F8, 0xC5F8, 0xC5F8, 0xC5F8, 0xC5F8, 0xC5F8, 0xC5F8,
    0xC5F8, 0xBDD7, 0xBDD7, 0xB596, 0xAD74, 0xAD53, 0xAD53, 0xAD73,
    0xAD74, 0xB594, 0xB595, 0xBDB6, 0xBDD7, 0xC5F7, 0xBDD7, 0xB5B6,
    0xAD75, 0xA533, 0x94D1, 0x844E, 0x6BEA, 0x5B87, 0x4B24, 0x5324,
    0x6388, 0x740C, 0x8C6F, 0x9CD1, 0xA534, 0xB575, 0xBDB6, 0xC5F8,
    0xC5F8, 0xC5F8, 0xC618, 0xC618, 0xC5F8, 0xC5F8, 0xC5F8, 0xC5F8,
    0x8B29, 0x8B09, 0x8B08, 0x8B08, 0x8B09, 0x8B08, 0x8B08, 0x8B08,
    0x8B08, 0x8AE8, 0x8AE8, 0x8AE7, 0x8AE7, 0x8AE7, 0x8AE7, 0x8AE7,
    0x8B07, 0x8B07, 0x9308, 0x9308, 0x9308, 0x9308, 0x9308, 0x9328,
    0x9328, 0x9328, 0x9328, 0x9328, 0x9328, 0x9328, 0x9328, 0x9328,
    0x9328, 0x9347, 0x9347, 0x9B47, 0x9B47, 0x9B28, 0x9B47, 0x9347,
    0x9B47, 0x9B48, 0x9B68, 0x9B68, 0x9B68, 0xA388, 0xA388, 0xA3A9,
    0xA3C9, 0xABEA, 0xABEA, 0xAC0A, 0xAC0B, 0xB42B, 0xB44B, 0xBC4C,
    0xBC6C, 0xBC8C, 0xBC8D, 0xC4AD, 0xC4AD, 0xBC8C, 0xB46C, 0xB44C,
    0xB42B, 0xB42B, 0xB42B, 0xB44C, 0xBC8D, 0xBCAE, 0xBCCF, 0xBCD0,
    0xBD11, 0xBD33, 0xB575, 0xBD96, 0xBDB7, 0xBDD8, 0xBDF9, 0xBE1A,
    0xBE1A, 0xBE1A, 0xBE1A, 0xBE3B, 0xC65B, 0xC619, 0xCDF7, 0xD591,
    0xDD0B, 0xDCC9, 0xDC87, 0xD467, 0xD487, 0xD487, 0xDD0C, 0xEE53,
    0xF695, 0xF674, 0xF695, 0xF695, 0xF653, 0xEE33, 0xF633, 0xF653,
    0xF654, 0xF654, 0xEE33, 0xF633, 0xEE12, 0xEDF1, 0xEE11, 0xF632,
    0xF5F1, 0xF612, 0xEDD1, 0xED8F, 0xE58F, 0xE54F, 0xDD2E, 0xDD2E,
    0xDD2E, 0xDD0D, 0xDD0E, 0xDD4F, 0xDD4F, 0xDD0E, 0xD4ED, 0xD50E,
    0xD4ED, 0xD4ED, 0xD50E, 0xD50E, 0xD50E, 0xDD2F, 0xD50E, 0xDD4F,
    0xDD4F, 0xDD4F, 0xDD70, 0xE5B1, 0xE5B1, 0xE591, 0xE590, 0xE5B1,
    0xE5D1, 0xE590, 0xDD4E, 0xDD2E, 0xD4A9, 0xD447, 0xD467, 0xD467,
    0xD447, 0xBB85, 0xAAC2, 0xBB23, 0xD447, 0xDCA8, 0xDCE9, 0xDCCA,
    0xCBA5, 0xD3A4, 0xDCEC, 0xCE38, 0xC639, 0xC618, 0xC619, 0xC618,
    0xC618, 0xC618, 0xC618, 0xC618, 0xC618, 0xC618, 0xC618, 0xC5F8,
    0xBDF7, 0xBDD7, 0xBDD7, 0xBDD7, 0xBDB6, 0xB5B6, 0xB5B6, 0xB596,
    0xB596, 0xB596, 0xB5B6, 0xB5B6, 0xB5B6, 0xB5B6, 0xBDB7, 0xBDD7,
    0xBDD7, 0xBDF8, 0xC5F8, 0xC5F8, 0xC5F8, 0xC5F8, 0xC5F8, 0xC5F8,
    0xBDF8, 0xBDD7, 0xB5B6, 0xAD74, 0xAD53, 0xA532, 0xA531, 0xA532,
    0xAD52, 0xAD73, 0xB594, 0xB5B5, 0xBDD7, 0xBDD7, 0xC5F7, 0xBDD7,
    0xB596, 0xAD54, 0x9CF1, 0x846E, 0x740B, 0x6388, 0x5325, 0x4B03,
    0x5B66, 0x73EA, 0x844E, 0x94D1, 0xA513, 0xAD54, 0xB596, 0xBDD7,
    0xBDD7, 0xBDF8, 0xC5F8, 0xC5F8, 0xC5F8, 0xC5F8, 0xC5F8, 0xC5F8,
    0x9329, 0x8B29, 0x9329, 0x9329, 0x9329, 0x8B29, 0x8B09, 0x8B09,
    0x8B08, 0x8B08, 0x8B08, 0x8B08, 0x8B08, 0x8B08, 0x8B08, 0x8B28,
    0x8B28, 0x9328, 0x9328, 0x9328, 0x9328, 0x9328, 0x9328, 0x9328,
    0x9328, 0x9348, 0x9348, 0x9348, 0x9348, 0x9B48, 0x9B48, 0x9B48,
    0x9B48, 0x9B48, 0x9B48, 0x9B48, 0x9B48, 0x9B48, 0x9B48, 0x9B48,
    0x9B48, 0x9B68, 0x9B68, 0x9B68, 0xA388, 0xA389, 0xA389, 0xA3A9,
    0xABCA, 0xABEA, 0xABEA, 0xAC0A, 0xAC0B, 0xB42B, 0xB44B, 0xBC4C,
    0xBC6C, 0xBC8C, 0xBC8C, 0xC4AD, 0xC4AD, 0xBC8D, 0xBC6C, 0xB44C,
    0xB42B, 0xB42B, 0xB42B, 0xB44C, 0xBC8D, 0xBCAE, 0xBCCF, 0xBCD0,
    0xBCF1, 0xBD33, 0xB575, 0xBD96, 0xBDB7, 0xBDD8, 0xBDF9, 0xBE1A,
    0xBE1A, 0xBE1A, 0xBE1A, 0xC61A, 0xC61A, 0xC61A, 0xBE3B, 0xC63B,
    0xC619, 0xCDD5, 0xD550, 0xDCEA, 0xDCA8, 0xDCA8, 0xDCA8, 0xDCA9,
    0xEDF0, 0xF675, 0xF675, 0xF674, 0xEE12, 0xEE33, 0xEE12, 0xEDD0,
    0xEDF1, 0xEDF1, 0xEDF1, 0xEE12, 0xEDF1, 0xEDF1, 0xEE12, 0xF633,
    0xEE11, 0xEE12, 0xEDD1, 0xEDF1, 0xF612, 0xEDF1, 0xEDD1, 0xEDD1,
    0xEDB0, 0xEDB0, 0xE5B0, 0xE590, 0xE5B0, 0xE590, 0xE56F, 0xE56F,
    0xE590, 0xDD6F, 0xE570, 0xDD70, 0xE590, 0xE5B1, 0xE590, 0xDD4F,
    0xE590, 0xE590, 0xE5B1, 0xE5D1, 0xE590, 0xE5B1, 0xE590, 0xE590,
    0xE5B1, 0xDD4E, 0xD48A, 0xD447, 0xD426, 0xCC26, 0xD487, 0xD467,
    0xB303, 0x9A20, 0x9A00, 0xA220, 0xBB43, 0xDCA9, 0xDCEA, 0xC302,
    0xC343, 0xD530, 0xCE39, 0xC639, 0xC619, 0xC619, 0xC619, 0xC619,
    0xC619, 0xC619, 0xC619, 0xC619, 0xC618, 0xC5F8, 0xBDF7, 0xBDD7,
    0xB5B6, 0xB5B6, 0xB596, 0xB595, 0xB575, 0xAD75, 0xAD75, 0xAD55,
    0xAD75, 0xAD75, 0xAD75, 0xAD75, 0xAD75, 0xAD75, 0xB595, 0xB596,
    0xB5B6, 0xBDB7, 0xBDD7, 0xBDF8, 0xBDF8, 0xC5F8, 0xC5F8, 0xBDF8,
    0xBDD7, 0xB5B6, 0xAD95, 0xA553, 0xA532, 0x9D10, 0x9D0F, 0x9D10,
    0xA531, 0xAD52, 0xAD74, 0xB595, 0xBDB6, 0xBDD7, 0xC5F8, 0xBDF7,
    0xB5B6, 0xAD74, 0x9D12, 0x8C8F, 0x742C, 0x63A9, 0x5345, 0x4B24,
    0x5B66, 0x6BCA, 0x844D, 0x94B0, 0x9CF2, 0xA534, 0xAD75, 0xB596,
    0xBDB7, 0xBDB7, 0xBDD7, 0xBDD8, 0xC5F8, 0xC5F8, 0xC5F9, 0xC5F9,
    0x934A, 0x934A, 0x9349, 0x9349, 0x9349, 0x9349, 0x9329, 0x9349,
    0x9349, 0x9329, 0x9329, 0x9329, 0x9329, 0x9329, 0x9329, 0x9329,
    0x9329, 0x9328, 0x9348, 0x9348, 0x9349, 0x9348, 0x9349, 0x9349,
    0x9B49, 0x9B69, 0x9B69, 0x9B69, 0x9B69, 0x9B68, 0x9B68, 0x9B68,
    0x9B68, 0x9B68, 0x9B68, 0x9B68, 0x9B68, 0x9B68, 0x9B68, 0x9B68,
    0x9B68, 0x9B68, 0xA388, 0xA388, 0xA389, 0xA3A9, 0xA3A9, 0xA3C9,
    0xABEA, 0xABEA, 0xABEA, 0xABEA, 0xAC0B, 0xB42B, 0xB44C, 0xBC4C,
    0xBC6C, 0xBC8C, 0xBC8C, 0xC4AD, 0xC4AD, 0xBC8D, 0xBC6C, 0xB44C,
    0xB44B, 0xB42B, 0xB42B, 0xB44B, 0xBC8D, 0xBCAE, 0xBCCF, 0xBCCF,
    0xBD11, 0xBD33, 0xB555, 0xBD96, 0xBDB7, 0xBDD8, 0xBDF9, 0xBE1A,
    0xC61A, 0xBE1A, 0xBE1A, 0xC61A, 0xC61A, 0xC61A, 0xC61A, 0xC61A,
    0xBE1A, 0xBE3A, 0xBE3A, 0xC619, 0xCDD5, 0xD571, 0xDCEA, 0xDC67,
    0xD467, 0xEDD0, 0xF696, 0xF654, 0xEE32, 0xEE33, 0xEDF2, 0xEDD1,
    0xEDF2, 0xEDD0, 0xEDF1, 0xEDF1, 0xEDF2, 0xEDF1, 0xEDF1, 0xEDD1,
    0xEDF1, 0xEDF2, 0xEDF1, 0xEE11, 0xEDF1, 0xF612, 0xEDF1, 0xEE12,
    0xEDD1, 0xEDB0, 0xEDB1, 0xE5D1, 0xE5B0, 0xE5B1, 0xE5B0, 0xE5B0,
    0xE590, 0xE590, 0xE570, 0xE5B1, 0xE5B1, 0xE5D1, 0xE5F2, 0xE5B1,
    0xE590, 0xE590, 0xE5B1, 0xE5B1, 0xE5B1, 0xE590, 0xE590, 0xDD6F,
    0xD4CC, 0xCC27, 0xCC05, 0xCC05, 0xD426, 0xD447, 0xC3E6, 0xAAE3,
    0x9A00, 0xA220, 0xAA60, 0xAA80, 0xC3A4, 0xDC87, 0xCBA5, 0xC42A,
    0xCDF7, 0xC63A, 0xC619, 0xC619, 0xC619, 0xC639, 0xC619, 0xC639,
    0xC639, 0xC639, 0xC619, 0xC618, 0xC5F8, 0xBDD7, 0xB5B6, 0xB596,
    0xAD75, 0xAD74, 0xAD54, 0xAD54, 0xA534, 0xA533, 0xA533, 0xA533,
    0xA533, 0xA533, 0xA533, 0xA533, 0xA534, 0xA554, 0xA554, 0xAD55,
    0xAD75, 0xB596, 0xB5B7, 0xBDD7, 0xBDF8, 0xBDF8, 0xBDF8, 0xBDD7,
    0xBDD7, 0xB595, 0xAD54, 0xA532, 0x9D10, 0x94CD, 0x8CCD, 0x94EE,
    0x9D0F, 0xA531, 0xAD73, 0xB595, 0xBDB6, 0xBDD7, 0xBDF8, 0xBDF8,
    0xBDB7, 0xAD75, 0x9D13, 0x8CB0, 0x7C4D, 0x6BCA, 0x5B67, 0x5345,
    0x5B66, 0x6BC9, 0x7C2C, 0x8C6F, 0x94D1, 0x9D12, 0xA534, 0xAD55,
    0xB596, 0xB596, 0xBDB7, 0xBDD7, 0xBDF8, 0xC5F8, 0xC5F9, 0xC5F9,
    0x934A, 0x934A, 0x934A, 0x936A, 0x934A, 0x936A, 0x936A, 0x936A,
    0x936A, 0x936A, 0x9349, 0x9369, 0x9369, 0x9349, 0x9349, 0x9349,
    0x9349, 0x9349, 0x9349, 0x9349, 0x9B49, 0x9B49, 0x9B69, 0x9B69,
    0x9B69, 0x9B69, 0x9B69, 0x9B69, 0x9B89, 0x9B89, 0x9B89, 0xA389,
    0xA389, 0xA389, 0xA389, 0xA389, 0xA389, 0xA389, 0xA389, 0xA389,
    0xA389, 0xA389, 0xA389, 0xA389, 0xA3A9, 0xA3A9, 0xABCA, 0xABEA,
    0xABEA, 0xABEA, 0xAC0A, 0xAC0B, 0xAC0B, 0xB42B, 0xB44B, 0xBC4C,
    0xBC6C, 0xBC8C, 0xBC8C, 0xC4AD, 0xC4AD, 0xBC8D, 0xBC6C, 0xB44C,
    0xB44B, 0xB42B, 0xB42A, 0xB44B, 0xBC8D, 0xBCAE, 0xBCCF, 0xBCCF,
    0xBD11, 0xBD33, 0xB555, 0xBD76, 0xBDB7, 0xBDD8, 0xBDF9, 0xBE1A,
    0xBE1A, 0xBE1A, 0xC61A, 0xC61A, 0xC61A, 0xBE1A, 0xC61A, 0xC61A,
    0xC619, 0xC619, 0xC619, 0xBE1A, 0xBE3A, 0xC65A, 0xE4CB, 0xD3E5,
    0xDC88, 0xDCC9, 0xEDF1, 0xF674, 0xF654, 0xEE32, 0xEE12, 0xE5D0,
    0xE5D0, 0xE58F, 0xE5D0, 0xE5D0, 0xE5D1, 0xEDD1, 0xEDD1, 0xEDD1,
    0xEDD1, 0xE5B0, 0xEDD0, 0xEDF1, 0xEDF2, 0xEE12, 0xE5B0, 0xEDB0,
    0xEDB0, 0xEDD1, 0xE590, 0xE590, 0xE590, 0xE5B1, 0xE5D1, 0xEDF2,
    0xE590, 0xE590, 0xE570, 0xE5B1, 0xE5B1, 0xE590, 0xE590, 0xE590,
    0xE590, 0xE590, 0xE590, 0xE5B1, 0xE5B1, 0xE5B0, 0xDD4E, 0xCC69,
    0xCBE5, 0xCC06, 0xCC26, 0xD446, 0xD467, 0xB324, 0x89E0, 0x91E0,
    0xA220, 0xA240, 0xB2A0, 0xD3E4, 0xDCA8, 0xCC6B, 0xCD95, 0xCE7A,
    0xC63A, 0xC619, 0xC619, 0xC619, 0xC639, 0xC639, 0xC639, 0xC639,
    0xC639, 0xC639, 0xC618, 0xBDF8, 0xBDD7, 0xB596, 0xAD75, 0xAD54,
    0xA534, 0xA533, 0x9D12, 0x9D12, 0x9CF2, 0x9CF2, 0x9CF2, 0x9D12,
    0x9D12, 0x9CF2, 0x9CF1, 0x9CF2, 0x9CF2, 0x9D12, 0x9D13, 0xA533,
    0xA554, 0xAD55, 0xB595, 0xB5B6, 0xBDD7, 0xBDD7, 0xBDD7, 0xBDD7,
    0xB5B6, 0xAD75, 0xA553, 0x9D10, 0x94ED, 0x8CAA, 0x84AA, 0x8CCC,
    0x9D0F, 0xA531, 0xAD73, 0xB595, 0xBDB6, 0xBDD7, 0xC5F8, 0xC5F8,
    0xBDD7, 0xAD95, 0xA533, 0x94B1, 0x7C4E, 0x6BEB, 0x5B88, 0x5346,
    0x5B66, 0x6BA9, 0x740B, 0x844D, 0x8C8F, 0x94B1, 0x9CF2, 0xA514,
    0xAD55, 0xB576, 0xB597, 0xBDB7, 0xBDD8, 0xC5F8, 0xC5F9, 0xC619,
    0x938B, 0x938B, 0x936B, 0x936A, 0x936A, 0x936B, 0x936B, 0x936B,
    0x936B, 0x936B, 0x936B, 0x936B, 0x936B, 0x936B, 0x936B, 0x936A,
    0x936A, 0x9B6A, 0x9B69, 0x9B69, 0x9B69, 0x9B69, 0x9B69, 0x9B89,
    0x9B89, 0x9B89, 0xA389, 0xA389, 0xA3A9, 0xA3A9, 0xA3A9, 0xA3A9,
    0xA3A9, 0xA3A9, 0xA389, 0xA389, 0xA389, 0xA389, 0xA3A9, 0xA3A9,
    0xA3A9, 0xA3A9, 0xA3A9, 0xA3A9, 0xA3C9, 0xABCA, 0xABEA, 0xABEA,
    0xAC0A, 0xAC0A, 0xAC0B, 0xAC0B, 0xAC0B, 0xB42B, 0xB44B, 0xBC4C,
    0xBC6C, 0xBC8C, 0xBC8C, 0xC4AD, 0xC4AD, 0xBC8D, 0xBC6C, 0xB46C,
    0xB44B, 0xB42B, 0xB42A, 0xB44B, 0xBC8D, 0xBCAE, 0xBCCF, 0xBCCF,
    0xBD11, 0xBD33, 0xB555, 0xBD76, 0xBDB7, 0xBDD8, 0xBDF9, 0xBE1A,
    0xBE1A, 0xBE1A, 0xC61A, 0xC61A, 0xC61A, 0xBE1A, 0xC61A, 0xC61A,
    0xC61A, 0xC61A, 0xC619, 0xC619, 0xC619, 0xC63A, 0xE54E, 0xE404,
    0xDC46, 0xC342, 0xC364, 0xDCEB, 0xF674, 0xF695, 0xEE12, 0xE5B0,
    0xE58F, 0xE58F, 0xE58F, 0xE5AF, 0xE58F, 0xE5D0, 0xE5B0, 0xE5B0,
    0xE58F, 0xE58F, 0xE58F, 0xEDD1, 0xE5B0, 0xE54F, 0xDD2E, 0xE54E,
    0xE56F, 0xE5B0, 0xE590, 0xE56F, 0xE56F, 0xE56F, 0xE590, 0xE5B1,
    0xE56F, 0xDD4F, 0xDD4E, 0xDD6F, 0xDD6F, 0xDD4F, 0xE590, 0xDD2E,
    0xE56F, 0xE5B1, 0xE5B1, 0xE5D1, 0xE590, 0xD4EB, 0xCC47, 0xCBE5,
    0xCBE6, 0xCC06, 0xD447, 0xD467, 0xBB64, 0x91C0, 0x91E0, 0x9A00,
    0xAA60, 0xC301, 0xD468, 0xDD90, 0xCDF6, 0xC63A, 0xC65A, 0xC639,
    0xC639, 0xC639, 0xC619, 0xC619, 0xC639, 0xC639, 0xC639, 0xC639,
    0xC619, 0xC618, 0xBDF8, 0xB5B7, 0xB596, 0xAD75, 0xA534, 0x9D13,
    0x9CF2, 0x94D1, 0x94D0, 0x94D0, 0x94D0, 0x94D0, 0x94F1, 0x9CF1,
    0x94F1, 0x94D0, 0x94D0, 0x8CB0, 0x8CB0, 0x8CB0, 0x94D1, 0x94F1,
    0x9CF2, 0xA533, 0xA554, 0xAD75, 0xB596, 0xB5B6, 0xB5B6, 0xB5B6,
    0xB595, 0xAD74, 0xA552, 0x950F, 0x8CCC, 0x8488, 0x8488, 0x8CCB,
    0x9D0F, 0xA552, 0xAD74, 0xB5B5, 0xBDD7, 0xBDF8, 0xC618, 0xC618,
    0xBDD7, 0xB596, 0xA534, 0x94D1, 0x7C4F, 0x6BEC, 0x6389, 0x5B66,
    0x5B66, 0x63A8, 0x6BCA, 0x740C, 0x842D, 0x844F, 0x8C90, 0x9CD2,
    0xA514, 0xAD55, 0xB596, 0xB5B7, 0xBDD8, 0xBDF8, 0xC619, 0xC619,
    0x9BCD, 0x9BCC, 0x93AC, 0x938C, 0x938C, 0x938C, 0x938C, 0x938C,
    0x8B8C, 0x8B6C, 0x8B6D, 0x8B6D, 0x8B6D, 0x8B6D, 0x8B6C, 0x936C,
    0x936B, 0x9B8A, 0x9B8A, 0x9B8A, 0x9B8A, 0x9B8A, 0x9B89, 0x9B8A,
    0xA3AA, 0xA3AA, 0xA3AA, 0xA3AA, 0xA3AA, 0xA3AA, 0xA3AA, 0xA3A9,
    0xA3A9, 0xA3A9, 0xA3A9, 0xA3A9, 0xA3A9, 0xA3A9, 0xA3A9, 0xA3A9,
    0xA3A9, 0xA3A9, 0xA3A9, 0xA3C9, 0xABCA, 0xABEA, 0xABEA, 0xABEA,
    0xAC0B, 0xAC0B, 0xAC0B, 0xAC0B, 0xAC0B, 0xB42B, 0xB44B, 0xBC4C,
    0xBC6C, 0xBC8C, 0xBC8D, 0xC4AD, 0xC4AD, 0xBC8D, 0xBC8C, 0xB46C,
    0xB44B, 0xB42B, 0xB42A, 0xBC6C, 0xBC8D, 0xBCAE, 0xBCCF, 0xBCCF,
    0xBD11, 0xBD33, 0xBD55, 0xBD76, 0xBDB7, 0xBDD8, 0xBDF9, 0xBE1A,
    0xBE1A, 0xBE1A, 0xBE1A, 0xC61A, 0xBE1A, 0xBE1A, 0xBE1A, 0xBE1A,
    0xC61A, 0xC61A, 0xC61A, 0xC61A, 0xC619, 0xBE3B, 0xDD72, 0xF4C7,
    0xECE8, 0xCB41, 0xA1E0, 0x9A40, 0xD489, 0xEE12, 0xF654, 0xEDD0,
    0xE58F, 0xE58F, 0xE56E, 0xE58F, 0xE56F, 0xE58F, 0xDD4E, 0xDD6F,
    0xDD6F, 0xDD2D, 0xE56F, 0xE56F, 0xDD0D, 0xD4EC, 0xD4CC, 0xDD4F,
    0xDD2E, 0xDD4E, 0xDD2E, 0xDD0E, 0xDD0D, 0xDD2E, 0xDD4F, 0xDD4E,
    0xDD2E, 0xDD4F, 0xDD2E, 0xDD2E, 0xDD2E, 0xDD2E, 0xDD4E, 0xE56F,
    0xE590, 0xE5D1, 0xE5F2, 0xDD2E, 0xCC48, 0xCC05, 0xCC06, 0xCBE5,
    0xCBE6, 0xCC27, 0xD467, 0xCBE5, 0x9A40, 0x99C0, 0xAA40, 0xBB02,
    0xCC49, 0xD572, 0xCE18, 0xC63A, 0xC65A, 0xC639, 0xC639, 0xC639,
    0xC639, 0xC639, 0xC639, 0xC639, 0xC639, 0xC639, 0xC639, 0xC639,
    0xC618, 0xBDF8, 0xBDD7, 0xB5B6, 0xAD95, 0xAD54, 0xA513, 0x94F2,
    0x8CB0, 0x8C8F, 0x848E, 0x8C8E, 0x8C8E, 0x8CAF, 0x8CD0, 0x94D0,
    0x94D0, 0x8CAF, 0x8C8F, 0x848E, 0x846E, 0x846E, 0x846E, 0x848F,
    0x8CB0, 0x94D1, 0x9D13, 0xA554, 0xAD75, 0xAD75, 0xAD75, 0xAD74,
    0xAD54, 0xA553, 0x9D31, 0x94EE, 0x8CAA, 0x8486, 0x84A8, 0x94EC,
    0x9D10, 0xAD53, 0xB595, 0xB5B6, 0xBDD7, 0xC5F8, 0xC618, 0xC618,
    0xBDD8, 0xAD96, 0xA534, 0x94D2, 0x846F, 0x6BEC, 0x6389, 0x5B67,
    0x5B66, 0x5B87, 0x63A9, 0x6BCA, 0x73EB, 0x73EC, 0x842E, 0x8C91,
    0x9CF3, 0xA534, 0xAD76, 0xB5B7, 0xBDD8, 0xBDF8, 0xC619, 0xC619,
    0x9C0E, 0x9BCD, 0x93AD, 0x8BAD, 0x8B8D, 0x8B8D, 0x8B6D, 0x836D,
    0x836E, 0x836E, 0x836E, 0x836F, 0x836F, 0x836E, 0x836E, 0x8B6D,
    0x938C, 0x9B8B, 0x9B8A, 0x9B8A, 0xA38A, 0xA38A, 0x9B8A, 0xA3AA,
    0xA3AA, 0xA3AA, 0xA3AA, 0xA3CA, 0xABCA, 0xABCA, 0xABCA, 0xABCA,
    0xABCA, 0xABCA, 0xA3A9, 0xABA9, 0xABA9, 0xA3C9, 0xA3C9, 0xA3C9,
    0xA3C9, 0xA3C9, 0xA3C9, 0xABCA, 0xABCA, 0xABEA, 0xABEA, 0xAC0A,
    0xAC0B, 0xAC0B, 0xAC0B, 0xAC0B, 0xAC0B, 0xB42B, 0xB44B, 0xBC6C,
    0xBC8C, 0xBC8C, 0xBCAD, 0xC4AD, 0xC4AD, 0xBCAD, 0xBC8C, 0xB46C,
    0xB44B, 0xB42A, 0xB42A, 0xBC4B, 0xBC8C, 0xBCAE, 0xBCCE, 0xBCCF,
    0xBCF0, 0xBD33, 0xBD55, 0xBD76, 0xBDB7, 0xBDD8, 0xBDF9, 0xBE1A,
    0xBE1A, 0xBE1A, 0xBE1A, 0xC61A, 0xBE1A, 0xBE1A, 0xBE1A, 0xBE1A,
    0xC61A, 0xC61A, 0xC61A, 0xC61A, 0xC619, 0xBE3B, 0xD572, 0xF4E8,
    0xF54A, 0xCB62, 0xA220, 0xA241, 0xD426, 0xCC27, 0xD4EB, 0xEE12,
    0xEDF1, 0xE56F, 0xE56E, 0xE56E, 0xE56E, 0xDD4E, 0xDD4E, 0xDD0D,
    0xD4ED, 0xD4EC, 0xDD0D, 0xD4EC, 0xD4CC, 0xD4AB, 0xD4CC, 0xDD0D,
    0xD4EC, 0xD4CC, 0xDD0D, 0xD4ED, 0xD4ED, 0xD50D, 0xD50D, 0xD4ED,
    0xD4ED, 0xDD0D, 0xDD4E, 0xDD0D, 0xDD4E, 0xDD2E, 0xDD0D, 0xE5D1,
    0xEE12, 0xE590, 0xD4AA, 0xCC26, 0xCC06, 0xCC26, 0xD446, 0xCBE5,
    0xCC05, 0xD405, 0xCBE4, 0xC384, 0xB325, 0xBBC8, 0xCD10, 0xCDF7,
    0xC65A, 0xC65B, 0xC63A, 0xC639, 0xC639, 0xC639, 0xC639, 0xC639,
    0xC639, 0xC639, 0xC639, 0xC639, 0xC639, 0xC639, 0xC639, 0xC619,
    0xC618, 0xBDF8, 0xBDD7, 0xB5B6, 0xAD95, 0xA554, 0x9D13, 0x94F2,
    0x8CB0, 0x848E, 0x846D, 0x846D, 0x8C6E, 0x8C8E, 0x8CAF, 0x8CCF,
    0x8CAF, 0x8CAF, 0x8C8E, 0x846E, 0x7C4D, 0x7C4D, 0x7C4D, 0x7C2D,
    0x7C4E, 0x8C90, 0x94F1, 0x9D12, 0xA533, 0xA533, 0xA533, 0xA533,
    0x9D32, 0x9D11, 0x950F, 0x8CCC, 0x8489, 0x7C86, 0x84A9, 0x94ED,
    0x9D30, 0xAD73, 0xB595, 0xBDB7, 0xBDF8, 0xBDF8, 0xBDF9, 0xBDF8,
    0xBDD8, 0xAD96, 0xA535, 0x94D2, 0x8470, 0x73ED, 0x6389, 0x5B47,
    0x5346, 0x5346, 0x5B67, 0x5B88, 0x6389, 0x6BAA, 0x73ED, 0x8470,
    0x94D2, 0x9D14, 0xAD55, 0xB596, 0xBDD7, 0xBDF8, 0xC619, 0xC619,
    0x9C0E, 0x93EE, 0x8BAD, 0x8B8D, 0x838D, 0x836D, 0x7B6E, 0x7B6E,
    0x736F, 0x7370, 0x7370, 0x7370, 0x7370, 0x7350, 0x7B4F, 0x836E,
    0x8B8D, 0x9BAC, 0x9BAB, 0xA3CB, 0xA3CA, 0xA3AA, 0xA3AA, 0xA3AA,
    0xA3AA, 0xA3AA, 0xA3CA, 0xA3CA, 0xA3CA, 0xA3CA, 0xABCA, 0xABCA,
    0xABCA, 0xABCA, 0xABC9, 0xABC9, 0xABCA, 0xABC9, 0xABC9, 0xA3C9,
    0xA3C9, 0xABCA, 0xABCA, 0xABCA, 0xABEA, 0xABEA, 0xABEA, 0xAC0B,
    0xAC0B, 0xAC0B, 0xAC0B, 0xAC0B, 0xAC0B, 0xB42B, 0xB44C, 0xBC6C,
    0xBC8C, 0xBC8C, 0xBCAD, 0xC4AD, 0xC4AD, 0xBCAD, 0xBC8C, 0xB46C,
    0xB42B, 0xB42A, 0xB42A, 0xBC4B, 0xBC8C, 0xBCAD, 0xBCCE, 0xBCCF,
    0xBCF0, 0xBD33, 0xBD54, 0xBD76, 0xBDB7, 0xBDD8, 0xBDF9, 0xBE1A,
    0xBE1A, 0xBE1A, 0xBE1A, 0xBE1A, 0xBE1A, 0xBE1A, 0xBE1A, 0xBE1A,
    0xBE1A, 0xC61A, 0xC61A, 0xC61A, 0xC61A, 0xBE3B, 0xCD94, 0xF54A,
    0xF5AC, 0xD3E4, 0xAA60, 0xBB43, 0xDC88, 0xC3E5, 0xBB84, 0xC3E6,
    0xE56F, 0xEDF2, 0xE5D1, 0xE58F, 0xDD4E, 0xDD2D, 0xDD2D, 0xD4EC,
    0xD4CC, 0xD4AB, 0xD4CC, 0xD4CC, 0xD4CC, 0xCC8A, 0xD4AB, 0xD4EC,
    0xD4CC, 0xD4CC, 0xD4AB, 0xD4AB, 0xD4CC, 0xD4CC, 0xD4CC, 0xD4CC,
    0xD4CC, 0xD50D, 0xD4ED, 0xD4EC, 0xDD0D, 0xDD4E, 0xE5B0, 0xE5B0,
    0xDD0C, 0xD447, 0xCBE5, 0xCC26, 0xCC05, 0xCBC4, 0xC384, 0xC3C6,
    0xCC8B, 0xCCCD, 0xCD10, 0xC594, 0xCE39, 0xCE7B, 0xC65B, 0xC63A,
    0xC639, 0xC639, 0xC63A, 0xC63A, 0xC63A, 0xC639, 0xC659, 0xC639,
    0xC639, 0xC639, 0xC639, 0xC639, 0xC639, 0xC639, 0xC639, 0xC619,
    0xC5F8, 0xBDD8, 0xB5D7, 0xB5B7, 0xAD96, 0xA555, 0x9D13, 0x94F2,
    0x8CD0, 0x8CAE, 0x848E, 0x8C8E, 0x8CAF, 0x94B0, 0x94D0, 0x94F1,
    0x94D0, 0x94D0, 0x8CAF, 0x8C8F, 0x846E, 0x7C4D, 0x7C2D, 0x7C2C,
    0x7C4D, 0x846F, 0x8CB0, 0x94D1, 0x94F2, 0x94F2, 0x9CF2, 0x94F1,
    0x94F0, 0x94CF, 0x8CCD, 0x84AA, 0x8487, 0x7C65, 0x8489, 0x94ED,
    0x9D30, 0xAD73, 0xB595, 0xBDD7, 0xBDF8, 0xBDF9, 0xBDF9, 0xBDF9,
    0xBDD8, 0xAD97, 0xA535, 0x94D3, 0x8470, 0x6BED, 0x5B6A, 0x5327,
    0x5325, 0x4B25, 0x5325, 0x5326, 0x5B47, 0x5B68, 0x6BCB, 0x7C4F,
    0x8CB1, 0x9CF3, 0xA535, 0xAD76, 0xB5B7, 0xBDD8, 0xBDF9, 0xC619,
    0x9C0E, 0x93EE, 0x8BAE, 0x838E, 0x7B6E, 0x7B6E, 0x734E, 0x6B4F,
    0x6350, 0x6351, 0x5B51, 0x5B52, 0x5B52, 0x5B51, 0x6B71, 0x838F,
    0x8BAE, 0x9BCD, 0xA3EC, 0xABEC, 0xABEB, 0xABEB, 0xABCA, 0xA3CA,
    0xA3AA, 0xA3CA, 0xA3CA, 0xA3CA, 0xA3CA, 0xA3CA, 0xABCA, 0xABCA,
    0xABCA, 0xABCA, 0xABCA, 0xABCA, 0xABCA, 0xABCA, 0xABCA, 0xA3C9,
    0xA3C9, 0xA3C9, 0xA3CA, 0xABCA, 0xABEA, 0xABEA, 0xAC0B, 0xAC0B,
    0xAC0B, 0xAC0B, 0xAC0B, 0xAC0B, 0xAC0B, 0xB44B, 0xB44C, 0xBC6C,
    0xBC8C, 0xC48C, 0xC4AD, 0xC4AD, 0xC4AD, 0xBCAD, 0xBC8C, 0xBC6C,
    0xB42B, 0xB42A, 0xB42A, 0xBC4B, 0xBC8C, 0xC4AD, 0xBCCE, 0xBCCF,
    0xBCF0, 0xBD32, 0xBD54, 0xBD76, 0xBDB7, 0xBDD8, 0xBDF9, 0xBE1A,
    0xBE1A, 0xBE1A, 0xBE1A, 0xBE1A, 0xBE1A, 0xBE1A, 0xBE1A, 0xBE1A,
    0xBE1A, 0xBE1A, 0xC61A, 0xC61A, 0xBE1A, 0xBE1B, 0xCE39, 0xFE0F,
    0xFDED, 0xECC8, 0xCBA3, 0xD426, 0xD467, 0xCC06, 0xCC06, 0xBB83,
    0xBB84, 0xC3E7, 0xDD6E, 0xE5B0, 0xE590, 0xDD4E, 0xDD0D, 0xD4CC,
    0xD4CC, 0xD4CC, 0xD4EC, 0xD4CC, 0xD4EC, 0xCC6A, 0xD4AB, 0xD4CC,
    0xD4CC, 0xD4CC, 0xD4AB, 0xD4AB, 0xD4AB, 0xD4AB, 0xD4AB, 0xD4AB,
    0xD4CC, 0xD4CC, 0xD4EC, 0xDD2E, 0xE58F, 0xE590, 0xD4EC, 0xCC07,
    0xD446, 0xDC88, 0xDCC9, 0xDC88, 0xCD0F, 0xC553, 0xC595, 0xC618,
    0xC65A, 0xC67B, 0xC67B, 0xC67B, 0xC65A, 0xC63A, 0xC639, 0xC639,
    0xC63A, 0xC65A, 0xC63A, 0xC63A, 0xC63A, 0xC63A, 0xC639, 0xC639,
    0xC639, 0xC639, 0xC639, 0xC639, 0xC639, 0xC639, 0xC619, 0xC619,
    0xBDF8, 0xBDD8, 0xB5D7, 0xB5B7, 0xAD96, 0xA555, 0x9D34, 0x9D13,
    0x94F1, 0x94D1, 0x94F1, 0x94F1, 0x9D12, 0x9D12, 0x9D32, 0xA533,
    0x9D33, 0x9D12, 0x94F1, 0x94D0, 0x8C8F, 0x846F, 0x7C4E, 0x7C2D,
    0x7C2D, 0x844E, 0x846F, 0x8C8F, 0x8C90, 0x8C8F, 0x8C8F, 0x848F,
    0x848E, 0x848C, 0x846A, 0x7C48, 0x7C45, 0x7C45, 0x8489, 0x8CCD,
    0x9D10, 0xA553, 0xAD75, 0xB5B7, 0xBDF8, 0xBDF9, 0xBDF9, 0xBDF9,
    0xBDD8, 0xAD97, 0xA535, 0x94D3, 0x8470, 0x6BEE, 0x5B6A, 0x4B06,
    0x4AE5, 0x4AE4, 0x4AE5, 0x4AE5, 0x4AE5, 0x5306, 0x63AA, 0x7C0E,
    0x8C71, 0x94D3, 0xA535, 0xAD76, 0xB5B7, 0xBDD8, 0xBE19, 0xBE19,
    0x940F, 0x93EE, 0x8BCE, 0x83AE, 0x7B8E, 0x736E, 0x6B4F, 0x632F,
    0x5330, 0x4B32, 0x4B53, 0x4353, 0x4353, 0x4B53, 0x6372, 0x7B91,
    0x8BCF, 0x9BEE, 0xA40D, 0xAC0D, 0xB42C, 0xB42C, 0xAC0B, 0xABEA,
    0xA3CA, 0xA3CA, 0xA3CA, 0xA3CA, 0xA3CA, 0xA3CA, 0xABCA, 0xABCA,
    0xABEA, 0xABEA, 0xABEA, 0xABCA, 0xABC9, 0xA3C9, 0xA3C9, 0xA3C9,
    0xA3C9, 0xA3C9, 0xA3CA, 0xA3EA, 0xABEA, 0xAC0A, 0xAC0B, 0xAC0B,
    0xAC2B, 0xAC2B, 0xAC0B, 0xAC0B, 0xAC2B, 0xB44B, 0xB44B, 0xBC6C,
    0xBC8C, 0xC48C, 0xC4AD, 0xC4CD, 0xC4AD, 0xC4AD, 0xBC8C, 0xBC6C,
    0xB42B, 0xB42A, 0xB42A, 0xBC4B, 0xBC8C, 0xC4AD, 0xBCCE, 0xBCCE,
    0xBCF0, 0xBD12, 0xBD54, 0xBD76, 0xBDB7, 0xBDD8, 0xBDF9, 0xBE1A,
    0xBE1A, 0xBE1A, 0xBE1A, 0xBE1A, 0xBE1A, 0xBE1A, 0xBE1A, 0xBE1A,
    0xBE1A, 0xBE1A, 0xC61A, 0xBE1A, 0xC61A, 0xBE1B, 0xD659, 0xFE0E,
    0xF58B, 0xE488, 0xCBC5, 0xD427, 0xC3A5, 0xCBE6, 0xCC26, 0xC3C5,
    0xC3A4, 0xBB43, 0xBB64, 0xBB84, 0xD48A, 0xDD4E, 0xDD2E, 0xDD2E,
    0xDD2D, 0xDD0D, 0xD4CC, 0xD4CB, 0xD4CC, 0xD4AB, 0xD4AB, 0xD4AB,
    0xD4AB, 0xD4CB, 0xD4AB, 0xD4AB, 0xD4AB, 0xD4AB, 0xD4AB, 0xDD0C,
    0xDD0D, 0xDD0D, 0xDD4E, 0xD50D, 0xC409, 0xA2A3, 0xA240, 0xBB64,
    0xD488, 0xE50A, 0xF5AD, 0xED0A, 0xD618, 0xC69C, 0xC65A, 0xC65A,
    0xC65A, 0xC63A, 0xC639, 0xC63A, 0xC65A, 0xC65A, 0xC63A, 0xC63A,
    0xC63A, 0xC63A, 0xC63A, 0xC63A, 0xC63A, 0xC63A, 0xC63A, 0xC63A,
    0xC63A, 0xC63A, 0xC639, 0xC639, 0xC639, 0xC619, 0xC619, 0xBE19,
    0xBDF8, 0xBDF8, 0xB5D7, 0xB5B7, 0xAD96, 0xAD76, 0xA555, 0x9D34,
    0x9D33, 0x9D33, 0xA533, 0xA554, 0xA554, 0xA554, 0xAD54, 0xAD54,
    0xA554, 0xA534, 0x9D13, 0x94F2, 0x94D1, 0x8C90, 0x846F, 0x844E,
    0x7C4D, 0x7C2D, 0x7C4D, 0x7C4E, 0x7C4E, 0x7C4D, 0x7C2D, 0x7C2C,
    0x7C2B, 0x742A, 0x7408, 0x7405, 0x6C03, 0x7404, 0x7C48, 0x848C,
    0x94F0, 0xA533, 0xAD75, 0xB5B7, 0xBDD8, 0xBDF9, 0xBDF9, 0xBDF9,
    0xB5D8, 0xAD97, 0xA535, 0x94D3, 0x8471, 0x6BEE, 0x5B6A, 0x4AE6,
    0x42E4, 0x42C4, 0x42C4, 0x42C4, 0x42C4, 0x5327, 0x63AB, 0x740E,
    0x8C71, 0x94F3, 0xA555, 0xAD96, 0xB5D8, 0xBDF9, 0xBE19, 0xBE19,
    0x9C0E, 0x9C0E, 0x940E, 0x93EE, 0x8BAE, 0x7B8E, 0x736E, 0x632F,
    0x4B31, 0x3333, 0x2B35, 0x2B55, 0x2B35, 0x3334, 0x5373, 0x73B2,
    0x8BF1, 0x9C0F, 0xA42E, 0xAC4E, 0xB46D, 0xBC6D, 0xB42C, 0xAC0B,
    0xABEA, 0xA3CA, 0xA3CA, 0xA3CA, 0xA3CA, 0xA3CA, 0xA3CA, 0xA3CA,
    0xA3EA, 0xA3EA, 0xA3EA, 0xA3C9, 0xA3C9, 0xA3C9, 0xA3C9, 0xA3C9,
    0xA3C9, 0xA3C9, 0xA3C9, 0xA3EA, 0xABEA, 0xAC0B, 0xAC0B, 0xAC0B,
    0xAC2B, 0xAC0B, 0xAC0B, 0xAC0B, 0xAC0B, 0xB44B, 0xB44B, 0xBC6C,
    0xBC8C, 0xC48C, 0xC4AD, 0xC4CD, 0xC4AD, 0xC4AD, 0xBC6C, 0xBC6C,
    0xB42B, 0xB42A, 0xB42A, 0xBC4B, 0xC48C, 0xC4AD, 0xBCCE, 0xBCCE,
    0xBCF0, 0xBD12, 0xBD54, 0xBD76, 0xBDB7, 0xBDD8, 0xBDF9, 0xBE1A,
    0xBE1A, 0xBE1A, 0xBE1A, 0xBE1A, 0xBE1A, 0xBE1A, 0xBE1A, 0xBE1A,
    0xBE1A, 0xBE1A, 0xBE1A, 0xBE1A, 0xC61A, 0xBE3A, 0xCE18, 0xECA8,
    0xE445, 0xC323, 0xA220, 0xB2E2, 0x9A41, 0xA2A2, 0xBB84, 0xCC06,
    0xCBE5, 0xBB83, 0xB343, 0xB322, 0xB343, 0xB364, 0xB385, 0xCC4A,
    0xD4CC, 0xD4ED, 0xDD0D, 0xDCEC, 0xD4EC, 0xD4EC, 0xDCEC, 0xD4CB,
    0xDCEC, 0xD4EC, 0xD4EC, 0xDD0D, 0xDD0D, 0xDD0D, 0xDD0D, 0xD4EC,
    0xD4EC, 0xC449, 0xBBA6, 0xAB03, 0x89C0, 0x89C0, 0xB2E1, 0xD446,
    0xDCC9, 0xE4EA, 0xF58C, 0xED4C, 0xCE18, 0xC65A, 0xC63A, 0xC63A,
    0xC63A, 0xC63A, 0xC65A, 0xC65A, 0xC65A, 0xC65A, 0xC63A, 0xC63A,
    0xC63A, 0xC63A, 0xC63A, 0xC63A, 0xC63A, 0xC63A, 0xC63A, 0xC63A,
    0xC63A, 0xC63A, 0xC639, 0xC639, 0xC639, 0xC639, 0xC619, 0xBE19,
    0xBDF8, 0xBDF8, 0xBDD8, 0xB5D7, 0xB5B7, 0xAD96, 0xAD76, 0xA555,
    0xA575, 0xAD75, 0xAD76, 0xAD96, 0xB596, 0xB596, 0xB596, 0xAD96,
    0xAD96, 0xAD75, 0xA534, 0x9D13, 0x94F2, 0x94B1, 0x8C90, 0x846F,
    0x7C2E, 0x7C0D, 0x740C, 0x73EC, 0x73EC, 0x73EB, 0x6BEA, 0x6BCA,
    0x6BC9, 0x6BA7, 0x63A5, 0x63A2, 0x63A0, 0x6BC3, 0x7408, 0x7C6C,
    0x8CAF, 0x9D12, 0xA555, 0xAD96, 0xB5B7, 0xBDF9, 0xBDF9, 0xBDF9,
    0xB5D8, 0xAD97, 0x9D35, 0x94D3, 0x7C71, 0x6BCE, 0x534A, 0x42E6,
    0x42C4, 0x42C4, 0x42C4, 0x42C4, 0x42E5, 0x5348, 0x6BCC, 0x7C2F,
    0x8CB2, 0x9D14, 0xAD56, 0xB597, 0xBDD8, 0xBDF9, 0xBE19, 0xBDF9,
    0x9C2E, 0xA42D, 0xA42D, 0xA40C, 0x93CD, 0x838D, 0x7B6E, 0x634F,
    0x4B31, 0x2334, 0x0B36, 0x0B56, 0x0B36, 0x1335, 0x4374, 0x6BD3,
    0x8412, 0x9C30, 0xAC6F, 0xB46E, 0xBC8E, 0xBC8D, 0xB46D, 0xAC2B,
    0xABEA, 0xA3CA, 0xA3CA, 0xA3CA, 0xA3CA, 0xA3CA, 0xA3CA, 0xA3CA,
    0xA3C9, 0xA3C9, 0xA3C9, 0xA3C9, 0xA3C9, 0x9BC9, 0x9BC9, 0xA3C9,
    0xA3C9, 0x9BC9, 0xA3C9, 0xA3EA, 0xABEA, 0xAC0B, 0xAC0B, 0xAC2B,
    0xAC2B, 0xAC0B, 0xAC0B, 0xAC0B, 0xAC2B, 0xB42B, 0xBC4B, 0xBC6C,
    0xBC8C, 0xC48D, 0xC4AD, 0xC4CD, 0xC4AD, 0xC4AC, 0xBC8C, 0xBC4C,
    0xB44B, 0xB42A, 0xB42A, 0xBC4B, 0xC48C, 0xC4AD, 0xBCAE, 0xBCAE,
    0xBCD0, 0xBD12, 0xBD34, 0xBD76, 0xBDB7, 0xBDD8, 0xBDF9, 0xBE1A,
    0xBE1A, 0xBE1A, 0xBE1A, 0xBE1A, 0xBE1A, 0xBE1A, 0xBE1A, 0xBE1A,
    0xBE1A, 0xBE1A, 0xBE1A, 0xBE1A, 0xBE1A, 0xBE1A, 0xC639, 0xD3C7,
    0xCB22, 0xC303, 0xA241, 0xAA81, 0x91E0, 0x7980, 0xA2A2, 0xD447,
    0xCC05, 0xC3A4, 0xBBA4, 0xBB63, 0xBB63, 0xB343, 0xB343, 0xB322,
    0xB302, 0xBB64, 0xBBA5, 0xBBA6, 0xBBC7, 0xC408, 0xCC6A, 0xCC49,
    0xC429, 0xCC4A, 0xC449, 0xCC6A, 0xBBC7, 0xC3E7, 0xBB85, 0xB302,
    0xB343, 0xB323, 0xB343, 0xBB64, 0xB343, 0xB323, 0xC3C5, 0xDCC9,
    0xD468, 0xD3E5, 0xED09, 0xF5AF, 0xCE5A, 0xC65A, 0xC65A, 0xC65A,
    0xC63A, 0xC63A, 0xC65A, 0xC65A, 0xC65A, 0xC65A, 0xC63A, 0xC63A,
    0xC63A, 0xC63A, 0xC63A, 0xC63A, 0xC63A, 0xC63A, 0xC63A, 0xC63A,
    0xC63A, 0xC63A, 0xC639, 0xC639, 0xC639, 0xC619, 0xC619, 0xC619,
    0xBE19, 0xBDF8, 0xBDF8, 0xB5D8, 0xB5D7, 0xB5B7, 0xADB7, 0xADB7,
    0xB5B7, 0xB5B7, 0xB5B7, 0xBDD7, 0xBDD7, 0xBDD7, 0xB5D7, 0xB5B7,
    0xB596, 0xAD76, 0xA555, 0xA534, 0x9D13, 0x94D2, 0x8CB1, 0x846F,
    0x844E, 0x740C, 0x6BCB, 0x6BAA, 0x6389, 0x6388, 0x6388, 0x5B67,
    0x5B66, 0x5B65, 0x5B62, 0x5B60, 0x5B60, 0x5B82, 0x63C7, 0x740B,
    0x846E, 0x94D1, 0x9D14, 0xA556, 0xAD97, 0xB5D8, 0xBDF9, 0xBDF9,
    0xB5D8, 0xAD97, 0x9D35, 0x8CB3, 0x7C50, 0x6BCD, 0x534A, 0x42E5,
    0x42C4, 0x3AC4, 0x3AC4, 0x42C4, 0x4B07, 0x5B6A, 0x6BED, 0x8470,
    0x94D3, 0xA535, 0xAD76, 0xB5B7, 0xBDD8, 0xBDF9, 0xBDD9, 0xB5D8,
    0xA44D, 0xAC6C, 0xB46B, 0xAC4B, 0xA40B, 0x93CC, 0x838D, 0x6B6F,
    0x5351, 0x3354, 0x0B36, 0x0356, 0x0356, 0x0B56, 0x4395, 0x6BF3,
    0x8C32, 0x9C71, 0xAC90, 0xBCAF, 0xC4CF, 0xC4CE, 0xBC8D, 0xB44C,
    0xAC0B, 0xA3CA, 0x9BA9, 0x9BA9, 0xA3C9, 0xA3C9, 0xA3C9, 0x9BC9,
    0x9BC9, 0x9BC9, 0x9BC9, 0x9BC9, 0x9BC9, 0x9BC8, 0x9BC8, 0x9BC9,
    0x9BC9, 0x9BC9, 0x9BC9, 0xA3E9, 0xA3EA, 0xAC0B, 0xAC0B, 0xAC2B,
    0xAC2B, 0xAC2B, 0xAC2B, 0xAC2B, 0xAC2B, 0xB42B, 0xBC4B, 0xBC6C,
    0xBC8C, 0xC48C, 0xC4AD, 0xC4CD, 0xC4CD, 0xC4AC, 0xBC8C, 0xBC6C,
    0xB44B, 0xB42A, 0xB42A, 0xBC4B, 0xC48C, 0xC4AD, 0xBCAD, 0xBCAE,
    0xBCCF, 0xBD12, 0xBD34, 0xBD76, 0xBDB7, 0xBDD8, 0xBDF9, 0xBE1A,
    0xBE1A, 0xBE1A, 0xBE1A, 0xBE1A, 0xBE1A, 0xBE1A, 0xBE1A, 0xBE1A,
    0xBE1A, 0xBE1A, 0xBE1A, 0xBE1A, 0xBE1A, 0xBE3B, 0xCE19, 0xD3A5,
    0xDBA4, 0xD384, 0xBAE3, 0xA221, 0x8180, 0x7940, 0x9A62, 0xD467,
    0xCC05, 0xC3C5, 0xC3C4, 0xC3A4, 0xBBA5, 0xBB84, 0xBB63, 0xB343,
    0xB323, 0xB323, 0xAB02, 0xA2C2, 0xA2E2, 0xA2C1, 0xA2A1, 0x8A20,
    0x8A00, 0x8A21, 0x9A40, 0xA2A1, 0xA280, 0xA2A1, 0xAAC1, 0xAAE1,
    0xB302, 0xBB63, 0xBB84, 0xBB84, 0xC3C5, 0xCC06, 0xD447, 0xD427,
    0xC343, 0xCB23, 0xECE8, 0xEDAF, 0xCE3A, 0xC65A, 0xC65A, 0xC65A,
    0xC65A, 0xC65A, 0xC65A, 0xC63A, 0xC63A, 0xC63A, 0xC63A, 0xC65A,
    0xC65A, 0xC63A, 0xC63A, 0xC63A, 0xC63A, 0xC63A, 0xC63A, 0xC63A,
    0xC63A, 0xC63A, 0xC63A, 0xC639, 0xC639, 0xC619, 0xC619, 0xC619,
    0xBE19, 0xBE19, 0xBDF9, 0xBDF8, 0xBDD8, 0xB5D8, 0xBDD8, 0xBDD8,
    0xBDF8, 0xBDF8, 0xBDF8, 0xBDF8, 0xBDF9, 0xBDF8, 0xBDF8, 0xBDD7,
    0xB5B7, 0xAD96, 0xAD75, 0xA554, 0x9D33, 0x9CF2, 0x94D1, 0x8C90,
    0x844F, 0x7C2D, 0x73EC, 0x6BAA, 0x6368, 0x5B47, 0x5326, 0x5304,
    0x4B02, 0x4B01, 0x4B00, 0x4B00, 0x4B20, 0x5341, 0x5B66, 0x6BCA,
    0x7C2D, 0x8C90, 0x94D3, 0x9D35, 0xAD76, 0xB5B8, 0xBDD9, 0xBDD9,
    0xB5D8, 0xA577, 0x9D15, 0x8CB3, 0x7C30, 0x63AD, 0x5329, 0x42E5,
    0x3AC4, 0x3AC3, 0x3AC3, 0x42E5, 0x5348, 0x63AB, 0x742F, 0x8CB2,
    0x9D14, 0xA556, 0xB597, 0xB5B8, 0xB5B8, 0xB5D8, 0xB5B8, 0xAD97,
    0xAC6C, 0xBCAB, 0xC4AA, 0xC48A, 0xB42A, 0xA3EA, 0x93CC, 0x7B8E,
    0x6371, 0x4373, 0x1356, 0x0357, 0x0356, 0x0B56, 0x4395, 0x7414,
    0x9473, 0xA4B2, 0xB4D1, 0xC510, 0xCD10, 0xC50F, 0xBCAE, 0xB44C,
    0xAC0B, 0xA3C9, 0x9BA9, 0x9BA9, 0x9BA9, 0x9BA9, 0x9BA9, 0x9BA9,
    0x9BA8, 0x93A8, 0x9BA8, 0x9BA8, 0x93A8, 0x93A8, 0x93A8, 0x93A8,
    0x93A8, 0x93A8, 0x9BC9, 0x9BE9, 0xA3EA, 0xA40A, 0xAC0B, 0xAC2B,
    0xAC2B, 0xAC0B, 0xAC0B, 0xAC0B, 0xAC0B, 0xAC2B, 0xB44B, 0xBC6C,
    0xBC8C, 0xC4AD, 0xC4AD, 0xC4CD, 0xC4CD, 0xC4AD, 0xBC8C, 0xBC6C,
    0xB44B, 0xB42A, 0xB42A, 0xBC4B, 0xC48C, 0xC4AD, 0xC4AD, 0xBCAE,
    0xBCCF, 0xBD12, 0xBD34, 0xBD76, 0xBDB7, 0xBDD8, 0xBDF9, 0xBE1A,
    0xBE1A, 0xBE1A, 0xBE1A, 0xBE1A, 0xBE1A, 0xBE1A, 0xBE1A, 0xBE1A,
    0xBE1A, 0xBE1A, 0xBE1A, 0xBE1A, 0xBE1A, 0xBE3B, 0xCDD6, 0xD363,
    0xEC46, 0xDBC5, 0xC303, 0x9A21, 0x8160, 0x7940, 0xAAE3, 0xD447,
    0xCC05, 0xCC26, 0xCC05, 0xC3A4, 0xBB84, 0xC3C5, 0xBBA4, 0xBB64,
    0xB343, 0xB322, 0xAB23, 0xAB02, 0xA2C1, 0x89E0, 0x79C0, 0x7140,
    0x6100, 0x6920, 0x81C0, 0x9A60, 0xA2C1, 0xAAE2, 0xAAE2, 0xB322,
    0xB343, 0xBB63, 0xC384, 0xC3C5, 0xC3C5, 0xCC06, 0xD468, 0xBB43,
    0xC302, 0xD383, 0xF4E9, 0xED8F, 0xC63A, 0xC65A, 0xC65A, 0xC65A,
    0xC65A, 0xC65A, 0xC65A, 0xC65A, 0xC63A, 0xC63A, 0xC65A, 0xC65A,
    0xC65A, 0xC63A, 0xC63A, 0xC63A, 0xC63A, 0xC63A, 0xC63A, 0xC63A,
    0xC63A, 0xC63A, 0xC63A, 0xC639, 0xC639, 0xC639, 0xC639, 0xC619,
    0xBE19, 0xBE19, 0xBE19, 0xBDF9, 0xBDF9, 0xBDF9, 0xBDF9, 0xBDF9,
    0xBDF9, 0xC619, 0xBE19, 0xBDF9, 0xBDF9, 0xBDF8, 0xB5D7, 0xB5B7,
    0xB5B7, 0xAD96, 0xAD75, 0xA555, 0xA534, 0x9D13, 0x9CF2, 0x94B1,
    0x8C90, 0x844E, 0x7C0D, 0x6BCB, 0x6389, 0x5B47, 0x4B05, 0x42C1,
    0x42C0, 0x42C0, 0x42C0, 0x42C0, 0x42E0, 0x4B00, 0x5325, 0x6368,
    0x6BEC, 0x7C2F, 0x8C92, 0x94F4, 0xA535, 0xAD97, 0xB5B8, 0xB5D8,
    0xB5B8, 0xA577, 0x9515, 0x8492, 0x7410, 0x638C, 0x4B28, 0x42E4,
    0x3AC3, 0x3AC3, 0x3AC3, 0x4B07, 0x5B6A, 0x6BED, 0x8470, 0x94D3,
    0xA535, 0xAD76, 0xAD97, 0xB5B8, 0xB5B8, 0xAD97, 0xAD77, 0xA576,
    0xB48B, 0xCCCA, 0xD4E9, 0xCCC8, 0xC468, 0xB429, 0xA3EB, 0x8BAE,
    0x6B90, 0x4B73, 0x1B55, 0x0337, 0x0356, 0x1356, 0x4395, 0x7414,
    0x9493, 0xACD2, 0xBD11, 0xC531, 0xCD51, 0xCD30, 0xBCCE, 0xB46C,
    0xAC0A, 0x9BA9, 0x9388, 0x9388, 0x93A8, 0x93A8, 0x93A8, 0x93A8,
    0x9388, 0x8B87, 0x8BA7, 0x93A7, 0x8B87, 0x8B87, 0x8B87, 0x8B87,
    0x8BA7, 0x93A8, 0x93A8, 0x9BC9, 0x9BE9, 0xA3EA, 0xA40A, 0xAC0A,
    0xA40A, 0xA40A, 0xA40A, 0xA40A, 0xAC0A, 0xAC2B, 0xB44B, 0xBC6C,
    0xBC8C, 0xC4AD, 0xC4CD, 0xC4CD, 0xC4CD, 0xC4AD, 0xBC8C, 0xBC6C,
    0xB44B, 0xB42A, 0xB42A, 0xBC4B, 0xC46C, 0xC48C, 0xC4AD, 0xBCAE,
    0xBCCF, 0xBD12, 0xBD34, 0xBD76, 0xBD97, 0xBDD8, 0xBDF9, 0xBDFA,
    0xBE1A, 0xBE1A, 0xBE1A, 0xBE1A, 0xBE1A, 0xBE1A, 0xBE1A, 0xBE1A,
    0xBE1A, 0xBE1A, 0xBE1A, 0xBE1A, 0xBE1A, 0xBE3B, 0xCDB6, 0xDBC4,
    0xF4A8, 0xDBE6, 0xC303, 0xAA82, 0x9A00, 0x91A0, 0xAAC3, 0xCC06,
    0xCC26, 0xCC26, 0xCC26, 0xC3C5, 0xC3A4, 0xC3E5, 0xBB84, 0xB343,
    0xB323, 0xA2E2, 0x9A82, 0x9261, 0x81A0, 0x6920, 0x6100, 0x60E0,
    0x58E0, 0x58C0, 0x6120, 0x7980, 0x9A40, 0xAB02, 0xAB02, 0xB322,
    0xBB84, 0xC3A4, 0xC3C5, 0xCBE5, 0xCC27, 0xD468, 0xD468, 0xB2E2,
    0xC302, 0xD363, 0xEC87, 0xE591, 0xC63A, 0xC65A, 0xC65A, 0xC63A,
    0xC65A, 0xC65A, 0xC65A, 0xC65A, 0xC63A, 0xC63A, 0xC65A, 0xC65A,
    0xC65A, 0xC65A, 0xC65A, 0xC63A, 0xC63A, 0xC63A, 0xC63A, 0xC63A,
    0xC63A, 0xC63A, 0xC63A, 0xC639, 0xC639, 0xC639, 0xC639, 0xC639,
    0xC619, 0xC619, 0xBE19, 0xBE19, 0xBE19, 0xBE19, 0xBE19, 0xBE19,
    0xBE19, 0xC619, 0xC619, 0xBDF9, 0xBDF8, 0xB5D7, 0xB5B7, 0xB597,
    0xAD96, 0xAD75, 0xA555, 0xA554, 0xA534, 0x9D14, 0x9CF3, 0x94D2,
    0x8CB1, 0x8470, 0x7C2E, 0x73EC, 0x638A, 0x5B48, 0x4B05, 0x42C1,
    0x3AA0, 0x3AA0, 0x3AA0, 0x3AA0, 0x3AA0, 0x42C0, 0x4AE3, 0x5327,
    0x638A, 0x6BED, 0x7C50, 0x8CB2, 0x9514, 0xA556, 0xAD97, 0xAD97,
    0xAD97, 0xA577, 0x94F5, 0x8472, 0x6C0F, 0x5B8C, 0x4B07, 0x42C3,
    0x3AC3, 0x3AC3, 0x42E4, 0x5348, 0x63AC, 0x742F, 0x8C92, 0x9514,
    0xA556, 0xAD76, 0xAD97, 0xAD97, 0xAD97, 0xA556, 0xA535, 0x9D15,
    0xBCAA, 0xD4E8, 0xDD07, 0xDCE7, 0xD4A7, 0xC469, 0xB40B, 0x9BCD,
    0x7BB0, 0x5373, 0x1B56, 0x0357, 0x0356, 0x1356, 0x4BB5, 0x7414,
    0x9493, 0xACD2, 0xBD12, 0xCD31, 0xCD50, 0xCD2F, 0xBCCE, 0xB44C,
    0xA3EA, 0x9388, 0x9367, 0x8B67, 0x8B87, 0x9388, 0x8B87, 0x8B87,
    0x8387, 0x8386, 0x8386, 0x8386, 0x8386, 0x8386, 0x8386, 0x8386,
    0x8386, 0x8B87, 0x8BA7, 0x93C8, 0x9BE9, 0x9BE9, 0xA40A, 0xA40A,
    0xA3E9, 0xA3E9, 0xA3EA, 0xA3EA, 0xA40A, 0xAC2B, 0xB44B, 0xBC6C,
    0xBC8C, 0xC4AD, 0xC4CD, 0xC4CD, 0xC4CD, 0xC4AD, 0xBC8D, 0xBC6C,
    0xB44B, 0xB42A, 0xBC2A, 0xBC4B, 0xC46C, 0xC48C, 0xC4AD, 0xBCAD,
    0xBCCF, 0xBD12, 0xBD34, 0xBD76, 0xBDB7, 0xBDD8, 0xBDF9, 0xBDFA,
    0xBE1A, 0xBE1A, 0xBE1A, 0xBE1A, 0xBE1A, 0xBE1A, 0xBE1A, 0xBE1A,
    0xBE1A, 0xBE1A, 0xBE1A, 0xBE1A, 0xBE1A, 0xBE3B, 0xCDF7, 0xEC88,
    0xF4A7, 0xE406, 0xCB23, 0xAA82, 0xA241, 0xA241, 0x9221, 0xB303,
    0xD447, 0xCC26, 0xCC26, 0xCC05, 0xCC05, 0xBB84, 0x9A61, 0x89E0,
    0x81C0, 0x7180, 0x7160, 0x7980, 0x6900, 0x60E0, 0x6100, 0x50A0,
    0x58C0, 0x50C0, 0x58C0, 0x50C0, 0x7960, 0x9A41, 0xA2C2, 0xBB63,
    0xC3C5, 0xC3E5, 0xC3E5, 0xCC26, 0xD467, 0xD467, 0xDC89, 0xC343,
    0xC323, 0xD3A4, 0xECA7, 0xE50D, 0xC63A, 0xC65A, 0xC63A, 0xC63A,
    0xC65A, 0xC63A, 0xC63A, 0xC65A, 0xC63A, 0xC63A, 0xC63A, 0xC63A,
    0xC65A, 0xC65A, 0xC63A, 0xC63A, 0xC63A, 0xC63A, 0xC63A, 0xC63A,
    0xC63A, 0xC63A, 0xC63A, 0xC63A, 0xC63A, 0xC63A, 0xC63A, 0xC639,
    0xC639, 0xC619, 0xBE19, 0xBE19, 0xBE19, 0xBE19, 0xBE19, 0xBE19,
    0xBE19, 0xBE19, 0xBDF9, 0xBDF8, 0xB5D8, 0xB5B7, 0xAD96, 0xAD96,
    0xAD75, 0xA555, 0xA554, 0xA534, 0xA534, 0xA514, 0x9D13, 0x9CF2,
    0x94B1, 0x8C90, 0x844E, 0x73EC, 0x6BAB, 0x5B49, 0x5306, 0x42C3,
    0x3AA0, 0x3A80, 0x3A80, 0x3A80, 0x3A80, 0x3A80, 0x3AA0, 0x4AC4,
    0x5328, 0x638B, 0x73EE, 0x7C71, 0x8CD3, 0x9D35, 0xA576, 0xA577,
    0xA556, 0x9D36, 0x94F4, 0x7C72, 0x6BEE, 0x5B6B, 0x4B06, 0x3AC3,
    0x3AC3, 0x3AC3, 0x4306, 0x5B6A, 0x6BEE, 0x7C50, 0x8CB2, 0x9514,
    0x9D35, 0xA556, 0xAD77, 0xAD77, 0xA556, 0x9D15, 0x94D4, 0x8CB3,
    0xC4A8, 0xDD07, 0xE526, 0xE506, 0xDCC6, 0xCC88, 0xBC4A, 0xA40D,
    0x83D0, 0x5B73, 0x1B36, 0x0337, 0x0356, 0x1356, 0x4BB5, 0x7434,
    0x9493, 0xACD2, 0xBD12, 0xCD31, 0xCD50, 0xCD2F, 0xBCAD, 0xB44C,
    0xA3EA, 0x9388, 0x8B67, 0x8347, 0x8366, 0x8367, 0x8366, 0x8366,
    0x7B66, 0x7B65, 0x7B65, 0x7B65, 0x7B65, 0x7B65, 0x7B65, 0x7B65,
    0x7B66, 0x8386, 0x83A7, 0x8BA7, 0x93C8, 0x93E9, 0x9BE9, 0x9BE9,
    0x9BC9, 0x9BC9, 0x9BE9, 0x9BE9, 0xA3E9, 0xAC2A, 0xB44B, 0xB46C,
    0xBC8C, 0xC4AD, 0xC4CD, 0xC4CD, 0xC4CD, 0xC4AD, 0xBC8C, 0xBC6C,
    0xB44B, 0xB42B, 0xBC2A, 0xBC4B, 0xC46B, 0xC48C, 0xC4AD, 0xC4AD,
    0xBCCF, 0xBD11, 0xBD33, 0xBD75, 0xBDB7, 0xBDD8, 0xBDF9, 0xBDFA,
    0xBE1A, 0xBE1A, 0xBE1A, 0xBE1A, 0xBE1A, 0xBE1A, 0xBE1A, 0xBE1A,
    0xBE1A, 0xBE1A, 0xBE1A, 0xBE1A, 0xBE1A, 0xBE3B, 0xCD74, 0xF487,
    0xEC87, 0xE406, 0xCB23, 0xAA61, 0xAA82, 0xA240, 0x8980, 0x9A20,
    0xCBE5, 0xD467, 0xD446, 0xCC05, 0xD405, 0x9A40, 0x7140, 0x7160,
    0x6920, 0x6900, 0x60E0, 0x60E0, 0x58E0, 0x58C0, 0x58E0, 0x50C0,
    0x50C0, 0x58C0, 0x58C0, 0x58C0, 0x7140, 0x7140, 0x89C0, 0xB323,
    0xC3A4, 0xC3E6, 0xCC26, 0xD446, 0xD446, 0xDCA8, 0xDC89, 0xC364,
    0xC323, 0xDBE5, 0xF4C8, 0xE54F, 0xC63A, 0xC65A, 0xC63A, 0xC63A,
    0xC63A, 0xC63A, 0xC63A, 0xC63A, 0xC63A, 0xC63A, 0xC63A, 0xC63A,
    0xC63A, 0xC63A, 0xC63A, 0xC63A, 0xC63A, 0xC63A, 0xC63A, 0xC63A,
    0xC63A, 0xC63A, 0xC63A, 0xC63A, 0xC63A, 0xC63A, 0xC63A, 0xC639,
    0xC639, 0xBE19, 0xBE19, 0xBE19, 0xBE19, 0xBE19, 0xBE19, 0xBE19,
    0xBE19, 0xBE19, 0xBDF9, 0xB5D8, 0xB5B7, 0xAD97, 0xAD96, 0xAD55,
    0xA555, 0xA534, 0x9D34, 0x9D13, 0x9D14, 0x9D14, 0x9D13, 0x9CF3,
    0x94D2, 0x94B1, 0x844F, 0x7C0E, 0x6BCC, 0x636A, 0x5328, 0x4AE5,
    0x42C2, 0x3AA0, 0x3A80, 0x3A80, 0x3A80, 0x3A80, 0x3A60, 0x3A81,
    0x42C5, 0x5329, 0x638C, 0x7430, 0x8CB2, 0x94F4, 0x9D15, 0x9D35,
    0x9D15, 0x94F4, 0x8CD4, 0x7C51, 0x63CE, 0x536A, 0x42E5, 0x3AC2,
    0x3AC3, 0x42E3, 0x4B27, 0x63AC, 0x740F, 0x7C50, 0x8CB2, 0x94F3,
    0x9D15, 0xA536, 0xA556, 0x9D35, 0x9514, 0x8CB3, 0x8471, 0x7430,
    0xC487, 0xDCE5, 0xE525, 0xE505, 0xDCC5, 0xCC88, 0xBC4A, 0xA3ED,
    0x83B0, 0x5373, 0x1336, 0x0337, 0x0356, 0x1356, 0x4BB5, 0x7434,
    0x9493, 0xACD2, 0xBD11, 0xCD31, 0xCD50, 0xCD2F, 0xBCAD, 0xB44C,
    0x9BCA, 0x8B68, 0x8346, 0x7B46, 0x7B25, 0x7B46, 0x7B45, 0x7B45,
    0x7345, 0x6B44, 0x6B44, 0x6B44, 0x6B24, 0x6B44, 0x7344, 0x7344,
    0x7345, 0x7B65, 0x7B86, 0x8387, 0x8BA7, 0x8BC8, 0x93C8, 0x93C8,
    0x8BA8, 0x93A8, 0x93C8, 0x9BC9, 0x9BE9, 0xA40A, 0xB44B, 0xB46C,
    0xBC8C, 0xBCAD, 0xC4CD, 0xC4CD, 0xC4CD, 0xC4AD, 0xBC8C, 0xBC6C,
    0xB44B, 0xBC4B, 0xBC2A, 0xBC4B, 0xC46B, 0xC48C, 0xC4AD, 0xC4AD,
    0xC4CE, 0xBCF1, 0xBD13, 0xBD75, 0xBD97, 0xBDD8, 0xBDD9, 0xBDFA,
    0xBDFA, 0xBE1A, 0xBE1A, 0xBDFA, 0xBDFA, 0xBE1A, 0xBE1A, 0xBE1A,
    0xBE1A, 0xBE1A, 0xBE1A, 0xBE1A, 0xBE1A, 0xBE5C, 0xD532, 0xF446,
    0xF4A8, 0xCB23, 0xBAA1, 0xB282, 0x9A21, 0x91C0, 0x89C0, 0x91C0,
    0xC3C5, 0xDC88, 0xD447, 0xD447, 0xD405, 0x91E0, 0x7120, 0x7120,
    0x7140, 0x7120, 0x60E0, 0x60E0, 0x58C0, 0x58C0, 0x58C0, 0x58C0,
    0x58E0, 0x58E0, 0x58E0, 0x58C0, 0x6100, 0x58E0, 0x6920, 0x89E0,
    0xA281, 0xC3E5, 0xD447, 0xCC27, 0xD467, 0xE4E9, 0xDCA9, 0xBB03,
    0xCB84, 0xE447, 0xF4E8, 0xE52E, 0xC63B, 0xC65A, 0xC63A, 0xC63A,
    0xC63A, 0xC63A, 0xC63A, 0xC63A, 0xC63A, 0xC63A, 0xC63A, 0xC63A,
    0xC63A, 0xC63A, 0xC63A, 0xC63A, 0xC63A, 0xC63A, 0xC63A, 0xC63A,
    0xC63A, 0xC63A, 0xC63A, 0xC61A, 0xC61A, 0xC61A, 0xC63A, 0xC639,
    0xC619, 0xBE19, 0xBE19, 0xBE19, 0xBE19, 0xBE19, 0xBE19, 0xBE19,
    0xBE19, 0xBE19, 0xBDF9, 0xB5D8, 0xB5B7, 0xAD97, 0xAD76, 0xA555,
    0xA535, 0x9D34, 0x9D13, 0x9D13, 0x9D13, 0x9D14, 0x9D13, 0x9D13,
    0x9CF3, 0x94D2, 0x8C91, 0x844F, 0x740E, 0x6BCC, 0x638A, 0x5B48,
    0x4B06, 0x42C2, 0x3A80, 0x3260, 0x3260, 0x3260, 0x3260, 0x3260,
    0x3A81, 0x42C6, 0x5B4A, 0x6BEE, 0x8451, 0x8CB3, 0x8CD3, 0x94D3,
    0x94D3, 0x8CD3, 0x8492, 0x7C51, 0x63CD, 0x5349, 0x42E4, 0x3AC2,
    0x3AC2, 0x4305, 0x5369, 0x63CC, 0x740E, 0x7C30, 0x8491, 0x8CD3,
    0x94F4, 0x9D15, 0x9D15, 0x94D4, 0x8492, 0x7C51, 0x73EF, 0x63AD,
    0xC487, 0xDCE5, 0xE504, 0xE4E4, 0xDCA5, 0xCC68, 0xBC2A, 0xA3ED,
    0x83B0, 0x4B53, 0x1336, 0x0337, 0x0336, 0x1356, 0x4BB5, 0x7434,
    0x9493, 0xACF2, 0xBD12, 0xCD31, 0xCD50, 0xCD2F, 0xBCAD, 0xAC4B,
    0x9BC9, 0x8B68, 0x8346, 0x7305, 0x6B04, 0x6B04, 0x6B04, 0x6B04,
    0x6B03, 0x6303, 0x6303, 0x6303, 0x6303, 0x6303, 0x6323, 0x6323,
    0x6B24, 0x6B44, 0x7365, 0x7B66, 0x7B86, 0x8387, 0x8387, 0x8387,
    0x8387, 0x8BA7, 0x8BA8, 0x93C8, 0x9BE9, 0xA40A, 0xAC4B, 0xB46C,
    0xBC8C, 0xBCAD, 0xC4CD, 0xC4CD, 0xC4CD, 0xC4AD, 0xBC8C, 0xBC6C,
    0xB44B, 0xBC4B, 0xBC2A, 0xBC4A, 0xC46B, 0xC48C, 0xC48C, 0xC4AD,
    0xC4AE, 0xBCF1, 0xBD13, 0xBD75, 0xBD97, 0xBDD8, 0xBDF9, 0xBDFA,
    0xBE1A, 0xBDFA, 0xBDFA, 0xBDFA, 0xBDFA, 0xBDFA, 0xBDFA, 0xBE1A,
    0xBE1A, 0xBE1A, 0xBE1A, 0xBE1A, 0xBE1A, 0xBE5B, 0xCD11, 0xF466,
    0xEC67, 0xCB23, 0xCB44, 0xB261, 0xA221, 0x9A00, 0x99E0, 0x89C0,
    0xC3C5, 0xDCC9, 0xD487, 0xD487, 0xCBC4, 0x91C0, 0x7140, 0x6920,
    0x7120, 0x7140, 0x7140, 0x6100, 0x58C0, 0x60E0, 0x6100, 0x60E0,
    0x58E0, 0x58E0, 0x6100, 0x58C0, 0x58E0, 0x58E0, 0x7140, 0x81A0,
    0x81A0, 0xC3A4, 0xD467, 0xD468, 0xDC88, 0xE4EA, 0xD448, 0xAA81,
    0xCB64, 0xE447, 0xF4E8, 0xE4CC, 0xC63A, 0xC65A, 0xC63A, 0xC63A,
    0xC65A, 0xC65A, 0xC63A, 0xC63A, 0xC63A, 0xC63A, 0xC63A, 0xC63A,
    0xC63A, 0xC63A, 0xC63A, 0xC63A, 0xC63A, 0xC63A, 0xC63A, 0xC63A,
    0xC63A, 0xC63A, 0xC63A, 0xC61A, 0xC61A, 0xC61A, 0xBE3A, 0xBE1A,
    0xBE1A, 0xBE1A, 0xBE19, 0xBE19, 0xBE19, 0xBE19, 0xBE19, 0xBE19,
    0xBE19, 0xBDF9, 0xB5F9, 0xB5B8, 0xB5B7, 0xAD97, 0xA576, 0xA555,
    0x9D35, 0x9D14, 0x94F3, 0x9D13, 0x9D14, 0x9D34, 0xA534, 0xA514,
    0x9D14, 0x94D3, 0x8CB2, 0x8471, 0x7C4F, 0x740E, 0x6BCD, 0x638B,
    0x5348, 0x4AE6, 0x42A2, 0x3A60, 0x3260, 0x3240, 0x3240, 0x3240,
    0x3260, 0x3A82, 0x4AE8, 0x638C, 0x740F, 0x7C51, 0x8471, 0x8491,
    0x8492, 0x8491, 0x7C71, 0x742F, 0x63AC, 0x4B28, 0x42E3, 0x3AC1,
    0x3AC2, 0x4B26, 0x5B8A, 0x63CC, 0x6BED, 0x742F, 0x7C50, 0x8492,
    0x8CD3, 0x94F4, 0x8CD4, 0x8472, 0x7430, 0x6BCE, 0x5B6B, 0x532A,
    0xC487, 0xDCE5, 0xE504, 0xE4E4, 0xD485, 0xC448, 0xB40A, 0x9BCD,
    0x7B90, 0x4B54, 0x0B36, 0x0337, 0x0336, 0x1356, 0x4BB5, 0x7434,
    0x9C93, 0xB4F3, 0xBD32, 0xCD31, 0xCD50, 0xCD2F, 0xBCAD, 0xAC4B,
    0x9BC9, 0x8B67, 0x7B26, 0x6B04, 0x62E3, 0x62E3, 0x62E3, 0x62E3,
    0x5AE3, 0x5AE2, 0x52E1, 0x52E1, 0x52E1, 0x52E1, 0x52E1, 0x5B02,
    0x5B03, 0x6323, 0x6324, 0x6B44, 0x7365, 0x7365, 0x7365, 0x7365,
    0x7B66, 0x8387, 0x8B87, 0x93A8, 0x9BC9, 0xA40A, 0xAC4B, 0xB46B,
    0xB48C, 0xBCAD, 0xC4AD, 0xC4CD, 0xC4CD, 0xC4AD, 0xBC8C, 0xBC6C,
    0xBC4B, 0xBC4A, 0xBC2A, 0xBC4B, 0xC46B, 0xC48C, 0xC48C, 0xC48C,
    0xC4AE, 0xBCF1, 0xBD13, 0xBD75, 0xBD97, 0xBDD8, 0xBDF9, 0xBDF9,
    0xBDFA, 0xBDFA, 0xBDFA, 0xBDFA, 0xBDFA, 0xBDFA, 0xBE1A, 0xBE1A,
    0xBE1A, 0xBE1A, 0xBE1A, 0xBE1A, 0xBE1A, 0xBE3B, 0xD593, 0xFD08,
    0xE446, 0xE406, 0xCB64, 0xBAA2, 0xB281, 0xAA40, 0xAA40, 0x91E0,
    0xCC27, 0xDCC9, 0xDCA8, 0xDCA8, 0xCBA4, 0x9A20, 0x8180, 0x7960,
    0x7960, 0x7940, 0x7140, 0x6100, 0x58E0, 0x60E0, 0x6900, 0x6100,
    0x50C0, 0x6100, 0x7120, 0x6920, 0x58E0, 0x58E0, 0x6920, 0x7140,
    0x7940, 0xB2C2, 0xDC87, 0xDC88, 0xE4C9, 0xE4CA, 0xCBE7, 0xAA61,
    0xC2E2, 0xE446, 0xF4E8, 0xED4D, 0xC63A, 0xC63A, 0xC63A, 0xC63A,
    0xC63A, 0xC65A, 0xC63A, 0xC63A, 0xC63A, 0xC63A, 0xC63A, 0xC63A,
    0xC63A, 0xC63A, 0xC63A, 0xC63A, 0xC63A, 0xC63A, 0xC63A, 0xC63A,
    0xC63A, 0xC63A, 0xBE3A, 0xBE3A, 0xBE3A, 0xBE3A, 0xBE3A, 0xBE1A,
    0xBE1A, 0xBE1A, 0xBE1A, 0xBE1A, 0xBE19, 0xBE1A, 0xBE1A, 0xBE1A,
    0xBE19, 0xBDF9, 0xB5D9, 0xB5B8, 0xAD97, 0xAD97, 0xA576, 0xA555,
    0x9D35, 0x9D14, 0x9513, 0x9D34, 0x9D35, 0xA535, 0xA535, 0x9D35,
    0x9D14, 0x94F4, 0x94D3, 0x8C92, 0x8450, 0x7C2F, 0x73EE, 0x6BAC,
    0x5B6A, 0x5308, 0x42C5, 0x3A80, 0x3240, 0x3240, 0x3240, 0x3240,
    0x3240, 0x3240, 0x42A4, 0x532A, 0x6BCD, 0x740F, 0x740F, 0x7C2F,
    0x7C2F, 0x742F, 0x742E, 0x6BED, 0x5B8B, 0x4B07, 0x42C2, 0x3AC1,
    0x42C3, 0x4B26, 0x5B89, 0x63AB, 0x6BCC, 0x73EE, 0x7C2F, 0x7C50,
    0x8491, 0x84B2, 0x8471, 0x73EF, 0x63AD, 0x534A, 0x4AE7, 0x3AA4,
    0xC4A7, 0xDCE5, 0xE504, 0xDCC4, 0xD486, 0xC448, 0xB3EA, 0x9BAD,
    0x7370, 0x4334, 0x0B36, 0x0337, 0x0336, 0x1356, 0x4BB5, 0x7C34,
    0x9493, 0xACF2, 0xBD12, 0xC531, 0xCD50, 0xC50F, 0xBCAD, 0xAC2B,
    0x9BC9, 0x8B67, 0x7B25, 0x6AE4, 0x5AC2, 0x5AC2, 0x52C2, 0x52C2,
    0x52C1, 0x4AC0, 0x4AA0, 0x4AC0, 0x4AC0, 0x4AC0, 0x4AC0, 0x4AE0,
    0x52E1, 0x5302, 0x5B03, 0x6323, 0x6323, 0x6324, 0x6324, 0x6B44,
    0x7365, 0x7B66, 0x8387, 0x8BA8, 0x93C9, 0x9BE9, 0xA42A, 0xAC4B,
    0xB46C, 0xBC8C, 0xC4AD, 0xC4CD, 0xC4CD, 0xC4AD, 0xBC8C, 0xBC6C,
    0xBC4B, 0xBC4A, 0xBC2A, 0xBC4A, 0xC46B, 0xC48C, 0xC48C, 0xC48C,
    0xC4AE, 0xC4F1, 0xBD33, 0xBD75, 0xBD97, 0xBDD8, 0xBDF9, 0xBDF9,
    0xBDF9, 0xBDFA, 0xBDFA, 0xBE1A, 0xBE1A, 0xBDFA, 0xBE1A, 0xBE1A,
    0xBE1A, 0xBE1A, 0xBE1A, 0xBE1A, 0xBE1A, 0xBE3B, 0xE591, 0xFD07,
    0xE446, 0xEC67, 0xCB44, 0xC2E3, 0xBA81, 0xBAA1, 0xB2A1, 0x9A20,
    0xCBE6, 0xDCC9, 0xDCE9, 0xD487, 0xD405, 0xAA81, 0x89C0, 0x81A0,
    0x81A0, 0x8180, 0x6920, 0x58E0, 0x58E0, 0x58E0, 0x58C0, 0x58E0,
    0x58C0, 0x60E0, 0x60E0, 0x6900, 0x58E0, 0x6100, 0x7120, 0x7140,
    0x7940, 0xA241, 0xDC46, 0xDCA8, 0xE50A, 0xD4A9, 0xAAE3, 0xBAC2,
    0xCB64, 0xE488, 0xF4E9, 0xED8F, 0xC63A, 0xC63B, 0xC63A, 0xC63A,
    0xC63B, 0xC63A, 0xC63B, 0xC63A, 0xC63A, 0xC63A, 0xC63A, 0xC63A,
    0xC63B, 0xC63B, 0xC63A, 0xC63A, 0xC63A, 0xC63A, 0xC63A, 0xC63A,
    0xC63A, 0xBE3A, 0xBE3A, 0xBE3A, 0xBE3A, 0xBE3A, 0xBE1A, 0xBE1A,
    0xBE1A, 0xBE1A, 0xBE1A, 0xBE1A, 0xBE1A, 0xBE1A, 0xBE1A, 0xBE1A,
    0xBE1A, 0xBDF9, 0xB5D9, 0xB5B8, 0xAD98, 0xAD97, 0xA576, 0xA556,
    0xA535, 0x9D14, 0x9D34, 0xA535, 0xA555, 0xA555, 0x9D55, 0x9D35,
    0x9D35, 0x9D14, 0x94F3, 0x8CB2, 0x8471, 0x7C30, 0x740E, 0x6BCD,
    0x638B, 0x5329, 0x4AE6, 0x4282, 0x3260, 0x3240, 0x3240, 0x3240,
    0x3240, 0x3240, 0x3260, 0x4AC7, 0x5B6B, 0x6BAD, 0x6BCD, 0x6BED,
    0x6BED, 0x6BED, 0x6BED, 0x63CC, 0x5B8A, 0x4B05, 0x42E1, 0x42E1,
    0x42E3, 0x4B26, 0x5B68, 0x5B8A, 0x63AB, 0x6BCC, 0x73ED, 0x742F,
    0x7C2F, 0x7C50, 0x73EE, 0x638C, 0x5329, 0x42C6, 0x3A62, 0x3260,
    0xCCA7, 0xDCE5, 0xE504, 0xDCC5, 0xD486, 0xC428, 0xB3EA, 0x9BAD,
    0x7371, 0x4334, 0x0B36, 0x0337, 0x0336, 0x1356, 0x4BB5, 0x7434,
    0x9493, 0xACD2, 0xBD11, 0xC531, 0xCD30, 0xC50F, 0xB4AD, 0xA42B,
    0x93A8, 0x8347, 0x7325, 0x62E3, 0x5AC2, 0x52A1, 0x4AA0, 0x4AA0,
    0x4280, 0x4280, 0x3A80, 0x3A80, 0x3A80, 0x42A0, 0x42A0, 0x42A0,
    0x4AC0, 0x4AE0, 0x52E1, 0x5302, 0x5B02, 0x5B02, 0x5B03, 0x6323,
    0x6B44, 0x7B66, 0x8387, 0x8BA7, 0x8BA8, 0x93C9, 0xA40A, 0xAC4B,
    0xB46B, 0xB48C, 0xBCAD, 0xC4CD, 0xC4CD, 0xC4AD, 0xBC8C, 0xBC6C,
    0xBC4B, 0xBC2A, 0xBC2A, 0xBC4A, 0xC46B, 0xC48C, 0xC48C, 0xC48C,
    0xC4AE, 0xBCF1, 0xBD33, 0xBD75, 0xBDB7, 0xBDD8, 0xBDF9, 0xBDF9,
    0xBDFA, 0xBE1A, 0xBE1A, 0xBE1A, 0xBE1A, 0xBDFA, 0xBE1A, 0xBE1A,
    0xBE1A, 0xBE1A, 0xBE1A, 0xBE1A, 0xBE1A, 0xBE1B, 0xE5B0, 0xFD69,
    0xEC47, 0xE426, 0xCB23, 0xC303, 0xBA81, 0xB2A1, 0xBAC2, 0x91E0,
    0xB323, 0xE50A, 0xDCE9, 0xD487, 0xD467, 0xB2C1, 0x89C0, 0x89C0,
    0x81A0, 0x8180, 0x6920, 0x58E0, 0x5900, 0x6920, 0x60E0, 0x6100,
    0x6100, 0x6100, 0x6100, 0x58E0, 0x60E0, 0x6100, 0x7960, 0x89C0,
    0x8180, 0x9A20, 0xD426, 0xE509, 0xE52A, 0xDCA9, 0xA282, 0xAA60,
    0xC323, 0xECC9, 0xF529, 0xED6D, 0xCE39, 0xC65B, 0xC63B, 0xC65B,
    0xC63B, 0xC63A, 0xC63B, 0xC63B, 0xC63B, 0xC63A, 0xC63A, 0xC63A,
    0xC63A, 0xC63A, 0xC63A, 0xC63A, 0xC63A, 0xC63A, 0xC63A, 0xC63A,
    0xC63A, 0xBE3A, 0xBE3A, 0xBE3A, 0xBE3A, 0xBE1A, 0xBE1A, 0xBE1A,
    0xBE1A, 0xBE1A, 0xBE1A, 0xBE1A, 0xBE1A, 0xBE1A, 0xBE1A, 0xBE1A,
    0xBE1A, 0xBDF9, 0xB5D9, 0xB5D8, 0xADB8, 0xAD97, 0xA576, 0xA556,
    0xA555, 0x9D35, 0xA555, 0xA556, 0xA576, 0xA556, 0xA556, 0xA555,
    0xA535, 0x9D35, 0x94F4, 0x8CB3, 0x8491, 0x7C50, 0x740F, 0x6BEE,
    0x63AC, 0x5B6A, 0x5308, 0x42C5, 0x3A61, 0x3240, 0x3240, 0x3240,
    0x3240, 0x3240, 0x3240, 0x3A83, 0x5329, 0x5B6A, 0x638B, 0x63AB,
    0x63AB, 0x63AB, 0x63AB, 0x63AA, 0x5B68, 0x4B24, 0x4300, 0x4300,
    0x4B22, 0x5345, 0x5B67, 0x5B88, 0x638A, 0x63AB, 0x6BCC, 0x6BCD,
    0x6BED, 0x6BCD, 0x5B6B, 0x4B09, 0x42A5, 0x3281, 0x3260, 0x3260,
    0xCCC7, 0xDCE5, 0xE504, 0xDCC5, 0xD467, 0xC429, 0xABEB, 0x93AD,
    0x7371, 0x3B34, 0x0316, 0x0337, 0x0336, 0x1356, 0x4BB5, 0x7C34,
    0x9C93, 0xACD2, 0xBD11, 0xC531, 0xC510, 0xC4EE, 0xB48D, 0xA40A,
    0x8B88, 0x7B46, 0x6B04, 0x62C3, 0x52A2, 0x4A80, 0x4280, 0x3A80,
    0x3A80, 0x3A60, 0x3A60, 0x3A60, 0x3A60, 0x3A80, 0x3A80, 0x3A80,
    0x42A0, 0x42A0, 0x4AC0, 0x4AC0, 0x4AC0, 0x4AC1, 0x52E1, 0x5B03,
    0x6B24, 0x7345, 0x7B66, 0x8387, 0x8387, 0x93C8, 0x9C09, 0xA42A,
    0xAC4B, 0xB46C, 0xBCAD, 0xC4AD, 0xC4AD, 0xC4AD, 0xBC8C, 0xBC6C,
    0xBC4B, 0xBC2A, 0xBC2A, 0xBC4A, 0xC46B, 0xC48B, 0xC48C, 0xC48C,
    0xC4AE, 0xC4F1, 0xC533, 0xC575, 0xC597, 0xBDD8, 0xBDF9, 0xBDF9,
    0xBDF9, 0xBE1A, 0xBE1A, 0xBE1A, 0xBE1A, 0xBE1A, 0xBE1A, 0xBE1A,
    0xBE1A, 0xBE1A, 0xBE1A, 0xBE1A, 0xBE1A, 0xBE1A, 0xEEB8, 0xFDEE,
    0xEC46, 0xE3E5, 0xD344, 0xBAA1, 0xB281, 0xAA81, 0xA240, 0x8980,
    0xB2E2, 0xED4A, 0xE4E9, 0xDCA8, 0xD467, 0xB2E2, 0x89C0, 0x89A0,
    0x91C0, 0x8180, 0x6920, 0x6100, 0x6100, 0x6920, 0x6920, 0x7140,
    0x8180, 0x6900, 0x60E0, 0x58C0, 0x6100, 0x7120, 0x7960, 0x89A0,
    0x91C0, 0x91E0, 0xCBC5, 0xE4E9, 0xE4E9, 0xE50A, 0xC3A5, 0xB2C2,
    0xC364, 0xE467, 0xF50A, 0xF50A, 0xD5B5, 0xC65C, 0xC63B, 0xC63B,
    0xC63B, 0xC63B, 0xC63B, 0xC63B, 0xC63B, 0xC63B, 0xC63B, 0xC63B,
    0xC63A, 0xC63A, 0xBE3B, 0xC63B, 0xBE3B, 0xBE3B, 0xBE3B, 0xBE3B,
    0xBE3A, 0xBE3A, 0xBE3A, 0xBE1A, 0xBE1A, 0xBE1A, 0xBE1A, 0xBE1A,
    0xBE1A, 0xBE1A, 0xBE1A, 0xBE1A, 0xBDFA, 0xBDFA, 0xBDFA, 0xBDFA,
    0xBE1A, 0xBDFA, 0xB5F9, 0xB5D9, 0xADB8, 0xAD97, 0xA576, 0xA556,
    0xA555, 0xA555, 0xA576, 0xA576, 0xA576, 0xA576, 0xA556, 0x9D56,
    0x9D35, 0x9D35, 0x9514, 0x94D4, 0x8CB2, 0x8471, 0x7C51, 0x742F,
    0x73EE, 0x638C, 0x5B4A, 0x4B08, 0x42A4, 0x3240, 0x3240, 0x3240,
    0x3240, 0x3240, 0x3240, 0x3260, 0x4AC6, 0x5328, 0x5B49, 0x5B89,
    0x5B89, 0x5B88, 0x5BA8, 0x5B87, 0x5365, 0x5342, 0x4B20, 0x4B20,
    0x4B22, 0x5344, 0x5B66, 0x5B87, 0x5B88, 0x5B89, 0x638A, 0x638A,
    0x638A, 0x5B4A, 0x4AE7, 0x3AA3, 0x3281, 0x3261, 0x3261, 0x3281,
    0xCCC7, 0xDD06, 0xE505, 0xDCC5, 0xD467, 0xC429, 0xABCB, 0x938E,
    0x7371, 0x3B34, 0x0316, 0x0337, 0x0337, 0x1356, 0x4BD5, 0x7C34,
    0x9CB3, 0xB4F2, 0xBD11, 0xC510, 0xC510, 0xBCCE, 0xAC6C, 0x9BEA,
    0x8367, 0x7305, 0x62C4, 0x52A2, 0x4A81, 0x4280, 0x3A60, 0x3A40,
    0x3260, 0x3260, 0x3260, 0x3260, 0x3260, 0x3A60, 0x3A60, 0x3A60,
    0x3A80, 0x3A80, 0x3A80, 0x42A0, 0x42A0, 0x42A0, 0x4AC0, 0x52E2,
    0x6303, 0x6B24, 0x7345, 0x7B66, 0x8367, 0x8BA8, 0x93E9, 0xA40A,
    0xAC4B, 0xB46C, 0xBCAC, 0xC4AD, 0xC4AD, 0xC4AD, 0xBC8C, 0xBC6C,
    0xBC4B, 0xBC2A, 0xBC2A, 0xBC4A, 0xC46B, 0xC48B, 0xC48C, 0xC48C,
    0xC4AE, 0xC4F1, 0xC533, 0xC575, 0xBD97, 0xBDB8, 0xBDD9, 0xBDF9,
    0xBDFA, 0xBDFA, 0xC61A, 0xC61A, 0xBE1A, 0xBE1A, 0xBE1A, 0xBE1A,
    0xBE1A, 0xBE1A, 0xBE1A, 0xBE1A, 0xBE1A, 0xBE1A, 0xE6B8, 0xFE4F,
    0xE3E4, 0xD384, 0xCB23, 0xC2C2, 0xBAC2, 0xB261, 0x91A0, 0x91C0,
    0xD426, 0xE52A, 0xE509, 0xE4E9, 0xD446, 0xAAA1, 0x89C0, 0x8180,
    0x8180, 0x8180, 0x6920, 0x6920, 0x7140, 0x7140, 0x7140, 0x6900,
    0x7940, 0x60E0, 0x58E0, 0x60E0, 0x7120, 0x7120, 0x8180, 0x81A0,
    0x89C0, 0x91C0, 0xC343, 0xDCC8, 0xDCA8, 0xE509, 0xD448, 0xB2C2,
    0xD384, 0xDC06, 0xF4C8, 0xF4E9, 0xCDF7, 0xC65C, 0xC63B, 0xC63B,
    0xC63B, 0xC63B, 0xC63B, 0xC63B, 0xC63B, 0xC63B, 0xC63B, 0xC63B,
    0xC63B, 0xC63B, 0xBE3B, 0xBE3B, 0xBE3B, 0xBE3B, 0xBE3B, 0xBE3B,
    0xBE3A, 0xBE3A, 0xBE1A, 0xBE1A, 0xBE1A, 0xBE1A, 0xBE1A, 0xBE1A,
    0xBE1A, 0xBE1A, 0xBDFA, 0xBDFA, 0xBDFA, 0xBDFA, 0xBDFA, 0xBDFA,
    0xBDFA, 0xBE1A, 0xB5F9, 0xB5D9, 0xAD97, 0xA577, 0xA556, 0xA555,
    0xA555, 0xA555, 0xA556, 0xA556, 0xA576, 0xA556, 0x9D56, 0x9D35,
    0x9D35, 0x9D15, 0x9515, 0x94F4, 0x94D4, 0x8CB3, 0x8CB2, 0x8472,
    0x7C30, 0x6BEE, 0x638C, 0x534A, 0x42C7, 0x3A62, 0x3240, 0x3240,
    0x3240, 0x3240, 0x3240, 0x3240, 0x3A82, 0x4AE6, 0x5326, 0x5B66,
    0x5B86, 0x5B86, 0x5B86, 0x5B85, 0x5364, 0x5340, 0x4B20, 0x4B20,
    0x5341, 0x5363, 0x5B85, 0x5B86, 0x5B86, 0x5B87, 0x5B67, 0x5B47,
    0x5327, 0x4AE5, 0x3A82, 0x3280, 0x3281, 0x3281, 0x3281, 0x3AA3,
    0xD4E8, 0xDD06, 0xE505, 0xDCC6, 0xD487, 0xC429, 0xABCB, 0x938E,
    0x7351, 0x3B35, 0x0336, 0x0337, 0x0337, 0x1356, 0x53D5, 0x7C54,
    0x9CB4, 0xB4F2, 0xBD12, 0xC510, 0xC50F, 0xBCCE, 0xAC6C, 0x93C9,
    0x7B47, 0x6AE4, 0x5AA3, 0x4A81, 0x4260, 0x3A60, 0x3240, 0x3220,
    0x3240, 0x3240, 0x3240, 0x3240, 0x3260, 0x3260, 0x3260, 0x3260,
    0x3260, 0x3260, 0x3280, 0x3A80, 0x3A80, 0x3A80, 0x42A0, 0x4AC1,
    0x5AE2, 0x6304, 0x6B45, 0x7345, 0x7B66, 0x8387, 0x93E8, 0xA40A,
    0xAC4B, 0xB46B, 0xBC8C, 0xC4AD, 0xC4AD, 0xC4AD, 0xBC8C, 0xBC6C,
    0xBC4B, 0xBC2A, 0xBC2A, 0xBC4A, 0xC46B, 0xC46B, 0xC46B, 0xC46C,
    0xC4AD, 0xC4F0, 0xC533, 0xC575, 0xC597, 0xBDB8, 0xBDD9, 0xBDF9,
    0xBDF9, 0xBDFA, 0xC61A, 0xC61A, 0xBE1A, 0xBE1A, 0xC61A, 0xBE1A,
    0xBE1A, 0xBE1A, 0xBE1A, 0xBE1A, 0xBE1A, 0xBE1A, 0xEEB8, 0xFEB1,
    0xEC66, 0xCB43, 0xCB02, 0xD364, 0xBAC2, 0xAA40, 0x99A0, 0xB2E2,
    0xED2A, 0xE52A, 0xE52A, 0xE509, 0xDC87, 0xA261, 0x89A0, 0x7980,
    0x7960, 0x7140, 0x6920, 0x7140, 0x7960, 0x7960, 0x7140, 0x7120,
    0x7120, 0x6900, 0x6100, 0x6920, 0x7940, 0x7960, 0x7960, 0x81A0,
    0x8180, 0x8980, 0xA220, 0xD467, 0xDCE9, 0xE50A, 0xE50A, 0xBB44,
    0xD343, 0xDC06, 0xEC87, 0xF509, 0xD5F6, 0xC67C, 0xC65B, 0xC63B,
    0xC63B, 0xC63B, 0xC63B, 0xC63B, 0xC63B, 0xC63B, 0xC63B, 0xC63B,
    0xBE3B, 0xBE3B, 0xBE3B, 0xBE3B, 0xBE3A, 0xBE3A, 0xBE3B, 0xBE3A,
    0xBE1A, 0xBE1A, 0xBE3A, 0xBE3A, 0xBE1A, 0xBE1A, 0xBE1A, 0xBE1A,
    0xBE1A, 0xBE1A, 0xBE1A, 0xB5FA, 0xB5FA, 0xB5FA, 0xBDFA, 0xBDFA,
    0xBDFA, 0xB5F9, 0xB5D9, 0xADB8, 0xA577, 0xA556, 0xA535, 0x9D35,
    0x9D35, 0x9D35, 0x9D35, 0xA556, 0xA556, 0x9D56, 0x9D35, 0x9D35,
    0x9D15, 0x9515, 0x9515, 0x9515, 0x9515, 0x9515, 0x94F4, 0x8CB3,
    0x8492, 0x7C30, 0x6BCE, 0x5B6C, 0x5309, 0x42A5, 0x3240, 0x2A20,
    0x2A40, 0x2A20, 0x2A40, 0x2A40, 0x3240, 0x42A3, 0x4B04, 0x5344,
    0x5B64, 0x5B84, 0x5B84, 0x5B84, 0x5362, 0x5340, 0x5340, 0x5340,
    0x5340, 0x5362, 0x5B63, 0x5B84, 0x5B85, 0x5B65, 0x5345, 0x5325,
    0x4AE3, 0x3A81, 0x3260, 0x3260, 0x3280, 0x3281, 0x3A82, 0x42C3,
    0xD4E8, 0xDD07, 0xE526, 0xDCE6, 0xD487, 0xBC29, 0xABCB, 0x8B6E,
    0x6B51, 0x3335, 0x0337, 0x0357, 0x0337, 0x1B56, 0x53D5, 0x7C54,
    0x9CB4, 0xB4F2, 0xBD11, 0xC510, 0xC50F, 0xBCCE, 0xA44B, 0x8BA9,
    0x7326, 0x62C4, 0x5261, 0x4240, 0x3A40, 0x3A40, 0x3220, 0x3220,
    0x3220, 0x3240, 0x3240, 0x3240, 0x3240, 0x3260, 0x3260, 0x3260,
    0x3260, 0x3260, 0x3260, 0x3260, 0x3260, 0x3A60, 0x4280, 0x4AA0,
    0x52E2, 0x5B03, 0x6B24, 0x6B45, 0x7B46, 0x8387, 0x93C8, 0x9C0A,
    0xAC2B, 0xB46B, 0xBC8C, 0xC4AD, 0xC4AD, 0xC4AD, 0xBC8C, 0xBC6C,
    0xBC4B, 0xBC2A, 0xBC2A, 0xBC4A, 0xC46B, 0xC46B, 0xC46B, 0xC46B,
    0xC48D, 0xC4D0, 0xC513, 0xBD55, 0xC597, 0xBDB8, 0xBDD9, 0xBDF9,
    0xBDF9, 0xBDF9, 0xC5FA, 0xC5FA, 0xC61A, 0xBE1A, 0xBE1A, 0xBE1A,
    0xBE1A, 0xBE1A, 0xBE1A, 0xBE1A, 0xBE1A, 0xC63A, 0xF6D7, 0xFE91,
    0xFD8A, 0xDBC3, 0xDB84, 0xCB23, 0xBAC1, 0xB280, 0xBB23, 0xE4C8,
    0xED6C, 0xED6B, 0xE52A, 0xE50A, 0xDCA8, 0xB2C1, 0x91C0, 0x8180,
    0x7140, 0x6920, 0x7980, 0x8160, 0x7960, 0x7140, 0x6920, 0x6900,
    0x7100, 0x8160, 0x7140, 0x7960, 0x7960, 0x8160, 0x89A0, 0x8180,
    0x91C0, 0x91C0, 0x9A00, 0xCC05, 0xE4C9, 0xE52B, 0xE54B, 0xDC89,
    0xDBC5, 0xDBE5, 0xE446, 0xFDAD, 0xDDD3, 0xC65C, 0xC65B, 0xC63B,
    0xC63B, 0xC63B, 0xC63B, 0xC63B, 0xBE3B, 0xBE3B, 0xBE3B, 0xBE3B,
    0xBE3B, 0xBE3A, 0xBE3B, 0xBE1B, 0xBE1B, 0xBE3B, 0xBE3B, 0xBE3B,
    0xBE1B, 0xBE1A, 0xBE1A, 0xBE1A, 0xBE1B, 0xBE1A, 0xBE1A, 0xB61A,
    0xB61A, 0xB61A, 0xB61A, 0xB5FA, 0xB5FA, 0xB5FA, 0xB5FA, 0xB5F9,
    0xB5D9, 0xB5D8, 0xADB8, 0xA577, 0xA556, 0x9D35, 0x9D14, 0x9514,
    0x9514, 0x9514, 0x9D14, 0x9D35, 0x9D35, 0x9D35, 0x9D35, 0x9515,
    0x9515, 0x9515, 0x9515, 0x9D36, 0x9D36, 0x9D56, 0x9D36, 0x94F5,
    0x8CD4, 0x8472, 0x7410, 0x63AD, 0x534B, 0x42C7, 0x3A62, 0x2A20,
    0x2A20, 0x2A20, 0x2A20, 0x2A20, 0x3240, 0x3A80, 0x4AE1, 0x4B22,
    0x5342, 0x5B62, 0x5B82, 0x5B81, 0x5360, 0x5360, 0x5340, 0x5340,
    0x5360, 0x5360, 0x5B82, 0x5B82, 0x5B63, 0x5363, 0x5322, 0x4AE1,
    0x42C0, 0x3A80, 0x3260, 0x3260, 0x3A60, 0x3A80, 0x3AA2, 0x42C3,
    0xD508, 0xE527, 0xE526, 0xDCE6, 0xD488, 0xBC29, 0xABCC, 0x8B8E,
    0x6B52, 0x2B35, 0x0337, 0x0337, 0x0337, 0x1B56, 0x53D5, 0x7C54,
    0x9CB3, 0xB4F2, 0xBD11, 0xC510, 0xC50F, 0xBCAE, 0xA42B, 0x8BA9,
    0x7306, 0x62A3, 0x4A40, 0x3A20, 0x3A20, 0x3200, 0x3200, 0x2A00,
    0x2A20, 0x2A20, 0x2A20, 0x3240, 0x3240, 0x3240, 0x3240, 0x3260,
    0x3260, 0x3240, 0x2A40, 0x2A40, 0x3240, 0x3240, 0x3A60, 0x4280,
    0x4AC1, 0x5AE2, 0x6324, 0x6B45, 0x7B45, 0x8387, 0x93C8, 0x9C09,
    0xAC2B, 0xB46B, 0xBC8C, 0xC4AD, 0xC4CD, 0xC4AD, 0xC48C, 0xBC6C,
    0xBC4B, 0xBC2A, 0xBC2A, 0xBC4A, 0xC46A, 0xC46B, 0xC46B, 0xC46B,
    0xC48D, 0xC4D0, 0xBD13, 0xBD55, 0xBD96, 0xC5B8, 0xBDD9, 0xBDF9,
    0xBDF9, 0xBDF9, 0xBDF9, 0xC61A, 0xC61A, 0xC61A, 0xBE1A, 0xBE1A,
    0xBE1A, 0xBE1A, 0xBE1A, 0xBE1A, 0xBE1A, 0xC61A, 0xF6B5, 0xFE91,
    0xFE4E, 0xF529, 0xE425, 0xDBE4, 0xDC47, 0xE4A8, 0xED8C, 0xED6B,
    0xED8C, 0xED4A, 0xE52A, 0xE52A, 0xE4E8, 0xD3E5, 0xAA40, 0x89A0,
    0x7140, 0x7960, 0x7960, 0x7140, 0x7960, 0x6920, 0x7120, 0x6920,
    0x60C0, 0x7940, 0x89A0, 0x89A0, 0x89C0, 0x8180, 0x7940, 0x7140,
    0x8180, 0x91C0, 0xAAC1, 0xDC67, 0xDCC9, 0xED6C, 0xE52A, 0xED4B,
    0xE487, 0xE466, 0xEC86, 0xFE2F, 0xE636, 0xBE5C, 0xC65B, 0xC63B,
    0xC63B, 0xC63B, 0xC63B, 0xBE3B, 0xBE3B, 0xBE3B, 0xBE3B, 0xBE3B,
    0xBE1B, 0xBE1B, 0xBE1B, 0xBE1A, 0xBE3A, 0xBE1A, 0xBE1B, 0xBE1B,
    0xBE1B, 0xB61A, 0xBE1A, 0xBE1B, 0xBE1B, 0xBE1A, 0xB61A, 0xB61A,
    0xB61A, 0xB61A, 0xB5FA, 0xB5FA, 0xB5FA, 0xB5FA, 0xB5D9, 0xB5D9,
    0xADB8, 0xAD97, 0xA577, 0x9D36, 0x9D15, 0x94F4, 0x94F3, 0x94D3,
    0x8CD3, 0x94F3, 0x94F4, 0x9514, 0x9514, 0x9515, 0x9515, 0x9515,
    0x9515, 0x9515, 0x9D36, 0x9D56, 0xA557, 0xA577, 0xA577, 0x9D36,
    0x94F5, 0x8CB3, 0x7431, 0x63CE, 0x5B4C, 0x4AE9, 0x3A84, 0x3240,
    0x2A20, 0x2A20, 0x2A20, 0x2A20, 0x3240, 0x3A80, 0x42C0, 0x4B00,
    0x5340, 0x5360, 0x5B80, 0x5B80, 0x5380, 0x5380, 0x5360, 0x5360,
    0x5360, 0x5360, 0x5360, 0x5360, 0x5340, 0x5340, 0x4B00, 0x42C0,
    0x42A0, 0x3A80, 0x3A80, 0x3260, 0x3260, 0x3A80, 0x3AA1, 0x42C3,
    0xD508, 0xE527, 0xE526, 0xDCE7, 0xD488, 0xC42A, 0xABCC, 0x8B8F,
    0x6352, 0x2B15, 0x0317, 0x0337, 0x0337, 0x1B56, 0x53D5, 0x7C34,
    0x9CB3, 0xACF2, 0xBD11, 0xC510, 0xC50F, 0xBCAD, 0xA42B, 0x9388,
    0x7B06, 0x6283, 0x4A20, 0x3A00, 0x3200, 0x3200, 0x29E0, 0x2A00,
    0x2A00, 0x2A00, 0x2A20, 0x2A20, 0x2A40, 0x3240, 0x3240, 0x3240,
    0x3240, 0x2A40, 0x2A20, 0x2A20, 0x2A20, 0x3240, 0x3A60, 0x4280,
    0x4AC1, 0x5AE2, 0x6304, 0x7325, 0x7B46, 0x8387, 0x93C8, 0x9BE9,
    0xAC2A, 0xB46B, 0xBC8C, 0xC4AD, 0xC4CD, 0xC4AD, 0xC48C, 0xBC6C,
    0xBC4B, 0xBC2A, 0xBC2A, 0xBC2A, 0xC44A, 0xC46B, 0xC46A, 0xC46B,
    0xC48D, 0xC4D0, 0xBD13, 0xBD55, 0xBD96, 0xBDB8, 0xBDD8, 0xBDF9,
    0xC5F9, 0xBDF9, 0xBDF9, 0xC5FA, 0xC61A, 0xC61A, 0xC61A, 0xC5FA,
    0xBE1A, 0xBE1A, 0xBE1A, 0xBE1A, 0xBE1A, 0xCE3A, 0xFE92, 0xFE90,
    0xFE4F, 0xFDED, 0xF54A, 0xF5CD, 0xF5ED, 0xF5EE, 0xF5CD, 0xEDAC,
    0xEDAC, 0xED4A, 0xE509, 0xED4A, 0xE509, 0xE4C9, 0xCB63, 0x99C0,
    0x8160, 0x7940, 0x7140, 0x8160, 0x8180, 0x7960, 0x7960, 0x8180,
    0x7120, 0x7140, 0x91C0, 0x91E0, 0x91E0, 0x89A0, 0x8160, 0x8180,
    0x8180, 0x99E0, 0xB2E2, 0xDCA8, 0xE4C9, 0xED6C, 0xE52B, 0xED2B,
    0xE4C8, 0xECC8, 0xF54A, 0xFE2F, 0xE677, 0xBE3C, 0xBE3B, 0xC63B,
    0xBE3B, 0xBE3B, 0xBE3B, 0xBE3B, 0xBE3B, 0xBE3B, 0xBE3B, 0xBE1B,
    0xBE1B, 0xBE1B, 0xBE1B, 0xBE1B, 0xBE1B, 0xBE1B, 0xBE1B, 0xBE1B,
    0xB61B, 0xB61A, 0xB61A, 0xBE1B, 0xB61A, 0xB61B, 0xB61A, 0xB61A,
    0xB61A, 0xB61A, 0xB5FA, 0xB5FA, 0xB5FA, 0xB5FA, 0xADD9, 0xAD98,
    0xA597, 0x9D56, 0x9D36, 0x9515, 0x94D3, 0x8CD3, 0x8CB2, 0x8CB2,
    0x8CB2, 0x8CD3, 0x8CD3, 0x8CF4, 0x94F4, 0x9515, 0x9515, 0x9515,
    0x9D36, 0x9D36, 0x9D57, 0x9D77, 0xA578, 0xA598, 0xAD98, 0xA577,
    0x9516, 0x8CB4, 0x7C51, 0x6BCF, 0x5B6C, 0x4AE9, 0x42A6, 0x3261,
    0x2A20, 0x2A20, 0x2A20, 0x2A40, 0x3260, 0x3AA0, 0x42C0, 0x4B00,
    0x4B40, 0x5360, 0x5380, 0x5BA0, 0x5BA0, 0x5B80, 0x5380, 0x5380,
    0x5360, 0x5360, 0x5360, 0x5360, 0x4B40, 0x4B20, 0x4B00, 0x42C0,
    0x3AA0, 0x3A80, 0x3A80, 0x3A80, 0x3A80, 0x3A81, 0x42A2, 0x42E4,
    0xD508, 0xE527, 0xE526, 0xDCE7, 0xD488, 0xC42A, 0xABCC, 0x8B6F,
    0x6332, 0x2315, 0x0317, 0x0337, 0x0337, 0x1B56, 0x53D5, 0x7C34,
    0x9493, 0xACD2, 0xBCF1, 0xC510, 0xC50F, 0xBCAD, 0xAC2B, 0x9388,
    0x7B06, 0x6283, 0x4A21, 0x4200, 0x31E0, 0x29E0, 0x29C0, 0x29E0,
    0x2A00, 0x2A00, 0x2A00, 0x2A20, 0x2A20, 0x2A40, 0x2A40, 0x2A40,
    0x2A40, 0x2A20, 0x2A00, 0x2A00, 0x2A00, 0x3220, 0x3A60, 0x42A0,
    0x52C1, 0x5AE3, 0x6B04, 0x7325, 0x7B46, 0x8B87, 0x93C8, 0xA3EA,
    0xAC2B, 0xB46B, 0xBC8C, 0xC4AD, 0xC4AD, 0xC4AD, 0xC48C, 0xBC6B,
    0xBC4B, 0xBC2A, 0xBC2A, 0xC42A, 0xC44A, 0xC46B, 0xC46B, 0xC46B,
    0xC48D, 0xC4D0, 0xC513, 0xBD54, 0xBD96, 0xBDB7, 0xBDD8, 0xBDF9,
    0xC5F9, 0xBDF9, 0xC5F9, 0xC5FA, 0xC619, 0xC61A, 0xC61A, 0xC61A,
    0xC61A, 0xBE1A, 0xBE1A, 0xBE1A, 0xBE1A, 0xD638, 0xFD4A, 0xFDEE,
    0xFE2F, 0xFDED, 0xFE0E, 0xF60E, 0xF5EE, 0xF60E, 0xF5EE, 0xF5CD,
    0xF5CD, 0xED2A, 0xE509, 0xED4B, 0xE52A, 0xE4E9, 0xD426, 0xBB22,
    0xAAC2, 0x91E0, 0x91C0, 0x91C0, 0x89C0, 0x8180, 0x89C0, 0x81A0,
    0x89A0, 0x89C0, 0x89A0, 0x7960, 0x7140, 0x89A0, 0x91E0, 0x91C0,
    0x91C0, 0xAA80, 0xCBA4, 0xDCA8, 0xE4E9, 0xE52B, 0xE50B, 0xD427,
    0xDC67, 0xE446, 0xF58C, 0xFE4F, 0xEE54, 0xBE3B, 0xBE3B, 0xBE3B,
    0xBE3B, 0xBE3B, 0xBE3B, 0xBE3B, 0xBE1B, 0xBE1B, 0xBE1B, 0xBE1B,
    0xBE1B, 0xBE1B, 0xBE1B, 0xBE1B, 0xBE1B, 0xBE1B, 0xBE1B, 0xBE1B,
    0xBE1B, 0xB61B, 0xB61B, 0xB61B, 0xB61B, 0xB61B, 0xB61B, 0xB5FA,
    0xB5FA, 0xB61A, 0xB61A, 0xB5FA, 0xB5DA, 0xADD9, 0xA598, 0xA577,
    0x9D57, 0x9D36, 0x9515, 0x8CD4, 0x84B2, 0x84B2, 0x8491, 0x8491,
    0x8492, 0x84B2, 0x8CD3, 0x8CF4, 0x9515, 0x9515, 0x9515, 0x9536,
    0x9D56, 0xA557, 0xA578, 0xA578, 0xA598, 0xAD98, 0xAD98, 0xA577,
    0x9516, 0x8CD4, 0x7C72, 0x6BEF, 0x5B6D, 0x4B0A, 0x42A7, 0x3A63,
    0x3240, 0x2A20, 0x2A20, 0x2A40, 0x3280, 0x3AA0, 0x42E0, 0x4B20,
    0x5360, 0x5380, 0x5BA0, 0x5BC0, 0x5BA0, 0x5BA0, 0x5380, 0x5B80,
    0x5B80, 0x5360, 0x5360, 0x5340, 0x4B40, 0x4B00, 0x4AE0, 0x42C0,
    0x3AA0, 0x3AA0, 0x3A80, 0x3A80, 0x3AA1, 0x42A2, 0x42C3, 0x4B05,
    0xDD08, 0xE527, 0xE506, 0xDCC7, 0xD488, 0xC42A, 0xABCC, 0x8B6F,
    0x6332, 0x2315, 0x0317, 0x0337, 0x0337, 0x1B76, 0x53D5, 0x7C34,
    0x9C93, 0xACD2, 0xBCF1, 0xC510, 0xC50F, 0xBCAD, 0xAC2B, 0x9BA9,
    0x8306, 0x6A84, 0x5241, 0x4A20, 0x39E0, 0x29C0, 0x29A0, 0x29C0,
    0x29C0, 0x29E0, 0x29E0, 0x2A00, 0x2A20, 0x2A20, 0x2A20, 0x2A20,
    0x2A20, 0x2A00, 0x29E0, 0x2A00, 0x2A00, 0x3220, 0x3A80, 0x4AA1,
    0x52C2, 0x62E4, 0x6B25, 0x7B46, 0x8346, 0x8B87, 0x93C9, 0xA3EA,
    0xAC2B, 0xB46C, 0xBCAC, 0xC4AD, 0xC4AD, 0xC4AC, 0xC48C, 0xBC6B,
    0xBC4A, 0xBC2A, 0xBC2A, 0xC42A, 0xC44A, 0xC46A, 0xC46A, 0xC46B,
    0xC48D, 0xC4D0, 0xC513, 0xBD55, 0xBD96, 0xBDB7, 0xBDD8, 0xBDF9,
    0xC5F9, 0xBDF9, 0xC5F9, 0xC5F9, 0xBDF9, 0xC5F9, 0xC61A, 0xC5FA,
    0xBDFA, 0xBE1A, 0xBE1A, 0xBE1A, 0xBE1B, 0xCDD6, 0xEC26, 0xF54B,
    0xFDEE, 0xFDED, 0xFE2F, 0xF60E, 0xFE2F, 0xF5EE, 0xF5CD, 0xF5AD,
    0xF5AD, 0xED29, 0xED2A, 0xED4B, 0xED6B, 0xE4E9, 0xDC87, 0xD446,
    0xCC06, 0xCBE5, 0xC383, 0xB2A1, 0x9A20, 0x91C0, 0x99E0, 0x89A0,
    0x91C0, 0x91C0, 0x91E0, 0x91C0, 0x7960, 0x81A0, 0x91E0, 0x91E0,
    0xA220, 0xC363, 0xDCA8, 0xE4E9, 0xED4A, 0xDCA9, 0xD448, 0xAAA3,
    0xBB03, 0xD364, 0xEC87, 0xFE2E, 0xF5F0, 0xBDFA, 0xBE3C, 0xBE3B,
    0xBE3B, 0xBE3B, 0xBE3B, 0xBE3B, 0xBE1B, 0xBE3B, 0xBE1B, 0xBE1B,
    0xBE1B, 0xBE1B, 0xBE1B, 0xBE1B, 0xBE1B, 0xBE1B, 0xB61B, 0xB61B,
    0xB61B, 0xB61B, 0xB61B, 0xB61B, 0xB61A, 0xB61A, 0xB61B, 0xB61B,
    0xB5FA, 0xB5FA, 0xB5FA, 0xB5DA, 0xADD9, 0xADB8, 0xA577, 0x9D57,
    0x9536, 0x9515, 0x8CD4, 0x84B3, 0x8492, 0x8491, 0x8491, 0x8491,
    0x8491, 0x84B3, 0x8CD4, 0x8CF5, 0x9515, 0x9515, 0x9515, 0x9536,
    0x9D57, 0x9D77, 0xA578, 0xA578, 0xA598, 0xA598, 0xA598, 0xA577,
    0x9536, 0x8CD5, 0x7C93, 0x7410, 0x63AE, 0x534B, 0x42C8, 0x3A64,
    0x3240, 0x2A20, 0x2A20, 0x3240, 0x3A80, 0x42C0, 0x4B00, 0x4B40,
    0x5360, 0x53A0, 0x5BC0, 0x5BC0, 0x5BA0, 0x5BA0, 0x5B80, 0x5B80,
    0x5B80, 0x5360, 0x5360, 0x5340, 0x4B20, 0x4B00, 0x42E0, 0x42C0,
    0x42C0, 0x3AA0, 0x3AA0, 0x42A1, 0x42C3, 0x42C3, 0x4AE5, 0x4B06,
    0xDD09, 0xE527, 0xE507, 0xDCC7, 0xCC68, 0xBC0A, 0xA3CC, 0x836F,
    0x5B32, 0x1B15, 0x0317, 0x0357, 0x0337, 0x1B76, 0x53D5, 0x7C34,
    0x9C73, 0xACB2, 0xBCF1, 0xC510, 0xCD0F, 0xBCAD, 0xB44B, 0xA3C9,
    0x8B27, 0x72A4, 0x6262, 0x5241, 0x4200, 0x31C0, 0x29A0, 0x21A0,
    0x21A0, 0x21C0, 0x21C0, 0x21E0, 0x2A00, 0x2A00, 0x2A20, 0x2A00,
    0x2A00, 0x21E0, 0x21E0, 0x21E0, 0x2A00, 0x3240, 0x4280, 0x52C2,
    0x5AE3, 0x6B04, 0x7325, 0x7B46, 0x8347, 0x8B88, 0x9BC9, 0xA40A,
    0xAC2B, 0xB46C, 0xBCAC, 0xC4AD, 0xC4AD, 0xC4AD, 0xC48C, 0xBC6B,
    0xBC4A, 0xBC2A, 0xBC2A, 0xC42A, 0xC44A, 0xCC6A, 0xCC6A, 0xC46B,
    0xC48D, 0xC4D0, 0xBD13, 0xBD54, 0xBD96, 0xBDB7, 0xBDD8, 0xBDF9,
    0xC5F9, 0xC5F9, 0xC5F9, 0xC5F9, 0xBDF9, 0xBDF9, 0xBDF9, 0xC5FA,
    0xC5FA, 0xBDFA, 0xBE1A, 0xBDFA, 0xBE3B, 0xD573, 0xF466, 0xF4E9,
    0xF54A, 0xF5EE, 0xFE30, 0xFE2F, 0xFE4F, 0xF5ED, 0xF5CD, 0xF5AC,
    0xF5AC, 0xED2A, 0xED4B, 0xED4B, 0xED4A, 0xE4C8, 0xDCA8, 0xDC87,
    0xDC87, 0xDCA8, 0xDC87, 0xD425, 0xCBC4, 0xBB02, 0xAA80, 0x99E0,
    0x91C0, 0x91C0, 0x89A0, 0x99E0, 0x8180, 0x8180, 0x8180, 0x91C0,
    0xA220, 0xD405, 0xE4C9, 0xED2A, 0xED8C, 0xD448, 0xAAA3, 0xB2C3,
    0xB261, 0xD364, 0xE405, 0xF58B, 0xF631, 0xC61A, 0xBE3C, 0xBE3C,
    0xBE3C, 0xBE3B, 0xBE3B, 0xBE3B, 0xBE1B, 0xBE1B, 0xBE1B, 0xBE1B,
    0xBE1B, 0xBE1B, 0xB61B, 0xBE1B, 0xB61B, 0xB61B, 0xB61B, 0xB61B,
    0xB61B, 0xB61B, 0xB5FB, 0xB61B, 0xB5FA, 0xB5FA, 0xB5FA, 0xB5FB,
    0xB5FA, 0xB5FA, 0xB5FA, 0xADD9, 0xADB9, 0xA598, 0xA577, 0x9D56,
    0x9515, 0x8CD4, 0x84B2, 0x8492, 0x8491, 0x7C91, 0x7C71, 0x8491,
    0x84B2, 0x84D4, 0x8CF4, 0x8CF5, 0x8CF5, 0x9515, 0x9515, 0x9536,
    0x9D36, 0x9D37, 0x9D57, 0x9D57, 0xA577, 0xA578, 0xA578, 0xA578,
    0x9D37, 0x8CF5, 0x84B4, 0x7C52, 0x6BF0, 0x5B8D, 0x4B2A, 0x3A85,
    0x3241, 0x2A40, 0x2A40, 0x3260, 0x3AA0, 0x42E0, 0x4B20, 0x5360,
    0x5380, 0x5BA0, 0x5BC0, 0x5BC0, 0x5BA0, 0x5BA0, 0x5BA0, 0x5BA0,
    0x5B80, 0x5380, 0x5360, 0x5340, 0x4B20, 0x4B00, 0x42C0, 0x42C0,
    0x42A0, 0x3AA0, 0x42C1, 0x42C3, 0x42C3, 0x4AE4, 0x4B05, 0x4B27,
    0xDD09, 0xDD28, 0xE507, 0xDCC7, 0xCC68, 0xBC0A, 0xA3AC, 0x834F,
    0x5B12, 0x1B16, 0x0317, 0x0357, 0x0337, 0x2377, 0x5BD5, 0x7C34,
    0x9C72, 0xACB1, 0xBCF1, 0xC50F, 0xCD0F, 0xC4AD, 0xB44B, 0xA3C9,
    0x8B47, 0x7AC5, 0x6A83, 0x6262, 0x5221, 0x4201, 0x39E1, 0x31E1,
    0x3A02, 0x3A22, 0x3A42, 0x3A43, 0x3A63, 0x4283, 0x4283, 0x4283,
    0x3A62, 0x3A42, 0x3241, 0x3241, 0x3A61, 0x4282, 0x52A3, 0x5AE4,
    0x62E4, 0x7305, 0x7B26, 0x8347, 0x8B67, 0x9388, 0x9BC9, 0xAC0A,
    0xB44B, 0xBC6C, 0xC4AC, 0xC4CD, 0xC4CD, 0xC4AD, 0xC48C, 0xBC4B,
    0xBC2A, 0xBC2A, 0xBC29, 0xC42A, 0xC44A, 0xCC6A, 0xCC6A, 0xC46B,
    0xC48D, 0xC4D0, 0xBD13, 0xBD54, 0xBD76, 0xBDB7, 0xBDD8, 0xBDF9,
    0xBDF9, 0xBDF9, 0xC5F9, 0xBDF9, 0xBDF9, 0xBDF9, 0xBDF9, 0xC5FA,
    0xBDFA, 0xC61A, 0xBDFA, 0xBDF9, 0xBE1B, 0xDD50, 0xF4C7, 0xE447,
    0xECA8, 0xED4B, 0xFE50, 0xFE2F, 0xFE4F, 0xFE0E, 0xF5AC, 0xED0A,
    0xD406, 0xCB63, 0xD3C5, 0xE4A8, 0xED2A, 0xE509, 0xE4A8, 0xDC87,
    0xDCA7, 0xDCA8, 0xDCA7, 0xDC87, 0xDC87, 0xDC46, 0xDC66, 0xC363,
    0xA220, 0x99E0, 0x91E0, 0x91E0, 0x89A0, 0x89A0, 0x8180, 0x89A0,
    0x91E0, 0xCBE5, 0xE509, 0xED6B, 0xED6B, 0xDCA9, 0xA241, 0xAA81,
    0xB281, 0xC2E2, 0xDBC5, 0xF4C8, 0xFDAD, 0xCE1A, 0xBE3C, 0xBE3C,
    0xBE3B, 0xBE3B, 0xBE3B, 0xBE3B, 0xBE1B, 0xBE1B, 0xBE1B, 0xBE1B,
    0xB61B, 0xB61B, 0xB61B, 0xB61B, 0xB61B, 0xB61B, 0xB61B, 0xB61B,
    0xB61B, 0xB5FB, 0xB5FB, 0xB5FB, 0xB5FA, 0xB5FA, 0xB5FA, 0xB5FA,
    0xB5FA, 0xB5FA, 0xADDA, 0xADD9, 0xADB9, 0xA598, 0x9D77, 0x9D36,
    0x9515, 0x84D4, 0x84B2, 0x8492, 0x8492, 0x8492, 0x8492, 0x84B2,
    0x84D4, 0x8CD4, 0x8CF5, 0x8CF5, 0x8CF5, 0x8CF5, 0x8CF5, 0x8CF5,
    0x8CF5, 0x9515, 0x9516, 0x9D36, 0x9D36, 0x9D57, 0x9D57, 0x9D78,
    0x9D57, 0x9516, 0x8CD5, 0x7C93, 0x7431, 0x63CF, 0x534C, 0x42C7,
    0x3A85, 0x3A83, 0x3260, 0x3A80, 0x42C0, 0x4300, 0x4B40, 0x5360,
    0x5BA0, 0x5BC0, 0x5BC0, 0x5BC0, 0x5BA0, 0x5BA0, 0x5BA0, 0x5BA0,
    0x5B80, 0x5380, 0x5340, 0x4B20, 0x4B00, 0x42E0, 0x42C0, 0x42A0,
    0x3AA0, 0x42A0, 0x42C2, 0x42C3, 0x4AE4, 0x4B05, 0x4B06, 0x4B27,
    0xD509, 0xDD28, 0xE507, 0xDCC7, 0xCC68, 0xBC0A, 0xA3AC, 0x834F,
    0x5B12, 0x1316, 0x0317, 0x0357, 0x0337, 0x2377, 0x5BD5, 0x7C13,
    0x9C72, 0xACB1, 0xBCF0, 0xC50F, 0xCD0F, 0xC4AD, 0xB44B, 0xA3C9,
    0x9347, 0x82E5, 0x7AC5, 0x72A5, 0x62A5, 0x5A85, 0x5285, 0x52A6,
    0x5AC7, 0x5AE7, 0x6308, 0x6329, 0x6349, 0x6B69, 0x6B69, 0x6B69,
    0x6369, 0x6349, 0x6328, 0x5B28, 0x6348, 0x6347, 0x6B27, 0x6B47,
    0x7347, 0x7B26, 0x8347, 0x8B67, 0x8B68, 0x93A9, 0xA3EA, 0xAC2B,
    0xB44B, 0xBC6C, 0xC4AC, 0xC4CD, 0xC4CD, 0xC4AD, 0xC48C, 0xBC4B,
    0xBC2A, 0xBC2A, 0xBC29, 0xC429, 0xC44A, 0xCC6A, 0xCC6A, 0xC46B,
    0xC48D, 0xC4D0, 0xBD13, 0xBD54, 0xBD76, 0xBDB7, 0xBDD8, 0xBDF9,
    0xBDF9, 0xBDF9, 0xBDF9, 0xBDF9, 0xBDF9, 0xBDF9, 0xBDF9, 0xBDFA,
    0xBDFA, 0xBE1A, 0xC61A, 0xBDFA, 0xBE1B, 0xE591, 0xFD09, 0xDBE5,
    0xD363, 0xF5AE, 0xFE71, 0xFE50, 0xFE2F, 0xED09, 0xD383, 0xCB43,
    0xBAA1, 0xB240, 0xAA20, 0xB2C2, 0xCBC5, 0xDCA8, 0xE50A, 0xDCC8,
    0xDCA8, 0xDC67, 0xDCA8, 0xE4C8, 0xE4C8, 0xDCA8, 0xE4C8, 0xDC87,
    0xC383, 0xA220, 0x9A00, 0x91E0, 0x91C0, 0x91C0, 0x91C0, 0x99E0,
    0xA240, 0xD426, 0xED4A, 0xED6B, 0xED6C, 0xE4CA, 0xAAA3, 0x91C0,
    0xBAC2, 0xC302, 0xDBA5, 0xEC87, 0xF4C8, 0xD5D6, 0xBE3D, 0xBE1B,
    0xBE1B, 0xBE3B, 0xBE3B, 0xBE1B, 0xBE1B, 0xBE1B, 0xB61B, 0xB61B,
    0xB61B, 0xB61B, 0xB61B, 0xB61B, 0xB61B, 0xB61B, 0xB5FB, 0xB5FB,
    0xB5FB, 0xB5FB, 0xB5FB, 0xB5FB, 0xB5FB, 0xB5FB, 0xB5FB, 0xB5FB,
    0xB5FA, 0xB5FA, 0xADDA, 0xADB9, 0xADB9, 0xA598, 0x9D77, 0x9D56,
    0x9515, 0x8CF4, 0x84D3, 0x84B3, 0x84D3, 0x8CD3, 0x8CD3, 0x8CF4,
    0x8CF4, 0x8CF4, 0x8CF5, 0x84D4, 0x84B4, 0x84B3, 0x84B3, 0x84B4,
    0x84B4, 0x84D4, 0x8CD5, 0x8CF5, 0x9516, 0x9536, 0x9D57, 0x9D58,
    0x9D57, 0x9537, 0x8CF5, 0x84B4, 0x7452, 0x6BF0, 0x5B8D, 0x4B09,
    0x42C7, 0x42C6, 0x42C4, 0x42A0, 0x42C0, 0x4B00, 0x5340, 0x5380,
    0x5BA0, 0x5BC0, 0x5BC0, 0x5BC0, 0x5BA0, 0x5BA0, 0x5BA0, 0x5BA0,
    0x5380, 0x5360, 0x5340, 0x4B20, 0x42E0, 0x42C0, 0x3AA0, 0x3A80,
    0x3A80, 0x3AA0, 0x3AA2, 0x42C3, 0x4AE4, 0x4B05, 0x4B06, 0x5327,
    0xDD09, 0xDD28, 0xE507, 0xDCC7, 0xCC68, 0xBC0A, 0xA3AC, 0x834F,
    0x5312, 0x1316, 0x0337, 0x0337, 0x0337, 0x2377, 0x5BD5, 0x8433,
    0x9C72, 0xACB1, 0xBCD0, 0xCD0F, 0xCD0F, 0xC4AD, 0xBC4B, 0xABE9,
    0x9B68, 0x9326, 0x8B06, 0x8306, 0x7B07, 0x7308, 0x6B08, 0x7329,
    0x7B6A, 0x7BAB, 0x83CC, 0x8BED, 0x8C0D, 0x8C2D, 0x942D, 0x942D,
    0x942D, 0x8C2D, 0x8C2D, 0x840C, 0x840C, 0x83EB, 0x83CA, 0x83A9,
    0x8389, 0x8368, 0x8B68, 0x8B68, 0x9388, 0x9BA9, 0xA3EA, 0xAC2B,
    0xB44B, 0xBC6C, 0xC4AC, 0xC4CD, 0xC4CD, 0xC4AD, 0xC48C, 0xBC4B,
    0xBC2A, 0xBC2A, 0xBC29, 0xC429, 0xCC4A, 0xCC6A, 0xCC6A, 0xC46B,
    0xC48D, 0xC4D0, 0xBD12, 0xBD54, 0xBD76, 0xBD97, 0xBDD8, 0xBDF9,
    0xC5F9, 0xBDF9, 0xBDF9, 0xBDF9, 0xBDF9, 0xBDF9, 0xBDF9, 0xBDF9,
    0xBDF9, 0xBDFA, 0xBDFA, 0xBDFA, 0xBE1A, 0xE4ED, 0xFD09, 0xE426,
    0xDBE6, 0xFE0F, 0xFE50, 0xFE50, 0xECE9, 0xCB01, 0xB240, 0xBA80,
    0xBA81, 0xAA20, 0x99E0, 0x99E0, 0x9A00, 0xB2E2, 0xDC67, 0xDCA9,
    0xE4E9, 0xDC87, 0xE4C8, 0xE4C8, 0xE4E8, 0xE4C8, 0xE4C8, 0xDCA8,
    0xD446, 0xC363, 0xA220, 0x99C0, 0x99E0, 0xA200, 0xA200, 0xB280,
    0xCBC4, 0xE4C8, 0xE50A, 0xED6B, 0xED8C, 0xDC89, 0xAAC3, 0x9A00,
    0xAA20, 0xC303, 0xCB44, 0xE426, 0xF4C8, 0xD594, 0xB63D, 0xBE1C,
    0xBE1C, 0xBE1C, 0xBE1B, 0xB61B, 0xB61B, 0xB61B, 0xB61B, 0xBE1B,
    0xB61B, 0xB61B, 0xB61B, 0xB5FB, 0xB5FB, 0xB5FB, 0xB5FB, 0xB5FB,
    0xB5FB, 0xB5FB, 0xB5FB, 0xB5FB, 0xB5FB, 0xB5FB, 0xB5FB, 0xB5FA,
    0xB5FA, 0xADDA, 0xADDA, 0xADB9, 0xAD99, 0xA598, 0x9D78, 0x9D57,
    0x9536, 0x8D15, 0x8CF4, 0x8CF4, 0x9515, 0x9515, 0x9535, 0x9515,
    0x8CF5, 0x84D4, 0x84D4, 0x7CB3, 0x7C72, 0x7472, 0x7451, 0x7451,
    0x7452, 0x7C72, 0x8493, 0x84B4, 0x8CF5, 0x9516, 0x9537, 0x9D57,
    0x9D57, 0x9537, 0x8CF5, 0x84B4, 0x7C52, 0x6C10, 0x5B8D, 0x534A,
    0x4B08, 0x4B08, 0x4B07, 0x42E3, 0x4AE0, 0x4B20, 0x5340, 0x5380,
    0x5BA0, 0x5BC0, 0x5BC0, 0x5BA0, 0x5BA0, 0x5BA0, 0x5BA0, 0x5B80,
    0x5380, 0x5340, 0x4B20, 0x42E0, 0x42C0, 0x3AA0, 0x3A80, 0x3A60,
    0x3A80, 0x3A80, 0x3A81, 0x42A3, 0x42C4, 0x4AE5, 0x4B06, 0x4B06,
    0xDD09, 0xDD08, 0xE507, 0xDCC7, 0xD468, 0xBC0A, 0xA38C, 0x834F,
    0x5312, 0x1316, 0x0337, 0x0337, 0x0337, 0x2B76, 0x5BD5, 0x8434,
    0x9C52, 0xB4B1, 0xBCF0, 0xCD0F, 0xCD0F, 0xC4AD, 0xBC4B, 0xB3EA,
    0xABA8, 0x9B67, 0x9347, 0x9348, 0x8B69, 0x8B6A, 0x8B8B, 0x8BCC,
    0x940D, 0x9C4E, 0xA46F, 0xA4B0, 0xACD0, 0xACF1, 0xACF1, 0xACF1,
    0xACF1, 0xACF1, 0xA4D0, 0xA4AF, 0xA48F, 0x9C4D, 0x9C2C, 0x9C0B,
    0x93CA, 0x93A9, 0x9389, 0x9389, 0x9389, 0x9BA9, 0xABEA, 0xB42B,
    0xBC4B, 0xBC8C, 0xC4AC, 0xC4CD, 0xC4CD, 0xC4AC, 0xC48C, 0xBC6B,
    0xBC4A, 0xBC2A, 0xBC29, 0xC429, 0xCC4A, 0xCC6A, 0xCC6A, 0xCC6B,
    0xC48D, 0xC4D0, 0xBD12, 0xBD34, 0xBD76, 0xBD97, 0xBDD8, 0xBDD9,
    0xC5D9, 0xC5F9, 0xBDF9, 0xBDF9, 0xBDF9, 0xBDF9, 0xBDF9, 0xBDF9,
    0xC5F9, 0xBDFA, 0xBDFA, 0xBE1A, 0xBDF9, 0xECCA, 0xFD29, 0xE405,
    0xDBA4, 0xF58D, 0xFE92, 0xFDEE, 0xD342, 0xB240, 0xA1E0, 0xB240,
    0xB260, 0xA1E0, 0x99E0, 0x99C0, 0x99E0, 0xAA60, 0xBA81, 0xC343,
    0xD446, 0xE4C8, 0xE4E8, 0xE4E9, 0xE509, 0xE4C8, 0xE4E8, 0xE4E8,
    0xDCC9, 0xDC87, 0xCB63, 0xBAC1, 0xA220, 0xB280, 0xD382, 0xD404,
    0xE4E9, 0xED4B, 0xED4B, 0xED6C, 0xED4B, 0xC385, 0xA221, 0xB261,
    0xA220, 0xBAA2, 0xCB23, 0xDBC5, 0xFD09, 0xD5D5, 0xB63D, 0xBE1C,
    0xBE1C, 0xBE1C, 0xBE1B, 0xB61B, 0xB61B, 0xB61B, 0xB61B, 0xB61B,
    0xB61B, 0xB61B, 0xB61B, 0xB5FB, 0xB5FB, 0xB5FB, 0xB5FB, 0xB5FB,
    0xB5FB, 0xB5FB, 0xB5FB, 0xB5FB, 0xB5FB, 0xB5FB, 0xB5FB, 0xB5FB,
    0xB5FA, 0xADDA, 0xADDA, 0xADB9, 0xADB9, 0xA598, 0x9D98, 0x9D77,
    0x9D57, 0x9536, 0x9536, 0x9D56, 0x9D57, 0xA557, 0x9D57, 0x9536,
    0x8CF5, 0x84D4, 0x7CB3, 0x7C72, 0x7451, 0x6C10, 0x63EF, 0x63EF,
    0x63EF, 0x6C31, 0x7472, 0x7C93, 0x84B4, 0x8CF5, 0x9516, 0x9516,
    0x9516, 0x8D16, 0x84D5, 0x8493, 0x7452, 0x6C10, 0x5BAD, 0x534B,
    0x5349, 0x5349, 0x5348, 0x4B05, 0x4B03, 0x5320, 0x5360, 0x5B80,
    0x5BA0, 0x5BC0, 0x5BC0, 0x5BA0, 0x5BA0, 0x5BA0, 0x5BA0, 0x5380,
    0x5360, 0x4B20, 0x4B00, 0x42C0, 0x3A80, 0x3A60, 0x3240, 0x3240,
    0x3260, 0x3A61, 0x3A61, 0x3A82, 0x42C4, 0x42C4, 0x42E5, 0x4AE6,
    0xD509, 0xDD08, 0xDCE7, 0xDCA7, 0xCC68, 0xBC0A, 0x9B8C, 0x7B2F,
    0x4AF2, 0x0AF6, 0x0317, 0x0337, 0x0337, 0x2B76, 0x5BD5, 0x8413,
    0x9C72, 0xB4B1, 0xBCD0, 0xCCEF, 0xCCEE, 0xC4AD, 0xBC4B, 0xB40A,
    0xABA8, 0xA388, 0xA388, 0x9BA9, 0x9BCB, 0x9BEC, 0x9C0D, 0xA44F,
    0xAC90, 0xB4D1, 0xB512, 0xBD32, 0xBD53, 0xBD73, 0xBD74, 0xBD73,
    0xBD73, 0xBD53, 0xBD52, 0xBD32, 0xB511, 0xACD0, 0xAC8E, 0xA44D,
    0xA40C, 0x9BCA, 0x9BAA, 0x9B89, 0x9B89, 0xA3AA, 0xABEA, 0xB42B,
    0xBC4B, 0xC48C, 0xC4AC, 0xC4CD, 0xC4AD, 0xC4AC, 0xC48C, 0xBC6B,
    0xBC4A, 0xBC2A, 0xBC29, 0xC449, 0xCC6A, 0xCC6A, 0xCC6A, 0xCC6B,
    0xC48D, 0xC4D0, 0xBCF2, 0xBD34, 0xBD76, 0xBD97, 0xBDD8, 0xBDD9,
    0xC5D9, 0xBDF9, 0xBDF9, 0xBDF9, 0xBDF9, 0xBDF9, 0xBDF9, 0xBDF9,
    0xBDF9, 0xBDF9, 0xC5FA, 0xBE1A, 0xC5F9, 0xF54D, 0xFD6A, 0xE425,
    0xE447, 0xFE92, 0xFEB3, 0xF56B, 0xCAE1, 0xAA20, 0xAA40, 0xBA81,
    0xAA40, 0x91C0, 0x91C0, 0xA220, 0xA200, 0x99E0, 0xA200, 0xAA40,
    0xAA60, 0xC343, 0xDC88, 0xE4E9, 0xE4E9, 0xE4C8, 0xE4E9, 0xE509,
    0xE4E9, 0xDCC8, 0xE4A8, 0xE4A8, 0xCBC4, 0xD446, 0xE509, 0xE509,
    0xED2A, 0xED8B, 0xED6B, 0xED8C, 0xE52B, 0xBB24, 0xA200, 0xAA41,
    0xB2A2, 0xC303, 0xD364, 0xE406, 0xFCE8, 0xE550, 0xBE3D, 0xBE1C,
    0xBE3C, 0xBE1C, 0xB61B, 0xB61C, 0xB61C, 0xB61B, 0xB61B, 0xB61B,
    0xB5FB, 0xB5FB, 0xB5FB, 0xB5FB, 0xB5FB, 0xB5FB, 0xADFB, 0xADDB,
    0xADDB, 0xADFB, 0xADDB, 0xADDB, 0xADDB, 0xB5FB, 0xB5FB, 0xADFB,
    0xADFB, 0xADDA, 0xADDA, 0xADDA, 0xADB9, 0xA599, 0xA599, 0xA598,
    0x9D78, 0x9D77, 0x9D77, 0xA598, 0xA598, 0xAD98, 0xA578, 0x9D57,
    0x9515, 0x84D4, 0x7C92, 0x7451, 0x6C0F, 0x63CD, 0x5B8C, 0x5B8B,
    0x5BAD, 0x63F0, 0x6C52, 0x7473, 0x7C94, 0x84B4, 0x84D5, 0x84D5,
    0x84D5, 0x84D5, 0x8494, 0x7C73, 0x7432, 0x6BF0, 0x5B8D, 0x534B,
    0x534A, 0x5349, 0x5348, 0x5326, 0x5324, 0x5341, 0x5360, 0x5B80,
    0x5BA0, 0x5BA0, 0x5BC0, 0x5BA0, 0x5BA0, 0x5BA0, 0x5B80, 0x5360,
    0x4B40, 0x4B00, 0x42C0, 0x3A80, 0x3240, 0x3220, 0x3220, 0x3220,
    0x3240, 0x3240, 0x3261, 0x3A62, 0x3A83, 0x42A4, 0x42C4, 0x42C6,
    0xD4EA, 0xDD08, 0xDCE7, 0xD4A7, 0xCC48, 0xB3EA, 0x9B6C, 0x730F,
    0x4AF2, 0x0AF6, 0x0317, 0x0337, 0x0337, 0x2B76, 0x5BD5, 0x8413,
    0x9C72, 0xB4B0, 0xBCCF, 0xC4EE, 0xCCCD, 0xC48C, 0xBC4B, 0xB409,
    0xABA8, 0xABA8, 0xABC9, 0xABEA, 0xAC0C, 0xAC4E, 0xAC8F, 0xB4D0,
    0xBD12, 0xBD53, 0xC574, 0xC594, 0xCDB5, 0xCDD5, 0xCDF6, 0xCDF5,
    0xCDD5, 0xCDD5, 0xCDB4, 0xC594, 0xC573, 0xBD11, 0xB4D0, 0xAC8E,
    0xAC2D, 0xA3EB, 0xA3CA, 0x9B89, 0x9B89, 0xA3CA, 0xABEA, 0xB42B,
    0xBC4B, 0xC48C, 0xC4AC, 0xCCCD, 0xC4AD, 0xC4AC, 0xC48C, 0xBC6B,
    0xBC4A, 0xBC2A, 0xBC2A, 0xC449, 0xCC6A, 0xCC6A, 0xCC6A, 0xCC6B,
    0xC48D, 0xC4D0, 0xBCF2, 0xBD34, 0xBD76, 0xBD97, 0xBDB8, 0xBDD9,
    0xBDD9, 0xBDF9, 0xBDF9, 0xBDF9, 0xBDF9, 0xBDF9, 0xBDF9, 0xBDF9,
    0xBDF9, 0xBDF9, 0xC5FA, 0xBE1A, 0xC619, 0xFD6C, 0xFD6A, 0xEC67,
    0xF5AE, 0xFED3, 0xFE91, 0xED09, 0xCAE1, 0xB240, 0xBAA1, 0xBAA1,
    0x99E0, 0x91C0, 0x89A0, 0x99E0, 0xAA40, 0x91C0, 0xA200, 0xAA40,
    0x9A00, 0xA220, 0xBB02, 0xD446, 0xDCA7, 0xE509, 0xE52A, 0xE509,
    0xE509, 0xE509, 0xE4E9, 0xE509, 0xE509, 0xE52A, 0xE4E9, 0xED0A,
    0xED09, 0xED6B, 0xF5AC, 0xED6B, 0xE52B, 0xBB44, 0x9A00, 0x99E0,
    0xBAC2, 0xBAC2, 0xCB44, 0xE3E6, 0xF4E8, 0xF50B, 0xBDFA, 0xB63C,
    0xBE1C, 0xB61C, 0xB61B, 0xB61C, 0xB61B, 0xB61B, 0xB61B, 0xB61B,
    0xB5FB, 0xB5FB, 0xB5FB, 0xADDB, 0xADDB, 0xADDB, 0xADFB, 0xADDB,
    0xADDB, 0xADDB, 0xADDB, 0xADDB, 0xADDB, 0xADFB, 0xADFB, 0xADFB,
    0xADFB, 0xADDA, 0xADDA, 0xADDA, 0xADDA, 0xADB9, 0xADB9, 0xA5B9,
    0xA599, 0xA5B9, 0xADB9, 0xADB9, 0xADDA, 0xADDA, 0xADB9, 0xA578,
    0x9536, 0x8CF4, 0x7C92, 0x7450, 0x63EE, 0x5BAB, 0x5369, 0x5369,
    0x5B8C, 0x5BCF, 0x6C31, 0x6C53, 0x7473, 0x7C94, 0x7C94, 0x7C93,
    0x7473, 0x7473, 0x7453, 0x7432, 0x6C11, 0x63CF, 0x5B8C, 0x534A,
    0x534A, 0x5349, 0x5328, 0x4B26, 0x5325, 0x5343, 0x5340, 0x5360,
    0x5B80, 0x5BA0, 0x5BA0, 0x5BA0, 0x5BA0, 0x5380, 0x5360, 0x5340,
    0x4B00, 0x42E0, 0x3AA0, 0x3240, 0x3220, 0x2A00, 0x2A00, 0x2A00,
    0x3220, 0x3220, 0x3241, 0x3A42, 0x3A62, 0x3A83, 0x3A84, 0x3AA5,
    0xD4EA, 0xD4E8, 0xDCC7, 0xD4A7, 0xCC28, 0xB3CA, 0x9B4C, 0x72EF,
    0x42D2, 0x0AF6, 0x0317, 0x0317, 0x0337, 0x2B76, 0x63D5, 0x8413,
    0x9C72, 0xB4B0, 0xBCCF, 0xCCEE, 0xCCCD, 0xC48C, 0xBC4B, 0xB3E9,
    0xB3C8, 0xB3C8, 0xB3E9, 0xB40B, 0xB44D, 0xB4AF, 0xBCF1, 0xC532,
    0xC573, 0xCD94, 0xCDD5, 0xD5F6, 0xD616, 0xD637, 0xD637, 0xD637,
    0xD637, 0xD617, 0xD616, 0xD5F6, 0xCDB4, 0xC573, 0xBD11, 0xBCCF,
    0xAC6D, 0xAC0C, 0xA3CA, 0x9B89, 0x9B89, 0xA3CA, 0xAC0A, 0xB42B,
    0xBC6B, 0xC48C, 0xC4AD, 0xCCCD, 0xC4AD, 0xC4AC, 0xC48C, 0xBC4B,
    0xBC4A, 0xBC2A, 0xBC2A, 0xC449, 0xCC6A, 0xCC6A, 0xCC6A, 0xCC6B,
    0xC48D, 0xC4D0, 0xC4F2, 0xBD34, 0xBD76, 0xBD97, 0xBDB8, 0xBDD9,
    0xBDD9, 0xBDF9, 0xBDD9, 0xBDD9, 0xBDF9, 0xBDF9, 0xBDF9, 0xBDF9,
    0xBDF9, 0xBDF9, 0xC5F9, 0xBE1A, 0xCDD6, 0xFD8C, 0xFDAB, 0xEC46,
    0xFDEF, 0xFE71, 0xFE4F, 0xECA7, 0xC2C1, 0xB261, 0xBAA1, 0xAA40,
    0xA200, 0x99C0, 0xA1E0, 0x91C0, 0xAA40, 0xA200, 0xAA20, 0xA200,
    0x99C0, 0xA220, 0xAA40, 0xBAC1, 0xC322, 0xE4E8, 0xED2A, 0xED29,
    0xED2A, 0xED29, 0xED2A, 0xE4E9, 0xE509, 0xE52A, 0xE509, 0xE52A,
    0xED2A, 0xED2A, 0xED8C, 0xED2A, 0xE50B, 0xC3A6, 0x9A21, 0x99E0,
    0xBAA2, 0xC2E3, 0xC323, 0xDBC5, 0xF4E8, 0xFD6C, 0xC5F9, 0xB61D,
    0xBE1C, 0xB61C, 0xB61C, 0xB61C, 0xB5FB, 0xB61B, 0xB61B, 0xB5FB,
    0xB5FB, 0xB5FB, 0xADFB, 0xADDB, 0xADDB, 0xADDB, 0xADDB, 0xADDB,
    0xADDB, 0xADDB, 0xADDB, 0xADDB, 0xADFB, 0xADFB, 0xADFB, 0xADDB,
    0xADDB, 0xADDB, 0xADDA, 0xADDA, 0xADDA, 0xADDA, 0xADDA, 0xADB9,
    0xADDA, 0xADDA, 0xADDA, 0xB5FA, 0xB5FA, 0xADDA, 0xADB9, 0xA578,
    0x9536, 0x8CF4, 0x7CB2, 0x7450, 0x6C0D, 0x63CB, 0x5BAA, 0x5B8A,
    0x5BAC, 0x63EF, 0x6410, 0x6C32, 0x6C53, 0x7473, 0x7453, 0x6C32,
    0x6C11, 0x63F1, 0x6BF1, 0x63F0, 0x63CF, 0x5BAE, 0x536C, 0x532A,
    0x532A, 0x532A, 0x5328, 0x5326, 0x5325, 0x5343, 0x5340, 0x5340,
    0x5360, 0x5B80, 0x5B80, 0x5BA0, 0x5380, 0x5360, 0x5340, 0x4B20,
    0x42E0, 0x3AA0, 0x3260, 0x3200, 0x2A00, 0x29E0, 0x2A00, 0x2A00,
    0x3220, 0x3220, 0x3241, 0x3242, 0x3A62, 0x3A62, 0x3A84, 0x3AA5,
    0xD4EA, 0xD4E9, 0xDCE7, 0xD487, 0xCC28, 0xB3CA, 0x934C, 0x72EF,
    0x42D2, 0x02F6, 0x0317, 0x0317, 0x0337, 0x3376, 0x63D5, 0x8413,
    0xA472, 0xB4B0, 0xC4CF, 0xCCEE, 0xCCCD, 0xC48C, 0xC44A, 0xBC09,
    0xB3C8, 0xB3C8, 0xBC0A, 0xBC4C, 0xBC8E, 0xBCD0, 0xC532, 0xCD73,
    0xCDB5, 0xD5F6, 0xD617, 0xDE37, 0xDE58, 0xDE78, 0xDE78, 0xDE78,
    0xDE78, 0xDE78, 0xDE58, 0xDE37, 0xD5F6, 0xCDB4, 0xC552, 0xBCF0,
    0xB48E, 0xAC2C, 0xA3CA, 0x9B89, 0x9B89, 0xA3CA, 0xB40A, 0xB42B,
    0xBC6C, 0xC48C, 0xC4AC, 0xCCCD, 0xCCAC, 0xC4AC, 0xC46C, 0xBC4B,
    0xBC4A, 0xBC2A, 0xBC2A, 0xC44A, 0xCC4A, 0xCC6A, 0xCC6A, 0xCC6B,
    0xC48D, 0xC4D0, 0xC4F2, 0xC554, 0xBD76, 0xBD97, 0xBDB8, 0xBDD9,
    0xBDD9, 0xBDD9, 0xBDD9, 0xBDD9, 0xBDF9, 0xBDF9, 0xBDF9, 0xBDF9,
    0xBDF9, 0xBDF9, 0xC5F9, 0xBE1A, 0xD617, 0xFDED, 0xFD6A, 0xEC87,
    0xFDCE, 0xFDEE, 0xFDEE, 0xECA7, 0xC2A1, 0xBA81, 0xB261, 0xAA20,
    0xA200, 0xA200, 0x91C0, 0xA220, 0xAA20, 0x99E0, 0x9A00, 0x91A0,
    0x91C0, 0x99E0, 0xAA20, 0xAA40, 0xB280, 0xC342, 0xDC86, 0xED6B,
    0xED29, 0xED2A, 0xED4B, 0xE4E8, 0xE509, 0xE509, 0xED4A, 0xED2A,
    0xED2A, 0xED2A, 0xED4B, 0xED6B, 0xDC89, 0xC386, 0xBB03, 0xA220,
    0xAA21, 0xBAA2, 0xCB23, 0xD384, 0xEC67, 0xFD4B, 0xD5D7, 0xB61D,
    0xB61C, 0xB61C, 0xB61C, 0xB61B, 0xB5FB, 0xB5FB, 0xB5FB, 0xB5FB,
    0xB5FB, 0xADFB, 0xADFB, 0xADDB, 0xADDB, 0xADDB, 0xADDB, 0xADDB,
    0xADDB, 0xADDB, 0xADDB, 0xADDB, 0xADDB, 0xADDB, 0xADDB, 0xADDB,
    0xADDB, 0xADDB, 0xADFB, 0xADDA, 0xADDA, 0xADDA, 0xADDA, 0xADDA,
    0xADDA, 0xB5FA, 0xB5FA, 0xB5FA, 0xADFA, 0xADD9, 0xA5B8, 0x9D77,
    0x9535, 0x8CF3, 0x7CB1, 0x744F, 0x6C0C, 0x6C0B, 0x63EA, 0x63EB,
    0x63EE, 0x6410, 0x6410, 0x6C31, 0x6C32, 0x6C52, 0x6C11, 0x63F0,
    0x5BAF, 0x5B8E, 0x5B8E, 0x5B8E, 0x536E, 0x536D, 0x536C, 0x534B,
    0x534B, 0x534B, 0x5329, 0x5328, 0x5346, 0x5344, 0x4B20, 0x4B20,
    0x5340, 0x5360, 0x5360, 0x5360, 0x5360, 0x4B40, 0x4B20, 0x42E0,
    0x42C0, 0x3260, 0x2A20, 0x29E0, 0x29E0, 0x29E0, 0x2A00, 0x2A00,
    0x2A00, 0x3220, 0x3241, 0x3242, 0x3242, 0x3242, 0x3A63, 0x3A63,
    0xD50B, 0xD509, 0xDCE8, 0xD487, 0xCC28, 0xB3CA, 0x934C, 0x72EF,
    0x42D2, 0x02F6, 0x0317, 0x0317, 0x0317, 0x3376, 0x63D5, 0x8433,
    0xA471, 0xB490, 0xC4CF, 0xCCEE, 0xCCCD, 0xC48C, 0xC44A, 0xBC09,
    0xB3C8, 0xBBE8, 0xBC0A, 0xBC4C, 0xC4AE, 0xC511, 0xCD52, 0xCD94,
    0xD5D5, 0xD616, 0xDE57, 0xDE58, 0xDE78, 0xE699, 0xE699, 0xE699,
    0xE699, 0xE699, 0xDE78, 0xDE78, 0xDE37, 0xD5D5, 0xCD73, 0xC511,
    0xBCAF, 0xAC2C, 0xA3CA, 0x9B89, 0x9B89, 0xA3CA, 0xB40A, 0xBC2B,
    0xBC6C, 0xC48C, 0xC4AC, 0xCCCD, 0xC4AC, 0xC48C, 0xC46C, 0xBC4B,
    0xBC2A, 0xBC2A, 0xC42A, 0xC44A, 0xCC4A, 0xCC6A, 0xCC6A, 0xCC6B,
    0xC4AD, 0xC4D0, 0xC4F2, 0xC554, 0xBD76, 0xBD97, 0xBDB8, 0xBDD9,
    0xBDD9, 0xBDD9, 0xBDD9, 0xBDD9, 0xBDF9, 0xBDF9, 0xBDF9, 0xBDF9,
    0xBDF9, 0xBDF9, 0xC619, 0xBE1B, 0xDDF4, 0xFDCC, 0xF509, 0xE405,
    0xF56C, 0xF5EE, 0xFE0E, 0xF4E8, 0xD342, 0xC2C1, 0xAA61, 0xB281,
    0xAA20, 0xAA20, 0x99E0, 0xB240, 0xA220, 0x89C0, 0x91E0, 0x91C0,
    0x99C0, 0x99E0, 0xAA40, 0xB260, 0xAA40, 0xAA20, 0xCB83, 0xED4A,
    0xED4A, 0xED09, 0xED4A, 0xED09, 0xED4A, 0xED2A, 0xED4A, 0xED4A,
    0xED09, 0xED6B, 0xED6B, 0xF5AD, 0xE52B, 0xBAE2, 0xAA41, 0xAA61,
    0xB261, 0xB261, 0xBAA2, 0xCB23, 0xE406, 0xFD09, 0xE593, 0xB61D,
    0xB61B, 0xB61B, 0xB61B, 0xB5FB, 0xB5FB, 0xB5FB, 0xB5FB, 0xB5FB,
    0xB5FB, 0xADFB, 0xADDB, 0xADDB, 0xADDB, 0xADDB, 0xADDB, 0xADDB,
    0xADDB, 0xADDB, 0xADDB, 0xADDB, 0xADDB, 0xADDB, 0xADDB, 0xADDB,
    0xADDA, 0xADDA, 0xADDA, 0xADDA, 0xADDA, 0xADDA, 0xADDA, 0xADDA,
    0xADFA, 0xADFA, 0xADFA, 0xADFA, 0xADDA, 0xADB9, 0xA598, 0x9D56,
    0x9514, 0x84D2, 0x7C8F, 0x742C, 0x6C0A, 0x6C09, 0x6C09, 0x6C2B,
    0x6C2E, 0x6C30, 0x6C30, 0x6C10, 0x6410, 0x6431, 0x63F0, 0x5B8E,
    0x534D, 0x4B0B, 0x430B, 0x4B0B, 0x432C, 0x534C, 0x536C, 0x536C,
    0x5B6C, 0x534B, 0x534A, 0x5349, 0x5348, 0x5346, 0x4B01, 0x4B00,
    0x4B20, 0x4B20, 0x4B20, 0x4B40, 0x4B40, 0x4B20, 0x42E0, 0x3AC0,
    0x3260, 0x2A20, 0x29E0, 0x21C0, 0x29E0, 0x29E0, 0x2A00, 0x2A00,
    0x2A00, 0x3220, 0x3222, 0x3242, 0x3242, 0x3242, 0x3242, 0x3242,
    0xD50B, 0xD50A, 0xDCE8, 0xD487, 0xCC28, 0xB3CA, 0x934C, 0x72EF,
    0x42D2, 0x02F6, 0x0317, 0x0317, 0x0317, 0x3376, 0x63D5, 0x8C33,
    0xA471, 0xB490, 0xC4AF, 0xCCEE, 0xCCCD, 0xCC8C, 0xC44A, 0xBC09,
    0xBBE8, 0xBBE8, 0xBC0A, 0xBC4C, 0xC4AE, 0xC4F0, 0xCD52, 0xCD94,
    0xD5D5, 0xD616, 0xDE37, 0xDE58, 0xDE78, 0xE699, 0xE699, 0xE699,
    0xE699, 0xE699, 0xE678, 0xDE78, 0xDE36, 0xD5D5, 0xCD73, 0xC511,
    0xB48E, 0xAC2C, 0xA3AA, 0x9B69, 0xA389, 0xA3C9, 0xB40B, 0xBC4B,
    0xBC6C, 0xC48C, 0xCCAC, 0xCCAD, 0xC4AC, 0xC48C, 0xC46B, 0xBC4B,
    0xBC2A, 0xBC2A, 0xBC2A, 0xC44A, 0xCC4A, 0xCC6A, 0xCC6A, 0xCC8B,
    0xC4AD, 0xC4D0, 0xC512, 0xC554, 0xC576, 0xBD97, 0xBDD8, 0xBDD9,
    0xBDD9, 0xBDD9, 0xBDD9, 0xBDD9, 0xBDD9, 0xBDF9, 0xBDF9, 0xBDF9,
    0xBDF9, 0xBDF9, 0xC5FA, 0xBE1B, 0xE5D2, 0xFDAB, 0xF4A7, 0xEC67,
    0xF5AD, 0xFE30, 0xFE2F, 0xF56B, 0xDBA4, 0xCB02, 0xBAC2, 0xBAA2,
    0xB260, 0xA220, 0xAA20, 0xB240, 0x99E0, 0x99E0, 0x91C0, 0x99E0,
    0x99E0, 0x99E0, 0xAA40, 0xA1E0, 0x99C0, 0xB260, 0xD361, 0xED09,
    0xED8B, 0xED2A, 0xED2A, 0xED4B, 0xED29, 0xED6B, 0xED8B, 0xED6B,
    0xED4A, 0xED6B, 0xF58C, 0xF5AD, 0xED6C, 0xCBA5, 0xB241, 0xA200,
    0xB261, 0xBAA2, 0xBAC2, 0xD344, 0xDBA5, 0xF4A7, 0xED70, 0xB5FC,
    0xB61B, 0xB61B, 0xB5FB, 0xB5FB, 0xB5FB, 0xADFB, 0xADFB, 0xB5FB,
    0xADFB, 0xADDB, 0xADDB, 0xADDB, 0xADDB, 0xADDB, 0xADDB, 0xADDB,
    0xADDB, 0xADDB, 0xADDB, 0xADDB, 0xADDB, 0xADDB, 0xADDA, 0xADDA,
    0xADDA, 0xADDA, 0xADDA, 0xADDA, 0xADDA, 0xADD9, 0xADD9, 0xADDA,
    0xADDA, 0xADDA, 0xADDA, 0xADDA, 0xA5B9, 0xA598, 0x9D77, 0x9534,
    0x8CF2, 0x7C8F, 0x744C, 0x6C08, 0x6BE6, 0x6C07, 0x6C29, 0x744C,
    0x746E, 0x746F, 0x7450, 0x6C30, 0x6C30, 0x640F, 0x5BCE, 0x534C,
    0x4B0A, 0x3AA9, 0x3A87, 0x3267, 0x3ACA, 0x4B2C, 0x5B6D, 0x5B8E,
    0x5B8D, 0x5B6C, 0x5B6C, 0x5B6B, 0x5B6A, 0x5348, 0x4B03, 0x4300,
    0x4300, 0x42E0, 0x4300, 0x4B00, 0x4300, 0x42E0, 0x3AA0, 0x3280,
    0x3220, 0x29E0, 0x21C0, 0x21C0, 0x21E0, 0x29E0, 0x29E0, 0x2A00,
    0x2A20, 0x3221, 0x3242, 0x3242, 0x3242, 0x3242, 0x3242, 0x3242,
    0xD50B, 0xD50A, 0xDCE8, 0xD487, 0xCC28, 0xB3CA, 0x934C, 0x72EF,
    0x42D2, 0x02F6, 0x0317, 0x0317, 0x0317, 0x3376, 0x6BD4, 0x8C33,
    0xA471, 0xB490, 0xC4CF, 0xCCEE, 0xCCED, 0xCCAC, 0xC44A, 0xBC09,
    0xBBE9, 0xBBE8, 0xBC0A, 0xC44B, 0xC48E, 0xC4F0, 0xCD52, 0xCD94,
    0xD5D5, 0xD616, 0xDE37, 0xDE58, 0xDE78, 0xE699, 0xE699, 0xE699,
    0xE699, 0xE699, 0xE698, 0xDE58, 0xD616, 0xD5B4, 0xCD52, 0xC4F0,
    0xB46E, 0xAC0B, 0xA389, 0x9B69, 0xA389, 0xABCA, 0xB40B, 0xBC4B,
    0xBC6C, 0xC48C, 0xC4AC, 0xCCAD, 0xC4AC, 0xC48C, 0xC46B, 0xBC4B,
    0xBC2A, 0xBC2A, 0xC42A, 0xC44A, 0xCC4A, 0xCC6A, 0xCC6A, 0xC46B,
    0xC48D, 0xC4D0, 0xC4F2, 0xC554, 0xBD76, 0xBD97, 0xBDD8, 0xBDD9,
    0xBDD9, 0xBDD9, 0xBDD9, 0xBDD9, 0xBDD9, 0xBDF9, 0xBDF9, 0xBDF9,
    0xBDF9, 0xBDF9, 0xBE1A, 0xC61A, 0xF58E, 0xFDAB, 0xFCE8, 0xECA8,
    0xED2B, 0xF60F, 0xFDED, 0xF58B, 0xE425, 0xD342, 0xD322, 0xBAA1,
    0xB260, 0xAA20, 0xAA40, 0xAA20, 0x99C0, 0xA1E0, 0x99E0, 0xA200,
    0x99C0, 0xA200, 0x99E0, 0xA1E0, 0x99C0, 0xAA40, 0xCB21, 0xE4C8,
    0xF58B, 0xED6B, 0xED8C, 0xED4B, 0xED4A, 0xF58C, 0xF58C, 0xED8C,
    0xED4A, 0xF56B, 0xF5AD, 0xF5AD, 0xF5CD, 0xCBA5, 0xBA81, 0xA200,
    0xAA41, 0xB261, 0xB2A2, 0xCB23, 0xD384, 0xEC46, 0xF50B, 0xBDDA,
    0xB61C, 0xB5FB, 0xB5FC, 0xB5FB, 0xB5FB, 0xADFB, 0xADFB, 0xADFB,
    0xADFB, 0xADDB, 0xADDB, 0xADDB, 0xADDB, 0xADDB, 0xADDB, 0xADDB,
    0xADDB, 0xADDB, 0xADDB, 0xADDB, 0xADDB, 0xADDA, 0xA5BA, 0xA5B9,
    0xA5B9, 0xA5B9, 0xA5B9, 0xA5B9, 0xA5B9, 0xA5B9, 0xA5B8, 0xA5B8,
    0xA5B8, 0xA5B9, 0xADB9, 0xA5B8, 0xA598, 0x9D77, 0x9536, 0x8D13,
    0x84B0, 0x746C, 0x6C08, 0x6BC4, 0x63C3, 0x6C06, 0x7449, 0x7C8C,
    0x7C8E, 0x7C8F, 0x7C6F, 0x746F, 0x7450, 0x6C2F, 0x63CD, 0x534B,
    0x42E8, 0x3286, 0x2A23, 0x2A24, 0x3AA9, 0x4B2C, 0x5B8E, 0x5BAF,
    0x5BAF, 0x5BAE, 0x63AE, 0x63AE, 0x638D, 0x534A, 0x4B05, 0x42E0,
    0x42C0, 0x42C0, 0x42C0, 0x42C0, 0x42C0, 0x3A80, 0x3260, 0x3240,
    0x2A00, 0x29E0, 0x21C0, 0x21C0, 0x21C0, 0x29E0, 0x29E0, 0x2A00,
    0x2A20, 0x3221, 0x3242, 0x3242, 0x3262, 0x3262, 0x3262, 0x3262,
    0xD50B, 0xD50A, 0xD4C8, 0xD487, 0xC428, 0xB3CA, 0x934C, 0x72EF,
    0x42D2, 0x0AF6, 0x0317, 0x0317, 0x0317, 0x3376, 0x6BD4, 0x8C33,
    0xA471, 0xBCB0, 0xC4CF, 0xCCEE, 0xCCED, 0xCCAC, 0xC44A, 0xC429,
    0xBC09, 0xBC09, 0xC42A, 0xC44B, 0xC48D, 0xC4F0, 0xCD32, 0xCD93,
    0xD5D5, 0xD616, 0xDE37, 0xDE58, 0xDE78, 0xE698, 0xE699, 0xE699,
    0xE699, 0xE699, 0xDE78, 0xDE57, 0xD616, 0xD5B4, 0xC552, 0xBCF0,
    0xB46D, 0xABEB, 0x9B89, 0x9B69, 0xA389, 0xABCA, 0xB40B, 0xBC4B,
    0xBC6C, 0xC48C, 0xC4AC, 0xCCAC, 0xC4AC, 0xC48C, 0xC46B, 0xBC4B,
    0xBC2A, 0xBC2A, 0xC42A, 0xC44A, 0xCC4A, 0xCC6A, 0xCC6A, 0xC46B,
    0xC48D, 0xC4D0, 0xC512, 0xC554, 0xBD76, 0xBD97, 0xBDB8, 0xBDD9,
    0xBDD9, 0xBDD9, 0xBDD9, 0xBDD9, 0xBDD9, 0xBDF9, 0xBDF9, 0xBDF9,
    0xBDF9, 0xBDF9, 0xBE1A, 0xCDF8, 0xFDAD, 0xFD8A, 0xF487, 0xDBE6,
    0xDC27, 0xF5AD, 0xF5CD, 0xF5CD, 0xF529, 0xE404, 0xD342, 0xC2C1,
    0xC2C1, 0xBA60, 0xAA40, 0xA200, 0xA200, 0xAA20, 0xB261, 0xAA40,
    0x99E0, 0xA220, 0x91C0, 0xA200, 0xA200, 0xAA40, 0xD341, 0xED09,
    0xF5CC, 0xED29, 0xF5AC, 0xED6B, 0xED6B, 0xF5AC, 0xF5AC, 0xF5AC,
    0xED8B, 0xF58B, 0xF5CD, 0xF5AD, 0xF5EE, 0xE4C9, 0xB261, 0xB261,
    0xB241, 0xBAC2, 0xBAC2, 0xC303, 0xD384, 0xE426, 0xFCE9, 0xCD96,
    0xB61D, 0xB5FB, 0xB5FC, 0xB5FB, 0xB5FB, 0xADFB, 0xADFB, 0xADFB,
    0xADFB, 0xADDB, 0xADDB, 0xADDB, 0xADDB, 0xADDB, 0xADDB, 0xADDB,
    0xADDB, 0xADDB, 0xADDB, 0xADDB, 0xADBA, 0xA5B9, 0xA5B9, 0xA598,
    0xA598, 0xA598, 0xA597, 0xA597, 0xA597, 0xA597, 0xA597, 0xA597,
    0xA597, 0xA597, 0xA577, 0x9D77, 0x9D56, 0x9535, 0x8CF4, 0x84D2,
    0x7C6E, 0x6C0A, 0x6BC5, 0x63A0, 0x63C2, 0x7426, 0x7C69, 0x7CAC,
    0x7CAD, 0x7CAE, 0x7CAE, 0x7C8F, 0x746F, 0x6C2E, 0x63CB, 0x5349,
    0x42E7, 0x3A85, 0x3245, 0x3266, 0x42EA, 0x534D, 0x5BD0, 0x63F1,
    0x63F1, 0x63D0, 0x63D0, 0x63CF, 0x63AE, 0x534B, 0x4AE6, 0x42C1,
    0x3AA0, 0x3A80, 0x3A80, 0x3A80, 0x3A80, 0x3240, 0x2A20, 0x2A00,
    0x29E0, 0x21C0, 0x21C0, 0x21C0, 0x29E0, 0x2A00, 0x2A00, 0x2A00,
    0x3220, 0x3241, 0x3242, 0x3262, 0x3262, 0x3262, 0x3262, 0x3242,
    0xD50B, 0xD50A, 0xD4C9, 0xD468, 0xC408, 0xABAA, 0x934C, 0x72EF,
    0x42D2, 0x0AD5, 0x0317, 0x0317, 0x0317, 0x3375, 0x6BD4, 0x8C33,
    0xA471, 0xBCB0, 0xC4CF, 0xCCEE, 0xCCED, 0xCCAC, 0xC46B, 0xC429,
    0xBC09, 0xC409, 0xC42A, 0xC46B, 0xC4AD, 0xC4F0, 0xCD32, 0xCD73,
    0xD5D5, 0xD616, 0xDE37, 0xDE58, 0xDE78, 0xE698, 0xE699, 0xE699,
    0xE699, 0xE698, 0xDE78, 0xDE57, 0xD616, 0xCDB4, 0xC532, 0xBCCF,
    0xB44D, 0xA3EB, 0x9B89, 0x9B69, 0xA389, 0xABCA, 0xB40B, 0xBC4B,
    0xC46C, 0xC48C, 0xC4AC, 0xCCAC, 0xC48C, 0xC46C, 0xC46B, 0xBC4B,
    0xBC2A, 0xBC2A, 0xC42A, 0xC44A, 0xCC4A, 0xCC6A, 0xCC6A, 0xC46B,
    0xC48D, 0xC4D0, 0xC4F2, 0xC534, 0xC575, 0xBD97, 0xBDB8, 0xC5D8,
    0xBDD8, 0xBDD8, 0xBDD8, 0xBDD8, 0xBDD9, 0xBDD9, 0xBDD9, 0xBDD9,
    0xBDF9, 0xBDF9, 0xBDFA, 0xCDF7, 0xFD4A, 0xF4C8, 0xEC26, 0xD384,
    0xD3C5, 0xED4C, 0xFE0F, 0xFE0F, 0xFDCC, 0xF508, 0xDB62, 0xC2C1,
    0xC2C1, 0xAA20, 0xA200, 0xA200, 0x99E0, 0xA220, 0xAA20, 0xAA20,
    0xA220, 0xA240, 0xA240, 0x99E0, 0xAA40, 0xC2C0, 0xE446, 0xF58B,
    0xF5CD, 0xF58B, 0xED8B, 0xF58C, 0xF58C, 0xF5CD, 0xF5CD, 0xF5CD,
    0xED8B, 0xF58C, 0xF5CD, 0xF5AD, 0xF5AD, 0xF5AC, 0xCBA4, 0xB240,
    0xAA40, 0xC2E2, 0xC2E3, 0xCB03, 0xDBA5, 0xE406, 0xF4C8, 0xD5B5,
    0xB61D, 0xB5FB, 0xB5FC, 0xB61C, 0xB5FB, 0xB5FB, 0xADFB, 0xADDB,
    0xADDB, 0xADDB, 0xADDB, 0xADDB, 0xADDB, 0xADDB, 0xADDB, 0xADDB,
    0xADDB, 0xADDB, 0xADDB, 0xADDA, 0xA5BA, 0xA5B9, 0xA598, 0xA597,
    0xA596, 0xA596, 0xA576, 0x9D75, 0x9D75, 0x9D75, 0x9D75, 0x9D75,
    0x9D55, 0x9D55, 0x9535, 0x9535, 0x8D14, 0x8CF3, 0x84B1, 0x7C6F,
    0x742C, 0x6BE7, 0x63A1, 0x63A0, 0x6BE3, 0x7426, 0x7C89, 0x84CC,
    0x84CC, 0x84CD, 0x84CD, 0x84CE, 0x7C8E, 0x744C, 0x6BEA, 0x5B68,
    0x4B06, 0x42C6, 0x3AC8, 0x42EA, 0x4B2C, 0x53AF, 0x6412, 0x6C33,
    0x6C33, 0x6C12, 0x63F1, 0x63D0, 0x5B8E, 0x532B, 0x42E7, 0x3AA2,
    0x3A60, 0x3A60, 0x3A60, 0x3260, 0x3240, 0x2A20, 0x2A00, 0x29E0,
    0x21E0, 0x21C0, 0x21C0, 0x29E1, 0x2A02, 0x2A23, 0x3223, 0x3243,
    0x3242, 0x3242, 0x3242, 0x3242, 0x3242, 0x3242, 0x3242, 0x3241,
    0xD50B, 0xDD0A, 0xDCE9, 0xD488, 0xC409, 0xABAA, 0x932C, 0x6ACF,
    0x3AB2, 0x02D5, 0x02F7, 0x0317, 0x0316, 0x3B75, 0x6BD4, 0x8C33,
    0xA471, 0xBCB0, 0xCCEF, 0xD50E, 0xD4ED, 0xCCAC, 0xC46B, 0xC44A,
    0xC429, 0xC429, 0xC44A, 0xC46B, 0xC4AD, 0xCCEF, 0xCD31, 0xCD73,
    0xD5D5, 0xDE16, 0xDE57, 0xDE78, 0xDE78, 0xE699, 0xE699, 0xE699,
    0xE699, 0xE699, 0xDE78, 0xDE57, 0xD5F6, 0xCDB4, 0xC531, 0xBCAF,
    0xAC4D, 0xA3CA, 0x9B69, 0x9B68, 0xA389, 0xABCA, 0xB40B, 0xBC4B,
    0xBC6C, 0xC48C, 0xC4AC, 0xC4AC, 0xC48C, 0xC46C, 0xBC6B, 0xBC4B,
    0xBC2A, 0xBC2A, 0xC429, 0xC44A, 0xCC4A, 0xCC6A, 0xCC4A, 0xC46B,
    0xC48D, 0xC4AF, 0xC4F1, 0xBD33, 0xC555, 0xBD96, 0xBDB7, 0xC5B8,
    0xC5D8, 0xC5D8, 0xBDD8, 0xBDD8, 0xBDD8, 0xBDD8, 0xBDD8, 0xBDD8,
    0xBDD9, 0xBDD8, 0xB5D9, 0xD5D4, 0xFCE8, 0xF4C8, 0xE406, 0xDB84,
    0xCB44, 0xED2B, 0xFE91, 0xFE4F, 0xFE0E, 0xF508, 0xD322, 0xB261,
    0xBA81, 0xAA20, 0xAA40, 0xAA20, 0xA200, 0xA200, 0xAA40, 0xAA20,
    0xA200, 0xA200, 0xAA60, 0xAA40, 0xAA00, 0xCB21, 0xED2A, 0xF58B,
    0xF58B, 0xF5AC, 0xF58C, 0xF58C, 0xED8B, 0xF5AC, 0xF5CD, 0xF56B,
    0xF58B, 0xF5AC, 0xF5AC, 0xF5CD, 0xED8C, 0xF5AD, 0xED4B, 0xD3E5,
    0xBAE2, 0xBAC2, 0xBAC2, 0xBAA2, 0xDB85, 0xE3E6, 0xF487, 0xDD93,
    0xB61D, 0xB61C, 0xB5FB, 0xB5FB, 0xB5FB, 0xB5FB, 0xADFB, 0xADFB,
    0xADDB, 0xADDB, 0xADDB, 0xADDB, 0xADDB, 0xADDB, 0xADDB, 0xADDB,
    0xADDB, 0xADDB, 0xADDB, 0xADDA, 0xA5B9, 0xA598, 0xA596, 0xA595,
    0x9D75, 0x9D74, 0x9D73, 0x9D73, 0x9D73, 0x9D52, 0x9D52, 0x9552,
    0x9532, 0x9533, 0x8D12, 0x8CF2, 0x84D1, 0x7CB0, 0x7C6F, 0x742D,
    0x6BEA, 0x63A5, 0x5B80, 0x63A0, 0x6C03, 0x7C46, 0x84A8, 0x84CA,
    0x8CEB, 0x8D0C, 0x8D0D, 0x8CED, 0x84CD, 0x7C6B, 0x6C09, 0x5B87,
    0x5346, 0x4B28, 0x4B2A, 0x4B4C, 0x538E, 0x5BD0, 0x6C33, 0x7474,
    0x7474, 0x7454, 0x6C12, 0x5BB0, 0x536E, 0x4B2B, 0x42C7, 0x3A62,
    0x3240, 0x3240, 0x3240, 0x3240, 0x2A20, 0x2A00, 0x2A00, 0x29E0,
    0x21E0, 0x21E0, 0x29E2, 0x2A04, 0x2A24, 0x3224, 0x3244, 0x3244,
    0x3244, 0x3242, 0x3242, 0x3242, 0x3242, 0x3241, 0x3241, 0x3221,
    0xD50B, 0xDD0A, 0xDCE9, 0xD488, 0xC409, 0xABAA, 0x8B2D, 0x6ACF,
    0x3AB2, 0x02D5, 0x02F6, 0x0317, 0x0B16, 0x3B75, 0x73F4, 0x9433,
    0xAC91, 0xBCD0, 0xCCEF, 0xD50E, 0xCCED, 0xCCAC, 0xC46B, 0xC44A,
    0xC429, 0xC429, 0xC44A, 0xC46B, 0xC48D, 0xCCEF, 0xCD31, 0xCD73,
    0xD5D5, 0xDE16, 0xDE37, 0xDE58, 0xE678, 0xE699, 0xE699, 0xE6B9,
    0xE699, 0xE699, 0xDE78, 0xDE57, 0xD5F6, 0xCD94, 0xC531, 0xBC8F,
    0xAC0C, 0xA3AA, 0x9B68, 0x9B68, 0xA389, 0xABCA, 0xB42B, 0xBC4B,
    0xBC6C, 0xC48C, 0xC4AC, 0xCCAC, 0xC48C, 0xC46C, 0xBC6B, 0xBC2B,
    0xBC2A, 0xBC2A, 0xC429, 0xC44A, 0xCC4A, 0xCC6A, 0xCC6A, 0xC46B,
    0xC48C, 0xC4AF, 0xC4F1, 0xBD13, 0xBD54, 0xC575, 0xC596, 0xC5B7,
    0xBDB7, 0xBDB7, 0xC5B7, 0xC5B7, 0xBDB7, 0xBDB8, 0xBDB8, 0xBDD8,
    0xBDD8, 0xBDB8, 0xBDB8, 0xE5B1, 0xFD28, 0xF4A8, 0xE406, 0xD364,
    0xC303, 0xF5AE, 0xFE91, 0xFE2F, 0xFDED, 0xF508, 0xD321, 0xBAA1,
    0xC2C1, 0xAA20, 0xB240, 0xAA20, 0xB240, 0xB260, 0xA220, 0xA220,
    0xA200, 0x99E0, 0xAA20, 0xBA80, 0xC2C1, 0xE446, 0xED29, 0xF58B,
    0xF58B, 0xF5AC, 0xF5AC, 0xF5CD, 0xF58C, 0xED6B, 0xECE9, 0xD3E5,
    0xDC26, 0xF58C, 0xF5AD, 0xF5CD, 0xF5AD, 0xF5AD, 0xF5AD, 0xF58C,
    0xE4A9, 0xC302, 0xC2E2, 0xB261, 0xCB23, 0xE3E6, 0xEC25, 0xED70,
    0xB61C, 0xB61C, 0xB5FB, 0xB5FB, 0xB5FB, 0xB5FB, 0xADFB, 0xADDB,
    0xADDB, 0xADDB, 0xADDB, 0xADDB, 0xADDB, 0xADDB, 0xADDB, 0xADDB,
    0xADDB, 0xADDB, 0xADDA, 0xA5B9, 0xA5B8, 0xA597, 0xA595, 0x9D73,
    0x9D72, 0x9D71, 0x9D50, 0x9D4F, 0x954F, 0x954F, 0x952F, 0x952F,
    0x950F, 0x8D10, 0x8CEF, 0x84AF, 0x7C8E, 0x7C6D, 0x742C, 0x6BEA,
    0x63A7, 0x5B82, 0x5B60, 0x63A0, 0x6C02, 0x7C65, 0x8CC7, 0x8CE8,
    0x952A, 0x952B, 0x952C, 0x952C, 0x8CEB, 0x8489, 0x7427, 0x63C5,
    0x5B86, 0x5B69, 0x5B6B, 0x5B8D, 0x5BCF, 0x63F0, 0x6C53, 0x7C95,
    0x7C95, 0x7475, 0x6C33, 0x5BD0, 0x536E, 0x4B2C, 0x42C7, 0x3262,
    0x3220, 0x3240, 0x3240, 0x3220, 0x2A00, 0x2A00, 0x2A00, 0x29E0,
    0x21E0, 0x29E1, 0x2A04, 0x2A25, 0x3225, 0x3245, 0x3245, 0x3A45,
    0x3244, 0x3243, 0x3221, 0x3221, 0x3220, 0x3220, 0x3220, 0x3220,
    0xD50C, 0xD50B, 0xD4E9, 0xD468, 0xC409, 0xAB8A, 0x8B0C, 0x6AAF,
    0x3AB2, 0x02D5, 0x02F6, 0x0317, 0x0B16, 0x4375, 0x73F4, 0x9453,
    0xAC91, 0xBCD0, 0xCCEF, 0xD50E, 0xCCED, 0xCCAC, 0xC46B, 0xC44A,
    0xC429, 0xC449, 0xC44A, 0xC46B, 0xC48D, 0xCCEF, 0xCD11, 0xCD73,
    0xD5B5, 0xD616, 0xDE37, 0xDE58, 0xE678, 0xE699, 0xE699, 0xE6B9,
    0xE6B9, 0xE699, 0xE678, 0xDE37, 0xD5F5, 0xCD93, 0xC511, 0xB48E,
    0xAC0C, 0xA389, 0x9B68, 0x9B68, 0xA389, 0xABCA, 0xB42B, 0xBC4B,
    0xC46B, 0xC48C, 0xCCAC, 0xCCAC, 0xC48C, 0xC46B, 0xBC4B, 0xBC2B,
    0xBC2A, 0xBC2A, 0xC429, 0xC449, 0xCC4A, 0xCC4A, 0xCC4A, 0xC44B,
    0xC46C, 0xC4AE, 0xC4D0, 0xC512, 0xBD33, 0xBD54, 0xC575, 0xC596,
    0xBD96, 0xC596, 0xBD96, 0xBD96, 0xBD96, 0xBD97, 0xBDB7, 0xBDB7,
    0xBDB7, 0xBDB7, 0xBDB7, 0xF652, 0xFD49, 0xEC67, 0xE426, 0xCB23,
    0xBB03, 0xF5EF, 0xFE4F, 0xFE2F, 0xFE0E, 0xFD8B, 0xDB82, 0xC2C1,
    0xBA80, 0xB240, 0xB280, 0xB260, 0xB260, 0xB261, 0x99E0, 0x9A00,
    0x99E0, 0xA200, 0xBAA0, 0xCB42, 0xE466, 0xED09, 0xED4A, 0xED6B,
    0xF58C, 0xF5AC, 0xF58C, 0xF5AC, 0xED6C, 0xD3E6, 0xBB03, 0xBAA1,
    0xC2C1, 0xDBE5, 0xED2A, 0xF5CD, 0xF58C, 0xF5EE, 0xF5EE, 0xF5AD,
    0xF5AD, 0xDC47, 0xC302, 0xBAC2, 0xBAC2, 0xDBA5, 0xE426, 0xF4CA,
    0xC5B7, 0xADFC, 0xB5FB, 0xB5FB, 0xB5DB, 0xADDB, 0xADDA, 0xADDA,
    0xADDA, 0xADBA, 0xADDA, 0xADDA, 0xADDA, 0xADDA, 0xADDA, 0xADBA,
    0xADDA, 0xADBA, 0xADB9, 0xA5B8, 0xA597, 0xA595, 0xA593, 0x9D71,
    0x9D6F, 0x9D6D, 0x9D6C, 0x9D4B, 0x954B, 0x952B, 0x950B, 0x950B,
    0x8D0B, 0x8CEC, 0x84AC, 0x7C8C, 0x7C6B, 0x742A, 0x6C09, 0x63A7,
    0x5B64, 0x5360, 0x5360, 0x63A0, 0x6C01, 0x7C84, 0x8CE6, 0x9526,
    0x9D48, 0x9D69, 0x9D69, 0x9549, 0x8CE7, 0x8486, 0x7424, 0x6BE3,
    0x63C6, 0x63C9, 0x63CC, 0x63EE, 0x640F, 0x6C31, 0x7473, 0x7C95,
    0x7C95, 0x7475, 0x6C13, 0x5BB1, 0x536E, 0x4B0C, 0x42C8, 0x3262,
    0x2A20, 0x3240, 0x3240, 0x3220, 0x2A00, 0x2A00, 0x2A00, 0x29E0,
    0x21E0, 0x2A04, 0x3246, 0x3247, 0x3247, 0x3267, 0x3266, 0x3266,
    0x3265, 0x3244, 0x3221, 0x2A00, 0x2A00, 0x2A00, 0x2A00, 0x2A00,
    0xCCEC, 0xD4EB, 0xD4A9, 0xCC49, 0xBBC9, 0xA36A, 0x8B0C, 0x6ACF,
    0x32B2, 0x02D5, 0x02F6, 0x0316, 0x0B16, 0x4375, 0x73F4, 0x9453,
    0xAC91, 0xBCD0, 0xCCEF, 0xD50E, 0xCCCD, 0xCCAC, 0xC46B, 0xC44A,
    0xC449, 0xC44A, 0xC44A, 0xC46B, 0xC48D, 0xCCCE, 0xCD10, 0xCD52,
    0xD5B5, 0xD616, 0xDE37, 0xDE58, 0xE678, 0xE699, 0xE6B9, 0xE6B9,
    0xE6B9, 0xE699, 0xE678, 0xDE37, 0xD5F5, 0xCD93, 0xC511, 0xB46E,
    0xABEB, 0x9B69, 0x9B48, 0x9B68, 0xA389, 0xABCA, 0xB40A, 0xBC4B,
    0xC46B, 0xC48C, 0xCC8C, 0xCCAC, 0xC48C, 0xC46B, 0xBC4B, 0xBC2A,
    0xBC0A, 0xBC2A, 0xC429, 0xC44A, 0xCC4A, 0xCC4A, 0xCC4A, 0xC44B,
    0xC46C, 0xC48E, 0xC4CF, 0xC4F1, 0xC512, 0xC533, 0xBD74, 0xC575,
    0xC575, 0xC575, 0xC595, 0xC595, 0xC596, 0xC596, 0xC596, 0xBD96,
    0xC596, 0xBD96, 0xCDD6, 0xFEB3, 0xFD29, 0xF488, 0xE406, 0xBAA2,
    0xC344, 0xFE30, 0xFE50, 0xFE50, 0xFE2E, 0xFDAC, 0xDBA3, 0xC2A1,
    0xC2E1, 0xAA40, 0xB261, 0xAA20, 0xB240, 0xB260, 0xAA20, 0xAA40,
    0xAA40, 0xC301, 0xDC04, 0xED09, 0xED29, 0xED4A, 0xF58B, 0xED6A,
    0xED8B, 0xF5AC, 0xF5AC, 0xF58C, 0xD406, 0xB281, 0xB281, 0xAA20,
    0xC2A1, 0xCAC0, 0xD3A4, 0xECE9, 0xED6B, 0xF5CD, 0xF5EE, 0xF5EE,
    0xF5AD, 0xED6C, 0xCB64, 0xCB43, 0xCB44, 0xD364, 0xE426, 0xEC47,
    0xCD96, 0xADDB, 0xB5DA, 0xADDA, 0xADDA, 0xADBA, 0xADBA, 0xADBA,
    0xADBA, 0xADBA, 0xADBA, 0xADBA, 0xADBA, 0xADBA, 0xADBA, 0xADBA,
    0xADB9, 0xADB9, 0xA5B8, 0xA597, 0xA595, 0xA592, 0xA590, 0x9D6D,
    0x9D6A, 0x9D69, 0x9D47, 0x9D46, 0x9526, 0x9506, 0x9506, 0x8CE6,
    0x8CC7, 0x84A8, 0x8488, 0x7C68, 0x7428, 0x6C07, 0x6BC5, 0x6383,
    0x5B40, 0x5340, 0x5B60, 0x63A0, 0x7420, 0x84A1, 0x9504, 0x9D45,
    0x9D65, 0xA586, 0xA566, 0x9D46, 0x9504, 0x84A2, 0x7C40, 0x6C01,
    0x6C05, 0x6C09, 0x6C2C, 0x744E, 0x7470, 0x7C91, 0x7C92, 0x7C94,
    0x7C95, 0x7454, 0x63F2, 0x5390, 0x4B4D, 0x42EB, 0x3AA7, 0x3241,
    0x3220, 0x3240, 0x3240, 0x2A20, 0x2A00, 0x29E0, 0x29E0, 0x29E0,
    0x2A02, 0x3246, 0x3A89, 0x3A89, 0x3AA9, 0x3A89, 0x3A88, 0x3A87,
    0x3A66, 0x3265, 0x3222, 0x2A00, 0x2A00, 0x2A00, 0x29E0, 0x29E0,
    0xCCEC, 0xD4EB, 0xCCAA, 0xC449, 0xBBC9, 0xAB6B, 0x932C, 0x72EF,
    0x52D2, 0x22F4, 0x1B15, 0x1B15, 0x2B15, 0x5394, 0x7BF3, 0x9C52,
    0xAC91, 0xBCAF, 0xCCCE, 0xCCEE, 0xCCCD, 0xC48B, 0xC44A, 0xC42A,
    0xC429, 0xC44A, 0xC44A, 0xC44B, 0xC46C, 0xC4AE, 0xC4F0, 0xCD52,
    0xD594, 0xD5F5, 0xDE36, 0xDE57, 0xE678, 0xE698, 0xE699, 0xE699,
    0xE699, 0xE698, 0xE678, 0xDE16, 0xD5D5, 0xCD73, 0xBCF0, 0xB44D,
    0xA3CA, 0x9B68, 0x9B48, 0x9B68, 0xA388, 0xABC9, 0xB40A, 0xBC4B,
    0xC46B, 0xC48C, 0xCC8C, 0xCC8C, 0xC48C, 0xC46B, 0xBC4B, 0xBC2A,
    0xBC0A, 0xBC0A, 0xC429, 0xC449, 0xCC4A, 0xCC4A, 0xC44A, 0xC44A,
    0xC46C, 0xC48D, 0xC4AF, 0xC4F0, 0xC511, 0xC532, 0xC553, 0xC554,
    0xC574, 0xC574, 0xC574, 0xC574, 0xC574, 0xC575, 0xC595, 0xC595,
    0xC595, 0xC575, 0xCDB4, 0xFED4, 0xFD09, 0xEC26, 0xD364, 0xBAA1,
    0xE4EB, 0xFE92, 0xFE50, 0xFE50, 0xFE2E, 0xFDED, 0xE404, 0xD342,
    0xC2E1, 0xAA61, 0xB260, 0xAA20, 0xBA81, 0xBA80, 0xB240, 0xBAA0,
    0xD3A3, 0xECC7, 0xED29, 0xF58B, 0xF58B, 0xF58B, 0xF58B, 0xF5AC,
    0xED8C, 0xED8C, 0xF5CE, 0xE4C9, 0xB281, 0xAA00, 0xAA40, 0xA200,
    0xAA20, 0xB260, 0xC302, 0xD383, 0xED2A, 0xF5AD, 0xF5EE, 0xF60E,
    0xF58C, 0xF5AD, 0xCBA6, 0xBA81, 0xDBA5, 0xDBA4, 0xEC67, 0xEC46,
    0xD552, 0xADBA, 0xADB9, 0xADB9, 0xAD99, 0xAD99, 0xAD99, 0xAD99,
    0xAD99, 0xAD99, 0xAD99, 0xAD99, 0xAD99, 0xAD99, 0xAD99, 0xAD99,
    0xAD98, 0xAD98, 0xA596, 0xA595, 0xA593, 0xA590, 0xA58D, 0x9D6A,
    0x9D67, 0x9D64, 0x9D43, 0x9D43, 0x9523, 0x9502, 0x8CE0, 0x8CC1,
    0x84A2, 0x8482, 0x7C43, 0x7424, 0x6C04, 0x6BE3, 0x63A1, 0x5B80,
    0x5340, 0x5360, 0x5BA0, 0x6BE0, 0x7C60, 0x8CC0, 0x9520, 0xA561,
    0xA582, 0xADA3, 0xA583, 0x9D62, 0x9521, 0x8CE0, 0x7C80, 0x7420,
    0x7425, 0x7469, 0x7C8C, 0x7CAE, 0x84CF, 0x84D1, 0x7CB1, 0x7C92,
    0x7C93, 0x6C33, 0x5BD1, 0x536F, 0x4B2D, 0x42CA, 0x3A86, 0x3241,
    0x3240, 0x3240, 0x3240, 0x2A20, 0x2A00, 0x2A00, 0x29E0, 0x2A01,
    0x2A24, 0x3A89, 0x42CB, 0x42EB, 0x42EB, 0x42EB, 0x42CA, 0x42A9,
    0x3A88, 0x3265, 0x2A01, 0x2A00, 0x29E0, 0x29E0, 0x29E0, 0x29E0,
    0xD4EB, 0xD4EB, 0xD4CA, 0xCC69, 0xC3E9, 0xB3AA, 0xA38C, 0x8B4E,
    0x7331, 0x5B33, 0x5354, 0x5354, 0x5B74, 0x7BD3, 0x9433, 0xA471,
    0xB490, 0xC4AF, 0xCCCE, 0xD4ED, 0xCCCD, 0xCC8B, 0xC46A, 0xC42A,
    0xC429, 0xCC4A, 0xCC4A, 0xC46B, 0xC48C, 0xC4AD, 0xCCEF, 0xCD31,
    0xD593, 0xD5D5, 0xDE16, 0xDE37, 0xDE57, 0xE678, 0xE678, 0xE678,
    0xE678, 0xE678, 0xDE37, 0xDDF5, 0xD5B4, 0xCD52, 0xBCCF, 0xB44D,
    0xABCA, 0x9B68, 0x9B68, 0xA388, 0xAB89, 0xB3C9, 0xB40A, 0xBC2B,
    0xC46B, 0xC46B, 0xC48C, 0xC48C, 0xC46C, 0xBC6B, 0xBC2B, 0xBC0A,
    0xBC0A, 0xBC09, 0xC429, 0xC449, 0xCC4A, 0xCC6A, 0xC44A, 0xC44A,
    0xC46B, 0xC48D, 0xC4AE, 0xBCCF, 0xC4F0, 0xC512, 0xC532, 0xC532,
    0xC553, 0xC553, 0xC553, 0xC553, 0xC573, 0xC574, 0xC574, 0xC574,
    0xC574, 0xC574, 0xDE15, 0xFF35, 0xFD8B, 0xF487, 0xEC46, 0xF54B,
    0xFEB2, 0xFE71, 0xFE50, 0xFE50, 0xFE2F, 0xFDEC, 0xDBE4, 0xC2E2,
    0xBAC1, 0xAA40, 0xB260, 0xAA40, 0xAA20, 0xB260, 0xB240, 0xDC04,
    0xF54A, 0xED29, 0xF58B, 0xF5AC, 0xF5AC, 0xF5AC, 0xED6A, 0xF58B,
    0xED6B, 0xED6C, 0xE4EA, 0xCB64, 0xAA41, 0xA1E0, 0xA1E0, 0xAA20,
    0x9A00, 0x9A00, 0xC2E2, 0xCB02, 0xE487, 0xF56B, 0xF5AD, 0xF5CD,
    0xF5CE, 0xF5EE, 0xED4C, 0xC303, 0xCB23, 0xE3E5, 0xE426, 0xFD8C,
    0xEDD2, 0xAD78, 0xAD98, 0xAD78, 0xAD98, 0xAD78, 0xAD78, 0xAD78,
    0xAD78, 0xAD78, 0xAD78, 0xAD78, 0xAD78, 0xAD78, 0xAD78, 0xAD78,
    0xAD77, 0xA576, 0xA575, 0xA593, 0xA590, 0xA58D, 0xA56A, 0x9D67,
    0x9D65, 0xA583, 0x9D63, 0x9D43, 0x9D22, 0x9501, 0x8CE0, 0x8CC0,
    0x84A0, 0x7C60, 0x7440, 0x7420, 0x6C00, 0x6BC0, 0x63A0, 0x5BA0,
    0x5B80, 0x63A0, 0x6C00, 0x7440, 0x84C0, 0x9520, 0x9D60, 0xA5A0,
    0xADC0, 0xADC0, 0xADA0, 0xA580, 0x9540, 0x8D00, 0x84A0, 0x7C60,
    0x7C63, 0x84A8, 0x84CB, 0x84ED, 0x8CEF, 0x8CF0, 0x84D0, 0x7C91,
    0x7451, 0x6C11, 0x5B90, 0x4B2D, 0x42EB, 0x3A89, 0x3264, 0x3240,
    0x3240, 0x3240, 0x3240, 0x3220, 0x2A00, 0x2A00, 0x2A00, 0x2A22,
    0x3246, 0x42CA, 0x4B0C, 0x4B2D, 0x4B2D, 0x4B2D, 0x4B0C, 0x42EB,
    0x42A9, 0x3245, 0x2A00, 0x29E0, 0x29E0, 0x29E0, 0x29E0, 0x2A00,
    0xDCEB, 0xDCEB, 0xDCCA, 0xD469, 0xCC29, 0xC40A, 0xB3CC, 0xA3AE,
    0x9390, 0x7B72, 0x7B92, 0x7BB3, 0x83B3, 0x93F2, 0xA452, 0xB490,
    0xBCAF, 0xCCCE, 0xCCEE, 0xD4ED, 0xD4ED, 0xCCAB, 0xCC8B, 0xCC4A,
    0xCC49, 0xCC6A, 0xCC6A, 0xCC6B, 0xCC8C, 0xCCAD, 0xCCCF, 0xCD30,
    0xD572, 0xDDD4, 0xDDF5, 0xDE16, 0xDE36, 0xDE57, 0xE657, 0xE657,
    0xE657, 0xE657, 0xDE16, 0xD5D4, 0xD593, 0xCD31, 0xC4CF, 0xBC6C,
    0xB3EA, 0xABA8, 0xAB88, 0xABA8, 0xB3C9, 0xB3E9, 0xBC2A, 0xC44B,
    0xC46B, 0xC46B, 0xC48B, 0xCC8B, 0xC48B, 0xC46B, 0xBC4A, 0xBC2A,
    0xBC09, 0xBC09, 0xC429, 0xC449, 0xCC4A, 0xCC6A, 0xC46A, 0xC44A,
    0xC46B, 0xC46C, 0xBC8D, 0xBCAF, 0xBCD0, 0xC4F0, 0xC511, 0xC532,
    0xC532, 0xC552, 0xC552, 0xC552, 0xC552, 0xC552, 0xC553, 0xC553,
    0xC573, 0xC553, 0xE655, 0xFF15, 0xFE6F, 0xFDEC, 0xFE70, 0xFEB2,
    0xFE92, 0xFE70, 0xFE70, 0xFE50, 0xFDEE, 0xFDCC, 0xE465, 0xC2C1,
    0xBA81, 0xAA40, 0xB260, 0xB240, 0xAA20, 0xB240, 0xD383, 0xF58B,
    0xF5AC, 0xF54A, 0xED4A, 0xF58C, 0xF5CD, 0xF5CD, 0xF58B, 0xED6A,
    0xED8C, 0xE488, 0xD3C5, 0xBAA1, 0xAA20, 0x91C0, 0xA1E0, 0x99C0,
    0x9A00, 0xAA61, 0xAA40, 0xB260, 0xC2A1, 0xDBE5, 0xF56B, 0xF5CD,
    0xF60F, 0xFE0F, 0xFE0F, 0xED0A, 0xD343, 0xE3E5, 0xE3C4, 0xF54B,
    0xF674, 0xB535, 0xAD57, 0xAD57, 0xAD57, 0xAD57, 0xAD57, 0xAD57,
    0xAD57, 0xAD57, 0xAD56, 0xAD56, 0xAD56, 0xAD36, 0xAD36, 0xAD56,
    0xA555, 0xA554, 0xA572, 0xA570, 0xA56E, 0xA56B, 0xA568, 0xA585,
    0xA583, 0xA583, 0x9D63, 0x9D63, 0x9D41, 0x9500, 0x8CE0, 0x8CC0,
    0x84A0, 0x7C80, 0x7C40, 0x7420, 0x7400, 0x6BE0, 0x63C0, 0x63A0,
    0x63C0, 0x6BE0, 0x7440, 0x84A0, 0x9500, 0x9D40, 0xADA0, 0xADE0,
    0xB600, 0xB600, 0xADC0, 0xA580, 0x9D40, 0x9500, 0x84C0, 0x84A0,
    0x84A3, 0x8CE6, 0x8D09, 0x8D0C, 0x8D0D, 0x8D0E, 0x84CE, 0x7C6E,
    0x742E, 0x63CF, 0x534E, 0x42EC, 0x42AA, 0x3266, 0x3242, 0x3220,
    0x3240, 0x3240, 0x3240, 0x3240, 0x3220, 0x3220, 0x3220, 0x3264,
    0x3AA8, 0x4B0C, 0x4B2D, 0x534E, 0x534E, 0x4B4E, 0x4B4D, 0x4B2C,
    0x42CA, 0x3244, 0x29E0, 0x29C0, 0x29C0, 0x29E0, 0x29E0, 0x2A00,
    0xDCEB, 0xDCEA, 0xDCCA, 0xDC89, 0xD449, 0xCC2A, 0xC40B, 0xB40D,
    0xABEE, 0x9BD0, 0x9BD1, 0x9BF1, 0x9BF1, 0xAC30, 0xB470, 0xBC8F,
    0xC4AF, 0xCCCE, 0xD4ED, 0xD4ED, 0xD4EC, 0xD4AB, 0xD48B, 0xCC6A,
    0xCC69, 0xCC6A, 0xCC6A, 0xCC6A, 0xCC8B, 0xCCAC, 0xCCEE, 0xD50F,
    0xD551, 0xDD92, 0xDDD3, 0xDDF4, 0xDE15, 0xDE35, 0xE636, 0xE636,
    0xE636, 0xE635, 0xDDF4, 0xDDD3, 0xD572, 0xCD30, 0xCCCE, 0xC46C,
    0xBC2A, 0xB3E9, 0xB3E9, 0xBBE9, 0xBBE9, 0xBC2A, 0xC44A, 0xC46A,
    0xC46B, 0xCC8B, 0xCC8B, 0xCC8B, 0xCC8B, 0xC46B, 0xC44B, 0xBC2A,
    0xBC09, 0xBC09, 0xC429, 0xC449, 0xCC6A, 0xCC6A, 0xC44A, 0xC44A,
    0xC46B, 0xC46C, 0xBC8D, 0xBCAE, 0xC4CF, 0xC4F0, 0xC511, 0xC531,
    0xC532, 0xC552, 0xC532, 0xC531, 0xC532, 0xC552, 0xC552, 0xC552,
    0xC552, 0xC532, 0xEE75, 0xFF15, 0xFE91, 0xFE71, 0xFE92, 0xFE71,
    0xFE92, 0xFE71, 0xFDEE, 0xFE0E, 0xFDEE, 0xFDEE, 0xFD6A, 0xEC65,
    0xD342, 0xC2A0, 0xB240, 0xAA20, 0xB240, 0xCB42, 0xF54A, 0xF5AC,
    0xF5CD, 0xF5AC, 0xF56B, 0xF58B, 0xF56B, 0xED8B, 0xF5AC, 0xF5AC,
    0xE4E9, 0xDBE5, 0xC2E2, 0xB241, 0xAA40, 0xAA20, 0xA200, 0x91C0,
    0x99E0, 0xB280, 0xAA20, 0xB240, 0xB240, 0xBAA1, 0xDBC4, 0xED09,
    0xFE0F, 0xFE2F, 0xFE30, 0xF5AE, 0xE447, 0xE426, 0xEC25, 0xFDCD,
    0xFED5, 0xBD74, 0xA514, 0xAD15, 0xAD35, 0xAD35, 0xAD35, 0xAD35,
    0xAD35, 0xAD15, 0xAD15, 0xAD15, 0xAD15, 0xA515, 0xA4F4, 0xA514,
    0xA513, 0xA531, 0xA530, 0x9D4D, 0x9D4B, 0xA568, 0xA565, 0xA583,
    0xA583, 0x9D63, 0x9D63, 0x9D62, 0x9D40, 0x9520, 0x8D00, 0x8CC0,
    0x84C0, 0x8480, 0x7C60, 0x7440, 0x7400, 0x6C00, 0x63E0, 0x63E0,
    0x6BE0, 0x7420, 0x7C80, 0x8CE0, 0x9D20, 0xA580, 0xADC0, 0xB600,
    0xBE20, 0xBE20, 0xB5E0, 0xA5A0, 0x9D60, 0x9520, 0x8D00, 0x8CE0,
    0x8D01, 0x9505, 0x9527, 0x952A, 0x950B, 0x8CEC, 0x84AC, 0x7C4C,
    0x6BEC, 0x5B8C, 0x4B2C, 0x3AAA, 0x3A67, 0x3223, 0x2A20, 0x3240,
    0x3240, 0x3260, 0x3260, 0x3A60, 0x3A60, 0x3A60, 0x3A81, 0x42A5,
    0x42E9, 0x4B2C, 0x534D, 0x534D, 0x534D, 0x534D, 0x534D, 0x4B2D,
    0x42CA, 0x3244, 0x29E0, 0x21C0, 0x21C0, 0x29E0, 0x29E0, 0x2A00,
    0xDCEB, 0xDCEA, 0xDCCA, 0xDCA9, 0xD469, 0xD46A, 0xCC4B, 0xC42C,
    0xBC2D, 0xB40E, 0xB42F, 0xB42F, 0xB42F, 0xBC4F, 0xC46F, 0xCCAE,
    0xCCCE, 0xD4ED, 0xD4ED, 0xDCEC, 0xD4EC, 0xD4CB, 0xD4AA, 0xD48A,
    0xD48A, 0xD48A, 0xD48A, 0xD48A, 0xD48B, 0xD4AC, 0xD4ED, 0xD50E,
    0xD550, 0xDD71, 0xDD92, 0xDDB3, 0xDDD3, 0xDDF4, 0xDDF4, 0xE614,
    0xE5F4, 0xDDF4, 0xDDD3, 0xDD92, 0xD571, 0xD52F, 0xCCED, 0xCC8C,
    0xC44A, 0xC409, 0xC429, 0xC429, 0xC429, 0xC44A, 0xCC6A, 0xCC6A,
    0xCC8A, 0xCC8B, 0xCC8B, 0xCC8B, 0xCC8B, 0xCC8B, 0xC46A, 0xC44A,
    0xC429, 0xC429, 0xC429, 0xCC49, 0xCC6A, 0xCC6A, 0xC44A, 0xC44A,
    0xC46B, 0xC46C, 0xBC8D, 0xBCAF, 0xC4F0, 0xC4F0, 0xC511, 0xC531,
    0xC552, 0xC552, 0xC552, 0xC552, 0xC552, 0xC552, 0xC552, 0xC552,
    0xC552, 0xCD52, 0xF693, 0xFEF4, 0xFEB2, 0xFEB2, 0xFE70, 0xFE50,
    0xFE91, 0xFE91, 0xFDED, 0xFE71, 0xFE2F, 0xFE2F, 0xFDED, 0xFDCC,
    0xEC45, 0xD300, 0xBA80, 0xBA60, 0xD383, 0xF509, 0xF58C, 0xF5CD,
    0xF5EE, 0xF5CC, 0xF5AC, 0xF58B, 0xED6B, 0xED6C, 0xDC88, 0xDC47,
    0xCB84, 0xCB23, 0xBAA1, 0xA1E0, 0xAA20, 0xA200, 0xAA20, 0x9A00,
    0xA200, 0xB260, 0xB260, 0xB260, 0xBAA1, 0xB261, 0xBA81, 0xD322,
    0xF56B, 0xFE2F, 0xFE30, 0xFE30, 0xFDEF, 0xF5AD, 0xF54A, 0xFE50,
    0xFED4, 0xC553, 0xA4B2, 0xACF3, 0xACF3, 0xACF3, 0xACF3, 0xACF3,
    0xACF3, 0xACF3, 0xACF3, 0xACF3, 0xA4D3, 0xA4D3, 0xA4D2, 0xA4D1,
    0xA4D0, 0x9CEF, 0x9D0D, 0x9D2A, 0x9D28, 0x9D46, 0x9D64, 0x9D63,
    0x9D63, 0x9D62, 0x9D62, 0x9D40, 0x9520, 0x9500, 0x8CE0, 0x84C0,
    0x84A0, 0x7C80, 0x7C60, 0x7440, 0x7420, 0x6C00, 0x6C00, 0x6C00,
    0x6C20, 0x7C40, 0x84A0, 0x9500, 0x9D40, 0xADA0, 0xB5E0, 0xBE20,
    0xBE40, 0xBE20, 0xB5E0, 0xADA0, 0x9D60, 0x9540, 0x9520, 0x9520,
    0x9540, 0x9D42, 0x9525, 0x9507, 0x8CE8, 0x8CC9, 0x8489, 0x7429,
    0x63A9, 0x5349, 0x4AE9, 0x3A67, 0x3224, 0x2A21, 0x3240, 0x3260,
    0x3280, 0x3A80, 0x3AA0, 0x42A0, 0x42A0, 0x3AA0, 0x42A1, 0x42C5,
    0x4B2A, 0x534C, 0x534C, 0x534D, 0x534D, 0x534D, 0x534C, 0x4B2C,
    0x42CA, 0x3244, 0x29C0, 0x29C0, 0x29C0, 0x29E0, 0x29E0, 0x29E0,
    0xDCCA, 0xDCCA, 0xDCCA, 0xDCAA, 0xDC89, 0xD48A, 0xD46A, 0xCC6B,
    0xC44C, 0xC44D, 0xC44D, 0xC46D, 0xC46D, 0xC46D, 0xCC8D, 0xCCAD,
    0xD4CD, 0xD4EC, 0xDCEC, 0xDCEC, 0xDCCB, 0xD4AA, 0xD48A, 0xD489,
    0xD48A, 0xD48A, 0xD48A, 0xD48A, 0xD48A, 0xD4AB, 0xD4CC, 0xD4ED,
    0xDD0E, 0xDD4F, 0xDD70, 0xDD71, 0xDD91, 0xDDB2, 0xDDB2, 0xDDB2,
    0xDDB2, 0xDDB2, 0xDD91, 0xDD70, 0xD52F, 0xD50E, 0xD4CC, 0xCCAB,
    0xCC6A, 0xCC49, 0xCC49, 0xCC49, 0xCC49, 0xCC6A, 0xCC8A, 0xCC8A,
    0xCC8A, 0xCC8B, 0xD4AB, 0xCCAB, 0xCC8B, 0xCC8B, 0xCC6A, 0xC44A,
    0xC449, 0xC429, 0xC449, 0xCC49, 0xCC6A, 0xCC6A, 0xCC4A, 0xC44A,
    0xC46B, 0xC48C, 0xC48E, 0xC4AF, 0xC4F0, 0xC511, 0xC531, 0xC552,
    0xCD52, 0xCD52, 0xCD52, 0xC552, 0xC552, 0xC552, 0xC552, 0xC552,
    0xC552, 0xD571, 0xFE0F, 0xFED4, 0xFEB3, 0xFEB3, 0xFE50, 0xFE71,
    0xFE71, 0xFDEE, 0xFE0F, 0xFE71, 0xFE50, 0xFE4F, 0xFDED, 0xFDCC,
    0xF549, 0xECA6, 0xDBA2, 0xE465, 0xFDCC, 0xF5AC, 0xF5AC, 0xF5ED,
    0xF5CC, 0xF5CD, 0xF5CD, 0xF5CD, 0xE50A, 0xC343, 0xBAA1, 0xBAA1,
    0xBAA1, 0xAA20, 0xAA40, 0x99E0, 0x99E0, 0xA200, 0xAA20, 0xA200,
    0xA200, 0xA200, 0x99E0, 0x99E0, 0xAA40, 0xAA20, 0xC2C1, 0xC2C1,
    0xDBE5, 0xFE0F, 0xFE50, 0xFE51, 0xFE30, 0xFE51, 0xFE50, 0xFE51,
    0xFEF5, 0xDDF4, 0xACB1, 0xACD2, 0xACD2, 0xACD2, 0xACD2, 0xACD2,
    0xACB2, 0xACB1, 0xACB1, 0xA4B1, 0xA4B1, 0xA4B1, 0xA490, 0x9C8E,
    0x9C8D, 0x9CAC, 0x9CCA, 0x9CE8, 0x9505, 0x9523, 0x9D21, 0x9D41,
    0x9D40, 0x9D40, 0x9520, 0x9520, 0x8D00, 0x8CE0, 0x84C0, 0x84A0,
    0x7C80, 0x7C60, 0x7440, 0x7420, 0x6C20, 0x6C00, 0x6C00, 0x6C00,
    0x7440, 0x7C60, 0x84A0, 0x9500, 0xA560, 0xADA0, 0xB5E0, 0xBE20,
    0xBE40, 0xBE20, 0xB600, 0xADC0, 0xA580, 0x9D60, 0x9D60, 0x9D60,
    0x9D60, 0x9D60, 0x9D21, 0x9503, 0x8CC4, 0x8486, 0x7C47, 0x6BE7,
    0x6367, 0x4AE7, 0x4286, 0x3223, 0x2A21, 0x2A20, 0x3260, 0x3A80,
    0x3AA0, 0x42C0, 0x42E0, 0x42E0, 0x42E0, 0x42C0, 0x42C1, 0x4B05,
    0x5329, 0x536B, 0x536C, 0x534C, 0x534C, 0x534C, 0x534C, 0x4B2C,
    0x42CA, 0x3245, 0x29E0, 0x29E0, 0x29E0, 0x29E0, 0x29E0, 0x29E0,
    0xD489, 0xDC89, 0xDC89, 0xDC89, 0xD489, 0xD469, 0xD46A, 0xCC6B,
    0xCC6B, 0xCC6B, 0xCC6C, 0xCC6C, 0xCC6C, 0xCC6C, 0xCC8C, 0xD4AC,
    0xD4AB, 0xDCAB, 0xDCAB, 0xD4AA, 0xD4AA, 0xD48A, 0xD469, 0xD469,
    0xD489, 0xD489, 0xD489, 0xD469, 0xD469, 0xD48A, 0xD48A, 0xD4AB,
    0xD4CC, 0xDD0D, 0xDD0E, 0xDD2E, 0xDD4F, 0xDD4F, 0xDD4F, 0xDD4F,
    0xDD4F, 0xDD4F, 0xDD4F, 0xDD2E, 0xD50D, 0xD4CC, 0xD4AB, 0xCC8A,
    0xCC69, 0xCC69, 0xCC69, 0xCC69, 0xCC69, 0xCC6A, 0xCC8A, 0xD48A,
    0xD48A, 0xD48A, 0xD4AB, 0xCCAB, 0xCC8B, 0xCC8A, 0xCC6A, 0xC44A,
    0xC449, 0xC429, 0xC449, 0xCC4A, 0xCC6A, 0xCC6A, 0xCC4A, 0xC46B,
    0xC46C, 0xC48D, 0xC4AE, 0xC4CF, 0xC4F0, 0xC511, 0xC531, 0xCD52,
    0xCD52, 0xCD52, 0xCD52, 0xCD52, 0xC552, 0xC572, 0xCD72, 0xCD72,
    0xC573, 0xDD50, 0xFD4A, 0xFED3, 0xFED3, 0xFE92, 0xFE0E, 0xFE0E,
    0xF56C, 0xE447, 0xECEA, 0xFE2F, 0xFE4F, 0xFDED, 0xFDCC, 0xFE0D,
    0xFDEC, 0xF58A, 0xF549, 0xFDCC, 0xF5ED, 0xF5AC, 0xF5ED, 0xF5ED,
    0xF58B, 0xF5CD, 0xF5ED, 0xF56B, 0xD3A4, 0xAA20, 0x91C0, 0xA200,
    0xB240, 0xA1E0, 0x99E0, 0xA220, 0xAA20, 0xAA20, 0xAA40, 0xAA61,
    0xA220, 0xA200, 0x99E0, 0x99E0, 0xAA00, 0xBA80, 0xAA40, 0xC2C1,
    0xD363, 0xF56B, 0xFE30, 0xFE50, 0xFE51, 0xFE51, 0xFE51, 0xFE2F,
    0xFED4, 0xE655, 0xACD1, 0xACD1, 0xACB1, 0xACB1, 0xACB1, 0xA4B1,
    0xA4B1, 0xA491, 0xA491, 0xA491, 0xA490, 0xA48F, 0x9C6E, 0x9C6D,
    0x948B, 0x948A, 0x8C88, 0x8CC6, 0x8CC3, 0x8CE0, 0x8CE0, 0x9500,
    0x9500, 0x8D00, 0x8CE0, 0x8CE0, 0x84C0, 0x84A0, 0x7C80, 0x7C60,
    0x7C40, 0x7440, 0x7420, 0x6C00, 0x6C00, 0x6C00, 0x6C00, 0x6C00,
    0x7420, 0x7C60, 0x84A0, 0x9500, 0xA560, 0xADC0, 0xB600, 0xBE20,
    0xBE20, 0xBE20, 0xB600, 0xADC0, 0xA5A0, 0xA580, 0x9D80, 0x9D80,
    0xA580, 0x9D60, 0x9520, 0x8CE0, 0x84A0, 0x7C41, 0x73E2, 0x6383,
    0x5B24, 0x4AA4, 0x3A63, 0x2A21, 0x2A20, 0x3240, 0x3280, 0x3AA0,
    0x42C0, 0x4300, 0x4B00, 0x4B00, 0x4B00, 0x4B00, 0x4B01, 0x5325,
    0x5349, 0x536A, 0x536B, 0x534B, 0x534C, 0x534C, 0x532C, 0x4B0B,
    0x42AA, 0x3246, 0x2A02, 0x29E1, 0x2A02, 0x2A02, 0x2A01, 0x2A00,
    0xCC49, 0xCC49, 0xCC49, 0xCC49, 0xD449, 0xD449, 0xCC49, 0xD469,
    0xD46A, 0xD46A, 0xD46A, 0xD46A, 0xD46A, 0xD46A, 0xD48A, 0xD48A,
    0xD48A, 0xD48A, 0xD469, 0xD469, 0xD469, 0xD469, 0xCC69, 0xD469,
    0xD469, 0xD469, 0xD469, 0xD469, 0xCC69, 0xCC69, 0xCC69, 0xD469,
    0xD48A, 0xD4AA, 0xD4AB, 0xD4CB, 0xD4CB, 0xD4CC, 0xD4CC, 0xD4CC,
    0xD4CC, 0xD4EC, 0xD4EC, 0xD4CC, 0xD4CB, 0xD48A, 0xD46A, 0xCC69,
    0xCC69, 0xCC69, 0xCC69, 0xCC69, 0xCC69, 0xCC69, 0xCC69, 0xCC8A,
    0xD48A, 0xD48A, 0xD48A, 0xCC8A, 0xCC8A, 0xCC6A, 0xCC6A, 0xC44A,
    0xC429, 0xC429, 0xC449, 0xCC4A, 0xCC6A, 0xCC6A, 0xCC6A, 0xC46B,
    0xC46C, 0xC48D, 0xC4AE, 0xC4CF, 0xC4F0, 0xC531, 0xCD52, 0xCD52,
    0xCD52, 0xCD52, 0xCD72, 0xCD52, 0xCD72, 0xCD72, 0xCD73, 0xCD73,
    0xC594, 0xED2D, 0xF509, 0xFEF4, 0xFE2E, 0xECE9, 0xDC26, 0xECA9,
    0xE3E5, 0xD343, 0xD385, 0xF56C, 0xFDED, 0xFDEC, 0xFE4F, 0xFE0E,
    0xFDCC, 0xF5AB, 0xFDED, 0xFE0E, 0xF5CC, 0xFDED, 0xF5CC, 0xF5ED,
    0xF5AC, 0xF5AC, 0xDC46, 0xD363, 0xC2E1, 0xB260, 0xA200, 0x91C0,
    0xAA20, 0xA200, 0xA220, 0xAA20, 0xAA20, 0xB240, 0xAA20, 0xA220,
    0x99C0, 0xAA41, 0xAA40, 0xAA20, 0xA200, 0xB260, 0xC2C1, 0xC2E2,
    0xD301, 0xE404, 0xFDEE, 0xFE0F, 0xFE51, 0xFE51, 0xFE71, 0xFE30,
    0xFE72, 0xEE75, 0xACD1, 0xACB1, 0xACB1, 0xA4B1, 0xA4B1, 0xA4B1,
    0xA4B1, 0xA491, 0xA491, 0x9C90, 0x9C90, 0x9C8F, 0x9C6D, 0x946C,
    0x8C6A, 0x8C69, 0x8C66, 0x8484, 0x8480, 0x84A0, 0x84A0, 0x84A0,
    0x84A0, 0x84A0, 0x84A0, 0x8480, 0x7C60, 0x7C40, 0x7C40, 0x7440,
    0x7420, 0x7400, 0x6C00, 0x6C00, 0x6BE0, 0x63E0, 0x63E0, 0x63E0,
    0x6C00, 0x7440, 0x84A0, 0x94E0, 0x9D60, 0xADA0, 0xB5E0, 0xBE20,
    0xBE20, 0xB620, 0xB600, 0xADE0, 0xA5C0, 0xA5A0, 0xA5A0, 0xA580,
    0xA580, 0x9D60, 0x9520, 0x8CC0, 0x7C60, 0x7400, 0x63A0, 0x5320,
    0x4AE1, 0x3A81, 0x3241, 0x3220, 0x2A20, 0x3260, 0x3A80, 0x42C0,
    0x42E0, 0x4B00, 0x4B20, 0x4B20, 0x4B20, 0x4B20, 0x5320, 0x5345,
    0x5348, 0x536A, 0x536A, 0x536B, 0x534B, 0x532C, 0x532B, 0x4AEB,
    0x42A9, 0x3246, 0x2A03, 0x3203, 0x3224, 0x3224, 0x3223, 0x3223,
    0xC408, 0xC408, 0xC408, 0xC408, 0xC408, 0xCC28, 0xCC28, 0xCC29,
    0xCC49, 0xCC49, 0xCC49, 0xCC49, 0xCC49, 0xCC49, 0xCC49, 0xCC49,
    0xCC49, 0xCC28, 0xCC28, 0xCC28, 0xCC28, 0xCC28, 0xCC28, 0xCC48,
    0xCC48, 0xCC48, 0xCC48, 0xCC48, 0xCC48, 0xCC48, 0xCC48, 0xCC48,
    0xCC49, 0xCC49, 0xCC49, 0xCC69, 0xCC49, 0xCC69, 0xCC69, 0xCC69,
    0xCC69, 0xCC69, 0xCC69, 0xCC69, 0xCC69, 0xCC69, 0xCC69, 0xCC69,
    0xCC69, 0xCC69, 0xD469, 0xCC69, 0xCC69, 0xCC69, 0xCC69, 0xCC6A,
    0xCC8A, 0xCC8A, 0xCC8A, 0xCC8A, 0xCC8A, 0xCC6A, 0xC44A, 0xC44A,
    0xC429, 0xC429, 0xC429, 0xCC4A, 0xCC6A, 0xCC6A, 0xCC6A, 0xC46B,
    0xC48C, 0xC48D, 0xC4AE, 0xC4CF, 0xC4F0, 0xC531, 0xCD52, 0xCD72,
    0xCD52, 0xCD52, 0xCD52, 0xCD72, 0xCD72, 0xCD73, 0xCD73, 0xCD73,
    0xCD93, 0xF4E9, 0xFE30, 0xFEB1, 0xF486, 0xDB84, 0xCB23, 0xE406,
    0xD364, 0xB261, 0xBAA1, 0xE468, 0xFDEE, 0xFE0E, 0xFDEE, 0xFDAC,
    0xFDCD, 0xFE0D, 0xFE2F, 0xFE0E, 0xFDCC, 0xF5AB, 0xF5CD, 0xF60E,
    0xF5AC, 0xE446, 0xC2A1, 0xBA60, 0xC2C1, 0xB260, 0xB240, 0xA220,
    0x8160, 0x7920, 0xAA40, 0xBAA1, 0xBA80, 0xB260, 0xAA20, 0xA200,
    0x99E0, 0xA1E0, 0xAA20, 0xAA20, 0xAA41, 0xB261, 0xC2C1, 0xC2C1,
    0xCB02, 0xD342, 0xF54B, 0xFE2F, 0xFE51, 0xFE51, 0xFE51, 0xFE51,
    0xFE30, 0xFED5, 0xCD93, 0xA4B1, 0xA4D1, 0xA4B1, 0xA4B1, 0xA4B1,
    0xA4B1, 0xA4B1, 0xA491, 0x9C90, 0x9C8F, 0x9C8E, 0x946D, 0x944B,
    0x8C49, 0x8447, 0x8445, 0x7C42, 0x7C60, 0x7C60, 0x7C60, 0x7C60,
    0x7C40, 0x7C40, 0x7420, 0x7420, 0x7420, 0x6C00, 0x6C00, 0x6BE0,
    0x6BE0, 0x6BC0, 0x6BC0, 0x63C0, 0x63E0, 0x63C0, 0x63A0, 0x63A0,
    0x63C0, 0x7400, 0x7C60, 0x8CC0, 0x9D20, 0xA580, 0xADC0, 0xB600,
    0xB600, 0xB600, 0xB5E0, 0xADE0, 0xADC0, 0xA5C0, 0xA5A0, 0xA5A0,
    0xA580, 0x9D40, 0x9500, 0x84A0, 0x7C40, 0x6BC0, 0x5B40, 0x4AE0,
    0x3A80, 0x3240, 0x3240, 0x3240, 0x3240, 0x3260, 0x3AA0, 0x42C0,
    0x42E0, 0x4B00, 0x4B20, 0x5340, 0x5340, 0x5320, 0x5320, 0x5323,
    0x5347, 0x5369, 0x5349, 0x534A, 0x532B, 0x530B, 0x4B0A, 0x4AEA,
    0x42A9, 0x3267, 0x3225, 0x3246, 0x3A67, 0x3A67, 0x3A87, 0x3A87,
    0xBBA7, 0xBBA7, 0xBBA7, 0xBBC7, 0xBBC8, 0xBBC8, 0xBBC8, 0xBBE8,
    0xBBE8, 0xBBE8, 0xBBE8, 0xBBE8, 0xBBE8, 0xC3E8, 0xC3E8, 0xC3E8,
    0xC3E8, 0xBBE7, 0xBBC7, 0xBBC7, 0xBBC7, 0xC3E7, 0xC3E7, 0xC3E7,
    0xC3E7, 0xC407, 0xC3E7, 0xC407, 0xC408, 0xC407, 0xC407, 0xC408,
    0xC408, 0xC408, 0xC408, 0xC408, 0xC408, 0xC408, 0xC428, 0xC408,
    0xC408, 0xC408, 0xC428, 0xC428, 0xC428, 0xCC29, 0xCC49, 0xCC49,
    0xCC49, 0xCC49, 0xCC49, 0xCC49, 0xCC49, 0xCC49, 0xCC49, 0xCC69,
    0xCC6A, 0xCC6A, 0xCC8A, 0xCC8A, 0xCC6A, 0xC46A, 0xC44A, 0xC429,
    0xC429, 0xC429, 0xC429, 0xCC4A, 0xCC6A, 0xCC8A, 0xCC6A, 0xCC6B,
    0xC48C, 0xC4AD, 0xC4AE, 0xC4CF, 0xC510, 0xC531, 0xC552, 0xCD72,
    0xCD52, 0xCD72, 0xCD72, 0xCD72, 0xCD73, 0xCD73, 0xCD73, 0xC593,
    0xD571, 0xFD09, 0xFE92, 0xFDAC, 0xE3E5, 0xCB23, 0xCB03, 0xDBA5,
    0xCB23, 0xC2E2, 0xC2E2, 0xDC27, 0xF58C, 0xED2B, 0xED2B, 0xF5CC,
    0xFDEE, 0xFE2F, 0xFE2E, 0xFE0D, 0xFE0D, 0xF5CC, 0xF5ED, 0xFE0E,
    0xECC8, 0xBA80, 0xBA60, 0xBA60, 0xBAA0, 0xB240, 0xB240, 0xAA20,
    0x8980, 0x8180, 0x99E0, 0xB261, 0xBAA1, 0xC2A1, 0xBA80, 0xAA20,
    0xAA20, 0xAA20, 0xAA20, 0xB281, 0xBAA1, 0xBAA1, 0xBAC2, 0xB261,
    0xBAA1, 0xCB22, 0xECC8, 0xFE0F, 0xFE72, 0xFE72, 0xFE92, 0xF5EF,
    0xECC9, 0xFE2F, 0xE614, 0xA4D2, 0xA4D2, 0xA4D2, 0xA4D2, 0xA4D2,
    0xA4B2, 0xA4B2, 0x9C91, 0x9C90, 0x9C8F, 0x9C6E, 0x946C, 0x8C4A,
    0x8448, 0x8446, 0x7C44, 0x7C41, 0x7420, 0x7420, 0x7420, 0x7400,
    0x6C00, 0x6BE0, 0x63C0, 0x63A0, 0x63A0, 0x6380, 0x6380, 0x5B80,
    0x5B80, 0x5B80, 0x6380, 0x63A0, 0x63A0, 0x5B80, 0x5B80, 0x5B60,
    0x5B80, 0x63C0, 0x7420, 0x8480, 0x8CE0, 0x9D40, 0xA580, 0xADC0,
    0xADE0, 0xB5E0, 0xB5E0, 0xADE0, 0xADC0, 0xA5C0, 0xA5A0, 0xA5A0,
    0x9D60, 0x9520, 0x8CE0, 0x8480, 0x7420, 0x63A0, 0x5300, 0x42A0,
    0x3A40, 0x3220, 0x3240, 0x3260, 0x3260, 0x3280, 0x3AA0, 0x42C0,
    0x4B00, 0x4B20, 0x5340, 0x5340, 0x5340, 0x5340, 0x4B20, 0x4B21,
    0x5325, 0x5347, 0x5348, 0x5329, 0x4B09, 0x4AE9, 0x4AE9, 0x42A9,
    0x42A9, 0x3A88, 0x3A88, 0x42A9, 0x42CA, 0x42CA, 0x42EB, 0x42EB,
    0xA347, 0xA346, 0xAB66, 0xAB67, 0xAB67, 0xAB67, 0xAB87, 0xAB87,
    0xAB87, 0xB387, 0xB3A7, 0xB3A7, 0xB3A7, 0xB387, 0xB387, 0xB387,
    0xB387, 0xAB66, 0xAB66, 0xAB66, 0xB366, 0xB386, 0xB386, 0xB386,
    0xB386, 0xB386, 0xBB86, 0xBBA6, 0xBBA6, 0xBBA6, 0xBBA6, 0xBBA7,
    0xBBC7, 0xC3C7, 0xBBC7, 0xBBC7, 0xBBC7, 0xBBC7, 0xBBC7, 0xBBC7,
    0xBBC7, 0xBBC7, 0xBBE7, 0xBBE7, 0xBBE8, 0xC3E8, 0xC408, 0xC408,
    0xC408, 0xC408, 0xC428, 0xC429, 0xC429, 0xC429, 0xC449, 0xC449,
    0xC44A, 0xCC6A, 0xCC6A, 0xCC6A, 0xC46A, 0xC44A, 0xC42A, 0xBC29,
    0xBC09, 0xC409, 0xC429, 0xC44A, 0xCC6A, 0xCC8A, 0xCC6A, 0xCC8B,
    0xC48C, 0xC4AD, 0xC4AE, 0xC4F0, 0xC510, 0xC531, 0xC552, 0xCD72,
    0xCD72, 0xCD72, 0xCD72, 0xCD73, 0xCD73, 0xCD73, 0xCD73, 0xC594,
    0xE54E, 0xFCE8, 0xFE92, 0xFD4A, 0xDBA5, 0xC303, 0xD364, 0xD343,
    0xCB02, 0xBA81, 0xCAE2, 0xD3C6, 0xC323, 0xD364, 0xCB64, 0xF56C,
    0xFE2F, 0xFE0E, 0xFE0D, 0xFDED, 0xFE0D, 0xF5ED, 0xF5CC, 0xF58B,
    0xCB63, 0xA200, 0xBA80, 0xC2C1, 0xC2A0, 0xAA20, 0xA1E0, 0xAA20,
    0xAA20, 0xBA81, 0xB261, 0xA200, 0xAA40, 0xB260, 0xC2A0, 0xC2A0,
    0xBA60, 0xB240, 0xAA20, 0xC2C1, 0xCB22, 0xBAC2, 0xAA61, 0xBA81,
    0xAA20, 0xBA80, 0xE467, 0xFE30, 0xFE51, 0xFE93, 0xFE72, 0xF5AF,
    0xDBA5, 0xF4A7, 0xEDAF, 0xACF2, 0xA4D2, 0xA4D2, 0xA4D2, 0xA4B2,
    0xA4B2, 0xA4B1, 0x9CB1, 0x9C8F, 0x9C8E, 0x946D, 0x944B, 0x8C49,
    0x8446, 0x7C24, 0x7421, 0x7420, 0x7400, 0x6C00, 0x6BE0, 0x6BC0,
    0x63A0, 0x5B60, 0x5B40, 0x5B40, 0x5340, 0x5320, 0x5320, 0x5320,
    0x5320, 0x5320, 0x5B40, 0x5B40, 0x5B60, 0x5B60, 0x5B40, 0x5340,
    0x5341, 0x5B81, 0x6BC0, 0x7420, 0x8480, 0x94E0, 0x9D40, 0xA580,
    0xADA0, 0xADC0, 0xADE0, 0xADE0, 0xADC0, 0xA5C0, 0xA5A0, 0xA580,
    0x9D40, 0x9500, 0x84A0, 0x7C40, 0x6BE0, 0x5B60, 0x4AC0, 0x3A60,
    0x3220, 0x3220, 0x3240, 0x3260, 0x3280, 0x3A80, 0x3AA0, 0x42E0,
    0x4B00, 0x4B20, 0x5340, 0x5340, 0x5340, 0x4B20, 0x4B00, 0x4B00,
    0x4B03, 0x4B06, 0x4B07, 0x4B07, 0x4AE8, 0x4AC8, 0x42A7, 0x42A8,
    0x42A8, 0x42A9, 0x42AA, 0x4AEB, 0x4B0C, 0x4B2D, 0x4B2D, 0x4B2D,
    0x9306, 0x9B06, 0x9B06, 0x9B06, 0x9B06, 0x9B26, 0x9B26, 0x9B26,
    0xA326, 0xA347, 0xA347, 0xA347, 0xA347, 0xA346, 0xA326, 0xA326,
    0x9B26, 0x9B05, 0x9B05, 0x9B05, 0xA305, 0xA305, 0xA305, 0xA305,
    0xA305, 0xA325, 0xAB25, 0xAB45, 0xAB45, 0xAB45, 0xAB45, 0xB366,
    0xB386, 0xB386, 0xB386, 0xB386, 0xB386, 0xB386, 0xB386, 0xB3A6,
    0xB3A7, 0xB3A7, 0xB3A7, 0xB3A7, 0xB3A7, 0xB3C7, 0xB3C7, 0xBBC8,
    0xBBE8, 0xBBE8, 0xBBE8, 0xBBE8, 0xBC09, 0xBC09, 0xC409, 0xC429,
    0xC449, 0xC44A, 0xC46A, 0xC46B, 0xC44A, 0xC44A, 0xBC2A, 0xBC09,
    0xBC09, 0xBC09, 0xC429, 0xC449, 0xCC6A, 0xCC8A, 0xCC8A, 0xCC8B,
    0xC48C, 0xC4AD, 0xC4CF, 0xC4F0, 0xC511, 0xC531, 0xCD52, 0xCD72,
    0xCD73, 0xCD73, 0xCD73, 0xCD73, 0xCD73, 0xCD73, 0xCD93, 0xCDB4,
    0xECEB, 0xFD8C, 0xFEB1, 0xEC46, 0xDBA5, 0xDBA5, 0xDBA5, 0xD343,
    0xC2A2, 0xAA20, 0xCB02, 0xBA81, 0xBAA1, 0xC2C2, 0xBAA1, 0xE467,
    0xED4B, 0xF60E, 0xF60E, 0xFE0E, 0xFDED, 0xF5CC, 0xFDED, 0xE487,
    0xC2C1, 0xAA40, 0xC2C1, 0xCAE1, 0xAA40, 0xA1E0, 0xA200, 0xB260,
    0xBAA1, 0xCB02, 0xB261, 0xB260, 0xB260, 0xC2A1, 0xC2A1, 0xCAC1,
    0xD2E1, 0xC2C2, 0xB261, 0xC2C2, 0xCB02, 0xC2E2, 0xB281, 0xB261,
    0xC2A1, 0xC2A1, 0xD362, 0xFDCE, 0xFE71, 0xFEB4, 0xEDAF, 0xDC48,
    0xD365, 0xEC05, 0xFD4C, 0xB513, 0xA4D2, 0xA4D2, 0xA4B2, 0xA4B2,
    0xA4B1, 0x9CB1, 0x9CB0, 0x9C8F, 0x946D, 0x946B, 0x8C4A, 0x8448,
    0x7C25, 0x7422, 0x7420, 0x7400, 0x6C00, 0x6BE0, 0x6BC0, 0x63A0,
    0x5B60, 0x5340, 0x5320, 0x4B00, 0x4B00, 0x4AE0, 0x4AC0, 0x4AC0,
    0x4AE0, 0x4AE0, 0x5300, 0x5301, 0x5321, 0x5301, 0x5301, 0x5301,
    0x5321, 0x5341, 0x5B80, 0x6BC0, 0x7C40, 0x84A0, 0x94E0, 0x9D20,
    0x9D60, 0xA580, 0xADA0, 0xADC0, 0xADC0, 0xA5A0, 0xA580, 0x9D60,
    0x9520, 0x8CE0, 0x8480, 0x7420, 0x63A0, 0x5320, 0x42A0, 0x3240,
    0x3220, 0x3220, 0x3240, 0x3260, 0x3A80, 0x3AA0, 0x42C0, 0x42E0,
    0x4B20, 0x4B20, 0x5340, 0x5340, 0x4B40, 0x4B00, 0x4AE0, 0x42C0,
    0x42C0, 0x4AE3, 0x4AC4, 0x42C5, 0x4AA5, 0x42A6, 0x4285, 0x4286,
    0x42A8, 0x42AA, 0x4AEB, 0x4B2D, 0x534E, 0x536F, 0x5B70, 0x536F,
    0x8AA5, 0x8AC5, 0x8AC5, 0x92E6, 0x92E6, 0x92E6, 0x92E6, 0x92E6,
    0x92E6, 0x92E6, 0x92E6, 0x92E6, 0x92E6, 0x92E6, 0x8AC5, 0x8AC5,
    0x8AA5, 0x8AA4, 0x8A84, 0x8A83, 0x8A83, 0x9283, 0x9283, 0x92A3,
    0x92A3, 0x92A3, 0x9AA3, 0x9AC4, 0x9AC4, 0x9AE4, 0xA304, 0xA325,
    0xAB25, 0xAB25, 0xAB25, 0xAB25, 0xAB45, 0xAB45, 0xAB46, 0xAB46,
    0xAB46, 0xAB46, 0xAB66, 0xAB66, 0xAB86, 0xAB87, 0xB387, 0xB3A7,
    0xB3A7, 0xB3A8, 0xB3C8, 0xB3C8, 0xB3C8, 0xB3E9, 0xBC09, 0xBC09,
    0xBC2A, 0xC44A, 0xC44B, 0xC46B, 0xC44B, 0xBC4A, 0xBC0A, 0xB3E9,
    0xB3E9, 0xBBE9, 0xC409, 0xC429, 0xCC6A, 0xCC8A, 0xCC8A, 0xCC8B,
    0xCCAC, 0xC4AD, 0xC4CF, 0xC4F0, 0xC511, 0xC552, 0xCD72, 0xCD73,
    0xCD73, 0xCD73, 0xCD93, 0xCD93, 0xCD93, 0xCD93, 0xCD93, 0xD592,
    0xF4C8, 0xFEB2, 0xFDAC, 0xEBE5, 0xDB85, 0xE406, 0xDBA5, 0xCB23,
    0xAA21, 0xB281, 0xBAC2, 0xBA81, 0xC2A1, 0xC281, 0xC2C1, 0xCB01,
    0xE467, 0xF5EE, 0xF5EE, 0xFE2E, 0xFE0D, 0xF5ED, 0xFE0E, 0xDC25,
    0xBA80, 0xB260, 0xBAA1, 0xB260, 0x91C0, 0xA1E0, 0xA200, 0xB281,
    0xC2E2, 0xCB01, 0xBAA1, 0xB261, 0xBAA1, 0xC2C1, 0xCB01, 0xCB02,
    0xCAE1, 0xCAC1, 0xC2A1, 0xB281, 0xC2C2, 0xC2E2, 0xCB03, 0xB281,
    0xB281, 0xC2E2, 0xCB22, 0xF54B, 0xFE72, 0xFEB3, 0xED8E, 0xC303,
    0xD364, 0xE405, 0xFD09, 0xC531, 0x9CB2, 0xA4B2, 0xA4B2, 0xA4B2,
    0x9C91, 0x9C91, 0x9C90, 0x946E, 0x946C, 0x8C4A, 0x8C49, 0x8447,
    0x7C24, 0x7420, 0x7400, 0x7400, 0x6BE0, 0x6BE0, 0x6BC1, 0x6381,
    0x5B60, 0x5340, 0x5300, 0x4AE0, 0x4AE0, 0x4AC0, 0x42A0, 0x42A0,
    0x42A0, 0x42A0, 0x42A0, 0x4AC0, 0x4AC0, 0x4AC0, 0x4AC0, 0x4AE1,
    0x4AE1, 0x4B00, 0x5320, 0x5B80, 0x6BE0, 0x7C40, 0x8480, 0x8CE0,
    0x9500, 0x9D40, 0xA580, 0xA580, 0xA5A0, 0xA580, 0x9D60, 0x9540,
    0x9500, 0x84C0, 0x7C60, 0x6BE0, 0x5B60, 0x4AE0, 0x3A80, 0x3240,
    0x3220, 0x3220, 0x3240, 0x3260, 0x3A80, 0x3AA0, 0x42C0, 0x42E0,
    0x4B00, 0x4B20, 0x4B20, 0x4B20, 0x4B00, 0x4AE0, 0x42E0, 0x42C0,
    0x3AA0, 0x4280, 0x4281, 0x4282, 0x4283, 0x4263, 0x4263, 0x4265,
    0x42A8, 0x4ACA, 0x4B0C, 0x534E, 0x536E, 0x536F, 0x5B70, 0x5B90,
    0x82A5, 0x8AA5, 0x8AC5, 0x8AC5, 0x8AC6, 0x8AC5, 0x8AC5, 0x8AA5,
    0x8AA5, 0x8AA5, 0x82A5, 0x82A5, 0x8285, 0x8285, 0x8265, 0x8264,
    0x8244, 0x8243, 0x8223, 0x7A22, 0x7A22, 0x8222, 0x8222, 0x8242,
    0x8A42, 0x8A62, 0x8A62, 0x9283, 0x9283, 0x9AA3, 0x9AC4, 0x9AE4,
    0xA2E4, 0xA2E4, 0xA2E4, 0xA304, 0xA304, 0xA305, 0xA325, 0xA325,
    0xA325, 0xA325, 0xA346, 0xA346, 0xAB46, 0xAB46, 0xAB67, 0xAB67,
    0xAB87, 0xABA8, 0xB3A8, 0xB3C8, 0xB3C8, 0xB3E9, 0xB409, 0xBC0A,
    0xBC2A, 0xBC4A, 0xC44B, 0xC46B, 0xBC4B, 0xBC2A, 0xBC0A, 0xB3E9,
    0xB3E9, 0xB3E9, 0xBC09, 0xC449, 0xCC6A, 0xCC8A, 0xCC8A, 0xCC8B,
    0xCCAC, 0xC4CD, 0xC4EF, 0xC510, 0xC531, 0xCD52, 0xCD72, 0xCD73,
    0xCD93, 0xCD93, 0xCD93, 0xCD93, 0xCD93, 0xCD93, 0xCD94, 0xDD6F,
    0xFD8B, 0xFF15, 0xFD6B, 0xE3C5, 0xCB44, 0xEC26, 0xDBA5, 0xC2C2,
    0xAA21, 0xBAC2, 0xBAA1, 0xB261, 0xC2C1, 0xCB02, 0xBA81, 0xBA60,
    0xD3A4, 0xF58C, 0xFE0F, 0xFE2F, 0xFE2F, 0xF5AB, 0xFDCC, 0xDC05,
    0xBA80, 0xB260, 0xB260, 0xAA40, 0xA200, 0xA220, 0xB260, 0xB260,
    0xC2C1, 0xCB01, 0xC2C1, 0xB280, 0xBAA1, 0xD342, 0xCB22, 0xC2C1,
    0xD322, 0xCAC1, 0xCAC1, 0xB260, 0xAA20, 0xBA81, 0xCAE2, 0xD322,
    0xB261, 0xBAA2, 0xD322, 0xF52A, 0xFE71, 0xFE71, 0xED0B, 0xBAC3,
    0xCB44, 0xE3E6, 0xFCA7, 0xD52F, 0x9CB2, 0xA4B2, 0xA4B2, 0x9C91,
    0x9C91, 0x9C90, 0x946F, 0x946D, 0x8C6B, 0x8C4A, 0x8428, 0x8426,
    0x7C22, 0x7420, 0x7400, 0x7401, 0x73E1, 0x73E2, 0x6BA3, 0x6362,
    0x5B42, 0x5321, 0x4B00, 0x4AE0, 0x4AC0, 0x4AC0, 0x42A0, 0x42A0,
    0x42A0, 0x4280, 0x4280, 0x3A80, 0x3A80, 0x4280, 0x4280, 0x42A0,
    0x4AC0, 0x4AC0, 0x4AE0, 0x5340, 0x6380, 0x6BE0, 0x7C40, 0x8480,
    0x8CC0, 0x9500, 0x9520, 0x9D40, 0x9D40, 0x9D40, 0x9520, 0x9500,
    0x8CC0, 0x7C80, 0x7420, 0x6BC0, 0x5B40, 0x42C0, 0x3A60, 0x3A60,
    0x3260, 0x3260, 0x3260, 0x3A60, 0x3A80, 0x3AA0, 0x42C0, 0x42E0,
    0x4300, 0x4B00, 0x4B00, 0x4B00, 0x42E0, 0x42C0, 0x42C0, 0x3AA0,
    0x3A80, 0x3A60, 0x3A40, 0x3A40, 0x3A40, 0x3A40, 0x3A42, 0x4265,
    0x42A8, 0x4AEB, 0x532D, 0x534E, 0x534E, 0x536F, 0x5B70, 0x5B90,
    0x8AA6, 0x8AC6, 0x8AC5, 0x8AC5, 0x8AC6, 0x8AC6, 0x8AC5, 0x8AC5,
    0x8AA5, 0x82A5, 0x82A5, 0x8285, 0x8285, 0x8285, 0x8265, 0x8264,
    0x8243, 0x7A23, 0x7A22, 0x7A02, 0x7A02, 0x7A22, 0x8222, 0x8222,
    0x8242, 0x8A42, 0x8A62, 0x9283, 0x92A3, 0x9AA3, 0x9AC4, 0x9AC4,
    0x9AE4, 0xA2E4, 0xA304, 0xA305, 0xA325, 0xA325, 0xA325, 0xA325,
    0xA325, 0xA325, 0xA346, 0xA346, 0xAB46, 0xAB66, 0xAB67, 0xAB87,
    0xAB88, 0xB3A8, 0xB3C8, 0xB3C8, 0xB3E9, 0xB409, 0xBC0A, 0xBC2A,
    0xBC4A, 0xC44B, 0xC46B, 0xC46B, 0xBC4B, 0xBC2A, 0xBC0A, 0xB3E9,
    0xB3E9, 0xBBE9, 0xBC09, 0xC449, 0xCC6A, 0xCC8A, 0xCC8B, 0xCC8B,
    0xCCAC, 0xC4CE, 0xC4EF, 0xC510, 0xCD31, 0xCD52, 0xCD72, 0xCD93,
    0xCD93, 0xCD93, 0xCD93, 0xCD93, 0xCD93, 0xCD93, 0xCD93, 0xED4D,
    0xFDEE, 0xFF15, 0xFD8B, 0xDB84, 0xE3E5, 0xE3E5, 0xDBA5, 0xCAE2,
    0xD364, 0xD364, 0xBAA1, 0xBAA1, 0xCB02, 0xBAA2, 0xAA00, 0xC2E2,
    0xD384, 0xED4B, 0xFE50, 0xFE2F, 0xFE2E, 0xF58B, 0xF58B, 0xE3E4,
    0xCAE1, 0xBA80, 0xAA00, 0xAA40, 0xAA41, 0xB240, 0xB260, 0xB261,
    0xB261, 0xBA81, 0xC2C1, 0xC2C1, 0xCB02, 0xC2E2, 0xAA20, 0xA1E0,
    0xB240, 0xB261, 0xD363, 0xD322, 0xC2A1, 0xC2A1, 0xC281, 0xCB02,
    0xBAA2, 0xBAA1, 0xD322, 0xECE9, 0xFE51, 0xFE51, 0xED2C, 0xC303,
    0xC2E3, 0xDBA5, 0xEC26, 0xF50B, 0xACB1, 0x9C92, 0x9C92, 0x9C91,
    0x9C91, 0x948F, 0x946E, 0x944D, 0x8C4B, 0x842A, 0x8428, 0x7C25,
    0x7C23, 0x7421, 0x7402, 0x7403, 0x73E3, 0x73E4, 0x6BA4, 0x6363,
    0x5B23, 0x5302, 0x4AE1, 0x4AC0, 0x4AC0, 0x42C0, 0x42A0, 0x42A0,
    0x42A0, 0x4280, 0x4280, 0x3A80, 0x3A80, 0x4280, 0x4280, 0x42A0,
    0x42A0, 0x42C0, 0x42C0, 0x4B00, 0x5B40, 0x63A0, 0x7400, 0x7C40,
    0x7C80, 0x84A0, 0x8CC0, 0x8CE0, 0x8D00, 0x8D00, 0x8CE0, 0x84C0,
    0x8480, 0x7C40, 0x6C00, 0x6380, 0x5320, 0x42A0, 0x3A80, 0x3A80,
    0x3A80, 0x3A80, 0x3A80, 0x3A80, 0x3A80, 0x3AA0, 0x42C0, 0x42E0,
    0x42E0, 0x42E0, 0x42E0, 0x42E0, 0x42C0, 0x42A0, 0x3A80, 0x3A80,
    0x3260, 0x3240, 0x3220, 0x3200, 0x3220, 0x3A20, 0x3A21, 0x4265,
    0x42A8, 0x4AEB, 0x532D, 0x534D, 0x534E, 0x5B6F, 0x5B6F, 0x5B90,
    0x8AC6, 0x8AC6, 0x8AC6, 0x8AC6, 0x8AC6, 0x8AC6, 0x8AC6, 0x8AA5,
    0x8AA5, 0x8AA5, 0x8AA5, 0x82A5, 0x82A5, 0x8285, 0x8285, 0x8264,
    0x8244, 0x7A23, 0x7A23, 0x7A22, 0x7A22, 0x8222, 0x8222, 0x8242,
    0x8A42, 0x8A63, 0x9283, 0x9283, 0x92A4, 0x9AC4, 0x9AE4, 0x9AE4,
    0xA305, 0xA305, 0xA305, 0xA325, 0xA325, 0xA325, 0xAB46, 0xAB46,
    0xAB46, 0xAB46, 0xAB46, 0xAB66, 0xAB87, 0xAB87, 0xAB87, 0xB3A8,
    0xB3C8, 0xB3C8, 0xB3E9, 0xB3E9, 0xBC0A, 0xBC2A, 0xBC2A, 0xBC4B,
    0xBC6B, 0xC46B, 0xC46B, 0xC46B, 0xC44B, 0xBC4B, 0xBC2A, 0xBC0A,
    0xB3E9, 0xBBE9, 0xBC09, 0xC449, 0xCC6A, 0xCC8A, 0xCC8B, 0xCCAB,
    0xCCAD, 0xCCCE, 0xC4EF, 0xC510, 0xCD51, 0xCD72, 0xCD73, 0xCD93,
    0xCD93, 0xCD93, 0xCD93, 0xCD93, 0xCD93, 0xCD93, 0xD592, 0xFD2A,
    0xFE71, 0xFEB2, 0xFD09, 0xE3E6, 0xE3E5, 0xEC06, 0xD343, 0xDBA4,
    0xE3E5, 0xCB02, 0xC2E2, 0xC2E2, 0xC2C1, 0xB261, 0xAA41, 0xCB43,
    0xD363, 0xF5AD, 0xFE2F, 0xFE0E, 0xF5CC, 0xF56B, 0xFDED, 0xEC87,
    0xDB41, 0xC2C1, 0xAA20, 0xA221, 0xA200, 0xA220, 0xAA40, 0xB260,
    0xAA20, 0xB261, 0xBAA1, 0xD322, 0xCB22, 0xC302, 0xB261, 0xB240,
    0xC2A1, 0xAA40, 0xD343, 0xDB83, 0xCB23, 0xCB02, 0xBAA1, 0xBAA1,
    0xCB03, 0xC2A1, 0xE3A3, 0xF54B, 0xFE71, 0xF630, 0xE4EB, 0xDBE7,
    0xC2E3, 0xC303, 0xDBA5, 0xFCE9, 0xC4F0, 0x9492, 0x9C92, 0x9C91,
    0x9C90, 0x946F, 0x946E, 0x8C4D, 0x8C4B, 0x842A, 0x8428, 0x7C25,
    0x7C24, 0x7C23, 0x7C04, 0x7C05, 0x73E5, 0x73C5, 0x6B85, 0x6364,
    0x5B23, 0x5302, 0x4AE1, 0x4AC0, 0x42C0, 0x42C0, 0x42A0, 0x42A0,
    0x42A0, 0x42A0, 0x4280, 0x4280, 0x4280, 0x42A0, 0x42C0, 0x42C0,
    0x42C0, 0x42C0, 0x42C0, 0x4AE0, 0x5320, 0x5B60, 0x63A0, 0x6BE0,
    0x7420, 0x7440, 0x7C60, 0x7C60, 0x8480, 0x8480, 0x7C80, 0x7C60,
    0x7440, 0x6C00, 0x63C0, 0x5B60, 0x4B00, 0x42C0, 0x42A0, 0x42A0,
    0x42A0, 0x42A0, 0x3AA0, 0x3AA0, 0x3AA0, 0x3AA0, 0x3AC0, 0x42C0,
    0x42C0, 0x42C0, 0x42C0, 0x42A0, 0x3AA0, 0x3A80, 0x3A60, 0x3240,
    0x3220, 0x2A00, 0x29E0, 0x29E0, 0x3200, 0x3200, 0x3A20, 0x4264,
    0x42A8, 0x4ACA, 0x4B0C, 0x532D, 0x534E, 0x5B4F, 0x5B6F, 0x5B90,
    0x8AC6, 0x8AC6, 0x8AC6, 0x8AE6, 0x8AC6, 0x8AC6, 0x8AA6, 0x8AA6,
    0x8AC6, 0x8AC5, 0x8AC6, 0x8AA5, 0x8AA5, 0x82A5, 0x8285, 0x8285,
    0x8264, 0x8243, 0x7A23, 0x8222, 0x8222, 0x8222, 0x8242, 0x8A42,
    0x8A63, 0x8A63, 0x9283, 0x92A3, 0x9AC4, 0x9AE4, 0x9B04, 0xA305,
    0xA325, 0xAB25, 0xAB25, 0xAB45, 0xAB46, 0xAB46, 0xAB66, 0xAB66,
    0xAB66, 0xAB66, 0xAB87, 0xB387, 0xB3A7, 0xB3A8, 0xB3C8, 0xB3C8,
    0xB3E9, 0xB3E9, 0xBC09, 0xBC0A, 0xBC2A, 0xBC2A, 0xBC4B, 0xC46B,
    0xC46B, 0xC46B, 0xC46B, 0xC46B, 0xC44B, 0xBC4B, 0xBC2A, 0xB40A,
    0xB3E9, 0xBBE9, 0xBC09, 0xC449, 0xCC6A, 0xCC8A, 0xCC8B, 0xCCAC,
    0xCCCD, 0xCCEE, 0xC4EF, 0xCD10, 0xCD51, 0xCD72, 0xCD72, 0xD593,
    0xD5B3, 0xCD93, 0xCD93, 0xCD93, 0xCD93, 0xCD94, 0xDD91, 0xFD29,
    0xFEF4, 0xFDED, 0xF4A8, 0xDBA5, 0xE427, 0xDB84, 0xDBA4, 0xCB44,
    0xC2C2, 0xCB02, 0xCB03, 0xBAC2, 0xC2C2, 0xBAA1, 0xBAA2, 0xCB02,
    0xD384, 0xF5CE, 0xF5EE, 0xFDED, 0xF5AC, 0xF5EE, 0xFE0E, 0xF529,
    0xDBA3, 0xC2C1, 0xB281, 0xAA41, 0xAA40, 0xBAA1, 0xB281, 0xB240,
    0xB240, 0xC2C1, 0xC2E2, 0xCB22, 0xD322, 0xCB23, 0xBAC1, 0xCB01,
    0xDB63, 0xCB02, 0xD322, 0xDB63, 0xCB02, 0xCB23, 0xC2E2, 0xC2E2,
    0xD363, 0xD343, 0xE3E5, 0xFE0F, 0xFE51, 0xFE51, 0xCBC6, 0xD365,
    0xBAE3, 0xB282, 0xDBA5, 0xFC87, 0xD50F, 0x9C92, 0x9C92, 0x9C91,
    0x9490, 0x946F, 0x946E, 0x944D, 0x8C4B, 0x842A, 0x8428, 0x7C26,
    0x7C25, 0x7C26, 0x7C06, 0x7BE6, 0x73A6, 0x6B86, 0x6365, 0x5B44,
    0x5B23, 0x5302, 0x4AE1, 0x4AC0, 0x4AC0, 0x42C0, 0x42A0, 0x42A0,
    0x42A0, 0x42A0, 0x42A0, 0x42A0, 0x42C0, 0x42C0, 0x42C0, 0x42E0,
    0x42C0, 0x42C0, 0x42C0, 0x4AC0, 0x4B00, 0x5340, 0x5B60, 0x63A0,
    0x6BC0, 0x6BE0, 0x6BE0, 0x6C00, 0x7400, 0x7400, 0x7400, 0x6C00,
    0x6BE0, 0x63C0, 0x6380, 0x5340, 0x4B00, 0x4AE0, 0x42E0, 0x42E0,
    0x42C0, 0x42C0, 0x42C0, 0x42C0, 0x42C0, 0x42C0, 0x42C0, 0x42C0,
    0x42A0, 0x42A0, 0x3A80, 0x3A80, 0x3A80, 0x3260, 0x3240, 0x3220,
    0x29E0, 0x29C0, 0x29C0, 0x29C0, 0x29E0, 0x31E0, 0x3200, 0x3A44,
    0x4287, 0x4AA9, 0x4AEB, 0x530C, 0x532E, 0x5B4E, 0x5B6F, 0x5B8F,
    0x8AC6, 0x8AE6, 0x8AE6, 0x8AE6, 0x8AE6, 0x8AE6, 0x8AC6, 0x8AC6,
    0x8AC6, 0x8AC6, 0x8AC6, 0x8AC6, 0x8AC6, 0x8AC6, 0x82A5, 0x8285,
    0x8264, 0x8244, 0x8243, 0x8223, 0x8242, 0x8242, 0x8243, 0x8A63,
    0x8A63, 0x9283, 0x92A4, 0x9AC4, 0x9AE4, 0xA305, 0xA305, 0xA325,
    0xAB46, 0xAB46, 0xAB66, 0xAB66, 0xAB66, 0xAB66, 0xAB87, 0xB387,
    0xB3A7, 0xB3A7, 0xB3A7, 0xB3C8, 0xB3C8, 0xB3E9, 0xB3E9, 0xB3E9,
    0xBC09, 0xBC0A, 0xBC2A, 0xBC2A, 0xBC2A, 0xBC4B, 0xBC6B, 0xC46B,
    0xC46B, 0xC46C, 0xC46B, 0xC46B, 0xBC4B, 0xBC4B, 0xBC2A, 0xBC0A,
    0xB3E9, 0xBBE9, 0xBC09, 0xC449, 0xCC6A, 0xCC8B, 0xCCAB, 0xCCAC,
    0xCCCD, 0xCCEE, 0xCCEF, 0xCD11, 0xCD51, 0xCD72, 0xCD73, 0xD593,
    0xD5B3, 0xD593, 0xCD93, 0xCD93, 0xCD73, 0xCD94, 0xED4D, 0xFDEF,
    0xFEF4, 0xFD09, 0xEC47, 0xDBA5, 0xDBC5, 0xDBA4, 0xC303, 0xB261,
    0xCB23, 0xC2E2, 0xBAC2, 0xBAC2, 0xC2C1, 0xCAE1, 0xCB22, 0xCB02,
    0xCB84, 0xF54B, 0xF5CD, 0xFE0E, 0xFDED, 0xFE2F, 0xFE0E, 0xF54A,
    0xE3E4, 0xCB21, 0xB261, 0xBAA1, 0xC2C1, 0xBA81, 0xA241, 0xAA40,
    0xC280, 0xC2A1, 0xBAA1, 0xC2E2, 0xB281, 0xD343, 0xBA81, 0xD301,
    0xDB63, 0xD343, 0xDB63, 0xDB63, 0xC2C1, 0xCB23, 0xD323, 0xCB02,
    0xDB63, 0xD343, 0xE425, 0xFE2F, 0xFE51, 0xFE71, 0xDC8A, 0xCB03,
    0xC304, 0xBAC3, 0xDBA5, 0xFCA8, 0xE50D, 0x9C92, 0x9C92, 0x9C92,
    0x9C90, 0x9C90, 0x946F, 0x944D, 0x8C4C, 0x8C2A, 0x8429, 0x8427,
    0x8407, 0x8408, 0x8408, 0x7BC7, 0x7387, 0x6B86, 0x6345, 0x5B24,
    0x5B03, 0x5302, 0x52E2, 0x4AC0, 0x4AC0, 0x42A0, 0x42A0, 0x42A0,
    0x42A0, 0x42A0, 0x42C0, 0x42C0, 0x4AE0, 0x4AE0, 0x4AE0, 0x4AE0,
    0x4AE0, 0x42C0, 0x4AC0, 0x4AE0, 0x4AE0, 0x5300, 0x5320, 0x5B60,
    0x5B60, 0x6380, 0x6380, 0x6380, 0x6380, 0x63A0, 0x6380, 0x6380,
    0x5B80, 0x5B60, 0x5B40, 0x5320, 0x4B20, 0x4B00, 0x4B00, 0x4B00,
    0x4B01, 0x4B01, 0x42E0, 0x42E0, 0x42E0, 0x42C0, 0x42C0, 0x42A0,
    0x3AA0, 0x3A80, 0x3A60, 0x3260, 0x3260, 0x3240, 0x3220, 0x2A00,
    0x29C0, 0x21A0, 0x21A0, 0x21A0, 0x29A0, 0x29A0, 0x31E0, 0x3A23,
    0x4245, 0x4288, 0x4ACA, 0x4B0C, 0x532D, 0x534E, 0x534E, 0x534E,
    0x8AE6, 0x8AE6, 0x8AE6, 0x8AE7, 0x8AE7, 0x8AE7, 0x8AE7, 0x8AE7,
    0x8AE6, 0x8AE6, 0x8AC6, 0x8AC6, 0x8AC6, 0x8AC6, 0x82A6, 0x8285,
    0x8285, 0x8264, 0x8244, 0x8243, 0x8243, 0x8263, 0x8A63, 0x8A63,
    0x9284, 0x92A4, 0x92C4, 0x9AE5, 0x9B05, 0xA305, 0xA326, 0xAB46,
    0xAB66, 0xAB66, 0xAB86, 0xB387, 0xB387, 0xB387, 0xB3A7, 0xB3A7,
    0xB3C7, 0xB3C8, 0xB3C8, 0xB3E8, 0xB3E9, 0xB3E9, 0xBC09, 0xBC0A,
    0xBC0A, 0xBC2A, 0xBC2A, 0xBC4B, 0xBC4B, 0xC44B, 0xC46B, 0xC46C,
    0xC46C, 0xC46C, 0xC46C, 0xC46C, 0xBC6B, 0xBC4B, 0xBC2A, 0xBC0A,
    0xB3E9, 0xBBE9, 0xBC09, 0xC449, 0xCC6A, 0xCC8A, 0xCC8B, 0xCCAC,
    0xCCCD, 0xCCEE, 0xCD0F, 0xCD31, 0xCD51, 0xCD72, 0xCD93, 0xD593,
    0xD5B3, 0xD593, 0xCD93, 0xCD93, 0xCD73, 0xD592, 0xFE31, 0xFF37,
    0xFE2F, 0xF466, 0xEC26, 0xD364, 0xDB84, 0xDB85, 0xCB23, 0xD344,
    0xCB23, 0xC2E2, 0xC2E2, 0xBA81, 0xCB02, 0xCAE2, 0xD342, 0xC2E1,
    0xCB64, 0xE4A9, 0xF5AD, 0xFDED, 0xFDED, 0xFE0E, 0xFDCC, 0xF549,
    0xEC86, 0xD363, 0xC2E2, 0xCB02, 0xC2C1, 0xC2C1, 0xB2A1, 0xAA20,
    0xBA60, 0xCAE1, 0xC2A1, 0xBAC1, 0xA200, 0xD322, 0xCAC1, 0xCB02,
    0xE383, 0xDB63, 0xDB63, 0xDB83, 0xD323, 0xCB02, 0xD302, 0xC2C1,
    0xCB02, 0xDB83, 0xF4C7, 0xFE0F, 0xFE51, 0xFE51, 0xED0C, 0xCB44,
    0xC304, 0xCB03, 0xDBA6, 0xEC67, 0xF50C, 0xACB1, 0x9C92, 0x9CB2,
    0x9C91, 0x9C91, 0x946F, 0x944E, 0x8C4C, 0x842B, 0x842A, 0x8429,
    0x8409, 0x8409, 0x7BE9, 0x73A8, 0x7387, 0x6B66, 0x6345, 0x5B25,
    0x5B04, 0x5B04, 0x52E3, 0x4AE1, 0x4AC0, 0x42A0, 0x42A0, 0x42A0,
    0x42A0, 0x42C0, 0x42E0, 0x4AE0, 0x4B00, 0x4B00, 0x4B00, 0x4AE0,
    0x4AE0, 0x4AE0, 0x42C0, 0x4AC0, 0x4AE0, 0x4AE0, 0x5301, 0x5B21,
    0x5B41, 0x5B41, 0x5320, 0x5320, 0x5320, 0x5320, 0x5320, 0x5320,
    0x5320, 0x5320, 0x5320, 0x5320, 0x5321, 0x5321, 0x4B21, 0x4B22,
    0x4B22, 0x4B21, 0x4B01, 0x4B01, 0x4AE0, 0x42C0, 0x42A0, 0x3A80,
    0x3A80, 0x3A60, 0x3260, 0x3260, 0x3240, 0x3220, 0x2A00, 0x29E0,
    0x21A0, 0x2180, 0x2180, 0x2180, 0x21A0, 0x29A0, 0x29C0, 0x3201,
    0x3A24, 0x4267, 0x4AA9, 0x4AEA, 0x530B, 0x530C, 0x530C, 0x530C,
    0x8AE7, 0x8AE7, 0x8AE7, 0x92E7, 0x8AE7, 0x8AE7, 0x8AE7, 0x8AE7,
    0x8AE7, 0x8AE7, 0x8AC6, 0x8AC6, 0x8AC6, 0x8AC6, 0x82C6, 0x82A5,
    0x8285, 0x8284, 0x8264, 0x8263, 0x8263, 0x8A63, 0x8A83, 0x8A84,
    0x92A4, 0x92C4, 0x9AE5, 0x9B05, 0xA306, 0xA326, 0xAB46, 0xAB66,
    0xAB67, 0xB387, 0xB3A7, 0xB3A7, 0xB3A7, 0xB3A7, 0xB3C7, 0xB3C8,
    0xB3C8, 0xB3E8, 0xB3E8, 0xB3E9, 0xBC09, 0xBC09, 0xBC0A, 0xBC2A,
    0xBC2A, 0xBC4B, 0xBC4B, 0xBC4B, 0xBC4B, 0xC46B, 0xBC6C, 0xBC6C,
    0xC46C, 0xC46C, 0xC46C, 0xC46C, 0xBC6B, 0xBC4B, 0xBC2A, 0xBC09,
    0xB3E9, 0xBBE9, 0xBC09, 0xC449, 0xCC6A, 0xCC8A, 0xCC8B, 0xCCAC,
    0xCCCD, 0xCCEE, 0xCD0F, 0xCD31, 0xCD51, 0xCD72, 0xCD92, 0xD593,
    0xD593, 0xD5B3, 0xCD93, 0xCD93, 0xCD73, 0xE654, 0xFF57, 0xFF16,
    0xFE2F, 0xFD08, 0xEC26, 0xDB84, 0xD385, 0xD364, 0xD323, 0xD364,
    0xC303, 0xCAE2, 0xBAA2, 0xBAA2, 0xBAC2, 0xBAA1, 0xD322, 0xBA81,
    0xC2C1, 0xDC26, 0xF5CD, 0xFE0E, 0xFE0E, 0xFDED, 0xFDCC, 0xF58B,
    0xF52A, 0xD363, 0xBAA1, 0xDB42, 0xCAC1, 0xBA81, 0xB261, 0xAA40,
    0xCB02, 0xD322, 0xD322, 0xC2E2, 0xAA41, 0xCB02, 0xD343, 0xBA81,
    0xD322, 0xDB83, 0xD322, 0xD343, 0xD343, 0xDBA4, 0xDB64, 0xC2C2,
    0xCB23, 0xE3E4, 0xFDAC, 0xFE51, 0xFE31, 0xF5EF, 0xE4EB, 0xD364,
    0xDBA6, 0xD365, 0xDBC6, 0xEC27, 0xFCC9, 0xD510, 0x9C92, 0x9C92,
    0x9C92, 0x9C91, 0x9470, 0x944E, 0x8C4D, 0x8C2C, 0x8C2B, 0x840B,
    0x840B, 0x83EA, 0x7BC9, 0x73A8, 0x6B68, 0x6B67, 0x6346, 0x6326,
    0x5B25, 0x5B05, 0x52E4, 0x4AC2, 0x4AC1, 0x42A0, 0x42A0, 0x4AC0,
    0x4AC0, 0x4AE0, 0x4B00, 0x5300, 0x5320, 0x5320, 0x4B00, 0x4B00,
    0x4AE0, 0x4AE0, 0x4AE0, 0x4AC0, 0x4AE0, 0x4AE2, 0x5304, 0x5324,
    0x5324, 0x5304, 0x52E2, 0x4AE1, 0x4AC0, 0x4AC0, 0x4AC0, 0x4AE0,
    0x4AE0, 0x4B00, 0x5300, 0x5320, 0x5341, 0x5341, 0x5341, 0x5342,
    0x5342, 0x5342, 0x4B22, 0x4B01, 0x4B01, 0x42C0, 0x3AA0, 0x3A60,
    0x3A60, 0x3240, 0x3240, 0x3240, 0x3240, 0x3220, 0x2A00, 0x29C0,
    0x21A0, 0x2160, 0x2160, 0x2160, 0x2180, 0x29A0, 0x29C0, 0x31C0,
    0x3A02, 0x4245, 0x4287, 0x4AA8, 0x4AC9, 0x4AC9, 0x4AA9, 0x4AA9,
    0x8AE7, 0x8AE7, 0x92E7, 0x9307, 0x9307, 0x9307, 0x9307, 0x8B07,
    0x8AE7, 0x8AE7, 0x8AE7, 0x8AE7, 0x82E6, 0x82E6, 0x82C6, 0x82C6,
    0x82A5, 0x82A5, 0x8284, 0x8284, 0x8A83, 0x8A84, 0x8AA4, 0x92A4,
    0x92C4, 0x9AE5, 0x9AE5, 0xA306, 0xA326, 0xAB46, 0xAB66, 0xAB67,
    0xB387, 0xB3A7, 0xB3A7, 0xB3C7, 0xBBC7, 0xBBC8, 0xBBE8, 0xBBE8,
    0xBBE8, 0xBBE9, 0xBC09, 0xBC09, 0xBC09, 0xBC2A, 0xBC2A, 0xBC4A,
    0xBC4B, 0xBC4B, 0xBC4B, 0xBC4B, 0xBC6B, 0xBC6C, 0xBC6C, 0xC46C,
    0xC46C, 0xC48C, 0xC48C, 0xC48C, 0xC46C, 0xBC4B, 0xBC2B, 0xB40A,
    0xB3E9, 0xBBE9, 0xBC09, 0xC449, 0xCC6A, 0xCC8A, 0xCC8A, 0xCCAC,
    0xCCCD, 0xCCEE, 0xCCEF, 0xC510, 0xCD31, 0xCD52, 0xCD93, 0xD593,
    0xD5B3, 0xD593, 0xD593, 0xCD73, 0xCD93, 0xF6D5, 0xFF16, 0xFED4,
    0xFEB2, 0xFDAB, 0xEC26, 0xE3C5, 0xD364, 0xD364, 0xD364, 0xD364,
    0xBA81, 0xB261, 0xBA81, 0xBAC2, 0xB261, 0xC2A1, 0xC2C1, 0xBA81,
    0xBA80, 0xDC26, 0xFE0E, 0xFE4F, 0xFE2F, 0xFE0D, 0xF5AC, 0xFDED,
    0xF529, 0xC2E1, 0xBAA1, 0xD342, 0xC2C1, 0xC2C1, 0xBAA1, 0xCB22,
    0xCB02, 0xC2E2, 0xC2E2, 0xC2C1, 0xAA40, 0xBA81, 0xDB43, 0xCB02,
    0xCAC1, 0xD342, 0xD343, 0xD343, 0xD322, 0xE3E5, 0xDB84, 0xD364,
    0xD363, 0xEC66, 0xFE0E, 0xFE51, 0xFE92, 0xED8D, 0xDBC6, 0xD365,
    0xCB44, 0xDBA5, 0xDBA5, 0xEC47, 0xFCC8, 0xD4EE, 0x9C92, 0x9C92,
    0x9C92, 0x9C91, 0x9470, 0x944F, 0x8C4E, 0x8C2D, 0x8C2D, 0x8C0D,
    0x83EC, 0x83EB, 0x7BCA, 0x73A9, 0x7389, 0x6B69, 0x6B68, 0x6348,
    0x6327, 0x5B05, 0x52E4, 0x4AC2, 0x4AC2, 0x4AC1, 0x4AE0, 0x4AE0,
    0x4B00, 0x5320, 0x5320, 0x5340, 0x5340, 0x5320, 0x5320, 0x4B00,
    0x4B00, 0x4AE0, 0x4AE2, 0x4AE3, 0x4AE5, 0x4AE6, 0x5307, 0x5307,
    0x5307, 0x52E6, 0x4AC5, 0x4AC4, 0x42A1, 0x4280, 0x4280, 0x42A0,
    0x4AC0, 0x4AE0, 0x4B00, 0x5321, 0x5341, 0x5361, 0x5362, 0x5362,
    0x5362, 0x5342, 0x4B22, 0x4B01, 0x4AE1, 0x42C1, 0x3AA0, 0x3A60,
    0x3240, 0x3220, 0x3220, 0x3240, 0x3220, 0x3220, 0x29E0, 0x29C0,
    0x21A0, 0x2160, 0x2160, 0x2180, 0x2180, 0x29A0, 0x29C0, 0x31C0,
    0x31E0, 0x3A22, 0x3A44, 0x4266, 0x4287, 0x4286, 0x4266, 0x4266,
    0x9307, 0x9307, 0x9307, 0x9307, 0x9308, 0x9308, 0x9307, 0x8B07,
    0x8B07, 0x8B07, 0x8B07, 0x8B07, 0x82E7, 0x82E6, 0x82E6, 0x82E6,
    0x82E5, 0x8AC5, 0x8AA4, 0x8A84, 0x8AA4, 0x92A4, 0x92A4, 0x92C4,
    0x9AE5, 0x9AE5, 0x9B05, 0xA326, 0xA346, 0xAB66, 0xAB87, 0xB387,
    0xB3A7, 0xB3C7, 0xB3C8, 0xBBC8, 0xBBE8, 0xBBE8, 0xBBE8, 0xBBE8,
    0xBC09, 0xBC09, 0xBC09, 0xBC09, 0xBC2A, 0xBC2A, 0xBC4A, 0xBC4B,
    0xBC4B, 0xBC6B, 0xBC6B, 0xBC6C, 0xBC6C, 0xBC6C, 0xC48C, 0xC46C,
    0xC46C, 0xC48C, 0xC48C, 0xC48C, 0xC46C, 0xBC4B, 0xBC2B, 0xB40A,
    0xB3E9, 0xBBE9, 0xC409, 0xC429, 0xCC6A, 0xCC8A, 0xCC8A, 0xCCAB,
    0xCCCD, 0xCCEE, 0xC4EF, 0xC510, 0xCD31, 0xCD52, 0xCD72, 0xD5B3,
    0xD5B3, 0xCD93, 0xCD93, 0xDDF4, 0xF695, 0xFED3, 0xFEB3, 0xFED4,
    0xFE92, 0xFDCD, 0xF4A8, 0xE3E6, 0xCB03, 0xC2E2, 0xDB84, 0xBAA1,
    0xAA20, 0xBA81, 0xC2C2, 0xC2E2, 0xCAE2, 0xC2C2, 0xBA81, 0xBAA1,
    0xB240, 0xE467, 0xFE2F, 0xF5CC, 0xFE0E, 0xFE2E, 0xFDAB, 0xFDED,
    0xECC8, 0xBAA0, 0xCB02, 0xCB02, 0xCAE2, 0xCB23, 0xCB02, 0xD343,
    0xC2C1, 0xC2E2, 0xC2E2, 0xD343, 0xBAA1, 0xBA80, 0xD322, 0xCAC1,
    0xD322, 0xDB83, 0xDB64, 0xD323, 0xDB43, 0xE3A4, 0xD343, 0xDB64,
    0xDBA4, 0xF54A, 0xFE30, 0xFE30, 0xFE51, 0xF5EF, 0xCB44, 0xCB24,
    0xC2E3, 0xCB44, 0xCB44, 0xE3E6, 0xFCC9, 0xE4ED, 0xA4B2, 0x9C92,
    0x9C71, 0x9471, 0x9450, 0x9450, 0x8C4F, 0x8C2E, 0x8C2E, 0x8C0E,
    0x840D, 0x83EC, 0x7BCC, 0x7BAB, 0x738A, 0x738A, 0x738A, 0x6B69,
    0x6328, 0x5B06, 0x52E4, 0x4AC3, 0x4AC3, 0x4AE3, 0x5301, 0x5320,
    0x5340, 0x5340, 0x5360, 0x5B60, 0x5B40, 0x5340, 0x5320, 0x5300,
    0x5301, 0x5303, 0x5305, 0x5307, 0x5308, 0x5309, 0x530A, 0x530A,
    0x530A, 0x52E9, 0x52C8, 0x4AA6, 0x4284, 0x4281, 0x4260, 0x4280,
    0x4280, 0x4AC0, 0x4AE0, 0x5321, 0x5341, 0x5B62, 0x5B62, 0x5B62,
    0x5362, 0x5342, 0x5342, 0x4B22, 0x4AE1, 0x42C1, 0x3A80, 0x3240,
    0x3220, 0x3220, 0x3220, 0x3220, 0x3220, 0x3200, 0x29E0, 0x29C0,
    0x21A0, 0x2180, 0x2180, 0x21A0, 0x29A0, 0x29C0, 0x31C0, 0x31E0,
    0x31E0, 0x39E0, 0x3A21, 0x4242, 0x4243, 0x4242, 0x4241, 0x4241,
    0x9308, 0x9308, 0x9308, 0x9328, 0x9308, 0x9308, 0x8B08, 0x8B07,
    0x8B07, 0x8B07, 0x8B07, 0x8B07, 0x8307, 0x8307, 0x8306, 0x8306,
    0x82E5, 0x8AE5, 0x8AC5, 0x8AC4, 0x92C4, 0x92C4, 0x92C4, 0x92E5,
    0x9AE5, 0x9B05, 0xA326, 0xA346, 0xAB66, 0xAB87, 0xB3A7, 0xB3A7,
    0xB3C7, 0xBBC8, 0xBBC8, 0xBBE8, 0xBBE8, 0xBC08, 0xBC09, 0xBC09,
    0xBC09, 0xBC09, 0xBC29, 0xBC2A, 0xBC2A, 0xBC4A, 0xBC4B, 0xBC4B,
    0xBC6B, 0xBC6B, 0xBC6C, 0xBC6C, 0xC46C, 0xC46C, 0xC48C, 0xC48C,
    0xC48C, 0xC48C, 0xC48C, 0xC48C, 0xC46C, 0xBC4B, 0xBC2B, 0xB40A,
    0xB3E9, 0xBBE9, 0xBC09, 0xC449, 0xCC6A, 0xCC8A, 0xCC8B, 0xCCAB,
    0xCCAD, 0xCCCE, 0xC4EF, 0xC510, 0xCD51, 0xCD72, 0xCD93, 0xD5B3,
    0xCD93, 0xCDB4, 0xE5F2, 0xFE71, 0xFED3, 0xFEB3, 0xFE4F, 0xFE71,
    0xFEB3, 0xFE2E, 0xF487, 0xE3C4, 0xD343, 0xCB03, 0xD343, 0xC2C2,
    0xBAC2, 0xB281, 0xBAC2, 0xC2C2, 0xBAA1, 0xC2A1, 0xC2A1, 0xC2E2,
    0xBA80, 0xE487, 0xFE2F, 0xFE2F, 0xFE2F, 0xFE4F, 0xFE2F, 0xFDCC,
    0xE424, 0xBA80, 0xC2C1, 0xCAE2, 0xC2E1, 0xCAE2, 0xCB02, 0xC2C1,
    0xBA81, 0xC2E2, 0xC2C1, 0xD363, 0xCB43, 0xD343, 0xDB43, 0xD322,
    0xDB64, 0xD323, 0xD343, 0xD322, 0xDB43, 0xDB63, 0xDB83, 0xCB23,
    0xD363, 0xFD8C, 0xFE50, 0xFE50, 0xFE30, 0xF5CF, 0xCB45, 0xC2C2,
    0xD344, 0xCB24, 0xCB44, 0xD385, 0xEC68, 0xFD0B, 0xB4B1, 0x9472,
    0x9C71, 0x9471, 0x9450, 0x9450, 0x8C50, 0x8C2F, 0x8C0F, 0x840E,
    0x840E, 0x83ED, 0x7BCC, 0x7BCC, 0x7BAC, 0x7BAC, 0x738B, 0x6349,
    0x5B28, 0x52E6, 0x52E5, 0x52E5, 0x5304, 0x5303, 0x5322, 0x5B41,
    0x5B60, 0x5B60, 0x5B60, 0x5B60, 0x5B40, 0x5B40, 0x5320, 0x5320,
    0x5324, 0x5326, 0x5B28, 0x5B29, 0x5B2A, 0x5B2B, 0x5B2B, 0x5B2B,
    0x5B2B, 0x530B, 0x52E9, 0x4AC8, 0x4AA5, 0x4283, 0x4281, 0x4260,
    0x4280, 0x42A0, 0x4AE0, 0x5301, 0x5321, 0x5B41, 0x5B62, 0x5362,
    0x5362, 0x5342, 0x5342, 0x4B22, 0x4AE1, 0x42A1, 0x3A80, 0x3240,
    0x3200, 0x3200, 0x3220, 0x3220, 0x3220, 0x3200, 0x29E0, 0x29C0,
    0x29A0, 0x21A0, 0x21A0, 0x29A0, 0x29C0, 0x29C0, 0x31E0, 0x31E0,
    0x31E0, 0x3A00, 0x3A00, 0x3A20, 0x4220, 0x4240, 0x4240, 0x3A40,
    0x9308, 0x9308, 0x8B08, 0x8B28, 0x8B28, 0x8B08, 0x8B28, 0x8B28,
    0x8B27, 0x8327, 0x8327, 0x8327, 0x8327, 0x8327, 0x8326, 0x8306,
    0x8306, 0x8B05, 0x8B05, 0x8AE4, 0x92E4, 0x92E4, 0x92E5, 0x9AE5,
    0x9B05, 0xA326, 0xA346, 0xAB66, 0xAB87, 0xB3A7, 0xB3A7, 0xB3C7,
    0xB3C8, 0xBBE8, 0xBBE8, 0xBBE8, 0xBC08, 0xBC09, 0xBC09, 0xBC09,
    0xBC09, 0xBC29, 0xBC2A, 0xBC2A, 0xBC2A, 0xBC4B, 0xBC4B, 0xBC6B,
    0xBC6B, 0xBC6C, 0xBC6C, 0xC46C, 0xC48C, 0xC48C, 0xC4AD, 0xC4AD,
    0xC48D, 0xC4AD, 0xC48D, 0xC48C, 0xBC6C, 0xBC4B, 0xBC2B, 0xB40A,
    0xB3E9, 0xBBE9, 0xC409, 0xC449, 0xCC6A, 0xCC8A, 0xCC8A, 0xCCAB,
    0xCCAD, 0xCCCE, 0xC4EF, 0xC510, 0xCD51, 0xCD72, 0xCD92, 0xCD93,
    0xD5B4, 0xF5CE, 0xFD28, 0xFD49, 0xFDED, 0xFE2E, 0xFE2E, 0xFDEC,
    0xFE50, 0xFE2F, 0xF4C7, 0xF487, 0xDB84, 0xCB02, 0xDB84, 0xDBA4,
    0xCB43, 0xAA82, 0xC303, 0xCB23, 0xC2E2, 0xBAA1, 0xBA81, 0xCAC1,
    0xD322, 0xED0A, 0xFE2F, 0xFE2F, 0xFE50, 0xFE4F, 0xFE2E, 0xFDCC,
    0xECC7, 0xCB21, 0xC2A0, 0xC2C1, 0xB261, 0xB260, 0xB260, 0xBAA1,
    0xBAC1, 0xC302, 0xC302, 0xD363, 0xD322, 0xCB02, 0xD322, 0xD343,
    0xC2E2, 0xCB02, 0xCB02, 0xD322, 0xDB63, 0xD343, 0xDB84, 0xCB23,
    0xCAC1, 0xECA8, 0xFE51, 0xFE72, 0xFE51, 0xFDEF, 0xDC07, 0xC2E3,
    0xD344, 0xCB24, 0xCB44, 0xDBC6, 0xE427, 0xF4C9, 0xED6E, 0xBCF1,
    0x9471, 0x8C51, 0x9451, 0x9450, 0x9430, 0x8C30, 0x8C0F, 0x840F,
    0x83EE, 0x83EE, 0x83CD, 0x7BCD, 0x7BAD, 0x7BAD, 0x6B8B, 0x634A,
    0x5B28, 0x5B07, 0x5B06, 0x5B26, 0x5B25, 0x5B44, 0x5B63, 0x5B62,
    0x5B61, 0x5B60, 0x5B60, 0x5B60, 0x5B40, 0x5B20, 0x5320, 0x5B23,
    0x5B26, 0x5B28, 0x5B4A, 0x634B, 0x634C, 0x634D, 0x634D, 0x634D,
    0x5B4D, 0x5B2C, 0x530B, 0x52E9, 0x4AA6, 0x4284, 0x4262, 0x4260,
    0x4260, 0x4280, 0x4AC0, 0x52E1, 0x5301, 0x5321, 0x5B42, 0x5342,
    0x5342, 0x5342, 0x5322, 0x4B02, 0x42E1, 0x42A0, 0x3A60, 0x3220,
    0x3200, 0x3200, 0x3220, 0x3220, 0x3220, 0x3200, 0x31E0, 0x29E0,
    0x29C0, 0x29A0, 0x29A0, 0x29C0, 0x29C0, 0x29E0, 0x31E0, 0x31E0,
    0x3A00, 0x3A00, 0x3A00, 0x3A20, 0x4240, 0x4240, 0x4260, 0x4260,
    0x9328, 0x8B28, 0x8B08, 0x8B28, 0x8B28, 0x8B28, 0x8B28, 0x8328,
    0x8327, 0x8327, 0x8327, 0x8327, 0x8327, 0x8326, 0x8326, 0x8326,
    0x8325, 0x8325, 0x8B25, 0x8B04, 0x8B04, 0x92E5, 0x92E5, 0x9B05,
    0x9B05, 0xA326, 0xA346, 0xAB66, 0xABA7, 0xB3C7, 0xB3C8, 0xBBC8,
    0xBBE8, 0xBBE8, 0xBBE8, 0xBC08, 0xBC08, 0xBC09, 0xC429, 0xC429,
    0xC429, 0xBC2A, 0xBC2A, 0xC42A, 0xBC4A, 0xBC4B, 0xBC6B, 0xBC6C,
    0xBC6C, 0xC48C, 0xC48C, 0xC48C, 0xC48C, 0xC4AD, 0xC4AD, 0xC4AD,
    0xC4AD, 0xC4AD, 0xC4AD, 0xC48C, 0xBC6C, 0xBC4B, 0xBC2B, 0xBC0A,
    0xBC09, 0xBBE9, 0xC429, 0xC44A, 0xCC6A, 0xCC8A, 0xCC8A, 0xCCAB,
    0xCCCD, 0xCCCE, 0xC4EF, 0xC510, 0xCD51, 0xCD52, 0xCD73, 0xDDB2,
    0xF58D, 0xFCE7, 0xF445, 0xEBE3, 0xEC24, 0xFD49, 0xFDCB, 0xFD69,
    0xFDCC, 0xFE50, 0xFD6A, 0xEC25, 0xDBA4, 0xE405, 0xE3C4, 0xD364,
    0xC2E2, 0xC303, 0xCB03, 0xCB02, 0xBAC1, 0xB261, 0xB240, 0xBA40,
    0xE3E5, 0xF5AD, 0xFE2F, 0xFE2F, 0xFE0E, 0xFE0E, 0xFDEE, 0xF58B,
    0xFD8B, 0xE404, 0xBA80, 0xB260, 0xAA20, 0xBA81, 0xCB43, 0xD383,
    0xD343, 0xD343, 0xD383, 0xD322, 0xC2C1, 0xC2A1, 0xD343, 0xCB02,
    0xBAC2, 0xD322, 0xE3A4, 0xDB84, 0xD323, 0xCB23, 0xD343, 0xE3C4,
    0xDB63, 0xE426, 0xFE72, 0xFE51, 0xFE51, 0xFE72, 0xDC27, 0xCB03,
    0xD364, 0xC303, 0xD365, 0xDBA6, 0xEC68, 0xEC88, 0xFD4A, 0xFDCD,
    0xE590, 0xACB1, 0x8C51, 0x9430, 0x9430, 0x8C10, 0x8C10, 0x8C0F,
    0x840F, 0x83EF, 0x83EE, 0x83CE, 0x7BAE, 0x738D, 0x6B6B, 0x634A,
    0x5B29, 0x5B28, 0x5B28, 0x5B47, 0x5B45, 0x5B64, 0x5B63, 0x5B82,
    0x5B81, 0x5B60, 0x5B60, 0x5B40, 0x5B20, 0x5320, 0x5321, 0x5B25,
    0x5B48, 0x634A, 0x636C, 0x636D, 0x6B8E, 0x6B8E, 0x6BAF, 0x6B8F,
    0x636E, 0x634D, 0x5B2B, 0x52E9, 0x4AA7, 0x4A85, 0x4263, 0x4261,
    0x4240, 0x4260, 0x4AA0, 0x4AE0, 0x5301, 0x5321, 0x5322, 0x5322,
    0x5342, 0x5322, 0x5322, 0x4B01, 0x42C1, 0x4280, 0x3A40, 0x3220,
    0x3200, 0x3200, 0x3200, 0x3200, 0x3220, 0x3200, 0x3200, 0x29E0,
    0x29C0, 0x29C0, 0x29C0, 0x29C0, 0x29C0, 0x31E0, 0x31E0, 0x3A00,
    0x3A00, 0x3A00, 0x3A20, 0x4220, 0x4240, 0x4260, 0x4260, 0x4260,
    0x8B28, 0x8B28, 0x8308, 0x8327, 0x8327, 0x8328, 0x8327, 0x8327,
    0x8327, 0x7B27, 0x7B27, 0x7B27, 0x7B26, 0x7B26, 0x7B46, 0x7B26,
    0x7B25, 0x8325, 0x8325, 0x8B25, 0x8B04, 0x9304, 0x9305, 0x9305,
    0x9B25, 0xA346, 0xA366, 0xAB87, 0xABA7, 0xB3C8, 0xB3E8, 0xBBE8,
    0xBBE8, 0xBC08, 0xBC08, 0xBC09, 0xBC09, 0xC429, 0xC429, 0xC429,
    0xC44A, 0xC44A, 0xC44A, 0xC44A, 0xBC4B, 0xBC4B, 0xBC6C, 0xBC8C,
    0xC48C, 0xC48C, 0xC48C, 0xC4AD, 0xC4AD, 0xC4AD, 0xC4AD, 0xC4AD,
    0xC4CD, 0xC4CD, 0xC4CD, 0xC48D, 0xC48C, 0xBC4B, 0xBC2B, 0xBC0A,
    0xBC09, 0xBC09, 0xC429, 0xC44A, 0xCC6A, 0xCC8A, 0xCC8A, 0xCCAB,
    0xCCCD, 0xCCCE, 0xC4EF, 0xC530, 0xCD31, 0xC552, 0xE5D1, 0xFD8B,
    0xFCE7, 0xE3C4, 0xDB62, 0xE3C3, 0xE362, 0xDB82, 0xF4C6, 0xFD28,
    0xF528, 0xFE2F, 0xFDCC, 0xF509, 0xFDEE, 0xFD6A, 0xEC05, 0xE3A5,
    0xDB64, 0xD343, 0xB261, 0xC2C1, 0xB261, 0xB261, 0xBA60, 0xDBC4,
    0xF56B, 0xFE2F, 0xFDED, 0xFE2F, 0xFE0E, 0xFE2F, 0xFE0E, 0xFDAB,
    0xFDCC, 0xFD6A, 0xDB82, 0xB240, 0xAA20, 0xBAA1, 0xD342, 0xC2E2,
    0xBAA1, 0xCAE2, 0xD342, 0xBA81, 0xB261, 0xCB02, 0xCB02, 0xC2E2,
    0xC2C1, 0xBA81, 0xDBA5, 0xE3E5, 0xDB84, 0xD344, 0xCB23, 0xE384,
    0xE3A4, 0xEC46, 0xFE71, 0xFE72, 0xFE31, 0xFE51, 0xE4CA, 0xCB03,
    0xCB44, 0xC303, 0xD365, 0xDBC6, 0xE427, 0xEC88, 0xF4C8, 0xF4A6,
    0xFDCB, 0xFE0E, 0xD530, 0x9430, 0x8410, 0x8C30, 0x8C30, 0x8410,
    0x840F, 0x83EF, 0x83EF, 0x83CF, 0x7BAE, 0x738D, 0x6B4B, 0x632A,
    0x632A, 0x634A, 0x6369, 0x6367, 0x5B65, 0x5B63, 0x5B62, 0x6382,
    0x6381, 0x5B60, 0x5B60, 0x5B40, 0x5320, 0x5300, 0x5302, 0x5B26,
    0x6349, 0x636B, 0x6B8D, 0x6BAF, 0x73CF, 0x73D0, 0x73F0, 0x73D0,
    0x6BAF, 0x636D, 0x5B2B, 0x52E9, 0x4AA7, 0x4A85, 0x4263, 0x4261,
    0x4240, 0x4260, 0x4280, 0x4AC0, 0x52E0, 0x5301, 0x5301, 0x5301,
    0x5321, 0x5301, 0x5301, 0x4B01, 0x42C1, 0x4280, 0x3A40, 0x3200,
    0x3200, 0x3200, 0x3200, 0x3200, 0x3220, 0x3220, 0x3200, 0x31E0,
    0x29C0, 0x29C0, 0x29C0, 0x29C0, 0x29C0, 0x31E0, 0x31E0, 0x3A00,
    0x3A00, 0x3A20, 0x3A20, 0x4240, 0x4260, 0x4260, 0x4260, 0x4260,
    0x8328, 0x8307, 0x8307, 0x8327, 0x7B27, 0x8327, 0x8327, 0x7B27,
    0x7B26, 0x7B26, 0x7326, 0x7326, 0x7326, 0x7326, 0x7B45, 0x7B45,
    0x7B45, 0x7B45, 0x8325, 0x8324, 0x8B24, 0x8B24, 0x9324, 0x9325,
    0x9B25, 0xA346, 0xA366, 0xAB87, 0xABA7, 0xB3C8, 0xBBE8, 0xBBE8,
    0xBC08, 0xBC09, 0xBC09, 0xC409, 0xC429, 0xC429, 0xC429, 0xC44A,
    0xC44A, 0xC44A, 0xC44A, 0xC44B, 0xC46B, 0xBC6B, 0xBC6C, 0xC48C,
    0xC48C, 0xC4AD, 0xC4AD, 0xC4AD, 0xC4AD, 0xC4AD, 0xC4AD, 0xC4CD,
    0xC4CD, 0xC4CD, 0xC4CD, 0xC4AD, 0xC48C, 0xBC6C, 0xBC2B, 0xBC0A,
    0xB409, 0xBC09, 0xC409, 0xC449, 0xCC6A, 0xCC8A, 0xCC8B, 0xCCAB,
    0xCCCD, 0xCCEE, 0xCD0F, 0xC530, 0xC552, 0xE5B1, 0xFD6A, 0xF444,
    0xE3C4, 0xE3C4, 0xEC45, 0xE3A2, 0xD300, 0xDB41, 0xE403, 0xF4E7,
    0xF4E7, 0xF5AC, 0xFE2F, 0xFE91, 0xFE91, 0xFE0E, 0xF486, 0xDB84,
    0xD323, 0xC2E2, 0xB281, 0xBAC1, 0xBAA1, 0xC2E1, 0xDBE4, 0xFDCD,
    0xFE0E, 0xFE2F, 0xFDED, 0xFE2E, 0xFE70, 0xFE4F, 0xFE0E, 0xFE2F,
    0xFE2F, 0xFDCC, 0xF508, 0xD3A3, 0xBAA0, 0xCAE1, 0xCAE1, 0xB261,
    0xB2A1, 0xC2E2, 0xCAE1, 0xBA81, 0xC2C2, 0xC2E2, 0xBA81, 0xC2C1,
    0xC2C1, 0xC2E2, 0xDB84, 0xD384, 0xCB03, 0xD343, 0xBAA2, 0xCAE2,
    0xD302, 0xE3E5, 0xFE30, 0xFE93, 0xFE72, 0xFE51, 0xF56D, 0xC303,
    0xC2E3, 0xC324, 0xCB44, 0xDBA6, 0xE407, 0xEC68, 0xF4EA, 0xEC26,
    0xF486, 0xFD28, 0xFE0D, 0xE58F, 0xAC90, 0x83F0, 0x8410, 0x8410,
    0x83F0, 0x8410, 0x83F0, 0x83CF, 0x73AE, 0x6B6D, 0x634B, 0x632A,
    0x634A, 0x6B6A, 0x6369, 0x6367, 0x6365, 0x5B63, 0x6382, 0x6382,
    0x6381, 0x5B60, 0x5B40, 0x5320, 0x5300, 0x52E0, 0x52E3, 0x5B27,
    0x634A, 0x6B6D, 0x6BAE, 0x73CF, 0x73D0, 0x7BF1, 0x7C11, 0x7BF1,
    0x73CF, 0x6B8E, 0x634C, 0x5309, 0x52A7, 0x4A64, 0x4242, 0x4241,
    0x4240, 0x3A40, 0x4260, 0x4A80, 0x4AA0, 0x52C0, 0x52E0, 0x52E0,
    0x52E0, 0x52E1, 0x52E1, 0x4AE1, 0x42C1, 0x4280, 0x3A40, 0x3200,
    0x3200, 0x3200, 0x3200, 0x3200, 0x3200, 0x3200, 0x3200, 0x31E0,
    0x29C0, 0x29C0, 0x29C0, 0x29C0, 0x29C0, 0x31C0, 0x31E0, 0x3200,
    0x3A00, 0x3A20, 0x4240, 0x4240, 0x4260, 0x4260, 0x4280, 0x4260,
    0x8307, 0x8307, 0x8307, 0x7B07, 0x7B26, 0x7B26, 0x7B26, 0x7B26,
    0x7325, 0x6B25, 0x7325, 0x6B25, 0x6B25, 0x6B25, 0x7345, 0x7345,
    0x7345, 0x7B45, 0x7B44, 0x8344, 0x8324, 0x8B24, 0x8B24, 0x9345,
    0x9B45, 0x9B66, 0xA366, 0xAB87, 0xB3A7, 0xB3C8, 0xB3E8, 0xBBE8,
    0xBC08, 0xBC09, 0xC429, 0xC429, 0xC429, 0xC429, 0xC429, 0xC44A,
    0xC44A, 0xC44A, 0xC44B, 0xC44B, 0xC46B, 0xC46B, 0xC46C, 0xC48C,
    0xC48C, 0xC4AD, 0xC4AD, 0xC4AD, 0xC4CD, 0xC4CD, 0xC4CD, 0xC4CD,
    0xC4CD, 0xC4CD, 0xC4CD, 0xC4AD, 0xC48C, 0xC46C, 0xBC4B, 0xBC0A,
    0xB3E9, 0xBBE9, 0xBC09, 0xC429, 0xCC6A, 0xCC8A, 0xCC8A, 0xCCAB,
    0xCCCD, 0xCCEE, 0xC50F, 0xC530, 0xE5B0, 0xFD8B, 0xF486, 0xF466,
    0xF446, 0xEC45, 0xDB82, 0xC2A0, 0xC280, 0xBA60, 0xCAA0, 0xDB82,
    0xDBC2, 0xE487, 0xFEB3, 0xFE92, 0xFE71, 0xFE70, 0xEC66, 0xCB02,
    0xCB02, 0xBA81, 0xBA81, 0xBA81, 0xDBE4, 0xF4E8, 0xFDCD, 0xFE2F,
    0xFE2F, 0xFE4F, 0xFE4F, 0xFE0E, 0xFE4F, 0xFE4F, 0xFE0E, 0xFE2F,
    0xFE0E, 0xFDCD, 0xF5AC, 0xF56A, 0xECC8, 0xDBA3, 0xD342, 0xD342,
    0xC302, 0xCB22, 0xD342, 0xCB22, 0xCAE1, 0xC2C1, 0xCB02, 0xBAA1,
    0xCB02, 0xCB23, 0xC303, 0xC2E2, 0xBAC2, 0xB261, 0xCAE2, 0xD302,
    0xCB02, 0xDB62, 0xFDCD, 0xFE71, 0xFE72, 0xFE51, 0xFE72, 0xDC69,
    0xB282, 0xCB24, 0xCB24, 0xDBA6, 0xDBC6, 0xEC47, 0xF52B, 0xEC68,
    0xEBE4, 0xF445, 0xF465, 0xFD27, 0xFDAC, 0xCD0F, 0x8C10, 0x83F0,
    0x83F0, 0x83F0, 0x83F0, 0x7BAF, 0x738E, 0x6B6D, 0x634C, 0x634B,
    0x634B, 0x6B6A, 0x6369, 0x6367, 0x6385, 0x6384, 0x6383, 0x6382,
    0x5B61, 0x5B40, 0x5320, 0x5300, 0x52E0, 0x4AC1, 0x52E5, 0x5B08,
    0x634B, 0x6B6D, 0x73AF, 0x7BF0, 0x7BF1, 0x7C12, 0x7C12, 0x7BF1,
    0x73CF, 0x6B8D, 0x634B, 0x5B09, 0x52C7, 0x4A85, 0x4A63, 0x4A62,
    0x4260, 0x4240, 0x4A60, 0x4A80, 0x4AA0, 0x4AA0, 0x4AC0, 0x4AC0,
    0x4AC0, 0x4AE0, 0x4AE0, 0x4AC1, 0x42C1, 0x4281, 0x3A40, 0x3A20,
    0x3200, 0x3200, 0x3200, 0x3200, 0x3A00, 0x3200, 0x3200, 0x31E0,
    0x29C0, 0x29C0, 0x29A0, 0x29C0, 0x31C0, 0x31C0, 0x31E0, 0x3200,
    0x3A00, 0x3A20, 0x4240, 0x4260, 0x4260, 0x4280, 0x4280, 0x4260,
    0x7B27, 0x7B27, 0x7B26, 0x7326, 0x7326, 0x7326, 0x7325, 0x7325,
    0x6B25, 0x6304, 0x6304, 0x6304, 0x6324, 0x6B24, 0x6B44, 0x6B44,
    0x6B44, 0x7344, 0x7B44, 0x7B44, 0x8344, 0x8B44, 0x8B44, 0x9345,
    0x9345, 0x9B66, 0xA386, 0xAB87, 0xABA7, 0xB3C8, 0xB3E8, 0xBBE8,
    0xBC08, 0xBC09, 0xC429, 0xC429, 0xC429, 0xC429, 0xC44A, 0xC44A,
    0xC44A, 0xC46B, 0xC46B, 0xC46B, 0xC46B, 0xC46C, 0xC48C, 0xC48C,
    0xC4AD, 0xC4AD, 0xC4AD, 0xC4CD, 0xC4CD, 0xC4CD, 0xC4CD, 0xC4CE,
    0xC4CE, 0xC4CD, 0xC4CD, 0xC4AD, 0xC48C, 0xBC6C, 0xBC4B, 0xBC0A,
    0xB3E9, 0xBC09, 0xBC09, 0xC429, 0xCC6A, 0xCC8A, 0xCC8A, 0xCCAB,
    0xCCCD, 0xCCEE, 0xC4EF, 0xE590, 0xFDAB, 0xFCA6, 0xFCE8, 0xF487,
    0xEC25, 0xE3E4, 0xB240, 0xB200, 0xB220, 0xB220, 0xC280, 0xE3C2,
    0xF4C7, 0xED09, 0xFE71, 0xFE71, 0xFE71, 0xFE4F, 0xEC86, 0xCAE1,
    0xC2C1, 0xCAC1, 0xC2C1, 0xDBA4, 0xFDAC, 0xFDED, 0xFE2F, 0xFE2F,
    0xFE2F, 0xFE2F, 0xFE2E, 0xFE0E, 0xFE2E, 0xFE2E, 0xFDCC, 0xFE2F,
    0xFE2F, 0xFE0E, 0xFDED, 0xFE0E, 0xFDED, 0xF529, 0xF529, 0xF4E7,
    0xF485, 0xEC45, 0xE3C3, 0xCB02, 0xBAA1, 0xC2C1, 0xCB23, 0xBAC2,
    0xC2E2, 0xBA81, 0xAA41, 0xAA41, 0xD364, 0xCB43, 0xD363, 0xCAE2,
    0xCAE2, 0xE3C3, 0xFDCE, 0xFE72, 0xFE51, 0xFE51, 0xFE72, 0xFE31,
    0xC324, 0xC2E3, 0xC2E3, 0xD344, 0xCB44, 0xEC27, 0xFD4C, 0xECEA,
    0xCAE0, 0xE3C3, 0xE3A3, 0xEBA2, 0xFCE6, 0xFDCB, 0xD50F, 0x7BCF,
    0x83D0, 0x83F0, 0x83D0, 0x7BAF, 0x738E, 0x6B6D, 0x6B4C, 0x6B4C,
    0x6B6B, 0x6B6B, 0x6B69, 0x6B87, 0x6B86, 0x6B85, 0x6383, 0x6382,
    0x5B40, 0x5320, 0x52E0, 0x52E0, 0x52C0, 0x52C3, 0x52E6, 0x6329,
    0x6B4C, 0x6B8E, 0x73CF, 0x7C11, 0x8432, 0x8453, 0x8432, 0x7C11,
    0x73CF, 0x6B8D, 0x634B, 0x6329, 0x5AE7, 0x52C6, 0x52A5, 0x52A5,
    0x52A4, 0x4AA3, 0x4AA3, 0x4AA2, 0x52C0, 0x4AA0, 0x4AA0, 0x4AA0,
    0x4AC0, 0x4AE0, 0x4AE0, 0x4AE1, 0x42C1, 0x42A1, 0x3A60, 0x3A40,
    0x3A20, 0x3A20, 0x3A20, 0x3A20, 0x3A20, 0x3A20, 0x3A00, 0x31E0,
    0x31E0, 0x29C0, 0x29C0, 0x29C0, 0x31C0, 0x31E0, 0x31E0, 0x31E0,
    0x3A00, 0x3A20, 0x3A40, 0x4260, 0x4280, 0x4280, 0x4280, 0x4280,
    0x7B06, 0x7306, 0x7305, 0x6B05, 0x6B05, 0x6B25, 0x6B24, 0x6B24,
    0x6304, 0x5AE3, 0x5AE3, 0x5B03, 0x5B03, 0x6323, 0x6343, 0x6343,
    0x6343, 0x6B43, 0x7343, 0x7343, 0x7B43, 0x8344, 0x8B44, 0x8B45,
    0x9365, 0x9B66, 0xA386, 0xABA7, 0xABA7, 0xB3C8, 0xBBE8, 0xBBE8,
    0xBC08, 0xC409, 0xC429, 0xC429, 0xC429, 0xC42A, 0xC44A, 0xC44A,
    0xC44A, 0xC46B, 0xC46B, 0xC46C, 0xC48C, 0xC48C, 0xC48C, 0xC48C,
    0xC4AD, 0xC4AD, 0xC4CD, 0xC4CD, 0xC4CD, 0xC4CD, 0xC4CE, 0xC4CE,
    0xC4CE, 0xCCCE, 0xC4CE, 0xC4AD, 0xC48C, 0xBC6C, 0xBC4B, 0xB40A,
    0xB409, 0xBC09, 0xBC09, 0xC449, 0xCC6A, 0xCC8A, 0xCC8A, 0xCCAB,
    0xCCCD, 0xC4CE, 0xE56F, 0xFDCC, 0xFD08, 0xFCC7, 0xF467, 0xCAE1,
    0xCB02, 0xC2E1, 0xB240, 0xCAC1, 0xC280, 0xCAC0, 0xD320, 0xEC65,
    0xFDAB, 0xF58C, 0xFE50, 0xFE71, 0xFE71, 0xFE71, 0xFD8B, 0xE3C2,
    0xDB83, 0xEC66, 0xECE8, 0xFE0E, 0xFE2F, 0xFE30, 0xFE2F, 0xFE2F,
    0xFE4F, 0xFDED, 0xFE0E, 0xFE0E, 0xFDCD, 0xFE0E, 0xFDED, 0xFE4F,
    0xFE4F, 0xFE4F, 0xFE4F, 0xFE0E, 0xFDED, 0xF5AC, 0xFDCC, 0xFE0D,
    0xFDCC, 0xFDCC, 0xFD6A, 0xE445, 0xCB22, 0xCAE2, 0xC302, 0xCB43,
    0xC2E2, 0xBA81, 0xB281, 0xBAC2, 0xDBA4, 0xDBA4, 0xC2E2, 0xC2C2,
    0xC2E2, 0xE404, 0xFD8C, 0xFE93, 0xFEB3, 0xFE72, 0xFE51, 0xFE93,
    0xECCA, 0xCB03, 0xCB03, 0xCB44, 0xCB24, 0xDBC5, 0xF4CA, 0xFDEF,
    0xD363, 0xCAC0, 0xDB82, 0xDB42, 0xE3A2, 0xFC85, 0xFD49, 0xD4EE,
    0x8BCF, 0x7BD0, 0x83D0, 0x7BAF, 0x738E, 0x6B6D, 0x6B4C, 0x6B6C,
    0x738C, 0x738B, 0x7389, 0x6B88, 0x6B86, 0x6B85, 0x6384, 0x6362,
    0x5B20, 0x5300, 0x4AC0, 0x4AC0, 0x52C2, 0x52C5, 0x5B08, 0x634B,
    0x6B8D, 0x73CF, 0x7C11, 0x8432, 0x8C53, 0x8C73, 0x8453, 0x7C11,
    0x73CF, 0x73AE, 0x6B6C, 0x634A, 0x5B29, 0x5B07, 0x5B07, 0x5B07,
    0x5AE7, 0x5AE6, 0x52E6, 0x52E5, 0x52C3, 0x52C1, 0x4AA0, 0x4AC0,
    0x4AE0, 0x4AE1, 0x4AE1, 0x4AE1, 0x4AE1, 0x42C1, 0x4280, 0x3A61,
    0x3A62, 0x3A42, 0x4242, 0x4243, 0x4243, 0x4243, 0x3A22, 0x3A00,
    0x31E0, 0x29C0, 0x29C0, 0x29C0, 0x31C0, 0x31E0, 0x31E0, 0x31E0,
    0x3A00, 0x3A20, 0x3A40, 0x4260, 0x4280, 0x4280, 0x4280, 0x4280,
    0x7306, 0x6B05, 0x6B04, 0x6304, 0x6304, 0x6303, 0x6303, 0x5B03,
    0x5AE2, 0x52E2, 0x52E2, 0x52E2, 0x52E2, 0x5B02, 0x5B22, 0x5B22,
    0x6342, 0x6342, 0x6B42, 0x7342, 0x7343, 0x7B43, 0x8364, 0x8B65,
    0x9365, 0x9B86, 0xA386, 0xABA7, 0xABA7, 0xB3C8, 0xBBE8, 0xBBE8,
    0xBC08, 0xBC09, 0xC429, 0xC429, 0xC429, 0xC42A, 0xC44A, 0xC44A,
    0xC46B, 0xC46B, 0xC46B, 0xC48C, 0xC48C, 0xC48C, 0xC48C, 0xC4AD,
    0xC4AD, 0xC4CD, 0xC4CD, 0xC4CD, 0xC4CD, 0xC4CD, 0xC4CE, 0xC4CE,
    0xC4EE, 0xCCEE, 0xCCEE, 0xC4AD, 0xC48D, 0xBC6C, 0xBC4B, 0xBC2A,
    0xB409, 0xBC09, 0xC429, 0xC449, 0xCC6A, 0xCC8A, 0xCC8A, 0xCCAB,
    0xCCAD, 0xE56F, 0xFDCC, 0xFD08, 0xF466, 0xEBE4, 0xEC05, 0xDB43,
    0xE3C4, 0xCAE1, 0xC2A0, 0xB260, 0xBA80, 0xCAE1, 0xE403, 0xF549,
    0xFDCC, 0xF56B, 0xFE30, 0xFE71, 0xFE50, 0xFE50, 0xFE2F, 0xFD8B,
    0xFDCD, 0xFE2F, 0xFE50, 0xFE50, 0xFE2F, 0xFE30, 0xFE2F, 0xFE2F,
    0xFE0E, 0xFE0E, 0xFE2E, 0xFE0E, 0xFDED, 0xFDED, 0xFE2E, 0xFE2F,
    0xFE50, 0xFE70, 0xFE0E, 0xFE0E, 0xFE0E, 0xFDEE, 0xF5AC, 0xFE0E,
    0xFE50, 0xFE30, 0xFE71, 0xFDAC, 0xD362, 0xE3E4, 0xD383, 0xD343,
    0xC2E2, 0xC2C2, 0xBAA2, 0xC2E2, 0xD363, 0xD363, 0xCAE2, 0xD323,
    0xD342, 0xF4C8, 0xFE0F, 0xFE10, 0xFE51, 0xFE72, 0xFE31, 0xFE51,
    0xFE72, 0xED2C, 0xD3A5, 0xD364, 0xDBC6, 0xDBA5, 0xF4C9, 0xFE30,
    0xC343, 0xC2C0, 0xDB82, 0xEC25, 0xE3C3, 0xEBE3, 0xFC86, 0xFD69,
    0xE52D, 0x9410, 0x7BD0, 0x7BAF, 0x738E, 0x736D, 0x6B6D, 0x736D,
    0x738C, 0x73AC, 0x73AA, 0x73A9, 0x73A8, 0x6B86, 0x6364, 0x5B42,
    0x5320, 0x4AE0, 0x4AC0, 0x4AC1, 0x52E5, 0x5AE7, 0x632A, 0x6B6D,
    0x73AF, 0x7BF0, 0x8432, 0x8C53, 0x8C73, 0x8C53, 0x8432, 0x8410,
    0x7BEF, 0x7BCE, 0x738C, 0x6B6B, 0x634A, 0x634A, 0x634A, 0x634A,
    0x634A, 0x6329, 0x6329, 0x5B27, 0x5B06, 0x52E4, 0x52E1, 0x4AC0,
    0x52E0, 0x5301, 0x5301, 0x5301, 0x4AE1, 0x4AE1, 0x42A1, 0x42A3,
    0x42A5, 0x4285, 0x4265, 0x4A65, 0x4A65, 0x4265, 0x4244, 0x3A22,
    0x39E0, 0x31C0, 0x31C0, 0x31C0, 0x31C0, 0x31E0, 0x31E0, 0x31E0,
    0x3A00, 0x3A20, 0x3A40, 0x4260, 0x4280, 0x4280, 0x4281, 0x4281,
    0x6B05, 0x6304, 0x62E3, 0x5AE3, 0x5AE3, 0x5AE2, 0x52E2, 0x52E2,
    0x52E1, 0x4AC0, 0x4AC0, 0x4AC0, 0x4AC1, 0x52E1, 0x5301, 0x5321,
    0x5B21, 0x6341, 0x6342, 0x6B42, 0x7343, 0x7B63, 0x7B64, 0x8364,
    0x9385, 0x9B85, 0xA386, 0xA3A7, 0xABA7, 0xB3C7, 0xB3C8, 0xBBE8,
    0xBC08, 0xBC09, 0xC429, 0xC429, 0xC429, 0xC44A, 0xC44A, 0xC46B,
    0xC46B, 0xC46B, 0xC46C, 0xC48C, 0xC48C, 0xC48C, 0xC4AD, 0xC4AD,
    0xC4AD, 0xC4CD, 0xC4CD, 0xC4CD, 0xC4CE, 0xC4CE, 0xC4CE, 0xC4EE,
    0xC4EE, 0xCCEE, 0xCCEE, 0xC4AD, 0xC48D, 0xBC6C, 0xBC4B, 0xBC2A,
    0xBC0A, 0xBC09, 0xC429, 0xCC49, 0xCC6A, 0xCC8A, 0xCC8B, 0xCC8B,
    0xDD2D, 0xFE0E, 0xFD49, 0xF487, 0xDB83, 0xDB63, 0xE3A4, 0xDB63,
    0xC2C2, 0xBAA1, 0xBA80, 0xB220, 0xAA20, 0xB260, 0xDBC4, 0xFDCC,
    0xFDCC, 0xF54B, 0xF60F, 0xFE50, 0xFE50, 0xFE50, 0xFE2F, 0xFE2F,
    0xFE2F, 0xFE50, 0xFE50, 0xFE50, 0xFE0E, 0xFE71, 0xFE4F, 0xFDEE,
    0xFDED, 0xFE0E, 0xF56B, 0xEC87, 0xEC87, 0xE425, 0xF54B, 0xFE0F,
    0xFE50, 0xFE0E, 0xF5AC, 0xFE2F, 0xFE2F, 0xFE2F, 0xFE2F, 0xFE0F,
    0xFE2F, 0xFE50, 0xFE0F, 0xFE0E, 0xF4E8, 0xFDAC, 0xF54A, 0xDBC4,
    0xCB02, 0xCB23, 0xCB23, 0xCB43, 0xCB02, 0xD363, 0xD343, 0xCB22,
    0xDB83, 0xF4E8, 0xFE71, 0xFE51, 0xFE72, 0xFE51, 0xFE72, 0xFE0F,
    0xFE51, 0xFE93, 0xF5AE, 0xD385, 0xDBC5, 0xDBC5, 0xF4A8, 0xFE50,
    0xC385, 0xC2C0, 0xE3E4, 0xF465, 0xF4A7, 0xEC25, 0xEBE4, 0xF465,
    0xFD28, 0xED2D, 0x8BEF, 0x73AF, 0x7B8E, 0x738E, 0x738D, 0x738D,
    0x7BAD, 0x7BCD, 0x7BAB, 0x7BAA, 0x73A8, 0x6B87, 0x6364, 0x5B21,
    0x5300, 0x4AC0, 0x4AC1, 0x52E4, 0x5B07, 0x632A, 0x634C, 0x73AE,
    0x7BF0, 0x7C11, 0x8452, 0x8C73, 0x8C53, 0x8C52, 0x8431, 0x7BF0,
    0x7BEF, 0x7BEE, 0x73AD, 0x73AC, 0x6B8C, 0x738C, 0x73AD, 0x73AE,
    0x73AD, 0x6BAD, 0x6B6C, 0x636A, 0x6349, 0x5B27, 0x5303, 0x5301,
    0x5301, 0x5301, 0x5301, 0x5302, 0x4B02, 0x4AE1, 0x4AE3, 0x4AE6,
    0x4AC7, 0x4AA7, 0x4AA7, 0x4AA7, 0x4AA7, 0x4A87, 0x4A66, 0x4244,
    0x3A01, 0x31C0, 0x31C0, 0x31C0, 0x31C0, 0x31E0, 0x31E0, 0x39E0,
    0x3A00, 0x3A20, 0x3A40, 0x4260, 0x4281, 0x4282, 0x4282, 0x4282,
    0x62E4, 0x5AE3, 0x5AE3, 0x52E2, 0x52E2, 0x52E2, 0x4AC1, 0x4AC0,
    0x4AC0, 0x42A0, 0x42A0, 0x42A0, 0x4AC0, 0x4AC0, 0x4AE0, 0x5300,
    0x5320, 0x5B21, 0x5B41, 0x6342, 0x6B62, 0x7363, 0x7B63, 0x8384,
    0x8B85, 0x9385, 0x9B86, 0xA3A6, 0xABA7, 0xB3C7, 0xB3C8, 0xBBE8,
    0xBC09, 0xC409, 0xC409, 0xC429, 0xC42A, 0xC44A, 0xC46A, 0xC46B,
    0xC46B, 0xC46B, 0xC48C, 0xC48C, 0xC4AC, 0xC4AD, 0xC4AD, 0xC4AD,
    0xC4CD, 0xC4CD, 0xC4CE, 0xC4CE, 0xC4CE, 0xC4CE, 0xC4CE, 0xCCEE,
    0xCCEE, 0xCCEE, 0xCCEE, 0xC4AD, 0xC48D, 0xBC6C, 0xBC4B, 0xBC2A,
    0xBC09, 0xBC09, 0xC429, 0xCC49, 0xCC6A, 0xD48A, 0xCC8A, 0xD4CB,
    0xFDEE, 0xFD08, 0xEC04, 0xDB63, 0xEBE5, 0xEC26, 0xDB83, 0xCAE2,
    0xAA40, 0xBAA1, 0xB240, 0xAA20, 0xAA00, 0xAA00, 0xCB01, 0xECC7,
    0xFDAB, 0xED4B, 0xF58D, 0xFE0E, 0xFE2F, 0xFE2F, 0xFE2F, 0xFE70,
    0xFE50, 0xFE50, 0xFE92, 0xFE2F, 0xFE50, 0xFE50, 0xFDED, 0xFDED,
    0xFDED, 0xF4C8, 0xDBA3, 0xD322, 0xD322, 0xD342, 0xD342, 0xF4E9,
    0xF58C, 0xF58C, 0xFDEE, 0xFE0E, 0xFE2F, 0xFE50, 0xFE50, 0xFE50,
    0xFE30, 0xFE0E, 0xF5ED, 0xFE50, 0xFDCD, 0xFE2F, 0xFE2F, 0xF52A,
    0xE425, 0xDB84, 0xCB22, 0xBAA1, 0xBAA1, 0xCB02, 0xDB63, 0xDB83,
    0xEC25, 0xFD6B, 0xFE72, 0xFE92, 0xFE92, 0xFE52, 0xFE93, 0xFE0F,
    0xFDCE, 0xFE31, 0xFEB4, 0xED0C, 0xDB85, 0xE3C5, 0xF487, 0xFE71,
    0xECEA, 0xD362, 0xCB21, 0xD301, 0xDB62, 0xD321, 0xD341, 0xE3A3,
    0xEBC3, 0xFC86, 0xE4EC, 0x8BCF, 0x738E, 0x7B8E, 0x7B8E, 0x7BAE,
    0x83CE, 0x83CD, 0x83CC, 0x7BCB, 0x73A9, 0x6B87, 0x6344, 0x5B22,
    0x52E0, 0x4AC0, 0x52C3, 0x5B07, 0x632A, 0x634C, 0x6B8E, 0x73D0,
    0x7BF1, 0x7C32, 0x8452, 0x8C53, 0x8452, 0x8431, 0x7C10, 0x7BEE,
    0x7BEE, 0x7BEE, 0x7BCD, 0x7BCD, 0x7BEE, 0x7C0F, 0x8431, 0x7C31,
    0x7C10, 0x7BEF, 0x73CE, 0x6BAD, 0x6B8B, 0x6369, 0x5B26, 0x5303,
    0x5321, 0x5321, 0x5322, 0x5322, 0x5302, 0x4B02, 0x5305, 0x5307,
    0x52E8, 0x52E9, 0x52E9, 0x52C9, 0x52C9, 0x52C9, 0x4AA8, 0x4266,
    0x4223, 0x39E0, 0x31C0, 0x31C0, 0x31E0, 0x31E0, 0x39E0, 0x3A00,
    0x3A00, 0x3A20, 0x3A40, 0x4260, 0x4282, 0x4AA3, 0x4AA3, 0x4AA3,
    0x5AC2, 0x52C2, 0x52E2, 0x4AC1, 0x4AC0, 0x4AC0, 0x42C0, 0x42C0,
    0x42A0, 0x42A0, 0x42A0, 0x42A0, 0x42A0, 0x42C0, 0x4AE0, 0x4B00,
    0x4B00, 0x5320, 0x5B41, 0x5B41, 0x6362, 0x6B62, 0x7383, 0x8384,
    0x8B84, 0x9385, 0x9BA6, 0xA3A6, 0xABA7, 0xABC7, 0xB3C8, 0xBBE8,
    0xBC09, 0xC409, 0xC409, 0xC429, 0xC42A, 0xC44A, 0xC46A, 0xC46B,
    0xC46B, 0xC48C, 0xC48C, 0xC48C, 0xC4AD, 0xC4AD, 0xC4AD, 0xC4CD,
    0xC4CE, 0xC4CE, 0xC4CE, 0xC4CE, 0xC4CE, 0xC4EE, 0xC4EE, 0xCCEE,
    0xCCCE, 0xCCEE, 0xCCCE, 0xC4AD, 0xC48D, 0xBC6C, 0xBC4B, 0xBC2A,
    0xBC09, 0xBC09, 0xC409, 0xCC49, 0xCC6A, 0xD48A, 0xD4CB, 0xF5CE,
    0xFD6A, 0xFCA7, 0xEC05, 0xE3C5, 0xD343, 0xC2E1, 0xD322, 0xC2A1,
    0xBA81, 0xBA81, 0xBA60, 0xBA60, 0xB240, 0xBA60, 0xDBA3, 0xF509,
    0xF56B, 0xE4E9, 0xDC26, 0xECA8, 0xF58C, 0xFE0F, 0xFE71, 0xFE92,
    0xFE50, 0xFE71, 0xFE71, 0xFE2F, 0xFE50, 0xFE2F, 0xFE2F, 0xFDCD,
    0xE466, 0xCB02, 0xC2E1, 0xBA60, 0xC2A1, 0xCB02, 0xC2E1, 0xDB83,
    0xDBC5, 0xDBE5, 0xF58C, 0xFE0F, 0xFE0F, 0xFE2F, 0xFE2F, 0xFE0F,
    0xFE2F, 0xFE0F, 0xFE71, 0xFE72, 0xFE0F, 0xFE72, 0xFE71, 0xFE30,
    0xF52B, 0xD363, 0xCAE2, 0xCAE2, 0xBAA1, 0xC2A1, 0xDB63, 0xEC46,
    0xFDEE, 0xFE92, 0xFE72, 0xFE92, 0xFE72, 0xFE93, 0xFE72, 0xFE93,
    0xFE51, 0xFE31, 0xFE52, 0xFE31, 0xECC9, 0xEC05, 0xF52A, 0xFED4,
    0xF58E, 0xC2C0, 0xB220, 0xB220, 0xBA60, 0xCAC0, 0xCAC0, 0xD300,
    0xE382, 0xEBC3, 0xFCC6, 0xE4EC, 0x8BCE, 0x7BAF, 0x83CF, 0x83CF,
    0x83EF, 0x83EE, 0x83ED, 0x7BCC, 0x73AA, 0x6B87, 0x6344, 0x5B22,
    0x52E0, 0x4AC1, 0x52E5, 0x6329, 0x6B6C, 0x6B8D, 0x73AF, 0x7BF1,
    0x7C12, 0x7C32, 0x8452, 0x8452, 0x8431, 0x8410, 0x7BCE, 0x73CD,
    0x73CD, 0x7BEE, 0x7BEE, 0x7C0E, 0x8430, 0x8451, 0x8C93, 0x8C73,
    0x8473, 0x8452, 0x7C10, 0x73EE, 0x6BAD, 0x638B, 0x6347, 0x5B24,
    0x5B22, 0x5321, 0x5321, 0x5322, 0x5302, 0x5302, 0x5306, 0x5B29,
    0x5B2A, 0x5B0B, 0x5B0B, 0x5B0B, 0x5AEB, 0x5AEB, 0x52C9, 0x4A67,
    0x4244, 0x39E0, 0x39E0, 0x39E0, 0x39E0, 0x3A00, 0x3A00, 0x3A00,
    0x3A00, 0x3A20, 0x3A40, 0x4261, 0x4282, 0x4AA3, 0x4AC4, 0x4AC5,
    0x52A1, 0x4AA1, 0x4AC1, 0x4AC1, 0x4AC0, 0x42C0, 0x42A0, 0x42A0,
    0x42A0, 0x3A80, 0x3A80, 0x3AA0, 0x3AA0, 0x42A0, 0x42C0, 0x4AE0,
    0x4B00, 0x5320, 0x5320, 0x5B41, 0x6341, 0x6B62, 0x7383, 0x7B83,
    0x8384, 0x9385, 0x9BA5, 0xA3A6, 0xABA7, 0xABC7, 0xB3E8, 0xBBE8,
    0xBC09, 0xC409, 0xC429, 0xC429, 0xC44A, 0xC44A, 0xC46B, 0xC46B,
    0xC46B, 0xC48C, 0xC48C, 0xC48C, 0xC4AD, 0xC4AD, 0xC4AD, 0xC4CE,
    0xC4CE, 0xC4CE, 0xC4CE, 0xC4EE, 0xC4EE, 0xC4EE, 0xC4EE, 0xCCEE,
    0xCCEE, 0xCCEE, 0xC4CE, 0xC4AD, 0xC48D, 0xBC6C, 0xBC4B, 0xBC2A,
    0xBC09, 0xBBE9, 0xC409, 0xC449, 0xCC6A, 0xD48A, 0xED8D, 0xFDCC,
    0xFD49, 0xEC46, 0xE3C5, 0xCB02, 0xD323, 0xD363, 0xCAE2, 0xBA81,
    0xBA81, 0xC2A1, 0xBA81, 0xAA20, 0xA200, 0xCB01, 0xECA7, 0xF54A,
    0xF58B, 0xDC88, 0xBAC1, 0xD383, 0xED2B, 0xFE30, 0xFE71, 0xFE71,
    0xFE51, 0xFE71, 0xFE30, 0xFE0F, 0xFE50, 0xFE2F, 0xFDED, 0xE446,
    0xD322, 0xBA81, 0xA200, 0xB260, 0xB240, 0xC2A1, 0xCAE2, 0xCAE1,
    0xCB02, 0xD363, 0xE406, 0xF58D, 0xFE0F, 0xFE51, 0xFDEE, 0xFE30,
    0xFE71, 0xFE51, 0xFE92, 0xFE92, 0xF5CE, 0xFE72, 0xFE92, 0xFE10,
    0xF5CE, 0xE446, 0xCB02, 0xCAE2, 0xD302, 0xD322, 0xDBA3, 0xFDCD,
    0xFE72, 0xFE92, 0xFE71, 0xFE72, 0xFE72, 0xFE10, 0xED6D, 0xF5CE,
    0xFEB4, 0xFE93, 0xFE73, 0xFE93, 0xFE51, 0xFD8C, 0xFE30, 0xFEB4,
    0xFE32, 0xD3E6, 0xB240, 0xAA00, 0xAA00, 0xBA80, 0xD321, 0xE362,
    0xE3A3, 0xEBC3, 0xF444, 0xFD28, 0xE52D, 0x83CF, 0x7BCF, 0x83EF,
    0x83EF, 0x83EF, 0x83ED, 0x7BCC, 0x73AA, 0x6B67, 0x6345, 0x5B22,
    0x5302, 0x52E4, 0x5B28, 0x6B6B, 0x6B8D, 0x73AF, 0x7BF0, 0x7C12,
    0x7C32, 0x8432, 0x8432, 0x8431, 0x7BF0, 0x7BCE, 0x73AC, 0x73AB,
    0x73AC, 0x7BED, 0x840E, 0x842F, 0x8C71, 0x8C93, 0x94B4, 0x94D5,
    0x94B4, 0x8C93, 0x8451, 0x7C10, 0x73EE, 0x6BAC, 0x6369, 0x5B45,
    0x5B22, 0x5B21, 0x5301, 0x5301, 0x5301, 0x5303, 0x5327, 0x5B4A,
    0x5B4C, 0x5B2C, 0x5B2C, 0x5B2C, 0x5B2C, 0x5B0C, 0x52EB, 0x4A88,
    0x4245, 0x4200, 0x39E0, 0x3A00, 0x3A00, 0x3A21, 0x3A20, 0x3A20,
    0x3A20, 0x3A20, 0x4240, 0x4261, 0x4A83, 0x4AC4, 0x52C6, 0x52C6,
    0x4AA1, 0x4AA1, 0x4AA0, 0x4AA0, 0x4AC0, 0x42C0, 0x42C0, 0x42A0,
    0x3AA0, 0x3A80, 0x3A80, 0x3A80, 0x3A80, 0x42A0, 0x42C0, 0x4AE0,
    0x4B00, 0x5320, 0x5320, 0x5B40, 0x5B41, 0x6362, 0x7382, 0x7B83,
    0x8384, 0x9385, 0x9BA6, 0xA3A6, 0xABA7, 0xABC7, 0xB3C8, 0xBBE8,
    0xBC08, 0xBC09, 0xC409, 0xC429, 0xC44A, 0xC44A, 0xC46B, 0xC46B,
    0xC46B, 0xC48C, 0xC48C, 0xC48C, 0xC4AD, 0xC4AD, 0xC4CD, 0xC4CE,
    0xC4EE, 0xC4EE, 0xCCEE, 0xC4EE, 0xC4EE, 0xC4EE, 0xCCEE, 0xCCEE,
    0xCCEE, 0xCCEE, 0xCCCE, 0xC4AD, 0xC48D, 0xBC6C, 0xBC4B, 0xBC2A,
    0xBC09, 0xBC09, 0xC429, 0xCC4A, 0xCC49, 0xE52C, 0xFE0E, 0xFD49,
    0xEC05, 0xD322, 0xDBA4, 0xD302, 0xE3C5, 0xCAE2, 0xC2C1, 0xCB02,
    0xC2C1, 0xB240, 0xB240, 0xB260, 0xBA80, 0xDBC4, 0xF56A, 0xF54A,
    0xF56B, 0xD447, 0xB281, 0xDBA4, 0xE4A9, 0xED4B, 0xFE71, 0xFE71,
    0xFE50, 0xFE50, 0xFE2F, 0xFE2F, 0xFE70, 0xFD8B, 0xE425, 0xCAA0,
    0xC2C1, 0xC281, 0xB240, 0xAA20, 0xB240, 0xCAC1, 0xC2C1, 0xBA81,
    0xBA81, 0xCAE2, 0xD343, 0xDBC5, 0xED0A, 0xF5AE, 0xED0A, 0xFE0F,
    0xFE71, 0xFE71, 0xFE72, 0xFE30, 0xFE30, 0xFE51, 0xFE51, 0xFE30,
    0xFDEE, 0xFD8C, 0xEC87, 0xDBC4, 0xDB62, 0xE425, 0xF52A, 0xFE30,
    0xFE51, 0xFE71, 0xFE72, 0xFE72, 0xF5AE, 0xED2C, 0xD3C6, 0xCB23,
    0xF52B, 0xFE92, 0xFE93, 0xFE73, 0xFE92, 0xFE72, 0xFEB4, 0xFEB3,
    0xFE72, 0xE4CA, 0xC2E1, 0xB260, 0xBA80, 0xCAE1, 0xD300, 0xDB42,
    0xDB62, 0xEBC3, 0xF424, 0xFC85, 0xFD8A, 0xDD2E, 0x8BEF, 0x83EF,
    0x8C10, 0x840F, 0x83EE, 0x7BCC, 0x738A, 0x6B67, 0x6345, 0x5B24,
    0x5B05, 0x5B07, 0x634A, 0x6B8D, 0x73AF, 0x73D0, 0x7C11, 0x7C32,
    0x8432, 0x7C32, 0x7C11, 0x7BF0, 0x73CE, 0x73AC, 0x738A, 0x7389,
    0x73AA, 0x7BEC, 0x842E, 0x8C50, 0x8C92, 0x94B4, 0x94D5, 0x9CF6,
    0x94D6, 0x8CB4, 0x8473, 0x7C31, 0x7410, 0x73CD, 0x6B8A, 0x6347,
    0x5B23, 0x5301, 0x5301, 0x52E1, 0x52E1, 0x52E3, 0x5B27, 0x5B4B,
    0x636D, 0x636E, 0x634E, 0x634E, 0x5B4E, 0x5B2E, 0x530C, 0x4AA9,
    0x4A66, 0x4221, 0x4201, 0x4221, 0x4221, 0x4221, 0x4221, 0x4221,
    0x4220, 0x4220, 0x4240, 0x4262, 0x4A83, 0x4AC5, 0x52E7, 0x52E8,
    0x4A81, 0x4A80, 0x4AA0, 0x4AA0, 0x4AC0, 0x42C0, 0x42C0, 0x42C0,
    0x3AA0, 0x3A80, 0x3A80, 0x3A80, 0x3A80, 0x42C0, 0x4AE0, 0x4B00,
    0x4B00, 0x4B20, 0x5320, 0x5340, 0x5B41, 0x6362, 0x7382, 0x7B83,
    0x8384, 0x9385, 0x9B85, 0xA3A6, 0xABA7, 0xABA7, 0xB3C7, 0xBBE8,
    0xBBE8, 0xBC09, 0xBC09, 0xC429, 0xC44A, 0xC44A, 0xC46B, 0xC46B,
    0xC48B, 0xC48C, 0xC48C, 0xC4AD, 0xC4AD, 0xC4AD, 0xC4CD, 0xC4CE,
    0xC4EE, 0xCCEE, 0xCCEE, 0xCCEE, 0xC4EE, 0xC4EE, 0xCCEE, 0xCCEE,
    0xCCEE, 0xCCEE, 0xCCEE, 0xC4AD, 0xC48D, 0xBC6C, 0xBC4B, 0xB40A,
    0xBC09, 0xBC09, 0xC429, 0xC449, 0xD4CB, 0xFE30, 0xFD08, 0xE3A4,
    0xDB43, 0xF446, 0xEC26, 0xE3C5, 0xE3C5, 0xCB02, 0xCB03, 0xCAE2,
    0xC2C1, 0xBA81, 0xB260, 0xBA60, 0xB240, 0xDBE4, 0xF58B, 0xF56B,
    0xED4A, 0xCC06, 0xBAC1, 0xE3C5, 0xD384, 0xED2B, 0xFE71, 0xFE50,
    0xFE50, 0xFE50, 0xFE50, 0xFE91, 0xF50A, 0xE3C4, 0xC2A1, 0xBA60,
    0xC2A1, 0xBA40, 0xAA20, 0xB240, 0xB261, 0xC2A1, 0xCB02, 0xBA61,
    0xBA60, 0xBA81, 0xC2E2, 0xCB23, 0xD363, 0xD384, 0xD342, 0xECC9,
    0xFE0F, 0xFDEE, 0xFE30, 0xFE30, 0xFE50, 0xFE72, 0xFE92, 0xFE93,
    0xFE30, 0xFE0F, 0xFDEE, 0xFDEE, 0xF52A, 0xF56B, 0xFE0F, 0xFE30,
    0xFE51, 0xFE30, 0xFE51, 0xFE51, 0xED6D, 0xD3E6, 0xCB44, 0xC2C2,
    0xD322, 0xECA8, 0xFE51, 0xFEB4, 0xFE93, 0xFE93, 0xFEB4, 0xFEB4,
    0xFE30, 0xE4C9, 0xB2C1, 0x99E0, 0xB240, 0xCAE1, 0xDB62, 0xDB62,
    0xDB62, 0xE382, 0xF404, 0xFC65, 0xFCC6, 0xFDCB, 0xD52F, 0x83CF,
    0x8C10, 0x8C0F, 0x83EE, 0x7BCC, 0x738A, 0x6B68, 0x6346, 0x6326,
    0x6327, 0x6349, 0x6B6C, 0x73AE, 0x7BF0, 0x7BF1, 0x7C12, 0x8432,
    0x8432, 0x7C32, 0x7BF0, 0x73CE, 0x6B8C, 0x6B6A, 0x6B68, 0x6B67,
    0x7389, 0x7BEC, 0x842E, 0x8C50, 0x8C72, 0x94B4, 0x94F6, 0x9D17,
    0x9D17, 0x94D5, 0x8C94, 0x8452, 0x7C10, 0x73CE, 0x6B8B, 0x6347,
    0x5B24, 0x52E1, 0x52E0, 0x52E0, 0x52C0, 0x52E2, 0x5B08, 0x634C,
    0x638E, 0x638F, 0x638F, 0x636F, 0x636F, 0x634F, 0x5B2D, 0x52CA,
    0x4A87, 0x4243, 0x4222, 0x4222, 0x4222, 0x4221, 0x4221, 0x4221,
    0x4221, 0x4241, 0x4240, 0x4262, 0x4A84, 0x52C6, 0x52E8, 0x5309,
    0x52A1, 0x4A80, 0x4280, 0x4280, 0x42A0, 0x42C0, 0x42C0, 0x42A0,
    0x3AA0, 0x3A60, 0x3260, 0x3A80, 0x3AA0, 0x42C0, 0x4AE0, 0x4B00,
    0x4B00, 0x4B00, 0x5320, 0x5340, 0x5B41, 0x6B62, 0x7362, 0x7B83,
    0x8384, 0x8B85, 0x9B85, 0xA386, 0xA386, 0xABA7, 0xB3C7, 0xBBC8,
    0xBBE8, 0xBC08, 0xBC09, 0xC429, 0xC44A, 0xC46A, 0xC46B, 0xC46B,
    0xC48B, 0xC48C, 0xC48C, 0xC4AD, 0xC4AD, 0xC4AD, 0xC4CD, 0xCCCE,
    0xCCCE, 0xCCEE, 0xC4EE, 0xC4EE, 0xC4EE, 0xC4EE, 0xC4EE, 0xCCEE,
    0xCCEE, 0xCCEE, 0xC4CE, 0xC4AD, 0xC48D, 0xBC6C, 0xBC4B, 0xB40A,
    0xB409, 0xBC09, 0xC429, 0xCC6A, 0xF694, 0xFE0E, 0xF445, 0xEC26,
    0xF466, 0xF487, 0xE3A4, 0xE3C5, 0xCB03, 0xC2E2, 0xC2C1, 0xBAA1,
    0xBA81, 0xAA20, 0xAA20, 0xB220, 0xC2A0, 0xECC8, 0xF56B, 0xED4B,
    0xED4A, 0xCC06, 0xBAE2, 0xDBA4, 0xD384, 0xF5CE, 0xFE71, 0xFE50,
    0xFE50, 0xFE51, 0xFE71, 0xFE0E, 0xDB83, 0xCAC1, 0xC2A1, 0xC2C1,
    0xB241, 0xAA20, 0xC2C2, 0xAA41, 0xCAE2, 0xCAC1, 0xAA20, 0xC2C1,
    0xCAE2, 0xC2C2, 0xC2C2, 0xC2C2, 0xCAE2, 0xC2A1, 0xC2A1, 0xD322,
    0xE405, 0xEC87, 0xFDCE, 0xFE30, 0xFE50, 0xFE71, 0xFE93, 0xFE72,
    0xFE30, 0xFE71, 0xFE92, 0xFE71, 0xFE30, 0xFDCE, 0xFE0F, 0xFE71,
    0xFE93, 0xFE92, 0xFE72, 0xF5EF, 0xED6D, 0xCB44, 0xC2C2, 0xC303,
    0xCB23, 0xDB84, 0xEC47, 0xFE31, 0xFE93, 0xFE93, 0xFEB4, 0xFED5,
    0xF5CE, 0xE426, 0xBB23, 0xA1E0, 0xB240, 0xBA60, 0xD342, 0xDB83,
    0xD362, 0xD301, 0xDB41, 0xEBE4, 0xFC65, 0xFD28, 0xFE92, 0xB4D1,
    0x83F0, 0x8C30, 0x83EE, 0x7BCC, 0x738A, 0x6B68, 0x6B47, 0x6B47,
    0x6B48, 0x6B4A, 0x6B8D, 0x73CF, 0x7BF0, 0x7C12, 0x7C32, 0x8432,
    0x7C12, 0x7BF1, 0x73CF, 0x73AD, 0x6B6A, 0x6348, 0x6346, 0x6B46,
    0x6B88, 0x73CC, 0x842E, 0x8C51, 0x8C72, 0x94B4, 0x94D5, 0x9CF6,
    0x94F6, 0x94D6, 0x8CB4, 0x8473, 0x7C31, 0x73CE, 0x6B8B, 0x6348,
    0x5B04, 0x52C0, 0x52C0, 0x52C0, 0x52C0, 0x52C3, 0x5B08, 0x634C,
    0x638F, 0x6BB0, 0x6BB0, 0x63B1, 0x6390, 0x6370, 0x5B2E, 0x52CB,
    0x4A87, 0x4A43, 0x4242, 0x4222, 0x4242, 0x4A42, 0x4A42, 0x4242,
    0x4242, 0x4242, 0x4241, 0x4262, 0x4A84, 0x52C6, 0x52E8, 0x530A,
    0x52A3, 0x4A81, 0x4280, 0x4280, 0x4280, 0x4280, 0x42A0, 0x3A80,
    0x3A80, 0x3260, 0x3240, 0x3A60, 0x3AA0, 0x42C0, 0x4AE0, 0x4B00,
    0x4AE0, 0x4B00, 0x5300, 0x5340, 0x5B41, 0x6B62, 0x7362, 0x7B63,
    0x8364, 0x8B65, 0x9385, 0x9B86, 0xA386, 0xABA7, 0xB3A7, 0xB3C7,
    0xBBE8, 0xBBE8, 0xBC09, 0xC429, 0xC42A, 0xC44A, 0xC44B, 0xC46B,
    0xC48B, 0xC48C, 0xC4AC, 0xC4AD, 0xC4AD, 0xC4AD, 0xC4CE, 0xC4CE,
    0xCCCE, 0xCCEE, 0xC4EE, 0xC4EE, 0xC4EE, 0xC4EE, 0xC4EE, 0xCCEE,
    0xCCEE, 0xCCEE, 0xC4CE, 0xC4AD, 0xC48D, 0xBC6C, 0xBC4B, 0xB40A,
    0xBC09, 0xBC09, 0xC408, 0xEE12, 0xFF36, 0xF4E7, 0xEC26, 0xFCC8,
    0xF4A7, 0xE3C4, 0xD343, 0xDB63, 0xC2C2, 0xC2C2, 0xBAA1, 0xB240,
    0xB240, 0xBA81, 0xA200, 0xB240, 0xCB22, 0xF52A, 0xF52A, 0xED4B,
    0xED4B, 0xC3E6, 0xBB02, 0xCB23, 0xDC26, 0xF5CE, 0xFE51, 0xFE50,
    0xFE2F, 0xFE50, 0xFE50, 0xEC66, 0xCAE1, 0xC2A1, 0xC2C1, 0xC2A1,
    0xA200, 0xC2A1, 0xC2A1, 0xBAA1, 0xBAA1, 0xBA61, 0xB241, 0xC2E2,
    0xCAE2, 0xCAE2, 0xC2C2, 0xCB02, 0xC2C1, 0xCB02, 0xD323, 0xDB63,
    0xDB63, 0xDBA3, 0xEC67, 0xF4E9, 0xFE30, 0xFE92, 0xFE92, 0xFE51,
    0xFE51, 0xFE93, 0xFE72, 0xFE71, 0xFDEF, 0xFE0F, 0xFE30, 0xFE72,
    0xFEB4, 0xFE92, 0xFE72, 0xF5EF, 0xDC48, 0xC303, 0xAA41, 0xB241,
    0xD323, 0xDBA5, 0xDB84, 0xF4E9, 0xFED4, 0xFEB4, 0xFEB4, 0xFED5,
    0xF58E, 0xDBC5, 0xAAA2, 0x99E0, 0xB240, 0xB240, 0xB240, 0xCB01,
    0xDB62, 0xDB83, 0xE3A3, 0xDB62, 0xE3A3, 0xF485, 0xFDED, 0xFF16,
    0xBCD1, 0x940F, 0x83EE, 0x7BCC, 0x738B, 0x7389, 0x6B69, 0x6B69,
    0x6B6A, 0x6B6C, 0x738E, 0x7BD0, 0x7C11, 0x8433, 0x8433, 0x7C32,
    0x7C11, 0x73D0, 0x73AE, 0x6B6B, 0x6348, 0x6325, 0x6325, 0x6346,
    0x6B89, 0x7BCC, 0x840F, 0x8451, 0x8C73, 0x8CB4, 0x94D5, 0x94F6,
    0x94F6, 0x94D5, 0x8C94, 0x8452, 0x7C11, 0x73CE, 0x6B8C, 0x6349,
    0x5AE4, 0x52C0, 0x52A0, 0x52A0, 0x52A0, 0x52C3, 0x5B09, 0x636D,
    0x6BB0, 0x6BD1, 0x6BD1, 0x6BD1, 0x6BB1, 0x6390, 0x5B4E, 0x52EB,
    0x4A87, 0x4A43, 0x4A43, 0x4A43, 0x4A64, 0x4A65, 0x4A86, 0x4A65,
    0x4A65, 0x4A64, 0x4243, 0x4A63, 0x4A85, 0x52A7, 0x52E9, 0x530B,
    0x62C4, 0x52A3, 0x4A81, 0x3A40, 0x3A40, 0x3A60, 0x3A60, 0x3A60,
    0x3A60, 0x3260, 0x3240, 0x3A60, 0x3A80, 0x42C0, 0x42E0, 0x42E0,
    0x42C0, 0x42E0, 0x4B00, 0x5B20, 0x6342, 0x6B62, 0x7B63, 0x7B63,
    0x8364, 0x9364, 0x9365, 0x9B65, 0xA386, 0xAB87, 0xB3A7, 0xB3C7,
    0xBBC8, 0xBBE8, 0xBC09, 0xC409, 0xC42A, 0xC44A, 0xC46B, 0xC46B,
    0xC48B, 0xC48C, 0xC4AC, 0xC4AD, 0xC4AD, 0xC4CD, 0xC4CE, 0xC4CE,
    0xCCCE, 0xCCEE, 0xCCEE, 0xC4EE, 0xC4EE, 0xCCEE, 0xCCEE, 0xCCEE,
    0xCCEE, 0xCCEE, 0xC4EE, 0xC4AD, 0xC48D, 0xBC6C, 0xBC4B, 0xB40A,
    0xBC0A, 0xBBE8, 0xCCCC, 0xFF57, 0xFE0E, 0xF404, 0xF467, 0xF487,
    0xEC26, 0xE3C5, 0xDBA5, 0xDB84, 0xC2C2, 0xCB03, 0xC2A1, 0xBA81,
    0xBAA1, 0xBA81, 0xBA60, 0xBA60, 0xBAA0, 0xECA7, 0xF58C, 0xED4B,
    0xE50A, 0xCBE7, 0xBAC2, 0xC2E2, 0xE447, 0xECC9, 0xFE2F, 0xFE71,
    0xFE50, 0xFE70, 0xF54A, 0xD321, 0xBA61, 0xB240, 0xC2A1, 0xBA61,
    0xC2A1, 0xC2C1, 0xBA80, 0xCAE2, 0xAA41, 0xAA20, 0xCAC1, 0xCB23,
    0xC2C2, 0xC2C2, 0xD302, 0xCB02, 0xCAE2, 0xCB02, 0xD363, 0xCB23,
    0xD363, 0xCB02, 0xDB43, 0xE383, 0xF50A, 0xFE92, 0xFE71, 0xFE92,
    0xFEB3, 0xFEB3, 0xFE92, 0xFE71, 0xFE51, 0xFE51, 0xFE30, 0xFE51,
    0xFE72, 0xFE51, 0xFE0F, 0xF54C, 0xC304, 0xBA81, 0xAA21, 0xA1E0,
    0xC2E2, 0xCB23, 0xDB84, 0xEC26, 0xFD8D, 0xFE72, 0xFED5, 0xFED5,
    0xF58E, 0xDBE5, 0xB2E2, 0x91C0, 0x91C0, 0xAA20, 0xA200, 0xA200,
    0xBA80, 0xDB42, 0xEBE4, 0xEC25, 0xEC04, 0xEC04, 0xFC85, 0xFE91,
    0xFEF6, 0xBC6E, 0x7BAD, 0x7BCC, 0x7BAB, 0x738A, 0x738A, 0x738B,
    0x738C, 0x738D, 0x73AF, 0x7BF1, 0x8432, 0x8453, 0x8433, 0x7C32,
    0x7BF0, 0x73AF, 0x6B8C, 0x6349, 0x5B05, 0x5B04, 0x6325, 0x6B47,
    0x6B8A, 0x7BED, 0x8430, 0x8452, 0x8C73, 0x8C94, 0x94D5, 0x94D5,
    0x94D5, 0x8CB5, 0x8C73, 0x7C32, 0x73F0, 0x73AD, 0x6B6B, 0x6349,
    0x5AE5, 0x52A0, 0x5280, 0x5280, 0x5280, 0x52A3, 0x5B09, 0x636D,
    0x6BB0, 0x6BD2, 0x6BD2, 0x6BD2, 0x6BD1, 0x63B0, 0x5B4E, 0x52EB,
    0x4A88, 0x4A65, 0x4A64, 0x5286, 0x52A7, 0x52A8, 0x52A9, 0x52A8,
    0x4AA8, 0x4A86, 0x4A85, 0x4A85, 0x4A85, 0x52A7, 0x52E9, 0x532C,
    0x62C5, 0x5AA4, 0x4A61, 0x3A40, 0x3220, 0x3220, 0x3240, 0x3240,
    0x3240, 0x3220, 0x2A20, 0x3220, 0x3A60, 0x3A80, 0x3AA0, 0x42A0,
    0x3AA0, 0x42C0, 0x4B00, 0x5B21, 0x6342, 0x7342, 0x7B43, 0x8343,
    0x8344, 0x8B44, 0x9345, 0x9B45, 0xA366, 0xAB87, 0xB387, 0xB3A7,
    0xBBC8, 0xBBE8, 0xC409, 0xC429, 0xC429, 0xC44A, 0xC44A, 0xC46B,
    0xC48C, 0xC48C, 0xC4AC, 0xC4AD, 0xC4AD, 0xC4AD, 0xC4CE, 0xC4CE,
    0xC4CE, 0xC4EE, 0xCCEE, 0xCCEE, 0xC4EE, 0xCCEE, 0xCCEE, 0xCCEE,
    0xC4EE, 0xCCEE, 0xC4EE, 0xC4AD, 0xBC8D, 0xBC6C, 0xBC4B, 0xB42A,
    0xB40A, 0xC46B, 0xF6D5, 0xFF77, 0xFD49, 0xF446, 0xF4A7, 0xF4C8,
    0xEC67, 0xD343, 0xE3C5, 0xD343, 0xC2E2, 0xCB02, 0xBAA1, 0xC2C1,
    0xBA81, 0xB240, 0xBA81, 0xBA60, 0xCAE1, 0xEC86, 0xED2A, 0xE4E9,
    0xDC68, 0xBB24, 0xC2C1, 0xDB64, 0xDBC5, 0xED2B, 0xFE30, 0xFE2F,
    0xFE50, 0xFE2F, 0xEC46, 0xC2A0, 0xB261, 0xAA40, 0xAA20, 0xAA20,
    0xBA81, 0xB241, 0xC281, 0xC2C1, 0xBAA1, 0xBAA2, 0xBAC2, 0xBAA2,
    0xC2C2, 0xC2C1, 0xC2A1, 0xC2A1, 0xCB02, 0xCB02, 0xC2E2, 0xC2E2,
    0xBAA1, 0xCAC2, 0xC2C2, 0xD302, 0xE3C4, 0xF5AD, 0xFE92, 0xFE72,
    0xFE92, 0xFE93, 0xFE93, 0xFE92, 0xFE92, 0xFE72, 0xFE72, 0xFE72,
    0xFE72, 0xFE30, 0xFE0F, 0xED0B, 0xD3C6, 0xBAA2, 0xAA00, 0xA1E0,
    0xB261, 0xC2C2, 0xD364, 0xDBA5, 0xEC06, 0xF4C8, 0xFE51, 0xFEF6,
    0xF610, 0xE406, 0xD3C5, 0xB2A1, 0x99C0, 0xAA20, 0xBA60, 0xB240,
    0xAA20, 0xBA40, 0xDB01, 0xDB62, 0xE3C4, 0xF466, 0xFCA6, 0xFD49,
    0xFF56, 0xEE33, 0x8BCD, 0x7BAD, 0x7BAC, 0x7BAC, 0x73AC, 0x738C,
    0x7BAD, 0x7BAE, 0x7BD0, 0x7C12, 0x8433, 0x8453, 0x8433, 0x7C12,
    0x7BF0, 0x73AE, 0x6B6B, 0x6327, 0x5B04, 0x5B04, 0x6347, 0x6B89,
    0x73AC, 0x7BEE, 0x8430, 0x8452, 0x8C94, 0x8C94, 0x8CB5, 0x8CB5,
    0x8CB5, 0x8CB4, 0x8473, 0x7C31, 0x73EF, 0x6BAD, 0x6B6A, 0x6328,
    0x5AE5, 0x52A1, 0x5280, 0x5280, 0x5280, 0x5AA3, 0x5B09, 0x636D,
    0x6BB0, 0x6BD2, 0x6BD2, 0x6BD2, 0x6BD2, 0x6390, 0x634E, 0x5AEB,
    0x52A8, 0x5286, 0x5286, 0x52A8, 0x52C9, 0x5ACA, 0x5AEA, 0x52CA,
    0x52CA, 0x52C9, 0x4AA8, 0x4AA6, 0x4AA6, 0x52A7, 0x52EA, 0x532D,
    0x6AC5, 0x62A4, 0x5A83, 0x4A62, 0x4262, 0x4282, 0x4A82, 0x4A82,
    0x4282, 0x4282, 0x4282, 0x4282, 0x4AA2, 0x4AC2, 0x52E3, 0x5303,
    0x5303, 0x5B24, 0x6364, 0x6B44, 0x6B44, 0x7B44, 0x7B43, 0x8324,
    0x8B24, 0x9324, 0x9325, 0x9B45, 0xA346, 0xAB66, 0xAB87, 0xB3A7,
    0xBBC8, 0xBBE8, 0xC409, 0xC429, 0xC429, 0xC44A, 0xC44A, 0xC46B,
    0xC48C, 0xC48C, 0xC4AC, 0xC4AD, 0xC4AD, 0xC4AD, 0xC4CE, 0xC4CE,
    0xC4CE, 0xC4EE, 0xCCEE, 0xCCEE, 0xC4EE, 0xCCEE, 0xCCEE, 0xCCEE,
    0xC4EE, 0xCCEE, 0xCCCE, 0xC4AD, 0xBC8D, 0xBC6C, 0xBC4B, 0xB40A,
    0xB40A, 0xE56E, 0xFF78, 0xFEF4, 0xFD08, 0xEC26, 0xF4C9, 0xF488,
    0xD364, 0xDBC5, 0xDBA4, 0xC2E2, 0xCAC1, 0xCB02, 0xBA81, 0xBAA1,
    0xC2A1, 0xB240, 0xB241, 0xC2C1, 0xE404, 0xF509, 0xED09, 0xE4C9,
    0xCBC5, 0xA261, 0xCB02, 0xDB84, 0xE446, 0xFDEF, 0xFE30, 0xFE30,
    0xFE2F, 0xFE0D, 0xDB83, 0xC2A1, 0xC281, 0xAA20, 0xA200, 0xAA21,
    0xA200, 0x8980, 0xAA20, 0xC2A1, 0xCB02, 0xC2E2, 0x9A01, 0xB281,
    0xC2C2, 0xCB23, 0xD323, 0xCAE2, 0xCB02, 0xCB02, 0xC2C1, 0xBA81,
    0xB261, 0xC2C1, 0xC2A1, 0xCB02, 0xDB42, 0xE426, 0xFE51, 0xFE72,
    0xFE92, 0xFEB3, 0xFE72, 0xFE93, 0xFE93, 0xFE72, 0xFE72, 0xFE31,
    0xFE51, 0xFE72, 0xF5CE, 0xDC07, 0xCB24, 0xAA41, 0x89A0, 0x99C0,
    0xAA20, 0xB261, 0xCB23, 0xDB84, 0xDBA5, 0xE3E5, 0xF4A7, 0xFE93,
    0xFEB4, 0xE468, 0xD3E5, 0xC363, 0x9A00, 0xB240, 0xB260, 0xB260,
    0xBAA1, 0xC2A0, 0xC2A0, 0xD322, 0xDB63, 0xE3A3, 0xF425, 0xFD07,
    0xFED3, 0xFF99, 0xE56F, 0x83CD, 0x7BCD, 0x7BAC, 0x7BAC, 0x7BAD,
    0x7BAD, 0x7BAF, 0x7BF1, 0x7C12, 0x8433, 0x8453, 0x7C33, 0x7C11,
    0x73CF, 0x6B8D, 0x6B4A, 0x6347, 0x5B25, 0x6347, 0x6B69, 0x6BAB,
    0x73CE, 0x7C0F, 0x8431, 0x8453, 0x8C94, 0x8C95, 0x8C95, 0x8C95,
    0x8C94, 0x8C94, 0x8452, 0x7C11, 0x73EF, 0x6B8D, 0x636A, 0x6327,
    0x5AE5, 0x5AA1, 0x5280, 0x5280, 0x5280, 0x5AC4, 0x6309, 0x634D,
    0x6BB0, 0x6BD2, 0x6BD2, 0x6BD1, 0x6BB1, 0x6390, 0x5B4E, 0x5AEB,
    0x52A9, 0x52A8, 0x52A8, 0x5ACA, 0x5AEB, 0x5AEC, 0x5B0C, 0x5B2C,
    0x5B0C, 0x5B0B, 0x52CA, 0x52C8, 0x4AA7, 0x52A8, 0x52EB, 0x5B2D,
    0x7B07, 0x72E7, 0x72E7, 0x6AE7, 0x6B07, 0x6B28, 0x7348, 0x7348,
    0x7368, 0x7368, 0x7369, 0x7368, 0x7389, 0x73A9, 0x7BC9, 0x7BC9,
    0x7BE9, 0x83E9, 0x83E9, 0x83C8, 0x8387, 0x8366, 0x8345, 0x8B24,
    0x8B04, 0x9304, 0x9325, 0x9B25, 0xA346, 0xA366, 0xAB87, 0xB3A7,
    0xBBC8, 0xBBE8, 0xBBE9, 0xC409, 0xC429, 0xC44A, 0xC44A, 0xC46B,
    0xC48C, 0xC48C, 0xC48C, 0xC4AD, 0xC4AD, 0xC4AD, 0xC4CD, 0xC4CE,
    0xC4CE, 0xCCEE, 0xCCEE, 0xCCEE, 0xCCEE, 0xCCEE, 0xCCEE, 0xCCEE,
    0xCCEE, 0xCCEE, 0xCCCE, 0xC4AD, 0xBC8C, 0xBC6C, 0xBC4B, 0xB42A,
    0xC429, 0xFE10, 0xFF99, 0xFE70, 0xFCE8, 0xFD4B, 0xF4E9, 0xDBA5,
    0xDBA4, 0xDBA4, 0xCAE2, 0xC2C2, 0xC2C1, 0xCB02, 0xC2C2, 0xC2A1,
    0xBA81, 0xBAA1, 0xBA80, 0xD322, 0xF509, 0xED29, 0xED2A, 0xDC46,
    0xC364, 0xA282, 0xCB23, 0xDB84, 0xECA8, 0xFE30, 0xFE50, 0xFE50,
    0xFE70, 0xF54A, 0xD322, 0xC2C1, 0xBA61, 0xBA81, 0xBA81, 0xB261,
    0xB261, 0xAA20, 0xAA00, 0xBA61, 0xCAC1, 0xA200, 0x91C0, 0xAA00,
    0xCAC1, 0xCB02, 0xD323, 0xDB42, 0xC2A1, 0xBA60, 0xA9E0, 0xC2A1,
    0xB241, 0xC2C2, 0xCAE2, 0xCB02, 0xCAE2, 0xDB42, 0xF50A, 0xFEB3,
    0xFE93, 0xFE92, 0xFE92, 0xFE72, 0xFEB3, 0xFE72, 0xFE31, 0xFDEF,
    0xECA8, 0xECEA, 0xECA9, 0xD343, 0xC2E2, 0xBAA2, 0xAA41, 0xBA82,
    0xAA41, 0xB241, 0xCAE3, 0xD344, 0xDB84, 0xE3E5, 0xEC25, 0xFD4B,
    0xFF16, 0xF56E, 0xD3E6, 0xD406, 0xB2C1, 0xAA20, 0xBA80, 0xBAA1,
    0xC2C1, 0xCB01, 0xBA81, 0xBAA0, 0xDB62, 0xE3A3, 0xDB62, 0xF486,
    0xFEB2, 0xFF79, 0xFEB4, 0xC46C, 0x7BAD, 0x7BAD, 0x7BAD, 0x7BAD,
    0x7BAE, 0x7BD0, 0x7BF1, 0x8433, 0x8453, 0x8433, 0x7C32, 0x7C11,
    0x73CF, 0x6B8C, 0x6B6A, 0x6348, 0x6347, 0x6369, 0x6BAC, 0x73CE,
    0x73F0, 0x7C31, 0x8452, 0x8473, 0x8494, 0x8C95, 0x8494, 0x8474,
    0x8474, 0x8473, 0x8432, 0x7C11, 0x73CF, 0x6B8D, 0x6B6A, 0x6328,
    0x5AE6, 0x5AC2, 0x5AA0, 0x5A80, 0x5A80, 0x5AC4, 0x6309, 0x6B4D,
    0x6B90, 0x6BB1, 0x6BB1, 0x6BB0, 0x6390, 0x6390, 0x632E, 0x5AEB,
    0x5ACA, 0x52C9, 0x5ACA, 0x5AEC, 0x5B0D, 0x5B2D, 0x634E, 0x636E,
    0x636F, 0x5B2D, 0x52EC, 0x52C9, 0x4AA8, 0x52C9, 0x530C, 0x5B4E,
    0x8328, 0x8329, 0x8349, 0x838A, 0x8BAA, 0x8BCB, 0x8BEB, 0x93EC,
    0x940C, 0x942C, 0x942C, 0x942D, 0x9C4D, 0x9C6D, 0x9C6D, 0x9C8D,
    0xA48D, 0x9C6D, 0x9C4B, 0x940A, 0x93C9, 0x9388, 0x9366, 0x8B25,
    0x9304, 0x9304, 0x9305, 0x9B25, 0xA326, 0xA346, 0xAB67, 0xB3A7,
    0xBBC8, 0xBBE8, 0xBC09, 0xC409, 0xC429, 0xC44A, 0xC44A, 0xC46B,
    0xC48C, 0xC48C, 0xC48C, 0xC48D, 0xC4AD, 0xC4AD, 0xC4CD, 0xC4CE,
    0xC4CE, 0xC4EE, 0xCCEE, 0xCCEE, 0xCCEE, 0xCCEE, 0xCCEE, 0xCCEE,
    0xCCEE, 0xCCEE, 0xCCEE, 0xC4AD, 0xBC8C, 0xBC6C, 0xBC4B, 0xB42B,
    0xED2C, 0xFF57, 0xFF36, 0xFE2F, 0xFDAC, 0xF4EA, 0xDB84, 0xDB84,
    0xE406, 0xD363, 0xCB02, 0xCAE2, 0xD343, 0xCB02, 0xC2E2, 0xBA61,
    0xBA60, 0xBA60, 0xC2A0, 0xDBC4, 0xECE8, 0xED09, 0xECC8, 0xDC67,
    0xB324, 0xA261, 0xD363, 0xDB83, 0xECA8, 0xFE50, 0xFE50, 0xFE50,
    0xFE50, 0xEC66, 0xD342, 0xC2A1, 0xCAE2, 0xCAE2, 0xC2C1, 0xBAC2,
    0xB261, 0xAA20, 0xB220, 0xC281, 0xBA40, 0xAA20, 0xB261, 0xB240,
    0xBA81, 0xBAA1, 0xBA81, 0xD301, 0xD302, 0xD322, 0xAA00, 0xC281,
    0xC2A1, 0xC2C2, 0xCB02, 0xCB02, 0xBAC1, 0xD322, 0xF4E9, 0xFE51,
    0xFE93, 0xFE71, 0xFE92, 0xFE72, 0xFE93, 0xFE72, 0xFDEF, 0xF4C9,
    0xE3E5, 0xDBA4, 0xE3C5, 0xDBA4, 0xCB23, 0xCB23, 0xB241, 0xC2A2,
    0xCB03, 0xBA82, 0xC2C2, 0xDB64, 0xDB84, 0xDBA5, 0xEBE5, 0xF487,
    0xFEB4, 0xFE52, 0xDC06, 0xD406, 0xCBC5, 0xA200, 0xAA20, 0xBAA1,
    0xC2C1, 0xCAE1, 0xBAA1, 0xBA60, 0xC2C1, 0xE383, 0xE383, 0xEBC3,
    0xFDCC, 0xFF57, 0xFF79, 0xFE72, 0xAC2C, 0x738D, 0x7BAE, 0x7BAE,
    0x7BCF, 0x7BD0, 0x8412, 0x8433, 0x8454, 0x8433, 0x7C32, 0x7C11,
    0x73CF, 0x738C, 0x6B6A, 0x6B69, 0x6B69, 0x6B8B, 0x73CE, 0x73F0,
    0x7C32, 0x7C53, 0x8473, 0x8494, 0x8495, 0x8495, 0x8474, 0x8473,
    0x8453, 0x7C32, 0x7C32, 0x7C11, 0x73CF, 0x73AD, 0x6B6B, 0x6349,
    0x6307, 0x62E5, 0x5AA1, 0x5A80, 0x5AA0, 0x5AC4, 0x6309, 0x6B4D,
    0x6B8F, 0x6B8F, 0x6B8F, 0x6B8F, 0x638F, 0x636F, 0x632D, 0x5AEB,
    0x5AEA, 0x5AEA, 0x5AEC, 0x630D, 0x634E, 0x636F, 0x6390, 0x6BB1,
    0x6391, 0x5B4F, 0x5B2D, 0x52EB, 0x52CA, 0x52CA, 0x530C, 0x5B6F,
    0x8B69, 0x938A, 0x93AB, 0x9BEC, 0xA42D, 0xA44D, 0xA46E, 0xA48F,
    0xACAF, 0xACCF, 0xB4D0, 0xB4F0, 0xB510, 0xB510, 0xB510, 0xB530,
    0xB510, 0xB4EF, 0xACAE, 0xA44C, 0x9C0A, 0x9BA9, 0x9367, 0x9346,
    0x9305, 0x92E4, 0x9B05, 0x9B05, 0xA326, 0xAB46, 0xAB67, 0xB3A7,
    0xBBC8, 0xBBE8, 0xBBE9, 0xC409, 0xC429, 0xC44A, 0xC44B, 0xC46B,
    0xC46C, 0xC48C, 0xC48C, 0xC48C, 0xC4AD, 0xC4AD, 0xC4AD, 0xC4CE,
    0xC4CE, 0xCCEE, 0xCCEE, 0xCCEE, 0xCCEE, 0xCCEE, 0xCCEE, 0xCCEE,
    0xCCEE, 0xCCEE, 0xCCEE, 0xC4AD, 0xBC8D, 0xBC6C, 0xB44C, 0xD4AA,
    0xFEB4, 0xFF99, 0xFF37, 0xFED2, 0xF509, 0xD343, 0xDB84, 0xE3E5,
    0xE3C5, 0xCB02, 0xCB23, 0xCB02, 0xCB02, 0xC2C2, 0xC2E2, 0xBA81,
    0xB240, 0xC2E1, 0xE404, 0xED09, 0xED09, 0xED09, 0xE4C9, 0xDC67,
    0x9241, 0xA261, 0xDBC4, 0xD363, 0xED6C, 0xFE2F, 0xFE71, 0xFE91,
    0xF54A, 0xDB42, 0xCAE1, 0xB240, 0xBA81, 0xAA61, 0xBAA1, 0xA200,
    0xB240, 0xBA60, 0xCAA1, 0xD2E1, 0xB241, 0xC2E2, 0xD343, 0xBA81,
    0xB261, 0xCB02, 0xD302, 0xC2A1, 0xCAE2, 0xD343, 0xB241, 0xC2A1,
    0xDB63, 0xC2A1, 0xC2E2, 0xBAA1, 0xC2E2, 0xD342, 0xFD6C, 0xFE51,
    0xFE72, 0xFE93, 0xFE93, 0xFE72, 0xFE72, 0xFE51, 0xF54B, 0xDBA4,
    0xD343, 0xDB84, 0xDBA4, 0xD364, 0xCB44, 0xC2E2, 0xB261, 0xBA81,
    0xCB23, 0xCB23, 0xC2E3, 0xCB23, 0xDBA5, 0xDBA5, 0xE3A4, 0xEC46,
    0xFE51, 0xFEB4, 0xE489, 0xCBC6, 0xCBE6, 0xA240, 0xA200, 0xB260,
    0xC2A0, 0xCB02, 0xC2E2, 0xBAA1, 0xCAC1, 0xDB63, 0xE3A3, 0xE3A3,
    0xFD29, 0xFEF4, 0xFF37, 0xFF99, 0xFE94, 0xA42E, 0x73AF, 0x7BD0,
    0x7BD0, 0x7BF1, 0x7C12, 0x8433, 0x8454, 0x8433, 0x7C32, 0x7C11,
    0x73CE, 0x73AC, 0x6BAB, 0x6B8B, 0x6BAB, 0x73CE, 0x73F0, 0x7C32,
    0x7C53, 0x7C74, 0x8495, 0x8495, 0x8495, 0x8495, 0x8474, 0x7C53,
    0x7C32, 0x7C32, 0x7C11, 0x7C11, 0x73F0, 0x73CE, 0x6B8C, 0x6B6B,
    0x6349, 0x6307, 0x5AC3, 0x5AA0, 0x5AA0, 0x5AC4, 0x6309, 0x6B6D,
    0x6B8F, 0x6B8E, 0x6B8E, 0x636E, 0x634E, 0x634E, 0x632C, 0x5AEB,
    0x5AEA, 0x62EB, 0x632D, 0x634E, 0x6B70, 0x6BB1, 0x73D2, 0x73D3,
    0x6BB2, 0x6370, 0x5B4E, 0x530C, 0x530C, 0x530C, 0x532D, 0x5B6F,
    0x9B8A, 0x9BCB, 0xA40C, 0xAC6E, 0xB48F, 0xB4D0, 0xBCF0, 0xBD11,
    0xC532, 0xC552, 0xC572, 0xC573, 0xCD93, 0xCD93, 0xCD93, 0xCDB3,
    0xCD93, 0xC552, 0xBD10, 0xB4AE, 0xAC4C, 0xA3EA, 0xA3A9, 0x9B47,
    0x9305, 0x92E4, 0x9AE5, 0x9B05, 0xA325, 0xA346, 0xAB67, 0xB387,
    0xB3C8, 0xBBE8, 0xBBE8, 0xC409, 0xC429, 0xC42A, 0xC44A, 0xC46B,
    0xC46B, 0xC48C, 0xC48C, 0xC48C, 0xC48D, 0xC4AD, 0xC4AD, 0xC4CD,
    0xC4CE, 0xC4CE, 0xCCEE, 0xCCEE, 0xCCEE, 0xCCEE, 0xCCEE, 0xC4EE,
    0xCCEE, 0xCCEE, 0xCCCE, 0xC4CD, 0xBC8D, 0xBC6C, 0xBC4A, 0xF652,
    0xFFBB, 0xFF58, 0xFF36, 0xFED2, 0xF4A6, 0xEC26, 0xEC47, 0xDBA4,
    0xDB84, 0xCB23, 0xC303, 0xCAE2, 0xCAC1, 0xBA81, 0xC2C1, 0xC2E1,
    0xC2A1, 0xE445, 0xF56A, 0xF54A, 0xED09, 0xECE8, 0xDC87, 0xD406,
    0x8A22, 0xAA82, 0xD363, 0xDC06, 0xFE50, 0xFE30, 0xFE71, 0xFDAC,
    0xCB02, 0xBA81, 0xB241, 0xAA20, 0xBAA1, 0xAA41, 0xBA81, 0xBA60,
    0xBA81, 0xB241, 0xC2E2, 0xC2C1, 0xB261, 0xD342, 0xDB62, 0xD322,
    0xBAA1, 0xC2E2, 0xD322, 0xBA81, 0xBAC2, 0xD323, 0xCAE2, 0xD323,
    0xD343, 0xBAA2, 0xCB02, 0xB260, 0xCAE2, 0xDB62, 0xF56B, 0xFE93,
    0xFE72, 0xFE51, 0xFEB4, 0xFE93, 0xFE51, 0xF58C, 0xDBC4, 0xD343,
    0xCB03, 0xC2A1, 0xCAE2, 0xD323, 0xBA82, 0xBAA2, 0xBAA1, 0xBA81,
    0xBAC2, 0xCB23, 0xDB85, 0xCB23, 0xD344, 0xDBA5, 0xE3A5, 0xEC06,
    0xF52B, 0xFEF5, 0xF54D, 0xCBA5, 0xAB24, 0x91E0, 0xB260, 0xBA80,
    0xCB02, 0xCB02, 0xCB23, 0xCB02, 0xCAE1, 0xD322, 0xE3A3, 0xE3A3,
    0xF465, 0xFE4F, 0xFEF5, 0xFF37, 0xFFBA, 0xF6F8, 0x9451, 0x73B0,
    0x7BF1, 0x7BF2, 0x7C13, 0x8454, 0x8454, 0x8433, 0x7C32, 0x7C11,
    0x73CF, 0x73CD, 0x6BCD, 0x6BCD, 0x73CE, 0x73EF, 0x7C31, 0x7C53,
    0x7C74, 0x8496, 0x84B6, 0x8CB6, 0x8496, 0x8495, 0x8474, 0x7C53,
    0x7C32, 0x7C32, 0x7C32, 0x7C11, 0x7C10, 0x73EF, 0x73AE, 0x6B8C,
    0x6B6A, 0x6328, 0x62E5, 0x62C2, 0x62C2, 0x62C4, 0x6309, 0x6B4C,
    0x6B6D, 0x6B6D, 0x6B6D, 0x634D, 0x634D, 0x632C, 0x5B0B, 0x5AEA,
    0x5AEA, 0x630C, 0x6B4E, 0x6B70, 0x6BB1, 0x73F3, 0x7414, 0x7414,
    0x6BD2, 0x6390, 0x5B6F, 0x5B4E, 0x534E, 0x532E, 0x5B4F, 0x5B70,
    0xA3CB, 0xAC0C, 0xB46E, 0xBCCF, 0xC511, 0xC532, 0xCD72, 0xCD93,
    0xD5B4, 0xD5D4, 0xD5F5, 0xD5F5, 0xD615, 0xDE15, 0xDE15, 0xDE15,
    0xDDF5, 0xD5B4, 0xCD72, 0xC510, 0xBCAE, 0xB42C, 0xABCA, 0xA368,
    0x9B06, 0x9AE4, 0x9AE5, 0x9B05, 0xA325, 0xA346, 0xAB67, 0xB387,
    0xB3C8, 0xBBC8, 0xBBE8, 0xC409, 0xC429, 0xC42A, 0xC44A, 0xC44B,
    0xC46B, 0xBC6C, 0xC48C, 0xC48C, 0xC48D, 0xC4AD, 0xC4AD, 0xC4AD,
    0xC4CE, 0xC4CE, 0xCCCE, 0xCCEE, 0xCCEE, 0xCCEE, 0xCCEE, 0xCCEE,
    0xCCEE, 0xCCEE, 0xC4CE, 0xC4CD, 0xBCAD, 0xB44C, 0xE5D0, 0xFFDB,
    0xFF58, 0xFF37, 0xFF15, 0xFEB1, 0xFDCC, 0xFCE8, 0xEC26, 0xE3C5,
    0xDB83, 0xCB02, 0xBAA2, 0xCB02, 0xBA60, 0xBAA1, 0xD363, 0xDBA4,
    0xE404, 0xF529, 0xF56B, 0xF54A, 0xED2A, 0xED09, 0xDC67, 0xBB43,
    0x8A01, 0xB2C2, 0xD322, 0xF56C, 0xFE70, 0xFE50, 0xFE70, 0xF52A,
    0xCAC1, 0xBA81, 0xBA81, 0xAA41, 0xBA81, 0xC2C1, 0xC2A1, 0xC2A1,
    0xD322, 0xCAE2, 0xCB02, 0xBA81, 0xC2E2, 0xCAE1, 0xCAA1, 0xCAC1,
    0xC2A1, 0xCB02, 0xCAE2, 0xB281, 0xBAC2, 0xD322, 0xD322, 0xD302,
    0xC2C2, 0xD323, 0xCAE2, 0xC2C1, 0xCB02, 0xE3C4, 0xFDCD, 0xFE92,
    0xFE92, 0xFEB3, 0xFE93, 0xFE72, 0xF58D, 0xDBE5, 0xCAE2, 0xCB02,
    0xD343, 0xCB02, 0xC2C2, 0xCAC2, 0xC2C2, 0xB281, 0xD323, 0xBA82,
    0xBAC2, 0xC2E2, 0xD323, 0xDBA5, 0xD364, 0xD364, 0xE406, 0xEC27,
    0xE3C4, 0xFDEF, 0xFE11, 0xCB85, 0xA2C3, 0x89C0, 0xAA40, 0xC2E1,
    0xD343, 0xCB02, 0xD322, 0xDB42, 0xDB62, 0xD322, 0xD342, 0xE383,
    0xEC03, 0xFDAB, 0xFED3, 0xFF15, 0xFF37, 0xFFBA, 0xEED8, 0x8C31,
    0x7BF1, 0x7C12, 0x7C33, 0x7C34, 0x8454, 0x7C53, 0x7C32, 0x7C11,
    0x73EF, 0x73CF, 0x73CF, 0x73EF, 0x73F0, 0x7C11, 0x7C53, 0x7C74,
    0x8496, 0x84B6, 0x8CB7, 0x8CB7, 0x8CB7, 0x8496, 0x8475, 0x7C54,
    0x7C53, 0x7C53, 0x7C52, 0x7C32, 0x7C31, 0x7C10, 0x73CF, 0x73AD,
    0x6B6B, 0x6B49, 0x62E6, 0x62C3, 0x62C3, 0x62E5, 0x6309, 0x6B4C,
    0x6B4C, 0x634C, 0x634C, 0x632C, 0x632B, 0x630B, 0x5AEA, 0x5AC9,
    0x62EA, 0x632C, 0x6B6F, 0x73B1, 0x73F3, 0x7414, 0x7C34, 0x7434,
    0x6BF3, 0x63B2, 0x6391, 0x5B90, 0x5B70, 0x5B70, 0x5B70, 0x63B1,
    0xABEC, 0xB44D, 0xBCAF, 0xC511, 0xCD52, 0xD593, 0xD5B4, 0xD5F5,
    0xDE15, 0xDE36, 0xDE36, 0xDE57, 0xE657, 0xE657, 0xE657, 0xE657,
    0xE656, 0xDE15, 0xD5B3, 0xCD51, 0xC4EF, 0xBC6D, 0xABEB, 0xA388,
    0x9B06, 0x9AE5, 0x9AE5, 0xA305, 0xA326, 0xAB46, 0xAB67, 0xB387,
    0xB3C8, 0xBBC8, 0xBBE8, 0xC409, 0xC429, 0xC42A, 0xC44A, 0xC44B,
    0xC46B, 0xBC6C, 0xBC6C, 0xC48D, 0xC48D, 0xC4AD, 0xC4AD, 0xC4AD,
    0xC4CE, 0xC4CE, 0xC4CE, 0xCCEE, 0xCCEE, 0xCCEE, 0xC4EE, 0xC4EE,
    0xCCEE, 0xCCEE, 0xC4CE, 0xC4CE, 0xBC8C, 0xD52F, 0xFF9A, 0xFF79,
    0xFF57, 0xFF37, 0xFEF4, 0xFED3, 0xFE91, 0xFDED, 0xEC46, 0xE3A4,
    0xCB02, 0xCB02, 0xCAE2, 0xD342, 0xCB42, 0xE487, 0xF58B, 0xF58C,
    0xF54A, 0xF5AC, 0xF56B, 0xF56B, 0xF56B, 0xE4A8, 0xDC47, 0xAB04,
    0x81C0, 0xC302, 0xE426, 0xFE0F, 0xFE50, 0xFE50, 0xFE4F, 0xECC8,
    0xCAE1, 0xBA81, 0xBAA1, 0xBA81, 0xB261, 0xBA61, 0xBA81, 0xC2A1,
    0xC2A1, 0xD323, 0xD364, 0xBA81, 0xBA81, 0xBA81, 0xC2A1, 0xC2A1,
    0xAA20, 0xBAA1, 0xBAA1, 0xBAA2, 0xC302, 0xC2C1, 0xD302, 0xC2A1,
    0xBAC2, 0xCAE2, 0xD322, 0xD342, 0xD301, 0xECA8, 0xFE51, 0xFE72,
    0xFEB3, 0xFEB3, 0xFE51, 0xFE93, 0xED2C, 0xCB02, 0xCAE2, 0xCAE2,
    0xD343, 0xDBA4, 0xCB23, 0xC2C2, 0xCB02, 0xC302, 0xD343, 0xCB03,
    0xCB03, 0xCB23, 0xCB23, 0xCB23, 0xE3E5, 0xDBA5, 0xE3E6, 0xDBC5,
    0xDBA5, 0xEC88, 0xFE52, 0xDC07, 0xB2C2, 0xA240, 0xA200, 0xBAA1,
    0xC2E2, 0xC2C1, 0xCAE1, 0xCAE1, 0xD301, 0xD302, 0xDB42, 0xD322,
    0xEC03, 0xFD8A, 0xFE91, 0xFEF4, 0xFF37, 0xFF16, 0xFFBA, 0xD616,
    0x73D1, 0x7C33, 0x7C33, 0x7C34, 0x8454, 0x7C54, 0x7C32, 0x7C11,
    0x73F1, 0x73F0, 0x73F0, 0x7C11, 0x7C11, 0x7C32, 0x7C74, 0x8475,
    0x8496, 0x84B7, 0x8CB7, 0x8CB7, 0x8CB7, 0x8496, 0x8495, 0x8475,
    0x7C74, 0x7C73, 0x7C53, 0x7C53, 0x8452, 0x7C31, 0x73F0, 0x73AE,
    0x738C, 0x6B4A, 0x6307, 0x62E4, 0x62E3, 0x62E5, 0x6B08, 0x6B2A,
    0x632B, 0x632B, 0x632B, 0x632A, 0x5B0A, 0x5B0A, 0x5AE8, 0x5AC8,
    0x62E9, 0x6B2C, 0x6B6F, 0x73B1, 0x73F3, 0x7414, 0x7C35, 0x7414,
    0x6BF3, 0x63B2, 0x63B1, 0x6391, 0x6391, 0x6391, 0x63B1, 0x6BD2,
    0xB42D, 0xBC6E, 0xC4D0, 0xCD51, 0xD593, 0xD5B4, 0xDDF5, 0xDE16,
    0xE657, 0xE677, 0xE678, 0xE678, 0xEE98, 0xEE98, 0xEE98, 0xEEB8,
    0xE698, 0xE656, 0xDDF5, 0xD593, 0xCD30, 0xC4AE, 0xB40B, 0xA388,
    0x9B06, 0x9AE5, 0x9AE5, 0xA305, 0xA326, 0xAB46, 0xAB67, 0xB387,
    0xB3A8, 0xBBC8, 0xC3E8, 0xC409, 0xC429, 0xC42A, 0xC44A, 0xC44B,
    0xC46B, 0xBC6C, 0xC46C, 0xC48D, 0xC48D, 0xC4AD, 0xC4AD, 0xC4AD,
    0xC4CD, 0xC4CE, 0xC4CE, 0xC4CE, 0xC4EE, 0xCCEE, 0xCCEE, 0xCCEE,
    0xCCEE, 0xCCEE, 0xC4CE, 0xC4CD, 0xBC8C, 0xEED6, 0xFFDB, 0xFF57,
    0xFF16, 0xFEF4, 0xFED4, 0xFED3, 0xFED3, 0xFE0E, 0xF4A6, 0xEC65,
    0xE3C3, 0xD342, 0xDB63, 0xEC46, 0xF529, 0xF58B, 0xF5AC, 0xF5CD,
    0xF5AC, 0xF58C, 0xED4A, 0xF56B, 0xED2A, 0xE4A9, 0xD447, 0x9AE4,
    0x89C0, 0xD3A4, 0xF56C, 0xFE2F, 0xFE2F, 0xFE30, 0xFE2F, 0xE425,
    0xC281, 0xBA81, 0xB261, 0xB241, 0xBAA1, 0xBAA1, 0xC2C2, 0xBA81,
    0xC2C2, 0xC2E2, 0xB2A2, 0xAA21, 0xC2E2, 0xD302, 0xCAC1, 0xBA61,
    0xB240, 0xB261, 0x91E0, 0xA220, 0xAA20, 0xB261, 0xBA81, 0xC2A1,
    0xCAE2, 0xCB02, 0xDB63, 0xE3A3, 0xEC04, 0xFD8D, 0xFE72, 0xFE72,
    0xFE93, 0xFED4, 0xFE72, 0xFE93, 0xF54C, 0xCB03, 0xBAA2, 0xCAE2,
    0xD302, 0xDBA4, 0xE3C4, 0xDB84, 0xCB23, 0xD364, 0xD343, 0xD343,
    0xD344, 0xD364, 0xDB84, 0xDBA5, 0xEC27, 0xE426, 0xE3E5, 0xDBA5,
    0xD384, 0xDBA4, 0xFDAD, 0xF54D, 0xCB84, 0xBB23, 0x9A00, 0xAA40,
    0xBA81, 0xBAA0, 0xBA60, 0xBA80, 0xC2A0, 0xC2A0, 0xCAE1, 0xDB82,
    0xF507, 0xFDED, 0xFE50, 0xFE92, 0xFF16, 0xFF37, 0xFF37, 0xFF7A,
    0xAD15, 0x73F3, 0x7C34, 0x7C34, 0x7C54, 0x7C54, 0x7C33, 0x7C12,
    0x7C12, 0x7C12, 0x7C32, 0x7C32, 0x7C53, 0x7C53, 0x8475, 0x8496,
    0x84B7, 0x84B7, 0x84B7, 0x84B7, 0x84B6, 0x8496, 0x8475, 0x7C74,
    0x7C54, 0x7C54, 0x8473, 0x8473, 0x8473, 0x8452, 0x7C10, 0x73CE,
    0x738C, 0x6B6A, 0x6B27, 0x62E4, 0x62E3, 0x62E4, 0x6B07, 0x6B29,
    0x6329, 0x6329, 0x6309, 0x5B09, 0x5B09, 0x5AE8, 0x5AC7, 0x62C6,
    0x62E9, 0x6B2D, 0x736F, 0x73B1, 0x73F2, 0x7413, 0x7414, 0x7414,
    0x6BF3, 0x63B1, 0x6391, 0x6391, 0x63B1, 0x63B2, 0x6BD2, 0x6BF3,
    0xB42D, 0xBC8E, 0xC4F0, 0xCD52, 0xD5B3, 0xDDD5, 0xDE16, 0xE657,
    0xE677, 0xEE98, 0xEE98, 0xEEB9, 0xEEB9, 0xEED9, 0xEED9, 0xEED9,
    0xEEB8, 0xEE77, 0xE616, 0xD5B3, 0xCD31, 0xC4AE, 0xB40B, 0xA368,
    0x9AE5, 0x9AE5, 0x9B05, 0xA306, 0xA326, 0xAB46, 0xAB87, 0xB3A7,
    0xBBA8, 0xBBC8, 0xC3E8, 0xC409, 0xC429, 0xC42A, 0xC44A, 0xC44B,
    0xC46B, 0xC46C, 0xC48C, 0xC48D, 0xC48D, 0xC4AD, 0xC4AD, 0xC4AD,
    0xC4CD, 0xC4CE, 0xC4CE, 0xC4EE, 0xC4EE, 0xCCEE, 0xCCEE, 0xCCEE,
    0xCCEE, 0xCCEE, 0xC4EE, 0xBC8D, 0xE5F3, 0xFFDB, 0xFE93, 0xFDCE,
    0xFED4, 0xFED4, 0xFED4, 0xFEB3, 0xFE71, 0xFDCD, 0xFDCC, 0xFDAB,
    0xFD49, 0xF508, 0xFD6B, 0xFDAC, 0xFDCC, 0xF58B, 0xFDCC, 0xF5AC,
    0xFDCD, 0xED2A, 0xECE9, 0xDC88, 0xC385, 0xCBE6, 0xCBE6, 0x9262,
    0xAAA1, 0xECE9, 0xF5EE, 0xFE0F, 0xFE2F, 0xFE2F, 0xFDEE, 0xE405,
    0xCAE1, 0xC2C2, 0xBA81, 0xB281, 0xC2C1, 0xC2C2, 0xB261, 0xC2E2,
    0xBAA1, 0xBAC1, 0xAA41, 0xA200, 0xB282, 0xBA81, 0xC281, 0xC2A1,
    0xDB43, 0xCAE2, 0xA220, 0xAA40, 0xC2C1, 0xBA81, 0xBA81, 0xCAE2,
    0xCAC2, 0xCB02, 0xD322, 0xE3E4, 0xFD6B, 0xFE0F, 0xFEB3, 0xFE72,
    0xFEB4, 0xFEB4, 0xFE93, 0xFE72, 0xECC9, 0xCB02, 0xC2C2, 0xD302,
    0xD323, 0xCB03, 0xCB02, 0xDB84, 0xDB84, 0xD364, 0xDB84, 0xDB84,
    0xDB84, 0xDBA4, 0xD364, 0xD384, 0xE3C5, 0xDBA5, 0xD364, 0xE3E5,
    0xE3E5, 0xDB63, 0xECA9, 0xFE71, 0xDC48, 0xD427, 0xB2C2, 0xA200,
    0xB240, 0xBA60, 0xC2C0, 0xC2A0, 0xBA80, 0xC2A0, 0xCAE0, 0xEC24,
    0xFDCB, 0xFE70, 0xFE92, 0xFE71, 0xFE71, 0xFDCF, 0xFDAD, 0xFE71,
    0xEE97, 0x8454, 0x7414, 0x7C34, 0x7C55, 0x7C34, 0x7C33, 0x7C33,
    0x7C33, 0x7C53, 0x7C53, 0x7C53, 0x7C74, 0x8475, 0x8496, 0x84B7,
    0x84B7, 0x84B7, 0x84B7, 0x8496, 0x8496, 0x8475, 0x7C55, 0x7C54,
    0x7C53, 0x7C53, 0x7C53, 0x7C53, 0x8453, 0x7C31, 0x7C10, 0x73CE,
    0x738C, 0x6B6A, 0x6B28, 0x6B04, 0x62E2, 0x6304, 0x6B06, 0x6B27,
    0x6328, 0x6308, 0x5B08, 0x5B08, 0x5AE7, 0x5AE7, 0x5AC5, 0x5AC5,
    0x6309, 0x6B4D, 0x6B6F, 0x6BB0, 0x6BD1, 0x73F2, 0x73F3, 0x6BF3,
    0x6BB2, 0x6391, 0x6391, 0x6391, 0x63B1, 0x63B2, 0x6BD3, 0x6C14,
    0xB40D, 0xBC6E, 0xC4F0, 0xCD52, 0xD5B3, 0xDDF5, 0xE616, 0xE657,
    0xE677, 0xEE98, 0xEE98, 0xEEB8, 0xEED9, 0xEED9, 0xEED9, 0xEED9,
    0xEEB8, 0xE677, 0xE615, 0xD5B3, 0xCD11, 0xBC8E, 0xB3EB, 0xA347,
    0x9AE5, 0x9AE5, 0x9B05, 0xA326, 0xAB46, 0xAB66, 0xB387, 0xB3A7,
    0xBBC8, 0xBBE8, 0xC3E8, 0xC409, 0xC429, 0xC42A, 0xC44A, 0xC44B,
    0xC46B, 0xC46C, 0xC48C, 0xC48D, 0xC48D, 0xC4AD, 0xC4AD, 0xC4AD,
    0xC4CD, 0xC4CE, 0xC4CE, 0xC4CE, 0xC4CE, 0xCCEE, 0xCCEE, 0xCCEE,
    0xCCEE, 0xCCEE, 0xC4CD, 0xCD0F, 0xFF38, 0xFE50, 0xFCE9, 0xFE10,
    0xFEF5, 0xFEB3, 0xFEB3, 0xFE91, 0xFE71, 0xFE71, 0xFE4F, 0xFE50,
    0xFE2E, 0xFE2E, 0xFE0E, 0xFDED, 0xFDCD, 0xFDEE, 0xFDCD, 0xFDED,
    0xF5AC, 0xECEA, 0xD3E5, 0xBB03, 0xA221, 0xB2C2, 0xA2A2, 0x9AC3,
    0xE4C9, 0xF5AD, 0xF5EE, 0xFE0F, 0xFE51, 0xFE50, 0xFDED, 0xECA7,
    0xD322, 0xCB22, 0xCAE2, 0xCAE2, 0xBA81, 0xCB02, 0xC2A1, 0xBAA1,
    0xB261, 0xC2E2, 0xC2A1, 0xCAE2, 0xBA81, 0xBA61, 0xB241, 0xBAA1,
    0xD302, 0xCAE1, 0xC2A1, 0xAA20, 0xB281, 0xBA81, 0xBAA1, 0xD2E2,
    0xCAC1, 0xCAE2, 0xD342, 0xEC45, 0xFE30, 0xFE51, 0xFE72, 0xFE71,
    0xFEB4, 0xFE72, 0xFE93, 0xFE71, 0xEC67, 0xD322, 0xDB43, 0xD302,
    0xD343, 0xD343, 0xBAC2, 0xC2E2, 0xDB84, 0xDB64, 0xDB84, 0xDBA4,
    0xDB84, 0xDBA4, 0xDB84, 0xD344, 0xD343, 0xDBA5, 0xDB85, 0xD343,
    0xE3C5, 0xE3C5, 0xEC46, 0xFE72, 0xECEB, 0xD427, 0xCBE6, 0xA200,
    0x99C0, 0xB260, 0xC2C0, 0xBAA0, 0xBAA0, 0xCAE1, 0xE3E3, 0xFD6A,
    0xFE2E, 0xFE71, 0xFE91, 0xFED3, 0xFED4, 0xF4EA, 0xEBA3, 0xF486,
    0xFE2F, 0xCD94, 0x73F4, 0x7C34, 0x7C35, 0x7C34, 0x7C34, 0x7C54,
    0x7C54, 0x7C54, 0x7C54, 0x7C54, 0x8475, 0x8495, 0x84B6, 0x84B7,
    0x84B7, 0x8496, 0x8496, 0x7C75, 0x7C75, 0x7C75, 0x7C54, 0x7C53,
    0x7C33, 0x7C33, 0x7C32, 0x7C52, 0x8452, 0x7C31, 0x73EF, 0x73AE,
    0x738C, 0x6B6A, 0x6B48, 0x6B05, 0x6B03, 0x6B03, 0x6B05, 0x6B06,
    0x6307, 0x5B07, 0x5AE6, 0x5AE6, 0x5AE6, 0x5AC5, 0x5AC3, 0x62C5,
    0x6309, 0x6B4D, 0x6B6E, 0x6B8F, 0x6BB0, 0x6BD1, 0x6BD2, 0x6BD2,
    0x63B1, 0x6390, 0x5B70, 0x6390, 0x6391, 0x6BB2, 0x6BD3, 0x6C14,
    0xAC0C, 0xBC6E, 0xC4F0, 0xCD52, 0xD5B3, 0xDDF5, 0xE616, 0xE657,
    0xE677, 0xEE98, 0xEEB8, 0xEEB9, 0xEED9, 0xEED9, 0xF6D9, 0xF6D9,
    0xEEB9, 0xEE77, 0xDE15, 0xD593, 0xCD10, 0xBC6D, 0xABCA, 0x9B27,
    0x9AE5, 0x9AE5, 0xA305, 0xA326, 0xAB46, 0xAB67, 0xB387, 0xB3A8,
    0xBBC8, 0xBBE8, 0xC3E8, 0xC409, 0xC429, 0xC42A, 0xC44A, 0xC44B,
    0xC46B, 0xC46C, 0xC48C, 0xC48D, 0xC48D, 0xC4AD, 0xC4AD, 0xC4AD,
    0xC4CE, 0xC4CE, 0xC4CE, 0xC4CE, 0xC4CE, 0xC4EE, 0xCCEE, 0xCCEE,
    0xC4EE, 0xC4EE, 0xC4CE, 0xEE54, 0xFE0F, 0xFD2A, 0xFD6C, 0xFDEE,
    0xF54C, 0xFE71, 0xFE70, 0xFE91, 0xFE50, 0xFE50, 0xFE92, 0xFE70,
    0xFE4F, 0xFE2E, 0xFE0E, 0xFE0E, 0xFDCD, 0xFDEE, 0xF58C, 0xF5AD,
    0xF58C, 0xDCA9, 0xBAC2, 0xB2A2, 0x9A00, 0x89A0, 0x6940, 0x92E5,
    0xF58D, 0xF5EE, 0xFE30, 0xFE50, 0xFE71, 0xFE2F, 0xFE2F, 0xF56A,
    0xEC45, 0xDBA4, 0xD322, 0xD302, 0xD363, 0xD343, 0xD343, 0xC2C2,
    0xC2C2, 0xB261, 0xCAE2, 0xD323, 0xC2C1, 0xB261, 0xAA20, 0xAA21,
    0xBA61, 0xC2C1, 0xCAE1, 0xC2A1, 0xB261, 0xB281, 0xD343, 0xE383,
    0xDB63, 0xD322, 0xE382, 0xFD4A, 0xFE71, 0xFE93, 0xFEB3, 0xFEB3,
    0xFE93, 0xFE92, 0xFE92, 0xFEB3, 0xF58D, 0xDB63, 0xD322, 0xD343,
    0xD343, 0xD364, 0xCB03, 0xBAC2, 0xD323, 0xCB23, 0xD364, 0xD323,
    0xD343, 0xD323, 0xD344, 0xDB84, 0xD344, 0xD364, 0xE3E6, 0xE3C5,
    0xD364, 0xDB84, 0xEC05, 0xFE30, 0xF58E, 0xD3E6, 0xE4A9, 0xC343,
    0xA1E0, 0xB220, 0xC2A0, 0xC2C0, 0xCAE0, 0xDBA3, 0xF529, 0xFE0E,
    0xFE50, 0xFE71, 0xFE71, 0xFE71, 0xFE51, 0xFDCF, 0xE405, 0xE3A4,
    0xFCC7, 0xFDCE, 0xAC93, 0x7435, 0x7C55, 0x7434, 0x7434, 0x7454,
    0x7C54, 0x7C54, 0x7C55, 0x7C75, 0x7C75, 0x8496, 0x84B6, 0x84B6,
    0x8496, 0x7C75, 0x7C55, 0x7C55, 0x7C54, 0x7C54, 0x7C54, 0x7C53,
    0x7C33, 0x7C32, 0x7C32, 0x7C32, 0x7C32, 0x7C11, 0x73CF, 0x73AD,
    0x6B8B, 0x6B6A, 0x6B48, 0x6B25, 0x6B03, 0x6B02, 0x6303, 0x6B04,
    0x6305, 0x5AE5, 0x5AE5, 0x5AE5, 0x5AE5, 0x5AC3, 0x5AC2, 0x62C5,
    0x6309, 0x6B2C, 0x6B4D, 0x636E, 0x638F, 0x6390, 0x6BB1, 0x6BB1,
    0x6390, 0x6370, 0x5B6F, 0x6370, 0x6391, 0x6BB2, 0x6BD3, 0x6BF4,
    0xAC0C, 0xBC6E, 0xC4D0, 0xCD52, 0xDDB4, 0xDDD5, 0xE616, 0xE657,
    0xE677, 0xEE98, 0xEEB8, 0xEEB9, 0xEED9, 0xEED9, 0xF6F9, 0xF6F9,
    0xEEB9, 0xEE77, 0xDE15, 0xD593, 0xCCF0, 0xBC4D, 0xABAA, 0x9B06,
    0x9AC5, 0x9AE5, 0xA305, 0xA326, 0xAB46, 0xB367, 0xB387, 0xB3A8,
    0xBBC8, 0xBBE8, 0xC3E9, 0xC409, 0xC429, 0xC42A, 0xC44A, 0xC44B,
    0xC46B, 0xC46C, 0xC48C, 0xC48D, 0xC48D, 0xC4AD, 0xC4AD, 0xC4AD,
    0xC4CE, 0xC4CE, 0xC4CE, 0xC4CE, 0xC4CE, 0xC4CE, 0xC4EE, 0xC4EE,
    0xC4EE, 0xC4CE, 0xCD0F, 0xFDEF, 0xFD4A, 0xFD0B, 0xF488, 0xE3E6,
    0xECA9, 0xFE71, 0xFE30, 0xFE0F, 0xFE30, 0xFE92, 0xFE91, 0xFE4F,
    0xFE6F, 0xFDCC, 0xFDEE, 0xFE0E, 0xFDCD, 0xFDEE, 0xF5CD, 0xF5AD,
    0xDCA9, 0xC344, 0xA220, 0x9A00, 0x89A0, 0x7120, 0x5940, 0xBBE8,
    0xF5AD, 0xF5EE, 0xFE2F, 0xFE2F, 0xFE2F, 0xFE50, 0xFE2F, 0xFE0E,
    0xFDAC, 0xE3E4, 0xDB63, 0xDB84, 0xCB02, 0xCAE2, 0xCAE2, 0xC2E2,
    0xCB02, 0xBAA2, 0xCAE2, 0xC2C1, 0xBAA1, 0xA221, 0xB261, 0xBA81,
    0xB261, 0xB261, 0xCB02, 0xD322, 0xC2C1, 0xBAC2, 0xC2E2, 0xDBA4,
    0xD363, 0xE3A3, 0xEC05, 0xFDEE, 0xFE92, 0xFE92, 0xFE51, 0xFE92,
    0xFE92, 0xFE92, 0xFE93, 0xFEB3, 0xFE92, 0xECA8, 0xD302, 0xD363,
    0xD343, 0xD343, 0xD344, 0xC2E2, 0xD384, 0xCB23, 0xD323, 0xCB23,
    0xCB23, 0xD343, 0xC2C2, 0xC2E2, 0xDBA5, 0xD384, 0xDBA5, 0xE3C5,
    0xE3C5, 0xDBA5, 0xE3A4, 0xF56C, 0xFE10, 0xDC27, 0xDC89, 0xDC67,
    0xCB62, 0xD383, 0xDBC4, 0xE404, 0xE425, 0xF56A, 0xFE0E, 0xFE0E,
    0xFE50, 0xFE2F, 0xFE50, 0xFE0F, 0xEC88, 0xE427, 0xEC67, 0xEC26,
    0xEC05, 0xFCE8, 0xF58E, 0x8454, 0x7435, 0x7434, 0x7434, 0x7434,
    0x7C54, 0x7C55, 0x7C75, 0x7C75, 0x7C75, 0x8496, 0x8496, 0x7C76,
    0x7C75, 0x7C54, 0x7434, 0x7433, 0x7433, 0x7433, 0x7C33, 0x7C33,
    0x7C33, 0x7C32, 0x7C52, 0x7C32, 0x7C31, 0x73F0, 0x73CE, 0x6B8C,
    0x6B6A, 0x6B49, 0x6B47, 0x6B25, 0x6B03, 0x6302, 0x6B02, 0x6303,
    0x62E3, 0x5AE3, 0x5AE3, 0x5AE3, 0x5AE3, 0x5AC1, 0x5AC2, 0x62E6,
    0x6309, 0x632B, 0x632C, 0x634D, 0x636D, 0x636E, 0x638F, 0x6390,
    0x636F, 0x5B4F, 0x5B4F, 0x6370, 0x6391, 0x6BD3, 0x6BF4, 0x6BF4,
    0xABEC, 0xBC6E, 0xC4D0, 0xD552, 0xDDB3, 0xDDD5, 0xE616, 0xE657,
    0xEE78, 0xEE98, 0xEEB9, 0xEED9, 0xEED9, 0xF6F9, 0xF6F9, 0xF6F9,
    0xEEB9, 0xEE77, 0xDE15, 0xD592, 0xC4F0, 0xB44C, 0xAB89, 0x9B06,
    0x9AC5, 0x9AE5, 0xA305, 0xAB26, 0xAB46, 0xB367, 0xB387, 0xBBA8,
    0xBBC8, 0xBBE8, 0xC3E8, 0xC409, 0xC429, 0xC42A, 0xC44A, 0xC44B,
    0xC46B, 0xC46C, 0xC48C, 0xC48D, 0xC48D, 0xC4AD, 0xC4AD, 0xC4AD,
    0xC4CD, 0xC4CE, 0xC4CE, 0xC4CE, 0xC4CE, 0xC4CE, 0xC4EE, 0xC4EE,
    0xC4EE, 0xC4EE, 0xEDF0, 0xFD6C, 0xF4A8, 0xEC47, 0xEC89, 0xE3C6,
    0xF4EA, 0xEC89, 0xE3E6, 0xE447, 0xED6C, 0xFE50, 0xFE4F, 0xFE6F,
    0xFE2E, 0xFDED, 0xFE0F, 0xFDCD, 0xFDEE, 0xF5CD, 0xF5CD, 0xED2B,
    0xC323, 0xB260, 0xA200, 0x91C0, 0x89A0, 0x6920, 0x6181, 0xDCEB,
    0xED2B, 0xE488, 0xED2B, 0xFDEE, 0xFE50, 0xFE50, 0xFE2F, 0xFE50,
    0xFE0E, 0xEC66, 0xE3A3, 0xCB02, 0xC2C1, 0xCB02, 0xC2A1, 0xC2E2,
    0xCAE2, 0xDB84, 0xD323, 0xCAE2, 0xC2A1, 0xBA81, 0xBAA1, 0xB261,
    0xBA61, 0xBA61, 0xC2C1, 0xD343, 0xCAC1, 0xCB02, 0xC2E2, 0xCB02,
    0xCB02, 0xD301, 0xEC66, 0xFE51, 0xFE92, 0xFE92, 0xFE72, 0xFE51,
    0xFE92, 0xFE72, 0xFE72, 0xFE72, 0xFE92, 0xF52B, 0xD322, 0xD343,
    0xC303, 0xC2E2, 0xCB03, 0xCB02, 0xDB84, 0xDBA5, 0xCB03, 0xDBA5,
    0xD364, 0xDB85, 0xD364, 0xCAE3, 0xCB03, 0xDB85, 0xD364, 0xE3C5,
    0xE3E6, 0xEC26, 0xDB84, 0xECA9, 0xFE51, 0xE468, 0xD407, 0xE4A8,
    0xE4C8, 0xED2A, 0xF56B, 0xF58B, 0xF56A, 0xF58B, 0xF58B, 0xF5AB,
    0xFDED, 0xFE0E, 0xFE0F, 0xECEA, 0xEC67, 0xDBA4, 0xE3A4, 0xF446,
    0xF487, 0xF466, 0xFD08, 0xD510, 0x7415, 0x7435, 0x7434, 0x7434,
    0x7454, 0x7455, 0x7C55, 0x7C75, 0x7C76, 0x7C96, 0x7C76, 0x7C55,
    0x7454, 0x7433, 0x7413, 0x6C12, 0x7412, 0x7412, 0x7433, 0x7433,
    0x7C33, 0x7C33, 0x7C53, 0x7C52, 0x7C31, 0x73EF, 0x73AD, 0x6B8C,
    0x6B6A, 0x6B48, 0x6B27, 0x6B25, 0x6B03, 0x6B02, 0x6B02, 0x6301,
    0x6301, 0x5AE1, 0x5AE1, 0x5AE1, 0x5AC0, 0x5AC0, 0x62C3, 0x6306,
    0x6308, 0x632A, 0x632B, 0x632C, 0x634C, 0x634D, 0x636E, 0x636F,
    0x634F, 0x5B4E, 0x634F, 0x6370, 0x63B2, 0x6BD3, 0x6BF4, 0x6BF3,
    0xABEC, 0xBC4E, 0xC4D0, 0xD552, 0xD5B3, 0xDDD5, 0xE616, 0xE657,
    0xEE78, 0xEE98, 0xEEB9, 0xEED9, 0xEED9, 0xF6FA, 0xF6FA, 0xF6F9,
    0xEEB9, 0xEE77, 0xDDF5, 0xD572, 0xC4CF, 0xB42C, 0xA369, 0x9AE5,
    0x9AC5, 0x9AE5, 0xA306, 0xAB26, 0xAB46, 0xB367, 0xB387, 0xBBA8,
    0xBBC8, 0xBBE8, 0xC3E8, 0xC409, 0xC429, 0xC42A, 0xC44A, 0xC44B,
    0xC46B, 0xC48C, 0xC48D, 0xC48D, 0xC48D, 0xC4AD, 0xC4AD, 0xC4AD,
    0xC4AD, 0xC4CE, 0xC4CE, 0xC4CE, 0xC4CE, 0xC4EE, 0xC4EE, 0xCCEE,
    0xC4CE, 0xDD4F, 0xFDAD, 0xFD2B, 0xF4C9, 0xFD2B, 0xEC68, 0xDBC6,
    0xE3C5, 0xD323, 0xDB84, 0xC2C2, 0xDC27, 0xFDCD, 0xFE2E, 0xFDED,
    0xFE0D, 0xFE0E, 0xFE2F, 0xFDED, 0xFDEE, 0xF58C, 0xF5CE, 0xDBC5,
    0xAA20, 0xAA00, 0xA200, 0x99E0, 0x91E0, 0x7140, 0x9AE5, 0xE4EB,
    0xD384, 0xD343, 0xE427, 0xF5CD, 0xFE50, 0xFE50, 0xFE50, 0xFE71,
    0xFE2E, 0xFD49, 0xF465, 0xE3C4, 0xDB63, 0xCAE2, 0xCAE1, 0xB281,
    0xBAC2, 0xCB02, 0xD302, 0xB281, 0xC2C2, 0xC2A1, 0xAA41, 0xB261,
    0xBA81, 0xC2A1, 0xBAA1, 0xC2E2, 0xBA81, 0xCAE2, 0xD364, 0xDB83,
    0xD322, 0xCAC1, 0xD342, 0xFE0F, 0xFE71, 0xFE92, 0xFED4, 0xFE93,
    0xFE93, 0xFE93, 0xFE93, 0xFE72, 0xFE51, 0xFDCE, 0xECA8, 0xD322,
    0xBAA2, 0xCB03, 0xC302, 0xC2C2, 0xD323, 0xDBC5, 0xCB03, 0xDB84,
    0xE3C5, 0xCB24, 0xC303, 0xDB85, 0xD323, 0xDB84, 0xD364, 0xD344,
    0xDBA5, 0xE406, 0xEC06, 0xEC67, 0xFE72, 0xED0B, 0xCBA5, 0xD447,
    0xDC87, 0xECE9, 0xED2A, 0xF56B, 0xF5AC, 0xF56A, 0xF56B, 0xF5AC,
    0xFDCD, 0xFE2F, 0xFDEE, 0xCB64, 0xD343, 0xDB84, 0xCB02, 0xDB84,
    0xF466, 0xFCE8, 0xFD09, 0xFD8B, 0xC532, 0x6C14, 0x7434, 0x7434,
    0x7434, 0x7455, 0x7C55, 0x7C76, 0x7C76, 0x7C75, 0x7C55, 0x7454,
    0x7433, 0x7413, 0x73F2, 0x6BF1, 0x73F1, 0x73F1, 0x7412, 0x7433,
    0x7C33, 0x7C53, 0x8453, 0x7C53, 0x7C31, 0x73F0, 0x73AD, 0x6B8B,
    0x6B49, 0x6B27, 0x6326, 0x6B24, 0x6B23, 0x6B22, 0x6B22, 0x6300,
    0x6300, 0x5AE0, 0x5AE0, 0x5AE0, 0x5AC0, 0x5AE0, 0x62E4, 0x6306,
    0x6308, 0x6309, 0x632A, 0x632B, 0x634C, 0x634D, 0x636E, 0x636F,
    0x636F, 0x636F, 0x6370, 0x6391, 0x6BB2, 0x6BD3, 0x6BF3, 0x6BD3,
    0xABEC, 0xBC4D, 0xC4CF, 0xCD52, 0xD593, 0xDDF5, 0xE616, 0xE657,
    0xEE78, 0xEE98, 0xEEB9, 0xEED9, 0xEED9, 0xF6FA, 0xF6FA, 0xF6F9,
    0xEEB8, 0xE677, 0xDDF5, 0xD572, 0xC4AF, 0xB40B, 0xA348, 0x92C5,
    0x9AC5, 0x9AE5, 0xA306, 0xAB26, 0xAB46, 0xB367, 0xB387, 0xBBA8,
    0xBBC8, 0xBBE8, 0xBBE9, 0xC409, 0xC429, 0xC42A, 0xC44A, 0xC44B,
    0xC46C, 0xC48C, 0xC48D, 0xC48D, 0xC48D, 0xC4AD, 0xC4AD, 0xC4AD,
    0xC4AD, 0xC4CE, 0xC4CE, 0xC4CE, 0xC4CE, 0xC4EE, 0xCCEE, 0xC4EE,
    0xCD0E, 0xF5AE, 0xFD8C, 0xFD8D, 0xF4C9, 0xE3E6, 0xCB24, 0xDBC6,
    0xCB03, 0xCB03, 0xC2C2, 0xC2C2, 0xE488, 0xFE2F, 0xFE4F, 0xFE50,
    0xFE71, 0xFE4F, 0xFDEE, 0xF5CD, 0xFE0E, 0xF5EE, 0xED4B, 0xC2E2,
    0x99E0, 0xAA20, 0xA200, 0x9A00, 0x7980, 0x6940, 0xBB86, 0xD384,
    0xCB02, 0xD364, 0xE3E5, 0xECE9, 0xFE0F, 0xFE50, 0xFE51, 0xFE71,
    0xFE50, 0xFE2F, 0xFD28, 0xE3C4, 0xD343, 0xD322, 0xCB02, 0xCB02,
    0xC2E2, 0xC2E2, 0xCB02, 0xBAA2, 0xBAA2, 0xBAA1, 0xBA81, 0xBA61,
    0xBAA1, 0xC2C1, 0xBAA2, 0xB241, 0xA220, 0xAA20, 0xCB02, 0xDB63,
    0xDB84, 0xCAE2, 0xDBA4, 0xFE30, 0xFE92, 0xFE92, 0xFE93, 0xFE93,
    0xFE72, 0xFEB3, 0xFEB3, 0xFE93, 0xFE93, 0xFE93, 0xFE51, 0xF4EA,
    0xD363, 0xCB43, 0xCB23, 0xC2E3, 0xD343, 0xDB84, 0xC2E2, 0xCB03,
    0xE3C5, 0xD364, 0xB282, 0xD344, 0xD384, 0xDBA5, 0xE3E6, 0xDBA5,
    0xDBA5, 0xE3E6, 0xE3E6, 0xF487, 0xFE71, 0xF58D, 0xCB84, 0xD427,
    0xDC67, 0xE4C9, 0xED09, 0xED2A, 0xF58C, 0xF5AC, 0xFDEE, 0xFE2F,
    0xFE0E, 0xFE0E, 0xED4C, 0xC2E2, 0xCAE2, 0xD343, 0xC2E2, 0xBA81,
    0xD322, 0xF425, 0xFD09, 0xFD8B, 0xFDEE, 0xACF3, 0x6C14, 0x7434,
    0x7434, 0x7455, 0x7C75, 0x7C76, 0x7C75, 0x7C55, 0x7C54, 0x7433,
    0x7433, 0x7412, 0x73F1, 0x6BF1, 0x6BF1, 0x73F1, 0x7412, 0x7C32,
    0x7C53, 0x8454, 0x8454, 0x8453, 0x7C32, 0x73F0, 0x6BAD, 0x6B6B,
    0x6B49, 0x6327, 0x6325, 0x6B24, 0x6B22, 0x6B22, 0x6B21, 0x6300,
    0x6300, 0x5AE0, 0x5AE0, 0x5AE0, 0x5AC0, 0x5AE1, 0x6304, 0x6306,
    0x6308, 0x6329, 0x632A, 0x634A, 0x634B, 0x634C, 0x636E, 0x638F,
    0x638F, 0x6B90, 0x6BB1, 0x6BD2, 0x6BD3, 0x6BF4, 0x6BD3, 0x6BD3,
    0xABCC, 0xB44D, 0xC4AF, 0xCD31, 0xD593, 0xDDF5, 0xE616, 0xE657,
    0xEE98, 0xEE98, 0xEEB9, 0xEED9, 0xF6D9, 0xF6F9, 0xF6FA, 0xF6F9,
    0xEEB8, 0xE657, 0xDDF4, 0xD552, 0xBCAE, 0xB3EB, 0x9B48, 0x92C5,
    0x92C5, 0x9AE5, 0xA306, 0xAB26, 0xAB46, 0xB387, 0xB387, 0xBBA8,
    0xBBC8, 0xBBC8, 0xBBE9, 0xC409, 0xC42A, 0xC42A, 0xC44B, 0xC44B,
    0xC46B, 0xC46C, 0xC48C, 0xC48C, 0xC48D, 0xC48D, 0xC4AD, 0xC4AD,
    0xC4AD, 0xC4AD, 0xC4CE, 0xC4CE, 0xC4CE, 0xC4EE, 0xCCEE, 0xC4CE,
    0xE58F, 0xFE0F, 0xFDAD, 0xF4C9, 0xE3C6, 0xDBA5, 0xE407, 0xD385,
    0xC2C2, 0xC2C2, 0xC2C2, 0xCB03, 0xE488, 0xFE0E, 0xFDED, 0xFE0E,
    0xFE0E, 0xFE0E, 0xFDCC, 0xF5AC, 0xF5AC, 0xFDEE, 0xE488, 0xBAA1,
    0xA200, 0xA220, 0xA200, 0x91E0, 0x6920, 0x7A02, 0xB2C3, 0xBAC1,
    0xD384, 0xD364, 0xD384, 0xECA8, 0xFE2F, 0xFE50, 0xFE71, 0xFE71,
    0xFE71, 0xFE50, 0xF508, 0xE3A3, 0xD323, 0xD322, 0xCAE2, 0xC2C2,
    0xC2C2, 0xBAA2, 0xC2E2, 0xCB23, 0xB281, 0xBA81, 0xBAA1, 0xB261,
    0xBA81, 0xBA81, 0xB241, 0xBAA1, 0xB261, 0xA200, 0xC2A1, 0xD322,
    0xD342, 0xD362, 0xF56C, 0xFE72, 0xFEB4, 0xFED4, 0xFE93, 0xFE93,
    0xFE30, 0xFE92, 0xFEB4, 0xFE93, 0xFE51, 0xFE72, 0xFE72, 0xFE71,
    0xF50A, 0xDBC5, 0xD384, 0xCB23, 0xD364, 0xDB84, 0xCB23, 0xC2C2,
    0xDB84, 0xE3E5, 0xDB84, 0xCB23, 0xDB84, 0xD364, 0xDBA5, 0xEC27,
    0xDB84, 0xDB85, 0xE3E5, 0xF4E9, 0xFE72, 0xFE51, 0xDBE5, 0xCBE6,
    0xE4A8, 0xECE9, 0xED2A, 0xED2A, 0xED2A, 0xED29, 0xF58B, 0xFDCC,
    0xFE0E, 0xFE2F, 0xF58D, 0xC2E2, 0xB240, 0xD322, 0xDB84, 0xD323,
    0xD323, 0xEBE5, 0xFC87, 0xFDAC, 0xFE0D, 0xEDD1, 0x7C55, 0x7434,
    0x7C55, 0x7C55, 0x8475, 0x8476, 0x8475, 0x7C54, 0x7C33, 0x7C32,
    0x7C32, 0x7411, 0x7411, 0x73F0, 0x73F0, 0x7411, 0x7C12, 0x7C32,
    0x8453, 0x8453, 0x8453, 0x8453, 0x8432, 0x7BF0, 0x73AE, 0x6B8B,
    0x6B49, 0x6326, 0x6324, 0x6B23, 0x6B22, 0x6B21, 0x6B20, 0x6300,
    0x6300, 0x5AE0, 0x5AE0, 0x5AE0, 0x5AE0, 0x62E2, 0x6304, 0x6305,
    0x6327, 0x6328, 0x634A, 0x634A, 0x634B, 0x636D, 0x6B8F, 0x6BB0,
    0x6BB0, 0x73D1, 0x73F2, 0x7413, 0x7414, 0x7414, 0x6BF3, 0x6BD3,
    0xA3AC, 0xB42D, 0xC4AF, 0xCD31, 0xD593, 0xDDF5, 0xE636, 0xE657,
    0xEE98, 0xEE98, 0xEEB9, 0xEED9, 0xF6D9, 0xF6F9, 0xF6FA, 0xF6D9,
    0xEE98, 0xE656, 0xDDD4, 0xCD51, 0xBC8E, 0xABCA, 0x9B07, 0x92A4,
    0x92C5, 0x9AE5, 0xA306, 0xAB26, 0xAB46, 0xB367, 0xB387, 0xB3A8,
    0xBBC8, 0xBBC8, 0xBBE9, 0xC409, 0xC429, 0xC42A, 0xC44A, 0xC44B,
    0xC46B, 0xC46C, 0xC48C, 0xC48C, 0xC48D, 0xC48D, 0xC4AD, 0xC4AD,
    0xC4AD, 0xC4AD, 0xC4CE, 0xC4CE, 0xC4CE, 0xC4EE, 0xC4EE, 0xCD0F,
    0xFE51, 0xFD6C, 0xF4A8, 0xF4C9, 0xF488, 0xE407, 0xD365, 0xD364,
    0xC2C2, 0xD344, 0xC2C2, 0xC2A1, 0xE468, 0xFDEE, 0xFDEE, 0xFE2F,
    0xFDEE, 0xFDEE, 0xFDCC, 0xFDCD, 0xF5AC, 0xF5AD, 0xE4C9, 0xC2E1,
    0xB281, 0xA220, 0xA220, 0x99E0, 0x5900, 0x6981, 0xB281, 0xC303,
    0xCB23, 0xBAC2, 0xD384, 0xE447, 0xFDCE, 0xFE71, 0xFE92, 0xFE71,
    0xFE71, 0xFE2E, 0xF549, 0xDB63, 0xCB02, 0xCB02, 0xCB02, 0xC2C2,
    0xC2C2, 0xB261, 0xBAA1, 0xCB03, 0xC2C2, 0xC2E2, 0xBA81, 0xC2C2,
    0xC2C2, 0xBA81, 0xBAA1, 0xC2E2, 0xC302, 0xBA81, 0xCAE2, 0xD322,
    0xCB21, 0xEC66, 0xFE71, 0xFE93, 0xFEB4, 0xFEB4, 0xFEB3, 0xFE93,
    0xFE51, 0xFE93, 0xFED4, 0xFEB3, 0xFEB3, 0xFE72, 0xFE72, 0xFE72,
    0xFE30, 0xEC88, 0xDB84, 0xDB84, 0xD384, 0xDB84, 0xD384, 0xC2E3,
    0xCB02, 0xDBA5, 0xDBA5, 0xCB03, 0xCB03, 0xDB85, 0xCB03, 0xD364,
    0xE3C5, 0xDB84, 0xEC06, 0xFD6B, 0xFE93, 0xFEB4, 0xF52B, 0xCBE6,
    0xD447, 0xE4A8, 0xED4B, 0xED2A, 0xED2A, 0xF56B, 0xF58B, 0xF58A,
    0xFDAC, 0xFE0F, 0xF5AD, 0xD364, 0xBA81, 0xBA60, 0xD303, 0xE384,
    0xD343, 0xDBA4, 0xF446, 0xFCC8, 0xFDAC, 0xFE0E, 0xCD33, 0x7455,
    0x8475, 0x8475, 0x8495, 0x8C95, 0x8474, 0x8453, 0x7C32, 0x7C32,
    0x7C31, 0x7C31, 0x7C11, 0x7C10, 0x7C11, 0x8431, 0x8452, 0x8453,
    0x8473, 0x8453, 0x8453, 0x8452, 0x8431, 0x7BF0, 0x73CE, 0x6B8B,
    0x6B69, 0x6B27, 0x6B24, 0x6B22, 0x6B21, 0x6B20, 0x6320, 0x6300,
    0x5AE0, 0x5AE0, 0x5AE0, 0x5AE0, 0x5AE0, 0x6302, 0x6304, 0x6325,
    0x6B27, 0x6B48, 0x6B49, 0x6B4A, 0x6B6B, 0x6B8D, 0x73AF, 0x73D0,
    0x7BD1, 0x7BF2, 0x7C33, 0x8434, 0x7C34, 0x7C34, 0x7413, 0x73F3,
    0xA3AB, 0xB40D, 0xBC8F, 0xCD31, 0xD593, 0xDDF5, 0xE636, 0xE657,
    0xEE98, 0xEE98, 0xEEB9, 0xEED9, 0xF6D9, 0xF6F9, 0xF6FA, 0xF6D9,
    0xEE98, 0xE636, 0xDDD4, 0xCD31, 0xBC6E, 0xA3AA, 0x9B06, 0x92A4,
    0x92C5, 0x9AE5, 0xA306, 0xAB46, 0xAB67, 0xB367, 0xB387, 0xB3A8,
    0xBBC8, 0xBBC8, 0xBBE8, 0xC409, 0xC429, 0xC42A, 0xC44A, 0xC44B,
    0xC46C, 0xC46C, 0xC48C, 0xC48D, 0xC48D, 0xC4AD, 0xC4AD, 0xC4AE,
    0xC4CD, 0xC4CE, 0xC4CE, 0xC4CE, 0xC4CE, 0xC4CE, 0xC4AE, 0xEDD0,
    0xFDEE, 0xFD2B, 0xFD8C, 0xF4EA, 0xDB85, 0xBAC3, 0xCB44, 0xCB23,
    0xCB44, 0xC2E3, 0xCAE2, 0xE406, 0xFDEE, 0xFE70, 0xFE4F, 0xFDCC,
    0xFDCC, 0xFDED, 0xF5AC, 0xF5CD, 0xF5EE, 0xF5EE, 0xECEA, 0xDBE5,
    0xBAA1, 0xAA40, 0xAA40, 0x99E0, 0x48A0, 0x7160, 0xBAA1, 0xC303,
    0xC2C2, 0xC303, 0xD343, 0xDBA5, 0xF58D, 0xFE71, 0xFE30, 0xFE50,
    0xFE30, 0xFE2F, 0xFD8B, 0xDB63, 0xCB02, 0xCB23, 0xC2E2, 0xBAA1,
    0xB281, 0xAA21, 0xBAC2, 0xCB43, 0xCB23, 0xBAA1, 0xB261, 0xC2E2,
    0xC2C2, 0xC2C1, 0xC2C2, 0xC2C2, 0xC2E2, 0xBAA2, 0xCAE1, 0xD301,
    0xEC86, 0xFDEE, 0xFE51, 0xFE72, 0xFE93, 0xFEB3, 0xFE51, 0xFE93,
    0xFE93, 0xFE72, 0xFEB3, 0xFEB3, 0xFEB3, 0xFEB3, 0xFE93, 0xFE92,
    0xFE51, 0xFDAD, 0xDBA4, 0xCB43, 0xD344, 0xDBC5, 0xDBC5, 0xD364,
    0xC2C2, 0xC2E2, 0xCB23, 0xCB44, 0xD344, 0xD344, 0xDB85, 0xC303,
    0xDBC5, 0xDBC5, 0xE3C4, 0xF54B, 0xFE93, 0xFEB4, 0xFE52, 0xCC27,
    0xC3A5, 0xCC06, 0xDC88, 0xE509, 0xED2A, 0xF56A, 0xF5AC, 0xFDCC,
    0xF5AC, 0xFDED, 0xFE0F, 0xE488, 0xD302, 0xCAE2, 0xC2A1, 0xDB84,
    0xDB84, 0xD343, 0xEC05, 0xEC05, 0xFCC8, 0xFDCC, 0xFDCF, 0xA4F4,
    0x8495, 0x8C95, 0x8CB5, 0x8C94, 0x8C73, 0x8452, 0x8431, 0x8431,
    0x8431, 0x8430, 0x8430, 0x8430, 0x8430, 0x8C52, 0x8C73, 0x8C93,
    0x8C73, 0x8C73, 0x8C53, 0x8452, 0x8431, 0x7BEF, 0x7BCD, 0x73AB,
    0x7369, 0x6B47, 0x6B24, 0x6B20, 0x6B20, 0x6B20, 0x6320, 0x6300,
    0x5AE0, 0x5AC0, 0x5AE0, 0x5AE0, 0x5AE0, 0x6302, 0x6303, 0x6B24,
    0x6B47, 0x6B48, 0x6B48, 0x6B4A, 0x6B6C, 0x73AD, 0x7BCF, 0x7BF0,
    0x8411, 0x8432, 0x8C53, 0x8C74, 0x8454, 0x8454, 0x7C33, 0x7C12,
    0x9BAB, 0xAC0D, 0xBC8F, 0xCD31, 0xD593, 0xDDF5, 0xE636, 0xE657,
    0xEE98, 0xEE98, 0xEEB9, 0xEED9, 0xF6D9, 0xF6F9, 0xF6F9, 0xF6D9,
    0xEE98, 0xE636, 0xD5B4, 0xCD11, 0xB44D, 0xA389, 0x92C6, 0x92A4,
    0x92C5, 0x9AE5, 0xA326, 0xAB46, 0xAB67, 0xB367, 0xB387, 0xB3A7,
    0xBBC8, 0xBBC8, 0xBBC8, 0xC409, 0xC409, 0xC42A, 0xC44A, 0xC44B,
    0xC46B, 0xC46C, 0xC48C, 0xC48D, 0xC48D, 0xC4AD, 0xC4AD, 0xC4AD,
    0xC4AE, 0xC4CE, 0xC4CE, 0xC4CE, 0xC4CE, 0xBCAE, 0xCD0E, 0xFE51,
    0xFDEE, 0xFDAD, 0xF4EA, 0xDBA5, 0xDBC6, 0xD385, 0xDB85, 0xCB24,
    0xBAE3, 0xBAA2, 0xDBA4, 0xF56C, 0xFE50, 0xFE0E, 0xFDED, 0xFDAC,
    0xFE0E, 0xF5AC, 0xF58C, 0xF5CD, 0xF5EE, 0xED6B, 0xED4B, 0xECEA,
    0xCB43, 0xAA61, 0x91A0, 0x7160, 0x48A0, 0xA221, 0xBAC2, 0xCB03,
    0xC2E2, 0xCB23, 0xD363, 0xDC06, 0xF56C, 0xF5CE, 0xFE2F, 0xFE50,
    0xFE50, 0xFE71, 0xF509, 0xDB42, 0xCB02, 0xCB02, 0xCB03, 0xC2E2,
    0xBAC2, 0xC2E2, 0xBA81, 0xCB02, 0xCB03, 0xC2C2, 0xC2E2, 0xBAA2,
    0xCB02, 0xCB02, 0xBAA1, 0xC2E2, 0xBA81, 0xCB02, 0xE3E4, 0xF52A,
    0xFDEF, 0xFE51, 0xFE72, 0xFE71, 0xFE51, 0xFEB4, 0xFE72, 0xFE93,
    0xFE93, 0xFE93, 0xFEB3, 0xFE93, 0xFEB3, 0xFE93, 0xFE93, 0xFE92,
    0xFE92, 0xFE71, 0xED0A, 0xD343, 0xC2E2, 0xCB23, 0xDB84, 0xDBA5,
    0xD364, 0xD344, 0xDB84, 0xD364, 0xD344, 0xCB24, 0xD344, 0xDB85,
    0xD364, 0xE426, 0xEC26, 0xF50A, 0xFE92, 0xFE93, 0xFEB3, 0xDCCB,
    0x9A62, 0xB324, 0xD448, 0xDC89, 0xED0B, 0xED6B, 0xF5AC, 0xF5CC,
    0xF5AC, 0xF58B, 0xFDCC, 0xFDED, 0xF4E9, 0xE3C4, 0xCAE2, 0xCB02,
    0xE3A4, 0xDB84, 0xDB83, 0xEC26, 0xF446, 0xFD4A, 0xFDED, 0xF612,
    0xA515, 0x8CB5, 0x94B4, 0x9493, 0x8C72, 0x8C51, 0x8C50, 0x8C50,
    0x844F, 0x842F, 0x842F, 0x842F, 0x8C50, 0x8C71, 0x9492, 0x9493,
    0x9493, 0x8C72, 0x8C72, 0x8C51, 0x8430, 0x83EE, 0x7BCC, 0x73AB,
    0x7389, 0x7367, 0x6B44, 0x6B20, 0x6B20, 0x6B20, 0x6B20, 0x6300,
    0x5AE0, 0x5AC0, 0x5AC0, 0x5AE0, 0x5B00, 0x6301, 0x6323, 0x6B24,
    0x6B46, 0x6B47, 0x6B48, 0x6B6A, 0x738C, 0x7BCE, 0x83EF, 0x8410,
    0x8C32, 0x8C53, 0x9474, 0x9494, 0x8C74, 0x8C53, 0x8433, 0x8412,
    0x9B8B, 0xAC0D, 0xBC8F, 0xCD31, 0xD593, 0xDDF5, 0xE636, 0xE657,
    0xEE98, 0xEE98, 0xEEB9, 0xEED9, 0xF6D9, 0xF6F9, 0xF6F9, 0xEED9,
    0xEE98, 0xE636, 0xD5B3, 0xC4F0, 0xB42D, 0x9B49, 0x92A5, 0x9284,
    0x92C4, 0x9AE5, 0xA306, 0xAB46, 0xAB67, 0xB367, 0xB387, 0xB3A7,
    0xB3A8, 0xBBC8, 0xBBC8, 0xBBE9, 0xC409, 0xC42A, 0xC44A, 0xC44B,
    0xC46B, 0xC46C, 0xC48C, 0xC48C, 0xC48D, 0xC4AD, 0xC4AD, 0xC4AD,
    0xC4AE, 0xC4AE, 0xC4CE, 0xC4CE, 0xC4CE, 0xBC8D, 0xE5B0, 0xFE71,
    0xFDAC, 0xF4C9, 0xEC48, 0xE407, 0xEC27, 0xE3C5, 0xD364, 0xBAA2,
    0xB281, 0xCBA5, 0xFDAC, 0xFE0E, 0xFDEE, 0xFDED, 0xFDEE, 0xFE0E,
    0xFE0E, 0xF54A, 0xED4A, 0xF5CD, 0xF56C, 0xED6C, 0xED4B, 0xE50A,
    0xC343, 0xAA40, 0x89A0, 0x50C0, 0x5100, 0xAA61, 0xC2E2, 0xCB03,
    0xCB03, 0xCB23, 0xD364, 0xDB85, 0xE426, 0xF5CE, 0xFE71, 0xFE51,
    0xFE50, 0xFE70, 0xF54A, 0xDB63, 0xD343, 0xD343, 0xCB03, 0xC2C2,
    0xB281, 0xB261, 0xC2A1, 0xCAE2, 0xCB02, 0xCAE2, 0xBAA2, 0xC2E2,
    0xD363, 0xCB02, 0xCB01, 0xD342, 0xEC46, 0xF509, 0xFDAC, 0xFE71,
    0xFE71, 0xFE71, 0xFE72, 0xFE92, 0xFE72, 0xFE72, 0xFE93, 0xFEB4,
    0xFE93, 0xFE51, 0xFE51, 0xFE93, 0xFEB4, 0xFE93, 0xFE92, 0xFEB3,
    0xFEB3, 0xFE72, 0xFDEE, 0xEC66, 0xD363, 0xD364, 0xDBA4, 0xDBA4,
    0xE3A5, 0xDB84, 0xD364, 0xDB84, 0xCB03, 0xCB03, 0xCB23, 0xDB84,
    0xD364, 0xD384, 0xEC26, 0xF4E9, 0xFE72, 0xFE93, 0xFEB3, 0xED8E,
    0x71A1, 0x9A42, 0xB304, 0xBB03, 0xCB64, 0xE467, 0xED2A, 0xF56B,
    0xF58C, 0xFDCC, 0xFDED, 0xFE0D, 0xFE2F, 0xF54B, 0xDBA4, 0xC2C2,
    0xCAE2, 0xDB63, 0xDB43, 0xDBA4, 0xF446, 0xF487, 0xFD8B, 0xFE70,
    0xD5D4, 0x9493, 0x9CB3, 0x9472, 0x8C71, 0x8C50, 0x8C4F, 0x8C2F,
    0x8C2F, 0x8C2E, 0x8C2E, 0x8C4F, 0x8C50, 0x9470, 0x9491, 0x9492,
    0x9471, 0x8C71, 0x8C51, 0x8C50, 0x842F, 0x83EE, 0x7BCC, 0x7BAA,
    0x7389, 0x7367, 0x7344, 0x7320, 0x6B20, 0x7320, 0x6B20, 0x6300,
    0x5AE0, 0x5AC0, 0x5AE0, 0x5AE0, 0x5B00, 0x6320, 0x6322, 0x6B23,
    0x6B25, 0x6B46, 0x7368, 0x738A, 0x7BAC, 0x83EE, 0x8C0F, 0x8C30,
    0x9452, 0x9473, 0x9CB4, 0x94B4, 0x9493, 0x9473, 0x8C53, 0x8C32,
    0x9B8B, 0xAC0D, 0xBC8F, 0xCD11, 0xD593, 0xDDD5, 0xE616, 0xE657,
    0xEE78, 0xEE98, 0xEEB9, 0xEEB9, 0xF6D9, 0xF6D9, 0xF6D9, 0xEEB8,
    0xE677, 0xDE15, 0xD592, 0xC4F0, 0xB40C, 0x9B28, 0x8A84, 0x8A84,
    0x92A4, 0x9AE5, 0xA306, 0xA326, 0xAB46, 0xAB67, 0xB387, 0xB3A7,
    0xB3A8, 0xBBC8, 0xBBC8, 0xBBE9, 0xC409, 0xC42A, 0xBC2A, 0xBC4B,
    0xC44B, 0xC46C, 0xC48C, 0xC48C, 0xC48D, 0xC48D, 0xC4AD, 0xBCAD,
    0xBCAD, 0xBCAE, 0xBCAE, 0xC4AE, 0xBCAE, 0xCD0F, 0xFE50, 0xFDEE,
    0xF4C8, 0xDBC6, 0xD385, 0xDBC6, 0xEC68, 0xE3C5, 0xCB23, 0xC2E2,
    0xDBE5, 0xF56B, 0xFDED, 0xFE2E, 0xFDEE, 0xFE2F, 0xFDED, 0xFE0E,
    0xFDEE, 0xF58C, 0xF5AC, 0xF58C, 0xED4B, 0xED6C, 0xE50A, 0xDC88,
    0xCBC5, 0x9A20, 0x7960, 0x40A0, 0x6960, 0xC2E2, 0xC2C2, 0xCB02,
    0xCAE2, 0xC2C2, 0xD364, 0xCB43, 0xDC27, 0xFE30, 0xFE71, 0xFE71,
    0xFE71, 0xFE71, 0xFDAC, 0xEC45, 0xDB84, 0xCB22, 0xC2E3, 0xBAC2,
    0xBA81, 0xC2C1, 0xD302, 0xBA81, 0xCB02, 0xCB02, 0xCB02, 0xDBA3,
    0xE425, 0xF4E8, 0xF4E8, 0xF54B, 0xFE0F, 0xFE2F, 0xFE30, 0xFE71,
    0xFE72, 0xFE71, 0xFE72, 0xFE71, 0xFE72, 0xFE92, 0xFEB4, 0xFEB4,
    0xFE72, 0xFE30, 0xFE51, 0xFE72, 0xFE93, 0xFE72, 0xFE31, 0xFE92,
    0xFEB3, 0xFE92, 0xFE30, 0xFDAD, 0xE426, 0xDB63, 0xE3E5, 0xE3E5,
    0xE3C5, 0xE3A4, 0xD364, 0xDB84, 0xDB84, 0xD343, 0xD344, 0xDB85,
    0xDB85, 0xD344, 0xDBA4, 0xF4E9, 0xFE92, 0xFEB4, 0xFE93, 0xFE30,
    0x8A64, 0x8180, 0x91E0, 0xA220, 0xAA20, 0xBAA0, 0xDBE5, 0xF52A,
    0xF58C, 0xFDCD, 0xFE2E, 0xFE2E, 0xFE0E, 0xFDEE, 0xEC87, 0xCAE2,
    0xC2C2, 0xD343, 0xDB84, 0xD343, 0xDBA4, 0xEC26, 0xFCC7, 0xFE50,
    0xFF38, 0xACD3, 0x9492, 0x9471, 0x8C4F, 0x8C4E, 0x8C2E, 0x8C2E,
    0x8C2E, 0x8C2E, 0x8C2E, 0x8C2E, 0x944F, 0x9450, 0x9470, 0x9470,
    0x9470, 0x8C50, 0x8C50, 0x8C2F, 0x840E, 0x83ED, 0x7BCB, 0x7BAA,
    0x7388, 0x7366, 0x7344, 0x7320, 0x6B20, 0x7340, 0x6B40, 0x6300,
    0x62E0, 0x5AE0, 0x5AE0, 0x5B00, 0x5B00, 0x5B20, 0x6320, 0x6322,
    0x6B24, 0x6B45, 0x7368, 0x738A, 0x7BAC, 0x83ED, 0x8C2F, 0x9450,
    0x9C72, 0x9C93, 0xA4B3, 0x9CB3, 0x9C93, 0x9472, 0x9452, 0x8C32,
    0x9B6A, 0xABEC, 0xBC6E, 0xCCF0, 0xD552, 0xDDB4, 0xDDF5, 0xE636,
    0xE657, 0xEE77, 0xEE98, 0xEEB8, 0xEEB8, 0xEEB8, 0xEEB8, 0xEE77,
    0xE636, 0xDDD4, 0xD552, 0xC4CF, 0xB40C, 0xA348, 0x92A4, 0x92A4,
    0x9AE5, 0xA305, 0xA326, 0xAB26, 0xAB46, 0xAB67, 0xB387, 0xB3A7,
    0xB3A7, 0xBBA8, 0xBBC8, 0xBBE9, 0xC409, 0xC409, 0xBC2A, 0xBC2A,
    0xBC4B, 0xC44B, 0xC46C, 0xC48C, 0xC48D, 0xC48D, 0xBC8D, 0xBC8D,
    0xBC8D, 0xBCAD, 0xBCAD, 0xBCAE, 0xBCAE, 0xEDF0, 0xFDCD, 0xFDAD,
    0xF4EA, 0xEC27, 0xE3A5, 0xEC48, 0xE3E6, 0xD365, 0xCB03, 0xDBE6,
    0xFD8C, 0xFE0F, 0xFE0E, 0xFDED, 0xFE0D, 0xFE0E, 0xFDED, 0xF5AD,
    0xDC68, 0xDC27, 0xE488, 0xDC47, 0xED0A, 0xED6C, 0xE4C9, 0xDCA9,
    0xDC68, 0xBB23, 0x7140, 0x48C0, 0x9A01, 0xC2E3, 0xCB03, 0xC2C2,
    0xC2C2, 0xC2E2, 0xD344, 0xD344, 0xE4A9, 0xFE71, 0xFE92, 0xFE71,
    0xFE92, 0xFE91, 0xFDCC, 0xEC66, 0xDB83, 0xCB23, 0xC303, 0xBAA2,
    0xC2A2, 0xCB23, 0xCB02, 0xBAA2, 0xC2C2, 0xD342, 0xECA7, 0xF509,
    0xF5CD, 0xFE30, 0xFE0F, 0xFE30, 0xFE30, 0xFE71, 0xFE92, 0xFE92,
    0xFE92, 0xFE71, 0xFE72, 0xFE72, 0xFE51, 0xFE92, 0xFE93, 0xFE73,
    0xFE72, 0xF5EF, 0xFE71, 0xFE93, 0xFE93, 0xFE93, 0xFE93, 0xFE72,
    0xFE51, 0xFEB3, 0xFE72, 0xFE50, 0xFDCE, 0xEC67, 0xEC67, 0xE425,
    0xE3E4, 0xEC05, 0xE3C4, 0xDBA4, 0xDB84, 0xD364, 0xD344, 0xDBA5,
    0xDBC6, 0xCB44, 0xDB64, 0xF4A8, 0xFE51, 0xFED5, 0xFE73, 0xFD6D,
    0xBBE9, 0x6920, 0x89A0, 0x91A0, 0xA200, 0xAA40, 0xCB22, 0xE466,
    0xFDAC, 0xFE0E, 0xFE2F, 0xFE4F, 0xFE2F, 0xFDEE, 0xF52A, 0xD343,
    0xCAE2, 0xCB03, 0xDB84, 0xDBA4, 0xDB64, 0xE3E5, 0xEC04, 0xFD4A,
    0xFF99, 0xE677, 0x9C71, 0x9470, 0x8C2E, 0x8C2D, 0x8C0C, 0x8C0C,
    0x8C0C, 0x8C2C, 0x8C2C, 0x942D, 0x944E, 0x942E, 0x942E, 0x942E,
    0x944E, 0x942E, 0x8C2E, 0x8C0D, 0x840D, 0x83EC, 0x7BCA, 0x7BA9,
    0x7388, 0x7366, 0x7343, 0x7340, 0x6B20, 0x7340, 0x7340, 0x6B00,
    0x62E0, 0x62E0, 0x6300, 0x5B00, 0x5B00, 0x5B00, 0x5B00, 0x6300,
    0x6301, 0x6B24, 0x7367, 0x7B89, 0x83AB, 0x8BED, 0x942F, 0x9C50,
    0xA491, 0xA4B3, 0xA4B3, 0xA4B3, 0x9C92, 0x9C72, 0x9C51, 0x9431,
    0xA38A, 0xB40C, 0xBC6D, 0xCCEF, 0xD531, 0xD592, 0xDDD4, 0xE5F5,
    0xE636, 0xE656, 0xEE77, 0xEE77, 0xEE97, 0xEE97, 0xEE77, 0xEE56,
    0xE615, 0xDDB3, 0xD551, 0xCCCE, 0xBC2B, 0xB388, 0xA325, 0xA305,
    0xAB26, 0xAB46, 0xAB66, 0xB366, 0xB387, 0xB3A7, 0xBBA7, 0xBBC7,
    0xBBC8, 0xBBE8, 0xC3E8, 0xC408, 0xC429, 0xC429, 0xC42A, 0xC44A,
    0xC44B, 0xC46B, 0xC46B, 0xC48C, 0xC48C, 0xC48D, 0xC48D, 0xC48D,
    0xC48D, 0xBC8D, 0xC48D, 0xBC8D, 0xCD0E, 0xFDCE, 0xFD2A, 0xFDCE,
    0xF4EA, 0xEC27, 0xECA9, 0xE427, 0xD323, 0xD344, 0xD344, 0xF58C,
    0xFE2F, 0xFE4F, 0xFDED, 0xFDCD, 0xFE0E, 0xFE0D, 0xF52A, 0xD3C5,
    0xC2C2, 0xB261, 0xC2E2, 0xC2E2, 0xDC68, 0xED4C, 0xE4C9, 0xDCA9,
    0xCC07, 0xC385, 0x81E1, 0x6120, 0xAA61, 0xBAC2, 0xC303, 0xC2C2,
    0xC303, 0xBAA2, 0xD343, 0xC2C2, 0xECEA, 0xFEB2, 0xFE71, 0xFE71,
    0xFE71, 0xFE2F, 0xFDCD, 0xF4E8, 0xE404, 0xD343, 0xBA81, 0xBA81,
    0xCB02, 0xD323, 0xCB02, 0xCB02, 0xD322, 0xECC8, 0xFE51, 0xF5CE,
    0xF60F, 0xFE30, 0xFE30, 0xFE30, 0xFE51, 0xFE50, 0xFE51, 0xFE92,
    0xFE92, 0xFE72, 0xFE72, 0xFE92, 0xFE30, 0xFE72, 0xFE93, 0xFE93,
    0xFE93, 0xFE72, 0xFE92, 0xFE93, 0xFE72, 0xFE52, 0xFE93, 0xFEB4,
    0xFE93, 0xFE93, 0xFE92, 0xFE72, 0xFE72, 0xFE10, 0xFDAD, 0xFDCE,
    0xF54B, 0xF509, 0xF54B, 0xEC67, 0xE3C4, 0xDB84, 0xDBA5, 0xD364,
    0xE3E6, 0xD364, 0xD343, 0xEC47, 0xFE51, 0xFED5, 0xFE94, 0xE468,
    0xE468, 0x9263, 0x7960, 0x89A0, 0x99E0, 0xAA40, 0xBAE2, 0xD383,
    0xECE9, 0xFE0E, 0xFE0E, 0xFE4F, 0xFE2F, 0xFE2F, 0xFDEE, 0xEC67,
    0xD322, 0xCAE2, 0xDBA4, 0xE3E5, 0xE3E4, 0xEC87, 0xF4A6, 0xFD28,
    0xFF16, 0xFFBC, 0xBD52, 0x8C2E, 0x8C2D, 0x840C, 0x840B, 0x83EB,
    0x8C0B, 0x8C0B, 0x8C0B, 0x942C, 0x942C, 0x942C, 0x8C0C, 0x8C0C,
    0x8C2C, 0x942D, 0x8C2D, 0x8C0C, 0x8BEC, 0x83CA, 0x7BA9, 0x7B88,
    0x7367, 0x7345, 0x7342, 0x7340, 0x7340, 0x7340, 0x7340, 0x6B20,
    0x6300, 0x6300, 0x6300, 0x6300, 0x5B00, 0x5B00, 0x5B00, 0x5B00,
    0x6300, 0x6B23, 0x7367, 0x7B89, 0x83CB, 0x93ED, 0x9C2E, 0x9C70,
    0xA491, 0xACB1, 0xA4B2, 0xA491, 0xA491, 0x9C71, 0x9C50, 0x9430,
    0xB3CA, 0xBC2B, 0xCC8D, 0xCCCE, 0xD530, 0xDD71, 0xDD92, 0xE5D3,
    0xE5F4, 0xE615, 0xEE35, 0xEE55, 0xEE56, 0xEE56, 0xEE55, 0xEE34,
    0xE5F3, 0xDD92, 0xDD2F, 0xD4CD, 0xCC6B, 0xBBE8, 0xB386, 0xB386,
    0xBBA6, 0xBBC7, 0xBBC7, 0xC3C7, 0xC3E7, 0xC3E8, 0xC408, 0xCC08,
    0xCC28, 0xCC28, 0xCC49, 0xCC49, 0xCC49, 0xCC69, 0xCC6A, 0xCC6A,
    0xCC6A, 0xCC8B, 0xCC8B, 0xCCAC, 0xCCAC, 0xCCAC, 0xCCAC, 0xCCAC,
    0xCCAC, 0xCCAC, 0xC4AD, 0xC48C, 0xEDAF, 0xFDCD, 0xFD0A, 0xFD6C,
    0xF488, 0xF4A9, 0xECA9, 0xDB43, 0xDBE6, 0xE447, 0xED2B, 0xFE0E,
    0xFDED, 0xFE0E, 0xFE2F, 0xFE0E, 0xFE0E, 0xFD8B, 0xDBC4, 0xC2C2,
    0xAA41, 0xAA61, 0xB281, 0xB240, 0xCB43, 0xDC47, 0xE4C9, 0xDCA9,
    0xCBE6, 0xBB86, 0x8202, 0x81A0, 0xBAC2, 0xB2A2, 0xBAC2, 0xC2E2,
    0xBAA2, 0xD343, 0xCAE2, 0xCB64, 0xFE0F, 0xFE50, 0xFE72, 0xFE72,
    0xFE51, 0xFE30, 0xFE0F, 0xFDAC, 0xEC86, 0xDB62, 0xCAE2, 0xCB02,
    0xD322, 0xDB63, 0xDB83, 0xE3C3, 0xECA7, 0xFE2F, 0xFE31, 0xFE31,
    0xF5EF, 0xFE0F, 0xFE51, 0xFE51, 0xFE72, 0xFE51, 0xFE72, 0xFE30,
    0xFE92, 0xFE31, 0xFE93, 0xF58D, 0xF54C, 0xF5CE, 0xF56D, 0xFE72,
    0xFE72, 0xFEB4, 0xFE93, 0xFE52, 0xFE72, 0xFE92, 0xFE72, 0xFED4,
    0xFE72, 0xFEB3, 0xFE92, 0xFEB4, 0xFE92, 0xFE72, 0xFE31, 0xFE51,
    0xFE51, 0xFDEE, 0xFE0F, 0xFE0F, 0xFD8D, 0xEC67, 0xE3E5, 0xDBA5,
    0xDBA5, 0xDBC5, 0xDB63, 0xEC66, 0xFE30, 0xFE93, 0xFE93, 0xEC89,
    0xE3A5, 0xA283, 0x7120, 0x7960, 0x89A0, 0xA200, 0xBAA1, 0xC2C1,
    0xCB01, 0xF529, 0xFDEE, 0xFDED, 0xFE0E, 0xFE0E, 0xFE2F, 0xFDEE,
    0xF54A, 0xF4A7, 0xF509, 0xFDAC, 0xFD8C, 0xFE0E, 0xFE91, 0xFE91,
    0xFF15, 0xFFBB, 0xF719, 0x9C4D, 0x840B, 0x83EA, 0x7BE9, 0x83EA,
    0x83EA, 0x8BEA, 0x8C0A, 0x8C0B, 0x8C0A, 0x8BEA, 0x8BEA, 0x8BEA,
    0x8BEA, 0x8C0B, 0x8C0C, 0x8BEB, 0x8BEB, 0x83CA, 0x7B88, 0x7367,
    0x7365, 0x7344, 0x7341, 0x7340, 0x7340, 0x7340, 0x7340, 0x6B40,
    0x6B20, 0x6340, 0x6320, 0x6320, 0x5B00, 0x5B00, 0x5AE0, 0x5B00,
    0x6300, 0x6B23, 0x7367, 0x83A9, 0x8BCB, 0x940C, 0x9C2E, 0xA44F,
    0xA470, 0xA490, 0xA490, 0xA470, 0xA470, 0x9C50, 0x942F, 0x940E,
    0xC429, 0xCC4A, 0xD4AC, 0xD4CD, 0xDD0E, 0xDD4F, 0xE590, 0xE5B1,
    0xE5D2, 0xE5F3, 0xEE13, 0xEE13, 0xEE13, 0xEE14, 0xEE14, 0xEDF3,
    0xE5B1, 0xE590, 0xDD2E, 0xD4CC, 0xD48A, 0xCC28, 0xCC07, 0xCC28,
    0xCC28, 0xCC28, 0xCC48, 0xCC48, 0xCC48, 0xD448, 0xD468, 0xD468,
    0xD469, 0xD469, 0xD489, 0xD489, 0xD489, 0xDCA9, 0xD4AA, 0xD4AA,
    0xD4AA, 0xD4AB, 0xD4CB, 0xD4CB, 0xD4EB, 0xD4EC, 0xD4CC, 0xD4CC,
    0xD4CC, 0xD4EC, 0xD4EC, 0xDCEC, 0xFE71, 0xFD6B, 0xF487, 0xFD6C,
    0xFD6C, 0xFE72, 0xF52B, 0xF5CE, 0xFE50, 0xFE0E, 0xFE4F, 0xFDCC,
    0xFE0E, 0xFDED, 0xFDED, 0xFDED, 0xFDCC, 0xECA8, 0xCB02, 0xBA81,
    0xA220, 0xB2A1, 0xAA41, 0xA200, 0xBAC2, 0xD3C5, 0xDC89, 0xDCAA,
    0xCC07, 0xA325, 0x71A1, 0xA221, 0xB281, 0xAA61, 0xC2C2, 0xBAA2,
    0xCB23, 0xCB03, 0xC2C2, 0xF54B, 0xFE50, 0xFE50, 0xFE72, 0xFE92,
    0xFE72, 0xFE71, 0xFE51, 0xFE50, 0xFDAC, 0xF529, 0xEC46, 0xDB83,
    0xD362, 0xE3E4, 0xEC65, 0xF56B, 0xFDEE, 0xFE51, 0xFE51, 0xFE72,
    0xFE10, 0xFE30, 0xFE51, 0xFE51, 0xFE71, 0xFE51, 0xFE72, 0xFE31,
    0xFE72, 0xFE30, 0xF56C, 0xD385, 0xDBA4, 0xE3E5, 0xDBC5, 0xECC9,
    0xFDCD, 0xFEB4, 0xFE72, 0xFE30, 0xFE0F, 0xFE51, 0xFE73, 0xFED4,
    0xFEB4, 0xFEB3, 0xFE93, 0xFEB3, 0xFEB3, 0xFE93, 0xFE93, 0xFE72,
    0xFE72, 0xFE51, 0xFE0F, 0xFE51, 0xFE52, 0xFE10, 0xECEA, 0xDBC5,
    0xDB84, 0xE3E5, 0xF487, 0xFDAC, 0xFE92, 0xFE72, 0xFE51, 0xECEB,
    0xE3E5, 0xBB04, 0x6100, 0x7960, 0x89A0, 0xA1E0, 0xB260, 0xBA81,
    0xB220, 0xD383, 0xFD8B, 0xFE2F, 0xFE2F, 0xFE71, 0xFE71, 0xFE91,
    0xFE71, 0xFE91, 0xFE70, 0xFE70, 0xFE91, 0xFE92, 0xFEB3, 0xFEF5,
    0xFF37, 0xFF79, 0xFFFC, 0xD5F4, 0x7BC9, 0x7BE9, 0x7BC8, 0x7BC8,
    0x83C9, 0x83E9, 0x8BE9, 0x8BE9, 0x83E8, 0x83C8, 0x83A8, 0x83C8,
    0x83C9, 0x8BE9, 0x8BEA, 0x8BEA, 0x8BCA, 0x83C9, 0x7B88, 0x7366,
    0x7344, 0x7343, 0x7362, 0x7360, 0x7360, 0x7360, 0x7360, 0x6B40,
    0x6B20, 0x6340, 0x6340, 0x6320, 0x5B00, 0x5AE0, 0x5AE0, 0x5AE0,
    0x6300, 0x6B23, 0x7366, 0x83A8, 0x8BCA, 0x940C, 0x9C2D, 0xA42E,
    0xA44F, 0xA46F, 0xA44F, 0xA44F, 0x9C2F, 0x9C0E, 0x940E, 0x93EE,
    0xD469, 0xD48A, 0xDCCB, 0xDCEC, 0xDD0D, 0xE52E, 0xE56F, 0xE58F,
    0xEDB0, 0xEDD1, 0xEDD1, 0xEDD1, 0xEDD1, 0xEDD1, 0xEDD1, 0xEDD1,
    0xED90, 0xE56E, 0xE52D, 0xDCEB, 0xDCAA, 0xDC89, 0xDC88, 0xDC88,
    0xDC88, 0xDCA8, 0xDCA9, 0xDCA9, 0xDCA9, 0xDCA9, 0xDCA9, 0xE4A9,
    0xE4C9, 0xE4C9, 0xE4C9, 0xE4EA, 0xE4EA, 0xE4EA, 0xE4EA, 0xE4EA,
    0xE4EA, 0xDCEA, 0xDCEB, 0xDD0B, 0xDD0B, 0xDD0B, 0xDD0B, 0xDD0B,
    0xDD0B, 0xDD0B, 0xDD0B, 0xF58D, 0xFED3, 0xFDAC, 0xFE31, 0xFEB3,
    0xFEF5, 0xFEB3, 0xFE30, 0xFED3, 0xFE4F, 0xFE70, 0xFE0E, 0xFE2F,
    0xFE2F, 0xFDED, 0xFDCC, 0xF4E8, 0xEC88, 0xCB23, 0xC2C2, 0xB261,
    0xB281, 0xB261, 0xAA20, 0xAA41, 0xBAA2, 0xC302, 0xCB84, 0xD428,
    0xC3E7, 0x8263, 0x6960, 0xBAC2, 0xBAA1, 0xC2E2, 0xC2E2, 0xC2E2,
    0xCB23, 0xCAC2, 0xE4A9, 0xFE71, 0xFE2F, 0xFE92, 0xFE92, 0xFE92,
    0xFE72, 0xFE50, 0xFE51, 0xFE50, 0xFE71, 0xFDED, 0xF509, 0xECC8,
    0xF54A, 0xF56B, 0xFDEE, 0xFE50, 0xFE51, 0xFE72, 0xFE30, 0xFE93,
    0xFE72, 0xFE51, 0xFE72, 0xFE51, 0xFE51, 0xFE51, 0xFE10, 0xF631,
    0xF5AE, 0xECC9, 0xE3E5, 0xD363, 0xD363, 0xDB63, 0xDB84, 0xDBA4,
    0xEC25, 0xFDCE, 0xFED4, 0xFE92, 0xFE93, 0xFE31, 0xFE52, 0xFE93,
    0xFEB4, 0xFEB4, 0xFEB4, 0xFE92, 0xFEB4, 0xFE93, 0xFE72, 0xFE93,
    0xFE93, 0xFE72, 0xFE72, 0xFE72, 0xFE72, 0xFE72, 0xFE72, 0xF58E,
    0xECA8, 0xF4E9, 0xFE2F, 0xFE50, 0xFE93, 0xFED4, 0xFE10, 0xE427,
    0xE3E6, 0xDBA5, 0x9201, 0x7960, 0x8180, 0x89A0, 0xA200, 0xAA40,
    0xAA20, 0xCAC1, 0xF4E8, 0xFE0E, 0xFE71, 0xFE92, 0xFE71, 0xFE71,
    0xFE92, 0xFE92, 0xFEB2, 0xFEB2, 0xFE92, 0xFE92, 0xFED3, 0xFEF5,
    0xFF37, 0xFF58, 0xFF58, 0xFF59, 0x9C8C, 0x73A7, 0x7BC7, 0x7BA7,
    0x83C8, 0x83C8, 0x83E8, 0x83C8, 0x83A7, 0x7BA6, 0x7B86, 0x7BA7,
    0x83A8, 0x8BC9, 0x8BC9, 0x8BC9, 0x8BC9, 0x83A9, 0x7B87, 0x7B66,
    0x7364, 0x7363, 0x7363, 0x7B61, 0x7B81, 0x7B81, 0x7360, 0x7340,
    0x6B40, 0x6B40, 0x6320, 0x6320, 0x5B00, 0x5AE0, 0x5AC0, 0x5AE0,
    0x5B00, 0x6B23, 0x7366, 0x8388, 0x8BCA, 0x93EB, 0x9C0D, 0xA42E,
    0xA42E, 0xA42E, 0xA42E, 0x9C0D, 0x9BED, 0x93CD, 0x93CD, 0x93AC,
    0xDCCA, 0xDCCA, 0xE4CA, 0xE4EB, 0xE52C, 0xE52C, 0xE54D, 0xED6E,
    0xED8E, 0xED8F, 0xEDAF, 0xEDAF, 0xEDAF, 0xEDAF, 0xED8F, 0xED8F,
    0xED8E, 0xED4D, 0xED2C, 0xE50A, 0xE4E9, 0xE4E9, 0xE4E9, 0xE4E9,
    0xE4E9, 0xE4E9, 0xE4EA, 0xE4E9, 0xED09, 0xE50A, 0xED09, 0xED0A,
    0xED0A, 0xED0A, 0xED0A, 0xED2A, 0xED2A, 0xED2A, 0xED2A, 0xED2B,
    0xED2B, 0xE52B, 0xE52B, 0xE52B, 0xE52B, 0xE52B, 0xE52B, 0xE52B,
    0xE52B, 0xE52B, 0xED2B, 0xFE72, 0xFF57, 0xFF15, 0xFF37, 0xFF16,
    0xFEF5, 0xFE71, 0xFE91, 0xFE4F, 0xFE4F, 0xFE4F, 0xFE4F, 0xFE4F,
    0xFE2F, 0xFE0E, 0xFD6A, 0xDBC4, 0xCB02, 0xBA61, 0xBAA2, 0xAA41,
    0xB261, 0xB241, 0xB240, 0xB261, 0xB261, 0xB261, 0xAA61, 0xC3C6,
    0xBBA7, 0x71E2, 0x89E1, 0xC302, 0xCB23, 0xCB03, 0xC2C2, 0xCB23,
    0xCB02, 0xE467, 0xFE50, 0xFE50, 0xFE50, 0xFE71, 0xFE71, 0xFE71,
    0xFE50, 0xFE51, 0xFE71, 0xFE71, 0xFE2F, 0xFDCD, 0xFDEE, 0xFE0F,
    0xFE50, 0xFE51, 0xFE71, 0xFE51, 0xFE51, 0xFE92, 0xFDEE, 0xFE72,
    0xFE30, 0xFE71, 0xFE51, 0xF60F, 0xF610, 0xFE31, 0xF5AE, 0xF56C,
    0xD3C5, 0xDB84, 0xDB43, 0xCB02, 0xD363, 0xDBA4, 0xD322, 0xD343,
    0xE3A3, 0xF466, 0xFE30, 0xFE92, 0xFE72, 0xFE93, 0xFE93, 0xFE31,
    0xFE94, 0xFE93, 0xFEB4, 0xFED4, 0xFEB3, 0xFE72, 0xFE72, 0xFE72,
    0xFE72, 0xFE93, 0xFE72, 0xFE52, 0xFE93, 0xFE52, 0xFE72, 0xFE72,
    0xFE10, 0xFE51, 0xFE72, 0xFEB4, 0xFE73, 0xFEB4, 0xFE93, 0xDC07,
    0xD344, 0xDBA5, 0xA242, 0x6920, 0x7960, 0x89A0, 0x91C0, 0xA200,
    0xB220, 0xCB22, 0xF56B, 0xFE0E, 0xFE0F, 0xFE50, 0xFE71, 0xFE70,
    0xFE71, 0xFE92, 0xFE50, 0xFE0F, 0xFD6B, 0xF4E8, 0xFD6B, 0xFDEE,
    0xFED3, 0xFF58, 0xFEF5, 0xFE71, 0xD5D0, 0x73A6, 0x7BC6, 0x7BA7,
    0x7BA7, 0x83C7, 0x83C7, 0x7BA7, 0x7B86, 0x7385, 0x7B86, 0x7BA7,
    0x83C8, 0x8BC9, 0x8BEA, 0x8BEA, 0x8BC9, 0x83A8, 0x83A8, 0x7B86,
    0x7B66, 0x7364, 0x7363, 0x7B62, 0x7B82, 0x7B82, 0x7360, 0x7340,
    0x6B40, 0x6B20, 0x6320, 0x6300, 0x5AE0, 0x5AE0, 0x5AE0, 0x5AE0,
    0x62E0, 0x6B23, 0x7B46, 0x8388, 0x8BCA, 0x93EB, 0x9C0C, 0x9C0D,
    0xA40D, 0x9C0D, 0x9BED, 0x93CC, 0x93AC, 0x8B8C, 0x8B8B, 0x8B8B,
    0xED0A, 0xE50A, 0xE50A, 0xED0A, 0xED2B, 0xED4B, 0xED4C, 0xED6C,
    0xED6C, 0xED6C, 0xED6C, 0xED6C, 0xED6C, 0xED6C, 0xED6C, 0xED6C,
    0xED6C, 0xED4B, 0xED2A, 0xED2A, 0xED2A, 0xED2A, 0xED2A, 0xED2A,
    0xED2A, 0xED2A, 0xED2A, 0xED4A, 0xED4A, 0xED4A, 0xF54A, 0xED4A,
    0xF54A, 0xF54A, 0xF54A, 0xF54A, 0xF54A, 0xED4B, 0xED4B, 0xED4B,
    0xED4B, 0xED4B, 0xED4B, 0xED4B, 0xED4B, 0xED4B, 0xED4B, 0xED6B,
    0xED6B, 0xED2A, 0xF610, 0xFF79, 0xFF78, 0xFF16, 0xFF16, 0xFF37,
    0xFEF5, 0xFEB2, 0xFE91, 0xFE2E, 0xFE4F, 0xFE50, 0xFE50, 0xFDED,
    0xFE0E, 0xFDED, 0xF4E8, 0xCB02, 0xBA81, 0xBA61, 0xA200, 0xA221,
    0xBA81, 0xBA81, 0xC2C1, 0xB261, 0xAA20, 0xAA61, 0xAA41, 0xBB45,
    0xB386, 0x6981, 0x91E0, 0xC2E2, 0xCB44, 0xD344, 0xD343, 0xE405,
    0xECC9, 0xFE30, 0xFE50, 0xFE50, 0xFE50, 0xFE50, 0xFE71, 0xFE71,
    0xFE30, 0xFE51, 0xFE50, 0xFE71, 0xFE2F, 0xFE30, 0xFE30, 0xFE51,
    0xFE50, 0xFE72, 0xFE51, 0xFE51, 0xFE72, 0xFE71, 0xFDEE, 0xFE51,
    0xFE51, 0xFE92, 0xF5EF, 0xED4C, 0xECEA, 0xED0B, 0xECC9, 0xE426,
    0xC302, 0xC2E2, 0xD323, 0xCB02, 0xD322, 0xD343, 0xCB02, 0xCB02,
    0xD342, 0xE3E4, 0xF52A, 0xFE92, 0xFE93, 0xFE93, 0xFE93, 0xFE52,
    0xFE52, 0xFE72, 0xFE92, 0xFEB4, 0xFEB4, 0xFE93, 0xFE31, 0xFE52,
    0xFE72, 0xFE93, 0xFE72, 0xFE72, 0xFE51, 0xFE72, 0xFE10, 0xFE72,
    0xFE72, 0xFE94, 0xFEB4, 0xFEB4, 0xFEB4, 0xFED5, 0xFE73, 0xECAA,
    0xDB85, 0xE3C5, 0xB2A3, 0x6100, 0x7940, 0x89A0, 0x9A00, 0xA220,
    0xB260, 0xD342, 0xF54B, 0xFDEE, 0xFDCD, 0xFE0E, 0xFE2F, 0xFE71,
    0xFE50, 0xFEB2, 0xF5CE, 0xE426, 0xEC26, 0xE3E4, 0xEBE4, 0xF487,
    0xFD08, 0xFDEE, 0xFF37, 0xFE71, 0xFDEF, 0x9C49, 0x73A5, 0x73C6,
    0x73A6, 0x7BA6, 0x7BA6, 0x7B86, 0x7385, 0x7385, 0x7BA6, 0x83C8,
    0x8BEA, 0x93EB, 0x940B, 0x940B, 0x93EA, 0x8BC9, 0x83A9, 0x8388,
    0x7B86, 0x7B65, 0x7363, 0x7362, 0x7B61, 0x7B82, 0x7B61, 0x7340,
    0x6B20, 0x6300, 0x6300, 0x6300, 0x5AE0, 0x5AE0, 0x5AC0, 0x5AE0,
    0x62E1, 0x6B24, 0x7B47, 0x8388, 0x8BAA, 0x93CB, 0x9BEC, 0x9BEC,
    0x9BEC, 0x9BEC, 0x93CC, 0x938B, 0x8B6B, 0x834A, 0x834A, 0x834A,
    0xED4B, 0xED4B, 0xED4B, 0xED4B, 0xED4B, 0xED4B, 0xED4B, 0xED4B,
    0xED4B, 0xED4A, 0xED4A, 0xED4B, 0xED4A, 0xED4A, 0xED4A, 0xED4A,
    0xED4A, 0xED4A, 0xED4A, 0xF54A, 0xF54A, 0xF54A, 0xF56B, 0xF56B,
    0xF56B, 0xF56B, 0xF56B, 0xF56B, 0xF58B, 0xF58B, 0xF58B, 0xF56B,
    0xF56B, 0xF56B, 0xF56B, 0xF56B, 0xF56B, 0xF56B, 0xF56B, 0xF56B,
    0xF56B, 0xED4B, 0xED6B, 0xED6B, 0xED6B, 0xED6B, 0xF56B, 0xF56B,
    0xED6B, 0xF5CE, 0xFF79, 0xFF9A, 0xFF37, 0xFF36, 0xFF57, 0xFF57,
    0xFE92, 0xFED3, 0xFE50, 0xFE70, 0xFE70, 0xFE50, 0xFE0E, 0xFE0E,
    0xFE2E, 0xFDED, 0xF529, 0xDB63, 0xC2A1, 0xBA61, 0xBA81, 0xAA61,
    0xB2A2, 0xBAA2, 0xAA21, 0xB241, 0xA200, 0xAA61, 0xAA61, 0xAAC3,
    0xAB45, 0x71A0, 0xA261, 0xC303, 0xCB43, 0xDB84, 0xECC9, 0xFDAD,
    0xFE0E, 0xFE50, 0xFE50, 0xFE30, 0xFE71, 0xFE92, 0xFE71, 0xF5AD,
    0xFE0F, 0xFE30, 0xFE50, 0xFE50, 0xFE50, 0xFE71, 0xFE71, 0xFE92,
    0xFE0F, 0xFE51, 0xFE50, 0xFE50, 0xFE72, 0xFE50, 0xFE30, 0xFE30,
    0xFE51, 0xF5CF, 0xED0B, 0xE489, 0xDB84, 0xDB84, 0xDBC5, 0xCB02,
    0xCB02, 0xCB02, 0xC2E2, 0xC2C2, 0xD322, 0xCAE2, 0xB281, 0xC2C2,
    0xD343, 0xDB63, 0xEC26, 0xF56B, 0xFE72, 0xFE52, 0xFE31, 0xFE52,
    0xFE52, 0xFE72, 0xFE73, 0xFE52, 0xFEB4, 0xFE93, 0xFE52, 0xED6D,
    0xED4C, 0xF610, 0xFE52, 0xFE72, 0xFE93, 0xFE72, 0xFE31, 0xFE31,
    0xFE72, 0xFE93, 0xFEB4, 0xFE93, 0xFE51, 0xFE93, 0xF5CF, 0xDBC6,
    0xDB85, 0xE3A5, 0xCB44, 0x6120, 0x6100, 0x8180, 0x91C0, 0xB261,
    0xBA80, 0xCB02, 0xECC8, 0xF58B, 0xFDCD, 0xFE0E, 0xFE2E, 0xFE2F,
    0xFE2F, 0xFE91, 0xFDAE, 0xE3C5, 0xDB43, 0xD343, 0xD363, 0xEC26,
    0xF487, 0xFC66, 0xFDCD, 0xFF36, 0xFE50, 0xD50B, 0x7385, 0x73A5,
    0x73A5, 0x73A5, 0x7BA6, 0x7385, 0x7B86, 0x7BA7, 0x83C8, 0x93EA,
    0x940B, 0x9C0C, 0x9C2D, 0x9C2C, 0x940C, 0x93EB, 0x8BCA, 0x83A9,
    0x7B87, 0x7B66, 0x7364, 0x7342, 0x7341, 0x7361, 0x7341, 0x6B20,
    0x6300, 0x62E0, 0x62E0, 0x6300, 0x62E0, 0x62E0, 0x62E0, 0x62E0,
    0x6AE3, 0x7325, 0x7B47, 0x8368, 0x8B8A, 0x93AB, 0x9BCC, 0x9BEC,
    0x9BEC, 0x93CC, 0x938B, 0x8B6B, 0x834A, 0x7B2A, 0x7B09, 0x7B09,
    0xED6B, 0xED6B, 0xF56B, 0xF56B, 0xED6B, 0xED6B, 0xED4B, 0xED4B,
    0xED4B, 0xED4A, 0xED4A, 0xED4A, 0xED4A, 0xED4A, 0xED4A, 0xED4A,
    0xED4A, 0xF54A, 0xF54A, 0xF54A, 0xF54A, 0xF56B, 0xF56B, 0xF56B,
    0xF56B, 0xF56B, 0xF58B, 0xF58B, 0xF58B, 0xF58B, 0xF58B, 0xF58B,
    0xF58B, 0xF58B, 0xF58B, 0xF58B, 0xF58B, 0xF58B, 0xF56B, 0xF56B,
    0xF56B, 0xF56B, 0xF56B, 0xF56B, 0xF56B, 0xF56B, 0xF56B, 0xF56B,
    0xED4A, 0xFED5, 0xFFBB, 0xFF99, 0xFF37, 0xFEF4, 0xFE93, 0xF56D,
    0xFDCE, 0xFE0F, 0xFDEE, 0xFE92, 0xFE71, 0xFE71, 0xFE50, 0xFE70,
    0xFE0D, 0xFDCC, 0xF509, 0xD322, 0xC2A1, 0xC281, 0xC2C1, 0xB281,
    0xB282, 0xB281, 0xAA41, 0xAA41, 0xAA40, 0xB260, 0xA200, 0x9A21,
    0x7A02, 0x79A0, 0xB282, 0xB281, 0xC323, 0xECE9, 0xFDCE, 0xFE2F,
    0xFE2F, 0xFE30, 0xFE50, 0xFE30, 0xFE51, 0xFDCE, 0xE468, 0xDBC5,
    0xF54B, 0xF5CE, 0xFE30, 0xFE30, 0xFE72, 0xFE71, 0xFE71, 0xFE51,
    0xFE0F, 0xFE51, 0xFE51, 0xFE0F, 0xFE71, 0xFE71, 0xFE71, 0xFE0F,
    0xF56C, 0xE448, 0xDBE5, 0xE406, 0xD384, 0xBAA2, 0xC2A1, 0xC2C1,
    0xCAE2, 0xD323, 0xC2C2, 0xBAA2, 0xCB02, 0xCAE2, 0xCB03, 0xC303,
    0xD343, 0xCB02, 0xDB63, 0xF487, 0xFE30, 0xFE72, 0xFE52, 0xFE30,
    0xFE52, 0xFE72, 0xFE72, 0xFE93, 0xFEB3, 0xF5CF, 0xECEB, 0xEC89,
    0xE426, 0xE447, 0xECA9, 0xED0B, 0xF5CF, 0xFE31, 0xFE93, 0xFE93,
    0xFE51, 0xFE72, 0xFE93, 0xFEB4, 0xFE93, 0xFE93, 0xF5CF, 0xE407,
    0xDBA5, 0xE3C5, 0xD364, 0x79C1, 0x50C0, 0x89A0, 0x91C0, 0x99E0,
    0x99C0, 0xBAA1, 0xECC8, 0xF56B, 0xFDCD, 0xFE2F, 0xFE2F, 0xFE70,
    0xF58B, 0xED0A, 0xECA9, 0xE3C4, 0xDB43, 0xD343, 0xD343, 0xDBA4,
    0xEC26, 0xF487, 0xFCA7, 0xFE30, 0xFF36, 0xFDEF, 0x9407, 0x6B84,
    0x73A5, 0x7BA6, 0x7BA6, 0x7BA6, 0x7BA7, 0x83C8, 0x8BEA, 0x940B,
    0x9C2C, 0x9C4D, 0xA44E, 0xA44E, 0x9C2D, 0x940C, 0x8BEB, 0x8BAA,
    0x8388, 0x7B67, 0x7344, 0x7322, 0x6B20, 0x7320, 0x7320, 0x6B00,
    0x62E0, 0x5AC0, 0x62E0, 0x62E0, 0x62E0, 0x62E0, 0x62C0, 0x62E0,
    0x6B04, 0x7326, 0x7B48, 0x8369, 0x8B8A, 0x93CB, 0x9BEC, 0x9BEC,
    0x9BCC, 0x93AB, 0x8B6B, 0x834A, 0x7B09, 0x72E9, 0x72C8, 0x6AC8,
    0xED6B, 0xF56B, 0xF56B, 0xED4B, 0xED4B, 0xF54B, 0xED4A, 0xED4A,
    0xF54A, 0xED4A, 0xED4A, 0xED4A, 0xED4A, 0xED4A, 0xED4A, 0xED4A,
    0xED4A, 0xED4A, 0xED4A, 0xED4A, 0xF54A, 0xED6B, 0xED4B, 0xF54B,
    0xF54A, 0xF54B, 0xF56B, 0xF56B, 0xF56B, 0xF56B, 0xF56B, 0xF56B,
    0xF56B, 0xF56B, 0xF56B, 0xF56B, 0xF56B, 0xF56B, 0xF56B, 0xF56A,
    0xF54A, 0xED4A, 0xED4A, 0xED4A, 0xED4A, 0xED4A, 0xED4A, 0xED2A,
    0xF5EE, 0xFFBB, 0xFF99, 0xFE92, 0xFD8D, 0xFD8D, 0xF4A8, 0xEC48,
    0xECAA, 0xF50B, 0xFDEF, 0xFE92, 0xFE71, 0xFE2F, 0xFE2F, 0xFE0E,
    0xFD8A, 0xFDAB, 0xF549, 0xE3E5, 0xD302, 0xC2A1, 0xC2A1, 0xC2A1,
    0xBAA1, 0xBA61, 0xB261, 0xA221, 0xAA21, 0xAA40, 0x99E0, 0x7960,
    0x5920, 0x89A0, 0xB281, 0xBAC2, 0xE4A9, 0xFDEE, 0xFE30, 0xFE50,
    0xFE30, 0xFE71, 0xFE71, 0xFDEE, 0xECA8, 0xDB83, 0xC2C1, 0xD364,
    0xDBA3, 0xE4A9, 0xF56C, 0xF5CE, 0xFE51, 0xFE51, 0xFE51, 0xFE71,
    0xFE51, 0xFE30, 0xFE71, 0xFE51, 0xFE71, 0xFE71, 0xFE71, 0xF56C,
    0xDBA4, 0xD302, 0xDBA4, 0xD323, 0xCB02, 0xBAA1, 0xA201, 0xC2A1,
    0xC2C1, 0xCB02, 0xC2C2, 0xCAE2, 0xCB23, 0xC2C2, 0xC2E2, 0xD323,
    0xD364, 0xCB02, 0xD343, 0xEC46, 0xFDEF, 0xFEB4, 0xFE93, 0xFE72,
    0xFE31, 0xFE72, 0xFE72, 0xFEB3, 0xFEB4, 0xF56D, 0xDBC5, 0xDBA5,
    0xDBA5, 0xE406, 0xE3E5, 0xE3C5, 0xEC26, 0xECA8, 0xFD8D, 0xFE31,
    0xFE72, 0xFE72, 0xFEB4, 0xFEB4, 0xFE93, 0xFE93, 0xFE11, 0xDC07,
    0xDBC6, 0xE3C6, 0xE3A5, 0xA262, 0x6120, 0x8160, 0x7960, 0x8980,
    0x99E0, 0xCB84, 0xF54A, 0xF56A, 0xF5AC, 0xFE2F, 0xFE0E, 0xFE50,
    0xF56C, 0xD343, 0xCB02, 0xD323, 0xD343, 0xDBA4, 0xDB84, 0xDB83,
    0xE3A4, 0xEC26, 0xFCC8, 0xFDAC, 0xFF57, 0xFF15, 0xEDAD, 0x7BC6,
    0x7386, 0x7BC7, 0x7BC7, 0x83C8, 0x83E9, 0x8BEA, 0x940B, 0x9C2C,
    0x9C4D, 0xA44E, 0xA46F, 0xA46F, 0xA44E, 0x9C2D, 0x93EC, 0x8BAA,
    0x8369, 0x7B47, 0x6B05, 0x6AE2, 0x62C0, 0x62C0, 0x6AE0, 0x62E0,
    0x62C0, 0x5AA0, 0x62E0, 0x62E0, 0x6AE0, 0x62E0, 0x62C0, 0x6AC2,
    0x7305, 0x7B27, 0x8369, 0x8B8A, 0x93AB, 0x9BEC, 0x9C0D, 0x9BED,
    0x9BED, 0x93AC, 0x8B8B, 0x834A, 0x7B0A, 0x72E9, 0x6AC8, 0x6AA8,
    0xED2B, 0xED2B, 0xED4A, 0xED2A, 0xED4A, 0xED2A, 0xED2A, 0xED2A,
    0xED2A, 0xED2A, 0xED2A, 0xED2A, 0xED0A, 0xED0A, 0xED2A, 0xED0A,
    0xED0A, 0xED2A, 0xED2A, 0xED2A, 0xED2A, 0xED2A, 0xED2A, 0xED2A,
    0xED2A, 0xED2A, 0xED2A, 0xED2A, 0xED4A, 0xED4A, 0xED4A, 0xED2A,
    0xED2A, 0xED2A, 0xED2A, 0xED4A, 0xED2A, 0xED2A, 0xED2A, 0xED2A,
    0xED2A, 0xED2A, 0xED0A, 0xED0A, 0xED0A, 0xE50A, 0xE50A, 0xED09,
    0xFEF6, 0xFF58, 0xFDCD, 0xFCC8, 0xFD6C, 0xEC69, 0xE3C5, 0xEC68,
    0xE448, 0xDBE7, 0xE469, 0xECE9, 0xFE0E, 0xFE0E, 0xFDED, 0xFDAB,
    0xFDED, 0xFE0E, 0xFDED, 0xFDAB, 0xDBC4, 0xCAE2, 0xD322, 0xBAA1,
    0xC2C1, 0xC2A1, 0xAA41, 0xA221, 0x99C0, 0x91C0, 0x99E0, 0x6900,
    0x40A0, 0x89A0, 0xBAE2, 0xED0B, 0xFDEE, 0xF5EF, 0xFE30, 0xFE2F,
    0xFE30, 0xFE92, 0xF56C, 0xE426, 0xD322, 0xBAA1, 0xBA81, 0xD322,
    0xD2E1, 0xD363, 0xDBE5, 0xF58C, 0xFE51, 0xFE51, 0xFE71, 0xFE51,
    0xFE50, 0xFE30, 0xFE92, 0xFE50, 0xFE71, 0xFE71, 0xF56C, 0xDBC4,
    0xCAE2, 0xD302, 0xCAE2, 0xCAE2, 0xC2A2, 0xB281, 0xB281, 0xB261,
    0xC2C1, 0xBAA2, 0xBAA1, 0xCB02, 0xC2E2, 0xC2C2, 0xCB02, 0xD323,
    0xD364, 0xD343, 0xD343, 0xE405, 0xF52B, 0xFE72, 0xFE93, 0xFE72,
    0xFE30, 0xFE51, 0xFEB4, 0xFEB4, 0xFE72, 0xECEA, 0xDBC5, 0xDB85,
    0xCB44, 0xDBA4, 0xE3E6, 0xDB84, 0xE3C5, 0xEBE5, 0xEC26, 0xF4C9,
    0xF52B, 0xF4E9, 0xFE0F, 0xFED5, 0xFEB4, 0xFE93, 0xFE73, 0xE4AA,
    0xD364, 0xE3C5, 0xEBE6, 0xC324, 0x6940, 0x6100, 0x7940, 0x8180,
    0xAA61, 0xE4A8, 0xF56B, 0xF56B, 0xF56B, 0xFE0E, 0xFE0E, 0xFDED,
    0xE4A9, 0xCB23, 0xC2C2, 0xC2C2, 0xCB02, 0xD343, 0xDB84, 0xE3A4,
    0xE3C4, 0xE3C4, 0xF446, 0xFD29, 0xFED3, 0xFF58, 0xFEB2, 0xBCEA,
    0x73A6, 0x83E9, 0x83E9, 0x8BEA, 0x8C0B, 0x942B, 0x9C2C, 0x9C4D,
    0xA46E, 0xAC6F, 0xAC8F, 0xAC8F, 0xA46F, 0x9C2E, 0x93EC, 0x8BAB,
    0x7B69, 0x7307, 0x6AC5, 0x6282, 0x5A80, 0x5A80, 0x62A0, 0x62A0,
    0x5A80, 0x5AA0, 0x62C0, 0x62E0, 0x6AC1, 0x62C0, 0x62A0, 0x6AC3,
    0x7306, 0x7B48, 0x836A, 0x93AB, 0x93CC, 0x9C0D, 0xA40E, 0xA40E,
    0x9C0D, 0x9BCD, 0x93AC, 0x836B, 0x7B2A, 0x730A, 0x72C9, 0x6AA8,
    0xE4EA, 0xE4EA, 0xE4EA, 0xE4EA, 0xE50A, 0xE4EA, 0xE4EA, 0xE4E9,
    0xE4E9, 0xE4E9, 0xE4E9, 0xE4E9, 0xE4EA, 0xE4C9, 0xE4C9, 0xE4C9,
    0xE4C9, 0xE4C9, 0xE4C9, 0xE4C9, 0xE4C9, 0xE4C9, 0xE4C9, 0xE4C9,
    0xE4C9, 0xE4E9, 0xE4E9, 0xE4E9, 0xE4E9, 0xE4E9, 0xE4E9, 0xE4E9,
    0xE4C9, 0xE4E9, 0xE4E9, 0xE4E9, 0xE4E9, 0xE4E9, 0xE4E9, 0xE4E9,
    0xE4E9, 0xE4C9, 0xE4C9, 0xE4C9, 0xDCC9, 0xDCC9, 0xDCA9, 0xE4EB,
    0xFEF5, 0xFD6B, 0xFCC8, 0xFD2B, 0xF4EA, 0xE427, 0xEC88, 0xDBC6,
    0xCB03, 0xDB65, 0xDB85, 0xEC89, 0xFDAC, 0xFDEE, 0xFE0E, 0xFDED,
    0xFE2E, 0xFE0E, 0xFE2E, 0xFE0D, 0xECA7, 0xD323, 0xC2C2, 0xBAA2,
    0xB261, 0xBAA1, 0xBA81, 0xB282, 0x91C0, 0x91E0, 0x91C0, 0x6900,
    0x5100, 0x9221, 0xDC89, 0xF5EE, 0xF5EE, 0xFE0F, 0xFE2F, 0xFE30,
    0xFE71, 0xF5AD, 0xE426, 0xD343, 0xBAA2, 0xB261, 0xB261, 0xCAE2,
    0xCB02, 0xCB02, 0xD384, 0xECE9, 0xFDEE, 0xFE51, 0xFE71, 0xFE72,
    0xFE51, 0xFE71, 0xFE92, 0xFE30, 0xFE30, 0xFDEE, 0xE3E5, 0xD343,
    0xD323, 0xD322, 0xC2C2, 0xBAA1, 0xAA21, 0xBAA1, 0xC2C2, 0xBAA2,
    0xC2C2, 0xBAA2, 0xBA81, 0xC2E2, 0xD323, 0xCB02, 0xCAE2, 0xD323,
    0xCB03, 0xCB02, 0xD343, 0xE3C4, 0xF4E9, 0xFE10, 0xFE72, 0xFE51,
    0xFE92, 0xFE51, 0xFE72, 0xFEB3, 0xF5CF, 0xE427, 0xCB23, 0xCB23,
    0xCB44, 0xCB23, 0xE3C5, 0xDB84, 0xDBA4, 0xEC06, 0xE426, 0xE405,
    0xE406, 0xEC06, 0xEC25, 0xFDAD, 0xFE92, 0xFEB4, 0xFED4, 0xED0C,
    0xCB44, 0xD364, 0xDBC5, 0xDBC5, 0x79C1, 0x48A0, 0x6920, 0x91A0,
    0xD3E5, 0xED2A, 0xF54B, 0xF56B, 0xF56B, 0xFDCD, 0xFE0E, 0xFDCD,
    0xDC06, 0xC2C1, 0xC2C1, 0xC2C1, 0xD322, 0xD343, 0xDB84, 0xDB63,
    0xE3C4, 0xE3C4, 0xEC05, 0xFCA7, 0xFE0E, 0xFF78, 0xFEB3, 0xFE0E,
    0x9C6A, 0x83EA, 0x942B, 0x942B, 0x942C, 0x9C2D, 0x9C4D, 0xA46E,
    0xAC6F, 0xAC90, 0xAC90, 0xAC90, 0xA46F, 0x9C2E, 0x93ED, 0x838B,
    0x7B29, 0x6AE7, 0x6284, 0x5A41, 0x5240, 0x5240, 0x5A60, 0x5A60,
    0x5A60, 0x6280, 0x62A0, 0x62A0, 0x62A1, 0x6280, 0x6281, 0x6AA4,
    0x72E7, 0x7B29, 0x8B6A, 0x93AC, 0x9BED, 0xA40E, 0xA42E, 0xA42E,
    0xA40E, 0x9BED, 0x93AC, 0x8B8C, 0x834B, 0x7B2A, 0x72EA, 0x72C9,
    0xDC89, 0xDC89, 0xDC89, 0xDC89, 0xDC89, 0xDC89, 0xDC89, 0xDC89,
    0xDC89, 0xD489, 0xDC89, 0xD489, 0xD489, 0xD489, 0xD469, 0xD468,
    0xD468, 0xD468, 0xD468, 0xD468, 0xD448, 0xD448, 0xD448, 0xD448,
    0xD468, 0xD468, 0xD468, 0xD468, 0xD468, 0xD468, 0xD468, 0xD468,
    0xDC68, 0xDC68, 0xDC68, 0xD468, 0xD468, 0xD468, 0xD468, 0xD468,
    0xD468, 0xD468, 0xD468, 0xD468, 0xD448, 0xD468, 0xD468, 0xF5F0,
    0xFE0F, 0xFCE8, 0xFCE9, 0xFD2B, 0xEC47, 0xEC47, 0xEC47, 0xDB85,
    0xDB64, 0xE3E7, 0xD344, 0xDBC5, 0xE467, 0xFDEE, 0xFE0E, 0xFE0E,
    0xFE0D, 0xFDAC, 0xFDCC, 0xFDAC, 0xFDAC, 0xEC67, 0xCAE1, 0xB261,
    0xA221, 0xBA81, 0xAA20, 0xA200, 0x91C0, 0x8180, 0x89C0, 0x5900,
    0x8242, 0xC3C6, 0xED2B, 0xF5CE, 0xFE0F, 0xFE30, 0xFE2F, 0xFDEF,
    0xF54B, 0xEC26, 0xD343, 0xBA81, 0xB261, 0xB241, 0xBA81, 0xC2C1,
    0xBAA1, 0xBAA2, 0xCB23, 0xDBA4, 0xF52A, 0xFE51, 0xFE72, 0xFE92,
    0xFE92, 0xFE51, 0xFE0F, 0xFE2F, 0xFE51, 0xF50A, 0xCB22, 0xCB23,
    0xD343, 0xCB02, 0xB281, 0xAA21, 0xC2C1, 0xBAA1, 0xC2A1, 0xC2E2,
    0xC2C2, 0xBAA2, 0xBAA1, 0xCAE2, 0xD323, 0xDB43, 0xD323, 0xD323,
    0xBAA2, 0xBAA2, 0xCB23, 0xDBA3, 0xF4E9, 0xFE30, 0xFE73, 0xFE72,
    0xFE51, 0xFE51, 0xFE10, 0xFE72, 0xF56D, 0xD364, 0xCB23, 0xD323,
    0xCB24, 0xBAA2, 0xD343, 0xDBA5, 0xD343, 0xDBA4, 0xE3E5, 0xE406,
    0xE3E5, 0xE3E5, 0xEBE4, 0xF425, 0xFDEE, 0xFEB4, 0xFED4, 0xFE31,
    0xDBE6, 0xDBA5, 0xDBC6, 0xDBC5, 0xA262, 0x50C0, 0x6100, 0x9A20,
    0xE488, 0xED2B, 0xF56B, 0xF56B, 0xED29, 0xF5AC, 0xF58C, 0xECEA,
    0xDBE5, 0xBA80, 0xC2A1, 0xBA81, 0xCB02, 0xD323, 0xDB63, 0xDB63,
    0xE384, 0xE3A4, 0xEC05, 0xFCA7, 0xFD49, 0xFEB2, 0xFEB3, 0xFD6B,
    0xDD4D, 0x942B, 0x942C, 0x9C2C, 0x9C4D, 0x9C4D, 0xA46E, 0xA46F,
    0xAC90, 0xAC90, 0xAC90, 0xAC90, 0xA470, 0x9C2F, 0x93CD, 0x838B,
    0x7B29, 0x6AC7, 0x5A64, 0x5221, 0x5200, 0x5220, 0x5A20, 0x5A40,
    0x5A60, 0x6280, 0x6280, 0x6280, 0x6260, 0x6260, 0x6261, 0x6AA4,
    0x72E7, 0x7B29, 0x8B6B, 0x93CC, 0x9C0E, 0xA42F, 0xA44F, 0xA44F,
    0xA42F, 0x9C0E, 0x93CD, 0x93AD, 0x836C, 0x7B4B, 0x7B2A, 0x730A,
    0xCC08, 0xCC08, 0xCC08, 0xC408, 0xCC08, 0xCC08, 0xCC08, 0xCC08,
    0xCC08, 0xCC08, 0xCC28, 0xCC08, 0xCC08, 0xC408, 0xC3E8, 0xC3E7,
    0xC3E7, 0xC3C7, 0xC3C7, 0xC3C7, 0xBBC7, 0xC3C7, 0xC3C7, 0xC3C7,
    0xC3C7, 0xC3C7, 0xC3E7, 0xC3E7, 0xC3E7, 0xC3E7, 0xC3E7, 0xC3C7,
    0xC3E7, 0xC3E7, 0xC3E7, 0xC3E7, 0xC3E7, 0xC3E7, 0xC3E7, 0xC3E7,
    0xC3E7, 0xC3E7, 0xC3E7, 0xC3E7, 0xC3E7, 0xC3E7, 0xD48A, 0xFE30,
    0xFDAC, 0xFD2A, 0xFD2B, 0xEC88, 0xEC67, 0xEC27, 0xDB84, 0xD364,
    0xDB85, 0xD344, 0xCB03, 0xCB23, 0xDBC5, 0xF50A, 0xFE0E, 0xFE0E,
    0xFDEE, 0xFDCD, 0xFDED, 0xFDAB, 0xFDAC, 0xF549, 0xEC45, 0xD363,
    0xBAC2, 0xAA41, 0xB241, 0xA1E0, 0x99E0, 0x8180, 0x8180, 0x50E0,
    0x9AE4, 0xDCA9, 0xED4C, 0xF5CE, 0xFE30, 0xFDEE, 0xF54B, 0xF50A,
    0xEC26, 0xDB84, 0xC2E2, 0xBAA2, 0xBA81, 0xAA21, 0xBAA1, 0xB261,
    0xB281, 0xC2E2, 0xD343, 0xDB62, 0xE488, 0xFE0F, 0xFE51, 0xFE72,
    0xFE51, 0xFE30, 0xFE51, 0xFE51, 0xF5CE, 0xE426, 0xC2C2, 0xB281,
    0xC303, 0xC2E2, 0xBAA1, 0xBAC2, 0xC2E2, 0xB261, 0xC2A1, 0xC2E2,
    0xC303, 0xCB23, 0xD323, 0xD343, 0xBAC2, 0xBAA2, 0xD323, 0xD343,
    0xC2E3, 0xCB03, 0xD343, 0xDB83, 0xF4C8, 0xFE30, 0xFE31, 0xFE93,
    0xFE72, 0xFE31, 0xFE0F, 0xFE10, 0xECEB, 0xD364, 0xCB23, 0xD384,
    0xD364, 0xC2E3, 0xBAA2, 0xDBA5, 0xDBA5, 0xDB84, 0xDBC5, 0xD364,
    0xE3C5, 0xDBA4, 0xD364, 0xDB83, 0xF4A7, 0xFEB3, 0xFE93, 0xFE31,
    0xE468, 0xE3E6, 0xE3E6, 0xE3E6, 0xBAE3, 0x6920, 0x9200, 0xBB44,
    0xD447, 0xE4A8, 0xED09, 0xF56B, 0xF56B, 0xF56A, 0xECA9, 0xCB02,
    0xCAE1, 0xCAE1, 0xD322, 0xCB01, 0xC2C1, 0xD302, 0xD343, 0xDB63,
    0xE363, 0xE383, 0xE3C4, 0xF466, 0xFD28, 0xFE70, 0xFEF5, 0xFDAC,
    0xFD4A, 0xBCCD, 0x942D, 0x9C4D, 0x9C4E, 0xA46E, 0xA46F, 0xAC70,
    0xA470, 0xAC70, 0xAC90, 0xAC90, 0xA46F, 0x9C2F, 0x8BCD, 0x836B,
    0x730A, 0x6AA7, 0x5A44, 0x5202, 0x51E0, 0x51E0, 0x51E0, 0x5200,
    0x5A40, 0x5A40, 0x6260, 0x6240, 0x5A40, 0x5A40, 0x6242, 0x6A85,
    0x72E8, 0x7B2A, 0x8B8B, 0x93CD, 0x9C0E, 0xA44F, 0xAC70, 0xA46F,
    0xA44F, 0x9C2F, 0x9BEE, 0x93CD, 0x8B8C, 0x836C, 0x7B2B, 0x732B,
    0xB367, 0xB367, 0xB367, 0xB387, 0xB387, 0xB387, 0xB3A7, 0xB3A7,
    0xB3A7, 0xB3A7, 0xB3A7, 0xB3A7, 0xB3A7, 0xB387, 0xB367, 0xAB66,
    0xAB66, 0xAB46, 0xAB46, 0xAB26, 0xAB25, 0xAB45, 0xAB46, 0xAB46,
    0xAB46, 0xAB46, 0xAB46, 0xAB46, 0xAB46, 0xAB45, 0xAB45, 0xAB45,
    0xAB45, 0xB345, 0xB345, 0xB345, 0xB345, 0xB345, 0xAB45, 0xB345,
    0xB345, 0xAB45, 0xB345, 0xB366, 0xB366, 0xAB66, 0xE52C, 0xFE0E,
    0xFD4B, 0xFD09, 0xF50B, 0xEC47, 0xF488, 0xDBC5, 0xD344, 0xDB85,
    0xDB85, 0xD344, 0xCAE3, 0xC2E3, 0xDB84, 0xEC88, 0xFE2F, 0xFDED,
    0xFDED, 0xFE4F, 0xFDCC, 0xFDCC, 0xF5AB, 0xF54A, 0xF56B, 0xF529,
    0xCB44, 0xAA41, 0xB2A2, 0xA200, 0xA200, 0x91C0, 0x7140, 0x5940,
    0xB386, 0xE50B, 0xED8D, 0xF5EE, 0xF54C, 0xEC88, 0xEC88, 0xE426,
    0xDB84, 0xD343, 0xBAA2, 0xBAA2, 0xBA81, 0xBA81, 0xB281, 0xB282,
    0xBAC2, 0xC2C2, 0xD343, 0xDB63, 0xE447, 0xF5CE, 0xFE72, 0xFE51,
    0xFE72, 0xFE71, 0xFE71, 0xFE2F, 0xF50A, 0xD363, 0xC2A2, 0xB261,
    0xBAE2, 0xBAA2, 0xBAC2, 0xDB84, 0xC2E2, 0xBA81, 0xBA81, 0xBAA2,
    0xB281, 0xD364, 0xDB84, 0xDB84, 0xD323, 0xCB03, 0xCAE2, 0xDB84,
    0xC303, 0xD343, 0xD364, 0xDB83, 0xECA7, 0xFE30, 0xFE72, 0xFE51,
    0xFE72, 0xFE93, 0xFE72, 0xFE0F, 0xECEA, 0xD384, 0xCB23, 0xD384,
    0xCB44, 0xD344, 0xBAA2, 0xCB23, 0xDBC5, 0xD364, 0xDBA4, 0xD364,
    0xCB03, 0xC2E3, 0xCB03, 0xD364, 0xE3C4, 0xFD8C, 0xFEB3, 0xFE93,
    0xE4AA, 0xDBC6, 0xDBC6, 0xDBA5, 0xCB44, 0xA261, 0xAB03, 0xC3A6,
    0xD427, 0xE4C9, 0xED09, 0xED09, 0xF58B, 0xF52A, 0xD3C5, 0xC2A1,
    0xBA60, 0xC2C0, 0xDB63, 0xDB63, 0xD343, 0xD322, 0xD343, 0xDB43,
    0xDB63, 0xDB63, 0xEBC4, 0xF445, 0xFD28, 0xFE92, 0xFF16, 0xFEF5,
    0xFD8C, 0xF54C, 0xA48E, 0x9C4E, 0xA44E, 0xA46F, 0xA46F, 0xA46F,
    0xA46F, 0xA470, 0xA470, 0xA470, 0x9C4F, 0x940E, 0x8BAD, 0x7B4B,
    0x730A, 0x62A7, 0x5A45, 0x51E2, 0x49A0, 0x49A0, 0x49C0, 0x51E0,
    0x5A20, 0x5A20, 0x6240, 0x5A20, 0x5A00, 0x5A00, 0x6222, 0x6A85,
    0x72E8, 0x832A, 0x8B8C, 0x93ED, 0x9C2F, 0xA44F, 0xA470, 0xA470,
    0xA450, 0xA44F, 0x9C0E, 0x93CE, 0x8BAD, 0x836C, 0x7B4B, 0x7B2B,
    0x9AE5, 0x9AE5, 0x9AE5, 0x9B06, 0x9B06, 0x9B06, 0x9B06, 0x9B06,
    0x9B26, 0x9B26, 0xA326, 0x9B26, 0x9B06, 0x9B06, 0x9AE6, 0x9AE5,
    0x92C5, 0x92C5, 0x92A4, 0x92A4, 0x9284, 0x92A4, 0x92A4, 0x92A4,
    0x92A4, 0x92A4, 0x92A4, 0x92A4, 0x92A4, 0x92A3, 0x92A3, 0x9283,
    0x92A3, 0x92A3, 0x9AA3, 0x9AA4, 0x9AA4, 0x9AC4, 0x9AC4, 0x9AA4,
    0x9AA4, 0x9AA4, 0x9AA4, 0x9AC4, 0x9AC4, 0xB3A7, 0xFE0E, 0xFDCD,
    0xFD09, 0xFD2B, 0xF488, 0xF488, 0xE3C5, 0xD364, 0xD323, 0xDBA5,
    0xD364, 0xD323, 0xCB02, 0xCB03, 0xD364, 0xECE9, 0xFE0E, 0xFDED,
    0xFDED, 0xFDED, 0xFDAB, 0xFDAB, 0xF56A, 0xF54A, 0xF58B, 0xF5AC,
    0xED0A, 0xD3A5, 0xBAC2, 0xB261, 0xA200, 0x99E0, 0x7140, 0x71E2,
    0xCC69, 0xED8D, 0xED4C, 0xDC47, 0xD364, 0xDBA4, 0xE406, 0xD363,
    0xD343, 0xCB23, 0xBAC2, 0xCB03, 0xB241, 0xB262, 0xC302, 0xC302,
    0xC2E2, 0xCB03, 0xCB43, 0xD363, 0xDC26, 0xFE10, 0xFE30, 0xFE30,
    0xFE51, 0xFE71, 0xFE51, 0xFE30, 0xECA8, 0xCAE2, 0xBAA1, 0xC2C2,
    0xC2E2, 0xAA41, 0xAA41, 0xCAE2, 0xAA41, 0xAA61, 0xBAA1, 0xC2E2,
    0xBAC2, 0xBAA2, 0xCB23, 0xD323, 0xCB02, 0xCB23, 0xD343, 0xE3E5,
    0xCB44, 0xDB84, 0xCB23, 0xD343, 0xE405, 0xFDEE, 0xFE72, 0xFE72,
    0xFE72, 0xFE93, 0xFE72, 0xFE51, 0xECA9, 0xD384, 0xC2E3, 0xCB44,
    0xC2E3, 0xC303, 0xD344, 0xCB03, 0xD364, 0xD364, 0xD323, 0xD323,
    0xCAE3, 0xCAE3, 0xCB23, 0xD364, 0xDB64, 0xEC87, 0xFE50, 0xFED4,
    0xF611, 0xDBC6, 0xDBA5, 0xDBA5, 0xD364, 0xB303, 0xB365, 0xCC07,
    0xD447, 0xED0A, 0xED4B, 0xF54A, 0xF56B, 0xED09, 0xCB22, 0xBA60,
    0xBA60, 0xC280, 0xCAE1, 0xD342, 0xE3C4, 0xD322, 0xC2C1, 0xDB43,
    0xDB63, 0xE363, 0xEBC4, 0xF465, 0xFDCB, 0xFEB3, 0xFEF5, 0xFF37,
    0xFEF5, 0xFE0F, 0xD50E, 0x9C2F, 0x9C4F, 0x9C2F, 0x9C4F, 0x9C2F,
    0x9C2F, 0x9C2F, 0x9C2F, 0x9C2F, 0x940E, 0x8BCD, 0x838C, 0x7B4B,
    0x6AE9, 0x6287, 0x5A25, 0x51E2, 0x4981, 0x4980, 0x4980, 0x51C0,
    0x5A00, 0x6221, 0x5A21, 0x5A01, 0x59E0, 0x59E1, 0x6223, 0x6A86,
    0x72C9, 0x7B2B, 0x838C, 0x93CD, 0x9C0F, 0xA450, 0xA470, 0xA470,
    0xA450, 0xA44F, 0x9C0F, 0x93EE, 0x8BAD, 0x836D, 0x834C, 0x7B2B,
    0x8264, 0x8264, 0x8284, 0x8285, 0x8AA5, 0x8AA5, 0x8A85, 0x8AA5,
    0x8A85, 0x8A85, 0x8285, 0x8285, 0x8285, 0x8285, 0x8264, 0x8264,
    0x8244, 0x7A44, 0x7A23, 0x7A23, 0x7A02, 0x7A02, 0x7A02, 0x7A02,
    0x7A02, 0x7A02, 0x7A02, 0x7A02, 0x7A02, 0x7A02, 0x79E2, 0x7A01,
    0x7A01, 0x7A01, 0x7A01, 0x7A01, 0x8202, 0x8222, 0x8222, 0x8222,
    0x8222, 0x8222, 0x8222, 0x8242, 0x8A43, 0xDCEB, 0xFE4F, 0xFD6B,
    0xF4A8, 0xF4C9, 0xF4A9, 0xEC47, 0xE3C5, 0xD364, 0xD364, 0xE384,
    0xD343, 0xDB63, 0xDB43, 0xCAE2, 0xD342, 0xF54A, 0xFDCC, 0xFDCD,
    0xFDCC, 0xFDAC, 0xFD8A, 0xFDAB, 0xF54A, 0xF56B, 0xF58B, 0xF56B,
    0xF58C, 0xED0A, 0xD3C5, 0xBAE2, 0xA220, 0xAA60, 0x7180, 0x8AA4,
    0xE50B, 0xED0B, 0xD364, 0xC303, 0xCB43, 0xD343, 0xD364, 0xD323,
    0xD343, 0xC2E2, 0xD343, 0xD343, 0xB261, 0xBAA2, 0xC2C2, 0xC2C2,
    0xCB23, 0xD343, 0xC2E2, 0xCB02, 0xDC27, 0xFE0F, 0xFE30, 0xFE72,
    0xFE72, 0xFE50, 0xFE30, 0xFDCE, 0xEC46, 0xCB23, 0xC2E2, 0xD323,
    0xBA61, 0xAA21, 0xC2E2, 0xCAE2, 0xBA81, 0xB282, 0xC303, 0xD323,
    0xD364, 0xCB23, 0xCB03, 0xCB03, 0xCB02, 0xDB84, 0xD364, 0xDB63,
    0xDB84, 0xD364, 0xCB23, 0xCB02, 0xDBA3, 0xFD6B, 0xFE72, 0xFE72,
    0xFE93, 0xFE94, 0xFE72, 0xFE10, 0xE447, 0xDBA5, 0xC2C2, 0xCB23,
    0xCB24, 0xD384, 0xDBA5, 0xD364, 0xC303, 0xCB44, 0xC2E3, 0xD323,
    0xD343, 0xD364, 0xCB44, 0xD384, 0xCB23, 0xE3C4, 0xFE0F, 0xFE93,
    0xFE93, 0xDC49, 0xD364, 0xDBA5, 0xDB85, 0xB2E3, 0xB345, 0xCC07,
    0xD447, 0xE4E9, 0xED4B, 0xF56B, 0xFD8C, 0xECC8, 0xCB01, 0xB240,
    0xB260, 0xC2A0, 0xCAE1, 0xCAE1, 0xCB02, 0xCB02, 0xCAC1, 0xD302,
    0xDB22, 0xDB42, 0xEBC4, 0xF4A6, 0xFE4F, 0xFEF4, 0xFF37, 0xFF37,
    0xFF58, 0xFF79, 0xFEF7, 0xBCD1, 0x93EE, 0x940F, 0x940F, 0x940F,
    0x93EE, 0x93EE, 0x93EE, 0x93EE, 0x8BCE, 0x838D, 0x7B4C, 0x730A,
    0x62A9, 0x5A67, 0x5205, 0x49C2, 0x4961, 0x4160, 0x4980, 0x51C1,
    0x59E1, 0x5A01, 0x5A01, 0x59E1, 0x51A1, 0x51A1, 0x5A03, 0x6A66,
    0x72C9, 0x7B2A, 0x836C, 0x8BAD, 0x940E, 0xA450, 0xA470, 0xA450,
    0x9C30, 0x9C2F, 0x9C0F, 0x93EE, 0x8BAE, 0x838D, 0x834C, 0x7B2B,
    0x7A24, 0x7A24, 0x7A24, 0x7A44, 0x7A44, 0x7A44, 0x7A44, 0x7A44,
    0x7A44, 0x7A44, 0x7224, 0x7224, 0x7224, 0x7224, 0x7204, 0x7203,
    0x71E3, 0x69E3, 0x69C2, 0x69C2, 0x69C2, 0x69C2, 0x71C2, 0x71C2,
    0x71C2, 0x71C2, 0x71C2, 0x71C1, 0x71C1, 0x71C1, 0x71A1, 0x69A1,
    0x71A1, 0x71A1, 0x71A1, 0x71C1, 0x71C1, 0x79E1, 0x79E1, 0x79E1,
    0x79E2, 0x8202, 0x8222, 0x7A02, 0xA304, 0xFE2F, 0xFDCD, 0xFD2A,
    0xFCE9, 0xF468, 0xEC47, 0xEC27, 0xE427, 0xE3E6, 0xE3C5, 0xD302,
    0xDB63, 0xD302, 0xCAA1, 0xDB83, 0xF4E8, 0xFDCC, 0xFDED, 0xFE0D,
    0xFDED, 0xFDAB, 0xFDAB, 0xFDCC, 0xF56A, 0xF56B, 0xF56A, 0xF58C,
    0xF52B, 0xE4C9, 0xE4A9, 0xD3E6, 0xC364, 0xBB43, 0x8202, 0xBBC7,
    0xE4C9, 0xCB03, 0xCB23, 0xD344, 0xC2E2, 0xD364, 0xCB23, 0xC2E3,
    0xC2E2, 0xC2C2, 0xCB23, 0xCB23, 0xC2C2, 0xC2E2, 0xC2E2, 0xD323,
    0xCB23, 0xC2C1, 0xC2E2, 0xCB02, 0xE447, 0xFE30, 0xFE51, 0xFE72,
    0xFE72, 0xFE0F, 0xFE30, 0xF58C, 0xEC67, 0xD363, 0xCB03, 0xC2C2,
    0xB241, 0xB241, 0xCB02, 0xBA82, 0xBAA2, 0xC2E2, 0xCB64, 0xCB44,
    0xD343, 0xCB43, 0xC2C2, 0xCB23, 0xD323, 0xDB84, 0xE3E5, 0xD363,
    0xDBA4, 0xCB43, 0xC2E2, 0xCAE2, 0xDB83, 0xFDAD, 0xFE72, 0xFE51,
    0xFE93, 0xFE93, 0xFE72, 0xF5CF, 0xDC06, 0xDB84, 0xD344, 0xCB23,
    0xCB44, 0xD384, 0xCB23, 0xCB23, 0xCB24, 0xCB44, 0xCB44, 0xD364,
    0xD343, 0xD384, 0xDBC5, 0xDB84, 0xCB03, 0xD343, 0xFD8C, 0xFED4,
    0xFED4, 0xED2D, 0xCB44, 0xDBA6, 0xDBA5, 0xCB65, 0xB365, 0xCC06,
    0xDC68, 0xDC88, 0xE4A8, 0xE4A8, 0xF54A, 0xECE9, 0xD342, 0xC280,
    0xC2A0, 0xC2A0, 0xCAE1, 0xC2C1, 0xC2C1, 0xCAC1, 0xC2A1, 0xD2E1,
    0xE3A3, 0xF4E8, 0xFDCD, 0xFE70, 0xFE70, 0xFE91, 0xFEF4, 0xFF37,
    0xFF58, 0xFF58, 0xFFFC, 0xEED8, 0x9C0E, 0x940F, 0x8BEE, 0x8BCE,
    0x8BCE, 0x8BAE, 0x8BCE, 0x8BAE, 0x838D, 0x7B6C, 0x730B, 0x6AC9,
    0x6288, 0x5A26, 0x51E4, 0x49A2, 0x4161, 0x4140, 0x4980, 0x51A0,
    0x59C1, 0x59C1, 0x59C1, 0x59C1, 0x5181, 0x5181, 0x5A04, 0x6246,
    0x6A88, 0x72EA, 0x7B4C, 0x8BAD, 0x93EE, 0x9C2F, 0x9C30, 0x9C2F,
    0x9C0F, 0x940F, 0x93EF, 0x8BCE, 0x8BAE, 0x838D, 0x7B4C, 0x7B2C,
    0x7224, 0x7224, 0x7224, 0x7224, 0x7224, 0x7224, 0x7224, 0x7224,
    0x7224, 0x7224, 0x7204, 0x7204, 0x7204, 0x7203, 0x7203, 0x69E3,
    0x69C3, 0x69C2, 0x69C2, 0x69A2, 0x69A2, 0x69C2, 0x69C2, 0x69C2,
    0x71C2, 0x71C2, 0x71C2, 0x71C1, 0x71C1, 0x71C1, 0x71A1, 0x71A1,
    0x71A1, 0x71A1, 0x71A1, 0x71C1, 0x71C1, 0x79E1, 0x79E1, 0x79E1,
    0x8202, 0x8202, 0x8222, 0x81E1, 0xD4CB, 0xFE0D, 0xFD4B, 0xFD6B,
    0xF488, 0xF4C9, 0xF4A8, 0xE3E5, 0xD343, 0xD343, 0xD363, 0xC2C1,
    0xD322, 0xD342, 0xE405, 0xFD8B, 0xFE0D, 0xFDED, 0xFE0E, 0xFE0D,
    0xFDCC, 0xFDAB, 0xFDCC, 0xF56A, 0xF529, 0xF509, 0xF56B, 0xF58C,
    0xECE9, 0xE4C9, 0xE4A8, 0xD406, 0xD407, 0xAB45, 0x8A63, 0xDC89,
    0xC344, 0xB281, 0xC303, 0xC2E2, 0xC2E2, 0xC303, 0xBAC2, 0xCB23,
    0xC2E2, 0xC303, 0xCB23, 0xCB23, 0xCAE2, 0xD364, 0xD364, 0xC303,
    0xC2E2, 0xD343, 0xD343, 0xDB63, 0xED0A, 0xFE72, 0xFE71, 0xFE51,
    0xFE0F, 0xFE30, 0xFE0F, 0xF52A, 0xE405, 0xD343, 0xC2E2, 0xB281,
    0xAA41, 0xBAA2, 0xB261, 0xA221, 0xB282, 0xCB23, 0xD364, 0xC303,
    0xCB23, 0xC2E2, 0xBAC2, 0xC2C2, 0xD343, 0xDB84, 0xE3E5, 0xDBA5,
    0xD363, 0xD364, 0xCB03, 0xCB22, 0xEC45, 0xFDEE, 0xFE51, 0xFE51,
    0xFE72, 0xFE72, 0xFE51, 0xF58D, 0xDBE6, 0xD384, 0xD384, 0xD364,
    0xCB64, 0xCB23, 0xD344, 0xCB44, 0xD364, 0xD364, 0xCB44, 0xCB44,
    0xD364, 0xDBA5, 0xDBC5, 0xDBC5, 0xD364, 0xD343, 0xF4C8, 0xFE92,
    0xFE93, 0xFE31, 0xE448, 0xDBA5, 0xDBC6, 0xD384, 0xBB85, 0xCC07,
    0xD448, 0xDC67, 0xDC67, 0xE4C8, 0xECE8, 0xECE8, 0xEC87, 0xD362,
    0xCB01, 0xCAE1, 0xD321, 0xCAE0, 0xD301, 0xDB83, 0xDBC4, 0xEC45,
    0xFD6A, 0xFE4F, 0xFEB2, 0xFED3, 0xFED3, 0xFE91, 0xFEB2, 0xFF16,
    0xFF78, 0xFF79, 0xFF79, 0xFFDC, 0xBD52, 0x8BCE, 0x8BCE, 0x83AD,
    0x83AD, 0x838D, 0x838D, 0x838D, 0x836D, 0x7B4C, 0x730B, 0x6AC9,
    0x6288, 0x5A47, 0x5205, 0x51C3, 0x4982, 0x4982, 0x51A2, 0x59C2,
    0x59E2, 0x59E2, 0x59E2, 0x59E2, 0x51A2, 0x51A2, 0x59E4, 0x6226,
    0x6288, 0x72EA, 0x7B2C, 0x838D, 0x8BCE, 0x93EF, 0x940F, 0x940F,
    0x93EF, 0x8BCF, 0x8BCE, 0x8BAE, 0x83AE, 0x836D, 0x7B4C, 0x732B,
    0x7204, 0x7224, 0x7224, 0x7224, 0x7224, 0x7224, 0x7224, 0x7224,
    0x7224, 0x7204, 0x7204, 0x7204, 0x7204, 0x7203, 0x69E3, 0x69E3,
    0x69C3, 0x69C2, 0x69C2, 0x69A2, 0x69A2, 0x69A2, 0x69C2, 0x69C2,
    0x71C2, 0x71C2, 0x71C2, 0x71C1, 0x71C1, 0x71C1, 0x71C1, 0x71A1,
    0x71C1, 0x71C1, 0x71C1, 0x71C1, 0x71C1, 0x79E1, 0x79E1, 0x8202,
    0x8202, 0x8222, 0x8222, 0xC42A, 0xFF78, 0xFE0E, 0xFD29, 0xFCA7,
    0xEBE5, 0xEC67, 0xE3A4, 0xDB63, 0xDBA4, 0xE406, 0xE467, 0xECC8,
    0xF4E8, 0xFD29, 0xFDCD, 0xFDED, 0xFE0E, 0xFE0E, 0xFDED, 0xFDCC,
    0xFDCC, 0xF54A, 0xFD8B, 0xFDAC, 0xFDAC, 0xF54A, 0xF529, 0xF52A,
    0xED0A, 0xE4C9, 0xDC88, 0xD427, 0xBB85, 0x8202, 0x9AE5, 0xDC48,
    0xB261, 0xAA41, 0xC303, 0xD364, 0xCB43, 0xBAE3, 0xC324, 0xC303,
    0xC2E3, 0xCB23, 0xC2E3, 0xC2E2, 0xD343, 0xCB02, 0xCB03, 0xCB03,
    0xD343, 0xCB03, 0xD343, 0xDBA4, 0xF58D, 0xFE72, 0xFE72, 0xFE71,
    0xFDEF, 0xF5EE, 0xF5CD, 0xECA7, 0xDB83, 0xCB23, 0xC2C2, 0xB261,
    0xB261, 0xBAA1, 0xB261, 0xBAA2, 0xC2E2, 0xC2E2, 0xC2E2, 0xC303,
    0xC2E2, 0xCB02, 0xC2C2, 0xC2E2, 0xD344, 0xCB23, 0xDB84, 0xD363,
    0xCB23, 0xD364, 0xD343, 0xDB83, 0xF4C7, 0xFE10, 0xFE31, 0xFE52,
    0xFE93, 0xFE93, 0xFE93, 0xF56D, 0xDBC5, 0xD344, 0xD364, 0xD343,
    0xCB23, 0xCB44, 0xC303, 0xD364, 0xD364, 0xDB64, 0xD344, 0xCB24,
    0xCB23, 0xD363, 0xDB84, 0xDB84, 0xDBC5, 0xDB84, 0xEC45, 0xFE2F,
    0xFE92, 0xFE93, 0xE489, 0xD364, 0xDBA5, 0xDBA5, 0xC344, 0xAB04,
    0xC3A5, 0xDC88, 0xE4E9, 0xECE9, 0xECC8, 0xECE8, 0xF529, 0xF509,
    0xF4E8, 0xF4E8, 0xF4E8, 0xECA7, 0xF509, 0xFD8B, 0xFE0E, 0xFE2F,
    0xFE2E, 0xFE4F, 0xFE91, 0xFE91, 0xFE91, 0xFEB3, 0xFE91, 0xFE92,
    0xFED4, 0xFF57, 0xFF99, 0xFFDC, 0xF73A, 0x940E, 0x838D, 0x838D,
    0x836C, 0x836C, 0x836C, 0x836C, 0x836C, 0x7B4B, 0x730A, 0x72EA,
    0x6AC9, 0x6A88, 0x6267, 0x6246, 0x6225, 0x6225, 0x6245, 0x6A46,
    0x6A66, 0x6A66, 0x6A66, 0x6246, 0x6245, 0x5A25, 0x6226, 0x6267,
    0x6AA9, 0x72EA, 0x7B2B, 0x836C, 0x83AD, 0x8BCE, 0x8BCE, 0x8BAE,
    0x83AE, 0x838E, 0x838D, 0x836D, 0x7B6D, 0x7B4D, 0x732C, 0x730B,
    0x7204, 0x7204, 0x7204, 0x7204, 0x7204, 0x7224, 0x7224, 0x7224,
    0x7224, 0x7204, 0x7204, 0x7203, 0x7204, 0x7203, 0x69E3, 0x69C3,
    0x69C2, 0x61C2, 0x61A2, 0x61A2, 0x69A2, 0x69A2, 0x69C2, 0x69C2,
    0x71C2, 0x71C2, 0x71C2, 0x71C2, 0x71C2, 0x71C1, 0x71C1, 0x71C1,
    0x71C1, 0x71C1, 0x71C1, 0x71C1, 0x79E1, 0x79E2, 0x7A02, 0x8222,
    0x8222, 0x8222, 0x9283, 0xF6D5, 0xFFDB, 0xFED3, 0xFDEC, 0xFD4A,
    0xFD09, 0xF4C8, 0xF5CE, 0xFE30, 0xFE50, 0xFE50, 0xFE50, 0xFE4F,
    0xFE0E, 0xFE0E, 0xFE0E, 0xFE0E, 0xFE0D, 0xFDED, 0xFDAC, 0xFDCC,
    0xFDAC, 0xF58B, 0xFDAC, 0xFDAC, 0xFD6B, 0xF54A, 0xF54A, 0xECE9,
    0xE4C9, 0xE50A, 0xE4EA, 0xDC89, 0xBB86, 0x5960, 0xB366, 0xCB84,
    0xAA20, 0xC2C2, 0xC303, 0xC303, 0xC323, 0xC303, 0xBAE3, 0xB282,
    0xC2C2, 0xC2E2, 0xC2C2, 0xC2E2, 0xC302, 0xD343, 0xD363, 0xCB02,
    0xBAA2, 0xC2C2, 0xC2C2, 0xD364, 0xF56D, 0xFE51, 0xFE51, 0xFE30,
    0xFE0F, 0xF5EE, 0xF5AC, 0xDBE5, 0xC2C2, 0xB261, 0xBA81, 0xBA81,
    0xC302, 0xB261, 0xC2C2, 0xBAA2, 0xC2E3, 0xC302, 0xBAC2, 0xCB03,
    0xBAC2, 0xC2E2, 0xCB02, 0xD343, 0xCB23, 0xD364, 0xCB23, 0xD323,
    0xC2E2, 0xCB03, 0xD343, 0xE3C4, 0xFD8C, 0xFE31, 0xFE51, 0xFE72,
    0xFE93, 0xFE72, 0xFEB3, 0xF58D, 0xDBA5, 0xCB03, 0xC2E3, 0xD364,
    0xD384, 0xDBA5, 0xD364, 0xCB03, 0xDB64, 0xD364, 0xD364, 0xD384,
    0xCB23, 0xBAA2, 0xD344, 0xDB84, 0xE406, 0xEC26, 0xEC04, 0xFD8B,
    0xFE71, 0xFEB3, 0xED6D, 0xCB03, 0xD343, 0xDB84, 0xCB44, 0x81E1,
    0xBB65, 0xDC67, 0xE4A8, 0xE4C8, 0xECC8, 0xF54A, 0xF529, 0xF54A,
    0xFD6B, 0xFD6A, 0xFD8B, 0xFD8B, 0xFDCC, 0xFE0E, 0xFE2F, 0xFE4F,
    0xFE4F, 0xFE2E, 0xFE2E, 0xFE2F, 0xFE50, 0xFE91, 0xFE91, 0xFE70,
    0xFE91, 0xFE70, 0xFF15, 0xFF9A, 0xFFFD, 0xCDB4, 0x7B2B, 0x7B4B,
    0x7B2B, 0x7B4B, 0x7B4B, 0x834B, 0x834B, 0x7B4B, 0x7B2B, 0x7B0A,
    0x72E9, 0x72E9, 0x72C8, 0x72C8, 0x72C8, 0x72C8, 0x7AC8, 0x7AC8,
    0x7AE8, 0x7AE8, 0x72C8, 0x72C8, 0x72A8, 0x6AA8, 0x6A88, 0x72A9,
    0x72CA, 0x72EA, 0x7B2B, 0x7B4C, 0x836D, 0x838D, 0x838D, 0x836D,
    0x7B6D, 0x7B4D, 0x732D, 0x732C, 0x732C, 0x732C, 0x730C, 0x72EB,
    0x7204, 0x7204, 0x7204, 0x7204, 0x7204, 0x7204, 0x7224, 0x7224,
    0x7224, 0x7204, 0x7204, 0x7204, 0x7204, 0x7204, 0x69E3, 0x69C3,
    0x69C2, 0x61A2, 0x61A2, 0x61A2, 0x69A2, 0x69A2, 0x69C2, 0x69C2,
    0x71C2, 0x71C2, 0x71C2, 0x71E2, 0x71E2, 0x71E1, 0x71C1, 0x71C1,
    0x71C1, 0x71C1, 0x71C1, 0x71E1, 0x79E1, 0x7A02, 0x8202, 0x8222,
    0x8A43, 0x8202, 0xC48B, 0xFFDA, 0xFF79, 0xFF36, 0xFEF4, 0xFEB2,
    0xFE2F, 0xFE71, 0xFF15, 0xFED3, 0xFE92, 0xFE71, 0xFE71, 0xFE50,
    0xFE50, 0xFE2E, 0xFE0E, 0xFE0E, 0xFE0E, 0xFDED, 0xFDCD, 0xFDEC,
    0xFDAC, 0xFDCC, 0xFDCD, 0xFDAC, 0xF56B, 0xF52A, 0xF54A, 0xED2A,
    0xECE9, 0xDC26, 0xD427, 0xDCA9, 0xBB86, 0x7202, 0xBB86, 0xBAE2,
    0xC2C2, 0xC303, 0xBAE3, 0xC303, 0xC303, 0xC2E3, 0xC2C2, 0xC2C2,
    0xCB03, 0xCB03, 0xD343, 0xCB03, 0xBAC2, 0xC303, 0xC2C2, 0xC2E2,
    0xCAE2, 0xC2E2, 0xBA81, 0xCB43, 0xE4A9, 0xF5CF, 0xFE0F, 0xFE30,
    0xFE30, 0xFE30, 0xF58C, 0xD323, 0xBAA2, 0xB261, 0xBAA1, 0xD323,
    0xC2C2, 0xC2C2, 0xC2C2, 0xC2C2, 0xBAC2, 0xB261, 0xC2E2, 0xC2E2,
    0xCB23, 0xCB03, 0xCAE2, 0xCB02, 0xD323, 0xCB23, 0xCB23, 0xCB23,
    0xD343, 0xD323, 0xDBA4, 0xECC8, 0xFE31, 0xFE72, 0xFE52, 0xFE51,
    0xFE93, 0xFE72, 0xFE72, 0xED6D, 0xD364, 0xCB23, 0xC303, 0xD364,
    0xD384, 0xCB44, 0xD364, 0xCB23, 0xCB23, 0xCB03, 0xDBA5, 0xDB84,
    0xD364, 0xC2E3, 0xBA82, 0xCB03, 0xDB84, 0xE3E5, 0xEC25, 0xF4E8,
    0xFE71, 0xFE72, 0xFE51, 0xE427, 0xCB03, 0xD364, 0xDC07, 0xA2E4,
    0xBB85, 0xD427, 0xE4A9, 0xE4A8, 0xED09, 0xF56A, 0xF58B, 0xF56A,
    0xF56A, 0xF529, 0xF508, 0xFD4A, 0xFD8A, 0xFDCC, 0xFE4F, 0xFE4F,
    0xFE4F, 0xFE4F, 0xFE2E, 0xFE0D, 0xFE4F, 0xFE70, 0xFEB2, 0xFEB2,
    0xFEF4, 0xFED4, 0xFEF4, 0xFF58, 0xFFBB, 0xFF5A, 0x9BEC, 0x7B0A,
    0x7B2A, 0x7B2A, 0x7B2A, 0x832B, 0x834B, 0x834B, 0x834B, 0x832A,
    0x832A, 0x832A, 0x832A, 0x832A, 0x832A, 0x832A, 0x832A, 0x832A,
    0x834A, 0x834A, 0x832A, 0x832A, 0x7B0A, 0x7B09, 0x7AE9, 0x7AEA,
    0x7B0A, 0x7B0B, 0x7B2B, 0x7B4C, 0x834C, 0x834C, 0x7B4C, 0x7B2C,
    0x732C, 0x730C, 0x6AEC, 0x6AEB, 0x6ACB, 0x6AEB, 0x6AEB, 0x6AEB,
    0x6A04, 0x7204, 0x7204, 0x7204, 0x7204, 0x7204, 0x7204, 0x7224,
    0x7204, 0x7204, 0x7204, 0x7204, 0x7204, 0x7204, 0x69E3, 0x69C3,
    0x61C2, 0x61A2, 0x61A2, 0x61A2, 0x69A2, 0x69C2, 0x69C2, 0x71C2,
    0x71E2, 0x71E2, 0x71E2, 0x71E2, 0x71E2, 0x71E2, 0x71C1, 0x71C1,
    0x71C1, 0x71C1, 0x71E1, 0x79E2, 0x79E2, 0x7A02, 0x8202, 0x8223,
    0x8A43, 0xA305, 0xF738, 0xFF9A, 0xFF58, 0xFF37, 0xFEF4, 0xFE91,
    0xFEB3, 0xFED4, 0xFED4, 0xFE92, 0xFE92, 0xFEB2, 0xFE70, 0xFE50,
    0xFE2F, 0xFE0D, 0xFE2E, 0xFE4F, 0xFE4F, 0xFDED, 0xFDED, 0xFDAC,
    0xF58B, 0xFDED, 0xFDED, 0xF54A, 0xF52A, 0xF56B, 0xF529, 0xED2A,
    0xED0A, 0xD406, 0xBAE2, 0xD427, 0xAB45, 0x8243, 0xB365, 0xBAC3,
    0xCB23, 0xCB03, 0xBAC2, 0xBAA2, 0xC2E2, 0xC2C2, 0xCB03, 0xC2C2,
    0xC2E3, 0xC2E2, 0xCB03, 0xC2E3, 0xBA82, 0xC2C2, 0xCB03, 0xD323,
    0xCB23, 0xCAE2, 0xD343, 0xCB22, 0xD406, 0xFE30, 0xFE30, 0xFE50,
    0xFE0F, 0xF60F, 0xF52A, 0xD343, 0xC2E2, 0xCB03, 0xCB03, 0xCAE3,
    0xC2C2, 0xCB23, 0xC2E3, 0xC323, 0xBAA2, 0xA221, 0xB261, 0xBAA2,
    0xCB03, 0xC2E2, 0xD363, 0xDB63, 0xDBA4, 0xC303, 0xD343, 0xCB02,
    0xD363, 0xE3E5, 0xECC8, 0xFDCE, 0xFE31, 0xFE72, 0xFE52, 0xFE31,
    0xFE31, 0xFE31, 0xFE30, 0xED6D, 0xCB24, 0xDBA5, 0xCB23, 0xD344,
    0xDBA5, 0xD384, 0xD364, 0xCB23, 0xC2C2, 0xCB03, 0xD364, 0xD343,
    0xD364, 0xD364, 0xD364, 0xCB24, 0xD344, 0xCB23, 0xDB84, 0xEC05,
    0xFDEE, 0xFE93, 0xFE72, 0xED0B, 0xD343, 0xD343, 0xEC67, 0xB365,
    0xBB44, 0xCC06, 0xDC67, 0xE488, 0xED2A, 0xF54A, 0xF58B, 0xFDAB,
    0xF529, 0xFD6B, 0xF54A, 0xFD6A, 0xFD8B, 0xFDAB, 0xFDED, 0xFE2F,
    0xFE0D, 0xFE2E, 0xFE4F, 0xFE70, 0xFE71, 0xFE71, 0xFE91, 0xFEB2,
    0xFEB2, 0xFED4, 0xFF16, 0xFF57, 0xFF79, 0xFFFC, 0xE656, 0x832A,
    0x832A, 0x834A, 0x834A, 0x834B, 0x8B4B, 0x8B6B, 0x8B6B, 0x8B6B,
    0x8B6B, 0x8B6B, 0x8B6B, 0x8B8B, 0x8B6B, 0x8B8B, 0x8B8B, 0x938B,
    0x938C, 0x8B8C, 0x8B6B, 0x8B6B, 0x8B4B, 0x834B, 0x832B, 0x832A,
    0x7B2B, 0x832B, 0x7B2B, 0x7B2B, 0x7B2B, 0x7B2B, 0x730B, 0x72EB,
    0x6ACB, 0x6ACB, 0x62AA, 0x628A, 0x62AA, 0x62AB, 0x62CB, 0x6ACB,
    0x6A04, 0x6A04, 0x7204, 0x7204, 0x7204, 0x7204, 0x7204, 0x7204,
    0x7204, 0x7204, 0x7204, 0x7204, 0x7204, 0x7204, 0x69E3, 0x69C3,
    0x61C3, 0x61A2, 0x61A2, 0x61A2, 0x69C2, 0x69C2, 0x69C2, 0x71C2,
    0x71E2, 0x71E2, 0x7202, 0x71E2, 0x71E2, 0x79E2, 0x79E2, 0x71C1,
    0x71C1, 0x71E2, 0x79E2, 0x79E2, 0x7A02, 0x8202, 0x8222, 0x8243,
    0x8201, 0xDDB1, 0xFFFD, 0xFF79, 0xFF57, 0xFF35, 0xFEF4, 0xFF14,
    0xFF15, 0xFF36, 0xFEB3, 0xFE92, 0xFEB2, 0xFE71, 0xFE2F, 0xFE0D,
    0xFE0E, 0xFE4F, 0xFE2E, 0xFE2E, 0xFE0D, 0xFDCC, 0xFDED, 0xFDCC,
    0xFDCC, 0xFE0E, 0xFDAC, 0xF58B, 0xF58B, 0xF5AC, 0xF56B, 0xED2A,
    0xE4C9, 0xDC88, 0xBAC2, 0xAA81, 0x9AC4, 0x92A4, 0xB304, 0xBAC3,
    0xBAC2, 0xB281, 0xAA41, 0xAA41, 0xB261, 0xB281, 0xD323, 0xC2C2,
    0xCAE2, 0xBA81, 0xB281, 0xCB03, 0xD343, 0xD323, 0xCB23, 0xC303,
    0xCB03, 0xD363, 0xCB02, 0xCB02, 0xED2B, 0xFE30, 0xFE50, 0xFE0E,
    0xFDEF, 0xFDEE, 0xF52A, 0xD343, 0xCAE2, 0xC2A1, 0xCB03, 0xC2E3,
    0xC303, 0xCB44, 0xC2E2, 0xC2E3, 0xBAA2, 0xC2C2, 0xC2C2, 0xC2C2,
    0xCAE2, 0xBAA2, 0xD343, 0xD343, 0xD363, 0xDB84, 0xD343, 0xDBA4,
    0xE425, 0xFD4B, 0xFDEF, 0xFE0F, 0xFE30, 0xFE31, 0xFE31, 0xFE31,
    0xFE31, 0xFE51, 0xFE51, 0xF5F0, 0xD385, 0xCB23, 0xD343, 0xD323,
    0xD364, 0xCB44, 0xCB23, 0xCB03, 0xD344, 0xD343, 0xD364, 0xD344,
    0xD365, 0xD364, 0xD323, 0xD364, 0xD384, 0xD364, 0xDB84, 0xDB84,
    0xF4C8, 0xFE30, 0xFE51, 0xFDEF, 0xE426, 0xE3C4, 0xF509, 0xA325,
    0xAAC2, 0xCBC5, 0xDC67, 0xECE9, 0xED09, 0xED09, 0xF54A, 0xF56B,
    0xF54A, 0xFD6A, 0xFD8B, 0xFDAB, 0xFDAB, 0xFDCC, 0xFDEC, 0xFE2F,
    0xFE2E, 0xFE0E, 0xFE4F, 0xFE70, 0xFE4F, 0xFE71, 0xFE92, 0xFEB2,
    0xFEB3, 0xFE91, 0xFE50, 0xFEB2, 0xFF15, 0xFF9A, 0xFFFD, 0xC552,
    0x832A, 0x8B6B, 0x8B8B, 0x938B, 0x938C, 0x93AC, 0x93AC, 0x93CC,
    0x93CC, 0x93CC, 0x93CC, 0x93CC, 0x9BCC, 0x9BCC, 0x9BCC, 0x9BCD,
    0x9BCD, 0x93CD, 0x93AC, 0x93AC, 0x8B8C, 0x8B6C, 0x8B6B, 0x8B4B,
    0x834B, 0x834B, 0x7B2B, 0x7B2B, 0x7B0B, 0x72EA, 0x72CA, 0x6AAA,
    0x6289, 0x5A69, 0x5A69, 0x5A49, 0x5A6A, 0x628A, 0x62AB, 0x62CB,
    0x6A04, 0x6A04, 0x7204, 0x7204, 0x7204, 0x7204, 0x7224, 0x7204,
    0x7204, 0x7204, 0x6A04, 0x7204, 0x7204, 0x6A04, 0x69E3, 0x69C3,
    0x61C3, 0x61C2, 0x61A2, 0x61A2, 0x69C2, 0x69C2, 0x71C2, 0x71E2,
    0x71E2, 0x7A02, 0x7A02, 0x7A02, 0x7A02, 0x79E2, 0x79E2, 0x79C2,
    0x79E2, 0x79E2, 0x79E2, 0x79E2, 0x7A02, 0x8202, 0x8243, 0x79E1,
    0xA368, 0xFFDC, 0xFFDC, 0xFF58, 0xF673, 0xE5D1, 0xD570, 0xD52F,
    0xFE94, 0xF611, 0xF610, 0xFE72, 0xFE50, 0xFE4F, 0xFE2F, 0xFE4F,
    0xFE2F, 0xFE2F, 0xFE2E, 0xFE2E, 0xFE0D, 0xFDED, 0xFDED, 0xFDCD,
    0xFDED, 0xFDAC, 0xFDED, 0xFDCD, 0xF58B, 0xF58B, 0xF54A, 0xED2B,
    0xE4EA, 0xE4A9, 0xBB23, 0x89C0, 0x71A0, 0x9AA3, 0xBAC2, 0xAA61,
    0xB281, 0xBAC2, 0xB282, 0xBAA2, 0xBAA2, 0xCB03, 0xD343, 0xBA82,
    0xCB02, 0xA201, 0xBAC2, 0xDB84, 0xD343, 0xD343, 0xC303, 0xC2E2,
    0xCAE2, 0xC2C2, 0xCAE2, 0xD363, 0xF5EF, 0xFE0F, 0xFE0F, 0xFDEE,
    0xFE0F, 0xFDCE, 0xF52A, 0xDB62, 0xC2A1, 0xBA81, 0xBAA2, 0xC2E3,
    0xC303, 0xC2E3, 0xCB23, 0xBAC2, 0xB261, 0xCAE2, 0xC2E2, 0xCB23,
    0xD364, 0xCB23, 0xCB03, 0xD343, 0xDBA4, 0xE3E4, 0xEC87, 0xF52A,
    0xFDCE, 0xFDEF, 0xFE31, 0xFE30, 0xFE31, 0xFE10, 0xFE31, 0xFE51,
    0xFE51, 0xFE52, 0xFE52, 0xFE51, 0xE448, 0xC2C2, 0xBA61, 0xC2A2,
    0xBAA2, 0xD364, 0xDB85, 0xD323, 0xD344, 0xDB85, 0xD364, 0xCB24,
    0xD344, 0xDBA5, 0xD364, 0xCB03, 0xCB44, 0xDBA5, 0xDBA5, 0xDBA4,
    0xF4A8, 0xFE2F, 0xFE30, 0xFE72, 0xFDEF, 0xF5AD, 0xFDCD, 0xC428,
    0xA2C3, 0xC384, 0xE488, 0xECE9, 0xE4C8, 0xED09, 0xED09, 0xED09,
    0xF56A, 0xFD6A, 0xFDAB, 0xFDCC, 0xFDED, 0xFE0D, 0xFDCB, 0xFDCC,
    0xFE50, 0xFE4F, 0xFE2F, 0xFE50, 0xFE4F, 0xFE4F, 0xFE71, 0xFEB3,
    0xFED4, 0xFE30, 0xECEB, 0xDC8A, 0xF58E, 0xFF16, 0xFF18, 0xFF59,
    0xAC4E, 0x8B8B, 0x93CC, 0x93CC, 0x93CC, 0x9BCC, 0x9BED, 0x9BED,
    0x9BED, 0x9BED, 0x9BED, 0xA3ED, 0xA3ED, 0xA40D, 0x9C0D, 0x9BEE,
    0x9C0D, 0x9C0D, 0x9BED, 0x9BED, 0x93CD, 0x93CD, 0x93AC, 0x938C,
    0x8B8C, 0x8B6C, 0x834B, 0x832B, 0x7B0B, 0x72EA, 0x6ACA, 0x6A89,
    0x6269, 0x5A49, 0x5229, 0x5249, 0x5A6A, 0x628A, 0x62AA, 0x62AA,
    0x6A04, 0x6A04, 0x6A04, 0x6A04, 0x7205, 0x7225, 0x7225, 0x7224,
    0x7204, 0x6A04, 0x6A04, 0x6A04, 0x6A04, 0x6A04, 0x69E4, 0x69E3,
    0x61C3, 0x61A3, 0x61C2, 0x69C2, 0x69C2, 0x69C2, 0x71E2, 0x71E2,
    0x79E3, 0x7A03, 0x7A03, 0x7A03, 0x7A02, 0x7A02, 0x79E2, 0x79E2,
    0x79E2, 0x79E2, 0x79E2, 0x7A02, 0x8202, 0x8222, 0x8223, 0x9263,
    0xEE75, 0xFF7A, 0xD550, 0xC44C, 0x8287, 0x8266, 0x7A45, 0x61C4,
    0x7266, 0x61C4, 0x7225, 0x7A45, 0x7A86, 0xABA8, 0xC46A, 0xDCEB,
    0xF5AD, 0xFE6F, 0xFE6F, 0xFE4F, 0xFDED, 0xFDEC, 0xFDED, 0xFDCC,
    0xFDED, 0xFDED, 0xFDED, 0xF58B, 0xF56B, 0xF54B, 0xED09, 0xED2B,
    0xE50A, 0xE4A9, 0xC385, 0x81A0, 0x6140, 0xAAC3, 0xB281, 0xBAA2,
    0xBAC3, 0xB2A2, 0xBAA2, 0xBAC2, 0xC2E3, 0xCB03, 0xC2C2, 0xC2C2,
    0xC2E3, 0xAA41, 0xD384, 0xDB84, 0xDB84, 0xD364, 0xC2E3, 0xC2E2,
    0xCB02, 0xCB03, 0xCB44, 0xDBA5, 0xF58D, 0xFE0F, 0xFE30, 0xFE30,
    0xFE0F, 0xFE51, 0xF56B, 0xE3C3, 0xCAE2, 0xBAA2, 0xB282, 0xB262,
    0xBAC2, 0xCB43, 0xCB23, 0xCB03, 0xC2E2, 0xCAE2, 0xC303, 0xC303,
    0xCB23, 0xCB23, 0xD363, 0xDB83, 0xEC46, 0xFD6B, 0xFDEE, 0xF5EF,
    0xFE10, 0xFE30, 0xFE51, 0xFE51, 0xFE51, 0xF610, 0xF5AE, 0xF610,
    0xFE51, 0xFE72, 0xFE52, 0xFE30, 0xECEA, 0xCB23, 0xC2C2, 0xBAA2,
    0xAA61, 0xCB24, 0xE3C5, 0xCB44, 0xCB23, 0xD364, 0xCB23, 0xD364,
    0xD344, 0xDB84, 0xDBC5, 0xCB24, 0xBAC3, 0xD364, 0xE3C5, 0xE3C5,
    0xF4C8, 0xFE30, 0xFE72, 0xFE51, 0xFE0F, 0xFE10, 0xFE0F, 0xDCCA,
    0xA2E3, 0xBB23, 0xD3E6, 0xDC67, 0xECE9, 0xED09, 0xECC8, 0xF52A,
    0xF54A, 0xFD8B, 0xFDAC, 0xFDED, 0xFDED, 0xFDED, 0xFE0D, 0xFDED,
    0xFDED, 0xFE4F, 0xFE50, 0xFE70, 0xFE91, 0xFE4F, 0xFDEF, 0xF610,
    0xFE52, 0xBC0A, 0x8245, 0x7204, 0xB3AA, 0xD4AE, 0xBBCB, 0xDCEF,
    0xBCAF, 0x93AC, 0x9BED, 0x9BCD, 0x9BED, 0x9BED, 0x9BED, 0xA40D,
    0xA40E, 0xA42E, 0xA42E, 0xA42E, 0xA42E, 0xA42E, 0xA42E, 0xA42E,
    0xA42E, 0xA42E, 0xA42E, 0xA40E, 0x9C0E, 0x9BED, 0x9BCD, 0x9BCD,
    0x93AD, 0x93AC, 0x8B6C, 0x834B, 0x832B, 0x7B0B, 0x72CA, 0x6AA9,
    0x6269, 0x5A49, 0x5229, 0x5229, 0x5A49, 0x5A6A, 0x628A, 0x628A,
    0x6A04, 0x6A05, 0x6A05, 0x6A25, 0x7225, 0x7225, 0x6A25, 0x7225,
    0x7204, 0x6A04, 0x6A04, 0x6A04, 0x6A04, 0x6A04, 0x69E4, 0x61E3,
    0x61C3, 0x61C3, 0x61C3, 0x69C2, 0x69C2, 0x69C2, 0x71E2, 0x71E3,
    0x7A03, 0x7A03, 0x7A03, 0x7A03, 0x7A03, 0x7A02, 0x79E2, 0x79E2,
    0x79E2, 0x79E2, 0x7A02, 0x7A02, 0x8222, 0x8243, 0x8222, 0xBBEA,
    0xFEB5, 0xCC6C, 0x92A7, 0x8A87, 0x69C4, 0x61A4, 0x4922, 0x4101,
    0x2880, 0x4902, 0x4102, 0x4901, 0x4902, 0x40E1, 0x5142, 0x5962,
    0xABA8, 0xA368, 0xABC8, 0xDD0B, 0xFDED, 0xFDED, 0xF58C, 0xF5AC,
    0xFDED, 0xFDCC, 0xFD8B, 0xF58C, 0xFDCD, 0xF56B, 0xED4B, 0xE4E9,
    0xE4EA, 0xDCA9, 0xD407, 0x8A01, 0x6161, 0xAAC3, 0xAA40, 0xBAA2,
    0xB2C3, 0xB2A2, 0xBAC2, 0xCB03, 0xBAC2, 0xBA61, 0xBA82, 0xC303,
    0xBAC2, 0xC2E3, 0xD344, 0xD344, 0xCB43, 0xCB03, 0xCB23, 0xCB23,
    0xD343, 0xD384, 0xCB64, 0xCB43, 0xED0A, 0xFE10, 0xFE0F, 0xFE30,
    0xFE30, 0xFE51, 0xFDAD, 0xEC87, 0xCB02, 0xBAA2, 0xC2C2, 0xBAC2,
    0xBAE3, 0xCB23, 0xBAC2, 0xBAC2, 0xC2E3, 0xC2C2, 0xCAE2, 0xC2E2,
    0xC2E2, 0xD343, 0xE3A4, 0xF4A7, 0xFDCD, 0xFE30, 0xF5EF, 0xF5EF,
    0xF5EF, 0xFE0F, 0xFE30, 0xFE30, 0xFE31, 0xFE30, 0xF58D, 0xF5CE,
    0xFE52, 0xFE51, 0xFE31, 0xF5EF, 0xF58C, 0xDBE6, 0xCB03, 0xC2C2,
    0xC2E3, 0xBAA2, 0xD364, 0xCB44, 0xB262, 0xCB23, 0xC2E3, 0xC303,
    0xCB23, 0xCB03, 0xDBA5, 0xDBA5, 0xC303, 0xCB44, 0xD364, 0xDB84,
    0xEC86, 0xFE30, 0xFE92, 0xFE72, 0xFE30, 0xFE0F, 0xFE0F, 0xE50C,
    0x9AA2, 0xAAA1, 0xB2E2, 0xDC67, 0xE4C8, 0xECE9, 0xED2A, 0xF54A,
    0xF54A, 0xF549, 0xFDAC, 0xFDCC, 0xFDED, 0xFDED, 0xFE0D, 0xFE2E,
    0xFE2E, 0xFE4F, 0xFE0F, 0xE56D, 0xE54E, 0xBC2A, 0x7A65, 0x7204,
    0x9307, 0x9B29, 0x4943, 0x5963, 0x7A05, 0x92A7, 0x9AE9, 0xAB49,
    0xD4AE, 0xA40D, 0x93AC, 0x9BCC, 0x9BCC, 0x9BED, 0xA40D, 0xA40D,
    0xA42E, 0xA42E, 0xA42E, 0xA42E, 0xA42E, 0xA42E, 0xA42E, 0xA42E,
    0xA42E, 0xA42E, 0xA42E, 0xA42E, 0xA40E, 0xA40E, 0x9BED, 0x9BCD,
    0x9BCD, 0x93AC, 0x8B6C, 0x8B4B, 0x832B, 0x7B0A, 0x72CA, 0x6AA9,
    0x6269, 0x5A48, 0x5228, 0x5228, 0x5249, 0x5A49, 0x5A6A, 0x628A,
    0x6A05, 0x6A05, 0x6A05, 0x6A25, 0x7225, 0x6A25, 0x7225, 0x6A25,
    0x6A25, 0x6A05, 0x6A05, 0x6A05, 0x6A04, 0x6A04, 0x69E4, 0x61E4,
    0x61C3, 0x61C3, 0x61C3, 0x69C2, 0x69C3, 0x69E3, 0x71E3, 0x7203,
    0x7A03, 0x7A03, 0x7A03, 0x7A03, 0x7A03, 0x7A02, 0x7A02, 0x79E2,
    0x79E2, 0x7A02, 0x7A02, 0x8202, 0x8222, 0x8A43, 0x8202, 0xC44C,
    0xDCCF, 0x92A7, 0x7A66, 0x8266, 0x8225, 0x7A04, 0x4902, 0x4922,
    0x5942, 0x6183, 0x6183, 0x69A3, 0x71C4, 0x4902, 0x40C1, 0x40E1,
    0x40E1, 0x40C1, 0x40C1, 0x61A3, 0x8AC6, 0xB3C8, 0xED4C, 0xFDCD,
    0xFDCC, 0xF58B, 0xF56B, 0xF5AC, 0xF5AC, 0xF58C, 0xF58C, 0xED4B,
    0xE4A9, 0xDC68, 0xDCA9, 0xA305, 0x71C2, 0xAA82, 0xA200, 0xB281,
    0xB282, 0xB282, 0xC2C2, 0xC2E3, 0xBAA2, 0xCAE3, 0xC2E3, 0xB2A2,
    0xB2A2, 0xC2C2, 0xBAA2, 0xC2E3, 0xC2E3, 0xD343, 0xCB23, 0xCB03,
    0xCB03, 0xD343, 0xCB23, 0xCB43, 0xEC88, 0xF5CE, 0xFE2F, 0xFE71,
    0xFE31, 0xFE30, 0xF5AD, 0xF509, 0xDB83, 0xCAE2, 0xC2E2, 0xCB03,
    0xC2E3, 0xBAC2, 0xB282, 0xBAA2, 0xBAA2, 0xC2E3, 0xBAC2, 0xC2E2,
    0xCB02, 0xDB83, 0xF509, 0xFDCD, 0xF60F, 0xF5CE, 0xF610, 0xF610,
    0xFE30, 0xF5CE, 0xFE10, 0xF610, 0xF610, 0xFE10, 0xF610, 0xF5EF,
    0xFE31, 0xF630, 0xF5EF, 0xF5EF, 0xF5EF, 0xF54C, 0xD364, 0xBAA2,
    0xC2E3, 0xC303, 0xAA62, 0xC2E3, 0xBAA2, 0xC2E2, 0xC303, 0xBAC3,
    0xBAC2, 0xCB24, 0xCB23, 0xDBA5, 0xD385, 0xCB43, 0xCB03, 0xD364,
    0xF4E8, 0xFE0F, 0xFE93, 0xFE52, 0xFE30, 0xFE10, 0xF5AE, 0xED4C,
    0xA2C3, 0x9A20, 0xC364, 0xDC47, 0xE4A8, 0xED0A, 0xF54B, 0xF54A,
    0xF56B, 0xFD6B, 0xF56A, 0xFDCC, 0xFDED, 0xFDCC, 0xFDAC, 0xFE0E,
    0xDD0C, 0xABA8, 0x8AC6, 0x5982, 0x69C3, 0x6183, 0x5963, 0x5122,
    0x48E1, 0x61A4, 0x4943, 0x38E1, 0x6983, 0x9AA7, 0x9B09, 0xA329,
    0xD44D, 0xD4D0, 0x9BCC, 0x93AC, 0x9BCC, 0x9BED, 0x9BED, 0xA40D,
    0xA40D, 0xA40D, 0xA40D, 0xA40E, 0xA42E, 0xA42E, 0xA42E, 0xA42E,
    0xA42E, 0xA40E, 0xA40E, 0xA40E, 0xA40E, 0x9BED, 0x9BCD, 0x93CD,
    0x93AD, 0x8B8C, 0x8B6C, 0x834B, 0x832B, 0x7AEA, 0x72CA, 0x6A89,
    0x6248, 0x5A28, 0x5208, 0x5208, 0x5228, 0x5A49, 0x5A6A, 0x628A,
    0x6A05, 0x6A05, 0x6A05, 0x6A05, 0x6A25, 0x6A25, 0x6A25, 0x6A25,
    0x6A25, 0x6A05, 0x6A05, 0x6A05, 0x6A05, 0x6A04, 0x69E4, 0x61E4,
    0x61E4, 0x61C3, 0x61C3, 0x69C3, 0x69E3, 0x71E3, 0x7203, 0x7A03,
    0x7A23, 0x7A23, 0x7A23, 0x7A23, 0x7A03, 0x7A03, 0x7A02, 0x7A02,
    0x7A02, 0x7A02, 0x7A02, 0x8222, 0x8243, 0x8243, 0x92C5, 0xD4AE,
    0xB3AB, 0xA329, 0x92A8, 0x8266, 0x8246, 0x6183, 0x38C1, 0x5142,
    0x6183, 0x6183, 0x5963, 0x5943, 0x40E2, 0x30C1, 0x5122, 0x4901,
    0x5122, 0x5122, 0x40E1, 0x38C1, 0x38A1, 0x5122, 0x71E4, 0xB3C8,
    0xF56C, 0xF56B, 0xF58C, 0xF5AD, 0xF58C, 0xF56C, 0xED4B, 0xED4B,
    0xE4EA, 0xDC68, 0xD428, 0xAB46, 0x8222, 0x9A01, 0x9A00, 0xBAC3,
    0xBAC2, 0xBAA2, 0xBAC2, 0xC2E3, 0xC2E2, 0xBAC2, 0xC303, 0xBAE3,
    0xBAC2, 0xBAC2, 0xCB23, 0xCB03, 0xC2E3, 0xCB03, 0xC2E3, 0xBAA2,
    0xB282, 0xCB23, 0xCB03, 0xCB03, 0xE447, 0xFE30, 0xFE71, 0xFE30,
    0xFE0F, 0xF610, 0xF5AD, 0xF58C, 0xEC86, 0xD342, 0xCB22, 0xCB03,
    0xC2C2, 0xB282, 0xAA61, 0xBAA2, 0xBAC2, 0xC2E2, 0xC303, 0xCB02,
    0xE3C4, 0xECC8, 0xF5EE, 0xFE0F, 0xF60F, 0xFE0F, 0xFE10, 0xF610,
    0xF630, 0xFE31, 0xFE52, 0xFE51, 0xF5F0, 0xED8E, 0xF56D, 0xF610,
    0xFE30, 0xF5EF, 0xF5EF, 0xF5EF, 0xF631, 0xFE31, 0xE4C9, 0xBAA2,
    0xC2E3, 0xCB23, 0xBAC3, 0xB282, 0xCB03, 0xCB23, 0xCB03, 0xC303,
    0xBAC3, 0xC2E3, 0xC303, 0xCB23, 0xE3E6, 0xDBC5, 0xDB84, 0xDB83,
    0xF54A, 0xFE30, 0xFE51, 0xFE93, 0xFE31, 0xFE31, 0xEDAE, 0xDC89,
    0xA2E4, 0xA281, 0xD3E6, 0xDC68, 0xECEA, 0xED2B, 0xF56C, 0xF56B,
    0xF58C, 0xF58B, 0xF56A, 0xED09, 0xF54A, 0xED2B, 0x9B26, 0x7A65,
    0x61C3, 0x40C0, 0x38A0, 0x2860, 0x5122, 0x4922, 0x5122, 0x6983,
    0x71C4, 0x71C4, 0x69A4, 0x4922, 0x4101, 0x61A4, 0x92A8, 0xAB4A,
    0xC3EC, 0xE4CF, 0xC46E, 0x8B6B, 0x93AC, 0x9BCC, 0x9BCD, 0x9BED,
    0x9BED, 0x9BED, 0xA3ED, 0xA40D, 0xA40D, 0xA40D, 0xA3ED, 0x9BED,
    0x9BED, 0x9BED, 0x9BED, 0x9BCD, 0x9BCD, 0x93CD, 0x93AD, 0x93AC,
    0x938C, 0x8B6C, 0x8B4B, 0x832B, 0x7B0A, 0x72EA, 0x72A9, 0x6289,
    0x5A48, 0x5228, 0x5207, 0x5208, 0x5228, 0x5A49, 0x5A69, 0x6289,
    0x6A05, 0x6A05, 0x6A05, 0x6A05, 0x6A25, 0x6A25, 0x6A25, 0x6A05,
    0x6A05, 0x6A05, 0x6A05, 0x6A05, 0x6A05, 0x6A05, 0x61E4, 0x61E4,
    0x61E4, 0x61E3, 0x69E3, 0x69E3, 0x69E3, 0x71E3, 0x7203, 0x7A03,
    0x7A23, 0x7A24, 0x8244, 0x8223, 0x7A23, 0x7A23, 0x7A03, 0x7A02,
    0x7A02, 0x7A02, 0x8222, 0x8223, 0x8243, 0x8243, 0xC3EA, 0xD46D,
    0xB3AB, 0xA329, 0x71E5, 0x71E5, 0x5143, 0x30A1, 0x38E1, 0x5122,
    0x5963, 0x5142, 0x38E1, 0x30A1, 0x38E1, 0x38C1, 0x38C1, 0x38C1,
    0x4902, 0x38C1, 0x38C1, 0x38C1, 0x38C1, 0x40E1, 0x40C1, 0x4901,
    0x7A24, 0xA306, 0xE4EA, 0xF5AD, 0xF58C, 0xED6C, 0xED2A, 0xED4C,
    0xE4EA, 0xDCA9, 0xD427, 0x92A3, 0x79E1, 0x91E0, 0xAA61, 0xBAE3,
    0xBAC2, 0xB282, 0xBAC2, 0xC303, 0xB282, 0xA241, 0xAA62, 0xB2A2,
    0xBAA2, 0xCAE2, 0xD364, 0xCB44, 0xC303, 0xC2E3, 0xBAA2, 0xBAA2,
    0xBAC2, 0xD343, 0xC2A2, 0xCB23, 0xECC9, 0xFE71, 0xF60F, 0xF5CD,
    0xFE30, 0xF5EE, 0xF5CD, 0xF5EE, 0xF58B, 0xECC8, 0xDBA3, 0xD343,
    0xC2E3, 0xB282, 0xB2A2, 0xBAC2, 0xBAA2, 0xCB02, 0xC302, 0xC2C1,
    0xECA8, 0xF5CE, 0xFE51, 0xFE30, 0xFE10, 0xF610, 0xFE72, 0xF631,
    0xFE52, 0xFE31, 0xF58E, 0xE4EB, 0xE468, 0xDBC6, 0xDBC5, 0xECC9,
    0xF5EF, 0xF610, 0xF610, 0xF630, 0xF631, 0xF631, 0xF56C, 0xCB23,
    0xC2E2, 0xC303, 0xBAE3, 0xC2E3, 0xD344, 0xCB23, 0xCB23, 0xC2E3,
    0xB282, 0xBAC2, 0xCB23, 0xB282, 0xCB23, 0xDB84, 0xE3C4, 0xEC66,
    0xFD8C, 0xFE30, 0xFE0F, 0xFE72, 0xFE72, 0xF5F0, 0xED8E, 0xD3E7,
    0xA2C4, 0xA2E4, 0xD447, 0xE4CA, 0xE4C9, 0xED2B, 0xF56C, 0xF54B,
    0xF58C, 0xF56B, 0xF58C, 0xED2A, 0xDCAA, 0x8265, 0x30A0, 0x2860,
    0x3080, 0x40C1, 0x38C1, 0x40E1, 0x5142, 0x4922, 0x4902, 0x6183,
    0x69A4, 0x71E4, 0x69C4, 0x6183, 0x5142, 0x5143, 0x61A4, 0x8AA8,
    0xC3EC, 0xCC0C, 0xDCCF, 0xA3EC, 0x938C, 0x9BCC, 0x9BCC, 0x9BCD,
    0x9BED, 0x9BED, 0x9BED, 0x9BED, 0x9BED, 0x9BED, 0x9BED, 0x9BED,
    0x9BCD, 0x9BCD, 0x9BCD, 0x9BCD, 0x9BCD, 0x93AD, 0x93AC, 0x938C,
    0x8B6C, 0x8B6B, 0x832B, 0x830A, 0x7AEA, 0x72C9, 0x6A89, 0x6268,
    0x5A48, 0x5228, 0x5208, 0x5228, 0x5228, 0x5A49, 0x5A69, 0x6289,
    0x6A05, 0x6A05, 0x6A05, 0x6A05, 0x6A05, 0x6A05, 0x6A05, 0x6A05,
    0x6A05, 0x6A05, 0x6A05, 0x6A05, 0x6A05, 0x6205, 0x61E4, 0x61E4,
    0x61E4, 0x61E4, 0x69E3, 0x69E3, 0x69E3, 0x7203, 0x7203, 0x7A24,
    0x7A24, 0x7A44, 0x8244, 0x8244, 0x8223, 0x8223, 0x7A23, 0x7A02,
    0x7A02, 0x8202, 0x8223, 0x8243, 0x8243, 0x9AC6, 0xDC6D, 0xBBAB,
    0xA309, 0x8226, 0x71E5, 0x69A4, 0x38C1, 0x30A1, 0x30A1, 0x4922,
    0x4902, 0x4102, 0x40E2, 0x4902, 0x5122, 0x30A1, 0x2881, 0x38C1,
    0x40E1, 0x30A1, 0x28A1, 0x30C1, 0x38C1, 0x40E1, 0x40E1, 0x4101,
    0x4901, 0x4901, 0x7A45, 0xB387, 0xE4CA, 0xED6C, 0xED4B, 0xED2B,
    0xE4C9, 0xDC68, 0xD427, 0x8243, 0x79E1, 0x9A21, 0xA241, 0xB282,
    0xBAA2, 0xB282, 0xC2E3, 0xBAC2, 0xB282, 0xBAC3, 0xA241, 0xB262,
    0xA201, 0xC2C2, 0xBAC2, 0xBAA2, 0xB282, 0xBAA2, 0xCB23, 0xCB23,
    0xC2C2, 0xBAA2, 0xC2A2, 0xE406, 0xF58C, 0xFE0F, 0xFE0F, 0xF60F,
    0xFE30, 0xF5CD, 0xFDEE, 0xFE2F, 0xF5EE, 0xFDEE, 0xECC8, 0xDB83,
    0xC2E2, 0xBAA2, 0xC2C2, 0xB282, 0xBAC2, 0xCB22, 0xCB22, 0xDBE5,
    0xF5AE, 0xED6D, 0xFE51, 0xFE51, 0xFE31, 0xF5CE, 0xFE0F, 0xF610,
    0xF631, 0xF5AE, 0xE4AA, 0xCB44, 0xCB23, 0xBAC2, 0xCB43, 0xDBE5,
    0xED2B, 0xF610, 0xF610, 0xFE31, 0xF610, 0xF5CF, 0xF5AE, 0xE447,
    0xD363, 0xD364, 0xC2E3, 0xBAA2, 0xC2E3, 0xCB23, 0xC2C2, 0xC2E3,
    0xBAC3, 0xBAE3, 0xCB03, 0xC2E3, 0xC2E2, 0xD343, 0xDB83, 0xF4E8,
    0xFDEE, 0xFE10, 0xFE0F, 0xF5CE, 0xFE94, 0xED4D, 0xE4AA, 0xD3C7,
    0x9A62, 0xA304, 0xD447, 0xDCA9, 0xE4EA, 0xED4B, 0xED4B, 0xED4B,
    0xF56B, 0xED4B, 0xCC49, 0x8AC6, 0x8AC6, 0x38C1, 0x30A0, 0x40E1,
    0x5122, 0x38C1, 0x2060, 0x4901, 0x38C1, 0x38E1, 0x5942, 0x5942,
    0x6163, 0x5122, 0x4922, 0x4902, 0x4902, 0x5142, 0x6183, 0x61A4,
    0xAB4A, 0xBBAB, 0xDC6E, 0xCCAF, 0x93AC, 0x9BCC, 0x9BCC, 0x9BCD,
    0x9BED, 0x9BED, 0x9BED, 0xA3ED, 0xA3ED, 0x9BED, 0x9BED, 0x9BED,
    0x9BED, 0x9BCD, 0x9BCD, 0x9BCD, 0x93AD, 0x93AC, 0x938C, 0x938C,
    0x8B6C, 0x8B4B, 0x832B, 0x7B0A, 0x7AEA, 0x72A9, 0x6A89, 0x6268,
    0x5A48, 0x5A28, 0x5228, 0x5228, 0x5A49, 0x5A69, 0x628A, 0x628A,
    0x6205, 0x6205, 0x6205, 0x6A05, 0x6A05, 0x6A05, 0x6A05, 0x6A05,
    0x6205, 0x6205, 0x6205, 0x6205, 0x6205, 0x6205, 0x61E4, 0x61E4,
    0x61E4, 0x61E4, 0x69E4, 0x69E3, 0x69E3, 0x7203, 0x7203, 0x7A24,
    0x7A44, 0x8244, 0x8244, 0x8244, 0x8244, 0x8223, 0x8223, 0x8223,
    0x8203, 0x8223, 0x8223, 0x8243, 0x8A43, 0xC3EB, 0xD46D, 0x9AE8,
    0x8A87, 0x92A7, 0x71C5, 0x40E2, 0x38E1, 0x40E2, 0x5143, 0x4122,
    0x4922, 0x4902, 0x38C1, 0x40E2, 0x40E1, 0x30A1, 0x2060, 0x40E1,
    0x30A1, 0x30A1, 0x38C1, 0x30C1, 0x40E1, 0x30A1, 0x38C1, 0x38C1,
    0x4902, 0x40E1, 0x5963, 0x5962, 0x92C5, 0xE4EB, 0xED2B, 0xE50A,
    0xE4EA, 0xDCA9, 0xC3C6, 0x7A23, 0x8A62, 0xAA61, 0xB261, 0xC2C2,
    0xBAA2, 0xBAA2, 0xC303, 0xC2E3, 0xC303, 0xC2C3, 0xB261, 0xBA81,
    0xC2C2, 0xC303, 0xB261, 0xC2C2, 0xB261, 0xC2E3, 0xCB03, 0xCB23,
    0xC2C2, 0xC2E2, 0xE405, 0xFDAD, 0xFE30, 0xFE51, 0xF5CE, 0xF5EF,
    0xFE0F, 0xF5EE, 0xFE0F, 0xF60F, 0xF5EF, 0xF5EE, 0xF58C, 0xE405,
    0xCAE2, 0xC2C2, 0xC2C2, 0xCB23, 0xD363, 0xD363, 0xE446, 0xF54B,
    0xF5CF, 0xF5AE, 0xF631, 0xF610, 0xF5EF, 0xF610, 0xF5EF, 0xF5AF,
    0xED8E, 0xDC48, 0xDC07, 0xD3A5, 0xC2E3, 0xB2A2, 0xC303, 0xD344,
    0xE448, 0xF5EF, 0xFE31, 0xFE30, 0xF610, 0xF5EF, 0xF5CF, 0xF58E,
    0xDBC5, 0xC2C2, 0xC2C2, 0xCB03, 0xC2C3, 0xCB23, 0xC2E3, 0xC2E3,
    0xBAC3, 0xBAC3, 0xC303, 0xC2E3, 0xC2E2, 0xD343, 0xE405, 0xF54A,
    0xFDEE, 0xFE30, 0xFE31, 0xF5AE, 0xF610, 0xF5F1, 0xDC48, 0xD385,
    0xAA82, 0xA304, 0xCC07, 0xDC89, 0xE4EA, 0xED4C, 0xED2B, 0xED4C,
    0xE4CA, 0xAB67, 0x5142, 0x2040, 0x30A1, 0x40E1, 0x40E1, 0x4901,
    0x5122, 0x30A1, 0x30A0, 0x40E1, 0x38C1, 0x2880, 0x38C1, 0x40E1,
    0x5142, 0x5122, 0x40E2, 0x40E1, 0x38C1, 0x4902, 0x69A4, 0x69C4,
    0x7A26, 0x92C8, 0xBBCB, 0xE530, 0xB44E, 0x9BCC, 0xA3ED, 0x9BED,
    0x9BED, 0x9BED, 0xA3ED, 0xA3ED, 0xA3ED, 0xA3ED, 0x9BED, 0x9BED,
    0x9BED, 0x9BCD, 0x9BCD, 0x9BCD, 0x93AD, 0x93AC, 0x938C, 0x938C,
    0x8B6C, 0x8B6B, 0x832B, 0x7B0A, 0x7AEA, 0x72C9, 0x6A89, 0x6268,
    0x6268, 0x5A48, 0x5A48, 0x5A49, 0x5A49, 0x6269, 0x628A, 0x628A,
    0x6205, 0x61E5, 0x61E5, 0x61E4, 0x61E5, 0x61E5, 0x6205, 0x6205,
    0x6205, 0x61E5, 0x61E5, 0x61E5, 0x61E5, 0x61E5, 0x61E4, 0x61E4,
    0x61E4, 0x61E4, 0x61E3, 0x69E3, 0x69E3, 0x7203, 0x7204, 0x7A24,
    0x7A44, 0x8244, 0x8244, 0x8244, 0x8244, 0x8243, 0x8223, 0x8223,
    0x8223, 0x8223, 0x8243, 0x8223, 0x9AE6, 0xDCAE, 0xBBCB, 0x92E8,
    0x92C8, 0x71E5, 0x5123, 0x4102, 0x40E2, 0x4102, 0x5143, 0x38E2,
    0x40E2, 0x38E2, 0x4102, 0x4902, 0x38C1, 0x2881, 0x2060, 0x38A1,
    0x30A1, 0x28A1, 0x30A1, 0x30A1, 0x4102, 0x2881, 0x30A1, 0x40E1,
    0x38C1, 0x38C1, 0x40E1, 0x4922, 0x40E1, 0x7A24, 0xD469, 0xE4EA,
    0xDCCA, 0xDCCA, 0xC3E7, 0x69A1, 0x92A4, 0xB2C2, 0xBAA1, 0xC303,
    0xC2C2, 0xC2E2, 0xCB23, 0xC2E3, 0xCB03, 0xBA82, 0xBAA2, 0xD323,
    0xCAE2, 0xB2A2, 0xC2E3, 0xC2E2, 0xC2E3, 0xC2E2, 0xC303, 0xCB23,
    0xD342, 0xEC45, 0xFDAD, 0xFE51, 0xFE71, 0xF610, 0xF5AE, 0xFE0F,
    0xF5EE, 0xF5AD, 0xF5EE, 0xF5CE, 0xF5EF, 0xF5CE, 0xF5AC, 0xF54A,
    0xE405, 0xD322, 0xDB42, 0xD363, 0xE425, 0xF52A, 0xF52B, 0xF58D,
    0xF5CE, 0xF5CF, 0xFE51, 0xF5F0, 0xF5CF, 0xF610, 0xF5F0, 0xE4CA,
    0xE489, 0xCB44, 0xCB44, 0xCB23, 0xC2C2, 0xC2E3, 0xC323, 0xCB23,
    0xD343, 0xE468, 0xFE10, 0xFE30, 0xF5CF, 0xF610, 0xF5F0, 0xF631,
    0xED0A, 0xBAC2, 0xBAA2, 0xC2E3, 0xC2C2, 0xC2E3, 0xCB44, 0xC2E3,
    0xC2C3, 0xCB03, 0xD343, 0xDB64, 0xD363, 0xE425, 0xF56B, 0xFE30,
    0xFDEF, 0xF5CE, 0xFE52, 0xFE31, 0xF610, 0xED2D, 0xD408, 0xC324,
    0xA2A3, 0x92C4, 0xC3E7, 0xDC89, 0xDC89, 0xE50B, 0xE4CA, 0xBBC8,
    0x8AA6, 0x4901, 0x3080, 0x2880, 0x2060, 0x30A1, 0x38C1, 0x40E1,
    0x38A1, 0x38A1, 0x3080, 0x40E1, 0x40E1, 0x2880, 0x30C1, 0x40E2,
    0x4102, 0x4922, 0x4902, 0x4902, 0x38C1, 0x30A1, 0x5943, 0x69A4,
    0x8246, 0x92E8, 0x9AE9, 0xD44D, 0xDD10, 0xB44E, 0xA3ED, 0xA40D,
    0xA40D, 0xA40D, 0xA40D, 0xA40D, 0xA40D, 0xA40E, 0xA40D, 0x9BED,
    0xA3ED, 0x9BED, 0x9BED, 0x9BED, 0x9BCD, 0x93AD, 0x93AC, 0x938C,
    0x938C, 0x8B6C, 0x834B, 0x832B, 0x7B0A, 0x72CA, 0x72A9, 0x6A89,
    0x6268, 0x6248, 0x5A69, 0x5A69, 0x5A69, 0x628A, 0x62AA, 0x628A,
    0x61E5, 0x59E5, 0x61E4, 0x61E4, 0x61E5, 0x61E5, 0x61E5, 0x61E5,
    0x61E5, 0x61E5, 0x61E5, 0x61E5, 0x61E5, 0x61E5, 0x61E4, 0x61C4,
    0x61C4, 0x61C4, 0x61C3, 0x61C3, 0x69E3, 0x71E3, 0x7203, 0x7A24,
    0x7A44, 0x8244, 0x8244, 0x8244, 0x8244, 0x8244, 0x8243, 0x8223,
    0x8223, 0x8243, 0x8243, 0x8243, 0xCC2C, 0xDCAE, 0xB36A, 0x92A8,
    0x7A26, 0x6184, 0x5963, 0x4922, 0x4102, 0x5143, 0x4102, 0x38C1,
    0x4922, 0x4922, 0x40E2, 0x30A1, 0x2880, 0x1840, 0x2881, 0x2881,
    0x2060, 0x2881, 0x30A1, 0x2880, 0x38A1, 0x30A1, 0x30A1, 0x2880,
    0x2881, 0x40E1, 0x38C1, 0x30A1, 0x40E1, 0x40E1, 0x69A2, 0xBBC7,
    0xDCA9, 0xD469, 0xC3E7, 0x71E2, 0xA305, 0xC3C6, 0xC323, 0xBAC2,
    0xBAA2, 0xCB23, 0xC2E3, 0xBAA2, 0xBAA2, 0xBAC2, 0xC303, 0xBAC2,
    0xC2C2, 0xC2E2, 0xBAC2, 0xC2E2, 0xBAC2, 0xC2E3, 0xC2E3, 0xD363,
    0xEC66, 0xFDAC, 0xFE0F, 0xFE0F, 0xFE0F, 0xF5CE, 0xFDEF, 0xFE10,
    0xF5CE, 0xF5EF, 0xF60F, 0xF5CE, 0xF610, 0xF5CE, 0xF5AD, 0xF58D,
    0xF52A, 0xECA7, 0xF4E9, 0xECA8, 0xF58C, 0xF58D, 0xE50A, 0xF5CE,
    0xF5AE, 0xF5EF, 0xF631, 0xF5EF, 0xF610, 0xF5F0, 0xED2C, 0xCB85,
    0xDBC5, 0xBAA2, 0xBAC3, 0xCB23, 0xCAC2, 0xCAE2, 0xCB03, 0xCB44,
    0xC303, 0xD363, 0xF52B, 0xFE30, 0xF5EF, 0xF610, 0xF610, 0xF610,
    0xF58D, 0xD384, 0xC2E3, 0xCB44, 0xCB03, 0xBAC2, 0xC303, 0xCB23,
    0xC2E3, 0xCB03, 0xD343, 0xE3C4, 0xEC45, 0xF52A, 0xFE51, 0xFE72,
    0xFE92, 0xFE30, 0xFE30, 0xF610, 0xF5AE, 0xD3E7, 0xBAC3, 0xBAE3,
    0xAAC3, 0x8A84, 0xB3A7, 0xC407, 0xD448, 0xD4AA, 0x8264, 0x4901,
    0x4901, 0x38A0, 0x2880, 0x2860, 0x2860, 0x30A0, 0x30A1, 0x38C1,
    0x38A1, 0x30A1, 0x2880, 0x38C1, 0x38C1, 0x30A1, 0x2880, 0x4902,
    0x6183, 0x5122, 0x4902, 0x4902, 0x4902, 0x40E2, 0x5123, 0x38E2,
    0x59A4, 0x8A87, 0xAB6A, 0xC40C, 0xE4CF, 0xCCD0, 0x9BED, 0xA42E,
    0xA40E, 0xA42E, 0xA42E, 0xA42E, 0xA42E, 0xA42E, 0xA40E, 0xA40E,
    0xA40E, 0xA40E, 0xA3ED, 0x9BED, 0x9BED, 0x9BCD, 0x93AD, 0x93AC,
    0x938C, 0x8B6C, 0x8B6B, 0x832B, 0x7B0A, 0x7AEA, 0x72C9, 0x6AA9,
    0x6289, 0x6269, 0x6269, 0x6269, 0x628A, 0x6AAA, 0x6AAA, 0x628A,
    0x59C5, 0x59C5, 0x59C5, 0x59C5, 0x59C5, 0x59E5, 0x59E5, 0x59E5,
    0x59E5, 0x59E5, 0x59E5, 0x61E5, 0x59C5, 0x59E5, 0x59C4, 0x59C4,
    0x59C4, 0x61C4, 0x61C4, 0x61C4, 0x69E4, 0x7204, 0x7204, 0x7A24,
    0x7A44, 0x8244, 0x8244, 0x8264, 0x8264, 0x8244, 0x8243, 0x8223,
    0x8223, 0x8243, 0x8223, 0x9AE6, 0xDCCF, 0xC3EC, 0x9AC8, 0x8246,
    0x69E5, 0x61A4, 0x5143, 0x40E2, 0x38C1, 0x5143, 0x38C1, 0x4102,
    0x38E2, 0x38C1, 0x30C1, 0x2060, 0x2060, 0x2060, 0x30A1, 0x2881,
    0x2060, 0x2881, 0x30A1, 0x2860, 0x2860, 0x2060, 0x2860, 0x2881,
    0x28A1, 0x40E1, 0x4102, 0x30A1, 0x40E1, 0x38C1, 0x38A0, 0x6162,
    0xBBA7, 0xD489, 0xB386, 0x7A22, 0xB366, 0xCC28, 0xD3E5, 0xC302,
    0xCB43, 0xC2E2, 0xBA81, 0xAA61, 0xAA41, 0xC2E2, 0xCB03, 0xC2E2,
    0xC2E2, 0xBAA2, 0xBAA1, 0xB282, 0xBAA2, 0xC2E2, 0xCB23, 0xE404,
    0xF56B, 0xFDEE, 0xF5EE, 0xF5AD, 0xF5CD, 0xFDEE, 0xFE30, 0xFE30,
    0xF5EE, 0xF60F, 0xF5CE, 0xFE51, 0xFE0F, 0xF60F, 0xF60F, 0xF5CE,
    0xF5AD, 0xF5CE, 0xFDEE, 0xF5AD, 0xF5AD, 0xED8D, 0xF5AE, 0xF5F0,
    0xF5AE, 0xF610, 0xF630, 0xF58D, 0xED6D, 0xED2C, 0xDBE6, 0xD364,
    0xC303, 0xB262, 0xBAC2, 0xCB44, 0xC2C2, 0xCB23, 0xCB43, 0xD364,
    0xD384, 0xCB23, 0xE447, 0xFE10, 0xF5F0, 0xF5EF, 0xF610, 0xF630,
    0xF5EF, 0xDC06, 0xD364, 0xCB03, 0xBAC2, 0xBAC2, 0xB282, 0xCB23,
    0xCB03, 0xCAE2, 0xDB42, 0xECA8, 0xF54A, 0xF56C, 0xFE31, 0xFE73,
    0xFE51, 0xFE72, 0xFE31, 0xFE51, 0xE52C, 0xC324, 0xBAA2, 0xC2E3,
    0xBAE3, 0x9284, 0xA346, 0xCC28, 0xCC49, 0x8264, 0x3080, 0x48E1,
    0x48E1, 0x40C1, 0x30A0, 0x2060, 0x30A1, 0x38C1, 0x2880, 0x3080,
    0x3080, 0x2860, 0x3080, 0x38A1, 0x30A1, 0x38C1, 0x2880, 0x38A1,
    0x5122, 0x6163, 0x5963, 0x5963, 0x5122, 0x5123, 0x6984, 0x5963,
    0x5164, 0x69E5, 0x92E9, 0xAB6A, 0xD46D, 0xE510, 0xAC2E, 0xA42E,
    0xAC2E, 0xA42E, 0xA42E, 0xA42E, 0xA42E, 0xA42E, 0xA42E, 0xA40E,
    0xA40E, 0xA42E, 0xA40E, 0xA40D, 0x9BED, 0x9BED, 0x9BCD, 0x93CD,
    0x93AD, 0x938C, 0x8B6C, 0x834B, 0x830B, 0x7AEA, 0x72CA, 0x6AA9,
    0x6A89, 0x6289, 0x6289, 0x628A, 0x628A, 0x6AAA, 0x6AAA, 0x6AAA,
    0x51C5, 0x51C5, 0x59C5, 0x59C5, 0x59C5, 0x59C5, 0x59C5, 0x59C5,
    0x59C5, 0x59C5, 0x59E5, 0x59E5, 0x59E5, 0x59E5, 0x59E5, 0x59C5,
    0x59C5, 0x59C4, 0x61E4, 0x69E4, 0x6A05, 0x7225, 0x7225, 0x7A45,
    0x7A45, 0x8265, 0x8265, 0x8265, 0x8264, 0x8264, 0x8243, 0x8243,
    0x8223, 0x8243, 0x8223, 0xC40C, 0xD48E, 0xA329, 0x9AC8, 0x8267,
    0x71E5, 0x4902, 0x4922, 0x4102, 0x5963, 0x5143, 0x38C1, 0x4102,
    0x4102, 0x4102, 0x40E2, 0x2880, 0x2040, 0x2860, 0x38A1, 0x2060,
    0x30A1, 0x30A1, 0x30A1, 0x30A1, 0x30A1, 0x2060, 0x2080, 0x30A1,
    0x30A1, 0x30C1, 0x4902, 0x38E1, 0x40E1, 0x40C1, 0x30A0, 0x3880,
    0x79E3, 0xC408, 0x9B25, 0x7202, 0xB386, 0xD448, 0xDC47, 0xDC06,
    0xD3A4, 0xDBC5, 0xD364, 0xBAA1, 0xC2E2, 0xD323, 0xBAA2, 0xB281,
    0xA201, 0xAA61, 0xAA41, 0xA221, 0xBAC2, 0xCB02, 0xD384, 0xE426,
    0xFDAC, 0xF5EE, 0xF5CD, 0xF5CD, 0xFE2F, 0xFDEE, 0xFE30, 0xF60F,
    0xF60F, 0xFE30, 0xF610, 0xFE10, 0xF5EE, 0xFE30, 0xF60F, 0xFE30,
    0xF5CE, 0xF5EF, 0xF60F, 0xF5EE, 0xF5CE, 0xF5EF, 0xF5EF, 0xF610,
    0xF5CE, 0xF610, 0xED6C, 0xDC48, 0xDC07, 0xDBE6, 0xD344, 0xC303,
    0xBAC2, 0xB282, 0xBA82, 0xCB44, 0xD344, 0xBAA2, 0xCB03, 0xCB23,
    0xD364, 0xD385, 0xD3A4, 0xF54C, 0xF5F0, 0xF5CF, 0xF5CF, 0xF5EF,
    0xFE30, 0xED2B, 0xD364, 0xCB23, 0xC2E3, 0xB282, 0xB241, 0xBAA2,
    0xDC06, 0xE426, 0xEC87, 0xF56B, 0xF56B, 0xF56B, 0xF58C, 0xFE72,
    0xFE72, 0xFE51, 0xFE10, 0xFE52, 0xEDAF, 0xCB85, 0xD364, 0xCB44,
    0xBAE3, 0x8222, 0x9B05, 0xB3C8, 0x6A04, 0x30A0, 0x3080, 0x40E1,
    0x40E1, 0x40C1, 0x38C1, 0x2880, 0x30A1, 0x38C1, 0x30A0, 0x2880,
    0x2060, 0x2060, 0x2860, 0x2881, 0x30C1, 0x38C1, 0x2880, 0x3080,
    0x3080, 0x5963, 0x61A4, 0x6184, 0x61A4, 0x5943, 0x6183, 0x4902,
    0x5984, 0x8A67, 0x9AC8, 0x92A8, 0xBBAB, 0xED10, 0xCCD0, 0xA40E,
    0xAC4E, 0xAC4E, 0xAC2E, 0xAC2E, 0xA42E, 0xA42E, 0xA42E, 0xA42E,
    0xA40E, 0xA42E, 0xA40E, 0xA40E, 0xA3ED, 0x9BED, 0x9BCD, 0x9BCD,
    0x93AD, 0x938C, 0x8B6C, 0x8B6B, 0x832B, 0x7B0A, 0x72CA, 0x6AA9,
    0x6AA9, 0x6289, 0x6289, 0x628A, 0x628A, 0x6ACA, 0x6AAA, 0x6A8A,
    0x51C6, 0x51C6, 0x51C6, 0x59E6, 0x59E6, 0x59E6, 0x59C5, 0x59C5,
    0x59E5, 0x5A06, 0x6206, 0x6206, 0x6206, 0x6206, 0x6206, 0x6206,
    0x6206, 0x6206, 0x6206, 0x6A26, 0x7226, 0x7246, 0x7246, 0x7A46,
    0x7A66, 0x8266, 0x8286, 0x8265, 0x8265, 0x8264, 0x8244, 0x8243,
    0x8243, 0x8223, 0xA2E6, 0xDCEF, 0xC40C, 0xA309, 0x92C8, 0x8A67,
    0x5963, 0x4922, 0x5963, 0x4922, 0x69C4, 0x38C1, 0x4102, 0x4922,
    0x40E2, 0x40E2, 0x38C1, 0x2860, 0x1840, 0x3081, 0x30A1, 0x2060,
    0x2080, 0x30A1, 0x2881, 0x2881, 0x30A1, 0x2880, 0x30A1, 0x2881,
    0x2880, 0x2881, 0x30C1, 0x40E1, 0x40E1, 0x40E1, 0x40E1, 0x38C1,
    0x38A0, 0x7A44, 0x8AA4, 0x7A43, 0xBBE7, 0xD469, 0xDC88, 0xE4E9,
    0xED0A, 0xED6B, 0xECC8, 0xE3E4, 0xD363, 0xC2C2, 0xB241, 0xAA41,
    0xAA41, 0xAA41, 0x91C1, 0xAA61, 0xC2C2, 0xD343, 0xCB23, 0xE446,
    0xFE0E, 0xFE2F, 0xF5CD, 0xFE30, 0xFE0F, 0xFE0F, 0xFE30, 0xF5EF,
    0xF651, 0xF5EF, 0xF610, 0xF610, 0xF60F, 0xFE30, 0xFE0F, 0xFE30,
    0xF610, 0xF5CE, 0xF5EE, 0xF5AD, 0xF5EF, 0xF60F, 0xF610, 0xFE10,
    0xF5EF, 0xF5CF, 0xD3C6, 0xBAC3, 0xC303, 0xD364, 0xCB23, 0xB282,
    0xC2E3, 0xBAA2, 0xA221, 0xC2E3, 0xD385, 0xC303, 0xCB23, 0xC2E2,
    0xBAC2, 0xCB24, 0xCB64, 0xD343, 0xF56D, 0xF631, 0xF610, 0xFE31,
    0xF5EF, 0xF5AE, 0xE488, 0xCB23, 0xCB23, 0xC303, 0xC2E2, 0xDBA4,
    0xF52A, 0xF58C, 0xF56B, 0xF5CE, 0xF5CE, 0xF5CE, 0xF5AD, 0xF60F,
    0xFE51, 0xFE51, 0xFE31, 0xFE30, 0xED4D, 0xCB65, 0xCB65, 0xCB64,
    0xBAE3, 0x8202, 0x92C5, 0x61C3, 0x2040, 0x2860, 0x3080, 0x2880,
    0x30A1, 0x30A0, 0x2880, 0x2880, 0x30A1, 0x30A1, 0x3080, 0x3080,
    0x2880, 0x38A1, 0x38E1, 0x38C1, 0x2081, 0x40C1, 0x2881, 0x2880,
    0x1840, 0x38C1, 0x5163, 0x5143, 0x5963, 0x5983, 0x5963, 0x4943,
    0x4102, 0x69A4, 0x8A87, 0x9AE8, 0x92A8, 0xC3EC, 0xED51, 0xB48F,
    0xAC4E, 0xAC4E, 0xAC4E, 0xAC2E, 0xAC2E, 0xAC2E, 0xA42E, 0xA42E,
    0xA40E, 0xA40E, 0xA40E, 0xA40E, 0xA40E, 0x9BED, 0x9BED, 0x9BCD,
    0x93CD, 0x93AD, 0x8B6C, 0x8B6B, 0x832B, 0x7B0B, 0x72CA, 0x6AA9,
    0x6A89, 0x6289, 0x6269, 0x5A6A, 0x628A, 0x6AAA, 0x6AAA, 0x6289,
    0x51E7, 0x51E7, 0x5A07, 0x5A07, 0x5A07, 0x5A27, 0x6227, 0x6227,
    0x6227, 0x6227, 0x6247, 0x6248, 0x6A48, 0x6A48, 0x6A48, 0x6A48,
    0x6A48, 0x6A48, 0x6A48, 0x6A48, 0x7268, 0x7267, 0x7267, 0x7A87,
    0x7A87, 0x8287, 0x8287, 0x8286, 0x8285, 0x8265, 0x8264, 0x8243,
    0x8243, 0x8223, 0xCC2B, 0xDCAF, 0xA329, 0x9AC8, 0x8246, 0x69A4,
    0x5143, 0x4923, 0x5143, 0x5143, 0x5943, 0x4102, 0x4923, 0x4923,
    0x4102, 0x30A1, 0x30A1, 0x2060, 0x1040, 0x28A1, 0x30A1, 0x30A1,
    0x2881, 0x2880, 0x2060, 0x30A1, 0x2060, 0x2880, 0x2880, 0x2881,
    0x30A1, 0x2880, 0x2060, 0x38C1, 0x38C1, 0x38C1, 0x38C1, 0x40E1,
    0x40C0, 0x5141, 0x71E2, 0x8AA4, 0xBBC7, 0xCC28, 0xDCCA, 0xE52B,
    0xED8C, 0xF5AC, 0xED29, 0xF4E8, 0xDBC4, 0xC2C1, 0xCAE2, 0xC2C2,
    0xB281, 0xB261, 0xAA41, 0xAA41, 0xC2C2, 0xD363, 0xD342, 0xF50A,
    0xFE71, 0xFE30, 0xFE0F, 0xFE10, 0xF5CE, 0xFE30, 0xF5EE, 0xF5CE,
    0xF5F0, 0xED8D, 0xFE31, 0xF5EF, 0xF5EF, 0xF5EE, 0xF5EF, 0xFE0F,
    0xF610, 0xF5EF, 0xF5AD, 0xED4B, 0xF58D, 0xFE30, 0xF610, 0xF5EF,
    0xFE10, 0xE50B, 0xCB43, 0xCB44, 0xBAE3, 0xB2A2, 0xBA82, 0xC303,
    0xC2A2, 0xB262, 0xB282, 0xC303, 0xCB44, 0xC323, 0xC2E2, 0xC2C2,
    0xBAA2, 0xC2E2, 0xCB43, 0xCB23, 0xDBE5, 0xF5AE, 0xF631, 0xF5CE,
    0xF5EF, 0xF5CE, 0xF58D, 0xEC87, 0xE446, 0xED0A, 0xE487, 0xF52A,
    0xF5AC, 0xF5EE, 0xF5CE, 0xF60F, 0xF5EE, 0xFDEF, 0xFE0F, 0xF5EF,
    0xFE51, 0xFE30, 0xFE51, 0xF5CF, 0xF58E, 0xCBA6, 0xB2A3, 0xBAE3,
    0xB2A3, 0x71C1, 0x5982, 0x1840, 0x2060, 0x2860, 0x30A0, 0x2880,
    0x30A1, 0x2880, 0x2860, 0x2880, 0x38C1, 0x30A1, 0x2040, 0x2060,
    0x2060, 0x30A1, 0x30A1, 0x30A1, 0x2881, 0x30A1, 0x38C1, 0x2060,
    0x2060, 0x30A1, 0x40E2, 0x4102, 0x5122, 0x5963, 0x5143, 0x5984,
    0x5143, 0x69A4, 0x69C4, 0x9287, 0x9AC8, 0x9287, 0xDCAE, 0xD4F0,
    0xA44E, 0xAC4E, 0xAC4E, 0xAC4E, 0xAC4E, 0xAC2E, 0xAC2E, 0xA42E,
    0xA42E, 0xA42E, 0xA42E, 0xA40E, 0xA40E, 0x9BEE, 0x9BED, 0x9BCD,
    0x9BCD, 0x93AD, 0x8B8C, 0x8B4B, 0x832B, 0x7B0A, 0x72CA, 0x6AA9,
    0x6289, 0x6269, 0x5A69, 0x5A69, 0x628A, 0x628A, 0x628A, 0x6269,
    0x5208, 0x5A08, 0x5A28, 0x5A48, 0x6248, 0x6248, 0x6249, 0x6A69,
    0x6A69, 0x6A69, 0x6A69, 0x6A89, 0x6A89, 0x6A89, 0x7289, 0x6A89,
    0x7289, 0x7289, 0x7289, 0x7289, 0x7289, 0x7289, 0x72A9, 0x7AA9,
    0x7AA9, 0x82A9, 0x82A8, 0x82A7, 0x8286, 0x8265, 0x8264, 0x8264,
    0x8243, 0x9285, 0xE4CF, 0xB38A, 0x92C7, 0x8246, 0x8267, 0x71E5,
    0x5963, 0x5964, 0x5963, 0x61A4, 0x5984, 0x4922, 0x4923, 0x4923,
    0x38E2, 0x30A1, 0x38C1, 0x2060, 0x1840, 0x30A1, 0x2881, 0x2881,
    0x30A1, 0x30A1, 0x2060, 0x2060, 0x2881, 0x2060, 0x30A1, 0x2060,
    0x38C1, 0x2881, 0x30A1, 0x2860, 0x2880, 0x30A1, 0x38C1, 0x48E1,
    0x40C0, 0x40E0, 0x6181, 0x92C4, 0xAB67, 0xCC69, 0xDD0B, 0xED6C,
    0xED8C, 0xE509, 0xECC8, 0xED2A, 0xECC8, 0xDB83, 0xDB84, 0xCB03,
    0xBAA2, 0xA201, 0xAA41, 0xBA81, 0xC2C2, 0xD322, 0xEC66, 0xFE30,
    0xFE72, 0xF60F, 0xFE30, 0xF60F, 0xFE51, 0xFE72, 0xF5AD, 0xED4C,
    0xDC69, 0xE4EB, 0xED6D, 0xED2B, 0xF5CD, 0xF58C, 0xF60F, 0xF5EF,
    0xF60F, 0xF610, 0xF610, 0xF5CE, 0xF5EF, 0xF610, 0xF610, 0xF5EF,
    0xED2B, 0xDBE6, 0xC303, 0xC324, 0xBAC3, 0xBAE3, 0x9A01, 0xB282,
    0xCB03, 0xCB23, 0xC2E2, 0xC303, 0xBB03, 0xBAC3, 0xC2E3, 0xCB03,
    0xCB23, 0xCB43, 0xD363, 0xD364, 0xD384, 0xECEA, 0xF610, 0xF5CE,
    0xFE30, 0xF630, 0xF5EF, 0xF56C, 0xF56B, 0xF58C, 0xF54B, 0xED2A,
    0xF54B, 0xF5EE, 0xF5CE, 0xF5CE, 0xF5CE, 0xF5CE, 0xF5EF, 0xF5EF,
    0xFE51, 0xFE10, 0xFE52, 0xF610, 0xED6D, 0xE48A, 0xC304, 0xAA62,
    0xB2A3, 0x71A1, 0x1840, 0x1840, 0x2060, 0x2880, 0x38C1, 0x30A1,
    0x2880, 0x1840, 0x2860, 0x2880, 0x38A1, 0x38C1, 0x2060, 0x1840,
    0x2060, 0x2880, 0x30A1, 0x2880, 0x2881, 0x30A1, 0x30A1, 0x30A1,
    0x1860, 0x38C1, 0x40E2, 0x4902, 0x5122, 0x5943, 0x5963, 0x5943,
    0x5143, 0x6163, 0x71C5, 0x8226, 0xA2E9, 0xA309, 0xBBCB, 0xE510,
    0xAC6F, 0xAC4E, 0xAC4E, 0xAC4E, 0xAC4E, 0xAC2E, 0xAC2E, 0xAC2E,
    0xA42E, 0xA42E, 0xA42E, 0xA40E, 0xA40E, 0x9BEE, 0x9BED, 0x9BCD,
    0x93CD, 0x93AD, 0x8B8C, 0x8B4B, 0x832B, 0x7B0A, 0x72CA, 0x6A89,
    0x6269, 0x5A49, 0x5A49, 0x5A49, 0x5A69, 0x628A, 0x6269, 0x5A69,
    0x5A28, 0x5A28, 0x5A49, 0x6269, 0x6269, 0x6269, 0x6A89, 0x6A8A,
    0x6AAA, 0x72AA, 0x72AA, 0x72AA, 0x72AA, 0x72CA, 0x72AA, 0x72AA,
    0x72AA, 0x72CA, 0x72CA, 0x7ACA, 0x7ACA, 0x7ACA, 0x7ACA, 0x7ACA,
    0x7ACA, 0x82CA, 0x82C9, 0x82A8, 0x8287, 0x8286, 0x8264, 0x8A64,
    0x8223, 0xA327, 0xD48E, 0xA329, 0xA349, 0x8246, 0x8246, 0x5984,
    0x5963, 0x4943, 0x61A4, 0x5984, 0x4122, 0x4923, 0x5143, 0x4102,
    0x4102, 0x38C2, 0x2881, 0x1840, 0x2881, 0x30A1, 0x30A1, 0x2881,
    0x30A1, 0x38E2, 0x1860, 0x2881, 0x2080, 0x30A1, 0x38E1, 0x30A1,
    0x40E1, 0x2881, 0x2880, 0x2881, 0x30A1, 0x2881, 0x3080, 0x48E1,
    0x40C1, 0x38A0, 0x5121, 0x8A84, 0xB3A7, 0xCC8A, 0xDCEB, 0xE54C,
    0xE4EA, 0xE4C9, 0xED4B, 0xF58C, 0xED4A, 0xECC8, 0xE447, 0xCB22,
    0xB261, 0xAA21, 0xB281, 0xCAE2, 0xCB22, 0xECA8, 0xFDEE, 0xFE72,
    0xFE50, 0xFE30, 0xF60F, 0xF60F, 0xFE51, 0xF610, 0xE4A9, 0xDC47,
    0xC304, 0xCB65, 0xDC06, 0xECCA, 0xF58D, 0xF5EF, 0xF610, 0xF60F,
    0xF5EF, 0xF60F, 0xF610, 0xF5EF, 0xF5CE, 0xF5EF, 0xF60F, 0xF5AE,
    0xE447, 0xCB03, 0xB2A2, 0xBAC3, 0xB2A2, 0xB282, 0xBAA2, 0xBAA2,
    0xBAA2, 0xCB03, 0xBAA2, 0xBAA2, 0xB282, 0xBAE3, 0xBAA2, 0xCB44,
    0xCB44, 0xD385, 0xD3A5, 0xD364, 0xD364, 0xE447, 0xF610, 0xF5AE,
    0xF5EF, 0xF610, 0xF5EF, 0xF5CE, 0xF58D, 0xF58C, 0xF5AD, 0xF56C,
    0xF58C, 0xF58D, 0xF5AD, 0xED4C, 0xF5AE, 0xED6C, 0xED6D, 0xED2B,
    0xF58C, 0xF5EF, 0xF5EF, 0xFE31, 0xE52D, 0xDC49, 0xCBA6, 0xBB04,
    0xB2A2, 0x81C1, 0x1020, 0x1840, 0x2880, 0x30A1, 0x30A1, 0x2060,
    0x1840, 0x2040, 0x2880, 0x2060, 0x38A1, 0x38C1, 0x2060, 0x2060,
    0x2060, 0x2880, 0x2880, 0x38C1, 0x30A1, 0x30A1, 0x2881, 0x40E2,
    0x30A1, 0x30A1, 0x4902, 0x5143, 0x5122, 0x5143, 0x5963, 0x61A4,
    0x69A4, 0x5143, 0x6184, 0x7205, 0x7205, 0x92C8, 0xBBAB, 0xDCAE,
    0xC4D0, 0xAC4F, 0xAC4E, 0xAC4E, 0xAC4E, 0xAC2E, 0xAC2E, 0xAC2E,
    0xA42E, 0xA42E, 0xA42E, 0xA40E, 0xA40E, 0x9BEE, 0x9BED, 0x9BCD,
    0x93AD, 0x93AC, 0x8B6C, 0x834B, 0x7B2B, 0x7AEA, 0x6AAA, 0x6289,
    0x5A48, 0x5A28, 0x5228, 0x5248, 0x5A49, 0x5A49, 0x5A49, 0x5A48,
    0x62AA, 0x6AAA, 0x6AAB, 0x6ACB, 0x72CB, 0x72EB, 0x72EB, 0x72EB,
    0x72EB, 0x7AEB, 0x7AEB, 0x72EB, 0x72CB, 0x72CB, 0x72CB, 0x7ACB,
    0x7AEB, 0x7AEB, 0x7AEB, 0x7AEB, 0x7AEB, 0x7AEB, 0x7AEB, 0x7ACB,
    0x7AEB, 0x7AEA, 0x82CA, 0x82C9, 0x82A7, 0x8286, 0x8265, 0x8244,
    0x8A43, 0xCC2C, 0xC3EC, 0xAB4A, 0x8A67, 0x8A67, 0x6184, 0x5963,
    0x6184, 0x5984, 0x5163, 0x4923, 0x6184, 0x5163, 0x4922, 0x5123,
    0x40E2, 0x2881, 0x2060, 0x1840, 0x38C1, 0x30A1, 0x2881, 0x2881,
    0x38E2, 0x38C1, 0x2081, 0x2060, 0x1860, 0x2881, 0x30A1, 0x30A1,
    0x30A1, 0x30A1, 0x30A1, 0x2880, 0x30A1, 0x2060, 0x30A0, 0x40C1,
    0x38A1, 0x3080, 0x38A0, 0x7A23, 0xAB67, 0xC429, 0xD469, 0xD489,
    0xE4C9, 0xED4B, 0xF58C, 0xF5AC, 0xF56B, 0xED6B, 0xED09, 0xE3E4,
    0xCAE1, 0xCAE1, 0xDB83, 0xDBE5, 0xECC8, 0xF5AD, 0xF5EE, 0xF60F,
    0xF5CE, 0xF5EE, 0xF5CE, 0xF630, 0xFE51, 0xED4C, 0xC303, 0xCB43,
    0xBAE3, 0xB282, 0xCB85, 0xDBC6, 0xECEA, 0xED6D, 0xFE30, 0xF5EF,
    0xF5EE, 0xF5EE, 0xF5CE, 0xF5EF, 0xF5CE, 0xF5EF, 0xF60F, 0xED4C,
    0xD385, 0xC2C2, 0xB2A2, 0xC303, 0xBAC3, 0xB2A2, 0xB2A3, 0xBAC2,
    0xB282, 0xC303, 0xBAC3, 0xBAC2, 0xB282, 0xBAC3, 0xBAE3, 0xCB23,
    0xCB23, 0xC303, 0xCB23, 0xC302, 0xBAC2, 0xD363, 0xF5AD, 0xF610,
    0xF5EF, 0xF5CE, 0xF5AD, 0xF58C, 0xF5AD, 0xF5CE, 0xF5CE, 0xF5AD,
    0xF56C, 0xF5AD, 0xF5AD, 0xED4C, 0xDC48, 0xE4A9, 0xDC06, 0xDBC5,
    0xECC9, 0xFE51, 0xF610, 0xF5EF, 0xE4EB, 0xCB65, 0xCB45, 0xBAE3,
    0xBAE3, 0x81C1, 0x1020, 0x1020, 0x2860, 0x3080, 0x2880, 0x2880,
    0x2060, 0x2060, 0x2060, 0x2060, 0x3081, 0x28A1, 0x2060, 0x2060,
    0x2060, 0x2060, 0x2060, 0x38A1, 0x30A1, 0x40E2, 0x30A1, 0x40E2,
    0x38C1, 0x28A1, 0x4902, 0x5122, 0x6183, 0x4922, 0x4102, 0x61A4,
    0x7A05, 0x61A4, 0x4922, 0x69C4, 0x71E5, 0x7205, 0x92C8, 0xC3EB,
    0xD4CF, 0xAC4E, 0xAC4E, 0xAC4E, 0xAC4E, 0xAC4E, 0xAC2E, 0xA42E,
    0xA42E, 0xA42E, 0xA40E, 0xA40E, 0xA40E, 0x9BED, 0x9BED, 0x9BCD,
    0x93AD, 0x938C, 0x8B6C, 0x834B, 0x7B2B, 0x72EA, 0x6AA9, 0x6268,
    0x5A28, 0x5208, 0x5208, 0x5208, 0x5228, 0x5228, 0x5228, 0x5228,
    0x7B4D, 0x7B4D, 0x7B4D, 0x7B4D, 0x836E, 0x838E, 0x836E, 0x836D,
    0x836D, 0x834D, 0x832D, 0x7B0C, 0x7AEC, 0x7AEB, 0x7AEC, 0x7AEC,
    0x7B0C, 0x7B0C, 0x7B0C, 0x7B0C, 0x7B0C, 0x7B0C, 0x7AEC, 0x7AEC,
    0x7AEB, 0x7AEB, 0x82EA, 0x82C9, 0x82A8, 0x8287, 0x8265, 0x8223,
    0xA2E6, 0xDC8E, 0xBBAA, 0x8A66, 0x8246, 0x7205, 0x40E2, 0x69A4,
    0x5964, 0x5984, 0x4943, 0x5963, 0x5143, 0x5963, 0x40E2, 0x38C1,
    0x38A1, 0x30A1, 0x1860, 0x2881, 0x38C2, 0x2881, 0x30A1, 0x30C1,
    0x30A1, 0x38C1, 0x30C1, 0x2881, 0x30A1, 0x28A1, 0x2881, 0x30A1,
    0x2061, 0x2881, 0x28A1, 0x2880, 0x30A1, 0x2860, 0x2860, 0x2880,
    0x30A0, 0x2860, 0x30A0, 0x71A2, 0x8202, 0xAB25, 0xCC49, 0xDCCA,
    0xED4C, 0xED8C, 0xF56B, 0xF56B, 0xED4B, 0xED6B, 0xED4A, 0xF508,
    0xEC86, 0xEC87, 0xF529, 0xF54A, 0xF54B, 0xF58C, 0xF5EE, 0xF5EE,
    0xF5EE, 0xF5AD, 0xF58C, 0xFE51, 0xF56D, 0xD3A5, 0xB281, 0xBA82,
    0xB282, 0xB2A2, 0xC303, 0xD344, 0xDBC6, 0xE489, 0xF5CE, 0xF5AE,
    0xF5EF, 0xF5AD, 0xF5CE, 0xF5EF, 0xF610, 0xF610, 0xFE50, 0xE488,
    0xCB23, 0xC2E2, 0xC2E3, 0xC2E3, 0xCB23, 0xC324, 0xBAE3, 0xB2C3,
    0xC2E3, 0xBAE3, 0xB262, 0xBAA2, 0xC2E3, 0xB282, 0xBAC3, 0xBAC2,
    0xCB23, 0xD343, 0xC303, 0xC2E3, 0xCB23, 0xDBA4, 0xF58D, 0xF5EF,
    0xF60F, 0xF5EF, 0xF5CE, 0xF5CE, 0xF58D, 0xF5AD, 0xED8D, 0xF5AD,
    0xED2B, 0xECC9, 0xED2B, 0xDC27, 0xC2E2, 0xD364, 0xCB24, 0xCAE2,
    0xDBA4, 0xF58D, 0xF631, 0xF5EF, 0xED6D, 0xCB85, 0xCB44, 0xB2A3,
    0xAA62, 0x79C1, 0x1020, 0x2060, 0x2860, 0x2880, 0x3080, 0x2060,
    0x2060, 0x2880, 0x2060, 0x2060, 0x2880, 0x2060, 0x2040, 0x30A1,
    0x28A1, 0x38C1, 0x38C1, 0x38C1, 0x30A1, 0x38C1, 0x30A1, 0x2881,
    0x30A1, 0x2880, 0x4902, 0x5142, 0x6184, 0x6184, 0x4923, 0x5143,
    0x69C4, 0x69C4, 0x5143, 0x6184, 0x7A05, 0x9287, 0x8A67, 0xB36A,
    0xE4EF, 0xBC8F, 0xA42E, 0xAC4E, 0xAC4E, 0xAC2E, 0xAC2E, 0xA42E,
    0xA42E, 0xA40E, 0xA40E, 0xA40E, 0xA40E, 0x9BEE, 0x9BCD, 0x9BCD,
    0x93AD, 0x938C, 0x8B6C, 0x834B, 0x7B0A, 0x72CA, 0x6A89, 0x5A48,
    0x5207, 0x49E7, 0x49E7, 0x49E7, 0x49E7, 0x49E7, 0x51E7, 0x5207,
    0x8BAF, 0x8BAF, 0x8BCF, 0x8BCF, 0x93CF, 0x93EF, 0x93CF, 0x93CF,
    0x93CF, 0x8BAE, 0x8B8E, 0x834D, 0x7B2D, 0x7B0C, 0x7B0C, 0x7B0C,
    0x7B0C, 0x7B0C, 0x7B0C, 0x7B0C, 0x7B0C, 0x7B0C, 0x7AEC, 0x7AEC,
    0x7B0C, 0x7AEB, 0x82EA, 0x82CA, 0x82C8, 0x8287, 0x8265, 0x8223,
    0x92A5, 0xD46D, 0xAB49, 0x7A25, 0x8246, 0x5983, 0x6184, 0x5163,
    0x4923, 0x6184, 0x61A4, 0x5964, 0x4943, 0x4922, 0x4902, 0x40E2,
    0x38E2, 0x38C1, 0x2081, 0x2881, 0x38C1, 0x2881, 0x2881, 0x28A1,
    0x30A1, 0x30A1, 0x30C1, 0x2881, 0x4922, 0x4102, 0x30A1, 0x38E1,
    0x30A1, 0x2881, 0x38C1, 0x2060, 0x2880, 0x3080, 0x2880, 0x2880,
    0x3080, 0x2860, 0x38A0, 0x48E0, 0x6940, 0xA2A3, 0xD46A, 0xE52C,
    0xED4B, 0xE509, 0xED2A, 0xED6B, 0xF58C, 0xF54A, 0xF58B, 0xF58B,
    0xF58C, 0xF58C, 0xF5CD, 0xF56B, 0xF5AD, 0xF5EE, 0xF5EE, 0xF5EF,
    0xF5EE, 0xF58C, 0xF58C, 0xF60F, 0xE4A9, 0xC2E3, 0xBAA2, 0xB282,
    0xB282, 0xBAC2, 0xCB23, 0xCB02, 0xCAE2, 0xD3A5, 0xED0B, 0xF5EF,
    0xF5CE, 0xED6C, 0xF5AE, 0xF60F, 0xF5EF, 0xF610, 0xF5EE, 0xE467,
    0xC2E2, 0xC2C2, 0xB2A2, 0xBAA2, 0xBAC2, 0xC303, 0xBAE3, 0xBAE3,
    0xCB23, 0xB282, 0xA222, 0xBAA2, 0xC2C2, 0xBAC2, 0xBAE3, 0xBAC2,
    0xC2C2, 0xCB23, 0xCB23, 0xC303, 0xCB23, 0xE447, 0xF5AD, 0xF610,
    0xF5EF, 0xF5AE, 0xF5CE, 0xF5EF, 0xF5EF, 0xF5CF, 0xF5EF, 0xE4CA,
    0xE4AA, 0xD3A5, 0xD3C6, 0xCB65, 0xCB44, 0xC303, 0xBAA2, 0xBAA2,
    0xD342, 0xEC87, 0xF60F, 0xED8D, 0xF5CF, 0xDC69, 0xCB24, 0xC304,
    0x9A21, 0x6940, 0x1020, 0x1020, 0x1840, 0x1840, 0x1840, 0x2060,
    0x2860, 0x2060, 0x2880, 0x2880, 0x2860, 0x2060, 0x2880, 0x38C1,
    0x4102, 0x40E2, 0x2881, 0x2880, 0x30A1, 0x38C1, 0x38C1, 0x2060,
    0x38C1, 0x30C1, 0x40E2, 0x4922, 0x5983, 0x61A4, 0x61A4, 0x6184,
    0x5163, 0x61A4, 0x5963, 0x5163, 0x8246, 0x8A87, 0x9AA8, 0x9AE8,
    0xDC8D, 0xCCD0, 0xA42E, 0xAC2E, 0xA42E, 0xA42E, 0xA42E, 0xA42E,
    0xA42E, 0xA40E, 0xA40E, 0xA40E, 0xA40E, 0x9BED, 0x9BED, 0x9BCD,
    0x93AD, 0x8B8C, 0x8B4C, 0x832B, 0x7AEA, 0x72A9, 0x6289, 0x5A28,
    0x51E7, 0x49C7, 0x41A6, 0x41A6, 0x49C7, 0x49C7, 0x49C7, 0x51E7,
    0x9C31, 0x9C31, 0x9C31, 0x9C31, 0x9C31, 0x9C31, 0xA431, 0x9C31,
    0x9C10, 0x9BF0, 0x93CF, 0x8B8E, 0x834D, 0x7B2D, 0x7B0C, 0x7B0C,
    0x7B0C, 0x7B0C, 0x7B0C, 0x7B0C, 0x7B0C, 0x7B0C, 0x72EC, 0x7AEC,
    0x7AEC, 0x7AEB, 0x7AEB, 0x82CA, 0x82C8, 0x8287, 0x8286, 0x7A23,
    0xA327, 0xD48E, 0x92A7, 0x8246, 0x8267, 0x69C5, 0x61A4, 0x38E2,
    0x61A4, 0x61A4, 0x4923, 0x4923, 0x38E2, 0x4902, 0x4102, 0x40E2,
    0x40E2, 0x30C1, 0x2060, 0x2081, 0x38C1, 0x30A1, 0x28A1, 0x38E2,
    0x30A1, 0x30A1, 0x38E2, 0x38E1, 0x30A1, 0x38C1, 0x2881, 0x2061,
    0x38E1, 0x30A1, 0x30A1, 0x2080, 0x30A1, 0x30A0, 0x3080, 0x30A0,
    0x2880, 0x2040, 0x3080, 0x48C0, 0x7160, 0xA262, 0xBB86, 0xCC28,
    0xD467, 0xE50A, 0xED6C, 0xF5AD, 0xF5AD, 0xF5CD, 0xF5CD, 0xF5AC,
    0xF5AD, 0xF5CD, 0xF5AC, 0xF58C, 0xF5EE, 0xF5EF, 0xF5EE, 0xFE0F,
    0xF5CE, 0xF5AD, 0xF5AD, 0xF56C, 0xD364, 0xC2E2, 0xBAC2, 0xB282,
    0xBAA2, 0xC2C2, 0xC2E2, 0xBAA1, 0xBA82, 0xC303, 0xDC06, 0xED2B,
    0xED2B, 0xED6D, 0xF5AE, 0xF60F, 0xF5CE, 0xF60F, 0xF5AD, 0xE447,
    0xCB23, 0xC2C2, 0xB2A2, 0xB282, 0xBAA2, 0xC2E3, 0xC303, 0xD384,
    0xC323, 0x9A01, 0xAA62, 0xB282, 0xBAA2, 0xC2C2, 0xCB44, 0xBAE3,
    0xBAC3, 0xBAE3, 0xCB23, 0xCB23, 0xC302, 0xE467, 0xF5AE, 0xF5EF,
    0xF5EF, 0xF5AD, 0xF5AE, 0xF5CF, 0xF5CF, 0xED8E, 0xE50B, 0xDC89,
    0xD3A5, 0xC303, 0xBAE3, 0xBAA2, 0xC2E3, 0xC303, 0xC2E2, 0xC2C2,
    0xCB23, 0xE426, 0xF5CE, 0xF5AE, 0xED8D, 0xE52C, 0xD385, 0xC304,
    0x9201, 0x6940, 0x1020, 0x0800, 0x1840, 0x2040, 0x2060, 0x2880,
    0x2880, 0x1840, 0x2060, 0x2880, 0x2880, 0x2880, 0x2881, 0x38E2,
    0x38E2, 0x30C1, 0x2060, 0x2060, 0x30A1, 0x4902, 0x30C1, 0x2881,
    0x38E2, 0x38E1, 0x40E2, 0x4102, 0x4922, 0x69C4, 0x5963, 0x61A4,
    0x5143, 0x4922, 0x5963, 0x40E2, 0x8246, 0x7A05, 0x8A87, 0xA309,
    0xCC0C, 0xCCCF, 0xA42E, 0xA42E, 0xA42E, 0xA42E, 0xA42E, 0xA42E,
    0xA40E, 0xA40E, 0xA40E, 0xA40E, 0x9BEE, 0x9BED, 0x9BED, 0x93CD,
    0x93AD, 0x8B8C, 0x834B, 0x7B0B, 0x7ACA, 0x6AA9, 0x6268, 0x5A28,
    0x49C7, 0x41A6, 0x3986, 0x3986, 0x4186, 0x41A6, 0x41A6, 0x49C6,
    0xACB3, 0xAC93, 0xAC92, 0xAC92, 0xAC92, 0xAC92, 0xAC92, 0xAC92,
    0xA472, 0xA431, 0x9C10, 0x93CF, 0x8B6E, 0x834D, 0x7B0D, 0x730D,
    0x7B0D, 0x7B0D, 0x7B0D, 0x730D, 0x730C, 0x7B0C, 0x730C, 0x72EC,
    0x7AEC, 0x7AEB, 0x7AEB, 0x7AC9, 0x82A8, 0x8287, 0x8266, 0x8243,
    0xBBCA, 0xC3EB, 0x8A66, 0x7205, 0x61A4, 0x5143, 0x69C4, 0x40E2,
    0x6184, 0x4922, 0x4922, 0x4102, 0x4902, 0x4902, 0x38E2, 0x30A1,
    0x30A1, 0x30A1, 0x2060, 0x2081, 0x30A1, 0x38C1, 0x30A1, 0x38E2,
    0x30C1, 0x38E2, 0x30A1, 0x40E1, 0x38C1, 0x30A1, 0x40C1, 0x38C1,
    0x2860, 0x30A1, 0x38A1, 0x30A1, 0x2880, 0x30A1, 0x30A0, 0x30A0,
    0x3080, 0x1840, 0x2040, 0x50E0, 0x81A0, 0xA262, 0xAA82, 0xAA61,
    0xCC07, 0xED6C, 0xEDAD, 0xF5AD, 0xF5AD, 0xF5AC, 0xF56B, 0xF56B,
    0xF58C, 0xF56B, 0xF5AD, 0xFDCD, 0xFE2F, 0xFE2F, 0xF5EE, 0xF5EF,
    0xF5CD, 0xF58D, 0xF5AD, 0xE488, 0xCB23, 0xC2E3, 0xBAA2, 0xC2E3,
    0xC2C2, 0xC2C2, 0xB261, 0xC2A2, 0xBAC2, 0xBAC2, 0xCB44, 0xD364,
    0xE4CA, 0xF651, 0xF5CE, 0xF630, 0xF5CE, 0xF610, 0xF5AD, 0xE3E4,
    0xCB23, 0xBAC2, 0xBAA2, 0xC2E3, 0xC2E3, 0xC2C2, 0xC303, 0xCB43,
    0xC324, 0x91E1, 0xBAA2, 0xBAE3, 0xC2E3, 0xD364, 0xC2E3, 0xC303,
    0xBAE3, 0xC303, 0xC2C2, 0xCB43, 0xCB43, 0xED2B, 0xED6C, 0xF5AD,
    0xF5CE, 0xF5AE, 0xF58D, 0xF58E, 0xE50B, 0xDC69, 0xD407, 0xCB65,
    0xCB44, 0xAA21, 0xB282, 0xB261, 0xA221, 0xC2E3, 0xD343, 0xCB23,
    0xD343, 0xDBE5, 0xF56C, 0xF630, 0xF5CF, 0xED2C, 0xD3A6, 0xC324,
    0x9A42, 0x6120, 0x2040, 0x0800, 0x1840, 0x1840, 0x1840, 0x2880,
    0x38A1, 0x2880, 0x3081, 0x2880, 0x2881, 0x2060, 0x2880, 0x38C1,
    0x30A1, 0x38C1, 0x2880, 0x2880, 0x5122, 0x40E2, 0x38C1, 0x38C1,
    0x30A1, 0x4102, 0x38C1, 0x40E2, 0x38E2, 0x5963, 0x6183, 0x5963,
    0x5963, 0x5964, 0x5984, 0x30C1, 0x5143, 0x69C4, 0x8226, 0x92A7,
    0xAB29, 0xCC8E, 0xA42E, 0xA40E, 0xA42E, 0xA42E, 0xA42E, 0xA42E,
    0xA40E, 0xA40E, 0xA40E, 0x9BEE, 0x9BED, 0x9BED, 0x9BCD, 0x93AD,
    0x93AC, 0x8B6C, 0x832B, 0x7B0A, 0x72CA, 0x6A89, 0x6248, 0x5207,
    0x49C6, 0x3965, 0x3965, 0x3965, 0x3985, 0x4186, 0x41A6, 0x49A6,
    0xB514, 0xB4F4, 0xB4F4, 0xB4F4, 0xB4F4, 0xB4F4, 0xB4F4, 0xB4D3,
    0xACB3, 0xAC72, 0xA431, 0x93F0, 0x8BAF, 0x834E, 0x7B2D, 0x730D,
    0x7B0D, 0x7B0D, 0x730D, 0x7B0D, 0x730D, 0x730D, 0x72EC, 0x72EC,
    0x72EC, 0x7AEB, 0x7ACA, 0x7AA9, 0x7A88, 0x8287, 0x8265, 0x7A02,
    0xAB68, 0xB369, 0x8246, 0x69C4, 0x5984, 0x5983, 0x5983, 0x4902,
    0x5143, 0x4102, 0x4102, 0x4102, 0x40E2, 0x38C1, 0x30C1, 0x30A1,
    0x38C2, 0x30A1, 0x1040, 0x38C2, 0x38C1, 0x30A1, 0x2881, 0x38E2,
    0x28A1, 0x30C1, 0x38C1, 0x30C1, 0x40E2, 0x30A1, 0x2881, 0x38C1,
    0x30A1, 0x30A1, 0x30A1, 0x38C1, 0x38C1, 0x30A1, 0x38A1, 0x40C1,
    0x38A0, 0x1820, 0x2040, 0x5900, 0x89E0, 0x9A01, 0x99E0, 0xA241,
    0xD428, 0xED6C, 0xED8D, 0xED6C, 0xED4B, 0xED4B, 0xF56B, 0xF54A,
    0xF56B, 0xF58B, 0xF58B, 0xFDCD, 0xFE2F, 0xF5CE, 0xF5EF, 0xF5CE,
    0xF5EE, 0xF5EE, 0xE4A9, 0xCB44, 0xC2E3, 0xBAC3, 0xBAA2, 0xCB02,
    0xBAA2, 0xBAA2, 0xB282, 0xBAA2, 0xB2A2, 0xC323, 0xD364, 0xDBC5,
    0xECEA, 0xFE71, 0xFE30, 0xF5AE, 0xF5CE, 0xF5AD, 0xF56C, 0xEC67,
    0xDB83, 0xCB22, 0xC2C2, 0xC303, 0xB282, 0xB2A2, 0xBAC2, 0xC303,
    0xCB44, 0xA241, 0xB2A2, 0xC2E3, 0xC303, 0xC303, 0xCB44, 0xCB24,
    0xC303, 0xC303, 0xC2E2, 0xD363, 0xE488, 0xED8D, 0xED4C, 0xF5AD,
    0xF5CE, 0xEDAD, 0xF5AE, 0xE4EB, 0xDC49, 0xD385, 0xC344, 0xB282,
    0xBAC2, 0xA201, 0xB282, 0xC2E2, 0xAA82, 0xBAE3, 0xD364, 0xDB84,
    0xCB43, 0xDBE6, 0xF54B, 0xF5CF, 0xF5EF, 0xE52C, 0xC345, 0xB2C3,
    0xBB04, 0x81E1, 0x2040, 0x0800, 0x1840, 0x1840, 0x2060, 0x30A1,
    0x38C1, 0x3081, 0x30A1, 0x2880, 0x2881, 0x30A1, 0x38C1, 0x30A1,
    0x2881, 0x30A1, 0x30A1, 0x38C1, 0x40E2, 0x38E2, 0x40E2, 0x40E2,
    0x2060, 0x38C2, 0x38E2, 0x40E2, 0x4102, 0x4922, 0x4922, 0x5143,
    0x6184, 0x6184, 0x61A4, 0x4923, 0x38E2, 0x71C4, 0x7A05, 0x92A7,
    0x9AE8, 0xCC4D, 0xA42E, 0x9BED, 0xA40E, 0xA40E, 0xA40E, 0xA40E,
    0xA40E, 0xA40E, 0x9BED, 0x9BED, 0x9BED, 0x9BCD, 0x93CD, 0x93AD,
    0x8B8C, 0x8B4B, 0x832B, 0x7AEA, 0x72C9, 0x6A89, 0x5A48, 0x51E7,
    0x41A6, 0x3965, 0x3945, 0x3965, 0x4185, 0x4185, 0x49A6, 0x49C6,
    0xBD35, 0xBD35, 0xBD35, 0xBD35, 0xBD35, 0xBD35, 0xBD35, 0xBD14,
    0xB4D3, 0xAC93, 0xA451, 0x9C10, 0x8BAF, 0x836E, 0x7B2D, 0x730C,
    0x730C, 0x730C, 0x730D, 0x72EC, 0x72EC, 0x72EC, 0x72EC, 0x72CC,
    0x72CB, 0x72CB, 0x72AA, 0x7A89, 0x7A88, 0x8266, 0x8244, 0x7A03,
    0xBBCA, 0xC3EB, 0x8A66, 0x8246, 0x5983, 0x5963, 0x4922, 0x4922,
    0x4922, 0x4922, 0x2881, 0x30C1, 0x38E1, 0x38C1, 0x38E2, 0x4922,
    0x4102, 0x2881, 0x1860, 0x40E2, 0x38C1, 0x38E2, 0x30A1, 0x30A1,
    0x30A1, 0x30C1, 0x4102, 0x30C1, 0x38E2, 0x30A1, 0x30C1, 0x30C1,
    0x38C1, 0x38C1, 0x30A1, 0x38C1, 0x30A1, 0x2880, 0x30A1, 0x38C1,
    0x38A0, 0x2860, 0x40A0, 0x6120, 0x7980, 0x81A0, 0x89C0, 0xAA62,
    0xCBC7, 0xE4CA, 0xED6C, 0xED2A, 0xE50A, 0xED2A, 0xED6B, 0xF58C,
    0xF5AC, 0xF5AC, 0xF56B, 0xF60F, 0xF5CE, 0xF5EE, 0xF5CD, 0xF5EE,
    0xF5EE, 0xE50A, 0xD3A5, 0xC2C2, 0xB2A2, 0xBAA2, 0xB2A2, 0xBAA2,
    0xB282, 0xC303, 0xBAE3, 0xB2A2, 0xAA82, 0xCB23, 0xD364, 0xD343,
    0xDBC6, 0xED0B, 0xED2B, 0xED8D, 0xF5AD, 0xF58C, 0xF58D, 0xED2A,
    0xEC66, 0xE405, 0xD364, 0xC323, 0xB2A2, 0xB2A3, 0xBAC3, 0xC303,
    0xCB64, 0xB2C3, 0xBAE3, 0xC2E3, 0xC303, 0xBAC3, 0xCB23, 0xC303,
    0xD385, 0xD384, 0xDBC4, 0xE488, 0xF58D, 0xF5CF, 0xF5AD, 0xED6C,
    0xF5CE, 0xED8D, 0xED2C, 0xD3E7, 0xB2A2, 0xC324, 0xC304, 0xAA62,
    0xAA62, 0xAA41, 0xBAC2, 0xBAC2, 0xBAE3, 0xC304, 0xD385, 0xCB43,
    0xCB43, 0xDBC4, 0xF54B, 0xF5CE, 0xED8E, 0xED6D, 0xCBA6, 0xAA62,
    0xAA82, 0x9A42, 0x2860, 0x0000, 0x1840, 0x2060, 0x2880, 0x30A1,
    0x30A1, 0x2880, 0x2060, 0x2880, 0x38C1, 0x38C1, 0x40E2, 0x40C1,
    0x38C1, 0x30A1, 0x2081, 0x2881, 0x2881, 0x38C1, 0x38C1, 0x4902,
    0x2860, 0x2881, 0x30C1, 0x38C1, 0x4102, 0x4102, 0x4102, 0x2880,
    0x40E2, 0x5143, 0x5963, 0x5984, 0x38C1, 0x8225, 0x69E4, 0x8267,
    0xA309, 0xC42D, 0xA42E, 0x9C0E, 0xA40E, 0xA40E, 0xA40E, 0xA40E,
    0xA3EE, 0x9BED, 0x9BED, 0x9BED, 0x9BCD, 0x9BCD, 0x93AD, 0x93AC,
    0x8B8C, 0x8B4B, 0x832B, 0x7B0A, 0x72CA, 0x6AA9, 0x6248, 0x5A27,
    0x49E6, 0x41A6, 0x41A5, 0x41A6, 0x49C6, 0x51E6, 0x51E6, 0x5A06,
    0xC555, 0xC555, 0xBD55, 0xBD55, 0xBD55, 0xBD35, 0xBD55, 0xBD35,
    0xB4F4, 0xB4B3, 0xA452, 0x9C10, 0x93AF, 0x836E, 0x7B0D, 0x72EC,
    0x72CC, 0x72EC, 0x72EC, 0x72EC, 0x72EC, 0x72CC, 0x72CB, 0x6ACB,
    0x72AB, 0x72AB, 0x72AA, 0x7A89, 0x7A67, 0x8246, 0x8224, 0x71E2,
    0x9B07, 0xC3EB, 0x9287, 0x7A25, 0x5163, 0x5963, 0x4922, 0x4102,
    0x4902, 0x38C1, 0x28A1, 0x4102, 0x38C1, 0x38C2, 0x30C1, 0x38E2,
    0x38C1, 0x2081, 0x1040, 0x40E2, 0x38C1, 0x2881, 0x2881, 0x38E2,
    0x30A1, 0x28A1, 0x38E2, 0x28A1, 0x4102, 0x30A1, 0x30A1, 0x30A1,
    0x38C1, 0x30A1, 0x30A1, 0x38C1, 0x38C1, 0x3080, 0x38A0, 0x38A0,
    0x3080, 0x2860, 0x40A0, 0x50E0, 0x6120, 0x7140, 0x91E0, 0xAA82,
    0xBAE4, 0xCB85, 0xDC89, 0xE4EA, 0xE50A, 0xED2A, 0xF56B, 0xF58C,
    0xF56B, 0xF5CD, 0xF5CE, 0xF60F, 0xF5CE, 0xF5CE, 0xF5AD, 0xF5CD,
    0xED0A, 0xD3A5, 0xC303, 0xBAA2, 0xB2A2, 0xB282, 0xB2A2, 0xBAA2,
    0xBAA2, 0xBAC3, 0xBAE3, 0xB2A2, 0xC303, 0xC2E2, 0xCB02, 0xC2E2,
    0xC303, 0xCB24, 0xE4CA, 0xF5CE, 0xF5CE, 0xF5CE, 0xF58C, 0xED2B,
    0xED0A, 0xECE9, 0xE426, 0xCB03, 0xBAE3, 0xBAE3, 0xBAC3, 0xBAE3,
    0xCB44, 0xC303, 0xBAC3, 0xC303, 0xC303, 0xC303, 0xCB44, 0xC2E3,
    0xD384, 0xEC67, 0xECE9, 0xF56C, 0xF5AE, 0xF5AE, 0xF5CE, 0xED6C,
    0xF5AE, 0xE4EB, 0xDC89, 0xC345, 0xB282, 0xB282, 0xB282, 0xB282,
    0xA221, 0xA241, 0xC2E3, 0xC2E2, 0xCB23, 0xCB44, 0xC2E3, 0xC303,
    0xD384, 0xDBC5, 0xE467, 0xFDEE, 0xF5CE, 0xED6D, 0xD428, 0xBAC3,
    0xAA62, 0x89E1, 0x2880, 0x0000, 0x2040, 0x2860, 0x2880, 0x2880,
    0x2860, 0x2860, 0x2060, 0x3081, 0x30A1, 0x30C1, 0x38C1, 0x40E1,
    0x38C1, 0x28A1, 0x28A1, 0x28A1, 0x2881, 0x38C1, 0x40E1, 0x40E1,
    0x2881, 0x2881, 0x38C1, 0x30C1, 0x40E1, 0x38C1, 0x4902, 0x30A1,
    0x30A1, 0x38C1, 0x4902, 0x69A4, 0x4902, 0x71E4, 0x7A25, 0x7205,
    0x9AA7, 0xC42D, 0xAC6F, 0xAC4E, 0xAC4E, 0xAC4E, 0xAC4E, 0xAC4E,
    0xAC4E, 0xA42E, 0xA42E, 0xA42E, 0xA40E, 0xA40E, 0x9C0D, 0x9BED,
    0x93CD, 0x93AC, 0x8B8C, 0x8B6B, 0x832B, 0x7B0A, 0x72C9, 0x6A89,
    0x6268, 0x6248, 0x6247, 0x6247, 0x6247, 0x6267, 0x6268, 0x6268,
    0xBD34, 0xBD34, 0xBD34, 0xBD34, 0xBD34, 0xBD14, 0xBD34, 0xBD14,
    0xB4D3, 0xAC92, 0xA451, 0x9C10, 0x93AF, 0x8B6E, 0x832C, 0x7AEC,
    0x72CB, 0x7ACB, 0x7AEB, 0x7ACB, 0x7ACB, 0x7ACB, 0x7ACB, 0x72CB,
    0x72AB, 0x7AAA, 0x7AAA, 0x7A88, 0x8267, 0x8245, 0x8224, 0x79E2,
    0x92C6, 0xC3CA, 0x8A66, 0x6183, 0x6183, 0x6183, 0x4902, 0x38C1,
    0x40E1, 0x30A1, 0x38C1, 0x38E1, 0x30C1, 0x28A1, 0x30C1, 0x30A1,
    0x30A1, 0x1860, 0x1860, 0x30A1, 0x30A1, 0x2881, 0x2880, 0x40E2,
    0x30C1, 0x1860, 0x2060, 0x30A1, 0x38E1, 0x38E1, 0x38C1, 0x30A1,
    0x40E1, 0x38C1, 0x38A1, 0x38A1, 0x38A1, 0x38A1, 0x3080, 0x3080,
    0x2860, 0x2040, 0x4080, 0x5900, 0x6940, 0x8180, 0x9A00, 0xAA41,
    0xA221, 0xAA61, 0xBB03, 0xDC68, 0xE4EA, 0xED6C, 0xF58C, 0xF58C,
    0xF56B, 0xF58C, 0xF5CE, 0xF5CD, 0xF5CD, 0xF58C, 0xF5AC, 0xECC9,
    0xE468, 0xCB23, 0xC2C2, 0xC2E3, 0xBAA2, 0xBAA2, 0xAA62, 0xB282,
    0xBAC2, 0xB282, 0xB2A2, 0xA241, 0xC2C2, 0xC2C2, 0xC2A2, 0xCB03,
    0xC323, 0xC323, 0xECEA, 0xED8D, 0xF5CE, 0xF5AD, 0xF5AD, 0xED4B,
    0xED6C, 0xED8D, 0xECC9, 0xD322, 0xC2E2, 0xC2E3, 0xC2E3, 0xC303,
    0xBAC2, 0xC2E3, 0xC2E3, 0xC2E3, 0xC2E3, 0xCB43, 0xDBA4, 0xE446,
    0xECE9, 0xED2B, 0xED4C, 0xF58D, 0xF5CE, 0xF5CF, 0xF5CE, 0xF5AE,
    0xEDAE, 0xCC07, 0xD3A5, 0xC324, 0xB282, 0xB282, 0xBAA2, 0xB2A2,
    0xA221, 0xAA41, 0xC2E3, 0xC2E2, 0xD343, 0xCB23, 0xC2E3, 0xCB23,
    0xD384, 0xD3A5, 0xDBA4, 0xED2B, 0xF5EF, 0xED8E, 0xE4EB, 0xBAC3,
    0xAA82, 0x79A1, 0x38C0, 0x0800, 0x1840, 0x2060, 0x2880, 0x2860,
    0x2060, 0x2880, 0x2060, 0x2880, 0x2881, 0x38C1, 0x38C1, 0x38C1,
    0x40C1, 0x30A1, 0x38C1, 0x38C1, 0x30A1, 0x38C1, 0x38C1, 0x4902,
    0x2881, 0x2880, 0x38C1, 0x30C1, 0x38C1, 0x4922, 0x40E2, 0x38C1,
    0x30A1, 0x38C1, 0x38C1, 0x5963, 0x5143, 0x5143, 0x92C7, 0x7A05,
    0xA2E8, 0xC48E, 0xB4AF, 0xB48F, 0xB48F, 0xB48F, 0xB48F, 0xB48F,
    0xB48F, 0xB48F, 0xB48F, 0xAC6F, 0xAC6F, 0xAC4E, 0xAC4E, 0xAC2E,
    0xA40D, 0xA40D, 0x9BED, 0x9BCD, 0x93AC, 0x8B6B, 0x834B, 0x832A,
    0x830A, 0x7B0A, 0x7B0A, 0x7AE9, 0x7B09, 0x7AE9, 0x7AE9, 0x7B09,
    0xBCF3, 0xBCF3, 0xBCF3, 0xBCF3, 0xBCF3, 0xBCF3, 0xBCF3, 0xBCD3,
    0xB4B2, 0xB471, 0xAC30, 0xA3EF, 0x9BAE, 0x936D, 0x830C, 0x82EB,
    0x82EB, 0x82EB, 0x82EB, 0x82EB, 0x82EB, 0x82EB, 0x82CA, 0x7ACA,
    0x7ACA, 0x82CA, 0x82C9, 0x82A8, 0x8266, 0x8245, 0x8224, 0x7A03,
    0x8223, 0xB369, 0x8245, 0x69C4, 0x5963, 0x6163, 0x5143, 0x38C1,
    0x38E1, 0x30A1, 0x38C1, 0x30A1, 0x2881, 0x30A1, 0x30C1, 0x2881,
    0x2081, 0x1020, 0x2061, 0x28A1, 0x2880, 0x30A1, 0x30A1, 0x40E1,
    0x2881, 0x28A1, 0x38C1, 0x30A1, 0x30A1, 0x38C1, 0x38C1, 0x30A1,
    0x30A1, 0x40E1, 0x38A1, 0x38C1, 0x2880, 0x3080, 0x2880, 0x3080,
    0x2840, 0x2840, 0x48C0, 0x5900, 0x81A0, 0x9A01, 0x9A01, 0xA241,
    0x9A00, 0x91E0, 0xAA41, 0xC344, 0xED0B, 0xED6C, 0xF5AE, 0xF5AD,
    0xF5AD, 0xF58C, 0xF5CD, 0xF5AD, 0xF5CD, 0xF56B, 0xF56C, 0xD3C5,
    0xD384, 0xC323, 0xC2E3, 0xC2E2, 0xC2E3, 0xBAC3, 0xA222, 0xB2A2,
    0xB282, 0xAA41, 0xAA41, 0xB261, 0xBA61, 0xBA61, 0xCAE2, 0xCB23,
    0xC323, 0xCB44, 0xDC47, 0xED8E, 0xED8D, 0xED6C, 0xED6C, 0xED8D,
    0xED8D, 0xED8C, 0xECE9, 0xDC05, 0xCB22, 0xC2E2, 0xBAA2, 0xBAA2,
    0xBAE3, 0xBAC3, 0xCB23, 0xBAE3, 0xBAC3, 0xD363, 0xE4A8, 0xF5AD,
    0xF5AE, 0xF58D, 0xF5AE, 0xED8D, 0xF5AD, 0xF5CE, 0xED8D, 0xF5CE,
    0xD469, 0xCB86, 0xBAC2, 0xB2C3, 0xBAC3, 0xB2A2, 0xBAE3, 0xBAA2,
    0xAA41, 0xAA41, 0xC323, 0xC2E3, 0xCB03, 0xC2E2, 0xB282, 0xBAC2,
    0xD364, 0xD364, 0xCB23, 0xE447, 0xF5CF, 0xED4D, 0xED6D, 0xCC07,
    0xAA62, 0x9242, 0x61A1, 0x1840, 0x1820, 0x2040, 0x2060, 0x2860,
    0x2880, 0x2860, 0x2060, 0x2880, 0x2880, 0x30A1, 0x38C1, 0x30C1,
    0x38C1, 0x2881, 0x30A1, 0x38C1, 0x30A1, 0x38C1, 0x30A1, 0x40E2,
    0x30C1, 0x1840, 0x30A1, 0x2880, 0x30A1, 0x30A1, 0x2881, 0x38C1,
    0x38C1, 0x38C1, 0x30A1, 0x5163, 0x5143, 0x5142, 0x92C7, 0x7A25,
    0xA328, 0xCCF0, 0xBCF0, 0xBCF0, 0xBCF0, 0xBCD0, 0xBCD0, 0xBCD0,
    0xBCD0, 0xBCD0, 0xBCB0, 0xBCAF, 0xB4AF, 0xB48F, 0xB48F, 0xB48F,
    0xB46E, 0xAC4E, 0xAC2E, 0xA42D, 0xA40D, 0x9BED, 0x9BCC, 0x93AC,
    0x93AC, 0x93AC, 0x93AC, 0x93AB, 0x938B, 0x938B, 0x938B, 0x938B,
    0xBCB1, 0xBCB1, 0xBCB1, 0xBCB1, 0xBCB1, 0xBC91, 0xBC91, 0xBC91,
    0xB471, 0xB430, 0xABEF, 0xA3AE, 0x9B8D, 0x934C, 0x8B0B, 0x8AEA,
    0x8AEA, 0x8AEA, 0x8B0A, 0x8AEA, 0x8AEA, 0x8AEA, 0x8AEA, 0x8AC9,
    0x8AC9, 0x8AC9, 0x8AC8, 0x8AA7, 0x8A86, 0x8A45, 0x8223, 0x8203,
    0x79E2, 0x9AA5, 0xA308, 0x69A4, 0x5142, 0x5983, 0x4902, 0x38E1,
    0x40E1, 0x38E1, 0x38C1, 0x30A1, 0x28A1, 0x2080, 0x30C1, 0x2060,
    0x2060, 0x0820, 0x1040, 0x28A1, 0x30A1, 0x30C1, 0x28A1, 0x40E2,
    0x2081, 0x2881, 0x38C1, 0x30C1, 0x28A1, 0x38C1, 0x2880, 0x38C1,
    0x38A1, 0x38A1, 0x30A1, 0x38C1, 0x30A1, 0x2880, 0x3080, 0x38A0,
    0x2860, 0x2860, 0x40A0, 0x6940, 0x91E1, 0xA221, 0xA241, 0xA221,
    0x91C0, 0x9A00, 0xA200, 0xBAE3, 0xE4C9, 0xED8C, 0xF5AD, 0xED8C,
    0xF5CE, 0xF5AD, 0xF58C, 0xF5AD, 0xED6B, 0xF56B, 0xED0A, 0xCB64,
    0xCB64, 0xC2E2, 0xCB44, 0xCB03, 0xBAE3, 0xAA82, 0x9A01, 0xAA62,
    0xAA62, 0xBAE3, 0xC2C2, 0xC2E3, 0xBA82, 0xBAA2, 0xC2E3, 0xC303,
    0xC324, 0xBAA2, 0xCBA6, 0xDCAA, 0xE50A, 0xED4C, 0xED8C, 0xF5AE,
    0xEDAD, 0xED4B, 0xE4C9, 0xE4A8, 0xDBE5, 0xD363, 0xBAA2, 0xB282,
    0xB282, 0xB2A2, 0xC2E3, 0xC303, 0xBA81, 0xD384, 0xE4A9, 0xF5CE,
    0xF5EF, 0xF5CF, 0xF5CE, 0xED8D, 0xF5AE, 0xEDAE, 0xEDAE, 0xE50B,
    0xBB04, 0xBAC3, 0xC2E3, 0xAA41, 0xAA62, 0xB282, 0xB2A3, 0xB2C3,
    0xBAA2, 0xBAA2, 0xC2E2, 0xC2E3, 0xCB03, 0xBAA2, 0xBAA2, 0xC303,
    0xCB23, 0xCB23, 0xCB23, 0xDC06, 0xF5AE, 0xED8E, 0xE54D, 0xDD0B,
    0xBB86, 0xAAC3, 0x7A44, 0x1840, 0x1820, 0x2040, 0x2060, 0x2880,
    0x2880, 0x2880, 0x2060, 0x2880, 0x2880, 0x2881, 0x30A1, 0x30A1,
    0x38C1, 0x2880, 0x28A1, 0x2881, 0x30C1, 0x40E2, 0x30A1, 0x30A1,
    0x2880, 0x1020, 0x2880, 0x2060, 0x28A1, 0x2881, 0x30A1, 0x4902,
    0x4902, 0x38C1, 0x30A1, 0x40E2, 0x4902, 0x5962, 0x69C4, 0x7A05,
    0xC44C, 0xCD31, 0xC531, 0xC531, 0xC510, 0xC510, 0xC510, 0xC510,
    0xC510, 0xC510, 0xC510, 0xC4F0, 0xC4F0, 0xC4F0, 0xBCD0, 0xBCCF,
    0xBCAF, 0xBCAF, 0xB48E, 0xB46E, 0xAC4E, 0xAC4E, 0xAC2D, 0xAC2D,
    0xAC2D, 0xAC4E, 0xAC2D, 0xAC2D, 0xAC2D, 0xAC2D, 0xAC2D, 0xAC2D,
    0xBC4E, 0xBC4E, 0xBC4E, 0xBC4F, 0xBC4F, 0xBC4F, 0xBC4F, 0xBC4F,
    0xBC2E, 0xB3EE, 0xABCD, 0xAB8C, 0xA36B, 0x9B4A, 0x9B09, 0x9AE9,
    0x9AE9, 0x9B09, 0x9B09, 0x9B09, 0x9B09, 0x9B09, 0x9B09, 0x9AE8,
    0x92E8, 0x9AE8, 0x9AE7, 0x9AC6, 0x9285, 0x9264, 0x8A23, 0x8203,
    0x79E2, 0x8224, 0xAB28, 0x7A05, 0x5142, 0x5963, 0x4902, 0x40E1,
    0x4101, 0x40E1, 0x2880, 0x2060, 0x2881, 0x30A1, 0x2880, 0x2060,
    0x1840, 0x0800, 0x2060, 0x2881, 0x28A1, 0x2881, 0x2881, 0x2881,
    0x2860, 0x2881, 0x30A1, 0x30C1, 0x30A1, 0x3081, 0x2880, 0x2880,
    0x38C1, 0x3080, 0x30A0, 0x38A0, 0x3080, 0x3080, 0x3080, 0x3080,
    0x2040, 0x3060, 0x50E0, 0x6920, 0x8180, 0xA221, 0x99E0, 0xA221,
    0x91C0, 0xA220, 0xA221, 0xC303, 0xD428, 0xE4C9, 0xED8C, 0xF5AD,
    0xF5AD, 0xED6B, 0xED4A, 0xED2A, 0xED4A, 0xF58B, 0xECC8, 0xDBC5,
    0xCB23, 0xC2E2, 0xD343, 0xC2C2, 0xB2A2, 0xB2A2, 0xB2A2, 0xB2A2,
    0xBAC3, 0xC2E3, 0xC2C2, 0xC2C2, 0xBAA2, 0xB2C2, 0xA241, 0xAA62,
    0xBAC2, 0xBAC2, 0xD364, 0xCB64, 0xED4C, 0xEDAD, 0xF5AE, 0xF5CE,
    0xED8C, 0xED6C, 0xE50A, 0xE4EA, 0xE4A8, 0xDBC5, 0xC303, 0xB282,
    0xAA62, 0xB261, 0xC303, 0xCB23, 0xD342, 0xE4C9, 0xED6C, 0xF5CE,
    0xF5EF, 0xF5CE, 0xEDAE, 0xED6C, 0xED6D, 0xF5CF, 0xE56D, 0xD3C6,
    0xB2A3, 0xB261, 0xBAC2, 0xBAA2, 0xAA41, 0xAA41, 0xB282, 0xAA62,
    0x9A01, 0xCAE2, 0xCB23, 0xCB23, 0xBAC2, 0xB282, 0xB2A2, 0xC2E3,
    0xBAE2, 0xBAA2, 0xCB23, 0xE406, 0xF58D, 0xEDAE, 0xE52C, 0xDCEB,
    0xCC69, 0xB387, 0x8264, 0x1020, 0x1000, 0x1840, 0x2040, 0x2860,
    0x2860, 0x2880, 0x3080, 0x2880, 0x3080, 0x30A0, 0x30A1, 0x38E2,
    0x30C1, 0x30A1, 0x2080, 0x2880, 0x30A1, 0x28A1, 0x38C1, 0x40E2,
    0x40E1, 0x1040, 0x2060, 0x2880, 0x2060, 0x2880, 0x30A1, 0x40E2,
    0x4901, 0x38A1, 0x38C1, 0x30C1, 0x4102, 0x5122, 0x5942, 0x92C7,
    0xD530, 0xD572, 0xCD71, 0xCD71, 0xCD51, 0xCD51, 0xCD51, 0xCD51,
    0xCD51, 0xCD51, 0xCD51, 0xCD51, 0xCD31, 0xCD31, 0xCD30, 0xC530,
    0xC510, 0xC4F0, 0xC4EF, 0xBCCF, 0xBCAF, 0xBCAF, 0xBCAE, 0xBCAF,
    0xBCAF, 0xBCAF, 0xBCAE, 0xBCAE, 0xBC8E, 0xBC8E, 0xB48E, 0xBC8E,
    0xBC0C, 0xBC0C, 0xBC0C, 0xBC0C, 0xBC0C, 0xBC0C, 0xBC0C, 0xBC0C,
    0xBBEC, 0xB3CC, 0xB3AB, 0xAB8A, 0xAB49, 0xAB28, 0xA328, 0xA308,
    0xA308, 0xA308, 0xAB08, 0xAB28, 0xA328, 0xAB28, 0xA308, 0xA308,
    0xA2E7, 0xA2E7, 0xA2E6, 0xA2C6, 0x9AA5, 0x9264, 0x8A43, 0x8223,
    0x79E2, 0x71C2, 0x9AC6, 0xA2E7, 0x6183, 0x5122, 0x40E1, 0x38E1,
    0x40E1, 0x38E1, 0x30A1, 0x30A1, 0x30A1, 0x2880, 0x2880, 0x2060,
    0x1020, 0x0000, 0x2060, 0x2881, 0x2060, 0x2060, 0x2880, 0x2060,
    0x2881, 0x3081, 0x2881, 0x2881, 0x28A1, 0x30A1, 0x2880, 0x30A1,
    0x38A1, 0x30A0, 0x30A1, 0x30A0, 0x3080, 0x3080, 0x3060, 0x2860,
    0x2840, 0x4080, 0x5900, 0x6920, 0x7960, 0x91E0, 0x9A01, 0x9A01,
    0x99E0, 0xA221, 0xB2A2, 0xC2E3, 0xBAE3, 0xDC47, 0xF58C, 0xED8C,
    0xED6B, 0xED4A, 0xED6A, 0xF56B, 0xF5CD, 0xF58C, 0xF56B, 0xD3C5,
    0xBAA2, 0xBAC2, 0xBA81, 0xC2E3, 0xBAE3, 0xB2A2, 0xBAC3, 0xBAA2,
    0xBAC3, 0xBAC2, 0xBAC2, 0xBA82, 0xBAC2, 0xB2A2, 0xAA62, 0xB282,
    0xBA82, 0xCB03, 0xD364, 0xD385, 0xED0B, 0xED8D, 0xED8D, 0xED8D,
    0xED4C, 0xED2B, 0xED2B, 0xED4B, 0xED2B, 0xE467, 0xCB22, 0xBAC2,
    0xB261, 0xCB02, 0xDBC4, 0xDBA3, 0xE487, 0xED4C, 0xED6C, 0xF5AE,
    0xED8D, 0xF5AE, 0xEDAE, 0xED8D, 0xED4D, 0xE4EB, 0xCC08, 0xC324,
    0xBAC3, 0xAA41, 0xB282, 0xBAA2, 0xAA41, 0xAA21, 0xAA61, 0xA241,
    0xA221, 0xB281, 0xCB23, 0xD344, 0xBAC2, 0xBAA2, 0xB282, 0xB282,
    0xAA61, 0xB261, 0xC2E3, 0xDBA4, 0xED0A, 0xEDCF, 0xE56D, 0xDCEB,
    0xCC69, 0xB3A7, 0x7A64, 0x2060, 0x1020, 0x1840, 0x2060, 0x2060,
    0x2880, 0x30A0, 0x2060, 0x3080, 0x2880, 0x30A1, 0x30A1, 0x30A1,
    0x2881, 0x38A1, 0x3080, 0x30A0, 0x30A1, 0x38C1, 0x38C1, 0x40E1,
    0x38C1, 0x1020, 0x1020, 0x2880, 0x2880, 0x2880, 0x2880, 0x28A1,
    0x30C1, 0x38C1, 0x4101, 0x4102, 0x5122, 0x5963, 0x69A3, 0xBC2C,
    0xDDB2, 0xD592, 0xD592, 0xD592, 0xD592, 0xD591, 0xD591, 0xD591,
    0xD591, 0xD592, 0xD592, 0xD592, 0xD572, 0xD571, 0xD571, 0xD571,
    0xCD51, 0xCD51, 0xCD30, 0xCD30, 0xCD10, 0xCD10, 0xCD10, 0xC510,
    0xC510, 0xC4F0, 0xC4F0, 0xC4EF, 0xC4EF, 0xC4EF, 0xC4EF, 0xC4EF,
    0xC3C9, 0xC3C9, 0xC3C9, 0xC3CA, 0xC3C9, 0xC3C9, 0xBBC9, 0xBBC9,
    0xBBA9, 0xBBA9, 0xBB89, 0xB368, 0xB347, 0xB347, 0xB327, 0xB327,
    0xB326, 0xB326, 0xB326, 0xB326, 0xB326, 0xB326, 0xB326, 0xB326,
    0xB326, 0xB306, 0xAB05, 0xAAE5, 0xA2A4, 0x9A84, 0x8A43, 0x8223,
    0x79E2, 0x71E2, 0x71C2, 0x92A6, 0x8245, 0x4901, 0x5142, 0x4902,
    0x40E1, 0x38C1, 0x38C1, 0x38C1, 0x30A0, 0x2880, 0x2080, 0x1840,
    0x0820, 0x0000, 0x2040, 0x2880, 0x2880, 0x2060, 0x2881, 0x30A1,
    0x30A1, 0x2060, 0x28A1, 0x2060, 0x2060, 0x2880, 0x2880, 0x2880,
    0x38A1, 0x3080, 0x30A0, 0x30A0, 0x38C0, 0x3080, 0x2860, 0x3880,
    0x3880, 0x48C0, 0x5900, 0x7980, 0x81A0, 0x89C0, 0x89A0, 0x99E0,
    0xAA61, 0xAA41, 0xB282, 0xB2A2, 0xBAC2, 0xE4CA, 0xED6C, 0xED8C,
    0xED6B, 0xED6B, 0xF58C, 0xF58B, 0xF5EE, 0xF5EE, 0xF58C, 0xD3C4,
    0xC303, 0xC2C2, 0xBAA2, 0xCB03, 0xC2E3, 0xAA61, 0xBAC2, 0xB2A2,
    0xB2A2, 0xBAC2, 0xB2A2, 0xBAA2, 0xB2A2, 0xAA61, 0xB282, 0xB2A2,
    0xB282, 0xCB23, 0xCB23, 0xC2E3, 0xD3C5, 0xE4A9, 0xEDAE, 0xED4B,
    0xED2B, 0xED4B, 0xED6C, 0xED4C, 0xED8D, 0xE4E9, 0xDC26, 0xD3A4,
    0xCB63, 0xECA8, 0xECE9, 0xED0A, 0xED4C, 0xED4C, 0xED6D, 0xEDAE,
    0xEDAE, 0xEDAE, 0xED6D, 0xEDAE, 0xE50C, 0xC365, 0xCB65, 0xB2A2,
    0xB2A2, 0xAA62, 0xAA62, 0xAA62, 0xB282, 0x9A00, 0xA221, 0xA221,
    0x89A0, 0x91E0, 0xBAA2, 0xCB02, 0xB282, 0xBAA2, 0xC2E3, 0xBAE3,
    0xBAC2, 0xC2C2, 0xC2E3, 0xD384, 0xE4A9, 0xED8D, 0xE52C, 0xDCCA,
    0xD4AA, 0xBBE8, 0x8264, 0x40C0, 0x2860, 0x1840, 0x2060, 0x2060,
    0x2880, 0x2880, 0x30A1, 0x30A0, 0x2880, 0x30A1, 0x30A1, 0x2880,
    0x30A1, 0x30A1, 0x30A1, 0x30A1, 0x30A1, 0x30A1, 0x38C1, 0x30C1,
    0x2060, 0x1840, 0x0800, 0x1840, 0x2040, 0x30A0, 0x38E1, 0x30C1,
    0x30C1, 0x38C1, 0x4902, 0x5142, 0x5983, 0x5942, 0xABAA, 0xE5B2,
    0xDDB2, 0xDDD3, 0xDDD3, 0xDDD3, 0xDDD2, 0xDDB2, 0xDDB2, 0xDDB2,
    0xDDB2, 0xDDB2, 0xDDB2, 0xDDB2, 0xDDB2, 0xDDB2, 0xD592, 0xD592,
    0xD592, 0xD591, 0xD571, 0xD571, 0xD571, 0xD551, 0xD551, 0xD551,
    0xD551, 0xCD51, 0xCD51, 0xD551, 0xD550, 0xCD50, 0xCD50, 0xCD50,
    0xC387, 0xC387, 0xC387, 0xC387, 0xC387, 0xC387, 0xC387, 0xC386,
    0xBB87, 0xBB86, 0xBB66, 0xBB66, 0xBB66, 0xBB66, 0xBB46, 0xBB46,
    0xBB45, 0xBB46, 0xBB46, 0xBB45, 0xBB45, 0xBB45, 0xBB46, 0xBB45,
    0xBB25, 0xB325, 0xB325, 0xAB05, 0xA2C4, 0x9A84, 0x9243, 0x8223,
    0x79E2, 0x71C2, 0x69A2, 0x79E3, 0x9AA6, 0x8204, 0x5942, 0x4901,
    0x40E1, 0x38C1, 0x2880, 0x2880, 0x2880, 0x2060, 0x2060, 0x1840,
    0x0800, 0x0820, 0x2060, 0x2880, 0x2060, 0x2060, 0x2881, 0x30A1,
    0x2060, 0x2060, 0x2881, 0x2060, 0x2060, 0x2880, 0x2860, 0x3080,
    0x38A1, 0x3080, 0x3080, 0x38A0, 0x2860, 0x2860, 0x40A0, 0x48C0,
    0x40A0, 0x48C0, 0x6120, 0x7940, 0x89A0, 0x89A0, 0x9A00, 0xAA21,
    0xAA41, 0xAA62, 0xAA61, 0xAA41, 0xC344, 0xE4A9, 0xED2B, 0xED4B,
    0xED4A, 0xED4A, 0xED4A, 0xF5AD, 0xF5EE, 0xF5EE, 0xF58C, 0xDC26,
    0xC303, 0xBAC2, 0xC2E3, 0xC2E2, 0xBAC2, 0xBAA2, 0xBAA2, 0xA221,
    0xB282, 0xB2A2, 0xB262, 0xAA62, 0xAA62, 0xB2A2, 0xAA41, 0xB2A2,
    0xBAA2, 0xC2E2, 0xBAC2, 0xB282, 0xC323, 0xD3C5, 0xED2B, 0xED0A,
    0xED4B, 0xED6C, 0xED4B, 0xED4C, 0xED8D, 0xED6C, 0xED6C, 0xE50A,
    0xED0A, 0xF58D, 0xED6C, 0xED4C, 0xED4C, 0xED8E, 0xED6C, 0xED8D,
    0xEDAE, 0xED8E, 0xED8D, 0xEDAE, 0xDCAA, 0xB2C3, 0xC303, 0xBAE3,
    0xBAA2, 0xA221, 0xB282, 0xB2A2, 0xAA41, 0xA201, 0x99E0, 0xAA41,
    0x89A0, 0x91C0, 0xA241, 0xB282, 0xBAC2, 0xBAC2, 0xB2A3, 0xC303,
    0xD344, 0xC303, 0xCB44, 0xDBE5, 0xED4B, 0xED8D, 0xE52C, 0xC3C7,
    0xDCCB, 0xBC29, 0x8243, 0x48E0, 0x5920, 0x38C0, 0x1020, 0x2060,
    0x2880, 0x2880, 0x30A1, 0x3080, 0x3080, 0x2880, 0x2880, 0x1840,
    0x2880, 0x38A1, 0x30A1, 0x2881, 0x2881, 0x2881, 0x30A1, 0x2060,
    0x2880, 0x2060, 0x1020, 0x1840, 0x2040, 0x2860, 0x38C1, 0x38C1,
    0x30A0, 0x4901, 0x4101, 0x5942, 0x6183, 0x9B07, 0xDD70, 0xDDF3,
    0xDDD3, 0xDDD3, 0xDDD3, 0xDDD3, 0xDDD3, 0xDDD3, 0xDDD3, 0xDDD3,
    0xDDD3, 0xDDD3, 0xDDD2, 0xDDD2, 0xDDD2, 0xDDB2, 0xDDB2, 0xDDB2,
    0xDDB2, 0xDDB2, 0xDDB2, 0xDD92, 0xDD92, 0xD591, 0xD591, 0xD591,
    0xD591, 0xD591, 0xD591, 0xD591, 0xD591, 0xD571, 0xD571, 0xD571,
    0xBB86, 0xBB86, 0xC386, 0xC386, 0xC386, 0xC386, 0xC386, 0xC386,
    0xC386, 0xBB86, 0xBB66, 0xBB66, 0xC366, 0xBB66, 0xBB66, 0xBB66,
    0xBB66, 0xBB46, 0xBB45, 0xBB45, 0xBB45, 0xBB45, 0xBB45, 0xBB45,
    0xBB45, 0xBB25, 0xB325, 0xB305, 0xAAC4, 0x9A84, 0x9243, 0x8202,
    0x79E2, 0x71C2, 0x71C2, 0x71E3, 0x71E3, 0x9AA6, 0x9285, 0x6162,
    0x4901, 0x4901, 0x38A0, 0x3080, 0x2880, 0x2060, 0x1840, 0x1840,
    0x1020, 0x1840, 0x30A0, 0x2880, 0x2880, 0x2060, 0x2060, 0x2060,
    0x1840, 0x2040, 0x2040, 0x2060, 0x3080, 0x2060, 0x2860, 0x2880,
    0x2880, 0x2860, 0x3080, 0x3080, 0x2040, 0x40A0, 0x6940, 0x50E0,
    0x48C0, 0x6100, 0x7960, 0x8180, 0x91E0, 0xA241, 0xA221, 0xAA61,
    0xA221, 0xB282, 0xB282, 0xC303, 0xDBE6, 0xDC27, 0xE4A9, 0xED2A,
    0xED4A, 0xF5AC, 0xED6B, 0xF5AD, 0xF58C, 0xF5AC, 0xECE9, 0xDBC4,
    0xCB23, 0xCB44, 0xC2E3, 0xB281, 0xB282, 0xC2C2, 0xC2C2, 0xB282,
    0xB2A2, 0xB282, 0xB282, 0xAA62, 0xB282, 0xB261, 0xA221, 0xAA62,
    0xAA41, 0xAA41, 0xB261, 0xB2A2, 0xB2A2, 0xD384, 0xED0A, 0xED4B,
    0xED6C, 0xED6C, 0xED4C, 0xEDAE, 0xEDAD, 0xED6C, 0xED2B, 0xED6C,
    0xED6C, 0xF5AE, 0xED4C, 0xED8D, 0xED6D, 0xED8D, 0xED8D, 0xED6D,
    0xED6D, 0xEDAE, 0xED6D, 0xED4D, 0xD407, 0xAA82, 0xB282, 0xB2A2,
    0xB2A2, 0xAA61, 0xAA61, 0xB282, 0xA221, 0xAA41, 0x91C0, 0x9A01,
    0x99E0, 0xAA41, 0xAA82, 0xA221, 0xB282, 0xAA61, 0xA241, 0xBAA2,
    0xBAC2, 0xCB44, 0xCB43, 0xE447, 0xED6D, 0xED4C, 0xEDAE, 0xC3E7,
    0xD449, 0xBBC8, 0x8A43, 0x6160, 0x6140, 0x8A43, 0x2860, 0x2060,
    0x3080, 0x30A0, 0x30A0, 0x3080, 0x2880, 0x2060, 0x2880, 0x2060,
    0x2880, 0x2880, 0x3080, 0x2881, 0x2080, 0x2060, 0x2860, 0x2880,
    0x2880, 0x2860, 0x1020, 0x1020, 0x1840, 0x2860, 0x30A0, 0x2880,
    0x38A0, 0x38C1, 0x4901, 0x6982, 0xA348, 0xDD91, 0xDDB2, 0xDDD2,
    0xDDD3, 0xDDD3, 0xDDD3, 0xDDD3, 0xDDD3, 0xDDB2, 0xDDD3, 0xDDD3,
    0xDDD3, 0xDDD2, 0xDDD2, 0xDDD2, 0xDDB2, 0xDDD2, 0xDDB2, 0xDDB2,
    0xDDB2, 0xDDB2, 0xDDB2, 0xDDB2, 0xDDB2, 0xDDB2, 0xDD92, 0xDD92,
    0xDD92, 0xDD92, 0xDD92, 0xDD92, 0xD591, 0xD591, 0xD571, 0xD571,
    0xBB86, 0xBB86, 0xC386, 0xC386, 0xC386, 0xC386, 0xC386, 0xC386,
    0xC386, 0xC386, 0xC386, 0xBB66, 0xBB66, 0xBB66, 0xBB66, 0xBB66,
    0xBB66, 0xBB46, 0xBB45, 0xBB45, 0xBB45, 0xBB45, 0xBB45, 0xBB45,
    0xBB45, 0xBB45, 0xBB25, 0xB305, 0xAAC4, 0x9A83, 0x9243, 0x8202,
    0x71C2, 0x69A2, 0x69A2, 0x71C2, 0x79E3, 0x8223, 0x9A85, 0x9AA5,
    0x71C3, 0x5121, 0x48E1, 0x40E1, 0x30C0, 0x2880, 0x2880, 0x2860,
    0x1020, 0x2060, 0x38A1, 0x30A1, 0x2060, 0x2060, 0x2060, 0x2060,
    0x2860, 0x1840, 0x2060, 0x2860, 0x2880, 0x2860, 0x2040, 0x2860,
    0x3080, 0x2880, 0x3080, 0x2060, 0x3080, 0x79C1, 0x81C0, 0x6120,
    0x5900, 0x7140, 0x7160, 0x89C0, 0xA241, 0xAA62, 0xA221, 0x9A00,
    0xAA61, 0xC303, 0xBAC2, 0xC2E2, 0xBAA2, 0xC303, 0xE4C9, 0xED6C,
    0xF5AD, 0xED8C, 0xED4B, 0xED4B, 0xED4B, 0xED6B, 0xE4A8, 0xDBC4,
    0xD323, 0xBAE3, 0xB2A2, 0xAA82, 0xC323, 0xBAA2, 0xBAA2, 0xBAE3,
    0xB2A2, 0xAA41, 0xAA62, 0xAA61, 0xB2A2, 0xAA41, 0xB282, 0xBAA2,
    0xB2A2, 0xB2A2, 0xBAA2, 0xB261, 0xBAA1, 0xCB84, 0xED4C, 0xED6C,
    0xED8D, 0xED6C, 0xE4EA, 0xED8D, 0xED6C, 0xED8D, 0xED4C, 0xED8D,
    0xED8D, 0xED6C, 0xED6C, 0xED8E, 0xF5CF, 0xED8D, 0xEDAE, 0xED6D,
    0xED6C, 0xED8D, 0xEDAE, 0xE4EB, 0xBAE3, 0xAA41, 0xAA61, 0xAA82,
    0xB282, 0xB282, 0xAA61, 0x9A21, 0x9A01, 0xAA41, 0x91C0, 0xA201,
    0xA201, 0xAA21, 0xB2A2, 0xAA62, 0xAA41, 0xB2A2, 0xC2C2, 0xC2E2,
    0xB2A2, 0xC2E3, 0xCB23, 0xE468, 0xEDAE, 0xED6D, 0xED8E, 0xCC28,
    0xC386, 0xB325, 0x8A22, 0x79E1, 0x6960, 0xB386, 0xA389, 0x3060,
    0x30A0, 0x38A0, 0x30A0, 0x2880, 0x2860, 0x2860, 0x2880, 0x2060,
    0x3080, 0x2880, 0x2060, 0x2060, 0x2060, 0x2880, 0x3080, 0x2880,
    0x2880, 0x2880, 0x1820, 0x1020, 0x2040, 0x2880, 0x3080, 0x2880,
    0x2880, 0x40E0, 0x7A24, 0xBC2C, 0xDD71, 0xDDD2, 0xDDB2, 0xDDB2,
    0xDDB2, 0xDDB2, 0xDDB2, 0xDDB2, 0xDDB2, 0xDDB2, 0xDDB2, 0xDDB2,
    0xDDB2, 0xDDB2, 0xDDB2, 0xDDB2, 0xDDB2, 0xDDB2, 0xDDB2, 0xDDB2,
    0xDDB2, 0xDDB2, 0xDDB2, 0xDDB2, 0xDDB2, 0xDDB2, 0xDDB2, 0xDD92,
    0xDD92, 0xDD92, 0xD592, 0xD592, 0xD591, 0xD571, 0xD571, 0xD571,
    0xBB66, 0xBB86, 0xBB86, 0xBB86, 0xC386, 0xC386, 0xC386, 0xC386,
    0xC386, 0xC386, 0xC386, 0xBB66, 0xBB65, 0xBB66, 0xBB66, 0xBB66,
    0xBB66, 0xBB66, 0xBB65, 0xBB45, 0xBB45, 0xBB45, 0xBB45, 0xBB45,
    0xBB45, 0xBB45, 0xBB45, 0xB325, 0xAAE5, 0x9A84, 0x8A43, 0x8202,
    0x71C2, 0x69A2, 0x69A2, 0x71C2, 0x79E3, 0x7A03, 0x8243, 0x92A5,
    0xA2E6, 0x9285, 0x71C3, 0x4901, 0x3080, 0x30A0, 0x30A0, 0x2060,
    0x1020, 0x2860, 0x38C0, 0x30A0, 0x2060, 0x2880, 0x2060, 0x1020,
    0x2040, 0x2860, 0x2860, 0x2060, 0x2860, 0x30A0, 0x2860, 0x2040,
    0x2860, 0x2860, 0x2040, 0x30A0, 0x79E1, 0x9A82, 0x9221, 0x7160,
    0x6940, 0x7980, 0x81A0, 0x89C0, 0x9A01, 0x9A01, 0xAA61, 0xA241,
    0xB282, 0xB282, 0xB261, 0xB261, 0xB261, 0xBB03, 0xE4A9, 0xED2A,
    0xE52A, 0xED2A, 0xED4B, 0xED6C, 0xED6C, 0xED2A, 0xED2A, 0xDC05,
    0xC2E2, 0xBAA2, 0xAA82, 0xC303, 0xC2E3, 0xBAA2, 0xB282, 0xB282,
    0xBAC2, 0xBAC2, 0xAA62, 0xB262, 0xBAC2, 0xBAC2, 0xB282, 0xBAA2,
    0xBAE3, 0xB2A2, 0xB281, 0xBAA2, 0xC2E2, 0xDC47, 0xED4C, 0xED8D,
    0xED8D, 0xED6C, 0xE52C, 0xED8E, 0xED6C, 0xED8D, 0xED8D, 0xEDAE,
    0xED8D, 0xED4B, 0xED6C, 0xF5CF, 0xEDAE, 0xED8E, 0xED6D, 0xED8D,
    0xEDAE, 0xED6D, 0xED6D, 0xE4EA, 0xAA82, 0xAA62, 0xAA82, 0xA262,
    0xA241, 0xAA41, 0xB2A2, 0xA221, 0x9A01, 0xAA82, 0xAA61, 0xA221,
    0xB261, 0xAA41, 0xAA41, 0xB282, 0xB282, 0xB282, 0xBAA2, 0xC303,
    0xC303, 0xBAC2, 0xC2E2, 0xE467, 0xED8D, 0xED6D, 0xE56D, 0xC3C7,
    0xBB03, 0xA2A3, 0x81C1, 0x81E1, 0x79A0, 0xB345, 0xEDD1, 0x82E7,
    0x2840, 0x3080, 0x2880, 0x2040, 0x1840, 0x2040, 0x2860, 0x2860,
    0x2060, 0x2880, 0x2880, 0x2060, 0x2060, 0x30A1, 0x2060, 0x2060,
    0x2880, 0x30A0, 0x2860, 0x1840, 0x2880, 0x38C0, 0x38A0, 0x40C0,
    0x69C3, 0xABCA, 0xCCEF, 0xDD91, 0xD591, 0xD571, 0xD591, 0xD591,
    0xD591, 0xD592, 0xD592, 0xD592, 0xD591, 0xD591, 0xD591, 0xD591,
    0xD591, 0xD591, 0xD591, 0xD591, 0xD591, 0xD591, 0xD592, 0xD591,
    0xD591, 0xD591, 0xD591, 0xD591, 0xD591, 0xD591, 0xD591, 0xD591,
    0xD571, 0xD571, 0xD571, 0xD571, 0xD571, 0xD571, 0xD551, 0xD551,
    0xBB86, 0xBB86, 0xBB86, 0xC386, 0xC386, 0xC386, 0xC386, 0xC386,
    0xC386, 0xC386, 0xC386, 0xC366, 0xC366, 0xC366, 0xC366, 0xBB66,
    0xBB66, 0xBB66, 0xBB66, 0xBB65, 0xBB65, 0xBB45, 0xBB45, 0xBB45,
    0xBB45, 0xBB45, 0xBB45, 0xB325, 0xAAE5, 0x9A84, 0x8A43, 0x8202,
    0x71C2, 0x69A2, 0x69A2, 0x71C2, 0x79E3, 0x8223, 0x8A44, 0x9284,
    0x9AA5, 0xA2E5, 0xA2E6, 0x9285, 0x71C3, 0x5101, 0x38A0, 0x2040,
    0x1820, 0x2860, 0x38A0, 0x30A0, 0x30A0, 0x2880, 0x2860, 0x1840,
    0x1840, 0x2880, 0x30A0, 0x38A0, 0x38A0, 0x30A0, 0x30A0, 0x2860,
    0x2040, 0x2860, 0x40A0, 0x8202, 0xAB24, 0x9AA3, 0x9A82, 0x81A0,
    0x8180, 0x89A0, 0x89C0, 0x91C0, 0x91C0, 0xAA61, 0xB282, 0xAA62,
    0xB282, 0xB261, 0xBAA1, 0xB281, 0xBAC2, 0xBAE2, 0xDC47, 0xE4E9,
    0xED2A, 0xED4B, 0xED6C, 0xED6C, 0xED8C, 0xED6B, 0xF58C, 0xE488,
    0xD343, 0xBAA2, 0xC2E3, 0xB2A2, 0xB261, 0xC2E2, 0xBAA2, 0xBAA2,
    0xBAA2, 0xB2A2, 0xB282, 0xBAC2, 0xAA41, 0xB2A2, 0xBAA2, 0xB282,
    0xBAC2, 0xAA82, 0xAA61, 0xC2C2, 0xCB23, 0xE4A8, 0xED6C, 0xED4C,
    0xED4C, 0xED8D, 0xED6C, 0xED8D, 0xED4C, 0xED8D, 0xED8D, 0xED8D,
    0xED8D, 0xED4C, 0xE52B, 0xF5EF, 0xEDAE, 0xED8D, 0xED4C, 0xED8D,
    0xED6D, 0xE52B, 0xE52B, 0xDC89, 0xB2C2, 0x9A01, 0xAA61, 0x91E1,
    0xA221, 0xAA41, 0xAA61, 0xA241, 0xA242, 0xB2A2, 0xC2E3, 0xB261,
    0xAA61, 0xAA41, 0xBA82, 0xC2E3, 0xB282, 0xBAC2, 0xC2E3, 0xB282,
    0xB2A2, 0xBAA2, 0xCB43, 0xE4C9, 0xED6D, 0xE54C, 0xE50C, 0xBBC7,
    0xAA61, 0x89E0, 0x81A0, 0x8A01, 0x81C0, 0xB345, 0xE590, 0xC4EF,
    0x69E4, 0x3080, 0x2060, 0x2860, 0x2880, 0x2880, 0x3080, 0x2860,
    0x3080, 0x38C0, 0x2880, 0x1840, 0x2060, 0x2040, 0x2860, 0x2860,
    0x3080, 0x38C0, 0x1840, 0x0800, 0x2040, 0x38A0, 0x5962, 0x9307,
    0xCCEF, 0xD571, 0xCD51, 0xCD50, 0xCD51, 0xCD51, 0xCD51, 0xD551,
    0xD551, 0xCD71, 0xCD71, 0xCD51, 0xCD51, 0xCD51, 0xCD51, 0xCD51,
    0xCD51, 0xCD51, 0xCD51, 0xCD51, 0xCD51, 0xCD51, 0xD551, 0xD551,
    0xD551, 0xD551, 0xD551, 0xD551, 0xD551, 0xCD51, 0xCD51, 0xCD51,
    0xCD50, 0xCD50, 0xCD30, 0xCD30, 0xCD30, 0xCD30, 0xCD30, 0xCD30,
    0xBB87, 0xBB86, 0xBB86, 0xC386, 0xC386, 0xC3A6, 0xC386, 0xC386,
    0xC386, 0xC386, 0xC386, 0xC386, 0xC386, 0xC386, 0xC386, 0xC366,
    0xBB66, 0xBB66, 0xBB66, 0xBB66, 0xBB65, 0xBB45, 0xBB45, 0xBB45,
    0xBB45, 0xBB45, 0xBB45, 0xB325, 0xAAE5, 0x9A84, 0x8A43, 0x8202,
    0x71C2, 0x69A1, 0x69A2, 0x69C2, 0x79E3, 0x8223, 0x8A44, 0x9284,
    0x9AA5, 0x9AC5, 0x9AC5, 0xA306, 0xAB26, 0xAB06, 0x9AC5, 0x8223,
    0x71C2, 0x7A03, 0x5962, 0x38A0, 0x38A0, 0x38A0, 0x3080, 0x2880,
    0x3080, 0x2860, 0x3080, 0x38A0, 0x40C0, 0x38A0, 0x3880, 0x3080,
    0x50E0, 0x89E1, 0x9A21, 0x9221, 0xB325, 0xAB04, 0x9AC3, 0x9A61,
    0x9200, 0x91E0, 0x91E0, 0x9A00, 0xAA41, 0xB282, 0xAA61, 0xB282,
    0xB282, 0xB282, 0xB282, 0xBAA2, 0xC2E2, 0xCB43, 0xE4EA, 0xED6C,
    0xED8D, 0xED8D, 0xED6C, 0xED6C, 0xED8C, 0xF5AD, 0xF5AD, 0xECC9,
    0xD343, 0xB282, 0xB282, 0xA221, 0xB2A2, 0xBAC2, 0xAA41, 0xBA82,
    0xB262, 0xAA62, 0xB262, 0xB261, 0xAA21, 0xBAA2, 0xB282, 0xAA61,
    0xBAC2, 0xBAC2, 0xAA82, 0xC2E2, 0xD383, 0xE4E9, 0xED4B, 0xED4C,
    0xED4C, 0xED6D, 0xED8D, 0xED8D, 0xED6C, 0xEDAD, 0xEDCF, 0xE54D,
    0xE54C, 0xDCEB, 0xE56D, 0xEDCF, 0xE54C, 0xED6D, 0xED8D, 0xED6C,
    0xED4C, 0xE52B, 0xE50B, 0xE4A9, 0xB2C2, 0xA221, 0xAA61, 0xA241,
    0xB2A2, 0xAA61, 0xAA61, 0xAA62, 0xB282, 0xAA82, 0xBAA2, 0xBAA2,
    0xBAA2, 0xBAA2, 0xB282, 0xBAC3, 0xB282, 0xC2E3, 0xBAC2, 0xB2A2,
    0xC303, 0xCB23, 0xDC05, 0xED0A, 0xE52B, 0xED6D, 0xE56D, 0xC3C7,
    0xAA82, 0x9A21, 0x81A0, 0x8A01, 0x81E1, 0xBB45, 0xD4CD, 0xBCAF,
    0xBC6D, 0x9328, 0x5982, 0x38A0, 0x3880, 0x3880, 0x38A0, 0x38A0,
    0x38A0, 0x30A0, 0x2860, 0x2860, 0x2860, 0x3080, 0x2880, 0x2860,
    0x40C0, 0x6182, 0x5183, 0x61A3, 0x7A45, 0xA369, 0xBC8D, 0xCD0F,
    0xC510, 0xC4EF, 0xC510, 0xCD10, 0xCD10, 0xCD10, 0xCD10, 0xCD10,
    0xCD10, 0xCD10, 0xCD10, 0xCD10, 0xCD10, 0xC510, 0xC510, 0xC510,
    0xC510, 0xC510, 0xC510, 0xC510, 0xC510, 0xC510, 0xC510, 0xC510,
    0xCD10, 0xCD30, 0xCD30, 0xCD30, 0xCD30, 0xCD30, 0xCD30, 0xCD10,
    0xCD10, 0xC4F0, 0xC4F0, 0xC510, 0xC4F0, 0xC4EF, 0xC4EF, 0xC4EF,
    0xBB87, 0xBB86, 0xC386, 0xC386, 0xC386, 0xC386, 0xC3A6, 0xC3A6,
    0xC3A6, 0xC386, 0xC386, 0xC386, 0xC386, 0xC386, 0xC386, 0xBB66,
    0xBB66, 0xBB66, 0xBB66, 0xBB66, 0xBB66, 0xBB65, 0xBB65, 0xBB45,
    0xBB45, 0xBB45, 0xBB45, 0xBB25, 0xAAE5, 0x9AA4, 0x8A43, 0x8202,
    0x71C2, 0x6981, 0x6982, 0x69A2, 0x79E3, 0x8223, 0x8A44, 0x9284,
    0x9AA5, 0x9AC5, 0x9AC5, 0xA2E5, 0xA306, 0xAB26, 0xB387, 0xBBC8,
    0xC3E8, 0xCC28, 0xBBA8, 0x92C5, 0x7A03, 0x6161, 0x5121, 0x4901,
    0x40C0, 0x48C0, 0x40C0, 0x48E0, 0x5121, 0x6182, 0x71C2, 0x9AC5,
    0xD3C6, 0xCB44, 0xAA82, 0x8A01, 0xBB85, 0xB365, 0xA2E4, 0xA2E3,
    0xAAE3, 0xAAA2, 0xAA81, 0xAA41, 0xB282, 0xB2A2, 0xB2A2, 0xB2A2,
    0xB2A2, 0xBAC2, 0xAA41, 0xBAC2, 0xD363, 0xE488, 0xED8C, 0xED6C,
    0xED8D, 0xED8C, 0xED6C, 0xE52B, 0xEDAD, 0xF5CF, 0xED6D, 0xED0A,
    0xDBC5, 0xC2C2, 0xBAA2, 0xBA82, 0xC303, 0xB282, 0xAA41, 0xB282,
    0xBAA2, 0xBAC2, 0xAA62, 0xBAC2, 0xB281, 0xB282, 0xAA61, 0xB2A2,
    0xAA61, 0xAA61, 0xB281, 0xD363, 0xE4C8, 0xED4C, 0xE52B, 0xED4C,
    0xED6D, 0xE52B, 0xED6D, 0xED6D, 0xE4EA, 0xE50C, 0xDCEC, 0xCBE8,
    0xBB45, 0xBB04, 0xD428, 0xE4EB, 0xDCA9, 0xE54C, 0xED6C, 0xE52B,
    0xED6C, 0xED8D, 0xE52B, 0xE4A9, 0xCB64, 0xBAC2, 0xB2A2, 0xB2A2,
    0xBAC2, 0xB2A2, 0xBAC3, 0xAA62, 0xB2A2, 0xAA82, 0xA221, 0xAA61,
    0xBAA2, 0xBAC2, 0xBAE3, 0xBAC3, 0xBAE2, 0xC303, 0xBAE3, 0xBAC2,
    0xBAC2, 0xDBC5, 0xECC9, 0xED6C, 0xED8D, 0xEDAE, 0xEDCF, 0xC3C7,
    0xAA82, 0xA241, 0x89E0, 0x9A62, 0x9222, 0xBB65, 0xD4CD, 0xB44D,
    0xB44D, 0xBC8E, 0xB42C, 0x9B69, 0x8285, 0x69C3, 0x5962, 0x48E0,
    0x38C0, 0x38A0, 0x38A0, 0x40A0, 0x38A0, 0x4900, 0x5121, 0x71E3,
    0x9B07, 0xB40B, 0xBC6D, 0xBC6D, 0xBCAE, 0xBCAE, 0xB48E, 0xBC8E,
    0xBCAE, 0xBCAF, 0xBCCF, 0xBCCF, 0xBCCF, 0xBCCF, 0xBCCF, 0xBCCF,
    0xBCCF, 0xBCAF, 0xBCCF, 0xBCCF, 0xBCCF, 0xBCCF, 0xBCAF, 0xBCAF,
    0xBCAF, 0xBCAF, 0xBCAF, 0xBCAF, 0xBCAF, 0xBCAF, 0xBCAF, 0xBCCF,
    0xBCCF, 0xBCCF, 0xC4EF, 0xC4EF, 0xC4EF, 0xC4EF, 0xC4CF, 0xC4CF,
    0xBCAF, 0xBCAF, 0xBCAF, 0xBCAF, 0xBCAF, 0xBCAF, 0xBCAE, 0xBCAF,
    0xBB87, 0xBB87, 0xBB87, 0xC387, 0xC386, 0xC386, 0xC3A6, 0xC3A6,
    0xC3A7, 0xC3A6, 0xC386, 0xC386, 0xC386, 0xC386, 0xBB86, 0xBB66,
    0xBB66, 0xBB66, 0xBB66, 0xBB66, 0xBB66, 0xBB66, 0xBB65, 0xBB65,
    0xBB45, 0xBB66, 0xBB45, 0xB325, 0xAAE5, 0x9AA4, 0x8A43, 0x7A02,
    0x71C2, 0x6181, 0x6981, 0x69C2, 0x71E3, 0x8223, 0x8A44, 0x9284,
    0x9AA5, 0x9AC5, 0x9AE5, 0xA2E6, 0xA306, 0xAB26, 0xAB67, 0xB3A8,
    0xBBE8, 0xC408, 0xC429, 0xCC6A, 0xC42A, 0xB3C8, 0xAB67, 0xAB47,
    0xA326, 0xAB67, 0xA347, 0xAB67, 0xB3A8, 0xB3C9, 0xABA8, 0xCC29,
    0xECA8, 0xC344, 0xB2E3, 0x81E0, 0xBB86, 0xBBA6, 0xAB45, 0xAB24,
    0xB344, 0xB344, 0xBB24, 0xBB03, 0xBB03, 0xBAE2, 0xB2A2, 0xBAC2,
    0xBAE2, 0xB261, 0xB282, 0xCB23, 0xDC47, 0xED4C, 0xED8D, 0xED8C,
    0xED8C, 0xED4B, 0xDCC9, 0xE52B, 0xED6C, 0xED8E, 0xED6C, 0xED8D,
    0xECEA, 0xD364, 0xCB03, 0xC303, 0xBAA2, 0xA242, 0xA241, 0xAA41,
    0xC2C2, 0xB282, 0xB282, 0xB282, 0xB261, 0xAA41, 0xB281, 0xBAC2,
    0xAA41, 0xB281, 0xCB63, 0xE4C8, 0xED4B, 0xED6C, 0xE54C, 0xED4C,
    0xED8E, 0xE54C, 0xE54C, 0xDCCB, 0xB325, 0xD449, 0xC3A7, 0xBB24,
    0xB2C3, 0xAA82, 0xC364, 0xCBE7, 0xCB85, 0xE4EA, 0xE54C, 0xED4C,
    0xEDAE, 0xED6D, 0xE50A, 0xE50A, 0xE489, 0xBB03, 0xB2A2, 0xAA62,
    0xAA62, 0xAA82, 0xB2C2, 0xB2C2, 0xB2A2, 0xB2A2, 0xA221, 0xB261,
    0xB282, 0xB282, 0xBAE3, 0xBAC3, 0xBB03, 0xAA82, 0xBB03, 0xCB64,
    0xD384, 0xE488, 0xED4C, 0xED6C, 0xEDAE, 0xEDAE, 0xED8E, 0xCBE7,
    0xAAA2, 0xAA82, 0x9200, 0x9A83, 0x9A82, 0xC3A6, 0xCCCD, 0xAC0C,
    0xAC0C, 0xAC2C, 0xAC2C, 0xB44D, 0xB44C, 0xAC0B, 0xA3AA, 0x9B28,
    0x9307, 0x8AC6, 0x7A44, 0x8285, 0x8285, 0x9307, 0xB3CA, 0xBC4C,
    0xB46D, 0xAC2C, 0xAC2C, 0xAC2D, 0xAC2D, 0xAC2D, 0xAC4D, 0xAC6E,
    0xB46E, 0xB48E, 0xB48E, 0xB48E, 0xB48E, 0xB48E, 0xB48E, 0xB48E,
    0xB46E, 0xB44E, 0xB46E, 0xB46E, 0xB46E, 0xB46E, 0xB46E, 0xAC4E,
    0xAC4E, 0xAC4E, 0xAC4E, 0xAC6E, 0xB46E, 0xB46E, 0xB46E, 0xB46E,
    0xB48E, 0xB48E, 0xB48E, 0xBC8E, 0xBCAE, 0xBC8E, 0xBC8E, 0xB48E,
    0xB48E, 0xB46E, 0xB46E, 0xB46E, 0xB46E, 0xB46E, 0xB46E, 0xB46E,
};
