/*!
	@file    05_shy_smile_240x320_RGB565.hpp
	@author  Generated by bmp2hpp.py
	@brief   Library header file for test bitmap data, holds bitmap data.
	@note    NOT part of core library only used for holding test data,
			 can be omitted in project use or port.
	@details bitmaps in file
		        -#  05_shy_smile_240x320_RGB565    : 16 bit color 565,  76800 pixels, 153600 bytes (240x320)
*/

#pragma once

/// @cond

// array size is 76800 pixels (240x320), 153600 bytes
// BMP pixel data offset 66
// RGB 565 16 bit color

const unsigned short shy_smile_240x320_RGB565[76800] PROGMEM = {
    0xC553, 0xC552, 0xC552, 0xC552, 0xC532, 0xC532, 0xBD32, 0xBD12,
    0xBD11, 0xBD11, 0xBD11, 0xBD11, 0xBD11, 0xBD11, 0xBD11, 0xB4F1,
    0xBD11, 0xBD11, 0xBCF1, 0xBD12, 0xBD12, 0xBD12, 0xBD12, 0xB4F2,
    0xB4F1, 0xB4F1, 0xB4F1, 0xBD12, 0xBD12, 0xBD12, 0xBD12, 0xBCF2,
    0xBCF1, 0xBCF1, 0xBCF1, 0xBCF1, 0xBCF1, 0xBCD1, 0xBCD1, 0xBCD1,
    0xBCD1, 0xBCD1, 0xBCD0, 0xBCD0, 0xBCD0, 0xBCD0, 0xBCD0, 0xBCD1,
    0xBCD1, 0xBCF1, 0xBCF1, 0xBCD1, 0xB4D1, 0xB4D0, 0xB4D0, 0xBCD0,
    0xBCD0, 0xBCD0, 0xBCD0, 0xB4D0, 0xB48F, 0xB46E, 0xAC4D, 0xAC0C,
    0xABCA, 0xA3A9, 0xA368, 0xA367, 0xAB67, 0xAB87, 0xB387, 0xB387,
    0xB3C9, 0xB42C, 0xB48F, 0xBCF2, 0xC554, 0xC595, 0xCDD7, 0xCE18,
    0xCE18, 0xCE18, 0xCE18, 0xCE18, 0xCE18, 0xCE18, 0xCE18, 0xCE18,
    0xCE18, 0xCE18, 0xCE18, 0xCE18, 0xCE18, 0xCE18, 0xCE18, 0xCE18,
    0xCE18, 0xCE18, 0xCE18, 0xCE18, 0xCE18, 0xCE18, 0xCDF8, 0xCDF8,
    0xCE18, 0xCDF7, 0xCDF8, 0xCDF8, 0xCDF8, 0xCDF8, 0xCDF7, 0xCDF7,
    0xCDF7, 0xCDF7, 0xCDF7, 0xCDF7, 0xCDF7, 0xCDF7, 0xCDF7, 0xCDF7,
    0xCDF7, 0xC5F7, 0xC5F7, 0xCDF7, 0xC5F7, 0xCDF7, 0xCDF7, 0xCDF7,
    0xC5F7, 0xCDF7, 0xCDF7, 0xCDF7, 0xCDF7, 0xCDF7, 0xCDF7, 0xCDF7,
    0xCDF7, 0xCDF7, 0xCDF7, 0xC5F7, 0xCDF7, 0xCDF7, 0xCDF7, 0xCDF7,
    0xC5F7, 0xCDF7, 0xCDF7, 0xCDF7, 0xC5F7, 0xC5D7, 0xC5D6, 0xC5D6,
    0xC5D6, 0xC5D6, 0xC5D6, 0xC5D6, 0xC5D6, 0xC5D6, 0xCDF7, 0xC5F7,
    0xC5F7, 0xC5F7, 0xC5F7, 0xC5D7, 0xC5D6, 0xC5D6, 0xC5D6, 0xC5D7,
    0xC5F7, 0xCDF7, 0xC5F7, 0xCDF7, 0xC5F7, 0xC5F7, 0xC5F7, 0xC5F7,
    0xC5F7, 0xC5F7, 0xC5F7, 0xC5F6, 0xC5D6, 0xC5F6, 0xC5D6, 0xC5D6,
    0xC5D6, 0xC5D6, 0xC5D6, 0xC5F6, 0xCDF6, 0xCDF6, 0xCDD6, 0xCDF6,
    0xCDF6, 0xCDF6, 0xCDF6, 0xCDD6, 0xCDD6, 0xCDF6, 0xCDF6, 0xCDF6,
    0xCDF6, 0xCDF6, 0xCDF6, 0xCDF6, 0xCDF6, 0xCDF6, 0xCDF6, 0xCDF6,
    0xCDF6, 0xCDF6, 0xCDF6, 0xCDF6, 0xCDF6, 0xCDF6, 0xCDF6, 0xCDF6,
    0xCDF7, 0xCDF6, 0xCDF6, 0xCDF6, 0xCDF6, 0xCDF6, 0xCDF6, 0xCDF6,
    0xCDF6, 0xCDF6, 0xCDF6, 0xCDF6, 0xCDF6, 0xCDF6, 0xCDF6, 0xCDF6,
    0xCDF6, 0xCDF6, 0xCDF6, 0xCDF6, 0xCDF6, 0xCDF6, 0xCDF6, 0xCDF6,
    0xC552, 0xC552, 0xC552, 0xC552, 0xC532, 0xC532, 0xBD12, 0xBD11,
    0xBD11, 0xBD11, 0xBD11, 0xBD11, 0xBD11, 0xBD11, 0xBD11, 0xBCF1,
    0xBD11, 0xBD12, 0xBD12, 0xBD12, 0xBD12, 0xBD12, 0xBD12, 0xBD11,
    0xB4F1, 0xB4F1, 0xBCF1, 0xBD11, 0xBD12, 0xBD12, 0xBD12, 0xBD12,
    0xBCF1, 0xBCF1, 0xBCF1, 0xBCF1, 0xBCF1, 0xBCF1, 0xBCD1, 0xBCD1,
    0xBCD1, 0xBCD1, 0xBCD1, 0xBCD0, 0xBCD0, 0xBCD0, 0xBCD0, 0xBCD0,
    0xBCD0, 0xBCD1, 0xBCD1, 0xBCD1, 0xBCD1, 0xBCD0, 0xBCD0, 0xBCD0,
    0xBCD0, 0xBCD0, 0xBCD0, 0xB4B0, 0xB48F, 0xB46E, 0xAC4D, 0xAC0C,
    0xABCA, 0xA3A9, 0xA368, 0xA367, 0xAB67, 0xB387, 0xB387, 0xB387,
    0xB3C9, 0xB42C, 0xB48F, 0xBCF1, 0xC554, 0xC595, 0xCDD6, 0xCDF7,
    0xCE18, 0xCE18, 0xCE18, 0xCE18, 0xCE18, 0xCDF8, 0xCDF8, 0xCE18,
    0xCDF8, 0xCE18, 0xCE18, 0xCE18, 0xCE18, 0xCE18, 0xCE18, 0xCE18,
    0xCE18, 0xCE18, 0xCE18, 0xCE18, 0xCDF8, 0xCE18, 0xCDF8, 0xCE18,
    0xCE18, 0xCE18, 0xCDF8, 0xCDF8, 0xCDF7, 0xCDF8, 0xCDF8, 0xCDF7,
    0xCDF7, 0xCDF7, 0xCDF7, 0xCDF7, 0xCDF7, 0xCDF7, 0xCDF7, 0xCDF7,
    0xCDF7, 0xCDF7, 0xC5F7, 0xC5F7, 0xC5F7, 0xCDF7, 0xCDF7, 0xCDF7,
    0xC5F7, 0xCDF7, 0xCDF7, 0xCDF7, 0xCDF7, 0xCDF7, 0xCDF7, 0xCDF7,
    0xCDF7, 0xCDF7, 0xCDF7, 0xCDF7, 0xCDF7, 0xCDF7, 0xCDF7, 0xCDF7,
    0xC5F7, 0xC5F7, 0xCDF7, 0xC5F7, 0xC5F7, 0xC5D7, 0xC5D6, 0xC5D6,
    0xC5D6, 0xC5F7, 0xC5D6, 0xC5D6, 0xC5F6, 0xC5D6, 0xC5D7, 0xC5F7,
    0xC5F7, 0xC5F7, 0xC5F7, 0xC5D7, 0xC5D6, 0xC5D6, 0xC5D7, 0xC5F7,
    0xC5F7, 0xC5F7, 0xC5F7, 0xC5F7, 0xC5F7, 0xC5F7, 0xC5F7, 0xC5F7,
    0xC5F7, 0xC5F7, 0xC5F7, 0xC5F6, 0xC5F6, 0xC5F6, 0xC5D6, 0xC5D6,
    0xC5D6, 0xC5D6, 0xC5D6, 0xC5D6, 0xC5D6, 0xCDD6, 0xCDD6, 0xC5D6,
    0xCDF6, 0xCDF6, 0xCDF6, 0xCDD6, 0xCDF6, 0xCDF6, 0xCDF6, 0xCDF6,
    0xCDF6, 0xCDF6, 0xCDF6, 0xCDF6, 0xCDF6, 0xCDF6, 0xCDF6, 0xCDF6,
    0xCDF6, 0xCDF6, 0xCDF6, 0xCDF6, 0xCDF6, 0xCDF6, 0xCDF6, 0xCDF6,
    0xCDF6, 0xCDF6, 0xCDF6, 0xCDF6, 0xCDF6, 0xCDF6, 0xCDF6, 0xCDF6,
    0xCDF6, 0xCDF6, 0xCDF6, 0xCDF6, 0xCDF6, 0xCDF6, 0xCDF6, 0xCDF6,
    0xCDF6, 0xCDF6, 0xCDF6, 0xCDF6, 0xCDF6, 0xCDF6, 0xCDF6, 0xCDF6,
    0xC552, 0xC552, 0xC552, 0xC552, 0xC532, 0xC532, 0xBD11, 0xBD11,
    0xBD11, 0xBD11, 0xBD11, 0xBD11, 0xBD11, 0xBD11, 0xBD11, 0xBD11,
    0xBD12, 0xBD12, 0xBD12, 0xBD12, 0xBD12, 0xBD12, 0xBD12, 0xB4F1,
    0xBCF1, 0xBCF1, 0xBCF1, 0xBD12, 0xBD12, 0xBD12, 0xBD12, 0xBD12,
    0xBCF2, 0xBCF1, 0xBCF1, 0xBCF1, 0xBCF1, 0xBCF1, 0xBCF1, 0xBCF1,
    0xBCF1, 0xBCF1, 0xBCD1, 0xBCD1, 0xBCD0, 0xBCD0, 0xBCD0, 0xBCD0,
    0xBCD0, 0xBCD0, 0xBCD1, 0xBCD1, 0xBCD0, 0xBCD0, 0xBCD0, 0xBCD0,
    0xBCD0, 0xBCD0, 0xB4D0, 0xB4D0, 0xB48F, 0xB46E, 0xAC4D, 0xAC0C,
    0xABCA, 0xA389, 0xA367, 0xA367, 0xAB87, 0xB387, 0xB3A7, 0xB3A7,
    0xB3C9, 0xB42C, 0xBC8F, 0xBCF1, 0xC553, 0xC595, 0xC5D6, 0xCDF7,
    0xCE18, 0xCE18, 0xCE18, 0xCE18, 0xCDF8, 0xCDF8, 0xCE18, 0xCE18,
    0xCE18, 0xCDF8, 0xCE18, 0xCE18, 0xCE18, 0xCE18, 0xCE18, 0xCE18,
    0xCE18, 0xCE18, 0xCE18, 0xCE18, 0xCDF7, 0xCDF8, 0xCE18, 0xCE18,
    0xCE18, 0xCE18, 0xCE18, 0xCE18, 0xCDF7, 0xCDF7, 0xCDF7, 0xCDF8,
    0xCDF8, 0xCDF7, 0xCDF7, 0xCDF7, 0xCDF7, 0xCDF7, 0xCDF7, 0xCDF7,
    0xCDF7, 0xC5F7, 0xC5F7, 0xC5F7, 0xC5F7, 0xC5F7, 0xC5F7, 0xC5F7,
    0xCDF7, 0xCDF7, 0xCDF7, 0xCDF7, 0xCDF7, 0xCDF7, 0xCDF7, 0xCDF7,
    0xCDF7, 0xCDF7, 0xCDF7, 0xCDF7, 0xCDF7, 0xCDF7, 0xCDF7, 0xCDF7,
    0xC5F7, 0xC5F7, 0xC5F7, 0xC5D7, 0xC5D7, 0xC5D7, 0xC5D6, 0xC5D6,
    0xC5D6, 0xC5D6, 0xC5F7, 0xC5F7, 0xC5D6, 0xC5D6, 0xC5F7, 0xC5F7,
    0xC5F7, 0xC5F7, 0xC5F7, 0xCDF7, 0xC5F7, 0xC5F7, 0xC5F7, 0xC5F7,
    0xC5F7, 0xC5F7, 0xC5F7, 0xC5F7, 0xC5F7, 0xC5F7, 0xC5F7, 0xC5F7,
    0xC5F7, 0xC5F7, 0xC5D6, 0xC5F7, 0xC5D6, 0xC5D6, 0xC5D6, 0xC5D6,
    0xC5D6, 0xC5D6, 0xC5D6, 0xC5D6, 0xC5D6, 0xC5D6, 0xC5D6, 0xC5D6,
    0xCDD6, 0xCDF6, 0xCDF6, 0xCDD6, 0xC5D6, 0xC5D6, 0xCDF6, 0xCDF6,
    0xCDF6, 0xCDF6, 0xCDF6, 0xCDF6, 0xCDF6, 0xCDF6, 0xCDF6, 0xCDF6,
    0xCDF6, 0xCDF6, 0xCDF6, 0xCDF6, 0xCDF6, 0xCDF6, 0xCDF6, 0xCDF6,
    0xCDF6, 0xCDF6, 0xCDF6, 0xCDF6, 0xCDF7, 0xCDF6, 0xCDF6, 0xCDF6,
    0xCDF6, 0xCDF6, 0xCDF6, 0xCDF6, 0xCDF6, 0xCDF6, 0xCDF6, 0xCDF6,
    0xCDF6, 0xCDF6, 0xCDF6, 0xCDD6, 0xCDD6, 0xCDD6, 0xCDD6, 0xCDD6,
    0xC552, 0xC552, 0xC552, 0xC552, 0xC532, 0xC532, 0xBD11, 0xBD11,
    0xBD11, 0xBD11, 0xBD11, 0xBD11, 0xBD11, 0xBD11, 0xBD11, 0xBD11,
    0xBD12, 0xBD12, 0xBD12, 0xBD12, 0xBD12, 0xBD11, 0xBD11, 0xBCF1,
    0xB4F1, 0xBCF1, 0xBD11, 0xBD12, 0xBD12, 0xBD12, 0xBD12, 0xBD12,
    0xBD12, 0xBD12, 0xBCF1, 0xBCF1, 0xBCF1, 0xBCF1, 0xBCF1, 0xBCF1,
    0xBCF1, 0xBCF1, 0xBCF1, 0xBCD1, 0xBCD0, 0xBCD0, 0xBCD0, 0xBCD0,
    0xBCD0, 0xBCD0, 0xBCD0, 0xBCD0, 0xBCD0, 0xBCD0, 0xBCD0, 0xBCD0,
    0xBCD0, 0xBCD0, 0xB4D0, 0xB4D0, 0xB48F, 0xB46E, 0xAC4D, 0xAC0C,
    0xABCA, 0xA389, 0xA367, 0xAB67, 0xAB87, 0xB387, 0xB3A7, 0xB3A8,
    0xB3C9, 0xB42C, 0xBC8F, 0xBCF1, 0xC553, 0xC595, 0xC5D6, 0xCDF7,
    0xCE18, 0xCE18, 0xCE18, 0xCE18, 0xCE18, 0xCDF8, 0xCDF8, 0xCDF8,
    0xCDF8, 0xCDF8, 0xCE18, 0xCE18, 0xCE18, 0xCE18, 0xCE18, 0xCE38,
    0xCE38, 0xCE59, 0xD638, 0xD638, 0xCE38, 0xCE39, 0xCE38, 0xCE39,
    0xCE18, 0xCDF8, 0xCDF7, 0xCDF8, 0xCDF8, 0xCDF8, 0xCDF7, 0xCE18,
    0xCDF7, 0xCDF8, 0xCDF7, 0xCDF7, 0xCDF7, 0xCDF7, 0xCDF7, 0xCDF7,
    0xC5F7, 0xCDF7, 0xC5F7, 0xC5F7, 0xC5F7, 0xC5F7, 0xC5F7, 0xC5F7,
    0xC5F7, 0xC5F7, 0xCDF7, 0xCDF7, 0xCDF7, 0xCDF7, 0xCDF7, 0xCDF7,
    0xCDF7, 0xCDF7, 0xCDF7, 0xCDF7, 0xCDD7, 0xCDF7, 0xC5F7, 0xC5F7,
    0xC5D7, 0xC5F7, 0xC5F7, 0xC5D7, 0xC5D7, 0xC5F7, 0xC5F6, 0xC5D6,
    0xC5D6, 0xC5D6, 0xC5F6, 0xC5F7, 0xC5F7, 0xC5F7, 0xC5F6, 0xC5F7,
    0xC5F7, 0xC5F7, 0xC5F7, 0xCDF7, 0xC5F7, 0xC5F7, 0xC5F7, 0xC5F7,
    0xCDF7, 0xCDF7, 0xC5F7, 0xC5F7, 0xC5F7, 0xC5F7, 0xC5F7, 0xC5F7,
    0xC5F7, 0xC5F7, 0xC5F7, 0xC5F6, 0xC5D6, 0xC5D7, 0xC5F6, 0xC5D6,
    0xC5D6, 0xC5D6, 0xC5D6, 0xC5D6, 0xC5D6, 0xC5D6, 0xC5D6, 0xC5D6,
    0xCDD6, 0xCDD6, 0xC5D6, 0xC5D6, 0xC5D6, 0xC5D6, 0xCDF6, 0xCDF6,
    0xCDF6, 0xCDF6, 0xCDF6, 0xCDF6, 0xCDF6, 0xCDF6, 0xCDF6, 0xCDF6,
    0xCDF6, 0xCDF6, 0xCDF6, 0xCDF6, 0xCDF6, 0xCDF6, 0xCDF6, 0xCDF6,
    0xCDF6, 0xCDF6, 0xCDF6, 0xCDF6, 0xCDF6, 0xCDF6, 0xCDF6, 0xCDF6,
    0xCDF6, 0xCDF6, 0xCDF6, 0xCDF6, 0xCDF6, 0xCDF6, 0xCDF6, 0xCDF6,
    0xCDF6, 0xCDF6, 0xCDF6, 0xCDD6, 0xCDD6, 0xCDD6, 0xCDD6, 0xCDD6,
    0xC552, 0xC552, 0xC552, 0xC552, 0xC552, 0xC532, 0xC531, 0xBD11,
    0xBD11, 0xBD11, 0xBD11, 0xBD11, 0xBD11, 0xBD11, 0xBD11, 0xBD11,
    0xBD11, 0xBD12, 0xBD12, 0xBD12, 0xBD12, 0xBD11, 0xBD11, 0xBCF1,
    0xBCF1, 0xBCF1, 0xBD12, 0xBD11, 0xBD12, 0xBD12, 0xBD12, 0xBD12,
    0xBD12, 0xBD11, 0xBD11, 0xBCF1, 0xBCF1, 0xBCF1, 0xBCF1, 0xBCF1,
    0xBCF1, 0xBCF1, 0xBCF1, 0xBCF1, 0xBCF1, 0xBCF1, 0xBCD0, 0xBCD0,
    0xBCD0, 0xBCD0, 0xBCD0, 0xBCD0, 0xBCD0, 0xBCD0, 0xBCD0, 0xBCD0,
    0xBCD0, 0xBCD0, 0xBCD0, 0xB4B0, 0xB48F, 0xB46E, 0xAC2D, 0xAC0C,
    0xABCA, 0xA389, 0xA367, 0xAB67, 0xAB87, 0xB3A7, 0xB387, 0xB3A7,
    0xB3C9, 0xB42C, 0xBC8F, 0xBCF1, 0xC553, 0xC595, 0xC5D6, 0xCDF7,
    0xCE18, 0xCE18, 0xCE18, 0xCDF8, 0xCDF8, 0xCDF8, 0xCE18, 0xCDF8,
    0xCDF8, 0xCDF8, 0xCE18, 0xCE18, 0xCE18, 0xCE38, 0xD617, 0xD5B5,
    0xD532, 0xCCF1, 0xC46E, 0xBC2D, 0xC48F, 0xC4B0, 0xCCF1, 0xD553,
    0xCDD6, 0xCDD6, 0xCE18, 0xCDF7, 0xCE18, 0xCDF8, 0xCDF8, 0xCDF7,
    0xCDF8, 0xCDF7, 0xCDF7, 0xCDF7, 0xCDF7, 0xCDF7, 0xCDF7, 0xCDF7,
    0xC5F7, 0xC5F7, 0xC5F7, 0xC5F7, 0xC5F7, 0xC5F7, 0xC5F7, 0xC5F7,
    0xC5F7, 0xC5F7, 0xC5F7, 0xCDF7, 0xCDF7, 0xCDF7, 0xCDF7, 0xCDF7,
    0xCDF7, 0xCDF7, 0xCDF7, 0xCDF7, 0xC5F7, 0xCDF7, 0xCDD7, 0xCDF7,
    0xCDF7, 0xC5D7, 0xC5D7, 0xC5D7, 0xC5F7, 0xC5F7, 0xC5F6, 0xC5F6,
    0xC5D6, 0xC5D6, 0xC5D6, 0xC5F6, 0xCDF6, 0xC5F6, 0xC5F6, 0xC5F6,
    0xC5F7, 0xC5F7, 0xC5F7, 0xC5F7, 0xC5F7, 0xC5F7, 0xC5F7, 0xCDF7,
    0xC5F7, 0xCDF7, 0xC5F7, 0xC5F7, 0xC5F7, 0xC5F7, 0xC5F7, 0xC5F7,
    0xCDF7, 0xCDF7, 0xC5F7, 0xC5F6, 0xC5F6, 0xCDF7, 0xC5F6, 0xC5F6,
    0xC5D6, 0xC5D6, 0xC5D6, 0xC5D6, 0xC5F6, 0xC5D6, 0xC5D6, 0xC5D6,
    0xC5D6, 0xC5D6, 0xC5D6, 0xC5D6, 0xC5D6, 0xCDD6, 0xCDF6, 0xCDF6,
    0xCDF6, 0xCDF6, 0xCDF6, 0xCDF6, 0xCDF6, 0xCDF6, 0xCDF6, 0xCDF6,
    0xCDF6, 0xCDF6, 0xCDF6, 0xCDF6, 0xCDF6, 0xCDF6, 0xCDF6, 0xCDF6,
    0xCDF6, 0xCDF6, 0xCDF6, 0xCDF6, 0xCDF6, 0xCDF6, 0xCDF6, 0xCDF6,
    0xCDF6, 0xCDF6, 0xCDF6, 0xCDF6, 0xCDF6, 0xCDF6, 0xCDF6, 0xCDF6,
    0xCDF6, 0xCDF6, 0xCDF6, 0xCDF6, 0xCDD6, 0xCDD6, 0xCDD6, 0xCDD6,
    0xC552, 0xC552, 0xCD52, 0xC552, 0xC552, 0xC532, 0xC511, 0xBD11,
    0xBD11, 0xBD11, 0xBD11, 0xBD11, 0xBD11, 0xBD11, 0xBD11, 0xBD11,
    0xBD11, 0xBD11, 0xBD12, 0xBD12, 0xBD12, 0xBD11, 0xBD11, 0xBD11,
    0xBD11, 0xBD11, 0xBD11, 0xBD11, 0xBCF1, 0xBD12, 0xBD12, 0xBD12,
    0xBD12, 0xBD11, 0xBCF1, 0xBCF1, 0xBCF1, 0xBCF1, 0xBCF1, 0xBCF1,
    0xBCF1, 0xBCF1, 0xBCF1, 0xBCF1, 0xBCF1, 0xBCF1, 0xBCD0, 0xBCD0,
    0xBCD0, 0xBCD0, 0xBCD0, 0xBCD0, 0xBCD0, 0xBCD0, 0xBCD0, 0xB4D0,
    0xBCB0, 0xBCB0, 0xB4B0, 0xB4B0, 0xB48F, 0xB46E, 0xAC4D, 0xAC0C,
    0xABCA, 0xABA9, 0xAB87, 0xAB67, 0xB387, 0xB387, 0xB387, 0xB387,
    0xB3C9, 0xB42C, 0xBC8F, 0xBCF1, 0xC533, 0xC595, 0xC5D6, 0xCDF7,
    0xCE18, 0xCE18, 0xCE18, 0xCDF8, 0xCDF8, 0xCE18, 0xCE18, 0xCDF8,
    0xCE18, 0xCE18, 0xCE18, 0xCE38, 0xD594, 0xC46E, 0xB38A, 0xAAE7,
    0x9266, 0x8A45, 0x8A25, 0x79E4, 0x79C4, 0x8205, 0x9245, 0x9A86,
    0xA2E8, 0xAB6A, 0xCD53, 0xCE38, 0xCE18, 0xCE18, 0xCE18, 0xCDF8,
    0xCE18, 0xCDF8, 0xCDF7, 0xCDF7, 0xCDF7, 0xCDF7, 0xCDF7, 0xCDF7,
    0xCDF7, 0xCDF7, 0xCDF7, 0xCDF7, 0xC5F7, 0xC5F7, 0xC5F7, 0xC5F7,
    0xC5F7, 0xCDF7, 0xCDF7, 0xCDF7, 0xCDF7, 0xCDF7, 0xCDF7, 0xCDF7,
    0xCDF7, 0xCDF7, 0xCDF7, 0xCDF7, 0xCDF7, 0xC5F7, 0xC5F7, 0xC5F7,
    0xC5F7, 0xC5F7, 0xC5D7, 0xC5D7, 0xC5D6, 0xC5D7, 0xC5D6, 0xC5D6,
    0xC5D6, 0xC5D6, 0xC5D6, 0xC5D6, 0xCDD6, 0xC5F6, 0xC5F6, 0xC5F7,
    0xC5F7, 0xC5F7, 0xCDF7, 0xC5F7, 0xC5F7, 0xC5F7, 0xC5F7, 0xC5F7,
    0xC5F7, 0xC5F7, 0xC5F7, 0xC5F7, 0xCDF7, 0xC5F7, 0xC5F7, 0xC5F7,
    0xC5F7, 0xC5F7, 0xC5F7, 0xC5F6, 0xC5F6, 0xC5F7, 0xC5F7, 0xC5F6,
    0xC5F6, 0xC5F6, 0xC5D6, 0xC5D6, 0xC5F6, 0xC5F6, 0xC5F6, 0xC5F6,
    0xC5D6, 0xCDD6, 0xCDD6, 0xC5D6, 0xCDD6, 0xCDF6, 0xCDF6, 0xCDF6,
    0xCDF6, 0xCDF6, 0xCDF6, 0xCDF6, 0xCDF6, 0xCDF6, 0xCDF6, 0xCDF6,
    0xCDF6, 0xCDF6, 0xCDF6, 0xCDF6, 0xCDF6, 0xCDF6, 0xCDF6, 0xCDF6,
    0xCDF6, 0xCDF6, 0xCDF6, 0xCDF6, 0xCDF6, 0xCDF6, 0xCDF6, 0xCDF6,
    0xCDF6, 0xCDF6, 0xCDF6, 0xCDF6, 0xCDF6, 0xCDF6, 0xCDF6, 0xCDF6,
    0xCDF6, 0xCDF6, 0xCDF6, 0xCDF6, 0xCDD6, 0xCDD6, 0xCDD6, 0xCDD6,
    0xCD53, 0xCD52, 0xCD52, 0xC552, 0xC532, 0xC532, 0xC531, 0xC511,
    0xBD11, 0xBD11, 0xBD11, 0xBD11, 0xBD11, 0xBD11, 0xBD11, 0xBD11,
    0xBD11, 0xBD11, 0xBD11, 0xBD12, 0xBD12, 0xBD11, 0xBD11, 0xBD11,
    0xBD11, 0xBD11, 0xBD11, 0xBD11, 0xBCF1, 0xBD11, 0xBD11, 0xBD11,
    0xBD11, 0xBD11, 0xBCF1, 0xBCF1, 0xBCF1, 0xBCF1, 0xBCF1, 0xBCF1,
    0xBCF1, 0xBCF1, 0xBCF1, 0xBCF1, 0xBCF0, 0xBCF0, 0xBCD0, 0xBCD0,
    0xBCD0, 0xBCD0, 0xBCD0, 0xBCD0, 0xBCD0, 0xBCD0, 0xBCD0, 0xB4B0,
    0xB4B0, 0xB4B0, 0xB4B0, 0xB4B0, 0xB48F, 0xB46E, 0xAC4D, 0xAC0C,
    0xABCA, 0xABA9, 0xAB87, 0xAB67, 0xAB87, 0xB387, 0xB387, 0xB387,
    0xB3C9, 0xB42C, 0xBC8F, 0xBCF1, 0xC533, 0xC595, 0xC5D6, 0xCDF7,
    0xCE18, 0xCE18, 0xCE18, 0xCDF8, 0xCDF8, 0xCE18, 0xCE18, 0xCE18,
    0xCE18, 0xCE18, 0xCD94, 0xBC2D, 0xAB28, 0x8A25, 0x8225, 0x7A05,
    0x8225, 0x8205, 0x71A4, 0x7A04, 0x71C4, 0x71C4, 0x79E5, 0x79E4,
    0x6163, 0x71A4, 0x9AC7, 0xBC2D, 0xCD32, 0xCE39, 0xCE18, 0xCE18,
    0xCDF8, 0xCDF8, 0xCDF7, 0xCDF7, 0xCDF7, 0xC5F7, 0xCDF7, 0xCDF7,
    0xCDF7, 0xCDF7, 0xCDF7, 0xCDF7, 0xC5F7, 0xCDF7, 0xC5F7, 0xC5F7,
    0xCDF7, 0xCDF7, 0xCDF7, 0xCDF7, 0xCDF7, 0xCDF7, 0xCDF7, 0xCDF7,
    0xCDF7, 0xCDF7, 0xCDF7, 0xCDF7, 0xCDF7, 0xC5F7, 0xC5F7, 0xC5F7,
    0xC5F7, 0xC5F7, 0xC5D7, 0xC5F7, 0xC5D7, 0xC5D6, 0xC5D6, 0xC5D6,
    0xC5D6, 0xC5D6, 0xC5D6, 0xC5D6, 0xC5F6, 0xC5D6, 0xC5F6, 0xC5F6,
    0xC5F7, 0xC5F7, 0xC5F7, 0xC5F7, 0xC5F7, 0xC5F7, 0xC5F7, 0xC5F7,
    0xCDF7, 0xCDF7, 0xCDF7, 0xCDF7, 0xC5F7, 0xC5F7, 0xC5F7, 0xC5F7,
    0xC5F6, 0xC5F7, 0xC5F7, 0xC5F7, 0xCDF7, 0xC5F7, 0xC5F7, 0xC5F7,
    0xC5F7, 0xC5F6, 0xC5F6, 0xC5F6, 0xC5F6, 0xC5F6, 0xC5F6, 0xC5D6,
    0xC5D6, 0xCDF6, 0xCDF6, 0xCDD6, 0xCDF6, 0xCDF6, 0xCDF6, 0xCDF6,
    0xCDF7, 0xCDF6, 0xCDF6, 0xCDD6, 0xC5D6, 0xCDF6, 0xCDF6, 0xCDD6,
    0xCDF6, 0xCDF6, 0xCDF6, 0xCDF6, 0xCDF6, 0xCDF6, 0xCDF7, 0xCDF6,
    0xCDF7, 0xCDF6, 0xCDF7, 0xCDF7, 0xCDF6, 0xCDF6, 0xCDF6, 0xCDF6,
    0xCDF6, 0xCDF6, 0xCDF6, 0xCDF6, 0xCDF6, 0xCDF6, 0xCDF6, 0xCDF6,
    0xCDF6, 0xCDF6, 0xCDF6, 0xCDF6, 0xCDF6, 0xCDF6, 0xCDD6, 0xCDD6,
    0xC552, 0xCD52, 0xCD72, 0xCD52, 0xC552, 0xC532, 0xC531, 0xC511,
    0xBD11, 0xBD11, 0xBD11, 0xBD11, 0xBD11, 0xBD11, 0xBD11, 0xBD11,
    0xBD11, 0xBD11, 0xBD11, 0xBD11, 0xBD11, 0xBD11, 0xBCF1, 0xBCF1,
    0xBD11, 0xBD11, 0xBCF1, 0xBCF1, 0xBCF1, 0xBCF1, 0xBCF1, 0xBCF1,
    0xBCF1, 0xBCF1, 0xBCF1, 0xBD11, 0xBCF1, 0xBCF1, 0xBCF1, 0xBCF1,
    0xBCF1, 0xBCF1, 0xBCF1, 0xBCF1, 0xBCF0, 0xBCF0, 0xBCD0, 0xBCD0,
    0xBCD0, 0xBCD0, 0xBCD0, 0xBCD0, 0xBCD0, 0xBCD0, 0xBCD0, 0xB4D0,
    0xB4B0, 0xB4B0, 0xB4B0, 0xB4B0, 0xB48F, 0xB46E, 0xAC4D, 0xAC0B,
    0xABCA, 0xABA9, 0xAB67, 0xAB67, 0xAB87, 0xB387, 0xB387, 0xB387,
    0xB3C9, 0xB42C, 0xBC8F, 0xBCD1, 0xC533, 0xC595, 0xC5D6, 0xCDF7,
    0xCE18, 0xCE18, 0xCE18, 0xCE18, 0xCE18, 0xCE18, 0xCE18, 0xCE18,
    0xCE38, 0xCD94, 0xBB8A, 0x79E4, 0x79E5, 0x71C4, 0x8204, 0x9245,
    0x79E4, 0x81E4, 0x6983, 0x6142, 0x79C4, 0x8204, 0x8204, 0x79E4,
    0x69A3, 0x6183, 0x79E4, 0x8204, 0xA2E8, 0xC512, 0xCE18, 0xCDF8,
    0xCDF8, 0xCDF7, 0xCDF7, 0xCDF7, 0xCDF7, 0xCDF7, 0xCDF7, 0xCDF7,
    0xCDF7, 0xCDF7, 0xCDF7, 0xCDF7, 0xC5F7, 0xCDF7, 0xCDF7, 0xCDF7,
    0xCDF7, 0xCDF7, 0xCDF7, 0xCDF7, 0xCDF7, 0xCDF7, 0xCDF7, 0xCDF7,
    0xC5F7, 0xCDF7, 0xCDF7, 0xCDF7, 0xC5F7, 0xC5F7, 0xC5F7, 0xC5F7,
    0xC5F7, 0xC5D7, 0xC5F7, 0xC5F7, 0xC5F7, 0xC5D6, 0xC5D6, 0xC5D6,
    0xC5D6, 0xC5F6, 0xC5F6, 0xC5F7, 0xCDF7, 0xCDF7, 0xC5F6, 0xC5F6,
    0xC5F7, 0xC5F7, 0xC5F7, 0xC5F7, 0xC5F7, 0xC5F7, 0xC5F7, 0xC5F7,
    0xC5F7, 0xC5F7, 0xCDF7, 0xCDF7, 0xCDF7, 0xC5F7, 0xC5F7, 0xC5F7,
    0xC5F7, 0xC5F7, 0xC5F7, 0xC5F7, 0xC5F7, 0xCDF7, 0xCDF7, 0xC5F7,
    0xC5F7, 0xC5F6, 0xC5F6, 0xC5F6, 0xC5F6, 0xC5F6, 0xC5D6, 0xC5D6,
    0xC5F6, 0xCDF6, 0xCDF7, 0xCDF7, 0xCDF6, 0xCDF6, 0xCDF6, 0xCDF6,
    0xCDF7, 0xCDF6, 0xCDF6, 0xCDF6, 0xCDF6, 0xCDF6, 0xCDF6, 0xCDF6,
    0xCDF6, 0xCDF6, 0xCDF7, 0xCDF6, 0xCDF7, 0xCDF7, 0xCDF7, 0xCDF7,
    0xCDF7, 0xCDF7, 0xCDF6, 0xCDF6, 0xCDF6, 0xCDF6, 0xCDF6, 0xCDF6,
    0xCDF6, 0xCDF6, 0xCDF6, 0xCDF6, 0xCDF6, 0xCDF6, 0xCDF6, 0xCDF6,
    0xCDF6, 0xCDF6, 0xCDF6, 0xCDF6, 0xCDF6, 0xCDF6, 0xCDF6, 0xCDF6,
    0xCD72, 0xCD72, 0xCD72, 0xCD52, 0xCD52, 0xC532, 0xC531, 0xC531,
    0xC511, 0xBD11, 0xBD11, 0xBD11, 0xBD11, 0xBD11, 0xBD11, 0xBD11,
    0xBD11, 0xBD11, 0xBD11, 0xBD11, 0xBD11, 0xBCF1, 0xBCF1, 0xBCF1,
    0xBD11, 0xBD11, 0xBD11, 0xBD11, 0xBD11, 0xBCF1, 0xBCF1, 0xBCF1,
    0xBCF1, 0xBCF1, 0xBCF1, 0xBCF1, 0xBD11, 0xBCF1, 0xBCF1, 0xBCF1,
    0xBCF1, 0xBCF1, 0xBCF1, 0xBCF0, 0xBCF0, 0xBCD0, 0xBCD0, 0xBCD0,
    0xBCD0, 0xBCD0, 0xBCD0, 0xBCD0, 0xBCD0, 0xBCD0, 0xBCD0, 0xB4D0,
    0xB4B0, 0xB4B0, 0xB4B0, 0xB4B0, 0xB48F, 0xB46E, 0xAC2D, 0xAC0C,
    0xABCA, 0xABA9, 0xAB67, 0xAB67, 0xAB87, 0xB387, 0xB387, 0xB387,
    0xB3C9, 0xBC2C, 0xBC8F, 0xBCF1, 0xC533, 0xC595, 0xC5D7, 0xCDF7,
    0xCE18, 0xCE18, 0xCE18, 0xCE18, 0xCE18, 0xCE18, 0xCE18, 0xD638,
    0xCD53, 0xB369, 0xA2A7, 0x8A46, 0x71C4, 0x6163, 0x4902, 0x71A3,
    0x79C4, 0x6983, 0x6983, 0x6142, 0x71A3, 0x8A04, 0x79E4, 0x71A3,
    0x6983, 0x6983, 0x69A3, 0x8205, 0x79E4, 0x9266, 0xC512, 0xCDF7,
    0xCDF7, 0xC5F8, 0xCDF7, 0xCDF8, 0xCDF7, 0xCDF7, 0xCDF7, 0xCDF7,
    0xCDF7, 0xCDF7, 0xCDF7, 0xCDF7, 0xC5F7, 0xCDF7, 0xCDF7, 0xCDF7,
    0xCDF7, 0xCDF7, 0xCDF7, 0xCDF7, 0xCDF7, 0xCDF7, 0xCDF7, 0xC5F7,
    0xC5F7, 0xCDF7, 0xCDF7, 0xC5F7, 0xC5F7, 0xC5F7, 0xC5F7, 0xC5D7,
    0xC5F7, 0xC5D7, 0xC5D7, 0xC5F7, 0xC5F7, 0xC5F7, 0xC5D7, 0xC5D7,
    0xC5D7, 0xC5F7, 0xC5F7, 0xC5F7, 0xC5F7, 0xC5F7, 0xC5F7, 0xC5F7,
    0xC5F7, 0xC5F7, 0xC5F7, 0xC5F7, 0xC5F7, 0xC5F7, 0xC5F7, 0xC5F7,
    0xC5F7, 0xC5F7, 0xC5F7, 0xCDF7, 0xCDF7, 0xC5F7, 0xC5F7, 0xC5F7,
    0xC5F7, 0xC5F7, 0xC5F7, 0xC5F7, 0xC5F7, 0xCDF7, 0xCDF7, 0xC5F7,
    0xC5F7, 0xC5F6, 0xC5F6, 0xC5F6, 0xC5F7, 0xC5F7, 0xC5F7, 0xC5F6,
    0xC5F6, 0xCDF7, 0xCDF7, 0xCDF7, 0xCDF6, 0xCDF6, 0xCDF6, 0xCDF6,
    0xCDF6, 0xCDF6, 0xCDF6, 0xCDF6, 0xCDF6, 0xCDF6, 0xCDD6, 0xCDF6,
    0xCDF7, 0xCDF7, 0xCDF7, 0xCDF7, 0xCDF7, 0xCDF7, 0xCDF7, 0xCDF7,
    0xCDF7, 0xCDF7, 0xCDF7, 0xCDF6, 0xCDF7, 0xCDF7, 0xCDF6, 0xCDF6,
    0xCDF6, 0xCDF6, 0xCDF6, 0xCDF6, 0xCDF6, 0xCDF6, 0xCDF6, 0xCDF6,
    0xCDF6, 0xCDF6, 0xCDF6, 0xCDF6, 0xCDF6, 0xCDF6, 0xCDF6, 0xCDF6,
    0xCD52, 0xCD52, 0xCD52, 0xCD52, 0xCD52, 0xC551, 0xC531, 0xC511,
    0xC511, 0xBD11, 0xBD11, 0xBD11, 0xBD11, 0xBD11, 0xBD11, 0xBD11,
    0xBCF1, 0xBCF1, 0xBCF1, 0xBCF1, 0xBCF1, 0xBCF1, 0xBCF1, 0xBCF1,
    0xBD11, 0xBD11, 0xBCF1, 0xBD11, 0xBD11, 0xBD11, 0xBD11, 0xBCF1,
    0xBCF1, 0xBCF1, 0xBCF1, 0xBCF1, 0xBCF1, 0xBCF1, 0xBCF1, 0xBCF1,
    0xBCF1, 0xBCF1, 0xBCF1, 0xBCF0, 0xBCF0, 0xBCD0, 0xBCD0, 0xBCD0,
    0xBCD0, 0xB4D0, 0xB4D0, 0xB4D0, 0xB4D0, 0xB4D0, 0xB4D0, 0xB4B0,
    0xB4B0, 0xB4B0, 0xB4B0, 0xB4AF, 0xB48F, 0xB46E, 0xAC2D, 0xAC0C,
    0xABCA, 0xABA9, 0xAB67, 0xAB67, 0xAB87, 0xB387, 0xB387, 0xB387,
    0xB3CA, 0xB42C, 0xBC8F, 0xBCF1, 0xC554, 0xC595, 0xC5D7, 0xCDF7,
    0xCE18, 0xCDF8, 0xCE18, 0xCE18, 0xCE18, 0xCE18, 0xCE18, 0xC48F,
    0x9A86, 0x9A86, 0x9266, 0x8205, 0x71A4, 0x6983, 0x6183, 0x5942,
    0x6162, 0x5922, 0x5942, 0x6962, 0x79C4, 0x79E4, 0x71A3, 0x6163,
    0x6983, 0x71C3, 0x71C3, 0x8204, 0x69A4, 0x71C4, 0x9AA7, 0xB3ED,
    0xCDD7, 0xC5F8, 0xCDF8, 0xCDF8, 0xC5F8, 0xCDF7, 0xCDF7, 0xCDF7,
    0xCDF8, 0xCDF7, 0xCDF7, 0xCDF7, 0xC5F7, 0xC5F7, 0xCDF7, 0xC5F7,
    0xCDF7, 0xCDF7, 0xCDF7, 0xC5F7, 0xC5F7, 0xC5F7, 0xC5F7, 0xC5F7,
    0xC5F7, 0xCDF7, 0xCDF7, 0xC5F7, 0xC5F7, 0xC5D7, 0xC5D7, 0xC5D7,
    0xC5F7, 0xC5D7, 0xC5D7, 0xC5F7, 0xC5D6, 0xC5D7, 0xC5D6, 0xC5D6,
    0xC5F7, 0xC5F7, 0xC5F7, 0xC5F7, 0xCDF7, 0xC5F7, 0xC5F6, 0xC5F7,
    0xC5F7, 0xC5F7, 0xC5F7, 0xC5F7, 0xC5F7, 0xC5F7, 0xC5F7, 0xC5F7,
    0xC5F7, 0xC5F7, 0xC5F7, 0xCDF7, 0xCDF7, 0xCDF7, 0xC5F7, 0xC5F7,
    0xC5F7, 0xC5F7, 0xC5F7, 0xC5F7, 0xC5F7, 0xC5F7, 0xC5F7, 0xC5F7,
    0xC5F7, 0xC5F7, 0xC5F6, 0xC5F6, 0xCDF7, 0xC5F6, 0xC5F6, 0xC5F6,
    0xC5F6, 0xCDF6, 0xCDF7, 0xC5F7, 0xC5F7, 0xC5D6, 0xCDF6, 0xCDF6,
    0xCDF7, 0xCDF7, 0xCDF7, 0xCDF7, 0xCDF7, 0xCDF7, 0xCDF6, 0xCDF7,
    0xCDF7, 0xCDF7, 0xCDF7, 0xCDF7, 0xCDF7, 0xCDF7, 0xCDF7, 0xCDF7,
    0xCDF7, 0xCDF7, 0xCDF7, 0xCDF7, 0xCDF7, 0xCDF7, 0xCDF7, 0xCDF7,
    0xCDF6, 0xCDF6, 0xCDF6, 0xCDF6, 0xCDF6, 0xCDF6, 0xCDF6, 0xCDF6,
    0xCDF6, 0xCDF6, 0xCDF6, 0xCDF6, 0xCDF6, 0xCDF6, 0xCDF6, 0xCDF6,
    0xCD31, 0xCD31, 0xCD31, 0xCD31, 0xCD30, 0xCD30, 0xC510, 0xC510,
    0xC510, 0xC510, 0xC510, 0xC511, 0xBD11, 0xBD11, 0xBD11, 0xBCF1,
    0xBCF1, 0xBCF1, 0xBCF1, 0xBCF1, 0xBCF1, 0xBCF1, 0xBCF1, 0xBCF1,
    0xBCF1, 0xBD11, 0xBCF1, 0xBD11, 0xBCF1, 0xBCF1, 0xBCF1, 0xBCF1,
    0xBCF1, 0xBCF1, 0xBCF1, 0xBCF1, 0xBCF1, 0xBCF1, 0xBCF1, 0xBCF1,
    0xBCF1, 0xBCF0, 0xBCF0, 0xBCD0, 0xBCD0, 0xBCD0, 0xBCD0, 0xBCD0,
    0xBCD0, 0xBCD0, 0xBCD0, 0xBCD0, 0xB4D0, 0xB4D0, 0xB4D0, 0xB4B0,
    0xB4B0, 0xB4B0, 0xB4B0, 0xB4AF, 0xB48F, 0xB46E, 0xAC2D, 0xAC0C,
    0xABCA, 0xABA9, 0xA367, 0xAB67, 0xAB87, 0xB3A7, 0xB3A7, 0xB387,
    0xB3CA, 0xB42C, 0xBC8F, 0xBCF2, 0xC554, 0xC595, 0xC5D7, 0xCDF8,
    0xCE18, 0xCE18, 0xCE18, 0xCE18, 0xCE18, 0xCE38, 0xCD32, 0x8204,
    0x69A4, 0x8A45, 0x79E4, 0x71A3, 0x79A3, 0x79C3, 0x6163, 0x6162,
    0x5102, 0x5101, 0x40C1, 0x5101, 0x6962, 0x7183, 0x71A3, 0x5922,
    0x6983, 0x71A3, 0x71A3, 0x79E4, 0x79C4, 0x71C4, 0x6162, 0x79E4,
    0xC4F1, 0xCE18, 0xC5F7, 0xCDF8, 0xCDF8, 0xCDF8, 0xCDF8, 0xCDF8,
    0xCDF8, 0xC5F7, 0xC5F7, 0xC5F7, 0xC5F7, 0xC5F7, 0xCDF7, 0xCDF7,
    0xCDF7, 0xCDF7, 0xCDF7, 0xCDF7, 0xC5F7, 0xC5F7, 0xC5F7, 0xC5F7,
    0xC5F7, 0xC5F7, 0xCDF7, 0xCDF7, 0xC5F7, 0xC5F7, 0xC5D7, 0xC5D7,
    0xC5F7, 0xC5D7, 0xC5D7, 0xC5F6, 0xC5D7, 0xC5D6, 0xC5D7, 0xC5F6,
    0xC5F7, 0xC5D7, 0xC5F7, 0xC5F7, 0xC5D7, 0xC5D6, 0xC5F6, 0xC5D7,
    0xC5F7, 0xC5F7, 0xC5F7, 0xC5F7, 0xC5F7, 0xC5F7, 0xC5F7, 0xC5F7,
    0xC5F7, 0xC5F7, 0xC5F7, 0xCDF7, 0xCDF7, 0xCDF7, 0xC5F7, 0xC5F7,
    0xC5F7, 0xC5F7, 0xC5F7, 0xC5F7, 0xC5D7, 0xC5F7, 0xC5F7, 0xC5F7,
    0xC5F7, 0xC5F7, 0xCDF7, 0xC5F6, 0xC5F7, 0xC5F6, 0xC5F6, 0xC5F6,
    0xC5F6, 0xC5F6, 0xC5F7, 0xC5F6, 0xC5F7, 0xC5D6, 0xCDF7, 0xCDF7,
    0xCDF6, 0xCDF6, 0xCDF7, 0xCDF7, 0xCDF7, 0xCDF7, 0xCDF7, 0xCDF7,
    0xCDF7, 0xCDF7, 0xCDF7, 0xCDF7, 0xCDF7, 0xCDF7, 0xCDF7, 0xCDF7,
    0xCDF7, 0xCDF7, 0xCDF7, 0xCDF7, 0xCDF7, 0xCDF7, 0xCDF6, 0xCDF6,
    0xCDF7, 0xCDF6, 0xCDF6, 0xCDF6, 0xCDF6, 0xCDF6, 0xCDF6, 0xCDF6,
    0xCDF6, 0xCDF6, 0xCDF6, 0xCDF6, 0xCDF6, 0xCDF6, 0xCDF6, 0xCDF6,
    0xC4EF, 0xCCEF, 0xCCEF, 0xCD0F, 0xCD0F, 0xCD0F, 0xCCEF, 0xC4EF,
    0xC4EF, 0xC4EF, 0xC4F0, 0xC4F0, 0xC4F0, 0xC4F0, 0xC4F0, 0xC4F0,
    0xBCF0, 0xBCF0, 0xBCF0, 0xBCF0, 0xBCF0, 0xBCF0, 0xBCF0, 0xBCF0,
    0xBCF0, 0xBCF0, 0xBCF0, 0xBCF1, 0xBCF1, 0xBCF1, 0xBCF0, 0xBCF0,
    0xBCF0, 0xBCF0, 0xBCF0, 0xBCF0, 0xBCF0, 0xBCF0, 0xBCF0, 0xBCF0,
    0xBCF0, 0xBCF0, 0xBCD0, 0xBCF0, 0xBCF0, 0xBCD0, 0xBCD0, 0xBCD0,
    0xBCD0, 0xBCD0, 0xB4D0, 0xB4D0, 0xB4D0, 0xB4D0, 0xB4D0, 0xB4B0,
    0xB4B0, 0xB4B0, 0xB4B0, 0xB4AF, 0xB48F, 0xB46E, 0xAC2D, 0xAC0C,
    0xABCA, 0xABA9, 0xAB67, 0xAB67, 0xAB87, 0xB3A7, 0xB3A7, 0xB3A8,
    0xB3EA, 0xB42C, 0xBC8F, 0xBCF2, 0xC554, 0xC595, 0xC5D7, 0xCDF8,
    0xCE18, 0xCE18, 0xCE18, 0xCE18, 0xCE38, 0xCDD6, 0x92A7, 0x6183,
    0x7A25, 0x9AA6, 0x8225, 0x71C4, 0x6983, 0x79A3, 0x6983, 0x5942,
    0x5922, 0x48C1, 0x48E1, 0x48E1, 0x6142, 0x40C1, 0x5101, 0x6942,
    0x6122, 0x6962, 0x79C3, 0x79C4, 0x79C3, 0x6983, 0x4922, 0x71A3,
    0xAB8A, 0xCE17, 0xC5F8, 0xCDF8, 0xCDF8, 0xCDF8, 0xCDF8, 0xC5F8,
    0xC5F8, 0xC5F7, 0xC5F7, 0xC5F7, 0xC5F7, 0xC5F7, 0xC5F7, 0xC5F7,
    0xCDF7, 0xCDF7, 0xCDF7, 0xCDF7, 0xC5F7, 0xC5F7, 0xC5F7, 0xC5F7,
    0xC5F7, 0xC5F7, 0xCDF7, 0xCDF7, 0xC5F7, 0xC5F7, 0xC5F7, 0xC5F7,
    0xC5F7, 0xC5D7, 0xC5D7, 0xC5F7, 0xC5F7, 0xC5F7, 0xC5F7, 0xC5D6,
    0xC5D6, 0xC5D7, 0xCDF7, 0xCDF7, 0xC5F7, 0xC5F7, 0xC5D6, 0xC5F7,
    0xC5F7, 0xC5F7, 0xC5F7, 0xC5F7, 0xC5F7, 0xC5F7, 0xC5F7, 0xC5F7,
    0xC5F7, 0xC5F7, 0xC5F7, 0xC5F7, 0xCDF7, 0xCDF7, 0xC5F7, 0xC5F7,
    0xC5F7, 0xC5F7, 0xC5F7, 0xC5F7, 0xC5F7, 0xC5F7, 0xC5F7, 0xC5F7,
    0xC5F7, 0xC5F7, 0xCDF7, 0xCDF7, 0xC5F7, 0xC5F7, 0xC5F7, 0xC5D6,
    0xC5D6, 0xC5F6, 0xC5F6, 0xC5F6, 0xC5F6, 0xC5F7, 0xC5D7, 0xC5F6,
    0xCDF6, 0xCDF7, 0xCDF7, 0xCDF7, 0xCDF7, 0xCDF7, 0xCDF7, 0xCDF7,
    0xCDF7, 0xCDF7, 0xCDF7, 0xCDF7, 0xCDF7, 0xCDF7, 0xCDF7, 0xCDF7,
    0xCDF7, 0xCDF7, 0xCDF7, 0xCDF7, 0xCDF7, 0xCDF7, 0xCDF7, 0xCDF7,
    0xCDF7, 0xCDF7, 0xCDF7, 0xCDF7, 0xCDF7, 0xCDF6, 0xCDF6, 0xCDF6,
    0xCDF6, 0xCDF6, 0xCDF6, 0xCDF6, 0xCDF6, 0xCDF6, 0xCDF6, 0xCDF6,
    0xCCCE, 0xCCCE, 0xCCCE, 0xCCCE, 0xCCEE, 0xCCEE, 0xCCEE, 0xCCEE,
    0xC4EE, 0xC4EF, 0xC4EF, 0xC4EF, 0xC4EF, 0xC4EF, 0xC4EF, 0xC4EF,
    0xC4CF, 0xC4CF, 0xBCCF, 0xBCCF, 0xBCCF, 0xBCCF, 0xBCCF, 0xBCD0,
    0xBCD0, 0xBCD0, 0xBCD0, 0xBCD0, 0xBCD0, 0xBCD0, 0xBCD0, 0xBCD0,
    0xBCCF, 0xBCCF, 0xBCCF, 0xBCCF, 0xBCD0, 0xBCD0, 0xBCD0, 0xBCD0,
    0xBCD0, 0xBCD0, 0xBCD0, 0xBCD0, 0xBCD0, 0xBCD0, 0xBCD0, 0xBCD0,
    0xBCD0, 0xBCD0, 0xBCD0, 0xB4D0, 0xB4D0, 0xB4B0, 0xB4B0, 0xB4B0,
    0xB4B0, 0xB4B0, 0xB4AF, 0xB4AF, 0xB48F, 0xB46E, 0xAC2D, 0xAC0C,
    0xABCA, 0xABA9, 0xAB67, 0xAB67, 0xAB87, 0xB3A7, 0xB3A7, 0xB3A8,
    0xB3EA, 0xB42D, 0xBC8F, 0xBCF2, 0xC554, 0xC595, 0xC5D7, 0xCDF8,
    0xCE18, 0xCE18, 0xCE18, 0xCE18, 0xCE18, 0xABCC, 0x6162, 0x8A66,
    0xAB08, 0x9265, 0x79C4, 0x71A4, 0x6163, 0x5922, 0x6142, 0x5942,
    0x6162, 0x5922, 0x6963, 0x40C1, 0x5101, 0x40C1, 0x3060, 0x7182,
    0x7183, 0x6962, 0x79A3, 0x71A3, 0x71A3, 0x6983, 0x71E4, 0x69A3,
    0x8A46, 0xC4D1, 0xCDF8, 0xC5F8, 0xCDF8, 0xCDF8, 0xCDF8, 0xCDF8,
    0xC5F8, 0xC5F8, 0xC5F8, 0xC5F8, 0xC5F7, 0xC5F8, 0xC5F7, 0xC5F7,
    0xCDF7, 0xCDF7, 0xCDF7, 0xCDF7, 0xC5F7, 0xC5F7, 0xC5F7, 0xC5F7,
    0xC5F7, 0xC5F7, 0xC5F7, 0xCDF7, 0xC5F7, 0xC5F7, 0xC5F7, 0xC5F7,
    0xC5F7, 0xC5F7, 0xC5D7, 0xC5F7, 0xC5F7, 0xC5F7, 0xC5F7, 0xC5D7,
    0xC5F7, 0xC5F7, 0xC5F7, 0xC5F7, 0xC5F7, 0xC5D7, 0xC5D7, 0xC5F7,
    0xC5F7, 0xC5F7, 0xC5F7, 0xC5F7, 0xC5F7, 0xCDF7, 0xC5F7, 0xC5F7,
    0xC5F7, 0xC5F7, 0xC5F7, 0xCDF7, 0xCDF7, 0xC5F7, 0xC5F7, 0xC5F7,
    0xC5F7, 0xC5F7, 0xC5F7, 0xC5F7, 0xC5F7, 0xC5F7, 0xC5F7, 0xC5F7,
    0xC5F7, 0xC5F7, 0xC5F7, 0xCDF7, 0xC5F7, 0xC5F7, 0xC5F7, 0xC5F7,
    0xC5D6, 0xC5F6, 0xC5F7, 0xC5F7, 0xC5F7, 0xC5F7, 0xCDF6, 0xCDF7,
    0xCDF7, 0xCDF7, 0xCDF7, 0xCDF7, 0xCDF7, 0xCDF7, 0xCDF7, 0xCDF7,
    0xCDF7, 0xCDF7, 0xCDF7, 0xCDF7, 0xCDF7, 0xCDF7, 0xCDF7, 0xCDF7,
    0xCDF7, 0xCDF7, 0xCDF7, 0xCDF7, 0xCDF7, 0xCDF7, 0xCDF7, 0xCDF7,
    0xCDF7, 0xCDF7, 0xCDF6, 0xCDF6, 0xCDF7, 0xCDF6, 0xCDF6, 0xCDF6,
    0xCDF6, 0xCDF6, 0xCDF6, 0xCDF6, 0xCDF6, 0xCDF6, 0xCDF6, 0xCDF6,
    0xCCAD, 0xCCAD, 0xCCAD, 0xCCAD, 0xCCAD, 0xCCCD, 0xCCCD, 0xCCCD,
    0xCCCD, 0xCCCD, 0xCCCE, 0xCCCE, 0xCCCE, 0xCCCE, 0xCCCE, 0xC4CE,
    0xC4CE, 0xC4CE, 0xC4CE, 0xC4CE, 0xC4AE, 0xBCAF, 0xBCAF, 0xBCAF,
    0xBCAF, 0xBCAF, 0xBCAF, 0xBCAF, 0xBCAF, 0xBCCF, 0xBCAF, 0xBCAF,
    0xBCAF, 0xBCAE, 0xBCAF, 0xBCAF, 0xBCAF, 0xBCAF, 0xBCAF, 0xBCAF,
    0xBCCF, 0xBCCF, 0xBCCF, 0xBCCF, 0xBCCF, 0xBCAF, 0xBCAF, 0xBCCF,
    0xBCAF, 0xBCAF, 0xBCAF, 0xBCAF, 0xB4B0, 0xB4AF, 0xB4AF, 0xB4AF,
    0xB4AF, 0xB4AF, 0xBCAF, 0xBCAF, 0xB48F, 0xB46E, 0xAC2D, 0xAC0B,
    0xABCA, 0xABA9, 0xAB88, 0xAB67, 0xB387, 0xB3A7, 0xB3A7, 0xB3A8,
    0xB3EA, 0xB42D, 0xBC8F, 0xBCF2, 0xC554, 0xC595, 0xC5D7, 0xCDF8,
    0xCE18, 0xCE18, 0xCE18, 0xCE39, 0xCD74, 0x9286, 0x5142, 0x8A66,
    0x8A45, 0x71C4, 0x6983, 0x5122, 0x5102, 0x40C1, 0x40C1, 0x4901,
    0x6962, 0x5921, 0x6122, 0x6121, 0x5101, 0x50E1, 0x3880, 0x50E1,
    0x6962, 0x6983, 0x6982, 0x6142, 0x5922, 0x6162, 0x6983, 0x6163,
    0x6983, 0x92E8, 0xCDB6, 0xCE18, 0xC5F8, 0xCDF8, 0xCDF8, 0xCDF8,
    0xCDF8, 0xC5F8, 0xC5F8, 0xC5F8, 0xC5F7, 0xC5F8, 0xCDF7, 0xCDF8,
    0xCDF8, 0xCDF8, 0xC5F7, 0xC5F7, 0xC5F7, 0xCDF7, 0xC5F7, 0xC5F7,
    0xC5F7, 0xC5F7, 0xCDF7, 0xC5F7, 0xC5F7, 0xC5F7, 0xC5F7, 0xC5F7,
    0xC5F7, 0xC5F7, 0xC5F7, 0xC5F7, 0xC5F7, 0xC5F7, 0xC5D7, 0xC5F7,
    0xC5F7, 0xC5F7, 0xC5F7, 0xC5F7, 0xC5F7, 0xC5F7, 0xC5F7, 0xC5F7,
    0xC5F7, 0xC5F7, 0xC5F7, 0xC5F7, 0xC5F7, 0xC5F7, 0xC5F7, 0xC5F7,
    0xC5F7, 0xC5F7, 0xC5F7, 0xC5F7, 0xC5F7, 0xC5F7, 0xC5F7, 0xC5F7,
    0xC5F7, 0xC5F7, 0xC5F7, 0xC5F7, 0xC5F7, 0xC5F7, 0xC5F7, 0xC5F7,
    0xC5F7, 0xC5F7, 0xC5F7, 0xCDF7, 0xC5F7, 0xC5F7, 0xC5F7, 0xC5D6,
    0xC5F6, 0xC5F7, 0xC5F7, 0xC5F7, 0xC5F7, 0xCDF7, 0xCDF7, 0xC5F7,
    0xCDF7, 0xCDF7, 0xCDF7, 0xCDF7, 0xCDF7, 0xCDF7, 0xCDF7, 0xCDF7,
    0xCDF7, 0xCDF7, 0xCDF7, 0xCDF7, 0xCDF7, 0xCDF7, 0xCDF7, 0xCDF7,
    0xCDF7, 0xCDF7, 0xCDF7, 0xCDF7, 0xCDF7, 0xCDF7, 0xCDF7, 0xCDF7,
    0xCDF7, 0xCDF7, 0xCDF7, 0xCDF7, 0xCDF7, 0xCDF7, 0xCDF6, 0xCDF6,
    0xCDF6, 0xCDF6, 0xCDF6, 0xCDF6, 0xCDF6, 0xCDF6, 0xCDF6, 0xCDF6,
    0xCC8C, 0xCC8B, 0xCC8C, 0xCCAC, 0xCCAC, 0xCCAC, 0xCCAC, 0xCCAC,
    0xCCAC, 0xCCAC, 0xCCAC, 0xCCAD, 0xCCAD, 0xCCAD, 0xCCAD, 0xCCAD,
    0xCCAD, 0xC4AD, 0xC4AD, 0xC4AD, 0xC4AD, 0xC4AD, 0xC4AD, 0xC4AD,
    0xC48D, 0xC4AD, 0xC4AE, 0xC4AE, 0xC4AE, 0xC4AE, 0xC4AE, 0xC4AE,
    0xC4AE, 0xC4AE, 0xC4AE, 0xC4AE, 0xC4AE, 0xBCAE, 0xBCAE, 0xBCAE,
    0xBCAE, 0xBCAE, 0xBCAE, 0xBCAE, 0xBCAE, 0xBCAE, 0xBCAE, 0xBCAF,
    0xBCAE, 0xBCAE, 0xBC8E, 0xBC8E, 0xB48F, 0xBC8F, 0xB48F, 0xB48F,
    0xB48E, 0xB48E, 0xBCAF, 0xBCAF, 0xB48E, 0xB44D, 0xAC2C, 0xAC0B,
    0xABCA, 0xABA9, 0xAB88, 0xAB67, 0xB387, 0xB387, 0xB387, 0xB3A8,
    0xB3EA, 0xB42D, 0xBC8F, 0xBD12, 0xC554, 0xC595, 0xC5D7, 0xCDF8,
    0xCE18, 0xCE18, 0xCE18, 0xCE39, 0xCD53, 0xA2C7, 0x8A45, 0x9AA6,
    0x8205, 0x6983, 0x5942, 0x40C1, 0x40C1, 0x48C1, 0x48E1, 0x48E1,
    0x48E1, 0x50E1, 0x48C1, 0x48C0, 0x50E1, 0x48C1, 0x3880, 0x48C0,
    0x6142, 0x5101, 0x5921, 0x5922, 0x50E1, 0x5921, 0x6983, 0x81E4,
    0x6983, 0x7A05, 0xC554, 0xCE18, 0xCDF8, 0xC5F8, 0xC5F8, 0xCDF8,
    0xCDF8, 0xC5F8, 0xCDF8, 0xC5F8, 0xC5F8, 0xC5F8, 0xC5F8, 0xC5F8,
    0xCDF8, 0xCDF8, 0xC5F7, 0xC5F7, 0xC5F7, 0xC5F7, 0xCDF7, 0xCDF7,
    0xC5F7, 0xC5F7, 0xCDF7, 0xC5F7, 0xC5F7, 0xC5F7, 0xC5F7, 0xC5F7,
    0xC5F7, 0xC5F7, 0xC5F7, 0xC5F7, 0xC5D7, 0xC5F7, 0xC5D7, 0xC5D7,
    0xC5F7, 0xC5F7, 0xC5F7, 0xC5F7, 0xC5F7, 0xC5F7, 0xC5F7, 0xC5F7,
    0xC5F7, 0xC5F7, 0xC5F7, 0xC5F7, 0xC5F7, 0xC5F7, 0xC5F7, 0xC5F7,
    0xC5F7, 0xCDF7, 0xCDF7, 0xCDF7, 0xC5F7, 0xC5F7, 0xC5F7, 0xC5F7,
    0xC5F7, 0xC5F7, 0xC5F7, 0xC5F7, 0xC5F7, 0xC5F7, 0xC5F7, 0xC5F7,
    0xC5F7, 0xC5F7, 0xC5F7, 0xC5F7, 0xC5F7, 0xC5F7, 0xC5F7, 0xC5F6,
    0xC5F6, 0xC5F6, 0xC5F7, 0xC5F7, 0xC5F7, 0xCDF7, 0xC5F7, 0xCDF7,
    0xCDF7, 0xCDF7, 0xCDF7, 0xCDF7, 0xCDF7, 0xCDF7, 0xCDF7, 0xCDF7,
    0xCDF7, 0xCDF7, 0xCDF7, 0xCDF7, 0xCDF7, 0xCDF7, 0xCDF7, 0xCDF7,
    0xCDF7, 0xCDF7, 0xCDF7, 0xCDF7, 0xCDF7, 0xCDF7, 0xCDF7, 0xCDF7,
    0xCDF7, 0xCDF7, 0xCDF7, 0xCDF7, 0xCDF7, 0xCDF7, 0xCDF7, 0xCDF6,
    0xCDF6, 0xCDF6, 0xCDF6, 0xCDF6, 0xCDF6, 0xCDF6, 0xCDF6, 0xCDF6,
    0xCC6A, 0xCC6A, 0xCC8A, 0xCC8A, 0xCC8A, 0xCC8B, 0xCC8B, 0xCC8B,
    0xCC8B, 0xCC8B, 0xCC8B, 0xCC8B, 0xCC8C, 0xCCAC, 0xCCAC, 0xCCAC,
    0xCC8C, 0xCC8C, 0xC4AC, 0xC48C, 0xC48C, 0xC48C, 0xC48C, 0xC48C,
    0xC48C, 0xC48C, 0xC48C, 0xC48C, 0xC48C, 0xC48C, 0xC48D, 0xC48D,
    0xC48D, 0xC48D, 0xC48D, 0xC48D, 0xC48D, 0xC48D, 0xC48D, 0xC48D,
    0xBC8D, 0xC48D, 0xC48D, 0xC48D, 0xBC8D, 0xBC8D, 0xBC8D, 0xBC8D,
    0xBC8D, 0xBC8E, 0xBC8E, 0xBC8E, 0xBC8E, 0xBC8E, 0xB46E, 0xB46E,
    0xBC6E, 0xBC8E, 0xBC8E, 0xBC8E, 0xB46D, 0xB44C, 0xAC0B, 0xABEA,
    0xABC9, 0xABA9, 0xAB87, 0xAB67, 0xB387, 0xB387, 0xB3A7, 0xB3A8,
    0xB3EA, 0xB42D, 0xBC8F, 0xBCF2, 0xC554, 0xC595, 0xC5D7, 0xCDF8,
    0xCE18, 0xCE18, 0xCE18, 0xCE18, 0xC44E, 0xA2C6, 0x9AA6, 0x8A25,
    0x6983, 0x48E1, 0x48E1, 0x30A0, 0x2040, 0x30A0, 0x48E1, 0x5101,
    0x48C0, 0x3880, 0x40C0, 0x48E1, 0x50E1, 0x48E1, 0x3880, 0x50E1,
    0x5901, 0x48E1, 0x5121, 0x5901, 0x5101, 0x6942, 0x6962, 0x79A3,
    0x79C3, 0x71A3, 0xB44F, 0xCE18, 0xC5F8, 0xC5F8, 0xC5F8, 0xC5F8,
    0xCDF8, 0xCDF8, 0xC5F8, 0xC5F8, 0xC5F8, 0xC5F8, 0xC5F8, 0xCDF8,
    0xCDF8, 0xC5F7, 0xC5F7, 0xCDF7, 0xC5F7, 0xC5F7, 0xC5F7, 0xC5F7,
    0xC5F7, 0xC5F7, 0xC5F7, 0xC5F7, 0xC5F7, 0xC5F7, 0xC5F7, 0xC5F7,
    0xC5F7, 0xC5F7, 0xC5F7, 0xC5F7, 0xC5F7, 0xC5F7, 0xC5F7, 0xC5D7,
    0xC5F7, 0xC5F7, 0xC5F7, 0xC5F7, 0xC5F7, 0xC5F7, 0xC5F7, 0xC5F7,
    0xC5F7, 0xC5F7, 0xC5F7, 0xC5F7, 0xC5F7, 0xC5F7, 0xC5F7, 0xC5F7,
    0xC5F7, 0xCDF7, 0xCDF7, 0xCDF7, 0xC5F7, 0xC5F7, 0xC5F7, 0xC5F7,
    0xC5F7, 0xC5F7, 0xC5F7, 0xC5F7, 0xC5F7, 0xC5F7, 0xC5F7, 0xC5F7,
    0xC5F7, 0xC5F7, 0xC5F7, 0xC5F7, 0xC5F7, 0xC5F7, 0xC5F7, 0xC5F6,
    0xC5F6, 0xC5F6, 0xC5F7, 0xC5F7, 0xC5F7, 0xC5F7, 0xC5F7, 0xC5F7,
    0xCDF7, 0xCDF7, 0xCDF7, 0xCDF7, 0xCDF7, 0xCDF7, 0xCDF7, 0xCDF7,
    0xCDF7, 0xCDF7, 0xCDF7, 0xCDF7, 0xCDF7, 0xCDF7, 0xCDF7, 0xCDF7,
    0xCDF7, 0xCDF7, 0xCDF7, 0xCDF7, 0xCDF7, 0xCDF7, 0xCDF7, 0xCDF7,
    0xCDF7, 0xCDF7, 0xCDF7, 0xCDF7, 0xCDF7, 0xCDF7, 0xCDF6, 0xCDF6,
    0xCDF6, 0xCDF6, 0xCDF6, 0xCDF7, 0xCDF6, 0xCDF6, 0xCDF6, 0xCDF6,
    0xCC6A, 0xCC6A, 0xCC6A, 0xCC6A, 0xCC6A, 0xCC6A, 0xCC6A, 0xCC6A,
    0xCC8A, 0xCC6A, 0xCC8A, 0xCC8A, 0xCC8B, 0xCC8B, 0xCC8B, 0xCC8B,
    0xCC8B, 0xCC8B, 0xCC8B, 0xCC8B, 0xCC8B, 0xCC8B, 0xCC6B, 0xC46B,
    0xCC6B, 0xC46B, 0xC46B, 0xC46B, 0xC46B, 0xC46B, 0xC46B, 0xC46B,
    0xC46B, 0xC46B, 0xC48C, 0xC48C, 0xC48C, 0xC46C, 0xC46C, 0xC46C,
    0xC46C, 0xC46C, 0xC46C, 0xC46C, 0xBC6C, 0xBC6C, 0xBC6C, 0xBC6C,
    0xBC6C, 0xBC6D, 0xBC6D, 0xBC6D, 0xBC6D, 0xBC6D, 0xBC6D, 0xBC6D,
    0xBC6D, 0xBC6D, 0xBC6D, 0xBC6D, 0xB44C, 0xB42C, 0xB40B, 0xABEA,
    0xABA9, 0xAB88, 0xAB87, 0xAB87, 0xB387, 0xB3A7, 0xB3A7, 0xB3A8,
    0xB3CA, 0xB42C, 0xB48F, 0xBCF2, 0xC554, 0xC596, 0xC5D7, 0xCDF8,
    0xCE18, 0xCE18, 0xCE39, 0xCD94, 0xB328, 0xA2C6, 0x8A25, 0x6142,
    0x5942, 0x40C1, 0x38A1, 0x38A1, 0x40C1, 0x5102, 0x50E1, 0x48C0,
    0x38A0, 0x3080, 0x2860, 0x40C1, 0x50E1, 0x5901, 0x48E1, 0x5901,
    0x5901, 0x48E1, 0x3080, 0x38A0, 0x48C0, 0x5901, 0x6141, 0x79C3,
    0x71A3, 0x6142, 0xA329, 0xCDF7, 0xC5F8, 0xCDF8, 0xCDF8, 0xC5F8,
    0xC5F8, 0xC5F8, 0xC5F8, 0xC5F8, 0xC5F8, 0xC5F8, 0xC5F8, 0xC5F8,
    0xC5F8, 0xC5F7, 0xC5F8, 0xC5F7, 0xCDF8, 0xC5F8, 0xCDF8, 0xC618,
    0xC5F7, 0xC5F7, 0xC5F7, 0xC5F7, 0xC5F7, 0xC5F7, 0xC5F7, 0xC5F7,
    0xC5F7, 0xC5F7, 0xC5F7, 0xC5F7, 0xC5F7, 0xC5F7, 0xC5F7, 0xC5F7,
    0xC5F7, 0xC5F7, 0xC5F7, 0xC5F7, 0xC5F7, 0xC5F7, 0xC5F7, 0xC5F7,
    0xC5F7, 0xC5F7, 0xC5F7, 0xC5F7, 0xC5F7, 0xC5F7, 0xC5F7, 0xC5F7,
    0xC5F7, 0xCDF7, 0xCDF7, 0xCDF7, 0xC5F7, 0xC5F7, 0xC5F7, 0xCDF7,
    0xCDF7, 0xCDF7, 0xCDF7, 0xC5F7, 0xC5F7, 0xC5F7, 0xC5F7, 0xC5F7,
    0xC5F7, 0xC5F7, 0xC5F7, 0xC5F7, 0xC5F7, 0xC5F7, 0xC5F7, 0xC5F7,
    0xC5F7, 0xC5F7, 0xC5F7, 0xC5F7, 0xC5F7, 0xC5F7, 0xC5F7, 0xC5F7,
    0xC5F7, 0xC5F7, 0xC5F7, 0xCDF7, 0xCDF7, 0xCDF7, 0xCDF7, 0xCDF7,
    0xCDF7, 0xCDF7, 0xCDF7, 0xCDF7, 0xCDF7, 0xCDF7, 0xCDF7, 0xCDF7,
    0xCDF7, 0xCDF7, 0xCDF7, 0xCDF7, 0xCDF7, 0xCDF7, 0xCDF7, 0xCDF7,
    0xCDF7, 0xCDF7, 0xCDF7, 0xCDF7, 0xCDF7, 0xCDF7, 0xCDF7, 0xCDF7,
    0xCDF6, 0xCDF6, 0xCDF6, 0xCDF6, 0xCDF6, 0xCDF6, 0xCDF7, 0xCDF6,
    0xCC6B, 0xCC6A, 0xCC6A, 0xCC6A, 0xCC6A, 0xCC6A, 0xCC6A, 0xCC6A,
    0xCC6A, 0xCC6A, 0xCC6A, 0xCC6A, 0xCC6A, 0xCC6A, 0xCC6A, 0xCC6A,
    0xCC6A, 0xCC6A, 0xCC6A, 0xCC6A, 0xCC6A, 0xCC6A, 0xCC6A, 0xCC4A,
    0xCC4A, 0xCC4A, 0xCC4A, 0xC44A, 0xC44A, 0xC44A, 0xC46A, 0xC46A,
    0xCC6A, 0xC46A, 0xC46A, 0xC46A, 0xC46A, 0xC46A, 0xC46B, 0xC44B,
    0xC44B, 0xC44B, 0xC44B, 0xC44B, 0xC44B, 0xBC4B, 0xBC4B, 0xBC4B,
    0xBC4B, 0xBC4B, 0xBC4B, 0xBC4C, 0xBC4C, 0xBC4C, 0xBC4C, 0xBC4C,
    0xBC4C, 0xBC4C, 0xBC4C, 0xBC4C, 0xBC4B, 0xB42B, 0xB3EA, 0xABC9,
    0xABA8, 0xAB88, 0xAB87, 0xAB87, 0xB387, 0xB3A7, 0xB3A7, 0xB3A8,
    0xB3CA, 0xB42C, 0xBC8F, 0xBCF2, 0xC554, 0xC596, 0xC5D7, 0xCDF8,
    0xCE18, 0xCE18, 0xCE39, 0xCDD6, 0xAB28, 0xAAE7, 0x79E4, 0x48E1,
    0x5922, 0x5922, 0x38A1, 0x3080, 0x5122, 0x5101, 0x50E1, 0x50E1,
    0x3080, 0x38A0, 0x40C1, 0x40C1, 0x48C1, 0x40A0, 0x40C1, 0x48C0,
    0x38A0, 0x3080, 0x2860, 0x2880, 0x40A0, 0x48C0, 0x5921, 0x7182,
    0x7183, 0x6122, 0x9B2A, 0xCE18, 0xC5F8, 0xC5F8, 0xC5F8, 0xC5F8,
    0xC5F8, 0xC5F8, 0xC5F7, 0xC5F8, 0xC5F8, 0xCDF8, 0xC5F8, 0xC5F8,
    0xC5F7, 0xC5F7, 0xC5F7, 0xC5F8, 0xCDF8, 0xC5F8, 0xC5F8, 0xC5F8,
    0xC5F8, 0xC5F8, 0xC5F7, 0xC5F7, 0xC5F7, 0xC5F7, 0xC5F7, 0xC5F7,
    0xC5F7, 0xC5F7, 0xC5F7, 0xC5F7, 0xC5F7, 0xC5F7, 0xC5F7, 0xC5F7,
    0xC5F7, 0xC5F7, 0xC5F7, 0xC5F7, 0xC5F7, 0xC5F7, 0xC5F7, 0xC5F7,
    0xC5F7, 0xC5F7, 0xC5F7, 0xC5F7, 0xC5F7, 0xC5F7, 0xC5F7, 0xC5F7,
    0xC5F7, 0xCDF7, 0xC5F7, 0xCDF7, 0xC5F7, 0xC5F7, 0xCDF7, 0xC5F7,
    0xCDF7, 0xCDF7, 0xCDF7, 0xC5F7, 0xC5F7, 0xC5F7, 0xC5F7, 0xC5F7,
    0xC5F7, 0xC5F7, 0xC5F7, 0xC5F7, 0xC5F7, 0xC5F7, 0xC5F7, 0xC5D7,
    0xC5F7, 0xC5F7, 0xC5F7, 0xC5F7, 0xC5D7, 0xC5F7, 0xC5F7, 0xC5F7,
    0xC5F7, 0xC5F7, 0xC5F7, 0xC5F7, 0xCDF7, 0xCDF7, 0xCDF7, 0xCDF7,
    0xCDF7, 0xCDF7, 0xCDF7, 0xCDF7, 0xCDF7, 0xCDF7, 0xCDF7, 0xCDF7,
    0xCDF7, 0xCDF7, 0xCDF7, 0xCDF7, 0xCDF7, 0xCDF7, 0xCDF7, 0xCDF7,
    0xCDF7, 0xCDF7, 0xCDF7, 0xCDF7, 0xCDF7, 0xCDF7, 0xCDF7, 0xCDF7,
    0xCDF6, 0xCDF6, 0xCDF6, 0xCDF6, 0xCDF6, 0xCDF6, 0xCDF6, 0xCDF6,
    0xCC8B, 0xCC8A, 0xCC6A, 0xCC6A, 0xCC6A, 0xCC6A, 0xCC6A, 0xCC6A,
    0xCC8A, 0xCC6A, 0xCC6A, 0xCC6A, 0xCC6A, 0xCC6A, 0xCC6A, 0xCC6A,
    0xCC4A, 0xCC4A, 0xCC4A, 0xCC6A, 0xCC4A, 0xCC4A, 0xCC4A, 0xCC4A,
    0xCC4A, 0xCC4A, 0xCC49, 0xC449, 0xC449, 0xC449, 0xC44A, 0xCC4A,
    0xCC49, 0xCC49, 0xC429, 0xC449, 0xC449, 0xC449, 0xC449, 0xC449,
    0xC44A, 0xC44A, 0xC42A, 0xC42A, 0xBC2A, 0xBC2A, 0xBC2A, 0xBC2A,
    0xBC4A, 0xBC2A, 0xBC4A, 0xBC4B, 0xBC4B, 0xBC4B, 0xBC2B, 0xBC2B,
    0xBC2B, 0xBC2B, 0xBC2B, 0xBC4B, 0xBC2B, 0xB40A, 0xB3E9, 0xABC8,
    0xABA8, 0xAB87, 0xAB67, 0xAB87, 0xB387, 0xB3A7, 0xB3A7, 0xB3A8,
    0xB3EA, 0xB42C, 0xBC8F, 0xBD12, 0xC554, 0xC595, 0xC5D7, 0xCDF8,
    0xCE18, 0xCE18, 0xCE59, 0xC532, 0xAB07, 0xA2C6, 0x69A3, 0x5122,
    0x5101, 0x5901, 0x40A1, 0x3080, 0x2840, 0x3880, 0x3880, 0x3880,
    0x3880, 0x3080, 0x38A0, 0x3080, 0x3880, 0x3060, 0x2860, 0x3080,
    0x2860, 0x38A0, 0x3080, 0x3080, 0x38A0, 0x5921, 0x6962, 0x6141,
    0x5922, 0x6142, 0xA36A, 0xCDD6, 0xC5F8, 0xC5F8, 0xC5F8, 0xC5F8,
    0xC5F8, 0xC5F8, 0xC5F8, 0xC5F8, 0xCDF8, 0xCDF8, 0xCDF8, 0xC5F8,
    0xC5F8, 0xC5F8, 0xC5F8, 0xC5F8, 0xC5F8, 0xC5F8, 0xC5F8, 0xC5F8,
    0xC5F8, 0xC5F8, 0xC5F7, 0xC5F7, 0xC5F7, 0xC5F7, 0xC5F7, 0xC5F7,
    0xC5F7, 0xC5F7, 0xC5F7, 0xC5F7, 0xC5F7, 0xC5F7, 0xC5F7, 0xC5F7,
    0xC5F7, 0xC5F7, 0xC5F7, 0xC5F7, 0xC5F7, 0xC5F7, 0xC5F7, 0xC5F7,
    0xC5F7, 0xC5F7, 0xC5F7, 0xC5F7, 0xC5F7, 0xC5F7, 0xC5F7, 0xC5F7,
    0xC5F7, 0xC5F7, 0xC5F7, 0xC5F7, 0xC5F7, 0xC5F7, 0xC5F7, 0xC5F7,
    0xC5F7, 0xCDF7, 0xCDF7, 0xC5F7, 0xC5F7, 0xC5F7, 0xC5F7, 0xC5F7,
    0xC5F7, 0xC5F7, 0xC5F7, 0xC5F7, 0xC5F7, 0xC5F7, 0xC5F7, 0xC5F7,
    0xC5F7, 0xC5F7, 0xC5F7, 0xC5F7, 0xC5F7, 0xC5F7, 0xC5F7, 0xC5D7,
    0xC5F7, 0xC5F7, 0xC5F7, 0xC5F7, 0xC5F7, 0xC5F7, 0xCDF7, 0xCDF7,
    0xCDF7, 0xCDF7, 0xCDF7, 0xCDF7, 0xCDF7, 0xCDF7, 0xCDF7, 0xCDF7,
    0xCDF7, 0xCDF7, 0xCDF7, 0xCDF7, 0xCDF7, 0xCDF7, 0xCDF7, 0xCDF7,
    0xCDF7, 0xCDF7, 0xCDF7, 0xCDF7, 0xCDF7, 0xCDF7, 0xCDF6, 0xCDF6,
    0xCDF6, 0xCDF6, 0xCDF6, 0xCDF6, 0xCDF6, 0xCDF6, 0xCDF6, 0xCDF6,
    0xCC8B, 0xCC8B, 0xCC8B, 0xCC6B, 0xCC6B, 0xCC8B, 0xCC8B, 0xCC8B,
    0xCC8A, 0xCC6A, 0xCC6A, 0xCC6A, 0xCC6A, 0xCC6A, 0xCC6A, 0xCC6A,
    0xCC4A, 0xCC4A, 0xCC4A, 0xCC4A, 0xCC4A, 0xCC4A, 0xCC4A, 0xCC4A,
    0xCC4A, 0xCC4A, 0xCC49, 0xC449, 0xC449, 0xC449, 0xC449, 0xCC49,
    0xCC49, 0xCC49, 0xC429, 0xC429, 0xC429, 0xC429, 0xC429, 0xC429,
    0xC429, 0xC429, 0xC429, 0xC429, 0xC429, 0xC429, 0xC429, 0xBC29,
    0xBC29, 0xBC29, 0xBC29, 0xBC2A, 0xBC2A, 0xBC2A, 0xBC2A, 0xBC2A,
    0xBC2A, 0xBC2A, 0xBC2A, 0xBC2A, 0xBC2A, 0xBC09, 0xB3E9, 0xB3A8,
    0xAB87, 0xAB87, 0xAB67, 0xAB87, 0xB387, 0xB3A7, 0xB3A7, 0xB3A8,
    0xB3C9, 0xB42C, 0xBC8F, 0xBCF2, 0xBD54, 0xC595, 0xC5D7, 0xCDF8,
    0xCE18, 0xCE18, 0xCE39, 0xC533, 0x8A86, 0x8A45, 0x6162, 0x5921,
    0x48E1, 0x40C1, 0x38A0, 0x3080, 0x2860, 0x2860, 0x38A0, 0x2860,
    0x3060, 0x48C0, 0x3080, 0x2860, 0x2040, 0x2040, 0x2860, 0x3060,
    0x2860, 0x2860, 0x3880, 0x3060, 0x3060, 0x38A0, 0x48C0, 0x5101,
    0x5922, 0x6962, 0x92E8, 0xCDB6, 0xC5F8, 0xC5F8, 0xC5F8, 0xC5F8,
    0xC5F8, 0xC5F8, 0xC5F8, 0xC5F8, 0xC5F8, 0xCDF8, 0xCDF8, 0xC5F8,
    0xC5F8, 0xC5F8, 0xC5F8, 0xC5F8, 0xC5F8, 0xC5F7, 0xC5F7, 0xC5F7,
    0xC5F7, 0xC5F8, 0xC5F8, 0xC5F7, 0xC5F7, 0xC5F7, 0xC5F7, 0xC5F7,
    0xC5F7, 0xC5F7, 0xC5F7, 0xC5F7, 0xC5F7, 0xC5F7, 0xC5F7, 0xC5F7,
    0xC5F7, 0xC5F7, 0xC5F7, 0xC5F7, 0xC5F7, 0xC5F7, 0xC5F7, 0xC5F7,
    0xC5F7, 0xC5F7, 0xC5F7, 0xC5F7, 0xC5F7, 0xC5F7, 0xC5F7, 0xC5F7,
    0xC5F7, 0xC5F7, 0xC5F7, 0xC5F7, 0xC5F7, 0xC5F7, 0xC5F7, 0xC5F7,
    0xC5F7, 0xC5F7, 0xC5F7, 0xC617, 0xC5F7, 0xC5F7, 0xC5F7, 0xC5F7,
    0xC5F7, 0xC5F7, 0xC5F7, 0xC5F7, 0xC5F7, 0xC5F7, 0xC5F7, 0xC5F7,
    0xC5D7, 0xC5D7, 0xC5F7, 0xC5F7, 0xC5F7, 0xC5F7, 0xC5D7, 0xC5F7,
    0xC5F7, 0xC5F7, 0xC5F7, 0xC5F7, 0xC5F7, 0xC5F7, 0xC5F7, 0xC5F7,
    0xCDF7, 0xC5F7, 0xCDF7, 0xCDF7, 0xCDF7, 0xCDF7, 0xCDF7, 0xCDF7,
    0xCDF7, 0xCDF7, 0xCDF7, 0xCDF7, 0xCDF7, 0xCDF7, 0xCDF7, 0xCDF7,
    0xCDF7, 0xCDF7, 0xCDF7, 0xCDF7, 0xCDF7, 0xCDF6, 0xCDF6, 0xCDF7,
    0xCDF7, 0xCDF6, 0xCDF6, 0xCDF6, 0xCDF6, 0xCDF6, 0xCDF6, 0xCDF6,
    0xCC8C, 0xCC8B, 0xCC8B, 0xCC8B, 0xCC8B, 0xCC8B, 0xCC8B, 0xCC8B,
    0xCC6B, 0xCC6B, 0xCC6B, 0xCC6A, 0xCC6A, 0xCC6A, 0xCC6A, 0xCC6A,
    0xC44A, 0xC44A, 0xC44A, 0xCC4A, 0xCC4A, 0xC44A, 0xC44A, 0xCC4A,
    0xCC4A, 0xCC4A, 0xCC4A, 0xC44A, 0xC44A, 0xC44A, 0xC44A, 0xC449,
    0xC449, 0xC449, 0xC429, 0xC429, 0xC429, 0xC429, 0xC429, 0xC429,
    0xC429, 0xC429, 0xC429, 0xC429, 0xC429, 0xC429, 0xBC29, 0xBC29,
    0xBC29, 0xBC29, 0xBC29, 0xBC29, 0xBC29, 0xBC29, 0xBC29, 0xBC29,
    0xBC29, 0xBC09, 0xBC29, 0xBC09, 0xBC09, 0xBBE9, 0xB3C8, 0xB3A7,
    0xAB87, 0xAB67, 0xAB67, 0xAB67, 0xB387, 0xB387, 0xB3A7, 0xB3A8,
    0xB3C9, 0xB42C, 0xBC8F, 0xBCF1, 0xBD34, 0xC595, 0xC5D7, 0xCDF8,
    0xCE18, 0xCE18, 0xCE38, 0xCDD7, 0x9B09, 0x79E4, 0x6142, 0x48E1,
    0x38A0, 0x38A0, 0x40A0, 0x2860, 0x1820, 0x2040, 0x2040, 0x2040,
    0x2860, 0x3060, 0x2040, 0x2040, 0x2860, 0x1820, 0x2040, 0x3080,
    0x2860, 0x2840, 0x3060, 0x3060, 0x38A0, 0x2860, 0x40A0, 0x48C0,
    0x48E1, 0x6941, 0xA40E, 0xCE39, 0xC5F8, 0xC5F8, 0xC5F8, 0xC5F8,
    0xC5F8, 0xC5F8, 0xC5F8, 0xC5F8, 0xC5F8, 0xC5F8, 0xCDF8, 0xC5F8,
    0xC5F8, 0xC5F8, 0xC5F8, 0xC5F8, 0xC5F8, 0xC5F7, 0xC5F7, 0xC5F7,
    0xC5F7, 0xC5F8, 0xC5F8, 0xC5F7, 0xC5F7, 0xC5F7, 0xC5F7, 0xC5F7,
    0xC5F7, 0xC5F7, 0xC5F7, 0xC5F7, 0xC5F7, 0xC5F7, 0xC5F7, 0xC5F7,
    0xC5F7, 0xC5F7, 0xC5F7, 0xC5F7, 0xC5F7, 0xC5F7, 0xC5F7, 0xC5F7,
    0xC5F7, 0xC5F7, 0xC5F7, 0xC5F7, 0xC5F7, 0xC5F7, 0xC5F7, 0xC5F7,
    0xC5F7, 0xC5F7, 0xCDF7, 0xC5F7, 0xC5F7, 0xC5F7, 0xC5F7, 0xCE18,
    0xCDF6, 0xCE17, 0xCE17, 0xD5D5, 0xCDD5, 0xCDF6, 0xCDF6, 0xCE17,
    0xC5F7, 0xC5F7, 0xC5F7, 0xC5F7, 0xC5F7, 0xC5F7, 0xC5F7, 0xC5F7,
    0xC5F7, 0xC5D7, 0xC5F7, 0xC5D7, 0xC5F7, 0xC5F7, 0xC5F7, 0xC5F7,
    0xC5F7, 0xC5F7, 0xC5F7, 0xC5F7, 0xC5F7, 0xC5F7, 0xC5F7, 0xC5F7,
    0xC5F7, 0xC5F7, 0xC5F7, 0xCDF7, 0xCDF7, 0xCDF7, 0xCDF7, 0xCDF7,
    0xCDF7, 0xCDF7, 0xCDF7, 0xCDF7, 0xCDF7, 0xCDF7, 0xCDF7, 0xCDF7,
    0xCDF7, 0xCDF7, 0xCDF7, 0xCDF6, 0xCDF6, 0xCDF6, 0xCDF6, 0xCDF7,
    0xCDF7, 0xCDF7, 0xCDF6, 0xCDF6, 0xCDF6, 0xCDF6, 0xCDF6, 0xCDF6,
    0xCC8B, 0xCC8B, 0xCC8B, 0xCC8B, 0xCC8B, 0xCC8B, 0xCC8B, 0xCC8B,
    0xCC6B, 0xCC6B, 0xCC6B, 0xCC6A, 0xCC6A, 0xCC6A, 0xC46A, 0xC44A,
    0xC44A, 0xC44A, 0xC44A, 0xC44A, 0xC44A, 0xC44A, 0xC44A, 0xC46A,
    0xC46A, 0xC44A, 0xC44A, 0xC44A, 0xC44A, 0xC44A, 0xC44A, 0xC44A,
    0xC44A, 0xC44A, 0xC429, 0xC429, 0xC429, 0xC429, 0xC429, 0xC429,
    0xC42A, 0xC429, 0xC429, 0xC429, 0xC429, 0xC42A, 0xBC29, 0xBC29,
    0xBC29, 0xBC29, 0xBC29, 0xBC29, 0xBC29, 0xBC29, 0xBC29, 0xBC29,
    0xBC09, 0xBC09, 0xBC09, 0xBC09, 0xBC09, 0xBBE9, 0xB3C8, 0xB3A7,
    0xAB87, 0xAB87, 0xAB66, 0xAB66, 0xAB87, 0xB387, 0xB387, 0xB3A7,
    0xB3C9, 0xB42C, 0xB48E, 0xBCD1, 0xBD33, 0xC595, 0xC5D7, 0xCDF8,
    0xCE18, 0xCE18, 0xCE18, 0xCE39, 0xB3ED, 0x79C3, 0x6962, 0x40C0,
    0x38A0, 0x40A0, 0x3060, 0x2040, 0x1000, 0x2040, 0x2860, 0x2060,
    0x2860, 0x2860, 0x2040, 0x1820, 0x1840, 0x2040, 0x1820, 0x2040,
    0x2040, 0x2860, 0x2840, 0x2840, 0x2860, 0x2040, 0x2860, 0x3880,
    0x40C1, 0x71A3, 0xB4D2, 0xCE18, 0xC5F8, 0xC5F8, 0xC5F8, 0xC5F8,
    0xC5F8, 0xC5F8, 0xC5F8, 0xC5F8, 0xC5F8, 0xC5F8, 0xC5F8, 0xC5F8,
    0xC5F8, 0xC5F8, 0xC5F8, 0xC5F8, 0xC5F8, 0xC5F8, 0xC5F7, 0xC5F7,
    0xC5F7, 0xC5F8, 0xC5F8, 0xC5F7, 0xC5F7, 0xC5F7, 0xC5F7, 0xC5F7,
    0xC5F7, 0xC5F7, 0xC5F7, 0xC5F7, 0xC5F7, 0xC5F7, 0xC5F7, 0xC5F7,
    0xC5F7, 0xC5F7, 0xC5F7, 0xC5F7, 0xC5F7, 0xC5F7, 0xC5F7, 0xC5F7,
    0xC5F7, 0xC5F7, 0xC5F7, 0xC5F7, 0xC5F7, 0xC5F7, 0xC5F7, 0xC5F7,
    0xC617, 0xC617, 0xC5F7, 0xC5F7, 0xC617, 0xCE17, 0xCDF6, 0xC4AF,
    0xBBEC, 0xC44E, 0xC40C, 0xB369, 0xBB8A, 0xBBCB, 0xC42D, 0xCCCF,
    0xCD94, 0xCE17, 0xCE17, 0xC5F7, 0xC5F7, 0xC5F7, 0xC5F7, 0xC5F7,
    0xC5F7, 0xC5F7, 0xC5F7, 0xC5F7, 0xC5F7, 0xC5F7, 0xC5F7, 0xC5F7,
    0xC5F7, 0xC5F7, 0xC5F7, 0xC5F7, 0xC5F7, 0xC5F7, 0xC5F7, 0xC5D7,
    0xC5D7, 0xC5D7, 0xC5F7, 0xCDF7, 0xCDF7, 0xCDF7, 0xCDF7, 0xC5F7,
    0xCDF7, 0xCDF7, 0xCDF7, 0xCDF7, 0xCDF7, 0xCDF7, 0xCDF7, 0xCDF7,
    0xCDF7, 0xCDF7, 0xCDF7, 0xCDF6, 0xCDF6, 0xCDF6, 0xCDF6, 0xCDF6,
    0xCDF6, 0xCDF7, 0xCDF7, 0xCDF6, 0xCDF6, 0xCDF6, 0xCDF6, 0xCDF6,
    0xCC8B, 0xCC8B, 0xCC6B, 0xCC6B, 0xCC6B, 0xCC6B, 0xCC6A, 0xCC6A,
    0xCC6A, 0xCC6B, 0xCC6A, 0xCC6A, 0xCC6A, 0xC44A, 0xC44A, 0xC44A,
    0xC44A, 0xC44A, 0xC44A, 0xC44A, 0xC44A, 0xC44A, 0xC46A, 0xC46A,
    0xC44A, 0xC44A, 0xC44A, 0xC44A, 0xC44A, 0xC44A, 0xC44A, 0xC44A,
    0xC44A, 0xC44A, 0xC42A, 0xC42A, 0xC42A, 0xC42A, 0xC44A, 0xC42A,
    0xC42A, 0xC42A, 0xC42A, 0xC42A, 0xC42A, 0xBC2A, 0xBC2A, 0xBC2A,
    0xBC2A, 0xBC2A, 0xBC2A, 0xBC2A, 0xBC2A, 0xBC29, 0xBC29, 0xBC29,
    0xBC29, 0xBC09, 0xBC09, 0xBC09, 0xBC09, 0xBC09, 0xB3E8, 0xB3C8,
    0xABA7, 0xAB87, 0xAB66, 0xAB87, 0xAB87, 0xB387, 0xB387, 0xB3A7,
    0xB3C9, 0xB42C, 0xB46E, 0xBCD1, 0xBD33, 0xC595, 0xC5D6, 0xCDF7,
    0xCE18, 0xCE18, 0xCE18, 0xCD75, 0xAB69, 0x79C3, 0x6162, 0x5101,
    0x40C1, 0x48C0, 0x3080, 0x2040, 0x2060, 0x2040, 0x2020, 0x3060,
    0x3060, 0x2840, 0x2020, 0x2040, 0x2040, 0x2020, 0x1820, 0x1820,
    0x1820, 0x2840, 0x1820, 0x2040, 0x2040, 0x3880, 0x3080, 0x3080,
    0x5101, 0x79E4, 0xB4F2, 0xC618, 0xC5F8, 0xC5F8, 0xC5F8, 0xC5F8,
    0xC5F8, 0xC5F8, 0xC5F8, 0xC5F8, 0xC5F8, 0xC5F8, 0xC5F8, 0xC5F8,
    0xC5F8, 0xC5F8, 0xC5F8, 0xC5F8, 0xC5F8, 0xC5F8, 0xC5F8, 0xC5F7,
    0xC5F8, 0xC5F8, 0xC5F8, 0xC5F7, 0xC5F7, 0xC5F7, 0xC5F7, 0xC5F7,
    0xC5F7, 0xC5F7, 0xC5F7, 0xC5F7, 0xC5F7, 0xC5F7, 0xC5F7, 0xC5F7,
    0xC5F7, 0xC5F7, 0xC5F7, 0xC5F7, 0xC5F7, 0xC5F7, 0xC5F7, 0xC5F7,
    0xC5F7, 0xC5F7, 0xC5F7, 0xC5F7, 0xC5F7, 0xC5F7, 0xCDF7, 0xC5F7,
    0xC617, 0xC617, 0xC617, 0xCE17, 0xCD95, 0xBC8F, 0xAB6A, 0x8A25,
    0x79E4, 0x9245, 0x9245, 0x9246, 0x9266, 0x8205, 0x8A05, 0x9A86,
    0xBB8A, 0xCC8F, 0xCD11, 0xCDB5, 0xC5D6, 0xC5F7, 0xC5F7, 0xC5F7,
    0xC5F7, 0xC5F7, 0xC5F7, 0xC5F7, 0xC5F7, 0xC5F7, 0xC5F7, 0xC5F7,
    0xC5F7, 0xC5F7, 0xC5F7, 0xC5F7, 0xC5F7, 0xC5F7, 0xC5F7, 0xC5F7,
    0xC5D7, 0xC5F7, 0xC5F7, 0xC5F7, 0xCDF7, 0xC5F7, 0xC5D6, 0xC5D6,
    0xC5D6, 0xC5D6, 0xCDD6, 0xCDD6, 0xCDD6, 0xCDD6, 0xCDD6, 0xCDD6,
    0xC5D6, 0xCDD6, 0xCDD6, 0xCDD6, 0xCDD6, 0xCDD6, 0xCDD6, 0xCDD6,
    0xCDF6, 0xCDF6, 0xCDF6, 0xCDF6, 0xCDF6, 0xCDF6, 0xCDD6, 0xCDF6,
    0xC46A, 0xC46A, 0xCC6A, 0xCC6A, 0xCC6A, 0xCC6A, 0xCC6A, 0xCC6A,
    0xCC6A, 0xCC6A, 0xCC6A, 0xCC6A, 0xC44A, 0xC44A, 0xC44A, 0xC44A,
    0xC44A, 0xC44A, 0xC44A, 0xC44A, 0xC44A, 0xC44A, 0xC46A, 0xC46A,
    0xC44A, 0xC44A, 0xC44A, 0xC44A, 0xC44A, 0xC44A, 0xC44A, 0xC44A,
    0xC44A, 0xC44A, 0xC42A, 0xC42A, 0xC42A, 0xC44A, 0xC44A, 0xC44A,
    0xC44A, 0xC44A, 0xC44A, 0xC44A, 0xBC2A, 0xBC2A, 0xBC2A, 0xBC2A,
    0xBC2A, 0xBC2A, 0xBC2A, 0xBC2A, 0xBC2A, 0xBC2A, 0xBC2A, 0xBC2A,
    0xBC2A, 0xBC29, 0xBC29, 0xBC2A, 0xBC09, 0xBC09, 0xB3E8, 0xB3C8,
    0xABA7, 0xAB87, 0xAB87, 0xAB87, 0xB387, 0xB387, 0xB387, 0xB3A7,
    0xB3C9, 0xB40C, 0xB46E, 0xBCD1, 0xBD33, 0xC595, 0xC5D6, 0xCDF7,
    0xCE18, 0xCE18, 0xCE18, 0xCD95, 0xB42D, 0x71A3, 0x48E1, 0x40E1,
    0x5121, 0x48E1, 0x40A0, 0x3080, 0x5101, 0x40A0, 0x2860, 0x40C0,
    0x2880, 0x2040, 0x1820, 0x2040, 0x1820, 0x2040, 0x1820, 0x0800,
    0x1000, 0x1840, 0x2040, 0x2840, 0x2040, 0x2860, 0x2860, 0x38A0,
    0x5100, 0x82A8, 0xC5B6, 0xC5F8, 0xC5F8, 0xC5F8, 0xC5F8, 0xC5F8,
    0xC5F8, 0xC5F8, 0xC5F8, 0xC5F8, 0xC5F8, 0xC5F8, 0xC5F8, 0xC5F8,
    0xC5F8, 0xC5F8, 0xC5F8, 0xC5F8, 0xC5F8, 0xC5F8, 0xC5F8, 0xC5F8,
    0xC5F8, 0xC5F8, 0xC5F8, 0xC5F8, 0xC5F7, 0xC5F7, 0xC5F7, 0xC5F7,
    0xC5F7, 0xC5F7, 0xC5F7, 0xC5F7, 0xC5F7, 0xC5F7, 0xC5F7, 0xC5F7,
    0xC5F7, 0xC5F7, 0xC5F7, 0xC5F7, 0xC5F7, 0xC5F7, 0xC5F7, 0xC5F7,
    0xC5F7, 0xC5F7, 0xC5F7, 0xC5F7, 0xC617, 0xC617, 0xCE17, 0xC617,
    0xC617, 0xC617, 0xCE17, 0xBC8F, 0x9AA7, 0x7A04, 0x69A3, 0x71C4,
    0x8A25, 0x9A86, 0x8A46, 0x79E5, 0x8205, 0x79E5, 0x79E5, 0x8A46,
    0x8A25, 0x9A86, 0xA2A6, 0xC3AA, 0xD552, 0xCDF7, 0xC5D6, 0xC5F7,
    0xC5F7, 0xC5F7, 0xC5F7, 0xC5F7, 0xC5F7, 0xC5F7, 0xC5F7, 0xC5F7,
    0xC5F7, 0xC5F7, 0xC5F7, 0xC5F7, 0xC5F7, 0xC5F7, 0xC5F7, 0xC5F7,
    0xC5F7, 0xC5F7, 0xC5F7, 0xC5F7, 0xC5D7, 0xC5D6, 0xC5D6, 0xC5B6,
    0xC5B5, 0xC595, 0xC595, 0xC595, 0xC595, 0xC595, 0xC595, 0xC595,
    0xC5B5, 0xC5B5, 0xC595, 0xC595, 0xC595, 0xC595, 0xC595, 0xC595,
    0xCDB5, 0xCDB5, 0xCDB5, 0xCDB5, 0xCDB5, 0xCDB5, 0xCDD6, 0xCDD6,
    0xBC29, 0xC449, 0xC449, 0xC449, 0xCC4A, 0xCC4A, 0xCC4A, 0xCC4A,
    0xCC4A, 0xCC4A, 0xCC4A, 0xC44A, 0xC44A, 0xC44A, 0xC42A, 0xC42A,
    0xC42A, 0xC42A, 0xC42A, 0xBC2A, 0xBC4A, 0xBC4A, 0xBC4A, 0xC44A,
    0xC44A, 0xC44A, 0xC44A, 0xC44A, 0xC44A, 0xC44A, 0xC44A, 0xC44A,
    0xC44A, 0xC44A, 0xC42A, 0xC44A, 0xC44A, 0xC44A, 0xC44A, 0xC44A,
    0xC44A, 0xC44A, 0xC44A, 0xC44A, 0xBC2A, 0xBC2A, 0xBC2A, 0xBC2A,
    0xBC2A, 0xBC2A, 0xBC2A, 0xBC2A, 0xBC2A, 0xBC2A, 0xBC2A, 0xBC2A,
    0xBC2A, 0xBC2A, 0xBC2A, 0xBC2A, 0xBC2A, 0xBC09, 0xB3E9, 0xB3C8,
    0xB3A8, 0xABA7, 0xAB87, 0xAB87, 0xB387, 0xB387, 0xB387, 0xB387,
    0xB3C9, 0xB40C, 0xB46E, 0xBCD1, 0xBD33, 0xC575, 0xC5D6, 0xCDF7,
    0xCE18, 0xCE18, 0xCE18, 0xCE18, 0xCE39, 0xA3AC, 0x5921, 0x5122,
    0x5101, 0x48C0, 0x38A0, 0x3060, 0x40A0, 0x3880, 0x2040, 0x2860,
    0x2040, 0x1820, 0x1820, 0x1820, 0x1020, 0x1820, 0x2040, 0x1820,
    0x1000, 0x2040, 0x3060, 0x4080, 0x3080, 0x3080, 0x38A0, 0x40A0,
    0x5100, 0xA42F, 0xCE18, 0xC5F7, 0xC5F8, 0xC5F8, 0xC5F8, 0xC5F8,
    0xC5F8, 0xC5F8, 0xC5F8, 0xC5F8, 0xC5F8, 0xC5F8, 0xC5F8, 0xC5F8,
    0xC5F8, 0xC5F8, 0xC5F8, 0xC5F8, 0xC5F8, 0xC5F8, 0xC5F8, 0xC5F8,
    0xC5F8, 0xC5F8, 0xC5F8, 0xC5F7, 0xC5F7, 0xC5F7, 0xC5F7, 0xC5F7,
    0xC5F7, 0xC5F7, 0xC5F7, 0xC5F7, 0xC5F7, 0xC5F7, 0xC5F7, 0xC5F7,
    0xC5F7, 0xC5F7, 0xC5F7, 0xC5F7, 0xC5F7, 0xC5F7, 0xC5F7, 0xC5F7,
    0xC5F7, 0xC5F7, 0xC5F7, 0xC5F7, 0xC617, 0xCE17, 0xC617, 0xCE17,
    0xCDF7, 0xCE38, 0xBCB0, 0x8A25, 0x71C4, 0x7A04, 0x8A25, 0x71C4,
    0x79E4, 0x8205, 0x8205, 0x69A3, 0x79C4, 0x81E4, 0x69A3, 0x8204,
    0x69A3, 0x79E5, 0x9286, 0x9245, 0xB328, 0xCC8E, 0xCDD6, 0xC5F7,
    0xC5F7, 0xC5F7, 0xC5F7, 0xC5F7, 0xC5F7, 0xC5F7, 0xC5F7, 0xC5F7,
    0xC5F7, 0xC5F7, 0xC5F7, 0xC5F7, 0xC5F7, 0xC5F7, 0xC5F7, 0xC5F7,
    0xC5F7, 0xC5F7, 0xC5F7, 0xC5D7, 0xC5D6, 0xC5B6, 0xC5B5, 0xC595,
    0xBD74, 0xC574, 0xC553, 0xC553, 0xC553, 0xC553, 0xC553, 0xC553,
    0xC553, 0xC553, 0xC553, 0xC553, 0xC553, 0xC553, 0xC553, 0xC553,
    0xC573, 0xC574, 0xC574, 0xC574, 0xC574, 0xC594, 0xC574, 0xC574,
    0xBC08, 0xBC28, 0xBC28, 0xC429, 0xC429, 0xC429, 0xC429, 0xCC29,
    0xC429, 0xC429, 0xC429, 0xC429, 0xC429, 0xC429, 0xC409, 0xC409,
    0xC409, 0xC429, 0xBC29, 0xBC29, 0xBC29, 0xBC29, 0xBC29, 0xBC29,
    0xBC4A, 0xC44A, 0xC44A, 0xC42A, 0xC42A, 0xC42A, 0xC42A, 0xC44A,
    0xC42A, 0xC42A, 0xC42A, 0xC44A, 0xC44A, 0xC42A, 0xC44A, 0xC44A,
    0xC44A, 0xC44A, 0xC44A, 0xC44A, 0xC42A, 0xBC2A, 0xBC2A, 0xBC2A,
    0xBC2A, 0xBC2A, 0xBC2A, 0xBC2A, 0xBC2A, 0xBC2A, 0xBC2A, 0xBC2A,
    0xBC2A, 0xBC2A, 0xBC2A, 0xBC2A, 0xBC2A, 0xBC09, 0xB3E9, 0xB3C8,
    0xB3C8, 0xABA7, 0xABA7, 0xAB87, 0xB387, 0xB387, 0xB387, 0xB387,
    0xB3C9, 0xB40B, 0xB46E, 0xBCD1, 0xBD33, 0xC595, 0xC5D6, 0xCDF7,
    0xCE18, 0xCE18, 0xCE18, 0xC5F8, 0xCE18, 0xC512, 0x8A24, 0x6982,
    0x6142, 0x40A0, 0x3080, 0x3060, 0x2860, 0x2040, 0x1020, 0x1020,
    0x2040, 0x2040, 0x1020, 0x1820, 0x1020, 0x1820, 0x0800, 0x1020,
    0x2840, 0x50C0, 0x6100, 0x7120, 0x6940, 0x7161, 0x7161, 0x5920,
    0x48E0, 0xB4F2, 0xCE18, 0xC5F7, 0xC5F8, 0xC5F8, 0xC5F8, 0xC5F8,
    0xC5F8, 0xC5F8, 0xC5F8, 0xC5F8, 0xC5F8, 0xC5F8, 0xC5F8, 0xC5F8,
    0xC5F8, 0xC5F8, 0xC5F8, 0xC5F8, 0xC5F8, 0xC5F8, 0xC5F8, 0xC5F8,
    0xC5F8, 0xC5F8, 0xC5F7, 0xC5F7, 0xC5F7, 0xC5F7, 0xC5F7, 0xC5F7,
    0xC5F7, 0xC5F7, 0xC5F7, 0xC5F7, 0xC5F7, 0xC5F7, 0xC5F7, 0xC5F7,
    0xC5F7, 0xC5F7, 0xC5F7, 0xC5F7, 0xC5F7, 0xC5F7, 0xC5F7, 0xC5F7,
    0xC5F7, 0xC5F7, 0xC5F7, 0xC5F7, 0xC617, 0xC617, 0xCE17, 0xCE18,
    0xC553, 0xB42E, 0x9266, 0x71C4, 0x7A04, 0x9245, 0x9245, 0x8225,
    0x71C4, 0x79E4, 0x71A3, 0x71A3, 0x71A3, 0x6142, 0x71A3, 0x71A3,
    0x6163, 0x6183, 0x8A25, 0x8A45, 0x9245, 0xAAC7, 0xCCF0, 0xCE17,
    0xC5F7, 0xC5F7, 0xC5F7, 0xC5F7, 0xC5F7, 0xC5F7, 0xC5F7, 0xC5F7,
    0xC5F7, 0xC5F7, 0xC5F7, 0xC5F7, 0xC5F7, 0xC5F7, 0xC5F7, 0xC5F7,
    0xC5F7, 0xC5F7, 0xC5D7, 0xC5D6, 0xC5B6, 0xC595, 0xBD74, 0xBD53,
    0xBD33, 0xBD12, 0xBD12, 0xBD11, 0xBD11, 0xBD11, 0xBD11, 0xBD12,
    0xC511, 0xC511, 0xC511, 0xC511, 0xC511, 0xC511, 0xC511, 0xC511,
    0xC512, 0xC512, 0xC532, 0xC532, 0xC532, 0xC532, 0xC532, 0xC532,
    0xB3E7, 0xB3E7, 0xBC07, 0xBC08, 0xC408, 0xC428, 0xC408, 0xC428,
    0xC428, 0xC408, 0xC428, 0xC408, 0xC408, 0xC408, 0xC408, 0xC408,
    0xC409, 0xBC09, 0xBC08, 0xB408, 0xB408, 0xB408, 0xB409, 0xB409,
    0xBC09, 0xBC29, 0xC429, 0xC409, 0xC409, 0xC429, 0xC429, 0xC429,
    0xC429, 0xC429, 0xC42A, 0xC42A, 0xC42A, 0xBC2A, 0xBC2A, 0xC42A,
    0xC42A, 0xC42A, 0xC42A, 0xC42A, 0xC42A, 0xC42A, 0xC42A, 0xC42A,
    0xC42A, 0xBC2A, 0xBC2A, 0xBC2A, 0xBC2A, 0xBC2A, 0xBC2A, 0xBC2A,
    0xBC2A, 0xBC2A, 0xBC2A, 0xBC2A, 0xBC2A, 0xBC09, 0xB3E9, 0xB3C8,
    0xB3C8, 0xABA8, 0xABA7, 0xAB87, 0xB3A7, 0xB3A7, 0xB387, 0xB3A7,
    0xB3C9, 0xB40B, 0xB46E, 0xBCD1, 0xBD33, 0xC595, 0xC5D7, 0xC5F7,
    0xCDF8, 0xCE18, 0xCE18, 0xC5F8, 0xC5F8, 0xC532, 0xAB8A, 0x79E3,
    0x6162, 0x50E1, 0x3080, 0x2860, 0x3080, 0x2040, 0x1820, 0x1020,
    0x1020, 0x1820, 0x1820, 0x1000, 0x1820, 0x48C0, 0x40A0, 0x2860,
    0x6920, 0x81A0, 0x9A00, 0xA200, 0xA241, 0xAA41, 0xB282, 0x9201,
    0x7A66, 0xC5D7, 0xC618, 0xC5F8, 0xC5F8, 0xC5F8, 0xC5F8, 0xC5F8,
    0xC5F8, 0xC5F8, 0xC5F8, 0xC5F8, 0xC5F8, 0xC5F8, 0xC5F8, 0xC5F8,
    0xC5F8, 0xC5F7, 0xC5F8, 0xC5F8, 0xC5F8, 0xC5F8, 0xC5F7, 0xC5F7,
    0xC5F8, 0xC5F8, 0xC5F7, 0xC5F7, 0xC5F7, 0xC5F7, 0xC5F8, 0xC5F7,
    0xC5F7, 0xC5F7, 0xC5F7, 0xC5D7, 0xC5F7, 0xC5F7, 0xC5F7, 0xC5F7,
    0xC5F7, 0xC5F7, 0xC5F7, 0xC5F7, 0xC5F7, 0xC5F7, 0xC5F7, 0xC5F7,
    0xC5F7, 0xC5F7, 0xC617, 0xC617, 0xC617, 0xC617, 0xC617, 0xCE38,
    0xAC0D, 0x79C3, 0x6983, 0x69A3, 0x71A3, 0x8204, 0x8205, 0x8204,
    0x71A3, 0x7183, 0x6963, 0x79C4, 0x5922, 0x5922, 0x7183, 0x79C4,
    0x8205, 0x8A45, 0x8205, 0x9A66, 0xA2A7, 0x9246, 0x9AA6, 0xCCF0,
    0xCDF6, 0xC5F7, 0xC5F7, 0xC5F7, 0xC5F7, 0xC5F7, 0xC5F7, 0xC5F7,
    0xC5F7, 0xC5F7, 0xC5F7, 0xC5F7, 0xC5F7, 0xC5F7, 0xC5F7, 0xC5F7,
    0xC5F7, 0xC5F7, 0xC5D7, 0xC5D6, 0xC595, 0xBD74, 0xBD33, 0xBD12,
    0xBCF1, 0xB4D0, 0xBCB0, 0xBCAF, 0xBCAF, 0xBCAF, 0xBCAF, 0xBCAF,
    0xBCAF, 0xBCAF, 0xBCAF, 0xBCAF, 0xBCAF, 0xBCCF, 0xBCCF, 0xBCCF,
    0xBCCF, 0xBCD0, 0xBCD0, 0xC4D0, 0xC4D0, 0xC4D0, 0xC4D0, 0xC4D0,
    0xABE7, 0xABE6, 0xB3E6, 0xB3E7, 0xBBE7, 0xBC07, 0xC408, 0xC408,
    0xC408, 0xC408, 0xC408, 0xC408, 0xC408, 0xC408, 0xC408, 0xC408,
    0xBBE8, 0xBBE8, 0xB3E7, 0xB3E7, 0xB3E7, 0xABC7, 0xABC7, 0xB3E8,
    0xB3E8, 0xBBE8, 0xBC09, 0xBC09, 0xBC08, 0xBC09, 0xBC09, 0xBC09,
    0xC409, 0xC409, 0xC429, 0xC409, 0xC409, 0xC429, 0xC429, 0xC429,
    0xC429, 0xC429, 0xC429, 0xC429, 0xC429, 0xC429, 0xBC29, 0xBC29,
    0xBC29, 0xBC29, 0xBC29, 0xBC09, 0xBC09, 0xBC09, 0xBC09, 0xBC09,
    0xBC09, 0xBC09, 0xBC09, 0xBC2A, 0xBC2A, 0xB409, 0xB3E9, 0xB3C8,
    0xABA8, 0xABA8, 0xABA7, 0xABA7, 0xB3A7, 0xB3A7, 0xB3A7, 0xB3A7,
    0xB3C9, 0xB40C, 0xB46E, 0xBCD1, 0xBD33, 0xC595, 0xC5B6, 0xCDF8,
    0xCDF8, 0xCDF8, 0xC618, 0xC618, 0xC618, 0xC5F8, 0xCDF7, 0xA38B,
    0x6961, 0x48E1, 0x3080, 0x5121, 0x5101, 0x2860, 0x2860, 0x2040,
    0x2040, 0x3880, 0x3880, 0x3060, 0x7960, 0x91C0, 0x91C0, 0x91E1,
    0xBAC2, 0xBAC2, 0xBAA1, 0xBAA1, 0xBA81, 0xC2A1, 0xC2E3, 0xBAA2,
    0xC44C, 0xCE5A, 0xC5F8, 0xC5F8, 0xC5F8, 0xC5F8, 0xC5F8, 0xC5F8,
    0xC5F8, 0xC5F8, 0xC5F8, 0xC5F8, 0xC5F8, 0xC5F8, 0xC5F8, 0xC5F7,
    0xC5F8, 0xC5F7, 0xC5F7, 0xC5F8, 0xC5F8, 0xC5F7, 0xC5F8, 0xC5F7,
    0xC5F8, 0xC5F8, 0xC5D7, 0xC5F7, 0xC5F7, 0xC5F7, 0xC5F7, 0xC5F7,
    0xC5F7, 0xC5F8, 0xC5D7, 0xC5D7, 0xC5F7, 0xC5F7, 0xC5F7, 0xC5F7,
    0xC5F8, 0xC5F8, 0xC5F7, 0xC5F7, 0xC5F7, 0xC5F7, 0xC5F7, 0xC5F7,
    0xC5F7, 0xC5F7, 0xC617, 0xCE17, 0xC617, 0xC617, 0xCE18, 0xC574,
    0x8A86, 0x6183, 0x69A3, 0x79C3, 0x6162, 0x6983, 0x6162, 0x6983,
    0x6962, 0x48E1, 0x5122, 0x6163, 0x5922, 0x6962, 0x79C3, 0x9265,
    0x8225, 0x79E4, 0x71E4, 0x8A45, 0x8A25, 0x71C4, 0x71C4, 0xB349,
    0xD594, 0xC618, 0xC5F7, 0xC5F7, 0xC5F7, 0xC5F7, 0xC5F7, 0xC5F7,
    0xC5F7, 0xC5F7, 0xC5F7, 0xC5F7, 0xC5F7, 0xC5F7, 0xC5F7, 0xC5F7,
    0xC5F7, 0xC5F7, 0xC5D7, 0xC5B6, 0xBD95, 0xBD54, 0xB512, 0xB4D1,
    0xB4B0, 0xB48F, 0xB46E, 0xB44D, 0xB44D, 0xB44D, 0xB44D, 0xB44D,
    0xB44D, 0xB44D, 0xBC4D, 0xBC6E, 0xBC6E, 0xBC6E, 0xBC6E, 0xBC6D,
    0xBC6D, 0xBC6D, 0xBC6E, 0xBC6E, 0xBC6E, 0xBC6E, 0xBC8E, 0xBC8E,
    0xA3C6, 0xA3C6, 0xA3C6, 0xABC6, 0xB3E6, 0xB3E7, 0xBBE7, 0xBBE7,
    0xC3E7, 0xC3E7, 0xC3E8, 0xBBE7, 0xBBE7, 0xBBE7, 0xBBE7, 0xBBC7,
    0xB3C7, 0xB3C7, 0xABC6, 0xABC7, 0xA3A7, 0xABA7, 0xABA7, 0xABC7,
    0xB3C7, 0xB3C7, 0xBBE8, 0xBBE8, 0xBBE8, 0xBBE8, 0xBBE8, 0xBBE8,
    0xBBE8, 0xBC08, 0xBC08, 0xBBE8, 0xBC09, 0xBC09, 0xBC09, 0xBC09,
    0xC409, 0xC409, 0xC409, 0xC409, 0xC409, 0xBC09, 0xBC09, 0xBC09,
    0xBC09, 0xBC09, 0xBC09, 0xBC09, 0xBC09, 0xBC09, 0xBC09, 0xBC09,
    0xBC09, 0xBC09, 0xBC09, 0xBC09, 0xBC09, 0xB409, 0xB3E9, 0xABC8,
    0xABA8, 0xABA7, 0xAB87, 0xABA7, 0xB3A7, 0xB3A7, 0xB3A7, 0xB3A7,
    0xB3C9, 0xB40C, 0xB46E, 0xBCD1, 0xBD33, 0xC575, 0xC5D7, 0xC5F7,
    0xCE18, 0xCE18, 0xCE18, 0xCE18, 0xC5F8, 0xC5F8, 0xCE18, 0xC512,
    0x92C7, 0x58E0, 0x3060, 0x40E1, 0x3880, 0x2040, 0x2840, 0x48A0,
    0x6940, 0x81A0, 0x81A0, 0x91C0, 0xBAA1, 0xC2C2, 0xBAA1, 0xBAC2,
    0xE3A4, 0xD363, 0xD322, 0xD322, 0xCAC2, 0xBAA1, 0xCB23, 0xC303,
    0xD409, 0xC618, 0xC5F8, 0xC5F8, 0xC5F8, 0xC5F8, 0xC5F8, 0xC5F8,
    0xC5F8, 0xC5F8, 0xC5F8, 0xC5F8, 0xC5F8, 0xC5F8, 0xC618, 0xC5B6,
    0xC5B6, 0xC618, 0xC5F7, 0xC5F7, 0xC5D7, 0xC5B6, 0xC5F7, 0xC5D7,
    0xC5F8, 0xC5F7, 0xC5D7, 0xC5F8, 0xC5F7, 0xC5F7, 0xC5D7, 0xCDD6,
    0xC5D7, 0xC5D7, 0xC5D6, 0xC5F7, 0xC5F7, 0xC5F7, 0xC5F7, 0xC5F7,
    0xC5F8, 0xC5F7, 0xC5F7, 0xC5F7, 0xC5F7, 0xC5F7, 0xC5F7, 0xC5F7,
    0xC5F7, 0xC5F8, 0xC617, 0xC617, 0xC617, 0xC618, 0xCDF7, 0xABCC,
    0x79C3, 0x6983, 0x6983, 0x6142, 0x5921, 0x5901, 0x48E1, 0x5921,
    0x6121, 0x40C1, 0x5922, 0x4901, 0x5101, 0x6142, 0x79A3, 0x79E4,
    0x71A4, 0x69A3, 0x69A3, 0x79E4, 0x79E4, 0x79E4, 0x71C4, 0x9A86,
    0xB3CC, 0xCD94, 0xC5F7, 0xC5F7, 0xC5F7, 0xC5F7, 0xC5F7, 0xC5F7,
    0xC5F7, 0xC5F7, 0xC5F7, 0xC5F7, 0xC5F7, 0xC5F7, 0xC5F7, 0xC5F7,
    0xC5F7, 0xC5F7, 0xC5D7, 0xC5B6, 0xBD74, 0xBD33, 0xB4F1, 0xB4B0,
    0xB46E, 0xAC2D, 0xAC0B, 0xABEA, 0xB3EB, 0xB3EB, 0xB40B, 0xB40B,
    0xB40B, 0xB40B, 0xB40B, 0xB42C, 0xBC2C, 0xBC2C, 0xBC2C, 0xBC2C,
    0xBC2C, 0xBC2C, 0xBC2C, 0xBC2C, 0xBC4C, 0xBC2C, 0xBC4C, 0xBC4C,
    0x9BA5, 0x9BA5, 0x9BC5, 0xA3C5, 0xA3C6, 0xABC6, 0xB3E6, 0xBBE7,
    0xBBE7, 0xBBE7, 0xB3E7, 0xBBE7, 0xBBC7, 0xBBC7, 0xBBC7, 0xB3C7,
    0xABC6, 0xABA6, 0xA3A6, 0x9BA6, 0x9B86, 0xA3A6, 0xA3A6, 0xABA6,
    0xABA7, 0xB3A7, 0xB3C7, 0xBBA7, 0xBBC7, 0xBBC7, 0xBBC7, 0xBBC7,
    0xBBC7, 0xBBC8, 0xBBC8, 0xBBC8, 0xBBE8, 0xBBE8, 0xBBE8, 0xBBE8,
    0xBBE8, 0xC3E8, 0xC408, 0xC408, 0xC408, 0xBC08, 0xBC08, 0xBC08,
    0xBC08, 0xBBE8, 0xBBE8, 0xBBE8, 0xBBE8, 0xBBE8, 0xBBE9, 0xBBE8,
    0xBBE8, 0xBBE9, 0xBC09, 0xBC09, 0xBC09, 0xB3E9, 0xB3C8, 0xABC8,
    0xABA7, 0xAB87, 0xAB87, 0xAB87, 0xB3A7, 0xB3A7, 0xB3A7, 0xB3A7,
    0xB3C9, 0xB42C, 0xB46E, 0xBCD1, 0xBD33, 0xC595, 0xC5B6, 0xC5F7,
    0xC618, 0xCE18, 0xCE18, 0xCE18, 0xC5F8, 0xC5F8, 0xC5F8, 0xCE38,
    0xC5B6, 0x9B6B, 0x6981, 0x50C0, 0x2860, 0x2860, 0x48A0, 0x7140,
    0x9A00, 0xA220, 0xAA40, 0xC2C1, 0xE3A4, 0xE3A4, 0xE3A4, 0xDB63,
    0xE3A4, 0xE3A4, 0xDB43, 0xDB63, 0xDB83, 0xCB23, 0xDBA4, 0xCB03,
    0xDC08, 0xCDF7, 0xC5F8, 0xC5F8, 0xC5F8, 0xC5F8, 0xC5F8, 0xC5F8,
    0xC5F8, 0xC5F8, 0xC5F8, 0xC5F8, 0xC5F7, 0xC5F8, 0xCE18, 0xC5D6,
    0xB46F, 0xC595, 0xCDF7, 0xCDD7, 0xCDD7, 0xC533, 0xC595, 0xC5F7,
    0xC5F7, 0xCDF7, 0xC5B6, 0xC5F8, 0xC5D7, 0xC5D7, 0xC595, 0xC4D1,
    0xC5B6, 0xC5B6, 0xC5D7, 0xC5F7, 0xC5F7, 0xC5F7, 0xC5F7, 0xC5F7,
    0xC5F7, 0xC5F7, 0xC5F7, 0xC5F7, 0xC5F7, 0xC5F7, 0xC5F7, 0xC5F7,
    0xC5F7, 0xC618, 0xC618, 0xC618, 0xC618, 0xC5F7, 0xBCF1, 0x8A45,
    0x6983, 0x5942, 0x5122, 0x5101, 0x48E1, 0x40A0, 0x40A0, 0x50E1,
    0x50E1, 0x5921, 0x40E1, 0x3080, 0x48E1, 0x5922, 0x7183, 0x7183,
    0x71A3, 0x6142, 0x71A3, 0x79E4, 0x71C4, 0x69A3, 0x71C4, 0x7A05,
    0x71C4, 0xB3CC, 0xCE18, 0xC5F7, 0xC5F7, 0xC5F7, 0xC5F7, 0xC5F7,
    0xC5F7, 0xC5F7, 0xC5F7, 0xC5F7, 0xC5F7, 0xC5F7, 0xC5F7, 0xC5F7,
    0xC5F7, 0xC5F7, 0xC5D7, 0xC5B6, 0xBD54, 0xB513, 0xB4B1, 0xAC6F,
    0xAC2D, 0xABCB, 0xAB88, 0xAB67, 0xAB88, 0xABA9, 0xB3CA, 0xB3EA,
    0xB3EB, 0xB40B, 0xB40B, 0xB40B, 0xB40B, 0xB42B, 0xB40B, 0xB40B,
    0xBC2B, 0xBC2B, 0xBC2B, 0xBC2C, 0xBC2C, 0xBC2C, 0xBC2B, 0xBC2C,
    0x9385, 0x9385, 0x93A4, 0x93A5, 0x9BC5, 0xA3C6, 0xA3C6, 0xABC6,
    0xABC7, 0xABC7, 0xABC7, 0xABC7, 0xB3C7, 0xB3C7, 0xB3A7, 0xABA6,
    0xA3A6, 0x9BA5, 0x9B85, 0x9B85, 0x9B85, 0x9B85, 0x9B86, 0xA386,
    0xAB86, 0xABA7, 0xB3A7, 0xB3A7, 0xB3A7, 0xB3A7, 0xB3A7, 0xB3A7,
    0xB3A7, 0xBBA7, 0xBBA7, 0xBBA7, 0xBBC7, 0xBBC7, 0xBBC7, 0xBBC7,
    0xBBE8, 0xBBE8, 0xC3E8, 0xC3E8, 0xBBE8, 0xC3E8, 0xBC08, 0xBC08,
    0xBBE8, 0xBBE8, 0xBBC8, 0xBBC8, 0xBBE8, 0xBBC8, 0xBBC8, 0xBBC8,
    0xBBE8, 0xBBE8, 0xBBE8, 0xBBE8, 0xBBE8, 0xB3C8, 0xB3C8, 0xABA7,
    0xAB87, 0xAB87, 0xAB87, 0xAB87, 0xB3A7, 0xB3A7, 0xB3A7, 0xB3A7,
    0xB3C9, 0xB42C, 0xB46E, 0xBCD1, 0xBD33, 0xC575, 0xC5B6, 0xC5F7,
    0xC5F8, 0xCDF8, 0xC618, 0xCE18, 0xC618, 0xC618, 0xC618, 0xC618,
    0xC639, 0xCDD6, 0x92E8, 0x5900, 0x3880, 0x50E0, 0x9A01, 0xB281,
    0xBAA1, 0xB281, 0xB261, 0xC2C1, 0xE383, 0xDB83, 0xE3A3, 0xEC05,
    0xEC05, 0xE3A3, 0xE3A3, 0xE3A4, 0xDB83, 0xDB83, 0xE3A4, 0xDB84,
    0xDBA5, 0xCD94, 0xC619, 0xC5F8, 0xC5F8, 0xC5F8, 0xC5F8, 0xC5F8,
    0xC5F8, 0xC5F8, 0xC5F8, 0xC618, 0xC5B6, 0xC5F7, 0xC5F8, 0xC5F7,
    0xAC2E, 0xA38A, 0xC554, 0xCDD7, 0xC5B6, 0xBC90, 0xBC6F, 0xC5B6,
    0xCDF8, 0xCDB6, 0xC5B6, 0xC5B6, 0xC596, 0xC595, 0xB42D, 0xB46F,
    0xCDD6, 0xC5B6, 0xC5F8, 0xC5F7, 0xC5F7, 0xC5F7, 0xC5F7, 0xC5F7,
    0xC5F7, 0xC5F7, 0xC5F7, 0xC5F7, 0xC5F7, 0xC5F7, 0xC5F7, 0xC5F7,
    0xC5F7, 0xC5F7, 0xC5F8, 0xC617, 0xCE18, 0xBD33, 0x92A6, 0x6982,
    0x6162, 0x5942, 0x48E1, 0x40A0, 0x48E1, 0x40C0, 0x38A0, 0x50E1,
    0x5901, 0x38A0, 0x3080, 0x48E1, 0x40C1, 0x4902, 0x5102, 0x5942,
    0x6162, 0x6163, 0x71A3, 0x79C4, 0x71C4, 0x71C4, 0x8225, 0x8225,
    0x7A25, 0xA2E8, 0xC574, 0xCE18, 0xC5F7, 0xC5F7, 0xC5F7, 0xC5F7,
    0xC5F7, 0xC5F7, 0xC5F7, 0xC5F7, 0xC5F7, 0xC5D7, 0xC5D7, 0xC5D7,
    0xC5D7, 0xC5D7, 0xC5D6, 0xC596, 0xBD54, 0xB512, 0xB4B0, 0xAC4E,
    0xABEB, 0xABA9, 0xA367, 0xAB46, 0xAB88, 0xABC9, 0xB3EA, 0xB42B,
    0xB42C, 0xB42C, 0xB42C, 0xBC2C, 0xBC4C, 0xBC4C, 0xBC4C, 0xBC4D,
    0xBC4D, 0xBC4D, 0xBC4D, 0xBC4D, 0xBC6D, 0xBC6D, 0xBC6D, 0xBC6D,
    0x8B85, 0x8384, 0x8384, 0x8BA4, 0x93A5, 0x93A5, 0x9BA5, 0x9BA6,
    0xA3A6, 0xA3A6, 0xA3A7, 0xA3A7, 0xABA7, 0xABA7, 0xABA7, 0xA3A6,
    0x9385, 0x9385, 0x8B84, 0x9385, 0x9365, 0x9385, 0x9B86, 0x9B86,
    0xA387, 0xAB87, 0xAB87, 0xAB87, 0xAB87, 0xAB87, 0xAB87, 0xB3A7,
    0xB3A7, 0xB3A7, 0xB3A7, 0xB3A7, 0xB3A7, 0xB3A7, 0xBBC7, 0xBBC8,
    0xBBC7, 0xBBC7, 0xBBC7, 0xBBC7, 0xBBC7, 0xBBA7, 0xBBE8, 0xBBC7,
    0xC429, 0xBBE8, 0xC429, 0xC3E8, 0xBBC8, 0xC409, 0xC44A, 0xBBE8,
    0xB3A7, 0xBBC8, 0xB3C7, 0xB3C7, 0xB3C7, 0xB3C7, 0xB3A7, 0xAB87,
    0xAB87, 0xAB87, 0xAB87, 0xAB87, 0xB3A7, 0xB3A7, 0xB3A7, 0xB3A7,
    0xB3C9, 0xB42C, 0xB46E, 0xBCD1, 0xBD33, 0xC575, 0xC5B6, 0xC5F7,
    0xC5F8, 0xC5F8, 0xC5F8, 0xC5F8, 0xC618, 0xC618, 0xC618, 0xC618,
    0xC618, 0xC5D6, 0xB4F3, 0x93AC, 0x59A4, 0x6940, 0xCB23, 0xCB23,
    0xC303, 0xCB03, 0xCB02, 0xCB22, 0xD322, 0xDB42, 0xD343, 0xEBE4,
    0xEBE4, 0xEBE4, 0xEBC3, 0xEBE4, 0xEBE4, 0xE3E4, 0xE3C4, 0xDBA5,
    0xDB84, 0xD532, 0xC619, 0xC5F8, 0xC5F8, 0xC5F8, 0xC5F8, 0xC5F8,
    0xC5F8, 0xC5F7, 0xC5D7, 0xC595, 0xBD13, 0xC5B6, 0xCE18, 0xC5D7,
    0xB4B1, 0x8A25, 0xA329, 0xCDB6, 0xC595, 0xB44F, 0xAB49, 0xBCD1,
    0xC5F8, 0xC554, 0xC554, 0xBD54, 0xBD33, 0xAC0D, 0x9AE7, 0xBC6F,
    0xC533, 0xC5D7, 0xC5F8, 0xC5F7, 0xC5F7, 0xC5F7, 0xC5F7, 0xC5F7,
    0xC5F7, 0xC5F7, 0xC5F7, 0xC5F8, 0xC5F7, 0xC5F7, 0xC5F7, 0xC5F7,
    0xC5F7, 0xC5F7, 0xC5F8, 0xC5F7, 0xCE18, 0xC5B6, 0x7A46, 0x5942,
    0x6162, 0x5921, 0x48C1, 0x3880, 0x50E1, 0x3080, 0x40C0, 0x50E1,
    0x48E1, 0x2880, 0x40A0, 0x38A0, 0x3080, 0x48E1, 0x5102, 0x6963,
    0x6163, 0x6983, 0x79C3, 0x71A3, 0x79C4, 0x8205, 0x8A25, 0x8225,
    0x7205, 0x8A46, 0xBC4E, 0xCDF7, 0xC5F7, 0xC5F7, 0xC5F7, 0xC5F7,
    0xC5F7, 0xC5F7, 0xC5F7, 0xC5F7, 0xC5D7, 0xC5D7, 0xC5D7, 0xC5D7,
    0xC5D7, 0xC5D7, 0xC5D6, 0xC595, 0xBD54, 0xB4F2, 0xB4B0, 0xAC4E,
    0xABEB, 0xABA9, 0xAB87, 0xAB88, 0xB3C9, 0xB40B, 0xB42C, 0xBC6D,
    0xBC8E, 0xBCAF, 0xBC8F, 0xBC8E, 0xBC8E, 0xBC8F, 0xBCAF, 0xBCAF,
    0xBCAF, 0xBCAF, 0xBCAF, 0xBCAF, 0xBCAF, 0xC4AF, 0xC4CF, 0xC4CF,
    0x8385, 0x7B84, 0x7B83, 0x7B83, 0x83A4, 0x8BA4, 0x8BA5, 0x93A5,
    0x9386, 0x9386, 0x9386, 0x9BA7, 0x9BA7, 0x9BA7, 0x9BA6, 0x9386,
    0x8B85, 0x8B84, 0x8B84, 0x8B85, 0x8B85, 0x9386, 0x9386, 0x9B86,
    0xA387, 0xA387, 0xA387, 0xA387, 0xA387, 0xA387, 0xA387, 0xAB87,
    0xAB87, 0xABA7, 0xAB87, 0xABA7, 0xB3A7, 0xB3A7, 0xB3A7, 0xB387,
    0xC409, 0xC429, 0xC42A, 0xCC6B, 0xD4ED, 0xDD70, 0xEE13, 0xE590,
    0xF611, 0xF610, 0xFE0F, 0xFDCE, 0xF52A, 0xF58C, 0xFEB3, 0xF5F0,
    0xE4CA, 0xE4CA, 0xCC28, 0xBBE8, 0xB3C8, 0xB3A8, 0xB3A7, 0xAB66,
    0xAB66, 0xAB87, 0xAB87, 0xAB87, 0xB3A7, 0xB3A7, 0xB3A7, 0xB3A8,
    0xB3C9, 0xB40C, 0xB46E, 0xBCD1, 0xBD33, 0xC575, 0xC5B7, 0xC5F7,
    0xC5F8, 0xC5F8, 0xC5F8, 0xC5F8, 0xC618, 0xC618, 0xC618, 0xC618,
    0xC618, 0xC618, 0xCE18, 0xCE39, 0xBD75, 0xA3EC, 0xD3A5, 0xD343,
    0xC302, 0xCB02, 0xD343, 0xE3C4, 0xDB83, 0xE383, 0xE3A3, 0xEBC4,
    0xE3C3, 0xEBA3, 0xEBE4, 0xF404, 0xF404, 0xEBE4, 0xDB83, 0xDB64,
    0xDB83, 0xD4EE, 0xC619, 0xC5F8, 0xC5F8, 0xC5F8, 0xC5F8, 0xC5F8,
    0xC618, 0xC5F8, 0xC5D7, 0xBCD1, 0xABAB, 0xBCD1, 0xCE18, 0xC5F8,
    0xB4D2, 0x7A04, 0x7141, 0xABAB, 0xBCD1, 0xABAC, 0x9A86, 0xABAB,
    0xC596, 0xBD54, 0xBCB1, 0xB44F, 0xABAB, 0x8A24, 0x9AC7, 0xB40D,
    0xC533, 0xC5D7, 0xC5D7, 0xC5D7, 0xC5D7, 0xC5F7, 0xC5D6, 0xC5D6,
    0xC5F7, 0xC5F7, 0xC5F7, 0xC5F7, 0xC5F7, 0xC5F7, 0xC5F7, 0xC5F7,
    0xC5F7, 0xC5F8, 0xC5F8, 0xC618, 0xC5F7, 0xB490, 0x71E5, 0x5101,
    0x6142, 0x6142, 0x40A0, 0x3880, 0x40A0, 0x38A0, 0x40A0, 0x3880,
    0x40C0, 0x48E1, 0x3880, 0x40C0, 0x5101, 0x5101, 0x6122, 0x48E1,
    0x48E1, 0x5102, 0x5101, 0x6142, 0x6983, 0x71A4, 0x71A3, 0x71C4,
    0x5983, 0x79E4, 0xB38B, 0xC5F7, 0xC5F7, 0xC5F7, 0xC5F7, 0xC5F7,
    0xC5F7, 0xC5D7, 0xC5F7, 0xC5F7, 0xC5F7, 0xC5D7, 0xC5D7, 0xC5D7,
    0xC5D7, 0xC5D7, 0xC5D6, 0xC596, 0xBD54, 0xB512, 0xB4B0, 0xAC4E,
    0xAC0C, 0xABC9, 0xABA8, 0xABA9, 0xB3EB, 0xB42C, 0xBC6D, 0xBCAF,
    0xC4D0, 0xC4F1, 0xC4F1, 0xC4F1, 0xC4F1, 0xC4F1, 0xC4F1, 0xC511,
    0xC4F1, 0xC4F1, 0xC4F1, 0xC511, 0xC511, 0xC511, 0xC511, 0xC511,
    0x8386, 0x7363, 0x6B61, 0x7382, 0x7383, 0x7B83, 0x7B84, 0x8385,
    0x8385, 0x8365, 0x8B66, 0x8B86, 0x9386, 0x9386, 0x9386, 0x8B85,
    0x8385, 0x8384, 0x8384, 0x8385, 0x8385, 0x8B86, 0x9386, 0x9387,
    0x9B87, 0x9B87, 0x9B87, 0x9B86, 0x9B86, 0x9B87, 0x9B87, 0xA387,
    0xA387, 0xAB88, 0xAB88, 0xABA8, 0xABA8, 0xB3A8, 0xC44B, 0xCCCD,
    0xE5F3, 0xF718, 0xFF5A, 0xFF5A, 0xFF9B, 0xFFBC, 0xFFBC, 0xFF9B,
    0xFF79, 0xFF37, 0xFEF5, 0xFED4, 0xFEB3, 0xFE71, 0xFED4, 0xFEF4,
    0xFE0E, 0xFD49, 0xFCE7, 0xF4A7, 0xF4C9, 0xECC9, 0xE4EB, 0xCC8B,
    0xAB87, 0xA346, 0xA346, 0xAB87, 0xB3A7, 0xB3A7, 0xB3C7, 0xB3C8,
    0xB3C9, 0xB42C, 0xB46E, 0xBCD1, 0xBD33, 0xBD75, 0xC5B7, 0xC5F8,
    0xC5F8, 0xC5F8, 0xC5F8, 0xC5F8, 0xC5F8, 0xC618, 0xC618, 0xC618,
    0xC618, 0xC618, 0xC618, 0xC618, 0xCE18, 0xC639, 0xDD0D, 0xDB62,
    0xCB43, 0xD363, 0xDB83, 0xEBE4, 0xF445, 0xEC04, 0xEC25, 0xEBE4,
    0xEBC3, 0xEBA3, 0xEBE4, 0xEBE3, 0xEBC3, 0xEBC3, 0xEBE4, 0xDB84,
    0xDB63, 0xDC8B, 0xC639, 0xC5F8, 0xC5F8, 0xC618, 0xC5F8, 0xC5F8,
    0xC618, 0xCE18, 0xCE18, 0xBD13, 0x9AC7, 0xA329, 0xBCD1, 0xC5B6,
    0xB4F2, 0x8246, 0x6100, 0x79A2, 0x9AE7, 0x9AE8, 0x8204, 0x9AE7,
    0xBCD1, 0xBD34, 0xABCC, 0x9AE7, 0x8A03, 0x81E2, 0x9AE8, 0xB3EC,
    0xC575, 0xC595, 0xC5B6, 0xC5F8, 0xC5F7, 0xC553, 0xC533, 0xC5F7,
    0xC5F7, 0xC5D7, 0xC5D7, 0xC5F7, 0xC5F7, 0xC5F7, 0xC5F7, 0xC5F8,
    0xC5F8, 0xC5F8, 0xC5F8, 0xC618, 0xC617, 0x9B6A, 0x6983, 0x5122,
    0x5101, 0x50E1, 0x3080, 0x2860, 0x3880, 0x3060, 0x3060, 0x3080,
    0x3060, 0x2860, 0x3060, 0x50E1, 0x38A0, 0x48E1, 0x3080, 0x38A0,
    0x48E1, 0x48E1, 0x40C1, 0x5122, 0x5942, 0x6183, 0x79C4, 0x79E4,
    0x69C4, 0x7A04, 0xA308, 0xCDB6, 0xC5F8, 0xC5F7, 0xC5F7, 0xC5F7,
    0xC5F7, 0xC5F7, 0xC5F7, 0xC5F7, 0xC5F7, 0xC5D7, 0xC5D7, 0xC5D7,
    0xC5D7, 0xC5D7, 0xC5D7, 0xC596, 0xBD54, 0xB512, 0xB4B0, 0xB44E,
    0xAC0C, 0xABCA, 0xABC9, 0xB3EA, 0xB42C, 0xBC6D, 0xBCAF, 0xC4F0,
    0xC532, 0xC553, 0xCD53, 0xC553, 0xC553, 0xC553, 0xC553, 0xC553,
    0xC553, 0xCD53, 0xC553, 0xC573, 0xCD53, 0xCD53, 0xCD73, 0xCD73,
    0x7B86, 0x7364, 0x6361, 0x6360, 0x6361, 0x6342, 0x6B43, 0x7343,
    0x7344, 0x7B44, 0x7B45, 0x8365, 0x8365, 0x8365, 0x8365, 0x7B84,
    0x7B84, 0x7B84, 0x7B84, 0x7B85, 0x8386, 0x8B86, 0x8B87, 0x9387,
    0x9387, 0x9387, 0x9367, 0x9366, 0x9387, 0x9387, 0x9B87, 0x9B87,
    0xA388, 0xA3A8, 0xA3A8, 0xABA9, 0xABA8, 0xB40A, 0xEE55, 0xFFBC,
    0xFFBC, 0xFFBB, 0xFF9B, 0xFF9B, 0xFF7A, 0xFF7A, 0xFF59, 0xFF39,
    0xFF39, 0xFF59, 0xFF79, 0xFF58, 0xFF58, 0xFF17, 0xFEF5, 0xFEF5,
    0xFED4, 0xFE50, 0xFDCC, 0xFD6A, 0xFD07, 0xFD48, 0xFD49, 0xFDED,
    0xF610, 0xD50D, 0xB3E8, 0xB3C7, 0xB387, 0xB3A7, 0xB3C8, 0xB3C8,
    0xB3E9, 0xB42C, 0xB48F, 0xBCF1, 0xBD33, 0xBD95, 0xC5D7, 0xC5F8,
    0xC5F8, 0xC5F8, 0xC5F8, 0xC5F8, 0xC5F8, 0xC5F8, 0xC5F8, 0xC618,
    0xC5F8, 0xC5F8, 0xC5F8, 0xC618, 0xC5F8, 0xC619, 0xD5D4, 0xE3E4,
    0xDBA4, 0xE3C4, 0xEC25, 0xEC24, 0xF465, 0xF485, 0xF486, 0xFC86,
    0xEC24, 0xEBC3, 0xF445, 0xF465, 0xF424, 0xEC04, 0xF445, 0xE3C4,
    0xDB64, 0xDC28, 0xCE18, 0xC618, 0xC5F8, 0xC618, 0xC618, 0xC5D7,
    0xC5F8, 0xCE18, 0xCDF7, 0xC5B6, 0xA3CC, 0x81A2, 0x8A65, 0xAC4F,
    0xAC70, 0x8225, 0x5900, 0x6100, 0x7182, 0x8A25, 0x7982, 0x8A44,
    0xABED, 0xB491, 0x9286, 0x81C2, 0x7981, 0x81A2, 0x9AA5, 0xB40D,
    0xC533, 0xC575, 0xCDD7, 0xC574, 0xBC4D, 0xB3EC, 0xC554, 0xC595,
    0xC595, 0xC5D6, 0xC5D6, 0xC5F8, 0xC5F7, 0xC5F7, 0xC5F7, 0xC5F8,
    0xC5F8, 0xC5F8, 0xC618, 0xC5F8, 0xCE59, 0x9BEE, 0x6142, 0x40C1,
    0x40A0, 0x3080, 0x3080, 0x1840, 0x3060, 0x2860, 0x2040, 0x2040,
    0x2840, 0x2860, 0x2860, 0x3080, 0x48C0, 0x48E1, 0x3080, 0x38A1,
    0x30A1, 0x38C1, 0x38C1, 0x5122, 0x71C4, 0x69A3, 0x69A3, 0x7A05,
    0x71E4, 0x9245, 0x9AA7, 0xC574, 0xC5F8, 0xC5D7, 0xC5F7, 0xC5F7,
    0xC5F7, 0xC5F7, 0xC5F7, 0xC5F7, 0xC5F7, 0xC5D7, 0xC5F7, 0xC5D7,
    0xC5D7, 0xC5D7, 0xC5D7, 0xC5B6, 0xBD54, 0xB4F2, 0xB490, 0xB44E,
    0xAC0C, 0xABEA, 0xB3EA, 0xB40B, 0xBC4D, 0xBC8E, 0xC4F0, 0xC532,
    0xCD74, 0xCDB5, 0xCDB5, 0xCDB5, 0xCDB5, 0xCDB5, 0xCDB5, 0xCDB5,
    0xCDB5, 0xCDB5, 0xCDB5, 0xCDB5, 0xCDB5, 0xCDB5, 0xCDB5, 0xCDB5,
    0x7B86, 0x7365, 0x6362, 0x5B40, 0x5B20, 0x5B20, 0x5B21, 0x5B22,
    0x6323, 0x6B23, 0x6B24, 0x7344, 0x7344, 0x7344, 0x7364, 0x7363,
    0x6B63, 0x7384, 0x7385, 0x7B85, 0x7B86, 0x8386, 0x8B87, 0x8B87,
    0x8B87, 0x8B87, 0x8367, 0x8367, 0x8366, 0x8B87, 0x9387, 0x9388,
    0x9BA8, 0x9BA9, 0xA3A9, 0xA3A9, 0xB40B, 0xEE76, 0xFFDD, 0xFF7A,
    0xFF38, 0xFF38, 0xFF38, 0xFF38, 0xFF38, 0xFF59, 0xFF7A, 0xFF5A,
    0xFF7A, 0xFF58, 0xFF17, 0xFF17, 0xFF17, 0xFF37, 0xFF17, 0xFF16,
    0xFEF5, 0xFED4, 0xFE92, 0xFE91, 0xFE50, 0xFE4F, 0xFE2F, 0xFDAB,
    0xFE70, 0xFEF4, 0xFEB3, 0xF652, 0xDD4E, 0xBC08, 0xB3C8, 0xB3A8,
    0xB3E9, 0xB42C, 0xB48F, 0xBCF1, 0xBD54, 0xC595, 0xC5D7, 0xC5F8,
    0xC618, 0xC5F8, 0xC618, 0xC5F8, 0xC5F8, 0xC5F8, 0xC5F8, 0xC5F8,
    0xC5F8, 0xC5F8, 0xC5F8, 0xC618, 0xC618, 0xC618, 0xC639, 0xE50C,
    0xEC25, 0xEC26, 0xEC25, 0xEBE4, 0xE3A3, 0xEC04, 0xF424, 0xF424,
    0xFCA6, 0xFCA6, 0xFCA6, 0xF445, 0xF404, 0xF445, 0xF424, 0xEC04,
    0xDBA5, 0xE3C5, 0xD594, 0xC619, 0xC5F8, 0xC5F8, 0xCE18, 0xC5B6,
    0xC533, 0xC595, 0xC5B6, 0xC5D7, 0xBD33, 0x7A66, 0x50C0, 0x79E3,
    0x9B08, 0x7A04, 0x58E0, 0x58E0, 0x6100, 0x79A2, 0x7181, 0x79C2,
    0x9B08, 0x9B09, 0x7182, 0x6940, 0x7140, 0x79A1, 0x9244, 0xABCC,
    0xBD13, 0xBD33, 0xAC0D, 0x9A85, 0x9264, 0xB40D, 0xBC8F, 0xC4D1,
    0xC595, 0xC595, 0xC5D7, 0xC5F8, 0xC5F8, 0xC618, 0xC5F7, 0xC5F8,
    0xC5F8, 0xC5F8, 0xC5F8, 0xC5F8, 0xC5D6, 0x936B, 0x5942, 0x40C0,
    0x3080, 0x2040, 0x2860, 0x2040, 0x3080, 0x2040, 0x1840, 0x2040,
    0x2040, 0x2040, 0x2860, 0x38A0, 0x48C0, 0x3060, 0x3080, 0x48E1,
    0x5101, 0x5101, 0x6983, 0x79C3, 0x5942, 0x40E1, 0x6163, 0x69A4,
    0x71E4, 0x8A45, 0x92C7, 0xC595, 0xC5F8, 0xC5F7, 0xC5F7, 0xC5F7,
    0xC5F7, 0xC5F7, 0xC5F7, 0xC5F7, 0xC5F7, 0xC5D7, 0xC5D7, 0xC5D7,
    0xC5D7, 0xC5D7, 0xC5D7, 0xC5B6, 0xBD54, 0xB4F2, 0xB490, 0xAC4E,
    0xAC0C, 0xABEA, 0xB3EA, 0xB42C, 0xBC6D, 0xBCB0, 0xC512, 0xCD73,
    0xCDB5, 0xCDD6, 0xCDF6, 0xCDF6, 0xCDF6, 0xCDF6, 0xCDF6, 0xCDF6,
    0xCDF6, 0xCDF6, 0xCDF6, 0xCDD6, 0xCDD6, 0xCDF6, 0xCDF6, 0xD5F6,
    0x7366, 0x6B64, 0x6343, 0x5B20, 0x4B00, 0x4AE0, 0x4AE0, 0x52E0,
    0x52E1, 0x5AE2, 0x6303, 0x6B23, 0x6B43, 0x6B43, 0x6343, 0x6343,
    0x6363, 0x6B63, 0x6B84, 0x7385, 0x7B86, 0x7B87, 0x8387, 0x8387,
    0x8387, 0x8387, 0x7B87, 0x7B67, 0x7B67, 0x8387, 0x8B87, 0x9388,
    0x93A9, 0x9BA9, 0x9BA9, 0xA3A9, 0xD571, 0xFFBC, 0xFF7A, 0xFF59,
    0xFF38, 0xFF38, 0xFF38, 0xFF5A, 0xFF5A, 0xFF59, 0xFF59, 0xFF39,
    0xFF38, 0xFF38, 0xFF38, 0xFF38, 0xFF38, 0xFF18, 0xFEF7, 0xFEF7,
    0xFEF6, 0xFF17, 0xFF17, 0xFED5, 0xFEF5, 0xFED3, 0xFEB2, 0xFE4F,
    0xFE70, 0xFE91, 0xFEB2, 0xFED3, 0xFE70, 0xFD4B, 0xE4C9, 0xCC29,
    0xBC2B, 0xB42C, 0xBC8F, 0xBCF2, 0xBD54, 0xC595, 0xC5D7, 0xC5F8,
    0xC5F8, 0xC5F8, 0xC5F8, 0xC618, 0xC5F8, 0xC5F8, 0xC5F8, 0xC5F8,
    0xC618, 0xC618, 0xC5F8, 0xC5F8, 0xC618, 0xC618, 0xC619, 0xDDF4,
    0xF4A7, 0xEC46, 0xEBE4, 0xE383, 0xE3A3, 0xEBC3, 0xF444, 0xF445,
    0xFCA6, 0xFCA6, 0xFC85, 0xF424, 0xF404, 0xF404, 0xF424, 0xF445,
    0xE405, 0xE3A4, 0xD4EE, 0xC639, 0xC5F8, 0xC5F7, 0xC596, 0xC5B6,
    0xB490, 0xABAB, 0xBD12, 0xBD34, 0xC575, 0x8B4B, 0x40A0, 0x48A0,
    0x7181, 0x6961, 0x50E0, 0x58E0, 0x58E0, 0x6100, 0x6941, 0x6961,
    0x79E4, 0x71A3, 0x6100, 0x6100, 0x6920, 0x7981, 0x89E3, 0x9B8B,
    0xA40E, 0x92E7, 0x81C2, 0x7961, 0x9286, 0xA307, 0xA328, 0xBCF2,
    0xC553, 0xC553, 0xC5F7, 0xC5F7, 0xC5F8, 0xC5F7, 0xC5F8, 0xC5F8,
    0xC5F8, 0xC5F8, 0xC5F8, 0xC618, 0xBD96, 0x82A8, 0x5921, 0x38A0,
    0x3080, 0x2840, 0x2860, 0x2060, 0x2860, 0x2040, 0x2040, 0x2040,
    0x2040, 0x3080, 0x3080, 0x40A0, 0x3080, 0x3080, 0x40C1, 0x48E1,
    0x5101, 0x5901, 0x6142, 0x30A0, 0x3080, 0x38A1, 0x4901, 0x5942,
    0x71E4, 0x8A25, 0xAB8A, 0xCDF7, 0xC5F7, 0xC5F7, 0xC5F7, 0xC5F7,
    0xC5D7, 0xC5D7, 0xC5F7, 0xC5F7, 0xC5D7, 0xC5D7, 0xC5D7, 0xC5D7,
    0xC5D7, 0xC5D7, 0xC5D7, 0xC596, 0xBD54, 0xB4F2, 0xB4B0, 0xAC4E,
    0xAC0C, 0xABEA, 0xABEA, 0xB42C, 0xBC8E, 0xC4F0, 0xC552, 0xCD94,
    0xCDD6, 0xD5F7, 0xD617, 0xD617, 0xD617, 0xD617, 0xD617, 0xD617,
    0xD617, 0xD617, 0xD617, 0xD617, 0xD617, 0xD617, 0xD617, 0xD617,
    0x7366, 0x6B64, 0x6343, 0x5320, 0x4AE0, 0x42C0, 0x42A0, 0x42A0,
    0x4AC0, 0x4AC1, 0x52C2, 0x5B02, 0x5B02, 0x5B22, 0x5B22, 0x5B22,
    0x5B42, 0x6343, 0x6B64, 0x7385, 0x7386, 0x7B87, 0x7B87, 0x7B87,
    0x7B87, 0x7B87, 0x7B86, 0x7B86, 0x7B87, 0x8387, 0x8388, 0x8B89,
    0x93A9, 0x93AA, 0x9BCA, 0xB44C, 0xF6D8, 0xFF7A, 0xFF17, 0xFEF7,
    0xFEB5, 0xFE94, 0xFED6, 0xFF17, 0xFEF7, 0xFED6, 0xFED6, 0xFE94,
    0xFE94, 0xFED6, 0xFEB5, 0xFEB5, 0xFED5, 0xFED6, 0xFF17, 0xFF39,
    0xFF38, 0xFF17, 0xFF18, 0xFF17, 0xFEF6, 0xFED4, 0xFE91, 0xFE4F,
    0xFE4F, 0xFE4F, 0xFE90, 0xFE70, 0xFD07, 0xF3C3, 0xEBC4, 0xEC05,
    0xE448, 0xC46C, 0xB4B0, 0xBCF2, 0xBD54, 0xC595, 0xC5B7, 0xC5F8,
    0xC5F8, 0xC5F8, 0xC5F8, 0xC5F8, 0xC618, 0xC5F8, 0xC5F8, 0xC5F8,
    0xC5F8, 0xC5F8, 0xC5F8, 0xC618, 0xC618, 0xC618, 0xC619, 0xD637,
    0xF4C8, 0xEBE5, 0xE3A4, 0xDB63, 0xEBE4, 0xF465, 0xFCA6, 0xFC85,
    0xFC85, 0xF403, 0xEBC3, 0xF424, 0xEBE4, 0xF404, 0xEC04, 0xF445,
    0xEC25, 0xDBA3, 0xDC29, 0xCE19, 0xC5F8, 0xCDF8, 0xBD54, 0xC554,
    0xBCF2, 0x9286, 0x92E8, 0xB46F, 0xB4D2, 0x82C9, 0x4901, 0x3060,
    0x48A0, 0x50E0, 0x50E0, 0x58E0, 0x50C0, 0x50C0, 0x58E0, 0x5900,
    0x6141, 0x58E0, 0x50C0, 0x58C0, 0x6100, 0x7140, 0x79A2, 0x82A8,
    0x7A04, 0x7981, 0x7161, 0x79A2, 0x81C2, 0x8A03, 0xAC0D, 0xC512,
    0xBC8F, 0xC574, 0xC5D6, 0xC5D7, 0xC5D6, 0xC5F7, 0xC5F8, 0xC5F8,
    0xC5F8, 0xC618, 0xC5F8, 0xC5F8, 0xC5D7, 0x6A47, 0x50E0, 0x48E1,
    0x5901, 0x6141, 0x5921, 0x3080, 0x40A0, 0x2860, 0x2040, 0x1820,
    0x2860, 0x3060, 0x2840, 0x2860, 0x2860, 0x2860, 0x30A0, 0x38C1,
    0x48E1, 0x5101, 0x40C1, 0x48E1, 0x5101, 0x4901, 0x5122, 0x71E4,
    0x7A05, 0x8226, 0x9245, 0xBC6E, 0xC5F7, 0xC5D7, 0xC5D7, 0xC5F7,
    0xC5F7, 0xC5F7, 0xC5F7, 0xC5F7, 0xC5F7, 0xC5D7, 0xC5D7, 0xC5D7,
    0xC5D7, 0xC5D7, 0xC5D7, 0xC5B6, 0xBD74, 0xB513, 0xB4B0, 0xB44E,
    0xAC0C, 0xABEA, 0xB3EA, 0xB42C, 0xBC8E, 0xC4F1, 0xC553, 0xCDB5,
    0xCDD6, 0xD617, 0xD617, 0xD617, 0xD617, 0xD617, 0xD617, 0xD617,
    0xD617, 0xD617, 0xD617, 0xD617, 0xD617, 0xD617, 0xD617, 0xD637,
    0x6B66, 0x6344, 0x5B23, 0x5301, 0x42C0, 0x3AA0, 0x3A80, 0x3A80,
    0x3A80, 0x4280, 0x42A0, 0x4AC1, 0x4AC1, 0x52E0, 0x5300, 0x5300,
    0x5321, 0x5B23, 0x6344, 0x6B65, 0x6B65, 0x7386, 0x7386, 0x7386,
    0x7386, 0x7386, 0x7386, 0x7386, 0x7B87, 0x7B87, 0x8388, 0x8B89,
    0x8BAA, 0x93CA, 0x93AA, 0xBCF0, 0xFFBC, 0xFEF7, 0xFE73, 0xFE73,
    0xFEB6, 0xFED6, 0xFE95, 0xFE74, 0xFE95, 0xFEB5, 0xF632, 0xEDAF,
    0xF632, 0xF653, 0xFE95, 0xFEB5, 0xFEB5, 0xFED6, 0xFED6, 0xFEB6,
    0xFEB5, 0xFEB5, 0xFED5, 0xFEF6, 0xFEB5, 0xFEB5, 0xFEB4, 0xFE71,
    0xFE0D, 0xFE2E, 0xFE4F, 0xFE6F, 0xFD49, 0xD302, 0xC281, 0xD302,
    0xDB22, 0xE3C5, 0xD4AC, 0xC532, 0xC554, 0xBD95, 0xC5B7, 0xC5F8,
    0xC5F8, 0xC5F8, 0xC5F8, 0xC5F8, 0xC5F8, 0xC618, 0xC618, 0xC618,
    0xC618, 0xC618, 0xC618, 0xC618, 0xC618, 0xC618, 0xC618, 0xC639,
    0xED6E, 0xF425, 0xDB84, 0xE3C4, 0xF445, 0xFCA6, 0xFCA6, 0xF465,
    0xF444, 0xF3E3, 0xEBA2, 0xEB82, 0xEBC3, 0xF445, 0xF424, 0xF445,
    0xEC25, 0xE3A3, 0xD364, 0xCDB5, 0xCE18, 0xC595, 0xC575, 0xB4B1,
    0xC575, 0x9B8B, 0x6962, 0x79E4, 0x8B09, 0x7246, 0x5122, 0x2840,
    0x2840, 0x4080, 0x50C0, 0x48A0, 0x48A0, 0x4080, 0x48A0, 0x50C0,
    0x50E0, 0x48A0, 0x48A0, 0x4080, 0x58E0, 0x6100, 0x6941, 0x6141,
    0x6941, 0x7161, 0x6941, 0x6920, 0x7140, 0x92E8, 0xB44F, 0xB42D,
    0xABCC, 0xB42E, 0xBC8F, 0xC4F2, 0xC595, 0xC5F7, 0xC5F7, 0xC5F7,
    0xC5F8, 0xC618, 0xC618, 0xC5F8, 0xCE18, 0x72C9, 0x79C2, 0x81E2,
    0xA242, 0xB282, 0x89E1, 0x48C0, 0x5900, 0x40A0, 0x1820, 0x1020,
    0x2020, 0x1820, 0x1840, 0x1020, 0x2040, 0x3080, 0x3080, 0x38A0,
    0x3080, 0x2060, 0x3080, 0x48E1, 0x6142, 0x6162, 0x71A3, 0x69A3,
    0x71E4, 0x71C4, 0x9286, 0xBCF2, 0xC5F7, 0xC5D7, 0xC5D7, 0xC5F7,
    0xC5F7, 0xC5F7, 0xC5F7, 0xC5F7, 0xC5F7, 0xC5D7, 0xC5D7, 0xC5D7,
    0xC5F7, 0xC5F7, 0xC5D7, 0xC5B6, 0xBD75, 0xB513, 0xB4B1, 0xB46E,
    0xAC2C, 0xABEA, 0xB3EA, 0xB44C, 0xBCAE, 0xC511, 0xCD53, 0xCDB5,
    0xCDD6, 0xD5F7, 0xD617, 0xD617, 0xD617, 0xD617, 0xD617, 0xD617,
    0xD617, 0xD617, 0xD617, 0xD617, 0xD617, 0xD617, 0xD617, 0xD617,
    0x6325, 0x6324, 0x5B03, 0x4AE2, 0x42A0, 0x3A80, 0x3260, 0x3260,
    0x3260, 0x3260, 0x3A60, 0x4280, 0x42A0, 0x42C0, 0x42E0, 0x4AE0,
    0x4B01, 0x5302, 0x5B43, 0x6344, 0x6345, 0x6B65, 0x6B65, 0x6B65,
    0x6B65, 0x6B65, 0x6B65, 0x6B66, 0x7367, 0x7B87, 0x8388, 0x8B89,
    0x93AA, 0x93CA, 0x9389, 0xC531, 0xFFBC, 0xFE73, 0xF652, 0xFED6,
    0xFEF7, 0xFED6, 0xF632, 0xF612, 0xF674, 0xEDF1, 0xEDB0, 0xF612,
    0xF632, 0xF674, 0xF694, 0xF612, 0xF653, 0xF653, 0xF653, 0xF654,
    0xF653, 0xF632, 0xF632, 0xFE53, 0xFEB5, 0xFEB5, 0xFEB4, 0xFE72,
    0xFE51, 0xFE2E, 0xFE2E, 0xFE2E, 0xFE0C, 0xEC25, 0xCAE2, 0xD302,
    0xCAE2, 0xCAA1, 0xDB22, 0xF52B, 0xE5F3, 0xBD96, 0xC5D7, 0xC5F8,
    0xC5F8, 0xC5F8, 0xC5F8, 0xC5F8, 0xC618, 0xC618, 0xC618, 0xC5F8,
    0xC5F8, 0xC618, 0xC618, 0xC618, 0xC618, 0xC618, 0xC618, 0xC639,
    0xDDF4, 0xFC86, 0xEBE5, 0xEC25, 0xFCA6, 0xF465, 0xFC85, 0xFC86,
    0xF424, 0xEBE3, 0xDB21, 0xE342, 0xEBE4, 0xF424, 0xF465, 0xF465,
    0xE3E4, 0xDB83, 0xCB22, 0xCC8D, 0xCE18, 0xC574, 0xC554, 0x9B8B,
    0x936B, 0x936B, 0x7A25, 0x50C0, 0x48E0, 0x5922, 0x48E0, 0x2840,
    0x1000, 0x3060, 0x4080, 0x3880, 0x3880, 0x2840, 0x3860, 0x50C0,
    0x48A0, 0x4080, 0x3060, 0x3860, 0x48A0, 0x58E0, 0x58E0, 0x5900,
    0x6940, 0x6120, 0x58E0, 0x58E0, 0x71A3, 0x92C7, 0x92A7, 0x9285,
    0x8A44, 0x8A44, 0xABCC, 0xC574, 0xC5F7, 0xC5F8, 0xC5F8, 0xC618,
    0xC5F8, 0xC618, 0xC618, 0xC5F8, 0xC639, 0xBC6D, 0xD364, 0xC303,
    0xCB03, 0xC2C2, 0x9A21, 0x7960, 0x7160, 0x6120, 0x3880, 0x2840,
    0x2840, 0x2040, 0x1820, 0x2040, 0x2860, 0x2860, 0x2860, 0x48C1,
    0x48C0, 0x38A0, 0x3080, 0x2860, 0x40A0, 0x48E1, 0x6122, 0x79E4,
    0x8205, 0x8205, 0xBCB0, 0xCE38, 0xC5D7, 0xC5F7, 0xC5F7, 0xC5F7,
    0xC5F7, 0xC5F7, 0xC5F7, 0xC5F7, 0xC5F7, 0xC5F7, 0xC5F7, 0xC5F7,
    0xC5F7, 0xC5D7, 0xC5D7, 0xC5B6, 0xBD75, 0xB513, 0xB4B1, 0xB46E,
    0xB42C, 0xAC0A, 0xB40A, 0xBC4C, 0xBCAE, 0xC511, 0xCD73, 0xCDB5,
    0xCDD6, 0xD5F7, 0xD617, 0xD617, 0xD617, 0xD617, 0xD617, 0xCE17,
    0xCE17, 0xCDF7, 0xCDF7, 0xCDF7, 0xCDF7, 0xCDF7, 0xD5F7, 0xD617,
    0x6305, 0x5B04, 0x52E2, 0x4AC1, 0x3A80, 0x3260, 0x3240, 0x3220,
    0x3220, 0x3240, 0x3240, 0x3260, 0x3A80, 0x3AA0, 0x3AA0, 0x42C0,
    0x42C0, 0x4AE1, 0x5302, 0x5323, 0x5B23, 0x5B44, 0x6344, 0x6344,
    0x6344, 0x6344, 0x6344, 0x6B45, 0x7366, 0x7B87, 0x8388, 0x8389,
    0x8BAA, 0x93AA, 0x93AA, 0xDE14, 0xFF7A, 0xFE94, 0xFED6, 0xF673,
    0xF612, 0xF632, 0xE56E, 0xEDF1, 0xEDB0, 0xE56F, 0xEDF1, 0xF632,
    0xEDD1, 0xF612, 0xED8F, 0xEDB0, 0xF611, 0xF5F1, 0xEDD0, 0xEDD0,
    0xF633, 0xF674, 0xFEB5, 0xFE95, 0xFE73, 0xFE73, 0xFEB4, 0xFE73,
    0xFE94, 0xFE51, 0xFDED, 0xFE2E, 0xFE0C, 0xFCE7, 0xDB42, 0xD302,
    0xCAC1, 0xC2A1, 0xCAC1, 0xEC24, 0xFDCC, 0xE5F3, 0xC5F8, 0xC5F8,
    0xC618, 0xC618, 0xC618, 0xC5F8, 0xC618, 0xC618, 0xC618, 0xC5F8,
    0xC5F8, 0xC618, 0xC618, 0xC618, 0xC618, 0xC618, 0xC618, 0xC619,
    0xCE17, 0xEC88, 0xE3C4, 0xEC04, 0xF444, 0xF465, 0xF465, 0xF444,
    0xF465, 0xEBE3, 0xDB21, 0xEBC3, 0xEC04, 0xF445, 0xFC85, 0xF444,
    0xE3E4, 0xE3C4, 0xCB02, 0xC3A7, 0xCE18, 0xCE18, 0xC595, 0xAC0E,
    0x6983, 0x6141, 0x6161, 0x48C0, 0x3060, 0x3880, 0x3880, 0x2840,
    0x1000, 0x2840, 0x3040, 0x2020, 0x2840, 0x2020, 0x2840, 0x4080,
    0x4080, 0x40A0, 0x3060, 0x2840, 0x3060, 0x48C0, 0x50E0, 0x58E0,
    0x58E0, 0x50E0, 0x48A0, 0x48C0, 0x6962, 0x6982, 0x6961, 0x7140,
    0x79A1, 0xA36A, 0xBD34, 0xC5D7, 0xC5F7, 0xC618, 0xC618, 0xC618,
    0xC618, 0xC618, 0xC618, 0xC618, 0xCDF6, 0xE489, 0xDB84, 0xCB03,
    0xCAE2, 0xC2C2, 0xBAA1, 0xBA81, 0xAA61, 0xA221, 0x7960, 0x48A0,
    0x40A0, 0x3880, 0x2040, 0x1840, 0x1820, 0x2040, 0x3060, 0x38A0,
    0x40C1, 0x3060, 0x2040, 0x2060, 0x38A0, 0x38A0, 0x48E1, 0x8204,
    0x8204, 0x92C7, 0xCD95, 0xC5F8, 0xC5F7, 0xC5F7, 0xC5F7, 0xC5F7,
    0xC5F7, 0xC5F7, 0xC5F7, 0xC5F7, 0xC5F7, 0xC5F7, 0xC5F7, 0xC5F7,
    0xC5F7, 0xC5F7, 0xC5D7, 0xC5B6, 0xBD75, 0xB513, 0xB4B1, 0xB46E,
    0xB42C, 0xB40B, 0xB40A, 0xBC4C, 0xBCAF, 0xC511, 0xCD73, 0xCDB5,
    0xCDD6, 0xD617, 0xD617, 0xD617, 0xD617, 0xD5F7, 0xCDF7, 0xCDF7,
    0xCDF7, 0xCDF6, 0xCDF6, 0xCDF6, 0xCDF6, 0xCDF6, 0xCDF6, 0xCDF6,
    0x5AE4, 0x52E3, 0x4AC2, 0x42A1, 0x3A80, 0x3240, 0x3220, 0x2A20,
    0x2A00, 0x2A00, 0x2A20, 0x3240, 0x3260, 0x3280, 0x3A80, 0x3AA0,
    0x3AC0, 0x42C0, 0x4AE1, 0x4AE2, 0x52E2, 0x5302, 0x5303, 0x5B03,
    0x5B03, 0x5B23, 0x5B24, 0x6345, 0x7366, 0x7B87, 0x7B88, 0x8389,
    0x8BA9, 0x8BAA, 0x8B89, 0xD5F3, 0xFF59, 0xFEF7, 0xFED6, 0xF612,
    0xF611, 0xEDD0, 0xE58F, 0xE54E, 0xD4CB, 0xDD0D, 0xE58F, 0xE54E,
    0xE52D, 0xE56E, 0xE52D, 0xE56F, 0xE54E, 0xEDD0, 0xEDF1, 0xF653,
    0xFEB5, 0xFEB6, 0xFED6, 0xFE94, 0xFE52, 0xFE73, 0xF632, 0xFE53,
    0xFE53, 0xFE32, 0xF56D, 0xF58C, 0xFE2E, 0xFDAA, 0xDB82, 0xCAA1,
    0xCAA1, 0xC261, 0xCAE1, 0xEBE4, 0xFD07, 0xFD8A, 0xF5D0, 0xCE18,
    0xC619, 0xC618, 0xC618, 0xC5F8, 0xC5F8, 0xC5F8, 0xC618, 0xC618,
    0xC618, 0xC618, 0xC618, 0xC618, 0xC618, 0xC618, 0xC618, 0xC618,
    0xCE38, 0xECCA, 0xEC45, 0xFCC7, 0xF485, 0xF485, 0xF465, 0xFC86,
    0xF444, 0xF424, 0xEBE4, 0xF445, 0xF465, 0xF465, 0xF445, 0xEBE3,
    0xDB83, 0xDB62, 0xD343, 0xBB03, 0xC574, 0xCE39, 0xC5B6, 0xB4D2,
    0x82C8, 0x50E0, 0x40A0, 0x40A0, 0x3860, 0x3060, 0x3060, 0x2840,
    0x1020, 0x2040, 0x2020, 0x1820, 0x1820, 0x2860, 0x3060, 0x3880,
    0x40A0, 0x3880, 0x3060, 0x1820, 0x2840, 0x48A0, 0x40A0, 0x48A0,
    0x48A0, 0x40A0, 0x3060, 0x40A0, 0x50E0, 0x5900, 0x50C0, 0x6962,
    0x9B6A, 0xBCF1, 0xC595, 0xC5B6, 0xC5D7, 0xC5F7, 0xC5F7, 0xC5F8,
    0xC618, 0xC618, 0xC618, 0xC639, 0xD4CD, 0xE3A4, 0xD364, 0xC2E2,
    0xCAE2, 0xD323, 0xD343, 0xCB02, 0xC2C2, 0xC2E2, 0xB281, 0x81C1,
    0x48E0, 0x2860, 0x2040, 0x2040, 0x2040, 0x1820, 0x2040, 0x1820,
    0x2060, 0x2880, 0x3080, 0x48E1, 0x48E1, 0x4902, 0x5122, 0x79C4,
    0x8204, 0xAB8A, 0xCD95, 0xC5F7, 0xC5F7, 0xC5F7, 0xC5F7, 0xC5F7,
    0xC5F7, 0xC5F7, 0xC5F7, 0xC5F7, 0xC5F7, 0xC5F7, 0xC5F7, 0xC5F7,
    0xC5F7, 0xC5F7, 0xC5D7, 0xC5B6, 0xBD75, 0xB513, 0xB4B1, 0xB46F,
    0xB42D, 0xB40B, 0xB40A, 0xBC4C, 0xBCAF, 0xC511, 0xCD73, 0xCDB5,
    0xCDD6, 0xD617, 0xD617, 0xD617, 0xD617, 0xCDF7, 0xCDF7, 0xCDD6,
    0xCDD6, 0xCDD6, 0xCDD6, 0xCDD6, 0xCDD6, 0xCDD6, 0xCDD6, 0xCDD6,
    0x52C3, 0x4AA2, 0x42A2, 0x3A81, 0x3A60, 0x3240, 0x2A20, 0x2A00,
    0x2A00, 0x2A00, 0x2A00, 0x2A20, 0x2A40, 0x3260, 0x3260, 0x3280,
    0x3A80, 0x3AA0, 0x42A0, 0x42A0, 0x42A0, 0x42C0, 0x4AC1, 0x4AC1,
    0x4AE1, 0x5302, 0x5B24, 0x6345, 0x7366, 0x7367, 0x7B88, 0x7B88,
    0x8389, 0x8BAA, 0x8369, 0xBD51, 0xFF7A, 0xF6B6, 0xFEB6, 0xF653,
    0xF653, 0xF632, 0xEDD1, 0xDD0D, 0xD4AB, 0xD4AB, 0xD48B, 0xD48B,
    0xD4AB, 0xD4AB, 0xE52D, 0xE50D, 0xE54E, 0xEDB0, 0xED8F, 0xEDD1,
    0xEDF1, 0xF632, 0xF612, 0xF5F1, 0xF5F0, 0xF652, 0xFE74, 0xFE74,
    0xFEB5, 0xFEB5, 0xFE94, 0xFE31, 0xFE2F, 0xFDED, 0xF465, 0xDB42,
    0xD301, 0xD301, 0xDB42, 0xEBE3, 0xF465, 0xFCC5, 0xFD07, 0xFD8C,
    0xD616, 0xC619, 0xC5F8, 0xC5F8, 0xC5F8, 0xC5F8, 0xC618, 0xC618,
    0xC618, 0xC618, 0xC618, 0xC618, 0xC618, 0xC618, 0xC618, 0xC618,
    0xC639, 0xED4D, 0xFD29, 0xFCE7, 0xF445, 0xF486, 0xF465, 0xF444,
    0xF424, 0xEBE3, 0xF465, 0xFCA6, 0xF465, 0xF444, 0xF404, 0xEBE4,
    0xDB62, 0xCAE1, 0xC2E2, 0xAA60, 0xB3CA, 0xC5D7, 0xAC71, 0xA42F,
    0x82C8, 0x5921, 0x3060, 0x3060, 0x3860, 0x3060, 0x3060, 0x3060,
    0x1820, 0x1820, 0x1820, 0x1020, 0x2040, 0x2860, 0x3060, 0x48A0,
    0x48A0, 0x3060, 0x2020, 0x1000, 0x3060, 0x3860, 0x3860, 0x4080,
    0x3880, 0x3080, 0x3060, 0x48C0, 0x50E0, 0x50E0, 0x5900, 0x8266,
    0xA3AC, 0xB46F, 0xBC90, 0xBCB0, 0xBCD1, 0xC574, 0xC5D7, 0xC5F8,
    0xC5F8, 0xC618, 0xC619, 0xCDD5, 0xDBE5, 0xE3C5, 0xDB84, 0xD323,
    0xD343, 0xDB83, 0xE3A4, 0xDB83, 0xDB63, 0xD343, 0xD343, 0xAA41,
    0x6100, 0x3880, 0x2040, 0x3080, 0x40A0, 0x2860, 0x3060, 0x2860,
    0x2860, 0x2860, 0x3080, 0x48E1, 0x6162, 0x4901, 0x5101, 0x79C3,
    0x92C7, 0xC554, 0xC5F7, 0xC5F7, 0xC5F7, 0xC5F7, 0xC5F7, 0xC5F7,
    0xC5F7, 0xC5F7, 0xC5F7, 0xC5F7, 0xC5F7, 0xC5F7, 0xC5F7, 0xC5F7,
    0xC5F7, 0xC5F7, 0xC5D7, 0xC5B6, 0xBD75, 0xB513, 0xB4B1, 0xB46F,
    0xB42D, 0xB40B, 0xB40A, 0xBC4C, 0xBCAF, 0xC511, 0xCD73, 0xCDB5,
    0xCDD6, 0xD617, 0xD617, 0xD617, 0xD5F7, 0xCDF7, 0xCDD6, 0xCDD6,
    0xC5D6, 0xC5B6, 0xC5B6, 0xC5B6, 0xC5B6, 0xCDB6, 0xCDD6, 0xCDD6,
    0x4282, 0x4281, 0x4281, 0x3A60, 0x3260, 0x3240, 0x2A20, 0x2A00,
    0x2A00, 0x2A00, 0x2A00, 0x2A20, 0x2A20, 0x2A40, 0x3240, 0x3260,
    0x3260, 0x3260, 0x3260, 0x3260, 0x3260, 0x3A60, 0x3A80, 0x42A0,
    0x42C0, 0x52E2, 0x5B04, 0x6325, 0x6B46, 0x7367, 0x7367, 0x7B88,
    0x8389, 0x8389, 0x93CA, 0xE696, 0xFF5A, 0xF633, 0xF695, 0xF633,
    0xF633, 0xF632, 0xEDB0, 0xDD2D, 0xDCED, 0xDCCC, 0xCC2A, 0xC409,
    0xC3C8, 0xC3E9, 0xD46B, 0xD44A, 0xDC8B, 0xDCCC, 0xE52E, 0xE54E,
    0xED8F, 0xEDAF, 0xED8F, 0xEDF1, 0xF611, 0xF611, 0xF633, 0xFE94,
    0xFE53, 0xFE53, 0xF632, 0xF611, 0xFE11, 0xFDCE, 0xEC67, 0xDB62,
    0xF444, 0xF465, 0xF465, 0xF465, 0xF444, 0xF424, 0xF465, 0xFCA5,
    0xF4A7, 0xD5B3, 0xC639, 0xC5F8, 0xC618, 0xC5F8, 0xC618, 0xC618,
    0xC618, 0xC618, 0xC618, 0xC618, 0xC618, 0xC618, 0xC618, 0xC618,
    0xC639, 0xE5D2, 0xFD28, 0xEC24, 0xEBE4, 0xEBE4, 0xF424, 0xF424,
    0xFCC6, 0xFCC6, 0xFCA6, 0xF465, 0xEBE3, 0xE382, 0xE3A2, 0xE3A3,
    0xDB63, 0xCB22, 0xC302, 0xAA81, 0xA283, 0xBCF1, 0x8B0A, 0x7A46,
    0x71E4, 0x48A0, 0x2840, 0x2020, 0x2840, 0x3060, 0x2840, 0x3880,
    0x40A0, 0x2860, 0x1020, 0x1020, 0x3080, 0x3060, 0x2020, 0x3880,
    0x3860, 0x3060, 0x1820, 0x1000, 0x2040, 0x2840, 0x3060, 0x3060,
    0x3880, 0x40A0, 0x3860, 0x4080, 0x4080, 0x4080, 0x6183, 0x7A46,
    0x7A25, 0x8204, 0x81E2, 0xA307, 0xBC90, 0xC5B6, 0xC5F8, 0xC618,
    0xC618, 0xC5F8, 0xC659, 0xDD0E, 0xE3C4, 0xE3A4, 0xDB83, 0xE3A4,
    0xDB63, 0xE3A4, 0xEC05, 0xEBE4, 0xE3C4, 0xE3C4, 0xDB63, 0xB281,
    0x9A01, 0x79A0, 0x5920, 0x3880, 0x3880, 0x50C0, 0x40A0, 0x3880,
    0x3060, 0x3080, 0x38C0, 0x38A0, 0x69A3, 0x5962, 0x6162, 0x81C3,
    0xB42E, 0xCE18, 0xC5F7, 0xC5F7, 0xC5F7, 0xC5F7, 0xC5F7, 0xC5F7,
    0xC5F7, 0xC5F7, 0xC5F7, 0xC5F7, 0xC5F7, 0xC5F7, 0xC5F7, 0xC5F7,
    0xC5F7, 0xC5F7, 0xC5D7, 0xC5B6, 0xBD75, 0xB513, 0xB4B1, 0xB46E,
    0xB42D, 0xB40B, 0xB40B, 0xBC4C, 0xBCAF, 0xC511, 0xCD73, 0xCDB5,
    0xCDD6, 0xD617, 0xD617, 0xD617, 0xCDF7, 0xCDD7, 0xCDD6, 0xCDD6,
    0xC5B6, 0xC5B6, 0xC596, 0xC596, 0xC596, 0xC5B6, 0xC5B6, 0xC5B6,
    0x3A40, 0x3A40, 0x3A40, 0x3A40, 0x3260, 0x3240, 0x3220, 0x2A20,
    0x2A20, 0x2A00, 0x2A00, 0x2A20, 0x2A20, 0x2A20, 0x2A20, 0x3220,
    0x3220, 0x3220, 0x3220, 0x2A20, 0x2A20, 0x3240, 0x3240, 0x3A80,
    0x42A0, 0x52E2, 0x5B04, 0x6304, 0x6325, 0x6B46, 0x7367, 0x7B68,
    0x7B88, 0x7B89, 0x8BCA, 0xE635, 0xFF59, 0xF653, 0xEE32, 0xF674,
    0xF632, 0xEE11, 0xEDB0, 0xE54E, 0xE56F, 0xDD0D, 0xD4AC, 0xCC2A,
    0xCC0A, 0xC3C9, 0xC3A9, 0xC368, 0xC388, 0xCBA9, 0xD40A, 0xD42B,
    0xDC8C, 0xDC6B, 0xE52E, 0xE52E, 0xE54E, 0xEDB0, 0xF633, 0xF653,
    0xFE74, 0xFEB5, 0xFE73, 0xFE53, 0xFE73, 0xFE73, 0xFE52, 0xF52A,
    0xFCE6, 0xFCE6, 0xFC85, 0xF464, 0xF424, 0xEC03, 0xEBE3, 0xEC24,
    0xEBC3, 0xE3A3, 0xDD4F, 0xC639, 0xC618, 0xC618, 0xC618, 0xC618,
    0xC618, 0xC618, 0xC618, 0xC618, 0xC618, 0xC618, 0xC618, 0xC618,
    0xC639, 0xDDF4, 0xFD28, 0xE3C3, 0xDB42, 0xE3A3, 0xFCA6, 0xFD08,
    0xFD28, 0xFCA6, 0xF424, 0xEBC3, 0xEBE4, 0xEBC3, 0xEBA3, 0xDB82,
    0xDB83, 0xDB83, 0xCB64, 0xC323, 0xA220, 0x9B28, 0x8B2A, 0x5921,
    0x50C0, 0x40A0, 0x3880, 0x3060, 0x3060, 0x2020, 0x1820, 0x2840,
    0x40A0, 0x3060, 0x2840, 0x2040, 0x2040, 0x2860, 0x3880, 0x3880,
    0x2860, 0x3060, 0x1820, 0x1000, 0x1820, 0x2040, 0x2860, 0x3880,
    0x50E0, 0x5101, 0x40A0, 0x3880, 0x2860, 0x3880, 0x5101, 0x5100,
    0x48C0, 0x50C0, 0x8A86, 0xBD33, 0xC618, 0xC5F8, 0xC5F8, 0xC618,
    0xC618, 0xC619, 0xD5D5, 0xEC47, 0xE3C5, 0xDB63, 0xE3A3, 0xEBC4,
    0xEBC4, 0xF425, 0xEBE4, 0xEC25, 0xF425, 0xEC04, 0xDB63, 0xDB83,
    0xCB23, 0xB2A2, 0x89C0, 0x5900, 0x3060, 0x3880, 0x3060, 0x3080,
    0x3060, 0x2060, 0x2860, 0x40C1, 0x5101, 0x71C3, 0x71A2, 0x92A7,
    0xBCD1, 0xC5F7, 0xC5F7, 0xC5F7, 0xC5F7, 0xC5F7, 0xC5F7, 0xC5F7,
    0xC5F7, 0xC5F7, 0xC5F7, 0xC5F7, 0xC5F7, 0xC5F7, 0xC5F7, 0xC5F7,
    0xC5F7, 0xC5F7, 0xC5D7, 0xC5B6, 0xBD75, 0xB513, 0xB4B1, 0xB46E,
    0xB42C, 0xB40B, 0xB40B, 0xBC6C, 0xBCAF, 0xC511, 0xCD73, 0xCDB5,
    0xCDD6, 0xD617, 0xD617, 0xCE17, 0xCDF7, 0xCDD6, 0xCDD6, 0xC5B6,
    0xC5B6, 0xC596, 0xC595, 0xC595, 0xC595, 0xC596, 0xC5B6, 0xC5B6,
    0x3220, 0x3220, 0x3240, 0x3240, 0x3240, 0x3240, 0x3240, 0x3240,
    0x2A20, 0x2A20, 0x2A20, 0x2A20, 0x2A20, 0x2A20, 0x2A20, 0x2A00,
    0x2A00, 0x2A00, 0x29E0, 0x29E0, 0x2A00, 0x2A00, 0x3240, 0x3260,
    0x42A0, 0x4AC2, 0x52E3, 0x5AE4, 0x6305, 0x6B26, 0x6B47, 0x7367,
    0x7368, 0x7B88, 0x7B68, 0xAC8E, 0xFF5A, 0xF695, 0xEDF2, 0xF654,
    0xF633, 0xEDF1, 0xED8F, 0xE58F, 0xEDB0, 0xDCCC, 0xD4AC, 0xD48C,
    0xD44B, 0xCBEA, 0xCBE9, 0xCBA9, 0xCB68, 0xC348, 0xC348, 0xC348,
    0xCB88, 0xCB68, 0xCB88, 0xD3EA, 0xE4CD, 0xE56F, 0xEDF1, 0xF612,
    0xFE73, 0xFE73, 0xFEB5, 0xFED5, 0xFED5, 0xFED5, 0xFE94, 0xFDEE,
    0xFD08, 0xFCC6, 0xFCA5, 0xFC85, 0xF444, 0xEC03, 0xE382, 0xE381,
    0xE382, 0xD321, 0xDB21, 0xDD0E, 0xC639, 0xC618, 0xC618, 0xC618,
    0xC618, 0xC5F8, 0xC618, 0xC618, 0xC618, 0xC618, 0xC618, 0xC618,
    0xC619, 0xCE17, 0xFD2A, 0xF444, 0xE3A3, 0xE3C3, 0xF424, 0xFC85,
    0xFCC6, 0xFCA6, 0xEBE3, 0xE362, 0xEBE3, 0xEBE3, 0xF403, 0xDB62,
    0xDB62, 0xDBA3, 0xD343, 0xBAC2, 0x91C0, 0x8A65, 0xA42F, 0x61C4,
    0x4080, 0x40A0, 0x40A0, 0x3880, 0x3060, 0x1820, 0x1000, 0x2020,
    0x3040, 0x2020, 0x2840, 0x2040, 0x1820, 0x1820, 0x3060, 0x3060,
    0x3060, 0x2860, 0x1820, 0x0800, 0x1020, 0x3060, 0x40A0, 0x5901,
    0x5921, 0x40A0, 0x3060, 0x2860, 0x1840, 0x3060, 0x3060, 0x3060,
    0x4080, 0x7226, 0xB470, 0xC595, 0xCDF7, 0xC5F8, 0xC5F7, 0xC618,
    0xC618, 0xC618, 0xDCAB, 0xEC05, 0xE3E5, 0xDB63, 0xEBE4, 0xEBE4,
    0xF425, 0xF445, 0xEC04, 0xFC86, 0xF465, 0xE3C4, 0xEC05, 0xDBA4,
    0xD363, 0xB2C2, 0x9201, 0x8180, 0x50C0, 0x2840, 0x2040, 0x2860,
    0x2860, 0x2860, 0x2040, 0x40C0, 0x5922, 0x6121, 0x92C8, 0xC5B6,
    0xC5F8, 0xC5F7, 0xC5F7, 0xC5F7, 0xC5F7, 0xC5F7, 0xC5F7, 0xC5F7,
    0xC5F7, 0xC5F7, 0xC5F7, 0xC5F7, 0xC5F7, 0xC5F7, 0xC5F8, 0xC5F8,
    0xC5F8, 0xC5F7, 0xC5D7, 0xC5B6, 0xBD75, 0xB513, 0xB4B1, 0xB46E,
    0xB42C, 0xB40B, 0xB40B, 0xBC4C, 0xBCAF, 0xC511, 0xCD73, 0xCDB5,
    0xCDF6, 0xD617, 0xD617, 0xCE17, 0xCDF7, 0xCDD6, 0xC5B6, 0xC5B6,
    0xC595, 0xC595, 0xBD75, 0xBD95, 0xC595, 0xC595, 0xC595, 0xC595,
    0x2A00, 0x2A00, 0x2A00, 0x3220, 0x3240, 0x3240, 0x3240, 0x3240,
    0x3240, 0x2A40, 0x2A20, 0x2A20, 0x2A00, 0x2A00, 0x29E0, 0x21E0,
    0x21C0, 0x21C0, 0x21C0, 0x21C0, 0x21E0, 0x2A00, 0x2A20, 0x3240,
    0x3A80, 0x42A1, 0x4AA2, 0x52C3, 0x5AE4, 0x6305, 0x6B26, 0x6B26,
    0x7347, 0x7368, 0x7B68, 0x93EB, 0xF739, 0xFED6, 0xF674, 0xF674,
    0xEDF1, 0xEDF1, 0xEDD1, 0xEDAF, 0xE56F, 0xDCED, 0xDCAC, 0xDCAC,
    0xD44B, 0xD42B, 0xD40A, 0xD3EA, 0xCBA9, 0xCB68, 0xC327, 0xC328,
    0xC307, 0xC2E7, 0xC2C7, 0xC2C6, 0xCB68, 0xD40A, 0xE50D, 0xEDB0,
    0xF5F1, 0xF632, 0xFE73, 0xFE73, 0xFE94, 0xFE94, 0xFE52, 0xFE31,
    0xFDCD, 0xFCE7, 0xF464, 0xEBE3, 0xEBC2, 0xE3A2, 0xDB41, 0xD2E0,
    0xD300, 0xD321, 0xCAE1, 0xD2E0, 0xD4CD, 0xC639, 0xC618, 0xC618,
    0xC618, 0xC618, 0xC618, 0xC618, 0xC618, 0xC618, 0xC618, 0xC638,
    0xC618, 0xCE18, 0xFD8C, 0xF485, 0xEC04, 0xEC04, 0xF404, 0xF444,
    0xF464, 0xF444, 0xFC85, 0xF424, 0xF444, 0xF424, 0xF424, 0xDB62,
    0xE382, 0xE3A3, 0xD342, 0xB2A1, 0x89C0, 0x79C1, 0xACB1, 0x72C9,
    0x3080, 0x3060, 0x3040, 0x2840, 0x2820, 0x1820, 0x1000, 0x1000,
    0x2020, 0x2040, 0x2840, 0x2040, 0x1020, 0x1000, 0x2020, 0x2840,
    0x2840, 0x2860, 0x2040, 0x0800, 0x2840, 0x40A0, 0x40A0, 0x58E0,
    0x48C0, 0x1020, 0x1020, 0x2020, 0x2040, 0x2840, 0x2860, 0x3060,
    0x6183, 0x9B6B, 0xAC2E, 0xBCD1, 0xC574, 0xC574, 0xC595, 0xC5F7,
    0xC639, 0xD592, 0xEC05, 0xEC26, 0xEBE5, 0xE3A4, 0xE3C4, 0xEBE4,
    0xF445, 0xF445, 0xFC86, 0xFC86, 0xEBE4, 0xEC25, 0xDBA4, 0xE3C4,
    0xDBA4, 0xCB23, 0xC2C2, 0xA220, 0x7140, 0x3880, 0x2840, 0x40A0,
    0x40A0, 0x3080, 0x40C0, 0x50E1, 0x5900, 0x8A66, 0xC574, 0xC618,
    0xC5F7, 0xC5F7, 0xC5F7, 0xC5F7, 0xC5F7, 0xC5F7, 0xC5F7, 0xC5F7,
    0xC5F7, 0xC5F7, 0xC5F7, 0xC5F7, 0xC5F7, 0xC5F8, 0xC5F8, 0xC5F8,
    0xC5F8, 0xC5F7, 0xC5F7, 0xC5B6, 0xBD75, 0xB513, 0xB4D1, 0xB46F,
    0xB42D, 0xB40B, 0xB40B, 0xBC4C, 0xBCAF, 0xC511, 0xCD73, 0xCDB5,
    0xCDF6, 0xD617, 0xD617, 0xD5F7, 0xCDF7, 0xCDD6, 0xC5B6, 0xC5B6,
    0xC595, 0xBD75, 0xBD75, 0xBD75, 0xBD75, 0xBD75, 0xBD95, 0xBD95,
    0x2A00, 0x29E0, 0x2A00, 0x2A00, 0x3220, 0x3240, 0x3240, 0x3260,
    0x3260, 0x3240, 0x2A20, 0x2A20, 0x2A00, 0x29E0, 0x21C0, 0x21C0,
    0x19A0, 0x19A0, 0x19A0, 0x21C0, 0x21C0, 0x2A00, 0x2A20, 0x3240,
    0x3A60, 0x4280, 0x4281, 0x4282, 0x52C3, 0x5AE5, 0x6305, 0x6306,
    0x6B27, 0x7348, 0x7B69, 0x93EB, 0xF6F8, 0xFED6, 0xF611, 0xF674,
    0xEE12, 0xF612, 0xEDD0, 0xEDAF, 0xEDB0, 0xE52E, 0xE4ED, 0xE4EE,
    0xDC8C, 0xDC8C, 0xDC4C, 0xD42B, 0xD3EA, 0xCBA9, 0xCB68, 0xC307,
    0xC307, 0xC2E7, 0xC2E7, 0xC2E7, 0xC2C6, 0xC2A6, 0xCB68, 0xDC8C,
    0xED4E, 0xEDD0, 0xF612, 0xF653, 0xFE74, 0xFE73, 0xFE52, 0xFE73,
    0xFE51, 0xFD6A, 0xF4A5, 0xE3C2, 0xDB41, 0xD2E0, 0xCAC0, 0xCAC0,
    0xCAA0, 0xCAC0, 0xCAC0, 0xC2A0, 0xD2C0, 0xD4CD, 0xC65A, 0xC618,
    0xC618, 0xC618, 0xC618, 0xC618, 0xC618, 0xC618, 0xC618, 0xC618,
    0xC618, 0xC638, 0xF54C, 0xF485, 0xF465, 0xF444, 0xF424, 0xF444,
    0xEC03, 0xF465, 0xFCA6, 0xFCC6, 0xFC85, 0xF444, 0xEC03, 0xEBE3,
    0xEC04, 0xEBE4, 0xCB22, 0xAA60, 0x89E0, 0x79A0, 0x7A86, 0x6227,
    0x3080, 0x2020, 0x2020, 0x2020, 0x1000, 0x1820, 0x1000, 0x0800,
    0x1820, 0x2040, 0x3860, 0x3060, 0x2840, 0x1820, 0x1000, 0x3080,
    0x38A0, 0x2840, 0x1020, 0x1020, 0x3880, 0x40A0, 0x50C0, 0x58E0,
    0x3880, 0x0800, 0x1820, 0x2840, 0x3880, 0x48A0, 0x3080, 0x38A0,
    0x6982, 0x8225, 0x8245, 0x8A85, 0xABAB, 0xC554, 0xC5D7, 0xC5F8,
    0xCDF7, 0xE468, 0xE3C4, 0xE3C4, 0xE3C4, 0xE3A3, 0xE383, 0xEBE4,
    0xF445, 0xF445, 0xEC05, 0xE3A3, 0xEC04, 0xEC25, 0xE405, 0xE3E4,
    0xDB83, 0xCB02, 0xC2E2, 0xB2A1, 0x9A20, 0x6940, 0x3880, 0x38A0,
    0x5901, 0x5100, 0x50E0, 0x6941, 0x8AA7, 0xBD54, 0xC5F7, 0xC5F7,
    0xC5F7, 0xC5F7, 0xC5F7, 0xC5F7, 0xC5F7, 0xC5F7, 0xC5F7, 0xC5F7,
    0xC5F7, 0xC5F7, 0xC5F7, 0xC5F7, 0xC5F7, 0xC5F8, 0xC618, 0xC618,
    0xC5F8, 0xC5F7, 0xC5F7, 0xC5B6, 0xBD75, 0xB513, 0xB4D1, 0xB46F,
    0xB42D, 0xB40B, 0xB40B, 0xBC4D, 0xBCAF, 0xC511, 0xCD73, 0xCDB5,
    0xCDF6, 0xD617, 0xD617, 0xD617, 0xCDF7, 0xCDD6, 0xC5B6, 0xC5B6,
    0xC595, 0xBD75, 0xBD75, 0xBD75, 0xBD75, 0xBD75, 0xBD95, 0xBD95,
    0x3200, 0x29E0, 0x29E0, 0x29E0, 0x2A00, 0x3220, 0x3240, 0x3260,
    0x3260, 0x3240, 0x2A40, 0x2A20, 0x2A00, 0x21E0, 0x21C0, 0x19A0,
    0x1980, 0x1980, 0x19A0, 0x21A0, 0x21C0, 0x29E0, 0x2A00, 0x3220,
    0x3240, 0x3A60, 0x3A60, 0x4281, 0x4AA3, 0x52C4, 0x5AE5, 0x6306,
    0x6B27, 0x7348, 0x7B69, 0x83AA, 0xDE35, 0xFF38, 0xEDF1, 0xF632,
    0xF633, 0xF612, 0xF632, 0xEDF1, 0xEDB0, 0xED8F, 0xE54F, 0xE50E,
    0xE50E, 0xE4CD, 0xDC6C, 0xDC2C, 0xD40B, 0xD3EA, 0xD38A, 0xCB28,
    0xC308, 0xC308, 0xC2E7, 0xC2C7, 0xC2E7, 0xBAA6, 0xBA86, 0xBAA6,
    0xCBCA, 0xEDB0, 0xF653, 0xF674, 0xFE94, 0xFE94, 0xFEB5, 0xFE93,
    0xFE30, 0xFDAC, 0xF4A6, 0xE3C2, 0xDB41, 0xD2C0, 0xC260, 0xB240,
    0xD2E0, 0xCA80, 0xC260, 0xC2A0, 0xC2A0, 0xD2E0, 0xD50F, 0xC639,
    0xC618, 0xC618, 0xC619, 0xC618, 0xC618, 0xC618, 0xC618, 0xC618,
    0xC618, 0xC639, 0xE4EC, 0xF465, 0xF4A6, 0xF424, 0xF485, 0xFCA6,
    0xF424, 0xF444, 0xFCC6, 0xFCA5, 0xFCC6, 0xF465, 0xEC03, 0xF424,
    0xF445, 0xEC04, 0xD342, 0xB2A1, 0x9A41, 0x7980, 0x5100, 0x38E2,
    0x2040, 0x2020, 0x1000, 0x0800, 0x0800, 0x2020, 0x1820, 0x2040,
    0x48C0, 0x50C0, 0x48A0, 0x3880, 0x2840, 0x1820, 0x1000, 0x1820,
    0x2840, 0x1840, 0x2040, 0x2840, 0x48A0, 0x3880, 0x40A0, 0x3880,
    0x1020, 0x0800, 0x1000, 0x2020, 0x4080, 0x3880, 0x3080, 0x40A0,
    0x50E0, 0x5900, 0x69A2, 0x8245, 0xA3AB, 0xBCD1, 0xC574, 0xC5D6,
    0xDCAB, 0xDB83, 0xDB63, 0xDB83, 0xEBE4, 0xEBE4, 0xEC04, 0xF425,
    0xEC04, 0xEC04, 0xEBC3, 0xF445, 0xF465, 0xF4A6, 0xEC45, 0xE3C4,
    0xDB84, 0xDB83, 0xC302, 0xB2A1, 0xAA60, 0x7980, 0x2860, 0x2840,
    0x4080, 0x6141, 0x71C3, 0xA3ED, 0xC5D7, 0xC5F8, 0xC5F7, 0xC5F7,
    0xC5F7, 0xC5F7, 0xC5F7, 0xC5F7, 0xC5F7, 0xC5F7, 0xC5F7, 0xC5F7,
    0xC5F7, 0xC5F8, 0xC5F8, 0xC5F8, 0xC5F8, 0xC5F8, 0xC5F8, 0xC618,
    0xC5F8, 0xC5F8, 0xC5F7, 0xC5D6, 0xBD75, 0xB513, 0xB4D1, 0xB46F,
    0xB44D, 0xB40B, 0xB40B, 0xBC6D, 0xC4AF, 0xC511, 0xCD74, 0xCDB5,
    0xCDF6, 0xD617, 0xD617, 0xD617, 0xCDF7, 0xCDF7, 0xC5D6, 0xC5B6,
    0xC595, 0xBD75, 0xBD75, 0xBD75, 0xBD75, 0xBD75, 0xBD95, 0xBD95,
    0x3220, 0x2A00, 0x29C0, 0x29C0, 0x29E0, 0x2A00, 0x3220, 0x3240,
    0x3240, 0x3240, 0x2A20, 0x2A00, 0x29E0, 0x21C0, 0x21A0, 0x1980,
    0x1960, 0x1980, 0x19A0, 0x21C0, 0x21E0, 0x29E0, 0x2A00, 0x2A00,
    0x3220, 0x3240, 0x3A60, 0x4282, 0x4AA3, 0x52C4, 0x5AE4, 0x62E6,
    0x6B27, 0x7348, 0x7B69, 0x7B49, 0xB4AF, 0xFF5A, 0xF632, 0xEDD0,
    0xF632, 0xF633, 0xF633, 0xEDD0, 0xEDB0, 0xED8F, 0xE50D, 0xE4ED,
    0xE4CD, 0xE4AD, 0xE48D, 0xDC4C, 0xDC4C, 0xDBEB, 0xD389, 0xD38A,
    0xCB49, 0xCB28, 0xCB08, 0xC2E7, 0xC2C7, 0xBAA6, 0xBA86, 0xB265,
    0xB286, 0xCB89, 0xE570, 0xF653, 0xFE94, 0xFEB5, 0xFEB5, 0xFE72,
    0xFE11, 0xF5AD, 0xF485, 0xE3A2, 0xD301, 0xCAC0, 0xC280, 0xC260,
    0xC280, 0xCAC0, 0xC260, 0xC260, 0xC280, 0xCAC0, 0xD2C0, 0xD50F,
    0xC65A, 0xC618, 0xC619, 0xC618, 0xC618, 0xC618, 0xC619, 0xC618,
    0xC618, 0xC639, 0xE50C, 0xFC85, 0xF486, 0xFC85, 0xFCC6, 0xFCC6,
    0xFCA6, 0xFCC6, 0xFC84, 0xFCE6, 0xFCE6, 0xFCC6, 0xF444, 0xEC04,
    0xEBE4, 0xE3A3, 0xD363, 0xCB64, 0xBAE2, 0x9200, 0x5900, 0x4122,
    0x30C2, 0x1000, 0x1000, 0x0000, 0x0000, 0x1820, 0x2840, 0x2040,
    0x3880, 0x3860, 0x2020, 0x2020, 0x1000, 0x2840, 0x2840, 0x2040,
    0x1820, 0x3080, 0x40C0, 0x3880, 0x3880, 0x2840, 0x3060, 0x2040,
    0x0800, 0x0800, 0x0000, 0x1000, 0x2020, 0x2840, 0x3080, 0x40A0,
    0x48A0, 0x50E0, 0x6982, 0x79E3, 0x8AA7, 0xB470, 0xC5D7, 0xD4EE,
    0xD322, 0xD343, 0xD363, 0xDB83, 0xE3C4, 0xEBE4, 0xEBE4, 0xE3A3,
    0xF424, 0xF465, 0xFCA6, 0xFCC7, 0xFCA6, 0xEC25, 0xEC05, 0xE3E5,
    0xD363, 0xD343, 0xC2E2, 0xBAC1, 0xAA60, 0x7980, 0x40A0, 0x6163,
    0x7A46, 0x9BCD, 0xC5B6, 0xC5F7, 0xC5F8, 0xC5F7, 0xC5F7, 0xC5F7,
    0xC5F7, 0xC5F7, 0xC5F7, 0xC5F7, 0xC5F7, 0xC5F8, 0xC5F7, 0xC5F7,
    0xC5F7, 0xC5F8, 0xC5F8, 0xC5F8, 0xC5F8, 0xC5F8, 0xC5F8, 0xC618,
    0xC5F8, 0xC5F8, 0xC5F7, 0xC5D6, 0xBD75, 0xB533, 0xB4D1, 0xB48F,
    0xB44D, 0xB40B, 0xB40B, 0xBC4C, 0xBCCF, 0xC511, 0xCD94, 0xCDD5,
    0xCDF6, 0xD617, 0xD618, 0xD617, 0xCDF7, 0xCDF7, 0xCDD6, 0xC5B6,
    0xC596, 0xBD75, 0xBD75, 0xBD75, 0xBD75, 0xBD95, 0xBD95, 0xC595,
    0x4242, 0x3220, 0x29E0, 0x21C0, 0x21C0, 0x29E0, 0x2A00, 0x3240,
    0x3240, 0x2A20, 0x2A20, 0x29E0, 0x21E0, 0x21C0, 0x1980, 0x1960,
    0x1960, 0x1980, 0x21A0, 0x21E0, 0x29E0, 0x2A00, 0x2A00, 0x2A00,
    0x3220, 0x3A60, 0x4281, 0x4AA3, 0x52C4, 0x5AC4, 0x62E5, 0x6306,
    0x6B27, 0x7348, 0x7B69, 0x7B49, 0xAC8E, 0xFF5A, 0xF694, 0xE58F,
    0xEDF1, 0xF632, 0xF611, 0xED8F, 0xED4E, 0xE52E, 0xED6F, 0xED2F,
    0xE4EE, 0xE4EE, 0xE48D, 0xE46D, 0xE44C, 0xDBEB, 0xDBCB, 0xD3AA,
    0xD369, 0xCB49, 0xCB28, 0xC2C7, 0xBAA6, 0xBAA6, 0xBA86, 0xBA86,
    0xBA86, 0xBA86, 0xCBA9, 0xED90, 0xFE74, 0xFE74, 0xFE53, 0xF611,
    0xF5F0, 0xF5AE, 0xF4E8, 0xEC04, 0xE382, 0xCAC0, 0xC260, 0xC280,
    0xB220, 0xBA60, 0xC280, 0xCAA0, 0xCAC0, 0xCAC0, 0xC2A0, 0xCB02,
    0xCDB5, 0xC63A, 0xC618, 0xC618, 0xC618, 0xC618, 0xC618, 0xC638,
    0xC638, 0xCE39, 0xECA9, 0xF444, 0xFCC6, 0xFD28, 0xFD07, 0xFCA5,
    0xFCE6, 0xFD27, 0xF444, 0xFCA5, 0xFCC6, 0xF465, 0xF465, 0xEC25,
    0xE3A3, 0xD363, 0xCB22, 0xC303, 0xC2E2, 0x9A20, 0x6940, 0x5101,
    0x38E2, 0x1000, 0x0000, 0x0000, 0x0000, 0x1800, 0x3040, 0x2840,
    0x1800, 0x1800, 0x0800, 0x1000, 0x1000, 0x2840, 0x2040, 0x1020,
    0x1000, 0x1820, 0x2840, 0x3880, 0x2860, 0x2840, 0x3060, 0x3060,
    0x1820, 0x0000, 0x0000, 0x0800, 0x1820, 0x2860, 0x2840, 0x3060,
    0x40A0, 0x40A0, 0x50C0, 0x7181, 0x9309, 0xBCF2, 0xC4F0, 0xC323,
    0xC2E2, 0xCB02, 0xCB22, 0xD342, 0xE3A3, 0xEBC3, 0xE3A3, 0xEC04,
    0xFC86, 0xFCE7, 0xFCC6, 0xFCE7, 0xEC25, 0xEC04, 0xF466, 0xE3E4,
    0xDBC4, 0xCB22, 0xBAC1, 0xBAC0, 0xBB66, 0x932A, 0xA42F, 0xB4F2,
    0xC5D6, 0xC5F7, 0xC5F8, 0xC5F7, 0xC5F7, 0xC5F7, 0xC5F7, 0xC5F7,
    0xC5F7, 0xC5F7, 0xC5F7, 0xC5F8, 0xC5F8, 0xC5F8, 0xC5F7, 0xC5F7,
    0xC5F8, 0xC5F8, 0xC5F8, 0xC5F8, 0xC5F8, 0xC5F8, 0xC618, 0xC618,
    0xC618, 0xC5F8, 0xC5F7, 0xC5D7, 0xBD95, 0xBD33, 0xB4D1, 0xB48F,
    0xB44D, 0xB40B, 0xB40B, 0xBC6D, 0xC4CF, 0xC532, 0xCD94, 0xCDD5,
    0xCDF6, 0xD617, 0xD618, 0xD617, 0xCDF7, 0xCDF7, 0xC5D6, 0xC5B6,
    0xC596, 0xBD75, 0xBD75, 0xBD95, 0xBD95, 0xBD95, 0xBD95, 0xBD95,
    0x4263, 0x3A42, 0x3200, 0x29C0, 0x21C0, 0x21C0, 0x2A00, 0x3220,
    0x3240, 0x2A20, 0x2A00, 0x21E0, 0x21C0, 0x21A0, 0x1960, 0x1960,
    0x1960, 0x1980, 0x21C0, 0x29E0, 0x2A00, 0x29E0, 0x2A00, 0x2A20,
    0x3240, 0x3A61, 0x4A82, 0x52A4, 0x5AC4, 0x62E5, 0x6306, 0x6B27,
    0x7328, 0x7B49, 0x7B69, 0x7B6A, 0xA42D, 0xF6D7, 0xFED6, 0xEDAF,
    0xE5B0, 0xF612, 0xEDF0, 0xEDD0, 0xED6E, 0xEDB0, 0xED6F, 0xE4ED,
    0xE4CD, 0xE4CD, 0xE48D, 0xE48D, 0xE44C, 0xE44D, 0xDBEC, 0xDBAA,
    0xD38A, 0xD369, 0xCB49, 0xC2E8, 0xBAA7, 0xBA86, 0xBA86, 0xBA86,
    0xBA86, 0xBAA6, 0xBAC7, 0xD40B, 0xEDD1, 0xF632, 0xF611, 0xF5F1,
    0xFE53, 0xFE52, 0xFE0F, 0xF486, 0xDB41, 0xCAE1, 0xCAE1, 0xC260,
    0xA1E0, 0xAA00, 0xBA60, 0xC280, 0xCAC0, 0xCAC0, 0xD321, 0xDB41,
    0xDBA4, 0xD5D4, 0xC639, 0xC618, 0xC618, 0xC618, 0xC618, 0xC618,
    0xC639, 0xCE37, 0xE3E5, 0xEC04, 0xFD28, 0xFD48, 0xFCA5, 0xFCC6,
    0xFD48, 0xFD27, 0xFCE7, 0xFCC6, 0xF424, 0xF403, 0xEC04, 0xE382,
    0xDB21, 0xCB21, 0xC302, 0xCB23, 0xBAC1, 0xAA61, 0x9A21, 0x9201,
    0x9242, 0x9242, 0x79A1, 0x5940, 0x40C0, 0x3060, 0x2020, 0x1820,
    0x1000, 0x1000, 0x0800, 0x0800, 0x0800, 0x1820, 0x1820, 0x0800,
    0x0800, 0x0800, 0x2040, 0x3080, 0x3080, 0x3880, 0x40A0, 0x2860,
    0x0800, 0x0000, 0x0000, 0x1820, 0x2860, 0x2860, 0x3060, 0x3880,
    0x3860, 0x48C0, 0x7A66, 0xA3ED, 0xB4F2, 0xBCB0, 0xAAA2, 0xBAA1,
    0xB2A1, 0xC2C1, 0xCB02, 0xD342, 0xE3C3, 0xF425, 0xFCA6, 0xFCA6,
    0xFC86, 0xFCE7, 0xFD08, 0xEC25, 0xEC25, 0xF4A7, 0xEC66, 0xEC66,
    0xDBC4, 0xCB23, 0xBAA1, 0xD407, 0xC5D7, 0xC618, 0xC618, 0xC5F8,
    0xC5F8, 0xC5F8, 0xC5F7, 0xC5F7, 0xC5F7, 0xC5F7, 0xC5F7, 0xC5F7,
    0xC5F7, 0xC5F7, 0xC5F7, 0xC5F7, 0xC5F8, 0xC5F8, 0xC5F7, 0xC5F7,
    0xC5F7, 0xC5F7, 0xC5F8, 0xC5F8, 0xC5F8, 0xC618, 0xC5F8, 0xC618,
    0xC618, 0xC5F8, 0xC5F7, 0xC5D6, 0xBD75, 0xBD33, 0xB4D1, 0xB48F,
    0xB44D, 0xB40B, 0xB40B, 0xBC6D, 0xC4CF, 0xC532, 0xCD74, 0xCDD5,
    0xCDF7, 0xD617, 0xD617, 0xCE17, 0xCDF7, 0xCDD7, 0xC5D6, 0xC5B6,
    0xC595, 0xBD75, 0xBD75, 0xBD95, 0xBD95, 0xBD96, 0xBD96, 0xBD96,
    0x4243, 0x3A22, 0x3201, 0x31E0, 0x29C0, 0x21C0, 0x29C0, 0x2A00,
    0x2A00, 0x29E0, 0x21C0, 0x21A0, 0x2180, 0x1960, 0x1940, 0x1940,
    0x1940, 0x1960, 0x21C0, 0x29E0, 0x29E0, 0x29E0, 0x2A00, 0x3220,
    0x3A60, 0x4282, 0x4AA3, 0x52C4, 0x62E6, 0x6B07, 0x6B27, 0x7328,
    0x7348, 0x7B49, 0x7B6A, 0x838A, 0x8B8B, 0xAC4E, 0xEE75, 0xF674,
    0xEE53, 0xF674, 0xF632, 0xEDD0, 0xEDAF, 0xED6F, 0xED8F, 0xED6F,
    0xE4CD, 0xE4CD, 0xECCE, 0xE48D, 0xE46D, 0xE44D, 0xE40C, 0xDC0C,
    0xDBAA, 0xDBAA, 0xCB49, 0xC2E8, 0xC2C7, 0xBAA7, 0xBAA6, 0xBAA6,
    0xBA86, 0xBA86, 0xBA86, 0xBAE7, 0xD42B, 0xED6F, 0xF5D0, 0xFE94,
    0xFEB5, 0xFE52, 0xF5EF, 0xF50A, 0xE3C3, 0xE3A2, 0xEBC3, 0xCAC0,
    0xAA00, 0xAA00, 0xBA40, 0xBA40, 0xC2A0, 0xC280, 0xD2E0, 0xDB41,
    0xE362, 0xE405, 0xD5D5, 0xC65A, 0xC618, 0xC618, 0xC618, 0xC618,
    0xC639, 0xD5F6, 0xEC05, 0xF465, 0xFD07, 0xFCE7, 0xF464, 0xFD28,
    0xFD07, 0xFD06, 0xFD27, 0xFCE7, 0xF486, 0xF4E7, 0xF4E7, 0xF4C7,
    0xFD4A, 0xFD28, 0xFD28, 0xFD69, 0xFD29, 0xFCE8, 0xF487, 0xEC46,
    0xDBC5, 0xD364, 0xC2E2, 0xB261, 0x81A0, 0x6100, 0x40A0, 0x2040,
    0x1000, 0x1820, 0x1800, 0x0800, 0x0000, 0x1000, 0x1000, 0x0800,
    0x0800, 0x1020, 0x2040, 0x3060, 0x40A0, 0x40A0, 0x3880, 0x2040,
    0x1840, 0x1840, 0x2040, 0x40A0, 0x3060, 0x3060, 0x38A0, 0x40A0,
    0x5121, 0x7AC8, 0xACB1, 0xC618, 0xCE18, 0x9AC5, 0x9A20, 0xAA81,
    0xBAC1, 0xC2E1, 0xCAE1, 0xCB01, 0xE3C3, 0xF465, 0xFCA6, 0xF486,
    0xFD07, 0xFD28, 0xEC66, 0xEC66, 0xFCE7, 0xF486, 0xF4A7, 0xEC46,
    0xDBA4, 0xCB43, 0xDBC4, 0xCDB4, 0xC618, 0xC5D7, 0xC5D7, 0xC5F7,
    0xC5F7, 0xC5F7, 0xC5F7, 0xC5F7, 0xC5F7, 0xC5F7, 0xC5F8, 0xC5F7,
    0xC5F7, 0xC5F7, 0xC5F7, 0xC5F7, 0xC5F7, 0xC5F8, 0xC5F7, 0xC5F8,
    0xC5F7, 0xC5F7, 0xC5F8, 0xC5F8, 0xC5F8, 0xC5F8, 0xC5F8, 0xC5F8,
    0xC618, 0xC5F8, 0xC5F7, 0xC5D6, 0xBD75, 0xBD33, 0xB4D1, 0xB48F,
    0xB44D, 0xB40B, 0xB42B, 0xBC6D, 0xC4CF, 0xC532, 0xCD94, 0xCDD5,
    0xCDF6, 0xD617, 0xD617, 0xCE17, 0xCDF7, 0xCDD7, 0xC5D6, 0xC5B6,
    0xC596, 0xBD75, 0xBD75, 0xBD75, 0xBD96, 0xBD96, 0xBD96, 0xBD96,
    0x4A43, 0x4222, 0x3A01, 0x3201, 0x31E0, 0x29E0, 0x29E0, 0x3221,
    0x3A42, 0x3A22, 0x3A22, 0x3202, 0x31E2, 0x29C2, 0x29A1, 0x2181,
    0x2181, 0x21A1, 0x29C0, 0x29E0, 0x29E0, 0x29E0, 0x2A00, 0x3240,
    0x4262, 0x4A83, 0x52A4, 0x5AE6, 0x6B07, 0x7328, 0x7329, 0x7B49,
    0x7B49, 0x7B49, 0x836A, 0x836A, 0x838B, 0x93AB, 0xEE96, 0xFEF7,
    0xF633, 0xEDF1, 0xF611, 0xF612, 0xF5D0, 0xED8F, 0xF612, 0xED90,
    0xED2E, 0xED2F, 0xECCE, 0xEC8D, 0xE48D, 0xEC6D, 0xE44D, 0xE40C,
    0xDBEB, 0xDBAA, 0xD36A, 0xD349, 0xCB29, 0xC2E8, 0xC2C7, 0xBAA6,
    0xBA66, 0xB265, 0xB265, 0xB245, 0xB2A6, 0xE52F, 0xFE74, 0xFE94,
    0xFE94, 0xFE31, 0xF5EF, 0xF54B, 0xEC25, 0xE3A2, 0xDB41, 0xC280,
    0xB220, 0xBA20, 0xC260, 0xC280, 0xC280, 0xCAA0, 0xD300, 0xDB41,
    0xDB62, 0xE382, 0xE406, 0xDCEE, 0xCDF7, 0xC639, 0xC618, 0xC618,
    0xC639, 0xD572, 0xEBC3, 0xF485, 0xFCA6, 0xFCE7, 0xFD48, 0xFD8A,
    0xFD8A, 0xFDCA, 0xFE0D, 0xFE0D, 0xFDEC, 0xFDAA, 0xFDEB, 0xFDEC,
    0xFE2D, 0xFE0C, 0xFDCB, 0xFD28, 0xEC45, 0xE3A4, 0xDB43, 0xCAE2,
    0xB281, 0xAA01, 0xA1E0, 0x99E0, 0x8180, 0x58C0, 0x4080, 0x3060,
    0x2020, 0x2020, 0x2020, 0x1000, 0x0000, 0x0000, 0x0800, 0x0800,
    0x1020, 0x1820, 0x2020, 0x3040, 0x2840, 0x3880, 0x3880, 0x3880,
    0x2040, 0x1820, 0x4080, 0x3060, 0x0800, 0x1820, 0x2860, 0x48E0,
    0x7A46, 0x93AC, 0xA450, 0xBD75, 0x9B48, 0x8160, 0x91E0, 0xAA40,
    0xBAA1, 0xCB02, 0xCB22, 0xDB83, 0xE3C3, 0xF445, 0xF486, 0xFCC7,
    0xF465, 0xE3C4, 0xF445, 0xF4A6, 0xF486, 0xFCC7, 0xDBA4, 0xE405,
    0xCB43, 0xDB83, 0xD530, 0xC619, 0xC5F7, 0xC5F8, 0xC5F7, 0xC5F7,
    0xC5F7, 0xC5F7, 0xC5F7, 0xC5F7, 0xC5F7, 0xC5F7, 0xC5F7, 0xC5F7,
    0xC5F7, 0xC5F7, 0xC5F7, 0xC5F7, 0xC5F7, 0xC5F7, 0xC5F7, 0xC5F7,
    0xC5F7, 0xC5F7, 0xC5F7, 0xC5F8, 0xC5F8, 0xC5F8, 0xC5F8, 0xC5F8,
    0xC5F8, 0xC5F8, 0xC5F7, 0xC5B6, 0xBD75, 0xBD33, 0xB4D1, 0xB48F,
    0xB42D, 0xB40B, 0xB42B, 0xBC6D, 0xC4D0, 0xC532, 0xCD94, 0xCDD5,
    0xCDF6, 0xD617, 0xD617, 0xCE17, 0xCDF7, 0xCDD7, 0xC5D6, 0xC5B6,
    0xC596, 0xBD75, 0xBD75, 0xBD96, 0xBD96, 0xBD96, 0xC5B6, 0xC5B6,
    0x5264, 0x4A64, 0x4244, 0x4244, 0x4265, 0x4A65, 0x4A86, 0x52A6,
    0x5AC7, 0x5AE8, 0x5AE8, 0x5AE8, 0x5AC8, 0x52A8, 0x5287, 0x4A87,
    0x4A87, 0x4A86, 0x4A86, 0x4A85, 0x4264, 0x3A43, 0x4263, 0x4263,
    0x4A63, 0x5283, 0x5AC5, 0x62E6, 0x6B07, 0x7329, 0x7B49, 0x7B6A,
    0x7B6A, 0x836A, 0x836A, 0x836A, 0x836B, 0x8B8B, 0xCD92, 0xFF59,
    0xEDF1, 0xED8F, 0xF653, 0xF653, 0xF5F1, 0xF632, 0xF5F1, 0xF5B0,
    0xED4F, 0xED2F, 0xED0F, 0xECCE, 0xE46D, 0xECAE, 0xE44D, 0xE40C,
    0xE42C, 0xE3EC, 0xDBCB, 0xD36A, 0xCB29, 0xCB08, 0xC2E8, 0xC2E7,
    0xBAA7, 0xB266, 0xB265, 0xB266, 0xBAC7, 0xDC8D, 0xF5F2, 0xF632,
    0xF611, 0xF5F0, 0xF5AE, 0xED2B, 0xECA8, 0xE3C3, 0xD301, 0xC280,
    0xB240, 0xBA40, 0xC280, 0xC2A0, 0xC280, 0xCAC0, 0xD300, 0xDB41,
    0xE382, 0xE3A3, 0xE3A3, 0xDB41, 0xD409, 0xCE39, 0xC639, 0xC619,
    0xC63A, 0xE54F, 0xFD29, 0xFDEC, 0xFDCC, 0xFD8A, 0xFD4A, 0xF466,
    0xEC46, 0xEC25, 0xEC05, 0xEBC4, 0xEBE4, 0xFD8A, 0xFE2D, 0xFE4D,
    0xFDCB, 0xFD49, 0xF486, 0xE384, 0xD323, 0xD2E2, 0xCAC2, 0xC281,
    0xB241, 0xB241, 0xB241, 0xB241, 0x99E0, 0x7940, 0x6900, 0x50A0,
    0x3040, 0x1800, 0x1000, 0x0800, 0x0000, 0x0000, 0x0800, 0x1000,
    0x1000, 0x1000, 0x1800, 0x0800, 0x0800, 0x3060, 0x3880, 0x3060,
    0x2040, 0x2840, 0x2040, 0x2040, 0x2040, 0x1820, 0x2840, 0x40C0,
    0x5941, 0x82C8, 0xA42F, 0x7A45, 0x7960, 0x89C0, 0x9200, 0xAA61,
    0xBAC1, 0xCB22, 0xDB63, 0xDB83, 0xEC04, 0xF445, 0xF486, 0xFCE7,
    0xF466, 0xF465, 0xFD28, 0xFD49, 0xFD28, 0xEC46, 0xDB83, 0xDBC5,
    0xD321, 0xDCCC, 0xC619, 0xC5F7, 0xC5F8, 0xC5F8, 0xC5F7, 0xC5F7,
    0xC5F7, 0xC5F7, 0xC5F7, 0xC5F7, 0xC5F7, 0xC5F7, 0xC5F7, 0xC5F7,
    0xC5F7, 0xC5F7, 0xC5F7, 0xC5F7, 0xC5F7, 0xC5F7, 0xC5F7, 0xC5F7,
    0xC5F8, 0xC5F8, 0xC5F8, 0xC5F8, 0xC5F8, 0xC5F8, 0xC5F8, 0xC5F8,
    0xC5F8, 0xC5F8, 0xC5F7, 0xC5B6, 0xBD75, 0xBD33, 0xB4D1, 0xB48F,
    0xB44D, 0xB40B, 0xB42B, 0xBC6D, 0xC4D0, 0xC532, 0xCD94, 0xCDD5,
    0xCDF6, 0xD617, 0xD618, 0xCE17, 0xCDF7, 0xCDD7, 0xC5D6, 0xC5B6,
    0xC596, 0xBD75, 0xBD75, 0xBD96, 0xBD96, 0xC596, 0xC5B6, 0xC5B6,
    0x5AA6, 0x5AA6, 0x5AC7, 0x62C8, 0x62C8, 0x62E9, 0x6B2A, 0x6B4A,
    0x734B, 0x736B, 0x738C, 0x736B, 0x736C, 0x736C, 0x734B, 0x6B4B,
    0x6B4B, 0x6B2B, 0x6B2A, 0x6309, 0x6309, 0x5AE8, 0x5AC7, 0x5AC6,
    0x52A5, 0x5AA5, 0x5AC6, 0x6AE7, 0x7308, 0x7B29, 0x7B6A, 0x836A,
    0x836A, 0x836A, 0x836A, 0x836A, 0x836A, 0x834A, 0x93AB, 0xEEF8,
    0xFEB5, 0xED8E, 0xF632, 0xF632, 0xF633, 0xF5F1, 0xF5D1, 0xF5D0,
    0xED6F, 0xED90, 0xED4F, 0xECEF, 0xECAE, 0xECAE, 0xE44D, 0xE42D,
    0xE42D, 0xE42C, 0xDBCB, 0xD349, 0xD329, 0xD329, 0xCB08, 0xC2E8,
    0xBAA6, 0xBA86, 0xBAA7, 0xBAA7, 0xBA86, 0xB286, 0xDC8D, 0xF5F1,
    0xF632, 0xF611, 0xF5F0, 0xF58D, 0xED0A, 0xEC66, 0xDB61, 0xCAC0,
    0xC2A0, 0xC280, 0xC2A0, 0xCAC0, 0xD2E0, 0xD301, 0xD2E0, 0xDB21,
    0xE382, 0xE382, 0xDB82, 0xD362, 0xCAE1, 0xCC2A, 0xCE17, 0xCDF6,
    0xE4CC, 0xF446, 0xFCE9, 0xF4E9, 0xEC26, 0xDB63, 0xDB23, 0xD302,
    0xD302, 0xD302, 0xDB23, 0xE363, 0xFD4A, 0xFE90, 0xFE4E, 0xFD08,
    0xE383, 0xDB02, 0xDB64, 0xDB64, 0xD323, 0xCAE2, 0xC2A2, 0xCAC2,
    0xC2A2, 0xB241, 0xAA01, 0xAA00, 0x99C0, 0x8160, 0x7120, 0x7140,
    0x6920, 0x48C0, 0x40A0, 0x3080, 0x0820, 0x0000, 0x0800, 0x0800,
    0x0800, 0x0800, 0x0800, 0x0000, 0x0800, 0x1800, 0x3040, 0x3880,
    0x1840, 0x0800, 0x0800, 0x0800, 0x2860, 0x1820, 0x1020, 0x1820,
    0x6206, 0x9C0E, 0x61C4, 0x48A0, 0x7180, 0x9A20, 0xAA81, 0xBAE2,
    0xC2E1, 0xCAE1, 0xCB01, 0xDB62, 0xE3A3, 0xEC25, 0xFC86, 0xFCA6,
    0xF4C7, 0xFD07, 0xFD08, 0xF4E7, 0xF486, 0xF466, 0xEC05, 0xE3C4,
    0xECA9, 0xCDF7, 0xC618, 0xC5F8, 0xC5F8, 0xC5F7, 0xC5F7, 0xC5F7,
    0xC5F7, 0xC5F7, 0xC5F7, 0xC5F7, 0xC5F7, 0xC5F7, 0xC5F7, 0xC5F7,
    0xC5F7, 0xC5F7, 0xC5F7, 0xC5F8, 0xC5F7, 0xC5F7, 0xC5F7, 0xC5F8,
    0xC5F8, 0xC5F8, 0xC5F8, 0xC5F8, 0xC5F8, 0xC5F8, 0xC5F8, 0xC5F8,
    0xC5F8, 0xC5F8, 0xC5F7, 0xC5D6, 0xBD95, 0xBD33, 0xB4D1, 0xB48F,
    0xB44D, 0xB42B, 0xB42B, 0xBC6D, 0xC4D0, 0xC532, 0xCD94, 0xCDD5,
    0xCDF6, 0xD617, 0xD618, 0xCE17, 0xCE17, 0xCDD7, 0xC5D6, 0xC5B6,
    0xC596, 0xBD75, 0xBD75, 0xBD96, 0xC596, 0xC5B6, 0xC5B6, 0xBD96,
    0x6AE8, 0x6B09, 0x732A, 0x734B, 0x7B6C, 0x7B8D, 0x83CD, 0x8BEE,
    0x8BEE, 0x8C0F, 0x940F, 0x940F, 0x8C2F, 0x8C0F, 0x8C0F, 0x8C0E,
    0x83EE, 0x83CE, 0x7BAD, 0x7BAC, 0x7B8B, 0x736A, 0x6B49, 0x6B29,
    0x6AE7, 0x62E7, 0x6AE7, 0x6B08, 0x7328, 0x7B49, 0x836A, 0x836A,
    0x836A, 0x836A, 0x834A, 0x834A, 0x834A, 0x8B6A, 0x938B, 0xE676,
    0xFF38, 0xEDAF, 0xF611, 0xF653, 0xF611, 0xEDAF, 0xF5D1, 0xED8F,
    0xED6F, 0xED8F, 0xED6F, 0xED0F, 0xE46D, 0xECCF, 0xEC8E, 0xEC8E,
    0xEC6E, 0xE40C, 0xDBCB, 0xDBAA, 0xD369, 0xD349, 0xCB08, 0xC2C7,
    0xC2A7, 0xBA86, 0xBA86, 0xBA86, 0xB266, 0xB266, 0xC369, 0xED90,
    0xF632, 0xF5F0, 0xF5CF, 0xF58D, 0xED2B, 0xECC8, 0xE3A2, 0xD301,
    0xD2E0, 0xC2A0, 0xC280, 0xC2A0, 0xDB20, 0xE361, 0xDB21, 0xDB41,
    0xE341, 0xE382, 0xDB62, 0xD321, 0xC2A0, 0xBA80, 0xE448, 0xF467,
    0xE362, 0xDB23, 0xD303, 0xD303, 0xCAE3, 0xD303, 0xD303, 0xD323,
    0xDB63, 0xD323, 0xD323, 0xEC25, 0xFE4E, 0xFE6F, 0xFD49, 0xDB43,
    0xCAA2, 0xDB23, 0xE364, 0xDB63, 0xD2E2, 0xCAE2, 0xCB03, 0xD323,
    0xD302, 0xC281, 0xB241, 0xAA21, 0xA1E0, 0xA200, 0xA241, 0xBB03,
    0xCB64, 0xB2A2, 0x91C0, 0x7940, 0x6100, 0x3880, 0x1820, 0x0800,
    0x0800, 0x0000, 0x0800, 0x0000, 0x0000, 0x1000, 0x2020, 0x1020,
    0x0800, 0x0000, 0x0000, 0x0000, 0x0800, 0x1820, 0x0800, 0x5207,
    0x8BCF, 0x4144, 0x3860, 0x5900, 0x7160, 0xA240, 0xBAC1, 0xC2E2,
    0xBAA1, 0xBA80, 0xD322, 0xE3E4, 0xE3C4, 0xEC04, 0xF445, 0xF4A6,
    0xFD28, 0xFD28, 0xF4E7, 0xF4A6, 0xEC45, 0xEC25, 0xEC25, 0xF466,
    0xDDD4, 0xBE19, 0xC5F7, 0xC5F8, 0xC5F8, 0xC5F8, 0xC5F7, 0xC5F8,
    0xC5F7, 0xC5F7, 0xC5F7, 0xC5F7, 0xC5F7, 0xC5F7, 0xC5F7, 0xC5F7,
    0xC5F8, 0xC5F8, 0xC5F7, 0xC5F8, 0xC5F7, 0xC5F7, 0xC5F7, 0xC5F8,
    0xC5F8, 0xC5F8, 0xC5F8, 0xC5F8, 0xC5F8, 0xC5F8, 0xC5F8, 0xC5F8,
    0xC5F8, 0xC5F8, 0xC5F7, 0xC5D6, 0xBD95, 0xBD33, 0xB4F1, 0xB48F,
    0xB44D, 0xB42B, 0xB42B, 0xBC8D, 0xC4D0, 0xC532, 0xCD94, 0xCDD5,
    0xD5F6, 0xD617, 0xD618, 0xD618, 0xCE17, 0xCDD7, 0xC5D6, 0xC5B6,
    0xC596, 0xBD95, 0xBD75, 0xBD96, 0xC596, 0xC5B6, 0xC597, 0xBD96,
    0x7B2A, 0x7B6B, 0x83AC, 0x8BCD, 0x940E, 0x9C2F, 0x9C70, 0xA491,
    0xA4B1, 0xA4B1, 0xACB2, 0xACD2, 0xACD2, 0xA4B1, 0xA4B2, 0xA4B1,
    0x9C91, 0x9C70, 0x944F, 0x942F, 0x940E, 0x8BED, 0x83AC, 0x7B8B,
    0x7B49, 0x7329, 0x7309, 0x7329, 0x7B29, 0x834A, 0x836A, 0x836A,
    0x836A, 0x834A, 0x834A, 0x834A, 0x834A, 0x8B6A, 0x8B6B, 0xC531,
    0xFF79, 0xFE94, 0xEDF1, 0xF653, 0xF5F1, 0xF5F1, 0xF5F1, 0xF5D0,
    0xED2E, 0xF58F, 0xF590, 0xF570, 0xECCE, 0xF510, 0xEC8E, 0xEC4D,
    0xE40C, 0xE40C, 0xE40C, 0xDBAB, 0xDBAA, 0xD38A, 0xD349, 0xCB08,
    0xC2E8, 0xBA66, 0xBA66, 0xBA86, 0xB265, 0xAA25, 0xAA45, 0xD40B,
    0xED8F, 0xF5AF, 0xF5CF, 0xF5CF, 0xED6C, 0xECE9, 0xE3C4, 0xD2E0,
    0xCAA0, 0xC280, 0xB240, 0xB220, 0xCAC0, 0xE381, 0xEBA2, 0xD300,
    0xCAC0, 0xD321, 0xD321, 0xCAC0, 0xCAE2, 0xEC87, 0xFCE7, 0xF4A7,
    0xEC46, 0xDB43, 0xD323, 0xDB84, 0xDB44, 0xDB23, 0xDB63, 0xE3A4,
    0xE384, 0xCAE2, 0xDBA4, 0xFDCB, 0xFE2D, 0xFD69, 0xEBC4, 0xDB23,
    0xD323, 0xDB63, 0xDB23, 0xD302, 0xD303, 0xD2E2, 0xD323, 0xDB23,
    0xD2E2, 0xC281, 0xC2A2, 0xBA41, 0xC2C2, 0xEC46, 0xF486, 0xF466,
    0xE3E4, 0xBA81, 0x99C0, 0x91A0, 0x8980, 0x8160, 0x6100, 0x3060,
    0x1000, 0x0800, 0x0800, 0x0800, 0x1020, 0x1820, 0x1020, 0x1020,
    0x2040, 0x3060, 0x2840, 0x1840, 0x0800, 0x1020, 0x5248, 0x9471,
    0x3124, 0x2820, 0x50E0, 0x7960, 0x91E0, 0xAA60, 0xBAC1, 0xC2E1,
    0xCAE1, 0xCAE1, 0xE3A3, 0xEC04, 0xEC04, 0xEC04, 0xF445, 0xFCE7,
    0xFCE7, 0xF4A6, 0xFD08, 0xEC66, 0xEC05, 0xEC26, 0xEC04, 0xED4D,
    0xC618, 0xC5F7, 0xC5F8, 0xC5F7, 0xC5F8, 0xC5F8, 0xC5F7, 0xC5F8,
    0xC5F8, 0xC5F7, 0xC5F7, 0xC5F7, 0xC5F7, 0xC5F7, 0xC5F7, 0xC5F8,
    0xC5F8, 0xC5F8, 0xC5F8, 0xC5F7, 0xC5F7, 0xC5F8, 0xC5F7, 0xC5F8,
    0xC5F8, 0xC5F8, 0xC5F8, 0xC5F8, 0xC5F8, 0xC5F7, 0xC5F8, 0xC5F8,
    0xC5F8, 0xC5F8, 0xC5F7, 0xC5D7, 0xBD95, 0xBD33, 0xB4F1, 0xB48F,
    0xB44D, 0xB42B, 0xB42B, 0xBC8D, 0xC4F0, 0xC532, 0xCD94, 0xCDD5,
    0xD5F7, 0xD617, 0xD618, 0xD618, 0xCDF7, 0xCDD7, 0xC5D6, 0xC5B6,
    0xC596, 0xBD96, 0xBD76, 0xBD96, 0xBD96, 0xC5B7, 0xBDB7, 0xBD96,
    0x836C, 0x8BAD, 0x940E, 0x9C4F, 0xA470, 0xACB1, 0xACF2, 0xB513,
    0xB533, 0xB534, 0xBD54, 0xBD54, 0xB554, 0xB554, 0xB534, 0xB513,
    0xAD13, 0xACF2, 0xA4D1, 0xA4B1, 0x9C70, 0x9C4F, 0x940E, 0x8BCC,
    0x838B, 0x834A, 0x7B29, 0x7B29, 0x834A, 0x836A, 0x836A, 0x8B6B,
    0x836A, 0x834A, 0x834A, 0x834A, 0x834A, 0x8B6A, 0x8B6A, 0x938B,
    0xDDF4, 0xFEF7, 0xED8F, 0xF632, 0xF653, 0xF612, 0xF611, 0xF5D0,
    0xF5B0, 0xF5F1, 0xF590, 0xED2E, 0xED0F, 0xECAE, 0xEC8E, 0xEC8E,
    0xEC8E, 0xEC4D, 0xE3EB, 0xDBAB, 0xDB8A, 0xDBAB, 0xDBAB, 0xD36A,
    0xCB29, 0xC2C7, 0xBA86, 0xBA86, 0xB266, 0xB266, 0xAA25, 0xC328,
    0xED90, 0xF612, 0xF5D0, 0xF5AE, 0xF56D, 0xED0A, 0xE425, 0xD320,
    0xD301, 0xD301, 0xCAC0, 0xCAE1, 0xD301, 0xE382, 0xE3A2, 0xCAC0,
    0xC2A0, 0xCAE0, 0xC2A0, 0xDBC4, 0xFD6A, 0xFDAA, 0xFDCC, 0xFE2E,
    0xFD6A, 0xF446, 0xEC05, 0xDB84, 0xDB43, 0xDB43, 0xDB43, 0xDB43,
    0xD302, 0xDB84, 0xFDAB, 0xFE2D, 0xFDEB, 0xF465, 0xE363, 0xD303,
    0xDB23, 0xDB23, 0xD323, 0xD323, 0xDB64, 0xDB43, 0xD303, 0xCAC2,
    0xC2A1, 0xCAC2, 0xC2A2, 0xD364, 0xF4A8, 0xFD49, 0xFD07, 0xFCA6,
    0xE3C4, 0xC2C1, 0xAA00, 0xA1E0, 0xA200, 0xA200, 0x89A0, 0x6920,
    0x48C0, 0x3880, 0x3880, 0x48C0, 0x5900, 0x48C0, 0x2860, 0x3880,
    0x50E0, 0x6120, 0x6920, 0x6120, 0x6120, 0x6161, 0x7AC9, 0x3103,
    0x1800, 0x48E0, 0x7980, 0x9A00, 0xAA80, 0xBAC1, 0xC302, 0xD342,
    0xD342, 0xE3A3, 0xEC04, 0xF424, 0xF486, 0xFCC6, 0xFCE7, 0xFCC7,
    0xFCC6, 0xF486, 0xF466, 0xEC46, 0xEC46, 0xEC05, 0xECA8, 0xCDF7,
    0xC5F8, 0xC5F7, 0xC5F8, 0xC5F7, 0xC5F7, 0xC5F7, 0xC5F7, 0xC5F7,
    0xC5F8, 0xC5F7, 0xC5F7, 0xC5F7, 0xC5F7, 0xC5F8, 0xC5F8, 0xC5F8,
    0xC5F8, 0xC5F8, 0xC5F8, 0xC5F8, 0xC5F8, 0xC5F8, 0xC5F7, 0xC5F8,
    0xC5F8, 0xC5F8, 0xC5F8, 0xC5F8, 0xC5F8, 0xC5F8, 0xC5F8, 0xC5F8,
    0xC5F8, 0xC5F8, 0xC5F7, 0xC5D7, 0xBD95, 0xBD33, 0xB4F1, 0xB48F,
    0xB44D, 0xB42B, 0xB42B, 0xBC8E, 0xC4F0, 0xC532, 0xCD94, 0xCDD6,
    0xD5F6, 0xD617, 0xD618, 0xCE18, 0xCDF7, 0xCDF7, 0xC5D7, 0xC5B6,
    0xC5B6, 0xBD96, 0xBD76, 0xBD96, 0xBD96, 0xBDB7, 0xBDB7, 0xBD97,
    0x8BAD, 0x9C0E, 0xA44F, 0xA490, 0xACD1, 0xB513, 0xBD33, 0xBD74,
    0xC575, 0xC595, 0xC5B6, 0xC5B6, 0xC5B6, 0xC596, 0xC595, 0xBD75,
    0xBD54, 0xB554, 0xB533, 0xB512, 0xACD2, 0xA490, 0x9C4F, 0x940D,
    0x8BAC, 0x838B, 0x834A, 0x834A, 0x836A, 0x8B6B, 0x8B6B, 0x8B6B,
    0x8B6B, 0x834A, 0x834A, 0x834A, 0x8B6A, 0x8B6B, 0x8B8B, 0x8B6A,
    0xB48F, 0xFF59, 0xF633, 0xEDF1, 0xF633, 0xF673, 0xF653, 0xF632,
    0xF5F1, 0xED8F, 0xED4F, 0xECEE, 0xECEE, 0xECAE, 0xECAE, 0xF4EF,
    0xEC8E, 0xEC8E, 0xEC6E, 0xEC2C, 0xE3EC, 0xE40C, 0xE3EC, 0xDB8A,
    0xD349, 0xCB08, 0xC2A7, 0xBAA7, 0xBA86, 0xBA86, 0xB245, 0xC328,
    0xE4CE, 0xF5B0, 0xF5D0, 0xF5AF, 0xF56C, 0xE488, 0xE467, 0xEC45,
    0xEC24, 0xE3E3, 0xE3A2, 0xE3A2, 0xE382, 0xE3A2, 0xE382, 0xDB62,
    0xDB41, 0xC2E1, 0xE446, 0xFD6A, 0xF487, 0xF4A6, 0xF466, 0xF4A6,
    0xFD6A, 0xF4A7, 0xE384, 0xDB44, 0xDB64, 0xDB43, 0xD303, 0xCAE3,
    0xD302, 0xEC46, 0xFE4F, 0xFE4D, 0xFD07, 0xE363, 0xD303, 0xD303,
    0xDB43, 0xE384, 0xD303, 0xD323, 0xDB63, 0xD322, 0xCAE2, 0xBA61,
    0xBA81, 0xCAE2, 0xEC88, 0xFDAB, 0xFDCB, 0xFD69, 0xFCC6, 0xEC04,
    0xD322, 0xCAC1, 0xBA61, 0xAA40, 0xB241, 0xAA21, 0xA200, 0x89A0,
    0x8180, 0x89A0, 0x91A0, 0x91C0, 0x91E0, 0x9A21, 0x81C1, 0x6940,
    0x7960, 0x7960, 0x7960, 0x7980, 0x81A0, 0xA241, 0xAAC3, 0x8A22,
    0x6981, 0x6120, 0x9200, 0xB2A1, 0xC302, 0xCB43, 0xCB43, 0xDB83,
    0xE3C4, 0xEBE4, 0xEC03, 0xF465, 0xFCC6, 0xFCC6, 0xFCC6, 0xF4A6,
    0xF486, 0xFD08, 0xF4C7, 0xEC67, 0xEC46, 0xF486, 0xDDD3, 0xBE19,
    0xC5F8, 0xC5F8, 0xC5F7, 0xC5F7, 0xC5F7, 0xC5F7, 0xC5F7, 0xC5F8,
    0xC5F7, 0xC5F8, 0xC5F8, 0xC5F8, 0xC5F8, 0xC5F8, 0xC5F8, 0xC5F8,
    0xC5F8, 0xC5F8, 0xC5F8, 0xC5F8, 0xC5F8, 0xC5F8, 0xC5F8, 0xC5F8,
    0xC5F8, 0xC5F8, 0xC618, 0xC5F8, 0xC5F8, 0xC5F8, 0xC5F8, 0xC5F8,
    0xC5F8, 0xC5F8, 0xC5F7, 0xC5D7, 0xBD75, 0xBD33, 0xB4D1, 0xB48F,
    0xB44D, 0xB42C, 0xB44C, 0xBC8E, 0xC4F0, 0xC532, 0xCD94, 0xCDD6,
    0xD5F7, 0xD617, 0xD617, 0xCE17, 0xCDF7, 0xCDF7, 0xC5D7, 0xC5B6,
    0xC5B6, 0xBD96, 0xBD76, 0xBD96, 0xBD96, 0xBD97, 0xBD97, 0xBD97,
    0x9C0E, 0xA42F, 0xAC90, 0xB4D1, 0xBD13, 0xBD54, 0xC575, 0xC5B6,
    0xCDD6, 0xCDF7, 0xCDF7, 0xCDF7, 0xCDF7, 0xCDF7, 0xCDD6, 0xC5B6,
    0xC5B6, 0xC595, 0xBD75, 0xBD54, 0xB513, 0xACD1, 0xA470, 0x9C2E,
    0x93CD, 0x8BAC, 0x8B6B, 0x834A, 0x8B6A, 0x8B6B, 0x8B6B, 0x8B6B,
    0x8B6A, 0x8B6A, 0x8B4A, 0x8B6A, 0x8B6A, 0x8B6B, 0x8B8B, 0x938B,
    0xA40D, 0xE655, 0xFEF6, 0xF674, 0xF674, 0xF653, 0xF653, 0xF632,
    0xF5F1, 0xF5D0, 0xF590, 0xF570, 0xF570, 0xF50F, 0xF4EF, 0xF4CF,
    0xF4AE, 0xF4F0, 0xEC6E, 0xEC6E, 0xEC8E, 0xEC2D, 0xE3EC, 0xDBAB,
    0xDB6A, 0xD309, 0xC2C8, 0xBA87, 0xB266, 0xB266, 0xB245, 0xB266,
    0xBAE7, 0xDCAC, 0xF5AF, 0xF58E, 0xED4C, 0xED0A, 0xF54C, 0xF54B,
    0xECC8, 0xEC03, 0xE3E3, 0xEBC3, 0xDB41, 0xDB62, 0xDB82, 0xDB82,
    0xD342, 0xECC7, 0xFD6A, 0xE3A3, 0xE343, 0xDB22, 0xDB02, 0xF4A7,
    0xFE2E, 0xEC25, 0xDB23, 0xDB64, 0xDB43, 0xDB03, 0xD2E2, 0xD302,
    0xE3E5, 0xFD6B, 0xFE90, 0xFDCB, 0xEBA3, 0xDB02, 0xD2E2, 0xDB23,
    0xE364, 0xD303, 0xCAE2, 0xCB03, 0xD322, 0xD302, 0xC2A2, 0xBA81,
    0xC281, 0xDBA4, 0xFD69, 0xFD47, 0xFD06, 0xFCC6, 0xEC04, 0xDB22,
    0xCAC1, 0xCAE2, 0xCAE2, 0xCAE2, 0xC2C1, 0xB241, 0xB241, 0xA200,
    0x99E1, 0xA201, 0xAA21, 0xB261, 0xB281, 0xBAA2, 0xC324, 0xBAE3,
    0xA241, 0x91C0, 0x89A0, 0x89A0, 0x91E0, 0x9A01, 0xBAC2, 0xD385,
    0xD3E5, 0xBB44, 0xAAA2, 0xAAA1, 0xBAC1, 0xD363, 0xDBA3, 0xE3C3,
    0xEC04, 0xF424, 0xF424, 0xF444, 0xFC85, 0xFCA6, 0xF465, 0xF486,
    0xFCC7, 0xEC45, 0xE3E4, 0xEC46, 0xE3C4, 0xED4D, 0xC619, 0xC5F8,
    0xC5F8, 0xC5F8, 0xC5F7, 0xC5F8, 0xC5F7, 0xC5F7, 0xC5F7, 0xC5F7,
    0xC5F8, 0xC5F8, 0xC5F8, 0xC5F8, 0xC5F8, 0xC5F8, 0xC5F8, 0xC5F8,
    0xC5F8, 0xC5F8, 0xC5F8, 0xC5F8, 0xC5F8, 0xC5F8, 0xC5F8, 0xC618,
    0xC5F8, 0xC618, 0xC618, 0xC5F8, 0xC5F8, 0xC5F8, 0xC5F8, 0xC5F8,
    0xC618, 0xC5F8, 0xC5F7, 0xC5D6, 0xBD75, 0xBD33, 0xB4F1, 0xB48F,
    0xB44D, 0xB42C, 0xB44C, 0xBC8E, 0xC4F0, 0xC532, 0xCD94, 0xCDD6,
    0xD5F7, 0xD617, 0xD617, 0xCE17, 0xCDF7, 0xCDF7, 0xC5D7, 0xC5B6,
    0xC5B6, 0xBD96, 0xBD96, 0xBD96, 0xBD96, 0xBD97, 0xBD97, 0xBD97,
    0xA42E, 0xAC70, 0xACB1, 0xB4F2, 0xBD33, 0xC574, 0xC595, 0xC5D6,
    0xCDF7, 0xCDF7, 0xCE17, 0xCE17, 0xCE17, 0xCDF7, 0xCDD7, 0xCDD6,
    0xC5D6, 0xC5B6, 0xC5B5, 0xC595, 0xBD33, 0xB4F2, 0xACB0, 0xA44F,
    0x93ED, 0x93AC, 0x8B6B, 0x834A, 0x8B6B, 0x8B6B, 0x8B6B, 0x8B6B,
    0x8B6A, 0x8B6A, 0x8B6A, 0x8B6B, 0x8B6B, 0x8B8B, 0x938B, 0x938B,
    0x93AB, 0xB48E, 0xFF18, 0xFEB5, 0xF653, 0xF653, 0xF653, 0xF612,
    0xF5F1, 0xF632, 0xF5D0, 0xF5F1, 0xF5B1, 0xF550, 0xF50F, 0xEC6D,
    0xF4EF, 0xF4EF, 0xF4EF, 0xF510, 0xF4AF, 0xEC6D, 0xEC2C, 0xE3CB,
    0xDBAB, 0xD349, 0xD309, 0xC2C7, 0xB266, 0xAA25, 0xA1E4, 0xAA05,
    0xA1E4, 0xBB48, 0xED4E, 0xF5AF, 0xF58D, 0xF58E, 0xF58D, 0xF56C,
    0xF52A, 0xEC66, 0xE3E3, 0xE3A2, 0xDB61, 0xDB82, 0xD362, 0xDB83,
    0xF54A, 0xFDCB, 0xEBE4, 0xEB83, 0xEBC4, 0xEBE4, 0xEC04, 0xFDCC,
    0xFE4E, 0xF465, 0xE383, 0xE343, 0xEBE5, 0xF468, 0xF50A, 0xF52B,
    0xFE50, 0xFEB2, 0xFE70, 0xFDAB, 0xEBE5, 0xE384, 0xDAE2, 0xCAA2,
    0xCAC2, 0xC2A2, 0xC2C2, 0xC2A2, 0xCAA2, 0xC2A1, 0xC281, 0xCB02,
    0xE467, 0xFDCC, 0xFDCB, 0xFD07, 0xF403, 0xEBC4, 0xE363, 0xD2E2,
    0xD2C1, 0xE363, 0xE343, 0xDB02, 0xD302, 0xCAE2, 0xC2A2, 0xB241,
    0xB262, 0xC282, 0xCAC2, 0xCAE2, 0xC2C2, 0xC2C2, 0xD343, 0xEC26,
    0xEC47, 0xC324, 0xAA42, 0xA221, 0x99E1, 0xA221, 0xAA41, 0xB282,
    0xDB84, 0xFCC8, 0xEC87, 0xD384, 0xBAE2, 0xD342, 0xE3C4, 0xEC04,
    0xEBE3, 0xF444, 0xF465, 0xF465, 0xFC85, 0xFCE7, 0xFD28, 0xFCE8,
    0xF465, 0xEC45, 0xEC66, 0xE405, 0xE3E4, 0xDDD4, 0xBE18, 0xC5F7,
    0xC5F8, 0xC5F8, 0xC5F7, 0xC5F7, 0xC5F7, 0xC5F7, 0xC5F7, 0xC5F7,
    0xC5F7, 0xC5F8, 0xC5F7, 0xC5F8, 0xC5F8, 0xC5F8, 0xC5F8, 0xC5F8,
    0xC5F8, 0xC5F8, 0xC5F8, 0xC5F8, 0xC5F8, 0xC5F8, 0xC5F8, 0xC618,
    0xC618, 0xC618, 0xC618, 0xC618, 0xC5F8, 0xC5F8, 0xC5F8, 0xC618,
    0xC618, 0xC5F8, 0xC5F7, 0xC5D6, 0xBD75, 0xBD33, 0xB4F1, 0xB48F,
    0xB44D, 0xB42C, 0xB44C, 0xBC8E, 0xC4F0, 0xC552, 0xCD94, 0xCDD6,
    0xCDF7, 0xD617, 0xD617, 0xCE17, 0xCDF7, 0xCDF7, 0xCDD7, 0xC5B7,
    0xC5B6, 0xBD96, 0xBD96, 0xBD96, 0xBD96, 0xBD97, 0xBD97, 0xBD97,
    0xA42E, 0xA46F, 0xACB1, 0xB4F2, 0xBD33, 0xC574, 0xC595, 0xCDD6,
    0xCDF7, 0xCDF7, 0xCE17, 0xCE17, 0xCE17, 0xCDF7, 0xCDD7, 0xCDD6,
    0xC5B6, 0xC5B6, 0xC595, 0xC575, 0xBD33, 0xB4F2, 0xAC90, 0xA44F,
    0x93ED, 0x8B8C, 0x8B4B, 0x834A, 0x8B6B, 0x8B6B, 0x8B6B, 0x8B6B,
    0x8B6B, 0x8B6B, 0x8B6B, 0x8B6B, 0x8B8B, 0x938B, 0x938B, 0x93AB,
    0x9BAC, 0x9BAB, 0xD5B3, 0xFF38, 0xF611, 0xF632, 0xF653, 0xF611,
    0xF632, 0xF632, 0xF5F1, 0xF5F1, 0xF5D1, 0xF5B1, 0xF570, 0xF4EF,
    0xF50F, 0xFD30, 0xFD71, 0xF4F0, 0xF4AF, 0xF4AE, 0xEC2D, 0xE3EC,
    0xE3AB, 0xDB8A, 0xDB4A, 0xCB08, 0xC2A7, 0xB266, 0xAA25, 0xAA25,
    0xA1C4, 0x99A4, 0xBB08, 0xE54E, 0xF5CF, 0xF58D, 0xF5AE, 0xF5AE,
    0xF56C, 0xECE9, 0xE424, 0xE3C3, 0xE3E3, 0xCB21, 0xD363, 0xF56A,
    0xFDAB, 0xF445, 0xF404, 0xFCC7, 0xFD8B, 0xFD08, 0xFD09, 0xFE91,
    0xFE6F, 0xFDAB, 0xFD4A, 0xFDAC, 0xFE70, 0xFEB2, 0xFED3, 0xFED3,
    0xFED3, 0xFED3, 0xFEB2, 0xFED2, 0xFEB2, 0xFE2F, 0xECC9, 0xDB84,
    0xE406, 0xCB03, 0xC282, 0xCAC2, 0xCAC2, 0xD322, 0xE405, 0xF58B,
    0xFE2E, 0xFDEC, 0xFDA9, 0xFD27, 0xF445, 0xEBC4, 0xE383, 0xDB22,
    0xD2E2, 0xD2E2, 0xD2E1, 0xD2C1, 0xD322, 0xCAE2, 0xCAE2, 0xCB03,
    0xCAC2, 0xD302, 0xD303, 0xCAC2, 0xC2C2, 0xC2C2, 0xD323, 0xEBA4,
    0xFCC7, 0xF4C8, 0xB282, 0xB261, 0xB241, 0xBA82, 0xB262, 0xBA82,
    0xC281, 0xDB63, 0xFCE7, 0xFCA6, 0xE3E4, 0xDBC4, 0xEC04, 0xEC24,
    0xF444, 0xFCA6, 0xFCA6, 0xFCA6, 0xFCE7, 0xFD07, 0xFD28, 0xFD48,
    0xFD48, 0xFCC7, 0xEC66, 0xEBE4, 0xE4EB, 0xC638, 0xC5F8, 0xC5F8,
    0xC5F8, 0xC5F8, 0xC5F7, 0xC5F8, 0xC5F7, 0xC5F8, 0xC5F8, 0xC5F7,
    0xC5F7, 0xC5F8, 0xC5F7, 0xC5F8, 0xC618, 0xC618, 0xC618, 0xC5F8,
    0xC5F8, 0xC5F8, 0xC5F8, 0xC5F8, 0xC5F8, 0xC5F8, 0xC5F8, 0xC5F8,
    0xC5F8, 0xC5F8, 0xC5F8, 0xC5F8, 0xC5F8, 0xC618, 0xC618, 0xC618,
    0xC618, 0xC618, 0xC5F7, 0xC5D6, 0xBD75, 0xBD33, 0xB4F1, 0xB4B0,
    0xB44D, 0xB42B, 0xB42C, 0xBC8E, 0xC4F0, 0xC552, 0xCD94, 0xCDD6,
    0xD5F7, 0xD617, 0xD618, 0xCE17, 0xCDF7, 0xCDF7, 0xCDD7, 0xC5B7,
    0xC5B6, 0xBD96, 0xBD96, 0xBD96, 0xBD96, 0xBD97, 0xBD97, 0xBD97,
    0x9C0E, 0xA44F, 0xACB0, 0xB4F2, 0xBD33, 0xC574, 0xC595, 0xCDD6,
    0xCDF7, 0xCDF7, 0xCE17, 0xCE17, 0xCE17, 0xCDF7, 0xCDF7, 0xCDD6,
    0xC5B6, 0xC5B5, 0xC595, 0xC574, 0xBD33, 0xB4F2, 0xAC90, 0xA42F,
    0x93CD, 0x8B8B, 0x834A, 0x832A, 0x8B4A, 0x8B6B, 0x8B6A, 0x8B6A,
    0x8B6B, 0x8B6B, 0x8B6B, 0x938B, 0x938B, 0x938B, 0x93AB, 0x93AC,
    0x9BCC, 0x93AB, 0xAC4D, 0xFF39, 0xFEF6, 0xF632, 0xF674, 0xF653,
    0xFE74, 0xF632, 0xF611, 0xF633, 0xF632, 0xF5D1, 0xF590, 0xF550,
    0xFD71, 0xFDD3, 0xFD51, 0xF4AE, 0xF4EF, 0xF4CF, 0xF46D, 0xEC2C,
    0xE3EB, 0xE3CB, 0xDB8A, 0xDB6A, 0xCB09, 0xC2A7, 0xBA87, 0xB246,
    0xB225, 0xA9E4, 0xAA04, 0xDCCD, 0xF5F0, 0xED8E, 0xF5AE, 0xF58D,
    0xED4C, 0xED0A, 0xE4C9, 0xE404, 0xD362, 0xD383, 0xF56B, 0xFD8B,
    0xF486, 0xFCE8, 0xFDAB, 0xFE2D, 0xFDEC, 0xFD07, 0xFE0E, 0xFEB1,
    0xFE4F, 0xFE91, 0xFED2, 0xFEF3, 0xFED3, 0xFEB2, 0xFEB2, 0xFEB2,
    0xFEB2, 0xFEB2, 0xFEB2, 0xFED3, 0xFED3, 0xFED3, 0xFED3, 0xFE91,
    0xFE2F, 0xD343, 0xD302, 0xE384, 0xEC67, 0xF54A, 0xFE2D, 0xFE2D,
    0xFE0C, 0xFD68, 0xFCA5, 0xF445, 0xEBA3, 0xDB43, 0xDB42, 0xD2E2,
    0xCAC1, 0xCA81, 0xD2C1, 0xC281, 0xC281, 0xBA61, 0xC2A2, 0xC2E2,
    0xD323, 0xE3A4, 0xE3A4, 0xDB43, 0xCAE2, 0xC2A2, 0xD303, 0xE383,
    0xFCA6, 0xFD49, 0xE468, 0xD385, 0xCAE2, 0xC2E3, 0xBAC2, 0xBAA2,
    0xBA82, 0xC282, 0xD323, 0xFCE8, 0xF4A7, 0xF425, 0xF466, 0xF466,
    0xFCA6, 0xFCE7, 0xFCA6, 0xFCA6, 0xFCA6, 0xFCA6, 0xFCE7, 0xF4A6,
    0xF466, 0xEC46, 0xEC66, 0xF4A8, 0xD5D5, 0xBE19, 0xC5F8, 0xC5F8,
    0xC5F8, 0xC5F7, 0xC5F7, 0xC5F8, 0xC5F8, 0xC5F8, 0xC5F8, 0xC5F8,
    0xC5F8, 0xC5F8, 0xC5F8, 0xC5F8, 0xC618, 0xC618, 0xC618, 0xC618,
    0xC618, 0xC618, 0xC5F8, 0xC5F8, 0xC5F8, 0xC5F8, 0xC5F8, 0xC5F8,
    0xC5F8, 0xC5F8, 0xC5F8, 0xC5F8, 0xC618, 0xC618, 0xC618, 0xC618,
    0xC618, 0xC618, 0xC5F8, 0xC5D7, 0xBD75, 0xBD33, 0xB4F1, 0xB48F,
    0xB44D, 0xB42B, 0xB42B, 0xBC6D, 0xC4F0, 0xC552, 0xCD94, 0xCDD6,
    0xD5F7, 0xD617, 0xD618, 0xCE18, 0xCDF7, 0xCDF7, 0xC5D7, 0xC5B6,
    0xC5B6, 0xBD96, 0xBD96, 0xBD96, 0xBD96, 0xBD97, 0xBD97, 0xBD97,
    0xA40E, 0xA44F, 0xAC90, 0xB4F2, 0xBD33, 0xC554, 0xC595, 0xCDD6,
    0xCDF7, 0xCDF7, 0xCE17, 0xCE17, 0xCE17, 0xCDF7, 0xCDF7, 0xCDD6,
    0xC5B6, 0xC5B5, 0xC595, 0xC574, 0xBD13, 0xACD1, 0xA470, 0x9C2E,
    0x93CD, 0x8B6B, 0x832A, 0x832A, 0x8B4A, 0x8B4A, 0x8B6A, 0x8B6A,
    0x8B6A, 0x8B6B, 0x938B, 0x938B, 0x938B, 0x93AB, 0x93AC, 0x9BAC,
    0x9BCC, 0x9BCC, 0xA40D, 0xD593, 0xF6D7, 0xF673, 0xF653, 0xFE95,
    0xFE74, 0xF632, 0xFE53, 0xFE73, 0xF632, 0xFE32, 0xFE12, 0xFDF2,
    0xFDD2, 0xFD71, 0xFD30, 0xF530, 0xF510, 0xF4AE, 0xF4AE, 0xF46E,
    0xEC6E, 0xEC2D, 0xE3CB, 0xDBAB, 0xDB4A, 0xD309, 0xC2C7, 0xC2C7,
    0xBA86, 0xAA05, 0xAA25, 0xB2A7, 0xCBEA, 0xED2D, 0xED6D, 0xED6D,
    0xE50B, 0xE4EA, 0xE4CA, 0xD406, 0xCB83, 0xF54A, 0xFE2D, 0xFD8A,
    0xFD8B, 0xFDCC, 0xFE2D, 0xFE4E, 0xFD8A, 0xFDAB, 0xFED3, 0xFEB2,
    0xFED3, 0xFED3, 0xFED2, 0xFEB2, 0xFED2, 0xFEB2, 0xFEB2, 0xFEB1,
    0xFE91, 0xFE91, 0xFEB2, 0xFED2, 0xFED3, 0xFED3, 0xFEB2, 0xFEB2,
    0xFE91, 0xFDCD, 0xF5CD, 0xFE2F, 0xFE70, 0xFE0D, 0xFDAA, 0xFD28,
    0xFD06, 0xFC85, 0xF404, 0xEBC4, 0xE363, 0xDB23, 0xDB22, 0xDB42,
    0xCAC1, 0xD2C1, 0xD2E1, 0xCAA1, 0xBA61, 0xB241, 0xC2A1, 0xCAE2,
    0xDB22, 0xE363, 0xEBA4, 0xE3A4, 0xCB03, 0xCAE2, 0xD302, 0xDB22,
    0xF445, 0xFD28, 0xFD8A, 0xE3E5, 0xD323, 0xD323, 0xD303, 0xC2C3,
    0xC2C3, 0xC2C2, 0xC2A2, 0xE363, 0xFD6A, 0xF487, 0xE3A4, 0xEC05,
    0xF465, 0xFCE7, 0xFCC7, 0xFC85, 0xF4A6, 0xF485, 0xFD07, 0xEC45,
    0xE3A4, 0xEC26, 0xF445, 0xF50B, 0xC618, 0xC5F8, 0xC5F8, 0xC5F8,
    0xC5F8, 0xC5F8, 0xC5F8, 0xC5F7, 0xC5F8, 0xC5F8, 0xC5F8, 0xC5F8,
    0xC5F8, 0xC5F8, 0xC5F8, 0xC618, 0xC618, 0xC618, 0xC618, 0xC618,
    0xC618, 0xC618, 0xC5F8, 0xC5F8, 0xC618, 0xC618, 0xC5F8, 0xC5F8,
    0xC5F8, 0xC5F8, 0xC5F8, 0xC618, 0xC618, 0xC618, 0xC618, 0xC618,
    0xC618, 0xC618, 0xC5F8, 0xC5D7, 0xBD75, 0xBD33, 0xB4F1, 0xB48F,
    0xB44D, 0xB42B, 0xB42B, 0xBC8D, 0xC4F0, 0xC552, 0xCD94, 0xCDD6,
    0xD617, 0xD638, 0xD638, 0xCE18, 0xCDF7, 0xCDF7, 0xC5D7, 0xC5B6,
    0xBDB6, 0xBD96, 0xBD96, 0xBD96, 0xBD96, 0xBD97, 0xBD97, 0xBD97,
    0x9C0E, 0xA42F, 0xAC90, 0xB4D1, 0xBD13, 0xBD54, 0xC595, 0xCDD6,
    0xCDF7, 0xCDF7, 0xCE17, 0xCE17, 0xCE17, 0xCE17, 0xCDF7, 0xCDD6,
    0xC5B6, 0xC5B5, 0xC595, 0xBD74, 0xB513, 0xACD1, 0xA470, 0x9C2E,
    0x93CC, 0x8B6B, 0x8329, 0x832A, 0x834A, 0x8B4A, 0x8B4A, 0x8B4A,
    0x8B6A, 0x8B6B, 0x8B8B, 0x938B, 0x938B, 0x93AB, 0x93AC, 0x9BCC,
    0x9BCC, 0x9BEC, 0xA40D, 0x9BCC, 0xC510, 0xFF18, 0xF674, 0xF674,
    0xFE94, 0xFE73, 0xFE73, 0xFE32, 0xFE53, 0xFE53, 0xFE33, 0xFE53,
    0xFDF2, 0xFD71, 0xFDB2, 0xF530, 0xF4EF, 0xF4EF, 0xF510, 0xF4CF,
    0xF4EF, 0xEC6D, 0xEC0C, 0xE3EC, 0xDB8B, 0xDB4A, 0xD309, 0xCB08,
    0xC2A7, 0xB225, 0xAA05, 0xA1E4, 0x99E4, 0xBB89, 0xED6E, 0xED6D,
    0xED2C, 0xED4D, 0xE4EA, 0xD427, 0xF56B, 0xFD08, 0xF4C7, 0xF466,
    0xF404, 0xFD08, 0xFD8A, 0xFDED, 0xFE6F, 0xFEF3, 0xFEF4, 0xFEF3,
    0xFED3, 0xFED3, 0xFED3, 0xFEB2, 0xFEB2, 0xFEB2, 0xFEB1, 0xFE90,
    0xFE91, 0xFE91, 0xFEB1, 0xFE91, 0xFEB2, 0xFED3, 0xFEB2, 0xFEB2,
    0xFEB2, 0xFEB2, 0xFEB2, 0xFE90, 0xFDCB, 0xFD07, 0xFCA5, 0xFC65,
    0xF404, 0xEBC3, 0xEBA3, 0xE363, 0xE342, 0xE383, 0xE343, 0xDB22,
    0xD2E1, 0xD302, 0xC2A1, 0xCAC1, 0xC2A1, 0xBA61, 0xC281, 0xCAC1,
    0xE343, 0xE363, 0xE383, 0xE3A4, 0xDB43, 0xD302, 0xDB43, 0xE342,
    0xEBC3, 0xFCE6, 0xFD89, 0xE3A4, 0xC2A2, 0xCAE2, 0xD303, 0xCAE3,
    0xCB03, 0xD303, 0xCB03, 0xD303, 0xF425, 0xFDEC, 0xEC67, 0xDB22,
    0xEBE4, 0xFCE7, 0xFD08, 0xFD08, 0xFD28, 0xFD08, 0xFD07, 0xFD07,
    0xEC46, 0xE3E5, 0xEBE4, 0xDD51, 0xC619, 0xC5F8, 0xC5F8, 0xC5F8,
    0xC5F8, 0xC5F8, 0xC5F8, 0xC5F8, 0xC5F8, 0xC5F8, 0xC5F8, 0xC5F7,
    0xC5F7, 0xC5F8, 0xC618, 0xC618, 0xC618, 0xC618, 0xC618, 0xC618,
    0xC618, 0xC618, 0xC5F8, 0xC618, 0xC618, 0xC618, 0xC618, 0xC5F8,
    0xC5F8, 0xC618, 0xC618, 0xC618, 0xC618, 0xC618, 0xC5F8, 0xC618,
    0xC5F8, 0xC618, 0xC5F8, 0xC5D7, 0xBD95, 0xBD33, 0xB4F1, 0xB48F,
    0xB44D, 0xB42B, 0xB42B, 0xBC8D, 0xC4F0, 0xC552, 0xCD94, 0xCDF6,
    0xD617, 0xD638, 0xD638, 0xCE18, 0xCDF7, 0xCDF7, 0xC5D7, 0xC5B6,
    0xBD96, 0xBD96, 0xBD96, 0xBD96, 0xBD97, 0xBD97, 0xBD97, 0xBD97,
    0x9BED, 0xA42E, 0xAC70, 0xB4D1, 0xBD13, 0xC554, 0xC595, 0xCDD6,
    0xCDF7, 0xCDF7, 0xCE17, 0xCE17, 0xD618, 0xCE17, 0xCDF7, 0xCDD6,
    0xC5D6, 0xC5B5, 0xC595, 0xBD54, 0xB513, 0xACD1, 0xA470, 0x9C0E,
    0x93CC, 0x8B4A, 0x8329, 0x832A, 0x832A, 0x8B4A, 0x8B4A, 0x8B4A,
    0x8B6A, 0x8B6B, 0x938B, 0x938B, 0x93AC, 0x93AC, 0x93AC, 0x9BCC,
    0x9BEC, 0x9BED, 0xA40D, 0xA40D, 0xB46E, 0xEE55, 0xFF17, 0xF674,
    0xFE95, 0xFE94, 0xF632, 0xFE53, 0xFE94, 0xFE74, 0xFE74, 0xFE74,
    0xFDF1, 0xFDF2, 0xFDB2, 0xF530, 0xF510, 0xF510, 0xF4EF, 0xF510,
    0xF530, 0xF48E, 0xEC4D, 0xEC2D, 0xE3CB, 0xE3AB, 0xDB6A, 0xD349,
    0xCB09, 0xBAA7, 0xB266, 0xB266, 0xA204, 0x91C3, 0xBB48, 0xE52D,
    0xED6E, 0xE54C, 0xE4CA, 0xF58C, 0xFD09, 0xE3A4, 0xDB43, 0xDB43,
    0xDB43, 0xE3C4, 0xEBC4, 0xFD8B, 0xFEF4, 0xFED3, 0xFED3, 0xFED2,
    0xFEB2, 0xFEB2, 0xFEB2, 0xFEB2, 0xFEB2, 0xFE91, 0xFE91, 0xFE91,
    0xFE91, 0xFE91, 0xFE90, 0xFE90, 0xFED2, 0xFED2, 0xFED2, 0xFEB2,
    0xFE91, 0xFEB2, 0xFE90, 0xFDCB, 0xFCE6, 0xF444, 0xF404, 0xF3E4,
    0xEBC4, 0xEBC4, 0xEBA3, 0xDB22, 0xDB22, 0xE363, 0xE343, 0xE343,
    0xE363, 0xE3A4, 0xD302, 0xCAC1, 0xC2A1, 0xBA61, 0xB200, 0xCAA1,
    0xDB22, 0xE363, 0xDB63, 0xDB63, 0xDB43, 0xDB43, 0xE363, 0xDB42,
    0xEBA3, 0xFC85, 0xFDA9, 0xF4E9, 0xDB43, 0xCAE3, 0xCAE3, 0xCB03,
    0xCB03, 0xCB03, 0xD344, 0xD344, 0xE363, 0xFD6A, 0xFE4E, 0xEC46,
    0xE383, 0xF465, 0xFD49, 0xFD49, 0xFCE7, 0xF4C6, 0xF4A6, 0xFCC6,
    0xEC46, 0xEC25, 0xF4EA, 0xCDF7, 0xC618, 0xC5F8, 0xC5F8, 0xC5F8,
    0xC5F8, 0xC5F8, 0xC5F7, 0xC5F8, 0xC5F8, 0xC5F8, 0xC5F8, 0xC5F8,
    0xC5F8, 0xC5F8, 0xC5F8, 0xC5F8, 0xC618, 0xC618, 0xC618, 0xC618,
    0xC618, 0xC618, 0xC5F8, 0xC618, 0xC618, 0xC618, 0xC5F8, 0xC618,
    0xC618, 0xC618, 0xC618, 0xC618, 0xC5F8, 0xC5F8, 0xC5F8, 0xC5F8,
    0xC618, 0xC618, 0xC5F8, 0xC5D7, 0xBD95, 0xBD33, 0xB4F1, 0xB48F,
    0xB44D, 0xB42B, 0xB42B, 0xBC8E, 0xC4F0, 0xC552, 0xCD95, 0xCDF6,
    0xD617, 0xD638, 0xD638, 0xCE18, 0xCDF7, 0xC5D7, 0xC5D7, 0xC5B6,
    0xBD96, 0xBD96, 0xBD96, 0xBD96, 0xBD97, 0xBD97, 0xBD97, 0xBD97,
    0x93CC, 0x9C0E, 0xA44F, 0xACB1, 0xBD12, 0xBD54, 0xC595, 0xCDD6,
    0xCDF7, 0xCE17, 0xD617, 0xD638, 0xD618, 0xCE17, 0xCDF7, 0xCDF7,
    0xCDD6, 0xC5B6, 0xC595, 0xBD74, 0xB512, 0xACB1, 0xA46F, 0x9C0E,
    0x93AC, 0x8B4A, 0x8329, 0x8329, 0x832A, 0x834A, 0x8B4A, 0x8B4A,
    0x8B6A, 0x8B6B, 0x938B, 0x938B, 0x93AC, 0x93AC, 0x9BCC, 0x9BCC,
    0x9BED, 0xA3ED, 0xA40D, 0xA40D, 0xA40D, 0xAC2D, 0xEE55, 0xFEF6,
    0xEDB0, 0xF611, 0xF652, 0xFEB5, 0xFEB5, 0xFE74, 0xFEB5, 0xFE74,
    0xFE53, 0xFE53, 0xFDD1, 0xFDD2, 0xFDB1, 0xF530, 0xF50F, 0xFD30,
    0xF50F, 0xF48E, 0xF46E, 0xEC6E, 0xEC4D, 0xEC0C, 0xE3CB, 0xDB8A,
    0xD329, 0xC2E8, 0xBA87, 0xB266, 0xAA45, 0x99C4, 0x8962, 0xB327,
    0xE52D, 0xE4EB, 0xF5AC, 0xFD29, 0xE363, 0xDB63, 0xDB43, 0xE384,
    0xDB63, 0xDB23, 0xE405, 0xFE91, 0xFEF3, 0xFED3, 0xFED3, 0xFEB2,
    0xFE91, 0xFEB1, 0xFEB2, 0xFE91, 0xFE91, 0xFE70, 0xFE91, 0xFE70,
    0xFE70, 0xFE91, 0xFEB1, 0xFEB2, 0xFEB2, 0xFEB2, 0xFED2, 0xFED3,
    0xFEB2, 0xFE91, 0xFE90, 0xFDCB, 0xFC85, 0xF424, 0xF424, 0xF3E4,
    0xEBA3, 0xEBE4, 0xF404, 0xE363, 0xE383, 0xE363, 0xDB22, 0xE342,
    0xDB02, 0xDB42, 0xE383, 0xCAC2, 0xC2C2, 0xDB43, 0xC2A1, 0xD302,
    0xE383, 0xE363, 0xE383, 0xEBA4, 0xDB63, 0xDB63, 0xE383, 0xEBC4,
    0xF3E4, 0xFCA5, 0xFD48, 0xFE0D, 0xF52A, 0xDB44, 0xCAE3, 0xDB64,
    0xDB44, 0xDB44, 0xD344, 0xD323, 0xD343, 0xF445, 0xFDEC, 0xFE2E,
    0xFD8B, 0xFD29, 0xFD6A, 0xFD29, 0xFD07, 0xFD49, 0xFD08, 0xFD08,
    0xF487, 0xF466, 0xED6F, 0xC618, 0xC5F8, 0xC5F8, 0xC5F8, 0xC5F8,
    0xC5F8, 0xC5F8, 0xC5F8, 0xC5F8, 0xC5F8, 0xC5F8, 0xC5F8, 0xC5F8,
    0xC618, 0xC5F8, 0xC5F8, 0xC5F8, 0xC5F8, 0xC5F8, 0xC618, 0xC618,
    0xC618, 0xC618, 0xC618, 0xC618, 0xC618, 0xC618, 0xC618, 0xC618,
    0xC618, 0xC618, 0xC618, 0xC618, 0xC5F8, 0xC5F8, 0xC5F8, 0xC618,
    0xC618, 0xC618, 0xC5F8, 0xC5D7, 0xBD95, 0xBD33, 0xB4F1, 0xB48F,
    0xB44D, 0xB42B, 0xB42B, 0xBC8D, 0xC4F0, 0xC552, 0xCDB5, 0xD5F6,
    0xD617, 0xD638, 0xD638, 0xCE18, 0xCDF7, 0xC5F7, 0xC5D7, 0xC5B7,
    0xBD96, 0xBD96, 0xBD96, 0xBD96, 0xBD97, 0xBD97, 0xBD97, 0xBD97,
    0x93AC, 0x9BED, 0xA44F, 0xACB1, 0xBD12, 0xBD54, 0xC595, 0xCDD6,
    0xCDF7, 0xD617, 0xD617, 0xD638, 0xD638, 0xCE18, 0xCDF7, 0xCDF7,
    0xCDD6, 0xCDD6, 0xC5B5, 0xBD74, 0xB512, 0xACB1, 0xA44F, 0x9BED,
    0x93AC, 0x8B4A, 0x8309, 0x8329, 0x832A, 0x832A, 0x8B4A, 0x8B4A,
    0x8B6B, 0x8B6B, 0x938B, 0x938B, 0x93AC, 0x9BCC, 0x9BCC, 0x9BEC,
    0x9BED, 0xA40D, 0xA40D, 0xA40D, 0xA42D, 0xA40D, 0xB46E, 0xEE55,
    0xFE94, 0xF653, 0xFED6, 0xFEB5, 0xFE94, 0xFEB5, 0xFEB5, 0xFE74,
    0xFE74, 0xFE53, 0xFE12, 0xFE33, 0xFD90, 0xFD91, 0xFDB2, 0xFD71,
    0xFD10, 0xF4CF, 0xF4CF, 0xF4CF, 0xF4AE, 0xF48E, 0xEC2C, 0xE3EB,
    0xDBCB, 0xD349, 0xCB48, 0xC2E7, 0xBAA6, 0xAA45, 0x99E4, 0x8182,
    0xAAE6, 0xF58C, 0xFDEB, 0xEBA4, 0xE363, 0xE384, 0xE384, 0xE363,
    0xDB43, 0xCAE2, 0xF56C, 0xFEF3, 0xFEB2, 0xFEB2, 0xFEB2, 0xFEB2,
    0xFEB1, 0xFE91, 0xFE91, 0xFE70, 0xFE70, 0xFE70, 0xFE70, 0xFE70,
    0xFE70, 0xFE91, 0xFE91, 0xFE91, 0xFE91, 0xFE90, 0xFE91, 0xFEB2,
    0xFEB2, 0xFEB3, 0xFED2, 0xFE2E, 0xFC85, 0xF404, 0xF404, 0xEBC4,
    0xF405, 0xF466, 0xEBE4, 0xEBA3, 0xEBC4, 0xE383, 0xD302, 0xD2E2,
    0xCAA1, 0xD2E2, 0xDB42, 0xD323, 0xDB23, 0xDB63, 0xC281, 0xEBA4,
    0xEBC4, 0xDB63, 0xE363, 0xE363, 0xEBA4, 0xE383, 0xE363, 0xF404,
    0xF425, 0xFC85, 0xFCE7, 0xFD89, 0xFE2D, 0xFD09, 0xE3C5, 0xD344,
    0xDB44, 0xE384, 0xE384, 0xD364, 0xD344, 0xE363, 0xFCA7, 0xFE2E,
    0xFE70, 0xFE4F, 0xFE0D, 0xFDCC, 0xFCE8, 0xFCE8, 0xFD29, 0xFD29,
    0xF487, 0xF4A8, 0xD5F6, 0xC618, 0xC618, 0xC5F8, 0xC5F8, 0xC5F8,
    0xC5F8, 0xC5F8, 0xC5F8, 0xC5F8, 0xC5F8, 0xC5F8, 0xC618, 0xC618,
    0xC618, 0xC618, 0xC5F8, 0xC5F8, 0xC5F8, 0xC5F8, 0xC618, 0xC618,
    0xC618, 0xC618, 0xC618, 0xC618, 0xC618, 0xC618, 0xC618, 0xC618,
    0xC618, 0xC618, 0xC5F8, 0xC5F8, 0xC5F8, 0xC618, 0xC5F8, 0xC618,
    0xC618, 0xC618, 0xC5F8, 0xC5D7, 0xBD95, 0xBD33, 0xB4F1, 0xB48F,
    0xB44D, 0xB42B, 0xB42B, 0xBC8D, 0xC4F0, 0xCD52, 0xCDB5, 0xD5F6,
    0xD617, 0xD638, 0xD638, 0xCE18, 0xCDF7, 0xCDF7, 0xC5D7, 0xC5B7,
    0xBDB7, 0xBD96, 0xBD96, 0xBD97, 0xBD97, 0xBD97, 0xBD97, 0xBD97,
    0x8B8C, 0x9BCD, 0xA42F, 0xAC91, 0xB4F2, 0xBD54, 0xC595, 0xCDD6,
    0xCDF7, 0xD617, 0xD618, 0xD638, 0xD638, 0xCE18, 0xCDF7, 0xCDF7,
    0xCDD6, 0xCDD6, 0xC5B5, 0xBD54, 0xB512, 0xACB1, 0xA44F, 0x9BED,
    0x938B, 0x832A, 0x8309, 0x8329, 0x832A, 0x8B2A, 0x8B4A, 0x8B4A,
    0x8B6B, 0x938B, 0x938B, 0x93AC, 0x93AC, 0x9BCC, 0x9BCC, 0x9BEC,
    0xA3ED, 0xA40D, 0xA40D, 0xA42D, 0xA42D, 0xAC4D, 0xAC2D, 0xB48E,
    0xF6B6, 0xFE74, 0xF612, 0xFE74, 0xFEB5, 0xFED6, 0xFEB5, 0xFED5,
    0xFE94, 0xFE73, 0xFE94, 0xFE11, 0xFDD1, 0xFE53, 0xFE12, 0xFDF2,
    0xFDB1, 0xFD71, 0xFD30, 0xFD71, 0xF530, 0xF550, 0xF530, 0xF52F,
    0xF530, 0xED0F, 0xED0E, 0xE4CD, 0xDC6C, 0xCBCA, 0xBB48, 0xA265,
    0xBB87, 0xFE4E, 0xFC86, 0xEBC4, 0xE363, 0xEBC4, 0xEBC4, 0xDB43,
    0xC281, 0xE447, 0xFED2, 0xFEB2, 0xFEB2, 0xFEB2, 0xFEB1, 0xFEB1,
    0xFE91, 0xFE91, 0xFE70, 0xFE91, 0xFE70, 0xFE70, 0xFE70, 0xFE91,
    0xFE91, 0xFE91, 0xFE91, 0xFE4F, 0xFDEE, 0xFD8B, 0xFE2D, 0xFE91,
    0xFEB2, 0xFED3, 0xFEB2, 0xFE2E, 0xFD28, 0xFCC7, 0xF424, 0xFC86,
    0xFCC7, 0xF445, 0xE363, 0xDB43, 0xDB43, 0xDB43, 0xD302, 0xD2E2,
    0xC2A1, 0xCAC1, 0xD2E1, 0xDB42, 0xD302, 0xBA61, 0xCAA1, 0xE342,
    0xD302, 0xD322, 0xE383, 0xDB43, 0xEB83, 0xE363, 0xDB43, 0xE3A4,
    0xEBC4, 0xEBA3, 0xF424, 0xFCE6, 0xFDCA, 0xFDAA, 0xF466, 0xE3A5,
    0xD323, 0xCAE2, 0xDB44, 0xE3A5, 0xCB23, 0xDB64, 0xEBE5, 0xFDAB,
    0xFE70, 0xFE4F, 0xFE4F, 0xFDAC, 0xFD29, 0xFD49, 0xFD08, 0xF4C7,
    0xF4C8, 0xF4C9, 0xCDF7, 0xC618, 0xC618, 0xC5F8, 0xC5F8, 0xC5F8,
    0xC5F8, 0xC5F8, 0xC618, 0xC618, 0xC5F8, 0xC5F8, 0xC5F8, 0xC5F8,
    0xC5F8, 0xC618, 0xC618, 0xC618, 0xC618, 0xC618, 0xC618, 0xC618,
    0xC618, 0xC618, 0xC618, 0xC618, 0xC618, 0xC618, 0xC618, 0xC618,
    0xC618, 0xC618, 0xC618, 0xC5F8, 0xC618, 0xC618, 0xC618, 0xC618,
    0xC618, 0xC618, 0xC5F8, 0xC5D7, 0xBD95, 0xBD34, 0xB4F1, 0xB4AF,
    0xB46D, 0xB42C, 0xB42B, 0xBC8D, 0xC4F0, 0xCD52, 0xCDB5, 0xD5F6,
    0xD617, 0xD638, 0xD638, 0xCE18, 0xCDF8, 0xCDF7, 0xC5D7, 0xC5B7,
    0xBD97, 0xBD97, 0xBD96, 0xBD97, 0xBD97, 0xBD97, 0xBD97, 0xB597,
    0x8B6B, 0x93CD, 0xA42E, 0xAC91, 0xB4F2, 0xBD54, 0xC595, 0xCDD6,
    0xCDF7, 0xD617, 0xD617, 0xD638, 0xD638, 0xD618, 0xCE17, 0xCDF7,
    0xCDF7, 0xCDD6, 0xC595, 0xBD54, 0xB4F2, 0xACB0, 0xA44F, 0x9BED,
    0x8B8B, 0x832A, 0x8309, 0x8329, 0x832A, 0x8B4A, 0x8B4A, 0x8B4A,
    0x8B6B, 0x938B, 0x93AB, 0x93AC, 0x93AC, 0x9BCC, 0x9BEC, 0x9BED,
    0xA40D, 0xA40D, 0xA40D, 0xA42D, 0xAC2D, 0xAC4D, 0xAC4D, 0xAC4E,
    0xBCAF, 0xE614, 0xFEB5, 0xF674, 0xF674, 0xFE74, 0xFED6, 0xFED5,
    0xFE94, 0xFED6, 0xFE94, 0xFE11, 0xFE74, 0xFE53, 0xFE12, 0xFE33,
    0xFE12, 0xFDF2, 0xFDD2, 0xFDF2, 0xFDF3, 0xF5D2, 0xF5D1, 0xFDD2,
    0xF5F1, 0xF5D1, 0xF5B1, 0xEDB0, 0xED6F, 0xE50D, 0xD46B, 0xCC09,
    0xFE2E, 0xFDAB, 0xF445, 0xF424, 0xF3E3, 0xF465, 0xEBA4, 0xD302,
    0xDB84, 0xFE91, 0xFED3, 0xFEB2, 0xFEB2, 0xFE91, 0xFE91, 0xFE91,
    0xFE70, 0xFE91, 0xFE91, 0xFE70, 0xFE70, 0xFE70, 0xFE70, 0xFE91,
    0xFED2, 0xFEB1, 0xED8D, 0xBBA7, 0x9264, 0x8A23, 0xCC28, 0xFE4F,
    0xFE91, 0xFE70, 0xFE90, 0xFE2D, 0xFCE6, 0xFCA6, 0xFCA7, 0xFC86,
    0xFC66, 0xF445, 0xF405, 0xE363, 0xC2A1, 0xC2A1, 0xC281, 0xBA41,
    0xC281, 0xCAC2, 0xC2A1, 0xCAA1, 0xC281, 0xB240, 0xC281, 0xDB01,
    0xE363, 0xDB43, 0xEBA4, 0xEBE5, 0xE383, 0xD302, 0xD302, 0xD322,
    0xDB42, 0xE3A3, 0xF424, 0xFC85, 0xFDAA, 0xFE2D, 0xF4C8, 0xEBE5,
    0xDB84, 0xCB23, 0xCAE3, 0xDB84, 0xCB23, 0xCB24, 0xE3A4, 0xFDAC,
    0xFED2, 0xF56B, 0xEC27, 0xEC27, 0xE3A4, 0xF4A7, 0xFD8A, 0xF466,
    0xF487, 0xED2D, 0xC618, 0xC618, 0xC618, 0xC618, 0xC5F8, 0xC5F8,
    0xC618, 0xC618, 0xC618, 0xC618, 0xC618, 0xC5F8, 0xC618, 0xC5F8,
    0xC5F8, 0xC5F8, 0xC618, 0xC618, 0xC618, 0xC618, 0xC618, 0xC618,
    0xC618, 0xC618, 0xC618, 0xC618, 0xC618, 0xC618, 0xC618, 0xC618,
    0xC618, 0xC618, 0xC618, 0xC5F8, 0xC618, 0xC618, 0xC618, 0xC618,
    0xC618, 0xC618, 0xC5F8, 0xC5D7, 0xBD96, 0xBD54, 0xB4F1, 0xB4B0,
    0xB46E, 0xB42C, 0xB44B, 0xBC8E, 0xC4F0, 0xCD53, 0xCDB5, 0xD5F6,
    0xD617, 0xD638, 0xD638, 0xCE18, 0xCE18, 0xCDF7, 0xC5D7, 0xC5D7,
    0xBD97, 0xBD97, 0xBD97, 0xBD97, 0xBD97, 0xBD97, 0xBD97, 0xB576,
    0x8B6B, 0x93AC, 0xA42E, 0xAC90, 0xB4F2, 0xBD53, 0xC595, 0xCDD6,
    0xD5F7, 0xD617, 0xD617, 0xD638, 0xD638, 0xD638, 0xD617, 0xCDF7,
    0xCDF7, 0xCDD6, 0xC595, 0xBD54, 0xB4F2, 0xAC90, 0x9C2E, 0x93CD,
    0x8B6B, 0x8329, 0x8329, 0x8B2A, 0x8B2A, 0x8B4A, 0x8B4A, 0x8B6A,
    0x8B6B, 0x938B, 0x93AC, 0x93AC, 0x9BCC, 0x9BCC, 0x9BEC, 0xA3ED,
    0xA40D, 0xA40D, 0xA40D, 0xA42D, 0xAC2D, 0xAC2D, 0xAC4D, 0xAC4D,
    0xAC2D, 0xB46E, 0xEE34, 0xFE94, 0xEDF1, 0xF674, 0xFEB5, 0xFEB5,
    0xFE95, 0xFE53, 0xFE32, 0xFE73, 0xFE95, 0xFE32, 0xFE33, 0xFE12,
    0xFE33, 0xFE12, 0xFE32, 0xFE32, 0xFE12, 0xFDF1, 0xFDF1, 0xF5F1,
    0xF5D1, 0xF5D0, 0xF5D0, 0xF5B0, 0xED8F, 0xE54E, 0xDCCB, 0xF5AC,
    0xFE4E, 0xFC86, 0xFC66, 0xFCA6, 0xFD48, 0xF465, 0xE322, 0xEBC4,
    0xFE30, 0xFEF3, 0xFEB2, 0xFED3, 0xFEB2, 0xFE91, 0xFEB1, 0xFE90,
    0xFEB1, 0xFE90, 0xFE90, 0xFEB1, 0xFED1, 0xFEB1, 0xFE70, 0xF60F,
    0xDCCB, 0xB388, 0x8204, 0x6162, 0x5922, 0x48C1, 0x8223, 0xFE4F,
    0xFEB2, 0xFE91, 0xFE70, 0xFDCC, 0xF464, 0xF465, 0xFC86, 0xF425,
    0xFC66, 0xF445, 0xF404, 0xD2E2, 0xBA61, 0xC281, 0xC2A1, 0xCAC1,
    0xCAC1, 0xCAE2, 0xB261, 0xB261, 0xC280, 0xBA60, 0xD302, 0xE342,
    0xEBA4, 0xEBC4, 0xEBA3, 0xE383, 0xD302, 0xD302, 0xEBC4, 0xE383,
    0xDB63, 0xEBC4, 0xF424, 0xFC44, 0xFD07, 0xFE0C, 0xFDAB, 0xE3E5,
    0xDB43, 0xD343, 0xCAE3, 0xCB23, 0xC2C2, 0xC2C2, 0xDB44, 0xF4C8,
    0xFED1, 0xFDCE, 0xDB85, 0xDB44, 0xDB64, 0xE364, 0xF487, 0xF4C8,
    0xF466, 0xED4E, 0xC619, 0xC618, 0xC618, 0xC618, 0xC618, 0xC5F8,
    0xC618, 0xC618, 0xC618, 0xC618, 0xC5F8, 0xC618, 0xC5F8, 0xC5F8,
    0xC5F8, 0xC618, 0xC618, 0xC618, 0xC618, 0xC618, 0xC618, 0xC618,
    0xC618, 0xC618, 0xC618, 0xC618, 0xC619, 0xC619, 0xC619, 0xC618,
    0xC618, 0xC618, 0xC618, 0xC618, 0xC618, 0xC618, 0xC618, 0xCE18,
    0xCE18, 0xCE18, 0xC618, 0xC5F7, 0xC5B6, 0xBD54, 0xB4F2, 0xB4B0,
    0xB46E, 0xB44C, 0xB42C, 0xBC8E, 0xC4F0, 0xCD53, 0xCDB5, 0xCDF6,
    0xCE17, 0xD638, 0xD638, 0xCE18, 0xCE18, 0xCDF7, 0xC5D7, 0xC5B7,
    0xBDB7, 0xBD97, 0xBD97, 0xBD97, 0xBD97, 0xBD97, 0xBD97, 0xB597,
    0x8B4A, 0x93AC, 0x9C0E, 0xAC90, 0xB4F2, 0xBD33, 0xC595, 0xCDD6,
    0xCDF7, 0xD617, 0xD618, 0xD638, 0xD638, 0xD638, 0xD617, 0xCDF7,
    0xCDF7, 0xCDD6, 0xC595, 0xBD53, 0xB4D2, 0xA470, 0x9C0E, 0x93AC,
    0x8B6B, 0x8329, 0x8329, 0x8B2A, 0x8B4A, 0x8B4A, 0x8B4A, 0x8B6A,
    0x938B, 0x938B, 0x93AC, 0x93AC, 0x9BCC, 0x9BCC, 0x9BEC, 0xA3ED,
    0xA40D, 0xA40D, 0xA42D, 0xA42D, 0xAC2D, 0xAC4D, 0xAC4D, 0xAC4D,
    0xAC4D, 0xAC4D, 0xB44D, 0xDD91, 0xFEB5, 0xF632, 0xF612, 0xFE94,
    0xFE74, 0xFE74, 0xFE94, 0xFEF6, 0xFE73, 0xFE32, 0xFE74, 0xFDF1,
    0xFDF1, 0xFE32, 0xFE11, 0xFE11, 0xFDF1, 0xFDF0, 0xF5D0, 0xF5AF,
    0xF5AF, 0xF58E, 0xED8E, 0xED6E, 0xED2D, 0xE52D, 0xED6C, 0xFE6F,
    0xFD69, 0xFC86, 0xFD28, 0xFE2E, 0xFE0D, 0xF3E4, 0xEB83, 0xFDEE,
    0xFF14, 0xFEB2, 0xFEB2, 0xFEF3, 0xFF13, 0xFE70, 0xF5AD, 0xF5CE,
    0xED8D, 0xED6C, 0xE56D, 0xDD0C, 0xD4EB, 0xBBC9, 0x9AE6, 0x8A44,
    0x71A3, 0x6983, 0x71A3, 0x5942, 0x48E1, 0x3080, 0x7A23, 0xFE4F,
    0xFE92, 0xFE91, 0xFE70, 0xFE0D, 0xFD07, 0xF465, 0xEBE4, 0xF465,
    0xF404, 0xF3C4, 0xE363, 0xDB43, 0xE363, 0xDB22, 0xDB63, 0xCAC2,
    0xEC05, 0xDB63, 0xBAA2, 0xB261, 0xC2C1, 0xC2A1, 0xDB43, 0xE383,
    0xDB22, 0xD322, 0xDB42, 0xD302, 0xC281, 0xD302, 0xEBC4, 0xEBC4,
    0xEBE4, 0xF425, 0xF485, 0xFCC7, 0xFCE6, 0xFD89, 0xFE0D, 0xEC87,
    0xD323, 0xDB44, 0xD324, 0xC2C3, 0xC2C2, 0xD323, 0xD323, 0xE3A4,
    0xFE0D, 0xF5CE, 0xDB64, 0xD324, 0xDB64, 0xDB85, 0xE3A5, 0xFCE9,
    0xFD29, 0xDD71, 0xC639, 0xC618, 0xC618, 0xC618, 0xC618, 0xC618,
    0xC618, 0xC618, 0xC618, 0xC618, 0xC618, 0xC618, 0xC5F8, 0xC5F8,
    0xC5F8, 0xC618, 0xC618, 0xC618, 0xC618, 0xC619, 0xC619, 0xCE39,
    0xCE38, 0xDDF5, 0xD617, 0xCE37, 0xD616, 0xDDF5, 0xD616, 0xD637,
    0xCE38, 0xCE38, 0xCE38, 0xC618, 0xC618, 0xC618, 0xC618, 0xCE18,
    0xCE18, 0xCE18, 0xCE18, 0xC5F7, 0xC5B6, 0xBD54, 0xB4F2, 0xB4B0,
    0xB46E, 0xB44C, 0xB44C, 0xBC8E, 0xC4F0, 0xC553, 0xCDB5, 0xCDF6,
    0xCE17, 0xD638, 0xD638, 0xCE18, 0xCE18, 0xCDF7, 0xC5D7, 0xC5B7,
    0xBDB7, 0xBD97, 0xBD97, 0xBD97, 0xBD97, 0xBD97, 0xBD97, 0xBD97,
    0x834A, 0x938C, 0x9C0E, 0xAC70, 0xB4D2, 0xBD33, 0xC595, 0xCDD6,
    0xD5F7, 0xD617, 0xD638, 0xD638, 0xD638, 0xD638, 0xD617, 0xCE17,
    0xCDF7, 0xCDD6, 0xC595, 0xBD33, 0xB4D2, 0xA470, 0x9C0E, 0x93AC,
    0x8B4A, 0x8329, 0x832A, 0x8B2A, 0x8B4A, 0x8B4A, 0x8B4A, 0x8B6B,
    0x938B, 0x93AB, 0x93AC, 0x9BAC, 0x9BCC, 0x9BEC, 0x9BEC, 0xA3ED,
    0xA40D, 0xA40D, 0xA42D, 0xAC2D, 0xAC2D, 0xAC4D, 0xAC4D, 0xAC4D,
    0xAC4D, 0xAC4D, 0xAC4D, 0xB44D, 0xD571, 0xF695, 0xFE94, 0xEDD0,
    0xF653, 0xF653, 0xFED5, 0xFED6, 0xFE53, 0xFED5, 0xFEB5, 0xFE53,
    0xF5F0, 0xF611, 0xFE11, 0xF5F1, 0xF5F0, 0xF5F1, 0xF5F0, 0xF5D0,
    0xF5AF, 0xED6E, 0xE50C, 0xE52D, 0xE52D, 0xED8D, 0xFE4F, 0xFE6F,
    0xFDED, 0xFE4E, 0xFE4F, 0xFEB1, 0xFDEC, 0xF465, 0xFDEE, 0xFEF3,
    0xFE90, 0xFE90, 0xFE90, 0xF60F, 0xC42A, 0x9AC6, 0x8224, 0x8224,
    0x7A04, 0x71C4, 0x71C3, 0x71C3, 0x6983, 0x6163, 0x5942, 0x6162,
    0x5942, 0x5142, 0x6162, 0x5962, 0x5921, 0x2840, 0xB386, 0xFE70,
    0xFE92, 0xFE91, 0xFE70, 0xFDEC, 0xFCC6, 0xF404, 0xF424, 0xF466,
    0xEBC4, 0xEC05, 0xEBE4, 0xEBE4, 0xE383, 0xEBA4, 0xDB22, 0xC281,
    0xD323, 0xD343, 0xD343, 0xD322, 0xCAE2, 0xBA61, 0xD323, 0xD302,
    0xD302, 0xE383, 0xCAE2, 0xBA61, 0xBA82, 0xC2A1, 0xCAC1, 0xD322,
    0xDB63, 0xEC04, 0xF4A6, 0xF486, 0xFCC6, 0xFD27, 0xFDCB, 0xF56A,
    0xDB84, 0xD344, 0xDB64, 0xBAC3, 0xB282, 0xCB03, 0xE385, 0xE384,
    0xFDAC, 0xFE0F, 0xD344, 0xCB24, 0xDB85, 0xE3C5, 0xE3A5, 0xEC06,
    0xFD6B, 0xD5F6, 0xBE19, 0xC618, 0xC5F8, 0xC618, 0xC618, 0xC618,
    0xC618, 0xC618, 0xC618, 0xC618, 0xC618, 0xC618, 0xC618, 0xC619,
    0xC619, 0xC619, 0xC618, 0xCE38, 0xD636, 0xE655, 0xF653, 0xFE10,
    0xF50B, 0xEC05, 0xEC68, 0xEC47, 0xEBE5, 0xEBE5, 0xF426, 0xFCA8,
    0xFE30, 0xFF37, 0xFF38, 0xF6F8, 0xEEF8, 0xE6D9, 0xDE99, 0xCE39,
    0xCE39, 0xC639, 0xC619, 0xC5F7, 0xC5B6, 0xBD54, 0xBD12, 0xBCD0,
    0xB48E, 0xB44C, 0xBC4C, 0xBCAE, 0xC4F0, 0xC552, 0xCD95, 0xCDF6,
    0xD617, 0xD638, 0xD638, 0xCE38, 0xCE18, 0xCDF7, 0xC5D7, 0xC5B7,
    0xBDB7, 0xBD97, 0xBD97, 0xBD97, 0xBD97, 0xBDB7, 0xBD97, 0xBD97,
    0x832A, 0x8B8B, 0x9BED, 0xAC4F, 0xB4D1, 0xBD33, 0xC575, 0xCDD6,
    0xD5F7, 0xD617, 0xD638, 0xD638, 0xD638, 0xD638, 0xD617, 0xD617,
    0xCDF7, 0xCDD6, 0xC595, 0xBD33, 0xB4D1, 0xA46F, 0x9BED, 0x938C,
    0x8B4A, 0x8309, 0x832A, 0x8B2A, 0x8B4A, 0x8B4A, 0x8B6B, 0x936B,
    0x938B, 0x93AC, 0x93AC, 0x9BCC, 0x9BCC, 0x9BEC, 0x9BEC, 0xA3ED,
    0xA40D, 0xA40D, 0xA42D, 0xAC2D, 0xAC2D, 0xAC4D, 0xAC4D, 0xAC4D,
    0xAC4D, 0xAC4D, 0xAC4D, 0xAC4D, 0xA40C, 0xCD30, 0xF695, 0xFE94,
    0xFE73, 0xF653, 0xF653, 0xF611, 0xFEB5, 0xFE94, 0xFE73, 0xFE74,
    0xF612, 0xF653, 0xFE53, 0xF612, 0xF632, 0xF5F0, 0xF5CF, 0xED8E,
    0xE52C, 0xE50C, 0xE50C, 0xE52C, 0xE52C, 0xF5EE, 0xFE91, 0xFEB1,
    0xFE90, 0xFE90, 0xFE90, 0xFE6F, 0xFE0D, 0xFE70, 0xFEF3, 0xFE90,
    0xFDEB, 0xFDCB, 0xFE0D, 0xCC07, 0x6121, 0x48E1, 0x5101, 0x5942,
    0x6183, 0x5963, 0x6183, 0x69A3, 0x5962, 0x5942, 0x5122, 0x5962,
    0x6982, 0x5941, 0x38A0, 0x2860, 0x38A0, 0xA325, 0xFDED, 0xFE50,
    0xFE92, 0xFEB2, 0xFE91, 0xFDED, 0xFCA6, 0xF404, 0xF404, 0xEBE4,
    0xF446, 0xEC25, 0xE3A4, 0xDB43, 0xD322, 0xD302, 0xCAC2, 0xDB23,
    0xCAE2, 0xD323, 0xE3E5, 0xEBE4, 0xB240, 0xB261, 0xBA61, 0xDB43,
    0xE3A4, 0xE3A3, 0xE3A4, 0xCAC2, 0xBA81, 0xC281, 0xD323, 0xDB43,
    0xDB63, 0xE3C4, 0xEBE4, 0xEBE4, 0xFC86, 0xFD07, 0xFCE7, 0xFDEC,
    0xF56B, 0xDB84, 0xC2E2, 0xCB44, 0xCAC2, 0xC2A2, 0xCAE2, 0xEBC4,
    0xFE4F, 0xFE91, 0xE406, 0xCB03, 0xD344, 0xE3C6, 0xE3C5, 0xE384,
    0xF466, 0xEDF2, 0xBE19, 0xC5F8, 0xC5F8, 0xC618, 0xC618, 0xC618,
    0xC618, 0xC618, 0xC618, 0xC639, 0xC639, 0xCE17, 0xD617, 0xD5D4,
    0xE590, 0xEDAF, 0xF5EF, 0xFE0E, 0xFE0D, 0xFDEC, 0xFD89, 0xFD07,
    0xEBE3, 0xDB02, 0xE342, 0xEBA3, 0xE383, 0xEBA4, 0xEBC4, 0xFC85,
    0xFE2E, 0xFEF3, 0xFEF4, 0xFF15, 0xFEF4, 0xFE4F, 0xFDAB, 0xFDCD,
    0xEDF1, 0xE635, 0xD638, 0xC5F8, 0xBDB6, 0xBD54, 0xBD12, 0xBCD0,
    0xBC8E, 0xBC4C, 0xBC6C, 0xC4AE, 0xC4F0, 0xC552, 0xCD94, 0xCDF6,
    0xD617, 0xD638, 0xD638, 0xCE18, 0xCE18, 0xCDF7, 0xC5D7, 0xC5B7,
    0xBDB7, 0xBD97, 0xBD97, 0xBD97, 0xBDB7, 0xBDB7, 0xBD97, 0xBD97,
    0x8B4A, 0x938B, 0x9BED, 0xAC4F, 0xB4B0, 0xBD12, 0xC573, 0xCDB5,
    0xCDD6, 0xD5F6, 0xD617, 0xD617, 0xD617, 0xD617, 0xD617, 0xCDF7,
    0xCDF6, 0xCDB5, 0xC574, 0xBD13, 0xACB1, 0xA44F, 0x9BED, 0x938B,
    0x8B2A, 0x8309, 0x8309, 0x8B2A, 0x8B4A, 0x8B4A, 0x936B, 0x936B,
    0x938B, 0x93AC, 0x9BAC, 0x9BCC, 0x9BCC, 0x9BEC, 0x9BEC, 0xA40D,
    0xA40D, 0xA40D, 0xA42D, 0xAC2D, 0xAC2D, 0xAC4D, 0xAC4D, 0xAC4D,
    0xAC4D, 0xAC4D, 0xAC4D, 0xAC4D, 0xAC4D, 0xB44D, 0xBCAF, 0xDD92,
    0xF633, 0xFE31, 0xED8E, 0xF5F1, 0xF653, 0xEDD0, 0xF5D0, 0xF5F1,
    0xF5F1, 0xF674, 0xF632, 0xF611, 0xF5AF, 0xED4D, 0xED6E, 0xE50C,
    0xED4E, 0xE52D, 0xE50C, 0xDCEC, 0xE54C, 0xFE4F, 0xFED2, 0xFD6B,
    0xFCE8, 0xFD09, 0xFD2A, 0xF4C7, 0xFD4A, 0xFED3, 0xFE91, 0xFDCB,
    0xFD8A, 0xFDCC, 0xFE0E, 0xFDCC, 0xE4C9, 0x9283, 0x5100, 0x48A0,
    0x40C0, 0x40E1, 0x4901, 0x5122, 0x5122, 0x5101, 0x48E1, 0x40C0,
    0x38A0, 0x3060, 0x2840, 0x38A0, 0xAB65, 0xFE0D, 0xFE71, 0xFE91,
    0xFE92, 0xFEB2, 0xFEB2, 0xFD6A, 0xF424, 0xEC04, 0xEBA3, 0xEBE4,
    0xF466, 0xEC05, 0xEBC4, 0xE363, 0xDB43, 0xDB63, 0xE3A4, 0xE3C4,
    0xE383, 0xDB63, 0xEBE5, 0xE383, 0x99C0, 0xAA21, 0xC2A2, 0xDB43,
    0xF404, 0xE383, 0xF405, 0xDB43, 0xC260, 0xCAC1, 0xCAC2, 0xD302,
    0xE3A4, 0xEC05, 0xE3C4, 0xE3A3, 0xF425, 0xFC86, 0xFCC6, 0xFD8A,
    0xFE90, 0xFE71, 0xF5AE, 0xF58D, 0xECCA, 0xF52B, 0xE468, 0xF509,
    0xFE2E, 0xFE70, 0xE3E6, 0xDB85, 0xDB85, 0xDB64, 0xE385, 0xE3C5,
    0xEBE5, 0xFCEA, 0xD616, 0xC5F8, 0xC618, 0xC618, 0xC618, 0xC618,
    0xC639, 0xC639, 0xCE16, 0xDDB3, 0xDC8B, 0xEC27, 0xF4A8, 0xFC66,
    0xFCA5, 0xFD28, 0xFD48, 0xFD68, 0xFD89, 0xFD69, 0xFD07, 0xFCE6,
    0xF445, 0xE383, 0xE383, 0xEBC4, 0xEBE4, 0xEBC4, 0xF404, 0xFD28,
    0xFE6F, 0xFEB1, 0xFEB2, 0xFEB2, 0xFE70, 0xFDEB, 0xFD89, 0xFDAB,
    0xFDCC, 0xFDAC, 0xFE0F, 0xF695, 0xE677, 0xCDB5, 0xB512, 0xB4B0,
    0xB48E, 0xBC6C, 0xBC6C, 0xC4AE, 0xC510, 0xC553, 0xCDB5, 0xCDF6,
    0xD617, 0xD638, 0xD638, 0xCE18, 0xCE18, 0xCDF7, 0xC5D7, 0xC5B7,
    0xBDB7, 0xBD97, 0xBD97, 0xBD97, 0xBD97, 0xBD97, 0xBD97, 0xBD97,
    0x9B69, 0xA3AA, 0xABEC, 0xB44E, 0xBCB0, 0xBCF1, 0xC532, 0xCD73,
    0xCDB4, 0xD5D5, 0xD5D6, 0xD5F6, 0xD5F6, 0xD5F6, 0xD5D6, 0xCDD6,
    0xCDB5, 0xC574, 0xC533, 0xBCF1, 0xAC90, 0xA42E, 0x9BEC, 0x938B,
    0x8B2A, 0x8329, 0x8B29, 0x8B2A, 0x8B4A, 0x8B4A, 0x936A, 0x938B,
    0x938B, 0x93AB, 0x9BAC, 0x9BCC, 0x9BCC, 0x9BEC, 0xA3EC, 0xA3EC,
    0xA40D, 0xA40D, 0xA40D, 0xAC2D, 0xAC2D, 0xAC2D, 0xAC2D, 0xAC4D,
    0xAC4D, 0xAC4D, 0xAC4D, 0xAC4D, 0xAC4D, 0xAC4D, 0xAC4D, 0xB46D,
    0xBC8E, 0xCD2F, 0xE56F, 0xF611, 0xEDAE, 0xED4D, 0xE50C, 0xED8F,
    0xEDF1, 0xF5F1, 0xED8F, 0xED8E, 0xE50C, 0xE52C, 0xE50C, 0xE50C,
    0xE50C, 0xD469, 0xD4AB, 0xD4CB, 0xF509, 0xFE2D, 0xFDED, 0xF425,
    0xEBC4, 0xE363, 0xE3A4, 0xDB42, 0xF5AD, 0xFED2, 0xFE70, 0xFE2F,
    0xFE70, 0xFE71, 0xFE70, 0xFE70, 0xFE2E, 0xFDAB, 0xDC88, 0xA304,
    0x71C1, 0x48E0, 0x40C0, 0x38A0, 0x3060, 0x3040, 0x3860, 0x40C0,
    0x4900, 0x69A1, 0xA304, 0xE4A8, 0xFDAB, 0xFDED, 0xFE50, 0xFE71,
    0xFE92, 0xFE71, 0xFE71, 0xFD28, 0xF445, 0xEBE4, 0xEBE4, 0xEBE4,
    0xEBC4, 0xF445, 0xF405, 0xEBC4, 0xEBE4, 0xE3A4, 0xE384, 0xE383,
    0xE3A4, 0xE3C4, 0xDB42, 0xDB63, 0xBAA1, 0xBA61, 0xE363, 0xDB43,
    0xEBE5, 0xEBC4, 0xE3A4, 0xDB63, 0xD322, 0xEBA4, 0xEBC4, 0xE383,
    0xDB63, 0xE3A4, 0xE383, 0xE3A3, 0xEBE4, 0xF405, 0xF465, 0xFD48,
    0xFE4F, 0xFEF4, 0xFF15, 0xFEF4, 0xFF15, 0xFEF4, 0xFEF3, 0xFED3,
    0xFE71, 0xFE91, 0xECEA, 0xDB44, 0xE3C5, 0xDB85, 0xDB44, 0xEBE5,
    0xFCA8, 0xFC86, 0xF5AF, 0xC639, 0xCE38, 0xCE18, 0xD638, 0xDE15,
    0xE591, 0xE4AB, 0xDBA5, 0xE362, 0xE362, 0xF404, 0xF465, 0xF485,
    0xFCC6, 0xFCC6, 0xFCC5, 0xFD06, 0xFD27, 0xFD27, 0xFD27, 0xFD07,
    0xFCA6, 0xEBC3, 0xDB22, 0xE342, 0xDB42, 0xEBA3, 0xF444, 0xFDCB,
    0xFE4F, 0xFE4F, 0xFE91, 0xFE91, 0xFE70, 0xFE70, 0xFED3, 0xFF16,
    0xFF37, 0xFF37, 0xFF38, 0xFF58, 0xFF36, 0xFED5, 0xEE32, 0xD571,
    0xBCAE, 0xB42B, 0xBC6C, 0xC4CF, 0xC511, 0xCD53, 0xCDB5, 0xCDF6,
    0xCE17, 0xD638, 0xD638, 0xCE18, 0xCDF8, 0xCDF8, 0xC5D7, 0xC5D7,
    0xBDB7, 0xBD97, 0xBD97, 0xBD97, 0xBD97, 0xBDB7, 0xBDB7, 0xBDB7,
    0xA389, 0xABAA, 0xABEB, 0xB42D, 0xBC8E, 0xC4D0, 0xC511, 0xCD52,
    0xCD73, 0xCD93, 0xD594, 0xD5B4, 0xD5B4, 0xCDB5, 0xCDB4, 0xCD94,
    0xCD74, 0xC553, 0xBD11, 0xBCB0, 0xB46F, 0xAC2D, 0xA3CC, 0x9B8A,
    0x9349, 0x9349, 0x9349, 0x934A, 0x936A, 0x936A, 0x938A, 0x9B8B,
    0x9BAB, 0x9BAB, 0x9BAB, 0x9BCC, 0x9BCC, 0xA3CC, 0xA3EC, 0xA3EC,
    0xA40C, 0xA40C, 0xA40C, 0xAC2D, 0xAC2D, 0xAC2D, 0xAC2D, 0xAC2D,
    0xAC4D, 0xAC4D, 0xAC4D, 0xAC4D, 0xAC4D, 0xAC4D, 0xB44D, 0xB44D,
    0xAC4D, 0xAC2D, 0xAC4D, 0xC4EF, 0xDD70, 0xE5B0, 0xEDAF, 0xF5CF,
    0xED8D, 0xED6D, 0xE50B, 0xE4EB, 0xE4EB, 0xDCAA, 0xD489, 0xDCAA,
    0xD449, 0xCC08, 0xC408, 0xD427, 0xF445, 0xFE0D, 0xFC86, 0xF445,
    0xDB63, 0xCAE3, 0xCAE2, 0xECEA, 0xFEF3, 0xFE91, 0xFE70, 0xFE91,
    0xFE70, 0xFE70, 0xFE6F, 0xFE4F, 0xFE2E, 0xFE0E, 0xFDED, 0xFDAB,
    0xECE9, 0xCC26, 0xC3C6, 0xAB44, 0x9AE3, 0xA2E4, 0xAB44, 0xC3E6,
    0xD467, 0xECE8, 0xFD8A, 0xFDAB, 0xFDCC, 0xFDED, 0xFE50, 0xFE92,
    0xFE92, 0xFEB3, 0xFE91, 0xFD6A, 0xEC25, 0xEBE4, 0xF445, 0xEBC4,
    0xEBA3, 0xEBE4, 0xE3A3, 0xEBC4, 0xEBC4, 0xE3C4, 0xE383, 0xE3C4,
    0xE384, 0xE3E5, 0xE3A4, 0xC2C2, 0xBA81, 0xCAC2, 0xD323, 0xEBC4,
    0xE383, 0xE3A4, 0xDB63, 0xD323, 0xDB63, 0xE3A3, 0xEC05, 0xEC25,
    0xEC05, 0xF445, 0xE3A4, 0xEBC4, 0xEBE4, 0xEC25, 0xF465, 0xFDAB,
    0xFEB2, 0xFED3, 0xFED4, 0xFEF4, 0xFED4, 0xFED4, 0xFEF5, 0xFEF5,
    0xFEF4, 0xFED3, 0xFED4, 0xED4D, 0xDBC6, 0xE3A5, 0xDB85, 0xEC05,
    0xFD09, 0xFCC8, 0xFCE9, 0xE570, 0xD409, 0xE448, 0xE448, 0xDBA4,
    0xD321, 0xD301, 0xD322, 0xDB83, 0xF424, 0xF465, 0xF445, 0xEC03,
    0xF404, 0xF403, 0xF424, 0xF423, 0xFCA4, 0xFCE6, 0xFD06, 0xFCC6,
    0xFCE6, 0xF464, 0xF424, 0xF424, 0xEBC3, 0xF3E3, 0xFD27, 0xFDEC,
    0xFDEC, 0xFE50, 0xFED4, 0xFF17, 0xFF37, 0xFF38, 0xFF58, 0xFF58,
    0xFF58, 0xFF7A, 0xFF79, 0xFF59, 0xFF59, 0xFF37, 0xFF36, 0xFF36,
    0xF694, 0xDDB1, 0xCD30, 0xBCAE, 0xC511, 0xCD53, 0xCDB5, 0xCDF6,
    0xD617, 0xD638, 0xD638, 0xCE18, 0xCDF8, 0xCDF8, 0xC5F8, 0xC5D7,
    0xBDB7, 0xBD97, 0xBD97, 0xBDB7, 0xBDB7, 0xBD97, 0xBD97, 0xBD97,
    0xB3A9, 0xB3C9, 0xB3EA, 0xBC2B, 0xBC6D, 0xC48E, 0xC4CF, 0xCD10,
    0xCD31, 0xCD51, 0xCD52, 0xCD52, 0xCD72, 0xCD72, 0xCD72, 0xCD52,
    0xCD32, 0xC511, 0xBCD0, 0xBCAF, 0xB44E, 0xB40C, 0xABEB, 0xA3AA,
    0x9B69, 0x9B69, 0x9B69, 0x9B69, 0x9B89, 0xA38A, 0xA3AA, 0xA3AA,
    0xA3AB, 0xA3CB, 0xA3CB, 0xA3CB, 0xA3EB, 0xA3EC, 0xA3EC, 0xABEC,
    0xABEC, 0xAC0C, 0xAC0C, 0xAC2C, 0xAC2C, 0xAC2C, 0xAC2C, 0xAC2C,
    0xAC2C, 0xAC2C, 0xAC2C, 0xAC2C, 0xAC2C, 0xAC2D, 0xAC4D, 0xAC4D,
    0xAC4D, 0xB44D, 0xAC4D, 0xAC4D, 0xAC4D, 0xAC6E, 0xB46D, 0xC4CD,
    0xD50D, 0xDD0D, 0xE50C, 0xE50B, 0xE4EA, 0xE4C9, 0xE4C9, 0xDC68,
    0xCBE6, 0xC3A5, 0xBB86, 0xE3E5, 0xFD8C, 0xFDAA, 0xFC65, 0xF445,
    0xDB23, 0xCAA1, 0xDBC5, 0xFE91, 0xFEB2, 0xFE70, 0xFE70, 0xFE4F,
    0xFE4F, 0xFE2E, 0xFE0D, 0xFDED, 0xFE0D, 0xFDED, 0xFDCC, 0xFDAC,
    0xFD8B, 0xF56B, 0xFD8B, 0xF549, 0xF529, 0xF529, 0xF549, 0xFD6A,
    0xF54A, 0xF56A, 0xFD8B, 0xFDCC, 0xFDEC, 0xFDED, 0xFE71, 0xFEB3,
    0xFED3, 0xFEB2, 0xFE2F, 0xFCE8, 0xEBE4, 0xE384, 0xEC05, 0xE3A3,
    0xEBA3, 0xE362, 0xEBC3, 0xF445, 0xFC86, 0xEC04, 0xD323, 0xD302,
    0xE383, 0xDB63, 0xDB43, 0xC2C2, 0xCAE2, 0xEBC4, 0xD323, 0xD302,
    0xD323, 0xE363, 0xE383, 0xDB63, 0xDB63, 0xEBC4, 0xE383, 0xE3A4,
    0xEBC4, 0xEBE5, 0xF446, 0xEBC4, 0xEBC4, 0xEBA2, 0xF4A6, 0xFE50,
    0xFED4, 0xFEF4, 0xFEF4, 0xFEF5, 0xFED4, 0xFED4, 0xFED4, 0xFED4,
    0xFEF4, 0xFED4, 0xFEF5, 0xFF35, 0xF56C, 0xDB64, 0xEBE5, 0xF487,
    0xFD49, 0xF466, 0xEC26, 0xF4C9, 0xC2A0, 0xD301, 0xDB63, 0xD342,
    0xDB83, 0xEC04, 0xEC04, 0xF404, 0xF403, 0xEBE3, 0xEBA2, 0xE361,
    0xDB21, 0xDB41, 0xEBA2, 0xEBA1, 0xFC43, 0xFCA5, 0xFCE6, 0xFD27,
    0xFD27, 0xFD27, 0xFD27, 0xFCA5, 0xF444, 0xFCC6, 0xFE0D, 0xFE71,
    0xFE72, 0xFEB3, 0xFED5, 0xFED6, 0xFEF6, 0xFF17, 0xFF17, 0xFF38,
    0xFF17, 0xFED6, 0xFF17, 0xFF38, 0xFF38, 0xFF79, 0xFF9B, 0xFF9B,
    0xFFBB, 0xFFDC, 0xF739, 0xE635, 0xCD72, 0xCD73, 0xCDD6, 0xD5F7,
    0xD617, 0xD638, 0xD638, 0xCE18, 0xCE18, 0xCDF8, 0xC5F8, 0xC5D7,
    0xBDB7, 0xBDB7, 0xBDB7, 0xBDB7, 0xBD97, 0xBD97, 0xBD97, 0xBD97,
    0xBBC9, 0xBBC9, 0xBBE9, 0xBC0A, 0xC44B, 0xC46C, 0xCCAD, 0xCCCE,
    0xCCEF, 0xCCEF, 0xCCEF, 0xCD0F, 0xCD10, 0xCD10, 0xCD10, 0xCD10,
    0xCCF0, 0xC4CF, 0xC4AE, 0xBC8D, 0xB44D, 0xB40B, 0xB3EA, 0xABA9,
    0xAB89, 0xAB89, 0xAB89, 0xABA9, 0xABA9, 0xABA9, 0xABAA, 0xABCA,
    0xABCA, 0xABCA, 0xABEB, 0xABEB, 0xABEB, 0xABEB, 0xABEB, 0xABEB,
    0xAC0B, 0xAC0B, 0xAC0B, 0xAC0C, 0xAC0C, 0xAC0C, 0xAC0C, 0xAC0C,
    0xAC0C, 0xAC0C, 0xAC0C, 0xAC0C, 0xAC2C, 0xAC2C, 0xAC2C, 0xAC2C,
    0xAC4C, 0xAC4D, 0xB44D, 0xB46D, 0xAC4D, 0xA42C, 0x9BCB, 0x93CB,
    0x9BAB, 0x938A, 0xA3CA, 0xBC6C, 0xC48C, 0xCCAC, 0xCC8B, 0xD48A,
    0xD469, 0xCC4A, 0xD427, 0xF4A8, 0xFE50, 0xFD8A, 0xFCE7, 0xEBC4,
    0xDB22, 0xDB42, 0xFDCD, 0xFED2, 0xFE70, 0xFE4F, 0xFE4F, 0xFE2E,
    0xFE0D, 0xFDCC, 0xFD8A, 0xFD6A, 0xF56A, 0xF54A, 0xF549, 0xF549,
    0xF549, 0xF54A, 0xF529, 0xF529, 0xF529, 0xF54A, 0xF549, 0xF528,
    0xF529, 0xFD49, 0xFD6A, 0xFDCC, 0xFDEC, 0xFDED, 0xFE71, 0xFE92,
    0xFE92, 0xFE71, 0xFDED, 0xFD08, 0xE3A4, 0xDB43, 0xEBE4, 0xD2C1,
    0xE342, 0xEBE4, 0xF445, 0xF445, 0xEBA3, 0xDB42, 0xDB22, 0xDB63,
    0xF425, 0xE3A3, 0xDB83, 0xEBC4, 0xE363, 0xEBA4, 0xDB43, 0xDB63,
    0xDB43, 0xE363, 0xE384, 0xE3A4, 0xEBC4, 0xF425, 0xEBE5, 0xDB43,
    0xD322, 0xDB43, 0xDB63, 0xE3A3, 0xEBC4, 0xEBC2, 0xFD4A, 0xFE92,
    0xFEB3, 0xFED3, 0xFEF4, 0xFEF4, 0xFEF4, 0xFEF4, 0xFED4, 0xFEB2,
    0xFED3, 0xFED4, 0xFEF4, 0xFEF4, 0xFEF4, 0xF50B, 0xE384, 0xFD09,
    0xFD4A, 0xEC26, 0xE3C4, 0xF4E9, 0xDBA4, 0xDB63, 0xEC25, 0xF445,
    0xF486, 0xF465, 0xF425, 0xEBE3, 0xEBC2, 0xE382, 0xDB21, 0xDB21,
    0xDB21, 0xE382, 0xEBE3, 0xF424, 0xFC64, 0xFCA5, 0xFCC6, 0xFD27,
    0xFD27, 0xFD48, 0xFD8B, 0xFD8C, 0xFDCE, 0xFE30, 0xFE72, 0xFE53,
    0xFE32, 0xFE32, 0xFE52, 0xFE53, 0xFE73, 0xFE74, 0xFEB5, 0xFEB6,
    0xFE95, 0xFE94, 0xFED6, 0xFF17, 0xFF38, 0xFF59, 0xFF59, 0xFF7A,
    0xFF7A, 0xFF7A, 0xFFDC, 0xFFDD, 0xFF5B, 0xEED9, 0xDE37, 0xCDF6,
    0xD617, 0xD638, 0xD638, 0xCE18, 0xCE18, 0xCDF8, 0xC5F8, 0xC5D7,
    0xBDB7, 0xBDB7, 0xBDB7, 0xBD97, 0xBD97, 0xBD97, 0xBD97, 0xBD97,
    0xBBE8, 0xBBE8, 0xBBE8, 0xC409, 0xC42A, 0xC44B, 0xC46B, 0xCC8C,
    0xCC8C, 0xCCAC, 0xCCAD, 0xCCAD, 0xCCAD, 0xCCAD, 0xCCAD, 0xCCAD,
    0xC4AD, 0xC48D, 0xC46D, 0xBC4C, 0xBC2B, 0xBC0A, 0xB3E9, 0xB3C9,
    0xB3A8, 0xB3A9, 0xB3C9, 0xB3C9, 0xB3C9, 0xB3C9, 0xB3C9, 0xB3C9,
    0xB3E9, 0xB3EA, 0xB3EA, 0xB3EA, 0xB3EA, 0xB40A, 0xB40B, 0xB40B,
    0xB40B, 0xB40B, 0xB40B, 0xB40B, 0xB40B, 0xB40B, 0xB40B, 0xB40B,
    0xB40B, 0xB40B, 0xB40B, 0xAC0B, 0xAC0B, 0xAC0B, 0xAC2B, 0xAC2C,
    0xAC2C, 0xB44C, 0xB44D, 0xB44D, 0xAC4D, 0xA42C, 0xA3EC, 0x9BCB,
    0x93AA, 0x9369, 0x9369, 0x9369, 0x9B89, 0xA3A9, 0x9BAA, 0x9BCB,
    0xA42D, 0xACD1, 0xF54C, 0xFE0D, 0xFE70, 0xFDED, 0xFCA7, 0xEBC4,
    0xDB22, 0xF50A, 0xFED2, 0xFE70, 0xFE70, 0xFE4F, 0xFE0E, 0xFDCC,
    0xFDAB, 0xFD49, 0xF529, 0xF508, 0xECA7, 0xE486, 0xE487, 0xECA7,
    0xECC8, 0xECC8, 0xECC8, 0xECC7, 0xECC7, 0xECE8, 0xECC7, 0xECC7,
    0xF4E8, 0xF529, 0xF56A, 0xFD8B, 0xFDCC, 0xFE0E, 0xFE92, 0xFE92,
    0xFE71, 0xFE92, 0xFE50, 0xFD6A, 0xEC04, 0xDB63, 0xCAE2, 0xC261,
    0xDB63, 0xF446, 0xEC04, 0xEBC4, 0xF445, 0xEBC4, 0xEC04, 0xEBE4,
    0xE363, 0xDB63, 0xE3A4, 0xDB63, 0xE3A4, 0xDB63, 0xDB83, 0xE383,
    0xEBC4, 0xE383, 0xE383, 0xE3C4, 0xF425, 0xF425, 0xF466, 0xEBE4,
    0xDB63, 0xE384, 0xDB63, 0xE383, 0xEBC3, 0xF444, 0xFE2F, 0xFEF4,
    0xFED4, 0xFEF4, 0xFEF4, 0xFEF4, 0xFED4, 0xFED3, 0xFED3, 0xFEB3,
    0xFEB2, 0xFEF4, 0xFEF4, 0xFEF4, 0xFEF4, 0xFEB2, 0xEC88, 0xF4C8,
    0xFD49, 0xE406, 0xE3A5, 0xF488, 0xEC67, 0xCAE1, 0xDB83, 0xEBE3,
    0xEC24, 0xEC24, 0xEC04, 0xEBA2, 0xE382, 0xDB41, 0xD2E0, 0xDB20,
    0xE361, 0xE382, 0xEBA2, 0xEBA2, 0xEBA2, 0xEBC2, 0xF423, 0xFC64,
    0xFD07, 0xFE0F, 0xFE93, 0xFEB4, 0xFED5, 0xFED5, 0xFE94, 0xF611,
    0xF633, 0xFE74, 0xFE74, 0xF653, 0xFE94, 0xFE95, 0xFE74, 0xFE95,
    0xFF18, 0xFED6, 0xFE73, 0xFE95, 0xFEF7, 0xFF38, 0xFF38, 0xFF7A,
    0xFF59, 0xFF59, 0xFF7A, 0xFF9B, 0xFFDD, 0xFFDD, 0xFF9C, 0xE6B9,
    0xDE58, 0xD638, 0xD638, 0xCE18, 0xCE18, 0xCDF8, 0xC5F8, 0xC5D7,
    0xBDB7, 0xBD97, 0xBD97, 0xBD97, 0xBD97, 0xBD97, 0xBD97, 0xBD97,
    0xC3E8, 0xC3E7, 0xC3E8, 0xC3E8, 0xC3E8, 0xC409, 0xC409, 0xC429,
    0xC429, 0xC429, 0xC429, 0xC42A, 0xC42A, 0xC42A, 0xC42A, 0xC44A,
    0xC44A, 0xC44B, 0xBC2A, 0xBC0A, 0xBBE9, 0xBBE9, 0xB3C8, 0xB3C8,
    0xB3C8, 0xB3C8, 0xB3C8, 0xB3C8, 0xB3C9, 0xB3C9, 0xB3C9, 0xBBC9,
    0xB3E9, 0xB3E9, 0xB3E9, 0xB3EA, 0xB3EA, 0xB3EA, 0xB40A, 0xB40A,
    0xB40A, 0xB40A, 0xB40A, 0xB40A, 0xB40A, 0xB40A, 0xB40A, 0xB40A,
    0xB40A, 0xB40A, 0xB40A, 0xB40A, 0xB40A, 0xAC0B, 0xAC0B, 0xAC0B,
    0xAC2B, 0xB42C, 0xB44C, 0xAC4C, 0xAC2C, 0xA40C, 0xA3EB, 0x9BCB,
    0x938A, 0x9389, 0x9389, 0x9B89, 0xA3A9, 0xA3C9, 0xA3CA, 0x9BCA,
    0x9C0E, 0xCD31, 0xFDCC, 0xFDCC, 0xFE90, 0xFDED, 0xFCA7, 0xE3A4,
    0xDB63, 0xFE51, 0xFEB2, 0xFE70, 0xFE4F, 0xFE0D, 0xFDCB, 0xFD8A,
    0xF529, 0xF508, 0xEC87, 0xDBE4, 0xCB83, 0xC343, 0xC363, 0xC363,
    0xC363, 0xC364, 0xCBC4, 0xD3E5, 0xDC26, 0xDC46, 0xDC25, 0xDC46,
    0xE486, 0xECC8, 0xF529, 0xFD6A, 0xFDAB, 0xFE2F, 0xFE71, 0xFE71,
    0xFE92, 0xFE71, 0xFE70, 0xFD6A, 0xEC04, 0xCAE2, 0xB281, 0xCB02,
    0xDB43, 0xE383, 0xF446, 0xF465, 0xFC85, 0xFCC6, 0xF465, 0xE383,
    0xCAE2, 0xD322, 0xE383, 0xDB63, 0xEBC4, 0xDB42, 0xCAE2, 0xCAC1,
    0xE3C4, 0xF405, 0xE3A4, 0xDB42, 0xF425, 0xF466, 0xF445, 0xF425,
    0xEBE5, 0xEBE5, 0xE3C4, 0xDB42, 0xEC04, 0xFDCC, 0xFEB2, 0xFED3,
    0xFED4, 0xFEF4, 0xFEB3, 0xFEB2, 0xFEB2, 0xFEB2, 0xFEB3, 0xFEB3,
    0xFED3, 0xFED4, 0xFED3, 0xFEB3, 0xFE92, 0xFED4, 0xFE71, 0xF4A8,
    0xF467, 0xE3E5, 0xE3C5, 0xEC06, 0xF4A8, 0xCB22, 0xDB83, 0xEC04,
    0xEBE3, 0xEBE3, 0xEBE3, 0xDB61, 0xDB21, 0xD2E0, 0xCAC0, 0xD2C0,
    0xD2E0, 0xDB21, 0xDB21, 0xDB00, 0xDB21, 0xE361, 0xF3E2, 0xFD08,
    0xFDCD, 0xFE30, 0xFE73, 0xFE73, 0xFE94, 0xFED6, 0xFED6, 0xFEB5,
    0xFEF7, 0xFEF7, 0xFEB5, 0xFE95, 0xFEB5, 0xFED6, 0xFEB5, 0xF654,
    0xF612, 0xF653, 0xFE94, 0xFE73, 0xF5F0, 0xFE52, 0xFEB5, 0xFEB5,
    0xFEF6, 0xFF17, 0xFF38, 0xFF59, 0xFF7A, 0xFF9B, 0xFFDD, 0xFFFE,
    0xF75B, 0xDE79, 0xD638, 0xCE18, 0xCE18, 0xCDF8, 0xC5F8, 0xC5D7,
    0xBDB7, 0xBD97, 0xBD97, 0xBD97, 0xBD97, 0xBD97, 0xB597, 0xB597,
    0xBBA7, 0xBBA7, 0xBBA7, 0xBBC7, 0xBBC7, 0xBBC7, 0xBBC7, 0xBBC7,
    0xBBA7, 0xBBA7, 0xBBA7, 0xBBA7, 0xBBA7, 0xB3A7, 0xB3A7, 0xBBA7,
    0xBBC7, 0xBBC8, 0xBBC8, 0xBBC8, 0xBBC8, 0xBBC7, 0xBBC7, 0xBBC8,
    0xBBC8, 0xBBC8, 0xBBC8, 0xBBC8, 0xBBC8, 0xBBC8, 0xB3C8, 0xB3C8,
    0xB3E9, 0xBBE9, 0xBBE9, 0xBBE9, 0xBBE9, 0xB3E9, 0xBBE9, 0xBBE9,
    0xB3E9, 0xBBE9, 0xB3E9, 0xB3E9, 0xB3E9, 0xB3EA, 0xB40A, 0xB40A,
    0xB3EA, 0xB3EA, 0xB3EA, 0xB3EA, 0xB3EA, 0xABEA, 0xABEA, 0xAC0A,
    0xAC0B, 0xAC2B, 0xAC2B, 0xAC2C, 0xAC0C, 0xA3EB, 0xA3EB, 0x9BCB,
    0x93AA, 0x9389, 0x9389, 0x9B89, 0xA3A9, 0xA3CA, 0xA3EA, 0xA3CA,
    0xAC6F, 0xED0D, 0xF424, 0xF56B, 0xFEB1, 0xFDCC, 0xFCA7, 0xDB02,
    0xED2B, 0xFEF3, 0xFE91, 0xFE4F, 0xFE0D, 0xFDAB, 0xFD8A, 0xF508,
    0xE465, 0xD3C4, 0xD3E4, 0xDC26, 0xE4A8, 0xED09, 0xED0A, 0xECE9,
    0xE487, 0xD426, 0xC3A4, 0xBB03, 0xBB22, 0xC363, 0xD3C4, 0xDC05,
    0xE446, 0xECA7, 0xF508, 0xF54A, 0xFDAC, 0xFE2F, 0xFE71, 0xFE92,
    0xFE92, 0xFE91, 0xF52A, 0xE3A3, 0xCAE2, 0xBA81, 0xCB22, 0xE3C4,
    0xEC05, 0xF446, 0xFCC7, 0xFCE7, 0xFCC6, 0xFCE7, 0xF466, 0xEBE4,
    0xE383, 0xE3A3, 0xEC25, 0xE3C4, 0xDB43, 0xE383, 0xDB83, 0xE3A4,
    0xE3C4, 0xF425, 0xDB83, 0xC2C1, 0xEBE4, 0xF445, 0xF466, 0xF425,
    0xE3C5, 0xE384, 0xEBC4, 0xDB63, 0xEC46, 0xFE91, 0xFEB3, 0xFEB2,
    0xFE92, 0xFE91, 0xFEB2, 0xFE0E, 0xFE4F, 0xFE50, 0xFE70, 0xFE50,
    0xFE92, 0xFEB2, 0xFEB3, 0xFEB3, 0xFEB3, 0xFE92, 0xFED3, 0xED0B,
    0xDB43, 0xE3A5, 0xE3E5, 0xEC06, 0xFD09, 0xDBC5, 0xDB62, 0xE3C3,
    0xEBE3, 0xEBC3, 0xEBC3, 0xDB21, 0xD301, 0xCAC0, 0xC280, 0xC260,
    0xCAA0, 0xD301, 0xDB01, 0xDB01, 0xDB01, 0xEBA2, 0xF4C7, 0xFDAC,
    0xFE30, 0xFE52, 0xFE73, 0xFEB5, 0xFEB6, 0xFEB5, 0xFE95, 0xEDD0,
    0xF633, 0xF653, 0xF632, 0xF632, 0xF633, 0xF653, 0xF612, 0xF633,
    0xEDB0, 0xF5F1, 0xF632, 0xFE74, 0xF653, 0xF632, 0xFE52, 0xFE95,
    0xFED6, 0xFEB5, 0xFF18, 0xFF59, 0xFF7B, 0xFF9B, 0xFF9B, 0xFFBC,
    0xFFDE, 0xFFDD, 0xEF1B, 0xD638, 0xCE18, 0xCDF8, 0xC5D8, 0xC5D7,
    0xBDB7, 0xBD97, 0xBD97, 0xBD97, 0xBD97, 0xBD97, 0xB597, 0xB597,
    0xB366, 0xB386, 0xB386, 0xB387, 0xB387, 0xB386, 0xB386, 0xB386,
    0xB366, 0xB366, 0xB366, 0xB366, 0xB366, 0xB366, 0xB366, 0xB366,
    0xB366, 0xB386, 0xB387, 0xB387, 0xB3A7, 0xB3A7, 0xB3A7, 0xB3A7,
    0xB3A7, 0xB3A7, 0xB3A8, 0xB3A8, 0xB3A7, 0xBBA7, 0xB3A8, 0xB3A8,
    0xB3C8, 0xBBC8, 0xB3C8, 0xB3C8, 0xB3C8, 0xB3C8, 0xB3C8, 0xB3C8,
    0xB3C8, 0xB3C8, 0xB3C8, 0xB3C8, 0xB3C9, 0xB3C9, 0xB3C9, 0xB3E9,
    0xB3E9, 0xB3E9, 0xB3C9, 0xB3C9, 0xB3C9, 0xABC9, 0xABE9, 0xABE9,
    0xABEA, 0xAC0A, 0xAC0B, 0xAC0B, 0xAC0B, 0xA3EB, 0x9BCB, 0x9BAA,
    0x9BAA, 0x9389, 0x9B89, 0x9BA9, 0xA3C9, 0xABCA, 0xA3EA, 0xA3EB,
    0xA42D, 0xE406, 0xEBE4, 0xFE0E, 0xFEB1, 0xFDAB, 0xF404, 0xEC47,
    0xFEB2, 0xFE91, 0xFE4F, 0xFE2E, 0xFE0D, 0xF56A, 0xC3E6, 0xE465,
    0xD404, 0xF54A, 0xFE2F, 0xFE4F, 0xF5AD, 0xEDAD, 0xFE0E, 0xFE2E,
    0xFE4D, 0xFE4E, 0xFDED, 0xF54A, 0xE4A7, 0xCBC4, 0xCB83, 0xDC05,
    0xE466, 0xECC7, 0xF508, 0xF549, 0xFDAC, 0xFE30, 0xFE50, 0xFE71,
    0xFE72, 0xFEB3, 0xFD6B, 0xDB62, 0xCB22, 0xE3E4, 0xEBE4, 0xE3A4,
    0xF425, 0xF445, 0xFCA7, 0xFD28, 0xFCC7, 0xFCA6, 0xF486, 0xF445,
    0xEC05, 0xEC05, 0xDB63, 0xD342, 0xE3A3, 0xE3C4, 0xEC05, 0xF445,
    0xF445, 0xEBE4, 0xDB63, 0xCAE2, 0xD343, 0xEC05, 0xEBE4, 0xE3A4,
    0xDB43, 0xD323, 0xDB83, 0xE3A3, 0xF4E8, 0xFE91, 0xFE92, 0xFE92,
    0xFEB3, 0xFE91, 0xE4EB, 0xA2E6, 0xCC08, 0xFDED, 0xFE0E, 0xFE2F,
    0xFE70, 0xFE91, 0xFE92, 0xFEB2, 0xFEB3, 0xFEB3, 0xFED3, 0xFE30,
    0xE3C5, 0xE3C5, 0xEC47, 0xEC05, 0xFD09, 0xE488, 0xCAE1, 0xE3C3,
    0xEC04, 0xE3A2, 0xE382, 0xD321, 0xCAC0, 0xCAC0, 0xC280, 0xC280,
    0xCAA0, 0xD2E1, 0xD2E1, 0xD301, 0xE3A2, 0xF4A7, 0xF5AD, 0xF5CF,
    0xF5F0, 0xFE94, 0xFEB5, 0xF653, 0xFE74, 0xFE94, 0xFE94, 0xF674,
    0xEDD1, 0xEDB0, 0xED8F, 0xEDB0, 0xED6F, 0xED6E, 0xED6E, 0xEDB0,
    0xEDD1, 0xF5F1, 0xEDD0, 0xF5F1, 0xEDD0, 0xF612, 0xF611, 0xF632,
    0xF632, 0xFE95, 0xFEF7, 0xFEF6, 0xFEB5, 0xFF17, 0xFF59, 0xFF7B,
    0xFF9C, 0xFFBD, 0xFFFE, 0xF77C, 0xD658, 0xC5D7, 0xC5D8, 0xC5D7,
    0xBDB7, 0xBD97, 0xBD97, 0xBD97, 0xBD97, 0xB597, 0xB597, 0xBD97,
    0xAB25, 0xAB25, 0xAB46, 0xAB46, 0xAB46, 0xAB26, 0xAB25, 0xAB25,
    0xAB25, 0xAB25, 0xAB25, 0xAB25, 0xAB25, 0xAB26, 0xAB46, 0xAB46,
    0xAB46, 0xAB46, 0xAB46, 0xAB46, 0xAB66, 0xAB66, 0xAB66, 0xAB66,
    0xAB67, 0xAB67, 0xAB67, 0xB367, 0xB387, 0xB387, 0xAB87, 0xB387,
    0xB387, 0xB387, 0xB387, 0xB387, 0xB387, 0xB387, 0xB387, 0xB387,
    0xB387, 0xB387, 0xB387, 0xB387, 0xB387, 0xB3A8, 0xB3A8, 0xB3A8,
    0xB3A8, 0xB3A8, 0xB3A8, 0xABA8, 0xABA8, 0xABA8, 0xABC9, 0xABC9,
    0xABE9, 0xABEA, 0xABEA, 0xABEA, 0xA3EA, 0xA3CA, 0x9BCA, 0x9BAA,
    0x9389, 0x9389, 0x9B89, 0x9BA9, 0xA3CA, 0xABEA, 0xABEA, 0x9BEB,
    0xC46C, 0xEBE5, 0xE3E5, 0xFE2E, 0xFE90, 0xF486, 0xE322, 0xFE0F,
    0xFED2, 0xFE70, 0xFE0D, 0xFDEC, 0xFD8A, 0xFD48, 0x8A83, 0xB365,
    0xFDAB, 0xABE9, 0x6A45, 0x5183, 0x3902, 0x38C1, 0x4142, 0x59A3,
    0x82C5, 0xC449, 0xFDCC, 0xFE2D, 0xFDCB, 0xFD69, 0xECA7, 0xDC46,
    0xEC87, 0xECA7, 0xECE8, 0xF54A, 0xFDAC, 0xFE30, 0xFE71, 0xFE93,
    0xFED5, 0xFED3, 0xFDEC, 0xE3A3, 0xD342, 0xDB63, 0xD322, 0xDB83,
    0xE3A3, 0xEBC3, 0xF465, 0xFD08, 0xFD28, 0xFD07, 0xFD08, 0xF4A6,
    0xEC05, 0xDB42, 0xD343, 0xE3C4, 0xD343, 0xDB63, 0xFCA6, 0xF465,
    0xFCA6, 0xEBE4, 0xDB43, 0xD343, 0xC2C2, 0xD343, 0xD323, 0xCB03,
    0xDB43, 0xD343, 0xE3E4, 0xF466, 0xFDCD, 0xFEB2, 0xFEB3, 0xFEB3,
    0xFE91, 0xF5AE, 0x8224, 0x5122, 0x71A3, 0xCC29, 0xFE4F, 0xFE71,
    0xFE70, 0xFE71, 0xFE91, 0xFE70, 0xFE92, 0xFEB3, 0xFED3, 0xFED3,
    0xFDEF, 0xF4C9, 0xF4C8, 0xF467, 0xFD09, 0xF58B, 0xDB83, 0xDBA3,
    0xE3C3, 0xE3A3, 0xD341, 0xCAC0, 0xC260, 0xC2A0, 0xCAC0, 0xCAC1,
    0xD301, 0xDB21, 0xDB41, 0xE382, 0xF4C8, 0xFDAE, 0xF5F0, 0xF5F0,
    0xF5F1, 0xEDB0, 0xF632, 0xFE53, 0xF611, 0xF612, 0xEDF1, 0xEDF1,
    0xE52E, 0xE50D, 0xE54E, 0xE50D, 0xDCEC, 0xDCEC, 0xE50D, 0xE52D,
    0xED8F, 0xEDAF, 0xED6E, 0xED8F, 0xED4E, 0xED8F, 0xEDAF, 0xF5F0,
    0xF5D0, 0xF632, 0xFE73, 0xFF38, 0xFED6, 0xFED6, 0xFEF7, 0xFF18,
    0xFF59, 0xFF7A, 0xFF9B, 0xFFFE, 0xEF3B, 0xD638, 0xC5D8, 0xC5D7,
    0xBDB7, 0xBD97, 0xBD97, 0xBD97, 0xBD97, 0xBD97, 0xBD97, 0xBD97,
    0x9AC4, 0x9AC4, 0x9AE4, 0x9AE4, 0x9AE4, 0x9AC4, 0x9AE4, 0x9AE4,
    0xA2E4, 0xA2E4, 0x9AE4, 0x9AE4, 0x9AE4, 0x9AE5, 0xA2E5, 0xA2E5,
    0xA305, 0xA305, 0xA305, 0xA305, 0xA305, 0xA305, 0xA305, 0xA325,
    0xA305, 0xA326, 0xA326, 0xA326, 0xA326, 0xA326, 0xA326, 0xA326,
    0xAB26, 0xA326, 0xA326, 0xA326, 0xA325, 0xAB25, 0xAB46, 0xAB46,
    0xAB46, 0xAB46, 0xAB46, 0xAB46, 0xAB46, 0xAB46, 0xAB66, 0xAB67,
    0xAB67, 0xAB67, 0xAB67, 0xAB67, 0xA367, 0xAB88, 0xABA8, 0xABC9,
    0xABC9, 0xABC9, 0xABEA, 0xABCA, 0xA3CA, 0xA3CA, 0x9BAA, 0x9BAA,
    0x9389, 0x9389, 0x9B89, 0x9BA9, 0xA3CA, 0xABEA, 0xA3EA, 0xA3EB,
    0xE489, 0xE3A4, 0xEC05, 0xFE0E, 0xFE4E, 0xEBC3, 0xE447, 0xFED3,
    0xFE70, 0xFDED, 0xFDCB, 0xFDCC, 0xF54A, 0xFDCC, 0xF5AE, 0x4142,
    0x28E2, 0x0800, 0x0000, 0x0000, 0x0820, 0x1020, 0x0800, 0x0000,
    0x0800, 0x1860, 0x4962, 0xA387, 0xFDAB, 0xFDCC, 0xFD6A, 0xECC7,
    0xEC86, 0xECC8, 0xECE8, 0xF54A, 0xFDCD, 0xFE50, 0xFE93, 0xFED4,
    0xFE93, 0xFE70, 0xFD49, 0xE3A3, 0xCAE1, 0xC281, 0xC2C1, 0xDB63,
    0xDB83, 0xF465, 0xFD28, 0xFD29, 0xFD08, 0xFD07, 0xFCC6, 0xFCC7,
    0xEBE4, 0xE3A3, 0xE3C4, 0xE3A4, 0xE383, 0xEC05, 0xEC04, 0xF486,
    0xF445, 0xDB22, 0xD322, 0xDB43, 0xD322, 0xC2E2, 0xCAE2, 0xCAE2,
    0xD323, 0xCAE2, 0xDB63, 0xFD6A, 0xFE71, 0xFE92, 0xFE93, 0xFE72,
    0xFE70, 0xC429, 0x3880, 0x5101, 0x6162, 0x8A04, 0xF58D, 0xFEB2,
    0xFE91, 0xFE4F, 0xFE4F, 0xFE71, 0xFEB2, 0xFEB3, 0xFED3, 0xFED3,
    0xFEF3, 0xF4E9, 0xFCA7, 0xFD09, 0xFD08, 0xFE0E, 0xDBC4, 0xD321,
    0xDB62, 0xDB82, 0xCAE1, 0xC2A0, 0xBA60, 0xB240, 0xBA80, 0xC2A0,
    0xDB42, 0xE3C3, 0xEC45, 0xF509, 0xF5CF, 0xFE73, 0xFE74, 0xF632,
    0xF632, 0xF612, 0xE52D, 0xE56F, 0xE590, 0xDD0E, 0xD4AC, 0xD42B,
    0xCBC9, 0xBB47, 0xCBA9, 0xCBC9, 0xCBA8, 0xCBE9, 0xD42A, 0xDCAB,
    0xDCEC, 0xDCEC, 0xE50C, 0xE50C, 0xE52D, 0xE54D, 0xE54E, 0xE54D,
    0xED8E, 0xEDB0, 0xF5F0, 0xF652, 0xFED6, 0xFEB5, 0xFED7, 0xFF18,
    0xFF38, 0xFF39, 0xFF59, 0xFF9C, 0xFFBD, 0xDE79, 0xC5D8, 0xC5D7,
    0xBDB7, 0xBDB7, 0xBDB7, 0xBDB7, 0xBD97, 0xBD97, 0xBD97, 0xBDB7,
    0x9283, 0x9283, 0x9283, 0x9283, 0x9283, 0x9283, 0x9283, 0x9283,
    0x92A3, 0x92A3, 0x9283, 0x9283, 0x9283, 0x9283, 0x92A4, 0x92A4,
    0x92A3, 0x92A4, 0x92A4, 0x92A4, 0x92C4, 0x92C4, 0x92C4, 0x92C4,
    0x92C4, 0x9AC4, 0x9AC4, 0x9AC4, 0x9AC4, 0x9AC5, 0x9AC5, 0x9AE5,
    0x9AE5, 0x9AE5, 0x9AC4, 0x9AE4, 0x9AE4, 0x9AE4, 0x9AE5, 0x9AE5,
    0x9AE5, 0x9AE5, 0x9B05, 0x9B05, 0xA305, 0xA305, 0xA305, 0xA305,
    0xA326, 0xA326, 0xA326, 0xA326, 0xA346, 0xA367, 0xAB88, 0xABA8,
    0xABC9, 0xABC9, 0xABC9, 0xABC9, 0xA3C9, 0xA3AA, 0x9BAA, 0x9B89,
    0x9369, 0x9369, 0x9B89, 0x9BA9, 0xA3CA, 0xABEA, 0xA3EA, 0xBC4A,
    0xF487, 0xEBC4, 0xEC26, 0xFE2E, 0xFD29, 0xEC46, 0xFEB1, 0xFE90,
    0xFE2E, 0xFE2D, 0xBC08, 0xF54B, 0xFE8F, 0xED6D, 0x7245, 0x1840,
    0x0000, 0x0800, 0x1020, 0x1840, 0x28C1, 0x3923, 0x3903, 0x20A2,
    0x20A1, 0x1860, 0x0000, 0x0000, 0x59C3, 0xED0A, 0xFDAB, 0xF508,
    0xEC86, 0xECC7, 0xF508, 0xF56B, 0xFDED, 0xFE50, 0xFED4, 0xFEB3,
    0xFE72, 0xFDED, 0xFCE7, 0xEBC3, 0xC281, 0xAA00, 0xC2C1, 0xDB63,
    0xF424, 0xF465, 0xFCA6, 0xFCC7, 0xFD08, 0xFD48, 0xFD48, 0xF4A6,
    0xF465, 0xE3C4, 0xDB83, 0xEBE4, 0xF486, 0xF445, 0xEBE4, 0xFCA6,
    0xEBE4, 0xDBA3, 0xCB02, 0xBAA1, 0xD302, 0xBA81, 0xB261, 0xCB03,
    0xC2E2, 0xC2A1, 0xEC25, 0xFE0E, 0xFE71, 0xFE92, 0xFE92, 0xFE72,
    0xFE91, 0xB3C8, 0x3080, 0x5101, 0x5101, 0x6962, 0xBB88, 0xFE91,
    0xFE70, 0xFE71, 0xFE70, 0xFE71, 0xFE91, 0xFE91, 0xFEB2, 0xFEB3,
    0xFED2, 0xFD4B, 0xFC86, 0xFD69, 0xFD08, 0xFE2F, 0xDC05, 0xDB62,
    0xDBA3, 0xDB62, 0xD342, 0xD322, 0xD321, 0xC2A0, 0xBA60, 0xC2A0,
    0xD341, 0xEC46, 0xED0B, 0xF58E, 0xEDAF, 0xEDAF, 0xF5F1, 0xF653,
    0xF633, 0xF612, 0xE58F, 0xC3EA, 0xBB48, 0xB307, 0xAA65, 0xAA45,
    0xAA65, 0xAA25, 0xAA45, 0xB265, 0xB286, 0xBAC6, 0xBAE6, 0xC388,
    0xCBE9, 0xCBE9, 0xD44A, 0xDC8B, 0xDCAB, 0xDD0C, 0xE56E, 0xE52D,
    0xE56E, 0xE54D, 0xED6E, 0xED8F, 0xEDAF, 0xF632, 0xFEB5, 0xFEF7,
    0xFED6, 0xFEF7, 0xFEF7, 0xFF39, 0xFFDD, 0xEF1B, 0xC5F8, 0xC5D7,
    0xBDB7, 0xBDB7, 0xBDB7, 0xBDB7, 0xBDB7, 0xBD97, 0xBDB7, 0xBDB7,
    0x8A63, 0x8A63, 0x8A43, 0x8A63, 0x8A63, 0x8A63, 0x8A63, 0x8A63,
    0x8A63, 0x8A63, 0x8A63, 0x8A43, 0x8A43, 0x8A43, 0x8A42, 0x8A42,
    0x8A42, 0x8A43, 0x8A43, 0x8A63, 0x8A63, 0x8A63, 0x8A63, 0x8A63,
    0x8A63, 0x8A63, 0x8A63, 0x8A63, 0x8A63, 0x8A84, 0x8A84, 0x8A83,
    0x8A84, 0x8A83, 0x8A83, 0x8A83, 0x8A83, 0x8A83, 0x8A84, 0x9284,
    0x92A4, 0x92A4, 0x92A4, 0x92A4, 0x92A4, 0x92C4, 0x92C4, 0x92C4,
    0x92C5, 0x92C5, 0x92C5, 0x92E5, 0x9B06, 0x9B26, 0xA367, 0xAB88,
    0xABA8, 0xABA9, 0xABC9, 0xABC9, 0xA3A9, 0xA3A9, 0x9B89, 0x9369,
    0x9369, 0x9369, 0x9369, 0xA3A9, 0xA3CA, 0xABEA, 0xA3EA, 0xCCCC,
    0xFD8B, 0xF487, 0xF445, 0xFDCC, 0xFD49, 0xFE30, 0xFEB1, 0xFE2E,
    0xFE2E, 0xFE6F, 0xC427, 0x59A3, 0xAC09, 0x4942, 0x1000, 0x1020,
    0x1020, 0x3944, 0x7B2B, 0xACB1, 0xBD54, 0xC595, 0xC575, 0xB4F2,
    0xA470, 0x836C, 0x49A5, 0x1881, 0x0800, 0x4922, 0xDC88, 0xF529,
    0xECA7, 0xECA7, 0xF56A, 0xFDAB, 0xFDEE, 0xFE50, 0xFE92, 0xFE93,
    0xFEB3, 0xFDED, 0xF485, 0xEBE4, 0xD302, 0xBA81, 0xD322, 0xE3A3,
    0xF424, 0xFCA6, 0xFCC6, 0xFCA6, 0xFD07, 0xFD49, 0xFCE7, 0xEC03,
    0xEBE4, 0xDB83, 0xE3C4, 0xEC04, 0xF465, 0xFCA6, 0xFCC7, 0xF4A6,
    0xFCE8, 0xF4A7, 0xE3C4, 0xC2E2, 0xCAE2, 0xC2C2, 0xB281, 0xC2E2,
    0xCB23, 0xE3E4, 0xFD8B, 0xFE50, 0xFE72, 0xFE93, 0xFE93, 0xFE51,
    0xFDEE, 0xAB46, 0x30A0, 0x4901, 0x5122, 0x5962, 0x79C3, 0xD48A,
    0xFE70, 0xFE71, 0xFE91, 0xFE91, 0xFE91, 0xFE91, 0xFE92, 0xFE92,
    0xFED3, 0xFD8C, 0xF425, 0xFD8A, 0xFD8B, 0xFE4F, 0xE488, 0xDB62,
    0xE3E4, 0xE3E4, 0xDBA3, 0xDBC3, 0xE3C3, 0xDB82, 0xCAE0, 0xD342,
    0xF4E9, 0xFDCF, 0xF5AE, 0xEDAF, 0xF653, 0xEE11, 0xE52D, 0xED8F,
    0xF632, 0xEDD1, 0xD4AD, 0xB2E7, 0xA1E4, 0xA225, 0xA204, 0xA205,
    0xA225, 0xAA25, 0xAA65, 0xB265, 0xB286, 0xBAA6, 0xBAE7, 0xB2C6,
    0xBAE7, 0xBB28, 0xC368, 0xBB68, 0xCC2A, 0xD44A, 0xD48B, 0xDCCB,
    0xDD0C, 0xDD0C, 0xE52D, 0xEDAF, 0xED8F, 0xED6E, 0xF673, 0xFE74,
    0xFEB5, 0xFEB5, 0xFEF7, 0xFF39, 0xFF9C, 0xFF7C, 0xCE18, 0xBDD7,
    0xBDB7, 0xBDB7, 0xBDB7, 0xBDB7, 0xBDB7, 0xBDB7, 0xBDB7, 0xBDB7,
    0x8A43, 0x8A43, 0x8A43, 0x8A43, 0x8A43, 0x8A63, 0x8A43, 0x8A43,
    0x8A43, 0x8243, 0x8243, 0x8222, 0x8222, 0x8222, 0x8222, 0x8222,
    0x8222, 0x8222, 0x8222, 0x8222, 0x8222, 0x8222, 0x8222, 0x7A02,
    0x7A02, 0x7A22, 0x8223, 0x8222, 0x7A22, 0x8223, 0x8222, 0x7A22,
    0x7A22, 0x7A22, 0x7A02, 0x7A02, 0x7A02, 0x7A22, 0x8222, 0x8222,
    0x8222, 0x8243, 0x8243, 0x8243, 0x8243, 0x8A63, 0x8A63, 0x8A63,
    0x8A63, 0x8A63, 0x8A84, 0x8A84, 0x92C5, 0x9B06, 0x9B47, 0xA368,
    0xAB88, 0xABA9, 0xABA9, 0xA3C9, 0xA3A9, 0x9BA9, 0x9B89, 0x9369,
    0x9348, 0x9369, 0x9369, 0xA3A9, 0xABCA, 0xAC0A, 0xA3EA, 0xE56D,
    0xFE0C, 0xFDCC, 0xFCC7, 0xFE2F, 0xFED3, 0xFF16, 0xFE70, 0xFE2E,
    0xFE2E, 0xFDAB, 0xFDA9, 0x7244, 0x0000, 0x1040, 0x1020, 0x49C5,
    0xA491, 0xD638, 0xEF1C, 0xF79E, 0xF79E, 0xF77D, 0xF77D, 0xF77D,
    0xF77D, 0xEEFB, 0xCDB5, 0x93EE, 0x49C5, 0x0000, 0x4142, 0xF509,
    0xF508, 0xECC7, 0xF56A, 0xFDAB, 0xFE0E, 0xFE70, 0xFEB3, 0xFEB3,
    0xFEB3, 0xFDED, 0xFCC7, 0xF465, 0xE3A3, 0xDB62, 0xDB83, 0xF425,
    0xF424, 0xF424, 0xFC85, 0xFC85, 0xFCA6, 0xFD07, 0xF465, 0xD342,
    0xC2A1, 0xD302, 0xD302, 0xE3A3, 0xFC86, 0xFD08, 0xFCE7, 0xFCC7,
    0xFD08, 0xF486, 0xF445, 0xE3A4, 0xDB63, 0xD322, 0xC2C2, 0xD343,
    0xD323, 0xEC25, 0xFE0E, 0xFE51, 0xFE71, 0xFE51, 0xFE51, 0xFE50,
    0xFDCE, 0xE4C9, 0x5982, 0x2840, 0x5101, 0x71A3, 0x69A3, 0x81E3,
    0xED4C, 0xFE91, 0xFE70, 0xFE91, 0xFE71, 0xFE91, 0xFE92, 0xFEB2,
    0xFEB3, 0xFE30, 0xF487, 0xFDCC, 0xFDED, 0xFDED, 0xE4C9, 0xCB21,
    0xDBA3, 0xDBA3, 0xE404, 0xEC25, 0xEC04, 0xEC45, 0xE446, 0xE488,
    0xED6D, 0xF610, 0xFE52, 0xF5F0, 0xEDD0, 0xF612, 0xEDF1, 0xE56F,
    0xDCEE, 0xC369, 0xA225, 0xA204, 0xA204, 0xA224, 0xAA45, 0xA225,
    0xAA25, 0xAA45, 0xB265, 0xB266, 0xB286, 0xB286, 0xBAC6, 0xBAC7,
    0xBAE7, 0xBB08, 0xBB28, 0xBB48, 0xC388, 0xC3A8, 0xC3C9, 0xD44A,
    0xD46A, 0xD46A, 0xD4AB, 0xE52D, 0xE56E, 0xE52C, 0xEDD0, 0xF5F1,
    0xFE53, 0xFED6, 0xFED6, 0xFEF7, 0xFF9B, 0xF75B, 0xCE18, 0xBDD7,
    0xBDB7, 0xBDB7, 0xBDB7, 0xBDB7, 0xBDB7, 0xBDB7, 0xBDB7, 0xBD97,
    0x8264, 0x8A64, 0x8243, 0x8263, 0x8263, 0x8243, 0x8243, 0x8243,
    0x8243, 0x8243, 0x8243, 0x8222, 0x8222, 0x8222, 0x7A02, 0x7A02,
    0x7A02, 0x7A02, 0x7A02, 0x7A02, 0x7A02, 0x7A02, 0x7A02, 0x7A02,
    0x79E2, 0x7A02, 0x7A02, 0x7A02, 0x79E2, 0x7A02, 0x71E2, 0x71E2,
    0x71E1, 0x71E1, 0x71C1, 0x71C1, 0x71A1, 0x71A1, 0x71A1, 0x71A1,
    0x71C1, 0x71C1, 0x71C1, 0x71E1, 0x79E1, 0x79E1, 0x7A02, 0x7A02,
    0x7A22, 0x8222, 0x8222, 0x8243, 0x8A84, 0x92C5, 0x9B26, 0xA367,
    0xA388, 0xABA8, 0xABA9, 0xA3A9, 0xA3A9, 0x9B89, 0x9369, 0x8B48,
    0x8B48, 0x9348, 0x9389, 0xA3A9, 0xABEA, 0xABEA, 0xBC4B, 0xFE50,
    0xFEB2, 0xFDAC, 0xFCE8, 0xFED3, 0xFF16, 0xFEF4, 0xFE70, 0xFE2E,
    0xFE0D, 0xDCA8, 0xBBC7, 0x3922, 0x0020, 0x0800, 0x732C, 0xE6DB,
    0xFFBE, 0xF79E, 0xF79E, 0xF79E, 0xFFFF, 0xFFFF, 0xEF5D, 0xD69A,
    0xCE38, 0xC5F7, 0xCE38, 0xE6BA, 0xD5F7, 0x5A48, 0x0000, 0x8AE5,
    0xFD6A, 0xECC8, 0xF54A, 0xFDAC, 0xFDED, 0xFE71, 0xFE92, 0xFE92,
    0xFE50, 0xFDCC, 0xFDAB, 0xFCE8, 0xEC04, 0xEC24, 0xF445, 0xEBC4,
    0xD302, 0xE3A3, 0xF445, 0xEC04, 0xEBE4, 0xEC04, 0xEC25, 0xCAE2,
    0xAA00, 0xC281, 0xC280, 0xD322, 0xFCC6, 0xFCE7, 0xFCC7, 0xFC86,
    0xFCC6, 0xF4A6, 0xF486, 0xEBE4, 0xCAE1, 0xCB02, 0xCAE2, 0xCAE2,
    0xDB83, 0xF4A6, 0xFE50, 0xFE51, 0xFE30, 0xFE50, 0xFE50, 0xFE0E,
    0xF58C, 0xED09, 0x9283, 0x2040, 0x38A0, 0x6141, 0x6183, 0x5901,
    0x9A64, 0xF5CE, 0xFE70, 0xFE4F, 0xFE71, 0xFE91, 0xFE71, 0xFE71,
    0xFEB2, 0xFEB2, 0xFDEE, 0xFDAD, 0xF50A, 0xF466, 0xECC9, 0xC322,
    0xD3A4, 0xDBA3, 0xE3E3, 0xEC66, 0xECA7, 0xF54B, 0xED2C, 0xE4CA,
    0xED8E, 0xED6E, 0xED8F, 0xF611, 0xEDB0, 0xD48B, 0xBB89, 0xCC0B,
    0xBB28, 0x99E4, 0x99A3, 0x9183, 0x99C3, 0xA1E3, 0xA204, 0xA205,
    0xA204, 0xAA45, 0xB265, 0xB286, 0xB286, 0xBAA6, 0xBAA6, 0xBAE7,
    0xC308, 0xC328, 0xC348, 0xCBA9, 0xCBC9, 0xCC0A, 0xCBE9, 0xCC2A,
    0xD44A, 0xD46A, 0xD44A, 0xDCCB, 0xE50C, 0xE52D, 0xE52D, 0xF612,
    0xFE74, 0xFED6, 0xFED6, 0xFEB6, 0xFF7B, 0xE6DA, 0xC5D7, 0xC5D7,
    0xBDB7, 0xBDB7, 0xBDB7, 0xBDB7, 0xBDB7, 0xBDB7, 0xBDB7, 0xBDB7,
    0x8264, 0x8264, 0x8264, 0x8264, 0x8264, 0x8264, 0x8264, 0x8264,
    0x8264, 0x8244, 0x8243, 0x8223, 0x7A23, 0x7A23, 0x7A23, 0x7A03,
    0x7A03, 0x7A03, 0x7A03, 0x7A03, 0x7A03, 0x7A03, 0x7A02, 0x71E2,
    0x71E2, 0x71E2, 0x71E2, 0x71E2, 0x71E2, 0x71E2, 0x71E2, 0x71C1,
    0x71C1, 0x69A1, 0x69A1, 0x69A0, 0x6980, 0x6980, 0x6980, 0x6980,
    0x6980, 0x69A0, 0x71A0, 0x71A0, 0x71C1, 0x71C1, 0x71C1, 0x79E1,
    0x79E1, 0x7A02, 0x7A02, 0x8222, 0x8A64, 0x92E5, 0x9B26, 0xA367,
    0xA388, 0xABA9, 0xABC9, 0xA3A9, 0xA3A9, 0x9B89, 0x9369, 0x8B28,
    0x8B28, 0x9348, 0x9369, 0xA3A9, 0xABEA, 0xABCA, 0xE58F, 0xFF35,
    0xFED4, 0xFE91, 0xFE91, 0xFEF4, 0xFEF5, 0xFEB2, 0xFEB2, 0xFE70,
    0xFDCC, 0xF56A, 0x3922, 0x0000, 0x0000, 0x83AD, 0xF75D, 0xF7BE,
    0xFFBE, 0xF7BE, 0xFFDF, 0xFFFF, 0xCE59, 0x7B6D, 0x4165, 0x3103,
    0x30E3, 0x1020, 0x1061, 0x41C7, 0x9451, 0xC5B6, 0x5227, 0x2060,
    0xE4CA, 0xF508, 0xED09, 0xFDAC, 0xFDCD, 0xFE50, 0xFE92, 0xFEB3,
    0xFE91, 0xFE2F, 0xFDEC, 0xFD07, 0xF424, 0xF445, 0xEC45, 0xE383,
    0xD322, 0xE383, 0xE3E4, 0xE3C4, 0xD343, 0xCAE1, 0xDB42, 0xC2C1,
    0x99C0, 0xA200, 0xCAE2, 0xDB63, 0xEC04, 0xF445, 0xFCA7, 0xFD07,
    0xFCC6, 0xEC04, 0xF4A6, 0xF445, 0xEC04, 0xD322, 0xDB42, 0xE3C3,
    0xF4C7, 0xFE0E, 0xFE92, 0xFE51, 0xFE30, 0xFE92, 0xFE0F, 0xFDCD,
    0xF54A, 0xE4C8, 0xDC67, 0x71A1, 0x2020, 0x40A0, 0x4901, 0x40E1,
    0x5922, 0xA2A5, 0xF5CE, 0xFE70, 0xFE50, 0xFE71, 0xFE91, 0xFE91,
    0xFE92, 0xFEB2, 0xFE0F, 0xEC89, 0xDBA5, 0xDBA4, 0xE446, 0xC302,
    0xD383, 0xE405, 0xE487, 0xED0A, 0xED6C, 0xF5AE, 0xF5AF, 0xDCCA,
    0xE54D, 0xEDAF, 0xE52D, 0xE54E, 0xED90, 0xD48C, 0x91E4, 0x9162,
    0x91A3, 0x9183, 0x91A3, 0x91A3, 0x99A3, 0x99C3, 0xA1E4, 0xA1E4,
    0xA204, 0xB265, 0xB266, 0xB286, 0xBAA6, 0xBAC7, 0xC308, 0xC329,
    0xCB69, 0xCB8A, 0xD3CA, 0xD40B, 0xD42B, 0xDC4B, 0xD44B, 0xD44B,
    0xDCCC, 0xDCCC, 0xDCEC, 0xE52D, 0xE54D, 0xE56E, 0xEDD0, 0xF611,
    0xF5F1, 0xF611, 0xFEB5, 0xFEF7, 0xFF7B, 0xDE99, 0xBDD7, 0xC5D7,
    0xBDB7, 0xBDB7, 0xBDB7, 0xBDB7, 0xBDB7, 0xBDB7, 0xBDB7, 0xBDB7,
    0x8285, 0x8285, 0x8285, 0x8285, 0x8285, 0x8285, 0x8285, 0x8285,
    0x8265, 0x8265, 0x8264, 0x8244, 0x7A44, 0x7A44, 0x7A44, 0x7A24,
    0x7A23, 0x7A23, 0x7A23, 0x7A23, 0x7A23, 0x7203, 0x7203, 0x7203,
    0x7203, 0x7203, 0x7203, 0x71E3, 0x71E2, 0x71E2, 0x71E2, 0x71C2,
    0x69A1, 0x69A1, 0x69A0, 0x6980, 0x6980, 0x6980, 0x6980, 0x6980,
    0x6980, 0x6980, 0x69A0, 0x71A1, 0x71C1, 0x71C1, 0x79C1, 0x79E2,
    0x7A02, 0x7A02, 0x8202, 0x8243, 0x8A84, 0x92E5, 0x9B47, 0xA368,
    0xABA8, 0xABA9, 0xABC9, 0xA3A9, 0xA3A9, 0x9B89, 0x9348, 0x8B28,
    0x8B28, 0x9348, 0x9369, 0xA3A9, 0xABEA, 0xB40A, 0xEE52, 0xFEB3,
    0xFED4, 0xFED4, 0xFED3, 0xFED2, 0xFED3, 0xFE70, 0xD52D, 0xEDCE,
    0xFDED, 0xBC28, 0x20A0, 0x0000, 0x6B0B, 0xF75C, 0xF79E, 0xFFBE,
    0xFFBE, 0xFFFF, 0xE73C, 0x732C, 0x30E3, 0x2861, 0x2860, 0x38C2,
    0x38E2, 0x2081, 0x1820, 0x1000, 0x0800, 0x3186, 0xA491, 0x3144,
    0x8284, 0xFD49, 0xECE8, 0xFDAC, 0xFDCD, 0xFE51, 0xFE92, 0xFED4,
    0xFEB3, 0xFE91, 0xFDCB, 0xFCA6, 0xEBE4, 0xE3C4, 0xE383, 0xD302,
    0xD302, 0xDB63, 0xE3A4, 0xE384, 0xD322, 0xC2C1, 0xBA61, 0xA200,
    0x99C0, 0xAA41, 0xCB02, 0xD322, 0xE3C4, 0xF486, 0xF4A6, 0xF4A6,
    0xF465, 0xF424, 0xF465, 0xFCA7, 0xF4A7, 0xF445, 0xF4A6, 0xFD28,
    0xFE2F, 0xFEB2, 0xFE92, 0xFE72, 0xFE51, 0xFE0F, 0xF5CD, 0xF58C,
    0xF54B, 0xED09, 0xE488, 0xC3A4, 0x5120, 0x2840, 0x3080, 0x5122,
    0x6183, 0x6183, 0x9AA5, 0xF5AE, 0xFE70, 0xFE2F, 0xFE70, 0xFE92,
    0xFEB2, 0xFEB2, 0xFE30, 0xDBE6, 0xDB85, 0xD364, 0xE406, 0xCB85,
    0xD3E5, 0xE4A9, 0xE4EB, 0xED6D, 0xED8E, 0xED6E, 0xF5F0, 0xED6E,
    0xDCCB, 0xE54E, 0xDD2E, 0xDCCD, 0xC3AA, 0xA2A6, 0x9A05, 0x9183,
    0x9183, 0x91A3, 0x9183, 0x99C4, 0x99E4, 0x99E4, 0xA1E4, 0xA204,
    0xAA25, 0xB266, 0xBA86, 0xBAC7, 0xC2E8, 0xC328, 0xCB29, 0xCB6A,
    0xD3AA, 0xD3EB, 0xDC2C, 0xDC4C, 0xE48D, 0xE48D, 0xDC8C, 0xDCAD,
    0xE50D, 0xE52E, 0xE56F, 0xED8F, 0xED8F, 0xEDF1, 0xF5F1, 0xEDD0,
    0xF612, 0xF653, 0xFE53, 0xFED6, 0xFF7B, 0xD658, 0xC5D7, 0xC5D7,
    0xBDB7, 0xBDB7, 0xBDB7, 0xBD97, 0xBDB7, 0xBDB7, 0xBDB7, 0xBDB7,
    0x82A6, 0x82A6, 0x82A6, 0x82A6, 0x82A6, 0x82A6, 0x82A6, 0x8286,
    0x8286, 0x8286, 0x8285, 0x8265, 0x8265, 0x7A65, 0x7A65, 0x7A44,
    0x7A44, 0x7A44, 0x7A44, 0x7A44, 0x7A24, 0x7224, 0x7224, 0x7224,
    0x7224, 0x7224, 0x7224, 0x7203, 0x7203, 0x7203, 0x71E3, 0x71C2,
    0x69C1, 0x69A1, 0x6980, 0x6980, 0x6980, 0x6980, 0x6980, 0x6980,
    0x6980, 0x69A0, 0x71A0, 0x71C1, 0x71C1, 0x79C1, 0x79E1, 0x7A02,
    0x7A02, 0x8222, 0x8222, 0x8263, 0x8AA4, 0x9306, 0xA347, 0xA388,
    0xABA8, 0xABC9, 0xABC9, 0xABC9, 0xA3A9, 0x9B69, 0x9348, 0x8B28,
    0x8B28, 0x9348, 0x9B69, 0xA3C9, 0xA3CA, 0xC4AC, 0xFDCD, 0xF4A8,
    0xFE50, 0xFE90, 0xFDED, 0xFE50, 0xFE91, 0xFE2D, 0xCC68, 0x4921,
    0x3922, 0x1840, 0x1000, 0x5207, 0xEEDA, 0xF79D, 0xFFBE, 0xF7BE,
    0xFFFF, 0xD679, 0x49C7, 0x30C2, 0x4123, 0x4964, 0x49C6, 0x5249,
    0x4A49, 0x3186, 0x2944, 0x3923, 0x30A1, 0x0800, 0x18A2, 0x5AAA,
    0x3922, 0xECE9, 0xF509, 0xFDAC, 0xFE0F, 0xFE93, 0xFED4, 0xFED4,
    0xFED3, 0xFE2D, 0xF464, 0xE3A3, 0xD322, 0xC2C1, 0xD302, 0xCAC2,
    0xD322, 0xDB63, 0xD323, 0xD342, 0xCAE1, 0xCAA1, 0xB240, 0xA1E0,
    0xAA21, 0xB261, 0xBAA1, 0xCB02, 0xE3C4, 0xEC25, 0xEC24, 0xEBE3,
    0xEC04, 0xCB22, 0xD342, 0xFCA6, 0xF465, 0xF465, 0xFCE7, 0xFD49,
    0xFE2F, 0xFE51, 0xFE51, 0xFE72, 0xFE31, 0xF58D, 0xF54B, 0xED09,
    0xED09, 0xED2A, 0xECE9, 0xDC87, 0xB323, 0x40C0, 0x2840, 0x40C0,
    0x5921, 0x5942, 0x6142, 0x9265, 0xE52C, 0xFE70, 0xFE4F, 0xFE50,
    0xFE50, 0xFE92, 0xF5AE, 0xDBC6, 0xDB85, 0xD344, 0xE406, 0xD407,
    0xD427, 0xE4CA, 0xDCCB, 0xE4EB, 0xED6D, 0xED4D, 0xE56E, 0xEDD0,
    0xE54E, 0xDCED, 0xBBA9, 0xAAC7, 0x99C3, 0x8962, 0x91A3, 0x99C3,
    0x91A3, 0x99C4, 0x99C4, 0x99C4, 0xA205, 0xA225, 0xAA25, 0xAA45,
    0xB266, 0xBA86, 0xBAC7, 0xC2E8, 0xCB29, 0xD36A, 0xD36A, 0xD3AA,
    0xDBCB, 0xDC0B, 0xE44C, 0xE46D, 0xE48D, 0xE4AD, 0xE4CD, 0xE50E,
    0xED6F, 0xED6F, 0xED6E, 0xED6F, 0xEDD0, 0xF5F1, 0xF633, 0xF674,
    0xF674, 0xF695, 0xF653, 0xFF18, 0xEEFA, 0xCDF8, 0xC5D7, 0xC5D7,
    0xBDB7, 0xBDB7, 0xBDB7, 0xBDB7, 0xBDB7, 0xBDB7, 0xBDB7, 0xBDB7,
    0x82C7, 0x82A7, 0x82A7, 0x82A7, 0x82A7, 0x82C7, 0x82A7, 0x82A6,
    0x82A6, 0x82A6, 0x82A6, 0x8286, 0x8286, 0x7A86, 0x7A86, 0x7A65,
    0x7A65, 0x7A65, 0x7A65, 0x7A65, 0x7A45, 0x7245, 0x7245, 0x7245,
    0x7245, 0x7245, 0x7225, 0x7224, 0x7224, 0x7204, 0x7203, 0x71E3,
    0x69C2, 0x69A1, 0x69A0, 0x6980, 0x6980, 0x6980, 0x6980, 0x6980,
    0x69A0, 0x71A1, 0x71C1, 0x71C1, 0x71E1, 0x79E1, 0x79E2, 0x7A02,
    0x8222, 0x8243, 0x8243, 0x8A63, 0x8AA4, 0x9B06, 0xA347, 0xA388,
    0xABA9, 0xABC9, 0xABC9, 0xABC9, 0xA3A9, 0x9B89, 0x9349, 0x8B28,
    0x8B28, 0x9348, 0x9B89, 0xA3C9, 0xA3CA, 0xCCAB, 0xFCA8, 0xEC06,
    0xF467, 0xEC25, 0xEC26, 0xFE71, 0xFE4F, 0xFDAB, 0xFDCA, 0xCC69,
    0x38E1, 0x1020, 0x28E2, 0xD638, 0xFF9E, 0xF79E, 0xF7BE, 0xFFFF,
    0xD69A, 0x49A6, 0x4965, 0x4944, 0x4964, 0x5A69, 0x528A, 0x528A,
    0x4A49, 0x31A6, 0x2104, 0x39E7, 0x62A9, 0x2881, 0x0000, 0x18C2,
    0x3144, 0xC407, 0xF529, 0xF5AD, 0xFE31, 0xFEB4, 0xFEB3, 0xFEB3,
    0xFEB2, 0xFD29, 0xE3A3, 0xD343, 0xD322, 0xC2C1, 0xC2A1, 0xC2A1,
    0xCAE2, 0xD322, 0xCAE2, 0xCAE2, 0xCAE1, 0xCAC1, 0xBA60, 0xA1E0,
    0xC2A1, 0xC303, 0xBAA1, 0xD302, 0xD343, 0xE3A4, 0xDB83, 0xD342,
    0xD322, 0xCAE1, 0xD322, 0xEC04, 0xEC04, 0xEC04, 0xF465, 0xFD6A,
    0xFE0F, 0xFE10, 0xFE52, 0xFE10, 0xF5CE, 0xED4C, 0xED0A, 0xE4C8,
    0xECE8, 0xECE9, 0xECE9, 0xE4A8, 0xD406, 0xA2E3, 0x48E0, 0x2840,
    0x38A0, 0x48E1, 0x5942, 0x6983, 0x8204, 0xD48A, 0xFE2F, 0xFE50,
    0xFE72, 0xFE92, 0xECEB, 0xDB64, 0xDB85, 0xD344, 0xE3C5, 0xD449,
    0xCBE7, 0xD449, 0xDCCB, 0xDC8A, 0xDCEB, 0xE54D, 0xE50C, 0xC40A,
    0xD48C, 0xB368, 0x9204, 0x8142, 0x8942, 0x8962, 0x91A3, 0x99C4,
    0x99C4, 0x99C4, 0xA1E4, 0xA1E4, 0xAA25, 0xAA25, 0xAA46, 0xB286,
    0xBAA7, 0xC2C7, 0xC308, 0xCB49, 0xD369, 0xD38A, 0xDBCB, 0xDBEB,
    0xDC0C, 0xE44D, 0xE48D, 0xE48D, 0xE4AD, 0xECAE, 0xECCE, 0xE4CD,
    0xED6F, 0xEDB0, 0xEDB0, 0xEDF1, 0xF632, 0xF611, 0xF612, 0xF612,
    0xEDF1, 0xEE12, 0xFEB5, 0xFF5B, 0xD638, 0xCDF8, 0xC5F7, 0xC5D7,
    0xBDB7, 0xBDB7, 0xBDB7, 0xBDB7, 0xBDB7, 0xBDB7, 0xBDB7, 0xBDB7,
    0x82C7, 0x82C7, 0x82C7, 0x82C7, 0x82C7, 0x82C7, 0x82C7, 0x82C7,
    0x82A7, 0x82A7, 0x82A7, 0x82A7, 0x82A7, 0x82A7, 0x7A86, 0x7A86,
    0x7A86, 0x7A86, 0x7A86, 0x7A66, 0x7A66, 0x7A66, 0x7A66, 0x7266,
    0x7266, 0x7266, 0x7245, 0x7245, 0x7245, 0x7225, 0x7204, 0x7203,
    0x69E2, 0x69C2, 0x69A1, 0x6980, 0x69A1, 0x71A1, 0x71A1, 0x71A1,
    0x71A1, 0x71C1, 0x71C1, 0x79E1, 0x79E1, 0x7A02, 0x7A02, 0x8222,
    0x8243, 0x8243, 0x8A63, 0x8A63, 0x92A4, 0x9B06, 0xA367, 0xAB88,
    0xABA9, 0xABC9, 0xABC9, 0xABC9, 0xA3A9, 0x9B89, 0x9348, 0x8B28,
    0x8B28, 0x9348, 0x9B89, 0xA3A9, 0xABEA, 0xED0B, 0xFCA8, 0xE3C5,
    0xE3E6, 0xDB23, 0xF54C, 0xFED2, 0xFE4F, 0xFDEC, 0xFDAB, 0xFE2D,
    0xAB24, 0x3080, 0x83AD, 0xFFFF, 0xF79E, 0xF7BE, 0xFFDF, 0xEF7D,
    0x5A49, 0x4165, 0x4964, 0x4923, 0x41A6, 0x4208, 0x39C7, 0x3186,
    0x3186, 0x2104, 0x39E7, 0xDEFB, 0xFFFF, 0xA4F3, 0x2040, 0x1000,
    0x1082, 0xABA7, 0xFD4A, 0xF5EF, 0xFE72, 0xFE92, 0xFE93, 0xFE92,
    0xFE0E, 0xF466, 0xDBA4, 0xCB23, 0xCB02, 0xCB02, 0xBAA1, 0xC2C1,
    0xCAE2, 0xCB02, 0xCAE2, 0xC2C1, 0xC2A1, 0xBA81, 0xA200, 0xAA20,
    0xC2A1, 0xD322, 0xBAA1, 0xC2A1, 0xD342, 0xD322, 0xD302, 0xD322,
    0xDB63, 0xE383, 0xCAE2, 0xDB83, 0xF445, 0xE3E3, 0xF4A6, 0xFDAD,
    0xFE10, 0xF610, 0xF5F0, 0xF5AE, 0xED6C, 0xED2B, 0xE4C9, 0xE4A8,
    0xE4C8, 0xE4C8, 0xECE8, 0xECE9, 0xE4C8, 0xDC47, 0xBB64, 0x71C1,
    0x38A0, 0x2860, 0x38C1, 0x5962, 0x71C3, 0x79C3, 0xDCEC, 0xFEB2,
    0xFE71, 0xFEB3, 0xDC48, 0xD303, 0xD364, 0xCB23, 0xE3C5, 0xDC49,
    0xCC49, 0xD449, 0xD46A, 0xD449, 0xCC2A, 0xD48B, 0xD48C, 0xA2C7,
    0x91C3, 0x8963, 0x8142, 0x8983, 0x8962, 0x8962, 0x91A3, 0x99C4,
    0xA205, 0xA205, 0xAA25, 0xAA46, 0xAA46, 0xB266, 0xBAA7, 0xC2C8,
    0xCB09, 0xCB29, 0xD36A, 0xD38A, 0xDBAB, 0xDBCB, 0xDBEB, 0xE40C,
    0xE42C, 0xE44C, 0xE46D, 0xE48D, 0xE48D, 0xECCE, 0xECCE, 0xED4F,
    0xF5D1, 0xF5F2, 0xF612, 0xF612, 0xEDD1, 0xEDD0, 0xEDD0, 0xEE12,
    0xEE12, 0xF654, 0xFF39, 0xEEFA, 0xCE18, 0xCDF8, 0xC5F8, 0xC5D7,
    0xBDB7, 0xBDB7, 0xBDB7, 0xBDB7, 0xBDB7, 0xBDB7, 0xBDB7, 0xBDB7,
    0x8AC7, 0x8AC7, 0x8AC7, 0x82C7, 0x82C7, 0x82C7, 0x8AC7, 0x82C7,
    0x82C7, 0x82A7, 0x82A7, 0x82A7, 0x82A7, 0x82A7, 0x82A7, 0x7AA7,
    0x7AA7, 0x7A87, 0x7A86, 0x7A86, 0x7A86, 0x7A66, 0x7A66, 0x7A66,
    0x7266, 0x7A66, 0x7266, 0x7266, 0x7246, 0x7245, 0x7224, 0x7204,
    0x71E3, 0x71C2, 0x71A1, 0x71A1, 0x71A1, 0x71A1, 0x71C1, 0x71C1,
    0x71C1, 0x79C1, 0x79E1, 0x79E2, 0x7A02, 0x8202, 0x8222, 0x8223,
    0x8243, 0x8A63, 0x8A63, 0x8A83, 0x92C5, 0x9B06, 0xA367, 0xABA8,
    0xABC9, 0xABE9, 0xABE9, 0xABC9, 0xA3A9, 0x9B89, 0x9349, 0x8B48,
    0x8B28, 0x9348, 0x9B69, 0x9BA9, 0xB42A, 0xFD6C, 0xFCE8, 0xF446,
    0xEC06, 0xE3A5, 0xFE50, 0xFEB1, 0xFE4F, 0xFDCB, 0xFDEC, 0xED4A,
    0x8222, 0x3102, 0xDE58, 0xFFDF, 0xF7BE, 0xF7BE, 0xFFFF, 0x8C10,
    0x3924, 0x4165, 0x4923, 0x30C2, 0x0862, 0x1062, 0x0861, 0x0841,
    0x0841, 0x0000, 0x738E, 0xFFFF, 0xEF5D, 0xF7BE, 0x3923, 0x1820,
    0x0000, 0x8B06, 0xFD8B, 0xF5EF, 0xFE72, 0xFE72, 0xFE92, 0xFE92,
    0xFDED, 0xEC45, 0xDB63, 0xCB02, 0xCAE2, 0xCB02, 0xC2C2, 0xC2C2,
    0xC2C2, 0xCB02, 0xCB02, 0xBA81, 0xC2E2, 0xC2C1, 0xAA40, 0xB261,
    0xBA61, 0xBA80, 0xBA81, 0xC2C1, 0xC2C1, 0xBAA2, 0xC2C1, 0xD301,
    0xCB02, 0xCB02, 0xDB62, 0xEC05, 0xEC66, 0xF465, 0xFD8B, 0xFE30,
    0xFE31, 0xF5EF, 0xF5EF, 0xF5CF, 0xED4B, 0xE4E9, 0xE4A8, 0xE487,
    0xDC87, 0xDC67, 0xE487, 0xE4A8, 0xE4C8, 0xE4A8, 0xE487, 0xD406,
    0xAB04, 0x6981, 0x38A0, 0x38A0, 0x48E1, 0x5121, 0x8A64, 0xF610,
    0xFE92, 0xFE92, 0xF5CE, 0xDB84, 0xD364, 0xCB23, 0xDBA4, 0xCBE8,
    0xB387, 0xBBA8, 0xAB06, 0x9A85, 0x8A04, 0x9224, 0xA2A6, 0x9204,
    0x8101, 0x8122, 0x8942, 0x9183, 0x91A3, 0x91A4, 0x99C4, 0x99C4,
    0xA205, 0xAA26, 0xB266, 0xBA87, 0xBAA7, 0xC2C8, 0xC309, 0xCB29,
    0xCB49, 0xD34A, 0xD38B, 0xDBEC, 0xE40C, 0xE40C, 0xE40C, 0xE44C,
    0xE44D, 0xE44C, 0xE46D, 0xECAE, 0xECCE, 0xECEF, 0xED70, 0xF5B1,
    0xEDB0, 0xF5F1, 0xEDB0, 0xEDB0, 0xF5F1, 0xEDF1, 0xEDF1, 0xF653,
    0xF653, 0xFF18, 0xF71A, 0xCE18, 0xCE18, 0xCDF8, 0xC5F8, 0xC5D7,
    0xBDD7, 0xBDB7, 0xBDB7, 0xBDB7, 0xBDB7, 0xBDB7, 0xBDB7, 0xBDB7,
    0x8AE8, 0x8AE8, 0x8AC8, 0x8AC8, 0x8AC8, 0x8AE8, 0x8AE8, 0x82E8,
    0x82C7, 0x82C7, 0x82C7, 0x82C7, 0x82C7, 0x82A7, 0x82A7, 0x7AA7,
    0x7AA7, 0x7AA7, 0x7AA7, 0x7AA7, 0x7A87, 0x7A87, 0x7A87, 0x7A86,
    0x7287, 0x7287, 0x7287, 0x7266, 0x7266, 0x7265, 0x7245, 0x7224,
    0x7203, 0x71E2, 0x71C1, 0x71C1, 0x71C1, 0x71C1, 0x71C1, 0x79C1,
    0x79E2, 0x79E2, 0x79E2, 0x7A02, 0x8202, 0x8222, 0x8243, 0x8243,
    0x8A63, 0x8A63, 0x8A63, 0x8A84, 0x92C5, 0x9B26, 0xA367, 0xABA8,
    0xABC9, 0xB3E9, 0xABE9, 0xABC9, 0xA3A9, 0x9B89, 0x9368, 0x8B48,
    0x8B28, 0x9348, 0x9369, 0x9B89, 0xCCAB, 0xFDAC, 0xFD6B, 0xFDCC,
    0xFD6B, 0xF58D, 0xFEF3, 0xFE6F, 0xFDEC, 0xFD8A, 0xFE0C, 0xD488,
    0x5120, 0x62A9, 0xFF9D, 0xF79E, 0xF79E, 0xFFFF, 0xDEDB, 0x30E3,
    0x4123, 0x4923, 0x40E2, 0x0020, 0x0000, 0x0020, 0x0821, 0x0020,
    0x0020, 0x0000, 0x2965, 0xE71C, 0xFFFF, 0xB596, 0x0841, 0x1840,
    0x0000, 0x7AA5, 0xFDAC, 0xF610, 0xFE72, 0xFEB4, 0xFEB3, 0xFE71,
    0xFE2E, 0xF466, 0xD343, 0xC2E2, 0xC2C2, 0xCAE2, 0xBAA1, 0xC2A1,
    0xCAE2, 0xD322, 0xD322, 0xC2A1, 0xC2A1, 0xC2A1, 0xA1E0, 0xC2A1,
    0xDB22, 0xD322, 0xCAE2, 0xBA81, 0xAA41, 0xBA81, 0xBA60, 0xB220,
    0xCAC1, 0xC2E1, 0xD343, 0xE3C4, 0xEC45, 0xFD08, 0xFE2F, 0xFE72,
    0xFE72, 0xFE51, 0xF610, 0xF58D, 0xED0A, 0xE4C9, 0xDC67, 0xDC47,
    0xD426, 0xD405, 0xD426, 0xDC26, 0xE487, 0xE4C8, 0xECE9, 0xE4C8,
    0xDC87, 0xCC26, 0xB345, 0x8A42, 0x6160, 0x48E0, 0x48C0, 0xD469,
    0xFE70, 0xFE50, 0xF54B, 0xE3E5, 0xDBA5, 0xD364, 0xE3C5, 0xAAC5,
    0x6901, 0x7921, 0x7101, 0x70E1, 0x7921, 0x8142, 0x8162, 0x8142,
    0x8122, 0x8942, 0x8942, 0x9183, 0x99C4, 0x99C4, 0xA205, 0xA205,
    0xAA25, 0xB246, 0xBA87, 0xC2C8, 0xC2E8, 0xCB09, 0xCB4A, 0xD36A,
    0xD38B, 0xDBCB, 0xDBCB, 0xE40D, 0xE42D, 0xE44D, 0xE44D, 0xE42C,
    0xEC8D, 0xECCE, 0xECEF, 0xED0F, 0xECEE, 0xED2F, 0xF5B1, 0xEDB0,
    0xEDB0, 0xF5F1, 0xF612, 0xF633, 0xEDD1, 0xEDF1, 0xEDF1, 0xEDD0,
    0xFEB5, 0xFF5A, 0xDE79, 0xCE18, 0xCE18, 0xCDF8, 0xC5F8, 0xC5F7,
    0xC5D7, 0xC5B7, 0xBDB7, 0xBDB7, 0xBDB7, 0xBDB7, 0xBDB7, 0xBDD7,
    0x8AE8, 0x8AE8, 0x8AE8, 0x8AE8, 0x8AE8, 0x8AE8, 0x8AE8, 0x8AE8,
    0x82E8, 0x82C8, 0x82C8, 0x82C8, 0x82C8, 0x82C7, 0x82C7, 0x82C7,
    0x82A7, 0x7AA7, 0x7AA7, 0x7AA7, 0x7AA7, 0x7AA7, 0x7AA7, 0x7A87,
    0x7A87, 0x7A87, 0x7A87, 0x7A87, 0x7A86, 0x7A66, 0x7A65, 0x7224,
    0x7223, 0x7202, 0x71E2, 0x71C1, 0x79E1, 0x79E2, 0x79E2, 0x79E2,
    0x79E2, 0x7A02, 0x7A02, 0x7A02, 0x8222, 0x8243, 0x8243, 0x8A63,
    0x8A63, 0x8A63, 0x8A83, 0x8A84, 0x92C5, 0x9B26, 0xA367, 0xABA8,
    0xABC9, 0xB3E9, 0xABE9, 0xABC9, 0xA3A9, 0x9B89, 0x9369, 0x8B48,
    0x8B28, 0x9348, 0x9B89, 0x9B89, 0xE52C, 0xFD8A, 0xFDED, 0xFE91,
    0xFE50, 0xFED3, 0xFEB2, 0xFE4F, 0xFDED, 0xFD8A, 0xFE0B, 0xBBC7,
    0x4900, 0xA491, 0xFFBE, 0xF77D, 0xF79E, 0xFFFF, 0x8C51, 0x2820,
    0x40C0, 0x40C0, 0x1040, 0x0000, 0x0020, 0x0020, 0x0020, 0x0000,
    0x0000, 0x0000, 0x0000, 0x2124, 0x528A, 0x18C3, 0x0020, 0x1020,
    0x0000, 0x7265, 0xFDAC, 0xF631, 0xFE52, 0xFE72, 0xFE92, 0xFE92,
    0xFDCC, 0xEC25, 0xE3A4, 0xCAE2, 0xBAA2, 0xC2E2, 0xBA81, 0xBA81,
    0xD302, 0xE3C4, 0xE3C4, 0xE3A3, 0xCAC1, 0xBA60, 0xB241, 0xD302,
    0xE383, 0xE383, 0xCAE2, 0xB281, 0xB281, 0xB261, 0xA1E0, 0xA200,
    0xBA80, 0xC2C1, 0xB261, 0xCB22, 0xE3C3, 0xF4E8, 0xFDEE, 0xFE30,
    0xFE51, 0xF5CE, 0xF5CE, 0xF58D, 0xE4C9, 0xDC88, 0xDC47, 0xD406,
    0xD3E5, 0xCBC5, 0xC384, 0xCBC5, 0xD425, 0xDC87, 0xE4A8, 0xECE9,
    0xE4E9, 0xECEA, 0xED0A, 0xED0A, 0xE4A9, 0xCC07, 0xBB85, 0xED09,
    0xFDEE, 0xFE71, 0xED0B, 0xD343, 0xE3E6, 0xDBC5, 0xEC05, 0xAAE5,
    0x60C1, 0x7101, 0x7901, 0x8142, 0x8962, 0x91A3, 0x91C4, 0x8962,
    0x8942, 0x9183, 0x9183, 0x99C4, 0xA1E5, 0xA1E5, 0xAA46, 0xB266,
    0xBA87, 0xC2C8, 0xC2C8, 0xCAE8, 0xD329, 0xD36A, 0xDBAB, 0xDBCB,
    0xDBCB, 0xE40C, 0xE42D, 0xEC2D, 0xEC6E, 0xEC8E, 0xECAE, 0xECAE,
    0xECEF, 0xECEF, 0xECEF, 0xED0F, 0xF550, 0xF590, 0xF590, 0xF5F1,
    0xF612, 0xF612, 0xF633, 0xF653, 0xF653, 0xF633, 0xEDF1, 0xFE95,
    0xFF3A, 0xDE58, 0xD638, 0xCE18, 0xCE18, 0xCE18, 0xCDF8, 0xC5F8,
    0xC5D7, 0xC5D7, 0xC5D7, 0xC5D7, 0xC5D7, 0xC5D7, 0xC5D7, 0xC5D7,
    0x8B08, 0x8B09, 0x8B08, 0x8B08, 0x8B09, 0x8B09, 0x8B09, 0x8AE8,
    0x8AE8, 0x8AE8, 0x8AE8, 0x8AE8, 0x82E8, 0x82E8, 0x82C8, 0x82C8,
    0x82C8, 0x82C8, 0x82C8, 0x82C8, 0x82E8, 0x82E8, 0x82E8, 0x82C8,
    0x7AA7, 0x7AA7, 0x7AA7, 0x7AA7, 0x7A87, 0x7A86, 0x7A65, 0x7A45,
    0x7A23, 0x7A03, 0x79E2, 0x79E2, 0x79E2, 0x79E2, 0x79E2, 0x7A02,
    0x7A02, 0x7A02, 0x8222, 0x8222, 0x8243, 0x8243, 0x8A63, 0x8A63,
    0x8A63, 0x8A63, 0x8A83, 0x92A4, 0x92C5, 0x9B26, 0xA367, 0xABA8,
    0xABC9, 0xB3EA, 0xB3EA, 0xABCA, 0xA3A9, 0x9B89, 0x9369, 0x8B48,
    0x8B48, 0x9368, 0x9369, 0xB42A, 0xFDEE, 0xFDED, 0xFE4F, 0xFE70,
    0xFE71, 0xFED3, 0xFEB2, 0xFE4F, 0xFDCC, 0xFDAB, 0xFE2D, 0xAB65,
    0x61E3, 0xCDF6, 0xFF9D, 0xF77D, 0xF79E, 0xFFDF, 0x5248, 0x40A0,
    0x48E0, 0x3880, 0x0000, 0x0000, 0x0000, 0x0000, 0x0000, 0x0000,
    0x0000, 0x0000, 0x0000, 0x0000, 0x0000, 0x1061, 0x0841, 0x1020,
    0x0800, 0x7265, 0xFDAD, 0xF631, 0xFE72, 0xFE72, 0xFE72, 0xFE92,
    0xFD08, 0xE3A3, 0xE384, 0xD323, 0xCB03, 0xCAE2, 0xCAE2, 0xCB02,
    0xCB02, 0xDB83, 0xE3A4, 0xDB63, 0xCAE1, 0xB261, 0xAA41, 0xCB02,
    0xDB63, 0xC2A1, 0xB261, 0xBAA1, 0xB282, 0xA201, 0xBA81, 0xC2A1,
    0xB261, 0xAA41, 0xAA41, 0xCB02, 0xDBA3, 0xECA8, 0xF5AE, 0xF5AD,
    0xF5EF, 0xF5AE, 0xED4C, 0xE50A, 0xE4A8, 0xDC67, 0xD406, 0xC384,
    0xBB23, 0xAAE2, 0xAAC2, 0xAAE2, 0xBB23, 0xCBC5, 0xDC46, 0xE4A8,
    0xE4E8, 0xED2A, 0xF56B, 0xF58C, 0xF5AD, 0xFDCD, 0xFDED, 0xFDCD,
    0xFE0F, 0xFE71, 0xFE30, 0xDBA5, 0xE3E6, 0xE3E5, 0xEC46, 0xB326,
    0x81C4, 0x89A3, 0x8983, 0x91A3, 0x91C4, 0x99E5, 0x99E5, 0x99E5,
    0x99C4, 0x99C4, 0xA205, 0xAA25, 0xAA46, 0xAA46, 0xBAA7, 0xC2C8,
    0xC2E8, 0xCB4A, 0xD34A, 0xD34A, 0xD36A, 0xDBCB, 0xE3EC, 0xE42D,
    0xE42D, 0xEC4D, 0xEC6E, 0xEC6E, 0xEC8E, 0xECCF, 0xF4EF, 0xECEF,
    0xF4EF, 0xED0F, 0xED30, 0xF570, 0xF590, 0xF5B1, 0xF5D1, 0xF5F1,
    0xF612, 0xF632, 0xF5F1, 0xF611, 0xF612, 0xEDD1, 0xF674, 0xFF3A,
    0xDE58, 0xCE17, 0xCE38, 0xCE18, 0xCE18, 0xCE18, 0xCDF8, 0xC5F8,
    0xC5F7, 0xC5D7, 0xC5D7, 0xC5F7, 0xC5D7, 0xC5D7, 0xC5D7, 0xC5F7,
    0x8B09, 0x9309, 0x8B29, 0x8B29, 0x8B09, 0x8B09, 0x8B09, 0x8B09,
    0x8B09, 0x8B09, 0x8B09, 0x8AE9, 0x8AE8, 0x8AE8, 0x82E8, 0x82E8,
    0x82E8, 0x82E8, 0x8B08, 0x8B08, 0x9328, 0x9328, 0x8B08, 0x8B08,
    0x82E8, 0x7AC8, 0x7AC8, 0x7AC8, 0x7AA7, 0x7A86, 0x7A86, 0x7A65,
    0x7A24, 0x7A03, 0x79E2, 0x79E2, 0x79E2, 0x7A02, 0x7A02, 0x7A02,
    0x7A02, 0x8222, 0x8222, 0x8243, 0x8243, 0x8A63, 0x8A63, 0x8A63,
    0x8A63, 0x8A83, 0x8A83, 0x92A4, 0x92E5, 0x9B26, 0xA367, 0xABA8,
    0xABC9, 0xB3E9, 0xB3EA, 0xABEA, 0xA3A9, 0x9B89, 0x9369, 0x8B48,
    0x8B48, 0x9369, 0x9369, 0xD50D, 0xFE2E, 0xFE2F, 0xFE70, 0xFDEC,
    0xFE91, 0xFEB2, 0xFE90, 0xFE2E, 0xFDAB, 0xFDAB, 0xFDCB, 0xCC06,
    0x8AE6, 0xDE58, 0xFF9D, 0xF77D, 0xFF9E, 0xE71C, 0x3923, 0x48A0,
    0x58E0, 0x2860, 0x0000, 0x0000, 0x0000, 0x0000, 0x0000, 0x0000,
    0x0000, 0x0000, 0x0000, 0x0020, 0x0841, 0x0861, 0x0841, 0x1020,
    0x0800, 0x7AA5, 0xFDEE, 0xFE51, 0xFE93, 0xFEB4, 0xFED5, 0xFE92,
    0xF486, 0xDB63, 0xDB64, 0xDB64, 0xDB43, 0xD322, 0xD302, 0xCAE2,
    0xD322, 0xD322, 0xD302, 0xDB42, 0xBAA1, 0x99E0, 0xB281, 0xC2C1,
    0xD322, 0xDB42, 0xC2C2, 0xC2C2, 0xC2E2, 0xC2C1, 0xBA81, 0xAA00,
    0xAA41, 0xB281, 0xBAA1, 0xCB02, 0xEC25, 0xFDCE, 0xFE10, 0xFE10,
    0xF5F0, 0xED8D, 0xED2B, 0xE4A8, 0xDC67, 0xCBE5, 0xC3A4, 0xCBE5,
    0xD426, 0xD426, 0xD406, 0xCBC5, 0xBB23, 0xAAC2, 0xBB43, 0xDC26,
    0xE487, 0xECE8, 0xF56B, 0xF5AC, 0xF5CD, 0xF5CD, 0xFDEE, 0xFDEE,
    0xFE2F, 0xFE91, 0xF5AE, 0xD385, 0xDB85, 0xE3C5, 0xEC66, 0xC3C8,
    0xB348, 0xB328, 0xAAC7, 0xA246, 0xA226, 0xAA66, 0xAA66, 0xAA66,
    0xAA46, 0xAA46, 0xB287, 0xB287, 0xBAA7, 0xBAC8, 0xCB09, 0xCB4A,
    0xD34A, 0xDB8B, 0xDBAB, 0xDBAB, 0xDB8B, 0xE40C, 0xE42D, 0xEC6E,
    0xEC6E, 0xEC6E, 0xECAF, 0xECCF, 0xF4CF, 0xECAE, 0xF4EF, 0xF50F,
    0xF50F, 0xF570, 0xF591, 0xF591, 0xF5B1, 0xF5D1, 0xF5F1, 0xF5F1,
    0xF5F1, 0xEDD1, 0xEDD0, 0xEDD0, 0xF612, 0xF653, 0xFF7A, 0xEEB9,
    0xCDD6, 0xCE18, 0xD638, 0xCE18, 0xCE18, 0xCE18, 0xCE18, 0xCDF8,
    0xCDF8, 0xC5F8, 0xC5F8, 0xC5F8, 0xC5F8, 0xC5F8, 0xC5F8, 0xCDF8,
    0x9329, 0x9329, 0x9329, 0x9329, 0x9329, 0x9329, 0x8B29, 0x8B29,
    0x8B29, 0x8B09, 0x8B09, 0x8B09, 0x8B09, 0x8B09, 0x8B09, 0x8B09,
    0x8B09, 0x8B09, 0x9329, 0x9B49, 0x9B49, 0x9B49, 0x9B49, 0x9B49,
    0x9329, 0x8309, 0x82E8, 0x82C8, 0x82C7, 0x82A7, 0x7A86, 0x7A65,
    0x7A44, 0x7A23, 0x7A02, 0x7A02, 0x7A02, 0x7A02, 0x7A02, 0x7A02,
    0x8222, 0x8222, 0x8243, 0x8243, 0x8A63, 0x8A63, 0x8A63, 0x8A63,
    0x8A83, 0x8A83, 0x8A84, 0x92A4, 0x92E5, 0x9B26, 0xA368, 0xABA9,
    0xABC9, 0xB3E9, 0xB3EA, 0xABEA, 0xA3A9, 0x9B89, 0x9369, 0x8B48,
    0x8B48, 0x9369, 0x9B89, 0xED6D, 0xFDED, 0xFEB2, 0xFE70, 0xFE0D,
    0xFE4F, 0xFE70, 0xFE2E, 0xFDEC, 0xFD8A, 0xFDAA, 0xFDEC, 0xFDCB,
    0x9B47, 0xDE37, 0xFF7D, 0xF75D, 0xFFBE, 0xD679, 0x30C1, 0x50E0,
    0x6100, 0x2060, 0x0000, 0x0820, 0x0000, 0x0000, 0x0000, 0x0000,
    0x0000, 0x0000, 0x0000, 0x0000, 0x0020, 0x0820, 0x0020, 0x1820,
    0x0800, 0x9B26, 0xFDEE, 0xFE51, 0xFEB3, 0xFED4, 0xFEF5, 0xFE4F,
    0xEC04, 0xDB63, 0xDB63, 0xE384, 0xDB63, 0xD342, 0xDB63, 0xE3A3,
    0xE383, 0xDB62, 0xDB63, 0xD322, 0xBA81, 0xAA20, 0xB241, 0xDB62,
    0xDB62, 0xDB63, 0xCAE2, 0xCAE1, 0xD2E1, 0xC2A1, 0xAA41, 0x99E0,
    0xAA40, 0xAA41, 0xBAC2, 0xDBA3, 0xF52B, 0xFE31, 0xFE30, 0xF610,
    0xF5CF, 0xED6C, 0xE4EA, 0xDC67, 0xC3C5, 0xCC05, 0xE488, 0xECE9,
    0xF54A, 0xFD6A, 0xFD8B, 0xFD8B, 0xED09, 0xDC47, 0xC364, 0xBB23,
    0xCBA4, 0xDC46, 0xECC8, 0xED09, 0xF54A, 0xF5AC, 0xFDED, 0xFE0F,
    0xFE0F, 0xFE92, 0xDC48, 0xBA81, 0xCB03, 0xDB84, 0xEC87, 0xCC09,
    0xC40A, 0xCC4B, 0xCC2B, 0xC38A, 0xC349, 0xBB09, 0xBAE8, 0xBAE8,
    0xBAC8, 0xC2E8, 0xCB09, 0xCB09, 0xCB09, 0xCB29, 0xD38B, 0xDBCB,
    0xDBAB, 0xE40C, 0xE42D, 0xE42D, 0xE3EC, 0xEC4D, 0xECAF, 0xECAF,
    0xECAF, 0xECAE, 0xF4EF, 0xF4EF, 0xF510, 0xF4EF, 0xF4EF, 0xF550,
    0xF591, 0xF5B1, 0xF5D1, 0xF5F2, 0xFE33, 0xF653, 0xF653, 0xF653,
    0xF653, 0xF653, 0xF632, 0xEDD0, 0xF632, 0xFF39, 0xF6D9, 0xD5F6,
    0xCDD7, 0xCE18, 0xCE18, 0xCE18, 0xCE18, 0xCE18, 0xCE18, 0xCE18,
    0xCE18, 0xCDF8, 0xCDF8, 0xCDF8, 0xCE18, 0xCE18, 0xCE18, 0xCE18,
    0x934A, 0x934A, 0x934A, 0x934A, 0x934A, 0x934A, 0x934A, 0x932A,
    0x932A, 0x8B29, 0x8B29, 0x8B29, 0x8B29, 0x8B29, 0x8B09, 0x8B09,
    0x9329, 0x9B69, 0xA369, 0xA38A, 0xAB8A, 0xAB89, 0xA38A, 0xA389,
    0x9B69, 0x9349, 0x8309, 0x82E8, 0x82C8, 0x82C7, 0x82A6, 0x8285,
    0x7A64, 0x7A23, 0x7A02, 0x7A02, 0x7A02, 0x7A02, 0x7A02, 0x8222,
    0x8222, 0x8223, 0x8243, 0x8A43, 0x8A63, 0x8A63, 0x8A63, 0x8A63,
    0x8A83, 0x8A84, 0x8A84, 0x92A4, 0x92E5, 0x9B26, 0xA388, 0xABA9,
    0xABE9, 0xB3EA, 0xB3EA, 0xABEA, 0xA3A9, 0x9BA9, 0x9369, 0x9369,
    0x8B48, 0x8B48, 0xCCCC, 0xFDED, 0xFE91, 0xFED2, 0xFE6F, 0xFDAA,
    0xFE2E, 0xFE2E, 0xFE2E, 0xFE2D, 0xFE0C, 0xFDEC, 0xFE2D, 0xFE2D,
    0xABA8, 0xCD95, 0xFF5C, 0xF75C, 0xFFDE, 0xD679, 0x2880, 0x58E0,
    0x6940, 0x2860, 0x0000, 0x0800, 0x0000, 0x0000, 0x0000, 0x0000,
    0x0000, 0x0000, 0x0000, 0x0000, 0x0000, 0x0020, 0x0000, 0x1820,
    0x1820, 0xC469, 0xFE10, 0xFE73, 0xFEB4, 0xFED4, 0xFEF4, 0xFDAC,
    0xF466, 0xE3C3, 0xE3A3, 0xDB63, 0xE3A4, 0xF404, 0xF424, 0xF445,
    0xEBE4, 0xE3A3, 0xE383, 0xDB22, 0xBA81, 0xB261, 0xDB63, 0xEBE4,
    0xEBC4, 0xD343, 0xCB02, 0xCB02, 0xC2C1, 0xAA21, 0xB281, 0xA241,
    0xA221, 0xBAA1, 0xC2C1, 0xEC87, 0xFE0F, 0xFE31, 0xF611, 0xF5CF,
    0xED8E, 0xED4C, 0xDCA8, 0xC3C5, 0xD406, 0xF529, 0xF56B, 0xECEA,
    0xCC69, 0xC449, 0xCC69, 0xDCEA, 0xF5AC, 0xFE0D, 0xFDCD, 0xE4EA,
    0xBB43, 0xC343, 0xDC26, 0xE4A7, 0xED09, 0xF58C, 0xFDEE, 0xFE2F,
    0xFE0F, 0xFE71, 0xE469, 0xCAE2, 0xD323, 0xE3E5, 0xECC9, 0xCC29,
    0xCC4A, 0xD46A, 0xDCAC, 0xDCAD, 0xDC4C, 0xD40C, 0xD3EC, 0xD3AB,
    0xCB4A, 0xD36A, 0xD38A, 0xD36A, 0xDB8B, 0xDBAB, 0xE3EC, 0xE3EC,
    0xE3EC, 0xEC4E, 0xEC8E, 0xECAF, 0xECAF, 0xEC8E, 0xF4F0, 0xF510,
    0xF510, 0xF510, 0xF4F0, 0xF530, 0xF530, 0xF571, 0xF551, 0xF550,
    0xF5D2, 0xFDF2, 0xF5F2, 0xF5F1, 0xF612, 0xF633, 0xF612, 0xEDD1,
    0xF612, 0xEDF1, 0xE58F, 0xF5F0, 0xFEF7, 0xEE97, 0xCD94, 0xCDB5,
    0xCDF7, 0xCE17, 0xCE18, 0xCE18, 0xCE18, 0xCE18, 0xCE18, 0xCE18,
    0xCE18, 0xCE18, 0xCE18, 0xCE18, 0xCE18, 0xCE18, 0xCE18, 0xCE18,
    0x934A, 0x934A, 0x934A, 0x934A, 0x934A, 0x934A, 0x934A, 0x934A,
    0x932A, 0x932A, 0x932A, 0x932A, 0x8B29, 0x8B29, 0x8B29, 0x9329,
    0x9B69, 0xABAA, 0xABCA, 0xB3CA, 0xB3CA, 0xB3CA, 0xB3CA, 0xABCA,
    0xABAA, 0x9B69, 0x9349, 0x8AE8, 0x82C8, 0x82C7, 0x82A6, 0x8286,
    0x8265, 0x8243, 0x7A22, 0x7A02, 0x7A02, 0x8202, 0x8222, 0x8222,
    0x8223, 0x8243, 0x8243, 0x8A43, 0x8A63, 0x8A63, 0x8A63, 0x8A63,
    0x8A84, 0x8A84, 0x8A84, 0x92A4, 0x92E5, 0x9B26, 0xA368, 0xABA8,
    0xABC9, 0xB3EA, 0xB3EA, 0xABEA, 0xA3CA, 0x9BA9, 0x9369, 0x9369,
    0x8B28, 0xA3C9, 0xFD8B, 0xFD4A, 0xFD6B, 0xFD4B, 0xF486, 0xF4C7,
    0xFE70, 0xFE70, 0xFE4E, 0xFE0D, 0xFDEB, 0xFDAA, 0xFDEC, 0xFE6E,
    0xDCEB, 0xBCB0, 0xF71B, 0xF75C, 0xFFBE, 0xDEBA, 0x28A1, 0x50C0,
    0x8180, 0x48C0, 0x0000, 0x0820, 0x0820, 0x0820, 0x0000, 0x0000,
    0x0000, 0x0000, 0x0820, 0x0820, 0x0840, 0x0820, 0x0800, 0x1000,
    0x3902, 0xED8D, 0xFE51, 0xFE93, 0xFED4, 0xFED4, 0xFE2F, 0xFD08,
    0xF466, 0xEBE4, 0xF425, 0xEBE4, 0xF486, 0xF466, 0xF445, 0xF445,
    0xF404, 0xEC04, 0xE3A3, 0xD322, 0xAA20, 0xAA21, 0xE3A3, 0xE3C4,
    0xEBC3, 0xDB63, 0xDB83, 0xD342, 0xBA81, 0xB261, 0xC2E2, 0xBAC2,
    0xB281, 0xC2E2, 0xD343, 0xF56C, 0xFE52, 0xFE31, 0xF610, 0xEDAE,
    0xE54C, 0xDCCA, 0xCBE6, 0xDC88, 0xECE9, 0xB3C7, 0x7244, 0x3902,
    0x1860, 0x1860, 0x1040, 0x1840, 0x4962, 0xA367, 0xED8D, 0xFE4E,
    0xF5AC, 0xC3A5, 0xCBA4, 0xE487, 0xECE9, 0xF54B, 0xFDAC, 0xFDCD,
    0xFDEE, 0xFE50, 0xF4EA, 0xE3A4, 0xEC26, 0xFD2A, 0xED0A, 0xCC4A,
    0xCC6A, 0xD44A, 0xDCAC, 0xDCED, 0xE4CD, 0xE4CE, 0xE48E, 0xDC4D,
    0xDBCC, 0xDBCB, 0xDBCB, 0xE3EC, 0xE3CC, 0xE40C, 0xE42D, 0xE42D,
    0xEC2D, 0xEC6E, 0xF4CF, 0xF4CF, 0xF4F0, 0xF510, 0xF530, 0xF531,
    0xF551, 0xF530, 0xF510, 0xF551, 0xFD71, 0xFD92, 0xFDB2, 0xFDD2,
    0xFDF2, 0xF5D1, 0xFE32, 0xFE53, 0xF612, 0xF612, 0xF632, 0xF612,
    0xEDB0, 0xE590, 0xEE12, 0xFF17, 0xEE76, 0xC511, 0xCD73, 0xCDB5,
    0xCDF7, 0xCE17, 0xCE18, 0xCE18, 0xCE18, 0xCE18, 0xCE18, 0xCE18,
    0xCE18, 0xCE18, 0xCE18, 0xCE18, 0xCE18, 0xCE38, 0xCE38, 0xCE38,
    0x934A, 0x934A, 0x934A, 0x934A, 0x934A, 0x934A, 0x934A, 0x934A,
    0x934A, 0x934A, 0x932A, 0x934A, 0x932A, 0x934A, 0x934A, 0x9B6A,
    0xABAA, 0xB3CA, 0xBC0A, 0xBC0B, 0xC42B, 0xC42B, 0xBC0A, 0xBC0A,
    0xB3CA, 0xABAA, 0x9B69, 0x9329, 0x82E8, 0x82C7, 0x82A6, 0x8286,
    0x8265, 0x8244, 0x7A23, 0x7A02, 0x7A02, 0x8222, 0x8222, 0x8222,
    0x8243, 0x8243, 0x8243, 0x8A43, 0x8A63, 0x8A63, 0x8A83, 0x8A83,
    0x8A83, 0x8A84, 0x92A4, 0x92C4, 0x92E5, 0x9B26, 0xA367, 0xABA8,
    0xABC9, 0xB3E9, 0xB3EA, 0xABEA, 0xA3CA, 0x9BA9, 0x9389, 0x9369,
    0x8B49, 0xDCCA, 0xFCE8, 0xF4A7, 0xF467, 0xEBE5, 0xEBC5, 0xFDEE,
    0xFEB2, 0xFE4F, 0xFE2E, 0xFE0C, 0xFDEC, 0xFDAA, 0xFDEC, 0xFE2E,
    0xFE2E, 0xD4AC, 0xDE37, 0xF73C, 0xF77D, 0xEEFB, 0x2903, 0x58E0,
    0x99E0, 0x7160, 0x0000, 0x0840, 0x0840, 0x0840, 0x0840, 0x0840,
    0x0840, 0x1040, 0x1040, 0x1040, 0x1060, 0x0820, 0x1840, 0x0000,
    0x7A85, 0xFE50, 0xFE73, 0xFED4, 0xFED4, 0xFEB3, 0xF4C7, 0xF445,
    0xF486, 0xFC86, 0xFCA6, 0xFCC6, 0xFCE7, 0xF465, 0xF445, 0xEBE4,
    0xF424, 0xF425, 0xEBC3, 0xCAE1, 0xBA60, 0xC2A1, 0xDB43, 0xDB42,
    0xE383, 0xEBC4, 0xE383, 0xD302, 0xBA81, 0xB281, 0xB281, 0xBAA1,
    0xCB02, 0xCAE1, 0xE425, 0xFDEF, 0xF610, 0xF611, 0xF5CF, 0xED6D,
    0xDCEB, 0xC3E6, 0xE4A8, 0xC428, 0x5182, 0x0000, 0x0000, 0x0820,
    0x1060, 0x1861, 0x0000, 0x0000, 0x0000, 0x1840, 0x38E1, 0x9B27,
    0xF5CD, 0xF5AD, 0xC3A5, 0xDC06, 0xECC8, 0xF52A, 0xF56B, 0xFDAC,
    0xFDEE, 0xFE2F, 0xFD6B, 0xFD2A, 0xFD6C, 0xFDCD, 0xED2B, 0xCC49,
    0xCC6A, 0xCC29, 0xD46A, 0xDCCC, 0xE4ED, 0xED0E, 0xED0F, 0xECAE,
    0xE42D, 0xE42D, 0xE42D, 0xE40D, 0xE40C, 0xE42D, 0xEC2D, 0xEC6E,
    0xEC8E, 0xF48E, 0xF4F0, 0xF4F0, 0xF510, 0xF530, 0xF531, 0xFD71,
    0xFD92, 0xFD71, 0xFD71, 0xFD71, 0xFDB2, 0xFDB2, 0xFDF2, 0xFDF2,
    0xFE12, 0xFE53, 0xFE33, 0xF5F1, 0xF633, 0xF653, 0xF633, 0xEDB0,
    0xE58F, 0xF633, 0xFF38, 0xE635, 0xC4D0, 0xC4F1, 0xC553, 0xCDB5,
    0xCDF6, 0xCE17, 0xCE18, 0xCE18, 0xCE18, 0xCE18, 0xCE18, 0xCE18,
    0xCE18, 0xCE18, 0xCE38, 0xCE18, 0xD638, 0xD638, 0xD639, 0xD639,
    0x936A, 0x936A, 0x936A, 0x936A, 0x936A, 0x936A, 0x934A, 0x934A,
    0x934A, 0x934A, 0x934A, 0x934A, 0x934A, 0x9B6A, 0x9B6A, 0xA3AA,
    0xB3CA, 0xBC0A, 0xC42B, 0xCC4B, 0xCC6B, 0xCC6B, 0xCC4B, 0xC42B,
    0xBC0A, 0xB3CA, 0xABAA, 0x9B49, 0x9308, 0x8AC7, 0x82A6, 0x8286,
    0x8265, 0x8264, 0x8223, 0x7A22, 0x8222, 0x8222, 0x8222, 0x8223,
    0x8243, 0x8243, 0x8A43, 0x8A63, 0x8A63, 0x8A63, 0x8A83, 0x9283,
    0x8A83, 0x8A84, 0x92A4, 0x92C4, 0x92E5, 0x9B26, 0xA367, 0xABA8,
    0xABC9, 0xB3E9, 0xB3EA, 0xABEA, 0xA3CA, 0x9BAA, 0x9389, 0x8B49,
    0xA3C9, 0xFD09, 0xFD29, 0xFCC8, 0xF446, 0xF52B, 0xFEB2, 0xFED3,
    0xFE90, 0xFE4F, 0xFE2E, 0xFE0D, 0xFDCB, 0xFD8A, 0xFDAB, 0xFDEC,
    0xFE4E, 0xFDED, 0xDD50, 0xE699, 0xEF1B, 0xFF5C, 0x5A48, 0x50A0,
    0xA200, 0xA220, 0x1020, 0x0000, 0x1040, 0x1040, 0x1040, 0x1040,
    0x1060, 0x1060, 0x1040, 0x1040, 0x0820, 0x1840, 0x3080, 0x1020,
    0xC46A, 0xFE92, 0xFE93, 0xFEB4, 0xFEF5, 0xFDED, 0xF465, 0xF4A6,
    0xFCE7, 0xFD07, 0xFCA5, 0xF424, 0xF485, 0xFC85, 0xF424, 0xE3C4,
    0xF404, 0xF425, 0xEBE4, 0xD302, 0xCAC1, 0xCAC1, 0xCAC2, 0xD302,
    0xE363, 0xEC25, 0xE383, 0xC2C1, 0xB241, 0xBAA1, 0xBAA1, 0xC2C1,
    0xDB83, 0xE3E4, 0xFD6B, 0xFE30, 0xFE30, 0xF5F0, 0xED8E, 0xE52C,
    0xCC28, 0xDC67, 0xA366, 0x20A1, 0x20E3, 0x5A68, 0x83AD, 0xA491,
    0xA470, 0x838C, 0x6AA9, 0x4185, 0x2081, 0x1020, 0x0000, 0x0000,
    0x59A3, 0xF5EE, 0xE50A, 0xC384, 0xE487, 0xED09, 0xF54A, 0xFD8B,
    0xFDCD, 0xFE0F, 0xFDAC, 0xFDCD, 0xFDCD, 0xFDAD, 0xE4EB, 0xC409,
    0xCC29, 0xD46A, 0xD42A, 0xE48C, 0xE4CD, 0xECCE, 0xECCE, 0xF4EF,
    0xECEF, 0xECCF, 0xECAF, 0xEC8E, 0xEC6E, 0xEC6E, 0xEC4D, 0xEC4D,
    0xF4EF, 0xF4EF, 0xF4EF, 0xF4F0, 0xF530, 0xFD51, 0xFD51, 0xFD71,
    0xFD92, 0xFDB2, 0xFD91, 0xFDB2, 0xFDB2, 0xFDD2, 0xFE33, 0xFDF2,
    0xFDF1, 0xF5F1, 0xFE33, 0xF632, 0xF5F1, 0xEDB0, 0xE58F, 0xEDD0,
    0xFE74, 0xFEF7, 0xDDB3, 0xBC8D, 0xBC8E, 0xC4F0, 0xC532, 0xCD74,
    0xCDB5, 0xCDF7, 0xCDF7, 0xCDF7, 0xCDF7, 0xCDF7, 0xCDF7, 0xCDF7,
    0xCE17, 0xCE18, 0xCE18, 0xCE18, 0xCE18, 0xD618, 0xD638, 0xD638,
    0x936B, 0x936B, 0x936A, 0x936A, 0x936A, 0x936A, 0x936A, 0x934A,
    0x934A, 0x934A, 0x934A, 0x936A, 0x9B6A, 0xA38A, 0xABAA, 0xB3EA,
    0xBC0B, 0xC42B, 0xCC6B, 0xD48B, 0xD48B, 0xD48B, 0xD46B, 0xCC4B,
    0xC42A, 0xBBEA, 0xB3CA, 0xA389, 0x9B48, 0x9308, 0x82A6, 0x8285,
    0x8265, 0x8244, 0x8223, 0x8223, 0x8222, 0x8222, 0x8223, 0x8223,
    0x8243, 0x8243, 0x8A43, 0x8A63, 0x8A63, 0x8A63, 0x9284, 0x9284,
    0x9284, 0x8A84, 0x92A4, 0x92A4, 0x92E5, 0x9B26, 0xA367, 0xABA8,
    0xABC9, 0xB3EA, 0xB3EA, 0xABEA, 0xA3CA, 0x9BAA, 0x9B89, 0x8B69,
    0xDCCB, 0xFD4A, 0xFCC8, 0xF4C9, 0xFE51, 0xFF36, 0xFED3, 0xFE91,
    0xFE90, 0xFE6F, 0xFE2E, 0xFDCC, 0xFDCB, 0xFD8A, 0xFD69, 0xFDEC,
    0xFE0D, 0xFE4E, 0xFE2E, 0xE5D1, 0xDE17, 0xF73C, 0xA4B2, 0x3840,
    0x89C0, 0x81A0, 0x5100, 0x0000, 0x0820, 0x1040, 0x0840, 0x1040,
    0x1040, 0x1040, 0x0820, 0x0000, 0x1040, 0x48E0, 0x2820, 0x5183,
    0xFE30, 0xFE93, 0xFEB3, 0xFEB3, 0xFE91, 0xFDED, 0xFD49, 0xFD49,
    0xFCE7, 0xFCA6, 0xF486, 0xF486, 0xFD07, 0xFCA6, 0xF445, 0xF404,
    0xEBE4, 0xEBE4, 0xE383, 0xC2C1, 0xCAC1, 0xD322, 0xC2C1, 0xC281,
    0xE383, 0xF486, 0xEC25, 0xD322, 0xBAA1, 0xBAA1, 0xCB22, 0xCB02,
    0xD363, 0xF4C8, 0xFE0E, 0xFE30, 0xF5EF, 0xEDCF, 0xED6E, 0xD4AA,
    0xDC87, 0x9326, 0x0000, 0x18A2, 0x2903, 0x20E3, 0x2924, 0x5269,
    0x9C92, 0xDE58, 0xCDF6, 0xB533, 0x93CD, 0x49A5, 0x0800, 0x0020,
    0x0000, 0x4122, 0xDD0B, 0xD426, 0xDC46, 0xECE8, 0xF54A, 0xF58B,
    0xFDED, 0xFE2F, 0xFE0E, 0xFD8C, 0xECA8, 0xFD6B, 0xD48A, 0xC409,
    0xCC29, 0xCC4A, 0xDC8B, 0xDC4B, 0xECAD, 0xECEF, 0xF4EE, 0xF4EF,
    0xF530, 0xF551, 0xF551, 0xF530, 0xF510, 0xF510, 0xF530, 0xF530,
    0xF531, 0xFD51, 0xF551, 0xFD71, 0xFD92, 0xFDB2, 0xFDB2, 0xFD92,
    0xFDD2, 0xFDD2, 0xFDB2, 0xFDF3, 0xFE13, 0xFDF2, 0xFE54, 0xFE75,
    0xFE33, 0xF612, 0xF612, 0xF654, 0xF653, 0xEDB0, 0xEDAF, 0xFEB6,
    0xF6D8, 0xC4CF, 0xABEA, 0xB42C, 0xBC8E, 0xBCCF, 0xC511, 0xC553,
    0xCD94, 0xCDB5, 0xCDD6, 0xCDD6, 0xCDD6, 0xCDD6, 0xCDD6, 0xCDD6,
    0xCDD6, 0xCDF6, 0xCDF7, 0xCDF7, 0xCDF7, 0xCDF7, 0xCE17, 0xD617,
    0x936B, 0x936B, 0x936B, 0x936A, 0x936A, 0x9B6A, 0x936A, 0x936A,
    0x936A, 0x9B6A, 0x9B6A, 0x9B6A, 0xA38A, 0xABAA, 0xB3EA, 0xBC0B,
    0xC44B, 0xCC6B, 0xD48B, 0xDCAB, 0xDCCB, 0xDCAB, 0xD48B, 0xCC6B,
    0xCC4B, 0xC42A, 0xBBEA, 0xB3A9, 0xA369, 0x9B28, 0x8AE7, 0x8286,
    0x8265, 0x8244, 0x8223, 0x8223, 0x8223, 0x8223, 0x8223, 0x8223,
    0x8243, 0x8A43, 0x8A43, 0x8A63, 0x8A63, 0x8A83, 0x9284, 0x9284,
    0x9284, 0x9284, 0x92A4, 0x92A4, 0x92E5, 0x9B26, 0xA367, 0xABA8,
    0xABC9, 0xB3E9, 0xB3EA, 0xABEA, 0xA3CA, 0x9BAA, 0x9389, 0xBC4B,
    0xFD6A, 0xFDEE, 0xFE30, 0xFEF4, 0xFF15, 0xFED4, 0xFEB2, 0xFE91,
    0xFE70, 0xFE4F, 0xFE0E, 0xFDCD, 0xFDAC, 0xFD8B, 0xFD8A, 0xFD69,
    0xFDAA, 0xFDCB, 0xFE2D, 0xFE2E, 0xF5CE, 0xE614, 0xE699, 0x4185,
    0x3040, 0x5900, 0x91E0, 0x5940, 0x0000, 0x0000, 0x0820, 0x0840,
    0x0820, 0x0820, 0x0000, 0x1040, 0x40C0, 0x48C0, 0x2040, 0xC48B,
    0xFEB3, 0xFE93, 0xFEB4, 0xFE92, 0xFE4F, 0xFE4F, 0xFDAB, 0xFCA5,
    0xF465, 0xF445, 0xF4A6, 0xFCE6, 0xFCA5, 0xFCA5, 0xFCA6, 0xF424,
    0xF424, 0xEBE4, 0xE383, 0xCAE2, 0xDB22, 0xE3A3, 0xD322, 0xDB63,
    0xF445, 0xF4A7, 0xEC25, 0xE3A3, 0xDB63, 0xD302, 0xCB02, 0xC2E2,
    0xCB42, 0xF509, 0xFE30, 0xFE51, 0xF610, 0xEDAF, 0xDD0C, 0xDCA9,
    0xAB87, 0x0020, 0x0000, 0x0800, 0x1840, 0x1861, 0x0800, 0x0000,
    0x0000, 0x4A49, 0xDE9A, 0xF75C, 0xD617, 0xA470, 0x51E6, 0x1020,
    0x1040, 0x0000, 0x82C5, 0xE4C8, 0xCBE5, 0xECC8, 0xED09, 0xF58B,
    0xFDCD, 0xFE0F, 0xF54B, 0xDC06, 0xD364, 0xECE9, 0xBBC7, 0xC3E8,
    0xC408, 0xC3E8, 0xD46A, 0xE4CC, 0xE48C, 0xECCE, 0xF52F, 0xF52F,
    0xF550, 0xF571, 0xF571, 0xF571, 0xF571, 0xFD91, 0xFD71, 0xFDB2,
    0xFDB2, 0xFD91, 0xF530, 0xFD92, 0xFD92, 0xFDB2, 0xFDB1, 0xFDD2,
    0xFDF3, 0xFE13, 0xFDF2, 0xF5B1, 0xFDF1, 0xFE53, 0xFE74, 0xFE53,
    0xFE33, 0xFE74, 0xF612, 0xE54E, 0xEDAF, 0xF5F1, 0xFEF7, 0xF6D8,
    0xCD31, 0xABCB, 0xB3EA, 0xB40B, 0xBC4D, 0xBC8E, 0xBCD0, 0xC511,
    0xC552, 0xC573, 0xC574, 0xC574, 0xC574, 0xC574, 0xC594, 0xC595,
    0xCD95, 0xCD95, 0xCDB5, 0xCDB5, 0xCDB5, 0xCDB5, 0xCDD6, 0xCDD6,
    0x9B6B, 0x936B, 0x936A, 0x936A, 0x936A, 0x936A, 0x9B6A, 0x9B6A,
    0x9B6A, 0x9B6A, 0x9B8A, 0xA38A, 0xABCA, 0xB3EB, 0xBC0B, 0xC44B,
    0xCC6B, 0xD48B, 0xDCAC, 0xDCCC, 0xDCCC, 0xDCCB, 0xDCAB, 0xD48B,
    0xCC6B, 0xCC4A, 0xC42A, 0xBBEA, 0xABA9, 0xA368, 0x9B07, 0x8AC6,
    0x8285, 0x8244, 0x7A23, 0x7A22, 0x7A23, 0x8223, 0x8223, 0x8243,
    0x8243, 0x8243, 0x8A63, 0x8A63, 0x8A63, 0x8A83, 0x9284, 0x9284,
    0x9284, 0x9284, 0x92A4, 0x92A4, 0x9AE6, 0x9B27, 0xA367, 0xABA8,
    0xB3C9, 0xB3E9, 0xB3EA, 0xABEA, 0xA3CA, 0x9BAA, 0x9B89, 0xE56E,
    0xFEB3, 0xFF36, 0xFEF4, 0xFEB2, 0xFED4, 0xFED3, 0xFE92, 0xFE92,
    0xFE72, 0xFE31, 0xFDCF, 0xFD6E, 0xFDAE, 0xFDAD, 0xFDAD, 0xFDAB,
    0xFD8A, 0xFD8A, 0xFDAA, 0xFDCC, 0xFE0C, 0xFE2F, 0xFE73, 0xC4EF,
    0x30C1, 0x3880, 0x6100, 0x91C0, 0x5900, 0x1820, 0x0000, 0x0000,
    0x0800, 0x1020, 0x3880, 0x50E0, 0x3880, 0x2000, 0x82C6, 0xFEB3,
    0xFEB4, 0xFEB4, 0xFEB2, 0xFE91, 0xFE70, 0xFE71, 0xFDEE, 0xFD8C,
    0xF54C, 0xFDCF, 0xFE30, 0xFE30, 0xFDEE, 0xFDCD, 0xFD4A, 0xFD29,
    0xFCE7, 0xFC64, 0xF403, 0xDB42, 0xDB62, 0xE3A4, 0xDB83, 0xF425,
    0xEBE4, 0xEC04, 0xF445, 0xEC04, 0xEC25, 0xEBC4, 0xDB63, 0xCB02,
    0xDBA3, 0xFD8B, 0xFE51, 0xF630, 0xF5CF, 0xED8F, 0xD489, 0xBC07,
    0x1881, 0x0000, 0x18C2, 0x4A08, 0x5269, 0x4A28, 0x39A6, 0x3124,
    0x0800, 0x0000, 0x3944, 0xDEBA, 0xEF3C, 0xCE17, 0xB4D2, 0x5A27,
    0x0800, 0x0000, 0x0800, 0x9B26, 0xDC67, 0xE4A7, 0xF529, 0xF58B,
    0xFE0E, 0xFDEE, 0xCB85, 0xC303, 0xD344, 0xE468, 0xAB25, 0xB345,
    0xBBA7, 0xCC29, 0xD46A, 0xDCCC, 0xE50D, 0xED0D, 0xF52F, 0xF54F,
    0xF591, 0xFDB2, 0xF591, 0xF571, 0xFD71, 0xFD91, 0xFD91, 0xFDB1,
    0xFDD2, 0xFDD2, 0xFD70, 0xFD91, 0xFDD2, 0xFDF2, 0xFDB1, 0xFDF3,
    0xFE13, 0xFDF2, 0xFE54, 0xFE53, 0xFE12, 0xFE12, 0xFE74, 0xFE74,
    0xFE54, 0xF612, 0xEDB0, 0xED8F, 0xF632, 0xFEF7, 0xE657, 0xBD11,
    0xAC6E, 0xAC0C, 0xABCA, 0xB3EA, 0xB42B, 0xBC6D, 0xBCAE, 0xBCD0,
    0xBCF1, 0xC511, 0xC532, 0xC512, 0xC532, 0xC532, 0xC533, 0xC553,
    0xC553, 0xC553, 0xC553, 0xC573, 0xCD73, 0xCD74, 0xCD74, 0xCD94,
    0x9B6B, 0x936A, 0x936A, 0x936A, 0x936A, 0x936A, 0x936A, 0x9B6A,
    0x9B6A, 0x9B8A, 0xA3AA, 0xABCB, 0xB3EB, 0xBC0B, 0xC44B, 0xCC8C,
    0xD4AC, 0xDCCC, 0xDCCC, 0xDCCC, 0xDCCC, 0xDCCB, 0xDCCB, 0xDCAB,
    0xD48B, 0xCC6B, 0xCC2A, 0xC40A, 0xB3C9, 0xAB89, 0xA348, 0x9307,
    0x8AA5, 0x8244, 0x7A23, 0x7A02, 0x7A02, 0x8222, 0x8223, 0x8223,
    0x8243, 0x8A43, 0x8A63, 0x8A63, 0x8A84, 0x8A84, 0x9284, 0x9284,
    0x92A4, 0x9284, 0x92A4, 0x92C5, 0x9B06, 0xA347, 0xA388, 0xABA8,
    0xB3C9, 0xB3E9, 0xB3EA, 0xABEA, 0xA3CA, 0x9B89, 0xAC2B, 0xFF57,
    0xFF15, 0xFE50, 0xFE91, 0xFEF4, 0xFED3, 0xFEB3, 0xFE92, 0xFE31,
    0xFD8F, 0xFCCC, 0xFC6B, 0xF40A, 0xFC6B, 0xFD6D, 0xFD8D, 0xFD8D,
    0xFDAC, 0xFDAC, 0xFD8A, 0xFD6A, 0xFDAB, 0xFE0D, 0xFE2E, 0xFE4F,
    0xF5EE, 0xCCCB, 0xB3E8, 0x9B05, 0x9263, 0x8202, 0x71A1, 0x6961,
    0x5920, 0x5920, 0x5900, 0x50E0, 0x38C0, 0x82C6, 0xFE71, 0xFE93,
    0xFEB3, 0xFED4, 0xFED4, 0xFED5, 0xFEF6, 0xFF17, 0xFF38, 0xFF39,
    0xFF38, 0xFF59, 0xFF59, 0xFF59, 0xFF38, 0xFF38, 0xFF37, 0xFF38,
    0xFEF5, 0xFE51, 0xFDAD, 0xFCE9, 0xEBC3, 0xEBA3, 0xEC25, 0xF466,
    0xEC04, 0xF424, 0xF485, 0xF4A6, 0xF486, 0xF425, 0xDB83, 0xD342,
    0xE404, 0xFDEE, 0xFE30, 0xF5CF, 0xF5CF, 0xE54D, 0xDC89, 0x4962,
    0x0000, 0x3965, 0x5ACB, 0x4A6A, 0x4228, 0x39E7, 0x31A7, 0x2945,
    0x41A6, 0x30E2, 0x1000, 0x41A6, 0xE6FB, 0xE6FB, 0xDE79, 0xB4F2,
    0x3103, 0x0800, 0x0800, 0x9B26, 0xF52A, 0xDC46, 0xED29, 0xF5AC,
    0xFE0E, 0xF5CE, 0xC303, 0xCAE3, 0xE3C5, 0xDBE6, 0xA2C3, 0xAB25,
    0xBB86, 0xC408, 0xD46A, 0xDCCB, 0xE4EC, 0xED6E, 0xED6F, 0xF56F,
    0xF56F, 0xF5B1, 0xFDB2, 0xFDB2, 0xFDD2, 0xFDB2, 0xFDB1, 0xFDD2,
    0xFDD2, 0xFDD2, 0xFDD2, 0xFDF2, 0xFDD1, 0xFDB1, 0xFE12, 0xFDF2,
    0xFE53, 0xFE12, 0xFE32, 0xFE74, 0xFE74, 0xF653, 0xF5F1, 0xF5F1,
    0xF633, 0xF632, 0xEDAF, 0xFE74, 0xF6D8, 0xCDD6, 0xBD12, 0xACB0,
    0xAC4E, 0xAC0C, 0xABC9, 0xABC9, 0xB3EA, 0xB42B, 0xB44D, 0xBC8E,
    0xBCAF, 0xBCD0, 0xBCD0, 0xBCD0, 0xBCD0, 0xBCF0, 0xC4F1, 0xC511,
    0xC511, 0xC511, 0xC511, 0xC511, 0xC511, 0xC532, 0xC532, 0xCD52,
    0x9B6B, 0x9B6A, 0x936A, 0x936A, 0x936A, 0x936A, 0x936A, 0x9B6A,
    0xA38B, 0xABAB, 0xABCB, 0xBC0B, 0xBC2B, 0xC44B, 0xCC8C, 0xD4AC,
    0xDCCC, 0xDCEC, 0xDCEC, 0xDCCC, 0xDCCB, 0xDCCB, 0xDCCB, 0xDCCB,
    0xDCAB, 0xD48B, 0xCC6B, 0xCC4A, 0xC40A, 0xB3C9, 0xAB89, 0xA347,
    0x92E6, 0x8A84, 0x8223, 0x7A02, 0x7A02, 0x7A02, 0x8223, 0x8223,
    0x8243, 0x8243, 0x8A63, 0x8A64, 0x8A84, 0x9284, 0x9284, 0x92A4,
    0x92A4, 0x92A4, 0x92A4, 0x92C5, 0x9B06, 0xA347, 0xAB88, 0xABA8,
    0xABC9, 0xB3E9, 0xB3EA, 0xABEA, 0xA3EA, 0x9B89, 0xD5B1, 0xFE92,
    0xFCC8, 0xFDCE, 0xFF36, 0xFF15, 0xFE93, 0xFDF0, 0xFD8F, 0xFCED,
    0xFC6C, 0xF40A, 0xF40A, 0xFC2B, 0xFC4B, 0xFCED, 0xFD4E, 0xFD6E,
    0xFD8E, 0xFDEE, 0xFDED, 0xFDEC, 0xFDCB, 0xFD8A, 0xFD89, 0xFDAB,
    0xFE0D, 0xFE6E, 0xFE6E, 0xFE2D, 0xFDCC, 0xF5CC, 0xF5CE, 0xF5AC,
    0xED4B, 0xDCEA, 0xDCEA, 0xDCC9, 0xED2B, 0xFE92, 0xFEB4, 0xFED5,
    0xFF17, 0xFF18, 0xFF18, 0xFF38, 0xFF18, 0xFF38, 0xFF38, 0xFF38,
    0xFF18, 0xFF38, 0xFF38, 0xFF38, 0xFF38, 0xFF38, 0xFF59, 0xFF59,
    0xFF59, 0xFF59, 0xFF59, 0xFF17, 0xFE73, 0xFD6C, 0xFD6B, 0xFD08,
    0xFCC6, 0xFCA6, 0xFCA6, 0xFD07, 0xF4A7, 0xF445, 0xE3C4, 0xDB62,
    0xF509, 0xFE71, 0xFE30, 0xF5CF, 0xEDAF, 0xED4C, 0x9326, 0x0000,
    0x28E3, 0x5ACB, 0x39E8, 0x2124, 0x18E3, 0x2104, 0x18E3, 0x7BCF,
    0xFFDF, 0xD699, 0x3923, 0x1020, 0x8C10, 0xFFBE, 0xE6FB, 0xDE58,
    0x7B2B, 0x1020, 0x0800, 0x4942, 0xF529, 0xECA7, 0xFD8A, 0xFDED,
    0xFE2F, 0xF58E, 0xC2C2, 0xCB03, 0xEC26, 0xDC69, 0xBBA7, 0xB344,
    0xB365, 0xC3C7, 0xC3E8, 0xCC49, 0xDCCB, 0xE4EC, 0xED2D, 0xEDB0,
    0xED90, 0xF56F, 0xF5B1, 0xFDD1, 0xFDD1, 0xFDB1, 0xFDD2, 0xFDD2,
    0xFDD2, 0xFDD2, 0xFDD1, 0xFE13, 0xFE53, 0xFE12, 0xFE53, 0xFE74,
    0xFE53, 0xFE74, 0xFE33, 0xF633, 0xF633, 0xF612, 0xF612, 0xEDB0,
    0xEDB0, 0xF653, 0xFEB6, 0xEEB9, 0xC5B6, 0xB534, 0xB4F2, 0xB4B0,
    0xAC6E, 0xAC0C, 0xABC9, 0xABA8, 0xABC9, 0xB3EA, 0xB40B, 0xB44C,
    0xBC6D, 0xBC6E, 0xBC8E, 0xBC8E, 0xBC8E, 0xBC8E, 0xBCAF, 0xBCAF,
    0xBCAF, 0xC4AF, 0xC4CF, 0xC4CF, 0xC4CF, 0xC4D0, 0xC4F0, 0xC4F0,
    0x9B6B, 0x936A, 0x936A, 0x936A, 0x934A, 0x934A, 0x9B6A, 0xA3AB,
    0xABCB, 0xB3EB, 0xBC0B, 0xC42B, 0xC44B, 0xCC8B, 0xD4AC, 0xDCCC,
    0xE4EC, 0xE4EC, 0xE4EC, 0xDCCC, 0xDCCB, 0xDCCB, 0xDCCB, 0xDCCB,
    0xDCCB, 0xDCAB, 0xD48B, 0xD46B, 0xCC4A, 0xC40A, 0xB3C9, 0xAB68,
    0xA327, 0x92C5, 0x8A64, 0x8223, 0x7A02, 0x7A02, 0x8222, 0x8222,
    0x8243, 0x8243, 0x8A63, 0x8A63, 0x8A84, 0x9284, 0x9284, 0x92A4,
    0x92A4, 0x92A4, 0x92A4, 0x9AC5, 0x9B06, 0xA347, 0xAB88, 0xABA8,
    0xABC9, 0xB3E9, 0xB3E9, 0xABE9, 0xA3C9, 0xA3CA, 0xEDF0, 0xFD09,
    0xFCA8, 0xFE10, 0xFF58, 0xFE71, 0xFCEB, 0xFC8B, 0xFC6C, 0xFC4B,
    0xF44B, 0xF42B, 0xF42B, 0xFC6C, 0xFC6C, 0xFC4B, 0xFC6C, 0xFCCD,
    0xFD2E, 0xFD8E, 0xFDCE, 0xFE0E, 0xFE0E, 0xFDED, 0xFDAB, 0xFD8A,
    0xFDAA, 0xFD89, 0xFD68, 0xFD68, 0xFD89, 0xFD8A, 0xFDAA, 0xFD89,
    0xFD88, 0xFDAA, 0xFE0D, 0xFE92, 0xFEF6, 0xFEF7, 0xFF18, 0xFF38,
    0xFF38, 0xFF38, 0xFF38, 0xFF39, 0xFF38, 0xFF38, 0xFF38, 0xFF39,
    0xFF39, 0xFF38, 0xFF38, 0xFF38, 0xFF59, 0xFF38, 0xFF38, 0xFF59,
    0xFF38, 0xFF58, 0xFF38, 0xFF39, 0xFF59, 0xFF59, 0xFF38, 0xFED5,
    0xFE50, 0xFD49, 0xFD08, 0xFCE7, 0xF486, 0xF445, 0xEC05, 0xE3C3,
    0xFD6A, 0xFE71, 0xFE10, 0xEDAF, 0xE56E, 0xD4AB, 0x28C1, 0x0000,
    0x2124, 0x2124, 0x0841, 0x0000, 0x0000, 0x0000, 0x0000, 0xD6BA,
    0xFFDF, 0xFFFF, 0x7B4C, 0x28C3, 0x41E8, 0xDEDB, 0xF77D, 0xE6DA,
    0xBD13, 0x2903, 0x0800, 0x1840, 0x9B25, 0xC407, 0xBC08, 0xA387,
    0xEDEF, 0xED2C, 0xBAA2, 0xCB44, 0xEC26, 0xD572, 0xCDD5, 0xCCAC,
    0xC407, 0xC3C6, 0xC407, 0xC3E8, 0xCC28, 0xD48A, 0xDCCB, 0xE54D,
    0xEDB0, 0xED8F, 0xF5B0, 0xFE33, 0xFE53, 0xFDF2, 0xFDF2, 0xFE12,
    0xFE12, 0xFE12, 0xFE12, 0xFE33, 0xFE95, 0xFE74, 0xFE33, 0xFE74,
    0xFE74, 0xFE74, 0xF653, 0xF612, 0xF632, 0xF5F1, 0xED8F, 0xF5F1,
    0xF695, 0xEEB7, 0xE678, 0xC5F7, 0xBD96, 0xB554, 0xB512, 0xB4B1,
    0xAC6F, 0xAC0C, 0xABCA, 0xABA9, 0xABC9, 0xABCA, 0xB40B, 0xB42B,
    0xB42C, 0xB42C, 0xB42C, 0xB42C, 0xB44C, 0xB44D, 0xBC4D, 0xBC6D,
    0xBC6D, 0xBC6D, 0xBC6D, 0xBC6D, 0xBC8D, 0xBC8E, 0xBC8E, 0xC4AE,
    0x9B6A, 0x936A, 0x936A, 0x934A, 0x934A, 0x9B6A, 0xA38A, 0xABCA,
    0xB3EB, 0xBC0B, 0xC42B, 0xCC4B, 0xCC6B, 0xD4AC, 0xDCCC, 0xE4EC,
    0xE4EC, 0xE4EC, 0xE4EC, 0xDCCB, 0xDCCB, 0xDCCB, 0xDCCB, 0xDCCB,
    0xDCCB, 0xDCCB, 0xDCAB, 0xD48B, 0xCC6B, 0xCC4A, 0xBC09, 0xB3A8,
    0xAB67, 0x9B06, 0x92A5, 0x8A64, 0x7A23, 0x7A02, 0x8222, 0x8222,
    0x8223, 0x8243, 0x8A63, 0x8A63, 0x8A84, 0x9284, 0x9284, 0x92A4,
    0x92A4, 0x92A4, 0x92A4, 0x92C5, 0x9B06, 0xA347, 0xA387, 0xABA8,
    0xABC9, 0xB3E9, 0xABE9, 0xABE9, 0xA3C9, 0xA3A9, 0xED0B, 0xFCE9,
    0xF467, 0xFE72, 0xFF15, 0xFD4C, 0xFC8B, 0xFCCD, 0xFCCE, 0xFCAD,
    0xFC4C, 0xF42B, 0xFC6C, 0xFC2B, 0xFC2B, 0xFC2B, 0xF3EA, 0xFC0B,
    0xFC8C, 0xFD2D, 0xFD8E, 0xFDEF, 0xFE0E, 0xFDED, 0xFE2E, 0xFE2E,
    0xFE0D, 0xFDEC, 0xFDEC, 0xFDCB, 0xFDCB, 0xFDCB, 0xFDCB, 0xFDEC,
    0xFE50, 0xFED5, 0xFF18, 0xFF59, 0xFF39, 0xFF38, 0xFF39, 0xFF39,
    0xFF39, 0xFF38, 0xFF59, 0xFF59, 0xFF59, 0xFF59, 0xFF59, 0xFF59,
    0xFF59, 0xFF59, 0xFF38, 0xFF59, 0xFF59, 0xFF59, 0xFF59, 0xFF59,
    0xFF79, 0xFF59, 0xFF38, 0xFF39, 0xFF59, 0xFF59, 0xFF39, 0xFF39,
    0xFF59, 0xFF17, 0xFE30, 0xFD28, 0xF485, 0xF486, 0xF4A7, 0xF445,
    0xFD4A, 0xFE71, 0xFE10, 0xEDAF, 0xED6D, 0x8AE6, 0x0000, 0x1020,
    0x0861, 0x0841, 0x0000, 0x0000, 0x0000, 0x0000, 0x0000, 0x8C51,
    0xFFFF, 0xDEDB, 0x51E7, 0x4165, 0x3165, 0x9CB3, 0xFFDF, 0xE71B,
    0xDE58, 0x5A48, 0x0000, 0x0820, 0x0800, 0x28C1, 0x7A44, 0xD4A9,
    0xFE71, 0xE4CB, 0xB282, 0xCB44, 0xDC07, 0xC5B5, 0xC618, 0xCE18,
    0xD5B4, 0xD4AA, 0xCC27, 0xCC07, 0xCBE7, 0xCC28, 0xD4AA, 0xE4EC,
    0xED4E, 0xEDB0, 0xED4E, 0xF5D1, 0xFE95, 0xFE95, 0xFE54, 0xFE54,
    0xFE74, 0xFE53, 0xF612, 0xFE53, 0xFE95, 0xFEB5, 0xFE54, 0xF5F1,
    0xFE53, 0xF653, 0xF653, 0xED8F, 0xED6E, 0xF611, 0xFE74, 0xF6B8,
    0xD658, 0xC5F7, 0xC5F7, 0xBDD7, 0xBD96, 0xB554, 0xB513, 0xB4F1,
    0xB4B0, 0xB44E, 0xB40C, 0xAC0B, 0xAC0B, 0xB40B, 0xB42C, 0xB42C,
    0xB42C, 0xB42C, 0xB42C, 0xB42C, 0xB42C, 0xB42C, 0xB42C, 0xB44C,
    0xB44C, 0xBC4D, 0xBC4C, 0xBC4C, 0xBC4C, 0xBC4C, 0xBC6D, 0xBC6D,
    0x936A, 0x934A, 0x934A, 0x934A, 0x9B6A, 0xA38A, 0xABAA, 0xB3CA,
    0xBC0B, 0xC42B, 0xCC6B, 0xCC8B, 0xD4AC, 0xDCCC, 0xDCEC, 0xE50C,
    0xE4EC, 0xE4EC, 0xE4EB, 0xE4CB, 0xDCCB, 0xDCCB, 0xDCCB, 0xDCCB,
    0xDCCB, 0xDCCB, 0xDCCB, 0xDCAB, 0xD48B, 0xCC6A, 0xC42A, 0xBBC9,
    0xB388, 0xA347, 0x9AE6, 0x92A4, 0x8243, 0x7A02, 0x7A02, 0x8222,
    0x8222, 0x8243, 0x8A43, 0x8A63, 0x8A84, 0x9284, 0x9284, 0x92A4,
    0x92A4, 0x92A4, 0x92A4, 0x9AC5, 0x9B06, 0xA347, 0xA367, 0xABA8,
    0xABC9, 0xB3E9, 0xB3E9, 0xABE9, 0xA3C9, 0xABE9, 0xFD0A, 0xF447,
    0xF50B, 0xFF14, 0xFDEE, 0xFCCB, 0xFCCD, 0xF4AD, 0xFC8D, 0xFC4C,
    0xF42B, 0xFC4C, 0xF40A, 0xF3EA, 0xFC2B, 0xF3CA, 0xF3A9, 0xFC0A,
    0xFC6B, 0xFCCD, 0xFD4E, 0xFDAE, 0xFDEE, 0xFE0E, 0xFE0D, 0xFE2D,
    0xFE2D, 0xFE0D, 0xFE2D, 0xFE0D, 0xFE2D, 0xFE50, 0xFEB3, 0xFF17,
    0xFF39, 0xFF59, 0xFF59, 0xFF59, 0xFF59, 0xFF39, 0xFF59, 0xFF59,
    0xFF59, 0xFF59, 0xFF39, 0xFF59, 0xFF7A, 0xFF7A, 0xFF7A, 0xFF59,
    0xFF59, 0xFF5A, 0xFF7A, 0xFF7A, 0xFF7A, 0xFF7A, 0xFF7A, 0xFF7A,
    0xFF7A, 0xFF59, 0xFF59, 0xFF59, 0xFF5A, 0xFF5A, 0xFF59, 0xFF59,
    0xFF59, 0xFF59, 0xFF59, 0xFEB4, 0xFD4A, 0xF486, 0xF486, 0xF4A6,
    0xFD4A, 0xFE30, 0xF610, 0xEDAF, 0xDCEB, 0x3902, 0x0800, 0x0820,
    0x0000, 0x0000, 0x0000, 0x0000, 0x0000, 0x0000, 0x0000, 0x0020,
    0x4208, 0x2945, 0x2903, 0x51E6, 0x3965, 0x62EC, 0xF79E, 0xEF3C,
    0xEEFB, 0x838D, 0x1020, 0x0800, 0x8AA4, 0xECE8, 0xFD8A, 0xFDAB,
    0xFE50, 0xD449, 0xC2A2, 0xDB64, 0xD409, 0xC5F8, 0xC5F7, 0xC5F8,
    0xC618, 0xCDF6, 0xCD93, 0xD4AB, 0xD469, 0xD428, 0xD448, 0xD48A,
    0xE50C, 0xE56E, 0xED6E, 0xE54E, 0xF5F1, 0xF633, 0xFE54, 0xF632,
    0xF632, 0xF653, 0xF5F1, 0xED6F, 0xF653, 0xFEB5, 0xF653, 0xF5F1,
    0xF612, 0xEDB0, 0xF612, 0xF5F1, 0xF633, 0xF697, 0xDE79, 0xCE18,
    0xC5F8, 0xC5F7, 0xC5F8, 0xC5D7, 0xBDB6, 0xBD75, 0xB534, 0xB512,
    0xB4D1, 0xB4B0, 0xB46E, 0xB44D, 0xB44E, 0xB46E, 0xB44E, 0xB44E,
    0xB44E, 0xB44D, 0xB44D, 0xB44D, 0xB44D, 0xB46D, 0xB46E, 0xB46E,
    0xBC6E, 0xBC6E, 0xBC6E, 0xBC6D, 0xBC6D, 0xBC6D, 0xBC6E, 0xBC6E,
    0x934A, 0x934A, 0x934A, 0x9B4A, 0x9B6A, 0xA38A, 0xABAA, 0xB3EA,
    0xC42B, 0xCC6B, 0xD48B, 0xD4AC, 0xDCCC, 0xDCEC, 0xDCEC, 0xE4EC,
    0xE4EC, 0xE4EC, 0xE4EB, 0xE4CB, 0xE4CB, 0xDCCB, 0xDCCB, 0xDCAB,
    0xDCAB, 0xDCCB, 0xDCCB, 0xDCCB, 0xDCAB, 0xD48B, 0xCC4A, 0xC409,
    0xBBC9, 0xAB88, 0xA327, 0x9AE5, 0x9284, 0x8243, 0x8222, 0x8222,
    0x8222, 0x8243, 0x8A43, 0x8A63, 0x8A84, 0x9284, 0x92A4, 0x92A4,
    0x92A4, 0x92A4, 0x92A4, 0x9AC5, 0x9B05, 0xA346, 0xA367, 0xABA8,
    0xABC8, 0xB3E9, 0xB3E9, 0xABE9, 0xA3A9, 0xB40A, 0xF4A9, 0xE3E5,
    0xFE10, 0xFEF3, 0xFD0B, 0xF44A, 0xFCCD, 0xFCAD, 0xF44B, 0xF40A,
    0xF42B, 0xF40B, 0xEB89, 0xF42B, 0xF40A, 0xF3A9, 0xF3EA, 0xFC0A,
    0xFC2B, 0xFC6B, 0xFCCC, 0xFD2D, 0xFDAD, 0xFDED, 0xFE0D, 0xFE2E,
    0xFE4E, 0xFE4E, 0xFE4E, 0xFE91, 0xFED5, 0xFF38, 0xFF59, 0xFF39,
    0xFF38, 0xFF39, 0xFF59, 0xFF59, 0xFF39, 0xFF39, 0xFF59, 0xFF59,
    0xFF59, 0xFF39, 0xFF18, 0xFF38, 0xFF59, 0xFF7A, 0xFF7A, 0xFF5A,
    0xFF7A, 0xFF7A, 0xFF7A, 0xFF7A, 0xFF7A, 0xFF7A, 0xFF7A, 0xFF7A,
    0xFF7A, 0xFF59, 0xFF59, 0xFF7A, 0xFF7A, 0xFF7A, 0xFF59, 0xFF59,
    0xFF59, 0xFF59, 0xFF59, 0xFF39, 0xFF38, 0xFDCE, 0xFCA6, 0xFD29,
    0xFDAD, 0xFE51, 0xF5F0, 0xF5F0, 0xABA8, 0x0800, 0x1020, 0x0000,
    0x0000, 0x0000, 0x0000, 0x0000, 0x0000, 0x0000, 0x0000, 0x0000,
    0x0000, 0x0841, 0x2904, 0x51C6, 0x4185, 0x4A08, 0xEF1B, 0xEF5D,
    0xEF3C, 0x9C91, 0x1020, 0x0800, 0x5182, 0xC427, 0xDCEA, 0xF58B,
    0xFE30, 0xDC28, 0xCB03, 0xDBA4, 0xD510, 0xC618, 0xC5F7, 0xC5F8,
    0xC5F7, 0xC5F8, 0xC5F8, 0xCDF7, 0xCDF6, 0xD592, 0xDCEC, 0xDCAA,
    0xDCCA, 0xE4EB, 0xDCEB, 0xE52D, 0xE50C, 0xEDAF, 0xEDAF, 0xF611,
    0xED8F, 0xEDD1, 0xEDD1, 0xE52D, 0xEDB0, 0xF632, 0xF611, 0xED8F,
    0xF5F0, 0xEDB0, 0xF654, 0xEE97, 0xD658, 0xC618, 0xC5F8, 0xC5F8,
    0xC5F8, 0xC5F8, 0xC5F8, 0xC5F7, 0xBDB7, 0xBD96, 0xBD75, 0xB534,
    0xB512, 0xB4F2, 0xB4D1, 0xB4B0, 0xB4B0, 0xB4B0, 0xB4B0, 0xB4B0,
    0xB4B0, 0xB4B0, 0xB4B0, 0xB4B0, 0xB4B0, 0xBCB0, 0xBCB0, 0xBCB0,
    0xBCB0, 0xBCD0, 0xBCD0, 0xBCD0, 0xBCB0, 0xBCAF, 0xBCD0, 0xBCCF,
    0x934A, 0x9349, 0x9349, 0x9B49, 0x9B69, 0xA389, 0xB3CA, 0xBC0A,
    0xC44B, 0xCC8B, 0xD4AC, 0xDCCC, 0xDCEC, 0xE4EC, 0xE4EC, 0xE4EC,
    0xE4EC, 0xE4EC, 0xE4EB, 0xE4CB, 0xDCCB, 0xDCCB, 0xDCAB, 0xDCAB,
    0xDCAB, 0xDCCB, 0xDCCB, 0xDCCB, 0xDCCB, 0xDCAB, 0xD46B, 0xCC4A,
    0xC409, 0xBBC9, 0xAB88, 0xA327, 0x9AE5, 0x8A84, 0x8243, 0x8222,
    0x8222, 0x8243, 0x8A43, 0x8A63, 0x8A83, 0x9284, 0x92A4, 0x92A4,
    0x92A4, 0x92A4, 0x9AA4, 0x9AC4, 0x9B05, 0xA326, 0xA367, 0xABA8,
    0xB3C8, 0xB3E9, 0xB3E9, 0xABE9, 0x9BA9, 0xC44A, 0xFCC9, 0xEC88,
    0xFEF4, 0xFE50, 0xF428, 0xF46B, 0xFCED, 0xFC6B, 0xF3EA, 0xF3EA,
    0xEBA9, 0xEB68, 0xF3CA, 0xF3CA, 0xEB68, 0xF3A9, 0xF3A9, 0xEB68,
    0xF389, 0xFBC9, 0xFC4A, 0xFD2C, 0xFDCE, 0xFE0F, 0xFE4F, 0xFE4E,
    0xFE4F, 0xFE92, 0xFEF6, 0xFF39, 0xFF5A, 0xFF59, 0xFF39, 0xFF38,
    0xFF39, 0xFF5A, 0xFF59, 0xFF59, 0xFF59, 0xFF59, 0xFF5A, 0xFF7A,
    0xFF7A, 0xFF5A, 0xFF59, 0xFF59, 0xFF39, 0xFF59, 0xFF7A, 0xFF7A,
    0xFF7A, 0xFF9B, 0xFF7B, 0xFF7A, 0xFF7A, 0xFF7A, 0xFF7A, 0xFF7A,
    0xFF7A, 0xFF7A, 0xFF7A, 0xFF7A, 0xFF7A, 0xFF7A, 0xFF7A, 0xFF7A,
    0xFF5A, 0xFF59, 0xFF59, 0xFF39, 0xFF39, 0xFF38, 0xFE71, 0xFDEC,
    0xFDED, 0xFE31, 0xF5F0, 0xF5CF, 0x6224, 0x0000, 0x1020, 0x0000,
    0x0000, 0x0000, 0x0000, 0x0000, 0x0000, 0x0000, 0x0000, 0x0000,
    0x0020, 0x0841, 0x18A2, 0x51C6, 0x4985, 0x41C7, 0xDEBA, 0xEF5C,
    0xEF3C, 0xB513, 0x1040, 0x0800, 0x2080, 0x69E3, 0xC3E7, 0xFDAC,
    0xED8D, 0xC345, 0xDBA4, 0xE448, 0xCDF6, 0xC618, 0xC5F8, 0xC5F8,
    0xC5F7, 0xC5F7, 0xC5F8, 0xC618, 0xC618, 0xC618, 0xD616, 0xD5F5,
    0xD5B2, 0xDD70, 0xDD4F, 0xE54E, 0xE52C, 0xE56E, 0xE54D, 0xED8F,
    0xED8F, 0xED6E, 0xEDAF, 0xED8E, 0xEDAF, 0xEE12, 0xF653, 0xEE34,
    0xDE35, 0xD637, 0xCE18, 0xC618, 0xC5F8, 0xC5F8, 0xC5F8, 0xC5F8,
    0xC5F8, 0xC5F8, 0xC5F8, 0xC5F7, 0xC5D7, 0xBDB6, 0xBD96, 0xBD75,
    0xBD54, 0xBD33, 0xBD12, 0xB4F2, 0xB4F2, 0xBD12, 0xBD12, 0xBD12,
    0xBD12, 0xBCF2, 0xBD12, 0xBD12, 0xBD12, 0xBD12, 0xBD12, 0xBD12,
    0xBD12, 0xBD12, 0xBD12, 0xBD12, 0xBD12, 0xBD12, 0xBD12, 0xC512,
    0x9329, 0x9329, 0x9B49, 0x9B49, 0xA369, 0xAB89, 0xB3CA, 0xC42A,
    0xCC6B, 0xD48B, 0xDCCC, 0xE4EC, 0xE50C, 0xE50C, 0xE4EC, 0xDCEC,
    0xE4EC, 0xE4EC, 0xE4EC, 0xE4CB, 0xE4CB, 0xDCCB, 0xDCCB, 0xDCCB,
    0xDCCB, 0xDCCB, 0xDCCB, 0xDCCB, 0xDCCB, 0xDCCB, 0xDCAB, 0xD46A,
    0xCC4A, 0xC409, 0xB3A8, 0xAB47, 0x9B06, 0x92A5, 0x8A63, 0x8223,
    0x8223, 0x8223, 0x8A43, 0x8A63, 0x8A63, 0x9284, 0x9284, 0x92A4,
    0x92A4, 0x92A4, 0x92A4, 0x9AC4, 0x9AE5, 0xA326, 0xA367, 0xABA8,
    0xB3C8, 0xB3C9, 0xB3E9, 0xABC9, 0x9B89, 0xC42A, 0xFCC8, 0xFDCF,
    0xFF15, 0xFDAD, 0xF449, 0xF46B, 0xF44B, 0xF3E9, 0xF3EA, 0xF3EA,
    0xEB89, 0xEB89, 0xEB89, 0xE328, 0xEB89, 0xEB89, 0xEB88, 0xEB68,
    0xEB88, 0xFC4B, 0xFD6E, 0xFDEF, 0xFE30, 0xFE70, 0xFE70, 0xFEB2,
    0xFF16, 0xFF59, 0xFF5A, 0xFF59, 0xFF59, 0xFF5A, 0xFF59, 0xFF39,
    0xFF59, 0xFF7A, 0xFF59, 0xFF59, 0xFF5A, 0xFF5A, 0xFF5A, 0xFF7A,
    0xFF5A, 0xFF7A, 0xFF7A, 0xFF7A, 0xFF59, 0xFF59, 0xFF59, 0xFF7A,
    0xFF7A, 0xFF9A, 0xFF9A, 0xFF7A, 0xFF7A, 0xFF7A, 0xFF7B, 0xFF7A,
    0xFF7A, 0xFF7A, 0xFF7B, 0xFF7A, 0xFF7B, 0xFF7B, 0xFF7A, 0xFF7A,
    0xFF7A, 0xFF7A, 0xFF7A, 0xFF7A, 0xFF39, 0xFF18, 0xFF39, 0xFEF6,
    0xFE0E, 0xFE10, 0xF611, 0xED8E, 0x3102, 0x0000, 0x1020, 0x0820,
    0x0000, 0x0000, 0x0000, 0x0000, 0x0000, 0x0000, 0x0000, 0x0000,
    0x0000, 0x0000, 0x1061, 0x5184, 0x4943, 0x4185, 0xE6DA, 0xEF3C,
    0xEF3C, 0xB513, 0x1860, 0x0000, 0x8284, 0xFD28, 0xF56B, 0xFE0F,
    0xE50C, 0xBAA2, 0xE3C5, 0xECCB, 0xC618, 0xC618, 0xC5F8, 0xC5F8,
    0xC5F8, 0xC5F8, 0xC618, 0xC618, 0xC618, 0xC618, 0xC618, 0xC618,
    0xC618, 0xCE18, 0xCE18, 0xCE17, 0xD616, 0xD5F5, 0xD5F5, 0xD5F5,
    0xDE15, 0xDE15, 0xDE35, 0xD616, 0xD616, 0xD638, 0xCE38, 0xC618,
    0xC5F8, 0xC5F8, 0xC5F7, 0xC5F8, 0xC5F8, 0xC5F8, 0xC5F8, 0xC5F8,
    0xC5F8, 0xC5F8, 0xC5F8, 0xC5F8, 0xC5D7, 0xC5D7, 0xBDB6, 0xBD96,
    0xBD95, 0xBD75, 0xBD54, 0xBD54, 0xBD54, 0xBD54, 0xBD54, 0xBD54,
    0xBD54, 0xBD54, 0xBD54, 0xBD54, 0xBD74, 0xC574, 0xC574, 0xBD54,
    0xC554, 0xC574, 0xC574, 0xC574, 0xC574, 0xC574, 0xC574, 0xC574,
    0x9329, 0x9B29, 0x9B28, 0xA348, 0xA369, 0xABA9, 0xBBE9, 0xC42A,
    0xCC6B, 0xDCAB, 0xDCEC, 0xE50C, 0xE50C, 0xE50C, 0xE4EC, 0xE4EC,
    0xE4EC, 0xDCEC, 0xE4EC, 0xE4EC, 0xDCEC, 0xDCCB, 0xDCCB, 0xDCCB,
    0xDCCB, 0xDCCB, 0xDCCB, 0xDCCB, 0xDCCB, 0xDCCB, 0xDCCB, 0xDCAB,
    0xD46B, 0xCC2A, 0xBBC9, 0xAB67, 0xA306, 0x92A5, 0x8A64, 0x8243,
    0x8223, 0x8223, 0x8243, 0x8A63, 0x8A83, 0x9284, 0x9284, 0x92A4,
    0x92A4, 0x92A4, 0x92A4, 0x9AC4, 0x9B05, 0xA326, 0xAB67, 0xABA8,
    0xB3C8, 0xB3C9, 0xB3E9, 0xABE9, 0x9B89, 0xBC29, 0xFD09, 0xFEB4,
    0xFF16, 0xFD8D, 0xF449, 0xF44B, 0xEBE9, 0xEBEA, 0xF40A, 0xEBA9,
    0xEB89, 0xEBC9, 0xEBA9, 0xF3C9, 0xF3A9, 0xEBA9, 0xEB89, 0xF3A9,
    0xFC6B, 0xFD6E, 0xFDEF, 0xFE50, 0xFE4F, 0xFE70, 0xFEF5, 0xFF59,
    0xFF59, 0xFF59, 0xFF59, 0xFF59, 0xFF5A, 0xFF5A, 0xFF59, 0xFF59,
    0xFF5A, 0xFF7A, 0xFF5A, 0xFF59, 0xFF59, 0xFF39, 0xFF38, 0xFF59,
    0xFF59, 0xFF5A, 0xFF7A, 0xFF7A, 0xFF5A, 0xFF59, 0xFF59, 0xFF59,
    0xFF7A, 0xFF7A, 0xFF7A, 0xFF7A, 0xFF7A, 0xFF7A, 0xFF7A, 0xFF7A,
    0xFF7A, 0xFF7A, 0xFF7B, 0xFF7A, 0xFF7A, 0xFF7B, 0xFF9B, 0xFF9B,
    0xFF9A, 0xFF9B, 0xFF9B, 0xFF7A, 0xFF59, 0xFF59, 0xFF39, 0xFF39,
    0xFED5, 0xFE10, 0xFE31, 0xCCED, 0x1860, 0x0800, 0x1020, 0x0820,
    0x0820, 0x0000, 0x0000, 0x0000, 0x0000, 0x0000, 0x0000, 0x0000,
    0x0000, 0x0000, 0x1040, 0x48C0, 0x40A0, 0x49A5, 0xEF3C, 0xEF1C,
    0xEF1B, 0xA4B1, 0x1040, 0x0800, 0x2060, 0xC3E7, 0xF56B, 0xFE30,
    0xFDCE, 0xECA8, 0xEC46, 0xE50D, 0xC618, 0xC618, 0xC5F8, 0xC5F8,
    0xC618, 0xC5F8, 0xC5F8, 0xC618, 0xC618, 0xC618, 0xC618, 0xC618,
    0xC618, 0xC618, 0xC618, 0xC618, 0xC618, 0xC618, 0xC618, 0xC618,
    0xC618, 0xC618, 0xC618, 0xC618, 0xC618, 0xC618, 0xC5F8, 0xC5F8,
    0xC5F7, 0xC5F7, 0xC5F7, 0xC5F8, 0xC5F8, 0xC5F8, 0xC5F8, 0xC5F8,
    0xC5F8, 0xC5F8, 0xC5F8, 0xC5F8, 0xC5F8, 0xC5F7, 0xC5D7, 0xC5B7,
    0xC5B6, 0xC5B6, 0xC596, 0xC595, 0xC595, 0xC596, 0xC596, 0xC5B6,
    0xC5B6, 0xC5B6, 0xC5B6, 0xC5B6, 0xC5B6, 0xC5B6, 0xC5B6, 0xC596,
    0xC596, 0xC5B6, 0xC5B6, 0xC5B6, 0xC5B6, 0xCDB6, 0xCDD6, 0xCDB6,
    0x9328, 0x9B28, 0x9B27, 0xA327, 0xA348, 0xAB88, 0xBBE9, 0xC42A,
    0xD48B, 0xDCCC, 0xE4EC, 0xE50C, 0xE50C, 0xE50C, 0xE50C, 0xE4EC,
    0xDCEC, 0xE4EC, 0xDCEC, 0xDCCC, 0xDCCB, 0xDCAB, 0xDCAB, 0xDCAB,
    0xDCAB, 0xDCCB, 0xDCCB, 0xDCCB, 0xDCCB, 0xDCCB, 0xDCCB, 0xDCCB,
    0xDCAB, 0xCC6A, 0xBBE9, 0xB388, 0xA326, 0x92C5, 0x8A64, 0x8243,
    0x8223, 0x8202, 0x8222, 0x8A43, 0x8A63, 0x9283, 0x9284, 0x9284,
    0x92A4, 0x92A4, 0x92A4, 0x9AC4, 0x9B05, 0xA346, 0xAB67, 0xABA8,
    0xB3C8, 0xB3C9, 0xB3E9, 0xABE9, 0x9BA9, 0xB409, 0xFD4A, 0xFEB3,
    0xFEF5, 0xFD4C, 0xF4AB, 0xF48C, 0xF42A, 0xF40A, 0xF3C9, 0xEB88,
    0xEB89, 0xEB89, 0xEB89, 0xE348, 0xDAE7, 0xDAE7, 0xEB89, 0xFC6B,
    0xFD0C, 0xFD8D, 0xFDEE, 0xFE50, 0xFE91, 0xFF16, 0xFF59, 0xFF59,
    0xFF5A, 0xFF5A, 0xFF5A, 0xFF5A, 0xFF5A, 0xFF59, 0xFF59, 0xFF59,
    0xFF5A, 0xFF7A, 0xFF5A, 0xFF39, 0xFEF7, 0xFE95, 0xFEB5, 0xFED6,
    0xFF38, 0xFF5A, 0xFF59, 0xFF5A, 0xFF7A, 0xFF5A, 0xFF59, 0xFF59,
    0xFF59, 0xFF59, 0xFF59, 0xFF59, 0xFF59, 0xFF7A, 0xFF7A, 0xFF7A,
    0xFF59, 0xFF7A, 0xFF7A, 0xFF7A, 0xFF7A, 0xFF7B, 0xFF7B, 0xFF7B,
    0xFF9A, 0xFF7A, 0xFF7A, 0xFF7A, 0xFF5A, 0xFF5A, 0xFF59, 0xFF38,
    0xFF18, 0xFEB5, 0xFE52, 0xC4AC, 0x1840, 0x1020, 0x1840, 0x0840,
    0x0840, 0x0820, 0x0820, 0x0000, 0x0000, 0x0000, 0x0000, 0x0000,
    0x0000, 0x0000, 0x38A0, 0x48E0, 0x2840, 0x5A89, 0xFF9D, 0xEF1B,
    0xEEFB, 0x940F, 0x0800, 0x28A0, 0x6A03, 0x8264, 0xE4CA, 0xFDEE,
    0xF5CE, 0xFDCE, 0xF509, 0xD593, 0xC619, 0xC617, 0xC5F8, 0xC618,
    0xC5F8, 0xC5F8, 0xC5F8, 0xC5F8, 0xC618, 0xC618, 0xC5F8, 0xC618,
    0xC618, 0xC618, 0xC618, 0xC618, 0xC618, 0xC5F8, 0xC5F8, 0xC5F8,
    0xC618, 0xC618, 0xC618, 0xC618, 0xC618, 0xC618, 0xC5F8, 0xC5F8,
    0xC5F8, 0xC5F8, 0xC5F8, 0xC5F8, 0xC5F8, 0xC5F8, 0xC5F8, 0xC5F8,
    0xC5F8, 0xC5F8, 0xC5F8, 0xC5F8, 0xC5F8, 0xC5F8, 0xC5F8, 0xC5F7,
    0xC5F7, 0xC5F7, 0xC5D7, 0xC5D7, 0xC5D7, 0xC5D7, 0xC5D7, 0xC5D7,
    0xC5F7, 0xC5F7, 0xC5F7, 0xC5D7, 0xC5D7, 0xC5D7, 0xC5D7, 0xC5D7,
    0xC5D7, 0xC5D7, 0xC5D7, 0xC5D7, 0xCDF7, 0xCDF7, 0xCDF7, 0xCDF7,
    0x9307, 0x9B07, 0x9B07, 0x9B07, 0xA327, 0xAB88, 0xBBE9, 0xC42A,
    0xD48B, 0xDCCC, 0xE4EC, 0xE50C, 0xE52C, 0xE50C, 0xE50C, 0xE50C,
    0xE4EC, 0xDCEC, 0xDCCB, 0xDCAB, 0xD48B, 0xD46B, 0xD46A, 0xD46A,
    0xD48A, 0xD48B, 0xDCAB, 0xDCAB, 0xDCCB, 0xDCCB, 0xDCCB, 0xDCEC,
    0xDCCB, 0xD48B, 0xC409, 0xB3A8, 0xA326, 0x92C5, 0x8A64, 0x8243,
    0x8222, 0x7A02, 0x8222, 0x8A43, 0x8A63, 0x9283, 0x9284, 0x9284,
    0x92A4, 0x92A4, 0x92A4, 0x9AC4, 0x9B05, 0xA346, 0xAB67, 0xABA8,
    0xB3C8, 0xB3E9, 0xB3E9, 0xABE9, 0xA3A9, 0xB40A, 0xFD09, 0xFE51,
    0xFED3, 0xFD0A, 0xF4ED, 0xFC8C, 0xE3C9, 0xEB88, 0xE327, 0xE348,
    0xE348, 0xE368, 0xE389, 0xDB27, 0xE348, 0xEB89, 0xF40A, 0xFD0C,
    0xFD8D, 0xFDCD, 0xFE0F, 0xFEB3, 0xFF38, 0xFF59, 0xFF59, 0xFF5A,
    0xFF7A, 0xFF5A, 0xFF5A, 0xFF5A, 0xFF5A, 0xFF59, 0xFF59, 0xFF59,
    0xFF5A, 0xFF59, 0xFEF7, 0xFE94, 0xF612, 0xF5D0, 0xFE52, 0xFE94,
    0xFF18, 0xFF39, 0xFF59, 0xFF5A, 0xFF5A, 0xFF59, 0xFF38, 0xFF38,
    0xFF38, 0xFF38, 0xFF59, 0xFF5A, 0xFF59, 0xFF59, 0xFF7A, 0xFF7A,
    0xFF59, 0xFF59, 0xFF7A, 0xFF9B, 0xFF7A, 0xFF7A, 0xFF7A, 0xFF7B,
    0xFF7A, 0xFF7A, 0xFF7A, 0xFF7A, 0xFF7A, 0xFF7A, 0xFF5A, 0xFF59,
    0xFF39, 0xFF18, 0xFED5, 0xD50E, 0x1840, 0x1020, 0x1840, 0x0840,
    0x1040, 0x1040, 0x1040, 0x0840, 0x0820, 0x0820, 0x0820, 0x0820,
    0x0000, 0x1840, 0x6940, 0x5900, 0x1000, 0x8C10, 0xFF9E, 0xE6FB,
    0xEEFB, 0x732B, 0x0000, 0x7A43, 0xFD8A, 0xF58C, 0xF5AD, 0xFDCE,
    0xF58D, 0xFE30, 0xECEB, 0xC574, 0xC618, 0xC5F7, 0xC618, 0xC5F8,
    0xC5F8, 0xC5F8, 0xC5F7, 0xC5F8, 0xC5F8, 0xC618, 0xC5F8, 0xC5F8,
    0xC618, 0xC618, 0xC618, 0xC618, 0xC618, 0xC5F8, 0xC5F8, 0xC5F8,
    0xC618, 0xC5F8, 0xC618, 0xC618, 0xC618, 0xC618, 0xC5F8, 0xC5F8,
    0xC5F8, 0xC5F8, 0xC5F8, 0xC5F8, 0xC5F8, 0xC5F8, 0xC5F8, 0xC5F8,
    0xC5F8, 0xC5F8, 0xC5F8, 0xC5F8, 0xC5F8, 0xC618, 0xC618, 0xC618,
    0xC618, 0xC618, 0xC618, 0xC618, 0xC5F8, 0xC5F8, 0xC618, 0xC618,
    0xC618, 0xCE18, 0xCE18, 0xCE18, 0xC618, 0xCE18, 0xCE18, 0xCE18,
    0xCDF8, 0xCDF8, 0xCDF8, 0xCDF8, 0xCE18, 0xCE18, 0xCE18, 0xCE18,
    0x92E7, 0x9AE6, 0x9B06, 0x9B06, 0xA327, 0xB388, 0xBBE9, 0xC42A,
    0xD48B, 0xDCCC, 0xE4EC, 0xE52C, 0xE52C, 0xE52C, 0xE50C, 0xE50C,
    0xE4EC, 0xDCCC, 0xDCAB, 0xD48B, 0xCC4A, 0xCC2A, 0xCC2A, 0xCC2A,
    0xCC4A, 0xD46A, 0xD46A, 0xD48B, 0xDCAB, 0xDCEC, 0xDCEC, 0xDCEC,
    0xDCCC, 0xD48B, 0xC42A, 0xB3A8, 0xA327, 0x92C5, 0x8A64, 0x8223,
    0x7A02, 0x7A02, 0x8202, 0x8243, 0x8A63, 0x9263, 0x9283, 0x9284,
    0x92A4, 0x92A4, 0x92A4, 0x9AC4, 0x9B05, 0xA346, 0xAB67, 0xABA8,
    0xB3C8, 0xB3E9, 0xB3E9, 0xB3E9, 0xABC9, 0xB42B, 0xFD4B, 0xFEB3,
    0xFED3, 0xFCC9, 0xF44A, 0xDB68, 0xDBA9, 0xEBC9, 0xDB47, 0xDB27,
    0xE368, 0xE347, 0xD2E6, 0xEB89, 0xEBA9, 0xE347, 0xFC8B, 0xFD8E,
    0xFDCE, 0xFDED, 0xFE71, 0xFF38, 0xFF59, 0xFF59, 0xFF59, 0xFF59,
    0xFF7A, 0xFF7A, 0xFF5A, 0xFF5A, 0xFF59, 0xFF59, 0xFF59, 0xFF59,
    0xFF39, 0xFEF7, 0xFE94, 0xF5D1, 0xE4EC, 0xB388, 0xBC0A, 0xF632,
    0xFED6, 0xFF17, 0xFF38, 0xFF59, 0xFF39, 0xFF18, 0xFF18, 0xFF38,
    0xFF18, 0xFF18, 0xFF18, 0xFF38, 0xFF59, 0xFF59, 0xFF59, 0xFF39,
    0xFF59, 0xFF59, 0xFF7A, 0xFF7A, 0xFF7A, 0xFF7A, 0xFF7A, 0xFF9B,
    0xFF7A, 0xFF7A, 0xFF59, 0xFF7A, 0xFF7A, 0xFF5A, 0xFF7A, 0xFF5A,
    0xFF39, 0xFF18, 0xFF18, 0xFE94, 0x51A3, 0x0800, 0x2040, 0x1020,
    0x0840, 0x1040, 0x1040, 0x0840, 0x0840, 0x0840, 0x0840, 0x1040,
    0x0000, 0x48E0, 0x7980, 0x50E0, 0x1861, 0xD617, 0xF73C, 0xEF1B,
    0xEEDA, 0x4A07, 0x1020, 0x8AA4, 0xFD4A, 0xED6C, 0xFE0F, 0xFE31,
    0xFE10, 0xF56C, 0xDD0F, 0xC5F8, 0xC5F7, 0xC5F8, 0xC5F8, 0xC5F8,
    0xC618, 0xC618, 0xC618, 0xC5F8, 0xC5F8, 0xC5F8, 0xC618, 0xC618,
    0xC5F8, 0xC618, 0xC618, 0xC618, 0xC618, 0xC5F8, 0xC5F8, 0xC5F8,
    0xC5F8, 0xC5F8, 0xC5F7, 0xC5F8, 0xC5F8, 0xC5F8, 0xC5F8, 0xC5F8,
    0xC5F8, 0xC5F8, 0xC5F8, 0xC5F8, 0xC5F8, 0xC5F8, 0xC5F8, 0xC5F8,
    0xC5F8, 0xC5F8, 0xC5F8, 0xC618, 0xC618, 0xC618, 0xC618, 0xC618,
    0xC618, 0xC618, 0xC618, 0xC618, 0xC618, 0xC618, 0xC618, 0xC618,
    0xCE18, 0xCE18, 0xCE18, 0xCE18, 0xCE18, 0xCE18, 0xCE18, 0xCE18,
    0xCE18, 0xCE18, 0xCE18, 0xCE18, 0xCE18, 0xCE18, 0xCE38, 0xCE38,
    0x92E6, 0x9AE6, 0x9AE6, 0x9AE6, 0xA326, 0xAB68, 0xBBC9, 0xC42A,
    0xD48B, 0xDCCC, 0xE50C, 0xE52C, 0xE52D, 0xE52D, 0xE50C, 0xE50C,
    0xDCEC, 0xDCAB, 0xD48B, 0xCC4A, 0xC409, 0xBBE9, 0xBBC8, 0xBBC8,
    0xBBE9, 0xC409, 0xCC4A, 0xD46A, 0xD4AB, 0xDCCB, 0xDCEC, 0xDCEC,
    0xDCCC, 0xD48B, 0xCC2A, 0xBBC8, 0xA347, 0x92C5, 0x8A64, 0x7A02,
    0x79E2, 0x79E2, 0x8202, 0x8222, 0x8A43, 0x8A63, 0x9283, 0x9283,
    0x92A4, 0x92A4, 0x92A4, 0x9AC4, 0x9B05, 0xA346, 0xAB67, 0xABA8,
    0xB3C8, 0xB3E9, 0xB409, 0xB3E9, 0xABE9, 0xAC0A, 0xF56C, 0xFED4,
    0xFED4, 0xFD2B, 0xEBE8, 0xE3A8, 0xFC8B, 0xEBE9, 0xD307, 0xEBA9,
    0xE348, 0xD2C6, 0xDB27, 0xE389, 0xE327, 0xF42A, 0xFD2C, 0xFD8D,
    0xFDED, 0xFE2F, 0xFF17, 0xFF39, 0xFF39, 0xFF59, 0xFF59, 0xFF5A,
    0xFF5A, 0xFF5A, 0xFF5A, 0xFF59, 0xFF59, 0xFF39, 0xFF39, 0xFF39,
    0xFF18, 0xFED6, 0xF633, 0xED2D, 0x92C6, 0x2040, 0x1000, 0x7AC7,
    0xF654, 0xFEF7, 0xFF18, 0xFEF7, 0xFF17, 0xFF39, 0xFF39, 0xFF18,
    0xFEF7, 0xFF17, 0xFF18, 0xFF39, 0xFF39, 0xFF38, 0xFF38, 0xFF17,
    0xFF39, 0xFF59, 0xFF59, 0xFF59, 0xFF7A, 0xFF5A, 0xFF59, 0xFF59,
    0xFF5A, 0xFF7A, 0xFF7A, 0xFF7A, 0xFF5A, 0xFF7A, 0xFF7A, 0xFF59,
    0xFF39, 0xFF39, 0xFF18, 0xFF59, 0xDD4F, 0x5142, 0x0800, 0x0820,
    0x0820, 0x0840, 0x0820, 0x0840, 0x1040, 0x1040, 0x0840, 0x0000,
    0x38C0, 0x7160, 0x7160, 0x3040, 0x6B0B, 0xF73C, 0xE6DA, 0xEF1B,
    0xD617, 0x28E2, 0x8263, 0x69C2, 0xDCA8, 0xFDCD, 0xFE10, 0xFE31,
    0xED6E, 0xDBA6, 0xCD94, 0xC618, 0xC5F8, 0xC5F8, 0xC5F8, 0xC5F8,
    0xC618, 0xC618, 0xC618, 0xC5F8, 0xC5F8, 0xC618, 0xC618, 0xC618,
    0xC618, 0xC618, 0xC5F8, 0xC5F8, 0xC5F8, 0xC618, 0xC618, 0xC5F8,
    0xC5F8, 0xC5F8, 0xC5F8, 0xC5F8, 0xC5F8, 0xC5F8, 0xC5F8, 0xC5F8,
    0xC5F8, 0xC5F8, 0xC5F8, 0xC5F8, 0xC5F8, 0xC5F8, 0xC5F8, 0xC5F8,
    0xC5F8, 0xC618, 0xC618, 0xC618, 0xC618, 0xC618, 0xC618, 0xC618,
    0xC618, 0xC618, 0xC618, 0xC618, 0xC618, 0xC618, 0xC618, 0xC618,
    0xCE18, 0xCE18, 0xCE18, 0xCE18, 0xCE18, 0xCE18, 0xCE18, 0xCE18,
    0xCE18, 0xCE18, 0xCE18, 0xCE18, 0xCE18, 0xCE18, 0xCE18, 0xCE38,
    0x92E6, 0x9AE6, 0x9AE6, 0x9AE6, 0xA326, 0xAB88, 0xBBE9, 0xC42A,
    0xD48B, 0xDCCC, 0xE50C, 0xE52D, 0xE52D, 0xE52D, 0xE52C, 0xE50C,
    0xDCCC, 0xD48B, 0xCC4A, 0xC3E9, 0xB3A8, 0xAB67, 0xAB47, 0xAB47,
    0xAB67, 0xBBC8, 0xC409, 0xCC2A, 0xD48A, 0xDCCB, 0xDCEC, 0xE4EC,
    0xDCEC, 0xD48B, 0xC429, 0xBBA8, 0xA347, 0x92C5, 0x8243, 0x71E2,
    0x71C1, 0x79E2, 0x7A02, 0x8222, 0x8A43, 0x8A63, 0x9263, 0x9283,
    0x9284, 0x92A4, 0x92A4, 0x9AC4, 0x9B05, 0xA346, 0xAB87, 0xB3A8,
    0xB3C8, 0xBBE9, 0xB409, 0xB3EA, 0xABEA, 0xA3CA, 0xD48A, 0xFDEE,
    0xFF15, 0xFD4C, 0xE3E8, 0xF46A, 0xF429, 0xD306, 0xDB27, 0xEB88,
    0xE327, 0xE347, 0xE368, 0xE347, 0xF40A, 0xFD0C, 0xFD2B, 0xFDAC,
    0xFDED, 0xFED5, 0xFF39, 0xFF38, 0xFF39, 0xFF39, 0xFF5A, 0xFF5A,
    0xFF59, 0xFF59, 0xFF59, 0xFF39, 0xFF38, 0xFF18, 0xFF39, 0xFF39,
    0xFED7, 0xFEF7, 0xF611, 0xDCAC, 0x5942, 0x2040, 0x1020, 0x0000,
    0xC4F0, 0xFF38, 0xFEF7, 0xFEF7, 0xFED6, 0xFEF7, 0xFEF7, 0xFEF7,
    0xFEF7, 0xFF17, 0xFF17, 0xFF17, 0xFF38, 0xFF39, 0xFF38, 0xFF39,
    0xFF7A, 0xFF59, 0xFF39, 0xFF38, 0xFF39, 0xFF39, 0xFF38, 0xFF39,
    0xFF59, 0xFF5A, 0xFF59, 0xFF39, 0xFF59, 0xFF7A, 0xFF7A, 0xFF5A,
    0xFF59, 0xFF39, 0xFF39, 0xFF39, 0xFEF7, 0xED4C, 0x8285, 0x0800,
    0x0000, 0x0000, 0x0000, 0x0000, 0x0000, 0x0000, 0x0820, 0x5920,
    0x89A0, 0x6120, 0x40A0, 0x3103, 0xE699, 0xEF1B, 0xE6DA, 0xF71A,
    0x8BCE, 0x4940, 0xECC8, 0xDC67, 0xE4A7, 0xFD8C, 0xF5F0, 0xDC08,
    0xE428, 0xDC4A, 0xCE18, 0xC5F8, 0xC5F8, 0xC618, 0xC618, 0xC618,
    0xC618, 0xC618, 0xC618, 0xC618, 0xC618, 0xC618, 0xC618, 0xC618,
    0xC618, 0xC618, 0xC5F8, 0xC618, 0xC618, 0xC618, 0xC618, 0xC618,
    0xC5F8, 0xC5F8, 0xC5F8, 0xC5F8, 0xC5F8, 0xC5F8, 0xC5F8, 0xC5F8,
    0xC5F8, 0xC5F8, 0xC5F8, 0xC5F8, 0xC5F8, 0xC5F8, 0xC5F8, 0xC5F8,
    0xC618, 0xC618, 0xC618, 0xC618, 0xC618, 0xC618, 0xC618, 0xC618,
    0xC618, 0xC618, 0xC618, 0xC618, 0xC618, 0xC618, 0xC618, 0xC618,
    0xC618, 0xCE18, 0xCE18, 0xCE18, 0xCE18, 0xCE18, 0xCE18, 0xCE18,
    0xCE18, 0xCE18, 0xCE18, 0xCE18, 0xCE18, 0xCE18, 0xCE18, 0xCE18,
    0x92E6, 0x9AE6, 0x9AE6, 0xA2E6, 0xA327, 0xB388, 0xBBE9, 0xCC4A,
    0xD48B, 0xDCEC, 0xE50C, 0xE52D, 0xE52D, 0xE52D, 0xE52C, 0xE50C,
    0xDCCB, 0xD46A, 0xC409, 0xB3A8, 0xA347, 0x92E6, 0x8AA5, 0x92A5,
    0x9AE6, 0xAB67, 0xB3C8, 0xC409, 0xCC4A, 0xD4AB, 0xDCCB, 0xE4EC,
    0xDCCC, 0xD48B, 0xC409, 0xB3A8, 0xA326, 0x92A5, 0x8223, 0x71C2,
    0x71C1, 0x71C2, 0x7A02, 0x8222, 0x8A43, 0x8A63, 0x9263, 0x9283,
    0x9283, 0x9284, 0x92A4, 0x92C4, 0x9AE5, 0xA346, 0xAB87, 0xB3A8,
    0xB3E9, 0xBC09, 0xBC0A, 0xB3EA, 0xABEA, 0xA3AA, 0xCCAC, 0xFDCD,
    0xFF14, 0xFD4C, 0xEC08, 0xF46A, 0xE3C8, 0xCAC6, 0xD306, 0xE327,
    0xE368, 0xDB27, 0xDB47, 0xE388, 0xFCAB, 0xFD6C, 0xFDAC, 0xFDAB,
    0xFE30, 0xFF38, 0xFF38, 0xFF39, 0xFF39, 0xFF39, 0xFF59, 0xFF59,
    0xFF39, 0xFF39, 0xFF39, 0xFF38, 0xFF39, 0xFF18, 0xFF18, 0xFEF7,
    0xFEF7, 0xFED6, 0xFE53, 0xED6F, 0x69A3, 0x3880, 0x2860, 0x1800,
    0x8B6A, 0xFF18, 0xFED6, 0xFEF7, 0xFEF7, 0xFED6, 0xFED6, 0xFED6,
    0xFEF7, 0xFF18, 0xFF17, 0xFEF7, 0xFEF7, 0xFF38, 0xFF38, 0xFF18,
    0xFF17, 0xFF17, 0xFF18, 0xFF17, 0xFF17, 0xFF17, 0xFF38, 0xFF38,
    0xFF59, 0xFF39, 0xFF18, 0xFF38, 0xFF59, 0xFF59, 0xFF59, 0xFF5A,
    0xFF5A, 0xFF5A, 0xFF39, 0xFF18, 0xFEF8, 0xF611, 0xFD4A, 0xC428,
    0x4962, 0x1000, 0x0800, 0x1040, 0x2060, 0x40C0, 0x81A0, 0xAA60,
    0x89C0, 0x40A0, 0x1020, 0xB533, 0xF71B, 0xE6BA, 0xEEDA, 0xDE37,
    0x4164, 0xBBA6, 0xF56A, 0xF549, 0xF54A, 0xFDAD, 0xE50C, 0xC2E4,
    0xE406, 0xD530, 0xC639, 0xC5F8, 0xC618, 0xC618, 0xC618, 0xC618,
    0xC618, 0xC618, 0xC5F8, 0xC618, 0xC618, 0xC618, 0xC618, 0xC618,
    0xC618, 0xC618, 0xC618, 0xC618, 0xC5F8, 0xC618, 0xC618, 0xC618,
    0xC618, 0xC618, 0xC5F8, 0xC5F8, 0xC5F8, 0xC5F8, 0xC5F8, 0xC5F8,
    0xC5F8, 0xC5F8, 0xC5F8, 0xC5F8, 0xC5F8, 0xC5F8, 0xC5F8, 0xC618,
    0xC618, 0xC618, 0xC618, 0xC618, 0xC618, 0xC618, 0xC618, 0xC618,
    0xC618, 0xC618, 0xC618, 0xC618, 0xC618, 0xC618, 0xC618, 0xC618,
    0xC618, 0xCE18, 0xCE18, 0xCE18, 0xCE18, 0xCE18, 0xCE18, 0xCE18,
    0xCE18, 0xCE18, 0xCE18, 0xCE18, 0xCE18, 0xCE18, 0xCE18, 0xCE18,
    0x92E7, 0x9AE6, 0x9B06, 0xA306, 0xA327, 0xB388, 0xBBE9, 0xCC4A,
    0xD4AB, 0xDCEC, 0xE50C, 0xED2D, 0xED2D, 0xED2D, 0xE52C, 0xE50C,
    0xDCAB, 0xCC4A, 0xBBE9, 0xAB67, 0x92E6, 0x8264, 0x71E3, 0x7203,
    0x8284, 0x9B06, 0xAB68, 0xBBC9, 0xCC2A, 0xD48A, 0xDCCB, 0xDCEC,
    0xDCCB, 0xD48A, 0xC409, 0xB388, 0xA326, 0x92A4, 0x8223, 0x71C1,
    0x71A1, 0x71C2, 0x79E2, 0x8202, 0x8A43, 0x8A63, 0x9263, 0x9283,
    0x9283, 0x9283, 0x92A4, 0x92A4, 0x9AE5, 0xA326, 0xAB87, 0xB3A8,
    0xB3E9, 0xBC09, 0xBC0A, 0xB3EA, 0xABEA, 0xA3A9, 0xBC4B, 0xFEB3,
    0xFF36, 0xFE51, 0xF488, 0xF469, 0xE3C8, 0xD326, 0xC2A5, 0xDB46,
    0xD306, 0xD306, 0xDB67, 0xD367, 0xFD2B, 0xFD8C, 0xFDAC, 0xFDCD,
    0xFED5, 0xFF38, 0xFF18, 0xFF18, 0xFF38, 0xFF38, 0xFF59, 0xFF39,
    0xFF38, 0xFF38, 0xFF38, 0xFF18, 0xFF18, 0xFF18, 0xFEF7, 0xFED6,
    0xFEB6, 0xFEB5, 0xFEB5, 0xFEB5, 0x92C7, 0x48C0, 0x40E1, 0x2840,
    0x6A46, 0xFEB5, 0xFEB6, 0xFED7, 0xFF18, 0xFF59, 0xFF18, 0xFF18,
    0xFF18, 0xFF17, 0xFEF7, 0xFEF7, 0xFF17, 0xFEF6, 0xFEB5, 0xFED6,
    0xFEF7, 0xFEF7, 0xFEF7, 0xFED6, 0xFEF6, 0xFEF7, 0xFEF7, 0xFF17,
    0xFF18, 0xFF18, 0xFF38, 0xFF5A, 0xFF7A, 0xFF5A, 0xFF5A, 0xFF59,
    0xFF5A, 0xFF5A, 0xFF39, 0xFF18, 0xFEF8, 0xFED7, 0xED4B, 0xFD28,
    0xFDCC, 0xC408, 0x7181, 0x58E0, 0x7160, 0x81A0, 0x8180, 0x7160,
    0x50C0, 0x2881, 0xACD1, 0xF6FA, 0xE678, 0xE698, 0xF6FA, 0x834C,
    0x7A43, 0xFD6B, 0xF52A, 0xF54A, 0xF58B, 0xFE0E, 0xED0C, 0xDBC6,
    0xECCA, 0xCE17, 0xC618, 0xC618, 0xC618, 0xC618, 0xC618, 0xC618,
    0xC618, 0xC618, 0xC5F8, 0xC5F8, 0xC5F8, 0xC618, 0xC618, 0xC618,
    0xC5F8, 0xC5F8, 0xC5F8, 0xC618, 0xC618, 0xC5F8, 0xC618, 0xC618,
    0xC618, 0xC618, 0xC618, 0xC618, 0xC618, 0xC5F8, 0xC5F8, 0xC5F8,
    0xC5F8, 0xC5F8, 0xC5F8, 0xC5F8, 0xC5F8, 0xC5F8, 0xC5F8, 0xC618,
    0xC618, 0xC618, 0xC618, 0xC618, 0xC618, 0xC618, 0xC618, 0xC618,
    0xC618, 0xC618, 0xC618, 0xC618, 0xC618, 0xC618, 0xC618, 0xC618,
    0xC618, 0xC618, 0xCE18, 0xCE18, 0xCE18, 0xCE18, 0xCE18, 0xCE18,
    0xCE18, 0xCE18, 0xCE18, 0xCE18, 0xCE18, 0xCE18, 0xCE18, 0xCE18,
    0x9AE6, 0x9B06, 0xA306, 0xA306, 0xAB47, 0xB388, 0xBBE9, 0xCC4A,
    0xD4AB, 0xDCEC, 0xE52C, 0xED4D, 0xED2D, 0xED2D, 0xE52C, 0xE4EC,
    0xD4AB, 0xCC2A, 0xB3C8, 0xA327, 0x8AA5, 0x71E3, 0x6161, 0x6181,
    0x7A23, 0x92C5, 0xA347, 0xB3A8, 0xC429, 0xD48A, 0xDCCB, 0xDCEC,
    0xDCCB, 0xD48A, 0xC409, 0xB3A8, 0xA326, 0x92A4, 0x7A23, 0x71C1,
    0x71A1, 0x71C2, 0x79E2, 0x8202, 0x8243, 0x8A63, 0x9263, 0x9283,
    0x9283, 0x9283, 0x92A3, 0x92A4, 0x9AE5, 0xA326, 0xAB87, 0xB3A8,
    0xBBE9, 0xBC0A, 0xBC0A, 0xB40A, 0xABEA, 0xA3CA, 0x9B89, 0xE5F1,
    0xFF78, 0xFED3, 0xFD4A, 0xF447, 0xE3E8, 0xCB05, 0xCB05, 0xDB46,
    0xD305, 0xD305, 0xCAC4, 0xE428, 0xFD8C, 0xFD6B, 0xFD6A, 0xFE0F,
    0xFF17, 0xFF17, 0xFF18, 0xFF18, 0xFF18, 0xFF38, 0xFF18, 0xFF38,
    0xFF38, 0xFF38, 0xFF18, 0xFF18, 0xFF18, 0xFF18, 0xFEF7, 0xFEF7,
    0xFEF7, 0xFEF7, 0xFED7, 0xFF17, 0xDD0F, 0x5921, 0x48E1, 0x3060,
    0x82C8, 0xFEF7, 0xFEB6, 0xFEF7, 0xFEF7, 0xFEF7, 0xFF18, 0xFF38,
    0xFED6, 0xFE95, 0xFEB5, 0xFED6, 0xFED6, 0xFEB5, 0xFE54, 0xFEF7,
    0xFEF7, 0xFEF7, 0xFF18, 0xFF18, 0xFEF7, 0xFEF7, 0xFEF7, 0xFF18,
    0xFEF7, 0xFF39, 0xFF7A, 0xFF5A, 0xFF59, 0xFF59, 0xFF59, 0xFF5A,
    0xFF5A, 0xFF39, 0xFF39, 0xFF18, 0xFF19, 0xFF18, 0xFE74, 0xED09,
    0xF509, 0xFDAB, 0xF54B, 0xB386, 0x71C2, 0x40A0, 0x2820, 0x2020,
    0x49A5, 0xBD53, 0xEEB9, 0xDE57, 0xDE37, 0xD5F6, 0x9C0E, 0x9B26,
    0xF58C, 0xF54A, 0xF529, 0xF54A, 0xFDAC, 0xFE0F, 0xFDCE, 0xF52B,
    0xED8F, 0xCE39, 0xC618, 0xC618, 0xC618, 0xC618, 0xC618, 0xC618,
    0xC618, 0xC618, 0xC5F8, 0xC5F8, 0xC5F8, 0xC5F8, 0xC618, 0xC618,
    0xC618, 0xC5F8, 0xC5F8, 0xC618, 0xC5F8, 0xC5F8, 0xC618, 0xC618,
    0xC618, 0xC618, 0xC618, 0xC618, 0xC618, 0xC5F8, 0xC5F8, 0xC5F8,
    0xC5F8, 0xC5F8, 0xC618, 0xC5F8, 0xC5F8, 0xC5F8, 0xC5F8, 0xC5F8,
    0xC618, 0xC618, 0xC618, 0xC618, 0xC618, 0xC618, 0xC618, 0xC618,
    0xC618, 0xC618, 0xC618, 0xC618, 0xC618, 0xC618, 0xC618, 0xC618,
    0xC618, 0xC618, 0xC618, 0xCE18, 0xCE18, 0xCE18, 0xCE18, 0xCE18,
    0xC618, 0xCE18, 0xCE18, 0xCE18, 0xCE18, 0xCE18, 0xCE18, 0xCE18,
    0x9AE6, 0x9B06, 0xA326, 0xA326, 0xAB47, 0xB388, 0xBBE9, 0xCC6A,
    0xDCCB, 0xE4EC, 0xE52C, 0xED4D, 0xED2D, 0xED2C, 0xE52C, 0xE4EC,
    0xD48B, 0xC42A, 0xB3A8, 0x9B06, 0x8264, 0x69C2, 0x6161, 0x6181,
    0x7203, 0x8AA5, 0xA327, 0xB3A8, 0xC409, 0xD46A, 0xDCCB, 0xDCEC,
    0xDCCB, 0xD48A, 0xC409, 0xB3A8, 0xA326, 0x92A4, 0x7A23, 0x71A1,
    0x71A1, 0x71C1, 0x79E2, 0x8202, 0x8243, 0x8A63, 0x8A63, 0x9283,
    0x9283, 0x9283, 0x9283, 0x92A4, 0x9AE5, 0xA326, 0xAB87, 0xB3C8,
    0xBBE9, 0xBC0A, 0xBC0A, 0xB40A, 0xABEA, 0xA3CA, 0x9B89, 0xB42B,
    0xFF16, 0xFEF4, 0xFDCC, 0xFCC9, 0xEC27, 0xD345, 0xCB05, 0xDB45,
    0xCAE5, 0xCAC4, 0xE3E7, 0xFD8C, 0xFD8C, 0xFDAC, 0xFDAB, 0xFE52,
    0xFF18, 0xFEF7, 0xFEF7, 0xFEF7, 0xFEF7, 0xFF17, 0xFF18, 0xFF18,
    0xFF18, 0xFF38, 0xFF39, 0xFF38, 0xFF38, 0xFF18, 0xFF18, 0xFF17,
    0xFF18, 0xFEF7, 0xFEF7, 0xFEF7, 0xFEB6, 0xCC6D, 0x8245, 0x69A3,
    0xE5B2, 0xFF39, 0xFED7, 0xFEF7, 0xFEF7, 0xFED6, 0xFEB6, 0xFED6,
    0xFED6, 0xFE94, 0xFED6, 0xFEF6, 0xFED6, 0xFE95, 0xFEB6, 0xFEF7,
    0xFEF7, 0xFEF7, 0xFEF7, 0xFF18, 0xFED6, 0xFEF7, 0xFF17, 0xFEF7,
    0xFEF7, 0xFF18, 0xFF18, 0xFF18, 0xFF18, 0xFEF8, 0xFEF8, 0xFF18,
    0xFF39, 0xFF39, 0xFF39, 0xFF19, 0xFF19, 0xFF19, 0xFEF8, 0xFE10,
    0xFD6B, 0xECC7, 0xF4E7, 0xFDCB, 0xFDCC, 0xCC89, 0x7AC6, 0x938B,
    0xD593, 0xD593, 0xCD53, 0xCD73, 0xC4F1, 0xB40C, 0xC449, 0xFE0E,
    0xFDCD, 0xF54A, 0xFD8B, 0xFD8B, 0xFDAD, 0xFE0F, 0xFDAD, 0xFDAD,
    0xE5F3, 0xC639, 0xC618, 0xC618, 0xC618, 0xC618, 0xC618, 0xC618,
    0xC5F8, 0xC5F8, 0xC5F8, 0xC5F8, 0xC5F8, 0xC5F8, 0xC618, 0xC618,
    0xC618, 0xC618, 0xC618, 0xC618, 0xC5F8, 0xC5F8, 0xC618, 0xC5F8,
    0xC618, 0xC618, 0xC618, 0xC618, 0xC618, 0xC5F8, 0xC5F8, 0xC5F8,
    0xC5F8, 0xC5F8, 0xC5F8, 0xC5F8, 0xC5F8, 0xC5F8, 0xC5F8, 0xC5F8,
    0xC5F8, 0xC618, 0xC5F8, 0xC5F8, 0xC618, 0xC618, 0xC618, 0xC618,
    0xC618, 0xC618, 0xC618, 0xC618, 0xC618, 0xC618, 0xC618, 0xC618,
    0xC618, 0xC618, 0xC618, 0xCE18, 0xCE18, 0xCE18, 0xC618, 0xC618,
    0xC618, 0xC618, 0xC618, 0xCE18, 0xCE18, 0xCE18, 0xCE18, 0xCE18,
    0x9AE6, 0x9B06, 0xA306, 0xA327, 0xAB47, 0xB3A8, 0xC3E9, 0xCC6A,
    0xDCCB, 0xDCEC, 0xE52C, 0xED4D, 0xED2D, 0xE52C, 0xE50C, 0xE4EC,
    0xD48B, 0xC429, 0xB3A8, 0x9B06, 0x8264, 0x71E3, 0x6181, 0x69A2,
    0x7A23, 0x8A85, 0xA327, 0xB3A8, 0xC409, 0xD46A, 0xDCAB, 0xDCEB,
    0xDCCB, 0xD48A, 0xC429, 0xB3A8, 0xA347, 0x92A5, 0x7A23, 0x71A1,
    0x71A1, 0x71C1, 0x79E2, 0x8202, 0x8223, 0x8A43, 0x8A63, 0x9283,
    0x9283, 0x9283, 0x9283, 0x92A4, 0x9AE5, 0xA346, 0xAB87, 0xB3C8,
    0xBBE9, 0xBC09, 0xBC0A, 0xB40A, 0xABEA, 0xABCA, 0xA3CA, 0xA3A9,
    0xEE54, 0xFF15, 0xFE0E, 0xFD8C, 0xF488, 0xD365, 0xC2C4, 0xD325,
    0xD324, 0xD365, 0xF50B, 0xFDCD, 0xFDCD, 0xFDED, 0xFDED, 0xFEB5,
    0xFEF7, 0xFED6, 0xFEB6, 0xFEB6, 0xFED6, 0xFEF7, 0xFEF7, 0xFF18,
    0xFF18, 0xFF38, 0xFF38, 0xFF38, 0xFF39, 0xFF18, 0xFF18, 0xFEF7,
    0xFEF7, 0xFEF7, 0xFF18, 0xFF39, 0xFF18, 0xFF59, 0xFEF8, 0xF655,
    0xFEF7, 0xFED6, 0xFED6, 0xFEB5, 0xFEB5, 0xFEB5, 0xFEB6, 0xFEB6,
    0xFED6, 0xFF17, 0xFED6, 0xFED6, 0xFEB5, 0xFE94, 0xFEB5, 0xFED6,
    0xFED6, 0xFED6, 0xFEF7, 0xFF17, 0xFED6, 0xFED6, 0xFEB6, 0xFEB5,
    0xFED6, 0xFEF7, 0xFF18, 0xFED7, 0xFEB6, 0xF675, 0xF612, 0xF612,
    0xFEB6, 0xFF39, 0xFF39, 0xFF19, 0xFF19, 0xFF19, 0xFEF8, 0xFEB5,
    0xFE0E, 0xFDAB, 0xF507, 0xF4E7, 0xFD49, 0xFDAA, 0xFDEC, 0xFE0E,
    0xF5AD, 0xED8D, 0xED8E, 0xEDAE, 0xF58D, 0xFDAC, 0xFE0D, 0xFDCD,
    0xF56A, 0xFD6B, 0xFDAC, 0xFDCD, 0xFDCE, 0xF52B, 0xFDCE, 0xFDCE,
    0xCDF6, 0xC618, 0xC618, 0xC618, 0xC618, 0xC618, 0xC618, 0xC5F8,
    0xC5F8, 0xC5F8, 0xC5F8, 0xC5F8, 0xC618, 0xC5F8, 0xC618, 0xC618,
    0xC5F8, 0xC5F8, 0xC5F8, 0xC5F8, 0xC5F8, 0xC5F8, 0xC5F8, 0xC5F8,
    0xC5F8, 0xC5F8, 0xC5F8, 0xC618, 0xC618, 0xC618, 0xC618, 0xC618,
    0xC5F8, 0xC5F8, 0xC5F8, 0xC5F8, 0xC5F8, 0xC5F8, 0xC5F8, 0xC5F8,
    0xC5F8, 0xC5F8, 0xC5F8, 0xC5F8, 0xC5F8, 0xC5F8, 0xC5F8, 0xC5F8,
    0xC618, 0xC618, 0xC618, 0xC618, 0xC618, 0xC618, 0xC618, 0xC618,
    0xC618, 0xC618, 0xC618, 0xCE18, 0xC618, 0xC618, 0xC618, 0xC618,
    0xC618, 0xC618, 0xC618, 0xC618, 0xCE18, 0xCE18, 0xCE18, 0xCE18,
    0x9B07, 0x9B07, 0xA326, 0xA327, 0xAB47, 0xB3A8, 0xC3E9, 0xCC6A,
    0xDCAB, 0xE4EC, 0xE52C, 0xED2D, 0xED2C, 0xE52C, 0xE52C, 0xE4EC,
    0xD48B, 0xCC29, 0xB3A8, 0xA327, 0x8A85, 0x71E3, 0x69A2, 0x69C2,
    0x7A23, 0x8AA5, 0xA327, 0xB3A8, 0xC429, 0xD46A, 0xDCAB, 0xDCEB,
    0xDCCB, 0xD48A, 0xC429, 0xB3A8, 0xAB47, 0x92C5, 0x7A23, 0x71A1,
    0x71A1, 0x71C1, 0x79E2, 0x8202, 0x8243, 0x8A63, 0x8A63, 0x9283,
    0x9283, 0x9283, 0x9283, 0x92A4, 0x9AE5, 0xA326, 0xAB87, 0xB3C8,
    0xBBE9, 0xBC09, 0xBC0A, 0xB40A, 0xABEA, 0xABEA, 0xA3CA, 0x9BAA,
    0xBC8C, 0xFEF5, 0xFE71, 0xFE71, 0xFD8B, 0xE3E5, 0xD344, 0xE427,
    0xDBC5, 0xECA8, 0xFDCD, 0xFDAC, 0xFDED, 0xFDCC, 0xFDAC, 0xFE94,
    0xFED6, 0xFE74, 0xF653, 0xF654, 0xFE74, 0xFED6, 0xFF18, 0xFEF7,
    0xFEF7, 0xFF18, 0xFF18, 0xFF38, 0xFF18, 0xFF17, 0xFEF7, 0xFEF7,
    0xFEF7, 0xFED6, 0xFEF7, 0xFF18, 0xFF39, 0xFF38, 0xFF38, 0xFF17,
    0xFED6, 0xFE95, 0xFE74, 0xFE74, 0xFEB6, 0xFEB6, 0xFE74, 0xFED6,
    0xFEF7, 0xFEF6, 0xFE94, 0xFE53, 0xFE74, 0xFE95, 0xFED6, 0xFED6,
    0xFED6, 0xFEF7, 0xFF18, 0xFF18, 0xFF18, 0xFED6, 0xFED6, 0xFED6,
    0xFED6, 0xFEF7, 0xFEB6, 0xFE95, 0xFE95, 0xF613, 0xE50D, 0xE50E,
    0xF5F2, 0xFED7, 0xFF39, 0xFF18, 0xFF18, 0xFF19, 0xFEF8, 0xFEF8,
    0xFE72, 0xFDED, 0xFDEC, 0xFDAB, 0xF529, 0xF4E7, 0xF4E7, 0xF529,
    0xFDAA, 0xFDCB, 0xFDCB, 0xFDCC, 0xFDCC, 0xFD8B, 0xF529, 0xF508,
    0xF549, 0xFDAC, 0xFDCD, 0xFE2F, 0xED2C, 0xDBE6, 0xFD8C, 0xF611,
    0xC618, 0xC618, 0xC618, 0xC5F8, 0xC618, 0xC618, 0xC5F8, 0xC5F8,
    0xC5F8, 0xC5F8, 0xC5F8, 0xC5F8, 0xC618, 0xC618, 0xC618, 0xC618,
    0xC5F8, 0xC5F8, 0xC5F8, 0xC5F8, 0xC5F8, 0xC5F8, 0xC5F8, 0xC5F8,
    0xC5F8, 0xC5F8, 0xC5F8, 0xC618, 0xC618, 0xC618, 0xC5F8, 0xC5F8,
    0xC5F8, 0xC5F8, 0xC618, 0xC5F8, 0xC5F8, 0xC5F8, 0xC5F8, 0xC5F8,
    0xC5F8, 0xC5F8, 0xC5F8, 0xC5F8, 0xC5F8, 0xC5F8, 0xC5F8, 0xC5F8,
    0xC618, 0xC5F8, 0xC5F8, 0xC618, 0xC5F8, 0xC618, 0xC618, 0xC618,
    0xC618, 0xC618, 0xC618, 0xC618, 0xC618, 0xC618, 0xC618, 0xC618,
    0xC618, 0xC618, 0xC618, 0xC618, 0xC618, 0xC618, 0xC618, 0xC618,
    0x9B07, 0x9B06, 0xA326, 0xA327, 0xAB47, 0xB3A8, 0xC3E9, 0xCC6A,
    0xDCAB, 0xE4EC, 0xE52C, 0xED4D, 0xED2D, 0xE52C, 0xE50C, 0xDCEC,
    0xD48B, 0xCC2A, 0xBBC8, 0xAB47, 0x92C6, 0x8244, 0x7A03, 0x7A03,
    0x8264, 0x92E6, 0xAB67, 0xBBC9, 0xC429, 0xD46A, 0xDCAB, 0xDCEB,
    0xDCCB, 0xD48A, 0xC429, 0xB3A8, 0xA346, 0x92C5, 0x8223, 0x71C1,
    0x71A1, 0x71C2, 0x79E2, 0x8222, 0x8243, 0x8A63, 0x8A63, 0x9283,
    0x9283, 0x9283, 0x9283, 0x92A4, 0x9AE5, 0xA326, 0xAB87, 0xB3C8,
    0xBBE9, 0xBC09, 0xBC0A, 0xB40A, 0xABEA, 0xABEA, 0xA3CA, 0x9BCA,
    0x9B89, 0xD590, 0xFF35, 0xFE92, 0xFE2F, 0xF529, 0xECE9, 0xF52A,
    0xF509, 0xF58B, 0xFDCD, 0xFDCD, 0xF58B, 0xF56A, 0xF56B, 0xFE73,
    0xFEB5, 0xF653, 0xF5D0, 0xEDD1, 0xEDD0, 0xFE94, 0xFEF8, 0xFEF8,
    0xFEF7, 0xFEF7, 0xFF18, 0xFF18, 0xFF18, 0xFF18, 0xFEF7, 0xFEF7,
    0xFEF7, 0xFED6, 0xFED6, 0xFEB6, 0xFED6, 0xFEF7, 0xFED6, 0xFE73,
    0xFE53, 0xFE74, 0xFE53, 0xFEB5, 0xFEB5, 0xFED6, 0xFED6, 0xFE95,
    0xFEB5, 0xFED6, 0xFEB5, 0xFE74, 0xFE74, 0xFE95, 0xFEB6, 0xFEB6,
    0xFEF7, 0xFEF7, 0xFED6, 0xFEB6, 0xFEB6, 0xFED6, 0xFEF7, 0xFEB5,
    0xFE74, 0xFE75, 0xFE95, 0xDD70, 0x8B09, 0x5163, 0x6182, 0xC3E9,
    0xE52E, 0xF633, 0xFEF7, 0xFEF8, 0xFF19, 0xFF19, 0xFF18, 0xFF18,
    0xFED6, 0xFE2F, 0xFE2E, 0xFE0D, 0xFE0D, 0xFDCC, 0xFD6A, 0xF508,
    0xF508, 0xF4E7, 0xF4E8, 0xF4E8, 0xF508, 0xF4C7, 0xECA7, 0xF4E8,
    0xFD4A, 0xFDCD, 0xFDEE, 0xFE0F, 0xDC08, 0xDBA5, 0xF488, 0xE5D2,
    0xC619, 0xC618, 0xC618, 0xC618, 0xC618, 0xC618, 0xC5F8, 0xC5F8,
    0xC5F8, 0xC5F8, 0xC5F8, 0xC5F8, 0xC618, 0xC618, 0xC5F8, 0xC5F8,
    0xC5F8, 0xC5F8, 0xC5F8, 0xC5F8, 0xC5F8, 0xC5F8, 0xC5F8, 0xC5F8,
    0xC5F8, 0xC5F8, 0xC5F8, 0xC618, 0xC618, 0xC618, 0xC5F8, 0xC5F8,
    0xC5F8, 0xC618, 0xC618, 0xC618, 0xC5F8, 0xC5F8, 0xC618, 0xC5F8,
    0xC5F8, 0xC5F8, 0xC5F8, 0xC5F8, 0xC5F8, 0xC5F8, 0xC5F8, 0xC5F8,
    0xC5F8, 0xC5F8, 0xC5F8, 0xC5F8, 0xC618, 0xC618, 0xC618, 0xC618,
    0xC618, 0xC618, 0xC618, 0xC618, 0xC618, 0xC618, 0xC618, 0xC618,
    0xC618, 0xC618, 0xC618, 0xC618, 0xC5F8, 0xC5F8, 0xC5F8, 0xC5F8,
    0x9B07, 0x9B06, 0xA306, 0xA326, 0xAB47, 0xB388, 0xC3E9, 0xCC6A,
    0xDCAB, 0xE4EC, 0xE52C, 0xED4D, 0xED2C, 0xE52C, 0xE50C, 0xE4EC,
    0xD4AB, 0xCC4A, 0xC3E9, 0xB388, 0xA306, 0x92A5, 0x8A84, 0x8A85,
    0x92C6, 0xA347, 0xB3A8, 0xC409, 0xCC4A, 0xD48A, 0xDCCB, 0xDCEB,
    0xDCCB, 0xD48A, 0xC409, 0xB3A8, 0xA326, 0x92A5, 0x8223, 0x71C1,
    0x71A1, 0x71C1, 0x7A02, 0x8222, 0x8A43, 0x8A63, 0x8A63, 0x9283,
    0x9283, 0x9283, 0x9283, 0x92A4, 0x9AE5, 0xA326, 0xAB87, 0xB3C8,
    0xBBE9, 0xBC09, 0xBC0A, 0xB40A, 0xB3EA, 0xABEA, 0xA3CA, 0xA3CA,
    0x9BAA, 0xA40B, 0xFED4, 0xFE92, 0xFE50, 0xFDEE, 0xFDAD, 0xFDCE,
    0xFDAC, 0xF5AC, 0xFDCC, 0xFDCD, 0xF54A, 0xF54A, 0xF529, 0xFE31,
    0xF674, 0xF611, 0xED6E, 0xE52D, 0xE50D, 0xF612, 0xFF18, 0xFED7,
    0xFED7, 0xFED7, 0xFED6, 0xFED7, 0xFED6, 0xFEF7, 0xFEF8, 0xFEF7,
    0xFED7, 0xFED6, 0xFED6, 0xFED6, 0xFEB6, 0xFEB6, 0xFED6, 0xFE74,
    0xFE53, 0xF632, 0xFE33, 0xFE74, 0xFE94, 0xFE74, 0xFE74, 0xFE94,
    0xFE94, 0xFE95, 0xFEB6, 0xFE95, 0xFE74, 0xFE95, 0xFED6, 0xFEB6,
    0xFED6, 0xFED6, 0xFE95, 0xFE95, 0xFEB6, 0xFE95, 0xFE94, 0xFE94,
    0xFE54, 0xFED7, 0xDD92, 0x30E2, 0x0800, 0x1800, 0x3040, 0xB367,
    0xED4E, 0xF5F1, 0xFEB6, 0xFEF8, 0xFF19, 0xFF18, 0xFF18, 0xFF18,
    0xFF18, 0xFE93, 0xFE4F, 0xFE2F, 0xFE0D, 0xFDEC, 0xFE0D, 0xFDED,
    0xFDAC, 0xFD8B, 0xFD4A, 0xF528, 0xFD49, 0xFD29, 0xFD49, 0xF549,
    0xFD49, 0xFDAC, 0xFE2F, 0xF58E, 0xBAE4, 0xBAA3, 0xEC47, 0xD5D5,
    0xBE18, 0xC618, 0xC5F8, 0xC618, 0xC618, 0xC5F8, 0xC618, 0xC5F8,
    0xC5F8, 0xC5F8, 0xC5F8, 0xC618, 0xC618, 0xC5F8, 0xC5F8, 0xC5F8,
    0xC5F8, 0xC5F8, 0xC5F8, 0xC5F8, 0xC5F8, 0xC5F8, 0xC5F8, 0xC5F8,
    0xC5F8, 0xC5F8, 0xC618, 0xC5F8, 0xC5F8, 0xC618, 0xC5F8, 0xC5F8,
    0xC5F8, 0xC618, 0xC618, 0xC618, 0xC5F8, 0xC5F8, 0xC5F8, 0xC5F8,
    0xC5F8, 0xC5F8, 0xC5F8, 0xC5F8, 0xC5F8, 0xC5F8, 0xC5F8, 0xC5F8,
    0xC5F8, 0xC5F8, 0xC5F8, 0xC5F8, 0xC618, 0xC618, 0xC618, 0xC618,
    0xC618, 0xC618, 0xC618, 0xC618, 0xC618, 0xC618, 0xC618, 0xC618,
    0xC618, 0xC618, 0xC618, 0xC618, 0xC618, 0xC618, 0xC5F8, 0xC5F8,
    0x9B07, 0x9B06, 0xA306, 0xA306, 0xAB47, 0xB388, 0xBBE9, 0xCC4A,
    0xD4AB, 0xDCEC, 0xE50C, 0xED2C, 0xE52C, 0xE50C, 0xE50C, 0xE4EC,
    0xDCAB, 0xD46A, 0xC429, 0xBBC8, 0xAB67, 0x9B06, 0x9AE6, 0x9AE6,
    0xA327, 0xB388, 0xBBC9, 0xC429, 0xCC6A, 0xD48B, 0xDCCB, 0xDCEC,
    0xDCCB, 0xD48A, 0xC409, 0xB388, 0xA326, 0x92A5, 0x7A23, 0x71C1,
    0x71A1, 0x71C2, 0x79E2, 0x8222, 0x8243, 0x8A63, 0x8A63, 0x9283,
    0x9283, 0x9283, 0x9283, 0x92A4, 0x9AC4, 0xA326, 0xAB87, 0xB3C8,
    0xBBE9, 0xBC09, 0xBC2A, 0xB40A, 0xB3EA, 0xABEA, 0xA3CA, 0x9BCA,
    0x9BAA, 0x938A, 0xC4CE, 0xFE0F, 0xFDCE, 0xFDEE, 0xFDEE, 0xFE0F,
    0xF5AC, 0xF58C, 0xF5AC, 0xF5AC, 0xF54A, 0xF54A, 0xF56A, 0xF631,
    0xF674, 0xF5F0, 0xE54D, 0xDCCB, 0xCC29, 0xCC6B, 0xFEB6, 0xFEF7,
    0xFEB6, 0xFEB6, 0xFEF7, 0xFEF7, 0xFEB6, 0xFED6, 0xFED7, 0xFEB6,
    0xFED6, 0xFED6, 0xFEB6, 0xFED6, 0xFED6, 0xFEB6, 0xFEB6, 0xFEB5,
    0xFE95, 0xFE74, 0xFEB5, 0xFE95, 0xFE74, 0xFE73, 0xFE33, 0xFE53,
    0xFE74, 0xFE95, 0xFEB5, 0xFE54, 0xFE33, 0xFEB5, 0xFEB5, 0xFE95,
    0xFE95, 0xFED6, 0xFEF7, 0xFEB6, 0xFE95, 0xFE95, 0xFEB6, 0xFEB6,
    0xFE95, 0xF675, 0x6205, 0x0800, 0x2060, 0x38A0, 0x5921, 0xD4AD,
    0xFE53, 0xFE95, 0xFED7, 0xFEF8, 0xFEF7, 0xFEF8, 0xFF18, 0xFF19,
    0xFF18, 0xFEF7, 0xFE71, 0xFE2F, 0xFE0E, 0xFDED, 0xFDCD, 0xFDCD,
    0xFDED, 0xFDEE, 0xFDED, 0xFDAC, 0xFDCD, 0xFDAC, 0xFDAB, 0xFD8B,
    0xFDAB, 0xFDED, 0xFE2F, 0xFE71, 0xE4AA, 0xCB45, 0xEC68, 0xCDF6,
    0xC618, 0xC5F8, 0xC5F8, 0xC5F8, 0xC5F8, 0xC5F8, 0xC5F8, 0xC5F8,
    0xC5F8, 0xC5F8, 0xC5F8, 0xC5F8, 0xC5F8, 0xC5F8, 0xC5F8, 0xC5F8,
    0xC5F8, 0xC5F8, 0xC5F8, 0xC5F8, 0xC5F8, 0xC5F8, 0xC5F8, 0xC5F8,
    0xC5F8, 0xC5F8, 0xC5F8, 0xC5F8, 0xC618, 0xC5F8, 0xC5F8, 0xC5F8,
    0xC5F8, 0xC618, 0xC618, 0xC618, 0xC5F8, 0xC5F8, 0xC5F8, 0xC5F8,
    0xC5F8, 0xC5F8, 0xC5F8, 0xC618, 0xC618, 0xC618, 0xC5F8, 0xC5F8,
    0xC5F8, 0xC618, 0xC5F8, 0xC618, 0xC618, 0xC618, 0xC618, 0xC618,
    0xC618, 0xC618, 0xC618, 0xC618, 0xC618, 0xC618, 0xC618, 0xC618,
    0xC618, 0xC618, 0xC618, 0xC618, 0xC618, 0xC5F8, 0xC5F8, 0xC5F8,
    0x9B27, 0xA327, 0xA326, 0xA326, 0xAB47, 0xB388, 0xBBE9, 0xCC4A,
    0xD48B, 0xDCCB, 0xE50C, 0xE52C, 0xE50C, 0xE50C, 0xE50C, 0xE4EC,
    0xDCCB, 0xD48A, 0xCC49, 0xC3E9, 0xB388, 0xAB67, 0xAB47, 0xAB47,
    0xAB67, 0xB3A8, 0xC409, 0xCC4A, 0xD48A, 0xDCAB, 0xDCCB, 0xDCEB,
    0xDCCB, 0xD48A, 0xC409, 0xB388, 0xA326, 0x92A4, 0x7A23, 0x71C1,
    0x71A1, 0x71C2, 0x79E2, 0x8222, 0x8243, 0x8A63, 0x8A63, 0x8A83,
    0x9283, 0x9283, 0x9283, 0x92A4, 0x9AC4, 0xA326, 0xAB87, 0xB3C8,
    0xBBE9, 0xBC09, 0xBC0A, 0xB40A, 0xB3EA, 0xABEA, 0xA3CA, 0x9BCA,
    0x9BAA, 0x9BAA, 0x93AA, 0xD50D, 0xFD2A, 0xE488, 0xFDEF, 0xFE2F,
    0xF5AC, 0xF58C, 0xF56B, 0xF58B, 0xF54A, 0xF529, 0xF529, 0xF5CE,
    0xF653, 0xF5D0, 0xED8E, 0xE50C, 0xCC6A, 0xBBA7, 0xE590, 0xFF18,
    0xFE95, 0xFED6, 0xFED7, 0xFEB6, 0xFEB6, 0xFE95, 0xFE95, 0xFE95,
    0xFEB5, 0xFED6, 0xFED6, 0xFEB6, 0xFEB6, 0xFEB6, 0xFE95, 0xFEB5,
    0xFE95, 0xFE95, 0xFE95, 0xFE95, 0xFE74, 0xFE33, 0xFE33, 0xFE53,
    0xFE33, 0xFE32, 0xFE74, 0xFE74, 0xFE53, 0xFE74, 0xFE74, 0xFE74,
    0xFE94, 0xFE95, 0xFE74, 0xFE95, 0xFE95, 0xFE74, 0xFE95, 0xF654,
    0xFE95, 0x9BAB, 0x1840, 0x2880, 0x38A0, 0x48C0, 0xAB48, 0xFE33,
    0xFE95, 0xFEB6, 0xFED7, 0xFF18, 0xFEF8, 0xFEF8, 0xFF18, 0xFF19,
    0xFF19, 0xFF18, 0xFE94, 0xFE2F, 0xFE2F, 0xFE0E, 0xFDCD, 0xFDAD,
    0xFD8D, 0xFD8E, 0xFDAE, 0xFD8D, 0xFDAE, 0xFDCE, 0xFDCD, 0xFDCD,
    0xFDCD, 0xFE0E, 0xFE50, 0xFE92, 0xF5AE, 0xEC27, 0xECCA, 0xCDF6,
    0xC618, 0xC5F8, 0xC5F8, 0xC5F8, 0xC5F8, 0xC5F8, 0xC5F8, 0xC5F8,
    0xC5F8, 0xC5F8, 0xC618, 0xC5F8, 0xC5F8, 0xC5F8, 0xC5F8, 0xC5F8,
    0xC5F8, 0xC5F8, 0xC5F8, 0xC5F8, 0xC5F8, 0xC5F8, 0xC5F8, 0xC5F8,
    0xC5F8, 0xC5F8, 0xC5F8, 0xC618, 0xC618, 0xC618, 0xC5F8, 0xC5F8,
    0xC618, 0xC5F8, 0xC5F8, 0xC5F8, 0xC5F8, 0xC5F8, 0xC5F8, 0xC5F8,
    0xC5F8, 0xC618, 0xC618, 0xC618, 0xC618, 0xC618, 0xC5F8, 0xC5F8,
    0xC5F8, 0xC5F8, 0xC5F8, 0xC618, 0xC5F8, 0xC5F8, 0xC618, 0xC618,
    0xC618, 0xC618, 0xC618, 0xC618, 0xC618, 0xC618, 0xC618, 0xC618,
    0xC618, 0xC618, 0xC618, 0xC618, 0xC5F8, 0xC5F8, 0xC618, 0xC618,
    0xAB67, 0xAB67, 0xAB67, 0xAB47, 0xB387, 0xBBC8, 0xC409, 0xCC4A,
    0xD48B, 0xDCCB, 0xE4EB, 0xE50C, 0xE4EC, 0xE4EB, 0xDCEB, 0xDCEB,
    0xDCCB, 0xD4AB, 0xCC4A, 0xC409, 0xBBC8, 0xBBA8, 0xBBA8, 0xBBA8,
    0xBBA8, 0xBBE9, 0xC409, 0xCC4A, 0xD48A, 0xDCAB, 0xDCCB, 0xDCCB,
    0xDCCB, 0xD46A, 0xC409, 0xB388, 0xA326, 0x92A5, 0x8223, 0x71C2,
    0x71C1, 0x71C2, 0x79E2, 0x8222, 0x8243, 0x8A63, 0x8A63, 0x8A83,
    0x8A83, 0x9283, 0x9283, 0x92A3, 0x92C4, 0xA325, 0xAB87, 0xB3C8,
    0xBBE9, 0xBC09, 0xBC2A, 0xB40A, 0xB40A, 0xABEA, 0xA3CA, 0x9BCA,
    0x9BAA, 0x9BAA, 0x9BCA, 0x9BEB, 0xE4EB, 0xEC05, 0xED2B, 0xFE50,
    0xFDCE, 0xF56B, 0xF56B, 0xF56B, 0xED2A, 0xED08, 0xF529, 0xF5AD,
    0xF652, 0xF611, 0xF5F0, 0xEDAF, 0xE56E, 0xE54E, 0xE52E, 0xFEB6,
    0xFEB6, 0xFEB6, 0xFEB5, 0xFE95, 0xFE74, 0xFE74, 0xFE95, 0xFE74,
    0xFE95, 0xFEB6, 0xFEB6, 0xFEB6, 0xFEB6, 0xFEB6, 0xFEB6, 0xFE95,
    0xFE95, 0xFEB5, 0xFE95, 0xFE95, 0xFE95, 0xF612, 0xF612, 0xFE53,
    0xFE53, 0xFE53, 0xFE32, 0xF612, 0xF5F1, 0xF612, 0xFE53, 0xFE33,
    0xFE33, 0xFE12, 0xFE33, 0xFE95, 0xFE75, 0xFE75, 0xFE74, 0xF613,
    0xFEB6, 0x6A46, 0x2000, 0x40C0, 0x5921, 0xA348, 0xF612, 0xFEB6,
    0xFEB6, 0xF654, 0xFE96, 0xFED7, 0xFEF7, 0xFEF8, 0xFF18, 0xFF19,
    0xFF19, 0xFF18, 0xFEF7, 0xFE50, 0xFE2F, 0xFDEE, 0xFD8D, 0xFD2D,
    0xFD0D, 0xFCED, 0xFD0D, 0xFCED, 0xFCCC, 0xFCED, 0xFD0C, 0xFD8D,
    0xFE0E, 0xFE0E, 0xFE30, 0xFE92, 0xFDEF, 0xF4A8, 0xECCB, 0xC5F7,
    0xC5F8, 0xC5F8, 0xC5F8, 0xC5F8, 0xC5F8, 0xC5F8, 0xC5F8, 0xC5F8,
    0xC5F8, 0xC5F8, 0xC5F8, 0xC618, 0xC618, 0xC5F8, 0xC5F8, 0xC5F8,
    0xC5F8, 0xC5F8, 0xC5F8, 0xC5F8, 0xC5F8, 0xC5F8, 0xC5F8, 0xC5F8,
    0xC5F8, 0xC5F8, 0xC5F8, 0xC5F8, 0xC5F8, 0xC5F8, 0xC5F8, 0xC5F8,
    0xC5F8, 0xC5F8, 0xC618, 0xC5F8, 0xC5F8, 0xC5F8, 0xC5F8, 0xC5F8,
    0xC5F8, 0xC618, 0xC5F8, 0xC5F8, 0xC5F8, 0xC618, 0xC618, 0xC618,
    0xC5F8, 0xC5F8, 0xC618, 0xC618, 0xC5F8, 0xC5F8, 0xC5F8, 0xC5F8,
    0xC5F8, 0xC618, 0xC618, 0xC618, 0xC618, 0xC618, 0xC618, 0xC618,
    0xC618, 0xC618, 0xC5F8, 0xC5F8, 0xC618, 0xC618, 0xC5F8, 0xC5F8,
    0xB3A8, 0xB3A8, 0xB388, 0xB3A8, 0xBBC8, 0xC3E9, 0xCC29, 0xCC6A,
    0xD48A, 0xDCAB, 0xDCCB, 0xE4EB, 0xDCCB, 0xDCCB, 0xDCCB, 0xDCCB,
    0xDCCB, 0xDCAB, 0xD46A, 0xCC49, 0xC409, 0xC409, 0xC409, 0xC409,
    0xC409, 0xC429, 0xCC49, 0xD46A, 0xD48A, 0xDCAB, 0xDCAB, 0xDCAB,
    0xDCAB, 0xCC6A, 0xC409, 0xB3A8, 0xAB47, 0x9AE5, 0x8A64, 0x8223,
    0x7A02, 0x8223, 0x8223, 0x8A43, 0x8A63, 0x9284, 0x92A4, 0x92A4,
    0x92A4, 0x92A4, 0x92A4, 0x92A4, 0x92C4, 0xA326, 0xAB87, 0xB3C8,
    0xB3E9, 0xBC09, 0xBC0A, 0xB40A, 0xB40A, 0xABEA, 0xA3CA, 0x9BAA,
    0x9BAA, 0x93AA, 0x9BCA, 0x9BCB, 0xAC4C, 0xECEA, 0xEC67, 0xFDEF,
    0xFE2F, 0xDC47, 0xE4A9, 0xED2A, 0xE4A7, 0xECE8, 0xF54A, 0xED4A,
    0xF632, 0xF653, 0xF673, 0xF653, 0xF611, 0xF611, 0xE56E, 0xEE12,
    0xFEF7, 0xFEB6, 0xFEB6, 0xFE95, 0xFE95, 0xFE95, 0xFE95, 0xFE95,
    0xFE95, 0xFEB6, 0xFEB6, 0xFEB6, 0xFEB6, 0xFEB6, 0xFEB5, 0xFE95,
    0xFE95, 0xFE74, 0xFE95, 0xFEB5, 0xFE75, 0xF633, 0xFE74, 0xFE54,
    0xFE33, 0xF612, 0xF5F1, 0xEDB1, 0xF5D1, 0xF5F1, 0xF5D1, 0xF5F2,
    0xF612, 0xFE33, 0xFE54, 0xF633, 0xF633, 0xF633, 0xFE54, 0xF654,
    0xFEF8, 0xC48F, 0x8AA7, 0xAB8A, 0xDD2F, 0xFE74, 0xFEB6, 0xFED7,
    0xFEB6, 0xFE96, 0xFED7, 0xFEB7, 0xFEF8, 0xFEF8, 0xFF18, 0xFF19,
    0xFF19, 0xFF19, 0xFF18, 0xFE93, 0xFE2F, 0xFDEE, 0xFD4D, 0xFCAC,
    0xFC8C, 0xFC6C, 0xFC4B, 0xFC4B, 0xFC4B, 0xFC4B, 0xFC4B, 0xFCAC,
    0xFDCF, 0xFE50, 0xFE30, 0xFE71, 0xFE72, 0xFDAD, 0xECEC, 0xC618,
    0xC5F8, 0xC5F8, 0xC5F8, 0xC5F8, 0xC5F8, 0xC5F8, 0xC618, 0xC5F8,
    0xC5F8, 0xC5F8, 0xC5F8, 0xC5F8, 0xC5F8, 0xC5F8, 0xC5F8, 0xC5F8,
    0xC5F8, 0xC5F8, 0xC5F8, 0xC5F8, 0xC5F8, 0xC5F8, 0xC5F8, 0xC5F8,
    0xC5F8, 0xC5F8, 0xC5F8, 0xC5F8, 0xC5F8, 0xC5F8, 0xC5F8, 0xC5F8,
    0xC5F8, 0xC5F8, 0xC5F8, 0xC5F8, 0xC5F8, 0xC5F8, 0xC5F8, 0xC5F8,
    0xC5F8, 0xC5F8, 0xC5F8, 0xC5F8, 0xC5F8, 0xC5F8, 0xC5F8, 0xC5F8,
    0xC5F8, 0xC5F8, 0xC5F8, 0xC5F8, 0xC618, 0xC618, 0xC5F8, 0xC5F8,
    0xC5F8, 0xC618, 0xC618, 0xC618, 0xC618, 0xC618, 0xC618, 0xC618,
    0xC618, 0xC618, 0xC618, 0xC5F8, 0xC618, 0xC5F8, 0xC5F8, 0xC5F8,
    0xBBE8, 0xBBC8, 0xBBC8, 0xBBC8, 0xC3E8, 0xC409, 0xCC49, 0xD46A,
    0xD48A, 0xDCAB, 0xDCCB, 0xDCCB, 0xDCAB, 0xDCAB, 0xDCAB, 0xDCAB,
    0xDCAB, 0xD4AA, 0xD48A, 0xD46A, 0xCC49, 0xCC49, 0xCC4A, 0xCC4A,
    0xCC4A, 0xCC4A, 0xD46A, 0xD48A, 0xD48A, 0xD48A, 0xD48A, 0xD4AA,
    0xD48A, 0xCC6A, 0xC409, 0xBBC8, 0xAB67, 0xA326, 0x92C5, 0x8A84,
    0x8A84, 0x9284, 0x92A4, 0x92A4, 0x9AC5, 0x9AC5, 0x9AE5, 0x9AE5,
    0x9AE5, 0x9AC5, 0x9AC5, 0x9AE5, 0x9B05, 0xAB46, 0xAB87, 0xB3C8,
    0xB3E9, 0xBC09, 0xBC0A, 0xB40A, 0xB40A, 0xABEA, 0xA3CA, 0x9BCA,
    0x9BAA, 0x9BAA, 0x9BCA, 0xA3EB, 0xA40C, 0xBCAD, 0xEC88, 0xF52A,
    0xFE50, 0xD384, 0xB2C3, 0xD406, 0xE487, 0xED2A, 0xED2A, 0xED09,
    0xF610, 0xFE95, 0xFE95, 0xFE74, 0xF674, 0xF653, 0xF5F1, 0xEDAF,
    0xFE94, 0xFEB6, 0xFE95, 0xF695, 0xFE95, 0xFE95, 0xFE95, 0xFE95,
    0xFE95, 0xFE95, 0xFE95, 0xFE95, 0xFE95, 0xFE95, 0xFE74, 0xFE74,
    0xFE74, 0xFE74, 0xFE95, 0xFE74, 0xFE54, 0xF654, 0xFE74, 0xF653,
    0xF653, 0xF633, 0xF5F2, 0xF5D1, 0xF612, 0xF5F2, 0xF612, 0xF633,
    0xF653, 0xFE54, 0xFE74, 0xF633, 0xF633, 0xF5F2, 0xEDD1, 0xFE74,
    0xFED7, 0xFF18, 0xFEF7, 0xFED7, 0xFED7, 0xFEB6, 0xFED7, 0xFE96,
    0xF654, 0xFE75, 0xFED7, 0xFED8, 0xFED7, 0xFF18, 0xFF19, 0xFF18,
    0xFF19, 0xFF18, 0xFF18, 0xFEB5, 0xFE2F, 0xFDEE, 0xFD2D, 0xFC8C,
    0xFC4B, 0xFC0A, 0xFC2B, 0xF42B, 0xFC4B, 0xFC4B, 0xFC4C, 0xFC6C,
    0xFD4E, 0xFE50, 0xFE50, 0xFE71, 0xFE72, 0xFE30, 0xED2E, 0xC5F8,
    0xC5F8, 0xC5F8, 0xC5F8, 0xC5F8, 0xC5F8, 0xC5F8, 0xC5F8, 0xC618,
    0xC5F8, 0xC5F8, 0xC5F8, 0xC5F8, 0xC5F8, 0xC5F8, 0xC5F8, 0xC5F8,
    0xC5F8, 0xC5F8, 0xC5F8, 0xC5F8, 0xC5F8, 0xC5F8, 0xC5F8, 0xC5F8,
    0xC5F8, 0xC5F8, 0xC5F8, 0xC5F8, 0xC5F8, 0xC5F8, 0xC5F8, 0xC5F8,
    0xC5F8, 0xC5F8, 0xC5F8, 0xC5F8, 0xC5F8, 0xC5F8, 0xC5F8, 0xC5F8,
    0xC5F8, 0xC5F8, 0xC5F8, 0xC5F8, 0xC5F8, 0xC5F8, 0xC5F8, 0xC5F8,
    0xC5F8, 0xC5F8, 0xC5F8, 0xC5F8, 0xC5F8, 0xC5F8, 0xC5F8, 0xC5F8,
    0xC5F8, 0xC5F8, 0xC5F8, 0xC5F8, 0xC618, 0xC618, 0xC618, 0xC618,
    0xC618, 0xC618, 0xC5F8, 0xC5F8, 0xC5F8, 0xC5F8, 0xC5F8, 0xC5F8,
    0xC409, 0xC3E8, 0xC3E8, 0xC3E8, 0xC408, 0xC429, 0xCC49, 0xD46A,
    0xD48A, 0xD48A, 0xDCAA, 0xD4AA, 0xD48A, 0xD48A, 0xD48A, 0xD48A,
    0xD48A, 0xD48A, 0xD46A, 0xD46A, 0xD46A, 0xD46A, 0xD46A, 0xD469,
    0xD46A, 0xD46A, 0xD48A, 0xD48A, 0xD48A, 0xD48A, 0xD48A, 0xD48A,
    0xD48A, 0xCC4A, 0xC429, 0xBBC8, 0xB387, 0xAB67, 0xA326, 0x9AE5,
    0x9AE5, 0x9AE5, 0x9B05, 0xA306, 0xA326, 0xA326, 0xA326, 0xA326,
    0xA326, 0xA326, 0xA325, 0xA325, 0xA346, 0xAB87, 0xB3A8, 0xB3C8,
    0xBBE9, 0xBC09, 0xBC09, 0xBC0A, 0xB40A, 0xABEA, 0xA3CA, 0xA3CA,
    0x9BCA, 0x9BCA, 0x9BCA, 0xA3EB, 0xAC2C, 0xAC2D, 0xBC6C, 0xECC9,
    0xFE2F, 0xE446, 0xB261, 0xCB64, 0xED0A, 0xF56B, 0xED2A, 0xECE8,
    0xF58C, 0xFE94, 0xFE94, 0xFE94, 0xFE95, 0xF653, 0xF612, 0xEDD0,
    0xEDD0, 0xFEB6, 0xF674, 0xFE95, 0xF695, 0xF695, 0xFE74, 0xFE95,
    0xFE94, 0xFE74, 0xFE74, 0xFE74, 0xFE74, 0xFE74, 0xFE74, 0xFE54,
    0xFE74, 0xFE74, 0xFE74, 0xFE74, 0xF633, 0xF612, 0xF5F2, 0xF633,
    0xF633, 0xF613, 0xEDB1, 0xF612, 0xF633, 0xF612, 0xF632, 0xF633,
    0xFE53, 0xFE74, 0xFE75, 0xFE74, 0xFE95, 0xFE95, 0xF654, 0xF633,
    0xFE54, 0xFED7, 0xFEF8, 0xFED7, 0xFEF8, 0xFEF8, 0xFEB6, 0xF695,
    0xF654, 0xFE95, 0xFEB6, 0xFEB7, 0xFED7, 0xFEF8, 0xFEF8, 0xFEF8,
    0xFF18, 0xFF19, 0xFF18, 0xFED6, 0xFE30, 0xFDCE, 0xFD2D, 0xF42B,
    0xF42B, 0xF42B, 0xF40B, 0xF42B, 0xF42B, 0xF42B, 0xFC6C, 0xFC6C,
    0xFCCC, 0xFDEF, 0xFE51, 0xFE92, 0xFE72, 0xFE92, 0xE5F3, 0xBDF8,
    0xC5F8, 0xC5F8, 0xC5F8, 0xC5F8, 0xC5F8, 0xC5F8, 0xC5F8, 0xC5F8,
    0xC5F8, 0xC5F8, 0xC5F8, 0xC5F8, 0xC5F8, 0xC5F8, 0xC5F8, 0xC5F8,
    0xC5F8, 0xC5F8, 0xC5F8, 0xC5F8, 0xC5F8, 0xC5F8, 0xC5F8, 0xC5F8,
    0xC5F8, 0xC5F8, 0xC5F8, 0xC5F8, 0xC5F8, 0xC5F8, 0xC5F8, 0xC5F8,
    0xC5F8, 0xC5F8, 0xC5F8, 0xC5F8, 0xBDF8, 0xC5F8, 0xC5F8, 0xC5F8,
    0xC5F8, 0xC5F8, 0xC5F8, 0xC5F8, 0xC5F8, 0xC5F8, 0xC5F8, 0xBDF8,
    0xBDD8, 0xBDD8, 0xBDF8, 0xC5F8, 0xC5F8, 0xC5F8, 0xC5F8, 0xC5F8,
    0xC5F8, 0xC5F8, 0xC5F8, 0xC5F8, 0xC5F8, 0xC5F8, 0xC5F8, 0xC5F8,
    0xC618, 0xC618, 0xC618, 0xC618, 0xC5F8, 0xC618, 0xC618, 0xC5F8,
    0xC408, 0xC408, 0xC408, 0xC408, 0xC408, 0xC409, 0xCC29, 0xCC49,
    0xD46A, 0xD46A, 0xD46A, 0xD46A, 0xD46A, 0xD46A, 0xD46A, 0xD46A,
    0xD46A, 0xD449, 0xCC49, 0xCC49, 0xCC49, 0xCC49, 0xCC49, 0xCC49,
    0xCC49, 0xD469, 0xD46A, 0xD46A, 0xD46A, 0xD46A, 0xD46A, 0xD46A,
    0xCC6A, 0xCC49, 0xC429, 0xBBE8, 0xB3A8, 0xB387, 0xAB67, 0xA346,
    0xA346, 0xA346, 0xAB46, 0xAB67, 0xAB67, 0xAB67, 0xAB67, 0xAB67,
    0xAB66, 0xAB66, 0xAB66, 0xAB66, 0xAB87, 0xB3A7, 0xB3C8, 0xBBE8,
    0xBBE9, 0xBC09, 0xBC09, 0xBC0A, 0xB40A, 0xABEA, 0xA3EA, 0xA3EB,
    0x9BCA, 0x9BCA, 0x9BCA, 0xA40B, 0xAC2C, 0xB44D, 0xAC4D, 0xC4AD,
    0xF5EF, 0xFD8B, 0xD3A4, 0xCB84, 0xF58C, 0xF56B, 0xED2A, 0xECE9,
    0xED2A, 0xFE53, 0xFE94, 0xFE95, 0xFE74, 0xF633, 0xF653, 0xF632,
    0xEDB0, 0xEE12, 0xFE95, 0xF674, 0xF674, 0xF674, 0xF654, 0xF653,
    0xF654, 0xF653, 0xF633, 0xF633, 0xF633, 0xF653, 0xFE74, 0xF674,
    0xFE74, 0xF654, 0xF633, 0xF654, 0xF633, 0xF612, 0xF5F2, 0xF5F2,
    0xF612, 0xF5D1, 0xF5D1, 0xF633, 0xFE74, 0xF674, 0xF633, 0xF633,
    0xF612, 0xF612, 0xF633, 0xF612, 0xF633, 0xFE74, 0xF674, 0xFE75,
    0xF654, 0xF633, 0xFE75, 0xFEB6, 0xFED7, 0xFED7, 0xFEB6, 0xF654,
    0xFE96, 0xFEB6, 0xFEB6, 0xFE96, 0xFED7, 0xFEF7, 0xFEF8, 0xFEF8,
    0xFF18, 0xFF19, 0xFEF8, 0xFED7, 0xFE31, 0xFD8D, 0xFD4D, 0xF42B,
    0xEB69, 0xF3EA, 0xF3EA, 0xF3EA, 0xF40B, 0xF3EA, 0xFC4B, 0xFCCD,
    0xFCAC, 0xFD4D, 0xFE51, 0xFE93, 0xFE93, 0xFEB3, 0xD637, 0xBDD8,
    0xC5F8, 0xC5F8, 0xC5F8, 0xC5F8, 0xC5F8, 0xC5F8, 0xC5F8, 0xC5F8,
    0xC5F8, 0xC5F8, 0xC5F8, 0xC5F8, 0xC5F8, 0xC5F8, 0xC5F8, 0xC5F8,
    0xC5F8, 0xC5F8, 0xC5F8, 0xC5F8, 0xC5F8, 0xC5F8, 0xC5F8, 0xC5F8,
    0xC5F8, 0xC5F8, 0xC5F8, 0xC5F8, 0xC5F8, 0xBDF8, 0xC5F8, 0xC5F8,
    0xC5F8, 0xC5F8, 0xC5F8, 0xC5F8, 0xC5F8, 0xC5F8, 0xC5F8, 0xC5F8,
    0xC5F8, 0xC5F8, 0xC5F8, 0xC5F8, 0xC5F8, 0xBDF8, 0xBDD8, 0xBDD7,
    0xBDD7, 0xBDD7, 0xBDD7, 0xBDD7, 0xBDD8, 0xBDF8, 0xBDF8, 0xC5F8,
    0xC5F8, 0xC5F8, 0xC618, 0xC5F8, 0xC5F8, 0xC5F8, 0xC5F8, 0xC5F8,
    0xC618, 0xC618, 0xC5F8, 0xC5F8, 0xC5F8, 0xC5F8, 0xC5F8, 0xC5F8,
    0xCC09, 0xC408, 0xC408, 0xC408, 0xC408, 0xC408, 0xC408, 0xCC29,
    0xCC29, 0xCC49, 0xCC49, 0xCC49, 0xCC49, 0xCC49, 0xCC49, 0xCC29,
    0xCC29, 0xCC29, 0xCC29, 0xCC29, 0xCC29, 0xC429, 0xC429, 0xC429,
    0xCC29, 0xCC29, 0xCC29, 0xCC29, 0xCC29, 0xCC29, 0xCC29, 0xCC29,
    0xCC49, 0xC429, 0xC409, 0xBBE8, 0xBBC8, 0xB3A7, 0xB387, 0xAB67,
    0xAB67, 0xAB67, 0xB387, 0xB387, 0xB387, 0xB387, 0xB387, 0xB387,
    0xB387, 0xB387, 0xB387, 0xB387, 0xB387, 0xB3A7, 0xB3C8, 0xBBE8,
    0xBBE9, 0xBC09, 0xBC29, 0xBC0A, 0xB40A, 0xAC0A, 0xA3EB, 0xA3EB,
    0xA3EB, 0xA3CA, 0xA3EB, 0xA40B, 0xAC4C, 0xB46D, 0xB46E, 0xAC8F,
    0xBCF1, 0xED8E, 0xF529, 0xE488, 0xF56C, 0xF56B, 0xED4A, 0xED09,
    0xED0A, 0xF5EF, 0xFEB5, 0xFE95, 0xF653, 0xFE95, 0xFE95, 0xF673,
    0xF612, 0xED8F, 0xF612, 0xFEB5, 0xF674, 0xF654, 0xF633, 0xF633,
    0xF633, 0xF632, 0xF612, 0xF612, 0xF612, 0xF612, 0xF612, 0xEDD1,
    0xF612, 0xF5F2, 0xF633, 0xF613, 0xF633, 0xF633, 0xF633, 0xF612,
    0xF5F1, 0xEDB0, 0xED90, 0xF5B0, 0xF612, 0xF653, 0xF612, 0xF612,
    0xF633, 0xF633, 0xF633, 0xF633, 0xF633, 0xF654, 0xF612, 0xF633,
    0xF633, 0xEDD1, 0xF5F2, 0xF613, 0xF654, 0xF654, 0xF675, 0xF654,
    0xF675, 0xFE95, 0xFE96, 0xFEB6, 0xFED7, 0xFED7, 0xFED7, 0xFEF8,
    0xFEF8, 0xFEF8, 0xFEF7, 0xFED7, 0xFE31, 0xFD8D, 0xFD4D, 0xF46C,
    0xE389, 0xEBA9, 0xF3EA, 0xEBEA, 0xEB89, 0xF40B, 0xF40B, 0xFC8D,
    0xFCED, 0xFD0D, 0xFE51, 0xFED3, 0xFEB3, 0xFE93, 0xCE17, 0xBDF8,
    0xC5F8, 0xC5F8, 0xC5F8, 0xC5F8, 0xC5F8, 0xC5F8, 0xC5F8, 0xC5F8,
    0xC5F8, 0xC5F8, 0xC5F8, 0xC5F8, 0xC5F8, 0xC5F8, 0xC5F8, 0xC5F8,
    0xBDF8, 0xC5F8, 0xC5F8, 0xC5F8, 0xC5F8, 0xC5F8, 0xC5F8, 0xC5F8,
    0xC5F8, 0xC5F8, 0xC5F8, 0xC5F8, 0xBDF8, 0xBDF8, 0xC5F8, 0xC5F8,
    0xC5F8, 0xC5F8, 0xBDF8, 0xC5F8, 0xC5F8, 0xC5F8, 0xC5F8, 0xC5F8,
    0xC5F8, 0xC5F8, 0xBDF8, 0xC5F8, 0xBDF8, 0xBDD7, 0xBDD7, 0xBDB7,
    0xB5B7, 0xB596, 0xB596, 0xB5B6, 0xBDB6, 0xBDB7, 0xBDB7, 0xBDD7,
    0xBDD7, 0xC5F8, 0xC5F8, 0xC5F8, 0xC5F8, 0xC5F8, 0xC5F8, 0xC5F8,
    0xC5F8, 0xC5F8, 0xC5F8, 0xC5F8, 0xC5F8, 0xC5F8, 0xC5F8, 0xC5F8,
    0xBBE8, 0xC3E8, 0xBBE8, 0xBBE8, 0xBBE8, 0xBBE8, 0xBBE8, 0xC3E8,
    0xC3E8, 0xC408, 0xC408, 0xC408, 0xC408, 0xC408, 0xC408, 0xC408,
    0xC408, 0xC408, 0xC408, 0xC408, 0xC3E8, 0xC3E8, 0xC3E8, 0xC3E8,
    0xC408, 0xC408, 0xC408, 0xC408, 0xC408, 0xC408, 0xC408, 0xC408,
    0xC408, 0xC408, 0xBBE8, 0xBBC8, 0xB3C7, 0xB3A7, 0xB387, 0xB387,
    0xB387, 0xB387, 0xB3A7, 0xB3A7, 0xB3A7, 0xB3A7, 0xB3A7, 0xB3A7,
    0xB3A7, 0xB387, 0xB387, 0xB387, 0xB3A7, 0xB3A7, 0xB3C8, 0xBBE8,
    0xBC09, 0xBC09, 0xBC2A, 0xBC2A, 0xB40A, 0xB40B, 0xAC0B, 0xA3EB,
    0xA3EB, 0xA3CB, 0xA3EB, 0xAC2C, 0xAC4D, 0xAC6D, 0xAC6E, 0xAC8F,
    0xACB0, 0xB4F2, 0xDCEC, 0xF50A, 0xF5CE, 0xF58C, 0xED4B, 0xED0A,
    0xED2A, 0xED2A, 0xF653, 0xF674, 0xF674, 0xFEB6, 0xFE95, 0xF653,
    0xF612, 0xEDF1, 0xE54E, 0xF633, 0xF674, 0xF653, 0xF633, 0xF632,
    0xF633, 0xF633, 0xF653, 0xF654, 0xF653, 0xF612, 0xF5F2, 0xF5F2,
    0xEDF1, 0xF612, 0xF633, 0xF5F2, 0xF612, 0xF612, 0xF612, 0xF632,
    0xF633, 0xEDB0, 0xEDB0, 0xEDB0, 0xEDD1, 0xF5F2, 0xF5F2, 0xEDB0,
    0xEDD1, 0xF612, 0xF612, 0xF633, 0xF613, 0xF633, 0xF633, 0xF613,
    0xF5F2, 0xF612, 0xF612, 0xEE13, 0xF613, 0xF654, 0xF654, 0xF654,
    0xF675, 0xF654, 0xF675, 0xFE96, 0xFEB6, 0xFEB6, 0xFED7, 0xFED7,
    0xFED7, 0xFED7, 0xFED7, 0xFED7, 0xFE32, 0xFD8D, 0xFD0C, 0xF46B,
    0xEB89, 0xEBA9, 0xEBCA, 0xF42B, 0xEB89, 0xEBA9, 0xEBEA, 0xF42B,
    0xF44B, 0xFCAB, 0xFE10, 0xFEB3, 0xFE71, 0xF611, 0xC618, 0xC5F8,
    0xC5F8, 0xC5F8, 0xC5F8, 0xC5F8, 0xC5F8, 0xC5F8, 0xC5F8, 0xC5F8,
    0xC5F8, 0xC5F8, 0xC5F8, 0xC5F8, 0xC5F8, 0xC5F8, 0xBDF8, 0xBDF8,
    0xC5F8, 0xC5F8, 0xBDF8, 0xBDF8, 0xBDF8, 0xBDF8, 0xC5F8, 0xC5F8,
    0xC5F8, 0xC5F8, 0xC5F8, 0xBDF8, 0xBDF8, 0xC5F8, 0xC5F8, 0xBDF8,
    0xBDF8, 0xC5F8, 0xBDF8, 0xBDF8, 0xBDF8, 0xC5F8, 0xBDF8, 0xBDF8,
    0xC5F8, 0xC5F8, 0xBDF8, 0xBDF8, 0xBDD8, 0xBDD7, 0xBDB7, 0xB5B6,
    0xB596, 0xB575, 0xAD75, 0xB575, 0xB575, 0xB575, 0xB596, 0xB596,
    0xBDB7, 0xBDD7, 0xC5F8, 0xC5F8, 0xC5F8, 0xC5F8, 0xC5F8, 0xC5F8,
    0xC5F8, 0xC5F8, 0xC5F8, 0xC5F8, 0xC5F8, 0xC5F8, 0xC5F8, 0xC5F8,
    0xB387, 0xB387, 0xB387, 0xB387, 0xB387, 0xB387, 0xB3A7, 0xB3A7,
    0xB3A7, 0xB3A7, 0xB3A8, 0xB3A8, 0xB3C8, 0xB3C8, 0xB3A8, 0xB3A8,
    0xB3A8, 0xB3A8, 0xB3A8, 0xB3A8, 0xB3A8, 0xB3A8, 0xB3A8, 0xBBC8,
    0xBBC8, 0xBBC8, 0xBBC8, 0xBBC8, 0xBBC8, 0xBBC7, 0xBBC7, 0xBBC7,
    0xBBC8, 0xBBC8, 0xBBC8, 0xB3C8, 0xB3A7, 0xB3A7, 0xB3A7, 0xB3A7,
    0xB3A7, 0xB3A7, 0xB3A7, 0xB3A7, 0xB3A7, 0xB3A7, 0xB3A7, 0xB3A7,
    0xB3A7, 0xB387, 0xB387, 0xB3A7, 0xB3A7, 0xB3A8, 0xB3C8, 0xBBE9,
    0xBC09, 0xBC09, 0xBC2A, 0xBC4A, 0xB42B, 0xB42B, 0xAC2B, 0xAC0B,
    0xA3EB, 0xA3CB, 0xA3EB, 0xAC2C, 0xAC4D, 0xAC6D, 0xAC6E, 0xAC8F,
    0xB4B0, 0xB4F2, 0xB534, 0xD50F, 0xE4C9, 0xF56C, 0xF58C, 0xED2A,
    0xED0A, 0xECE9, 0xED4C, 0xF674, 0xFE95, 0xFE74, 0xF653, 0xF654,
    0xF674, 0xF653, 0xED8F, 0xDD0D, 0xEE12, 0xF654, 0xF612, 0xEDF2,
    0xF653, 0xF633, 0xF653, 0xF633, 0xF633, 0xF633, 0xF612, 0xF612,
    0xF613, 0xF613, 0xF5F2, 0xF5F2, 0xEDF1, 0xEDD1, 0xF5F1, 0xEDD1,
    0xF5F2, 0xEDB0, 0xEDD1, 0xEDF1, 0xF612, 0xF5F1, 0xF612, 0xF612,
    0xEDB0, 0xEDD1, 0xF612, 0xF633, 0xF633, 0xF633, 0xF654, 0xF633,
    0xF613, 0xF654, 0xF633, 0xF634, 0xF654, 0xF654, 0xF654, 0xF654,
    0xF654, 0xF634, 0xF654, 0xF675, 0xF675, 0xFE95, 0xFED7, 0xFEB7,
    0xFED7, 0xFEB6, 0xFEB6, 0xFED7, 0xFE32, 0xFD4B, 0xFCCB, 0xEBC9,
    0xD2E7, 0xEB89, 0xEB89, 0xEBEA, 0xEBCA, 0xEBCA, 0xEBEB, 0xEC0B,
    0xEC0B, 0xF40A, 0xFD6E, 0xFE92, 0xFDCE, 0xDD92, 0xBE19, 0xC5F8,
    0xC5F8, 0xC5F8, 0xC5F8, 0xC5F8, 0xC5F8, 0xC5F8, 0xC5F8, 0xC5F8,
    0xBDF8, 0xC5F8, 0xC5F8, 0xBDF8, 0xBDF8, 0xBDF8, 0xBDF8, 0xBDF8,
    0xC5F8, 0xBDF8, 0xBDF8, 0xBDF8, 0xBDF8, 0xBDF8, 0xBDF8, 0xBDF8,
    0xC5F8, 0xC5F8, 0xC5F8, 0xBDF8, 0xBDF8, 0xBDF8, 0xBDF8, 0xBDF8,
    0xBDF8, 0xBDF8, 0xBDF8, 0xBDF8, 0xBDF8, 0xBDF8, 0xBDF8, 0xBDF8,
    0xC5F8, 0xBDF8, 0xBDF8, 0xBDF8, 0xBDD8, 0xBDB7, 0xB5B6, 0xB596,
    0xAD75, 0xAD55, 0xAD34, 0xA534, 0xA534, 0xA534, 0xAD55, 0xAD55,
    0xB576, 0xBDB7, 0xBDD7, 0xBDD8, 0xC5F8, 0xC5F8, 0xC5F8, 0xC5F8,
    0xC5F8, 0xC5F8, 0xC5F8, 0xC5F8, 0xC5F8, 0xC5F8, 0xC5F8, 0xC5F8,
    0xA346, 0xA347, 0xA346, 0xA346, 0xA346, 0xA347, 0xA347, 0xA347,
    0xAB47, 0xA347, 0xA347, 0xA347, 0xAB67, 0xAB67, 0xAB67, 0xAB67,
    0xAB67, 0xAB67, 0xAB67, 0xAB67, 0xAB67, 0xAB67, 0xAB67, 0xAB67,
    0xAB87, 0xAB87, 0xAB87, 0xB387, 0xB387, 0xB387, 0xB387, 0xB387,
    0xB387, 0xB3A7, 0xB3A7, 0xB3A7, 0xB3A7, 0xB3A7, 0xB3A7, 0xB3A7,
    0xB3A7, 0xB3A7, 0xB3A7, 0xB3A7, 0xB3A7, 0xB3A7, 0xB3A7, 0xB3A7,
    0xB3A7, 0xB3A7, 0xB3A7, 0xB3A8, 0xB3A8, 0xB3C8, 0xB3E8, 0xBBE9,
    0xBC09, 0xBC2A, 0xBC4A, 0xBC4B, 0xBC4B, 0xB44B, 0xAC2B, 0xAC0B,
    0xA40B, 0xA3EB, 0xA3EB, 0xAC2C, 0xAC4D, 0xB46E, 0xB48E, 0xAC8F,
    0xACB0, 0xB4F2, 0xB534, 0xB576, 0xBD12, 0xD48A, 0xF56B, 0xED6C,
    0xED2A, 0xE4E9, 0xE4C8, 0xEDAF, 0xF674, 0xF653, 0xF6B5, 0xFEB6,
    0xFEB6, 0xFE53, 0xF611, 0xEDD0, 0xE52E, 0xEDB0, 0xF633, 0xF633,
    0xF5F1, 0xEDD1, 0xEDF1, 0xEDF2, 0xEDF1, 0xF612, 0xEE12, 0xF612,
    0xF632, 0xEDF1, 0xEDF1, 0xEDF1, 0xEDD1, 0xEDD1, 0xEDD1, 0xEDB0,
    0xEDB0, 0xEDB0, 0xEDF1, 0xEDD1, 0xEDF1, 0xF612, 0xEDD1, 0xF612,
    0xF633, 0xEDD1, 0xEDD1, 0xF5F2, 0xF633, 0xF633, 0xF654, 0xF654,
    0xF613, 0xF633, 0xF613, 0xF634, 0xF654, 0xF634, 0xF654, 0xF654,
    0xF634, 0xF654, 0xF675, 0xF675, 0xF695, 0xF695, 0xFEB6, 0xFEB7,
    0xFEB6, 0xFEB6, 0xFED7, 0xFEB6, 0xF5F1, 0xF52B, 0xF4AA, 0xEBC9,
    0xD2E7, 0xDB48, 0xE368, 0xE369, 0xEBEA, 0xEBAA, 0xE3A9, 0xEBEA,
    0xF46C, 0xF4AD, 0xFD4E, 0xFE92, 0xF52C, 0xCDD6, 0xBE19, 0xC5F8,
    0xC5F8, 0xC5F8, 0xC5F8, 0xC5F8, 0xC5F8, 0xC5F8, 0xC5F8, 0xC5F8,
    0xBDF8, 0xBDF8, 0xBDF8, 0xBDF8, 0xC5F8, 0xBDF8, 0xBDF8, 0xBDF8,
    0xBDF8, 0xBDF8, 0xBDF8, 0xBDF8, 0xBDF8, 0xBDF8, 0xBDF8, 0xBDF8,
    0xBDF8, 0xBDF8, 0xBDF8, 0xBDF8, 0xBDF8, 0xBDF8, 0xBDF8, 0xBDF8,
    0xBDF8, 0xBDF8, 0xBDF8, 0xBDF8, 0xBDF8, 0xBDF8, 0xBDF8, 0xBDF8,
    0xBDF8, 0xBDF8, 0xBDF8, 0xBDF8, 0xBDD8, 0xBDB7, 0xB596, 0xAD75,
    0xAD34, 0xA513, 0xA513, 0x9CF2, 0x9CD2, 0x9CF2, 0xA513, 0xA534,
    0xAD55, 0xB576, 0xBDB7, 0xBDD7, 0xC5F8, 0xC5F8, 0xC5F8, 0xC5F8,
    0xC5F8, 0xC5F8, 0xC5F8, 0xC5F8, 0xC5F8, 0xC5F8, 0xC5F8, 0xC5F8,
    0x92E6, 0x92E6, 0x92E6, 0x92E6, 0x92E6, 0x9AE6, 0x92E6, 0x9B06,
    0x9AE6, 0x92E6, 0x92E6, 0x92E6, 0x92E6, 0x9B06, 0x9B06, 0x9B06,
    0x9B06, 0x9B06, 0x9B06, 0x9B06, 0x9B26, 0x9B06, 0x9B06, 0x9B26,
    0x9B26, 0xA326, 0xA346, 0xA346, 0xA347, 0xA347, 0xA346, 0xA346,
    0xA346, 0xA346, 0xAB66, 0xAB66, 0xAB66, 0xAB66, 0xAB66, 0xAB67,
    0xAB67, 0xAB67, 0xAB67, 0xAB67, 0xAB67, 0xAB87, 0xAB87, 0xAB87,
    0xAB87, 0xABA8, 0xABA8, 0xABA8, 0xB3A8, 0xB3C8, 0xB3E9, 0xB409,
    0xBC0A, 0xBC2A, 0xBC4B, 0xBC4B, 0xBC4C, 0xB44C, 0xB42C, 0xAC2B,
    0xAC0B, 0xA3EB, 0xA3EB, 0xAC2C, 0xAC4D, 0xB48E, 0xB48F, 0xACAF,
    0xB4D0, 0xB4F2, 0xB534, 0xB555, 0xB597, 0xBD75, 0xD592, 0xF5F0,
    0xF56B, 0xED2A, 0xE4E9, 0xE4E9, 0xF612, 0xFEB6, 0xFED6, 0xFED6,
    0xFED6, 0xFE95, 0xFE74, 0xF653, 0xEDB0, 0xDCCC, 0xE56F, 0xF632,
    0xEDF1, 0xEDD1, 0xEDF1, 0xEDD1, 0xEDD1, 0xEDF2, 0xEE12, 0xF612,
    0xEDF1, 0xEDF1, 0xEDD1, 0xEDB0, 0xEDB0, 0xEDD1, 0xEDD1, 0xEDB0,
    0xE52E, 0xEDB0, 0xEDF1, 0xEDD1, 0xEDD1, 0xEDD1, 0xE590, 0xE56F,
    0xEDD1, 0xEDD1, 0xEDF2, 0xEDF2, 0xF613, 0xF633, 0xF5F2, 0xF613,
    0xF633, 0xF633, 0xF613, 0xF654, 0xF654, 0xF633, 0xF633, 0xF633,
    0xF634, 0xF654, 0xF634, 0xF675, 0xF675, 0xFE96, 0xFEB6, 0xF696,
    0xF675, 0xF695, 0xFE96, 0xFE96, 0xF5AE, 0xF52A, 0xF4AA, 0xEBA8,
    0xE368, 0xDB69, 0xDB48, 0xDB48, 0xEBCA, 0xE3AA, 0xE389, 0xEC0B,
    0xEC4B, 0xF48C, 0xFDCF, 0xFEB2, 0xED6F, 0xBE19, 0xC5F8, 0xC5F8,
    0xC5F8, 0xC5F8, 0xC5F8, 0xC5F8, 0xC5F8, 0xC5F8, 0xC5F8, 0xC5F8,
    0xC5F8, 0xBDF8, 0xBDF8, 0xC5F8, 0xBDF8, 0xBDF8, 0xBDF8, 0xBDF8,
    0xBDF8, 0xBDF8, 0xBDF8, 0xBDF8, 0xBDF8, 0xBDF8, 0xBDF8, 0xBDF8,
    0xBDF8, 0xBDD8, 0xBDD8, 0xBDF8, 0xBDF8, 0xBDF8, 0xBDF8, 0xBDF8,
    0xBDF8, 0xBDF8, 0xBDF8, 0xBDF8, 0xBDF8, 0xBDF8, 0xBDF8, 0xBDF8,
    0xBDF8, 0xBDF8, 0xC5F8, 0xBDF8, 0xBDD7, 0xBDB7, 0xB596, 0xAD55,
    0xA513, 0x9CF2, 0x9CD1, 0x94B0, 0x8C90, 0x9490, 0x94B1, 0x9CF2,
    0xA513, 0xAD55, 0xB596, 0xBDB7, 0xBDD7, 0xC5F8, 0xC5F8, 0xC5F8,
    0xC5F8, 0xC5F8, 0xC5F8, 0xC5F8, 0xC5F8, 0xC5F8, 0xC5F8, 0xC5F8,
    0x8285, 0x8285, 0x82A5, 0x82A5, 0x82A5, 0x82A5, 0x82A5, 0x8285,
    0x82A5, 0x8285, 0x82A5, 0x8285, 0x82A5, 0x8AA5, 0x8AA5, 0x8AA5,
    0x8AA5, 0x8AA5, 0x8AA5, 0x8AC5, 0x8AC5, 0x92C5, 0x92C5, 0x92C5,
    0x92C5, 0x92E5, 0x92E6, 0x9306, 0x9B05, 0x9B06, 0x9B05, 0x9B06,
    0x9B06, 0x9B06, 0x9B06, 0x9B06, 0x9B06, 0x9B06, 0x9B06, 0x9B06,
    0xA326, 0x9B26, 0x9B26, 0xA326, 0xA346, 0xA347, 0xA347, 0xA367,
    0xA367, 0xAB88, 0xABA8, 0xABA8, 0xABA8, 0xABC9, 0xB3E9, 0xB40A,
    0xB40A, 0xBC2B, 0xBC4B, 0xBC6C, 0xBC6C, 0xB44C, 0xB44C, 0xAC2B,
    0xAC0B, 0xA3EB, 0xA3EB, 0xAC2C, 0xB46D, 0xB48E, 0xB4AF, 0xB4AF,
    0xB4D0, 0xB4F2, 0xB534, 0xB555, 0xB576, 0xBDB8, 0xBDF9, 0xCE18,
    0xE5F2, 0xF5AD, 0xED2A, 0xE4E9, 0xED4C, 0xFE95, 0xFED6, 0xFED6,
    0xFED6, 0xFED6, 0xFEB5, 0xF653, 0xF611, 0xED8F, 0xDCEC, 0xDD2E,
    0xEDD1, 0xEDF1, 0xEDB0, 0xED8F, 0xEDB0, 0xEDB0, 0xEDD1, 0xEDD1,
    0xEDD1, 0xEDD1, 0xEDB0, 0xED8F, 0xED8F, 0xE56F, 0xEDB0, 0xEDF1,
    0xE54F, 0xEDB0, 0xEDB0, 0xEDD1, 0xEDB0, 0xED90, 0xE590, 0xE56F,
    0xEDB0, 0xEDD1, 0xEDB1, 0xEDD1, 0xEDD1, 0xEDF2, 0xEDF2, 0xEDD2,
    0xEDF2, 0xF613, 0xF612, 0xEDF2, 0xF633, 0xF613, 0xF633, 0xF613,
    0xF613, 0xF633, 0xF633, 0xF634, 0xF654, 0xF674, 0xF675, 0xF654,
    0xF633, 0xF654, 0xF695, 0xF674, 0xED0B, 0xECC9, 0xF4A9, 0xD347,
    0xCAA6, 0xDB48, 0xDB48, 0xE389, 0xE3AA, 0xDB69, 0xDB27, 0xF44B,
    0xEC0A, 0xF44A, 0xFE51, 0xFE0F, 0xD5B4, 0xBE19, 0xC5F8, 0xC5F8,
    0xC5F8, 0xC5F8, 0xC5F8, 0xC5F8, 0xC5F8, 0xC5F8, 0xC5F8, 0xC5F8,
    0xC5F8, 0xC5F8, 0xBDF8, 0xBDF8, 0xBDF8, 0xBDF8, 0xBDF8, 0xBDF8,
    0xBDF8, 0xBDF8, 0xBDF8, 0xBDF8, 0xBDF8, 0xBDF8, 0xBDF8, 0xBDF8,
    0xBDF8, 0xBDD8, 0xBDD8, 0xBDD8, 0xBDF8, 0xBDF8, 0xBDF8, 0xBDF8,
    0xBDF8, 0xBDF8, 0xBDF8, 0xBDF8, 0xBDF8, 0xBDD8, 0xBDD8, 0xBDD8,
    0xBDD7, 0xBDD7, 0xBDD7, 0xBDD7, 0xBDD7, 0xB5B6, 0xAD75, 0xA534,
    0x9CF3, 0x94B1, 0x8C70, 0x844E, 0x7C2D, 0x842E, 0x8C4F, 0x9490,
    0x9CD2, 0xA513, 0xAD55, 0xB596, 0xBDB7, 0xBDD7, 0xBDF8, 0xC5F8,
    0xC5F8, 0xC5F8, 0xC5F8, 0xC5F8, 0xC5F8, 0xC5F8, 0xC5F8, 0xC5F8,
    0x7A85, 0x7A85, 0x7A85, 0x7A85, 0x7A85, 0x7A65, 0x7A65, 0x7A65,
    0x7A65, 0x7A65, 0x7A65, 0x7A65, 0x7A65, 0x7A64, 0x7A64, 0x7A64,
    0x7A64, 0x7A64, 0x8264, 0x8264, 0x8284, 0x8284, 0x8284, 0x8284,
    0x8285, 0x8AA5, 0x8AA5, 0x8AA5, 0x8AA5, 0x8AA5, 0x8AA5, 0x8AC5,
    0x92C5, 0x92C5, 0x92C5, 0x92C5, 0x92C5, 0x92C5, 0x92C5, 0x92C5,
    0x92E5, 0x92E5, 0x92E6, 0x9B06, 0x9B06, 0x9B26, 0x9B27, 0x9B47,
    0xA367, 0xA368, 0xA388, 0xA3A8, 0xABA8, 0xABC9, 0xB3EA, 0xB40A,
    0xB42B, 0xBC4B, 0xBC4C, 0xBC6C, 0xBC6C, 0xB44C, 0xB44C, 0xAC2C,
    0xAC0B, 0xA3EB, 0xA40B, 0xAC2C, 0xB46D, 0xB48E, 0xB4AF, 0xB4AF,
    0xB4D1, 0xB4F2, 0xB534, 0xB556, 0xB577, 0xBDB7, 0xBDD8, 0xBDF9,
    0xBE1A, 0xCE17, 0xEDD0, 0xF54B, 0xED09, 0xED8E, 0xFED6, 0xFED7,
    0xFED6, 0xFED6, 0xFEB5, 0xFE95, 0xF653, 0xF612, 0xF5F1, 0xE52D,
    0xCC6B, 0xDD2E, 0xEDD0, 0xED8F, 0xE56E, 0xE56F, 0xE56F, 0xED90,
    0xEDB0, 0xE56F, 0xE56F, 0xE58F, 0xED90, 0xEDB0, 0xEDB0, 0xE56F,
    0xE54E, 0xED90, 0xED90, 0xEDB0, 0xED90, 0xE56F, 0xE56F, 0xE56F,
    0xE56F, 0xEDB0, 0xEDD1, 0xEDD1, 0xEDB0, 0xEDB0, 0xED90, 0xEDB0,
    0xEDB0, 0xEDD1, 0xEDF2, 0xEDD1, 0xEDF2, 0xEDF2, 0xEE13, 0xF613,
    0xEE13, 0xEE13, 0xF633, 0xF633, 0xF654, 0xF654, 0xEDF2, 0xEDD1,
    0xEDD1, 0xEDF1, 0xF674, 0xF5F1, 0xE487, 0xE467, 0xEC89, 0xCB06,
    0xB204, 0xCAC6, 0xDB27, 0xDB68, 0xE368, 0xE3CA, 0xDB48, 0xF48C,
    0xE3A9, 0xEC49, 0xFE91, 0xED70, 0xBDF8, 0xC5F8, 0xC5F8, 0xC5F8,
    0xC5F8, 0xC5F8, 0xC5F8, 0xC5F8, 0xC5F8, 0xBDF8, 0xC5F8, 0xC5F8,
    0xBDF8, 0xBDF8, 0xBDF8, 0xBDF8, 0xBDF8, 0xBDF8, 0xBDF8, 0xBDF8,
    0xBDF8, 0xBDF8, 0xBDD8, 0xBDF8, 0xBDF8, 0xBDF8, 0xBDF8, 0xBDF8,
    0xBDF8, 0xBDD8, 0xBDD8, 0xBDD8, 0xBDD8, 0xBDD8, 0xBDD8, 0xBDD8,
    0xBDF8, 0xBDF8, 0xBDF8, 0xBDD8, 0xBDD8, 0xBDD7, 0xBDB7, 0xBDB7,
    0xBDB7, 0xBDD7, 0xBDD7, 0xBDD7, 0xBDB7, 0xB5B6, 0xB575, 0xA534,
    0x9CD2, 0x8C90, 0x842E, 0x7BEC, 0x73CB, 0x73CB, 0x7BED, 0x842E,
    0x8C70, 0x9CD2, 0xA513, 0xAD55, 0xB596, 0xBDB7, 0xBDD8, 0xC5F8,
    0xC5F8, 0xC5F8, 0xC5F8, 0xC5F8, 0xC5F8, 0xC5F8, 0xC5F8, 0xC5F8,
    0x7A86, 0x7A86, 0x7A85, 0x7A85, 0x7A85, 0x7A65, 0x7A65, 0x7A65,
    0x7A65, 0x7A65, 0x7A65, 0x7A65, 0x7A65, 0x7A64, 0x7A64, 0x7A64,
    0x7A64, 0x7A64, 0x7A64, 0x8264, 0x8264, 0x8264, 0x8264, 0x8264,
    0x8284, 0x8284, 0x8284, 0x8284, 0x8284, 0x8284, 0x8284, 0x8284,
    0x8284, 0x8A84, 0x8A84, 0x8A84, 0x8A84, 0x8A84, 0x8AA4, 0x8AA5,
    0x8AA5, 0x8AC5, 0x92C5, 0x92E6, 0x9306, 0x9306, 0x9B27, 0x9B47,
    0x9B47, 0xA368, 0xA368, 0xA388, 0xA3A9, 0xABC9, 0xAC0A, 0xB40B,
    0xB42B, 0xBC4B, 0xBC4C, 0xBC6C, 0xBC6C, 0xB44C, 0xB42C, 0xAC2B,
    0xAC0B, 0xABEB, 0xAC0B, 0xAC2C, 0xB46D, 0xB48E, 0xB48F, 0xB4AF,
    0xB4D1, 0xB513, 0xB534, 0xB556, 0xB577, 0xBDB7, 0xBDD8, 0xBDF9,
    0xBDF9, 0xBE1A, 0xBE1A, 0xD5F5, 0xED8E, 0xED4A, 0xF611, 0xFF39,
    0xFED7, 0xFED6, 0xFEB6, 0xFEB5, 0xFE95, 0xF674, 0xF632, 0xEDD0,
    0xDCED, 0xCC4A, 0xC44B, 0xDD2E, 0xEDD0, 0xEDB0, 0xE58F, 0xE58F,
    0xE56F, 0xE56F, 0xE54E, 0xE54E, 0xE56F, 0xE56F, 0xE56F, 0xDD0D,
    0xE56F, 0xE56F, 0xE56F, 0xE56F, 0xE590, 0xE56F, 0xE56F, 0xE58F,
    0xE590, 0xEDB0, 0xEDB0, 0xEDB0, 0xED90, 0xE56F, 0xE58F, 0xEDB0,
    0xEDD1, 0xEDD1, 0xEDB1, 0xEDD1, 0xEDB0, 0xEDF2, 0xEDD2, 0xEE12,
    0xEDF2, 0xEDF2, 0xEE12, 0xF633, 0xF675, 0xEDF2, 0xE54F, 0xE54F,
    0xEDB0, 0xEDB1, 0xF633, 0xE52C, 0xE4A8, 0xE488, 0xE448, 0xCAC6,
    0xBA44, 0xCAA6, 0xD2E6, 0xD2E7, 0xCB07, 0xD328, 0xE3AA, 0xEC8D,
    0xDB47, 0xF52C, 0xFE10, 0xCDB6, 0xBE18, 0xC5F8, 0xC5F8, 0xC5F8,
    0xC5F8, 0xC5F8, 0xC5F8, 0xC5F8, 0xC5F8, 0xC5F8, 0xC5F8, 0xC5F8,
    0xBDF8, 0xBDF8, 0xBDF8, 0xBDF8, 0xBDF8, 0xBDF8, 0xBDF8, 0xBDF8,
    0xBDF8, 0xBDD8, 0xBDD8, 0xBDD8, 0xBDD8, 0xBDF8, 0xBDF8, 0xBDF8,
    0xBDF8, 0xBDD8, 0xBDD8, 0xBDD8, 0xBDD8, 0xBDD8, 0xBDD8, 0xBDF8,
    0xBDF8, 0xBDF8, 0xBDF8, 0xBDD8, 0xBDD7, 0xB5B7, 0xB596, 0xB596,
    0xB5B6, 0xB5B7, 0xBDB7, 0xBDB7, 0xBDB7, 0xB5B6, 0xAD75, 0xA534,
    0x9CD2, 0x8C6F, 0x7C0D, 0x6BAA, 0x6389, 0x6369, 0x6B8A, 0x73CC,
    0x842E, 0x8C90, 0x9CD2, 0xA534, 0xAD75, 0xBDB7, 0xBDD8, 0xC5F8,
    0xC5F8, 0xC5F8, 0xC5F8, 0xC5F8, 0xC5F8, 0xC5F8, 0xC5F8, 0xC5F8,
    0x7AA6, 0x7A86, 0x8286, 0x7A86, 0x7A86, 0x7A86, 0x7A65, 0x7A65,
    0x7A65, 0x7A65, 0x7A65, 0x7A65, 0x7A65, 0x7A65, 0x7A85, 0x7A85,
    0x7A85, 0x7A85, 0x7A85, 0x8285, 0x8285, 0x8285, 0x8285, 0x8285,
    0x8285, 0x8285, 0x8285, 0x8285, 0x8285, 0x8284, 0x8285, 0x8284,
    0x8A84, 0x8A84, 0x8AA4, 0x8A84, 0x8AA4, 0x8A85, 0x8AA5, 0x8AA5,
    0x8AA5, 0x8AA5, 0x8AC5, 0x92E6, 0x9306, 0x9306, 0x9B27, 0x9B47,
    0x9B48, 0x9B68, 0xA388, 0xA389, 0xA3A9, 0xABCA, 0xAC0B, 0xB42B,
    0xB42B, 0xBC4C, 0xBC6C, 0xBC6C, 0xBC6C, 0xB44C, 0xB42C, 0xAC2B,
    0xAC0B, 0xABEB, 0xABEB, 0xAC2C, 0xB46D, 0xB48E, 0xB4AF, 0xB4AF,
    0xB4D1, 0xB513, 0xB534, 0xB556, 0xBD97, 0xBDB8, 0xBDD8, 0xBDF9,
    0xBDF9, 0xBDF9, 0xBE19, 0xBE1A, 0xC619, 0xDDF3, 0xF5AE, 0xFE94,
    0xFF18, 0xFED6, 0xFEB6, 0xFEB6, 0xFEB6, 0xFE94, 0xF653, 0xF611,
    0xED8F, 0xE54E, 0xD48B, 0xBBE9, 0xC42A, 0xDD4E, 0xE56E, 0xE52D,
    0xDD0D, 0xDD2D, 0xDD2D, 0xE54E, 0xE54E, 0xE56F, 0xE54E, 0xDCED,
    0xE54E, 0xDD2D, 0xDD0D, 0xE56F, 0xE54E, 0xE54E, 0xE56F, 0xE56F,
    0xE58F, 0xE56F, 0xE56F, 0xE58F, 0xE58F, 0xE54E, 0xE56F, 0xE590,
    0xEDD1, 0xEDF2, 0xEDD1, 0xEDB0, 0xEDB0, 0xEDD1, 0xED90, 0xEDD1,
    0xEDF2, 0xEDF2, 0xF633, 0xF633, 0xDD4F, 0xCC8B, 0xD4CC, 0xDD2D,
    0xE58F, 0xEDD1, 0xE56E, 0xE4A8, 0xE4A9, 0xE488, 0xDC28, 0xBA64,
    0xC265, 0xCA85, 0xC285, 0xCAC6, 0xC2A6, 0xCAE6, 0xEC2B, 0xE40A,
    0xE408, 0xFE50, 0xDDF4, 0xBDF8, 0xC5F8, 0xC5F8, 0xC5F8, 0xC5F8,
    0xC618, 0xC618, 0xC618, 0xC5F8, 0xC5F8, 0xC5F8, 0xC5F8, 0xBDF8,
    0xBDF8, 0xBDF8, 0xBDF8, 0xBDF8, 0xBDF8, 0xBDF8, 0xBDD8, 0xBDF8,
    0xBDD8, 0xBDD8, 0xBDD8, 0xBDD8, 0xBDD8, 0xBDD8, 0xBDD8, 0xBDD8,
    0xBDD8, 0xBDD8, 0xBDD8, 0xBDD8, 0xBDF8, 0xBDD8, 0xBDD8, 0xBDD8,
    0xBDF8, 0xBDD8, 0xBDD8, 0xBDD7, 0xB5B6, 0xB596, 0xB595, 0xB595,
    0xB595, 0xB596, 0xB5B6, 0xBDB7, 0xBDB7, 0xBDB7, 0xB576, 0xAD34,
    0x9CF2, 0x8C90, 0x842D, 0x73AA, 0x6368, 0x5326, 0x5B27, 0x6369,
    0x73CC, 0x844E, 0x94B1, 0x9CF3, 0xAD55, 0xB596, 0xBDD7, 0xC5F8,
    0xC5F8, 0xC5F8, 0xC5F8, 0xC5F8, 0xC5F8, 0xC5F8, 0xBDF8, 0xBDF8,
    0x82A7, 0x82A6, 0x82A6, 0x82A6, 0x82A6, 0x7A86, 0x7A86, 0x7A86,
    0x7A86, 0x7A86, 0x7A86, 0x7A86, 0x7A85, 0x7A85, 0x8285, 0x8285,
    0x8285, 0x8285, 0x8285, 0x8285, 0x82A5, 0x82A5, 0x82A5, 0x82A5,
    0x8AA5, 0x82A5, 0x82A6, 0x8AC6, 0x8AA6, 0x8AA5, 0x8AA5, 0x8AA5,
    0x8AA5, 0x8AC5, 0x8AC5, 0x8AC5, 0x8AC5, 0x8AC5, 0x8AC5, 0x8AC6,
    0x8AC6, 0x8AE6, 0x92E6, 0x9306, 0x9307, 0x9B27, 0x9B47, 0x9B68,
    0xA368, 0xA388, 0xA3A9, 0xA3A9, 0xABCA, 0xABEA, 0xB42B, 0xB42B,
    0xB42B, 0xBC4C, 0xBC6C, 0xBC6C, 0xBC6C, 0xB44C, 0xB42C, 0xAC2B,
    0xAC0B, 0xABEA, 0xABEB, 0xAC2B, 0xB46D, 0xB48E, 0xB4AF, 0xB4AF,
    0xB4D1, 0xB513, 0xB534, 0xB556, 0xB597, 0xBDB8, 0xBDD9, 0xBDF9,
    0xBDF9, 0xBDF9, 0xBE19, 0xBDF9, 0xBE1A, 0xBE1A, 0xCE17, 0xE5D0,
    0xFEB5, 0xFEF8, 0xFED6, 0xFED6, 0xFE95, 0xF653, 0xF653, 0xF633,
    0xF612, 0xF5F1, 0xED8F, 0xDD0D, 0xC409, 0xB3A8, 0xB3C9, 0xCC8B,
    0xD4CC, 0xE50D, 0xE52E, 0xE52D, 0xDD0D, 0xDD2E, 0xDD2E, 0xDCEC,
    0xDD2D, 0xE54E, 0xE54E, 0xE52E, 0xE52D, 0xE54E, 0xE54E, 0xE54E,
    0xE56E, 0xE56F, 0xE56F, 0xE54E, 0xE52E, 0xE54E, 0xE54E, 0xE590,
    0xE58F, 0xEDB0, 0xEDB0, 0xE58F, 0xE590, 0xEDB0, 0xE5B0, 0xE590,
    0xEDF2, 0xF633, 0xDD4F, 0xBC0A, 0xBBC8, 0xC409, 0xD48B, 0xDD2D,
    0xE58F, 0xEDB0, 0xDC88, 0xDC88, 0xDC67, 0xE468, 0xD3C7, 0xBA84,
    0xBA64, 0xCAA5, 0xC285, 0xC2A6, 0xCAC6, 0xDB48, 0xE3C9, 0xDB88,
    0xFD6D, 0xF695, 0xC5F8, 0xBDF8, 0xC5F8, 0xC5F8, 0xC5F8, 0xC5F8,
    0xC618, 0xC618, 0xC5F8, 0xC5F8, 0xC5F8, 0xC5F8, 0xC5F8, 0xC5F8,
    0xBDF8, 0xBDF8, 0xBDF8, 0xBDF8, 0xBDD8, 0xBDD7, 0xBDD7, 0xBDD7,
    0xBDD7, 0xBDD7, 0xBDD7, 0xBDD7, 0xBDD7, 0xBDD7, 0xBDD8, 0xBDD8,
    0xBDD8, 0xBDD8, 0xBDD8, 0xBDD8, 0xBDD8, 0xBDD8, 0xBDD8, 0xBDD8,
    0xBDD8, 0xBDD7, 0xBDB7, 0xB5B6, 0xAD75, 0xAD74, 0xAD74, 0xAD74,
    0xAD75, 0xB595, 0xB5B6, 0xBDB7, 0xBDD7, 0xBDD7, 0xB596, 0xAD54,
    0xA513, 0x94D1, 0x844E, 0x73EC, 0x6389, 0x5326, 0x4AE5, 0x5327,
    0x638A, 0x7C0D, 0x8C90, 0x9CD2, 0xA534, 0xB576, 0xBDB7, 0xC5F8,
    0xC5F8, 0xC5F8, 0xC5F8, 0xC5F8, 0xC5F8, 0xC5F8, 0xBDF8, 0xBDF8,
    0x82C7, 0x82C7, 0x82C7, 0x82C7, 0x82C7, 0x82A7, 0x82A7, 0x82A6,
    0x82A6, 0x82A6, 0x82A6, 0x8286, 0x8286, 0x82A6, 0x82A6, 0x82A6,
    0x82A6, 0x82A6, 0x82C6, 0x82A6, 0x82A6, 0x82A6, 0x8AC6, 0x8AC6,
    0x8AC6, 0x8AC6, 0x8AC6, 0x8AC6, 0x8AE6, 0x8AE6, 0x8AE6, 0x8AE6,
    0x92E6, 0x8AE6, 0x8AE6, 0x92E6, 0x92E6, 0x92E6, 0x92E6, 0x92E6,
    0x9306, 0x9306, 0x9307, 0x9B27, 0x9B27, 0x9B48, 0xA368, 0xA368,
    0xA388, 0xA389, 0xA3A9, 0xABCA, 0xABCA, 0xAC0A, 0xB42B, 0xB42B,
    0xB44B, 0xBC4C, 0xBC6C, 0xBC6C, 0xBC6C, 0xB44C, 0xB42C, 0xAC2B,
    0xAC0B, 0xABEA, 0xABEA, 0xAC2B, 0xB46D, 0xB48E, 0xB4AF, 0xB4AF,
    0xB4D1, 0xB513, 0xB534, 0xB556, 0xB597, 0xBDB8, 0xBDD9, 0xBDF9,
    0xBDF9, 0xBDF9, 0xBDF9, 0xBDF9, 0xBE19, 0xBE19, 0xBE1A, 0xBE19,
    0xDE15, 0xFEF7, 0xFEF8, 0xFEB6, 0xF674, 0xF674, 0xF674, 0xF674,
    0xF674, 0xF653, 0xF5F1, 0xEDB0, 0xE52E, 0xD48B, 0xBBA8, 0xAB47,
    0xAB67, 0xBBE9, 0xD4AC, 0xE52E, 0xE4EC, 0xDCCC, 0xD4AB, 0xD4AB,
    0xDD0D, 0xE52E, 0xE54E, 0xE52E, 0xE54E, 0xE52E, 0xE50D, 0xE52D,
    0xDD0D, 0xE54E, 0xE52E, 0xE52E, 0xE52E, 0xE54E, 0xE54E, 0xE54E,
    0xE56F, 0xE56F, 0xE58F, 0xE56F, 0xE58F, 0xEDB0, 0xEDF2, 0xEDF2,
    0xE5B1, 0xD4ED, 0xB3A8, 0xB387, 0xC409, 0xCC6A, 0xDCEC, 0xE54E,
    0xE58F, 0xDCA9, 0xDC67, 0xE4A9, 0xDC68, 0xDC68, 0xC305, 0xBA84,
    0xBA64, 0xBA64, 0xC2A5, 0xD327, 0xD327, 0xDB48, 0xDB47, 0xEC69,
    0xFE73, 0xCE18, 0xBDF8, 0xC5F8, 0xC5F8, 0xC5F8, 0xC5F8, 0xC5F8,
    0xC5F8, 0xC5F8, 0xC5F8, 0xBDF8, 0xBDF8, 0xBDF8, 0xBDF8, 0xBDF8,
    0xBDF8, 0xBDD7, 0xBDD7, 0xBDD7, 0xBDB7, 0xB5B7, 0xB5B7, 0xB5B6,
    0xB5B6, 0xB596, 0xB596, 0xB5B7, 0xB5B7, 0xB5B7, 0xBDB7, 0xBDD7,
    0xBDD7, 0xBDD8, 0xBDD8, 0xBDD8, 0xBDD8, 0xBDD8, 0xBDD8, 0xBDD8,
    0xBDD7, 0xB5B7, 0xB596, 0xAD75, 0xAD54, 0xA533, 0xA553, 0xA553,
    0xAD54, 0xAD74, 0xB595, 0xB5B6, 0xBDD7, 0xBDD7, 0xBDB6, 0xB575,
    0xAD34, 0x9CF2, 0x8C8F, 0x7C0D, 0x6BAA, 0x5326, 0x4AE4, 0x4AE4,
    0x5B48, 0x73EC, 0x8C4F, 0x94B1, 0xA513, 0xAD55, 0xB596, 0xBDD8,
    0xBDF8, 0xBDF8, 0xC5F8, 0xC5F8, 0xC5F8, 0xBDF8, 0xBDF8, 0xBDF8,
    0x82E8, 0x82C7, 0x82C7, 0x82E7, 0x82C7, 0x82C7, 0x82C7, 0x82C7,
    0x82C7, 0x82C7, 0x82A7, 0x82A6, 0x82A6, 0x82A6, 0x82C6, 0x82C6,
    0x82C6, 0x82C6, 0x8AC6, 0x8AC6, 0x8AC6, 0x8AC7, 0x8AE7, 0x8AE7,
    0x8AE7, 0x8AE7, 0x8AE7, 0x8AE7, 0x9307, 0x9307, 0x9307, 0x9307,
    0x9307, 0x9307, 0x9307, 0x9307, 0x9307, 0x9307, 0x9307, 0x9327,
    0x9327, 0x9327, 0x9B27, 0x9B47, 0x9B48, 0xA368, 0xA368, 0xA388,
    0xA389, 0xA3A9, 0xA3C9, 0xABCA, 0xABEA, 0xAC0A, 0xB42B, 0xB42B,
    0xB44B, 0xBC4C, 0xBC6C, 0xBC8C, 0xBC6C, 0xB44C, 0xB42C, 0xAC2B,
    0xAC0B, 0xABEA, 0xABEA, 0xAC2B, 0xB46D, 0xB48E, 0xB4AF, 0xB4AF,
    0xB4D1, 0xB513, 0xB534, 0xB556, 0xB597, 0xBDB8, 0xBDD9, 0xBDF9,
    0xBDF9, 0xBDF9, 0xBDF9, 0xBE19, 0xBE19, 0xBE19, 0xBE19, 0xBE3A,
    0xC5D6, 0xF56D, 0xFF18, 0xFED6, 0xF653, 0xF653, 0xF653, 0xF674,
    0xF654, 0xF654, 0xF633, 0xF5F1, 0xEDD1, 0xED8F, 0xDD0D, 0xD4AC,
    0xC44A, 0xAB88, 0x9AE6, 0xB3C9, 0xBBE9, 0xBBC8, 0xBBC8, 0xDCEC,
    0xE50C, 0xE50D, 0xDCEC, 0xDCEC, 0xDD0C, 0xE52D, 0xDD0D, 0xDCEC,
    0xDCEC, 0xDD0D, 0xE52D, 0xE52D, 0xDD2D, 0xE52D, 0xE52E, 0xE52D,
    0xDD2D, 0xE54E, 0xE52E, 0xE56F, 0xED8F, 0xEDB0, 0xE5B1, 0xDD2E,
    0xCC8B, 0xC409, 0xCC6A, 0xD48B, 0xD4AB, 0xD4CB, 0xDD0D, 0xE54E,
    0xDCCB, 0xDC47, 0xDC87, 0xE4A8, 0xE488, 0xD3E7, 0xBAA3, 0xBA63,
    0xB243, 0xBA64, 0xC2C5, 0xCB06, 0xD347, 0xDB87, 0xE3A6, 0xFDF0,
    0xCE58, 0xBDF8, 0xC5F8, 0xC5F8, 0xC5F8, 0xBDF8, 0xC5F8, 0xC5F8,
    0xC5F8, 0xC5F8, 0xC5F8, 0xBDF8, 0xBDF8, 0xBDD8, 0xBDD7, 0xBDD7,
    0xBDD7, 0xB5B7, 0xB596, 0xB596, 0xB596, 0xB596, 0xB575, 0xAD75,
    0xAD75, 0xAD75, 0xAD75, 0xAD75, 0xB576, 0xB596, 0xB596, 0xB597,
    0xB5B7, 0xBDD7, 0xBDD8, 0xBDD8, 0xBDD8, 0xBDD8, 0xBDD8, 0xBDD8,
    0xB5B7, 0xB596, 0xAD75, 0xA554, 0xA532, 0x9D11, 0x9D11, 0xA511,
    0xA552, 0xAD73, 0xAD74, 0xB596, 0xBDB7, 0xBDD7, 0xBDD7, 0xB596,
    0xAD55, 0xA513, 0x94B0, 0x7C2D, 0x6BAA, 0x5B47, 0x4AE4, 0x4AE3,
    0x5B26, 0x6BCA, 0x844E, 0x94B1, 0x9CF3, 0xAD34, 0xB576, 0xBDB7,
    0xBDD7, 0xBDD8, 0xBDD8, 0xBDF8, 0xBDF8, 0xBDF8, 0xBDF8, 0xBDF8,
    0x8AE8, 0x8AE8, 0x8AE8, 0x8AE8, 0x8AE8, 0x8AE8, 0x8AE8, 0x82E8,
    0x82E7, 0x82E7, 0x8AE7, 0x82C7, 0x82C7, 0x82C7, 0x8AE7, 0x8AE7,
    0x8AE7, 0x8AE7, 0x8AE7, 0x8AE7, 0x8AE7, 0x8B07, 0x8B07, 0x8B07,
    0x9307, 0x9307, 0x9307, 0x9327, 0x9327, 0x9328, 0x9328, 0x9328,
    0x9B28, 0x9B27, 0x9327, 0x9327, 0x9327, 0x9327, 0x9B27, 0x9B48,
    0x9B48, 0x9B48, 0x9B48, 0x9B48, 0x9B68, 0xA368, 0xA388, 0xA3A9,
    0xA3A9, 0xA3C9, 0xA3CA, 0xABCA, 0xABEA, 0xAC0A, 0xB42B, 0xB42B,
    0xB44B, 0xBC4C, 0xBC6C, 0xBC6C, 0xBC6C, 0xB44C, 0xB44C, 0xB42B,
    0xAC0B, 0xABEA, 0xABEA, 0xAC2B, 0xB46D, 0xB4AE, 0xB4AF, 0xB4AF,
    0xB4D1, 0xB513, 0xB534, 0xB576, 0xB597, 0xB5B8, 0xBDD9, 0xBDF9,
    0xBDF9, 0xBDF9, 0xBDF9, 0xBDFA, 0xBDF9, 0xBE1A, 0xBE1A, 0xBE1A,
    0xC5F8, 0xEC68, 0xF5CF, 0xFEF7, 0xF674, 0xF674, 0xF632, 0xEDF1,
    0xF612, 0xF612, 0xF632, 0xF612, 0xF612, 0xEDF1, 0xEDB0, 0xE54E,
    0xE52D, 0xDCCC, 0xCC4A, 0xAB47, 0x92A5, 0x7A24, 0x69C3, 0xAB67,
    0xCC8B, 0xD4CC, 0xDCEC, 0xDCEC, 0xE50C, 0xE52C, 0xE52D, 0xE50D,
    0xDD0C, 0xDD0C, 0xE52D, 0xE52D, 0xE52D, 0xE52D, 0xE52D, 0xE52D,
    0xE52D, 0xE54E, 0xE54E, 0xE54E, 0xDD0D, 0xD4CD, 0xCC8C, 0xD48B,
    0xD4CC, 0xDD0D, 0xDCEC, 0xDD0D, 0xE52D, 0xE52D, 0xE54E, 0xDCAA,
    0xD426, 0xDC67, 0xDC67, 0xE4A8, 0xDC68, 0xC365, 0xAA21, 0xAA21,
    0xB263, 0xC2C4, 0xC2C5, 0xC2C5, 0xDBA7, 0xEC68, 0xF5AF, 0xD638,
    0xBDF8, 0xC5F8, 0xC5F8, 0xC5F8, 0xC5F8, 0xC5F8, 0xBDF8, 0xBDF8,
    0xC5F8, 0xC5F8, 0xC5F8, 0xBDF8, 0xBDD7, 0xBDD7, 0xB5B7, 0xB596,
    0xB596, 0xAD75, 0xAD75, 0xAD55, 0xAD54, 0xAD54, 0xA534, 0xA534,
    0xA534, 0xA534, 0xA534, 0xA534, 0xA554, 0xAD55, 0xAD55, 0xAD75,
    0xB576, 0xB597, 0xB5B7, 0xBDD7, 0xBDD8, 0xBDD8, 0xBDD8, 0xBDD7,
    0xB5B7, 0xAD75, 0xA554, 0xA512, 0x9CF1, 0x94CF, 0x94CE, 0x9CEF,
    0x9D11, 0xA552, 0xAD54, 0xB595, 0xB5B6, 0xBDD7, 0xBDD8, 0xBDB7,
    0xB596, 0xA533, 0x94B1, 0x844E, 0x73CB, 0x5B68, 0x5305, 0x4AE4,
    0x5326, 0x6BAA, 0x842D, 0x8C90, 0x9CD2, 0xA513, 0xAD55, 0xB576,
    0xB596, 0xB5B7, 0xBDB7, 0xBDD8, 0xBDD8, 0xBDF8, 0xBDF8, 0xBDF9,
    0x8B09, 0x8B09, 0x8B08, 0x8B08, 0x8B08, 0x8B08, 0x8B08, 0x8B08,
    0x8B08, 0x8B08, 0x8B08, 0x8B08, 0x8B08, 0x8AE8, 0x8AE8, 0x8B08,
    0x8B08, 0x8B07, 0x8B08, 0x8B08, 0x9308, 0x9328, 0x9328, 0x9328,
    0x9328, 0x9328, 0x9328, 0x9328, 0x9B48, 0x9B48, 0x9B48, 0x9B48,
    0x9B48, 0x9B48, 0x9B48, 0x9B28, 0x9B48, 0x9B48, 0x9B48, 0x9B48,
    0x9B48, 0x9B68, 0x9B68, 0x9B68, 0xA388, 0xA388, 0xA389, 0xA3A9,
    0xA3C9, 0xABCA, 0xABCA, 0xABCA, 0xABEA, 0xAC0B, 0xB40B, 0xB42B,
    0xB44B, 0xBC4C, 0xBC6C, 0xBC6C, 0xBC6C, 0xBC6C, 0xB44C, 0xB42B,
    0xAC0B, 0xABEA, 0xABEA, 0xB42B, 0xB46D, 0xB48E, 0xB4AF, 0xB4AF,
    0xB4D0, 0xB513, 0xB534, 0xB556, 0xB597, 0xB5B8, 0xBDD9, 0xBDF9,
    0xBDF9, 0xBDF9, 0xBDFA, 0xBDFA, 0xBDF9, 0xBDFA, 0xBDFA, 0xBDF9,
    0xBDF9, 0xED0D, 0xF4E8, 0xF5CF, 0xFF18, 0xF695, 0xEE12, 0xF612,
    0xEDF1, 0xEDD1, 0xF5F2, 0xEDF1, 0xF612, 0xF612, 0xF632, 0xEDF1,
    0xEDD0, 0xED90, 0xE52E, 0xD46B, 0xCC2A, 0xC40A, 0xAB67, 0x9AE6,
    0x9B06, 0x9AE6, 0x9B06, 0xA327, 0xB3C8, 0xC42A, 0xCC4A, 0xD4AB,
    0xD4CC, 0xDCEC, 0xDCCC, 0xDCEC, 0xDD0D, 0xDCED, 0xD4CC, 0xD4CC,
    0xD4AC, 0xCC8B, 0xCC4A, 0xCC6B, 0xCC6B, 0xD4CC, 0xDD0D, 0xDD2E,
    0xDD2E, 0xE54E, 0xE54E, 0xE54E, 0xE58F, 0xE54E, 0xDC89, 0xD427,
    0xDC47, 0xDC46, 0xDC67, 0xE488, 0xDC88, 0xC344, 0xAA20, 0xAA21,
    0xB282, 0xC2A3, 0xCB04, 0xDBA6, 0xF4E9, 0xF5CF, 0xD638, 0xBDF9,
    0xC5F8, 0xC5F8, 0xC5F8, 0xC5F8, 0xC5F8, 0xC5F8, 0xBDF8, 0xC5F8,
    0xC5F8, 0xBDF8, 0xBDF8, 0xBDD8, 0xB5B7, 0xB596, 0xAD75, 0xAD55,
    0xA534, 0xA534, 0xA513, 0xA513, 0x9D13, 0x9D13, 0x9D13, 0x9D13,
    0x9D13, 0x9D13, 0x9CF3, 0x9CF3, 0x9D13, 0x9D13, 0xA534, 0xA534,
    0xA555, 0xAD75, 0xB596, 0xB5B7, 0xB5B7, 0xB5D7, 0xBDD7, 0xBDB7,
    0xB596, 0xAD55, 0xA533, 0x9CF1, 0x94CE, 0x8C8C, 0x8CAC, 0x94CE,
    0x9CEF, 0xA531, 0xA553, 0xAD75, 0xB596, 0xBDD7, 0xBDF8, 0xBDD8,
    0xB596, 0xA534, 0x94D2, 0x844F, 0x73EC, 0x6369, 0x5326, 0x4B05,
    0x5326, 0x6BA9, 0x7C0C, 0x8C4F, 0x9491, 0x9CD2, 0xA513, 0xA535,
    0xAD55, 0xAD76, 0xB597, 0xBDB7, 0xBDD8, 0xBDF8, 0xBDF9, 0xBDF9,
    0x8B29, 0x8B29, 0x8B29, 0x8B29, 0x8B29, 0x8B29, 0x8B29, 0x8B29,
    0x9329, 0x9329, 0x8B29, 0x9329, 0x9328, 0x9328, 0x8B28, 0x8B08,
    0x8B08, 0x9308, 0x9328, 0x9328, 0x9328, 0x9348, 0x9348, 0x9348,
    0x9348, 0x9B48, 0x9B49, 0x9B49, 0x9B69, 0x9B69, 0x9B69, 0x9B68,
    0x9B68, 0x9B68, 0x9B68, 0x9B48, 0x9B48, 0x9B68, 0x9B68, 0x9B68,
    0x9B68, 0x9B68, 0xA368, 0xA389, 0xA389, 0xA3A9, 0xA3A9, 0xA3C9,
    0xABCA, 0xABCA, 0xABCA, 0xABEA, 0xABEA, 0xAC0B, 0xB42B, 0xB42B,
    0xB44B, 0xBC4C, 0xBC6C, 0xBC8C, 0xBC8C, 0xBC6C, 0xB44C, 0xB42B,
    0xAC0B, 0xABEA, 0xABEA, 0xB42B, 0xB46C, 0xB48E, 0xB4AE, 0xB4AF,
    0xB4D0, 0xB512, 0xB534, 0xB556, 0xB597, 0xB5B8, 0xBDD9, 0xBDF9,
    0xBDF9, 0xBDF9, 0xBDFA, 0xBDFA, 0xBE19, 0xBDF9, 0xBDF9, 0xBDF9,
    0xBE1A, 0xE56F, 0xFD4A, 0xECC9, 0xF654, 0xFF18, 0xF633, 0xF612,
    0xEDD0, 0xEDF2, 0xEDF1, 0xEDF1, 0xEDF1, 0xF612, 0xF612, 0xF5F2,
    0xF632, 0xEDF1, 0xED8F, 0xE54E, 0xDD0D, 0xDCCC, 0xD4AC, 0xCC6B,
    0xC40A, 0xC3E9, 0xB3A8, 0xAB47, 0x92C6, 0x8A85, 0x92A5, 0xA327,
    0xA327, 0x9B27, 0x9B27, 0xA347, 0xB3A9, 0xB3C9, 0xBBE9, 0xBC09,
    0xCC6B, 0xCC8B, 0xD4AC, 0xDCED, 0xDD2D, 0xE54E, 0xE56F, 0xE58F,
    0xE58F, 0xE56F, 0xE56E, 0xE56E, 0xE50C, 0xDC88, 0xD447, 0xD426,
    0xDC47, 0xDC47, 0xDC67, 0xDC67, 0xDC88, 0xC343, 0xB260, 0xB261,
    0xBAA2, 0xCB44, 0xE468, 0xFD8C, 0xEE13, 0xCE18, 0xBE19, 0xC618,
    0xC5F8, 0xC5F8, 0xC5F8, 0xC5F8, 0xC5F8, 0xC5F8, 0xC5F8, 0xBDF8,
    0xC5F8, 0xBDF8, 0xBDD8, 0xB5B7, 0xB596, 0xAD55, 0xA534, 0x9D13,
    0x9CF3, 0x9CF2, 0x94D2, 0x94D1, 0x94D1, 0x94D1, 0x9CD1, 0x9CF1,
    0x94F1, 0x94D1, 0x94D1, 0x94D1, 0x94D1, 0x94D1, 0x94F2, 0x9CF3,
    0x9D13, 0xA534, 0xAD55, 0xAD76, 0xB596, 0xB5B7, 0xB5B7, 0xB5B6,
    0xB596, 0xAD54, 0xA532, 0x94EF, 0x8CAC, 0x8469, 0x8469, 0x8CAC,
    0x94EF, 0x9D31, 0xAD53, 0xAD75, 0xB596, 0xBDD7, 0xBDF8, 0xBDD8,
    0xB597, 0xA555, 0x9CF3, 0x8470, 0x73ED, 0x638A, 0x5B47, 0x5325,
    0x5346, 0x6388, 0x73EB, 0x7C2D, 0x8C4F, 0x8C90, 0x94B2, 0x9CF3,
    0xA535, 0xAD56, 0xB576, 0xB5B7, 0xBDD8, 0xBDF8, 0xBDF9, 0xBDF9,
    0x934A, 0x934A, 0x934A, 0x934A, 0x934A, 0x932A, 0x934A, 0x934A,
    0x8B4A, 0x934A, 0x934A, 0x8B4A, 0x8B4A, 0x8B4A, 0x8B2A, 0x8B29,
    0x9329, 0x9329, 0x9348, 0x9349, 0x9349, 0x9349, 0x9B49, 0x9B69,
    0x9B69, 0x9B69, 0x9B69, 0x9B69, 0x9B89, 0x9B89, 0xA389, 0xA389,
    0xA369, 0xA369, 0x9B68, 0x9B68, 0x9B68, 0x9B68, 0xA389, 0xA389,
    0xA389, 0xA389, 0xA389, 0xA3A9, 0xA3A9, 0xA3A9, 0xA3A9, 0xABCA,
    0xABCA, 0xABCA, 0xABEA, 0xABEA, 0xABEA, 0xAC0B, 0xB42B, 0xB42B,
    0xBC4B, 0xBC4C, 0xBC6C, 0xBC8C, 0xBC8C, 0xBC6C, 0xB44B, 0xB42B,
    0xB40B, 0xAC0A, 0xABEA, 0xB42B, 0xB46C, 0xBC8D, 0xB48E, 0xB4AF,
    0xB4D0, 0xB512, 0xB534, 0xB556, 0xB597, 0xB5B8, 0xBDD9, 0xBDFA,
    0xBDFA, 0xBDF9, 0xBE1A, 0xBDFA, 0xBE19, 0xBDF9, 0xBDFA, 0xBDF9,
    0xBE3B, 0xDD72, 0xFDAB, 0xF52A, 0xD3C5, 0xEDB1, 0xFEB5, 0xF612,
    0xEDF1, 0xEDD1, 0xEDF1, 0xEDD0, 0xEDD1, 0xEDF1, 0xEDD1, 0xEDD1,
    0xF632, 0xEDD1, 0xEDD1, 0xEDB0, 0xED90, 0xE56F, 0xE56F, 0xE52E,
    0xDD0D, 0xDCED, 0xD4CD, 0xD4AC, 0xCC4A, 0xC40A, 0xC409, 0xBC09,
    0xBC09, 0xBBE9, 0xBBE9, 0xC42A, 0xC42A, 0xCC6B, 0xD4AC, 0xDCED,
    0xDD0D, 0xDD2E, 0xE54F, 0xE56F, 0xE56F, 0xE58F, 0xE5B0, 0xE56F,
    0xE56F, 0xE56F, 0xE54D, 0xDCCA, 0xD426, 0xD405, 0xD426, 0xD426,
    0xDC67, 0xDC67, 0xDC67, 0xDC67, 0xDC47, 0xD3C4, 0xD3E5, 0xD406,
    0xDC47, 0xECC8, 0xEDAE, 0xD636, 0xBE19, 0xBE19, 0xC619, 0xC619,
    0xC5F8, 0xC5F8, 0xC5F8, 0xC5F8, 0xC5F8, 0xC5F8, 0xC5F8, 0xBDF8,
    0xBDF8, 0xBDD8, 0xB5B7, 0xB576, 0xAD55, 0xA534, 0x9CF3, 0x94D2,
    0x94B1, 0x8C90, 0x8C8F, 0x8C8F, 0x8CAF, 0x94B0, 0x94B0, 0x94D0,
    0x94B0, 0x8CB0, 0x8C8F, 0x8C8F, 0x8C8F, 0x8C90, 0x8C90, 0x94B1,
    0x94D2, 0x9CF3, 0xA534, 0xA555, 0xAD75, 0xB596, 0xAD96, 0xAD75,
    0xAD74, 0xA553, 0x9D11, 0x94CE, 0x848A, 0x7C47, 0x7C68, 0x8CAB,
    0x9CEF, 0xA532, 0xAD54, 0xB596, 0xB5B7, 0xBDD8, 0xBDF9, 0xBDF8,
    0xB5B7, 0xAD55, 0x9CF3, 0x8C70, 0x740E, 0x638A, 0x5B48, 0x5326,
    0x5346, 0x5B68, 0x6BAA, 0x73EC, 0x7C0D, 0x842E, 0x8C70, 0x94B2,
    0x9CF4, 0xA535, 0xAD76, 0xB597, 0xB5B8, 0xBDD8, 0xBDF9, 0xBDF9,
    0x9BAC, 0x938C, 0x936B, 0x8B6B, 0x8B4B, 0x8B4B, 0x8B4B, 0x8B4B,
    0x8B4B, 0x834C, 0x8B4C, 0x836C, 0x834C, 0x834C, 0x834B, 0x8B4B,
    0x8B4A, 0x9349, 0x9349, 0x9B49, 0x9B49, 0x9B69, 0x9B69, 0x9B69,
    0x9B69, 0x9B69, 0x9B89, 0xA389, 0xA389, 0xA389, 0xA389, 0xA389,
    0xA389, 0xA389, 0xA389, 0xA389, 0xA389, 0xA389, 0xA389, 0xA389,
    0xA389, 0xA389, 0xA3A9, 0xA3A9, 0xA3A9, 0xA3A9, 0xA3CA, 0xABCA,
    0xABCA, 0xABEA, 0xABEA, 0xABEA, 0xABEB, 0xAC0B, 0xB42B, 0xB42B,
    0xBC4B, 0xBC4C, 0xBC6C, 0xBC8C, 0xBC8C, 0xBC6C, 0xB44C, 0xB42B,
    0xB40B, 0xAC0A, 0xABEA, 0xB42B, 0xBC6C, 0xBC8D, 0xBC8E, 0xB4AE,
    0xB4D0, 0xB4F2, 0xB514, 0xB556, 0xB597, 0xB5B8, 0xBDD9, 0xBDFA,
    0xBDFA, 0xBDFA, 0xBDFA, 0xBDFA, 0xBDFA, 0xBDF9, 0xBDFA, 0xBDF9,
    0xBE1A, 0xD5F6, 0xFE0F, 0xFDAC, 0xDBC4, 0xCB84, 0xF653, 0xFEB5,
    0xF612, 0xEDF1, 0xEDD1, 0xEDB0, 0xEDD0, 0xEDB0, 0xEDB0, 0xEDB0,
    0xEDB0, 0xEDB0, 0xEDD0, 0xEDF1, 0xEDB0, 0xEDB0, 0xEDD1, 0xED90,
    0xEDB0, 0xE56F, 0xE54F, 0xE54F, 0xDD0D, 0xDD0D, 0xDCED, 0xDCEC,
    0xDCCC, 0xDCED, 0xDCED, 0xDD0D, 0xD4CC, 0xDCED, 0xDD2E, 0xDD2E,
    0xE54E, 0xE590, 0xE590, 0xE56F, 0xE590, 0xE5B0, 0xE590, 0xE54E,
    0xE54E, 0xDCEC, 0xD448, 0xD406, 0xD426, 0xD426, 0xD426, 0xCBC5,
    0xC384, 0xD427, 0xDC68, 0xDC67, 0xDC88, 0xDCA9, 0xDC88, 0xDC88,
    0xE4CA, 0xDD91, 0xC618, 0xBE19, 0xBE19, 0xC619, 0xC619, 0xC619,
    0xC619, 0xC5F8, 0xC5F8, 0xC618, 0xC618, 0xC618, 0xC5F8, 0xBDF8,
    0xBDD8, 0xBDD7, 0xB596, 0xAD75, 0xAD54, 0xA513, 0x9CD2, 0x94B1,
    0x846F, 0x846E, 0x844D, 0x844D, 0x8C6E, 0x8C8F, 0x8C8F, 0x8C8F,
    0x8C8F, 0x8C8E, 0x846E, 0x844D, 0x7C4D, 0x7C4D, 0x7C4E, 0x844E,
    0x846F, 0x94B1, 0x9CF3, 0x9D13, 0xA534, 0xA554, 0xA554, 0xA554,
    0xA533, 0xA532, 0x9CF0, 0x8CCD, 0x8488, 0x7C46, 0x8468, 0x8CCC,
    0x9D10, 0xA552, 0xAD74, 0xB596, 0xBDB7, 0xBDD8, 0xBDF8, 0xBDF8,
    0xB5B7, 0xAD76, 0x9D14, 0x8C91, 0x7C0E, 0x63AB, 0x5B48, 0x5326,
    0x5326, 0x5B67, 0x6388, 0x638A, 0x6BAB, 0x73CC, 0x7C2E, 0x8C71,
    0x94B2, 0xA514, 0xAD56, 0xB596, 0xB5B7, 0xBDD8, 0xBDF8, 0xBDF9,
    0x9BED, 0x93AD, 0x8B8C, 0x8B8C, 0x836C, 0x834C, 0x834C, 0x834C,
    0x7B4D, 0x7B4D, 0x7B6D, 0x7B4E, 0x7B4E, 0x7B4D, 0x7B4D, 0x834C,
    0x8B4B, 0x936A, 0x9B6A, 0x9B69, 0x9B69, 0x9B69, 0x9B69, 0x9B69,
    0x9B89, 0xA389, 0xA389, 0xA389, 0xA3A9, 0xA3A9, 0xA3A9, 0xA3A9,
    0xA3A9, 0xA3A9, 0xA389, 0xA389, 0xA389, 0xA389, 0xA389, 0xA389,
    0xA389, 0xA3A9, 0xA3A9, 0xA3A9, 0xA3C9, 0xA3CA, 0xABCA, 0xABEA,
    0xABEA, 0xABEA, 0xABEA, 0xABEA, 0xABEB, 0xAC0B, 0xB42B, 0xB44B,
    0xBC4B, 0xBC4C, 0xBC6C, 0xBC8C, 0xBC8C, 0xBC6C, 0xBC4C, 0xB42B,
    0xB40A, 0xABEA, 0xB3EA, 0xB42B, 0xBC4C, 0xBC8D, 0xBC8D, 0xBCAE,
    0xB4D0, 0xB4F2, 0xB514, 0xB555, 0xB597, 0xB5B8, 0xBDD9, 0xBDFA,
    0xBDFA, 0xBDFA, 0xBDFA, 0xBDFA, 0xBDFA, 0xBDF9, 0xBDFA, 0xBE1A,
    0xBE1A, 0xD659, 0xFE30, 0xFDEE, 0xECC9, 0xDC26, 0xE4CA, 0xEE12,
    0xF694, 0xF612, 0xEDB0, 0xEDB0, 0xE58F, 0xE58F, 0xE56F, 0xE56F,
    0xE56F, 0xEDB0, 0xEDB0, 0xEDB0, 0xE56F, 0xE56F, 0xEDB0, 0xEDB0,
    0xED8F, 0xED8F, 0xE58F, 0xED8F, 0xE56F, 0xE56F, 0xE54E, 0xE54E,
    0xE54E, 0xE56F, 0xE56F, 0xE58F, 0xDD2E, 0xE54E, 0xE56F, 0xE58F,
    0xE5B0, 0xE5B0, 0xE5B0, 0xE590, 0xE590, 0xE590, 0xE52E, 0xDCAA,
    0xD448, 0xD426, 0xD426, 0xD446, 0xD447, 0xCBE6, 0xB2E3, 0x9A21,
    0x9A01, 0xAA81, 0xCBC5, 0xDC88, 0xE4A9, 0xCBA5, 0xC386, 0xD4CD,
    0xCDD7, 0xBE3A, 0xBE19, 0xC619, 0xC619, 0xBE19, 0xBE19, 0xC619,
    0xC619, 0xC619, 0xC619, 0xC619, 0xC619, 0xC618, 0xBDF8, 0xBDF8,
    0xBDD7, 0xB5B7, 0xB596, 0xAD75, 0xAD55, 0x9D13, 0x9CF2, 0x8CB1,
    0x846F, 0x7C4D, 0x7C2C, 0x7C2C, 0x844D, 0x846E, 0x8C8F, 0x8C8E,
    0x8C6E, 0x846E, 0x844D, 0x7C2D, 0x740C, 0x740C, 0x740C, 0x740C,
    0x7C2D, 0x8C90, 0x94D1, 0x94F2, 0x9CF2, 0x9D13, 0x9D13, 0x9D12,
    0x9CF1, 0x94F0, 0x94CE, 0x84AB, 0x7C67, 0x7C45, 0x8489, 0x94CC,
    0x9D10, 0xA553, 0xAD75, 0xB5B7, 0xBDD8, 0xBDF8, 0xBDF8, 0xBDD8,
    0xB5B8, 0xAD76, 0x9D14, 0x8C91, 0x7C0F, 0x6BAC, 0x5B49, 0x5327,
    0x4B25, 0x5326, 0x5347, 0x5B48, 0x6369, 0x638A, 0x73ED, 0x8450,
    0x8C92, 0x9CF4, 0xA535, 0xAD76, 0xB5B7, 0xBDD8, 0xBDF8, 0xBDF9,
    0x9BEE, 0x93CD, 0x8B8D, 0x836D, 0x836D, 0x7B4D, 0x7B4D, 0x734D,
    0x734E, 0x6B4F, 0x6B4F, 0x6B4F, 0x6B4F, 0x6B4F, 0x734E, 0x7B4D,
    0x8B6C, 0x938C, 0x9B8B, 0x9BAA, 0xA389, 0xA389, 0xA389, 0x9B89,
    0xA389, 0xA389, 0xA389, 0xA3A9, 0xA3A9, 0xA3A9, 0xA3AA, 0xA3A9,
    0xA3A9, 0xA3A9, 0xA3A9, 0xA3A9, 0xA3A9, 0xA3A9, 0xA3A9, 0xA3A9,
    0xA3A9, 0xA3A9, 0xA3A9, 0xA3C9, 0xA3C9, 0xABCA, 0xABCA, 0xABEA,
    0xABEA, 0xABEA, 0xABEA, 0xABEA, 0xABEA, 0xAC0B, 0xB42B, 0xB44B,
    0xBC6C, 0xBC6C, 0xBC6C, 0xC48C, 0xC48C, 0xBC6C, 0xB44B, 0xB42B,
    0xB40A, 0xB40A, 0xB3EA, 0xB42A, 0xBC4C, 0xBC6D, 0xBC8D, 0xB48E,
    0xB4CF, 0xB4F2, 0xB514, 0xB555, 0xB597, 0xB5B8, 0xBDD9, 0xBDFA,
    0xBDFA, 0xBDFA, 0xBDFA, 0xBDFA, 0xBDFA, 0xBDFA, 0xBDFA, 0xBE1A,
    0xBE1A, 0xC639, 0xFDEF, 0xFDAC, 0xDC27, 0xD406, 0xD407, 0xCBC5,
    0xE52D, 0xF653, 0xEE32, 0xEDB0, 0xE58F, 0xE56E, 0xDD2D, 0xDD2D,
    0xE54E, 0xE56F, 0xDD0D, 0xDD0D, 0xDD0D, 0xE56F, 0xE54E, 0xED8F,
    0xE56F, 0xE56F, 0xE56F, 0xE590, 0xE590, 0xEDB0, 0xE56F, 0xE54E,
    0xE56F, 0xED90, 0xEDB0, 0xED90, 0xED90, 0xE56F, 0xE56F, 0xE590,
    0xEDB0, 0xE5B0, 0xE5B1, 0xE5B0, 0xE54E, 0xDCAA, 0xD468, 0xD426,
    0xD406, 0xD427, 0xD447, 0xBB45, 0xA283, 0xA241, 0x9A00, 0xA200,
    0xAA20, 0xBAA0, 0xD406, 0xD448, 0xCC2A, 0xC4F1, 0xC5F7, 0xC63A,
    0xBE3A, 0xC619, 0xC619, 0xBE19, 0xC619, 0xC619, 0xC619, 0xC619,
    0xC619, 0xC619, 0xC619, 0xC619, 0xC619, 0xC619, 0xBDF8, 0xBDD8,
    0xBDD7, 0xB5B7, 0xB596, 0xAD76, 0xA555, 0x9D14, 0x9CF2, 0x8CD1,
    0x8C8F, 0x846E, 0x846D, 0x846E, 0x8C8E, 0x8C8F, 0x94B0, 0x94B0,
    0x8CAF, 0x8C8F, 0x846E, 0x842D, 0x7C0D, 0x740C, 0x73EC, 0x73EC,
    0x7C0D, 0x844E, 0x8C90, 0x8CB0, 0x94B1, 0x94B1, 0x94B1, 0x94D0,
    0x8CAF, 0x8CAE, 0x848C, 0x7C69, 0x7C46, 0x7C44, 0x8468, 0x8CCC,
    0x9D10, 0xA553, 0xAD75, 0xB5B7, 0xBDD8, 0xBDF8, 0xBDF8, 0xBDD8,
    0xB5B8, 0xAD76, 0x9D14, 0x8C92, 0x7C0F, 0x6BAC, 0x5349, 0x4B07,
    0x4AE5, 0x4AE5, 0x4B05, 0x5306, 0x5327, 0x5B28, 0x6BAC, 0x7C2F,
    0x8C71, 0x94D3, 0xA514, 0xAD76, 0xB597, 0xB5D8, 0xBDF9, 0xBDF9,
    0x9C0E, 0x93CE, 0x838D, 0x7B6D, 0x7B4D, 0x734E, 0x6B2E, 0x632E,
    0x632F, 0x5B30, 0x5B50, 0x5B51, 0x5351, 0x5330, 0x6B4F, 0x7B6E,
    0x8B8E, 0x93AD, 0x9BCC, 0xA3CB, 0xABCB, 0xABCA, 0xA3AA, 0xA3AA,
    0xA389, 0xA389, 0xA389, 0xA3A9, 0xA3A9, 0xA3A9, 0xA3AA, 0xA3AA,
    0xA3A9, 0xA3A9, 0xA3A9, 0xA3A9, 0xA3A9, 0xA3A9, 0xA3A9, 0xA3A9,
    0xA3A9, 0xA3A9, 0xA3A9, 0xA3C9, 0xA3CA, 0xABCA, 0xABEA, 0xABEA,
    0xABEA, 0xABEA, 0xABEA, 0xABEA, 0xABEA, 0xB40B, 0xB42B, 0xB44B,
    0xBC6B, 0xBC6C, 0xBC6C, 0xC48C, 0xBC8C, 0xBC6C, 0xBC4B, 0xB42B,
    0xB40A, 0xB3EA, 0xB40A, 0xB42A, 0xBC4B, 0xBC6D, 0xBC8D, 0xB48E,
    0xB4CF, 0xB4F2, 0xB514, 0xB555, 0xB597, 0xB5B8, 0xBDD9, 0xBDFA,
    0xBDFA, 0xBDFA, 0xBDFA, 0xBDFA, 0xBDFA, 0xBDFA, 0xBDFA, 0xBE1A,
    0xBE1A, 0xC63A, 0xED0B, 0xF487, 0xBAE2, 0xB2A2, 0xC303, 0xB2A1,
    0xBB44, 0xD448, 0xEDAF, 0xF632, 0xEDB0, 0xE52D, 0xDD0C, 0xDCEC,
    0xDD0D, 0xDD0D, 0xDCCC, 0xD4AB, 0xDCEC, 0xE52E, 0xE52D, 0xE52D,
    0xE54E, 0xE52E, 0xE52E, 0xE54E, 0xE56F, 0xE56F, 0xE54E, 0xE52E,
    0xE54E, 0xE58F, 0xE56F, 0xE56F, 0xE56F, 0xE56F, 0xE58F, 0xE58F,
    0xEDD0, 0xE590, 0xDD2D, 0xDCAA, 0xD468, 0xD426, 0xD426, 0xD426,
    0xD427, 0xCBE6, 0xAAA1, 0x91A0, 0x91A0, 0xA200, 0xBAA1, 0xC323,
    0xCC4A, 0xCD51, 0xC5D6, 0xC596, 0xC619, 0xC65B, 0xBE3A, 0xC619,
    0xC619, 0xC619, 0xC619, 0xC619, 0xC619, 0xC619, 0xC619, 0xC619,
    0xC619, 0xC619, 0xC619, 0xC619, 0xC619, 0xBE19, 0xBDF8, 0xBDD8,
    0xB5D8, 0xB5B7, 0xB596, 0xAD76, 0xAD55, 0x9D34, 0x9D13, 0x94F2,
    0x8CD1, 0x8CB0, 0x94B0, 0x94D0, 0x94D1, 0x9CF2, 0x9D12, 0x9D12,
    0x9CF2, 0x94D1, 0x94B0, 0x8C6F, 0x844E, 0x7C2E, 0x7C0D, 0x740C,
    0x740C, 0x7C2D, 0x7C4E, 0x846F, 0x846F, 0x846E, 0x846E, 0x846E,
    0x846D, 0x7C4B, 0x7C29, 0x7427, 0x7424, 0x7424, 0x7C48, 0x8CAC,
    0x94F0, 0xA533, 0xAD55, 0xB597, 0xBDD8, 0xBDD8, 0xBDD8, 0xBDD8,
    0xB5B8, 0xAD77, 0x9D14, 0x8C92, 0x7C0F, 0x63AC, 0x5329, 0x4AE6,
    0x42E5, 0x42C4, 0x42C4, 0x4AC5, 0x42C5, 0x5306, 0x638B, 0x740E,
    0x8471, 0x94B3, 0xA514, 0xAD76, 0xB597, 0xB5D8, 0xBDF9, 0xBDF9,
    0x9C0E, 0x93EE, 0x8BAD, 0x836D, 0x7B4D, 0x734D, 0x6B2E, 0x5B0E,
    0x4B0F, 0x4311, 0x4332, 0x4332, 0x3B32, 0x4332, 0x5B51, 0x7370,
    0x8BAF, 0x93CE, 0xA3ED, 0xAC0C, 0xAC0C, 0xB40B, 0xABEA, 0xA3CA,
    0xA3A9, 0xA389, 0xA389, 0xA389, 0xA3A9, 0xA3A9, 0xA3A9, 0xA3A9,
    0xA3A9, 0xA3A9, 0xA3A9, 0xA3A9, 0xA3A9, 0xA3A9, 0xA3A9, 0xA3A9,
    0xA3A9, 0xA3A9, 0xA3C9, 0xA3C9, 0xA3CA, 0xABEA, 0xABEA, 0xABEA,
    0xABEA, 0xABEA, 0xABEA, 0xABEA, 0xAC0A, 0xAC0B, 0xB42B, 0xB44B,
    0xBC4B, 0xBC6C, 0xC46C, 0xC48C, 0xC48C, 0xBC6C, 0xBC4B, 0xB42B,
    0xB40A, 0xB3EA, 0xB3EA, 0xB42A, 0xBC4B, 0xBC8D, 0xBC8D, 0xBC8E,
    0xBCCF, 0xBCF1, 0xB513, 0xB555, 0xB597, 0xB5B8, 0xB5D9, 0xBDFA,
    0xBDFA, 0xBDFA, 0xBDFA, 0xBDFA, 0xBDFA, 0xBDFA, 0xBDFA, 0xBE1A,
    0xBDFA, 0xBE3B, 0xD46B, 0xE3A4, 0xC323, 0xBAC2, 0xBAC2, 0x9A00,
    0x9221, 0xCBE6, 0xD448, 0xD469, 0xDCEC, 0xED8F, 0xE56E, 0xE52D,
    0xDD0C, 0xDCEC, 0xDCEC, 0xD4AB, 0xDCCC, 0xDCEC, 0xDCEC, 0xDCEC,
    0xE52D, 0xE52D, 0xE50D, 0xE50D, 0xDD0D, 0xDD0D, 0xE52E, 0xE52E,
    0xE52D, 0xE54E, 0xE52E, 0xE54E, 0xE56F, 0xEDD0, 0xEDD1, 0xDD2E,
    0xDCCB, 0xD489, 0xCC07, 0xCBE5, 0xCBE6, 0xD406, 0xD448, 0xD48A,
    0xD469, 0xC3C8, 0xAB68, 0xB388, 0xC48E, 0xC532, 0xC595, 0xC5F7,
    0xC63A, 0xBE1A, 0xBE1A, 0xBE3A, 0xBE19, 0xBE19, 0xC619, 0xC619,
    0xC619, 0xC619, 0xC619, 0xC619, 0xC619, 0xC619, 0xC619, 0xC619,
    0xC619, 0xC619, 0xC619, 0xC619, 0xC619, 0xBE19, 0xBDF8, 0xBDF8,
    0xB5D8, 0xB5B7, 0xB5B7, 0xAD96, 0xAD76, 0xA555, 0x9D34, 0x9D13,
    0x9CF2, 0x9D13, 0x9D13, 0xA513, 0xA533, 0xA534, 0xA534, 0xA534,
    0xA534, 0x9D13, 0x94D2, 0x8CB1, 0x8C90, 0x844F, 0x7C2E, 0x7C2D,
    0x740D, 0x73EC, 0x740D, 0x7C0D, 0x7C2D, 0x7C0C, 0x740C, 0x740C,
    0x740A, 0x73E9, 0x6BE7, 0x6BC4, 0x6BE2, 0x6BE3, 0x7428, 0x846C,
    0x94CF, 0x9D12, 0xA555, 0xAD97, 0xB5D8, 0xBDD8, 0xBDD8, 0xBDD8,
    0xB5B8, 0xAD77, 0x9D15, 0x8C92, 0x7C30, 0x638D, 0x5308, 0x42C6,
    0x42C4, 0x42C4, 0x42A4, 0x42A4, 0x42C4, 0x5307, 0x638B, 0x740E,
    0x8471, 0x94D3, 0xA535, 0xAD76, 0xB5B7, 0xBDD8, 0xBDF9, 0xBDF9,
    0x940E, 0x93ED, 0x93CD, 0x93AC, 0x8B8C, 0x7B6D, 0x734D, 0x5B0F,
    0x4B10, 0x2B12, 0x2333, 0x2334, 0x2334, 0x2B33, 0x5352, 0x6B91,
    0x83D0, 0x940F, 0xA42E, 0xAC2D, 0xB44D, 0xB44C, 0xAC0B, 0xABEA,
    0xA3AA, 0xA3A9, 0xA389, 0xA389, 0xA3A9, 0xA3A9, 0xA3A9, 0xA3A9,
    0xA3A9, 0xA3A9, 0xA3A9, 0xA3A9, 0xA3A9, 0x9BA9, 0x9BA9, 0xA3A9,
    0xA3A9, 0xA3A9, 0xA3A9, 0xA3C9, 0xA3CA, 0xABEA, 0xABEA, 0xABEA,
    0xABEA, 0xABEA, 0xABEA, 0xABEA, 0xAC0A, 0xB40B, 0xB42B, 0xB44B,
    0xBC4C, 0xBC6C, 0xC48C, 0xC48C, 0xC48C, 0xBC6C, 0xBC4B, 0xB42B,
    0xB40A, 0xB3EA, 0xB3EA, 0xB42A, 0xBC4B, 0xBC8D, 0xBC8D, 0xBC8E,
    0xBCAF, 0xBCF2, 0xB514, 0xB555, 0xB597, 0xB5B8, 0xB5D9, 0xBDF9,
    0xBDFA, 0xBDFA, 0xBDFA, 0xBDFA, 0xBDFA, 0xBDFA, 0xBDFA, 0xBDFA,
    0xBDFA, 0xBE3B, 0xD46C, 0xE3A4, 0xD3A5, 0xCB03, 0xB241, 0x8980,
    0x8180, 0xC385, 0xCC06, 0xBB64, 0xC364, 0xD448, 0xDD0C, 0xE58F,
    0xE58F, 0xE54E, 0xDD0D, 0xDCCB, 0xDCEC, 0xDCEC, 0xDD0C, 0xDCEC,
    0xDCEC, 0xDD0C, 0xDCEC, 0xDCEC, 0xDCEC, 0xDCEC, 0xDD0C, 0xE52D,
    0xDD2D, 0xE54E, 0xE54E, 0xE56E, 0xE590, 0xDD2E, 0xBBC8, 0x9AC3,
    0xAB24, 0xB324, 0x9A62, 0x9A41, 0xD3C5, 0xECC9, 0xCD53, 0xBE19,
    0xC619, 0xC63A, 0xC65B, 0xC65A, 0xC67B, 0xC65B, 0xBE3A, 0xBE1A,
    0xC619, 0xC619, 0xC619, 0xC619, 0xC619, 0xC619, 0xC619, 0xC639,
    0xC619, 0xBE19, 0xC619, 0xC619, 0xC619, 0xC619, 0xC619, 0xC619,
    0xC619, 0xC619, 0xC619, 0xC619, 0xC619, 0xBDF9, 0xBDF8, 0xBDF8,
    0xB5D8, 0xB5B7, 0xB5B7, 0xAD97, 0xAD96, 0xAD76, 0xA555, 0xA534,
    0xA534, 0xA555, 0xAD55, 0xAD75, 0xAD75, 0xAD76, 0xAD75, 0xAD75,
    0xA555, 0xA534, 0x9CF3, 0x94D2, 0x8CB1, 0x8470, 0x844F, 0x7C2E,
    0x73ED, 0x73EC, 0x6BCB, 0x6BCB, 0x6BCB, 0x6BCA, 0x6BAA, 0x63A9,
    0x6388, 0x6386, 0x6384, 0x5B81, 0x5B80, 0x63A2, 0x6BE7, 0x7C2B,
    0x8C8F, 0x94D2, 0xA534, 0xAD76, 0xB5B7, 0xB5D8, 0xBDD9, 0xBDD9,
    0xB5B8, 0xA577, 0x9CF5, 0x8C92, 0x7410, 0x638D, 0x4B08, 0x42C5,
    0x3AA4, 0x3AA4, 0x42A4, 0x42A4, 0x42C5, 0x5B49, 0x6BAC, 0x7C2F,
    0x8C92, 0x9CF4, 0xA555, 0xAD97, 0xB5B8, 0xBDD9, 0xBDF9, 0xBDF9,
    0x9C0D, 0x9C0C, 0xA40B, 0xA3EB, 0x93AB, 0x836C, 0x734D, 0x632F,
    0x4B10, 0x2312, 0x0314, 0x0335, 0x0315, 0x0B14, 0x4353, 0x6392,
    0x83F1, 0x9430, 0xA44F, 0xB46E, 0xBC8E, 0xBC6D, 0xB44C, 0xAC0B,
    0xA3CA, 0xA3A9, 0x9B89, 0x9B89, 0x9BA9, 0xA3A9, 0xA3A9, 0xA3A9,
    0xA3A9, 0xA3A9, 0x9BA9, 0x9BA9, 0x9BA8, 0x9B88, 0x9BA8, 0x9BA8,
    0x9BA9, 0x9BA9, 0x9BA9, 0xA3C9, 0xA3CA, 0xA3EA, 0xABEA, 0xABEA,
    0xAC0A, 0xABEA, 0xAC0A, 0xAC0A, 0xAC0A, 0xAC0B, 0xB42B, 0xB44B,
    0xBC6C, 0xBC6C, 0xC48C, 0xC48C, 0xC48C, 0xBC6C, 0xBC4B, 0xB42B,
    0xB40A, 0xB40A, 0xB409, 0xB40A, 0xBC4B, 0xBC8C, 0xBC8D, 0xBC8E,
    0xBCAF, 0xBCF1, 0xBD14, 0xB555, 0xBD97, 0xB5B8, 0xBDD9, 0xBDFA,
    0xBDFA, 0xBDFA, 0xBDFA, 0xBDFA, 0xBDFA, 0xBDFA, 0xBDFA, 0xBDFA,
    0xBDFA, 0xBE1A, 0xD44A, 0xEC26, 0xE427, 0xCB23, 0xA200, 0x8160,
    0x8180, 0xC385, 0xD406, 0xCBC5, 0xCBC5, 0xC384, 0xBB43, 0xC3C6,
    0xD48A, 0xDCCB, 0xDCEC, 0xE54E, 0xE52D, 0xE50C, 0xE52D, 0xE52D,
    0xE50C, 0xE50C, 0xDCEC, 0xDD0C, 0xDD0C, 0xE50C, 0xE52D, 0xE54E,
    0xE54E, 0xDD0D, 0xD4AC, 0xC408, 0xAB45, 0xA2A2, 0xA2A2, 0xAAE3,
    0xA2C3, 0x7980, 0x91C0, 0xA220, 0xD3A5, 0xF4C9, 0xCD95, 0xBE3B,
    0xC63A, 0xC63A, 0xC639, 0xC619, 0xC619, 0xC619, 0xC619, 0xBE19,
    0xC619, 0xC619, 0xC619, 0xC619, 0xC619, 0xC619, 0xC619, 0xC639,
    0xC619, 0xC619, 0xBE19, 0xC619, 0xC619, 0xC619, 0xC619, 0xC619,
    0xC619, 0xC619, 0xC619, 0xC619, 0xC619, 0xBDF9, 0xBDF9, 0xBDF8,
    0xBDD8, 0xB5D8, 0xB5D7, 0xB5B7, 0xB5B7, 0xAD96, 0xAD76, 0xAD76,
    0xAD96, 0xAD96, 0xB597, 0xB5B7, 0xB5B7, 0xB5B7, 0xB5B7, 0xB596,
    0xAD76, 0xA555, 0xA514, 0x9CF3, 0x94D2, 0x8C91, 0x8470, 0x7C2E,
    0x7BED, 0x73CC, 0x6BAA, 0x6389, 0x6368, 0x5B48, 0x5B47, 0x5B26,
    0x5325, 0x5323, 0x5321, 0x5320, 0x5320, 0x5B62, 0x63A6, 0x73EA,
    0x844E, 0x8CB1, 0x94F3, 0xA555, 0xAD97, 0xB5B8, 0xBDD9, 0xB5D9,
    0xB5B8, 0xA556, 0x94F5, 0x8472, 0x740F, 0x5B8C, 0x4B08, 0x3AC5,
    0x3AA4, 0x3AA4, 0x3AA4, 0x42A4, 0x4B07, 0x5B6A, 0x73EE, 0x8471,
    0x94D3, 0x9D15, 0xAD56, 0xB597, 0xB5B8, 0xB5D8, 0xB5B8, 0xB5B8,
    0x9C2C, 0xAC2B, 0xB42A, 0xB40A, 0xA3C9, 0x938A, 0x7B6C, 0x634E,
    0x5330, 0x3312, 0x0314, 0x0315, 0x0315, 0x0B14, 0x4373, 0x6BD2,
    0x8412, 0x9C51, 0xAC90, 0xBCAF, 0xBCAE, 0xBCAE, 0xBC6D, 0xAC0B,
    0xA3CA, 0xA3A9, 0x9B89, 0x9B89, 0x9B89, 0x9BA9, 0x9BA9, 0x9BA9,
    0x9BA8, 0x9BA8, 0x9BA8, 0x9B88, 0x9388, 0x9388, 0x9388, 0x9388,
    0x9388, 0x9388, 0x9BA8, 0x9BC9, 0xA3C9, 0xA3EA, 0xABEA, 0xAC0A,
    0xAC0A, 0xA3EA, 0xA3EA, 0xA40A, 0xAC0A, 0xAC0B, 0xB42B, 0xBC4B,
    0xBC6C, 0xBC6C, 0xC48C, 0xC48C, 0xC48C, 0xBC6C, 0xBC4B, 0xB42B,
    0xB40A, 0xB40A, 0xB3E9, 0xB42A, 0xBC4B, 0xBC8C, 0xBC8D, 0xBC8D,
    0xBCAF, 0xBCF1, 0xBD13, 0xB555, 0xBD97, 0xB5B8, 0xBDD9, 0xBDFA,
    0xBDFA, 0xBDFA, 0xBDFA, 0xBDFA, 0xBDFA, 0xBDFA, 0xBDFA, 0xBDFA,
    0xBDFA, 0xBE1A, 0xD44B, 0xF467, 0xEC67, 0xD344, 0xB282, 0x99E0,
    0x89A0, 0xBB65, 0xD3E6, 0xD3E6, 0xCBE5, 0xCBC5, 0xBB43, 0xBB64,
    0xBB22, 0xAAE2, 0xAB03, 0xB386, 0xBBA7, 0xBBC8, 0xCC4A, 0xCC4B,
    0xD48B, 0xCC6B, 0xD4AC, 0xCC8B, 0xCC8B, 0xC42A, 0xBBE8, 0xBBC8,
    0xB3A7, 0x9AA3, 0x9AA2, 0xA2A1, 0xA2A2, 0xA2C2, 0xB323, 0xBB64,
    0xAB24, 0x81C0, 0x9A00, 0xB2A1, 0xCB85, 0xEC46, 0xD50F, 0xC63A,
    0xC619, 0xC63A, 0xC63A, 0xC63A, 0xC63A, 0xC639, 0xC619, 0xC619,
    0xC619, 0xC619, 0xC619, 0xC619, 0xC619, 0xC639, 0xC639, 0xC619,
    0xC619, 0xC619, 0xC619, 0xC619, 0xC619, 0xC619, 0xC619, 0xC619,
    0xC619, 0xC619, 0xC619, 0xC619, 0xBE19, 0xBDF9, 0xBDF9, 0xBDF9,
    0xBDD8, 0xBDD8, 0xB5D8, 0xB5D8, 0xB5B7, 0xB5B7, 0xB5B7, 0xB5B7,
    0xB5B7, 0xB5D8, 0xB5D8, 0xBDD8, 0xBDD8, 0xB5D8, 0xB5B7, 0xB5B7,
    0xAD96, 0xAD75, 0xA534, 0x9D13, 0x94F2, 0x94B1, 0x8C90, 0x844F,
    0x7C0E, 0x73EC, 0x6BAB, 0x6369, 0x5B47, 0x5306, 0x52E4, 0x4AC2,
    0x42C1, 0x42C0, 0x42C0, 0x42C0, 0x4AE0, 0x5301, 0x5B46, 0x6BA9,
    0x740D, 0x8450, 0x8CB2, 0x9D15, 0xA556, 0xAD98, 0xB5B8, 0xB5D9,
    0xAD98, 0xA556, 0x94D4, 0x8472, 0x73EF, 0x5B6C, 0x4AE8, 0x3AA4,
    0x3AA3, 0x3AA3, 0x3AA3, 0x42C5, 0x5328, 0x63AC, 0x7C2F, 0x8492,
    0x94F4, 0xA536, 0xAD77, 0xAD97, 0xB598, 0xAD97, 0xAD97, 0xA576,
    0xAC2B, 0xBC6A, 0xC489, 0xC448, 0xB408, 0xA3A9, 0x938B, 0x736D,
    0x5B50, 0x4332, 0x1334, 0x0335, 0x0315, 0x0B34, 0x4373, 0x73F3,
    0x8C52, 0xA491, 0xB4D1, 0xC4F0, 0xC50F, 0xC4EF, 0xBC8D, 0xB42C,
    0xA3CA, 0x9B89, 0x9B88, 0x9388, 0x9388, 0x9B88, 0x9B88, 0x9388,
    0x9388, 0x9388, 0x9388, 0x9388, 0x9387, 0x8B87, 0x9387, 0x8B87,
    0x8B87, 0x9388, 0x93A8, 0x9BA9, 0x9BC9, 0xA3EA, 0xA3EA, 0xA40A,
    0xA3EA, 0xA3EA, 0xA3EA, 0xA3EA, 0xA3EA, 0xAC0A, 0xB42B, 0xB44B,
    0xBC6B, 0xBC6C, 0xC48C, 0xC48C, 0xC48C, 0xBC6C, 0xBC6C, 0xB42B,
    0xB40A, 0xB40A, 0xB3E9, 0xB40A, 0xBC4B, 0xBC6C, 0xBC8D, 0xBC8D,
    0xBCAF, 0xBCD1, 0xBD13, 0xB555, 0xBD77, 0xBD98, 0xBDD9, 0xBDF9,
    0xBDFA, 0xBDFA, 0xBDFA, 0xBDFA, 0xBDFA, 0xBDFA, 0xBDFA, 0xBDFA,
    0xBDFA, 0xBE3B, 0xD510, 0xFC87, 0xEC47, 0xD384, 0xC2E3, 0xB281,
    0xA241, 0xA261, 0xC364, 0xD406, 0xCC06, 0xCBC5, 0xC3A4, 0xBB84,
    0xA2A2, 0x89E0, 0x7980, 0x6940, 0x6900, 0x7140, 0x7140, 0x6100,
    0x6141, 0x50E1, 0x6142, 0x6141, 0x5901, 0x58E0, 0x6100, 0x7980,
    0x81E0, 0x9241, 0xAAE3, 0xAB03, 0xAB03, 0xB324, 0xBB64, 0xC3A5,
    0xBBA5, 0x9AA3, 0x9A00, 0xB2C2, 0xDC06, 0xF487, 0xDD0F, 0xBE3A,
    0xC619, 0xC61A, 0xC63A, 0xC61A, 0xC63A, 0xC61A, 0xC619, 0xC619,
    0xC619, 0xC619, 0xC619, 0xC619, 0xC619, 0xC619, 0xC619, 0xC619,
    0xC619, 0xC619, 0xC619, 0xC619, 0xC619, 0xC619, 0xBE19, 0xC619,
    0xBE19, 0xBE19, 0xBE19, 0xBE19, 0xBE19, 0xBDF9, 0xBDF9, 0xBDF9,
    0xBDF8, 0xBDD8, 0xBDD8, 0xB5D8, 0xB5D8, 0xBDD8, 0xBDD8, 0xBDD8,
    0xBDD8, 0xBDD8, 0xBDD8, 0xBDD8, 0xBDD8, 0xB5B7, 0xB5B7, 0xAD96,
    0xAD76, 0xAD75, 0xA555, 0x9D14, 0x9CF3, 0x94D2, 0x94B1, 0x8C70,
    0x844F, 0x7C0E, 0x73CC, 0x6B8A, 0x5B48, 0x5306, 0x42A4, 0x4280,
    0x3A80, 0x3A80, 0x3A80, 0x3AA0, 0x42A0, 0x4AC0, 0x5304, 0x5B68,
    0x6BAC, 0x740E, 0x8451, 0x94D3, 0x9D15, 0xAD77, 0xB598, 0xADB8,
    0xAD97, 0x9D56, 0x8CD4, 0x7C51, 0x6BEE, 0x5B6B, 0x42E7, 0x3AA4,
    0x3AA3, 0x3AA3, 0x3AC4, 0x4B07, 0x5B6A, 0x6BEE, 0x7C50, 0x8CB3,
    0x9D15, 0xA556, 0xAD77, 0xAD77, 0xAD77, 0xA576, 0xA556, 0x9D35,
    0xB46A, 0xCCA9, 0xD4A7, 0xCC87, 0xC447, 0xB3E8, 0xA3CA, 0x838D,
    0x6B4F, 0x4B32, 0x1B14, 0x0335, 0x0335, 0x0B35, 0x4373, 0x73F3,
    0x9472, 0xACD2, 0xBD11, 0xCD31, 0xCD50, 0xCD0F, 0xBCAD, 0xB42C,
    0xA3CA, 0x9B88, 0x9367, 0x9367, 0x9368, 0x9388, 0x9388, 0x8B87,
    0x8B67, 0x8B67, 0x8B67, 0x8B67, 0x8B87, 0x8B87, 0x8B87, 0x8367,
    0x8B67, 0x8B87, 0x8B88, 0x93A8, 0x9BC9, 0x9BC9, 0xA3EA, 0xA3EA,
    0xA3EA, 0xA3CA, 0xA3C9, 0xA3EA, 0xA3EA, 0xAC0A, 0xB42B, 0xB44B,
    0xBC6C, 0xBC6C, 0xC48C, 0xC4AC, 0xC48C, 0xBC8C, 0xBC4C, 0xB42B,
    0xB40A, 0xB40A, 0xB3E9, 0xB42A, 0xBC4B, 0xBC6C, 0xBC6C, 0xBC8D,
    0xBC8E, 0xBCD1, 0xBD13, 0xBD55, 0xBD76, 0xBD97, 0xBDB8, 0xBDD9,
    0xBDFA, 0xBDFA, 0xBDFA, 0xBDFA, 0xBDFA, 0xBDFA, 0xBDFA, 0xBDFA,
    0xBDF9, 0xB63B, 0xDD51, 0xFC87, 0xEC88, 0xE3E6, 0xC2C2, 0xB281,
    0xAA61, 0x9180, 0x9A21, 0xCBE6, 0xD427, 0xCBC5, 0xCBE5, 0xBB43,
    0x8160, 0x6920, 0x60E0, 0x58E0, 0x50C0, 0x58C0, 0x58C0, 0x50A0,
    0x4880, 0x4080, 0x4060, 0x4860, 0x4060, 0x4060, 0x50C0, 0x58E0,
    0x6100, 0x8A01, 0xA2A2, 0xB303, 0xB324, 0xB344, 0xBB84, 0xC3C5,
    0xCC27, 0xAAE4, 0xA262, 0xBB03, 0xE427, 0xF509, 0xDC8B, 0xBDF9,
    0xBE3A, 0xC61A, 0xBE19, 0xC61A, 0xC619, 0xBE19, 0xC619, 0xC61A,
    0xC619, 0xC619, 0xC619, 0xBE19, 0xBE19, 0xBE19, 0xBE19, 0xC619,
    0xBE19, 0xBE19, 0xBE19, 0xC619, 0xC61A, 0xC619, 0xBE19, 0xC619,
    0xBE19, 0xBE19, 0xBE19, 0xBE19, 0xBE19, 0xBE19, 0xBE19, 0xBDF9,
    0xBDF9, 0xBDF9, 0xBDF9, 0xBDF9, 0xBDF9, 0xBDF9, 0xBDF9, 0xBDF8,
    0xBDF8, 0xBDD8, 0xBDD8, 0xB5D8, 0xB5B7, 0xAD97, 0xAD96, 0xAD76,
    0xA555, 0xA535, 0x9D34, 0x9D13, 0x9CF3, 0x94D2, 0x94D2, 0x8C91,
    0x8470, 0x842F, 0x73ED, 0x6BAB, 0x6369, 0x5307, 0x4AC5, 0x3A81,
    0x3A60, 0x3260, 0x3A60, 0x3A60, 0x3A80, 0x42A0, 0x4AC3, 0x5307,
    0x636A, 0x6BAD, 0x7C0F, 0x8472, 0x94F4, 0xA536, 0xAD77, 0xAD77,
    0xA577, 0x9D36, 0x8CB4, 0x7C31, 0x6BCE, 0x534B, 0x42C6, 0x3AA3,
    0x3AA3, 0x3AC3, 0x42E5, 0x5349, 0x63AC, 0x740F, 0x8492, 0x94D4,
    0x9D15, 0xA536, 0xA556, 0xA557, 0xA556, 0x9D35, 0x9CF5, 0x94D4,
    0xBC69, 0xD4C7, 0xDCE6, 0xDCA5, 0xCC65, 0xC427, 0xABEA, 0x93AC,
    0x7B6F, 0x5352, 0x1B14, 0x0335, 0x0335, 0x0B35, 0x4B94, 0x7413,
    0x9473, 0xACD2, 0xBD11, 0xCD31, 0xCD50, 0xCD0F, 0xBC8D, 0xAC2B,
    0xA3CA, 0x9368, 0x8B47, 0x8B47, 0x8B67, 0x8B67, 0x8B67, 0x8367,
    0x8366, 0x7B66, 0x7B46, 0x7B66, 0x7B66, 0x8366, 0x7B66, 0x7B66,
    0x7B66, 0x8367, 0x8B87, 0x8BA8, 0x93A8, 0x9BC9, 0x9BE9, 0x9BE9,
    0x9BC9, 0x9BC9, 0x9BC9, 0x9BC9, 0x9BE9, 0xA40A, 0xB42B, 0xB44B,
    0xBC6C, 0xBC6C, 0xC48C, 0xC4AC, 0xC48C, 0xBC8C, 0xBC6C, 0xB44B,
    0xB42A, 0xB40A, 0xB409, 0xBC2A, 0xBC4B, 0xBC6C, 0xBC6C, 0xBC6D,
    0xBC8E, 0xBCD1, 0xBD13, 0xBD55, 0xBD76, 0xBD98, 0xBDD9, 0xBDD9,
    0xBDF9, 0xBDFA, 0xBDFA, 0xBDFA, 0xBDFA, 0xBDFA, 0xBDFA, 0xBDFA,
    0xBDF9, 0xB63B, 0xD4CE, 0xFCA7, 0xEC88, 0xD323, 0xC2C2, 0xB282,
    0x99E0, 0x91C0, 0x89A0, 0xC3A5, 0xDC67, 0xD406, 0xCC06, 0xC363,
    0x8160, 0x60E0, 0x58E0, 0x60E0, 0x58C0, 0x50A0, 0x50A0, 0x4880,
    0x50A0, 0x4880, 0x50A0, 0x4880, 0x4880, 0x4880, 0x4880, 0x4880,
    0x4880, 0x6920, 0x7940, 0xA2A2, 0xBB64, 0xBB85, 0xC3A5, 0xCC06,
    0xD489, 0xAB04, 0x9A21, 0xBB04, 0xDC06, 0xF4E9, 0xECCA, 0xC5D8,
    0xBE3A, 0xC61A, 0xBE1A, 0xBE19, 0xBE1A, 0xBE1A, 0xBE1A, 0xC619,
    0xC619, 0xBE1A, 0xBE19, 0xBE19, 0xBE19, 0xBE19, 0xBE19, 0xBE1A,
    0xBE1A, 0xBE1A, 0xBE1A, 0xBE1A, 0xC61A, 0xBE1A, 0xBE1A, 0xBE19,
    0xBE19, 0xBE19, 0xBE19, 0xBE19, 0xBE19, 0xBE19, 0xBE19, 0xBDF9,
    0xBDF9, 0xBDF9, 0xBDF9, 0xBDF9, 0xBDF9, 0xBDF9, 0xBDF9, 0xBDF9,
    0xBDF9, 0xBDD9, 0xB5D8, 0xB5B7, 0xAD97, 0xAD76, 0xA555, 0xA555,
    0xA535, 0x9D14, 0x9D13, 0x9CF3, 0x9CF3, 0x9CF3, 0x94D2, 0x94B1,
    0x8C71, 0x842F, 0x7C0E, 0x73AC, 0x636A, 0x5308, 0x4AC6, 0x42A2,
    0x3A60, 0x3260, 0x3260, 0x3260, 0x3A60, 0x3A60, 0x3A80, 0x42A4,
    0x5307, 0x634B, 0x6BAD, 0x7C30, 0x8CB3, 0x9D15, 0xA536, 0xA556,
    0x9D36, 0x9CF5, 0x8CB4, 0x7430, 0x63AD, 0x532A, 0x42C5, 0x3AA3,
    0x3AC3, 0x3AC3, 0x4B06, 0x5B6B, 0x6BEE, 0x7C30, 0x8492, 0x94D4,
    0x94F5, 0x9D35, 0xA556, 0xA536, 0x9D15, 0x94D4, 0x8CB3, 0x8472,
    0xC468, 0xD4C5, 0xE505, 0xE4C4, 0xD484, 0xCC46, 0xB409, 0x9BCC,
    0x838F, 0x5352, 0x1B34, 0x0335, 0x0335, 0x0B35, 0x4B94, 0x7413,
    0x9493, 0xACD2, 0xBD11, 0xCD31, 0xCD50, 0xCD0F, 0xBC8D, 0xAC2B,
    0x9BA9, 0x8B47, 0x8346, 0x8346, 0x8346, 0x8346, 0x8346, 0x7B46,
    0x7B25, 0x7325, 0x7325, 0x7325, 0x7325, 0x7345, 0x7345, 0x7345,
    0x7B45, 0x7B46, 0x8367, 0x8387, 0x8BA8, 0x93A8, 0x93C9, 0x93C9,
    0x93A8, 0x93A8, 0x93A8, 0x9BC9, 0x9BC9, 0xA3EA, 0xAC2B, 0xB44B,
    0xB46C, 0xBC6C, 0xC48C, 0xC4AC, 0xC4AC, 0xBC8C, 0xBC6C, 0xB44B,
    0xB42A, 0xB40A, 0xB409, 0xBC2A, 0xBC4B, 0xBC6C, 0xBC6C, 0xBC6C,
    0xBC8E, 0xBCD0, 0xBD13, 0xBD55, 0xBD77, 0xBDB8, 0xBDD9, 0xBDD9,
    0xBDFA, 0xBDFA, 0xBDFA, 0xBDFA, 0xBDFA, 0xB5FA, 0xBDFA, 0xBDFA,
    0xBDFA, 0xBE3B, 0xD4EF, 0xFCC8, 0xE406, 0xCAE3, 0xBAC3, 0xA221,
    0xA221, 0x9A00, 0x91A0, 0xC364, 0xDCA8, 0xD426, 0xD426, 0xBB43,
    0x8960, 0x60E0, 0x60E0, 0x60E0, 0x68E0, 0x60E0, 0x50A0, 0x50A0,
    0x58C0, 0x50A0, 0x50A0, 0x4880, 0x4880, 0x50A0, 0x4880, 0x4880,
    0x4880, 0x60E0, 0x60C0, 0x7980, 0xB344, 0xC3C6, 0xCBE6, 0xD427,
    0xD448, 0xAAC3, 0x91C0, 0xB2A2, 0xDBC5, 0xF4C8, 0xF54C, 0xCDF8,
    0xBE1A, 0xBE19, 0xBE1A, 0xBE1A, 0xC61A, 0xBE1A, 0xBE1A, 0xBE1A,
    0xBE1A, 0xBE1A, 0xBE1A, 0xBE1A, 0xBE1A, 0xBE1A, 0xBE1A, 0xBE1A,
    0xBE1A, 0xBE1A, 0xBE1A, 0xBE1A, 0xBE1A, 0xBE1A, 0xBE1A, 0xBE19,
    0xBE19, 0xBE19, 0xBE19, 0xBDF9, 0xBDF9, 0xBDF9, 0xBDF9, 0xBDF9,
    0xBDF9, 0xBDF9, 0xBDF9, 0xBDF9, 0xBDF9, 0xBDF9, 0xBDF9, 0xBDF9,
    0xBDF9, 0xBDF9, 0xB5D8, 0xB597, 0xAD97, 0xAD76, 0xA555, 0x9D34,
    0x9D14, 0x9CF3, 0x94F3, 0x94D2, 0x94D2, 0x94D3, 0x94D2, 0x94B2,
    0x8C91, 0x8470, 0x7C0F, 0x73CD, 0x638B, 0x5B49, 0x5307, 0x4AC5,
    0x42A2, 0x3A60, 0x3240, 0x3240, 0x3260, 0x3260, 0x3240, 0x3A60,
    0x4284, 0x52E8, 0x5B6B, 0x73EF, 0x8472, 0x94D4, 0x94F4, 0x94F4,
    0x94F4, 0x8CD4, 0x8493, 0x7410, 0x638D, 0x5329, 0x42C4, 0x3AA2,
    0x3AC2, 0x42E4, 0x5328, 0x63AC, 0x6BEE, 0x7C30, 0x8471, 0x8CB3,
    0x94F4, 0x9D15, 0x9D15, 0x9515, 0x8CD3, 0x8472, 0x7C30, 0x73EF,
    0xBC47, 0xD4A5, 0xE4E3, 0xE4C3, 0xD484, 0xCC46, 0xB409, 0x9BCC,
    0x7B8F, 0x5352, 0x1314, 0x0315, 0x0335, 0x1335, 0x4B94, 0x7413,
    0x9493, 0xACD2, 0xBD11, 0xCD30, 0xCD30, 0xCD0F, 0xBC8D, 0xAC2B,
    0x9BA9, 0x8B47, 0x8326, 0x7B25, 0x7305, 0x7305, 0x7305, 0x7305,
    0x6B04, 0x6B04, 0x6B04, 0x6B04, 0x6304, 0x6B04, 0x6B24, 0x6B24,
    0x7325, 0x7345, 0x7B46, 0x7B66, 0x8387, 0x8B87, 0x8BA8, 0x8BA7,
    0x8B87, 0x8B87, 0x8BA8, 0x93A8, 0x9BC9, 0xA3EA, 0xAC2B, 0xB44B,
    0xBC6C, 0xBC8C, 0xC48C, 0xC4AD, 0xC4AC, 0xC48C, 0xBC6C, 0xB44B,
    0xB42A, 0xB40A, 0xB40A, 0xBC2A, 0xBC4B, 0xBC6B, 0xBC6C, 0xBC6C,
    0xBC8E, 0xBCD0, 0xBCF3, 0xBD55, 0xBD76, 0xBDB8, 0xBDD9, 0xBDF9,
    0xBDF9, 0xBDFA, 0xBDF9, 0xBDF9, 0xB5FA, 0xB5FA, 0xBDFA, 0xBDFA,
    0xBDF9, 0xB61B, 0xD530, 0xFCE8, 0xE3E5, 0xDB85, 0xBAC3, 0xB282,
    0xAA61, 0xB280, 0xA1E0, 0xC364, 0xE4C9, 0xDC68, 0xD447, 0xBB64,
    0x91C0, 0x7140, 0x6920, 0x7120, 0x6900, 0x60E0, 0x50C0, 0x48A0,
    0x50A0, 0x58C0, 0x50A0, 0x4880, 0x50C0, 0x60E0, 0x58C0, 0x4080,
    0x48A0, 0x50A0, 0x58C0, 0x60E0, 0x9A61, 0xCBE6, 0xD426, 0xDCA9,
    0xBBA6, 0x9A21, 0xAA61, 0xC303, 0xE427, 0xF4C8, 0xFD4B, 0xDDD5,
    0xBE3B, 0xBE1A, 0xBE1A, 0xBE1A, 0xBE1A, 0xBE1A, 0xBE1A, 0xBE1A,
    0xBE1A, 0xBE1A, 0xBE1A, 0xBE1A, 0xBE1A, 0xBE1A, 0xBE1A, 0xBE1A,
    0xBE1A, 0xBE1A, 0xBE1A, 0xBE1A, 0xBE1A, 0xBE1A, 0xBE1A, 0xBE1A,
    0xBE1A, 0xBE19, 0xBE19, 0xBDF9, 0xBDF9, 0xBDF9, 0xBDF9, 0xBDF9,
    0xBDF9, 0xBDF9, 0xBDF9, 0xBDF9, 0xBDF9, 0xBDF9, 0xBDF9, 0xBDF9,
    0xBDF9, 0xB5D9, 0xB5B8, 0xAD97, 0xAD76, 0xA556, 0xA535, 0x9D14,
    0x9CF4, 0x94D3, 0x94D2, 0x94D2, 0x94D2, 0x94D3, 0x94D3, 0x94D3,
    0x94B2, 0x8C91, 0x8450, 0x7C0F, 0x6BCD, 0x638B, 0x5B4A, 0x5308,
    0x4AC5, 0x4282, 0x3A40, 0x3240, 0x3240, 0x3240, 0x3240, 0x3220,
    0x3A61, 0x4285, 0x5309, 0x6BAD, 0x7C30, 0x8492, 0x8CB3, 0x8CB3,
    0x8CB3, 0x8492, 0x7C71, 0x7410, 0x5B8C, 0x4B28, 0x42C3, 0x3AA2,
    0x3AA2, 0x42E5, 0x5369, 0x63AC, 0x6BCE, 0x740F, 0x7C51, 0x8492,
    0x8CB3, 0x94F4, 0x94D4, 0x8493, 0x7C51, 0x73EF, 0x63AE, 0x5B6C,
    0xBC47, 0xD4A4, 0xDCC3, 0xDCA3, 0xD464, 0xC427, 0xB3EA, 0x9BAC,
    0x7B6F, 0x4B32, 0x0B14, 0x0315, 0x0315, 0x1335, 0x4B93, 0x7413,
    0x9493, 0xACD2, 0xBD11, 0xC530, 0xCD30, 0xCD0F, 0xBC8D, 0xAC2B,
    0x9BA9, 0x8B67, 0x7B26, 0x7305, 0x6AE4, 0x6AE4, 0x6AE4, 0x62E4,
    0x62E3, 0x5AE3, 0x5AE3, 0x5AE3, 0x5AE3, 0x5AE3, 0x5B03, 0x6303,
    0x6324, 0x6B24, 0x6B45, 0x7365, 0x7B66, 0x7B66, 0x8366, 0x7B66,
    0x7B66, 0x8367, 0x8B87, 0x8BA8, 0x93C9, 0xA40A, 0xAC2B, 0xB44B,
    0xB46C, 0xBC8C, 0xC48C, 0xC4AD, 0xC4AD, 0xBC8C, 0xBC6C, 0xB44B,
    0xB42A, 0xB40A, 0xB40A, 0xBC2A, 0xBC4B, 0xC46B, 0xC46C, 0xBC6C,
    0xBC8E, 0xBCD0, 0xBCF2, 0xBD35, 0xBD76, 0xBDB8, 0xBDD9, 0xBDF9,
    0xBDF9, 0xBDD9, 0xBDD9, 0xBDF9, 0xB5D9, 0xB5F9, 0xBDFA, 0xBDFA,
    0xBDF9, 0xB61B, 0xD5B4, 0xFD4A, 0xEC26, 0xE3E6, 0xBAE4, 0xBAC3,
    0xAA61, 0xC2E2, 0xAA20, 0xBB44, 0xE4A9, 0xDCA8, 0xD447, 0xCBC5,
    0xAA81, 0x8180, 0x7960, 0x7940, 0x7120, 0x60E0, 0x50A0, 0x50A0,
    0x50A0, 0x4880, 0x50A0, 0x50A0, 0x50A0, 0x50A0, 0x50A0, 0x4880,
    0x58C0, 0x60E0, 0x6920, 0x6900, 0x89C0, 0xCBC5, 0xDC68, 0xDCA9,
    0xC3A6, 0x81A0, 0xA220, 0xB281, 0xE447, 0xF4E9, 0xFD09, 0xED0D,
    0xC61A, 0xBE1A, 0xBE1A, 0xBE1A, 0xBE1A, 0xBE1A, 0xBE1A, 0xBE1A,
    0xBE1A, 0xBE1A, 0xBE1A, 0xBE1A, 0xBE1A, 0xBE1A, 0xBE1A, 0xBE1A,
    0xBE1A, 0xBE1A, 0xBE1A, 0xBE1A, 0xBE1A, 0xBE1A, 0xBE1A, 0xBE1A,
    0xBE1A, 0xBE1A, 0xBE19, 0xBDF9, 0xBDF9, 0xBDF9, 0xBDF9, 0xBDF9,
    0xBDF9, 0xBDF9, 0xBDF9, 0xBDF9, 0xBDD9, 0xBDF9, 0xBDF9, 0xBDF9,
    0xBDF9, 0xB5D9, 0xB5B8, 0xAD97, 0xA576, 0xA556, 0xA535, 0x9D14,
    0x94F3, 0x94D3, 0x94D2, 0x94D3, 0x94F3, 0x9CF4, 0x9CF4, 0x9CF3,
    0x94D3, 0x8CB2, 0x8471, 0x7C30, 0x73EE, 0x6BCD, 0x6B8C, 0x5B4A,
    0x5308, 0x42A4, 0x3A61, 0x3240, 0x3240, 0x3220, 0x3220, 0x3220,
    0x3240, 0x3A62, 0x4AC7, 0x636C, 0x73EF, 0x7C30, 0x7C51, 0x7C51,
    0x7C51, 0x7C51, 0x7430, 0x6BEF, 0x5B6C, 0x4B07, 0x3AC2, 0x3AA2,
    0x3AA2, 0x4B06, 0x5B6A, 0x63AC, 0x6BCD, 0x73EE, 0x7C2F, 0x7C51,
    0x8492, 0x8CB3, 0x8492, 0x7410, 0x6BCE, 0x5B6C, 0x532A, 0x4AE8,
    0xC467, 0xD4A4, 0xDCC3, 0xDCA3, 0xD444, 0xC407, 0xABCA, 0x9B8C,
    0x7B4F, 0x4332, 0x0B15, 0x0335, 0x0335, 0x1335, 0x4BB4, 0x7C33,
    0x9493, 0xACF2, 0xBD11, 0xC531, 0xCD50, 0xCD0F, 0xBC8D, 0xAC2B,
    0x9BA9, 0x8B47, 0x7B25, 0x6AE4, 0x62C3, 0x62C3, 0x5AC3, 0x5AC3,
    0x5AC2, 0x52C2, 0x52C1, 0x52C1, 0x4AC1, 0x4AC1, 0x4AC1, 0x52C2,
    0x52E2, 0x5B03, 0x6323, 0x6B24, 0x6B45, 0x7345, 0x7345, 0x7345,
    0x7345, 0x7B66, 0x8387, 0x8BA8, 0x93C9, 0x9BEA, 0xAC2B, 0xAC4B,
    0xB44C, 0xBC6C, 0xBC8C, 0xC4AC, 0xC4AC, 0xBC8C, 0xBC6C, 0xB44B,
    0xB42A, 0xB40A, 0xB40A, 0xBC2A, 0xBC4B, 0xC46B, 0xC46B, 0xBC6C,
    0xBC8D, 0xBCD0, 0xBCF2, 0xBD35, 0xBD76, 0xBDB8, 0xBDD9, 0xBDF9,
    0xBDF9, 0xBDF9, 0xBDD9, 0xB5D9, 0xB5D9, 0xB5D9, 0xBDFA, 0xB5FA,
    0xBDF9, 0xB5FB, 0xDD71, 0xFD28, 0xEC67, 0xE427, 0xC2E3, 0xC2E3,
    0xBAA2, 0xBAC2, 0xA241, 0xA241, 0xDC67, 0xE4C9, 0xD426, 0xD426,
    0xBB03, 0x89A0, 0x8160, 0x8160, 0x7960, 0x6100, 0x50A0, 0x50A0,
    0x58C0, 0x58C0, 0x58E0, 0x58E0, 0x58C0, 0x50A0, 0x4880, 0x50A0,
    0x58C0, 0x6900, 0x7140, 0x7940, 0x8160, 0xBB43, 0xD467, 0xD467,
    0xD447, 0xB304, 0x9A00, 0xBAA2, 0xD384, 0xEC68, 0xF4A8, 0xECAA,
    0xC619, 0xBE3A, 0xBE1A, 0xBE1A, 0xBE1A, 0xBE1A, 0xBE1A, 0xBE1A,
    0xBE1A, 0xBE1A, 0xBE1A, 0xBE1A, 0xBE1A, 0xBE1A, 0xBE1A, 0xBE1A,
    0xBE1A, 0xBE1A, 0xBE1A, 0xBE1A, 0xBE1A, 0xBE1A, 0xBE1A, 0xBE1A,
    0xBE1A, 0xBE1A, 0xBE1A, 0xBE1A, 0xBE1A, 0xBE19, 0xBDF9, 0xBDF9,
    0xBDF9, 0xBDF9, 0xBDF9, 0xBDF9, 0xB5F9, 0xBDF9, 0xBDF9, 0xBDF9,
    0xB5F9, 0xB5D9, 0xB5B8, 0xAD97, 0xA556, 0xA556, 0xA535, 0x9D14,
    0x94F4, 0x94D3, 0x94D3, 0x94F3, 0x9D14, 0x9D14, 0x9D14, 0x9CF4,
    0x94D3, 0x94B3, 0x8C92, 0x8451, 0x7C0F, 0x73EE, 0x6BAD, 0x636B,
    0x5329, 0x4AC6, 0x4284, 0x3A40, 0x3220, 0x3220, 0x3220, 0x3220,
    0x3240, 0x3240, 0x4284, 0x530A, 0x638D, 0x6BCE, 0x73EE, 0x740F,
    0x740F, 0x740F, 0x6BEE, 0x63AD, 0x5B6B, 0x42E6, 0x3AC2, 0x3AC1,
    0x42C3, 0x4B06, 0x5B69, 0x5B8B, 0x63AC, 0x6BCD, 0x73EE, 0x742F,
    0x7C50, 0x7C51, 0x7410, 0x63AE, 0x5B4B, 0x4AE9, 0x42A6, 0x3A63,
    0xC467, 0xD4A4, 0xDCC3, 0xDC83, 0xCC24, 0xBBE7, 0xABAA, 0x938C,
    0x734F, 0x4313, 0x0B15, 0x0335, 0x0335, 0x1335, 0x4B94, 0x7C33,
    0x9493, 0xACD2, 0xBD11, 0xC530, 0xCD30, 0xC50F, 0xBC8D, 0xAC0B,
    0x9B88, 0x8347, 0x7305, 0x6AE3, 0x5AC2, 0x52A2, 0x52A2, 0x4A82,
    0x4AA1, 0x4AA0, 0x4280, 0x4280, 0x42A0, 0x42A0, 0x42A0, 0x42A0,
    0x4AC1, 0x52C2, 0x52E2, 0x5B03, 0x6303, 0x6324, 0x6324, 0x6B24,
    0x6B45, 0x7346, 0x8367, 0x8B88, 0x93A8, 0x9BC9, 0xA40A, 0xAC2B,
    0xB44B, 0xB46C, 0xBC8C, 0xC48C, 0xC48C, 0xBC8C, 0xBC6C, 0xB44B,
    0xB42A, 0xB40A, 0xB40A, 0xBC2A, 0xBC4A, 0xC44B, 0xC46B, 0xBC6C,
    0xBC8D, 0xBCD0, 0xBCF2, 0xBD35, 0xBD76, 0xBDB8, 0xBDD9, 0xBDF9,
    0xBDF9, 0xB5F9, 0xB5F9, 0xB5D9, 0xB5D9, 0xB5DA, 0xB5DA, 0xB5FA,
    0xBDFA, 0xB5FA, 0xDDF4, 0xFDCC, 0xF487, 0xE406, 0xD344, 0xCAE2,
    0xBA82, 0xB2A2, 0x9A01, 0x8980, 0xD3E6, 0xED0A, 0xDC47, 0xD447,
    0xC364, 0x99E0, 0x8160, 0x8160, 0x8160, 0x6900, 0x58C0, 0x58C0,
    0x58E0, 0x60E0, 0x60E0, 0x7120, 0x58C0, 0x4880, 0x48A0, 0x50C0,
    0x60E0, 0x7120, 0x7940, 0x7960, 0x8160, 0xAAA1, 0xCC06, 0xD427,
    0xDC67, 0xD448, 0xA242, 0xB282, 0xD364, 0xE406, 0xEC87, 0xF50A,
    0xCDB6, 0xBE3B, 0xBE1A, 0xBE1A, 0xBE1A, 0xBE1A, 0xBE1A, 0xBE1A,
    0xBE1A, 0xBE1A, 0xBE1A, 0xBE1A, 0xBE1A, 0xBE1A, 0xBE1A, 0xBE1A,
    0xBE1A, 0xBE1A, 0xBE1A, 0xBE1A, 0xBE1A, 0xBE1A, 0xBE1A, 0xBE1A,
    0xBDFA, 0xBDFA, 0xBDFA, 0xBDFA, 0xBE1A, 0xBE1A, 0xBDF9, 0xBDF9,
    0xBDF9, 0xB5F9, 0xB5F9, 0xB5F9, 0xB5F9, 0xB5F9, 0xB5F9, 0xB5F9,
    0xB5F9, 0xB5D9, 0xADB8, 0xAD97, 0xA576, 0xA556, 0xA555, 0x9D35,
    0x9D14, 0x94F3, 0x94F3, 0x9D14, 0x9D14, 0x9D35, 0x9D14, 0x9D14,
    0x9CF4, 0x94F3, 0x8CB2, 0x8471, 0x7C30, 0x740F, 0x6BCD, 0x636C,
    0x5B2A, 0x4AE8, 0x42A5, 0x3A62, 0x3220, 0x3220, 0x3220, 0x2A20,
    0x3220, 0x3240, 0x3241, 0x4AC7, 0x5B4B, 0x638C, 0x63AC, 0x6BCD,
    0x6BCD, 0x6BCD, 0x63AC, 0x638B, 0x5B49, 0x4B04, 0x42C1, 0x42C1,
    0x42E3, 0x4B06, 0x5348, 0x5B69, 0x638B, 0x63AC, 0x6BCD, 0x6BEE,
    0x73EF, 0x73EF, 0x63AD, 0x532B, 0x4AC8, 0x3A64, 0x3241, 0x2A20,
    0xC467, 0xD4A4, 0xDCC3, 0xDC83, 0xCC24, 0xBBC7, 0xA389, 0x936C,
    0x7330, 0x3B13, 0x0B15, 0x0335, 0x0335, 0x1335, 0x4B94, 0x7C33,
    0x9472, 0xACD2, 0xBD11, 0xC510, 0xC50F, 0xC4EE, 0xB46C, 0xA3EA,
    0x9368, 0x8326, 0x7305, 0x62C3, 0x52A2, 0x4A80, 0x4280, 0x4280,
    0x4260, 0x3A60, 0x3A60, 0x3A60, 0x3A60, 0x3A60, 0x3A80, 0x3A80,
    0x42A0, 0x42A0, 0x4AC1, 0x52C2, 0x52C2, 0x52E2, 0x5AE2, 0x6303,
    0x6B24, 0x7345, 0x7B46, 0x8367, 0x8B88, 0x93C8, 0x9BEA, 0xA42A,
    0xAC4B, 0xB46B, 0xBC8C, 0xC48C, 0xC48C, 0xBC8C, 0xBC6B, 0xB42B,
    0xB42A, 0xB40A, 0xB409, 0xBC2A, 0xBC4A, 0xC44B, 0xC44B, 0xBC6B,
    0xBC8D, 0xBCB0, 0xBCF2, 0xBD35, 0xBD76, 0xBDB8, 0xBDD9, 0xBDD9,
    0xBDF9, 0xBDF9, 0xBDF9, 0xBDD9, 0xB5D9, 0xB5D9, 0xB5DA, 0xBDFA,
    0xBDFA, 0xB5FA, 0xD679, 0xFE70, 0xEC26, 0xDBA5, 0xD344, 0xC2C2,
    0xBAC2, 0xAA61, 0x8980, 0x99E0, 0xDC67, 0xED0A, 0xE4A8, 0xDC47,
    0xC363, 0x99E0, 0x7960, 0x7120, 0x7940, 0x6900, 0x58E0, 0x6100,
    0x6900, 0x60E0, 0x60E0, 0x6900, 0x58C0, 0x48A0, 0x50A0, 0x58C0,
    0x6900, 0x6900, 0x7140, 0x7940, 0x7940, 0x8180, 0xB303, 0xDC47,
    0xDC67, 0xE4CA, 0xD407, 0xC303, 0xD384, 0xD364, 0xEC67, 0xFDED,
    0xDDD4, 0xBE3B, 0xBE1A, 0xBE1A, 0xBE1A, 0xBE1A, 0xBE1A, 0xBE1A,
    0xBE1A, 0xBE1A, 0xBE1A, 0xBE1A, 0xBE1A, 0xBDFA, 0xBE1A, 0xBE1A,
    0xBE1A, 0xBE1A, 0xBE1A, 0xBE1A, 0xBE1A, 0xBE1A, 0xBE1A, 0xBE1A,
    0xBE1A, 0xBE1A, 0xBDFA, 0xBDFA, 0xBDFA, 0xBDF9, 0xB5F9, 0xB5F9,
    0xB5F9, 0xB5F9, 0xB5F9, 0xB5D9, 0xB5D9, 0xB5D9, 0xB5F9, 0xB5F9,
    0xB5F9, 0xB5D9, 0xB5B8, 0xAD98, 0xAD77, 0xA556, 0xA556, 0xA535,
    0x9D34, 0x9D14, 0x9D15, 0x9D35, 0x9D35, 0xA535, 0x9D35, 0x9D15,
    0x9D14, 0x9CF4, 0x8CB3, 0x8472, 0x7C50, 0x740F, 0x6BCE, 0x638C,
    0x5B6B, 0x5309, 0x4AC7, 0x4284, 0x3240, 0x3220, 0x3220, 0x3220,
    0x3220, 0x3240, 0x3240, 0x3A63, 0x5309, 0x5B4A, 0x5B6A, 0x638B,
    0x638B, 0x638A, 0x638A, 0x5B89, 0x5347, 0x4B03, 0x42E0, 0x42E0,
    0x42E2, 0x4B25, 0x5347, 0x5B68, 0x5B69, 0x5B8A, 0x638B, 0x63AC,
    0x63AD, 0x638C, 0x532A, 0x42C7, 0x3A84, 0x3240, 0x2A20, 0x2A40,
    0xCC87, 0xDCC4, 0xDCC3, 0xD483, 0xCC24, 0xBBC7, 0xA38A, 0x8B6D,
    0x6B30, 0x3B13, 0x0315, 0x0335, 0x0335, 0x1335, 0x53B4, 0x7C33,
    0x9C93, 0xACD2, 0xBD11, 0xC510, 0xC50F, 0xBCCE, 0xAC6C, 0x9BCA,
    0x8B67, 0x7B26, 0x6AE4, 0x62A2, 0x5282, 0x4260, 0x3A40, 0x3A60,
    0x3A40, 0x3240, 0x3240, 0x3240, 0x3240, 0x3260, 0x3260, 0x3260,
    0x3A60, 0x3A80, 0x4280, 0x42A0, 0x42A0, 0x42A0, 0x4AC1, 0x5AE3,
    0x6304, 0x6B24, 0x7326, 0x7B46, 0x8367, 0x8BA8, 0x93C9, 0xA40A,
    0xAC2A, 0xB44B, 0xBC8C, 0xC48C, 0xC48C, 0xBC8C, 0xBC6B, 0xB42B,
    0xB40A, 0xB40A, 0xB409, 0xBC09, 0xC44A, 0xC44B, 0xC44B, 0xBC4B,
    0xBC6D, 0xBCB0, 0xBCF2, 0xBD55, 0xBD76, 0xBD97, 0xBDD9, 0xBDD9,
    0xBDF9, 0xBDF9, 0xBDF9, 0xBDF9, 0xBDF9, 0xBDF9, 0xBDFA, 0xBDFA,
    0xBDFA, 0xB5FA, 0xD67A, 0xFED3, 0xEC67, 0xDB64, 0xC2E3, 0xCB03,
    0xC2C2, 0xB261, 0x91A0, 0xB281, 0xED0A, 0xECE9, 0xE4C9, 0xE488,
    0xCBA4, 0x91A0, 0x7940, 0x7120, 0x7120, 0x60E0, 0x6900, 0x7120,
    0x7120, 0x60E0, 0x60E0, 0x60E0, 0x6900, 0x58C0, 0x60C0, 0x6900,
    0x6900, 0x7120, 0x7120, 0x7960, 0x8160, 0x7940, 0xAAA2, 0xD406,
    0xDC88, 0xE4C9, 0xE50A, 0xDC88, 0xDBE5, 0xDBC4, 0xEC67, 0xFE4F,
    0xEE55, 0xBE3B, 0xBE3A, 0xBE1A, 0xBE1A, 0xBE1A, 0xBE1A, 0xBE1A,
    0xBE1A, 0xBE1A, 0xBE1A, 0xBE1A, 0xBE1A, 0xBE1A, 0xBE1A, 0xBE1A,
    0xBE1A, 0xBE1A, 0xBE1A, 0xBE1A, 0xBE1A, 0xBE1A, 0xBE1A, 0xBE1A,
    0xBE1A, 0xBDFA, 0xBDFA, 0xBDFA, 0xB5FA, 0xB5FA, 0xB5FA, 0xB5FA,
    0xB5F9, 0xB5D9, 0xB5F9, 0xB5F9, 0xB5D9, 0xB5D9, 0xB5D9, 0xB5F9,
    0xB5F9, 0xB5D9, 0xB5B8, 0xADB8, 0xAD97, 0xA556, 0xA555, 0x9D35,
    0x9D35, 0x9D35, 0xA535, 0xA535, 0xA535, 0x9D35, 0x9D35, 0x9D15,
    0x9514, 0x94F4, 0x8CB3, 0x8C92, 0x8471, 0x7C30, 0x740F, 0x6BCE,
    0x63AD, 0x5B6B, 0x5309, 0x4AC7, 0x3A63, 0x3220, 0x3220, 0x3220,
    0x3220, 0x3220, 0x2A20, 0x3240, 0x42A6, 0x5308, 0x5328, 0x5B48,
    0x5B68, 0x5B68, 0x5B88, 0x5B67, 0x5345, 0x4B21, 0x4B00, 0x4300,
    0x4B01, 0x5324, 0x5346, 0x5B67, 0x5B68, 0x5B68, 0x5B69, 0x5B69,
    0x5B4A, 0x5308, 0x42A6, 0x3A83, 0x3261, 0x3241, 0x3240, 0x3241,
    0xCCA7, 0xDCC5, 0xDCC3, 0xD484, 0xCC25, 0xBBC8, 0xA38A, 0x8B6D,
    0x6B30, 0x3313, 0x0315, 0x0335, 0x0315, 0x1B35, 0x53B4, 0x7C33,
    0x9C93, 0xACD2, 0xBCF1, 0xC510, 0xC4EF, 0xBCAE, 0xAC4C, 0x93C9,
    0x8347, 0x72E5, 0x62A3, 0x5282, 0x4A81, 0x4240, 0x3A40, 0x3240,
    0x3240, 0x3240, 0x3240, 0x3240, 0x3240, 0x3240, 0x3240, 0x3260,
    0x3260, 0x3260, 0x3A60, 0x3A60, 0x3A80, 0x3A80, 0x4280, 0x4AC1,
    0x52C3, 0x62E4, 0x6B25, 0x7345, 0x7B46, 0x8387, 0x93A8, 0x9BE9,
    0xA42A, 0xB44B, 0xBC6C, 0xBC8C, 0xBC8C, 0xBC8C, 0xBC6B, 0xB42B,
    0xB42A, 0xB40A, 0xB409, 0xBC09, 0xC44A, 0xC44A, 0xC44B, 0xBC4B,
    0xBC6D, 0xBCB0, 0xBCF2, 0xBD34, 0xBD76, 0xBD97, 0xBDB8, 0xBDD9,
    0xBDD9, 0xBDF9, 0xBDF9, 0xBDF9, 0xBDF9, 0xBDF9, 0xBDF9, 0xBDFA,
    0xBDFA, 0xBE1A, 0xD679, 0xFEF4, 0xFD6B, 0xDB63, 0xCB03, 0xCB03,
    0xC2A2, 0xB240, 0xB240, 0xD406, 0xED2B, 0xED0A, 0xE4C9, 0xE4A8,
    0xD406, 0xA220, 0x8140, 0x7120, 0x60E0, 0x6900, 0x7920, 0x7120,
    0x6900, 0x60E0, 0x58E0, 0x50A0, 0x60C0, 0x7100, 0x7100, 0x7120,
    0x7120, 0x6900, 0x6900, 0x7120, 0x7960, 0x89A0, 0xBB23, 0xD406,
    0xDC88, 0xE4EA, 0xE4C9, 0xE4E9, 0xE446, 0xECA8, 0xF4E9, 0xFE0E,
    0xF674, 0xC63B, 0xBE1A, 0xBE1A, 0xBE1A, 0xBE1A, 0xBE1A, 0xBE1A,
    0xBE1A, 0xBE1A, 0xBE1A, 0xBE1A, 0xBE1A, 0xBE1A, 0xBE1A, 0xBE1A,
    0xBE1A, 0xBE1A, 0xBE1A, 0xBE1A, 0xBDFA, 0xBDFA, 0xBDFA, 0xBDFA,
    0xBDFA, 0xBDFA, 0xBDFA, 0xB5FA, 0xB5FA, 0xB5FA, 0xB5FA, 0xB5FA,
    0xB5F9, 0xB5D9, 0xB5F9, 0xB5D9, 0xB5D9, 0xB5D9, 0xB5D9, 0xB5D9,
    0xB5F9, 0xB5D9, 0xB5D9, 0xAD98, 0xA577, 0xA556, 0x9D35, 0x9D35,
    0x9D35, 0x9D35, 0x9D35, 0x9D35, 0x9D35, 0x9D35, 0x9D15, 0x9514,
    0x94F4, 0x94F4, 0x8CD4, 0x8CD3, 0x8C93, 0x8472, 0x8451, 0x7C30,
    0x73EF, 0x6BAD, 0x5B6C, 0x5309, 0x42A6, 0x3241, 0x3220, 0x3220,
    0x2A20, 0x2A20, 0x2A20, 0x3220, 0x3A63, 0x4AC6, 0x4B06, 0x5326,
    0x5B66, 0x5B66, 0x5B66, 0x5B65, 0x5344, 0x4B20, 0x4B00, 0x4B00,
    0x4B00, 0x5323, 0x5344, 0x5365, 0x5B66, 0x5347, 0x5347, 0x5327,
    0x4B07, 0x42A4, 0x3261, 0x3261, 0x3261, 0x3261, 0x3261, 0x3A62,
    0xCCA8, 0xDCE5, 0xE4E4, 0xDCA4, 0xCC45, 0xBBC8, 0xA38A, 0x8B4D,
    0x6B30, 0x3313, 0x0315, 0x0335, 0x0315, 0x1B35, 0x53B4, 0x7C33,
    0x9C93, 0xACD2, 0xBCF1, 0xC4F0, 0xC4EF, 0xB4AD, 0xA42B, 0x8BA9,
    0x7B26, 0x62C4, 0x5282, 0x4261, 0x4240, 0x3A40, 0x3220, 0x3220,
    0x3220, 0x2A20, 0x2A20, 0x2A20, 0x3240, 0x3240, 0x3240, 0x3240,
    0x3240, 0x3240, 0x3240, 0x3240, 0x3260, 0x3260, 0x3A80, 0x4280,
    0x4AA2, 0x5AC3, 0x6304, 0x6B25, 0x7345, 0x7B67, 0x8BA8, 0x9BE9,
    0xA40A, 0xB44B, 0xBC6C, 0xBC8C, 0xBC8C, 0xBC8C, 0xBC6B, 0xB44B,
    0xB42A, 0xB40A, 0xBC09, 0xBC09, 0xC44A, 0xC44A, 0xC44A, 0xC44B,
    0xC46D, 0xBCAF, 0xBCF2, 0xBD34, 0xBD76, 0xBD97, 0xBDB8, 0xBDD9,
    0xBDD9, 0xBDF9, 0xBDF9, 0xBDF9, 0xBDF9, 0xBDF9, 0xBDF9, 0xBDFA,
    0xBE1A, 0xBDFA, 0xD659, 0xFEB3, 0xFE4F, 0xF4C7, 0xDB83, 0xCB02,
    0xD322, 0xD384, 0xE4A8, 0xED2A, 0xED2B, 0xED0A, 0xE4C8, 0xE4C8,
    0xDC67, 0xCBA5, 0x9A00, 0x8160, 0x6900, 0x8140, 0x7120, 0x7120,
    0x7100, 0x6900, 0x6900, 0x58C0, 0x58C0, 0x7120, 0x8160, 0x8160,
    0x8180, 0x7120, 0x7120, 0x7120, 0x8160, 0x91C0, 0xB2E3, 0xD426,
    0xDC67, 0xE4EA, 0xDC68, 0xD407, 0xDC27, 0xE426, 0xF50A, 0xFDEE,
    0xFE30, 0xCDF7, 0xBE3B, 0xBE1A, 0xBE1A, 0xBE1A, 0xBE1A, 0xBE1A,
    0xBE1A, 0xBE1A, 0xBE1A, 0xBE1A, 0xBE1A, 0xBE1A, 0xBE1A, 0xBE1A,
    0xBE1A, 0xBE1A, 0xBDFA, 0xBDFA, 0xBDFA, 0xB5FA, 0xB5FA, 0xB5FA,
    0xB5FA, 0xB5FA, 0xB5FA, 0xB5FA, 0xB5FA, 0xB5FA, 0xB5FA, 0xB5FA,
    0xB5F9, 0xB5D9, 0xB5D9, 0xB5D9, 0xB5D9, 0xB5D9, 0xB5D9, 0xB5D9,
    0xB5D9, 0xB5D9, 0xADB8, 0xAD77, 0xA556, 0x9D35, 0x9D14, 0x9D14,
    0x9D14, 0x9D14, 0x9D14, 0x9D35, 0x9D35, 0x9D15, 0x9515, 0x94F4,
    0x94F4, 0x94D4, 0x94F4, 0x94F4, 0x94F4, 0x8CD4, 0x8CB3, 0x8492,
    0x7C51, 0x73F0, 0x63AD, 0x5B4B, 0x4AC8, 0x3A64, 0x3220, 0x2A20,
    0x2A20, 0x2A20, 0x2A20, 0x2A20, 0x3240, 0x4283, 0x4AC4, 0x5325,
    0x5345, 0x5B65, 0x5B64, 0x5B64, 0x5341, 0x4B20, 0x4B20, 0x4B00,
    0x4B20, 0x5322, 0x5343, 0x5364, 0x5365, 0x5345, 0x5325, 0x4AE4,
    0x42C2, 0x3A60, 0x3240, 0x3240, 0x3241, 0x3260, 0x3A62, 0x3A83,
    0xD4C8, 0xDCE6, 0xE4E5, 0xDCA5, 0xCC46, 0xBBE8, 0xA38B, 0x834D,
    0x6B30, 0x3313, 0x0315, 0x0335, 0x0315, 0x1B35, 0x53B4, 0x7C33,
    0x9C93, 0xACD2, 0xBCF1, 0xC510, 0xC4EF, 0xB4AD, 0xA40B, 0x8B88,
    0x7306, 0x5A83, 0x4A41, 0x3A20, 0x3A20, 0x3220, 0x2A00, 0x2A00,
    0x2A20, 0x2A20, 0x2A20, 0x2A20, 0x2A20, 0x2A40, 0x2A40, 0x3240,
    0x2A40, 0x2A20, 0x2A20, 0x2A20, 0x2A40, 0x3240, 0x3260, 0x4260,
    0x4A81, 0x52C2, 0x62E4, 0x6B24, 0x6B25, 0x7B66, 0x8BA8, 0x9BE9,
    0xA40A, 0xAC4B, 0xBC6C, 0xBC8C, 0xBC8C, 0xBC8C, 0xBC6C, 0xBC4B,
    0xBC2A, 0xBC2A, 0xBC09, 0xBC29, 0xC42A, 0xC44A, 0xC42A, 0xC42A,
    0xC46C, 0xBCAF, 0xBCF2, 0xBD34, 0xBD76, 0xBD97, 0xBDB8, 0xBDD9,
    0xBDD9, 0xBDD9, 0xBDD9, 0xBDF9, 0xBDF9, 0xBDF9, 0xBDF9, 0xBDFA,
    0xBDFA, 0xB5FA, 0xD658, 0xFEB3, 0xFE70, 0xFDCC, 0xF4A6, 0xEC87,
    0xF52A, 0xF58C, 0xF58C, 0xF54B, 0xF54B, 0xED0A, 0xE4A8, 0xE4E9,
    0xE4A8, 0xE488, 0xBB23, 0x91A0, 0x8980, 0x7940, 0x7120, 0x8140,
    0x7940, 0x7120, 0x6920, 0x6900, 0x7120, 0x7940, 0x7940, 0x6920,
    0x6900, 0x7940, 0x8160, 0x8160, 0x89A0, 0xAA81, 0xC384, 0xD447,
    0xDC88, 0xDC88, 0xCBE7, 0xA262, 0xB2A2, 0xCB03, 0xE3E5, 0xFD8C,
    0xFE2F, 0xDDD5, 0xBE3C, 0xBE3A, 0xBE3B, 0xBE3B, 0xBE1B, 0xBE1A,
    0xBE1A, 0xBE1A, 0xBE1A, 0xBE1B, 0xBE1B, 0xBE1A, 0xBE1A, 0xBE1A,
    0xBE1A, 0xB5FA, 0xB5FA, 0xB5FA, 0xB5FA, 0xB5FA, 0xB5FA, 0xB5FA,
    0xB5FA, 0xB5FA, 0xB5FA, 0xB5FA, 0xB5FA, 0xB5FA, 0xB5FA, 0xB5DA,
    0xB5D9, 0xB5D9, 0xB5D9, 0xB5D9, 0xB5D9, 0xB5D9, 0xB5D9, 0xB5D9,
    0xADB8, 0xAD98, 0xA577, 0xA536, 0x9D15, 0x94F4, 0x94F3, 0x94D3,
    0x94D3, 0x94D3, 0x94F4, 0x94F4, 0x94F4, 0x9514, 0x94F4, 0x94F4,
    0x8CD4, 0x94F4, 0x94F4, 0x94F5, 0x9D15, 0x9D15, 0x94F5, 0x8CD4,
    0x8493, 0x7C31, 0x6BCE, 0x5B6C, 0x4B0A, 0x42A7, 0x3242, 0x2A20,
    0x2A20, 0x2A20, 0x2A20, 0x2A20, 0x3240, 0x3A60, 0x42C1, 0x4B02,
    0x5342, 0x5363, 0x5362, 0x5361, 0x5340, 0x5340, 0x4B20, 0x4B20,
    0x4B20, 0x5340, 0x5341, 0x5362, 0x5343, 0x5343, 0x4B02, 0x4AC1,
    0x4280, 0x3A80, 0x3260, 0x3240, 0x3240, 0x3260, 0x3A82, 0x3AA3,
    0xD4C8, 0xDCE6, 0xE4E5, 0xDCA5, 0xCC46, 0xBBE8, 0xA38B, 0x834D,
    0x6B30, 0x2B13, 0x0315, 0x0315, 0x0315, 0x1B55, 0x53B4, 0x7C33,
    0x9C93, 0xACD2, 0xBCF1, 0xC4F0, 0xC4EF, 0xB48D, 0xA40B, 0x8B68,
    0x72E6, 0x5263, 0x4220, 0x3200, 0x3200, 0x29E0, 0x29E0, 0x2A00,
    0x2A00, 0x2A00, 0x2A00, 0x2A20, 0x2A20, 0x2A20, 0x2A20, 0x2A40,
    0x2A20, 0x2A20, 0x2A20, 0x2A00, 0x2A20, 0x2A20, 0x3240, 0x3A60,
    0x4280, 0x52A2, 0x5AE3, 0x6304, 0x6B25, 0x7B66, 0x8BA8, 0x9BE9,
    0xA40A, 0xAC4B, 0xB46C, 0xBC8C, 0xBC8C, 0xC48C, 0xBC6B, 0xBC4B,
    0xBC2A, 0xBC0A, 0xBC09, 0xBC29, 0xC42A, 0xC44A, 0xC42A, 0xC42A,
    0xC46C, 0xBCAF, 0xBCD2, 0xBD34, 0xBD76, 0xBD97, 0xBDB8, 0xBDD9,
    0xBDD9, 0xBDD9, 0xBDD9, 0xBDD9, 0xBDD9, 0xBDD9, 0xBDF9, 0xBDF9,
    0xBDF9, 0xB5FA, 0xDE57, 0xFE2F, 0xFE2F, 0xFDCD, 0xFD8C, 0xFDCD,
    0xFDAD, 0xF5AD, 0xF5AD, 0xF56B, 0xF56B, 0xED2A, 0xE4A8, 0xED0A,
    0xE4C9, 0xE4A8, 0xD3C5, 0xC323, 0xBB22, 0xA261, 0x9A00, 0x99E0,
    0x8980, 0x7940, 0x7940, 0x7940, 0x7940, 0x7940, 0x7940, 0x7120,
    0x6900, 0x7920, 0x8160, 0x8160, 0x91C0, 0xBB22, 0xD426, 0xDC88,
    0xE50A, 0xCBE6, 0xA241, 0xAA62, 0x99E0, 0xB282, 0xD343, 0xEC67,
    0xFDAC, 0xE5F3, 0xBE1B, 0xBE1B, 0xBE3B, 0xBE1B, 0xBE1B, 0xBE1B,
    0xBE1B, 0xBE1A, 0xBE1A, 0xBE1A, 0xBE1A, 0xB61A, 0xBE1A, 0xB5FA,
    0xB5FA, 0xB5FA, 0xB5FA, 0xB5FA, 0xB5FA, 0xB5FA, 0xB5FA, 0xB5FA,
    0xB5FA, 0xB5FA, 0xB5FA, 0xB5FA, 0xB5FA, 0xB5FA, 0xB5FA, 0xB5DA,
    0xB5DA, 0xB5D9, 0xB5D9, 0xB5DA, 0xB5D9, 0xB5D9, 0xADB8, 0xAD98,
    0xAD97, 0xA556, 0x9D36, 0x9515, 0x94F3, 0x8CD3, 0x8CB2, 0x8CB2,
    0x8CB2, 0x8CB2, 0x8CD3, 0x8CD3, 0x8CD4, 0x94F4, 0x94D4, 0x8CD4,
    0x94D4, 0x94F5, 0x9515, 0x9D36, 0x9D36, 0xA557, 0x9D57, 0x9D16,
    0x8CB4, 0x7C52, 0x6BEF, 0x5B6D, 0x530B, 0x42A8, 0x3A64, 0x3220,
    0x2A00, 0x2A20, 0x2A00, 0x2A20, 0x3240, 0x3A60, 0x42A0, 0x4AE0,
    0x4B20, 0x5340, 0x5360, 0x5360, 0x5360, 0x5360, 0x5340, 0x5340,
    0x4B40, 0x5340, 0x5340, 0x5340, 0x5340, 0x4B20, 0x4AE0, 0x42A0,
    0x3A80, 0x3A80, 0x3260, 0x3240, 0x3240, 0x3260, 0x3A61, 0x3AA3,
    0xD4C8, 0xDCE6, 0xE4E5, 0xDCA5, 0xCC46, 0xBBE9, 0xA3AB, 0x834E,
    0x6311, 0x2B14, 0x0315, 0x0335, 0x0335, 0x1B55, 0x53B4, 0x7C33,
    0x9C93, 0xACD2, 0xBCF1, 0xC4EF, 0xC4EE, 0xB48D, 0xA3EA, 0x8B68,
    0x72E6, 0x5A63, 0x4200, 0x31E0, 0x31E0, 0x29E0, 0x29E0, 0x29E0,
    0x29E0, 0x29E0, 0x2A00, 0x2A00, 0x2A20, 0x2A20, 0x2A20, 0x2A20,
    0x2A20, 0x2A00, 0x2A00, 0x2A00, 0x2A00, 0x2A20, 0x3240, 0x3A60,
    0x4280, 0x52C2, 0x5AE3, 0x6B04, 0x7325, 0x7B66, 0x8BA8, 0x9BC9,
    0xA40A, 0xB42B, 0xBC6C, 0xBC8C, 0xC48C, 0xC48C, 0xBC6C, 0xBC4B,
    0xBC2A, 0xBC0A, 0xBC09, 0xBC09, 0xC42A, 0xC42A, 0xC42A, 0xC42A,
    0xC46C, 0xBC8F, 0xBCD1, 0xBD34, 0xBD56, 0xBD97, 0xBDB8, 0xBDD9,
    0xBDD9, 0xBDD9, 0xBDD9, 0xBDD9, 0xBDD9, 0xBDF9, 0xBDF9, 0xBDF9,
    0xBDF9, 0xB61B, 0xDDB3, 0xFCA7, 0xFDEE, 0xFDEE, 0xFDCE, 0xFDCD,
    0xFDCD, 0xFDCD, 0xF58C, 0xF56B, 0xF56B, 0xF52A, 0xECE9, 0xED0A,
    0xECE9, 0xE4A8, 0xDC26, 0xDC06, 0xD3E5, 0xD3E5, 0xCBA4, 0xBB23,
    0xAAA1, 0x9A00, 0x91C0, 0x8160, 0x8160, 0x8140, 0x7920, 0x8160,
    0x7920, 0x7120, 0x7120, 0x7940, 0x8980, 0xC343, 0xDC67, 0xE4E9,
    0xED0A, 0xD448, 0x91E1, 0x99E0, 0x9A00, 0xAA21, 0xCAE3, 0xE3E5,
    0xF4A8, 0xF4EA, 0xC5F9, 0xBE1B, 0xBE1B, 0xBE1B, 0xBE1B, 0xBE1B,
    0xBE1B, 0xBE1B, 0xB61A, 0xBE1A, 0xB5FA, 0xB61A, 0xB61A, 0xB5FA,
    0xB5FA, 0xB5FA, 0xB5FA, 0xB5FA, 0xB5FA, 0xB5FA, 0xB5FA, 0xB5FA,
    0xB5FA, 0xB5FA, 0xB5FA, 0xB5FA, 0xB5FA, 0xB5FA, 0xB5FA, 0xB5DA,
    0xB5DA, 0xADDA, 0xADD9, 0xB5DA, 0xADD9, 0xADB9, 0xA598, 0xA577,
    0x9D56, 0x9D15, 0x94F5, 0x8CD4, 0x8CB2, 0x8492, 0x8491, 0x8471,
    0x8471, 0x8491, 0x84B2, 0x8CB3, 0x8CD4, 0x8CD4, 0x8CD4, 0x94F5,
    0x9515, 0x9516, 0x9D36, 0x9D57, 0xA577, 0xA598, 0xA578, 0x9D36,
    0x8CF5, 0x7C72, 0x6BF0, 0x5B8D, 0x530B, 0x42C8, 0x3A65, 0x3241,
    0x2A20, 0x2A00, 0x2A00, 0x2A20, 0x3240, 0x3A80, 0x42C0, 0x42E0,
    0x4B20, 0x5340, 0x5380, 0x5380, 0x5380, 0x5360, 0x5360, 0x5340,
    0x5340, 0x5340, 0x5340, 0x4B40, 0x4B20, 0x4B00, 0x42C0, 0x42A0,
    0x3A80, 0x3A80, 0x3A60, 0x3260, 0x3260, 0x3A61, 0x3A82, 0x42C4,
    0xD4E8, 0xDCE6, 0xE4E5, 0xDCA5, 0xCC46, 0xBBE9, 0xA38B, 0x834E,
    0x6311, 0x2314, 0x0315, 0x0335, 0x0335, 0x1B55, 0x53B4, 0x7C33,
    0x9473, 0xACB2, 0xBCF0, 0xC4EF, 0xC4EE, 0xB46D, 0xA3EA, 0x8B68,
    0x7AE6, 0x5A63, 0x4A00, 0x39E0, 0x31E0, 0x29C0, 0x29A0, 0x29C0,
    0x29E0, 0x29E0, 0x21E0, 0x2A00, 0x2A00, 0x2A20, 0x2A20, 0x2A20,
    0x2A00, 0x2200, 0x21E0, 0x21E0, 0x2200, 0x2A00, 0x3240, 0x3A80,
    0x4AA1, 0x52C3, 0x62E4, 0x6B05, 0x7326, 0x8367, 0x93A8, 0x9BE9,
    0xA40A, 0xB42B, 0xBC6C, 0xC48C, 0xC48C, 0xC48C, 0xBC6B, 0xBC4B,
    0xBC2A, 0xBC0A, 0xBC09, 0xBC09, 0xC429, 0xC44A, 0xC42A, 0xC42A,
    0xBC4C, 0xBC8F, 0xBCD1, 0xBD14, 0xBD56, 0xBD97, 0xBDB8, 0xBDD9,
    0xBDD9, 0xBDD9, 0xBDD9, 0xBDD9, 0xBDF9, 0xBDF9, 0xBDF9, 0xBDF9,
    0xBDD9, 0xB61B, 0xD552, 0xF3E5, 0xFD4B, 0xFDAD, 0xFE0F, 0xFDEE,
    0xFDEE, 0xFDCD, 0xFD8C, 0xF54A, 0xF58B, 0xF54B, 0xED0A, 0xED0A,
    0xECE9, 0xE4A8, 0xDC67, 0xDC47, 0xD406, 0xDC47, 0xD426, 0xD3E5,
    0xCBC5, 0xCBA4, 0xC363, 0xB2E2, 0x91C0, 0x8160, 0x7940, 0x8160,
    0x8160, 0x7940, 0x7940, 0x7920, 0x8140, 0xBAE2, 0xE4C9, 0xED0A,
    0xE4EA, 0xDC89, 0xA2C4, 0x7940, 0x91E0, 0xBA82, 0xC2E3, 0xD364,
    0xEC47, 0xF487, 0xCD74, 0xB63C, 0xBE1B, 0xBE1B, 0xBE1B, 0xBE1B,
    0xB61B, 0xB61B, 0xB61B, 0xB61B, 0xB61B, 0xB61B, 0xB5FB, 0xB5FB,
    0xB5FA, 0xB5FA, 0xB5FA, 0xB5FA, 0xB5FA, 0xB5FA, 0xB5FA, 0xB5FA,
    0xB5FA, 0xB5DA, 0xB5FA, 0xB5FA, 0xB5FA, 0xB5FA, 0xB5FA, 0xB5DA,
    0xB5DA, 0xB5DA, 0xB5DA, 0xADD9, 0xADB9, 0xA598, 0x9D57, 0x9D36,
    0x9515, 0x8CF4, 0x8CD4, 0x84B2, 0x8491, 0x7C71, 0x7C50, 0x7C50,
    0x7C50, 0x7C71, 0x8492, 0x8CB3, 0x8CD4, 0x8CF4, 0x8CF5, 0x9515,
    0x9536, 0x9D57, 0xA557, 0xA578, 0xA598, 0xA598, 0xA598, 0x9D57,
    0x8CF5, 0x8493, 0x7410, 0x63AE, 0x532B, 0x4AC8, 0x3A86, 0x3243,
    0x3220, 0x2A00, 0x2A00, 0x2A20, 0x3260, 0x3A80, 0x42C0, 0x4B00,
    0x4B20, 0x5360, 0x5380, 0x5B80, 0x5380, 0x5360, 0x5360, 0x5360,
    0x5360, 0x5340, 0x5340, 0x4B20, 0x4B00, 0x42E0, 0x42C0, 0x42A0,
    0x3AA0, 0x3A80, 0x3A80, 0x3A60, 0x3A61, 0x3A82, 0x42A3, 0x42E5,
    0xD4E8, 0xDCE6, 0xDCE5, 0xD485, 0xCC26, 0xBBC9, 0xA38B, 0x832E,
    0x5B11, 0x22F4, 0x0315, 0x0335, 0x0335, 0x1B55, 0x53B4, 0x7C33,
    0x9472, 0xACB1, 0xBCD0, 0xC4EF, 0xC4CE, 0xBC8C, 0xABEA, 0x9388,
    0x8306, 0x6283, 0x5221, 0x4A00, 0x39E0, 0x29C0, 0x21A0, 0x21A0,
    0x21C0, 0x21C0, 0x21C0, 0x29E0, 0x2A00, 0x2A20, 0x2A20, 0x2A00,
    0x21E0, 0x21E0, 0x21C0, 0x21E0, 0x2A00, 0x2A20, 0x3A60, 0x4281,
    0x52A2, 0x5AE3, 0x6B04, 0x7325, 0x7B26, 0x8367, 0x93A8, 0x9BC9,
    0xAC0A, 0xB44B, 0xBC6C, 0xC48C, 0xC48C, 0xC48C, 0xBC6B, 0xBC4B,
    0xBC2A, 0xBC09, 0xBC09, 0xBC09, 0xC429, 0xC44A, 0xC42A, 0xC42A,
    0xBC4C, 0xBC8F, 0xBCD1, 0xBD14, 0xBD55, 0xBD97, 0xBDB8, 0xBDD9,
    0xBDD9, 0xBDD9, 0xBDD9, 0xBDD9, 0xBDF9, 0xBDF9, 0xBDF9, 0xBDF9,
    0xBDD9, 0xB5FB, 0xDD30, 0xF446, 0xEC89, 0xF50A, 0xFDAD, 0xFDEE,
    0xFDED, 0xFDCD, 0xFDAC, 0xF54A, 0xECE9, 0xD3C5, 0xCB64, 0xCBA5,
    0xE467, 0xE4C9, 0xE4A8, 0xDC67, 0xDC47, 0xDC47, 0xD406, 0xD426,
    0xD406, 0xD406, 0xD427, 0xD426, 0xC343, 0x99E0, 0x8960, 0x8160,
    0x8160, 0x8180, 0x8160, 0x8980, 0x99E0, 0xC363, 0xE4A8, 0xE4C8,
    0xED0A, 0xDC89, 0xAAE4, 0x91C0, 0x99C0, 0xAA00, 0xC2C2, 0xC2C2,
    0xDBC5, 0xFCE8, 0xD594, 0xB63C, 0xBE1B, 0xBE1B, 0xB61B, 0xB61B,
    0xB61B, 0xB5FB, 0xB5FB, 0xB61B, 0xB5FB, 0xB61B, 0xB5FB, 0xB5FB,
    0xB5FA, 0xB5FA, 0xB5FA, 0xB5FA, 0xB5FA, 0xB5FA, 0xB5FA, 0xB5FA,
    0xB5FA, 0xB5DA, 0xB5DA, 0xB5FA, 0xB5FA, 0xB5FA, 0xB5FA, 0xB5FA,
    0xADDA, 0xADDA, 0xADDA, 0xADB9, 0xAD98, 0xA577, 0x9D36, 0x9515,
    0x8CD4, 0x8CB3, 0x8492, 0x8491, 0x7C70, 0x7C4F, 0x7C4F, 0x7C50,
    0x7C50, 0x7C71, 0x84B3, 0x8CD4, 0x8CD4, 0x8CF4, 0x8CF5, 0x9515,
    0x9536, 0x9D57, 0x9D57, 0xA577, 0xA578, 0xA578, 0xA578, 0x9D57,
    0x94F5, 0x84B4, 0x7C51, 0x6BCF, 0x5B6D, 0x4B0A, 0x42A7, 0x3243,
    0x3220, 0x2A20, 0x2A20, 0x3240, 0x3260, 0x3AA0, 0x42E0, 0x4B20,
    0x5360, 0x5380, 0x5BA0, 0x5BA0, 0x5380, 0x5380, 0x5360, 0x5360,
    0x5360, 0x5340, 0x4B40, 0x4B20, 0x4B00, 0x42E0, 0x42C0, 0x3AA0,
    0x3AA0, 0x3AA0, 0x3A80, 0x3A81, 0x3AA2, 0x42A3, 0x42C4, 0x4AE6,
    0xD4E8, 0xDCE6, 0xDCC5, 0xD485, 0xCC26, 0xB3C9, 0xA36B, 0x832E,
    0x5AF1, 0x1AF4, 0x0315, 0x0335, 0x0335, 0x2355, 0x5BD4, 0x8433,
    0x9C72, 0xACB1, 0xBCD0, 0xC4EF, 0xC4EE, 0xBC8D, 0xAC0B, 0x9BA9,
    0x8306, 0x6A83, 0x5A62, 0x5221, 0x41E0, 0x31C0, 0x2180, 0x2180,
    0x21A0, 0x21A0, 0x21C0, 0x21C0, 0x21E0, 0x2A00, 0x2A00, 0x2A00,
    0x21E0, 0x21C0, 0x21C0, 0x21C0, 0x2200, 0x3220, 0x3A80, 0x4AA2,
    0x5AC3, 0x62E4, 0x7305, 0x7B26, 0x7B46, 0x8B67, 0x93A8, 0xA3E9,
    0xAC0A, 0xB42B, 0xBC6C, 0xC48C, 0xC48C, 0xC48C, 0xBC6B, 0xBC2B,
    0xBC2A, 0xBC09, 0xBBE9, 0xBC09, 0xC429, 0xC42A, 0xC42A, 0xC42A,
    0xC44C, 0xBC8F, 0xBCF2, 0xBD34, 0xBD55, 0xBD77, 0xBDB8, 0xBDD9,
    0xBDD9, 0xBDD9, 0xBDD9, 0xBDF9, 0xBDF9, 0xBDF9, 0xBDF9, 0xBDF9,
    0xBDD9, 0xB5FA, 0xDD51, 0xFC87, 0xE407, 0xDBE6, 0xED2B, 0xFE0E,
    0xFE0E, 0xFDED, 0xF509, 0xD384, 0xCB23, 0xBA81, 0xAA00, 0xA200,
    0xB282, 0xC344, 0xD427, 0xE4A9, 0xDC88, 0xDC47, 0xD406, 0xDC47,
    0xDC46, 0xDC67, 0xDC47, 0xD427, 0xD3E6, 0xC363, 0xA240, 0x8980,
    0x8960, 0x91A0, 0xA200, 0xAA20, 0xBB02, 0xDC67, 0xE488, 0xE4C8,
    0xED0A, 0xD427, 0x9A41, 0x91A0, 0xAA20, 0xA200, 0xC2C2, 0xCB03,
    0xDB84, 0xF4C8, 0xED0E, 0xBE1B, 0xB61B, 0xB61B, 0xB5FB, 0xB61B,
    0xB5FB, 0xB5FB, 0xB61B, 0xB5FB, 0xB5FB, 0xB5FB, 0xB5FB, 0xB5FB,
    0xB5FA, 0xB5FA, 0xB5FA, 0xB5FA, 0xB5FA, 0xADFA, 0xADFA, 0xADFA,
    0xB5FA, 0xB5DA, 0xADDA, 0xB5DA, 0xB5FA, 0xB5FA, 0xB5DA, 0xADDA,
    0xADDA, 0xADDA, 0xADD9, 0xADB9, 0xA578, 0x9D57, 0x9D36, 0x9515,
    0x8CD4, 0x8492, 0x7C71, 0x7C71, 0x7C50, 0x7C4F, 0x7C4F, 0x7C50,
    0x7C71, 0x8492, 0x84B3, 0x84D4, 0x8CD4, 0x8CD4, 0x8CF4, 0x8CF5,
    0x94F5, 0x9516, 0x9516, 0x9D36, 0x9D57, 0x9D77, 0x9D57, 0x9D57,
    0x9516, 0x8CD4, 0x7C73, 0x7431, 0x63CF, 0x5B4C, 0x4AE9, 0x3A64,
    0x3221, 0x2A20, 0x3220, 0x3240, 0x3A80, 0x42C0, 0x4B00, 0x5340,
    0x5380, 0x5BA0, 0x5BA0, 0x5BA0, 0x5380, 0x5380, 0x5380, 0x5380,
    0x5360, 0x5360, 0x4B40, 0x4B20, 0x42E0, 0x42C0, 0x42A0, 0x3AA0,
    0x3AA0, 0x3AA0, 0x3AA1, 0x42A2, 0x42A3, 0x42C4, 0x4AE5, 0x4AE6,
    0xD4E8, 0xDCE7, 0xDCC5, 0xD485, 0xCC26, 0xB3C9, 0xA36B, 0x832E,
    0x5AF1, 0x1AF4, 0x0315, 0x0335, 0x0335, 0x2355, 0x5BB4, 0x8413,
    0x9C72, 0xACB1, 0xBCD0, 0xC4EF, 0xC4EE, 0xBC8D, 0xAC2B, 0xA3A9,
    0x8B27, 0x72A4, 0x6A63, 0x5A42, 0x4A21, 0x4201, 0x39E1, 0x31C1,
    0x31E1, 0x3A02, 0x3A22, 0x3A43, 0x3A63, 0x4283, 0x4283, 0x4263,
    0x3A43, 0x3222, 0x3201, 0x3201, 0x3242, 0x4282, 0x4AA3, 0x5AC4,
    0x62E4, 0x6B05, 0x7326, 0x7B27, 0x8347, 0x8B68, 0x9BA9, 0xA3EA,
    0xAC0A, 0xB44B, 0xBC6C, 0xC48C, 0xC48C, 0xC48C, 0xBC6B, 0xBC2A,
    0xBC0A, 0xBC09, 0xBBE9, 0xBC09, 0xC429, 0xC42A, 0xC429, 0xC42A,
    0xC44C, 0xBC8F, 0xBCF1, 0xBD14, 0xBD55, 0xBD77, 0xBDB8, 0xBDD9,
    0xBDD9, 0xBDD9, 0xBDD9, 0xBDD9, 0xBDD9, 0xBDD9, 0xBDF9, 0xBDF9,
    0xBDD9, 0xB5FA, 0xDD31, 0xFCA8, 0xE427, 0xCB44, 0xF5AE, 0xFE2F,
    0xFE2F, 0xF54A, 0xD343, 0xB261, 0xBA81, 0xBA81, 0xA200, 0x91A0,
    0x91A0, 0x99A0, 0xBAA2, 0xCBA5, 0xDC27, 0xDC88, 0xDC47, 0xDC47,
    0xDC67, 0xDC67, 0xDC47, 0xDC47, 0xDC47, 0xD427, 0xCBA5, 0xBAE2,
    0xAA81, 0x99E0, 0xBB02, 0xD3C5, 0xD406, 0xE4A8, 0xE4E9, 0xE4C9,
    0xECEA, 0xCC07, 0xA241, 0x99C0, 0xAA20, 0xB261, 0xBAA2, 0xC303,
    0xDB84, 0xF4A8, 0xFCC9, 0xCD75, 0xB63C, 0xB5FB, 0xB5FB, 0xB5FB,
    0xB61B, 0xB5FB, 0xB5FB, 0xB5FB, 0xB5FB, 0xB5FB, 0xB5FB, 0xB5FB,
    0xB5FA, 0xB5FA, 0xB5FA, 0xB5FA, 0xADDA, 0xADDA, 0xADDA, 0xADDA,
    0xADDA, 0xADDA, 0xB5DA, 0xB5FA, 0xB5DA, 0xB5DA, 0xADDA, 0xADDA,
    0xADDA, 0xADBA, 0xADB9, 0xA598, 0xA578, 0x9D57, 0x9536, 0x8CF5,
    0x8CB4, 0x8492, 0x7C71, 0x7C50, 0x7C50, 0x7C50, 0x7C71, 0x7C71,
    0x7C92, 0x84B3, 0x84B3, 0x84B3, 0x84B3, 0x84B3, 0x84B3, 0x84B4,
    0x84B4, 0x8CD4, 0x8CF5, 0x9516, 0x9536, 0x9D37, 0x9D57, 0x9D57,
    0x9536, 0x8CF5, 0x84B4, 0x7C52, 0x6C10, 0x5B8E, 0x4B0B, 0x42A7,
    0x3A64, 0x3A62, 0x3240, 0x3260, 0x3AA0, 0x42E0, 0x4B20, 0x5360,
    0x5B80, 0x5BA0, 0x5BA0, 0x5BA0, 0x5380, 0x5380, 0x5380, 0x5380,
    0x5360, 0x5340, 0x4B20, 0x4B00, 0x42E0, 0x42A0, 0x3AA0, 0x3A80,
    0x3A80, 0x3A80, 0x3AA1, 0x42A2, 0x42C3, 0x4AE5, 0x4AE5, 0x4B06,
    0xD4E8, 0xDCE7, 0xDCE5, 0xD485, 0xCC27, 0xB3C9, 0x9B6B, 0x7B2E,
    0x5B11, 0x1AF4, 0x0315, 0x0335, 0x0335, 0x2375, 0x5BB4, 0x8413,
    0x9C52, 0xACB1, 0xBCD0, 0xC4EF, 0xC4EE, 0xBC8D, 0xB42B, 0xA389,
    0x9327, 0x82C5, 0x7AA4, 0x6A84, 0x6284, 0x5A64, 0x5265, 0x5265,
    0x5AA6, 0x5AC7, 0x5AE8, 0x6308, 0x6329, 0x6B49, 0x6B49, 0x6B49,
    0x6349, 0x6328, 0x5B08, 0x5AE7, 0x5B07, 0x6327, 0x6B27, 0x6B26,
    0x7306, 0x7306, 0x7B26, 0x8347, 0x8B48, 0x9368, 0x9BC9, 0xABEA,
    0xB40A, 0xB44B, 0xBC6C, 0xC48C, 0xC48C, 0xC46C, 0xBC4B, 0xBC2A,
    0xBC0A, 0xBC09, 0xBBE9, 0xBC09, 0xC429, 0xC429, 0xC429, 0xC42A,
    0xC46C, 0xBC8F, 0xBCD1, 0xBD14, 0xBD55, 0xBD77, 0xBDB8, 0xBDD9,
    0xBDD9, 0xBDD9, 0xBDD9, 0xBDD9, 0xBDD9, 0xBDD9, 0xBDF9, 0xBDF9,
    0xBDD9, 0xB5FA, 0xDCED, 0xFCA7, 0xE426, 0xDBA5, 0xF52B, 0xFE50,
    0xFE2F, 0xDBC4, 0xB241, 0xA200, 0xB240, 0xB261, 0x99C0, 0x99C0,
    0x99C0, 0x99C0, 0xAA20, 0xAA20, 0xB281, 0xC323, 0xCBC5, 0xDC47,
    0xDC88, 0xDC67, 0xDC67, 0xDC67, 0xDC67, 0xDC47, 0xD426, 0xDC47,
    0xD426, 0xC384, 0xD427, 0xDC68, 0xDC67, 0xE488, 0xECEA, 0xECE9,
    0xE4C9, 0xDC89, 0xAA81, 0x91A0, 0x99E0, 0xBA81, 0xB262, 0xBAA2,
    0xCB43, 0xEC67, 0xFD29, 0xE592, 0xB61C, 0xB5FB, 0xB5FB, 0xB5FB,
    0xB5FB, 0xB5FB, 0xB5FB, 0xB5FB, 0xB5FB, 0xB5FB, 0xB5FB, 0xB5FB,
    0xB5DB, 0xB5FA, 0xADDA, 0xADDA, 0xADDA, 0xADDA, 0xADDA, 0xADDA,
    0xADDA, 0xADDA, 0xADDA, 0xADDA, 0xADDA, 0xADDA, 0xADDA, 0xADDA,
    0xADDA, 0xADB9, 0xA5B9, 0xA598, 0xA578, 0x9D57, 0x9536, 0x8CF5,
    0x8CD4, 0x84B3, 0x7C92, 0x7C92, 0x8492, 0x8492, 0x8492, 0x84B3,
    0x84B3, 0x84B3, 0x84B3, 0x8493, 0x7C72, 0x7C72, 0x7C72, 0x7C72,
    0x7C72, 0x7C93, 0x84B4, 0x8CD4, 0x8CF5, 0x9516, 0x9537, 0x9D37,
    0x9D37, 0x9516, 0x8CD5, 0x8473, 0x7411, 0x63AE, 0x534B, 0x42E8,
    0x42A6, 0x42A6, 0x3A83, 0x3A80, 0x42A0, 0x42E0, 0x4B20, 0x5360,
    0x5B80, 0x5BA0, 0x5BA0, 0x5BA0, 0x5380, 0x5380, 0x5380, 0x5360,
    0x5360, 0x4B40, 0x4B00, 0x42E0, 0x42C0, 0x3A80, 0x3A80, 0x3A60,
    0x3A60, 0x3A80, 0x3A82, 0x42A3, 0x42C4, 0x4AE5, 0x4B06, 0x4B06,
    0xD4E8, 0xDCE7, 0xDCE6, 0xD486, 0xCC27, 0xB3C9, 0x9B6B, 0x7B2E,
    0x5311, 0x12F4, 0x0315, 0x0335, 0x0335, 0x2B75, 0x5BB4, 0x8412,
    0x9C51, 0xAC90, 0xBCD0, 0xC4EF, 0xCCEE, 0xC48D, 0xB42B, 0xA3A9,
    0x9B47, 0x8B06, 0x82E6, 0x7AE6, 0x7AC6, 0x72C7, 0x6AE8, 0x6B08,
    0x7329, 0x7B6A, 0x7B8B, 0x83CC, 0x8BEC, 0x8C0D, 0x8C0D, 0x8C0D,
    0x8C0D, 0x8C0D, 0x83EC, 0x83EC, 0x83CB, 0x83AA, 0x8389, 0x8389,
    0x8368, 0x8348, 0x8327, 0x8B47, 0x8B48, 0x9389, 0xA3CA, 0xABEA,
    0xB42B, 0xBC4B, 0xBC6C, 0xC48C, 0xC48C, 0xC48C, 0xBC4B, 0xBC2A,
    0xBC0A, 0xBC09, 0xBBE9, 0xBC09, 0xC429, 0xC429, 0xC429, 0xC42A,
    0xC44C, 0xBC8F, 0xBCD1, 0xBD14, 0xBD55, 0xBD77, 0xBDB8, 0xBDD9,
    0xBDD9, 0xBDD9, 0xBDD9, 0xBDD9, 0xBDD9, 0xBDD9, 0xBDD9, 0xBDD9,
    0xBDD9, 0xBE1A, 0xDD0F, 0xFD08, 0xEC26, 0xD302, 0xED4C, 0xFEB3,
    0xFDED, 0xD322, 0xAA20, 0xAA00, 0xBA81, 0xBA61, 0x99C0, 0x91A0,
    0xA200, 0xAA00, 0x99C0, 0x99C0, 0xA1E0, 0x99E0, 0xA220, 0xC364,
    0xDC47, 0xDC47, 0xDC67, 0xE488, 0xDC67, 0xDC67, 0xDC67, 0xDC67,
    0xDC47, 0xDC67, 0xDC87, 0xDC67, 0xE488, 0xE467, 0xE4C8, 0xE4E9,
    0xE487, 0xDC89, 0xBB65, 0x9A01, 0x91A0, 0xA200, 0xB261, 0xBA82,
    0xCB03, 0xDBC5, 0xFCC8, 0xF54D, 0xBE1B, 0xB61B, 0xB5FB, 0xB61B,
    0xB5FB, 0xB5FB, 0xB5FB, 0xB5FB, 0xB5FB, 0xB5FB, 0xB5FB, 0xB5FB,
    0xB5DA, 0xADDA, 0xADDA, 0xADDA, 0xADDA, 0xADDA, 0xADDA, 0xADDA,
    0xADDA, 0xADDA, 0xADDA, 0xADDA, 0xADDA, 0xADDA, 0xADDA, 0xADDA,
    0xADDA, 0xADB9, 0xA5B9, 0xA599, 0xA578, 0x9D57, 0x9D57, 0x9516,
    0x8CF5, 0x8CD4, 0x84B3, 0x8CD3, 0x8CD4, 0x94F4, 0x8CF4, 0x8CD4,
    0x84B4, 0x8493, 0x7C93, 0x7452, 0x7431, 0x6C30, 0x6C30, 0x6C10,
    0x6C10, 0x7431, 0x7C72, 0x8493, 0x84D4, 0x8CF5, 0x9516, 0x9537,
    0x9D37, 0x9516, 0x84D4, 0x7C73, 0x7411, 0x63AF, 0x5B4C, 0x4B09,
    0x4AE7, 0x4AE7, 0x42C6, 0x42C3, 0x42C0, 0x4B00, 0x5340, 0x5360,
    0x5BA0, 0x5BA0, 0x5BA0, 0x5BA0, 0x5380, 0x5380, 0x5380, 0x5360,
    0x5340, 0x4B20, 0x4AE0, 0x42C0, 0x3AA0, 0x3A60, 0x3240, 0x3240,
    0x3A60, 0x3A60, 0x3A81, 0x3AA2, 0x42A4, 0x42C5, 0x42E5, 0x42E6,
    0xD4E9, 0xDCE7, 0xDCC6, 0xD486, 0xCC27, 0xB3C9, 0x9B6B, 0x7B2E,
    0x52F1, 0x12F4, 0x0315, 0x0335, 0x0335, 0x2B75, 0x5BB4, 0x8412,
    0x9C51, 0xAC90, 0xBCCF, 0xC4CE, 0xCCCE, 0xC48C, 0xBC2B, 0xABC9,
    0xA367, 0x9B27, 0x9327, 0x8B27, 0x8B48, 0x8349, 0x836A, 0x838C,
    0x8BCD, 0x940D, 0x9C4E, 0x9C6F, 0xA490, 0xA4B0, 0xA4B0, 0xA4D0,
    0xA4B0, 0xA4B0, 0xA490, 0x9C8F, 0x9C6E, 0x942D, 0x940C, 0x93EB,
    0x8BAA, 0x8B89, 0x8B48, 0x8B48, 0x9368, 0x9B89, 0xA3CA, 0xABEA,
    0xB42B, 0xBC4B, 0xC46C, 0xC48C, 0xC48C, 0xC46B, 0xBC4B, 0xBC2A,
    0xBC0A, 0xBC09, 0xBBE9, 0xBC09, 0xC409, 0xC429, 0xC429, 0xC44A,
    0xC44C, 0xBC8E, 0xBCD1, 0xBD13, 0xBD55, 0xBD77, 0xBDB8, 0xBDD9,
    0xBDD9, 0xBDD9, 0xBDD9, 0xBDD9, 0xBDD9, 0xBDD9, 0xBDD9, 0xBDD9,
    0xBDD9, 0xB5FA, 0xE592, 0xFD49, 0xF466, 0xE406, 0xFE72, 0xFEB2,
    0xFDCD, 0xD342, 0xB240, 0xBA61, 0xCAC2, 0xAA00, 0x99C0, 0x91A0,
    0x91A0, 0xAA20, 0x99C0, 0x99C0, 0xA200, 0x91C0, 0x99E0, 0xAA20,
    0xBAE2, 0xBB03, 0xDC47, 0xE4A8, 0xDC87, 0xE487, 0xDC87, 0xE488,
    0xDC46, 0xDC67, 0xE487, 0xE488, 0xE4A8, 0xE487, 0xE487, 0xE4C9,
    0xE4C9, 0xD448, 0xBB25, 0xB2A2, 0xA1E0, 0x99C0, 0x99E0, 0xAA20,
    0xBAA2, 0xD323, 0xEC26, 0xFCE9, 0xCDB6, 0xB61C, 0xB5FB, 0xB61B,
    0xB61B, 0xB5FB, 0xB5FB, 0xB5FB, 0xB5FB, 0xB5FB, 0xB5FB, 0xB5FB,
    0xADDA, 0xADDA, 0xADDA, 0xADDA, 0xADDA, 0xADDA, 0xADBA, 0xADBA,
    0xADBA, 0xADBA, 0xADDA, 0xADDA, 0xADDA, 0xADDA, 0xADDA, 0xADDA,
    0xADBA, 0xADB9, 0xA5B9, 0xA599, 0xA578, 0x9D78, 0x9D57, 0x9D57,
    0x9536, 0x9515, 0x94F5, 0x9515, 0x9536, 0x9D36, 0x9516, 0x8CF5,
    0x84D4, 0x7C93, 0x7452, 0x7430, 0x6BEF, 0x63CE, 0x63CE, 0x63AE,
    0x63CE, 0x6C10, 0x7452, 0x7C73, 0x8494, 0x84D5, 0x8CF6, 0x9516,
    0x9516, 0x8CD5, 0x84B4, 0x7C53, 0x7411, 0x63AF, 0x5B4C, 0x5309,
    0x4B08, 0x5308, 0x4B07, 0x4AE4, 0x4AE2, 0x4B20, 0x5340, 0x5380,
    0x5B80, 0x5BA0, 0x5BA0, 0x53A0, 0x5380, 0x5380, 0x5380, 0x5360,
    0x4B20, 0x4B00, 0x42C0, 0x3AA0, 0x3A60, 0x3240, 0x3220, 0x3220,
    0x3240, 0x3241, 0x3261, 0x3A62, 0x3A83, 0x42A4, 0x42C5, 0x42C6,
    0xD4C9, 0xDCE7, 0xDCC5, 0xD465, 0xCC27, 0xB3C9, 0x934B, 0x730E,
    0x4AF1, 0x12F4, 0x0315, 0x0315, 0x0315, 0x2B55, 0x5BB3, 0x8412,
    0x9C51, 0xB490, 0xBCCF, 0xC4CE, 0xCCCD, 0xC48C, 0xBC2A, 0xABC9,
    0xAB88, 0xA347, 0x9B67, 0x9B69, 0x9B8A, 0x9BCB, 0x9BED, 0xA42E,
    0xAC8F, 0xACB0, 0xB4F1, 0xB512, 0xBD32, 0xBD53, 0xBD53, 0xBD53,
    0xBD53, 0xBD32, 0xB512, 0xB511, 0xACD0, 0xA48F, 0xA44E, 0x9C2C,
    0x9BEB, 0x93AA, 0x9369, 0x9368, 0x9369, 0x9B89, 0xA3CA, 0xAC0A,
    0xB42B, 0xBC4B, 0xC46C, 0xC48C, 0xC48C, 0xC46B, 0xBC4B, 0xBC2A,
    0xBC0A, 0xBC09, 0xBBE9, 0xC409, 0xC429, 0xC429, 0xCC29, 0xC42A,
    0xC44C, 0xBC8E, 0xBCD1, 0xBD13, 0xBD55, 0xBD77, 0xBDB8, 0xBDD9,
    0xBDD9, 0xBDD9, 0xBDD9, 0xBDD9, 0xBDD9, 0xBDD9, 0xBDD9, 0xBDD9,
    0xBDD9, 0xBDFA, 0xED4F, 0xFD6A, 0xF487, 0xE427, 0xFE71, 0xFE70,
    0xFDAC, 0xD343, 0xBA61, 0xC2A1, 0xBA81, 0xAA00, 0xA1E0, 0x99C0,
    0x99C0, 0xA200, 0xA200, 0x99E0, 0x91C0, 0x8980, 0x91A0, 0xA200,
    0xA200, 0xA200, 0xBB02, 0xD3C5, 0xE4A8, 0xE4A8, 0xE487, 0xE4A8,
    0xDC67, 0xE487, 0xE487, 0xE4A8, 0xE4C8, 0xE487, 0xE4A8, 0xECE9,
    0xED2A, 0xE4CA, 0xBAE3, 0xAA00, 0x99C0, 0x99E0, 0xAA20, 0xAA20,
    0xBAA2, 0xCB03, 0xDBA5, 0xF487, 0xE551, 0xB61C, 0xB5FB, 0xB5FB,
    0xB5FB, 0xB5FB, 0xB5FB, 0xB5FB, 0xB5FB, 0xB5FB, 0xB5DB, 0xADDB,
    0xADDA, 0xADDA, 0xADDA, 0xADBA, 0xADBA, 0xADBA, 0xADBA, 0xADBA,
    0xADBA, 0xADBA, 0xADBA, 0xADBA, 0xADBA, 0xADDA, 0xADDA, 0xADDA,
    0xADDA, 0xADBA, 0xA5B9, 0xA599, 0xA598, 0xA578, 0x9D78, 0x9D57,
    0x9D57, 0x9D36, 0x9D57, 0x9D57, 0xA577, 0xA577, 0x9D57, 0x9516,
    0x8CD4, 0x7C93, 0x7451, 0x6BEF, 0x63AE, 0x5B8C, 0x536A, 0x534B,
    0x5B8D, 0x63CF, 0x6C31, 0x7452, 0x7C73, 0x8494, 0x84B4, 0x84B4,
    0x84B4, 0x84B4, 0x7C73, 0x7432, 0x6BF0, 0x63AE, 0x534B, 0x5309,
    0x5309, 0x5308, 0x4B07, 0x4AE5, 0x4B03, 0x5321, 0x5340, 0x5360,
    0x5380, 0x5BA0, 0x5BA0, 0x5380, 0x5380, 0x5380, 0x5360, 0x4B40,
    0x4B00, 0x42E0, 0x3AA0, 0x3A60, 0x3220, 0x3220, 0x2A00, 0x2A00,
    0x3220, 0x3220, 0x3240, 0x3A41, 0x3A63, 0x3A84, 0x3AA4, 0x42A5,
    0xCCC9, 0xD4C7, 0xDCC6, 0xD465, 0xC407, 0xB3A9, 0x932B, 0x72EE,
    0x4AD1, 0x0AF4, 0x02F5, 0x0315, 0x0315, 0x2B54, 0x63B3, 0x83F2,
    0x9C51, 0xB48F, 0xBCAE, 0xC4CD, 0xCCAD, 0xC46B, 0xBC2A, 0xB3C9,
    0xAB88, 0xA367, 0xA388, 0xA3A9, 0xABEB, 0xAC2D, 0xAC6F, 0xB4B0,
    0xBCF1, 0xBD32, 0xC553, 0xC574, 0xC594, 0xCDB5, 0xCDB5, 0xCDB5,
    0xCDB5, 0xC5B4, 0xC594, 0xC573, 0xBD32, 0xB4D0, 0xACAF, 0xAC6E,
    0xA40C, 0x9BCA, 0x9389, 0x9369, 0x9369, 0x9B89, 0xABCA, 0xB40A,
    0xB42B, 0xBC4B, 0xC46C, 0xC48C, 0xC48C, 0xC46B, 0xBC4B, 0xBC2A,
    0xBC0A, 0xBC09, 0xBC09, 0xC409, 0xC429, 0xC429, 0xC429, 0xC42A,
    0xC44C, 0xBC8E, 0xBCB1, 0xBD13, 0xBD55, 0xBD77, 0xBDB8, 0xBDD9,
    0xBDD9, 0xBDD9, 0xBDD9, 0xBDD9, 0xBDD9, 0xBDD9, 0xBDD9, 0xBDD9,
    0xBDD9, 0xB5FA, 0xEDB0, 0xFDAB, 0xEC67, 0xE427, 0xFE0E, 0xFDED,
    0xFD8B, 0xDB63, 0xBA60, 0xC2A1, 0xB240, 0xA1E0, 0x99E0, 0x99C0,
    0x99E0, 0xAA20, 0x91A0, 0x91A0, 0x8980, 0x8960, 0x9180, 0xA1E0,
    0xA200, 0xA200, 0xA1E0, 0xAA40, 0xDC46, 0xE4C8, 0xE467, 0xE4A8,
    0xE487, 0xE4A8, 0xE4A8, 0xECC8, 0xECE9, 0xE4A8, 0xE4C8, 0xED0A,
    0xED2A, 0xED4B, 0xCBC6, 0xAA40, 0x99A0, 0x91A0, 0xA1E0, 0xAA21,
    0xBA81, 0xCB03, 0xD323, 0xEC26, 0xF4EA, 0xBDD9, 0xAE1C, 0xB5FB,
    0xB5FB, 0xB5FB, 0xB5FB, 0xB5FB, 0xB5FB, 0xB5FB, 0xADDB, 0xADDB,
    0xADDA, 0xADDA, 0xADBA, 0xADBA, 0xADBA, 0xA5BA, 0xA5BA, 0xA5BA,
    0xA5BA, 0xA5BA, 0xA5BA, 0xA5BA, 0xADBA, 0xADDA, 0xADDA, 0xADDA,
    0xADDA, 0xADBA, 0xADBA, 0xA5B9, 0xA599, 0xA598, 0xA598, 0xA578,
    0xA578, 0xA578, 0xA598, 0xA598, 0xA599, 0xA598, 0x9D77, 0x9D36,
    0x8CF5, 0x7C93, 0x7451, 0x6BEF, 0x5BAC, 0x536A, 0x5328, 0x5328,
    0x536B, 0x5BCE, 0x6BF0, 0x6C32, 0x7452, 0x7C73, 0x7C73, 0x7453,
    0x7452, 0x7452, 0x7432, 0x6C11, 0x63D0, 0x5B8E, 0x532B, 0x4B09,
    0x4B09, 0x4B08, 0x4AE7, 0x4AE5, 0x4B24, 0x5322, 0x5340, 0x5360,
    0x5380, 0x5380, 0x5380, 0x5380, 0x5380, 0x5360, 0x5340, 0x4B20,
    0x42E0, 0x42A0, 0x3A60, 0x3220, 0x3200, 0x2A00, 0x2A00, 0x2A00,
    0x2A00, 0x3220, 0x3221, 0x3241, 0x3A42, 0x3A63, 0x3A63, 0x3A85,
    0xCCCA, 0xD4C8, 0xD4A6, 0xD465, 0xC406, 0xAB88, 0x932B, 0x6ACE,
    0x42B1, 0x0AD4, 0x02F5, 0x02F5, 0x0315, 0x2B54, 0x63B3, 0x83F2,
    0x9C51, 0xB46F, 0xBCAE, 0xC4CD, 0xCCAC, 0xC46B, 0xBC2A, 0xB3C9,
    0xAB88, 0xAB87, 0xABA9, 0xABCA, 0xB42C, 0xB46E, 0xB4B0, 0xBCF1,
    0xC553, 0xCD94, 0xCDB5, 0xCDD5, 0xD5F6, 0xD616, 0xD617, 0xD616,
    0xD616, 0xD616, 0xD5F6, 0xCDD5, 0xC594, 0xC532, 0xBCD0, 0xB48F,
    0xAC2D, 0xA3CB, 0x9BAA, 0x9369, 0x9B69, 0xA389, 0xABCA, 0xB40A,
    0xBC2B, 0xBC4B, 0xC46C, 0xC48C, 0xC48C, 0xC46B, 0xBC4B, 0xBC2A,
    0xBC09, 0xBC09, 0xBC09, 0xC408, 0xC429, 0xC429, 0xC429, 0xC42A,
    0xC44C, 0xBC8E, 0xBCD1, 0xBD13, 0xBD55, 0xBD77, 0xBD98, 0xBDD8,
    0xBDD9, 0xBDD9, 0xBDD9, 0xBDD9, 0xBDD9, 0xBDD9, 0xBDD9, 0xBDD9,
    0xB5D9, 0xB5FA, 0xEDB0, 0xFD8B, 0xEC26, 0xE3C5, 0xFD6B, 0xFDEE,
    0xFDAC, 0xEC25, 0xD2C1, 0xC2A1, 0xAA20, 0xAA21, 0xA200, 0x99E0,
    0xA200, 0xAA20, 0x91A0, 0x8980, 0x8980, 0x8980, 0x9180, 0x99C0,
    0x99C0, 0x91A0, 0x91A0, 0xAA20, 0xD3A4, 0xECE9, 0xE4A8, 0xE4A8,
    0xE4A8, 0xE4A8, 0xE4A8, 0xECE9, 0xECE9, 0xECC8, 0xECC9, 0xED09,
    0xED2A, 0xF54B, 0xE4A9, 0xAA40, 0xA1E0, 0x99C0, 0xA200, 0xAA21,
    0xB261, 0xCAE3, 0xCB03, 0xE3C5, 0xFCA8, 0xD573, 0xAE1C, 0xB5FB,
    0xB5FB, 0xB5FB, 0xB5FB, 0xB5FB, 0xADFB, 0xADDB, 0xADDB, 0xADDA,
    0xADDA, 0xADDA, 0xA5BA, 0xA5BA, 0xA5BA, 0xA5BA, 0xA5BA, 0xA5BA,
    0xA5BA, 0xA5BA, 0xA5BA, 0xA5BA, 0xA5BA, 0xA5BA, 0xADBA, 0xADDA,
    0xADBA, 0xADBA, 0xADBA, 0xADB9, 0xA5B9, 0xA5B9, 0xA599, 0xA598,
    0xAD99, 0xADB9, 0xADB9, 0xADB9, 0xADB9, 0xA599, 0x9D78, 0x9D36,
    0x8CF4, 0x84B3, 0x7451, 0x6C0E, 0x63CC, 0x5B8A, 0x5B69, 0x5369,
    0x536B, 0x5BAE, 0x63F0, 0x6C11, 0x6C32, 0x6C32, 0x6C32, 0x6C11,
    0x63D0, 0x63D0, 0x63D0, 0x63AF, 0x5B8E, 0x5B6D, 0x532B, 0x4B09,
    0x4B09, 0x4B08, 0x4B07, 0x4B06, 0x4B05, 0x5323, 0x5320, 0x5340,
    0x5360, 0x5360, 0x5360, 0x5360, 0x5360, 0x4B40, 0x4B20, 0x42E0,
    0x42C0, 0x3A80, 0x3220, 0x29E0, 0x29E0, 0x29E0, 0x29E0, 0x2A00,
    0x2A00, 0x3220, 0x3221, 0x3242, 0x3242, 0x3A42, 0x3A63, 0x3A65,
    0xCCCA, 0xD4C8, 0xD4A6, 0xD465, 0xC3E6, 0xAB88, 0x932B, 0x72CE,
    0x42B1, 0x02D4, 0x02F5, 0x02F5, 0x0315, 0x3354, 0x63B3, 0x8C12,
    0xA451, 0xB48F, 0xBCAE, 0xCCCD, 0xCCAC, 0xC46B, 0xBC2A, 0xB3C8,
    0xB387, 0xB3A7, 0xB3C9, 0xB40B, 0xBC4D, 0xBCAF, 0xC511, 0xC553,
    0xCD94, 0xD5D5, 0xD5F6, 0xD637, 0xDE37, 0xDE58, 0xDE58, 0xDE58,
    0xDE58, 0xDE57, 0xDE37, 0xD616, 0xCDD5, 0xCD73, 0xC531, 0xBCD0,
    0xB46D, 0xABEC, 0x9BAA, 0x9B69, 0x9B68, 0xA389, 0xABCA, 0xB40A,
    0xBC2B, 0xC44B, 0xC46C, 0xC48C, 0xC48B, 0xC46B, 0xBC4B, 0xBC2A,
    0xBC09, 0xBC09, 0xBBE9, 0xC408, 0xC409, 0xC429, 0xC429, 0xC42A,
    0xC44C, 0xC48E, 0xBCB1, 0xBD13, 0xBD55, 0xBD76, 0xBD98, 0xBDB8,
    0xBDD9, 0xBDD9, 0xBDD9, 0xBDB9, 0xBDD9, 0xBDD9, 0xBDD9, 0xBDD9,
    0xB5D9, 0xBDD9, 0xF56D, 0xFD4A, 0xE3C5, 0xE3E5, 0xFDAD, 0xFE30,
    0xFDED, 0xF4E9, 0xDB43, 0xC2C2, 0xB282, 0xB261, 0xAA20, 0xA1E0,
    0xAA20, 0xA1E0, 0x99A0, 0x91A0, 0x8980, 0x9180, 0x91A0, 0x91A0,
    0x9180, 0x91A0, 0x8960, 0xAA20, 0xC302, 0xECC8, 0xE4A8, 0xECC9,
    0xECE9, 0xECC8, 0xECE9, 0xED09, 0xECE9, 0xECE9, 0xECE9, 0xED0A,
    0xED4A, 0xED4B, 0xF56C, 0xCB84, 0xA1E0, 0xA1E0, 0xAA00, 0xB261,
    0xBA81, 0xC2C2, 0xCB24, 0xD364, 0xF467, 0xED70, 0xADFC, 0xB5FB,
    0xB5FB, 0xB5FB, 0xB5FB, 0xB5FB, 0xADDB, 0xADDB, 0xADDB, 0xADDA,
    0xADDA, 0xADBA, 0xA5BA, 0xA5BA, 0xA5BA, 0xA5BA, 0xA5BA, 0xA5BA,
    0xA5BA, 0xA5BA, 0xA5BA, 0xA5BA, 0xA5BA, 0xA5BA, 0xA5BA, 0xA5BA,
    0xA5BA, 0xADBA, 0xADBA, 0xADBA, 0xADB9, 0xADB9, 0xADB9, 0xADB9,
    0xADB9, 0xADDA, 0xADD9, 0xADD9, 0xA5B9, 0xA598, 0x9D77, 0x9536,
    0x8CF4, 0x84B2, 0x7470, 0x6C0D, 0x63EB, 0x63CA, 0x63A9, 0x63AA,
    0x63CD, 0x63CE, 0x63EF, 0x63F0, 0x6411, 0x6411, 0x63F0, 0x5BAF,
    0x536E, 0x534D, 0x534D, 0x534D, 0x534C, 0x532C, 0x532A, 0x4B0A,
    0x532A, 0x5309, 0x4B08, 0x4B07, 0x5326, 0x5303, 0x4B00, 0x4B00,
    0x5340, 0x4B40, 0x4B40, 0x4B40, 0x4B40, 0x4B20, 0x4300, 0x42C0,
    0x3A80, 0x3240, 0x29E0, 0x29C0, 0x29C0, 0x29E0, 0x29E0, 0x29E0,
    0x2A00, 0x2A00, 0x3221, 0x3222, 0x3222, 0x3222, 0x3242, 0x3243,
    0xCCEA, 0xD4E9, 0xD4A6, 0xD466, 0xC3E6, 0xAB89, 0x932B, 0x72CE,
    0x42B1, 0x02D4, 0x02F5, 0x02F5, 0x0315, 0x3354, 0x63B3, 0x8C12,
    0xA451, 0xB48F, 0xC4AE, 0xCCCD, 0xCCAC, 0xC46B, 0xBC2A, 0xB3C8,
    0xB3A7, 0xB3A7, 0xBBC9, 0xBC2B, 0xBC6D, 0xC4D0, 0xC532, 0xCD73,
    0xD5B5, 0xD5F6, 0xDE37, 0xDE57, 0xDE78, 0xDE78, 0xDE78, 0xE698,
    0xE698, 0xDE78, 0xDE78, 0xDE57, 0xD616, 0xCDB4, 0xC552, 0xBCF0,
    0xB46E, 0xAC0C, 0x9BAA, 0x9B48, 0x9B48, 0xA389, 0xABCA, 0xB40A,
    0xBC4B, 0xBC6B, 0xC46C, 0xC48C, 0xC48C, 0xC46B, 0xBC4B, 0xBC2A,
    0xBC09, 0xBC09, 0xBBE9, 0xC408, 0xC409, 0xC429, 0xC429, 0xC44A,
    0xC46C, 0xC48E, 0xBCB1, 0xBD13, 0xBD55, 0xBD76, 0xBD98, 0xBDB8,
    0xBDB9, 0xBDD9, 0xBDB9, 0xBDB8, 0xBDB9, 0xBDD9, 0xBDD9, 0xBDD9,
    0xB5D9, 0xC5D8, 0xFD4B, 0xFD4A, 0xF467, 0xF488, 0xF56D, 0xFE0F,
    0xFDAC, 0xFD4B, 0xE3C4, 0xCB02, 0xC303, 0xBA81, 0xB240, 0xAA20,
    0xAA00, 0x99E0, 0x99C0, 0x99E0, 0x99E0, 0x99E0, 0x99C0, 0x99C0,
    0x8980, 0x99C0, 0x9180, 0xA1E0, 0xCB42, 0xECE9, 0xECE9, 0xECC8,
    0xED0A, 0xECE9, 0xED09, 0xED2A, 0xED2A, 0xED09, 0xECE9, 0xED2A,
    0xF54A, 0xED2A, 0xED4B, 0xED0A, 0xCB84, 0xBAA1, 0xAA20, 0xB261,
    0xB241, 0xB261, 0xCB03, 0xDB64, 0xE3E5, 0xFD2C, 0xBDD9, 0xADFC,
    0xB5FB, 0xADFB, 0xADDB, 0xADDB, 0xADDB, 0xADDB, 0xADDB, 0xADDA,
    0xADBA, 0xA5BA, 0xA5BA, 0xA59A, 0xA59A, 0xA59A, 0xA59A, 0xA5BA,
    0xA5BA, 0xA5BA, 0xA5BA, 0xA5BA, 0xA5BA, 0xA5BA, 0xA5BA, 0xA5BA,
    0xA5BA, 0xA5BA, 0xADB9, 0xADB9, 0xADB9, 0xADD9, 0xADD9, 0xADB9,
    0xADDA, 0xADDA, 0xADDA, 0xADB9, 0xA5B9, 0xA598, 0x9D56, 0x9535,
    0x8CF3, 0x7C90, 0x744E, 0x6C0B, 0x63C9, 0x63C8, 0x63C8, 0x6BEA,
    0x6C0D, 0x6BEE, 0x63EE, 0x63EF, 0x63F0, 0x63F0, 0x5BAF, 0x536E,
    0x4B2C, 0x42EA, 0x42CA, 0x42EB, 0x42EB, 0x4B0B, 0x532B, 0x532B,
    0x532B, 0x532A, 0x5309, 0x5308, 0x5327, 0x4B04, 0x4AE0, 0x4B00,
    0x4B00, 0x4B20, 0x4B20, 0x4B20, 0x4B00, 0x42E0, 0x42C0, 0x3A80,
    0x3240, 0x29E0, 0x29C0, 0x21C0, 0x29C0, 0x29E0, 0x29E0, 0x29E0,
    0x2A00, 0x2A01, 0x3221, 0x3221, 0x3222, 0x3222, 0x3222, 0x3222,
    0xD4EA, 0xD4E9, 0xD4A7, 0xD466, 0xC3E7, 0xAB89, 0x932B, 0x72EE,
    0x42D1, 0x0AD4, 0x02F5, 0x02F5, 0x0315, 0x3354, 0x6BB3, 0x8C12,
    0xA471, 0xB48F, 0xC4AE, 0xCCCD, 0xCCAC, 0xC46B, 0xC429, 0xBBE8,
    0xBBA7, 0xBBA8, 0xBBE9, 0xBC2B, 0xBC8D, 0xC4D0, 0xCD32, 0xCD73,
    0xD5B5, 0xD5F6, 0xDE37, 0xDE57, 0xDE78, 0xE678, 0xE699, 0xE699,
    0xE698, 0xE678, 0xDE78, 0xDE57, 0xD5F6, 0xCDB4, 0xC552, 0xBCD0,
    0xB46E, 0xA3EB, 0x9B89, 0x9B48, 0x9B48, 0xA389, 0xABEA, 0xB40A,
    0xBC2B, 0xC44B, 0xC46C, 0xC48C, 0xC46C, 0xC46B, 0xBC4B, 0xBC2A,
    0xBC09, 0xBBE9, 0xBBE9, 0xC409, 0xC409, 0xC429, 0xC429, 0xC44A,
    0xC46C, 0xC48E, 0xBCD1, 0xBD13, 0xBD55, 0xBD76, 0xBD98, 0xBDB8,
    0xBDB8, 0xBDB9, 0xBDB9, 0xBDB8, 0xBDB8, 0xBDD9, 0xBDD9, 0xBDD9,
    0xB5DA, 0xCDB6, 0xFD4B, 0xFD4A, 0xF446, 0xE3C6, 0xDC07, 0xF58C,
    0xFD8C, 0xFD8C, 0xF509, 0xE3E5, 0xD323, 0xC2A1, 0xC2A1, 0xB240,
    0xA200, 0x99C0, 0xA1E0, 0xA200, 0xA200, 0xA1E0, 0x99C0, 0xA1E0,
    0x99C0, 0x91A0, 0xA1C0, 0xB260, 0xDC05, 0xECE9, 0xED0A, 0xED09,
    0xED09, 0xED09, 0xED09, 0xED2A, 0xED2A, 0xED09, 0xED09, 0xF52A,
    0xF54A, 0xF56B, 0xED2A, 0xF52A, 0xED0A, 0xECC9, 0xCB84, 0xAA20,
    0xB261, 0xA200, 0xB261, 0xD364, 0xDBC5, 0xF487, 0xDD31, 0xADBB,
    0xADFB, 0xADFB, 0xADDB, 0xADDB, 0xADDB, 0xADDB, 0xADBB, 0xADBB,
    0xADBA, 0xA5BA, 0xA5BA, 0xA59A, 0xA59A, 0xA59A, 0xA59A, 0xA5BA,
    0xA5BA, 0xA5BA, 0xA5BA, 0xA5BA, 0xA5BA, 0xA5BA, 0xA5BA, 0xA599,
    0xA599, 0xA5B9, 0xA5B9, 0xA5B9, 0xA5B9, 0xADB9, 0xADB9, 0xADB9,
    0xADB9, 0xADB9, 0xADB9, 0xA5B9, 0xA598, 0x9D77, 0x9535, 0x8CF3,
    0x84B1, 0x7C4E, 0x6C0A, 0x63C7, 0x63A5, 0x63C6, 0x6BE8, 0x6C2B,
    0x742D, 0x6C2E, 0x6C0E, 0x6C0F, 0x63EF, 0x63CF, 0x5B8D, 0x4B2B,
    0x42E9, 0x3A87, 0x3246, 0x3267, 0x3AA9, 0x4B0B, 0x534C, 0x536D,
    0x534C, 0x534B, 0x532B, 0x532A, 0x5329, 0x4B07, 0x4AE2, 0x42E0,
    0x42E0, 0x42E0, 0x42E0, 0x42E0, 0x42E0, 0x3AA0, 0x3A80, 0x3240,
    0x2A00, 0x29C0, 0x21A0, 0x21A0, 0x21C0, 0x29C0, 0x29E0, 0x29E0,
    0x2A00, 0x3201, 0x3221, 0x3222, 0x3222, 0x3222, 0x3222, 0x3222,
    0xD4EA, 0xD4E9, 0xDCC7, 0xD466, 0xC3E7, 0xAB89, 0x932C, 0x72EE,
    0x42D1, 0x02D4, 0x02F5, 0x02F5, 0x0315, 0x3354, 0x6BB3, 0x8C12,
    0xA471, 0xBC8F, 0xC4AE, 0xCCCD, 0xCCAC, 0xCC6B, 0xC429, 0xBBE8,
    0xBBC8, 0xBBC8, 0xBBE9, 0xC42B, 0xC48D, 0xC4CF, 0xCD31, 0xCD73,
    0xD5B5, 0xD5F6, 0xDE37, 0xDE57, 0xE678, 0xE678, 0xE699, 0xE699,
    0xE699, 0xE678, 0xDE78, 0xDE57, 0xD5F6, 0xCDB4, 0xC532, 0xBCCF,
    0xB44D, 0xA3EB, 0x9B69, 0x9B48, 0x9B68, 0xA389, 0xABEA, 0xB42B,
    0xBC4B, 0xC44B, 0xC46C, 0xC48C, 0xC46C, 0xC46B, 0xBC4B, 0xBC2A,
    0xBC09, 0xBC09, 0xBBE8, 0xC408, 0xC409, 0xC429, 0xC429, 0xC44A,
    0xC46C, 0xC48E, 0xBCD1, 0xBD13, 0xBD35, 0xBD76, 0xBD98, 0xBDB8,
    0xBDB8, 0xBDB8, 0xBDB8, 0xBDB9, 0xBDB9, 0xBDB9, 0xBDD9, 0xBDD9,
    0xB5DA, 0xD5D5, 0xFD09, 0xF487, 0xE3E5, 0xD323, 0xD324, 0xECC9,
    0xFDCD, 0xFDCD, 0xFDAC, 0xFCE8, 0xDB63, 0xC281, 0xC281, 0xAA00,
    0xA1E0, 0x99E0, 0x99C0, 0x99E0, 0x99E0, 0xA1E0, 0x99E0, 0x99C0,
    0xAA00, 0xA1E0, 0xA1C0, 0xC2C1, 0xE487, 0xECE9, 0xED09, 0xED2A,
    0xED2A, 0xED2A, 0xECE9, 0xED2A, 0xE4A8, 0xD3A4, 0xDBE5, 0xF52A,
    0xF54A, 0xF56B, 0xF52A, 0xF54B, 0xF56B, 0xF52A, 0xED0A, 0xCB64,
    0xBA81, 0xB261, 0xB261, 0xCB03, 0xE3E6, 0xE3C4, 0xF4AA, 0xBDDA,
    0xADFB, 0xADDB, 0xADDB, 0xADDB, 0xADDB, 0xADDB, 0xADBB, 0xADBB,
    0xADBA, 0xA5BA, 0xA5BA, 0xA59A, 0xA59A, 0xA59A, 0xA59A, 0xA5BA,
    0xA5BA, 0xA5BA, 0xA5BA, 0xA5BA, 0xA59A, 0xA599, 0xA599, 0xA598,
    0xA598, 0xA598, 0xA598, 0xA598, 0xA598, 0xA598, 0xA598, 0xA597,
    0xA598, 0xA598, 0xA598, 0xA578, 0x9D57, 0x9536, 0x8D14, 0x84B1,
    0x7C6E, 0x742B, 0x63A7, 0x6383, 0x63A2, 0x63C5, 0x6C29, 0x744C,
    0x746D, 0x744D, 0x744E, 0x6C2E, 0x6C0F, 0x6BEE, 0x5B8C, 0x4B0A,
    0x42C8, 0x3245, 0x2203, 0x2A04, 0x3A88, 0x4B0C, 0x5B6E, 0x5B8E,
    0x5B6E, 0x5B6D, 0x5B6D, 0x5B6D, 0x5B4B, 0x5329, 0x42E4, 0x42C0,
    0x42C0, 0x3AA0, 0x42A0, 0x3AA0, 0x3AA0, 0x3260, 0x3240, 0x2A00,
    0x29E0, 0x21C0, 0x21A0, 0x21A0, 0x21C0, 0x29C0, 0x29E0, 0x29E0,
    0x2A00, 0x3221, 0x3222, 0x3222, 0x3242, 0x3242, 0x3242, 0x3222,
    0xD4EB, 0xD4E9, 0xDCC7, 0xCC46, 0xC3E7, 0xAB89, 0x932C, 0x72CE,
    0x42B1, 0x02D4, 0x02F5, 0x02F5, 0x0315, 0x3B54, 0x6BB3, 0x8C12,
    0xA470, 0xBC8F, 0xC4AE, 0xCCCD, 0xCCCC, 0xCC6B, 0xC42A, 0xBBE9,
    0xBBC8, 0xBBC8, 0xC409, 0xC42B, 0xC46D, 0xC4CF, 0xCD31, 0xCD73,
    0xD5B5, 0xD5F6, 0xDE37, 0xDE57, 0xDE78, 0xE678, 0xE699, 0xE699,
    0xE699, 0xE699, 0xDE78, 0xDE37, 0xD5F6, 0xCD94, 0xC532, 0xBCAF,
    0xB44D, 0xA3CA, 0x9B68, 0x9B48, 0x9B68, 0xA389, 0xB3EA, 0xBC0A,
    0xBC4B, 0xC44B, 0xC46C, 0xC48C, 0xC46B, 0xC46B, 0xBC4B, 0xBC2A,
    0xBC09, 0xBBE9, 0xBBE8, 0xC408, 0xC409, 0xC429, 0xC429, 0xC42A,
    0xC46C, 0xC48E, 0xBCB1, 0xBD13, 0xBD55, 0xBD76, 0xBD98, 0xBDB8,
    0xBDB8, 0xBDB8, 0xBDB8, 0xBDB9, 0xB5B9, 0xB5B9, 0xBDD9, 0xBDD9,
    0xB5DA, 0xD5B5, 0xFC87, 0xF446, 0xE3C5, 0xDB64, 0xCAE3, 0xE448,
    0xFE30, 0xFE0E, 0xFDCD, 0xFD29, 0xDB42, 0xB241, 0xBA81, 0xB240,
    0xAA00, 0xA200, 0x99E0, 0xA200, 0xA200, 0xA200, 0x99C0, 0x91C0,
    0xA1E0, 0xAA20, 0xAA40, 0xD384, 0xE487, 0xECE9, 0xED09, 0xED0A,
    0xED09, 0xED0A, 0xED0A, 0xD427, 0xC323, 0xB260, 0xC2A1, 0xD384,
    0xECA8, 0xF54B, 0xED0A, 0xF54B, 0xF58C, 0xF56C, 0xF54B, 0xF50A,
    0xCB44, 0xC2A2, 0xD323, 0xD323, 0xE3C5, 0xE3E5, 0xF488, 0xCDB7,
    0xADFC, 0xADDB, 0xADDB, 0xADDB, 0xADDB, 0xADBB, 0xADBA, 0xADBA,
    0xADBA, 0xA5BA, 0xA59A, 0xA59A, 0xA59A, 0xA59A, 0xA5BA, 0xA5BA,
    0xA5BA, 0xA5BA, 0xA5BA, 0xA59A, 0xA599, 0xA599, 0x9D78, 0x9D77,
    0x9D77, 0x9D76, 0x9D76, 0x9D76, 0x9D76, 0x9D76, 0x9D76, 0x9D56,
    0x9D56, 0x9D56, 0x9D56, 0x9536, 0x9515, 0x8CF4, 0x84D2, 0x7C90,
    0x742C, 0x6BE8, 0x6383, 0x5B60, 0x63A2, 0x6BE6, 0x7449, 0x7C6B,
    0x7C8C, 0x7C6D, 0x7C6D, 0x744D, 0x742E, 0x6C0C, 0x5B8B, 0x4B28,
    0x42C6, 0x3A84, 0x2A24, 0x3246, 0x3AA9, 0x4B2D, 0x5BB0, 0x63B0,
    0x63B0, 0x63AF, 0x5B8F, 0x5B8E, 0x5B6D, 0x532A, 0x42C6, 0x3AA0,
    0x3A80, 0x3A80, 0x3A80, 0x3A80, 0x3260, 0x3220, 0x2A00, 0x29E0,
    0x21C0, 0x21A0, 0x21A0, 0x21A0, 0x29C0, 0x29E0, 0x2A00, 0x2A00,
    0x2A00, 0x3222, 0x3222, 0x3242, 0x3242, 0x3242, 0x3222, 0x3222,
    0xD4EB, 0xD4E9, 0xD4C7, 0xCC47, 0xBBE7, 0xAB89, 0x8B2C, 0x6ACE,
    0x42B1, 0x02B4, 0x02F5, 0x02F5, 0x0315, 0x3B54, 0x6BB3, 0x8C12,
    0xAC50, 0xBC8F, 0xC4AE, 0xCCCD, 0xCCCC, 0xCC6B, 0xC42A, 0xC409,
    0xBBE8, 0xBBE8, 0xC409, 0xC44B, 0xC46D, 0xC4CF, 0xCD11, 0xCD73,
    0xD5B5, 0xD5F6, 0xDE37, 0xDE57, 0xDE78, 0xE678, 0xE699, 0xE699,
    0xE699, 0xE699, 0xDE78, 0xDE37, 0xD5F5, 0xCD93, 0xC511, 0xBCAF,
    0xAC2D, 0xA3AA, 0x9B48, 0x9B48, 0x9B68, 0xA3A9, 0xB3EA, 0xBC0B,
    0xBC4B, 0xC44B, 0xC46B, 0xC48C, 0xC46B, 0xC44B, 0xBC4A, 0xBC0A,
    0xBC09, 0xBBE9, 0xBBE8, 0xC408, 0xC409, 0xC429, 0xC429, 0xC42A,
    0xC46C, 0xC48E, 0xBCD1, 0xBCF3, 0xBD35, 0xBD76, 0xBD97, 0xBDB8,
    0xBDB8, 0xBDB8, 0xBDB8, 0xBDB8, 0xBDB8, 0xB5B8, 0xBDB8, 0xBDD9,
    0xB5DA, 0xDD92, 0xFCC7, 0xF467, 0xE3C5, 0xDB64, 0xC2A2, 0xE468,
    0xFE70, 0xFDEE, 0xFDCC, 0xFD29, 0xDB63, 0xBA81, 0xCAA1, 0xBA40,
    0xAA20, 0xAA20, 0xAA20, 0xB260, 0x99C0, 0x99C0, 0x91A0, 0x91A0,
    0xA200, 0xBA81, 0xCB83, 0xE446, 0xECC8, 0xECC8, 0xED09, 0xED0A,
    0xED0A, 0xED09, 0xDC68, 0xB281, 0xAA40, 0xAA00, 0xB261, 0xB260,
    0xCB03, 0xDBE5, 0xECC8, 0xF52A, 0xF56B, 0xF58C, 0xF54B, 0xF56B,
    0xDC48, 0xAA20, 0xC2C2, 0xD343, 0xDB84, 0xEC05, 0xFDCD, 0xEE13,
    0xB5DA, 0xADDB, 0xADDB, 0xADDB, 0xADDB, 0xADBB, 0xADBB, 0xADBA,
    0xADBA, 0xA5BA, 0xA5BA, 0xA5BA, 0xA5BA, 0xA5BA, 0xA5BA, 0xA5BA,
    0xA5BA, 0xA5BA, 0xA5BA, 0xA599, 0xA599, 0x9D78, 0x9D77, 0x9D56,
    0x9D55, 0x9D54, 0x9D54, 0x9D54, 0x9D54, 0x9D54, 0x9553, 0x9533,
    0x9534, 0x9514, 0x9514, 0x8CF4, 0x84D3, 0x84B2, 0x7C90, 0x742E,
    0x6BEB, 0x63A6, 0x5B61, 0x5B60, 0x63C3, 0x7406, 0x7C68, 0x7C8B,
    0x7C8B, 0x84AC, 0x84AC, 0x7C8D, 0x744C, 0x6C0B, 0x63A9, 0x5327,
    0x42C5, 0x3AA6, 0x3AA7, 0x3AA9, 0x42EB, 0x536F, 0x63F2, 0x6C12,
    0x6BF2, 0x63D1, 0x63B0, 0x5B8F, 0x534D, 0x4B0A, 0x42C7, 0x3A61,
    0x3240, 0x3240, 0x3240, 0x3240, 0x2A20, 0x2A00, 0x29E0, 0x21C0,
    0x21C0, 0x21A0, 0x21C0, 0x29C1, 0x29E2, 0x2A03, 0x3223, 0x3223,
    0x3222, 0x3222, 0x3222, 0x3222, 0x3242, 0x3222, 0x3222, 0x3221,
    0xD50B, 0xDD09, 0xD4C8, 0xCC67, 0xBBE7, 0xA369, 0x8B0C, 0x6AAE,
    0x3A91, 0x02B4, 0x02D5, 0x02F5, 0x0AF5, 0x4354, 0x73D3, 0x9412,
    0xAC70, 0xBCAF, 0xCCCE, 0xCCED, 0xCCCC, 0xCC8B, 0xC44A, 0xC409,
    0xC3E8, 0xC3E8, 0xC409, 0xC44B, 0xC48C, 0xCCCF, 0xCD11, 0xCD73,
    0xD5B5, 0xD5F6, 0xDE37, 0xDE57, 0xDE78, 0xE699, 0xE699, 0xE699,
    0xE699, 0xE699, 0xDE78, 0xDE37, 0xD5F5, 0xCD93, 0xC511, 0xBC8F,
    0xAC0C, 0xA3AA, 0x9B48, 0x9B48, 0x9B68, 0xA3A9, 0xB3EA, 0xBC2B,
    0xBC4B, 0xC46B, 0xC46B, 0xC48B, 0xC46B, 0xC44B, 0xBC2A, 0xBC0A,
    0xBC09, 0xBBE9, 0xBBE8, 0xC408, 0xC408, 0xC429, 0xC429, 0xC42A,
    0xC46C, 0xC48E, 0xBCB0, 0xBCF2, 0xBD34, 0xBD55, 0xBD76, 0xBD97,
    0xBD97, 0xBD97, 0xBD97, 0xBD97, 0xBDB8, 0xBDB8, 0xBDB8, 0xBDB8,
    0xBDD9, 0xEDF2, 0xFD29, 0xF467, 0xE3E6, 0xDB64, 0xBA40, 0xE468,
    0xFE0E, 0xFDAC, 0xFDCC, 0xFD6A, 0xEC25, 0xCAC1, 0xC260, 0xBA40,
    0xAA20, 0xB240, 0xA200, 0xB220, 0x99C0, 0xA1E0, 0x99C0, 0xAA20,
    0xCB22, 0xE425, 0xEC87, 0xECA8, 0xECE9, 0xECE9, 0xECE9, 0xED09,
    0xED2A, 0xECEA, 0xC324, 0xA1C0, 0xAA00, 0xA200, 0x99C0, 0x99C0,
    0xB261, 0xC2A1, 0xDBE5, 0xF52A, 0xF54B, 0xF56C, 0xF56B, 0xF58C,
    0xF58D, 0xD3C6, 0xBA61, 0xCB02, 0xDB64, 0xDB84, 0xFDAD, 0xFEF6,
    0xCDF8, 0xADDB, 0xADDB, 0xADDB, 0xADDB, 0xADDA, 0xADBA, 0xADBA,
    0xADBA, 0xADBA, 0xA5BA, 0xA5BA, 0xA5BA, 0xA5BA, 0xA5BA, 0xA5BA,
    0xA5BA, 0xA5BA, 0xA5BA, 0xA599, 0xA598, 0x9D77, 0x9D75, 0x9D54,
    0x9553, 0x9532, 0x9532, 0x9531, 0x9531, 0x9531, 0x9531, 0x9511,
    0x8D11, 0x8CF1, 0x8CD1, 0x84B1, 0x7C90, 0x7C6F, 0x744E, 0x6BEC,
    0x63C9, 0x5B84, 0x5B40, 0x5B80, 0x63C3, 0x7425, 0x7C67, 0x84A9,
    0x84CA, 0x84CB, 0x8CCC, 0x84CC, 0x7C8B, 0x744A, 0x6BC8, 0x5B45,
    0x4B05, 0x4B07, 0x4B09, 0x4B0B, 0x4B2D, 0x5BB0, 0x6C12, 0x6C53,
    0x6C53, 0x6C13, 0x63D1, 0x5B8F, 0x534D, 0x4B0A, 0x42A7, 0x3241,
    0x3220, 0x3220, 0x3220, 0x2A20, 0x2A00, 0x29E0, 0x29E0, 0x21C0,
    0x21C0, 0x21C0, 0x29E2, 0x2A04, 0x2A04, 0x3224, 0x3224, 0x3244,
    0x3243, 0x3222, 0x3222, 0x3222, 0x3222, 0x3221, 0x3221, 0x3221,
    0xD50B, 0xDD0A, 0xDCC8, 0xD467, 0xC3E8, 0xA36A, 0x8B0C, 0x62AE,
    0x3A91, 0x02B4, 0x02D5, 0x02F5, 0x0AF5, 0x4353, 0x73D3, 0x9432,
    0xAC70, 0xBCAF, 0xCCCE, 0xCCED, 0xCCCC, 0xCC8B, 0xC44A, 0xC429,
    0xC408, 0xC408, 0xC429, 0xC44A, 0xC48C, 0xCCCE, 0xCD11, 0xCD53,
    0xD5B4, 0xD5F6, 0xDE37, 0xDE57, 0xE678, 0xE699, 0xE699, 0xE6B9,
    0xE699, 0xE699, 0xDE78, 0xDE37, 0xD5D5, 0xCD73, 0xC511, 0xB48E,
    0xABEC, 0x9B89, 0x9B48, 0x9B48, 0xA369, 0xABA9, 0xB3EA, 0xBC2A,
    0xBC4B, 0xC46B, 0xC46B, 0xC48C, 0xC46B, 0xC44B, 0xBC2A, 0xBC0A,
    0xBBE9, 0xBBE9, 0xBBE8, 0xC408, 0xC408, 0xCC29, 0xC429, 0xC42A,
    0xC44B, 0xC48E, 0xBCB0, 0xBCF1, 0xBD13, 0xBD54, 0xBD76, 0xBD76,
    0xBD96, 0xBD97, 0xBD97, 0xBD97, 0xBD97, 0xBD97, 0xBD97, 0xBD97,
    0xC5D7, 0xFE94, 0xFD4A, 0xF467, 0xEBE6, 0xCB03, 0xAA00, 0xE488,
    0xFDED, 0xFDED, 0xFDCD, 0xFDAC, 0xF4C8, 0xD302, 0xCAC1, 0xBA81,
    0xA200, 0xAA20, 0xA1E0, 0xB240, 0xAA00, 0xAA00, 0xBA40, 0xDBA3,
    0xE466, 0xECC8, 0xED09, 0xED0A, 0xECE8, 0xED09, 0xED0A, 0xECE9,
    0xED2A, 0xDC47, 0xB261, 0x99A0, 0x99C0, 0xA1E0, 0x99C0, 0x91A0,
    0xAA00, 0xB241, 0xBAA2, 0xD3A4, 0xECC9, 0xF56C, 0xF58C, 0xFDCD,
    0xFDAD, 0xF56C, 0xDBA4, 0xD323, 0xDBA4, 0xE405, 0xFE0F, 0xFEF4,
    0xDE58, 0xADBB, 0xADDB, 0xADDB, 0xADDA, 0xADDA, 0xADDA, 0xADBA,
    0xADBA, 0xADBA, 0xA5BA, 0xA5BA, 0xA5BA, 0xA5BA, 0xA5BA, 0xA5BA,
    0xA5BA, 0xA5BA, 0xA599, 0xA598, 0x9D77, 0x9D75, 0x9D54, 0x9552,
    0x9551, 0x952F, 0x952E, 0x952E, 0x952E, 0x952E, 0x8D0D, 0x8D0D,
    0x8CEE, 0x8CCE, 0x84AE, 0x7C8E, 0x7C4D, 0x742C, 0x6BEB, 0x63C9,
    0x5B87, 0x5342, 0x5340, 0x5B60, 0x6BC2, 0x7424, 0x8486, 0x8CC7,
    0x8CE9, 0x8D0A, 0x950B, 0x8CEB, 0x84AA, 0x7C68, 0x6BE6, 0x6385,
    0x5B45, 0x5367, 0x536A, 0x536D, 0x538E, 0x5BD0, 0x6C32, 0x7454,
    0x7474, 0x7453, 0x63F2, 0x5B8F, 0x532D, 0x4B0B, 0x3AA7, 0x3241,
    0x2A20, 0x2A20, 0x2A20, 0x2A00, 0x29E0, 0x29E0, 0x29E0, 0x21E0,
    0x21C0, 0x29C1, 0x2A04, 0x2A05, 0x3225, 0x3225, 0x3245, 0x3245,
    0x3244, 0x3223, 0x3201, 0x3200, 0x3200, 0x3200, 0x2A00, 0x2A00,
    0xD50B, 0xDD0A, 0xDCC8, 0xCC47, 0xBBC8, 0xA36A, 0x8AEC, 0x62AE,
    0x3A91, 0x02B4, 0x02D5, 0x02F5, 0x0AF4, 0x4373, 0x73D3, 0x9432,
    0xAC91, 0xBCAF, 0xCCCE, 0xD4ED, 0xCCCC, 0xCC8B, 0xCC4A, 0xC429,
    0xC409, 0xC409, 0xC429, 0xC44A, 0xC46C, 0xCCCE, 0xCD10, 0xCD52,
    0xD5B4, 0xD5F6, 0xDE37, 0xDE57, 0xE678, 0xE699, 0xE699, 0xE699,
    0xE699, 0xE699, 0xDE78, 0xDE37, 0xD5D5, 0xCD73, 0xBCF0, 0xB46E,
    0xA3EB, 0x9B69, 0x9B28, 0x9B48, 0xA368, 0xABA9, 0xB3EA, 0xBC2A,
    0xBC4B, 0xC46B, 0xC46B, 0xC48B, 0xC46B, 0xC44B, 0xBC2A, 0xBC0A,
    0xBBE9, 0xBBE9, 0xBBE8, 0xC408, 0xC408, 0xC429, 0xC429, 0xC429,
    0xC44B, 0xC46D, 0xBC8F, 0xBCD1, 0xBCF2, 0xBD34, 0xBD55, 0xBD55,
    0xBD75, 0xBD75, 0xBD76, 0xBD76, 0xBD76, 0xBD76, 0xBD96, 0xBD97,
    0xC5B6, 0xFED5, 0xFD8B, 0xEBE5, 0xE384, 0xBA81, 0xCB02, 0xFDCD,
    0xFE2F, 0xFDEE, 0xFDCC, 0xFDCC, 0xFD4A, 0xDB83, 0xCAC2, 0xB261,
    0xAA20, 0xAA20, 0xAA20, 0xB240, 0xAA00, 0xAA00, 0xDBC4, 0xECC8,
    0xECA8, 0xF529, 0xF52A, 0xF52A, 0xED09, 0xECE8, 0xECE9, 0xECC9,
    0xDC47, 0xC323, 0xA200, 0x91A0, 0x9180, 0x91A0, 0x8980, 0xA1E0,
    0xAA20, 0x99C0, 0xA1E0, 0xAA40, 0xD343, 0xE426, 0xF54B, 0xFDCD,
    0xFDCD, 0xFDCE, 0xF58C, 0xF52A, 0xF50A, 0xF52A, 0xFE70, 0xFEB2,
    0xF695, 0xB5BA, 0xADBA, 0xADBA, 0xADBA, 0xADBA, 0xADBA, 0xADBA,
    0xADBA, 0xA59A, 0xA59A, 0xA59A, 0xA59A, 0xA59A, 0xA59A, 0xA59A,
    0xA59A, 0xA599, 0xA598, 0xA577, 0x9D75, 0x9D54, 0x9D51, 0x954F,
    0x954D, 0x952C, 0x952A, 0x952A, 0x950A, 0x8D0A, 0x8CEA, 0x8CEA,
    0x84CA, 0x84AB, 0x7C6B, 0x7C4B, 0x742A, 0x6BE9, 0x63C8, 0x5B86,
    0x5343, 0x5320, 0x5320, 0x5B60, 0x6BE1, 0x7C43, 0x84C5, 0x8CE6,
    0x9507, 0x9D28, 0x9528, 0x9508, 0x8CC6, 0x7C65, 0x7403, 0x63C3,
    0x63A5, 0x63A8, 0x5BAB, 0x63CD, 0x63EF, 0x6C10, 0x7452, 0x7C74,
    0x7C74, 0x7433, 0x63F1, 0x5B8F, 0x4B2D, 0x42EB, 0x3A87, 0x3241,
    0x2A20, 0x2A20, 0x2A20, 0x2A00, 0x29E0, 0x29E0, 0x21E0, 0x21C0,
    0x21C0, 0x2A04, 0x3226, 0x3227, 0x3247, 0x3246, 0x3246, 0x3246,
    0x3245, 0x3223, 0x2A01, 0x29E0, 0x29E0, 0x29E0, 0x29E0, 0x29E0,
    0xD4EB, 0xD4CA, 0xD488, 0xC427, 0xB3A8, 0xA34A, 0x82EC, 0x6ACE,
    0x3AB1, 0x02B4, 0x02D4, 0x02F5, 0x0AF4, 0x4373, 0x73D3, 0x9432,
    0xAC70, 0xBCAF, 0xCCCE, 0xD4ED, 0xCCAC, 0xCC8B, 0xC44A, 0xC429,
    0xC409, 0xC409, 0xC429, 0xC42A, 0xCC6C, 0xCCAE, 0xCCF0, 0xCD32,
    0xD594, 0xD5F6, 0xDE37, 0xDE57, 0xE678, 0xE699, 0xE699, 0xE699,
    0xE699, 0xE699, 0xDE78, 0xDE17, 0xD5D5, 0xCD53, 0xBCD0, 0xB44D,
    0xA3CA, 0x9B48, 0x9327, 0x9B48, 0xA368, 0xABA9, 0xB3EA, 0xBC2A,
    0xBC4B, 0xC44B, 0xC46B, 0xC46B, 0xC44B, 0xBC2B, 0xBC2A, 0xBBE9,
    0xBBE9, 0xBBE9, 0xBBE8, 0xC408, 0xC408, 0xC429, 0xC429, 0xC429,
    0xC42B, 0xC46C, 0xBC8E, 0xBCB0, 0xBCF1, 0xBD13, 0xBD34, 0xBD54,
    0xBD54, 0xBD55, 0xBD55, 0xBD75, 0xBD75, 0xBD75, 0xBD75, 0xBD75,
    0xD5F6, 0xFF16, 0xFE2E, 0xF466, 0xF425, 0xEC46, 0xFDAC, 0xFE71,
    0xFE0E, 0xFDED, 0xFDED, 0xFDCD, 0xFD4A, 0xD363, 0xBA60, 0xB241,
    0xA200, 0xAA20, 0xA200, 0xAA00, 0xA1C0, 0xC302, 0xF509, 0xF509,
    0xECC8, 0xECE8, 0xF52A, 0xF52A, 0xED2A, 0xED09, 0xED2A, 0xE467,
    0xCB43, 0xBA81, 0xAA00, 0xA1E0, 0x99C0, 0x91A0, 0x8980, 0xA1E0,
    0xAA20, 0xA200, 0xB240, 0xAA40, 0xB240, 0xBA60, 0xD343, 0xF54A,
    0xFDCD, 0xFDEE, 0xFDEE, 0xFDCE, 0xFDEF, 0xFDEE, 0xFDEE, 0xFE92,
    0xFEF4, 0xCE18, 0xADBA, 0xADB9, 0xAD99, 0xAD99, 0xAD99, 0xAD99,
    0xAD99, 0xA599, 0xA599, 0xA599, 0xA599, 0xA579, 0xA579, 0xA599,
    0xA579, 0xA578, 0xA577, 0x9D75, 0x9D54, 0x9D51, 0x9D4E, 0x9D4B,
    0x9529, 0x9527, 0x9505, 0x9505, 0x9505, 0x8CE5, 0x8CC5, 0x84A5,
    0x8486, 0x7C67, 0x7447, 0x7427, 0x6BE6, 0x6BC5, 0x6384, 0x5B42,
    0x5320, 0x4B20, 0x5320, 0x5B80, 0x6C00, 0x7C81, 0x8CE3, 0x9504,
    0x9D45, 0x9D45, 0x9D45, 0x9525, 0x8CC3, 0x7C81, 0x7420, 0x6BE1,
    0x6BE5, 0x6BE8, 0x6C0B, 0x6C2D, 0x744F, 0x7471, 0x7472, 0x7C73,
    0x7C74, 0x6C33, 0x63D1, 0x536F, 0x4B2D, 0x42CA, 0x3A66, 0x3221,
    0x3220, 0x2A20, 0x2A20, 0x2A00, 0x29E0, 0x29E0, 0x21E0, 0x21C0,
    0x29E2, 0x3226, 0x3A68, 0x3A89, 0x3A89, 0x3A89, 0x3A68, 0x3A67,
    0x3266, 0x3244, 0x2A01, 0x29E0, 0x29E0, 0x29E0, 0x29E0, 0x29E0,
    0xD4EB, 0xD4CA, 0xCC88, 0xC428, 0xBBA8, 0xA36A, 0x930C, 0x7AEE,
    0x52B0, 0x22D3, 0x1AF4, 0x1AF4, 0x2B13, 0x5B73, 0x7BD2, 0x9C31,
    0xAC70, 0xBC8E, 0xCCAD, 0xCCCD, 0xCCAC, 0xCC6B, 0xC44A, 0xC409,
    0xC408, 0xC409, 0xC409, 0xC42A, 0xC46B, 0xCCAD, 0xCCEF, 0xCD31,
    0xCD73, 0xD5D5, 0xDE16, 0xDE57, 0xE658, 0xE678, 0xE698, 0xE698,
    0xE698, 0xE678, 0xDE57, 0xDE16, 0xD5B4, 0xC552, 0xBCD0, 0xAC2D,
    0xA3AA, 0x9B48, 0x9327, 0x9B48, 0xA368, 0xABA9, 0xB3EA, 0xBC0A,
    0xBC2B, 0xC44B, 0xC46B, 0xC46B, 0xC44B, 0xBC2A, 0xBC0A, 0xBBE9,
    0xB3E9, 0xBBE9, 0xBBE8, 0xC408, 0xC408, 0xC428, 0xC429, 0xC429,
    0xC42A, 0xC44C, 0xBC6D, 0xBCAF, 0xBCD0, 0xBCF2, 0xBD13, 0xBD33,
    0xBD33, 0xBD33, 0xBD54, 0xBD54, 0xBD54, 0xBD54, 0xC574, 0xBD54,
    0xDE15, 0xFF15, 0xFE91, 0xFDED, 0xFDED, 0xFE2F, 0xFE2F, 0xFE2F,
    0xFDED, 0xFDCD, 0xFDCD, 0xFDAC, 0xFD8B, 0xEC66, 0xCAE1, 0xBA60,
    0xAA20, 0xB220, 0xAA00, 0xA1E0, 0xBA80, 0xEC87, 0xF54A, 0xF54A,
    0xF529, 0xED09, 0xED09, 0xED09, 0xED09, 0xECE9, 0xECA8, 0xD3A5,
    0xC2E2, 0xB241, 0xA1C0, 0xA1E0, 0xA1E0, 0x99C0, 0x91A0, 0xA1E0,
    0xA1E0, 0x99C0, 0xA1E0, 0xAA00, 0xAA00, 0xBA61, 0xC260, 0xE426,
    0xFDCD, 0xFDED, 0xFE0F, 0xFDEE, 0xFDEE, 0xFE0F, 0xFDAC, 0xFE0E,
    0xFED3, 0xE656, 0xAD99, 0xAD98, 0xAD78, 0xAD78, 0xAD78, 0xAD78,
    0xAD78, 0xA578, 0xA578, 0xA578, 0xA558, 0xA558, 0xA558, 0xA578,
    0xA577, 0xA576, 0xA555, 0x9D53, 0x9D51, 0x9D4E, 0x9D2B, 0x9528,
    0x9D25, 0x9524, 0x9503, 0x9502, 0x8CE2, 0x8CC1, 0x84A0, 0x8480,
    0x7C61, 0x7C21, 0x7402, 0x6BE2, 0x6BC2, 0x63A2, 0x5B81, 0x5B40,
    0x5320, 0x5320, 0x5B60, 0x63C0, 0x7440, 0x84A0, 0x9500, 0x9D41,
    0xA562, 0xA562, 0xA562, 0x9D21, 0x8CE0, 0x84A0, 0x7440, 0x6C00,
    0x7404, 0x7448, 0x7C6B, 0x7C8D, 0x84AF, 0x84B0, 0x7C91, 0x7C72,
    0x7C52, 0x6C12, 0x5B90, 0x534E, 0x4B0C, 0x42A9, 0x3A45, 0x3220,
    0x3220, 0x2A20, 0x2A20, 0x2A00, 0x29E0, 0x29E0, 0x21E0, 0x29E0,
    0x2A04, 0x3A89, 0x42CB, 0x42CB, 0x42CB, 0x42CB, 0x42AA, 0x3A89,
    0x3A67, 0x3225, 0x29E1, 0x29C0, 0x29C0, 0x29C0, 0x29C0, 0x29C0,
    0xD4EB, 0xD4CA, 0xD4A8, 0xCC28, 0xC3C8, 0xB3A9, 0xA36B, 0x932D,
    0x7B0F, 0x5B12, 0x5B33, 0x5333, 0x5B52, 0x7B92, 0x9411, 0xA450,
    0xB46F, 0xC4AE, 0xCCAD, 0xD4CC, 0xCCAC, 0xCC6B, 0xC44A, 0xC409,
    0xC408, 0xCC29, 0xCC29, 0xCC4A, 0xCC6B, 0xCC8D, 0xCCCE, 0xCD10,
    0xD572, 0xD5B4, 0xDDF5, 0xDE36, 0xDE37, 0xE657, 0xE678, 0xE678,
    0xE678, 0xE657, 0xDE36, 0xD5F5, 0xD593, 0xC531, 0xBCAF, 0xB42C,
    0xA3AA, 0x9B48, 0x9B27, 0x9B48, 0xA368, 0xABA9, 0xB3E9, 0xBC0A,
    0xBC2A, 0xC44B, 0xC46B, 0xC46B, 0xC44B, 0xBC2A, 0xBC0A, 0xB3E9,
    0xB3C9, 0xBBE9, 0xBBE8, 0xC408, 0xC408, 0xC408, 0xC409, 0xC409,
    0xC42A, 0xBC4B, 0xBC6D, 0xBC8E, 0xBCAF, 0xBCF1, 0xBD11, 0xC512,
    0xC512, 0xC512, 0xC532, 0xC533, 0xC533, 0xC533, 0xC553, 0xBD33,
    0xEE34, 0xFEF4, 0xFEB3, 0xFE71, 0xFE71, 0xFE2F, 0xFDED, 0xFE0E,
    0xFE0E, 0xFD6B, 0xFDCD, 0xFDCD, 0xFDCC, 0xFD6A, 0xF4E8, 0xE3A3,
    0xC280, 0xB240, 0xA1E0, 0xC2A0, 0xE446, 0xF529, 0xF56A, 0xF58C,
    0xF54A, 0xF52A, 0xED09, 0xED0A, 0xE468, 0xD384, 0xCB23, 0xB282,
    0xA221, 0xB240, 0x99A0, 0xA1E0, 0xA1E0, 0xA1E0, 0x99E0, 0x99C0,
    0x91A0, 0x8980, 0x91A0, 0xAA20, 0xBA40, 0xAA00, 0xC2A1, 0xD302,
    0xF4C8, 0xFDED, 0xFDCD, 0xFE0F, 0xFDEE, 0xFE2F, 0xFE2F, 0xFDCD,
    0xFE91, 0xFF16, 0xCE18, 0xAD57, 0xAD57, 0xAD57, 0xAD57, 0xAD57,
    0xA557, 0xA557, 0xA557, 0xA557, 0xA537, 0xA537, 0xA537, 0xA557,
    0xA556, 0xA555, 0x9D53, 0x9D51, 0x9D4E, 0x9D4B, 0x9D49, 0x9D45,
    0x9D43, 0x9D23, 0x9523, 0x9502, 0x8CE2, 0x8CC0, 0x84A0, 0x7C80,
    0x7C60, 0x7440, 0x7400, 0x6BE0, 0x6BC0, 0x63A0, 0x5B80, 0x5B60,
    0x5360, 0x5B80, 0x63C0, 0x7420, 0x8480, 0x8CE0, 0x9D40, 0xA580,
    0xADA0, 0xADA0, 0xA580, 0x9D40, 0x9500, 0x84C0, 0x7C60, 0x7440,
    0x7C43, 0x8487, 0x84AA, 0x84CC, 0x8CEE, 0x84CF, 0x7C8F, 0x7C70,
    0x7430, 0x63D0, 0x536E, 0x4B0D, 0x42CB, 0x3A68, 0x3243, 0x3220,
    0x3220, 0x3220, 0x2A20, 0x2A00, 0x29E0, 0x29E0, 0x29E0, 0x2A02,
    0x3246, 0x42AA, 0x42EC, 0x430C, 0x4B0D, 0x4B0C, 0x4AEC, 0x42CB,
    0x3A88, 0x3224, 0x29C0, 0x21C0, 0x21C0, 0x29C0, 0x29C0, 0x29E0,
    0xDCCA, 0xDCCA, 0xDCA8, 0xD448, 0xCC08, 0xC3E9, 0xB3AB, 0xA38D,
    0x936E, 0x8370, 0x7B71, 0x7B71, 0x8391, 0x93D1, 0xA430, 0xB44F,
    0xBC8E, 0xCCAD, 0xCCCD, 0xD4CC, 0xD4AC, 0xCC8B, 0xCC4A, 0xCC29,
    0xCC29, 0xCC49, 0xCC49, 0xCC4A, 0xCC6B, 0xCC8C, 0xCCAD, 0xCCEF,
    0xD551, 0xD593, 0xDDD4, 0xDDF5, 0xDE16, 0xDE36, 0xE636, 0xE657,
    0xE637, 0xDE36, 0xDDF5, 0xD5D4, 0xD572, 0xCD10, 0xC4AE, 0xB42B,
    0xABCA, 0xA388, 0xAB88, 0xAB88, 0xABA8, 0xB3C9, 0xBBE9, 0xBC0A,
    0xC42A, 0xC44A, 0xC44B, 0xC46B, 0xC44B, 0xC42A, 0xBC09, 0xBBE9,
    0xB3C8, 0xBBC8, 0xBBE8, 0xC408, 0xC408, 0xC408, 0xC409, 0xC409,
    0xC42A, 0xBC4B, 0xBC4C, 0xBC6D, 0xBC8E, 0xBCCF, 0xBCF0, 0xC4F1,
    0xC4F1, 0xC511, 0xC511, 0xC511, 0xC511, 0xC531, 0xC532, 0xC532,
    0xF58E, 0xFE72, 0xFEB3, 0xFE71, 0xFE71, 0xFE0D, 0xFDED, 0xFE0E,
    0xFDED, 0xFD8C, 0xFE30, 0xFDED, 0xFDED, 0xFDAC, 0xFD6B, 0xF4C7,
    0xE3C4, 0xD322, 0xC2E1, 0xEC87, 0xFD6A, 0xF54A, 0xFD8B, 0xFD8B,
    0xF56B, 0xF56B, 0xF54A, 0xE4A8, 0xB281, 0xA1E0, 0xAA20, 0xAA00,
    0x91A0, 0x99C0, 0xA1E0, 0xA1E0, 0xA200, 0xA200, 0xAA00, 0x99C0,
    0x99C0, 0x99C0, 0xA1C0, 0x99C0, 0xB261, 0xC281, 0xC2A1, 0xC2A1,
    0xD342, 0xFD6B, 0xFDCC, 0xFDEE, 0xFE0F, 0xFE0F, 0xF5EF, 0xF4C9,
    0xF4E9, 0xFDEE, 0xEE33, 0xAD36, 0xAD36, 0xAD36, 0xAD36, 0xA516,
    0xA516, 0xA536, 0xA516, 0xA515, 0xA515, 0xA515, 0xA515, 0xA515,
    0xA514, 0x9D12, 0x9D31, 0x9D2E, 0x9D2C, 0x9D29, 0x9D46, 0x9D43,
    0x9D42, 0x9D42, 0x9D22, 0x9502, 0x94E0, 0x8CC0, 0x84A0, 0x7C80,
    0x7C60, 0x7440, 0x7420, 0x6C00, 0x6BE0, 0x63A0, 0x5B80, 0x5B80,
    0x5B80, 0x63C0, 0x7420, 0x7C60, 0x8CE0, 0x9D20, 0xA580, 0xADC0,
    0xB5E0, 0xB5E0, 0xADA0, 0x9D60, 0x9520, 0x8CE0, 0x84A0, 0x7C80,
    0x8483, 0x8CC6, 0x8CE9, 0x8CEB, 0x8CEC, 0x8CCD, 0x7C8D, 0x742D,
    0x6BEE, 0x5B8D, 0x4B2D, 0x42CB, 0x3A89, 0x3246, 0x3221, 0x2A20,
    0x2A20, 0x3220, 0x3220, 0x3220, 0x3220, 0x2A00, 0x3220, 0x3244,
    0x3A88, 0x42EC, 0x4B2D, 0x4B2D, 0x4B2D, 0x4B2D, 0x4B2D, 0x430C,
    0x3AA9, 0x3203, 0x29C0, 0x21A0, 0x21C0, 0x21C0, 0x29C0, 0x29E0,
    0xDCCA, 0xDCC9, 0xDCA8, 0xD468, 0xD428, 0xCC09, 0xC3EA, 0xBBEC,
    0xABCD, 0x9BAF, 0x9BB0, 0x9BB0, 0x9BD0, 0xA3EF, 0xB42F, 0xBC6E,
    0xC48D, 0xCCAD, 0xD4CC, 0xD4CC, 0xD4AB, 0xD48A, 0xD469, 0xCC49,
    0xCC29, 0xCC49, 0xCC49, 0xCC69, 0xCC6A, 0xCC8B, 0xCCAD, 0xD4EE,
    0xD530, 0xDD71, 0xDDB2, 0xDDD3, 0xDDF4, 0xDE15, 0xDE15, 0xE615,
    0xE615, 0xDE15, 0xDDD4, 0xDDB3, 0xD551, 0xCD0F, 0xC4AD, 0xBC4B,
    0xB3E9, 0xB3A8, 0xB3C8, 0xB3C8, 0xB3C8, 0xBBE9, 0xBC09, 0xC42A,
    0xC44A, 0xCC4A, 0xCC6A, 0xCC6B, 0xC46A, 0xC44A, 0xC429, 0xBBE9,
    0xBBE8, 0xBBC8, 0xBBE8, 0xC408, 0xC408, 0xC408, 0xC409, 0xC409,
    0xC42A, 0xBC4B, 0xBC4C, 0xBC6D, 0xBC8E, 0xBCAF, 0xC4D0, 0xC4F0,
    0xC510, 0xC511, 0xC511, 0xC511, 0xC511, 0xC531, 0xC531, 0xD530,
    0xFCA8, 0xFD8C, 0xFEB2, 0xFE91, 0xFE70, 0xFDED, 0xFDAC, 0xFDAC,
    0xF50A, 0xEC88, 0xFDAD, 0xFDCD, 0xFDCD, 0xFD6A, 0xFD6A, 0xFD6A,
    0xFD4A, 0xF4A6, 0xF4C7, 0xFD6A, 0xF54A, 0xFD6B, 0xFD8B, 0xFD6A,
    0xF56A, 0xF54A, 0xE4A8, 0xCB64, 0xB220, 0x99A0, 0x9180, 0xAA00,
    0x99A0, 0x91A0, 0xA200, 0xA200, 0xA1E0, 0xA1E0, 0xA1E0, 0x91A0,
    0x99C0, 0xA200, 0xA1E0, 0xA1E0, 0xB240, 0xC2A1, 0xB240, 0xCAA1,
    0xCAC1, 0xEC87, 0xFDAC, 0xFE0E, 0xFE30, 0xFE30, 0xF58D, 0xCB44,
    0xE384, 0xF426, 0xFD6C, 0xC574, 0xA4F4, 0xACF4, 0xA4F4, 0xA4F4,
    0xA4F4, 0xA4F4, 0xA4F4, 0xA4D4, 0xA4D4, 0xA4D4, 0xA4B3, 0x9CD2,
    0x9CD1, 0x9CF0, 0x9CEE, 0x950B, 0x9509, 0x9D26, 0x9D44, 0x9D42,
    0x9D42, 0x9D22, 0x9522, 0x9501, 0x9500, 0x8CC0, 0x84A0, 0x7C80,
    0x7C60, 0x7440, 0x7420, 0x6C00, 0x6BE0, 0x63C0, 0x63A0, 0x5BA0,
    0x63C0, 0x6C00, 0x7C60, 0x84C0, 0x9500, 0xA560, 0xADC0, 0xB600,
    0xBE00, 0xB600, 0xADC0, 0xA580, 0x9520, 0x8D00, 0x84C0, 0x84C0,
    0x8CE1, 0x94E5, 0x94E7, 0x94E9, 0x8CEA, 0x84CB, 0x7C6B, 0x740B,
    0x63AB, 0x5B4B, 0x4AEB, 0x3A89, 0x3A47, 0x3223, 0x2A20, 0x3220,
    0x3240, 0x3240, 0x3240, 0x3260, 0x3260, 0x3240, 0x3A61, 0x3A85,
    0x42C9, 0x4B0C, 0x4B2C, 0x532D, 0x532D, 0x4B2D, 0x4B2C, 0x4B0C,
    0x42A9, 0x3203, 0x21A0, 0x21A0, 0x21C0, 0x29C0, 0x29C0, 0x29E0,
    0xDCCA, 0xDCC9, 0xDCA9, 0xDC68, 0xD448, 0xD429, 0xCC2A, 0xC40B,
    0xBC0C, 0xB3EE, 0xB3EE, 0xB40E, 0xB40E, 0xBC2E, 0xC44E, 0xCC6D,
    0xCC8D, 0xD4AC, 0xD4CC, 0xD4CB, 0xD4AB, 0xD48A, 0xD469, 0xD449,
    0xD449, 0xD469, 0xD469, 0xD469, 0xD46A, 0xD48B, 0xD4AC, 0xD4ED,
    0xD50E, 0xDD50, 0xDD71, 0xDD92, 0xDDB2, 0xDDD3, 0xDDD3, 0xDDD3,
    0xDDF3, 0xDDD3, 0xDDB2, 0xDD71, 0xD530, 0xD4EE, 0xCCAD, 0xC46B,
    0xC409, 0xBBE8, 0xBBE8, 0xBBE8, 0xBC08, 0xC409, 0xC429, 0xCC4A,
    0xCC4A, 0xCC6A, 0xCC6A, 0xCC6A, 0xCC4A, 0xC44A, 0xC429, 0xC409,
    0xBBE8, 0xBBE8, 0xC3E8, 0xC408, 0xC408, 0xCC28, 0xC409, 0xC409,
    0xC42A, 0xBC4B, 0xBC4C, 0xBC6D, 0xBCAE, 0xBCAF, 0xC4D0, 0xC510,
    0xC511, 0xC511, 0xC531, 0xC531, 0xC531, 0xC531, 0xC531, 0xE54F,
    0xFC46, 0xF56C, 0xFED3, 0xFDCC, 0xF4E9, 0xDC06, 0xDC06, 0xEC26,
    0xDB84, 0xD323, 0xDC27, 0xF54B, 0xFD4A, 0xFD6A, 0xFDCC, 0xFDAB,
    0xFD4A, 0xFD49, 0xFDAB, 0xFD4A, 0xFD4A, 0xFD8B, 0xFD6A, 0xFD8B,
    0xFD6B, 0xE426, 0xB281, 0xBAA1, 0xBA81, 0xAA00, 0x91A0, 0x8960,
    0x7100, 0x8980, 0xBA60, 0xB260, 0xB240, 0xAA20, 0xA1E0, 0xA1E0,
    0xA1E0, 0xA1E0, 0xAA21, 0xB261, 0xB261, 0xBA61, 0xB240, 0xAA20,
    0xBA60, 0xE405, 0xFDED, 0xFE0E, 0xFE50, 0xF58D, 0xE489, 0xCB24,
    0xCB02, 0xEBE5, 0xFCA7, 0xE56F, 0xA4D3, 0xA4D2, 0xA4B2, 0xA4B2,
    0xA4B2, 0xA4B2, 0xA4B2, 0xA4B2, 0xA4B2, 0x9C92, 0x9C71, 0x9C70,
    0x9C8E, 0x94AD, 0x94AB, 0x94C9, 0x9506, 0x9504, 0x9523, 0x9522,
    0x9522, 0x9522, 0x9521, 0x9500, 0x8CE0, 0x84C0, 0x8480, 0x7C60,
    0x7C60, 0x7440, 0x7420, 0x6C00, 0x6BE0, 0x63E0, 0x63C0, 0x63C0,
    0x6BE0, 0x7420, 0x7C80, 0x8CE0, 0x9D40, 0xA580, 0xB5E0, 0xBE20,
    0xBE20, 0xB600, 0xADC0, 0xA580, 0x9D40, 0x9500, 0x8D00, 0x9500,
    0x9520, 0x9521, 0x9504, 0x8CC6, 0x8CC7, 0x8488, 0x7C49, 0x6BE9,
    0x5B89, 0x5308, 0x42A8, 0x3247, 0x3203, 0x2A00, 0x3220, 0x3240,
    0x3260, 0x3A80, 0x3A80, 0x3AA0, 0x3A80, 0x3A80, 0x3A80, 0x42C5,
    0x4B09, 0x532B, 0x534C, 0x534C, 0x534C, 0x4B2C, 0x4B2C, 0x4B0C,
    0x42A9, 0x3203, 0x21A0, 0x21A0, 0x29C0, 0x29C0, 0x29C0, 0x29E0,
    0xDCA9, 0xDCA9, 0xDC88, 0xDC68, 0xDC69, 0xD449, 0xD44A, 0xCC2A,
    0xC42B, 0xC42C, 0xC42C, 0xC42C, 0xC42C, 0xC44C, 0xCC6C, 0xCC8C,
    0xD48C, 0xD4AB, 0xDCCB, 0xDCAB, 0xD48A, 0xD48A, 0xD469, 0xD449,
    0xD469, 0xD469, 0xD469, 0xD469, 0xD469, 0xD48A, 0xD4AB, 0xD4CC,
    0xD4ED, 0xDD0E, 0xDD4F, 0xDD50, 0xDD70, 0xDD71, 0xDD71, 0xDD91,
    0xDD91, 0xDD91, 0xDD70, 0xD52F, 0xD50E, 0xD4CD, 0xCC8B, 0xCC6A,
    0xCC29, 0xC408, 0xC408, 0xC408, 0xC408, 0xCC29, 0xCC49, 0xCC49,
    0xCC69, 0xCC6A, 0xCC6A, 0xCC6A, 0xCC4A, 0xC449, 0xC429, 0xC408,
    0xC3E8, 0xC3E8, 0xC408, 0xC408, 0xCC28, 0xCC29, 0xC409, 0xC409,
    0xC42A, 0xBC4B, 0xBC6C, 0xBC8E, 0xBCAF, 0xBCCF, 0xC4F0, 0xC511,
    0xC511, 0xC531, 0xC531, 0xC531, 0xC531, 0xC531, 0xC531, 0xF4CA,
    0xFCC8, 0xFEB3, 0xFE2F, 0xF425, 0xDB43, 0xBA81, 0xC2E3, 0xD343,
    0xCAC2, 0xB220, 0xBAA2, 0xEC88, 0xFD4A, 0xFDAC, 0xFDAC, 0xFD6A,
    0xFD6B, 0xFD8B, 0xFDCC, 0xFD6A, 0xFD6B, 0xFD4A, 0xFD8B, 0xFD6B,
    0xE467, 0xC2A1, 0xAA20, 0xB241, 0xBA61, 0xB220, 0xA200, 0x8980,
    0x7920, 0x8160, 0xA200, 0xBA60, 0xB240, 0xBA60, 0xBA60, 0xB220,
    0xAA00, 0xA200, 0xBA61, 0xC2C2, 0xBAA1, 0xAA20, 0xB240, 0xB240,
    0xB240, 0xCAE1, 0xF54A, 0xFE2F, 0xFE50, 0xF58E, 0xC2C2, 0xCAE2,
    0xD323, 0xE3A4, 0xF426, 0xFD2A, 0xB4D1, 0x9C91, 0xA491, 0xA491,
    0xA491, 0xA471, 0xA470, 0xA470, 0x9C70, 0x9C4F, 0x9C4E, 0x944D,
    0x946C, 0x946B, 0x9489, 0x94A6, 0x94C4, 0x94E2, 0x94E1, 0x9500,
    0x9500, 0x9500, 0x8D00, 0x8CE0, 0x84A0, 0x8480, 0x7C60, 0x7C40,
    0x7420, 0x7400, 0x6C00, 0x6BE0, 0x63E0, 0x63E0, 0x63E0, 0x63E0,
    0x6C00, 0x7440, 0x7C80, 0x8CE0, 0x9D40, 0xADA0, 0xB5E0, 0xBE20,
    0xBE20, 0xB600, 0xADE0, 0xA5A0, 0x9D60, 0x9540, 0x9540, 0x9D40,
    0x9D40, 0x9D40, 0x9500, 0x8CC2, 0x84A4, 0x7C65, 0x7406, 0x6BA6,
    0x5B46, 0x4AC5, 0x3A65, 0x3203, 0x2A01, 0x2A20, 0x3240, 0x3260,
    0x3A80, 0x3AA0, 0x42C0, 0x42C0, 0x42C0, 0x42A0, 0x42C0, 0x4AE5,
    0x4B09, 0x532B, 0x534B, 0x534B, 0x532C, 0x532C, 0x4B2C, 0x4B0B,
    0x42A9, 0x3225, 0x29C0, 0x29C0, 0x29C0, 0x29E0, 0x29E0, 0x29E0,
    0xD448, 0xD468, 0xD468, 0xD468, 0xD448, 0xD449, 0xD449, 0xCC49,
    0xCC4A, 0xCC4A, 0xCC4A, 0xCC4A, 0xCC4A, 0xCC4A, 0xCC4B, 0xD46A,
    0xD46A, 0xD48A, 0xD48A, 0xD469, 0xD469, 0xD449, 0xD448, 0xD448,
    0xD448, 0xD448, 0xD448, 0xD448, 0xD448, 0xD469, 0xD469, 0xD48A,
    0xD4AB, 0xD4CC, 0xDCEC, 0xDD0D, 0xDD0E, 0xDD0E, 0xDD0E, 0xDD0E,
    0xDD0E, 0xDD0E, 0xD50E, 0xD4ED, 0xD4CC, 0xCC8B, 0xCC6A, 0xCC49,
    0xCC28, 0xCC28, 0xCC28, 0xCC28, 0xCC28, 0xCC29, 0xCC49, 0xCC49,
    0xCC69, 0xCC69, 0xCC69, 0xCC49, 0xCC49, 0xC429, 0xC408, 0xC408,
    0xC3E8, 0xC3E8, 0xC3E8, 0xC408, 0xCC29, 0xCC29, 0xC429, 0xC429,
    0xC42A, 0xC44B, 0xBC6D, 0xBC8E, 0xBCAF, 0xC4F0, 0xC510, 0xC511,
    0xC531, 0xC531, 0xCD31, 0xC551, 0xC551, 0xC552, 0xD530, 0xFCA8,
    0xFCC8, 0xFEB3, 0xFDAD, 0xEBC4, 0xCAE2, 0xB241, 0xC2C2, 0xCAE2,
    0xBA81, 0xB261, 0xBA60, 0xDC06, 0xF50A, 0xECC9, 0xECC9, 0xF52A,
    0xFD8B, 0xFDAC, 0xFDAB, 0xFDAB, 0xFD8B, 0xFD6A, 0xFD6B, 0xF52A,
    0xCB22, 0xA9E0, 0xB240, 0xB261, 0xBA40, 0xA1E0, 0x99A0, 0xAA00,
    0xAA00, 0xAA20, 0xA1E0, 0xAA00, 0xAA20, 0xBA60, 0xC2A0, 0xC2A0,
    0xBA81, 0xAA20, 0xBA81, 0xCAC2, 0xC2A1, 0xBA81, 0xB240, 0xAA20,
    0xBA81, 0xC2A1, 0xEC87, 0xFE2E, 0xFE0F, 0xF52B, 0xBA82, 0xBA61,
    0xCB03, 0xD323, 0xDB64, 0xFC66, 0xED2D, 0xA490, 0xA490, 0xA470,
    0x9C70, 0x9C70, 0x9C70, 0x9C50, 0x9C4F, 0x9C4E, 0x942D, 0x942C,
    0x8C2A, 0x8C49, 0x8C47, 0x8C85, 0x8CA2, 0x84A0, 0x8CC0, 0x8CC0,
    0x8CC0, 0x84C0, 0x84A0, 0x8480, 0x7C60, 0x7C40, 0x7440, 0x7420,
    0x6C00, 0x6BE0, 0x6BE0, 0x63C0, 0x63C0, 0x63C0, 0x63C0, 0x63E0,
    0x6C00, 0x7420, 0x7C80, 0x8CE0, 0x9D40, 0xADA0, 0xB5E0, 0xBE20,
    0xBE20, 0xB600, 0xADE0, 0xADC0, 0xA580, 0x9D60, 0x9D60, 0x9D60,
    0x9D60, 0x9D40, 0x9500, 0x8CA0, 0x7C60, 0x7401, 0x6BC2, 0x5B63,
    0x5303, 0x42A3, 0x3242, 0x2A01, 0x2A00, 0x3220, 0x3260, 0x3A80,
    0x42A0, 0x42C0, 0x42E0, 0x42E0, 0x42E0, 0x42C0, 0x4AE0, 0x4B05,
    0x5328, 0x532A, 0x534A, 0x532B, 0x532B, 0x532B, 0x4B0B, 0x4AEB,
    0x42A9, 0x3225, 0x29C1, 0x29C1, 0x29E2, 0x29E2, 0x29E1, 0x29E0,
    0xCC07, 0xCC07, 0xCC08, 0xCC08, 0xCC28, 0xCC28, 0xCC28, 0xCC28,
    0xCC49, 0xD449, 0xD449, 0xD449, 0xD449, 0xD449, 0xD449, 0xD449,
    0xD449, 0xD448, 0xCC48, 0xCC28, 0xCC28, 0xCC28, 0xCC28, 0xCC28,
    0xCC28, 0xCC28, 0xCC28, 0xCC28, 0xCC28, 0xCC28, 0xCC28, 0xCC48,
    0xD449, 0xD469, 0xD469, 0xD48A, 0xD48A, 0xD48A, 0xD48A, 0xD48A,
    0xD48A, 0xD48A, 0xD48A, 0xD48A, 0xCC6A, 0xCC49, 0xCC28, 0xCC28,
    0xCC28, 0xCC28, 0xCC28, 0xCC28, 0xCC28, 0xCC28, 0xCC28, 0xCC49,
    0xCC49, 0xCC49, 0xCC49, 0xCC49, 0xCC29, 0xC429, 0xC408, 0xC3E8,
    0xC3E8, 0xC3E8, 0xC3E8, 0xC408, 0xC429, 0xCC29, 0xC429, 0xC429,
    0xC44A, 0xC44C, 0xBC6D, 0xBC8E, 0xBCCF, 0xC4F0, 0xC531, 0xC531,
    0xCD31, 0xCD31, 0xCD52, 0xC552, 0xC552, 0xC552, 0xE52E, 0xF405,
    0xFD2B, 0xFEB2, 0xF4C8, 0xE384, 0xCAE2, 0xBAA2, 0xC2C2, 0xC281,
    0xBA81, 0xA1E0, 0xB240, 0xCB64, 0xBAC2, 0xCB03, 0xCB03, 0xE488,
    0xF54B, 0xFD6A, 0xFD8B, 0xFD8B, 0xFDAB, 0xFD6A, 0xFD8B, 0xEC87,
    0xBA60, 0xA1E0, 0xC280, 0xBA61, 0xAA00, 0xA1E0, 0x99E0, 0xB240,
    0xC2A1, 0xC281, 0xAA20, 0xAA20, 0xBA60, 0xC2A1, 0xC281, 0xCAC1,
    0xBA81, 0xBA60, 0xB240, 0xBA61, 0xBA61, 0xC2A1, 0xC2C2, 0xA200,
    0xB241, 0xCAA1, 0xEC46, 0xFE0E, 0xFE0E, 0xF52B, 0xCB03, 0xB241,
    0xBA61, 0xC2A2, 0xCB03, 0xE3A4, 0xFD0A, 0xBCF0, 0x9C71, 0xA470,
    0x9C70, 0x9C50, 0x9C70, 0x9C4F, 0x944E, 0x942D, 0x942C, 0x8C2B,
    0x8429, 0x8428, 0x8426, 0x7C24, 0x7C60, 0x7C60, 0x7C80, 0x7C80,
    0x7C60, 0x7C60, 0x7C40, 0x7440, 0x7420, 0x7400, 0x6C00, 0x6BE0,
    0x6BE0, 0x6BC0, 0x63C0, 0x63C0, 0x63A0, 0x63A0, 0x5BA0, 0x63A0,
    0x63C0, 0x7400, 0x7C60, 0x8CC0, 0x9D20, 0xA580, 0xB5E0, 0xB600,
    0xB600, 0xB600, 0xADE0, 0xADC0, 0xA5A0, 0xA5A0, 0xA580, 0x9D80,
    0x9D60, 0x9520, 0x8CE0, 0x8480, 0x7420, 0x6BC0, 0x5B60, 0x4B00,
    0x42C0, 0x3A61, 0x3221, 0x2A20, 0x2A20, 0x3240, 0x3A80, 0x3AA0,
    0x42C0, 0x42E0, 0x4B00, 0x4B00, 0x4B00, 0x4AE0, 0x4B00, 0x4B04,
    0x5307, 0x5329, 0x534A, 0x532A, 0x532B, 0x4B0B, 0x4AEA, 0x4ACA,
    0x3A88, 0x3225, 0x29E2, 0x29E2, 0x3203, 0x3223, 0x3224, 0x3223,
    0xBBA7, 0xBBA7, 0xC3A7, 0xC3C7, 0xC3C7, 0xC3E7, 0xC3E7, 0xC3E8,
    0xC3E8, 0xCC08, 0xCC08, 0xCC08, 0xCC08, 0xCC08, 0xCC08, 0xC408,
    0xC408, 0xC3E7, 0xC3E7, 0xC3E7, 0xC3E7, 0xC3E7, 0xC3E7, 0xCBE7,
    0xCBE7, 0xCC07, 0xCC07, 0xCC07, 0xCBE7, 0xCC07, 0xCC07, 0xCC07,
    0xCC07, 0xCC07, 0xCC07, 0xCC08, 0xCC08, 0xCC08, 0xC408, 0xCC08,
    0xCC08, 0xCC28, 0xCC28, 0xCC28, 0xCC28, 0xCC08, 0xCC28, 0xCC28,
    0xCC28, 0xCC28, 0xCC28, 0xCC28, 0xCC28, 0xCC28, 0xCC28, 0xCC29,
    0xCC29, 0xCC49, 0xCC49, 0xCC49, 0xC429, 0xC409, 0xC3E8, 0xBBE8,
    0xBBC8, 0xBBE8, 0xC3E8, 0xC408, 0xC429, 0xCC29, 0xC429, 0xC42A,
    0xC44B, 0xC46C, 0xBC8D, 0xBCAE, 0xBCCF, 0xC4F0, 0xC531, 0xCD31,
    0xCD31, 0xCD31, 0xCD52, 0xCD52, 0xC552, 0xCD52, 0xF4CA, 0xFCA8,
    0xFE91, 0xFE0E, 0xEC05, 0xDB64, 0xC2A2, 0xCAE2, 0xBAA2, 0xBA81,
    0xAA00, 0x99C0, 0xAA20, 0xB240, 0xB240, 0xBA60, 0xB240, 0xCB43,
    0xDC06, 0xF54B, 0xFD8B, 0xFDAB, 0xFD8B, 0xFD8B, 0xFD8B, 0xE3E5,
    0xB240, 0xB240, 0xC260, 0xAA20, 0x99C0, 0x99C0, 0xA200, 0xB241,
    0xCAE2, 0xCAC1, 0xB260, 0xB240, 0xBA81, 0xCAC2, 0xBA81, 0xC2C1,
    0xC281, 0xCAA1, 0xBA81, 0xAA20, 0xB240, 0xBA81, 0xC2C2, 0xBA81,
    0xB240, 0xD2E1, 0xEC26, 0xFDEE, 0xFDEE, 0xE4A9, 0xD365, 0xC2C2,
    0xA201, 0xB261, 0xD323, 0xE3C5, 0xFCA7, 0xED4E, 0xA490, 0x9C71,
    0x9C71, 0x9C71, 0x9C70, 0x944F, 0x944E, 0x942D, 0x8C2C, 0x842A,
    0x8408, 0x7C06, 0x7C05, 0x7402, 0x7420, 0x7420, 0x7420, 0x7420,
    0x7400, 0x6BE0, 0x6BE0, 0x6BC0, 0x6BC0, 0x63C0, 0x63A0, 0x63A0,
    0x63A0, 0x6380, 0x6380, 0x63A0, 0x5B80, 0x5B80, 0x5B60, 0x5B60,
    0x5B80, 0x6BE0, 0x7420, 0x84A0, 0x9500, 0x9D60, 0xADA0, 0xB5E0,
    0xB5E0, 0xB5E0, 0xADE0, 0xADC0, 0xA5A0, 0xA5A0, 0xA5A0, 0xA580,
    0x9D60, 0x9500, 0x8CC0, 0x7C60, 0x7400, 0x6380, 0x5320, 0x42C0,
    0x3A60, 0x3220, 0x3220, 0x3220, 0x3220, 0x3240, 0x3A80, 0x42C0,
    0x42E0, 0x4B00, 0x4B00, 0x4B20, 0x4B00, 0x4B00, 0x4B00, 0x4B02,
    0x5306, 0x5327, 0x5328, 0x532A, 0x4B0A, 0x4AEA, 0x4AC9, 0x42A9,
    0x3A88, 0x3245, 0x3224, 0x3246, 0x3246, 0x3A67, 0x3A67, 0x3A67,
    0xB366, 0xB366, 0xB366, 0xB366, 0xB386, 0xB387, 0xB387, 0xB387,
    0xBB86, 0xBB87, 0xBBA7, 0xBBA7, 0xBBA7, 0xBBA7, 0xBBA7, 0xB387,
    0xB387, 0xB386, 0xB386, 0xB366, 0xB366, 0xBB86, 0xBB86, 0xBB86,
    0xBB86, 0xBBA6, 0xBBA6, 0xBBA6, 0xBBA6, 0xBBA6, 0xBBA6, 0xC3A7,
    0xC3C7, 0xC3C7, 0xC3C7, 0xC3C7, 0xC3C7, 0xC3C7, 0xC3C7, 0xC3C7,
    0xC3C7, 0xBBC7, 0xBBC7, 0xC3E7, 0xC3E7, 0xC3E7, 0xC3E7, 0xC3E8,
    0xC408, 0xC408, 0xC408, 0xC408, 0xC408, 0xC408, 0xC408, 0xC428,
    0xC429, 0xC429, 0xC429, 0xC429, 0xC429, 0xC408, 0xBBE8, 0xBBE8,
    0xBBC8, 0xBBC8, 0xC3E8, 0xC408, 0xCC29, 0xCC29, 0xC429, 0xC42A,
    0xC44B, 0xC46C, 0xC48D, 0xC4AE, 0xC4D0, 0xC4F0, 0xC531, 0xCD31,
    0xCD52, 0xCD32, 0xCD52, 0xCD52, 0xC552, 0xDD2F, 0xFCA8, 0xFD6B,
    0xFEB2, 0xFE2E, 0xFC87, 0xCB03, 0xBAA1, 0xCAE2, 0xC2C2, 0xC281,
    0xA1C0, 0xA1E0, 0xB220, 0xB240, 0xA200, 0xBA61, 0xC280, 0xBA60,
    0xC2E2, 0xECC9, 0xFD8B, 0xFD8B, 0xFDAB, 0xFD6A, 0xFD8B, 0xE405,
    0xBA40, 0xAA20, 0xB220, 0xAA20, 0xA200, 0xAA00, 0xB241, 0xB241,
    0xC2A1, 0xC2A1, 0xBA61, 0xBA81, 0xC2A1, 0xB261, 0x99A0, 0xB220,
    0xAA00, 0xCAC1, 0xD343, 0xCAE2, 0xCAC1, 0xBA81, 0xB240, 0xC2A1,
    0xC2A1, 0xD342, 0xF509, 0xFDEE, 0xFE2F, 0xDC28, 0xBA82, 0xC2C2,
    0xB262, 0xBA82, 0xD343, 0xE3C5, 0xEC26, 0xFD4A, 0xD550, 0x9C71,
    0xA491, 0x9C71, 0x9C70, 0x944F, 0x944D, 0x8C2C, 0x8C2B, 0x8409,
    0x7C07, 0x7C05, 0x73E3, 0x7400, 0x6BE0, 0x6BE0, 0x6BE0, 0x6BC0,
    0x63A0, 0x6380, 0x5B60, 0x5B60, 0x5B60, 0x5B40, 0x5B40, 0x5B40,
    0x5B40, 0x5B40, 0x5B60, 0x5B60, 0x5B60, 0x5B60, 0x5340, 0x5320,
    0x5B40, 0x6381, 0x6BE0, 0x7C60, 0x8CC0, 0x9520, 0xA560, 0xADA0,
    0xADC0, 0xADC0, 0xADC0, 0xADC0, 0xA5A0, 0xA5A0, 0xA5A0, 0xA580,
    0x9D40, 0x8CE0, 0x8480, 0x7C40, 0x6BC0, 0x5B40, 0x4AC0, 0x3A80,
    0x3220, 0x3220, 0x3220, 0x3240, 0x3240, 0x3260, 0x3A80, 0x42C0,
    0x42E0, 0x4B00, 0x4B00, 0x4B20, 0x4B20, 0x4B00, 0x4AE0, 0x4AE1,
    0x4B05, 0x5306, 0x5307, 0x4B08, 0x4AE9, 0x4AC8, 0x42A8, 0x42A8,
    0x3A88, 0x3A67, 0x3A67, 0x3A89, 0x42A9, 0x42AA, 0x42CA, 0x42CA,
    0x9B05, 0x9B05, 0xA305, 0xA305, 0xA325, 0xA326, 0xA326, 0xAB26,
    0xAB26, 0xAB46, 0xAB46, 0xAB46, 0xAB46, 0xAB46, 0xAB46, 0xAB26,
    0xA326, 0xA305, 0xA305, 0xA305, 0xA305, 0xA305, 0xAB05, 0xAB25,
    0xAB25, 0xAB45, 0xAB45, 0xB345, 0xB345, 0xB345, 0xB345, 0xB366,
    0xB366, 0xB386, 0xB386, 0xB386, 0xB366, 0xB386, 0xB386, 0xB386,
    0xB386, 0xB386, 0xBB86, 0xB386, 0xB3A7, 0xBBA7, 0xBBA7, 0xBBA7,
    0xBBA7, 0xBBC7, 0xBBC7, 0xBBC7, 0xBBC7, 0xBBE8, 0xBBE8, 0xC408,
    0xC408, 0xC409, 0xC429, 0xC429, 0xC409, 0xBBE9, 0xBBC8, 0xBBC8,
    0xBBC8, 0xBBC7, 0xBBC8, 0xC408, 0xCC29, 0xCC49, 0xCC29, 0xC42A,
    0xC44B, 0xC46C, 0xC48D, 0xC4AF, 0xC4D0, 0xC510, 0xC531, 0xCD52,
    0xCD52, 0xCD52, 0xCD52, 0xCD52, 0xCD71, 0xF4C9, 0xFC67, 0xFE31,
    0xFEF3, 0xFD09, 0xEBE4, 0xD343, 0xC2A1, 0xCAC1, 0xCAC1, 0xBA60,
    0xB240, 0xBAA1, 0xBA81, 0xAA20, 0xB240, 0xC2A1, 0xB240, 0xA1E0,
    0xC2A1, 0xDBE5, 0xFDAC, 0xFDCC, 0xFDCC, 0xFD6A, 0xFD49, 0xEC45,
    0xCAC0, 0xB240, 0xA200, 0xAA20, 0xAA00, 0xAA20, 0xB220, 0xBA40,
    0xAA00, 0xAA20, 0xBA60, 0xCAE2, 0xBAA1, 0xAA20, 0x99C0, 0xC280,
    0xBA60, 0xBA81, 0xD343, 0xCB02, 0xCAE2, 0xC2A1, 0xBA81, 0xCB02,
    0xD303, 0xDB42, 0xFD6B, 0xFE2F, 0xFE0F, 0xED2B, 0xCAE2, 0xC2A2,
    0xB262, 0xCAE3, 0xD344, 0xE3A5, 0xDB64, 0xEC26, 0xFDF0, 0xACF2,
    0x9451, 0x9450, 0x944F, 0x944E, 0x8C4D, 0x8C2B, 0x8409, 0x8408,
    0x7C06, 0x73E3, 0x6BE0, 0x6BE0, 0x63C0, 0x63C0, 0x63A0, 0x5B80,
    0x5B60, 0x5320, 0x5300, 0x5300, 0x4B00, 0x4AE0, 0x4AE0, 0x4AE0,
    0x4AE0, 0x5300, 0x5300, 0x5320, 0x5320, 0x5320, 0x5300, 0x5300,
    0x5301, 0x5B41, 0x63A0, 0x7400, 0x7C60, 0x8CC0, 0x9520, 0x9D60,
    0xA580, 0xA5A0, 0xADC0, 0xADC0, 0xADA0, 0xA5A0, 0xA580, 0x9D60,
    0x9520, 0x8CC0, 0x7C60, 0x7400, 0x6380, 0x5300, 0x42A0, 0x3A40,
    0x3220, 0x3220, 0x3240, 0x3240, 0x3260, 0x3260, 0x3AA0, 0x42C0,
    0x4AE0, 0x4B00, 0x4B20, 0x4B20, 0x4B20, 0x4B00, 0x42E0, 0x42C0,
    0x4AC2, 0x4AE5, 0x4AE6, 0x4AC6, 0x42A7, 0x42A7, 0x4287, 0x4287,
    0x4288, 0x3A88, 0x42A9, 0x4AEB, 0x4AEC, 0x4B0C, 0x4B0D, 0x4B0C,
    0x8AA5, 0x8AA5, 0x92C5, 0x92C5, 0x92C5, 0x92C5, 0x92C5, 0x9AE5,
    0x9AE5, 0x9AE5, 0x9AE5, 0x9B05, 0x9AE5, 0x9AE5, 0x9AE5, 0x9AC5,
    0x92C5, 0x92A4, 0x92A4, 0x92A4, 0x92A4, 0x92A4, 0x92A4, 0x9AC4,
    0x9AC4, 0x9AC4, 0xA2E4, 0xA2E4, 0xA2E4, 0xA304, 0xA304, 0xAB05,
    0xAB25, 0xAB25, 0xAB25, 0xAB25, 0xAB25, 0xAB45, 0xAB45, 0xAB45,
    0xAB45, 0xAB45, 0xAB45, 0xAB46, 0xAB66, 0xB366, 0xB366, 0xB386,
    0xB387, 0xB387, 0xB3A7, 0xB3A7, 0xB3A7, 0xB3C7, 0xBBC8, 0xBBE8,
    0xBBE8, 0xBC09, 0xBC09, 0xC409, 0xBC09, 0xBBE9, 0xB3C8, 0xB3A8,
    0xB3A7, 0xB3A7, 0xBBC8, 0xC3E8, 0xCC29, 0xCC49, 0xCC29, 0xC44A,
    0xC44B, 0xC46C, 0xC48D, 0xC4CF, 0xC4F0, 0xC511, 0xC531, 0xCD52,
    0xCD52, 0xCD52, 0xCD52, 0xC552, 0xE570, 0xFD6B, 0xFE51, 0xFEF4,
    0xFE70, 0xFCC8, 0xEBE4, 0xDB22, 0xBA60, 0xBA60, 0xBA40, 0xC260,
    0xB240, 0xA221, 0xAA20, 0xB260, 0xB261, 0xB241, 0xAA00, 0xB240,
    0xCAE2, 0xD363, 0xFDAC, 0xFDCC, 0xFDCC, 0xFD29, 0xFD6A, 0xFD29,
    0xDB42, 0xC281, 0xB220, 0xAA00, 0x99E0, 0xA200, 0xB240, 0xBA40,
    0xAA00, 0xAA20, 0xBA81, 0xCAE2, 0xC2C2, 0xC2A1, 0xBA60, 0xDB22,
    0xDB22, 0xCAE2, 0xD322, 0xCAC2, 0xC2A1, 0xCAE2, 0xC2A1, 0xCAE2,
    0xDB22, 0xE3C3, 0xFD8B, 0xFE2F, 0xFE0F, 0xF50B, 0xCB23, 0xC2E3,
    0xC2E3, 0xC2C2, 0xD323, 0xDB84, 0xE384, 0xEBE5, 0xFE0E, 0xEE54,
    0xC532, 0xACB0, 0x8C2F, 0x8C2D, 0x8C2C, 0x842A, 0x8408, 0x7C07,
    0x73E4, 0x6BE1, 0x6BC0, 0x6BC0, 0x63C0, 0x63A0, 0x5B80, 0x5B60,
    0x5320, 0x5300, 0x4AE0, 0x4AC0, 0x4AC0, 0x42A0, 0x42A0, 0x42A0,
    0x42A0, 0x4AC0, 0x4AC0, 0x4AE0, 0x4AE1, 0x4AE0, 0x4AE1, 0x4AE1,
    0x4AE1, 0x5301, 0x5B60, 0x63A0, 0x7420, 0x8480, 0x8CC0, 0x9500,
    0x9D40, 0xA580, 0xA5A0, 0xA5A0, 0xA5A0, 0xA580, 0x9D60, 0x9D20,
    0x94E0, 0x84A0, 0x7420, 0x6BC0, 0x5B40, 0x4AE0, 0x3A60, 0x3220,
    0x2A00, 0x3220, 0x3240, 0x3240, 0x3260, 0x3A80, 0x3AA0, 0x42E0,
    0x4300, 0x4B00, 0x4B20, 0x4B20, 0x4B00, 0x42E0, 0x42C0, 0x42A0,
    0x42A0, 0x42A2, 0x42A3, 0x42A4, 0x4285, 0x4285, 0x4265, 0x4266,
    0x4287, 0x42A9, 0x4AEB, 0x4B0C, 0x4B2D, 0x534E, 0x534E, 0x534E,
    0x8264, 0x8264, 0x8264, 0x8A84, 0x8A84, 0x8A84, 0x8A84, 0x8AA4,
    0x8AA5, 0x8AA5, 0x8AA5, 0x8AA5, 0x8AA5, 0x8A84, 0x8A84, 0x8284,
    0x8264, 0x8263, 0x8243, 0x8243, 0x8242, 0x8A42, 0x8A62, 0x8A62,
    0x8A62, 0x8A62, 0x9262, 0x9283, 0x9283, 0x9AA3, 0x9AA3, 0x9AC4,
    0x9AC4, 0xA2E4, 0xA2E4, 0xA2E4, 0xA2E4, 0xA304, 0xA2E4, 0xA2E4,
    0xA305, 0xA305, 0xA305, 0xA325, 0xA325, 0xAB26, 0xAB46, 0xAB46,
    0xAB66, 0xAB67, 0xAB87, 0xB387, 0xB387, 0xB3A8, 0xB3C8, 0xBBC8,
    0xBBE9, 0xBBE9, 0xBC09, 0xBC09, 0xBBE9, 0xB3C9, 0xB3A8, 0xB3A8,
    0xB387, 0xB3A7, 0xBBC8, 0xC3E8, 0xC429, 0xCC49, 0xCC29, 0xCC4A,
    0xC44B, 0xC46C, 0xC48D, 0xC4CF, 0xC4F0, 0xC531, 0xCD51, 0xCD72,
    0xCD72, 0xCD72, 0xC552, 0xD5B3, 0xFED5, 0xFF35, 0xFEF3, 0xFE50,
    0xFE2F, 0xFDED, 0xFD49, 0xEBE3, 0xC2A0, 0xB220, 0xB220, 0xB220,
    0x99A0, 0x99C0, 0xAA20, 0xB240, 0xAA20, 0xAA20, 0xB241, 0xBA81,
    0xC281, 0xD363, 0xFD6B, 0xFD8B, 0xFD8B, 0xFD6A, 0xFDCC, 0xFD8B,
    0xEC25, 0xCAE1, 0xBA60, 0xAA20, 0xAA21, 0xBA61, 0xBA61, 0xB220,
    0xBA40, 0xBA61, 0xBA81, 0xBA82, 0xB241, 0xCAC1, 0xC280, 0xD322,
    0xD322, 0xDB43, 0xDB43, 0xD322, 0xBA81, 0xC2C2, 0xBA81, 0xC2A1,
    0xDB22, 0xF4E8, 0xFDED, 0xFE2F, 0xF56C, 0xDC07, 0xBAC3, 0xAA42,
    0xBA82, 0xB261, 0xC2C2, 0xC2C2, 0xCB03, 0xEC46, 0xF4C8, 0xFD08,
    0xFDAB, 0xFDCE, 0xCD4F, 0xA4AE, 0x8C2B, 0x8409, 0x7C08, 0x7C06,
    0x73E3, 0x6BC0, 0x6BC0, 0x6BC0, 0x63A0, 0x6380, 0x6381, 0x5B41,
    0x5320, 0x5300, 0x4AE0, 0x4AC0, 0x42C0, 0x42A0, 0x4280, 0x4280,
    0x4280, 0x4280, 0x4280, 0x42A0, 0x42A0, 0x42A0, 0x42A0, 0x4AC1,
    0x4AC1, 0x4AE0, 0x5300, 0x5B60, 0x6BC0, 0x7420, 0x7C60, 0x8CC0,
    0x9500, 0x9D40, 0x9D60, 0xA580, 0xA580, 0x9D60, 0x9D40, 0x9500,
    0x84A0, 0x7C60, 0x7400, 0x6380, 0x5320, 0x42A0, 0x3A40, 0x3220,
    0x3220, 0x3220, 0x3220, 0x3260, 0x3280, 0x3AA0, 0x42C0, 0x42E0,
    0x42E0, 0x4B00, 0x4B00, 0x4B00, 0x42E0, 0x42C0, 0x42A0, 0x3A80,
    0x3A80, 0x3A60, 0x3A60, 0x3A61, 0x4262, 0x3A43, 0x3A43, 0x3A65,
    0x4287, 0x4ACA, 0x4AEC, 0x4B0D, 0x532E, 0x534E, 0x534E, 0x534F,
    0x8264, 0x8264, 0x8264, 0x8264, 0x8264, 0x8264, 0x8264, 0x8264,
    0x8264, 0x8264, 0x8264, 0x7A64, 0x7A44, 0x7A44, 0x7A44, 0x7A23,
    0x7A23, 0x7A03, 0x7A02, 0x7A02, 0x79E1, 0x7A01, 0x7A01, 0x8201,
    0x8201, 0x8221, 0x8222, 0x8A42, 0x8A42, 0x9263, 0x9263, 0x9283,
    0x9283, 0x9AA3, 0x9AA3, 0x9AC3, 0x9AC3, 0x9AC4, 0x9AC4, 0x9AC4,
    0x9AC4, 0xA2E4, 0xA2E5, 0xA2E5, 0xA305, 0xA305, 0xA326, 0xA326,
    0xA346, 0xAB67, 0xAB67, 0xAB87, 0xAB87, 0xB3A8, 0xB3A8, 0xB3C9,
    0xB3E9, 0xBBE9, 0xBC09, 0xBC09, 0xB3E9, 0xB3C9, 0xB3A8, 0xABA8,
    0xAB87, 0xB3A7, 0xB3A8, 0xBBE8, 0xC429, 0xCC29, 0xCC49, 0xCC4A,
    0xC46B, 0xC48C, 0xC4AE, 0xC4CF, 0xC510, 0xC531, 0xCD52, 0xCD72,
    0xCD72, 0xCD93, 0xE5D2, 0xFDEF, 0xFE0E, 0xFE91, 0xFE0E, 0xFDCC,
    0xFDCC, 0xFDAB, 0xFD6A, 0xFD08, 0xE3C3, 0xBA60, 0xA9E0, 0xA9E0,
    0xAA00, 0xAA20, 0xAA00, 0xAA20, 0xAA00, 0xAA00, 0xB241, 0xC281,
    0xCAA1, 0xCB23, 0xECC8, 0xFD6A, 0xFD8B, 0xFDAB, 0xFDCC, 0xFD8A,
    0xF4C7, 0xE383, 0xC2C1, 0xB261, 0xC2A1, 0xBA81, 0xBA60, 0xB240,
    0xC260, 0xCAA1, 0xC281, 0xAA41, 0x99C0, 0xDB22, 0xCAC1, 0xC2C1,
    0xDB63, 0xDB43, 0xD322, 0xD322, 0xD302, 0xD303, 0xC2C2, 0xC2A1,
    0xE3A3, 0xFD6B, 0xFE0E, 0xFE2F, 0xF56C, 0xC2C2, 0xBA81, 0xB261,
    0xB261, 0xBA61, 0xCAE2, 0xCAC2, 0xD343, 0xEC67, 0xDB63, 0xD321,
    0xEBE3, 0xFCE7, 0xFDAB, 0xFDEE, 0xBCCB, 0x7BE8, 0x7C07, 0x7BE5,
    0x73E2, 0x6BC0, 0x6BC0, 0x6BC0, 0x6BA1, 0x6382, 0x6363, 0x5B42,
    0x5322, 0x52E1, 0x4AC0, 0x4AC0, 0x42A0, 0x42A0, 0x4280, 0x4280,
    0x4280, 0x3A60, 0x3A60, 0x3A60, 0x3A60, 0x3A60, 0x3A80, 0x42A0,
    0x42A0, 0x42C0, 0x4AE0, 0x5320, 0x5B80, 0x6BC0, 0x7420, 0x7C60,
    0x84A0, 0x8CE0, 0x9520, 0x9520, 0x9520, 0x9520, 0x8D00, 0x84C0,
    0x7C80, 0x7420, 0x6BE0, 0x5B60, 0x4B00, 0x4280, 0x3A40, 0x3240,
    0x3240, 0x3240, 0x3240, 0x3260, 0x3A80, 0x3AA0, 0x3AC0, 0x42E0,
    0x42E0, 0x42E0, 0x42E0, 0x42E0, 0x42C0, 0x42A0, 0x3A80, 0x3A60,
    0x3260, 0x3240, 0x3240, 0x3240, 0x3A40, 0x3A20, 0x3A41, 0x4265,
    0x4288, 0x4ACA, 0x4B0C, 0x532D, 0x532E, 0x534E, 0x534E, 0x5B6F,
    0x8264, 0x8264, 0x8264, 0x8284, 0x8284, 0x8264, 0x8264, 0x8264,
    0x8264, 0x8264, 0x8264, 0x7A64, 0x7A44, 0x7A44, 0x7A44, 0x7A23,
    0x7A23, 0x7A03, 0x7A02, 0x79E2, 0x79E1, 0x79E1, 0x79E1, 0x79E1,
    0x8201, 0x8201, 0x8222, 0x8A42, 0x8A42, 0x9263, 0x9283, 0x9283,
    0x9283, 0x9AA3, 0x9AA3, 0x9AC3, 0x9AC4, 0x9AC4, 0x9AC4, 0x9AE4,
    0xA2E4, 0xA2E4, 0xA2E5, 0xA2E5, 0xA305, 0xA305, 0xA326, 0xA346,
    0xAB67, 0xAB67, 0xAB67, 0xAB88, 0xB3A8, 0xB3A8, 0xB3C9, 0xB3E9,
    0xBBE9, 0xBC09, 0xBC0A, 0xBC0A, 0xB3E9, 0xB3E9, 0xB3C8, 0xB3A8,
    0xB3A8, 0xB3A8, 0xBBC8, 0xC3E8, 0xCC28, 0xCC29, 0xCC29, 0xCC4A,
    0xC46B, 0xC48C, 0xC4AE, 0xC4EF, 0xC510, 0xC531, 0xCD52, 0xCD52,
    0xD592, 0xF58E, 0xFCE8, 0xF3E3, 0xEBE4, 0xEBC3, 0xEBC3, 0xEC24,
    0xF486, 0xFCC7, 0xF4C7, 0xF4E7, 0xF486, 0xCB01, 0xAA20, 0xA1E0,
    0xAA00, 0xAA00, 0x99A0, 0xA1C0, 0xA1E0, 0xA200, 0xA1C0, 0xB240,
    0xC280, 0xC2A1, 0xE3E5, 0xF529, 0xFD8B, 0xFDAB, 0xFDAB, 0xFD6A,
    0xFD49, 0xEC66, 0xCB01, 0xC2C2, 0xCAC1, 0xBA60, 0xB261, 0xAA00,
    0xCAA1, 0xD2E1, 0xCAC1, 0xBA61, 0xAA00, 0xD302, 0xDB22, 0xBA81,
    0xD302, 0xDB43, 0xD302, 0xCAE2, 0xDB43, 0xD323, 0xCB02, 0xD302,
    0xEC46, 0xFDCD, 0xFDEE, 0xFDEE, 0xF52B, 0xBAC2, 0xB241, 0xBA81,
    0xB241, 0xBA82, 0xCAE2, 0xD302, 0xEC67, 0xD3E5, 0xBA80, 0xCB02,
    0xD301, 0xE341, 0xEBC3, 0xF465, 0xFD29, 0xDD0B, 0x8407, 0x73E4,
    0x73E2, 0x6BE1, 0x6BC2, 0x6BC3, 0x6BA3, 0x6B84, 0x6364, 0x5B23,
    0x5302, 0x4AE2, 0x4AC1, 0x42A0, 0x42A0, 0x42A0, 0x42A0, 0x4280,
    0x4280, 0x3A80, 0x3A60, 0x3A60, 0x3A60, 0x3A80, 0x3A80, 0x4280,
    0x42A0, 0x42A0, 0x42A0, 0x4AE0, 0x5340, 0x6380, 0x6BE0, 0x7420,
    0x7C60, 0x8480, 0x84A0, 0x84C0, 0x84C0, 0x84C0, 0x84A0, 0x7C60,
    0x7440, 0x6C00, 0x63A0, 0x5B40, 0x4AE0, 0x3A80, 0x3A60, 0x3A60,
    0x3A60, 0x3A60, 0x3A60, 0x3260, 0x3A60, 0x3A80, 0x3AA0, 0x42E0,
    0x42E0, 0x42E0, 0x42C0, 0x42C0, 0x3AA0, 0x3A80, 0x3A80, 0x3260,
    0x3220, 0x3200, 0x2A00, 0x3200, 0x3220, 0x3220, 0x3A21, 0x4245,
    0x4288, 0x4ACA, 0x4B0C, 0x530D, 0x532D, 0x534E, 0x5B4E, 0x5B6F,
    0x8265, 0x8285, 0x8284, 0x8284, 0x8284, 0x8285, 0x8285, 0x8284,
    0x8264, 0x8264, 0x8264, 0x8264, 0x7A64, 0x7A44, 0x7A44, 0x7A44,
    0x7A23, 0x7A23, 0x7A02, 0x7A02, 0x79E1, 0x79E1, 0x79E1, 0x7A01,
    0x8201, 0x8222, 0x8A42, 0x8A42, 0x8A63, 0x9283, 0x92A3, 0x9AA3,
    0x9AA3, 0x9AA4, 0x9AC4, 0x9AC4, 0x9AE4, 0xA2E4, 0xA2E5, 0xA305,
    0xA305, 0xA305, 0xA305, 0xA325, 0xA326, 0xAB46, 0xAB67, 0xAB67,
    0xAB87, 0xAB88, 0xABA8, 0xB3A8, 0xB3C9, 0xB3C9, 0xBBE9, 0xBC09,
    0xBC0A, 0xBC0A, 0xBC0A, 0xBC0A, 0xBC0A, 0xB3E9, 0xB3C9, 0xB3A8,
    0xB3A8, 0xB3A8, 0xBBC8, 0xC3E8, 0xCC28, 0xCC49, 0xCC49, 0xCC4A,
    0xCC6B, 0xC4AD, 0xC4CE, 0xC4EF, 0xC531, 0xCD51, 0xCD72, 0xD592,
    0xF58D, 0xFCC7, 0xF405, 0xDB43, 0xC260, 0xD2E1, 0xE3C4, 0xD301,
    0xCAC0, 0xD321, 0xEBE3, 0xEC65, 0xF4A7, 0xE425, 0xCAC0, 0xB220,
    0xA9E0, 0xA1E0, 0x8960, 0x8980, 0x99C0, 0xAA00, 0xA1E0, 0xB240,
    0xB220, 0xB220, 0xD322, 0xF54A, 0xFDED, 0xFDCC, 0xFDAB, 0xFD8B,
    0xFDAC, 0xF4A7, 0xC2A1, 0xC2C1, 0xD302, 0xC2A1, 0xB261, 0xB281,
    0xCAE2, 0xCAC1, 0xC2C1, 0xC2A1, 0xB240, 0xC2A1, 0xD322, 0xCAC1,
    0xD2E2, 0xD323, 0xD303, 0xCAE2, 0xDB43, 0xD322, 0xD302, 0xCAE1,
    0xEC87, 0xFDED, 0xFDEE, 0xFDEE, 0xECEA, 0xC2C2, 0xC282, 0xBA61,
    0xBAA2, 0xBAA2, 0xC2E2, 0xE3E5, 0xF52A, 0xBB02, 0xA1E0, 0xAA40,
    0xCAA0, 0xBA40, 0xD2E0, 0xDB42, 0xEBE3, 0xFD08, 0xE52A, 0x7C05,
    0x73E3, 0x73E4, 0x73C4, 0x6BA4, 0x6B85, 0x6B65, 0x6344, 0x5B24,
    0x52E3, 0x4AC1, 0x4AC1, 0x42A0, 0x42A0, 0x42A0, 0x42A0, 0x4280,
    0x4280, 0x4280, 0x4280, 0x4280, 0x4280, 0x4280, 0x42A0, 0x42A0,
    0x42A0, 0x42A0, 0x42A0, 0x42C0, 0x4B00, 0x5B60, 0x6380, 0x63C0,
    0x6BE0, 0x7400, 0x7420, 0x7440, 0x7C40, 0x7C40, 0x7440, 0x7420,
    0x6BE0, 0x63C0, 0x5B80, 0x5320, 0x42C0, 0x3AA0, 0x3A80, 0x3A80,
    0x3A80, 0x3A80, 0x3A80, 0x3A80, 0x3A80, 0x3AA0, 0x3AA0, 0x3AC0,
    0x3AA0, 0x3AA0, 0x3AA0, 0x3AA0, 0x3A80, 0x3A60, 0x3240, 0x3220,
    0x2A00, 0x29E0, 0x29E0, 0x29E0, 0x3200, 0x3200, 0x3A01, 0x4244,
    0x4287, 0x4AC9, 0x4AEB, 0x530C, 0x532D, 0x534E, 0x5B4E, 0x5B6F,
    0x8285, 0x8285, 0x8285, 0x8285, 0x8A85, 0x8285, 0x8285, 0x8285,
    0x8285, 0x8285, 0x8265, 0x8264, 0x8264, 0x8264, 0x7A64, 0x7A44,
    0x7A43, 0x7A23, 0x7A02, 0x7A02, 0x7A02, 0x7A02, 0x7A01, 0x7A02,
    0x8222, 0x8222, 0x8A42, 0x8A63, 0x9283, 0x92A3, 0x9AA4, 0x9AC4,
    0x9AC4, 0xA2C4, 0xA2E4, 0xA2E4, 0xA305, 0xA305, 0xA305, 0xA325,
    0xA326, 0xAB46, 0xAB46, 0xAB46, 0xAB66, 0xAB67, 0xAB87, 0xB388,
    0xABA8, 0xB3A8, 0xB3C9, 0xB3C9, 0xB3E9, 0xBBE9, 0xBC0A, 0xBC0A,
    0xBC0A, 0xBC0A, 0xBC0A, 0xBC0A, 0xBC0A, 0xB3E9, 0xB3C9, 0xB3A8,
    0xB3A8, 0xB3A8, 0xBBC8, 0xC408, 0xCC28, 0xCC49, 0xCC49, 0xCC6A,
    0xCC8B, 0xCCAD, 0xC4CE, 0xC4F0, 0xCD31, 0xC552, 0xD592, 0xFD6C,
    0xFC86, 0xE3A4, 0xD302, 0xCAE2, 0xDB63, 0xE3C4, 0xDB62, 0xCAE1,
    0xB240, 0xAA00, 0xBA80, 0xD342, 0xDBC3, 0xEC46, 0xE3C4, 0xD322,
    0xDB63, 0xC2A0, 0xAA00, 0x91A0, 0x91A0, 0xB220, 0xB220, 0xAA20,
    0xB220, 0xAA00, 0xC2A1, 0xFD4A, 0xFDCC, 0xFDAB, 0xFDCC, 0xFD8B,
    0xFDAB, 0xE446, 0xBA60, 0xCAE2, 0xD2E2, 0xD302, 0xC2C2, 0xCAE2,
    0xC2C2, 0xBAA1, 0xCAC2, 0xD323, 0xCAE2, 0xC2C1, 0xDB22, 0xD302,
    0xD322, 0xCAC2, 0xCAE2, 0xCAC1, 0xD322, 0xDB43, 0xDB42, 0xC280,
    0xDBC4, 0xFDCD, 0xFE0F, 0xFE0E, 0xF56C, 0xC2E2, 0xBA61, 0xBA81,
    0xBA81, 0xBA82, 0xC2E2, 0xEC87, 0xED0A, 0xAAA2, 0xB240, 0xC2E2,
    0xDB83, 0xDB63, 0xCAE1, 0xCAE1, 0xEBC3, 0xF424, 0xFCE8, 0xBC88,
    0x6BC5, 0x7BE6, 0x73C6, 0x73A6, 0x6B65, 0x6345, 0x6324, 0x5B04,
    0x52E3, 0x4AC2, 0x4AA1, 0x42A0, 0x42A0, 0x4280, 0x4280, 0x4280,
    0x4280, 0x4280, 0x4280, 0x4280, 0x42A0, 0x42A0, 0x42C0, 0x42C0,
    0x42C0, 0x42A0, 0x42C0, 0x42C0, 0x4AE0, 0x5320, 0x5B40, 0x5B60,
    0x63A0, 0x63A0, 0x63C0, 0x6BC0, 0x6BE0, 0x6BE0, 0x6BC0, 0x63C0,
    0x63A0, 0x5B80, 0x5B40, 0x4B00, 0x42C0, 0x42C0, 0x42C0, 0x42C0,
    0x42A0, 0x42A0, 0x3AA0, 0x3AA0, 0x3AA0, 0x3AA0, 0x3AA0, 0x3AA0,
    0x3AA0, 0x3A80, 0x3A80, 0x3A60, 0x3260, 0x3240, 0x3220, 0x2A00,
    0x29E0, 0x21C0, 0x29C0, 0x29C0, 0x29C0, 0x31C0, 0x31E0, 0x3A24,
    0x4266, 0x42A8, 0x4ACA, 0x4B0C, 0x532D, 0x534E, 0x536E, 0x536F,
    0x8285, 0x8A85, 0x8285, 0x8285, 0x8285, 0x82A5, 0x82A5, 0x8A85,
    0x8285, 0x8285, 0x8285, 0x8265, 0x8265, 0x8265, 0x8264, 0x7A64,
    0x7A44, 0x7A23, 0x7A23, 0x7A02, 0x7A02, 0x8202, 0x8202, 0x8222,
    0x8222, 0x8A42, 0x8A63, 0x9283, 0x92A3, 0x9AA4, 0x9AC4, 0xA2E4,
    0xA2E4, 0xA305, 0xA305, 0xA305, 0xA325, 0xAB25, 0xAB26, 0xAB46,
    0xAB66, 0xAB66, 0xAB67, 0xAB87, 0xAB87, 0xAB87, 0xB3A8, 0xB3A8,
    0xB3C8, 0xB3C9, 0xB3E9, 0xB3E9, 0xBBE9, 0xBC0A, 0xBC0A, 0xBC0A,
    0xBC0A, 0xBC0A, 0xBC2A, 0xBC0A, 0xBC0A, 0xB3E9, 0xB3C9, 0xB3A8,
    0xB3A8, 0xB3A8, 0xBBC8, 0xC408, 0xCC28, 0xCC49, 0xCC49, 0xCC6A,
    0xCC8B, 0xCCAD, 0xC4CE, 0xC510, 0xC531, 0xCD52, 0xF5AE, 0xFCE7,
    0xEBC4, 0xCAE2, 0xE3A4, 0xEBE5, 0xE363, 0xC2C1, 0xC2A1, 0xAA00,
    0xA9E0, 0xB220, 0xA9E0, 0xB200, 0xCAE1, 0xDBE4, 0xF4E8, 0xFD6A,
    0xFD6A, 0xE3E4, 0xBA60, 0xA1E0, 0xA1C0, 0xB220, 0xAA20, 0xAA00,
    0xB220, 0xB240, 0xBA81, 0xF529, 0xFDCC, 0xFDAC, 0xFDCC, 0xFDED,
    0xFDAB, 0xE3C4, 0xBA60, 0xC2A1, 0xCAC2, 0xC2A1, 0xCAC1, 0xBA81,
    0xAA41, 0xBA81, 0xC2C2, 0xD322, 0xD322, 0xCAE2, 0xD323, 0xD302,
    0xCAC1, 0xC2A1, 0xC2C1, 0xD302, 0xD302, 0xD322, 0xDB63, 0xD322,
    0xDB83, 0xFDED, 0xFE0E, 0xFDEE, 0xF58D, 0xCB03, 0xB220, 0xBA61,
    0xB261, 0xAA21, 0xC2E2, 0xF509, 0xD3E6, 0xAA40, 0xCAE1, 0xD301,
    0xC2C1, 0xCB02, 0xC2A1, 0xCAC0, 0xDB42, 0xEBE4, 0xFC65, 0xFD29,
    0xB489, 0x73C8, 0x7BC8, 0x7387, 0x6B46, 0x6345, 0x5B24, 0x5B04,
    0x52E3, 0x52C2, 0x4AC2, 0x4AA0, 0x4280, 0x4280, 0x4280, 0x4280,
    0x42A0, 0x42A0, 0x42A0, 0x42A0, 0x42C0, 0x42C0, 0x42C0, 0x42C0,
    0x42C0, 0x42A0, 0x42C0, 0x42C0, 0x42C0, 0x4AE0, 0x5300, 0x5320,
    0x5B40, 0x5B40, 0x5B60, 0x5B60, 0x5B60, 0x5B60, 0x5B60, 0x5B60,
    0x5B60, 0x5B40, 0x5320, 0x4B00, 0x4AE0, 0x42E0, 0x42E0, 0x42E0,
    0x42E1, 0x42E1, 0x42C0, 0x42C0, 0x42C0, 0x42A0, 0x3AA0, 0x3A80,
    0x3A80, 0x3A60, 0x3260, 0x3240, 0x3240, 0x3220, 0x2A00, 0x29E0,
    0x21A0, 0x21A0, 0x2180, 0x2180, 0x29A0, 0x29A0, 0x31C0, 0x3A03,
    0x3A45, 0x4287, 0x4ACA, 0x52EB, 0x530C, 0x532D, 0x532D, 0x532D,
    0x8AA5, 0x8AA5, 0x8AA5, 0x82A5, 0x82A5, 0x8AA5, 0x8AA5, 0x8AA5,
    0x82A5, 0x8285, 0x8285, 0x8285, 0x8285, 0x8285, 0x8265, 0x8264,
    0x8244, 0x7A43, 0x7A23, 0x7A22, 0x8222, 0x8222, 0x8222, 0x8242,
    0x8A43, 0x8A63, 0x9283, 0x9284, 0x9AA4, 0x9AC4, 0xA2E4, 0xA2E5,
    0xA305, 0xA325, 0xAB25, 0xAB26, 0xAB46, 0xAB46, 0xAB46, 0xAB66,
    0xB367, 0xB387, 0xB387, 0xB3A8, 0xB3A8, 0xB3A8, 0xB3C8, 0xB3C8,
    0xB3C9, 0xB3E9, 0xB3E9, 0xBC09, 0xBC0A, 0xBC0A, 0xBC0A, 0xBC2A,
    0xBC2A, 0xBC2A, 0xBC2A, 0xBC2A, 0xBC0A, 0xB3EA, 0xB3C9, 0xB3A8,
    0xB3A8, 0xB3A8, 0xBBC8, 0xC3E8, 0xCC29, 0xCC49, 0xCC49, 0xCC6A,
    0xCC8B, 0xCCAD, 0xC4CE, 0xC4EF, 0xC531, 0xED8F, 0xFD28, 0xF445,
    0xE383, 0xE3A3, 0xEBC4, 0xDB01, 0xBA60, 0xA200, 0xB261, 0xBA60,
    0xC260, 0xBA40, 0xB240, 0xBA60, 0xD341, 0xEC86, 0xF509, 0xFD4A,
    0xFD6A, 0xF4E8, 0xD322, 0xBA40, 0xB220, 0xAA00, 0xAA20, 0xAA00,
    0xA9E0, 0xAA00, 0xD301, 0xFD4A, 0xFDAC, 0xFDCC, 0xFDED, 0xFDED,
    0xFD8B, 0xF4A7, 0xD301, 0xC281, 0xBA61, 0xAA00, 0xBA60, 0xC2C1,
    0xC2C2, 0xC2E2, 0xCB03, 0xDB42, 0xCAE2, 0xBA81, 0xCB02, 0xCAC2,
    0xC260, 0xCAE1, 0xDB43, 0xD323, 0xD303, 0xCAE2, 0xD322, 0xDB43,
    0xE3C4, 0xFDEE, 0xFE2F, 0xFE0E, 0xFDEE, 0xD3A6, 0xB200, 0xAA21,
    0xAA20, 0xAA20, 0xDBC4, 0xF54A, 0xC364, 0xBA40, 0xAA00, 0xAA00,
    0xA1C0, 0xA1E0, 0xB220, 0xC260, 0xD2E1, 0xD2E1, 0xDB42, 0xFC65,
    0xFD4A, 0xA44A, 0x7388, 0x7367, 0x6346, 0x6326, 0x5B05, 0x5B04,
    0x52E4, 0x52E3, 0x52C3, 0x4AA1, 0x42A0, 0x4280, 0x4280, 0x4280,
    0x42A0, 0x42A0, 0x42C0, 0x42C0, 0x4AE0, 0x4AE0, 0x4AE0, 0x4AE0,
    0x42C0, 0x42C0, 0x42C0, 0x42C0, 0x42C0, 0x4AC0, 0x4AE0, 0x5301,
    0x5301, 0x5301, 0x5300, 0x4B00, 0x4B00, 0x4B00, 0x4B00, 0x4B00,
    0x5300, 0x5300, 0x4B00, 0x4B00, 0x4B00, 0x4B01, 0x4B01, 0x4B01,
    0x4B01, 0x4B01, 0x42E1, 0x42E1, 0x42E1, 0x42C0, 0x3A80, 0x3A60,
    0x3A60, 0x3260, 0x3240, 0x3240, 0x3220, 0x3220, 0x29E0, 0x29C0,
    0x21A0, 0x2160, 0x2160, 0x2160, 0x2180, 0x2980, 0x29A0, 0x31E1,
    0x3A04, 0x4266, 0x4AA8, 0x4ACA, 0x4AEB, 0x52EB, 0x4AEB, 0x4AEB,
    0x82A6, 0x82A6, 0x8AA6, 0x8AA6, 0x8AA6, 0x8AA6, 0x8AC6, 0x8AA6,
    0x82A6, 0x82A6, 0x82A6, 0x8285, 0x82A5, 0x82A5, 0x8285, 0x8285,
    0x8264, 0x8264, 0x8243, 0x8243, 0x8243, 0x8243, 0x8A43, 0x8A63,
    0x8A63, 0x9283, 0x92A4, 0x9AA4, 0x9AC4, 0xA2E5, 0xA305, 0xA305,
    0xAB25, 0xAB26, 0xAB46, 0xAB46, 0xAB66, 0xB366, 0xB367, 0xB387,
    0xB387, 0xB3A7, 0xB3A8, 0xB3A8, 0xB3C8, 0xB3C9, 0xB3C9, 0xB3E9,
    0xB3E9, 0xB3EA, 0xB40A, 0xBC0A, 0xBC0A, 0xBC0A, 0xBC2A, 0xBC2A,
    0xBC2A, 0xBC2A, 0xBC2A, 0xBC2A, 0xBC0A, 0xB40A, 0xB3E9, 0xB3C8,
    0xB3A8, 0xB3A8, 0xBBC8, 0xC3E8, 0xCC29, 0xCC49, 0xCC49, 0xCC6A,
    0xCC8B, 0xCCAD, 0xC4CE, 0xC4EF, 0xE56F, 0xFD8B, 0xF466, 0xEBE5,
    0xEC05, 0xE3A3, 0xCAC1, 0xC281, 0xCAC1, 0xC2A1, 0xBA81, 0xAA20,
    0xB220, 0xB220, 0xA200, 0xA1E0, 0xC2C0, 0xF4A7, 0xECE9, 0xF508,
    0xFD4A, 0xFD49, 0xE3C4, 0xBA40, 0xA200, 0x99C0, 0xA200, 0xA200,
    0xB200, 0xBA80, 0xEC66, 0xFD8B, 0xFDAB, 0xFDAC, 0xFDAB, 0xFDCC,
    0xFD49, 0xFD4A, 0xEC45, 0xCAA0, 0xAA00, 0xA1E0, 0xCAE2, 0xDB43,
    0xCAE2, 0xC2C2, 0xCAE2, 0xCAC1, 0xBA81, 0xCAC1, 0xC2A1, 0xC2A1,
    0xB241, 0xBA81, 0xE384, 0xD323, 0xD303, 0xBA81, 0xC281, 0xCAC1,
    0xDB63, 0xFDAC, 0xFE2F, 0xFDED, 0xFE0E, 0xECEA, 0xBA40, 0xAA21,
    0xB241, 0xBA80, 0xECA8, 0xED2A, 0xB2E2, 0x9180, 0x91A0, 0x99A0,
    0xA1E0, 0xBA40, 0xD2E1, 0xDB21, 0xDB01, 0xD301, 0xCAE1, 0xE383,
    0xFCA6, 0xF54B, 0x7BA9, 0x6B47, 0x6347, 0x6326, 0x5B26, 0x5B05,
    0x5B05, 0x52E4, 0x52C4, 0x4AA2, 0x4281, 0x4280, 0x42A0, 0x42A0,
    0x42A0, 0x4AC0, 0x4AE0, 0x4AE0, 0x4B00, 0x4AE0, 0x4AE0, 0x4AE0,
    0x4AE0, 0x4AC0, 0x42C0, 0x42C0, 0x42C0, 0x4AC2, 0x52E4, 0x5304,
    0x5304, 0x52E3, 0x4AC2, 0x4AC0, 0x42A0, 0x42A0, 0x42A0, 0x42C0,
    0x4AC0, 0x4AE0, 0x4AE0, 0x4B00, 0x5321, 0x5321, 0x4B21, 0x4B22,
    0x4B22, 0x4B22, 0x4B01, 0x4B01, 0x42E1, 0x42C0, 0x3A80, 0x3A60,
    0x3240, 0x3240, 0x3220, 0x3240, 0x3220, 0x3200, 0x29E0, 0x21C0,
    0x2180, 0x2160, 0x1940, 0x1940, 0x2160, 0x2980, 0x29A0, 0x31C0,
    0x39E2, 0x4245, 0x4266, 0x42A8, 0x4AA9, 0x4AA9, 0x4AA9, 0x4A89,
    0x8AA6, 0x8AA6, 0x8AA6, 0x8AC6, 0x8AC6, 0x8AC6, 0x8AC6, 0x8AC6,
    0x82A6, 0x82A6, 0x82A6, 0x82A6, 0x82A6, 0x82A6, 0x82A5, 0x82A5,
    0x8284, 0x8284, 0x8264, 0x8243, 0x8263, 0x8A63, 0x8A63, 0x8A63,
    0x9283, 0x92A4, 0x9AA4, 0x9AC4, 0xA2E5, 0xA305, 0xA325, 0xAB25,
    0xAB46, 0xAB46, 0xAB66, 0xB366, 0xB366, 0xB387, 0xB387, 0xB3A7,
    0xB3A8, 0xB3A8, 0xB3C8, 0xB3C8, 0xB3C9, 0xBBE9, 0xBBE9, 0xBBE9,
    0xBC0A, 0xBC0A, 0xBC0A, 0xBC0A, 0xBC0A, 0xBC0A, 0xBC2A, 0xBC2B,
    0xBC2B, 0xBC2B, 0xBC2B, 0xBC2B, 0xBC0A, 0xB40A, 0xB3E9, 0xB3C8,
    0xB3A8, 0xB3A8, 0xBBC8, 0xC3E8, 0xC429, 0xCC49, 0xCC49, 0xCC4A,
    0xCC8B, 0xCCAD, 0xC4CE, 0xCD0F, 0xFDAD, 0xF486, 0xE3C4, 0xF446,
    0xEBE4, 0xCAE2, 0xB241, 0xCAC2, 0xCAC1, 0xBA60, 0xB220, 0x99C0,
    0xA200, 0xA1E0, 0xA200, 0xA1E0, 0xAA00, 0xD322, 0xEC66, 0xECC7,
    0xF529, 0xF529, 0xEC86, 0xC2A0, 0xA1E0, 0x99A0, 0xA1E0, 0xBA80,
    0xD342, 0xF4C8, 0xFD8B, 0xFD8B, 0xFD8B, 0xFDCC, 0xFDED, 0xFDCC,
    0xFD8B, 0xFDCC, 0xFD8B, 0xEC25, 0xC2C1, 0xB240, 0xCAC1, 0xC2A1,
    0xB241, 0xC281, 0xBA81, 0xBA81, 0xC2A1, 0xCAC1, 0xBA61, 0xB261,
    0xB261, 0xCAE2, 0xD2E2, 0xCAC2, 0xB241, 0xB261, 0xC2A1, 0xCAA1,
    0xE383, 0xFDEE, 0xFE2F, 0xFDCD, 0xFDCD, 0xFD6B, 0xDC06, 0xBA81,
    0xB240, 0xCB22, 0xF54B, 0xE4CA, 0xBB03, 0x91C0, 0x99C0, 0xBA60,
    0xBA60, 0xBA60, 0xCAC0, 0xE321, 0xE341, 0xE362, 0xE383, 0xE383,
    0xF424, 0xFD49, 0xB46B, 0x6348, 0x6B48, 0x6328, 0x6327, 0x6327,
    0x5B06, 0x52E5, 0x4AC4, 0x4AA2, 0x42A1, 0x42A1, 0x4AC1, 0x4AE0,
    0x4AE0, 0x4B00, 0x5300, 0x5300, 0x5300, 0x5300, 0x4B00, 0x4AE0,
    0x4AE0, 0x4AE0, 0x4AE2, 0x4AC3, 0x4AC4, 0x4AC6, 0x52E7, 0x52E7,
    0x52E7, 0x52C6, 0x4AA5, 0x4283, 0x4281, 0x3A60, 0x3A60, 0x4280,
    0x42A0, 0x42C0, 0x4AE0, 0x4B00, 0x5341, 0x5341, 0x5342, 0x5342,
    0x5342, 0x4B22, 0x4B02, 0x4B01, 0x42E1, 0x42A1, 0x3A80, 0x3240,
    0x3220, 0x3220, 0x3220, 0x3220, 0x3220, 0x3200, 0x29E0, 0x21C0,
    0x2180, 0x2160, 0x2140, 0x2160, 0x2180, 0x2980, 0x29A0, 0x31C0,
    0x31E0, 0x3A02, 0x4224, 0x4265, 0x4266, 0x4266, 0x4266, 0x4245,
    0x8AC6, 0x8AC6, 0x8AC6, 0x8AC6, 0x8AC6, 0x8AC6, 0x8AC7, 0x8AC7,
    0x82C6, 0x82C6, 0x82C6, 0x82C6, 0x82C6, 0x82C6, 0x82C5, 0x82A5,
    0x82A5, 0x82A4, 0x8284, 0x8283, 0x8A63, 0x8A63, 0x8A83, 0x9284,
    0x92A4, 0x92C4, 0x9AC5, 0x9AE5, 0xA305, 0xA326, 0xAB26, 0xAB46,
    0xAB46, 0xB366, 0xB366, 0xB387, 0xB387, 0xB3A7, 0xBBA7, 0xBBC8,
    0xB3C8, 0xBBC8, 0xBBC9, 0xBBE9, 0xBBE9, 0xBBE9, 0xBC09, 0xBC0A,
    0xBC0A, 0xBC2A, 0xBC2A, 0xBC2B, 0xBC2B, 0xBC2B, 0xBC2B, 0xBC2B,
    0xBC2B, 0xBC2B, 0xBC2B, 0xBC2B, 0xBC0A, 0xBC0A, 0xB3E9, 0xB3C8,
    0xB3A8, 0xB3A8, 0xBBC8, 0xC3E8, 0xC429, 0xCC29, 0xCC49, 0xCC6A,
    0xCC8B, 0xCCAD, 0xC4CE, 0xE56F, 0xFD49, 0xFC87, 0xF446, 0xDB43,
    0xCAC1, 0xC260, 0xD2E2, 0xB241, 0xA1C0, 0xB220, 0xBA40, 0xAA00,
    0x99C0, 0xAA00, 0xB220, 0xB240, 0xAA00, 0xBA80, 0xE3E4, 0xE466,
    0xECC8, 0xF4E8, 0xF529, 0xDBA3, 0xB260, 0xB260, 0xC2A0, 0xEC66,
    0xFD29, 0xFD8B, 0xFD8B, 0xFDAC, 0xFDAB, 0xFDCC, 0xFDED, 0xFDCC,
    0xFDCC, 0xFDCC, 0xFDAB, 0xFD29, 0xF4C8, 0xE405, 0xDB42, 0xD301,
    0xCAE1, 0xD2E1, 0xD302, 0xC2C2, 0xC2C1, 0xCAC1, 0xC2C2, 0xB261,
    0xC2C2, 0xBA61, 0xAA00, 0xC281, 0xC2A2, 0xBAC2, 0xB261, 0xC280,
    0xE3C4, 0xFDCD, 0xFE50, 0xFE0F, 0xFDAC, 0xFDCD, 0xFDCD, 0xD3E6,
    0xC260, 0xEC46, 0xF56C, 0xDC47, 0xA261, 0x8980, 0xAA20, 0xC280,
    0xCAC0, 0xCAC0, 0xBA60, 0xCAA0, 0xDB22, 0xEB83, 0xF3E4, 0xEBE4,
    0xF404, 0xFCE7, 0xFD8C, 0x93CA, 0x6B49, 0x6B69, 0x6B49, 0x6328,
    0x5B07, 0x52C5, 0x4AC4, 0x4AC3, 0x4AC3, 0x4AC2, 0x4AE1, 0x5300,
    0x5320, 0x5320, 0x5320, 0x5320, 0x5320, 0x5300, 0x4B00, 0x4B00,
    0x4AE1, 0x52E3, 0x52E5, 0x4AE6, 0x52E8, 0x52E9, 0x52E9, 0x52E9,
    0x52E9, 0x52C8, 0x4AA7, 0x4285, 0x4263, 0x3A61, 0x3A60, 0x3A60,
    0x4280, 0x42A0, 0x4AE0, 0x5301, 0x5321, 0x5342, 0x5342, 0x5342,
    0x5342, 0x5322, 0x4B02, 0x4AE2, 0x42C1, 0x42A1, 0x3A80, 0x3240,
    0x3220, 0x3220, 0x3220, 0x3220, 0x3220, 0x3200, 0x29E0, 0x29C0,
    0x2180, 0x2180, 0x2160, 0x2180, 0x29A0, 0x29A0, 0x29C0, 0x31C0,
    0x31C0, 0x31E0, 0x3A00, 0x3A22, 0x4242, 0x4242, 0x3A21, 0x3A20,
    0x8AC7, 0x8AC6, 0x8AC7, 0x8AC7, 0x8AC7, 0x8AE7, 0x8AE7, 0x8AE7,
    0x82E6, 0x82E6, 0x82E6, 0x82E6, 0x82E6, 0x82E6, 0x82C6, 0x82C5,
    0x82C5, 0x82A5, 0x82A4, 0x8AA4, 0x8A83, 0x8A83, 0x8A84, 0x92A4,
    0x92C4, 0x9AC5, 0x9AE5, 0xA305, 0xA326, 0xAB46, 0xAB46, 0xAB66,
    0xB366, 0xB387, 0xB387, 0xB3A7, 0xB3A7, 0xBBA7, 0xBBC8, 0xBBC8,
    0xBBC8, 0xBBE8, 0xBBE9, 0xBBE9, 0xBBE9, 0xBC0A, 0xBC0A, 0xBC0A,
    0xBC2A, 0xBC2B, 0xBC2B, 0xBC2B, 0xBC2B, 0xBC4B, 0xBC4B, 0xBC2B,
    0xBC2B, 0xBC4B, 0xBC4B, 0xBC2B, 0xBC2A, 0xBC0A, 0xB3E9, 0xB3C9,
    0xB3A8, 0xB3A8, 0xBBC8, 0xC3E8, 0xC429, 0xCC29, 0xCC49, 0xCC6A,
    0xCC8B, 0xCCAC, 0xD52E, 0xFD8C, 0xFD29, 0xF446, 0xDB63, 0xD323,
    0xD322, 0xD302, 0xBA40, 0x99C0, 0xB241, 0xCAA1, 0xBA40, 0xB240,
    0xB240, 0xB240, 0xB220, 0xB220, 0xAA20, 0xBAA1, 0xE446, 0xE487,
    0xDC46, 0xECA7, 0xF509, 0xF4E8, 0xF4A7, 0xF486, 0xF508, 0xFD8B,
    0xFD8B, 0xFD8B, 0xFDAB, 0xFDAB, 0xFDAB, 0xFD8A, 0xFDCC, 0xFD8B,
    0xFDAB, 0xFDCC, 0xFDAB, 0xFDAC, 0xFDCD, 0xFDAC, 0xF4E8, 0xFCE8,
    0xF485, 0xF486, 0xEC04, 0xD322, 0xBA81, 0xCAC1, 0xC2E2, 0xC2C1,
    0xC2A1, 0xAA20, 0xB220, 0xC2A1, 0xCB03, 0xB282, 0xBA81, 0xCAC1,
    0xF4A7, 0xFDCD, 0xFDEE, 0xFDEE, 0xFDAC, 0xFD4A, 0xFDCC, 0xF52B,
    0xE405, 0xF529, 0xED0B, 0xCBA4, 0xA200, 0xA1E0, 0xAA20, 0xC280,
    0xCAC0, 0xD2E1, 0xCAC1, 0xBA60, 0xBA60, 0xDB01, 0xEBC4, 0xF425,
    0xEBC4, 0xF465, 0xFDEC, 0xDD91, 0x7B6B, 0x738B, 0x6B4A, 0x6328,
    0x5AE7, 0x52C5, 0x52C5, 0x52C4, 0x52E3, 0x52E3, 0x5302, 0x5321,
    0x5340, 0x5340, 0x5340, 0x5340, 0x5340, 0x5320, 0x5300, 0x5300,
    0x5303, 0x5306, 0x5308, 0x5309, 0x530A, 0x530B, 0x530B, 0x530B,
    0x530B, 0x52EA, 0x52C9, 0x4AA7, 0x4285, 0x4263, 0x3A61, 0x3A60,
    0x3A60, 0x4280, 0x4AC0, 0x4AE0, 0x5321, 0x5322, 0x5342, 0x5342,
    0x5342, 0x5322, 0x4B02, 0x4AE2, 0x42C1, 0x4281, 0x3A60, 0x3220,
    0x3200, 0x3200, 0x3220, 0x3220, 0x3200, 0x3200, 0x29E0, 0x29C0,
    0x21A0, 0x2180, 0x2180, 0x29A0, 0x29A0, 0x29C0, 0x31C0, 0x31C0,
    0x31E0, 0x31E0, 0x3A00, 0x3A00, 0x3A20, 0x3A20, 0x3A20, 0x3A20,
    0x8AE7, 0x8AE7, 0x82C7, 0x8AE7, 0x8AE7, 0x8AE7, 0x8AE7, 0x82E7,
    0x82E6, 0x82E6, 0x82E6, 0x7AE6, 0x7AE6, 0x7AE6, 0x7AE6, 0x82E5,
    0x82E5, 0x82C4, 0x82C4, 0x8AC4, 0x8AA4, 0x8AA4, 0x92A4, 0x92C4,
    0x9AC5, 0x9AE5, 0xA305, 0xA326, 0xAB46, 0xAB46, 0xAB66, 0xB367,
    0xB387, 0xB3A7, 0xB3A7, 0xB3A7, 0xBBA7, 0xBBC8, 0xBBC8, 0xBBC8,
    0xBBE8, 0xBBE9, 0xBBE9, 0xBBE9, 0xBC0A, 0xBC0A, 0xBC0A, 0xBC2A,
    0xBC2A, 0xBC2B, 0xBC4B, 0xBC4B, 0xBC4B, 0xBC4B, 0xBC4B, 0xBC4B,
    0xBC4B, 0xBC4B, 0xBC4B, 0xBC4B, 0xBC2B, 0xBC2A, 0xB40A, 0xB3C9,
    0xB3C8, 0xB3C8, 0xBBC8, 0xC3E8, 0xC429, 0xCC29, 0xCC49, 0xCC6A,
    0xCC8B, 0xCCAD, 0xED6D, 0xFD49, 0xEC26, 0xDB43, 0xEBC4, 0xE384,
    0xBA61, 0xAA00, 0xC281, 0xC261, 0xC2A1, 0xCAC2, 0xBA61, 0xB261,
    0xBA81, 0xB240, 0xBA80, 0xB240, 0xAA20, 0xB240, 0xDBA3, 0xF50A,
    0xD406, 0xDC26, 0xECC8, 0xF529, 0xFD6A, 0xFD8A, 0xFDAC, 0xFD8B,
    0xFDAC, 0xFDAC, 0xFDAC, 0xFD8B, 0xFDAB, 0xFDAB, 0xFD8B, 0xFDAB,
    0xFDCD, 0xFE0E, 0xFDED, 0xFDED, 0xFDED, 0xFDAC, 0xFD4A, 0xFD8B,
    0xFDAB, 0xFDAB, 0xFDAC, 0xF4C8, 0xCAE1, 0xCAE1, 0xCAE2, 0xCB02,
    0xC2A1, 0xBA61, 0xBA61, 0xC2A2, 0xC2C2, 0xBAA2, 0xCAE2, 0xDB22,
    0xF529, 0xFE2F, 0xFE2F, 0xFE0E, 0xFDCD, 0xFD6B, 0xFDAC, 0xFD8C,
    0xF52A, 0xF56B, 0xDC68, 0xAA61, 0x99A0, 0x99E0, 0x91C0, 0xAA00,
    0xB240, 0xD301, 0xE382, 0xEBA3, 0xDB22, 0xD2E1, 0xD321, 0xEBE4,
    0xF405, 0xF424, 0xFD8B, 0xFED5, 0x9BED, 0x6B6B, 0x6B4A, 0x5B08,
    0x5AE7, 0x52E6, 0x52E6, 0x52E5, 0x5304, 0x5323, 0x5342, 0x5341,
    0x5B40, 0x5340, 0x5340, 0x5340, 0x5320, 0x5320, 0x5300, 0x5323,
    0x5B26, 0x5B28, 0x5B29, 0x5B2A, 0x5B2B, 0x5B2C, 0x5B4D, 0x5B4D,
    0x5B2C, 0x530B, 0x52EA, 0x4AC8, 0x4A86, 0x4264, 0x4242, 0x3A40,
    0x3A40, 0x4280, 0x4AA0, 0x4AE0, 0x5301, 0x5321, 0x5322, 0x5322,
    0x5322, 0x5322, 0x4B02, 0x4AE2, 0x42C1, 0x3A80, 0x3A40, 0x3220,
    0x3200, 0x3200, 0x3200, 0x3220, 0x3200, 0x3200, 0x29E0, 0x29C0,
    0x29A0, 0x29A0, 0x29A0, 0x29A0, 0x29C0, 0x31C0, 0x31C0, 0x31E0,
    0x31E0, 0x31E0, 0x3A00, 0x3A00, 0x3A20, 0x4240, 0x4240, 0x4240,
    0x8AE7, 0x8AE7, 0x82E7, 0x82E7, 0x82E7, 0x82E7, 0x82E7, 0x8307,
    0x8306, 0x7B06, 0x7B06, 0x7B06, 0x7B06, 0x7B06, 0x7B05, 0x7AE5,
    0x7AE5, 0x82E5, 0x82E4, 0x82E4, 0x8AC4, 0x8AC4, 0x92C4, 0x92C4,
    0x9AE5, 0x9B05, 0xA326, 0xA326, 0xAB46, 0xAB66, 0xB387, 0xB387,
    0xB3A7, 0xB3A7, 0xBBA7, 0xBBC8, 0xBBC8, 0xBBC8, 0xBBC8, 0xBBE8,
    0xBBE9, 0xBBE9, 0xBC09, 0xBC09, 0xBC0A, 0xBC2A, 0xBC2A, 0xBC2A,
    0xBC2B, 0xBC4B, 0xBC4B, 0xBC4B, 0xBC4B, 0xBC4B, 0xBC6C, 0xBC6B,
    0xBC6C, 0xC46C, 0xC46C, 0xBC4B, 0xBC2B, 0xBC2A, 0xB40A, 0xB3E9,
    0xB3C8, 0xB3C8, 0xBBC8, 0xC3E8, 0xC429, 0xCC29, 0xCC49, 0xCC6A,
    0xCC6B, 0xD4ED, 0xFD8C, 0xFCC8, 0xE3A4, 0xF426, 0xE383, 0xB261,
    0xA1E0, 0xCAE2, 0xDB43, 0xD302, 0xCAC2, 0xC2A1, 0xAA20, 0xB241,
    0xB240, 0xB240, 0xB220, 0xA1E0, 0xA1E0, 0xA1E0, 0xCB01, 0xFD2A,
    0xDC68, 0xBB23, 0xE487, 0xF52A, 0xF54A, 0xFD8B, 0xFD8B, 0xFD8A,
    0xFDCC, 0xFDAB, 0xFD8A, 0xFDAB, 0xFD6A, 0xFD09, 0xF4E8, 0xFD4A,
    0xFDEE, 0xFDEE, 0xFDED, 0xFD8B, 0xFDCD, 0xFDCD, 0xFDAC, 0xFD6B,
    0xFDAC, 0xFDED, 0xFE0E, 0xFDAC, 0xE404, 0xF4A7, 0xEC67, 0xD322,
    0xCAC2, 0xCAE2, 0xC2A2, 0xBA61, 0xCAC2, 0xCB02, 0xD322, 0xEBE4,
    0xFD6B, 0xFE2F, 0xFE2F, 0xFE0E, 0xFDEE, 0xFDCD, 0xFDCD, 0xF56B,
    0xF54B, 0xF54A, 0xBB65, 0x99E0, 0x91A0, 0xAA00, 0xAA20, 0xA1E0,
    0xA1C0, 0xCA80, 0xD2E1, 0xD301, 0xE383, 0xF405, 0xE3A4, 0xDB22,
    0xE3A4, 0xF425, 0xFD8B, 0xFF57, 0xCD51, 0x630A, 0x632A, 0x5B09,
    0x5B08, 0x5B08, 0x5B07, 0x5B26, 0x5B25, 0x5B43, 0x5B42, 0x5B62,
    0x5B61, 0x5B40, 0x5340, 0x5320, 0x5320, 0x5300, 0x5301, 0x5B25,
    0x5B27, 0x5B29, 0x634B, 0x634C, 0x634D, 0x636E, 0x6B8E, 0x636E,
    0x636D, 0x5B2C, 0x530A, 0x4AC8, 0x4A86, 0x4264, 0x4243, 0x3A41,
    0x3A40, 0x4260, 0x4280, 0x4AC0, 0x52E0, 0x5301, 0x5302, 0x5302,
    0x5322, 0x4B02, 0x4B02, 0x4AE1, 0x42A0, 0x3A80, 0x3A40, 0x3200,
    0x3200, 0x3200, 0x3200, 0x3200, 0x3220, 0x3200, 0x31E0, 0x29C0,
    0x29C0, 0x29A0, 0x29A0, 0x29C0, 0x29C0, 0x31C0, 0x31E0, 0x31E0,
    0x31E0, 0x3A00, 0x3A00, 0x3A20, 0x4220, 0x4240, 0x4260, 0x4260,
    0x8AE7, 0x8AE7, 0x82E7, 0x82E6, 0x82E6, 0x8307, 0x8307, 0x8306,
    0x7B06, 0x7B06, 0x7B06, 0x7306, 0x7305, 0x7305, 0x7305, 0x7B05,
    0x7B05, 0x7B04, 0x8304, 0x8304, 0x82E4, 0x8AC4, 0x92C4, 0x92E4,
    0x9AE5, 0x9B05, 0xA326, 0xA346, 0xAB66, 0xAB67, 0xB387, 0xB387,
    0xBBA7, 0xBBC8, 0xBBC8, 0xBBC8, 0xBBC8, 0xBBC8, 0xBBE8, 0xBBE8,
    0xBBE9, 0xBC09, 0xBC09, 0xBC0A, 0xBC0A, 0xBC2A, 0xBC2A, 0xBC2B,
    0xC44B, 0xC44B, 0xC44B, 0xC44B, 0xC46B, 0xC46C, 0xC46C, 0xC46C,
    0xC46C, 0xC46C, 0xC46C, 0xBC4B, 0xBC2B, 0xBC2B, 0xB40A, 0xB3E9,
    0xB3C9, 0xB3C8, 0xBBC8, 0xC408, 0xC429, 0xCC29, 0xCC29, 0xCC4A,
    0xCC8B, 0xED4C, 0xFDCC, 0xFCE9, 0xF405, 0xE3A4, 0xBA81, 0xBA82,
    0xD323, 0xDB64, 0xD323, 0xBA81, 0xBA61, 0xC281, 0xB261, 0xBA60,
    0xC2A1, 0xC2A1, 0xBA60, 0xB220, 0xB240, 0xB220, 0xBA80, 0xE425,
    0xECE9, 0xB303, 0xC364, 0xF4E9, 0xF529, 0xFD8B, 0xFD8A, 0xFD8B,
    0xFDAB, 0xFD8B, 0xFDAB, 0xFD08, 0xE3C4, 0xD301, 0xDB22, 0xE383,
    0xF4E9, 0xFDAC, 0xFD8B, 0xFDAC, 0xFDED, 0xFDEE, 0xFDEE, 0xFDEE,
    0xFDCD, 0xFDCD, 0xFDAC, 0xFDEE, 0xFD4A, 0xFDCD, 0xFDCD, 0xF4A7,
    0xDB84, 0xCAE2, 0xBA81, 0xAA21, 0xC281, 0xDB22, 0xEC05, 0xFDAC,
    0xFDEE, 0xFDEE, 0xFE0E, 0xF58D, 0xDC07, 0xF4E9, 0xFDAD, 0xFD8C,
    0xF54B, 0xE4C9, 0xAAE4, 0xB281, 0xB220, 0xBA60, 0xBA60, 0xC280,
    0xBA60, 0xBA40, 0xD2E1, 0xD2E1, 0xCAE1, 0xDB42, 0xF425, 0xF425,
    0xE363, 0xEBC3, 0xFD4A, 0xFF15, 0xFF16, 0x93EC, 0x5B0A, 0x5B09,
    0x6329, 0x6329, 0x6328, 0x5B26, 0x5B24, 0x5B43, 0x5B42, 0x5B62,
    0x5B61, 0x5B40, 0x5320, 0x5320, 0x5300, 0x4AE0, 0x52E2, 0x5B26,
    0x6329, 0x634B, 0x636D, 0x6B8E, 0x6B8E, 0x73AF, 0x73D0, 0x6BAF,
    0x6B8E, 0x634D, 0x5B0B, 0x52C8, 0x4A86, 0x4264, 0x4242, 0x4241,
    0x3A40, 0x3A40, 0x4260, 0x4AA0, 0x4AC0, 0x52E1, 0x52E1, 0x52E1,
    0x5301, 0x4B01, 0x4AE1, 0x4AE1, 0x42C0, 0x3A60, 0x3A40, 0x3200,
    0x3200, 0x3200, 0x3200, 0x3200, 0x3220, 0x3200, 0x3200, 0x29E0,
    0x29C0, 0x29C0, 0x29A0, 0x29C0, 0x29C0, 0x31E0, 0x31E0, 0x3200,
    0x3200, 0x3A00, 0x3A20, 0x3A20, 0x4240, 0x4240, 0x4260, 0x4260,
    0x82E7, 0x82E7, 0x82E6, 0x7AE6, 0x7B06, 0x7B06, 0x7B06, 0x7B06,
    0x7306, 0x7305, 0x7305, 0x7305, 0x7305, 0x7305, 0x7325, 0x7325,
    0x7324, 0x7B24, 0x7B24, 0x8304, 0x8304, 0x8AE4, 0x8AE4, 0x9304,
    0x9305, 0x9B05, 0xA326, 0xA346, 0xAB67, 0xB387, 0xB3A7, 0xB3A7,
    0xBBA8, 0xBBC8, 0xBBC8, 0xBBC8, 0xBBC8, 0xBBE8, 0xBBE8, 0xBC09,
    0xC409, 0xBC09, 0xBC0A, 0xBC2A, 0xBC2A, 0xBC2A, 0xBC2A, 0xC44B,
    0xBC4B, 0xC44B, 0xC46B, 0xC46B, 0xC46C, 0xC46C, 0xC46C, 0xC46C,
    0xC46C, 0xC48C, 0xC48C, 0xC46C, 0xBC4B, 0xBC2B, 0xB40A, 0xB3E9,
    0xB3C9, 0xB3C8, 0xBBE8, 0xC408, 0xC429, 0xCC29, 0xCC29, 0xC44A,
    0xCC8B, 0xFDAD, 0xFE50, 0xF467, 0xE3E5, 0xDB43, 0xD2E2, 0xDB84,
    0xDB64, 0xDB23, 0xC2C2, 0xBAA2, 0xBA81, 0xC2A1, 0xC2C1, 0xC281,
    0xC2A1, 0xC2A1, 0xC2A1, 0xBA81, 0xBA81, 0xBA60, 0xBA60, 0xCAC0,
    0xEC87, 0xD3E7, 0xAAA2, 0xECA7, 0xF529, 0xF54A, 0xFD4A, 0xFD8A,
    0xFDAC, 0xFDAC, 0xEC86, 0xD302, 0xC281, 0xBA40, 0xC281, 0xCAC1,
    0xDB42, 0xE405, 0xEC25, 0xFD8C, 0xFDED, 0xFDEE, 0xFDEE, 0xFDED,
    0xFDCD, 0xFDCD, 0xFE0F, 0xFE50, 0xFDAD, 0xFE0F, 0xFE0F, 0xFDEE,
    0xE426, 0xC2C1, 0xC2A1, 0xC281, 0xC281, 0xDB83, 0xFD6B, 0xFE2F,
    0xFE2F, 0xFDEE, 0xF52B, 0xDC07, 0xBA61, 0xCAC1, 0xEC67, 0xF56B,
    0xF56B, 0xD448, 0xBB44, 0xCB22, 0xBA60, 0xC2A0, 0xCAA0, 0xCA80,
    0xBA20, 0xB220, 0xC280, 0xD322, 0xD301, 0xCAC1, 0xDB42, 0xFCA6,
    0xFD49, 0xFCE7, 0xFDCD, 0xFEF5, 0xFF56, 0xE5B1, 0x734A, 0x632A,
    0x632A, 0x6329, 0x6328, 0x5B26, 0x5B44, 0x5B43, 0x5B42, 0x5B62,
    0x5B61, 0x5320, 0x5320, 0x5300, 0x4AE0, 0x4AC0, 0x52C4, 0x5B07,
    0x6329, 0x634C, 0x6B8D, 0x73AF, 0x73B0, 0x73D0, 0x73D1, 0x73D0,
    0x6B8F, 0x634D, 0x5B0B, 0x52C8, 0x4A86, 0x4243, 0x4242, 0x4221,
    0x3A20, 0x3A20, 0x4240, 0x4280, 0x4AA0, 0x4AC0, 0x4AC0, 0x4AC0,
    0x4AE0, 0x4AE1, 0x4AE1, 0x4AC1, 0x42A1, 0x4280, 0x3A40, 0x3200,
    0x3200, 0x3200, 0x3200, 0x3200, 0x3200, 0x3200, 0x3200, 0x29E0,
    0x29C0, 0x29C0, 0x29C0, 0x29C0, 0x29C0, 0x31C0, 0x31E0, 0x31E0,
    0x3200, 0x3A00, 0x3A20, 0x4240, 0x4240, 0x4260, 0x4260, 0x3A60,
    0x82E7, 0x82E7, 0x7AE6, 0x7AE6, 0x7306, 0x7305, 0x7306, 0x7305,
    0x7305, 0x6B04, 0x6B04, 0x6B04, 0x6B04, 0x6B04, 0x6B24, 0x6B24,
    0x7324, 0x7324, 0x7B24, 0x7B24, 0x8304, 0x8304, 0x8B04, 0x9304,
    0x9305, 0x9B25, 0xA326, 0xA346, 0xAB67, 0xB387, 0xB3A7, 0xB3A7,
    0xBBC8, 0xBBC8, 0xBBC8, 0xBBE8, 0xBBE8, 0xBBE8, 0xC409, 0xC409,
    0xC409, 0xC42A, 0xBC2A, 0xC42A, 0xC42A, 0xC44B, 0xC44B, 0xC44B,
    0xC46B, 0xC46B, 0xC46C, 0xC46C, 0xC46C, 0xC46C, 0xC48C, 0xC48C,
    0xC48C, 0xC48C, 0xC48C, 0xC46C, 0xBC4B, 0xBC2B, 0xBC0A, 0xB3E9,
    0xB3C9, 0xB3C8, 0xBBE8, 0xC408, 0xC429, 0xCC29, 0xCC49, 0xC44A,
    0xDCCA, 0xFE92, 0xFE50, 0xF466, 0xEC26, 0xCB02, 0xDB43, 0xD343,
    0xDB43, 0xD322, 0xD323, 0xC2C2, 0xAA41, 0xC2C2, 0xCAE2, 0xC281,
    0xBA60, 0xC2A1, 0xC2A1, 0xBA61, 0xBAA1, 0xCAC1, 0xC280, 0xD2E0,
    0xEC66, 0xE488, 0xBB64, 0xE467, 0xECE8, 0xF54A, 0xFD6A, 0xFD8B,
    0xF52A, 0xE405, 0xCAE1, 0xBA61, 0xAA00, 0xB220, 0xB220, 0xC281,
    0xCAC1, 0xD2E1, 0xD301, 0xE406, 0xFD6C, 0xFDEE, 0xFE0E, 0xFDCD,
    0xFE0F, 0xFE0E, 0xFE30, 0xFE50, 0xFDAC, 0xFE0F, 0xFE2F, 0xFDED,
    0xF52A, 0xE3C4, 0xD322, 0xCAE1, 0xDB83, 0xF4C8, 0xFDEE, 0xFDEE,
    0xFE0F, 0xFE2F, 0xECC9, 0xC2C2, 0xBA81, 0xC281, 0xCB02, 0xECE9,
    0xED0A, 0xBB86, 0xCBA6, 0xCB43, 0xB240, 0xC280, 0xCAC1, 0xCAC1,
    0xBA60, 0xBA60, 0xC2A1, 0xD322, 0xD322, 0xDB22, 0xE362, 0xFD08,
    0xFEB1, 0xFE91, 0xFE92, 0xFEF5, 0xFEF4, 0xEE53, 0x7B8C, 0x632B,
    0x634A, 0x6329, 0x6328, 0x6326, 0x5B44, 0x5B43, 0x5B62, 0x5B62,
    0x5B40, 0x5300, 0x5300, 0x4AE0, 0x4AC0, 0x4AA1, 0x52C5, 0x5B08,
    0x632A, 0x636C, 0x6B8E, 0x73CF, 0x73D0, 0x7BF1, 0x7BF1, 0x73D0,
    0x6B8F, 0x634C, 0x5B0A, 0x52C8, 0x4A86, 0x4A64, 0x4243, 0x4241,
    0x4240, 0x4240, 0x4240, 0x4A60, 0x4A80, 0x4A80, 0x4AA0, 0x4AA0,
    0x4AC0, 0x4AC0, 0x4AC0, 0x4AC1, 0x42C1, 0x4281, 0x3A40, 0x3A20,
    0x3200, 0x3200, 0x3200, 0x3A00, 0x3200, 0x3200, 0x31E0, 0x31E0,
    0x29C0, 0x29C0, 0x29C0, 0x29C0, 0x29C0, 0x31C0, 0x31E0, 0x31E0,
    0x31E0, 0x3A00, 0x3A20, 0x4240, 0x4260, 0x4260, 0x3A60, 0x3A60,
    0x7B06, 0x7B06, 0x7AE6, 0x72E5, 0x7305, 0x6B05, 0x6B05, 0x6B05,
    0x6AE4, 0x62E3, 0x62E3, 0x62E3, 0x62E3, 0x6303, 0x6323, 0x6323,
    0x6B23, 0x6B23, 0x7323, 0x7323, 0x7B23, 0x8324, 0x8324, 0x8B24,
    0x9325, 0x9B25, 0xA326, 0xA346, 0xAB67, 0xB387, 0xB3A7, 0xB3A7,
    0xBBC8, 0xBBC8, 0xBBE8, 0xBBE8, 0xBBE8, 0xC3E9, 0xC409, 0xC409,
    0xC429, 0xC42A, 0xC42A, 0xC44A, 0xC44B, 0xC44B, 0xC44B, 0xC44B,
    0xC46B, 0xC46C, 0xC48C, 0xC48C, 0xC48C, 0xC48C, 0xC48C, 0xC48C,
    0xC48C, 0xC48C, 0xC48C, 0xC46C, 0xBC4B, 0xBC2B, 0xBC0A, 0xB3E9,
    0xB3C9, 0xB3C8, 0xBBE8, 0xC408, 0xC429, 0xCC49, 0xCC49, 0xCC49,
    0xF5EF, 0xFF57, 0xFE2F, 0xF445, 0xDB43, 0xD323, 0xDB43, 0xD302,
    0xD323, 0xD323, 0xCAE2, 0xBA81, 0xBA61, 0xC2A2, 0xC281, 0xC2A1,
    0xC280, 0xCAC1, 0xCAE1, 0xC2A1, 0xC2A1, 0xC280, 0xCAA0, 0xCAE1,
    0xF4A8, 0xE4C9, 0xC385, 0xDC67, 0xECE8, 0xFD4A, 0xFD8B, 0xEC66,
    0xDB42, 0xBA40, 0xC280, 0xBA40, 0xB200, 0xB220, 0xB220, 0xC281,
    0xBA81, 0xBA40, 0xC281, 0xD2E2, 0xDB84, 0xF4C9, 0xF50A, 0xF50A,
    0xFE2F, 0xFE0E, 0xFE2F, 0xFDEE, 0xFE0E, 0xFE0F, 0xFE0F, 0xFE0E,
    0xFDAC, 0xFD6A, 0xFD2A, 0xF487, 0xF4E8, 0xFD8C, 0xFDEE, 0xFE0F,
    0xFE0F, 0xFDCE, 0xE4A9, 0xBA81, 0xB220, 0xC2A1, 0xC2C2, 0xD384,
    0xCBA5, 0xB325, 0xC344, 0xBA80, 0xCAE1, 0xDB22, 0xD301, 0xD2E1,
    0xD2E1, 0xC2A0, 0xCAE1, 0xD322, 0xDB42, 0xE362, 0xEBE4, 0xFD8B,
    0xFE91, 0xFEB2, 0xFEB3, 0xFEF5, 0xFDEE, 0xFDAC, 0xB46E, 0x630A,
    0x6B4B, 0x634A, 0x6348, 0x6346, 0x6365, 0x6364, 0x6363, 0x5B42,
    0x5320, 0x52E0, 0x4AC0, 0x4AC0, 0x4AC0, 0x4AC3, 0x52E6, 0x5B09,
    0x634C, 0x6B8D, 0x73AF, 0x7BD0, 0x7C11, 0x8432, 0x7C11, 0x73D0,
    0x6B8E, 0x634C, 0x630A, 0x5AE8, 0x52C7, 0x4A85, 0x4A84, 0x4A84,
    0x4A84, 0x4A83, 0x4A82, 0x4A81, 0x4A80, 0x4A80, 0x4A80, 0x4AA0,
    0x4AC0, 0x4AC0, 0x4AE1, 0x4AE1, 0x4AC1, 0x4281, 0x3A40, 0x3A20,
    0x3A20, 0x3A20, 0x3A20, 0x3A20, 0x3A20, 0x3A00, 0x3200, 0x31E0,
    0x29C0, 0x29C0, 0x29A0, 0x29C0, 0x29C0, 0x31C0, 0x31C0, 0x31E0,
    0x31E0, 0x3A00, 0x3A20, 0x3A40, 0x3A60, 0x3A60, 0x3A60, 0x3A60,
    0x7306, 0x72E5, 0x6AE5, 0x6AE4, 0x62E4, 0x62E4, 0x62E4, 0x62E3,
    0x62E3, 0x5AC2, 0x52C2, 0x52C2, 0x52E2, 0x5AE2, 0x5B02, 0x5B02,
    0x6302, 0x6323, 0x6B23, 0x7323, 0x7323, 0x7B23, 0x8324, 0x8B24,
    0x8B25, 0x9345, 0x9B46, 0xA366, 0xAB87, 0xB387, 0xB3A7, 0xB3A7,
    0xBBC8, 0xBBC8, 0xBBE8, 0xBBE8, 0xBBE9, 0xC409, 0xC409, 0xC429,
    0xC42A, 0xC42A, 0xC42A, 0xC44B, 0xC44B, 0xC44B, 0xC46B, 0xC46B,
    0xC46C, 0xC48C, 0xC48C, 0xC48C, 0xC48C, 0xC48C, 0xC48C, 0xC48C,
    0xC48C, 0xC48C, 0xC48C, 0xC46C, 0xBC4B, 0xBC2B, 0xBC0A, 0xB3E9,
    0xB3E9, 0xB3C9, 0xBBE8, 0xC408, 0xC429, 0xCC49, 0xCC29, 0xDD0D,
    0xFF57, 0xFF37, 0xFE50, 0xF4A6, 0xF425, 0xE3A4, 0xD323, 0xD322,
    0xE384, 0xE384, 0xCAC2, 0xBA81, 0xC2A1, 0xCB02, 0xC281, 0xCAC1,
    0xCAC1, 0xCAC1, 0xCAC1, 0xC2A1, 0xCAC1, 0xC281, 0xBA60, 0xCAE1,
    0xEC45, 0xF509, 0xBB64, 0xCBE6, 0xECC8, 0xF54A, 0xF4E8, 0xD2E1,
    0xC260, 0xBA61, 0xB240, 0xA9E0, 0xB240, 0xBA40, 0xCAA1, 0xC281,
    0xB261, 0xB241, 0xBA61, 0xC281, 0xCAC1, 0xD302, 0xCAC1, 0xCB02,
    0xECA8, 0xF509, 0xFDCD, 0xFE2F, 0xFE2F, 0xFE2F, 0xFE51, 0xFE0E,
    0xFDED, 0xFE2E, 0xFE2F, 0xFDED, 0xFD8C, 0xFDAD, 0xFE2F, 0xFE50,
    0xFE50, 0xFDAD, 0xD3C6, 0xAA21, 0xA1E0, 0xB261, 0xBA81, 0xB261,
    0xAAA2, 0xAAE4, 0xAA81, 0xCAE1, 0xDB42, 0xDB22, 0xDB22, 0xDB22,
    0xE362, 0xD322, 0xCAC1, 0xD322, 0xDB42, 0xE342, 0xF404, 0xFDAB,
    0xFE70, 0xFE91, 0xFEB3, 0xFEF5, 0xFE50, 0xFCC7, 0xDCAC, 0x6B2B,
    0x6B6B, 0x6B6A, 0x6B48, 0x6B67, 0x6366, 0x6364, 0x6363, 0x5B41,
    0x5300, 0x4AC0, 0x4AA0, 0x4AC0, 0x4AA3, 0x52C5, 0x5AE8, 0x632B,
    0x6B6D, 0x73AF, 0x7BF0, 0x7C12, 0x8432, 0x8433, 0x7C12, 0x7BD0,
    0x73AE, 0x6B6D, 0x634B, 0x5B09, 0x5AE8, 0x52C6, 0x52C6, 0x52C6,
    0x52C6, 0x52C6, 0x52C5, 0x52C4, 0x52C3, 0x4AA1, 0x4AA0, 0x4AA0,
    0x4AC0, 0x4AE1, 0x4AE1, 0x4AE1, 0x4AC1, 0x42A1, 0x4260, 0x3A41,
    0x4242, 0x3A42, 0x3A22, 0x4243, 0x4223, 0x3A22, 0x3A01, 0x31E0,
    0x31C0, 0x29C0, 0x29A0, 0x29A0, 0x29C0, 0x31C0, 0x31C0, 0x31E0,
    0x31E0, 0x3A00, 0x3A20, 0x3A40, 0x3A60, 0x4260, 0x3A60, 0x3A60,
    0x6AE5, 0x6AE5, 0x62E4, 0x62C3, 0x5AE3, 0x5AE3, 0x5AC3, 0x52C3,
    0x52C2, 0x4AA1, 0x4AA1, 0x4AC1, 0x4AC1, 0x52C1, 0x52E1, 0x5301,
    0x5B02, 0x5B22, 0x6322, 0x6B22, 0x7322, 0x7323, 0x7B23, 0x8324,
    0x8B45, 0x9345, 0x9B46, 0xA366, 0xAB87, 0xB387, 0xB3A7, 0xB3A7,
    0xBBC8, 0xBBC8, 0xBBE8, 0xBBE8, 0xC3E9, 0xC409, 0xC409, 0xC42A,
    0xC42A, 0xC44A, 0xC44B, 0xC44B, 0xC46B, 0xC46B, 0xC46B, 0xC46C,
    0xC48C, 0xC48C, 0xC48C, 0xC48C, 0xC48C, 0xC4AD, 0xC4AD, 0xC4AD,
    0xC4AC, 0xC48C, 0xC48C, 0xC46C, 0xBC4B, 0xBC2B, 0xBC0A, 0xB3E9,
    0xB3C9, 0xB3C8, 0xBBE8, 0xC408, 0xCC29, 0xCC49, 0xCC29, 0xE5D0,
    0xFF78, 0xFF15, 0xFE92, 0xFDED, 0xFD8B, 0xEC05, 0xE383, 0xEC46,
    0xF467, 0xD322, 0xB241, 0xBA82, 0xCAC2, 0xCAE2, 0xC2A1, 0xC281,
    0xC2A1, 0xBAA1, 0xC281, 0xBA61, 0xC2A0, 0xD2E1, 0xCAC0, 0xE404,
    0xFD4A, 0xF54A, 0xCC06, 0xB364, 0xE487, 0xF4C8, 0xDB62, 0xBA60,
    0xBA61, 0xC281, 0xA1E0, 0xAA21, 0xC2A1, 0xC281, 0xD2E2, 0xB241,
    0xB241, 0xC2A2, 0xC2A1, 0xC2A1, 0xCAC1, 0xCAC1, 0xC281, 0xC2A1,
    0xDB22, 0xE383, 0xF4A8, 0xFD6B, 0xFE2F, 0xFE2F, 0xFE30, 0xFDCD,
    0xFE0F, 0xFE2F, 0xFE2E, 0xFDCD, 0xFDCD, 0xFDCD, 0xFE2F, 0xFE30,
    0xFE0E, 0xF52C, 0xBAA2, 0x99E0, 0x99C0, 0xAA00, 0xAA41, 0xA221,
    0x9221, 0x9A62, 0xB281, 0xCB02, 0xCB01, 0xC2A0, 0xCAE1, 0xCAE1,
    0xC2A1, 0xD302, 0xDB22, 0xCAE1, 0xDB21, 0xEBA2, 0xFCA7, 0xFDED,
    0xFE2E, 0xFE91, 0xFEB3, 0xFED4, 0xFEF5, 0xFD8B, 0xECCA, 0x7B8C,
    0x736C, 0x736B, 0x6B69, 0x6B68, 0x6B66, 0x6365, 0x5B43, 0x5321,
    0x52E0, 0x4AC0, 0x4AA0, 0x4AC2, 0x52C5, 0x52C7, 0x5B0A, 0x6B6D,
    0x738F, 0x7BD0, 0x7C12, 0x8432, 0x8453, 0x8432, 0x7C11, 0x7BD0,
    0x73AE, 0x738D, 0x6B6B, 0x634A, 0x6329, 0x6309, 0x6309, 0x6329,
    0x5B29, 0x5B09, 0x5B08, 0x5B07, 0x5AE5, 0x52C3, 0x4AC0, 0x4AC0,
    0x4AE0, 0x4AE1, 0x4B01, 0x4AE1, 0x4AE1, 0x4AC1, 0x42A2, 0x4283,
    0x4284, 0x4264, 0x4265, 0x4265, 0x4265, 0x4245, 0x4224, 0x3A01,
    0x31C0, 0x29C0, 0x29A0, 0x29A0, 0x29C0, 0x31C0, 0x31C0, 0x31E0,
    0x31E0, 0x3A00, 0x3A20, 0x3A40, 0x3A60, 0x4260, 0x4260, 0x3A60,
    0x62C4, 0x62C4, 0x5AC3, 0x5AC2, 0x52C2, 0x52C2, 0x52C2, 0x4AA1,
    0x4AA1, 0x42A0, 0x42A0, 0x42A0, 0x42A0, 0x4AC0, 0x4AC0, 0x4AE0,
    0x5301, 0x5301, 0x5B21, 0x6322, 0x6B22, 0x7323, 0x7B43, 0x8344,
    0x8B44, 0x9345, 0x9B66, 0xA366, 0xAB87, 0xAB87, 0xB3A7, 0xB3A7,
    0xBBC8, 0xBBE8, 0xBBE8, 0xBBE8, 0xC409, 0xC409, 0xC429, 0xC42A,
    0xC42A, 0xC44B, 0xC44B, 0xC46B, 0xC46B, 0xC46B, 0xC46C, 0xC48C,
    0xC48C, 0xC48C, 0xC48C, 0xC48C, 0xC4AD, 0xC4AD, 0xC4AD, 0xC4AD,
    0xC4AD, 0xC4AC, 0xC48C, 0xC46C, 0xBC4C, 0xBC2B, 0xBC0A, 0xB3E9,
    0xB3C9, 0xB3C8, 0xBBE8, 0xC408, 0xCC29, 0xCC49, 0xCC49, 0xF694,
    0xFE92, 0xFED4, 0xFE92, 0xFE91, 0xFDCD, 0xF486, 0xF509, 0xFD4A,
    0xE383, 0xB220, 0xC2A1, 0xD2E2, 0xCAC1, 0xCAA1, 0xC2C1, 0xC2A1,
    0xBA81, 0xBA81, 0xCAC1, 0xC281, 0xDB83, 0xEC87, 0xF4A7, 0xF4E7,
    0xFDAB, 0xFD8B, 0xE4A8, 0xB344, 0xDC47, 0xE426, 0xBA60, 0xAA00,
    0xAA20, 0xB220, 0xB240, 0xCAA1, 0xCA81, 0xCAA1, 0xB220, 0xC281,
    0xC2A2, 0xC2A2, 0xC281, 0xCAC2, 0xD2E1, 0xCAC1, 0xCAE2, 0xCB03,
    0xD322, 0xDB22, 0xDB43, 0xE383, 0xFD4A, 0xFE50, 0xFE0F, 0xFE2F,
    0xFE50, 0xFE2F, 0xFE2F, 0xFE0E, 0xFE0E, 0xFE0E, 0xFE0F, 0xFE0E,
    0xFDCE, 0xECCA, 0xC303, 0x99C0, 0x91A0, 0x99C0, 0xAA21, 0x91E0,
    0x79C0, 0xBB23, 0xC2C1, 0xC2C0, 0xC2A0, 0xC2A0, 0xC280, 0xBA60,
    0xBA40, 0xC260, 0xDB21, 0xEC04, 0xFD08, 0xFD49, 0xFD8B, 0xFE2F,
    0xFE4F, 0xFE71, 0xFEB2, 0xFEB3, 0xFF15, 0xFED5, 0xFDCE, 0x9C0D,
    0x738D, 0x7BAC, 0x738A, 0x7389, 0x6B67, 0x6346, 0x5B23, 0x5300,
    0x4AE0, 0x42A0, 0x4AC1, 0x52C5, 0x52E7, 0x5B09, 0x634C, 0x6B8E,
    0x73D0, 0x7C11, 0x8432, 0x8452, 0x8432, 0x8411, 0x7BF0, 0x7BCF,
    0x7BCE, 0x73AD, 0x738C, 0x6B6B, 0x6B6B, 0x6B6C, 0x6B8D, 0x6B8D,
    0x6B8D, 0x6B8C, 0x6B6B, 0x634A, 0x5B28, 0x5B06, 0x52E3, 0x52E1,
    0x52E1, 0x5301, 0x5301, 0x4B02, 0x4B01, 0x4AE1, 0x4AC3, 0x4AC5,
    0x4AA6, 0x4AA7, 0x4A87, 0x4A87, 0x4A87, 0x4A87, 0x4246, 0x4223,
    0x39E1, 0x31C0, 0x29A0, 0x29C0, 0x31C0, 0x31C0, 0x31E0, 0x31E0,
    0x31E0, 0x3A00, 0x3A20, 0x3A40, 0x4261, 0x4261, 0x4262, 0x4261,
    0x5AA3, 0x5AC2, 0x52C2, 0x52A2, 0x4AA1, 0x4AA1, 0x4AA0, 0x42A0,
    0x4280, 0x3A80, 0x3A80, 0x3A80, 0x4280, 0x42A0, 0x42C0, 0x4AE0,
    0x4AE0, 0x5301, 0x5301, 0x5B21, 0x6322, 0x6B42, 0x7343, 0x7B43,
    0x8344, 0x8B65, 0x9365, 0x9B66, 0xAB86, 0xAB87, 0xB3A7, 0xB3A7,
    0xBBC8, 0xBBE8, 0xBBE8, 0xC3E8, 0xC409, 0xC409, 0xC42A, 0xC42A,
    0xC44A, 0xC44B, 0xC46B, 0xC46B, 0xC46C, 0xC48C, 0xC48C, 0xC48C,
    0xC48C, 0xC48C, 0xC4AD, 0xC4AD, 0xC4AD, 0xC4AD, 0xC4AD, 0xC4AD,
    0xC4AD, 0xC4AD, 0xC48C, 0xC48C, 0xC46C, 0xBC4B, 0xBC0A, 0xB3E9,
    0xB3C9, 0xB3C8, 0xBBE8, 0xC409, 0xCC49, 0xCC29, 0xDD2D, 0xFE30,
    0xFD4B, 0xFEF4, 0xFE71, 0xFE70, 0xFE2F, 0xFE2F, 0xFE4F, 0xFDCC,
    0xF466, 0xDB62, 0xEBA3, 0xE383, 0xD301, 0xD2C1, 0xCAC1, 0xBA81,
    0xC280, 0xCAA1, 0xD301, 0xF445, 0xFD8A, 0xFDCC, 0xFDCC, 0xFDED,
    0xFDCC, 0xFDAC, 0xF52A, 0xBB85, 0xCC27, 0xCB84, 0xB220, 0xB220,
    0xA1E0, 0x99C0, 0xAA00, 0xAA00, 0xBA60, 0xC281, 0xC2A1, 0xC2A1,
    0xBA81, 0xBA61, 0xBA81, 0xBA81, 0xCAA1, 0xD2E1, 0xCAC2, 0xC2A1,
    0xC2A1, 0xCAA1, 0xC2A1, 0xCAC2, 0xE3C4, 0xFDEE, 0xFE2F, 0xFE0F,
    0xFE50, 0xFE2F, 0xFE2F, 0xFE2F, 0xFE0F, 0xFE2F, 0xFE0F, 0xFE2F,
    0xFDAD, 0xDBC6, 0xC2A2, 0x91A0, 0x99C0, 0x99C0, 0xA200, 0x7960,
    0x8202, 0xCB84, 0xC2A0, 0xBA60, 0xCAC1, 0xC280, 0xBA60, 0xC280,
    0xCAC1, 0xDB62, 0xF486, 0xFDCB, 0xFE0D, 0xFE0E, 0xFDEE, 0xFDED,
    0xFE2E, 0xFE91, 0xFED3, 0xFE92, 0xFEB3, 0xFF17, 0xFF37, 0xC510,
    0x7BAD, 0x7BAD, 0x7BAB, 0x738A, 0x6B68, 0x6346, 0x5B04, 0x52E1,
    0x4AC0, 0x42A0, 0x4AC3, 0x5B07, 0x5B29, 0x634B, 0x6B6E, 0x73B0,
    0x7BF1, 0x7C11, 0x8432, 0x8432, 0x8431, 0x7C10, 0x7BCE, 0x73AD,
    0x73AD, 0x73CD, 0x73AD, 0x73AD, 0x73CD, 0x7BEF, 0x7C10, 0x7C10,
    0x7C10, 0x73EF, 0x73AE, 0x6B8C, 0x636A, 0x5B28, 0x5B05, 0x5302,
    0x5301, 0x5302, 0x5302, 0x5302, 0x4B01, 0x4AE2, 0x52E5, 0x52E7,
    0x52E8, 0x52C9, 0x52C9, 0x52C9, 0x52C9, 0x52C9, 0x4A88, 0x4225,
    0x3A02, 0x31C0, 0x31C0, 0x31C0, 0x31C0, 0x31E0, 0x31E0, 0x39E0,
    0x3A00, 0x3A00, 0x3A20, 0x3A40, 0x4261, 0x4282, 0x4283, 0x4283,
    0x52A2, 0x52A2, 0x52A2, 0x4AA1, 0x42A0, 0x42A0, 0x42A0, 0x4280,
    0x3A80, 0x3A80, 0x3A60, 0x3A80, 0x3A80, 0x3A80, 0x42A0, 0x42C0,
    0x4AE0, 0x4B00, 0x5300, 0x5321, 0x5B22, 0x6B42, 0x7363, 0x7B43,
    0x8364, 0x8B65, 0x9365, 0x9B66, 0xA386, 0xAB87, 0xB3A7, 0xB3A7,
    0xBBC8, 0xBBC8, 0xBBE8, 0xC3E9, 0xC409, 0xC429, 0xC42A, 0xC42A,
    0xC44B, 0xC44B, 0xC46B, 0xC46B, 0xC46C, 0xC48C, 0xC48C, 0xC48C,
    0xC4AC, 0xC4AD, 0xC4AD, 0xC4AD, 0xC4AD, 0xC4AD, 0xC4AD, 0xC4AD,
    0xC4AD, 0xC4AD, 0xC4AC, 0xC48C, 0xBC6C, 0xBC4B, 0xBC0A, 0xB3E9,
    0xB3C9, 0xB3C8, 0xBBE8, 0xC429, 0xCC49, 0xCC49, 0xE54D, 0xFCE9,
    0xF58D, 0xFEF4, 0xFE50, 0xFEB2, 0xFEB2, 0xFE50, 0xFE4F, 0xFE2F,
    0xFE2E, 0xFDCB, 0xFD8A, 0xFDAB, 0xF4A7, 0xEBA2, 0xEBE4, 0xE3C3,
    0xDB62, 0xEBE4, 0xF4E8, 0xFDAB, 0xFDED, 0xFDAC, 0xFDCC, 0xFDED,
    0xFDED, 0xFDAC, 0xFD6B, 0xD448, 0xC3A6, 0xC2E2, 0xAA20, 0xAA00,
    0xAA20, 0xAA00, 0xAA00, 0x99A0, 0xA1E0, 0xBA61, 0xD2E1, 0xAA01,
    0x99E0, 0xC2A1, 0xCAE2, 0xCAE2, 0xCAC1, 0xCAC1, 0xCAA1, 0xBA61,
    0xB241, 0xBA81, 0xC2A1, 0xCAE2, 0xD302, 0xEC88, 0xFE2F, 0xFE0F,
    0xFE30, 0xFE2F, 0xFE2F, 0xFE2F, 0xFDEE, 0xFDCE, 0xF4E9, 0xEC88,
    0xEC68, 0xCB03, 0xC2A1, 0xB241, 0xAA20, 0xAA20, 0xA221, 0x7160,
    0x9283, 0xDBC5, 0xBA60, 0xC280, 0xD2E1, 0xCAA0, 0xC280, 0xD322,
    0xF486, 0xFDAB, 0xFE0D, 0xFE0E, 0xFE4F, 0xFE2E, 0xFE50, 0xFE2F,
    0xFE0E, 0xFE0F, 0xFE71, 0xFEB3, 0xFE92, 0xFE93, 0xFF78, 0xE634,
    0x83AE, 0x83CD, 0x7BAC, 0x738A, 0x6B69, 0x6326, 0x5B04, 0x52E1,
    0x4AC0, 0x4AC1, 0x52E6, 0x6329, 0x634B, 0x6B6D, 0x6B8F, 0x73D0,
    0x7BF1, 0x7C12, 0x8432, 0x8432, 0x7C11, 0x7BCF, 0x73AD, 0x738C,
    0x73AC, 0x73CD, 0x7BCD, 0x7BEE, 0x840F, 0x8451, 0x8C72, 0x8452,
    0x8452, 0x8431, 0x7BEF, 0x73AE, 0x6B8C, 0x634A, 0x5B26, 0x5303,
    0x5302, 0x5301, 0x5301, 0x5301, 0x4B01, 0x4AE3, 0x5306, 0x5B08,
    0x5B0A, 0x5B0A, 0x52EA, 0x52EB, 0x52EB, 0x52EA, 0x4AA9, 0x4247,
    0x4224, 0x39E0, 0x31C0, 0x39E0, 0x39E0, 0x39E0, 0x3A00, 0x3A00,
    0x3A00, 0x3A20, 0x3A40, 0x4261, 0x4282, 0x4AA3, 0x4AC4, 0x4AA4,
    0x4A81, 0x4A81, 0x4A81, 0x4AA0, 0x42A0, 0x42A0, 0x3AA0, 0x3A80,
    0x3A80, 0x3260, 0x3260, 0x3260, 0x3A60, 0x3A80, 0x3AA0, 0x42C0,
    0x42E0, 0x4AE0, 0x5300, 0x5320, 0x5B21, 0x6341, 0x6B62, 0x7363,
    0x8364, 0x8B64, 0x9365, 0x9B66, 0xA366, 0xAB87, 0xB3A7, 0xB3A7,
    0xBBC8, 0xBBC8, 0xBBE8, 0xC409, 0xC429, 0xC429, 0xC42A, 0xC44A,
    0xC44B, 0xC44B, 0xC46B, 0xC46B, 0xC46C, 0xC48C, 0xC48C, 0xC48C,
    0xC4AC, 0xC4AD, 0xC4AD, 0xC4AD, 0xC4AD, 0xC4AD, 0xC4AD, 0xCCAD,
    0xCCAD, 0xCCAD, 0xC4AD, 0xC48C, 0xBC6C, 0xBC4B, 0xBC0A, 0xB3E9,
    0xB3E9, 0xB3C8, 0xBBE8, 0xC429, 0xCC49, 0xCC6A, 0xED4C, 0xFCA8,
    0xFE52, 0xFED4, 0xFEB3, 0xFEB3, 0xFE71, 0xFE50, 0xFE70, 0xFE70,
    0xFE4F, 0xFE4F, 0xFE0D, 0xFE2E, 0xFD8A, 0xFD8B, 0xFDAB, 0xFDAA,
    0xFDAB, 0xFDCB, 0xFDED, 0xFE0D, 0xFDED, 0xFDCC, 0xFE0D, 0xFDCD,
    0xFDED, 0xF56B, 0xE487, 0xDC48, 0xBB44, 0xAA20, 0xA200, 0xAA41,
    0xBA81, 0xC281, 0xB240, 0xAA00, 0xA1E0, 0xB240, 0xAA00, 0x99C0,
    0xA200, 0xBA81, 0xCAC2, 0xCB02, 0xCAE2, 0xCAA1, 0xB220, 0xBA61,
    0xB241, 0xBA81, 0xCAE2, 0xD2E2, 0xCAC1, 0xE3A4, 0xFDAC, 0xFE30,
    0xFE0E, 0xFE2F, 0xFE2F, 0xFE4F, 0xFDEE, 0xF50A, 0xE3A5, 0xD323,
    0xD343, 0xCB03, 0xC2E2, 0xAA21, 0xAA20, 0xB261, 0x91E0, 0x7980,
    0xC3E7, 0xE466, 0xDB41, 0xEC04, 0xF445, 0xEC24, 0xF4A6, 0xFD8A,
    0xFE0D, 0xFE0E, 0xFE2E, 0xFE2E, 0xFE4F, 0xFE4F, 0xFE2F, 0xFE70,
    0xFEB2, 0xECEA, 0xDBA4, 0xF4C9, 0xFDCD, 0xFE0E, 0xFE0F, 0xFEF7,
    0x9C2F, 0x7BAD, 0x7BCD, 0x738B, 0x6B69, 0x6326, 0x5B04, 0x52E2,
    0x52E1, 0x52C4, 0x5B08, 0x634B, 0x6B6D, 0x6B8E, 0x73D0, 0x73F1,
    0x7C11, 0x7C12, 0x7C11, 0x7BF0, 0x7BCF, 0x73AD, 0x738B, 0x6B6A,
    0x738B, 0x73CC, 0x7BED, 0x840F, 0x8451, 0x8C73, 0x94B4, 0x8CB4,
    0x8C94, 0x8453, 0x7C31, 0x73EF, 0x6BAD, 0x636B, 0x6348, 0x5B25,
    0x5302, 0x5301, 0x52E1, 0x52E1, 0x52E1, 0x52E3, 0x5307, 0x5B2A,
    0x5B2B, 0x5B2C, 0x5B0C, 0x5B0C, 0x5B0C, 0x5AEC, 0x52CA, 0x4A88,
    0x4224, 0x3A00, 0x39E0, 0x3A00, 0x3A01, 0x3A01, 0x3A00, 0x3A20,
    0x3A20, 0x3A20, 0x3A40, 0x4261, 0x4283, 0x4AA4, 0x4AC5, 0x4AC6,
    0x4A80, 0x4260, 0x4280, 0x4280, 0x42A0, 0x42A0, 0x42A0, 0x3A80,
    0x3A60, 0x3260, 0x3260, 0x3260, 0x3260, 0x3A80, 0x3AA0, 0x42C0,
    0x42E0, 0x4B00, 0x4B00, 0x5300, 0x5321, 0x6341, 0x6B62, 0x7363,
    0x8364, 0x8B64, 0x9365, 0x9B66, 0xA366, 0xAB87, 0xAB87, 0xB3A7,
    0xBBC8, 0xBBC8, 0xBBE8, 0xC3E9, 0xC409, 0xC429, 0xC42A, 0xC44A,
    0xC44B, 0xC44B, 0xC46B, 0xC46B, 0xC46C, 0xC48C, 0xC4AC, 0xC4AC,
    0xC4AD, 0xC4AD, 0xC4AD, 0xC4AD, 0xC4AD, 0xC4AD, 0xC4AD, 0xCCAD,
    0xCCAD, 0xCCAD, 0xC4AD, 0xC48C, 0xC46C, 0xBC4B, 0xBC0A, 0xB3E9,
    0xB3C9, 0xB3C8, 0xBBE8, 0xC409, 0xCC49, 0xCC8A, 0xF50A, 0xFCEA,
    0xFF16, 0xFEF5, 0xFE92, 0xFE50, 0xFE51, 0xFE71, 0xFE4F, 0xFE2F,
    0xFE2F, 0xFE2E, 0xFDED, 0xFDEC, 0xFDCC, 0xFE2E, 0xFE0D, 0xFDEC,
    0xFE0E, 0xFDED, 0xFDEC, 0xFDAB, 0xFE0D, 0xFDED, 0xFDED, 0xFDED,
    0xFDCC, 0xFD8C, 0xDC27, 0xBAE3, 0x9A83, 0x7940, 0x89A0, 0x91E1,
    0xAA41, 0xB220, 0xAA00, 0xBA40, 0xC281, 0xB241, 0xA1E0, 0xCAA1,
    0xBA61, 0xBA61, 0xCAC1, 0xCAC1, 0xCAC1, 0xD301, 0xC281, 0xBA41,
    0xCAE1, 0xC2A1, 0xCAC2, 0xC2A2, 0xC2A1, 0xE3E5, 0xFDED, 0xFE2F,
    0xFE50, 0xFE2F, 0xFE2F, 0xFE4F, 0xFDAC, 0xE406, 0xD302, 0xCAE2,
    0xD323, 0xCAE2, 0xBA81, 0xAA21, 0xA200, 0xB241, 0x89C0, 0x8A22,
    0xE4E9, 0xF52A, 0xFD8A, 0xFDCC, 0xFDCB, 0xFDCC, 0xFE0D, 0xFDAA,
    0xFDAB, 0xFDEC, 0xFDCC, 0xFDCC, 0xFE2E, 0xFE2F, 0xF4E9, 0xF4A8,
    0xFD8D, 0xFD4B, 0xD303, 0xCAE2, 0xE3A4, 0xFCE9, 0xFCA7, 0xFE71,
    0xCD73, 0x7BAE, 0x7BCD, 0x738B, 0x6B49, 0x6326, 0x5B04, 0x5AE4,
    0x52E4, 0x5AE6, 0x632A, 0x6B6D, 0x73AE, 0x73B0, 0x73F1, 0x7C12,
    0x7C12, 0x7C11, 0x7BF0, 0x73CF, 0x738D, 0x6B6B, 0x6B49, 0x6B48,
    0x7389, 0x73CC, 0x7C0E, 0x8430, 0x8C72, 0x9494, 0x94B5, 0x94D6,
    0x94B5, 0x8C94, 0x8452, 0x7C10, 0x73CE, 0x6B8C, 0x6349, 0x5B26,
    0x5302, 0x52E1, 0x52E1, 0x4AC1, 0x4AC0, 0x52E3, 0x5308, 0x5B4B,
    0x634D, 0x634D, 0x5B4D, 0x5B4D, 0x5B2D, 0x5B2D, 0x52EC, 0x4A89,
    0x4245, 0x4201, 0x3A01, 0x3A01, 0x4201, 0x4221, 0x4221, 0x4221,
    0x4220, 0x3A20, 0x4220, 0x4241, 0x4A83, 0x4AC5, 0x4AC6, 0x52E7,
    0x4A81, 0x4260, 0x4260, 0x4280, 0x42A0, 0x42A0, 0x42A0, 0x3A80,
    0x3A60, 0x3260, 0x3240, 0x3260, 0x3260, 0x3A80, 0x42C0, 0x42E0,
    0x42E0, 0x4B00, 0x4B00, 0x5300, 0x5B21, 0x6341, 0x6B62, 0x7B63,
    0x8364, 0x8B64, 0x9365, 0x9B66, 0xA366, 0xAB66, 0xB387, 0xB3A7,
    0xBBA7, 0xBBC8, 0xBBE8, 0xC3E9, 0xC409, 0xC429, 0xC42A, 0xC44A,
    0xC44B, 0xC46B, 0xC46B, 0xC46C, 0xC48C, 0xC48C, 0xC4AC, 0xC4AD,
    0xCCAD, 0xCCAD, 0xCCAD, 0xC4AD, 0xC4AD, 0xC4AD, 0xCCAD, 0xCCAD,
    0xCCAD, 0xCCAD, 0xC4AD, 0xC48C, 0xC46C, 0xBC4B, 0xBC2A, 0xB3E9,
    0xB3E9, 0xB3E8, 0xBBE8, 0xC409, 0xC429, 0xD48A, 0xFCC8, 0xFE10,
    0xFF57, 0xFED4, 0xFE91, 0xFE91, 0xFE71, 0xFE2F, 0xFE0E, 0xFE2F,
    0xFE70, 0xFE2F, 0xFE0D, 0xFDEC, 0xFE0E, 0xFE0D, 0xFDED, 0xFE2E,
    0xFE0D, 0xFE0D, 0xFDEC, 0xFD8A, 0xFDCC, 0xFDED, 0xFDED, 0xFDED,
    0xFDED, 0xF52A, 0xD385, 0xBAC2, 0x89E1, 0x6100, 0x7960, 0x99E0,
    0xAA20, 0xB240, 0xBA61, 0xBA61, 0xCAC1, 0xAA20, 0xB261, 0xD302,
    0xCAE2, 0xC281, 0xDB01, 0xD322, 0xBA61, 0xCAE1, 0xCAA1, 0xCAE2,
    0xD302, 0xC2A1, 0xCAC1, 0xBA61, 0xCAA1, 0xEC46, 0xFE50, 0xFE2F,
    0xFE2F, 0xFE71, 0xFE50, 0xFDCD, 0xEC47, 0xD323, 0xD302, 0xC2A1,
    0xC2A2, 0xBAA2, 0xA201, 0xAA41, 0xA200, 0x9A01, 0x81C0, 0xB385,
    0xF52A, 0xFD8B, 0xFDED, 0xFDCC, 0xFE0E, 0xFDCC, 0xFD8B, 0xFD8A,
    0xFDAB, 0xFDCC, 0xFDED, 0xFDED, 0xF4E9, 0xEC46, 0xEC05, 0xDB42,
    0xE3A3, 0xEC26, 0xEBE5, 0xD302, 0xDB43, 0xF467, 0xFC87, 0xFD4A,
    0xD5D3, 0x7BCF, 0x7BCE, 0x738B, 0x6B49, 0x6327, 0x5B05, 0x5B05,
    0x5B06, 0x6308, 0x634B, 0x738E, 0x7BCF, 0x7BF0, 0x7C11, 0x7C12,
    0x7C12, 0x7C11, 0x73CF, 0x738D, 0x6B6B, 0x6B49, 0x6B47, 0x6B47,
    0x7369, 0x7BCC, 0x840E, 0x8430, 0x8C72, 0x94B4, 0x94D5, 0x9CF6,
    0x94F6, 0x8CB5, 0x8473, 0x7C32, 0x73EF, 0x6BAD, 0x636A, 0x5B26,
    0x5AE3, 0x52C0, 0x4AC0, 0x4AC0, 0x4AC0, 0x52C3, 0x5308, 0x634C,
    0x636E, 0x638F, 0x638F, 0x636F, 0x636F, 0x5B4E, 0x530D, 0x4AA9,
    0x4A66, 0x4222, 0x4221, 0x4222, 0x4221, 0x4221, 0x4221, 0x4221,
    0x4221, 0x4220, 0x4220, 0x4261, 0x4A83, 0x4AC6, 0x52C7, 0x52E8,
    0x4A81, 0x4260, 0x4260, 0x4260, 0x4280, 0x42A0, 0x3A80, 0x3A80,
    0x3A60, 0x3240, 0x3240, 0x3260, 0x3A80, 0x3AA0, 0x42C0, 0x42E0,
    0x42E0, 0x42E0, 0x4AE0, 0x5300, 0x5321, 0x6341, 0x6B62, 0x7B63,
    0x8344, 0x8B44, 0x9345, 0x9B65, 0xA366, 0xAB66, 0xAB87, 0xB387,
    0xBBA7, 0xBBC8, 0xBBE8, 0xC409, 0xC409, 0xC42A, 0xC42A, 0xC44B,
    0xC44B, 0xC46B, 0xC46B, 0xC46C, 0xC48C, 0xC48C, 0xC4AC, 0xCCAD,
    0xCCAD, 0xCCAD, 0xCCCD, 0xC4AD, 0xC4AD, 0xC4AD, 0xC4AD, 0xC4AD,
    0xC4AD, 0xC4AD, 0xC4AD, 0xC48C, 0xC46C, 0xBC4B, 0xBC2B, 0xB3EA,
    0xB3E9, 0xBBE8, 0xBBE8, 0xC409, 0xC429, 0xDCA9, 0xFDEE, 0xFF57,
    0xFEF5, 0xFEF4, 0xFEF3, 0xF58C, 0xE406, 0xFDCE, 0xFE4F, 0xFDAD,
    0xFD8C, 0xFE0E, 0xFE2E, 0xFE0E, 0xFDAC, 0xFDCC, 0xFE0D, 0xFE0D,
    0xFE0D, 0xFDED, 0xFDAB, 0xFDAB, 0xFDEC, 0xFE0E, 0xFE0E, 0xFE0E,
    0xFE0E, 0xF50A, 0xCAE2, 0xC2C2, 0xA241, 0x5900, 0x7960, 0xA1E0,
    0xB240, 0xC281, 0xCAC2, 0xC2A2, 0xC2A1, 0xB241, 0xBAA2, 0xC2A1,
    0xC2A2, 0xBA81, 0xD2E2, 0xCAA1, 0xB241, 0xC2C1, 0xCAE2, 0xCAC2,
    0xBAA2, 0xCAE2, 0xD2E1, 0xC2A1, 0xD2E1, 0xF4E9, 0xFE50, 0xFE2F,
    0xFE30, 0xFE30, 0xFE30, 0xECA8, 0xCAE2, 0xC2A2, 0xD303, 0xD322,
    0xC2A2, 0xB282, 0xB261, 0xBA81, 0xB261, 0x9201, 0x81E1, 0xD447,
    0xF529, 0xFD6A, 0xFDCC, 0xFDEC, 0xFDEC, 0xFDAB, 0xFDED, 0xFE2E,
    0xFE2E, 0xFDCB, 0xFDCC, 0xF509, 0xCB22, 0xC2C1, 0xE3C4, 0xE3A4,
    0xE363, 0xE383, 0xEBE5, 0xE3C4, 0xDB63, 0xF426, 0xFC87, 0xFCA7,
    0xED8F, 0x8C10, 0x7BCD, 0x738B, 0x6B69, 0x6348, 0x6326, 0x6327,
    0x6327, 0x632A, 0x6B6C, 0x73AF, 0x7BF0, 0x7BF1, 0x7C12, 0x7C12,
    0x7C11, 0x7BF0, 0x73AE, 0x6B6C, 0x6349, 0x6327, 0x6325, 0x6B26,
    0x6B68, 0x73CB, 0x840E, 0x8451, 0x8C72, 0x8C94, 0x94D5, 0x94F6,
    0x94D6, 0x8CB5, 0x8C74, 0x8452, 0x73F0, 0x6BAD, 0x6B6B, 0x5B27,
    0x5AE3, 0x52C0, 0x52A0, 0x4AA0, 0x4AA0, 0x52A3, 0x5AE8, 0x634D,
    0x6B8F, 0x6BB0, 0x6BB0, 0x6390, 0x6390, 0x636F, 0x530D, 0x4AAA,
    0x4A66, 0x4243, 0x4222, 0x4222, 0x4222, 0x4242, 0x4242, 0x4222,
    0x4242, 0x4242, 0x4241, 0x4262, 0x4A84, 0x4AC6, 0x52E8, 0x52E9,
    0x5A83, 0x4A61, 0x4260, 0x3A40, 0x3A60, 0x3A60, 0x3A60, 0x3A60,
    0x3260, 0x3240, 0x3240, 0x3240, 0x3A80, 0x3AA0, 0x42C0, 0x42C0,
    0x42C0, 0x42C0, 0x4AE0, 0x5300, 0x5B21, 0x6341, 0x7342, 0x7B43,
    0x8343, 0x8B44, 0x9345, 0x9B45, 0xA346, 0xA366, 0xAB87, 0xB387,
    0xB3A7, 0xBBC8, 0xBBE8, 0xC409, 0xC409, 0xC42A, 0xC42A, 0xC44B,
    0xC44B, 0xC46B, 0xC46B, 0xC46C, 0xC48C, 0xC48C, 0xC4AD, 0xCCAD,
    0xCCAD, 0xCCCD, 0xCCCD, 0xCCCD, 0xC4AD, 0xC4AD, 0xC4AD, 0xC4AD,
    0xC4AD, 0xC4AD, 0xC4AD, 0xC48C, 0xC46C, 0xBC4B, 0xBC2A, 0xB40A,
    0xB3E9, 0xBBC8, 0xBBE8, 0xC409, 0xC429, 0xED4C, 0xFF36, 0xFF37,
    0xFED4, 0xFEF5, 0xF54B, 0xDB23, 0xDB44, 0xFD8C, 0xF4C9, 0xDB43,
    0xDB63, 0xFD8C, 0xF52B, 0xE406, 0xD363, 0xDB63, 0xEC87, 0xFDEC,
    0xFDEC, 0xFDED, 0xFE0E, 0xFE0E, 0xFDED, 0xFE0D, 0xFDAB, 0xFDED,
    0xFE0E, 0xFDAC, 0xD384, 0xBA81, 0xC2E2, 0x7960, 0x7140, 0x99E0,
    0xB220, 0xBA61, 0xBA81, 0xC2E3, 0xBA82, 0xAA21, 0xBA61, 0xBA61,
    0xBA61, 0xAA21, 0xBA61, 0xBA61, 0xC281, 0xC2A1, 0xC2A1, 0xB261,
    0xB261, 0xC2C2, 0xDB42, 0xDB02, 0xE383, 0xFDCD, 0xFE2F, 0xFE50,
    0xFE30, 0xFE0F, 0xFE2F, 0xDC06, 0xC281, 0xBA82, 0xCAE2, 0xDB43,
    0xD323, 0xBAC2, 0xBA82, 0xBAA2, 0xB282, 0x91E0, 0x9262, 0xECC8,
    0xFD8B, 0xFDCD, 0xFDCC, 0xFDCB, 0xFD8A, 0xFDAB, 0xFDCC, 0xFE0D,
    0xFE0E, 0xFE0D, 0xFD8B, 0xDB84, 0xBA81, 0xCAE2, 0xDB42, 0xD2E1,
    0xD2E1, 0xD322, 0xE3A4, 0xF426, 0xE3E5, 0xDB63, 0xF446, 0xFC87,
    0xFD2B, 0x9C50, 0x7BAD, 0x738B, 0x6B6A, 0x6B69, 0x6B48, 0x6B48,
    0x6B49, 0x6B4B, 0x6B6D, 0x73D0, 0x7BF1, 0x7C12, 0x7C12, 0x7C12,
    0x7BF1, 0x73AF, 0x6B8D, 0x634A, 0x6326, 0x6324, 0x6324, 0x6325,
    0x6B68, 0x7BCC, 0x840F, 0x8451, 0x8C72, 0x8C94, 0x94B5, 0x94D5,
    0x94B5, 0x8CB4, 0x8473, 0x7C31, 0x73F0, 0x6BAE, 0x6B6B, 0x5B08,
    0x5AC3, 0x52A0, 0x4AA0, 0x4A80, 0x4A80, 0x52A3, 0x5B09, 0x636D,
    0x6BB0, 0x6BB1, 0x6BB1, 0x6BB1, 0x6BB1, 0x6390, 0x5B2D, 0x52CA,
    0x4A66, 0x4A43, 0x4A42, 0x4A43, 0x4A44, 0x4A65, 0x4A66, 0x4A65,
    0x4A65, 0x4264, 0x4263, 0x4A83, 0x4A84, 0x4AA6, 0x52E8, 0x530A,
    0x62A4, 0x5283, 0x4240, 0x3A20, 0x3220, 0x3A40, 0x3A40, 0x3A60,
    0x3240, 0x3240, 0x3220, 0x3240, 0x3A60, 0x3AA0, 0x42A0, 0x42A0,
    0x3AA0, 0x42A0, 0x42C0, 0x5300, 0x5B21, 0x6B42, 0x7342, 0x7B43,
    0x8343, 0x8B24, 0x9324, 0x9B25, 0xA346, 0xAB46, 0xAB67, 0xB387,
    0xB3A7, 0xBBC8, 0xBBC8, 0xBBE9, 0xC409, 0xC42A, 0xC42A, 0xC44B,
    0xC46B, 0xC46B, 0xC46C, 0xC48C, 0xC48C, 0xC48C, 0xC4AD, 0xCCAD,
    0xCCAD, 0xCCCD, 0xCCCD, 0xCCCD, 0xCCCD, 0xC4AD, 0xC4AD, 0xC4AD,
    0xC4AD, 0xC4AD, 0xC4AD, 0xC48C, 0xBC6C, 0xBC4B, 0xBC2A, 0xB40A,
    0xB3E9, 0xB3C8, 0xBBE8, 0xC409, 0xCC08, 0xEDF0, 0xFF99, 0xFEF4,
    0xFE0E, 0xFDEE, 0xE3A4, 0xD323, 0xE3E6, 0xE3E6, 0xC2A1, 0xCAE2,
    0xD2E2, 0xE406, 0xD302, 0xC281, 0xC2A2, 0xBA41, 0xD301, 0xFD29,
    0xFDED, 0xFDEC, 0xFDCB, 0xFDCC, 0xFDED, 0xFDCC, 0xFDED, 0xFDED,
    0xFDED, 0xFE0E, 0xF4E9, 0xD322, 0xCB02, 0x9A21, 0x6920, 0x91C0,
    0xAA21, 0xB241, 0xB261, 0xA221, 0x91A0, 0xAA21, 0xC2A1, 0xC2A1,
    0xC281, 0xC281, 0xA1E1, 0x99E0, 0xBA40, 0xB220, 0xB240, 0xB261,
    0xC2A2, 0xCAC2, 0xDB63, 0xEBC3, 0xFCE8, 0xFE2F, 0xFE0F, 0xFE50,
    0xFE51, 0xFE30, 0xFDEE, 0xDBA4, 0xBA61, 0xBA81, 0xCAC2, 0xD302,
    0xD322, 0xD303, 0xC2C2, 0xC2C2, 0xA221, 0x7160, 0xB365, 0xFD6B,
    0xFD8B, 0xFDCC, 0xFDAB, 0xFDAB, 0xFDCC, 0xFDEC, 0xFDCC, 0xFDCC,
    0xFE0E, 0xFE4F, 0xF509, 0xDB42, 0xBA81, 0xC281, 0xDB42, 0xE363,
    0xD2E2, 0xC2A1, 0xCAC1, 0xE3A4, 0xF447, 0xEBE5, 0xEBC4, 0xFC87,
    0xFD2A, 0xC48E, 0x7B8D, 0x738B, 0x736A, 0x6B6A, 0x6B6A, 0x6B6A,
    0x6B6B, 0x6B6C, 0x6B8E, 0x73D0, 0x7C12, 0x7C32, 0x7C12, 0x7C11,
    0x73D0, 0x738E, 0x634B, 0x6308, 0x5B04, 0x5B02, 0x5B04, 0x6347,
    0x6B89, 0x7BCD, 0x842F, 0x8451, 0x8C73, 0x8C94, 0x8CB4, 0x8CB5,
    0x8CB5, 0x8CB4, 0x8473, 0x7C11, 0x73CF, 0x6B8D, 0x6B4A, 0x6308,
    0x5AC4, 0x5280, 0x4A80, 0x4A80, 0x4A80, 0x52A3, 0x5B09, 0x6B6E,
    0x6BB0, 0x6BD1, 0x73D2, 0x6BD1, 0x6BB1, 0x6390, 0x5B2E, 0x52CA,
    0x4A87, 0x4A44, 0x4A64, 0x5286, 0x5287, 0x52A8, 0x52A8, 0x52A8,
    0x4A88, 0x4A86, 0x4A85, 0x4A85, 0x4A85, 0x4AA6, 0x52E9, 0x5B0B,
    0x62A4, 0x5A83, 0x4241, 0x3A20, 0x3200, 0x3220, 0x3240, 0x3240,
    0x3220, 0x2A00, 0x2A00, 0x3220, 0x3240, 0x3A60, 0x3A80, 0x3A80,
    0x3A80, 0x3A80, 0x4AC0, 0x52E1, 0x5B02, 0x6B22, 0x7322, 0x7B23,
    0x8323, 0x8B04, 0x9304, 0x9B25, 0xA325, 0xAB46, 0xAB66, 0xB387,
    0xB3A7, 0xBBA8, 0xBBC8, 0xBBE9, 0xC409, 0xC429, 0xC42A, 0xC44A,
    0xC46B, 0xC46B, 0xC46C, 0xC48C, 0xC48C, 0xC48C, 0xC4AD, 0xC4AD,
    0xCCAD, 0xC4AD, 0xCCCD, 0xCCCD, 0xC4CD, 0xCCCD, 0xCCCD, 0xCCCD,
    0xC4CD, 0xC4AD, 0xC4AD, 0xC48C, 0xBC6C, 0xBC4B, 0xBC2A, 0xB40A,
    0xB3E9, 0xB3C8, 0xBBE8, 0xC409, 0xCC08, 0xF673, 0xFFBA, 0xFDAD,
    0xF426, 0xEC68, 0xDB44, 0xE3C5, 0xDB84, 0xC2A2, 0xCB03, 0xDB64,
    0xD302, 0xD302, 0xBA61, 0xBA81, 0xBA61, 0xBA61, 0xD2E2, 0xD343,
    0xF4C7, 0xFDAB, 0xFDCC, 0xFE2E, 0xFDCD, 0xFDED, 0xFDED, 0xFE2F,
    0xFE4F, 0xFE2F, 0xFE0E, 0xF54B, 0xDBA4, 0xB2A2, 0x7160, 0x81A0,
    0x9A01, 0xAA41, 0xAA21, 0xAA41, 0xAA41, 0xAA21, 0xAA41, 0xB261,
    0xD2E2, 0xD322, 0xB261, 0xA201, 0xC2A1, 0xBA81, 0xB241, 0xC2A1,
    0xCAC1, 0xCAE2, 0xDB22, 0xF4C8, 0xFDED, 0xFE2F, 0xFE0F, 0xFE51,
    0xFE30, 0xFE50, 0xFD6C, 0xD322, 0xCAE2, 0xCAC1, 0xCAE2, 0xCAE3,
    0xBA61, 0xD2E2, 0xCAE3, 0xBAA2, 0x91E1, 0x79E1, 0xE4A8, 0xFD6B,
    0xFD8B, 0xFDCC, 0xFDED, 0xFDCC, 0xFDED, 0xFE0D, 0xFE2E, 0xFE0E,
    0xFE0E, 0xFE4F, 0xF4E8, 0xE363, 0xD2E1, 0xCAA1, 0xCB02, 0xDB63,
    0xE363, 0xDB43, 0xDB23, 0xE363, 0xEC05, 0xF446, 0xF446, 0xF487,
    0xFD09, 0xD4AC, 0x738C, 0x738B, 0x738B, 0x738B, 0x736B, 0x736B,
    0x736C, 0x738D, 0x73AF, 0x7BF1, 0x7C12, 0x7C32, 0x7C12, 0x7BF1,
    0x73AF, 0x6B8D, 0x634A, 0x5B06, 0x5AE3, 0x5B03, 0x6326, 0x6B69,
    0x73AB, 0x7BEE, 0x7C30, 0x8452, 0x8C73, 0x8C94, 0x8C94, 0x8C95,
    0x8CB5, 0x8C94, 0x8452, 0x7C10, 0x73CE, 0x6B8C, 0x6349, 0x5B07,
    0x5AC4, 0x5280, 0x5260, 0x5280, 0x5280, 0x52A4, 0x6309, 0x6B6E,
    0x6BB0, 0x73D1, 0x73D2, 0x6BD2, 0x6BD1, 0x6390, 0x5B2E, 0x5ACB,
    0x5288, 0x4A66, 0x5286, 0x5288, 0x52A9, 0x52CA, 0x52CA, 0x52CA,
    0x52CA, 0x52A9, 0x4AA7, 0x4A86, 0x4A85, 0x4AA7, 0x52EA, 0x5B2C,
    0x6AA5, 0x6284, 0x5263, 0x4A42, 0x4242, 0x4262, 0x4A82, 0x4282,
    0x4262, 0x4262, 0x4262, 0x4262, 0x4282, 0x4AA2, 0x4AC2, 0x4AC3,
    0x4AE3, 0x5303, 0x5B24, 0x6324, 0x6B23, 0x7323, 0x7B03, 0x8303,
    0x8303, 0x8B04, 0x9304, 0x9B05, 0xA325, 0xA346, 0xAB66, 0xB387,
    0xB387, 0xBBA8, 0xBBC8, 0xBBE9, 0xC409, 0xC429, 0xC42A, 0xC44A,
    0xC44B, 0xC46B, 0xC46B, 0xC46C, 0xC48C, 0xC48C, 0xC4AD, 0xC4AD,
    0xC4AD, 0xC4AD, 0xC4AD, 0xCCCD, 0xCCCD, 0xCCCD, 0xCCCE, 0xCCCE,
    0xC4CD, 0xC4AD, 0xC4AD, 0xC48C, 0xBC6C, 0xBC4B, 0xBC2A, 0xB3E9,
    0xB3E9, 0xB3C9, 0xBBE9, 0xC409, 0xCC6A, 0xFF38, 0xFEF4, 0xF446,
    0xEBE6, 0xE3E5, 0xE3C5, 0xD323, 0xCAE3, 0xCB03, 0xD343, 0xC2C2,
    0xBA81, 0xCAA1, 0xBAA1, 0xBA61, 0xBA61, 0xCAC1, 0xC2A1, 0xCAA1,
    0xEC87, 0xFE0E, 0xFE2E, 0xFE4F, 0xFDCC, 0xFDCC, 0xFE2E, 0xFE0E,
    0xFE0E, 0xFE2F, 0xFDEE, 0xFE0E, 0xFD8C, 0xD3C5, 0x9A21, 0x89C0,
    0xA241, 0x9A01, 0xA221, 0xB261, 0xCAE2, 0xC2C2, 0xB261, 0xA201,
    0xBA61, 0xC281, 0xCAC1, 0xC281, 0xB261, 0xAA41, 0xBA81, 0xD302,
    0xD302, 0xD2E1, 0xE3C4, 0xFD8B, 0xFE2F, 0xFE2F, 0xFE2F, 0xFE30,
    0xFE0F, 0xFE2F, 0xFDCD, 0xDB83, 0xCAE2, 0xD302, 0xCB03, 0xCB03,
    0xB262, 0xBA81, 0xBAA2, 0xAA62, 0x7980, 0x9A83, 0xF50A, 0xFD6B,
    0xFDCD, 0xFDCD, 0xFD8C, 0xFDED, 0xFE0D, 0xFDED, 0xFDEC, 0xFDEC,
    0xFDCC, 0xFE0D, 0xFDCC, 0xF465, 0xE363, 0xD322, 0xC2C2, 0xDB63,
    0xDB43, 0xD302, 0xEBA4, 0xEBC4, 0xF405, 0xF425, 0xFC87, 0xFCA7,
    0xFD08, 0xE4CB, 0x73AC, 0x7BAC, 0x7BAC, 0x738C, 0x738C, 0x736C,
    0x738D, 0x738E, 0x7BB0, 0x7BF2, 0x7C32, 0x7C32, 0x7C12, 0x73F0,
    0x73AE, 0x6B6C, 0x6349, 0x5B25, 0x5B04, 0x5B26, 0x6369, 0x6B8B,
    0x73AD, 0x7BEF, 0x7C31, 0x8453, 0x8474, 0x8C94, 0x8C74, 0x8474,
    0x8474, 0x8473, 0x8432, 0x7C10, 0x73CE, 0x6B8C, 0x6349, 0x5B07,
    0x5AC4, 0x5AA0, 0x5280, 0x5260, 0x5280, 0x5AA4, 0x6309, 0x6B6E,
    0x6BB0, 0x73D1, 0x6BD1, 0x6BD1, 0x6BB1, 0x6390, 0x5B2E, 0x5AEB,
    0x52A9, 0x5287, 0x5288, 0x52CA, 0x5AEB, 0x5AEB, 0x5B0C, 0x5B0C,
    0x5B0C, 0x52EB, 0x52C9, 0x4AA7, 0x4AA6, 0x4AA7, 0x52EA, 0x5B2D,
    0x7AE6, 0x72C6, 0x6AC6, 0x6AE6, 0x6AE7, 0x6B07, 0x6B28, 0x6B28,
    0x6B28, 0x6B28, 0x6B28, 0x6B48, 0x7368, 0x7368, 0x7388, 0x7BA9,
    0x7BA9, 0x7BA9, 0x7BA8, 0x7B87, 0x7B66, 0x8345, 0x8324, 0x8304,
    0x8AE3, 0x8AE4, 0x92E4, 0x9B05, 0xA305, 0xA326, 0xAB66, 0xB387,
    0xB387, 0xBBA8, 0xBBC8, 0xBBE8, 0xC409, 0xC409, 0xC42A, 0xC44A,
    0xC44B, 0xC46B, 0xC46B, 0xC46C, 0xC48C, 0xC48C, 0xC48D, 0xC4AD,
    0xC4AD, 0xC4AD, 0xCCCD, 0xCCCD, 0xCCCD, 0xCCCE, 0xCCCE, 0xCCCE,
    0xCCCD, 0xC4CD, 0xC4AD, 0xC48C, 0xBC6C, 0xBC4B, 0xBC2A, 0xB3E9,
    0xB3E9, 0xB3C8, 0xBBE9, 0xC408, 0xD48A, 0xFF58, 0xFD8D, 0xF405,
    0xEBE5, 0xEC26, 0xE3C5, 0xD323, 0xE3A4, 0xDB64, 0xBAA2, 0xB261,
    0xD2E2, 0xCAC2, 0xC2A1, 0xC2A1, 0xC281, 0xCAC1, 0xC2A1, 0xCAC1,
    0xEC87, 0xFE2E, 0xFE0E, 0xFE0D, 0xFE0E, 0xFE0E, 0xFE2F, 0xFE0E,
    0xFDED, 0xFE2E, 0xFE2F, 0xFE0E, 0xFE0E, 0xF4E9, 0xBAC2, 0x7980,
    0x81A0, 0xA221, 0xAA61, 0xB282, 0xC2C2, 0xBA81, 0xAA21, 0xB220,
    0xAA41, 0xB241, 0xCAE2, 0xD302, 0xC2A1, 0xB241, 0xC2C2, 0xDB43,
    0xE363, 0xE342, 0xF487, 0xFE0E, 0xFE2F, 0xFE2F, 0xFE50, 0xFE2F,
    0xFE2F, 0xFE50, 0xFE50, 0xF50A, 0xD302, 0xD303, 0xCB03, 0xC2C3,
    0xB282, 0xB282, 0xAA42, 0x91E0, 0x7980, 0xCBE7, 0xF54B, 0xF54B,
    0xEC88, 0xE3C5, 0xDB63, 0xEC25, 0xFD4A, 0xFDAB, 0xFDCC, 0xFE0E,
    0xFE0D, 0xFDED, 0xFE0E, 0xFDCC, 0xF466, 0xD322, 0xCAC2, 0xDB43,
    0xDB63, 0xDB43, 0xE384, 0xDB63, 0xE3A4, 0xF426, 0xFC87, 0xFCE9,
    0xFD4A, 0xF50B, 0x8BEC, 0x73AC, 0x7BAC, 0x7B8C, 0x738C, 0x738D,
    0x738E, 0x7BAF, 0x7BD0, 0x7C12, 0x7C33, 0x7C32, 0x7C11, 0x73D0,
    0x73AE, 0x6B6B, 0x6348, 0x6326, 0x6326, 0x6369, 0x6B8B, 0x73CE,
    0x73EF, 0x7C11, 0x8432, 0x8453, 0x8474, 0x8474, 0x8474, 0x8453,
    0x8453, 0x8432, 0x7C31, 0x7C10, 0x73CE, 0x6B6C, 0x6349, 0x6307,
    0x5AC5, 0x5AA2, 0x5A80, 0x5280, 0x5280, 0x5AA4, 0x630A, 0x6B6E,
    0x6BB0, 0x6BB0, 0x6BB0, 0x6BB0, 0x6B90, 0x638F, 0x632D, 0x5AEB,
    0x5AA9, 0x52A9, 0x5ACA, 0x5AEC, 0x5B0C, 0x632D, 0x634E, 0x634E,
    0x5B4E, 0x5B2D, 0x52EB, 0x4AC8, 0x4AA7, 0x4AC8, 0x52EB, 0x5B2D,
    0x8308, 0x8308, 0x8329, 0x8349, 0x8B8A, 0x8BAA, 0x8BAA, 0x8BCB,
    0x8BCB, 0x93EB, 0x93EB, 0x940B, 0x942C, 0x942C, 0x944C, 0x944C,
    0x9C4D, 0x9C4C, 0x940B, 0x93C9, 0x8B88, 0x8B67, 0x8B26, 0x8B05,
    0x8AE4, 0x92C4, 0x92C4, 0x9AE5, 0x9B05, 0xA326, 0xAB46, 0xAB87,
    0xB387, 0xBBA7, 0xBBC8, 0xBBE8, 0xC409, 0xC409, 0xC42A, 0xC44A,
    0xC44B, 0xC44B, 0xC46B, 0xC46C, 0xC48C, 0xC48C, 0xC48C, 0xC4AD,
    0xC4AD, 0xCCAD, 0xCCCD, 0xCCCD, 0xCCCD, 0xCCCD, 0xCCCE, 0xCCCE,
    0xCCCD, 0xCCCD, 0xC4AD, 0xC48D, 0xBC6C, 0xBC4B, 0xBC2A, 0xB3E9,
    0xB3C9, 0xB3C8, 0xBBE9, 0xBBE8, 0xD4EC, 0xFEF5, 0xF487, 0xF447,
    0xEC26, 0xDB84, 0xE3A5, 0xEC06, 0xE384, 0xC2C2, 0xC2C2, 0xD323,
    0xCAE2, 0xAA21, 0xC2A1, 0xCAC1, 0xCAC1, 0xCAA1, 0xB240, 0xD302,
    0xFD6A, 0xFE0D, 0xFE0E, 0xFE0E, 0xFE2E, 0xFE2E, 0xFE4F, 0xFDEE,
    0xF50A, 0xF52A, 0xFD6B, 0xFE0F, 0xFE2F, 0xFDAD, 0xCBA5, 0x6920,
    0x7980, 0x9A01, 0xBAA2, 0xCAE3, 0xC2A1, 0xBA61, 0xBA61, 0xBA61,
    0xAA41, 0xAA41, 0xC281, 0xCB03, 0xC2A2, 0xC2C2, 0xC2A2, 0xD2E2,
    0xD302, 0xE362, 0xFD6B, 0xFE50, 0xFE2F, 0xFDEE, 0xFE0F, 0xFE0F,
    0xFE0F, 0xFE2F, 0xFE50, 0xFDCD, 0xDB63, 0xC2C2, 0xBAA2, 0xBAA2,
    0xBAA2, 0xBAA2, 0xB282, 0x89A0, 0x8A01, 0xE4EA, 0xECA9, 0xDB84,
    0xD302, 0xC2A1, 0xC2A1, 0xD301, 0xF4A7, 0xFDCC, 0xFDED, 0xFE0E,
    0xFDED, 0xFE0D, 0xFDED, 0xFE0E, 0xF4E9, 0xDB43, 0xC281, 0xC2C2,
    0xD323, 0xDB63, 0xE363, 0xE363, 0xDB43, 0xEC26, 0xF467, 0xFCA8,
    0xFD2A, 0xFD6B, 0xB44D, 0x7BAD, 0x7BAD, 0x738D, 0x738D, 0x738E,
    0x73AE, 0x7BAF, 0x7BF1, 0x7C12, 0x7C33, 0x7C32, 0x7BF1, 0x73D0,
    0x738D, 0x6B6B, 0x6B49, 0x6348, 0x6349, 0x6B8B, 0x73CE, 0x73F0,
    0x7C11, 0x7C32, 0x8453, 0x8474, 0x8474, 0x8474, 0x8453, 0x7C53,
    0x7C32, 0x7C12, 0x7C11, 0x7BF0, 0x73CE, 0x6B8C, 0x6B4A, 0x6328,
    0x62E7, 0x5AC4, 0x5A80, 0x5A80, 0x5A80, 0x5AA4, 0x630A, 0x6B6D,
    0x6B8F, 0x6B8F, 0x6B8F, 0x6B8F, 0x638F, 0x636F, 0x632D, 0x5AEB,
    0x5ACA, 0x5ACA, 0x5AEB, 0x632D, 0x634E, 0x636F, 0x636F, 0x6390,
    0x6370, 0x5B2E, 0x530C, 0x52CA, 0x4ACA, 0x52CA, 0x530C, 0x5B2E,
    0x8B29, 0x8B49, 0x938A, 0x9BCB, 0x9C0C, 0xA42D, 0xA42D, 0xA44E,
    0xA46E, 0xAC8E, 0xAC8F, 0xACAF, 0xACCF, 0xB4CF, 0xB4F0, 0xB4F0,
    0xB4F0, 0xACAF, 0xA46D, 0x9C0B, 0x9BCA, 0x9388, 0x9347, 0x9305,
    0x92E4, 0x92C4, 0x92C4, 0x9AE5, 0x9B05, 0xA326, 0xAB46, 0xAB67,
    0xB387, 0xBBA8, 0xBBC8, 0xBBE9, 0xC409, 0xC409, 0xC42A, 0xC44A,
    0xC44B, 0xC44B, 0xC46B, 0xC46C, 0xC48C, 0xC48C, 0xC48C, 0xC4AD,
    0xC4AD, 0xC4AD, 0xCCCD, 0xCCCD, 0xCCCD, 0xCCCD, 0xCCCD, 0xCCCE,
    0xC4CD, 0xCCCD, 0xC4AD, 0xC48D, 0xC46C, 0xBC4B, 0xBC2A, 0xB3E9,
    0xB3C9, 0xB3C9, 0xBBE9, 0xBBE8, 0xDD0D, 0xFE2F, 0xF446, 0xF4A9,
    0xDBA5, 0xE3C5, 0xEC06, 0xEBE5, 0xC2C2, 0xBA82, 0xDB43, 0xCB03,
    0xB261, 0xA201, 0xC2A2, 0xD302, 0xD302, 0xBA61, 0xC2A1, 0xEC66,
    0xFDED, 0xFDCC, 0xFE0E, 0xFE0E, 0xFE0E, 0xFE4F, 0xFDCC, 0xEC66,
    0xDB63, 0xDB43, 0xE3A4, 0xE405, 0xF56B, 0xFDEE, 0xED2B, 0x8A42,
    0x7960, 0x9A00, 0xB261, 0xC2A2, 0xAA41, 0xB261, 0xBA81, 0xB241,
    0xB241, 0xB261, 0xBA81, 0xBAA2, 0xB261, 0xCAE2, 0xE363, 0xDB23,
    0xCB02, 0xCAC1, 0xF50A, 0xFE2F, 0xFE0E, 0xFE50, 0xFE0F, 0xFE50,
    0xFE50, 0xFE2F, 0xFE2F, 0xFDAC, 0xEC66, 0xCAE2, 0xB241, 0xBAA2,
    0xB261, 0xB282, 0xB282, 0x81A0, 0xAB05, 0xECA9, 0xCB23, 0xCAC2,
    0xCAC2, 0xBA81, 0xCAC1, 0xDB42, 0xF487, 0xFDCC, 0xFE0E, 0xFE2E,
    0xFE2F, 0xFE0E, 0xFDED, 0xFDCD, 0xF487, 0xD322, 0xCAC1, 0xCAE2,
    0xCAE2, 0xDB43, 0xE384, 0xE384, 0xE384, 0xEC26, 0xFC88, 0xFC87,
    0xFD09, 0xFD8C, 0xBC8E, 0x7BAD, 0x7BAD, 0x7BAE, 0x73AE, 0x73AF,
    0x7BAF, 0x7BD0, 0x7BF1, 0x7C33, 0x7C33, 0x7C12, 0x7BF1, 0x73D0,
    0x73AD, 0x6B8B, 0x6B6A, 0x6B6A, 0x6B8B, 0x6BAD, 0x73F0, 0x7411,
    0x7C33, 0x7C54, 0x8475, 0x8475, 0x8475, 0x8474, 0x7C53, 0x7C32,
    0x7C12, 0x7C11, 0x7C11, 0x7BF0, 0x73CF, 0x6B8D, 0x6B6C, 0x634A,
    0x6308, 0x62E6, 0x5AA2, 0x5A80, 0x5A80, 0x5AA4, 0x630A, 0x6B6D,
    0x6B8E, 0x6B8E, 0x6B6E, 0x636E, 0x636E, 0x634E, 0x630C, 0x5AEB,
    0x5ACA, 0x5AEB, 0x630D, 0x6B4E, 0x6B6F, 0x6B90, 0x6BB1, 0x6BB1,
    0x6390, 0x5B4F, 0x5B2D, 0x530C, 0x52EB, 0x52EC, 0x530D, 0x5B4E,
    0x936A, 0x9B8A, 0xA3EB, 0xAC2D, 0xAC6E, 0xB48F, 0xB4AF, 0xBCF0,
    0xBD11, 0xBD31, 0xC531, 0xC552, 0xC552, 0xC572, 0xC572, 0xC572,
    0xC572, 0xC531, 0xBCCF, 0xB46D, 0xAC0B, 0xA3AA, 0x9B68, 0x9326,
    0x92E5, 0x92A4, 0x9AC4, 0x9AE5, 0x9B05, 0xA326, 0xAB46, 0xAB67,
    0xB387, 0xBBA8, 0xBBC8, 0xBBE8, 0xC409, 0xC409, 0xC42A, 0xC42A,
    0xC44B, 0xC44B, 0xC44B, 0xC46C, 0xC46C, 0xC48C, 0xC48C, 0xC4AD,
    0xC4AD, 0xC4AD, 0xC4AD, 0xCCCD, 0xCCCD, 0xCCCD, 0xCCCD, 0xCCCD,
    0xC4CD, 0xCCCD, 0xC4AD, 0xC48D, 0xC46C, 0xBC4B, 0xBC0A, 0xB3E9,
    0xB3E9, 0xB3C9, 0xBBE9, 0xBBE8, 0xDD0C, 0xFD6C, 0xFCC8, 0xF468,
    0xEC06, 0xF467, 0xE384, 0xCB03, 0xC2C2, 0xDB84, 0xDB44, 0xC2A2,
    0xBA82, 0xCAE3, 0xCAE3, 0xCAE2, 0xDB43, 0xC2A1, 0xD322, 0xF529,
    0xFE0D, 0xFE0E, 0xFE0D, 0xFE0E, 0xFE2E, 0xFE4F, 0xFD4A, 0xDB83,
    0xD323, 0xCAC2, 0xD302, 0xD302, 0xDB43, 0xF4E9, 0xFDAE, 0xCC08,
    0x81C0, 0x9A01, 0xAA41, 0xBA61, 0xB262, 0xAA41, 0xB241, 0xB261,
    0xB241, 0xBA81, 0xB261, 0xA221, 0x99C0, 0xB240, 0xDB22, 0xDB43,
    0xD302, 0xCAE1, 0xFD4B, 0xFE50, 0xFE2F, 0xFE2F, 0xFE0F, 0xFE2F,
    0xFE50, 0xFE30, 0xFE0F, 0xFE2F, 0xFDCD, 0xEC87, 0xD302, 0xCAE2,
    0xB282, 0xAA41, 0x9201, 0x7180, 0xD428, 0xD384, 0xCAC2, 0xC2C2,
    0xC2A1, 0xCAC1, 0xD302, 0xE383, 0xE383, 0xF4C7, 0xFDED, 0xFDEC,
    0xFE0E, 0xFE0E, 0xFE0E, 0xFDED, 0xEC66, 0xD322, 0xDB22, 0xD322,
    0xD323, 0xDB44, 0xD343, 0xDB63, 0xE3A4, 0xEC05, 0xF447, 0xF467,
    0xFCA7, 0xFD6A, 0xD4EE, 0x7BAE, 0x7BAD, 0x7BAE, 0x7BAF, 0x7BAF,
    0x7BD0, 0x7BF1, 0x7C12, 0x7C33, 0x7C33, 0x7C32, 0x7BF1, 0x73CF,
    0x73AE, 0x73AD, 0x6BAC, 0x6BAC, 0x73AD, 0x73CF, 0x7411, 0x7C33,
    0x7C54, 0x8495, 0x8496, 0x8496, 0x8495, 0x8475, 0x7C54, 0x7C32,
    0x7C12, 0x7411, 0x7C11, 0x7C11, 0x73F0, 0x73CE, 0x6B8D, 0x6B6B,
    0x632A, 0x62E7, 0x62C3, 0x5AA1, 0x5AA2, 0x62C4, 0x6309, 0x6B6D,
    0x6B6D, 0x6B6D, 0x6B6D, 0x634D, 0x634D, 0x632C, 0x5B0B, 0x5AEA,
    0x5AEA, 0x630C, 0x6B4E, 0x6B70, 0x6BB1, 0x73D2, 0x73F2, 0x73D2,
    0x6391, 0x5B70, 0x5B4F, 0x5B2E, 0x532D, 0x532D, 0x5B2E, 0x5B6F,
    0x9B8B, 0xA3CB, 0xAC2D, 0xB48E, 0xBCCF, 0xC510, 0xC531, 0xCD72,
    0xCD73, 0xD593, 0xD5B4, 0xD5B4, 0xD5D4, 0xD5D4, 0xD5F5, 0xD5F5,
    0xD5D4, 0xD593, 0xC531, 0xBCAF, 0xB44D, 0xABEB, 0xA389, 0x9B47,
    0x9AE5, 0x92C4, 0x9AC4, 0x9AE5, 0xA305, 0xA326, 0xAB46, 0xB367,
    0xB387, 0xBBA7, 0xBBC8, 0xC3E8, 0xC409, 0xC409, 0xC42A, 0xC42A,
    0xC44B, 0xC44B, 0xC44B, 0xC46C, 0xC46C, 0xC48C, 0xC48C, 0xC48D,
    0xC4AD, 0xC4AD, 0xC4AD, 0xCCCD, 0xCCCD, 0xCCCD, 0xCCCD, 0xCCCD,
    0xCCCD, 0xCCCD, 0xCCAD, 0xC48D, 0xC46C, 0xBC4B, 0xBC2A, 0xB3E9,
    0xB3E9, 0xB3C9, 0xBBE9, 0xBC09, 0xDCCB, 0xFD8B, 0xFCE9, 0xEC47,
    0xFCA8, 0xE3A5, 0xC2A2, 0xCB23, 0xE3E6, 0xEBC5, 0xD2E2, 0xC2C2,
    0xCAE3, 0xC2C2, 0xCAE3, 0xCAE2, 0xD323, 0xD302, 0xDB42, 0xF4E8,
    0xFDED, 0xFE0D, 0xFE0D, 0xFE2E, 0xFE2E, 0xFDED, 0xFD8C, 0xE3E5,
    0xDB43, 0xD322, 0xD302, 0xD302, 0xD302, 0xE384, 0xF4C9, 0xF56D,
    0x9AA4, 0x7980, 0x89E1, 0xA221, 0xB262, 0xAA41, 0xBA81, 0xBA61,
    0xBA61, 0xB241, 0xAA20, 0xB261, 0xAA21, 0xB240, 0xCAE2, 0xCAE2,
    0xCAC1, 0xEC46, 0xFE0F, 0xFE50, 0xFE71, 0xFE50, 0xFDEE, 0xFDEE,
    0xFE50, 0xFE30, 0xFDEE, 0xFDCD, 0xFDEE, 0xFDED, 0xEC88, 0xCB03,
    0xB2A2, 0xA241, 0x7160, 0x9263, 0xDB85, 0xCAE2, 0xC2C1, 0xCAC2,
    0xD2E2, 0xD302, 0xD322, 0xD302, 0xC280, 0xEBE4, 0xFDEC, 0xFDED,
    0xFDEC, 0xFDED, 0xFDCC, 0xFDCC, 0xFD29, 0xE3C4, 0xD302, 0xCAC2,
    0xCB03, 0xD344, 0xCAE2, 0xDB43, 0xEBC5, 0xE384, 0xEC05, 0xF446,
    0xF487, 0xFD4A, 0xF56E, 0x8C0E, 0x7BAE, 0x7BCF, 0x7BCF, 0x7BD0,
    0x7BD1, 0x7BF2, 0x7C12, 0x7C33, 0x7C33, 0x7C33, 0x7C11, 0x73D0,
    0x73AE, 0x73AE, 0x73AE, 0x73CE, 0x73CF, 0x7411, 0x7C32, 0x7C54,
    0x7C75, 0x8496, 0x8496, 0x8496, 0x8496, 0x8475, 0x7C54, 0x7C33,
    0x7C32, 0x7C32, 0x7C12, 0x7C11, 0x7C11, 0x7BF0, 0x73AE, 0x6B8C,
    0x6B4A, 0x6308, 0x62E5, 0x62C3, 0x62C3, 0x62C5, 0x6B09, 0x6B4B,
    0x6B4C, 0x6B4C, 0x634C, 0x632C, 0x632B, 0x630B, 0x5AEA, 0x5AC9,
    0x62EA, 0x632C, 0x6B6F, 0x73B1, 0x73F2, 0x7413, 0x7433, 0x7413,
    0x6BB2, 0x6391, 0x5B70, 0x5B6F, 0x5B6F, 0x5B6F, 0x5B6F, 0x6390,
    0xA3CB, 0xAC0C, 0xBC6E, 0xC4CF, 0xC511, 0xCD52, 0xD593, 0xD5B4,
    0xDDD5, 0xDDF5, 0xDE16, 0xDE16, 0xDE36, 0xDE36, 0xE636, 0xE636,
    0xDE36, 0xDDD4, 0xD572, 0xC510, 0xBC8E, 0xB42C, 0xABCA, 0xA348,
    0x9AE5, 0x9AC4, 0x9AC4, 0x9AE5, 0xA305, 0xA326, 0xAB46, 0xB367,
    0xB387, 0xBBA7, 0xBBC8, 0xBBE8, 0xC409, 0xC409, 0xC42A, 0xC42A,
    0xC42B, 0xC44B, 0xC44B, 0xC46B, 0xC46C, 0xC46C, 0xC48C, 0xC48D,
    0xC4AD, 0xC4AD, 0xC4AD, 0xCCCD, 0xCCCD, 0xCCCD, 0xCCCD, 0xCCCD,
    0xCCCD, 0xCCCD, 0xCCAD, 0xC4AD, 0xBC6C, 0xBC4B, 0xBC2A, 0xB3E9,
    0xB3E9, 0xB3C9, 0xBBE9, 0xBC09, 0xE50B, 0xFD6B, 0xF4E9, 0xF467,
    0xEC27, 0xC2C2, 0xE3A4, 0xEC05, 0xE3C5, 0xE364, 0xC2A2, 0xBA82,
    0xBA61, 0xBA81, 0xB282, 0xC2E2, 0xC2C2, 0xCAE2, 0xDB63, 0xF509,
    0xFDEC, 0xFDAB, 0xFDEC, 0xFDEC, 0xFDEC, 0xFD8B, 0xEC46, 0xDBA5,
    0xD302, 0xD323, 0xCAE2, 0xD302, 0xDB64, 0xDB84, 0xDB84, 0xF4A9,
    0xB387, 0x7140, 0x7980, 0x89C1, 0xBA82, 0xC2C2, 0xBAA2, 0xBA81,
    0xBA82, 0xBA61, 0xBA81, 0xC2A2, 0xC2A1, 0xC2A1, 0xC2C2, 0xCAC1,
    0xEC05, 0xFDCD, 0xFE0F, 0xFE50, 0xFE70, 0xFE2F, 0xFE2F, 0xFE0F,
    0xFE50, 0xFE50, 0xFE30, 0xFE2F, 0xFDEE, 0xFDEE, 0xF54B, 0xCB44,
    0xAA62, 0x9A21, 0x79A0, 0xB2E4, 0xCB03, 0xD302, 0xD323, 0xD322,
    0xD302, 0xCAC1, 0xCAC1, 0xBA81, 0xC281, 0xEC04, 0xFDEC, 0xFE4F,
    0xFE2F, 0xFE2F, 0xFE0E, 0xFDED, 0xFE0D, 0xFDCC, 0xEC65, 0xE382,
    0xDB63, 0xDB63, 0xDB64, 0xD323, 0xE3C5, 0xEC06, 0xEBE5, 0xF426,
    0xF487, 0xFD4A, 0xFD6C, 0x9C4F, 0x7BAF, 0x7BD0, 0x7BD0, 0x7BF1,
    0x7BF1, 0x7C12, 0x7C13, 0x7C33, 0x7C33, 0x7C13, 0x7BF1, 0x73F0,
    0x73D0, 0x73CF, 0x73CF, 0x73F0, 0x73F1, 0x7C12, 0x7C53, 0x7C75,
    0x8495, 0x8496, 0x8496, 0x8496, 0x8496, 0x8495, 0x8474, 0x7C53,
    0x7C53, 0x7C53, 0x7C53, 0x7C32, 0x7C32, 0x7C11, 0x73CF, 0x738D,
    0x6B6B, 0x6B29, 0x62E6, 0x62C3, 0x62C3, 0x62E4, 0x6B08, 0x6B2A,
    0x6B2B, 0x632B, 0x632B, 0x630A, 0x630A, 0x630A, 0x62E8, 0x62C7,
    0x62E9, 0x6B2C, 0x736F, 0x73B1, 0x73F2, 0x7413, 0x7433, 0x73F3,
    0x6BD2, 0x63B1, 0x6390, 0x6390, 0x6390, 0x6390, 0x6391, 0x63B1,
    0xABEC, 0xB44D, 0xC4AF, 0xCD10, 0xD552, 0xD593, 0xD5D4, 0xDDF5,
    0xE636, 0xE636, 0xE657, 0xE677, 0xE677, 0xE678, 0xE678, 0xE678,
    0xE677, 0xDE16, 0xDDB4, 0xCD52, 0xC4CF, 0xBC6D, 0xABEA, 0xA348,
    0x9AE5, 0x9AC4, 0x9AC4, 0x9AE5, 0xA305, 0xAB26, 0xAB46, 0xB367,
    0xB387, 0xBBA7, 0xBBC8, 0xBBE8, 0xC409, 0xC409, 0xC42A, 0xC42A,
    0xC44B, 0xC44B, 0xC44B, 0xC46B, 0xC46C, 0xC46C, 0xC48C, 0xC48D,
    0xC4AD, 0xC4AD, 0xC4AD, 0xCCCD, 0xCCCD, 0xCCCD, 0xCCCD, 0xCCCD,
    0xCCCD, 0xCCCD, 0xCCAD, 0xC4AD, 0xC46C, 0xBC4B, 0xBC2A, 0xB40A,
    0xB3E9, 0xB3E9, 0xBC09, 0xC409, 0xED6D, 0xFD8B, 0xFCC9, 0xF447,
    0xD324, 0xE3C5, 0xF446, 0xDB84, 0xDB64, 0xD303, 0xC2A2, 0xC2A2,
    0xCAC2, 0xCAE2, 0xCB03, 0xBAC3, 0xBA82, 0xDBC4, 0xF52A, 0xFE0E,
    0xFE0E, 0xFDCC, 0xFE2E, 0xFE2E, 0xFE0E, 0xFDEC, 0xEC46, 0xD2E2,
    0xCAE2, 0xC2C2, 0xBA81, 0xCB02, 0xDB64, 0xDBA5, 0xDB64, 0xDB64,
    0xCBE7, 0x81E2, 0x8180, 0x9201, 0xB282, 0xC2C2, 0xBAA2, 0xB281,
    0xB261, 0xC2C2, 0xC2A2, 0xC2A1, 0xBA61, 0xCAC1, 0xD322, 0xEC46,
    0xFDAC, 0xFE0F, 0xFE0F, 0xFDEE, 0xFE50, 0xFE0F, 0xFE50, 0xFE2F,
    0xFE30, 0xFE2F, 0xFE0F, 0xFE30, 0xFE0F, 0xFDCE, 0xFD8C, 0xDC27,
    0x9A21, 0x7960, 0x7980, 0xC2E3, 0xD343, 0xDB63, 0xD323, 0xC2C2,
    0xCB02, 0xCAC1, 0xC2A1, 0xC2C1, 0xE383, 0xFD8B, 0xFE0D, 0xFE2F,
    0xFE70, 0xFE4F, 0xFE50, 0xFE0E, 0xFE2F, 0xFE70, 0xFE2E, 0xFD6A,
    0xFD8B, 0xEC46, 0xE384, 0xDB43, 0xD323, 0xEBE5, 0xF467, 0xF446,
    0xF487, 0xFD2A, 0xFD6B, 0xAC8F, 0x7BD0, 0x7BF1, 0x7BF1, 0x7BF2,
    0x7C12, 0x7C12, 0x7C13, 0x7C33, 0x7C33, 0x7C13, 0x73F2, 0x73F1,
    0x73F1, 0x73F1, 0x7411, 0x7411, 0x7432, 0x7C33, 0x7C74, 0x8475,
    0x8496, 0x8496, 0x8496, 0x8496, 0x8496, 0x8475, 0x7C54, 0x7C53,
    0x7C53, 0x7C53, 0x7C53, 0x7C53, 0x8452, 0x7C11, 0x7BF0, 0x73AE,
    0x6B6C, 0x6B49, 0x6306, 0x62E3, 0x62E2, 0x62E4, 0x6B06, 0x6B29,
    0x6B29, 0x6329, 0x6309, 0x6309, 0x5B09, 0x6308, 0x62E6, 0x62C6,
    0x62E9, 0x6B4D, 0x738F, 0x73B1, 0x73D2, 0x73F2, 0x7413, 0x73D2,
    0x6BD1, 0x63B0, 0x6390, 0x6390, 0x6390, 0x6391, 0x6BB1, 0x6BD2,
    0xABEC, 0xBC4D, 0xC4AF, 0xCD31, 0xD573, 0xDDB4, 0xDDF5, 0xE636,
    0xE657, 0xE677, 0xEE98, 0xEE98, 0xEE98, 0xEEB8, 0xEEB9, 0xEEB9,
    0xEE98, 0xE657, 0xDDF5, 0xD572, 0xC4F0, 0xBC6D, 0xABCA, 0xA347,
    0x9AE5, 0x9AC4, 0x9AE5, 0xA2E5, 0xA305, 0xAB26, 0xAB46, 0xB367,
    0xB387, 0xBBA7, 0xBBC8, 0xBBE8, 0xC409, 0xC409, 0xC42A, 0xC42A,
    0xC44B, 0xC44B, 0xC44B, 0xC46C, 0xC46C, 0xC46C, 0xC48C, 0xC48D,
    0xC4AD, 0xC4AD, 0xC4AD, 0xCCCD, 0xCCCD, 0xCCCD, 0xCCCD, 0xCCCD,
    0xCCCD, 0xCCCD, 0xC4CD, 0xC4AD, 0xC46C, 0xBC4B, 0xBC2A, 0xB40A,
    0xB3E9, 0xB3E9, 0xBC09, 0xC409, 0xED6D, 0xFDAC, 0xFCC8, 0xE3A5,
    0xEC06, 0xF447, 0xF447, 0xE3A4, 0xDB64, 0xD323, 0xE384, 0xD323,
    0xD303, 0xD323, 0xE3E5, 0xD364, 0xDBA3, 0xFDEC, 0xFE2E, 0xFE0D,
    0xFE2F, 0xFE0D, 0xFE0D, 0xFE0D, 0xFDEC, 0xFDED, 0xFD8B, 0xEC46,
    0xDB42, 0xDB43, 0xD323, 0xD303, 0xD323, 0xD323, 0xD323, 0xD323,
    0xE3C5, 0xAAE4, 0x7960, 0x91C0, 0xAA41, 0xB281, 0xB281, 0xBA61,
    0xCAE2, 0xC2A2, 0xC281, 0xCAE1, 0xDB83, 0xEC25, 0xF52A, 0xFDCD,
    0xFDEE, 0xFE2F, 0xFE0F, 0xFDED, 0xFE0F, 0xFE2F, 0xFE50, 0xFE0F,
    0xFE0E, 0xFE0E, 0xFE0F, 0xFDEE, 0xFDEE, 0xFDCD, 0xF5AC, 0xECC9,
    0xA282, 0x6900, 0x9201, 0xDB63, 0xDB84, 0xCB02, 0xCAE2, 0xCAE2,
    0xD322, 0xDB42, 0xDB22, 0xD322, 0xF4C7, 0xFE0D, 0xFDCC, 0xFDED,
    0xFE2E, 0xFE70, 0xFE2F, 0xFE4F, 0xFE2F, 0xFE2F, 0xFE70, 0xFE2F,
    0xFE50, 0xFE0E, 0xF509, 0xF4A8, 0xDB84, 0xDB43, 0xEC05, 0xF446,
    0xF487, 0xFCC8, 0xFD6B, 0xB4B0, 0x73F2, 0x7C12, 0x7C12, 0x7C12,
    0x7C12, 0x7413, 0x7413, 0x7433, 0x7C33, 0x7C13, 0x7412, 0x7412,
    0x7412, 0x7412, 0x7C32, 0x7C33, 0x7C53, 0x7C54, 0x8475, 0x8496,
    0x8496, 0x8496, 0x8495, 0x7C75, 0x7C75, 0x7C54, 0x7C54, 0x7C33,
    0x7C32, 0x7C32, 0x7C32, 0x7C52, 0x8432, 0x7C11, 0x73CF, 0x73AE,
    0x6B6C, 0x6B4A, 0x6B27, 0x62E4, 0x62E2, 0x62E3, 0x6B05, 0x6B07,
    0x6308, 0x6308, 0x5B08, 0x5B08, 0x5AE7, 0x62E6, 0x62C4, 0x62C5,
    0x630A, 0x6B4D, 0x6B8F, 0x6B90, 0x6BB1, 0x6BD1, 0x6BD2, 0x6BD2,
    0x63B1, 0x6390, 0x6370, 0x6390, 0x6390, 0x6391, 0x6BD2, 0x6BF3,
    0xABEC, 0xBC4D, 0xC4AF, 0xCD31, 0xD593, 0xDDB4, 0xDDF5, 0xE636,
    0xE657, 0xEE77, 0xEE98, 0xEE98, 0xEEB8, 0xEEB9, 0xEEB9, 0xEEB9,
    0xEE98, 0xE657, 0xDDF5, 0xD572, 0xC4F0, 0xBC4D, 0xABCA, 0xA327,
    0x9AC5, 0x9AC4, 0x9AE5, 0xA305, 0xA305, 0xAB46, 0xAB66, 0xB387,
    0xB387, 0xBBA8, 0xBBC8, 0xBBE8, 0xC409, 0xC409, 0xC42A, 0xC42A,
    0xC44B, 0xC44B, 0xBC4B, 0xC46C, 0xC46C, 0xC48C, 0xC48C, 0xC48D,
    0xC4AD, 0xC4AD, 0xC4AD, 0xCCCD, 0xCCCD, 0xCCCD, 0xCCCD, 0xCCCD,
    0xCCCD, 0xCCCD, 0xC4CD, 0xC48D, 0xC46C, 0xBC4B, 0xBC2A, 0xB40A,
    0xB3E9, 0xB3E9, 0xBBE9, 0xC429, 0xF58D, 0xFD6B, 0xF467, 0xF467,
    0xEC47, 0xF4C8, 0xEC47, 0xD324, 0xE3A5, 0xE3A4, 0xE3A5, 0xDB64,
    0xD343, 0xDB43, 0xF4E9, 0xFD8B, 0xFD6A, 0xFDEC, 0xFDED, 0xFDED,
    0xFDED, 0xFE0D, 0xFE0D, 0xFDCC, 0xFDCC, 0xFDED, 0xFE0E, 0xFE0D,
    0xFCE8, 0xDB63, 0xDB22, 0xD322, 0xDB64, 0xDB64, 0xE3A4, 0xDB84,
    0xDB84, 0xC324, 0x7960, 0x99E0, 0xA200, 0xAA41, 0xAA41, 0xCAE1,
    0xDBA3, 0xE405, 0xE405, 0xF4A7, 0xFDAC, 0xFDCC, 0xFDEE, 0xFE0F,
    0xFE0E, 0xFE0F, 0xFDEE, 0xFE0E, 0xFE0F, 0xFE50, 0xFE30, 0xFDEE,
    0xFD8C, 0xFDEE, 0xFE0E, 0xFDCE, 0xFD8C, 0xFDCD, 0xF58C, 0xE4A8,
    0xAAC3, 0x7960, 0xCB03, 0xDB63, 0xCAE2, 0xC2A2, 0xCAE2, 0xCAE2,
    0xCAE2, 0xCAE2, 0xCAA1, 0xD322, 0xFD08, 0xFDAB, 0xFDEC, 0xFDCC,
    0xFDCC, 0xFE50, 0xFE50, 0xFE50, 0xFE4F, 0xFE0E, 0xFE2F, 0xFE91,
    0xFE71, 0xFE50, 0xFE30, 0xFE50, 0xFDAD, 0xEBE4, 0xF446, 0xEBE5,
    0xF487, 0xF4A8, 0xFD4A, 0xD4EF, 0x7BF2, 0x7C12, 0x7C12, 0x7C13,
    0x7C13, 0x7413, 0x7413, 0x7433, 0x7433, 0x7413, 0x7413, 0x7413,
    0x7413, 0x7C33, 0x7C53, 0x7C54, 0x7C54, 0x7C75, 0x8495, 0x8496,
    0x8495, 0x7C75, 0x7C75, 0x7C55, 0x7C54, 0x7C54, 0x7C33, 0x7C33,
    0x7C32, 0x7C32, 0x7C31, 0x7C32, 0x7C31, 0x7C10, 0x73CE, 0x738D,
    0x6B6B, 0x6B49, 0x6B27, 0x6304, 0x62E2, 0x6B03, 0x6B04, 0x6B05,
    0x6306, 0x5AE7, 0x5AE7, 0x5AE6, 0x5AE6, 0x5AC5, 0x62C3, 0x62C5,
    0x630A, 0x6B4C, 0x6B6E, 0x6B8F, 0x6B8F, 0x6BB0, 0x6BB1, 0x6BB1,
    0x6390, 0x636F, 0x636F, 0x6370, 0x6390, 0x63B1, 0x6BD2, 0x6BF3,
    0xABEC, 0xBC4D, 0xC4AF, 0xCD31, 0xD593, 0xDDD4, 0xDDF5, 0xE636,
    0xE657, 0xEE78, 0xEE98, 0xEE98, 0xEEB9, 0xEEB9, 0xEED9, 0xEED9,
    0xEE98, 0xE657, 0xDDF5, 0xD572, 0xC4CF, 0xBC2C, 0xAB89, 0x9B06,
    0x9AC4, 0x9AC5, 0x9AE5, 0xA305, 0xAB26, 0xAB46, 0xB367, 0xB387,
    0xBBA7, 0xBBC8, 0xBBC8, 0xBBE8, 0xC409, 0xC409, 0xC42A, 0xC42A,
    0xC44B, 0xC44B, 0xC44B, 0xC46C, 0xC46C, 0xC48C, 0xC48D, 0xC48D,
    0xC4AD, 0xC4AD, 0xC4AD, 0xCCCD, 0xCCCD, 0xCCCD, 0xCCCD, 0xCCCD,
    0xCCCD, 0xCCCD, 0xCCCD, 0xC48D, 0xC46C, 0xBC4B, 0xBC2A, 0xB40A,
    0xB3E9, 0xBBC9, 0xBBE9, 0xC44A, 0xF5AD, 0xFD4A, 0xF4A8, 0xF4A8,
    0xE406, 0xF488, 0xD344, 0xDB84, 0xDBA4, 0xD343, 0xD323, 0xD343,
    0xDBA4, 0xF4C8, 0xFDCD, 0xFE0E, 0xFE0E, 0xFDAB, 0xFE0E, 0xFDCC,
    0xFDED, 0xFE2E, 0xFDED, 0xFE0E, 0xFE0E, 0xFE2E, 0xFE0E, 0xFDED,
    0xFDED, 0xFD6B, 0xF52A, 0xEC46, 0xE363, 0xE364, 0xE3A5, 0xE3E6,
    0xDBC5, 0xD364, 0x9A21, 0x91A0, 0x91E0, 0x9A00, 0xC302, 0xE446,
    0xF50A, 0xFDAC, 0xFD8B, 0xFDAD, 0xFDEE, 0xFE0F, 0xFE0F, 0xFE2F,
    0xFE0F, 0xFDEE, 0xFE0F, 0xFDEE, 0xFE2F, 0xFE10, 0xFE0F, 0xFDAD,
    0xFD8C, 0xFE0E, 0xFDEE, 0xFDCD, 0xFD6B, 0xF56B, 0xED2A, 0xE4A9,
    0xB345, 0xAA62, 0xD303, 0xD302, 0xCAE2, 0xCB03, 0xD323, 0xC2C2,
    0xCAC2, 0xC2A1, 0xD322, 0xF4E9, 0xFDAB, 0xFDED, 0xFE0E, 0xFDEE,
    0xFE0E, 0xFDCD, 0xFE50, 0xFE71, 0xFDCD, 0xEC47, 0xF4C8, 0xFE0F,
    0xFE2F, 0xFE71, 0xFE50, 0xFE50, 0xFEB2, 0xFE0E, 0xFE2F, 0xF50A,
    0xF426, 0xFCC8, 0xFD29, 0xD4EF, 0x7C12, 0x7C12, 0x7C13, 0x7C13,
    0x7413, 0x7413, 0x7413, 0x7413, 0x7433, 0x7413, 0x7413, 0x7413,
    0x7433, 0x7433, 0x7C34, 0x7C54, 0x7C54, 0x7C75, 0x8495, 0x7C75,
    0x7C75, 0x7C54, 0x7434, 0x7434, 0x7433, 0x7C33, 0x7C33, 0x7C32,
    0x7C32, 0x7C32, 0x7C31, 0x7C31, 0x7C11, 0x7BF0, 0x73AE, 0x6B8C,
    0x6B6B, 0x6B49, 0x6B27, 0x6B04, 0x6B02, 0x6B02, 0x6B03, 0x6B04,
    0x62E4, 0x5AE5, 0x5AE5, 0x5AE5, 0x5AE4, 0x5AC3, 0x62C2, 0x62E5,
    0x630A, 0x6B2C, 0x6B4D, 0x636E, 0x636F, 0x6B8F, 0x6BB0, 0x6390,
    0x636F, 0x634F, 0x5B4E, 0x636F, 0x6390, 0x6BB2, 0x6BD3, 0x6BF3,
    0xABEC, 0xB44D, 0xC4AF, 0xCD31, 0xDD93, 0xDDD4, 0xDDF5, 0xE636,
    0xE677, 0xEE98, 0xEE98, 0xEEB8, 0xEEB9, 0xEED9, 0xF6D9, 0xF6D9,
    0xEEB8, 0xE657, 0xDDF5, 0xD572, 0xC4CF, 0xB42C, 0xA369, 0x9AE6,
    0x9AC4, 0x9AC5, 0x9AE5, 0xA305, 0xAB26, 0xAB46, 0xB367, 0xB387,
    0xBBA8, 0xBBC8, 0xBBE8, 0xC3E9, 0xC409, 0xC40A, 0xC42A, 0xC42A,
    0xC44B, 0xC44B, 0xC44B, 0xC46C, 0xC46C, 0xC48C, 0xC48D, 0xC4AD,
    0xC4AD, 0xC4AD, 0xC4AD, 0xC4CD, 0xCCCD, 0xCCCD, 0xCCCD, 0xCCCD,
    0xCCCD, 0xCCCD, 0xC4CD, 0xC48D, 0xC46C, 0xBC4B, 0xBC2B, 0xB40A,
    0xB3E9, 0xBBE9, 0xBBE9, 0xC44A, 0xF58D, 0xFD4B, 0xFCE9, 0xF487,
    0xE3E6, 0xEC26, 0xD343, 0xE384, 0xDB43, 0xCAE2, 0xC281, 0xDB84,
    0xFD8C, 0xFE2E, 0xFDED, 0xFDEE, 0xFE2F, 0xFDCD, 0xFDCC, 0xFE0D,
    0xFE0D, 0xFDED, 0xFDED, 0xFE70, 0xFE2E, 0xFDED, 0xFDED, 0xFDCB,
    0xFE0E, 0xFE4F, 0xFE70, 0xFE2E, 0xF509, 0xEC26, 0xDB63, 0xD302,
    0xE3A4, 0xDBA5, 0xBAE3, 0x8180, 0x89A0, 0xAA61, 0xECC9, 0xF54B,
    0xF56B, 0xFDAC, 0xFDAD, 0xFDEE, 0xFDEE, 0xFDEE, 0xFE0E, 0xFE2F,
    0xFDEE, 0xFDEE, 0xFE0E, 0xFDCD, 0xFE2F, 0xFE0F, 0xFE0F, 0xFE0F,
    0xFDCD, 0xFDEE, 0xFDAD, 0xFDAC, 0xFDAD, 0xF52B, 0xE4C9, 0xD448,
    0xBB86, 0xBAE3, 0xD323, 0xDB64, 0xE384, 0xDB43, 0xCAE2, 0xCAC2,
    0xDB22, 0xEC46, 0xFD8B, 0xFE2E, 0xFE0D, 0xFE0E, 0xFE0D, 0xFDED,
    0xFE2E, 0xFDAC, 0xEC67, 0xF50A, 0xEC67, 0xE384, 0xDB43, 0xEC46,
    0xEC46, 0xFD6B, 0xFE91, 0xFE71, 0xFE92, 0xFE92, 0xFEB3, 0xFE71,
    0xF487, 0xF467, 0xFD29, 0xD52F, 0x73F2, 0x7C13, 0x7C13, 0x7C13,
    0x7413, 0x7413, 0x7413, 0x7413, 0x7413, 0x7413, 0x7413, 0x7413,
    0x7433, 0x7434, 0x7C54, 0x7C54, 0x7C55, 0x7C75, 0x7C75, 0x7C55,
    0x7434, 0x7433, 0x7413, 0x7412, 0x7412, 0x7412, 0x7432, 0x7432,
    0x7412, 0x7C32, 0x7C32, 0x7C31, 0x7C10, 0x73CF, 0x73AD, 0x6B8B,
    0x6B4A, 0x6B48, 0x6B27, 0x6B04, 0x6B02, 0x6B02, 0x6B02, 0x6302,
    0x62E3, 0x5AC3, 0x5AC3, 0x5AC3, 0x5AC2, 0x5AC0, 0x62C2, 0x62E6,
    0x6309, 0x632B, 0x632C, 0x634D, 0x634D, 0x636E, 0x636F, 0x636F,
    0x634F, 0x5B4E, 0x5B4E, 0x636F, 0x6390, 0x6BD2, 0x6BD3, 0x6BF3,
    0xABEC, 0xB42D, 0xC4AF, 0xCD31, 0xDD93, 0xDDD4, 0xE615, 0xE657,
    0xE677, 0xEE98, 0xEE98, 0xEEB9, 0xEED9, 0xF6D9, 0xF6D9, 0xF6D9,
    0xEEB8, 0xE657, 0xDDF5, 0xD552, 0xC4AF, 0xB40B, 0xA368, 0x9AE5,
    0x9AC4, 0x9AC5, 0x9AE5, 0xA305, 0xAB26, 0xAB47, 0xB367, 0xB387,
    0xBBA8, 0xBBC8, 0xBBE8, 0xC3E8, 0xC409, 0xC40A, 0xC42A, 0xC44B,
    0xC44B, 0xC44B, 0xC46C, 0xC46C, 0xC48C, 0xC48C, 0xC48D, 0xC4AD,
    0xC4AD, 0xC4AD, 0xC4AD, 0xC4AD, 0xCCCD, 0xCCCD, 0xCCCD, 0xCCCD,
    0xCCCD, 0xCCCD, 0xC4AD, 0xC48D, 0xC46C, 0xBC4B, 0xBC2B, 0xB40A,
    0xB3E9, 0xB3E9, 0xBBE9, 0xC429, 0xF54C, 0xFD09, 0xFD2A, 0xEC47,
    0xDBC6, 0xEC06, 0xCB23, 0xE3A4, 0xDB43, 0xBA81, 0xDB63, 0xFD4B,
    0xFE2F, 0xFE0E, 0xFE0E, 0xFE0E, 0xFE50, 0xFDEE, 0xFDAB, 0xFD8B,
    0xECA8, 0xF4C8, 0xFDAD, 0xFDAC, 0xFDED, 0xFE0D, 0xFE0D, 0xFDEC,
    0xFE0D, 0xFE2E, 0xFE0E, 0xFE0E, 0xFE4F, 0xFE2E, 0xF52A, 0xEC47,
    0xE426, 0xDB84, 0xDB84, 0x9A21, 0x9A00, 0xD3C5, 0xED0A, 0xF56C,
    0xF54B, 0xFD8C, 0xFDEE, 0xFDEE, 0xFDEE, 0xFE0F, 0xFDCD, 0xFDEE,
    0xFDCE, 0xFDEE, 0xF52B, 0xF50A, 0xF58C, 0xF56C, 0xFDEF, 0xFE30,
    0xFE2F, 0xFDCD, 0xFDAD, 0xFDCD, 0xFD8C, 0xF54B, 0xE4CA, 0xCC08,
    0xAAE4, 0xC2E2, 0xDB63, 0xE384, 0xDB63, 0xCAE2, 0xC2A1, 0xDBA4,
    0xF52A, 0xFE0D, 0xFE2E, 0xFE0D, 0xFE0D, 0xFE4F, 0xFE0E, 0xFE0E,
    0xFDED, 0xEC87, 0xDB63, 0xCAE2, 0xD302, 0xE384, 0xD303, 0xCAE2,
    0xDB43, 0xE383, 0xFD09, 0xFE91, 0xFEB3, 0xFEB3, 0xFE93, 0xFEF5,
    0xFE0F, 0xF466, 0xFD6A, 0xED8F, 0x7C12, 0x7C13, 0x7C13, 0x7413,
    0x7413, 0x7413, 0x7413, 0x7413, 0x7413, 0x7413, 0x7413, 0x7413,
    0x7433, 0x7434, 0x7434, 0x7C54, 0x7C55, 0x7C75, 0x7C55, 0x7434,
    0x7433, 0x7413, 0x6BF2, 0x6BF1, 0x73F1, 0x73F1, 0x7412, 0x7412,
    0x7412, 0x7C12, 0x7C32, 0x7C32, 0x7C10, 0x73CE, 0x6B8D, 0x6B6B,
    0x6B49, 0x6B27, 0x6B26, 0x6B24, 0x6B02, 0x6B02, 0x6B01, 0x6300,
    0x62E1, 0x5AC1, 0x5AC1, 0x5AC0, 0x5AA0, 0x5AC0, 0x62C3, 0x62E6,
    0x6308, 0x630A, 0x632B, 0x632B, 0x634C, 0x634D, 0x634E, 0x634E,
    0x5B4E, 0x5B4E, 0x634E, 0x636F, 0x63B1, 0x6BD3, 0x6BD3, 0x63D3,
    0xABCB, 0xB42D, 0xC48E, 0xCD31, 0xDD93, 0xDDD4, 0xE616, 0xE657,
    0xEE77, 0xEE98, 0xEEB9, 0xEEB9, 0xEED9, 0xF6D9, 0xF6D9, 0xF6D9,
    0xEEB8, 0xE657, 0xDDD4, 0xCD52, 0xC4AE, 0xB3EB, 0xA348, 0x92C5,
    0x92A4, 0x9AC5, 0x9AE5, 0xA305, 0xAB26, 0xAB47, 0xB387, 0xB387,
    0xBBA8, 0xBBC8, 0xBBE8, 0xC3E8, 0xC409, 0xC409, 0xC42A, 0xC44A,
    0xC44B, 0xC44B, 0xC46C, 0xC46C, 0xC46C, 0xC48C, 0xC48D, 0xC4AD,
    0xC4AD, 0xC4AD, 0xC4AD, 0xC4CD, 0xC4CD, 0xCCCD, 0xC4CD, 0xCCCD,
    0xCCCD, 0xCCCD, 0xC4AD, 0xC48D, 0xC46C, 0xBC4B, 0xBC2B, 0xB40A,
    0xB3E9, 0xB3C8, 0xBBE9, 0xC429, 0xF52B, 0xFD4A, 0xFD0A, 0xE427,
    0xEC47, 0xE3C5, 0xD384, 0xEC47, 0xEBC4, 0xE3C4, 0xFD8B, 0xFE4F,
    0xFE2F, 0xFE2F, 0xFDED, 0xFE2F, 0xFE2E, 0xECC8, 0xE3E5, 0xD364,
    0xD323, 0xDBA5, 0xDB85, 0xDBA4, 0xECA8, 0xFD8C, 0xFDCD, 0xFE2F,
    0xFE0E, 0xFE2E, 0xFE2E, 0xFE2F, 0xFE4F, 0xFE2E, 0xFE2E, 0xFE2E,
    0xFE2F, 0xECC9, 0xE3C5, 0xCB43, 0xBB44, 0xDC68, 0xECEA, 0xF56C,
    0xF56C, 0xF58C, 0xFDCD, 0xFDCE, 0xFDEE, 0xFDEE, 0xFDEE, 0xFDEE,
    0xFDCD, 0xECE9, 0xD343, 0xDB64, 0xE3C4, 0xE3C4, 0xF4C9, 0xFDCD,
    0xFE2F, 0xFD8C, 0xF56B, 0xFD8C, 0xF56C, 0xED2A, 0xDCA9, 0xBB86,
    0xBB03, 0xDB64, 0xDB63, 0xD343, 0xCAE2, 0xC281, 0xD322, 0xF4C8,
    0xFDED, 0xFDED, 0xFDED, 0xFDCC, 0xFE0D, 0xFE2E, 0xFE2E, 0xFDCC,
    0xF509, 0xDB63, 0xDB43, 0xD303, 0xD302, 0xDB63, 0xE384, 0xD303,
    0xCAE2, 0xDB43, 0xEBE5, 0xF4C8, 0xFE71, 0xFED5, 0xFED5, 0xFED5,
    0xFEF5, 0xFE30, 0xFEB2, 0xEDD1, 0x7BF2, 0x7C13, 0x7C13, 0x7C13,
    0x7413, 0x7413, 0x7413, 0x73F3, 0x7413, 0x7413, 0x7413, 0x7413,
    0x7413, 0x7434, 0x7434, 0x7C55, 0x7C55, 0x7C54, 0x7434, 0x7413,
    0x7412, 0x6BF2, 0x6BD1, 0x6BD1, 0x6BD0, 0x73F1, 0x73F1, 0x7412,
    0x7C32, 0x7C33, 0x7C53, 0x7C32, 0x7C11, 0x73CF, 0x6B8C, 0x6B6B,
    0x6B48, 0x6B26, 0x6325, 0x6B24, 0x6B02, 0x6B02, 0x6B01, 0x6300,
    0x5AE0, 0x5AC0, 0x52A0, 0x52A0, 0x52A0, 0x5AC0, 0x62E4, 0x62E6,
    0x62E8, 0x6309, 0x632A, 0x632B, 0x632B, 0x634C, 0x634D, 0x636E,
    0x634E, 0x634E, 0x636F, 0x6390, 0x6BB2, 0x6BD3, 0x6BD3, 0x63D2,
    0xABCB, 0xB42D, 0xC48E, 0xCD11, 0xDD93, 0xDDD4, 0xE616, 0xE657,
    0xEE78, 0xEE98, 0xEEB9, 0xEED9, 0xF6D9, 0xF6D9, 0xF6F9, 0xF6D9,
    0xEEB8, 0xE657, 0xDDD4, 0xCD31, 0xBC8E, 0xABEB, 0x9B27, 0x92A5,
    0x92A4, 0x9AC5, 0xA2E5, 0xA306, 0xAB26, 0xB367, 0xB387, 0xB3A7,
    0xBBA8, 0xBBC8, 0xBBC8, 0xC3E8, 0xC409, 0xC409, 0xC42A, 0xC44A,
    0xC44B, 0xC44B, 0xC46C, 0xC46C, 0xC46C, 0xC48C, 0xC48D, 0xC48D,
    0xC4AD, 0xC4AD, 0xC4AD, 0xC4AD, 0xC4AD, 0xC4CD, 0xC4CD, 0xC4CD,
    0xCCCD, 0xCCCD, 0xC4AD, 0xC48D, 0xC46C, 0xBC4B, 0xBC2B, 0xB40A,
    0xB3E9, 0xB3E8, 0xBBE8, 0xC429, 0xF54C, 0xFD4A, 0xF54B, 0xF488,
    0xE3E6, 0xD364, 0xDBA5, 0xFD4B, 0xFD29, 0xFDCC, 0xFE4F, 0xFE2F,
    0xFE50, 0xFE2F, 0xFE2F, 0xFDEE, 0xF52A, 0xDB64, 0xCAE2, 0xC2A2,
    0xC2E2, 0xC2A2, 0xC282, 0xD323, 0xDB43, 0xDB63, 0xDBA4, 0xF4E9,
    0xFDAC, 0xFE2E, 0xFE2E, 0xFE2E, 0xFE70, 0xFE4F, 0xFE2F, 0xFE2E,
    0xFE2F, 0xFE50, 0xFDCD, 0xE446, 0xCB85, 0xD448, 0xE488, 0xED2B,
    0xF58C, 0xF58C, 0xFDAD, 0xFD8D, 0xFDCE, 0xFDAD, 0xFDAD, 0xED0A,
    0xEC88, 0xDB84, 0xCB02, 0xD323, 0xD343, 0xD343, 0xE384, 0xEC46,
    0xFDEE, 0xFE0E, 0xFDCD, 0xF56C, 0xED09, 0xE4A9, 0xD448, 0xBB85,
    0xDB83, 0xDB63, 0xDB63, 0xDB42, 0xD322, 0xE405, 0xFD6B, 0xFDCC,
    0xFDCC, 0xFDCC, 0xFDED, 0xFDEC, 0xFE0D, 0xFE0E, 0xFE0E, 0xFDCD,
    0xEC66, 0xD322, 0xCAE2, 0xD323, 0xDB23, 0xDB43, 0xE384, 0xDB63,
    0xD323, 0xD303, 0xE3C5, 0xEBC4, 0xFCE8, 0xFED4, 0xFEB4, 0xFED4,
    0xFEF5, 0xFEF6, 0xFF78, 0xEE34, 0x8412, 0x7C13, 0x7C13, 0x7C13,
    0x7C13, 0x7413, 0x7413, 0x73F3, 0x7413, 0x7413, 0x7413, 0x7413,
    0x7413, 0x7434, 0x7454, 0x7C55, 0x7C54, 0x7434, 0x7413, 0x7412,
    0x73F2, 0x6BF1, 0x6BD0, 0x6BD0, 0x6BD0, 0x73F1, 0x73F1, 0x7412,
    0x7C33, 0x7C53, 0x7C53, 0x7C32, 0x7C11, 0x73CF, 0x6B8D, 0x6B4A,
    0x6B48, 0x6326, 0x6304, 0x6B03, 0x6B02, 0x6B01, 0x6300, 0x6300,
    0x5AE0, 0x52C0, 0x52A0, 0x52A0, 0x52A0, 0x5AC1, 0x62E4, 0x6306,
    0x6307, 0x6308, 0x6329, 0x632A, 0x634B, 0x634C, 0x636E, 0x638F,
    0x636F, 0x6B8F, 0x6BB0, 0x6BD1, 0x6BD2, 0x6BF3, 0x6BD3, 0x63D2,
    0xA3AB, 0xB40C, 0xBC8E, 0xCD10, 0xDD93, 0xDDD4, 0xE616, 0xE657,
    0xEE78, 0xEE98, 0xEEB9, 0xEED9, 0xF6D9, 0xF6D9, 0xF6F9, 0xF6D9,
    0xEE98, 0xE636, 0xDDD4, 0xCD31, 0xBC6E, 0xABCA, 0x9B07, 0x92A4,
    0x92A4, 0x9AC5, 0xA2E5, 0xA306, 0xAB46, 0xAB67, 0xB387, 0xBBA8,
    0xBBA8, 0xBBC8, 0xBBC8, 0xBBE9, 0xC409, 0xC409, 0xC42A, 0xC44A,
    0xC44B, 0xC44B, 0xC46C, 0xC46C, 0xC46C, 0xC48C, 0xC48C, 0xC48D,
    0xC48D, 0xC4AD, 0xC4AD, 0xC4AD, 0xC4AD, 0xC4CD, 0xC4CD, 0xC4CD,
    0xC4CD, 0xC4CD, 0xC4AD, 0xC48D, 0xC46C, 0xBC4B, 0xBC2B, 0xB40A,
    0xB3E9, 0xB3E8, 0xBBE8, 0xC429, 0xECEB, 0xFDCD, 0xFE0F, 0xF426,
    0xDB84, 0xDB43, 0xE3C5, 0xFE4F, 0xFE2F, 0xFE4F, 0xFE2F, 0xFE4F,
    0xFE0E, 0xFE2F, 0xFDAC, 0xE3E5, 0xDBA4, 0xE384, 0xC2A2, 0xBAA2,
    0xC2C2, 0xC2A2, 0xC2C2, 0xCAE2, 0xCB02, 0xCAE2, 0xD302, 0xD302,
    0xEC25, 0xFDAB, 0xFE0D, 0xFE2E, 0xFE0E, 0xFE0D, 0xFE2E, 0xFE2E,
    0xFE2F, 0xFE2F, 0xFE50, 0xFDCD, 0xDC47, 0xD427, 0xDC68, 0xECEA,
    0xF54B, 0xF5AD, 0xF56C, 0xF54B, 0xF58D, 0xF54C, 0xECA8, 0xD385,
    0xD323, 0xD303, 0xC2A2, 0xCAE2, 0xD322, 0xD302, 0xD323, 0xDB63,
    0xF4A8, 0xFDEE, 0xFDAC, 0xF56B, 0xED0A, 0xD447, 0xC3A6, 0xC323,
    0xE3E5, 0xE3E5, 0xE383, 0xF487, 0xFD8B, 0xFE0D, 0xFE0E, 0xFE0D,
    0xFE4F, 0xFE2E, 0xFDCB, 0xFDED, 0xFDED, 0xFDED, 0xFDED, 0xFDED,
    0xF487, 0xE383, 0xDB43, 0xD303, 0xDB23, 0xDB43, 0xE384, 0xE384,
    0xDB43, 0xD323, 0xE3C5, 0xEBE5, 0xEBC4, 0xFDAD, 0xFED4, 0xFEB3,
    0xFEF5, 0xFED5, 0xFF78, 0xEEB7, 0x8452, 0x7C13, 0x7C13, 0x7C13,
    0x7C13, 0x7C13, 0x7413, 0x7413, 0x7413, 0x7413, 0x7413, 0x7433,
    0x7434, 0x7C54, 0x7C54, 0x7C54, 0x7C34, 0x7433, 0x7412, 0x7412,
    0x73F1, 0x73F1, 0x6BD0, 0x6BCF, 0x73CF, 0x73F0, 0x7411, 0x7C12,
    0x7C33, 0x7C53, 0x7C52, 0x8432, 0x7C11, 0x73CF, 0x6B8D, 0x6B6A,
    0x6B48, 0x6326, 0x6B03, 0x6B02, 0x6B01, 0x6B00, 0x6300, 0x62E0,
    0x5AE0, 0x52C0, 0x52A0, 0x52A0, 0x5AC0, 0x62E2, 0x6304, 0x6305,
    0x6306, 0x6328, 0x6329, 0x6329, 0x634B, 0x6B6D, 0x6B8E, 0x6B8F,
    0x6BB0, 0x73B1, 0x73D1, 0x73F2, 0x73F3, 0x73F3, 0x6BF3, 0x6BD2,
    0xA38B, 0xABEC, 0xBC6E, 0xCD11, 0xDD93, 0xDDD5, 0xE616, 0xE657,
    0xEE78, 0xEE98, 0xEEB9, 0xEED9, 0xF6D9, 0xF6D9, 0xF6F9, 0xF6D9,
    0xEE98, 0xE636, 0xD5B4, 0xCD31, 0xBC6E, 0xA3AA, 0x92E6, 0x9284,
    0x92A4, 0x9AC5, 0xA2E5, 0xA326, 0xAB46, 0xB367, 0xB387, 0xBBA7,
    0xBBA8, 0xBBC8, 0xBBC8, 0xBBE9, 0xC409, 0xC40A, 0xC42A, 0xC44B,
    0xC44B, 0xC44B, 0xC46B, 0xC46C, 0xC46C, 0xC46C, 0xC48C, 0xC48D,
    0xC4AD, 0xC4AD, 0xC4AD, 0xC4AD, 0xC4AD, 0xC4AD, 0xC4CD, 0xC4CD,
    0xC4CD, 0xC4CD, 0xC4AD, 0xC4AD, 0xC46C, 0xBC4B, 0xBC2B, 0xB40A,
    0xB3E9, 0xBBE8, 0xBBE9, 0xC429, 0xECEA, 0xFE0F, 0xFE91, 0xFCE8,
    0xF446, 0xEC05, 0xFDCD, 0xFE91, 0xFE2F, 0xFE50, 0xFE50, 0xFE2F,
    0xFE0E, 0xFDCD, 0xE3A4, 0xD303, 0xD344, 0xCB02, 0xCAC2, 0xCB02,
    0xC2E3, 0xCAE2, 0xCB02, 0xCAE2, 0xCB02, 0xD323, 0xCB02, 0xCAE2,
    0xD322, 0xEBE4, 0xFD6A, 0xFE0D, 0xFE0D, 0xFE2E, 0xFE0E, 0xFE2E,
    0xFE4F, 0xFDED, 0xFE0E, 0xFE0F, 0xFDCD, 0xDC89, 0xD448, 0xE4CA,
    0xED2B, 0xF54C, 0xECCA, 0xE427, 0xE427, 0xEC68, 0xDB84, 0xCAE3,
    0xCAC2, 0xCAC2, 0xC2A2, 0xCAC2, 0xCAE2, 0xBA81, 0xC2A1, 0xD302,
    0xDB83, 0xF52A, 0xFD8D, 0xF54B, 0xE4EA, 0xCC28, 0xB344, 0xDBE5,
    0xFD4A, 0xF52A, 0xFDAC, 0xFE2F, 0xFE0E, 0xFDED, 0xFE0D, 0xFDED,
    0xFE0D, 0xFE0E, 0xFDCB, 0xFDED, 0xFDCC, 0xFDCC, 0xFDCD, 0xFDED,
    0xF509, 0xE363, 0xDB63, 0xD323, 0xD323, 0xDB63, 0xD323, 0xE384,
    0xDB84, 0xDB64, 0xE3A4, 0xF426, 0xEBC5, 0xF425, 0xFE92, 0xFED4,
    0xFF15, 0xFF16, 0xFF37, 0xF6F7, 0x8C52, 0x7C12, 0x8432, 0x8432,
    0x8433, 0x7C13, 0x7C13, 0x7C13, 0x7C13, 0x7C33, 0x7C33, 0x7C33,
    0x7C54, 0x8454, 0x8474, 0x8454, 0x7C33, 0x7C12, 0x7C11, 0x7C11,
    0x7BF0, 0x7BF0, 0x7BEF, 0x73EF, 0x7BEF, 0x7C11, 0x8431, 0x8432,
    0x8452, 0x8452, 0x8432, 0x8432, 0x7C10, 0x7BCF, 0x73AD, 0x6B6B,
    0x6B48, 0x6B26, 0x6B03, 0x6B01, 0x6B00, 0x6B00, 0x6300, 0x62E0,
    0x5AC0, 0x52C0, 0x52C0, 0x52C0, 0x5AC0, 0x62E2, 0x6303, 0x6304,
    0x6326, 0x6B28, 0x6B48, 0x6349, 0x6B4B, 0x6B6D, 0x738F, 0x73AF,
    0x7BD0, 0x7BF1, 0x7C12, 0x7C33, 0x7C33, 0x7C13, 0x73F3, 0x73D2,
    0x9B8B, 0xABEC, 0xBC4E, 0xCD10, 0xD593, 0xDDD5, 0xE616, 0xE657,
    0xEE78, 0xEE98, 0xEEB9, 0xEED9, 0xF6D9, 0xF6D9, 0xF6F9, 0xF6D9,
    0xEE98, 0xE636, 0xD5B4, 0xCD11, 0xB44D, 0xA369, 0x92C6, 0x8A84,
    0x92A4, 0x9AC5, 0xA305, 0xA326, 0xAB46, 0xB367, 0xB387, 0xB3A7,
    0xBBA8, 0xBBC8, 0xBBC8, 0xBBE9, 0xC409, 0xC40A, 0xC42A, 0xC44B,
    0xC44B, 0xC44B, 0xC46B, 0xC46C, 0xC46C, 0xC48C, 0xC48C, 0xC48D,
    0xC48D, 0xC48D, 0xC4AD, 0xC4AD, 0xC4AD, 0xC4AD, 0xC4AD, 0xC4CD,
    0xC4CD, 0xC4CD, 0xC4AD, 0xC4AD, 0xC46C, 0xBC4B, 0xBC2B, 0xB40A,
    0xB3E9, 0xBBE8, 0xBBE8, 0xC429, 0xED2B, 0xFE10, 0xFF15, 0xFE2F,
    0xFDAC, 0xFDEE, 0xFEB2, 0xFE71, 0xFE71, 0xFE50, 0xFE2F, 0xFE50,
    0xFE0E, 0xEC25, 0xD303, 0xD344, 0xC2C2, 0xCAC2, 0xD302, 0xCAC2,
    0xCAE2, 0xCAE2, 0xCAE2, 0xCAE3, 0xD303, 0xD323, 0xD323, 0xD323,
    0xDB63, 0xDB42, 0xF486, 0xFDEC, 0xFE0D, 0xFE2E, 0xFE2E, 0xFE2E,
    0xFE0D, 0xFE2E, 0xFE2E, 0xFDEE, 0xFE0F, 0xF58E, 0xD448, 0xDC89,
    0xE4A9, 0xD3E6, 0xD3C6, 0xDB85, 0xCAE2, 0xD344, 0xCAE2, 0xCAC2,
    0xD2E2, 0xC2C2, 0xBAA2, 0xCAE2, 0xC2A2, 0xB241, 0xBA81, 0xCAC2,
    0xCAC1, 0xDBC5, 0xF52B, 0xECEA, 0xDC68, 0xBB86, 0xC3A5, 0xFD8C,
    0xFDEE, 0xFE2F, 0xFE2F, 0xFE0E, 0xFDAC, 0xFDCC, 0xFE2E, 0xFDED,
    0xFE0D, 0xFDED, 0xFDEC, 0xFDED, 0xFDED, 0xFDCC, 0xFDCD, 0xFDCD,
    0xFDAC, 0xEC25, 0xDB63, 0xDB63, 0xDB43, 0xE384, 0xDB44, 0xD323,
    0xE3A4, 0xE3A4, 0xE384, 0xEC05, 0xF467, 0xEBE5, 0xFD8C, 0xFF16,
    0xFEF5, 0xFF37, 0xFF57, 0xF6D6, 0x8C31, 0x8432, 0x8C32, 0x8432,
    0x8432, 0x8432, 0x8432, 0x8432, 0x8433, 0x8433, 0x8453, 0x8453,
    0x8474, 0x8C74, 0x8C74, 0x8453, 0x8432, 0x7C11, 0x7C10, 0x7C10,
    0x7C0F, 0x7C0F, 0x7BEE, 0x7BEE, 0x840F, 0x8431, 0x8C52, 0x8C52,
    0x8C52, 0x8C52, 0x8452, 0x8431, 0x8410, 0x7BCE, 0x73AC, 0x736A,
    0x6B48, 0x6B26, 0x6B02, 0x6B00, 0x6B00, 0x6B00, 0x6300, 0x62E0,
    0x5AC0, 0x52C0, 0x52C0, 0x52C0, 0x5AC0, 0x62E2, 0x6303, 0x6304,
    0x6B26, 0x6B47, 0x6B47, 0x6B49, 0x6B6B, 0x738D, 0x7BAF, 0x7BD0,
    0x83F1, 0x8412, 0x8433, 0x8453, 0x8453, 0x8433, 0x7C12, 0x7BF2,
    0x9B6A, 0xABCC, 0xBC4E, 0xCD10, 0xD593, 0xDDD4, 0xE616, 0xE657,
    0xEE78, 0xEE98, 0xEEB9, 0xEEB9, 0xF6D9, 0xF6D9, 0xF6D9, 0xF6D9,
    0xEE98, 0xE616, 0xD593, 0xC4F0, 0xB40C, 0x9B49, 0x92A5, 0x8A84,
    0x92A4, 0x9AC5, 0xA305, 0xA326, 0xAB46, 0xB367, 0xB387, 0xB387,
    0xBBA8, 0xBBA8, 0xBBC8, 0xBBE9, 0xC409, 0xC429, 0xC42A, 0xC44B,
    0xC44B, 0xC44B, 0xC46B, 0xC46C, 0xC46C, 0xC48C, 0xC48C, 0xC48D,
    0xC48D, 0xC48D, 0xC4AD, 0xC4AD, 0xC4AD, 0xC4AD, 0xC4AD, 0xC4AD,
    0xC4AD, 0xC4CD, 0xC4CD, 0xC4AD, 0xC48C, 0xBC4C, 0xBC2B, 0xB40A,
    0xB3E9, 0xB3E9, 0xBBE8, 0xC409, 0xE4CA, 0xFE10, 0xFF36, 0xFE91,
    0xFE92, 0xFE92, 0xFE91, 0xFE50, 0xFE71, 0xFE50, 0xFE50, 0xFE70,
    0xF4E8, 0xD322, 0xCAE3, 0xCB03, 0xCB03, 0xD303, 0xC2A2, 0xCB03,
    0xD343, 0xC2C2, 0xCAE2, 0xC2C2, 0xC2C2, 0xCB02, 0xCAE2, 0xCB02,
    0xDB63, 0xE363, 0xF4E8, 0xFE0D, 0xFE0E, 0xFE2E, 0xFE2E, 0xFE0D,
    0xFE0D, 0xFE4F, 0xFE4F, 0xFE2F, 0xFE2F, 0xFDEF, 0xE4CA, 0xD427,
    0xBB45, 0xB2A2, 0xC303, 0xC303, 0xB282, 0xAA01, 0xBA61, 0xC2A2,
    0xCAE2, 0xBAA2, 0xBAA2, 0xCAE2, 0xCAC2, 0xBA82, 0xBA82, 0xBA81,
    0xBA61, 0xCAC2, 0xE426, 0xE4A9, 0xD428, 0xBBA6, 0xED2B, 0xFDCD,
    0xFDEE, 0xFE0E, 0xFE0E, 0xFE0E, 0xFDAC, 0xFE2E, 0xFE6F, 0xFE2E,
    0xFDED, 0xFE0E, 0xFDED, 0xFE0E, 0xFDED, 0xFE0E, 0xFDED, 0xFDED,
    0xFDED, 0xFD6B, 0xDB83, 0xD323, 0xDB43, 0xDB43, 0xDB63, 0xCB03,
    0xDB63, 0xEBC5, 0xE3A5, 0xE3A4, 0xF447, 0xEC26, 0xFCC8, 0xFED4,
    0xFF16, 0xFF16, 0xFF57, 0xF6D7, 0x9451, 0x8C31, 0x8C32, 0x8C32,
    0x8C32, 0x8C32, 0x8C32, 0x8C32, 0x8C52, 0x8C52, 0x8C53, 0x8C73,
    0x8C73, 0x8C73, 0x8C73, 0x8C52, 0x8431, 0x8410, 0x840F, 0x840F,
    0x840E, 0x840E, 0x83EE, 0x840E, 0x842F, 0x8C30, 0x9451, 0x9472,
    0x8C52, 0x8C51, 0x8C51, 0x8C30, 0x840F, 0x7BCD, 0x73AB, 0x736A,
    0x7368, 0x6B46, 0x6B23, 0x6B00, 0x6B00, 0x6B00, 0x6300, 0x62E0,
    0x5AC0, 0x5AC0, 0x5AC0, 0x5AC0, 0x5AE0, 0x62E1, 0x62E3, 0x6304,
    0x6B25, 0x6B46, 0x6B47, 0x6B6A, 0x738B, 0x7BAD, 0x83EF, 0x8410,
    0x8C31, 0x8C52, 0x9473, 0x8C73, 0x8C53, 0x8C33, 0x8432, 0x7BF1,
    0x9B6A, 0xABCC, 0xBC6E, 0xCCF0, 0xD573, 0xDDD4, 0xE616, 0xE657,
    0xEE78, 0xEE98, 0xEEB8, 0xEED9, 0xF6D9, 0xF6D9, 0xF6D9, 0xEED9,
    0xEE78, 0xE616, 0xD593, 0xC4D0, 0xAC0C, 0x9B28, 0x8A84, 0x8A64,
    0x9284, 0x9AC5, 0xA2E5, 0xA326, 0xAB46, 0xAB67, 0xB367, 0xB387,
    0xBBA7, 0xBBA8, 0xBBC8, 0xBBE9, 0xC409, 0xC409, 0xC42A, 0xC44A,
    0xC44B, 0xC44B, 0xC46B, 0xC46C, 0xC46C, 0xC48C, 0xC48C, 0xC48C,
    0xC48D, 0xC48D, 0xC4AD, 0xC4AD, 0xC4AD, 0xC4AD, 0xC4AD, 0xC4AD,
    0xC4AD, 0xC4CD, 0xC4CD, 0xC4AD, 0xC46C, 0xBC4B, 0xBC2B, 0xB40A,
    0xB3E9, 0xB3E9, 0xBBE8, 0xC409, 0xDC89, 0xFDEF, 0xFF36, 0xFEB3,
    0xFEB3, 0xFE92, 0xFE50, 0xFE71, 0xFE50, 0xFE2F, 0xFE2F, 0xFE2F,
    0xF466, 0xD323, 0xCB03, 0xD344, 0xCAE3, 0xD303, 0xD303, 0xC2C2,
    0xC2A2, 0xD302, 0xCAC2, 0xBA81, 0xBA81, 0xCAE2, 0xCB02, 0xC2C2,
    0xDB23, 0xE362, 0xF4E7, 0xFDED, 0xFDED, 0xFE0E, 0xFE0D, 0xFE0D,
    0xFE2E, 0xFE2E, 0xFE4F, 0xFE50, 0xFE2F, 0xFE0E, 0xF52A, 0xBB24,
    0x91C0, 0xA201, 0xAA62, 0xBAA2, 0xAA21, 0x99C0, 0xA1E0, 0xB261,
    0xBA82, 0xBA61, 0xC2C2, 0xCAC2, 0xBA81, 0xC2A1, 0xC2C2, 0xBAA2,
    0xBA81, 0xC2A1, 0xD3A5, 0xE4A9, 0xCC07, 0xD428, 0xFDED, 0xFDED,
    0xFE2F, 0xFE50, 0xFE2F, 0xFE0E, 0xFE0E, 0xFE2E, 0xFE0E, 0xFE4F,
    0xFE2E, 0xFE2E, 0xFE2E, 0xFDEE, 0xF50A, 0xF4E9, 0xFDCD, 0xFDED,
    0xFDED, 0xFDAC, 0xF4E9, 0xE3C4, 0xE3C4, 0xDB63, 0xDB64, 0xDB43,
    0xD323, 0xE3C5, 0xEC06, 0xE3A5, 0xEC06, 0xF467, 0xFCA7, 0xFE92,
    0xFF58, 0xFE30, 0xFE71, 0xF718, 0x9C72, 0x9431, 0x9451, 0x8C31,
    0x8C51, 0x8C52, 0x8C52, 0x8C52, 0x8C52, 0x9452, 0x9472, 0x9472,
    0x9473, 0x9473, 0x9472, 0x8C51, 0x8430, 0x840F, 0x840E, 0x840E,
    0x840E, 0x840D, 0x840D, 0x840E, 0x8C2F, 0x8C50, 0x9451, 0x9451,
    0x8C50, 0x8C30, 0x8C2F, 0x840F, 0x83EE, 0x7BCC, 0x7BAB, 0x738A,
    0x7368, 0x7346, 0x6B23, 0x6B00, 0x6B00, 0x6B00, 0x6300, 0x62E0,
    0x5AC0, 0x5AC0, 0x5AC0, 0x5AC0, 0x5AE0, 0x5AE0, 0x6302, 0x6303,
    0x6B24, 0x6B25, 0x6B67, 0x738A, 0x7BAC, 0x83CD, 0x8C0F, 0x8C30,
    0x9451, 0x9472, 0x9473, 0x9473, 0x9473, 0x8C52, 0x8C32, 0x8411,
    0x934A, 0xABCC, 0xBC6E, 0xCCF0, 0xD572, 0xDDD4, 0xE615, 0xE657,
    0xEE77, 0xEE98, 0xEEB8, 0xEEB9, 0xF6D9, 0xF6D9, 0xF6D9, 0xEEB8,
    0xE677, 0xDDF5, 0xD572, 0xC4CF, 0xABEB, 0x9307, 0x8A64, 0x8A63,
    0x9284, 0x9AC5, 0x9AE5, 0xA306, 0xAB26, 0xAB46, 0xB367, 0xB387,
    0xB3A7, 0xBBA8, 0xBBC8, 0xBBE8, 0xBBE9, 0xC409, 0xC42A, 0xC42A,
    0xC44B, 0xC44B, 0xC44B, 0xC46B, 0xC46C, 0xC46C, 0xC48C, 0xC48C,
    0xC48D, 0xC48D, 0xC48D, 0xC4AD, 0xC4AD, 0xC4AD, 0xC4AD, 0xC4AD,
    0xC4AD, 0xC4AD, 0xC4AD, 0xC4AD, 0xC46C, 0xBC4B, 0xBC2B, 0xB40A,
    0xB3E9, 0xBBE8, 0xBC08, 0xC408, 0xD469, 0xFE72, 0xFF16, 0xFE93,
    0xFED4, 0xFE92, 0xFEB3, 0xFE71, 0xFE2F, 0xFE30, 0xFE2F, 0xFDCC,
    0xF466, 0xDB63, 0xDB84, 0xD323, 0xCAE3, 0xD303, 0xCB23, 0xC2C2,
    0xCB02, 0xC2C2, 0xCB03, 0xCB03, 0xCB02, 0xD323, 0xD323, 0xC2E2,
    0xD322, 0xF486, 0xFD8B, 0xFDED, 0xFE0D, 0xFE0D, 0xFE2E, 0xFE2E,
    0xFE2E, 0xFE0E, 0xFE2F, 0xFE50, 0xFE2F, 0xFE50, 0xFE2F, 0xD3E6,
    0x91C0, 0x9A01, 0xA201, 0xAA41, 0x99C0, 0xA220, 0xA221, 0xAA41,
    0xB261, 0xB241, 0xC2C2, 0xC2C2, 0xBA81, 0xC2A1, 0xCAE2, 0xC2A2,
    0xB282, 0xB281, 0xBAC2, 0xCBC6, 0xCC07, 0xED8D, 0xFDCD, 0xFDAC,
    0xFE0E, 0xFDED, 0xFDED, 0xFE4F, 0xFE2E, 0xFE2E, 0xFE4F, 0xFE0E,
    0xF52A, 0xF487, 0xF4C8, 0xEC05, 0xDB63, 0xD343, 0xE405, 0xF4C8,
    0xFDED, 0xFDEE, 0xFE50, 0xFDCD, 0xFD6B, 0xEC46, 0xDB84, 0xE3C5,
    0xDB84, 0xE3C5, 0xE3A5, 0xEC06, 0xE3C5, 0xEC26, 0xFC87, 0xFDAD,
    0xFF37, 0xFDF0, 0xFD2A, 0xEE75, 0x9C71, 0x9451, 0x9451, 0x9451,
    0x9451, 0x9451, 0x9451, 0x9451, 0x9451, 0x9472, 0x9472, 0x9C72,
    0x9C72, 0x9472, 0x9471, 0x8C50, 0x842F, 0x840D, 0x840D, 0x83ED,
    0x840D, 0x840C, 0x840D, 0x8C0D, 0x8C0E, 0x942E, 0x942F, 0x944F,
    0x8C2F, 0x8C2F, 0x8C0E, 0x83EE, 0x83ED, 0x7BCB, 0x7BAA, 0x7389,
    0x7368, 0x7346, 0x6B23, 0x6B00, 0x6B00, 0x6B00, 0x6B00, 0x62E0,
    0x5AC0, 0x5AC0, 0x5AC0, 0x5AE0, 0x5AE0, 0x5AE0, 0x62E0, 0x6301,
    0x6303, 0x6B24, 0x7367, 0x738A, 0x7BAB, 0x83ED, 0x8C0F, 0x9430,
    0x9451, 0x9C92, 0x9C93, 0x9C92, 0x9472, 0x9452, 0x9431, 0x8C31,
    0x9B4A, 0xABCB, 0xBC4D, 0xC4CF, 0xD551, 0xDDB3, 0xE5F5, 0xE616,
    0xEE57, 0xEE77, 0xEE97, 0xEE98, 0xEE98, 0xEEB8, 0xEEB8, 0xEE77,
    0xE636, 0xDDD4, 0xD552, 0xC4AF, 0xB3EB, 0x9B27, 0x9284, 0x92A4,
    0x9AC4, 0x9AE5, 0xA305, 0xA306, 0xAB46, 0xAB46, 0xB367, 0xB387,
    0xB3A7, 0xB3A8, 0xBBA8, 0xBBC8, 0xBBE9, 0xBC09, 0xBC0A, 0xBC2A,
    0xBC2A, 0xC42B, 0xC44B, 0xC44B, 0xC46C, 0xC46C, 0xC46C, 0xC46C,
    0xC48D, 0xC48D, 0xC48D, 0xC48D, 0xC48D, 0xC4AD, 0xC4AD, 0xC4AD,
    0xC4AD, 0xC4AD, 0xC4AD, 0xC4AD, 0xC46C, 0xBC4B, 0xBC2A, 0xB3EA,
    0xB3E9, 0xBBC8, 0xBC08, 0xC408, 0xD4AA, 0xFED5, 0xFED4, 0xFED5,
    0xFEB3, 0xFE51, 0xF5CE, 0xFDEF, 0xFE30, 0xFE51, 0xFE0E, 0xFDAC,
    0xFCE8, 0xEBE5, 0xE3A5, 0xD344, 0xCB03, 0xC2C2, 0xC2C2, 0xD323,
    0xCAE2, 0xCAE2, 0xCB03, 0xD302, 0xCB02, 0xC2C2, 0xC2C2, 0xDB83,
    0xFD29, 0xFE0D, 0xFE2E, 0xFE0D, 0xFE0D, 0xFE0E, 0xFE2E, 0xFE2E,
    0xFE2E, 0xFE0D, 0xFE2E, 0xFE50, 0xFE71, 0xFE71, 0xFE50, 0xFE0F,
    0xBB24, 0x99E0, 0x9A01, 0x99E0, 0xAA21, 0xB241, 0xB262, 0xBA82,
    0xBA81, 0xBA61, 0xBAA2, 0xCB03, 0xCB03, 0xC2A2, 0xC2C2, 0xB261,
    0xA221, 0xAA61, 0xAA61, 0xAAC3, 0xDCAA, 0xF4E9, 0xEC46, 0xFD4A,
    0xFDED, 0xFDED, 0xFDED, 0xFE0E, 0xFE4F, 0xFE4F, 0xFD6B, 0xEC05,
    0xDB22, 0xD302, 0xCAC2, 0xCAE2, 0xCAE2, 0xD323, 0xCAE2, 0xD343,
    0xEC66, 0xFDEE, 0xFE50, 0xFE0E, 0xFDED, 0xF529, 0xD363, 0xDB84,
    0xE3C5, 0xEC06, 0xE3A5, 0xEBC5, 0xE3C5, 0xE3C5, 0xF446, 0xFD6B,
    0xFEF6, 0xFE51, 0xFCE9, 0xF612, 0xA491, 0x9C50, 0x9C50, 0x9C50,
    0x9C50, 0x9C50, 0x9C50, 0x9C50, 0x9C50, 0x9C71, 0x9C71, 0x9C71,
    0x9C71, 0x9C71, 0x9450, 0x8C2F, 0x840D, 0x83EC, 0x83EB, 0x83EB,
    0x83EB, 0x83EB, 0x8BEC, 0x8C0C, 0x8C0D, 0x8C0D, 0x8C0D, 0x8C0D,
    0x8C0D, 0x8C0D, 0x83ED, 0x83EC, 0x83CC, 0x7BAB, 0x7B8A, 0x7368,
    0x7367, 0x7345, 0x6B22, 0x6B00, 0x6B00, 0x6B20, 0x6B00, 0x62E0,
    0x5AE0, 0x5AC0, 0x5AE0, 0x5AE0, 0x5AE0, 0x5AE0, 0x5AE0, 0x62E0,
    0x6301, 0x6B23, 0x7367, 0x7B89, 0x83AB, 0x8BED, 0x940E, 0x9C50,
    0x9C71, 0xA492, 0x9C92, 0x9C92, 0x9C71, 0x9C51, 0x9430, 0x9410,
    0xA369, 0xABEB, 0xBC4D, 0xCCCF, 0xD530, 0xDD72, 0xDDB3, 0xE5F4,
    0xE635, 0xEE56, 0xEE56, 0xEE77, 0xEE77, 0xEE77, 0xEE77, 0xEE56,
    0xE5F4, 0xDDB3, 0xD531, 0xCCAE, 0xBC0B, 0xAB68, 0xA305, 0xA305,
    0xAB25, 0xAB26, 0xAB46, 0xB366, 0xB386, 0xB387, 0xBBA7, 0xBBC7,
    0xBBC7, 0xBBC8, 0xBBE8, 0xC3E8, 0xC409, 0xC409, 0xC429, 0xC42A,
    0xC44A, 0xC42A, 0xC44B, 0xC46B, 0xC46B, 0xC46C, 0xC46C, 0xC48C,
    0xC48C, 0xC48C, 0xC48C, 0xC48D, 0xC48D, 0xC48D, 0xC48D, 0xC4AD,
    0xC4AD, 0xC4AD, 0xC4AD, 0xC48D, 0xBC6C, 0xBC4B, 0xBC2A, 0xB40A,
    0xB3E9, 0xBBC8, 0xBBE8, 0xC408, 0xD46A, 0xFEB5, 0xFEF6, 0xFF16,
    0xFDCE, 0xECA9, 0xE427, 0xF50A, 0xFE0F, 0xFE71, 0xFDCD, 0xFE0F,
    0xFDCD, 0xF487, 0xE3A4, 0xDB64, 0xC2E3, 0xB262, 0xC2E3, 0xD323,
    0xD303, 0xC2C2, 0xCB03, 0xCAC2, 0xBAA2, 0xC2C1, 0xE3E4, 0xFD49,
    0xFDEC, 0xFE0D, 0xFDEC, 0xFE0D, 0xFE2E, 0xFE0D, 0xFE0D, 0xFE0E,
    0xFDED, 0xFE0E, 0xFE4F, 0xFE4F, 0xFE4F, 0xFE50, 0xFE30, 0xFE2F,
    0xF56D, 0xAAA2, 0x91A0, 0xAA41, 0xB261, 0xB241, 0xBA81, 0xB282,
    0xBA82, 0xBA81, 0xCAC2, 0xC2C2, 0xBAA2, 0xC2C2, 0xBA81, 0xA201,
    0x99C0, 0x9A00, 0x99E0, 0xAAE4, 0xDC06, 0xDB63, 0xECA9, 0xFE2F,
    0xFE0D, 0xFE0E, 0xFE0D, 0xFE0E, 0xFE2E, 0xFD08, 0xE3A3, 0xDB42,
    0xCAE2, 0xC2A2, 0xCAE2, 0xC2C2, 0xC2C2, 0xCB02, 0xD302, 0xD2E2,
    0xDB63, 0xEC67, 0xFD4B, 0xFE0E, 0xFDCD, 0xFE2F, 0xF52A, 0xD323,
    0xDB84, 0xE3E5, 0xE3A5, 0xEC06, 0xEC26, 0xEBE5, 0xF426, 0xFDAD,
    0xFF37, 0xFE10, 0xFCE9, 0xED6E, 0x9C70, 0x9C2F, 0x9C50, 0x9C4F,
    0x9C50, 0x9C50, 0x9C50, 0x9C50, 0x9C50, 0x9C50, 0x9C70, 0x9C70,
    0x9C70, 0x944F, 0x942E, 0x8C0D, 0x83EC, 0x7BCB, 0x7BCA, 0x7BCA,
    0x83CA, 0x83CA, 0x83EB, 0x8BEB, 0x8BEB, 0x8BEB, 0x83CB, 0x83CB,
    0x8BEB, 0x8BEC, 0x8BEC, 0x83CB, 0x83CB, 0x7BAA, 0x7B88, 0x7367,
    0x7346, 0x7324, 0x6B21, 0x6B20, 0x6B20, 0x6B20, 0x6B20, 0x6300,
    0x6300, 0x62E0, 0x6300, 0x5B00, 0x5AE0, 0x5AE0, 0x5AE0, 0x5AE0,
    0x5AE0, 0x6B23, 0x7367, 0x7B89, 0x83CB, 0x8BEC, 0x940E, 0x9C4F,
    0xA470, 0xA491, 0xA491, 0xA471, 0x9C70, 0x9C50, 0x942F, 0x940F,
    0xB3C9, 0xBC0A, 0xC46C, 0xCCCE, 0xD50F, 0xDD51, 0xDD92, 0xE5D3,
    0xE5F4, 0xEE14, 0xEE35, 0xEE35, 0xEE35, 0xEE55, 0xEE55, 0xEE14,
    0xE5D3, 0xDD91, 0xDD2F, 0xCCAD, 0xC44A, 0xBBC8, 0xB386, 0xB386,
    0xBB86, 0xBBA6, 0xBBA7, 0xC3C7, 0xC3C7, 0xC3E7, 0xC408, 0xC408,
    0xCC08, 0xCC28, 0xCC28, 0xCC28, 0xCC49, 0xCC49, 0xCC49, 0xCC6A,
    0xCC6A, 0xCC6A, 0xCC6B, 0xCC8B, 0xCC8B, 0xCCAC, 0xCCAC, 0xCCAC,
    0xCC8C, 0xC48C, 0xC4AC, 0xC4AC, 0xC4AC, 0xC4AD, 0xC4AD, 0xC4AD,
    0xC4AD, 0xC4AD, 0xC4AD, 0xC4AD, 0xC48C, 0xBC4B, 0xBC2A, 0xB40A,
    0xB3E9, 0xBBE8, 0xC3E8, 0xC428, 0xCC28, 0xF673, 0xFF58, 0xFEB3,
    0xEC88, 0xE3A5, 0xE3C5, 0xDB85, 0xFE10, 0xFE0F, 0xFE0F, 0xFE2F,
    0xFDEE, 0xF4E9, 0xE3C5, 0xD344, 0xC2E3, 0xCB03, 0xD323, 0xD323,
    0xCAE2, 0xC2C2, 0xC2A2, 0xBA61, 0xBA80, 0xEC26, 0xFDCD, 0xFDED,
    0xFDCC, 0xFDAB, 0xFE0D, 0xFE0D, 0xFDED, 0xFDCB, 0xFDEC, 0xFDED,
    0xFE0E, 0xFE2F, 0xFE2F, 0xFE2F, 0xFE50, 0xFE30, 0xFE2F, 0xFE30,
    0xFE51, 0xED2C, 0xB282, 0xBAA2, 0xAA41, 0xB241, 0xB241, 0xAA41,
    0xBAA2, 0xCB03, 0xD323, 0xB241, 0x9A01, 0xAA41, 0xBA82, 0xA221,
    0xA221, 0x9A00, 0x89A0, 0xB2C3, 0xCB02, 0xE3E5, 0xFE0F, 0xFE2F,
    0xFDED, 0xFE0E, 0xFE0E, 0xFE0D, 0xFD8A, 0xF424, 0xDB63, 0xDB22,
    0xD302, 0xDB43, 0xDB43, 0xCB02, 0xC2C2, 0xCAE2, 0xD302, 0xD302,
    0xDB84, 0xE363, 0xEC05, 0xFDED, 0xFE0E, 0xFE50, 0xFE70, 0xEC67,
    0xDB63, 0xE406, 0xDBA5, 0xE3C5, 0xF467, 0xEC26, 0xFCA7, 0xFDCD,
    0xFF37, 0xFE11, 0xFCC8, 0xED0C, 0x9C2F, 0x9C2F, 0x9C2F, 0x9C2F,
    0x9C2F, 0x9C2F, 0x9C2F, 0x9C4F, 0x9C2F, 0x9C4F, 0x9C4F, 0x9C4F,
    0x9C4F, 0x942E, 0x8C0D, 0x83EC, 0x7BCB, 0x7BA9, 0x7BA9, 0x7BA9,
    0x7BC9, 0x83C9, 0x83CA, 0x83EA, 0x83C9, 0x83A9, 0x83A9, 0x83A9,
    0x83C9, 0x83EA, 0x8BEB, 0x83CA, 0x83AA, 0x7B89, 0x7B67, 0x7346,
    0x6B44, 0x7323, 0x7321, 0x6B20, 0x7340, 0x7320, 0x6B20, 0x6B20,
    0x6320, 0x6320, 0x6300, 0x5B00, 0x5AE0, 0x52C0, 0x52C0, 0x5AE0,
    0x5AE0, 0x6B23, 0x7366, 0x83A9, 0x8BCB, 0x93EC, 0x9C0D, 0x9C2E,
    0xA44F, 0xA470, 0xA470, 0xA44F, 0x9C4F, 0x9C2F, 0x940E, 0x93EE,
    0xC429, 0xCC4A, 0xD48B, 0xD4CC, 0xDD0E, 0xDD4F, 0xE570, 0xE5B1,
    0xEDD2, 0xEDF2, 0xEDF3, 0xEE13, 0xEE13, 0xEE13, 0xEE13, 0xEDF2,
    0xE5B1, 0xE570, 0xDD2E, 0xD4CC, 0xCC6A, 0xCC08, 0xC3E7, 0xCC07,
    0xCC07, 0xCC07, 0xCC28, 0xCC28, 0xCC48, 0xD448, 0xD448, 0xD448,
    0xD468, 0xD468, 0xD469, 0xD469, 0xD489, 0xD489, 0xD48A, 0xD48A,
    0xD4AA, 0xD4AA, 0xD4AA, 0xD4AB, 0xD4CB, 0xD4CB, 0xD4CB, 0xD4CC,
    0xD4CC, 0xD4CC, 0xD4CC, 0xD4CC, 0xD4CC, 0xCCCC, 0xCCCC, 0xCCCC,
    0xCCCC, 0xCCCC, 0xCCCC, 0xCCAC, 0xC48C, 0xC46B, 0xBC4A, 0xBC09,
    0xBBE9, 0xBBE8, 0xC408, 0xCC28, 0xCC08, 0xEE12, 0xFF57, 0xFD8C,
    0xE3E6, 0xEC28, 0xE3E6, 0xD365, 0xF58E, 0xFDEE, 0xFE0F, 0xFE2F,
    0xFE2F, 0xFD4A, 0xDB84, 0xCB23, 0xCB03, 0xD324, 0xCB23, 0xCB23,
    0xC2A2, 0xCAC2, 0xD322, 0xE3C4, 0xEC87, 0xFD6A, 0xFDED, 0xFDCC,
    0xFDAB, 0xFDCC, 0xFDED, 0xFE0D, 0xFDEC, 0xFE0D, 0xFDEC, 0xFDED,
    0xFE4F, 0xFE90, 0xFE70, 0xFE4F, 0xFE4F, 0xFE70, 0xFE4F, 0xFE50,
    0xFE71, 0xFE30, 0xD428, 0xA241, 0x91E1, 0xAA20, 0xB241, 0xA221,
    0xAA41, 0xBAC2, 0xCAE3, 0xBAA2, 0xAA41, 0xA241, 0xB282, 0xAA41,
    0xB282, 0x9A00, 0x89A0, 0xBAC2, 0xDB84, 0xFD8C, 0xFE2F, 0xFE2F,
    0xFE0E, 0xFE0E, 0xFE2E, 0xFDED, 0xFDAA, 0xF466, 0xDB43, 0xD323,
    0xD322, 0xDB22, 0xDB63, 0xD302, 0xC2A2, 0xCAE2, 0xD323, 0xDB43,
    0xDB43, 0xD323, 0xDB63, 0xF4A7, 0xFDEE, 0xFE0E, 0xFE2F, 0xFDEE,
    0xEC26, 0xDB84, 0xE3E6, 0xE3E6, 0xEC46, 0xEC47, 0xF4A8, 0xFE0F,
    0xFF16, 0xFDAE, 0xFCC8, 0xDCEC, 0x942F, 0x9C2F, 0x9C2F, 0x9C2F,
    0x942F, 0x942F, 0x942F, 0x942F, 0x9C2F, 0x9C2F, 0x9C2F, 0x942F,
    0x942E, 0x8C0D, 0x83EC, 0x7BCA, 0x73A9, 0x7388, 0x7387, 0x7387,
    0x7BA8, 0x7BA8, 0x83C8, 0x83A8, 0x7BA7, 0x7B87, 0x7B87, 0x7B87,
    0x83A8, 0x83A8, 0x8BA9, 0x83A9, 0x83A9, 0x8388, 0x7B67, 0x7345,
    0x7344, 0x7343, 0x7342, 0x7340, 0x7340, 0x7340, 0x7340, 0x6B20,
    0x6320, 0x6320, 0x6320, 0x5B00, 0x5AE0, 0x52C0, 0x52C0, 0x5AC0,
    0x5AE0, 0x6B23, 0x7366, 0x8389, 0x8BCA, 0x93EC, 0x9C0D, 0x9C2E,
    0xA42E, 0xA42F, 0x9C2E, 0x9C0E, 0x9C0E, 0x93EE, 0x93ED, 0x93CD,
    0xD489, 0xDC89, 0xDCAA, 0xDCEB, 0xDD0C, 0xE52D, 0xE54E, 0xED8F,
    0xED90, 0xEDB0, 0xEDB0, 0xEDD1, 0xEDD1, 0xEDD0, 0xEDD1, 0xEDB0,
    0xED8F, 0xE54E, 0xE52D, 0xDCCB, 0xDC89, 0xD468, 0xD468, 0xD468,
    0xDC68, 0xDC88, 0xDC88, 0xDC89, 0xDC89, 0xDCA9, 0xDCA9, 0xDCA9,
    0xDCA9, 0xDCA9, 0xDCA9, 0xDCC9, 0xE4C9, 0xDCCA, 0xE4CA, 0xE4CA,
    0xE4EA, 0xE4EA, 0xDCEB, 0xDCEB, 0xDCEB, 0xDCEB, 0xDCEB, 0xDCEB,
    0xDCEB, 0xDCEB, 0xDCEB, 0xDCEC, 0xDCEC, 0xD4EC, 0xD4EC, 0xD4CC,
    0xD4CC, 0xD4CC, 0xD4CC, 0xCCAC, 0xCC8B, 0xC46B, 0xC44A, 0xBC29,
    0xBC09, 0xBBE8, 0xC408, 0xCC28, 0xCC08, 0xE58F, 0xFEB3, 0xF488,
    0xEC07, 0xF489, 0xDB85, 0xCB24, 0xED2C, 0xFE2F, 0xFE0F, 0xFE0F,
    0xFE0E, 0xFD4A, 0xDB84, 0xCB03, 0xD303, 0xDB63, 0xDB63, 0xCB02,
    0xD322, 0xF487, 0xFD8B, 0xFDCC, 0xFDCC, 0xFD6A, 0xFDAC, 0xFE0D,
    0xFDCC, 0xFDAB, 0xFE0D, 0xFE0E, 0xFE2E, 0xFE0D, 0xFDAC, 0xF5AD,
    0xE52C, 0xC44A, 0xCC8B, 0xCC6A, 0xCC6A, 0xDCCB, 0xF58D, 0xFDCD,
    0xFE50, 0xFE91, 0xFDEE, 0xAAC3, 0x89A0, 0xA221, 0xBA82, 0xBAA2,
    0xAA62, 0xB282, 0xBAA2, 0xBA61, 0xBAA2, 0xB2A2, 0xB2A2, 0xAA62,
    0xB261, 0x89A0, 0xBAC2, 0xE3A4, 0xF509, 0xFDCC, 0xFE0E, 0xFE2F,
    0xFE4F, 0xFE4F, 0xFE0E, 0xFDCC, 0xFDEC, 0xFD49, 0xEBE4, 0xD343,
    0xD323, 0xD302, 0xCAE2, 0xD323, 0xCB02, 0xCAE2, 0xCAE2, 0xDB23,
    0xDB63, 0xDB43, 0xD2E2, 0xE363, 0xFD8C, 0xFE70, 0xFE0E, 0xFE0E,
    0xFE0F, 0xEC47, 0xDB84, 0xEC26, 0xEC26, 0xF467, 0xF445, 0xFE50,
    0xFEF5, 0xFDAE, 0xFCE9, 0xCCAD, 0x942F, 0x9C2F, 0x942F, 0x942F,
    0x942F, 0x942F, 0x942F, 0x942F, 0x942F, 0x942F, 0x942F, 0x942E,
    0x940E, 0x8C0C, 0x83CB, 0x7BA9, 0x7388, 0x7386, 0x7386, 0x7386,
    0x7B87, 0x7BA7, 0x7BA7, 0x7B87, 0x7B86, 0x7365, 0x7365, 0x7B86,
    0x7B87, 0x83A8, 0x83A8, 0x83A9, 0x83A8, 0x8387, 0x7B66, 0x7365,
    0x7344, 0x7343, 0x7342, 0x7341, 0x7361, 0x7361, 0x7340, 0x6B20,
    0x6320, 0x6320, 0x6300, 0x5B00, 0x5AE0, 0x52C0, 0x52C0, 0x52C0,
    0x5AE0, 0x6B02, 0x7346, 0x8388, 0x8BAA, 0x93CB, 0x9BEC, 0x9C0D,
    0x9C0E, 0x9C0D, 0x9BED, 0x93CD, 0x93CD, 0x93AC, 0x8BAC, 0x8BAC,
    0xE4C9, 0xE4C9, 0xE4CA, 0xE4EA, 0xE50B, 0xE52C, 0xED4C, 0xED6D,
    0xED6E, 0xED8E, 0xED8E, 0xED8E, 0xED8E, 0xED8E, 0xED8E, 0xED8E,
    0xED6D, 0xED4C, 0xED0B, 0xE4EA, 0xE4C9, 0xE4C9, 0xE4C9, 0xE4C9,
    0xE4C9, 0xE4E9, 0xE4E9, 0xE4E9, 0xE4E9, 0xE4E9, 0xE4E9, 0xECE9,
    0xE4E9, 0xECE9, 0xED0A, 0xED0A, 0xED0A, 0xED0A, 0xE50A, 0xED0A,
    0xE50A, 0xE50A, 0xE50B, 0xE50B, 0xE50B, 0xE50B, 0xE50B, 0xE50B,
    0xE50B, 0xE50B, 0xE50B, 0xDCEB, 0xDCEB, 0xDCEB, 0xDCEB, 0xDCEB,
    0xDCEC, 0xDCCC, 0xD4CB, 0xD4AB, 0xCC8B, 0xCC6A, 0xCC4A, 0xC429,
    0xC429, 0xC408, 0xC408, 0xCC28, 0xCC08, 0xD4AB, 0xFE51, 0xF426,
    0xF489, 0xEC68, 0xD344, 0xD365, 0xE4EB, 0xFE30, 0xFDED, 0xFDEE,
    0xFE2F, 0xFD29, 0xF466, 0xEC25, 0xF487, 0xFD09, 0xF4A7, 0xEC25,
    0xFD08, 0xFDEC, 0xFE2E, 0xFDED, 0xFDAB, 0xFDCC, 0xFDAC, 0xFDCC,
    0xFDED, 0xFDEC, 0xFE0D, 0xF58C, 0xD48A, 0xAB47, 0x8245, 0x7A24,
    0x7A04, 0x6162, 0x6983, 0x5942, 0x6142, 0x79E4, 0x9286, 0x9AA6,
    0xB367, 0xE52D, 0xFE30, 0xE4CB, 0xA241, 0xAA61, 0xBAC2, 0xC2E3,
    0xBAC2, 0xB282, 0xBA82, 0xBA82, 0xC2C2, 0xC2E3, 0xB282, 0xA241,
    0x89C0, 0x9A01, 0xDB63, 0xE3E5, 0xFD6B, 0xFDEE, 0xFDEE, 0xFDED,
    0xFDED, 0xFDED, 0xFDED, 0xFDAB, 0xFDAB, 0xFDAB, 0xFCE7, 0xE3A3,
    0xD302, 0xCB02, 0xCAE2, 0xC2A2, 0xC281, 0xD302, 0xD303, 0xD303,
    0xD323, 0xDB64, 0xE384, 0xE383, 0xF487, 0xFE2E, 0xFE50, 0xFDEE,
    0xFE50, 0xFE0F, 0xF509, 0xF50A, 0xEC87, 0xFCA7, 0xFCE8, 0xFE30,
    0xFEF5, 0xFDCE, 0xFD0A, 0xC48E, 0x940F, 0x940F, 0x940F, 0x940F,
    0x940F, 0x940F, 0x940F, 0x940F, 0x940F, 0x940F, 0x940E, 0x940E,
    0x8C0D, 0x83EC, 0x7BCA, 0x73A9, 0x7387, 0x6B66, 0x6B86, 0x7366,
    0x7386, 0x7B86, 0x7B86, 0x7385, 0x7364, 0x7344, 0x7365, 0x7B86,
    0x8388, 0x83A8, 0x8BA9, 0x8BA9, 0x83A8, 0x8388, 0x7B87, 0x7B66,
    0x7365, 0x7343, 0x7342, 0x7362, 0x7B62, 0x7B62, 0x7340, 0x6B20,
    0x6320, 0x6300, 0x6300, 0x5AE0, 0x5AC0, 0x5AC0, 0x5AC0, 0x5AC0,
    0x5AC0, 0x6B03, 0x7346, 0x8368, 0x8BA9, 0x93CA, 0x93EC, 0x9BEC,
    0x9BEC, 0x9BCC, 0x93CC, 0x93AC, 0x8B8B, 0x8B6B, 0x834B, 0x836B,
    0xED0A, 0xED0A, 0xED0A, 0xED0A, 0xED2A, 0xED2B, 0xED4B, 0xED4B,
    0xED4B, 0xED6C, 0xED4C, 0xED4C, 0xED4B, 0xED4B, 0xED4B, 0xED4B,
    0xED2B, 0xED2B, 0xED0A, 0xED09, 0xED09, 0xED09, 0xED09, 0xED0A,
    0xED0A, 0xED2A, 0xED2A, 0xED2A, 0xED2A, 0xED2A, 0xED2A, 0xED2A,
    0xED2A, 0xED2A, 0xED2A, 0xED2A, 0xED2A, 0xED2A, 0xED2A, 0xED2A,
    0xED2A, 0xED2B, 0xED2B, 0xED2B, 0xED2B, 0xED2B, 0xED2B, 0xED2B,
    0xE52B, 0xE50B, 0xE50B, 0xE50B, 0xE4EB, 0xE50B, 0xDCEB, 0xDCEB,
    0xDCEB, 0xDCEB, 0xDCCB, 0xD4CB, 0xD4AB, 0xCC8A, 0xCC6A, 0xCC49,
    0xC429, 0xC408, 0xC408, 0xCC28, 0xCC08, 0xD4AB, 0xFE31, 0xF488,
    0xF4C9, 0xE3E7, 0xDBA5, 0xD385, 0xDC28, 0xFE0F, 0xFDEE, 0xFE2F,
    0xFD8B, 0xFDAC, 0xFDCC, 0xFDCD, 0xFDEC, 0xFDAC, 0xFD8B, 0xFD8B,
    0xFDED, 0xFE2E, 0xFE0D, 0xFDEC, 0xFDCC, 0xFDED, 0xFE0D, 0xFE0C,
    0xFE0D, 0xF56B, 0xBBA7, 0x7A03, 0x5101, 0x38C1, 0x48E1, 0x5102,
    0x6162, 0x71C3, 0x69A3, 0x6163, 0x5942, 0x5942, 0x71C3, 0x79E4,
    0x79E4, 0x8204, 0xA2E7, 0xE4EC, 0xC386, 0xA261, 0xB2A2, 0xBAA2,
    0xB282, 0xAA41, 0xAA41, 0xB262, 0xBAC2, 0xC2E3, 0xB282, 0x89C1,
    0x8180, 0xBAE2, 0xEC67, 0xFDCE, 0xFE2F, 0xFE0F, 0xFDED, 0xFDEC,
    0xFDED, 0xFE0E, 0xFDED, 0xFDED, 0xFDCB, 0xFDAA, 0xFD8A, 0xFD08,
    0xF446, 0xD322, 0xC2C2, 0xCAE2, 0xD302, 0xDB22, 0xCAC2, 0xCAE2,
    0xD323, 0xDB63, 0xE3A4, 0xE3C5, 0xEC04, 0xFDCD, 0xFE70, 0xFE71,
    0xFE2F, 0xFE50, 0xFE50, 0xFE92, 0xFE51, 0xFDCC, 0xFE50, 0xFE72,
    0xFEF5, 0xFDEF, 0xFD2B, 0xAC6E, 0x940F, 0x940E, 0x940F, 0x940E,
    0x940F, 0x940F, 0x940F, 0x940F, 0x940F, 0x940F, 0x940E, 0x8BED,
    0x8BEC, 0x83CB, 0x7BAA, 0x7389, 0x7387, 0x6B66, 0x6B65, 0x6B65,
    0x6B65, 0x7385, 0x7365, 0x7364, 0x6B44, 0x7344, 0x7B86, 0x83A8,
    0x8BA9, 0x8BCA, 0x93CA, 0x8BCA, 0x8BAA, 0x83A9, 0x8388, 0x7B67,
    0x7B66, 0x7344, 0x7343, 0x7342, 0x7362, 0x7362, 0x7340, 0x6B20,
    0x6300, 0x62E0, 0x5AE0, 0x5AE0, 0x5AC0, 0x5AC0, 0x5AC0, 0x5AC0,
    0x62E1, 0x6B04, 0x7346, 0x8368, 0x8B89, 0x93AA, 0x93CB, 0x9BCC,
    0x9BCC, 0x93AC, 0x938B, 0x8B6B, 0x834A, 0x7B2A, 0x7B2A, 0x7B2A,
    0xED2A, 0xED4A, 0xED4A, 0xED4A, 0xED4A, 0xED4A, 0xED4A, 0xF54A,
    0xED4A, 0xED4A, 0xED2A, 0xED2A, 0xED2A, 0xED2A, 0xED2A, 0xED2A,
    0xED2A, 0xED2A, 0xED2A, 0xED2A, 0xED2A, 0xF52A, 0xF54A, 0xF54A,
    0xF54A, 0xF54A, 0xF54A, 0xF54A, 0xF56A, 0xF56A, 0xF56A, 0xF56A,
    0xF54A, 0xF56A, 0xF54A, 0xF54A, 0xF54A, 0xF54B, 0xF54A, 0xF54A,
    0xF54A, 0xED4A, 0xED4A, 0xED4A, 0xED4A, 0xED4B, 0xED2B, 0xED2B,
    0xED2B, 0xED2B, 0xE50B, 0xE50B, 0xE50B, 0xE50B, 0xE4EB, 0xDCEB,
    0xDCEB, 0xDCEB, 0xDCCB, 0xDCCB, 0xD4AA, 0xD48A, 0xCC69, 0xCC49,
    0xC428, 0xC428, 0xC408, 0xCC28, 0xCC29, 0xD48A, 0xF5AE, 0xF4A9,
    0xF488, 0xDBA6, 0xDBA5, 0xCB04, 0xDC48, 0xFE50, 0xFE71, 0xFE2F,
    0xFDAC, 0xFE0E, 0xFE0F, 0xFE0E, 0xFDAC, 0xFD8B, 0xFD8B, 0xFDED,
    0xFE0D, 0xFE0D, 0xFDCB, 0xFDCC, 0xFDCD, 0xFE0D, 0xFE0D, 0xDCCA,
    0xD469, 0x8265, 0x3880, 0x38C1, 0x5122, 0x69C3, 0x69A3, 0x6183,
    0x6163, 0x5142, 0x5963, 0x6183, 0x6983, 0x69A3, 0x69A3, 0x71A3,
    0x71C4, 0x71E4, 0x71C4, 0x8224, 0xBBA8, 0xAAC4, 0xA242, 0xAA62,
    0xB262, 0xAA41, 0x99E1, 0xAA41, 0xB2A2, 0xB2A2, 0xA241, 0x7980,
    0x9201, 0xE487, 0xFE0F, 0xFE50, 0xFE2F, 0xFE0E, 0xFE0E, 0xFE0E,
    0xFE0E, 0xFE2E, 0xFE2E, 0xFDED, 0xFDEC, 0xFDCB, 0xFDCC, 0xFDEC,
    0xFDCC, 0xFCE8, 0xE3E4, 0xDB42, 0xDB22, 0xD322, 0xCB23, 0xC2C2,
    0xD323, 0xDB63, 0xE3A4, 0xE3E6, 0xEBE4, 0xFDAC, 0xFE92, 0xFE71,
    0xFE50, 0xFE30, 0xFE2F, 0xFE92, 0xFEB3, 0xFE51, 0xFE93, 0xFEF5,
    0xFEF6, 0xFD8D, 0xF52B, 0xA42E, 0x940F, 0x940F, 0x940F, 0x940F,
    0x940F, 0x940F, 0x940F, 0x940F, 0x940E, 0x940E, 0x93EE, 0x8BED,
    0x8BCC, 0x83AB, 0x7BAA, 0x7389, 0x6B67, 0x6B66, 0x6B65, 0x6B64,
    0x6B64, 0x6B65, 0x7365, 0x7365, 0x7365, 0x7386, 0x83A8, 0x8BCA,
    0x93CB, 0x93EB, 0x93EB, 0x93EB, 0x93CB, 0x8BAA, 0x8389, 0x7B88,
    0x7B67, 0x7345, 0x7343, 0x7321, 0x7321, 0x7341, 0x6B20, 0x6B00,
    0x62E0, 0x5AC0, 0x5AC0, 0x5AE0, 0x5AC0, 0x5AC0, 0x5AC0, 0x62C0,
    0x6AE3, 0x7305, 0x7B47, 0x8368, 0x8B89, 0x8BAA, 0x93AB, 0x93AC,
    0x93AB, 0x938B, 0x8B6B, 0x834A, 0x7B29, 0x72E9, 0x72C8, 0x72C8,
    0xF54B, 0xF54A, 0xF54A, 0xF54A, 0xF54A, 0xF54A, 0xF54A, 0xF54A,
    0xF54A, 0xF54A, 0xED4A, 0xED2A, 0xED2A, 0xED2A, 0xED2A, 0xED2A,
    0xED2A, 0xED2A, 0xED2A, 0xED2A, 0xF52A, 0xF54A, 0xF54A, 0xF54A,
    0xF54A, 0xF54A, 0xF56A, 0xF56B, 0xF56B, 0xF58B, 0xF58B, 0xF56B,
    0xF56B, 0xF56B, 0xF56B, 0xF56B, 0xF56A, 0xF56B, 0xF54A, 0xF54A,
    0xF54A, 0xF54A, 0xF54A, 0xED4A, 0xED4A, 0xED2A, 0xED2A, 0xED2A,
    0xED2A, 0xED0A, 0xE50A, 0xE50A, 0xE4EA, 0xE4EA, 0xE4EA, 0xE4EA,
    0xDCEA, 0xDCCA, 0xDCCA, 0xDCCA, 0xD4AA, 0xD46A, 0xCC49, 0xCC49,
    0xC428, 0xC408, 0xCC08, 0xCC28, 0xCC49, 0xCC49, 0xE50C, 0xFCEA,
    0xF468, 0xDBA5, 0xDBC6, 0xC2E3, 0xECEB, 0xFE50, 0xFE51, 0xFE0E,
    0xFDCD, 0xFE0F, 0xFE0E, 0xFDCC, 0xFD6A, 0xFDAB, 0xFDED, 0xFDED,
    0xFE0E, 0xFDAB, 0xFDAB, 0xFDCC, 0xFE0D, 0xF58C, 0xA326, 0x4922,
    0x5942, 0x3081, 0x2880, 0x38C1, 0x5942, 0x6183, 0x5962, 0x5122,
    0x30A1, 0x38C1, 0x4922, 0x5942, 0x6163, 0x6983, 0x71A3, 0x71A3,
    0x6983, 0x6983, 0x79E4, 0x8204, 0x8A25, 0x9244, 0x89C1, 0x91E1,
    0xA221, 0xB261, 0xAA41, 0xAA61, 0xA221, 0x9A01, 0x91C0, 0x81A0,
    0xD428, 0xFDEE, 0xFDEE, 0xFE0F, 0xFE2F, 0xFE2F, 0xFE0E, 0xFE0E,
    0xFE2F, 0xFE2F, 0xFE2E, 0xFE0D, 0xFDCC, 0xFDCB, 0xFDCC, 0xFDCC,
    0xFDED, 0xFDEC, 0xFD8A, 0xFD29, 0xE426, 0xDB83, 0xDB83, 0xD302,
    0xD302, 0xD302, 0xDB84, 0xE3C5, 0xF466, 0xFDCC, 0xFE91, 0xFE50,
    0xFE71, 0xFE71, 0xFE71, 0xFE51, 0xFEB3, 0xFE72, 0xFE93, 0xFED5,
    0xFEF5, 0xFD2B, 0xE4CB, 0x942F, 0x940E, 0x940F, 0x940F, 0x940F,
    0x940F, 0x940E, 0x940F, 0x940F, 0x940F, 0x940E, 0x93EE, 0x8BED,
    0x83CC, 0x83AB, 0x7B8A, 0x7368, 0x6B67, 0x6345, 0x6344, 0x6344,
    0x6B64, 0x6B65, 0x7386, 0x7386, 0x7B87, 0x7BA8, 0x83C9, 0x93EB,
    0x940C, 0x9C0D, 0x9C0D, 0x9C0D, 0x93EC, 0x93CB, 0x8BAA, 0x8389,
    0x7B68, 0x7346, 0x7324, 0x6B01, 0x6AE0, 0x6B00, 0x6B00, 0x62E0,
    0x5AC0, 0x5AA0, 0x5AC0, 0x62E0, 0x62C0, 0x62C0, 0x62C0, 0x62C1,
    0x6AE4, 0x7326, 0x7B48, 0x8369, 0x8B8A, 0x938B, 0x93AB, 0x93AC,
    0x93AB, 0x8B6B, 0x834A, 0x832A, 0x72E9, 0x72C8, 0x6AA8, 0x6AA8,
    0xF54A, 0xF54A, 0xF54A, 0xF54A, 0xF54A, 0xF54A, 0xF54A, 0xF54A,
    0xF54A, 0xED4A, 0xED4A, 0xED2A, 0xED2A, 0xED2A, 0xED2A, 0xED0A,
    0xED0A, 0xED2A, 0xED2A, 0xED2A, 0xED2A, 0xED2A, 0xED2A, 0xED2A,
    0xF52A, 0xF54A, 0xF54A, 0xF56A, 0xF56B, 0xF56B, 0xF56B, 0xF56A,
    0xF56A, 0xF54A, 0xF54A, 0xF54A, 0xF54A, 0xF54A, 0xF54A, 0xED2A,
    0xED2A, 0xED2A, 0xED2A, 0xED2A, 0xED2A, 0xED0A, 0xED0A, 0xED0A,
    0xE50A, 0xE4EA, 0xE4EA, 0xE4EA, 0xE4CA, 0xDCCA, 0xDCCA, 0xDCCA,
    0xDCCA, 0xDCCA, 0xDCAA, 0xDCAA, 0xD48A, 0xCC69, 0xCC49, 0xC429,
    0xC408, 0xC408, 0xC408, 0xCC28, 0xCC49, 0xCC49, 0xD4AA, 0xF50B,
    0xEC27, 0xDBC5, 0xDBC6, 0xD324, 0xED2B, 0xFE2F, 0xFE50, 0xEC68,
    0xECC9, 0xFDCD, 0xFDCD, 0xFD8B, 0xFDED, 0xFE2F, 0xFDED, 0xFDCC,
    0xFDEC, 0xFDCC, 0xFDAC, 0xFD8A, 0xE4CA, 0x8224, 0x4901, 0x38C1,
    0x38A1, 0x48E1, 0x40A0, 0x40C1, 0x4901, 0x4902, 0x4901, 0x40C1,
    0x48E1, 0x4102, 0x4902, 0x4901, 0x5101, 0x5102, 0x5102, 0x5922,
    0x5102, 0x5122, 0x6163, 0x8205, 0x8A45, 0x8204, 0x81E2, 0x81A0,
    0xA221, 0xA221, 0xA221, 0xA201, 0xA221, 0x9201, 0x8180, 0xB304,
    0xFDEE, 0xFDEE, 0xFE0F, 0xFE0F, 0xFE2F, 0xFE2F, 0xFE2F, 0xFE2E,
    0xFE0E, 0xFE2E, 0xFE0D, 0xFDED, 0xFE0D, 0xFE0D, 0xFDEC, 0xFDCC,
    0xFDCD, 0xFDCC, 0xFDCC, 0xFE0D, 0xFD6B, 0xE446, 0xF529, 0xF4A8,
    0xEC46, 0xDB63, 0xDB62, 0xE383, 0xFD09, 0xFDED, 0xFE0E, 0xFE2F,
    0xFE50, 0xFE71, 0xFE71, 0xFE30, 0xFE93, 0xFE93, 0xFE93, 0xFEB4,
    0xFEF5, 0xFD6C, 0xDCAB, 0x940E, 0x940E, 0x940F, 0x940F, 0x940F,
    0x940F, 0x93EE, 0x8BEE, 0x940F, 0x93EF, 0x8BEE, 0x8BEE, 0x8BCD,
    0x83CC, 0x7BAB, 0x738A, 0x6B48, 0x6346, 0x6344, 0x6344, 0x6344,
    0x6B65, 0x7387, 0x73A7, 0x7BA8, 0x83A9, 0x83CA, 0x8BEB, 0x940C,
    0x9C2D, 0x9C2E, 0xA42E, 0xA42E, 0x9C0D, 0x93EC, 0x8BAB, 0x8369,
    0x7B48, 0x7326, 0x6AE4, 0x62A1, 0x62A0, 0x62A0, 0x62C0, 0x62A0,
    0x5AA0, 0x5AA0, 0x5AC0, 0x62C0, 0x62C0, 0x62C0, 0x62A0, 0x62C2,
    0x7305, 0x7B27, 0x8349, 0x8B6A, 0x8B8B, 0x93AC, 0x9BCC, 0x9BCC,
    0x93AC, 0x938B, 0x8B6B, 0x7B2A, 0x72E9, 0x72C8, 0x6AA8, 0x6287,
    0xED2A, 0xED2A, 0xED2A, 0xED2A, 0xED2A, 0xED2A, 0xED2A, 0xED2A,
    0xED0A, 0xED0A, 0xED0A, 0xED0A, 0xECEA, 0xECEA, 0xECE9, 0xE4E9,
    0xE4E9, 0xE4E9, 0xECE9, 0xECE9, 0xECEA, 0xECEA, 0xECEA, 0xED0A,
    0xED0A, 0xED0A, 0xED2A, 0xED2A, 0xED2A, 0xED2A, 0xED0A, 0xED0A,
    0xED0A, 0xED0A, 0xED0A, 0xED0A, 0xED0A, 0xED0A, 0xED0A, 0xECEA,
    0xECEA, 0xE4EA, 0xE4EA, 0xE4EA, 0xE4C9, 0xE4C9, 0xE4C9, 0xE4C9,
    0xE4C9, 0xDCA9, 0xDCA9, 0xDCA9, 0xDC89, 0xD489, 0xD489, 0xD489,
    0xD4AA, 0xD4AA, 0xD48A, 0xD48A, 0xCC6A, 0xCC49, 0xC429, 0xC409,
    0xC408, 0xC408, 0xC408, 0xC408, 0xCC29, 0xCC29, 0xCC6A, 0xECEB,
    0xEC68, 0xE406, 0xDBC5, 0xDB85, 0xF54C, 0xFDEE, 0xF4EA, 0xDB85,
    0xE406, 0xE426, 0xF52A, 0xFDED, 0xFE0E, 0xFDED, 0xFDAC, 0xFDEC,
    0xFDEC, 0xFDCC, 0xFD8B, 0xD448, 0x6162, 0x40C1, 0x3081, 0x40C1,
    0x5122, 0x5921, 0x38A1, 0x38A1, 0x40C1, 0x30A1, 0x30A1, 0x38A1,
    0x48E1, 0x4902, 0x5122, 0x5122, 0x5102, 0x5102, 0x4902, 0x4902,
    0x5942, 0x5942, 0x6163, 0x6163, 0x69A4, 0x8204, 0x8204, 0x8A02,
    0x9A01, 0x9A01, 0x91E1, 0xA241, 0x9A01, 0x89A0, 0x81A0, 0xDCCB,
    0xFDEF, 0xFE0F, 0xFE2F, 0xFE2F, 0xFE30, 0xFE30, 0xFE0F, 0xFDEE,
    0xFDED, 0xFDAC, 0xFDAC, 0xFE0E, 0xFE4F, 0xFE2E, 0xFDED, 0xFDED,
    0xFDED, 0xFE0E, 0xFDED, 0xFDCD, 0xFD8B, 0xF54A, 0xFDCB, 0xFDED,
    0xFE0E, 0xFD8B, 0xFD08, 0xFD6B, 0xFDED, 0xFE50, 0xFDED, 0xFE2F,
    0xFE71, 0xFE51, 0xFE92, 0xFDAD, 0xFE30, 0xFE93, 0xFED4, 0xFED5,
    0xFEF5, 0xFD6C, 0xF5F0, 0xAC90, 0x93EE, 0x940F, 0x940F, 0x940F,
    0x93EE, 0x8BEE, 0x8BEE, 0x8BEE, 0x8BEE, 0x8BEE, 0x8BCE, 0x83CD,
    0x7BAC, 0x7B8B, 0x736A, 0x6B48, 0x6346, 0x6345, 0x6345, 0x6B66,
    0x7387, 0x7BA8, 0x7BC9, 0x83C9, 0x83EA, 0x8BEB, 0x940C, 0x9C2D,
    0x9C2E, 0xA44F, 0xA44F, 0xA44F, 0x9C2E, 0x940D, 0x8BAC, 0x836A,
    0x7B29, 0x6AE6, 0x62A4, 0x5A61, 0x5A60, 0x5A60, 0x5A80, 0x5A80,
    0x5A80, 0x5A80, 0x62A0, 0x62C0, 0x62C1, 0x62A0, 0x62A0, 0x6AC3,
    0x72E6, 0x7B28, 0x8369, 0x8B8B, 0x93CC, 0x9BCD, 0x9BED, 0x9BED,
    0x9BCD, 0x93AC, 0x8B8B, 0x834B, 0x7B0A, 0x72C9, 0x6AA8, 0x6288,
    0xE4C9, 0xE4C9, 0xE4C9, 0xE4C9, 0xE4C9, 0xE4C9, 0xE4C9, 0xE4C9,
    0xE4C9, 0xE4C9, 0xE4C9, 0xE4A9, 0xDCA9, 0xDCA9, 0xDCA9, 0xDC89,
    0xDC89, 0xDC89, 0xDC88, 0xDC88, 0xDC89, 0xDC89, 0xDC89, 0xE4A9,
    0xE4A9, 0xE4C9, 0xE4C9, 0xE4C9, 0xE4A9, 0xE4A9, 0xE4A9, 0xE4A9,
    0xE4A9, 0xE4A9, 0xE4A9, 0xE4A9, 0xDCA9, 0xDCA9, 0xDCA9, 0xDCA9,
    0xDCA9, 0xDC89, 0xDC89, 0xDC89, 0xDC89, 0xD469, 0xD469, 0xD469,
    0xD469, 0xD469, 0xD449, 0xCC49, 0xCC28, 0xCC28, 0xCC49, 0xCC49,
    0xCC49, 0xCC69, 0xCC6A, 0xCC6A, 0xCC4A, 0xC449, 0xC429, 0xBC09,
    0xBBE8, 0xBBE8, 0xC3E8, 0xC408, 0xCC29, 0xCC29, 0xCC4A, 0xF5AE,
    0xF4EA, 0xE427, 0xD385, 0xDB85, 0xFDCE, 0xF4E9, 0xE3A5, 0xDBC6,
    0xDBA5, 0xD323, 0xE467, 0xFE30, 0xFDED, 0xFDAC, 0xFE0E, 0xFDED,
    0xFDCD, 0xFDAC, 0xCC08, 0x6162, 0x48E1, 0x40E1, 0x4902, 0x5942,
    0x5122, 0x40C1, 0x40E1, 0x2880, 0x30A0, 0x2860, 0x30A1, 0x38C1,
    0x38C1, 0x40E1, 0x5122, 0x4902, 0x40E1, 0x48E2, 0x4902, 0x6163,
    0x69A3, 0x71C4, 0x69A3, 0x6163, 0x6163, 0x71A3, 0x79E4, 0x79E3,
    0x81A1, 0x7981, 0xA241, 0xA241, 0xA221, 0x8180, 0xAB04, 0xFDAD,
    0xFE0F, 0xF5AE, 0xE50B, 0xDCAB, 0xC42A, 0xA327, 0x92C6, 0xB388,
    0x8AA6, 0x7204, 0x8244, 0xC409, 0xCC29, 0xD48A, 0xF58C, 0xFDEC,
    0xFE0D, 0xFE4F, 0xFE0D, 0xFDED, 0xFD6A, 0xFDCC, 0xFDED, 0xFDAB,
    0xFE4F, 0xFE4F, 0xFE2F, 0xFE50, 0xFE92, 0xFE50, 0xFE4F, 0xFE2F,
    0xFE71, 0xFE50, 0xFDCE, 0xF52B, 0xF4E9, 0xFDEF, 0xFD8D, 0xFEF5,
    0xFEF5, 0xF54C, 0xFE0F, 0xD571, 0x93EE, 0x940F, 0x940F, 0x940F,
    0x93EE, 0x8BEF, 0x8BEF, 0x8BEE, 0x8BEE, 0x8BEE, 0x8BCE, 0x83AD,
    0x7BAC, 0x7B8B, 0x736A, 0x6B48, 0x6B47, 0x6B46, 0x6B67, 0x7388,
    0x7BA9, 0x83CA, 0x83EB, 0x8BEB, 0x8C0C, 0x940C, 0x9C2D, 0x9C2E,
    0xA44F, 0xA44F, 0xA470, 0xA46F, 0xA44F, 0x940E, 0x8BAC, 0x836B,
    0x7309, 0x6AA6, 0x5A64, 0x5A21, 0x5220, 0x5240, 0x5A40, 0x5A40,
    0x5A60, 0x5A80, 0x5A80, 0x62A0, 0x6280, 0x6280, 0x6281, 0x6AA4,
    0x72E7, 0x7B28, 0x836A, 0x8BAB, 0x93CD, 0x9BEE, 0x9C0E, 0x9C0E,
    0x9BEE, 0x93CD, 0x8B8C, 0x836B, 0x7B2A, 0x72EA, 0x6AC9, 0x6AA9,
    0xD448, 0xD448, 0xD448, 0xD448, 0xD448, 0xD448, 0xD448, 0xD448,
    0xD448, 0xD448, 0xD448, 0xD448, 0xD448, 0xCC48, 0xCC28, 0xCC28,
    0xCC08, 0xCC07, 0xCC07, 0xCC07, 0xCC07, 0xCC07, 0xCC07, 0xCC07,
    0xD427, 0xD427, 0xD428, 0xD428, 0xD428, 0xD427, 0xD427, 0xCC07,
    0xD427, 0xD428, 0xD428, 0xCC28, 0xCC28, 0xCC28, 0xCC28, 0xCC28,
    0xCC28, 0xCC28, 0xCC08, 0xCC08, 0xCC08, 0xCC08, 0xCC08, 0xCC08,
    0xC408, 0xC408, 0xC3E8, 0xC3E8, 0xC3C8, 0xC3C8, 0xC3E8, 0xC408,
    0xC429, 0xC429, 0xCC49, 0xC44A, 0xC44A, 0xC429, 0xBC09, 0xBBE9,
    0xBBE8, 0xBBC8, 0xBBE8, 0xC408, 0xCC29, 0xC429, 0xDCAA, 0xFED3,
    0xF56D, 0xE406, 0xDBA5, 0xE428, 0xFDEE, 0xEC06, 0xDB44, 0xDBA5,
    0xDBA5, 0xCB23, 0xE488, 0xFE0E, 0xFDCD, 0xFE0E, 0xFDED, 0xFDED,
    0xFDAC, 0xBBC7, 0x5962, 0x4901, 0x38C1, 0x40E2, 0x5142, 0x5942,
    0x40C1, 0x30A1, 0x38A1, 0x38A1, 0x2060, 0x2880, 0x2881, 0x2880,
    0x48E1, 0x40E1, 0x38C1, 0x48E1, 0x4902, 0x48E1, 0x40E1, 0x4902,
    0x5942, 0x69A3, 0x69A3, 0x69A3, 0x6983, 0x6983, 0x71C4, 0x69A3,
    0x71A2, 0x81A1, 0x91E1, 0x89C0, 0x89A0, 0x9A41, 0xE52C, 0xED4C,
    0xC409, 0x92A6, 0x8224, 0x79E4, 0x5942, 0x48E1, 0x5122, 0x5142,
    0x48E1, 0x40C1, 0x40E1, 0x5102, 0x48C1, 0x5101, 0x8AA5, 0x9AC5,
    0xB387, 0xED4C, 0xFE2E, 0xFDED, 0xFDAB, 0xFE0D, 0xFE0D, 0xFDED,
    0xFD8B, 0xFE2F, 0xFE70, 0xFDCD, 0xFE50, 0xFE51, 0xFE50, 0xFE50,
    0xFE50, 0xFE71, 0xF52B, 0xEC89, 0xDBA5, 0xF4A8, 0xF467, 0xFE10,
    0xFEF5, 0xFD0A, 0xFDEE, 0xEDF2, 0x9C0E, 0x942F, 0x940F, 0x93EF,
    0x8BEF, 0x8BEF, 0x8BEF, 0x8BEE, 0x8BEE, 0x8BCE, 0x83CD, 0x83AD,
    0x7B8C, 0x7B8B, 0x736A, 0x7369, 0x6B68, 0x6B68, 0x7368, 0x73A9,
    0x7BCA, 0x83EB, 0x8C0C, 0x940C, 0x942D, 0x9C2D, 0x9C2E, 0xA44F,
    0xA44F, 0xA470, 0xA470, 0xA470, 0x9C4F, 0x940E, 0x8BAC, 0x7B4B,
    0x72E9, 0x6286, 0x5A44, 0x5201, 0x5200, 0x5200, 0x5220, 0x5220,
    0x5A40, 0x5A60, 0x5A60, 0x5A60, 0x5A60, 0x5A60, 0x6262, 0x6AA5,
    0x72E7, 0x7B29, 0x836B, 0x93AC, 0x9BED, 0x9C2E, 0xA42F, 0xA42F,
    0x9C0E, 0x93EE, 0x93CD, 0x8B8C, 0x834B, 0x7B2A, 0x730A, 0x72EA,
    0xC3A7, 0xC3C7, 0xBBC7, 0xC3C7, 0xC3C7, 0xC3C7, 0xC3C7, 0xC3C7,
    0xC3C7, 0xC3C7, 0xC3E7, 0xC3C7, 0xBBC7, 0xBBC7, 0xBBA7, 0xBBA7,
    0xB387, 0xB386, 0xB386, 0xB386, 0xB386, 0xB386, 0xBB86, 0xBB86,
    0xBB86, 0xBB86, 0xBBA6, 0xBBA6, 0xBBA6, 0xBBA6, 0xBB86, 0xBB86,
    0xBB86, 0xBB86, 0xBB86, 0xBB86, 0xBB86, 0xBB86, 0xBBA7, 0xBBA7,
    0xBBA7, 0xBBA7, 0xBB87, 0xBBA7, 0xBBA7, 0xBBA7, 0xBBA7, 0xBBA7,
    0xB387, 0xB387, 0xB387, 0xB387, 0xB366, 0xB387, 0xB3A7, 0xBBC8,
    0xBBE8, 0xC409, 0xC429, 0xC429, 0xC42A, 0xBC09, 0xBBE9, 0xB3E9,
    0xB3C8, 0xB3C8, 0xBBC8, 0xC408, 0xC429, 0xCC49, 0xF5AD, 0xFF78,
    0xFE10, 0xE427, 0xDBC6, 0xDC28, 0xFD6C, 0xE3C5, 0xCB44, 0xDB85,
    0xD364, 0xCB23, 0xECA9, 0xFDEE, 0xFE2F, 0xFDEE, 0xFDCD, 0xFDAC,
    0xCC08, 0x6182, 0x38C1, 0x40E1, 0x40E1, 0x4922, 0x4902, 0x5122,
    0x30A1, 0x2060, 0x3080, 0x40C1, 0x38A1, 0x3080, 0x3080, 0x2060,
    0x38A1, 0x40E1, 0x4902, 0x4902, 0x5922, 0x5942, 0x5122, 0x38C1,
    0x40E2, 0x5122, 0x6163, 0x6163, 0x69A3, 0x6983, 0x6983, 0x6183,
    0x6983, 0x81A1, 0x8160, 0x81A0, 0x89A0, 0xCC08, 0xDCCC, 0x8A45,
    0x6163, 0x71A3, 0x71C3, 0x7183, 0x5922, 0x48C1, 0x5922, 0x5102,
    0x5942, 0x6163, 0x5922, 0x4901, 0x40C1, 0x48E1, 0x48E1, 0x40A1,
    0x40C1, 0x69A2, 0xB388, 0xE4CA, 0xF54A, 0xFDEC, 0xFDED, 0xFE0D,
    0xFDCD, 0xFE2E, 0xFE2F, 0xFE30, 0xFDAC, 0xFDCD, 0xFE51, 0xFE2F,
    0xFE2F, 0xFE0F, 0xECA8, 0xE407, 0xEC27, 0xEC06, 0xEC06, 0xFD6B,
    0xFED4, 0xFD8D, 0xFE71, 0xFEB3, 0xB48E, 0x8C0F, 0x940F, 0x8BEF,
    0x8BEE, 0x8BEE, 0x8BCE, 0x8BCE, 0x8BCE, 0x8BCE, 0x83CE, 0x83AD,
    0x7B8C, 0x7B8B, 0x738B, 0x736A, 0x736A, 0x7369, 0x7389, 0x7BAA,
    0x83CB, 0x8BEC, 0x940D, 0x942D, 0x9C2E, 0x9C4E, 0xA44F, 0xA44F,
    0xA44F, 0xA470, 0xA470, 0xA470, 0x9C4F, 0x93EE, 0x838C, 0x7B4B,
    0x6AE9, 0x6287, 0x5A24, 0x51E1, 0x49C0, 0x51E0, 0x51E0, 0x5200,
    0x5A20, 0x5A40, 0x5A40, 0x5A40, 0x5A20, 0x5A20, 0x6242, 0x6A85,
    0x72C8, 0x7B2A, 0x836B, 0x93CD, 0x9C0E, 0xA42F, 0xA44F, 0xA44F,
    0x9C2F, 0x9C0F, 0x93EE, 0x8BAD, 0x836C, 0x7B2B, 0x730B, 0x730A,
    0xA326, 0xAB26, 0xAB26, 0xAB46, 0xAB46, 0xAB46, 0xAB66, 0xAB67,
    0xAB67, 0xAB87, 0xAB67, 0xAB67, 0xAB66, 0xAB46, 0xA326, 0xA326,
    0xA305, 0xA305, 0x9B05, 0xA2E5, 0xA2E5, 0xA305, 0xA305, 0xA305,
    0xA305, 0xA305, 0xA305, 0xA305, 0xA305, 0xA305, 0xA305, 0xA305,
    0xA305, 0xA305, 0xA305, 0xA305, 0xA305, 0xA325, 0xA325, 0xAB25,
    0xAB25, 0xAB25, 0xAB25, 0xA325, 0xA325, 0xA325, 0xA325, 0xA325,
    0xA325, 0xA325, 0xA325, 0xA325, 0xA325, 0xAB46, 0xAB67, 0xB3A8,
    0xB3C8, 0xBBE9, 0xBC09, 0xBC0A, 0xBC0A, 0xBC09, 0xB3E9, 0xB3C8,
    0xB3A8, 0xB3A8, 0xB3C8, 0xC408, 0xC429, 0xE4CA, 0xFEF4, 0xFED4,
    0xFE2F, 0xEC68, 0xDB85, 0xE469, 0xF52B, 0xE3A5, 0xD344, 0xD364,
    0xD344, 0xCB44, 0xF54B, 0xFDEE, 0xFE0E, 0xFDCD, 0xFDCD, 0xE4A9,
    0x69A3, 0x4902, 0x38C1, 0x3080, 0x38C1, 0x5122, 0x30A1, 0x4901,
    0x38C1, 0x2881, 0x30A1, 0x38A1, 0x3081, 0x30A1, 0x30A1, 0x3080,
    0x2880, 0x40C1, 0x40C1, 0x38C1, 0x40E1, 0x5102, 0x5942, 0x5922,
    0x5942, 0x5942, 0x5942, 0x6163, 0x6163, 0x71A4, 0x71A3, 0x6983,
    0x6983, 0x7182, 0x91E1, 0x9A21, 0xA2C3, 0xB388, 0x8204, 0x6983,
    0x6183, 0x69A3, 0x6983, 0x6162, 0x5101, 0x5942, 0x6163, 0x5122,
    0x4902, 0x38A1, 0x38C1, 0x4901, 0x4902, 0x40C1, 0x40E1, 0x5101,
    0x40C1, 0x3080, 0x5102, 0x5984, 0x69E4, 0xB346, 0xED0A, 0xFE0E,
    0xFDED, 0xFE0E, 0xFE2F, 0xFE0E, 0xFE0E, 0xFDAC, 0xFE0F, 0xFE51,
    0xFE2F, 0xFD8D, 0xEC06, 0xEC27, 0xEC27, 0xEC47, 0xEBE5, 0xF50A,
    0xFEB3, 0xFE30, 0xFEB3, 0xFED3, 0xE54E, 0x940F, 0x940E, 0x8BEE,
    0x8BEE, 0x8BCE, 0x8BCE, 0x8BCE, 0x83CE, 0x83CE, 0x83AD, 0x83AD,
    0x7B8C, 0x7B8C, 0x7B8B, 0x7B8B, 0x738B, 0x7B8A, 0x7BAA, 0x83CB,
    0x8BCC, 0x8BED, 0x942E, 0x942E, 0x9C2E, 0x9C4F, 0x9C4F, 0x9C2F,
    0x9C2F, 0x9C2F, 0x9C4F, 0x9C4F, 0x940F, 0x8BCE, 0x836C, 0x732A,
    0x6AC9, 0x5A87, 0x5224, 0x49C1, 0x49A0, 0x4980, 0x49A0, 0x51E0,
    0x5A00, 0x5A20, 0x5A20, 0x5A00, 0x5A00, 0x5A00, 0x6222, 0x6A85,
    0x72C8, 0x7B2A, 0x836C, 0x93CD, 0x9C0F, 0xA44F, 0xA450, 0xA450,
    0xA44F, 0x9C2F, 0x93EE, 0x8BAD, 0x836C, 0x7B4B, 0x7B2B, 0x730B,
    0x92A5, 0x92A4, 0x92A5, 0x92C5, 0x92C5, 0x9AE5, 0x9AE5, 0x9AE6,
    0x9AE6, 0x9AE6, 0x9AE6, 0x9AE6, 0x92E6, 0x92C5, 0x92C5, 0x8AA5,
    0x8A85, 0x8A84, 0x8A84, 0x8A64, 0x8A64, 0x8A63, 0x8A63, 0x8A63,
    0x8A64, 0x8A63, 0x8A64, 0x8A63, 0x8A63, 0x8A63, 0x8A63, 0x8A63,
    0x8A63, 0x8A63, 0x8A63, 0x8A83, 0x9283, 0x9283, 0x9283, 0x9284,
    0x92A4, 0x9284, 0x9284, 0x9284, 0x9284, 0x9283, 0x9283, 0x92A4,
    0x9284, 0x92A4, 0x92A4, 0x92A4, 0x92A4, 0x9AE5, 0xA326, 0xAB67,
    0xABA8, 0xB3C9, 0xBBE9, 0xBC0A, 0xBC0A, 0xB3EA, 0xB3C9, 0xABA9,
    0xABA8, 0xB3A8, 0xB3C8, 0xBC09, 0xCC28, 0xFDEE, 0xFED3, 0xFCE8,
    0xFDCD, 0xF54C, 0xD344, 0xE4A9, 0xF4C9, 0xE3C5, 0xDBA5, 0xD344,
    0xCB44, 0xD385, 0xFDAD, 0xFDCD, 0xFDCD, 0xFDCD, 0xF56B, 0x9284,
    0x4102, 0x40E2, 0x40C1, 0x48E1, 0x40E1, 0x38C1, 0x40E1, 0x40E1,
    0x38A1, 0x38A1, 0x40C1, 0x40C1, 0x2881, 0x30A1, 0x3081, 0x40C1,
    0x38C1, 0x30A1, 0x38C1, 0x40E1, 0x40C1, 0x38C1, 0x4902, 0x5122,
    0x5942, 0x5943, 0x5963, 0x6983, 0x5943, 0x5122, 0x6183, 0x6983,
    0x6183, 0x6142, 0x9222, 0xB304, 0x9284, 0x6183, 0x69A3, 0x69A4,
    0x6983, 0x6163, 0x5922, 0x5102, 0x6162, 0x71A3, 0x5942, 0x5102,
    0x4901, 0x3081, 0x30A1, 0x40E1, 0x40C1, 0x3081, 0x40C1, 0x48E1,
    0x4902, 0x38A1, 0x2881, 0x2880, 0x38C1, 0x4902, 0x8A44, 0xF58C,
    0xFE0D, 0xFE0E, 0xFE0E, 0xFDAC, 0xFDED, 0xFDCC, 0xFDCD, 0xFE51,
    0xFE71, 0xFD8D, 0xDBA5, 0xE3E6, 0xEC47, 0xE3E6, 0xF468, 0xF4A9,
    0xFE93, 0xFE93, 0xFE93, 0xFED4, 0xFDAE, 0xA42E, 0x8BEE, 0x8BEE,
    0x8BCE, 0x8BCE, 0x8BCE, 0x83CE, 0x83CE, 0x83AE, 0x83AD, 0x83AD,
    0x7B8C, 0x7B8C, 0x7B8C, 0x7B8B, 0x738B, 0x7B8B, 0x7B8B, 0x83AC,
    0x83CD, 0x8BED, 0x940E, 0x940E, 0x940F, 0x942F, 0x940F, 0x940F,
    0x940E, 0x940E, 0x940F, 0x940F, 0x8BEE, 0x83AD, 0x7B4C, 0x730A,
    0x62C9, 0x5A67, 0x5204, 0x49A2, 0x4160, 0x4160, 0x4980, 0x51C0,
    0x5A00, 0x5A00, 0x5A00, 0x5A00, 0x51C0, 0x51C0, 0x5A03, 0x6A66,
    0x72C8, 0x7B2A, 0x836C, 0x8BCD, 0x9C0F, 0xA450, 0xA450, 0xA450,
    0x9C50, 0x9C2F, 0x940E, 0x93CE, 0x8B8D, 0x834C, 0x7B2B, 0x730B,
    0x8244, 0x8244, 0x8244, 0x8264, 0x8264, 0x8264, 0x8264, 0x8265,
    0x8265, 0x8265, 0x8264, 0x7A44, 0x7A64, 0x7A44, 0x7A44, 0x7A24,
    0x7A23, 0x7203, 0x7203, 0x7202, 0x71E2, 0x71E2, 0x71E2, 0x71E2,
    0x71E2, 0x71E2, 0x71E2, 0x71E2, 0x71E2, 0x71C2, 0x71C1, 0x71C1,
    0x71C1, 0x71C1, 0x71C1, 0x71E1, 0x79E2, 0x7A02, 0x7A02, 0x7A02,
    0x8202, 0x8202, 0x8222, 0x8222, 0x8222, 0x8222, 0x8222, 0x8243,
    0x8A43, 0x8A43, 0x8A43, 0x8A63, 0x8A63, 0x92C5, 0x9B26, 0xA367,
    0xAB88, 0xB3C9, 0xBBE9, 0xBC0A, 0xBC0A, 0xB40A, 0xB3EA, 0xABC9,
    0xABA8, 0xB3A8, 0xB3C8, 0xBBE8, 0xE4CA, 0xFEB2, 0xFD4A, 0xFC66,
    0xFDEE, 0xFDCD, 0xD343, 0xE448, 0xF4A8, 0xE406, 0xDB85, 0xD385,
    0xCB03, 0xDC07, 0xFE0F, 0xFDEE, 0xFDAC, 0xF54B, 0xAB46, 0x6162,
    0x5122, 0x38C1, 0x4902, 0x40E2, 0x38C1, 0x2881, 0x48E1, 0x38A1,
    0x30A1, 0x38A1, 0x40C1, 0x30A1, 0x3081, 0x30A1, 0x3081, 0x2880,
    0x30A1, 0x2860, 0x38A1, 0x38C1, 0x38C1, 0x38C1, 0x40E2, 0x5122,
    0x40E1, 0x4902, 0x5942, 0x6163, 0x5943, 0x4922, 0x5963, 0x69A3,
    0x6183, 0x5122, 0x8203, 0xAB05, 0x6983, 0x5963, 0x6163, 0x6163,
    0x5942, 0x5122, 0x5122, 0x5122, 0x6142, 0x5922, 0x48E1, 0x40E1,
    0x38A1, 0x30A1, 0x38A1, 0x38A1, 0x2860, 0x2860, 0x38A1, 0x38C1,
    0x5102, 0x40C1, 0x30A1, 0x4901, 0x4901, 0x40E1, 0x5122, 0x92A5,
    0xDCEB, 0xFDCD, 0xFDEE, 0xFDAC, 0xFDCD, 0xFDED, 0xFDEE, 0xFDEE,
    0xFE91, 0xF58D, 0xE3C5, 0xDB64, 0xF447, 0xEBE5, 0xEC67, 0xF4C9,
    0xFE72, 0xFE72, 0xFEB3, 0xFED5, 0xFE50, 0xCC6C, 0x83CE, 0x8BCE,
    0x8BCE, 0x8BCE, 0x83CE, 0x83AE, 0x83AE, 0x83AE, 0x83AE, 0x7B8D,
    0x7B8D, 0x7B8C, 0x7B6C, 0x736B, 0x736B, 0x736B, 0x7B8B, 0x83AC,
    0x83AD, 0x8BCD, 0x93EE, 0x93EE, 0x93EE, 0x93EE, 0x8BEE, 0x8BCE,
    0x8BCE, 0x8BCE, 0x8BCE, 0x8BCE, 0x83AD, 0x7B6C, 0x732B, 0x6ACA,
    0x6288, 0x5A26, 0x49E4, 0x49A2, 0x4140, 0x4140, 0x4960, 0x51C0,
    0x59E1, 0x59E1, 0x59E1, 0x59C1, 0x51A0, 0x51A1, 0x5A03, 0x6266,
    0x6AA8, 0x730A, 0x7B4C, 0x8BAD, 0x93EE, 0x9C2F, 0x9C2F, 0x9C2F,
    0x9C2F, 0x940F, 0x93EF, 0x8BCE, 0x8B8D, 0x836C, 0x7B2C, 0x730B,
    0x7203, 0x7203, 0x7203, 0x7224, 0x7224, 0x7224, 0x7224, 0x7224,
    0x7224, 0x7224, 0x7204, 0x7203, 0x7203, 0x7204, 0x7203, 0x69E3,
    0x69C3, 0x69C2, 0x69C2, 0x69A2, 0x69A2, 0x69A1, 0x69A1, 0x69A1,
    0x69A1, 0x69A1, 0x69A1, 0x69A1, 0x69A1, 0x69A1, 0x6981, 0x6981,
    0x6981, 0x6981, 0x69A1, 0x69A1, 0x71A1, 0x71C1, 0x71C1, 0x79E1,
    0x79E1, 0x79E2, 0x7A02, 0x8202, 0x8222, 0x8222, 0x8222, 0x8243,
    0x8A43, 0x8A43, 0x8A63, 0x8A63, 0x9284, 0x92E5, 0xA346, 0xAB87,
    0xB3A8, 0xB3E9, 0xBC0A, 0xBC2A, 0xBC2A, 0xB40A, 0xB3EA, 0xB3C9,
    0xABA9, 0xB3A8, 0xB3C8, 0xC408, 0xFE10, 0xFE2F, 0xFCA7, 0xF4C9,
    0xF4EA, 0xFD8D, 0xEC68, 0xE427, 0xEC26, 0xDBC5, 0xDBA5, 0xDBA5,
    0xC2E3, 0xECEA, 0xFE0E, 0xFDAD, 0xFDCD, 0xCC08, 0x6163, 0x5122,
    0x5942, 0x40C1, 0x40C1, 0x40E2, 0x30A1, 0x30A1, 0x48E1, 0x38C1,
    0x38C1, 0x38A1, 0x30A1, 0x30A1, 0x38C1, 0x38A1, 0x40E1, 0x3081,
    0x38A1, 0x2880, 0x30A1, 0x38A1, 0x38C1, 0x4902, 0x40E2, 0x4902,
    0x5122, 0x5102, 0x5963, 0x5143, 0x5963, 0x5963, 0x5943, 0x5963,
    0x5942, 0x5942, 0x5942, 0x71C3, 0x4902, 0x5142, 0x5943, 0x6183,
    0x5922, 0x5942, 0x5943, 0x6163, 0x5122, 0x48E2, 0x40E1, 0x38A1,
    0x3081, 0x38C1, 0x40C1, 0x30A1, 0x2060, 0x30A1, 0x40C1, 0x38C1,
    0x38A1, 0x40A1, 0x40C1, 0x5102, 0x5942, 0x40E1, 0x48E2, 0x6163,
    0x69C4, 0xBBA8, 0xF58D, 0xFD8C, 0xFDCD, 0xFE0E, 0xFDCD, 0xFE2F,
    0xFE71, 0xFE30, 0xEC26, 0xDB64, 0xEC06, 0xF467, 0xEC06, 0xFD4C,
    0xFE51, 0xFE50, 0xFE51, 0xFE10, 0xFED4, 0xF58E, 0x93ED, 0x8BCE,
    0x8BCE, 0x83AE, 0x83AE, 0x83AE, 0x83AE, 0x83AE, 0x7B8D, 0x7B8D,
    0x7B6D, 0x736C, 0x734C, 0x734B, 0x734B, 0x734B, 0x734B, 0x7B6C,
    0x838D, 0x83AD, 0x8BCE, 0x8BEE, 0x8BEE, 0x8BEE, 0x8BCE, 0x83AE,
    0x83AD, 0x83AD, 0x83AD, 0x838D, 0x7B6D, 0x734C, 0x6AEA, 0x62A9,
    0x5A47, 0x5206, 0x49C4, 0x4181, 0x4120, 0x4120, 0x4960, 0x51A0,
    0x51C1, 0x51C1, 0x51C1, 0x51A1, 0x4980, 0x4981, 0x59E4, 0x6246,
    0x6288, 0x72EA, 0x7B2C, 0x838D, 0x8BCE, 0x940F, 0x940F, 0x940F,
    0x93EF, 0x93EF, 0x8BEF, 0x8BCE, 0x83AE, 0x836D, 0x7B2C, 0x730B,
    0x6A03, 0x7203, 0x6A03, 0x7203, 0x7203, 0x7204, 0x7204, 0x7204,
    0x7203, 0x7204, 0x7204, 0x7203, 0x7203, 0x6A03, 0x69E3, 0x69C3,
    0x69C3, 0x61A2, 0x61A2, 0x61A2, 0x61A1, 0x6181, 0x6181, 0x6181,
    0x6181, 0x69A1, 0x69A1, 0x69A1, 0x69A1, 0x69A1, 0x6981, 0x6981,
    0x6981, 0x69A1, 0x69A1, 0x71A1, 0x71A1, 0x71C1, 0x71C1, 0x79E1,
    0x79E2, 0x7A02, 0x8202, 0x8222, 0x8222, 0x8242, 0x8A43, 0x8A43,
    0x8A63, 0x8A63, 0x8A83, 0x9284, 0x92A4, 0x9AE6, 0xA347, 0xAB88,
    0xB3C9, 0xB3E9, 0xBC2A, 0xBC2A, 0xBC2B, 0xBC2A, 0xB40A, 0xB3E9,
    0xABC9, 0xB3A8, 0xB3A8, 0xE50C, 0xFEB2, 0xFD2A, 0xFCA8, 0xF488,
    0xEC27, 0xFD6D, 0xFDAD, 0xEC88, 0xEC26, 0xE3C5, 0xDBA5, 0xDB85,
    0xCB24, 0xF54B, 0xFDEE, 0xFDCD, 0xED4C, 0x7204, 0x5122, 0x5122,
    0x5102, 0x5122, 0x40E1, 0x40E1, 0x38C1, 0x4902, 0x40E1, 0x38A1,
    0x38A1, 0x38C1, 0x38C1, 0x38C1, 0x30A1, 0x38A1, 0x40C1, 0x38A1,
    0x38A1, 0x38C1, 0x2881, 0x28A1, 0x38C1, 0x40E1, 0x4902, 0x40E2,
    0x5942, 0x5122, 0x5122, 0x4902, 0x4922, 0x5943, 0x5943, 0x5963,
    0x5963, 0x5122, 0x30A1, 0x30A0, 0x5942, 0x5963, 0x5963, 0x5122,
    0x5963, 0x5122, 0x5142, 0x5122, 0x40E2, 0x30A1, 0x38A1, 0x40C1,
    0x40E1, 0x40E1, 0x40C1, 0x38A1, 0x30A1, 0x40E1, 0x40C1, 0x38A1,
    0x3080, 0x3081, 0x30A1, 0x40E1, 0x6163, 0x6163, 0x5122, 0x69A3,
    0x6183, 0x5963, 0x8AA6, 0xDCAA, 0xFDED, 0xFDEE, 0xFDAC, 0xFDEE,
    0xFE30, 0xFE93, 0xF54C, 0xE406, 0xE3E6, 0xF488, 0xF468, 0xFD8C,
    0xFE30, 0xFE51, 0xFE2F, 0xF4C8, 0xFDCE, 0xFE72, 0xBC4D, 0x83AE,
    0x8BCE, 0x83AE, 0x83AE, 0x838D, 0x7B8D, 0x7B8D, 0x7B8D, 0x7B6D,
    0x734C, 0x734C, 0x732C, 0x6B2B, 0x6B2B, 0x6B2B, 0x732B, 0x734C,
    0x7B6C, 0x838D, 0x83AE, 0x83AE, 0x83AE, 0x83AE, 0x83AD, 0x7B8D,
    0x7B8D, 0x7B8D, 0x7B6D, 0x7B6D, 0x7B6C, 0x732B, 0x6AEA, 0x62A9,
    0x5A68, 0x5A26, 0x51E4, 0x49A3, 0x4982, 0x4982, 0x51A2, 0x51C2,
    0x59C2, 0x59C2, 0x59C2, 0x51C2, 0x51A1, 0x5182, 0x59E4, 0x5A26,
    0x6268, 0x6ACA, 0x7B2B, 0x836D, 0x83AE, 0x8BCE, 0x8BEF, 0x8BCE,
    0x8BCE, 0x83AE, 0x83AE, 0x838E, 0x838D, 0x7B4D, 0x732C, 0x730B,
    0x69E3, 0x6A03, 0x6A03, 0x6A03, 0x6A03, 0x6A03, 0x7204, 0x7204,
    0x7204, 0x6A04, 0x6A03, 0x69E3, 0x69E3, 0x69E3, 0x69E3, 0x69C3,
    0x61C2, 0x61A2, 0x61A2, 0x61A2, 0x61A1, 0x6181, 0x6181, 0x6181,
    0x6181, 0x6981, 0x69A1, 0x69A1, 0x69A1, 0x69A1, 0x69A1, 0x69A1,
    0x6980, 0x69A0, 0x69A1, 0x71A1, 0x71C1, 0x71C1, 0x79E1, 0x79E2,
    0x7A02, 0x7A02, 0x8222, 0x8222, 0x8243, 0x8A43, 0x8A43, 0x8A63,
    0x8A63, 0x9283, 0x9284, 0x92A4, 0x92A4, 0x9B06, 0xA347, 0xAB88,
    0xB3C9, 0xBC0A, 0xBC2A, 0xBC4B, 0xBC4B, 0xBC2B, 0xB40A, 0xB3E9,
    0xB3C9, 0xB3A8, 0xC408, 0xFE71, 0xFDCD, 0xFCC8, 0xFCC9, 0xEC06,
    0xE3E5, 0xF4C9, 0xFE10, 0xFD8D, 0xEC67, 0xE3E6, 0xE3E6, 0xDB85,
    0xD3A5, 0xFD8C, 0xFDAC, 0xF58C, 0xD469, 0x5142, 0x4902, 0x40E2,
    0x48E1, 0x4902, 0x38C1, 0x40E1, 0x40E1, 0x40E2, 0x3081, 0x3081,
    0x38A1, 0x30A1, 0x3081, 0x30A1, 0x3081, 0x2860, 0x30A1, 0x40C1,
    0x40E1, 0x40C1, 0x2881, 0x2060, 0x30A1, 0x40E1, 0x40E2, 0x4902,
    0x4902, 0x5122, 0x4902, 0x5143, 0x5943, 0x5122, 0x4102, 0x4902,
    0x6183, 0x4902, 0x2880, 0x3080, 0x5122, 0x5122, 0x4902, 0x5122,
    0x6163, 0x5122, 0x5142, 0x40E2, 0x38A1, 0x2060, 0x38C1, 0x4902,
    0x5122, 0x5102, 0x48E1, 0x30A1, 0x38C1, 0x38C1, 0x38A1, 0x3080,
    0x2860, 0x2860, 0x3081, 0x3081, 0x5122, 0x6983, 0x6142, 0x6163,
    0x5142, 0x5122, 0x5122, 0x92A6, 0xE4EA, 0xFDCD, 0xFDAC, 0xFDCD,
    0xFDEE, 0xFE92, 0xE4CA, 0xE427, 0xEC88, 0xF4C9, 0xF487, 0xFDAD,
    0xFE30, 0xFDCE, 0xFDCE, 0xEC67, 0xF487, 0xFE50, 0xE54F, 0x83AD,
    0x83CE, 0x83AE, 0x7B8E, 0x7B8D, 0x7B8D, 0x7B8D, 0x7B6D, 0x734D,
    0x734C, 0x6B2C, 0x6B0B, 0x6AEB, 0x6AEB, 0x6AEB, 0x6AEB, 0x6B0B,
    0x732C, 0x7B4C, 0x7B6D, 0x7B6D, 0x7B6D, 0x7B6C, 0x7B6C, 0x7B4C,
    0x7B4C, 0x7B4C, 0x7B4C, 0x7B4C, 0x7B4C, 0x732B, 0x72EA, 0x6AC9,
    0x6AA8, 0x6287, 0x6266, 0x6246, 0x6225, 0x6225, 0x6225, 0x6246,
    0x6246, 0x6246, 0x6245, 0x6225, 0x6225, 0x5A05, 0x6226, 0x6267,
    0x6A89, 0x72CA, 0x7B2B, 0x7B6C, 0x838D, 0x83AE, 0x83AE, 0x838E,
    0x838D, 0x7B6D, 0x7B6D, 0x7B6D, 0x7B4D, 0x734D, 0x732C, 0x6AEB,
    0x69E3, 0x69E3, 0x69E3, 0x69E3, 0x69E3, 0x69E3, 0x6A03, 0x6A04,
    0x6A04, 0x6A03, 0x69E3, 0x69E3, 0x69E3, 0x69E3, 0x69C3, 0x61C3,
    0x61A2, 0x61A2, 0x61A2, 0x6181, 0x61A1, 0x6181, 0x6181, 0x6181,
    0x6981, 0x6981, 0x69A1, 0x69A1, 0x69A1, 0x69A1, 0x69A1, 0x69A1,
    0x69A1, 0x69A1, 0x69A1, 0x71A1, 0x71C1, 0x71C1, 0x79E2, 0x7A02,
    0x8202, 0x8222, 0x8223, 0x8243, 0x8A43, 0x8A63, 0x8A63, 0x8A63,
    0x9283, 0x9284, 0x92A4, 0x92A4, 0x92C4, 0x9B06, 0xA347, 0xAB88,
    0xB3C9, 0xBC0A, 0xBC2A, 0xC44B, 0xBC4B, 0xBC2B, 0xB40A, 0xB3E9,
    0xB3C9, 0xB3A8, 0xE52C, 0xFE71, 0xFD09, 0xFCE9, 0xFCC9, 0xE3E6,
    0xEC06, 0xEC88, 0xF50A, 0xFDEE, 0xF4E9, 0xE3E6, 0xD385, 0xD344,
    0xE4A9, 0xFDCE, 0xFDAD, 0xECEA, 0x8A64, 0x4102, 0x4102, 0x4102,
    0x40E1, 0x40E1, 0x30A1, 0x40E1, 0x38C1, 0x30A1, 0x30A1, 0x38A0,
    0x3081, 0x2881, 0x2860, 0x2880, 0x30A1, 0x30A1, 0x40C1, 0x40E1,
    0x38C1, 0x2881, 0x30A1, 0x2881, 0x30A1, 0x2881, 0x38C1, 0x4902,
    0x5122, 0x5123, 0x4922, 0x4922, 0x5943, 0x5942, 0x5122, 0x4902,
    0x5122, 0x5102, 0x1840, 0x2060, 0x5122, 0x5943, 0x5122, 0x5942,
    0x6163, 0x5142, 0x40E1, 0x2881, 0x30A1, 0x38C1, 0x4902, 0x38C1,
    0x40E1, 0x38A1, 0x38A1, 0x38C1, 0x3081, 0x3081, 0x38A1, 0x2880,
    0x30A1, 0x40E1, 0x38A1, 0x30A1, 0x40C1, 0x5922, 0x5122, 0x6163,
    0x6163, 0x4902, 0x5143, 0x69A4, 0x9285, 0xD469, 0xFDCD, 0xFDCD,
    0xFDCD, 0xFE51, 0xE4CB, 0xDB84, 0xF4A8, 0xF4C9, 0xF4E9, 0xFDCE,
    0xFE72, 0xED4C, 0xECA9, 0xEC27, 0xEC26, 0xFD4A, 0xFE31, 0xA42E,
    0x7BAE, 0x838E, 0x7B8D, 0x7B6D, 0x7B6D, 0x7B6D, 0x734D, 0x732C,
    0x6B2C, 0x6B0C, 0x62EB, 0x62CB, 0x62AA, 0x62AA, 0x62AA, 0x62CB,
    0x6AEB, 0x6B0B, 0x730B, 0x732B, 0x732B, 0x730B, 0x730B, 0x730B,
    0x730A, 0x730A, 0x7B2B, 0x7B2B, 0x7B2B, 0x7B2B, 0x730A, 0x72EA,
    0x72E9, 0x72C9, 0x72A8, 0x72A8, 0x72A8, 0x72A8, 0x72A8, 0x72C8,
    0x72C8, 0x72A8, 0x72A8, 0x72A8, 0x6A88, 0x6A87, 0x6A88, 0x6AA8,
    0x72C9, 0x72EA, 0x7B2B, 0x7B4C, 0x836D, 0x838D, 0x836D, 0x7B4D,
    0x732C, 0x732C, 0x6B2C, 0x730C, 0x730C, 0x6B0C, 0x6B0B, 0x6AEB,
    0x69E3, 0x69E3, 0x69E3, 0x69E3, 0x69E4, 0x69E4, 0x6A04, 0x69E4,
    0x6A04, 0x69E4, 0x69E3, 0x69E3, 0x69E3, 0x69E3, 0x69C3, 0x61A3,
    0x61A2, 0x6182, 0x6182, 0x6181, 0x6181, 0x6181, 0x6181, 0x69A1,
    0x6981, 0x69A1, 0x69A1, 0x69A1, 0x69A1, 0x71A1, 0x71A1, 0x69A1,
    0x69A1, 0x69A1, 0x71A1, 0x71C1, 0x71C1, 0x79E2, 0x7A02, 0x7A02,
    0x8223, 0x8223, 0x8243, 0x8A43, 0x8A63, 0x8A63, 0x8A84, 0x9284,
    0x9284, 0x92A4, 0x92A4, 0x92A4, 0x9AC5, 0x9B06, 0xA367, 0xABA8,
    0xB3E9, 0xBC0A, 0xBC2B, 0xC44B, 0xBC4B, 0xBC2B, 0xB40A, 0xB3EA,
    0xABC9, 0xBBE8, 0xFE30, 0xFDAC, 0xFD2A, 0xFD4B, 0xF4A9, 0xE406,
    0xE3E6, 0xD364, 0xDC07, 0xFE30, 0xF54B, 0xDB85, 0xD385, 0xD3E6,
    0xF58D, 0xF5CE, 0xFDAC, 0xCC28, 0x5963, 0x38C1, 0x5142, 0x4902,
    0x40E1, 0x40E1, 0x40C1, 0x48E1, 0x30A1, 0x38A1, 0x2881, 0x38A1,
    0x38A1, 0x30A1, 0x2881, 0x30A1, 0x30A1, 0x38A1, 0x30A1, 0x38C1,
    0x38C1, 0x38C1, 0x40E2, 0x30A1, 0x30A1, 0x40E2, 0x4902, 0x40E2,
    0x4902, 0x4102, 0x4922, 0x4902, 0x5122, 0x4902, 0x5922, 0x5943,
    0x4902, 0x40E1, 0x2060, 0x2881, 0x4902, 0x5122, 0x5943, 0x6983,
    0x6143, 0x5102, 0x40C1, 0x30A1, 0x40E1, 0x4902, 0x38C1, 0x40E2,
    0x40C1, 0x38A1, 0x40E1, 0x48E1, 0x2860, 0x30A1, 0x38A1, 0x3080,
    0x40E1, 0x40E1, 0x48E2, 0x40E1, 0x40C1, 0x40E1, 0x4902, 0x48E2,
    0x5942, 0x5963, 0x6184, 0x5163, 0x6184, 0x8225, 0xE4EB, 0xFDCE,
    0xFDCD, 0xFE30, 0xF56D, 0xDBC5, 0xEC68, 0xF488, 0xFD2A, 0xFDAD,
    0xFE30, 0xF5F0, 0xE469, 0xE3E6, 0xEC26, 0xFCA7, 0xFE0F, 0xC4EF,
    0x7B8D, 0x838D, 0x7B6D, 0x734D, 0x734D, 0x734D, 0x732C, 0x6B2C,
    0x6B0C, 0x62EB, 0x62AA, 0x5AAA, 0x5A8A, 0x5A69, 0x5A69, 0x5A89,
    0x62AA, 0x6ACA, 0x6ACA, 0x6AEA, 0x6AEA, 0x72EA, 0x72EA, 0x72EA,
    0x72EA, 0x730A, 0x7B0A, 0x7B0A, 0x7B2A, 0x7B2A, 0x7B2A, 0x7B0A,
    0x7B0A, 0x7B09, 0x7B09, 0x7B09, 0x7B0A, 0x7B0A, 0x830A, 0x830A,
    0x832A, 0x830A, 0x7B0A, 0x7B09, 0x7AE9, 0x72E9, 0x72C9, 0x72C9,
    0x72EA, 0x7B0A, 0x7B2B, 0x7B2B, 0x7B4C, 0x7B4C, 0x7B2C, 0x730C,
    0x6AEB, 0x6AEB, 0x62CB, 0x62CB, 0x62CB, 0x62CB, 0x62CB, 0x6ACB,
    0x69E3, 0x69E3, 0x69E4, 0x69E4, 0x69E4, 0x69E4, 0x69E4, 0x69E4,
    0x69E4, 0x69E3, 0x69E3, 0x69E3, 0x69E3, 0x69E3, 0x61C3, 0x61A3,
    0x61A2, 0x6182, 0x6182, 0x6181, 0x6181, 0x6181, 0x69A1, 0x69A1,
    0x69A2, 0x69C2, 0x69C2, 0x69C2, 0x71C2, 0x71C1, 0x71A1, 0x69A1,
    0x69A1, 0x71A1, 0x71C1, 0x71C1, 0x71C2, 0x79E2, 0x7A02, 0x8222,
    0x8223, 0x8A43, 0x8A43, 0x8A63, 0x8A63, 0x8A63, 0x9284, 0x9284,
    0x92A4, 0x92A4, 0x92A4, 0x92A4, 0x9AC5, 0x9B26, 0xAB67, 0xB3A8,
    0xB3E9, 0xBC2A, 0xC44B, 0xC46B, 0xBC4B, 0xBC2B, 0xB40A, 0xB40A,
    0xB3C9, 0xE52D, 0xFE50, 0xFD4A, 0xFD2A, 0xF4A8, 0xEC27, 0xE407,
    0xEC27, 0xD364, 0xECEB, 0xFE50, 0xFD6B, 0xDBA5, 0xDB84, 0xECA9,
    0xFDEE, 0xF5AD, 0xF58C, 0xAB47, 0x4102, 0x40E1, 0x5942, 0x4902,
    0x38C1, 0x38C1, 0x40E1, 0x40C1, 0x3081, 0x38A1, 0x38C1, 0x40E2,
    0x38C1, 0x3081, 0x30A1, 0x38C1, 0x2881, 0x30A1, 0x30A1, 0x38C1,
    0x38C1, 0x38C1, 0x40E2, 0x38C1, 0x28A1, 0x38C1, 0x4902, 0x4102,
    0x40E2, 0x4902, 0x5122, 0x4902, 0x48E2, 0x40E1, 0x40E1, 0x48E1,
    0x38C1, 0x3081, 0x1020, 0x30A1, 0x4902, 0x5943, 0x6163, 0x5122,
    0x38C1, 0x5102, 0x4902, 0x40E1, 0x30A1, 0x38A1, 0x38C1, 0x38A1,
    0x38A1, 0x38A1, 0x38A1, 0x2060, 0x2060, 0x38C1, 0x40C1, 0x30A1,
    0x4902, 0x4902, 0x5122, 0x38C1, 0x38A1, 0x38C1, 0x38C1, 0x40C1,
    0x5102, 0x5963, 0x69A4, 0x6183, 0x5963, 0x71A4, 0x9AA6, 0xF56D,
    0xFDAD, 0xFE30, 0xFE51, 0xE488, 0xEC26, 0xF487, 0xFD8C, 0xFDCD,
    0xFDEF, 0xED0C, 0xDBE7, 0xDBA5, 0xEC06, 0xF467, 0xFD6B, 0xEDD1,
    0x83AD, 0x7B6D, 0x734D, 0x734C, 0x732C, 0x6B2C, 0x6B2C, 0x6B0C,
    0x62EB, 0x62CB, 0x5AAA, 0x5A89, 0x5249, 0x5248, 0x5248, 0x5A48,
    0x5A69, 0x6289, 0x6289, 0x6AA9, 0x6AC9, 0x72E9, 0x72EA, 0x72EA,
    0x7B0A, 0x7B2A, 0x7B2A, 0x7B2A, 0x832A, 0x832A, 0x834A, 0x834A,
    0x834B, 0x8B4B, 0x8B4B, 0x8B4B, 0x8B4B, 0x8B4B, 0x8B4B, 0x8B6B,
    0x8B6B, 0x8B6B, 0x8B4B, 0x834B, 0x832A, 0x832A, 0x7B0A, 0x7B0A,
    0x7B0A, 0x7B0A, 0x7B0B, 0x7B2B, 0x7B0B, 0x730B, 0x72EB, 0x6ACB,
    0x62AA, 0x628A, 0x5A8A, 0x5A8A, 0x5A8A, 0x5A8A, 0x62AA, 0x62AA,
    0x69E4, 0x69E4, 0x69E4, 0x69E4, 0x69E4, 0x69E4, 0x69E4, 0x69E4,
    0x69E4, 0x69E4, 0x69E3, 0x69E3, 0x69E3, 0x69E3, 0x61C3, 0x61A3,
    0x61A2, 0x61A2, 0x6182, 0x6181, 0x6181, 0x6181, 0x69A1, 0x69A2,
    0x69C2, 0x69C2, 0x71C2, 0x71C2, 0x71C2, 0x71C2, 0x71A1, 0x71A1,
    0x71A1, 0x71C1, 0x71C1, 0x71C1, 0x79E2, 0x7A02, 0x7A02, 0x8223,
    0x8243, 0x8A43, 0x8A63, 0x8A63, 0x8A63, 0x9283, 0x9284, 0x92A4,
    0x92A4, 0x92A4, 0x92A4, 0x9AC4, 0x9AC5, 0xA326, 0xAB68, 0xB3C9,
    0xB3E9, 0xBC2A, 0xC44B, 0xC46B, 0xBC4B, 0xBC2B, 0xB42A, 0xB40A,
    0xC42A, 0xFE91, 0xFDED, 0xFD2A, 0xFCC8, 0xF467, 0xF468, 0xF468,
    0xDBA5, 0xCB44, 0xFDAD, 0xFE2F, 0xFD8B, 0xEC47, 0xDB84, 0xF50A,
    0xF5CD, 0xF5AD, 0xF56C, 0x92A5, 0x38C1, 0x4922, 0x5122, 0x40E1,
    0x40E2, 0x2881, 0x2860, 0x48E1, 0x38C1, 0x38C1, 0x38C1, 0x30A1,
    0x30A1, 0x2881, 0x30A1, 0x38A1, 0x38A1, 0x30A1, 0x3081, 0x38C1,
    0x30A1, 0x30A1, 0x2881, 0x40C1, 0x38C1, 0x30A1, 0x40E2, 0x38C1,
    0x38C1, 0x4902, 0x4902, 0x40E2, 0x38C1, 0x5102, 0x40E1, 0x40C1,
    0x30A1, 0x2040, 0x0820, 0x30A1, 0x4902, 0x5122, 0x4902, 0x40E1,
    0x4902, 0x48E2, 0x38A1, 0x40E1, 0x38C1, 0x38A1, 0x40C1, 0x40C1,
    0x40E1, 0x40C1, 0x38A1, 0x2060, 0x2880, 0x40C1, 0x38C1, 0x3081,
    0x38C1, 0x40E1, 0x40C1, 0x38C1, 0x40C1, 0x40E1, 0x40E2, 0x40C1,
    0x4902, 0x5122, 0x5942, 0x69A4, 0x5122, 0x69A4, 0x71A4, 0xAB47,
    0xED0B, 0xFE10, 0xFEB3, 0xFDEF, 0xEC67, 0xF4C9, 0xFE0F, 0xFE0F,
    0xF5CE, 0xD3E6, 0xCB03, 0xDB64, 0xEC26, 0xF487, 0xFCC8, 0xFE50,
    0xAC6E, 0x732C, 0x734C, 0x732C, 0x6B2C, 0x6B0C, 0x6B0C, 0x6B0C,
    0x62EB, 0x5AAA, 0x5A8A, 0x5A69, 0x5249, 0x5248, 0x5248, 0x5A48,
    0x5A69, 0x6289, 0x6289, 0x6AA9, 0x6AC9, 0x72EA, 0x730A, 0x7B0A,
    0x832A, 0x834B, 0x8B6B, 0x8B6B, 0x8B6B, 0x8B6B, 0x8B8B, 0x8B8B,
    0x938C, 0x938C, 0x93AC, 0x93AC, 0x93AC, 0x93AC, 0x93AC, 0x93AC,
    0x93AC, 0x93AC, 0x93AC, 0x8B8C, 0x8B6C, 0x8B6B, 0x834B, 0x832B,
    0x832B, 0x7B2B, 0x7B0B, 0x7B0A, 0x72EA, 0x6ACA, 0x6AA9, 0x6289,
    0x5A69, 0x5A49, 0x5249, 0x5249, 0x5A69, 0x5A8A, 0x62AA, 0x62AA,
    0x69E4, 0x69E4, 0x69E4, 0x69E4, 0x69E4, 0x69E4, 0x69E4, 0x69E4,
    0x69E4, 0x69E4, 0x69E4, 0x69E4, 0x69E3, 0x69E3, 0x61C3, 0x61A3,
    0x61A2, 0x61A2, 0x6182, 0x6182, 0x6182, 0x69A1, 0x69A1, 0x69A2,
    0x71C2, 0x71C2, 0x71E2, 0x71E2, 0x71C2, 0x71C2, 0x71C1, 0x71C1,
    0x71C1, 0x71C1, 0x71C1, 0x71C2, 0x79E2, 0x7A02, 0x8223, 0x8243,
    0x8A43, 0x8A63, 0x8A63, 0x8A63, 0x8A64, 0x9284, 0x9284, 0x92A4,
    0x92A4, 0x9AC4, 0x9AC4, 0x9AC4, 0x9AE5, 0xA326, 0xAB88, 0xB3C9,
    0xB40A, 0xBC2A, 0xC44B, 0xC46B, 0xBC4B, 0xBC4B, 0xBC2B, 0xB3EA,
    0xE54D, 0xFEF3, 0xFD8C, 0xFD09, 0xF488, 0xF488, 0xEC27, 0xEC06,
    0xD324, 0xE428, 0xFDAD, 0xFE2F, 0xFDED, 0xFD2A, 0xEC26, 0xF56C,
    0xF58C, 0xF54A, 0xDC89, 0x8245, 0x4922, 0x5142, 0x4902, 0x38A1,
    0x4902, 0x3081, 0x38A1, 0x4902, 0x38C1, 0x38C1, 0x2881, 0x2881,
    0x3081, 0x2880, 0x3080, 0x30A1, 0x38A1, 0x30A1, 0x30A1, 0x2881,
    0x30A1, 0x38C1, 0x38C1, 0x38C1, 0x40E2, 0x2881, 0x38C1, 0x40E2,
    0x40E1, 0x38C1, 0x40E2, 0x40E2, 0x38A1, 0x48E2, 0x40E2, 0x40E1,
    0x38C1, 0x1840, 0x0820, 0x38C1, 0x5102, 0x40E1, 0x4902, 0x5122,
    0x5122, 0x38C1, 0x4902, 0x5122, 0x5122, 0x5102, 0x4902, 0x4902,
    0x38C1, 0x38A1, 0x2881, 0x30A1, 0x30A1, 0x40C1, 0x2860, 0x3080,
    0x30A1, 0x40E1, 0x40E2, 0x4902, 0x5122, 0x5122, 0x5122, 0x40E2,
    0x5143, 0x4902, 0x5122, 0x69A4, 0x6163, 0x6163, 0x5963, 0x69C4,
    0xCC29, 0xFDCE, 0xFE72, 0xFED4, 0xF4EA, 0xFD4B, 0xFE0F, 0xFE2F,
    0xE50B, 0xCB44, 0xCB03, 0xD343, 0xEBE5, 0xF487, 0xFCC8, 0xFDED,
    0xCD0F, 0x6B0C, 0x732C, 0x6B0C, 0x6B0C, 0x6B0C, 0x6B0C, 0x6AEB,
    0x62CB, 0x5AAA, 0x5A8A, 0x5A69, 0x5269, 0x5A48, 0x5A48, 0x5A69,
    0x6269, 0x6289, 0x6AA9, 0x6AC9, 0x72EA, 0x730A, 0x7B2A, 0x832B,
    0x834B, 0x8B6C, 0x8B8C, 0x93AC, 0x93AC, 0x93AC, 0x93AC, 0x93CC,
    0x9BCC, 0x9BCD, 0x9BCD, 0x9BED, 0x9BED, 0x9BED, 0x9BCD, 0x9BCD,
    0x9BCD, 0x9BED, 0x9BCD, 0x93CD, 0x93AD, 0x93AC, 0x8B8C, 0x8B6C,
    0x8B6B, 0x834B, 0x832B, 0x7B0A, 0x72EA, 0x72CA, 0x6AA9, 0x6269,
    0x5A49, 0x5228, 0x5228, 0x4A29, 0x5249, 0x5A6A, 0x5A8A, 0x62AA,
    0x69E4, 0x69E4, 0x69E4, 0x69E4, 0x69E4, 0x6A04, 0x69E4, 0x6A04,
    0x69E4, 0x69E4, 0x69E4, 0x69E4, 0x69E4, 0x69E3, 0x61C3, 0x61A3,
    0x61A2, 0x61A2, 0x61A2, 0x61A2, 0x61A2, 0x69A2, 0x69A2, 0x69A2,
    0x71C2, 0x71C2, 0x71E2, 0x71E2, 0x71E2, 0x71C2, 0x71C2, 0x71C1,
    0x71C1, 0x71C2, 0x71C2, 0x71E2, 0x7A02, 0x8222, 0x8223, 0x8243,
    0x8A43, 0x8A63, 0x8A64, 0x9264, 0x9284, 0x9284, 0x9284, 0x92A4,
    0x92A4, 0x9AC4, 0x9AC5, 0x9AC5, 0x9AE5, 0xA326, 0xAB88, 0xB3C9,
    0xBC0A, 0xBC2A, 0xC44B, 0xC46B, 0xBC4B, 0xBC4B, 0xB42B, 0xC44B,
    0xFED4, 0xFE50, 0xFD09, 0xFCA8, 0xFCA8, 0xF468, 0xEC06, 0xE3C5,
    0xD344, 0xD3A5, 0xFDEE, 0xFE2F, 0xFDCD, 0xFD8B, 0xF4C9, 0xFDCE,
    0xF5AD, 0xF52A, 0xC3E8, 0x7A04, 0x5942, 0x5963, 0x40C1, 0x40E1,
    0x40E2, 0x38A1, 0x5122, 0x38C1, 0x38C1, 0x38A1, 0x30A1, 0x30A1,
    0x3080, 0x30A1, 0x2880, 0x30A1, 0x3081, 0x3081, 0x30A1, 0x38C1,
    0x30A1, 0x38C1, 0x40E2, 0x40E2, 0x40E2, 0x30A1, 0x38C1, 0x38C1,
    0x38C1, 0x40E2, 0x40E2, 0x4902, 0x48E2, 0x38C1, 0x38C1, 0x38C1,
    0x3081, 0x1020, 0x1020, 0x40C1, 0x48E1, 0x5122, 0x5122, 0x4902,
    0x5122, 0x5143, 0x5943, 0x5122, 0x5122, 0x4902, 0x38C1, 0x38A1,
    0x2060, 0x2881, 0x2880, 0x38C1, 0x38A1, 0x38A1, 0x2880, 0x30A1,
    0x38A1, 0x48E2, 0x4902, 0x40E2, 0x4902, 0x5102, 0x5122, 0x4922,
    0x4902, 0x4902, 0x4902, 0x6983, 0x71C4, 0x6163, 0x6163, 0x6184,
    0xA307, 0xF56C, 0xFE51, 0xFEB3, 0xF54B, 0xFDCD, 0xFE0F, 0xFE71,
    0xE50C, 0xCB03, 0xD323, 0xDB84, 0xE3C5, 0xF447, 0xFCA8, 0xFD4A,
    0xF611, 0x836C, 0x6B0C, 0x6B0C, 0x6B0B, 0x6AEB, 0x6B0C, 0x62EB,
    0x62CB, 0x5AAA, 0x5A8A, 0x5A69, 0x5A69, 0x5A49, 0x5A48, 0x5A68,
    0x6289, 0x6289, 0x6AA9, 0x6AC9, 0x72EA, 0x7B0A, 0x7B2B, 0x834B,
    0x8B6B, 0x8B8C, 0x93AC, 0x93AC, 0x93CC, 0x9BCD, 0x9BED, 0x9BED,
    0x9BED, 0x9BED, 0xA40D, 0xA40D, 0xA40D, 0xA40D, 0xA40E, 0xA40E,
    0x9C0D, 0x9C0E, 0x9BEE, 0x9BED, 0x9BED, 0x9BCD, 0x93AD, 0x93AD,
    0x8B8C, 0x8B8C, 0x834B, 0x832B, 0x7B0A, 0x72CA, 0x6AA9, 0x6289,
    0x5A48, 0x5228, 0x5208, 0x5228, 0x5229, 0x5A49, 0x5A69, 0x628A,
    0x69E4, 0x69E4, 0x69E4, 0x69E4, 0x6A04, 0x6A04, 0x6A04, 0x6A04,
    0x6A04, 0x6A04, 0x69E4, 0x69E4, 0x69E4, 0x61E4, 0x61C3, 0x61C3,
    0x61A3, 0x61A2, 0x61A2, 0x61A2, 0x61A2, 0x69A2, 0x69C2, 0x71C2,
    0x71E2, 0x71E2, 0x71E2, 0x79E2, 0x71E2, 0x71E2, 0x71C2, 0x71C2,
    0x71C2, 0x71E2, 0x71E2, 0x7A02, 0x7A02, 0x8223, 0x8243, 0x8A43,
    0x8A63, 0x8A63, 0x9284, 0x9284, 0x9284, 0x9284, 0x92A4, 0x92A4,
    0x9AC4, 0x9AC5, 0x9AC5, 0x9AC5, 0x9AE5, 0xA326, 0xAB88, 0xB3C9,
    0xBC0A, 0xBC2A, 0xC44B, 0xC46B, 0xBC4B, 0xBC4B, 0xB40A, 0xE5B0,
    0xFF57, 0xFD4A, 0xFCA8, 0xFCE9, 0xF488, 0xF467, 0xEC27, 0xD385,
    0xC2E3, 0xDC27, 0xFE50, 0xFE0E, 0xFE0E, 0xFDAC, 0xF4C8, 0xFDAD,
    0xFDEF, 0xF56B, 0xAB46, 0x69C4, 0x5963, 0x4922, 0x4922, 0x4922,
    0x40C1, 0x40C1, 0x40C1, 0x30A1, 0x38A1, 0x30A1, 0x30A1, 0x40C1,
    0x38A1, 0x38A1, 0x2881, 0x2880, 0x2860, 0x2881, 0x3081, 0x30A1,
    0x30A1, 0x38A1, 0x38C1, 0x38C1, 0x40E2, 0x38C1, 0x2881, 0x38C1,
    0x38C1, 0x38C1, 0x38C1, 0x38C1, 0x40E1, 0x3081, 0x30A1, 0x2881,
    0x2060, 0x0800, 0x1020, 0x38A1, 0x5122, 0x5943, 0x40E2, 0x40E1,
    0x4902, 0x5122, 0x5122, 0x48E2, 0x40C1, 0x30A1, 0x30A1, 0x3081,
    0x2880, 0x30A1, 0x38C1, 0x38C1, 0x38A1, 0x3080, 0x30A1, 0x38C1,
    0x48E2, 0x40E2, 0x48E2, 0x40E1, 0x40C1, 0x5943, 0x4902, 0x5122,
    0x5122, 0x40E2, 0x4902, 0x5122, 0x6183, 0x6183, 0x6183, 0x69C4,
    0x92A6, 0xE48A, 0xFE30, 0xFE92, 0xFDCD, 0xFDCE, 0xFDEE, 0xFE30,
    0xF5AE, 0xCB44, 0xDB64, 0xDBA5, 0xEBE5, 0xEC27, 0xF487, 0xFCE8,
    0xFE4F, 0xAC6F, 0x62EB, 0x6B0C, 0x6AEB, 0x62EB, 0x62EB, 0x62EB,
    0x62CB, 0x62AA, 0x5AAA, 0x5A8A, 0x5A89, 0x5A69, 0x5A48, 0x5A48,
    0x5A68, 0x6268, 0x6289, 0x6AA9, 0x72C9, 0x72EA, 0x7B0A, 0x834B,
    0x8B6B, 0x8B8C, 0x93AC, 0x93AC, 0x93AC, 0x9BCC, 0x9BED, 0x9BED,
    0xA40D, 0xA40D, 0xA40D, 0xA40D, 0xA40E, 0xA40E, 0xA40E, 0xA40E,
    0xA40E, 0xA40E, 0xA40E, 0xA40E, 0x9C0E, 0x9BED, 0x9BCD, 0x93AD,
    0x938C, 0x8B6C, 0x834B, 0x832B, 0x7B0A, 0x72CA, 0x6AA9, 0x6269,
    0x5A48, 0x5208, 0x5208, 0x5208, 0x5228, 0x5249, 0x5A69, 0x6289,
    0x69E4, 0x69E4, 0x69E4, 0x6A04, 0x6A04, 0x6A05, 0x6A04, 0x6A04,
    0x6A04, 0x6A04, 0x6A04, 0x69E4, 0x69E4, 0x61E4, 0x61C4, 0x61C3,
    0x61C3, 0x61C3, 0x61A2, 0x61A2, 0x61C2, 0x69C2, 0x69C2, 0x71E2,
    0x71E2, 0x7A03, 0x7A03, 0x7A02, 0x79E2, 0x71E2, 0x71E2, 0x71E2,
    0x71E2, 0x79E2, 0x79E2, 0x7A02, 0x8223, 0x8243, 0x8A43, 0x8A63,
    0x8A63, 0x8A63, 0x9283, 0x9284, 0x9284, 0x92A4, 0x92A4, 0x9AA4,
    0x9AC5, 0x9AC5, 0x9AC5, 0x9AE5, 0x9AE5, 0xA327, 0xAB88, 0xB3C9,
    0xBC0A, 0xBC2A, 0xC44B, 0xC46B, 0xBC6B, 0xBC2B, 0xC48C, 0xFF37,
    0xFE93, 0xFC87, 0xFCC9, 0xF487, 0xF488, 0xE406, 0xDBC6, 0xCB44,
    0xD344, 0xFD8C, 0xFE50, 0xFE2F, 0xFDEE, 0xFDCC, 0xECA7, 0xECC8,
    0xFE51, 0xF56C, 0x9AA5, 0x5963, 0x5983, 0x5143, 0x6163, 0x4902,
    0x40C1, 0x38A1, 0x2881, 0x3081, 0x30A1, 0x30A1, 0x38A1, 0x38A1,
    0x38A1, 0x3081, 0x2881, 0x38A1, 0x2880, 0x2881, 0x3081, 0x30A1,
    0x30A1, 0x38A1, 0x38A1, 0x38A1, 0x40C1, 0x38C1, 0x2881, 0x30A1,
    0x38C1, 0x38A1, 0x30A1, 0x38A1, 0x30A1, 0x30A1, 0x2881, 0x2860,
    0x2040, 0x0000, 0x1840, 0x40C1, 0x40E1, 0x38A1, 0x38C1, 0x38C1,
    0x40E1, 0x4902, 0x40C1, 0x38A1, 0x2880, 0x38A1, 0x48E2, 0x30A1,
    0x40C1, 0x48E2, 0x40E2, 0x38C1, 0x3081, 0x38A1, 0x38A1, 0x40C1,
    0x4902, 0x40E2, 0x30A1, 0x38A1, 0x48E1, 0x5122, 0x5943, 0x5122,
    0x4902, 0x5122, 0x5122, 0x5122, 0x4922, 0x5122, 0x5142, 0x7A25,
    0x8246, 0xCC29, 0xFE30, 0xFEB4, 0xFDCE, 0xFDCE, 0xFDEF, 0xFDEF,
    0xF5CF, 0xD3C6, 0xD323, 0xD344, 0xE3C5, 0xEC26, 0xEC06, 0xF487,
    0xFDCC, 0xDDB2, 0x730C, 0x6B0B, 0x6AEB, 0x62EB, 0x62CB, 0x62EB,
    0x62CB, 0x62CB, 0x62CB, 0x62AA, 0x5A8A, 0x5A69, 0x5A48, 0x5A48,
    0x5A48, 0x5A68, 0x6268, 0x6A89, 0x6AA9, 0x72C9, 0x7AEA, 0x832A,
    0x834B, 0x8B6B, 0x8B8B, 0x938C, 0x93AC, 0x93AC, 0x9BCC, 0x9BED,
    0x9BED, 0x9BED, 0x9BED, 0x9C0D, 0x9C0D, 0x9BED, 0x9BED, 0x9BED,
    0x9C0E, 0x9C0E, 0x9BEE, 0x9BED, 0x9BED, 0x9BCD, 0x93AD, 0x938C,
    0x8B8C, 0x8B6C, 0x832B, 0x7B0A, 0x7AEA, 0x72A9, 0x6A89, 0x6268,
    0x5A28, 0x5207, 0x49E7, 0x49E8, 0x5228, 0x5249, 0x5A69, 0x6289,
    0x69E4, 0x69E4, 0x69E4, 0x6A04, 0x6A05, 0x6A05, 0x6A05, 0x6A05,
    0x6A05, 0x6A05, 0x6A04, 0x6A04, 0x61E4, 0x61E4, 0x61E4, 0x61C4,
    0x61C3, 0x61C3, 0x61C3, 0x61C2, 0x69C3, 0x69C3, 0x71E3, 0x71E3,
    0x7203, 0x7A03, 0x7A03, 0x7A03, 0x7A03, 0x79E2, 0x79E2, 0x79E2,
    0x79E2, 0x79E2, 0x79E2, 0x7A02, 0x8223, 0x8243, 0x8A63, 0x8A63,
    0x8A64, 0x9284, 0x9284, 0x9284, 0x9284, 0x92A4, 0x9AA4, 0x9AC4,
    0x9AC5, 0x9AC5, 0x9AC5, 0x9AC5, 0x9AE5, 0xA347, 0xAB88, 0xB3C9,
    0xBC0A, 0xBC2A, 0xC44B, 0xC44B, 0xBC4B, 0xB42B, 0xE58F, 0xFF78,
    0xFDEE, 0xFD09, 0xFD09, 0xFCA8, 0xEC07, 0xDB85, 0xDBA5, 0xD364,
    0xECA8, 0xFE30, 0xFE50, 0xFE2F, 0xFE2F, 0xFD8C, 0xF509, 0xF4E8,
    0xFDEE, 0xFDCD, 0xAB26, 0x4902, 0x6183, 0x5122, 0x6163, 0x4902,
    0x40C1, 0x38A1, 0x40C1, 0x38C1, 0x30A1, 0x30A1, 0x30A1, 0x2881,
    0x2860, 0x2860, 0x2881, 0x30A1, 0x3081, 0x30A1, 0x3081, 0x2880,
    0x30A1, 0x2881, 0x30A1, 0x38C1, 0x38C1, 0x38C1, 0x3081, 0x2880,
    0x3081, 0x30A1, 0x2881, 0x30A1, 0x30A1, 0x3081, 0x3081, 0x2060,
    0x1020, 0x0000, 0x2881, 0x30A1, 0x30A1, 0x38A1, 0x40C1, 0x40E2,
    0x38C1, 0x38C1, 0x40C1, 0x38A1, 0x40E1, 0x5122, 0x4902, 0x40E2,
    0x4902, 0x4902, 0x40E2, 0x30A1, 0x2040, 0x38A1, 0x30A1, 0x40E2,
    0x40E2, 0x4902, 0x40E2, 0x40E1, 0x4902, 0x4902, 0x5143, 0x5123,
    0x5122, 0x5963, 0x6163, 0x5122, 0x5123, 0x40E2, 0x5143, 0x7A25,
    0x7205, 0xBBA8, 0xFE51, 0xFE73, 0xFDCE, 0xFDCE, 0xFE0F, 0xFE0F,
    0xF5AE, 0xDC69, 0xD323, 0xD344, 0xDB64, 0xEC06, 0xF467, 0xF446,
    0xFD2A, 0xF653, 0x7B6C, 0x6AEB, 0x62EB, 0x62CB, 0x62CB, 0x62CB,
    0x62EB, 0x62EB, 0x62CB, 0x62CA, 0x62AA, 0x5A69, 0x5A48, 0x5A48,
    0x5A48, 0x5A48, 0x6268, 0x6268, 0x6A89, 0x72C9, 0x72E9, 0x7B0A,
    0x832B, 0x8B4B, 0x8B6B, 0x8B6B, 0x938C, 0x93AC, 0x93AC, 0x9BCC,
    0x9BCC, 0x9BCD, 0x9BCD, 0x9BED, 0x9BED, 0x9BED, 0x9BED, 0x9BED,
    0x9BED, 0x9BCD, 0x9BCD, 0x9BCD, 0x93AD, 0x93AC, 0x938C, 0x8B6C,
    0x8B6B, 0x834B, 0x832B, 0x7AEA, 0x72CA, 0x6AA9, 0x6268, 0x5A48,
    0x5A27, 0x5207, 0x51E7, 0x5208, 0x5228, 0x5249, 0x5A69, 0x6289,
    0x6A04, 0x69E4, 0x69E4, 0x6A05, 0x6A05, 0x6A05, 0x6A05, 0x6A05,
    0x6A05, 0x6A05, 0x6A05, 0x6205, 0x6204, 0x61E4, 0x61E4, 0x61E4,
    0x61C3, 0x61C3, 0x61C3, 0x61C3, 0x69C3, 0x69E3, 0x71E3, 0x7203,
    0x7A03, 0x7A23, 0x7A23, 0x7A23, 0x7A03, 0x7A03, 0x7A02, 0x79E2,
    0x79E2, 0x79E2, 0x7A02, 0x7A23, 0x8243, 0x8A43, 0x8A64, 0x8A64,
    0x9284, 0x9284, 0x9284, 0x9284, 0x92A4, 0x9AA4, 0x9AC4, 0x9AC5,
    0x9AC5, 0x9AC5, 0x9AC5, 0x9AC5, 0x9AE5, 0xA347, 0xAB88, 0xB3C9,
    0xBC0A, 0xBC2A, 0xC44B, 0xC44B, 0xBC4B, 0xC44A, 0xFDEF, 0xFF58,
    0xFE0F, 0xFD09, 0xFCC9, 0xEC26, 0xDBA5, 0xE3C5, 0xE3A4, 0xF50A,
    0xFE2F, 0xFE50, 0xFE2F, 0xFE51, 0xFE0E, 0xFD8C, 0xF54A, 0xF509,
    0xF54A, 0xFDEE, 0xB367, 0x6163, 0x69A3, 0x5122, 0x5122, 0x5122,
    0x48E1, 0x40C1, 0x4902, 0x38C1, 0x38C1, 0x3081, 0x2881, 0x3081,
    0x2860, 0x3081, 0x2880, 0x30A1, 0x2880, 0x2881, 0x2881, 0x2860,
    0x3081, 0x2881, 0x3081, 0x3081, 0x38C1, 0x38C1, 0x2880, 0x2880,
    0x2880, 0x2880, 0x2881, 0x30A1, 0x3081, 0x3080, 0x2060, 0x1020,
    0x0800, 0x0000, 0x1840, 0x2880, 0x30A1, 0x38C1, 0x48E2, 0x40C1,
    0x30A1, 0x40E1, 0x40C1, 0x48E2, 0x40E2, 0x5122, 0x4902, 0x40E1,
    0x40E2, 0x48E2, 0x38A1, 0x2881, 0x3081, 0x40C1, 0x38C1, 0x40E1,
    0x4902, 0x4902, 0x40E2, 0x5122, 0x5122, 0x4902, 0x4902, 0x5123,
    0x4902, 0x5143, 0x5963, 0x4902, 0x5143, 0x4922, 0x5963, 0x71E5,
    0x7205, 0x9AC6, 0xFE10, 0xF5EF, 0xFDCE, 0xFDEE, 0xFE30, 0xFE51,
    0xF58E, 0xDC08, 0xD344, 0xD364, 0xE3A5, 0xE3C5, 0xF467, 0xFCA8,
    0xFCE8, 0xFED5, 0xA44F, 0x62AA, 0x6AEB, 0x62CB, 0x62CB, 0x62CB,
    0x62CB, 0x62EB, 0x62CB, 0x62CA, 0x62AA, 0x5A89, 0x5A68, 0x5A48,
    0x5A48, 0x5A48, 0x6268, 0x6268, 0x6A88, 0x6AA9, 0x72C9, 0x7B0A,
    0x832A, 0x834B, 0x8B6B, 0x8B6B, 0x938B, 0x93AC, 0x93AC, 0x9BAC,
    0x9BCC, 0x9BCC, 0x9BCD, 0x9BCD, 0x9BCD, 0x9BCD, 0x9BCD, 0x9BCD,
    0x9BCD, 0x93CD, 0x93AC, 0x93AC, 0x93AC, 0x938C, 0x8B6C, 0x8B6C,
    0x834B, 0x832B, 0x7B0A, 0x7AEA, 0x72A9, 0x6A88, 0x6268, 0x5A48,
    0x5A27, 0x5207, 0x5208, 0x5208, 0x5228, 0x5A49, 0x5A69, 0x6269,
    0x61E4, 0x61E4, 0x61E4, 0x61E4, 0x6A05, 0x6A05, 0x6A05, 0x6A05,
    0x6205, 0x6205, 0x6205, 0x61E4, 0x61E4, 0x61E4, 0x61E4, 0x61E4,
    0x61E4, 0x61E3, 0x61C3, 0x69C3, 0x69E3, 0x71E3, 0x7203, 0x7203,
    0x7A23, 0x7A23, 0x8223, 0x7A23, 0x7A23, 0x7A03, 0x7A03, 0x7A02,
    0x7A02, 0x7A02, 0x7A02, 0x8223, 0x8243, 0x8A64, 0x8A84, 0x9284,
    0x9284, 0x9284, 0x9284, 0x92A4, 0x92A4, 0x9AC4, 0x9AC4, 0x9AC5,
    0x9AC5, 0x9AC5, 0x9AC5, 0x9AE5, 0x9AE5, 0xA347, 0xAB88, 0xB3C9,
    0xBC0A, 0xBC2A, 0xC46B, 0xC46B, 0xBC4B, 0xDC8A, 0xFE92, 0xFF78,
    0xFDED, 0xFCC8, 0xEC68, 0xDBC5, 0xE3E5, 0xE406, 0xFDAD, 0xFE71,
    0xFE0F, 0xFE0F, 0xFE50, 0xFE0E, 0xFDCD, 0xFDAC, 0xF56B, 0xF54A,
    0xF509, 0xFD8C, 0xD449, 0x71C3, 0x6983, 0x6163, 0x4902, 0x5942,
    0x30A1, 0x38E1, 0x38C1, 0x40E1, 0x38C1, 0x3081, 0x38A1, 0x38A1,
    0x3080, 0x2860, 0x2060, 0x2880, 0x2060, 0x2860, 0x2860, 0x3081,
    0x2880, 0x2880, 0x3081, 0x2880, 0x2060, 0x38A1, 0x3081, 0x2040,
    0x2860, 0x2880, 0x2880, 0x2060, 0x2060, 0x2060, 0x1840, 0x1000,
    0x0800, 0x0000, 0x1840, 0x30A1, 0x38A1, 0x30A1, 0x38A1, 0x38A1,
    0x38C1, 0x38A1, 0x38C1, 0x40E1, 0x38C1, 0x40C1, 0x38A1, 0x38C1,
    0x40E1, 0x38A1, 0x38C1, 0x2861, 0x40C1, 0x48E2, 0x40C1, 0x40E1,
    0x5122, 0x4902, 0x40E2, 0x40E2, 0x4902, 0x40E2, 0x4902, 0x5122,
    0x5122, 0x5123, 0x5963, 0x48E2, 0x5963, 0x5143, 0x5963, 0x71E5,
    0x8225, 0xAB68, 0xFDEF, 0xF56C, 0xFDAD, 0xFDCE, 0xFE0F, 0xFE51,
    0xF5EF, 0xD3A6, 0xCB23, 0xD344, 0xDB84, 0xEC06, 0xEC26, 0xF488,
    0xFCE8, 0xFEF4, 0xDDF4, 0x6ACA, 0x62CA, 0x62CB, 0x62CB, 0x62CB,
    0x62CB, 0x62CB, 0x62EB, 0x62CB, 0x62AA, 0x6289, 0x5A69, 0x5A48,
    0x5A48, 0x5A68, 0x6268, 0x6288, 0x6AA9, 0x72C9, 0x72E9, 0x7B0A,
    0x832A, 0x834B, 0x8B6B, 0x8B6B, 0x938C, 0x93AC, 0x93AC, 0x9BAC,
    0x9BCC, 0x9BCC, 0x9BCD, 0x9BCD, 0x9BCD, 0x9BCD, 0x9BCD, 0x9BCD,
    0x9BCD, 0x93AC, 0x93AC, 0x938C, 0x938C, 0x8B8C, 0x8B6C, 0x8B6B,
    0x834B, 0x832A, 0x7AEA, 0x72C9, 0x72A9, 0x6A88, 0x6268, 0x5A48,
    0x5A28, 0x5228, 0x5228, 0x5228, 0x5249, 0x5A69, 0x5A69, 0x6269,
    0x61E4, 0x61E4, 0x61E4, 0x61E4, 0x61E4, 0x6205, 0x6205, 0x6205,
    0x61E5, 0x61E5, 0x61E5, 0x61E4, 0x61E4, 0x61E4, 0x61E4, 0x61E4,
    0x61C4, 0x61C3, 0x61C3, 0x69C3, 0x69E3, 0x71E3, 0x7203, 0x7203,
    0x7A23, 0x7A24, 0x8243, 0x8243, 0x8223, 0x7A23, 0x7A03, 0x7A02,
    0x7A02, 0x7A02, 0x8203, 0x8223, 0x8A43, 0x8A64, 0x9284, 0x9284,
    0x9284, 0x9284, 0x9284, 0x92A4, 0x9AA4, 0x9AC4, 0x9AC5, 0x9AC5,
    0x9AE5, 0x9AE5, 0x9AC5, 0x9AE5, 0x9B05, 0xA347, 0xAB88, 0xB3C9,
    0xBC0A, 0xBC2A, 0xC44B, 0xC46B, 0xBC4B, 0xED2C, 0xFF57, 0xFF15,
    0xFD09, 0xF468, 0xE407, 0xEC26, 0xF4E9, 0xFDCE, 0xFEB2, 0xFE50,
    0xFE0F, 0xFE2F, 0xFE0E, 0xFDAC, 0xFE0E, 0xFDAC, 0xFD8C, 0xF56B,
    0xF50A, 0xE487, 0xECC9, 0x9285, 0x69A4, 0x6183, 0x5122, 0x4902,
    0x38C1, 0x4902, 0x38C1, 0x40E1, 0x38A1, 0x30A1, 0x30A1, 0x30A1,
    0x2860, 0x2880, 0x2040, 0x2880, 0x2060, 0x2881, 0x2881, 0x2880,
    0x2880, 0x2060, 0x3081, 0x30A1, 0x2060, 0x3080, 0x30A1, 0x2040,
    0x2040, 0x2060, 0x2060, 0x2060, 0x2860, 0x1840, 0x1820, 0x1000,
    0x0000, 0x0000, 0x1840, 0x3081, 0x2881, 0x30A1, 0x38C1, 0x30A1,
    0x40C1, 0x38C1, 0x5122, 0x4902, 0x30A1, 0x2860, 0x30A1, 0x30A1,
    0x38A1, 0x40C1, 0x3081, 0x2881, 0x5122, 0x4902, 0x38C1, 0x40E2,
    0x48E2, 0x40C1, 0x40E1, 0x4922, 0x30A1, 0x30A1, 0x5122, 0x5122,
    0x5123, 0x5943, 0x6163, 0x4902, 0x5143, 0x69A4, 0x5963, 0x69C4,
    0x8225, 0xCC2B, 0xED2C, 0xDC27, 0xECA8, 0xFDEE, 0xFE0F, 0xFE0F,
    0xFE10, 0xD3E7, 0xC2C2, 0xDB84, 0xDB84, 0xE3C5, 0xEC06, 0xF488,
    0xFCA8, 0xFE50, 0xFEF6, 0x938C, 0x5AAA, 0x62CB, 0x62CB, 0x62CB,
    0x62CB, 0x62CB, 0x62CB, 0x62CB, 0x62AA, 0x6289, 0x5A89, 0x5A68,
    0x6268, 0x6268, 0x6289, 0x6A89, 0x6AA9, 0x72E9, 0x7B0A, 0x832A,
    0x834B, 0x8B6B, 0x8B6B, 0x938C, 0x93AC, 0x93AC, 0x9BCC, 0x9BCC,
    0x9BCC, 0x9BCD, 0x9BCD, 0x9BED, 0x9BED, 0x9BCD, 0x9BCD, 0x9BCD,
    0x9BCD, 0x9BCD, 0x93AC, 0x93AC, 0x938C, 0x938C, 0x8B8C, 0x8B6C,
    0x834B, 0x832B, 0x7B0A, 0x7AEA, 0x72A9, 0x6A89, 0x6268, 0x6248,
    0x5A48, 0x5A28, 0x5A28, 0x5A49, 0x5A49, 0x5A69, 0x6289, 0x6269,
    0x61E5, 0x61E5, 0x61E4, 0x61E4, 0x61E4, 0x61E5, 0x61E5, 0x61E5,
    0x61E5, 0x61E4, 0x61E4, 0x61E4, 0x61E4, 0x61C4, 0x61C4, 0x61C4,
    0x61C4, 0x61C3, 0x61C3, 0x61C3, 0x69C3, 0x69E3, 0x7203, 0x7A03,
    0x7A24, 0x7A24, 0x8244, 0x8244, 0x8244, 0x8223, 0x8223, 0x7A03,
    0x7A03, 0x8203, 0x8223, 0x8223, 0x8A43, 0x8A64, 0x9284, 0x9284,
    0x9284, 0x9284, 0x9284, 0x92A4, 0x9AA4, 0x9AA4, 0x9AC5, 0x9AC5,
    0x9AE5, 0x9AC5, 0x9AC5, 0x9AE5, 0x9B06, 0xA347, 0xAB88, 0xB3C9,
    0xBC0A, 0xBC2A, 0xC44B, 0xBC6C, 0xCC8B, 0xFE51, 0xFF78, 0xFED4,
    0xFD6A, 0xF466, 0xEC47, 0xFDEF, 0xFE50, 0xFE50, 0xFE92, 0xFE2F,
    0xFE30, 0xFE2F, 0xFDCD, 0xFE0E, 0xFDED, 0xFDCD, 0xFDAC, 0xF54A,
    0xECC8, 0xE466, 0xECA8, 0xC387, 0x79E4, 0x71C4, 0x5942, 0x5122,
    0x40E2, 0x40E2, 0x40C1, 0x40C1, 0x30A1, 0x3081, 0x3081, 0x2860,
    0x2860, 0x3080, 0x3080, 0x2060, 0x2860, 0x1840, 0x2060, 0x2860,
    0x2860, 0x2060, 0x2880, 0x2881, 0x2060, 0x3080, 0x3080, 0x2040,
    0x1840, 0x2060, 0x2060, 0x2860, 0x2860, 0x2040, 0x1820, 0x0800,
    0x0000, 0x0800, 0x2040, 0x2860, 0x2881, 0x38A1, 0x38C1, 0x40C1,
    0x30A1, 0x40C1, 0x40E2, 0x38C1, 0x30A1, 0x30A1, 0x30A1, 0x30A1,
    0x38C1, 0x40C1, 0x2860, 0x30A1, 0x5122, 0x38C1, 0x30A1, 0x40E2,
    0x4902, 0x38C1, 0x38A1, 0x5122, 0x40E2, 0x38C1, 0x4902, 0x5122,
    0x5122, 0x5122, 0x6163, 0x5943, 0x4102, 0x69A4, 0x61A4, 0x61A4,
    0x8A86, 0xD46B, 0xD3E7, 0xC303, 0xD363, 0xFD8C, 0xFE51, 0xFE30,
    0xFE30, 0xED2C, 0xCB23, 0xDBA4, 0xE3C5, 0xE3C5, 0xEC06, 0xF447,
    0xF467, 0xFDEE, 0xFEF6, 0x938C, 0x5AAB, 0x62CB, 0x62AB, 0x62AB,
    0x62CB, 0x62CB, 0x62CB, 0x62AA, 0x62AA, 0x628A, 0x6289, 0x6289,
    0x6289, 0x6289, 0x6A89, 0x6AA9, 0x72C9, 0x7AEA, 0x7B0A, 0x832B,
    0x8B6B, 0x8B8C, 0x93AC, 0x93AC, 0x9BCC, 0x9BCD, 0x9BED, 0x9BED,
    0x9BED, 0x9BED, 0x9BED, 0x9BED, 0x9BED, 0x9BED, 0x9BED, 0x9BED,
    0x9BED, 0x9BCD, 0x9BCD, 0x9BCD, 0x93CD, 0x93AC, 0x938C, 0x8B8C,
    0x8B6B, 0x834B, 0x832B, 0x7B0A, 0x72EA, 0x72A9, 0x6A89, 0x6268,
    0x5A48, 0x5A48, 0x5A48, 0x5A49, 0x5A69, 0x6269, 0x6289, 0x6269,
    0x59C4, 0x59C4, 0x59C4, 0x59C4, 0x59C4, 0x59C4, 0x59C4, 0x59C4,
    0x59C4, 0x59C4, 0x59C4, 0x59C4, 0x59C4, 0x59C4, 0x59C4, 0x59C4,
    0x59C3, 0x61A3, 0x61A3, 0x61C3, 0x69C3, 0x69E3, 0x71E3, 0x7203,
    0x7A23, 0x7A24, 0x8244, 0x8244, 0x8243, 0x8223, 0x8223, 0x8203,
    0x8203, 0x8223, 0x8223, 0x8243, 0x8A43, 0x8A64, 0x9284, 0x9284,
    0x9284, 0x9284, 0x9284, 0x92A4, 0x92A4, 0x9AA4, 0x9AC5, 0x9AC5,
    0x9AE5, 0x9AE5, 0x9AE5, 0x9AE5, 0x9B06, 0xA347, 0xAB88, 0xB3C9,
    0xBC0A, 0xBC2A, 0xC46B, 0xBC6B, 0xE50C, 0xFF16, 0xFF57, 0xFEF5,
    0xFE70, 0xFD4A, 0xFE71, 0xFEF4, 0xFE50, 0xFE51, 0xFE50, 0xFE2F,
    0xFE71, 0xFE30, 0xFDAD, 0xED0A, 0xF56B, 0xFDAC, 0xF54A, 0xF529,
    0xF509, 0xECE8, 0xECC8, 0xE468, 0xAAE6, 0x79C4, 0x6983, 0x5963,
    0x40C1, 0x4902, 0x40C1, 0x40C1, 0x30A1, 0x30A1, 0x2040, 0x2060,
    0x2860, 0x2860, 0x2860, 0x2040, 0x1840, 0x1840, 0x2060, 0x2060,
    0x2040, 0x2060, 0x2060, 0x2060, 0x2880, 0x30A1, 0x3080, 0x1020,
    0x1840, 0x2040, 0x2860, 0x2040, 0x2040, 0x1840, 0x1020, 0x0800,
    0x0000, 0x0800, 0x1840, 0x2060, 0x30A1, 0x38A1, 0x3081, 0x30A1,
    0x30A1, 0x38A1, 0x30A1, 0x38C1, 0x3081, 0x38A1, 0x38C1, 0x40E1,
    0x40E1, 0x38A1, 0x1840, 0x40E1, 0x40E2, 0x30A1, 0x2881, 0x38E2,
    0x4902, 0x40C1, 0x48E2, 0x5122, 0x40E2, 0x38C1, 0x38C1, 0x4902,
    0x4902, 0x38C1, 0x5122, 0x6163, 0x5123, 0x6184, 0x71E5, 0x71E5,
    0xA308, 0xCBC7, 0xBAE3, 0xB282, 0xC2C2, 0xE405, 0xFDCE, 0xFE10,
    0xFDEE, 0xFE10, 0xE448, 0xDB63, 0xE3C5, 0xE3C5, 0xEC06, 0xF468,
    0xF467, 0xFD4A, 0xFF36, 0xAC6F, 0x5A8A, 0x62CB, 0x5AAA, 0x5AAA,
    0x5AAA, 0x5AAA, 0x62AA, 0x62AA, 0x62AA, 0x6289, 0x6289, 0x6289,
    0x6289, 0x6289, 0x6AA9, 0x6AA9, 0x72EA, 0x7B0A, 0x832B, 0x834B,
    0x8B6B, 0x938C, 0x93AC, 0x9BCC, 0x9BCD, 0x9BED, 0x9BED, 0x9C0D,
    0x9C0D, 0xA40D, 0xA40D, 0xA40D, 0xA40E, 0xA40E, 0xA40E, 0xA3ED,
    0x9BED, 0x9BED, 0x9BED, 0x9BCD, 0x9BCD, 0x93CD, 0x93AC, 0x938C,
    0x8B6C, 0x8B4B, 0x834B, 0x7B0A, 0x7AEA, 0x72C9, 0x6A89, 0x6269,
    0x6268, 0x5A69, 0x5A69, 0x5A69, 0x6269, 0x628A, 0x628A, 0x6289,
    0x51A4, 0x51A4, 0x51A4, 0x51A4, 0x51C4, 0x59C4, 0x59C4, 0x59C4,
    0x59C4, 0x59C4, 0x59C4, 0x59C4, 0x59C4, 0x59C4, 0x59C4, 0x59C4,
    0x59A4, 0x59A3, 0x61A3, 0x61C3, 0x69C3, 0x69E3, 0x7203, 0x7204,
    0x7A24, 0x7A24, 0x8244, 0x8244, 0x8243, 0x8223, 0x8223, 0x8223,
    0x8202, 0x8223, 0x8223, 0x8243, 0x8A43, 0x8A64, 0x9284, 0x9284,
    0x9284, 0x9284, 0x92A4, 0x92A4, 0x9AA4, 0x9AA4, 0x9AC5, 0x9AC5,
    0x9AE5, 0x9AE5, 0x9AE5, 0x9AE5, 0x9B06, 0xA347, 0xAB88, 0xB3C9,
    0xBC09, 0xBC2A, 0xC44B, 0xC46B, 0xF5CF, 0xFF79, 0xFF16, 0xFED4,
    0xFEB2, 0xFE92, 0xFEF4, 0xFEB2, 0xFE71, 0xFE71, 0xFE2F, 0xFE51,
    0xFE30, 0xF4EA, 0xE407, 0xCB24, 0xDC27, 0xF56B, 0xF56B, 0xF54A,
    0xF52A, 0xF52A, 0xECE8, 0xE487, 0xD3E7, 0x9245, 0x6983, 0x5943,
    0x4902, 0x4902, 0x40C1, 0x3080, 0x3080, 0x38C1, 0x2880, 0x2860,
    0x2060, 0x2060, 0x2860, 0x2060, 0x2040, 0x2060, 0x2860, 0x2860,
    0x1840, 0x2040, 0x2060, 0x3080, 0x3080, 0x2880, 0x30A0, 0x1840,
    0x1840, 0x2040, 0x2860, 0x2040, 0x1840, 0x1020, 0x1000, 0x0800,
    0x0000, 0x1020, 0x1840, 0x2060, 0x2860, 0x38A1, 0x30A1, 0x30A1,
    0x30A1, 0x3081, 0x30A1, 0x30A0, 0x3080, 0x40E1, 0x40E2, 0x40C1,
    0x40C1, 0x2060, 0x2060, 0x40E1, 0x30A1, 0x30A1, 0x28A1, 0x40E2,
    0x4902, 0x4902, 0x4902, 0x40E2, 0x40E2, 0x2081, 0x38C1, 0x38C1,
    0x4902, 0x38C1, 0x4902, 0x5943, 0x6183, 0x71C4, 0x8225, 0x8266,
    0xB327, 0xBAC2, 0xBA82, 0xAA41, 0xC2C2, 0xDB62, 0xF52A, 0xFE30,
    0xFDEF, 0xFE0F, 0xF54C, 0xDBA4, 0xE3C5, 0xE3C5, 0xE3A4, 0xEC47,
    0xF447, 0xFCE9, 0xFF36, 0xD5B2, 0x62AA, 0x62CB, 0x5AAA, 0x5A8A,
    0x5A8A, 0x5A8A, 0x5A8A, 0x5A8A, 0x5A8A, 0x6289, 0x6289, 0x6289,
    0x6289, 0x6A89, 0x6AA9, 0x6AC9, 0x72EA, 0x7B0A, 0x832B, 0x8B6B,
    0x8B8C, 0x93AC, 0x93CC, 0x9BCD, 0x9BED, 0x9BED, 0x9C0D, 0xA40D,
    0xA40D, 0xA40D, 0xA40D, 0xA40E, 0xA40E, 0xA40E, 0xA40E, 0xA40E,
    0xA40E, 0xA40E, 0x9BEE, 0x9BED, 0x9BED, 0x9BCD, 0x93CD, 0x93AC,
    0x8B8C, 0x8B6C, 0x834B, 0x832B, 0x7AEA, 0x72CA, 0x6AA9, 0x6289,
    0x6289, 0x6269, 0x6269, 0x6289, 0x628A, 0x6AAA, 0x62AA, 0x6289,
    0x51A5, 0x51A5, 0x51A4, 0x51A4, 0x51A4, 0x51A4, 0x51A4, 0x51A4,
    0x59A4, 0x59C5, 0x59C5, 0x59C5, 0x59C5, 0x59C5, 0x59C5, 0x59C5,
    0x59C4, 0x59C4, 0x61C4, 0x61C4, 0x69E4, 0x6A04, 0x7204, 0x7224,
    0x7A24, 0x7A45, 0x8244, 0x8244, 0x8244, 0x8223, 0x8223, 0x8223,
    0x8223, 0x8223, 0x8223, 0x8A43, 0x8A63, 0x8A64, 0x9284, 0x9284,
    0x9284, 0x9284, 0x92A4, 0x92A4, 0x92A4, 0x9AA4, 0x9AC5, 0x9AC5,
    0x9AE5, 0x9AE5, 0x9AE5, 0x9AE5, 0xA306, 0xA347, 0xABA8, 0xB3C9,
    0xBC09, 0xBC2A, 0xBC4B, 0xDCAB, 0xFED4, 0xFF78, 0xFEF5, 0xFF16,
    0xFEB3, 0xFEB3, 0xFED3, 0xFE91, 0xFE92, 0xFE50, 0xFE2F, 0xFDAD,
    0xF4C9, 0xDBA5, 0xC2E3, 0xC2E3, 0xD3C6, 0xF54B, 0xFD8C, 0xF54B,
    0xF509, 0xECE9, 0xECC8, 0xE487, 0xE467, 0xB326, 0x71C4, 0x5963,
    0x5122, 0x40E1, 0x40C1, 0x2880, 0x38C1, 0x40C1, 0x38A1, 0x2880,
    0x2040, 0x2060, 0x2060, 0x2860, 0x2040, 0x2040, 0x2040, 0x2040,
    0x2040, 0x2060, 0x2060, 0x3080, 0x2060, 0x3080, 0x2880, 0x2040,
    0x1840, 0x2040, 0x2060, 0x2040, 0x1840, 0x1020, 0x1000, 0x0000,
    0x0000, 0x1020, 0x2040, 0x2060, 0x2860, 0x3080, 0x3080, 0x3081,
    0x3081, 0x3080, 0x38A1, 0x38A1, 0x40C1, 0x30A1, 0x30A1, 0x38A1,
    0x30A1, 0x1020, 0x30A1, 0x38C1, 0x38A1, 0x38C1, 0x38C1, 0x40C1,
    0x4902, 0x4902, 0x48E2, 0x40E1, 0x38C1, 0x2881, 0x4902, 0x40E2,
    0x40E2, 0x4902, 0x4902, 0x5943, 0x5943, 0x71C4, 0x8A66, 0xA308,
    0xBB26, 0xBAE3, 0xC2C2, 0xBAA2, 0xC2E2, 0xD343, 0xECA8, 0xFE0F,
    0xFE30, 0xFE30, 0xF5AE, 0xDBA5, 0xDB84, 0xE3E5, 0xEC27, 0xEC26,
    0xF446, 0xFD0A, 0xFF16, 0xFE94, 0x8B6C, 0x5AAA, 0x5AAA, 0x5A8A,
    0x5A8A, 0x5A8A, 0x5A8A, 0x5A8A, 0x5A69, 0x5A69, 0x5A89, 0x6289,
    0x6289, 0x6289, 0x6AA9, 0x6AA9, 0x72EA, 0x7B0A, 0x834B, 0x8B6B,
    0x8B8C, 0x93AC, 0x9BCD, 0x9BCD, 0x9BED, 0xA40D, 0xA40D, 0xA40E,
    0xA40E, 0xA40E, 0xA40E, 0xA40E, 0xA42E, 0xA40E, 0xA40E, 0xA40E,
    0xA40E, 0xA40E, 0x9C0E, 0x9BED, 0x9BED, 0x9BCD, 0x93CD, 0x93AC,
    0x938C, 0x8B6C, 0x834B, 0x832B, 0x7B0A, 0x72CA, 0x6AA9, 0x6289,
    0x6289, 0x6269, 0x6269, 0x6269, 0x628A, 0x6AAA, 0x6289, 0x6269,
    0x51C6, 0x49A5, 0x51A5, 0x51C5, 0x51C5, 0x51C5, 0x51A5, 0x51A5,
    0x59C5, 0x59E5, 0x59E6, 0x59E6, 0x5A06, 0x6206, 0x6206, 0x6206,
    0x6206, 0x6206, 0x6206, 0x6A06, 0x6A06, 0x6A26, 0x7226, 0x7246,
    0x7A46, 0x7A66, 0x8265, 0x8265, 0x8244, 0x8244, 0x8223, 0x8223,
    0x8223, 0x8223, 0x8243, 0x8A43, 0x8A64, 0x9264, 0x9284, 0x9284,
    0x9284, 0x9284, 0x92A4, 0x92A4, 0x92A4, 0x9AC4, 0x9AC5, 0x9AC5,
    0x9AE5, 0x9AE5, 0x9AE5, 0x9AE5, 0xA306, 0xA347, 0xABA8, 0xB3C9,
    0xBC09, 0xBC2A, 0xC42A, 0xED6D, 0xFF57, 0xFED4, 0xFEF5, 0xFEF5,
    0xFEB3, 0xFEF5, 0xFE91, 0xFE50, 0xFE92, 0xFE50, 0xF4E9, 0xEC46,
    0xE3E6, 0xD364, 0xBAA2, 0xCB03, 0xDBA5, 0xECA9, 0xECEA, 0xECC9,
    0xEC87, 0xED09, 0xECC8, 0xECE9, 0xE4A8, 0xDC47, 0x9AC6, 0x6183,
    0x5942, 0x5922, 0x38A1, 0x30A1, 0x38C1, 0x38C1, 0x3080, 0x2060,
    0x2860, 0x2060, 0x2040, 0x2060, 0x2060, 0x1840, 0x2040, 0x1840,
    0x2060, 0x1840, 0x2040, 0x2860, 0x2860, 0x3080, 0x2880, 0x2040,
    0x1000, 0x1820, 0x1840, 0x2040, 0x1820, 0x1020, 0x1020, 0x1000,
    0x1020, 0x1020, 0x1840, 0x1840, 0x2860, 0x38A0, 0x30A0, 0x30A1,
    0x3080, 0x30A1, 0x2880, 0x2881, 0x38C1, 0x30A1, 0x38A1, 0x3080,
    0x1840, 0x1840, 0x38C1, 0x30A1, 0x38C1, 0x30A1, 0x40C1, 0x30A1,
    0x2881, 0x40E2, 0x40E2, 0x38C1, 0x38C1, 0x2861, 0x5122, 0x40E2,
    0x4922, 0x4902, 0x5122, 0x6163, 0x69A4, 0x7A05, 0x9287, 0xB348,
    0x9A01, 0xAA62, 0xC303, 0xCB03, 0xCB03, 0xD343, 0xEC26, 0xFD8C,
    0xFE0F, 0xFE51, 0xFE0F, 0xD3A5, 0xCB03, 0xDB64, 0xEC27, 0xF467,
    0xF446, 0xFD4B, 0xFF36, 0xFE72, 0x9BAB, 0x5A8A, 0x5A8A, 0x5A6A,
    0x526A, 0x5269, 0x5269, 0x5269, 0x5A69, 0x5A69, 0x5A69, 0x6289,
    0x6289, 0x6289, 0x6AA9, 0x6AA9, 0x72CA, 0x7B0A, 0x834B, 0x8B6B,
    0x8B8C, 0x93AC, 0x9BCD, 0x9BCD, 0x9BED, 0xA40D, 0xA40E, 0xA40E,
    0xA42E, 0xA42E, 0xA42E, 0xA42E, 0xA42E, 0xA42E, 0xA40E, 0xA40E,
    0xA40E, 0xA40E, 0x9C0E, 0x9C0D, 0x9BED, 0x9BCD, 0x9BCD, 0x93AD,
    0x93AC, 0x8B8C, 0x834B, 0x832B, 0x7B0A, 0x72EA, 0x6AA9, 0x6289,
    0x6269, 0x6269, 0x5A69, 0x5A69, 0x628A, 0x62AA, 0x6289, 0x6269,
    0x49C6, 0x51C6, 0x51E6, 0x51E6, 0x5207, 0x5A07, 0x5A06, 0x5A06,
    0x5A06, 0x5A07, 0x6227, 0x6227, 0x6227, 0x6247, 0x6A47, 0x6A47,
    0x6A47, 0x6A47, 0x6A47, 0x6A47, 0x6A47, 0x6A47, 0x7267, 0x7267,
    0x7A87, 0x7A87, 0x8287, 0x8266, 0x8265, 0x8244, 0x8244, 0x8223,
    0x8223, 0x8223, 0x8243, 0x8A43, 0x8A63, 0x9284, 0x9284, 0x9284,
    0x92A4, 0x92A4, 0x92A4, 0x92A4, 0x9AA4, 0x9AC4, 0x9AC5, 0x9AE5,
    0x9AE5, 0x9AE5, 0x9AE5, 0x9B05, 0xA326, 0xA347, 0xAB88, 0xB3C9,
    0xBC09, 0xBC2A, 0xCC4A, 0xFE93, 0xFE51, 0xFD2A, 0xFE71, 0xFEF5,
    0xFEF5, 0xFEB3, 0xFE2F, 0xFE71, 0xFEB2, 0xFD4B, 0xDB84, 0xDBA5,
    0xD344, 0xBAC3, 0xC2E3, 0xD364, 0xD364, 0xDBA5, 0xC324, 0xD384,
    0xED0A, 0xF54B, 0xF50A, 0xECE9, 0xECC8, 0xECC8, 0xD407, 0x8204,
    0x6142, 0x6142, 0x48E1, 0x3080, 0x38A1, 0x38C1, 0x30A0, 0x2060,
    0x2060, 0x2040, 0x1840, 0x2060, 0x2040, 0x2040, 0x1840, 0x1840,
    0x2040, 0x1840, 0x2860, 0x2860, 0x3080, 0x3080, 0x2060, 0x1840,
    0x0800, 0x1020, 0x1020, 0x1820, 0x1820, 0x1020, 0x1000, 0x38A0,
    0x38A0, 0x1020, 0x2040, 0x2860, 0x3080, 0x3080, 0x38A0, 0x30A1,
    0x2881, 0x2860, 0x2060, 0x30A1, 0x38A1, 0x3080, 0x2880, 0x2040,
    0x0800, 0x2060, 0x3080, 0x3081, 0x38C1, 0x30A1, 0x38C1, 0x3080,
    0x1840, 0x30A1, 0x40E2, 0x40C1, 0x2860, 0x30A1, 0x40C1, 0x38C1,
    0x38C1, 0x40E2, 0x5122, 0x69A4, 0x8225, 0x8225, 0xA2E7, 0xC346,
    0x99A0, 0xA200, 0xC2E3, 0xD343, 0xD364, 0xD343, 0xE405, 0xFD8C,
    0xFDEE, 0xFE0F, 0xFE51, 0xE4A9, 0xD364, 0xDB84, 0xDB84, 0xEC26,
    0xEC26, 0xFD09, 0xFF16, 0xFE72, 0xABAA, 0x528A, 0x5A8A, 0x5269,
    0x5269, 0x5269, 0x5249, 0x5249, 0x5249, 0x5A69, 0x5A69, 0x5A69,
    0x6268, 0x6289, 0x6A89, 0x6AA9, 0x72CA, 0x7B0A, 0x832B, 0x8B6B,
    0x8B8C, 0x93AC, 0x9BCD, 0x9BED, 0x9BED, 0xA40D, 0xA40E, 0xA42E,
    0xA42E, 0xA42E, 0xA42E, 0xA42E, 0xA42E, 0xA42E, 0xA42E, 0xA40E,
    0xA40E, 0xA40E, 0xA40E, 0x9C0D, 0x9BED, 0x9BED, 0x9BCD, 0x93AD,
    0x93AC, 0x8B8C, 0x834C, 0x832B, 0x7B0A, 0x72CA, 0x6AA9, 0x6289,
    0x6269, 0x5A69, 0x5A49, 0x5A69, 0x5A69, 0x628A, 0x6269, 0x5A49,
    0x51E7, 0x5207, 0x5207, 0x5A28, 0x5A28, 0x5A48, 0x6248, 0x6248,
    0x6248, 0x6248, 0x6268, 0x6A68, 0x6A68, 0x6A68, 0x6A69, 0x6A69,
    0x6A69, 0x6A69, 0x6A69, 0x6A69, 0x7288, 0x7288, 0x7289, 0x7289,
    0x7AA8, 0x7AA8, 0x7A88, 0x8287, 0x8266, 0x8265, 0x8244, 0x8243,
    0x8223, 0x8223, 0x8243, 0x8A43, 0x8A64, 0x9284, 0x9284, 0x9284,
    0x92A4, 0x92A4, 0x9AA4, 0x9AA4, 0x9AA4, 0x9AC5, 0x9AC5, 0x9AE5,
    0x9AE5, 0x9AE5, 0xA2E5, 0xA305, 0xA326, 0xA347, 0xAB88, 0xB3C9,
    0xBC09, 0xBC09, 0xDCCB, 0xFE91, 0xFCE9, 0xFCA8, 0xFDEF, 0xFF16,
    0xFED4, 0xFE92, 0xFE71, 0xFED3, 0xFE0F, 0xE3A4, 0xCB03, 0xCB24,
    0xCAE3, 0xC2E3, 0xDB84, 0xDB64, 0xD364, 0xC2E3, 0xBA81, 0xD385,
    0xF54C, 0xF54B, 0xF52A, 0xED09, 0xECE9, 0xE4A8, 0xDC47, 0xBB66,
    0x81E3, 0x5922, 0x48E1, 0x30A0, 0x30A0, 0x38A0, 0x3080, 0x3080,
    0x3080, 0x2040, 0x2040, 0x1840, 0x2040, 0x2060, 0x2040, 0x1840,
    0x2040, 0x2040, 0x2860, 0x2060, 0x2860, 0x2040, 0x2040, 0x1840,
    0x1020, 0x1820, 0x1820, 0x1820, 0x1820, 0x1000, 0x38A0, 0x69A1,
    0x48E0, 0x2040, 0x2040, 0x2860, 0x38A1, 0x30A0, 0x3080, 0x3080,
    0x2860, 0x2860, 0x2880, 0x30A1, 0x3080, 0x2860, 0x2040, 0x1840,
    0x0800, 0x2880, 0x2060, 0x2880, 0x3081, 0x2060, 0x3081, 0x2880,
    0x2060, 0x38A1, 0x38C1, 0x40E1, 0x2060, 0x30A1, 0x40C1, 0x30A1,
    0x30A1, 0x4902, 0x40E2, 0x6184, 0x8A66, 0x8226, 0xB327, 0xC2E3,
    0xBA81, 0xB261, 0xCB03, 0xD344, 0xD364, 0xD344, 0xDBA4, 0xF54A,
    0xFE30, 0xFE30, 0xFE0F, 0xF58D, 0xE3E6, 0xE3C5, 0xE3C5, 0xDB84,
    0xEC26, 0xFD4A, 0xFEF6, 0xFEB4, 0xD44A, 0x5A69, 0x526A, 0x5269,
    0x5269, 0x5249, 0x5249, 0x5249, 0x5248, 0x5248, 0x5248, 0x5A48,
    0x5A68, 0x6268, 0x6269, 0x6A89, 0x6AC9, 0x7B0A, 0x832B, 0x836B,
    0x8B8C, 0x93AC, 0x9BCD, 0x9BCD, 0x9BED, 0xA40E, 0xA40E, 0xA42E,
    0xA42E, 0xA42E, 0xA42E, 0xAC2E, 0xAC2E, 0xA42E, 0xA42E, 0xA42E,
    0xA42E, 0xA42E, 0xA40E, 0xA40E, 0x9BED, 0x9BED, 0x9BCD, 0x93AD,
    0x93AC, 0x8B6C, 0x834C, 0x832B, 0x7B0A, 0x72CA, 0x6A89, 0x6269,
    0x5A48, 0x5A49, 0x5A49, 0x5A49, 0x5A69, 0x5A69, 0x5A49, 0x5A48,
    0x5208, 0x5228, 0x5A28, 0x5A49, 0x6269, 0x6269, 0x6269, 0x6289,
    0x6A89, 0x6A89, 0x6A89, 0x6A89, 0x6A8A, 0x6A89, 0x6AAA, 0x72AA,
    0x72AA, 0x72AA, 0x72AA, 0x72AA, 0x72AA, 0x72AA, 0x72AA, 0x72AA,
    0x7ACA, 0x7AC9, 0x7AA8, 0x7A88, 0x8287, 0x8265, 0x8244, 0x8244,
    0x8223, 0x8223, 0x8A43, 0x8A63, 0x8A64, 0x9284, 0x9284, 0x9284,
    0x92A4, 0x9AA4, 0x9AA4, 0x9AC4, 0x9AC5, 0x9AC5, 0x9AE5, 0x9AE5,
    0x9AE5, 0x9AE5, 0xA2E5, 0xA305, 0xA306, 0xA347, 0xAB88, 0xB3C9,
    0xBC0A, 0xBC09, 0xEDAE, 0xFDCD, 0xFCA8, 0xF447, 0xFDCF, 0xFF16,
    0xFED4, 0xFEB3, 0xFE71, 0xFE91, 0xEC87, 0xCB03, 0xCB44, 0xDBA5,
    0xDBA5, 0xE3C5, 0xE3C5, 0xDB84, 0xCB23, 0xB262, 0xBAA2, 0xD385,
    0xED2B, 0xF52B, 0xED0A, 0xECC8, 0xECA8, 0xE487, 0xDC46, 0xDC26,
    0xB325, 0x6962, 0x48E1, 0x48E1, 0x38C1, 0x38A0, 0x3080, 0x38A0,
    0x3080, 0x2860, 0x2060, 0x2060, 0x2060, 0x2860, 0x2860, 0x2060,
    0x2060, 0x2040, 0x1840, 0x2040, 0x2040, 0x2040, 0x2040, 0x2060,
    0x1020, 0x1840, 0x2040, 0x1840, 0x2040, 0x38C0, 0x61A1, 0x69C1,
    0x5120, 0x2860, 0x2060, 0x2860, 0x2860, 0x2880, 0x3080, 0x2860,
    0x2860, 0x2060, 0x2860, 0x2060, 0x2040, 0x2860, 0x1840, 0x1020,
    0x2060, 0x30A1, 0x2060, 0x2060, 0x3081, 0x2860, 0x3081, 0x2881,
    0x2880, 0x38C1, 0x38C1, 0x38C1, 0x3080, 0x40E1, 0x38C1, 0x38A1,
    0x38A1, 0x40E2, 0x38A1, 0x5142, 0x8225, 0x92A7, 0xB2E6, 0xBAA2,
    0xBAC2, 0xBAA2, 0xC303, 0xCB44, 0xCB23, 0xD344, 0xE3C5, 0xEC47,
    0xFDEF, 0xFE72, 0xFE30, 0xFE30, 0xECEA, 0xDBA4, 0xE3C5, 0xEBE5,
    0xF4C8, 0xFE71, 0xFF16, 0xFEF5, 0xE4AB, 0x5A69, 0x5269, 0x5A69,
    0x5249, 0x5248, 0x4A28, 0x4A28, 0x5228, 0x5228, 0x5228, 0x5228,
    0x5A48, 0x5A48, 0x6268, 0x6289, 0x6AA9, 0x72EA, 0x832B, 0x834B,
    0x8B8C, 0x93AC, 0x93CD, 0x9BED, 0x9BED, 0xA40E, 0xA40E, 0xA42E,
    0xA42E, 0xAC4E, 0xAC4E, 0xAC2E, 0xAC2E, 0xA42E, 0xA42E, 0xA42E,
    0xA42E, 0xA42E, 0xA40E, 0xA40E, 0x9BEE, 0x9BED, 0x9BCD, 0x93AD,
    0x938C, 0x8B6C, 0x834B, 0x7B2B, 0x7AEA, 0x72CA, 0x6289, 0x6268,
    0x5A48, 0x5228, 0x5228, 0x5228, 0x5249, 0x5A49, 0x5A49, 0x5A28,
    0x628A, 0x628A, 0x628A, 0x6AAA, 0x6ACB, 0x6ACB, 0x72CB, 0x72EB,
    0x72EB, 0x72EB, 0x72CB, 0x72CA, 0x72AA, 0x72CA, 0x72CA, 0x72CA,
    0x72CB, 0x72CB, 0x72CB, 0x72CB, 0x72CB, 0x72CB, 0x72CA, 0x72CA,
    0x7ACA, 0x7ACA, 0x7AA9, 0x7AA8, 0x8287, 0x8286, 0x8265, 0x8244,
    0x8223, 0x8223, 0x8243, 0x8A43, 0x8A64, 0x9284, 0x9284, 0x9284,
    0x92A4, 0x9AA4, 0x9AA4, 0x9AC4, 0x9AC5, 0x9AC5, 0x9AE5, 0x9AE5,
    0x9AE5, 0x9AE5, 0xA2E5, 0xA305, 0xA306, 0xA347, 0xAB88, 0xB3C9,
    0xB3E9, 0xC44A, 0xFE30, 0xFD4B, 0xF488, 0xEC67, 0xFE10, 0xFE51,
    0xFE92, 0xFE92, 0xFE71, 0xFDEE, 0xDBA4, 0xD344, 0xDBC6, 0xE3E5,
    0xD364, 0xD344, 0xD344, 0xD323, 0xBAA2, 0xB262, 0xBAA2, 0xD385,
    0xDC07, 0xECC9, 0xECE9, 0xECA8, 0xE487, 0xE487, 0xE447, 0xE446,
    0xDC47, 0xB305, 0x6142, 0x5101, 0x48C1, 0x3080, 0x2860, 0x2060,
    0x3080, 0x2060, 0x2060, 0x2060, 0x2860, 0x2860, 0x2060, 0x1840,
    0x1820, 0x1820, 0x1840, 0x1840, 0x1840, 0x2060, 0x2880, 0x2040,
    0x1820, 0x1840, 0x1820, 0x2860, 0x5120, 0x79E1, 0x7A02, 0x7A02,
    0x5920, 0x4080, 0x2860, 0x2860, 0x2860, 0x2860, 0x2860, 0x2860,
    0x2040, 0x2060, 0x2860, 0x2060, 0x2040, 0x2860, 0x2040, 0x0800,
    0x2040, 0x2860, 0x2860, 0x2860, 0x1840, 0x2040, 0x3080, 0x38A1,
    0x2880, 0x3080, 0x30A1, 0x2880, 0x38C1, 0x48E2, 0x38A1, 0x38E1,
    0x30A1, 0x4902, 0x4922, 0x6183, 0x9286, 0xAAE6, 0xA242, 0xB282,
    0xC2E3, 0xC2E3, 0xBAE3, 0xC2E3, 0xCB24, 0xD364, 0xDB84, 0xDBA4,
    0xECC9, 0xFE51, 0xFDEF, 0xFE51, 0xFE51, 0xF4E9, 0xEBE4, 0xFCE9,
    0xFE51, 0xFED5, 0xFEF6, 0xFED4, 0xF50B, 0x7AC9, 0x5249, 0x5A69,
    0x5249, 0x4A28, 0x4A28, 0x4A08, 0x4A28, 0x4A28, 0x5228, 0x5227,
    0x5228, 0x5A48, 0x5A48, 0x6268, 0x6AA9, 0x72EA, 0x7B2A, 0x834B,
    0x8B6C, 0x938C, 0x93CD, 0x9BCD, 0x9BED, 0x9C0D, 0xA40E, 0xA42E,
    0xA42E, 0xA42E, 0xA42E, 0xAC2E, 0xA42E, 0xA42E, 0xA42E, 0xA42E,
    0xA42E, 0xA40E, 0xA40E, 0x9C0E, 0x9BED, 0x9BED, 0x9BCD, 0x93AD,
    0x8B8C, 0x8B6C, 0x832B, 0x7B0B, 0x72EA, 0x6AA9, 0x6269, 0x5A48,
    0x5228, 0x5208, 0x4A08, 0x4A08, 0x5208, 0x5208, 0x5208, 0x5207,
    0x7B2D, 0x7B2D, 0x7B4D, 0x7B4D, 0x836D, 0x836D, 0x836D, 0x836D,
    0x834D, 0x834D, 0x832C, 0x7B0C, 0x7AEB, 0x72CB, 0x72EB, 0x72EB,
    0x72EB, 0x7AEB, 0x72EB, 0x7AEB, 0x72EB, 0x7AEB, 0x7AEB, 0x72EB,
    0x7AEB, 0x7AEB, 0x7ACA, 0x7AC9, 0x82A8, 0x8287, 0x8265, 0x8243,
    0x8223, 0x8223, 0x8243, 0x8A43, 0x8A64, 0x9284, 0x9284, 0x9284,
    0x92A4, 0x9AA4, 0x9AA4, 0x9AC4, 0x9AC4, 0x9AC5, 0x9AC5, 0xA2E5,
    0xA2E5, 0xA2E5, 0xA2E5, 0xA2E5, 0xA306, 0xA347, 0xAB88, 0xB3C9,
    0xB3C9, 0xD4EC, 0xFE50, 0xFCC9, 0xF4A8, 0xF4C9, 0xFD2B, 0xF4EA,
    0xFE71, 0xFEB2, 0xFE71, 0xFD6B, 0xDB84, 0xDBC6, 0xDBC6, 0xD364,
    0xC2E3, 0xCB24, 0xD344, 0xC2A2, 0xB282, 0xBAA2, 0xC303, 0xCB44,
    0xBAC2, 0xD406, 0xE488, 0xE488, 0xE487, 0xE466, 0xE487, 0xE487,
    0xE467, 0xDC47, 0xB325, 0x79E3, 0x50E1, 0x3060, 0x2860, 0x2860,
    0x3080, 0x2880, 0x2040, 0x2040, 0x2040, 0x1840, 0x1840, 0x1840,
    0x2840, 0x2040, 0x2060, 0x2860, 0x2860, 0x2880, 0x2860, 0x2040,
    0x2040, 0x2840, 0x30A0, 0x5961, 0x8222, 0x8222, 0x8222, 0x8222,
    0x71A0, 0x5900, 0x3880, 0x2860, 0x3080, 0x3080, 0x3060, 0x2060,
    0x2860, 0x2860, 0x2860, 0x2040, 0x2040, 0x1840, 0x0800, 0x1020,
    0x2880, 0x2040, 0x2060, 0x2060, 0x2040, 0x2860, 0x3080, 0x2880,
    0x2060, 0x2880, 0x2880, 0x2860, 0x40C1, 0x40C1, 0x38A1, 0x4102,
    0x40C1, 0x48E1, 0x5963, 0x61A4, 0xAB07, 0xA243, 0xA221, 0xB282,
    0xC2E2, 0xCB24, 0xBAE3, 0xBAC3, 0xC303, 0xCB44, 0xDB85, 0xD344,
    0xE3C5, 0xFDEE, 0xFE30, 0xFE51, 0xFE92, 0xFE71, 0xFD8C, 0xFDCD,
    0xFED4, 0xFEB4, 0xFEF6, 0xFED5, 0xFD4B, 0x9B49, 0x5249, 0x5249,
    0x5248, 0x4A28, 0x4A08, 0x4A08, 0x4A08, 0x4A07, 0x4A07, 0x5207,
    0x5227, 0x5227, 0x5A48, 0x6268, 0x6A89, 0x72C9, 0x7B0A, 0x834B,
    0x8B6B, 0x8B8C, 0x93AC, 0x93CD, 0x9BED, 0x9BED, 0x9C0D, 0xA40E,
    0xA40E, 0xA42E, 0xA42E, 0xA42E, 0xA42E, 0xA42E, 0xA42E, 0xA42E,
    0xA40E, 0xA40E, 0xA40E, 0x9BEE, 0x9BED, 0x9BCD, 0x93AD, 0x938C,
    0x8B8C, 0x8B6C, 0x832B, 0x7B0A, 0x72CA, 0x6AA9, 0x6268, 0x5227,
    0x49E7, 0x49C7, 0x41C7, 0x49C7, 0x49E7, 0x49E7, 0x49E7, 0x49E7,
    0x8BAF, 0x8BAF, 0x8BAF, 0x8BCF, 0x8BCF, 0x93CF, 0x93CF, 0x93AE,
    0x93AE, 0x8B8E, 0x8B8D, 0x834D, 0x7B2C, 0x7AEC, 0x72EC, 0x72EC,
    0x72EC, 0x7AEC, 0x7B0C, 0x72EC, 0x72EC, 0x72EC, 0x72EB, 0x72EB,
    0x7AEB, 0x7AEB, 0x7ACA, 0x7AC9, 0x7AA8, 0x7A87, 0x8265, 0x8244,
    0x8223, 0x8223, 0x8243, 0x8A43, 0x8A64, 0x9284, 0x9284, 0x9284,
    0x92A4, 0x92A4, 0x9AA4, 0x9AC4, 0x9AC4, 0x9AC5, 0x9AE5, 0xA2E5,
    0xA2E5, 0xA2E5, 0xA2E5, 0xA2E5, 0xA306, 0xAB47, 0xABA8, 0xB3C9,
    0xB3E9, 0xE58F, 0xFDCE, 0xFCA8, 0xFCE9, 0xF4A9, 0xE407, 0xF4A9,
    0xFE10, 0xFE71, 0xFE71, 0xF52A, 0xE3A4, 0xDB85, 0xDB85, 0xC303,
    0xD364, 0xDB64, 0xCB03, 0xC2C2, 0xCB03, 0xCAE3, 0xCB23, 0xBAA2,
    0xB262, 0xBAC2, 0xD385, 0xDC47, 0xE488, 0xECC8, 0xECC8, 0xECC8,
    0xE467, 0xE4A8, 0xE488, 0xCBE7, 0x79C2, 0x40C0, 0x2860, 0x3080,
    0x38A0, 0x3080, 0x2860, 0x2060, 0x2040, 0x1840, 0x2040, 0x2060,
    0x2060, 0x2860, 0x2880, 0x2860, 0x2040, 0x2060, 0x2060, 0x38A0,
    0x40A0, 0x48C0, 0x69A1, 0x79E1, 0x8222, 0x8222, 0x8A42, 0x8A22,
    0x8A42, 0x79C0, 0x6940, 0x48C0, 0x3080, 0x3080, 0x3080, 0x2060,
    0x2060, 0x2860, 0x2060, 0x2860, 0x2040, 0x1020, 0x0000, 0x1840,
    0x2860, 0x2060, 0x2060, 0x2060, 0x2060, 0x2880, 0x3080, 0x2060,
    0x2880, 0x2860, 0x2860, 0x2880, 0x38C1, 0x40E1, 0x38A1, 0x5122,
    0x48E1, 0x4901, 0x5963, 0x8A46, 0xB2C5, 0x99E1, 0xAA61, 0xBAA2,
    0xC2C2, 0xC303, 0xBAC3, 0xB282, 0xBAE3, 0xCB24, 0xDB84, 0xD344,
    0xDB84, 0xFD8C, 0xFE72, 0xFE51, 0xFE51, 0xFE72, 0xFE93, 0xFE72,
    0xFED4, 0xFEB3, 0xFEB4, 0xFF16, 0xFDAD, 0xB3C9, 0x5249, 0x5249,
    0x5228, 0x4A28, 0x4A08, 0x4A08, 0x49E7, 0x49E7, 0x49E7, 0x49E7,
    0x5207, 0x5227, 0x5A28, 0x5A48, 0x6288, 0x6AA9, 0x72EA, 0x7B2B,
    0x834B, 0x8B6C, 0x93AC, 0x93CC, 0x9BCD, 0x9BED, 0x9BED, 0xA40D,
    0xA40E, 0xA40E, 0xA40E, 0xA42E, 0xA42E, 0xA40E, 0xA40E, 0xA40E,
    0xA40E, 0xA40E, 0x9BEE, 0x9BED, 0x9BED, 0x93CD, 0x93AD, 0x8B8C,
    0x8B6C, 0x834B, 0x7B2B, 0x7AEA, 0x72C9, 0x6289, 0x5A48, 0x5207,
    0x49C7, 0x41A6, 0x3986, 0x41A6, 0x41A6, 0x41A6, 0x41C6, 0x49C6,
    0x9C30, 0x9C30, 0x9C30, 0x9C30, 0x9C30, 0x9C30, 0x9C10, 0x9C10,
    0x9BF0, 0x93EF, 0x93AF, 0x8B8E, 0x834D, 0x7B0C, 0x72EC, 0x72EC,
    0x72EC, 0x72EC, 0x72EC, 0x72EC, 0x72EC, 0x72EC, 0x72EC, 0x72EC,
    0x7AEB, 0x7AEB, 0x7ACA, 0x7AC9, 0x7AA8, 0x7A87, 0x7A65, 0x8244,
    0x8223, 0x8223, 0x8243, 0x8A43, 0x8A64, 0x9284, 0x9284, 0x9284,
    0x92A4, 0x92A4, 0x9AA4, 0x9AC4, 0x9AC4, 0x9AC5, 0x9AC5, 0x9AE5,
    0xA2E5, 0xA2E5, 0xA2E5, 0xA305, 0xA326, 0xAB47, 0xB3A8, 0xB3C9,
    0xBC09, 0xEDF0, 0xFD8C, 0xFCE9, 0xF488, 0xE407, 0xEC28, 0xEC27,
    0xF54C, 0xFEB3, 0xFE92, 0xF4E9, 0xDB84, 0xDBA5, 0xDBA5, 0xDB85,
    0xDB84, 0xCB24, 0xBAA3, 0xCB44, 0xD344, 0xCAE3, 0xCB03, 0xB261,
    0xAA41, 0xB241, 0xBAA2, 0xD3C5, 0xECC8, 0xECC8, 0xECE9, 0xECC9,
    0xE4A7, 0xE487, 0xE487, 0xDC88, 0xCBC6, 0xA2C4, 0x6961, 0x40A0,
    0x38A0, 0x3060, 0x2880, 0x2060, 0x2880, 0x3080, 0x2860, 0x3080,
    0x3080, 0x2880, 0x2040, 0x2040, 0x2040, 0x2860, 0x38A0, 0x5900,
    0x5900, 0x50E0, 0x5900, 0x6961, 0x8222, 0x8A62, 0x8A62, 0x9262,
    0x8A62, 0x8A42, 0x8A21, 0x79C1, 0x40C0, 0x30A0, 0x3080, 0x2880,
    0x2060, 0x2860, 0x2060, 0x1840, 0x1820, 0x0800, 0x0800, 0x2040,
    0x2860, 0x2060, 0x2060, 0x2060, 0x1840, 0x2060, 0x2880, 0x2060,
    0x2060, 0x2060, 0x2060, 0x3080, 0x38C1, 0x2880, 0x38A1, 0x5942,
    0x5101, 0x5922, 0x7A05, 0xAAA5, 0xA262, 0xAA41, 0xB261, 0xBAC2,
    0xBAA2, 0xC2C3, 0xBAA2, 0xBAC2, 0xC303, 0xCB03, 0xCB23, 0xCB23,
    0xDB84, 0xF56B, 0xFE72, 0xFE72, 0xFE30, 0xFE51, 0xFE92, 0xFE93,
    0xFED4, 0xFED5, 0xFED5, 0xFF16, 0xFE30, 0xD44A, 0x5A69, 0x5248,
    0x4A28, 0x4A08, 0x4A08, 0x49E7, 0x41E7, 0x41E7, 0x49E7, 0x49E7,
    0x49E7, 0x5207, 0x5227, 0x5A48, 0x6268, 0x6A89, 0x72C9, 0x7B0A,
    0x834B, 0x8B6B, 0x8B8C, 0x93AC, 0x93CD, 0x9BCD, 0x9BED, 0x9BED,
    0x9C0D, 0x9C0D, 0xA40D, 0xA40E, 0xA40E, 0x9C0E, 0x9C0E, 0xA40E,
    0xA40E, 0x9BEE, 0x9BED, 0x9BED, 0x9BCD, 0x93AD, 0x93AD, 0x8B8C,
    0x8B6C, 0x834B, 0x7B0B, 0x72EA, 0x6AA9, 0x6268, 0x5A28, 0x49E7,
    0x41A6, 0x3986, 0x3965, 0x3965, 0x3965, 0x4186, 0x4186, 0x41A6,
    0xACB3, 0xACB2, 0xAC92, 0xAC92, 0xAC92, 0xAC92, 0xAC92, 0xAC71,
    0xA451, 0xA430, 0x9BF0, 0x93AF, 0x836E, 0x7B2D, 0x730C, 0x72EC,
    0x72EC, 0x730C, 0x730C, 0x72EC, 0x72EC, 0x72EC, 0x72EC, 0x72EC,
    0x72EC, 0x72EB, 0x7ACA, 0x7AA9, 0x7A88, 0x7A87, 0x7A65, 0x7A24,
    0x8223, 0x8223, 0x8223, 0x8243, 0x8A64, 0x8A64, 0x9284, 0x9284,
    0x9284, 0x9AA4, 0x9AA4, 0x9AC4, 0x9AC5, 0x9AC5, 0x9AC5, 0x9AE5,
    0xA2E5, 0xA2E5, 0xA2E5, 0xA305, 0xA306, 0xAB67, 0xB3A8, 0xB3C9,
    0xC48B, 0xFE51, 0xFD09, 0xFCA8, 0xF488, 0xEC47, 0xEC68, 0xE3A5,
    0xF58D, 0xFE92, 0xFE30, 0xF509, 0xEBE5, 0xE3C5, 0xDBA5, 0xD364,
    0xD324, 0xDB64, 0xCB03, 0xCB24, 0xCB24, 0xCB03, 0xCB03, 0xAA21,
    0xAA21, 0xAA41, 0xAA00, 0xC323, 0xECE9, 0xED0A, 0xED0A, 0xECC8,
    0xECC8, 0xE487, 0xE488, 0xDC67, 0xDC47, 0xDC47, 0xCBA5, 0x9242,
    0x5900, 0x40C0, 0x3080, 0x3080, 0x2860, 0x3060, 0x3080, 0x3080,
    0x2860, 0x2860, 0x2860, 0x2860, 0x3880, 0x50E0, 0x6120, 0x6100,
    0x58E0, 0x58E0, 0x50C0, 0x7180, 0x9282, 0x9283, 0x9283, 0x9283,
    0x9283, 0x9283, 0x9283, 0x9262, 0x71A1, 0x38A0, 0x3080, 0x3080,
    0x2860, 0x2860, 0x2860, 0x2040, 0x2040, 0x1020, 0x1020, 0x2060,
    0x2860, 0x2860, 0x2040, 0x2060, 0x2060, 0x2860, 0x2040, 0x2040,
    0x2040, 0x2060, 0x2860, 0x2880, 0x2040, 0x2860, 0x40E1, 0x40E1,
    0x48E1, 0x81E4, 0xAAE6, 0xAA83, 0x9A21, 0xAA41, 0xC2A2, 0xBAC3,
    0xB2A3, 0xBAA2, 0xBA82, 0xBAA2, 0xC2E3, 0xCAE3, 0xB282, 0xC2C3,
    0xDB63, 0xECA8, 0xFE30, 0xFE72, 0xFE30, 0xFE51, 0xFE72, 0xFE93,
    0xFE93, 0xFEB4, 0xFEF5, 0xFF17, 0xFE93, 0xECCB, 0x6AA9, 0x4A28,
    0x5228, 0x4A08, 0x4A07, 0x49E7, 0x41E7, 0x41C7, 0x41C6, 0x41C6,
    0x49C6, 0x49E7, 0x5207, 0x5A27, 0x5A48, 0x6288, 0x6AA9, 0x72EA,
    0x7B2A, 0x834B, 0x8B6C, 0x93AC, 0x93AC, 0x9BCD, 0x9BCD, 0x9BCD,
    0x9BED, 0x9BED, 0x9BED, 0x9BED, 0x9BED, 0x9BED, 0x9BED, 0x9BED,
    0x9BED, 0x9BED, 0x9BED, 0x9BCD, 0x93CD, 0x93AD, 0x8B8C, 0x8B6C,
    0x834B, 0x832B, 0x7B0A, 0x72CA, 0x6AA9, 0x6248, 0x5207, 0x49C6,
    0x4185, 0x3145, 0x3145, 0x3145, 0x3965, 0x3965, 0x4185, 0x4185,
    0xBD14, 0xB4F4, 0xB4F3, 0xB4F3, 0xB4F3, 0xB4D3, 0xB4D3, 0xB4D3,
    0xAC92, 0xAC71, 0x9C30, 0x93EF, 0x8B8E, 0x7B4D, 0x730D, 0x730D,
    0x730D, 0x730D, 0x730D, 0x730D, 0x730D, 0x72EC, 0x72EC, 0x72EC,
    0x72EC, 0x72CB, 0x72CA, 0x72A9, 0x7A88, 0x7A67, 0x7A45, 0x7A23,
    0x7A03, 0x8223, 0x8223, 0x8243, 0x8A63, 0x8A64, 0x9284, 0x9284,
    0x9284, 0x92A4, 0x9AA4, 0x9AA4, 0x9AC5, 0x9AC5, 0x9AC5, 0x9AE5,
    0xA2E5, 0xA2E5, 0xA2E5, 0xA2E5, 0xA306, 0xA347, 0xB3A8, 0xB3C9,
    0xE54E, 0xFDEE, 0xFCC8, 0xFCE9, 0xF488, 0xEC47, 0xE3E6, 0xD364,
    0xF5EF, 0xFE92, 0xFE50, 0xFDAC, 0xF487, 0xDB84, 0xD364, 0xD364,
    0xDBA5, 0xD323, 0xBAA2, 0xCB04, 0xCB03, 0xC2C2, 0xC2C2, 0xAA21,
    0xB261, 0xA221, 0xAA41, 0xCB24, 0xECC9, 0xED0A, 0xED09, 0xECE9,
    0xECE9, 0xE4C8, 0xE4A8, 0xE488, 0xDC67, 0xD406, 0xD406, 0xB2E3,
    0x9201, 0x81A1, 0x7140, 0x6940, 0x5900, 0x48C0, 0x48C0, 0x40A0,
    0x40A0, 0x40A0, 0x50C0, 0x50E0, 0x58E0, 0x6100, 0x6100, 0x6100,
    0x6100, 0x58E0, 0x5900, 0x7180, 0x9262, 0x9AC3, 0x9AC4, 0x9AC4,
    0xA2C4, 0x9AC3, 0x9AA3, 0x9AA3, 0x9262, 0x6980, 0x40C0, 0x38A0,
    0x38A0, 0x3080, 0x2860, 0x2060, 0x1820, 0x1020, 0x2040, 0x2040,
    0x2860, 0x2860, 0x2040, 0x1840, 0x2060, 0x2860, 0x2860, 0x2860,
    0x2060, 0x2060, 0x2860, 0x2040, 0x2860, 0x38A0, 0x3080, 0x3080,
    0x71C3, 0xAAC6, 0xAA83, 0xA221, 0x9201, 0x89A0, 0xBAA2, 0xCB04,
    0xC324, 0xBAE3, 0xC2E2, 0xC2C2, 0xC2C2, 0xC2C2, 0xC2C2, 0xC2C3,
    0xD323, 0xEC47, 0xFDCE, 0xFE30, 0xF5CE, 0xF58D, 0xFE93, 0xFE93,
    0xFEB4, 0xFE30, 0xFDEF, 0xFEF6, 0xFEF5, 0xF50B, 0x7AC9, 0x5269,
    0x5A68, 0x5248, 0x5228, 0x4A07, 0x49E7, 0x49E7, 0x41C6, 0x41C6,
    0x41C6, 0x49C6, 0x51E7, 0x5227, 0x5A47, 0x6268, 0x6AA9, 0x72C9,
    0x7B0A, 0x834B, 0x8B6B, 0x938C, 0x93AC, 0x93CC, 0x93CD, 0x93CD,
    0x9BCD, 0x9BCD, 0x9BCD, 0x9BCD, 0x9BED, 0x9BED, 0x9BED, 0x9BED,
    0x9BCD, 0x9BCD, 0x93CD, 0x93CD, 0x93AC, 0x938C, 0x8B8C, 0x8B6C,
    0x832B, 0x7B0A, 0x72EA, 0x6AC9, 0x6289, 0x5A48, 0x5207, 0x41A6,
    0x3965, 0x3145, 0x3124, 0x3144, 0x3965, 0x4185, 0x4185, 0x49A5,
    0xBD34, 0xBD34, 0xBD34, 0xBD34, 0xBD14, 0xBD14, 0xBD14, 0xBD14,
    0xB4D3, 0xAC92, 0xA451, 0x9C10, 0x8BAF, 0x836E, 0x732D, 0x730C,
    0x730D, 0x730D, 0x730D, 0x730D, 0x72EC, 0x72EC, 0x6ACC, 0x6ACC,
    0x72CB, 0x72AB, 0x72AA, 0x7289, 0x7A67, 0x7A46, 0x7A45, 0x7A23,
    0x7A03, 0x7A03, 0x8223, 0x8223, 0x8243, 0x8A64, 0x8A64, 0x9284,
    0x9284, 0x92A4, 0x9AA4, 0x9AA4, 0x9AC5, 0x9AC5, 0x9AC5, 0xA2E5,
    0x9AE5, 0x9AE5, 0x9AE5, 0x9AE5, 0xA306, 0xAB67, 0xB3C9, 0xBBE9,
    0xED4D, 0xFD8C, 0xFCE9, 0xF488, 0xEC06, 0xE406, 0xDB85, 0xE448,
    0xFE92, 0xFE72, 0xFE2F, 0xFE0D, 0xEC67, 0xD344, 0xDBA5, 0xDB64,
    0xD364, 0xD323, 0xD343, 0xC303, 0xC2E3, 0xBAA2, 0xB282, 0xAA41,
    0xB282, 0xB282, 0xBAA2, 0xCB44, 0xCB44, 0xE4A8, 0xED09, 0xED09,
    0xECE9, 0xE487, 0xE4A7, 0xE467, 0xDC26, 0xDC26, 0xD3E5, 0xAAC2,
    0xA221, 0x9A01, 0x91C0, 0x9A00, 0x89A0, 0x8180, 0x6920, 0x6920,
    0x6120, 0x6120, 0x6920, 0x6100, 0x6100, 0x6100, 0x60E0, 0x6100,
    0x6100, 0x58E0, 0x6100, 0x6120, 0x8A22, 0xA2C3, 0xA2E4, 0xA2E4,
    0xA2E4, 0xA2E4, 0xA2E4, 0x9AC3, 0x9A82, 0x9262, 0x79C1, 0x50E0,
    0x38A0, 0x3080, 0x2860, 0x2040, 0x1820, 0x1840, 0x2880, 0x2860,
    0x2880, 0x2860, 0x2860, 0x2060, 0x2860, 0x2060, 0x2040, 0x2860,
    0x2860, 0x2860, 0x2860, 0x2860, 0x3080, 0x3080, 0x38A0, 0x71A3,
    0x9A64, 0x9A22, 0xA221, 0xA221, 0x9A01, 0x91C0, 0xA201, 0xBAC3,
    0xCB24, 0xC2E3, 0xC2E3, 0xCB03, 0xC303, 0xCB03, 0xCB23, 0xD364,
    0xDB63, 0xECA8, 0xFE0F, 0xFE30, 0xFE10, 0xECEA, 0xFE51, 0xFEB4,
    0xFE72, 0xFDF0, 0xF4C9, 0xFE31, 0xFF16, 0xFDCE, 0x9B49, 0x62CA,
    0x6AC9, 0x62A9, 0x6289, 0x5A69, 0x5A48, 0x5227, 0x5207, 0x5207,
    0x5207, 0x5227, 0x5A27, 0x5A68, 0x6288, 0x72C9, 0x72EA, 0x7B0A,
    0x834B, 0x8B6B, 0x8B8C, 0x93AC, 0x9BCD, 0x9BED, 0x9BED, 0x9BED,
    0x9BED, 0x9BED, 0x9BCD, 0x9BED, 0x9BED, 0x9BED, 0x9BED, 0x9BED,
    0x9BCD, 0x93CD, 0x93AD, 0x93AC, 0x93AC, 0x938C, 0x8B8C, 0x8B6C,
    0x834B, 0x7B0A, 0x7AEA, 0x72C9, 0x6A89, 0x6268, 0x5A27, 0x51E6,
    0x41A6, 0x4185, 0x3965, 0x4185, 0x41A6, 0x49C6, 0x49C6, 0x51C6,
    0xC535, 0xBD35, 0xBD34, 0xBD34, 0xC535, 0xC535, 0xC535, 0xBD34,
    0xBCF4, 0xB4B2, 0xA451, 0x9C10, 0x93AF, 0x836E, 0x730D, 0x72EC,
    0x72EC, 0x72EC, 0x72EC, 0x72EC, 0x72CC, 0x72CC, 0x6ACC, 0x6ACB,
    0x6AAB, 0x72AA, 0x728A, 0x7288, 0x7A67, 0x7A46, 0x7A24, 0x7A03,
    0x7A02, 0x7A03, 0x7A03, 0x8223, 0x8243, 0x8A64, 0x8A64, 0x9264,
    0x9284, 0x92A4, 0x92A4, 0x9AA4, 0x9AC5, 0x9AC5, 0x9AC5, 0xA2E5,
    0x9AE5, 0x9AE5, 0x9AE5, 0xA2E5, 0xA306, 0xAB67, 0xB3A8, 0xBC09,
    0xF58D, 0xFD2A, 0xFCA9, 0xEC27, 0xF468, 0xE407, 0xE407, 0xECA9,
    0xFE10, 0xFE30, 0xFE30, 0xFE2E, 0xEC67, 0xE3C6, 0xDBA5, 0xD344,
    0xCAE3, 0xC2E3, 0xCB03, 0xC2C2, 0xC2C2, 0xA221, 0xB261, 0xBAA2,
    0xB282, 0xC2C2, 0xC2C2, 0xBAA2, 0xC2E3, 0xECE9, 0xED2A, 0xED09,
    0xE4A7, 0xE487, 0xE4A7, 0xE467, 0xE467, 0xE467, 0xD406, 0xC364,
    0xA220, 0x91C0, 0x91C0, 0x91C0, 0x89A0, 0x8180, 0x7120, 0x6920,
    0x6920, 0x6920, 0x7140, 0x7140, 0x7140, 0x6900, 0x6100, 0x60E0,
    0x60E0, 0x6100, 0x6100, 0x6920, 0x81A0, 0x9222, 0xAB04, 0xA2E4,
    0xAB04, 0xAB24, 0xAB04, 0xA2E4, 0x9AA3, 0x9AA3, 0x9AA3, 0x81E0,
    0x6940, 0x50E0, 0x38A0, 0x3880, 0x2060, 0x2860, 0x3080, 0x3080,
    0x2860, 0x2860, 0x2860, 0x2860, 0x2860, 0x2860, 0x2060, 0x3080,
    0x3080, 0x3080, 0x3080, 0x2860, 0x2860, 0x40A0, 0x79C3, 0xAA84,
    0xAA62, 0x91E0, 0x99E0, 0xA200, 0x9A00, 0x8160, 0x8180, 0xAA61,
    0xCB02, 0xC2E2, 0xC2C2, 0xBAA2, 0xBAC3, 0xCB24, 0xD364, 0xDB85,
    0xE3C4, 0xF52A, 0xFE0F, 0xFE30, 0xFEB4, 0xF5AD, 0xFD6C, 0xFDEF,
    0xF54C, 0xFD6D, 0xF4EA, 0xFD2A, 0xFEB4, 0xFED4, 0xBC4C, 0x7B4B,
    0x7B4B, 0x7B2B, 0x7B2B, 0x730A, 0x72EA, 0x6AC9, 0x6AC9, 0x6AA9,
    0x6AA9, 0x6AA9, 0x6AC9, 0x72C9, 0x730A, 0x7B2A, 0x834B, 0x8B6B,
    0x938C, 0x93AC, 0x9BED, 0x9BED, 0xA40D, 0xA42E, 0xA42E, 0xA42E,
    0xA42E, 0xA42E, 0xA42E, 0xA42E, 0xA42E, 0xA42E, 0xA42E, 0xA42E,
    0xA42E, 0xA40E, 0x9C0D, 0x9BED, 0x9BED, 0x9BED, 0x93CD, 0x93AC,
    0x8B8C, 0x8B6C, 0x834B, 0x832A, 0x7B0A, 0x72C9, 0x6A89, 0x6268,
    0x5A47, 0x5A27, 0x5A27, 0x5A27, 0x5A47, 0x6247, 0x6247, 0x6247,
    0xBD14, 0xBD14, 0xBD14, 0xBD14, 0xBD14, 0xC534, 0xC534, 0xBD14,
    0xBCD3, 0xAC92, 0xA431, 0x9BEF, 0x93AE, 0x836D, 0x7B0C, 0x72CB,
    0x72CB, 0x72CB, 0x72EC, 0x7ACC, 0x7ACB, 0x7ACB, 0x72CB, 0x72CB,
    0x72AB, 0x72AA, 0x7A89, 0x7A88, 0x7A67, 0x7A45, 0x7A24, 0x7A03,
    0x79E2, 0x79E2, 0x7A02, 0x7A03, 0x8223, 0x8243, 0x8A63, 0x8A64,
    0x9284, 0x9284, 0x92A4, 0x92A4, 0x9AA4, 0x9AC5, 0x9AC5, 0x9AE5,
    0x9AE5, 0x9AE5, 0x9AE5, 0xA2E5, 0xA306, 0xAB47, 0xAB88, 0xCC4A,
    0xFDAC, 0xF488, 0xF468, 0xF488, 0xF488, 0xE407, 0xEC07, 0xE406,
    0xFDEF, 0xFE51, 0xFE50, 0xFE0E, 0xF488, 0xE3A5, 0xD343, 0xBA82,
    0xC2C2, 0xC2C2, 0xC2C2, 0xCAC2, 0xC2A2, 0xB261, 0xC2E2, 0xBAC3,
    0xB282, 0xC2C2, 0xBAA2, 0xBAA2, 0xD385, 0xECE9, 0xED09, 0xECE9,
    0xECC8, 0xECC8, 0xECC8, 0xE487, 0xE4A8, 0xE488, 0xDC88, 0xCB84,
    0xA200, 0x99E0, 0x91A0, 0x91A0, 0x91C0, 0x8980, 0x7140, 0x7160,
    0x7120, 0x7120, 0x7940, 0x7120, 0x7120, 0x7120, 0x6920, 0x58C0,
    0x58E0, 0x6900, 0x6920, 0x7960, 0x7960, 0x81E1, 0xAB04, 0xAB04,
    0xAB25, 0xAB25, 0xAB24, 0xAB04, 0xA304, 0xA2E3, 0xA2C3, 0x9AA2,
    0x89E0, 0x6920, 0x58E0, 0x58E0, 0x40A0, 0x2840, 0x2860, 0x3060,
    0x2860, 0x3060, 0x2860, 0x2860, 0x2860, 0x2860, 0x3080, 0x2860,
    0x3080, 0x3080, 0x3060, 0x3080, 0x5101, 0x81C2, 0xAA63, 0xA221,
    0xA221, 0x9A01, 0x91A0, 0x91C0, 0xA221, 0x91A0, 0x91C0, 0xAA21,
    0xAA41, 0xC2E2, 0xBA82, 0xAA41, 0xAA62, 0xBAC2, 0xD344, 0xDB84,
    0xDBA4, 0xF54C, 0xFE51, 0xFE0F, 0xFE73, 0xF5AE, 0xF509, 0xF4EA,
    0xEC27, 0xEC68, 0xF4CA, 0xFCA8, 0xFDEF, 0xFF58, 0xDD91, 0x93CC,
    0x93CD, 0x8BAC, 0x8BAC, 0x8B8C, 0x8B8C, 0x8B8B, 0x836B, 0x836B,
    0x834B, 0x834B, 0x834B, 0x834B, 0x8B6B, 0x8B8B, 0x93AC, 0x9BCC,
    0x9BED, 0xA40D, 0xA42D, 0xAC4E, 0xAC4E, 0xAC6E, 0xAC6E, 0xB48F,
    0xB48F, 0xB48F, 0xB48F, 0xB48F, 0xB46F, 0xB46F, 0xB46F, 0xB46F,
    0xB46F, 0xAC6F, 0xAC6E, 0xAC4E, 0xA44E, 0xA42E, 0xA42E, 0xA40D,
    0x9BED, 0x9BCD, 0x93CC, 0x93AC, 0x8B6B, 0x834B, 0x7B0A, 0x7AEA,
    0x7AE9, 0x7AE9, 0x7AE9, 0x7AE9, 0x7AE9, 0x7AE9, 0x7AE9, 0x7AE9,
    0xBCF2, 0xBCF2, 0xBCD2, 0xBCD2, 0xBCF2, 0xBCF3, 0xC4F3, 0xBCF2,
    0xBCB2, 0xB471, 0xA410, 0x9BCF, 0x938E, 0x8B4D, 0x830B, 0x7AEB,
    0x7AEB, 0x82EB, 0x82EB, 0x82EB, 0x82EB, 0x82CA, 0x82CA, 0x7ACA,
    0x7AAA, 0x7AA9, 0x82A8, 0x8288, 0x8266, 0x8245, 0x7A24, 0x7A02,
    0x79E2, 0x79E2, 0x79E2, 0x7A03, 0x8223, 0x8223, 0x8243, 0x8A64,
    0x9264, 0x9284, 0x9284, 0x92A4, 0x9AA5, 0x9AC5, 0x9AC5, 0x9AC5,
    0x9AE5, 0xA2E5, 0xA2E5, 0xA2E5, 0xA306, 0xAB47, 0xAB88, 0xD48A,
    0xFD8C, 0xF488, 0xFCE9, 0xF4A8, 0xE407, 0xE427, 0xEC07, 0xD385,
    0xFDCE, 0xFE92, 0xFE50, 0xFDED, 0xEC26, 0xD343, 0xCB03, 0xC2C3,
    0xCB23, 0xD323, 0xC2C2, 0xCB03, 0xC2E3, 0xC303, 0xCB03, 0xB261,
    0xB282, 0xBAC2, 0xBAA2, 0xCB23, 0xE427, 0xE4A9, 0xECC8, 0xECE9,
    0xECA7, 0xECC8, 0xE4A7, 0xE4A8, 0xE4E9, 0xE4C9, 0xE4A9, 0xCB84,
    0xA221, 0x99E0, 0x91A0, 0x91C0, 0x99E0, 0x8980, 0x7140, 0x7960,
    0x7140, 0x7940, 0x7960, 0x7140, 0x7140, 0x7140, 0x6920, 0x60E0,
    0x6900, 0x6900, 0x7120, 0x8180, 0x7140, 0x79A0, 0x9A83, 0xAB04,
    0xB345, 0xB345, 0xAB25, 0xAB04, 0xB324, 0xAB24, 0xAB04, 0xAB04,
    0x9A62, 0x7980, 0x7140, 0x7140, 0x81C0, 0x5920, 0x3880, 0x3060,
    0x2860, 0x2860, 0x3080, 0x3080, 0x3060, 0x3060, 0x2860, 0x2860,
    0x2860, 0x38A0, 0x5901, 0x81C2, 0x9A43, 0x9202, 0x91E1, 0x9A21,
    0x9A21, 0x99E0, 0x99E0, 0x89A0, 0x9A01, 0xA201, 0xAA21, 0xBAA2,
    0xAA41, 0xB282, 0xBAC2, 0xBAA2, 0xC2E3, 0xC2E3, 0xC2E3, 0xCB24,
    0xDB84, 0xF54B, 0xFE71, 0xFE51, 0xFE72, 0xED2C, 0xEC46, 0xE447,
    0xDBA5, 0xE3E5, 0xF488, 0xF4A8, 0xFD4B, 0xFF58, 0xE5D2, 0xA42D,
    0xA42E, 0x9C2E, 0x9C0D, 0x9C0D, 0x9C0D, 0x9C0D, 0x9C0D, 0x9BED,
    0x9BEC, 0x9BEC, 0x9BEC, 0x9BEC, 0x9BED, 0x9BED, 0xA40D, 0xA42D,
    0xAC4E, 0xAC4E, 0xB46E, 0xB48F, 0xB4AF, 0xBCAF, 0xBCAF, 0xBCCF,
    0xBCCF, 0xBCCF, 0xBCD0, 0xBCD0, 0xBCD0, 0xBCCF, 0xBCAF, 0xBCCF,
    0xBCCF, 0xBCAF, 0xB4AF, 0xB48F, 0xB48F, 0xB48F, 0xAC6E, 0xAC6E,
    0xAC4E, 0xA42D, 0xA40D, 0x9BED, 0x9BCC, 0x93AC, 0x938C, 0x8B8B,
    0x938B, 0x938B, 0x938B, 0x938B, 0x938B, 0x938B, 0x936B, 0x936B,
    0xC4B1, 0xBCB0, 0xBC90, 0xBC90, 0xBC90, 0xBC91, 0xBCB1, 0xBCB1,
    0xBC70, 0xB42F, 0xABEE, 0xA3AD, 0x9B8D, 0x934C, 0x8B0A, 0x8AEA,
    0x8AEA, 0x8AEA, 0x8AEA, 0x8AEA, 0x8AEA, 0x8AE9, 0x8AC9, 0x8AC9,
    0x8AC9, 0x8AC8, 0x8AA8, 0x8AA7, 0x8A66, 0x8245, 0x8223, 0x7A02,
    0x79E2, 0x79E2, 0x71E2, 0x79E2, 0x7A03, 0x8223, 0x8243, 0x8A43,
    0x8A64, 0x9264, 0x9284, 0x92A4, 0x9AA4, 0x9AC5, 0x9AC5, 0x9AC5,
    0x9AE5, 0x9AE5, 0xA2E5, 0xA2E5, 0xA306, 0xAB47, 0xAB88, 0xDD0C,
    0xFD4B, 0xF488, 0xFCC9, 0xF468, 0xE3E7, 0xEC48, 0xD344, 0xDBE6,
    0xFE2F, 0xFE71, 0xFE30, 0xFE2F, 0xEC46, 0xDB64, 0xCB24, 0xD324,
    0xD344, 0xC2E3, 0xC303, 0xCB44, 0xCB44, 0xC2E3, 0xC2A2, 0xB261,
    0xC2E3, 0xBAC3, 0xC2E3, 0xD3A5, 0xCBA6, 0xD3E6, 0xECA8, 0xECC8,
    0xECC8, 0xED09, 0xECA8, 0xED0A, 0xECC9, 0xE4C9, 0xE488, 0xCB85,
    0xAA41, 0x99E1, 0x9A00, 0x91E0, 0x91E0, 0x89A0, 0x8160, 0x8180,
    0x7940, 0x8180, 0x8180, 0x7940, 0x7140, 0x7140, 0x6900, 0x6920,
    0x6920, 0x6900, 0x7120, 0x7960, 0x6920, 0x7120, 0x89C0, 0x9A62,
    0xBB86, 0xB345, 0xB345, 0xB345, 0xB365, 0xB344, 0xB345, 0xAB24,
    0xAB04, 0xA2A2, 0x9A61, 0xA281, 0xAB04, 0xA2E4, 0x8A42, 0x71A1,
    0x48E0, 0x40C0, 0x40A0, 0x40A0, 0x40C0, 0x40A0, 0x40C0, 0x5920,
    0x79C2, 0x79A1, 0x9A01, 0xA241, 0xA241, 0x9A21, 0x9A01, 0x99E1,
    0x89C1, 0x91C0, 0xA221, 0x89A0, 0x99E0, 0xA201, 0xB241, 0xBA82,
    0xBAA3, 0xAA42, 0xBAA2, 0xC2E2, 0xCB23, 0xD364, 0xC303, 0xC2E3,
    0xD383, 0xF56B, 0xFE30, 0xFE30, 0xFE72, 0xED4D, 0xDBA5, 0xDBA5,
    0xDBC5, 0xDB84, 0xEC47, 0xF488, 0xFD09, 0xFF36, 0xE613, 0xAC6E,
    0xAC8F, 0xB48F, 0xAC8F, 0xAC8F, 0xAC8F, 0xAC8F, 0xB48E, 0xAC6E,
    0xAC6E, 0xAC6E, 0xAC6E, 0xAC6E, 0xAC6E, 0xAC6E, 0xB46E, 0xB48E,
    0xB48F, 0xBCAF, 0xBCCF, 0xBCCF, 0xBCF0, 0xC4F0, 0xC4F0, 0xC510,
    0xC510, 0xC510, 0xC510, 0xC510, 0xC510, 0xC510, 0xC510, 0xC4F0,
    0xC4F0, 0xC4F0, 0xC4F0, 0xBCD0, 0xBCD0, 0xBCCF, 0xBCCF, 0xBCAF,
    0xB48F, 0xB46E, 0xAC4E, 0xAC4D, 0xAC2D, 0xA42D, 0xA40D, 0xA40D,
    0xA40D, 0xA40D, 0xA40D, 0xA40D, 0xA40C, 0xA40C, 0xA3EC, 0xA3EC,
    0xC44E, 0xC44E, 0xC44E, 0xBC4E, 0xBC4E, 0xBC4E, 0xBC4E, 0xBC4F,
    0xBC2E, 0xB3ED, 0xABCD, 0xABAC, 0xA36B, 0x9B2A, 0x9B09, 0x92E9,
    0x92E9, 0x9AE9, 0x9B09, 0x9B09, 0x9B09, 0x9AE9, 0x9AE8, 0x92C8,
    0x92C8, 0x92C8, 0x9AC7, 0x92A6, 0x9285, 0x8A64, 0x8223, 0x8203,
    0x79E2, 0x71E2, 0x71C2, 0x71E2, 0x7A03, 0x7A23, 0x8223, 0x8243,
    0x8A64, 0x9264, 0x9284, 0x9284, 0x9AA4, 0x9AC5, 0x9AC5, 0x9AC5,
    0x9AC5, 0x9AE5, 0x9AE5, 0xA2E5, 0xA306, 0xAB47, 0xB3A8, 0xF5AE,
    0xFD8C, 0xFCC9, 0xFCC9, 0xF468, 0xE3E7, 0xE3C6, 0xC2C2, 0xD3A5,
    0xFE0F, 0xFE50, 0xFE50, 0xFDCD, 0xEC05, 0xDB84, 0xCB24, 0xC2E3,
    0xD344, 0xC303, 0xC303, 0xC2E3, 0xBAC3, 0xBA82, 0xBA61, 0xCAC2,
    0xD323, 0xBAC2, 0xBAC2, 0xB282, 0xB241, 0xD3A5, 0xECE9, 0xED09,
    0xED2A, 0xED2A, 0xECE9, 0xECE9, 0xE4A8, 0xECE9, 0xE447, 0xC302,
    0xAA41, 0xA221, 0xA221, 0x99E0, 0x99E0, 0x91A0, 0x91A0, 0x8180,
    0x7960, 0x8180, 0x7960, 0x7940, 0x7140, 0x7120, 0x7940, 0x7120,
    0x6900, 0x7140, 0x7120, 0x7940, 0x7120, 0x6920, 0x7940, 0x9200,
    0xBB64, 0xBB65, 0xBB85, 0xBB65, 0xBB85, 0xB345, 0xB365, 0xB345,
    0xAB25, 0xAB24, 0xB324, 0xB344, 0xBB85, 0xB365, 0xBB65, 0xBB65,
    0xA2C3, 0xAB04, 0xA2C3, 0xA283, 0x9A83, 0xAB05, 0xB345, 0xC3A6,
    0xBB24, 0x91E0, 0x91C0, 0x99E0, 0x9A00, 0xA200, 0xA221, 0x9A01,
    0x8180, 0x89A0, 0xA221, 0xA200, 0xA200, 0xB241, 0xB261, 0xAA21,
    0xBAA2, 0xBAA3, 0xBAC2, 0xCB03, 0xC2E2, 0xCB03, 0xC2E3, 0xC2E2,
    0xE405, 0xFDAC, 0xFE0F, 0xFDEF, 0xF5CF, 0xED0B, 0xE406, 0xE3E6,
    0xE3C5, 0xDB84, 0xE406, 0xEC46, 0xFCC8, 0xFED3, 0xF695, 0xBCF0,
    0xBCF0, 0xBCF0, 0xBCF0, 0xBCF0, 0xBCF0, 0xBCF0, 0xBCEF, 0xBCCF,
    0xBCCF, 0xBCCF, 0xBCCF, 0xBCCF, 0xBCCF, 0xBCCF, 0xBCCF, 0xC4EF,
    0xC4F0, 0xC510, 0xC510, 0xC510, 0xCD30, 0xCD30, 0xCD31, 0xCD51,
    0xCD51, 0xCD51, 0xCD51, 0xCD51, 0xCD51, 0xCD51, 0xCD31, 0xCD31,
    0xCD31, 0xCD31, 0xCD31, 0xCD30, 0xC530, 0xC510, 0xC510, 0xC510,
    0xC4F0, 0xBCCF, 0xBCCF, 0xBCAF, 0xBCAF, 0xB48F, 0xB48E, 0xB48E,
    0xB48E, 0xB48E, 0xB48E, 0xB48E, 0xB46E, 0xB46E, 0xB46E, 0xB46E,
    0xC40C, 0xC40C, 0xC40C, 0xC40C, 0xC40C, 0xBC0C, 0xBC0C, 0xBC0C,
    0xBBEC, 0xBBCB, 0xB3AB, 0xB36A, 0xAB49, 0xA328, 0xA308, 0xA308,
    0xA308, 0xA308, 0xA308, 0xA308, 0xA308, 0xA307, 0xA2E7, 0xA2E7,
    0xA2E7, 0xA2E7, 0xA2E6, 0x9AC5, 0x9A84, 0x9264, 0x8A43, 0x8203,
    0x79E2, 0x71C2, 0x71C2, 0x71C2, 0x71E3, 0x7A03, 0x8223, 0x8243,
    0x8A64, 0x8A64, 0x9284, 0x9284, 0x92A4, 0x9AA4, 0x9AC5, 0x9AC5,
    0x9AC5, 0x9AC5, 0xA2E5, 0x9AE5, 0xA305, 0xA347, 0xBBA7, 0xFE0F,
    0xFD8C, 0xFCC9, 0xF488, 0xEC27, 0xDBA6, 0xE3C6, 0xD344, 0xEC68,
    0xFE0F, 0xFE0F, 0xFDEE, 0xFD8B, 0xF487, 0xDB84, 0xD364, 0xC2E3,
    0xC303, 0xCB03, 0xBAA2, 0xB282, 0xB282, 0xBAA2, 0xC2E3, 0xCB03,
    0xC2A2, 0xBAA2, 0xB261, 0xAA21, 0xB261, 0xD3A6, 0xED0A, 0xECE9,
    0xED09, 0xECE9, 0xECC9, 0xECE9, 0xECC8, 0xECC8, 0xE446, 0xCB43,
    0xB281, 0xAA41, 0xA201, 0x99E0, 0x99E0, 0xA221, 0x91C0, 0x89A0,
    0x8980, 0x8180, 0x7960, 0x7960, 0x7940, 0x7960, 0x7960, 0x7120,
    0x7940, 0x7120, 0x6920, 0x6920, 0x7120, 0x7120, 0x7140, 0x89C0,
    0xBB65, 0xBB85, 0xC3A6, 0xBB85, 0xBB85, 0xB345, 0xBBA6, 0xBB65,
    0xB365, 0xB344, 0xB365, 0xBB85, 0xBB85, 0xBBA6, 0xBB65, 0xBBA6,
    0xBB85, 0xC385, 0xCBC6, 0xC385, 0xC3A6, 0xCC07, 0xD448, 0xDC68,
    0xB2C3, 0x89A0, 0x91C0, 0x91C0, 0x91C0, 0x99E0, 0xA201, 0xA221,
    0x91C0, 0x91C0, 0xA221, 0xBAA2, 0xAA41, 0xB261, 0xB261, 0xBA82,
    0xBAC3, 0xB2A2, 0xBAC2, 0xCB23, 0xCB23, 0xCB23, 0xCB43, 0xD363,
    0xF4A8, 0xFDAD, 0xFDCE, 0xFE10, 0xFE51, 0xE4CA, 0xDBA5, 0xEC06,
    0xE3C5, 0xDBC5, 0xEC26, 0xEC05, 0xF487, 0xFE71, 0xFED6, 0xCD51,
    0xCD51, 0xCD51, 0xCD31, 0xCD30, 0xCD30, 0xCD30, 0xCD30, 0xCD30,
    0xCD30, 0xCD30, 0xCD31, 0xCD30, 0xCD31, 0xCD51, 0xCD51, 0xCD51,
    0xCD51, 0xD551, 0xD551, 0xD571, 0xD571, 0xD571, 0xD571, 0xD571,
    0xD571, 0xD592, 0xD592, 0xD592, 0xD571, 0xD571, 0xD571, 0xD571,
    0xD571, 0xD571, 0xD571, 0xD571, 0xD571, 0xCD51, 0xCD51, 0xCD51,
    0xCD31, 0xCD31, 0xCD30, 0xC510, 0xC510, 0xC510, 0xC4F0, 0xC4EF,
    0xC4EF, 0xC4CF, 0xC4EF, 0xC4CF, 0xC4CF, 0xC4CF, 0xC4CF, 0xC4CF,
    0xBBC9, 0xC3C9, 0xC3C9, 0xC3C9, 0xC3C9, 0xC3C9, 0xC3C9, 0xC3A9,
    0xC3C9, 0xBBA9, 0xBB88, 0xB368, 0xB347, 0xB347, 0xB327, 0xB326,
    0xB327, 0xB326, 0xB326, 0xB326, 0xB326, 0xB326, 0xB326, 0xB306,
    0xB306, 0xAB05, 0xAAE5, 0xA2C5, 0x9AA4, 0x9284, 0x8A43, 0x8203,
    0x79E2, 0x71C2, 0x69A2, 0x71C2, 0x71E3, 0x7A03, 0x7A23, 0x8243,
    0x8A43, 0x8A64, 0x9284, 0x9284, 0x92A4, 0x9AA5, 0x9AC5, 0x9AC5,
    0x9AC5, 0x9AC5, 0xA2E5, 0x9AE5, 0xA306, 0xA347, 0xC3E8, 0xFE71,
    0xFD2B, 0xFCC9, 0xF4A9, 0xDBC6, 0xDBA5, 0xDB85, 0xCB44, 0xD385,
    0xF58D, 0xFE2F, 0xFDEE, 0xFE2F, 0xF54B, 0xE3C5, 0xD384, 0xC2E3,
    0xC2C3, 0xC2E3, 0xBA82, 0xBAC2, 0xC303, 0xC2E3, 0xBAC3, 0xBAA2,
    0xBAC2, 0xCAE2, 0xBA81, 0xC2C2, 0xBAC2, 0xCB84, 0xE4A8, 0xECC8,
    0xED09, 0xED09, 0xED0A, 0xECE9, 0xECC8, 0xECC8, 0xE4A8, 0xDBE5,
    0xBAA1, 0xAA21, 0x91C0, 0x91C0, 0xA221, 0xA221, 0x91C0, 0x89A0,
    0x89A0, 0x89A0, 0x8180, 0x7960, 0x7960, 0x8180, 0x8160, 0x7960,
    0x8180, 0x7960, 0x7140, 0x7140, 0x7120, 0x7120, 0x7940, 0x9201,
    0xBB85, 0xC3C6, 0xC3C6, 0xC3A6, 0xBBA6, 0xB345, 0xC3C7, 0xBB85,
    0xC3A6, 0xBB65, 0xBB86, 0xC3A6, 0xC3A6, 0xC3C6, 0xC3A6, 0xC3C6,
    0xC3C6, 0xC3C6, 0xC3C6, 0xC3C6, 0xCBE7, 0xCC07, 0xD407, 0xD427,
    0xAAA2, 0x8980, 0x91C0, 0x99E0, 0x89A0, 0x91E0, 0x9A01, 0xA201,
    0x9A01, 0x9A01, 0xA221, 0xBAC2, 0xBAA2, 0xBAA2, 0xBAA2, 0xBAA2,
    0xBAC3, 0xBAC3, 0xC2E3, 0xC303, 0xBAA2, 0xC2E3, 0xD343, 0xEC46,
    0xFD6B, 0xFE10, 0xFE10, 0xFE31, 0xFE72, 0xE4EB, 0xCB44, 0xE3E6,
    0xE3E6, 0xE3E5, 0xEC47, 0xEC46, 0xF466, 0xFE50, 0xFED6, 0xD592,
    0xCD72, 0xD571, 0xD571, 0xCD71, 0xD571, 0xD571, 0xD571, 0xD591,
    0xD571, 0xD591, 0xD591, 0xD592, 0xD592, 0xD592, 0xD592, 0xD5B2,
    0xD5B2, 0xDDB2, 0xD5B2, 0xDDB2, 0xDDB2, 0xDDB2, 0xDDB2, 0xDDB2,
    0xDDB2, 0xDDB2, 0xDDB2, 0xDDB2, 0xDDB2, 0xDDB2, 0xDDB2, 0xDDB2,
    0xDDB2, 0xDDB2, 0xDDB2, 0xD592, 0xD592, 0xD592, 0xD592, 0xD572,
    0xD571, 0xD571, 0xD551, 0xD551, 0xCD51, 0xCD31, 0xCD30, 0xCD30,
    0xCD30, 0xCD30, 0xCD30, 0xCD30, 0xCD30, 0xCD10, 0xCD10, 0xCD10,
    0xBB87, 0xC387, 0xC387, 0xC3A7, 0xC3A7, 0xC387, 0xC387, 0xC386,
    0xC386, 0xC386, 0xBB66, 0xBB66, 0xBB46, 0xBB46, 0xBB46, 0xBB46,
    0xBB45, 0xBB45, 0xBB45, 0xBB45, 0xBB45, 0xBB45, 0xBB45, 0xBB25,
    0xB325, 0xB325, 0xB305, 0xAAE5, 0xA2C4, 0x9A84, 0x8A43, 0x8203,
    0x79E2, 0x71C2, 0x69A2, 0x69A2, 0x71C2, 0x79E3, 0x7A03, 0x8243,
    0x8A64, 0x8A64, 0x9284, 0x9284, 0x92A4, 0x9AA5, 0x9AC5, 0x9AC5,
    0x9AC5, 0x9AC5, 0x9AC5, 0x9AE5, 0xA306, 0xA326, 0xCC6A, 0xFEB2,
    0xFD2A, 0xF4C9, 0xEC47, 0xDB85, 0xE3C6, 0xCB04, 0xC303, 0xD385,
    0xFDEE, 0xFE2F, 0xFDEE, 0xFE2F, 0xF52A, 0xE3E5, 0xCB03, 0xC2C3,
    0xC2E3, 0xCB03, 0xC2C2, 0xCB03, 0xCB03, 0xC2C2, 0xBAC2, 0xB282,
    0xBAA2, 0xC2A2, 0xBA81, 0xC2C2, 0xC2C2, 0xDC06, 0xED0A, 0xED2A,
    0xED2A, 0xED0A, 0xECE9, 0xECE9, 0xECE9, 0xECC9, 0xECE9, 0xE467,
    0xC2E2, 0xAA41, 0x99E0, 0x9A01, 0x9A01, 0x9A01, 0x99E0, 0x89A0,
    0x91A0, 0x91E0, 0x89C0, 0x8180, 0x8180, 0x89A0, 0x89A0, 0x89A0,
    0x8180, 0x8180, 0x7960, 0x7140, 0x7140, 0x7960, 0x89A0, 0xAAA2,
    0xC3C6, 0xC3C6, 0xC3E7, 0xC3C6, 0xC3A6, 0xBB85, 0xC3C6, 0xC3C6,
    0xC3C7, 0xBBA6, 0xC3E7, 0xC3E7, 0xC3C7, 0xBBA6, 0xC3C6, 0xCC07,
    0xCBE7, 0xCC07, 0xCBE7, 0xCC06, 0xD407, 0xD407, 0xD427, 0xD407,
    0xB2E3, 0x8980, 0x91A0, 0xA200, 0x91C0, 0x9A21, 0x9A01, 0x9A01,
    0x9A01, 0xAA61, 0xAA41, 0xA221, 0xB282, 0xBAA2, 0xBAC2, 0xC303,
    0xBAC3, 0xC303, 0xC303, 0xC303, 0xC303, 0xC303, 0xDBA4, 0xF4E9,
    0xF58C, 0xFE0F, 0xF5EF, 0xF610, 0xFE51, 0xE4EC, 0xC324, 0xDBA5,
    0xDBA5, 0xDBC5, 0xE406, 0xEC47, 0xF467, 0xFE0F, 0xFE93, 0xDD91,
    0xD592, 0xD592, 0xD592, 0xD592, 0xD592, 0xD592, 0xD592, 0xD592,
    0xD5B2, 0xD5B2, 0xDDB2, 0xDDB2, 0xDDB2, 0xDDD2, 0xDDD3, 0xDDD3,
    0xDDD3, 0xDDD2, 0xDDB2, 0xDDB2, 0xDDB2, 0xDDB2, 0xDDB2, 0xDDB2,
    0xDDB2, 0xDDB2, 0xDDD3, 0xDDB2, 0xDDB2, 0xDDB2, 0xDDB2, 0xDDB2,
    0xDDB2, 0xDDB2, 0xDDB2, 0xDDB2, 0xDDB2, 0xDD92, 0xD592, 0xD592,
    0xD592, 0xD592, 0xD572, 0xD572, 0xD571, 0xD571, 0xD551, 0xD551,
    0xD551, 0xD551, 0xD551, 0xD551, 0xD551, 0xD551, 0xD550, 0xCD30,
    0xBB66, 0xC386, 0xC386, 0xC386, 0xC386, 0xC386, 0xC386, 0xC386,
    0xC386, 0xC386, 0xC366, 0xBB66, 0xBB66, 0xBB66, 0xBB65, 0xBB65,
    0xBB45, 0xBB45, 0xBB45, 0xBB45, 0xBB45, 0xBB45, 0xBB45, 0xBB45,
    0xB325, 0xB325, 0xB325, 0xAAE5, 0xA2C4, 0x9A84, 0x8A43, 0x8203,
    0x71E2, 0x69C2, 0x69A2, 0x69A2, 0x71C2, 0x79E3, 0x7A03, 0x8243,
    0x8A64, 0x8A64, 0x9284, 0x9284, 0x92A4, 0x9AA4, 0x9AC5, 0x9AC5,
    0x9AC5, 0x9AC5, 0x9AC5, 0x9AE5, 0xA306, 0xA326, 0xE56E, 0xFED3,
    0xFCE9, 0xEC47, 0xEC47, 0xEC06, 0xDBA5, 0xCB24, 0xCB03, 0xE426,
    0xFE0E, 0xFE0E, 0xFDEE, 0xFDED, 0xFD8B, 0xEC46, 0xDB63, 0xCB23,
    0xCB03, 0xCB03, 0xC2E3, 0xCB03, 0xC2E2, 0xCAE3, 0xC2A2, 0xB282,
    0xBAA2, 0xB241, 0xC2C2, 0xC2C1, 0xDBC4, 0xED0A, 0xF54A, 0xF52A,
    0xF54B, 0xED4B, 0xECE9, 0xECE9, 0xED0A, 0xED2A, 0xED2A, 0xE4A8,
    0xCB43, 0xA221, 0x99E0, 0x99E0, 0x91C0, 0xA221, 0x9A01, 0x91A0,
    0x91C0, 0x91C0, 0x89A0, 0x89A0, 0x8980, 0x89A0, 0x8980, 0x89A0,
    0x8980, 0x89A0, 0x8160, 0x7940, 0x7940, 0x89A0, 0xA200, 0xBB44,
    0xCBE7, 0xCBE7, 0xCBE7, 0xCBE6, 0xCC07, 0xC3A6, 0xC3C6, 0xC3A6,
    0xC3E6, 0xC3E7, 0xC3E7, 0xC3E7, 0xC3C6, 0xBB86, 0xC3E7, 0xCC27,
    0xCBE7, 0xCC07, 0xD427, 0xD407, 0xD407, 0xD427, 0xD427, 0xD427,
    0xC343, 0xA200, 0xA220, 0xA201, 0xA221, 0xA221, 0xA221, 0xA241,
    0xA201, 0xB261, 0xB261, 0xA201, 0xA221, 0xAA41, 0xAA62, 0xBAE3,
    0xC2E3, 0xC303, 0xBAE3, 0xB2A2, 0xBAE3, 0xD384, 0xE467, 0xF5AD,
    0xF5CD, 0xFE10, 0xF610, 0xF5CF, 0xF5CF, 0xE48A, 0xCB44, 0xDB85,
    0xD364, 0xE3C5, 0xE3C5, 0xEC26, 0xF426, 0xFD6C, 0xFE52, 0xDD71,
    0xD592, 0xD592, 0xD592, 0xD592, 0xD592, 0xD592, 0xD592, 0xD592,
    0xD592, 0xDD92, 0xDDB2, 0xDDB2, 0xDDB2, 0xDDB2, 0xDDD2, 0xDDD2,
    0xDDD2, 0xDDD2, 0xDDB2, 0xDDB2, 0xDDB2, 0xDDB2, 0xDDB2, 0xDDB2,
    0xDDB2, 0xDDB2, 0xDDB2, 0xDDB2, 0xDDB2, 0xDDB2, 0xDDB2, 0xDDB2,
    0xDDB2, 0xDDB2, 0xDDB2, 0xDDB2, 0xDDB2, 0xDDB2, 0xD592, 0xD592,
    0xD592, 0xD592, 0xD592, 0xD592, 0xD592, 0xD591, 0xD571, 0xD571,
    0xD571, 0xD571, 0xD571, 0xD571, 0xD571, 0xD571, 0xD551, 0xD551,
    0xBB66, 0xBB86, 0xC386, 0xBB86, 0xC386, 0xC386, 0xC386, 0xC386,
    0xC386, 0xC386, 0xC386, 0xBB66, 0xBB66, 0xBB66, 0xBB66, 0xBB65,
    0xBB45, 0xBB45, 0xBB45, 0xBB45, 0xBB45, 0xBB45, 0xBB45, 0xBB45,
    0xBB25, 0xB325, 0xB325, 0xAB05, 0xA2C4, 0x9A84, 0x8A43, 0x8203,
    0x71E2, 0x69A2, 0x69A2, 0x69A2, 0x71C2, 0x71E3, 0x7A03, 0x8243,
    0x8A64, 0x8A64, 0x9284, 0x9284, 0x92A4, 0x9AA4, 0x9AC5, 0x9AC5,
    0x9AC5, 0x9AC5, 0x9AC5, 0x9AE5, 0xA305, 0xAB47, 0xED8E, 0xFED3,
    0xF4C8, 0xF487, 0xEC27, 0xDBA5, 0xDBA5, 0xD343, 0xDB84, 0xF54B,
    0xFE2F, 0xFDCD, 0xFDCD, 0xFE0E, 0xFDAC, 0xFD2A, 0xE405, 0xD344,
    0xD323, 0xCAE3, 0xCB03, 0xCB03, 0xC2A2, 0xC2C2, 0xC2C2, 0xB282,
    0xB262, 0xB261, 0xCAE2, 0xDBA4, 0xECE9, 0xF52A, 0xF56B, 0xF54B,
    0xED2A, 0xED0A, 0xE4A8, 0xE4C9, 0xED2A, 0xED4B, 0xED0A, 0xE488,
    0xDBE5, 0xAA61, 0xA221, 0x9A01, 0x9A01, 0xAA61, 0x99E1, 0x89A0,
    0x91C0, 0x91E1, 0x89C0, 0x89A0, 0x91C0, 0x91A0, 0x91C0, 0x91C0,
    0x89A0, 0x89C0, 0x89A0, 0x8180, 0x7960, 0x91E0, 0xB281, 0xCBA5,
    0xCC07, 0xCC07, 0xCC07, 0xCC07, 0xCC07, 0xCBE7, 0xCBE7, 0xC3C7,
    0xC3E7, 0xC408, 0xC3C7, 0xAB25, 0xB345, 0x9AA4, 0xBB86, 0xC3C7,
    0xC3C6, 0xD428, 0xD448, 0xD427, 0xD407, 0xD468, 0xD447, 0xD447,
    0xD407, 0xBB03, 0xA241, 0x9A01, 0x9A01, 0x91E0, 0x9A01, 0xAA61,
    0xA221, 0xAA61, 0xB282, 0xAA61, 0xA221, 0x99E1, 0xA221, 0xB282,
    0xBAC2, 0xCB03, 0xBAE3, 0xBAC3, 0xB282, 0xCB23, 0xECE9, 0xF5CE,
    0xF5EF, 0xFE10, 0xFE51, 0xF5EF, 0xE4CB, 0xD3A6, 0xD364, 0xDBA5,
    0xD344, 0xE3C6, 0xE3E6, 0xEC06, 0xF446, 0xFD4B, 0xFE52, 0xDD70,
    0xD592, 0xD592, 0xD592, 0xD591, 0xD591, 0xD592, 0xD592, 0xD591,
    0xD592, 0xD592, 0xD592, 0xD592, 0xD592, 0xDD92, 0xDDB2, 0xDDB2,
    0xDDB2, 0xD5B2, 0xDDB2, 0xD5B2, 0xD592, 0xD592, 0xD5B2, 0xD5B2,
    0xD5B2, 0xD5B2, 0xD5B2, 0xDDB2, 0xDDB2, 0xD5B2, 0xD592, 0xD592,
    0xD592, 0xD592, 0xD592, 0xD592, 0xD592, 0xD592, 0xD592, 0xD592,
    0xD592, 0xD592, 0xD592, 0xD592, 0xD592, 0xD591, 0xD571, 0xD571,
    0xD571, 0xD571, 0xD571, 0xD571, 0xD571, 0xD551, 0xD551, 0xCD51,
    0xBB66, 0xBB86, 0xC386, 0xC386, 0xC386, 0xC386, 0xC386, 0xC386,
    0xC386, 0xC386, 0xC386, 0xC366, 0xC366, 0xBB66, 0xBB66, 0xBB65,
    0xBB65, 0xBB45, 0xBB45, 0xBB45, 0xBB45, 0xBB45, 0xBB45, 0xBB45,
    0xBB25, 0xBB25, 0xB325, 0xB305, 0xA2C4, 0x9A84, 0x8A43, 0x8203,
    0x71C2, 0x69A2, 0x69A2, 0x69A2, 0x71C2, 0x71E3, 0x7A03, 0x8243,
    0x8A63, 0x8A64, 0x9284, 0x9284, 0x9284, 0x9AA4, 0x9AA4, 0x9AC5,
    0x9AC5, 0x9AE5, 0x9AE5, 0xA2E5, 0xA306, 0xA326, 0xED8F, 0xFF15,
    0xF4C8, 0xEC26, 0xE3E6, 0xDBA5, 0xDB84, 0xE405, 0xFD8B, 0xFE2F,
    0xFDEE, 0xFDAC, 0xFE0F, 0xFDEE, 0xF58C, 0xF58C, 0xEC67, 0xDB83,
    0xDB84, 0xD323, 0xCB03, 0xC2C3, 0xB262, 0xBA82, 0xBA82, 0xB262,
    0xB261, 0xBAA2, 0xDBA4, 0xECE9, 0xF52A, 0xF54A, 0xF54B, 0xED0A,
    0xED09, 0xED0A, 0xE4C9, 0xE4EA, 0xED0A, 0xED2B, 0xE4C8, 0xE4C9,
    0xE467, 0xCB23, 0xBAA1, 0xAA41, 0xAA61, 0xAA41, 0x91A0, 0x91C0,
    0x99E0, 0x9A01, 0x9A01, 0x91C0, 0x99E0, 0x99E0, 0x99E0, 0x91C0,
    0x89A0, 0x89C0, 0x8180, 0x8980, 0x89A0, 0xAA61, 0xC364, 0xCC07,
    0xCC07, 0xCC07, 0xD448, 0xCC27, 0xCC07, 0xCC28, 0xCC28, 0xBB86,
    0xBBA7, 0xBB87, 0xA2C4, 0x89E1, 0x9201, 0x7980, 0x9242, 0xAAE4,
    0xAAC3, 0xCC07, 0xD448, 0xD427, 0xD448, 0xDC89, 0xDC68, 0xDC88,
    0xDC68, 0xCBE6, 0xB2C3, 0x9A01, 0x91E1, 0x89C0, 0x99E1, 0xA221,
    0x99E0, 0xAA41, 0xAA61, 0xB282, 0xAA41, 0xA241, 0xAA82, 0xB2A2,
    0xBAA2, 0xBAA2, 0xC303, 0xBAE3, 0xC2C2, 0xD3A4, 0xF56B, 0xF5CE,
    0xF5CF, 0xF58D, 0xF610, 0xF5F0, 0xCC08, 0xC303, 0xD364, 0xDBA5,
    0xDBA5, 0xE3E6, 0xE3E6, 0xE3E6, 0xF446, 0xFD6B, 0xFE72, 0xDD50,
    0xCD71, 0xCD71, 0xCD71, 0xCD71, 0xD571, 0xD571, 0xD571, 0xD571,
    0xD571, 0xD571, 0xD571, 0xD571, 0xD571, 0xD571, 0xD592, 0xD592,
    0xD592, 0xD592, 0xD592, 0xD592, 0xD571, 0xD571, 0xD571, 0xD571,
    0xD571, 0xD571, 0xD571, 0xD571, 0xD571, 0xD571, 0xD571, 0xD571,
    0xD571, 0xD571, 0xD571, 0xD571, 0xD571, 0xD571, 0xD571, 0xD571,
    0xD571, 0xD571, 0xD571, 0xD571, 0xD571, 0xD571, 0xD571, 0xD571,
    0xD571, 0xD571, 0xCD51, 0xCD51, 0xCD51, 0xCD50, 0xCD30, 0xCD30,
    0xBB66, 0xBB66, 0xC386, 0xC386, 0xC386, 0xC386, 0xC386, 0xC386,
    0xC386, 0xC386, 0xC386, 0xC386, 0xC386, 0xC366, 0xC366, 0xC366,
    0xBB65, 0xBB65, 0xBB45, 0xBB45, 0xBB45, 0xBB45, 0xBB45, 0xBB45,
    0xBB25, 0xBB25, 0xBB25, 0xB305, 0xA2C4, 0x9A84, 0x8A43, 0x8203,
    0x71C2, 0x69A2, 0x6182, 0x69A2, 0x69C2, 0x71E3, 0x7A03, 0x8243,
    0x8A43, 0x8A64, 0x9284, 0x9284, 0x9284, 0x9AA4, 0x9AA4, 0x9AC5,
    0x9AC5, 0x9AE5, 0xA2E5, 0xA2E5, 0xA306, 0xAB46, 0xF631, 0xFF15,
    0xF4E9, 0xE3E5, 0xE3E6, 0xDBA5, 0xE425, 0xFDAD, 0xFE50, 0xFE2F,
    0xFDEE, 0xFDEE, 0xFE0E, 0xFDED, 0xF58C, 0xF56C, 0xF52A, 0xECC8,
    0xEC87, 0xDBC4, 0xD343, 0xC2C2, 0xB282, 0xB282, 0xB282, 0xBAA2,
    0xBAA2, 0xD343, 0xECC8, 0xF54A, 0xF52A, 0xF54A, 0xED2A, 0xED0A,
    0xED2A, 0xED0A, 0xE4C9, 0xE4C9, 0xED0A, 0xE50A, 0xE4EA, 0xE50A,
    0xE4C9, 0xDC26, 0xD384, 0xC302, 0xB282, 0x9A01, 0x8980, 0x89A0,
    0x91C1, 0xA241, 0x9A01, 0x91C0, 0x91A0, 0x99E0, 0x9A01, 0x91C0,
    0x91C0, 0x91C0, 0x8980, 0x91C0, 0xA240, 0xC364, 0xCC07, 0xD428,
    0xCC27, 0xD407, 0xD468, 0xD448, 0xCC07, 0xD448, 0xBB66, 0x9222,
    0x9A83, 0xA283, 0x89E1, 0x8180, 0x8180, 0x8180, 0x91C0, 0x9A00,
    0xA220, 0xC3A6, 0xD448, 0xD448, 0xD428, 0xDC89, 0xDC89, 0xDC68,
    0xDC68, 0xD447, 0xCBA5, 0xAA61, 0xAA20, 0x9A00, 0xA241, 0xA201,
    0xAA41, 0xAA61, 0xB282, 0xB282, 0xAA42, 0xB282, 0xA221, 0xAA61,
    0xBAC2, 0xB282, 0xBAC2, 0xBAC3, 0xC2E2, 0xEC67, 0xF5AD, 0xF58D,
    0xFE10, 0xF5CE, 0xF5EF, 0xF5AF, 0xD408, 0xBAC3, 0xCB24, 0xC303,
    0xD364, 0xE3E5, 0xE3E6, 0xE3E6, 0xEC06, 0xFD0A, 0xFE93, 0xD550,
    0xC531, 0xCD30, 0xCD31, 0xCD31, 0xCD31, 0xCD31, 0xCD31, 0xCD31,
    0xCD51, 0xCD51, 0xCD31, 0xCD30, 0xCD30, 0xCD51, 0xCD51, 0xCD51,
    0xCD51, 0xCD51, 0xCD51, 0xCD51, 0xCD51, 0xCD51, 0xCD51, 0xCD51,
    0xCD51, 0xCD51, 0xCD51, 0xCD51, 0xCD30, 0xCD30, 0xCD30, 0xCD30,
    0xCD30, 0xCD30, 0xCD30, 0xCD30, 0xCD30, 0xCD30, 0xCD30, 0xCD30,
    0xCD50, 0xCD30, 0xCD50, 0xCD30, 0xCD30, 0xCD30, 0xCD30, 0xCD30,
    0xCD30, 0xCD30, 0xCD30, 0xCD10, 0xCD10, 0xCD10, 0xC510, 0xC510,
    0xBB66, 0xBB66, 0xBB86, 0xC386, 0xC386, 0xC386, 0xC386, 0xC386,
    0xC386, 0xC386, 0xC386, 0xC386, 0xC386, 0xC386, 0xC386, 0xC366,
    0xBB66, 0xBB66, 0xBB65, 0xBB65, 0xBB45, 0xBB45, 0xBB45, 0xBB45,
    0xBB45, 0xBB25, 0xBB25, 0xB305, 0xAAC4, 0x9A84, 0x8A43, 0x8203,
    0x71C2, 0x69A2, 0x6181, 0x69A2, 0x69C2, 0x71E3, 0x7A03, 0x8243,
    0x8A43, 0x8A64, 0x8A84, 0x9284, 0x92A4, 0x9AA4, 0x9AA4, 0x9AC5,
    0x9AE5, 0x9AE5, 0x9AE5, 0xA2E5, 0xA2E5, 0xB387, 0xFE93, 0xFF15,
    0xFE0E, 0xF487, 0xDBA4, 0xF4EA, 0xFDEE, 0xFE30, 0xFE0E, 0xFE2F,
    0xFDEE, 0xFDEE, 0xF56B, 0xF58C, 0xF5AD, 0xF58C, 0xF58C, 0xF5AD,
    0xF56B, 0xECA8, 0xDB84, 0xC2C2, 0xB281, 0xBAA2, 0xC2C2, 0xCB43,
    0xDBC4, 0xECA7, 0xED0A, 0xF52A, 0xED2A, 0xED2A, 0xED2B, 0xED2B,
    0xED4B, 0xE4A9, 0xDC48, 0xE4C9, 0xE50A, 0xE50A, 0xED2B, 0xED0A,
    0xE4C9, 0xE4A9, 0xE488, 0xD3A5, 0xAA61, 0x9A01, 0x99E0, 0x91C0,
    0xA201, 0xA221, 0x99E0, 0x99E0, 0x91C0, 0xA221, 0x9A00, 0x89A0,
    0x91E0, 0x91C0, 0x91A0, 0xA220, 0xC384, 0xCC07, 0xD448, 0xD448,
    0xD427, 0xD448, 0xD469, 0xD448, 0xCC48, 0xCC08, 0xA2A3, 0x8180,
    0x89C0, 0x91E0, 0x89A0, 0x89A0, 0x8180, 0x8180, 0x91C0, 0x91C0,
    0x99E0, 0xAAA2, 0xBB65, 0xC366, 0xD428, 0xDC89, 0xDC89, 0xDCA9,
    0xDC89, 0xDC68, 0xDC48, 0xCB84, 0xD3A5, 0xC323, 0xAA61, 0xA221,
    0xAA61, 0xB261, 0xAA62, 0xB282, 0xAA41, 0xBAA2, 0xB282, 0xB261,
    0xB282, 0xB282, 0xBAC2, 0xBAC2, 0xCB23, 0xF4E9, 0xF5EF, 0xF58D,
    0xF5EF, 0xFE10, 0xF5CF, 0xE52C, 0xC365, 0xBAA3, 0xDB84, 0xC303,
    0xC2E3, 0xE3A5, 0xDBA5, 0xE406, 0xEC26, 0xF50A, 0xFED4, 0xD571,
    0xBCCF, 0xC4EF, 0xC4F0, 0xC4F0, 0xC4F0, 0xC510, 0xC510, 0xC510,
    0xC510, 0xC510, 0xC510, 0xC510, 0xC510, 0xC510, 0xC510, 0xC510,
    0xC510, 0xC510, 0xC510, 0xC510, 0xC510, 0xC510, 0xC510, 0xC510,
    0xC4F0, 0xC510, 0xC510, 0xC510, 0xC510, 0xC4F0, 0xC4EF, 0xC4EF,
    0xC4EF, 0xC4EF, 0xC4EF, 0xC4EF, 0xC4EF, 0xC4EF, 0xC4EF, 0xC4EF,
    0xC4EF, 0xC50F, 0xC510, 0xC510, 0xC510, 0xC510, 0xC510, 0xC4F0,
    0xC4EF, 0xC4EF, 0xC4CF, 0xC4CF, 0xC4CF, 0xC4CF, 0xC4CF, 0xC4CF,
    0xBB66, 0xC386, 0xC386, 0xC386, 0xC386, 0xC386, 0xC386, 0xC386,
    0xC3A6, 0xC3A6, 0xC386, 0xC386, 0xC386, 0xC386, 0xC386, 0xC366,
    0xBB66, 0xBB66, 0xBB65, 0xBB65, 0xBB45, 0xBB45, 0xBB45, 0xBB45,
    0xBB45, 0xBB45, 0xBB45, 0xB305, 0xAAC4, 0x9A84, 0x8A43, 0x8203,
    0x71C2, 0x69A2, 0x6181, 0x61A2, 0x69C2, 0x71E3, 0x7A03, 0x8243,
    0x8A44, 0x8A64, 0x8A84, 0x9284, 0x9284, 0x9AA4, 0x9AA5, 0x9AC5,
    0x9AC5, 0x9AE5, 0xA2E5, 0xA2E5, 0x9AC5, 0xC409, 0xFED4, 0xFED5,
    0xFEB2, 0xFD29, 0xFD2A, 0xFE71, 0xFE71, 0xFE30, 0xFE0F, 0xFE50,
    0xFDAD, 0xF58C, 0xF54A, 0xFDCD, 0xF58C, 0xF58C, 0xF58C, 0xF58C,
    0xF58C, 0xF54B, 0xEC66, 0xDBE4, 0xDC05, 0xD3A4, 0xE426, 0xECC8,
    0xF52A, 0xF54B, 0xED09, 0xED2A, 0xED0A, 0xED2A, 0xED2B, 0xED0A,
    0xDC88, 0xC365, 0xCBC6, 0xDC68, 0xE50B, 0xE52B, 0xE4EA, 0xED2B,
    0xE4EA, 0xE4C9, 0xE4CA, 0xCB85, 0xAA41, 0xA241, 0xA201, 0x99E0,
    0xA201, 0x99E0, 0x99E1, 0x9A01, 0x9A01, 0xA221, 0x99E1, 0x91E0,
    0x91C0, 0x91C0, 0xA220, 0xC364, 0xD468, 0xD469, 0xD448, 0xD448,
    0xD468, 0xD468, 0xD469, 0xD469, 0xCC48, 0xBB86, 0x9A21, 0x91C0,
    0x89A0, 0x8980, 0x89A0, 0x91E0, 0x8180, 0x89A0, 0x99E0, 0x91C0,
    0x89A0, 0xA221, 0xA241, 0xAAA3, 0xCBE7, 0xDC89, 0xDC88, 0xE4A9,
    0xDC89, 0xDC88, 0xDCA9, 0xDCA9, 0xE489, 0xDC68, 0xBAC2, 0xAA41,
    0xAA61, 0xB281, 0xB2A2, 0xAA61, 0xAA41, 0xB2A2, 0xB282, 0xB281,
    0xBAA2, 0xAA41, 0xAA41, 0xC2E2, 0xDBE5, 0xF56C, 0xF5EF, 0xF5CE,
    0xF5CF, 0xF610, 0xFE10, 0xED4C, 0xC303, 0xBAA2, 0xD364, 0xE3C6,
    0xD344, 0xDB85, 0xE3C5, 0xE3C5, 0xEC26, 0xFD8C, 0xFEF5, 0xDD70,
    0xB48E, 0xBCAF, 0xB48F, 0xB48E, 0xBCAF, 0xBCAF, 0xBCAF, 0xBCCF,
    0xBCCF, 0xBCCF, 0xBCCF, 0xBCAF, 0xBCCF, 0xBCCF, 0xBCCF, 0xBCCF,
    0xBCCF, 0xBCCF, 0xBCCF, 0xBCCF, 0xBCCF, 0xBCCF, 0xBCCF, 0xBCAF,
    0xBCAF, 0xBCAF, 0xBCAF, 0xBCAF, 0xBCAF, 0xBCAF, 0xBCAE, 0xB48E,
    0xB48E, 0xB48E, 0xBC8E, 0xB48E, 0xB48E, 0xBC8E, 0xBC8E, 0xBC8E,
    0xBCAE, 0xBCAE, 0xBCCF, 0xBCCF, 0xBCCF, 0xBCCF, 0xBCCF, 0xBCAF,
    0xBCAE, 0xBC8E, 0xBC8E, 0xB48E, 0xB48E, 0xBC8E, 0xB48E, 0xBC8E,
    0xBB87, 0xC387, 0xC386, 0xC386, 0xC387, 0xC386, 0xC387, 0xC3A7,
    0xC3A6, 0xC3A6, 0xC3A6, 0xC3A6, 0xC3A6, 0xC386, 0xC386, 0xC386,
    0xBB66, 0xBB66, 0xBB66, 0xBB66, 0xBB65, 0xBB45, 0xBB45, 0xBB45,
    0xBB45, 0xBB45, 0xBB45, 0xB325, 0xAAE5, 0x9AA4, 0x9263, 0x8223,
    0x71C2, 0x6182, 0x6181, 0x61A2, 0x69C2, 0x71E3, 0x7A03, 0x8243,
    0x8A64, 0x8A64, 0x8A84, 0x9284, 0x92A4, 0x92A5, 0x9AA5, 0x9AC5,
    0x9AE5, 0x9AE5, 0xA2E5, 0xA305, 0x9AC5, 0xCC4A, 0xFE51, 0xFED5,
    0xFEB3, 0xFE0E, 0xFE71, 0xFE92, 0xFE30, 0xFDEE, 0xFE50, 0xFDEE,
    0xF54A, 0xFDAD, 0xF5AD, 0xF54C, 0xF56B, 0xF58C, 0xF56B, 0xF56B,
    0xF58C, 0xF56B, 0xF52A, 0xF56B, 0xF50A, 0xF509, 0xF56B, 0xF56B,
    0xF58C, 0xF54A, 0xF54B, 0xF56B, 0xED4B, 0xED2B, 0xDC68, 0xCBA6,
    0xB2C2, 0xBAC2, 0xB2A2, 0xC344, 0xDCA9, 0xE4EA, 0xE52B, 0xED2C,
    0xE50A, 0xE50A, 0xE4C9, 0xD3C5, 0xB2A2, 0xA241, 0xA221, 0x9A01,
    0x9A01, 0x99E0, 0x9A01, 0x9A01, 0x9A01, 0x9A01, 0x9A01, 0x9A21,
    0xA220, 0xAAA1, 0xC384, 0xD468, 0xDC89, 0xDC89, 0xD468, 0xD469,
    0xD489, 0xD489, 0xD469, 0xD469, 0xC3E7, 0xA2A3, 0x91C0, 0x99E0,
    0x91C0, 0x91C0, 0x91E0, 0x91C0, 0x8180, 0x91C0, 0x99E0, 0x91C0,
    0x91E0, 0xA220, 0x9A00, 0xA261, 0xBB24, 0xD448, 0xDCAA, 0xDCA9,
    0xDC89, 0xDCA9, 0xDCCA, 0xE4EA, 0xE4C9, 0xE4A9, 0xD3C5, 0xB281,
    0xAA61, 0xAA61, 0xB2A2, 0xB281, 0xAA41, 0xB2A2, 0xBAA2, 0xB281,
    0xB282, 0xB261, 0xB261, 0xCB63, 0xECC8, 0xF58D, 0xF5EF, 0xF5AE,
    0xF5CE, 0xF610, 0xF5EF, 0xF5AE, 0xCB85, 0xC2C3, 0xBAC2, 0xD364,
    0xD364, 0xDBA5, 0xEC06, 0xE3C5, 0xE3E5, 0xFD8C, 0xFEF5, 0xD550,
    0xAC4D, 0xAC6E, 0xAC4E, 0xAC4E, 0xAC4E, 0xB46E, 0xB46E, 0xB46E,
    0xB48E, 0xB48E, 0xB48E, 0xB46E, 0xB46E, 0xB48E, 0xB48E, 0xB48E,
    0xB48E, 0xB48E, 0xB48E, 0xB48E, 0xB48E, 0xB48E, 0xB48E, 0xB46E,
    0xAC6E, 0xAC6E, 0xB46E, 0xB46E, 0xB46E, 0xB46E, 0xAC4E, 0xAC4E,
    0xAC4D, 0xAC4D, 0xAC4D, 0xAC4D, 0xAC4D, 0xAC4E, 0xAC4E, 0xB44D,
    0xB46E, 0xB48E, 0xBC8E, 0xBC8E, 0xB4AE, 0xB48F, 0xB48E, 0xB48E,
    0xB46E, 0xB46E, 0xB44E, 0xAC4D, 0xAC4E, 0xAC4E, 0xAC4E, 0xB44E,
};
