/*!
	@file    06_waving_240x320_RGB565.hpp
	@author  Generated by bmp2hpp.py
	@brief   Library header file for test bitmap data, holds bitmap data.
	@note    NOT part of core library only used for holding test data,
			 can be omitted in project use or port.
	@details bitmaps in file
		        -#  06_waving_240x320_RGB565    : 16 bit color 565,  76800 pixels, 153600 bytes (240x320)
*/

#pragma once

/// @cond

// array size is 76800 pixels (240x320), 153600 bytes
// BMP pixel data offset 66
// RGB 565 16 bit color

const unsigned short waving_240x320_RGB565[76800] PROGMEM = {
    0xC552, 0xC552, 0xC552, 0xC552, 0xC532, 0xC531, 0xBD31, 0xBD31,
    0xBD31, 0xBD31, 0xBD31, 0xBD31, 0xBD31, 0xBD11, 0xBD31, 0xBD31,
    0xBD31, 0xBD31, 0xBD31, 0xBD31, 0xBD31, 0xBD31, 0xBD31, 0xBD31,
    0xBD11, 0xBD11, 0xBD11, 0xBD31, 0xBD11, 0xBD11, 0xBD11, 0xBD11,
    0xBD11, 0xBD11, 0xBD11, 0xBD11, 0xBD10, 0xBD11, 0xBCF0, 0xBCF0,
    0xBCF0, 0xBCF0, 0xBCF0, 0xBCF0, 0xBCF0, 0xBCF0, 0xBCF0, 0xBCF0,
    0xBCF0, 0xBCF0, 0xBCF0, 0xBCF0, 0xB4F0, 0xBCF0, 0xBCF0, 0xBCF0,
    0xB4D0, 0xBCD0, 0xBCF0, 0xBCD0, 0xB4CF, 0xB4AF, 0xB48E, 0xAC4D,
    0xAC0B, 0xABCA, 0xABA9, 0xABA8, 0xABC9, 0xB3E9, 0xB3E9, 0xB3E9,
    0xB42B, 0xB46E, 0xBCD0, 0xBD33, 0xC594, 0xC5B6, 0xCDF7, 0xCE17,
    0xD638, 0xCE38, 0xCE38, 0xCE38, 0xCE38, 0xCE38, 0xCE38, 0xCE38,
    0xCE38, 0xCE38, 0xCE38, 0xCE17, 0xCE17, 0xCE17, 0xCE17, 0xCE17,
    0xCE18, 0xCE38, 0xCE38, 0xCE38, 0xCE38, 0xCE38, 0xCE38, 0xCE18,
    0xCE38, 0xCE38, 0xCE38, 0xCE18, 0xCE17, 0xCE17, 0xCE17, 0xCE17,
    0xCE17, 0xCE17, 0xCE17, 0xCE17, 0xCE17, 0xCE17, 0xCE17, 0xCE17,
    0xCE17, 0xCE17, 0xCE17, 0xCE17, 0xCE17, 0xCE17, 0xCE17, 0xCE17,
    0xCE17, 0xCE17, 0xCE17, 0xCE17, 0xCE17, 0xCE17, 0xCE17, 0xCE17,
    0xCE17, 0xCE17, 0xCE17, 0xCE17, 0xCE17, 0xCE17, 0xCE17, 0xCE17,
    0xCE17, 0xCE17, 0xCE17, 0xCE17, 0xCE17, 0xCE17, 0xCE17, 0xCE18,
    0xCE38, 0xCE17, 0xCE17, 0xCE17, 0xCE17, 0xCE17, 0xCE17, 0xCE17,
    0xCE17, 0xCE17, 0xCE17, 0xCE17, 0xCE37, 0xCE38, 0xCE37, 0xCE37,
    0xCE37, 0xCE38, 0xCE17, 0xCE37, 0xCE38, 0xCE38, 0xCE38, 0xCE38,
    0xCE38, 0xCE37, 0xCE17, 0xCE37, 0xCE37, 0xCE17, 0xCE37, 0xCE17,
    0xCE17, 0xCE17, 0xCE17, 0xCE17, 0xCE17, 0xCE17, 0xCE17, 0xCE17,
    0xCE17, 0xCE17, 0xCE17, 0xCE17, 0xCE17, 0xCE17, 0xCDF7, 0xCE17,
    0xCE17, 0xCE17, 0xCE17, 0xCE17, 0xCE17, 0xCE17, 0xCE17, 0xCE17,
    0xCE17, 0xCE17, 0xCE17, 0xCE17, 0xCE17, 0xCE17, 0xCE17, 0xCE17,
    0xCE17, 0xCE17, 0xCE17, 0xCE17, 0xCE17, 0xD617, 0xD617, 0xD617,
    0xD617, 0xCE17, 0xCE17, 0xD617, 0xCE17, 0xCE17, 0xD617, 0xCE17,
    0xCE17, 0xCE17, 0xCE17, 0xCE17, 0xD617, 0xD617, 0xCE17, 0xD617,
    0xC552, 0xC552, 0xC552, 0xC552, 0xC532, 0xC531, 0xBD31, 0xBD31,
    0xBD31, 0xBD31, 0xBD31, 0xBD31, 0xBD31, 0xBD31, 0xBD31, 0xBD31,
    0xBD31, 0xBD31, 0xC531, 0xBD31, 0xBD31, 0xBD31, 0xBD31, 0xBD31,
    0xBD11, 0xBD11, 0xBD11, 0xBD11, 0xBD11, 0xBD11, 0xBD11, 0xBD11,
    0xBD11, 0xBD11, 0xBCF1, 0xBD10, 0xBCF0, 0xBCF0, 0xBCF0, 0xBCF0,
    0xBCF0, 0xBCF0, 0xBCF0, 0xBCF0, 0xBCF0, 0xBCF0, 0xBCF0, 0xBCF0,
    0xBCF0, 0xBCF0, 0xBCF0, 0xBCF0, 0xBCF0, 0xBCF0, 0xBCF0, 0xBCF0,
    0xBCD0, 0xBCF0, 0xBCF0, 0xBCD0, 0xB4CF, 0xB4AF, 0xB48E, 0xAC4D,
    0xAC0B, 0xABCA, 0xABA8, 0xABA8, 0xABC9, 0xB3E9, 0xB3E9, 0xB3E9,
    0xB42B, 0xB46E, 0xBCD0, 0xBD33, 0xC594, 0xC5D6, 0xCDF7, 0xCE17,
    0xD638, 0xD638, 0xCE38, 0xCE38, 0xCE38, 0xCE38, 0xCE38, 0xCE38,
    0xCE38, 0xCE38, 0xCE18, 0xCE18, 0xCE18, 0xCE17, 0xCE18, 0xCE18,
    0xCE38, 0xCE38, 0xCE38, 0xCE38, 0xCE38, 0xCE38, 0xCE18, 0xCE38,
    0xCE38, 0xCE38, 0xCE38, 0xCE38, 0xCE17, 0xCE17, 0xCE17, 0xCE17,
    0xCE17, 0xCE17, 0xCE17, 0xCE17, 0xCE17, 0xCE17, 0xCE17, 0xCE17,
    0xCE17, 0xCE17, 0xCE17, 0xCE17, 0xCE17, 0xCE17, 0xCE17, 0xCE17,
    0xCE17, 0xCE17, 0xCE17, 0xCE17, 0xCE17, 0xCE17, 0xCE17, 0xCE17,
    0xCE17, 0xCE17, 0xCE17, 0xCE17, 0xCE17, 0xCE17, 0xCE17, 0xCE17,
    0xCE17, 0xCE17, 0xCE17, 0xCE17, 0xCE17, 0xCE17, 0xCE17, 0xCE37,
    0xCE37, 0xCE37, 0xCE17, 0xCE17, 0xCE17, 0xCE17, 0xCE17, 0xCE17,
    0xCE17, 0xCE17, 0xCE17, 0xCE17, 0xCE37, 0xCE38, 0xCE37, 0xCE37,
    0xCE38, 0xCE38, 0xCE17, 0xCE17, 0xCE38, 0xCE38, 0xCE38, 0xCE38,
    0xCE38, 0xCE37, 0xCE37, 0xCE37, 0xCE37, 0xCE17, 0xCE17, 0xCE17,
    0xCE17, 0xCE17, 0xCE17, 0xCE17, 0xCE17, 0xCE17, 0xCE17, 0xCE17,
    0xCE17, 0xCE17, 0xCE17, 0xCE17, 0xCE17, 0xCE17, 0xCE17, 0xCE17,
    0xCE17, 0xCE17, 0xCE17, 0xCE17, 0xCE17, 0xCE17, 0xCE17, 0xCE17,
    0xCE17, 0xCE17, 0xCE17, 0xCE17, 0xCE17, 0xCE17, 0xCE17, 0xCE17,
    0xCE17, 0xCE17, 0xCE17, 0xCE17, 0xCE17, 0xCE17, 0xD617, 0xD617,
    0xD617, 0xD617, 0xCE17, 0xCE17, 0xCE17, 0xCE17, 0xCE17, 0xCE17,
    0xCE17, 0xCE17, 0xCE17, 0xD617, 0xD617, 0xCE17, 0xD617, 0xCE17,
    0xC552, 0xC552, 0xC552, 0xC532, 0xC532, 0xC532, 0xC531, 0xBD31,
    0xBD31, 0xBD32, 0xC531, 0xBD31, 0xBD31, 0xBD31, 0xBD31, 0xBD31,
    0xBD31, 0xBD31, 0xBD31, 0xBD31, 0xBD31, 0xBD11, 0xBD11, 0xBD11,
    0xBD11, 0xBD31, 0xBD11, 0xBD11, 0xBD11, 0xBD11, 0xBD11, 0xBD11,
    0xBD11, 0xBD11, 0xBD11, 0xBCF0, 0xBCF0, 0xBCF1, 0xBCF0, 0xBCF0,
    0xBCF0, 0xBCF0, 0xBCF0, 0xBCF0, 0xBCF0, 0xBCF0, 0xBCF0, 0xBCF0,
    0xBCF0, 0xBCF0, 0xBCF0, 0xBCF0, 0xBCF0, 0xB4D0, 0xB4F0, 0xBCF0,
    0xBCF0, 0xBCF0, 0xBCF0, 0xBCF0, 0xB4CF, 0xB4AF, 0xB48E, 0xAC4D,
    0xAC0B, 0xABEA, 0xABA8, 0xABA8, 0xB3C9, 0xB3E9, 0xB3E9, 0xB3E9,
    0xB42B, 0xB46E, 0xBCD0, 0xBD33, 0xC574, 0xC5B6, 0xCDF7, 0xCE17,
    0xCE38, 0xD638, 0xCE38, 0xCE38, 0xCE38, 0xCE38, 0xCE38, 0xCE38,
    0xCE38, 0xCE38, 0xCE18, 0xCE18, 0xCE18, 0xCE18, 0xCE18, 0xCE18,
    0xCE18, 0xCE38, 0xCE38, 0xCE38, 0xCE38, 0xCE38, 0xCE38, 0xCE38,
    0xCE38, 0xCE38, 0xCE38, 0xCE38, 0xCE18, 0xCE17, 0xCE17, 0xCE17,
    0xCE17, 0xCE17, 0xCE17, 0xCE17, 0xCE17, 0xCE17, 0xCE17, 0xCE17,
    0xCE17, 0xCE17, 0xCE17, 0xCE17, 0xCE17, 0xCE17, 0xCE17, 0xCE17,
    0xCE17, 0xCE17, 0xCE17, 0xCE17, 0xCE17, 0xCE17, 0xCE17, 0xCE17,
    0xCE17, 0xCE17, 0xCE17, 0xCE17, 0xCE17, 0xCE17, 0xCE17, 0xCE17,
    0xCE17, 0xCE17, 0xCE17, 0xCE17, 0xCE17, 0xCE17, 0xCE17, 0xCE37,
    0xCE37, 0xCE17, 0xCE17, 0xCE17, 0xCE17, 0xCE17, 0xCE17, 0xCE17,
    0xCE17, 0xCE17, 0xCE17, 0xCE17, 0xCE17, 0xCE37, 0xCE38, 0xCE37,
    0xCE38, 0xCE37, 0xCE37, 0xCE37, 0xCE38, 0xCE38, 0xCE38, 0xCE38,
    0xCE38, 0xCE37, 0xCE37, 0xCE37, 0xCE17, 0xCE17, 0xCE17, 0xCE17,
    0xCE17, 0xCE17, 0xCE17, 0xCE17, 0xCE17, 0xCE17, 0xCE17, 0xCE17,
    0xCE17, 0xCE17, 0xCE17, 0xCE17, 0xCE17, 0xCE17, 0xCE17, 0xCE17,
    0xCE17, 0xCE17, 0xCE17, 0xCE17, 0xCE17, 0xCE17, 0xCE17, 0xCE17,
    0xCE17, 0xCE17, 0xCE17, 0xCE17, 0xCE17, 0xCE17, 0xCE17, 0xCE17,
    0xCE17, 0xCE17, 0xCE17, 0xCE17, 0xD617, 0xCE37, 0xCE17, 0xCE17,
    0xD617, 0xCE17, 0xCE17, 0xD637, 0xD637, 0xCE17, 0xCE17, 0xD637,
    0xD637, 0xD637, 0xCE37, 0xD617, 0xCE17, 0xD617, 0xD617, 0xD617,
    0xC552, 0xC552, 0xC552, 0xC552, 0xC552, 0xC531, 0xC531, 0xC531,
    0xC531, 0xC531, 0xC531, 0xBD31, 0xBD31, 0xBD31, 0xBD31, 0xBD31,
    0xBD31, 0xBD31, 0xBD31, 0xBD31, 0xBD31, 0xBD11, 0xBD31, 0xBD31,
    0xBD11, 0xBD11, 0xBD31, 0xBD11, 0xBD11, 0xBD11, 0xBD11, 0xBD11,
    0xBD11, 0xBD11, 0xBD11, 0xBD11, 0xBD11, 0xBCF0, 0xBCF0, 0xBCF0,
    0xBCF0, 0xBCF0, 0xBCF0, 0xBCF0, 0xBCF0, 0xBCF0, 0xBCF0, 0xBCF0,
    0xBCF0, 0xBCF0, 0xBCF0, 0xBCF0, 0xBCF0, 0xBCF0, 0xBCF0, 0xBCF0,
    0xBCF0, 0xBCF0, 0xBCF0, 0xBCF0, 0xB4CF, 0xB4AF, 0xB48E, 0xAC4D,
    0xAC0B, 0xABEA, 0xABA8, 0xABA8, 0xB3C9, 0xB3E9, 0xB3E9, 0xB3E9,
    0xB42B, 0xB46E, 0xBCD0, 0xBD32, 0xC574, 0xC5B6, 0xCDF7, 0xCE38,
    0xD638, 0xD638, 0xD638, 0xCE38, 0xCE38, 0xCE38, 0xCE38, 0xCE38,
    0xCE38, 0xCE38, 0xCE38, 0xCE38, 0xCE18, 0xCE38, 0xCE38, 0xCE38,
    0xCE38, 0xCE38, 0xCE38, 0xCE38, 0xCE38, 0xCE38, 0xCE38, 0xCE38,
    0xCE38, 0xCE38, 0xCE38, 0xCE38, 0xCE38, 0xCE17, 0xCE17, 0xCE17,
    0xCE17, 0xCE17, 0xCE17, 0xCE17, 0xCE17, 0xCE17, 0xCE18, 0xCE18,
    0xCE18, 0xCE17, 0xCE17, 0xCE17, 0xCE17, 0xCE17, 0xCE17, 0xCE17,
    0xCE17, 0xCE17, 0xCE17, 0xCE17, 0xCE17, 0xCE17, 0xCE17, 0xCE17,
    0xCE17, 0xCE17, 0xCE17, 0xCE17, 0xCE17, 0xCE17, 0xCE17, 0xCE17,
    0xCE17, 0xCE17, 0xCE17, 0xCE17, 0xCE17, 0xCE17, 0xCE17, 0xCE17,
    0xCE17, 0xCE17, 0xCE17, 0xCE17, 0xCE17, 0xCE17, 0xCE17, 0xCE37,
    0xCE37, 0xCE17, 0xCE17, 0xCE17, 0xCE37, 0xCE17, 0xCE38, 0xCE37,
    0xCE37, 0xCE38, 0xCE37, 0xCE37, 0xCE37, 0xCE38, 0xCE37, 0xCE37,
    0xCE37, 0xCE37, 0xCE37, 0xCE17, 0xCE17, 0xCE17, 0xCE17, 0xCE17,
    0xCE17, 0xCE17, 0xCE17, 0xCE17, 0xCE17, 0xCE17, 0xCE17, 0xCE17,
    0xCE17, 0xCE17, 0xCE17, 0xCE17, 0xCE17, 0xCE17, 0xCE17, 0xCE17,
    0xCE17, 0xCE17, 0xCE17, 0xCE17, 0xCE17, 0xCE17, 0xCE17, 0xCE17,
    0xCE17, 0xCE17, 0xCE17, 0xCE17, 0xCE17, 0xCE17, 0xCE17, 0xCE17,
    0xCE17, 0xCE17, 0xCE17, 0xCE17, 0xCE17, 0xD617, 0xD637, 0xD637,
    0xD637, 0xD637, 0xD637, 0xD637, 0xD637, 0xD617, 0xCE17, 0xD617,
    0xD637, 0xD637, 0xD637, 0xD637, 0xD637, 0xD617, 0xD617, 0xD617,
    0xC552, 0xC552, 0xC552, 0xC552, 0xC532, 0xC531, 0xC531, 0xC531,
    0xBD31, 0xBD31, 0xC531, 0xBD31, 0xBD31, 0xC531, 0xC531, 0xBD31,
    0xBD31, 0xBD31, 0xBD31, 0xBD31, 0xBD31, 0xBD31, 0xBD31, 0xBD11,
    0xBD11, 0xBD11, 0xBD11, 0xBD11, 0xBD11, 0xBD11, 0xBD11, 0xBD11,
    0xBD11, 0xBD11, 0xBD11, 0xBD11, 0xBD11, 0xBD11, 0xBCF0, 0xBCF0,
    0xBCF0, 0xBCF0, 0xBCF0, 0xBCF0, 0xBCF0, 0xBCF0, 0xBCF0, 0xBCF0,
    0xBCF0, 0xBCF0, 0xBCF0, 0xBCF0, 0xBCF0, 0xBCD0, 0xBCF0, 0xBCF0,
    0xBCF0, 0xBCF0, 0xBCF0, 0xBCF0, 0xB4CF, 0xB4AF, 0xB46E, 0xAC4D,
    0xAC0B, 0xABEA, 0xABA8, 0xABC8, 0xB3C9, 0xB3E9, 0xB3E9, 0xB3E9,
    0xB42B, 0xB46E, 0xBCD0, 0xBD32, 0xC574, 0xC5B6, 0xCDF7, 0xCE38,
    0xD658, 0xD658, 0xD638, 0xCE38, 0xCE38, 0xCE38, 0xCE38, 0xCE38,
    0xCE38, 0xCE38, 0xCE38, 0xCE38, 0xCE38, 0xCE38, 0xCE38, 0xCE38,
    0xCE38, 0xCE38, 0xCE38, 0xCE38, 0xCE38, 0xCE38, 0xCE38, 0xCE38,
    0xCE38, 0xCE38, 0xCE38, 0xCE38, 0xCE38, 0xCE17, 0xCE18, 0xCE18,
    0xCE17, 0xCE17, 0xCE17, 0xCE17, 0xCE18, 0xCE18, 0xCE18, 0xCE18,
    0xCE17, 0xCE17, 0xCE17, 0xCE17, 0xCE17, 0xCE17, 0xCE17, 0xCE17,
    0xCE17, 0xCE17, 0xCE17, 0xCE17, 0xCE17, 0xCE17, 0xCE17, 0xCE17,
    0xCE17, 0xCE17, 0xCE17, 0xCE17, 0xCE17, 0xCE37, 0xCE37, 0xCE17,
    0xCE17, 0xCE17, 0xCE17, 0xCE17, 0xCE17, 0xCE17, 0xCE17, 0xCE17,
    0xCE17, 0xCE17, 0xCE17, 0xCE17, 0xCE17, 0xCE17, 0xCE17, 0xCE37,
    0xCE37, 0xCE37, 0xCE37, 0xCE37, 0xCE17, 0xCE37, 0xCE38, 0xCE37,
    0xCE38, 0xCE38, 0xCE37, 0xCE37, 0xCE37, 0xCE37, 0xCE37, 0xCE38,
    0xCE37, 0xCE37, 0xCE37, 0xCE17, 0xCE17, 0xCE17, 0xCE17, 0xCE17,
    0xCE17, 0xCE17, 0xCE17, 0xCE17, 0xCE17, 0xCE17, 0xCE17, 0xCE17,
    0xCE17, 0xCE17, 0xCE17, 0xCE17, 0xCE17, 0xCE17, 0xCE17, 0xCE17,
    0xCE17, 0xCE17, 0xCE17, 0xCE17, 0xCE17, 0xCE17, 0xCE17, 0xCE17,
    0xCE17, 0xCE17, 0xCE17, 0xCE17, 0xCE17, 0xCE17, 0xCE17, 0xCE17,
    0xCE17, 0xCE17, 0xCE17, 0xCE17, 0xCE37, 0xD637, 0xD637, 0xD637,
    0xD637, 0xD637, 0xD637, 0xD637, 0xD617, 0xD617, 0xCE17, 0xD617,
    0xD637, 0xD637, 0xD637, 0xD637, 0xD637, 0xD637, 0xD617, 0xCE17,
    0xC552, 0xC552, 0xC552, 0xC552, 0xC531, 0xC531, 0xC531, 0xBD31,
    0xBD31, 0xBD31, 0xBD31, 0xBD31, 0xBD31, 0xBD31, 0xBD31, 0xBD31,
    0xBD31, 0xBD31, 0xBD31, 0xBD31, 0xBD31, 0xBD11, 0xBD11, 0xBD11,
    0xBD11, 0xBD11, 0xBD11, 0xBD11, 0xBD11, 0xBD11, 0xBD11, 0xBD11,
    0xBD11, 0xBD11, 0xBD11, 0xBD11, 0xBD11, 0xBD11, 0xBD11, 0xBCF0,
    0xBD10, 0xBCF0, 0xBCF0, 0xBCF0, 0xBCF0, 0xBCF0, 0xBCF0, 0xBCF0,
    0xBCF0, 0xBCF0, 0xBCF0, 0xBCF0, 0xBCF0, 0xBCF0, 0xBCF0, 0xBCF0,
    0xBCF0, 0xBCF0, 0xBCF0, 0xBCF0, 0xB4CF, 0xB4AE, 0xB46E, 0xAC4C,
    0xAC0B, 0xABEA, 0xABC8, 0xABA8, 0xB3C9, 0xB3E9, 0xB3C9, 0xB3E9,
    0xB40B, 0xB46E, 0xBCD0, 0xBD32, 0xC574, 0xC5B6, 0xCDF7, 0xCE17,
    0xD638, 0xD638, 0xD638, 0xCE38, 0xCE38, 0xCE38, 0xCE38, 0xCE38,
    0xCE38, 0xCE38, 0xCE38, 0xCE38, 0xCE38, 0xCE38, 0xCE38, 0xCE38,
    0xCE38, 0xCE38, 0xCE38, 0xCE38, 0xCE38, 0xCE38, 0xCE38, 0xCE38,
    0xCE38, 0xCE38, 0xCE38, 0xCE38, 0xCE38, 0xCE38, 0xCE18, 0xCE17,
    0xCE17, 0xCE17, 0xCE17, 0xCE17, 0xCE38, 0xCE38, 0xCE18, 0xCE17,
    0xCE17, 0xCE17, 0xCE17, 0xCE17, 0xCE17, 0xCE17, 0xCE17, 0xCE17,
    0xCE17, 0xCE17, 0xCE17, 0xCE17, 0xCE17, 0xCE17, 0xCE17, 0xCE17,
    0xCE37, 0xCE37, 0xCE17, 0xCE37, 0xCE37, 0xCE37, 0xCE17, 0xCE17,
    0xCE17, 0xCE17, 0xCE17, 0xCE17, 0xCE17, 0xCE17, 0xCE17, 0xCE17,
    0xCE17, 0xCE17, 0xCE17, 0xCE17, 0xCE17, 0xCE17, 0xCE17, 0xCE37,
    0xCE37, 0xCE37, 0xCE37, 0xCE37, 0xCE37, 0xCE17, 0xCE37, 0xCE37,
    0xCE38, 0xCE37, 0xCE37, 0xCE37, 0xCE37, 0xCE37, 0xCE37, 0xCE37,
    0xCE37, 0xCE37, 0xCE37, 0xCE37, 0xCE37, 0xCE17, 0xCE17, 0xCE17,
    0xCE17, 0xCE17, 0xCE37, 0xCE17, 0xCE37, 0xCE17, 0xCE17, 0xCE17,
    0xCE17, 0xCE17, 0xCE17, 0xCE17, 0xCE17, 0xCE17, 0xCE17, 0xCE17,
    0xCE17, 0xCE17, 0xCE17, 0xCE17, 0xCE17, 0xCE17, 0xCE17, 0xCE17,
    0xCE17, 0xCE17, 0xCE17, 0xCE17, 0xCE17, 0xCE17, 0xCE17, 0xCE17,
    0xCE17, 0xCE17, 0xCE17, 0xCE37, 0xD637, 0xD637, 0xD637, 0xD637,
    0xD637, 0xD637, 0xD637, 0xD637, 0xCE37, 0xCE17, 0xD617, 0xCE37,
    0xCE17, 0xCE17, 0xD637, 0xD637, 0xD637, 0xD637, 0xD637, 0xD617,
    0xC552, 0xC552, 0xC552, 0xC552, 0xC531, 0xC531, 0xC531, 0xBD31,
    0xBD31, 0xBD31, 0xBD31, 0xBD31, 0xBD31, 0xBD31, 0xBD31, 0xBD31,
    0xBD31, 0xBD31, 0xBD11, 0xBD11, 0xBD31, 0xBD11, 0xBD11, 0xBD11,
    0xBD11, 0xBD11, 0xBD11, 0xBD11, 0xBD11, 0xBD11, 0xBD11, 0xBD11,
    0xBD11, 0xBD11, 0xBD11, 0xBD11, 0xBD10, 0xBD11, 0xBD11, 0xBD11,
    0xBD10, 0xBD10, 0xBCF0, 0xBCF0, 0xBCF0, 0xBCF0, 0xBCF0, 0xBCF0,
    0xBCF0, 0xBCF0, 0xBCF0, 0xBCF0, 0xBCF0, 0xBCF0, 0xBCF0, 0xBCF0,
    0xB4D0, 0xBCF0, 0xBCF0, 0xBCD0, 0xB4CF, 0xB4AE, 0xB46E, 0xAC4C,
    0xAC0B, 0xABEA, 0xABC9, 0xABA8, 0xB3C8, 0xB3C9, 0xB3C8, 0xB3E9,
    0xB40B, 0xB46E, 0xBCD0, 0xBD32, 0xC574, 0xC5B6, 0xCDF7, 0xCE17,
    0xCE38, 0xD638, 0xD638, 0xCE38, 0xCE38, 0xCE38, 0xCE38, 0xCE38,
    0xCE38, 0xCE38, 0xCE38, 0xCE38, 0xCE38, 0xCE38, 0xCE38, 0xCE38,
    0xCE38, 0xCE38, 0xCE38, 0xCE38, 0xCE38, 0xCE38, 0xCE38, 0xCE38,
    0xCE38, 0xCE38, 0xCE38, 0xCE38, 0xCE38, 0xCE38, 0xCE38, 0xCE18,
    0xCE18, 0xCE17, 0xCE17, 0xCE18, 0xCE38, 0xCE38, 0xCE38, 0xCE17,
    0xCE17, 0xCE17, 0xCE17, 0xCE17, 0xCE17, 0xCE17, 0xCE17, 0xCE17,
    0xCE17, 0xCE17, 0xCE17, 0xCE17, 0xCE17, 0xCE17, 0xCE17, 0xCE17,
    0xCE37, 0xCE38, 0xCE37, 0xCE37, 0xCE37, 0xCE37, 0xCE37, 0xCE17,
    0xCE17, 0xCE17, 0xCE17, 0xCE17, 0xCE17, 0xCE17, 0xCE17, 0xCE17,
    0xCE17, 0xCE17, 0xCE17, 0xCE17, 0xCE17, 0xCE17, 0xCE17, 0xCE37,
    0xCE37, 0xCE17, 0xCE37, 0xCE37, 0xCE38, 0xCE38, 0xCE37, 0xCE38,
    0xCE38, 0xCE38, 0xCE38, 0xCE37, 0xCE37, 0xCE37, 0xCE37, 0xCE37,
    0xCE37, 0xCE37, 0xCE37, 0xCE17, 0xCE37, 0xCE17, 0xCE17, 0xCE17,
    0xCE37, 0xCE17, 0xCE37, 0xCE37, 0xCE37, 0xCE17, 0xCE17, 0xCE17,
    0xCE17, 0xCE17, 0xCE17, 0xCE17, 0xCE17, 0xCE17, 0xCE17, 0xCE17,
    0xCE17, 0xCE17, 0xCE17, 0xCE17, 0xCE17, 0xCE17, 0xCE17, 0xCE17,
    0xCE17, 0xCE17, 0xCE17, 0xCE17, 0xCE17, 0xCE17, 0xCE17, 0xCE17,
    0xCE17, 0xCE17, 0xCE17, 0xCE37, 0xD637, 0xD637, 0xD637, 0xD637,
    0xD637, 0xD637, 0xD637, 0xD617, 0xCE17, 0xD637, 0xD637, 0xD637,
    0xCE17, 0xCE17, 0xD637, 0xD637, 0xD637, 0xD637, 0xD637, 0xD637,
    0xC552, 0xC552, 0xC552, 0xC552, 0xC532, 0xC531, 0xC531, 0xBD31,
    0xBD31, 0xBD31, 0xBD31, 0xBD31, 0xBD31, 0xBD31, 0xBD31, 0xBD11,
    0xBD11, 0xBD11, 0xBD11, 0xBD11, 0xBD11, 0xBD11, 0xBD11, 0xBD11,
    0xBD11, 0xBD11, 0xBD11, 0xBD11, 0xBD11, 0xBD11, 0xBD11, 0xBD11,
    0xBD11, 0xBD10, 0xBD10, 0xBD10, 0xBD11, 0xBD11, 0xBD11, 0xBD11,
    0xBD10, 0xBCF0, 0xBCF0, 0xBCF0, 0xBCF0, 0xBCF0, 0xBCF0, 0xBCF0,
    0xBCF0, 0xBCF0, 0xBCF0, 0xBCF0, 0xBCF0, 0xBCD0, 0xBCF0, 0xBCD0,
    0xBCD0, 0xBCD0, 0xBCD0, 0xBCF0, 0xB4CF, 0xB48E, 0xB46E, 0xAC4D,
    0xAC0B, 0xABEA, 0xABC8, 0xABA8, 0xB3C8, 0xB3C8, 0xB3C8, 0xB3E9,
    0xB40B, 0xB46E, 0xBCD0, 0xBD32, 0xC574, 0xC5B6, 0xCDF7, 0xCE17,
    0xCE38, 0xCE38, 0xD638, 0xCE38, 0xCE38, 0xCE38, 0xCE38, 0xCE38,
    0xCE38, 0xCE38, 0xCE38, 0xCE38, 0xCE38, 0xCE38, 0xCE38, 0xCE38,
    0xCE38, 0xCE38, 0xCE38, 0xCE38, 0xCE58, 0xD658, 0xD658, 0xCE38,
    0xCE38, 0xCE38, 0xCE38, 0xCE38, 0xCE38, 0xCE38, 0xCE38, 0xCE38,
    0xCE18, 0xCE18, 0xCE17, 0xCE38, 0xCE18, 0xCE17, 0xCE18, 0xCE18,
    0xCE17, 0xCE17, 0xCE17, 0xCE17, 0xCE18, 0xCE38, 0xCE37, 0xCE17,
    0xCE17, 0xCE17, 0xCE17, 0xCE17, 0xCE17, 0xCE17, 0xCE17, 0xCE17,
    0xCE37, 0xCE38, 0xCE38, 0xCE37, 0xCE37, 0xCE37, 0xCE17, 0xCE17,
    0xCE17, 0xCE17, 0xCE17, 0xCE17, 0xCE17, 0xCE17, 0xCE17, 0xCE17,
    0xCE17, 0xCE17, 0xCE17, 0xCE17, 0xCE37, 0xCE17, 0xCE17, 0xCE37,
    0xCE37, 0xCE37, 0xCE37, 0xCE37, 0xCE37, 0xCE37, 0xCE37, 0xCE38,
    0xCE38, 0xCE38, 0xCE38, 0xCE37, 0xCE37, 0xCE37, 0xCE37, 0xCE37,
    0xCE37, 0xCE37, 0xCE37, 0xCE37, 0xCE37, 0xCE17, 0xCE17, 0xCE37,
    0xCE17, 0xCE37, 0xCE37, 0xCE37, 0xCE17, 0xCE37, 0xCE17, 0xCE17,
    0xCE17, 0xCE17, 0xCE17, 0xCE17, 0xCE17, 0xCE17, 0xCE17, 0xCE17,
    0xCE17, 0xCE17, 0xCE17, 0xCE17, 0xCE17, 0xCE17, 0xCE17, 0xCE17,
    0xCE17, 0xCE17, 0xCE17, 0xCE17, 0xCE17, 0xCE17, 0xCE17, 0xCE17,
    0xCE17, 0xCE17, 0xD617, 0xD637, 0xD637, 0xD637, 0xD617, 0xD617,
    0xD637, 0xD637, 0xD637, 0xD637, 0xCE37, 0xCE37, 0xCE37, 0xCE37,
    0xD617, 0xD617, 0xD637, 0xD637, 0xD637, 0xD617, 0xCE17, 0xCE17,
    0xC552, 0xC552, 0xC552, 0xC552, 0xC532, 0xC531, 0xC531, 0xC531,
    0xBD31, 0xBD31, 0xBD31, 0xBD31, 0xBD31, 0xBD11, 0xBD11, 0xBD11,
    0xBD11, 0xBD11, 0xBD11, 0xBD11, 0xBD11, 0xBD11, 0xBD11, 0xBD11,
    0xBD11, 0xBD11, 0xBD11, 0xBD11, 0xBD11, 0xBD11, 0xBD11, 0xBD11,
    0xBD10, 0xBCF0, 0xBD10, 0xBD10, 0xBD10, 0xBD10, 0xBD10, 0xBD11,
    0xBD10, 0xBCF0, 0xBCF0, 0xBCF0, 0xBCF0, 0xBCF0, 0xBCF0, 0xBCF0,
    0xBCF0, 0xBCF0, 0xBCF0, 0xBCF0, 0xBCF0, 0xBCD0, 0xBCD0, 0xBCD0,
    0xBCD0, 0xBCD0, 0xBCCF, 0xBCF0, 0xB4CF, 0xB4AE, 0xB46E, 0xAC4D,
    0xAC0B, 0xABEA, 0xABA8, 0xABA8, 0xB3C8, 0xB3C8, 0xB3C8, 0xB3C9,
    0xB42B, 0xB46E, 0xBCD0, 0xBD12, 0xC574, 0xC5B6, 0xCDF7, 0xCE17,
    0xCE38, 0xCE38, 0xCE38, 0xCE38, 0xCE38, 0xCE38, 0xCE38, 0xCE38,
    0xD638, 0xCE38, 0xCE38, 0xCE38, 0xCE38, 0xCE38, 0xCE38, 0xCE38,
    0xCE38, 0xCE18, 0xD638, 0xCDD6, 0xCDB5, 0xC595, 0xCDF6, 0xCDD6,
    0xCE17, 0xD638, 0xCE17, 0xD658, 0xCE38, 0xCE38, 0xCE38, 0xCE38,
    0xCE38, 0xCE18, 0xCE18, 0xCE17, 0xCE17, 0xCE17, 0xCE17, 0xCE18,
    0xCE17, 0xCE17, 0xCE18, 0xCE18, 0xCE18, 0xCE18, 0xCE38, 0xCE18,
    0xCE17, 0xCE17, 0xCE17, 0xCE17, 0xCE17, 0xCE17, 0xCE37, 0xCE37,
    0xCE37, 0xCE38, 0xCE37, 0xCE37, 0xCE17, 0xCE17, 0xCE17, 0xCE17,
    0xCE37, 0xCE17, 0xCE17, 0xCE17, 0xCE17, 0xCE17, 0xCE17, 0xCE17,
    0xCE17, 0xCE17, 0xCE17, 0xCE17, 0xCE37, 0xCE17, 0xCE17, 0xCE37,
    0xCE37, 0xCE37, 0xCE37, 0xCE37, 0xCE37, 0xCE17, 0xCE37, 0xCE37,
    0xCE37, 0xCE38, 0xCE38, 0xCE37, 0xCE37, 0xCE17, 0xCE17, 0xCE37,
    0xCE37, 0xCE37, 0xCE37, 0xCE37, 0xCE37, 0xCE17, 0xCE17, 0xCE17,
    0xCE17, 0xCE17, 0xCE17, 0xCE17, 0xCE17, 0xCE17, 0xCE17, 0xCE17,
    0xCE17, 0xCE17, 0xCE17, 0xCE17, 0xCE17, 0xCE17, 0xCE17, 0xCE17,
    0xCE37, 0xCE17, 0xCE37, 0xCE17, 0xCE17, 0xCE17, 0xCE17, 0xCE17,
    0xCE17, 0xCE17, 0xCE17, 0xCE17, 0xCE17, 0xCE17, 0xCE17, 0xCE17,
    0xCE17, 0xCE17, 0xCE17, 0xCE17, 0xD637, 0xD617, 0xD617, 0xD617,
    0xD637, 0xD637, 0xD637, 0xD637, 0xCE37, 0xCE37, 0xCE37, 0xCE37,
    0xCE17, 0xCE17, 0xD637, 0xD637, 0xD637, 0xCE17, 0xCE17, 0xCE17,
    0xC552, 0xC552, 0xC552, 0xC552, 0xC531, 0xC531, 0xBD31, 0xC531,
    0xBD31, 0xBD31, 0xBD31, 0xBD31, 0xBD11, 0xBD11, 0xBD11, 0xBD11,
    0xBD11, 0xBD11, 0xBD11, 0xBD11, 0xBD11, 0xBD11, 0xBD11, 0xBD11,
    0xBD11, 0xBD11, 0xBD11, 0xBD11, 0xBD11, 0xBD11, 0xBD11, 0xBD11,
    0xBD11, 0xBD10, 0xBCF0, 0xBD10, 0xBD10, 0xBD10, 0xBD10, 0xBD10,
    0xBCF0, 0xBCF0, 0xBCF0, 0xBCF0, 0xBCF0, 0xBCF0, 0xBCF0, 0xBCF0,
    0xBCF0, 0xBCF0, 0xBCF0, 0xBCD0, 0xBCF0, 0xB4D0, 0xBCD0, 0xBCD0,
    0xBCD0, 0xBCF0, 0xBCF0, 0xBCF0, 0xB4CF, 0xB4AE, 0xB46E, 0xAC4D,
    0xAC0B, 0xABEA, 0xABA8, 0xABA8, 0xB3C8, 0xB3E9, 0xB3C8, 0xB3E9,
    0xB42B, 0xB46E, 0xBCD0, 0xBD32, 0xC574, 0xC5B5, 0xCDF7, 0xCE17,
    0xCE38, 0xD638, 0xCE38, 0xCE38, 0xCE38, 0xCE38, 0xCE38, 0xD638,
    0xD638, 0xCE38, 0xCE38, 0xCE38, 0xCE38, 0xCE38, 0xCE17, 0xCDB5,
    0xBD12, 0xB490, 0xAC2E, 0xA3CC, 0x9B49, 0x9309, 0x9329, 0x9B8B,
    0xA3CC, 0xB490, 0xBD12, 0xC574, 0xCDF6, 0xCE38, 0xCE38, 0xCE38,
    0xCE38, 0xCE38, 0xCE38, 0xCE17, 0xCE17, 0xCE17, 0xCE17, 0xCE17,
    0xCE17, 0xCE17, 0xCE18, 0xCE38, 0xCE18, 0xCE18, 0xCE18, 0xCE18,
    0xCE18, 0xCE18, 0xCE17, 0xCE17, 0xCE17, 0xCE17, 0xCE37, 0xCE38,
    0xCE38, 0xCE37, 0xCE37, 0xCE17, 0xCE17, 0xCE17, 0xCE17, 0xCE17,
    0xCE38, 0xCE17, 0xCE17, 0xCE17, 0xCE17, 0xCE17, 0xCE37, 0xCE17,
    0xCE37, 0xCE17, 0xCE17, 0xCE17, 0xCE17, 0xCE17, 0xCE37, 0xCE37,
    0xCE37, 0xCE37, 0xCE37, 0xCE17, 0xCE37, 0xCE17, 0xCE17, 0xCE17,
    0xCE37, 0xCE37, 0xCE37, 0xCE37, 0xCE37, 0xCE37, 0xCE37, 0xCE37,
    0xCE37, 0xCE37, 0xCE37, 0xCE37, 0xCE17, 0xCE37, 0xCE37, 0xCE17,
    0xCE17, 0xCE17, 0xCE17, 0xCE37, 0xCE17, 0xCE17, 0xCE17, 0xCE17,
    0xCE17, 0xCE37, 0xCE17, 0xCE17, 0xCE17, 0xCE17, 0xCE17, 0xCE17,
    0xCE17, 0xCE37, 0xCE37, 0xCE37, 0xCE17, 0xCE17, 0xCE17, 0xCE17,
    0xCE17, 0xCE17, 0xCE17, 0xCE17, 0xCE17, 0xCE17, 0xCE17, 0xCE17,
    0xCE17, 0xCE17, 0xCE17, 0xD617, 0xCE17, 0xCE17, 0xD617, 0xD617,
    0xD637, 0xD637, 0xD637, 0xCE37, 0xD637, 0xCE37, 0xCE17, 0xCE37,
    0xCE37, 0xD637, 0xD637, 0xD637, 0xD637, 0xD637, 0xCE17, 0xCE17,
    0xC532, 0xC531, 0xC531, 0xC531, 0xC531, 0xC531, 0xC531, 0xC531,
    0xC531, 0xBD31, 0xBD31, 0xBD31, 0xBD11, 0xBD11, 0xBD11, 0xBD11,
    0xBD11, 0xBD11, 0xBD11, 0xBD11, 0xBD11, 0xBD11, 0xBD11, 0xBD11,
    0xBD11, 0xBD11, 0xBD11, 0xBD11, 0xBD11, 0xBD11, 0xBD11, 0xBD10,
    0xBD10, 0xBD10, 0xBD10, 0xBD10, 0xBD10, 0xBD10, 0xBD10, 0xBCF0,
    0xBCF0, 0xBCF0, 0xBCF0, 0xBCF0, 0xBCF0, 0xBCF0, 0xBCF0, 0xBCF0,
    0xBCF0, 0xBCF0, 0xBCF0, 0xBCF0, 0xB4D0, 0xB4D0, 0xBCD0, 0xBCD0,
    0xBCD0, 0xBCF0, 0xBCF0, 0xBCF0, 0xB4CF, 0xB4AF, 0xB46E, 0xAC4D,
    0xAC0B, 0xABEA, 0xABC8, 0xABA8, 0xB3C8, 0xB3E9, 0xB3C8, 0xB3E9,
    0xB42B, 0xB46E, 0xBCD0, 0xBD32, 0xC574, 0xC5B6, 0xCDF7, 0xCE17,
    0xCE38, 0xCE38, 0xCE38, 0xD638, 0xCE38, 0xCE38, 0xD638, 0xCE38,
    0xCE38, 0xCE38, 0xCE38, 0xCE38, 0xCE38, 0xC5B5, 0xBCD0, 0xB44D,
    0x9B6A, 0x8AC7, 0x8266, 0x8AA7, 0x7A66, 0x7A46, 0x69C4, 0x71E5,
    0x8A86, 0x7205, 0x8266, 0x8AC8, 0xAC0E, 0xCDD6, 0xCE17, 0xCE17,
    0xCE38, 0xCE38, 0xCE38, 0xCE17, 0xCE17, 0xCE17, 0xCE17, 0xCE17,
    0xCE17, 0xCE17, 0xCE18, 0xCE17, 0xCE18, 0xCE18, 0xCE38, 0xCE18,
    0xCE18, 0xCE17, 0xCE17, 0xCE17, 0xCE17, 0xCE17, 0xCE17, 0xCE38,
    0xCE18, 0xCE38, 0xCE37, 0xCE37, 0xCE17, 0xCE17, 0xCE17, 0xCE17,
    0xCE17, 0xCE17, 0xCE17, 0xCE17, 0xCE17, 0xCE37, 0xCE37, 0xCE17,
    0xCE17, 0xCE17, 0xCE17, 0xCE17, 0xCE17, 0xCE17, 0xCE37, 0xCE37,
    0xCE37, 0xCE37, 0xCE17, 0xCE17, 0xCE17, 0xCE17, 0xCE37, 0xCE37,
    0xCE37, 0xCE37, 0xCE37, 0xCE37, 0xCE37, 0xCE37, 0xCE37, 0xCE37,
    0xCE37, 0xCE37, 0xCE37, 0xCE37, 0xCE17, 0xCE17, 0xCE17, 0xCE17,
    0xCE17, 0xCE17, 0xCE17, 0xCE17, 0xCE17, 0xCE17, 0xCE17, 0xCE17,
    0xCE17, 0xCE17, 0xCE17, 0xCE17, 0xCE17, 0xCE17, 0xCE17, 0xCE17,
    0xCE17, 0xCE17, 0xCE37, 0xCE17, 0xCE17, 0xCE17, 0xCE17, 0xCE17,
    0xCE17, 0xCE17, 0xCE17, 0xCE17, 0xCE17, 0xCE17, 0xCE17, 0xCE17,
    0xCE17, 0xCE37, 0xCE17, 0xCE17, 0xCE17, 0xD617, 0xCE17, 0xCE37,
    0xD637, 0xD637, 0xD637, 0xCE37, 0xCE37, 0xCE17, 0xCE17, 0xCE37,
    0xCE37, 0xD637, 0xCE37, 0xD637, 0xCE37, 0xD617, 0xCE17, 0xCE17,
    0xC531, 0xC531, 0xC531, 0xC531, 0xC531, 0xC531, 0xC531, 0xC531,
    0xC531, 0xBD31, 0xBD11, 0xBD11, 0xBD10, 0xBD10, 0xBD11, 0xBD11,
    0xBD11, 0xBD11, 0xBD11, 0xBD11, 0xBD10, 0xBD11, 0xBD11, 0xBD11,
    0xBD11, 0xBD11, 0xBD11, 0xBD11, 0xBD11, 0xBD11, 0xBD11, 0xBD10,
    0xBD10, 0xBD10, 0xBD10, 0xBD10, 0xBD10, 0xBCF0, 0xBD10, 0xBCF0,
    0xBCF0, 0xBCF0, 0xBCF0, 0xBCF0, 0xBCF0, 0xBCF0, 0xBCF0, 0xBCF0,
    0xBCF0, 0xBCF0, 0xBCD0, 0xBCD0, 0xBCD0, 0xB4D0, 0xB4D0, 0xBCD0,
    0xBCD0, 0xBCF0, 0xBCF0, 0xBCF0, 0xB4CF, 0xB4AE, 0xB46E, 0xAC4D,
    0xAC0B, 0xABEA, 0xABC9, 0xABC8, 0xB3C8, 0xB3E9, 0xB3E8, 0xB3E9,
    0xB42B, 0xB46E, 0xBCD0, 0xBD32, 0xC574, 0xC5B6, 0xCDF7, 0xCE17,
    0xCE38, 0xCE38, 0xCE38, 0xCE38, 0xCE38, 0xCE38, 0xCE38, 0xCE38,
    0xCE38, 0xCE38, 0xCE38, 0xCE17, 0xCDB5, 0xBCB0, 0xA38A, 0x9308,
    0x8287, 0x9308, 0x7A87, 0x8286, 0x7A25, 0x7225, 0x7A45, 0x7A25,
    0x8266, 0x7A05, 0x7A25, 0x69C4, 0x7A46, 0xA3CC, 0xBCF2, 0xC595,
    0xD658, 0xCE38, 0xCE38, 0xCE38, 0xCE18, 0xCE17, 0xCE17, 0xCE17,
    0xCE17, 0xCE17, 0xCE18, 0xCE18, 0xCE17, 0xCE17, 0xCE17, 0xCE17,
    0xCE17, 0xCE17, 0xCE17, 0xCE17, 0xCE17, 0xCE17, 0xCE17, 0xCE17,
    0xCE38, 0xCE38, 0xCE38, 0xCE38, 0xCE17, 0xCE17, 0xCE17, 0xCE17,
    0xCE17, 0xCE17, 0xCE17, 0xCE17, 0xCE17, 0xCE37, 0xCE17, 0xCE17,
    0xCE17, 0xCE17, 0xCE17, 0xCE17, 0xCE17, 0xCE17, 0xCE17, 0xCE17,
    0xCE17, 0xCE17, 0xCE17, 0xCE17, 0xCE17, 0xCE37, 0xCE37, 0xCE37,
    0xCE17, 0xCE17, 0xCE17, 0xCE37, 0xCE37, 0xCE37, 0xCE37, 0xCE37,
    0xCE37, 0xCE37, 0xCE37, 0xCE17, 0xCE17, 0xCE17, 0xCE37, 0xCE17,
    0xCE17, 0xCE17, 0xCE17, 0xCE17, 0xCE17, 0xCE17, 0xCE17, 0xCE17,
    0xCE17, 0xCE17, 0xCE37, 0xCE17, 0xCE17, 0xCE17, 0xCE17, 0xCE17,
    0xCE17, 0xCE37, 0xCE37, 0xCE17, 0xCE17, 0xCE17, 0xCE17, 0xCE17,
    0xCE17, 0xCE17, 0xCE17, 0xCE17, 0xCE17, 0xCE17, 0xCE17, 0xCE37,
    0xCE37, 0xCE37, 0xD637, 0xCE17, 0xD637, 0xD637, 0xD617, 0xCE37,
    0xCE17, 0xCE37, 0xCE37, 0xCE37, 0xCE37, 0xCE37, 0xCE17, 0xCE37,
    0xD637, 0xD637, 0xCE17, 0xCE17, 0xCE17, 0xD617, 0xCE37, 0xCE17,
    0xC510, 0xC510, 0xC510, 0xC510, 0xC510, 0xC510, 0xC510, 0xC510,
    0xC510, 0xC510, 0xC510, 0xBD10, 0xBD10, 0xBD10, 0xC510, 0xBD10,
    0xBD10, 0xBD10, 0xBCF0, 0xBCF0, 0xBCF0, 0xBCF0, 0xBCF0, 0xBD10,
    0xBD10, 0xBD10, 0xBD10, 0xBCF0, 0xBCF0, 0xBD10, 0xBCF0, 0xBCF0,
    0xBCF0, 0xBCF0, 0xBCF0, 0xBCF0, 0xBCF0, 0xBCF0, 0xBCF0, 0xBCF0,
    0xBCF0, 0xBCF0, 0xBCF0, 0xBCF0, 0xBCF0, 0xBCF0, 0xBCF0, 0xBCF0,
    0xBCF0, 0xBCF0, 0xBCD0, 0xBCD0, 0xB4D0, 0xB4D0, 0xBCD0, 0xBCD0,
    0xBCD0, 0xBCD0, 0xBCD0, 0xBCF0, 0xB4CF, 0xB4AE, 0xB46D, 0xAC4D,
    0xAC0B, 0xABEA, 0xABC9, 0xABC8, 0xB3C8, 0xB3E9, 0xB3E8, 0xB3E9,
    0xB42B, 0xB46E, 0xBCD0, 0xBD12, 0xC574, 0xC5B6, 0xCDF7, 0xCE17,
    0xCE38, 0xCE38, 0xCE38, 0xCE38, 0xCE38, 0xCE38, 0xD638, 0xCE38,
    0xCE38, 0xCE38, 0xCDF7, 0xC553, 0xBCAF, 0xA3CB, 0x9349, 0x82A7,
    0x7205, 0x7225, 0x7A66, 0x61C4, 0x69E4, 0x71E4, 0x7A45, 0x8245,
    0x8266, 0x7A25, 0x7A25, 0x71E4, 0x69E4, 0x71E4, 0x7A66, 0xAC6F,
    0xCE17, 0xCE18, 0xCE38, 0xCE38, 0xCE38, 0xCE18, 0xCE17, 0xCE17,
    0xCE17, 0xCE17, 0xCE18, 0xCE18, 0xCE18, 0xCE18, 0xCE17, 0xCE17,
    0xCE18, 0xCE17, 0xCE18, 0xCE17, 0xCE17, 0xCE37, 0xCE17, 0xCE17,
    0xCE38, 0xCE38, 0xCE38, 0xCE38, 0xCE38, 0xCE38, 0xCE37, 0xCE37,
    0xCE37, 0xCE38, 0xCE17, 0xCE17, 0xCE17, 0xCE17, 0xCE17, 0xCE17,
    0xCE17, 0xCE17, 0xCE17, 0xCE17, 0xCE17, 0xCE17, 0xCE17, 0xCE17,
    0xCE17, 0xCE17, 0xCE17, 0xCE37, 0xCE17, 0xCE17, 0xCE17, 0xCE17,
    0xCE37, 0xCE37, 0xCE17, 0xCE37, 0xCE37, 0xCE37, 0xCE17, 0xCE37,
    0xCE37, 0xCE37, 0xCE37, 0xCE17, 0xCE37, 0xCE37, 0xCE17, 0xCE17,
    0xCE17, 0xCE17, 0xCE17, 0xCE17, 0xCE17, 0xCE17, 0xCE17, 0xCE17,
    0xCE17, 0xCE17, 0xCE37, 0xCE17, 0xCE17, 0xCE17, 0xCE17, 0xCE17,
    0xCE17, 0xCE37, 0xCE37, 0xCE37, 0xCE37, 0xCE17, 0xCE17, 0xCE17,
    0xCE17, 0xCE17, 0xCE17, 0xCE17, 0xCE17, 0xCE17, 0xCE37, 0xCE37,
    0xD637, 0xD637, 0xD637, 0xD637, 0xD637, 0xD637, 0xCE37, 0xCE37,
    0xCE37, 0xCE37, 0xCE37, 0xCE37, 0xCE37, 0xD637, 0xCE37, 0xD637,
    0xD637, 0xD637, 0xCE37, 0xCE37, 0xCE17, 0xD617, 0xCE17, 0xCE37,
    0xC4EF, 0xC4EF, 0xC4EF, 0xC4EF, 0xC4EF, 0xC4EF, 0xC50F, 0xC4EF,
    0xC50F, 0xC4EF, 0xC4EF, 0xC4EF, 0xC4F0, 0xBCEF, 0xC4EF, 0xC4EF,
    0xBCEF, 0xBCEF, 0xBCEF, 0xBCEF, 0xBCEF, 0xBCF0, 0xBCF0, 0xBCF0,
    0xBCF0, 0xBCF0, 0xBCF0, 0xBCF0, 0xBCF0, 0xBCF0, 0xBCF0, 0xBCF0,
    0xBCF0, 0xBCF0, 0xBCF0, 0xBCF0, 0xBCF0, 0xBCF0, 0xBCF0, 0xBCF0,
    0xBCF0, 0xBCF0, 0xBCF0, 0xBCF0, 0xBCD0, 0xBCCF, 0xBCD0, 0xBCF0,
    0xBCD0, 0xBCD0, 0xBCCF, 0xBCD0, 0xB4D0, 0xB4CF, 0xBCCF, 0xBCD0,
    0xBCCF, 0xBCCF, 0xBCEF, 0xBCCF, 0xB4CF, 0xB48E, 0xB46D, 0xAC4C,
    0xAC0B, 0xABEA, 0xABC9, 0xABA8, 0xB3C8, 0xB3E8, 0xB3C8, 0xB3E9,
    0xB42B, 0xB46E, 0xB4D0, 0xBD12, 0xC574, 0xC5B6, 0xCDF7, 0xCE17,
    0xCE38, 0xCE38, 0xCE38, 0xCE38, 0xCE38, 0xCE38, 0xD638, 0xCE38,
    0xCE38, 0xCE17, 0xBD32, 0xAC0C, 0xB44D, 0xABEB, 0x8AE8, 0x7246,
    0x7225, 0x69E5, 0x7225, 0x5984, 0x61A4, 0x61A3, 0x7A05, 0x8286,
    0x71E4, 0x7A25, 0x71E4, 0x8245, 0x7A25, 0x7205, 0x6183, 0x8266,
    0xB4F2, 0xCDD6, 0xCE17, 0xCE38, 0xCE38, 0xCE38, 0xCE18, 0xCE17,
    0xCE17, 0xCE17, 0xCE18, 0xCE18, 0xCE18, 0xCE18, 0xCE17, 0xCE17,
    0xCE18, 0xCE18, 0xCE18, 0xCE18, 0xCE17, 0xCE38, 0xCE17, 0xCE37,
    0xCE38, 0xCE38, 0xCE38, 0xCE38, 0xCE38, 0xCE38, 0xCE38, 0xCE38,
    0xCE37, 0xCE17, 0xCE17, 0xCE17, 0xCE17, 0xCE17, 0xCE17, 0xCE17,
    0xCE17, 0xCE17, 0xCE17, 0xCE17, 0xCE17, 0xCE17, 0xCE17, 0xCE17,
    0xCE17, 0xCE17, 0xCE17, 0xCE17, 0xCE17, 0xCE17, 0xCE17, 0xCE17,
    0xCE17, 0xCE37, 0xCE37, 0xCE37, 0xCE37, 0xCE17, 0xCE37, 0xCE37,
    0xCE17, 0xCE37, 0xCE37, 0xCE17, 0xCE37, 0xCE37, 0xCE17, 0xCE17,
    0xCE17, 0xCE17, 0xCE17, 0xCE17, 0xCE17, 0xCE17, 0xCE17, 0xCE17,
    0xCE17, 0xCE17, 0xCE17, 0xCE17, 0xCE17, 0xCE17, 0xCE17, 0xCE17,
    0xCE37, 0xCE37, 0xCE37, 0xD637, 0xCE37, 0xCE17, 0xCE17, 0xCE17,
    0xCE17, 0xCE17, 0xCE17, 0xCE17, 0xCE17, 0xCE37, 0xCE17, 0xCE37,
    0xD637, 0xD637, 0xD637, 0xCE37, 0xD637, 0xD637, 0xCE17, 0xCE37,
    0xCE37, 0xCE37, 0xD637, 0xD637, 0xD637, 0xD637, 0xD637, 0xD637,
    0xD637, 0xD637, 0xD637, 0xCE37, 0xCE17, 0xCE17, 0xCE37, 0xCE37,
    0xC4EE, 0xC4EE, 0xC4EE, 0xC4EE, 0xC4EE, 0xC4EE, 0xC4EE, 0xC4EE,
    0xC4EF, 0xC4EF, 0xC4EF, 0xC4EF, 0xC4EF, 0xC4EF, 0xC4EF, 0xC4EF,
    0xC4EF, 0xC4EF, 0xBCEF, 0xBCCF, 0xBCCF, 0xBCCF, 0xBCCF, 0xBCCF,
    0xBCCF, 0xBCEF, 0xBCEF, 0xBCEF, 0xBCEF, 0xBCCF, 0xBCCF, 0xBCCF,
    0xBCCF, 0xBCCF, 0xBCCF, 0xBCCF, 0xBCCF, 0xBCCF, 0xBCCF, 0xBCCF,
    0xBCCF, 0xBCCF, 0xBCCF, 0xBCCF, 0xBCCF, 0xBCCF, 0xBCCF, 0xBCCF,
    0xBCCF, 0xBCCF, 0xBCCF, 0xBCCF, 0xB4CF, 0xBCCF, 0xB4CF, 0xBCCF,
    0xBCCF, 0xBCCF, 0xBCCF, 0xB4CF, 0xB4AF, 0xB48E, 0xAC6D, 0xAC2C,
    0xAC0B, 0xABEA, 0xABA9, 0xABA8, 0xB3C8, 0xB3C8, 0xB3C8, 0xB3E9,
    0xB42B, 0xB46E, 0xB4D0, 0xBD12, 0xC574, 0xC5B6, 0xCDF7, 0xCE18,
    0xCE38, 0xCE38, 0xCE38, 0xCE38, 0xCE38, 0xCE38, 0xCE38, 0xCE38,
    0xD658, 0xBD12, 0xA3CC, 0xAC0D, 0xB44D, 0x9B69, 0x8AC7, 0x7A66,
    0x7225, 0x7205, 0x71E4, 0x61C4, 0x5983, 0x4901, 0x69C4, 0x8266,
    0x69E4, 0x69C4, 0x7204, 0x8A45, 0x7A04, 0x7204, 0x61A3, 0x69C3,
    0x82A7, 0xB490, 0xCE17, 0xCE38, 0xCE38, 0xCE38, 0xCE18, 0xCE18,
    0xCE17, 0xCE18, 0xCE18, 0xCE18, 0xCE18, 0xCE18, 0xCE18, 0xCE17,
    0xCE17, 0xCE18, 0xCE18, 0xCE18, 0xCE18, 0xCE38, 0xCE38, 0xCE37,
    0xCE38, 0xCE38, 0xCE38, 0xCE38, 0xCE38, 0xCE38, 0xCE38, 0xCE38,
    0xCE38, 0xCE17, 0xCE17, 0xCE17, 0xCE17, 0xCE17, 0xCE37, 0xCE37,
    0xCE37, 0xCE37, 0xCE37, 0xCE17, 0xCE17, 0xCE17, 0xCE17, 0xCE17,
    0xCE17, 0xCE17, 0xCE17, 0xCE17, 0xCE17, 0xCE17, 0xCE17, 0xCE17,
    0xCE38, 0xCE38, 0xCE37, 0xCE37, 0xCE37, 0xCE37, 0xCE37, 0xCE17,
    0xCE17, 0xCE37, 0xCE37, 0xCE37, 0xCE17, 0xCE17, 0xCE37, 0xCE17,
    0xCE17, 0xCE17, 0xCE17, 0xCE17, 0xCE17, 0xCE17, 0xCE17, 0xCE17,
    0xCE17, 0xCE17, 0xCE17, 0xCE17, 0xCE17, 0xCE37, 0xCE37, 0xCE37,
    0xCE37, 0xCE17, 0xCE37, 0xCE37, 0xCE17, 0xCE37, 0xCE17, 0xCE17,
    0xCE17, 0xCE17, 0xCE17, 0xCE17, 0xCE17, 0xCE17, 0xCE17, 0xCE37,
    0xD637, 0xD637, 0xD637, 0xD637, 0xD637, 0xD637, 0xD637, 0xCE37,
    0xD637, 0xD637, 0xD637, 0xD637, 0xD637, 0xD637, 0xD637, 0xCE37,
    0xCE37, 0xCE37, 0xCE17, 0xCE17, 0xCE17, 0xCE17, 0xD617, 0xD637,
    0xC4CD, 0xC4CD, 0xC4CD, 0xC4CD, 0xC4CD, 0xC4CD, 0xC4CE, 0xC4CE,
    0xC4CE, 0xC4CE, 0xC4CE, 0xC4CE, 0xC4CE, 0xC4CE, 0xC4CE, 0xC4CE,
    0xC4CE, 0xC4CE, 0xC4CE, 0xC4CE, 0xC4CE, 0xC4CE, 0xC4CE, 0xC4CE,
    0xBCCE, 0xC4CE, 0xC4CE, 0xBCCE, 0xBCCE, 0xBCCE, 0xBCCE, 0xBCCE,
    0xBCCE, 0xBCCE, 0xBCCE, 0xBCCE, 0xBCCE, 0xBCCE, 0xBCCE, 0xBCCE,
    0xBCCE, 0xBCCE, 0xBCCE, 0xBCCF, 0xBCCE, 0xBCCE, 0xBCCE, 0xBCCE,
    0xBCCE, 0xBCAE, 0xBCAE, 0xBCAE, 0xBCAE, 0xBCAE, 0xBCAE, 0xBCAE,
    0xBCCF, 0xBCCF, 0xBCCF, 0xB4AF, 0xB4AE, 0xB46D, 0xAC4C, 0xAC2C,
    0xAC0B, 0xABCA, 0xABA8, 0xABA8, 0xB3C8, 0xB3C8, 0xB3C8, 0xB3E9,
    0xB42B, 0xB46E, 0xBCD0, 0xBD12, 0xC574, 0xC5B6, 0xCDF7, 0xCE18,
    0xCE38, 0xCE38, 0xCE38, 0xCE38, 0xCE38, 0xCE38, 0xCE38, 0xD659,
    0xCDB5, 0x936A, 0xA3CC, 0xB44D, 0x9B6A, 0x9B29, 0x7A66, 0x69C4,
    0x69E4, 0x71E4, 0x61A3, 0x6183, 0x61A3, 0x5122, 0x61A3, 0x4902,
    0x71E4, 0x69E4, 0x69C4, 0x8225, 0x7A05, 0x7204, 0x7A04, 0x69C4,
    0x5942, 0x82C8, 0xCDD6, 0xCE38, 0xCE38, 0xCE38, 0xCE18, 0xCE18,
    0xCE18, 0xCE18, 0xCE18, 0xCE18, 0xCE18, 0xCE18, 0xCE18, 0xCE17,
    0xCE18, 0xCE18, 0xCE38, 0xCE38, 0xCE38, 0xCE38, 0xCE18, 0xCE18,
    0xCE38, 0xCE38, 0xCE38, 0xCE38, 0xCE38, 0xCE38, 0xCE38, 0xCE38,
    0xCE18, 0xCE18, 0xCE17, 0xCE17, 0xCE17, 0xCE38, 0xCE37, 0xCE38,
    0xCE37, 0xCE37, 0xCE38, 0xCE37, 0xCE17, 0xCE17, 0xCE17, 0xCE17,
    0xCE37, 0xCE37, 0xCE38, 0xCE37, 0xCE18, 0xCE38, 0xCE37, 0xCE37,
    0xCE38, 0xCE38, 0xCE37, 0xCE37, 0xCE38, 0xCE38, 0xCE37, 0xCE37,
    0xCE37, 0xCE37, 0xCE37, 0xCE37, 0xCE37, 0xCE37, 0xCE37, 0xCE17,
    0xCE17, 0xCE17, 0xCE17, 0xCE17, 0xCE17, 0xCE17, 0xCE17, 0xCE17,
    0xCE37, 0xCE17, 0xCE17, 0xCE17, 0xCE37, 0xD638, 0xD638, 0xD637,
    0xCE37, 0xCE37, 0xCE37, 0xCE37, 0xCE17, 0xCE17, 0xCE17, 0xCE17,
    0xCE17, 0xCE17, 0xCE17, 0xCE37, 0xCE17, 0xCE17, 0xCE17, 0xCE37,
    0xCE37, 0xD637, 0xD637, 0xD637, 0xD637, 0xD637, 0xD637, 0xCE37,
    0xCE37, 0xD637, 0xD637, 0xD637, 0xD637, 0xD637, 0xD637, 0xCE17,
    0xCE37, 0xCE17, 0xCE17, 0xCE17, 0xCE17, 0xCE17, 0xCE17, 0xD637,
    0xC4AC, 0xC4AC, 0xC4CC, 0xC4AC, 0xC4AC, 0xC4CD, 0xC4CD, 0xC4CD,
    0xC4CD, 0xC4CD, 0xC4CD, 0xC4CD, 0xC4CD, 0xC4CD, 0xC4CD, 0xC4CD,
    0xC4CD, 0xC4CD, 0xC4CD, 0xC4AD, 0xC4AD, 0xC4AD, 0xC4AD, 0xC4AD,
    0xC4AD, 0xC4AD, 0xC4CD, 0xC4AD, 0xC4AD, 0xBCAD, 0xBCAD, 0xBCAD,
    0xBCAD, 0xBCAD, 0xBCAD, 0xBCAD, 0xBCAD, 0xBCAD, 0xBCAD, 0xBCAD,
    0xBCAD, 0xBCAD, 0xBCAE, 0xBCAE, 0xBCAE, 0xBCAE, 0xBCAE, 0xBCAE,
    0xBCAE, 0xBCAE, 0xBCAE, 0xBCAE, 0xBCAE, 0xBCAE, 0xBCAE, 0xBCAE,
    0xBCAE, 0xBCAE, 0xBCAE, 0xBCAE, 0xB48D, 0xB46D, 0xAC4C, 0xAC0B,
    0xABEA, 0xABC9, 0xABA8, 0xABC8, 0xB3C8, 0xB3E8, 0xB3C8, 0xB3E9,
    0xB42B, 0xB46E, 0xBCD0, 0xBD32, 0xC574, 0xC5B6, 0xCDF7, 0xCE18,
    0xCE38, 0xCE38, 0xCE38, 0xCE38, 0xCE38, 0xCE38, 0xCE38, 0xCDF6,
    0xBCD0, 0x9B8A, 0xBC8E, 0xB44D, 0x9308, 0x7A46, 0x5984, 0x5163,
    0x5163, 0x5983, 0x69A3, 0x5942, 0x7A04, 0x6183, 0x6183, 0x40E1,
    0x5962, 0x71E4, 0x5962, 0x71C3, 0x8A66, 0x7A04, 0x79E4, 0x7A25,
    0x69A4, 0x7A25, 0xB4B0, 0xCE38, 0xCE38, 0xCE38, 0xCE18, 0xCE18,
    0xCE38, 0xCE18, 0xCE18, 0xCE18, 0xCE18, 0xCE18, 0xCE18, 0xCE18,
    0xCE17, 0xCE18, 0xCE38, 0xCE38, 0xCE38, 0xCE38, 0xCE38, 0xCE18,
    0xCE38, 0xCE38, 0xCE38, 0xCE38, 0xCE38, 0xCE38, 0xCE38, 0xCE18,
    0xCE18, 0xCE18, 0xCE18, 0xCE18, 0xCE18, 0xCE17, 0xCE38, 0xCE38,
    0xCE38, 0xCE38, 0xCE37, 0xCE37, 0xCE37, 0xCE37, 0xCE17, 0xCE17,
    0xCE17, 0xCE37, 0xCE38, 0xCE18, 0xCE18, 0xCE38, 0xCE38, 0xCE38,
    0xCE38, 0xCE38, 0xCE38, 0xCE38, 0xCE38, 0xCE38, 0xCE38, 0xCE38,
    0xCE38, 0xCE38, 0xCE38, 0xCE37, 0xCE37, 0xCE37, 0xCE17, 0xCE37,
    0xCE37, 0xCE37, 0xCE37, 0xCE17, 0xCE17, 0xCE17, 0xCE17, 0xCE37,
    0xCE37, 0xCE17, 0xCE37, 0xCE17, 0xCE37, 0xD638, 0xD638, 0xD637,
    0xCE37, 0xCE37, 0xCE17, 0xCE37, 0xCE17, 0xCE17, 0xCE17, 0xCE17,
    0xCE17, 0xCE17, 0xCE17, 0xCE37, 0xCE17, 0xCE37, 0xCE37, 0xCE37,
    0xCE37, 0xCE17, 0xCE37, 0xCE37, 0xCE17, 0xCE37, 0xD637, 0xCE37,
    0xCE37, 0xCE37, 0xCE37, 0xCE37, 0xCE37, 0xD637, 0xD637, 0xD637,
    0xCE17, 0xCE37, 0xCE17, 0xCE17, 0xCE17, 0xCE17, 0xCE37, 0xD637,
    0xC4CC, 0xC4AC, 0xC4AC, 0xC4AC, 0xC4AC, 0xC4AC, 0xC4AC, 0xC4AC,
    0xC4AC, 0xC4AC, 0xC4AC, 0xC4AC, 0xC4AC, 0xC4AC, 0xC4AC, 0xC4AC,
    0xC4AC, 0xC4AC, 0xC4AC, 0xC4AC, 0xC4AC, 0xC4AC, 0xC48C, 0xC48C,
    0xC48C, 0xC48C, 0xC4AC, 0xC48C, 0xC48C, 0xC48C, 0xC48C, 0xC48C,
    0xC48C, 0xC4AC, 0xBCAC, 0xC4AC, 0xC4AC, 0xC4AC, 0xBCAC, 0xBCAC,
    0xBC8C, 0xBC8C, 0xBCAD, 0xBCAD, 0xBCAD, 0xBCAD, 0xBCAD, 0xBCAD,
    0xBC8D, 0xBC8D, 0xBC8D, 0xBC8D, 0xBC8D, 0xBC8D, 0xBC8D, 0xBC8D,
    0xBC8D, 0xBC8D, 0xBC8D, 0xBC8D, 0xBC8C, 0xB46C, 0xB42B, 0xAC0A,
    0xABE9, 0xABC9, 0xABA8, 0xABC8, 0xB3C8, 0xB3C8, 0xB3E8, 0xB3E9,
    0xB42B, 0xB46E, 0xBCD0, 0xBD32, 0xC574, 0xC5B6, 0xCDF7, 0xCE18,
    0xCE38, 0xCE38, 0xCE38, 0xCE38, 0xCE38, 0xD638, 0xCE38, 0xCDD5,
    0xC510, 0xBC6D, 0xB44D, 0x8B08, 0x6A05, 0x5963, 0x5142, 0x38E1,
    0x5142, 0x4102, 0x5142, 0x5142, 0x5942, 0x6162, 0x6162, 0x4901,
    0x4901, 0x6983, 0x71A3, 0x79E4, 0x8224, 0x8224, 0x69A3, 0x8225,
    0x8245, 0x71E4, 0x9B8B, 0xC595, 0xCE38, 0xCE38, 0xCE18, 0xCE18,
    0xCE18, 0xCE18, 0xCE18, 0xCE18, 0xCE18, 0xCE18, 0xCE18, 0xCE18,
    0xCE18, 0xCE18, 0xCE18, 0xCE18, 0xCE18, 0xCE38, 0xCE38, 0xCE38,
    0xCE38, 0xCE38, 0xCE38, 0xCE38, 0xCE38, 0xCE18, 0xCE38, 0xCE38,
    0xCE18, 0xCE18, 0xCE18, 0xCE18, 0xCE18, 0xCE38, 0xCE38, 0xCE38,
    0xCE38, 0xCE38, 0xCE37, 0xCE37, 0xCE37, 0xCE17, 0xCE17, 0xCE17,
    0xCE17, 0xCE17, 0xCE17, 0xCE37, 0xCE37, 0xCE38, 0xCE38, 0xCE38,
    0xCE38, 0xCE38, 0xCE37, 0xCE38, 0xCE38, 0xCE38, 0xCE38, 0xCE17,
    0xCE38, 0xCE38, 0xCE38, 0xCE38, 0xCE38, 0xCE37, 0xCE37, 0xCE38,
    0xCE37, 0xCE37, 0xCE37, 0xCE17, 0xCE17, 0xCE17, 0xCE17, 0xCE17,
    0xCE37, 0xCE37, 0xCE37, 0xCE37, 0xCE37, 0xCE38, 0xCE38, 0xCE37,
    0xCE37, 0xCE17, 0xCE17, 0xCE17, 0xCE17, 0xCE37, 0xCE17, 0xCE17,
    0xCE17, 0xCE17, 0xCE17, 0xCE17, 0xCE17, 0xCE17, 0xCE17, 0xCE17,
    0xCE17, 0xCE17, 0xCE17, 0xCE17, 0xCE17, 0xCE37, 0xCE17, 0xCE17,
    0xCE17, 0xCE17, 0xCE37, 0xD637, 0xCE37, 0xD637, 0xD637, 0xD637,
    0xCE17, 0xCE37, 0xCE17, 0xCE17, 0xCE17, 0xD637, 0xD637, 0xCE17,
    0xC4CD, 0xC4AC, 0xC4AC, 0xC4AC, 0xC4AC, 0xC4AC, 0xC4AC, 0xC4AC,
    0xC4AC, 0xC4AC, 0xC4AC, 0xC4AC, 0xC4AC, 0xC4AC, 0xC4AC, 0xC4AB,
    0xC4AB, 0xC4AB, 0xC48B, 0xC48B, 0xC48B, 0xC48B, 0xC48B, 0xC48B,
    0xC48B, 0xC48B, 0xC48B, 0xC48B, 0xC48B, 0xC48B, 0xC48B, 0xC48B,
    0xC48B, 0xC48B, 0xC48B, 0xC48B, 0xC48B, 0xC48B, 0xC48B, 0xC48B,
    0xC48B, 0xC48B, 0xBC8B, 0xBC8C, 0xBC8C, 0xBC8C, 0xBC8C, 0xBC8C,
    0xBC8C, 0xBC8C, 0xBC8C, 0xBC8C, 0xBC8C, 0xBC8C, 0xBC8C, 0xBC8C,
    0xBC8C, 0xBC8C, 0xBC8C, 0xBC8C, 0xBC6C, 0xB44B, 0xB42A, 0xB40A,
    0xABE9, 0xABC8, 0xABA8, 0xABC8, 0xB3C8, 0xB3E8, 0xB3E9, 0xB3E9,
    0xB42B, 0xB46E, 0xB4D0, 0xBD32, 0xC574, 0xC5B6, 0xCDF7, 0xCE18,
    0xCE38, 0xCE38, 0xCE38, 0xCE38, 0xD658, 0xD658, 0xCE38, 0xD5F6,
    0xCD31, 0xC4CF, 0x9329, 0x8266, 0x61C4, 0x4102, 0x4102, 0x4922,
    0x4922, 0x5142, 0x4902, 0x5121, 0x48E1, 0x48E1, 0x5942, 0x4901,
    0x48E1, 0x6142, 0x79C3, 0x71A3, 0x79E3, 0x79E4, 0x71C3, 0x71E4,
    0x8A45, 0x71C3, 0x7205, 0xBD33, 0xCE38, 0xCE18, 0xCE18, 0xCE38,
    0xCE38, 0xCE38, 0xCE18, 0xCE18, 0xCE18, 0xCE18, 0xCE18, 0xCE18,
    0xCE18, 0xCE38, 0xCE18, 0xCE18, 0xCE18, 0xCE38, 0xCE38, 0xCE38,
    0xCE38, 0xCE38, 0xCE38, 0xCE38, 0xCE38, 0xCE38, 0xCE38, 0xCE38,
    0xCE38, 0xCE38, 0xCE18, 0xCE18, 0xCE38, 0xCE38, 0xCE38, 0xCE38,
    0xCE38, 0xCE38, 0xCE38, 0xCE38, 0xCE38, 0xCE38, 0xCE38, 0xCE17,
    0xCE17, 0xCE17, 0xCE17, 0xCE37, 0xCE38, 0xCE38, 0xCE38, 0xCE38,
    0xCE38, 0xCE17, 0xD658, 0xD637, 0xD5F6, 0xD616, 0xD5F6, 0xD5F6,
    0xD637, 0xCE37, 0xD658, 0xD638, 0xD638, 0xCE37, 0xCE37, 0xCE38,
    0xCE37, 0xCE37, 0xCE37, 0xCE37, 0xCE17, 0xCE17, 0xCE17, 0xCE17,
    0xCE37, 0xCE38, 0xD637, 0xCE37, 0xCE37, 0xCE37, 0xCE17, 0xCE37,
    0xCE17, 0xCE17, 0xCE17, 0xCE17, 0xCE17, 0xCE17, 0xCE17, 0xCE17,
    0xCE17, 0xCE17, 0xCE17, 0xCE17, 0xCE17, 0xCE17, 0xCE17, 0xCE17,
    0xCE17, 0xCE17, 0xCE17, 0xCE17, 0xCE17, 0xCE37, 0xCE17, 0xCE17,
    0xCE17, 0xCE17, 0xCE17, 0xCE17, 0xCE17, 0xD637, 0xCE37, 0xCE17,
    0xD617, 0xD637, 0xD617, 0xCE17, 0xD617, 0xD637, 0xD637, 0xD637,
    0xC4CD, 0xC4CD, 0xC4AD, 0xC4AD, 0xC4AC, 0xC4CC, 0xC4AC, 0xC4AC,
    0xC4AC, 0xC4AC, 0xC4AC, 0xC4AC, 0xC4AC, 0xC4AC, 0xC4AC, 0xC4AC,
    0xC48B, 0xC48B, 0xC48B, 0xC48B, 0xC48B, 0xC48B, 0xC48B, 0xC48B,
    0xC46B, 0xC48B, 0xC48B, 0xC48B, 0xC46B, 0xC46B, 0xC46B, 0xC46B,
    0xC46A, 0xC46A, 0xC46A, 0xC48A, 0xC46B, 0xC48B, 0xC48B, 0xC46B,
    0xC46A, 0xC46A, 0xC46A, 0xC46A, 0xBC6B, 0xBC6B, 0xBC6B, 0xC46B,
    0xBC6B, 0xBC6B, 0xBC6B, 0xBC6B, 0xBC6B, 0xBC6B, 0xBC6B, 0xBC6B,
    0xBC6B, 0xBC6B, 0xBC6B, 0xBC6B, 0xBC6B, 0xBC4A, 0xB40A, 0xB3E9,
    0xABC8, 0xABC8, 0xABA8, 0xABC8, 0xB3C8, 0xB3E8, 0xB3E8, 0xB3E9,
    0xB42B, 0xB46E, 0xBCD0, 0xBD32, 0xC574, 0xC5B6, 0xCDF7, 0xCE18,
    0xCE38, 0xCE38, 0xD658, 0xD658, 0xD658, 0xD659, 0xD658, 0xD5F6,
    0xCD31, 0xABEB, 0x7A66, 0x61A4, 0x5163, 0x4922, 0x4922, 0x6183,
    0x5142, 0x40E1, 0x4102, 0x40E1, 0x5121, 0x5922, 0x6162, 0x5922,
    0x50E1, 0x6142, 0x6162, 0x5942, 0x6982, 0x79C3, 0x71C3, 0x8225,
    0x8A65, 0x8244, 0x69E4, 0xAC90, 0xCDF7, 0xCE38, 0xCE38, 0xCE38,
    0xCE38, 0xCE38, 0xCE18, 0xCE18, 0xCE18, 0xCE18, 0xCE18, 0xCE18,
    0xCE18, 0xCE18, 0xCE18, 0xCE18, 0xCE18, 0xCE18, 0xCE38, 0xCE38,
    0xCE38, 0xCE38, 0xCE38, 0xCE38, 0xCE18, 0xCE38, 0xCE38, 0xCE38,
    0xCE38, 0xCE38, 0xCE38, 0xCE18, 0xCE38, 0xCE38, 0xCE38, 0xCE38,
    0xCE38, 0xCE38, 0xCE38, 0xCE38, 0xCE38, 0xCE38, 0xCE38, 0xCE18,
    0xCE38, 0xCE37, 0xCE37, 0xCE37, 0xCE38, 0xCE38, 0xCE38, 0xCE17,
    0xCDB5, 0xCD94, 0xCD73, 0xC4AF, 0xC4AF, 0xCCAF, 0xC4AF, 0xCCF0,
    0xD531, 0xD5D5, 0xD593, 0xD616, 0xD616, 0xCE37, 0xCE38, 0xCE37,
    0xCE37, 0xCE37, 0xCE38, 0xCE37, 0xCE37, 0xCE37, 0xCE37, 0xCE18,
    0xCE38, 0xCE38, 0xD638, 0xCE38, 0xCE38, 0xCE37, 0xCE17, 0xCE17,
    0xCE17, 0xCE17, 0xCE17, 0xCE17, 0xCE17, 0xCE17, 0xCE17, 0xCE17,
    0xCE17, 0xCE17, 0xCE17, 0xCE17, 0xCE17, 0xCE17, 0xCE17, 0xCE17,
    0xCE17, 0xCE17, 0xCE17, 0xCE17, 0xCE17, 0xCE17, 0xCE17, 0xCE17,
    0xCE17, 0xCE17, 0xCE17, 0xCE17, 0xCE17, 0xD617, 0xD637, 0xCE17,
    0xD637, 0xD637, 0xD617, 0xD617, 0xD617, 0xD637, 0xD637, 0xCE37,
    0xC4CD, 0xC4CD, 0xC4CD, 0xC4AD, 0xC4CD, 0xC4CD, 0xC4AD, 0xC4AC,
    0xC4AC, 0xC4AC, 0xC4AC, 0xC4AC, 0xC4AC, 0xC4AC, 0xC4AC, 0xC48C,
    0xC48C, 0xC48C, 0xC48C, 0xC48C, 0xC48B, 0xC48B, 0xC48B, 0xC48B,
    0xC48B, 0xC48B, 0xC48B, 0xC46B, 0xC46B, 0xC46B, 0xC46B, 0xC48B,
    0xC48B, 0xC48B, 0xC48B, 0xC48B, 0xC48B, 0xC46B, 0xC46B, 0xC46A,
    0xC46A, 0xC46A, 0xC46A, 0xC46A, 0xC46A, 0xC46A, 0xC46A, 0xBC6A,
    0xBC6A, 0xBC6A, 0xBC6A, 0xBC6A, 0xBC6A, 0xBC6A, 0xBC6A, 0xBC6A,
    0xBC6A, 0xBC6A, 0xBC6A, 0xBC6A, 0xBC4A, 0xBC29, 0xB409, 0xB3E8,
    0xB3C8, 0xABA7, 0xABA7, 0xABA8, 0xB3C8, 0xB3C8, 0xB3C8, 0xB3E9,
    0xB42B, 0xB46E, 0xBCD0, 0xBD32, 0xC594, 0xC5B6, 0xCDF7, 0xCE38,
    0xCE38, 0xD658, 0xD658, 0xD658, 0xD659, 0xD658, 0xD658, 0xD616,
    0xBC8E, 0x8AC8, 0x59A4, 0x61C4, 0x5142, 0x38C1, 0x4922, 0x6183,
    0x5142, 0x4901, 0x38C1, 0x48E1, 0x40C1, 0x6162, 0x4901, 0x5101,
    0x5101, 0x5101, 0x5921, 0x6962, 0x5921, 0x5921, 0x6141, 0x71C3,
    0x7A04, 0x8224, 0x71E4, 0xA3ED, 0xCE17, 0xCE38, 0xCE18, 0xCE38,
    0xCE38, 0xCE38, 0xCE38, 0xCE18, 0xCE18, 0xCE18, 0xCE18, 0xCE18,
    0xCE38, 0xCE18, 0xCE18, 0xCE18, 0xCE18, 0xCE18, 0xCE38, 0xCE18,
    0xCE38, 0xCE18, 0xCE18, 0xCE38, 0xCE38, 0xCE38, 0xCE38, 0xCE38,
    0xCE38, 0xCE38, 0xCE38, 0xCE38, 0xCE38, 0xCE38, 0xCE38, 0xCE38,
    0xCE38, 0xCE38, 0xCE38, 0xCE38, 0xCE38, 0xCE38, 0xCE38, 0xCE38,
    0xCE38, 0xCE38, 0xCE38, 0xCE38, 0xCE38, 0xCE17, 0xCDF6, 0xB46E,
    0xABCB, 0xB3EB, 0xAB69, 0x9AE7, 0xA308, 0xA308, 0x9AE7, 0xAB69,
    0xAB69, 0xABAA, 0xC40B, 0xCCAE, 0xD573, 0xCD94, 0xCDF7, 0xCE17,
    0xCE37, 0xCE37, 0xCE37, 0xCE37, 0xCE17, 0xCE17, 0xCE37, 0xCE37,
    0xCE37, 0xCE38, 0xCE38, 0xD638, 0xCE38, 0xCE37, 0xCE37, 0xCE37,
    0xCE17, 0xCE17, 0xCE17, 0xCE17, 0xCE17, 0xCE17, 0xCE17, 0xCE17,
    0xCE17, 0xCE17, 0xCE17, 0xCE17, 0xCE37, 0xCE37, 0xCE17, 0xCE17,
    0xCE17, 0xCE17, 0xCE17, 0xCE17, 0xCE17, 0xCE17, 0xCE17, 0xCE17,
    0xCE17, 0xCE17, 0xCE17, 0xCE17, 0xCE17, 0xD637, 0xD617, 0xCE17,
    0xCE17, 0xD617, 0xCE17, 0xCE17, 0xD617, 0xD617, 0xD637, 0xD637,
    0xC4CD, 0xC4CD, 0xC4CD, 0xC4AD, 0xC4CD, 0xC4AD, 0xC4AD, 0xC4AD,
    0xC4AC, 0xC4AC, 0xC4AC, 0xC4AC, 0xC4AC, 0xC4AC, 0xC4AC, 0xC4AC,
    0xC48C, 0xC48C, 0xC48C, 0xC48C, 0xC48C, 0xC48C, 0xC48C, 0xC48C,
    0xC48C, 0xC48C, 0xC48C, 0xC48C, 0xC48B, 0xC48B, 0xC48B, 0xC48B,
    0xC48B, 0xC48B, 0xC48B, 0xC48B, 0xC48B, 0xC48B, 0xC48B, 0xC48B,
    0xC48B, 0xC46B, 0xC46B, 0xC46B, 0xC46B, 0xBC6B, 0xBC6A, 0xBC6A,
    0xBC6A, 0xBC6A, 0xBC6A, 0xBC6A, 0xBC6A, 0xBC6A, 0xBC6A, 0xBC6A,
    0xBC6A, 0xC44A, 0xBC4A, 0xBC4A, 0xBC4A, 0xBC29, 0xB409, 0xB3E8,
    0xB3C8, 0xABA7, 0xABA7, 0xB3A8, 0xB3C8, 0xB3C8, 0xB3C8, 0xB3E9,
    0xB42B, 0xB46E, 0xBCD0, 0xBD32, 0xC594, 0xC5B6, 0xCDF7, 0xCE38,
    0xCE58, 0xCE59, 0xD659, 0xD659, 0xD659, 0xD638, 0xCDF6, 0xD5B4,
    0xB44D, 0x6A25, 0x5983, 0x5983, 0x5142, 0x40C1, 0x38C1, 0x4901,
    0x40E1, 0x40C1, 0x40C1, 0x5942, 0x4901, 0x48E1, 0x4901, 0x38A0,
    0x40C0, 0x5101, 0x5101, 0x5921, 0x40C1, 0x40C1, 0x5941, 0x6982,
    0x71C3, 0x8A85, 0x69A3, 0x936B, 0xC5B5, 0xCE38, 0xCE38, 0xCE38,
    0xCE38, 0xCE18, 0xCE18, 0xCE18, 0xCE18, 0xCE18, 0xCE38, 0xCE18,
    0xCE18, 0xCE18, 0xCE18, 0xCE18, 0xCE18, 0xCE18, 0xCE38, 0xCE18,
    0xCE38, 0xCE18, 0xCE38, 0xCE38, 0xCE38, 0xCE38, 0xCE18, 0xCE38,
    0xCE38, 0xCE38, 0xCE38, 0xCE38, 0xCE38, 0xCE18, 0xCE18, 0xCE38,
    0xCE38, 0xCE38, 0xCE38, 0xCE38, 0xCE38, 0xCE38, 0xCE38, 0xCE38,
    0xCE38, 0xCE38, 0xCE38, 0xCE38, 0xCE17, 0xC512, 0xABEC, 0x8A86,
    0x8A86, 0xA308, 0x92C7, 0x7A25, 0x8245, 0x9AC7, 0x8245, 0x92A7,
    0x8266, 0x7A25, 0xB368, 0xAB28, 0xBC0C, 0xCCD0, 0xCDB5, 0xCE17,
    0xCE38, 0xCE37, 0xCE38, 0xCE17, 0xCE37, 0xCE37, 0xCE37, 0xCE37,
    0xCE37, 0xCE38, 0xCE38, 0xCE37, 0xCE17, 0xCE37, 0xCE37, 0xCE37,
    0xCE17, 0xCE17, 0xCE17, 0xCE17, 0xCE17, 0xCE17, 0xCE17, 0xCE17,
    0xCE17, 0xCE17, 0xCE17, 0xCE17, 0xCE17, 0xCE17, 0xCE17, 0xCE17,
    0xCE17, 0xCE17, 0xCE17, 0xCE17, 0xCE17, 0xCE17, 0xCE17, 0xCE17,
    0xCE17, 0xCE17, 0xCE17, 0xCE17, 0xCE17, 0xCE17, 0xCE17, 0xCE17,
    0xCE17, 0xCE17, 0xCE17, 0xCE17, 0xCE17, 0xD617, 0xD637, 0xCE17,
    0xC4AD, 0xC4AD, 0xC4AD, 0xC4AD, 0xC4AD, 0xC4AD, 0xC4AD, 0xC4AD,
    0xC4AC, 0xC4AC, 0xC4AC, 0xC4AC, 0xC4AC, 0xC4AC, 0xC4AC, 0xC4AC,
    0xC4AC, 0xC48C, 0xC48C, 0xBC8C, 0xBC8C, 0xBC8C, 0xBC8C, 0xC48C,
    0xC48C, 0xC48C, 0xC48C, 0xBC8C, 0xC48C, 0xC48C, 0xC48C, 0xC48C,
    0xC48C, 0xC48C, 0xC48C, 0xC48C, 0xC48C, 0xC48C, 0xC48B, 0xBC8B,
    0xBC8B, 0xBC8B, 0xBC6B, 0xBC6B, 0xBC8B, 0xBC6B, 0xBC6B, 0xBC6B,
    0xBC6B, 0xBC6B, 0xBC6B, 0xBC6B, 0xBC6B, 0xBC4A, 0xBC6A, 0xBC6A,
    0xBC6A, 0xBC6A, 0xBC6A, 0xBC6A, 0xBC4A, 0xBC29, 0xB409, 0xB3E8,
    0xB3C8, 0xABA7, 0xABA7, 0xB3A8, 0xB3C8, 0xB3C8, 0xB3C8, 0xB3E9,
    0xB42B, 0xB46E, 0xBCD0, 0xBD33, 0xC594, 0xC5D6, 0xCDF7, 0xCE38,
    0xCE58, 0xCE59, 0xD659, 0xD659, 0xD659, 0xD658, 0xCDD5, 0xC510,
    0x9B69, 0x5983, 0x5163, 0x5962, 0x5122, 0x38C1, 0x3080, 0x3080,
    0x38A0, 0x38C0, 0x38A0, 0x48E1, 0x5101, 0x40C1, 0x40C0, 0x40C0,
    0x40A0, 0x48E1, 0x38A0, 0x48E1, 0x40C1, 0x5121, 0x6142, 0x6982,
    0x71A3, 0x8224, 0x6183, 0x932A, 0xCDF7, 0xCE38, 0xCE38, 0xCE38,
    0xCE18, 0xCE38, 0xCE38, 0xCE38, 0xCE18, 0xCE18, 0xCE18, 0xCE18,
    0xCE18, 0xCE18, 0xCE18, 0xCE18, 0xCE18, 0xCE38, 0xCE38, 0xCE38,
    0xCE38, 0xCE18, 0xCE38, 0xCE38, 0xCE38, 0xCE38, 0xCE38, 0xCE38,
    0xCE38, 0xCE38, 0xCE38, 0xCE38, 0xCE38, 0xCE38, 0xCE38, 0xCE38,
    0xCE38, 0xCE38, 0xCE38, 0xCE38, 0xCE38, 0xCE38, 0xCE38, 0xCE38,
    0xCE38, 0xCE38, 0xCE58, 0xCDD5, 0xB48F, 0x9B08, 0x8A65, 0x8A66,
    0x92A7, 0x9286, 0x7A25, 0x8266, 0x7A25, 0x8A66, 0x8245, 0x9286,
    0x7205, 0x8A86, 0xAB08, 0xA308, 0xB369, 0xB389, 0xBC6E, 0xC553,
    0xCDF6, 0xCE38, 0xCE38, 0xCE38, 0xCE38, 0xCE38, 0xCE38, 0xCE37,
    0xCE17, 0xCE18, 0xCE17, 0xCE17, 0xCE17, 0xCE37, 0xCE37, 0xCE37,
    0xCE17, 0xCE17, 0xCE17, 0xCE17, 0xCE17, 0xCE17, 0xCE17, 0xCE17,
    0xCE17, 0xCE17, 0xCE17, 0xCE17, 0xCE17, 0xCE17, 0xCE17, 0xCE17,
    0xCE17, 0xCE17, 0xCE17, 0xCE17, 0xCE17, 0xCE17, 0xCE17, 0xCE17,
    0xCE17, 0xCE17, 0xCE17, 0xCE17, 0xCE17, 0xCE17, 0xCE17, 0xCE17,
    0xCE17, 0xCE17, 0xCE17, 0xCE17, 0xCE17, 0xCE17, 0xCE17, 0xCE17,
    0xBCAD, 0xC4AC, 0xC4AC, 0xC4AC, 0xC4AC, 0xC4AC, 0xC4AC, 0xC4AC,
    0xC4AC, 0xC4AC, 0xC4AC, 0xC4AC, 0xC4AC, 0xC4AC, 0xC48C, 0xC48C,
    0xC48C, 0xBC8C, 0xBC8C, 0xBC8C, 0xBC8C, 0xBC8C, 0xBC8C, 0xBC8C,
    0xBC8C, 0xBC8C, 0xBC8C, 0xBC8C, 0xBC8C, 0xBC8C, 0xBC8C, 0xBC8C,
    0xBC8C, 0xBC8C, 0xBC8C, 0xBC8C, 0xBC8C, 0xBC8C, 0xBC8C, 0xBC8C,
    0xBC8C, 0xBC8C, 0xBC8C, 0xBC8C, 0xBC8B, 0xBC8C, 0xBC6B, 0xBC6B,
    0xBC6B, 0xBC6B, 0xBC6B, 0xBC6B, 0xBC4B, 0xBC4B, 0xBC6B, 0xBC6B,
    0xBC6B, 0xBC6B, 0xBC6B, 0xBC6B, 0xBC4A, 0xBC2A, 0xB429, 0xB3E9,
    0xB3C8, 0xABC8, 0xABC8, 0xB3C8, 0xB3C8, 0xB3C8, 0xB3C8, 0xB3E9,
    0xB42B, 0xB46E, 0xBCD0, 0xBD33, 0xC594, 0xC5D6, 0xCDF7, 0xCE18,
    0xCE58, 0xCE59, 0xD659, 0xD659, 0xD659, 0xD658, 0xCDD5, 0xB46E,
    0x9308, 0x61A3, 0x5963, 0x5122, 0x38C1, 0x30A0, 0x2880, 0x2860,
    0x30A0, 0x38C1, 0x40E1, 0x40C1, 0x48E1, 0x38A0, 0x3880, 0x40C0,
    0x38A0, 0x48E0, 0x38A0, 0x48E1, 0x48E1, 0x5101, 0x48E1, 0x6141,
    0x71A2, 0x71A2, 0x61A3, 0x9B8B, 0xCDD6, 0xCE38, 0xCE38, 0xCE18,
    0xCE18, 0xCE18, 0xCE18, 0xCE18, 0xCE18, 0xCE18, 0xCE38, 0xCE18,
    0xCE18, 0xCE18, 0xCE38, 0xCE38, 0xCE18, 0xCE18, 0xCE18, 0xCE18,
    0xCE18, 0xCE18, 0xCE38, 0xCE38, 0xCE38, 0xCE38, 0xCE38, 0xCE38,
    0xCE38, 0xCE38, 0xCE38, 0xCE38, 0xCE38, 0xCE38, 0xCE38, 0xCE38,
    0xCE38, 0xCE38, 0xCE38, 0xCE38, 0xCE38, 0xCE38, 0xCE38, 0xCE38,
    0xCE38, 0xCE37, 0xD658, 0xBCF1, 0x8A86, 0x8245, 0x9AE7, 0x92C7,
    0x8245, 0x8A66, 0x8246, 0x8A66, 0x79E4, 0x69A3, 0x7204, 0x8A46,
    0x8A66, 0x9AA7, 0xAB49, 0xB348, 0xAB28, 0xA328, 0x9AC7, 0xA36A,
    0xCD94, 0xCDF6, 0xCE38, 0xCE38, 0xCE38, 0xCE38, 0xCE37, 0xCE37,
    0xCE17, 0xCE17, 0xCE17, 0xCE17, 0xCE37, 0xCE17, 0xCE37, 0xCE37,
    0xCE17, 0xCE37, 0xCE37, 0xCE37, 0xCE17, 0xCE17, 0xCE17, 0xCE17,
    0xCE17, 0xCE17, 0xCE17, 0xCE17, 0xCE17, 0xCE17, 0xCE17, 0xCDF7,
    0xCDF6, 0xCDF6, 0xCDD6, 0xCDD6, 0xCDD6, 0xCDD6, 0xCDD6, 0xCDD6,
    0xCDD6, 0xCDD6, 0xCDD6, 0xCDD6, 0xCDF6, 0xCDF6, 0xCDF6, 0xCDF6,
    0xCDF6, 0xCDF6, 0xCDF6, 0xCDF6, 0xCDF6, 0xCDF6, 0xCDF6, 0xCDF6,
    0xBC8C, 0xBC8C, 0xC48C, 0xC48C, 0xC48C, 0xC48C, 0xC48C, 0xC48C,
    0xC48C, 0xC48C, 0xC48C, 0xC48C, 0xC48C, 0xC48C, 0xBC8C, 0xBC8C,
    0xBC8C, 0xBC8C, 0xBC8C, 0xBC8C, 0xBC8C, 0xBC8C, 0xBC8C, 0xBC8C,
    0xBC8C, 0xBC8C, 0xBC8C, 0xBC8C, 0xBC8C, 0xBC8C, 0xBC8C, 0xBC8C,
    0xBC8C, 0xBC8C, 0xBC8C, 0xBC8C, 0xBC8C, 0xBC8C, 0xBC8C, 0xBC8C,
    0xBC8C, 0xBC6C, 0xBC6C, 0xBC6C, 0xBC6C, 0xBC6C, 0xBC6C, 0xBC6C,
    0xBC6C, 0xBC6B, 0xBC6B, 0xBC6B, 0xBC6B, 0xBC4B, 0xBC6B, 0xBC6B,
    0xBC6B, 0xBC6B, 0xBC6B, 0xBC6B, 0xBC4B, 0xBC4A, 0xB42A, 0xB409,
    0xABE9, 0xABC8, 0xABC8, 0xABC8, 0xB3C8, 0xB3C8, 0xB3C8, 0xB3E9,
    0xB42B, 0xB46E, 0xBCD0, 0xBD33, 0xC574, 0xC5D6, 0xCDF7, 0xCE38,
    0xD638, 0xD659, 0xD659, 0xD659, 0xD659, 0xD658, 0xD638, 0xB48E,
    0x8AA7, 0x5163, 0x4902, 0x4921, 0x38C1, 0x30A0, 0x3080, 0x2880,
    0x30A0, 0x38C1, 0x40C1, 0x3080, 0x38A0, 0x2860, 0x3080, 0x38A0,
    0x3880, 0x40A0, 0x38A0, 0x40C0, 0x40C0, 0x40C0, 0x5921, 0x50E0,
    0x5921, 0x69A2, 0x71C3, 0x9B8B, 0xCDD6, 0xCE38, 0xCE18, 0xCE18,
    0xCE18, 0xCE38, 0xCE38, 0xCE18, 0xCE38, 0xCE18, 0xCE18, 0xCE18,
    0xCE18, 0xCE38, 0xCE38, 0xCE38, 0xCE38, 0xCE38, 0xCE18, 0xCE18,
    0xCE18, 0xCE18, 0xCE38, 0xCE38, 0xCE38, 0xCE38, 0xCE18, 0xCE38,
    0xCE38, 0xCE38, 0xCE38, 0xCE38, 0xCE18, 0xCE18, 0xCE18, 0xCE18,
    0xCE38, 0xCE38, 0xCE38, 0xCE38, 0xCE38, 0xCE38, 0xCE38, 0xCE38,
    0xCE38, 0xC5B5, 0xC533, 0x9B4A, 0x8225, 0x9AC7, 0xA307, 0xA2E7,
    0x8A66, 0x8225, 0x7A05, 0x9286, 0x71A3, 0x6983, 0x71E4, 0x8A66,
    0x9AC7, 0x9AC7, 0x8A66, 0xA2C7, 0xA2E7, 0x9B08, 0x8A66, 0x92C8,
    0xAC0D, 0xCD74, 0xCDD6, 0xCE38, 0xCE38, 0xCE38, 0xCE38, 0xCE37,
    0xCE37, 0xCE17, 0xCE17, 0xCE17, 0xCE17, 0xCE37, 0xCE37, 0xCE37,
    0xCE38, 0xCE38, 0xCE37, 0xCE37, 0xCE37, 0xCE17, 0xCE17, 0xCE17,
    0xCE17, 0xCE17, 0xCE17, 0xCE17, 0xCE17, 0xCE17, 0xCDF6, 0xCDD6,
    0xC5D6, 0xC5B5, 0xC5B5, 0xC5B5, 0xC595, 0xC595, 0xC595, 0xC5B5,
    0xC5B5, 0xC5B5, 0xC5B5, 0xC5B5, 0xC5B5, 0xCDB5, 0xC5B5, 0xCDB5,
    0xCDB5, 0xC5B5, 0xCDB5, 0xCDB5, 0xCDB5, 0xCDD5, 0xCDD5, 0xCDD5,
    0xBC4A, 0xBC6B, 0xBC6B, 0xC46B, 0xC48B, 0xC48B, 0xC48B, 0xC48B,
    0xC48B, 0xBC8B, 0xBC8B, 0xBC8C, 0xBC8C, 0xBC8C, 0xBC8C, 0xBC6B,
    0xBC6B, 0xBC6B, 0xBC6B, 0xBC6B, 0xBC6B, 0xBC6B, 0xBC6B, 0xBC6B,
    0xBC6C, 0xBC8C, 0xBC8C, 0xBC8C, 0xBC8C, 0xBC8C, 0xBC8C, 0xBC8C,
    0xBC8C, 0xBC8C, 0xBC8C, 0xBC8C, 0xBC8C, 0xBC8C, 0xBC8C, 0xBC8C,
    0xBC6C, 0xBC6C, 0xBC6C, 0xBC6C, 0xBC6C, 0xBC6C, 0xBC6C, 0xBC6C,
    0xBC6B, 0xBC6C, 0xBC6C, 0xBC6C, 0xBC6B, 0xBC6B, 0xBC6B, 0xBC6B,
    0xBC6B, 0xBC6B, 0xBC6B, 0xBC6B, 0xBC4B, 0xB44B, 0xB42A, 0xB409,
    0xB3E9, 0xABC8, 0xABC8, 0xABC8, 0xB3C8, 0xB3E8, 0xB3C8, 0xB3C9,
    0xB40B, 0xB46E, 0xBCD0, 0xBD32, 0xC594, 0xC5B6, 0xCDF7, 0xCE38,
    0xD658, 0xD659, 0xD659, 0xD659, 0xD659, 0xD659, 0xCDF6, 0xB44E,
    0x7204, 0x61A3, 0x4901, 0x40E1, 0x38C1, 0x30A0, 0x40C1, 0x3080,
    0x3080, 0x40C0, 0x38A0, 0x3080, 0x2860, 0x3060, 0x3060, 0x3080,
    0x3060, 0x3060, 0x3080, 0x38A0, 0x38A0, 0x38A0, 0x50E0, 0x50E0,
    0x48E1, 0x6162, 0x7224, 0xB4B0, 0xCE38, 0xCE38, 0xCE38, 0xCE38,
    0xCE18, 0xCE38, 0xCE38, 0xCE38, 0xCE38, 0xCE18, 0xCE38, 0xCE38,
    0xCE18, 0xCE38, 0xCE38, 0xCE38, 0xCE38, 0xCE38, 0xCE18, 0xCE38,
    0xCE18, 0xCE38, 0xCE38, 0xCE38, 0xCE38, 0xCE18, 0xCE18, 0xCE18,
    0xCE18, 0xCE38, 0xCE38, 0xCE38, 0xCE38, 0xCE18, 0xCE18, 0xCE38,
    0xCE38, 0xCE38, 0xCE38, 0xCE38, 0xCE38, 0xCE38, 0xCE38, 0xCE38,
    0xCE38, 0xBCF2, 0x92E8, 0x7A04, 0x8224, 0x9AA6, 0x9265, 0x9286,
    0x8224, 0x6183, 0x6183, 0x8204, 0x5942, 0x69A4, 0x79E5, 0x8A66,
    0x8A65, 0x9286, 0x9266, 0x92A6, 0x92A7, 0x9AE8, 0x8266, 0x8246,
    0x92A7, 0x8AC8, 0xAC90, 0xD638, 0xCE38, 0xCE38, 0xCE38, 0xCE37,
    0xCE37, 0xCE38, 0xCE38, 0xCE37, 0xCE17, 0xCE38, 0xCE38, 0xCE38,
    0xCE38, 0xCE38, 0xCE37, 0xCE37, 0xCE37, 0xCE37, 0xCE17, 0xCE37,
    0xCE17, 0xCE17, 0xCE17, 0xCE17, 0xCE17, 0xCDF6, 0xCDD6, 0xC5B5,
    0xC595, 0xC594, 0xC574, 0xC573, 0xC553, 0xC553, 0xC553, 0xC553,
    0xC553, 0xC553, 0xC573, 0xC553, 0xC573, 0xC573, 0xC573, 0xC573,
    0xC573, 0xC573, 0xC573, 0xC573, 0xC574, 0xC574, 0xC574, 0xC574,
    0xB429, 0xB429, 0xBC49, 0xBC4A, 0xBC6A, 0xBC6A, 0xBC6A, 0xC46A,
    0xC46A, 0xBC6A, 0xBC6A, 0xBC6B, 0xBC6B, 0xBC6B, 0xBC6B, 0xBC6B,
    0xBC6A, 0xBC4A, 0xBC4A, 0xB44A, 0xB44A, 0xB44A, 0xB44A, 0xB46A,
    0xBC6B, 0xBC6B, 0xBC6B, 0xBC6B, 0xBC6B, 0xBC6B, 0xBC6B, 0xBC6B,
    0xBC6B, 0xBC6B, 0xBC6C, 0xBC6C, 0xBC8C, 0xBC8C, 0xBC8C, 0xBC6C,
    0xBC6B, 0xBC6B, 0xBC6B, 0xBC6B, 0xBC6B, 0xBC6B, 0xBC6B, 0xBC6B,
    0xBC6B, 0xBC6B, 0xBC6B, 0xBC6B, 0xBC4B, 0xBC6B, 0xBC6B, 0xBC6B,
    0xBC6B, 0xBC6B, 0xBC6B, 0xBC6B, 0xBC6B, 0xB44B, 0xB42A, 0xAC09,
    0xB3E9, 0xABC8, 0xABC8, 0xABC8, 0xB3E8, 0xB3E8, 0xB3C8, 0xB3E9,
    0xB40B, 0xB46E, 0xBCD0, 0xBD32, 0xC574, 0xC5B6, 0xCDF7, 0xCE38,
    0xD638, 0xD659, 0xD659, 0xD659, 0xD659, 0xCE38, 0xCDD6, 0xB44D,
    0x7204, 0x61A3, 0x5142, 0x40E1, 0x38C1, 0x40E1, 0x4901, 0x38A0,
    0x40C1, 0x40E1, 0x38A0, 0x3080, 0x2860, 0x3060, 0x3060, 0x3060,
    0x2040, 0x2840, 0x3080, 0x40A0, 0x3060, 0x40C0, 0x48E0, 0x5101,
    0x5121, 0x5941, 0x7225, 0xBD12, 0xCE38, 0xCE38, 0xCE38, 0xCE38,
    0xCE38, 0xCE38, 0xCE38, 0xCE38, 0xCE38, 0xCE38, 0xCE18, 0xCE18,
    0xCE18, 0xCE38, 0xCE38, 0xCE38, 0xCE38, 0xCE38, 0xCE38, 0xCE38,
    0xCE38, 0xCE38, 0xCE38, 0xCE38, 0xCE38, 0xCE38, 0xCE38, 0xCE18,
    0xCE38, 0xCE38, 0xCE38, 0xCE38, 0xCE38, 0xCE18, 0xCE18, 0xCE38,
    0xCE38, 0xCE38, 0xCE38, 0xCE38, 0xCE38, 0xCE38, 0xCE38, 0xCE38,
    0xCDD6, 0xB44E, 0x8245, 0x8224, 0x8224, 0x8A65, 0x7A04, 0x71E4,
    0x6183, 0x6182, 0x69A3, 0x5122, 0x5983, 0x71C4, 0x69A4, 0x79E4,
    0x8204, 0x9286, 0x8245, 0x8225, 0xA2E8, 0x9AE8, 0x92A7, 0x9286,
    0x8A86, 0x7A25, 0x9B8B, 0xC595, 0xCE17, 0xCE38, 0xCE38, 0xCE38,
    0xCE38, 0xCE38, 0xCE38, 0xCE38, 0xCE38, 0xCE38, 0xCE18, 0xCE38,
    0xCE38, 0xCE38, 0xCE37, 0xCE37, 0xCE37, 0xCE37, 0xCE37, 0xCE37,
    0xCE17, 0xCE17, 0xCE17, 0xCE17, 0xCDF7, 0xC5D6, 0xC5B5, 0xC594,
    0xC574, 0xC553, 0xBD32, 0xBD12, 0xBD11, 0xBD11, 0xBD11, 0xBD11,
    0xBD11, 0xBD11, 0xBD11, 0xC511, 0xC511, 0xC531, 0xC511, 0xC511,
    0xC531, 0xC532, 0xC532, 0xC532, 0xC532, 0xC532, 0xC532, 0xC532,
    0xAC08, 0xAC08, 0xB428, 0xB429, 0xBC49, 0xBC49, 0xBC49, 0xBC49,
    0xBC49, 0xBC4A, 0xBC4A, 0xBC4A, 0xBC4A, 0xBC4A, 0xBC4A, 0xBC49,
    0xBC49, 0xB429, 0xB429, 0xB429, 0xB429, 0xB429, 0xB429, 0xB429,
    0xB42A, 0xBC4A, 0xBC4A, 0xBC4A, 0xBC4A, 0xBC4A, 0xBC4A, 0xBC4A,
    0xBC4B, 0xBC4B, 0xBC6B, 0xBC6B, 0xBC6B, 0xBC6B, 0xBC6B, 0xBC6B,
    0xBC4B, 0xBC4B, 0xBC4B, 0xBC4B, 0xBC4B, 0xBC4B, 0xBC4B, 0xBC4B,
    0xBC6B, 0xBC4B, 0xBC4B, 0xBC4B, 0xBC4B, 0xBC4B, 0xBC6B, 0xBC6B,
    0xBC6B, 0xBC6B, 0xBC6B, 0xBC6B, 0xBC4B, 0xB44B, 0xB42A, 0xB409,
    0xABE9, 0xABC8, 0xABC8, 0xABC8, 0xB3C8, 0xB3E8, 0xB3C8, 0xB3E9,
    0xB40B, 0xB46E, 0xBCD0, 0xBD32, 0xC574, 0xC5B6, 0xCDF7, 0xCE18,
    0xD638, 0xD658, 0xD659, 0xD659, 0xD659, 0xD658, 0xD659, 0xCD73,
    0x8AC7, 0x61A3, 0x5962, 0x4921, 0x40E1, 0x40E1, 0x40C0, 0x3080,
    0x3080, 0x3880, 0x3060, 0x2840, 0x2860, 0x2860, 0x3080, 0x3880,
    0x2040, 0x2840, 0x40C0, 0x3080, 0x3080, 0x4901, 0x5101, 0x40C0,
    0x5941, 0x6161, 0x9329, 0xCDD6, 0xCE38, 0xCE38, 0xCE38, 0xCE38,
    0xCE38, 0xCE38, 0xCE38, 0xCE38, 0xCE38, 0xCE38, 0xCE18, 0xCE38,
    0xCE38, 0xCE18, 0xCE18, 0xCE38, 0xCE38, 0xCE38, 0xCE38, 0xCE38,
    0xCE38, 0xCE38, 0xCE38, 0xCE38, 0xCE38, 0xCE38, 0xCE38, 0xCE38,
    0xCE38, 0xCE38, 0xCE38, 0xCE38, 0xCE38, 0xCE38, 0xCE18, 0xCE38,
    0xCE38, 0xCE38, 0xCE38, 0xCE38, 0xCE38, 0xCE38, 0xCE38, 0xCE38,
    0xBD53, 0x9B28, 0x8A65, 0x8225, 0x7A04, 0x69A3, 0x69C3, 0x69C3,
    0x5101, 0x6982, 0x6161, 0x4901, 0x6183, 0x6162, 0x6162, 0x5942,
    0x7A05, 0x8A66, 0x8245, 0x8225, 0x9286, 0x8A86, 0x92A7, 0x92A7,
    0x92A7, 0x8266, 0x8287, 0xB4D1, 0xCDF7, 0xCE38, 0xCE38, 0xCE38,
    0xCE38, 0xCE38, 0xCE38, 0xCE38, 0xCE38, 0xCE38, 0xCE38, 0xCE38,
    0xCE38, 0xCE38, 0xCE38, 0xCE38, 0xCE38, 0xCE37, 0xCE17, 0xCE37,
    0xCE37, 0xCE17, 0xCE17, 0xCDF7, 0xCDF6, 0xC5B5, 0xC594, 0xC553,
    0xBD32, 0xBD12, 0xBCF1, 0xBCD0, 0xBCD0, 0xBCD0, 0xBCD0, 0xBCD0,
    0xBCCF, 0xBCCF, 0xBCCF, 0xBCCF, 0xBCCF, 0xBCCF, 0xBCCF, 0xBCCF,
    0xBCCF, 0xBCF0, 0xBCF0, 0xBCF0, 0xBCF0, 0xBCF0, 0xBCF0, 0xC4F0,
    0xA3E7, 0xA3E7, 0xAC08, 0xAC08, 0xAC28, 0xB429, 0xB429, 0xBC29,
    0xBC29, 0xBC29, 0xBC49, 0xBC49, 0xBC49, 0xBC49, 0xBC29, 0xB429,
    0xB429, 0xAC28, 0xAC08, 0xAC08, 0xAC08, 0xAC08, 0xAC08, 0xB409,
    0xB409, 0xB429, 0xBC29, 0xBC29, 0xBC2A, 0xBC2A, 0xBC2A, 0xBC2A,
    0xBC2A, 0xBC4A, 0xBC4A, 0xBC4A, 0xBC4A, 0xBC4A, 0xBC4A, 0xBC4A,
    0xBC4A, 0xBC4A, 0xBC4A, 0xBC4A, 0xBC4A, 0xBC4A, 0xBC4A, 0xBC4A,
    0xBC4A, 0xBC4A, 0xBC4A, 0xBC4A, 0xBC4A, 0xBC4A, 0xBC4B, 0xBC4B,
    0xBC4B, 0xBC4B, 0xBC4B, 0xBC6B, 0xBC4B, 0xB42A, 0xB40A, 0xB3E9,
    0xABC8, 0xABC8, 0xABA8, 0xABC8, 0xB3C8, 0xB3E8, 0xB3C8, 0xB3E9,
    0xB40B, 0xB46D, 0xBCD0, 0xBD33, 0xC574, 0xC5B6, 0xCDF7, 0xCE18,
    0xCE38, 0xCE58, 0xCE58, 0xCE59, 0xD659, 0xD658, 0xD638, 0xCDF6,
    0xAC0C, 0x71E3, 0x61A3, 0x5122, 0x4901, 0x40E1, 0x3080, 0x3080,
    0x3080, 0x3060, 0x2860, 0x2860, 0x2840, 0x2840, 0x3080, 0x3060,
    0x3880, 0x3080, 0x5100, 0x5921, 0x5101, 0x6981, 0x6141, 0x4901,
    0x5121, 0x5941, 0xAC4E, 0xCE17, 0xCE38, 0xCE38, 0xCE38, 0xCE38,
    0xCE38, 0xCE38, 0xCE38, 0xCE38, 0xCE38, 0xCE38, 0xCE38, 0xCE38,
    0xCE38, 0xCE38, 0xCE38, 0xCE38, 0xCE38, 0xCE38, 0xCE38, 0xCE38,
    0xCE38, 0xCE38, 0xCE38, 0xCE38, 0xCE38, 0xCE38, 0xCE38, 0xCE38,
    0xCE38, 0xCE38, 0xCE38, 0xCE38, 0xCE38, 0xCE38, 0xCE38, 0xCE38,
    0xCE38, 0xCE38, 0xCE38, 0xCE38, 0xCE38, 0xCE38, 0xCE38, 0xCE38,
    0xC533, 0x8AA7, 0x8265, 0x7A04, 0x71C4, 0x5122, 0x69A3, 0x5941,
    0x50E1, 0x48E0, 0x48E0, 0x4901, 0x48E1, 0x50E1, 0x5921, 0x79C3,
    0x8A66, 0x69C4, 0x6183, 0x6183, 0x8225, 0x9286, 0x9AC7, 0x92A7,
    0x8246, 0x61A4, 0x69E4, 0xA3CC, 0xC595, 0xCE38, 0xCE38, 0xCE38,
    0xCE38, 0xCE38, 0xCE38, 0xCE38, 0xD638, 0xCE38, 0xCE38, 0xCE38,
    0xCE38, 0xCE38, 0xCE38, 0xCE38, 0xCE38, 0xCE37, 0xCE17, 0xCE17,
    0xCE37, 0xCE17, 0xCE17, 0xCDF7, 0xC5D6, 0xC5B5, 0xC574, 0xBD32,
    0xBD11, 0xBCD0, 0xBCAF, 0xBC8E, 0xBC8D, 0xBC8E, 0xBC8D, 0xBC8E,
    0xBC8E, 0xBC8E, 0xBC8E, 0xBC8E, 0xBC8E, 0xBC8E, 0xBC8E, 0xBC8E,
    0xBC8E, 0xBCAE, 0xBCAE, 0xBCAE, 0xBCAE, 0xBCAE, 0xBCAE, 0xBCAE,
    0x9BE6, 0x9BC6, 0x9BE7, 0xA407, 0xA407, 0xAC28, 0xAC28, 0xB428,
    0xB428, 0xB428, 0xB429, 0xB429, 0xB429, 0xB429, 0xB429, 0xAC08,
    0xAC08, 0xA408, 0xA3E7, 0xA3E7, 0xA3E7, 0xA3E7, 0xA3E8, 0xABE8,
    0xAC08, 0xB409, 0xB409, 0xB409, 0xB409, 0xB429, 0xB409, 0xBC29,
    0xBC29, 0xBC29, 0xBC29, 0xBC29, 0xBC29, 0xBC29, 0xBC29, 0xBC29,
    0xBC29, 0xBC29, 0xBC29, 0xBC29, 0xBC29, 0xBC29, 0xBC29, 0xBC2A,
    0xBC2A, 0xBC29, 0xBC29, 0xBC2A, 0xBC2A, 0xBC2A, 0xBC4A, 0xBC4A,
    0xBC4A, 0xBC4A, 0xBC4A, 0xBC4A, 0xBC4A, 0xB42A, 0xB409, 0xB3E8,
    0xABC8, 0xABA8, 0xABA8, 0xABA8, 0xB3C8, 0xB3E8, 0xB3E8, 0xB3E9,
    0xB42B, 0xB46E, 0xB4D0, 0xBD33, 0xC574, 0xC5B6, 0xCDF7, 0xCE18,
    0xCE38, 0xCE38, 0xCE58, 0xCE58, 0xCE58, 0xD658, 0xCE38, 0xCDD6,
    0xBCAF, 0x92E6, 0x69A3, 0x4101, 0x40E1, 0x48E0, 0x3880, 0x2040,
    0x2840, 0x2860, 0x2020, 0x3060, 0x2840, 0x3860, 0x40A0, 0x3060,
    0x50E0, 0x6961, 0x6961, 0x9222, 0x7161, 0x9A42, 0x81C1, 0x79C1,
    0x50E0, 0x7204, 0xC595, 0xCE38, 0xCE38, 0xCE38, 0xCE38, 0xCE38,
    0xCE38, 0xCE38, 0xCE38, 0xCE38, 0xCE38, 0xCE38, 0xCE38, 0xCE38,
    0xCE38, 0xCE18, 0xCE38, 0xCE38, 0xCE17, 0xCE38, 0xCE38, 0xCE38,
    0xCE38, 0xCE38, 0xCE38, 0xCE38, 0xCE38, 0xCE38, 0xCE38, 0xCE17,
    0xCE38, 0xCE38, 0xCE38, 0xCE38, 0xCE38, 0xCE38, 0xCE38, 0xCE38,
    0xCE38, 0xCE38, 0xCE38, 0xCE38, 0xCE38, 0xCE38, 0xCE38, 0xCDF6,
    0xA3CC, 0x8265, 0x8245, 0x7A04, 0x6183, 0x5942, 0x6182, 0x48E1,
    0x5101, 0x5921, 0x5101, 0x48E1, 0x40A0, 0x50E0, 0x71A3, 0x79C4,
    0x5122, 0x6163, 0x71A3, 0x71C3, 0x79C3, 0x8A24, 0x8225, 0x8245,
    0x8AA7, 0x7A46, 0x69C4, 0x8287, 0xC553, 0xCE38, 0xCE38, 0xCE38,
    0xCE38, 0xCE38, 0xCE38, 0xCE38, 0xCE38, 0xCE38, 0xCE38, 0xCE38,
    0xCE38, 0xCE38, 0xCE38, 0xCE38, 0xCE37, 0xCE37, 0xD617, 0xCE17,
    0xCE17, 0xCE17, 0xCE17, 0xCDF7, 0xC5D6, 0xC595, 0xBD53, 0xBD12,
    0xBCF0, 0xB4AE, 0xB46C, 0xB42B, 0xB42B, 0xB44B, 0xBC4C, 0xBC6C,
    0xBC6C, 0xBC6D, 0xBC8D, 0xBC8D, 0xBC8D, 0xBC8D, 0xBC8D, 0xBC8D,
    0xBC8D, 0xBC8D, 0xBC8D, 0xBC8D, 0xBC8D, 0xBC8D, 0xBC8D, 0xBCAD,
    0x93C6, 0x93C6, 0x93C6, 0x9BE6, 0x9BE6, 0xA407, 0xA407, 0xAC08,
    0xAC08, 0xAC08, 0xAC08, 0xAC08, 0xB408, 0xAC08, 0xAC08, 0xA408,
    0xA3E7, 0x9BE7, 0x9BC7, 0x9BC7, 0x9BC7, 0x9BC7, 0xA3C7, 0xA3E8,
    0xABE8, 0xABE8, 0xABE8, 0xABE9, 0xB409, 0xB408, 0xB3E8, 0xB3E8,
    0xB409, 0xB409, 0xBC09, 0xBC08, 0xBC08, 0xB408, 0xBC08, 0xBC09,
    0xBC09, 0xBC09, 0xBC29, 0xBC29, 0xBC09, 0xBC29, 0xBC29, 0xBC29,
    0xBC29, 0xBC09, 0xBC29, 0xBC29, 0xBC29, 0xBC29, 0xBC29, 0xBC29,
    0xBC29, 0xBC29, 0xBC29, 0xBC29, 0xBC29, 0xB409, 0xB3E8, 0xABC8,
    0xABC7, 0xABA7, 0xABA7, 0xABA8, 0xB3C8, 0xB3E8, 0xB3E8, 0xB3E9,
    0xB42B, 0xB46E, 0xBCD0, 0xBD33, 0xC574, 0xC5B6, 0xCDF7, 0xCE18,
    0xCE38, 0xCE38, 0xCE38, 0xCE38, 0xCE58, 0xCE38, 0xD658, 0xCE17,
    0xCDB5, 0xAC2D, 0x71E3, 0x4921, 0x4901, 0x48C0, 0x38A0, 0x2860,
    0x3080, 0x2860, 0x3080, 0x40A0, 0x3880, 0x6120, 0x89C1, 0x6941,
    0x7181, 0xA262, 0xA282, 0xAAA2, 0x9201, 0xB2C3, 0xAAA2, 0xB2E3,
    0x7180, 0x8B29, 0xC5F7, 0xCE18, 0xCE38, 0xCE38, 0xCE38, 0xCE38,
    0xCE38, 0xCE38, 0xCE38, 0xCE38, 0xCE38, 0xCE38, 0xCE38, 0xCE38,
    0xCE38, 0xCE38, 0xCE18, 0xCE38, 0xCE38, 0xCE38, 0xCE17, 0xCE38,
    0xCE38, 0xCE38, 0xCE38, 0xCE38, 0xCE38, 0xCE38, 0xCE17, 0xCE17,
    0xCE38, 0xCE38, 0xCE38, 0xCE38, 0xCE38, 0xCE38, 0xCE38, 0xCE38,
    0xCE38, 0xCE38, 0xCE38, 0xCE38, 0xCE38, 0xCE38, 0xCE38, 0xBD12,
    0x8A86, 0x8245, 0x8225, 0x7A04, 0x5942, 0x5121, 0x6141, 0x48E0,
    0x5101, 0x6141, 0x48E1, 0x40C0, 0x48E1, 0x5921, 0x6162, 0x5101,
    0x48E1, 0x5122, 0x48E1, 0x40A0, 0x6162, 0x71C3, 0x8A45, 0x7A25,
    0x9AE7, 0x8A87, 0x71E4, 0x8246, 0xAC6F, 0xCE17, 0xCE38, 0xCE38,
    0xCE38, 0xCE38, 0xCE38, 0xCE38, 0xCE38, 0xCE38, 0xCE38, 0xCE38,
    0xCE38, 0xCE38, 0xCE38, 0xCE38, 0xCE38, 0xCE37, 0xCE17, 0xCE17,
    0xCE17, 0xCE17, 0xCE17, 0xCDF7, 0xC5D6, 0xC574, 0xBD33, 0xBD11,
    0xBCAF, 0xB46D, 0xB42B, 0xB409, 0xB409, 0xB42A, 0xBC4B, 0xBC6C,
    0xBC8D, 0xBC8D, 0xBC8E, 0xBCAE, 0xBC8E, 0xBCAE, 0xBCAE, 0xBCAE,
    0xBCAE, 0xBCAE, 0xBCAE, 0xBCAE, 0xBCAE, 0xBCAE, 0xBCAE, 0xBCAE,
    0x8BA5, 0x8BA5, 0x8BC5, 0x8BC5, 0x93E6, 0x9BE6, 0x9BE7, 0xA3E7,
    0xA3E7, 0xA3E7, 0xA3E8, 0xA408, 0xAC08, 0xA408, 0xA3E8, 0x9BE7,
    0x93C7, 0x93C6, 0x93C6, 0x93C6, 0x93C7, 0x9BC7, 0x9BC7, 0xA3C8,
    0xA3C8, 0xABC8, 0xABE8, 0xABE8, 0xABE8, 0xABC8, 0xABE8, 0xB3E8,
    0xB3E8, 0xB3E8, 0xB3E8, 0xB3E8, 0xB3E8, 0xB3E8, 0xB3E8, 0xB3E8,
    0xB408, 0xB3E8, 0xBC09, 0xBC09, 0xB3E8, 0xB408, 0xBC09, 0xBC09,
    0xB408, 0xBC08, 0xBC08, 0xBC09, 0xBC09, 0xBC09, 0xBC09, 0xBC09,
    0xBC09, 0xBC09, 0xBC09, 0xBC09, 0xB408, 0xB3E8, 0xB3C8, 0xABC7,
    0xABA7, 0xABA7, 0xABA7, 0xABA8, 0xB3C8, 0xB3E8, 0xB3E8, 0xB3E9,
    0xB42B, 0xB46E, 0xBCD0, 0xBD33, 0xC574, 0xC5B6, 0xCDF7, 0xCE18,
    0xCE38, 0xCE38, 0xCE38, 0xCE38, 0xCE38, 0xCE38, 0xCE38, 0xCE38,
    0xCE38, 0xCD94, 0x8AE7, 0x5100, 0x5101, 0x40C0, 0x3080, 0x38A0,
    0x50E0, 0x50E0, 0x6981, 0x79C0, 0x7160, 0x9221, 0xBB03, 0xAA82,
    0xB2C2, 0xC323, 0xC323, 0xC343, 0xB2C2, 0xB2E3, 0xB2C2, 0xCB64,
    0xA282, 0xB48F, 0xCE38, 0xCE38, 0xCE38, 0xCE38, 0xCE38, 0xCE38,
    0xCE38, 0xCE38, 0xD658, 0xD658, 0xCE18, 0xCE38, 0xCE38, 0xCE58,
    0xCE38, 0xCE38, 0xD658, 0xCE17, 0xCE38, 0xD638, 0xCDD6, 0xCE17,
    0xCE38, 0xCE38, 0xCE38, 0xCE17, 0xCE38, 0xCE38, 0xCE17, 0xCE38,
    0xCE38, 0xCE38, 0xCE38, 0xCE38, 0xCE38, 0xCE38, 0xCE38, 0xCE38,
    0xCE38, 0xCE38, 0xCE38, 0xCE38, 0xCE38, 0xCE38, 0xCE38, 0xCDD5,
    0x9B08, 0x7A04, 0x8204, 0x79E4, 0x6182, 0x5101, 0x5921, 0x48E0,
    0x48C0, 0x48C0, 0x38A0, 0x40C1, 0x38A0, 0x4901, 0x5121, 0x48E1,
    0x38C1, 0x40C1, 0x48E1, 0x5142, 0x71C3, 0x79E4, 0x6983, 0x69C4,
    0x8A86, 0x71E4, 0x7A04, 0x7A04, 0x9BAC, 0xCDF7, 0xCE38, 0xCE38,
    0xCE38, 0xCE38, 0xCE38, 0xCE38, 0xCE38, 0xCE38, 0xCE38, 0xCE38,
    0xCE38, 0xCE38, 0xCE38, 0xCE38, 0xCE38, 0xCE38, 0xCE17, 0xCE17,
    0xCE17, 0xCE17, 0xCE17, 0xCDF6, 0xC5D6, 0xC574, 0xBD33, 0xBCF1,
    0xBCAF, 0xB46D, 0xBC4B, 0xBC09, 0xBC2A, 0xBC4B, 0xBC6C, 0xBC8D,
    0xBCAE, 0xC4CF, 0xC4EF, 0xC4EF, 0xC4CF, 0xC4CF, 0xC4CF, 0xC4CF,
    0xC4EF, 0xC4F0, 0xC4F0, 0xC4F0, 0xC4F0, 0xC4F0, 0xC4F0, 0xC4F0,
    0x83C5, 0x83A5, 0x83A4, 0x83C5, 0x8BC5, 0x8BE5, 0x93E6, 0x93E7,
    0x93E7, 0x93C7, 0x9BE7, 0x9BE7, 0xA3E8, 0x9BE7, 0x9BE7, 0x93C6,
    0x8BC6, 0x8BC6, 0x8BC6, 0x8BC6, 0x93C7, 0x93C7, 0x9BC8, 0x9BC8,
    0xA3C8, 0xA3C8, 0xA3C8, 0xA3C8, 0xA3C8, 0xA3C8, 0xABC8, 0xABC8,
    0xABC8, 0xABE8, 0xABE8, 0xB3E8, 0xB3E8, 0xB3E8, 0xB3E8, 0xB3E8,
    0xB409, 0xBC29, 0xB3C8, 0xB409, 0xC48C, 0xB409, 0xB3E8, 0xBC09,
    0xB409, 0xB409, 0xBC4A, 0xBC29, 0xC46A, 0xBC29, 0xBC09, 0xB409,
    0xB3C8, 0xBC09, 0xBC09, 0xB3E8, 0xB3E8, 0xB3E8, 0xB3C8, 0xABA7,
    0xAB87, 0xAB87, 0xABA7, 0xABA8, 0xB3C8, 0xB3E8, 0xB3E8, 0xB3E9,
    0xB42B, 0xB46D, 0xBCD0, 0xBD33, 0xC574, 0xC5B6, 0xCDF7, 0xCE18,
    0xCE38, 0xCE38, 0xCE38, 0xCE38, 0xCE38, 0xCE38, 0xCE38, 0xCE38,
    0xCE38, 0xCDD6, 0xBCD0, 0x8AA6, 0x6161, 0x48E0, 0x2840, 0x40C0,
    0x6960, 0x7180, 0x9221, 0xAA82, 0xB2A2, 0xC322, 0xD384, 0xCB43,
    0xCB23, 0xD363, 0xD384, 0xD3A4, 0xCB64, 0xBAE3, 0xC323, 0xD384,
    0xC323, 0xCD10, 0xCE58, 0xCE18, 0xCE38, 0xCE38, 0xCE38, 0xCE38,
    0xCE38, 0xCE58, 0xD658, 0xD659, 0xD658, 0xCDD6, 0xCE17, 0xCE58,
    0xCE38, 0xD638, 0xD658, 0xCE37, 0xCDF7, 0xCE17, 0xCDF6, 0xCDF6,
    0xCE17, 0xCDF7, 0xCE38, 0xC5D6, 0xCDD6, 0xCDF6, 0xCDF7, 0xCE38,
    0xCE38, 0xCE38, 0xCE38, 0xCE38, 0xCE38, 0xCE38, 0xCE38, 0xCE38,
    0xCE38, 0xCE38, 0xCE38, 0xCE38, 0xCE38, 0xCE38, 0xCE18, 0xC553,
    0xAB69, 0x71E3, 0x71C2, 0x71A3, 0x5921, 0x48E1, 0x48E0, 0x38A0,
    0x40C0, 0x40C0, 0x3880, 0x3080, 0x38A0, 0x5921, 0x40E1, 0x38A0,
    0x40C1, 0x5121, 0x6983, 0x79E3, 0x71A3, 0x5101, 0x40E1, 0x5962,
    0x71E4, 0x71C4, 0x9286, 0x8245, 0xAC2E, 0xCE38, 0xCE38, 0xCE38,
    0xCE38, 0xCE38, 0xCE38, 0xCE38, 0xCE38, 0xCE38, 0xCE38, 0xCE38,
    0xCE38, 0xCE38, 0xCE38, 0xCE38, 0xCE38, 0xCE37, 0xCE17, 0xCE17,
    0xCE17, 0xCE17, 0xCE17, 0xCDF6, 0xC5B6, 0xC594, 0xBD33, 0xBCF1,
    0xBCAF, 0xBC6D, 0xBC4B, 0xBC2A, 0xBC4B, 0xBC6C, 0xBCAD, 0xC4CF,
    0xC4F0, 0xC511, 0xC531, 0xC531, 0xC531, 0xC531, 0xC531, 0xC531,
    0xC531, 0xC532, 0xC532, 0xC532, 0xC552, 0xC552, 0xC552, 0xC552,
    0x83C6, 0x7BA4, 0x73A3, 0x7BA3, 0x7BC4, 0x83C4, 0x83C5, 0x83C6,
    0x8BC6, 0x8BC6, 0x8BC7, 0x93C7, 0x93C7, 0x93C7, 0x8BC6, 0x8BC6,
    0x83C6, 0x83C6, 0x83C6, 0x8BC6, 0x8BC7, 0x93C8, 0x9BC8, 0x9BC8,
    0x9BA8, 0x9BC8, 0x9BC8, 0x9BA8, 0x9BA8, 0x9BA8, 0xA3A8, 0xA3C8,
    0xA3C9, 0xABC9, 0xABC9, 0xABE9, 0xABE9, 0xABC9, 0xABE9, 0xABE9,
    0xABE9, 0xC4CD, 0xDDB1, 0xD54F, 0xEE75, 0xEEB6, 0xEE74, 0xE633,
    0xEE33, 0xEE33, 0xF695, 0xDD90, 0xEE11, 0xEE32, 0xDD6F, 0xDD4E,
    0xC48B, 0xC46B, 0xD50D, 0xBC6A, 0xB3E8, 0xB3E8, 0xABA7, 0xABA7,
    0xABA7, 0xAB87, 0xABA7, 0xABA8, 0xB3C8, 0xB3E8, 0xB3E8, 0xB3E9,
    0xB42B, 0xB46E, 0xBCD0, 0xBD33, 0xC574, 0xC5B6, 0xCDF7, 0xCE18,
    0xCE38, 0xCE38, 0xCE38, 0xCE38, 0xCE38, 0xCE38, 0xCE38, 0xCE38,
    0xCE58, 0xCE59, 0xD659, 0xBD11, 0x8A64, 0x5920, 0x5100, 0x71A0,
    0xA2A2, 0xA262, 0xAA82, 0xBAE2, 0xBAC2, 0xDB83, 0xDBA4, 0xD363,
    0xEC46, 0xE426, 0xE3E4, 0xDBA3, 0xDBA4, 0xCB23, 0xD384, 0xCB64,
    0xCB43, 0xD530, 0xCE59, 0xCE38, 0xCE38, 0xCE38, 0xCE38, 0xCE38,
    0xCE38, 0xCE38, 0xCE17, 0xCE38, 0xD658, 0xCDD6, 0xBCF2, 0xCDD6,
    0xCE17, 0xD638, 0xD659, 0xCE38, 0xCE17, 0xC595, 0xC574, 0xC5B5,
    0xC595, 0xCDF6, 0xC5D6, 0xBD12, 0xC595, 0xC5D6, 0xCDF7, 0xCE38,
    0xCE58, 0xCE38, 0xCE38, 0xCE18, 0xCE38, 0xCE38, 0xCE38, 0xCE38,
    0xCE38, 0xCE38, 0xCE38, 0xCE38, 0xCE38, 0xCE38, 0xCE38, 0xB4B0,
    0xA348, 0x7A04, 0x5921, 0x6141, 0x48E0, 0x48E1, 0x48E0, 0x38A0,
    0x38A0, 0x3880, 0x3060, 0x38A0, 0x48E0, 0x48C0, 0x38A0, 0x40C0,
    0x5101, 0x5941, 0x6142, 0x5921, 0x48E1, 0x48E1, 0x5122, 0x69A3,
    0x71E4, 0x92A6, 0x8AA6, 0x8245, 0x92C7, 0xBCF1, 0xCE38, 0xCE38,
    0xCE38, 0xCE38, 0xCE38, 0xCE38, 0xCE38, 0xCE18, 0xCE38, 0xCE38,
    0xCE38, 0xCE38, 0xCE38, 0xCE38, 0xCE38, 0xCE37, 0xCE17, 0xCE17,
    0xCE17, 0xCE17, 0xCE17, 0xCDF6, 0xC5B6, 0xC574, 0xBD33, 0xBCF1,
    0xBCAF, 0xBC8D, 0xBC4B, 0xBC4B, 0xBC6C, 0xBCAD, 0xC4CF, 0xC510,
    0xC531, 0xC552, 0xCD73, 0xCD73, 0xCD73, 0xCD73, 0xCD73, 0xCD73,
    0xCD73, 0xCD94, 0xCD94, 0xCD94, 0xCD94, 0xCD94, 0xCD94, 0xCD94,
    0x83C6, 0x73A4, 0x6B82, 0x6BA2, 0x73A2, 0x73A3, 0x7B84, 0x7B85,
    0x7BA5, 0x8386, 0x83A6, 0x83A6, 0x83C6, 0x83C6, 0x83A5, 0x83A5,
    0x83A5, 0x83C5, 0x83C6, 0x83C6, 0x8BC7, 0x8BC8, 0x93C8, 0x93C8,
    0x93A8, 0x93A8, 0x93A8, 0x93A8, 0x93A8, 0x93A8, 0x9BA8, 0x9BA9,
    0xA3C9, 0xA3C9, 0xA3C9, 0xABC9, 0xABC9, 0xABC9, 0xA3C9, 0xA3C9,
    0xC50F, 0xEEB6, 0xFF7A, 0xFFBC, 0xFFBC, 0xFFBB, 0xFFBB, 0xFFBB,
    0xFFBB, 0xFFBB, 0xFF7A, 0xFF79, 0xFF37, 0xFF16, 0xFEF5, 0xFEB3,
    0xFEB3, 0xEE31, 0xFEB4, 0xF693, 0xDD4E, 0xCCAB, 0xBC29, 0xABA7,
    0xA366, 0xABA7, 0xAB87, 0xABA8, 0xB3C8, 0xB3E8, 0xB3E8, 0xB3E9,
    0xB42B, 0xB48E, 0xBCD0, 0xBD33, 0xC574, 0xC5B6, 0xCDF7, 0xCE18,
    0xCE38, 0xCE38, 0xCE38, 0xCE38, 0xCE38, 0xCE38, 0xCE38, 0xCE38,
    0xCE38, 0xCE58, 0xCE17, 0xC594, 0xAC0D, 0x69E3, 0x79E2, 0xB303,
    0xC364, 0xCB84, 0xCB64, 0xC322, 0xBB02, 0xD383, 0xE3C4, 0xD363,
    0xDBA4, 0xEC66, 0xE405, 0xDBC4, 0xE3E5, 0xDBC5, 0xDBE5, 0xD3C5,
    0xCB43, 0xD510, 0xCE59, 0xCE38, 0xCE38, 0xCE38, 0xCE38, 0xCE18,
    0xCE38, 0xCDF7, 0xC595, 0xCDF7, 0xCE17, 0xCDF7, 0xAC6F, 0xA40D,
    0xC574, 0xCDF6, 0xD659, 0xCE17, 0xCE17, 0xC595, 0xBD12, 0xBCF1,
    0xBD12, 0xC5B5, 0xBD12, 0xBCB0, 0xCDB5, 0xC5D6, 0xCDF6, 0xD638,
    0xCE38, 0xCE38, 0xCDF6, 0xCE38, 0xCE38, 0xCE17, 0xCE17, 0xCE38,
    0xCE38, 0xCE38, 0xCE38, 0xCE38, 0xCE38, 0xCE38, 0xD658, 0xBD53,
    0x92C7, 0x71E4, 0x4901, 0x5941, 0x40C0, 0x48E1, 0x48C0, 0x38A0,
    0x40A0, 0x3080, 0x3080, 0x48C0, 0x40A0, 0x3080, 0x3080, 0x3880,
    0x40C1, 0x5121, 0x5122, 0x40C1, 0x38A0, 0x5922, 0x5962, 0x69A3,
    0x8A45, 0x9286, 0x8245, 0x7A45, 0x92C7, 0xBD12, 0xCE17, 0xCE38,
    0xCE38, 0xCE38, 0xCE38, 0xCE38, 0xCE38, 0xCE38, 0xCE18, 0xCE18,
    0xCE38, 0xCE38, 0xCE38, 0xCE38, 0xCE38, 0xCE17, 0xCE17, 0xCE17,
    0xCE17, 0xCE17, 0xCE17, 0xCDF6, 0xC5D6, 0xC594, 0xBD33, 0xBCF1,
    0xBCAF, 0xBC8D, 0xBC6C, 0xBC6C, 0xBC8D, 0xC4CE, 0xC510, 0xC531,
    0xC553, 0xCD94, 0xCD94, 0xCDB5, 0xCDB5, 0xCDB5, 0xCDB5, 0xCDB5,
    0xCDD5, 0xCDD5, 0xCDD5, 0xCDD5, 0xCDD5, 0xCDD5, 0xCDD5, 0xCDD5,
    0x7BA6, 0x73A5, 0x6B82, 0x6B81, 0x6381, 0x6B61, 0x6B62, 0x6B63,
    0x7364, 0x7365, 0x7B65, 0x7B85, 0x7BA5, 0x7BA5, 0x7BA4, 0x7BA4,
    0x7BA5, 0x7BA5, 0x7BC6, 0x83C7, 0x83C7, 0x8BC8, 0x8BC8, 0x8BC8,
    0x8BC8, 0x8BA8, 0x8BA8, 0x8BA8, 0x8BA8, 0x93A8, 0x93A8, 0x9BA9,
    0x9BC9, 0xA3CA, 0xA3CA, 0xA3EA, 0xA3EA, 0xA3EA, 0xAC2B, 0xBC8D,
    0xEED7, 0xFFDC, 0xFF7A, 0xFF79, 0xFF59, 0xFF59, 0xFF79, 0xFF79,
    0xFF7A, 0xFF7A, 0xFF7A, 0xFF79, 0xFF59, 0xFF59, 0xFF37, 0xFF16,
    0xFF16, 0xFEF4, 0xFEF5, 0xFF57, 0xFED3, 0xFE0F, 0xEDAD, 0xDD2C,
    0xBC29, 0xBC2A, 0xB3E8, 0xB3C8, 0xABC8, 0xB3E9, 0xB3C8, 0xB3E9,
    0xB42B, 0xB48E, 0xBCD0, 0xBD33, 0xC594, 0xC5D6, 0xCDF7, 0xCE18,
    0xCE38, 0xCE38, 0xCE38, 0xCE58, 0xCE38, 0xCE38, 0xCE38, 0xCE38,
    0xCE38, 0xCE38, 0xCE38, 0xCE38, 0xCDF6, 0xB4B0, 0x9307, 0xCBC5,
    0xD3A4, 0xCB63, 0xD3A4, 0xE405, 0xDBA4, 0xDBA3, 0xDBA3, 0xE405,
    0xDBA3, 0xDBA3, 0xEC25, 0xE405, 0xEC46, 0xE406, 0xDBE5, 0xE426,
    0xD363, 0xD4CD, 0xCE39, 0xCE38, 0xCE38, 0xCE38, 0xCE38, 0xCE17,
    0xC5D6, 0xC595, 0xBD33, 0xC595, 0xCE38, 0xCE17, 0xB4D1, 0x9329,
    0xAC2D, 0xC553, 0xCDD6, 0xCDF6, 0xCDF7, 0xC574, 0xB48F, 0xAC4E,
    0xAC0D, 0xBCD1, 0xAC0C, 0xBCD0, 0xC574, 0xC595, 0xCDD5, 0xCE38,
    0xCE17, 0xC574, 0xC5B5, 0xCDF6, 0xCE17, 0xCDF7, 0xCE38, 0xCE38,
    0xCE38, 0xCE38, 0xCE38, 0xCE38, 0xCE38, 0xCE38, 0xCE38, 0xC594,
    0x8AE7, 0x6182, 0x48E1, 0x6141, 0x6121, 0x5921, 0x5101, 0x40A0,
    0x40A0, 0x3080, 0x3880, 0x4080, 0x3080, 0x2860, 0x3080, 0x48C0,
    0x40C1, 0x4901, 0x40C1, 0x40E1, 0x5121, 0x5122, 0x4901, 0x5122,
    0x7A04, 0x8224, 0x8245, 0x8A65, 0xABCC, 0xCE17, 0xCE38, 0xCE38,
    0xCE38, 0xCE38, 0xCE38, 0xCE38, 0xCE38, 0xCE38, 0xCE38, 0xCE38,
    0xCE38, 0xCE38, 0xCE38, 0xCE38, 0xCE18, 0xCE17, 0xCE17, 0xCE17,
    0xCE17, 0xCE17, 0xCE17, 0xCDF6, 0xC5D6, 0xC574, 0xBD33, 0xBCF1,
    0xBCAF, 0xBC8D, 0xBC6C, 0xBC6C, 0xC4AD, 0xC4EF, 0xC511, 0xC552,
    0xCD94, 0xCDB5, 0xCDD6, 0xCDD6, 0xCDF6, 0xCDF6, 0xCDF6, 0xCDF6,
    0xCDF6, 0xCDF6, 0xCDF6, 0xCDF6, 0xCDF6, 0xD5F6, 0xCDF6, 0xD5F6,
    0x7BA6, 0x7385, 0x6B83, 0x6361, 0x5B40, 0x5B40, 0x5B41, 0x6342,
    0x6343, 0x6B44, 0x6B44, 0x7364, 0x6B84, 0x6B84, 0x6B83, 0x6B83,
    0x73A4, 0x73A5, 0x7BA6, 0x7BC7, 0x83C7, 0x83C8, 0x8BC8, 0x8BC8,
    0x83C8, 0x83A8, 0x83A7, 0x83A7, 0x83A7, 0x8BA8, 0x8BA9, 0x93C9,
    0x9BCA, 0x9BEA, 0x9BEA, 0xA3EB, 0xA3EB, 0xA3EA, 0xB48D, 0xEEB7,
    0xFF9B, 0xFF79, 0xFF58, 0xFF58, 0xFF79, 0xFF59, 0xFF59, 0xFF79,
    0xFF7A, 0xFF79, 0xFF58, 0xFF59, 0xFF59, 0xFF38, 0xFF38, 0xFF38,
    0xFF37, 0xFF38, 0xFF17, 0xFEF5, 0xFEF5, 0xFE71, 0xFE50, 0xFDED,
    0xFDAC, 0xED8D, 0xE54D, 0xDD4E, 0xB3E9, 0xB3E9, 0xABC8, 0xABE9,
    0xB42B, 0xB48E, 0xBCD0, 0xBD33, 0xC595, 0xC5D6, 0xCDF7, 0xCE18,
    0xCE38, 0xD638, 0xCE38, 0xCE58, 0xCE58, 0xCE38, 0xCE38, 0xCE38,
    0xCE38, 0xCE38, 0xCE38, 0xCE38, 0xCE38, 0xCE38, 0xCDB5, 0xD4CB,
    0xDBE4, 0xCB63, 0xD383, 0xE425, 0xE425, 0xEC46, 0xDBC4, 0xD383,
    0xE3E4, 0xDBA3, 0xE3E4, 0xEC25, 0xEC26, 0xE426, 0xE405, 0xE406,
    0xDBA4, 0xDCAB, 0xCE38, 0xCE38, 0xCE38, 0xCE38, 0xCE38, 0xCE17,
    0xCDD6, 0xBD12, 0xA40D, 0xAC4F, 0xC574, 0xCDF6, 0xC574, 0x9B6A,
    0x92E7, 0xA3AB, 0xBCD1, 0xC553, 0xCDD6, 0xC553, 0xA3EC, 0x9B6A,
    0x9B28, 0xA369, 0xABCB, 0xBC6E, 0xBD32, 0xBD53, 0xCE17, 0xCDB5,
    0xC4D0, 0xBD11, 0xBD12, 0xCDD6, 0xCDF7, 0xCDF6, 0xCE38, 0xCE17,
    0xCE38, 0xCE38, 0xCE38, 0xCE38, 0xCE38, 0xCE38, 0xCE38, 0xBD32,
    0x8AA6, 0x6982, 0x6141, 0x7181, 0x9222, 0x71A2, 0x81E2, 0x4080,
    0x38A0, 0x3880, 0x2040, 0x2840, 0x2860, 0x2860, 0x48E1, 0x48E1,
    0x3080, 0x5101, 0x5901, 0x5101, 0x40C1, 0x2880, 0x2860, 0x40E1,
    0x5122, 0x8224, 0x8A65, 0x9AE7, 0xC532, 0xCE17, 0xCE18, 0xCE38,
    0xCE38, 0xCE38, 0xCE38, 0xCE38, 0xCE38, 0xCE38, 0xCE38, 0xCE38,
    0xCE38, 0xCE38, 0xCE18, 0xCE18, 0xCE18, 0xCE17, 0xCE37, 0xCE17,
    0xCE17, 0xCE17, 0xCDF7, 0xCDF6, 0xC5B6, 0xC574, 0xBD33, 0xBCF1,
    0xBCAF, 0xBC8D, 0xBC6C, 0xBC8C, 0xC4AE, 0xC4F0, 0xC532, 0xCD73,
    0xCDB5, 0xCDD6, 0xCE17, 0xD617, 0xD617, 0xD617, 0xD617, 0xD617,
    0xD617, 0xD637, 0xD637, 0xD637, 0xD617, 0xD617, 0xD617, 0xD617,
    0x73A6, 0x6B85, 0x6363, 0x5B41, 0x5320, 0x5300, 0x5300, 0x5300,
    0x5301, 0x5B02, 0x6323, 0x6343, 0x6343, 0x6362, 0x6362, 0x6362,
    0x6B84, 0x7385, 0x73A6, 0x7BA7, 0x7BC7, 0x83C8, 0x83C8, 0x83C8,
    0x83C8, 0x7BA7, 0x7BA7, 0x7BA7, 0x83A7, 0x83A8, 0x8BC9, 0x93CA,
    0x93CA, 0x9BEB, 0x9BEB, 0x9C0B, 0x9C0B, 0xA42C, 0xBD31, 0xFF5A,
    0xFF7A, 0xFF58, 0xFF38, 0xFF17, 0xFEF6, 0xFF17, 0xFF17, 0xFF38,
    0xFF58, 0xFF38, 0xFF38, 0xFF38, 0xFF38, 0xFF38, 0xFF38, 0xFF38,
    0xFEF7, 0xFEF6, 0xFF17, 0xFF17, 0xFEF6, 0xFEF6, 0xFED5, 0xFE93,
    0xFE0F, 0xFE2F, 0xFE2E, 0xFEB2, 0xEE52, 0xD54E, 0xCCEC, 0xB409,
    0xB42B, 0xB48E, 0xBCF1, 0xBD33, 0xC595, 0xC5D6, 0xCDF7, 0xCE18,
    0xCE38, 0xCE38, 0xCE38, 0xCE38, 0xCE38, 0xCE58, 0xCE58, 0xCE38,
    0xCE38, 0xCE38, 0xCE38, 0xCE38, 0xCE38, 0xCE38, 0xCE59, 0xDDD2,
    0xE445, 0xDBE5, 0xDC05, 0xE446, 0xEC86, 0xF4C8, 0xF4A7, 0xE404,
    0xE3E4, 0xEC45, 0xE3E4, 0xE405, 0xE405, 0xE405, 0xEC46, 0xDBE4,
    0xDB83, 0xDC8A, 0xD658, 0xCE38, 0xCE38, 0xCE38, 0xCE38, 0xCE18,
    0xC5D6, 0xC574, 0x9B8B, 0x7A46, 0x9BAC, 0xBD33, 0xC574, 0x9B8A,
    0x7A24, 0x8224, 0xA38A, 0xB4B0, 0xBD33, 0xBCF1, 0x9B6A, 0x8265,
    0x8A85, 0x9AE7, 0xA369, 0xABEB, 0xBCF1, 0xC5B5, 0xCD94, 0xBC8F,
    0xBC8F, 0xAC0D, 0xBCB0, 0xCE17, 0xCDB5, 0xCDF7, 0xCE18, 0xCE18,
    0xCE38, 0xCE38, 0xCE38, 0xCE38, 0xCE38, 0xCE38, 0xCE38, 0xCDD6,
    0x8AC7, 0x8203, 0xA2A3, 0xAAA3, 0xB2E3, 0x6961, 0x81C1, 0x7181,
    0x5921, 0x2840, 0x3880, 0x3060, 0x2840, 0x3080, 0x38C0, 0x3080,
    0x40C0, 0x40A0, 0x3060, 0x2880, 0x38A0, 0x48E1, 0x5101, 0x5942,
    0x6162, 0x69A3, 0x8A65, 0x9B08, 0xBD33, 0xCE18, 0xCE18, 0xCE18,
    0xCE18, 0xCE38, 0xCE38, 0xCE38, 0xCE38, 0xCE38, 0xCE38, 0xCE38,
    0xCE38, 0xCE38, 0xCE18, 0xCE18, 0xCE18, 0xCE17, 0xCE17, 0xCE17,
    0xCE17, 0xCE17, 0xCDF7, 0xCDF6, 0xC5D6, 0xC594, 0xBD33, 0xBCF1,
    0xBCAF, 0xBC8D, 0xBC6C, 0xBC8C, 0xC4AE, 0xC510, 0xC552, 0xCD94,
    0xCDD5, 0xCDF6, 0xD617, 0xD617, 0xD617, 0xD637, 0xD637, 0xD638,
    0xD638, 0xD638, 0xD638, 0xD638, 0xD638, 0xD638, 0xD638, 0xD638,
    0x73A6, 0x6B85, 0x6343, 0x5B21, 0x5300, 0x4AC0, 0x4AC0, 0x4AC0,
    0x4AC0, 0x52E1, 0x52E2, 0x5B02, 0x5B22, 0x5B21, 0x5B21, 0x6342,
    0x6363, 0x6B64, 0x7385, 0x73A6, 0x73A6, 0x7BA7, 0x7BA7, 0x7BA7,
    0x7BA7, 0x7BA7, 0x7B86, 0x7BA7, 0x83A8, 0x83C9, 0x8BCA, 0x8BCA,
    0x93EB, 0x93EB, 0x9C0B, 0x9C0C, 0x9C0C, 0x9C0C, 0xDE35, 0xFF7A,
    0xF6F7, 0xF6D6, 0xF694, 0xEE53, 0xF6B5, 0xFED6, 0xFEF6, 0xFEF7,
    0xFEF7, 0xF6D6, 0xF6B5, 0xF674, 0xF6B5, 0xF6B5, 0xF6B5, 0xFED6,
    0xFEF6, 0xFF17, 0xFEF6, 0xFF17, 0xFF17, 0xFF17, 0xFEF6, 0xFEF5,
    0xFEF5, 0xFEB4, 0xFEB3, 0xFEB2, 0xFF35, 0xFF35, 0xFF16, 0xE611,
    0xC4CD, 0xBCCF, 0xBCF1, 0xBD33, 0xC595, 0xC5D6, 0xCDF7, 0xCE18,
    0xCE38, 0xCE38, 0xCE38, 0xCE38, 0xCE58, 0xCE58, 0xCE58, 0xCE58,
    0xCE58, 0xCE38, 0xD638, 0xCE38, 0xCE38, 0xCE38, 0xCE38, 0xD636,
    0xECE9, 0xE445, 0xE467, 0xEC66, 0xE425, 0xEC46, 0xF4C7, 0xF4A7,
    0xEC66, 0xF486, 0xF4C7, 0xF486, 0xF487, 0xE425, 0xEC66, 0xE425,
    0xD362, 0xDC48, 0xD637, 0xCE59, 0xCE38, 0xC5D6, 0xC5D6, 0xC5D6,
    0xC5B5, 0xC574, 0xBCD1, 0x8266, 0x71E4, 0xA38A, 0xABED, 0x9349,
    0x71C3, 0x71E3, 0x8244, 0xA38B, 0xA40D, 0xA3AB, 0x8A86, 0x71C3,
    0x7A03, 0x8A65, 0x9B28, 0xA3AB, 0xB48F, 0xC532, 0xABCA, 0xA38A,
    0x9308, 0x9B48, 0xC511, 0xCDB5, 0xC573, 0xCDF6, 0xCDF7, 0xCDF7,
    0xCE17, 0xCE38, 0xCE38, 0xCE38, 0xCE38, 0xCE38, 0xCE38, 0xCE17,
    0xABCA, 0xC385, 0xDC26, 0xD384, 0xC323, 0xA242, 0xA262, 0x8A02,
    0x7161, 0x6100, 0x6120, 0x50E0, 0x38A0, 0x38A1, 0x38A0, 0x2840,
    0x2040, 0x2040, 0x2860, 0x38A0, 0x38A0, 0x40C0, 0x5101, 0x5962,
    0x5121, 0x71E4, 0x9286, 0xABCB, 0xC574, 0xCE17, 0xCE18, 0xCE18,
    0xCE18, 0xCE38, 0xCE38, 0xCE38, 0xCE18, 0xCE38, 0xCE38, 0xCE38,
    0xCE38, 0xCE38, 0xCE18, 0xCE18, 0xCE38, 0xCE18, 0xCE17, 0xCE17,
    0xCE17, 0xCE17, 0xCDF7, 0xCDF6, 0xC5D6, 0xC594, 0xBD33, 0xBCF1,
    0xBCAF, 0xBC8D, 0xBC6C, 0xBC8C, 0xC4AE, 0xC510, 0xC552, 0xCD94,
    0xCDD5, 0xCDF6, 0xD617, 0xD617, 0xD617, 0xD637, 0xD637, 0xD638,
    0xD638, 0xD638, 0xD638, 0xD638, 0xD638, 0xD638, 0xD638, 0xD638,
    0x6B85, 0x6364, 0x5B23, 0x5301, 0x4AC0, 0x42A0, 0x4280, 0x4280,
    0x42A0, 0x42A0, 0x4AC1, 0x4AE1, 0x4AE0, 0x52E0, 0x5300, 0x5B21,
    0x5B43, 0x6344, 0x6B65, 0x6B85, 0x6B85, 0x7385, 0x7386, 0x7386,
    0x7386, 0x7386, 0x7386, 0x7387, 0x83A8, 0x83C9, 0x8BCA, 0x93EB,
    0x93EB, 0x940B, 0x9C0C, 0x9C0C, 0xA42D, 0xAC8E, 0xEEF8, 0xFF59,
    0xF6B5, 0xF694, 0xF6B5, 0xF6F6, 0xFF17, 0xF6D6, 0xEE74, 0xEE74,
    0xF694, 0xEE53, 0xE5D1, 0xE5F2, 0xEE33, 0xEE54, 0xF653, 0xF674,
    0xF674, 0xF674, 0xF695, 0xF6B5, 0xF6B5, 0xFED5, 0xFEF7, 0xFEF6,
    0xFED5, 0xFED5, 0xFEB3, 0xFED3, 0xFEB2, 0xFEF3, 0xFF15, 0xFF57,
    0xFE92, 0xE5F1, 0xBD31, 0xBD33, 0xC595, 0xC5D6, 0xCDF7, 0xCE18,
    0xCE38, 0xCE38, 0xCE38, 0xCE38, 0xCE58, 0xCE58, 0xD638, 0xD658,
    0xD658, 0xD638, 0xD638, 0xCE58, 0xCE58, 0xCE38, 0xCE38, 0xCE59,
    0xEDD0, 0xECA6, 0xECA7, 0xE425, 0xE404, 0xE404, 0xEC25, 0xEC45,
    0xF486, 0xF4C7, 0xF4A7, 0xF465, 0xEC45, 0xF486, 0xEC45, 0xEC66,
    0xDBE5, 0xD3C5, 0xDDF5, 0xCE59, 0xCE38, 0xCDF6, 0xC595, 0xBCF2,
    0xC574, 0xC595, 0xBD32, 0xAC4E, 0x61A3, 0x69A2, 0x7A04, 0x7204,
    0x69A2, 0x6982, 0x6962, 0x7A04, 0x92E8, 0x8AA6, 0x71E3, 0x6162,
    0x6162, 0x8203, 0x9285, 0x9B29, 0xABCC, 0xA369, 0x8A85, 0x8244,
    0x8204, 0xABCB, 0xCD93, 0xCD94, 0xC594, 0xC594, 0xC5B5, 0xCDF7,
    0xCE38, 0xCE38, 0xCE38, 0xCE58, 0xCE38, 0xCE38, 0xCE38, 0xCE58,
    0xDD0E, 0xEC87, 0xDBE5, 0xCB22, 0xCB43, 0xCB23, 0xC2E2, 0xBAC2,
    0xA262, 0x9A21, 0x81C2, 0x7181, 0x40C0, 0x3880, 0x5101, 0x40A0,
    0x3880, 0x38A0, 0x38A0, 0x38A0, 0x40C1, 0x6161, 0x71A2, 0x6982,
    0x4901, 0x69A3, 0x92C7, 0xBCD0, 0xCE38, 0xCE38, 0xCE38, 0xCE18,
    0xCE18, 0xCE38, 0xCE38, 0xCE38, 0xCE18, 0xCE38, 0xCE18, 0xCE38,
    0xCE38, 0xCE38, 0xCE18, 0xCE18, 0xCE38, 0xCE18, 0xCE18, 0xCE17,
    0xCE17, 0xCE17, 0xCE17, 0xCDF6, 0xC5D6, 0xC594, 0xBD53, 0xBCF1,
    0xBCAF, 0xBC8D, 0xBC6C, 0xBC8C, 0xC4AE, 0xC510, 0xC552, 0xCD94,
    0xCDB5, 0xCDF6, 0xD617, 0xD617, 0xD637, 0xD637, 0xD638, 0xD638,
    0xD638, 0xD638, 0xD637, 0xD638, 0xD638, 0xD638, 0xD638, 0xD638,
    0x6365, 0x6344, 0x5B23, 0x4AE1, 0x42A0, 0x3A80, 0x3A60, 0x3A60,
    0x3A60, 0x4280, 0x4280, 0x42A0, 0x42A0, 0x4AC0, 0x4AE0, 0x4AE0,
    0x5302, 0x5B23, 0x6344, 0x6364, 0x6344, 0x6344, 0x6B64, 0x6B65,
    0x6B65, 0x6B65, 0x7366, 0x7387, 0x7BA8, 0x83C9, 0x8BEA, 0x93EB,
    0x93EB, 0x940C, 0x9C0C, 0x9C2C, 0x9C0C, 0xB4F0, 0xF738, 0xF717,
    0xEE94, 0xF6D5, 0xFEF6, 0xF6B5, 0xEE74, 0xEE53, 0xE5D1, 0xEE74,
    0xE612, 0xE5F2, 0xE5D1, 0xE612, 0xEE74, 0xEE54, 0xEE33, 0xEE33,
    0xF674, 0xF695, 0xF6D6, 0xF674, 0xF674, 0xF674, 0xF674, 0xF694,
    0xFEB4, 0xFE94, 0xFE93, 0xFE71, 0xFE71, 0xFE91, 0xFEB2, 0xFEB2,
    0xFE0D, 0xFD8A, 0xED4D, 0xD571, 0xCDB5, 0xC5D6, 0xCDF7, 0xCE38,
    0xCE38, 0xCE38, 0xCE38, 0xCE38, 0xCE38, 0xCE58, 0xD658, 0xD658,
    0xD658, 0xD658, 0xD658, 0xCE38, 0xCE38, 0xCE58, 0xCE58, 0xCE58,
    0xEE12, 0xF508, 0xEC66, 0xE424, 0xE404, 0xE404, 0xEC25, 0xF4A6,
    0xF4A6, 0xF465, 0xEC44, 0xF465, 0xF4A6, 0xF486, 0xF4A6, 0xECA7,
    0xE426, 0xDBC4, 0xD550, 0xCE59, 0xCDF6, 0xC5D6, 0xBD33, 0xAC4F,
    0xA3ED, 0xBD33, 0xBCF1, 0xB48F, 0x7246, 0x40A0, 0x5941, 0x5921,
    0x5920, 0x5101, 0x5941, 0x5921, 0x7A04, 0x79E4, 0x5962, 0x5942,
    0x5101, 0x79E3, 0x7A03, 0x92A6, 0x92A6, 0x8203, 0x79E3, 0x6982,
    0x92A6, 0xBC8E, 0xC4F0, 0xC511, 0xB48F, 0xB4D1, 0xCDD6, 0xCE17,
    0xCE38, 0xCE38, 0xCE38, 0xCE38, 0xCE38, 0xCE38, 0xCE38, 0xCE17,
    0xED2C, 0xEC46, 0xCB02, 0xCB23, 0xD384, 0xCB43, 0xD343, 0xDB83,
    0xC323, 0xBB24, 0xA283, 0x7161, 0x5101, 0x6141, 0x5901, 0x5101,
    0x5100, 0x48E0, 0x40C0, 0x48C0, 0x5100, 0x5101, 0x79E3, 0x69A2,
    0x6982, 0x71C3, 0x8AA6, 0xBCF1, 0xCDF7, 0xCE18, 0xCE38, 0xCE18,
    0xCE18, 0xCE38, 0xCE38, 0xCE38, 0xCE38, 0xCE18, 0xCE18, 0xCE38,
    0xCE38, 0xCE38, 0xCE38, 0xCE18, 0xCE38, 0xCE18, 0xCE18, 0xCE17,
    0xCE17, 0xCE17, 0xCE17, 0xCDF6, 0xC5B6, 0xC594, 0xBD53, 0xBCF1,
    0xBCAF, 0xBC8D, 0xBC6C, 0xBC8C, 0xC4AE, 0xC510, 0xC552, 0xCD94,
    0xCDB5, 0xCDF6, 0xD617, 0xD617, 0xD617, 0xD637, 0xD637, 0xD617,
    0xD637, 0xD617, 0xD617, 0xD617, 0xD617, 0xD617, 0xD637, 0xD637,
    0x5B24, 0x5B23, 0x52E2, 0x4AC1, 0x42A0, 0x3A60, 0x3A60, 0x3240,
    0x3240, 0x3A40, 0x3A60, 0x3A60, 0x3A80, 0x42A0, 0x42A0, 0x4AC0,
    0x4AE1, 0x5302, 0x5302, 0x5B03, 0x5B23, 0x5B23, 0x6323, 0x6324,
    0x6324, 0x6B44, 0x6B65, 0x7386, 0x7BA7, 0x83A8, 0x83C9, 0x8BEA,
    0x93EB, 0x940C, 0x9C2C, 0x9C2C, 0x940C, 0xA48E, 0xF718, 0xF6D6,
    0xF695, 0xF694, 0xF694, 0xE5F1, 0xEE32, 0xDD6F, 0xE5B0, 0xE5B1,
    0xD54E, 0xDD6F, 0xE5F2, 0xEE33, 0xE5D1, 0xDD6F, 0xE5B0, 0xE5F2,
    0xE5F2, 0xDDB1, 0xE5D1, 0xE5F1, 0xE5D1, 0xEE12, 0xEE33, 0xEE53,
    0xF674, 0xF653, 0xFE93, 0xFE31, 0xFE51, 0xFE4F, 0xFE70, 0xFE91,
    0xFD8A, 0xE424, 0xDBC3, 0xEC88, 0xE54F, 0xDDD4, 0xCDF7, 0xCE38,
    0xCE58, 0xCE58, 0xCE38, 0xCE38, 0xCE38, 0xCE58, 0xCE58, 0xD658,
    0xD658, 0xD658, 0xD658, 0xD658, 0xCE58, 0xCE58, 0xD658, 0xCE59,
    0xDE15, 0xF54A, 0xEC66, 0xDBC3, 0xE404, 0xF486, 0xF4A6, 0xEC86,
    0xF4A6, 0xF465, 0xEC24, 0xEC04, 0xF485, 0xF485, 0xF4C7, 0xEC86,
    0xE466, 0xDBE4, 0xDCAA, 0xCE17, 0xC5B5, 0xBD53, 0xBD33, 0xB46F,
    0x9B8B, 0x82A7, 0xA3ED, 0x9BAB, 0x7A87, 0x40C0, 0x48E1, 0x48E0,
    0x48C0, 0x38A0, 0x5101, 0x5921, 0x6141, 0x6982, 0x6162, 0x48E1,
    0x48E1, 0x71C2, 0x71A2, 0x79E3, 0x71C2, 0x71C2, 0x6162, 0x6982,
    0x92A6, 0xB42C, 0xB40B, 0x9B48, 0xABEB, 0xC553, 0xCDD6, 0xCDF7,
    0xD638, 0xCE37, 0xCE17, 0xCE58, 0xCE38, 0xCE38, 0xCE58, 0xDDB1,
    0xEC66, 0xE426, 0xD363, 0xDB83, 0xDB83, 0xE3C4, 0xE3E4, 0xE405,
    0xDC05, 0xCB43, 0xC323, 0xA282, 0x9242, 0x6941, 0x48C0, 0x5121,
    0x40C0, 0x40A0, 0x3880, 0x3880, 0x40C0, 0x38A0, 0x4901, 0x6982,
    0x8224, 0x7A04, 0xA42E, 0xCDD6, 0xCE17, 0xCE38, 0xCE38, 0xCE18,
    0xCE18, 0xCE38, 0xCE38, 0xCE38, 0xCE38, 0xCE38, 0xCE38, 0xCE38,
    0xCE38, 0xCE38, 0xCE38, 0xCE38, 0xCE38, 0xCE18, 0xCE17, 0xCE17,
    0xCE17, 0xCE17, 0xCDF7, 0xCDF6, 0xC5B6, 0xC594, 0xBD33, 0xBD11,
    0xBCCF, 0xBC8D, 0xBC6C, 0xBC8C, 0xC4CE, 0xC510, 0xC552, 0xCD94,
    0xCDB5, 0xCDF6, 0xD617, 0xD617, 0xD617, 0xD617, 0xD617, 0xD617,
    0xD617, 0xD617, 0xCE17, 0xCE17, 0xCE17, 0xD617, 0xD617, 0xCE17,
    0x5B03, 0x52E2, 0x4AC2, 0x42A0, 0x4280, 0x3A60, 0x3240, 0x3240,
    0x3240, 0x3220, 0x3240, 0x3240, 0x3A60, 0x3A60, 0x4280, 0x42A0,
    0x42A0, 0x4AC1, 0x4AC1, 0x4AC1, 0x52E1, 0x52E1, 0x5302, 0x5B02,
    0x5B03, 0x6324, 0x6B45, 0x7386, 0x7BA7, 0x7BA8, 0x83C9, 0x8BEA,
    0x93EB, 0x940C, 0x942C, 0x9C2C, 0x9C2D, 0xB4F0, 0xF6F7, 0xF694,
    0xF695, 0xEE74, 0xEE74, 0xEE33, 0xE5B0, 0xDD6F, 0xDD4E, 0xCCCD,
    0xCCCD, 0xD54F, 0xD56F, 0xD52E, 0xD56F, 0xDD70, 0xDD90, 0xDD90,
    0xDD6F, 0xDD6F, 0xDDB1, 0xE5F1, 0xEE13, 0xE5F2, 0xEE33, 0xEE54,
    0xF694, 0xF653, 0xF632, 0xF652, 0xF652, 0xF60F, 0xFE0E, 0xFE70,
    0xFE0D, 0xE424, 0xD362, 0xD342, 0xDBC4, 0xE4CA, 0xD5F5, 0xCE38,
    0xD658, 0xCE58, 0xCE58, 0xCE38, 0xCE38, 0xCE58, 0xD658, 0xD659,
    0xD659, 0xD659, 0xD658, 0xD658, 0xCE58, 0xCE58, 0xCE58, 0xCE38,
    0xD658, 0xF5AE, 0xEC85, 0xE445, 0xEC86, 0xF4A6, 0xF485, 0xF4E7,
    0xF485, 0xEC44, 0xEC04, 0xE3E3, 0xEC44, 0xF4A6, 0xF486, 0xF4A7,
    0xEC87, 0xDBC4, 0xD407, 0xCDD5, 0xC595, 0xB490, 0xC554, 0xB4B0,
    0xA3CB, 0x8A86, 0x69A3, 0x7225, 0x71C4, 0x5921, 0x48E0, 0x3880,
    0x3880, 0x3880, 0x5101, 0x5921, 0x5921, 0x5921, 0x5921, 0x38A0,
    0x38A0, 0x6141, 0x6962, 0x6982, 0x71A2, 0x6161, 0x6141, 0x6161,
    0x8AC6, 0x9B28, 0x8A85, 0x9B49, 0xBCAF, 0xC574, 0xC594, 0xCDD6,
    0xC5D6, 0xCDF6, 0xCE38, 0xCE58, 0xCE58, 0xCE38, 0xD638, 0xE50B,
    0xEC45, 0xE446, 0xE3E4, 0xE3E4, 0xDBA3, 0xEC25, 0xE405, 0xEC66,
    0xE425, 0xDBC4, 0xCB63, 0xBB03, 0xB2E3, 0x9201, 0x79C1, 0x5100,
    0x3880, 0x48C0, 0x40A0, 0x3880, 0x38A0, 0x48E0, 0x4901, 0x69A2,
    0x71C2, 0x9B8A, 0xCDF6, 0xCE17, 0xCE38, 0xCE38, 0xCE38, 0xCE38,
    0xCE18, 0xCE18, 0xCE38, 0xCE38, 0xCE38, 0xCE38, 0xCE38, 0xCE38,
    0xCE38, 0xCE38, 0xCE38, 0xCE18, 0xCE38, 0xCE18, 0xCE17, 0xCE17,
    0xCE17, 0xCE17, 0xCDF7, 0xCDF6, 0xC5B6, 0xC594, 0xBD53, 0xBD11,
    0xBCCF, 0xBC8D, 0xBC6C, 0xBC8C, 0xC4CE, 0xC510, 0xCD52, 0xCD94,
    0xCDB5, 0xCDF6, 0xD617, 0xD617, 0xD617, 0xD617, 0xD617, 0xCE17,
    0xCE17, 0xCE17, 0xCDF7, 0xCDF7, 0xCDF7, 0xCDF7, 0xCE17, 0xCDF7,
    0x52E2, 0x4AC2, 0x4AC1, 0x42A0, 0x4260, 0x3A60, 0x3240, 0x3220,
    0x3220, 0x3220, 0x3220, 0x3220, 0x3240, 0x3A60, 0x3A60, 0x3A80,
    0x3A80, 0x4280, 0x42A0, 0x42A0, 0x4AA0, 0x4AA0, 0x4AC1, 0x52C1,
    0x52E2, 0x6304, 0x6B45, 0x7386, 0x7BA7, 0x7BA8, 0x83C9, 0x8BEA,
    0x8BEB, 0x940C, 0x940C, 0x9C2C, 0x9C4D, 0xCDD4, 0xFF38, 0xEE32,
    0xEE73, 0xEE53, 0xF695, 0xEE74, 0xE5B0, 0xE5D1, 0xD54E, 0xC48B,
    0xC48C, 0xBC4B, 0xCCCD, 0xCCCD, 0xCCCD, 0xD50E, 0xDD70, 0xD52F,
    0xD54F, 0xE5D1, 0xE5F2, 0xE613, 0xEE54, 0xEE75, 0xF6D7, 0xEE75,
    0xEDF2, 0xEE13, 0xEE54, 0xEE32, 0xEDF1, 0xEDCF, 0xF5EE, 0xFE0E,
    0xFE2E, 0xF54A, 0xD382, 0xCB22, 0xC2E1, 0xCB21, 0xE56E, 0xE677,
    0xD638, 0xCE58, 0xD658, 0xCE58, 0xCE58, 0xCE58, 0xCE59, 0xD659,
    0xD659, 0xD658, 0xCE58, 0xD658, 0xD658, 0xCE58, 0xCE58, 0xCE38,
    0xD658, 0xEDAF, 0xE404, 0xE445, 0xF4E7, 0xF4C6, 0xF4C7, 0xFCE7,
    0xF4A6, 0xEC24, 0xEC04, 0xE3E3, 0xF485, 0xF486, 0xF486, 0xEC86,
    0xE425, 0xDC26, 0xCB84, 0xC510, 0xBD74, 0xBD12, 0x936A, 0x9BAB,
    0x8AA7, 0x7A25, 0x5941, 0x40C0, 0x5101, 0x5921, 0x38C1, 0x30A0,
    0x38A0, 0x38A1, 0x48E1, 0x48C0, 0x5921, 0x5100, 0x50E1, 0x38A0,
    0x3080, 0x5921, 0x6962, 0x71A2, 0x6961, 0x5941, 0x5921, 0x6141,
    0x69C3, 0x69A2, 0x8A85, 0xABEC, 0xB48F, 0xAC2D, 0xAC4E, 0xAC6F,
    0xB512, 0xC5D6, 0xCE38, 0xCE38, 0xCE58, 0xCE59, 0xDE36, 0xECC8,
    0xEC45, 0xE404, 0xE405, 0xEC66, 0xE3C3, 0xEC66, 0xEC66, 0xF486,
    0xDBC4, 0xE405, 0xDBE5, 0xDC05, 0xD363, 0xCB43, 0x9A41, 0x6940,
    0x5900, 0x50E0, 0x5900, 0x6120, 0x50E0, 0x5921, 0x5962, 0x69A2,
    0x8AC7, 0xBD32, 0xCE17, 0xCE17, 0xCE38, 0xCE38, 0xCE38, 0xCE38,
    0xCE18, 0xCE38, 0xCE38, 0xCE38, 0xCE38, 0xCE38, 0xCE38, 0xCE38,
    0xCE38, 0xD638, 0xCE38, 0xCE18, 0xCE38, 0xCE18, 0xCE18, 0xCE17,
    0xCE17, 0xCE17, 0xCE17, 0xCDF7, 0xC5B6, 0xC595, 0xBD53, 0xBD11,
    0xBCCF, 0xBC8D, 0xBC6C, 0xBC8C, 0xC4CE, 0xC510, 0xCD52, 0xCD94,
    0xCDB5, 0xCDF6, 0xD617, 0xD637, 0xD617, 0xD617, 0xD617, 0xCE17,
    0xCDF7, 0xCDF7, 0xCDF7, 0xCDF7, 0xCDF7, 0xCDF7, 0xCDF7, 0xCDF7,
    0x4AA2, 0x4AA1, 0x42A1, 0x4280, 0x3A60, 0x3A60, 0x3240, 0x3240,
    0x3220, 0x3220, 0x3220, 0x3220, 0x3220, 0x3240, 0x3240, 0x3240,
    0x3A40, 0x3A60, 0x3A60, 0x3A60, 0x3A60, 0x4260, 0x4280, 0x4AA0,
    0x52E2, 0x5B04, 0x6B45, 0x7366, 0x7387, 0x7BA8, 0x83A9, 0x83CA,
    0x8BEB, 0x940B, 0x940C, 0x942C, 0x9C2D, 0xCDF4, 0xFF59, 0xF6B5,
    0xEE53, 0xEE33, 0xEE95, 0xEE53, 0xE5F1, 0xE5D1, 0xDD6F, 0xCCED,
    0xC4AC, 0xBC2A, 0xBC0A, 0xB3C9, 0xBC0A, 0xCCCD, 0xCCCD, 0xCCEE,
    0xDD70, 0xD54F, 0xDD70, 0xD550, 0xE5F3, 0xE613, 0xE5D1, 0xE5D1,
    0xE5F3, 0xE5D2, 0xEE12, 0xEE33, 0xF653, 0xEDD0, 0xE52C, 0xF5AD,
    0xF5CD, 0xF549, 0xDBE3, 0xD342, 0xB280, 0xC301, 0xDC26, 0xF631,
    0xDE57, 0xCE38, 0xD658, 0xD659, 0xCE58, 0xCE58, 0xCE58, 0xD658,
    0xCE58, 0xD658, 0xD658, 0xD658, 0xD658, 0xD658, 0xD658, 0xCE58,
    0xD658, 0xF5CF, 0xE444, 0xEC65, 0xF485, 0xF4A5, 0xF4C6, 0xF4A6,
    0xF485, 0xEC24, 0xEC23, 0xEC44, 0xF4C7, 0xF4A6, 0xF4A7, 0xEC65,
    0xE405, 0xD3C4, 0xC363, 0xCCAD, 0xCDD6, 0xBD32, 0x9BCC, 0x7225,
    0x5962, 0x5101, 0x4901, 0x48C0, 0x40A0, 0x48E0, 0x5101, 0x38C1,
    0x40C1, 0x48E1, 0x48E1, 0x40C0, 0x5101, 0x5921, 0x48C0, 0x3080,
    0x38A0, 0x5121, 0x5921, 0x6982, 0x69A3, 0x5921, 0x48E0, 0x48E0,
    0x48C0, 0x5101, 0x8265, 0xABAA, 0x9B49, 0x8286, 0x9308, 0xBD12,
    0xD638, 0xD658, 0xCE38, 0xCE38, 0xCE58, 0xD658, 0xEDD0, 0xF4A6,
    0xEC66, 0xE404, 0xEC25, 0xEC86, 0xEC65, 0xF4A7, 0xF4A6, 0xEC45,
    0xDBC4, 0xEC66, 0xEC46, 0xCB43, 0xD383, 0xCB23, 0xA261, 0x9A21,
    0x79A0, 0x50E0, 0x40A0, 0x5920, 0x5921, 0x6141, 0x6141, 0x82A7,
    0xC553, 0xCE17, 0xCE18, 0xCE38, 0xCE38, 0xCE38, 0xCE38, 0xCE38,
    0xCE38, 0xCE38, 0xCE38, 0xCE38, 0xCE38, 0xCE38, 0xCE38, 0xD638,
    0xCE38, 0xCE38, 0xCE38, 0xCE38, 0xCE38, 0xCE38, 0xCE38, 0xCE17,
    0xCE17, 0xCE17, 0xCE17, 0xCDF6, 0xC5D6, 0xC595, 0xBD53, 0xBD11,
    0xBCCF, 0xBC8D, 0xBC6C, 0xBC8C, 0xC4CE, 0xC510, 0xCD52, 0xCD94,
    0xCDB5, 0xCDF6, 0xD617, 0xD637, 0xD637, 0xD617, 0xCE17, 0xCE17,
    0xCDF7, 0xCDF7, 0xCDF7, 0xCDD7, 0xCDD7, 0xCDF7, 0xCDF7, 0xCDF7,
    0x4281, 0x4281, 0x4280, 0x4280, 0x3A60, 0x3A60, 0x3A40, 0x3A40,
    0x3240, 0x3220, 0x3220, 0x3220, 0x3220, 0x3220, 0x3220, 0x3220,
    0x3220, 0x3220, 0x3220, 0x3220, 0x3220, 0x3A40, 0x3A60, 0x4280,
    0x52C1, 0x5B03, 0x6325, 0x6B46, 0x7367, 0x7387, 0x7BA8, 0x83C9,
    0x83CA, 0x8BEB, 0x940C, 0x942C, 0x940C, 0xA48E, 0xF718, 0xF6B5,
    0xE632, 0xEE53, 0xEE53, 0xEE53, 0xE5F1, 0xE5F1, 0xDD8F, 0xD52E,
    0xD50E, 0xC46B, 0xBC2B, 0xB3EA, 0xB3A9, 0xB3A9, 0xB3A9, 0xC42B,
    0xC44C, 0xC48C, 0xD4EF, 0xD50F, 0xD52F, 0xDD70, 0xDDB1, 0xE5F3,
    0xE5F2, 0xEE54, 0xEE34, 0xEE54, 0xF653, 0xF653, 0xEE11, 0xEDD0,
    0xF5EF, 0xED4B, 0xD3A2, 0xD382, 0xC2E1, 0xBAA0, 0xDBA3, 0xECE8,
    0xF610, 0xDE58, 0xCE59, 0xD659, 0xCE58, 0xCE58, 0xCE58, 0xD658,
    0xCE58, 0xCE58, 0xD658, 0xD658, 0xD658, 0xD658, 0xCE58, 0xCE58,
    0xD638, 0xEE33, 0xF507, 0xF4A6, 0xF4A6, 0xF4C6, 0xF4A5, 0xF485,
    0xEC24, 0xEC45, 0xF4A6, 0xF485, 0xF4A6, 0xEC65, 0xEC86, 0xEC65,
    0xE404, 0xCBA4, 0xB303, 0xBC09, 0xCDB5, 0xBD12, 0xAC6F, 0x936A,
    0x5962, 0x48E1, 0x40C0, 0x40C0, 0x3080, 0x38A0, 0x5101, 0x50E1,
    0x38A0, 0x3880, 0x3880, 0x48C1, 0x5101, 0x40C0, 0x40C1, 0x40C1,
    0x3080, 0x48E1, 0x6982, 0x81E3, 0x6142, 0x40C0, 0x3080, 0x3080,
    0x40C0, 0x5921, 0x8265, 0x8244, 0x79E3, 0x7224, 0xA3AB, 0xD637,
    0xCE37, 0xD658, 0xCE38, 0xCE38, 0xCE59, 0xDE36, 0xFD6A, 0xF4C7,
    0xF486, 0xE3C3, 0xEC04, 0xEC86, 0xF4A6, 0xEC45, 0xEC24, 0xE404,
    0xE425, 0xECA7, 0xDBA3, 0xE405, 0xD3A4, 0xB2C1, 0xBAE2, 0xAA81,
    0x79A0, 0x6160, 0x3880, 0x40A0, 0x5941, 0x69A2, 0x9329, 0xBCF2,
    0xCE17, 0xCE38, 0xCE38, 0xCE38, 0xCE38, 0xCE38, 0xCE38, 0xCE38,
    0xCE38, 0xCE38, 0xCE38, 0xCE38, 0xCE38, 0xCE38, 0xCE38, 0xD638,
    0xCE38, 0xCE38, 0xCE38, 0xCE38, 0xCE38, 0xCE38, 0xCE38, 0xCE18,
    0xCE18, 0xCE17, 0xCE17, 0xCDF7, 0xC5B6, 0xC595, 0xBD53, 0xBD11,
    0xBCCF, 0xBC8D, 0xBC6C, 0xBC8C, 0xC4CE, 0xC510, 0xCD72, 0xCD94,
    0xCDD5, 0xD5F6, 0xD637, 0xD637, 0xD637, 0xD617, 0xCE17, 0xCE17,
    0xCDF7, 0xCDF7, 0xCDD6, 0xCDD6, 0xCDD6, 0xCDD6, 0xCDD6, 0xCDD6,
    0x3A40, 0x3A40, 0x3A60, 0x3A60, 0x3A60, 0x3A60, 0x3A60, 0x3A40,
    0x3240, 0x3240, 0x3220, 0x3220, 0x2A00, 0x2A00, 0x2A00, 0x29E0,
    0x29E0, 0x29E0, 0x29E0, 0x2A00, 0x2A00, 0x3220, 0x3A40, 0x4280,
    0x4AA1, 0x52E2, 0x5B04, 0x6325, 0x6B46, 0x7367, 0x7388, 0x7B88,
    0x83A9, 0x8BCA, 0x8BEB, 0x940C, 0x940C, 0x9C4D, 0xEEB6, 0xF6D6,
    0xEE74, 0xEE32, 0xEE53, 0xEE32, 0xE5F1, 0xE5F1, 0xE5B0, 0xD50E,
    0xCCCD, 0xCCCD, 0xC44B, 0xC46C, 0xBC0A, 0xBBEA, 0xB369, 0xAB48,
    0xB369, 0xBBAA, 0xC44C, 0xCC8D, 0xCC8D, 0xD52F, 0xD550, 0xD54F,
    0xDDD2, 0xDDB2, 0xE5D1, 0xEE13, 0xEE12, 0xE5D1, 0xE5D1, 0xEDD0,
    0xEDD0, 0xEDAF, 0xE487, 0xDBE3, 0xE424, 0xDBA3, 0xE445, 0xECC7,
    0xF4E8, 0xEDD1, 0xDE37, 0xD637, 0xCE59, 0xCE58, 0xCE58, 0xCE58,
    0xCE58, 0xCE58, 0xCE58, 0xD658, 0xD659, 0xD658, 0xD658, 0xCE58,
    0xCE38, 0xDE36, 0xFD6A, 0xF4E6, 0xEC65, 0xF4A6, 0xEC44, 0xF485,
    0xF4C6, 0xF4C6, 0xF4C6, 0xF4A5, 0xF485, 0xEC65, 0xEC65, 0xE3E3,
    0xDBE3, 0xD3C4, 0xBB23, 0xAAE3, 0xC532, 0xB4D1, 0x8AE8, 0x7A66,
    0x6162, 0x48E0, 0x5101, 0x3880, 0x2860, 0x38A0, 0x48C0, 0x48C0,
    0x3880, 0x40A0, 0x2840, 0x38A0, 0x48E1, 0x4901, 0x40E1, 0x38A1,
    0x2040, 0x5101, 0x6982, 0x6962, 0x6141, 0x40C1, 0x2040, 0x2040,
    0x3880, 0x6141, 0x6141, 0x5900, 0x7204, 0x9B49, 0xBCF2, 0xC595,
    0xCE17, 0xD637, 0xCE17, 0xCE17, 0xCE59, 0xEDF2, 0xFD28, 0xF486,
    0xEC45, 0xEC24, 0xEC04, 0xEC65, 0xEC45, 0xE3E4, 0xEC45, 0xEC45,
    0xF4C7, 0xE405, 0xE466, 0xE466, 0xCB84, 0xC363, 0xC343, 0xAAA1,
    0xA282, 0x79C1, 0x40C0, 0x48E0, 0x69C3, 0x9B8B, 0xCDB5, 0xCE38,
    0xCE38, 0xCE38, 0xCE38, 0xCE38, 0xCE38, 0xCE38, 0xCE38, 0xCE38,
    0xCE38, 0xCE38, 0xCE38, 0xCE38, 0xCE38, 0xCE38, 0xD638, 0xCE38,
    0xCE38, 0xD638, 0xCE38, 0xCE38, 0xCE38, 0xCE38, 0xCE38, 0xCE38,
    0xCE17, 0xCE17, 0xCE17, 0xCDF7, 0xC5B6, 0xC594, 0xC553, 0xBD11,
    0xBCCF, 0xBC8D, 0xBC8C, 0xBC8C, 0xC4CE, 0xC510, 0xCD52, 0xCD94,
    0xCDD5, 0xD5F6, 0xD637, 0xD638, 0xD638, 0xD637, 0xCE17, 0xCDF7,
    0xCDF7, 0xCDD7, 0xC5D6, 0xC5D6, 0xC5D6, 0xC5D6, 0xC5D6, 0xC5D6,
    0x3220, 0x3220, 0x3220, 0x3A40, 0x3A40, 0x3A60, 0x3A60, 0x3A60,
    0x3A60, 0x3240, 0x3220, 0x3220, 0x2A00, 0x2A00, 0x29E0, 0x29C0,
    0x21C0, 0x21C0, 0x29C0, 0x29E0, 0x29E0, 0x3200, 0x3A20, 0x3A60,
    0x4280, 0x4AC2, 0x52E3, 0x5AE4, 0x6305, 0x6B46, 0x7347, 0x7368,
    0x7B89, 0x83AA, 0x8BCB, 0x8BEB, 0x93EC, 0xA48E, 0xEED7, 0xFF17,
    0xEE74, 0xEE32, 0xEE74, 0xEE32, 0xE5F1, 0xE5F1, 0xE5B0, 0xD4ED,
    0xCCAC, 0xCCED, 0xC46C, 0xC46C, 0xC44C, 0xC40B, 0xBBAA, 0xB349,
    0xB328, 0xB349, 0xBBAA, 0xBB8A, 0xB369, 0xC42C, 0xC44C, 0xD4EF,
    0xD550, 0xDDB2, 0xE654, 0xEE33, 0xEE33, 0xEE54, 0xEE54, 0xEDF1,
    0xEDF1, 0xEDF1, 0xED6D, 0xF4C7, 0xF507, 0xF4E7, 0xF4E7, 0xECC7,
    0xECC7, 0xF52A, 0xF5AF, 0xDE36, 0xCE58, 0xCE38, 0xCE58, 0xCE58,
    0xCE58, 0xD658, 0xCE58, 0xCE58, 0xD658, 0xD658, 0xD658, 0xCE58,
    0xCE38, 0xE635, 0xFD69, 0xF4A5, 0xEC44, 0xEC65, 0xF4C6, 0xF4E6,
    0xFD48, 0xF485, 0xEC03, 0xEC44, 0xEC44, 0xEC65, 0xE424, 0xE3E3,
    0xE404, 0xD3C4, 0xCBA4, 0xA260, 0xA348, 0xA40E, 0x7225, 0x5962,
    0x5901, 0x40A0, 0x40A0, 0x3080, 0x3080, 0x3880, 0x48E0, 0x50E0,
    0x48C0, 0x48C0, 0x3060, 0x2040, 0x3080, 0x38C1, 0x5101, 0x40A0,
    0x3060, 0x6141, 0x6141, 0x7182, 0x5121, 0x38A1, 0x1840, 0x2040,
    0x40C0, 0x5900, 0x5900, 0x5941, 0x7A65, 0x9B6A, 0xAC6F, 0xB490,
    0xC553, 0xC5B5, 0xCE38, 0xCE58, 0xDE37, 0xF54B, 0xEC45, 0xE3E4,
    0xEC25, 0xEC45, 0xEC66, 0xEC24, 0xEC04, 0xEC66, 0xF4E7, 0xF4C7,
    0xF4C7, 0xECA7, 0xECA7, 0xE467, 0xDC05, 0xC343, 0xB2C2, 0xB2E2,
    0xB2C2, 0x79C0, 0x69C3, 0x9B8B, 0xBCF1, 0xC5B5, 0xCE18, 0xCE38,
    0xCE38, 0xCE38, 0xCE38, 0xCE38, 0xCE38, 0xCE38, 0xCE38, 0xCE38,
    0xCE38, 0xCE38, 0xCE38, 0xCE38, 0xCE38, 0xCE38, 0xCE38, 0xCE38,
    0xCE38, 0xD638, 0xCE38, 0xCE38, 0xCE38, 0xCE38, 0xCE38, 0xCE38,
    0xCE18, 0xCE17, 0xCE17, 0xCDF7, 0xC5D6, 0xC595, 0xBD53, 0xC511,
    0xBCD0, 0xBCAD, 0xBC8C, 0xBC8C, 0xC4CE, 0xC510, 0xCD52, 0xCD94,
    0xCDD5, 0xD616, 0xD637, 0xD638, 0xD638, 0xD638, 0xCE17, 0xCDF7,
    0xCDF7, 0xCDD7, 0xC5D6, 0xCDD6, 0xCDD6, 0xC5D6, 0xCDD6, 0xC5D6,
    0x3200, 0x3200, 0x3200, 0x3220, 0x3220, 0x3A40, 0x3A60, 0x3A60,
    0x3A60, 0x3240, 0x3240, 0x3220, 0x2A00, 0x29E0, 0x29C0, 0x21A0,
    0x21A0, 0x21A0, 0x21C0, 0x29C0, 0x29E0, 0x3200, 0x3220, 0x3A40,
    0x4260, 0x4281, 0x4AA2, 0x52C3, 0x5AE4, 0x6305, 0x6B26, 0x7347,
    0x7368, 0x7B89, 0x83AA, 0x8BCB, 0x8BCB, 0xA44D, 0xEEF7, 0xFF17,
    0xEE32, 0xEE32, 0xEE74, 0xEE33, 0xEE12, 0xE5B0, 0xDDB0, 0xDD4F,
    0xD4ED, 0xD4EE, 0xD4EE, 0xCC8C, 0xCC6C, 0xC42B, 0xC40B, 0xBB8A,
    0xB369, 0xB328, 0xB329, 0xB328, 0xB308, 0xAB09, 0xAB28, 0xC3EB,
    0xCCAE, 0xD550, 0xDDB2, 0xE5F3, 0xE5F3, 0xEE33, 0xEE75, 0xF695,
    0xF695, 0xF674, 0xF631, 0xF56B, 0xFD48, 0xFD48, 0xF507, 0xECC6,
    0xECC7, 0xF508, 0xECE8, 0xE58F, 0xDE37, 0xCE38, 0xCE58, 0xCE58,
    0xCE58, 0xCE58, 0xD658, 0xCE58, 0xCE58, 0xD658, 0xCE58, 0xCE58,
    0xCE58, 0xDE57, 0xF58B, 0xF485, 0xEC24, 0xE404, 0xF4E6, 0xFD07,
    0xFD48, 0xF4C6, 0xEC24, 0xEC03, 0xEC65, 0xEC85, 0xE423, 0xE3E3,
    0xE425, 0xDBC4, 0xCBA4, 0xAAA1, 0x8202, 0x82A7, 0x61E4, 0x5121,
    0x40A0, 0x3060, 0x3880, 0x38A0, 0x2840, 0x40C1, 0x5941, 0x5101,
    0x48E0, 0x40A0, 0x3080, 0x2040, 0x38A1, 0x38A1, 0x3080, 0x50E0,
    0x40A0, 0x6941, 0x6141, 0x6982, 0x40E1, 0x1000, 0x1840, 0x2860,
    0x3080, 0x48E0, 0x48E0, 0x5101, 0x6981, 0x8AA6, 0xABEC, 0xAC2D,
    0xB48F, 0xC5D6, 0xCE17, 0xCE38, 0xE590, 0xEC45, 0xE3E4, 0xE3C3,
    0xEC24, 0xF486, 0xEC24, 0xEC24, 0xF4A7, 0xF4C7, 0xFD28, 0xF4E7,
    0xE445, 0xEC66, 0xF4C8, 0xE446, 0xD3C4, 0xBAE2, 0xAAA2, 0xBB02,
    0xBB86, 0xAC4E, 0xBD53, 0xC5D6, 0xD679, 0xCE58, 0xCE38, 0xCE58,
    0xCE38, 0xCE38, 0xCE38, 0xD638, 0xCE38, 0xCE38, 0xCE38, 0xCE38,
    0xCE38, 0xD638, 0xD638, 0xCE38, 0xCE38, 0xCE38, 0xCE38, 0xCE38,
    0xCE38, 0xCE38, 0xCE38, 0xCE38, 0xCE38, 0xCE38, 0xCE38, 0xCE38,
    0xCE18, 0xCE17, 0xCE17, 0xCDF7, 0xC5D6, 0xC595, 0xC553, 0xBD11,
    0xBCD0, 0xBCAE, 0xBC8C, 0xBC8C, 0xC4CE, 0xC510, 0xCD72, 0xCD94,
    0xCDD5, 0xD617, 0xD637, 0xD638, 0xD638, 0xD638, 0xCE17, 0xCDF7,
    0xCDF7, 0xCDD7, 0xCDD6, 0xCDD6, 0xC5D6, 0xC5D6, 0xC5D6, 0xC5D6,
    0x3220, 0x3200, 0x31E0, 0x31E0, 0x3200, 0x3240, 0x3A60, 0x3A60,
    0x3A60, 0x3240, 0x3220, 0x3220, 0x29E0, 0x29C0, 0x21C0, 0x2180,
    0x2180, 0x2180, 0x21A0, 0x29C0, 0x29E0, 0x3200, 0x3220, 0x3A20,
    0x3A40, 0x4261, 0x4A81, 0x52C3, 0x5AE4, 0x5B05, 0x6326, 0x6B47,
    0x7368, 0x7B89, 0x83AA, 0x83AA, 0x8BCB, 0x8BEB, 0xD614, 0xFF17,
    0xE612, 0xE5F1, 0xEE53, 0xEE53, 0xEE32, 0xE5D1, 0xDD90, 0xDDB0,
    0xD4EE, 0xDD4F, 0xD4ED, 0xCCAD, 0xD4AD, 0xCC4C, 0xCC4C, 0xC3EB,
    0xC38A, 0xBB8A, 0xB308, 0xB329, 0xB308, 0xAAE8, 0xAAC7, 0xAAE8,
    0xB36A, 0xCC4D, 0xD530, 0xDD91, 0xE5D2, 0xEE34, 0xEE54, 0xEE53,
    0xEE33, 0xEE33, 0xEE32, 0xF5EF, 0xFD8A, 0xFD48, 0xF507, 0xF4E7,
    0xECA6, 0xEC86, 0xEC86, 0xEC66, 0xE56F, 0xD617, 0xCE38, 0xCE58,
    0xCE58, 0xCE58, 0xCE58, 0xCE58, 0xCE58, 0xCE58, 0xCE58, 0xCE58,
    0xCE38, 0xD658, 0xF5CD, 0xF4A5, 0xEC25, 0xEC44, 0xF464, 0xF4E7,
    0xF4C5, 0xF4A5, 0xF4A6, 0xF465, 0xF485, 0xF4A6, 0xEC64, 0xE424,
    0xE425, 0xDBC4, 0xC343, 0xA282, 0x81E1, 0x9349, 0x6A05, 0x40C0,
    0x3080, 0x2860, 0x2860, 0x40A0, 0x3880, 0x38A0, 0x3880, 0x3060,
    0x3060, 0x2840, 0x38A0, 0x2860, 0x38C0, 0x3080, 0x2060, 0x5921,
    0x50E1, 0x6141, 0x6982, 0x5942, 0x30A1, 0x2040, 0x2840, 0x2040,
    0x30A0, 0x4901, 0x40C0, 0x50E0, 0x6140, 0x8265, 0x92E7, 0xA3AB,
    0xB4D1, 0xC574, 0xCE38, 0xD616, 0xDC67, 0xDBE4, 0xE3E4, 0xE3C3,
    0xEC04, 0xE3E3, 0xEC24, 0xECC7, 0xF486, 0xFD08, 0xF508, 0xE425,
    0xE446, 0xF508, 0xECC7, 0xECA7, 0xDBE5, 0xBB02, 0xBB02, 0xCBA5,
    0xDDD4, 0xD658, 0xD658, 0xD658, 0xCE38, 0xCE38, 0xCE58, 0xCE58,
    0xCE38, 0xCE38, 0xCE38, 0xD638, 0xD638, 0xD638, 0xD638, 0xD638,
    0xD638, 0xCE38, 0xD638, 0xCE38, 0xCE38, 0xCE38, 0xCE38, 0xCE38,
    0xCE38, 0xCE38, 0xCE38, 0xCE38, 0xD638, 0xCE38, 0xCE38, 0xCE38,
    0xCE18, 0xCE17, 0xCE17, 0xCDF7, 0xC5D6, 0xC595, 0xBD53, 0xC511,
    0xBCD0, 0xBCAE, 0xBC8C, 0xBC8C, 0xC4CE, 0xC510, 0xCD72, 0xCD94,
    0xCDD5, 0xD617, 0xD638, 0xD638, 0xD638, 0xD638, 0xCE17, 0xCDF7,
    0xCDF7, 0xCDD7, 0xC5D6, 0xC5D6, 0xC5D6, 0xC5D6, 0xC5D6, 0xC5D6,
    0x3A22, 0x3201, 0x31E0, 0x29E0, 0x29E0, 0x3200, 0x3240, 0x3A60,
    0x3A40, 0x3220, 0x3200, 0x29E0, 0x29E0, 0x21C0, 0x21A0, 0x2180,
    0x2180, 0x2180, 0x21A0, 0x29E0, 0x29E0, 0x3200, 0x3200, 0x3220,
    0x3A40, 0x4261, 0x4A82, 0x52C3, 0x5AE4, 0x6306, 0x6B27, 0x6B48,
    0x7368, 0x7B69, 0x7B8A, 0x838A, 0x838A, 0x940C, 0xC592, 0xFF38,
    0xEE73, 0xE5D0, 0xE632, 0xEE33, 0xEE53, 0xEE12, 0xE5D0, 0xDD90,
    0xD50E, 0xD50E, 0xD4CD, 0xD4EE, 0xD4EE, 0xCC4C, 0xD46D, 0xCBEC,
    0xCBCB, 0xC3AB, 0xBB49, 0xB2E8, 0xB2E8, 0xAAC8, 0xAAC8, 0xAAA7,
    0xA287, 0xB329, 0xBBEB, 0xD4CF, 0xDDB2, 0xE5F3, 0xEE55, 0xEE34,
    0xEE33, 0xEE54, 0xEDF2, 0xF611, 0xF5AC, 0xF528, 0xEC85, 0xEC85,
    0xE404, 0xDBC3, 0xDBC3, 0xE404, 0xDC04, 0xDD0E, 0xD637, 0xCE59,
    0xCE58, 0xCE59, 0xCE59, 0xCE59, 0xCE58, 0xCE58, 0xCE58, 0xCE58,
    0xCE58, 0xD658, 0xF5EF, 0xF4A5, 0xEC65, 0xF4E7, 0xEC64, 0xF4A5,
    0xFCE6, 0xF4E7, 0xF4C6, 0xF4C6, 0xF4A5, 0xF4C6, 0xEC85, 0xE3E3,
    0xE404, 0xDBE4, 0xAAC2, 0x9A82, 0x81E1, 0x8A85, 0x82C8, 0x40A0,
    0x2840, 0x1820, 0x1820, 0x3060, 0x38A0, 0x2840, 0x2860, 0x2040,
    0x2040, 0x1820, 0x3060, 0x3080, 0x3080, 0x2040, 0x2860, 0x5101,
    0x48E1, 0x6121, 0x6141, 0x5122, 0x40E1, 0x2880, 0x1820, 0x3080,
    0x48E0, 0x5121, 0x48E0, 0x48C0, 0x5900, 0x6161, 0x7A24, 0x9BAB,
    0xA40D, 0xBD12, 0xCDF5, 0xDCEC, 0xD3A3, 0xD3A3, 0xDBA3, 0xDBA3,
    0xE3E3, 0xEC24, 0xF4A6, 0xF4A6, 0xF4E6, 0xFD69, 0xECA7, 0xF508,
    0xFD49, 0xF528, 0xEC86, 0xEC66, 0xD3C4, 0xBB02, 0xC322, 0xDD2F,
    0xD658, 0xCE38, 0xCE38, 0xCE38, 0xCE38, 0xCE38, 0xCE38, 0xCE58,
    0xCE38, 0xCE38, 0xD638, 0xCE38, 0xD638, 0xD638, 0xD638, 0xD638,
    0xCE38, 0xCE38, 0xCE38, 0xCE38, 0xCE38, 0xCE38, 0xCE38, 0xD638,
    0xCE38, 0xD638, 0xCE38, 0xCE38, 0xCE38, 0xD638, 0xD638, 0xD638,
    0xCE18, 0xCE17, 0xCE17, 0xCDF7, 0xCDD6, 0xC595, 0xBD53, 0xC512,
    0xBCD0, 0xBCAE, 0xBC8C, 0xBC8D, 0xC4CE, 0xC510, 0xCD72, 0xCDB4,
    0xCDD5, 0xD617, 0xD638, 0xD638, 0xD638, 0xD638, 0xCE17, 0xCDF7,
    0xCDF7, 0xCDD7, 0xC5D6, 0xC5D6, 0xC5D6, 0xCDD6, 0xCDD6, 0xC5D6,
    0x4243, 0x3A22, 0x31E0, 0x29C0, 0x29C0, 0x29E0, 0x3200, 0x3240,
    0x3220, 0x3200, 0x29E0, 0x29C0, 0x21C0, 0x21A0, 0x2180, 0x2180,
    0x2180, 0x2180, 0x29C0, 0x29E0, 0x29E0, 0x3200, 0x3200, 0x3220,
    0x3A41, 0x4262, 0x4AA3, 0x5AC4, 0x6305, 0x6B27, 0x6B47, 0x7348,
    0x7B69, 0x7B69, 0x7B8A, 0x838A, 0x838A, 0x8BCB, 0xD5F4, 0xFF38,
    0xEE53, 0xE5D0, 0xE5D1, 0xEE74, 0xEE53, 0xE5D0, 0xDD8F, 0xDD6F,
    0xDD6F, 0xD50E, 0xD50E, 0xD4CE, 0xD4AE, 0xD48D, 0xD46D, 0xD44D,
    0xD42C, 0xC38A, 0xC38A, 0xC36A, 0xB2E8, 0xB308, 0xB2E8, 0xAAC8,
    0xAAA7, 0xA287, 0xA2A7, 0xB38A, 0xD530, 0xE5F3, 0xE613, 0xEE54,
    0xEE75, 0xEE74, 0xEE74, 0xF652, 0xF5CD, 0xF4E7, 0xEC64, 0xE404,
    0xDB82, 0xD382, 0xD361, 0xD362, 0xD382, 0xDBA3, 0xDD92, 0xD658,
    0xCE59, 0xCE59, 0xCE59, 0xCE58, 0xCE59, 0xCE58, 0xCE58, 0xCE58,
    0xCE59, 0xDE37, 0xFD8C, 0xF4E6, 0xF4A6, 0xF4E7, 0xF507, 0xF4A5,
    0xF4A5, 0xFCE6, 0xFD48, 0xF4E6, 0xF4C5, 0xF4C6, 0xF4A5, 0xEC65,
    0xEC65, 0xE425, 0xBB23, 0xA281, 0x8A00, 0x6960, 0x6A04, 0x38A1,
    0x2020, 0x1820, 0x1820, 0x1800, 0x1800, 0x3060, 0x3880, 0x2840,
    0x1820, 0x1020, 0x2040, 0x2860, 0x2860, 0x2040, 0x3080, 0x3880,
    0x40C1, 0x6142, 0x5942, 0x5921, 0x3880, 0x3080, 0x2860, 0x40A0,
    0x50E0, 0x38A0, 0x3060, 0x3880, 0x48E0, 0x5920, 0x69A2, 0x9BAB,
    0xBD32, 0xC594, 0xD54F, 0xD3A4, 0xCB62, 0xD383, 0xDB82, 0xDBA2,
    0xEC25, 0xF444, 0xFCE7, 0xFD49, 0xFD69, 0xEC86, 0xECA7, 0xFD29,
    0xF508, 0xECA6, 0xE425, 0xE445, 0xDBE4, 0xC322, 0xDC68, 0xD637,
    0xCE58, 0xCE38, 0xCE38, 0xCE38, 0xCE38, 0xCE38, 0xCE38, 0xCE58,
    0xCE38, 0xCE38, 0xCE38, 0xCE38, 0xD638, 0xD638, 0xCE58, 0xCE38,
    0xCE38, 0xCE38, 0xD638, 0xD638, 0xD638, 0xCE38, 0xCE38, 0xD638,
    0xCE38, 0xD638, 0xD638, 0xCE38, 0xCE38, 0xD638, 0xCE38, 0xCE38,
    0xCE18, 0xCE17, 0xCE17, 0xCDF7, 0xCDD6, 0xC595, 0xBD53, 0xBD12,
    0xBCD0, 0xBCAE, 0xBC8C, 0xBCAD, 0xC4CE, 0xC510, 0xCD72, 0xCDB4,
    0xCDD6, 0xD617, 0xD638, 0xD638, 0xD638, 0xD637, 0xCE17, 0xCE17,
    0xCDF7, 0xCDD7, 0xC5D6, 0xC5D6, 0xC5D6, 0xC5D6, 0xC5D6, 0xC5D6,
    0x4243, 0x3A22, 0x3A01, 0x31E0, 0x29C0, 0x29C0, 0x29E0, 0x3200,
    0x3200, 0x29E0, 0x29C0, 0x29C0, 0x21A0, 0x2180, 0x2180, 0x2160,
    0x2160, 0x2180, 0x29C0, 0x29E0, 0x29E0, 0x29E0, 0x3200, 0x3A21,
    0x4241, 0x4A82, 0x52A4, 0x5AE5, 0x6306, 0x6B48, 0x7348, 0x7B69,
    0x7B6A, 0x7B8A, 0x7B8A, 0x838A, 0x838A, 0x8BCB, 0xB510, 0xF6D7,
    0xEE74, 0xDDB0, 0xE5F1, 0xE612, 0xE5F1, 0xE5D0, 0xDD6F, 0xE5B0,
    0xDD90, 0xD50E, 0xD4EE, 0xD4CD, 0xD4AD, 0xD4AE, 0xD48E, 0xD48E,
    0xCC0C, 0xCBEC, 0xCBCB, 0xC38A, 0xBB4A, 0xB308, 0xB2E8, 0xB2C8,
    0xAAA7, 0xA266, 0xA266, 0xA2C8, 0xBBCC, 0xD551, 0xEE54, 0xEE55,
    0xEE34, 0xEE95, 0xF653, 0xEE11, 0xEDAD, 0xECC7, 0xEC65, 0xDBC3,
    0xCB41, 0xCB21, 0xD382, 0xCB21, 0xD362, 0xD341, 0xDBE5, 0xDDF5,
    0xCE7A, 0xCE58, 0xCE59, 0xCE59, 0xCE59, 0xCE58, 0xCE59, 0xCE58,
    0xCE59, 0xD637, 0xF52A, 0xF507, 0xF4E7, 0xF507, 0xF507, 0xF4E6,
    0xEC24, 0xF4E6, 0xFD48, 0xFD06, 0xF4E6, 0xF4A5, 0xF4A6, 0xF4A6,
    0xEC65, 0xE425, 0xD3A4, 0xBAE2, 0x8A00, 0x5920, 0x40C0, 0x2880,
    0x2040, 0x1820, 0x1000, 0x1820, 0x0800, 0x1820, 0x2020, 0x1820,
    0x1840, 0x1020, 0x1820, 0x2040, 0x2840, 0x2840, 0x3060, 0x3080,
    0x3080, 0x48E1, 0x48E1, 0x48E1, 0x40A0, 0x3080, 0x48E1, 0x5942,
    0x40C0, 0x2860, 0x2860, 0x3880, 0x48E0, 0x6182, 0x936A, 0xBD12,
    0xC595, 0xCDB4, 0xC3C6, 0xC322, 0xCB62, 0xCB62, 0xD341, 0xDBA3,
    0xEC24, 0xEC64, 0xFCE7, 0xFD07, 0xF4A6, 0xE466, 0xF529, 0xF4C7,
    0xF549, 0xF508, 0xEC66, 0xDC04, 0xD3A3, 0xDBE4, 0xDDB2, 0xCE58,
    0xD658, 0xCE58, 0xCE38, 0xCE38, 0xCE38, 0xCE38, 0xCE38, 0xCE58,
    0xD638, 0xD638, 0xCE38, 0xCE38, 0xD638, 0xD638, 0xD638, 0xCE58,
    0xCE38, 0xD638, 0xD638, 0xCE38, 0xD638, 0xD638, 0xCE38, 0xD638,
    0xD638, 0xD638, 0xD638, 0xD638, 0xD638, 0xD638, 0xCE38, 0xCE38,
    0xD638, 0xCE18, 0xCE17, 0xCDF7, 0xCDD6, 0xC595, 0xC553, 0xBD32,
    0xBCF0, 0xBCAE, 0xBC8C, 0xBCAD, 0xC4CE, 0xC510, 0xCD72, 0xCDB4,
    0xCDD5, 0xD617, 0xD638, 0xD638, 0xD638, 0xD637, 0xCE17, 0xCE17,
    0xCDF7, 0xCDD7, 0xC5D6, 0xC5D6, 0xC5D6, 0xC5D6, 0xC5D6, 0xC5D6,
    0x4A64, 0x4223, 0x3A02, 0x31E1, 0x29C1, 0x29C1, 0x31C1, 0x3202,
    0x3A02, 0x3202, 0x3202, 0x31E2, 0x29C2, 0x29A1, 0x29A1, 0x29A1,
    0x21A1, 0x29A0, 0x29C0, 0x29E0, 0x29E0, 0x29E0, 0x3200, 0x3A21,
    0x4262, 0x4A83, 0x5AC5, 0x62E6, 0x6B27, 0x7348, 0x7B69, 0x7B8A,
    0x838A, 0x838A, 0x838A, 0x838A, 0x838A, 0x838A, 0x838A, 0xC571,
    0xF6F7, 0xE633, 0xEE33, 0xEE32, 0xEE32, 0xEE32, 0xE5B0, 0xE5B0,
    0xDD4F, 0xD50E, 0xD4AC, 0xD50E, 0xD4CE, 0xDCCE, 0xDCAE, 0xD46D,
    0xD44D, 0xD42D, 0xCBAB, 0xCBAB, 0xC38B, 0xBB29, 0xB2E8, 0xB2E8,
    0xB2A8, 0xAAA7, 0xA246, 0xA246, 0x9A46, 0xB36A, 0xD510, 0xEE34,
    0xEE95, 0xF675, 0xEE33, 0xEE11, 0xEDCF, 0xECC8, 0xE444, 0xDBC3,
    0xD342, 0xC301, 0xCB21, 0xD341, 0xCB41, 0xD382, 0xDB82, 0xDCAB,
    0xDE16, 0xCE59, 0xD659, 0xCE59, 0xCE59, 0xCE59, 0xCE59, 0xCE58,
    0xCE59, 0xD637, 0xED0A, 0xF4E6, 0xF528, 0xFD49, 0xF4E6, 0xF4E6,
    0xF4E7, 0xFD28, 0xF4E6, 0xFD07, 0xF4E6, 0xF507, 0xEC65, 0xE3E3,
    0xE424, 0xDBC4, 0xD383, 0xD3A4, 0xBB44, 0x9A82, 0x8202, 0x81E2,
    0x8A22, 0x8202, 0x6140, 0x48E0, 0x30A0, 0x2040, 0x1800, 0x1020,
    0x2040, 0x1020, 0x0800, 0x1820, 0x2840, 0x2020, 0x2020, 0x2040,
    0x2040, 0x1000, 0x38A0, 0x48E1, 0x40C1, 0x48E1, 0x3080, 0x2040,
    0x2880, 0x2040, 0x2860, 0x3880, 0x48E0, 0x7AA8, 0xA490, 0xBD12,
    0xCDF6, 0xBC2B, 0xAA60, 0xB2C1, 0xCB42, 0xDBA3, 0xDBA2, 0xE3E3,
    0xE404, 0xEC45, 0xF4C7, 0xF508, 0xF528, 0xF549, 0xFD8A, 0xFDAB,
    0xF508, 0xECA6, 0xEC86, 0xD3A3, 0xD382, 0xE50B, 0xD637, 0xD658,
    0xD658, 0xCE58, 0xCE58, 0xCE58, 0xCE38, 0xCE38, 0xCE58, 0xD658,
    0xD638, 0xD638, 0xCE38, 0xCE58, 0xCE38, 0xD638, 0xD638, 0xD638,
    0xD638, 0xD638, 0xD638, 0xD638, 0xD638, 0xD638, 0xD638, 0xD638,
    0xD638, 0xD638, 0xD638, 0xCE38, 0xCE38, 0xCE38, 0xCE38, 0xCE38,
    0xCE18, 0xCE18, 0xCE17, 0xCE17, 0xCDD6, 0xC595, 0xC553, 0xBD32,
    0xBCF0, 0xBCAE, 0xBC8D, 0xBCAD, 0xC4CE, 0xC530, 0xCD73, 0xCDB4,
    0xCDD5, 0xD617, 0xD638, 0xD638, 0xD638, 0xD618, 0xCE17, 0xCE17,
    0xCDF7, 0xCDD7, 0xC5D6, 0xC5D6, 0xC5D6, 0xC5D6, 0xC5D7, 0xC5D6,
    0x5285, 0x4A64, 0x4A44, 0x4245, 0x4245, 0x4245, 0x4A66, 0x4A86,
    0x52A7, 0x52C7, 0x52A7, 0x52A7, 0x5287, 0x4A66, 0x4A66, 0x4A66,
    0x4246, 0x4245, 0x4245, 0x4244, 0x3A23, 0x3A23, 0x4243, 0x4263,
    0x4A63, 0x52A4, 0x5AC5, 0x6B07, 0x7348, 0x7B69, 0x7B6A, 0x838A,
    0x8B8B, 0x838B, 0x838A, 0x838A, 0x838A, 0x838A, 0x8BCB, 0xC592,
    0xF6F7, 0xEE53, 0xEE53, 0xEE11, 0xEE32, 0xEE52, 0xE5B0, 0xE5B1,
    0xE590, 0xE590, 0xDD2E, 0xD4EE, 0xD4CE, 0xD48D, 0xD48E, 0xDC8E,
    0xD46D, 0xD44D, 0xD3EC, 0xCB8B, 0xC38A, 0xC38A, 0xBB29, 0xB2C8,
    0xAAA7, 0xAAA7, 0xAA87, 0xA266, 0xAAE8, 0xAB09, 0xCC6D, 0xEE13,
    0xEE13, 0xEE13, 0xEDD1, 0xE5B0, 0xEDAF, 0xED2A, 0xE465, 0xD361,
    0xCB21, 0xCB41, 0xCB01, 0xCB41, 0xD341, 0xD382, 0xD382, 0xD382,
    0xDCEC, 0xD67A, 0xD659, 0xD659, 0xCE59, 0xCE58, 0xCE58, 0xCE58,
    0xCE79, 0xDE36, 0xECC7, 0xF528, 0xFD69, 0xF528, 0xF4E6, 0xFD69,
    0xFD8A, 0xFD48, 0xF507, 0xF4A5, 0xF4C6, 0xF4A5, 0xF485, 0xEC65,
    0xECA6, 0xF4C7, 0xECE8, 0xECC8, 0xE467, 0xE426, 0xD3E5, 0xCB64,
    0xC324, 0xB2A2, 0x9A21, 0x7980, 0x6140, 0x40A0, 0x2820, 0x1020,
    0x1000, 0x1020, 0x0000, 0x1000, 0x1820, 0x1000, 0x1820, 0x1820,
    0x1840, 0x1020, 0x1820, 0x48E1, 0x48E1, 0x3080, 0x1840, 0x1800,
    0x1820, 0x2860, 0x3880, 0x3060, 0x38A0, 0x6A46, 0xAC90, 0xCDD6,
    0xBCF0, 0xA261, 0xA260, 0xB2E1, 0xCB62, 0xDBC3, 0xDB82, 0xD362,
    0xE3E3, 0xEC65, 0xF485, 0xFD28, 0xF528, 0xFD28, 0xFD6A, 0xF528,
    0xECA6, 0xF4C7, 0xE425, 0xDC05, 0xE467, 0xDDF5, 0xCE59, 0xD658,
    0xCE38, 0xCE58, 0xCE58, 0xCE58, 0xCE38, 0xD658, 0xCE58, 0xD658,
    0xD658, 0xCE38, 0xCE38, 0xCE58, 0xCE58, 0xD638, 0xD638, 0xD638,
    0xD638, 0xD638, 0xD638, 0xD638, 0xD638, 0xD638, 0xD638, 0xD638,
    0xD638, 0xD638, 0xD638, 0xCE38, 0xCE38, 0xD638, 0xCE38, 0xCE38,
    0xCE18, 0xCE18, 0xCE17, 0xCE17, 0xCDD6, 0xC5B5, 0xC573, 0xBD32,
    0xBCF0, 0xBCAE, 0xBC8D, 0xBCAD, 0xC4CF, 0xC531, 0xCD73, 0xCDB4,
    0xCDD6, 0xD617, 0xD638, 0xD638, 0xD638, 0xD638, 0xCE17, 0xCDF7,
    0xCDF7, 0xCDD7, 0xC5D7, 0xC5D6, 0xC5D6, 0xC5D7, 0xC5D7, 0xC5D7,
    0x5AC7, 0x5AC7, 0x5AC7, 0x5AC8, 0x62C9, 0x62E9, 0x6B0A, 0x6B2A,
    0x734B, 0x736B, 0x736B, 0x736B, 0x736B, 0x734B, 0x6B4B, 0x6B2A,
    0x630A, 0x6309, 0x62E9, 0x62E8, 0x5AC8, 0x5AC7, 0x5AC6, 0x5AA6,
    0x5AA5, 0x5AC6, 0x62E6, 0x6B07, 0x7348, 0x7B69, 0x838A, 0x8B8B,
    0x8B8B, 0x8B8B, 0x838B, 0x838A, 0x838B, 0x838B, 0x8BCB, 0xCDB3,
    0xFF38, 0xEE53, 0xE5D0, 0xEE12, 0xEE53, 0xEE31, 0xE5B0, 0xE5D1,
    0xE5D1, 0xE5B0, 0xD50E, 0xDD0E, 0xD4CE, 0xDCAE, 0xDCCF, 0xD48D,
    0xD44D, 0xD44D, 0xD3EC, 0xD40D, 0xCBEC, 0xC38A, 0xBB09, 0xB2A8,
    0xB2E8, 0xB2A8, 0xAA87, 0xA266, 0xA246, 0xA266, 0xB38B, 0xCCEF,
    0xE5D3, 0xE5D2, 0xEE12, 0xEE33, 0xEE11, 0xEDAD, 0xDC04, 0xD362,
    0xCB41, 0xCB41, 0xC2E0, 0xC2E0, 0xCB21, 0xDB82, 0xDBA3, 0xD382,
    0xDBC4, 0xDDB3, 0xCE59, 0xD658, 0xD659, 0xCE59, 0xD659, 0xD658,
    0xD679, 0xDDF3, 0xEC45, 0xF529, 0xFD69, 0xF507, 0xFD69, 0xFDAA,
    0xFD48, 0xFD8A, 0xFD69, 0xFD48, 0xFD8A, 0xFDCB, 0xFDAA, 0xFDCB,
    0xFDCC, 0xF529, 0xECA7, 0xDC06, 0xCB44, 0xC302, 0xCB23, 0xBAE3,
    0xAA62, 0xA242, 0xA242, 0x9201, 0x6940, 0x6120, 0x6120, 0x50E0,
    0x48E0, 0x40A0, 0x2060, 0x1020, 0x1000, 0x2040, 0x1820, 0x1820,
    0x1840, 0x0000, 0x1820, 0x3080, 0x2881, 0x0000, 0x1020, 0x1820,
    0x0800, 0x1000, 0x3060, 0x3080, 0x38A0, 0x6226, 0xB513, 0xBD12,
    0x8A42, 0x9A40, 0xB2C1, 0xBB01, 0xCB42, 0xD382, 0xD341, 0xE404,
    0xEC44, 0xEC03, 0xF465, 0xF4C6, 0xF4E7, 0xFD69, 0xF549, 0xF528,
    0xEC86, 0xF4C7, 0xE446, 0xE404, 0xE52D, 0xD658, 0xCE38, 0xCE38,
    0xCE38, 0xCE38, 0xCE38, 0xCE58, 0xCE58, 0xCE58, 0xCE58, 0xD658,
    0xCE58, 0xCE58, 0xCE58, 0xD638, 0xCE38, 0xCE58, 0xCE38, 0xD638,
    0xD638, 0xD638, 0xD638, 0xD638, 0xCE38, 0xD638, 0xCE38, 0xCE38,
    0xD638, 0xD638, 0xD638, 0xD638, 0xD638, 0xD638, 0xD638, 0xD638,
    0xD638, 0xCE18, 0xCE17, 0xCDF7, 0xCDD6, 0xC5B5, 0xC573, 0xBD32,
    0xBCF0, 0xBCAE, 0xBC8D, 0xBCAD, 0xC4CF, 0xC530, 0xCD73, 0xCDB4,
    0xCDD6, 0xD617, 0xD638, 0xD638, 0xD638, 0xD638, 0xCE17, 0xCE17,
    0xCDF7, 0xCDF7, 0xC5D7, 0xC5D6, 0xC5D7, 0xC5D7, 0xC5D7, 0xC5D7,
    0x6B09, 0x6B2A, 0x734A, 0x736B, 0x7B8C, 0x7BAD, 0x83CD, 0x8BEE,
    0x8C0E, 0x8C0F, 0x8C2F, 0x8C2F, 0x8C0F, 0x8C0F, 0x8C0E, 0x8BEE,
    0x83CD, 0x7BAD, 0x7B8C, 0x7B8B, 0x736B, 0x734A, 0x6B29, 0x6B08,
    0x6B07, 0x6B07, 0x6B07, 0x7328, 0x7B49, 0x7B6A, 0x838A, 0x8B8B,
    0x8B8B, 0x8B8B, 0x8B8B, 0x8B8B, 0x838B, 0x838B, 0x838B, 0x940C,
    0xE655, 0xF6B5, 0xDDAF, 0xE5D1, 0xEE74, 0xEE53, 0xEE12, 0xEE12,
    0xE5F1, 0xE5B0, 0xDD4F, 0xDD2E, 0xDCEE, 0xDCCE, 0xDCAE, 0xDCCE,
    0xD42C, 0xD42D, 0xD42D, 0xCBCC, 0xCBAB, 0xC34A, 0xC34A, 0xC36A,
    0xBAE8, 0xBAE9, 0xB2C8, 0xAA87, 0xA246, 0xA246, 0xA2A7, 0xB38B,
    0xDD92, 0xEE14, 0xF675, 0xF674, 0xF632, 0xED6D, 0xE487, 0xD3C4,
    0xDBE4, 0xDBC3, 0xBAC0, 0xC2C1, 0xC2E0, 0xCB21, 0xD362, 0xDBA3,
    0xDBE3, 0xE4CA, 0xD637, 0xCE59, 0xD658, 0xD659, 0xD659, 0xD658,
    0xD679, 0xE54E, 0xE404, 0xFD6A, 0xFD6A, 0xFD69, 0xFD8A, 0xFD8A,
    0xF549, 0xF4E8, 0xF4C6, 0xFD69, 0xFDEC, 0xFDEC, 0xF529, 0xECA8,
    0xEC67, 0xE404, 0xDBA4, 0xCB43, 0xCB43, 0xD343, 0xD363, 0xC302,
    0xB2A2, 0xA262, 0xA282, 0xC364, 0xBB23, 0xBB44, 0xC364, 0xAAA2,
    0x8A01, 0x8A21, 0x79C2, 0x5101, 0x3060, 0x2040, 0x0800, 0x2040,
    0x1860, 0x0820, 0x1840, 0x2861, 0x0800, 0x1020, 0x1020, 0x1020,
    0x0000, 0x0800, 0x1820, 0x30A0, 0x4102, 0x7B2B, 0xA44F, 0x71E2,
    0x79A0, 0x9A60, 0xC321, 0xCB42, 0xD382, 0xD382, 0xDBC3, 0xEC45,
    0xEC44, 0xEC64, 0xF4C6, 0xF4E7, 0xFD28, 0xF507, 0xF528, 0xF4C6,
    0xF508, 0xEC86, 0xDC04, 0xE424, 0xDDD2, 0xCE38, 0xCE38, 0xCE38,
    0xCE38, 0xCE38, 0xCE38, 0xCE38, 0xCE58, 0xCE58, 0xCE58, 0xCE58,
    0xCE58, 0xCE58, 0xD658, 0xD638, 0xD658, 0xD638, 0xCE38, 0xD638,
    0xCE38, 0xD638, 0xD638, 0xD638, 0xCE38, 0xD638, 0xCE38, 0xCE38,
    0xCE38, 0xD638, 0xD638, 0xD638, 0xD638, 0xD638, 0xD638, 0xD638,
    0xD638, 0xD618, 0xCE17, 0xCE17, 0xCDD6, 0xC5B5, 0xC573, 0xC532,
    0xBCF0, 0xBCAE, 0xBC8D, 0xBCAD, 0xC4CF, 0xC531, 0xCD73, 0xCDB4,
    0xCDF6, 0xD617, 0xD638, 0xD638, 0xD638, 0xD638, 0xCE17, 0xCE17,
    0xCDF7, 0xCDF7, 0xC5D7, 0xC5D7, 0xC5D7, 0xC5D7, 0xC5D7, 0xC5D7,
    0x7B6B, 0x838C, 0x83CD, 0x8BEE, 0x940F, 0x944F, 0x9C70, 0xA491,
    0xA4B1, 0xA4D1, 0xA4D2, 0xA4D2, 0xA4D1, 0xA4B1, 0xA4B1, 0x9C91,
    0x9C70, 0x9C50, 0x942F, 0x8C0E, 0x8BED, 0x83CC, 0x7B8B, 0x7B6A,
    0x7349, 0x7328, 0x7328, 0x7B49, 0x7B69, 0x838A, 0x838A, 0x8B8B,
    0x8B8B, 0x8B8B, 0x8B8B, 0x8B8B, 0x8B8B, 0x8B8B, 0x8BAB, 0x93AB,
    0xD5F4, 0xFF59, 0xE611, 0xE612, 0xEE94, 0xEE32, 0xEE11, 0xE5D0,
    0xE5D1, 0xDD6F, 0xE5B0, 0xDD6F, 0xDD0F, 0xD48E, 0xDCAE, 0xDCCF,
    0xD44D, 0xD40C, 0xD42D, 0xD3EC, 0xD40C, 0xCB8B, 0xCBAB, 0xC34A,
    0xBB09, 0xBAE8, 0xB2A7, 0xAA87, 0xA246, 0xA226, 0xA287, 0xC42D,
    0xDD92, 0xEE14, 0xEE33, 0xEE33, 0xEDF0, 0xEDAE, 0xE4C8, 0xDC05,
    0xDBE4, 0xD362, 0xBAA0, 0xC2E1, 0xCB21, 0xCB21, 0xD341, 0xDBA2,
    0xE424, 0xECA6, 0xED6D, 0xD636, 0xD658, 0xD658, 0xD658, 0xD658,
    0xD69A, 0xE54E, 0xF4E8, 0xFD8B, 0xFD8A, 0xF4E8, 0xE445, 0xE425,
    0xE404, 0xE404, 0xF528, 0xFE2D, 0xFE0C, 0xEC45, 0xDBA3, 0xDBA4,
    0xDBC4, 0xDBC4, 0xDBC4, 0xD3A4, 0xD3A4, 0xDBE5, 0xD363, 0xCB23,
    0xC2E2, 0xD3A4, 0xD3E5, 0xECE8, 0xFD6A, 0xF4E9, 0xE467, 0xD3E6,
    0xB2C3, 0x9A41, 0xA262, 0x8A01, 0x5900, 0x3880, 0x2020, 0x40A0,
    0x40A0, 0x40C0, 0x5921, 0x38A0, 0x2860, 0x3880, 0x50E0, 0x48C0,
    0x3880, 0x3060, 0x3060, 0x2860, 0x6A68, 0x93CD, 0x69A2, 0x7160,
    0x8A01, 0xB2C1, 0xCB83, 0xDBC3, 0xD3A2, 0xDBA2, 0xE3E3, 0xEC44,
    0xF4C6, 0xF507, 0xF507, 0xF508, 0xFD49, 0xF4E7, 0xFD48, 0xF508,
    0xF4E8, 0xEC86, 0xDC03, 0xE50B, 0xD637, 0xCE38, 0xCE38, 0xCE38,
    0xCE58, 0xCE38, 0xCE38, 0xD638, 0xD638, 0xCE58, 0xD658, 0xCE58,
    0xD658, 0xCE58, 0xD658, 0xCE58, 0xD658, 0xD638, 0xD638, 0xD638,
    0xD638, 0xD638, 0xD638, 0xD638, 0xD638, 0xD638, 0xCE38, 0xCE38,
    0xCE38, 0xCE38, 0xCE38, 0xD638, 0xD638, 0xD638, 0xD638, 0xD638,
    0xD638, 0xCE38, 0xCE17, 0xCE17, 0xCDD6, 0xC5B5, 0xC574, 0xC532,
    0xBCF0, 0xBCAE, 0xBCAD, 0xBCAD, 0xC4CF, 0xC531, 0xCD73, 0xCDB4,
    0xCDF6, 0xD617, 0xD638, 0xD638, 0xD638, 0xD638, 0xCE17, 0xCDF7,
    0xCDF7, 0xCDF7, 0xC5D7, 0xC5D7, 0xC5D7, 0xCDD7, 0xCDD7, 0xC5D7,
    0x83AD, 0x8BEE, 0x942F, 0x9C70, 0xA491, 0xACD1, 0xACF2, 0xB513,
    0xB533, 0xB534, 0xB554, 0xB554, 0xB554, 0xB554, 0xB533, 0xB513,
    0xACF2, 0xACD2, 0xA4B1, 0xA490, 0x9C4F, 0x940E, 0x8BED, 0x8BAC,
    0x838B, 0x7B6A, 0x7B49, 0x7B69, 0x836A, 0x838A, 0x8B8B, 0x8B8B,
    0x8B8B, 0x8B8B, 0x8B8B, 0x8B8B, 0x8B8B, 0x8B8B, 0x8B8B, 0x9BEC,
    0xD5F4, 0xFF7A, 0xEE94, 0xEE12, 0xEE12, 0xEE33, 0xE5F1, 0xEDF1,
    0xE5F1, 0xDD6F, 0xE5B0, 0xE590, 0xDD4F, 0xD48D, 0xDCEF, 0xDCAE,
    0xD44D, 0xDC6E, 0xD44D, 0xD44D, 0xD3EC, 0xCB6A, 0xCB6A, 0xC329,
    0xC34A, 0xBAE8, 0xB2C8, 0xAAA7, 0xA267, 0xA266, 0xA287, 0xB34A,
    0xCC6E, 0xDD71, 0xEE13, 0xF653, 0xEE11, 0xEDAF, 0xE50A, 0xDC24,
    0xD361, 0xC2C0, 0xBAA0, 0xC2E0, 0xCB21, 0xD341, 0xD341, 0xD382,
    0xE424, 0xECA7, 0xF508, 0xE56E, 0xD638, 0xD679, 0xD679, 0xCE59,
    0xDDD3, 0xECEA, 0xF4E8, 0xECC7, 0xE425, 0xE405, 0xEC25, 0xE425,
    0xE424, 0xF58A, 0xFE6E, 0xFE0C, 0xF4A6, 0xDB82, 0xDB83, 0xE405,
    0xE3C4, 0xDBA4, 0xDBC5, 0xDBA4, 0xD363, 0xCB02, 0xCB22, 0xD363,
    0xE446, 0xF56A, 0xFDEC, 0xFDEC, 0xFD8A, 0xECA7, 0xDC06, 0xD384,
    0xC2E2, 0xBAC2, 0xB281, 0xB2A2, 0x9A21, 0x6940, 0x5900, 0x81C1,
    0x81A0, 0x91E1, 0x9221, 0x9242, 0x8A43, 0x81C1, 0x89E1, 0x81C1,
    0x89E0, 0x9200, 0x9221, 0x8A01, 0xABA9, 0x8264, 0x6920, 0x81E0,
    0xAAA1, 0xC322, 0xD3A3, 0xDBC3, 0xDBE3, 0xE403, 0xEC44, 0xEC65,
    0xF4A5, 0xF4C6, 0xF507, 0xF508, 0xF4E7, 0xFD69, 0xF4C7, 0xE445,
    0xDC04, 0xE465, 0xE465, 0xE5D2, 0xCE59, 0xCE38, 0xCE38, 0xCE38,
    0xCE38, 0xCE38, 0xCE38, 0xCE38, 0xCE38, 0xCE38, 0xD658, 0xD658,
    0xCE38, 0xD658, 0xCE58, 0xD658, 0xD658, 0xCE58, 0xD638, 0xD638,
    0xD638, 0xD638, 0xD638, 0xCE38, 0xCE38, 0xCE38, 0xCE38, 0xD638,
    0xCE38, 0xCE38, 0xCE38, 0xCE38, 0xCE38, 0xD638, 0xD638, 0xD638,
    0xD638, 0xCE38, 0xCE17, 0xCE17, 0xCDD6, 0xC5B5, 0xC574, 0xC532,
    0xBCF0, 0xBCCE, 0xBCAD, 0xBCAD, 0xC4EF, 0xC531, 0xCD73, 0xCDB5,
    0xCDF6, 0xD617, 0xD638, 0xD638, 0xD638, 0xD638, 0xCE17, 0xCE17,
    0xCDF7, 0xCDD7, 0xC5D7, 0xC5D7, 0xC5D7, 0xCDD7, 0xCDD7, 0xC5D7,
    0x93EE, 0x9C4F, 0xA490, 0xACB1, 0xB4F2, 0xB533, 0xBD54, 0xBD74,
    0xC595, 0xC595, 0xC595, 0xC5B5, 0xC5B5, 0xC5B5, 0xC595, 0xBD74,
    0xBD74, 0xB553, 0xB533, 0xB512, 0xACB1, 0xA470, 0x9C2E, 0x93ED,
    0x8BAC, 0x836B, 0x836A, 0x836A, 0x8B8B, 0x8B8B, 0x8B8B, 0x8B8B,
    0x8B8B, 0x8B8B, 0x8B8B, 0x8B8B, 0x8BAB, 0x8BAB, 0x8B8B, 0x8BAB,
    0xAC8F, 0xF739, 0xF6F6, 0xE612, 0xEE32, 0xEE32, 0xEE12, 0xE5F1,
    0xEDF1, 0xE590, 0xDD6F, 0xDD70, 0xE570, 0xD48D, 0xD48D, 0xDCCF,
    0xDCEF, 0xDC8E, 0xDC4E, 0xD3EC, 0xD40D, 0xCBAB, 0xC329, 0xC329,
    0xC329, 0xBB09, 0xB2C8, 0xB2A8, 0xAAA7, 0xAAA7, 0xAA87, 0xA246,
    0xB329, 0xCCCF, 0xEE13, 0xEE33, 0xEE12, 0xEDD0, 0xED4C, 0xE445,
    0xD382, 0xC2E0, 0xC2C0, 0xBAC0, 0xCB01, 0xCB21, 0xD361, 0xE3E3,
    0xE424, 0xEC65, 0xECC7, 0xECC8, 0xDD0C, 0xD637, 0xD616, 0xE54E,
    0xECA7, 0xDBC4, 0xDBC4, 0xE405, 0xE426, 0xE446, 0xE3E4, 0xE424,
    0xF549, 0xFE0D, 0xFE0D, 0xF508, 0xE3C3, 0xDB83, 0xE3E4, 0xDB83,
    0xD383, 0xDBA4, 0xDBA4, 0xD343, 0xCB02, 0xCAC1, 0xCB22, 0xE404,
    0xFDAB, 0xFE2E, 0xFDAB, 0xFDAB, 0xF4E7, 0xDB83, 0xCB23, 0xD343,
    0xCB43, 0xCB23, 0xC2E2, 0xB282, 0xBAC2, 0xAA62, 0xAA62, 0xB2A2,
    0xBAE2, 0xC2E2, 0xC2E3, 0xD3A5, 0xD3E6, 0xDC27, 0xCC07, 0xA241,
    0xA261, 0xAA82, 0xAAA2, 0xC344, 0xC364, 0xCBC5, 0xC385, 0xAAE3,
    0xB302, 0xCB42, 0xD383, 0xDBC3, 0xEC44, 0xE424, 0xEC45, 0xF485,
    0xF4C5, 0xF4A5, 0xF507, 0xF528, 0xFD48, 0xFD49, 0xECA6, 0xEC65,
    0xECA6, 0xDBC3, 0xE487, 0xDE15, 0xCE38, 0xCE38, 0xCE38, 0xCE38,
    0xCE38, 0xCE38, 0xCE38, 0xCE38, 0xCE58, 0xCE58, 0xCE58, 0xCE38,
    0xCE38, 0xCE58, 0xCE58, 0xD658, 0xD658, 0xD658, 0xD638, 0xD638,
    0xD638, 0xD638, 0xD638, 0xCE38, 0xCE38, 0xCE38, 0xCE38, 0xCE38,
    0xCE38, 0xD638, 0xCE38, 0xD638, 0xD638, 0xD638, 0xD638, 0xD638,
    0xD638, 0xCE38, 0xCE17, 0xCE17, 0xCDD6, 0xC5B5, 0xC574, 0xC552,
    0xBD10, 0xBCCF, 0xBCAD, 0xC4CD, 0xC4EF, 0xC531, 0xCD73, 0xCDD5,
    0xD5F6, 0xD637, 0xD638, 0xD638, 0xD638, 0xD638, 0xCE17, 0xCE17,
    0xCDF7, 0xCDD7, 0xC5D7, 0xC5D7, 0xC5D7, 0xCDD7, 0xCDD7, 0xC5D7,
    0x9C2F, 0xA470, 0xACD1, 0xB513, 0xBD54, 0xBD74, 0xC595, 0xC5B6,
    0xCDD6, 0xCDF7, 0xCDF7, 0xCDF7, 0xCDF7, 0xCDF7, 0xCDD6, 0xC5D6,
    0xC5B5, 0xC595, 0xBD74, 0xBD53, 0xB512, 0xACB1, 0xA46F, 0x9C2E,
    0x93CC, 0x8B8B, 0x836A, 0x8B6A, 0x8B8B, 0x938B, 0x8B8B, 0x8B8B,
    0x8B8B, 0x8B8B, 0x8B8B, 0x8B8B, 0x93AB, 0x93AB, 0x93AB, 0x8BAB,
    0x8B8B, 0xCD93, 0xFF38, 0xEE32, 0xE5F1, 0xEE12, 0xF674, 0xEDF1,
    0xEE11, 0xE5F1, 0xDD6F, 0xE5B1, 0xDD4F, 0xDD2F, 0xDD0F, 0xE530,
    0xDCCE, 0xDC6D, 0xD44D, 0xDC4D, 0xD3EC, 0xCBAB, 0xCBAB, 0xCB6A,
    0xC309, 0xBAE8, 0xB2C8, 0xB2A7, 0xAA87, 0xAAA8, 0xAA87, 0xAA67,
    0xB329, 0xD4F0, 0xEDF3, 0xEE13, 0xEDF1, 0xED8E, 0xED6D, 0xE4C8,
    0xD382, 0xCB00, 0xC2E0, 0xBAC1, 0xC2E0, 0xDB82, 0xDBA2, 0xE403,
    0xEC65, 0xEC86, 0xEC86, 0xE465, 0xDC24, 0xE52C, 0xF56C, 0xF4E7,
    0xEC46, 0xE426, 0xE425, 0xE446, 0xE426, 0xE405, 0xE3C3, 0xEC66,
    0xFDCC, 0xFE2E, 0xFDAA, 0xEC65, 0xDBA3, 0xDB82, 0xDB83, 0xD363,
    0xCB64, 0xD363, 0xDB63, 0xD322, 0xD322, 0xE3E4, 0xF528, 0xFDCC,
    0xFE0D, 0xFDCC, 0xF4A6, 0xEC24, 0xE3E4, 0xDB63, 0xCB22, 0xD363,
    0xDBC5, 0xD343, 0xCB23, 0xCB23, 0xCB23, 0xB282, 0xBAE3, 0xBAC2,
    0xCB23, 0xD323, 0xC2E3, 0xCB44, 0xE426, 0xECC9, 0xF52A, 0xDC47,
    0xCB63, 0xBAC2, 0xA241, 0xB282, 0xBAC2, 0xCB44, 0xE447, 0xECC9,
    0xE467, 0xD3A3, 0xDBC4, 0xE425, 0xEC44, 0xEC45, 0xF486, 0xF4C6,
    0xF4C6, 0xFD07, 0xFD69, 0xFD69, 0xFD69, 0xFD69, 0xFD69, 0xF548,
    0xE465, 0xDBE3, 0xED4D, 0xD638, 0xCE38, 0xCE38, 0xCE38, 0xCE38,
    0xCE38, 0xCE38, 0xCE38, 0xCE38, 0xCE38, 0xCE58, 0xD658, 0xCE58,
    0xD658, 0xCE58, 0xCE58, 0xCE58, 0xCE58, 0xD658, 0xCE38, 0xD658,
    0xD638, 0xD638, 0xD638, 0xD638, 0xCE38, 0xCE38, 0xCE38, 0xCE38,
    0xCE38, 0xCE38, 0xD658, 0xCE38, 0xCE38, 0xCE38, 0xCE38, 0xCE38,
    0xCE38, 0xD638, 0xCE17, 0xCE17, 0xCDF6, 0xC5B5, 0xC574, 0xC552,
    0xC511, 0xC4CF, 0xC4AD, 0xC4CE, 0xC4EF, 0xC531, 0xCD73, 0xCDD5,
    0xD5F6, 0xD637, 0xD638, 0xD638, 0xD638, 0xD638, 0xD617, 0xCE17,
    0xCDF7, 0xCDF7, 0xC5D7, 0xC5D7, 0xC5D7, 0xC5D7, 0xC5D7, 0xC5D7,
    0xA44F, 0xACB1, 0xB4F2, 0xBD34, 0xC574, 0xC595, 0xCDB6, 0xCDF6,
    0xCDF7, 0xD617, 0xD617, 0xD617, 0xD617, 0xD617, 0xCDF7, 0xCDF6,
    0xCDD6, 0xC5B6, 0xC595, 0xC574, 0xBD33, 0xB4F2, 0xACB0, 0xA44E,
    0x9BED, 0x93AC, 0x8B8B, 0x8B8B, 0x938B, 0x938B, 0x938B, 0x938B,
    0x8B8B, 0x8B8B, 0x8B8B, 0x938B, 0x93AB, 0x93AB, 0x93AB, 0x93CC,
    0x9BEC, 0xBCF0, 0xFF59, 0xEE74, 0xEE32, 0xEE73, 0xEE53, 0xEE53,
    0xEE12, 0xEDF1, 0xE5B0, 0xE56F, 0xDD4F, 0xDD2F, 0xDCEE, 0xD44C,
    0xDCAE, 0xDC4D, 0xDC6E, 0xDC4E, 0xD3CC, 0xCBAB, 0xCB8B, 0xCBAB,
    0xCB8B, 0xCB4A, 0xC309, 0xAA46, 0xAA87, 0xAA87, 0xA246, 0xA246,
    0xAAC8, 0xC3EC, 0xDD51, 0xEE13, 0xEDF1, 0xEDAF, 0xED6D, 0xE50A,
    0xDBE3, 0xD320, 0xC2E0, 0xC301, 0xCB41, 0xDB81, 0xE3E3, 0xE3E3,
    0xE424, 0xEC85, 0xEC65, 0xE445, 0xEC86, 0xF4A6, 0xF4E8, 0xF529,
    0xEC46, 0xE425, 0xE446, 0xE425, 0xE445, 0xEC87, 0xED0A, 0xFE71,
    0xFEF4, 0xFF15, 0xFE91, 0xF5AC, 0xECA8, 0xF4E8, 0xE425, 0xCAE1,
    0xD322, 0xD322, 0xD322, 0xE3A4, 0xF4E8, 0xFE0D, 0xFE4E, 0xFE4E,
    0xFE0C, 0xFD28, 0xF445, 0xEC25, 0xE3A4, 0xD343, 0xD322, 0xD343,
    0xD343, 0xD363, 0xDB63, 0xCB23, 0xCB03, 0xCB23, 0xCB23, 0xCB44,
    0xE3C5, 0xDBA5, 0xD364, 0xCB23, 0xD343, 0xE3E5, 0xF509, 0xFDAC,
    0xF509, 0xDC46, 0xC303, 0xCB03, 0xCB23, 0xC2E2, 0xCB02, 0xDBC4,
    0xEC87, 0xF4E8, 0xEC86, 0xEC45, 0xEC44, 0xEC64, 0xF4A6, 0xF4E7,
    0xF506, 0xFD27, 0xFD48, 0xFD28, 0xF4E7, 0xF528, 0xECA6, 0xF4C6,
    0xEC86, 0xECA7, 0xE614, 0xCE58, 0xCE38, 0xCE38, 0xCE38, 0xCE38,
    0xCE38, 0xCE38, 0xCE38, 0xCE38, 0xCE58, 0xD658, 0xD658, 0xD658,
    0xCE58, 0xCE38, 0xCE58, 0xCE58, 0xCE58, 0xCE58, 0xCE58, 0xD658,
    0xD658, 0xD638, 0xD658, 0xCE38, 0xCE38, 0xCE38, 0xD658, 0xDE78,
    0xDE78, 0xDE98, 0xF675, 0xE676, 0xE655, 0xE634, 0xE655, 0xEE54,
    0xE676, 0xF6B7, 0xE696, 0xE656, 0xDE16, 0xCDD5, 0xCDB4, 0xCD94,
    0xC511, 0xBCAE, 0xC4CE, 0xCD30, 0xC4EF, 0xC530, 0xCD73, 0xD5D5,
    0xD616, 0xD637, 0xD638, 0xD638, 0xD638, 0xD638, 0xCE18, 0xCE17,
    0xCDF7, 0xCDF7, 0xC5D7, 0xC5D7, 0xC5D7, 0xC5D7, 0xC5D7, 0xC5D7,
    0xA450, 0xACB1, 0xB513, 0xBD54, 0xC574, 0xC5B5, 0xCDD6, 0xCDF6,
    0xD617, 0xD617, 0xD617, 0xD617, 0xD617, 0xD617, 0xCDF7, 0xCDF6,
    0xCDD6, 0xC5B6, 0xC5B5, 0xC594, 0xBD53, 0xB512, 0xACB1, 0xA46F,
    0x9BED, 0x93AC, 0x8B8B, 0x8B6B, 0x938B, 0x938B, 0x938B, 0x938B,
    0x938B, 0x938B, 0x8B8B, 0x938B, 0x93AB, 0x93AB, 0x93AB, 0x93CC,
    0x93AB, 0xAC4E, 0xEED7, 0xF6F6, 0xEE53, 0xF674, 0xF674, 0xF674,
    0xEE53, 0xEE11, 0xE58F, 0xE56F, 0xE570, 0xDD2F, 0xDD0F, 0xCC4C,
    0xDCAE, 0xE4CF, 0xDC8E, 0xDC2D, 0xDC0D, 0xD3EC, 0xD3AB, 0xD3AB,
    0xD3CB, 0xCB6A, 0xC34A, 0xB2C8, 0xAA87, 0xAA87, 0xAA66, 0xA246,
    0xA246, 0xB329, 0xDD51, 0xEE13, 0xEDF1, 0xEDAF, 0xED8E, 0xE50A,
    0xDC24, 0xD360, 0xCB01, 0xCAE0, 0xC2E0, 0xD320, 0xE3E3, 0xEC45,
    0xE3C2, 0xDBC3, 0xE424, 0xEC86, 0xE445, 0xE445, 0xF56B, 0xFDAB,
    0xEC66, 0xEC87, 0xFD8C, 0xFE4F, 0xFE92, 0xFEF4, 0xFF36, 0xFF56,
    0xFF36, 0xFF57, 0xFF56, 0xFF35, 0xFF15, 0xFED2, 0xFE2E, 0xDC05,
    0xD363, 0xE466, 0xECC8, 0xFE0D, 0xFE8F, 0xFE6E, 0xFE0C, 0xFDAA,
    0xFD28, 0xF4C7, 0xF485, 0xEBE4, 0xE383, 0xDB63, 0xD322, 0xCAE2,
    0xD322, 0xD302, 0xD322, 0xCB23, 0xC2E2, 0xCB03, 0xDB64, 0xD344,
    0xDBA5, 0xE3A4, 0xDB84, 0xD343, 0xDB43, 0xDB43, 0xEC25, 0xFD8A,
    0xFE0D, 0xF56A, 0xDBC4, 0xD363, 0xD343, 0xD364, 0xD363, 0xD343,
    0xD363, 0xE405, 0xF529, 0xF4E8, 0xF485, 0xF4A6, 0xFD08, 0xFD48,
    0xFD07, 0xFD27, 0xFD27, 0xF4E7, 0xF4A6, 0xF4E7, 0xEC45, 0xEC86,
    0xECA6, 0xED09, 0xDE36, 0xCE58, 0xCE38, 0xCE38, 0xCE38, 0xCE38,
    0xCE38, 0xCE38, 0xCE38, 0xCE38, 0xCE58, 0xD638, 0xCE38, 0xCE58,
    0xD658, 0xD658, 0xCE58, 0xCE38, 0xCE58, 0xCE58, 0xCE58, 0xD658,
    0xD658, 0xCE59, 0xD658, 0xDE57, 0xDE36, 0xEE96, 0xFF17, 0xFF58,
    0xFF58, 0xFEF4, 0xFE91, 0xFDED, 0xFDCC, 0xFE4F, 0xFE91, 0xFED3,
    0xFF37, 0xFF57, 0xFF57, 0xFF16, 0xFF17, 0xFF17, 0xFF38, 0xEED7,
    0xDE35, 0xE634, 0xEE75, 0xD591, 0xCD51, 0xD593, 0xCDB4, 0xCDB5,
    0xD616, 0xD637, 0xD638, 0xD638, 0xD638, 0xD638, 0xCE17, 0xCE17,
    0xCDF7, 0xCDF7, 0xC5D7, 0xC5D7, 0xC5D7, 0xC5D7, 0xC5D7, 0xC5D7,
    0xA450, 0xACB1, 0xB512, 0xBD53, 0xC574, 0xC595, 0xCDD6, 0xCDF6,
    0xD617, 0xD617, 0xD617, 0xD617, 0xD617, 0xD617, 0xCDF7, 0xCDF6,
    0xCDD6, 0xCDB5, 0xC5B5, 0xC594, 0xBD53, 0xB512, 0xACB0, 0xA44F,
    0x9BED, 0x93AC, 0x8B6B, 0x8B6B, 0x938B, 0x938B, 0x938B, 0x938B,
    0x938B, 0x938B, 0x938B, 0x93AB, 0x93AB, 0x93AC, 0x93CC, 0x9BCC,
    0x93CC, 0xAC6E, 0xCDB3, 0xFF38, 0xF694, 0xF694, 0xF694, 0xEE53,
    0xEE33, 0xEE12, 0xEE12, 0xE5B0, 0xE590, 0xE5B0, 0xE54F, 0xDCAD,
    0xDCAE, 0xDC6D, 0xDCAE, 0xDC6E, 0xE4AF, 0xE46E, 0xDC0D, 0xD3EC,
    0xD3AB, 0xCB8B, 0xCB6A, 0xC309, 0xB287, 0xB287, 0xAA66, 0xAA67,
    0xAA87, 0xBB4A, 0xDCF0, 0xEDF3, 0xEDF2, 0xEDD0, 0xE56D, 0xE50A,
    0xDC66, 0xDBC2, 0xD361, 0xDBE3, 0xD3A2, 0xDB81, 0xE403, 0xE403,
    0xD361, 0xDC04, 0xEC86, 0xE445, 0xE445, 0xF529, 0xFE2E, 0xFE2E,
    0xFE2F, 0xFEB2, 0xFF35, 0xFF56, 0xFF56, 0xFF56, 0xFF56, 0xFF35,
    0xFF35, 0xFF36, 0xFF56, 0xFF36, 0xFF35, 0xFF35, 0xFEF3, 0xFE90,
    0xFE50, 0xFE6F, 0xFE4D, 0xFE2C, 0xFDCB, 0xFD68, 0xFD07, 0xF4A6,
    0xF465, 0xF4C7, 0xF424, 0xE3A4, 0xE3C4, 0xE3C4, 0xD322, 0xD302,
    0xDB63, 0xD363, 0xD302, 0xD323, 0xCB03, 0xCB23, 0xD363, 0xDB64,
    0xE3A4, 0xE3A4, 0xDB84, 0xDB43, 0xE383, 0xDB84, 0xE3C4, 0xF529,
    0xFDEC, 0xFDCC, 0xE426, 0xDB63, 0xCB03, 0xCB23, 0xD384, 0xDB84,
    0xD343, 0xDB63, 0xE426, 0xFD8B, 0xF54A, 0xEC65, 0xF4C6, 0xFD8A,
    0xFD69, 0xFD28, 0xFDAA, 0xFDAA, 0xFD69, 0xF528, 0xF4E7, 0xE445,
    0xDC04, 0xED6D, 0xD658, 0xCE58, 0xCE38, 0xCE38, 0xCE38, 0xCE38,
    0xCE38, 0xCE38, 0xCE38, 0xCE58, 0xCE58, 0xCE38, 0xCE38, 0xCE38,
    0xD638, 0xD638, 0xD658, 0xD638, 0xD658, 0xD658, 0xD658, 0xD659,
    0xD658, 0xDE14, 0xED6E, 0xF54B, 0xFDAB, 0xFEF3, 0xFF77, 0xFF76,
    0xFF35, 0xFE6F, 0xFE0C, 0xFE6F, 0xFEF4, 0xFF58, 0xFF79, 0xFF79,
    0xFF9A, 0xFF9A, 0xFF9A, 0xFFBA, 0xFFBB, 0xFFBB, 0xFFDC, 0xFFDC,
    0xFFDC, 0xFFFC, 0xFFBC, 0xF75A, 0xFF9B, 0xF6F8, 0xDE16, 0xDE57,
    0xDE37, 0xD617, 0xD637, 0xD637, 0xD638, 0xD638, 0xD618, 0xCE17,
    0xCDF7, 0xCDF7, 0xC5D7, 0xC5D6, 0xC5D7, 0xC5D7, 0xC5D7, 0xC5D7,
    0xA44F, 0xACB1, 0xB4F2, 0xBD33, 0xC574, 0xC595, 0xCDD6, 0xCDF6,
    0xD617, 0xD617, 0xD637, 0xD617, 0xD617, 0xCE17, 0xCDF6, 0xCDD6,
    0xCDB6, 0xCDB5, 0xC5B5, 0xC594, 0xBD53, 0xB4F2, 0xACB0, 0xA44F,
    0x9BED, 0x938B, 0x8B6B, 0x8B6B, 0x8B6B, 0x938B, 0x938B, 0x938B,
    0x938B, 0x938B, 0x93AB, 0x93AC, 0x93AC, 0x93CC, 0x9BCC, 0x9BCC,
    0x9BEC, 0xA40D, 0xB4CF, 0xEED7, 0xF6D6, 0xEE32, 0xEE73, 0xEE53,
    0xEE32, 0xEE53, 0xEE32, 0xE5B0, 0xE5B0, 0xEDB1, 0xE570, 0xDCAD,
    0xD42C, 0xE50F, 0xE4EF, 0xE46E, 0xE4F0, 0xE48E, 0xE46E, 0xDC0C,
    0xD3CB, 0xD38B, 0xCB4A, 0xBAE8, 0xBAE8, 0xBAC8, 0xAA46, 0xAA46,
    0xAA87, 0xB2C8, 0xC3CB, 0xDD51, 0xEDD1, 0xEDD1, 0xE56E, 0xE56E,
    0xE52C, 0xE465, 0xE403, 0xDBC3, 0xDBC3, 0xDBE3, 0xE404, 0xDBE3,
    0xE445, 0xF4C7, 0xF4E8, 0xECC8, 0xF4A6, 0xFD8B, 0xFED3, 0xFF56,
    0xFF56, 0xFF57, 0xFF57, 0xFF36, 0xFF35, 0xFF35, 0xFF35, 0xFF35,
    0xFF35, 0xFF36, 0xFF56, 0xFF35, 0xFF14, 0xFF15, 0xFF35, 0xFF14,
    0xFED1, 0xFE2D, 0xFDCB, 0xFD28, 0xFCC6, 0xF486, 0xF4A6, 0xF465,
    0xEC25, 0xEBA3, 0xE3A3, 0xEC05, 0xEBC4, 0xE3A4, 0xDB42, 0xE3E5,
    0xE3A4, 0xD323, 0xCB23, 0xD343, 0xC2C2, 0xCB23, 0xD323, 0xDB64,
    0xE3A4, 0xDB83, 0xE3A4, 0xE3C5, 0xDB63, 0xDB83, 0xE3E4, 0xF4C7,
    0xFD6A, 0xFDAB, 0xFDED, 0xECE9, 0xE405, 0xDBA4, 0xDB84, 0xD364,
    0xDB64, 0xE3C5, 0xE3C4, 0xEC26, 0xFDCE, 0xFDAC, 0xF4E8, 0xFD07,
    0xFD8A, 0xFDAA, 0xFDCA, 0xFD8A, 0xF4E6, 0xF4E7, 0xF4E7, 0xEC86,
    0xE425, 0xE5B1, 0xCE59, 0xCE38, 0xCE38, 0xCE38, 0xCE38, 0xCE38,
    0xCE38, 0xCE58, 0xCE38, 0xCE58, 0xCE58, 0xCE38, 0xCE58, 0xCE58,
    0xCE38, 0xCE58, 0xD658, 0xCE58, 0xCE59, 0xD637, 0xE5D3, 0xE614,
    0xED0B, 0xEC65, 0xEC44, 0xFD07, 0xFE0D, 0xFF14, 0xFF14, 0xFEF2,
    0xFED2, 0xFEB2, 0xFEF4, 0xFF79, 0xFF58, 0xFF79, 0xFF9A, 0xFF79,
    0xFF58, 0xFF59, 0xFF9A, 0xFF9A, 0xFF9A, 0xFFBB, 0xFF9A, 0xFF9A,
    0xFFBB, 0xFFBC, 0xFFBB, 0xFFBC, 0xFFDC, 0xFFBB, 0xFFBC, 0xFF9C,
    0xF73A, 0xEEFA, 0xE6D9, 0xE699, 0xD637, 0xCE17, 0xCE18, 0xCE17,
    0xCDF7, 0xCDF7, 0xC5D7, 0xC5D6, 0xC5D7, 0xC5D7, 0xC5D7, 0xC5D7,
    0xA44F, 0xAC91, 0xB4F2, 0xBD33, 0xC554, 0xC595, 0xC5B5, 0xCDF6,
    0xD617, 0xD617, 0xD637, 0xD617, 0xD617, 0xCE17, 0xCDF6, 0xCDD6,
    0xCDB6, 0xCDB5, 0xC5B5, 0xC574, 0xBD33, 0xB4F2, 0xAC90, 0xA42E,
    0x9BED, 0x938B, 0x8B6A, 0x8B6B, 0x8B6B, 0x8B6B, 0x936B, 0x938B,
    0x938B, 0x938B, 0x93AB, 0x93AC, 0x93CC, 0x9BCC, 0x9BCC, 0x9BCC,
    0x9BEC, 0x9BEC, 0xA42D, 0xDE34, 0xFF17, 0xEE53, 0xEE73, 0xF694,
    0xEE53, 0xF674, 0xEE33, 0xEDD1, 0xEDF2, 0xEDF2, 0xE590, 0xE570,
    0xDCEF, 0xE4EF, 0xE4AE, 0xE4EF, 0xED31, 0xECCF, 0xE46E, 0xDC4D,
    0xDC0D, 0xD3CC, 0xD3AB, 0xC34A, 0xBAE8, 0xB2A8, 0xA226, 0x99E5,
    0x99E5, 0x99E4, 0xB2E8, 0xD4CF, 0xE591, 0xEDD1, 0xEE12, 0xEDF1,
    0xE56E, 0xE50A, 0xE465, 0xDBC3, 0xDBE3, 0xDBC3, 0xD3C3, 0xEC86,
    0xECA7, 0xF4C8, 0xF4E8, 0xFD29, 0xFDAB, 0xFEF3, 0xFF77, 0xFF77,
    0xFF57, 0xFF56, 0xFF36, 0xFF35, 0xFF35, 0xFF34, 0xFF35, 0xFF76,
    0xFF35, 0xFF15, 0xFF15, 0xFF15, 0xFF14, 0xFEF4, 0xFEF3, 0xFED2,
    0xFE6F, 0xFDAA, 0xFCE7, 0xF4A6, 0xF465, 0xF486, 0xF466, 0xEC66,
    0xEC66, 0xE3C4, 0xEBE4, 0xEC04, 0xE3A3, 0xE383, 0xE3A4, 0xE3A4,
    0xE3E5, 0xD343, 0xD343, 0xDBA5, 0xD343, 0xC2C1, 0xDBA4, 0xE3C4,
    0xE3E5, 0xDBA4, 0xE3E5, 0xE3E5, 0xE3A4, 0xE3C4, 0xEC04, 0xF445,
    0xF465, 0xFD29, 0xFE2E, 0xFE2E, 0xFD8A, 0xECA8, 0xDBC5, 0xDBA5,
    0xD343, 0xD343, 0xDBA4, 0xE3E5, 0xEC25, 0xFDAB, 0xFE0D, 0xFDCB,
    0xFDEC, 0xFDEB, 0xFDAA, 0xFDCB, 0xFD8A, 0xFD8A, 0xF56A, 0xE486,
    0xE467, 0xDE15, 0xCE59, 0xCE38, 0xCE58, 0xCE38, 0xCE38, 0xCE38,
    0xCE38, 0xCE58, 0xCE58, 0xCE58, 0xCE58, 0xCE58, 0xCE58, 0xCE58,
    0xD658, 0xD658, 0xCE59, 0xD637, 0xE657, 0xEDD1, 0xF4A8, 0xEC66,
    0xEC45, 0xEC45, 0xF4E8, 0xFD69, 0xFE4F, 0xFED2, 0xFEB1, 0xFED2,
    0xFF16, 0xFF37, 0xFF58, 0xFF38, 0xFF38, 0xFF58, 0xFF17, 0xFED5,
    0xFF17, 0xFF58, 0xFF79, 0xFF9A, 0xFF9A, 0xFFBB, 0xFF79, 0xFF9A,
    0xFFBB, 0xFF9A, 0xFF9A, 0xFFBB, 0xFFBB, 0xFFBC, 0xFFDC, 0xFFDC,
    0xFFFD, 0xFFFE, 0xFFDD, 0xFF9C, 0xEEFA, 0xDE99, 0xD638, 0xCE17,
    0xCDF7, 0xCDF7, 0xC5D7, 0xC5D6, 0xC5D6, 0xC5D7, 0xC5D7, 0xC5D6,
    0x9C2F, 0xAC90, 0xB4D2, 0xBD13, 0xBD54, 0xC595, 0xCDB5, 0xCDF6,
    0xD617, 0xD617, 0xD637, 0xD637, 0xD617, 0xD617, 0xCDF6, 0xCDD6,
    0xCDD6, 0xCDB5, 0xC5B5, 0xC574, 0xBD33, 0xB4D1, 0xAC90, 0xA42E,
    0x93CD, 0x8B8B, 0x8B6B, 0x8B6B, 0x8B6B, 0x8B6B, 0x936B, 0x938B,
    0x938B, 0x93AC, 0x93AC, 0x93AC, 0x93CC, 0x9BCC, 0x9BCC, 0x9BEC,
    0xA3EC, 0xA40C, 0xA42D, 0xCD72, 0xF718, 0xF6F6, 0xEE73, 0xEE53,
    0xF694, 0xF694, 0xEE32, 0xEE12, 0xEE12, 0xEDF1, 0xE590, 0xE570,
    0xDD0E, 0xDCEF, 0xE551, 0xED92, 0xE4F0, 0xE48E, 0xE48E, 0xE4AE,
    0xDC2D, 0xD3CC, 0xD40C, 0xCB6A, 0xC309, 0xB2C8, 0xAA87, 0xA226,
    0x9A05, 0x91C4, 0xA266, 0xC3EC, 0xD4EF, 0xE5B1, 0xEE12, 0xE58F,
    0xE56E, 0xE50B, 0xE4A7, 0xE424, 0xDBC3, 0xD382, 0xDBC3, 0xEC86,
    0xECE8, 0xF54A, 0xF529, 0xFDCC, 0xFF15, 0xFF77, 0xFF57, 0xFF56,
    0xFF35, 0xFF35, 0xFF55, 0xFF14, 0xFE91, 0xF62F, 0xEDEF, 0xEDCF,
    0xEDAE, 0xFE50, 0xFED2, 0xFF14, 0xFF14, 0xFEF3, 0xFED2, 0xFED2,
    0xFEB1, 0xFD69, 0xF4A6, 0xEC25, 0xF465, 0xF486, 0xEC45, 0xF466,
    0xF4A7, 0xEC46, 0xF4A7, 0xEC45, 0xEC25, 0xE3A3, 0xDB42, 0xDB43,
    0xDB84, 0xE3E5, 0xD363, 0xE3E5, 0xD343, 0xCAE2, 0xE3C5, 0xE406,
    0xE3E5, 0xDBA4, 0xE3A4, 0xE3E5, 0xE405, 0xE3E5, 0xEC25, 0xEC04,
    0xEC04, 0xF4C7, 0xFDCB, 0xFE6E, 0xFE4E, 0xECC8, 0xD364, 0xDBE5,
    0xDBE5, 0xD364, 0xCB23, 0xDB84, 0xE3C4, 0xF4E8, 0xFDED, 0xFDED,
    0xFE4E, 0xFE2E, 0xFE0C, 0xFDEC, 0xFDAA, 0xFD69, 0xFD8B, 0xE466,
    0xE4C9, 0xD637, 0xCE58, 0xCE38, 0xCE38, 0xCE38, 0xCE38, 0xCE38,
    0xCE38, 0xCE58, 0xCE58, 0xCE58, 0xCE58, 0xCE58, 0xD658, 0xD658,
    0xCE58, 0xCE38, 0xDE57, 0xF652, 0xFE0E, 0xECA7, 0xE404, 0xEC66,
    0xEC25, 0xEC44, 0xEC64, 0xFD48, 0xFE4F, 0xFE91, 0xFED4, 0xFEF5,
    0xFF16, 0xFF16, 0xFEF5, 0xFED5, 0xFF16, 0xFED5, 0xFE72, 0xFED5,
    0xFED5, 0xFEF6, 0xFEF6, 0xFEF6, 0xFF17, 0xFEF6, 0xFEF6, 0xFF16,
    0xFF16, 0xFF79, 0xFF9A, 0xFF9A, 0xFF9A, 0xFF9B, 0xFFBB, 0xFFBB,
    0xFFBB, 0xFFDC, 0xFFDD, 0xFFDD, 0xFFFE, 0xF73A, 0xD658, 0xCDF7,
    0xCDF7, 0xC5F7, 0xC5D7, 0xC5D6, 0xC5D6, 0xC5D6, 0xC5D7, 0xC5D6,
    0x9C0E, 0xA470, 0xB4B1, 0xBD13, 0xBD54, 0xC595, 0xCDB5, 0xCDF6,
    0xD617, 0xD637, 0xD638, 0xD638, 0xD617, 0xD617, 0xD617, 0xCDF6,
    0xCDD6, 0xCDB5, 0xC5B5, 0xC574, 0xBD33, 0xB4D1, 0xAC70, 0x9C0E,
    0x93AC, 0x8B6B, 0x8B4A, 0x8B6B, 0x8B6B, 0x8B6B, 0x936B, 0x938B,
    0x938B, 0x93AC, 0x93AC, 0x93AC, 0x9BCC, 0x9BCC, 0x9BEC, 0x9BEC,
    0xA3EC, 0xA40C, 0xA40C, 0xA42D, 0xBCD0, 0xEED7, 0xEE74, 0xEE73,
    0xF6B5, 0xEE53, 0xF674, 0xEE53, 0xEE53, 0xEDF1, 0xEDF2, 0xEDB0,
    0xE590, 0xE550, 0xED91, 0xE510, 0xE510, 0xED10, 0xECEF, 0xE4AE,
    0xE48E, 0xDC2D, 0xDC2D, 0xD3AB, 0xCBAB, 0xC34A, 0xB287, 0xAA66,
    0xAA46, 0x9A05, 0x99E4, 0x99E4, 0xB329, 0xE5B1, 0xEDD1, 0xE58F,
    0xE54D, 0xE54D, 0xE4E9, 0xDC24, 0xCB62, 0xDBE4, 0xF508, 0xF529,
    0xF508, 0xECE8, 0xF58C, 0xFF15, 0xFF78, 0xFF56, 0xFF35, 0xFF56,
    0xFF35, 0xE5CF, 0xD4EC, 0xABC9, 0x92C6, 0x8A65, 0x8A65, 0x8203,
    0x8224, 0x92A5, 0xC3E7, 0xF60E, 0xFEB1, 0xFEF3, 0xFEF3, 0xFEF2,
    0xFEB1, 0xFDAB, 0xF4A6, 0xFCE7, 0xF486, 0xF445, 0xF466, 0xF486,
    0xEC45, 0xEC25, 0xEC25, 0xEC66, 0xE3E4, 0xE3C4, 0xD343, 0xCB02,
    0xD342, 0xD322, 0xD363, 0xCB43, 0xC2C2, 0xD343, 0xDB83, 0xE383,
    0xDB63, 0xE405, 0xE405, 0xE3E4, 0xDB63, 0xD302, 0xDB83, 0xE3A3,
    0xEBC3, 0xF445, 0xFD07, 0xFDA9, 0xFE2D, 0xFDEC, 0xF4C8, 0xDBA4,
    0xD363, 0xE3E5, 0xDBA4, 0xC2E2, 0xCB02, 0xE3A3, 0xF54A, 0xFE4F,
    0xFDEC, 0xF509, 0xF509, 0xFD6A, 0xFDAB, 0xF508, 0xF54A, 0xE466,
    0xDC89, 0xD637, 0xCE38, 0xCE38, 0xCE58, 0xCE38, 0xCE38, 0xCE38,
    0xCE58, 0xCE58, 0xCE58, 0xCE58, 0xCE58, 0xCE58, 0xD658, 0xCE58,
    0xD658, 0xEE95, 0xFE71, 0xFE4E, 0xFD89, 0xF4C7, 0xEC86, 0xE425,
    0xE404, 0xE424, 0xEC23, 0xFDAB, 0xFE70, 0xFEB2, 0xFED4, 0xFE93,
    0xFE73, 0xFE52, 0xF653, 0xFE53, 0xFEB4, 0xFED6, 0xFEF6, 0xFED5,
    0xF694, 0xF694, 0xF632, 0xF611, 0xF694, 0xF674, 0xFEB5, 0xFED5,
    0xFF16, 0xFF37, 0xFEF5, 0xFED5, 0xFEF6, 0xFF58, 0xFF58, 0xFF79,
    0xFF79, 0xFF9B, 0xFF9B, 0xFFBB, 0xFFDD, 0xFFBD, 0xEEFA, 0xDE99,
    0xCDF7, 0xCDF7, 0xC5D7, 0xC5D6, 0xC5D6, 0xC5D6, 0xC5D7, 0xC5D6,
    0x9C0E, 0xA44F, 0xACB1, 0xB512, 0xBD54, 0xC595, 0xCDB5, 0xCDF6,
    0xD617, 0xD637, 0xD638, 0xD638, 0xD638, 0xD617, 0xD617, 0xCDF6,
    0xCDD6, 0xCDD5, 0xC5B5, 0xC574, 0xBD33, 0xB4D1, 0xAC6F, 0x9C0E,
    0x93AC, 0x8B6B, 0x8B4A, 0x8B6B, 0x8B6B, 0x936B, 0x936B, 0x938B,
    0x938B, 0x93AC, 0x93AC, 0x9BCC, 0x9BCC, 0x9BCC, 0x9BEC, 0x9BEC,
    0xA3EC, 0xA40C, 0xA40C, 0xA40D, 0xAC2D, 0xE676, 0xFF17, 0xEE74,
    0xEE53, 0xF695, 0xF695, 0xF674, 0xEE54, 0xEE33, 0xEE33, 0xEE12,
    0xEDF2, 0xEDB1, 0xE570, 0xDCEF, 0xED51, 0xED30, 0xE4CF, 0xE4AE,
    0xE4CF, 0xE44D, 0xE44E, 0xDBEC, 0xD3AB, 0xCBAB, 0xC329, 0xBB08,
    0xB2C7, 0xA246, 0xA225, 0x99E4, 0xB34A, 0xDD50, 0xE5B1, 0xE5B0,
    0xE58F, 0xE58F, 0xE52C, 0xDC25, 0xDC04, 0xF4A6, 0xF529, 0xECA6,
    0xE404, 0xF56B, 0xFF36, 0xFF78, 0xFF57, 0xFF77, 0xFF55, 0xEE30,
    0xBC29, 0x8A85, 0x69C3, 0x71C3, 0x71C3, 0x6183, 0x69C3, 0x7A04,
    0x6983, 0x4901, 0x5941, 0xA2E4, 0xFE2E, 0xFEF2, 0xFEF2, 0xFED2,
    0xFE90, 0xFDEC, 0xFD28, 0xFCC7, 0xF4A6, 0xF486, 0xFD28, 0xF4A6,
    0xEC04, 0xEBE4, 0xE3A3, 0xDBA3, 0xD302, 0xDB63, 0xDB63, 0xD322,
    0xD322, 0xD322, 0xCB23, 0xC2E2, 0xC303, 0xCB02, 0xDB84, 0xDB83,
    0xE3A4, 0xEC26, 0xEC46, 0xE3A4, 0xDB63, 0xDB83, 0xDB83, 0xE3C4,
    0xEC45, 0xF4E8, 0xFCE7, 0xFD48, 0xFDEB, 0xFE4E, 0xFDAA, 0xEC46,
    0xDB84, 0xDBA4, 0xDBC4, 0xDBA5, 0xD343, 0xD363, 0xEC66, 0xFE4F,
    0xFDEC, 0xEC46, 0xE405, 0xEC25, 0xF4A7, 0xF529, 0xF4C7, 0xECA6,
    0xDCEB, 0xD658, 0xCE38, 0xCE58, 0xCE58, 0xCE58, 0xCE58, 0xCE58,
    0xCE58, 0xCE58, 0xCE58, 0xCE58, 0xD658, 0xD658, 0xCE58, 0xE655,
    0xFE93, 0xFE6F, 0xFE0C, 0xFDEC, 0xFDCA, 0xFD89, 0xF4C6, 0xEC86,
    0xEC86, 0xEC65, 0xF509, 0xFE71, 0xFE71, 0xFE51, 0xF631, 0xF5F0,
    0xF694, 0xF673, 0xF674, 0xF675, 0xF674, 0xF674, 0xF653, 0xEDF1,
    0xEE12, 0xF674, 0xF694, 0xEE33, 0xF653, 0xF652, 0xF653, 0xF694,
    0xF673, 0xFEB4, 0xFF17, 0xFF17, 0xFEB4, 0xFED5, 0xFF37, 0xFF59,
    0xFF58, 0xFF38, 0xFF58, 0xFF9A, 0xFF9B, 0xFFDC, 0xFFDD, 0xEEFA,
    0xCE17, 0xCDF7, 0xC5D7, 0xC5D7, 0xC5D7, 0xC5D7, 0xC5D7, 0xC5D6,
    0x9BEE, 0xA44F, 0xACB1, 0xB512, 0xBD54, 0xC595, 0xCDD6, 0xCDF6,
    0xD617, 0xD637, 0xD638, 0xD638, 0xD638, 0xD617, 0xD617, 0xCDF6,
    0xCDD6, 0xCDD5, 0xC5B5, 0xC574, 0xBD32, 0xB4D1, 0xA44F, 0x9C0D,
    0x93AC, 0x8B6B, 0x8B6B, 0x8B6B, 0x8B6B, 0x936B, 0x938B, 0x938B,
    0x93AB, 0x93AC, 0x9BCC, 0x9BCC, 0x9BCC, 0x9BCC, 0x9BEC, 0x9BEC,
    0xA40C, 0xA40C, 0xA40C, 0xA40D, 0xA42D, 0xD592, 0xFF18, 0xF6B5,
    0xEE74, 0xF6B5, 0xF674, 0xEE53, 0xF674, 0xF694, 0xEE32, 0xF674,
    0xF653, 0xEDD1, 0xE591, 0xE52F, 0xE50F, 0xE4EF, 0xE4CF, 0xE4CF,
    0xE4F0, 0xE4AF, 0xECCF, 0xDC0C, 0xDBEC, 0xD3CB, 0xCB8A, 0xC34A,
    0xC329, 0xB2C7, 0xAA66, 0x9205, 0x9205, 0xB36A, 0xDD50, 0xEDF2,
    0xE58F, 0xDD4E, 0xDD2C, 0xE4C8, 0xECA7, 0xE445, 0xEC24, 0xEC04,
    0xF549, 0xFF14, 0xFF57, 0xFF56, 0xFF56, 0xF692, 0xBC29, 0x8244,
    0x71C3, 0x69C3, 0x69C3, 0x6183, 0x69A3, 0x61A3, 0x5962, 0x5962,
    0x61A3, 0x4901, 0x4901, 0x6161, 0xE56C, 0xFEF2, 0xFED2, 0xFEB1,
    0xFE90, 0xFD8A, 0xFCE6, 0xFD07, 0xFCE7, 0xF4C7, 0xF4A6, 0xF465,
    0xF486, 0xEC04, 0xD302, 0xD322, 0xD322, 0xD342, 0xD301, 0xE3C4,
    0xDB83, 0xCB02, 0xC2C2, 0xC2E2, 0xD364, 0xE3E5, 0xDB84, 0xDBA4,
    0xE426, 0xEC26, 0xDBA4, 0xCB01, 0xDB63, 0xE3A3, 0xEC04, 0xEC45,
    0xF4A7, 0xF4C7, 0xFCC7, 0xFD28, 0xFD89, 0xFE0C, 0xFE0C, 0xF529,
    0xE405, 0xDB83, 0xCB03, 0xDBA4, 0xD363, 0xDB63, 0xE3E4, 0xF54A,
    0xFE4E, 0xF529, 0xE3E4, 0xE425, 0xE404, 0xEC86, 0xF508, 0xF4C7,
    0xE52C, 0xD638, 0xCE58, 0xCE58, 0xCE58, 0xCE58, 0xCE58, 0xCE58,
    0xCE58, 0xCE58, 0xCE58, 0xCE59, 0xD658, 0xE615, 0xEE13, 0xFE2F,
    0xFE2D, 0xFDCA, 0xFDCA, 0xFDCA, 0xFDCA, 0xFD89, 0xFD68, 0xFD49,
    0xF56A, 0xF58C, 0xF610, 0xF630, 0xF5F0, 0xF5F0, 0xF632, 0xFEB5,
    0xF674, 0xF694, 0xF6D6, 0xF6D6, 0xF695, 0xEDF1, 0xEE12, 0xEE33,
    0xEDD1, 0xEDD1, 0xEDF1, 0xEDD1, 0xE5D0, 0xEDD0, 0xED8F, 0xEDD0,
    0xEE11, 0xEDF0, 0xF674, 0xFEB5, 0xFEB5, 0xFEB4, 0xFED5, 0xFEF6,
    0xFED5, 0xFEF6, 0xFF17, 0xFF17, 0xFF38, 0xFF59, 0xFFBC, 0xF73A,
    0xD658, 0xCDF7, 0xC5D7, 0xC5D7, 0xC5D7, 0xC5D7, 0xC5D7, 0xC5B6,
    0x93CD, 0xA42F, 0xACB1, 0xB4F2, 0xBD53, 0xC595, 0xCDD6, 0xCDF6,
    0xD617, 0xD637, 0xD638, 0xD638, 0xD638, 0xD637, 0xD617, 0xD5F7,
    0xCDF6, 0xCDD6, 0xC595, 0xC574, 0xBD12, 0xB4B1, 0xA44F, 0x9BED,
    0x93AC, 0x8B6B, 0x8B6B, 0x8B6B, 0x938B, 0x938B, 0x938B, 0x938B,
    0x93AC, 0x93AC, 0x9BCC, 0x9BCC, 0x9BCC, 0x9BEC, 0x9BED, 0xA40D,
    0xA40D, 0xA40D, 0xA40D, 0xA40D, 0xA42D, 0xAC4D, 0xD5B2, 0xFF17,
    0xEE52, 0xE5D0, 0xEE53, 0xF6B5, 0xF6B5, 0xF695, 0xF694, 0xF695,
    0xF653, 0xEDF2, 0xEDF2, 0xEDB1, 0xE54F, 0xE4EF, 0xE4EF, 0xE4EF,
    0xED30, 0xED10, 0xECEF, 0xDC2D, 0xDC4D, 0xDC0C, 0xD3CB, 0xCBAB,
    0xCB6A, 0xBB09, 0xB2A7, 0x9A26, 0x8183, 0x9205, 0xBB8A, 0xDD50,
    0xDD6F, 0xDD4E, 0xE54D, 0xECE9, 0xE465, 0xEC66, 0xF4A7, 0xF485,
    0xFE2F, 0xFF36, 0xFF15, 0xFF55, 0xFE92, 0x9B07, 0x69A3, 0x69C3,
    0x69C3, 0x5962, 0x5942, 0x5962, 0x5142, 0x4901, 0x4921, 0x5142,
    0x5962, 0x4901, 0x40E1, 0x5141, 0xE54C, 0xFED2, 0xFED3, 0xFEB1,
    0xFE91, 0xFD8A, 0xF4A5, 0xF485, 0xF4C6, 0xF486, 0xF4C7, 0xF4A7,
    0xEC25, 0xEBE3, 0xEBE4, 0xEC05, 0xE3E4, 0xD363, 0xDBA4, 0xF4A8,
    0xDB83, 0xD363, 0xCB23, 0xD364, 0xC2E2, 0xE3E4, 0xDB84, 0xDBA4,
    0xD323, 0xD343, 0xCAE2, 0xCB02, 0xD342, 0xDBA3, 0xDB63, 0xD342,
    0xE3E4, 0xEC66, 0xF486, 0xF4A7, 0xFCA6, 0xFD07, 0xFDEC, 0xFE2E,
    0xF58B, 0xECC8, 0xE467, 0xED2B, 0xED6C, 0xF5AE, 0xF50A, 0xFDAC,
    0xFE90, 0xF5CC, 0xE3E5, 0xE3E5, 0xEC26, 0xE405, 0xEC46, 0xF4E7,
    0xEDAF, 0xD658, 0xCE58, 0xCE58, 0xD659, 0xCE59, 0xD659, 0xCE59,
    0xCE58, 0xCE58, 0xCE59, 0xDE15, 0xE5F3, 0xF5CD, 0xFDAA, 0xFD48,
    0xFD27, 0xFD27, 0xFD47, 0xFD68, 0xFD88, 0xFD88, 0xFDA9, 0xF528,
    0xF5EE, 0xF631, 0xF652, 0xF694, 0xF694, 0xFEB5, 0xFEB5, 0xF695,
    0xF695, 0xF695, 0xEE53, 0xE5D1, 0xEE12, 0xE5D1, 0xE56F, 0xE5D1,
    0xE5D1, 0xE5D1, 0xE5D1, 0xE56F, 0xE58F, 0xE5B0, 0xE56F, 0xE56F,
    0xEDD1, 0xE5B0, 0xEDD0, 0xEDF1, 0xEDAF, 0xEDAF, 0xF632, 0xFE94,
    0xFE94, 0xFE73, 0xFEB4, 0xFF17, 0xFF37, 0xFF59, 0xFF9B, 0xFF9C,
    0xDE78, 0xCDF7, 0xC5D7, 0xC5D7, 0xC5D6, 0xC5D7, 0xC5D6, 0xC5B6,
    0x93AD, 0x9C2F, 0xAC91, 0xB4F2, 0xBD33, 0xC574, 0xCDB5, 0xCDF6,
    0xD617, 0xD637, 0xD638, 0xD638, 0xD638, 0xD637, 0xD617, 0xD617,
    0xCDF6, 0xCDD6, 0xC595, 0xC554, 0xBD12, 0xACB1, 0xA44F, 0x9BED,
    0x938B, 0x8B6B, 0x8B6B, 0x8B6B, 0x938B, 0x938B, 0x938B, 0x938B,
    0x93AC, 0x93AC, 0x9BCC, 0x9BCC, 0x9BEC, 0x9BED, 0x9C0D, 0xA40D,
    0xA40D, 0xA40D, 0xA40D, 0xA42D, 0xA42D, 0xAC6E, 0xBCCF, 0xDDD3,
    0xF6D6, 0xEE53, 0xF6B5, 0xF6D6, 0xF6D6, 0xF6B5, 0xF6B5, 0xF6B5,
    0xF694, 0xF653, 0xF653, 0xEDB1, 0xEDD1, 0xE570, 0xE4EF, 0xE4CE,
    0xE510, 0xED30, 0xE4AE, 0xDC6D, 0xE48E, 0xE44D, 0xDC4D, 0xDC0C,
    0xD3EC, 0xC36A, 0xC36A, 0xB2C8, 0xA267, 0x9A26, 0x9225, 0xBBEB,
    0xDD6F, 0xE56F, 0xED2B, 0xF4E7, 0xF4C7, 0xF508, 0xEC86, 0xED0A,
    0xFF56, 0xFF36, 0xFF35, 0xF691, 0x8AC6, 0x69C4, 0x61A3, 0x40E1,
    0x40C0, 0x40A0, 0x38A0, 0x38A0, 0x48E0, 0x40C0, 0x40C0, 0x3880,
    0x38A0, 0x5121, 0x40C0, 0x69E2, 0xED6B, 0xFEB2, 0xFEF3, 0xFED3,
    0xFEB1, 0xFDCB, 0xFD07, 0xF486, 0xF465, 0xF424, 0xF4A6, 0xF445,
    0xF445, 0xF445, 0xEC25, 0xEBE4, 0xEC04, 0xE3C4, 0xDBA4, 0xD343,
    0xEBE4, 0xE3E4, 0xDBA4, 0xD384, 0xC2A1, 0xE3C4, 0xDB83, 0xD343,
    0xE3C4, 0xD343, 0xBA61, 0xC2C1, 0xCAE2, 0xD363, 0xD322, 0xE3E5,
    0xEC46, 0xEC46, 0xEC05, 0xEC87, 0xF4A7, 0xF4A6, 0xFD28, 0xFDEB,
    0xFEB0, 0xFF14, 0xFF56, 0xFF57, 0xFF57, 0xFF58, 0xFF57, 0xFF36,
    0xFF14, 0xFEB1, 0xECE9, 0xE3C4, 0xE3E4, 0xEC25, 0xEC25, 0xEC66,
    0xF52A, 0xDE16, 0xCE59, 0xD658, 0xD659, 0xD659, 0xD659, 0xD659,
    0xCE59, 0xCE79, 0xDE14, 0xF52A, 0xFD49, 0xFD48, 0xF4C6, 0xF485,
    0xF485, 0xF4C6, 0xF4E6, 0xFD48, 0xFD68, 0xFD89, 0xFD8A, 0xFE0F,
    0xFE73, 0xFE73, 0xFEB4, 0xF6B5, 0xF695, 0xEE12, 0xEE33, 0xF654,
    0xEE13, 0xE5B1, 0xE5D1, 0xDD4F, 0xDD4E, 0xDD4F, 0xDD0E, 0xDD2E,
    0xE590, 0xDD4E, 0xDD4F, 0xDD4E, 0xDD0D, 0xDD2E, 0xE58F, 0xE56F,
    0xDD6F, 0xDD4E, 0xE58F, 0xE58E, 0xE5B0, 0xE56E, 0xE58F, 0xF632,
    0xF632, 0xF673, 0xFEF6, 0xFF17, 0xFF17, 0xFF17, 0xFF7A, 0xFF9B,
    0xD638, 0xC5D7, 0xC5D7, 0xC5D7, 0xC5D7, 0xC5D7, 0xC5D6, 0xC5B6,
    0x93AD, 0x9C0E, 0xAC90, 0xB4F2, 0xBD33, 0xC574, 0xCDB5, 0xCDF6,
    0xD617, 0xD637, 0xD638, 0xD638, 0xD638, 0xD637, 0xD617, 0xD617,
    0xCDF6, 0xCDD6, 0xC595, 0xBD53, 0xB512, 0xACB0, 0xA44E, 0x9BED,
    0x938B, 0x8B6A, 0x8B6B, 0x936B, 0x938B, 0x938B, 0x938B, 0x93AB,
    0x93AC, 0x93AC, 0x9BCC, 0x9BCC, 0x9BEC, 0x9BED, 0x9C0D, 0xA40D,
    0xA40D, 0xA40D, 0xA42D, 0xA42D, 0xA42D, 0xAC4D, 0xB4AE, 0xBCCF,
    0xEE96, 0xF695, 0xEE95, 0xEE95, 0xF674, 0xF6D6, 0xF6D6, 0xF6D6,
    0xF694, 0xF694, 0xF653, 0xF612, 0xF612, 0xED90, 0xE590, 0xEDB2,
    0xED50, 0xED50, 0xE4AE, 0xED10, 0xECEF, 0xE4AF, 0xE48E, 0xE46E,
    0xDC2D, 0xD3EC, 0xCBAB, 0xBB09, 0xAA87, 0xA246, 0x9A25, 0x8A05,
    0xBBEB, 0xE54D, 0xF52A, 0xF4E8, 0xF508, 0xF4C7, 0xECC8, 0xFF15,
    0xFF56, 0xFF35, 0xFEF3, 0x9B47, 0x5142, 0x4922, 0x3080, 0x38C0,
    0x6161, 0x7A02, 0x8A63, 0x9AE4, 0xAB45, 0xAB45, 0x9AC4, 0x8A84,
    0x69C2, 0x71C2, 0x9283, 0xD489, 0xFE4F, 0xFE91, 0xFED2, 0xFEF3,
    0xFEB2, 0xFE0D, 0xFCC6, 0xF445, 0xF424, 0xF465, 0xF445, 0xF465,
    0xF465, 0xEC25, 0xE3C4, 0xDB83, 0xE3E4, 0xD302, 0xE3C5, 0xDBA4,
    0xE3C4, 0xEC46, 0xF487, 0xCB03, 0xAA21, 0xDB63, 0xDB62, 0xEBE5,
    0xE3C4, 0xEC66, 0xE405, 0xCB02, 0xCB02, 0xE3A4, 0xDB63, 0xD323,
    0xE405, 0xEC25, 0xE3A4, 0xEC25, 0xF4C8, 0xF486, 0xFCA6, 0xFDCA,
    0xFED1, 0xFF56, 0xFF57, 0xFF57, 0xFF57, 0xFF78, 0xFF78, 0xFF77,
    0xFF57, 0xFF57, 0xFF15, 0xFE0F, 0xF4E9, 0xEC46, 0xEC25, 0xF4E9,
    0xFD29, 0xF58E, 0xD658, 0xD659, 0xD659, 0xD659, 0xD658, 0xCE59,
    0xD657, 0xEDB0, 0xECA7, 0xF4C6, 0xF508, 0xF4A5, 0xEC43, 0xE423,
    0xF4A5, 0xF4E6, 0xF4A5, 0xF484, 0xF4E6, 0xF528, 0xF5EE, 0xF652,
    0xF673, 0xF694, 0xF674, 0xF674, 0xF695, 0xEE74, 0xEE12, 0xE590,
    0xE590, 0xE590, 0xD50E, 0xD4EE, 0xCCAC, 0xD4AC, 0xD4AC, 0xCC8C,
    0xD4ED, 0xD4CD, 0xD4CC, 0xD4CC, 0xD4ED, 0xD4CD, 0xD50D, 0xD4ED,
    0xD4ED, 0xD50D, 0xDD2D, 0xDD2D, 0xE58F, 0xDD4E, 0xDD2D, 0xE58F,
    0xEDAF, 0xF674, 0xFED5, 0xFF17, 0xFEB5, 0xFED5, 0xFF38, 0xFF9C,
    0xE6B9, 0xC5F7, 0xC5D7, 0xC5D7, 0xC5D7, 0xC5D7, 0xC5D7, 0xC5D6,
    0x93AC, 0x9C0E, 0xAC70, 0xB4D2, 0xBD33, 0xC574, 0xCDB5, 0xCDF6,
    0xD617, 0xD637, 0xD638, 0xD638, 0xD637, 0xD637, 0xD617, 0xD5F7,
    0xCDF6, 0xCDD6, 0xC595, 0xBD53, 0xB4F2, 0xAC90, 0xA42E, 0x9BCC,
    0x8B6B, 0x8B6A, 0x8B6B, 0x936B, 0x938B, 0x938B, 0x93AC, 0x93AC,
    0x93AC, 0x9BCC, 0x9BCC, 0x9BCC, 0x9BEC, 0x9BED, 0xA3ED, 0xA40D,
    0xA40D, 0xA40D, 0xA40D, 0xA42D, 0xA42D, 0xA42D, 0xAC4D, 0xAC6E,
    0xC531, 0xEEB6, 0xEE74, 0xEE33, 0xF6D6, 0xF6B5, 0xF6B5, 0xF6B5,
    0xF6B5, 0xF694, 0xF653, 0xF673, 0xEDF1, 0xEDF1, 0xEE33, 0xEE12,
    0xEDB1, 0xEDB2, 0xE530, 0xED30, 0xED30, 0xED51, 0xE4CF, 0xE4CF,
    0xE48E, 0xDC4D, 0xD40C, 0xCB8A, 0xBB08, 0xAAA7, 0xA266, 0x91E5,
    0xAB28, 0xF56B, 0xF4C7, 0xF508, 0xFD6A, 0xF4C7, 0xFE71, 0xFF56,
    0xFF35, 0xFF34, 0xABE9, 0x48E0, 0x38C1, 0x4901, 0x7A63, 0xBC07,
    0xDCEA, 0xED4A, 0xF58B, 0xF58B, 0xF58B, 0xF56A, 0xF56A, 0xF549,
    0xE4E8, 0xE4E8, 0xFDCC, 0xFE2E, 0xFE91, 0xFED3, 0xFED2, 0xFEF3,
    0xFED2, 0xFDEC, 0xF485, 0xEC45, 0xF486, 0xF486, 0xEC03, 0xF465,
    0xEC45, 0xE383, 0xEBE4, 0xEC25, 0xE3E4, 0xE3E4, 0xEC46, 0xEC05,
    0xE3C4, 0xE3C4, 0xE3C5, 0xCB23, 0xC2C2, 0xD343, 0xE3E4, 0xEC25,
    0xE3C4, 0xEC05, 0xE405, 0xDB63, 0xD343, 0xE3C4, 0xE3E4, 0xEC04,
    0xEC46, 0xEC05, 0xDB83, 0xE3C4, 0xEC25, 0xEC25, 0xFCC6, 0xFDEB,
    0xFF14, 0xFF56, 0xFF57, 0xFF57, 0xFF77, 0xFF78, 0xFF78, 0xFF78,
    0xFF77, 0xFF57, 0xFF57, 0xFF57, 0xFEF4, 0xF56B, 0xF466, 0xF4E8,
    0xFDED, 0xFD8A, 0xEDAF, 0xD658, 0xD659, 0xD679, 0xD659, 0xDE36,
    0xED6C, 0xEC85, 0xECA6, 0xF528, 0xEC85, 0xEC23, 0xE3E2, 0xE403,
    0xF484, 0xEC85, 0xE3E2, 0xE3E2, 0xEC84, 0xF52A, 0xF611, 0xF611,
    0xF611, 0xF632, 0xF6B5, 0xF6B6, 0xEE54, 0xEE54, 0xEDF2, 0xDD70,
    0xD50E, 0xD4EE, 0xCCAD, 0xC40B, 0xC3EA, 0xC40A, 0xBB88, 0xC3EA,
    0xC40A, 0xBBA9, 0xBBC9, 0xC40A, 0xC42A, 0xBC0A, 0xC42A, 0xCC6B,
    0xBBE9, 0xCC6B, 0xCC6A, 0xCC4A, 0xD4AB, 0xDD2D, 0xDD6E, 0xE56E,
    0xEDF1, 0xF653, 0xF632, 0xF674, 0xF694, 0xFEF6, 0xFF38, 0xFF7B,
    0xDE79, 0xC5F7, 0xC5D7, 0xC5D7, 0xC5D7, 0xC5D7, 0xC5D7, 0xC5D7,
    0x938C, 0x9BEE, 0xA46F, 0xB4D1, 0xBD33, 0xC554, 0xC595, 0xCDD6,
    0xD617, 0xD637, 0xD638, 0xD638, 0xD637, 0xD637, 0xD617, 0xD617,
    0xCDF6, 0xCDB5, 0xC594, 0xBD53, 0xB4F2, 0xAC90, 0xA42E, 0x93CC,
    0x936B, 0x8B4A, 0x8B6B, 0x936B, 0x938B, 0x938B, 0x93AC, 0x93AC,
    0x9BAC, 0x9BCC, 0x9BCC, 0x9BEC, 0x9BED, 0x9BED, 0xA40D, 0xA40D,
    0xA40D, 0xA40D, 0xA40D, 0xA42D, 0xA42D, 0xA42D, 0xAC4D, 0xAC4D,
    0xAC6E, 0xC530, 0xEE75, 0xF6D6, 0xEE73, 0xF674, 0xF6F6, 0xF6F7,
    0xF6D6, 0xF653, 0xF673, 0xF653, 0xEE11, 0xF653, 0xF612, 0xEDF2,
    0xF633, 0xF612, 0xF5F2, 0xEDB2, 0xF5B2, 0xF5D2, 0xED71, 0xED91,
    0xED71, 0xED91, 0xED71, 0xE50F, 0xDCAE, 0xCC0C, 0xB328, 0xAAC7,
    0xE4EB, 0xFD6A, 0xF528, 0xFDAA, 0xFD27, 0xFDED, 0xFF77, 0xFF15,
    0xFF34, 0xDD0B, 0x5920, 0x6182, 0xA366, 0xDCE9, 0xF5AB, 0xFE0D,
    0xFDED, 0xF5ED, 0xF5CC, 0xF5AC, 0xF58B, 0xF58B, 0xF58A, 0xF58A,
    0xF58A, 0xF58A, 0xFDEC, 0xFE4F, 0xFE91, 0xFF15, 0xFF14, 0xFEF3,
    0xFED2, 0xFDAA, 0xF444, 0xEC45, 0xF465, 0xEC04, 0xEC24, 0xF424,
    0xEC45, 0xF445, 0xEC87, 0xEC25, 0xE3C4, 0xEC25, 0xE3C4, 0xE3C4,
    0xEC46, 0xDBC4, 0xD363, 0xCB03, 0xDB64, 0xD343, 0xE3C4, 0xEC25,
    0xE3C4, 0xDB63, 0xDB63, 0xDB63, 0xDB83, 0xE3E4, 0xEC25, 0xE3A4,
    0xEBE4, 0xEC66, 0xEC25, 0xEC05, 0xF466, 0xEC24, 0xFCE7, 0xFE90,
    0xFF14, 0xFF35, 0xFF36, 0xFF56, 0xFF77, 0xFF57, 0xFF56, 0xFF36,
    0xFF14, 0xFF35, 0xFF36, 0xFF36, 0xFF36, 0xFEB2, 0xFE0E, 0xFD8A,
    0xFDCC, 0xFD8B, 0xF4A7, 0xE5B1, 0xD679, 0xDE36, 0xE590, 0xECA7,
    0xE424, 0xEC85, 0xF4C6, 0xF485, 0xEC44, 0xE403, 0xE3E2, 0xE3E2,
    0xE402, 0xDBC1, 0xE3C1, 0xEC23, 0xF4E7, 0xF5EF, 0xF611, 0xF611,
    0xF653, 0xF653, 0xEE53, 0xEE54, 0xE5F2, 0xDD70, 0xDD50, 0xD4CD,
    0xBBAA, 0xAB07, 0xAB07, 0xA2A6, 0xA286, 0xA2A6, 0xA286, 0xAAE7,
    0xAB08, 0xAB28, 0xAAE7, 0xAB27, 0xAB27, 0xB368, 0xB3A9, 0xBBEA,
    0xC42B, 0xC42A, 0xCC6B, 0xCC4A, 0xCC6A, 0xD4EC, 0xE5B0, 0xE5D0,
    0xEDD0, 0xEE12, 0xEDF1, 0xF632, 0xF694, 0xF653, 0xFEF7, 0xF73A,
    0xCE18, 0xCDF7, 0xC5D7, 0xC5D7, 0xC5D7, 0xC5D7, 0xC5D7, 0xC5D7,
    0x9BAC, 0xA3ED, 0xAC4F, 0xB4B1, 0xBD12, 0xC553, 0xC594, 0xCDD6,
    0xD5F6, 0xD617, 0xD637, 0xD637, 0xD617, 0xD617, 0xD617, 0xD5F6,
    0xCDD6, 0xCDB5, 0xC574, 0xBD33, 0xB4D1, 0xA46F, 0xA40E, 0x9BAC,
    0x936B, 0x8B6A, 0x8B6B, 0x936B, 0x938B, 0x938B, 0x93AC, 0x9BAC,
    0x9BCC, 0x9BCC, 0x9BCC, 0x9BCC, 0x9BEC, 0x9BED, 0x9BED, 0xA40D,
    0xA40D, 0xA40D, 0xA42D, 0xA42D, 0xA42D, 0xA42D, 0xA44D, 0xAC4D,
    0xAC4D, 0xB48E, 0xCD51, 0xEE95, 0xF674, 0xEE74, 0xF6B5, 0xF694,
    0xF695, 0xF6B5, 0xF6B5, 0xF673, 0xF694, 0xF694, 0xF612, 0xF612,
    0xF653, 0xF633, 0xF612, 0xF613, 0xF612, 0xF5F2, 0xEDD2, 0xF5F2,
    0xF5F2, 0xEDF2, 0xEE13, 0xEDF2, 0xE5B2, 0xE591, 0xD4CE, 0xDC6A,
    0xFDCD, 0xFD49, 0xFDEC, 0xFE0C, 0xFDAA, 0xFEF3, 0xFF35, 0xFED3,
    0xFE6F, 0xC3E6, 0xABA7, 0xED8C, 0xFE6F, 0xFE4F, 0xFE2F, 0xFE4F,
    0xFE0D, 0xFDEC, 0xFDEC, 0xFDCB, 0xF58B, 0xF58A, 0xFDAA, 0xFD8A,
    0xFDAB, 0xFDAA, 0xFDCB, 0xFE4E, 0xFE90, 0xFED2, 0xFEF3, 0xFEF4,
    0xFEB1, 0xFD8A, 0xEC24, 0xEC24, 0xEC45, 0xEC04, 0xEC45, 0xF465,
    0xEC24, 0xF485, 0xF466, 0xEC05, 0xE3E4, 0xEC04, 0xDB83, 0xE3C4,
    0xE405, 0xDBA4, 0xCB23, 0xBA81, 0xDB84, 0xDB84, 0xDB63, 0xDB83,
    0xDB63, 0xE3C4, 0xDB83, 0xDB83, 0xDB63, 0xE383, 0xE3A3, 0xE3C4,
    0xEC05, 0xE3E5, 0xE3E4, 0xEC25, 0xEC25, 0xEC24, 0xFD6A, 0xFF14,
    0xFF36, 0xFF35, 0xFF58, 0xFF78, 0xFF57, 0xFF14, 0xFEF4, 0xFEF3,
    0xFF13, 0xFF14, 0xFF14, 0xFF36, 0xFF36, 0xFF36, 0xFF36, 0xFEB2,
    0xFE0E, 0xF509, 0xEC87, 0xECC9, 0xE52C, 0xE446, 0xE404, 0xE424,
    0xF4E7, 0xF4C6, 0xF4A5, 0xEC64, 0xE3C2, 0xDBA1, 0xDB81, 0xDB81,
    0xDB81, 0xDBA1, 0xDBC2, 0xE444, 0xED8C, 0xEDF0, 0xEDAF, 0xEDF1,
    0xEE12, 0xEE12, 0xEDF2, 0xE5B1, 0xDD4F, 0xCC8C, 0xB369, 0xAB07,
    0xA2A6, 0x91E4, 0x91E4, 0x9A25, 0x9A45, 0xA286, 0xA286, 0xA2A6,
    0xA2C7, 0xAAE7, 0xB328, 0xB348, 0xBB89, 0xC3EA, 0xC42B, 0xC44C,
    0xCCAD, 0xCCAC, 0xD4AC, 0xDD0E, 0xDD2E, 0xE58F, 0xE5B0, 0xEDB0,
    0xEE12, 0xF674, 0xF653, 0xF695, 0xF694, 0xF674, 0xFF38, 0xF71A,
    0xD638, 0xC5D7, 0xC5D7, 0xC5D7, 0xC5D7, 0xC5D7, 0xC5D7, 0xC5D7,
    0xA3CB, 0xAC0D, 0xB46E, 0xB4B0, 0xBCF1, 0xC532, 0xC573, 0xCDB4,
    0xD5D5, 0xD5F6, 0xD5F6, 0xD616, 0xD5F6, 0xD5F6, 0xD5F6, 0xCDD6,
    0xCDB5, 0xCD94, 0xC553, 0xBD12, 0xB4B0, 0xAC6F, 0xA40D, 0x9BAC,
    0x936A, 0x936A, 0x936B, 0x938B, 0x938B, 0x93AB, 0x93AC, 0x9BCC,
    0x9BCC, 0x9BCC, 0x9BCC, 0x9BCC, 0x9BED, 0x9BED, 0xA3ED, 0xA40D,
    0xA40D, 0xA42D, 0xA42D, 0xA42D, 0xA42D, 0xA42D, 0xA42D, 0xA42D,
    0xA42D, 0xAC4D, 0xAC6E, 0xBCEF, 0xEE75, 0xF6B5, 0xEE32, 0xEE74,
    0xF6D6, 0xF6B5, 0xF6B5, 0xFEF7, 0xFF17, 0xF695, 0xF632, 0xF694,
    0xF632, 0xF633, 0xF654, 0xF633, 0xF633, 0xF612, 0xEDF1, 0xEDD1,
    0xEE33, 0xEDF2, 0xEE12, 0xEDF2, 0xE5D1, 0xE5B1, 0xE56F, 0xF58C,
    0xFDED, 0xFDCC, 0xFEB0, 0xFE2D, 0xFEB1, 0xFF35, 0xFEB0, 0xFE0D,
    0xFDEC, 0xFE0D, 0xFED0, 0xFE90, 0xFE4F, 0xFE4F, 0xFE4F, 0xFE2E,
    0xFE2E, 0xFDCC, 0xFDAB, 0xFDAB, 0xFDAB, 0xF58A, 0xFD8A, 0xFDAA,
    0xFDCB, 0xFDEB, 0xFDEC, 0xFE4E, 0xFEB2, 0xFED3, 0xFED2, 0xFED3,
    0xFEB2, 0xFDEC, 0xF465, 0xE3C3, 0xEC04, 0xF486, 0xE3E4, 0xEC25,
    0xF445, 0xE3A3, 0xF465, 0xF4A7, 0xF445, 0xE3A3, 0xE3C4, 0xDBA4,
    0xDBA3, 0xDB84, 0xDB84, 0xCB02, 0xEC05, 0xE3E5, 0xD322, 0xD363,
    0xEC46, 0xE3E4, 0xE3C4, 0xDB63, 0xEBE4, 0xEC25, 0xE3C4, 0xE383,
    0xE3C4, 0xDB83, 0xDB83, 0xDB83, 0xEC45, 0xF465, 0xFE4F, 0xFF14,
    0xFF35, 0xFF57, 0xFF57, 0xFF56, 0xFF35, 0xFE2F, 0xED8D, 0xE54C,
    0xED8C, 0xFE90, 0xFF14, 0xFF14, 0xFF15, 0xFF36, 0xFF36, 0xFF15,
    0xFE0E, 0xEC66, 0xEC66, 0xEC87, 0xE425, 0xD3A3, 0xE404, 0xF4E7,
    0xF4C6, 0xEC44, 0xEC43, 0xEC02, 0xDB81, 0xD361, 0xCB20, 0xCB21,
    0xD340, 0xDB81, 0xDBA2, 0xE466, 0xED8E, 0xEDF1, 0xEE32, 0xEE53,
    0xE5F2, 0xDD2E, 0xD4AD, 0xCC8D, 0xBBCA, 0xAB28, 0x9A25, 0x91E4,
    0x9A25, 0x9A45, 0x9A25, 0x9A25, 0x9A45, 0xA266, 0xA286, 0xAAE7,
    0xAAE8, 0xB328, 0xC3AA, 0xC3CA, 0xC3EB, 0xCC6C, 0xD4AD, 0xCC8D,
    0xD4CE, 0xDD0E, 0xDD0E, 0xDD2E, 0xE590, 0xE5B0, 0xE5B0, 0xEE33,
    0xF654, 0xEE33, 0xEE32, 0xF653, 0xF653, 0xF6B5, 0xFF7A, 0xDE99,
    0xC5D7, 0xC5D7, 0xC5D7, 0xC5D7, 0xC5D7, 0xC5D7, 0xC5D7, 0xC5D7,
    0xABEB, 0xB42C, 0xB46D, 0xBCAF, 0xBCF0, 0xC511, 0xC552, 0xCD73,
    0xCD94, 0xD5B4, 0xD5D5, 0xD5D5, 0xD5D5, 0xCDD5, 0xCDB5, 0xCDB4,
    0xCD94, 0xC573, 0xC532, 0xBCF1, 0xB4AF, 0xAC4E, 0xA40C, 0x9BCB,
    0x9B8A, 0x938A, 0x9B8A, 0x9B8B, 0x9BAB, 0x9BAB, 0x9BCB, 0x9BCC,
    0x9BCC, 0x9BEC, 0x9BEC, 0x9BEC, 0x9BEC, 0xA3EC, 0xA40D, 0xA40D,
    0xA40D, 0xA42D, 0xA42D, 0xA42D, 0xA42D, 0xA42D, 0xA42D, 0xAC2D,
    0xAC2D, 0xAC4D, 0xAC4D, 0xAC6E, 0xD591, 0xF6B5, 0xF674, 0xEE53,
    0xEE52, 0xEE53, 0xF6B5, 0xFEF7, 0xF6D6, 0xEE32, 0xF694, 0xF6B5,
    0xF652, 0xEDF1, 0xF653, 0xEE12, 0xEDF0, 0xEE11, 0xEDF1, 0xEDD0,
    0xEDD0, 0xEDD0, 0xEDD0, 0xEDD0, 0xE5AF, 0xE58F, 0xED6C, 0xFEB2,
    0xFE2E, 0xFE6F, 0xFE90, 0xFEB0, 0xFF14, 0xFEB0, 0xFDEB, 0xFE2D,
    0xFE4E, 0xFE90, 0xFE6F, 0xFE4E, 0xFE2E, 0xFE2D, 0xFE0D, 0xFE0D,
    0xFDEC, 0xFDEC, 0xFDCB, 0xFDAB, 0xFDAB, 0xF5AB, 0xFDAB, 0xFDCB,
    0xFDEC, 0xFE0C, 0xFE0C, 0xFE2D, 0xFEB2, 0xFED2, 0xFEF3, 0xFED3,
    0xFED2, 0xFDCC, 0xEC24, 0xE3E4, 0xE3C3, 0xEC04, 0xDB42, 0xEC04,
    0xEC25, 0xF486, 0xF4A7, 0xEC24, 0xE3C3, 0xE3A3, 0xE3E4, 0xE3C4,
    0xEC25, 0xEC46, 0xDB83, 0xDBA4, 0xE3E4, 0xE3A4, 0xDBC4, 0xDBC4,
    0xDBA4, 0xE3E4, 0xE3E4, 0xDBA4, 0xE3C4, 0xEC04, 0xEC24, 0xEC25,
    0xEC26, 0xE3E5, 0xEC05, 0xDBC4, 0xEC25, 0xFD28, 0xFE91, 0xFF14,
    0xFF36, 0xFF57, 0xFF14, 0xFEF3, 0xEE10, 0x9AC5, 0x8203, 0x71C3,
    0x9AA5, 0xCC29, 0xE56D, 0xFEB1, 0xFF14, 0xFEF4, 0xFF15, 0xFF15,
    0xFED3, 0xECE8, 0xE425, 0xECC8, 0xECC8, 0xDBE4, 0xDBE4, 0xEC65,
    0xEC65, 0xEC44, 0xE3E2, 0xE3A1, 0xDB81, 0xCB00, 0xC300, 0xCB00,
    0xD361, 0xDBA1, 0xDC05, 0xED8E, 0xEE32, 0xEE33, 0xF694, 0xF695,
    0xEE75, 0xE5F2, 0xD4AD, 0xB369, 0x9A45, 0x89A3, 0x89A3, 0x91E4,
    0x9A25, 0x9A25, 0x9A25, 0x9A25, 0x9A25, 0xA286, 0xAAA7, 0xB2E8,
    0xBB69, 0xC38A, 0xC3CB, 0xCBEB, 0xD48D, 0xDCCE, 0xDCEE, 0xDD0F,
    0xDD0F, 0xDD4F, 0xDD2F, 0xE570, 0xEDD1, 0xE54E, 0xEDF1, 0xF654,
    0xF653, 0xEE32, 0xEE33, 0xEE11, 0xEE12, 0xF6D6, 0xFF5A, 0xDE78,
    0xC5D7, 0xC5D7, 0xC5D7, 0xC5D6, 0xC5D7, 0xC5D7, 0xC5D7, 0xC5D7,
    0xB40A, 0xBC2B, 0xBC4C, 0xBC8E, 0xC4CF, 0xC4F0, 0xCD31, 0xCD52,
    0xCD72, 0xCD93, 0xD593, 0xCD93, 0xCD93, 0xCD93, 0xCD93, 0xCD72,
    0xCD52, 0xC531, 0xC4F0, 0xBCCF, 0xB48E, 0xB44D, 0xAC0C, 0xABCB,
    0xA3AA, 0xA3AA, 0xA3AA, 0xA3AA, 0xA3CB, 0xA3CB, 0xA3CB, 0xA3EB,
    0xA3EC, 0xA3EC, 0xA3EC, 0xA3EC, 0xA3EC, 0xA40C, 0xA40C, 0xA40C,
    0xA40C, 0xA40C, 0xA42D, 0xAC2D, 0xAC2D, 0xAC2D, 0xAC2D, 0xAC2D,
    0xAC2D, 0xAC2D, 0xAC4D, 0xAC4D, 0xB4AF, 0xCD50, 0xE654, 0xF6B5,
    0xEE53, 0xEE74, 0xF6B5, 0xF6B5, 0xEE53, 0xF694, 0xF6F6, 0xF6D6,
    0xF694, 0xEE12, 0xEDF1, 0xEE32, 0xEE12, 0xEDF0, 0xEE11, 0xEE11,
    0xEDD0, 0xE58E, 0xE58F, 0xE58F, 0xE56E, 0xE52C, 0xF630, 0xFF35,
    0xFEB1, 0xFE90, 0xFDAA, 0xFE91, 0xFEF2, 0xFE4E, 0xFE2E, 0xFE90,
    0xFE6F, 0xFE6E, 0xFE4E, 0xFE4E, 0xFE0C, 0xFDCC, 0xFDEC, 0xFDEC,
    0xFDCB, 0xFDAB, 0xFDCB, 0xFDCB, 0xF5AB, 0xF58A, 0xFD8A, 0xFDAB,
    0xFDEB, 0xFDEC, 0xFE0C, 0xFE4E, 0xFEB2, 0xFEB2, 0xFEF3, 0xFED3,
    0xFEB1, 0xFDCB, 0xEC24, 0xE383, 0xE3C3, 0xE3A3, 0xD322, 0xE3C4,
    0xF4A7, 0xF486, 0xEC45, 0xF465, 0xEC04, 0xEC25, 0xEC25, 0xEC05,
    0xE3C4, 0xE3C4, 0xDBA3, 0xE3C4, 0xE405, 0xE3C4, 0xE3C4, 0xDBA4,
    0xDB83, 0xE405, 0xDBC4, 0xDB83, 0xE3C4, 0xEC25, 0xF445, 0xEC66,
    0xEC46, 0xE3E4, 0xEC05, 0xEC25, 0xEC24, 0xFD6A, 0xFEF4, 0xFF14,
    0xFF36, 0xFF35, 0xFF15, 0xFEF2, 0xC429, 0x6162, 0x7A24, 0x8245,
    0x8A65, 0x8204, 0x8A24, 0xBC09, 0xF60F, 0xFED2, 0xFED3, 0xFEF4,
    0xFF14, 0xFE91, 0xF509, 0xF4E8, 0xF509, 0xECA7, 0xDBE3, 0xE424,
    0xEC24, 0xE423, 0xD381, 0xDB81, 0xD341, 0xC2E0, 0xC300, 0xC300,
    0xCB20, 0xDC04, 0xED4D, 0xE58F, 0xEDF1, 0xEE12, 0xEE12, 0xF654,
    0xEE34, 0xE591, 0xCCAE, 0xA2A7, 0x9205, 0x91E4, 0x91E4, 0x91E4,
    0x9A05, 0x9A25, 0xA245, 0x9A25, 0xA266, 0xAAC7, 0xAAC7, 0xBB29,
    0xC3AA, 0xCBCB, 0xCC2C, 0xD46D, 0xDCAE, 0xDCCE, 0xDD0F, 0xDD0F,
    0xDD2F, 0xE54F, 0xE54F, 0xEDB0, 0xEDD1, 0xEE12, 0xEE33, 0xEE33,
    0xEE33, 0xEE12, 0xEE32, 0xEE33, 0xF674, 0xFF39, 0xF6F9, 0xD658,
    0xC5F7, 0xC5D7, 0xC5D7, 0xC5D7, 0xC5D7, 0xC5D7, 0xC5D7, 0xC5D7,
    0xBC2A, 0xBC2B, 0xBC4B, 0xC46D, 0xC4AE, 0xC4CE, 0xCCEF, 0xCD10,
    0xCD31, 0xCD51, 0xCD51, 0xCD51, 0xCD51, 0xCD51, 0xCD51, 0xCD31,
    0xC530, 0xC4F0, 0xC4CF, 0xBCAE, 0xBC6D, 0xB44C, 0xB40B, 0xABEA,
    0xABCA, 0xABCA, 0xABCA, 0xABCA, 0xABEA, 0xABEA, 0xABEB, 0xABEB,
    0xABEB, 0xABEB, 0xABEB, 0xAC0C, 0xAC0C, 0xAC0C, 0xAC0C, 0xAC0C,
    0xAC0C, 0xAC0C, 0xAC0C, 0xAC2C, 0xAC2C, 0xAC2C, 0xAC2C, 0xAC2C,
    0xAC2C, 0xAC2C, 0xAC2C, 0xAC2C, 0xAC2C, 0xAC2C, 0xBCCF, 0xE614,
    0xF695, 0xF695, 0xEE53, 0xEE32, 0xEE94, 0xF6F7, 0xF694, 0xF695,
    0xEE53, 0xEDF1, 0xEE53, 0xF674, 0xEE11, 0xEE12, 0xEE32, 0xEDF0,
    0xEDCF, 0xE58F, 0xDD4E, 0xDD4D, 0xDD4E, 0xF5CF, 0xFF14, 0xFE4F,
    0xFD8A, 0xEC86, 0xF508, 0xFED2, 0xFED1, 0xFEB1, 0xFED2, 0xFE6F,
    0xFE4E, 0xFE2D, 0xFE0D, 0xFDCB, 0xF5AB, 0xFDCB, 0xFDCB, 0xFDCB,
    0xFE0D, 0xFDEC, 0xFDCC, 0xFDAB, 0xF5AB, 0xF58A, 0xF58A, 0xFD8A,
    0xFDAB, 0xFDEC, 0xFE0D, 0xFE4E, 0xFEB1, 0xFED3, 0xFED3, 0xFEF3,
    0xFED3, 0xFDEC, 0xEC44, 0xEC24, 0xEC04, 0xD301, 0xD321, 0xE3E4,
    0xEC25, 0xF4A6, 0xFCE7, 0xFCE7, 0xFCE7, 0xFD08, 0xF466, 0xE3C3,
    0xE3A3, 0xE404, 0xE3E5, 0xE3E4, 0xE3C4, 0xE3C4, 0xDB62, 0xDB83,
    0xEC25, 0xE3C3, 0xE405, 0xD363, 0xE3E4, 0xEC46, 0xE405, 0xE3C4,
    0xDBC4, 0xDBA4, 0xE3E4, 0xEC46, 0xF4C6, 0xFE0D, 0xFEF4, 0xFF36,
    0xFF15, 0xFF14, 0xFEF4, 0xFE70, 0x8264, 0x5122, 0x6182, 0x71C3,
    0x8224, 0x8245, 0x7A05, 0x79E4, 0x8224, 0xDD2C, 0xFEF3, 0xFEF4,
    0xFF15, 0xFF57, 0xFEB2, 0xF509, 0xF4E8, 0xFD6A, 0xECA7, 0xE424,
    0xE403, 0xEC23, 0xDBC2, 0xD341, 0xC300, 0xBAC0, 0xC300, 0xD361,
    0xDBE3, 0xE4A8, 0xEDAF, 0xF632, 0xE590, 0xDD4F, 0xE5B0, 0xE5D2,
    0xDD50, 0xBBEB, 0xA287, 0x89A3, 0x8183, 0x91E4, 0x91E4, 0x91E4,
    0x91E4, 0x9A25, 0xA266, 0xAA86, 0xAAA7, 0xB308, 0xBB29, 0xC38A,
    0xCBCB, 0xD42C, 0xD46D, 0xDC8D, 0xDCCE, 0xE50F, 0xDD0F, 0xDD2F,
    0xDD0E, 0xE54F, 0xED90, 0xEE12, 0xEE33, 0xF654, 0xEE12, 0xEDD1,
    0xEDF1, 0xEE33, 0xF653, 0xEE32, 0xF6B5, 0xFF7A, 0xDE78, 0xCE18,
    0xCDF7, 0xC5D7, 0xC5D7, 0xC5D7, 0xC5D7, 0xC5D7, 0xC5D7, 0xC5D7,
    0xC42A, 0xC42A, 0xC44A, 0xC46B, 0xC48C, 0xC48D, 0xCCAD, 0xCCCE,
    0xCCEE, 0xCCEF, 0xCD0F, 0xCD0F, 0xCCEF, 0xCCEF, 0xCCEF, 0xC4EE,
    0xC4CE, 0xC4AE, 0xC48D, 0xBC6C, 0xBC4C, 0xBC2B, 0xB40A, 0xB3EA,
    0xB3E9, 0xB3EA, 0xB3EA, 0xB3EA, 0xB3EA, 0xB3EA, 0xB3EA, 0xB40A,
    0xB40B, 0xB40B, 0xAC0B, 0xAC0B, 0xAC0B, 0xAC0B, 0xAC0B, 0xAC0B,
    0xAC0B, 0xAC0B, 0xAC0B, 0xAC0B, 0xAC2C, 0xAC2C, 0xAC2C, 0xAC2C,
    0xAC2C, 0xAC2C, 0xAC2C, 0xAC2B, 0xAC2B, 0xAC2B, 0xB44C, 0xBCAE,
    0xCD71, 0xEE54, 0xEE53, 0xEE12, 0xEE74, 0xEE12, 0xEE11, 0xE5F1,
    0xE5F1, 0xEE53, 0xEE94, 0xEDF1, 0xEDF1, 0xEE11, 0xE5AF, 0xE58F,
    0xE58F, 0xDD4E, 0xDD6F, 0xDD4E, 0xE56D, 0xFEB3, 0xFE91, 0xF4E6,
    0xE3E3, 0xDBC4, 0xFEB1, 0xFF14, 0xFED1, 0xFEB1, 0xFE6F, 0xFE2D,
    0xFE2D, 0xFDEC, 0xFDAB, 0xF5AA, 0xFDCB, 0xF58A, 0xF569, 0xF589,
    0xF569, 0xF549, 0xF58A, 0xF5AB, 0xF5AB, 0xF5AB, 0xF5AB, 0xF5AB,
    0xFDCB, 0xFDEC, 0xFE0D, 0xFE4F, 0xFEB2, 0xFEF4, 0xFEB2, 0xFEF3,
    0xFE91, 0xF549, 0xF486, 0xDB83, 0xCB22, 0xDB83, 0xE3C3, 0xE3E4,
    0xEC25, 0xF4A6, 0xFD28, 0xFCE6, 0xFCE7, 0xF4A6, 0xF465, 0xF445,
    0xEC25, 0xE3E4, 0xEC46, 0xE3A3, 0xE3C4, 0xE3C3, 0xF466, 0xF4A7,
    0xEC45, 0xEC04, 0xEC25, 0xD363, 0xDBA3, 0xDBA4, 0xDBA4, 0xDBA4,
    0xDB63, 0xE405, 0xEC25, 0xEC66, 0xFCE7, 0xFE4F, 0xFEF4, 0xFEF4,
    0xFF15, 0xFF15, 0xFEF4, 0xFE2F, 0x7A44, 0x40E1, 0x5121, 0x5942,
    0x5962, 0x69C3, 0x71C4, 0x7204, 0x71E4, 0x69C3, 0xCCAB, 0xFEF2,
    0xFEF4, 0xFF36, 0xFF36, 0xFDEE, 0xF4E8, 0xFDAB, 0xF54A, 0xE424,
    0xE424, 0xE3E2, 0xDBA1, 0xCB41, 0xC321, 0xBAC0, 0xBAA0, 0xCB41,
    0xE446, 0xED8E, 0xEDD1, 0xF653, 0xF695, 0xEE12, 0xDD70, 0xDD2F,
    0xD4CE, 0xA2C8, 0x89A3, 0x89C4, 0x8183, 0x89A3, 0x89A3, 0x91E4,
    0x91C4, 0xA246, 0xAA66, 0xB2A7, 0xBB29, 0xC36A, 0xCBAB, 0xD40C,
    0xD42C, 0xD42C, 0xDC6D, 0xE4CF, 0xE530, 0xE530, 0xE550, 0xE550,
    0xE54F, 0xE590, 0xEDD1, 0xEE33, 0xEE12, 0xEDF2, 0xEE12, 0xEDF1,
    0xEE32, 0xEE12, 0xEDF1, 0xF632, 0xFF18, 0xF71A, 0xD658, 0xCDF7,
    0xCDF7, 0xC5D7, 0xC5D7, 0xC5D7, 0xC5D7, 0xC5D7, 0xC5D7, 0xC5D7,
    0xC429, 0xC429, 0xC429, 0xC42A, 0xC44A, 0xC44B, 0xC46B, 0xC46B,
    0xC48C, 0xC48C, 0xC48C, 0xC48C, 0xC48C, 0xC48C, 0xC48C, 0xC48C,
    0xC46C, 0xC46C, 0xC46C, 0xBC4B, 0xBC2A, 0xBC0A, 0xBBE9, 0xB3E9,
    0xB3E9, 0xB3E9, 0xB40A, 0xB40A, 0xBC0A, 0xBC0A, 0xB40A, 0xB40A,
    0xB40A, 0xB40A, 0xB40A, 0xB40A, 0xB40B, 0xB40B, 0xB40B, 0xB40B,
    0xB40B, 0xB40B, 0xB40B, 0xB40B, 0xB40B, 0xB42B, 0xB42B, 0xB42B,
    0xB42B, 0xB42B, 0xB42B, 0xAC0B, 0xAC0B, 0xAC2B, 0xAC2B, 0xB42C,
    0xB42B, 0xBC6C, 0xCD2F, 0xE5F2, 0xEE53, 0xE5F0, 0xE5AF, 0xE5AF,
    0xE5F1, 0xEE32, 0xEE32, 0xE5F1, 0xE5AF, 0xDD6E, 0xE56F, 0xDD2D,
    0xD4CC, 0xDD4E, 0xDD4E, 0xD50D, 0xEDAE, 0xFE91, 0xFD8A, 0xF4A6,
    0xD363, 0xED2A, 0xFF55, 0xFEF3, 0xFEB1, 0xFE8F, 0xFE2D, 0xFE0C,
    0xFE0C, 0xFDAB, 0xF569, 0xF528, 0xF569, 0xF569, 0xF5AB, 0xF5CC,
    0xF5EC, 0xF5CC, 0xF5AB, 0xF58A, 0xF58A, 0xF5AB, 0xFDCC, 0xFDCB,
    0xFDAB, 0xFDCB, 0xFE0D, 0xFE4F, 0xFEB2, 0xFED3, 0xFEF3, 0xFEF4,
    0xFE4F, 0xE3E4, 0xDB83, 0xC2E2, 0xE3A3, 0xEC24, 0xF486, 0xEC24,
    0xF445, 0xFCA6, 0xFD08, 0xFD49, 0xFD28, 0xFCE7, 0xFCA6, 0xFCC7,
    0xEBE4, 0xDB83, 0xE3C4, 0xDBA3, 0xE3C3, 0xEC45, 0xF4A6, 0xF508,
    0xF4C7, 0xF4C7, 0xE405, 0xDBA3, 0xCB43, 0xD383, 0xD322, 0xDBA4,
    0xDBC4, 0xEC26, 0xE405, 0xEC04, 0xFD49, 0xFED2, 0xFEF4, 0xFEF4,
    0xFEF4, 0xFEF4, 0xFEB1, 0xFDED, 0xB3C7, 0x5101, 0x5121, 0x48E1,
    0x48E1, 0x40E1, 0x5962, 0x5942, 0x5983, 0x69E4, 0x71E4, 0xD50C,
    0xFEF3, 0xFEF4, 0xFF36, 0xFE91, 0xF54A, 0xFE2E, 0xFE2E, 0xECC7,
    0xDBE3, 0xDBC2, 0xDBA1, 0xD382, 0xCB61, 0xCB21, 0xC321, 0xD3A3,
    0xE4EA, 0xEDB0, 0xEDB0, 0xE5B0, 0xE5B1, 0xDD70, 0xD50F, 0xC40B,
    0xA2C7, 0x89E4, 0x89A4, 0x8183, 0x91C4, 0x89A4, 0x91E4, 0x91E4,
    0x91E4, 0xA245, 0xAA87, 0xBB08, 0xC36A, 0xCBCB, 0xCBCB, 0xD40C,
    0xDC6D, 0xDCAE, 0xE4CF, 0xE4EF, 0xE50F, 0xE530, 0xE52F, 0xE570,
    0xE590, 0xEDD1, 0xEE13, 0xEDF2, 0xEDF1, 0xEDF1, 0xF654, 0xF674,
    0xF654, 0xEE32, 0xEE12, 0xF6B5, 0xFF39, 0xDE78, 0xCE18, 0xCDF7,
    0xCDF7, 0xC5D7, 0xC5D7, 0xC5D7, 0xC5D7, 0xC5D7, 0xC5D7, 0xC5D7,
    0xC409, 0xC409, 0xBC09, 0xC409, 0xBC09, 0xBC09, 0xBC09, 0xBC09,
    0xBC09, 0xBC29, 0xBC29, 0xBC29, 0xBC09, 0xBC09, 0xBC09, 0xBC09,
    0xBC2A, 0xBC2A, 0xBC2A, 0xBC09, 0xBC09, 0xBBE9, 0xB3E9, 0xBBE9,
    0xB3E9, 0xB3E9, 0xB409, 0xBC09, 0xBC09, 0xBC09, 0xBC09, 0xBC09,
    0xBC09, 0xB40A, 0xB40A, 0xB40A, 0xB40A, 0xB40A, 0xB40A, 0xB40A,
    0xB40A, 0xB40A, 0xB40A, 0xB40A, 0xB40A, 0xB40A, 0xB40A, 0xB40A,
    0xB40A, 0xB40B, 0xB40B, 0xB40B, 0xB40B, 0xAC0B, 0xAC0B, 0xB40B,
    0xB42B, 0xB42B, 0xB44B, 0xC4CD, 0xD54F, 0xE5D1, 0xEE11, 0xEDF1,
    0xE5AF, 0xE58E, 0xDD2D, 0xDD0C, 0xDD2D, 0xDD6E, 0xD50C, 0xD4AB,
    0xDD6F, 0xD4EC, 0xD4CB, 0xD4AA, 0xED6B, 0xFE2E, 0xFD6A, 0xEC66,
    0xDBE5, 0xFE70, 0xFF34, 0xFED2, 0xFEB1, 0xFE4F, 0xFDEC, 0xFDAB,
    0xF58A, 0xF549, 0xED29, 0xF5AB, 0xFE2E, 0xFE90, 0xFEB2, 0xFED2,
    0xFE90, 0xFE4F, 0xFE4F, 0xFE2E, 0xFDCC, 0xFDAB, 0xF58A, 0xF5AB,
    0xF5AB, 0xFDED, 0xFE0D, 0xFE4F, 0xFEB2, 0xFED3, 0xFEF3, 0xFEF4,
    0xFEB1, 0xF4C7, 0xE3A3, 0xE404, 0xE3E3, 0xE3C3, 0xE3C2, 0xE3E3,
    0xEC03, 0xEC65, 0xF486, 0xFD29, 0xFD28, 0xFD49, 0xFCC6, 0xF4A6,
    0xEC25, 0xE3E3, 0xEC25, 0xEC24, 0xE3E4, 0xF486, 0xEBE3, 0xF465,
    0xFD49, 0xEC66, 0xDBC4, 0xE3E4, 0xDB83, 0xCB22, 0xD343, 0xCB23,
    0xDBC4, 0xDBA4, 0xCB63, 0xDBC4, 0xFDED, 0xFEF4, 0xFEF4, 0xFEF4,
    0xFEF4, 0xFED3, 0xFE91, 0xFE4F, 0xED4B, 0xC3E7, 0x9AE4, 0x69A1,
    0x48E0, 0x40C0, 0x40C1, 0x5122, 0x69A3, 0x71E4, 0x71E4, 0x79E3,
    0xE54D, 0xFEF3, 0xFEF5, 0xFF15, 0xFE71, 0xFE4F, 0xFE91, 0xF54A,
    0xD382, 0xDBE3, 0xDBE2, 0xDBA1, 0xDBE3, 0xE424, 0xDC04, 0xDC88,
    0xE56D, 0xEDD0, 0xEE12, 0xEDF2, 0xE5B1, 0xDD30, 0xB389, 0x8183,
    0x8163, 0x8983, 0x8983, 0x8183, 0x89C4, 0x91C4, 0x91C4, 0x9A25,
    0xA266, 0xAA87, 0xB2C8, 0xC36A, 0xCBAB, 0xCBCB, 0xD40C, 0xDC2C,
    0xDC6D, 0xDCAE, 0xE4AE, 0xE4EF, 0xE4EF, 0xE550, 0xED91, 0xED90,
    0xEDB1, 0xEDF2, 0xEE12, 0xEE12, 0xEE33, 0xF654, 0xF674, 0xF674,
    0xEE12, 0xEDF1, 0xF653, 0xFF38, 0xEF1A, 0xD658, 0xCE17, 0xCDF7,
    0xCDF7, 0xC5D7, 0xC5D7, 0xC5D7, 0xC5D7, 0xC5D7, 0xC5D7, 0xC5D7,
    0xBBC8, 0xBBC8, 0xBBC8, 0xBBC8, 0xBBC8, 0xBBC8, 0xBBC8, 0xB3C8,
    0xBBE8, 0xB3C8, 0xB3C8, 0xB3C8, 0xB3C8, 0xB3C8, 0xB3C8, 0xB3C8,
    0xB3C8, 0xB3C8, 0xB3C8, 0xB3C8, 0xB3C8, 0xB3C8, 0xB3E8, 0xB3E8,
    0xB3E9, 0xB3E9, 0xB3E9, 0xBBE9, 0xBBE9, 0xB3E9, 0xB3E9, 0xB3E9,
    0xB3E9, 0xB3E9, 0xB3E9, 0xB3E9, 0xB3E9, 0xB3E9, 0xB3E9, 0xB3E9,
    0xB3E9, 0xB3E9, 0xB3EA, 0xB3EA, 0xB3EA, 0xB3EA, 0xB40A, 0xB40A,
    0xB40A, 0xB40A, 0xB40A, 0xB40A, 0xB3EA, 0xABEA, 0xB40A, 0xB40A,
    0xB42B, 0xB42B, 0xB42B, 0xB42B, 0xAC0A, 0xB44C, 0xC4EE, 0xD52F,
    0xDD8F, 0xE58E, 0xDD4D, 0xDD2D, 0xDD2D, 0xD4CB, 0xCCAA, 0xD4EC,
    0xD4CB, 0xC428, 0xBC08, 0xCC47, 0xF58B, 0xFE0D, 0xFD8A, 0xEC66,
    0xF56B, 0xFF35, 0xFED2, 0xFEB1, 0xFE6F, 0xFDEC, 0xF5AB, 0xF58A,
    0xED6A, 0xF5CD, 0xFEB1, 0xFE91, 0xDD2C, 0xD50C, 0xCCEC, 0xD50C,
    0xEDAD, 0xFE4F, 0xFE4F, 0xFE0E, 0xFE2E, 0xFDEC, 0xF58A, 0xF5AB,
    0xF5AB, 0xF5CC, 0xFE0D, 0xFE70, 0xFEB2, 0xFEB3, 0xFEF4, 0xFED3,
    0xFEB1, 0xFD49, 0xE3A3, 0xDBA3, 0xCB21, 0xD322, 0xE3A3, 0xE3E3,
    0xEC44, 0xF4A6, 0xFD49, 0xFD49, 0xFD28, 0xFD28, 0xFD08, 0xF4A6,
    0xF4C7, 0xF486, 0xEC04, 0xEC45, 0xF465, 0xF465, 0xEC24, 0xF4A6,
    0xFD49, 0xE3C4, 0xEBE4, 0xDB83, 0xCB02, 0xDBC4, 0xCB63, 0xC302,
    0xD3A4, 0xDBC4, 0xDBC4, 0xF4E8, 0xFE70, 0xFED3, 0xFED3, 0xFED3,
    0xFED3, 0xFE92, 0xFE92, 0xFE0E, 0xF5AC, 0xF58B, 0xE509, 0xD488,
    0xC3C6, 0x9AC3, 0x69A1, 0x4901, 0x4901, 0x6182, 0x69C3, 0x6183,
    0x8265, 0xFE50, 0xFEF3, 0xFF15, 0xFEF4, 0xFE91, 0xFE90, 0xFE0E,
    0xDC25, 0xD382, 0xDBE3, 0xE404, 0xDC03, 0xEC86, 0xED09, 0xE50C,
    0xDD0D, 0xE56E, 0xE58F, 0xEE12, 0xE591, 0xCC6D, 0xB36A, 0x9A05,
    0x91C4, 0x89A3, 0x89A3, 0x89C4, 0x91E4, 0x9205, 0x9A05, 0xA246,
    0xAA66, 0xB2C7, 0xBB29, 0xC349, 0xCBAA, 0xD40C, 0xDC4D, 0xE48E,
    0xDC8E, 0xE48E, 0xE4CF, 0xE50F, 0xE530, 0xED91, 0xED91, 0xED90,
    0xEDF2, 0xEE12, 0xEDF2, 0xEE12, 0xEE33, 0xF654, 0xF653, 0xEE12,
    0xEE33, 0xEE32, 0xFED5, 0xFF7B, 0xE6B9, 0xCE18, 0xCE17, 0xCDF7,
    0xC5F7, 0xC5D7, 0xC5D7, 0xC5D7, 0xC5D7, 0xC5D7, 0xC5D7, 0xC5D7,
    0xB387, 0xB387, 0xB387, 0xB387, 0xB387, 0xAB87, 0xAB87, 0xB387,
    0xB387, 0xB387, 0xB3A7, 0xB3A7, 0xB387, 0xB387, 0xB387, 0xB387,
    0xB387, 0xB387, 0xB387, 0xB3A7, 0xB3A7, 0xB3A7, 0xB3A7, 0xB3A8,
    0xB3A8, 0xB3A8, 0xB3A8, 0xB3C8, 0xB3C8, 0xB3C8, 0xB3A8, 0xB3C8,
    0xB3C8, 0xB3C8, 0xB3C8, 0xB3C8, 0xB3A8, 0xB3A8, 0xB3C8, 0xB3C8,
    0xB3C9, 0xB3C9, 0xB3C9, 0xB3C9, 0xB3C9, 0xB3C9, 0xB3C9, 0xB3C9,
    0xB3C9, 0xB3C9, 0xABC9, 0xB3C9, 0xABC9, 0xABC9, 0xB3E9, 0xB40A,
    0xB40A, 0xB42A, 0xB42B, 0xB42B, 0xAC0B, 0xABEA, 0xA3CA, 0xA3A9,
    0xABEA, 0xB44B, 0xCD0D, 0xDD8E, 0xE56D, 0xE54C, 0xDD2B, 0xDCEA,
    0xD489, 0xCC68, 0xBC07, 0xE4A8, 0xFE0D, 0xFE2D, 0xF569, 0xECA7,
    0xF692, 0xFF55, 0xFED2, 0xFEB1, 0xF5AB, 0xED09, 0xFDCB, 0xED4B,
    0xE58D, 0xBCAC, 0x7B08, 0x6245, 0x28C2, 0x20A2, 0x28E2, 0x28E2,
    0x4164, 0x82E7, 0xCCAB, 0xFE0D, 0xFE2E, 0xFE2E, 0xFDCC, 0xF58A,
    0xF5AB, 0xF5CC, 0xFE2E, 0xFE70, 0xFEB2, 0xFED3, 0xFED3, 0xFED2,
    0xFE90, 0xF4E7, 0xE3C3, 0xCB02, 0xC302, 0xCB02, 0xD342, 0xEC04,
    0xF486, 0xFD07, 0xFD08, 0xFD28, 0xFD28, 0xFD07, 0xFD08, 0xFCC7,
    0xFCA6, 0xE3E4, 0xEC04, 0xEC45, 0xF4A6, 0xF4A6, 0xFD29, 0xFD48,
    0xFCE7, 0xF508, 0xF529, 0xECA7, 0xD383, 0xDB83, 0xDBC4, 0xD383,
    0xDB84, 0xDBA4, 0xE3C4, 0xF529, 0xFE91, 0xFED3, 0xFEF5, 0xFEF4,
    0xFE92, 0xFE91, 0xFE91, 0xF5CD, 0xF5AC, 0xF56B, 0xED6B, 0xED2A,
    0xE509, 0xE4E9, 0xC406, 0x92A3, 0x5941, 0x3080, 0x4922, 0x6183,
    0x5962, 0xBC2A, 0xFEF4, 0xFF15, 0xFEF4, 0xFE0E, 0xFD8B, 0xFE2E,
    0xE4C8, 0xCB83, 0xDC04, 0xE425, 0xE445, 0xE4EA, 0xEDAE, 0xEDF0,
    0xE56E, 0xE54E, 0xE590, 0xDD70, 0xDD2F, 0xB38A, 0x89C4, 0x89C4,
    0x91C4, 0x91E4, 0x89C4, 0x91E4, 0x9A25, 0xA266, 0xA246, 0xA266,
    0xB2C8, 0xBB29, 0xC36A, 0xCBAA, 0xD40C, 0xD40C, 0xDC4D, 0xE48E,
    0xE4CE, 0xE4CE, 0xE4CE, 0xE4EE, 0xED70, 0xED91, 0xEDB1, 0xEDF2,
    0xEDF2, 0xEDF2, 0xEE33, 0xEE33, 0xEE12, 0xEE12, 0xEE33, 0xEE54,
    0xF653, 0xF674, 0xFF38, 0xF71A, 0xDE79, 0xCE38, 0xCE18, 0xCDF7,
    0xCDF7, 0xC5D7, 0xC5D7, 0xC5D7, 0xC5D7, 0xC5D7, 0xC5D7, 0xC5D7,
    0xA326, 0xA326, 0xA346, 0xA346, 0xA346, 0xA346, 0xA346, 0xA346,
    0xA346, 0xAB46, 0xAB46, 0xAB66, 0xAB66, 0xAB46, 0xAB46, 0xAB46,
    0xAB66, 0xAB66, 0xAB47, 0xAB47, 0xAB67, 0xAB67, 0xAB67, 0xAB67,
    0xAB67, 0xAB67, 0xAB67, 0xAB67, 0xAB67, 0xAB87, 0xAB87, 0xAB87,
    0xAB87, 0xAB87, 0xAB87, 0xAB67, 0xAB67, 0xAB67, 0xAB87, 0xAB87,
    0xAB88, 0xAB88, 0xAB87, 0xAB88, 0xAB88, 0xAB88, 0xABA8, 0xABA8,
    0xABA8, 0xAB88, 0xABA8, 0xABA8, 0xABA8, 0xABC8, 0xB3C9, 0xB3E9,
    0xB40A, 0xB40A, 0xB42A, 0xB42B, 0xAC0B, 0xABEA, 0xA3CA, 0xA3A9,
    0x9B89, 0x9B88, 0xABC9, 0xB42A, 0xBC6B, 0xCCCC, 0xD50C, 0xD52D,
    0xDD2D, 0xDD0B, 0xDD0C, 0xF58C, 0xFE90, 0xFE2E, 0xF54A, 0xF54A,
    0xFF35, 0xFF35, 0xFED1, 0xFE4E, 0xED6A, 0xAB66, 0xF5CC, 0xFE0E,
    0x7AA6, 0x30C2, 0x2061, 0x1861, 0x1881, 0x1861, 0x2081, 0x1861,
    0x1061, 0x1882, 0x28C2, 0x7286, 0xE54D, 0xFE0E, 0xF5ED, 0xF5AB,
    0xF5AB, 0xFE0D, 0xFE2E, 0xFE6F, 0xFEB2, 0xFEF4, 0xFEF4, 0xFED3,
    0xFE4F, 0xF4C6, 0xE404, 0xCB22, 0xCB01, 0xD342, 0xE404, 0xEC45,
    0xF4A6, 0xF4C6, 0xFCE7, 0xFCE7, 0xFD28, 0xF4E7, 0xF486, 0xEC44,
    0xE404, 0xD383, 0xE3C4, 0xEC45, 0xFCC7, 0xF4E7, 0xFD28, 0xFD07,
    0xFD08, 0xFD4A, 0xF4E8, 0xF4E7, 0xF4E7, 0xE425, 0xDBA3, 0xE3E4,
    0xDBA4, 0xD383, 0xE404, 0xFDCD, 0xFEB3, 0xFED4, 0xFEF4, 0xFED3,
    0xFEB2, 0xFE0F, 0xFDED, 0xFDEE, 0xF5ED, 0xF5AC, 0xF5AC, 0xF58C,
    0xF58B, 0xED2A, 0xE509, 0xDCC8, 0xC3E6, 0x71E2, 0x3080, 0x4922,
    0x6183, 0x8AC6, 0xFEB3, 0xFF14, 0xFF35, 0xF5CD, 0xEC65, 0xF509,
    0xECC8, 0xD3C3, 0xDBE4, 0xDC45, 0xDCA8, 0xE56D, 0xEDD0, 0xEE11,
    0xEDD0, 0xDD4E, 0xE56F, 0xCC8D, 0xAB29, 0x9266, 0x81A3, 0x8983,
    0x91E4, 0x9A25, 0x9A05, 0x9A25, 0xA246, 0xAA66, 0xB2A7, 0xB2C8,
    0xC34A, 0xCB6A, 0xD3EB, 0xD3CB, 0xD40C, 0xDC8E, 0xE48E, 0xE4AE,
    0xECEF, 0xED30, 0xED30, 0xED71, 0xED91, 0xED90, 0xEDD1, 0xEDD1,
    0xEDF2, 0xF633, 0xF633, 0xF654, 0xF654, 0xF653, 0xEE54, 0xEDD1,
    0xEDF1, 0xFED6, 0xFF3A, 0xE6B9, 0xD658, 0xCE38, 0xCE18, 0xCE17,
    0xCDF7, 0xC5D7, 0xC5D7, 0xC5D7, 0xC5D7, 0xC5D7, 0xC5D7, 0xC5D7,
    0x9AC5, 0x9AE5, 0x9AE5, 0x9AE5, 0x9AE5, 0x9AE5, 0x9AE5, 0x9AE5,
    0x9B05, 0x9B05, 0xA305, 0xA305, 0xA305, 0xA305, 0xA305, 0x9B05,
    0xA305, 0x9B05, 0x9B06, 0x9B05, 0x9B06, 0xA306, 0xA326, 0xA326,
    0xA326, 0xA326, 0xA326, 0xA326, 0xA326, 0xA326, 0xA326, 0xA326,
    0xA346, 0xA326, 0xA326, 0xA326, 0xA326, 0xA326, 0xA326, 0xA346,
    0xA347, 0xA347, 0xA347, 0xA347, 0xA347, 0xA367, 0xA367, 0xA347,
    0xA347, 0xA347, 0xA367, 0xA367, 0xA367, 0xABA8, 0xABA8, 0xB3C9,
    0xB3E9, 0xB40A, 0xB40A, 0xB40A, 0xAC0A, 0xABEA, 0xA3CA, 0xA3A9,
    0x9B89, 0x9B88, 0xA3A8, 0xABC9, 0xABEA, 0xABEA, 0xAC0A, 0xAC2B,
    0xBC8E, 0xC510, 0xD570, 0xFE50, 0xFED2, 0xFDED, 0xF58B, 0xF5CE,
    0xFF56, 0xFEF3, 0xFE6F, 0xF5EC, 0xFE0D, 0xBC49, 0x6A24, 0x51C4,
    0x1861, 0x28C2, 0x28A1, 0x1860, 0x20A1, 0x3924, 0x49A5, 0x41A5,
    0x3964, 0x3923, 0x20A1, 0x1020, 0x4164, 0xD50B, 0xFE2E, 0xF5CD,
    0xF56A, 0xFE2E, 0xFE4F, 0xFE70, 0xFED3, 0xFEF4, 0xFEF4, 0xFEF4,
    0xFE2E, 0xF4E7, 0xF485, 0xE3C3, 0xDBA3, 0xEC24, 0xEC45, 0xEC65,
    0xEC24, 0xF4A6, 0xF4C7, 0xF4A6, 0xFCE7, 0xFCE7, 0xF4A6, 0xEC24,
    0xC2E1, 0xCB43, 0xCB22, 0xD363, 0xF4C7, 0xFD4A, 0xFD28, 0xFD28,
    0xFD28, 0xFD49, 0xF4A6, 0xF4A6, 0xFD07, 0xEC45, 0xD383, 0xDBC4,
    0xDBA3, 0xE404, 0xF508, 0xFE50, 0xFF15, 0xFF15, 0xFEB3, 0xFED4,
    0xFE51, 0xFE0F, 0xF5CD, 0xFE0E, 0xF5CD, 0xF5CD, 0xF5CD, 0xF5CD,
    0xF5AC, 0xF58C, 0xF58B, 0xED6B, 0xE50A, 0xD467, 0x8263, 0x38A0,
    0x5122, 0x69A3, 0xD52E, 0xFF14, 0xFEF5, 0xFE92, 0xECC8, 0xEC46,
    0xEC87, 0xCBC4, 0xDC46, 0xE4E9, 0xE54C, 0xE56E, 0xE5AF, 0xEDB0,
    0xEDB0, 0xE56F, 0xDD2F, 0xC42C, 0x89C4, 0x8183, 0x7942, 0x8983,
    0x91E4, 0x9A25, 0xAA66, 0xB2A7, 0xB2A7, 0xB2A7, 0xBAE8, 0xC309,
    0xCB6A, 0xCBAB, 0xD3EC, 0xD3EC, 0xDC2C, 0xE4AE, 0xE4AE, 0xECEF,
    0xED30, 0xED50, 0xEDB2, 0xED91, 0xED91, 0xEDF2, 0xEDD2, 0xEE12,
    0xF633, 0xF654, 0xF674, 0xF674, 0xF674, 0xEE33, 0xEE32, 0xEDD1,
    0xF652, 0xFF38, 0xEEFA, 0xD658, 0xD638, 0xD638, 0xCE18, 0xCE17,
    0xCDF7, 0xC5D7, 0xC5D7, 0xC5D7, 0xC5D7, 0xC5D7, 0xC5D7, 0xC5D7,
    0x92A4, 0x92A4, 0x92A4, 0x92A4, 0x92A4, 0x92A4, 0x92A4, 0x92A4,
    0x92C4, 0x92C4, 0x92C4, 0x92C4, 0x92C4, 0x92C4, 0x92C4, 0x92C4,
    0x92C4, 0x92C4, 0x92C4, 0x92C4, 0x92C4, 0x92C5, 0x92C5, 0x92C5,
    0x92C5, 0x92C5, 0x92C5, 0x92C5, 0x9AC5, 0x9AE5, 0x9AE5, 0x9AE5,
    0x92C5, 0x92C5, 0x9AC5, 0x9AE5, 0x9AE5, 0x9AE5, 0x9AE5, 0x9B05,
    0x9B05, 0x9B05, 0x9B06, 0x9B06, 0x9B06, 0x9B06, 0x9B06, 0x9B06,
    0x9B06, 0x9B06, 0x9B06, 0x9B26, 0xA347, 0xA367, 0xABA8, 0xABC9,
    0xABC9, 0xB3EA, 0xB40A, 0xAC0A, 0xABEA, 0xA3CA, 0xA3A9, 0x9B89,
    0x9B88, 0x9B88, 0xA3A9, 0xABC9, 0xABEA, 0xAC0A, 0xAC0A, 0xAC2B,
    0xB48E, 0xB4D1, 0xDD6F, 0xFE91, 0xFE91, 0xFE0E, 0xF5AC, 0xFEB3,
    0xFEF4, 0xFE2E, 0xFE0E, 0xF5ED, 0xFE6F, 0xE58D, 0x2081, 0x0820,
    0x1881, 0x1840, 0x3965, 0x838D, 0xBD54, 0xD637, 0xD638, 0xCE17,
    0xC5B6, 0xB513, 0x838D, 0x49A5, 0x1040, 0x4143, 0xE56C, 0xFE0D,
    0xF58B, 0xFE0E, 0xFE2F, 0xFE70, 0xFEB2, 0xFEF4, 0xFEF4, 0xFEB2,
    0xFE0D, 0xF507, 0xF4C6, 0xEC44, 0xEC45, 0xEC65, 0xEC45, 0xE3E4,
    0xE3C3, 0xEC45, 0xF445, 0xF445, 0xEC24, 0xE3E4, 0xE404, 0xE3E4,
    0xC2C1, 0xCB02, 0xD322, 0xD342, 0xF465, 0xEC66, 0xF486, 0xFD07,
    0xFCE7, 0xF4E7, 0xF508, 0xFD28, 0xFD69, 0xF4C7, 0xF4A6, 0xF4A7,
    0xEC86, 0xF4E7, 0xFDED, 0xFEB2, 0xFEF4, 0xFEF5, 0xFED4, 0xFE92,
    0xFE50, 0xFE0E, 0xF5AC, 0xF5AC, 0xF5AC, 0xF5CC, 0xFDED, 0xF5CD,
    0xF5CC, 0xF5CC, 0xF5CC, 0xF5CC, 0xF5AC, 0xED6B, 0xE4E9, 0x92E4,
    0x40E1, 0x4921, 0xA367, 0xFEB2, 0xFF36, 0xFEB3, 0xECC9, 0xE425,
    0xEC66, 0xD405, 0xD468, 0xE54D, 0xDD2C, 0xE56E, 0xE56E, 0xDD2E,
    0xDD0E, 0xD4CE, 0xCC8D, 0xAAE8, 0x91E4, 0x7963, 0x8183, 0x89A4,
    0x91C4, 0x91E4, 0xA225, 0xAA86, 0xB2C8, 0xBAC8, 0xC329, 0xC349,
    0xCB8A, 0xD3EC, 0xDC2D, 0xE48E, 0xE48E, 0xE48E, 0xE4CE, 0xED30,
    0xED50, 0xED71, 0xED70, 0xED70, 0xEDD2, 0xF612, 0xF5F2, 0xEE12,
    0xF675, 0xF674, 0xF632, 0xEE33, 0xEE53, 0xEE12, 0xEDD1, 0xEDF1,
    0xFED6, 0xF719, 0xDE78, 0xD638, 0xD638, 0xD638, 0xCE38, 0xCE17,
    0xCDF7, 0xC5F7, 0xC5D7, 0xC5D7, 0xC5D7, 0xC5D7, 0xC5D7, 0xC5D7,
    0x8A84, 0x8A84, 0x8A84, 0x8A84, 0x8A84, 0x8A84, 0x8A84, 0x8A84,
    0x8A84, 0x8A84, 0x8A84, 0x8A84, 0x8A84, 0x8A84, 0x8A83, 0x8A63,
    0x8A83, 0x8A83, 0x8A83, 0x8A83, 0x8A84, 0x8A84, 0x8A83, 0x8A83,
    0x8A83, 0x8A83, 0x8A84, 0x8A83, 0x8A83, 0x8A84, 0x8A83, 0x8A83,
    0x8A63, 0x8A63, 0x8A83, 0x8A84, 0x8A84, 0x8A84, 0x8A84, 0x8AA4,
    0x8AA4, 0x8AA4, 0x8AA4, 0x8AA4, 0x8AA4, 0x92A4, 0x92A4, 0x92A4,
    0x92C5, 0x92C5, 0x92C5, 0x92E5, 0x9B06, 0xA347, 0xAB88, 0xABA8,
    0xABC9, 0xABE9, 0xABEA, 0xABEA, 0xABEA, 0xA3CA, 0xA3A9, 0x9B89,
    0x9B68, 0x9B88, 0xA3A8, 0xABC9, 0xABEA, 0xAC0A, 0xB40A, 0xB42B,
    0xB48E, 0xBCF0, 0xF5AD, 0xFEB2, 0xFE70, 0xFE0D, 0xF60F, 0xFF36,
    0xFE70, 0xF5AC, 0xED8C, 0xFE90, 0xEDEF, 0x49A4, 0x1881, 0x1020,
    0x1881, 0x83CE, 0xDE99, 0xF77D, 0xFFBE, 0xF79E, 0xFF9E, 0xFFFF,
    0xFFFF, 0xFFDE, 0xF73C, 0xD617, 0x7B4C, 0x1841, 0x6A86, 0xFE0E,
    0xF5AC, 0xF5ED, 0xFE2F, 0xFE71, 0xFEF4, 0xFEF4, 0xFEF4, 0xFEB2,
    0xFE2E, 0xFD8A, 0xF4E6, 0xF4A6, 0xEC45, 0xEC65, 0xE404, 0xE3E4,
    0xDBC3, 0xEC04, 0xEC25, 0xF445, 0xEC04, 0xD322, 0xCB02, 0xCB02,
    0xBAA1, 0xD322, 0xDB83, 0xDB83, 0xDBA3, 0xE3E4, 0xF4A7, 0xF485,
    0xF486, 0xF4A6, 0xF4A6, 0xEC65, 0xFCE7, 0xFD69, 0xFD08, 0xFD28,
    0xFD8A, 0xFDCB, 0xFE50, 0xFE91, 0xFEB3, 0xFEF4, 0xFED3, 0xFE50,
    0xF5EE, 0xF5CD, 0xF5CD, 0xF5AC, 0xF5AC, 0xF5CD, 0xF5CD, 0xF5CC,
    0xF5AB, 0xF5AC, 0xF5CC, 0xF5CC, 0xF5CC, 0xF5CC, 0xED8B, 0xE509,
    0x7A43, 0x3060, 0x7A44, 0xFE71, 0xFEF5, 0xFF16, 0xF54C, 0xE3E4,
    0xEC45, 0xE467, 0xD469, 0xDD0C, 0xDD2D, 0xDD2D, 0xDD4E, 0xDD0D,
    0xD4CD, 0xB369, 0x9204, 0x8983, 0x8163, 0x8983, 0x89C4, 0x91C4,
    0x9A05, 0xA225, 0xA225, 0xB2A7, 0xBAC8, 0xC309, 0xC329, 0xD3AB,
    0xDC0C, 0xDC2C, 0xDC6D, 0xE46D, 0xE4AE, 0xECEF, 0xECCF, 0xED51,
    0xED51, 0xED50, 0xED50, 0xEDB1, 0xF612, 0xF5F2, 0xF633, 0xF674,
    0xF674, 0xF633, 0xF674, 0xF674, 0xEE53, 0xEDF0, 0xEDB0, 0xF674,
    0xFF18, 0xE698, 0xD638, 0xD638, 0xD638, 0xD638, 0xCE38, 0xCDF7,
    0xCDF7, 0xC5F7, 0xC5D7, 0xC5D7, 0xC5D7, 0xC5D7, 0xC5D7, 0xC5D7,
    0x8A84, 0x8A84, 0x8A84, 0x8A84, 0x8A84, 0x8A84, 0x8A84, 0x8A84,
    0x8A84, 0x8A84, 0x8A64, 0x8A64, 0x8264, 0x8263, 0x8263, 0x8243,
    0x8243, 0x8243, 0x8243, 0x8243, 0x8243, 0x8243, 0x8243, 0x8243,
    0x8243, 0x8243, 0x8243, 0x8243, 0x8243, 0x8243, 0x8243, 0x8222,
    0x7A22, 0x7A22, 0x7A02, 0x7A02, 0x7A02, 0x7A02, 0x7A22, 0x8222,
    0x8222, 0x8222, 0x8222, 0x8242, 0x8243, 0x8243, 0x8243, 0x8263,
    0x8A63, 0x8A63, 0x8A84, 0x8AA4, 0x92E5, 0x9B26, 0xA367, 0xA388,
    0xABA8, 0xABC9, 0xABE9, 0xABEA, 0xA3CA, 0xA3A9, 0x9B89, 0x9B69,
    0x9B48, 0x9B68, 0xA388, 0xABC9, 0xAC0A, 0xB40A, 0xB40B, 0xB42B,
    0xAC6E, 0xC4EF, 0xE4A9, 0xF60E, 0xFE90, 0xED4A, 0xF651, 0xFF35,
    0xFE90, 0xE56C, 0xA367, 0xC4AB, 0x59E5, 0x2061, 0x1840, 0x3965,
    0xBD74, 0xF77D, 0xF79E, 0xF79D, 0xFFFF, 0xFFFF, 0xE71C, 0xB5B6,
    0x9CB2, 0x8C30, 0x8C71, 0xBDB6, 0xEF1B, 0xA491, 0x1020, 0xB44A,
    0xFE0D, 0xF5CD, 0xFE50, 0xFE71, 0xFEF4, 0xFED3, 0xFEF4, 0xFED2,
    0xFE90, 0xFD8A, 0xF4C6, 0xEC24, 0xE3E4, 0xE3C3, 0xE3C3, 0xDBA3,
    0xDBA3, 0xEC04, 0xE3E3, 0xEC04, 0xE3A3, 0xDB62, 0xCAE1, 0xC302,
    0xB281, 0xD322, 0xD363, 0xDBA3, 0xE3C4, 0xE404, 0xE404, 0xEC65,
    0xEC45, 0xF4A7, 0xE404, 0xD322, 0xEC24, 0xFD08, 0xFD28, 0xF4C7,
    0xFD28, 0xFD8A, 0xFE50, 0xFED4, 0xFEF4, 0xFE92, 0xFE92, 0xFE71,
    0xF5CD, 0xF5CD, 0xF5CD, 0xF58B, 0xF58B, 0xF5AC, 0xF5AB, 0xF5CC,
    0xF5AC, 0xF58B, 0xF5AC, 0xFDCC, 0xFDED, 0xFE0E, 0xF5ED, 0xF5AC,
    0xE4EA, 0x5962, 0x4921, 0xEDAE, 0xFF15, 0xFF15, 0xF5CE, 0xEC66,
    0xE425, 0xE487, 0xD489, 0xCC6A, 0xD4AB, 0xDD0D, 0xCCAC, 0xC40B,
    0xC44C, 0xAB28, 0x7922, 0x8163, 0x8163, 0x89A3, 0x91C4, 0x9A05,
    0x9A25, 0xAA66, 0xBAC8, 0xBB08, 0xC309, 0xCB6A, 0xD38B, 0xD3AB,
    0xDC2D, 0xE4AE, 0xE48E, 0xE4AE, 0xECCF, 0xED30, 0xED51, 0xF571,
    0xF591, 0xF5B2, 0xF5B2, 0xEDD1, 0xF612, 0xF633, 0xF633, 0xF632,
    0xF653, 0xF674, 0xF695, 0xEE53, 0xEDD1, 0xEE11, 0xF653, 0xFF18,
    0xEEB9, 0xDE58, 0xD638, 0xD638, 0xD638, 0xD638, 0xCE18, 0xCDF7,
    0xCDF7, 0xC5F7, 0xC5D7, 0xC5D7, 0xC5D7, 0xC5D7, 0xC5D7, 0xC5D7,
    0x8AA5, 0x8A85, 0x8A85, 0x8A85, 0x8A85, 0x8A85, 0x8A85, 0x8A84,
    0x8A84, 0x8A84, 0x8284, 0x8264, 0x8264, 0x8264, 0x8264, 0x8244,
    0x8243, 0x8243, 0x7A43, 0x7A43, 0x7A43, 0x7A43, 0x8243, 0x8223,
    0x7A23, 0x7A23, 0x7A23, 0x7A23, 0x7A23, 0x7A23, 0x7A22, 0x7A02,
    0x71E2, 0x71E2, 0x71E1, 0x71E1, 0x71C1, 0x71E1, 0x71E1, 0x71E1,
    0x71E1, 0x79E1, 0x79E1, 0x7A02, 0x7A02, 0x7A02, 0x7A22, 0x8222,
    0x8222, 0x8243, 0x8243, 0x8A63, 0x92C5, 0x9B06, 0xA367, 0xAB88,
    0xABA8, 0xABC9, 0xABEA, 0xABCA, 0xA3C9, 0xA3A9, 0x9B89, 0x9368,
    0x9348, 0x9B68, 0xA388, 0xABC9, 0xAC0A, 0xB40A, 0xAC0A, 0xB42B,
    0xB46D, 0xD4EC, 0xE466, 0xFE70, 0xFE2D, 0xFDED, 0xFF36, 0xFEB2,
    0xFEB1, 0xFE2E, 0xA387, 0x28A1, 0x1861, 0x1840, 0x49C6, 0xDE99,
    0xFF9D, 0xF79D, 0xFFBE, 0xFFFF, 0xDEDB, 0x734D, 0x28E3, 0x1861,
    0x2040, 0x1000, 0x0800, 0x1040, 0x49E7, 0xBD75, 0x6B2C, 0x4142,
    0xF5EE, 0xF5EE, 0xFE50, 0xFE71, 0xFED4, 0xFF15, 0xFF15, 0xFEB2,
    0xFE6F, 0xF507, 0xEC24, 0xDB62, 0xD342, 0xCB22, 0xDB82, 0xD342,
    0xDB82, 0xE3A3, 0xE3C3, 0xE3A3, 0xEBC3, 0xE383, 0xD342, 0xD363,
    0xC302, 0xC2E2, 0xD363, 0xE404, 0xD363, 0xD343, 0xE3E4, 0xEC45,
    0xEC24, 0xEC04, 0xE404, 0xE405, 0xE404, 0xEC45, 0xEC86, 0xF4A6,
    0xF4C7, 0xFDAB, 0xFE91, 0xFEB2, 0xFE92, 0xF630, 0xFE50, 0xF60F,
    0xF5AD, 0xED8B, 0xF58B, 0xF5AC, 0xF5AC, 0xF58B, 0xF56B, 0xF56B,
    0xF58B, 0xF58B, 0xF5AB, 0xF5AB, 0xFDCC, 0xFDED, 0xFE2E, 0xF60E,
    0xFE0E, 0xD4A9, 0x71E2, 0xDD0B, 0xFEF4, 0xFED3, 0xF5CD, 0xF509,
    0xE446, 0xE466, 0xD48A, 0xCC6B, 0xC40A, 0xBBC9, 0xB368, 0x9A66,
    0x9225, 0x9225, 0x8183, 0x8142, 0x8163, 0x89A3, 0x99C4, 0xA225,
    0xAA66, 0xB2C8, 0xC309, 0xCB4A, 0xCB8B, 0xDC2D, 0xE44D, 0xDC2D,
    0xDC2C, 0xECEF, 0xED30, 0xED30, 0xED30, 0xED30, 0xED71, 0xF571,
    0xF5B2, 0xF5F2, 0xF613, 0xF613, 0xF633, 0xF654, 0xF653, 0xF674,
    0xF632, 0xF653, 0xF633, 0xEDF1, 0xEDF1, 0xEE32, 0xFF17, 0xEEF9,
    0xD616, 0xD617, 0xD638, 0xD638, 0xD638, 0xCE38, 0xCE18, 0xCDF7,
    0xCDF7, 0xC5D7, 0xC5D7, 0xC5D7, 0xC5D7, 0xC5D7, 0xC5D7, 0xC5D7,
    0x8AA6, 0x8AA6, 0x8AA6, 0x8AA6, 0x8AA6, 0x82A6, 0x8AA5, 0x8AA5,
    0x8AA5, 0x82A5, 0x8285, 0x8285, 0x8285, 0x8265, 0x8264, 0x8264,
    0x7A64, 0x7A64, 0x7A44, 0x7A44, 0x7A44, 0x7A44, 0x7A44, 0x7A44,
    0x7A23, 0x7A23, 0x7A23, 0x7A23, 0x7A23, 0x7A03, 0x7A02, 0x71E2,
    0x71E1, 0x71C1, 0x71C1, 0x71C1, 0x71C1, 0x71C1, 0x71C1, 0x71C1,
    0x71E1, 0x71E1, 0x71E1, 0x79E2, 0x7A02, 0x7A02, 0x7A02, 0x8222,
    0x8222, 0x8243, 0x8263, 0x8A84, 0x92C5, 0x9B27, 0xA368, 0xABA8,
    0xABC9, 0xABE9, 0xABE9, 0xABCA, 0xA3C9, 0x9BA9, 0x9B69, 0x9348,
    0x9348, 0x9B48, 0xA388, 0xABC9, 0xAC0A, 0xB40A, 0xAC0A, 0xB42B,
    0xBCAE, 0xDCA9, 0xECC8, 0xFE70, 0xFDCC, 0xFEF3, 0xFF35, 0xFEB1,
    0xF60E, 0xFE2D, 0xCC89, 0x20A1, 0x1020, 0x3964, 0xDE99, 0xFFDE,
    0xFFBE, 0xFFDF, 0xFFFF, 0x9492, 0x2903, 0x2061, 0x3924, 0x51C6,
    0x59E7, 0x49A6, 0x4145, 0x3903, 0x2020, 0x1020, 0x736D, 0x4A07,
    0xCCCB, 0xFE4F, 0xF650, 0xFE71, 0xFEF4, 0xFF15, 0xFEF5, 0xFED3,
    0xFDEC, 0xEC24, 0xDB62, 0xDBA3, 0xC2E1, 0xD322, 0xD362, 0xCB01,
    0xD342, 0xD362, 0xDB83, 0xE3E4, 0xE3C3, 0xDB62, 0xCB02, 0xCAC1,
    0xD363, 0xC2E2, 0xDBA3, 0xDBA4, 0xDB62, 0xD342, 0xE3C4, 0xDBC3,
    0xDB63, 0xDB62, 0xEC05, 0xE3E4, 0xDB83, 0xE3E4, 0xF4A7, 0xF4C6,
    0xF508, 0xFE2F, 0xFEB2, 0xFE92, 0xFED4, 0xFE92, 0xFE30, 0xF5AD,
    0xF58C, 0xED6B, 0xED6B, 0xF58B, 0xED6B, 0xF5AC, 0xF58B, 0xF56A,
    0xF56B, 0xF56A, 0xF58B, 0xF5AB, 0xF5CC, 0xFDED, 0xFDED, 0xFE0E,
    0xF60E, 0xF5CD, 0xC3E6, 0xDCEA, 0xFEB2, 0xFEF4, 0xF5EE, 0xEC87,
    0xEC87, 0xEC87, 0xD449, 0xB3A9, 0xAB48, 0x8A25, 0x81C4, 0x8162,
    0x8163, 0x89C4, 0x89A3, 0x8163, 0x89A3, 0x9A05, 0xA246, 0xA246,
    0xB2A7, 0xBAE8, 0xCB8A, 0xD3AB, 0xD38B, 0xDC4D, 0xE4AF, 0xE4AF,
    0xE48E, 0xED10, 0xED30, 0xF571, 0xF571, 0xF592, 0xF5B2, 0xF591,
    0xF5F2, 0xF5F2, 0xF613, 0xF633, 0xF654, 0xF674, 0xF654, 0xF653,
    0xF653, 0xF653, 0xEDF1, 0xE58F, 0xEDD0, 0xFEF6, 0xF719, 0xDE36,
    0xCDD6, 0xD617, 0xD638, 0xD638, 0xD638, 0xD638, 0xCE18, 0xCDF7,
    0xC5F7, 0xC5D7, 0xC5D7, 0xC5D7, 0xC5D7, 0xC5D7, 0xC5D7, 0xC5D7,
    0x8AC7, 0x8AE7, 0x8AC7, 0x8AC7, 0x8AC7, 0x8AC7, 0x8AC7, 0x8AC6,
    0x8AC6, 0x82A6, 0x82A6, 0x82A6, 0x8286, 0x8286, 0x8286, 0x8285,
    0x7A85, 0x7A85, 0x7A65, 0x7A65, 0x7A65, 0x8265, 0x8265, 0x7A65,
    0x7A44, 0x7A44, 0x7A44, 0x7A44, 0x7A23, 0x7A23, 0x7202, 0x71E2,
    0x71E1, 0x71C1, 0x71C1, 0x71C1, 0x71C1, 0x71C1, 0x71C1, 0x71C1,
    0x71E1, 0x79E1, 0x79E1, 0x7A02, 0x7A02, 0x7A22, 0x8222, 0x8243,
    0x8243, 0x8263, 0x8A63, 0x8AA4, 0x92E5, 0x9B27, 0xA388, 0xABA8,
    0xABC9, 0xABE9, 0xABEA, 0xABEA, 0xA3CA, 0x9B89, 0x9B69, 0x9348,
    0x9348, 0x9B48, 0xA388, 0xABC9, 0xB40A, 0xB40A, 0xB40A, 0xAC0B,
    0xC48C, 0xE487, 0xF52A, 0xFE0E, 0xFE71, 0xFF98, 0xFEF2, 0xFEB1,
    0xFE4E, 0xED09, 0x5183, 0x0820, 0x1061, 0xC595, 0xFFDE, 0xFFBE,
    0xFFFF, 0xFFFF, 0x7BCF, 0x28E3, 0x4144, 0x51A6, 0x6269, 0x6ACB,
    0x6ACB, 0x628A, 0x51E7, 0x5A28, 0x6249, 0x28A2, 0x0820, 0x41E7,
    0xA40A, 0xFE50, 0xF630, 0xFE92, 0xFF15, 0xFEF5, 0xFEF5, 0xFE91,
    0xF549, 0xE3C3, 0xDB83, 0xDB83, 0xD363, 0xD342, 0xD321, 0xD342,
    0xD342, 0xDBA3, 0xE3C3, 0xDB82, 0xD321, 0xE3E4, 0xD322, 0xD322,
    0xD343, 0xD342, 0xD322, 0xCAE1, 0xD322, 0xDB63, 0xE3C4, 0xDBC4,
    0xDB63, 0xDB83, 0xD342, 0xD342, 0xCB42, 0xE3E4, 0xEC66, 0xF508,
    0xFDCC, 0xFEB2, 0xFEF4, 0xFED4, 0xFED3, 0xFED3, 0xF630, 0xED8C,
    0xED8C, 0xED6B, 0xED8B, 0xED6B, 0xF56A, 0xED4A, 0xED29, 0xED49,
    0xF56A, 0xF58A, 0xF5AB, 0xF5CC, 0xF58B, 0xF5CC, 0xFDED, 0xFE2E,
    0xFE70, 0xFE2F, 0xF5AC, 0xF5CD, 0xFE91, 0xFED3, 0xFE50, 0xEC86,
    0xEC87, 0xF4A7, 0xCBC7, 0x8A04, 0x81A3, 0x7122, 0x7922, 0x8183,
    0x91E4, 0x9A25, 0x9A05, 0x9A05, 0xA225, 0xAA66, 0xBAC8, 0xB2A7,
    0xBAE8, 0xCB49, 0xD3AB, 0xDC4D, 0xDC0C, 0xE46E, 0xECF0, 0xECEF,
    0xECCF, 0xED10, 0xF592, 0xF592, 0xF5D2, 0xF5D2, 0xF5B2, 0xF5F2,
    0xF613, 0xF5F2, 0xF633, 0xF654, 0xF612, 0xEDF1, 0xF633, 0xF653,
    0xF674, 0xF673, 0xF653, 0xEDF1, 0xF694, 0xFF39, 0xDE36, 0xCDB5,
    0xCDF6, 0xD617, 0xD638, 0xD638, 0xD638, 0xD638, 0xCE18, 0xCE17,
    0xCDF7, 0xC5D7, 0xC5D7, 0xC5D7, 0xC5D7, 0xC5D7, 0xC5D7, 0xC5D7,
    0x8AE8, 0x8AE8, 0x8AE8, 0x8AE8, 0x8AE8, 0x8AE8, 0x8AE7, 0x8AE7,
    0x8AC7, 0x8AC7, 0x82C7, 0x82C7, 0x82C7, 0x82C7, 0x82C7, 0x82A7,
    0x82A7, 0x82A6, 0x82A6, 0x8286, 0x7A86, 0x8286, 0x8286, 0x7A86,
    0x7A65, 0x7A65, 0x7A65, 0x7A65, 0x7A44, 0x7A44, 0x7A23, 0x7203,
    0x71E2, 0x71C1, 0x71C1, 0x71C1, 0x71C1, 0x71C1, 0x71C1, 0x71E1,
    0x79E1, 0x7A02, 0x7A02, 0x7A02, 0x8222, 0x8223, 0x8243, 0x8243,
    0x8A63, 0x8A63, 0x8A84, 0x92A4, 0x9AE6, 0xA347, 0xA388, 0xABA9,
    0xB3E9, 0xB40A, 0xB40A, 0xABEA, 0xA3CA, 0x9B89, 0x9B69, 0x9348,
    0x9348, 0x9B48, 0xA388, 0xABC9, 0xB40A, 0xB42A, 0xB42A, 0xB42B,
    0xE52C, 0xFD8A, 0xF54A, 0xFDCD, 0xFF36, 0xFF77, 0xFED2, 0xFE91,
    0xFE8F, 0xDD2B, 0x28A1, 0x0000, 0x83CE, 0xFF9D, 0xF7BE, 0xFFDF,
    0xFFFF, 0x8C51, 0x41A6, 0x51C5, 0x4923, 0x6A69, 0x732C, 0x6AEB,
    0x62CB, 0x4A28, 0x6B2C, 0xEF5D, 0xF7BE, 0x9C51, 0x2081, 0x1040,
    0x72C7, 0xFE30, 0xF630, 0xFEB3, 0xFF16, 0xFEF5, 0xFEF4, 0xFEB2,
    0xF549, 0xE3E3, 0xDBA3, 0xD363, 0xD342, 0xD342, 0xDB62, 0xCB02,
    0xD343, 0xDBA3, 0xEC05, 0xEC45, 0xEC25, 0xDB83, 0xDB63, 0xBAC2,
    0xDB63, 0xEC46, 0xE3E4, 0xE3C4, 0xE3C4, 0xEC05, 0xE3E5, 0xE383,
    0xD322, 0xC2C1, 0xCB42, 0xDBA3, 0xE3E4, 0xDBC3, 0xE3E4, 0xF4A6,
    0xFDAC, 0xFE92, 0xFEB3, 0xFEF5, 0xFEB3, 0xFE30, 0xF5EE, 0xF5AD,
    0xED8C, 0xED6B, 0xED4A, 0xED49, 0xF58A, 0xF5EC, 0xFE0E, 0xFE0E,
    0xF5CC, 0xF5AB, 0xF5AB, 0xF58A, 0xF58B, 0xF5AC, 0xF5AC, 0xF5AC,
    0xF5CD, 0xF5EE, 0xFDEE, 0xFE0E, 0xFE71, 0xFED3, 0xFE71, 0xED09,
    0xECA7, 0xF508, 0xDC48, 0x81C3, 0x8183, 0x8983, 0x91C4, 0x9A05,
    0xA266, 0xAA87, 0xAA67, 0xAA66, 0xB2A7, 0xBAE8, 0xC329, 0xC34A,
    0xCB8B, 0xD3EC, 0xDBEC, 0xE44E, 0xE46E, 0xE48E, 0xECEF, 0xED10,
    0xF530, 0xF571, 0xF571, 0xF5B2, 0xF5F3, 0xF5F3, 0xF5F3, 0xF5F2,
    0xF613, 0xF612, 0xF633, 0xF674, 0xF694, 0xF674, 0xF694, 0xF695,
    0xEDD1, 0xE58F, 0xEDF1, 0xF654, 0xFF39, 0xEE97, 0xCDB4, 0xCDB4,
    0xCDF6, 0xD617, 0xD638, 0xD638, 0xD638, 0xD638, 0xCE18, 0xCE17,
    0xCDF7, 0xC5F7, 0xC5D7, 0xC5D7, 0xC5D7, 0xC5D7, 0xC5D7, 0xC5D7,
    0x8B08, 0x8B08, 0x8B08, 0x8B08, 0x8B08, 0x8B08, 0x8B08, 0x8AE8,
    0x8AE8, 0x8AE8, 0x8AE8, 0x8AE8, 0x8AE8, 0x8AE8, 0x82C8, 0x82C7,
    0x82C7, 0x82C7, 0x82C7, 0x82C7, 0x82A7, 0x82A7, 0x82A7, 0x82A7,
    0x7AA6, 0x7A86, 0x7A86, 0x7A86, 0x7A86, 0x7A65, 0x7A44, 0x7A23,
    0x7203, 0x71E2, 0x71C1, 0x71C1, 0x71C1, 0x71E1, 0x79E2, 0x79E2,
    0x7A02, 0x7A02, 0x7A02, 0x8222, 0x8223, 0x8243, 0x8263, 0x8A63,
    0x8A64, 0x8A84, 0x8A84, 0x92C5, 0x9B06, 0xA347, 0xAB88, 0xABC9,
    0xB3E9, 0xB40A, 0xB40A, 0xABEA, 0xA3CA, 0xA3A9, 0x9B68, 0x9348,
    0x9348, 0x9B48, 0xA388, 0xABE9, 0xB40A, 0xB42A, 0xB42A, 0xBC4B,
    0xEDCE, 0xFDAB, 0xF56A, 0xFE91, 0xFFBA, 0xFF35, 0xFF13, 0xFE90,
    0xFEB0, 0x8B28, 0x1000, 0x41A6, 0xF73B, 0xFFBE, 0xFFBE, 0xFFFF,
    0xAD75, 0x41E7, 0x5A27, 0x5143, 0x5143, 0x49C7, 0x4208, 0x2986,
    0x2945, 0x1082, 0xA514, 0xFFFF, 0xF79E, 0xF7BE, 0x4185, 0x1800,
    0x6226, 0xF631, 0xEE10, 0xFED4, 0xFF15, 0xFEF5, 0xFF15, 0xFE71,
    0xF4E7, 0xE3E3, 0xDB62, 0xCB22, 0xCB43, 0xD383, 0xCB02, 0xCB02,
    0xDBA3, 0xE3E4, 0xEC66, 0xF4C7, 0xF4A7, 0xDBA3, 0xD343, 0xC2E2,
    0xDB83, 0xEC45, 0xE3E4, 0xE3E4, 0xEC04, 0xE3E4, 0xDBA3, 0xDBA4,
    0xBAC2, 0xBAA1, 0xCB63, 0xDBC4, 0xC2E2, 0xC302, 0xDBA3, 0xEC65,
    0xF5AC, 0xFE51, 0xFEB3, 0xFEB3, 0xF630, 0xF5AE, 0xF5CE, 0xED8C,
    0xED8C, 0xED4A, 0xF56B, 0xFDED, 0xFE50, 0xFE70, 0xFE70, 0xFE91,
    0xFEB2, 0xFE91, 0xFE4F, 0xFE2E, 0xF58B, 0xED29, 0xED4A, 0xF56A,
    0xF5AC, 0xF5AC, 0xF5CD, 0xFE0E, 0xFE50, 0xFE91, 0xF5EF, 0xE467,
    0xE466, 0xF529, 0xED0B, 0x9224, 0x89C4, 0x9A25, 0xA246, 0xAAA7,
    0xB2C8, 0xBB09, 0xBB09, 0xBAC8, 0xBB09, 0xCB4A, 0xCBAB, 0xD3AB,
    0xD3EC, 0xDC4D, 0xE44D, 0xE46E, 0xE4AF, 0xECCF, 0xED10, 0xF551,
    0xF592, 0xF592, 0xF5B2, 0xF5D2, 0xF5F2, 0xF633, 0xF633, 0xF612,
    0xF633, 0xF653, 0xF674, 0xF674, 0xFE95, 0xFEB5, 0xF6B5, 0xF653,
    0xE590, 0xE58F, 0xEE32, 0xFF18, 0xE676, 0xD5D4, 0xCDB3, 0xCDB4,
    0xD5F6, 0xD617, 0xD638, 0xD638, 0xD638, 0xD638, 0xCE18, 0xCE18,
    0xCDF7, 0xC5F7, 0xC5D7, 0xC5D7, 0xC5D7, 0xC5D7, 0xC5D7, 0xC5D7,
    0x8B09, 0x8B08, 0x8B08, 0x8B08, 0x8B08, 0x8B08, 0x8B08, 0x8B08,
    0x8B08, 0x8B08, 0x8B08, 0x8B08, 0x8AE8, 0x8AE8, 0x8AE8, 0x82E8,
    0x82E8, 0x82E8, 0x82C8, 0x82C8, 0x82C8, 0x82C8, 0x82C7, 0x82C7,
    0x82C7, 0x82A7, 0x82A7, 0x82A7, 0x7AA6, 0x7A86, 0x7A65, 0x7A44,
    0x7A23, 0x7A02, 0x79E2, 0x71E2, 0x79E2, 0x79E2, 0x79E2, 0x7A02,
    0x7A02, 0x8222, 0x8222, 0x8223, 0x8243, 0x8263, 0x8A63, 0x8A63,
    0x8A84, 0x8A84, 0x8AA4, 0x92C5, 0x9B06, 0xA347, 0xABA8, 0xABC9,
    0xB3E9, 0xB40A, 0xB40A, 0xABEA, 0xABEA, 0xA3A9, 0x9B69, 0x9348,
    0x9348, 0x9B68, 0xA388, 0xABE9, 0xB40A, 0xB42A, 0xB40A, 0xBC8C,
    0xFE50, 0xFE4E, 0xFE70, 0xFF56, 0xFF77, 0xFED2, 0xE5AE, 0xE58C,
    0xC48A, 0x3902, 0x1840, 0xB554, 0xFFDE, 0xF7BE, 0xFFFF, 0xE73C,
    0x526A, 0x51C6, 0x5163, 0x5122, 0x20A2, 0x0861, 0x1061, 0x0841,
    0x0841, 0x0000, 0x738E, 0xFFFF, 0xFFFF, 0xE71C, 0x4144, 0x2060,
    0x51C4, 0xEE31, 0xF651, 0xFED4, 0xFEF5, 0xFF15, 0xFF15, 0xFE70,
    0xEC85, 0xEC04, 0xDB83, 0xD363, 0xD363, 0xDBA3, 0xD363, 0xDB83,
    0xD343, 0xDB63, 0xE3C3, 0xEC24, 0xF445, 0xE3E4, 0xD342, 0xD363,
    0xD342, 0xDB83, 0xE3E4, 0xEC25, 0xEC65, 0xEC25, 0xE3E4, 0xE3E4,
    0xDBC4, 0xD383, 0xCB22, 0xC2E2, 0xC302, 0xCB02, 0xD382, 0xF4C7,
    0xFE0E, 0xFE92, 0xFED4, 0xFED4, 0xFE72, 0xF5CF, 0xED8C, 0xED4B,
    0xE52A, 0xED6B, 0xF5CD, 0xFE0E, 0xFE6F, 0xFE90, 0xFE70, 0xFE90,
    0xFEB1, 0xFE90, 0xFE91, 0xFE92, 0xFE50, 0xED2A, 0xED2A, 0xF58B,
    0xF58B, 0xF5ED, 0xFE0E, 0xFE2F, 0xFE50, 0xFE70, 0xFE2F, 0xDC26,
    0xDC05, 0xECC7, 0xED4B, 0xB368, 0xB369, 0xB349, 0xBB49, 0xC36A,
    0xBB29, 0xCB8B, 0xCBAB, 0xD3AB, 0xCBAB, 0xD3AB, 0xD3EC, 0xD3EC,
    0xDC4E, 0xE48E, 0xE48E, 0xECCF, 0xED10, 0xED10, 0xF551, 0xF551,
    0xF591, 0xF5D2, 0xF613, 0xF5F2, 0xF5F2, 0xF654, 0xF633, 0xF633,
    0xF633, 0xF612, 0xF653, 0xF6B5, 0xFEB5, 0xF694, 0xF673, 0xF674,
    0xEE12, 0xEE12, 0xFEF7, 0xEE96, 0xD592, 0xCD51, 0xCD93, 0xCDD5,
    0xD5F6, 0xD617, 0xD638, 0xD638, 0xD638, 0xD638, 0xCE18, 0xCE18,
    0xCDF7, 0xCDF7, 0xC5D7, 0xC5D7, 0xC5D7, 0xC5D7, 0xC5D7, 0xC5D7,
    0x9329, 0x9329, 0x9329, 0x9329, 0x9329, 0x8B29, 0x8B09, 0x8B09,
    0x8B09, 0x8B09, 0x8B09, 0x8B09, 0x8B08, 0x8B08, 0x8AE8, 0x82E8,
    0x82E8, 0x82E8, 0x82E8, 0x82E8, 0x82E8, 0x82E8, 0x82C8, 0x82C8,
    0x82C8, 0x82C8, 0x82C8, 0x82C7, 0x82A7, 0x82A6, 0x8285, 0x7A65,
    0x7A44, 0x7A23, 0x7A02, 0x79E2, 0x79E2, 0x7A02, 0x7A02, 0x7A02,
    0x8222, 0x8222, 0x8243, 0x8243, 0x8243, 0x8A63, 0x8A63, 0x8A84,
    0x8A84, 0x8A84, 0x92A4, 0x92C5, 0x9B06, 0xA347, 0xABA8, 0xABC9,
    0xB3EA, 0xB40A, 0xB40A, 0xABEA, 0xABEA, 0xA3A9, 0x9B89, 0x9B68,
    0x9348, 0x9B68, 0xA388, 0xABE9, 0xB40A, 0xB42B, 0xB40A, 0xD52E,
    0xFF13, 0xFF56, 0xFEF3, 0xFF78, 0xFF36, 0xFEF3, 0xCCEB, 0x4142,
    0x0820, 0x1820, 0x5207, 0xF77D, 0xFFBE, 0xFFBE, 0xFFFF, 0x9471,
    0x4186, 0x5142, 0x5121, 0x28A1, 0x0020, 0x0840, 0x0841, 0x0841,
    0x0841, 0x0820, 0x0840, 0x73AE, 0xA514, 0x41E7, 0x30C1, 0x2881,
    0x4143, 0xEE12, 0xF672, 0xFEF5, 0xFEF5, 0xFEF5, 0xFF36, 0xFE2E,
    0xEC03, 0xE3C3, 0xDBA3, 0xDBA3, 0xE3C4, 0xE3C3, 0xE3A3, 0xE3E3,
    0xDBA3, 0xE3E4, 0xF465, 0xEC24, 0xF424, 0xE3C3, 0xE3C3, 0xCB02,
    0xDBA3, 0xF466, 0xF4A6, 0xEC65, 0xEC66, 0xEC45, 0xE3E4, 0xDB83,
    0xDBA3, 0xC2E2, 0xBAA1, 0xC2A1, 0xD322, 0xCB43, 0xDBC3, 0xF529,
    0xFE93, 0xFED4, 0xFED4, 0xFEB3, 0xF5F0, 0xEDCE, 0xE54C, 0xDCEA,
    0xE50A, 0xF5AC, 0xFE2E, 0xED8D, 0xB42A, 0x8307, 0x6A86, 0x7AC7,
    0x82E7, 0x9B88, 0xD4EC, 0xFE70, 0xFE91, 0xF5EE, 0xED2A, 0xED6B,
    0xF58B, 0xF5AB, 0xFDED, 0xFE2F, 0xFE2F, 0xFE70, 0xFE0F, 0xDC05,
    0xE404, 0xF4C7, 0xED4B, 0xCC4A, 0xCC8C, 0xD4AD, 0xD4AD, 0xD44D,
    0xD44D, 0xDC8E, 0xDC8E, 0xDC2D, 0xE46E, 0xDC4E, 0xDC4D, 0xDC6E,
    0xE46E, 0xE48E, 0xE4AF, 0xE46D, 0xED10, 0xF571, 0xED50, 0xF571,
    0xF5D2, 0xF613, 0xF633, 0xF633, 0xF653, 0xF674, 0xF674, 0xF674,
    0xF653, 0xF674, 0xF673, 0xF653, 0xF674, 0xF674, 0xF653, 0xF653,
    0xF653, 0xFEF6, 0xF6B6, 0xD591, 0xC510, 0xC531, 0xCD73, 0xCDB5,
    0xD5F6, 0xD617, 0xD638, 0xD638, 0xD638, 0xD638, 0xCE38, 0xCE18,
    0xCE17, 0xCDF7, 0xC5D7, 0xC5D7, 0xC5D7, 0xC5D7, 0xC5F7, 0xCDF7,
    0x9329, 0x9329, 0x9329, 0x9329, 0x9329, 0x9329, 0x8B29, 0x8B29,
    0x8B29, 0x8B29, 0x8B29, 0x8B29, 0x8B09, 0x8B09, 0x8B09, 0x8B09,
    0x8B09, 0x8B09, 0x8B09, 0x8B09, 0x8AE9, 0x82E9, 0x82E9, 0x82E8,
    0x82E8, 0x82E8, 0x82C8, 0x82C8, 0x82C7, 0x82A7, 0x82A6, 0x8265,
    0x8244, 0x8223, 0x7A02, 0x7A02, 0x7A02, 0x7A02, 0x8222, 0x8222,
    0x8243, 0x8243, 0x8243, 0x8A63, 0x8A63, 0x8A63, 0x8A84, 0x8A84,
    0x8A84, 0x92A4, 0x92A4, 0x92C5, 0x9B06, 0xA367, 0xABA8, 0xB3E9,
    0xB40A, 0xB40A, 0xB40A, 0xABEA, 0xABEA, 0xA3A9, 0x9B89, 0x9B68,
    0x9348, 0x9B68, 0xA389, 0xABE9, 0xB40A, 0xB42B, 0xB42B, 0xEE31,
    0xFF77, 0xFF57, 0xFF15, 0xFF57, 0xFF14, 0xFE90, 0xFE6F, 0xDCC9,
    0x61C2, 0x1000, 0xA4B1, 0xFFDE, 0xFFBE, 0xFFFF, 0xEF5D, 0x41A6,
    0x4102, 0x5121, 0x40E1, 0x0820, 0x0840, 0x0840, 0x0841, 0x0840,
    0x0820, 0x0820, 0x0820, 0x0000, 0x0000, 0x0000, 0x28C2, 0x2880,
    0x4143, 0xEE11, 0xF673, 0xFED5, 0xFEF5, 0xFF16, 0xFF35, 0xFDAC,
    0xE3E3, 0xE3E4, 0xDBA3, 0xD363, 0xE3E4, 0xF465, 0xF4A6, 0xFCE7,
    0xFCA5, 0xFCE6, 0xFCC6, 0xF485, 0xF465, 0xEBE3, 0xD342, 0xC2E1,
    0xEC45, 0xF486, 0xF4C7, 0xF4C7, 0xF466, 0xEC45, 0xE404, 0xCB42,
    0xC2C1, 0xCB02, 0xBAE2, 0xCB22, 0xDB83, 0xDBA3, 0xEC24, 0xFDED,
    0xFEF4, 0xFEB4, 0xFED4, 0xF693, 0xEE10, 0xEDAE, 0xDD0B, 0xDCC9,
    0xED8C, 0xE56C, 0x9368, 0x3943, 0x0820, 0x0800, 0x1020, 0x1040,
    0x1841, 0x1041, 0x20A1, 0x72A6, 0xD50C, 0xFE2F, 0xEDCE, 0xE509,
    0xF56B, 0xF5AC, 0xFE0D, 0xFE2F, 0xFE2F, 0xFE4F, 0xFE0E, 0xECE8,
    0xF4C7, 0xFD8A, 0xF5CD, 0xCC8B, 0xCC8C, 0xD4ED, 0xDD0E, 0xDD2F,
    0xE570, 0xE530, 0xE530, 0xE4EF, 0xE4CF, 0xE4CF, 0xE48E, 0xE4AF,
    0xE4CF, 0xECCF, 0xECEF, 0xECEF, 0xED30, 0xF5D2, 0xF5D2, 0xF5B1,
    0xF613, 0xF633, 0xFE53, 0xF633, 0xF612, 0xF653, 0xF674, 0xF695,
    0xFEB5, 0xFEB5, 0xFEB5, 0xF694, 0xEE33, 0xEE12, 0xEE11, 0xEE53,
    0xFEF7, 0xF6F8, 0xD550, 0xCD0F, 0xC4EF, 0xC531, 0xCD73, 0xCDB5,
    0xD5F6, 0xD637, 0xD658, 0xD638, 0xD638, 0xD638, 0xCE38, 0xCE18,
    0xCE17, 0xCDF7, 0xCDF7, 0xCDF7, 0xCDF7, 0xCDF7, 0xCDF7, 0xCDF7,
    0x934A, 0x934A, 0x934A, 0x934A, 0x934A, 0x934A, 0x9349, 0x9329,
    0x9329, 0x9329, 0x9329, 0x8B29, 0x8B29, 0x8B29, 0x8B29, 0x8B29,
    0x8B09, 0x8B09, 0x8B09, 0x8B29, 0x8B29, 0x8B29, 0x8B09, 0x8B09,
    0x82E9, 0x82E9, 0x82E9, 0x82E8, 0x82E8, 0x82C7, 0x82A6, 0x8285,
    0x8264, 0x8243, 0x7A23, 0x7A02, 0x7A02, 0x8222, 0x8222, 0x8223,
    0x8243, 0x8243, 0x8A63, 0x8A63, 0x8A63, 0x8A84, 0x8A84, 0x9284,
    0x92A4, 0x92A4, 0x92C4, 0x92E5, 0x9B06, 0xA367, 0xABA8, 0xB3C9,
    0xB40A, 0xB40A, 0xB40A, 0xABEA, 0xABEA, 0xA3A9, 0x9B89, 0x9B68,
    0x9B68, 0x9B68, 0xA389, 0xABE9, 0xB40A, 0xB42B, 0xC4AC, 0xFEB3,
    0xFF35, 0xFF35, 0xFEB2, 0xFF15, 0xFED1, 0xFE6E, 0xF5CC, 0xED29,
    0x8262, 0x28C2, 0xDE78, 0xFFBD, 0xF79E, 0xFFFF, 0xAD55, 0x2040,
    0x5121, 0x5100, 0x1860, 0x0020, 0x0840, 0x0840, 0x0820, 0x0820,
    0x0820, 0x0820, 0x0820, 0x0861, 0x1082, 0x0861, 0x1881, 0x2860,
    0x4163, 0xE5F1, 0xF694, 0xFEF6, 0xFF15, 0xFF15, 0xFF14, 0xFD8A,
    0xEC44, 0xEC24, 0xE404, 0xDB83, 0xEC45, 0xFD07, 0xFD27, 0xFD48,
    0xF4A6, 0xF4C6, 0xF485, 0xF4C6, 0xF4A6, 0xF445, 0xDB83, 0xD342,
    0xF466, 0xF4C7, 0xF4C7, 0xF4C6, 0xF486, 0xF4C7, 0xE404, 0xD343,
    0xD343, 0xDB83, 0xDBA4, 0xC322, 0xCB42, 0xDBE4, 0xF486, 0xFE4F,
    0xFEF5, 0xFEF5, 0xFED5, 0xF693, 0xEDF0, 0xE58E, 0xD4CA, 0xED4B,
    0xD4CB, 0x4963, 0x0000, 0x1881, 0x3124, 0x41A5, 0x4185, 0x28E3,
    0x1861, 0x1860, 0x1881, 0x1040, 0x1881, 0x6A25, 0xE58D, 0xE54B,
    0xED4A, 0xF5AC, 0xF5CC, 0xFE0E, 0xFE0E, 0xFE50, 0xFE2F, 0xFDED,
    0xFE2F, 0xFE2F, 0xFE70, 0xDD4D, 0xCCAC, 0xD4CD, 0xDD0E, 0xDD0E,
    0xE52E, 0xE550, 0xED70, 0xED70, 0xED50, 0xED30, 0xED30, 0xED51,
    0xED30, 0xED51, 0xED50, 0xF591, 0xF5D3, 0xF5F2, 0xF5F3, 0xF5F2,
    0xF612, 0xF612, 0xF633, 0xF653, 0xF653, 0xF633, 0xFEB5, 0xFE95,
    0xF694, 0xF674, 0xF694, 0xF694, 0xF653, 0xEE32, 0xEE32, 0xF6B6,
    0xF719, 0xDDD3, 0xC4CD, 0xC4CE, 0xC4EF, 0xC531, 0xCD73, 0xCDB5,
    0xD5F6, 0xD637, 0xD638, 0xD638, 0xD638, 0xD638, 0xD638, 0xCE18,
    0xCE18, 0xCE17, 0xCE17, 0xCE17, 0xCE18, 0xCE17, 0xCE18, 0xCE18,
    0x934A, 0x934A, 0x934A, 0x934A, 0x934A, 0x934A, 0x934A, 0x934A,
    0x934A, 0x934A, 0x934A, 0x934A, 0x934A, 0x934A, 0x8B4A, 0x8B29,
    0x8B29, 0x9329, 0x9349, 0x934A, 0x936A, 0x936A, 0x934A, 0x9329,
    0x8B09, 0x8309, 0x82E9, 0x82E9, 0x82E8, 0x82E7, 0x82C7, 0x82A6,
    0x8264, 0x8243, 0x8223, 0x8222, 0x8222, 0x8222, 0x8223, 0x8243,
    0x8243, 0x8A63, 0x8A63, 0x8A63, 0x8A84, 0x8A84, 0x8A84, 0x92A4,
    0x92A4, 0x92A4, 0x92C4, 0x92E5, 0x9B26, 0xA367, 0xABA8, 0xB3C9,
    0xB40A, 0xB40A, 0xB40A, 0xABEA, 0xABEA, 0xA3CA, 0x9B89, 0x9B69,
    0x9B68, 0x9B68, 0xA389, 0xABEA, 0xB42A, 0xB42A, 0xCCED, 0xFE0E,
    0xF58C, 0xF5ED, 0xF58B, 0xFED2, 0xFEB1, 0xFE4E, 0xF5CC, 0xFDEC,
    0x92E4, 0x5A48, 0xFF7D, 0xF77D, 0xF79D, 0xFFFF, 0x734D, 0x3040,
    0x5921, 0x40E0, 0x0800, 0x0820, 0x0820, 0x0820, 0x0820, 0x0800,
    0x0800, 0x0800, 0x0800, 0x0820, 0x0841, 0x0861, 0x1881, 0x2860,
    0x4984, 0xEE12, 0xF694, 0xFEF6, 0xFEF5, 0xFF16, 0xFE2E, 0xF485,
    0xEC24, 0xEC24, 0xF4C6, 0xFCE7, 0xFCE7, 0xFD07, 0xFCE6, 0xFCE7,
    0xF4C6, 0xF4A5, 0xF4C6, 0xFCC6, 0xF485, 0xEC04, 0xE3C3, 0xE3C3,
    0xEC04, 0xE404, 0xF465, 0xF4C7, 0xFD28, 0xF4C7, 0xEC04, 0xDB83,
    0xD383, 0xD363, 0xD363, 0xD3A4, 0xD383, 0xE404, 0xF56A, 0xFED4,
    0xFED5, 0xFED4, 0xF673, 0xEE31, 0xE5CF, 0xDD2C, 0xE54C, 0xC46A,
    0x1880, 0x3104, 0x83AD, 0xB513, 0xCDF7, 0xCDF7, 0xBD55, 0xA491,
    0x7B4C, 0x4185, 0x1040, 0x1881, 0x1881, 0x1861, 0xABE9, 0xFE71,
    0xE52A, 0xED4A, 0xF5AC, 0xF5CC, 0xFE0D, 0xFE50, 0xFE70, 0xFEB3,
    0xFED3, 0xFEB2, 0xFE71, 0xE56E, 0xD4ED, 0xD4CD, 0xD4CC, 0xD4CD,
    0xDD0E, 0xE52F, 0xE54F, 0xE54F, 0xE550, 0xED91, 0xEDB1, 0xF5D2,
    0xF5F2, 0xF5F3, 0xF5F2, 0xF5F2, 0xF613, 0xF634, 0xF634, 0xF613,
    0xF612, 0xF633, 0xF633, 0xF633, 0xF695, 0xF694, 0xFEB6, 0xFED6,
    0xF695, 0xF633, 0xF674, 0xF653, 0xEE32, 0xF674, 0xFED6, 0xEE97,
    0xD5B3, 0xC510, 0xC4CD, 0xC4CD, 0xC4EF, 0xCD31, 0xCD73, 0xCDB4,
    0xD5F6, 0xD637, 0xD638, 0xD638, 0xD638, 0xD638, 0xD638, 0xCE38,
    0xCE18, 0xCE18, 0xCE18, 0xCE18, 0xCE18, 0xCE18, 0xCE18, 0xCE18,
    0x936A, 0x936A, 0x936A, 0x936A, 0x936A, 0x936A, 0x934A, 0x934A,
    0x934A, 0x934A, 0x934A, 0x934A, 0x934A, 0x934A, 0x934A, 0x934A,
    0x934A, 0x9B6A, 0x9B8A, 0xA38A, 0xA38A, 0xA38A, 0x9B8A, 0x9B6A,
    0x934A, 0x8B29, 0x8B09, 0x8309, 0x8B08, 0x8AE8, 0x8AC7, 0x82A6,
    0x8285, 0x8264, 0x8243, 0x8223, 0x8223, 0x8223, 0x8243, 0x8243,
    0x8A63, 0x8A63, 0x8A83, 0x8A84, 0x8A84, 0x8A84, 0x92A4, 0x92A4,
    0x92A4, 0x92A4, 0x92C4, 0x92E5, 0x9B26, 0xA367, 0xABA8, 0xB3C9,
    0xB40A, 0xB40A, 0xB40A, 0xAC0A, 0xA3EA, 0xA3CA, 0x9B89, 0x9B69,
    0x9B68, 0x9B68, 0xA3A9, 0xABEA, 0xB42A, 0xB42A, 0xD50C, 0xF529,
    0xECA7, 0xE4A8, 0xED6C, 0xFF13, 0xFEB0, 0xFE2D, 0xF5CB, 0xFE0C,
    0x7A63, 0x8BAE, 0xFFDE, 0xF77D, 0xF79D, 0xFFDF, 0x4A07, 0x3880,
    0x6140, 0x38C0, 0x0000, 0x0820, 0x0820, 0x0820, 0x0000, 0x0000,
    0x0000, 0x0000, 0x0800, 0x0820, 0x0841, 0x0841, 0x1881, 0x2860,
    0x72A7, 0xF693, 0xF6B4, 0xFF16, 0xFF16, 0xFED3, 0xF4E7, 0xEC24,
    0xF465, 0xF4A5, 0xFD07, 0xF4A6, 0xF465, 0xFCE6, 0xFCE6, 0xFCC5,
    0xFCC5, 0xFCE6, 0xFCE6, 0xF4A6, 0xF465, 0xE3C3, 0xE3A3, 0xE3C3,
    0xE3E4, 0xEC45, 0xF485, 0xF4C7, 0xFD28, 0xFCC7, 0xFCC7, 0xE404,
    0xE3E4, 0xDBA4, 0xC302, 0xD383, 0xE425, 0xEC86, 0xFDED, 0xFE93,
    0xFED5, 0xFEF6, 0xF673, 0xE5F0, 0xE58F, 0xDD2C, 0xDD0C, 0x3943,
    0x4A08, 0x8BEF, 0x83EF, 0x83EF, 0xA4F3, 0xD679, 0xF77D, 0xEF1C,
    0xDE79, 0xC575, 0x7B2B, 0x28C2, 0x1840, 0x1861, 0x20A1, 0x9B69,
    0xC448, 0xDCA8, 0xF5AC, 0xF5CC, 0xFDED, 0xFE50, 0xFEB2, 0xFEF4,
    0xFE91, 0xFE71, 0xFE92, 0xDD2D, 0xD4CC, 0xD4CD, 0xD4CD, 0xDCED,
    0xDD0E, 0xE52F, 0xE52E, 0xED70, 0xEDB1, 0xEDD1, 0xF613, 0xF613,
    0xF613, 0xF5F2, 0xF5F2, 0xF5F2, 0xF5F2, 0xF633, 0xF633, 0xF633,
    0xF633, 0xF653, 0xF653, 0xF674, 0xFE94, 0xFEB5, 0xFEB5, 0xF695,
    0xFEB6, 0xF674, 0xEE12, 0xEE12, 0xF653, 0xFEF7, 0xE677, 0xCD94,
    0xC511, 0xC4EF, 0xC4CE, 0xC4CD, 0xC4EF, 0xCD31, 0xCD73, 0xCDB4,
    0xD5F6, 0xD637, 0xD638, 0xD638, 0xD638, 0xD658, 0xD638, 0xD638,
    0xCE38, 0xCE18, 0xCE18, 0xCE18, 0xD638, 0xCE38, 0xCE18, 0xCE18,
    0x936B, 0x936B, 0x936B, 0x936A, 0x936B, 0x936B, 0x936A, 0x936A,
    0x936A, 0x936A, 0x936A, 0x936A, 0x934A, 0x934A, 0x934A, 0x934A,
    0x9B6A, 0xA38A, 0xABAB, 0xABCB, 0xABCB, 0xABCB, 0xABCB, 0xA3AA,
    0x9B6A, 0x934A, 0x8B29, 0x8B09, 0x8B09, 0x8AE8, 0x8AE7, 0x8AA6,
    0x8A85, 0x8264, 0x8243, 0x8223, 0x8243, 0x8243, 0x8243, 0x8A63,
    0x8A63, 0x8A63, 0x8A84, 0x8A84, 0x92A4, 0x92A4, 0x92A4, 0x92A4,
    0x92A4, 0x92A4, 0x92C4, 0x9AE5, 0x9B26, 0xA367, 0xABA8, 0xB3C9,
    0xB40A, 0xB40A, 0xB40A, 0xAC0A, 0xA3EA, 0xA3CA, 0x9B89, 0x9B69,
    0x9B68, 0x9B68, 0xA3A9, 0xABEA, 0xB40A, 0xB42B, 0xE52C, 0xECE8,
    0xE487, 0xE4C9, 0xFE71, 0xFEF3, 0xFE6F, 0xFE0C, 0xFDEB, 0xFDCB,
    0x61C2, 0xB513, 0xFFDE, 0xF77D, 0xF79D, 0xEF3C, 0x3964, 0x48C0,
    0x6160, 0x30A0, 0x0000, 0x0820, 0x0820, 0x0000, 0x0000, 0x0000,
    0x0000, 0x0000, 0x0800, 0x0820, 0x0820, 0x0820, 0x1040, 0x2860,
    0x9BCB, 0xFE94, 0xF6D5, 0xFEF6, 0xFED4, 0xFE2F, 0xF4E6, 0xF4C6,
    0xF4A5, 0xF4A5, 0xF4E7, 0xF4A7, 0xF54A, 0xFDCC, 0xFDAC, 0xFDAC,
    0xFDCC, 0xFDAB, 0xFDCC, 0xFD49, 0xF4C8, 0xF465, 0xE3C3, 0xEC45,
    0xF445, 0xF465, 0xEC65, 0xF4E7, 0xFD69, 0xFD69, 0xFD28, 0xFD07,
    0xF4C7, 0xDBE4, 0xD383, 0xD3A3, 0xE425, 0xF4A6, 0xFE50, 0xFE93,
    0xFEB4, 0xF694, 0xF652, 0xE5D0, 0xDD4D, 0xED8D, 0x6A86, 0x2104,
    0x2924, 0x0000, 0x0800, 0x1000, 0x1000, 0x1881, 0x52AA, 0xCE79,
    0xFFFF, 0xE6FB, 0xD658, 0x9C2F, 0x28C2, 0x1840, 0x1861, 0x3902,
    0xDD2D, 0xE4E9, 0xED6B, 0xF5CC, 0xFDEE, 0xFE50, 0xFE92, 0xFEB2,
    0xFDAC, 0xFDAB, 0xFE91, 0xDD2D, 0xC46A, 0xCC6B, 0xCCAC, 0xDD2E,
    0xDD2E, 0xDD0E, 0xE54F, 0xED90, 0xEDD1, 0xF5D1, 0xF5F2, 0xF613,
    0xF613, 0xF5F2, 0xF612, 0xF5F2, 0xF633, 0xF633, 0xF654, 0xF633,
    0xF653, 0xFE95, 0xFED6, 0xFE74, 0xF674, 0xF674, 0xF6B5, 0xFEB6,
    0xF674, 0xF695, 0xEE12, 0xF653, 0xF6F7, 0xE697, 0xCDB4, 0xC552,
    0xC531, 0xC50F, 0xC4EE, 0xC4CD, 0xC4EF, 0xCD31, 0xCD73, 0xCDB5,
    0xD5F6, 0xD637, 0xD638, 0xD658, 0xD658, 0xD638, 0xD638, 0xD638,
    0xD638, 0xD638, 0xD638, 0xD638, 0xD638, 0xD638, 0xD638, 0xD638,
    0x938B, 0x9B6B, 0x9B8B, 0x9B8B, 0x9B8B, 0x9B8B, 0x9B6B, 0x936B,
    0x936A, 0x936A, 0x936A, 0x936A, 0x936A, 0x936A, 0x936A, 0x9B8B,
    0xA3AB, 0xABCB, 0xB3EB, 0xB40B, 0xB40B, 0xB40B, 0xB40B, 0xABEB,
    0xA3AA, 0x9B8A, 0x934A, 0x8B29, 0x8B09, 0x8B08, 0x8AE7, 0x8AA6,
    0x8A85, 0x8264, 0x8243, 0x8243, 0x8243, 0x8243, 0x8243, 0x8A63,
    0x8A63, 0x8A84, 0x8A84, 0x9284, 0x92A4, 0x92A4, 0x92A4, 0x92A4,
    0x92A4, 0x92A4, 0x92C5, 0x92E5, 0x9B26, 0xA367, 0xABA8, 0xB3E9,
    0xB40A, 0xB40A, 0xB40A, 0xAC0A, 0xABEA, 0xA3CA, 0x9B89, 0x9B69,
    0x9B68, 0x9B68, 0xA3A9, 0xABEA, 0xAC0A, 0xB42B, 0xED6C, 0xF54A,
    0xED2B, 0xF5CD, 0xFEB2, 0xFEB2, 0xFE4E, 0xFE0D, 0xFDEB, 0xFD8A,
    0x61E3, 0xC5D6, 0xFF9D, 0xF75C, 0xF77D, 0xE6FB, 0x3103, 0x50E0,
    0x71A0, 0x38C0, 0x0000, 0x0820, 0x0820, 0x0820, 0x0820, 0x0800,
    0x0800, 0x0820, 0x0820, 0x0820, 0x0820, 0x0820, 0x1040, 0x2860,
    0xBCCE, 0xFEF5, 0xFEF5, 0xFEF5, 0xFEB2, 0xFDAC, 0xF4E7, 0xF4E8,
    0xF56B, 0xF5AD, 0xFE51, 0xFED4, 0xFF16, 0xFF37, 0xFF37, 0xFF16,
    0xFEF5, 0xFEF5, 0xFF16, 0xFED4, 0xFE72, 0xFE51, 0xF5AD, 0xF56B,
    0xF508, 0xF4C7, 0xF529, 0xF4E7, 0xF485, 0xFD07, 0xFD69, 0xFD89,
    0xFD28, 0xF4E8, 0xEC86, 0xDBC4, 0xE404, 0xF4C7, 0xFE50, 0xFEB4,
    0xF673, 0xF653, 0xEE32, 0xDD6E, 0xDD4D, 0xB42A, 0x2081, 0x0800,
    0x1040, 0x4186, 0x5228, 0x49C6, 0x4144, 0x2061, 0x0000, 0x20A2,
    0xAD34, 0xFFFF, 0xEF1C, 0xDEB9, 0x9C2F, 0x2081, 0x1861, 0x0820,
    0x8B48, 0xF5CD, 0xED4B, 0xF5AC, 0xF5ED, 0xFE50, 0xFE92, 0xED4B,
    0xEC86, 0xF529, 0xFE50, 0xD4EC, 0xC42A, 0xC46A, 0xCCAB, 0xD4ED,
    0xE56F, 0xE590, 0xE54E, 0xEDB0, 0xEDD1, 0xF612, 0xF5F2, 0xF613,
    0xF633, 0xF633, 0xF654, 0xF653, 0xF653, 0xF654, 0xF674, 0xF653,
    0xF653, 0xFE74, 0xFED6, 0xFF18, 0xFF18, 0xF674, 0xF695, 0xF654,
    0xEDF1, 0xF654, 0xF695, 0xEEB7, 0xD657, 0xC5D5, 0xC573, 0xC552,
    0xC531, 0xC50F, 0xC4EE, 0xC4CD, 0xC4EF, 0xCD51, 0xCD93, 0xCDB5,
    0xD5F6, 0xD637, 0xD638, 0xD638, 0xD638, 0xD638, 0xD638, 0xD638,
    0xD638, 0xD638, 0xD658, 0xD658, 0xD658, 0xD658, 0xD658, 0xD638,
    0x9B8B, 0x9B8B, 0x9B8B, 0x9B8B, 0x9B8B, 0x9B8B, 0x9B6B, 0x9B6B,
    0x9B6B, 0x9B6B, 0x9B6B, 0x9B6B, 0x9B6B, 0x9B8B, 0x9B8B, 0xA3CB,
    0xABEB, 0xB40B, 0xBC2B, 0xBC4B, 0xC44B, 0xC44C, 0xBC4B, 0xBC2B,
    0xB3EB, 0xABAA, 0x9B8A, 0x9349, 0x8B29, 0x8B08, 0x8AE7, 0x8AC6,
    0x8AA5, 0x8A84, 0x8243, 0x8243, 0x8243, 0x8243, 0x8A63, 0x8A63,
    0x8A84, 0x8A84, 0x8A84, 0x92A4, 0x92A4, 0x92A4, 0x92A4, 0x92A4,
    0x92A4, 0x92A4, 0x92C5, 0x92E5, 0x9B26, 0xA367, 0xABA8, 0xB3C9,
    0xB3EA, 0xB40A, 0xB40A, 0xB40A, 0xABEA, 0xA3CA, 0x9BA9, 0x9B89,
    0x9B68, 0x9B68, 0xA3A9, 0xABEA, 0xABEA, 0xBC2A, 0xF5CD, 0xFDED,
    0xFE50, 0xFED3, 0xFF35, 0xFEB1, 0xFE4E, 0xFDEC, 0xFDCB, 0xF56A,
    0x7244, 0xD616, 0xFF9D, 0xF75C, 0xF77C, 0xE6FB, 0x3123, 0x48E0,
    0x8201, 0x4920, 0x0820, 0x0820, 0x0820, 0x0820, 0x0820, 0x0820,
    0x0820, 0x0840, 0x1040, 0x1040, 0x1060, 0x1040, 0x2060, 0x4983,
    0xEE74, 0xFEF6, 0xFEF6, 0xFED4, 0xFE50, 0xFE50, 0xFE93, 0xFF16,
    0xFF38, 0xFF58, 0xFF58, 0xFF37, 0xFF37, 0xFF37, 0xFF37, 0xFF37,
    0xFF37, 0xFF37, 0xFF16, 0xFF36, 0xFF16, 0xFF37, 0xFF17, 0xFF17,
    0xFEB3, 0xFEB4, 0xFEB4, 0xF5CE, 0xF54A, 0xFCE6, 0xFD48, 0xFD8A,
    0xFD69, 0xFD07, 0xF4E7, 0xEC66, 0xE404, 0xF509, 0xFE71, 0xFE93,
    0xF652, 0xF653, 0xEE32, 0xDD6E, 0xDD4D, 0x4963, 0x1000, 0x49A6,
    0x7B8F, 0x7B8E, 0x732D, 0x6B0C, 0x5208, 0x49C7, 0x51E7, 0x38E3,
    0x20A2, 0xA514, 0xFFFF, 0xEF3C, 0xDE79, 0x7B4C, 0x1040, 0x1040,
    0x28C2, 0xCCCC, 0xE54B, 0xED8C, 0xF60F, 0xFE70, 0xFE71, 0xE4A8,
    0xDBE5, 0xECE8, 0xFDEE, 0xCC8A, 0xC429, 0xC46A, 0xD4AC, 0xD4CC,
    0xD4ED, 0xE54E, 0xE5B0, 0xEDB0, 0xEDB0, 0xF612, 0xF633, 0xF612,
    0xF612, 0xF654, 0xFE74, 0xF654, 0xF674, 0xFE74, 0xF674, 0xF674,
    0xF674, 0xF674, 0xF674, 0xFED6, 0xFEF7, 0xF6B5, 0xEE32, 0xEE11,
    0xEE32, 0xEE75, 0xEE97, 0xD637, 0xC5D6, 0xC5B5, 0xC594, 0xC552,
    0xC511, 0xC4EF, 0xC4CE, 0xC4CD, 0xC4EF, 0xCD31, 0xCD73, 0xCDB4,
    0xD5F6, 0xD617, 0xD638, 0xD638, 0xD638, 0xD638, 0xD638, 0xD638,
    0xD638, 0xD658, 0xD658, 0xD658, 0xD658, 0xD658, 0xD658, 0xD658,
    0x9B8B, 0x9B8B, 0x9B8B, 0x9B8B, 0x9B8B, 0x9B8B, 0x9B8B, 0x9B8B,
    0x9B8B, 0x9B8B, 0x9B8B, 0x9B8B, 0x9B8B, 0x9BAB, 0xA3CB, 0xB3EC,
    0xBC2C, 0xBC4C, 0xC46C, 0xCC6C, 0xCC8C, 0xCC8C, 0xC46C, 0xC44B,
    0xBC0B, 0xB3EA, 0xABAA, 0xA38A, 0x9349, 0x8B08, 0x8AE7, 0x8AC6,
    0x8AA5, 0x8A84, 0x8263, 0x8243, 0x8263, 0x8A63, 0x8A63, 0x8A64,
    0x8A84, 0x8A84, 0x92A4, 0x92A4, 0x92A4, 0x92C4, 0x92C4, 0x92C4,
    0x92A4, 0x92C4, 0x92C5, 0x9AE5, 0x9B26, 0xA367, 0xABA8, 0xB3E9,
    0xB3EA, 0xB40A, 0xB42A, 0xB40A, 0xABEA, 0xA3CA, 0x9BA9, 0x9B89,
    0x9B68, 0x9B68, 0xA3A9, 0xABCA, 0xAC0A, 0xCCAB, 0xFE2F, 0xFE50,
    0xFED3, 0xFF16, 0xFF36, 0xFEB1, 0xFE2D, 0xFDEB, 0xFE0C, 0xFDCB,
    0x9326, 0xC595, 0xFF7C, 0xF75C, 0xF75C, 0xF75C, 0x41A5, 0x40A0,
    0x8A21, 0x71E1, 0x0820, 0x1040, 0x1040, 0x1040, 0x1040, 0x1040,
    0x1040, 0x1040, 0x1060, 0x1060, 0x1060, 0x1880, 0x2860, 0x72C7,
    0xFF37, 0xFF17, 0xFF17, 0xFF17, 0xFF17, 0xFF59, 0xFF7A, 0xFF79,
    0xFF79, 0xFF79, 0xFF58, 0xFF58, 0xFF57, 0xFF58, 0xFF58, 0xFF79,
    0xFF79, 0xFF79, 0xFF79, 0xFF58, 0xFF58, 0xFF58, 0xFF16, 0xFF37,
    0xFF38, 0xFF58, 0xFF38, 0xFF38, 0xFF16, 0xFE92, 0xFDED, 0xFDAA,
    0xFDAA, 0xFD28, 0xF4E7, 0xF508, 0xF4A7, 0xF54A, 0xFE92, 0xFEB4,
    0xF673, 0xEE32, 0xE5F1, 0xE5D0, 0x9BCA, 0x0000, 0x4985, 0x9C92,
    0x8411, 0x630D, 0x4A49, 0x39A7, 0x5AAB, 0xEF3C, 0xF7BE, 0x8C10,
    0x4165, 0x3145, 0xD69A, 0xFFDF, 0xEEFB, 0xCDB5, 0x4185, 0x1840,
    0x2061, 0xBC8C, 0xFE4E, 0xFDED, 0xF5EE, 0xDD6D, 0xFE71, 0xDCA9,
    0xDBE5, 0xECC8, 0xF5EE, 0xCC49, 0xBBC6, 0xC429, 0xCC69, 0xD4CC,
    0xDD0D, 0xD4CC, 0xDD2D, 0xE58F, 0xE5B0, 0xEDD1, 0xF612, 0xF633,
    0xEE12, 0xF653, 0xFEB5, 0xFED6, 0xFE95, 0xFEB5, 0xFE94, 0xF674,
    0xF674, 0xF632, 0xEE11, 0xF694, 0xF695, 0xF653, 0xF674, 0xEE33,
    0xE656, 0xD657, 0xCE38, 0xCE17, 0xCDF7, 0xC5B5, 0xC594, 0xC552,
    0xC531, 0xC4EF, 0xC4CE, 0xC4CD, 0xC4EF, 0xCD31, 0xCD72, 0xCDB4,
    0xCDD5, 0xD616, 0xD617, 0xD637, 0xD637, 0xD637, 0xD637, 0xD638,
    0xD638, 0xD638, 0xD638, 0xD638, 0xD638, 0xD658, 0xD658, 0xD658,
    0x9B8B, 0x9B8B, 0x9B8B, 0x9B8B, 0x9B8B, 0x9B8B, 0x9B8B, 0x9B8B,
    0x9B8B, 0x9B8B, 0x9B8B, 0x9B8B, 0xA3AB, 0xABCB, 0xB40C, 0xBC2C,
    0xC44C, 0xC46C, 0xCC8C, 0xD4AC, 0xD4AC, 0xD4AC, 0xCC8C, 0xC46B,
    0xC44B, 0xBC0B, 0xB3EA, 0xABAA, 0x9B69, 0x9328, 0x8AE7, 0x8AC6,
    0x8AA5, 0x8A84, 0x8263, 0x8243, 0x8263, 0x8A63, 0x8A64, 0x8A84,
    0x8A84, 0x8A84, 0x92A4, 0x92C4, 0x92C4, 0x92C4, 0x92C5, 0x92C5,
    0x92C4, 0x92C4, 0x92C5, 0x9AE5, 0x9B26, 0xA367, 0xABA8, 0xB3E9,
    0xB40A, 0xB40A, 0xB40A, 0xB40A, 0xABEA, 0xA3CA, 0xA3A9, 0x9B89,
    0x9B68, 0x9B88, 0xA3A9, 0xABEA, 0xABEA, 0xCCCC, 0xFE2F, 0xFE71,
    0xFEB3, 0xFF36, 0xFF36, 0xFE6F, 0xFE0C, 0xFE2D, 0xFE4E, 0xFE6E,
    0xCC68, 0xACB0, 0xFF5C, 0xF73B, 0xEF3B, 0xFF9D, 0x62CA, 0x3860,
    0x8221, 0x8A62, 0x2080, 0x0820, 0x1060, 0x1040, 0x1040, 0x1060,
    0x1060, 0x1060, 0x1861, 0x1881, 0x1880, 0x4100, 0x7265, 0xCD92,
    0xFF58, 0xFF58, 0xFF59, 0xFF59, 0xFF59, 0xFF59, 0xFF58, 0xFF79,
    0xFF7A, 0xFF7A, 0xFF7A, 0xFF79, 0xFF79, 0xFF99, 0xFF9A, 0xFF9B,
    0xFF9A, 0xFF9A, 0xFF9A, 0xFF79, 0xFF79, 0xFF79, 0xFF79, 0xFF9A,
    0xFF79, 0xFF79, 0xFF59, 0xFF58, 0xFF79, 0xFF7A, 0xFF38, 0xFEB3,
    0xFDAB, 0xFD69, 0xFD49, 0xFD29, 0xF4E8, 0xF54A, 0xFE93, 0xFE94,
    0xF673, 0xE611, 0xE5D1, 0xEE11, 0x5205, 0x0800, 0x734D, 0x7BCF,
    0x52AB, 0x2987, 0x18C3, 0x0000, 0x738E, 0xFFFF, 0xF79E, 0xEF5D,
    0x6249, 0x49C7, 0x6B4D, 0xFFDF, 0xF75C, 0xEEFB, 0x940F, 0x1860,
    0x1860, 0x51A4, 0xB44A, 0x9B88, 0x82C7, 0xCD0D, 0xFEB2, 0xDC27,
    0xD3A4, 0xECE8, 0xF5CE, 0xCC49, 0xB386, 0xBBE7, 0xCC49, 0xCC6A,
    0xCC8A, 0xD4CB, 0xDD0D, 0xDD2D, 0xDD2D, 0xE58F, 0xEDD1, 0xEDF2,
    0xEE12, 0xEDF1, 0xF674, 0xF694, 0xFEB5, 0xF674, 0xF653, 0xF653,
    0xF653, 0xEE32, 0xE5D0, 0xEE11, 0xF653, 0xEE53, 0xEE76, 0xDE57,
    0xCE38, 0xCE18, 0xCE17, 0xCE17, 0xCDF7, 0xC5D6, 0xC594, 0xC552,
    0xC531, 0xC4EF, 0xC4CD, 0xC4CD, 0xC4EE, 0xCD30, 0xCD51, 0xCD93,
    0xCDB4, 0xCDD5, 0xD5F6, 0xCDF6, 0xD5F6, 0xD5F6, 0xD5F6, 0xD5F6,
    0xD5F6, 0xD617, 0xD617, 0xD617, 0xD617, 0xD617, 0xD637, 0xD617,
    0x9BAB, 0x9B8B, 0x9B8B, 0x9B8B, 0x9B8B, 0x9B8B, 0x9B8B, 0x9B8B,
    0x9B8B, 0x9BAB, 0x9BAB, 0xA3CB, 0xABEB, 0xB40C, 0xBC4C, 0xC46C,
    0xCC8C, 0xCCAC, 0xD4CC, 0xD4CC, 0xDCEC, 0xD4CC, 0xD4AC, 0xCC8B,
    0xC46B, 0xBC2B, 0xBC0A, 0xB3CA, 0xAB89, 0x9B69, 0x9308, 0x8AC6,
    0x8AA5, 0x8A84, 0x8263, 0x8263, 0x8263, 0x8A63, 0x8A64, 0x8A84,
    0x8A84, 0x9284, 0x92A4, 0x92C4, 0x92C5, 0x92C5, 0x9AC5, 0x92C5,
    0x92C5, 0x92C4, 0x92C5, 0x9AE5, 0x9B26, 0xA367, 0xABA8, 0xB3E9,
    0xB40A, 0xB40A, 0xB42A, 0xB40A, 0xABEA, 0xA3CA, 0xA3A9, 0x9B89,
    0x9B68, 0x9B88, 0xA3A9, 0xABEA, 0xABEA, 0xDD6E, 0xFE50, 0xFEB3,
    0xFED3, 0xFF35, 0xFEF2, 0xFE6E, 0xFE6F, 0xFE4E, 0xFE4E, 0xFE2E,
    0xF5CC, 0xB44C, 0xE699, 0xF73B, 0xEF1B, 0xFF7C, 0xACF3, 0x3060,
    0x79E1, 0x8A42, 0x5981, 0x0820, 0x1860, 0x1060, 0x1060, 0x1060,
    0x1060, 0x1061, 0x1060, 0x1040, 0x5A26, 0xBC8D, 0xFF17, 0xFF79,
    0xFF58, 0xFF59, 0xFF59, 0xFF79, 0xFF59, 0xFF59, 0xFF58, 0xFF58,
    0xFF59, 0xFF79, 0xFF7A, 0xFF9A, 0xFF9A, 0xFF9A, 0xFFBB, 0xFF9A,
    0xFF9A, 0xFF9A, 0xFF9A, 0xFF9A, 0xFF9A, 0xFF9A, 0xFF9A, 0xFF9A,
    0xFF9A, 0xFF9A, 0xFF7A, 0xFF79, 0xFF79, 0xFF79, 0xFF59, 0xFF58,
    0xFED5, 0xFE72, 0xFDCC, 0xF508, 0xECA7, 0xF509, 0xFE92, 0xFEB4,
    0xF673, 0xE5F1, 0xEE11, 0xCD2F, 0x2081, 0x4165, 0x526A, 0x2945,
    0x10A3, 0x0841, 0x0020, 0x0000, 0x39C7, 0xFFDF, 0xFFFF, 0xEF5D,
    0x5A49, 0x6248, 0x41A6, 0xC5F7, 0xFFDF, 0xEF5C, 0xD617, 0x3944,
    0x1040, 0x1860, 0x4163, 0x7AC6, 0xDD4C, 0xFEB2, 0xFE92, 0xDC68,
    0xD3A4, 0xECE9, 0xED6C, 0xCC48, 0xC407, 0xC3E7, 0xC428, 0xCC89,
    0xCC89, 0xCC89, 0xD4AA, 0xDD0C, 0xDD2D, 0xDD4E, 0xE56F, 0xEDD1,
    0xEDD0, 0xE5D1, 0xEDD1, 0xEDF1, 0xEE12, 0xF653, 0xEE11, 0xEE11,
    0xEE12, 0xEE12, 0xEE33, 0xE634, 0xDE56, 0xDE57, 0xD637, 0xCE38,
    0xCE38, 0xCE38, 0xCE17, 0xCE17, 0xCDF7, 0xC5D6, 0xC594, 0xC552,
    0xC531, 0xC4EF, 0xC4CD, 0xC4CD, 0xC4CE, 0xC4EF, 0xCD30, 0xCD52,
    0xCD73, 0xCDB4, 0xCDB5, 0xCDD5, 0xCDD5, 0xCDD5, 0xCDD5, 0xCDD5,
    0xCDD5, 0xCDD5, 0xCDD5, 0xCDD6, 0xCDF6, 0xD5F6, 0xD5F6, 0xD5F6,
    0x9BAB, 0x9BAB, 0x9B8B, 0x9B8B, 0x9BAB, 0x9BAB, 0x9BAB, 0x9BAB,
    0xA3AB, 0xA3AB, 0xA3CB, 0xABEB, 0xB40C, 0xBC4C, 0xC46C, 0xCC8C,
    0xCCAC, 0xD4CC, 0xDCEC, 0xDCEC, 0xDCEC, 0xDCCC, 0xD4AC, 0xD4AC,
    0xCC6B, 0xC44B, 0xC42A, 0xB40A, 0xB3C9, 0xA389, 0x9B48, 0x92E7,
    0x8AA5, 0x8A84, 0x8263, 0x8243, 0x8A63, 0x8A63, 0x8A64, 0x8A84,
    0x8A84, 0x92A4, 0x92A4, 0x92C5, 0x92C5, 0x9AC5, 0x9AC5, 0x9AC5,
    0x92C5, 0x92C5, 0x92E5, 0x9AE5, 0x9B26, 0xA367, 0xABA8, 0xB3E9,
    0xB40A, 0xB42A, 0xB42A, 0xB40A, 0xABEA, 0xA3CA, 0x9BA9, 0x9B89,
    0x9B88, 0x9B88, 0xA3A9, 0xABC9, 0xB42A, 0xEE10, 0xFE91, 0xFEF4,
    0xFEB2, 0xFED3, 0xFED1, 0xFE6F, 0xFE6E, 0xFE2D, 0xFE0C, 0xFE2D,
    0xFE6F, 0xEDAD, 0xD592, 0xE699, 0xEEDA, 0xEF1B, 0xEF1B, 0x49A5,
    0x5100, 0x7A02, 0x8A42, 0x5161, 0x0840, 0x1040, 0x1060, 0x1881,
    0x1060, 0x1040, 0x28E2, 0x8BAC, 0xEEB7, 0xFF9A, 0xFF79, 0xFF58,
    0xFF59, 0xFF59, 0xFF79, 0xFF7A, 0xFF7A, 0xFF7A, 0xFF9A, 0xFF79,
    0xFF79, 0xFF79, 0xFF79, 0xFF79, 0xFF7A, 0xFF9A, 0xFF9A, 0xFF9A,
    0xFF9A, 0xFFBB, 0xFFBB, 0xFFBB, 0xFF9B, 0xFF79, 0xFF9A, 0xFFBB,
    0xFFBB, 0xFFBB, 0xFFBB, 0xFFBB, 0xFF9A, 0xFF9A, 0xFF7A, 0xFF79,
    0xFF59, 0xFF59, 0xFEB5, 0xF5CE, 0xF4C8, 0xF508, 0xFE71, 0xF673,
    0xEE53, 0xE5D1, 0xEE31, 0x938A, 0x1840, 0x4A28, 0x1082, 0x0000,
    0x0820, 0x0820, 0x0000, 0x0020, 0x0000, 0x5ACA, 0xAD75, 0x5AAA,
    0x49A6, 0x6A89, 0x51E7, 0x7BAE, 0xFFFF, 0xF75D, 0xEEFA, 0x6ACA,
    0x0800, 0x30E2, 0xDD4C, 0xFE6F, 0xFE0E, 0xFE71, 0xFEB2, 0xD406,
    0xD3C4, 0xF509, 0xED6C, 0xD5B4, 0xD5B2, 0xD570, 0xD50D, 0xD4EB,
    0xD4EB, 0xD4EA, 0xD4EA, 0xDCEB, 0xDCEB, 0xDD2D, 0xE54D, 0xE58E,
    0xE58E, 0xE58E, 0xE5D0, 0xEDF1, 0xE5AF, 0xEDF1, 0xE613, 0xE613,
    0xE634, 0xDE56, 0xDE57, 0xD658, 0xCE38, 0xCE38, 0xCE38, 0xCE38,
    0xCE38, 0xCE18, 0xCE18, 0xCE17, 0xCDF7, 0xC5D6, 0xC594, 0xC552,
    0xC511, 0xC4EF, 0xC4CD, 0xC4AC, 0xC4AD, 0xC4CE, 0xC4EF, 0xC530,
    0xCD51, 0xCD72, 0xCD73, 0xCD93, 0xCD93, 0xCD93, 0xCD93, 0xCD93,
    0xCD94, 0xCD94, 0xCDB4, 0xCDB4, 0xCDB4, 0xCDB4, 0xCDB4, 0xCDB4,
    0x9BAC, 0x9BAB, 0x9BAB, 0x9BAB, 0x9B8B, 0x9BAB, 0x9BAB, 0xA3AB,
    0xA3AB, 0xABCB, 0xABEB, 0xB40C, 0xBC2C, 0xC46C, 0xCC8C, 0xD4AC,
    0xD4CC, 0xDCED, 0xDCED, 0xDCEC, 0xDCEC, 0xDCCC, 0xDCCC, 0xD4CC,
    0xD4AB, 0xCC6B, 0xC44B, 0xC42A, 0xBBEA, 0xB3C9, 0xA368, 0x9B27,
    0x92C6, 0x8A84, 0x8263, 0x8243, 0x8243, 0x8A63, 0x8A64, 0x8A84,
    0x8A84, 0x92A4, 0x92A4, 0x92C5, 0x92C5, 0x9AC5, 0x9AE5, 0x9AE5,
    0x92C5, 0x92C5, 0x92E5, 0x9B06, 0xA327, 0xAB88, 0xABA8, 0xB3E9,
    0xB40A, 0xB42A, 0xB42A, 0xB40A, 0xABEA, 0xA3CA, 0xA3A9, 0x9B89,
    0x9B68, 0x9B88, 0xA3A9, 0xA3A9, 0xC4AC, 0xFE0F, 0xFE92, 0xFEF3,
    0xFE71, 0xFED3, 0xFEB1, 0xFE6F, 0xFE2C, 0xFE0B, 0xFDEB, 0xFE2D,
    0xFE4E, 0xFE90, 0xFE70, 0xEE12, 0xE656, 0xE699, 0xF73C, 0xACF3,
    0x1820, 0x4900, 0x79E1, 0x8A41, 0x4920, 0x1020, 0x1020, 0x1840,
    0x2080, 0x6287, 0xD5F4, 0xFF9A, 0xFF79, 0xFF59, 0xFF59, 0xFF59,
    0xFF58, 0xFF38, 0xFF59, 0xFF7A, 0xFF9B, 0xFF9A, 0xFF9A, 0xFF9A,
    0xFF79, 0xFF59, 0xFF79, 0xFF79, 0xFF79, 0xFF9A, 0xFF9A, 0xFF9A,
    0xFF9A, 0xFF9A, 0xFFBB, 0xFF9A, 0xFF9A, 0xFF9A, 0xFFBB, 0xFFBB,
    0xFFBB, 0xFFBB, 0xFFBB, 0xFFBB, 0xFFBB, 0xFFBB, 0xFF9B, 0xFF9A,
    0xFF7A, 0xFF59, 0xFF58, 0xFEF6, 0xF5EF, 0xF509, 0xFE50, 0xF6B4,
    0xEE52, 0xE5F1, 0xEE11, 0x5A05, 0x2081, 0x18C3, 0x0020, 0x0841,
    0x0820, 0x0020, 0x0000, 0x0020, 0x0820, 0x0000, 0x0000, 0x0000,
    0x4165, 0x6A89, 0x6268, 0x4A28, 0xEF5D, 0xF79D, 0xEF1B, 0x9C50,
    0x1040, 0x1860, 0xB42A, 0xFE50, 0xF630, 0xFE71, 0xFE92, 0xD448,
    0xCB84, 0xECE8, 0xED6D, 0xCE38, 0xCE59, 0xCE59, 0xD658, 0xD5F5,
    0xD5F5, 0xD5D3, 0xDD8F, 0xDD90, 0xDD91, 0xDD8F, 0xDD90, 0xDDB0,
    0xE5D0, 0xDDD2, 0xDDF3, 0xE613, 0xDE35, 0xDE35, 0xD637, 0xD658,
    0xD658, 0xD658, 0xCE58, 0xCE38, 0xCE38, 0xCE38, 0xCE38, 0xCE38,
    0xCE38, 0xCE38, 0xCE18, 0xCE17, 0xC5F7, 0xC5B6, 0xC594, 0xC553,
    0xC511, 0xBCEF, 0xBCAD, 0xC48B, 0xC48B, 0xC4AC, 0xC4CD, 0xC4EF,
    0xC510, 0xC531, 0xC531, 0xC531, 0xC531, 0xC531, 0xC551, 0xCD52,
    0xCD52, 0xCD52, 0xCD52, 0xCD52, 0xCD72, 0xCD72, 0xCD72, 0xCD73,
    0x9BAC, 0x9BAB, 0x9BAB, 0x9BAB, 0x9B8B, 0x9B8B, 0x9BAB, 0xA3AB,
    0xABCB, 0xB40C, 0xB42C, 0xBC4C, 0xC46C, 0xCC8C, 0xD4AC, 0xD4CD,
    0xDCED, 0xDD0D, 0xDCEC, 0xDCEC, 0xDCCC, 0xDCCC, 0xDCCC, 0xDCCC,
    0xD4CC, 0xD4AB, 0xCC6B, 0xC44B, 0xBC2A, 0xB3EA, 0xABA9, 0xA368,
    0x9B07, 0x92A5, 0x8A63, 0x8243, 0x8243, 0x8243, 0x8A63, 0x8A64,
    0x8A84, 0x92A4, 0x92A4, 0x92C5, 0x92C5, 0x9AC5, 0x9AE5, 0x9AE5,
    0x92C5, 0x92E5, 0x9AE5, 0x9B06, 0xA347, 0xAB88, 0xABC8, 0xB3E9,
    0xB40A, 0xB42A, 0xB42A, 0xB40A, 0xABEA, 0xA3CA, 0xA3A9, 0x9B89,
    0x9B89, 0x9B88, 0xA3A9, 0xA3C9, 0xD4EC, 0xFE2F, 0xFEB2, 0xFE0F,
    0xF630, 0xFEF3, 0xFEB1, 0xFE6F, 0xFE2D, 0xFDEB, 0xFDEB, 0xFE0C,
    0xFE2D, 0xFE4E, 0xFE6F, 0xFE90, 0xFE71, 0xF693, 0xEE74, 0xF695,
    0x93AB, 0x61E4, 0x7A64, 0x8AA4, 0x92C4, 0x92E5, 0x9B67, 0xB42A,
    0xCD50, 0xF718, 0xFFBB, 0xFF39, 0xFF59, 0xFF59, 0xFF59, 0xFF38,
    0xFF37, 0xFF17, 0xFF38, 0xFF58, 0xFF79, 0xFF9A, 0xFF79, 0xFF9A,
    0xFF9B, 0xFF79, 0xFF59, 0xFF58, 0xFF79, 0xFF79, 0xFF9A, 0xFF9A,
    0xFF9A, 0xFF9A, 0xFF9A, 0xFF9A, 0xFF9A, 0xFF9A, 0xFFBC, 0xFFBB,
    0xFFBB, 0xFFBB, 0xFFBB, 0xFFBB, 0xFFBB, 0xFFBB, 0xFFBB, 0xFFBB,
    0xFF9B, 0xFF9A, 0xFF7A, 0xFF79, 0xFF59, 0xFE73, 0xF610, 0xFEB4,
    0xF673, 0xEE12, 0xDDD1, 0x3102, 0x1840, 0x0841, 0x0841, 0x0820,
    0x0020, 0x0020, 0x0000, 0x0000, 0x0020, 0x0820, 0x0820, 0x0020,
    0x28E3, 0x6A68, 0x6A68, 0x3965, 0xD659, 0xFF9D, 0xEF1B, 0xC574,
    0x28C2, 0x1840, 0x4963, 0x9347, 0xC4AB, 0xF610, 0xFE71, 0xE4C9,
    0xC344, 0xECC8, 0xE54D, 0xCE18, 0xCE38, 0xCE58, 0xCE58, 0xCE58,
    0xCE59, 0xCE59, 0xD638, 0xD638, 0xCE59, 0xD637, 0xD637, 0xD637,
    0xD637, 0xCE58, 0xCE58, 0xD638, 0xCE58, 0xCE38, 0xCE38, 0xCE38,
    0xCE38, 0xCE58, 0xCE58, 0xCE38, 0xCE38, 0xCE38, 0xCE38, 0xCE38,
    0xCE38, 0xCE38, 0xCE18, 0xCE17, 0xCDF7, 0xC5D6, 0xC594, 0xC552,
    0xC511, 0xBCEF, 0xBCAC, 0xBC6A, 0xBC4A, 0xBC6B, 0xC48C, 0xC4AD,
    0xC4CE, 0xC4EF, 0xC4EF, 0xC4EF, 0xC4EF, 0xC4EF, 0xC4EF, 0xC4EF,
    0xC4F0, 0xC510, 0xC510, 0xC510, 0xC510, 0xC530, 0xC530, 0xC530,
    0x9BAB, 0x9BAB, 0x9BAB, 0x9B8B, 0x9B8B, 0x9BAB, 0xA3AB, 0xABCB,
    0xB3EC, 0xB42C, 0xBC4C, 0xC46C, 0xCC8C, 0xD4AC, 0xD4CD, 0xDD0D,
    0xDD0D, 0xDD0D, 0xDCEC, 0xDCEC, 0xDCCC, 0xDCCC, 0xDCCC, 0xDCCC,
    0xDCCC, 0xD4CC, 0xD48B, 0xCC6B, 0xC44A, 0xBC0A, 0xB3E9, 0xAB88,
    0xA347, 0x9AE6, 0x8AA4, 0x8A63, 0x8243, 0x8243, 0x8A63, 0x8A63,
    0x8A84, 0x8A84, 0x92A4, 0x92C5, 0x9AC5, 0x9AC5, 0x9AE5, 0x9AE5,
    0x9AC5, 0x92C5, 0x9AE5, 0x9B06, 0xA346, 0xAB88, 0xABA8, 0xB3E9,
    0xB40A, 0xB42A, 0xB42A, 0xB40A, 0xABEA, 0xA3CA, 0xA3A9, 0x9B89,
    0x9B69, 0x9B88, 0x9B89, 0xBC4B, 0xF5AD, 0xFE2F, 0xF56B, 0xF671,
    0xFF35, 0xFEF2, 0xFED1, 0xFE8F, 0xFE2D, 0xFE2C, 0xFE0B, 0xFDEB,
    0xFE0C, 0xFE0C, 0xFE0D, 0xFE4E, 0xFE90, 0xFE90, 0xFEB1, 0xFE91,
    0xFED2, 0xFED3, 0xFE92, 0xFE50, 0xFE50, 0xFE6F, 0xFEB2, 0xFF57,
    0xFF9A, 0xFF7A, 0xFF59, 0xFF59, 0xFF59, 0xFF58, 0xFF37, 0xFEF6,
    0xFED5, 0xFED5, 0xFEF6, 0xFED5, 0xFF17, 0xFF59, 0xFF79, 0xFF79,
    0xFF79, 0xFF79, 0xFF59, 0xFF58, 0xFF79, 0xFF79, 0xFF79, 0xFF7A,
    0xFF9A, 0xFFBB, 0xFF9A, 0xFF9A, 0xFF99, 0xFF7A, 0xFF9B, 0xFF9B,
    0xFFBB, 0xFF9A, 0xFF9B, 0xFFBB, 0xFFBB, 0xFFBB, 0xFFBB, 0xFFBB,
    0xFF9B, 0xFF9B, 0xFF9B, 0xFF9A, 0xFF7A, 0xFF7A, 0xFF17, 0xFEB5,
    0xF674, 0xEE32, 0xCD50, 0x20A1, 0x0800, 0x0820, 0x0820, 0x0820,
    0x0000, 0x0000, 0x0000, 0x0000, 0x0000, 0x0020, 0x0820, 0x0000,
    0x1881, 0x5A07, 0x6227, 0x3903, 0xB575, 0xFFBE, 0xEF1B, 0xD638,
    0x4185, 0x1820, 0x8285, 0xCC89, 0xE58E, 0xF651, 0xFE50, 0xE4A8,
    0xD3C5, 0xE487, 0xDD4F, 0xCE59, 0xCE38, 0xCE58, 0xCE38, 0xCE58,
    0xCE58, 0xCE58, 0xCE58, 0xCE59, 0xCE58, 0xCE58, 0xCE38, 0xCE58,
    0xCE58, 0xCE58, 0xCE58, 0xCE38, 0xCE38, 0xCE58, 0xCE38, 0xCE38,
    0xCE38, 0xCE38, 0xCE38, 0xCE38, 0xCE38, 0xCE38, 0xCE38, 0xCE38,
    0xCE38, 0xCE38, 0xCE38, 0xCE17, 0xC5F7, 0xC5B6, 0xC594, 0xBD53,
    0xBD11, 0xBCEF, 0xBCAD, 0xBC6A, 0xBC4A, 0xBC4A, 0xBC6B, 0xBC8C,
    0xBCAD, 0xBCAD, 0xBCAD, 0xBCAD, 0xBCAD, 0xBCAD, 0xBCAD, 0xBCAD,
    0xBCAD, 0xC4AD, 0xC4CE, 0xC4CE, 0xC4CE, 0xC4CE, 0xC4CE, 0xC4EE,
    0x9B8B, 0x9B8B, 0x9B8B, 0x9B8B, 0xA3AB, 0xA3AB, 0xABCB, 0xB3EB,
    0xBC2C, 0xBC4C, 0xC46C, 0xCC8C, 0xD4AC, 0xD4CC, 0xDD0D, 0xDD0D,
    0xDD0D, 0xDCEC, 0xDCEC, 0xDCCC, 0xDCCC, 0xDCCB, 0xDCCB, 0xDCCC,
    0xDCCC, 0xDCCC, 0xD4AB, 0xD48B, 0xCC6B, 0xC44A, 0xBC09, 0xB3C9,
    0xAB88, 0xA327, 0x9AE6, 0x8AA4, 0x8263, 0x8243, 0x8263, 0x8A63,
    0x8A84, 0x8A84, 0x92A4, 0x92C5, 0x9AC5, 0x9AC5, 0x9AC5, 0x9AC5,
    0x9AC5, 0x9AC5, 0x9AE5, 0x9B05, 0xA346, 0xAB67, 0xABA8, 0xB3E9,
    0xB40A, 0xB42A, 0xB42A, 0xB40A, 0xABEA, 0xA3CA, 0xA3A9, 0x9B89,
    0x9B89, 0x9B89, 0xA3A9, 0xDCEC, 0xFDCD, 0xF54A, 0xF630, 0xFF77,
    0xFF35, 0xFEF3, 0xFED1, 0xFE8F, 0xFE6E, 0xFE4D, 0xFE6E, 0xFE6E,
    0xFE4D, 0xFE2D, 0xFE2D, 0xFE4D, 0xFE6E, 0xFE6F, 0xFE6F, 0xFE2D,
    0xFE2E, 0xFE4F, 0xFE2D, 0xFE2D, 0xFE2D, 0xFE91, 0xFF16, 0xFF7A,
    0xFF59, 0xFF59, 0xFF59, 0xFF59, 0xFF59, 0xFF38, 0xFEF6, 0xFEB5,
    0xF652, 0xFE73, 0xFED4, 0xFED5, 0xFEF6, 0xFF38, 0xFF58, 0xFF58,
    0xFF58, 0xFF58, 0xFF58, 0xFF79, 0xFF58, 0xFF79, 0xFF79, 0xFF59,
    0xFF79, 0xFF79, 0xFF7A, 0xFF79, 0xFF79, 0xFF79, 0xFF9A, 0xFF9A,
    0xFF9A, 0xFF9A, 0xFF9A, 0xFF9A, 0xFF9A, 0xFFBB, 0xFFBB, 0xFFBB,
    0xFFBB, 0xFFBB, 0xFFBB, 0xFF9B, 0xFF9B, 0xFF9A, 0xFF7A, 0xFF38,
    0xF6B5, 0xEE53, 0xB48D, 0x2060, 0x1020, 0x0820, 0x0820, 0x0000,
    0x0000, 0x0000, 0x0000, 0x0000, 0x0000, 0x0000, 0x0000, 0x0000,
    0x0820, 0x4943, 0x5962, 0x30C1, 0xAD13, 0xFFBD, 0xEEFB, 0xE699,
    0x5206, 0x0800, 0x82C5, 0xFE2E, 0xF650, 0xF671, 0xFE51, 0xD406,
    0xDC06, 0xECE9, 0xDD92, 0xCE59, 0xCE58, 0xCE38, 0xCE58, 0xCE58,
    0xCE58, 0xCE58, 0xCE58, 0xCE58, 0xCE58, 0xCE58, 0xCE38, 0xCE38,
    0xCE58, 0xCE38, 0xCE58, 0xCE38, 0xCE38, 0xCE38, 0xCE38, 0xCE38,
    0xCE38, 0xCE38, 0xCE38, 0xCE38, 0xCE38, 0xCE38, 0xCE38, 0xCE38,
    0xCE38, 0xCE38, 0xCE18, 0xCE17, 0xC5F7, 0xC5B6, 0xBD94, 0xBD73,
    0xBD32, 0xBD10, 0xBCCF, 0xBC8C, 0xBC8C, 0xBC8C, 0xBC8C, 0xBC8C,
    0xBC8C, 0xBC8D, 0xBC8D, 0xBC8D, 0xBC8C, 0xBC8C, 0xBC8C, 0xBC8C,
    0xBC8C, 0xBC8C, 0xBC8C, 0xBC8C, 0xBCAD, 0xBCAD, 0xBCAD, 0xBCAD,
    0x9B8B, 0x9B8B, 0x9B8B, 0xA38B, 0xA3AB, 0xABCB, 0xB3EB, 0xBC2B,
    0xC44C, 0xCC8C, 0xCCAC, 0xD4CC, 0xD4CC, 0xDCED, 0xDD0D, 0xDD0D,
    0xDD0D, 0xDCEC, 0xDCEC, 0xDCCC, 0xDCCC, 0xDCCC, 0xDCCC, 0xDCCB,
    0xDCCC, 0xDCCC, 0xDCCB, 0xD4AB, 0xD48B, 0xCC6B, 0xC42A, 0xBC09,
    0xB3C8, 0xAB68, 0xA327, 0x9AE5, 0x8A84, 0x8A63, 0x8243, 0x8A63,
    0x8A84, 0x8A84, 0x92A4, 0x92C4, 0x92C5, 0x9AC5, 0x9AC5, 0x9AC5,
    0x9AC5, 0x9AC5, 0x9AE5, 0x9B06, 0xA346, 0xA387, 0xABA8, 0xB3C9,
    0xB40A, 0xB42A, 0xB42A, 0xB40A, 0xABEA, 0xA3CA, 0xA3A9, 0x9B89,
    0x9B89, 0x9B68, 0xB40A, 0xF58D, 0xF58D, 0xF62F, 0xFFB8, 0xFF56,
    0xFF14, 0xFF14, 0xFF13, 0xFE6E, 0xFDEB, 0xFE2D, 0xFE8F, 0xFE6F,
    0xFE4E, 0xFE6E, 0xFE6F, 0xFE6F, 0xFE90, 0xFE4E, 0xFE2C, 0xFE2D,
    0xFE4E, 0xFE4D, 0xFE2D, 0xFE4D, 0xFED3, 0xFF7A, 0xFF9B, 0xFF7A,
    0xFF59, 0xFF59, 0xFF39, 0xFF38, 0xFF38, 0xFED5, 0xF673, 0xEDF1,
    0xE56E, 0xCCAD, 0xC4CE, 0xEE33, 0xFEB5, 0xFF37, 0xFF58, 0xFF17,
    0xFF37, 0xFF58, 0xFF79, 0xFF58, 0xFF37, 0xFF38, 0xFF59, 0xFF58,
    0xFF58, 0xFF58, 0xFF79, 0xFF79, 0xFF79, 0xFF7A, 0xFF79, 0xFF79,
    0xFF79, 0xFF7A, 0xFF7A, 0xFF9A, 0xFF9A, 0xFF9A, 0xFF9A, 0xFF9B,
    0xFF9B, 0xFF9A, 0xFF9B, 0xFFBC, 0xFFBC, 0xFFBB, 0xFF9A, 0xFF7A,
    0xFF39, 0xFEB5, 0xA40C, 0x2880, 0x1860, 0x0820, 0x0820, 0x0800,
    0x0000, 0x0000, 0x0000, 0x0000, 0x0000, 0x0000, 0x0000, 0x0000,
    0x0820, 0x48E0, 0x5941, 0x3080, 0xAD13, 0xFF9D, 0xE6DA, 0xE699,
    0x5A27, 0x1000, 0x20A1, 0x8B06, 0xE54C, 0xFE92, 0xF671, 0xDC47,
    0xDC05, 0xF52A, 0xDDF4, 0xCE59, 0xCE58, 0xCE58, 0xCE58, 0xCE58,
    0xCE58, 0xCE58, 0xCE58, 0xCE58, 0xCE38, 0xCE58, 0xCE38, 0xCE38,
    0xCE38, 0xCE38, 0xCE38, 0xCE38, 0xCE38, 0xCE38, 0xCE38, 0xCE38,
    0xCE38, 0xCE38, 0xCE38, 0xCE38, 0xCE38, 0xCE38, 0xCE38, 0xCE38,
    0xCE38, 0xCE38, 0xCE38, 0xCE18, 0xCE17, 0xC5D6, 0xC5B5, 0xC574,
    0xBD53, 0xBD32, 0xBD10, 0xBCCF, 0xBCCE, 0xBCCE, 0xBCCE, 0xBCCE,
    0xBCCE, 0xBCAE, 0xBCAE, 0xBCAE, 0xBCAE, 0xBCAE, 0xBCAE, 0xBCAE,
    0xBCAE, 0xBCAE, 0xBCAE, 0xBCAE, 0xBCAE, 0xBCCE, 0xBCCE, 0xBCCE,
    0x9B8B, 0x9B8B, 0x9B8A, 0xA38A, 0xA3AA, 0xABCB, 0xB40B, 0xBC4B,
    0xC46C, 0xCCAC, 0xD4CC, 0xDCEC, 0xDD0D, 0xDD0D, 0xDD0D, 0xDD0D,
    0xDD0D, 0xDCEC, 0xDCEC, 0xDCCC, 0xDCCC, 0xDCCC, 0xDCCC, 0xDCCC,
    0xDCCC, 0xDCCC, 0xDCCB, 0xDCCB, 0xD4AB, 0xD48B, 0xCC6A, 0xC42A,
    0xBC09, 0xB3A8, 0xAB67, 0xA326, 0x92C5, 0x8A84, 0x8A63, 0x8A63,
    0x8A84, 0x8A84, 0x92A4, 0x92A4, 0x92C4, 0x9AC5, 0x9AC5, 0x9AC5,
    0x9AC4, 0x9AC5, 0x9AE5, 0x9B05, 0xA326, 0xA367, 0xABA8, 0xB3C9,
    0xB40A, 0xB42A, 0xB42A, 0xB40A, 0xABEA, 0xA3CA, 0xA3A9, 0x9B89,
    0x9B89, 0x9B89, 0xD4CC, 0xFD8C, 0xFE72, 0xFF99, 0xFF77, 0xFF56,
    0xFF36, 0xFF14, 0xFDEB, 0xEC65, 0xE3E3, 0xF569, 0xFE4E, 0xFE8F,
    0xFEB0, 0xFEB0, 0xFE90, 0xFEB1, 0xFEB0, 0xFEB0, 0xFEB0, 0xFE8F,
    0xFE8F, 0xFE8F, 0xFE90, 0xFF15, 0xFF9A, 0xFF9B, 0xFF7A, 0xFF59,
    0xFF59, 0xFF39, 0xFF39, 0xFF58, 0xFEF7, 0xFE94, 0xF632, 0xE58F,
    0xA368, 0x48E1, 0x2840, 0x6A46, 0xE5F2, 0xFEF7, 0xFF17, 0xFF17,
    0xFED6, 0xFF17, 0xFF17, 0xFF16, 0xFF16, 0xFF37, 0xFF38, 0xFF58,
    0xFF58, 0xFF58, 0xFF79, 0xFF79, 0xFF58, 0xFF58, 0xFF58, 0xFF79,
    0xFF79, 0xFF79, 0xFF59, 0xFF79, 0xFF79, 0xFF9A, 0xFF9A, 0xFF79,
    0xFF79, 0xFF9A, 0xFFBB, 0xFFBC, 0xFFBC, 0xFFBC, 0xFFBB, 0xFF9B,
    0xFF9B, 0xFF9A, 0xAC4D, 0x2860, 0x1860, 0x1040, 0x1040, 0x0820,
    0x0820, 0x0820, 0x0800, 0x0000, 0x0000, 0x0000, 0x0000, 0x0000,
    0x1840, 0x5920, 0x5120, 0x2880, 0xB575, 0xF77C, 0xE6DA, 0xE678,
    0x5227, 0x1820, 0x7244, 0xABC8, 0xE56D, 0xFE51, 0xFE71, 0xED4B,
    0xECE9, 0xF52A, 0xDDD3, 0xCE59, 0xCE38, 0xCE58, 0xCE38, 0xCE38,
    0xCE38, 0xCE38, 0xCE38, 0xCE38, 0xCE38, 0xCE58, 0xCE38, 0xCE38,
    0xCE38, 0xCE38, 0xCE38, 0xCE38, 0xCE38, 0xCE38, 0xCE38, 0xCE38,
    0xCE38, 0xCE38, 0xCE38, 0xCE38, 0xCE38, 0xCE38, 0xCE38, 0xCE38,
    0xCE38, 0xCE38, 0xCE38, 0xCE18, 0xCE17, 0xC5D6, 0xC5D6, 0xC5B5,
    0xC574, 0xC573, 0xC552, 0xBD11, 0xBD11, 0xBD11, 0xBD10, 0xBD10,
    0xBD10, 0xBCF0, 0xBCF0, 0xBCF0, 0xBCF0, 0xBCF0, 0xBD10, 0xBD10,
    0xBD10, 0xBD10, 0xBD10, 0xBCF0, 0xBCF0, 0xBCF0, 0xC4F0, 0xC4F0,
    0x9B8A, 0x9B8A, 0xA38A, 0xA38A, 0xABAA, 0xB3EB, 0xBC2B, 0xC44B,
    0xCC8C, 0xD4CC, 0xDCED, 0xDD0D, 0xDD0D, 0xDD2D, 0xE52D, 0xDD0D,
    0xDD0C, 0xDCEC, 0xDCEC, 0xDCEC, 0xDCCC, 0xDCCC, 0xDCCC, 0xDCCC,
    0xDCCC, 0xDCCC, 0xDCCC, 0xDCCC, 0xDCCB, 0xD4AB, 0xD48B, 0xCC6A,
    0xC42A, 0xBBE9, 0xB3A8, 0xAB47, 0x9B06, 0x92C5, 0x8A84, 0x8A63,
    0x8A64, 0x8A84, 0x92A4, 0x92A4, 0x92C4, 0x9AC5, 0x9AC5, 0x9AC4,
    0x9AC4, 0x92C4, 0x9AC5, 0x9B05, 0xA326, 0xA367, 0xABA8, 0xB3E9,
    0xB40A, 0xB42A, 0xB42A, 0xB40A, 0xAC0A, 0xA3CA, 0xA3A9, 0x9B89,
    0x9B89, 0xB40A, 0xF5AD, 0xFE51, 0xFFDA, 0xFFB9, 0xFF56, 0xFF35,
    0xFF13, 0xFDAA, 0xEC24, 0xE3C4, 0xECA7, 0xF508, 0xF4C7, 0xFD28,
    0xFD69, 0xFE4E, 0xFE8F, 0xFEB0, 0xFEB1, 0xFEB0, 0xFE90, 0xFE8F,
    0xFE8F, 0xFED1, 0xFF57, 0xFFBC, 0xFFBB, 0xFF9B, 0xFF7A, 0xFF59,
    0xFF59, 0xFF38, 0xFF38, 0xFF17, 0xFED6, 0xFE95, 0xF632, 0xDD2E,
    0x5983, 0x3060, 0x38A1, 0x2860, 0x938A, 0xFEB5, 0xFEF6, 0xFF38,
    0xFF17, 0xFF17, 0xFEF6, 0xFEF6, 0xFF16, 0xFF37, 0xFF58, 0xFF58,
    0xFF37, 0xFF17, 0xFF38, 0xFEF5, 0xFF16, 0xFF58, 0xFF59, 0xFF58,
    0xFF58, 0xFF37, 0xFF38, 0xFF59, 0xFF59, 0xFF79, 0xFF59, 0xFF59,
    0xFF9A, 0xFFBB, 0xFFBC, 0xFFDC, 0xFFBC, 0xFFDC, 0xFFDC, 0xFFBB,
    0xFF9B, 0xFF9B, 0xF6F8, 0x8B4A, 0x2080, 0x1040, 0x1040, 0x1040,
    0x1040, 0x0840, 0x0820, 0x0820, 0x0820, 0x0800, 0x0000, 0x0000,
    0x30A0, 0x6160, 0x4900, 0x2081, 0xCE17, 0xF73B, 0xE6DA, 0xE678,
    0x49C6, 0x2880, 0xDCEA, 0xFE2F, 0xF630, 0xF651, 0xFE92, 0xF630,
    0xF58C, 0xED4C, 0xD5D5, 0xCE59, 0xCE38, 0xCE58, 0xCE58, 0xCE58,
    0xCE38, 0xCE38, 0xCE38, 0xCE38, 0xCE38, 0xCE58, 0xCE38, 0xCE38,
    0xCE58, 0xCE38, 0xCE38, 0xCE38, 0xCE38, 0xCE38, 0xCE38, 0xCE38,
    0xCE38, 0xCE38, 0xCE38, 0xCE38, 0xCE38, 0xCE38, 0xCE38, 0xCE38,
    0xCE38, 0xCE38, 0xCE38, 0xCE38, 0xCE17, 0xC5F7, 0xC5D6, 0xC5D6,
    0xC5B5, 0xC594, 0xC574, 0xC553, 0xC553, 0xC552, 0xC552, 0xBD52,
    0xBD52, 0xBD32, 0xBD32, 0xBD32, 0xBD32, 0xC552, 0xC552, 0xC552,
    0xC552, 0xC552, 0xC552, 0xC552, 0xC552, 0xC532, 0xC532, 0xC532,
    0x9B6A, 0xA38A, 0xA38A, 0xABAA, 0xABCA, 0xB3EA, 0xBC2B, 0xCC6B,
    0xD4AC, 0xD4CC, 0xDD0D, 0xE52D, 0xE52D, 0xE52D, 0xDD2D, 0xDD0C,
    0xDD0C, 0xDD0C, 0xDCEC, 0xDCEC, 0xDCEC, 0xDCCC, 0xDCCC, 0xDCCC,
    0xDCCC, 0xDCCC, 0xDCCC, 0xDCCB, 0xDCCB, 0xDCCB, 0xD4AB, 0xD48B,
    0xCC6A, 0xC42A, 0xBBE9, 0xAB87, 0xA326, 0x9AE5, 0x8A84, 0x8A64,
    0x8A64, 0x8A84, 0x92A4, 0x92A4, 0x9AC5, 0x9AC5, 0x9AC5, 0x9AC4,
    0x9AC4, 0x9AC4, 0x9AC5, 0x9B05, 0xA326, 0xA367, 0xABA8, 0xB3E9,
    0xB40A, 0xB42A, 0xB42A, 0xB40A, 0xAC0A, 0xA3CA, 0xA3A9, 0x9BA9,
    0x9B69, 0xC4AC, 0xFE92, 0xFF78, 0xFF98, 0xFF77, 0xFF57, 0xFED1,
    0xFDAA, 0xEC65, 0xEC24, 0xEC66, 0xEC87, 0xE425, 0xE3C3, 0xE3C3,
    0xF485, 0xFDAB, 0xFE6E, 0xFE8F, 0xFE8F, 0xFE8F, 0xFEB1, 0xFEB1,
    0xFED2, 0xFF79, 0xFFBC, 0xFFBB, 0xFF9B, 0xFF7A, 0xFF79, 0xFF59,
    0xFF38, 0xFF18, 0xFF38, 0xFEF6, 0xFED6, 0xFE94, 0xF611, 0xD50E,
    0x5963, 0x40C1, 0x40C1, 0x2860, 0x6205, 0xF654, 0xFEF6, 0xFF17,
    0xFF17, 0xFF38, 0xFF38, 0xFF58, 0xFF37, 0xFF17, 0xFF37, 0xFF17,
    0xFF37, 0xFF17, 0xFF16, 0xFED4, 0xFF58, 0xFF38, 0xFF59, 0xFF59,
    0xFF59, 0xFF58, 0xFF59, 0xFF59, 0xFF58, 0xFF59, 0xFF59, 0xFF7A,
    0xFF9A, 0xFF9B, 0xFFBC, 0xFFBB, 0xFFBB, 0xFFBC, 0xFFDC, 0xFFBC,
    0xFF9C, 0xFF9B, 0xFF7B, 0xFF39, 0x6288, 0x0820, 0x1881, 0x1040,
    0x1040, 0x1040, 0x0840, 0x0820, 0x0820, 0x0820, 0x0820, 0x0000,
    0x5940, 0x71C0, 0x48E0, 0x3944, 0xE6DA, 0xEEFA, 0xE6BA, 0xDE37,
    0x3144, 0x3901, 0xED4B, 0xEDCD, 0xF630, 0xF651, 0xF672, 0xFE93,
    0xFE30, 0xED4D, 0xCE38, 0xCE38, 0xCE38, 0xCE38, 0xCE38, 0xCE38,
    0xCE38, 0xCE58, 0xCE38, 0xCE58, 0xCE58, 0xCE38, 0xCE58, 0xCE58,
    0xCE58, 0xCE38, 0xCE38, 0xCE38, 0xCE38, 0xCE38, 0xCE38, 0xCE38,
    0xCE38, 0xCE38, 0xCE38, 0xCE38, 0xCE38, 0xCE38, 0xCE38, 0xCE38,
    0xCE38, 0xCE38, 0xCE38, 0xCE38, 0xCE18, 0xCE17, 0xC5F7, 0xC5D6,
    0xC5D6, 0xC5B5, 0xC5B5, 0xC594, 0xC594, 0xC594, 0xC594, 0xC594,
    0xC594, 0xC594, 0xC574, 0xC594, 0xC594, 0xC594, 0xC594, 0xC594,
    0xC594, 0xC594, 0xC594, 0xC594, 0xC594, 0xC594, 0xC594, 0xC594,
    0x9B6A, 0xA38A, 0xA389, 0xABA9, 0xB3CA, 0xBBEA, 0xC42B, 0xCC6B,
    0xD4AC, 0xDCEC, 0xDD0D, 0xE52D, 0xE52D, 0xE52D, 0xDD0D, 0xDD0C,
    0xDD0C, 0xDD0C, 0xDCEC, 0xDCEC, 0xDCEC, 0xDCEC, 0xDCEC, 0xDCCC,
    0xDCCC, 0xDCCC, 0xDCCB, 0xDCCB, 0xDCCB, 0xDCCB, 0xDCCC, 0xD4CB,
    0xD48B, 0xCC4A, 0xBC09, 0xB3A8, 0xA347, 0x9AE5, 0x92A4, 0x8A84,
    0x8A64, 0x8A84, 0x9284, 0x92A4, 0x92C4, 0x9AC5, 0x9AC5, 0x9AC5,
    0x9AC4, 0x9AC4, 0x9AC5, 0x9B05, 0xA346, 0xAB87, 0xABA8, 0xB3E9,
    0xB40A, 0xBC2A, 0xB42A, 0xB42A, 0xAC0A, 0xA3EA, 0xA3CA, 0x9B89,
    0xAC2B, 0xEE52, 0xFF77, 0xFF77, 0xFF77, 0xFF56, 0xFE91, 0xFD69,
    0xF485, 0xEC25, 0xE404, 0xEC66, 0xE446, 0xE405, 0xCB01, 0xDB62,
    0xF4A5, 0xF528, 0xFD8A, 0xFE0C, 0xFE6E, 0xFEF2, 0xFEF2, 0xFF14,
    0xFF9A, 0xFF9B, 0xFF9B, 0xFF9B, 0xFF9A, 0xFF59, 0xFF59, 0xFF38,
    0xFF38, 0xFF18, 0xFEF7, 0xFED6, 0xFED6, 0xFED6, 0xF653, 0xE5B0,
    0x6A04, 0x40C1, 0x40E1, 0x38C1, 0x38E2, 0xC510, 0xFF17, 0xFEF6,
    0xFEF6, 0xFF37, 0xFF17, 0xFF17, 0xFF38, 0xFF57, 0xFEF5, 0xFF17,
    0xFF38, 0xFF37, 0xFEF6, 0xFF16, 0xFF17, 0xFF38, 0xFF38, 0xFF38,
    0xFF38, 0xFF58, 0xFF38, 0xFF38, 0xFF59, 0xFF38, 0xFF37, 0xFF59,
    0xFF7A, 0xFF7A, 0xFF79, 0xFF79, 0xFF59, 0xFF59, 0xFF7A, 0xFF9B,
    0xFF9B, 0xFF9B, 0xFF7A, 0xFF9B, 0xE656, 0x3964, 0x0820, 0x1061,
    0x1060, 0x1040, 0x1040, 0x0840, 0x0840, 0x1040, 0x0000, 0x2080,
    0x71C0, 0x79C1, 0x3880, 0x732C, 0xF73B, 0xE6B9, 0xE6BA, 0xD5F6,
    0x30E2, 0x30A0, 0x8AA4, 0xED8C, 0xFE50, 0xFE71, 0xF651, 0xFE93,
    0xFE51, 0xE52C, 0xCE17, 0xCE38, 0xCE38, 0xCE38, 0xCE38, 0xCE38,
    0xCE38, 0xCE38, 0xCE38, 0xCE38, 0xCE58, 0xCE38, 0xCE38, 0xCE38,
    0xCE38, 0xCE38, 0xCE38, 0xCE38, 0xCE38, 0xCE38, 0xCE38, 0xCE38,
    0xCE38, 0xCE38, 0xCE38, 0xCE38, 0xCE38, 0xCE38, 0xCE38, 0xCE38,
    0xCE38, 0xCE38, 0xCE38, 0xCE38, 0xCE38, 0xCE18, 0xCE17, 0xCDF7,
    0xC5F7, 0xC5D6, 0xC5D6, 0xC5D6, 0xC5D6, 0xC5D6, 0xC5D6, 0xC5D6,
    0xC5D6, 0xC5D6, 0xC5D6, 0xC5D6, 0xC5D6, 0xC5D6, 0xC5D6, 0xC5D6,
    0xC5D6, 0xC5D6, 0xC5D6, 0xCDD6, 0xCDD6, 0xC5D6, 0xCDD6, 0xCDD6,
    0x9B69, 0xA369, 0xAB89, 0xAB89, 0xB3C9, 0xBBEA, 0xC42A, 0xCC6B,
    0xD4CC, 0xDCEC, 0xDD0D, 0xE52D, 0xE52D, 0xE52D, 0xE50D, 0xDD0D,
    0xDD0C, 0xDD0C, 0xDCEC, 0xDCEC, 0xDCEC, 0xDCEC, 0xDCCC, 0xDCCC,
    0xDCCB, 0xDCCC, 0xDCCB, 0xDCCB, 0xDCCB, 0xDCCB, 0xDCCB, 0xDCCB,
    0xD4AB, 0xCC6B, 0xC42A, 0xB3C8, 0xAB67, 0x9B06, 0x92A4, 0x8A84,
    0x8A63, 0x8A63, 0x8A84, 0x92A4, 0x92C4, 0x9AC4, 0x9AC4, 0x9AC5,
    0x9AC4, 0x9AC4, 0x9AE5, 0x9B05, 0xA346, 0xAB87, 0xABA8, 0xB3E9,
    0xB40A, 0xBC2A, 0xB42A, 0xB42A, 0xAC0A, 0xA3EA, 0xA3CA, 0x9B89,
    0xAC0A, 0xFF37, 0xFF36, 0xFF55, 0xFF56, 0xFE4E, 0xFD49, 0xF528,
    0xF528, 0xEC86, 0xE425, 0xEC45, 0xE3E5, 0xD342, 0xD342, 0xE3E4,
    0xE3E3, 0xEC24, 0xFD48, 0xFE4E, 0xFEF2, 0xFEF3, 0xFF15, 0xFF9A,
    0xFFBB, 0xFF9B, 0xFF9B, 0xFF7A, 0xFF7A, 0xFF58, 0xFF59, 0xFF38,
    0xFF38, 0xFF17, 0xFEF6, 0xFEF7, 0xFED6, 0xFED6, 0xFED5, 0xFE94,
    0xB42C, 0x5122, 0x5122, 0x4902, 0x4123, 0xCD51, 0xFF17, 0xFEF6,
    0xFF17, 0xFEF6, 0xFED5, 0xFED5, 0xFED5, 0xFF17, 0xFF17, 0xFF17,
    0xFF16, 0xFF16, 0xFF37, 0xFF17, 0xFF16, 0xFF16, 0xFF17, 0xFF38,
    0xFF38, 0xFF17, 0xFF17, 0xFF17, 0xFED6, 0xFF17, 0xFF38, 0xFF59,
    0xFF58, 0xFF17, 0xFEF6, 0xFEF6, 0xFED6, 0xF674, 0xF674, 0xFED7,
    0xFF59, 0xFF7A, 0xFF9B, 0xFF7B, 0xFF9B, 0xBD11, 0x3123, 0x1881,
    0x1060, 0x1060, 0x1040, 0x1040, 0x1040, 0x0820, 0x1860, 0x71E1,
    0x79E1, 0x6160, 0x2880, 0xC5B6, 0xEEFA, 0xE699, 0xEEDA, 0xB512,
    0x4121, 0xCC48, 0xC428, 0xDD0B, 0xF630, 0xFE92, 0xF5EF, 0xED8D,
    0xE4EA, 0xDD2F, 0xCE38, 0xCE38, 0xCE38, 0xCE38, 0xCE38, 0xCE58,
    0xCE58, 0xCE58, 0xCE58, 0xCE38, 0xCE38, 0xCE38, 0xCE38, 0xCE38,
    0xCE38, 0xCE38, 0xCE38, 0xCE38, 0xCE58, 0xCE38, 0xCE38, 0xCE38,
    0xCE38, 0xCE38, 0xCE38, 0xCE38, 0xCE38, 0xCE38, 0xCE38, 0xCE38,
    0xCE38, 0xCE38, 0xCE38, 0xCE38, 0xCE38, 0xCE38, 0xCE18, 0xCE17,
    0xCE17, 0xCE17, 0xCDF7, 0xCDF7, 0xCDF7, 0xCE17, 0xCE17, 0xCDF7,
    0xCDF7, 0xCDF7, 0xCDF7, 0xCDF7, 0xCDF7, 0xCDF7, 0xCDF7, 0xCDF7,
    0xCDF7, 0xCDF7, 0xCDF7, 0xCDF7, 0xCE17, 0xCE17, 0xCE17, 0xCE17,
    0xA369, 0xA369, 0xAB88, 0xAB88, 0xB3A9, 0xBBEA, 0xC42A, 0xCC8B,
    0xD4CC, 0xDCEC, 0xE52D, 0xE52D, 0xE52D, 0xE52D, 0xE52D, 0xDD0D,
    0xDD0D, 0xDD0C, 0xDCEC, 0xDCCC, 0xD4CB, 0xD4AB, 0xD4AB, 0xD4AB,
    0xD4AB, 0xDCAB, 0xDCCB, 0xDCCB, 0xDCCB, 0xDCCC, 0xDCCC, 0xDCEC,
    0xDCCC, 0xD48B, 0xC42A, 0xBBC9, 0xAB67, 0x9B06, 0x92A5, 0x8A84,
    0x8263, 0x8243, 0x8A84, 0x92A4, 0x92A4, 0x9AC4, 0x9AC4, 0x9AC5,
    0x9AC4, 0x9AC4, 0x9AE5, 0x9B05, 0xA346, 0xAB87, 0xABA8, 0xB3E9,
    0xB40A, 0xBC2A, 0xBC2A, 0xB42A, 0xAC0A, 0xABEA, 0xA3CA, 0x9B68,
    0xCD50, 0xFF36, 0xFE92, 0xFF77, 0xFE90, 0xF549, 0xF528, 0xF549,
    0xF508, 0xEC45, 0xE3C4, 0xDBA4, 0xCB22, 0xDB83, 0xE404, 0xD342,
    0xD343, 0xEC45, 0xFE4F, 0xFF35, 0xFF14, 0xFF13, 0xFF79, 0xFFBB,
    0xFF9B, 0xFF9A, 0xFF9A, 0xFF7A, 0xFF59, 0xFF59, 0xFF38, 0xFF18,
    0xFEF7, 0xFED6, 0xFED6, 0xFEB5, 0xF695, 0xFEB5, 0xFF17, 0xFED5,
    0xF612, 0xA38A, 0x6163, 0x40C1, 0x6A06, 0xF675, 0xFEF6, 0xFEF6,
    0xFEF6, 0xFF17, 0xFEF6, 0xFEB5, 0xFED5, 0xFF16, 0xFF38, 0xFF17,
    0xFED5, 0xFED5, 0xFEB5, 0xFED6, 0xFEF6, 0xFF17, 0xFF38, 0xFF17,
    0xFF38, 0xFF38, 0xFF38, 0xFF17, 0xFF17, 0xFF38, 0xFF58, 0xFF37,
    0xFF17, 0xFED6, 0xFEB6, 0xF674, 0xEE13, 0xEDF2, 0xE5D1, 0xEE33,
    0xFED7, 0xFF39, 0xFF5A, 0xFF5A, 0xFF3A, 0xFF9B, 0x9C2E, 0x0820,
    0x1060, 0x1060, 0x1040, 0x0820, 0x0000, 0x2080, 0x8222, 0x8A21,
    0x69A1, 0x2840, 0x6289, 0xF73B, 0xE6B9, 0xE699, 0xF6D9, 0x8BAD,
    0x7A64, 0xFDCC, 0xF5CC, 0xED8C, 0xF60F, 0xFE71, 0xED8D, 0xC385,
    0xCBA5, 0xD592, 0xCE59, 0xCE38, 0xCE38, 0xCE38, 0xCE38, 0xCE58,
    0xCE58, 0xCE58, 0xCE59, 0xCE38, 0xCE58, 0xCE38, 0xCE38, 0xCE38,
    0xCE38, 0xCE39, 0xCE39, 0xCE58, 0xCE58, 0xCE58, 0xCE38, 0xCE38,
    0xCE38, 0xCE38, 0xCE38, 0xCE38, 0xCE38, 0xCE38, 0xCE38, 0xCE38,
    0xCE38, 0xCE38, 0xCE38, 0xCE38, 0xCE38, 0xCE38, 0xCE38, 0xCE38,
    0xCE38, 0xCE38, 0xCE38, 0xCE38, 0xCE38, 0xCE38, 0xCE38, 0xCE38,
    0xCE38, 0xCE38, 0xCE18, 0xCE38, 0xCE38, 0xCE18, 0xCE18, 0xCE18,
    0xCE17, 0xCE17, 0xCE18, 0xCE38, 0xCE38, 0xCE38, 0xD638, 0xD638,
    0xA348, 0xA368, 0xAB68, 0xAB68, 0xAB88, 0xBBE9, 0xC42A, 0xCC8B,
    0xD4CC, 0xDCEC, 0xDD2D, 0xE54D, 0xE52D, 0xE52D, 0xE52D, 0xE50D,
    0xDD0D, 0xDCEC, 0xD4CC, 0xD4AB, 0xD48B, 0xCC6B, 0xCC6A, 0xCC6B,
    0xCC8B, 0xD48B, 0xD4AB, 0xDCAB, 0xDCCB, 0xDCEC, 0xDCEC, 0xDCEC,
    0xDCCC, 0xD4AB, 0xC44A, 0xBBC9, 0xAB67, 0x9B06, 0x92A4, 0x8A63,
    0x8243, 0x8243, 0x8A63, 0x8A84, 0x92A4, 0x92A4, 0x9AC4, 0x9AC4,
    0x9AC4, 0x9AC4, 0x9AE5, 0x9B05, 0xA346, 0xAB87, 0xB3A8, 0xB3E9,
    0xBC09, 0xBC2A, 0xBC2A, 0xB42B, 0xAC0B, 0xABEA, 0xA3EA, 0x9B89,
    0xDE12, 0xFDED, 0xF652, 0xFF55, 0xFDAB, 0xF508, 0xF549, 0xF529,
    0xEC45, 0xE405, 0xE425, 0xD383, 0xD363, 0xDBA3, 0xCB22, 0xD342,
    0xE3E4, 0xF58B, 0xFEF3, 0xFEF3, 0xFEF3, 0xFF78, 0xFFBB, 0xFF9B,
    0xFF9B, 0xFF9A, 0xFF7A, 0xFF79, 0xFF59, 0xFF59, 0xFF17, 0xFEF7,
    0xFEF7, 0xFEF6, 0xFED6, 0xFED6, 0xFEF7, 0xFEF7, 0xFF17, 0xFEF7,
    0xFEB5, 0xFE94, 0xDD91, 0xB44D, 0xD591, 0xFED6, 0xFEB5, 0xFEB5,
    0xFED5, 0xFE94, 0xFED5, 0xFED5, 0xFED5, 0xFEF6, 0xFEF6, 0xFED5,
    0xFEB4, 0xFE93, 0xFE94, 0xFED5, 0xFF16, 0xFEF6, 0xFF17, 0xFF17,
    0xFF17, 0xFF17, 0xFF17, 0xFF17, 0xFF38, 0xFEF6, 0xFED5, 0xFED6,
    0xFEF6, 0xFEB5, 0xE5F3, 0xAC4D, 0x8AC7, 0x92C6, 0xCC8C, 0xE5B1,
    0xEE54, 0xF6D7, 0xFF39, 0xFF5A, 0xFF3A, 0xFF5A, 0xF6F8, 0x7B08,
    0x0800, 0x0800, 0x1040, 0x1860, 0x4121, 0x8A42, 0x9282, 0x8221,
    0x40E0, 0x1882, 0xCDF6, 0xEEDA, 0xE699, 0xE678, 0xE677, 0x6A67,
    0xC427, 0xF5CC, 0xF5ED, 0xF5EE, 0xF60F, 0xF610, 0xD4AA, 0xC385,
    0xCBC7, 0xD637, 0xCE39, 0xCE38, 0xCE38, 0xCE38, 0xCE38, 0xCE38,
    0xCE38, 0xCE58, 0xCE59, 0xCE58, 0xCE58, 0xCE38, 0xCE38, 0xCE38,
    0xCE38, 0xCE38, 0xCE58, 0xCE58, 0xCE58, 0xCE58, 0xCE38, 0xCE38,
    0xCE38, 0xCE38, 0xCE38, 0xCE38, 0xCE38, 0xCE38, 0xCE38, 0xCE38,
    0xCE38, 0xCE38, 0xCE38, 0xCE38, 0xCE38, 0xCE38, 0xCE38, 0xCE38,
    0xCE38, 0xCE38, 0xCE38, 0xCE38, 0xCE38, 0xCE38, 0xCE38, 0xCE38,
    0xCE38, 0xCE38, 0xCE38, 0xCE38, 0xCE38, 0xCE38, 0xCE38, 0xCE38,
    0xCE38, 0xD638, 0xD638, 0xD638, 0xD638, 0xD638, 0xD658, 0xD658,
    0x9B48, 0xA348, 0xA347, 0xA367, 0xAB88, 0xB3C9, 0xC42A, 0xCC8B,
    0xD4CC, 0xDCEC, 0xE52D, 0xE54D, 0xE54D, 0xE52D, 0xE52D, 0xE52D,
    0xDD0C, 0xDCCC, 0xD4AB, 0xCC6A, 0xC44A, 0xC42A, 0xC429, 0xC429,
    0xC44A, 0xCC6A, 0xCC8B, 0xD4AB, 0xDCCB, 0xDCEC, 0xDCEC, 0xDCEC,
    0xDCEC, 0xD48B, 0xC44A, 0xBBE9, 0xAB67, 0x9B06, 0x8A84, 0x8243,
    0x7A22, 0x8223, 0x8A63, 0x8A84, 0x92A4, 0x92A4, 0x92C4, 0x9AC4,
    0x9AC4, 0x9AC4, 0x9AC5, 0x9B05, 0xA346, 0xAB87, 0xB3C8, 0xB3E9,
    0xBC09, 0xBC2A, 0xBC4A, 0xB42B, 0xB42B, 0xAC0A, 0xA3CA, 0xAC2B,
    0xE5AE, 0xF509, 0xF692, 0xFEB1, 0xF508, 0xF509, 0xF508, 0xF4E8,
    0xE405, 0xDBC4, 0xD383, 0xCB43, 0xCB22, 0xC302, 0xCB63, 0xDBC4,
    0xEC87, 0xFE90, 0xFEB1, 0xFEB1, 0xFF35, 0xFF9B, 0xFF9A, 0xFF9A,
    0xFF9A, 0xFF7A, 0xFF7A, 0xFF59, 0xFF38, 0xFF38, 0xFF17, 0xFF17,
    0xFEF7, 0xFEF7, 0xFEF6, 0xFED6, 0xFED6, 0xFEF6, 0xFEF6, 0xFF17,
    0xFF17, 0xFF17, 0xFF38, 0xFF58, 0xFF17, 0xFEB5, 0xFE94, 0xFEB4,
    0xFEB4, 0xFEB4, 0xFED5, 0xFF16, 0xFEF6, 0xFEF6, 0xFED5, 0xFEB5,
    0xFEF6, 0xFED5, 0xFED5, 0xFEF6, 0xFEF6, 0xFEF6, 0xFEF6, 0xFED5,
    0xFEB4, 0xFEB5, 0xFEF6, 0xFED5, 0xFEF6, 0xFEF6, 0xFED6, 0xFEF7,
    0xFEB5, 0xDDB2, 0x7AC8, 0x2020, 0x2840, 0x2820, 0x8AA5, 0xDD2E,
    0xEDF2, 0xF675, 0xFF18, 0xFF39, 0xFF39, 0xFF5A, 0xFF7B, 0xF6B6,
    0xB42B, 0x59A2, 0x5100, 0x79E0, 0x8221, 0x7A01, 0x79E1, 0x5120,
    0x2060, 0xACD1, 0xEEB9, 0xDE78, 0xE678, 0xEEB8, 0xBCF1, 0x82C6,
    0xF5AC, 0xF5AC, 0xF60E, 0xFE2F, 0xFE70, 0xE56D, 0xAB05, 0xC344,
    0xD46B, 0xD679, 0xCE38, 0xCE38, 0xCE38, 0xCE38, 0xCE38, 0xCE38,
    0xCE38, 0xCE38, 0xCE38, 0xCE58, 0xCE58, 0xCE38, 0xCE38, 0xCE38,
    0xCE38, 0xCE38, 0xCE38, 0xCE38, 0xCE38, 0xCE38, 0xCE38, 0xCE38,
    0xCE38, 0xCE38, 0xCE38, 0xCE38, 0xCE38, 0xCE38, 0xCE38, 0xCE38,
    0xCE38, 0xCE38, 0xCE38, 0xCE38, 0xCE38, 0xCE38, 0xCE38, 0xCE38,
    0xCE38, 0xCE38, 0xCE38, 0xCE38, 0xCE38, 0xCE38, 0xCE38, 0xCE38,
    0xCE38, 0xCE38, 0xCE38, 0xD638, 0xCE38, 0xCE38, 0xCE38, 0xCE38,
    0xCE38, 0xCE38, 0xD638, 0xD658, 0xD658, 0xD658, 0xD658, 0xD658,
    0x9B28, 0xA347, 0xA347, 0xA347, 0xAB68, 0xB3C9, 0xC42A, 0xCC8B,
    0xD4CC, 0xDD0D, 0xE52D, 0xE54D, 0xE54D, 0xE52D, 0xE52D, 0xE52D,
    0xDCEC, 0xD4AB, 0xCC6A, 0xC42A, 0xBBE9, 0xB3C8, 0xB3A8, 0xB3A8,
    0xBBE9, 0xC42A, 0xCC4A, 0xCC8B, 0xD4AB, 0xDCEB, 0xDCEC, 0xDCEC,
    0xDCEC, 0xD48B, 0xC42A, 0xBBC8, 0xAB67, 0x9B06, 0x8A84, 0x7A02,
    0x7A02, 0x8223, 0x8243, 0x8A64, 0x9284, 0x92A4, 0x92C4, 0x9AC4,
    0x9AC4, 0x9AC4, 0x9AC5, 0x9B05, 0xA346, 0xAB87, 0xB3A8, 0xB3E9,
    0xBC0A, 0xBC2A, 0xBC4B, 0xB42B, 0xB42B, 0xAC0A, 0xA3EA, 0xA3EA,
    0xE54C, 0xF509, 0xFED4, 0xFDCC, 0xF4A7, 0xF4E8, 0xF4E8, 0xEC66,
    0xE425, 0xDBE5, 0xDBC4, 0xD363, 0xDB83, 0xD3C4, 0xC344, 0xD363,
    0xF5AC, 0xFED1, 0xFE90, 0xFED2, 0xFF79, 0xFF9B, 0xFF9A, 0xFF79,
    0xFF59, 0xFF7A, 0xFF59, 0xFF38, 0xFF38, 0xFF38, 0xFF18, 0xFF17,
    0xFF17, 0xFEF6, 0xFED6, 0xFED6, 0xFED6, 0xFED6, 0xFEF7, 0xFF17,
    0xFF17, 0xFF17, 0xFF17, 0xFEF7, 0xFEB5, 0xFE94, 0xFEB5, 0xFE94,
    0xFEB5, 0xFED5, 0xFED5, 0xFEB5, 0xFED5, 0xFED5, 0xFED5, 0xFED5,
    0xFEB5, 0xFE73, 0xFE94, 0xFED5, 0xFED5, 0xFEF6, 0xFEF6, 0xFEF6,
    0xFF17, 0xFF17, 0xFEF7, 0xFEF7, 0xFEF7, 0xFF18, 0xFF17, 0xFF17,
    0xFEB6, 0x6226, 0x0800, 0x2060, 0x38A0, 0x40A0, 0x8265, 0xDD4F,
    0xEE33, 0xF6B6, 0xFEF8, 0xFF18, 0xFF39, 0xFF5A, 0xFF5A, 0xFF19,
    0xFEB3, 0xEE10, 0xB409, 0x8263, 0x6140, 0x48E0, 0x2860, 0x28A2,
    0xACD2, 0xEED9, 0xDE57, 0xE677, 0xE657, 0xDE16, 0x8B4A, 0xDD2B,
    0xFE2E, 0xF5AC, 0xFE0E, 0xFE50, 0xFE91, 0xE56D, 0xBB45, 0xDC06,
    0xDD2E, 0xCE59, 0xCE38, 0xCE38, 0xCE38, 0xCE38, 0xCE38, 0xCE38,
    0xCE38, 0xCE38, 0xCE38, 0xCE38, 0xCE38, 0xCE38, 0xCE38, 0xCE38,
    0xCE58, 0xCE38, 0xCE38, 0xCE38, 0xCE38, 0xCE38, 0xCE38, 0xCE38,
    0xCE38, 0xCE38, 0xCE38, 0xCE38, 0xCE38, 0xCE38, 0xCE38, 0xCE38,
    0xCE38, 0xCE38, 0xCE38, 0xCE38, 0xCE38, 0xCE38, 0xCE38, 0xCE38,
    0xCE38, 0xCE38, 0xCE38, 0xCE38, 0xCE38, 0xCE38, 0xCE38, 0xCE38,
    0xCE38, 0xCE38, 0xCE38, 0xCE38, 0xD658, 0xCE38, 0xCE38, 0xCE38,
    0xCE38, 0xCE38, 0xCE38, 0xD638, 0xD638, 0xD638, 0xD638, 0xD638,
    0x9B28, 0xA347, 0xA347, 0xAB67, 0xAB88, 0xB3C9, 0xC42A, 0xCC8B,
    0xD4CC, 0xDD0D, 0xE52D, 0xE54D, 0xE54D, 0xE54D, 0xE54D, 0xE52D,
    0xDCEC, 0xD48B, 0xC42A, 0xBBE9, 0xB388, 0xA347, 0xA326, 0xA327,
    0xAB87, 0xB3C9, 0xC409, 0xCC4A, 0xD48B, 0xDCCB, 0xDCEC, 0xDCEC,
    0xDCCC, 0xD48B, 0xC42A, 0xB3C8, 0xAB67, 0x9AE5, 0x8263, 0x7A02,
    0x79E2, 0x7A02, 0x8243, 0x8A63, 0x9284, 0x92A4, 0x92C4, 0x9AC4,
    0x92C4, 0x92C4, 0x9AC4, 0x9B05, 0xA346, 0xAB87, 0xB3C8, 0xB3E9,
    0xBC2A, 0xBC4A, 0xBC4B, 0xB44B, 0xB42B, 0xAC0B, 0xA3EA, 0x9BAA,
    0xE52C, 0xF56B, 0xFED3, 0xF54A, 0xEC87, 0xEC87, 0xF508, 0xE425,
    0xD384, 0xDBC5, 0xDBE5, 0xCB22, 0xD343, 0xB281, 0xB281, 0xDC26,
    0xFE4F, 0xFE90, 0xFEB1, 0xFF15, 0xFF7A, 0xFF7A, 0xFF7A, 0xFF59,
    0xFF59, 0xFF59, 0xFF39, 0xFF38, 0xFF38, 0xFF18, 0xFF17, 0xFF17,
    0xFEF7, 0xFEF7, 0xFEF7, 0xFED6, 0xFED6, 0xFEB5, 0xFED6, 0xFED5,
    0xFED6, 0xFEF6, 0xFF17, 0xFEF6, 0xFE94, 0xF653, 0xF653, 0xF632,
    0xFE93, 0xFEB4, 0xFE93, 0xFE73, 0xFE73, 0xFE73, 0xFE94, 0xFEB5,
    0xFEB5, 0xFE74, 0xFEB5, 0xFEB5, 0xFEB5, 0xFEB5, 0xFED5, 0xFEF6,
    0xFF17, 0xFEB5, 0xFED5, 0xFEF6, 0xFED6, 0xFED5, 0xFE94, 0xF653,
    0xCD10, 0x38E2, 0x2040, 0x3080, 0x40C1, 0x5122, 0xBC0B, 0xF674,
    0xFED7, 0xFEF7, 0xFF18, 0xFF19, 0xFF19, 0xFF39, 0xFF3A, 0xFF3A,
    0xF674, 0xF60F, 0xFE90, 0xF651, 0xCCED, 0x8307, 0x5206, 0xBD53,
    0xE698, 0xD616, 0xDE16, 0xD5F5, 0xD5D4, 0xAC2C, 0xD4EC, 0xFE6F,
    0xF5AC, 0xFE2E, 0xFE4F, 0xFE70, 0xFE92, 0xF610, 0xE4A9, 0xF54A,
    0xDDD4, 0xCE59, 0xCE38, 0xCE38, 0xCE39, 0xCE39, 0xCE58, 0xCE38,
    0xCE38, 0xCE38, 0xCE38, 0xCE38, 0xCE38, 0xCE38, 0xCE38, 0xCE38,
    0xCE58, 0xCE58, 0xCE38, 0xCE38, 0xCE38, 0xCE38, 0xCE38, 0xCE38,
    0xCE38, 0xCE38, 0xCE38, 0xCE38, 0xCE38, 0xCE38, 0xCE38, 0xCE38,
    0xCE38, 0xCE38, 0xCE38, 0xCE38, 0xCE38, 0xCE38, 0xCE38, 0xCE38,
    0xCE38, 0xCE38, 0xCE38, 0xCE38, 0xCE38, 0xCE38, 0xCE38, 0xCE38,
    0xCE38, 0xCE38, 0xCE38, 0xCE38, 0xCE38, 0xCE38, 0xCE38, 0xCE38,
    0xCE38, 0xCE38, 0xCE38, 0xD638, 0xCE38, 0xD638, 0xD638, 0xD638,
    0x9B27, 0xA347, 0xAB67, 0xAB68, 0xAB88, 0xBBC9, 0xC42A, 0xCC8B,
    0xD4CC, 0xDD0D, 0xE52D, 0xE54D, 0xE54D, 0xE54D, 0xE52D, 0xDD0D,
    0xD4CC, 0xCC6B, 0xBC09, 0xB388, 0xA327, 0x92A5, 0x8A84, 0x8AA5,
    0x9B06, 0xAB67, 0xBBC9, 0xC429, 0xCC6B, 0xD4CB, 0xDCEC, 0xDCEC,
    0xDCCC, 0xD48B, 0xC42A, 0xB3C8, 0xAB47, 0x92C5, 0x8243, 0x79E2,
    0x71E2, 0x7A02, 0x8223, 0x8A63, 0x8A84, 0x92A4, 0x92A4, 0x92A4,
    0x92C4, 0x92C4, 0x9AC4, 0x9AE5, 0xA346, 0xAB87, 0xB3C8, 0xBC09,
    0xBC2A, 0xBC4A, 0xBC4B, 0xB44B, 0xB42B, 0xAC0B, 0xA3EA, 0xAC0B,
    0xE50B, 0xF5EF, 0xFEB2, 0xF4E8, 0xEC87, 0xF4E8, 0xE425, 0xDBC4,
    0xCBA4, 0xE406, 0xD343, 0xD363, 0xC2E2, 0xCB43, 0xD363, 0xE4C9,
    0xFEB0, 0xFEB1, 0xFEB1, 0xFF58, 0xFF7A, 0xFF79, 0xFF59, 0xFF39,
    0xFF39, 0xFF38, 0xFF38, 0xFF18, 0xFF18, 0xFF18, 0xFF18, 0xFEF7,
    0xFF17, 0xFEF7, 0xFEF6, 0xFED6, 0xFED6, 0xFED6, 0xFED5, 0xFED5,
    0xFED5, 0xFEF6, 0xFEF6, 0xFEF6, 0xFEB5, 0xF673, 0xFE95, 0xF673,
    0xFE94, 0xFEB4, 0xFEB4, 0xFE73, 0xFE73, 0xFE73, 0xFE94, 0xFE94,
    0xFED5, 0xFEB5, 0xFE95, 0xFE94, 0xFEB4, 0xFEB5, 0xFE94, 0xFE94,
    0xFE94, 0xFED5, 0xFED6, 0xFED5, 0xFED5, 0xFEB5, 0xF694, 0xFED6,
    0x9BCC, 0x2020, 0x38C1, 0x48E1, 0x48E1, 0x82A7, 0xEDD2, 0xFED6,
    0xF6D6, 0xF6B6, 0xF6B6, 0xF6F8, 0xFF18, 0xFF19, 0xFF3A, 0xFF5A,
    0xFF18, 0xF610, 0xF5ED, 0xFE2E, 0xFEB1, 0xFEF3, 0xFEF4, 0xFEB4,
    0xEE53, 0xEE34, 0xE5F3, 0xE5D1, 0xE5D0, 0xF62F, 0xFE90, 0xFE2E,
    0xFDCC, 0xFE2E, 0xFE70, 0xFE91, 0xFE91, 0xF5CD, 0xECE9, 0xED6D,
    0xD637, 0xCE59, 0xCE38, 0xCE38, 0xCE38, 0xCE39, 0xCE59, 0xCE38,
    0xCE58, 0xCE58, 0xCE38, 0xCE38, 0xCE38, 0xCE38, 0xCE38, 0xCE38,
    0xCE38, 0xCE38, 0xCE38, 0xCE38, 0xCE38, 0xCE38, 0xCE38, 0xCE38,
    0xCE38, 0xCE38, 0xCE38, 0xCE38, 0xCE38, 0xCE38, 0xCE38, 0xCE38,
    0xCE38, 0xCE38, 0xCE38, 0xCE38, 0xCE38, 0xCE38, 0xCE38, 0xCE38,
    0xCE38, 0xCE38, 0xCE38, 0xCE38, 0xCE38, 0xCE38, 0xCE38, 0xCE38,
    0xCE38, 0xCE38, 0xCE38, 0xCE38, 0xCE38, 0xCE38, 0xCE38, 0xCE38,
    0xCE38, 0xCE38, 0xCE38, 0xCE38, 0xD638, 0xD638, 0xD638, 0xD638,
    0xA328, 0xA347, 0xAB68, 0xAB68, 0xB3A8, 0xBBE9, 0xC44A, 0xCC8B,
    0xDCEC, 0xDD0D, 0xE54D, 0xE54D, 0xE54D, 0xE54D, 0xE52D, 0xDD0C,
    0xD4CB, 0xCC4A, 0xBBC9, 0xA347, 0x92C5, 0x7A23, 0x71E2, 0x7A23,
    0x92A5, 0xA326, 0xB388, 0xC409, 0xCC6A, 0xD4CB, 0xDCEC, 0xDCEC,
    0xDCEC, 0xD48B, 0xC42A, 0xBBC8, 0xAB47, 0x9AC5, 0x8243, 0x71E2,
    0x71E2, 0x7A02, 0x8223, 0x8A63, 0x8A84, 0x92A4, 0x92A4, 0x9AC4,
    0x92C4, 0x92C4, 0x9AC5, 0x9B05, 0xA346, 0xAB87, 0xB3C8, 0xBC09,
    0xBC2A, 0xBC4A, 0xBC4B, 0xB44B, 0xB42B, 0xAC0B, 0xA3EA, 0xAC0B,
    0xE4EA, 0xFE51, 0xFE91, 0xF529, 0xF4A7, 0xECC9, 0xE467, 0xE467,
    0xDC06, 0xDBA4, 0xCB22, 0xCB22, 0xDBA3, 0xD363, 0xCB64, 0xF60E,
    0xFE90, 0xFE4E, 0xFEB3, 0xFF7A, 0xFF59, 0xFF59, 0xFF39, 0xFF38,
    0xFF38, 0xFF17, 0xFF17, 0xFF17, 0xFF17, 0xFF17, 0xFEF7, 0xFEF7,
    0xFEF7, 0xFEF7, 0xFEF7, 0xFED6, 0xFED6, 0xFED6, 0xFED6, 0xFED5,
    0xFEB5, 0xFEB5, 0xFEB4, 0xFEB5, 0xFED6, 0xFED6, 0xFED5, 0xFEB5,
    0xFED5, 0xFEB4, 0xFEB4, 0xFE73, 0xF653, 0xFEB5, 0xF673, 0xF652,
    0xF653, 0xF632, 0xFE74, 0xF673, 0xFE74, 0xF674, 0xF674, 0xFE74,
    0xFE94, 0xFEB5, 0xFEB5, 0xF694, 0xFEB5, 0xF695, 0xF675, 0xFED6,
    0xB46E, 0x4922, 0x5963, 0x7A25, 0xA38A, 0xE5D2, 0xFED7, 0xFEF7,
    0xFED6, 0xFED7, 0xF6B6, 0xF6D7, 0xF6F7, 0xFF18, 0xFF39, 0xFF5A,
    0xFF5A, 0xFED5, 0xFE50, 0xFE2F, 0xFDED, 0xF5ED, 0xFE2F, 0xFE91,
    0xFEB2, 0xFED2, 0xFEB1, 0xFEB1, 0xFEB1, 0xFE4F, 0xFDEC, 0xFE0D,
    0xFDCC, 0xFDED, 0xFE70, 0xFE91, 0xFE2F, 0xED6B, 0xED2A, 0xED6D,
    0xD637, 0xCE59, 0xCE38, 0xCE38, 0xCE39, 0xCE38, 0xCE38, 0xCE39,
    0xCE38, 0xCE38, 0xCE38, 0xCE38, 0xCE38, 0xCE38, 0xCE38, 0xCE38,
    0xCE38, 0xCE38, 0xCE38, 0xCE38, 0xCE38, 0xCE38, 0xCE38, 0xCE38,
    0xCE38, 0xCE38, 0xCE38, 0xCE38, 0xCE38, 0xCE38, 0xCE38, 0xCE38,
    0xCE38, 0xCE38, 0xCE38, 0xCE38, 0xCE38, 0xCE38, 0xCE38, 0xCE38,
    0xCE38, 0xCE38, 0xCE38, 0xCE38, 0xCE38, 0xCE38, 0xCE38, 0xCE38,
    0xCE38, 0xCE38, 0xCE38, 0xCE38, 0xCE38, 0xCE38, 0xCE38, 0xCE38,
    0xCE38, 0xCE38, 0xCE38, 0xCE38, 0xCE38, 0xCE38, 0xCE38, 0xD638,
    0xA348, 0xAB67, 0xAB68, 0xAB88, 0xB3A8, 0xBBE9, 0xC44A, 0xCC8B,
    0xD4EC, 0xE50D, 0xE54D, 0xE54E, 0xE54D, 0xE54D, 0xE52D, 0xDD0C,
    0xD4AB, 0xC44A, 0xB3C8, 0xA327, 0x8A85, 0x71E2, 0x69C1, 0x7A02,
    0x8A84, 0x9B06, 0xAB88, 0xBC09, 0xCC6A, 0xD4CB, 0xDCEC, 0xDCEC,
    0xDCEC, 0xD48B, 0xC42A, 0xBBC8, 0xAB47, 0x92C5, 0x8243, 0x71E2,
    0x71E2, 0x7A02, 0x8223, 0x8A63, 0x8A84, 0x92A4, 0x92A4, 0x9AC4,
    0x92C4, 0x92C4, 0x9AC5, 0x9B05, 0xA346, 0xAB88, 0xB3C8, 0xBC09,
    0xBC2A, 0xBC4A, 0xBC4B, 0xB44B, 0xB42B, 0xAC0B, 0xA3EA, 0xA3EA,
    0xE52B, 0xFEB3, 0xFED3, 0xFD49, 0xECC8, 0xF509, 0xE467, 0xD3A4,
    0xCB63, 0xCB43, 0xCB43, 0xC343, 0xCB63, 0xB281, 0xDC88, 0xFE6F,
    0xFE90, 0xFE6F, 0xFF17, 0xFF7A, 0xFF59, 0xFF38, 0xFF38, 0xFF38,
    0xFF18, 0xFF17, 0xFF18, 0xFEF7, 0xFEF7, 0xFED6, 0xFED6, 0xFED6,
    0xFED6, 0xFED6, 0xFED6, 0xFED6, 0xFED6, 0xFED6, 0xFED6, 0xFED6,
    0xFEB5, 0xFED5, 0xFEB5, 0xFE95, 0xF674, 0xF6B5, 0xFED6, 0xFEB5,
    0xFE94, 0xFE94, 0xFE94, 0xFE94, 0xFE74, 0xFE73, 0xFE94, 0xFE95,
    0xF633, 0xEDF1, 0xF611, 0xF673, 0xF653, 0xF632, 0xF653, 0xFE74,
    0xF653, 0xFE94, 0xF653, 0xF633, 0xF653, 0xF695, 0xF6B5, 0xF6B6,
    0xF696, 0xD571, 0xD592, 0xEE35, 0xFED6, 0xFEF7, 0xFEF7, 0xFED7,
    0xF696, 0xF6B6, 0xF6D7, 0xF6D7, 0xF6D7, 0xFF18, 0xFF39, 0xFF5A,
    0xFF5A, 0xFF5A, 0xFE93, 0xFE70, 0xFE4F, 0xFE2F, 0xFE0D, 0xFDEC,
    0xFE0D, 0xFE2E, 0xFE0D, 0xFE0D, 0xFDCC, 0xFD8A, 0xFD8A, 0xFDAA,
    0xFE0D, 0xFE0E, 0xFE70, 0xFEB2, 0xED4B, 0xED0A, 0xF54A, 0xEDB0,
    0xCE38, 0xCE59, 0xCE38, 0xCE39, 0xCE39, 0xCE38, 0xCE38, 0xCE38,
    0xCE38, 0xCE38, 0xCE38, 0xCE38, 0xCE38, 0xCE38, 0xCE38, 0xCE38,
    0xCE38, 0xCE38, 0xCE38, 0xCE38, 0xCE38, 0xCE38, 0xCE38, 0xCE38,
    0xCE38, 0xCE38, 0xCE38, 0xCE38, 0xCE38, 0xCE38, 0xCE38, 0xCE38,
    0xCE38, 0xCE38, 0xCE38, 0xCE38, 0xCE38, 0xCE38, 0xCE38, 0xCE38,
    0xCE38, 0xCE38, 0xCE38, 0xCE38, 0xCE38, 0xCE38, 0xCE38, 0xCE38,
    0xCE38, 0xCE38, 0xCE38, 0xCE38, 0xCE38, 0xCE38, 0xCE38, 0xCE38,
    0xCE38, 0xCE38, 0xCE38, 0xCE38, 0xCE38, 0xD638, 0xCE38, 0xCE38,
    0xA348, 0xAB68, 0xAB68, 0xAB88, 0xB3A8, 0xBBE9, 0xC44A, 0xD48B,
    0xDCEC, 0xDD0D, 0xE54D, 0xE54E, 0xE54D, 0xE52D, 0xE52D, 0xDD0C,
    0xD4AB, 0xC44A, 0xB3A8, 0xA326, 0x8A85, 0x71E3, 0x71C2, 0x7A03,
    0x8A84, 0x9B06, 0xAB88, 0xC409, 0xCC6A, 0xD4AB, 0xDCEC, 0xDCEC,
    0xDCEC, 0xD48B, 0xC42A, 0xBBC8, 0xAB47, 0x9AC5, 0x8243, 0x71E2,
    0x71E2, 0x7A02, 0x8223, 0x8A63, 0x8A84, 0x92A4, 0x92A4, 0x92C4,
    0x92C4, 0x92C4, 0x9AC5, 0x9B05, 0xA346, 0xAB87, 0xB3C8, 0xBC09,
    0xBC2A, 0xBC4A, 0xBC4B, 0xB44B, 0xB42B, 0xAC0B, 0xABEA, 0xABEA,
    0xE52C, 0xFEB3, 0xFEB2, 0xF508, 0xF4E8, 0xECA8, 0xCB43, 0xD3C5,
    0xBB03, 0xCB63, 0xCB63, 0xBB03, 0xC303, 0xD3A4, 0xF5CD, 0xFE70,
    0xFE4E, 0xFE6F, 0xFF58, 0xFF59, 0xFF38, 0xFEF7, 0xFEF7, 0xFEF7,
    0xFEF7, 0xFF18, 0xFEF7, 0xFEF6, 0xFEF7, 0xFED6, 0xFEF7, 0xFEF7,
    0xFEF6, 0xFEB5, 0xF695, 0xF6B6, 0xFED6, 0xFED6, 0xFED6, 0xFEB5,
    0xFEB5, 0xFED6, 0xFEB5, 0xF695, 0xF694, 0xF694, 0xF694, 0xF694,
    0xFEB5, 0xFEB5, 0xFEB5, 0xF673, 0xFE74, 0xFE94, 0xFE94, 0xF674,
    0xF653, 0xF612, 0xF611, 0xF632, 0xF653, 0xF674, 0xFE94, 0xFE94,
    0xFE94, 0xF674, 0xF653, 0xF653, 0xF632, 0xF633, 0xF695, 0xFEF7,
    0xFF39, 0xFF79, 0xFF7A, 0xFF59, 0xFF18, 0xFEF7, 0xFF18, 0xF6D7,
    0xF696, 0xEE54, 0xF6B7, 0xF6F8, 0xF6D7, 0xFF18, 0xFF39, 0xFF5A,
    0xFF5A, 0xFF5A, 0xFF17, 0xFE91, 0xFE90, 0xFE91, 0xFE91, 0xFE4E,
    0xFE0D, 0xFE0D, 0xFDAB, 0xFD69, 0xF58A, 0xF528, 0xF58A, 0xFDCC,
    0xFE0D, 0xFE4F, 0xFE91, 0xFE91, 0xDCCA, 0xD448, 0xF529, 0xDDF3,
    0xCE5A, 0xCE38, 0xCE38, 0xCE38, 0xCE39, 0xCE38, 0xCE38, 0xCE38,
    0xCE38, 0xCE38, 0xCE38, 0xCE38, 0xCE38, 0xCE38, 0xCE38, 0xCE38,
    0xCE38, 0xCE38, 0xCE38, 0xCE38, 0xCE38, 0xCE38, 0xCE38, 0xCE38,
    0xCE38, 0xCE38, 0xCE38, 0xCE38, 0xCE38, 0xCE38, 0xCE38, 0xCE38,
    0xCE38, 0xCE38, 0xCE38, 0xCE38, 0xCE38, 0xCE38, 0xCE38, 0xCE38,
    0xCE38, 0xCE38, 0xCE38, 0xCE38, 0xCE38, 0xCE38, 0xCE38, 0xCE38,
    0xCE38, 0xCE38, 0xCE38, 0xCE38, 0xCE38, 0xCE38, 0xCE38, 0xCE38,
    0xCE38, 0xCE38, 0xCE38, 0xCE38, 0xCE38, 0xCE38, 0xCE38, 0xCE38,
    0xA348, 0xAB68, 0xAB88, 0xAB88, 0xB3A8, 0xBBE9, 0xC44A, 0xD48B,
    0xDCEC, 0xDD0D, 0xE54D, 0xE54D, 0xE54D, 0xE52D, 0xE52D, 0xDD0C,
    0xD4AB, 0xC44A, 0xB3C8, 0xA327, 0x8AA5, 0x7A23, 0x71E2, 0x7A23,
    0x8AA5, 0x9B26, 0xB3A8, 0xC409, 0xCC6A, 0xD4AB, 0xDCEC, 0xDCEC,
    0xDCEC, 0xD48B, 0xC42A, 0xBBC8, 0xAB47, 0x9AC5, 0x8243, 0x71E2,
    0x71E2, 0x79E2, 0x8223, 0x8A63, 0x8A84, 0x92A4, 0x92A4, 0x92C4,
    0x92C4, 0x92C4, 0x92C4, 0x9B05, 0xA346, 0xAB87, 0xB3C8, 0xBC09,
    0xBC2A, 0xBC4A, 0xBC4B, 0xBC4B, 0xB42B, 0xAC0B, 0xABEA, 0xA3EA,
    0xDD0C, 0xFED3, 0xFEB1, 0xF4A6, 0xECC8, 0xCB64, 0xD3A4, 0xD3C5,
    0xC323, 0xDBC4, 0xBAE2, 0xC302, 0xD383, 0xE467, 0xF62F, 0xFE6F,
    0xFE6F, 0xFE91, 0xFF38, 0xFF38, 0xFEF7, 0xF695, 0xF695, 0xF6B5,
    0xF6D6, 0xFEF7, 0xF6D6, 0xF6B5, 0xFED6, 0xFED6, 0xF6D6, 0xF6B5,
    0xF695, 0xF695, 0xF6B5, 0xF6B5, 0xF694, 0xFED6, 0xFED6, 0xFED6,
    0xFED6, 0xFED5, 0xF6B5, 0xFEB5, 0xFEB5, 0xFEB5, 0xF694, 0xF632,
    0xF653, 0xF674, 0xF694, 0xF653, 0xFE73, 0xFE94, 0xF653, 0xF632,
    0xF632, 0xF612, 0xEDF1, 0xF612, 0xF632, 0xF653, 0xF674, 0xF673,
    0xFE94, 0xFE94, 0xF694, 0xFEB5, 0xFEB5, 0xF654, 0xF674, 0xF695,
    0xF6B6, 0xFEF7, 0xFF18, 0xFF18, 0xFEF7, 0xFF18, 0xFED7, 0xF675,
    0xEE75, 0xF695, 0xF6B6, 0xF6D7, 0xF6F8, 0xFF18, 0xFF39, 0xFF39,
    0xFF39, 0xFF5A, 0xFF5A, 0xFED4, 0xFEB2, 0xFEB1, 0xFE91, 0xFEB1,
    0xFEB1, 0xFE90, 0xFE4E, 0xFE2D, 0xFE0C, 0xFDEC, 0xFDEC, 0xFE2E,
    0xFE2E, 0xFE4F, 0xFED3, 0xEDCF, 0xB2E4, 0xB304, 0xECE9, 0xDDF4,
    0xCE59, 0xCE58, 0xCE38, 0xCE38, 0xCE38, 0xCE38, 0xCE38, 0xCE38,
    0xCE38, 0xCE38, 0xCE38, 0xCE38, 0xCE38, 0xCE38, 0xCE38, 0xCE38,
    0xCE38, 0xCE38, 0xCE38, 0xCE38, 0xCE38, 0xCE38, 0xCE38, 0xCE38,
    0xCE38, 0xCE38, 0xCE38, 0xCE38, 0xCE38, 0xCE38, 0xCE38, 0xCE38,
    0xCE38, 0xCE38, 0xCE38, 0xCE38, 0xCE38, 0xCE38, 0xCE38, 0xCE38,
    0xCE38, 0xCE38, 0xCE38, 0xCE38, 0xCE38, 0xCE38, 0xCE38, 0xCE38,
    0xCE38, 0xCE38, 0xCE38, 0xCE38, 0xCE38, 0xCE38, 0xCE38, 0xCE38,
    0xCE38, 0xCE38, 0xCE38, 0xCE38, 0xCE38, 0xCE38, 0xCE38, 0xCE58,
    0xA348, 0xAB68, 0xAB88, 0xAB88, 0xB3A8, 0xBBE9, 0xC44A, 0xD48B,
    0xDCEC, 0xE52D, 0xE54D, 0xE54D, 0xE54D, 0xE52D, 0xE52D, 0xDD0C,
    0xD4AB, 0xCC4A, 0xBBE9, 0xAB67, 0x9AE6, 0x8A85, 0x8264, 0x8A85,
    0x92E6, 0xAB67, 0xB3C9, 0xC42A, 0xCC6B, 0xD4CB, 0xDCEC, 0xDCEC,
    0xDCEC, 0xD48B, 0xC42A, 0xBBC8, 0xAB47, 0x9AC5, 0x8243, 0x71E2,
    0x71E2, 0x7A02, 0x8222, 0x8A63, 0x8A84, 0x92A4, 0x92C4, 0x92C4,
    0x92C4, 0x92C4, 0x9AC4, 0x9B05, 0xA346, 0xAB87, 0xB3C8, 0xBBE9,
    0xBC2A, 0xBC4A, 0xBC4B, 0xBC4B, 0xB42B, 0xAC0B, 0xABEA, 0xA3EA,
    0xDD2C, 0xFEB2, 0xFEB1, 0xFD49, 0xE467, 0xD3C5, 0xECA8, 0xCB64,
    0xC364, 0xCB43, 0xBAE2, 0xD383, 0xD3C4, 0xE487, 0xFE0E, 0xFE4E,
    0xFE0C, 0xFE71, 0xFF38, 0xFF17, 0xF695, 0xEE33, 0xEE33, 0xEE33,
    0xEE54, 0xFED7, 0xFED6, 0xFED6, 0xF6D6, 0xF695, 0xF695, 0xF695,
    0xF695, 0xF674, 0xF694, 0xF694, 0xF6B5, 0xFEB5, 0xFEB5, 0xFEB5,
    0xFEB5, 0xF6B5, 0xF6B5, 0xF695, 0xF6B5, 0xF695, 0xF674, 0xF674,
    0xF653, 0xF653, 0xF653, 0xF633, 0xF632, 0xF653, 0xF674, 0xF652,
    0xF633, 0xF612, 0xF632, 0xF653, 0xF653, 0xF633, 0xF633, 0xF653,
    0xF632, 0xF653, 0xF674, 0xF653, 0xF674, 0xF674, 0xF695, 0xF674,
    0xF674, 0xF675, 0xFED7, 0xFED7, 0xFED7, 0xFEF7, 0xF6D7, 0xF675,
    0xEE55, 0xF6B6, 0xF6D7, 0xF6D7, 0xF6D7, 0xF6F8, 0xFF18, 0xFF19,
    0xFF3A, 0xFF5A, 0xFF5A, 0xFEF6, 0xFEB2, 0xFED2, 0xFEB2, 0xFEB1,
    0xFED2, 0xFEB1, 0xFE90, 0xFE90, 0xFE6F, 0xFE4E, 0xFE2D, 0xFE4F,
    0xFE90, 0xFE91, 0xFED3, 0xFEB3, 0xCC08, 0xAAA3, 0xDC68, 0xDDF5,
    0xCE39, 0xCE38, 0xCE38, 0xCE39, 0xCE39, 0xCE38, 0xCE38, 0xCE39,
    0xCE38, 0xCE38, 0xCE39, 0xCE38, 0xCE38, 0xCE39, 0xCE38, 0xCE38,
    0xCE38, 0xCE38, 0xCE38, 0xCE38, 0xCE38, 0xCE38, 0xCE38, 0xCE38,
    0xCE38, 0xCE38, 0xCE38, 0xCE38, 0xCE38, 0xCE38, 0xCE38, 0xCE38,
    0xCE38, 0xCE38, 0xCE38, 0xCE38, 0xCE38, 0xCE38, 0xCE38, 0xCE38,
    0xCE38, 0xCE38, 0xCE38, 0xCE38, 0xCE38, 0xCE38, 0xCE38, 0xCE38,
    0xCE38, 0xCE38, 0xCE38, 0xCE38, 0xCE38, 0xCE38, 0xCE38, 0xCE38,
    0xCE38, 0xCE38, 0xCE38, 0xCE38, 0xCE38, 0xCE38, 0xCE38, 0xCE38,
    0xA348, 0xAB68, 0xAB68, 0xAB88, 0xB3A8, 0xBBE9, 0xC44A, 0xCC8B,
    0xDCEC, 0xE52D, 0xE54D, 0xE54E, 0xE54D, 0xE52D, 0xE52D, 0xDD0C,
    0xD4AB, 0xCC6A, 0xC409, 0xB3A8, 0xA347, 0x9B06, 0x92E6, 0x9B06,
    0xA347, 0xB3A8, 0xBC09, 0xC44A, 0xD48B, 0xDCCB, 0xDCEC, 0xDCEC,
    0xDCEC, 0xD48B, 0xC42A, 0xBBC8, 0xAB47, 0x92C5, 0x8243, 0x71E2,
    0x71E2, 0x7A02, 0x8223, 0x8A63, 0x8A84, 0x92A4, 0x92A4, 0x92C4,
    0x92C4, 0x92A4, 0x92C4, 0x9B05, 0xA346, 0xAB87, 0xB3C8, 0xBBE9,
    0xBC2A, 0xBC4A, 0xBC4B, 0xBC4B, 0xB42B, 0xB42A, 0xABEA, 0xA3CA,
    0xCD0D, 0xFEF2, 0xFED2, 0xFDCC, 0xDBE5, 0xDC68, 0xE467, 0xCB84,
    0xBB03, 0xCB63, 0xCB63, 0xCB63, 0xCB43, 0xDC88, 0xFE4E, 0xFE2D,
    0xFDEC, 0xFEB3, 0xFF38, 0xF6D6, 0xEE53, 0xE5F1, 0xE5D1, 0xDD8F,
    0xEE33, 0xFEF7, 0xFEF7, 0xF6B5, 0xF674, 0xF674, 0xF6B5, 0xF695,
    0xF674, 0xF695, 0xF6B5, 0xF695, 0xF674, 0xF674, 0xF694, 0xF674,
    0xF694, 0xF695, 0xF6B5, 0xF6B5, 0xF695, 0xF694, 0xF694, 0xF6B5,
    0xF695, 0xF674, 0xF674, 0xF653, 0xF653, 0xF632, 0xF612, 0xF632,
    0xF653, 0xEDF1, 0xF674, 0xF674, 0xF674, 0xF653, 0xF653, 0xFE94,
    0xF674, 0xF653, 0xF653, 0xF674, 0xF653, 0xF654, 0xF654, 0xF674,
    0xF674, 0xEE33, 0xEE54, 0xF654, 0xF654, 0xF675, 0xF675, 0xF675,
    0xF675, 0xF6B6, 0xF6B6, 0xF6B6, 0xF6B7, 0xF6F8, 0xF6F8, 0xFF18,
    0xFF39, 0xFF5A, 0xFF5A, 0xFF39, 0xFED4, 0xFED3, 0xFEB2, 0xFE91,
    0xFEB1, 0xFEB1, 0xFE91, 0xFE90, 0xFE90, 0xFE70, 0xFE70, 0xFEB1,
    0xFEB2, 0xFED3, 0xFEF4, 0xFF15, 0xEDCF, 0xD408, 0xDC48, 0xD616,
    0xCE39, 0xCE38, 0xCE39, 0xCE39, 0xCE38, 0xCE38, 0xCE38, 0xCE38,
    0xCE38, 0xCE38, 0xCE38, 0xCE38, 0xCE38, 0xCE38, 0xCE38, 0xCE38,
    0xCE38, 0xCE38, 0xCE38, 0xCE38, 0xCE38, 0xCE38, 0xCE38, 0xCE38,
    0xCE38, 0xCE38, 0xCE38, 0xCE38, 0xCE38, 0xCE38, 0xCE38, 0xCE38,
    0xCE38, 0xCE38, 0xCE38, 0xCE38, 0xCE38, 0xCE38, 0xCE38, 0xCE38,
    0xCE38, 0xCE38, 0xCE38, 0xCE38, 0xCE38, 0xCE38, 0xCE38, 0xCE38,
    0xCE38, 0xCE38, 0xCE38, 0xCE38, 0xCE38, 0xCE38, 0xCE38, 0xCE38,
    0xCE38, 0xCE38, 0xCE38, 0xCE38, 0xCE38, 0xCE38, 0xCE38, 0xCE38,
    0xA348, 0xAB67, 0xAB68, 0xAB88, 0xB3A8, 0xBBE9, 0xC42A, 0xCC8B,
    0xD4CC, 0xDD0D, 0xE54D, 0xE54E, 0xE54D, 0xE52D, 0xE52D, 0xDD0C,
    0xDCCB, 0xD48B, 0xC44A, 0xBBE9, 0xB3A8, 0xAB67, 0xA347, 0xAB67,
    0xB3A8, 0xBBE9, 0xC42A, 0xCC6A, 0xD4AB, 0xDCCC, 0xDCEC, 0xDD0C,
    0xDCEC, 0xD48B, 0xC42A, 0xB3A8, 0xA347, 0x92C5, 0x8243, 0x71E2,
    0x71E2, 0x7A02, 0x8223, 0x8A63, 0x8A84, 0x92A4, 0x92A4, 0x92C4,
    0x92C4, 0x92A4, 0x92C4, 0x9B05, 0xA346, 0xAB87, 0xB3C8, 0xBC09,
    0xBC2A, 0xBC4A, 0xBC4B, 0xBC4B, 0xB42B, 0xB42B, 0xAC0A, 0xA3CA,
    0xC4AD, 0xFE4F, 0xFED2, 0xFDCC, 0xDC05, 0xE487, 0xD3E5, 0xC343,
    0xBB03, 0xCB84, 0xCB63, 0xBB03, 0xBB03, 0xE50A, 0xFE2E, 0xFE2E,
    0xFE6F, 0xFEB3, 0xFF18, 0xF694, 0xEE12, 0xDD8F, 0xD52D, 0xCCCC,
    0xD50E, 0xEE75, 0xF6F7, 0xF674, 0xF674, 0xF695, 0xF695, 0xF694,
    0xF695, 0xF695, 0xF694, 0xF694, 0xF674, 0xF695, 0xF695, 0xF695,
    0xF6B5, 0xF6B5, 0xF694, 0xF674, 0xF694, 0xF6B5, 0xF6B5, 0xF695,
    0xF674, 0xF694, 0xF674, 0xF653, 0xF653, 0xF653, 0xF633, 0xF632,
    0xEE12, 0xEDF1, 0xEDD1, 0xEE12, 0xF654, 0xF674, 0xF612, 0xF632,
    0xF653, 0xF653, 0xF632, 0xF653, 0xF633, 0xEDD1, 0xEE13, 0xEE33,
    0xF613, 0xF633, 0xEE34, 0xEE34, 0xF675, 0xF675, 0xF675, 0xF675,
    0xF696, 0xF696, 0xF6B6, 0xF6B6, 0xF6B6, 0xF6D8, 0xF6F8, 0xFF18,
    0xFF39, 0xFF5A, 0xFF5A, 0xFF5A, 0xFF16, 0xFED4, 0xFED3, 0xFE91,
    0xFE70, 0xFE0D, 0xFDEC, 0xFDEC, 0xFDCB, 0xF58B, 0xFDEC, 0xFE91,
    0xFED3, 0xFEF3, 0xFEF4, 0xFF35, 0xF652, 0xD448, 0xDC69, 0xD616,
    0xCE59, 0xCE38, 0xCE39, 0xCE38, 0xCE39, 0xCE38, 0xCE38, 0xCE38,
    0xCE38, 0xCE38, 0xCE38, 0xCE38, 0xCE38, 0xCE38, 0xCE38, 0xCE38,
    0xCE38, 0xCE38, 0xCE38, 0xCE38, 0xCE38, 0xCE38, 0xCE38, 0xCE38,
    0xCE38, 0xCE38, 0xCE38, 0xCE38, 0xCE38, 0xCE38, 0xCE38, 0xCE38,
    0xCE38, 0xCE38, 0xCE38, 0xCE38, 0xCE38, 0xCE38, 0xCE38, 0xCE38,
    0xCE38, 0xCE38, 0xCE38, 0xCE38, 0xCE38, 0xCE38, 0xCE38, 0xCE38,
    0xCE38, 0xCE38, 0xCE38, 0xCE38, 0xCE38, 0xCE38, 0xCE38, 0xCE38,
    0xCE38, 0xCE38, 0xCE38, 0xCE38, 0xCE38, 0xCE38, 0xCE38, 0xCE38,
    0xA368, 0xAB88, 0xAB88, 0xB3A8, 0xB3C9, 0xBBE9, 0xC42A, 0xCC6B,
    0xD4CC, 0xDCEC, 0xE52D, 0xE52D, 0xE52D, 0xE52D, 0xE52C, 0xDD0C,
    0xDCCC, 0xD4AB, 0xCC6A, 0xC42A, 0xBBE9, 0xB3C8, 0xB3C8, 0xB3C8,
    0xBBE9, 0xC409, 0xC44A, 0xCC6B, 0xD4AB, 0xDCCC, 0xDCEC, 0xDCEC,
    0xDCEC, 0xD48B, 0xC429, 0xB3C8, 0xA346, 0x92C5, 0x8243, 0x71E2,
    0x71E2, 0x7A02, 0x8223, 0x8A63, 0x8A84, 0x92A4, 0x92A4, 0x92C4,
    0x92C4, 0x92C4, 0x9AC4, 0x9B05, 0xA346, 0xAB87, 0xB3C8, 0xBC09,
    0xBC2A, 0xC44A, 0xBC4B, 0xBC4B, 0xB44B, 0xB42B, 0xABEA, 0xA3CA,
    0xAC0A, 0xE52B, 0xFE70, 0xFE2E, 0xE445, 0xECA7, 0xDBE5, 0xC384,
    0xB2E2, 0xCBA4, 0xAAC2, 0xB2E3, 0xBB23, 0xED8C, 0xFE70, 0xFE91,
    0xFE70, 0xFE92, 0xFEF7, 0xF674, 0xE5B0, 0xDD4E, 0xD4EC, 0xBC29,
    0xB3A8, 0xD52F, 0xF695, 0xF695, 0xF695, 0xEE74, 0xF674, 0xF674,
    0xF695, 0xF674, 0xF674, 0xF694, 0xF674, 0xF674, 0xF674, 0xF674,
    0xF653, 0xF633, 0xF653, 0xF653, 0xF653, 0xF632, 0xF673, 0xF653,
    0xF653, 0xF673, 0xF633, 0xF612, 0xF653, 0xF653, 0xF653, 0xF653,
    0xEDD1, 0xEDF2, 0xEDF1, 0xEDF1, 0xEDF2, 0xF633, 0xEE12, 0xEDF1,
    0xEDF1, 0xF654, 0xF653, 0xF653, 0xF653, 0xF654, 0xF654, 0xEE33,
    0xF654, 0xF675, 0xEE54, 0xEE54, 0xF654, 0xF675, 0xF675, 0xF696,
    0xF696, 0xF696, 0xF675, 0xF675, 0xF6B6, 0xF6B7, 0xF6D7, 0xF6F8,
    0xFF19, 0xFF39, 0xFF5A, 0xFF5A, 0xFF17, 0xFEF4, 0xFEB3, 0xFE90,
    0xFE4F, 0xFD8A, 0xF4E7, 0xEC86, 0xEC86, 0xEC65, 0xEC65, 0xF508,
    0xFEB1, 0xFED3, 0xFED2, 0xFEF4, 0xFEF4, 0xED6D, 0xDC06, 0xD5D4,
    0xCE59, 0xCE38, 0xCE39, 0xCE38, 0xCE38, 0xCE39, 0xCE38, 0xCE38,
    0xCE38, 0xCE38, 0xCE38, 0xCE38, 0xCE38, 0xCE38, 0xCE38, 0xCE38,
    0xCE38, 0xCE38, 0xCE38, 0xCE38, 0xCE38, 0xCE38, 0xCE38, 0xCE38,
    0xCE38, 0xCE38, 0xCE38, 0xCE38, 0xCE38, 0xCE38, 0xCE38, 0xCE38,
    0xCE38, 0xCE38, 0xCE38, 0xCE38, 0xCE38, 0xCE38, 0xCE38, 0xCE38,
    0xCE38, 0xCE38, 0xCE38, 0xCE38, 0xCE38, 0xCE38, 0xCE38, 0xCE38,
    0xCE38, 0xCE38, 0xCE38, 0xCE38, 0xCE38, 0xCE38, 0xCE38, 0xCE38,
    0xCE38, 0xCE38, 0xCE38, 0xCE38, 0xCE38, 0xCE38, 0xCE38, 0xCE38,
    0xABA9, 0xB3A8, 0xB3C8, 0xB3C9, 0xBBE9, 0xC42A, 0xC44A, 0xCC8B,
    0xD4AC, 0xDCEC, 0xDD0D, 0xE50D, 0xE50C, 0xE50C, 0xDD0C, 0xDD0C,
    0xDCEC, 0xD4AB, 0xD48B, 0xCC4A, 0xC42A, 0xC409, 0xC409, 0xC409,
    0xC429, 0xC44A, 0xCC6A, 0xCC8B, 0xD4AB, 0xDCCC, 0xDCEC, 0xDCEC,
    0xD4CC, 0xCC8A, 0xC429, 0xB3A8, 0xA347, 0x92C5, 0x8243, 0x79E2,
    0x7A02, 0x7A02, 0x8223, 0x8A63, 0x8A84, 0x92A4, 0x92C4, 0x92C4,
    0x92C4, 0x92C4, 0x9AC4, 0x9AE5, 0xA346, 0xAB87, 0xB3C8, 0xBC09,
    0xBC2A, 0xC44A, 0xBC4B, 0xBC4B, 0xB44B, 0xB42B, 0xABEA, 0xABEA,
    0xA3C9, 0xD52D, 0xFE92, 0xFEB1, 0xF529, 0xE486, 0xE446, 0xC384,
    0xBB23, 0xCB84, 0xAA82, 0xBB22, 0xCC06, 0xFE50, 0xFE70, 0xFE91,
    0xFE4F, 0xF630, 0xF6D5, 0xEE53, 0xE5D0, 0xDD6F, 0xD50D, 0xC46A,
    0xC46A, 0xC44A, 0xDDB1, 0xF674, 0xEE33, 0xEE54, 0xEE33, 0xEE33,
    0xEE54, 0xEE53, 0xEE53, 0xEE53, 0xEE53, 0xF654, 0xEE53, 0xEE32,
    0xEE33, 0xEE33, 0xF632, 0xF653, 0xF633, 0xEE32, 0xF653, 0xEE12,
    0xF633, 0xF653, 0xF674, 0xF632, 0xF633, 0xF653, 0xF633, 0xF653,
    0xEDF2, 0xEDF2, 0xEE12, 0xF654, 0xEE33, 0xEE12, 0xF654, 0xF654,
    0xF654, 0xF674, 0xF654, 0xF654, 0xF654, 0xF654, 0xF695, 0xF674,
    0xF695, 0xF695, 0xF695, 0xF675, 0xF675, 0xF6B6, 0xF675, 0xF675,
    0xF6B6, 0xF696, 0xEE75, 0xF696, 0xF696, 0xF6B7, 0xF6D7, 0xF6D7,
    0xFEF8, 0xFF39, 0xFF39, 0xFF5A, 0xFF39, 0xFEB3, 0xFEB2, 0xFE91,
    0xF56A, 0xEC86, 0xE445, 0xE425, 0xE405, 0xE404, 0xE425, 0xEC24,
    0xFD6A, 0xFED3, 0xFED3, 0xFED3, 0xFED5, 0xF5AF, 0xE4A9, 0xD5D4,
    0xCE59, 0xCE38, 0xCE38, 0xCE38, 0xCE39, 0xCE38, 0xCE38, 0xCE38,
    0xCE38, 0xCE38, 0xCE38, 0xCE38, 0xCE38, 0xCE38, 0xCE39, 0xCE38,
    0xCE38, 0xCE38, 0xCE38, 0xCE38, 0xCE38, 0xCE38, 0xCE38, 0xCE38,
    0xCE38, 0xCE38, 0xCE38, 0xCE38, 0xCE38, 0xCE38, 0xCE38, 0xCE38,
    0xCE38, 0xCE38, 0xCE38, 0xCE38, 0xCE38, 0xCE38, 0xCE38, 0xCE38,
    0xCE38, 0xCE38, 0xCE38, 0xCE38, 0xCE38, 0xCE38, 0xCE38, 0xCE38,
    0xCE38, 0xCE38, 0xCE38, 0xCE38, 0xCE38, 0xCE38, 0xCE38, 0xCE38,
    0xCE38, 0xCE38, 0xCE38, 0xCE38, 0xCE38, 0xCE38, 0xCE38, 0xCE38,
    0xBBE9, 0xBBE9, 0xBBE9, 0xBC09, 0xC42A, 0xC44A, 0xCC6A, 0xCC8B,
    0xD4CB, 0xDCEC, 0xDD0C, 0xDD0C, 0xDD0C, 0xDCEC, 0xDCEC, 0xDCEC,
    0xDCCB, 0xD4CB, 0xD4AB, 0xCC6A, 0xCC6A, 0xCC4A, 0xCC4A, 0xCC4A,
    0xCC4A, 0xCC6A, 0xCC8B, 0xD4AB, 0xD4CB, 0xD4CC, 0xDCCC, 0xDCCC,
    0xD4AB, 0xCC6A, 0xC429, 0xB3C8, 0xAB67, 0x9B06, 0x8AA4, 0x8263,
    0x8243, 0x8A63, 0x8A84, 0x92A4, 0x92A4, 0x92C5, 0x9AC5, 0x9AE5,
    0x9AE5, 0x9AE5, 0x9AE5, 0x9B05, 0xA346, 0xAB87, 0xB3C8, 0xBC09,
    0xBC2A, 0xC44A, 0xBC4B, 0xBC4B, 0xB44B, 0xB42B, 0xAC0A, 0xABEA,
    0xA3C9, 0xD54F, 0xFEF5, 0xFED3, 0xFDED, 0xECC8, 0xDC67, 0xD3E5,
    0xC322, 0xBB03, 0xC364, 0xC363, 0xDCEB, 0xFE70, 0xFE70, 0xFE70,
    0xFE0E, 0xF60E, 0xF694, 0xEE53, 0xEDF1, 0xE56F, 0xDD4E, 0xDD6F,
    0xDD4E, 0xD4ED, 0xCD0D, 0xDD90, 0xEE54, 0xEE54, 0xEE33, 0xEE33,
    0xEE53, 0xEE33, 0xEE32, 0xEE33, 0xEE33, 0xEE12, 0xF653, 0xEE53,
    0xEE53, 0xF653, 0xEE53, 0xEE32, 0xF653, 0xF674, 0xF654, 0xF653,
    0xF653, 0xEE32, 0xEE32, 0xEE32, 0xEE12, 0xEDF1, 0xEDF1, 0xEDF2,
    0xE590, 0xEE33, 0xF633, 0xEDF1, 0xEE12, 0xEE12, 0xEE12, 0xF654,
    0xEE33, 0xEE13, 0xEE13, 0xEE53, 0xEE33, 0xF654, 0xF675, 0xF695,
    0xF675, 0xF675, 0xF675, 0xEE74, 0xF675, 0xF675, 0xEE75, 0xEE54,
    0xEE55, 0xEE75, 0xEE75, 0xF696, 0xF696, 0xF6B6, 0xF6B6, 0xF6D7,
    0xF6F8, 0xFF18, 0xFF39, 0xFF39, 0xFF39, 0xFED5, 0xFEB3, 0xFE71,
    0xF529, 0xE445, 0xE425, 0xEC46, 0xE425, 0xE445, 0xEC86, 0xEC46,
    0xF4C7, 0xFE4F, 0xFEF4, 0xFEB2, 0xFEF5, 0xF631, 0xECE9, 0xD5D3,
    0xCE59, 0xCE38, 0xCE38, 0xCE38, 0xCE38, 0xCE38, 0xCE38, 0xCE38,
    0xCE38, 0xCE38, 0xCE39, 0xCE38, 0xCE38, 0xCE38, 0xCE39, 0xCE39,
    0xCE38, 0xCE38, 0xCE38, 0xCE38, 0xCE38, 0xCE38, 0xCE38, 0xCE38,
    0xCE38, 0xCE38, 0xCE38, 0xCE38, 0xCE38, 0xCE38, 0xCE38, 0xCE38,
    0xCE18, 0xCE38, 0xCE38, 0xCE38, 0xCE38, 0xCE38, 0xCE38, 0xCE38,
    0xCE38, 0xCE38, 0xCE38, 0xCE38, 0xCE38, 0xCE38, 0xCE38, 0xCE38,
    0xCE38, 0xCE38, 0xCE38, 0xCE38, 0xCE38, 0xCE38, 0xCE38, 0xCE38,
    0xCE38, 0xCE38, 0xCE38, 0xCE38, 0xCE38, 0xCE38, 0xCE38, 0xCE38,
    0xC42A, 0xC429, 0xC429, 0xC429, 0xC42A, 0xCC4A, 0xCC6B, 0xD4AB,
    0xD4CB, 0xDCEC, 0xDCEC, 0xDCEC, 0xDCEC, 0xDCEC, 0xDCCB, 0xDCCB,
    0xD4CB, 0xD4CB, 0xD4AB, 0xD48B, 0xD48A, 0xD48A, 0xD48A, 0xD48A,
    0xD48B, 0xD48B, 0xD4AB, 0xD4AB, 0xD4AB, 0xD4CB, 0xD4AB, 0xD4CB,
    0xD4AB, 0xCC6A, 0xC429, 0xBBE8, 0xB3A8, 0xA347, 0x9B06, 0x92C5,
    0x92C5, 0x9AE5, 0x9AE5, 0x9B05, 0x9B06, 0x9B06, 0xA326, 0xA326,
    0xA326, 0xA326, 0xA326, 0xA326, 0xAB67, 0xABA8, 0xB3E8, 0xBC09,
    0xBC2A, 0xC44A, 0xC46B, 0xBC4B, 0xB44B, 0xB42B, 0xAC0A, 0xABEA,
    0xA3CA, 0xB42B, 0xF694, 0xFF15, 0xFE2E, 0xF58B, 0xE4E9, 0xD3E4,
    0xB2C2, 0xCBA5, 0xBB43, 0xD427, 0xEDAD, 0xF62F, 0xF62E, 0xF60E,
    0xF5ED, 0xF5CD, 0xF653, 0xEE54, 0xEE11, 0xE5D0, 0xE5D1, 0xE5F2,
    0xEDF1, 0xE590, 0xD50E, 0xBC4B, 0xD54F, 0xEE33, 0xE5F2, 0xE612,
    0xEE32, 0xEE12, 0xEE33, 0xEE33, 0xEE33, 0xEE53, 0xF653, 0xEE53,
    0xF674, 0xF694, 0xF653, 0xF653, 0xF633, 0xF653, 0xF653, 0xEE33,
    0xEE12, 0xEE12, 0xEE12, 0xEDD1, 0xEDF1, 0xEDF1, 0xEDF1, 0xE5B0,
    0xEDD1, 0xEE12, 0xEDF1, 0xEDF1, 0xF653, 0xEE12, 0xE56F, 0xEDD1,
    0xEE33, 0xEE12, 0xEE34, 0xEE33, 0xEE54, 0xEE33, 0xEE12, 0xEE12,
    0xEE54, 0xF654, 0xEE34, 0xEE54, 0xF674, 0xEE75, 0xEE54, 0xEE54,
    0xEE76, 0xEE75, 0xEE75, 0xF696, 0xEE75, 0xF696, 0xF696, 0xF6D7,
    0xF6F8, 0xFEF8, 0xFF19, 0xFF39, 0xFF39, 0xFEB4, 0xFE71, 0xFE92,
    0xED2A, 0xDBC4, 0xDC05, 0xDBC4, 0xE426, 0xDBC4, 0xE425, 0xF4C8,
    0xEC86, 0xFD6A, 0xFEF4, 0xFF15, 0xFED4, 0xF673, 0xF56C, 0xDDF4,
    0xCE59, 0xCE38, 0xCE38, 0xCE38, 0xCE38, 0xCE38, 0xCE38, 0xCE38,
    0xCE38, 0xCE38, 0xCE38, 0xCE38, 0xCE38, 0xCE38, 0xCE38, 0xCE38,
    0xCE38, 0xCE38, 0xCE38, 0xCE38, 0xCE38, 0xCE38, 0xCE38, 0xCE38,
    0xCE38, 0xCE38, 0xCE38, 0xCE38, 0xCE38, 0xCE38, 0xCE38, 0xCE18,
    0xCE18, 0xCE18, 0xCE18, 0xCE18, 0xCE18, 0xCE38, 0xCE38, 0xCE38,
    0xCE38, 0xCE38, 0xCE38, 0xCE38, 0xCE38, 0xCE38, 0xCE38, 0xCE38,
    0xCE38, 0xCE38, 0xCE38, 0xCE38, 0xCE38, 0xCE38, 0xCE38, 0xCE38,
    0xCE38, 0xCE38, 0xCE38, 0xCE38, 0xCE38, 0xCE38, 0xCE38, 0xCE38,
    0xC44A, 0xC44A, 0xC44A, 0xC44A, 0xC44A, 0xCC6A, 0xCC8B, 0xD4AB,
    0xD4AB, 0xD4CB, 0xDCCC, 0xDCCC, 0xDCCB, 0xDCCB, 0xD4AB, 0xD4AB,
    0xD4AB, 0xD4AB, 0xD4AB, 0xD4AB, 0xD4AB, 0xD48B, 0xD48B, 0xD4AB,
    0xD4AB, 0xD4AB, 0xD4AB, 0xD4AB, 0xD4AB, 0xD4AB, 0xD4AB, 0xD4AB,
    0xD48B, 0xCC6A, 0xC429, 0xBBE9, 0xB3C8, 0xAB87, 0xA347, 0xA326,
    0xA326, 0xA346, 0xA346, 0xAB67, 0xAB67, 0xAB67, 0xAB67, 0xAB67,
    0xAB67, 0xAB67, 0xAB67, 0xAB67, 0xAB87, 0xB3C8, 0xBBE9, 0xBC09,
    0xBC2A, 0xC44A, 0xC46B, 0xBC4B, 0xBC4B, 0xB42B, 0xAC0A, 0xABEA,
    0xABEA, 0xABEA, 0xD56F, 0xFF16, 0xFE71, 0xF5AC, 0xF56B, 0xDC46,
    0xC363, 0xD425, 0xC384, 0xE50A, 0xF5EE, 0xF62F, 0xF60E, 0xF60E,
    0xF5CC, 0xF5AC, 0xEE52, 0xEE53, 0xEE33, 0xEE12, 0xEE33, 0xEE53,
    0xEE53, 0xEDF1, 0xDD90, 0xCCCD, 0xBC2A, 0xC48D, 0xDD90, 0xE5F2,
    0xE5D1, 0xE5F2, 0xE612, 0xE5F2, 0xEE12, 0xEE33, 0xEE12, 0xEE12,
    0xEE33, 0xEE33, 0xEE32, 0xEE33, 0xEE12, 0xEE12, 0xEE12, 0xEE12,
    0xEE12, 0xEDF2, 0xE5D1, 0xEDD1, 0xEE12, 0xEE12, 0xE5B0, 0xE56F,
    0xEDF2, 0xEE13, 0xEE12, 0xEE12, 0xEE12, 0xEE12, 0xEDF2, 0xE5D1,
    0xEE12, 0xEE33, 0xEE33, 0xEE33, 0xEE54, 0xEE13, 0xEE13, 0xEE13,
    0xEE13, 0xEE34, 0xEE33, 0xEE34, 0xF675, 0xEE54, 0xEE54, 0xEE34,
    0xEE55, 0xEE55, 0xEE55, 0xEE55, 0xEE96, 0xF696, 0xF6B6, 0xF6B7,
    0xF6B7, 0xF6D7, 0xF6F8, 0xFF39, 0xFF39, 0xFED6, 0xFE50, 0xFE71,
    0xED0A, 0xC322, 0xD384, 0xDBE5, 0xDBE5, 0xDBE5, 0xDC05, 0xE467,
    0xEC87, 0xF4C7, 0xFE4F, 0xFEF5, 0xFEB3, 0xFEB4, 0xED4B, 0xDE15,
    0xCE59, 0xCE38, 0xCE38, 0xCE38, 0xCE38, 0xCE38, 0xCE38, 0xCE38,
    0xCE38, 0xCE38, 0xCE38, 0xCE38, 0xCE38, 0xCE38, 0xCE38, 0xCE38,
    0xCE38, 0xCE38, 0xCE38, 0xCE38, 0xCE38, 0xCE38, 0xCE38, 0xCE38,
    0xCE38, 0xCE38, 0xCE38, 0xCE38, 0xCE18, 0xCE38, 0xCE38, 0xC618,
    0xCE18, 0xCE18, 0xCE38, 0xCE18, 0xC618, 0xC618, 0xCE18, 0xCE38,
    0xCE18, 0xCE18, 0xCE18, 0xCE18, 0xCE18, 0xCE18, 0xCE38, 0xCE38,
    0xCE18, 0xCE38, 0xCE38, 0xCE38, 0xCE38, 0xCE38, 0xCE38, 0xCE38,
    0xCE38, 0xCE38, 0xCE38, 0xCE38, 0xCE38, 0xCE38, 0xCE38, 0xCE38,
    0xCC4A, 0xCC4A, 0xCC4A, 0xC44A, 0xC44A, 0xCC6A, 0xCC6A, 0xCC8A,
    0xD48B, 0xD4AB, 0xD4AB, 0xD4AB, 0xD4AB, 0xD4AB, 0xD48B, 0xD48B,
    0xD48A, 0xCC8A, 0xCC8A, 0xCC8A, 0xCC8A, 0xCC8A, 0xCC8A, 0xCC8A,
    0xD48A, 0xCC8A, 0xCC8A, 0xCC8A, 0xCC8A, 0xCC8A, 0xCC8A, 0xCC8B,
    0xCC8B, 0xCC6A, 0xC44A, 0xC409, 0xBBE8, 0xB3A8, 0xAB87, 0xAB87,
    0xAB87, 0xAB87, 0xB387, 0xB3A8, 0xB3A8, 0xB3A8, 0xB3A8, 0xB3A8,
    0xB3A8, 0xB3A8, 0xB3A8, 0xB3A8, 0xB3C8, 0xBBE8, 0xBC09, 0xBC29,
    0xBC2A, 0xC44A, 0xC46B, 0xBC6B, 0xBC4B, 0xB42B, 0xB40B, 0xAC0A,
    0xAC0A, 0xB40A, 0xB44A, 0xE632, 0xFF35, 0xF60F, 0xF58B, 0xED4A,
    0xDC87, 0xDC67, 0xDCA8, 0xED8D, 0xF650, 0xF60E, 0xF5EE, 0xF5CD,
    0xF5AC, 0xEDAC, 0xEDEF, 0xEE53, 0xEE33, 0xEE53, 0xF654, 0xF694,
    0xF694, 0xEE12, 0xE5B0, 0xDD4F, 0xC48C, 0xA388, 0x9B69, 0xCD0F,
    0xEE12, 0xE5D1, 0xE5D2, 0xE5F2, 0xE5F2, 0xE5D1, 0xE5D1, 0xE5B1,
    0xE5D1, 0xE5B0, 0xE5D0, 0xE5D1, 0xEDF2, 0xE5F1, 0xEDF2, 0xEE12,
    0xEDF2, 0xE5D1, 0xEDF1, 0xEDD1, 0xE590, 0xE5B0, 0xE5B0, 0xE5B0,
    0xEDF1, 0xEDF2, 0xEDF2, 0xEDF2, 0xEDF1, 0xE5B1, 0xE5B1, 0xE5B1,
    0xE5B1, 0xEDF2, 0xE5D1, 0xEDF2, 0xE5F2, 0xE5D2, 0xE5D1, 0xE5D1,
    0xE5F2, 0xE5F2, 0xE5D2, 0xE5D2, 0xEE13, 0xEE13, 0xEE33, 0xE613,
    0xEE33, 0xEE34, 0xEE34, 0xEE55, 0xEE75, 0xEE75, 0xEE75, 0xF6B6,
    0xF6B7, 0xF6B6, 0xF6D7, 0xFF18, 0xFF39, 0xFEF7, 0xFE72, 0xFE71,
    0xF5AD, 0xD3A4, 0xD3A4, 0xE446, 0xDBC5, 0xDBC5, 0xDBC5, 0xDBE6,
    0xEC87, 0xF4C7, 0xFDAC, 0xFED3, 0xFE92, 0xFED3, 0xF630, 0xD615,
    0xC639, 0xCE38, 0xCE38, 0xCE38, 0xCE38, 0xCE38, 0xCE38, 0xCE38,
    0xCE38, 0xCE38, 0xCE38, 0xCE38, 0xCE38, 0xCE38, 0xCE38, 0xCE38,
    0xCE38, 0xCE38, 0xCE38, 0xCE38, 0xCE38, 0xCE38, 0xCE38, 0xC638,
    0xCE38, 0xCE38, 0xCE38, 0xCE18, 0xC618, 0xC618, 0xC638, 0xC618,
    0xC618, 0xCE18, 0xC618, 0xC618, 0xC638, 0xC618, 0xC618, 0xC617,
    0xC617, 0xC5F7, 0xC5F7, 0xC617, 0xC617, 0xCE18, 0xCE38, 0xCE18,
    0xCE18, 0xCE38, 0xCE38, 0xCE38, 0xCE38, 0xCE38, 0xCE38, 0xCE38,
    0xCE38, 0xCE38, 0xCE38, 0xCE38, 0xCE38, 0xCE38, 0xCE38, 0xCE38,
    0xCC4A, 0xCC4A, 0xCC4A, 0xC44A, 0xC44A, 0xC44A, 0xCC4A, 0xCC6A,
    0xCC6A, 0xCC6A, 0xCC6A, 0xCC6A, 0xCC6A, 0xCC6A, 0xCC6A, 0xCC6A,
    0xCC6A, 0xCC6A, 0xCC4A, 0xCC4A, 0xCC4A, 0xCC4A, 0xCC4A, 0xCC4A,
    0xCC4A, 0xCC4A, 0xCC4A, 0xCC6A, 0xCC6A, 0xCC6A, 0xCC6A, 0xCC6A,
    0xCC6A, 0xCC4A, 0xC429, 0xC409, 0xBBE9, 0xB3C8, 0xB3A8, 0xB3A7,
    0xB3A8, 0xB3C8, 0xB3C8, 0xBBC8, 0xBBE8, 0xBBE8, 0xBBE8, 0xBBE8,
    0xBBC8, 0xB3C8, 0xB3C8, 0xBBC8, 0xBBE8, 0xBC09, 0xBC29, 0xBC29,
    0xC44A, 0xC44B, 0xC46B, 0xC46B, 0xBC6B, 0xB44B, 0xB42B, 0xB42B,
    0xB42A, 0xB42A, 0xB40A, 0xCCED, 0xFF16, 0xFE92, 0xF5ED, 0xEDAC,
    0xE529, 0xE52A, 0xE56D, 0xEE0F, 0xF62F, 0xEDEE, 0xEDEE, 0xEDAC,
    0xEDAC, 0xEDAD, 0xEDAD, 0xEE32, 0xEE73, 0xF674, 0xF674, 0xF695,
    0xF674, 0xEE12, 0xEDF1, 0xE5B0, 0xCCED, 0xB3EA, 0x82A6, 0x7A66,
    0x936A, 0xD570, 0xE5F2, 0xDDB1, 0xDD90, 0xDD90, 0xDD90, 0xDD90,
    0xDD90, 0xE590, 0xE5B0, 0xE5D0, 0xE5D1, 0xE5D1, 0xE5F1, 0xE5F1,
    0xE5B0, 0xE5B0, 0xE590, 0xDD6F, 0xE590, 0xE5D1, 0xEDF2, 0xE5B1,
    0xE5D1, 0xEDD1, 0xEDF1, 0xE5D1, 0xEDD1, 0xE5B1, 0xE5D1, 0xE5B1,
    0xE5B1, 0xEE13, 0xEE13, 0xE5F2, 0xE5D1, 0xE5D2, 0xE5B1, 0xE5B1,
    0xE5F2, 0xEE13, 0xE5F2, 0xE5D2, 0xE5D2, 0xE5D2, 0xEE13, 0xEE33,
    0xE613, 0xE634, 0xEE34, 0xEE55, 0xEE55, 0xEE55, 0xEE75, 0xF6B6,
    0xF696, 0xEE75, 0xF6B6, 0xF6D7, 0xFF19, 0xFEF7, 0xF62F, 0xFE70,
    0xF5AD, 0xD3C5, 0xDC05, 0xDBE5, 0xDC06, 0xD384, 0xD3A4, 0xD3C5,
    0xDC26, 0xE446, 0xF54A, 0xFE70, 0xFE92, 0xFEB2, 0xFEB4, 0xCE17,
    0xC638, 0xCE38, 0xCE38, 0xCE38, 0xCE38, 0xCE38, 0xCE38, 0xCE38,
    0xCE38, 0xCE38, 0xCE38, 0xCE38, 0xCE38, 0xC638, 0xCE38, 0xCE38,
    0xCE38, 0xC638, 0xC638, 0xCE38, 0xCE38, 0xCE38, 0xC638, 0xC638,
    0xC638, 0xC638, 0xC638, 0xCE38, 0xC618, 0xC618, 0xC638, 0xC638,
    0xC618, 0xCE18, 0xC618, 0xC638, 0xC618, 0xC618, 0xC617, 0xC5F7,
    0xC5F7, 0xC5F7, 0xBDD6, 0xBDD6, 0xC5F7, 0xC5F7, 0xC617, 0xC617,
    0xC617, 0xCE18, 0xCE38, 0xCE38, 0xCE38, 0xCE38, 0xCE38, 0xCE38,
    0xCE38, 0xCE38, 0xCE38, 0xCE38, 0xCE38, 0xCE38, 0xCE38, 0xCE38,
    0xC42A, 0xC42A, 0xC42A, 0xC42A, 0xC429, 0xC429, 0xC429, 0xC429,
    0xC429, 0xC429, 0xC429, 0xC429, 0xC429, 0xC429, 0xC429, 0xC42A,
    0xC429, 0xC429, 0xC429, 0xC429, 0xC429, 0xC429, 0xC429, 0xC429,
    0xC429, 0xC429, 0xC429, 0xC429, 0xC429, 0xC429, 0xC429, 0xC429,
    0xC42A, 0xC429, 0xC429, 0xBC09, 0xBBE9, 0xBBC8, 0xBBC8, 0xBBC8,
    0xBBC8, 0xBBE8, 0xBBE8, 0xBBE9, 0xBBE9, 0xBBE9, 0xBBE9, 0xBBE9,
    0xBBE9, 0xBBE8, 0xBBE8, 0xBBE8, 0xBBE9, 0xBC09, 0xBC29, 0xC42A,
    0xC44A, 0xC46B, 0xC46B, 0xC46B, 0xBC6B, 0xB44C, 0xB44B, 0xB42B,
    0xB42B, 0xB42A, 0xB42B, 0xB44B, 0xDDF2, 0xFE92, 0xF5ED, 0xF60E,
    0xED8C, 0xE56C, 0xEDCE, 0xEE0F, 0xEDEE, 0xEDEE, 0xEE0E, 0xEDAC,
    0xED4B, 0xEDAD, 0xEDAD, 0xEE32, 0xF694, 0xF674, 0xF6B5, 0xF695,
    0xEE53, 0xEE12, 0xEE12, 0xE5F1, 0xDD4E, 0xC46B, 0xA368, 0x7A45,
    0x2040, 0x3103, 0x9BAB, 0xDD70, 0xE590, 0xDD6F, 0xDD6F, 0xDD90,
    0xDDB0, 0xE590, 0xE590, 0xE590, 0xE58F, 0xE5D1, 0xE5B1, 0xDD4F,
    0xDD90, 0xE5B1, 0xE590, 0xE5D1, 0xE5F2, 0xE5B1, 0xE5B0, 0xDD6F,
    0xE5D1, 0xE5D1, 0xE5B1, 0xE5B1, 0xE5B0, 0xE5D1, 0xE590, 0xE5D1,
    0xE5D1, 0xE5B1, 0xE5D1, 0xE5F2, 0xE5D1, 0xE5D1, 0xE5D1, 0xE5B1,
    0xE5D1, 0xE5F2, 0xE5D1, 0xE5D1, 0xE5D2, 0xE5B1, 0xE5D2, 0xE613,
    0xE5F3, 0xE613, 0xEE33, 0xEE34, 0xEE34, 0xEE34, 0xEE54, 0xEE55,
    0xF696, 0xEE75, 0xEE75, 0xF695, 0xF6F7, 0xFF17, 0xF60F, 0xFE0E,
    0xE4C9, 0xC303, 0xDC05, 0xD384, 0xDBE6, 0xDBE5, 0xDBE5, 0xDC06,
    0xE426, 0xE447, 0xE487, 0xFDED, 0xFE91, 0xFE70, 0xFEB3, 0xD658,
    0xC638, 0xCE38, 0xCE38, 0xC638, 0xCE38, 0xCE38, 0xC638, 0xC638,
    0xCE38, 0xCE38, 0xCE38, 0xCE38, 0xC638, 0xC638, 0xCE38, 0xCE38,
    0xC638, 0xC638, 0xC638, 0xC638, 0xCE38, 0xC638, 0xCE38, 0xCE38,
    0xC638, 0xCE38, 0xC638, 0xC638, 0xC618, 0xC638, 0xC638, 0xC618,
    0xCE38, 0xCE38, 0xC618, 0xC618, 0xC618, 0xC618, 0xC5F7, 0xC5F7,
    0xBDD6, 0xBDD6, 0xBDB6, 0xBDB5, 0xBDB6, 0xBDD6, 0xBDD6, 0xC5F6,
    0xC5F7, 0xC617, 0xCE17, 0xCE18, 0xCE38, 0xCE38, 0xCE38, 0xCE18,
    0xCE38, 0xCE38, 0xCE38, 0xCE38, 0xCE38, 0xCE38, 0xCE38, 0xCE38,
    0xB3E9, 0xBBE9, 0xBC09, 0xBBE9, 0xBBE9, 0xBBE9, 0xBBE9, 0xBBE9,
    0xBBE9, 0xBBE9, 0xBBE9, 0xBC09, 0xBC09, 0xBC09, 0xBC09, 0xBC09,
    0xBC09, 0xBC09, 0xBC09, 0xBC09, 0xBC09, 0xBC09, 0xBC09, 0xBC09,
    0xBC09, 0xBC09, 0xBC09, 0xBC09, 0xBC09, 0xBC09, 0xBC09, 0xBC09,
    0xBC09, 0xBC09, 0xBC09, 0xBBE9, 0xBBE8, 0xBBE8, 0xBBE8, 0xBBE8,
    0xBBE9, 0xBBE9, 0xBBE9, 0xBC09, 0xBC09, 0xBC09, 0xBC09, 0xBC09,
    0xBBE9, 0xBBE9, 0xBBE9, 0xBBE9, 0xBBE9, 0xBC09, 0xBC29, 0xBC2A,
    0xC44A, 0xC46B, 0xC48C, 0xC48C, 0xBC8C, 0xBC6C, 0xB46C, 0xB44B,
    0xB42B, 0xB42A, 0xB44B, 0xBC6C, 0xC4CE, 0xEE32, 0xED4A, 0xEDCE,
    0xEDAD, 0xE58C, 0xEDEE, 0xEDEF, 0xEDEE, 0xEDEE, 0xEE0F, 0xED6B,
    0xE52A, 0xEDAC, 0xE56C, 0xEDCF, 0xF694, 0xF674, 0xF6B6, 0xF695,
    0xEE53, 0xF653, 0xF674, 0xEDF1, 0xE5B0, 0xCCED, 0xB40A, 0x9B47,
    0x38E1, 0x0000, 0x0800, 0x4984, 0xA3EB, 0xDD4F, 0xE5B0, 0xDD4F,
    0xD54F, 0xD52E, 0xDD4F, 0xDD90, 0xE590, 0xE5B0, 0xE5B0, 0xE5B0,
    0xE5B0, 0xDD70, 0xDD70, 0xE590, 0xDD90, 0xE590, 0xD52E, 0xDD6F,
    0xE5D1, 0xDD6F, 0xDD4F, 0xDD6F, 0xE5D1, 0xE590, 0xDD70, 0xE590,
    0xDD90, 0xDD70, 0xDD70, 0xE5B1, 0xE5B1, 0xDD70, 0xDD70, 0xDD90,
    0xE5B1, 0xE5B1, 0xDD90, 0xE5B1, 0xE5B1, 0xE5D2, 0xE5D2, 0xE5D2,
    0xE5D2, 0xE5D2, 0xE5F3, 0xE613, 0xE5F3, 0xEE34, 0xEE75, 0xEE34,
    0xE613, 0xEE34, 0xEE75, 0xEE75, 0xF6D7, 0xF6D6, 0xF5EE, 0xF5ED,
    0xE4EB, 0xBAC2, 0xC323, 0xD384, 0xD384, 0xD3C5, 0xDC06, 0xD3A4,
    0xE467, 0xECC9, 0xECC8, 0xF56B, 0xFEB2, 0xF5ED, 0xF631, 0xCE38,
    0xC638, 0xC638, 0xC638, 0xC638, 0xC638, 0xC638, 0xC638, 0xC638,
    0xC638, 0xCE38, 0xC638, 0xC638, 0xC638, 0xC638, 0xC638, 0xC638,
    0xC638, 0xC638, 0xC638, 0xC638, 0xC638, 0xC638, 0xC638, 0xC638,
    0xC618, 0xC618, 0xC618, 0xC618, 0xC618, 0xCE38, 0xC618, 0xC618,
    0xCE18, 0xC618, 0xC618, 0xC618, 0xC618, 0xC5F7, 0xC5F7, 0xBDD6,
    0xBDD6, 0xB5B5, 0xB595, 0xB594, 0xB594, 0xB595, 0xBDB5, 0xBDB5,
    0xBDD6, 0xC5D6, 0xC5F7, 0xC617, 0xCE38, 0xCE18, 0xCE18, 0xCE38,
    0xCE18, 0xCE38, 0xCE38, 0xCE38, 0xCE38, 0xCE38, 0xCE38, 0xCE38,
    0xAB88, 0xAB88, 0xAB88, 0xABA8, 0xABA8, 0xABA8, 0xABA8, 0xABA8,
    0xABA8, 0xABA8, 0xB3A8, 0xB3A8, 0xB3A8, 0xB3C8, 0xB3A8, 0xB3C8,
    0xB3C8, 0xB3C8, 0xB3C8, 0xB3C8, 0xB3C9, 0xB3C8, 0xB3C8, 0xB3C8,
    0xB3C8, 0xB3C8, 0xB3C8, 0xB3E8, 0xBBE8, 0xB3C8, 0xB3C8, 0xB3C8,
    0xBBC8, 0xBBE8, 0xBBE8, 0xBBE8, 0xBBE8, 0xBBE8, 0xBBE8, 0xBBE9,
    0xBBE9, 0xBBE9, 0xBBE9, 0xBBE9, 0xBBE9, 0xBBE9, 0xBC09, 0xBC09,
    0xBBE9, 0xBBE9, 0xBBE9, 0xBBE9, 0xBC09, 0xBC09, 0xBC2A, 0xBC4A,
    0xC46B, 0xC48B, 0xC48C, 0xC48C, 0xC48C, 0xBC8C, 0xBC6C, 0xB44C,
    0xB44B, 0xB42B, 0xB44B, 0xBC8C, 0xBC8D, 0xCD2F, 0xEDAD, 0xED4A,
    0xE52B, 0xDCC9, 0xEE0F, 0xF610, 0xEDEE, 0xEDAD, 0xEDEF, 0xE52A,
    0xE52A, 0xEDCD, 0xDCE9, 0xE56D, 0xF673, 0xEE74, 0xF695, 0xEE54,
    0xEE74, 0xF674, 0xF674, 0xF632, 0xEE12, 0xDD6F, 0xC48C, 0xABA9,
    0x5183, 0x0000, 0x0800, 0x0000, 0x0800, 0x4144, 0x9369, 0xCCCD,
    0xDD4F, 0xDD4E, 0xDD4F, 0xDD4F, 0xDD4F, 0xD52E, 0xDD4F, 0xDD4F,
    0xDD2E, 0xDD2E, 0xDD6F, 0xDD70, 0xDD6F, 0xE590, 0xDD4E, 0xDD6F,
    0xDD4F, 0xDD4F, 0xDD6F, 0xD52E, 0xDD4F, 0xDD6F, 0xE5B1, 0xE5B1,
    0xE5B0, 0xE5B1, 0xE5B1, 0xDD90, 0xDD70, 0xDD90, 0xDD70, 0xDD70,
    0xDD70, 0xDD90, 0xDD70, 0xDD90, 0xDD90, 0xDDB1, 0xDDB1, 0xE5D2,
    0xDD90, 0xDDB1, 0xE5D2, 0xE5D2, 0xE5D2, 0xE5F2, 0xEE34, 0xE613,
    0xDDB1, 0xE5B1, 0xE613, 0xEE75, 0xF6B7, 0xF674, 0xF5EE, 0xF5AD,
    0xE50B, 0xCBA5, 0xCB63, 0xCB44, 0xBB03, 0xD3A5, 0xD3A4, 0xD3A5,
    0xDC26, 0xD406, 0xECC8, 0xF58C, 0xFEB2, 0xFDAB, 0xE5D1, 0xC639,
    0xC638, 0xC638, 0xC638, 0xC638, 0xC638, 0xC638, 0xC638, 0xC638,
    0xC638, 0xCE38, 0xC638, 0xC638, 0xC638, 0xC638, 0xC638, 0xC638,
    0xC638, 0xC638, 0xC638, 0xC638, 0xC638, 0xC638, 0xC638, 0xC638,
    0xC638, 0xC618, 0xC618, 0xC618, 0xC618, 0xC618, 0xC638, 0xC618,
    0xC618, 0xC618, 0xC618, 0xC618, 0xC617, 0xC5F7, 0xBDD6, 0xBDB6,
    0xB5B5, 0xB594, 0xAD74, 0xAD53, 0xAD53, 0xAD53, 0xAD74, 0xB574,
    0xB595, 0xBDB5, 0xBDD6, 0xC617, 0xC617, 0xCE18, 0xCE17, 0xCE38,
    0xCE38, 0xCE38, 0xCE38, 0xCE38, 0xCE38, 0xCE38, 0xCE38, 0xCE38,
    0x9B27, 0x9B27, 0x9B27, 0x9B47, 0xA347, 0xA347, 0x9B47, 0xA347,
    0xA347, 0xA347, 0xA367, 0xA367, 0xA367, 0xA367, 0xA368, 0xAB68,
    0xAB87, 0xAB88, 0xAB88, 0xAB88, 0xAB88, 0xAB88, 0xABA8, 0xAB88,
    0xAB88, 0xAB88, 0xABA8, 0xB3A8, 0xABA8, 0xAB88, 0xAB88, 0xABA8,
    0xABA8, 0xB3A8, 0xB3A8, 0xB3A8, 0xB3A8, 0xB3A8, 0xB3A8, 0xB3C8,
    0xB3C8, 0xB3C8, 0xB3C8, 0xB3C8, 0xB3C8, 0xB3C8, 0xB3C8, 0xB3E9,
    0xB3E9, 0xB3E9, 0xB3E9, 0xB3E9, 0xBC09, 0xBC2A, 0xBC4A, 0xBC4B,
    0xC46B, 0xC48C, 0xC4AC, 0xC4AD, 0xC4AD, 0xBC8C, 0xBC8C, 0xBC6C,
    0xB44B, 0xB44B, 0xBC4B, 0xBC8C, 0xBC8D, 0xBCAE, 0xCD50, 0xED6C,
    0xDC88, 0xC3C6, 0xEDCE, 0xF651, 0xEDAD, 0xD488, 0xDD0A, 0xE54B,
    0xE56B, 0xEDAD, 0xE50A, 0xE56C, 0xEE53, 0xEE53, 0xEE54, 0xEE54,
    0xEE74, 0xF694, 0xF694, 0xF674, 0xEE11, 0xE5B0, 0xD52E, 0xB40A,
    0x7A65, 0x1020, 0x0800, 0x0800, 0x0000, 0x0000, 0x0000, 0x30C2,
    0x7246, 0xAC0B, 0xD50E, 0xDD4E, 0xDD2E, 0xD4ED, 0xD4ED, 0xD4ED,
    0xD4ED, 0xD52E, 0xDD70, 0xDD6F, 0xDD4F, 0xDD4F, 0xD50E, 0xDD4F,
    0xDD70, 0xDD70, 0xDD90, 0xDD4F, 0xDD2E, 0xDD4F, 0xDD70, 0xDD70,
    0xDD6F, 0xDD70, 0xDD4F, 0xD52E, 0xDD4F, 0xDD70, 0xDD6F, 0xDD90,
    0xDD70, 0xDD6F, 0xDD6F, 0xDD70, 0xD52F, 0xDD90, 0xDDB1, 0xDDB1,
    0xDD90, 0xDD91, 0xE5D2, 0xE5D2, 0xE5B1, 0xE5F2, 0xE5D2, 0xD52F,
    0xD54F, 0xDD70, 0xE5F2, 0xEE75, 0xEE75, 0xEDCF, 0xEDCE, 0xF5EE,
    0xD447, 0xC323, 0xCB84, 0xCBA5, 0xCBA5, 0xCB64, 0xD3C5, 0xCB84,
    0xDC47, 0xDC27, 0xDC26, 0xF5AC, 0xFED3, 0xF54A, 0xDDF3, 0xC639,
    0xC638, 0xC638, 0xC618, 0xC638, 0xC638, 0xC638, 0xC638, 0xC638,
    0xC638, 0xC638, 0xC618, 0xC638, 0xC618, 0xC618, 0xC618, 0xC638,
    0xC618, 0xC618, 0xC638, 0xC638, 0xC638, 0xC638, 0xC638, 0xC638,
    0xC638, 0xC618, 0xC618, 0xC618, 0xC618, 0xC618, 0xC618, 0xC618,
    0xCE18, 0xC618, 0xC618, 0xC618, 0xC617, 0xC5F7, 0xBDD6, 0xBDB5,
    0xB594, 0xAD74, 0xA553, 0xA512, 0xA511, 0xA511, 0xA532, 0xAD52,
    0xAD73, 0xB594, 0xBDB5, 0xC5F6, 0xC617, 0xC617, 0xC618, 0xC618,
    0xCE18, 0xCE38, 0xCE38, 0xCE38, 0xCE38, 0xCE38, 0xCE38, 0xCE38,
    0x8AE6, 0x92E7, 0x92E7, 0x92E7, 0x9307, 0x9307, 0x9307, 0x9307,
    0x9307, 0x9307, 0x9307, 0x9307, 0x9B07, 0x9B27, 0x9B27, 0x9B27,
    0x9B27, 0x9B27, 0x9B47, 0xA347, 0xA347, 0xA347, 0xA347, 0xA367,
    0xA367, 0xA367, 0xA367, 0xA367, 0xA367, 0xA367, 0xA367, 0xA367,
    0xA367, 0xA367, 0xA367, 0xAB67, 0xA367, 0xAB67, 0xAB87, 0xAB87,
    0xAB88, 0xAB88, 0xAB88, 0xAB88, 0xABA8, 0xABA8, 0xABA8, 0xABC8,
    0xB3C9, 0xB3E9, 0xB3E9, 0xB409, 0xB40A, 0xBC2A, 0xBC4B, 0xBC4B,
    0xBC6B, 0xC48C, 0xC4AD, 0xC4CD, 0xC4AD, 0xBCAD, 0xBC8C, 0xB46C,
    0xB44B, 0xB44B, 0xBC4B, 0xBC8C, 0xBCAE, 0xBCAE, 0xBCCF, 0xCD30,
    0xED0A, 0xCBC5, 0xDD2B, 0xEDCF, 0xEDAD, 0xBB85, 0xCC07, 0xE54B,
    0xEDCD, 0xEDAD, 0xED4B, 0xED6B, 0xEDF0, 0xEE53, 0xEE12, 0xEE74,
    0xF694, 0xF674, 0xF673, 0xEE11, 0xEDF1, 0xE5B0, 0xDD6F, 0xC48C,
    0xA368, 0x38E2, 0x0000, 0x0800, 0x0000, 0x0800, 0x0800, 0x0000,
    0x0800, 0x2020, 0x4943, 0x7A87, 0xABCA, 0xCC8C, 0xD4ED, 0xD50D,
    0xD4ED, 0xD50E, 0xD52E, 0xD50E, 0xD4ED, 0xD4CD, 0xCC8C, 0xD50E,
    0xD50E, 0xDD4F, 0xDD2E, 0xDD4F, 0xDD4F, 0xDD4F, 0xD50E, 0xD52E,
    0xD50E, 0xD52E, 0xD4ED, 0xD52E, 0xD52E, 0xDD2E, 0xD52E, 0xD52E,
    0xD52F, 0xD52E, 0xD52E, 0xDD70, 0xD54F, 0xD52F, 0xDD70, 0xDD90,
    0xDD90, 0xDDB1, 0xDDB1, 0xE5F2, 0xE5D2, 0xD570, 0xCCAD, 0xC48C,
    0xCCED, 0xD54F, 0xE5D2, 0xEE55, 0xEE54, 0xE56D, 0xED8D, 0xF5EE,
    0xC3A6, 0xA241, 0xC343, 0xC303, 0xCB84, 0xD3C5, 0xCBA5, 0xC343,
    0xE488, 0xDC47, 0xCB84, 0xF58C, 0xFE91, 0xED6C, 0xD616, 0xC638,
    0xC638, 0xC638, 0xC638, 0xC638, 0xC638, 0xC638, 0xC638, 0xC638,
    0xC638, 0xC638, 0xC638, 0xC618, 0xC618, 0xC618, 0xC618, 0xC638,
    0xC618, 0xC618, 0xC638, 0xC638, 0xC618, 0xC638, 0xC638, 0xC638,
    0xC618, 0xC618, 0xC618, 0xC618, 0xC618, 0xC618, 0xC618, 0xC618,
    0xC618, 0xC618, 0xC618, 0xC617, 0xC617, 0xBDF7, 0xBDD6, 0xB595,
    0xAD74, 0xA553, 0xA511, 0x9CF0, 0x94AF, 0x94AF, 0x9CD0, 0x9CF1,
    0xA532, 0xAD53, 0xB594, 0xBDB5, 0xBDD6, 0xC5F7, 0xC617, 0xC618,
    0xCE18, 0xCE38, 0xCE38, 0xCE38, 0xCE38, 0xCE38, 0xCE38, 0xCE38,
    0x8AC6, 0x8AC6, 0x8AC6, 0x8AC6, 0x8AC6, 0x8AC6, 0x8AC6, 0x8AC6,
    0x8AC6, 0x8AC6, 0x8AC6, 0x8AC6, 0x8AE6, 0x8AE6, 0x92E6, 0x92E6,
    0x92E6, 0x92E6, 0x9306, 0x9306, 0x9306, 0x9306, 0x9B06, 0x9B27,
    0x9B27, 0x9B27, 0x9B26, 0x9B26, 0x9B26, 0x9B26, 0x9B26, 0x9B26,
    0x9B27, 0x9B26, 0x9B26, 0x9B26, 0x9B26, 0x9B27, 0x9B46, 0xA347,
    0xA347, 0xA347, 0xA367, 0xA367, 0xA367, 0xA388, 0xAB88, 0xABA8,
    0xABC9, 0xABC9, 0xABE9, 0xB3EA, 0xB40A, 0xB42A, 0xBC4B, 0xBC6B,
    0xBC8C, 0xC4AC, 0xC4CD, 0xC4CD, 0xC4CD, 0xBCAD, 0xBC8C, 0xBC6C,
    0xB44B, 0xB44B, 0xB44B, 0xBC8C, 0xBCAE, 0xBCCE, 0xBCCE, 0xBCF0,
    0xD551, 0xE50B, 0xD427, 0xE58D, 0xE54B, 0xBB64, 0xBB85, 0xDCEA,
    0xEDEF, 0xEDAD, 0xE54A, 0xE54B, 0xEDAE, 0xEE12, 0xEE33, 0xF695,
    0xF6B5, 0xF694, 0xEE32, 0xF653, 0xF6B5, 0xEE33, 0xDD6F, 0xD4CD,
    0xBC2B, 0x61C4, 0x0000, 0x0000, 0x0000, 0x0000, 0x0800, 0x0800,
    0x1000, 0x1000, 0x1000, 0x1000, 0x1800, 0x38C2, 0x7225, 0x9B49,
    0xC44B, 0xD4CC, 0xDD0D, 0xDD0E, 0xD4CD, 0xCC8B, 0xCCAC, 0xCCCD,
    0xCCAC, 0xD4EE, 0xD50E, 0xD4ED, 0xD50E, 0xD50E, 0xD52E, 0xD52E,
    0xD4ED, 0xD50E, 0xD4CD, 0xD50E, 0xD50E, 0xD50E, 0xD50E, 0xD4ED,
    0xD50E, 0xD52E, 0xD52E, 0xD52E, 0xD50E, 0xD52E, 0xD52F, 0xDD70,
    0xDD90, 0xE5D1, 0xE5D2, 0xCD2F, 0xB3EA, 0xB3C9, 0xB409, 0xC48C,
    0xCCED, 0xD54F, 0xE5D2, 0xE634, 0xE5D0, 0xEDAD, 0xED6C, 0xEDAD,
    0xBB85, 0x9201, 0xBB03, 0xCB23, 0xC323, 0xC344, 0xB2C3, 0xC364,
    0xDC26, 0xCBA5, 0xD3C4, 0xF5CC, 0xFE2E, 0xDDB1, 0xCE39, 0xC638,
    0xC638, 0xC638, 0xC638, 0xC638, 0xC638, 0xC638, 0xC638, 0xC638,
    0xC638, 0xC638, 0xC638, 0xC618, 0xC618, 0xC618, 0xC618, 0xC618,
    0xC618, 0xC618, 0xC618, 0xC618, 0xC618, 0xC618, 0xC638, 0xC618,
    0xC618, 0xC618, 0xC618, 0xC618, 0xC618, 0xC618, 0xC617, 0xC617,
    0xC5F7, 0xC5F7, 0xC5F7, 0xC5F7, 0xC5F7, 0xBDD7, 0xBDD6, 0xB595,
    0xAD53, 0xA512, 0x9CF0, 0x94AF, 0x846D, 0x844C, 0x8C6D, 0x94AE,
    0x9CD0, 0xA512, 0xAD53, 0xB574, 0xBDB5, 0xC5D6, 0xC617, 0xC618,
    0xCE18, 0xCE18, 0xCE18, 0xCE38, 0xCE38, 0xCE38, 0xCE38, 0xCE38,
    0x8AC7, 0x8AC7, 0x8AC7, 0x8AC7, 0x8AC7, 0x8AC6, 0x8AC6, 0x8AC6,
    0x8AC6, 0x8AC6, 0x8AC6, 0x8AC6, 0x8AC6, 0x8AC6, 0x8AC6, 0x8AC6,
    0x8AC6, 0x8AC6, 0x8AE6, 0x92E6, 0x92E6, 0x92E6, 0x92E6, 0x92E6,
    0x92E6, 0x92E6, 0x92E6, 0x92E6, 0x92E6, 0x92E6, 0x92E6, 0x92E6,
    0x92E6, 0x92E6, 0x9306, 0x9306, 0x9306, 0x9306, 0x9B06, 0x9B06,
    0x9B06, 0x9B26, 0x9B27, 0x9B47, 0xA347, 0xA367, 0xA388, 0xA3A8,
    0xABA9, 0xABC9, 0xABC9, 0xABEA, 0xB40A, 0xB42B, 0xBC4B, 0xBC6C,
    0xBC8C, 0xC4AD, 0xC4CD, 0xC4CD, 0xC4CD, 0xBCAD, 0xBC8C, 0xB46C,
    0xB44B, 0xB42B, 0xB44B, 0xBC8C, 0xBCAE, 0xBCCF, 0xBCCF, 0xBCD0,
    0xBD12, 0xD573, 0xDCEA, 0xDCC9, 0xED8C, 0xC3A4, 0xC3A5, 0xDD2B,
    0xEDAD, 0xEDAD, 0xE54A, 0xE54B, 0xE56C, 0xE5D0, 0xEE12, 0xEE74,
    0xF674, 0xEE53, 0xF6B5, 0xF6D6, 0xF6B5, 0xEE32, 0xE58F, 0xDD2E,
    0xCCAD, 0x92E8, 0x1020, 0x0000, 0x0000, 0x0000, 0x0800, 0x0800,
    0x0800, 0x1000, 0x1800, 0x1800, 0x1800, 0x1800, 0x1000, 0x1800,
    0x3061, 0x4923, 0x8287, 0xA389, 0xB3EA, 0xB3EA, 0xCC6C, 0xDD0D,
    0xDD0D, 0xD4CD, 0xCCCD, 0xCCCD, 0xCCAC, 0xCCAC, 0xCCCD, 0xD4ED,
    0xD4ED, 0xD4ED, 0xCCED, 0xD4ED, 0xD4EE, 0xD4ED, 0xD50E, 0xD4EE,
    0xCCED, 0xD50E, 0xD4EE, 0xD50E, 0xD50E, 0xD52E, 0xDD6F, 0xDD4F,
    0xDD70, 0xCD0E, 0xB40B, 0x9B47, 0x9B06, 0xAB88, 0xBC2A, 0xC48C,
    0xCCCD, 0xD54F, 0xE5D2, 0xE5D2, 0xDD2D, 0xED8D, 0xEDCE, 0xED6B,
    0xAB04, 0xA262, 0xB2C2, 0xC303, 0xBAE3, 0xB2E3, 0xAA82, 0xC344,
    0xDC26, 0xC323, 0xDC26, 0xFE2E, 0xF5AD, 0xD616, 0xC639, 0xC638,
    0xC638, 0xC638, 0xC638, 0xC638, 0xC638, 0xC638, 0xC638, 0xC638,
    0xC638, 0xC638, 0xC638, 0xC618, 0xC618, 0xC618, 0xC618, 0xC618,
    0xC618, 0xC618, 0xC618, 0xC618, 0xC618, 0xC618, 0xC618, 0xC618,
    0xC618, 0xC618, 0xC618, 0xC618, 0xC617, 0xC5F7, 0xBDF7, 0xBDD6,
    0xBDD6, 0xBDD6, 0xBDF7, 0xC5F7, 0xBDF7, 0xBDF6, 0xBDD6, 0xB595,
    0xAD53, 0x9D11, 0x94AF, 0x846D, 0x7C2B, 0x740A, 0x740A, 0x844C,
    0x8C8E, 0x94D0, 0xA511, 0xAD53, 0xB594, 0xBDD6, 0xC5F7, 0xC618,
    0xC618, 0xC618, 0xCE38, 0xCE38, 0xCE38, 0xCE38, 0xCE38, 0xCE38,
    0x8AE7, 0x8AE7, 0x8AE7, 0x8AE7, 0x8AE7, 0x8AE7, 0x8AE7, 0x8AE7,
    0x8AE7, 0x8AE7, 0x8AE6, 0x8AE6, 0x8AE6, 0x8AE6, 0x8AE6, 0x8AE6,
    0x8AE6, 0x8AE6, 0x92E6, 0x92E6, 0x92E6, 0x92E6, 0x92E6, 0x92E6,
    0x92E6, 0x92E6, 0x92E6, 0x92E6, 0x92E6, 0x92E6, 0x92E6, 0x92E6,
    0x92E6, 0x92E6, 0x9306, 0x9306, 0x9306, 0x9306, 0x9306, 0x9306,
    0x9306, 0x9B07, 0x9B27, 0x9B47, 0x9B47, 0xA368, 0xA388, 0xA3A8,
    0xA3A9, 0xABC9, 0xABEA, 0xAC0A, 0xB40B, 0xB42B, 0xBC4B, 0xBC6C,
    0xBC8C, 0xC4AD, 0xC4CD, 0xC4CD, 0xC4AD, 0xBCAD, 0xBC8D, 0xB46C,
    0xB44B, 0xB42B, 0xB44B, 0xBC8C, 0xBCAE, 0xBCCF, 0xBCCF, 0xBCF0,
    0xBD12, 0xBD55, 0xDDB3, 0xE50A, 0xE54B, 0xDCA9, 0xC3C5, 0xDCEA,
    0xE58D, 0xE58C, 0xE54C, 0xDD0A, 0xDD09, 0xE56C, 0xEDF2, 0xEE53,
    0xEE53, 0xEE74, 0xF6B6, 0xF6B5, 0xF694, 0xF633, 0xEE12, 0xEDD1,
    0xDD70, 0xB3EB, 0x28C2, 0x0000, 0x0800, 0x0000, 0x0000, 0x0800,
    0x0800, 0x0800, 0x1000, 0x1800, 0x1800, 0x1800, 0x2000, 0x2000,
    0x1800, 0x1000, 0x1000, 0x1000, 0x2841, 0x3061, 0x4103, 0x82A7,
    0xAB89, 0xBC2B, 0xCC8C, 0xD4CD, 0xD4ED, 0xDCED, 0xDD0D, 0xD4EC,
    0xD4ED, 0xD4ED, 0xCCCD, 0xD4CD, 0xD4ED, 0xD4ED, 0xD52E, 0xD52E,
    0xD50E, 0xDD2E, 0xDD4F, 0xDD4F, 0xD54F, 0xD52F, 0xC48C, 0xABEA,
    0xA368, 0xA368, 0x9B47, 0xABA8, 0xB3E9, 0xB3C8, 0xC44A, 0xCCAC,
    0xCCED, 0xDD4F, 0xE5D2, 0xDD90, 0xDCEB, 0xE54C, 0xE54C, 0xDCEA,
    0xB324, 0xB2E3, 0xAA81, 0xB2A2, 0xB2E3, 0xAAA2, 0xB2C2, 0xCB84,
    0xD3C5, 0xCB43, 0xE4C8, 0xFE0E, 0xE56E, 0xCE39, 0xC638, 0xC639,
    0xC639, 0xC638, 0xC638, 0xC618, 0xC638, 0xC638, 0xC638, 0xC638,
    0xC638, 0xC638, 0xC618, 0xC618, 0xC618, 0xC618, 0xC618, 0xC618,
    0xC618, 0xC618, 0xC618, 0xC618, 0xC618, 0xC618, 0xC618, 0xC618,
    0xC618, 0xC618, 0xC618, 0xC5F7, 0xBDF7, 0xBDD6, 0xBDD6, 0xBDD6,
    0xBDD6, 0xBDD6, 0xBDD6, 0xBDD6, 0xBDF6, 0xBDF7, 0xBDD6, 0xB5B5,
    0xAD74, 0xA532, 0x94D0, 0x846D, 0x740A, 0x6BA8, 0x6BA8, 0x73E9,
    0x7C2B, 0x8C8E, 0x9CF0, 0xA532, 0xAD74, 0xBDB5, 0xC5F7, 0xC617,
    0xC618, 0xC618, 0xC618, 0xCE18, 0xCE38, 0xCE18, 0xCE38, 0xCE38,
    0x8B08, 0x8B08, 0x8B08, 0x8B08, 0x8B07, 0x8B07, 0x8B07, 0x8B07,
    0x8AE7, 0x8AE7, 0x8AE7, 0x8AE7, 0x8B07, 0x8B07, 0x9307, 0x9307,
    0x9307, 0x9307, 0x92E7, 0x9307, 0x9307, 0x9307, 0x9307, 0x9307,
    0x9307, 0x9307, 0x9307, 0x9307, 0x9307, 0x9307, 0x9307, 0x9307,
    0x9307, 0x9307, 0x9307, 0x9307, 0x9307, 0x9307, 0x9327, 0x9B27,
    0x9B27, 0x9B27, 0x9B47, 0x9B68, 0xA368, 0xA388, 0xA3A9, 0xA3A9,
    0xABC9, 0xABEA, 0xABEA, 0xB40A, 0xB42B, 0xB42B, 0xBC6C, 0xBC6C,
    0xBC8D, 0xC4AD, 0xC4CD, 0xC4CD, 0xC4CD, 0xBCAD, 0xBC8D, 0xB46C,
    0xB44B, 0xB42B, 0xB44B, 0xBC8D, 0xBCCE, 0xBCCF, 0xBCCF, 0xBCF0,
    0xBD12, 0xBD54, 0xC595, 0xD5B4, 0xE58E, 0xE50A, 0xD488, 0xDCEA,
    0xE5AD, 0xE58C, 0xE54B, 0xDD2B, 0xDD0A, 0xDD0A, 0xE5AE, 0xEE53,
    0xEE53, 0xF695, 0xF6B6, 0xF694, 0xF695, 0xF695, 0xF633, 0xEE12,
    0xE590, 0xC48C, 0x6205, 0x0000, 0x0800, 0x0000, 0x0000, 0x0800,
    0x0800, 0x0800, 0x0800, 0x1000, 0x1000, 0x1000, 0x1000, 0x1000,
    0x1800, 0x1800, 0x1800, 0x1800, 0x1800, 0x1800, 0x1000, 0x1000,
    0x1800, 0x3061, 0x4103, 0x5164, 0x6A05, 0x82C7, 0x9328, 0x9B48,
    0xA389, 0xB3EA, 0xBC4B, 0xBC2B, 0xBC4C, 0xC46C, 0xBC4C, 0xBC4C,
    0xB42B, 0xA3AA, 0x9349, 0x8B28, 0x9308, 0x8AC6, 0x8AA6, 0x9307,
    0xA368, 0xB40A, 0xBC2A, 0xBC4B, 0xC48C, 0xC46B, 0xC46B, 0xCCCC,
    0xD50D, 0xDD6F, 0xDD4E, 0xDD4D, 0xE56D, 0xE56C, 0xE52B, 0xD468,
    0xAAE3, 0xB2E3, 0xB2C2, 0xA261, 0xAA82, 0xAA82, 0xC364, 0xCB84,
    0xC323, 0xCB63, 0xF58C, 0xFE0F, 0xD5F6, 0xC639, 0xC638, 0xC639,
    0xC639, 0xC638, 0xC638, 0xC618, 0xC618, 0xC618, 0xC618, 0xC618,
    0xC618, 0xC618, 0xC618, 0xC618, 0xC618, 0xC618, 0xC618, 0xC618,
    0xC618, 0xC618, 0xC618, 0xC618, 0xC618, 0xC618, 0xC618, 0xC618,
    0xC618, 0xC618, 0xC5F7, 0xBDF7, 0xBDD6, 0xB5B5, 0xB5B5, 0xB5B5,
    0xB5B5, 0xB5B5, 0xBDD6, 0xBDD6, 0xBDD6, 0xC5F7, 0xBDD6, 0xBDB6,
    0xB594, 0xA533, 0x9CF1, 0x8C8E, 0x7C0B, 0x63A8, 0x5B65, 0x6386,
    0x73E9, 0x844C, 0x94AF, 0x9D11, 0xAD53, 0xB595, 0xBDD6, 0xC5F7,
    0xC618, 0xC618, 0xC618, 0xC618, 0xCE18, 0xCE18, 0xCE18, 0xC618,
    0x9328, 0x9308, 0x9328, 0x9308, 0x9308, 0x9328, 0x9308, 0x9308,
    0x9308, 0x9308, 0x9308, 0x9308, 0x9307, 0x9307, 0x9308, 0x9308,
    0x9307, 0x9307, 0x9307, 0x9307, 0x9327, 0x9327, 0x9327, 0x9328,
    0x9328, 0x9B27, 0x9B27, 0x9B27, 0x9B27, 0x9B27, 0x9B27, 0x9B27,
    0x9B27, 0x9B27, 0x9B27, 0x9B27, 0x9B47, 0x9B47, 0x9B48, 0x9B48,
    0x9B48, 0x9B68, 0xA368, 0xA388, 0xA389, 0xA3A9, 0xABC9, 0xABC9,
    0xABEA, 0xABEA, 0xB40A, 0xB42B, 0xB42B, 0xB44B, 0xBC6C, 0xBC6C,
    0xBC8D, 0xC4AD, 0xC4CD, 0xC4CE, 0xC4CD, 0xBCAD, 0xBC8D, 0xB46C,
    0xB44B, 0xB42B, 0xB44B, 0xBC8D, 0xBCCE, 0xBCCF, 0xBCCF, 0xBCF0,
    0xBD12, 0xBD54, 0xC575, 0xC5B7, 0xD5F7, 0xD570, 0xDCC9, 0xE54C,
    0xE5AE, 0xE56C, 0xE54C, 0xE54C, 0xDD0A, 0xDD0A, 0xDD2B, 0xEE12,
    0xEE54, 0xF695, 0xF695, 0xF695, 0xF6B6, 0xF695, 0xF674, 0xF653,
    0xE5B0, 0xCCCD, 0x9B49, 0x1841, 0x0000, 0x0000, 0x0000, 0x0000,
    0x0800, 0x0000, 0x0000, 0x1000, 0x2820, 0x3040, 0x2820, 0x2820,
    0x2820, 0x1800, 0x1000, 0x0800, 0x1000, 0x1800, 0x1800, 0x1000,
    0x1800, 0x1800, 0x1000, 0x0800, 0x0800, 0x1000, 0x0800, 0x1000,
    0x1800, 0x1820, 0x2881, 0x2081, 0x1861, 0x2081, 0x1840, 0x1860,
    0x1841, 0x1020, 0x0800, 0x4122, 0x7204, 0x8285, 0x9B27, 0xAB89,
    0xBC2B, 0xC48C, 0xC48C, 0xCCAC, 0xCCED, 0xCCCC, 0xCCAC, 0xCCED,
    0xD50D, 0xDD4E, 0xD4EC, 0xDCEA, 0xE56C, 0xE54B, 0xE56D, 0xCC69,
    0xAAC2, 0xAA82, 0xAAC2, 0xAA82, 0xB2C2, 0xB2C2, 0xBB03, 0xCB64,
    0xBB02, 0xDC46, 0xFE0D, 0xEE12, 0xC639, 0xC638, 0xC638, 0xC639,
    0xC638, 0xC618, 0xC618, 0xC618, 0xC618, 0xC5F8, 0xC5F7, 0xC5F7,
    0xC5F7, 0xBDF7, 0xBDF7, 0xC5F7, 0xC5F7, 0xC5F7, 0xC5F8, 0xC618,
    0xC618, 0xC618, 0xC618, 0xC618, 0xC618, 0xC618, 0xC618, 0xC618,
    0xC618, 0xC5F7, 0xBDF7, 0xBDD6, 0xB5B5, 0xB594, 0xAD93, 0xAD93,
    0xAD94, 0xB5B4, 0xB5B5, 0xBDD6, 0xBDD6, 0xC5F7, 0xC5F7, 0xBDD6,
    0xB595, 0xAD74, 0xA512, 0x94CF, 0x7C4C, 0x6BC8, 0x5B65, 0x5B45,
    0x63A7, 0x7C0B, 0x8C8E, 0x9CF1, 0xA532, 0xB574, 0xBDB6, 0xC5F7,
    0xC617, 0xC617, 0xC618, 0xC618, 0xC618, 0xCE18, 0xC618, 0xC618,
    0x9329, 0x9329, 0x9329, 0x9329, 0x9328, 0x9328, 0x9328, 0x9328,
    0x9328, 0x9328, 0x9328, 0x9328, 0x9328, 0x9328, 0x9328, 0x9328,
    0x9328, 0x9328, 0x9B28, 0x9B48, 0x9B48, 0x9B48, 0x9B48, 0x9B48,
    0x9B48, 0x9B48, 0x9B48, 0x9B48, 0x9B68, 0x9B68, 0x9B68, 0x9B48,
    0x9B48, 0x9B68, 0x9B48, 0x9B68, 0x9B68, 0x9B68, 0x9B68, 0x9B68,
    0xA368, 0xA388, 0xA3A9, 0xA3A9, 0xABC9, 0xABC9, 0xABCA, 0xABEA,
    0xABEA, 0xB40A, 0xB40A, 0xB42B, 0xB44B, 0xBC4B, 0xBC6C, 0xBC8C,
    0xBC8C, 0xC4AD, 0xC4CD, 0xC4EE, 0xC4CD, 0xBCAD, 0xBC8D, 0xB46C,
    0xB44B, 0xB42B, 0xB44B, 0xBC6C, 0xBCAE, 0xBCCF, 0xBCCF, 0xBCF0,
    0xBD12, 0xBD54, 0xC596, 0xC5B7, 0xC5D8, 0xCE39, 0xD591, 0xD467,
    0xDD0B, 0xE58D, 0xDD4C, 0xE56C, 0xDD2B, 0xDD2B, 0xDD0A, 0xE5AF,
    0xEE53, 0xEE95, 0xF695, 0xF6D6, 0xF6B6, 0xF6B5, 0xF695, 0xF674,
    0xEDD1, 0xD50E, 0xC46D, 0x4964, 0x0000, 0x0800, 0x0000, 0x0000,
    0x0000, 0x1000, 0x3861, 0x5081, 0x58C2, 0x58A2, 0x50A2, 0x5081,
    0x5081, 0x4861, 0x3840, 0x2020, 0x1000, 0x1000, 0x1000, 0x1000,
    0x1000, 0x1000, 0x1000, 0x1000, 0x1800, 0x1000, 0x1000, 0x1000,
    0x1000, 0x1000, 0x0800, 0x0800, 0x0000, 0x0000, 0x0000, 0x0000,
    0x0000, 0x0000, 0x2081, 0x69E4, 0x8AC6, 0x9B47, 0xABA9, 0xBC2B,
    0xC48C, 0xCCCD, 0xCCED, 0xCCED, 0xD52E, 0xD50E, 0xCCED, 0xD4ED,
    0xD52E, 0xD50D, 0xDCCA, 0xDCEA, 0xE52B, 0xE58D, 0xE54D, 0xBBA6,
    0xA281, 0xA281, 0xA282, 0xB2A2, 0xBB23, 0xB2C2, 0xB2E2, 0xC323,
    0xC322, 0xF58C, 0xFE50, 0xD616, 0xC639, 0xC638, 0xC618, 0xC618,
    0xC618, 0xBDF7, 0xBDF7, 0xBDF7, 0xBDD7, 0xBDD7, 0xBDD6, 0xBDD6,
    0xBDD6, 0xBDD6, 0xBDD6, 0xBDD6, 0xBDD6, 0xBDD7, 0xBDD7, 0xBDD7,
    0xBDF7, 0xC618, 0xC618, 0xC618, 0xC618, 0xC618, 0xC618, 0xC618,
    0xC618, 0xBDF7, 0xBDD6, 0xB5B5, 0xAD94, 0xAD72, 0xA572, 0xA572,
    0xAD72, 0xAD93, 0xB594, 0xB5B5, 0xBDD6, 0xC5F7, 0xC5F7, 0xBDF7,
    0xBDB6, 0xB595, 0xA553, 0x94D0, 0x846D, 0x6BE9, 0x5B86, 0x5344,
    0x5B86, 0x73EA, 0x8C6D, 0x9CD0, 0xA532, 0xAD74, 0xB595, 0xBDD6,
    0xC5F7, 0xC5F7, 0xC5F7, 0xC617, 0xC618, 0xC618, 0xC618, 0xC618,
    0x9349, 0x9349, 0x9349, 0x9B49, 0x9B49, 0x9B49, 0x9B49, 0x9349,
    0x9349, 0x9349, 0x9349, 0x9349, 0x9348, 0x9348, 0x9B49, 0x9B49,
    0x9B49, 0x9B49, 0x9B69, 0x9B69, 0x9B69, 0x9B69, 0x9B69, 0x9B69,
    0x9B69, 0x9B69, 0x9B69, 0xA369, 0xA369, 0xA369, 0xA389, 0xA369,
    0xA369, 0xA389, 0xA389, 0xA389, 0xA389, 0xA389, 0xA389, 0xA389,
    0xA3A9, 0xA3A9, 0xABC9, 0xABCA, 0xABEA, 0xABEA, 0xABEA, 0xAC0A,
    0xB40A, 0xB40A, 0xB42B, 0xB42B, 0xB44B, 0xBC4B, 0xBC6C, 0xBC8C,
    0xBC8C, 0xC4AD, 0xC4CD, 0xC4CE, 0xC4CD, 0xBCAD, 0xBC8D, 0xB46C,
    0xB44B, 0xB42B, 0xB44B, 0xBC6C, 0xBCAE, 0xBCCF, 0xBCCF, 0xBCF0,
    0xBD12, 0xBD54, 0xBD76, 0xC5B7, 0xC5D8, 0xC619, 0xCE39, 0xD5D4,
    0xCCAA, 0xDCC9, 0xDD6D, 0xE54C, 0xE56D, 0xDD2B, 0xDD0B, 0xDD0B,
    0xEE12, 0xF6B6, 0xF695, 0xF6B5, 0xF6D6, 0xF6B5, 0xF674, 0xF674,
    0xF632, 0xE570, 0xDD2F, 0x9B4A, 0x1000, 0x0800, 0x0800, 0x0000,
    0x2020, 0x50A2, 0x68E3, 0x6903, 0x6903, 0x6903, 0x6903, 0x68E3,
    0x58C2, 0x58C2, 0x50A1, 0x4861, 0x3840, 0x3040, 0x3840, 0x3040,
    0x3020, 0x2820, 0x1800, 0x1000, 0x1000, 0x1000, 0x1000, 0x1000,
    0x1000, 0x1000, 0x1000, 0x0800, 0x0800, 0x0800, 0x0000, 0x0800,
    0x0000, 0x1840, 0x69E4, 0x8AA6, 0xA348, 0xABA9, 0xB40A, 0xC4AC,
    0xCCED, 0xCD0E, 0xD50E, 0xD50E, 0xD52E, 0xD52E, 0xD50E, 0xD50D,
    0xD50D, 0xD4EB, 0xDCEA, 0xDD0B, 0xDD0A, 0xE58D, 0xE54C, 0xAB24,
    0x9A41, 0xA261, 0xAAA2, 0xB2E2, 0xB2E2, 0xAAA2, 0xBB23, 0xBB02,
    0xDC67, 0xFE0F, 0xE633, 0xCE38, 0xC618, 0xC618, 0xBDF8, 0xBDF7,
    0xBDD7, 0xBDD6, 0xB5B6, 0xB5B6, 0xB5B6, 0xB5B5, 0xB595, 0xB595,
    0xB595, 0xAD95, 0xB595, 0xB595, 0xB595, 0xB596, 0xB5B6, 0xB5B6,
    0xBDD6, 0xBDD7, 0xBDF7, 0xC5F8, 0xC618, 0xC618, 0xC618, 0xC618,
    0xC617, 0xBDD6, 0xB5B5, 0xAD94, 0xA572, 0xA550, 0x9D2F, 0xA530,
    0xA551, 0xAD72, 0xAD73, 0xB5B5, 0xBDD6, 0xBDF7, 0xC5F7, 0xC5F7,
    0xBDD7, 0xB595, 0xA553, 0x94F1, 0x846E, 0x740A, 0x6387, 0x5B65,
    0x5B86, 0x73E9, 0x844D, 0x94AF, 0x9D11, 0xA533, 0xAD74, 0xB595,
    0xBDB6, 0xBDD6, 0xBDD7, 0xC5F7, 0xC617, 0xC618, 0xC618, 0xC618,
    0x9B6A, 0x9B6A, 0x9B6A, 0x9B6A, 0x9B6A, 0x9B6A, 0x9B69, 0x9B69,
    0x9B69, 0x9B69, 0x9B69, 0x9B69, 0x9B69, 0x9B69, 0x9B69, 0x9B69,
    0x9B69, 0x9B69, 0xA369, 0xA369, 0xA369, 0xA369, 0xA389, 0xA389,
    0xA389, 0xA389, 0xA389, 0xA389, 0xA389, 0xA3A9, 0xA3A9, 0xA3A9,
    0xA3A9, 0xA3A9, 0xA3A9, 0xA3A9, 0xA3A9, 0xA3A9, 0xA3A9, 0xA3A9,
    0xA3A9, 0xA3CA, 0xA3C9, 0xABCA, 0xABEA, 0xABEA, 0xB40A, 0xB40B,
    0xB40B, 0xB42B, 0xB42B, 0xB44B, 0xB44B, 0xBC6C, 0xBC6C, 0xBC8C,
    0xBC8D, 0xC4AD, 0xC4CD, 0xC4CD, 0xC4CD, 0xBCAD, 0xBC8D, 0xBC6C,
    0xB44B, 0xB42B, 0xB44B, 0xBC6C, 0xBCAE, 0xBCCF, 0xBCCF, 0xBCF0,
    0xBD12, 0xBD54, 0xBD75, 0xC5B7, 0xC5D8, 0xC5F9, 0xC619, 0xC65B,
    0xCE39, 0xCD0E, 0xDD0B, 0xE56D, 0xE56D, 0xE58D, 0xDD0B, 0xDD2B,
    0xE5AF, 0xF695, 0xF6B6, 0xF695, 0xF6B5, 0xF695, 0xF695, 0xF695,
    0xF653, 0xEDF1, 0xDD4F, 0xCCAE, 0x3903, 0x0800, 0x1000, 0x1000,
    0x5082, 0x7103, 0x8164, 0x8965, 0x8165, 0x8965, 0x8164, 0x7944,
    0x7123, 0x7103, 0x60C2, 0x58A2, 0x4881, 0x4881, 0x5081, 0x5081,
    0x5081, 0x4861, 0x4040, 0x3840, 0x2820, 0x1000, 0x0800, 0x1000,
    0x1000, 0x1000, 0x0800, 0x0800, 0x0800, 0x0000, 0x0000, 0x0000,
    0x0800, 0x61C4, 0x92E6, 0xA368, 0xABC9, 0xBC2A, 0xC48C, 0xCCED,
    0xD50E, 0xD50E, 0xD52E, 0xD52E, 0xD52E, 0xD52E, 0xD52E, 0xD52E,
    0xCCAA, 0xD4A9, 0xDCEA, 0xDD2B, 0xDD0B, 0xE54C, 0xD4A9, 0xB324,
    0x9A41, 0xAA81, 0xB2C2, 0xAAA2, 0xB2C2, 0xBB22, 0xC363, 0xD405,
    0xED8B, 0xEE53, 0xCE38, 0xC618, 0xC618, 0xBDF7, 0xBDD7, 0xB5B6,
    0xB5B6, 0xB595, 0xAD95, 0xAD74, 0xAD74, 0xAD74, 0xAD74, 0xAD54,
    0xAD74, 0xA574, 0xAD74, 0xAD54, 0xAD74, 0xAD74, 0xAD74, 0xAD95,
    0xB595, 0xB5B6, 0xBDD6, 0xBDD7, 0xBDF8, 0xC618, 0xC618, 0xC618,
    0xBDF7, 0xBDD6, 0xB594, 0xAD72, 0xA550, 0x9D0E, 0x94ED, 0x9D0E,
    0x9D2F, 0xA551, 0xAD73, 0xB594, 0xB5B6, 0xBDD7, 0xC5F7, 0xC5F8,
    0xBDD7, 0xB595, 0xA554, 0x9CF1, 0x8C8F, 0x7C2C, 0x6BC8, 0x5B86,
    0x5B86, 0x6BC9, 0x7C4C, 0x8C8E, 0x94D0, 0x9D11, 0xA533, 0xAD74,
    0xB595, 0xB5B5, 0xBDB6, 0xBDD7, 0xC5F7, 0xC5F8, 0xC618, 0xC618,
    0x9B8B, 0x9B8A, 0x9B8A, 0x9B8A, 0x9B8A, 0x9B8A, 0x9B8A, 0x9B8A,
    0x9B8A, 0x9B8A, 0x9B8A, 0x9B8A, 0x9B8A, 0x9B8A, 0x9B8A, 0x9B8A,
    0x9B8A, 0xA38A, 0xA38A, 0xA38A, 0xA38A, 0xA389, 0xA389, 0xA3AA,
    0xA3AA, 0xA3AA, 0xA3AA, 0xA3AA, 0xA3CA, 0xABCA, 0xA3CA, 0xABCA,
    0xABCA, 0xA3CA, 0xA3CA, 0xA3CA, 0xA3CA, 0xA3CA, 0xABEA, 0xABEA,
    0xAC0B, 0xB44C, 0xB44C, 0xB42B, 0xB42B, 0xBC4C, 0xB42B, 0xB42B,
    0xB42B, 0xB42B, 0xB44B, 0xB44B, 0xB44B, 0xBC6C, 0xBC6C, 0xBC8C,
    0xBCAC, 0xC4AD, 0xC4CD, 0xC4EE, 0xC4CE, 0xBCAD, 0xBCAD, 0xBC6C,
    0xB44C, 0xB42B, 0xB44B, 0xBC6C, 0xBCCE, 0xBCCF, 0xBCCF, 0xBCF0,
    0xBD12, 0xBD54, 0xBD75, 0xBDB7, 0xC5D8, 0xC5F9, 0xC63A, 0xC63A,
    0xC65B, 0xCE5A, 0xCDD5, 0xDDF3, 0xE58D, 0xE58D, 0xDD4C, 0xDD2C,
    0xDD2C, 0xEE11, 0xF6B6, 0xF695, 0xF695, 0xF6B5, 0xF695, 0xF695,
    0xF653, 0xEE33, 0xE590, 0xDD0E, 0x82E9, 0x1000, 0x1800, 0x3040,
    0x68E3, 0x8965, 0x99C6, 0x99E6, 0xA1E6, 0x99C6, 0x91A5, 0x9185,
    0x8985, 0x8164, 0x7924, 0x68E2, 0x58C2, 0x58C2, 0x60C2, 0x60C2,
    0x60C2, 0x58C2, 0x50A2, 0x5081, 0x4881, 0x3840, 0x1820, 0x0800,
    0x1000, 0x0800, 0x0800, 0x0800, 0x0800, 0x0800, 0x0000, 0x0000,
    0x51A4, 0x9327, 0xA368, 0xB3EA, 0xBC4B, 0xCCAC, 0xCCED, 0xD52E,
    0xD50E, 0xD52E, 0xD54F, 0xD50E, 0xD52E, 0xD52E, 0xD50E, 0xD4CB,
    0xD4A9, 0xD4A8, 0xDCEA, 0xDD2B, 0xDD0A, 0xDD0B, 0xCC48, 0xA2A2,
    0xA261, 0xA281, 0xAAC2, 0xAAA1, 0xBB02, 0xC342, 0xDC46, 0xE529,
    0xEDEF, 0xD658, 0xBE19, 0xC618, 0xBDF8, 0xBDD7, 0xB5B6, 0xAD95,
    0xAD74, 0xA554, 0xA553, 0xA533, 0xA532, 0xA532, 0xA532, 0xA532,
    0xA532, 0x9D32, 0x9D32, 0x9D12, 0x9D12, 0x9D32, 0xA533, 0xA553,
    0xAD74, 0xAD75, 0xB595, 0xB5B6, 0xBDD7, 0xBDF7, 0xC5F7, 0xBDF7,
    0xBDD6, 0xB5B5, 0xAD93, 0xA551, 0x9D2E, 0x94EB, 0x8CCA, 0x94EB,
    0x9D0E, 0xA531, 0xAD73, 0xB594, 0xBDD6, 0xBDF7, 0xC5F8, 0xC618,
    0xBDF7, 0xB5B6, 0xAD54, 0x9D12, 0x8CAF, 0x7C2C, 0x6BC9, 0x5B87,
    0x5B87, 0x6BC9, 0x7C2B, 0x846D, 0x8C8E, 0x94D0, 0x9CF1, 0xA533,
    0xAD74, 0xB595, 0xB595, 0xBDB6, 0xBDD7, 0xC5F8, 0xC618, 0xC618,
    0x9BAB, 0x9BAB, 0x9BAB, 0x9BAB, 0x9BAB, 0x9BAB, 0x9BAB, 0x9BAB,
    0x9BAB, 0x9BAB, 0x9BAB, 0x9BAB, 0x9BAB, 0x9BAB, 0xA3AB, 0xA3AA,
    0xA3AA, 0xA3AA, 0xA3AA, 0xA3AA, 0xA3AA, 0xA3AA, 0xA3AA, 0xABCA,
    0xABCA, 0xABCA, 0xABCA, 0xABCA, 0xABCA, 0xABEA, 0xABEA, 0xABEA,
    0xABEA, 0xABEA, 0xA3CA, 0xABEB, 0xBC6C, 0xBC6D, 0xC48E, 0xBC6E,
    0xBC6E, 0xB40C, 0xA3AA, 0xA3AB, 0xBC6E, 0xBC4D, 0xBC6D, 0xC48D,
    0xBC6C, 0xB44B, 0xB44C, 0xB46C, 0xBC6C, 0xBC6C, 0xBC8C, 0xBC8C,
    0xBCAD, 0xC4AD, 0xC4CE, 0xC4EE, 0xC4EE, 0xC4CD, 0xBCAD, 0xBC8C,
    0xB44C, 0xB44B, 0xB44B, 0xBC8C, 0xBCCE, 0xBCEF, 0xBCCF, 0xBCF0,
    0xBD12, 0xBD54, 0xBD75, 0xBD97, 0xC5D8, 0xC5F9, 0xC63A, 0xC63A,
    0xC63A, 0xC63A, 0xC65A, 0xCE5A, 0xDE14, 0xE5D0, 0xE58D, 0xE54C,
    0xDD2B, 0xE56E, 0xF695, 0xF6B6, 0xF6B5, 0xF6B6, 0xF695, 0xF694,
    0xF694, 0xF653, 0xEDD1, 0xDD4F, 0xCCAE, 0x5144, 0x1800, 0x4881,
    0x7944, 0x99C6, 0xAA27, 0xAA28, 0xAA27, 0xAA07, 0xA207, 0xA1E6,
    0x99C6, 0x91A5, 0x8965, 0x7923, 0x6903, 0x7123, 0x7123, 0x7123,
    0x6903, 0x68E3, 0x60E2, 0x58C2, 0x50A2, 0x5081, 0x4861, 0x2020,
    0x0800, 0x0800, 0x0800, 0x0800, 0x0800, 0x0800, 0x0000, 0x4123,
    0x9308, 0xABA9, 0xB3EA, 0xC48C, 0xCCCD, 0xD52E, 0xD52E, 0xD54F,
    0xD52E, 0xD52E, 0xDD4F, 0xD52E, 0xD52E, 0xD52E, 0xD4CB, 0xCC68,
    0xD4A8, 0xD4C9, 0xDCCA, 0xDD0B, 0xDCEA, 0xDD0B, 0xC407, 0xA261,
    0xA281, 0xA281, 0xA281, 0xBB22, 0xC363, 0xD467, 0xE529, 0xE5AE,
    0xDE56, 0xC639, 0xC618, 0xBDF8, 0xB5D7, 0xB5B6, 0xAD95, 0xA574,
    0xA533, 0x9D12, 0x9D11, 0x94F1, 0x94F1, 0x9CF1, 0x9D11, 0x9D11,
    0x9D11, 0x9D11, 0x94F0, 0x94F0, 0x94F0, 0x94F0, 0x94F1, 0x9D11,
    0x9D12, 0xA553, 0xAD74, 0xAD95, 0xB5B6, 0xBDD6, 0xBDD6, 0xBDD6,
    0xB5B5, 0xB5B4, 0xAD72, 0xA530, 0x950D, 0x8CE9, 0x8CC9, 0x94EB,
    0x9D0E, 0xA551, 0xAD73, 0xB5B5, 0xBDD6, 0xC5F7, 0xC618, 0xC618,
    0xBDF7, 0xB5B6, 0xAD74, 0x9D13, 0x8CB0, 0x7C4D, 0x6BEA, 0x63A7,
    0x5B86, 0x63A8, 0x73EA, 0x7C2B, 0x844D, 0x846E, 0x8CAF, 0x9CF1,
    0xA533, 0xAD54, 0xB575, 0xB5B6, 0xBDD7, 0xC5F8, 0xC618, 0xC618,
    0xA3EC, 0xA3CC, 0x9BCC, 0x9BCC, 0x9BCC, 0x9BAC, 0x9BAC, 0x9BAC,
    0x9BAC, 0x93AD, 0x9BAD, 0x9BAD, 0x9BAD, 0x9BAC, 0x9BAC, 0xA3CB,
    0xA3AB, 0xA3CB, 0xABCB, 0xABCB, 0xABEB, 0xABEB, 0xABCA, 0xABEB,
    0xABEB, 0xABEB, 0xABEB, 0xABEB, 0xAC0B, 0xAC0B, 0xAC0B, 0xAC0B,
    0xABEA, 0xAC0B, 0xBC6D, 0xCCCE, 0xBC4D, 0xA3AB, 0x9329, 0x7A67,
    0x7246, 0x61C4, 0x6183, 0x5983, 0x7205, 0x7205, 0x8266, 0xA38A,
    0xC48D, 0xBC8D, 0xB46C, 0xB46C, 0xBC6C, 0xBC6C, 0xBC8C, 0xBC8D,
    0xBCAD, 0xC4CD, 0xC4CE, 0xC4EE, 0xC4EE, 0xBCCD, 0xBCAD, 0xBC8C,
    0xBC6C, 0xB44B, 0xB44B, 0xBC8D, 0xBCCE, 0xBCEF, 0xBCCF, 0xBCF0,
    0xBD12, 0xBD54, 0xBD75, 0xBD97, 0xC5D8, 0xC5F9, 0xC63A, 0xC63A,
    0xC63A, 0xC63A, 0xC63A, 0xC63A, 0xCE3A, 0xD638, 0xDDF4, 0xE5AF,
    0xE56C, 0xDD4D, 0xEE12, 0xF6D7, 0xF6D7, 0xF6D6, 0xF6B6, 0xF694,
    0xF6B5, 0xF694, 0xF633, 0xEDB1, 0xE590, 0xBC4D, 0x2040, 0x5082,
    0x9185, 0xAA27, 0xBA69, 0xC2A9, 0xC289, 0xBA89, 0xB268, 0xB248,
    0xAA07, 0xA1E6, 0x91A5, 0x8164, 0x8144, 0x8165, 0x8164, 0x8164,
    0x8144, 0x7923, 0x7103, 0x68E3, 0x60C2, 0x60C2, 0x50A1, 0x3840,
    0x0800, 0x0800, 0x0800, 0x0800, 0x0800, 0x0000, 0x30E2, 0x9B28,
    0xABA9, 0xBC0A, 0xC48C, 0xCCED, 0xD52E, 0xD52F, 0xDD4F, 0xDD70,
    0xD52E, 0xD50E, 0xDD4F, 0xD52E, 0xD50D, 0xD4CB, 0xCC89, 0xD488,
    0xD4A8, 0xD4A9, 0xD4C9, 0xD4EA, 0xDCEA, 0xDCEA, 0xC3E6, 0xA280,
    0xAAA0, 0xB2C1, 0xBB22, 0xCBE5, 0xD488, 0xE54B, 0xE5AF, 0xDE57,
    0xCE59, 0xC639, 0xC618, 0xBDD7, 0xB5B6, 0xB596, 0xAD74, 0xA553,
    0x9D11, 0x94D0, 0x8CCF, 0x8CCF, 0x94CF, 0x94CF, 0x94F0, 0x94F0,
    0x94F0, 0x94F0, 0x94CF, 0x8CAF, 0x8CAF, 0x8CAE, 0x8CAF, 0x8CAF,
    0x94D0, 0x94F1, 0x9D32, 0xA553, 0xAD74, 0xAD95, 0xAD95, 0xAD94,
    0xAD94, 0xAD73, 0xA551, 0x9D2E, 0x94EB, 0x8CC8, 0x8CC8, 0x94EB,
    0x9D2F, 0xA572, 0xB594, 0xB5B6, 0xBDF7, 0xC618, 0xC618, 0xC618,
    0xBDF8, 0xB5B6, 0xAD75, 0x9D33, 0x8CB0, 0x7C4E, 0x6BEA, 0x6387,
    0x5B66, 0x5B87, 0x63A8, 0x6BC9, 0x73EB, 0x740C, 0x844D, 0x94B0,
    0x9CF2, 0xA533, 0xAD75, 0xB596, 0xBDD7, 0xBDF7, 0xC618, 0xC618,
    0xA3ED, 0x9BED, 0x9BCD, 0x9BCC, 0x93AC, 0x93AD, 0x93AD, 0x8BAD,
    0x8BAE, 0x8BAF, 0x8BAF, 0x8BAF, 0x8BAF, 0x93AE, 0x93AD, 0x9BCD,
    0xA3CC, 0xABCB, 0xABEB, 0xABEB, 0xABEB, 0xABEB, 0xAC0B, 0xAC0B,
    0xAC0B, 0xAC0B, 0xAC0B, 0xB40B, 0xB42B, 0xB42B, 0xB42C, 0xAC0B,
    0xBC6D, 0xD531, 0xCCF0, 0x9B6B, 0x7246, 0x7226, 0x61C4, 0x61C4,
    0x61C4, 0x5163, 0x4102, 0x5142, 0x5142, 0x5963, 0x61A4, 0x69C4,
    0x7A25, 0xA38A, 0xC48D, 0xC4AD, 0xBC8D, 0xBC8C, 0xBC8C, 0xBCAD,
    0xBCAD, 0xC4CD, 0xC4EE, 0xC4EE, 0xC4EE, 0xC4CD, 0xBCAD, 0xBC8C,
    0xBC6C, 0xB44B, 0xBC4B, 0xBC8D, 0xBCCE, 0xBCCF, 0xBCCF, 0xBCF0,
    0xBD12, 0xBD54, 0xBD75, 0xBD97, 0xC5D8, 0xC5F9, 0xC61A, 0xC63A,
    0xC63A, 0xC63A, 0xC63A, 0xC63A, 0xC63A, 0xC63A, 0xC63A, 0xCE38,
    0xE5F2, 0xE5AE, 0xE5AF, 0xF6B6, 0xF6F8, 0xF6B6, 0xF695, 0xF6D7,
    0xF6B5, 0xF674, 0xF674, 0xF633, 0xE5B1, 0xE550, 0x6A26, 0x4041,
    0x99A6, 0xB248, 0xC2AA, 0xCAEB, 0xCAEA, 0xCACA, 0xC289, 0xBA89,
    0xBA48, 0xAA07, 0xA1E6, 0x9185, 0x9185, 0x91A5, 0x9185, 0x9185,
    0x8985, 0x8965, 0x8144, 0x7924, 0x7923, 0x7103, 0x60E2, 0x5081,
    0x1820, 0x0000, 0x0800, 0x1000, 0x0800, 0x30C2, 0x9B08, 0xB3CA,
    0xBC2B, 0xC48C, 0xCCED, 0xD50E, 0xD54F, 0xDD70, 0xDD4F, 0xDD70,
    0xD54F, 0xD52E, 0xD54F, 0xDD4F, 0xCCCB, 0xCC68, 0xD488, 0xD4A9,
    0xD4A9, 0xD488, 0xDCEA, 0xD4A9, 0xD4A9, 0xD489, 0xCC27, 0xC3C4,
    0xC3C4, 0xCC06, 0xD4A9, 0xDCC9, 0xE50A, 0xEDD0, 0xD658, 0xC659,
    0xC639, 0xC619, 0xBDF8, 0xB5D7, 0xB5B6, 0xAD75, 0xA554, 0x9D33,
    0x94F1, 0x8CCF, 0x8CAD, 0x8CAE, 0x8CAE, 0x94CF, 0x94CF, 0x94EF,
    0x94EF, 0x94CF, 0x8CCF, 0x8CAE, 0x848E, 0x846D, 0x846D, 0x846E,
    0x848E, 0x8CAF, 0x94F1, 0x9D12, 0xA533, 0xA553, 0xA553, 0xA553,
    0xA552, 0xA531, 0x9D2F, 0x950D, 0x8CC9, 0x84A7, 0x8CC8, 0x94EC,
    0x9D30, 0xAD73, 0xB595, 0xBDD6, 0xBDF7, 0xC618, 0xC618, 0xC618,
    0xBDF8, 0xB5B7, 0xAD75, 0x9D13, 0x8CB1, 0x7C4E, 0x6BEB, 0x5B87,
    0x5B46, 0x5B46, 0x5B67, 0x6388, 0x63A9, 0x6BAA, 0x73EB, 0x846E,
    0x94D1, 0xA513, 0xAD54, 0xB596, 0xB5B6, 0xBDD7, 0xC618, 0xC618,
    0x9C0E, 0x9BEE, 0x93CD, 0x93AD, 0x8BAD, 0x8BAE, 0x8BAE, 0x83AE,
    0x83AF, 0x7BB0, 0x7BB1, 0x7BB1, 0x83B0, 0x83B0, 0x93AF, 0x9BCE,
    0xA3ED, 0xABEC, 0xAC0B, 0xB40B, 0xB40B, 0xB40B, 0xB40B, 0xB40B,
    0xB40B, 0xB42B, 0xB42C, 0xB42C, 0xB42C, 0xB42C, 0xAC2B, 0xC4AE,
    0xDD72, 0xBC6E, 0x932A, 0x7246, 0x61E5, 0x61C4, 0x61C4, 0x5984,
    0x5163, 0x4922, 0x4902, 0x40E2, 0x5142, 0x5143, 0x5163, 0x5143,
    0x5122, 0x6183, 0x8AA7, 0xB3EB, 0xC4CE, 0xBCAD, 0xBCAD, 0xBCAD,
    0xC4CD, 0xC4CE, 0xC4EE, 0xC4EE, 0xC4EE, 0xC4CE, 0xBCAD, 0xBC8C,
    0xBC6C, 0xBC4B, 0xBC4B, 0xBC8D, 0xBCCE, 0xBCCF, 0xBCCF, 0xBCF0,
    0xBD12, 0xBD54, 0xBD75, 0xBD97, 0xC5B8, 0xC5F9, 0xC61A, 0xC63A,
    0xC63A, 0xC63A, 0xC63A, 0xC63A, 0xC63A, 0xC63A, 0xC63A, 0xC63A,
    0xCE39, 0xD636, 0xE5F2, 0xEE32, 0xF6F7, 0xFEF7, 0xF6F7, 0xFEF7,
    0xF6D6, 0xF6B5, 0xF695, 0xF674, 0xEE12, 0xE591, 0xCCAE, 0x6144,
    0x9185, 0xBA68, 0xCACA, 0xD32B, 0xD32B, 0xD30B, 0xCAEA, 0xCACA,
    0xC289, 0xBA68, 0xAA27, 0xA1E6, 0xAA07, 0xA1E7, 0xA1E6, 0xA1E6,
    0x99C6, 0x99C6, 0x91A5, 0x8985, 0x8964, 0x7944, 0x6903, 0x58A2,
    0x2020, 0x0800, 0x1000, 0x0800, 0x2881, 0x9B49, 0xB3EB, 0xBC2B,
    0xCC8C, 0xCCCD, 0xD52E, 0xD54F, 0xD54F, 0xDD6F, 0xDD70, 0xDD90,
    0xD52E, 0xD52E, 0xD52E, 0xD50D, 0xCC8A, 0xCC88, 0xCC68, 0xD4A9,
    0xD488, 0xD488, 0xD4AA, 0xD4A9, 0xD4A9, 0xCC68, 0xCC68, 0xD488,
    0xD4CA, 0xD4A9, 0xD4CA, 0xDD0A, 0xDDD1, 0xD658, 0xCE59, 0xC639,
    0xC639, 0xC618, 0xBDF8, 0xB5D7, 0xB596, 0xAD75, 0xA554, 0x9D33,
    0x9511, 0x8CCF, 0x8CCF, 0x94CF, 0x94D0, 0x94F0, 0x9CF0, 0x9D11,
    0x9CF1, 0x9CF0, 0x94F0, 0x94CF, 0x8C8E, 0x846E, 0x846D, 0x844D,
    0x846E, 0x8C8F, 0x8CAF, 0x94D0, 0x94F1, 0x9D11, 0x9D11, 0x9D11,
    0x9510, 0x94EF, 0x94ED, 0x8CCB, 0x84A8, 0x8486, 0x84A8, 0x94EC,
    0x9D30, 0xAD73, 0xB595, 0xBDB6, 0xBDF8, 0xBE18, 0xC618, 0xBE18,
    0xBDF8, 0xB5B7, 0xAD75, 0x9D13, 0x8CB1, 0x7C4E, 0x6BCB, 0x5B67,
    0x5326, 0x5325, 0x5325, 0x5326, 0x5B67, 0x6368, 0x6BCA, 0x7C2E,
    0x8CB1, 0x9CF2, 0xA554, 0xAD75, 0xB5B6, 0xBDD8, 0xC618, 0xC619,
    0x9C0F, 0x9BEE, 0x93CE, 0x8BAE, 0x83AE, 0x838E, 0x7B8F, 0x738F,
    0x7390, 0x6BB2, 0x6BB2, 0x6BB2, 0x6BB2, 0x73B1, 0x8BD0, 0x9BEF,
    0xA3EE, 0xB42D, 0xB42C, 0xBC4C, 0xBC4C, 0xBC4C, 0xB42C, 0xB42B,
    0xB42B, 0xB44C, 0xBC6D, 0xBC8D, 0xBC8D, 0xBC6D, 0xBC6D, 0xCCEF,
    0x9B6A, 0x82A8, 0x7A87, 0x7A87, 0x6A05, 0x4943, 0x5143, 0x4902,
    0x38E2, 0x38E2, 0x40C1, 0x4902, 0x4902, 0x4922, 0x38C1, 0x5142,
    0x40E1, 0x5142, 0x5142, 0x61A4, 0xA38A, 0xC4CE, 0xC4AD, 0xC4CD,
    0xC4CE, 0xC4EE, 0xC4EE, 0xC4EE, 0xC4EE, 0xC4CE, 0xBCAD, 0xBC8D,
    0xBC6C, 0xBC4B, 0xBC4B, 0xBC8C, 0xBCCE, 0xBCCF, 0xBCCF, 0xBCF0,
    0xBD12, 0xC554, 0xC575, 0xC597, 0xC5B8, 0xC5F9, 0xC619, 0xC63A,
    0xC63A, 0xC63A, 0xC63A, 0xC63A, 0xC63A, 0xC63A, 0xC63A, 0xC63A,
    0xC63A, 0xC65A, 0xD658, 0xEE11, 0xF674, 0xFF18, 0xFEF8, 0xF6F7,
    0xF695, 0xF695, 0xF694, 0xF694, 0xF633, 0xEDD1, 0xE590, 0xB40C,
    0x8965, 0xBA69, 0xCB0B, 0xDB4C, 0xDB6C, 0xDB6C, 0xD32B, 0xD30B,
    0xCAEA, 0xC2A9, 0xBA89, 0xB227, 0xBA68, 0xBA48, 0xB248, 0xB228,
    0xAA27, 0xAA07, 0xA1E7, 0x99C6, 0x91A5, 0x8965, 0x7123, 0x58C2,
    0x2020, 0x1000, 0x1000, 0x2861, 0x9B08, 0xBC2C, 0xC46D, 0xD4EE,
    0xD52F, 0xD52F, 0xDD70, 0xDD70, 0xDD70, 0xDD4F, 0xDD70, 0xDD6F,
    0xD52E, 0xD4ED, 0xCC8A, 0xCC69, 0xCC68, 0xCC68, 0xD468, 0xCC68,
    0xC3E6, 0xB344, 0xAB03, 0xCC48, 0xD4A9, 0xD489, 0xD4A9, 0xD4CA,
    0xCC68, 0xCC27, 0xD4A9, 0xDDD2, 0xCE79, 0xC65A, 0xC65A, 0xC639,
    0xC619, 0xBDF8, 0xBDD7, 0xB5B7, 0xB596, 0xAD95, 0xA574, 0xA553,
    0x9D32, 0x9D11, 0x9D11, 0x9D12, 0x9D32, 0xA532, 0xA533, 0xA553,
    0xA553, 0xA533, 0x9D12, 0x9CF1, 0x94D0, 0x8CAF, 0x848E, 0x846D,
    0x844D, 0x846E, 0x848F, 0x8C8F, 0x8CAF, 0x8CAF, 0x8CAF, 0x8CAE,
    0x8CAE, 0x8CAC, 0x8CAB, 0x8489, 0x7C66, 0x7C65, 0x8488, 0x8CCC,
    0x9D10, 0xA573, 0xAD95, 0xB5B6, 0xBDD7, 0xBDF8, 0xBE18, 0xBE18,
    0xBDF8, 0xB5B7, 0xAD75, 0x9D14, 0x8CB1, 0x7C2E, 0x6BCB, 0x5B47,
    0x4B05, 0x4B04, 0x4AE4, 0x4AE4, 0x4B05, 0x5326, 0x6389, 0x740D,
    0x8C90, 0x9CF2, 0xA534, 0xAD75, 0xB5B7, 0xBDF8, 0xC619, 0xC619,
    0x9C2F, 0x9C0F, 0x93EE, 0x8BCE, 0x83AE, 0x7B8F, 0x738F, 0x6B90,
    0x5B92, 0x53B3, 0x53B4, 0x53B4, 0x53B4, 0x63B3, 0x83D1, 0x93F0,
    0xA42F, 0xB44D, 0xBC6D, 0xC48D, 0xC48C, 0xC46C, 0xCCCE, 0xC4AE,
    0xCCCE, 0xC48E, 0xC48E, 0xC48E, 0xABEB, 0xB42C, 0xABEB, 0x9309,
    0x9B4A, 0x9329, 0x7A87, 0x7226, 0x59A4, 0x59A4, 0x4102, 0x4102,
    0x4102, 0x4102, 0x4922, 0x5143, 0x4102, 0x38E2, 0x2880, 0x38C1,
    0x4922, 0x5142, 0x61C4, 0x4922, 0x61A3, 0x9B28, 0xCCEE, 0xC4EE,
    0xC4CE, 0xC4EE, 0xC4EE, 0xC4EE, 0xC4EE, 0xC4CE, 0xBCAD, 0xBC8D,
    0xBC6C, 0xBC6B, 0xBC4B, 0xBC8C, 0xBCCE, 0xC4CF, 0xBCCF, 0xBCF0,
    0xBD11, 0xBD54, 0xC575, 0xC597, 0xC5D8, 0xC5F9, 0xC619, 0xC63A,
    0xC63A, 0xC63A, 0xC63A, 0xC63A, 0xC63A, 0xC63A, 0xC63A, 0xC63A,
    0xC63A, 0xC63A, 0xD638, 0xED8C, 0xEDAE, 0xFF18, 0xFF39, 0xF6F7,
    0xF6B6, 0xF674, 0xF6B5, 0xF6B5, 0xF674, 0xF633, 0xEDB0, 0xE570,
    0xB36B, 0xA207, 0xCAEB, 0xDB6C, 0xDB8D, 0xE3AD, 0xE38D, 0xDB4C,
    0xD30B, 0xD30B, 0xCACA, 0xC2A9, 0xCACA, 0xC2CA, 0xC2A9, 0xBA69,
    0xBA68, 0xB248, 0xB248, 0xAA07, 0x99C6, 0x91A5, 0x7923, 0x50A1,
    0x2000, 0x1000, 0x2020, 0x9B08, 0xCC8D, 0xCCAD, 0xD50E, 0xD52F,
    0xDD4F, 0xDD70, 0xDD90, 0xDD90, 0xDD90, 0xDD70, 0xD54F, 0xD52E,
    0xD4ED, 0xCC49, 0xCC27, 0xCC48, 0xD468, 0xD488, 0xD489, 0xAB03,
    0xA2A2, 0x9220, 0xA240, 0xC3C5, 0xD4A9, 0xD4EB, 0xD4AA, 0xBB85,
    0xBB02, 0xCC69, 0xD637, 0xD659, 0xCE5A, 0xCE5A, 0xC63A, 0xC639,
    0xBE19, 0xBDF8, 0xBDF8, 0xB5D7, 0xB5B6, 0xB596, 0xAD95, 0xA575,
    0xA554, 0xA554, 0xA554, 0xAD74, 0xAD74, 0xAD74, 0xAD75, 0xAD75,
    0xAD75, 0xAD74, 0xA553, 0x9D12, 0x9CF2, 0x94D1, 0x8CB0, 0x848F,
    0x846E, 0x844D, 0x844D, 0x846D, 0x846D, 0x846D, 0x846D, 0x846C,
    0x7C4B, 0x7C4A, 0x7C48, 0x7C26, 0x7424, 0x7424, 0x7C47, 0x8CAC,
    0x94EF, 0x9D32, 0xAD74, 0xB596, 0xB5D7, 0xBDF8, 0xBE19, 0xBE19,
    0xBDF8, 0xB5B7, 0xA576, 0x9D14, 0x8CB2, 0x7C2F, 0x6BAB, 0x5347,
    0x4AE4, 0x4AE4, 0x4AE4, 0x42C4, 0x4AC4, 0x5326, 0x6389, 0x73ED,
    0x8C70, 0x9CF3, 0xA554, 0xAD76, 0xBDB7, 0xBDF8, 0xBE19, 0xC619,
    0xA44F, 0xA44F, 0x9C2E, 0x940E, 0x93EE, 0x83AE, 0x7B8F, 0x6391,
    0x5392, 0x4394, 0x3BB5, 0x3BB5, 0x3BB5, 0x53B4, 0x7BD3, 0x9411,
    0xAC50, 0xBC8E, 0xC48D, 0xC4AD, 0xD52F, 0xE5D2, 0xDD72, 0xC4AF,
    0xA38B, 0x8AE9, 0x8AC8, 0x7226, 0x61A4, 0x5143, 0x5984, 0x8287,
    0x9309, 0x7247, 0x7267, 0x5184, 0x5984, 0x5143, 0x4923, 0x38C1,
    0x40E2, 0x4922, 0x3902, 0x40E2, 0x38E2, 0x2881, 0x40E2, 0x4902,
    0x40E2, 0x4943, 0x5163, 0x4102, 0x4922, 0x61A4, 0xA3AA, 0xCD0F,
    0xC4EE, 0xC4EE, 0xC4EE, 0xCD0E, 0xC4EE, 0xC4EE, 0xBCAD, 0xBC8C,
    0xBC6C, 0xBC4B, 0xBC4B, 0xBC8C, 0xC4CE, 0xC4EF, 0xBCCF, 0xBCEF,
    0xBD11, 0xBD33, 0xBD75, 0xBD97, 0xC5D8, 0xC5F9, 0xC619, 0xC63A,
    0xC63A, 0xC63A, 0xC63A, 0xC63A, 0xC63A, 0xC63A, 0xC63A, 0xC63A,
    0xC63A, 0xC63A, 0xCE3A, 0xE56D, 0xECA7, 0xF611, 0xFF7B, 0xFF18,
    0xF6B6, 0xF674, 0xF6B5, 0xF6B5, 0xF694, 0xF673, 0xEE12, 0xEDD1,
    0xE570, 0xB36A, 0xB268, 0xD34C, 0xDBAD, 0xE3CE, 0xE3CE, 0xDB6D,
    0xDB4C, 0xDB2B, 0xD30B, 0xD32B, 0xD32B, 0xD32B, 0xCB0B, 0xCAEA,
    0xC2A9, 0xC289, 0xBA89, 0xB268, 0xA207, 0x91A6, 0x7923, 0x3841,
    0x1000, 0x40C2, 0x9B08, 0xCC8D, 0xD4EE, 0xD4EE, 0xDD50, 0xDD70,
    0xDD70, 0xDD90, 0xDD90, 0xDD90, 0xDD70, 0xD54F, 0xD52E, 0xCCCC,
    0xCC49, 0xCC27, 0xCC47, 0xD468, 0xD488, 0xC3E6, 0xB323, 0x9A82,
    0x9220, 0xA260, 0xAAC1, 0xC3E6, 0xD4EA, 0xD489, 0xB303, 0xB366,
    0xCD30, 0xCE59, 0xCE7A, 0xCE5A, 0xC65A, 0xC65A, 0xC63A, 0xC639,
    0xC619, 0xBE18, 0xBDF8, 0xB5D7, 0xB5B7, 0xB5B6, 0xB5B6, 0xAD96,
    0xAD96, 0xAD96, 0xB5B6, 0xB5B6, 0xB5B6, 0xB5B6, 0xB5B6, 0xB5B6,
    0xB5B6, 0xB595, 0xAD74, 0xA554, 0x9D12, 0x9D12, 0x94D1, 0x8CB0,
    0x846F, 0x844E, 0x7C4D, 0x7C2C, 0x7C2C, 0x7C0B, 0x740B, 0x740A,
    0x73E9, 0x6BE8, 0x6BE6, 0x6BE4, 0x6BE1, 0x6BE2, 0x7407, 0x846B,
    0x8CCF, 0x9D11, 0xA554, 0xAD75, 0xB5B7, 0xBDD8, 0xBE19, 0xBE19,
    0xBDF8, 0xB5B7, 0xA576, 0x9D14, 0x8C92, 0x7C2F, 0x63AB, 0x5326,
    0x4AE4, 0x42C4, 0x42C4, 0x42C3, 0x4AE4, 0x5347, 0x6BAB, 0x7C2E,
    0x8CB1, 0x9D14, 0xAD55, 0xB596, 0xBDD8, 0xBDF8, 0xBE19, 0xBE19,
    0xAC6E, 0xAC8E, 0xAC6D, 0xA44D, 0x9C0D, 0x8BCE, 0x7BAF, 0x6B91,
    0x4B93, 0x2B95, 0x1BB7, 0x1BB7, 0x23B6, 0x43B5, 0x73F4, 0x9432,
    0xAC91, 0xBCAF, 0xCCEF, 0xE5B2, 0xD551, 0xAC0D, 0x9B4A, 0x61E5,
    0x61E5, 0x61C4, 0x5143, 0x4122, 0x4123, 0x38E2, 0x4923, 0x61C5,
    0x6A26, 0x6A26, 0x61C5, 0x4943, 0x5143, 0x5143, 0x4943, 0x40E2,
    0x38C1, 0x30A1, 0x30A1, 0x2060, 0x30A1, 0x38C1, 0x30A1, 0x40E1,
    0x40E1, 0x40E2, 0x4102, 0x40E2, 0x4902, 0x4902, 0x69E4, 0xB42B,
    0xC4EE, 0xC4EE, 0xC4EE, 0xCD0E, 0xC50E, 0xC4EE, 0xBCCD, 0xBC8C,
    0xBC6C, 0xBC4B, 0xBC4B, 0xBC8C, 0xC4CE, 0xC4CE, 0xBCCF, 0xBCEF,
    0xBD11, 0xBD33, 0xBD75, 0xBD97, 0xC5D8, 0xC5F9, 0xC619, 0xC63A,
    0xC63A, 0xC63A, 0xC63A, 0xC63A, 0xC63A, 0xC63A, 0xC63A, 0xC63A,
    0xC63A, 0xC63A, 0xC63B, 0xE5B0, 0xF549, 0xE4C9, 0xEE75, 0xFF7B,
    0xF6B5, 0xF695, 0xF675, 0xF653, 0xF653, 0xF653, 0xF653, 0xF632,
    0xEDB0, 0xE550, 0xC3CC, 0xBAA9, 0xD34C, 0xE3CE, 0xE3EE, 0xE3EE,
    0xE3AD, 0xDB6C, 0xDB4C, 0xDB8C, 0xDB6C, 0xDB6C, 0xDB4C, 0xD30B,
    0xCB0B, 0xCAEA, 0xC2CA, 0xBA89, 0xAA27, 0x8985, 0x68C2, 0x1800,
    0x40E2, 0xC40C, 0xDD0E, 0xD4EE, 0xDD4F, 0xDD70, 0xDD90, 0xDDB1,
    0xDD90, 0xDD90, 0xDDB0, 0xDD90, 0xDD6F, 0xD52E, 0xCCCB, 0xC428,
    0xCC27, 0xCC48, 0xD468, 0xCC68, 0xBBC5, 0xA281, 0x9A20, 0xA281,
    0xA2A1, 0xB301, 0xC383, 0xD488, 0xCC47, 0xBBC6, 0xC511, 0xCE5A,
    0xCE7B, 0xCE7B, 0xC65A, 0xC65A, 0xC65A, 0xC65A, 0xC63A, 0xC63A,
    0xC639, 0xBE19, 0xBDF8, 0xBDF8, 0xBDD7, 0xB5D7, 0xB5D7, 0xB5D7,
    0xB5D7, 0xB5D7, 0xBDD7, 0xBDF8, 0xBDF8, 0xBDF8, 0xBDF8, 0xBDD7,
    0xB5B7, 0xB5B6, 0xAD75, 0xAD74, 0xA534, 0x9D13, 0x94F1, 0x94B0,
    0x8C8F, 0x844E, 0x7C2D, 0x73EB, 0x6BEA, 0x6BCA, 0x6BA9, 0x6387,
    0x6387, 0x6365, 0x5B63, 0x5B81, 0x5B80, 0x63A2, 0x6BC6, 0x742A,
    0x848E, 0x94D0, 0x9D13, 0xA555, 0xAD96, 0xB5D7, 0xBDF9, 0xBE19,
    0xBDF8, 0xADB7, 0xA576, 0x94F4, 0x8491, 0x740F, 0x638B, 0x4B26,
    0x42E4, 0x42C3, 0x42C3, 0x42C4, 0x4B06, 0x5B69, 0x73ED, 0x8470,
    0x94D2, 0xA534, 0xAD76, 0xB5B7, 0xBDD8, 0xBDF9, 0xBDF9, 0xBDF8,
    0xB48E, 0xB4AC, 0xB4AC, 0xAC6C, 0xA42C, 0x93ED, 0x83CE, 0x73B0,
    0x5BB3, 0x33B5, 0x13B7, 0x13B7, 0x13B6, 0x3BD6, 0x7415, 0x9C73,
    0xACB1, 0xCD31, 0xE592, 0xCD10, 0x9329, 0x59A4, 0x51A4, 0x4943,
    0x4923, 0x4943, 0x5163, 0x4102, 0x38E2, 0x4102, 0x38C1, 0x38E1,
    0x59A4, 0x59C5, 0x59A4, 0x5984, 0x5983, 0x4923, 0x4923, 0x4102,
    0x38E2, 0x30A1, 0x2881, 0x2040, 0x2881, 0x2861, 0x38C1, 0x30A1,
    0x30A1, 0x40C1, 0x4102, 0x40E2, 0x5122, 0x4902, 0x5122, 0x8266,
    0xC4AD, 0xC4EE, 0xC50E, 0xCD0E, 0xCD0E, 0xC4EE, 0xBCAD, 0xBC8D,
    0xBC6C, 0xBC4B, 0xBC4B, 0xBC8C, 0xC4CE, 0xC4CE, 0xC4CE, 0xBCCF,
    0xBD11, 0xBD33, 0xBD75, 0xC596, 0xC5D8, 0xC5F9, 0xC619, 0xC63A,
    0xC63A, 0xC63A, 0xC63B, 0xC63A, 0xC63A, 0xC63A, 0xC63A, 0xC63A,
    0xC63A, 0xC63A, 0xC65B, 0xE5AF, 0xF54A, 0xED8C, 0xCC27, 0xF6F7,
    0xFEF7, 0xF675, 0xF674, 0xF674, 0xF694, 0xF695, 0xF694, 0xF653,
    0xF612, 0xEDB1, 0xE570, 0xD44D, 0xC34B, 0xD34C, 0xDB8D, 0xE3EE,
    0xE3EE, 0xDB8D, 0xDB6C, 0xE3CE, 0xDBAD, 0xDB6C, 0xDB6C, 0xDB4C,
    0xD32B, 0xCAEB, 0xC2CA, 0xBA89, 0xA1E7, 0x60C2, 0x3000, 0x8288,
    0xD4CE, 0xDD2F, 0xE570, 0xE590, 0xE5B0, 0xE5B1, 0xE590, 0xDD90,
    0xDD70, 0xE5B1, 0xDDB1, 0xDD90, 0xD54F, 0xD4EC, 0xCC28, 0xCC27,
    0xD488, 0xCC68, 0xD489, 0xC3E6, 0x9A61, 0x9A20, 0xA261, 0xAAC1,
    0xB2E1, 0xC383, 0xD4CA, 0xD54F, 0xCD93, 0xCE18, 0xCE9C, 0xC67B,
    0xCE5A, 0xCE5A, 0xC65A, 0xC65A, 0xC65A, 0xC65A, 0xC65A, 0xC63A,
    0xC63A, 0xC639, 0xC619, 0xBE19, 0xBDF8, 0xBDF8, 0xBE18, 0xBE18,
    0xBE19, 0xBE19, 0xC619, 0xC619, 0xC619, 0xBE18, 0xBE18, 0xBDD8,
    0xBDD7, 0xB5B7, 0xAD96, 0xAD75, 0xA554, 0x9D33, 0x9D12, 0x94D1,
    0x8C90, 0x846E, 0x7C2D, 0x73EB, 0x6BA9, 0x6368, 0x5B47, 0x5325,
    0x5323, 0x5302, 0x4B00, 0x4B00, 0x4B20, 0x5341, 0x6385, 0x6BC9,
    0x7C2C, 0x848F, 0x94D2, 0x9D34, 0xA575, 0xB5B7, 0xBDF8, 0xBE19,
    0xB5F8, 0xADB7, 0x9D55, 0x94F3, 0x8491, 0x740E, 0x5B8A, 0x4B06,
    0x42C3, 0x42C3, 0x42C3, 0x4AE5, 0x5327, 0x63AB, 0x7C2E, 0x8C91,
    0x9D13, 0xA555, 0xAD96, 0xB5B8, 0xBDD8, 0xBDD8, 0xB5D8, 0xB5B8,
    0xB4AD, 0xC4CB, 0xC4CB, 0xBCAB, 0xAC6C, 0xA42C, 0x93EE, 0x83D0,
    0x6BD2, 0x43B5, 0x1BB7, 0x13B7, 0x13B7, 0x43F6, 0x7435, 0x9C94,
    0xC574, 0xDDB3, 0xB42D, 0x8AE9, 0x6205, 0x51A4, 0x59A4, 0x4923,
    0x5143, 0x4943, 0x2881, 0x30C2, 0x30A1, 0x30A1, 0x38E2, 0x4102,
    0x5184, 0x4123, 0x5184, 0x5163, 0x38E2, 0x38E2, 0x4943, 0x4922,
    0x40E2, 0x38E2, 0x2881, 0x30C1, 0x2860, 0x2040, 0x30A1, 0x38C1,
    0x30A1, 0x38C1, 0x30A1, 0x40E2, 0x4902, 0x40E1, 0x38C1, 0x5122,
    0x9B69, 0xCD2F, 0xCD0F, 0xCD0F, 0xCD0F, 0xC4EE, 0xBCAD, 0xBC8D,
    0xBC6C, 0xBC4B, 0xBC4B, 0xBC8C, 0xC4CE, 0xC4CE, 0xC4CE, 0xBCCF,
    0xBD11, 0xC533, 0xBD75, 0xBD96, 0xC5D8, 0xC5F9, 0xC619, 0xC63A,
    0xC63A, 0xC63A, 0xC63A, 0xC63A, 0xC63A, 0xC63A, 0xC63A, 0xC63A,
    0xC63A, 0xC63A, 0xC65B, 0xEDCF, 0xF56A, 0xF5EE, 0xCBE4, 0xDD4E,
    0xFF38, 0xF6B6, 0xEE53, 0xEE33, 0xEE33, 0xF674, 0xF6B5, 0xF694,
    0xF673, 0xF612, 0xEDB0, 0xEDB0, 0xE550, 0xD42D, 0xD36C, 0xD34C,
    0xDB6D, 0xE3AD, 0xDB8D, 0xE3AD, 0xDB8D, 0xDB8D, 0xDB4C, 0xDB4C,
    0xD34C, 0xCAEA, 0xBA89, 0xA9E7, 0x8965, 0x79C5, 0xA36A, 0xED91,
    0xE590, 0xE590, 0xEDD1, 0xEDD1, 0xE570, 0xE5D1, 0xE5B1, 0xDD90,
    0xDDB1, 0xE5D2, 0xDDB1, 0xDD6F, 0xD4EC, 0xCC48, 0xCC68, 0xCC68,
    0xD489, 0xD4A9, 0xCC88, 0xB323, 0x9A40, 0xAA60, 0xB2A0, 0xBB43,
    0xCC6A, 0xD550, 0xD616, 0xCE7B, 0xCE9C, 0xC67B, 0xCE5B, 0xCE5B,
    0xCE5B, 0xCE5B, 0xCE5B, 0xC65A, 0xC65A, 0xC65A, 0xC65A, 0xC65A,
    0xC63A, 0xC63A, 0xC639, 0xC639, 0xC619, 0xC619, 0xC639, 0xC639,
    0xC639, 0xC639, 0xC639, 0xC639, 0xC619, 0xBE18, 0xBDF8, 0xBDD7,
    0xB5B7, 0xB5B6, 0xAD96, 0xAD75, 0xA554, 0xA533, 0x9D13, 0x9CF1,
    0x94B0, 0x8C8F, 0x844E, 0x7C0C, 0x6BCA, 0x6368, 0x5326, 0x4AE3,
    0x42C0, 0x42C0, 0x42C0, 0x42C0, 0x42E0, 0x4B00, 0x5324, 0x6388,
    0x6BCB, 0x7C2E, 0x8C90, 0x94F3, 0x9D34, 0xAD96, 0xB5B8, 0xBDD8,
    0xB5D8, 0xAD97, 0x9D35, 0x8CD3, 0x7C70, 0x73EE, 0x5B6A, 0x4B05,
    0x42C3, 0x42C3, 0x42C3, 0x4B06, 0x5B69, 0x6BEC, 0x844F, 0x94D2,
    0x9D14, 0xAD76, 0xAD97, 0xB5B8, 0xB5B8, 0xB5B7, 0xAD97, 0xAD97,
    0xC4CB, 0xCCEA, 0xCD0A, 0xC4CA, 0xBC8B, 0xAC4C, 0xA42D, 0x8BEF,
    0x73F2, 0x4BD5, 0x1BB7, 0x13B7, 0x13B7, 0x43F7, 0x7C55, 0xACF4,
    0xD572, 0xABEC, 0x8AC8, 0x7246, 0x5163, 0x5184, 0x4102, 0x30A1,
    0x4102, 0x30C1, 0x30C1, 0x30C1, 0x38E2, 0x38C1, 0x28A1, 0x28A1,
    0x30C2, 0x4943, 0x5163, 0x5163, 0x4923, 0x5143, 0x4943, 0x40E2,
    0x38C1, 0x30A1, 0x30A1, 0x2881, 0x2881, 0x3081, 0x2881, 0x3081,
    0x2861, 0x2881, 0x38E2, 0x40E2, 0x40E1, 0x40E1, 0x40E2, 0x40E1,
    0x69C4, 0xBC8D, 0xCD2F, 0xCD0F, 0xCD0F, 0xC4EE, 0xBCCD, 0xBC8D,
    0xBC6C, 0xBC4B, 0xBC6B, 0xBC8C, 0xC4AD, 0xC4CE, 0xC4CE, 0xBCCF,
    0xBD11, 0xBD33, 0xBD75, 0xBD96, 0xC5B8, 0xC5F8, 0xC619, 0xC63A,
    0xC63A, 0xC63A, 0xC63A, 0xC63A, 0xC63A, 0xC63A, 0xC63A, 0xC63A,
    0xC63A, 0xC63A, 0xC65B, 0xEE34, 0xFE50, 0xF60E, 0xDC86, 0xD467,
    0xF6D6, 0xFF18, 0xEE54, 0xEE12, 0xEE12, 0xEE53, 0xF695, 0xF653,
    0xF653, 0xF653, 0xEE12, 0xEDD1, 0xEDD1, 0xEDD1, 0xE591, 0xDC6E,
    0xD38C, 0xD32B, 0xCACA, 0xD2EB, 0xD30B, 0xD30B, 0xCACA, 0xCACA,
    0xCAA9, 0xBA68, 0xB288, 0xA268, 0xBBEC, 0xE570, 0xEDB1, 0xE5B1,
    0xE5B1, 0xEDF1, 0xEDF2, 0xEDF2, 0xE590, 0xDD70, 0xDD90, 0xDD90,
    0xE5B1, 0xE5D2, 0xDD70, 0xD4CC, 0xCC89, 0xD4AA, 0xD4A9, 0xCC89,
    0xD488, 0xCC68, 0xC3E5, 0xB2E2, 0xB302, 0xBBC7, 0xC4EE, 0xCDB4,
    0xCE7B, 0xCE7B, 0xCE7B, 0xC67B, 0xCE7B, 0xC67B, 0xC65B, 0xCE7B,
    0xCE7B, 0xC65B, 0xC65B, 0xC65B, 0xC65A, 0xC65B, 0xC65A, 0xC65A,
    0xC65A, 0xC63A, 0xC63A, 0xC63A, 0xC63A, 0xC63A, 0xC63A, 0xC63A,
    0xC63A, 0xC63A, 0xC639, 0xC619, 0xBE19, 0xBDF8, 0xBDD7, 0xB5D7,
    0xB5B6, 0xAD96, 0xAD75, 0xAD75, 0xA554, 0xA554, 0xA533, 0x9D13,
    0x94F1, 0x94B0, 0x846F, 0x7C2D, 0x73CB, 0x6389, 0x5326, 0x4AE3,
    0x42A0, 0x3A80, 0x3AA0, 0x3AA0, 0x3AA0, 0x42C0, 0x4AE1, 0x5B25,
    0x6389, 0x73EC, 0x7C4F, 0x8CB1, 0x94F3, 0xA555, 0xAD97, 0xB5B7,
    0xADB7, 0xAD96, 0x9D35, 0x8CB2, 0x7C50, 0x6BCD, 0x5349, 0x4AE4,
    0x42C3, 0x42C2, 0x42E4, 0x5327, 0x638B, 0x740E, 0x8491, 0x94F3,
    0xA535, 0xAD76, 0xAD97, 0xB597, 0xAD97, 0xAD76, 0xA556, 0xA535,
    0xCCEA, 0xD509, 0xDD29, 0xD4EA, 0xC4AB, 0xBC8B, 0xAC4D, 0x942F,
    0x7C12, 0x4BD5, 0x1BB7, 0x13B7, 0x13D7, 0x3BF7, 0x94B6, 0xD573,
    0xA3AC, 0x9B4A, 0x82A8, 0x5984, 0x5164, 0x38C2, 0x30C1, 0x38E2,
    0x38E2, 0x30A1, 0x38E2, 0x38C2, 0x38C2, 0x4102, 0x30C1, 0x2061,
    0x2881, 0x4923, 0x4943, 0x5184, 0x59A4, 0x4923, 0x30C1, 0x30A1,
    0x38C1, 0x30A1, 0x30A1, 0x2881, 0x2881, 0x2881, 0x3081, 0x2060,
    0x28A1, 0x2881, 0x30A1, 0x38C1, 0x4922, 0x5142, 0x40E2, 0x40E1,
    0x5142, 0xA3AA, 0xCD2F, 0xC50F, 0xCD0F, 0xC4EE, 0xC4CD, 0xBC8D,
    0xBC6C, 0xBC6B, 0xBC6B, 0xBC8C, 0xC4AD, 0xC4CE, 0xC4CE, 0xC4EF,
    0xBD11, 0xBD33, 0xC575, 0xC596, 0xC5B7, 0xC5F8, 0xC619, 0xC63A,
    0xC63A, 0xC63A, 0xC63A, 0xC63A, 0xC63A, 0xC63A, 0xC63B, 0xC63A,
    0xC63B, 0xC63A, 0xC65B, 0xEE96, 0xFE90, 0xF60E, 0xED4A, 0xDCC8,
    0xE5AF, 0xFF39, 0xF6B5, 0xEE33, 0xE5F2, 0xEE33, 0xEE33, 0xF674,
    0xF674, 0xF632, 0xF632, 0xF632, 0xF611, 0xEDD0, 0xEDF2, 0xEDF2,
    0xEDB1, 0xE551, 0xDC8F, 0xD42E, 0xD3AC, 0xD38C, 0xCBAC, 0xCBAC,
    0xCBEC, 0xD46E, 0xDD0F, 0xE570, 0xEDB1, 0xEDD1, 0xEDD1, 0xEDD1,
    0xEDF2, 0xEE12, 0xEDF1, 0xEDF2, 0xE5D1, 0xDD70, 0xDD90, 0xE5B1,
    0xE5F2, 0xDD90, 0xD4CB, 0xCC89, 0xD4A9, 0xD489, 0xCC06, 0xCC69,
    0xCCAB, 0xCCCC, 0xC510, 0xC553, 0xCDF6, 0xCE5A, 0xC69C, 0xC69C,
    0xC67B, 0xC67B, 0xC67B, 0xC67B, 0xC67B, 0xCE7B, 0xCE7B, 0xCE7B,
    0xC65B, 0xC65B, 0xC65B, 0xC65B, 0xC65A, 0xC65A, 0xC65A, 0xC65A,
    0xC65A, 0xC65A, 0xC65A, 0xC65A, 0xC65A, 0xC65A, 0xC63A, 0xC63A,
    0xC63A, 0xC63A, 0xC639, 0xC619, 0xBDF9, 0xBDD8, 0xB5B7, 0xB5B6,
    0xAD96, 0xAD75, 0xAD75, 0xA555, 0xA554, 0xA554, 0xA534, 0x9D33,
    0x9CF2, 0x94D1, 0x8C90, 0x7C2E, 0x73EC, 0x6389, 0x5B27, 0x4AE4,
    0x42C1, 0x3A80, 0x3A80, 0x3A80, 0x3A80, 0x3A80, 0x3AA0, 0x4AC3,
    0x5B27, 0x638A, 0x740D, 0x8470, 0x94D2, 0x9D14, 0xA556, 0xA576,
    0xA576, 0xA556, 0x9D14, 0x8CB2, 0x7C2F, 0x63AC, 0x5328, 0x42E4,
    0x42C2, 0x42C3, 0x4B05, 0x5B49, 0x6BAC, 0x7C2F, 0x8C91, 0x94F3,
    0x9D34, 0xA555, 0xAD76, 0xAD76, 0xA556, 0x9D35, 0x9D14, 0x94D3,
    0xCCE9, 0xDD28, 0xDD29, 0xDD29, 0xCCEA, 0xC4AB, 0xB46D, 0x9C4F,
    0x7C12, 0x4BD5, 0x1BB7, 0x13D7, 0x13B7, 0x4437, 0xCDB6, 0xC48E,
    0x8B09, 0x8B09, 0x59C5, 0x4964, 0x4102, 0x40E2, 0x4102, 0x3902,
    0x30A1, 0x30C1, 0x28A1, 0x30C1, 0x4102, 0x4102, 0x30C2, 0x28A1,
    0x2081, 0x38C2, 0x4923, 0x5184, 0x5163, 0x4922, 0x4923, 0x40E2,
    0x38C1, 0x38C2, 0x30A1, 0x3081, 0x30A1, 0x2881, 0x3081, 0x2861,
    0x30C1, 0x30A1, 0x2881, 0x38C1, 0x40E2, 0x4102, 0x4922, 0x5142,
    0x40C1, 0x7225, 0xC4AE, 0xC50F, 0xC50F, 0xC4EE, 0xC4CD, 0xBCAD,
    0xBC8C, 0xBC6B, 0xBC6B, 0xBC8C, 0xC4AD, 0xC4CE, 0xC4CE, 0xC4EF,
    0xC511, 0xC533, 0xC575, 0xC596, 0xC5B7, 0xC5F8, 0xC619, 0xC63A,
    0xC65A, 0xC63A, 0xC63A, 0xC63A, 0xC63A, 0xC63A, 0xC63A, 0xC63B,
    0xC63B, 0xC63A, 0xC63B, 0xE676, 0xF5AB, 0xF5CD, 0xE52A, 0xDD0A,
    0xDD0B, 0xE5D0, 0xF6D6, 0xEE53, 0xE5F2, 0xE5F2, 0xE5D1, 0xEE33,
    0xEE33, 0xEE33, 0xF653, 0xF633, 0xF632, 0xF632, 0xF5F1, 0xF5F2,
    0xEDD1, 0xEDD1, 0xEDF1, 0xEDD2, 0xEDB1, 0xEDD2, 0xF633, 0xEE13,
    0xEDF2, 0xEDF2, 0xEDD1, 0xEDD1, 0xEDD1, 0xEE12, 0xEE12, 0xEDF2,
    0xEDF2, 0xEDF2, 0xE5F2, 0xE5B1, 0xE5B0, 0xDD90, 0xDD90, 0xE613,
    0xDDB1, 0xD4CB, 0xD4AA, 0xD4EC, 0xD52E, 0xCD31, 0xCDB4, 0xCE17,
    0xCE39, 0xCE7A, 0xCE9C, 0xCE9C, 0xCE9C, 0xC67B, 0xC67B, 0xCE7B,
    0xC67B, 0xC67B, 0xC67B, 0xC67B, 0xC67B, 0xC67B, 0xC67B, 0xC67B,
    0xC65B, 0xC65B, 0xC65B, 0xC65A, 0xC65A, 0xC65A, 0xC65A, 0xC65A,
    0xC65A, 0xC65A, 0xC65A, 0xC65A, 0xC63A, 0xC63A, 0xC63A, 0xC63A,
    0xC63A, 0xC63A, 0xBE3A, 0xBE19, 0xBDF8, 0xB5D7, 0xADB7, 0xAD96,
    0xAD75, 0xA555, 0xA554, 0xA554, 0xA534, 0xA554, 0xA534, 0x9D33,
    0x9D13, 0x94D2, 0x8CB0, 0x846F, 0x740D, 0x6BAB, 0x5B69, 0x5306,
    0x4AE4, 0x42A1, 0x3A80, 0x3A80, 0x3A80, 0x3A80, 0x3A80, 0x3A80,
    0x4AC5, 0x5B28, 0x6BAC, 0x742F, 0x8C91, 0x94F3, 0x9D35, 0x9D35,
    0x9D35, 0x9D14, 0x94F3, 0x8491, 0x740F, 0x63AB, 0x4B06, 0x42E3,
    0x42C2, 0x42E3, 0x5327, 0x638A, 0x6BCD, 0x7C50, 0x8C91, 0x94D3,
    0x9CF4, 0xA535, 0xA556, 0xA555, 0x9D14, 0x94D3, 0x8CB2, 0x8471,
    0xCCC9, 0xDD08, 0xDD28, 0xDD29, 0xD4EA, 0xC4AB, 0xB46D, 0x9C2F,
    0x7C12, 0x4BD5, 0x1BB7, 0x1BD7, 0x2C18, 0xB5B7, 0xC46E, 0x8AE9,
    0xA3CC, 0x7267, 0x4964, 0x4123, 0x40E2, 0x4943, 0x38E2, 0x38C2,
    0x38C2, 0x30C2, 0x38C2, 0x38E2, 0x38E2, 0x28A1, 0x38E2, 0x38C2,
    0x2081, 0x28A1, 0x4123, 0x4923, 0x4922, 0x4923, 0x4923, 0x4102,
    0x2061, 0x30C1, 0x30A1, 0x38E2, 0x30A1, 0x2881, 0x38C1, 0x30A1,
    0x2881, 0x38E2, 0x38C1, 0x30A1, 0x2881, 0x30A1, 0x5122, 0x5142,
    0x38C1, 0x5942, 0xABCA, 0xCD0F, 0xC50F, 0xC4EE, 0xC4CE, 0xBCAD,
    0xBC8C, 0xBC6B, 0xBC6B, 0xBC8C, 0xC4AD, 0xC4CE, 0xC4CE, 0xC4EE,
    0xC510, 0xBD33, 0xBD54, 0xBD96, 0xC5D7, 0xC5F8, 0xC619, 0xC63A,
    0xC63A, 0xC63A, 0xC63A, 0xC63A, 0xC63A, 0xC63A, 0xC63A, 0xC63A,
    0xC63B, 0xC63A, 0xC65B, 0xDE16, 0xE446, 0xDC88, 0xD447, 0xC3C5,
    0xDCC9, 0xDCEA, 0xE5D0, 0xF6B6, 0xEE33, 0xE5B1, 0xE5D1, 0xE5F1,
    0xE5D1, 0xE5D1, 0xEE33, 0xEE33, 0xF653, 0xF633, 0xF632, 0xF612,
    0xEDF1, 0xEDD0, 0xED90, 0xEDB0, 0xEDB0, 0xEDB1, 0xF5F2, 0xF5F1,
    0xEDF2, 0xEDD1, 0xEDF1, 0xF633, 0xEE33, 0xEDF2, 0xEE12, 0xEDD2,
    0xE5D2, 0xE5D1, 0xE590, 0xDD70, 0xDD90, 0xE5D2, 0xE5F2, 0xDD90,
    0xDD2D, 0xE54D, 0xD592, 0xCE39, 0xCE7A, 0xCE9C, 0xCE9C, 0xCE9C,
    0xCE9B, 0xCE9B, 0xCE7B, 0xCE7B, 0xC67B, 0xC67B, 0xC67B, 0xC67B,
    0xC67B, 0xC67B, 0xC67B, 0xC67B, 0xC67B, 0xC67B, 0xC67B, 0xC65B,
    0xC65B, 0xC65B, 0xC65B, 0xC65B, 0xC65B, 0xC65A, 0xC65A, 0xC65A,
    0xC65A, 0xC63A, 0xC63A, 0xC63A, 0xC63A, 0xC63A, 0xC63A, 0xC63A,
    0xC63A, 0xC63A, 0xBE19, 0xBDF9, 0xB5D8, 0xB5B7, 0xAD96, 0xAD76,
    0xA555, 0xA534, 0x9D34, 0x9D34, 0x9D34, 0x9D34, 0xA534, 0x9D34,
    0x9D13, 0x9CF3, 0x94D2, 0x8C90, 0x7C4F, 0x740D, 0x6BCB, 0x5B69,
    0x5327, 0x4AE4, 0x3AA1, 0x3A80, 0x3260, 0x3260, 0x3260, 0x3260,
    0x3AA1, 0x4AE6, 0x5B49, 0x6BCD, 0x7C50, 0x8CB2, 0x94D3, 0x94F3,
    0x94F3, 0x94D3, 0x8CB2, 0x8471, 0x740E, 0x5B8A, 0x4B05, 0x42C2,
    0x42C2, 0x4AE4, 0x5B48, 0x638B, 0x73ED, 0x7C2F, 0x8471, 0x8CB2,
    0x94D3, 0x9D14, 0x9D14, 0x94F4, 0x8CB3, 0x8471, 0x7C50, 0x740F,
    0xCCC9, 0xDD08, 0xDD08, 0xD509, 0xCCEA, 0xC4AB, 0xB46D, 0x9C2F,
    0x73F2, 0x43D5, 0x1BD7, 0x0B97, 0x74F9, 0xD532, 0x82E9, 0xA3CC,
    0x7267, 0x5184, 0x4963, 0x4123, 0x38C2, 0x4102, 0x2881, 0x28A1,
    0x30A1, 0x2881, 0x30C1, 0x38C2, 0x40E2, 0x38C2, 0x28A1, 0x30A1,
    0x2081, 0x2061, 0x4923, 0x4102, 0x4923, 0x4102, 0x40E2, 0x40E2,
    0x38C2, 0x38C1, 0x30A1, 0x30A1, 0x3081, 0x30A1, 0x30C1, 0x30A1,
    0x30A1, 0x2881, 0x30A1, 0x30A1, 0x30A1, 0x30C1, 0x38E1, 0x5122,
    0x4102, 0x40E1, 0x8AC7, 0xCD0F, 0xCD0F, 0xC4EE, 0xC4CE, 0xBCAD,
    0xBC8C, 0xBC6B, 0xBC6B, 0xC48C, 0xC4AD, 0xC4CD, 0xC4CD, 0xC4CE,
    0xC4F0, 0xBD33, 0xBD54, 0xC596, 0xC5B7, 0xC5F8, 0xC619, 0xC63A,
    0xC63A, 0xC63A, 0xC63A, 0xC63A, 0xC63A, 0xC63A, 0xC63A, 0xC65A,
    0xC63A, 0xC63A, 0xC63B, 0xDDF4, 0xD3E4, 0xCBA4, 0xDC27, 0xBB02,
    0xBB64, 0xBBA5, 0xCC48, 0xE5D1, 0xF6B6, 0xEE12, 0xE590, 0xDD90,
    0xDD90, 0xE5D1, 0xE5D1, 0xEDD1, 0xEE12, 0xEE32, 0xEE12, 0xEE12,
    0xEE12, 0xF633, 0xEDF1, 0xF612, 0xF612, 0xF612, 0xEDF2, 0xEDF2,
    0xF612, 0xEDF1, 0xEE12, 0xEE33, 0xEE13, 0xEE13, 0xE590, 0xE590,
    0xDD6F, 0xDD6F, 0xDD70, 0xDD6F, 0xE5B1, 0xE5F3, 0xD54E, 0xCC8A,
    0xE56D, 0xED8E, 0xD5D4, 0xC67B, 0xCE7B, 0xC67B, 0xCE7B, 0xCE7B,
    0xCE7B, 0xCE7B, 0xCE7B, 0xCE7B, 0xCE7B, 0xC67B, 0xC67B, 0xC67B,
    0xC67B, 0xC67B, 0xC67B, 0xC67B, 0xC67B, 0xC67B, 0xC65B, 0xC65B,
    0xC65B, 0xC65B, 0xC65B, 0xC65B, 0xC65B, 0xC65B, 0xC65B, 0xC63A,
    0xC63A, 0xC63A, 0xC63A, 0xC63A, 0xC63A, 0xC63A, 0xC63A, 0xC63A,
    0xC63A, 0xBE3A, 0xBE19, 0xBDF9, 0xB5D8, 0xADB7, 0xAD96, 0xA575,
    0xA555, 0x9D34, 0x9D33, 0x9D33, 0x9D34, 0xA534, 0xA555, 0xA555,
    0x9D34, 0x9D14, 0x94F3, 0x8CB1, 0x8470, 0x7C2F, 0x740D, 0x6BCB,
    0x5B69, 0x5307, 0x42C4, 0x3A80, 0x3260, 0x3260, 0x3260, 0x3260,
    0x3260, 0x3A82, 0x4AE7, 0x636B, 0x740E, 0x8470, 0x8491, 0x8491,
    0x8491, 0x8491, 0x8471, 0x7C50, 0x6BED, 0x5B69, 0x4B04, 0x42C1,
    0x42C2, 0x4B05, 0x5B49, 0x638B, 0x6BCC, 0x7C0E, 0x8450, 0x8491,
    0x8CB2, 0x94D3, 0x94D3, 0x8C92, 0x8451, 0x7C0F, 0x6BCD, 0x638B,
    0xCCC9, 0xDD08, 0xDD09, 0xD4E9, 0xC4CB, 0xBC8C, 0xB44D, 0x9410,
    0x73D2, 0x3BB5, 0x13B7, 0x3C38, 0xBD55, 0xA3AC, 0x9B8C, 0x82C8,
    0x7AA8, 0x59C5, 0x4102, 0x30A1, 0x30C1, 0x38C1, 0x28A1, 0x28A1,
    0x30A1, 0x28A1, 0x30C1, 0x38C2, 0x30C1, 0x30C2, 0x30C2, 0x38C2,
    0x38C2, 0x28A1, 0x38C1, 0x38E2, 0x30C2, 0x4102, 0x40E2, 0x40E2,
    0x40E2, 0x30A1, 0x30C1, 0x38C1, 0x30A1, 0x2881, 0x2881, 0x30A1,
    0x30A1, 0x30A1, 0x2881, 0x30A1, 0x30A1, 0x40E2, 0x4922, 0x4902,
    0x4102, 0x40E1, 0x69C4, 0xBC6C, 0xCD2F, 0xC50E, 0xC4CE, 0xBCAD,
    0xBC8C, 0xBC6B, 0xBC6B, 0xC48C, 0xC4AD, 0xC4CD, 0xC4CD, 0xC4CE,
    0xC4F0, 0xC532, 0xBD54, 0xC596, 0xC5B7, 0xC5F8, 0xC619, 0xC63A,
    0xC63A, 0xC63A, 0xC63A, 0xC63A, 0xC63A, 0xC63A, 0xC63A, 0xC63A,
    0xC63A, 0xC63A, 0xC65B, 0xD5D4, 0xD3E5, 0xED09, 0xE488, 0xCB84,
    0xBB23, 0x9200, 0xB323, 0xD4EB, 0xEE12, 0xEE54, 0xE5D1, 0xDD6F,
    0xE5B0, 0xE5D1, 0xE5B0, 0xE5D0, 0xEDF1, 0xEDF1, 0xEDD1, 0xEDF2,
    0xEE33, 0xEDF1, 0xEDF1, 0xEDD1, 0xEE12, 0xEDF2, 0xEDD1, 0xEDD1,
    0xEDD1, 0xEDD1, 0xE5B1, 0xEDF2, 0xE5D1, 0xE590, 0xDD4F, 0xDD4F,
    0xDD4F, 0xDD2F, 0xDD70, 0xE5F2, 0xE613, 0xC46A, 0xC407, 0xD468,
    0xE56C, 0xED2B, 0xD5F6, 0xC67B, 0xC67B, 0xC67B, 0xCE7B, 0xCE9B,
    0xCE7B, 0xCE7B, 0xCE7B, 0xCE7B, 0xC67B, 0xC67B, 0xC67B, 0xC67B,
    0xC67B, 0xC67B, 0xC65B, 0xC65B, 0xC67B, 0xC65B, 0xC65B, 0xC65B,
    0xC65B, 0xC65B, 0xC65B, 0xC65B, 0xC65B, 0xC65B, 0xC65B, 0xC63A,
    0xC63A, 0xC63A, 0xC63A, 0xC63A, 0xC63A, 0xC63A, 0xBE3A, 0xC63A,
    0xC63A, 0xC63A, 0xBE19, 0xB5F8, 0xB5B8, 0xADB7, 0xAD96, 0xA575,
    0xA555, 0xA534, 0x9D34, 0xA554, 0xA555, 0xA555, 0xA555, 0xA555,
    0xA555, 0x9D34, 0x9D14, 0x94F3, 0x8C91, 0x8470, 0x7C2E, 0x73ED,
    0x63AB, 0x5B49, 0x4AE7, 0x42A3, 0x3260, 0x3260, 0x3260, 0x3260,
    0x3260, 0x3260, 0x42A4, 0x5328, 0x6BAC, 0x740E, 0x7C2F, 0x7C4F,
    0x7C4F, 0x7C2F, 0x7C2F, 0x742E, 0x6BCC, 0x5348, 0x42E3, 0x42C1,
    0x42E2, 0x5326, 0x5B69, 0x638A, 0x6BCC, 0x73ED, 0x7C2E, 0x7C4F,
    0x8470, 0x8491, 0x8471, 0x7C30, 0x73EE, 0x638C, 0x5B49, 0x5306,
    0xCCC9, 0xDD08, 0xDD09, 0xD4EA, 0xC4AB, 0xBC6C, 0xAC2D, 0x93F0,
    0x73B2, 0x33B6, 0x1BB7, 0xAD97, 0xD4F0, 0x934A, 0x934A, 0x7247,
    0x6A47, 0x4103, 0x38E2, 0x38E2, 0x38C1, 0x2881, 0x28A1, 0x38E2,
    0x40E2, 0x4103, 0x38E2, 0x30C1, 0x28A1, 0x30C1, 0x30C2, 0x38C2,
    0x38C2, 0x2081, 0x2081, 0x38C1, 0x38E2, 0x4102, 0x38E2, 0x38C2,
    0x40E2, 0x4902, 0x38E2, 0x30C1, 0x30C2, 0x2040, 0x28A1, 0x2081,
    0x28A1, 0x38E2, 0x30A1, 0x2881, 0x38C2, 0x30C1, 0x38C1, 0x38E1,
    0x4902, 0x4102, 0x5962, 0xA38A, 0xC50F, 0xC50F, 0xC4EE, 0xC4AD,
    0xBC8C, 0xBC6B, 0xBC6B, 0xC48C, 0xC4AC, 0xC4CD, 0xC4CD, 0xC4CE,
    0xC4F0, 0xC532, 0xC554, 0xC596, 0xC5B7, 0xC5F8, 0xC619, 0xC63A,
    0xC63A, 0xC63A, 0xC63A, 0xC63A, 0xC63A, 0xC63A, 0xC63A, 0xC63A,
    0xC63A, 0xC63A, 0xC65B, 0xD571, 0xDC25, 0xF58C, 0xE4C9, 0xD3E5,
    0xC364, 0x9A20, 0x9A41, 0xCC68, 0xD4EA, 0xDD6D, 0xEE33, 0xE5F1,
    0xE590, 0xDD6F, 0xDD6F, 0xE5B0, 0xDD6F, 0xDD4E, 0xDD90, 0xDD90,
    0xE590, 0xDD6F, 0xE590, 0xE5B0, 0xE5B1, 0xE590, 0xE590, 0xDD6F,
    0xDD6F, 0xDD6F, 0xDD4F, 0xDD4E, 0xDD4F, 0xDD2E, 0xD50E, 0xD52E,
    0xD54F, 0xDD6F, 0xE5F2, 0xDDD1, 0xCCEC, 0xB386, 0xAAE2, 0xC3E5,
    0xE54B, 0xE50A, 0xCDF7, 0xC69C, 0xC67B, 0xC67B, 0xCE7B, 0xCE7B,
    0xC67B, 0xC67B, 0xC67B, 0xC67B, 0xC67B, 0xC67B, 0xC67B, 0xC67B,
    0xC65B, 0xC65B, 0xC65B, 0xC65B, 0xC65B, 0xC65B, 0xC65B, 0xC65B,
    0xC65B, 0xC65B, 0xC65B, 0xC65B, 0xC65B, 0xC65B, 0xC65B, 0xC63B,
    0xC63A, 0xC63A, 0xC63A, 0xC63A, 0xC63A, 0xC63A, 0xC63A, 0xC63A,
    0xC63A, 0xBE3A, 0xBE19, 0xB5F8, 0xB5B8, 0xADB7, 0xAD96, 0xA576,
    0xA555, 0xA555, 0xA555, 0xA575, 0xA575, 0xAD76, 0xAD76, 0xA576,
    0xA575, 0xA555, 0x9D34, 0x94F3, 0x8CB2, 0x8471, 0x7C2F, 0x740E,
    0x6BCD, 0x636B, 0x5328, 0x4AC5, 0x3A81, 0x3260, 0x3260, 0x3240,
    0x3240, 0x3260, 0x3260, 0x4AC5, 0x5B4A, 0x6BCC, 0x6BEC, 0x73ED,
    0x73ED, 0x73ED, 0x73EC, 0x6BEC, 0x63CA, 0x5346, 0x4B02, 0x42E0,
    0x4B02, 0x5326, 0x5B68, 0x638A, 0x63AB, 0x6BCC, 0x73ED, 0x740E,
    0x7C2F, 0x7C2F, 0x7C0F, 0x6BCD, 0x636A, 0x5308, 0x4AE5, 0x42A2,
    0xD4E9, 0xDD08, 0xDD09, 0xCCEA, 0xC4AB, 0xBC4C, 0xAC0D, 0x8BF0,
    0x73D3, 0x33D6, 0x2C18, 0xDE78, 0xB44D, 0x59C5, 0x82E9, 0x61E6,
    0x5184, 0x4102, 0x4123, 0x30C2, 0x38E2, 0x38E2, 0x30C2, 0x38C2,
    0x30C1, 0x30C1, 0x28A1, 0x30A1, 0x28A1, 0x38E2, 0x4102, 0x3902,
    0x28A1, 0x30A1, 0x2881, 0x28A1, 0x38E2, 0x30C1, 0x4102, 0x38E2,
    0x38E2, 0x40E2, 0x30A1, 0x30A1, 0x2061, 0x1840, 0x2881, 0x30C2,
    0x30C2, 0x30C1, 0x38E2, 0x38E2, 0x38C2, 0x38C2, 0x4902, 0x4102,
    0x4102, 0x38E1, 0x4902, 0x9B49, 0xCD2F, 0xC50F, 0xC4EE, 0xC4AD,
    0xBC8C, 0xBC6B, 0xBC6B, 0xC46B, 0xC4AC, 0xC4CD, 0xC4CD, 0xC4CE,
    0xC4F0, 0xC532, 0xC554, 0xC596, 0xC5B7, 0xC5F8, 0xC619, 0xC61A,
    0xC63A, 0xC63A, 0xC63A, 0xC63A, 0xC63A, 0xC63A, 0xC63A, 0xC63A,
    0xC65A, 0xC63A, 0xC65B, 0xD593, 0xE487, 0xFDAC, 0xE4C9, 0xD426,
    0xCBC5, 0xA281, 0x9A41, 0xBBC6, 0xDCEA, 0xDCEA, 0xDD0C, 0xE5D0,
    0xEE12, 0xE590, 0xDD6F, 0xDD4E, 0xDD2E, 0xDD0D, 0xD50D, 0xDD4E,
    0xDD4F, 0xD4ED, 0xDD2E, 0xDD4F, 0xDD4F, 0xDD4F, 0xDD2E, 0xDD0E,
    0xDD2E, 0xDD2E, 0xDD2E, 0xD50D, 0xDD0D, 0xDD2E, 0xD50E, 0xD52E,
    0xDDB0, 0xE613, 0xD54E, 0xC44A, 0xBBE7, 0xAB03, 0xAAC2, 0xC3E5,
    0xE52A, 0xE58F, 0xCE5A, 0xC67B, 0xC67B, 0xC67B, 0xC67B, 0xC67B,
    0xC67B, 0xC67B, 0xC67B, 0xC67B, 0xC67B, 0xC65B, 0xC65B, 0xC65B,
    0xC65B, 0xC65B, 0xC65B, 0xC65B, 0xC65B, 0xC65B, 0xC65B, 0xC65B,
    0xC65B, 0xC65B, 0xC65B, 0xC65B, 0xC65B, 0xC65B, 0xC65B, 0xBE3B,
    0xBE3A, 0xBE3A, 0xC63A, 0xBE3A, 0xBE3A, 0xBE3A, 0xBE3A, 0xBE3A,
    0xBE3A, 0xBE3A, 0xBE19, 0xB5F9, 0xB5D8, 0xADB7, 0xAD96, 0xAD76,
    0xA575, 0xA555, 0xA575, 0xAD96, 0xAD96, 0xAD96, 0xAD76, 0xAD76,
    0xA576, 0xA555, 0x9D34, 0x9514, 0x8CD3, 0x8491, 0x7C50, 0x7C0F,
    0x73ED, 0x63AC, 0x5B6A, 0x5307, 0x42A4, 0x3260, 0x3240, 0x3240,
    0x3240, 0x3240, 0x3260, 0x3A82, 0x5307, 0x5B69, 0x63AA, 0x63AA,
    0x6BCB, 0x6BCA, 0x6BCA, 0x6BCA, 0x6388, 0x5344, 0x4B21, 0x4B00,
    0x4B22, 0x5B45, 0x5B67, 0x6388, 0x638A, 0x63AA, 0x6BAB, 0x6BCC,
    0x73ED, 0x73ED, 0x6BAC, 0x5B49, 0x4AE6, 0x42C2, 0x3AA0, 0x3AA0,
    0xD4E9, 0xDD08, 0xDD09, 0xCCCA, 0xC48B, 0xBC2C, 0xAC0D, 0x8BD0,
    0x6BD3, 0x2BB6, 0x5CB8, 0xE615, 0x8B09, 0x7AC8, 0x6A26, 0x61C5,
    0x4923, 0x4102, 0x5143, 0x4102, 0x38C2, 0x28A1, 0x2881, 0x30C1,
    0x2881, 0x2060, 0x2881, 0x28A1, 0x30A1, 0x30A1, 0x38E2, 0x30A1,
    0x30C1, 0x4102, 0x2081, 0x2061, 0x30C1, 0x38C2, 0x40E2, 0x38E2,
    0x38E2, 0x40E2, 0x40E2, 0x40E2, 0x2881, 0x2061, 0x2060, 0x28A1,
    0x30A1, 0x38C2, 0x38C1, 0x38C1, 0x30A1, 0x30C1, 0x38C1, 0x38E1,
    0x38C1, 0x40E1, 0x5142, 0x7A45, 0xBC8D, 0xCD0F, 0xC4EE, 0xC4AD,
    0xBC8C, 0xBC6B, 0xBC6B, 0xC46B, 0xC4AC, 0xC4CD, 0xC4CD, 0xC4CE,
    0xC4EF, 0xC532, 0xC554, 0xC596, 0xC5B7, 0xC5F8, 0xC619, 0xC61A,
    0xC63A, 0xC63A, 0xC63A, 0xC63A, 0xC63A, 0xC63A, 0xC63A, 0xC63A,
    0xC63A, 0xC63A, 0xC65B, 0xD5B3, 0xED09, 0xF56B, 0xECE9, 0xD3E5,
    0xCBC5, 0xBB64, 0xB303, 0xBB64, 0xCC88, 0xD4EA, 0xD4CA, 0xD4CA,
    0xDD2C, 0xE58F, 0xE5B0, 0xDD4E, 0xD50D, 0xD4ED, 0xD50D, 0xD52E,
    0xD50D, 0xD4ED, 0xDD0D, 0xDD0D, 0xDD2E, 0xDD2E, 0xDD2E, 0xDD0E,
    0xD50E, 0xDD2E, 0xDD0E, 0xD50D, 0xDD2D, 0xDD4E, 0xDD70, 0xDD90,
    0xDD6F, 0xCCCC, 0xC407, 0xBBE7, 0xC407, 0xAAC1, 0xB302, 0xCBE5,
    0xE52A, 0xE56E, 0xCE18, 0xC67C, 0xC67B, 0xC67B, 0xC67B, 0xC67B,
    0xC67B, 0xC67B, 0xC67B, 0xC67B, 0xC67B, 0xC65B, 0xC65B, 0xC65B,
    0xC65B, 0xC65B, 0xC65B, 0xC65B, 0xC65B, 0xC65B, 0xC65B, 0xC65B,
    0xC65B, 0xC65B, 0xC65B, 0xC65B, 0xC65B, 0xC65B, 0xBE5B, 0xBE3B,
    0xBE3A, 0xBE3A, 0xBE3A, 0xBE3A, 0xBE3A, 0xBE3A, 0xBE3A, 0xBE3A,
    0xC63A, 0xBE3A, 0xBE19, 0xBDF9, 0xB5D8, 0xADB7, 0xAD96, 0xAD96,
    0xAD76, 0xA575, 0xAD76, 0xAD96, 0xAD97, 0xAD96, 0xAD76, 0xA576,
    0xA555, 0xA555, 0x9D35, 0x9D14, 0x94F3, 0x8CB2, 0x8491, 0x7C70,
    0x740F, 0x6BCD, 0x638B, 0x5B29, 0x4AE6, 0x3A82, 0x3240, 0x3240,
    0x3240, 0x3240, 0x3240, 0x3260, 0x42C4, 0x5327, 0x5B48, 0x5B88,
    0x6388, 0x63A8, 0x63A8, 0x63A7, 0x5B86, 0x5342, 0x5320, 0x5320,
    0x5341, 0x5B44, 0x5B66, 0x6387, 0x6388, 0x6389, 0x6389, 0x63AA,
    0x63AA, 0x638A, 0x5B28, 0x4AE5, 0x42A1, 0x3AA0, 0x3AA0, 0x3AA0,
    0xDCE9, 0xDD08, 0xDD09, 0xCCCA, 0xC48B, 0xBC2C, 0xABED, 0x8BD0,
    0x6BB3, 0x2BB7, 0x9537, 0xCCEF, 0x8B09, 0x6A27, 0x59A5, 0x4123,
    0x4943, 0x4943, 0x4923, 0x38A1, 0x30C2, 0x1860, 0x28A1, 0x2881,
    0x30C2, 0x28A1, 0x30A1, 0x2881, 0x38C2, 0x2881, 0x2881, 0x30C1,
    0x30A1, 0x38C2, 0x28A1, 0x1860, 0x2881, 0x30C1, 0x40E2, 0x4102,
    0x40E2, 0x28A1, 0x2881, 0x2881, 0x2881, 0x2881, 0x2881, 0x38C2,
    0x30C2, 0x3081, 0x30A1, 0x2060, 0x30A1, 0x30A1, 0x38C1, 0x40E2,
    0x4901, 0x4902, 0x40E1, 0x69A3, 0xB40B, 0xCD0F, 0xC4EE, 0xC4AD,
    0xBC8C, 0xBC6B, 0xBC6B, 0xC46B, 0xC4AC, 0xC4CD, 0xC4CD, 0xC4CD,
    0xC4EF, 0xC532, 0xC554, 0xC595, 0xC5B7, 0xC5F8, 0xC619, 0xC619,
    0xC63A, 0xC63A, 0xC63A, 0xC65A, 0xC65A, 0xC63A, 0xC63A, 0xC63A,
    0xC65A, 0xC63A, 0xC65B, 0xDD71, 0xF52A, 0xF56C, 0xECE9, 0xC384,
    0xC363, 0xCBC5, 0xBB44, 0xAAC2, 0xBBA5, 0xDCEA, 0xD4EA, 0xDD0B,
    0xCC68, 0xCC89, 0xCCAB, 0xD4ED, 0xDD2E, 0xDD6E, 0xDD4E, 0xD50D,
    0xD4EC, 0xD50D, 0xDD0D, 0xD50D, 0xD50D, 0xD50D, 0xD50D, 0xDD2E,
    0xD52D, 0xDD2E, 0xDD4E, 0xDD4E, 0xE56F, 0xDD90, 0xD54E, 0xCC8B,
    0xC428, 0xBBE7, 0xC448, 0xC448, 0xBBA6, 0xAAC2, 0xBB63, 0xD427,
    0xE50A, 0xED4D, 0xCDF7, 0xC67C, 0xC67B, 0xC67C, 0xC67C, 0xC67C,
    0xC67C, 0xC67B, 0xC67B, 0xC67B, 0xC65B, 0xC65B, 0xC65B, 0xC65B,
    0xC65B, 0xC65B, 0xC65B, 0xC65B, 0xC65B, 0xC65B, 0xC65B, 0xC65B,
    0xC65B, 0xC65B, 0xC65B, 0xC65B, 0xC65B, 0xC65B, 0xBE5B, 0xBE3B,
    0xBE3B, 0xBE3B, 0xBE3A, 0xBE3A, 0xBE3A, 0xBE3A, 0xBE3A, 0xBE3A,
    0xC63A, 0xBE3A, 0xBE1A, 0xBDF9, 0xB5B8, 0xADB7, 0xAD96, 0xAD76,
    0xA576, 0xA575, 0xA576, 0xAD96, 0xAD96, 0xA596, 0xA576, 0xA576,
    0xA555, 0x9D55, 0x9D55, 0x9D35, 0x9514, 0x94F3, 0x8CD3, 0x8CB2,
    0x7C71, 0x740F, 0x6BCD, 0x636B, 0x5329, 0x42C5, 0x3A81, 0x3240,
    0x3240, 0x3240, 0x3240, 0x3240, 0x3A81, 0x4AC4, 0x5306, 0x5B46,
    0x5B66, 0x5B86, 0x6386, 0x5B85, 0x5B84, 0x5361, 0x5340, 0x5340,
    0x5341, 0x5B63, 0x5B85, 0x6386, 0x6386, 0x5B87, 0x6367, 0x5B67,
    0x5B47, 0x5326, 0x42C2, 0x3AA0, 0x3AA0, 0x3A80, 0x3AA0, 0x42C1,
    0xDD09, 0xDD29, 0xDD09, 0xCCCA, 0xC48B, 0xBC4C, 0xAC0E, 0x8BF0,
    0x63B3, 0x33B7, 0xB597, 0xBC6D, 0x7247, 0x6A06, 0x5184, 0x3902,
    0x5163, 0x4123, 0x30C1, 0x28A1, 0x28A1, 0x28A1, 0x30C2, 0x30C2,
    0x38C2, 0x30E2, 0x38C1, 0x30C1, 0x2881, 0x38E2, 0x30C1, 0x38C2,
    0x38C2, 0x28A1, 0x38E2, 0x2061, 0x1861, 0x30C1, 0x40E2, 0x40E2,
    0x28A1, 0x30A1, 0x2881, 0x2881, 0x2881, 0x30A1, 0x38C2, 0x40E2,
    0x38E2, 0x30C2, 0x30A1, 0x30A1, 0x30A1, 0x38E1, 0x38C1, 0x40E1,
    0x4922, 0x5163, 0x38E1, 0x5962, 0xA369, 0xCD2F, 0xC4CE, 0xC4AD,
    0xBC8C, 0xBC6B, 0xBC6B, 0xC46B, 0xC48C, 0xC4AC, 0xC4AD, 0xC4CD,
    0xC4EF, 0xC532, 0xC554, 0xC595, 0xC5B7, 0xC5D8, 0xC619, 0xC619,
    0xC63A, 0xC63A, 0xC63A, 0xC63A, 0xC65A, 0xC63A, 0xC63A, 0xC63A,
    0xC65A, 0xC63A, 0xC65B, 0xD52F, 0xF54A, 0xF56C, 0xDC06, 0xD406,
    0xD3E5, 0xCB64, 0xB2E2, 0xAAC2, 0xAB03, 0xD4A9, 0xDD0B, 0xDCEA,
    0xD4A9, 0xCC47, 0xA2E3, 0x8A22, 0x92C6, 0xB3A9, 0xCC8C, 0xD50D,
    0xD4EC, 0xDD2E, 0xE56F, 0xDD4E, 0xDD2D, 0xDD2E, 0xDD6F, 0xE56F,
    0xE56F, 0xDD6F, 0xDD90, 0xD52E, 0xC46B, 0xBC29, 0xBBC7, 0xBBE7,
    0xBBE7, 0xC427, 0xC448, 0xCC89, 0xBBC6, 0xAAE2, 0xC384, 0xDC88,
    0xE4E9, 0xE54D, 0xCE5A, 0xC67C, 0xC67C, 0xC67C, 0xC67C, 0xC67C,
    0xC67B, 0xC67C, 0xC67B, 0xC65B, 0xC65B, 0xC65B, 0xC65B, 0xC65B,
    0xC65B, 0xC65B, 0xC65B, 0xC65B, 0xC65B, 0xC65B, 0xC65B, 0xC65B,
    0xC65B, 0xC65B, 0xC65B, 0xC65B, 0xBE5B, 0xBE5B, 0xBE3B, 0xBE3B,
    0xBE3B, 0xBE3B, 0xBE3B, 0xBE3A, 0xBE3A, 0xBE3A, 0xBE3A, 0xBE3A,
    0xBE3A, 0xBE1A, 0xBDF9, 0xB5D8, 0xADB7, 0xAD96, 0xA576, 0xA575,
    0xA555, 0xA555, 0xA555, 0xA576, 0xA576, 0xA576, 0xA576, 0xA556,
    0x9D55, 0x9D55, 0x9D55, 0x9D35, 0x9D35, 0x9D35, 0x9515, 0x94F4,
    0x84B2, 0x7C51, 0x740F, 0x6BAD, 0x5B6B, 0x4AE7, 0x3A83, 0x3260,
    0x2A40, 0x2A20, 0x2A40, 0x2A40, 0x3260, 0x42A1, 0x4B03, 0x5324,
    0x5B64, 0x5B84, 0x5B84, 0x5B83, 0x5B82, 0x5360, 0x5360, 0x5360,
    0x5360, 0x5B63, 0x5B84, 0x6384, 0x5B85, 0x5B65, 0x5B65, 0x5B45,
    0x5304, 0x42C2, 0x3AA0, 0x3AA0, 0x3AA0, 0x3AA0, 0x42A0, 0x42C2,
    0xDD29, 0xDD29, 0xDD29, 0xCCEB, 0xC48C, 0xBC4D, 0xA40E, 0x8BF0,
    0x6BD3, 0x4C17, 0xC5B6, 0xA36A, 0x59C5, 0x5184, 0x4963, 0x3902,
    0x4123, 0x28A1, 0x38E2, 0x28A1, 0x30C2, 0x38E2, 0x3903, 0x30C2,
    0x2881, 0x30C2, 0x38E2, 0x30A1, 0x2881, 0x30C2, 0x38C2, 0x30A1,
    0x30A1, 0x30C2, 0x38C2, 0x30A1, 0x1860, 0x30A1, 0x30A1, 0x38E2,
    0x38C1, 0x38C1, 0x30A1, 0x30A1, 0x40C1, 0x38C1, 0x38C2, 0x38E2,
    0x30C2, 0x38E2, 0x2881, 0x30A1, 0x4102, 0x40E2, 0x30A1, 0x40E2,
    0x40E1, 0x4922, 0x4922, 0x5142, 0x8286, 0xC4CE, 0xC4EE, 0xC4AD,
    0xBC8C, 0xBC6B, 0xBC6B, 0xC46B, 0xC48C, 0xC4AC, 0xC4AC, 0xC4AD,
    0xC4EF, 0xC512, 0xC554, 0xC595, 0xC5B7, 0xC5D8, 0xC5F9, 0xC619,
    0xC63A, 0xCE3A, 0xC63A, 0xC63A, 0xC65A, 0xC65A, 0xC63A, 0xC63A,
    0xC63A, 0xC63A, 0xC65B, 0xDCED, 0xF56A, 0xECC9, 0xCBA5, 0xDC06,
    0xCBC5, 0xBAE2, 0xAAC2, 0xAAC2, 0xA260, 0xD4A9, 0xE56C, 0xDD2B,
    0xD4EA, 0xC405, 0x9A40, 0x7980, 0x6940, 0x7140, 0x79A1, 0x8223,
    0x8A03, 0x9AC5, 0xAB68, 0xAB88, 0xB3A9, 0xB3EA, 0xB3EA, 0xB3C9,
    0x9285, 0x9AE6, 0x8204, 0x9284, 0x8A43, 0x9283, 0xB386, 0xBBE7,
    0xBBE7, 0xC448, 0xC448, 0xCCA9, 0xC407, 0xB303, 0xCBA5, 0xDC88,
    0xED0A, 0xE52C, 0xCE39, 0xC67C, 0xC67C, 0xC67C, 0xC67C, 0xC67B,
    0xC67C, 0xC67B, 0xC65B, 0xC65B, 0xC65B, 0xC65B, 0xC65B, 0xC65B,
    0xC65B, 0xC65B, 0xC65B, 0xC65B, 0xC65B, 0xC65B, 0xBE5B, 0xBE5B,
    0xBE5B, 0xBE5B, 0xC65B, 0xC65B, 0xBE3B, 0xBE5B, 0xBE3B, 0xBE3B,
    0xBE3B, 0xBE3B, 0xBE3B, 0xBE3B, 0xBE3A, 0xBE3A, 0xBE1A, 0xBE1A,
    0xBE19, 0xB5F9, 0xB5D8, 0xADB8, 0xAD96, 0xA555, 0xA555, 0x9D35,
    0x9D34, 0x9D34, 0x9D55, 0xA555, 0xA555, 0xA576, 0xA556, 0x9D55,
    0x9D55, 0x9D56, 0x9D56, 0x9D56, 0x9D56, 0xA576, 0xA556, 0x9D36,
    0x94F4, 0x8492, 0x7C51, 0x6BEF, 0x638C, 0x5309, 0x42A5, 0x3240,
    0x2A40, 0x2A40, 0x2A40, 0x2A40, 0x3240, 0x3A80, 0x4AE1, 0x5321,
    0x5342, 0x5B82, 0x5B82, 0x5B81, 0x5B80, 0x5B80, 0x5360, 0x5360,
    0x5360, 0x5B81, 0x5B82, 0x5B83, 0x5B83, 0x5B63, 0x5B43, 0x5322,
    0x4AE1, 0x42A0, 0x3A80, 0x3A80, 0x3AA0, 0x3AA0, 0x42C1, 0x4AE3,
    0xDD29, 0xDD29, 0xDD2A, 0xCCEB, 0xC4AC, 0xBC4D, 0xA40E, 0x8BF0,
    0x63B3, 0x33B7, 0xBD75, 0xA36A, 0x6A06, 0x61E5, 0x4943, 0x4943,
    0x4123, 0x30C2, 0x2881, 0x30C2, 0x38E2, 0x2060, 0x28A1, 0x30A1,
    0x30A2, 0x28A1, 0x2081, 0x28A1, 0x28A1, 0x2881, 0x30A1, 0x38C2,
    0x2061, 0x2881, 0x30A1, 0x30A1, 0x2061, 0x2060, 0x30A1, 0x2081,
    0x30C1, 0x38C1, 0x38E2, 0x40E2, 0x4102, 0x38C2, 0x30A1, 0x30A1,
    0x2881, 0x2880, 0x40C1, 0x40E2, 0x38C1, 0x30A1, 0x40E2, 0x38C1,
    0x38E1, 0x40E1, 0x5142, 0x4901, 0x7204, 0xC4AE, 0xC4EE, 0xC4CD,
    0xC48C, 0xBC6B, 0xBC6B, 0xC46B, 0xC48C, 0xC4AC, 0xC4AC, 0xC4AD,
    0xC4EF, 0xC512, 0xC554, 0xC595, 0xC5B7, 0xC5D8, 0xC619, 0xC619,
    0xC63A, 0xC63A, 0xC63A, 0xC63A, 0xC63A, 0xC63A, 0xC63A, 0xC63A,
    0xC63A, 0xC63A, 0xC65B, 0xDD50, 0xF58B, 0xE488, 0xDC47, 0xDC47,
    0xBB02, 0xAAA1, 0xAAA2, 0xA261, 0xAAC2, 0xD4CA, 0xE5CE, 0xDD4B,
    0xDD0A, 0xCC47, 0x9200, 0x89C0, 0x8180, 0x7160, 0x6940, 0x6920,
    0x7140, 0x60E0, 0x58C0, 0x58E0, 0x6100, 0x6100, 0x58E0, 0x6941,
    0x60E0, 0x58C0, 0x58C0, 0x6940, 0x7140, 0x6940, 0x9AE3, 0xB3A6,
    0xC448, 0xC428, 0xCC69, 0xD4CA, 0xBBA5, 0xAAE2, 0xCC06, 0xD468,
    0xED09, 0xE58F, 0xCE5B, 0xC67C, 0xC67C, 0xC67B, 0xC67B, 0xC67C,
    0xC65B, 0xC67B, 0xC65B, 0xC65B, 0xC65B, 0xC65B, 0xC65B, 0xC65B,
    0xC65B, 0xC65B, 0xC65B, 0xC65B, 0xBE5B, 0xBE5B, 0xBE5B, 0xBE5B,
    0xBE5B, 0xBE5B, 0xBE5B, 0xBE3B, 0xBE3B, 0xBE3B, 0xBE3B, 0xBE3B,
    0xBE3B, 0xBE3B, 0xBE3B, 0xBE3B, 0xBE3B, 0xBE1A, 0xB61A, 0xB5F9,
    0xB5D9, 0xADD8, 0xADB7, 0xA597, 0xA555, 0x9D35, 0x9D34, 0x9514,
    0x9514, 0x9514, 0x9D34, 0x9D34, 0x9D35, 0x9D55, 0x9D35, 0x9D35,
    0x9D55, 0x9D56, 0x9D56, 0xA577, 0xA577, 0xA597, 0xA597, 0xA577,
    0x9D36, 0x8CD4, 0x7C72, 0x7410, 0x638D, 0x532A, 0x42C6, 0x3261,
    0x2A20, 0x2A20, 0x2A20, 0x2A20, 0x3240, 0x3A80, 0x42C0, 0x4B00,
    0x5340, 0x5B60, 0x5B80, 0x5B80, 0x5BA0, 0x5B80, 0x5B80, 0x5B80,
    0x5B60, 0x5B80, 0x5B60, 0x5B61, 0x5B61, 0x5340, 0x5320, 0x4B00,
    0x42C0, 0x42C0, 0x3AA0, 0x3A80, 0x3A80, 0x42A0, 0x4AE2, 0x5304,
    0xDD2A, 0xDD4A, 0xDD2A, 0xCCEB, 0xC4AC, 0xBC4D, 0xA40E, 0x8BF0,
    0x6393, 0x2B77, 0xBD54, 0xA36A, 0x7A88, 0x6A06, 0x4102, 0x4123,
    0x4123, 0x30A1, 0x30C2, 0x38E2, 0x30C1, 0x4102, 0x30C2, 0x2881,
    0x2881, 0x30C1, 0x38E2, 0x30A1, 0x38C2, 0x2881, 0x2881, 0x38C2,
    0x30A1, 0x2881, 0x28A1, 0x30A1, 0x38C2, 0x2881, 0x30C1, 0x38E2,
    0x30C1, 0x30C1, 0x38C1, 0x40E2, 0x40E2, 0x4102, 0x38C2, 0x30A1,
    0x30A1, 0x30A1, 0x40E2, 0x40E2, 0x38C1, 0x2881, 0x40E2, 0x4902,
    0x40E1, 0x4102, 0x40E1, 0x5142, 0x61A3, 0xBC4C, 0xC50E, 0xC4CD,
    0xC48C, 0xBC6B, 0xBC6B, 0xC46B, 0xC48C, 0xC4AC, 0xC4AC, 0xC4AD,
    0xC4EF, 0xC512, 0xC553, 0xC595, 0xC5B7, 0xC5D8, 0xC619, 0xC619,
    0xC63A, 0xC63A, 0xC63A, 0xC63A, 0xC63A, 0xC63A, 0xC63A, 0xC63A,
    0xC63A, 0xC63A, 0xC63A, 0xE58F, 0xFDCC, 0xDC47, 0xE4C9, 0xDC47,
    0xCBA5, 0xB2E3, 0xB2C2, 0xBB03, 0xAAC2, 0xCC68, 0xE5AD, 0xDD2B,
    0xDD2B, 0xD487, 0x9A40, 0x89C0, 0x89C0, 0x81A0, 0x7140, 0x7160,
    0x6940, 0x6120, 0x5900, 0x6920, 0x7140, 0x58E0, 0x58E0, 0x60E0,
    0x6920, 0x6100, 0x58E0, 0x58E0, 0x6900, 0x7160, 0x79A0, 0xB344,
    0xCC69, 0xCC69, 0xCC89, 0xD4AA, 0xB364, 0xA2A1, 0xC3C6, 0xDC88,
    0xE50A, 0xED4C, 0xCE38, 0xC67C, 0xC67C, 0xC67C, 0xC67C, 0xC67C,
    0xC65C, 0xC65B, 0xC65B, 0xC67B, 0xC65B, 0xC65B, 0xC65B, 0xC65B,
    0xC65B, 0xC65B, 0xC65B, 0xBE5B, 0xBE5B, 0xBE5B, 0xBE5B, 0xBE5B,
    0xBE5B, 0xBE5B, 0xBE5B, 0xBE3B, 0xBE3B, 0xBE3B, 0xBE3B, 0xBE3B,
    0xBE3B, 0xBE3B, 0xBE3B, 0xBE3B, 0xBE1A, 0xB61A, 0xB5F9, 0xB5D8,
    0xADB8, 0xAD97, 0xA577, 0x9D55, 0x9D34, 0x9514, 0x94F3, 0x94F3,
    0x94F3, 0x94F3, 0x9514, 0x9514, 0x9535, 0x9D35, 0x9D35, 0x9D55,
    0xA556, 0xA576, 0xA597, 0xA597, 0xAD98, 0xAD98, 0xADB8, 0xA598,
    0x9D56, 0x8CF4, 0x8492, 0x7430, 0x63AE, 0x5B4B, 0x4AE8, 0x3A84,
    0x3240, 0x2A20, 0x2A20, 0x2A20, 0x3260, 0x3AA0, 0x42C0, 0x4B20,
    0x5340, 0x5360, 0x5B80, 0x5BA0, 0x5BA0, 0x5BA0, 0x5B80, 0x5B80,
    0x5B80, 0x5B80, 0x5B60, 0x5360, 0x5340, 0x5320, 0x4B00, 0x4AE0,
    0x42C0, 0x42A0, 0x42A0, 0x3AA0, 0x42A0, 0x42C1, 0x4AE3, 0x5325,
    0xDD2A, 0xDD4A, 0xDD2A, 0xCCEB, 0xC48C, 0xB44D, 0xA40E, 0x8BF0,
    0x63B3, 0x3BB7, 0xBD34, 0x8AE8, 0x7247, 0x6A26, 0x4923, 0x4102,
    0x4102, 0x30C2, 0x3902, 0x30A1, 0x2881, 0x4103, 0x38C2, 0x2881,
    0x2881, 0x30A1, 0x38C2, 0x38C2, 0x28A1, 0x38C2, 0x30A1, 0x30C2,
    0x30A1, 0x2881, 0x2061, 0x2881, 0x2881, 0x2061, 0x30A1, 0x38E2,
    0x30A1, 0x28A1, 0x38C1, 0x40C1, 0x4922, 0x4102, 0x38C1, 0x38C1,
    0x40E2, 0x30A1, 0x38C1, 0x38C1, 0x38A1, 0x40E2, 0x40E2, 0x40C1,
    0x40E1, 0x38C1, 0x38C1, 0x4922, 0x69A3, 0xABCB, 0xCD0E, 0xC4CD,
    0xC4AC, 0xC46B, 0xBC6B, 0xC46B, 0xC48B, 0xC4AC, 0xC4AC, 0xC4AD,
    0xC4EF, 0xC511, 0xC553, 0xC595, 0xC5B7, 0xC5D8, 0xC5F9, 0xC619,
    0xC639, 0xC63A, 0xC63A, 0xC63A, 0xC63A, 0xC63A, 0xC63A, 0xC63A,
    0xC63A, 0xC63A, 0xC63A, 0xEDD0, 0xFDAC, 0xE467, 0xECEA, 0xDC68,
    0xCBA4, 0xB2E3, 0xBAE2, 0xBB02, 0xAA81, 0xD4A9, 0xE56C, 0xE56C,
    0xDD0A, 0xD4A8, 0xAAC1, 0x9200, 0x9200, 0x81A0, 0x7980, 0x7160,
    0x6100, 0x6100, 0x6100, 0x6100, 0x60E0, 0x6100, 0x6100, 0x60E0,
    0x60E0, 0x6100, 0x58E0, 0x60E0, 0x6100, 0x6920, 0x7140, 0xA2C2,
    0xCC48, 0xCC89, 0xD4AA, 0xCC69, 0xAB03, 0xAAE3, 0xBB84, 0xDCC9,
    0xE50A, 0xED6D, 0xD618, 0xC65C, 0xC67C, 0xC67C, 0xC67C, 0xC67C,
    0xC65C, 0xC67C, 0xC67C, 0xC65C, 0xC65B, 0xC65B, 0xC65C, 0xC65B,
    0xC65B, 0xC65B, 0xBE5B, 0xBE5B, 0xBE5B, 0xBE5B, 0xBE5B, 0xBE5B,
    0xBE5B, 0xBE3B, 0xBE3B, 0xBE3B, 0xBE3B, 0xBE3B, 0xBE3B, 0xBE3B,
    0xBE3B, 0xBE3B, 0xBE3B, 0xBE3B, 0xB61A, 0xB5F9, 0xADD9, 0xADB8,
    0xA597, 0xA576, 0x9D56, 0x9515, 0x94F3, 0x8CD3, 0x8CD2, 0x8CD2,
    0x8CD2, 0x8CF3, 0x94F4, 0x9514, 0x9535, 0x9D35, 0x9D55, 0x9D56,
    0xA577, 0xA597, 0xAD98, 0xADB8, 0xADB8, 0xADB8, 0xADB8, 0xA598,
    0x9D57, 0x8CF5, 0x8493, 0x7430, 0x6BCE, 0x5B6B, 0x4AE9, 0x42A5,
    0x3241, 0x2A20, 0x2A20, 0x2A40, 0x3260, 0x3AA0, 0x42E0, 0x4B20,
    0x5340, 0x5B80, 0x5BA0, 0x5BA0, 0x63C0, 0x5BA0, 0x5B80, 0x5B80,
    0x5B80, 0x5B80, 0x5360, 0x5360, 0x5340, 0x4B20, 0x4B00, 0x42E0,
    0x42C0, 0x42A0, 0x42A0, 0x42A0, 0x42C1, 0x4AE3, 0x4B04, 0x5326,
    0xDD2A, 0xDD4A, 0xD52B, 0xCCEB, 0xC48C, 0xB44D, 0xA40E, 0x8BD0,
    0x63B3, 0x43B6, 0x94F6, 0xB3CB, 0x7A67, 0x69E5, 0x4923, 0x4923,
    0x4102, 0x30A1, 0x2881, 0x2881, 0x28A1, 0x2881, 0x2061, 0x2881,
    0x38C2, 0x30A1, 0x28A1, 0x2881, 0x38C1, 0x38C2, 0x2881, 0x28A1,
    0x28A1, 0x30A1, 0x2881, 0x28A1, 0x38C2, 0x2081, 0x30A1, 0x38C1,
    0x30A1, 0x30C1, 0x38C2, 0x40E2, 0x4923, 0x30C1, 0x38C1, 0x40E2,
    0x5123, 0x40E2, 0x30A1, 0x38C1, 0x38E1, 0x38C1, 0x30A1, 0x4901,
    0x40E2, 0x40E1, 0x38C1, 0x4922, 0x6183, 0xA38A, 0xCD0E, 0xC4CD,
    0xC4AC, 0xC46B, 0xC46B, 0xC46B, 0xC48B, 0xC4AC, 0xC4AC, 0xC4AD,
    0xC4EF, 0xC511, 0xC553, 0xC595, 0xC5B7, 0xC5D8, 0xC5F9, 0xC619,
    0xC63A, 0xC63A, 0xC63A, 0xC63A, 0xC63A, 0xC63A, 0xC63A, 0xC63A,
    0xC63A, 0xC63A, 0xC63A, 0xEE55, 0xFE0F, 0xECC8, 0xE4A8, 0xD406,
    0xCBA5, 0xBB23, 0xBB22, 0xC322, 0xA240, 0xC3C5, 0xE56C, 0xE58D,
    0xDD2B, 0xD4E9, 0xBB63, 0x9200, 0x9200, 0x89E0, 0x81C0, 0x7160,
    0x6120, 0x6120, 0x6940, 0x6100, 0x6100, 0x6920, 0x6100, 0x6920,
    0x6100, 0x5900, 0x58E0, 0x6100, 0x6920, 0x7140, 0x7120, 0x9241,
    0xCC48, 0xCCAA, 0xD4CA, 0xCC48, 0x9220, 0xAB03, 0xC3A5, 0xDCCA,
    0xED4C, 0xE54D, 0xCE39, 0xC67C, 0xC67C, 0xC67C, 0xC67C, 0xC65C,
    0xC67C, 0xC67C, 0xC65C, 0xC65C, 0xC65C, 0xC65C, 0xC65C, 0xC65C,
    0xC65B, 0xC65B, 0xBE3B, 0xBE3B, 0xBE3B, 0xBE5B, 0xBE5B, 0xBE3B,
    0xBE5B, 0xBE3B, 0xBE3B, 0xBE3B, 0xBE3B, 0xBE3B, 0xBE3B, 0xBE3B,
    0xBE3B, 0xBE3B, 0xBE3B, 0xBE1A, 0xB5FA, 0xB5D9, 0xADB8, 0xA597,
    0xA576, 0x9D55, 0x9535, 0x9514, 0x8CF3, 0x8CD2, 0x8CB2, 0x8CD2,
    0x8CD2, 0x8CF3, 0x9514, 0x9535, 0x9D36, 0x9D56, 0x9D56, 0x9D56,
    0xA577, 0xA597, 0xA598, 0xADB8, 0xADB8, 0xADB8, 0xADB8, 0xA5B8,
    0x9D77, 0x9515, 0x84B3, 0x7C71, 0x6C0F, 0x5B8D, 0x532A, 0x42A6,
    0x3A61, 0x3220, 0x2A20, 0x3240, 0x3A80, 0x42C0, 0x4B00, 0x5340,
    0x5360, 0x5B80, 0x5BA0, 0x63C0, 0x63C0, 0x5BA0, 0x5BA0, 0x5B80,
    0x5B80, 0x5B80, 0x5380, 0x5340, 0x5320, 0x4B00, 0x4B00, 0x42E0,
    0x42C0, 0x42A0, 0x42C0, 0x42C1, 0x4AE3, 0x4B04, 0x5325, 0x5B47,
    0xDD2A, 0xDD2A, 0xD50B, 0xCCCB, 0xC48C, 0xB42D, 0xA40E, 0x8BD0,
    0x5B93, 0x1B56, 0x9516, 0xC44C, 0x7226, 0x61A4, 0x4922, 0x38E2,
    0x38C2, 0x30E2, 0x38E2, 0x38E2, 0x3902, 0x38C2, 0x38E2, 0x4102,
    0x4102, 0x38C2, 0x28A1, 0x30C2, 0x38C2, 0x30A1, 0x30C1, 0x30A1,
    0x30A1, 0x2881, 0x38C2, 0x30C1, 0x2881, 0x2881, 0x2881, 0x30C1,
    0x38C2, 0x38C2, 0x38C2, 0x4102, 0x40E2, 0x38E2, 0x38C1, 0x40E2,
    0x40E2, 0x30C1, 0x30A1, 0x30C1, 0x40E2, 0x40E1, 0x38E1, 0x40E1,
    0x4102, 0x40E1, 0x40E1, 0x4922, 0x5142, 0x92E8, 0xC4CE, 0xC4CD,
    0xC48C, 0xC46B, 0xC46B, 0xC46B, 0xC48B, 0xCCAB, 0xC4AC, 0xC4AD,
    0xC4EF, 0xC511, 0xC553, 0xC575, 0xC5B7, 0xC5D8, 0xC5F8, 0xC619,
    0xC639, 0xC63A, 0xC63A, 0xC63A, 0xC63A, 0xC63A, 0xC63A, 0xC63A,
    0xC63A, 0xC63A, 0xCE39, 0xF6B5, 0xFE71, 0xE487, 0xDC26, 0xCBC5,
    0xC343, 0xB2C2, 0xC363, 0xAA81, 0x9A00, 0xAB03, 0xE58C, 0xE56C,
    0xDD4C, 0xDCE9, 0xBB84, 0x9A40, 0x9A20, 0x89E0, 0x89E0, 0x7160,
    0x6940, 0x6920, 0x6920, 0x7160, 0x6100, 0x7140, 0x6920, 0x7140,
    0x6100, 0x6100, 0x6100, 0x6920, 0x6920, 0x8180, 0x8180, 0x89E0,
    0xC407, 0xCCAA, 0xD4CA, 0xD4CA, 0xA2E3, 0xA2C2, 0xCC06, 0xD488,
    0xED4C, 0xED0A, 0xD5D6, 0xC67C, 0xC65B, 0xC67C, 0xC67C, 0xC65C,
    0xC65C, 0xC65C, 0xC65C, 0xC65C, 0xC65C, 0xC65C, 0xC65C, 0xC65C,
    0xBE5C, 0xBE5B, 0xBE3B, 0xBE3B, 0xBE3B, 0xBE3B, 0xBE3B, 0xBE3B,
    0xBE3B, 0xBE3B, 0xBE3B, 0xBE3B, 0xBE3B, 0xBE3B, 0xBE3B, 0xBE3B,
    0xBE3B, 0xBE3B, 0xBE3B, 0xB61A, 0xB5F9, 0xADD9, 0xADB8, 0xA577,
    0x9D56, 0x9535, 0x8D14, 0x8CF3, 0x8CD3, 0x8CD2, 0x8CB2, 0x8CD2,
    0x8CF3, 0x8D14, 0x9535, 0x9536, 0x9536, 0x9536, 0x9D36, 0x9D36,
    0x9D56, 0x9D77, 0xA577, 0xA577, 0xA598, 0xA598, 0xA598, 0xA598,
    0xA577, 0x9536, 0x8CF4, 0x84B3, 0x7451, 0x6BEF, 0x5B6C, 0x4AE8,
    0x3A84, 0x3241, 0x3240, 0x3240, 0x3A80, 0x42C0, 0x4B00, 0x5340,
    0x5B80, 0x5BA0, 0x63C0, 0x63E0, 0x63C0, 0x5BA0, 0x5BA0, 0x5BA0,
    0x5B80, 0x5B80, 0x5360, 0x5340, 0x4B20, 0x4B00, 0x4AE0, 0x42C0,
    0x42A0, 0x42C0, 0x42C1, 0x4AC3, 0x4AE4, 0x5305, 0x5346, 0x5B68,
    0xDD2A, 0xDD2A, 0xD50B, 0xCCCB, 0xC48C, 0xB42D, 0xA3EE, 0x83B0,
    0x5B93, 0x1B56, 0x6CB7, 0xC46D, 0x69E5, 0x61A4, 0x4922, 0x38C2,
    0x30C1, 0x30C2, 0x38E2, 0x38E2, 0x28A1, 0x30C1, 0x30A1, 0x3902,
    0x38C2, 0x38E2, 0x38E2, 0x30A1, 0x38E2, 0x38C2, 0x30C2, 0x28A1,
    0x30A1, 0x2881, 0x2881, 0x2881, 0x30C1, 0x38E2, 0x2881, 0x2881,
    0x30A1, 0x38C1, 0x38C2, 0x40E2, 0x38C1, 0x30C1, 0x38C1, 0x38A1,
    0x2881, 0x2881, 0x30A1, 0x4923, 0x4102, 0x38C1, 0x38C1, 0x38C1,
    0x40E2, 0x4902, 0x4922, 0x38E1, 0x4922, 0x8286, 0xC4CE, 0xC4CD,
    0xC48C, 0xC46B, 0xC46A, 0xC46B, 0xCC8B, 0xCCAB, 0xC4AC, 0xC4AD,
    0xC4EF, 0xC511, 0xC553, 0xC575, 0xC5B7, 0xC5D8, 0xC5F9, 0xC619,
    0xC619, 0xC61A, 0xC63A, 0xC63A, 0xC63A, 0xC63A, 0xC63A, 0xC63A,
    0xC63A, 0xC63A, 0xCE39, 0xF718, 0xFE92, 0xE487, 0xDC06, 0xC363,
    0xC343, 0xC363, 0xBAE2, 0xA240, 0x89C0, 0xC407, 0xE5AD, 0xE56C,
    0xE56B, 0xE54B, 0xBB63, 0xA240, 0x9200, 0x89C0, 0x89E0, 0x7980,
    0x6920, 0x6940, 0x6940, 0x7160, 0x7160, 0x7140, 0x6920, 0x6100,
    0x58E0, 0x60E0, 0x60E0, 0x6920, 0x6920, 0x7960, 0x81A0, 0x89E0,
    0xC407, 0xCCAA, 0xD4CA, 0xD4EB, 0xB386, 0xA261, 0xCBE6, 0xD488,
    0xE4EA, 0xED0A, 0xD5B5, 0xC67C, 0xC65C, 0xC65C, 0xC65C, 0xC65C,
    0xC65C, 0xC65C, 0xC65C, 0xC65C, 0xBE5C, 0xBE5C, 0xBE5C, 0xBE5C,
    0xBE5B, 0xBE3B, 0xBE3B, 0xBE3B, 0xBE3B, 0xBE3B, 0xBE3B, 0xBE3B,
    0xBE3B, 0xBE3B, 0xBE3B, 0xBE3B, 0xBE3B, 0xBE3B, 0xBE3B, 0xBE3B,
    0xBE3B, 0xBE1B, 0xB61B, 0xB5FA, 0xADD9, 0xADB8, 0xA597, 0x9D77,
    0x9556, 0x9514, 0x8CF3, 0x8CF3, 0x8CF3, 0x8CF3, 0x8CD3, 0x8CF3,
    0x8D14, 0x9515, 0x9535, 0x9535, 0x9535, 0x9515, 0x9515, 0x9515,
    0x9535, 0x9536, 0x9556, 0x9D56, 0x9D57, 0x9D77, 0xA577, 0xA578,
    0xA578, 0x9D57, 0x9516, 0x84D4, 0x7C93, 0x7430, 0x63AE, 0x534A,
    0x42C7, 0x42A5, 0x3A82, 0x3A80, 0x3AA0, 0x42E0, 0x4B20, 0x5360,
    0x5B80, 0x5BC0, 0x63E0, 0x63E0, 0x63C0, 0x5BA0, 0x5BA0, 0x5BA0,
    0x5B80, 0x5B80, 0x5360, 0x5340, 0x4B20, 0x4AE0, 0x42C0, 0x42A0,
    0x42A0, 0x42A0, 0x42C2, 0x4AC3, 0x4AE5, 0x5326, 0x5347, 0x5B68,
    0xDD2A, 0xDD2A, 0xD50B, 0xCCCB, 0xC46C, 0xB42D, 0x9BEE, 0x83B0,
    0x5B93, 0x1B76, 0x2BF8, 0xB490, 0x8246, 0x5984, 0x4102, 0x38C1,
    0x38C1, 0x40E2, 0x38C2, 0x38E2, 0x38C2, 0x38C2, 0x38E2, 0x4123,
    0x4123, 0x4102, 0x38C2, 0x40E2, 0x40E2, 0x38C1, 0x38E2, 0x28A1,
    0x2881, 0x30A1, 0x28A1, 0x38C2, 0x38C2, 0x30A1, 0x2881, 0x2081,
    0x30C1, 0x38C1, 0x30A1, 0x2060, 0x38E2, 0x38C2, 0x38C1, 0x30A1,
    0x3081, 0x2881, 0x38C1, 0x3081, 0x30A1, 0x40E2, 0x40E1, 0x30A1,
    0x40E1, 0x5122, 0x5122, 0x40E1, 0x38C1, 0x7225, 0xC4AD, 0xC4CD,
    0xC48C, 0xC46B, 0xC46A, 0xC46B, 0xCC8B, 0xCCAB, 0xCCAC, 0xC4AD,
    0xC4EF, 0xC511, 0xC553, 0xC575, 0xC5B7, 0xC5D8, 0xC5F8, 0xC619,
    0xC619, 0xC619, 0xC61A, 0xC63A, 0xC63A, 0xC63A, 0xC63A, 0xC63A,
    0xC63A, 0xC63A, 0xC63A, 0xEEF9, 0xFEF4, 0xED6C, 0xDC05, 0xD3A4,
    0xD3A4, 0xC322, 0xB2A1, 0x9A40, 0xA281, 0xDD0A, 0xE5AD, 0xEDCE,
    0xE56B, 0xE58C, 0xBB42, 0xA240, 0x89E0, 0x81A0, 0x81C0, 0x7160,
    0x6940, 0x7180, 0x7980, 0x7160, 0x6920, 0x6120, 0x6920, 0x58E0,
    0x60E0, 0x6100, 0x6920, 0x7980, 0x6940, 0x7160, 0x7140, 0x81C0,
    0xB364, 0xD4CA, 0xD4CA, 0xD4CA, 0xCC69, 0xA281, 0xC384, 0xD447,
    0xDCA8, 0xED0A, 0xCDF6, 0xBE7C, 0xC65B, 0xC65C, 0xC65C, 0xC65C,
    0xBE5C, 0xBE5C, 0xBE5C, 0xBE5C, 0xBE5C, 0xBE5C, 0xBE5C, 0xBE5B,
    0xBE3B, 0xBE3B, 0xBE3B, 0xBE3B, 0xBE3B, 0xBE3B, 0xBE3B, 0xBE3B,
    0xBE3B, 0xBE3B, 0xBE3B, 0xBE3B, 0xBE3B, 0xBE3B, 0xBE3B, 0xBE3B,
    0xBE3B, 0xBE1B, 0xB61A, 0xB5FA, 0xADD9, 0xADB8, 0xA597, 0x9D77,
    0x9D56, 0x9535, 0x8D14, 0x8D14, 0x9514, 0x9514, 0x9514, 0x9515,
    0x9535, 0x9535, 0x9535, 0x8D15, 0x8CF4, 0x8CF4, 0x8CF4, 0x8CF4,
    0x8CF4, 0x8CF5, 0x8D15, 0x9515, 0x9536, 0x9D56, 0x9D77, 0x9D78,
    0xA578, 0x9D77, 0x9536, 0x8CF5, 0x84B3, 0x7451, 0x6BEF, 0x5B6C,
    0x5309, 0x4AE7, 0x4AE6, 0x42C2, 0x42C0, 0x4AE0, 0x5320, 0x5360,
    0x5BA0, 0x63C0, 0x63E0, 0x63E0, 0x5BC0, 0x5BA0, 0x5BA0, 0x5BA0,
    0x5B80, 0x5360, 0x5340, 0x4B20, 0x4B00, 0x42C0, 0x42A0, 0x42A0,
    0x3A80, 0x42A0, 0x42A2, 0x4AC4, 0x4AE5, 0x5326, 0x5327, 0x5B48,
    0xDD2A, 0xDD2A, 0xD50B, 0xCCCB, 0xC46C, 0xB40D, 0x9BCE, 0x83B0,
    0x5394, 0x1377, 0x23D7, 0xC512, 0x8A86, 0x5163, 0x4122, 0x38C1,
    0x38E2, 0x38E2, 0x40E2, 0x30A1, 0x38E2, 0x30A1, 0x38C1, 0x30C1,
    0x3902, 0x4123, 0x40E2, 0x38C1, 0x40E2, 0x40E2, 0x4923, 0x38C2,
    0x30C1, 0x38C2, 0x38E2, 0x3081, 0x3081, 0x28A1, 0x30A1, 0x2060,
    0x2880, 0x2060, 0x3081, 0x2881, 0x30A1, 0x30A1, 0x3080, 0x2860,
    0x2060, 0x2881, 0x38A1, 0x2880, 0x2060, 0x38C1, 0x40C1, 0x40C1,
    0x4902, 0x4902, 0x4902, 0x40E1, 0x38C1, 0x7204, 0xC4CD, 0xC4CD,
    0xC48C, 0xC46B, 0xC46A, 0xC48B, 0xCC8B, 0xCCAB, 0xCCAC, 0xC4CD,
    0xC4EF, 0xC511, 0xC553, 0xC575, 0xC5B7, 0xC5D8, 0xC5F8, 0xC619,
    0xC619, 0xC619, 0xC619, 0xC61A, 0xC61A, 0xC63A, 0xC63A, 0xC63A,
    0xC63A, 0xC63A, 0xC63A, 0xF719, 0xFEF5, 0xFE71, 0xE487, 0xCB82,
    0xD383, 0xC2E1, 0xB2E1, 0xAAC1, 0xD467, 0xEDCD, 0xEDEE, 0xEDCD,
    0xE56B, 0xE56C, 0xC383, 0x9A20, 0x89C0, 0x81A0, 0x81A0, 0x7980,
    0x81A0, 0x81A0, 0x7980, 0x7960, 0x7160, 0x6100, 0x6920, 0x7140,
    0x6940, 0x6100, 0x6940, 0x7140, 0x7980, 0x7980, 0x7140, 0x7960,
    0x9A61, 0xCC89, 0xD4EB, 0xCC89, 0xDD2C, 0xC3C6, 0xBB44, 0xCC06,
    0xDCA8, 0xF56B, 0xDDB2, 0xC67C, 0xC65C, 0xC65C, 0xC65C, 0xC65C,
    0xBE5C, 0xBE5C, 0xBE5C, 0xBE5C, 0xBE5C, 0xBE3C, 0xBE3C, 0xBE3B,
    0xBE3B, 0xBE3B, 0xBE3B, 0xBE3B, 0xBE3B, 0xBE3B, 0xBE3B, 0xBE3B,
    0xBE3B, 0xBE3B, 0xBE3B, 0xBE3B, 0xBE3B, 0xBE3B, 0xBE3B, 0xBE3B,
    0xBE3B, 0xB61B, 0xB5FA, 0xB5FA, 0xADD9, 0xADB8, 0xA598, 0xA577,
    0x9D56, 0x9555, 0x9535, 0x9535, 0x9D56, 0x9D56, 0x9D56, 0x9D56,
    0x9536, 0x9535, 0x8D14, 0x8CF4, 0x84D3, 0x7CB2, 0x7C92, 0x7C92,
    0x7C92, 0x84B3, 0x84D4, 0x8CF4, 0x8D15, 0x9536, 0x9D57, 0x9D57,
    0x9D78, 0x9D77, 0x9536, 0x8CD4, 0x84B3, 0x7C72, 0x6BEF, 0x638C,
    0x534A, 0x5349, 0x5328, 0x4AE5, 0x4AE1, 0x4B00, 0x5340, 0x5B80,
    0x5BA0, 0x63C0, 0x63E0, 0x63C0, 0x5BA0, 0x5BA0, 0x5BA0, 0x5BA0,
    0x5B80, 0x5360, 0x5320, 0x4B00, 0x42C0, 0x42A0, 0x3A80, 0x3A80,
    0x3A80, 0x3A80, 0x42A2, 0x4AC3, 0x4AE5, 0x5306, 0x5327, 0x5347,
    0xDD2A, 0xDD2A, 0xD50B, 0xCCCC, 0xC46C, 0xB40D, 0x9BCE, 0x7B90,
    0x4B74, 0x1377, 0x2BD7, 0x7C96, 0x9B6B, 0x61C4, 0x5184, 0x38E2,
    0x30C1, 0x30A1, 0x38E2, 0x30C1, 0x30C1, 0x28A1, 0x2881, 0x30A1,
    0x28A1, 0x28A1, 0x38E2, 0x4902, 0x38C1, 0x40C2, 0x4923, 0x38C2,
    0x38E2, 0x40E2, 0x38C2, 0x30A1, 0x38E2, 0x38C2, 0x2881, 0x3081,
    0x3081, 0x2881, 0x2060, 0x30A1, 0x2881, 0x2880, 0x2860, 0x2040,
    0x2881, 0x30A1, 0x2860, 0x2860, 0x2880, 0x4902, 0x5122, 0x40C1,
    0x3080, 0x38A1, 0x40C1, 0x40C1, 0x5101, 0x8286, 0xCD0E, 0xC4CD,
    0xC4AC, 0xC48B, 0xC46B, 0xC46B, 0xCC8B, 0xCCAC, 0xCCAC, 0xC4CD,
    0xC4EF, 0xC511, 0xC533, 0xC575, 0xC5B6, 0xC5D8, 0xC5F8, 0xC619,
    0xC619, 0xC619, 0xC619, 0xC619, 0xC61A, 0xC61A, 0xC63A, 0xC63A,
    0xC63A, 0xC61A, 0xC63A, 0xF6F8, 0xFED4, 0xFEB3, 0xEDAD, 0xDC25,
    0xDC45, 0xD3E4, 0xDC66, 0xE52A, 0xEDCD, 0xEE0F, 0xEDEE, 0xE58C,
    0xE5AD, 0xE56B, 0xD446, 0xA280, 0x89C0, 0x8180, 0x7140, 0x81C0,
    0x7960, 0x7980, 0x7960, 0x7140, 0x7140, 0x5900, 0x6940, 0x81A0,
    0x7980, 0x7980, 0x7160, 0x7960, 0x7160, 0x6940, 0x7960, 0x7140,
    0x9221, 0xCC68, 0xD4EA, 0xD4AA, 0xDD0B, 0xDCEA, 0xCBE6, 0xD488,
    0xE4E9, 0xFDEE, 0xE5F3, 0xC65C, 0xBE5C, 0xBE5C, 0xC65C, 0xBE5C,
    0xBE5C, 0xBE5C, 0xBE5C, 0xBE3C, 0xBE3C, 0xBE3C, 0xBE3C, 0xBE3B,
    0xBE3B, 0xBE3B, 0xBE3B, 0xBE3B, 0xBE3B, 0xB63B, 0xBE3B, 0xBE3B,
    0xBE3B, 0xBE3B, 0xBE3B, 0xBE3B, 0xBE3B, 0xBE3B, 0xBE1B, 0xBE1B,
    0xB61B, 0xB61B, 0xB5FA, 0xB5DA, 0xADD9, 0xADD9, 0xA5B8, 0xA598,
    0xA577, 0x9D76, 0x9D77, 0xA577, 0xA597, 0xA598, 0xA598, 0xA577,
    0x9D56, 0x9535, 0x8CF4, 0x84D3, 0x7C91, 0x7450, 0x7430, 0x7430,
    0x7450, 0x7471, 0x7C92, 0x84D4, 0x8CF4, 0x8D15, 0x9516, 0x9536,
    0x9536, 0x9536, 0x8D15, 0x84D4, 0x7C93, 0x7451, 0x6BEF, 0x638D,
    0x5B6B, 0x5B6A, 0x5B49, 0x5327, 0x5304, 0x5321, 0x5340, 0x5B80,
    0x5BA0, 0x63C0, 0x63C0, 0x63C0, 0x5BA0, 0x5BA0, 0x5BA0, 0x5B80,
    0x5360, 0x5340, 0x4B00, 0x42E0, 0x42A0, 0x3A60, 0x3A60, 0x3240,
    0x3A60, 0x3A60, 0x3A82, 0x42A3, 0x4AC4, 0x4AE5, 0x5306, 0x5327,
    0xDD2A, 0xDD2A, 0xD50B, 0xCCAB, 0xBC6C, 0xB40D, 0x9BAE, 0x7B70,
    0x4B74, 0x1B97, 0x1398, 0x1B99, 0x9BEF, 0x7225, 0x59A4, 0x3902,
    0x30C1, 0x30E2, 0x38C1, 0x30C2, 0x30A1, 0x30A1, 0x38E2, 0x38E2,
    0x30A1, 0x4102, 0x4102, 0x38E2, 0x4102, 0x4102, 0x4922, 0x30C2,
    0x38E2, 0x38E2, 0x40E2, 0x4102, 0x4102, 0x30A1, 0x2060, 0x30A1,
    0x30A1, 0x2061, 0x28A1, 0x30A1, 0x2881, 0x3081, 0x2881, 0x2060,
    0x2040, 0x2860, 0x3081, 0x2060, 0x2060, 0x2880, 0x38C1, 0x38A0,
    0x38A1, 0x38A0, 0x4101, 0x6182, 0x7A03, 0xA388, 0xD54F, 0xC4CD,
    0xC4AC, 0xC48B, 0xC46B, 0xC48B, 0xCCAB, 0xCCAC, 0xCCAC, 0xC4CD,
    0xC4EF, 0xC511, 0xC533, 0xC575, 0xC5B6, 0xC5D8, 0xC5F8, 0xC619,
    0xC619, 0xC619, 0xC619, 0xC619, 0xC61A, 0xC61A, 0xC61A, 0xC61A,
    0xC63A, 0xC61A, 0xC63A, 0xF695, 0xFE71, 0xFE92, 0xF62F, 0xEDCD,
    0xEDAD, 0xEDEE, 0xEE0F, 0xF630, 0xEDEE, 0xEE0F, 0xEDEE, 0xEDAC,
    0xEDAD, 0xE54B, 0xDD0A, 0xB323, 0x91C0, 0x7960, 0x8180, 0x89E0,
    0x7120, 0x7140, 0x81A0, 0x7160, 0x6940, 0x6940, 0x6940, 0x7980,
    0x81C0, 0x89C0, 0x81A0, 0x7960, 0x7140, 0x6920, 0x7140, 0x8180,
    0xA261, 0xCC68, 0xD50B, 0xD4CA, 0xDD0B, 0xDD2B, 0xD447, 0xDCA9,
    0xE50B, 0xFE2F, 0xE656, 0xBE5C, 0xBE5C, 0xBE5C, 0xBE5C, 0xBE5C,
    0xBE5C, 0xBE5C, 0xBE5C, 0xBE3C, 0xBE3C, 0xBE3B, 0xBE3B, 0xBE3B,
    0xBE3B, 0xBE3B, 0xBE3B, 0xBE3B, 0xBE3B, 0xB61B, 0xB61B, 0xB61B,
    0xB61B, 0xB61B, 0xB61B, 0xB63B, 0xB61B, 0xB63B, 0xB61B, 0xB61B,
    0xB61B, 0xB61B, 0xB5FA, 0xB5FA, 0xADD9, 0xADD9, 0xADB9, 0xA5B8,
    0xA598, 0xA598, 0xA5B8, 0xADB8, 0xADD9, 0xADD9, 0xADD9, 0xA5B8,
    0x9D77, 0x9535, 0x8CF4, 0x84B2, 0x7C70, 0x742F, 0x6BED, 0x63CD,
    0x6BEE, 0x6C30, 0x7471, 0x7C93, 0x84D4, 0x84D4, 0x8CF5, 0x8CF5,
    0x8CF5, 0x8CF5, 0x84D5, 0x84B4, 0x7C72, 0x7431, 0x6BCF, 0x638C,
    0x5B6B, 0x5B6A, 0x5B4A, 0x5327, 0x5325, 0x5342, 0x5340, 0x5B60,
    0x5BA0, 0x63C0, 0x63C0, 0x5BA0, 0x5BA0, 0x5BA0, 0x5B80, 0x5360,
    0x5340, 0x4B20, 0x4AE0, 0x42A0, 0x3A60, 0x3240, 0x3220, 0x3220,
    0x3240, 0x3240, 0x3A61, 0x3A62, 0x42A3, 0x42C4, 0x4AE5, 0x4B06,
    0xD50A, 0xD50A, 0xD4EA, 0xC4AB, 0xBC4C, 0xABED, 0x93AE, 0x7370,
    0x4354, 0x1B96, 0x1397, 0x1BB8, 0xA471, 0x8AC7, 0x5164, 0x5143,
    0x30C1, 0x3902, 0x38C2, 0x2081, 0x30C2, 0x30C1, 0x38E2, 0x38E2,
    0x30C2, 0x38E2, 0x40E2, 0x4102, 0x30C2, 0x38E2, 0x38E2, 0x4102,
    0x40E2, 0x30A1, 0x30C1, 0x30A1, 0x30A1, 0x2881, 0x2881, 0x3081,
    0x2060, 0x2061, 0x1840, 0x30A1, 0x3081, 0x2881, 0x2860, 0x2860,
    0x2881, 0x2860, 0x2880, 0x30C1, 0x2880, 0x38C1, 0x40E1, 0x5962,
    0x5141, 0x5961, 0x8263, 0xA346, 0xAB65, 0xDD2D, 0xE5F2, 0xC4CD,
    0xC4AC, 0xC48B, 0xC46B, 0xCC8B, 0xCCAB, 0xCCAB, 0xCCAC, 0xCCCD,
    0xC4EF, 0xC511, 0xC533, 0xC575, 0xC5B7, 0xC5D8, 0xC5F8, 0xC619,
    0xC619, 0xC619, 0xC619, 0xC619, 0xC61A, 0xC61A, 0xC61A, 0xC61A,
    0xC61A, 0xC61A, 0xCE38, 0xF5AD, 0xF56B, 0xFE92, 0xF60F, 0xF630,
    0xF671, 0xF630, 0xF630, 0xF630, 0xEE0F, 0xEE0F, 0xEE0F, 0xED8C,
    0xEDAD, 0xE56C, 0xE54B, 0xCC67, 0xA2A1, 0x89E0, 0x89C0, 0x81A0,
    0x7980, 0x7980, 0x89C0, 0x7980, 0x81C0, 0x81C0, 0x6940, 0x7180,
    0x7980, 0x8180, 0x7980, 0x7140, 0x7160, 0x7140, 0x7980, 0x81A0,
    0xB323, 0xCC48, 0xDCEB, 0xD4EA, 0xD4CA, 0xDD2B, 0xDCA9, 0xDCC9,
    0xE54C, 0xF60F, 0xEE33, 0xC63A, 0xBE5C, 0xBE5C, 0xBE5C, 0xBE5C,
    0xBE5C, 0xBE3C, 0xBE3C, 0xBE3C, 0xBE3B, 0xBE3B, 0xBE3B, 0xBE3B,
    0xBE3B, 0xBE3B, 0xBE3B, 0xB61B, 0xB61B, 0xB61B, 0xB61B, 0xB61B,
    0xB61B, 0xB61B, 0xB61B, 0xB61B, 0xB61B, 0xB61B, 0xB61B, 0xB61B,
    0xB61B, 0xB61B, 0xB5FA, 0xB5FA, 0xADFA, 0xADD9, 0xADD9, 0xADD9,
    0xADD9, 0xADD9, 0xADD9, 0xB5FA, 0xB5FA, 0xB5FA, 0xADF9, 0xADB8,
    0xA597, 0x9556, 0x8D14, 0x84D2, 0x7C70, 0x6C2E, 0x63EC, 0x63AB,
    0x63CD, 0x6C0F, 0x7451, 0x7472, 0x7CB3, 0x7CB3, 0x84B4, 0x84B3,
    0x7C93, 0x7C93, 0x7C93, 0x7C93, 0x7452, 0x6C10, 0x63CE, 0x5B6C,
    0x5B6A, 0x5B4A, 0x5329, 0x5327, 0x5325, 0x5344, 0x5340, 0x5360,
    0x5B80, 0x5BA0, 0x5BC0, 0x5BA0, 0x5B80, 0x5B80, 0x5380, 0x5340,
    0x4B20, 0x4AE0, 0x42C0, 0x3A60, 0x3220, 0x3200, 0x2A00, 0x2A00,
    0x3220, 0x3240, 0x3A41, 0x3A62, 0x3A83, 0x42A3, 0x42A4, 0x4AC5,
    0xD50A, 0xD50A, 0xD4EA, 0xC4AB, 0xBC4C, 0xABED, 0x938E, 0x7350,
    0x4353, 0x1376, 0x1B97, 0x1398, 0x6415, 0xB3EB, 0x69C5, 0x5983,
    0x38E1, 0x30C1, 0x30A1, 0x30A1, 0x30A1, 0x30A1, 0x38C2, 0x30A1,
    0x28A1, 0x28A1, 0x30A1, 0x40E2, 0x30C1, 0x30A1, 0x38E2, 0x38C2,
    0x2881, 0x30C1, 0x4102, 0x4102, 0x38C1, 0x30A1, 0x30A1, 0x30A1,
    0x2060, 0x2881, 0x28A1, 0x2860, 0x2040, 0x1840, 0x2040, 0x2040,
    0x2040, 0x2880, 0x2860, 0x3080, 0x4901, 0x38C1, 0x4901, 0xB365,
    0xA2E4, 0xB385, 0xAB45, 0xCC89, 0xCC69, 0xE5AE, 0xEE53, 0xCCEE,
    0xC4AC, 0xC48B, 0xC46A, 0xC48B, 0xCCAB, 0xCCAB, 0xCCAC, 0xCCCD,
    0xC4EF, 0xC511, 0xC533, 0xC575, 0xC5B7, 0xC5D8, 0xC5F8, 0xC619,
    0xC619, 0xC619, 0xC619, 0xC619, 0xC61A, 0xC61A, 0xC61A, 0xC61A,
    0xC619, 0xBE3A, 0xCDD6, 0xF54A, 0xED09, 0xF651, 0xF630, 0xF650,
    0xF692, 0xF650, 0xF651, 0xF650, 0xEE0F, 0xF60F, 0xEE0F, 0xE56B,
    0xEDCD, 0xE58C, 0xE54B, 0xDD0A, 0xCC26, 0xBB83, 0xB2E1, 0x9200,
    0x9200, 0x89A0, 0x81A0, 0x81C0, 0x81C0, 0x81A0, 0x89C0, 0x89C0,
    0x7980, 0x7980, 0x7160, 0x81A0, 0x81A0, 0x7980, 0x7160, 0x9200,
    0xC3A4, 0xCC89, 0xD4A9, 0xDD2C, 0xCC68, 0xC3E7, 0xCC27, 0xCBC5,
    0xE4A8, 0xF5EE, 0xF632, 0xC619, 0xBE5C, 0xBE5C, 0xBE5C, 0xBE5C,
    0xBE3C, 0xBE3C, 0xBE3C, 0xBE3C, 0xBE3C, 0xBE3C, 0xBE3B, 0xBE3B,
    0xBE3B, 0xBE3B, 0xB61B, 0xB61B, 0xB61B, 0xB61B, 0xB61B, 0xB61B,
    0xB61B, 0xB61B, 0xB61B, 0xB61B, 0xB61B, 0xB61B, 0xB61B, 0xB61B,
    0xB61B, 0xB61B, 0xB5FB, 0xB5FA, 0xB5FA, 0xB5FA, 0xB5FA, 0xADF9,
    0xB5F9, 0xB5FA, 0xB61A, 0xB61A, 0xB61B, 0xB61A, 0xADF9, 0xADD8,
    0xA597, 0x9D56, 0x8D14, 0x84D2, 0x7C70, 0x6C2D, 0x63EC, 0x63CC,
    0x63CD, 0x6C0F, 0x7430, 0x7452, 0x7C92, 0x7C93, 0x7C93, 0x7472,
    0x7451, 0x6C31, 0x6C31, 0x6C31, 0x6C10, 0x63CF, 0x638D, 0x5B6C,
    0x5B6B, 0x5B4A, 0x5349, 0x5327, 0x5325, 0x5324, 0x5341, 0x5340,
    0x5360, 0x5B80, 0x5BA0, 0x5B80, 0x5380, 0x5360, 0x5340, 0x4B20,
    0x4B00, 0x42C0, 0x3A80, 0x3220, 0x2A00, 0x29E0, 0x29E0, 0x2A00,
    0x3200, 0x3220, 0x3241, 0x3A62, 0x3A62, 0x3A83, 0x42A4, 0x4AC4,
    0xDD09, 0xD50A, 0xCCEA, 0xC48B, 0xBC4C, 0xABED, 0x938E, 0x7350,
    0x3B53, 0x1376, 0x1B97, 0x1377, 0x4C38, 0xCCCF, 0x8A87, 0x5983,
    0x4102, 0x40E2, 0x38C1, 0x30C1, 0x38E2, 0x38E2, 0x38C2, 0x30A1,
    0x30A1, 0x38C2, 0x38E2, 0x2881, 0x30A1, 0x4102, 0x4102, 0x4923,
    0x4102, 0x5163, 0x4902, 0x4923, 0x38C1, 0x30C1, 0x38C1, 0x38C1,
    0x40E2, 0x38C1, 0x40E2, 0x2860, 0x2060, 0x2060, 0x2860, 0x2040,
    0x2040, 0x1840, 0x1820, 0x2020, 0x79E3, 0x9AC4, 0x92A3, 0xCC27,
    0xCC27, 0xD468, 0xCC27, 0xD468, 0xE52B, 0xED8D, 0xF694, 0xCD0E,
    0xC48C, 0xC48B, 0xC46A, 0xCC8B, 0xCCAB, 0xCCAB, 0xCCAC, 0xCCCD,
    0xC4EF, 0xC511, 0xC533, 0xC575, 0xC5B6, 0xC5D8, 0xC5F8, 0xC619,
    0xC619, 0xC619, 0xC619, 0xC619, 0xC63A, 0xC61A, 0xC61A, 0xC63A,
    0xC619, 0xC63A, 0xD5B4, 0xF52A, 0xED09, 0xED8D, 0xF630, 0xF630,
    0xF671, 0xF671, 0xF692, 0xF650, 0xEE0F, 0xF650, 0xEDEE, 0xEDAD,
    0xEDCE, 0xE58C, 0xE54B, 0xE52A, 0xD488, 0xD467, 0xD467, 0xC3C4,
    0xC383, 0xAAA1, 0x9200, 0x89E0, 0x91E0, 0x81A0, 0x91E0, 0x91E0,
    0x89E0, 0x7140, 0x7960, 0x81A0, 0x81A0, 0x81C0, 0x9200, 0xAAC1,
    0xCC27, 0xCC89, 0xD4A9, 0xDCCA, 0xCC47, 0x9221, 0xB324, 0xC364,
    0xDC47, 0xF58C, 0xF631, 0xCE3A, 0xBE5C, 0xBE5C, 0xBE5C, 0xBE5C,
    0xBE3C, 0xBE3C, 0xBE3C, 0xBE3C, 0xBE3B, 0xBE3C, 0xBE3B, 0xBE3B,
    0xB61B, 0xBE1B, 0xB61B, 0xB61B, 0xB61B, 0xB61B, 0xB61B, 0xB61B,
    0xB61B, 0xB61B, 0xB61B, 0xB61B, 0xB61B, 0xB61B, 0xB61B, 0xB61B,
    0xB61B, 0xB61B, 0xB61B, 0xB61B, 0xB5FA, 0xB5FA, 0xB5FA, 0xB5FA,
    0xB61A, 0xB61A, 0xB61A, 0xB61B, 0xB61A, 0xB5FA, 0xADD9, 0xA5B8,
    0xA596, 0x9555, 0x8D13, 0x84B1, 0x746E, 0x742C, 0x6C2C, 0x6C0C,
    0x6C0E, 0x6C30, 0x7451, 0x7451, 0x7472, 0x7472, 0x7472, 0x6C31,
    0x63EF, 0x63AE, 0x5BAE, 0x63AF, 0x63AE, 0x5B8D, 0x5B8D, 0x5B6C,
    0x5B6C, 0x5B6B, 0x5B4A, 0x5348, 0x5347, 0x5325, 0x5322, 0x5320,
    0x5340, 0x5360, 0x5360, 0x5360, 0x5360, 0x5340, 0x4B20, 0x4B00,
    0x42C0, 0x3A80, 0x3240, 0x2A00, 0x29E0, 0x29E0, 0x29E0, 0x2A00,
    0x2A00, 0x3220, 0x3241, 0x3A42, 0x3A62, 0x3A63, 0x42A3, 0x42A4,
    0xDD09, 0xD50A, 0xCCEA, 0xC48B, 0xBC4C, 0xABED, 0x938E, 0x7350,
    0x3B53, 0x1B76, 0x1B97, 0x1B97, 0x3BD7, 0xA493, 0xA349, 0x61C4,
    0x4102, 0x4922, 0x30A1, 0x38E2, 0x38E2, 0x30A1, 0x30A1, 0x38C1,
    0x30A1, 0x38C1, 0x38E2, 0x38E2, 0x4943, 0x4102, 0x38E2, 0x40E2,
    0x5163, 0x38C2, 0x40E2, 0x4102, 0x38E2, 0x38E2, 0x38C1, 0x40E2,
    0x30C1, 0x1840, 0x30A1, 0x30A1, 0x2040, 0x2060, 0x3080, 0x38C1,
    0x38A0, 0x48E0, 0x71E2, 0x9283, 0xBB64, 0xD427, 0xDC67, 0xCC27,
    0xDCCA, 0xD488, 0xD488, 0xE50B, 0xDD0B, 0xED8D, 0xF6B4, 0xD54F,
    0xC48B, 0xC48B, 0xC46A, 0xCC8B, 0xCCAB, 0xCCAB, 0xCCAC, 0xCCCD,
    0xC4EF, 0xC511, 0xC533, 0xC575, 0xC5B6, 0xC5D8, 0xC5F8, 0xC619,
    0xC619, 0xC619, 0xC619, 0xC619, 0xC619, 0xC63A, 0xC61A, 0xC63A,
    0xC63A, 0xC63A, 0xDD71, 0xF4E9, 0xECE9, 0xDC88, 0xE58D, 0xF650,
    0xF651, 0xF672, 0xF671, 0xF650, 0xEDCD, 0xEDAD, 0xE50A, 0xDC88,
    0xE52B, 0xE54B, 0xE56B, 0xDD2A, 0xDCC9, 0xD4A8, 0xD4C9, 0xDCC9,
    0xD4A8, 0xD487, 0xC3A4, 0xB302, 0xAAC1, 0x91E0, 0x9200, 0x89C0,
    0x81A0, 0x81C0, 0x7140, 0x7160, 0x81A0, 0x81A0, 0x89E0, 0xBB42,
    0xCC88, 0xD4A9, 0xD4CA, 0xCC48, 0xBBA6, 0x9A62, 0xA241, 0xC344,
    0xD3E5, 0xECE9, 0xF5CE, 0xDE37, 0xBE5C, 0xBE5C, 0xBE5C, 0xBE3C,
    0xBE3C, 0xBE3C, 0xBE3C, 0xBE3C, 0xB61B, 0xB61B, 0xBE3B, 0xBE3B,
    0xBE1B, 0xB61B, 0xB61B, 0xB61B, 0xB61B, 0xB61B, 0xB61B, 0xB61B,
    0xB61B, 0xB61B, 0xB61B, 0xB61B, 0xB61B, 0xB61B, 0xB61B, 0xB61B,
    0xB61B, 0xB61B, 0xB5FA, 0xB5FA, 0xB5FA, 0xB5FA, 0xB61A, 0xB61A,
    0xB61A, 0xB61A, 0xB61A, 0xB61A, 0xB61A, 0xADF9, 0xADB8, 0xA597,
    0x9D75, 0x9533, 0x84F1, 0x7C8E, 0x744C, 0x744B, 0x744B, 0x744C,
    0x744F, 0x7470, 0x7470, 0x7451, 0x7451, 0x7451, 0x6C30, 0x63EF,
    0x5BAD, 0x536C, 0x532B, 0x532C, 0x534C, 0x534C, 0x5B8D, 0x5B8D,
    0x5B8D, 0x5B6C, 0x5B4B, 0x5B4A, 0x5B49, 0x5347, 0x5323, 0x4B20,
    0x5320, 0x5340, 0x5340, 0x5340, 0x5340, 0x4B20, 0x4AE0, 0x42C0,
    0x3A80, 0x3240, 0x3200, 0x29E0, 0x29E0, 0x29E0, 0x29E0, 0x29E0,
    0x2A00, 0x3220, 0x3221, 0x3A42, 0x3A62, 0x3A62, 0x3A82, 0x3A82,
    0xD50A, 0xD50A, 0xCCCA, 0xC48B, 0xBC4C, 0xABED, 0x938E, 0x6B51,
    0x3B53, 0x1B76, 0x1B97, 0x1B97, 0x3396, 0x6C16, 0xBC6F, 0x7205,
    0x5143, 0x5983, 0x40E2, 0x38C2, 0x38C1, 0x38C1, 0x2881, 0x38C2,
    0x38C1, 0x4102, 0x38C2, 0x40E2, 0x4102, 0x38C1, 0x4102, 0x4902,
    0x40E2, 0x4102, 0x4923, 0x38C1, 0x2881, 0x38E2, 0x38C1, 0x30A1,
    0x2881, 0x2880, 0x3080, 0x2040, 0x1820, 0x5142, 0x69A2, 0xA304,
    0xBBA6, 0xA305, 0xC3E6, 0xDC26, 0xDC47, 0xD426, 0xDC47, 0xCBC5,
    0xE4EA, 0xE50A, 0xE54B, 0xE52B, 0xE56D, 0xED8D, 0xFED4, 0xE5F2,
    0xC48B, 0xC48B, 0xC46B, 0xCC8B, 0xCCAB, 0xCCAB, 0xCCAB, 0xCCCD,
    0xC4EF, 0xC511, 0xC533, 0xC575, 0xC596, 0xC5D8, 0xC5F8, 0xC619,
    0xC619, 0xC619, 0xC619, 0xC619, 0xC619, 0xC61A, 0xC63A, 0xC63A,
    0xC63A, 0xC63B, 0xCDB5, 0xF54B, 0xECE9, 0xCBA4, 0xDCEB, 0xFE91,
    0xF672, 0xFEB3, 0xF650, 0xE52A, 0xD446, 0xCBE5, 0xC322, 0xBAE2,
    0xBB43, 0xD488, 0xE56C, 0xE54B, 0xDCC9, 0xD4A8, 0xDD0A, 0xD488,
    0xD4A8, 0xD4C9, 0xD4A8, 0xD4A8, 0xCC47, 0xB322, 0x91E0, 0x9220,
    0x89E0, 0x81A0, 0x7960, 0x7160, 0x81C0, 0x81A0, 0x81A0, 0xB343,
    0xD4CA, 0xDCEA, 0xDD0B, 0xCC48, 0xA2A2, 0xAAC3, 0xA200, 0xBAE3,
    0xCB84, 0xE488, 0xECC8, 0xDDD4, 0xBE5D, 0xBE5C, 0xBE5C, 0xBE3C,
    0xBE3C, 0xBE3C, 0xBE3C, 0xBE3B, 0xBE1B, 0xB61B, 0xB61B, 0xB61B,
    0xB61B, 0xB61B, 0xB61B, 0xB61B, 0xB61B, 0xB61B, 0xB61B, 0xB61B,
    0xB61B, 0xB61B, 0xB61B, 0xB61B, 0xB61B, 0xB61B, 0xB61B, 0xB61A,
    0xB5FA, 0xB5FA, 0xB5FA, 0xB5FA, 0xB5FA, 0xB5FA, 0xB5FA, 0xB5FA,
    0xB5FA, 0xB5FA, 0xB5FA, 0xB5FA, 0xADD9, 0xADD8, 0xA597, 0x9D76,
    0x9553, 0x8CF1, 0x84AE, 0x744B, 0x6C28, 0x7428, 0x744A, 0x7C8D,
    0x7C8F, 0x7C90, 0x7C90, 0x7C70, 0x7470, 0x7450, 0x6C0F, 0x63AD,
    0x536B, 0x4B0A, 0x42C8, 0x42C8, 0x42C9, 0x532B, 0x5B8D, 0x5B8E,
    0x638E, 0x5B8D, 0x5B6C, 0x5B6B, 0x5B6B, 0x5B69, 0x5325, 0x4B00,
    0x4B00, 0x4B00, 0x4B00, 0x4B00, 0x4B00, 0x42E0, 0x42A0, 0x3A80,
    0x3240, 0x3200, 0x29E0, 0x29C0, 0x29C0, 0x29E0, 0x29E0, 0x2A00,
    0x2A00, 0x3221, 0x3241, 0x3A42, 0x3A62, 0x3A62, 0x3A62, 0x3A61,
    0xD50A, 0xD50A, 0xCCCA, 0xC48B, 0xBC2C, 0xABCD, 0x936E, 0x6B51,
    0x3B53, 0x1B76, 0x1B97, 0x1B97, 0x33B6, 0x63F6, 0xB4D2, 0xA349,
    0x5983, 0x69E4, 0x5143, 0x4102, 0x40E2, 0x38C1, 0x38C1, 0x30C1,
    0x38C1, 0x40E2, 0x40E2, 0x38C1, 0x4102, 0x4902, 0x4902, 0x40E2,
    0x40E2, 0x4102, 0x38E2, 0x40E2, 0x38C1, 0x30C1, 0x40E1, 0x30A1,
    0x30A1, 0x40E1, 0x3080, 0x38C1, 0x48C0, 0xB345, 0xC3C5, 0xCBE6,
    0xDC66, 0xDC88, 0xD447, 0xDC67, 0xDC67, 0xDC46, 0xDC67, 0xDCA8,
    0xE4E9, 0xE52A, 0xED8C, 0xED6D, 0xED6C, 0xEDAE, 0xF693, 0xEE74,
    0xCCCD, 0xC48B, 0xCC8B, 0xCC8B, 0xCCAB, 0xCCAB, 0xCCAB, 0xCCCD,
    0xC4EF, 0xC511, 0xC533, 0xC575, 0xC596, 0xC5D7, 0xC5F8, 0xC5F9,
    0xC619, 0xC619, 0xC619, 0xC619, 0xC619, 0xC619, 0xC61A, 0xC61A,
    0xC619, 0xC65B, 0xD573, 0xF54A, 0xF54B, 0xCBA4, 0xE54D, 0xFEB3,
    0xF693, 0xFE70, 0xE4E9, 0xC322, 0xBB02, 0xBAC1, 0xB2C1, 0xAAA1,
    0xAA81, 0xBAE2, 0xCBE5, 0xDCEA, 0xDCEA, 0xD4A8, 0xDD0A, 0xD4A7,
    0xDCE9, 0xDD0A, 0xDCC9, 0xDCE9, 0xD4C9, 0xD487, 0xB302, 0x9A40,
    0x89C0, 0x81A0, 0x81A0, 0x8180, 0x7980, 0x81A0, 0x89E0, 0xBBA4,
    0xD4EA, 0xDD0B, 0xDD0B, 0xD4EB, 0xA2A2, 0x9A01, 0xAA61, 0xB2A1,
    0xCB85, 0xE488, 0xECA8, 0xDD92, 0xC65C, 0xBE5C, 0xBE5C, 0xBE3C,
    0xBE5C, 0xBE3C, 0xBE3C, 0xBE3C, 0xBE1B, 0xBE1B, 0xB61B, 0xB61B,
    0xB61B, 0xB61B, 0xB61B, 0xB61B, 0xB61B, 0xB61B, 0xB61B, 0xB61B,
    0xB61B, 0xB61B, 0xB61B, 0xB61B, 0xB5FB, 0xB5FA, 0xB5FA, 0xB5FA,
    0xADFA, 0xADD9, 0xADD9, 0xADD9, 0xADD9, 0xADD9, 0xADD9, 0xADD9,
    0xADD9, 0xADD9, 0xADD9, 0xADD9, 0xADB8, 0xA597, 0x9D76, 0x9554,
    0x8D11, 0x84AE, 0x746B, 0x6C07, 0x6C05, 0x7427, 0x7C6B, 0x7CAD,
    0x84AF, 0x7CAF, 0x7CAF, 0x7C90, 0x7C90, 0x746F, 0x6C0E, 0x5B8C,
    0x532A, 0x42C7, 0x3A85, 0x3A85, 0x42A8, 0x4B2C, 0x5B8E, 0x63CF,
    0x63CF, 0x63AF, 0x63AE, 0x63AE, 0x63AD, 0x5B6B, 0x5326, 0x4B01,
    0x4AE0, 0x42E0, 0x42E0, 0x42E0, 0x42C0, 0x3AA0, 0x3A60, 0x3240,
    0x3220, 0x29E0, 0x29C0, 0x29C0, 0x29E0, 0x29E0, 0x2A00, 0x2A00,
    0x3221, 0x3241, 0x3242, 0x3A62, 0x3A82, 0x3A82, 0x3A82, 0x3A81,
    0xD50A, 0xD50A, 0xCCCA, 0xC48B, 0xBC2C, 0xABCD, 0x936E, 0x6B51,
    0x3B53, 0x1B76, 0x1B97, 0x1B97, 0x3BB6, 0x63F6, 0x9C95, 0xCCCF,
    0x8AA6, 0x61C4, 0x4922, 0x40E2, 0x4102, 0x38C1, 0x38C1, 0x38C2,
    0x38E2, 0x38C1, 0x30C1, 0x38C2, 0x38E2, 0x38E2, 0x30C1, 0x38C2,
    0x38E2, 0x4902, 0x38C1, 0x38E2, 0x4102, 0x4102, 0x40E1, 0x40E1,
    0x38A1, 0x40A0, 0x5121, 0x7A23, 0x9AC4, 0xC3A5, 0xDC88, 0xE4E9,
    0xE4E9, 0xDCA7, 0xE487, 0xE4C9, 0xE4C8, 0xED09, 0xED2A, 0xED2A,
    0xE50A, 0xED6C, 0xED4C, 0xED8D, 0xED8C, 0xED6C, 0xF652, 0xEE73,
    0xCCCD, 0xC48B, 0xCC8B, 0xCC8B, 0xCCAB, 0xCCAB, 0xCCAB, 0xCCCD,
    0xC4EF, 0xC511, 0xC533, 0xC575, 0xC5B6, 0xC5D7, 0xC5F8, 0xC5F9,
    0xC619, 0xC619, 0xC619, 0xC619, 0xC619, 0xC619, 0xC619, 0xC619,
    0xC61A, 0xC65B, 0xD50F, 0xFD4A, 0xF54A, 0xD3E5, 0xDD0B, 0xFEB3,
    0xFEB3, 0xF56B, 0xC342, 0xAA81, 0xAA40, 0xB2A1, 0xAAA1, 0xAA81,
    0xAA60, 0xAA60, 0xB2A0, 0xC3A4, 0xD468, 0xDCE9, 0xDD2A, 0xDCE9,
    0xDD09, 0xDD0A, 0xDCE9, 0xDD0A, 0xDD0A, 0xDCE9, 0xD487, 0xBB83,
    0x9220, 0x91E0, 0x81A0, 0x89C0, 0x9200, 0x89C0, 0xAAE2, 0xD488,
    0xDCEA, 0xDD2B, 0xDD0A, 0xD4CA, 0xAAE3, 0x89A0, 0xA220, 0xAA81,
    0xBB03, 0xE467, 0xECC9, 0xE54F, 0xC65B, 0xBE5C, 0xBE3C, 0xBE3C,
    0xBE3C, 0xBE3C, 0xBE3C, 0xBE3B, 0xB61C, 0xB61B, 0xB61B, 0xB61B,
    0xB61B, 0xB61B, 0xB61B, 0xB61B, 0xB61B, 0xB61B, 0xB61B, 0xB61B,
    0xB61B, 0xB61B, 0xB61B, 0xB5FB, 0xB5FA, 0xB5FA, 0xADD9, 0xADD9,
    0xADD9, 0xADB8, 0xADB8, 0xADB8, 0xADB8, 0xADB7, 0xADB7, 0xA5B7,
    0xA5B7, 0xA597, 0xA597, 0xA597, 0xA576, 0x9D75, 0x9554, 0x8D12,
    0x84CF, 0x7C6C, 0x7427, 0x6BE3, 0x6C04, 0x7428, 0x7C8B, 0x84CD,
    0x84CE, 0x84CE, 0x84CE, 0x84AF, 0x7CAF, 0x7C6F, 0x6C0D, 0x63AB,
    0x5328, 0x42C7, 0x3AA6, 0x3AA7, 0x42EA, 0x534D, 0x63D0, 0x6C12,
    0x6C12, 0x6BF1, 0x6BF0, 0x63CF, 0x63AE, 0x5B6C, 0x5328, 0x42E3,
    0x42C0, 0x42A0, 0x42A0, 0x42A0, 0x3A80, 0x3A60, 0x3220, 0x3200,
    0x29E0, 0x29E0, 0x29C0, 0x29E0, 0x29E1, 0x2A01, 0x3222, 0x3222,
    0x3241, 0x3242, 0x3A62, 0x3A62, 0x3A82, 0x3A82, 0x3A82, 0x3A81,
    0xD50A, 0xD50A, 0xCCCA, 0xC48B, 0xBC2C, 0xA3AD, 0x8B6E, 0x6B51,
    0x3B53, 0x1B76, 0x1B96, 0x1B96, 0x3B96, 0x63F5, 0x9475, 0xBCF2,
    0xB3EB, 0x69C4, 0x5163, 0x4922, 0x4922, 0x4102, 0x38C1, 0x38C1,
    0x38C1, 0x30C1, 0x38C1, 0x30A1, 0x38C1, 0x38C1, 0x38C1, 0x38C1,
    0x38C1, 0x40E2, 0x38E2, 0x4102, 0x38C1, 0x4902, 0x4901, 0x38A0,
    0x40C0, 0x8222, 0xBBA5, 0xC3E6, 0xD447, 0xD467, 0xCBC5, 0xDC46,
    0xECE8, 0xE4C7, 0xED29, 0xED4B, 0xECE9, 0xED2A, 0xF5AD, 0xED6B,
    0xED2A, 0xED6C, 0xED6C, 0xED6C, 0xE54B, 0xE50A, 0xF630, 0xEE52,
    0xCCAB, 0xCC8B, 0xC48B, 0xCC8B, 0xCCAB, 0xCCAB, 0xCCAB, 0xCCAC,
    0xC4EF, 0xC511, 0xC533, 0xC574, 0xC596, 0xC5D7, 0xC5F8, 0xC5F8,
    0xC5F8, 0xC5F8, 0xC5F8, 0xC5F8, 0xC619, 0xC619, 0xC619, 0xC619,
    0xC619, 0xC61A, 0xE591, 0xFDAC, 0xF52A, 0xD3E5, 0xE56D, 0xFED4,
    0xFE92, 0xE4A7, 0xB2C1, 0xA240, 0xB2A1, 0xB2A1, 0xAA81, 0xAA81,
    0xA240, 0xB280, 0xAA60, 0xAAA1, 0xB2E2, 0xC3A4, 0xCC47, 0xDD0A,
    0xDD2A, 0xDD2A, 0xDD09, 0xDCE9, 0xE54B, 0xD4C9, 0xD4C9, 0xD487,
    0xC3E5, 0xA260, 0x9200, 0x9A40, 0xAAA0, 0xBB43, 0xCC47, 0xDD0A,
    0xDD2B, 0xDD4C, 0xDD2B, 0xC428, 0x9221, 0x89C0, 0x9200, 0xB2A2,
    0xBAE3, 0xDC27, 0xEC88, 0xE56F, 0xC65C, 0xBE5C, 0xBE3C, 0xBE3C,
    0xBE3C, 0xBE3C, 0xBE3C, 0xBE3C, 0xBE3C, 0xBE1C, 0xB61B, 0xB61B,
    0xB61B, 0xB61B, 0xB61B, 0xB61B, 0xB61B, 0xB61B, 0xB61B, 0xB61B,
    0xB61B, 0xB61B, 0xB5FB, 0xB5FA, 0xB5F9, 0xADD9, 0xADD8, 0xADB8,
    0xADB7, 0xADB7, 0xA596, 0xA596, 0xA596, 0xA596, 0xA596, 0xA576,
    0xA576, 0x9D75, 0x9D55, 0x9D55, 0x9D34, 0x9533, 0x8CF2, 0x84D0,
    0x7C6C, 0x7429, 0x6BE4, 0x6BE1, 0x6C04, 0x7447, 0x848A, 0x84CC,
    0x8CED, 0x8CEE, 0x8CEE, 0x84EE, 0x84CF, 0x7C8E, 0x742C, 0x63AA,
    0x5348, 0x4B08, 0x4AE8, 0x4B0A, 0x534C, 0x5B8F, 0x6C12, 0x7473,
    0x7C74, 0x7453, 0x6C32, 0x6BF0, 0x63AE, 0x5B6C, 0x4B08, 0x42C4,
    0x3A80, 0x3A80, 0x3A80, 0x3A60, 0x3260, 0x3240, 0x2A00, 0x29E0,
    0x29E0, 0x29E0, 0x29E0, 0x29E2, 0x3203, 0x3224, 0x3244, 0x3244,
    0x3A43, 0x3A62, 0x3A62, 0x3A62, 0x3A82, 0x3A82, 0x3A82, 0x3A82,
    0xD50A, 0xD50A, 0xCCCA, 0xC46B, 0xB40C, 0xA3AD, 0x8B4E, 0x6B30,
    0x3B33, 0x1B76, 0x1B96, 0x1B76, 0x3396, 0x6BF5, 0x9474, 0xACD3,
    0xC4F1, 0x8AE7, 0x5142, 0x5963, 0x5122, 0x5142, 0x40E2, 0x38C1,
    0x38C1, 0x38C1, 0x38C1, 0x30A1, 0x40C1, 0x38C1, 0x38C1, 0x30A1,
    0x40E2, 0x30A1, 0x38C1, 0x38A1, 0x4922, 0x40E1, 0x2040, 0x40C0,
    0x8222, 0xD426, 0xD488, 0xDCC9, 0xE50A, 0xE4E9, 0xD467, 0xE4A7,
    0xED09, 0xED2A, 0xE4C8, 0xED6C, 0xED4A, 0xE509, 0xED6C, 0xED4A,
    0xE4E9, 0xE50A, 0xE52B, 0xED6C, 0xE50B, 0xE4EA, 0xF5EE, 0xFED3,
    0xE58F, 0xC46A, 0xC48B, 0xCC8B, 0xCCAB, 0xCCAB, 0xCCAB, 0xCCAC,
    0xC4CE, 0xC4F0, 0xC532, 0xC554, 0xC595, 0xC5B6, 0xC5D7, 0xC5F8,
    0xC5F8, 0xC5F8, 0xC5F8, 0xC5F8, 0xC5F8, 0xC5F8, 0xC5F9, 0xC5F9,
    0xC5F9, 0xC5F8, 0xEDB0, 0xFDED, 0xFD6B, 0xE487, 0xF672, 0xFEF5,
    0xFE70, 0xDC45, 0xB2A1, 0xB280, 0xC2E1, 0xB2A1, 0xB2A1, 0x9200,
    0x9A20, 0xA260, 0xA241, 0xAA60, 0xAA81, 0xB2E1, 0xBB02, 0xCC05,
    0xDCC9, 0xDD2A, 0xDD0A, 0xDD0A, 0xE54B, 0xDD0A, 0xDD0A, 0xD4A8,
    0xD4C8, 0xD466, 0xC382, 0xC362, 0xCC26, 0xD4A8, 0xD4C9, 0xDD2B,
    0xE56C, 0xE54C, 0xE54C, 0xBBE7, 0x89C0, 0x9201, 0x9A21, 0xB2C2,
    0xC303, 0xDC07, 0xE468, 0xECEB, 0xCE19, 0xBE3C, 0xBE3C, 0xBE3C,
    0xBE3C, 0xBE3C, 0xBE3C, 0xBE3C, 0xBE3C, 0xBE1B, 0xB61B, 0xB61B,
    0xB61B, 0xB61B, 0xB61B, 0xB61B, 0xB61B, 0xB61B, 0xB61B, 0xB61B,
    0xB61B, 0xB5FB, 0xB5FA, 0xB5FA, 0xB5F9, 0xADD8, 0xADD7, 0xADB6,
    0xA595, 0xA595, 0xA594, 0xA574, 0xA573, 0x9D73, 0x9D73, 0x9D53,
    0x9D53, 0x9533, 0x9533, 0x9512, 0x8D12, 0x8CD1, 0x84AF, 0x7C6D,
    0x742A, 0x6BE6, 0x63C2, 0x6BC1, 0x7404, 0x7C47, 0x84A9, 0x8CEB,
    0x8D0D, 0x952D, 0x950D, 0x8D0E, 0x8CEE, 0x84AC, 0x744A, 0x63C8,
    0x5B88, 0x5349, 0x534B, 0x536D, 0x5B8E, 0x63F0, 0x7453, 0x7CB5,
    0x7CB5, 0x7C94, 0x7453, 0x6C11, 0x63AE, 0x5B4C, 0x4B09, 0x42A4,
    0x3A60, 0x3240, 0x3240, 0x3240, 0x3220, 0x2A00, 0x29E0, 0x29E0,
    0x29E0, 0x29E0, 0x2A01, 0x3223, 0x3244, 0x3A45, 0x3A65, 0x3A65,
    0x3A64, 0x3A63, 0x3A62, 0x3A62, 0x3A62, 0x3A62, 0x3A61, 0x3261,
    0xD50A, 0xD50A, 0xCCCA, 0xC46B, 0xB40C, 0xA3AD, 0x8B4E, 0x6310,
    0x3333, 0x1B55, 0x1B76, 0x1B76, 0x3396, 0x6BF5, 0x9474, 0xACB3,
    0xC533, 0xC48E, 0x7A24, 0x5142, 0x6163, 0x4902, 0x38E1, 0x30A1,
    0x30A1, 0x30A1, 0x38C1, 0x38A1, 0x38A1, 0x30A1, 0x30A1, 0x30A1,
    0x30A1, 0x38C1, 0x38C1, 0x30C1, 0x40E1, 0x38A0, 0x6181, 0xA2C3,
    0xD447, 0xE50A, 0xDCA8, 0xE4A7, 0xDCA8, 0xDCA8, 0xE509, 0xF5AD,
    0xED8C, 0xED4B, 0xE4C8, 0xED4A, 0xED29, 0xDC67, 0xE4C8, 0xED2A,
    0xDC88, 0xDC67, 0xE4EA, 0xDCC9, 0xDCC9, 0xDCA8, 0xF5AD, 0xFE91,
    0xF652, 0xD4CC, 0xCC8B, 0xCC8B, 0xCCAB, 0xCCAC, 0xCCAB, 0xC4AC,
    0xC4CE, 0xC4F0, 0xC512, 0xC553, 0xC575, 0xC596, 0xC5B6, 0xC5D7,
    0xC5D7, 0xC5D7, 0xC5D7, 0xC5D8, 0xC5D8, 0xC5D8, 0xC5F8, 0xC5F8,
    0xC5F8, 0xCDF7, 0xF58E, 0xFE70, 0xF54A, 0xF52A, 0xFE92, 0xFE92,
    0xFE50, 0xDC05, 0xB281, 0xC2E1, 0xBAE1, 0xAA61, 0xA261, 0x9A41,
    0x89E0, 0x9A40, 0xB2C1, 0xA240, 0xB2A1, 0xAA81, 0xAAA1, 0xAAA1,
    0xC3A4, 0xD467, 0xD4C8, 0xE52A, 0xE54B, 0xDD2A, 0xDD0A, 0xDD0A,
    0xDD09, 0xDD0A, 0xDCE9, 0xDCC8, 0xDD0A, 0xD4C9, 0xDCEA, 0xDD2A,
    0xE54C, 0xE54C, 0xDD2B, 0xC407, 0x81A0, 0x9A21, 0xAA82, 0xB2C3,
    0xBB03, 0xD3C6, 0xECA9, 0xF50B, 0xDDF6, 0xBE3C, 0xBE3B, 0xBE3B,
    0xBE3B, 0xBE1B, 0xBE1B, 0xBE1B, 0xBE1B, 0xBE1B, 0xBE1B, 0xB61B,
    0xB61B, 0xB61B, 0xB61B, 0xB61B, 0xB5FB, 0xB5FB, 0xB5FB, 0xB5FB,
    0xB5FB, 0xB5FA, 0xB5FA, 0xB5F9, 0xADD8, 0xADD7, 0xADB6, 0xA5B4,
    0xA593, 0xA592, 0xA571, 0x9D71, 0x9D70, 0x9D50, 0x9D50, 0x9D50,
    0x9530, 0x9510, 0x8CF0, 0x8CCF, 0x84AF, 0x848E, 0x7C4D, 0x742A,
    0x6BE8, 0x63A4, 0x63A0, 0x63C0, 0x7403, 0x7C66, 0x8CC8, 0x8D0A,
    0x952B, 0x954C, 0x954C, 0x952C, 0x8D0B, 0x84AA, 0x7C48, 0x6BE6,
    0x63A7, 0x5B89, 0x5BAC, 0x63CE, 0x63F0, 0x6C31, 0x7473, 0x7CB5,
    0x84B5, 0x7CB5, 0x7474, 0x6C11, 0x5BAE, 0x534C, 0x4AE9, 0x3A85,
    0x3240, 0x3240, 0x3240, 0x3220, 0x2A20, 0x2A00, 0x29E0, 0x29E0,
    0x29E0, 0x29E1, 0x3223, 0x3245, 0x3A45, 0x3A66, 0x3A65, 0x3A65,
    0x3A65, 0x3A64, 0x3242, 0x3241, 0x3241, 0x3240, 0x3240, 0x3240,
    0xD50A, 0xD50A, 0xCCCB, 0xC46B, 0xB3EC, 0xA38D, 0x8B2E, 0x6310,
    0x3312, 0x1355, 0x1B76, 0x1B76, 0x3395, 0x6BF5, 0x9474, 0xACD3,
    0xBD13, 0xCD52, 0xAB89, 0x61A3, 0x5963, 0x4902, 0x38E1, 0x4102,
    0x4102, 0x38C1, 0x38C1, 0x38C1, 0x30A1, 0x30A1, 0x30A1, 0x2881,
    0x2880, 0x2880, 0x2881, 0x38C1, 0x3080, 0x8222, 0xCBE5, 0xDCA8,
    0xE4E9, 0xE509, 0xED09, 0xE509, 0xE509, 0xED2A, 0xD405, 0xDC67,
    0xED2A, 0xED2B, 0xED4B, 0xE4C8, 0xED2A, 0xDCA7, 0xE50A, 0xE4E9,
    0xDC46, 0xE4C9, 0xE4C9, 0xDC87, 0xDCA8, 0xDCA8, 0xF5AD, 0xFE71,
    0xFEF5, 0xDD2E, 0xC48B, 0xCCAB, 0xCCAB, 0xCCAB, 0xCCAB, 0xC4AC,
    0xC4CD, 0xC4EF, 0xC511, 0xC533, 0xC574, 0xC595, 0xC5B6, 0xC5B6,
    0xC5B6, 0xC5B6, 0xC5D7, 0xC5D7, 0xC5D7, 0xC5D7, 0xC5D7, 0xC5D7,
    0xC5D8, 0xCDD6, 0xF5EF, 0xFE70, 0xF54A, 0xED0A, 0xF60F, 0xF650,
    0xF60E, 0xDC25, 0xBAC1, 0xBAE1, 0xB2A1, 0xAAA1, 0xA261, 0x9A41,
    0xA261, 0xAA81, 0xAA81, 0x9A20, 0xBAE1, 0xA281, 0xA260, 0xA260,
    0xB2E1, 0xBB01, 0xCC05, 0xDD09, 0xE54B, 0xE54B, 0xE56B, 0xE54B,
    0xDD0A, 0xDD0A, 0xDD2A, 0xDD2B, 0xDD2B, 0xDCC9, 0xDD0A, 0xDD0A,
    0xE54B, 0xDD4C, 0xDCEA, 0xCC89, 0x9242, 0x89C0, 0xA241, 0xAA82,
    0xBAE3, 0xCB64, 0xE468, 0xF52B, 0xDDD4, 0xBE1B, 0xBE1B, 0xBE1B,
    0xBE1B, 0xBE1B, 0xBE1B, 0xBE1B, 0xB5FB, 0xB5FB, 0xB5FB, 0xB5FB,
    0xB5FB, 0xB5FB, 0xB5FB, 0xB5FB, 0xB5FB, 0xB5FB, 0xB5FB, 0xB5FB,
    0xB5FA, 0xB5FA, 0xB5D9, 0xADD8, 0xADD7, 0xADB5, 0xADB3, 0xA592,
    0xA590, 0xA56E, 0xA56D, 0x9D4C, 0x9D4C, 0x9D4C, 0x9D2B, 0x950B,
    0x950C, 0x8CEC, 0x8CCC, 0x84AC, 0x7C6C, 0x7C4B, 0x7409, 0x6BE7,
    0x63A5, 0x5B81, 0x5B80, 0x63C0, 0x7422, 0x8484, 0x8CE6, 0x9527,
    0x9D48, 0x9D69, 0x9D6A, 0x9D49, 0x9508, 0x84C7, 0x7C65, 0x6C04,
    0x63C6, 0x63C9, 0x6BED, 0x6C0F, 0x7450, 0x7471, 0x7C93, 0x7CB4,
    0x84B5, 0x7CB5, 0x7473, 0x6C11, 0x5B8E, 0x534C, 0x4AE9, 0x3A85,
    0x3240, 0x3220, 0x3240, 0x3220, 0x2A00, 0x2A00, 0x29E0, 0x29E0,
    0x29E0, 0x3203, 0x3246, 0x3A67, 0x3A67, 0x3A87, 0x3A87, 0x3A87,
    0x3A86, 0x3A85, 0x3242, 0x3220, 0x3220, 0x3220, 0x3220, 0x3220,
    0xCCEA, 0xCCCA, 0xC48A, 0xBC2B, 0xB3AC, 0x9B6C, 0x832D, 0x6310,
    0x3312, 0x1B55, 0x1B76, 0x2376, 0x3B95, 0x6BD5, 0x9454, 0xACD3,
    0xBD13, 0xCD72, 0xCD30, 0x8A86, 0x5942, 0x5963, 0x4102, 0x4922,
    0x40E1, 0x30A1, 0x30A1, 0x38C1, 0x3081, 0x3080, 0x30A1, 0x30A1,
    0x30A1, 0x3080, 0x38A0, 0x7A02, 0x9AC3, 0xD468, 0xDCC9, 0xE4E9,
    0xED09, 0xED29, 0xED4A, 0xED8C, 0xED6B, 0xED4B, 0xED6B, 0xD446,
    0xE52A, 0xED2A, 0xDC87, 0xED0A, 0xED2A, 0xE4C7, 0xED4B, 0xED6B,
    0xE4A8, 0xE4E9, 0xDC67, 0xD446, 0xE50A, 0xE52A, 0xED8C, 0xF60F,
    0xFEF5, 0xEE53, 0xCCAB, 0xCCAB, 0xCCAB, 0xCCAB, 0xC48B, 0xC48C,
    0xC4AD, 0xC4CF, 0xC4F0, 0xC532, 0xC553, 0xC574, 0xC595, 0xC5B5,
    0xC5B5, 0xC5B6, 0xC5B6, 0xC5B6, 0xC5B6, 0xC5B6, 0xC5B6, 0xC5D6,
    0xC5D7, 0xD5B5, 0xFE10, 0xFE2E, 0xF52A, 0xE446, 0xF60F, 0xF60E,
    0xF62F, 0xE445, 0xBAA0, 0xBB02, 0xB2E2, 0xAA81, 0xB2A1, 0xAA61,
    0xA220, 0xAA80, 0xB281, 0xAA81, 0xA240, 0xA240, 0xA240, 0xB2A1,
    0xA281, 0xAAA1, 0xB2C1, 0xBB62, 0xE54B, 0xE56C, 0xED8C, 0xE56B,
    0xDD0A, 0xE54B, 0xDD0A, 0xDD0A, 0xDD2A, 0xDD0A, 0xDD2A, 0xDD2B,
    0xDD2B, 0xE54C, 0xD4A9, 0xBB85, 0xB324, 0x89C0, 0x9A00, 0xA221,
    0xAA82, 0xCB64, 0xDBE6, 0xF50A, 0xED91, 0xC5F9, 0xBDFA, 0xBDFA,
    0xB5FA, 0xB5FA, 0xB5FA, 0xB5FA, 0xB5FA, 0xB5FA, 0xB5FA, 0xB5DA,
    0xB5DA, 0xB5DA, 0xB5FA, 0xB5DA, 0xB5DA, 0xB5DA, 0xB5DA, 0xB5DA,
    0xB5D9, 0xADD9, 0xADD8, 0xADB7, 0xADB5, 0xADB3, 0xA591, 0xA58E,
    0xA56C, 0xA56A, 0xA548, 0x9D48, 0x9D47, 0x9D27, 0x9507, 0x94E7,
    0x94E7, 0x8CC8, 0x8489, 0x8469, 0x7C48, 0x7407, 0x6BE6, 0x63A4,
    0x5B81, 0x5B60, 0x5B80, 0x6BC0, 0x7420, 0x84A2, 0x9503, 0x9D45,
    0x9D66, 0xA587, 0xA587, 0x9D46, 0x9525, 0x8CC3, 0x7C62, 0x7421,
    0x6BE5, 0x6C09, 0x744C, 0x746F, 0x7C90, 0x7CB1, 0x7CB2, 0x84B3,
    0x84B4, 0x7C94, 0x7453, 0x63F0, 0x5B8E, 0x532C, 0x42C8, 0x3A64,
    0x3240, 0x3220, 0x3240, 0x3220, 0x2A00, 0x29E0, 0x29E0, 0x29E0,
    0x2A01, 0x3245, 0x3A88, 0x42A9, 0x42A9, 0x42C9, 0x42A9, 0x42A8,
    0x42A7, 0x3A86, 0x3243, 0x3220, 0x2A00, 0x2A00, 0x2A20, 0x2A20,
    0xCCEA, 0xCCCA, 0xCC8A, 0xBC0B, 0xB3CC, 0xA38C, 0x934D, 0x732F,
    0x4B32, 0x3B54, 0x3B95, 0x3B95, 0x53B5, 0x7BF4, 0x9454, 0xACB3,
    0xBD12, 0xCD52, 0xD593, 0xBC8E, 0x8245, 0x5983, 0x4922, 0x40E1,
    0x38C1, 0x38C1, 0x3080, 0x2880, 0x30A0, 0x2880, 0x2040, 0x2040,
    0x3080, 0x71A1, 0xA2E3, 0xCC07, 0xDCCA, 0xE4EA, 0xE52A, 0xED4B,
    0xED2A, 0xED2A, 0xED4A, 0xED6B, 0xED4B, 0xED09, 0xE4A7, 0xE4A9,
    0xED2B, 0xE509, 0xDC87, 0xED0A, 0xED2A, 0xED2A, 0xED6C, 0xED4B,
    0xE4A8, 0xDC87, 0xE50A, 0xE52A, 0xE54B, 0xE4EA, 0xE54B, 0xF5CD,
    0xFE92, 0xF673, 0xD50D, 0xCC8B, 0xCCAB, 0xCC8B, 0xC48B, 0xC48B,
    0xC4AD, 0xC4CE, 0xC4F0, 0xC511, 0xC552, 0xC573, 0xC594, 0xC594,
    0xC594, 0xC595, 0xC595, 0xC595, 0xC595, 0xC595, 0xC5B5, 0xC5B5,
    0xC5B5, 0xD5B3, 0xFDCD, 0xFE0E, 0xE487, 0xE447, 0xF5EE, 0xF5EE,
    0xF650, 0xECE8, 0xD341, 0xC302, 0xB2C1, 0xBB03, 0xBAE1, 0xAA60,
    0xAA60, 0xB2A0, 0xAA40, 0xA240, 0x9A00, 0xA220, 0xA220, 0xAAA1,
    0xAAA1, 0xB2A1, 0xA261, 0xAAA0, 0xD446, 0xE54B, 0xED8C, 0xE58C,
    0xE52A, 0xE54B, 0xDD09, 0xDCE9, 0xE54B, 0xE54B, 0xE52B, 0xDD2B,
    0xE54C, 0xE56C, 0xE54C, 0xB344, 0x9A41, 0x9A21, 0x9A21, 0xA241,
    0xAA81, 0xC324, 0xDBE6, 0xEC88, 0xF54D, 0xCDB7, 0xB5D9, 0xB5D9,
    0xB5D9, 0xB5D9, 0xB5D9, 0xB5D9, 0xB5D9, 0xB5D9, 0xB5D9, 0xB5D9,
    0xB5D9, 0xB5D9, 0xB5D9, 0xB5B9, 0xB5B9, 0xB5B9, 0xB5B9, 0xB5B9,
    0xB5B8, 0xADB7, 0xADB6, 0xADB5, 0xADB3, 0xAD91, 0xA58E, 0xA56B,
    0xA568, 0xA566, 0xA565, 0x9D44, 0x9D44, 0x9D23, 0x9502, 0x94E2,
    0x8CC2, 0x84A3, 0x8464, 0x7C44, 0x7424, 0x6BE3, 0x6BC2, 0x63A1,
    0x5B60, 0x5B60, 0x63A0, 0x6C00, 0x7C60, 0x8CC0, 0x9520, 0x9D61,
    0xA582, 0xADA3, 0xA5A3, 0xA562, 0x9D21, 0x8CE0, 0x8480, 0x7440,
    0x7423, 0x7C68, 0x7C8C, 0x84AE, 0x84CF, 0x84F0, 0x84D1, 0x84D2,
    0x7CB3, 0x7C73, 0x7432, 0x63AF, 0x534D, 0x4B0B, 0x42A7, 0x3A43,
    0x3240, 0x3240, 0x3240, 0x3220, 0x2A00, 0x2A00, 0x29E0, 0x29E0,
    0x3224, 0x3A88, 0x4ACA, 0x4AEB, 0x4B0B, 0x4AEB, 0x4AEB, 0x4AEA,
    0x42C9, 0x3A87, 0x3243, 0x2A00, 0x29E0, 0x29E0, 0x2A00, 0x3220,
    0xD4EA, 0xD4CA, 0xCC8A, 0xC44B, 0xBBEB, 0xB3CC, 0xA3AD, 0x8B8F,
    0x7371, 0x6B93, 0x6BB4, 0x6BB3, 0x7BD3, 0x9433, 0xA473, 0xB4D2,
    0xC512, 0xCD51, 0xD592, 0xDDB2, 0xABAA, 0x71E4, 0x5142, 0x5122,
    0x40E1, 0x2880, 0x2880, 0x3080, 0x2860, 0x2040, 0x48E0, 0x8242,
    0xAB45, 0xCC68, 0xE52B, 0xE50A, 0xDCC9, 0xE4E9, 0xE50A, 0xED6B,
    0xED6B, 0xED8C, 0xED8C, 0xED29, 0xED6B, 0xED6B, 0xE4C8, 0xDCA8,
    0xE4E9, 0xED6C, 0xE4E9, 0xE4A8, 0xED2B, 0xED2B, 0xE4A8, 0xDC46,
    0xDC67, 0xE4E9, 0xEDAD, 0xED8C, 0xED6C, 0xE54B, 0xE54B, 0xED8C,
    0xFE30, 0xF673, 0xD4CC, 0xCC8B, 0xCCAB, 0xCC8B, 0xC48B, 0xC48B,
    0xC4AC, 0xC4CE, 0xC4CF, 0xC510, 0xC531, 0xC552, 0xC573, 0xC573,
    0xC593, 0xCD93, 0xC593, 0xC594, 0xC594, 0xC594, 0xC594, 0xC594,
    0xC594, 0xDDB2, 0xFDED, 0xFDCD, 0xEC87, 0xE4A8, 0xED6C, 0xF60F,
    0xF62F, 0xF58B, 0xD3C3, 0xCB62, 0xBB02, 0xC343, 0xBAC1, 0xAA61,
    0xAAA1, 0xB2A1, 0x9A20, 0xA261, 0xA240, 0xA260, 0x9A20, 0xAA81,
    0xB2A1, 0xAA60, 0xA240, 0xAAC1, 0xC362, 0xDCE9, 0xEDCE, 0xE56B,
    0xDD09, 0xE54B, 0xDD2A, 0xDD2A, 0xE54B, 0xE54B, 0xE52B, 0xE52B,
    0xE56C, 0xE58D, 0xE56C, 0xC3E6, 0x91E0, 0x89C0, 0xA261, 0xA241,
    0xAA61, 0xBAE2, 0xD3A5, 0xE427, 0xF52B, 0xD5B5, 0xB5B8, 0xBDB8,
    0xB5B8, 0xB5B8, 0xB5B8, 0xB5B8, 0xB5B8, 0xB5B8, 0xB5B8, 0xB5B8,
    0xB5B8, 0xB598, 0xB598, 0xB598, 0xB598, 0xB598, 0xB598, 0xB597,
    0xAD97, 0xAD96, 0xAD95, 0xAD93, 0xAD91, 0xA58F, 0xA58C, 0xA588,
    0xA586, 0xA585, 0xA565, 0xA564, 0x9D42, 0x9D20, 0x9500, 0x8CE0,
    0x8CC0, 0x84A0, 0x7C60, 0x7421, 0x7401, 0x6BE0, 0x6BC0, 0x63A0,
    0x6380, 0x63A0, 0x6BE0, 0x7C40, 0x84A0, 0x9500, 0x9D60, 0xA5A0,
    0xADC0, 0xADE0, 0xADC0, 0xA580, 0x9D40, 0x8D00, 0x84A0, 0x7C60,
    0x7C62, 0x84A7, 0x84EB, 0x8CED, 0x8D0E, 0x8D0F, 0x8CF0, 0x84D1,
    0x7C91, 0x7451, 0x6BF0, 0x5B8E, 0x4B0B, 0x42C9, 0x3A86, 0x3241,
    0x3240, 0x3240, 0x3240, 0x3220, 0x3220, 0x3200, 0x3200, 0x3222,
    0x3A66, 0x42C9, 0x532C, 0x534D, 0x534D, 0x534D, 0x532D, 0x4B0C,
    0x4ACA, 0x3A87, 0x3222, 0x29E0, 0x29E0, 0x29E0, 0x2A00, 0x3220,
    0xDCEB, 0xD4EA, 0xD4AA, 0xCC6A, 0xC42B, 0xBC0B, 0xB3EC, 0xA3CE,
    0x93D0, 0x8BD2, 0x8BF2, 0x8BF2, 0x9412, 0xA472, 0xB491, 0xBCD1,
    0xCD31, 0xD551, 0xD571, 0xD591, 0xD550, 0x9B48, 0x5962, 0x40C1,
    0x40E1, 0x40E1, 0x5982, 0x69C2, 0x7A43, 0x92E4, 0xC448, 0xD4A9,
    0xDD0A, 0xE50B, 0xDCC9, 0xE52B, 0xE52B, 0xE54B, 0xED6C, 0xEDAD,
    0xED4B, 0xED6C, 0xED4B, 0xED09, 0xED8C, 0xF58C, 0xED4A, 0xED4B,
    0xDCA8, 0xE4E9, 0xED0A, 0xE4E9, 0xDC88, 0xDC67, 0xDC67, 0xDC87,
    0xE4C9, 0xE509, 0xED4B, 0xEDAD, 0xEDAD, 0xED6C, 0xED6C, 0xED8D,
    0xF60F, 0xFEF5, 0xEDF1, 0xCC8B, 0xCCAB, 0xCCAB, 0xC48B, 0xC48B,
    0xC4AC, 0xC4AD, 0xC4CE, 0xC4F0, 0xC511, 0xC531, 0xC552, 0xCD72,
    0xC572, 0xCD73, 0xCD73, 0xCD73, 0xC573, 0xC573, 0xC593, 0xC593,
    0xC573, 0xDDB1, 0xFDCD, 0xF52A, 0xECC9, 0xDC27, 0xDCA8, 0xF5CE,
    0xF5EE, 0xF5CD, 0xE4A7, 0xD3C3, 0xBB02, 0xBAE1, 0xBAA1, 0xB281,
    0xB2C1, 0xAA81, 0xA240, 0xAA60, 0xB2A0, 0xAA80, 0xA240, 0xAAA1,
    0xA261, 0xA260, 0xAA81, 0xA280, 0xBB42, 0xDCC8, 0xEDCE, 0xEDAD,
    0xE54B, 0xE56B, 0xE52A, 0xE56C, 0xE56C, 0xE54B, 0xDD2A, 0xE54B,
    0xE54B, 0xE58D, 0xE58D, 0xCC28, 0xA282, 0x9A21, 0x9A21, 0xAA82,
    0xAA61, 0xB2A2, 0xCB44, 0xDC06, 0xECC9, 0xDD92, 0xBD97, 0xBD96,
    0xB596, 0xB596, 0xB597, 0xB597, 0xB596, 0xB596, 0xB576, 0xB576,
    0xB576, 0xB577, 0xB577, 0xB576, 0xB576, 0xB576, 0xB576, 0xAD76,
    0xAD75, 0xAD74, 0xAD73, 0xAD71, 0xA56F, 0xA56C, 0xA569, 0xA586,
    0xA585, 0xA585, 0xA584, 0xA562, 0x9D60, 0x9D40, 0x9500, 0x94E0,
    0x8CC0, 0x84A0, 0x7C80, 0x7C40, 0x7420, 0x6BE0, 0x6BC0, 0x63A0,
    0x63C0, 0x6BE0, 0x7C40, 0x84A0, 0x8CE0, 0x9D40, 0xA580, 0xADC0,
    0xB600, 0xB600, 0xB5E0, 0xADA0, 0x9D60, 0x9520, 0x8CE0, 0x84A0,
    0x84C1, 0x8CE6, 0x8D09, 0x950B, 0x952D, 0x950E, 0x8CEF, 0x84B0,
    0x7C6F, 0x6C0F, 0x63AE, 0x534D, 0x42CA, 0x3A87, 0x3A63, 0x3240,
    0x3240, 0x3240, 0x3240, 0x3240, 0x3240, 0x3220, 0x3240, 0x3A64,
    0x42A7, 0x4B0B, 0x534D, 0x5B6E, 0x5B6E, 0x5B6E, 0x5B6E, 0x534D,
    0x4AEB, 0x3A67, 0x3202, 0x29E0, 0x29E0, 0x29E0, 0x2A00, 0x3220,
    0xDCEB, 0xDCEB, 0xD4CB, 0xD48B, 0xCC6B, 0xC44B, 0xBC2C, 0xB40D,
    0xAC0E, 0xA410, 0xA431, 0xA431, 0xAC51, 0xB490, 0xBCB0, 0xC4F0,
    0xCD30, 0xD550, 0xD570, 0xD570, 0xDD70, 0xD50E, 0xB40A, 0x7A24,
    0x5121, 0x6141, 0xB365, 0xCC48, 0xD4A9, 0xDCEA, 0xDD0A, 0xE50A,
    0xE50A, 0xDCC8, 0xDCC9, 0xE54B, 0xED8D, 0xED8D, 0xE52A, 0xED6C,
    0xED6C, 0xE52A, 0xED2A, 0xE50A, 0xED4A, 0xED4A, 0xED4A, 0xED6B,
    0xED4B, 0xE4A7, 0xED09, 0xED2A, 0xD447, 0xDC67, 0xDCC9, 0xDCA8,
    0xE50A, 0xED6C, 0xED4B, 0xED6C, 0xF5CE, 0xED8C, 0xED4C, 0xE54B,
    0xED8C, 0xFE92, 0xFF16, 0xE5B0, 0xCCAC, 0xCCAC, 0xC48B, 0xC48B,
    0xC4AC, 0xC4AD, 0xC4CE, 0xC4EF, 0xC510, 0xC531, 0xC552, 0xCD72,
    0xCD72, 0xCD72, 0xCD72, 0xC572, 0xC572, 0xC572, 0xC572, 0xC572,
    0xC573, 0xE5B0, 0xFD8B, 0xF54A, 0xDC26, 0xD3E5, 0xCB84, 0xED6C,
    0xF5EF, 0xF60E, 0xF5AD, 0xE486, 0xCB62, 0xCB22, 0xC301, 0xB280,
    0xAA80, 0xAA81, 0xA220, 0xAA60, 0xB2C1, 0xB2A0, 0xAA80, 0xAA61,
    0xA261, 0xA280, 0xAAA1, 0xB2C0, 0xC362, 0xDCA7, 0xEDAC, 0xEDAD,
    0xED8C, 0xEDAD, 0xE54B, 0xED8C, 0xE58C, 0xE54B, 0xE56C, 0xE56C,
    0xE56C, 0xE56C, 0xE56D, 0xDD2C, 0xAA82, 0x9A00, 0x9A21, 0xAA61,
    0xBAA2, 0xB2A2, 0xC344, 0xD3C6, 0xECA9, 0xDD4F, 0xBD75, 0xB555,
    0xB555, 0xB555, 0xB555, 0xB575, 0xB575, 0xB555, 0xB555, 0xB555,
    0xB555, 0xB555, 0xB555, 0xB555, 0xAD35, 0xAD35, 0xAD34, 0xAD34,
    0xAD33, 0xA532, 0xA550, 0xA54E, 0xA54C, 0xA569, 0xA566, 0xA565,
    0xA585, 0xA584, 0xA583, 0xA561, 0xA560, 0x9D40, 0x9500, 0x94E0,
    0x8CC0, 0x84A0, 0x8480, 0x7C60, 0x7420, 0x7400, 0x6BE0, 0x6BE0,
    0x6BE0, 0x7420, 0x7C60, 0x8CC0, 0x9520, 0xA560, 0xADC0, 0xB600,
    0xBE20, 0xBE20, 0xB600, 0xADC0, 0xA580, 0x9520, 0x8D00, 0x8CE0,
    0x8D00, 0x9523, 0x9527, 0x9529, 0x952B, 0x950C, 0x8CCD, 0x848D,
    0x744D, 0x6BCD, 0x5B6C, 0x4B0B, 0x3A87, 0x3A44, 0x3241, 0x3240,
    0x3240, 0x3A60, 0x3A60, 0x3A60, 0x3A60, 0x3A60, 0x3A61, 0x4285,
    0x4AE8, 0x534B, 0x5B6D, 0x5B6D, 0x5B6E, 0x5B6E, 0x5B6E, 0x536E,
    0x4B0B, 0x3A67, 0x3202, 0x29E0, 0x29E0, 0x29E0, 0x2A00, 0x3220,
    0xDCEB, 0xDCEB, 0xDCCB, 0xD4AB, 0xD48B, 0xCC8B, 0xC46B, 0xC44C,
    0xBC4D, 0xBC6E, 0xBC6F, 0xBC6F, 0xBC8F, 0xC48F, 0xCCCF, 0xCCEE,
    0xD52F, 0xD54F, 0xDD4F, 0xDD4F, 0xDD2E, 0xD4EC, 0xEDB0, 0xE5B0,
    0xC428, 0xC407, 0xDD0B, 0xDD4C, 0xE54C, 0xDD2B, 0xE54B, 0xE52B,
    0xE52B, 0xE52B, 0xED8C, 0xEDAD, 0xF5EF, 0xED6C, 0xE54B, 0xED6B,
    0xED6C, 0xED8C, 0xED6C, 0xED6C, 0xED6B, 0xED8C, 0xED8C, 0xED6B,
    0xEDAD, 0xED6C, 0xEDAC, 0xF58B, 0xE4C8, 0xE509, 0xE50A, 0xED8C,
    0xEDAC, 0xEDAD, 0xEDAD, 0xE54B, 0xE52B, 0xE56C, 0xD447, 0xDC88,
    0xED2A, 0xF60F, 0xFF36, 0xEE73, 0xCCCC, 0xCCAC, 0xC48B, 0xC48C,
    0xC4AD, 0xC4AD, 0xC4CE, 0xC4EF, 0xC510, 0xC531, 0xC552, 0xCD72,
    0xCD72, 0xCD72, 0xCD72, 0xCD72, 0xC572, 0xC572, 0xC572, 0xC572,
    0xC572, 0xEDCF, 0xFD2A, 0xED0A, 0xD3C5, 0xD3C5, 0xC364, 0xE56C,
    0xF651, 0xF650, 0xF62F, 0xF56A, 0xD3A3, 0xC2E1, 0xC2E1, 0xB2A0,
    0xB2A0, 0xAA60, 0xA240, 0xA220, 0xB2A1, 0xB2C1, 0xAA80, 0xB2A1,
    0xAAA1, 0x9A60, 0xAAA0, 0xC321, 0xCBE4, 0xE54A, 0xEDAD, 0xEDAC,
    0xE56B, 0xE58C, 0xE56C, 0xE56B, 0xED8C, 0xE56C, 0xE56C, 0xE54B,
    0xE56C, 0xE58D, 0xE56C, 0xE58D, 0xCC07, 0xA220, 0x9A00, 0xA240,
    0xB281, 0xB2A2, 0xC303, 0xD3A5, 0xEC88, 0xED6E, 0xBD53, 0xB533,
    0xB533, 0xB533, 0xB533, 0xB533, 0xB534, 0xB533, 0xB533, 0xB533,
    0xB534, 0xAD33, 0xAD33, 0xAD13, 0xAD13, 0xAD13, 0xACF2, 0xACF2,
    0xA4F1, 0xA50F, 0xA50E, 0xA52B, 0xA549, 0xA546, 0xA565, 0xA564,
    0xA563, 0xA582, 0xA582, 0xA561, 0x9D40, 0x9D20, 0x9500, 0x8CE0,
    0x8CC0, 0x84A0, 0x8480, 0x7C60, 0x7440, 0x7420, 0x6C00, 0x6C00,
    0x7400, 0x7C40, 0x84A0, 0x94E0, 0x9D40, 0xA580, 0xB5E0, 0xBE00,
    0xBE20, 0xBE20, 0xB600, 0xADE0, 0xA5A0, 0x9D60, 0x9540, 0x9540,
    0x9540, 0x9D41, 0x9D45, 0x9527, 0x9508, 0x8CE9, 0x84AA, 0x7C6A,
    0x740A, 0x638A, 0x5309, 0x42A8, 0x3A44, 0x3221, 0x3240, 0x3240,
    0x3A60, 0x3A80, 0x3A80, 0x42A0, 0x42A0, 0x42A0, 0x42A1, 0x4AC5,
    0x5309, 0x5B6C, 0x5B6D, 0x5B6D, 0x5B6D, 0x5B6D, 0x536D, 0x534D,
    0x4AEB, 0x3A88, 0x3203, 0x29E0, 0x29E0, 0x29E0, 0x29E0, 0x2A00,
    0xDCEB, 0xDCEB, 0xDCCB, 0xDCCB, 0xD4AB, 0xD48B, 0xCC8B, 0xCC6B,
    0xC46C, 0xC48D, 0xC48E, 0xC48E, 0xC4AE, 0xCCAE, 0xD4CD, 0xD4ED,
    0xD50D, 0xDD2E, 0xDD2E, 0xDD2D, 0xDD0D, 0xDCEC, 0xE56E, 0xF694,
    0xF631, 0xE58D, 0xE58E, 0xE54C, 0xE54C, 0xE56C, 0xE52B, 0xE54B,
    0xE56C, 0xEDAD, 0xED6C, 0xEDAD, 0xEDAD, 0xEDAD, 0xEDCE, 0xED8C,
    0xE52B, 0xE54C, 0xE54B, 0xE50A, 0xEDAD, 0xEDCE, 0xED8C, 0xED6C,
    0xED8C, 0xE52A, 0xED4B, 0xF5AD, 0xED4A, 0xED2A, 0xED8C, 0xF5CE,
    0xF5CE, 0xEDAD, 0xEDAD, 0xED6C, 0xDCA9, 0xD448, 0xCBE6, 0xCBA5,
    0xDC47, 0xF56C, 0xFED3, 0xFF37, 0xD52E, 0xCCAB, 0xC48B, 0xC48C,
    0xC4AD, 0xC4CD, 0xC4CF, 0xC4F0, 0xC531, 0xC551, 0xCD72, 0xCD72,
    0xCD72, 0xCD73, 0xCD73, 0xCD72, 0xCD72, 0xCD72, 0xCD92, 0xC573,
    0xD5B2, 0xFDCE, 0xF509, 0xECE9, 0xDC26, 0xD3E5, 0xBB23, 0xE54C,
    0xFE92, 0xF650, 0xF650, 0xF58B, 0xCB62, 0xBAA0, 0xBAE1, 0xB2A1,
    0xAA60, 0xA260, 0xAA60, 0xAA81, 0xB2A1, 0xB2A1, 0xA261, 0xA240,
    0xBAE1, 0xAA81, 0xB2E1, 0xC321, 0xE4E9, 0xEDAD, 0xEDCD, 0xED8C,
    0xE58C, 0xEDAC, 0xE58C, 0xE56C, 0xEDAD, 0xE54B, 0xE54C, 0xE54B,
    0xE56C, 0xE58D, 0xE56D, 0xE56C, 0xE52B, 0xCBE6, 0xB2E2, 0xAA40,
    0xB281, 0xB2A2, 0xB2C3, 0xD3A6, 0xDC06, 0xF52C, 0xCD31, 0xB512,
    0xB512, 0xB512, 0xB512, 0xB512, 0xB512, 0xB512, 0xB512, 0xB512,
    0xAD12, 0xACF2, 0xACF2, 0xACF2, 0xACF2, 0xACD1, 0xA4D1, 0xA4D0,
    0xA4CE, 0x9CCD, 0x9CEB, 0x9D08, 0x9D26, 0x9D24, 0x9D42, 0x9D41,
    0xA561, 0xA561, 0x9D41, 0x9D40, 0x9520, 0x9500, 0x8CE0, 0x8CC0,
    0x84A0, 0x8480, 0x7C60, 0x7C40, 0x7420, 0x7420, 0x7400, 0x7400,
    0x7420, 0x7C60, 0x8CA0, 0x9500, 0x9D60, 0xADA0, 0xB5E0, 0xBE20,
    0xC640, 0xBE20, 0xB600, 0xB5E0, 0xA5A0, 0xA580, 0x9D60, 0x9D60,
    0x9D60, 0x9D60, 0x9D41, 0x9523, 0x8CE5, 0x8CC6, 0x8487, 0x7427,
    0x6BA7, 0x5B27, 0x4AA6, 0x3A64, 0x3221, 0x3220, 0x3240, 0x3A60,
    0x3A80, 0x42A0, 0x42A0, 0x42C0, 0x42C0, 0x42C0, 0x4AE1, 0x5305,
    0x5348, 0x5B6B, 0x5B8C, 0x5B6C, 0x5B6C, 0x5B6D, 0x536D, 0x534C,
    0x4AEB, 0x3A67, 0x3223, 0x29E0, 0x29E0, 0x29E0, 0x29E0, 0x29E0,
    0xD4AA, 0xD4AA, 0xD4AA, 0xD4AA, 0xD4AA, 0xD48A, 0xCC8A, 0xCC8B,
    0xCC8B, 0xCC8C, 0xCC8C, 0xCCAD, 0xCCAD, 0xCCAC, 0xD4CC, 0xD4EC,
    0xDCEC, 0xDCEC, 0xDCEC, 0xDCEC, 0xD4EB, 0xDCEC, 0xDCEB, 0xDD2D,
    0xF6D5, 0xF630, 0xE58D, 0xE54B, 0xE58C, 0xE54B, 0xE52A, 0xED8C,
    0xED6C, 0xED8C, 0xEDAD, 0xED8C, 0xED6C, 0xEDCE, 0xE52B, 0xD468,
    0xDC89, 0xD468, 0xD427, 0xE54C, 0xED6C, 0xDCEA, 0xE50A, 0xED8D,
    0xEDAD, 0xF5CF, 0xED4B, 0xED6C, 0xED6C, 0xED6C, 0xF5CE, 0xF5CD,
    0xF5CE, 0xED6C, 0xED6B, 0xE52B, 0xDCA9, 0xC364, 0xCB43, 0xC343,
    0xCB63, 0xE426, 0xFDEE, 0xFF36, 0xEE11, 0xCCAB, 0xC48B, 0xC48C,
    0xC4AD, 0xC4CE, 0xC4EF, 0xC510, 0xC531, 0xCD52, 0xCD72, 0xCD93,
    0xCD93, 0xCD93, 0xCD93, 0xCD73, 0xCD73, 0xCD93, 0xCD93, 0xCD93,
    0xD5D3, 0xFDCE, 0xF52A, 0xECE9, 0xE467, 0xD3C5, 0xB2C2, 0xE56D,
    0xFE92, 0xF651, 0xF650, 0xF58B, 0xCB83, 0xBAC1, 0xBB01, 0xB2A1,
    0xB2C1, 0xB2A1, 0xB2A1, 0xB2C1, 0xAA81, 0xA240, 0xA261, 0x9A20,
    0xAA81, 0xB2A0, 0xB2C0, 0xD425, 0xDD09, 0xE56C, 0xEDAD, 0xEDAC,
    0xE58C, 0xEDAD, 0xE56C, 0xE54B, 0xE54B, 0xCC47, 0xCC47, 0xDCCA,
    0xE56C, 0xE56C, 0xE56C, 0xE56C, 0xE56C, 0xE52B, 0xDCA9, 0xAA81,
    0xA220, 0xB2C3, 0xAA82, 0xCB65, 0xDC07, 0xECEA, 0xCD30, 0xB512,
    0xB512, 0xB512, 0xB512, 0xB4F2, 0xB4F2, 0xACF2, 0xACF1, 0xACF1,
    0xACF1, 0xACF1, 0xACD1, 0xACD1, 0xA4D1, 0xA4D0, 0xA4CF, 0x9CAE,
    0x9CAC, 0x9CAB, 0x94C8, 0x94E6, 0x94E4, 0x9502, 0x9520, 0x9520,
    0x9520, 0x9520, 0x9500, 0x9500, 0x8CE0, 0x8CC0, 0x8CA0, 0x84A0,
    0x8480, 0x7C60, 0x7C40, 0x7420, 0x7420, 0x7400, 0x6BE0, 0x6C00,
    0x7420, 0x7C60, 0x84A0, 0x9500, 0x9D60, 0xADA0, 0xB5E0, 0xBE20,
    0xBE20, 0xBE20, 0xB620, 0xADE0, 0xADC0, 0xA5A0, 0xA580, 0xA580,
    0xA580, 0x9D80, 0x9D60, 0x9500, 0x8CC1, 0x8482, 0x7C24, 0x6BE4,
    0x6364, 0x52E4, 0x4283, 0x3242, 0x3220, 0x3240, 0x3260, 0x3A80,
    0x42A0, 0x42C0, 0x42E0, 0x4AE0, 0x4B00, 0x4B00, 0x5301, 0x5325,
    0x5348, 0x5B6B, 0x5B8C, 0x5B6C, 0x5B6C, 0x5B6C, 0x5B6D, 0x532C,
    0x4AEA, 0x4287, 0x3224, 0x3201, 0x3201, 0x3202, 0x3201, 0x3201,
    0xCC6A, 0xCC6A, 0xCC8A, 0xCC8A, 0xCC6A, 0xCC6A, 0xCC6A, 0xCC8A,
    0xCC8A, 0xCC8B, 0xCC8B, 0xCC8B, 0xCC8B, 0xCC8B, 0xCCAB, 0xD4AB,
    0xD4AB, 0xD4AB, 0xD4AB, 0xD4AA, 0xD4AA, 0xD4AA, 0xD4AA, 0xD4EC,
    0xF673, 0xFED5, 0xEDCE, 0xEDAD, 0xED8D, 0xED8D, 0xEDAE, 0xED8C,
    0xE56C, 0xEDCE, 0xED8D, 0xE54B, 0xE56C, 0xDCC9, 0xCBC5, 0xC3A6,
    0xBB86, 0xB2E2, 0xC343, 0xD407, 0xC3A6, 0x9A41, 0xBB85, 0xE4EA,
    0xE54C, 0xEDCE, 0xEDAD, 0xEDCE, 0xEDAD, 0xED8D, 0xED6C, 0xF5CE,
    0xF5EE, 0xEDAD, 0xE50A, 0xDCA9, 0xBB44, 0xAA61, 0xC323, 0xCB84,
    0xD3C5, 0xDBC5, 0xED0A, 0xFE0F, 0xF651, 0xD4ED, 0xC48B, 0xC4AC,
    0xC4AD, 0xC4CE, 0xC4EF, 0xC510, 0xC531, 0xCD52, 0xCD93, 0xCD93,
    0xCD93, 0xCD93, 0xCD93, 0xCD93, 0xCD93, 0xCD93, 0xCD93, 0xCD93,
    0xE633, 0xFE50, 0xF52A, 0xE487, 0xD3E5, 0xC343, 0xB303, 0xEDCE,
    0xFE71, 0xF651, 0xF630, 0xF5EE, 0xDC25, 0xCB41, 0xBAE1, 0xB280,
    0xBAE1, 0xB2A0, 0xB281, 0xBAE1, 0xAA60, 0xA261, 0xB2A0, 0xAA80,
    0xBB01, 0xCBA2, 0xD405, 0xE4E8, 0xE52A, 0xE56B, 0xED8C, 0xEDAD,
    0xED8C, 0xE56C, 0xE56C, 0xD488, 0xC3C5, 0xB302, 0xAA81, 0xC3A4,
    0xD488, 0xE54C, 0xE56D, 0xE54C, 0xE58D, 0xE56C, 0xE54C, 0xD448,
    0xB2E3, 0xAAA2, 0xB2C2, 0xBAE3, 0xDC07, 0xECA9, 0xDD4F, 0xB512,
    0xB512, 0xB512, 0xB512, 0xB4F2, 0xACF2, 0xACF2, 0xACF2, 0xACF1,
    0xACF1, 0xACD1, 0xA4D1, 0xA4B1, 0xA4B1, 0xA4CF, 0xA4AE, 0x9CAD,
    0x94AB, 0x94A9, 0x94A7, 0x8CC5, 0x8CC2, 0x8CC0, 0x8CE0, 0x8CC0,
    0x8CE0, 0x8CC0, 0x8CC0, 0x8CA0, 0x84A0, 0x8480, 0x7C60, 0x7C60,
    0x7C40, 0x7420, 0x7420, 0x7400, 0x6C00, 0x6BE0, 0x6BE0, 0x6BE0,
    0x7400, 0x7C40, 0x84A0, 0x9500, 0x9D40, 0xA5A0, 0xB5E0, 0xBE00,
    0xBE20, 0xBE20, 0xB600, 0xADE0, 0xADC0, 0xA5A0, 0xA5A0, 0xA5A0,
    0xA5A0, 0x9D80, 0x9D40, 0x9500, 0x84A0, 0x7C40, 0x6BE0, 0x6361,
    0x5301, 0x4281, 0x3A62, 0x3241, 0x3220, 0x3240, 0x3A60, 0x42A0,
    0x42C0, 0x4AE0, 0x4B00, 0x4B00, 0x4B20, 0x4B20, 0x5321, 0x5344,
    0x5B48, 0x5B6A, 0x5B8B, 0x5B6B, 0x5B6C, 0x536C, 0x534C, 0x532C,
    0x4AEA, 0x4288, 0x3A45, 0x3224, 0x3A25, 0x3A45, 0x3A45, 0x3A45,
    0xC429, 0xC429, 0xC429, 0xC449, 0xC44A, 0xC44A, 0xC44A, 0xCC6A,
    0xCC6A, 0xCC6A, 0xCC6A, 0xCC6A, 0xCC6A, 0xCC6A, 0xCC6A, 0xCC6A,
    0xCC4A, 0xCC4A, 0xCC4A, 0xCC4A, 0xCC49, 0xCC49, 0xCC6A, 0xCC49,
    0xD4CC, 0xF6B5, 0xFEB3, 0xEDEF, 0xEDCE, 0xEDAD, 0xEDAD, 0xE56C,
    0xE54B, 0xE58D, 0xE58D, 0xE54C, 0xD468, 0xB324, 0xB2E3, 0xAAA3,
    0x9A42, 0x9A21, 0x99E0, 0xA240, 0xA240, 0xA241, 0xBB23, 0xCBA5,
    0xDCA9, 0xE54C, 0xEDCE, 0xEDCD, 0xF5EF, 0xED8C, 0xED6C, 0xEDAD,
    0xEDAD, 0xEDAE, 0xDC68, 0xC344, 0xA241, 0x9A00, 0xA220, 0xC302,
    0xDBE6, 0xDC06, 0xE447, 0xF52A, 0xFDEF, 0xE56E, 0xCCAB, 0xC4AC,
    0xC4CD, 0xC4CE, 0xC4EF, 0xC510, 0xC531, 0xCD52, 0xCD93, 0xCD93,
    0xCDB3, 0xCD93, 0xCD93, 0xCD93, 0xCD93, 0xCD93, 0xCD93, 0xCD93,
    0xEE54, 0xFEB2, 0xF509, 0xDC26, 0xDC26, 0xC302, 0xD407, 0xFE71,
    0xFE92, 0xFE92, 0xF62F, 0xF60E, 0xE486, 0xC301, 0xB2C1, 0xB280,
    0xBAC1, 0xB260, 0xB281, 0xC301, 0xB280, 0xAA81, 0xB2C1, 0xCB82,
    0xD3E4, 0xDCA7, 0xE54A, 0xE52A, 0xE52A, 0xE54B, 0xE58C, 0xED8C,
    0xEDAD, 0xED8C, 0xD4A9, 0xB343, 0xAAA1, 0xAAA2, 0xA220, 0xB2C1,
    0xC364, 0xD447, 0xE54C, 0xE54C, 0xE58D, 0xE58D, 0xE56C, 0xDD0A,
    0xCBE6, 0xAAA2, 0xBAE2, 0xBAE3, 0xCB85, 0xE488, 0xED0C, 0xC532,
    0xB512, 0xB512, 0xB512, 0xACF2, 0xACF2, 0xACF2, 0xACF2, 0xACF2,
    0xACF2, 0xA4D2, 0xA4D1, 0xA4B1, 0xA4B0, 0xA4AF, 0x9CAD, 0x9CAB,
    0x9489, 0x8C87, 0x8C85, 0x8483, 0x8480, 0x8480, 0x8480, 0x8480,
    0x8480, 0x8480, 0x7C60, 0x7C40, 0x7C40, 0x7420, 0x7400, 0x7400,
    0x7400, 0x6BE0, 0x6BE0, 0x6BC0, 0x6BC0, 0x6BC0, 0x6BA0, 0x63A0,
    0x6BC0, 0x7420, 0x8480, 0x8CC0, 0x9520, 0xA560, 0xADC0, 0xB5E0,
    0xB600, 0xB600, 0xB600, 0xADE0, 0xADE0, 0xADC0, 0xA5A0, 0xA5A0,
    0xA580, 0x9D60, 0x9520, 0x8CE0, 0x7C80, 0x7400, 0x6380, 0x5300,
    0x42A0, 0x3A41, 0x3A41, 0x3A41, 0x3241, 0x3260, 0x3A80, 0x42C0,
    0x42E0, 0x4B00, 0x4B20, 0x5320, 0x5320, 0x5320, 0x5340, 0x5343,
    0x5B47, 0x5B69, 0x5B6A, 0x5B6B, 0x534B, 0x534C, 0x532B, 0x530B,
    0x4AEA, 0x42A8, 0x3A66, 0x3A67, 0x4267, 0x4288, 0x42A9, 0x4288,
    0xBBE9, 0xBBE9, 0xBBE9, 0xBBE9, 0xBBE9, 0xBBE9, 0xBC09, 0xBC09,
    0xBC09, 0xBC09, 0xBC09, 0xBC09, 0xBC09, 0xBC09, 0xBC09, 0xBC09,
    0xBC09, 0xBC09, 0xBC09, 0xBC09, 0xBC09, 0xBC09, 0xBC09, 0xC409,
    0xBC08, 0xC44A, 0xE5F1, 0xF693, 0xEDEF, 0xEDCE, 0xE58D, 0xE58D,
    0xE54B, 0xE54B, 0xD426, 0xCBC5, 0xAAC2, 0x91E0, 0x89A0, 0x91C0,
    0xA240, 0x99E0, 0x89C0, 0x9201, 0x91E0, 0xA220, 0xAA41, 0xAA61,
    0xCBE6, 0xE52B, 0xEDCE, 0xF630, 0xED8D, 0xEDAD, 0xED6B, 0xED8C,
    0xED8D, 0xED6C, 0xC3A6, 0xB281, 0xA220, 0xAA61, 0xA241, 0xB2A1,
    0xC302, 0xCB43, 0xDBE5, 0xE447, 0xFD6C, 0xF5EF, 0xD4EC, 0xCCAC,
    0xC4CD, 0xC4EE, 0xC4EF, 0xC510, 0xCD31, 0xCD52, 0xCD93, 0xCDB3,
    0xCD93, 0xCD93, 0xCD93, 0xCDB3, 0xCD93, 0xCD93, 0xCDB3, 0xCD93,
    0xEE95, 0xFF16, 0xED0A, 0xE446, 0xDC25, 0xDC46, 0xF5EF, 0xFEB2,
    0xFE92, 0xFE92, 0xF650, 0xFE50, 0xE4A7, 0xBAE0, 0xBAE1, 0xAA81,
    0xB2A1, 0xBAA0, 0xBAA1, 0xBAE1, 0xB2A0, 0xBB01, 0xD404, 0xE508,
    0xE54A, 0xED8C, 0xED8C, 0xE58B, 0xE54A, 0xE56B, 0xE56C, 0xE56C,
    0xEDAD, 0xE58C, 0xC3C6, 0x9221, 0x91E0, 0x9A20, 0xA240, 0xA220,
    0xAA81, 0xB302, 0xDCEA, 0xDD0B, 0xE56C, 0xE58D, 0xE56C, 0xE54C,
    0xCC27, 0xAAA2, 0xC302, 0xD384, 0xD3E6, 0xDC48, 0xED0C, 0xC532,
    0xB532, 0xB512, 0xB512, 0xACF2, 0xAD12, 0xAD12, 0xACF2, 0xACF2,
    0xACF2, 0xA4D2, 0xA4D1, 0xA4D0, 0xA4AF, 0xA4AE, 0x9CAC, 0x948A,
    0x8C88, 0x8C66, 0x8464, 0x8461, 0x7C60, 0x7C40, 0x7C40, 0x7C40,
    0x7420, 0x7420, 0x7400, 0x6BE0, 0x6BC0, 0x6BC0, 0x63A0, 0x63A0,
    0x63A0, 0x63A0, 0x63A0, 0x6381, 0x6381, 0x6381, 0x6381, 0x6380,
    0x63A1, 0x6BE0, 0x7C40, 0x84A0, 0x8CE0, 0x9D20, 0xA580, 0xADA0,
    0xB5C0, 0xB5E0, 0xADE0, 0xADE0, 0xADC0, 0xADC0, 0xA5A0, 0xA5A0,
    0x9D80, 0x9D40, 0x9500, 0x84A0, 0x7C40, 0x6BC0, 0x5B40, 0x4AA0,
    0x3A60, 0x3220, 0x3240, 0x3A41, 0x3A61, 0x3A60, 0x3A80, 0x42C0,
    0x4AE0, 0x4B00, 0x5320, 0x5340, 0x5340, 0x5320, 0x5340, 0x5341,
    0x5325, 0x5347, 0x5349, 0x5349, 0x532A, 0x532A, 0x530A, 0x4AEA,
    0x4AC9, 0x42A8, 0x42A8, 0x42A9, 0x42CA, 0x4AEB, 0x4AEB, 0x4AEB,
    0xAB88, 0xAB88, 0xABA8, 0xABA8, 0xABA8, 0xABA8, 0xABA8, 0xABA8,
    0xABA8, 0xB3A8, 0xB3A8, 0xB3A8, 0xB3C8, 0xB3A8, 0xB3C8, 0xB3C8,
    0xB3A8, 0xB3A8, 0xB3A8, 0xB3A8, 0xB3A8, 0xB3A8, 0xB3A8, 0xB3C8,
    0xB3C8, 0xAB87, 0xCCED, 0xFED6, 0xF672, 0xEDCF, 0xE56D, 0xE54C,
    0xDCC9, 0xC3A5, 0xB2E2, 0xB2E3, 0x9A00, 0x9200, 0x91E0, 0xA261,
    0xAA40, 0x9A00, 0x8180, 0x89E1, 0x9201, 0xA241, 0x9A00, 0xA220,
    0xC384, 0xEDCE, 0xEDCE, 0xF5EF, 0xEDAE, 0xEDCE, 0xED8C, 0xED8C,
    0xE54C, 0xDCAA, 0xB324, 0x9A01, 0xB2C2, 0xA241, 0xA261, 0xBAE2,
    0xBB02, 0xB2C1, 0xCB84, 0xDBE5, 0xEC68, 0xFD8D, 0xE52D, 0xC4AC,
    0xC4CD, 0xC4EE, 0xC50F, 0xC530, 0xCD51, 0xCD72, 0xCD93, 0xCDB3,
    0xCDB3, 0xCD93, 0xCD93, 0xCDB3, 0xCDB3, 0xCDB3, 0xCDB3, 0xCDB3,
    0xF6F7, 0xFF15, 0xFE2F, 0xF5CC, 0xF58C, 0xFE51, 0xFED4, 0xFEB3,
    0xFE92, 0xFE71, 0xF650, 0xF62F, 0xE509, 0xCB62, 0xC301, 0xB2A1,
    0xAA80, 0xB2A0, 0xB280, 0xBAC1, 0xC2C0, 0xDC66, 0xED6B, 0xED6B,
    0xED4A, 0xEDAC, 0xEDAC, 0xED8C, 0xE54B, 0xE56B, 0xE56B, 0xE56C,
    0xDD2B, 0xD468, 0xBB03, 0x9A21, 0x99E0, 0x91E0, 0x9A21, 0x9A20,
    0x9A20, 0xAA81, 0xD406, 0xDCA9, 0xE54C, 0xE56C, 0xE56C, 0xE56C,
    0xE54C, 0xCC27, 0xB2C2, 0xD3A4, 0xDBE6, 0xDBE6, 0xED2B, 0xCD92,
    0xAD12, 0xB512, 0xACF2, 0xACF2, 0xAD12, 0xACF2, 0xACF2, 0xACF2,
    0xA4F2, 0xA4D2, 0xA4D1, 0xA4D0, 0xA4AF, 0x9CAD, 0x9CAC, 0x9489,
    0x8C67, 0x8465, 0x7C42, 0x7C41, 0x7C40, 0x7420, 0x7400, 0x73E0,
    0x6BC0, 0x6BA1, 0x6381, 0x6360, 0x5B60, 0x5B40, 0x5B40, 0x5B40,
    0x5B40, 0x5B41, 0x5B41, 0x5B41, 0x5B41, 0x5B41, 0x5B41, 0x5B41,
    0x5B61, 0x63A1, 0x73E0, 0x7C40, 0x8480, 0x8CE0, 0x9D40, 0xA580,
    0xADA0, 0xADC0, 0xADC0, 0xADC0, 0xADC0, 0xADC0, 0xA5A0, 0xA580,
    0x9D60, 0x9520, 0x8CE0, 0x8480, 0x7400, 0x6380, 0x5300, 0x4280,
    0x3A40, 0x3220, 0x3240, 0x3A61, 0x3A61, 0x3A80, 0x42A0, 0x42C0,
    0x4B00, 0x4B20, 0x5340, 0x5340, 0x5340, 0x5340, 0x5320, 0x5320,
    0x5322, 0x5326, 0x5307, 0x5308, 0x4B09, 0x4AE9, 0x4AC8, 0x4AC8,
    0x4AC9, 0x4AC9, 0x4AC9, 0x4AEB, 0x530C, 0x532D, 0x5B4D, 0x5B4D,
    0x9B27, 0x9B27, 0x9B47, 0x9B47, 0x9B47, 0x9B47, 0x9B47, 0xA347,
    0xA347, 0xA367, 0xA367, 0xA367, 0xA367, 0xA367, 0xA367, 0xA367,
    0xA347, 0xA346, 0xA346, 0xA346, 0xA346, 0xA346, 0xA346, 0xA346,
    0xA346, 0xA367, 0xABA8, 0xD52E, 0xFF16, 0xF5EF, 0xE56C, 0xDC88,
    0xCBA4, 0xB2A1, 0xA281, 0xA241, 0xA261, 0xA220, 0x91E0, 0xA220,
    0x9A21, 0xA261, 0x89C0, 0x9A42, 0x9A21, 0xAA81, 0xBAE2, 0xBB03,
    0xE4C9, 0xEDAD, 0xEDAD, 0xED8C, 0xED6C, 0xEDAD, 0xEDAD, 0xED6C,
    0xDCA9, 0xBB65, 0xAA61, 0xA241, 0xA220, 0xBAE2, 0xAA61, 0xAA81,
    0xBB23, 0xBB03, 0xC323, 0xD384, 0xDBE6, 0xF50A, 0xFDAE, 0xD52E,
    0xC4CE, 0xC4EF, 0xC50F, 0xC530, 0xCD51, 0xCD72, 0xCD93, 0xCDB3,
    0xCDB3, 0xCDB3, 0xCDB3, 0xCDB3, 0xCDB3, 0xCDB3, 0xCDB3, 0xD5D3,
    0xFEF6, 0xFEF4, 0xFED3, 0xFE91, 0xFE71, 0xFEB3, 0xFED4, 0xFEB2,
    0xFEB2, 0xF650, 0xF650, 0xF62F, 0xED8B, 0xDC45, 0xC301, 0xBAC1,
    0xBAC0, 0xB2C1, 0xAA60, 0xC2E0, 0xD3E3, 0xEDAC, 0xF5EE, 0xEDCD,
    0xED6B, 0xED8C, 0xEDAC, 0xEDAC, 0xEDEE, 0xE54B, 0xE56C, 0xE52B,
    0xD488, 0xC343, 0xAA40, 0xA220, 0x91E0, 0x91E0, 0x89C0, 0x9A41,
    0xA220, 0x9A00, 0xAA80, 0xC383, 0xDCC9, 0xE56C, 0xE58D, 0xE58D,
    0xEDAD, 0xE54C, 0xCBE6, 0xD3A4, 0xCB64, 0xDC06, 0xFDEE, 0xE633,
    0xB532, 0xAD12, 0xACF2, 0xACF2, 0xACF2, 0xACF2, 0xACF2, 0xA4F2,
    0xA4F2, 0xA4D1, 0xA4D1, 0xA4D0, 0x9CAE, 0x9CAC, 0x948B, 0x8C69,
    0x8466, 0x7C43, 0x7C41, 0x7C40, 0x7420, 0x7400, 0x73E1, 0x6BC1,
    0x6382, 0x6361, 0x5B40, 0x5320, 0x5300, 0x5300, 0x5300, 0x4AE0,
    0x4AE0, 0x52E1, 0x5301, 0x5301, 0x5301, 0x5301, 0x5321, 0x5321,
    0x5321, 0x5B60, 0x63A0, 0x73E0, 0x7C40, 0x84A0, 0x9500, 0x9D40,
    0x9D60, 0xA580, 0xA5A0, 0xA5A0, 0xADC0, 0xA5A0, 0xA580, 0x9D60,
    0x9540, 0x9500, 0x84A0, 0x7C40, 0x6BC0, 0x5B60, 0x4AE0, 0x3A60,
    0x3220, 0x3220, 0x3240, 0x3A60, 0x3A80, 0x3A80, 0x42A0, 0x42E0,
    0x4B00, 0x4B20, 0x5340, 0x5340, 0x5340, 0x5320, 0x4B20, 0x4B00,
    0x4AE0, 0x4AE3, 0x4AE5, 0x4AC6, 0x4AC6, 0x4AC6, 0x42A6, 0x42A7,
    0x4AC8, 0x4AC9, 0x530B, 0x532D, 0x5B4E, 0x5B6F, 0x638F, 0x6390,
    0x8AE6, 0x92E6, 0x92E6, 0x92E6, 0x9306, 0x9306, 0x9306, 0x9306,
    0x9306, 0x9306, 0x9306, 0x9306, 0x9306, 0x9306, 0x92E6, 0x92E5,
    0x92E5, 0x92C5, 0x8AC4, 0x8AC4, 0x92C4, 0x92C4, 0x92C4, 0x92C4,
    0x92E4, 0x92E5, 0x9B05, 0xA366, 0xD52D, 0xFE72, 0xED6D, 0xD405,
    0xCB84, 0xAAA1, 0xA281, 0xA261, 0x9A20, 0xA221, 0xAA82, 0x9A00,
    0x9A21, 0x9A00, 0x91C0, 0x9201, 0x89E1, 0x9A41, 0xBAC1, 0xCB84,
    0xDC47, 0xE50A, 0xEDAD, 0xEDAE, 0xED8D, 0xED8D, 0xF5CE, 0xED8C,
    0xD427, 0xA2A3, 0x99E0, 0xA1E0, 0x99C0, 0xAA40, 0xBAA1, 0xA261,
    0xBAE2, 0xBB03, 0xC323, 0xD3C5, 0xDBC5, 0xEC88, 0xFDAD, 0xEDB0,
    0xC4EE, 0xC4EF, 0xC50F, 0xC530, 0xCD51, 0xCD72, 0xCD93, 0xCDB3,
    0xCDB3, 0xD5B3, 0xCDB3, 0xCDB3, 0xCDB3, 0xCDB3, 0xCDB3, 0xDDF3,
    0xFED4, 0xFEF4, 0xFED3, 0xFED3, 0xFE92, 0xFEB3, 0xFED4, 0xFEB3,
    0xFE92, 0xF5EE, 0xF672, 0xF630, 0xF5EE, 0xED8C, 0xDC04, 0xC300,
    0xB280, 0xAA60, 0xBAA0, 0xCB82, 0xED4B, 0xF60E, 0xF60E, 0xF60F,
    0xED8C, 0xED8B, 0xED6B, 0xEDAC, 0xE54B, 0xE54B, 0xE54B, 0xD488,
    0xC384, 0xB2E2, 0xA240, 0xA220, 0x9A20, 0x91E0, 0x91C0, 0x9A00,
    0xAA61, 0x9A00, 0x9A00, 0xAA60, 0xCBA5, 0xDC88, 0xE56C, 0xEDAE,
    0xEDAE, 0xEDEF, 0xDCEB, 0xCBC5, 0xD3E5, 0xE467, 0xFE51, 0xF6B4,
    0xBD52, 0xACF2, 0xACF2, 0xACF2, 0xACF2, 0xACF2, 0xA4F2, 0xA4F2,
    0xA4D2, 0xA4D1, 0xA4D0, 0x9CAF, 0x9CAE, 0x948C, 0x946A, 0x8C68,
    0x8465, 0x7C42, 0x7C41, 0x7C21, 0x7401, 0x7402, 0x6BC2, 0x6BA2,
    0x6362, 0x5B41, 0x5320, 0x5300, 0x4AE0, 0x4AE0, 0x4AE0, 0x4AC0,
    0x4AC0, 0x4AC0, 0x4AA0, 0x4AC0, 0x4AC0, 0x4AC0, 0x4AE1, 0x52E1,
    0x5301, 0x5300, 0x5B40, 0x6380, 0x6BE0, 0x7C60, 0x84A0, 0x8D00,
    0x9520, 0x9D40, 0x9D60, 0xA580, 0xA5A0, 0xA580, 0x9D60, 0x9540,
    0x9520, 0x8CE0, 0x8480, 0x7420, 0x63A0, 0x5320, 0x42A0, 0x3A60,
    0x3240, 0x3240, 0x3240, 0x3A60, 0x3A80, 0x3AA0, 0x42C0, 0x42E0,
    0x4B00, 0x4B20, 0x4B20, 0x5320, 0x4B20, 0x4B00, 0x4AE0, 0x42E0,
    0x42C0, 0x42A0, 0x42A1, 0x4282, 0x4283, 0x4283, 0x4283, 0x42A6,
    0x4AC8, 0x52EA, 0x532C, 0x5B4E, 0x5B6F, 0x63AF, 0x63D0, 0x63D1,
    0x8AC6, 0x8AE6, 0x8AE6, 0x8AE6, 0x8AE6, 0x8AE6, 0x8AE6, 0x8AE6,
    0x8AC6, 0x8AC6, 0x8AC5, 0x8AC5, 0x8AC5, 0x82A5, 0x82A5, 0x8284,
    0x8284, 0x8264, 0x8263, 0x8243, 0x8243, 0x8263, 0x8263, 0x8A63,
    0x8A83, 0x8AA4, 0x92C4, 0x92C4, 0x9B05, 0xF5AE, 0xF60F, 0xD426,
    0xBAE1, 0xB2C2, 0xAAA2, 0x9A41, 0xA240, 0xBAC1, 0xBAE2, 0x9A21,
    0x91E0, 0x9A41, 0xAA81, 0xAA61, 0x9201, 0x9201, 0xB2C2, 0xB2A1,
    0xCBA4, 0xED6C, 0xED8D, 0xED4B, 0xED6C, 0xF5EF, 0xF60F, 0xF5CE,
    0xCBE6, 0x89A0, 0x9A01, 0xA200, 0xB281, 0xA220, 0xAA61, 0xA241,
    0xAAA2, 0xC364, 0xCB63, 0xD384, 0xD384, 0xEC47, 0xF54B, 0xFDCF,
    0xDD90, 0xCD2F, 0xC510, 0xC531, 0xCD51, 0xCD92, 0xCD93, 0xD5B3,
    0xD5B3, 0xD5B3, 0xD5B3, 0xCDB3, 0xCDB3, 0xCDB3, 0xCDB4, 0xDDD2,
    0xFE0F, 0xFEF4, 0xFEF4, 0xFED3, 0xFE92, 0xFED3, 0xFEB3, 0xFE72,
    0xF651, 0xF60F, 0xFE92, 0xF650, 0xF630, 0xF60E, 0xED4A, 0xDC44,
    0xCB82, 0xBB01, 0xD3C3, 0xED6A, 0xF60E, 0xF5ED, 0xF62F, 0xF60E,
    0xEDCD, 0xEDCD, 0xE56B, 0xED8C, 0xE509, 0xE4E9, 0xD406, 0xD447,
    0xB2C2, 0xA241, 0x9A21, 0x9A00, 0xA220, 0x9A00, 0x9A00, 0x9A20,
    0xA241, 0x9A00, 0xA240, 0xA220, 0xAA81, 0xB2E1, 0xD446, 0xED8D,
    0xEDEF, 0xEDEF, 0xEDCE, 0xE50B, 0xE50A, 0xEDAD, 0xF671, 0xFEF5,
    0xCDB3, 0xACF2, 0xAD12, 0xACF2, 0xACF2, 0xA4F2, 0xA4F2, 0xA4D2,
    0xA4D2, 0xA4D1, 0x9CB0, 0x9CAF, 0x948D, 0x948B, 0x8C69, 0x8C67,
    0x8444, 0x7C42, 0x7C42, 0x7C22, 0x7C03, 0x7404, 0x6BC4, 0x6B83,
    0x6362, 0x5B41, 0x5320, 0x5300, 0x4AE0, 0x4AC0, 0x4AC0, 0x4AC0,
    0x42A0, 0x42A0, 0x42A0, 0x4280, 0x4280, 0x42A0, 0x42A0, 0x4AC0,
    0x4AE0, 0x4AE0, 0x5300, 0x5B40, 0x63A0, 0x7400, 0x7C60, 0x84A0,
    0x8CC0, 0x9500, 0x9520, 0x9D40, 0x9D40, 0x9D40, 0x9520, 0x9500,
    0x8CE0, 0x84A0, 0x7C40, 0x6BE0, 0x5B80, 0x5300, 0x4280, 0x3A60,
    0x3A60, 0x3A60, 0x3A60, 0x3A60, 0x3A80, 0x3AA0, 0x42C0, 0x42C0,
    0x4AE0, 0x4B00, 0x4B00, 0x4B00, 0x4B00, 0x42E0, 0x42C0, 0x42A0,
    0x42A0, 0x3A60, 0x3A60, 0x3A40, 0x3A60, 0x3A60, 0x4262, 0x4286,
    0x4AC8, 0x530B, 0x534D, 0x5B6E, 0x5B8F, 0x63AF, 0x63D1, 0x6BF1,
    0x8AE6, 0x8AE6, 0x8AE6, 0x8AE6, 0x8AE6, 0x8AE6, 0x8AE6, 0x8AE6,
    0x8AE6, 0x8AC6, 0x8AC6, 0x8AA5, 0x82A5, 0x82A5, 0x8285, 0x8284,
    0x8264, 0x8263, 0x7A43, 0x7A43, 0x8242, 0x8243, 0x8263, 0x8A63,
    0x8A63, 0x8A83, 0x92A4, 0x92C4, 0x92E4, 0xDCEA, 0xFE2F, 0xE4EA,
    0xBB23, 0xB2E3, 0xB2E2, 0xAA81, 0xB2C1, 0xB2A2, 0xAA40, 0x9A00,
    0x9A20, 0xA241, 0xAA61, 0xB2A1, 0xAA61, 0x9A00, 0x9A21, 0xB2A1,
    0xCB84, 0xE54C, 0xEDEF, 0xED6C, 0xEDEF, 0xF60F, 0xEDEF, 0xDCC9,
    0xBB02, 0x91C0, 0x91E1, 0xB2C2, 0xB2A1, 0xB281, 0xAA61, 0xA221,
    0xAA82, 0xC323, 0xD3A5, 0xD384, 0xD3A4, 0xDBE5, 0xF56B, 0xFE71,
    0xFEF6, 0xDDD2, 0xC510, 0xCD51, 0xCD72, 0xCD92, 0xCD93, 0xD5B3,
    0xD5B3, 0xD5B3, 0xD5B3, 0xCDB3, 0xCDB3, 0xCDB3, 0xCDD4, 0xED8F,
    0xF529, 0xFF15, 0xFEF4, 0xFE92, 0xFE72, 0xFE72, 0xF5EF, 0xED4C,
    0xED6D, 0xFE51, 0xF630, 0xFE50, 0xF650, 0xFE50, 0xF60E, 0xEDAC,
    0xE529, 0xE4E8, 0xEDAC, 0xF60E, 0xF60E, 0xF60E, 0xF62F, 0xF5CD,
    0xEDCD, 0xF5EE, 0xED6B, 0xD447, 0xB323, 0xB303, 0xC302, 0xBAC2,
    0xB2A2, 0x9A00, 0x91E0, 0x9200, 0xA220, 0xAA40, 0xA220, 0x9A00,
    0x91E0, 0x89A0, 0x91E0, 0x9A00, 0xA260, 0xAA80, 0xBAE1, 0xE4EA,
    0xEE10, 0xEDEF, 0xEDEF, 0xEDEF, 0xEDCE, 0xF5EF, 0xF672, 0xFED4,
    0xDE13, 0xAD12, 0xAD13, 0xACF2, 0xA4F2, 0xA4F2, 0xA4F2, 0xA4D2,
    0xA4D2, 0x9CB1, 0x9CB0, 0x9C8E, 0x948D, 0x948B, 0x8C69, 0x8C67,
    0x8444, 0x8443, 0x8444, 0x7C24, 0x7C05, 0x73E5, 0x73C4, 0x6B84,
    0x6362, 0x5B41, 0x5300, 0x4AE0, 0x4AE0, 0x4AC0, 0x4AC0, 0x4AC0,
    0x42A0, 0x42A0, 0x42A0, 0x4280, 0x42A0, 0x42A0, 0x42A0, 0x42A0,
    0x4AC0, 0x4AC0, 0x4AE0, 0x5300, 0x5B40, 0x6BA0, 0x7400, 0x7C40,
    0x7C60, 0x84A0, 0x8CC0, 0x8CE0, 0x9500, 0x8CE0, 0x8CE0, 0x84C0,
    0x84A0, 0x7C60, 0x7420, 0x63C0, 0x5B40, 0x4AE0, 0x42A0, 0x4280,
    0x4280, 0x3A80, 0x3A80, 0x3A80, 0x3A80, 0x3AA0, 0x42A0, 0x42C0,
    0x42E0, 0x42E0, 0x42E0, 0x42E0, 0x42C0, 0x42C0, 0x42A0, 0x3A80,
    0x3A60, 0x3A40, 0x3220, 0x3220, 0x3A20, 0x3A40, 0x3A41, 0x4265,
    0x4AC8, 0x530B, 0x5B4D, 0x5B6E, 0x5B8F, 0x63AF, 0x63D1, 0x6BF1,
    0x8AE7, 0x8AE6, 0x92E6, 0x92E6, 0x92E6, 0x8AE6, 0x8AE6, 0x8AE6,
    0x8AE6, 0x8AE6, 0x8AC6, 0x8AC6, 0x8AC5, 0x82A5, 0x82A5, 0x8285,
    0x8264, 0x8264, 0x7A43, 0x8243, 0x8243, 0x8263, 0x8A63, 0x8A83,
    0x8A83, 0x92A4, 0x92C4, 0x92E4, 0x9B26, 0xD4AB, 0xFDAD, 0xF58C,
    0xD3C5, 0xBB23, 0xBB02, 0xB2A1, 0xAA61, 0xA241, 0xA220, 0xAA40,
    0xAA61, 0xA261, 0xB2C2, 0xB2C2, 0xA220, 0x9A21, 0xAA81, 0xC322,
    0xE4C9, 0xEDAD, 0xF5EF, 0xF5EF, 0xF5EE, 0xF5CE, 0xF5EF, 0xDCEA,
    0xB2E2, 0xA241, 0x89A0, 0x91E1, 0xB2E3, 0xC303, 0xBAC2, 0xAA41,
    0xA241, 0xC323, 0xCB63, 0xCB63, 0xCB84, 0xDBC4, 0xECE9, 0xFE92,
    0xFF16, 0xF6D6, 0xCD50, 0xCD51, 0xCD72, 0xCD93, 0xCDB3, 0xD5B3,
    0xD5B4, 0xD5B4, 0xD5D4, 0xCDB4, 0xCDB4, 0xCDB3, 0xD5D4, 0xED2C,
    0xF52A, 0xFEF4, 0xFE50, 0xED4B, 0xED2B, 0xED0B, 0xE488, 0xDC48,
    0xDC47, 0xF5CE, 0xF630, 0xF630, 0xF670, 0xFE70, 0xF62F, 0xEDAC,
    0xEDCD, 0xF5EE, 0xF650, 0xF5EE, 0xF60F, 0xF60E, 0xF62F, 0xF5EE,
    0xEDCD, 0xED8C, 0xDCA8, 0xC364, 0x9A00, 0xA241, 0xB2A1, 0xAA40,
    0xA220, 0x9A20, 0x9A20, 0x91E0, 0x9A00, 0xAA40, 0xA220, 0xA220,
    0xA220, 0x89C0, 0x91E0, 0x91E0, 0xA240, 0xB2A1, 0xBAC1, 0xD3E4,
    0xED8D, 0xEDCF, 0xEE10, 0xEDEF, 0xF610, 0xF5EF, 0xF631, 0xFEB3,
    0xEE54, 0xAD12, 0xACF3, 0xACF2, 0xA4F2, 0xA4F2, 0xA4D2, 0xA4D2,
    0x9CB1, 0x9CB0, 0x9C8F, 0x9C8E, 0x948D, 0x946B, 0x8C69, 0x8467,
    0x8445, 0x8465, 0x8446, 0x8426, 0x7C06, 0x7BE6, 0x73C5, 0x6B84,
    0x6362, 0x5B21, 0x5301, 0x4AE0, 0x4AC0, 0x4AC0, 0x4AC0, 0x4AC0,
    0x42A0, 0x42A0, 0x42A0, 0x42A0, 0x42A0, 0x42C0, 0x4AC0, 0x4AC0,
    0x4AC0, 0x4AC0, 0x4AC0, 0x4AE0, 0x5320, 0x6360, 0x6BA0, 0x73E0,
    0x7420, 0x7C40, 0x7C60, 0x7C60, 0x8480, 0x8480, 0x7C80, 0x7C60,
    0x7440, 0x7420, 0x6BE0, 0x6380, 0x5320, 0x4AE0, 0x42C0, 0x42A0,
    0x42A0, 0x42A0, 0x42A0, 0x3AA0, 0x3AA0, 0x42A0, 0x42A0, 0x42C0,
    0x42C0, 0x42C0, 0x42C0, 0x42C0, 0x3AA0, 0x3A80, 0x3A80, 0x3A60,
    0x3240, 0x3200, 0x2A00, 0x29E0, 0x3200, 0x3200, 0x3A21, 0x4265,
    0x4AA8, 0x52EB, 0x532C, 0x5B4D, 0x5B6E, 0x638F, 0x63D0, 0x63D0,
    0x8B07, 0x8B07, 0x9307, 0x9307, 0x9307, 0x8AE7, 0x8B07, 0x8AE6,
    0x8AE6, 0x8AE6, 0x8AE6, 0x8AE6, 0x8AC6, 0x82C6, 0x82A5, 0x82A5,
    0x8284, 0x8264, 0x8263, 0x8263, 0x8263, 0x8263, 0x8A83, 0x8A83,
    0x8AA4, 0x92C4, 0x92E4, 0x9AE5, 0xA346, 0xB3C8, 0xE4A9, 0xFD8C,
    0xE4C9, 0xC343, 0xC322, 0xBAE1, 0xA240, 0xA240, 0xA241, 0xA240,
    0xAA81, 0xA240, 0x9A00, 0xAA81, 0xAA60, 0xAA82, 0xC344, 0xDC68,
    0xEDCF, 0xF5CE, 0xF610, 0xED8D, 0xF5EF, 0xF5EF, 0xED8D, 0xE54C,
    0xCBA5, 0xAA61, 0x91C0, 0x91E1, 0xA221, 0xB2A2, 0xBAC2, 0xCB22,
    0xBAC2, 0xB281, 0xC323, 0xBAE2, 0xC323, 0xD3A4, 0xE446, 0xFE30,
    0xFED4, 0xFF37, 0xE613, 0xC551, 0xCD72, 0xCD93, 0xCDB3, 0xD5B4,
    0xD5D4, 0xD5D4, 0xD5B4, 0xCDB4, 0xCDB4, 0xCDB3, 0xD5D3, 0xED0B,
    0xF5CD, 0xFED2, 0xECE9, 0xCB63, 0xCB64, 0xD3E6, 0xDC27, 0xCB84,
    0xBB03, 0xDCC9, 0xF60F, 0xFE71, 0xF671, 0xF650, 0xF62F, 0xF5ED,
    0xF64F, 0xF671, 0xF670, 0xF60E, 0xF5EE, 0xF5CD, 0xF60F, 0xEDEE,
    0xE4E9, 0xD3E5, 0xC363, 0xC323, 0xAA40, 0xA241, 0x9A21, 0x9A00,
    0xB2A1, 0xAA81, 0xAA61, 0xA240, 0x9A00, 0xA220, 0xA220, 0xA200,
    0xAA61, 0x9A20, 0x99E0, 0x89C0, 0xA220, 0xB281, 0xBAE1, 0xBAC1,
    0xDC88, 0xEDCF, 0xEDEF, 0xF610, 0xF631, 0xF631, 0xF630, 0xF651,
    0xFED4, 0xC5B4, 0xA4F3, 0xACF2, 0xA4F2, 0xA4D2, 0xA4D2, 0xA4D2,
    0x9CB1, 0x9CB0, 0x9CAF, 0x9C8E, 0x948D, 0x948B, 0x8C69, 0x8C67,
    0x8447, 0x8447, 0x8447, 0x8427, 0x7BE7, 0x73C6, 0x6BA5, 0x6364,
    0x5B43, 0x5B22, 0x5301, 0x52E1, 0x4AC0, 0x4AC0, 0x4AA0, 0x4AA0,
    0x4AC0, 0x42A0, 0x42A0, 0x4AC0, 0x4AE0, 0x4AE0, 0x4AE0, 0x4AE0,
    0x4AE0, 0x4AE0, 0x4AE0, 0x4AE0, 0x4B00, 0x5B20, 0x6360, 0x6380,
    0x6BC0, 0x6BE0, 0x73E0, 0x7400, 0x7400, 0x7400, 0x7400, 0x6C00,
    0x6BE0, 0x6BC0, 0x63A0, 0x5B60, 0x5320, 0x4B00, 0x4AE0, 0x4AE0,
    0x4AE0, 0x42C0, 0x42C0, 0x42C0, 0x42A0, 0x42A0, 0x42A0, 0x42C0,
    0x42A0, 0x42A0, 0x42A0, 0x3A80, 0x3A80, 0x3A60, 0x3A40, 0x3220,
    0x3200, 0x29E0, 0x29E0, 0x29C0, 0x29E0, 0x31E0, 0x3201, 0x3A44,
    0x4287, 0x4ACA, 0x530B, 0x532D, 0x5B6E, 0x5B8F, 0x638F, 0x5B8F,
    0x9307, 0x9307, 0x9307, 0x9307, 0x9307, 0x9307, 0x9307, 0x9307,
    0x8B07, 0x8AE7, 0x8AE6, 0x8AE6, 0x8AE6, 0x8AC6, 0x8AC6, 0x82A5,
    0x8285, 0x8284, 0x8263, 0x8263, 0x8263, 0x8A83, 0x8A83, 0x8AA4,
    0x92C4, 0x92C4, 0x9AE5, 0x9B25, 0xA346, 0xA367, 0xAB87, 0xECEA,
    0xFE50, 0xE488, 0xCB42, 0xC322, 0xAA81, 0xAA81, 0xA241, 0xAA61,
    0xAA60, 0x91E0, 0x91E0, 0xA220, 0x99E0, 0xA221, 0xBB44, 0xED4C,
    0xEDCF, 0xEDAD, 0xED6C, 0xE54C, 0xF60F, 0xEDCE, 0xED4B, 0xE50A,
    0xD447, 0xB2A2, 0xAA41, 0xAA61, 0xA220, 0xA241, 0xB281, 0xC2E2,
    0xCB43, 0xBB03, 0xB2A2, 0xBAA1, 0xBAE2, 0xC322, 0xD3C4, 0xF5CE,
    0xFE71, 0xFED4, 0xFEB4, 0xCD71, 0xCD92, 0xCD93, 0xD5B3, 0xD5D4,
    0xD5D4, 0xD5B4, 0xD5B4, 0xD5B4, 0xCDB3, 0xCDB4, 0xDD91, 0xECE9,
    0xFE91, 0xFDCD, 0xDC06, 0xC303, 0xBAE2, 0xD3A5, 0xDBC5, 0xBAC2,
    0xB281, 0xD406, 0xF60F, 0xF630, 0xF5EE, 0xF5EE, 0xF62F, 0xF62F,
    0xF670, 0xF62F, 0xF62F, 0xF60E, 0xF5EE, 0xF60E, 0xEDEE, 0xE54A,
    0xC383, 0xBAC1, 0xB2A1, 0xBB01, 0xB281, 0xA240, 0xA240, 0x8180,
    0x91E0, 0xAA81, 0xB2A1, 0xAA61, 0xAA40, 0xA220, 0x9A20, 0x91E0,
    0x9A00, 0xA220, 0x9A20, 0xA240, 0xAA61, 0xAA60, 0xB2C1, 0xB2C1,
    0xCB63, 0xED6C, 0xF631, 0xF631, 0xF630, 0xF672, 0xF631, 0xF5CE,
    0xFE71, 0xEE75, 0xAD13, 0xA4F2, 0xA4F2, 0xA4F2, 0xA4D2, 0xA4D2,
    0xA4B1, 0x9CB1, 0x9CB0, 0x9C8F, 0x948D, 0x948B, 0x8C6A, 0x8C69,
    0x8C48, 0x8C49, 0x8C49, 0x8408, 0x7BE8, 0x73A7, 0x6B85, 0x6344,
    0x5B43, 0x5B22, 0x5302, 0x52E1, 0x4AC1, 0x4AC0, 0x4AC0, 0x4AC0,
    0x4AC0, 0x4AC0, 0x4AE0, 0x4AE0, 0x4B00, 0x5300, 0x5300, 0x4B00,
    0x4AE0, 0x4AE0, 0x4AE0, 0x4AE0, 0x4AE0, 0x5300, 0x5B20, 0x6360,
    0x6380, 0x6380, 0x6380, 0x63A0, 0x63A0, 0x63A0, 0x6380, 0x6380,
    0x6380, 0x6380, 0x5B60, 0x5B40, 0x5321, 0x5321, 0x5301, 0x4B01,
    0x4B01, 0x4B01, 0x4AE1, 0x4AE0, 0x4AE0, 0x42C0, 0x42C0, 0x42A0,
    0x42A0, 0x3A80, 0x3A80, 0x3A60, 0x3A40, 0x3A40, 0x3220, 0x3220,
    0x29E0, 0x29C0, 0x29A0, 0x29A0, 0x29C0, 0x29C0, 0x31E0, 0x3A23,
    0x4266, 0x4AA8, 0x4ACA, 0x530C, 0x5B4D, 0x5B6E, 0x5B6E, 0x5B6E,
    0x9307, 0x9307, 0x8B07, 0x9307, 0x9307, 0x9307, 0x9307, 0x9307,
    0x9307, 0x8B07, 0x8B07, 0x8AE7, 0x8AE7, 0x8AE6, 0x8AC6, 0x8AA5,
    0x82A5, 0x8284, 0x8284, 0x8283, 0x8A83, 0x8A83, 0x8AA4, 0x92A4,
    0x92C4, 0x92E5, 0x9B05, 0x9B26, 0xA366, 0xAB87, 0xAB87, 0xD4A9,
    0xFE2F, 0xF5EE, 0xDC05, 0xC322, 0xB2C1, 0xAA81, 0x9A00, 0xA240,
    0x9A00, 0x9200, 0x9200, 0x91E0, 0x8980, 0xA241, 0xC384, 0xED6C,
    0xED8D, 0xED6C, 0xED4C, 0xE52B, 0xED6C, 0xED8D, 0xED8C, 0xE4C9,
    0xE4EA, 0xC364, 0xB261, 0xB2A1, 0xB2A1, 0xAA61, 0xBAA1, 0xBAA1,
    0xC323, 0xC323, 0xB2C2, 0xB281, 0xBAA1, 0xCB22, 0xD3C4, 0xED4B,
    0xF60F, 0xF610, 0xFE2F, 0xF5F0, 0xD592, 0xCD92, 0xD5B3, 0xD5D4,
    0xD5D4, 0xD5B4, 0xD5B4, 0xD5B4, 0xCDB3, 0xCDB4, 0xE52D, 0xF529,
    0xFE71, 0xECE9, 0xDBC5, 0xC323, 0xBAC2, 0xCB85, 0xCB43, 0xB281,
    0xBB03, 0xCBA5, 0xED4B, 0xDC67, 0xE50A, 0xEDAC, 0xF62F, 0xF670,
    0xF62F, 0xF62F, 0xF670, 0xF62F, 0xF60E, 0xF60E, 0xEDAC, 0xD405,
    0xB2A1, 0xBAC1, 0xBAC1, 0xB2C1, 0xBAC0, 0xAA60, 0xA240, 0x9A00,
    0x89C0, 0x9A00, 0xBAA0, 0xB281, 0xB281, 0xA240, 0xA220, 0xA220,
    0x9A00, 0xA220, 0xAA61, 0xAA60, 0xAA61, 0xB2A1, 0xAAA1, 0xB2E2,
    0xBB01, 0xE4E9, 0xF630, 0xF672, 0xF651, 0xF651, 0xEDAE, 0xE4C9,
    0xF5AD, 0xF632, 0xB532, 0xA4F2, 0xA4F2, 0xA4D2, 0xA4D2, 0xA4D2,
    0xA4D1, 0xA4D1, 0x9CB0, 0x9C8F, 0x948E, 0x946C, 0x946B, 0x8C6A,
    0x8C4A, 0x8C4A, 0x842A, 0x7BE9, 0x73C8, 0x73A7, 0x6B66, 0x6345,
    0x6344, 0x5B24, 0x5B03, 0x52E2, 0x4AE1, 0x4AC0, 0x4AC0, 0x4AC0,
    0x4AC0, 0x4AE0, 0x4B00, 0x5300, 0x5320, 0x5320, 0x5320, 0x5300,
    0x4B00, 0x4AE0, 0x4AE0, 0x4AE0, 0x4AE0, 0x52E1, 0x5322, 0x5B42,
    0x5B42, 0x5B61, 0x5B40, 0x5B40, 0x5B20, 0x5B20, 0x5B40, 0x5B40,
    0x5B20, 0x5B20, 0x5B20, 0x5320, 0x5321, 0x5321, 0x5321, 0x5321,
    0x5341, 0x5321, 0x5321, 0x4B01, 0x4AE0, 0x42C0, 0x42C0, 0x42A0,
    0x3A80, 0x3A60, 0x3A60, 0x3A40, 0x3A40, 0x3220, 0x3220, 0x2A00,
    0x29E0, 0x29A0, 0x21A0, 0x21A0, 0x29A0, 0x29C0, 0x29E0, 0x3201,
    0x3A44, 0x4287, 0x4AA9, 0x52EB, 0x532C, 0x5B2C, 0x532C, 0x532C,
    0x8B07, 0x9307, 0x8B07, 0x9327, 0x9327, 0x9327, 0x9327, 0x9327,
    0x9307, 0x8B07, 0x8B07, 0x8B07, 0x8B07, 0x8AE7, 0x8AE6, 0x8AC6,
    0x8AC5, 0x8AA4, 0x8284, 0x8A84, 0x8A83, 0x8AA4, 0x92A4, 0x92C4,
    0x92E5, 0x9B05, 0x9B26, 0xA346, 0xA367, 0xABA8, 0xABA7, 0xCCAB,
    0xFE30, 0xFE91, 0xE4E9, 0xCB83, 0xBAC1, 0xAA81, 0xAA81, 0x9A21,
    0xA261, 0x91E0, 0x9A20, 0x9A00, 0xA240, 0xB2C1, 0xD447, 0xE50B,
    0xEDAD, 0xE50A, 0xE50A, 0xE52B, 0xED8D, 0xED8C, 0xED4C, 0xE4EA,
    0xED6C, 0xE50A, 0xD3C5, 0xBAE1, 0xC302, 0xC323, 0xB281, 0xB281,
    0xC323, 0xB2C2, 0xBB03, 0xB2C2, 0xBAC1, 0xC2E1, 0xCB83, 0xE50A,
    0xEDCE, 0xF610, 0xF5AD, 0xFD8B, 0xEDF1, 0xD5B3, 0xCDB3, 0xD5D4,
    0xD5D4, 0xD5D4, 0xD5B4, 0xD5B4, 0xCDB4, 0xD5D4, 0xE4EB, 0xF58C,
    0xFE2F, 0xECA8, 0xD3A5, 0xC303, 0xC344, 0xCB64, 0xBAE2, 0xB2A2,
    0xBB03, 0xB281, 0xCB84, 0xCB63, 0xCBA4, 0xDC67, 0xF5CD, 0xF62F,
    0xF62F, 0xF64F, 0xF62E, 0xF62F, 0xF60E, 0xF60E, 0xDCA7, 0xBB01,
    0xB281, 0xBAC1, 0xBAC1, 0xB2A1, 0xAA60, 0xAA40, 0xB281, 0xB280,
    0xBAE1, 0xAA40, 0xA220, 0xAA20, 0xB281, 0xBAC1, 0xB2A1, 0xAA61,
    0xA241, 0xA220, 0xAA81, 0xB281, 0xB260, 0xB281, 0xA261, 0xAA81,
    0xBAC1, 0xDC67, 0xF610, 0xF651, 0xF672, 0xF610, 0xE4EA, 0xD3E6,
    0xE4A9, 0xFDCE, 0xC552, 0xA4F3, 0xA4F2, 0xA4D2, 0xA4D2, 0xA4D2,
    0xA4D2, 0xA4D1, 0x9CB0, 0x9C8F, 0x948E, 0x946D, 0x946C, 0x944C,
    0x8C4C, 0x8C2B, 0x840B, 0x7BEA, 0x73A8, 0x7387, 0x6B86, 0x6B66,
    0x6346, 0x6345, 0x5B24, 0x5303, 0x4AE2, 0x4AC1, 0x4AC0, 0x4AE0,
    0x4AE0, 0x5300, 0x5320, 0x5320, 0x5340, 0x5340, 0x5320, 0x5300,
    0x4B00, 0x4AE0, 0x4AE0, 0x4AE1, 0x4AE3, 0x52E4, 0x5304, 0x5B25,
    0x5B45, 0x5B24, 0x5B23, 0x5301, 0x4AE0, 0x4AE0, 0x4AE0, 0x4AE0,
    0x52E0, 0x52E0, 0x5300, 0x5321, 0x5321, 0x5B41, 0x5B41, 0x5B42,
    0x5B62, 0x5B42, 0x5341, 0x4B21, 0x4B01, 0x4AE0, 0x42C0, 0x3A80,
    0x3A60, 0x3A60, 0x3A40, 0x3A40, 0x3220, 0x3220, 0x3200, 0x29E0,
    0x29C0, 0x21A0, 0x2180, 0x2180, 0x21A0, 0x29A0, 0x29C0, 0x31E0,
    0x3A22, 0x4245, 0x4A87, 0x4AC9, 0x52E9, 0x52EA, 0x52E9, 0x52E9,
    0x9328, 0x9328, 0x9328, 0x9328, 0x9328, 0x9328, 0x9328, 0x9328,
    0x8B27, 0x8B27, 0x8B07, 0x8B07, 0x8B07, 0x8B07, 0x8AE6, 0x8AE6,
    0x8AC5, 0x8AC5, 0x8AA4, 0x8AA4, 0x8AA4, 0x92A4, 0x92C4, 0x92E5,
    0x9B05, 0x9B25, 0xA346, 0xA366, 0xAB87, 0xABA8, 0xB3C8, 0xB409,
    0xE5CF, 0xFEB2, 0xF5EE, 0xD3C4, 0xBB02, 0xC343, 0xB280, 0x9A20,
    0x9A40, 0xAAA1, 0xCBC5, 0xCBE6, 0xD406, 0xD468, 0xE52C, 0xE52B,
    0xE52B, 0xE52A, 0xE50A, 0xE52B, 0xED6C, 0xEDAE, 0xE52B, 0xE50A,
    0xED8C, 0xED4C, 0xED4B, 0xE4A9, 0xCB63, 0xC343, 0xBB03, 0xB281,
    0xAA61, 0xB281, 0xB2C2, 0xC323, 0xC301, 0xBAA0, 0xCB83, 0xE50A,
    0xEDCE, 0xF610, 0xED8E, 0xECA8, 0xF54B, 0xDDD2, 0xCDB4, 0xD5D4,
    0xD5D4, 0xD5D4, 0xD5D4, 0xCDD4, 0xCDD4, 0xD5B3, 0xED0A, 0xFE91,
    0xFDAC, 0xE426, 0xC303, 0xD385, 0xD3C5, 0xC303, 0xAA82, 0xB2C2,
    0xBB03, 0xB2A2, 0xBAE2, 0xBAE2, 0xB281, 0xCBC4, 0xDCC8, 0xEDEE,
    0xF650, 0xF650, 0xF62F, 0xF60F, 0xF60E, 0xF5ED, 0xD3E4, 0xBAC1,
    0xB2A1, 0xC2E1, 0xB2C1, 0xA240, 0x9200, 0xA240, 0xB281, 0xBAC1,
    0xC302, 0xAA40, 0xB281, 0xB281, 0xBAA1, 0xB281, 0xBAC1, 0xB281,
    0xB2A1, 0xAA61, 0xAA61, 0xBAC1, 0xBAC1, 0xAA81, 0xA241, 0xA240,
    0xBAC1, 0xC342, 0xED6C, 0xF631, 0xF651, 0xEDAE, 0xC385, 0xCB65,
    0xDC27, 0xFD2A, 0xDD4F, 0xA4F3, 0xA4F2, 0xA4D2, 0xA4D2, 0xA4D2,
    0xA4D2, 0xA4B1, 0x9CB1, 0x9C90, 0x946F, 0x946E, 0x946E, 0x944D,
    0x8C4D, 0x8C2C, 0x840B, 0x7BEA, 0x73C9, 0x73A9, 0x7388, 0x6B88,
    0x6B67, 0x6346, 0x5B05, 0x5304, 0x52E2, 0x4AE1, 0x52E1, 0x5301,
    0x5321, 0x5341, 0x5B40, 0x5B40, 0x5B40, 0x5B40, 0x5320, 0x5320,
    0x5300, 0x5301, 0x5302, 0x5304, 0x5306, 0x5B06, 0x5B27, 0x5B27,
    0x5B27, 0x5B26, 0x5305, 0x52E4, 0x4AA2, 0x42A0, 0x42A0, 0x4AA0,
    0x4AA0, 0x4AC0, 0x52E0, 0x5301, 0x5B41, 0x5B62, 0x5B62, 0x5B62,
    0x5B62, 0x5B62, 0x5341, 0x5321, 0x4B01, 0x4AE0, 0x42A0, 0x3A80,
    0x3A40, 0x3240, 0x3240, 0x3240, 0x3220, 0x3220, 0x2A00, 0x29E0,
    0x29C0, 0x21A0, 0x2180, 0x2180, 0x29A0, 0x29A0, 0x29C0, 0x31E0,
    0x3200, 0x3A22, 0x4264, 0x4A86, 0x4AA7, 0x4AA7, 0x4AA6, 0x4AA6,
    0x9328, 0x9328, 0x9328, 0x9328, 0x9328, 0x9328, 0x9328, 0x8B28,
    0x8B28, 0x8B28, 0x8B27, 0x8B27, 0x8B27, 0x8B27, 0x8B07, 0x8B06,
    0x8AE6, 0x8AE5, 0x8AC5, 0x8AC4, 0x8AC4, 0x92C4, 0x92E5, 0x9305,
    0x9B05, 0x9B26, 0xA346, 0xAB67, 0xAB87, 0xB3C8, 0xB3E9, 0xBC09,
    0xD4EC, 0xF631, 0xFE92, 0xED2A, 0xD426, 0xCBE5, 0xBB01, 0xB2A0,
    0xB2C1, 0xD427, 0xD489, 0xDCEA, 0xDD0B, 0xDD0B, 0xE58D, 0xE52C,
    0xD4A9, 0xE56C, 0xE50A, 0xE54C, 0xE50A, 0xED4C, 0xE54C, 0xE52B,
    0xED6C, 0xEDAD, 0xED6C, 0xE50A, 0xDC68, 0xCB63, 0xBAC2, 0xB2A2,
    0xAA61, 0xB2A1, 0xB2A1, 0xB2C2, 0xBAC1, 0xC322, 0xDC26, 0xED2B,
    0xED6C, 0xF5CF, 0xED6D, 0xE4A9, 0xEC88, 0xF5AE, 0xDDD3, 0xCDD4,
    0xD5D4, 0xCDD4, 0xCDD4, 0xCDB4, 0xCDD5, 0xDD70, 0xF5AC, 0xFF14,
    0xF54B, 0xD384, 0xCB85, 0xE406, 0xD364, 0xC2E2, 0xB282, 0xB2A2,
    0xC323, 0xAA61, 0xC302, 0xBAC1, 0xBAE2, 0xCB62, 0xC322, 0xEDAD,
    0xF670, 0xFE71, 0xF630, 0xF62F, 0xF62F, 0xF5CC, 0xCBA3, 0xB2C1,
    0xB280, 0xBAC1, 0xB2A1, 0xA220, 0xA220, 0xB2A1, 0xB2A1, 0xC322,
    0xC302, 0xB2A1, 0xBAC1, 0xBAC1, 0xBAA1, 0xBAA1, 0xC322, 0xBAE2,
    0xB281, 0xAA40, 0xAA60, 0xB2A1, 0xBAC2, 0xB2A1, 0xB281, 0xA220,
    0xBAC1, 0xC322, 0xE4EA, 0xF631, 0xF631, 0xE56D, 0xC324, 0xBB03,
    0xD3E6, 0xECA8, 0xF56D, 0xB533, 0xA4F2, 0xA4D2, 0xA4D2, 0xA4D2,
    0xA4B2, 0x9CB1, 0x9C91, 0x9C90, 0x9C90, 0x946F, 0x946F, 0x944E,
    0x8C4E, 0x8C2D, 0x840C, 0x83EC, 0x7BCB, 0x7BCB, 0x7BAA, 0x738A,
    0x6B68, 0x6327, 0x5B05, 0x5B04, 0x5303, 0x5303, 0x5302, 0x5B22,
    0x5B42, 0x5B61, 0x5B60, 0x5B60, 0x5B60, 0x5B40, 0x5340, 0x5320,
    0x5321, 0x5323, 0x5B26, 0x5B27, 0x6328, 0x6349, 0x6349, 0x634A,
    0x6329, 0x5B29, 0x5B08, 0x52E6, 0x4AA4, 0x4282, 0x4280, 0x4280,
    0x4280, 0x4AA0, 0x4AE0, 0x5301, 0x5B41, 0x5B62, 0x5B62, 0x5B62,
    0x5B82, 0x5B82, 0x5B62, 0x5322, 0x4B01, 0x4AE1, 0x42A0, 0x3A60,
    0x3220, 0x3220, 0x3220, 0x3220, 0x3220, 0x3200, 0x2A00, 0x29E0,
    0x29C0, 0x29A0, 0x21A0, 0x29A0, 0x29A0, 0x29C0, 0x31C0, 0x31E0,
    0x3200, 0x3A00, 0x3A21, 0x4242, 0x4263, 0x4263, 0x4262, 0x4262,
    0x9348, 0x9348, 0x9348, 0x9348, 0x9348, 0x9348, 0x8B48, 0x8B48,
    0x8B48, 0x8B48, 0x8B27, 0x8B27, 0x8B27, 0x8B27, 0x8B27, 0x8B26,
    0x8B06, 0x8B05, 0x8AE5, 0x8AE4, 0x92E4, 0x92E5, 0x9305, 0x9B05,
    0x9B26, 0xA346, 0xA366, 0xAB87, 0xABA8, 0xB3C8, 0xBC09, 0xBC29,
    0xCCAB, 0xEDF0, 0xFEB3, 0xF651, 0xE52B, 0xDCC9, 0xDC88, 0xD426,
    0xD427, 0xDCCA, 0xDCCA, 0xDCEA, 0xDCC9, 0xDCEA, 0xE56D, 0xDCCA,
    0xD4A9, 0xE58D, 0xE4EA, 0xE50A, 0xE50B, 0xE4EA, 0xE52B, 0xE54C,
    0xED6C, 0xED8D, 0xEDAD, 0xED8D, 0xE52B, 0xCBA4, 0xC302, 0xB2A1,
    0xAA81, 0xAA61, 0xB2A1, 0xBAC1, 0xAA40, 0xB2A1, 0xDC26, 0xED2B,
    0xEDAD, 0xEDAE, 0xE4CA, 0xDC27, 0xDC47, 0xF509, 0xF5F0, 0xD5F4,
    0xCDD4, 0xCDD5, 0xCDD4, 0xCDD4, 0xCDD5, 0xED4C, 0xFE4F, 0xFEB1,
    0xF509, 0xCB64, 0xD3C5, 0xDBE6, 0xDBE6, 0xCB23, 0xB2A2, 0xCB64,
    0xC303, 0xBAE2, 0xCB63, 0xBAE1, 0xBAE1, 0xBAC1, 0xD3C4, 0xE52B,
    0xF670, 0xFE92, 0xF651, 0xF62F, 0xF64F, 0xED8B, 0xCB82, 0xB2A0,
    0xAA60, 0xAA60, 0xAA60, 0xAA60, 0xB281, 0xAA61, 0xAA81, 0xBAE2,
    0xBAC2, 0xBAC2, 0xC2E1, 0xC2E1, 0xCB02, 0xC302, 0xBAA1, 0xBAC2,
    0xBAC2, 0xBAC1, 0xB261, 0xAA40, 0xB2A1, 0xB2A1, 0xBAC2, 0xB2A1,
    0xAA40, 0xBAE1, 0xE4C9, 0xF5EF, 0xF693, 0xE52C, 0xC344, 0xC324,
    0xD3A5, 0xE447, 0xFD6B, 0xD550, 0xA4F2, 0xA4D2, 0xA4D2, 0xA4D2,
    0x9CB2, 0x9CB2, 0x9CB1, 0x9C91, 0x9C91, 0x9C90, 0x9470, 0x944F,
    0x8C4E, 0x8C2E, 0x840D, 0x840D, 0x83EC, 0x7BEC, 0x7BCC, 0x738A,
    0x6B49, 0x6327, 0x5B26, 0x5B25, 0x5B25, 0x5B24, 0x5B43, 0x5B42,
    0x5B61, 0x5B61, 0x5B80, 0x5B60, 0x5B60, 0x5B40, 0x5340, 0x5320,
    0x5B23, 0x5B46, 0x6348, 0x636A, 0x636B, 0x636B, 0x636C, 0x636C,
    0x636B, 0x634B, 0x5B2A, 0x52E8, 0x4AC6, 0x4AA4, 0x4282, 0x4260,
    0x4260, 0x4280, 0x4AC0, 0x5300, 0x5B21, 0x5B42, 0x5B62, 0x5B82,
    0x5B62, 0x5B62, 0x5B42, 0x5322, 0x4B01, 0x4AC0, 0x4280, 0x3A40,
    0x3220, 0x3200, 0x3200, 0x3220, 0x3220, 0x3200, 0x31E0, 0x29E0,
    0x29C0, 0x29A0, 0x29A0, 0x29A0, 0x29C0, 0x29C0, 0x31E0, 0x31E0,
    0x3200, 0x3A00, 0x3A20, 0x3A40, 0x4240, 0x4240, 0x4260, 0x4260,
    0x9348, 0x9348, 0x8B48, 0x8B48, 0x8B48, 0x8B48, 0x8B48, 0x8B48,
    0x8B48, 0x8B47, 0x8B47, 0x8B47, 0x8347, 0x8B47, 0x8B47, 0x8B26,
    0x8B26, 0x8B25, 0x8B05, 0x8B05, 0x9305, 0x9305, 0x9305, 0x9B25,
    0x9B26, 0xA346, 0xAB67, 0xAB87, 0xB3A8, 0xB3E8, 0xBC09, 0xBC29,
    0xBC29, 0xCCCC, 0xFEB4, 0xF672, 0xEDCF, 0xEDAE, 0xE54C, 0xE52C,
    0xDD0B, 0xDCEA, 0xDCC9, 0xDCCA, 0xD488, 0xD489, 0xDCEA, 0xDD2C,
    0xDCEB, 0xE56D, 0xDCCA, 0xD489, 0xDCA9, 0xE4EA, 0xE50A, 0xED6C,
    0xED6C, 0xED8D, 0xEDAD, 0xEDAE, 0xE58D, 0xCBC5, 0xC302, 0xB281,
    0xBAE2, 0xAA61, 0xB281, 0xBAC1, 0xBAE1, 0xC343, 0xE4A8, 0xE52A,
    0xED8C, 0xEDAE, 0xDC89, 0xD3E6, 0xDC48, 0xDC06, 0xECE9, 0xFE72,
    0xDE15, 0xCDD5, 0xCDD4, 0xCDD5, 0xD5D4, 0xF58C, 0xFEB2, 0xFE4E,
    0xEC67, 0xCB64, 0xDBC5, 0xDC06, 0xDC06, 0xC303, 0xD3E6, 0xCB64,
    0xC2E2, 0xC323, 0xBB03, 0xC2E2, 0xBAA1, 0xCB22, 0xD3E4, 0xE52B,
    0xF650, 0xFEB3, 0xF671, 0xF62F, 0xF60E, 0xED8B, 0xD3C3, 0xBAC0,
    0xB2A1, 0xB280, 0xB2A1, 0xB2A1, 0xB281, 0xB2C1, 0xAA41, 0xB261,
    0xBAC2, 0xBAC1, 0xCB22, 0xCB22, 0xD363, 0xBAA1, 0x99E0, 0xB281,
    0xB261, 0xC302, 0xCB42, 0xBAC1, 0xAA61, 0xB2A1, 0xB281, 0xC302,
    0xAA61, 0xB2A1, 0xDCA8, 0xEDEF, 0xF672, 0xED6E, 0xBB03, 0xBAE3,
    0xC303, 0xDBE6, 0xF50A, 0xE54E, 0xA4D2, 0xA4D2, 0xA4D2, 0xA4D2,
    0x9CB2, 0x9CB2, 0x9CB1, 0x9C91, 0x9C91, 0x9C91, 0x9470, 0x9450,
    0x942F, 0x8C2F, 0x8C2E, 0x840E, 0x840D, 0x83ED, 0x7BCC, 0x738A,
    0x6B49, 0x6328, 0x6327, 0x6346, 0x6345, 0x6364, 0x6363, 0x6362,
    0x5B81, 0x5B80, 0x5B80, 0x5B60, 0x5B60, 0x5B40, 0x5B20, 0x5B22,
    0x5B46, 0x6368, 0x6B8B, 0x6BAC, 0x6BAD, 0x6BAD, 0x6BAE, 0x6BAE,
    0x6B8D, 0x636C, 0x5B2B, 0x5309, 0x52C7, 0x4AA5, 0x4283, 0x4261,
    0x4260, 0x4280, 0x4AA0, 0x52E1, 0x5301, 0x5B41, 0x5B62, 0x5B62,
    0x5B62, 0x5B62, 0x5B42, 0x5322, 0x4B01, 0x42C0, 0x4280, 0x3A40,
    0x3200, 0x3200, 0x3200, 0x3200, 0x3200, 0x3200, 0x31E0, 0x29E0,
    0x29C0, 0x29C0, 0x29A0, 0x29C0, 0x29C0, 0x31C0, 0x31E0, 0x31E0,
    0x3200, 0x3A00, 0x3A20, 0x3A20, 0x3A40, 0x4240, 0x4260, 0x4260,
    0x9348, 0x8B48, 0x8B48, 0x8B48, 0x8B68, 0x8B48, 0x8B48, 0x8B48,
    0x8347, 0x8347, 0x8347, 0x8347, 0x8347, 0x8347, 0x8347, 0x8346,
    0x8B46, 0x8B25, 0x8B25, 0x8B25, 0x8B05, 0x9325, 0x9325, 0x9B26,
    0x9B46, 0xA366, 0xAB87, 0xABA7, 0xB3C8, 0xB3E9, 0xBC09, 0xBC49,
    0xC44A, 0xCC8B, 0xDD4E, 0xF6B4, 0xF631, 0xEDAE, 0xE58D, 0xE56D,
    0xE54C, 0xDD0B, 0xDCC9, 0xDCEA, 0xDCA9, 0xD488, 0xDCCA, 0xCC69,
    0xC3C7, 0xD4AA, 0xD489, 0xC3A6, 0xDCAA, 0xE50A, 0xDCE9, 0xE54C,
    0xED6D, 0xEDCE, 0xEDCE, 0xE52B, 0xE56C, 0xD468, 0xBAC1, 0xAA40,
    0xB281, 0xC302, 0xCB22, 0xC2C0, 0xC363, 0xDC67, 0xED4B, 0xED4B,
    0xED4B, 0xED8C, 0xE52B, 0xCBA5, 0xD3E6, 0xD3E6, 0xD3C5, 0xFDAC,
    0xFE52, 0xD5D4, 0xCDD4, 0xCDD5, 0xDD91, 0xFDAD, 0xFEF3, 0xF54A,
    0xDBC5, 0xCB64, 0xDC06, 0xDBC5, 0xCB23, 0xCB64, 0xDC06, 0xB281,
    0xCB23, 0xC343, 0xBAC2, 0xC302, 0xB2A1, 0xCB83, 0xD3A4, 0xDCA9,
    0xF650, 0xFE71, 0xF650, 0xF62F, 0xF60E, 0xF5AC, 0xE4A7, 0xC321,
    0xBAE1, 0xAA81, 0xB2A1, 0xBAC1, 0xAA81, 0xBAE2, 0xAA61, 0xB240,
    0xCB22, 0xCB22, 0xCB22, 0xC302, 0xD383, 0xC2C2, 0xB261, 0xBAA1,
    0xB261, 0xC302, 0xD363, 0xC2E2, 0xBAC1, 0xC302, 0xBAC2, 0xC2E2,
    0xBAC1, 0xBB01, 0xE4E9, 0xF610, 0xF631, 0xE52C, 0xC365, 0xBAE3,
    0xB2A2, 0xC344, 0xECC9, 0xF54D, 0xB4F1, 0xA4D2, 0xA4D2, 0xA4B2,
    0x9CB2, 0x9CB2, 0x9C91, 0x9C91, 0x9C91, 0x9C71, 0x9470, 0x9450,
    0x9450, 0x8C30, 0x8C2F, 0x8C2F, 0x840E, 0x83ED, 0x7BAC, 0x6B6A,
    0x6349, 0x6348, 0x6368, 0x6367, 0x6386, 0x6384, 0x6383, 0x6382,
    0x6381, 0x6380, 0x5B80, 0x5B60, 0x5B40, 0x5320, 0x5B21, 0x5B24,
    0x6347, 0x636A, 0x6BAC, 0x73CE, 0x73CF, 0x73CF, 0x73CF, 0x73CF,
    0x6BAE, 0x6B8D, 0x634B, 0x5B0A, 0x52C8, 0x4AA6, 0x4A84, 0x4261,
    0x4240, 0x4260, 0x4A80, 0x4AC1, 0x5301, 0x5B21, 0x5B42, 0x5B42,
    0x5B42, 0x5B42, 0x5342, 0x5302, 0x4AE1, 0x42A0, 0x3A60, 0x3220,
    0x3200, 0x3200, 0x3200, 0x3200, 0x3200, 0x3200, 0x31E0, 0x29E0,
    0x29C0, 0x29C0, 0x29C0, 0x29C0, 0x29C0, 0x31E0, 0x31E0, 0x31E0,
    0x3200, 0x3A00, 0x3A20, 0x3A20, 0x3A40, 0x4260, 0x4260, 0x4260,
    0x8B48, 0x8B48, 0x8B48, 0x8B48, 0x8B48, 0x8B68, 0x8347, 0x8347,
    0x8347, 0x8347, 0x8347, 0x8347, 0x8347, 0x8347, 0x8366, 0x8366,
    0x8346, 0x8345, 0x8B45, 0x8B45, 0x8B25, 0x9325, 0x9345, 0x9B46,
    0x9B46, 0xA367, 0xAB87, 0xABA7, 0xB3C8, 0xB3E9, 0xBC29, 0xC449,
    0xC46A, 0xCC8B, 0xD4CB, 0xF694, 0xF693, 0xEDAE, 0xEDAE, 0xE52B,
    0xE54C, 0xDD0B, 0xDCEA, 0xDCEA, 0xCC48, 0xBBA6, 0xC3A6, 0xA2A3,
    0xA262, 0xB303, 0xAAC3, 0xA2A3, 0xC3C6, 0xD468, 0xE52B, 0xE50B,
    0xE50A, 0xE50A, 0xED8D, 0xED8D, 0xED8D, 0xE56D, 0xDC88, 0xD426,
    0xC322, 0xC2C0, 0xDC26, 0xDC46, 0xD426, 0xE4EA, 0xED6C, 0xEDAD,
    0xED8C, 0xED8C, 0xDCA9, 0xCB85, 0xC323, 0xCB84, 0xCB63, 0xDC67,
    0xFDED, 0xF5AE, 0xDDF4, 0xD615, 0xF653, 0xFEB2, 0xFE2E, 0xE446,
    0xCB84, 0xCB64, 0xD3C6, 0xCB64, 0xCB24, 0xC343, 0xC323, 0xBAC2,
    0xCB23, 0xBAE2, 0xBAE2, 0xC322, 0xC302, 0xDBE4, 0xCB63, 0xE4C9,
    0xFE71, 0xF5EE, 0xF60E, 0xF62F, 0xF62F, 0xF5EE, 0xF58B, 0xCB83,
    0xBAE1, 0xB2C1, 0xB2A1, 0xBAC1, 0xB2A1, 0xAA61, 0xAA61, 0xC2E2,
    0xC2E2, 0xBA81, 0xD363, 0xC343, 0xD383, 0xCB22, 0xC2E2, 0xD363,
    0xD363, 0xC2E2, 0xCB02, 0xCB02, 0xC2E1, 0xCB43, 0xBAE2, 0xC2C1,
    0xCB22, 0xCB63, 0xED4C, 0xF610, 0xF631, 0xDCCA, 0xB2E3, 0xCB65,
    0xBAE3, 0xC344, 0xE468, 0xF52A, 0xDD2E, 0xA4B2, 0xA4D2, 0xA4B2,
    0x9CB2, 0x9CB2, 0x9C92, 0x9C91, 0x9C71, 0x9471, 0x9471, 0x9450,
    0x9450, 0x9450, 0x8C50, 0x8C2F, 0x840F, 0x83EE, 0x73AC, 0x6B6B,
    0x6B6A, 0x6B69, 0x6B89, 0x6B87, 0x6B85, 0x6384, 0x6383, 0x6382,
    0x6381, 0x6380, 0x5B60, 0x5B40, 0x5320, 0x5320, 0x5322, 0x5B26,
    0x6349, 0x6B8B, 0x73CD, 0x7BEF, 0x7BF0, 0x7C10, 0x7C11, 0x7C10,
    0x73F0, 0x6BAE, 0x636C, 0x5B2A, 0x52E8, 0x4AA5, 0x4A63, 0x4261,
    0x4240, 0x4260, 0x4260, 0x4AA0, 0x52E1, 0x5301, 0x5321, 0x5B21,
    0x5B21, 0x5B21, 0x5321, 0x5302, 0x4AE1, 0x42A0, 0x3A60, 0x3220,
    0x3200, 0x3200, 0x3200, 0x3200, 0x3200, 0x3200, 0x3200, 0x31E0,
    0x29C0, 0x29C0, 0x29C0, 0x29C0, 0x29C0, 0x31E0, 0x31E0, 0x3200,
    0x3A00, 0x3A00, 0x3A20, 0x3A40, 0x4240, 0x4260, 0x4260, 0x4260,
    0x8B48, 0x8B48, 0x8348, 0x8347, 0x8347, 0x8347, 0x8347, 0x8347,
    0x7B46, 0x7B46, 0x7B46, 0x7B46, 0x7B46, 0x7B66, 0x8366, 0x8366,
    0x8365, 0x8365, 0x8345, 0x8B45, 0x8B45, 0x8B45, 0x9345, 0x9B65,
    0x9B66, 0xA387, 0xABA7, 0xABC8, 0xB3E8, 0xB409, 0xBC29, 0xC449,
    0xC46A, 0xCC8B, 0xCC8A, 0xE5CF, 0xFEF5, 0xF610, 0xE52B, 0xDCEA,
    0xDCCA, 0xD447, 0xCC48, 0xD468, 0xB304, 0xA282, 0xA282, 0x9201,
    0x9200, 0x91E0, 0x89A0, 0x91E1, 0xBB66, 0xCBE7, 0xD468, 0xDCCA,
    0xE52B, 0xDCC9, 0xE52B, 0xE56D, 0xEDCE, 0xEDEF, 0xE52B, 0xED8D,
    0xE4EA, 0xD3E5, 0xE4EA, 0xE54B, 0xE52B, 0xED6C, 0xED8C, 0xED8C,
    0xED6C, 0xED6C, 0xDC68, 0xBB23, 0xBAE2, 0xC323, 0xCB63, 0xD3A4,
    0xED4B, 0xE4A8, 0xE52C, 0xFE94, 0xFF14, 0xFEB2, 0xFDAC, 0xDBE6,
    0xD3A5, 0xD384, 0xBAE3, 0xCB65, 0xCB65, 0xC323, 0xC344, 0xC303,
    0xCB23, 0xC323, 0xC323, 0xC302, 0xD383, 0xDBC4, 0xC322, 0xDCA8,
    0xF650, 0xF5ED, 0xF62F, 0xFE71, 0xF650, 0xF60E, 0xF5AC, 0xDC25,
    0xC322, 0xC301, 0xCB42, 0xCB42, 0xC2E1, 0xBAA1, 0xB281, 0xB2A1,
    0xC2E2, 0xBAA1, 0xD383, 0xB2A2, 0xC302, 0xCB43, 0xC2E2, 0xD383,
    0xD383, 0xCB63, 0xCB22, 0xD342, 0xBAC1, 0xC302, 0xCB22, 0xBAC1,
    0xCB22, 0xDC05, 0xED6C, 0xF631, 0xF631, 0xED8D, 0xC324, 0xC324,
    0xC344, 0xCB44, 0xE447, 0xECA8, 0xED4D, 0xB4D2, 0x9CB2, 0xA4B2,
    0x9CB2, 0x9CB2, 0x9C92, 0x9C91, 0x9C71, 0x9471, 0x9471, 0x9451,
    0x9451, 0x9451, 0x8C50, 0x8C30, 0x83EF, 0x7BCE, 0x738C, 0x738B,
    0x6B8A, 0x6B8A, 0x73A9, 0x6BA7, 0x6BA5, 0x6BA4, 0x63A3, 0x63A2,
    0x6381, 0x5B60, 0x5B40, 0x5320, 0x5300, 0x5300, 0x5303, 0x5B26,
    0x6349, 0x6B8C, 0x73CE, 0x7BF0, 0x8411, 0x8431, 0x8452, 0x7C31,
    0x7C10, 0x73CE, 0x6B8C, 0x632A, 0x5AE8, 0x4AA5, 0x4A83, 0x4262,
    0x4240, 0x4260, 0x4260, 0x4280, 0x4AC0, 0x52E1, 0x52E1, 0x52E1,
    0x5301, 0x5301, 0x5301, 0x5301, 0x4AC1, 0x4280, 0x3A60, 0x3220,
    0x3200, 0x3200, 0x3200, 0x3200, 0x3200, 0x3200, 0x3200, 0x31E0,
    0x29E0, 0x29C0, 0x29A0, 0x29A0, 0x29C0, 0x31E0, 0x31E0, 0x31E0,
    0x3A00, 0x3A20, 0x3A20, 0x3A40, 0x4260, 0x4260, 0x4260, 0x4260,
    0x8347, 0x8347, 0x8347, 0x7B47, 0x7B47, 0x7B46, 0x7B46, 0x7B46,
    0x7B46, 0x7346, 0x7345, 0x7346, 0x7346, 0x7345, 0x7B65, 0x7B65,
    0x7B65, 0x8365, 0x8364, 0x8364, 0x8B44, 0x8B65, 0x9365, 0x9365,
    0x9B86, 0xA387, 0xABA7, 0xB3C8, 0xB3E8, 0xBC09, 0xBC29, 0xC449,
    0xC46A, 0xCC8B, 0xCC8A, 0xDD0C, 0xF672, 0xFE51, 0xD426, 0xC385,
    0xC385, 0xAA82, 0xB2E3, 0xBB44, 0x9A21, 0x91E0, 0x91E0, 0x9200,
    0x89A0, 0x9A00, 0x91E0, 0x89C0, 0xAAC3, 0xBB45, 0xAAC3, 0xDCCA,
    0xDCEA, 0xE52C, 0xE54C, 0xE54C, 0xE54B, 0xE56C, 0xE52B, 0xE50B,
    0xE52B, 0xE50A, 0xEDAD, 0xED6C, 0xE54B, 0xE54B, 0xED8D, 0xED8C,
    0xED4B, 0xE52B, 0xED6C, 0xCC26, 0xC343, 0xC363, 0xCB42, 0xCB42,
    0xDC88, 0xDC68, 0xCBA4, 0xF5AC, 0xFE4F, 0xFE0E, 0xFD8C, 0xE488,
    0xD3A5, 0xCB64, 0xC344, 0xCB85, 0xC323, 0xCB44, 0xC323, 0xCB43,
    0xC302, 0xCB22, 0xC2C2, 0xC322, 0xD3A4, 0xC343, 0xC2E1, 0xD405,
    0xEDAD, 0xF5ED, 0xF650, 0xFE50, 0xF62F, 0xF5ED, 0xF60E, 0xECE8,
    0xD3A3, 0xC321, 0xD383, 0xCB22, 0xC2C1, 0xCB02, 0xBAC1, 0xC2E2,
    0xCB42, 0xC302, 0xCB43, 0xB2C2, 0xBAC2, 0xCB63, 0xB2A2, 0xD343,
    0xDB83, 0xD343, 0xD3A4, 0xDB83, 0xCB22, 0xC302, 0xC302, 0xC2E2,
    0xCB63, 0xECC8, 0xED8D, 0xF5F0, 0xF610, 0xE4EB, 0xCBE7, 0xC303,
    0xCB64, 0xCB64, 0xE427, 0xF4C9, 0xF52B, 0xC510, 0xA4B2, 0x9C92,
    0x9C92, 0x9C92, 0x9C92, 0x9C71, 0x9C71, 0x9471, 0x9471, 0x9451,
    0x9451, 0x9451, 0x8C31, 0x8C10, 0x83EF, 0x7BCE, 0x738D, 0x738B,
    0x738B, 0x73AA, 0x73A9, 0x73C7, 0x6BC5, 0x6BC4, 0x6BA4, 0x6BA3,
    0x6381, 0x5B60, 0x5B20, 0x5320, 0x5300, 0x52E1, 0x5305, 0x5B28,
    0x6B4A, 0x738D, 0x7BCF, 0x8410, 0x8431, 0x8452, 0x8452, 0x8452,
    0x7C10, 0x73CE, 0x6B8C, 0x632A, 0x5B08, 0x52E6, 0x4AA4, 0x4A83,
    0x4A82, 0x4A82, 0x4A81, 0x4A80, 0x4AA0, 0x4AC0, 0x52C0, 0x52C0,
    0x52E0, 0x52E1, 0x52E1, 0x4AE1, 0x4AC1, 0x42A0, 0x4260, 0x3A40,
    0x3A20, 0x3200, 0x3200, 0x3200, 0x3200, 0x3200, 0x3200, 0x3200,
    0x29E0, 0x29C0, 0x29A0, 0x29A0, 0x29C0, 0x31C0, 0x31E0, 0x31E0,
    0x3200, 0x3A20, 0x3A20, 0x4240, 0x4260, 0x4260, 0x4260, 0x4260,
    0x7B47, 0x7B47, 0x7B46, 0x7B46, 0x7346, 0x7345, 0x7345, 0x7325,
    0x6B25, 0x6B24, 0x6B44, 0x6B44, 0x6B44, 0x7344, 0x7364, 0x7364,
    0x7B64, 0x7B64, 0x7B64, 0x8364, 0x8364, 0x8B64, 0x8B65, 0x9385,
    0x9B86, 0xA3A6, 0xABA7, 0xABC8, 0xB3E8, 0xBC09, 0xBC29, 0xC44A,
    0xC46A, 0xCC6A, 0xCC8A, 0xCC8B, 0xDD4D, 0xFE71, 0xE488, 0xBB03,
    0xBAE3, 0xAA81, 0xB2C2, 0xA241, 0x9A20, 0x9A00, 0x91E0, 0x9200,
    0x9200, 0x9A00, 0x91E0, 0x9A21, 0x9A01, 0xAAA2, 0xAAE4, 0xCC28,
    0xDCCA, 0xE50B, 0xE52C, 0xE56D, 0xED8E, 0xE54C, 0xE50B, 0xE50B,
    0xE50B, 0xE52B, 0xED6C, 0xEDAE, 0xE54C, 0xE54C, 0xED6C, 0xED4C,
    0xE50A, 0xE52B, 0xED6C, 0xE4E9, 0xC343, 0xBAE1, 0xC322, 0xC301,
    0xD446, 0xE4CA, 0xC363, 0xCBC5, 0xF5AD, 0xF58C, 0xF58C, 0xF54B,
    0xDC06, 0xD3A5, 0xC323, 0xB2A2, 0xBAE2, 0xC323, 0xCB43, 0xBAC2,
    0xB2A2, 0xC2E2, 0xB281, 0xC302, 0xC322, 0xBAE2, 0xBAE1, 0xC302,
    0xED4B, 0xF650, 0xFE50, 0xFE4F, 0xF60F, 0xF60E, 0xF60E, 0xED4A,
    0xD3C3, 0xC2E1, 0xD3A4, 0xC302, 0xCB01, 0xCB22, 0xC302, 0xDBA4,
    0xD384, 0xCB43, 0xCB22, 0xB281, 0xAA81, 0xD363, 0xCB43, 0xBAE2,
    0xD343, 0xD363, 0xDBA3, 0xD383, 0xCB63, 0xDBC4, 0xD363, 0xC302,
    0xDBE4, 0xF56C, 0xF631, 0xF631, 0xEE10, 0xDCCB, 0xD3C6, 0xC344,
    0xC324, 0xD3A5, 0xD385, 0xEC88, 0xFD4B, 0xFD8D, 0xEDD0, 0xD571,
    0xB4F2, 0x9C71, 0x9C92, 0x9C91, 0x9C71, 0x9471, 0x9471, 0x9451,
    0x9451, 0x9451, 0x8C31, 0x8C10, 0x83EF, 0x7BCE, 0x73AD, 0x738C,
    0x73AB, 0x73CB, 0x73C9, 0x73C7, 0x73C6, 0x73C5, 0x6BC4, 0x6BA3,
    0x6361, 0x5B40, 0x5300, 0x5300, 0x52E0, 0x52E3, 0x5B06, 0x6329,
    0x6B6C, 0x73AE, 0x7BF0, 0x8431, 0x8452, 0x8473, 0x8473, 0x8432,
    0x7C10, 0x73CE, 0x738C, 0x6B4A, 0x6328, 0x5B06, 0x52E5, 0x52C4,
    0x52C4, 0x52C4, 0x52A4, 0x52A2, 0x52C1, 0x52C0, 0x4AC0, 0x4AC0,
    0x4AC0, 0x4AE0, 0x4AE1, 0x4AE1, 0x4AE1, 0x4AC1, 0x4280, 0x4260,
    0x3A40, 0x3A20, 0x3A21, 0x3A21, 0x3A21, 0x3A21, 0x3A21, 0x3200,
    0x31E0, 0x29C0, 0x29A0, 0x29A0, 0x31C0, 0x31C0, 0x31E0, 0x31E0,
    0x3200, 0x3A00, 0x3A20, 0x3A40, 0x4260, 0x4260, 0x4260, 0x4260,
    0x7B46, 0x7346, 0x7325, 0x6B25, 0x6B25, 0x6B24, 0x6B24, 0x6B24,
    0x6324, 0x6323, 0x6323, 0x6323, 0x6323, 0x6B43, 0x6B43, 0x6B63,
    0x7363, 0x7363, 0x7B63, 0x7B64, 0x8364, 0x8364, 0x8B85, 0x9385,
    0x9B86, 0xA3A6, 0xABA7, 0xABC8, 0xB3E8, 0xBC09, 0xBC29, 0xC449,
    0xC46A, 0xCC6A, 0xCC6A, 0xCC8A, 0xCC8B, 0xF5AE, 0xF52A, 0xCB64,
    0xBB03, 0xBB03, 0xA241, 0xA241, 0x9A20, 0x89C0, 0x91E0, 0x91C0,
    0x91E0, 0x9200, 0x91E0, 0x91E0, 0x91E0, 0xA242, 0xA262, 0xB345,
    0xD4AA, 0xE52C, 0xDD2C, 0xE54C, 0xEDCF, 0xE54D, 0xE56D, 0xE56D,
    0xE56D, 0xED6C, 0xE54B, 0xED8D, 0xEDAE, 0xED6C, 0xED6D, 0xED4C,
    0xE50B, 0xE52B, 0xE52B, 0xE50A, 0xCBE6, 0xB2C1, 0xBAC1, 0xC301,
    0xD447, 0xDCC9, 0xB302, 0xAA60, 0xD426, 0xED4B, 0xE4C9, 0xED0A,
    0xD3E6, 0xCB64, 0xC344, 0xB2C2, 0xBAC2, 0xC323, 0xBAA2, 0xA221,
    0xB2E3, 0xCB43, 0xBAE2, 0xBAE2, 0xB281, 0xC302, 0xB2A1, 0xC364,
    0xEDAC, 0xF650, 0xF62E, 0xF60E, 0xF62F, 0xFE50, 0xFE2E, 0xED09,
    0xC301, 0xC301, 0xD383, 0xCB43, 0xD383, 0xD363, 0xD363, 0xD383,
    0xD383, 0xD363, 0xDB83, 0xC2E1, 0xAA61, 0xC302, 0xDBC4, 0xCB63,
    0xD363, 0xDBE4, 0xDBA4, 0xD363, 0xD363, 0xDBC4, 0xDBC4, 0xCB63,
    0xE446, 0xF5EF, 0xF631, 0xF651, 0xF693, 0xD48A, 0xBAC3, 0xCB86,
    0xB2A2, 0xCB65, 0xD385, 0xDBE6, 0xECC9, 0xF50A, 0xFD8B, 0xFE2E,
    0xF630, 0xDDD2, 0xB4F2, 0x9471, 0x9471, 0x9471, 0x9451, 0x9451,
    0x9451, 0x9451, 0x8C31, 0x8C10, 0x83CF, 0x7BCE, 0x7BAD, 0x73AD,
    0x7BCC, 0x7BCB, 0x7BCA, 0x7BC8, 0x7BE7, 0x73E6, 0x6BC5, 0x6383,
    0x5B40, 0x5320, 0x52E0, 0x52E0, 0x52E2, 0x52E5, 0x5B08, 0x634B,
    0x6B8D, 0x7BCF, 0x8411, 0x8C52, 0x8C93, 0x8C93, 0x8473, 0x8452,
    0x7C10, 0x7BEF, 0x73AD, 0x6B6B, 0x6349, 0x6327, 0x5B06, 0x5B06,
    0x5B07, 0x5B07, 0x5AE6, 0x5AE6, 0x52E5, 0x52E3, 0x52C1, 0x52C0,
    0x52E0, 0x52E1, 0x52E1, 0x5302, 0x4AE1, 0x4AE1, 0x42A1, 0x4281,
    0x4262, 0x4243, 0x4243, 0x4244, 0x4244, 0x4244, 0x4243, 0x3A22,
    0x3200, 0x31C0, 0x31A0, 0x31A0, 0x31C0, 0x31C0, 0x31E0, 0x31E0,
    0x3200, 0x3A00, 0x3A20, 0x3A40, 0x4260, 0x4260, 0x4281, 0x4261,
    0x7325, 0x6B25, 0x6B24, 0x6324, 0x6323, 0x6323, 0x6303, 0x6303,
    0x5B03, 0x5AE2, 0x5B02, 0x5B02, 0x5B02, 0x6322, 0x6322, 0x6342,
    0x6B62, 0x6B63, 0x7363, 0x7B63, 0x7B64, 0x8384, 0x8B85, 0x9385,
    0x9BA6, 0xA3A6, 0xA3C7, 0xABC8, 0xB3E8, 0xBC08, 0xBC29, 0xC429,
    0xC44A, 0xC46A, 0xCC6A, 0xCC6A, 0xCCAB, 0xE54C, 0xF52A, 0xD3C5,
    0xCB64, 0xC323, 0xAA81, 0xAA61, 0x9200, 0x9201, 0x89E0, 0x89C0,
    0x89C0, 0x81C0, 0x89C0, 0x81A0, 0x91E1, 0x91E1, 0x8180, 0x9A42,
    0xC385, 0xE52C, 0xE56D, 0xDD0B, 0xE54C, 0xE56D, 0xE56D, 0xED8D,
    0xE54C, 0xED6D, 0xED8D, 0xE56D, 0xED6D, 0xE54C, 0xE56D, 0xE50B,
    0xDC47, 0xE4C9, 0xE52A, 0xE4EA, 0xDCA9, 0xC3A4, 0xBAE1, 0xC321,
    0xDC87, 0xE4E9, 0xC364, 0xAA80, 0xBAE1, 0xDC68, 0xDCA9, 0xD448,
    0xD3E6, 0xC364, 0xCBA4, 0xB2C2, 0xB2A2, 0xBB03, 0xBAE2, 0xB2A2,
    0xBAE2, 0xB2A2, 0xBAC1, 0xC302, 0xB2A1, 0xC302, 0xBAA1, 0xC343,
    0xED4B, 0xFE70, 0xFE4F, 0xF60E, 0xF60E, 0xF62F, 0xFE4F, 0xE4C7,
    0xC2E1, 0xCB21, 0xD362, 0xC302, 0xCB63, 0xCB63, 0xC302, 0xC302,
    0xCB22, 0xCB22, 0xD383, 0xC302, 0xBAC2, 0xDBA4, 0xD384, 0xCB43,
    0xDB83, 0xDB62, 0xD363, 0xCB42, 0xD3A3, 0xDB83, 0xD383, 0xD383,
    0xE446, 0xF610, 0xF651, 0xF631, 0xF651, 0xE54D, 0xBAE3, 0xC344,
    0xC324, 0xC304, 0xD385, 0xDBE6, 0xECA8, 0xF50A, 0xF4C8, 0xF508,
    0xFDAC, 0xFE0D, 0xEDEF, 0xCD72, 0xA4B1, 0x9451, 0x9451, 0x9451,
    0x9451, 0x9451, 0x8C31, 0x8C10, 0x83EF, 0x7BCE, 0x7BCE, 0x7BCD,
    0x7BED, 0x7BEC, 0x7BEB, 0x7BE9, 0x7BE8, 0x73C7, 0x6BA5, 0x6363,
    0x5B40, 0x5300, 0x52E0, 0x5301, 0x5305, 0x5B07, 0x634A, 0x6B8C,
    0x73AE, 0x7BF0, 0x8452, 0x8C73, 0x8C93, 0x8C73, 0x8C72, 0x8451,
    0x8430, 0x7BEF, 0x73CD, 0x73AC, 0x6B8A, 0x6B6A, 0x6B69, 0x6B6A,
    0x636A, 0x634A, 0x6349, 0x6328, 0x5B27, 0x5B06, 0x5303, 0x52E1,
    0x52E1, 0x5302, 0x5302, 0x5302, 0x5302, 0x4AE2, 0x4AC1, 0x4AC2,
    0x4AA4, 0x4285, 0x4A85, 0x4A86, 0x4286, 0x4A86, 0x4265, 0x4244,
    0x3A01, 0x31E0, 0x31A0, 0x31A0, 0x31C0, 0x31C0, 0x31E0, 0x31E0,
    0x3200, 0x3A00, 0x3A20, 0x3A40, 0x4260, 0x4261, 0x4281, 0x4282,
    0x6324, 0x6304, 0x6303, 0x6303, 0x5B03, 0x5B02, 0x5B02, 0x52E2,
    0x52E2, 0x52E1, 0x52E1, 0x52E1, 0x52E1, 0x5B01, 0x5B21, 0x5B22,
    0x6342, 0x6B42, 0x6B62, 0x7363, 0x7B63, 0x8384, 0x8B84, 0x8B85,
    0x93A5, 0x9BA6, 0xA3C7, 0xABE8, 0xB3E8, 0xBC08, 0xBC29, 0xC429,
    0xC44A, 0xC44A, 0xC46A, 0xC46A, 0xCC8B, 0xCCCB, 0xED2B, 0xE467,
    0xCBA4, 0xC323, 0xB2A1, 0xA241, 0xA241, 0x9A21, 0x9200, 0x89E0,
    0x9200, 0x81A0, 0x81A0, 0x89C0, 0x8180, 0x8180, 0x89A0, 0x91E1,
    0xAAA2, 0xD447, 0xDD2C, 0xDD2C, 0xE52C, 0xE54C, 0xE56D, 0xEDAE,
    0xEDCF, 0xE54C, 0xE50B, 0xE54C, 0xE52C, 0xE50C, 0xDCA9, 0xCBA5,
    0xCB63, 0xD3E4, 0xE4E9, 0xE4E9, 0xE4EA, 0xDC88, 0xCBE5, 0xD3E4,
    0xE4EA, 0xDCC9, 0xC384, 0xB2A1, 0xB2A0, 0xC363, 0xDC88, 0xCC07,
    0xD447, 0xD3E6, 0xBB23, 0xBB03, 0xD364, 0xBAE2, 0xC323, 0xBAE2,
    0xBAC2, 0xBAE2, 0xCB63, 0xBAE1, 0xBAA1, 0xC2E1, 0xC322, 0xCB63,
    0xEDCE, 0xFE50, 0xFE50, 0xFE70, 0xF62F, 0xF62F, 0xF5ED, 0xED08,
    0xCB21, 0xC2E0, 0xC2E0, 0xC301, 0xC342, 0xBAE1, 0xBAE1, 0xC302,
    0xD363, 0xD3A4, 0xD3A4, 0xC302, 0xC323, 0xCB43, 0xD363, 0xD363,
    0xD343, 0xCB22, 0xCB42, 0xCB22, 0xDBA4, 0xDB83, 0xCB43, 0xCB42,
    0xDBE4, 0xF5AD, 0xF651, 0xF672, 0xF631, 0xE56D, 0xBB03, 0xBB03,
    0xC344, 0xBB04, 0xCB44, 0xDBC6, 0xE447, 0xF50A, 0xF54B, 0xE425,
    0xEC66, 0xF4A7, 0xFD49, 0xFDED, 0xF5D0, 0xACD1, 0x9451, 0x9451,
    0x8C31, 0x8C31, 0x8C31, 0x8C10, 0x83F0, 0x83CF, 0x83CE, 0x83EE,
    0x83EE, 0x83ED, 0x83EC, 0x83EB, 0x7BEA, 0x73C8, 0x6B85, 0x6343,
    0x5B20, 0x52E0, 0x52E1, 0x5B04, 0x5B27, 0x632A, 0x6B6C, 0x73AE,
    0x7BF0, 0x8431, 0x8452, 0x8C73, 0x8C73, 0x8C72, 0x8451, 0x8430,
    0x842F, 0x7C0F, 0x7BEE, 0x73CD, 0x73CC, 0x73CC, 0x73CD, 0x73CD,
    0x73CD, 0x73AD, 0x6B8C, 0x6B6B, 0x636A, 0x6348, 0x5B25, 0x5302,
    0x5302, 0x5322, 0x5322, 0x5302, 0x5302, 0x5302, 0x4AE2, 0x52E4,
    0x52E6, 0x4AC7, 0x4AA7, 0x4AA8, 0x4AA8, 0x4AA7, 0x4A87, 0x4265,
    0x4223, 0x39E1, 0x31C0, 0x31A0, 0x31C0, 0x31C0, 0x31E0, 0x31E0,
    0x3A00, 0x3A00, 0x3A20, 0x3A40, 0x4261, 0x4262, 0x4A82, 0x4A83,
    0x6303, 0x5B03, 0x5B03, 0x5AE2, 0x52E2, 0x52E2, 0x52E1, 0x52E1,
    0x52C1, 0x4AC0, 0x4AC0, 0x4AC0, 0x52E0, 0x52E0, 0x5301, 0x5B21,
    0x5B21, 0x6342, 0x6B42, 0x6B63, 0x7363, 0x7B83, 0x8384, 0x8B85,
    0x93A5, 0x9BA6, 0xA3C7, 0xABC7, 0xB3E8, 0xBC08, 0xBC29, 0xC429,
    0xC44A, 0xC44A, 0xC46A, 0xC46A, 0xCC8B, 0xCC8B, 0xDD0C, 0xF54A,
    0xDBE4, 0xCB84, 0xBAE2, 0xAA81, 0xA240, 0x9A00, 0x91E0, 0x91E0,
    0x89C0, 0x9201, 0x89C0, 0x91E0, 0x91E0, 0x89C0, 0x91E0, 0x91E1,
    0x9A41, 0xCBC5, 0xD4AA, 0xDD0B, 0xE54C, 0xED8D, 0xED8D, 0xE52C,
    0xE56D, 0xE54D, 0xD469, 0xD449, 0xD468, 0xD427, 0xD427, 0xC323,
    0xCB43, 0xCB83, 0xE4E9, 0xE4EA, 0xE4E9, 0xE50A, 0xE4EA, 0xE4E9,
    0xE52B, 0xE52B, 0xCBE6, 0xA260, 0xAA80, 0xAA80, 0xC384, 0xC3C6,
    0xCBE6, 0xCC06, 0xD406, 0xDC26, 0xD3A4, 0xCB63, 0xC323, 0xBAE2,
    0xBAE3, 0xC302, 0xC302, 0xB281, 0xB2A1, 0xB280, 0xCBA3, 0xDCA8,
    0xF630, 0xF62F, 0xFE50, 0xFE50, 0xF64F, 0xF60E, 0xF60E, 0xF60E,
    0xDC25, 0xBAA0, 0xB2A0, 0xB2C1, 0xBAC1, 0xCB21, 0xD383, 0xD3A4,
    0xD363, 0xD3A4, 0xCB22, 0xBAC2, 0xBAE2, 0xCB02, 0xDB84, 0xD363,
    0xCB22, 0xD384, 0xDBA4, 0xD384, 0xD363, 0xD383, 0xDBA4, 0xDBC4,
    0xD342, 0xE4E9, 0xFE72, 0xF672, 0xF672, 0xF611, 0xCBE6, 0xB2C2,
    0xC324, 0xC344, 0xC324, 0xDBE6, 0xE427, 0xEC88, 0xF56C, 0xE467,
    0xDBE4, 0xEC86, 0xE424, 0xEC25, 0xFD49, 0xF5AE, 0xCD10, 0x9430,
    0x8C11, 0x8C31, 0x8C31, 0x8C10, 0x83F0, 0x83EF, 0x83EF, 0x840F,
    0x8C0F, 0x8C0E, 0x840D, 0x83EC, 0x7BEA, 0x73A8, 0x6B86, 0x6343,
    0x5B00, 0x52E0, 0x5303, 0x5B26, 0x6349, 0x6B6C, 0x6BAE, 0x73CF,
    0x8411, 0x8432, 0x8C52, 0x8C72, 0x8C72, 0x8451, 0x8430, 0x840F,
    0x7C0E, 0x7C0E, 0x7BEE, 0x7C0E, 0x7C0E, 0x7C0E, 0x7C30, 0x7C30,
    0x7C30, 0x7C10, 0x73EE, 0x73CD, 0x6BAC, 0x6B69, 0x6347, 0x5B24,
    0x5B22, 0x5B22, 0x5B22, 0x5322, 0x5322, 0x5302, 0x5304, 0x5306,
    0x5B08, 0x52E9, 0x52E9, 0x5AE9, 0x52E9, 0x52C9, 0x52C9, 0x4A87,
    0x4245, 0x3A01, 0x31E0, 0x31C0, 0x31C0, 0x31E0, 0x31E0, 0x31E0,
    0x3A00, 0x3A20, 0x3A40, 0x4240, 0x4262, 0x4A83, 0x4AA3, 0x4AA4,
    0x5AE2, 0x5AE2, 0x52E2, 0x52E1, 0x52C1, 0x4AC1, 0x4AC1, 0x4AC0,
    0x4AA0, 0x4AA0, 0x4AA0, 0x4AA0, 0x4AC0, 0x4AC0, 0x52E0, 0x5301,
    0x5B21, 0x6321, 0x6342, 0x6B42, 0x7362, 0x7B63, 0x8384, 0x8B84,
    0x93A5, 0x9BA6, 0xA3C7, 0xABC7, 0xABE8, 0xB408, 0xBC29, 0xC429,
    0xC44A, 0xC44A, 0xC46A, 0xCC6A, 0xCC8B, 0xCCAB, 0xCCAC, 0xE54C,
    0xF4E8, 0xDBE5, 0xC363, 0xAAA1, 0xA261, 0xA220, 0x91E0, 0x9A00,
    0x9A00, 0x89C0, 0x89E0, 0x9A00, 0x91E0, 0x91E0, 0x89C0, 0x91E0,
    0x9200, 0xBB43, 0xDCCA, 0xD489, 0xDCCA, 0xE52C, 0xE58D, 0xE58E,
    0xE54D, 0xCC49, 0xB325, 0xB2E3, 0xC384, 0xCB84, 0xCB84, 0xC364,
    0xC322, 0xD383, 0xDC67, 0xE52B, 0xE52A, 0xE50A, 0xE50A, 0xE52B,
    0xE52B, 0xE50B, 0xCBE6, 0xAA80, 0xA260, 0xA240, 0xB301, 0xBB84,
    0xBB65, 0xDCCA, 0xED6C, 0xE4EA, 0xD3E5, 0xC322, 0xC2E2, 0xBAC1,
    0xB281, 0xB281, 0xB280, 0xB280, 0xB280, 0xC343, 0xE4E9, 0xF60F,
    0xF60E, 0xF60E, 0xF650, 0xF650, 0xF62F, 0xF60E, 0xF60E, 0xF62F,
    0xF54A, 0xD3C3, 0xC2E1, 0xB260, 0xC2E1, 0xD382, 0xC302, 0xBAE2,
    0xC302, 0xC302, 0xCB23, 0xBAE2, 0xB281, 0xD363, 0xD363, 0xCB22,
    0xBAC1, 0xCB43, 0xD3A4, 0xDBC5, 0xDBE5, 0xC302, 0xC302, 0xDBC4,
    0xDBC4, 0xECA8, 0xFE51, 0xFE72, 0xF651, 0xFE52, 0xDCCA, 0xB2A1,
    0xC303, 0xCB65, 0xC324, 0xD3A5, 0xDC06, 0xE427, 0xF50A, 0xED2A,
    0xCB42, 0xD3A3, 0xDBE4, 0xDBC3, 0xE424, 0xFD28, 0xFDAC, 0xDD2F,
    0xA450, 0x8C10, 0x8C31, 0x8C10, 0x8410, 0x83F0, 0x8C10, 0x8C0F,
    0x8C2F, 0x8C2F, 0x840D, 0x83EC, 0x7BCB, 0x73A8, 0x6B66, 0x6343,
    0x5B01, 0x5B02, 0x5B25, 0x6349, 0x6B8B, 0x6BAD, 0x73CF, 0x7C10,
    0x8432, 0x8452, 0x8C52, 0x8C52, 0x8451, 0x8430, 0x7C0F, 0x7BED,
    0x7BED, 0x7C0E, 0x7C0E, 0x842E, 0x842F, 0x8C51, 0x8C92, 0x8C93,
    0x8C92, 0x8472, 0x7C30, 0x73EF, 0x73CD, 0x6BAB, 0x6368, 0x6345,
    0x5B43, 0x5B22, 0x5B22, 0x5B22, 0x5322, 0x5302, 0x5B25, 0x5B28,
    0x5B2A, 0x5B2B, 0x5B0B, 0x5B0B, 0x5B0B, 0x5B0B, 0x52EA, 0x4AA8,
    0x4266, 0x4223, 0x39E0, 0x31E0, 0x31E0, 0x39E0, 0x3A00, 0x3A00,
    0x3A00, 0x3A20, 0x3A40, 0x4261, 0x4282, 0x4AA4, 0x52A5, 0x52C5,
    0x52C1, 0x52C1, 0x52C1, 0x52C1, 0x4AC1, 0x4AC0, 0x4AA0, 0x4AA0,
    0x42A0, 0x42A0, 0x4280, 0x42A0, 0x42A0, 0x4AC0, 0x4AE0, 0x5300,
    0x5301, 0x5B21, 0x6321, 0x6341, 0x6B42, 0x7363, 0x7B83, 0x8384,
    0x8BA5, 0x9BA6, 0xA3A6, 0xA3C7, 0xABE8, 0xB408, 0xBC29, 0xC429,
    0xC44A, 0xC44A, 0xC46A, 0xCC6A, 0xCC8B, 0xCCAB, 0xC48B, 0xCCCC,
    0xF5AD, 0xECC8, 0xD3C5, 0xBB23, 0xB2E2, 0xAA81, 0x9A20, 0x91E0,
    0x89C0, 0x89C0, 0x89C0, 0x91E0, 0x89C0, 0x89C0, 0x89C0, 0x91E0,
    0xA240, 0xC3A5, 0xD489, 0xD4CA, 0xDCEB, 0xE52C, 0xDD0B, 0xE54D,
    0xDD0C, 0xBBC7, 0xAAA2, 0xA220, 0xAA81, 0xC322, 0xBAC1, 0xBB03,
    0xBB02, 0xCB83, 0xDBE4, 0xE4C9, 0xED8D, 0xED6C, 0xE54B, 0xE54C,
    0xED4C, 0xE54B, 0xC3A5, 0xA240, 0xA220, 0xA220, 0xB2E1, 0xC3C5,
    0xC3E7, 0xDCEA, 0xE52B, 0xE50A, 0xD426, 0xBAE1, 0xB2A1, 0xB281,
    0xB2A1, 0xA220, 0xC302, 0xC302, 0xD426, 0xED4B, 0xF5EE, 0xF62F,
    0xF60E, 0xF630, 0xF60E, 0xF62F, 0xF650, 0xF62F, 0xF60E, 0xF60F,
    0xF5CD, 0xED4B, 0xE466, 0xCB42, 0xC2E1, 0xCB21, 0xC301, 0xBAE1,
    0xC322, 0xC2E2, 0xCB43, 0xC322, 0xC322, 0xCB22, 0xCB02, 0xC2E2,
    0xC302, 0xBAE2, 0xCB43, 0xC322, 0xCB43, 0xBAA1, 0xC2A1, 0xCAE2,
    0xD342, 0xDC25, 0xFE51, 0xFE93, 0xF631, 0xF610, 0xF5EF, 0xCBC6,
    0xB2A2, 0xBAE3, 0xCB44, 0xCB44, 0xD3C6, 0xD3A5, 0xEC88, 0xFE2F,
    0xDC25, 0xD362, 0xEC66, 0xECA7, 0xEC46, 0xEC66, 0xF4E7, 0xFD6A,
    0xF5AD, 0xAC90, 0x8C10, 0x8C10, 0x8C10, 0x8C10, 0x8C10, 0x8C30,
    0x8C30, 0x8C2F, 0x8C2E, 0x840D, 0x7BCB, 0x7388, 0x6B66, 0x6343,
    0x5B23, 0x5B25, 0x6348, 0x6B6B, 0x73AD, 0x73AE, 0x7BF0, 0x8431,
    0x8452, 0x8C52, 0x8452, 0x8431, 0x7C10, 0x7BEF, 0x7BCD, 0x7BCC,
    0x7BCC, 0x7C0D, 0x842E, 0x844F, 0x8C71, 0x8C92, 0x94D4, 0x94D4,
    0x94D4, 0x8C94, 0x8452, 0x7C30, 0x740E, 0x73CC, 0x6B8A, 0x6367,
    0x5B44, 0x5B22, 0x5B22, 0x5B22, 0x5302, 0x5302, 0x5B26, 0x5B49,
    0x634B, 0x634C, 0x634C, 0x634C, 0x632C, 0x5B2C, 0x5B0B, 0x52A9,
    0x4A67, 0x4223, 0x3A00, 0x3A00, 0x3A00, 0x3A00, 0x3A20, 0x3A20,
    0x3A20, 0x3A20, 0x4240, 0x4262, 0x4A83, 0x4AA5, 0x52C6, 0x52C7,
    0x52A1, 0x4AA1, 0x4AC0, 0x4AC1, 0x4AC1, 0x4AC1, 0x4AC0, 0x4AA0,
    0x42A0, 0x4280, 0x4280, 0x4280, 0x42A0, 0x4AC0, 0x4AE0, 0x5301,
    0x5301, 0x5B21, 0x6321, 0x6341, 0x6B42, 0x7363, 0x7B83, 0x8384,
    0x8BA5, 0x93A5, 0xA3C6, 0xA3C7, 0xABE8, 0xB408, 0xBC09, 0xC429,
    0xC44A, 0xC44A, 0xC46A, 0xC46A, 0xCC8B, 0xCC8B, 0xC48B, 0xC4AC,
    0xDD2D, 0xFDAC, 0xE467, 0xCB84, 0xC364, 0xAA81, 0xA261, 0x9200,
    0x91E0, 0x91E0, 0x91E0, 0x9A20, 0x9200, 0x81A0, 0x89C0, 0x89C0,
    0xAAA1, 0xD427, 0xDCCA, 0xDCEA, 0xDCEA, 0xDD2C, 0xDD0C, 0xD489,
    0xC3E8, 0xC3A7, 0xAA82, 0xA241, 0xB281, 0xB2A1, 0xBB02, 0xB2A1,
    0xC343, 0xCBA4, 0xD3A4, 0xDC26, 0xE4C9, 0xED4B, 0xED4C, 0xED6C,
    0xE52B, 0xED6C, 0xC3A5, 0xA220, 0xA240, 0x9A00, 0xAA80, 0xCBE6,
    0xC407, 0xD4AA, 0xE50B, 0xE4EA, 0xDC88, 0xBB22, 0xAA60, 0xB2A1,
    0xAA60, 0xB2A1, 0xDC47, 0xE509, 0xF5EE, 0xF60F, 0xFE2F, 0xF60E,
    0xF62F, 0xF62F, 0xF60E, 0xFE4F, 0xF62F, 0xF62F, 0xF60E, 0xFE50,
    0xF60F, 0xF60E, 0xF5CD, 0xED4A, 0xE466, 0xDC04, 0xE445, 0xE404,
    0xDBE3, 0xDBA3, 0xCB42, 0xCB63, 0xBAC1, 0xC302, 0xBAE1, 0xC302,
    0xD363, 0xCB23, 0xBAE2, 0xBAE2, 0xCB43, 0xD343, 0xDBA3, 0xCB22,
    0xC2E2, 0xD383, 0xF5CE, 0xFE72, 0xFE72, 0xF651, 0xF651, 0xED6D,
    0xBAE3, 0xB261, 0xCB44, 0xC304, 0xCB64, 0xDBE6, 0xE426, 0xF5CE,
    0xED2B, 0xCB62, 0xDBE4, 0xEC66, 0xEC66, 0xEC45, 0xEC65, 0xF486,
    0xFCE7, 0xED2C, 0xBCCF, 0x8BF0, 0x8410, 0x8C30, 0x8C31, 0x8C30,
    0x8C30, 0x8C30, 0x8C2F, 0x840D, 0x7BCB, 0x7389, 0x6B66, 0x6345,
    0x6345, 0x6347, 0x6B6A, 0x73AD, 0x73CF, 0x7BF0, 0x8411, 0x8452,
    0x8453, 0x8452, 0x8431, 0x7C10, 0x7BEF, 0x73CD, 0x73AC, 0x73AA,
    0x73CA, 0x7BEC, 0x842E, 0x8C50, 0x8C92, 0x94D4, 0x94F5, 0x9D16,
    0x94F6, 0x8CD5, 0x8C93, 0x8452, 0x7C30, 0x73ED, 0x6BAB, 0x6368,
    0x5B44, 0x5B22, 0x5B22, 0x5302, 0x5301, 0x5302, 0x5B26, 0x634A,
    0x636C, 0x636D, 0x636D, 0x636D, 0x636D, 0x634D, 0x5B2C, 0x52CA,
    0x4A88, 0x4244, 0x4221, 0x4221, 0x4221, 0x4222, 0x4222, 0x4221,
    0x4221, 0x3A20, 0x4241, 0x4262, 0x4A84, 0x52A5, 0x52C7, 0x5AE8,
    0x52A1, 0x4AA1, 0x4AA0, 0x4AC1, 0x4AC1, 0x4AC1, 0x4AC1, 0x4AC0,
    0x42A0, 0x4280, 0x4280, 0x4280, 0x42A0, 0x4AC0, 0x52E1, 0x5301,
    0x5301, 0x5B21, 0x6321, 0x6341, 0x6B42, 0x7363, 0x7B83, 0x8384,
    0x8BA5, 0x9BA5, 0x9BA6, 0xA3C7, 0xABE8, 0xB408, 0xBC09, 0xBC29,
    0xC44A, 0xC44A, 0xC44A, 0xC46A, 0xCC8B, 0xCC8B, 0xC48B, 0xC4AC,
    0xCCCD, 0xED8D, 0xF52A, 0xDC46, 0xD3E5, 0xBB22, 0xAAA1, 0xA281,
    0x9A20, 0x91E0, 0x9221, 0x9A21, 0x9A00, 0x91E0, 0x9A20, 0xA240,
    0xBB84, 0xD468, 0xDCC9, 0xD4C9, 0xDD2B, 0xDD2C, 0xDD0C, 0xCC28,
    0xB345, 0xAA82, 0xAA40, 0x91E1, 0xB2A1, 0xBAE1, 0xBAE2, 0xBAE2,
    0xC302, 0xCB84, 0xCBA4, 0xD3E5, 0xD3C4, 0xDC26, 0xE50A, 0xE52B,
    0xE52B, 0xED4C, 0xC3C5, 0xA220, 0xA240, 0xA240, 0xAA80, 0xC3A5,
    0xC407, 0xDCCA, 0xDD0B, 0xE4EA, 0xE4C9, 0xD405, 0xC342, 0xC363,
    0xCBC4, 0xE4E9, 0xF5CE, 0xF5EF, 0xF5EE, 0xF5EE, 0xF62F, 0xF62F,
    0xF650, 0xF62F, 0xF60E, 0xF62E, 0xFE2F, 0xF62F, 0xF650, 0xF650,
    0xF60F, 0xF650, 0xF630, 0xF5EE, 0xED6B, 0xED8C, 0xF5AC, 0xF58B,
    0xF58B, 0xF54B, 0xE445, 0xDBC3, 0xBAC1, 0xCB22, 0xD363, 0xC322,
    0xBAA2, 0xB281, 0xB2A2, 0xC302, 0xD3A4, 0xD3A4, 0xCB02, 0xCB43,
    0xCB43, 0xDBE5, 0xF58D, 0xFE72, 0xFE72, 0xF652, 0xF652, 0xFE72,
    0xE4EB, 0xCB64, 0xC343, 0xBB03, 0xC344, 0xD3A5, 0xDBE5, 0xED2B,
    0xFE50, 0xE488, 0xD3C3, 0xD382, 0xDBC3, 0xD3A3, 0xD362, 0xDBA3,
    0xEC25, 0xF4C7, 0xFD8C, 0xC4CF, 0x9430, 0x8C30, 0x8C31, 0x8C31,
    0x9431, 0x8C50, 0x8C2F, 0x840D, 0x7BCB, 0x7389, 0x6B67, 0x6B47,
    0x6B47, 0x6B69, 0x6B8C, 0x73CE, 0x7BF0, 0x7C11, 0x8432, 0x8453,
    0x8452, 0x8452, 0x7C31, 0x7C0F, 0x7BCE, 0x73AC, 0x738A, 0x7389,
    0x73A9, 0x7BEC, 0x842E, 0x8C70, 0x8C92, 0x94D4, 0x9D16, 0x9D16,
    0x9D17, 0x94F6, 0x8CB4, 0x8473, 0x8451, 0x73EE, 0x73AB, 0x6B69,
    0x6345, 0x5B02, 0x5B01, 0x52E1, 0x52E0, 0x52E2, 0x5B27, 0x634A,
    0x6B8D, 0x6B8E, 0x6B8F, 0x6B8F, 0x6B8F, 0x636E, 0x634D, 0x52EB,
    0x52A8, 0x4A45, 0x4222, 0x4222, 0x4222, 0x4222, 0x4222, 0x4242,
    0x4242, 0x4241, 0x4241, 0x4263, 0x4A85, 0x52A6, 0x52C8, 0x5AE9,
    0x52A1, 0x4AA1, 0x4AA0, 0x4AA0, 0x4AA0, 0x4AC1, 0x4AC1, 0x42A0,
    0x42A0, 0x4280, 0x4280, 0x42A0, 0x4AC0, 0x4AE0, 0x5301, 0x5301,
    0x5301, 0x5B01, 0x5B21, 0x6341, 0x6B42, 0x7363, 0x7B83, 0x8384,
    0x8BA5, 0x93A5, 0x9BA6, 0xA3C7, 0xABC7, 0xB3E8, 0xBC09, 0xBC29,
    0xC42A, 0xC44A, 0xC44A, 0xC46A, 0xCC8B, 0xCC8B, 0xC48B, 0xC4AC,
    0xC4AC, 0xDD2D, 0xFDCD, 0xF52A, 0xDC26, 0xCBC5, 0xB2E2, 0x9A41,
    0xAA81, 0x9A20, 0x9A20, 0x9A00, 0x9A20, 0x89C0, 0xA241, 0xB303,
    0xD468, 0xDCEA, 0xD4A9, 0xD4C9, 0xDD0B, 0xDD0B, 0xDCEB, 0xC3C7,
    0x9A82, 0xA282, 0xB281, 0x9A21, 0x91E0, 0xB281, 0xB2A1, 0xBB02,
    0xBB02, 0xC343, 0xB2C2, 0xBB02, 0xCB63, 0xBAE1, 0xD406, 0xE52B,
    0xE50A, 0xE52B, 0xD426, 0xA240, 0xA240, 0xA240, 0xB2E1, 0xC3A5,
    0xBBC7, 0xD4AA, 0xDCEA, 0xE52B, 0xE50A, 0xE50A, 0xE50A, 0xE52B,
    0xEDAD, 0xF5EF, 0xF60F, 0xF5EE, 0xF5EE, 0xF60F, 0xF60E, 0xF62F,
    0xF60E, 0xF60F, 0xF62F, 0xF60E, 0xF60E, 0xF651, 0xF671, 0xFE50,
    0xF671, 0xF630, 0xF5CE, 0xF5EE, 0xF5EE, 0xEDCE, 0xF5EE, 0xF630,
    0xFE51, 0xFE72, 0xF58B, 0xECC7, 0xE446, 0xDBE4, 0xDC05, 0xCB63,
    0xB281, 0xB2C1, 0xC2E2, 0xC2E2, 0xD363, 0xDBA4, 0xC302, 0xCB43,
    0xCB42, 0xDBE5, 0xF5AE, 0xF631, 0xF651, 0xFE72, 0xF651, 0xFE73,
    0xFE51, 0xF5CF, 0xDC88, 0xC344, 0xC323, 0xDBC5, 0xD384, 0xF56C,
    0xFEB4, 0xED2C, 0xDBC4, 0xCB41, 0xCB41, 0xD362, 0xD362, 0xD342,
    0xE3E3, 0xEC65, 0xF4C7, 0xFDCC, 0xD530, 0x8410, 0x9451, 0x9451,
    0x9451, 0x9450, 0x8C2F, 0x840E, 0x7BCC, 0x73AA, 0x7388, 0x6B68,
    0x6B69, 0x6B8B, 0x73AD, 0x7BEF, 0x8411, 0x8432, 0x8452, 0x8453,
    0x8452, 0x7C31, 0x7C10, 0x7BCE, 0x73AC, 0x6B8A, 0x6B68, 0x6B67,
    0x7389, 0x7BEB, 0x842E, 0x8C70, 0x8C92, 0x94D4, 0x94F6, 0x9D16,
    0x9D17, 0x94F6, 0x94D5, 0x8C93, 0x8451, 0x7C0F, 0x73CC, 0x6B69,
    0x6326, 0x5B02, 0x5AE0, 0x52C0, 0x52C0, 0x52E2, 0x5B07, 0x634B,
    0x6B8E, 0x6BAF, 0x6BD0, 0x6BB0, 0x6BB0, 0x6B90, 0x634E, 0x5B0C,
    0x52C9, 0x4A65, 0x4A43, 0x4223, 0x4243, 0x4243, 0x4244, 0x4244,
    0x4243, 0x4263, 0x4262, 0x4263, 0x4A85, 0x52A7, 0x52C8, 0x5AEA,
    0x52A2, 0x4AA1, 0x4A80, 0x4280, 0x4280, 0x42A0, 0x42A0, 0x42A0,
    0x4280, 0x3A60, 0x3A60, 0x4280, 0x4AC0, 0x4AE1, 0x52E1, 0x52E1,
    0x52E1, 0x5301, 0x5B21, 0x6342, 0x6B42, 0x7363, 0x7B83, 0x8384,
    0x8B85, 0x9385, 0x9BA6, 0xA3A6, 0xABC7, 0xB3E8, 0xBC08, 0xBC09,
    0xC429, 0xC44A, 0xC44A, 0xC46A, 0xC48B, 0xC48B, 0xC4AB, 0xC4AC,
    0xC4AC, 0xCCED, 0xEDF1, 0xFE92, 0xED09, 0xD3C4, 0xC363, 0xAA61,
    0xAA81, 0x9A20, 0x91E0, 0x9200, 0x89C0, 0xA261, 0xAA80, 0xC3C6,
    0xDCC9, 0xDCEA, 0xDD2C, 0xD4A9, 0xDCCA, 0xD4A9, 0xDCEA, 0xC3A6,
    0x91E0, 0xAAA2, 0xAA61, 0xAA61, 0x9200, 0x99E0, 0xAA81, 0xB2A1,
    0xBB02, 0xB2C1, 0xA240, 0xAA60, 0xBAC1, 0xBAC1, 0xD3E5, 0xE4EA,
    0xE4EA, 0xE52B, 0xDCA9, 0xBB43, 0xA240, 0xA220, 0xC363, 0xC3E7,
    0xA325, 0xC428, 0xD4CA, 0xE50B, 0xE52B, 0xE54B, 0xED8D, 0xEDAE,
    0xEDCE, 0xF60F, 0xEDCD, 0xF5EE, 0xF60F, 0xF5CD, 0xF60F, 0xF5EE,
    0xF5CD, 0xF5CE, 0xED4A, 0xED09, 0xE52A, 0xF5EE, 0xF62F, 0xFE71,
    0xFE71, 0xF5EE, 0xF5AC, 0xF60E, 0xF60F, 0xF60F, 0xF610, 0xF610,
    0xF60F, 0xF630, 0xFE30, 0xE56C, 0xDCCA, 0xF5EE, 0xECC8, 0xDC25,
    0xC343, 0xC323, 0xD363, 0xD383, 0xCB43, 0xCB43, 0xCB43, 0xC302,
    0xDBC4, 0xECE9, 0xF5EF, 0xF651, 0xF652, 0xF652, 0xF652, 0xF630,
    0xF631, 0xFE52, 0xF651, 0xE52C, 0xCB84, 0xD3A4, 0xDBE5, 0xF5CF,
    0xFEF5, 0xED8E, 0xD3E4, 0xC301, 0xBAE0, 0xD383, 0xE3E4, 0xDBC4,
    0xDBC3, 0xEC25, 0xF4A7, 0xFD08, 0xFE0E, 0xCD51, 0x9430, 0x8C31,
    0x9451, 0x9450, 0x8C2F, 0x840E, 0x7BEC, 0x7BAA, 0x7389, 0x7389,
    0x73AA, 0x73AC, 0x73CE, 0x7BF0, 0x8432, 0x8453, 0x8453, 0x8453,
    0x8432, 0x7C10, 0x7BEF, 0x73AD, 0x6B8A, 0x6B68, 0x6366, 0x6B67,
    0x7389, 0x7BEC, 0x842E, 0x8C71, 0x8C92, 0x94B4, 0x94F5, 0x94F6,
    0x9516, 0x94F6, 0x8CD5, 0x8C93, 0x8451, 0x7C0F, 0x73AC, 0x6B6A,
    0x6326, 0x5AE2, 0x52C0, 0x52C0, 0x52A0, 0x52C2, 0x5B07, 0x634B,
    0x6B8E, 0x73D0, 0x73D1, 0x73D1, 0x73D1, 0x6BB0, 0x636E, 0x5B0C,
    0x52C9, 0x4A66, 0x4A44, 0x4A64, 0x4A65, 0x4A66, 0x4A86, 0x4A86,
    0x4A66, 0x4A65, 0x4264, 0x4A64, 0x4A86, 0x52A7, 0x52C9, 0x5B0B,
    0x5AC3, 0x52A2, 0x4A81, 0x4260, 0x4260, 0x4260, 0x4280, 0x4280,
    0x4260, 0x3A60, 0x3A60, 0x4280, 0x42A0, 0x4AC0, 0x4AE1, 0x4AC0,
    0x4AE0, 0x5301, 0x5B21, 0x6342, 0x6B42, 0x7B63, 0x8364, 0x8364,
    0x8B85, 0x9385, 0x9B86, 0xA3A6, 0xABC7, 0xB3C8, 0xB3E8, 0xBC09,
    0xC429, 0xC42A, 0xC44A, 0xC46A, 0xC46B, 0xC48B, 0xC4AC, 0xCCAC,
    0xCCAC, 0xC4CD, 0xCCED, 0xF653, 0xFE2F, 0xE4A8, 0xCBE5, 0xBAE1,
    0xB2A1, 0xA260, 0x91C0, 0x9200, 0x91E0, 0xA240, 0xBB43, 0xD469,
    0xDCC9, 0xDD0B, 0xDCEB, 0xDD0B, 0xD4CA, 0xD4AA, 0xCC48, 0xBB85,
    0xA261, 0x9A21, 0xA241, 0xAA81, 0xA261, 0xAA61, 0xAA81, 0xB2E2,
    0xBAE2, 0xB2A2, 0xAA81, 0xB2A1, 0xBAA1, 0xBAC0, 0xCBA4, 0xDCA9,
    0xDCC9, 0xDCC9, 0xE4EB, 0xC3A5, 0xAA60, 0xAA81, 0xC3A5, 0xC3E6,
    0x9283, 0xA2A3, 0xCC07, 0xDD0B, 0xE52B, 0xE54C, 0xED6C, 0xED8C,
    0xEDCE, 0xEDAD, 0xEDAD, 0xF5EF, 0xEDEE, 0xF5EE, 0xF60F, 0xED8C,
    0xE4A8, 0xD3C4, 0xDBC4, 0xD362, 0xCB42, 0xDC46, 0xED4B, 0xF60F,
    0xF630, 0xEDAD, 0xF5EE, 0xF60E, 0xF630, 0xF630, 0xF692, 0xF651,
    0xF60F, 0xF610, 0xFE51, 0xEE31, 0xEDD0, 0xFED4, 0xF630, 0xED4B,
    0xDC46, 0xD384, 0xCB22, 0xBAC2, 0xCB22, 0xD384, 0xDBE5, 0xD383,
    0xDC05, 0xF56C, 0xF631, 0xF672, 0xFE93, 0xF693, 0xF651, 0xF610,
    0xF610, 0xF630, 0xF631, 0xF652, 0xE50B, 0xDC06, 0xECC9, 0xF610,
    0xFED5, 0xF652, 0xE4EA, 0xD405, 0xBB01, 0xCB22, 0xD382, 0xDBC4,
    0xE3C4, 0xDBA3, 0xE425, 0xF486, 0xFD49, 0xFE91, 0xCD72, 0x8C10,
    0x9451, 0x9451, 0x8C2F, 0x840E, 0x83ED, 0x7BCB, 0x73AA, 0x73AB,
    0x73AC, 0x7BCE, 0x7BEF, 0x8411, 0x8453, 0x8453, 0x8453, 0x8452,
    0x7C31, 0x7BF0, 0x73CE, 0x6B8B, 0x6368, 0x6367, 0x6366, 0x6B87,
    0x73AA, 0x7BED, 0x842F, 0x8C71, 0x8C93, 0x94B4, 0x94D5, 0x94F5,
    0x94F6, 0x94F5, 0x8CB4, 0x8473, 0x8431, 0x7C0F, 0x6BAC, 0x6B6A,
    0x6307, 0x5AC2, 0x52A0, 0x52A0, 0x52A0, 0x5AC2, 0x5B08, 0x6B6C,
    0x6BAF, 0x73F1, 0x73F1, 0x73F1, 0x73F1, 0x6BB0, 0x636E, 0x5B0C,
    0x52C9, 0x5287, 0x4A65, 0x5286, 0x5287, 0x52A8, 0x52A8, 0x52C8,
    0x52A8, 0x4A87, 0x4A86, 0x4A85, 0x4A86, 0x52A8, 0x52CA, 0x5B0C,
    0x62C4, 0x52A3, 0x4A61, 0x4240, 0x3A40, 0x3A40, 0x3A60, 0x3A60,
    0x3A40, 0x3A40, 0x3A40, 0x3A60, 0x4280, 0x4AA0, 0x4AC0, 0x4AC0,
    0x4AC1, 0x52E1, 0x5B21, 0x6342, 0x7343, 0x7B63, 0x8364, 0x8B64,
    0x8B65, 0x9365, 0x9B86, 0xA386, 0xABA7, 0xB3C8, 0xB3E8, 0xBC09,
    0xBC09, 0xC429, 0xC44A, 0xC46A, 0xC46B, 0xC48B, 0xC4AC, 0xCCAC,
    0xCCCC, 0xCCCD, 0xC4CD, 0xD52F, 0xF651, 0xF5AD, 0xE4EA, 0xD405,
    0xBB22, 0xAAA1, 0xA240, 0xA240, 0xA260, 0xB302, 0xCC47, 0xDCCA,
    0xDCEA, 0xDCCA, 0xDCCA, 0xDCEB, 0xDCEA, 0xDCCA, 0xCC07, 0xAA82,
    0xA241, 0x9A00, 0xA241, 0xB2C2, 0xAA81, 0xBAE2, 0xA261, 0xAA81,
    0xBB03, 0xB2A1, 0xB2A1, 0xBAC1, 0xC322, 0xBAE1, 0xD3C4, 0xDCC9,
    0xDCC9, 0xDCCA, 0xDCCA, 0xCC06, 0xBB02, 0xC3C6, 0xCC28, 0xB365,
    0x79C0, 0x91E0, 0xC3C6, 0xDCA9, 0xDD2C, 0xE54C, 0xED6C, 0xEDAE,
    0xEDCE, 0xED6C, 0xEDAE, 0xEDCE, 0xF5EF, 0xF5EE, 0xED2A, 0xD3E5,
    0xC323, 0xBAC1, 0xBAA1, 0xCB01, 0xC2E1, 0xCB43, 0xDBE5, 0xE488,
    0xE50B, 0xE58E, 0xF5EE, 0xF5EE, 0xF62F, 0xFE30, 0xF651, 0xF630,
    0xF651, 0xF630, 0xFE92, 0xFE93, 0xF631, 0xFE93, 0xFE92, 0xF672,
    0xED4B, 0xDBC4, 0xCB63, 0xB281, 0xBAC2, 0xCB02, 0xDC05, 0xECA8,
    0xF5CE, 0xF60F, 0xFE51, 0xFE93, 0xF631, 0xF652, 0xF5F0, 0xF631,
    0xFE72, 0xF672, 0xF651, 0xF631, 0xF631, 0xF5CF, 0xF5EF, 0xFE72,
    0xFE93, 0xFE73, 0xED4C, 0xE4A8, 0xCB63, 0xBAC1, 0xD362, 0xD383,
    0xDBA3, 0xDBA3, 0xDBC3, 0xE3E3, 0xEC44, 0xFD8A, 0xFED3, 0xD5D3,
    0xA4B1, 0x9451, 0x8C30, 0x840E, 0x83ED, 0x7BCC, 0x7BCC, 0x7BCC,
    0x7BCD, 0x7BEF, 0x83F1, 0x8432, 0x8453, 0x8473, 0x8453, 0x8452,
    0x7C11, 0x7BEF, 0x73AD, 0x6B8A, 0x6367, 0x6367, 0x6367, 0x6BA9,
    0x73CC, 0x7C0E, 0x8430, 0x8C72, 0x8C93, 0x8CD4, 0x94D5, 0x94D5,
    0x94D5, 0x8CD5, 0x8C94, 0x8452, 0x7C10, 0x73EE, 0x6B8C, 0x6349,
    0x6306, 0x5AC3, 0x52A0, 0x52A0, 0x52A0, 0x5AC3, 0x5B08, 0x6B6C,
    0x73AF, 0x73F1, 0x73F1, 0x73F1, 0x73D1, 0x6BB0, 0x6B6E, 0x5B2C,
    0x52EA, 0x52A8, 0x52A7, 0x52A9, 0x52CA, 0x52EA, 0x5AEB, 0x5AEB,
    0x52EA, 0x52C9, 0x4AA8, 0x4AA7, 0x4A87, 0x52A8, 0x52EB, 0x5B2C,
    0x62C5, 0x62C4, 0x5AA4, 0x52A3, 0x52A3, 0x52A3, 0x52C3, 0x52C3,
    0x52C3, 0x4AA3, 0x52C3, 0x52E3, 0x5304, 0x5B24, 0x5B24, 0x5B24,
    0x6344, 0x6B65, 0x7365, 0x7365, 0x7B65, 0x7B64, 0x8365, 0x8B45,
    0x8B45, 0x9345, 0x9B65, 0xA386, 0xABA7, 0xABC8, 0xB3E8, 0xBBE9,
    0xBC09, 0xC429, 0xC44A, 0xC44A, 0xC46B, 0xC48B, 0xC4AC, 0xCCAC,
    0xCCCD, 0xCCCD, 0xCCCD, 0xC4CD, 0xE5B0, 0xF5CD, 0xE4EA, 0xDCEA,
    0xCBE6, 0xC384, 0xBB43, 0xC343, 0xBB43, 0xC3C5, 0xD4A9, 0xDCEA,
    0xDCEA, 0xDCCA, 0xD4CA, 0xDCEA, 0xD4CA, 0xDCEA, 0xC3E6, 0xB2E2,
    0xA261, 0xA220, 0xAA41, 0xAA61, 0xAA40, 0xAAA1, 0xA241, 0xA241,
    0xAA81, 0xAA81, 0xB2C1, 0xB281, 0xB2A1, 0xB2A0, 0xCBC5, 0xE52B,
    0xE52B, 0xDCEA, 0xDCEA, 0xD489, 0xCC06, 0xCC28, 0xC3E7, 0x9AE4,
    0x6960, 0x9A20, 0xB323, 0xC407, 0xE54C, 0xE54C, 0xED8D, 0xEDAE,
    0xED8D, 0xED8D, 0xEDAD, 0xED8D, 0xEDCE, 0xE4E9, 0xCB63, 0xBAC1,
    0xAA61, 0xA220, 0xAA40, 0xC2A0, 0xC2E1, 0xCB22, 0xD363, 0xCB42,
    0xD3E6, 0xD4AA, 0xE54C, 0xF5AD, 0xF62F, 0xFE51, 0xF630, 0xF630,
    0xFE71, 0xFE72, 0xFEB3, 0xF693, 0xF5EF, 0xFE93, 0xFE92, 0xF693,
    0xF610, 0xE488, 0xDBE4, 0xD362, 0xCB42, 0xD363, 0xDC25, 0xF5AD,
    0xFE71, 0xF651, 0xFE72, 0xFE72, 0xF611, 0xF5CF, 0xED6D, 0xDC68,
    0xED4C, 0xFE72, 0xFE72, 0xFE72, 0xFE72, 0xFE72, 0xFE52, 0xFE73,
    0xFE73, 0xF652, 0xE52C, 0xDC67, 0xCBA4, 0xBAA0, 0xCB21, 0xCB42,
    0xD362, 0xDBA3, 0xE404, 0xEC45, 0xEC65, 0xF4A6, 0xFDAB, 0xFED2,
    0xCD71, 0x8C31, 0x8C30, 0x8C0F, 0x83EE, 0x83CD, 0x7BCD, 0x7BCD,
    0x7BEE, 0x7BF0, 0x8411, 0x8453, 0x8474, 0x8C73, 0x8453, 0x8432,
    0x7C10, 0x7BCE, 0x73AC, 0x6B89, 0x6367, 0x6388, 0x6BAA, 0x73CC,
    0x73EE, 0x7C30, 0x8451, 0x8C73, 0x8CB4, 0x94D4, 0x8CD4, 0x8CD4,
    0x8CB4, 0x8CB4, 0x8C73, 0x8452, 0x7C10, 0x73CD, 0x6B8B, 0x6349,
    0x6306, 0x5AC3, 0x5AA0, 0x52A0, 0x52A0, 0x5AC3, 0x6308, 0x6B6C,
    0x73AF, 0x73F1, 0x73F1, 0x73D0, 0x6BD0, 0x6BB0, 0x6B6E, 0x5B2C,
    0x5AEA, 0x52C9, 0x52C9, 0x5AEA, 0x5AEB, 0x5B0C, 0x5B2C, 0x5B2D,
    0x5B0C, 0x5B0C, 0x52EA, 0x4AC9, 0x4AA8, 0x52A9, 0x52EB, 0x5B2D,
    0x7B07, 0x7307, 0x7307, 0x7348, 0x7368, 0x7368, 0x7389, 0x7B89,
    0x7B89, 0x7BA9, 0x7BA9, 0x7BA9, 0x7BC9, 0x83E9, 0x83EA, 0x840A,
    0x840A, 0x8C0A, 0x8BE9, 0x8BC8, 0x8BA7, 0x8B86, 0x8B66, 0x8B45,
    0x9345, 0x9345, 0x9B46, 0xA366, 0xA387, 0xABA7, 0xB3C8, 0xBBE8,
    0xBC09, 0xC429, 0xC42A, 0xC44A, 0xC46B, 0xC48B, 0xC48B, 0xCCAC,
    0xCCCC, 0xCCCD, 0xCCCD, 0xCCCD, 0xCD0E, 0xEDAF, 0xE4A7, 0xDC67,
    0xD468, 0xCC27, 0xCC07, 0xCBE5, 0xCBE6, 0xD468, 0xD4A9, 0xD4CA,
    0xDCEA, 0xDCCA, 0xD4A9, 0xDCEA, 0xD4C9, 0xDCEA, 0xD468, 0xBB23,
    0xA240, 0xA240, 0xAA60, 0xB2A1, 0xA261, 0xAA81, 0x9A21, 0xA240,
    0xAA81, 0xAA61, 0xB2C1, 0xC302, 0xAA60, 0xBAA0, 0xCBC4, 0xE4EA,
    0xE52B, 0xE50A, 0xDCC9, 0xDCA9, 0xD448, 0xCC28, 0xC407, 0x8243,
    0x6940, 0x9A20, 0x9A20, 0xC3C7, 0xDD0B, 0xE54C, 0xED8D, 0xED8D,
    0xEDAD, 0xE56C, 0xED8D, 0xE52B, 0xDC88, 0xCB83, 0xAA60, 0xB261,
    0xAA61, 0xB281, 0xB281, 0xBAA0, 0xD342, 0xC2C1, 0xCB22, 0xC2E1,
    0xD363, 0xD3A4, 0xDC27, 0xE4EA, 0xE54B, 0xEDCE, 0xEDAD, 0xFE72,
    0xFE92, 0xFE72, 0xFE93, 0xF651, 0xFE72, 0xFE93, 0xFE93, 0xF651,
    0xF651, 0xF630, 0xF5AE, 0xED2B, 0xE487, 0xED0A, 0xF5EF, 0xF630,
    0xF630, 0xF630, 0xF651, 0xF630, 0xF651, 0xE50B, 0xDC68, 0xC323,
    0xC2E2, 0xDC68, 0xF5EF, 0xFE51, 0xFE72, 0xFE93, 0xFE93, 0xFE93,
    0xFE73, 0xF631, 0xED6D, 0xCC06, 0xC343, 0xBAA0, 0xBAA0, 0xBAA0,
    0xC2E1, 0xC301, 0xD383, 0xE404, 0xEC65, 0xF4C7, 0xFD07, 0xFE4F,
    0xFED3, 0xCD0F, 0x8C10, 0x840F, 0x840F, 0x83EE, 0x83CD, 0x83EE,
    0x7BEF, 0x8410, 0x8432, 0x8453, 0x8C74, 0x8C73, 0x8453, 0x8431,
    0x7BF0, 0x73CE, 0x6BAB, 0x6B89, 0x6B89, 0x6BAA, 0x73CC, 0x7BEE,
    0x7C30, 0x8451, 0x8472, 0x8C93, 0x8CB4, 0x94D4, 0x8CD4, 0x8CB4,
    0x8C94, 0x8C93, 0x8472, 0x8451, 0x7C10, 0x73CD, 0x6BAB, 0x6B6A,
    0x6327, 0x62E4, 0x5AA1, 0x5AA0, 0x5AA0, 0x5AC3, 0x6308, 0x6B6C,
    0x73AF, 0x73D0, 0x73D0, 0x73B0, 0x6BB0, 0x6B8F, 0x634E, 0x630B,
    0x5AEA, 0x5AEA, 0x5AEB, 0x630C, 0x632D, 0x634D, 0x634E, 0x636F,
    0x636F, 0x5B4E, 0x5B2D, 0x52EB, 0x4AC9, 0x52CA, 0x5B0C, 0x634E,
    0x8349, 0x8B69, 0x8B8A, 0x93CB, 0x93EB, 0x940C, 0x942C, 0x944C,
    0x9C4C, 0x9C4C, 0x9C6D, 0x9C6D, 0x9C8D, 0x9C8D, 0xA4AD, 0xA4AD,
    0xA4AD, 0xA48D, 0x9C6C, 0x9C2A, 0x9BE9, 0x93C8, 0x9387, 0x9366,
    0x9325, 0x9325, 0x9B46, 0xA366, 0xA387, 0xABA7, 0xB3C8, 0xBBE8,
    0xBC09, 0xC429, 0xC42A, 0xC44A, 0xC46A, 0xC48B, 0xC48B, 0xC4AC,
    0xCCCC, 0xC4CD, 0xCCCD, 0xC4CD, 0xC4CD, 0xCD2E, 0xED2B, 0xD3E4,
    0xCBE5, 0xCC06, 0xCC06, 0xCBE6, 0xC3E5, 0xCC69, 0xCC68, 0xD4A9,
    0xDCCA, 0xD4CA, 0xD4A9, 0xD4A9, 0xD4A9, 0xD4A9, 0xDCCA, 0xD468,
    0xBB43, 0xA260, 0xAAC1, 0xA281, 0x9A00, 0x9A20, 0xA220, 0xA240,
    0xBAC1, 0xAA81, 0xAA60, 0xB260, 0xAA80, 0xC362, 0xDC87, 0xE4EA,
    0xDCEA, 0xDD0A, 0xDCEA, 0xDCA9, 0xD468, 0xCC48, 0xBBC7, 0x71E2,
    0x7160, 0x89C0, 0x9A41, 0xCC28, 0xD4AA, 0xE54C, 0xE58D, 0xE56C,
    0xED8D, 0xEDAD, 0xE50A, 0xC364, 0xC2E1, 0xAA81, 0xA241, 0xAA61,
    0xA241, 0xC2C1, 0xB280, 0xAA41, 0xD343, 0xB281, 0xC302, 0xCB42,
    0xCB22, 0xCB43, 0xD363, 0xDBE5, 0xDBE5, 0xD3A4, 0xD3E6, 0xE54C,
    0xEDCF, 0xF610, 0xF651, 0xFE51, 0xFE92, 0xFE92, 0xFE93, 0xFEB4,
    0xF672, 0xF651, 0xF610, 0xF672, 0xF631, 0xF5EF, 0xF5EF, 0xFE51,
    0xFE72, 0xFE93, 0xF652, 0xF631, 0xF610, 0xDCAA, 0xB2E2, 0xB2A2,
    0xBAC2, 0xCB43, 0xE468, 0xED2C, 0xFE31, 0xFE52, 0xFEB4, 0xFEB4,
    0xFEB4, 0xF610, 0xE4A9, 0xDC27, 0xC363, 0xBAA0, 0xBAC1, 0xB2A0,
    0xC2C1, 0xC301, 0xCB01, 0xDBA3, 0xE3E4, 0xE404, 0xF485, 0xFD6A,
    0xFF56, 0xFEF5, 0xD550, 0x9430, 0x840F, 0x83EF, 0x83EE, 0x83EF,
    0x8410, 0x8411, 0x8432, 0x8453, 0x8C74, 0x8473, 0x8453, 0x8431,
    0x7BF0, 0x73CD, 0x73AB, 0x6BAA, 0x6BAA, 0x73CC, 0x7BEE, 0x7C30,
    0x8452, 0x8473, 0x8C94, 0x8CB4, 0x8CD5, 0x8CD5, 0x8CB4, 0x8C94,
    0x8C93, 0x8473, 0x8452, 0x7C31, 0x7C10, 0x73EE, 0x6BAC, 0x6B8B,
    0x6B48, 0x6306, 0x62C3, 0x5AA1, 0x5AA0, 0x5AC4, 0x6308, 0x6B6C,
    0x73AE, 0x73B0, 0x6BAF, 0x6B8F, 0x6B8F, 0x6B6E, 0x634D, 0x630B,
    0x5B0B, 0x5AEB, 0x630C, 0x6B2D, 0x6B4E, 0x6B6F, 0x6B90, 0x6BB1,
    0x6BB1, 0x6390, 0x5B4E, 0x530C, 0x52EB, 0x52EB, 0x5B2D, 0x636F,
    0x938A, 0x93AB, 0x9BEC, 0xA42D, 0xA44D, 0xAC8E, 0xAC8E, 0xACAF,
    0xACCF, 0xB4F0, 0xB4F0, 0xB510, 0xB530, 0xB530, 0xB530, 0xBD30,
    0xBD30, 0xB50F, 0xB4CE, 0xAC6D, 0xA42B, 0xA3E9, 0x9BA8, 0x9B67,
    0x9325, 0x9B25, 0x9B46, 0xA346, 0xA366, 0xAB87, 0xB3A8, 0xB3E8,
    0xBC09, 0xC409, 0xC42A, 0xC44A, 0xC46B, 0xC48B, 0xC48B, 0xC4AC,
    0xCCCC, 0xCCCD, 0xC4CD, 0xC4CD, 0xC4EE, 0xC4EE, 0xD52E, 0xE4C9,
    0xD3A4, 0xCB63, 0xC364, 0xB2E2, 0xA281, 0xBB85, 0xBB86, 0xAB04,
    0xC3E6, 0xD48A, 0xCC48, 0xCC48, 0xD489, 0xD4A9, 0xD4C9, 0xDCEA,
    0xD468, 0xBB84, 0xAAC1, 0x9A20, 0x9A20, 0xA240, 0xAA60, 0xA220,
    0xAA60, 0xAAA1, 0x9A20, 0xAA40, 0xB2E1, 0xD426, 0xE50A, 0xDCEA,
    0xE50B, 0xDCEA, 0xDCEA, 0xD489, 0xBB85, 0xB324, 0xB345, 0x7180,
    0x7980, 0x89C0, 0xA281, 0xC3C6, 0xD4AA, 0xE54C, 0xE54C, 0xED8D,
    0xED8D, 0xE54B, 0xD3C5, 0xB2A1, 0xAA41, 0xB281, 0xA241, 0xAA41,
    0xB280, 0xBAA1, 0xBA80, 0xCB23, 0xBAE2, 0xAA61, 0xC2E2, 0xBAC2,
    0xCB42, 0xCB43, 0xCB42, 0xD383, 0xD363, 0xD384, 0xDB83, 0xDBE5,
    0xE488, 0xE4CA, 0xED6D, 0xF5EF, 0xFEB3, 0xFE72, 0xFEB4, 0xFEB4,
    0xFE72, 0xFEB3, 0xFE93, 0xFE93, 0xF651, 0xF610, 0xFE51, 0xFE52,
    0xFE92, 0xFE93, 0xFE72, 0xF652, 0xE52C, 0xD428, 0xBAC2, 0xB281,
    0xBAC2, 0xCB43, 0xCB64, 0xD3A4, 0xF58D, 0xFE51, 0xFE93, 0xFE94,
    0xFEB4, 0xFE51, 0xE488, 0xD406, 0xD407, 0xBAC1, 0xBAA1, 0xC2E1,
    0xC301, 0xD363, 0xC2E1, 0xCB01, 0xE3E4, 0xDBC3, 0xE404, 0xF4A6,
    0xFE70, 0xFF99, 0xFF36, 0xE590, 0x8C0F, 0x83EF, 0x83EF, 0x8410,
    0x8410, 0x8411, 0x8432, 0x8C53, 0x8C74, 0x8453, 0x8452, 0x8431,
    0x7C0F, 0x73ED, 0x73CC, 0x73AB, 0x73CC, 0x73EE, 0x7C30, 0x8452,
    0x8494, 0x8CB5, 0x8CD5, 0x8CD6, 0x8CD5, 0x8CD5, 0x8CB4, 0x8C94,
    0x8473, 0x8472, 0x8452, 0x8451, 0x7C30, 0x7C0F, 0x73CE, 0x73AC,
    0x6B6A, 0x6B28, 0x62E5, 0x62C2, 0x62C1, 0x62C4, 0x6308, 0x6B6C,
    0x738E, 0x6B8E, 0x6B8E, 0x6B6E, 0x6B6E, 0x6B6E, 0x632C, 0x630A,
    0x630B, 0x630B, 0x6B2D, 0x6B4E, 0x6B90, 0x6BB1, 0x73D2, 0x73F3,
    0x73D2, 0x6BB1, 0x636F, 0x5B2D, 0x5B0D, 0x5B0D, 0x5B2E, 0x636F,
    0x9BCB, 0xA40C, 0xAC4D, 0xB48E, 0xB4CF, 0xBCF0, 0xBD10, 0xBD31,
    0xC552, 0xC572, 0xC573, 0xC593, 0xC593, 0xCDB3, 0xCD93, 0xCDB3,
    0xCD92, 0xC571, 0xBD30, 0xB4CE, 0xAC6D, 0xAC0B, 0xA3C9, 0x9B67,
    0x9B26, 0x9B25, 0x9B26, 0xA346, 0xA366, 0xAB87, 0xB3A8, 0xB3C8,
    0xBBE9, 0xBC09, 0xC42A, 0xC44A, 0xC46A, 0xC48B, 0xC48B, 0xC4AC,
    0xC4AC, 0xC4CD, 0xC4CD, 0xC4CD, 0xCCEE, 0xCCEE, 0xCD0E, 0xD54E,
    0xDCC9, 0xD3C4, 0xBB23, 0xA261, 0x9A20, 0x9A61, 0x9A20, 0x91E0,
    0x9A61, 0xAB04, 0xB345, 0xD489, 0xD4A9, 0xD4A9, 0xD4A9, 0xD4A9,
    0xD4AA, 0xD4A9, 0xC3E6, 0xA260, 0xA240, 0xA220, 0xA261, 0xAA80,
    0xAA81, 0xA261, 0x9A20, 0xAA80, 0xC384, 0xE4E9, 0xE52B, 0xDCA9,
    0xDCA9, 0xDD0A, 0xDCEA, 0xC3A5, 0xAAC2, 0x9A41, 0x81E1, 0x7180,
    0x89C0, 0x9200, 0xA240, 0xB303, 0xDCEB, 0xE56D, 0xE58E, 0xEDAE,
    0xE56D, 0xD447, 0xAA61, 0xAA41, 0xAA40, 0xB281, 0xAA81, 0xBAC1,
    0xC2C1, 0xBA80, 0xC2E1, 0xAA61, 0xB2A2, 0xBAE3, 0xD363, 0xC2E2,
    0xCB43, 0xD363, 0xD383, 0xCB63, 0xDBA4, 0xDB83, 0xDBA3, 0xE3E4,
    0xDBC4, 0xE405, 0xE426, 0xECEA, 0xFE51, 0xFE93, 0xFE93, 0xFEB4,
    0xFEB4, 0xFEB4, 0xFEB4, 0xFE51, 0xFE52, 0xFE51, 0xFE51, 0xFE51,
    0xFE72, 0xFE72, 0xF610, 0xF631, 0xDCEB, 0xC303, 0xB281, 0xAA41,
    0xB2C2, 0xC323, 0xC303, 0xD3A4, 0xE467, 0xF5AD, 0xFE51, 0xFE73,
    0xFE93, 0xFE52, 0xE4C9, 0xDC27, 0xD448, 0xBB02, 0xBAA1, 0xCB02,
    0xCB22, 0xCB22, 0xD343, 0xC2E1, 0xCB22, 0xDBC4, 0xDBA3, 0xE404,
    0xFD6A, 0xFF15, 0xFF99, 0xFF78, 0xDDF3, 0x9450, 0x8410, 0x8410,
    0x8411, 0x8432, 0x8453, 0x8C54, 0x8C74, 0x8453, 0x8452, 0x8431,
    0x7C0F, 0x73EE, 0x73ED, 0x73CD, 0x73EE, 0x7C10, 0x8452, 0x8493,
    0x8CB5, 0x8CD6, 0x94F6, 0x94F7, 0x94F7, 0x8CD6, 0x8CB5, 0x8494,
    0x8473, 0x8472, 0x8472, 0x8452, 0x8451, 0x7C30, 0x73EF, 0x73CD,
    0x738B, 0x6B49, 0x6B06, 0x62E4, 0x62C3, 0x62E5, 0x6B28, 0x6B6B,
    0x6B6D, 0x6B8D, 0x6B6D, 0x6B6D, 0x634C, 0x634C, 0x632B, 0x5B0A,
    0x630A, 0x632B, 0x6B4E, 0x6B8F, 0x73D1, 0x73F2, 0x7413, 0x7434,
    0x73F3, 0x6BB1, 0x6390, 0x636F, 0x5B4E, 0x5B4E, 0x5B6F, 0x6390,
    0xA3EC, 0xAC4D, 0xB48F, 0xBCF0, 0xC531, 0xC552, 0xCD72, 0xCDB3,
    0xD5D4, 0xD5D4, 0xD5F5, 0xD5F5, 0xD5F5, 0xD5F5, 0xD5F5, 0xD5F5,
    0xD5F4, 0xCDB3, 0xCD71, 0xC510, 0xB48E, 0xB44C, 0xABEA, 0xA388,
    0x9B26, 0x9B05, 0x9B26, 0xA346, 0xAB67, 0xAB87, 0xB3A8, 0xB3C8,
    0xBBE9, 0xBC09, 0xC429, 0xC44A, 0xC46A, 0xC46B, 0xC48B, 0xC4AC,
    0xC4AC, 0xC4AD, 0xC4CD, 0xC4CD, 0xC4ED, 0xCCEE, 0xCD0E, 0xCD0E,
    0xD52E, 0xE4C9, 0xCBA4, 0xBB23, 0xAAA2, 0x9A20, 0x9A20, 0x9A20,
    0x9A41, 0x89C0, 0x9A62, 0xBBA6, 0xCC48, 0xCC68, 0xD4A9, 0xD489,
    0xD489, 0xD489, 0xD489, 0xBB43, 0xA240, 0xA240, 0x9A00, 0xA260,
    0xAA81, 0xAA81, 0xBAE1, 0xCBC5, 0xCC06, 0xDCA8, 0xE52B, 0xE4EA,
    0xDC88, 0xDCA9, 0xDCCA, 0xB324, 0x9A40, 0x9A20, 0x5900, 0x7180,
    0x9200, 0x9200, 0x9A20, 0xBB85, 0xE52C, 0xE54C, 0xE56D, 0xE56D,
    0xE50A, 0xBB02, 0xAA20, 0xA220, 0xA220, 0xA221, 0xB2A1, 0xB281,
    0xBAA1, 0xBAA1, 0xBAC1, 0xAA81, 0xB2A2, 0xC343, 0xCB23, 0xCB23,
    0xC2E2, 0xC302, 0xC2E2, 0xCB43, 0xCB22, 0xDB62, 0xDB83, 0xD363,
    0xCB22, 0xDBA3, 0xD383, 0xDC26, 0xED0A, 0xFE72, 0xF693, 0xFE73,
    0xFEB3, 0xFED4, 0xFEB4, 0xFE93, 0xFEB3, 0xFE93, 0xFE72, 0xFE93,
    0xFE93, 0xF651, 0xF5EF, 0xED6D, 0xDC69, 0xCB24, 0xAA41, 0xA221,
    0xA241, 0xB2A2, 0xC302, 0xD384, 0xDBE5, 0xE447, 0xECE9, 0xF5AD,
    0xFEB3, 0xFE93, 0xE50C, 0xDBE5, 0xDC89, 0xCBC5, 0xB280, 0xCB22,
    0xCB22, 0xCB22, 0xCB43, 0xD342, 0xC301, 0xD383, 0xE404, 0xE3E4,
    0xEC86, 0xFE50, 0xFF15, 0xFF78, 0xFF99, 0xEE96, 0x9C91, 0x7BF1,
    0x8432, 0x8433, 0x8C53, 0x8C54, 0x8C74, 0x8453, 0x8453, 0x8431,
    0x7C10, 0x7C0F, 0x7C0F, 0x7C0F, 0x7C10, 0x8451, 0x8473, 0x8CB5,
    0x8CD6, 0x94F7, 0x94F7, 0x94F7, 0x94F7, 0x8CD7, 0x8CB6, 0x8C95,
    0x8494, 0x8473, 0x8473, 0x8473, 0x8472, 0x8431, 0x7C10, 0x73EE,
    0x73AC, 0x736A, 0x6B28, 0x6AE5, 0x62E4, 0x6AE6, 0x6B28, 0x6B4B,
    0x6B6C, 0x636C, 0x634C, 0x634B, 0x632B, 0x632B, 0x630A, 0x5AE9,
    0x62EA, 0x632C, 0x6B6E, 0x73B0, 0x73F2, 0x7C33, 0x7C54, 0x7C54,
    0x7413, 0x73F2, 0x6BB1, 0x6390, 0x6390, 0x6390, 0x6391, 0x6BB1,
    0xAC2D, 0xB48E, 0xBCD0, 0xC531, 0xCD72, 0xD593, 0xD5D4, 0xDDF5,
    0xDE16, 0xDE36, 0xDE56, 0xDE56, 0xE657, 0xE657, 0xE657, 0xE656,
    0xDE36, 0xD5F4, 0xD593, 0xCD51, 0xBCEF, 0xBC6D, 0xAC0B, 0xA388,
    0x9B26, 0x9B05, 0xA326, 0xA346, 0xAB67, 0xAB87, 0xB3A8, 0xB3C8,
    0xBBE9, 0xC409, 0xC429, 0xC44A, 0xC46A, 0xC46B, 0xC48B, 0xC48C,
    0xC4AC, 0xC4AD, 0xC4CD, 0xC4CD, 0xC4ED, 0xCCEE, 0xCD0E, 0xCD0E,
    0xCD0F, 0xD54E, 0xE4C9, 0xD3C4, 0xBB22, 0xAA81, 0xAA81, 0xA241,
    0x9A20, 0x9200, 0x9221, 0xA240, 0xBBA5, 0xCC48, 0xD488, 0xD468,
    0xD489, 0xD4A9, 0xCC68, 0xC384, 0xBB01, 0xB2A0, 0xAA80, 0xB2A1,
    0xBAE1, 0xBB02, 0xCC06, 0xDCA9, 0xDCEA, 0xDCC9, 0xDCC9, 0xDCC9,
    0xDCA9, 0xD468, 0xD448, 0xAAE3, 0x9220, 0x81A0, 0x5900, 0x79A0,
    0x89C0, 0x91E0, 0xA281, 0xD489, 0xE52B, 0xE52B, 0xE56D, 0xE56C,
    0xD426, 0xB280, 0xAA40, 0x9A00, 0x9A00, 0x99E0, 0xA221, 0x9A00,
    0xAA41, 0xC2C2, 0xC2E2, 0xCB43, 0xBAA2, 0xB282, 0xB2A2, 0xC302,
    0xCB22, 0xCB22, 0xCB43, 0xD363, 0xCB42, 0xD342, 0xCB22, 0xC302,
    0xC302, 0xCB22, 0xD383, 0xD363, 0xDBA4, 0xED8D, 0xFE93, 0xF693,
    0xFEB4, 0xFEB4, 0xFEB3, 0xFEB4, 0xFEB3, 0xFE93, 0xFE72, 0xF652,
    0xFEB4, 0xFE72, 0xF631, 0xED0B, 0xCB85, 0xCB44, 0xAA61, 0x91C0,
    0xAA41, 0xAA20, 0xC2C2, 0xD384, 0xD3A4, 0xDC06, 0xE406, 0xECC8,
    0xFE30, 0xFEB3, 0xF5D0, 0xDBE5, 0xDC47, 0xD448, 0xBB02, 0xC2E1,
    0xC302, 0xCB22, 0xCB42, 0xD383, 0xD363, 0xD362, 0xDBC4, 0xE405,
    0xE425, 0xF56A, 0xFEB2, 0xFF15, 0xFF57, 0xFFBA, 0xEEB6, 0x9C92,
    0x8412, 0x8C53, 0x8453, 0x8454, 0x8474, 0x8454, 0x8453, 0x8432,
    0x7C31, 0x7C30, 0x7C31, 0x7C31, 0x8451, 0x8473, 0x8C94, 0x8CD5,
    0x8CF7, 0x94F7, 0x94F7, 0x94F7, 0x94F7, 0x8CF7, 0x8CD6, 0x8CB5,
    0x8C94, 0x8C94, 0x8C93, 0x8C93, 0x8C73, 0x8452, 0x7C30, 0x7BEF,
    0x73CD, 0x738B, 0x6B48, 0x6B06, 0x6AE4, 0x6AE6, 0x6B08, 0x6B4A,
    0x6B4B, 0x634B, 0x634A, 0x632A, 0x630A, 0x630A, 0x5AE8, 0x5AE8,
    0x62E9, 0x632C, 0x6B6E, 0x73B0, 0x73F2, 0x7C33, 0x7C54, 0x7C54,
    0x7434, 0x73F3, 0x6BD2, 0x6BB1, 0x6BB1, 0x6BB1, 0x6BD2, 0x73F3,
    0xB44E, 0xBCAF, 0xC511, 0xCD72, 0xD5B3, 0xDDD4, 0xDE15, 0xDE36,
    0xE657, 0xE677, 0xE698, 0xE698, 0xEE98, 0xEE98, 0xEE98, 0xEE98,
    0xE677, 0xDE36, 0xDDD4, 0xD592, 0xC510, 0xBCAE, 0xB40B, 0xA388,
    0x9B26, 0x9B06, 0xA326, 0xA346, 0xAB67, 0xAB87, 0xB3A8, 0xB3C8,
    0xBBE9, 0xC429, 0xC429, 0xC44A, 0xC46A, 0xC46B, 0xC48B, 0xC48C,
    0xC4AC, 0xC4AD, 0xC4CD, 0xC4CD, 0xCCED, 0xCCEE, 0xCD0E, 0xCD0E,
    0xCD0E, 0xCD0F, 0xDD2E, 0xE52B, 0xD426, 0xBB02, 0xAAA1, 0xAAA1,
    0x9200, 0x9A20, 0x9A00, 0xA240, 0xAAC2, 0xCC07, 0xD4A9, 0xD489,
    0xD489, 0xD489, 0xCC48, 0xCC48, 0xCC06, 0xCBC4, 0xCBC5, 0xD426,
    0xD426, 0xD426, 0xDC88, 0xDCC9, 0xDCEA, 0xDCEA, 0xDCEA, 0xDCA9,
    0xDC89, 0xD447, 0xC3A6, 0x9221, 0x81E0, 0x6140, 0x6120, 0x89E0,
    0x91E0, 0x91E0, 0xB303, 0xD4AA, 0xE54C, 0xE54C, 0xE56D, 0xE54C,
    0xCB84, 0xAA20, 0xA220, 0xAA40, 0x9A00, 0xAA41, 0xB261, 0xA241,
    0xA200, 0xA201, 0xBAC2, 0xC2E2, 0xB2A2, 0x9A01, 0xB2A2, 0xCB23,
    0xDBA4, 0xD3A5, 0xCB22, 0xCB22, 0xBAA1, 0xB261, 0xB2A1, 0xCB43,
    0xC2E2, 0xCB43, 0xD383, 0xC302, 0xCB43, 0xDBE5, 0xF651, 0xFEB4,
    0xFEB4, 0xFED4, 0xFEB3, 0xFEB4, 0xFE93, 0xFE93, 0xFE93, 0xF631,
    0xF5EF, 0xED8D, 0xED4C, 0xDC06, 0xCB23, 0xBAC2, 0xAA61, 0xA241,
    0xB261, 0xB241, 0xBAC2, 0xCB43, 0xD364, 0xDBC5, 0xE405, 0xEC67,
    0xF56B, 0xFEB3, 0xFE52, 0xDC26, 0xDC47, 0xD468, 0xB2E2, 0xBAC1,
    0xCB22, 0xCB42, 0xD363, 0xCB63, 0xD363, 0xD342, 0xCB42, 0xD382,
    0xE3E3, 0xF508, 0xFE70, 0xFEF4, 0xFF36, 0xFF57, 0xFFB9, 0xEEB7,
    0x9CB4, 0x8453, 0x8C54, 0x8454, 0x8474, 0x8454, 0x8453, 0x8452,
    0x8452, 0x8431, 0x8452, 0x8452, 0x8473, 0x8494, 0x8CB5, 0x8CD6,
    0x94F7, 0x94F7, 0x94F7, 0x94F7, 0x94F7, 0x8CD7, 0x8CD6, 0x8CB5,
    0x8C94, 0x8C94, 0x8C93, 0x8C93, 0x8C93, 0x8472, 0x8431, 0x7BEF,
    0x73CD, 0x738B, 0x7349, 0x6B06, 0x6B04, 0x6B05, 0x6B07, 0x6B29,
    0x6B4A, 0x632A, 0x6329, 0x6309, 0x5B09, 0x5AE9, 0x5AC7, 0x5AC7,
    0x62E9, 0x6B2C, 0x736F, 0x73B0, 0x73F1, 0x7412, 0x7C34, 0x7C34,
    0x7413, 0x73F2, 0x6BD2, 0x6BB1, 0x6BB1, 0x6BD2, 0x73F3, 0x7434,
    0xB44E, 0xBCAF, 0xCD31, 0xD572, 0xD5B4, 0xDDF5, 0xE636, 0xE657,
    0xE677, 0xEE98, 0xEE98, 0xEEB8, 0xEEB8, 0xEED9, 0xEED9, 0xEEB8,
    0xEE98, 0xE656, 0xDDF5, 0xD593, 0xC531, 0xBCAE, 0xB40B, 0xA368,
    0x9B06, 0x9B06, 0xA326, 0xA346, 0xAB67, 0xAB87, 0xB3A8, 0xB3C8,
    0xBC09, 0xC409, 0xC42A, 0xC44A, 0xC44A, 0xC46B, 0xC48B, 0xC48C,
    0xC4AC, 0xC4AD, 0xC4CD, 0xC4CD, 0xCCEE, 0xCCEE, 0xCD0E, 0xCD0E,
    0xCD0E, 0xCD0E, 0xCD2F, 0xD54F, 0xE54C, 0xD3E5, 0xB2A1, 0xAAC2,
    0xA281, 0x9A20, 0xA240, 0xA260, 0xAAA1, 0xCC47, 0xD4CA, 0xD4A9,
    0xD488, 0xD488, 0xCC47, 0xD488, 0xD4A9, 0xD468, 0xD488, 0xDCC9,
    0xD489, 0xDCA9, 0xDCEA, 0xDCC9, 0xDCA9, 0xDCC9, 0xDCC9, 0xDCA9,
    0xD489, 0xD468, 0xAAE3, 0x9200, 0x7980, 0x48C0, 0x6940, 0x9A20,
    0x9A20, 0x9A00, 0xBB65, 0xDCEB, 0xE56D, 0xE58D, 0xED8E, 0xDCC9,
    0xBAE1, 0xAA60, 0xAA40, 0xAA60, 0xB281, 0xBAC2, 0xBAA2, 0xBAC1,
    0xAA41, 0x9A01, 0xB281, 0xB281, 0xB281, 0xAA61, 0xB282, 0xC303,
    0xCB64, 0xCB23, 0xDB62, 0xDB83, 0xCB02, 0xA220, 0xAA81, 0xD384,
    0xC2E2, 0xD383, 0xDB83, 0xCB22, 0xCB63, 0xCB42, 0xED8D, 0xFEB4,
    0xFE93, 0xFEB3, 0xFEB4, 0xFEB4, 0xFE93, 0xFE93, 0xF631, 0xED6C,
    0xE4A9, 0xDC06, 0xE427, 0xE406, 0xDBC5, 0xCB64, 0xC344, 0xB281,
    0xBAC2, 0xBAC2, 0xBAA2, 0xBAC2, 0xDBA5, 0xDBA5, 0xDBC5, 0xE426,
    0xEC87, 0xFE30, 0xFED5, 0xE50C, 0xD3E5, 0xD468, 0xAAC2, 0xA220,
    0xC301, 0xD363, 0xD383, 0xD383, 0xCB42, 0xD362, 0xCB21, 0xCB21,
    0xDBC3, 0xF508, 0xFE0E, 0xFE71, 0xFED4, 0xFEF4, 0xFEF4, 0xFED3,
    0xDDF4, 0x9473, 0x8453, 0x8454, 0x8474, 0x8474, 0x8454, 0x8453,
    0x8453, 0x8452, 0x8473, 0x8473, 0x8494, 0x84B5, 0x8CD6, 0x94F7,
    0x94F7, 0x94F7, 0x94F7, 0x8CD7, 0x8CD6, 0x8CD6, 0x8CB5, 0x8495,
    0x8494, 0x8474, 0x8C93, 0x8C93, 0x8C73, 0x8452, 0x8431, 0x7BEF,
    0x73CD, 0x738B, 0x7369, 0x6B26, 0x6B04, 0x6B04, 0x6B06, 0x6B27,
    0x6B28, 0x6308, 0x5B08, 0x5B08, 0x5AE8, 0x5AE7, 0x5AC5, 0x5AC6,
    0x62E9, 0x6B2C, 0x736E, 0x73B0, 0x73D1, 0x73F2, 0x7413, 0x7413,
    0x73F2, 0x6BD1, 0x6BB1, 0x6BB0, 0x6BB1, 0x6BD2, 0x73F3, 0x7434,
    0xB44E, 0xBCAF, 0xCD31, 0xD573, 0xDDD4, 0xDDF5, 0xE636, 0xE657,
    0xE677, 0xEE98, 0xEEB8, 0xEEB8, 0xEED9, 0xEED9, 0xEED9, 0xEEB8,
    0xEE98, 0xE656, 0xDDF5, 0xD592, 0xC510, 0xBC8E, 0xABEB, 0xA368,
    0x9B06, 0x9B06, 0xA326, 0xA347, 0xAB87, 0xB3A8, 0xB3C8, 0xB3E8,
    0xBC09, 0xC409, 0xC42A, 0xC44A, 0xC44A, 0xC46B, 0xC48B, 0xC48C,
    0xC4AC, 0xC4AD, 0xC4CD, 0xC4CD, 0xCCEE, 0xCCEE, 0xCD0E, 0xCD0E,
    0xCD0E, 0xCD0E, 0xCD2F, 0xCD0F, 0xD54F, 0xED4B, 0xD3E5, 0xBB22,
    0xAAA1, 0xAA80, 0xA260, 0xB2A1, 0xC343, 0xD467, 0xD4C9, 0xD4A9,
    0xD489, 0xD488, 0xD488, 0xD489, 0xDCA9, 0xDCA9, 0xD4A9, 0xD4A9,
    0xD4A9, 0xDCC9, 0xDCEA, 0xDCEA, 0xDCC9, 0xD4A9, 0xD489, 0xD489,
    0xD468, 0xD468, 0xAB03, 0x89C0, 0x6940, 0x3880, 0x7980, 0x9A20,
    0x9A00, 0xA240, 0xD469, 0xE52C, 0xE54C, 0xEDAE, 0xE50B, 0xC322,
    0xAA60, 0xAA60, 0xAA20, 0xB261, 0xAA61, 0xAA82, 0xBAC2, 0xAA40,
    0xB281, 0xBAC2, 0xC2E2, 0xBAC2, 0xCB23, 0xD343, 0xC2E2, 0xBAC2,
    0xCB43, 0xC302, 0xC2E2, 0xCB43, 0xDBA3, 0xC2E1, 0xB2A1, 0xC302,
    0xCB23, 0xCB42, 0xCB22, 0xD342, 0xCB22, 0xDBC5, 0xF58D, 0xF652,
    0xFE93, 0xFEB4, 0xFEF6, 0xFEB4, 0xFEB4, 0xFE51, 0xEDAE, 0xE468,
    0xD384, 0xDBE5, 0xDBA4, 0xDBC5, 0xD3A4, 0xC323, 0xCB63, 0xB241,
    0xBAC2, 0xD364, 0xCB44, 0xC323, 0xD364, 0xDBE6, 0xDBC5, 0xE406,
    0xEC66, 0xF52A, 0xFEB4, 0xEDCF, 0xD3C5, 0xCC07, 0xB303, 0xA220,
    0xB2A0, 0xCB42, 0xC302, 0xC301, 0xC2E1, 0xC2E1, 0xD342, 0xD342,
    0xE404, 0xF56B, 0xFE0E, 0xFE0F, 0xFE92, 0xFE72, 0xF58C, 0xFD2A,
    0xFDCD, 0xD593, 0x8C53, 0x8454, 0x8474, 0x8474, 0x8474, 0x8474,
    0x8474, 0x8473, 0x8474, 0x8494, 0x8494, 0x8CB5, 0x8CD6, 0x94F7,
    0x94F7, 0x94F7, 0x8CD7, 0x8CD6, 0x8CB6, 0x8CB5, 0x84B5, 0x8494,
    0x8474, 0x8473, 0x8473, 0x8473, 0x8472, 0x8452, 0x7C10, 0x7BEF,
    0x73CD, 0x738B, 0x7369, 0x6B26, 0x6B24, 0x6B23, 0x6B25, 0x6B26,
    0x6B07, 0x6307, 0x5AE7, 0x5AE7, 0x5AE6, 0x5AC5, 0x5AC4, 0x5AC5,
    0x62E8, 0x6B2C, 0x6B6E, 0x6B8F, 0x6BB0, 0x6BD1, 0x73F2, 0x73F2,
    0x6BD1, 0x6BB0, 0x6B90, 0x6B90, 0x6BB1, 0x6BD2, 0x73F3, 0x7414,
    0xB44D, 0xBCAF, 0xCD11, 0xD572, 0xDDD4, 0xDE15, 0xE636, 0xE657,
    0xE677, 0xEE98, 0xEEB8, 0xEEB8, 0xEED9, 0xEED9, 0xEED9, 0xEED8,
    0xEE98, 0xE656, 0xDDF4, 0xD572, 0xC4F0, 0xBC6D, 0xABEA, 0xA347,
    0x9B05, 0x9B06, 0xA326, 0xA367, 0xAB87, 0xB3A8, 0xB3C8, 0xBBE8,
    0xBC09, 0xC429, 0xC429, 0xC44A, 0xC44A, 0xC46B, 0xC48B, 0xC48C,
    0xC4AC, 0xC4AD, 0xC4CD, 0xC4CD, 0xC4EE, 0xCCEE, 0xCD0E, 0xCD0E,
    0xCD0E, 0xCD0F, 0xCD2F, 0xCD2F, 0xCD2F, 0xDD6F, 0xEDAE, 0xE4C9,
    0xC3A4, 0xB2E1, 0xB2C0, 0xBB22, 0xD426, 0xDCA9, 0xD488, 0xDCCA,
    0xDCCA, 0xD468, 0xD468, 0xCC68, 0xCC68, 0xD489, 0xD468, 0xCC48,
    0xC3E7, 0xD468, 0xCC27, 0xCC48, 0xCC07, 0xD489, 0xD489, 0xD469,
    0xCC28, 0xCC07, 0xAAE3, 0x7980, 0x48C0, 0x50E0, 0x89E0, 0x9200,
    0x9A00, 0xBB24, 0xDD2C, 0xE52C, 0xE54D, 0xE56D, 0xCBC6, 0xA220,
    0xA220, 0xA200, 0x91C0, 0xAA40, 0xAA41, 0xAA61, 0xAA61, 0xB261,
    0xBAA1, 0xC2E2, 0xBAC1, 0xBAC2, 0xCB23, 0xDBA4, 0xD363, 0xC2E2,
    0xCB43, 0xCB63, 0xC2E2, 0xCB43, 0xDB83, 0xD342, 0xCB02, 0xCB43,
    0xD384, 0xC302, 0xD363, 0xCB42, 0xD342, 0xDBE4, 0xF5CF, 0xF672,
    0xF672, 0xFEB4, 0xFED5, 0xFEB4, 0xFE51, 0xF5CF, 0xE468, 0xDBA4,
    0xDBA4, 0xC302, 0xD363, 0xD3A4, 0xC303, 0xBAC2, 0xC2E2, 0xBA82,
    0xBAC2, 0xC303, 0xCB64, 0xDBE6, 0xD384, 0xD384, 0xDBC5, 0xDBE5,
    0xEC88, 0xECA7, 0xFE71, 0xFE72, 0xDC26, 0xD3E6, 0xB324, 0xA240,
    0xB280, 0xC2E1, 0xBAE1, 0xBAC0, 0xBAC0, 0xBAC0, 0xC2E0, 0xD361,
    0xECC7, 0xFDEE, 0xFE50, 0xFE50, 0xFE71, 0xFE71, 0xF56B, 0xEC66,
    0xF4E8, 0xFDEE, 0xDD72, 0x8C74, 0x8474, 0x8474, 0x8474, 0x8474,
    0x8474, 0x8474, 0x8474, 0x8495, 0x8495, 0x8CB6, 0x8CD6, 0x8CF7,
    0x8CD6, 0x8CD6, 0x8CB6, 0x84B5, 0x8495, 0x8494, 0x8494, 0x8474,
    0x8473, 0x8453, 0x8452, 0x8452, 0x8452, 0x7C11, 0x7BF0, 0x73CE,
    0x73AC, 0x738B, 0x7369, 0x6B46, 0x6B23, 0x6B22, 0x6B23, 0x6B25,
    0x6305, 0x62E5, 0x5AE5, 0x5AE5, 0x5AC5, 0x5AC4, 0x5AA2, 0x62C4,
    0x62E8, 0x6B2B, 0x6B4D, 0x6B6E, 0x6B8F, 0x6B90, 0x6BD1, 0x6BD1,
    0x6BB0, 0x6390, 0x636F, 0x638F, 0x6BB1, 0x6BD2, 0x73F3, 0x7413,
    0xB44D, 0xBCAF, 0xC511, 0xD572, 0xDDD4, 0xDDF5, 0xE636, 0xE657,
    0xEE97, 0xEE98, 0xEEB8, 0xEED9, 0xEED9, 0xF6D9, 0xEED9, 0xEED8,
    0xEE98, 0xE656, 0xDDD4, 0xD572, 0xC4EF, 0xB44D, 0xABCA, 0x9B27,
    0x9AE5, 0x9B06, 0xA326, 0xAB67, 0xAB87, 0xB3A8, 0xB3C8, 0xBBE8,
    0xBC09, 0xC429, 0xC42A, 0xC44A, 0xC44A, 0xC46B, 0xC48B, 0xC48C,
    0xC4AC, 0xC4AD, 0xC4CD, 0xC4CD, 0xC4EE, 0xCCEE, 0xCCEE, 0xCD0E,
    0xCD0E, 0xCD0E, 0xCD2F, 0xCD2F, 0xCD2F, 0xCD2F, 0xD54F, 0xEDD0,
    0xED8D, 0xD446, 0xCC05, 0xD447, 0xDCC9, 0xDCC9, 0xD4A9, 0xD488,
    0xD4A9, 0xD4A9, 0xD488, 0xD488, 0xAAE3, 0xAAE3, 0xC3C6, 0xC3C6,
    0xA2A2, 0xAAE3, 0xBB44, 0xB2E2, 0xAAC2, 0xC3C6, 0xCC48, 0xCC48,
    0xC407, 0xC3E7, 0xAAE3, 0x7160, 0x3880, 0x6940, 0x91E0, 0x9A00,
    0xA261, 0xCC49, 0xE54D, 0xE54C, 0xE56D, 0xDCCA, 0xB2A1, 0x9A00,
    0xA200, 0xA220, 0xA220, 0xB2A1, 0xB281, 0xB2A2, 0xBAA1, 0xBAA1,
    0xBAC2, 0xC2E2, 0xC2E2, 0xBAE2, 0xC303, 0xCB23, 0xC2E2, 0xCB22,
    0xD384, 0xCB23, 0xBAE2, 0xCB23, 0xDBA4, 0xD363, 0xD342, 0xDBC4,
    0xCB43, 0xBAC1, 0xCB42, 0xCB63, 0xD342, 0xE467, 0xF630, 0xFEB4,
    0xFE92, 0xFE93, 0xFE93, 0xFEB3, 0xF631, 0xDC68, 0xCB64, 0xD3A4,
    0xDBA4, 0xCB23, 0xCB22, 0xCB23, 0xC323, 0xBAC2, 0xBAC2, 0xC2E2,
    0xCB23, 0xCB23, 0xCB43, 0xD384, 0xE406, 0xD3A4, 0xDBA4, 0xE427,
    0xDC06, 0xE426, 0xF52A, 0xFE92, 0xE4CA, 0xCBA5, 0xCC07, 0xB302,
    0xAA60, 0xB280, 0xBAC1, 0xC2E1, 0xC2C0, 0xC2E1, 0xCB00, 0xDC24,
    0xF5AC, 0xFE0F, 0xFE50, 0xFE71, 0xFE51, 0xFE10, 0xF56B, 0xEC66,
    0xEC66, 0xF509, 0xFDED, 0xCD52, 0x8C74, 0x8474, 0x8474, 0x8474,
    0x8474, 0x8474, 0x8475, 0x8495, 0x84B5, 0x8CB6, 0x8CD6, 0x8CD6,
    0x8CB6, 0x84B5, 0x8494, 0x8474, 0x8473, 0x8473, 0x8473, 0x8473,
    0x8473, 0x8452, 0x8452, 0x8452, 0x7C52, 0x7C10, 0x7BEF, 0x73CD,
    0x6BAC, 0x6B6A, 0x6B48, 0x6B46, 0x6B23, 0x6B22, 0x6B22, 0x6B23,
    0x6303, 0x5AE4, 0x5AC4, 0x5AC4, 0x5AC3, 0x5AC2, 0x5AC1, 0x62C5,
    0x6308, 0x632A, 0x6B4C, 0x634C, 0x636E, 0x6B6F, 0x6B90, 0x6B90,
    0x638F, 0x636F, 0x636E, 0x6B8F, 0x6BB1, 0x73F3, 0x73F3, 0x73F3,
    0xB42D, 0xBC8F, 0xC511, 0xD572, 0xDDD4, 0xDDF5, 0xE636, 0xE657,
    0xEE97, 0xEE98, 0xEEB8, 0xEED9, 0xF6D9, 0xF6F9, 0xF6F9, 0xEED9,
    0xEE98, 0xE656, 0xDDD4, 0xCD72, 0xC4CF, 0xB42C, 0xABA9, 0x9B06,
    0x9AE5, 0x9B06, 0xA326, 0xAB67, 0xAB87, 0xB3A8, 0xB3C8, 0xBBE9,
    0xBC09, 0xC429, 0xC42A, 0xC44A, 0xC46A, 0xC46B, 0xC48B, 0xC48C,
    0xC4AC, 0xC4AD, 0xC4CD, 0xC4CD, 0xC4CE, 0xCCEE, 0xCCEE, 0xCD0E,
    0xCD0E, 0xCD0E, 0xCD0E, 0xCD2E, 0xCD2F, 0xCD2F, 0xCD2F, 0xD52F,
    0xEDD1, 0xEDAE, 0xE54C, 0xDD0B, 0xDD0B, 0xDCC9, 0xD4A9, 0xD4A9,
    0xD488, 0xD488, 0xD468, 0xC3E6, 0xA2C3, 0x89A0, 0x9A61, 0x9A61,
    0xA281, 0xA260, 0xAA81, 0xA261, 0xAAA2, 0xAAC2, 0xB344, 0xC407,
    0xC3E7, 0xBBC7, 0xB345, 0x79A0, 0x58E0, 0x8180, 0x91E0, 0xAA81,
    0xC3C6, 0xDD0C, 0xE52C, 0xE56D, 0xE56D, 0xD427, 0xB280, 0xAA40,
    0x99E0, 0xA241, 0xA220, 0xB281, 0xB281, 0xAA61, 0xC2E2, 0xC302,
    0xCB23, 0xCB22, 0xC2C1, 0xCB64, 0xCB23, 0xBAC2, 0xBAE2, 0xB2A2,
    0xD322, 0xCB02, 0xC303, 0xC302, 0xD363, 0xC302, 0xC302, 0xD343,
    0xCB02, 0xD363, 0xD362, 0xD342, 0xD382, 0xF52A, 0xFE93, 0xFE93,
    0xFEF5, 0xFED4, 0xFEB4, 0xFEB4, 0xF5CF, 0xCBA4, 0xC323, 0xCB03,
    0xD3A4, 0xD384, 0xD343, 0xCB02, 0xBAC2, 0xCB64, 0xD384, 0xC2E3,
    0xC303, 0xD384, 0xD384, 0xCB43, 0xD384, 0xE3E6, 0xDBE5, 0xEC68,
    0xD3A5, 0xD384, 0xDBE5, 0xF5AD, 0xF5AF, 0xD3C5, 0xD469, 0xD489,
    0xB2E1, 0xA220, 0xB280, 0xBAC0, 0xC301, 0xC301, 0xE446, 0xF58C,
    0xF5EE, 0xFE30, 0xFE50, 0xFE71, 0xF60F, 0xED2B, 0xDBE4, 0xE446,
    0xEC87, 0xF4C8, 0xF509, 0xFDED, 0xD572, 0x8454, 0x8474, 0x8474,
    0x8474, 0x8475, 0x8475, 0x8495, 0x8CB5, 0x8CB6, 0x8CB6, 0x84B5,
    0x8495, 0x8474, 0x8473, 0x7C53, 0x7C52, 0x7C52, 0x7C52, 0x8453,
    0x8453, 0x8452, 0x8452, 0x8452, 0x8432, 0x7C10, 0x73CE, 0x73AD,
    0x6B8B, 0x6B69, 0x6B48, 0x6B26, 0x6B23, 0x6B22, 0x6B21, 0x6B01,
    0x6301, 0x5AE2, 0x5AC2, 0x5AC2, 0x5AC1, 0x5AC0, 0x5AC1, 0x62E5,
    0x6308, 0x632A, 0x632A, 0x634B, 0x634D, 0x636E, 0x636F, 0x638F,
    0x636F, 0x636E, 0x636E, 0x6B90, 0x6BD2, 0x73F3, 0x73F3, 0x73F3,
    0xAC2D, 0xBC8F, 0xC511, 0xCD72, 0xD5B4, 0xDDF5, 0xE636, 0xE677,
    0xEE97, 0xEE98, 0xEEB8, 0xEED9, 0xF6D9, 0xF6F9, 0xF6F9, 0xEED9,
    0xEE98, 0xE636, 0xDDD4, 0xCD51, 0xBCCF, 0xB42C, 0xA389, 0x9B06,
    0x9AE5, 0x9B06, 0xA326, 0xAB67, 0xAB87, 0xB3A8, 0xB3C8, 0xBBE9,
    0xBC09, 0xC429, 0xC42A, 0xC44A, 0xC46A, 0xC46B, 0xC48B, 0xC48C,
    0xC4AC, 0xC4AC, 0xC4CD, 0xC4CD, 0xC4CD, 0xC4EE, 0xCCEE, 0xCCEE,
    0xCD0E, 0xCD0E, 0xCD0E, 0xCD0E, 0xCD2E, 0xCD2F, 0xCD2F, 0xCD2F,
    0xCD2F, 0xDD6F, 0xE54C, 0xE4EA, 0xDCEA, 0xDD0B, 0xDCCA, 0xD4A9,
    0xD4A9, 0xCC27, 0xBB44, 0xA2A2, 0x9A61, 0x91E0, 0xA260, 0x9A60,
    0x9200, 0x9A40, 0xA240, 0x9A40, 0xA281, 0xAAA1, 0xB344, 0xC3E7,
    0xB386, 0xAB86, 0xA304, 0x6980, 0x7980, 0x91E0, 0xA2A2, 0xC3A5,
    0xDCCB, 0xDD0C, 0xE52C, 0xE54C, 0xE56C, 0xCBC6, 0xA200, 0xA200,
    0xA200, 0xA240, 0xAA40, 0xB281, 0xAA41, 0xAA82, 0xB2A1, 0xB281,
    0xC302, 0xB2A1, 0xBAE2, 0xCB03, 0xC2E2, 0xB281, 0xB2A2, 0xAA41,
    0xBAA1, 0xAA61, 0xBAA1, 0xC2E2, 0xC2E2, 0xC322, 0xC302, 0xD342,
    0xDB83, 0xDB83, 0xDBA3, 0xE425, 0xEC86, 0xF5CE, 0xFE93, 0xF672,
    0xFEB4, 0xFE93, 0xFE93, 0xF673, 0xF5CE, 0xD3A5, 0xC302, 0xCB23,
    0xDBA4, 0xD384, 0xDB84, 0xDBA4, 0xCB02, 0xCB43, 0xDBC5, 0xE3E5,
    0xD384, 0xD363, 0xDBC4, 0xDC06, 0xDBC5, 0xE447, 0xE427, 0xE406,
    0xEC68, 0xDBE5, 0xD384, 0xED0A, 0xFE72, 0xDC68, 0xD407, 0xDCCB,
    0xD448, 0xBB02, 0xBAC0, 0xCB63, 0xD3E4, 0xE4A8, 0xF58C, 0xF60F,
    0xF5EE, 0xF5EE, 0xF5EE, 0xF62F, 0xF5CE, 0xE487, 0xDBA3, 0xD383,
    0xD3C4, 0xE445, 0xF508, 0xFDAB, 0xFE2F, 0xD572, 0x8C74, 0x8474,
    0x8475, 0x8475, 0x8495, 0x8CB5, 0x8CB5, 0x8CB5, 0x8495, 0x8494,
    0x8474, 0x8453, 0x7C52, 0x7C31, 0x7C31, 0x7C32, 0x7C52, 0x8452,
    0x8473, 0x8473, 0x8473, 0x8452, 0x8452, 0x7C10, 0x73CE, 0x73AC,
    0x6B8A, 0x6B48, 0x6B27, 0x6B25, 0x6B23, 0x6B22, 0x6B21, 0x6B01,
    0x6300, 0x5AE0, 0x5AC0, 0x5AC0, 0x5AC0, 0x5AC0, 0x62E2, 0x62E5,
    0x6308, 0x6329, 0x632A, 0x634B, 0x634C, 0x636D, 0x636E, 0x636F,
    0x636F, 0x636F, 0x6B8F, 0x6BB0, 0x73F2, 0x7413, 0x7413, 0x7413,
    0xAC0D, 0xBC8E, 0xC511, 0xCD72, 0xD5B4, 0xDDF5, 0xE636, 0xE677,
    0xEE97, 0xEEB8, 0xEEB8, 0xEED9, 0xF6D9, 0xF6F9, 0xF6F9, 0xEED9,
    0xEE97, 0xE636, 0xD5B3, 0xCD31, 0xBCAE, 0xAC0B, 0xA368, 0x9AE5,
    0x9AE5, 0x9B06, 0xA326, 0xAB67, 0xAB87, 0xB3A8, 0xBBC8, 0xBBE8,
    0xBC09, 0xBC09, 0xC42A, 0xC44A, 0xC46A, 0xC46B, 0xC48B, 0xC48C,
    0xC4AC, 0xC4AD, 0xC4CD, 0xC4CD, 0xC4CD, 0xC4EE, 0xCCEE, 0xCCEE,
    0xCD0E, 0xCD0E, 0xCD0E, 0xCD0E, 0xCD0E, 0xCD2F, 0xCD2F, 0xCD2F,
    0xCD2F, 0xCD0E, 0xCD0E, 0xDCEB, 0xD426, 0xDCA9, 0xDCEA, 0xD4A9,
    0xD4A9, 0xCC06, 0xAA80, 0x9A40, 0x9A40, 0x9A20, 0xA240, 0xA240,
    0x9A40, 0x9A00, 0x9200, 0x91E0, 0x9A20, 0xA261, 0xBB85, 0xBBC7,
    0xAB86, 0x9AC4, 0x8A83, 0x8201, 0xA281, 0xBB02, 0xC3C6, 0xD469,
    0xDCEB, 0xDD2C, 0xE54C, 0xE54C, 0xE56C, 0xC384, 0xAA40, 0xB280,
    0xAA61, 0xA241, 0xB2A1, 0xAA61, 0xB2A2, 0xAA82, 0xAA81, 0xC2E2,
    0xB281, 0xA221, 0xAA61, 0xBAA1, 0xD322, 0xCB23, 0xC2E2, 0xC302,
    0xB2A2, 0xAA61, 0xB281, 0xB281, 0xBAC2, 0xCB43, 0xCB63, 0xD383,
    0xDBA3, 0xDBA4, 0xDB83, 0xECA7, 0xF5AC, 0xF630, 0xFEB3, 0xFEB3,
    0xFE93, 0xFEB4, 0xFEB3, 0xFE93, 0xE52C, 0xD3C5, 0xCB43, 0xD363,
    0xD384, 0xCB43, 0xD384, 0xDBC5, 0xD364, 0xD384, 0xD364, 0xDBA5,
    0xDBC5, 0xDBC5, 0xDBC5, 0xD384, 0xD3A5, 0xDBE5, 0xDBA5, 0xDBE5,
    0xE426, 0xE426, 0xD384, 0xE426, 0xFE30, 0xF5CF, 0xDC89, 0xD4AA,
    0xDCEB, 0xDCA9, 0xDCC8, 0xE50A, 0xED6B, 0xF5AD, 0xF5EE, 0xF5CE,
    0xF5EE, 0xF5EE, 0xF5EE, 0xFE30, 0xF58C, 0xDBC4, 0xD363, 0xD383,
    0xDBA4, 0xD3A3, 0xE445, 0xFD29, 0xFE2D, 0xFE70, 0xCD52, 0x8454,
    0x8475, 0x8475, 0x8495, 0x8CB5, 0x8CB5, 0x8C95, 0x8494, 0x8473,
    0x8453, 0x8452, 0x7C31, 0x7C31, 0x7C31, 0x7C31, 0x7C52, 0x8452,
    0x8473, 0x8C93, 0x8473, 0x8473, 0x8452, 0x8410, 0x73EE, 0x73AC,
    0x6B69, 0x6B48, 0x6B26, 0x6B24, 0x6B23, 0x6B22, 0x6B21, 0x6B20,
    0x6300, 0x5AE0, 0x5AE0, 0x5AE0, 0x5AE0, 0x5AE0, 0x62E3, 0x6B06,
    0x6B27, 0x6328, 0x632A, 0x6B4B, 0x634C, 0x6B6C, 0x6B6E, 0x6B8F,
    0x6B8F, 0x6BB0, 0x73D1, 0x73F2, 0x7413, 0x7433, 0x7413, 0x7413,
    0xAC0D, 0xBC8E, 0xC4F0, 0xCD52, 0xD5B4, 0xDDF5, 0xE636, 0xE677,
    0xEE98, 0xEEB8, 0xEEB8, 0xEED9, 0xF6D9, 0xF6F9, 0xF6D9, 0xEEB8,
    0xEE77, 0xDE15, 0xD5B3, 0xCD10, 0xBC8E, 0xABEB, 0x9B48, 0x92E5,
    0x9AE5, 0x9B06, 0xA326, 0xAB67, 0xAB87, 0xB3C8, 0xBBC8, 0xBBE9,
    0xBC09, 0xBC09, 0xC429, 0xC44A, 0xC46A, 0xC46B, 0xC48B, 0xC48C,
    0xC4AC, 0xC4AD, 0xC4CD, 0xC4CD, 0xC4CD, 0xC4EE, 0xCCEE, 0xCCEE,
    0xCCEE, 0xCD0E, 0xCD0E, 0xCD0E, 0xCD0E, 0xCD2E, 0xCD2F, 0xCD2F,
    0xCD0E, 0xCD0E, 0xCCEE, 0xC4EE, 0xCCCC, 0xDCA9, 0xE50A, 0xDCCA,
    0xD4A9, 0xCC26, 0xB2E1, 0xA260, 0xA260, 0xA240, 0xA240, 0x9A20,
    0x91E0, 0x9A00, 0x9200, 0x91E0, 0x9A20, 0xAAC2, 0xB386, 0xAB66,
    0xAB45, 0x8242, 0x71E2, 0xA305, 0xB365, 0xC3E7, 0xCC49, 0xD4AA,
    0xDD0C, 0xE54C, 0xE56D, 0xE58D, 0xE52B, 0xCBC4, 0xBAE1, 0xBAC1,
    0xAA61, 0xA241, 0xB2C2, 0xBAE2, 0xAA61, 0xAA61, 0xBAC2, 0xBAC2,
    0xBAE2, 0xAA81, 0xB281, 0xB261, 0xBA81, 0xBAC2, 0xBAA2, 0xE3E5,
    0xBAC2, 0xB281, 0xB261, 0xB2A1, 0xC2C2, 0xC302, 0xCB42, 0xCB22,
    0xCB22, 0xDBC4, 0xE3E4, 0xF54A, 0xFE92, 0xFE92, 0xFEF5, 0xFEB4,
    0xFEB4, 0xFE93, 0xFE94, 0xFE93, 0xE50B, 0xD3A4, 0xDB84, 0xD384,
    0xD384, 0xCB64, 0xCB43, 0xD384, 0xCB43, 0xDBC5, 0xDBA5, 0xE3E5,
    0xDBA5, 0xD3A4, 0xDBA5, 0xDBA5, 0xD384, 0xDBA5, 0xDBA5, 0xDBA5,
    0xD384, 0xDBE5, 0xE406, 0xDC05, 0xF58D, 0xFE51, 0xDC88, 0xD489,
    0xDD0B, 0xDCEA, 0xE50A, 0xED4B, 0xED8C, 0xED8D, 0xF5CD, 0xF5CE,
    0xF5CE, 0xF60F, 0xFE2F, 0xFE50, 0xED6B, 0xD383, 0xCB01, 0xCB22,
    0xDBC4, 0xDBC4, 0xD383, 0xEC46, 0xFD8A, 0xFDEC, 0xFE50, 0xC574,
    0x8454, 0x8475, 0x8C95, 0x8CB5, 0x8CB5, 0x8C94, 0x8474, 0x8473,
    0x8452, 0x8452, 0x7C51, 0x7C31, 0x7C30, 0x7C51, 0x8452, 0x8473,
    0x8C93, 0x8C94, 0x8C93, 0x8C73, 0x8452, 0x8430, 0x7BEE, 0x73AC,
    0x6B6A, 0x6B47, 0x6B25, 0x6B24, 0x6B22, 0x6B21, 0x6B21, 0x6B20,
    0x6300, 0x5AE0, 0x5AE0, 0x5AE0, 0x5AE0, 0x6300, 0x6304, 0x6B26,
    0x6B27, 0x6B28, 0x6B4A, 0x6B4B, 0x6B4B, 0x6B6C, 0x6B8E, 0x73B0,
    0x73D0, 0x73F1, 0x7C12, 0x7C33, 0x7C54, 0x7C54, 0x7C33, 0x7C13,
    0xABEC, 0xB46E, 0xC4F0, 0xCD52, 0xD5B3, 0xDDF5, 0xE636, 0xE677,
    0xEE98, 0xEEB8, 0xEEB8, 0xEED9, 0xF6D9, 0xF6D9, 0xF6D9, 0xEEB8,
    0xE677, 0xDE15, 0xD593, 0xCD10, 0xBC6D, 0xABCA, 0x9B27, 0x92E5,
    0x9AE5, 0x9B06, 0xA326, 0xAB67, 0xAB87, 0xB3C8, 0xB3C8, 0xBBE9,
    0xBC09, 0xBC09, 0xBC29, 0xC44A, 0xC44A, 0xC46B, 0xC46B, 0xC48C,
    0xC4AC, 0xC4AD, 0xC4CD, 0xC4CD, 0xC4CD, 0xC4EE, 0xCCEE, 0xCCEE,
    0xCCEE, 0xCCEE, 0xCD0E, 0xCD0E, 0xCD0E, 0xCD0F, 0xCD0F, 0xCD0E,
    0xCD0E, 0xCD0E, 0xCD0E, 0xC4EE, 0xBCAD, 0xD50D, 0xE56D, 0xED8D,
    0xE52B, 0xD4A9, 0xCC06, 0xBB01, 0xAA80, 0xAA80, 0xA240, 0x9A20,
    0x9A00, 0x9200, 0x91E0, 0x91E0, 0xA281, 0xB364, 0xB366, 0xB386,
    0x9AC3, 0x71C1, 0x8A83, 0xB386, 0xBBC7, 0xCC49, 0xD489, 0xDCEC,
    0xDD0C, 0xDCEB, 0xE56D, 0xE56C, 0xE54B, 0xDCA8, 0xD383, 0xCB21,
    0xBAC1, 0xBAE2, 0xCB63, 0xBAC2, 0xBAE2, 0xC302, 0xB281, 0xC303,
    0xC343, 0xBAC2, 0xB281, 0xB261, 0xAA41, 0xA221, 0xB261, 0xD343,
    0xC302, 0xCB02, 0xC2E2, 0xBAA1, 0xC302, 0xDBC4, 0xCB42, 0xDB83,
    0xD362, 0xDBA3, 0xEC65, 0xFE50, 0xF692, 0xFEB3, 0xFEF6, 0xFEB4,
    0xFEB3, 0xFE93, 0xFE72, 0xFE93, 0xF5CF, 0xD384, 0xDB63, 0xDB83,
    0xDBA4, 0xD364, 0xC303, 0xCB43, 0xCB43, 0xCB23, 0xE446, 0xD343,
    0xDB84, 0xDBC5, 0xCB44, 0xD344, 0xDBC5, 0xD3A5, 0xDBE6, 0xE406,
    0xDBE6, 0xDBC5, 0xE406, 0xDBC5, 0xED0A, 0xFE51, 0xE4A9, 0xCC27,
    0xD4AA, 0xDCEB, 0xE50A, 0xED6C, 0xED8C, 0xEDAD, 0xED8C, 0xF5AD,
    0xED8C, 0xF5CE, 0xF5EE, 0xFE0F, 0xF56C, 0xD3C4, 0xCB22, 0xD363,
    0xD383, 0xDBE4, 0xDBA3, 0xE3E4, 0xF487, 0xFD08, 0xFD8A, 0xFE71,
    0xC573, 0x8C95, 0x94B5, 0x94D5, 0x8CB5, 0x8C94, 0x8C93, 0x8472,
    0x8471, 0x8451, 0x8451, 0x8450, 0x8451, 0x8471, 0x8C72, 0x8C93,
    0x94B3, 0x8C93, 0x8C93, 0x8C72, 0x8C51, 0x8430, 0x7BEE, 0x73CC,
    0x738A, 0x6B48, 0x6B25, 0x6B22, 0x6B21, 0x6B21, 0x6B21, 0x6B20,
    0x6300, 0x5AE0, 0x5AE0, 0x5AE0, 0x62E0, 0x6301, 0x6B04, 0x6B26,
    0x6B27, 0x6B48, 0x6B6A, 0x6B4A, 0x6B6B, 0x738D, 0x73AE, 0x7BD0,
    0x7BF1, 0x8412, 0x8453, 0x8C74, 0x8495, 0x8474, 0x7C54, 0x7C33,
    0xA3EC, 0xB46E, 0xC4F0, 0xCD52, 0xD5B3, 0xDDF5, 0xE636, 0xE677,
    0xEE98, 0xEEB8, 0xEEB8, 0xEED9, 0xF6D9, 0xF6D9, 0xF6D9, 0xEEB8,
    0xE677, 0xDE15, 0xD593, 0xC510, 0xB46D, 0xA3AA, 0x9B07, 0x92C5,
    0x9AE5, 0x9B06, 0xA326, 0xAB67, 0xAB87, 0xB3A8, 0xB3C8, 0xBBE9,
    0xBBE9, 0xBC09, 0xBC29, 0xC42A, 0xC44A, 0xC46B, 0xC46B, 0xC48C,
    0xC4AC, 0xC4AD, 0xC4AD, 0xC4CD, 0xC4CD, 0xC4EE, 0xCCEE, 0xCCEE,
    0xCD0E, 0xCCEE, 0xCD0E, 0xCD0E, 0xCD0E, 0xCD0F, 0xCD0E, 0xCD0E,
    0xCD0E, 0xCD0E, 0xC4EE, 0xC4EE, 0xBCAD, 0xBC8D, 0xBC8C, 0xC4CD,
    0xDD2D, 0xE52B, 0xDCA8, 0xCC06, 0xC363, 0xB2A0, 0xA260, 0x9A20,
    0x9A20, 0x9A20, 0x9200, 0x9A40, 0xB344, 0xB386, 0xA325, 0xAB66,
    0x8A63, 0x9283, 0xAB66, 0xBBE8, 0xC429, 0xC3E7, 0xC385, 0xD489,
    0xD4AA, 0xE52C, 0xE54C, 0xE54C, 0xE54C, 0xE52B, 0xE4A8, 0xD3A3,
    0xCB22, 0xCB02, 0xC302, 0xC302, 0xC323, 0xC302, 0xC2E2, 0xC323,
    0xB2A2, 0xBAE2, 0xC2E2, 0xBAA1, 0xA241, 0xAA61, 0xB281, 0xC2E2,
    0xC2E2, 0xD363, 0xCB22, 0xBAC2, 0xCB43, 0xD3A4, 0xD363, 0xE3E5,
    0xDBC4, 0xDBA3, 0xF54A, 0xFEB3, 0xFEB3, 0xFEB3, 0xFED5, 0xFED5,
    0xFED5, 0xFED4, 0xFED5, 0xFED5, 0xF651, 0xE447, 0xD363, 0xD383,
    0xE3E5, 0xD343, 0xCB43, 0xD384, 0xDBC5, 0xCB23, 0xDBC4, 0xCB23,
    0xCB03, 0xD363, 0xD384, 0xCB44, 0xC2E3, 0xD385, 0xDBC5, 0xDBC5,
    0xE426, 0xEC47, 0xE406, 0xDBC5, 0xEC88, 0xFE51, 0xED4C, 0xD407,
    0xCC69, 0xDD0B, 0xE54C, 0xE54C, 0xED6C, 0xEDAD, 0xEDAD, 0xED8D,
    0xED6C, 0xEDAD, 0xF5CE, 0xF5EE, 0xFE0F, 0xED2B, 0xDBE5, 0xD383,
    0xD383, 0xDBE4, 0xDBA3, 0xDB83, 0xE3E4, 0xF4A7, 0xFD08, 0xFDAB,
    0xFE92, 0xCDB4, 0x94B5, 0x94D5, 0x94B4, 0x9493, 0x9492, 0x8C71,
    0x8C71, 0x8C70, 0x8C50, 0x8450, 0x8C71, 0x9492, 0x94B3, 0x94B4,
    0x9CD4, 0x94B3, 0x9493, 0x8C72, 0x8C51, 0x8430, 0x7C0E, 0x73CC,
    0x738A, 0x7368, 0x6B45, 0x6B21, 0x6B40, 0x6B41, 0x6B20, 0x6B20,
    0x6300, 0x5AE0, 0x5AE0, 0x5AE0, 0x6300, 0x6301, 0x6B24, 0x6B26,
    0x6B47, 0x6B48, 0x6B69, 0x6B4A, 0x736B, 0x73AD, 0x7BCF, 0x83F0,
    0x8431, 0x8C53, 0x9494, 0x94B5, 0x8CB5, 0x8C95, 0x8474, 0x8454,
    0xA3CC, 0xB44E, 0xC4D0, 0xCD52, 0xD593, 0xDDF5, 0xE636, 0xE677,
    0xEE98, 0xEEB8, 0xEEB8, 0xEED9, 0xF6D9, 0xF6D9, 0xEED9, 0xEE98,
    0xE657, 0xDDF5, 0xD592, 0xC4F0, 0xB44D, 0xA389, 0x92E6, 0x92C5,
    0x9AE5, 0x9B06, 0xA347, 0xAB67, 0xAB87, 0xB3A8, 0xB3C8, 0xBBE8,
    0xBBE9, 0xBC09, 0xBC09, 0xC42A, 0xC44A, 0xC44B, 0xC46B, 0xC48C,
    0xC48C, 0xC4AD, 0xC4AD, 0xC4CD, 0xC4CD, 0xC4EE, 0xC4EE, 0xCCEE,
    0xCCEE, 0xCCEE, 0xCD0E, 0xCD0E, 0xCD0E, 0xCD0E, 0xCD0E, 0xCD0E,
    0xC50E, 0xC4EE, 0xC4EE, 0xC4CE, 0xBCAD, 0xBC8D, 0xB46C, 0xAC2B,
    0xAC0B, 0xC4AC, 0xDCEB, 0xDCA9, 0xD446, 0xC341, 0xB2E1, 0xAAA0,
    0xAAA0, 0xAA80, 0xAAC1, 0xB344, 0xBB85, 0xAB25, 0x9AC3, 0x8242,
    0x8A83, 0xAB66, 0xBBE8, 0xCC29, 0xBB85, 0xA261, 0xAA61, 0xBB03,
    0xCC48, 0xE52C, 0xE54C, 0xE56D, 0xE56C, 0xED8D, 0xED4B, 0xDC05,
    0xC322, 0xC2E2, 0xC302, 0xC323, 0xBAE2, 0xBAC1, 0xCB23, 0xD363,
    0xC2E2, 0xCB43, 0xCB22, 0xBAC1, 0xB282, 0xBAC1, 0xB281, 0xBAA2,
    0xBAC2, 0xD383, 0xD363, 0xCB63, 0xC323, 0xD384, 0xDBA3, 0xD383,
    0xDBE5, 0xE3E4, 0xF56B, 0xFED4, 0xFED4, 0xFEB3, 0xFE93, 0xFE93,
    0xFED4, 0xFE93, 0xFED4, 0xFEF5, 0xFEB4, 0xF5CF, 0xDBC5, 0xD363,
    0xDBA4, 0xCB02, 0xC302, 0xC303, 0xDBC5, 0xDBA4, 0xDB83, 0xDBA4,
    0xDBE6, 0xD384, 0xD3A4, 0xDC06, 0xD344, 0xCB43, 0xD364, 0xDBA4,
    0xDBE5, 0xE426, 0xE447, 0xDBE5, 0xE446, 0xFE10, 0xF5CF, 0xD406,
    0xCC28, 0xD4AA, 0xDD0B, 0xE56D, 0xE54C, 0xE54C, 0xED8C, 0xEDAD,
    0xF5EE, 0xF5CE, 0xF5EE, 0xF5CE, 0xF5CD, 0xF5CD, 0xF54B, 0xE446,
    0xD383, 0xD383, 0xDBC4, 0xDBC4, 0xDBC4, 0xE404, 0xF4A6, 0xFD28,
    0xFE2E, 0xFED5, 0xB554, 0x9CB4, 0x94B3, 0x9492, 0x9491, 0x9490,
    0x8C70, 0x8C70, 0x8C70, 0x8C70, 0x9491, 0x9CB2, 0x9CD3, 0x9CD4,
    0x9CD4, 0x9CD3, 0x94B3, 0x9492, 0x8C71, 0x842F, 0x840E, 0x7BCC,
    0x73AA, 0x7389, 0x7366, 0x7342, 0x6B40, 0x6B40, 0x6B40, 0x6B20,
    0x6300, 0x5AE0, 0x5AC0, 0x5AE0, 0x6300, 0x6321, 0x6B23, 0x6B25,
    0x6B26, 0x6B48, 0x6B49, 0x736A, 0x738C, 0x7BCD, 0x840F, 0x8C31,
    0x8C52, 0x9493, 0x9CB4, 0x9CD5, 0x94B5, 0x94B5, 0x8C94, 0x8C74,
    0xA3CC, 0xB44D, 0xC4D0, 0xCD52, 0xD593, 0xDDF5, 0xE636, 0xE677,
    0xEE97, 0xEEB8, 0xEEB8, 0xF6D9, 0xF6D9, 0xF6D9, 0xEEB9, 0xEE98,
    0xE656, 0xDDF4, 0xD572, 0xC4CF, 0xB42C, 0xA369, 0x92E5, 0x92C5,
    0x92E5, 0x9B06, 0xA346, 0xAB67, 0xAB87, 0xB3A8, 0xB3C8, 0xBBE8,
    0xBBE9, 0xBBE9, 0xBC09, 0xC42A, 0xC44A, 0xC44A, 0xC46B, 0xC48B,
    0xC48C, 0xC4AD, 0xC4AD, 0xC4CD, 0xC4CD, 0xC4CD, 0xC4EE, 0xC4EE,
    0xC4EE, 0xC4EE, 0xC4EE, 0xC50E, 0xC50E, 0xC50E, 0xC50E, 0xC50E,
    0xC50E, 0xC4EE, 0xC4EE, 0xC4CE, 0xBCAD, 0xBC8D, 0xB46C, 0xAC2B,
    0xAC0B, 0xABEB, 0xBC6C, 0xCCED, 0xDD2C, 0xE4EA, 0xD447, 0xCBE5,
    0xCBE5, 0xCBE5, 0xBBA5, 0xB344, 0xB344, 0xA304, 0x8221, 0x8222,
    0xAB46, 0xBBE8, 0xBBC7, 0xAAC2, 0xA240, 0x9A00, 0xAA61, 0xB2E2,
    0xCC28, 0xDD0C, 0xE54D, 0xED8D, 0xEDAD, 0xEDAE, 0xED8D, 0xE4A7,
    0xDBE4, 0xCB43, 0xC2E2, 0xC2E2, 0xC302, 0xB281, 0xC2C2, 0xC2C1,
    0xCB22, 0xB2A1, 0xAA61, 0xBAC1, 0xC2E2, 0xBAA1, 0xBAC2, 0xBAA1,
    0xC302, 0xCB22, 0xC2E2, 0xC2E2, 0xD363, 0xD383, 0xD384, 0xCB63,
    0xCB22, 0xC2E1, 0xECE9, 0xFEB3, 0xFED4, 0xFEB3, 0xFE93, 0xFE93,
    0xFEB4, 0xFEB4, 0xFEB4, 0xFED4, 0xF693, 0xF651, 0xECEA, 0xDBA4,
    0xD363, 0xCB43, 0xBAE2, 0xC303, 0xD364, 0xE405, 0xD364, 0xCB23,
    0xE406, 0xDBC5, 0xCB23, 0xD364, 0xDBC5, 0xD364, 0xDBA5, 0xE406,
    0xDBE6, 0xDB84, 0xE406, 0xE3E5, 0xEC66, 0xF5EF, 0xF631, 0xDC27,
    0xCC07, 0xD4AB, 0xCC69, 0xCC69, 0xDCEB, 0xDCEB, 0xE54C, 0xE54C,
    0xED8D, 0xEDAD, 0xED8C, 0xF5AD, 0xF5AD, 0xF5AD, 0xF5EF, 0xF5EE,
    0xE446, 0xD362, 0xD362, 0xD383, 0xE3E4, 0xDBC3, 0xEC25, 0xF4C7,
    0xFD29, 0xFED3, 0xF739, 0xAD12, 0x9472, 0x9491, 0x9490, 0x948F,
    0x8C6F, 0x946F, 0x946F, 0x9490, 0x9490, 0x9CB1, 0x9CD2, 0x9CD3,
    0x9CD3, 0x9CB2, 0x94B2, 0x9492, 0x8C70, 0x842F, 0x840D, 0x7BCC,
    0x7BAA, 0x7388, 0x7366, 0x7342, 0x7340, 0x7340, 0x6B40, 0x6B20,
    0x6300, 0x5AE0, 0x5AE0, 0x5AE0, 0x6300, 0x6320, 0x6B22, 0x6B24,
    0x6B25, 0x6B47, 0x6B48, 0x738A, 0x7BAC, 0x83EE, 0x8C2F, 0x9451,
    0x9492, 0x9CB4, 0xA4D4, 0xA4D5, 0x9CD5, 0x9CD4, 0x9C94, 0x9473,
    0xA3AB, 0xB42D, 0xC4CF, 0xCD31, 0xD593, 0xDDF4, 0xE636, 0xE657,
    0xEE97, 0xEEB8, 0xEEB8, 0xEEB8, 0xEED8, 0xEED8, 0xEEB8, 0xEE97,
    0xE636, 0xDDD4, 0xCD51, 0xC4CF, 0xB40C, 0xA368, 0x92C5, 0x92C5,
    0x92E5, 0x9B06, 0xA326, 0xAB47, 0xAB87, 0xB3A8, 0xB3C8, 0xBBE8,
    0xBBE8, 0xBBE9, 0xBC09, 0xC429, 0xC44A, 0xC44A, 0xC46B, 0xC46B,
    0xC48C, 0xC4AC, 0xC4AD, 0xC4CD, 0xC4CD, 0xC4CD, 0xC4EE, 0xC4EE,
    0xC4EE, 0xC4EE, 0xC4EE, 0xC4EE, 0xC4EE, 0xC4EE, 0xC4EE, 0xC4EE,
    0xC4EE, 0xC4EE, 0xC4EE, 0xBCCE, 0xBCAD, 0xB46D, 0xB44C, 0xAC2B,
    0xAC0B, 0xAC0A, 0xAC2B, 0xB44B, 0xB46C, 0xC4AC, 0xD4EB, 0xDCC9,
    0xD467, 0xCBE5, 0xBBA5, 0xB364, 0xA2E3, 0x9262, 0x8A42, 0x9B04,
    0xB3A7, 0xB345, 0xA261, 0x9A00, 0x9A20, 0xA240, 0xA240, 0xAAA2,
    0xC3A5, 0xDD0C, 0xE56D, 0xED8D, 0xEDAE, 0xEDCE, 0xEDCE, 0xED4B,
    0xDC04, 0xC302, 0xC2E2, 0xCB02, 0xC302, 0xC302, 0xBAC1, 0xBAA1,
    0xCB22, 0xBAA1, 0xB2A2, 0xBAC1, 0xBAC1, 0xB281, 0xBAC2, 0xBAC1,
    0xC2C1, 0xBAC1, 0xB281, 0xB281, 0xBAA1, 0xCB02, 0xD384, 0xD3C4,
    0xCB43, 0xC302, 0xED2A, 0xFEB3, 0xFEB3, 0xFEF5, 0xFED5, 0xFEB4,
    0xFEB4, 0xFEB4, 0xFED5, 0xFED5, 0xFED5, 0xFEB4, 0xFE73, 0xF58D,
    0xE405, 0xCB23, 0xD384, 0xD384, 0xCB64, 0xDBC5, 0xD384, 0xC303,
    0xDBA4, 0xE447, 0xC303, 0xCB23, 0xDBE5, 0xDBA5, 0xD3A5, 0xDBE6,
    0xE406, 0xDBE5, 0xE3E5, 0xEC46, 0xECC8, 0xFE10, 0xFE73, 0xED2C,
    0xCC07, 0xC449, 0xBB86, 0xA2C3, 0xB344, 0xC3C6, 0xBB44, 0xBB43,
    0xD427, 0xED4B, 0xF5CE, 0xF5CE, 0xF5EE, 0xF60F, 0xF60F, 0xFE50,
    0xF58C, 0xDC05, 0xD342, 0xD362, 0xE3E3, 0xEC24, 0xE3C3, 0xEC65,
    0xFD08, 0xFE0D, 0xFF99, 0xEEB6, 0xA4D1, 0x9470, 0x948F, 0x946E,
    0x946E, 0x946E, 0x946F, 0x948F, 0x9C90, 0x9CB1, 0x9CB1, 0x9CB1,
    0x9CB1, 0x9491, 0x9491, 0x9470, 0x8C4F, 0x8C2E, 0x83ED, 0x7BCB,
    0x7BAA, 0x7388, 0x7365, 0x7362, 0x7340, 0x7340, 0x7340, 0x6B20,
    0x6300, 0x62E0, 0x62E0, 0x6300, 0x6300, 0x6320, 0x6321, 0x6322,
    0x6B24, 0x6B26, 0x7347, 0x738A, 0x7BAC, 0x8C0E, 0x9450, 0x9C71,
    0x9CB2, 0xA4D4, 0xA4F4, 0xA4F4, 0xA4F4, 0xA4D4, 0x9CB3, 0x9C93,
    0xA3AB, 0xB42D, 0xC4AF, 0xCD11, 0xD572, 0xDDD4, 0xE615, 0xE636,
    0xEE77, 0xEE97, 0xEE97, 0xEEB8, 0xEEB8, 0xEEB8, 0xEE97, 0xE677,
    0xDE15, 0xD5B3, 0xCD30, 0xC4AE, 0xB40B, 0xA368, 0x9B05, 0x9AE5,
    0x9B06, 0xA326, 0xA346, 0xAB67, 0xAB87, 0xB387, 0xB3A8, 0xBBC8,
    0xBBE8, 0xBBE9, 0xBC09, 0xC429, 0xC44A, 0xC44A, 0xC46B, 0xC46B,
    0xC48C, 0xC4AC, 0xC4AD, 0xC4AD, 0xC4CD, 0xC4CD, 0xC4CD, 0xC4CD,
    0xC4EE, 0xC4EE, 0xC4EE, 0xC4EE, 0xC4EE, 0xC4EE, 0xC4EE, 0xC4EE,
    0xC4EE, 0xC4EE, 0xC4CE, 0xBCAE, 0xBC8D, 0xB46D, 0xAC4C, 0xAC2B,
    0xAC0B, 0xAC0A, 0xAC2B, 0xB44B, 0xB44B, 0xB44B, 0xB44C, 0xC4CD,
    0xEDCE, 0xE50A, 0xCC06, 0xAB24, 0x9AA2, 0x9AC3, 0xA2E4, 0xA2E4,
    0x9AA2, 0x9A20, 0x9A20, 0x9A20, 0xA240, 0x9A20, 0x99E0, 0xAAA1,
    0xCBC6, 0xDD0B, 0xE56D, 0xEDAE, 0xEDCE, 0xEDCE, 0xEDAE, 0xED6B,
    0xD3A4, 0xC2E2, 0xBAE2, 0xC2E2, 0xC2E2, 0xBAC2, 0xB2A1, 0xC2E2,
    0xC2E2, 0xCB22, 0xC322, 0xB2A1, 0xBAE2, 0xB281, 0xB2A1, 0xC2E2,
    0xBAC1, 0xB281, 0xC2E2, 0xB2A2, 0xAA61, 0xCB02, 0xD363, 0xD363,
    0xD383, 0xE425, 0xF610, 0xFED4, 0xFEB4, 0xFED5, 0xFED4, 0xFED4,
    0xF652, 0xFED5, 0xFED5, 0xF693, 0xFED4, 0xFE93, 0xFEB4, 0xFEB4,
    0xF58C, 0xDC05, 0xE405, 0xDBE5, 0xD364, 0xE426, 0xDBC4, 0xC303,
    0xD343, 0xDBE5, 0xEC67, 0xD384, 0xD344, 0xDBE6, 0xDBC5, 0xDBA5,
    0xE406, 0xE426, 0xE406, 0xEC87, 0xF54A, 0xFE30, 0xFE93, 0xF610,
    0xDC89, 0xAB25, 0x9242, 0x9201, 0x9A41, 0xA220, 0x9A00, 0xAA81,
    0xB280, 0xCB83, 0xE488, 0xED8C, 0xF5EE, 0xF60F, 0xF60F, 0xF60F,
    0xFE2F, 0xF56B, 0xDC04, 0xD362, 0xDBA3, 0xEC65, 0xF4E7, 0xF508,
    0xFDAB, 0xFE0E, 0xFEF4, 0xFFBA, 0xEEB6, 0x9CAF, 0x944E, 0x946D,
    0x946D, 0x946D, 0x946E, 0x9C6E, 0x9C8F, 0x9C8F, 0x9C8F, 0x9C90,
    0x9C90, 0x9470, 0x946F, 0x8C4F, 0x8C2E, 0x8C0D, 0x83EC, 0x7BCA,
    0x7BA9, 0x7387, 0x7365, 0x7361, 0x7340, 0x7340, 0x7340, 0x6B40,
    0x6300, 0x6300, 0x6300, 0x6300, 0x6300, 0x6300, 0x6300, 0x6320,
    0x6322, 0x6B24, 0x7347, 0x7B89, 0x83CB, 0x8C0D, 0x944F, 0x9C91,
    0xA4B2, 0xACF3, 0xACF3, 0xACF4, 0xACF3, 0xA4D3, 0xA4B3, 0x9C92,
    0xABCB, 0xB42C, 0xC4AE, 0xCD10, 0xD571, 0xDD93, 0xDDD4, 0xE615,
    0xE635, 0xEE56, 0xEE76, 0xEE77, 0xEE77, 0xEE76, 0xEE76, 0xE635,
    0xDDF4, 0xD592, 0xD530, 0xC4AD, 0xBC2B, 0xABA8, 0xA346, 0xAB46,
    0xAB66, 0xAB66, 0xAB87, 0xB3A7, 0xB3A7, 0xB3C8, 0xBBE8, 0xBBE8,
    0xBC09, 0xC409, 0xC429, 0xC449, 0xC44A, 0xC46A, 0xC46A, 0xC48B,
    0xC48B, 0xC4AC, 0xC4AC, 0xC4CC, 0xC4CD, 0xC4CD, 0xC4CD, 0xC4CD,
    0xC4CD, 0xC4CD, 0xC4CD, 0xC4ED, 0xC4EE, 0xC4EE, 0xC4EE, 0xC4EE,
    0xC4EE, 0xC4CE, 0xC4CE, 0xBCAD, 0xBC8D, 0xB46C, 0xAC4C, 0xAC2B,
    0xAC0B, 0xAC0B, 0xAC2B, 0xB44B, 0xB44B, 0xB46C, 0xB44B, 0xCD0E,
    0xFE0E, 0xFE70, 0xEDAE, 0xC3E7, 0xBBA6, 0xB386, 0x9A82, 0x89E0,
    0x89C0, 0x9200, 0x9A20, 0xA240, 0xA220, 0x9A00, 0xA240, 0xB2A1,
    0xBB44, 0xD489, 0xEDAE, 0xEDAE, 0xEDAD, 0xEDAD, 0xEDAD, 0xED6C,
    0xD3C4, 0xBAC2, 0xBAC1, 0xCB22, 0xC2C1, 0xC2E2, 0xBAC2, 0xB2A1,
    0xB281, 0xC322, 0xC2E2, 0xBAA1, 0xB281, 0xBAC1, 0xC302, 0xBAC2,
    0xBAA1, 0xBAA1, 0xC2E2, 0xB2C1, 0xBAC1, 0xC302, 0xC302, 0xCB02,
    0xDC04, 0xF54A, 0xFEB4, 0xF694, 0xFED5, 0xFEB4, 0xFED5, 0xFEB3,
    0xF631, 0xFEB4, 0xFEF6, 0xFED5, 0xFEB4, 0xFEB4, 0xFE73, 0xFE93,
    0xFE50, 0xF58D, 0xDBC4, 0xE405, 0xD3A4, 0xE405, 0xDBA4, 0xDBA4,
    0xC303, 0xCB44, 0xDBC5, 0xE406, 0xD364, 0xD344, 0xDBE5, 0xCB64,
    0xCB64, 0xDBC5, 0xE426, 0xE425, 0xF54B, 0xFE93, 0xFEB4, 0xFE73,
    0xED8E, 0xAB46, 0x7160, 0x7960, 0x89C0, 0x9A20, 0x9A00, 0xA220,
    0xAA80, 0xC301, 0xCB62, 0xDC46, 0xF56C, 0xF5EE, 0xFE50, 0xFE51,
    0xFE30, 0xFE2F, 0xF5CD, 0xECE9, 0xECC8, 0xFDAC, 0xFE0D, 0xFE0E,
    0xFE4F, 0xFE70, 0xFED3, 0xFF57, 0xFFBA, 0xCDB1, 0x9C4D, 0x944D,
    0x944C, 0x944C, 0x944D, 0x9C6E, 0x9C6E, 0x9C6E, 0x944D, 0x944D,
    0x944E, 0x946E, 0x944E, 0x8C2E, 0x8C0D, 0x840C, 0x7BCB, 0x7BA9,
    0x7B88, 0x7386, 0x7363, 0x7361, 0x7340, 0x7340, 0x7340, 0x6B40,
    0x6B20, 0x6320, 0x6320, 0x6320, 0x6300, 0x6300, 0x6300, 0x6300,
    0x6300, 0x6B23, 0x7347, 0x7B89, 0x83CB, 0x942D, 0x9C4F, 0xA490,
    0xA4B1, 0xACD2, 0xACF2, 0xACF2, 0xACD2, 0xACD2, 0xA4B2, 0xA491,
    0xB40B, 0xBC4C, 0xCCAD, 0xD50F, 0xD550, 0xDD91, 0xDDB2, 0xE5F3,
    0xE614, 0xE635, 0xEE35, 0xEE55, 0xEE55, 0xEE55, 0xEE35, 0xE614,
    0xE5D2, 0xDD91, 0xD52F, 0xCCCD, 0xC44B, 0xBBE8, 0xB3C7, 0xB3C7,
    0xBBC7, 0xBBC7, 0xBBE8, 0xBBE8, 0xC408, 0xC408, 0xC428, 0xC429,
    0xC449, 0xCC49, 0xCC49, 0xCC69, 0xCC8A, 0xCC8A, 0xCC8A, 0xCC8B,
    0xCCAB, 0xCCAB, 0xCCCC, 0xCCCC, 0xCCCC, 0xCCCC, 0xCCCD, 0xCCCD,
    0xCCCD, 0xCCCD, 0xCCCD, 0xCCED, 0xCCED, 0xCCED, 0xCCED, 0xCCEE,
    0xC4ED, 0xC4CD, 0xC4CD, 0xC4AD, 0xBCAD, 0xBC8C, 0xB44C, 0xB44B,
    0xB42B, 0xB42B, 0xB44B, 0xB44B, 0xBC6C, 0xBC6C, 0xB46C, 0xE54D,
    0xFD8B, 0xFEB3, 0xF672, 0xDD2C, 0xCC69, 0xA282, 0x91E0, 0x89C0,
    0x91E0, 0x9A00, 0xA220, 0xAA61, 0xA240, 0xA240, 0xAA40, 0xAA81,
    0xBB02, 0xDCAA, 0xED8E, 0xE54B, 0xEDAD, 0xEDCE, 0xEDCE, 0xED8C,
    0xD3C4, 0xBAC1, 0xBAA1, 0xCB22, 0xC2E2, 0xBAE2, 0xB281, 0xB2A1,
    0xC302, 0xC302, 0xC302, 0xBAA2, 0xBAE2, 0xC302, 0xBAC2, 0xBAE2,
    0xC302, 0xBAC1, 0xC302, 0xC302, 0xC302, 0xBAC1, 0xD362, 0xDBE3,
    0xF58C, 0xF630, 0xFEB4, 0xF694, 0xFED5, 0xFEB4, 0xFED5, 0xFEF5,
    0xFE92, 0xFEB4, 0xFED5, 0xFED5, 0xFED5, 0xFED5, 0xFED5, 0xFED4,
    0xFE92, 0xFE0F, 0xE426, 0xD363, 0xDBC4, 0xDBC4, 0xE426, 0xE405,
    0xD3A4, 0xCB43, 0xD384, 0xD364, 0xDBC5, 0xDBC5, 0xDBE6, 0xE426,
    0xCB64, 0xD384, 0xE447, 0xE405, 0xF50A, 0xFE92, 0xFEB4, 0xFEB4,
    0xFE72, 0xCC4A, 0x7980, 0x7980, 0x81A0, 0x9200, 0x9A20, 0x9A20,
    0xAA40, 0xBAC1, 0xC322, 0xC301, 0xE467, 0xF58C, 0xFE2F, 0xFE50,
    0xFE72, 0xFE92, 0xFE91, 0xFE71, 0xFE2F, 0xFE4F, 0xFE4F, 0xF56A,
    0xF56A, 0xFDAB, 0xFE0D, 0xFEF3, 0xFF99, 0xFEF5, 0xC4ED, 0x942C,
    0x942B, 0x942C, 0x944C, 0x9C4D, 0x944C, 0x942C, 0x8C2B, 0x8C2B,
    0x8C2C, 0x942C, 0x942D, 0x942D, 0x8C0C, 0x8BEB, 0x83C9, 0x7B88,
    0x7387, 0x7365, 0x7363, 0x7361, 0x7340, 0x7360, 0x7360, 0x7340,
    0x6B40, 0x6B20, 0x6B20, 0x6320, 0x6300, 0x6300, 0x5AE0, 0x62E0,
    0x6300, 0x6B23, 0x7347, 0x7B89, 0x8BCB, 0x942D, 0x9C6F, 0xA490,
    0xA4B1, 0xACB1, 0xACD1, 0xACD1, 0xACB1, 0xA4B1, 0xA491, 0xA470,
    0xC44A, 0xCC8B, 0xCCCC, 0xD50E, 0xDD2F, 0xDD70, 0xDD91, 0xE5D2,
    0xE5F3, 0xEDF3, 0xEE13, 0xEE13, 0xEE13, 0xEE13, 0xEE13, 0xE5F2,
    0xE5B1, 0xDD70, 0xDD2E, 0xD4CC, 0xCC8A, 0xCC49, 0xC428, 0xCC48,
    0xCC48, 0xCC48, 0xCC48, 0xCC49, 0xCC49, 0xCC69, 0xCC69, 0xCC69,
    0xD489, 0xD489, 0xD489, 0xD4AA, 0xD4AA, 0xD4AA, 0xD4AB, 0xD4CB,
    0xD4CB, 0xD4CB, 0xD4EB, 0xD4EC, 0xD4EC, 0xD4EC, 0xD4EC, 0xD4EC,
    0xD4EC, 0xD4EC, 0xD4EC, 0xD4EC, 0xD4EC, 0xD4EC, 0xD4ED, 0xD4ED,
    0xCCED, 0xCCED, 0xCCED, 0xCCCD, 0xC4CC, 0xC4AC, 0xC48B, 0xBC6B,
    0xBC6B, 0xBC6B, 0xC46B, 0xC48B, 0xC48B, 0xC48B, 0xCCAC, 0xF54B,
    0xFD6A, 0xFE71, 0xF672, 0xEDAD, 0xBB85, 0x9A00, 0x9A20, 0x9A20,
    0xA240, 0xA240, 0xAA61, 0x9A20, 0xA240, 0xA220, 0xA220, 0xAA61,
    0xBB44, 0xD427, 0xE54C, 0xED8D, 0xEDAD, 0xEDCF, 0xF5EF, 0xEDAD,
    0xC322, 0xB281, 0xBAC1, 0xC2E2, 0xC302, 0xBAC2, 0xBAA1, 0xBAC1,
    0xC2E2, 0xC322, 0xCB43, 0xBAE3, 0xBAE2, 0xB2A1, 0xC302, 0xC322,
    0xC302, 0xC2E2, 0xC2E2, 0xC302, 0xC302, 0xCB62, 0xE465, 0xF5AC,
    0xF651, 0xFE93, 0xFE93, 0xF673, 0xFEB4, 0xFEB4, 0xFEB4, 0xFED5,
    0xFEB4, 0xFE93, 0xFED5, 0xFED5, 0xFEF5, 0xFEB4, 0xFED4, 0xFEB3,
    0xFE93, 0xFEB4, 0xF5AD, 0xDBE4, 0xD363, 0xCB43, 0xDBA4, 0xE405,
    0xDBC5, 0xD364, 0xD364, 0xD3A4, 0xDBE5, 0xD384, 0xD384, 0xDBE5,
    0xDBE5, 0xD3A5, 0xDBE5, 0xE447, 0xECE9, 0xFE71, 0xFED4, 0xFEB4,
    0xFEB4, 0xEDAF, 0x9242, 0x89A0, 0x89C0, 0x81A0, 0x91E0, 0x9A20,
    0xA240, 0xAA40, 0xB280, 0xB2A0, 0xC2E1, 0xDC25, 0xF5AC, 0xFE0F,
    0xFE71, 0xFE71, 0xFE92, 0xFEB3, 0xFE92, 0xFE2F, 0xFDED, 0xEC86,
    0xE3E3, 0xEC24, 0xF485, 0xFD28, 0xFE91, 0xFF56, 0xEE10, 0xAC6B,
    0x944B, 0x942B, 0x942B, 0x942B, 0x942B, 0x8C0A, 0x8C09, 0x8BE9,
    0x8C0A, 0x8C0A, 0x940B, 0x940B, 0x8C0B, 0x8BEA, 0x83A9, 0x7B87,
    0x7366, 0x7364, 0x7363, 0x7361, 0x7360, 0x7360, 0x7360, 0x7360,
    0x6B40, 0x6B40, 0x6B20, 0x6B20, 0x6300, 0x62E0, 0x5AE0, 0x5AE0,
    0x6300, 0x6B23, 0x7346, 0x8389, 0x8BCB, 0x942D, 0x9C4E, 0xA46F,
    0xA490, 0xAC90, 0xAC90, 0xA490, 0xA490, 0xA470, 0xA470, 0xA44F,
    0xCC8A, 0xD4AB, 0xD4CC, 0xDD0D, 0xDD2E, 0xDD4E, 0xE56F, 0xE5B0,
    0xE5D1, 0xEDD1, 0xEDD1, 0xEDF2, 0xEDF1, 0xEDF1, 0xEDF1, 0xEDD1,
    0xE58F, 0xE56E, 0xDD2D, 0xDD0C, 0xDCCA, 0xD4A9, 0xD4A9, 0xD4A9,
    0xD4A9, 0xD4A9, 0xD4A9, 0xD4A9, 0xD4A9, 0xDCAA, 0xDCCA, 0xDCCA,
    0xDCCA, 0xDCCA, 0xDCCA, 0xDCEA, 0xDCEA, 0xDCEB, 0xDCEB, 0xDCEB,
    0xDD0B, 0xDD0B, 0xDD0B, 0xDD0B, 0xDD0B, 0xDD0C, 0xDD0C, 0xDD0C,
    0xDD0C, 0xDD0C, 0xDD0C, 0xDD0C, 0xDD0C, 0xDD0C, 0xDD0C, 0xDD0C,
    0xD50C, 0xD50C, 0xD50C, 0xD50C, 0xD4EC, 0xD4CC, 0xCCCB, 0xCCAB,
    0xCCAB, 0xCCAB, 0xCCAB, 0xCCAB, 0xCCCB, 0xCCCB, 0xE52B, 0xFD8B,
    0xF509, 0xFDED, 0xF672, 0xE52B, 0xAAC2, 0xAA81, 0xB2C2, 0xAA61,
    0xA240, 0xAA60, 0xA220, 0x9A20, 0xA220, 0xB260, 0xAA60, 0xAA61,
    0xB2C2, 0xC343, 0xE54C, 0xEDCE, 0xEDCE, 0xF5EF, 0xF5EF, 0xED8D,
    0xCB62, 0xBAC1, 0xCB42, 0xCB02, 0xC302, 0xC2E2, 0xC302, 0xBAA0,
    0xBAC2, 0xC322, 0xBAE2, 0xC302, 0xC302, 0xBAE2, 0xC322, 0xCB42,
    0xC322, 0xC322, 0xD383, 0xDBC4, 0xDC26, 0xF52A, 0xF5CE, 0xFE51,
    0xFE72, 0xFE94, 0xFEB4, 0xFE93, 0xF693, 0xFEF6, 0xFEB4, 0xFED4,
    0xFEB4, 0xF672, 0xFE93, 0xFEB4, 0xFED5, 0xFED5, 0xFE92, 0xFED5,
    0xFEB4, 0xFED4, 0xFE72, 0xECE9, 0xDBE5, 0xD364, 0xDBE5, 0xDBE5,
    0xE425, 0xDBE5, 0xDB84, 0xCB43, 0xD384, 0xD384, 0xD364, 0xCB64,
    0xD384, 0xD364, 0xD3A5, 0xE426, 0xECE9, 0xFE72, 0xFED4, 0xFEB4,
    0xFEB3, 0xFE31, 0xBBA7, 0x7980, 0x89E0, 0x81A0, 0x89E0, 0x9A00,
    0xA240, 0xA240, 0xAA80, 0xB280, 0xBAC0, 0xD3A3, 0xED2A, 0xF60F,
    0xFE50, 0xFE92, 0xFE92, 0xFE92, 0xFEB2, 0xFE92, 0xED2A, 0xD382,
    0xD362, 0xDBC3, 0xEC24, 0xF465, 0xFCE7, 0xFE4F, 0xFF56, 0xEDF0,
    0xA44B, 0x8C2A, 0x942A, 0x940A, 0x8C09, 0x8BE8, 0x83C8, 0x83C8,
    0x8BE9, 0x8BE9, 0x8BEA, 0x8C0A, 0x8BEA, 0x83C9, 0x83A8, 0x7B87,
    0x7365, 0x7364, 0x7B63, 0x7B82, 0x7B81, 0x7B81, 0x7B81, 0x7361,
    0x6B40, 0x6B40, 0x6B20, 0x6B20, 0x6300, 0x62E0, 0x5AE0, 0x5AE0,
    0x62E0, 0x6B03, 0x7346, 0x8389, 0x8BCB, 0x9C0C, 0xA44E, 0xA46E,
    0xAC6F, 0xA46F, 0xA46F, 0xA44F, 0xA44F, 0x9C2E, 0x9C2E, 0x9C0E,
    0xDCCA, 0xDCEB, 0xDCEB, 0xDD0C, 0xE52D, 0xE54D, 0xE56E, 0xE58E,
    0xED8F, 0xEDAF, 0xEDAF, 0xEDB0, 0xEDD0, 0xEDB0, 0xEDAF, 0xEDAF,
    0xED8E, 0xE56D, 0xE54C, 0xE50B, 0xE4EA, 0xE4EA, 0xE4EA, 0xE4EA,
    0xE4EA, 0xE4EA, 0xE4EA, 0xE4EA, 0xE50A, 0xE50A, 0xE50A, 0xE50A,
    0xE50A, 0xE50A, 0xE50A, 0xE50B, 0xE52B, 0xE52B, 0xE52B, 0xE52B,
    0xE52B, 0xE52B, 0xE52B, 0xE52B, 0xE52B, 0xE52C, 0xE52C, 0xE52C,
    0xE52C, 0xE52C, 0xDD2C, 0xDD2C, 0xE52C, 0xDD2C, 0xDD2C, 0xDD2C,
    0xDD2C, 0xDD2C, 0xDD2C, 0xDD2C, 0xDD0C, 0xDD0B, 0xDCEB, 0xD4EB,
    0xD4EB, 0xDCEB, 0xD4EB, 0xDCEB, 0xDCEB, 0xDD0B, 0xF56B, 0xFD6B,
    0xF4C8, 0xFE51, 0xF630, 0xCC27, 0xB2E3, 0xBB24, 0xB2E2, 0xAA81,
    0xA260, 0xAA60, 0xAA40, 0xA220, 0xA240, 0xA200, 0xAA40, 0xB281,
    0xAA60, 0xCBC6, 0xEDAE, 0xEDEF, 0xF610, 0xF60F, 0xF5EF, 0xED8D,
    0xD3E4, 0xCB22, 0xCB42, 0xCB22, 0xBAA1, 0xCB23, 0xB261, 0xC2C1,
    0xC302, 0xB2A1, 0xBAE2, 0xC323, 0xCB63, 0xCB63, 0xD3A3, 0xE425,
    0xE446, 0xE4C8, 0xECE8, 0xF5CE, 0xF630, 0xF610, 0xFE51, 0xFE93,
    0xFE72, 0xFE93, 0xFEB4, 0xFE93, 0xFEB4, 0xFED5, 0xFEB4, 0xFED4,
    0xFE73, 0xFE73, 0xFEB4, 0xFEF6, 0xFE94, 0xFEB4, 0xFEB3, 0xFE93,
    0xFED5, 0xFE72, 0xF631, 0xF5AE, 0xED0A, 0xDBC4, 0xDBE4, 0xE466,
    0xE405, 0xE405, 0xDBC5, 0xD363, 0xD384, 0xD384, 0xCB23, 0xD384,
    0xDBE6, 0xDBA5, 0xD384, 0xDBC5, 0xECA8, 0xFE30, 0xFEB4, 0xFED4,
    0xFE52, 0xFDEF, 0xECEB, 0x81C1, 0x7980, 0x9201, 0x9201, 0xA241,
    0x9A00, 0xA240, 0xAA80, 0xBAA1, 0xBAA0, 0xCB42, 0xED09, 0xF5CE,
    0xF60F, 0xFE71, 0xFE71, 0xFE71, 0xFE50, 0xFE30, 0xF54B, 0xDBA3,
    0xDB62, 0xDB82, 0xE3C3, 0xEC66, 0xF4C7, 0xFD28, 0xFEB2, 0xFF56,
    0xD50C, 0x940A, 0x8C0A, 0x8BE9, 0x83E8, 0x83C7, 0x83C7, 0x83C8,
    0x8BE9, 0x93EA, 0x940A, 0x940A, 0x8BEA, 0x8BC9, 0x83A8, 0x7B87,
    0x7B86, 0x7B65, 0x7B63, 0x7B82, 0x7B82, 0x7B82, 0x7B82, 0x7361,
    0x7340, 0x6B40, 0x6B20, 0x6320, 0x6300, 0x62E0, 0x62E0, 0x62E0,
    0x62E0, 0x6B03, 0x7346, 0x83A9, 0x8BCB, 0x9C0C, 0xA42D, 0xA44E,
    0xA44E, 0xA44E, 0x9C2E, 0x9C0E, 0x9C0D, 0x93ED, 0x93CD, 0x93CD,
    0xE50B, 0xE52B, 0xE52B, 0xE52B, 0xE54C, 0xED4C, 0xED6C, 0xED6D,
    0xED6D, 0xED8D, 0xED8D, 0xED8D, 0xED8D, 0xED8D, 0xED8D, 0xED8D,
    0xED6D, 0xED6C, 0xED4B, 0xED2B, 0xED2A, 0xED2A, 0xED2B, 0xED2B,
    0xED2B, 0xED2B, 0xED2A, 0xED2A, 0xED4B, 0xED4B, 0xED4B, 0xED4B,
    0xED4B, 0xED4B, 0xED4B, 0xED4B, 0xED4B, 0xED4B, 0xED4B, 0xED4B,
    0xED4B, 0xED4B, 0xED4B, 0xED4B, 0xED4B, 0xED6C, 0xED4B, 0xED4C,
    0xED4B, 0xED4B, 0xE54B, 0xE54B, 0xE54C, 0xE54C, 0xE54C, 0xE54C,
    0xE54B, 0xE54B, 0xE54B, 0xE54C, 0xE52B, 0xE52B, 0xE50B, 0xE50B,
    0xE50B, 0xDD0B, 0xDD0B, 0xE50B, 0xDD0B, 0xED4B, 0xFD6A, 0xFD08,
    0xF5AD, 0xFEB3, 0xF630, 0xD406, 0xC364, 0xC365, 0xBB03, 0xAA82,
    0xA241, 0xA240, 0xAA61, 0xA220, 0xA220, 0x99E0, 0xAA61, 0xB2A2,
    0xB281, 0xD448, 0xEDCE, 0xF610, 0xF5EF, 0xF610, 0xF60F, 0xF5CE,
    0xE4A8, 0xD362, 0xC301, 0xC2E1, 0xC302, 0xC303, 0xB281, 0xD363,
    0xC302, 0xB2A1, 0xBAE2, 0xC322, 0xDBE4, 0xE487, 0xED09, 0xF5AD,
    0xF630, 0xEDAD, 0xF5CE, 0xF5CE, 0xF610, 0xFE72, 0xFEB4, 0xFEB3,
    0xFE72, 0xFE93, 0xFE93, 0xFE73, 0xFE94, 0xFEB5, 0xFE93, 0xFED5,
    0xF673, 0xF651, 0xFEB4, 0xFED4, 0xFED4, 0xFEB4, 0xFED4, 0xFE93,
    0xFED4, 0xFEB4, 0xFE93, 0xF610, 0xF5CE, 0xED2A, 0xE446, 0xE446,
    0xDBE4, 0xE404, 0xEC66, 0xEC66, 0xDBA4, 0xD364, 0xDBA4, 0xCB23,
    0xD384, 0xDBC5, 0xCB23, 0xD383, 0xEC87, 0xFE10, 0xFEB3, 0xFED5,
    0xF5EF, 0xE447, 0xF54C, 0xCBE7, 0x7160, 0x81C0, 0x9A21, 0x9200,
    0x9A20, 0xA241, 0xA240, 0xAA60, 0xBAC1, 0xC321, 0xE487, 0xF5AD,
    0xF610, 0xFE50, 0xFE71, 0xFE92, 0xFE0F, 0xED0A, 0xE426, 0xE3C4,
    0xDBC3, 0xE3C3, 0xDBC3, 0xDBC3, 0xEC65, 0xF4A6, 0xFDCC, 0xFF56,
    0xFED2, 0xCCEB, 0x8C09, 0x83E8, 0x83C7, 0x7BA6, 0x83C7, 0x83C8,
    0x940A, 0x9C2B, 0x9C2B, 0x9C2B, 0x940B, 0x8BEA, 0x8BC9, 0x83A8,
    0x7B87, 0x7B86, 0x7B64, 0x7B63, 0x7B82, 0x7B82, 0x7B82, 0x7361,
    0x7340, 0x6B20, 0x6B20, 0x6300, 0x6300, 0x62E0, 0x62E0, 0x62E0,
    0x62E1, 0x6B04, 0x7B46, 0x8388, 0x93CA, 0x9C0C, 0xA42D, 0xA42D,
    0xA42D, 0xA42D, 0x9C0D, 0x93EC, 0x93CC, 0x8BAC, 0x8BAC, 0x8BAC,
    0xED4B, 0xED4B, 0xED4B, 0xED4B, 0xED4B, 0xED6B, 0xED6B, 0xED6C,
    0xED6C, 0xED6C, 0xED6C, 0xED6C, 0xED6B, 0xED6B, 0xED6B, 0xED6B,
    0xED6B, 0xED4B, 0xED4B, 0xED4B, 0xED4B, 0xED6B, 0xED6B, 0xED6B,
    0xED6B, 0xED6B, 0xED6B, 0xED6B, 0xF56B, 0xF56B, 0xF56B, 0xED6B,
    0xED6B, 0xF56B, 0xED6B, 0xED6B, 0xED6B, 0xED6B, 0xED6B, 0xED6B,
    0xED6B, 0xED6B, 0xED6B, 0xED6B, 0xED6B, 0xED6B, 0xED6B, 0xED6B,
    0xED6B, 0xED4B, 0xED6B, 0xED6B, 0xED6B, 0xED6B, 0xED6B, 0xED6B,
    0xED6B, 0xED6B, 0xED6B, 0xED4B, 0xED4B, 0xED4B, 0xE52B, 0xE52B,
    0xE52B, 0xE52B, 0xE52B, 0xE52B, 0xE52B, 0xF56A, 0xFD49, 0xFDEE,
    0xFED4, 0xFED4, 0xF5CE, 0xD3E6, 0xCB84, 0xC364, 0xC364, 0xA261,
    0x9A00, 0xAA81, 0xAA61, 0xA220, 0x9A00, 0xAA81, 0xAA61, 0xB281,
    0xBB02, 0xE54C, 0xEDCF, 0xEDEF, 0xF60F, 0xF630, 0xF5EF, 0xF5EE,
    0xED09, 0xD3A3, 0xCB22, 0xBAC1, 0xB261, 0xB2A1, 0xCB42, 0xCB22,
    0xCB43, 0xC343, 0xCB62, 0xE425, 0xF5AD, 0xF60F, 0xEDAE, 0xF611,
    0xF631, 0xF610, 0xF610, 0xF610, 0xFE72, 0xFE72, 0xFEB3, 0xFE93,
    0xFE93, 0xFEB3, 0xF673, 0xF672, 0xFEB4, 0xFE93, 0xF652, 0xFEB4,
    0xFEB4, 0xFE73, 0xFED4, 0xFEB4, 0xF652, 0xF673, 0xFEB4, 0xFED5,
    0xFE93, 0xFE93, 0xFEB4, 0xFEB4, 0xF651, 0xF630, 0xF5CE, 0xF5CE,
    0xF56C, 0xED2A, 0xF52A, 0xFD6A, 0xE466, 0xDBC4, 0xDBC4, 0xD3A4,
    0xD363, 0xDBA4, 0xDBC5, 0xD363, 0xE446, 0xFE31, 0xFEB4, 0xFEB4,
    0xFE31, 0xDC06, 0xE448, 0xF56C, 0x9A62, 0x7140, 0x89C0, 0x91E0,
    0x89C0, 0x9A00, 0xA220, 0xB260, 0xB2A0, 0xBB01, 0xDC88, 0xED8C,
    0xF5EE, 0xFE2F, 0xFE2F, 0xFE71, 0xFE2F, 0xECA8, 0xD362, 0xD362,
    0xDBA3, 0xE3E3, 0xE3E4, 0xE3E3, 0xEC04, 0xF465, 0xFD49, 0xFEB1,
    0xFF56, 0xFE70, 0xCD2C, 0x9429, 0x83E7, 0x83C7, 0x83E8, 0x8C09,
    0x9C2B, 0x9C4C, 0xA44D, 0xA44D, 0x9C4C, 0x940B, 0x8BEA, 0x8BC9,
    0x83A8, 0x7B86, 0x7B65, 0x7B63, 0x7B61, 0x7B61, 0x7B61, 0x7341,
    0x6B20, 0x6300, 0x6300, 0x6300, 0x6300, 0x62E0, 0x62E0, 0x62C0,
    0x6AE2, 0x7325, 0x7B47, 0x8388, 0x8BCA, 0x9BEC, 0x9C0D, 0xA42D,
    0xA40D, 0x9BED, 0x93EC, 0x93CC, 0x8B8B, 0x838B, 0x836A, 0x836B,
    0xED6C, 0xED6C, 0xED6C, 0xED6C, 0xED6C, 0xED6C, 0xED6C, 0xED6C,
    0xED6C, 0xED6C, 0xED6B, 0xED6B, 0xED6B, 0xED6B, 0xED6B, 0xED6B,
    0xED6B, 0xED6B, 0xED6B, 0xED6B, 0xED6B, 0xED6B, 0xF56B, 0xF56B,
    0xF56B, 0xF56B, 0xF56B, 0xF56B, 0xF58B, 0xF58B, 0xF58B, 0xF56B,
    0xF56B, 0xF56B, 0xF56B, 0xF56B, 0xF56B, 0xF56B, 0xF56B, 0xED6B,
    0xED6B, 0xED6B, 0xF56B, 0xED6B, 0xED6B, 0xED6B, 0xED6B, 0xED6B,
    0xED6B, 0xED6B, 0xED6B, 0xED6B, 0xED6B, 0xED8B, 0xED8B, 0xED6B,
    0xED6B, 0xED6B, 0xED6B, 0xED6B, 0xED4B, 0xED4B, 0xED4B, 0xED4B,
    0xED4B, 0xE52B, 0xE54B, 0xE52B, 0xF56C, 0xFD49, 0xFE0E, 0xFF16,
    0xFED4, 0xFEB3, 0xE4E9, 0xD3A4, 0xCB84, 0xC344, 0xBAE3, 0xAA61,
    0xA241, 0xAA81, 0xA220, 0x9A00, 0xAA61, 0xAA61, 0xAA41, 0xB280,
    0xDC89, 0xEDCE, 0xEDCE, 0xF5EF, 0xF630, 0xF631, 0xF5EF, 0xF5EF,
    0xF5CE, 0xE466, 0xD3C3, 0xCB22, 0xC2E1, 0xC302, 0xCB63, 0xCB42,
    0xD383, 0xDBA3, 0xE487, 0xF5AD, 0xF672, 0xF631, 0xF5EF, 0xF630,
    0xF672, 0xF610, 0xF652, 0xF672, 0xFE72, 0xFE51, 0xFE93, 0xFE51,
    0xFE93, 0xF632, 0xF652, 0xF611, 0xF652, 0xF5EF, 0xF651, 0xFEB4,
    0xFED5, 0xFEB4, 0xFED4, 0xFE92, 0xFEB4, 0xF693, 0xFED5, 0xFEB4,
    0xFE72, 0xFE93, 0xFE92, 0xFEB4, 0xFEB4, 0xFE72, 0xFE72, 0xF610,
    0xFE72, 0xF631, 0xF630, 0xFE30, 0xFDEF, 0xF54B, 0xE488, 0xDBC5,
    0xDBC5, 0xD384, 0xE406, 0xDBC5, 0xE467, 0xF5EF, 0xFEB4, 0xFEB4,
    0xF5F0, 0xDC27, 0xD3A5, 0xF52B, 0xCBC7, 0x6120, 0x7160, 0x81A0,
    0x89E0, 0x9A00, 0xAA60, 0xA240, 0xAA20, 0xBB01, 0xE4EA, 0xF5AD,
    0xF5AD, 0xFE2F, 0xFE0F, 0xFE50, 0xFDEE, 0xE425, 0xDBA3, 0xD362,
    0xDB82, 0xDBA2, 0xDBC3, 0xDBC3, 0xE3E3, 0xEC45, 0xFCE7, 0xFDCB,
    0xFED2, 0xFEF4, 0xFDED, 0xBC8A, 0x83E8, 0x8C09, 0x940A, 0x9C2B,
    0xA44C, 0xA46D, 0xAC6E, 0xAC8E, 0xA46D, 0x9C2C, 0x940B, 0x8BCA,
    0x83A8, 0x7B87, 0x7B65, 0x7343, 0x7341, 0x7340, 0x7340, 0x7320,
    0x6B00, 0x62E0, 0x62E0, 0x6B00, 0x6B00, 0x6AE0, 0x62E0, 0x62C1,
    0x6AE3, 0x7326, 0x7B67, 0x8389, 0x93CA, 0x9BEC, 0xA40D, 0xA40D,
    0x9C0D, 0x9BED, 0x93CC, 0x8B8B, 0x8B6B, 0x834A, 0x7B29, 0x7B4A,
    0xED6C, 0xED6C, 0xED6C, 0xED6C, 0xED6C, 0xED6C, 0xED6B, 0xED6B,
    0xED6B, 0xED6B, 0xED6B, 0xED6B, 0xED4B, 0xED6B, 0xED4B, 0xED4B,
    0xED4B, 0xED4B, 0xED4B, 0xED6B, 0xED6B, 0xED6B, 0xED6B, 0xED6B,
    0xED6B, 0xED6B, 0xED6B, 0xED6B, 0xED6B, 0xED6B, 0xED6B, 0xED6B,
    0xED6B, 0xED6B, 0xED6B, 0xED6B, 0xED6B, 0xED6B, 0xED6B, 0xED6B,
    0xED6B, 0xED6B, 0xED4B, 0xED4B, 0xED4B, 0xED6B, 0xED6B, 0xED4B,
    0xED4B, 0xED4B, 0xED4B, 0xED6B, 0xED6B, 0xED6B, 0xED6B, 0xED6B,
    0xED6B, 0xED6B, 0xED4B, 0xED4B, 0xED4B, 0xED4B, 0xED4B, 0xED4B,
    0xE54B, 0xE52B, 0xED4B, 0xED4B, 0xFD6B, 0xFDED, 0xFF36, 0xFF15,
    0xFED4, 0xFE92, 0xECE9, 0xD384, 0xD3A5, 0xB2E2, 0xB2A2, 0xC303,
    0xB2A2, 0xAA82, 0xA220, 0xAA80, 0xB2A1, 0x99E0, 0xAA40, 0xCBC5,
    0xEDAE, 0xEDCE, 0xF610, 0xF5EF, 0xF630, 0xF631, 0xF60F, 0xF60F,
    0xF60F, 0xF5AD, 0xED6B, 0xE466, 0xD362, 0xDBA3, 0xD382, 0xDBE3,
    0xE466, 0xECE8, 0xF610, 0xF631, 0xF672, 0xFE93, 0xFE92, 0xF630,
    0xF651, 0xF693, 0xF693, 0xF651, 0xF672, 0xF631, 0xF693, 0xFE72,
    0xFED5, 0xE58F, 0xED4C, 0xE4CA, 0xDC68, 0xE4A8, 0xED2B, 0xF610,
    0xFE52, 0xFEB4, 0xFE93, 0xF672, 0xF673, 0xFED4, 0xFE94, 0xFED5,
    0xFE72, 0xFEB4, 0xFEB3, 0xFEB4, 0xFED4, 0xFE93, 0xFE93, 0xF651,
    0xF652, 0xFE73, 0xF651, 0xF631, 0xF652, 0xFE52, 0xFE31, 0xECEA,
    0xDBE5, 0xD3A4, 0xDBC4, 0xEC88, 0xF58D, 0xFE30, 0xFE72, 0xFE72,
    0xF5CF, 0xE4AA, 0xDBC6, 0xE426, 0xECC9, 0x9222, 0x7140, 0x7960,
    0x89C0, 0x9A20, 0x9A00, 0x9A20, 0xAA60, 0xCBC6, 0xE50B, 0xEDAD,
    0xF5CE, 0xF5EE, 0xFE51, 0xFE50, 0xF52A, 0xDB82, 0xDBC4, 0xDB83,
    0xDB83, 0xDBA3, 0xE3C3, 0xE3E3, 0xE3E3, 0xEC24, 0xF486, 0xFD28,
    0xFE0C, 0xFF14, 0xFE91, 0xF56B, 0xBCAB, 0x942B, 0x9C4C, 0xA44D,
    0xA46E, 0xAC8E, 0xACAF, 0xAC8F, 0xA48E, 0xA44D, 0x940C, 0x8BEA,
    0x8BA9, 0x7B87, 0x7345, 0x7303, 0x6B01, 0x6B00, 0x6B00, 0x6B00,
    0x6AE0, 0x62C0, 0x62E0, 0x6AE0, 0x6AE0, 0x6AE0, 0x6AC1, 0x6AC2,
    0x6AE4, 0x7B26, 0x8368, 0x8BAA, 0x93CB, 0x9C0D, 0xA42D, 0xA42E,
    0xA40D, 0x9BED, 0x93CC, 0x8B8B, 0x834B, 0x7B2A, 0x7309, 0x7309,
    0xED4C, 0xED4C, 0xED4B, 0xED4B, 0xED4B, 0xED4B, 0xED2B, 0xED2B,
    0xED2B, 0xED2B, 0xED2B, 0xE52B, 0xE52B, 0xED2B, 0xED2B, 0xED2B,
    0xED2A, 0xED2A, 0xED2A, 0xED2A, 0xED2A, 0xED2A, 0xED2A, 0xED2A,
    0xED2A, 0xED2A, 0xED2A, 0xED2B, 0xED2B, 0xED2B, 0xED2B, 0xED2A,
    0xED2A, 0xED2A, 0xED2A, 0xED2B, 0xED4B, 0xED2A, 0xED2A, 0xED2A,
    0xED2A, 0xE52A, 0xE52A, 0xE52A, 0xE52A, 0xE52A, 0xE52A, 0xE52A,
    0xE52A, 0xE52A, 0xE52A, 0xE52A, 0xE52B, 0xE52B, 0xE52B, 0xE52B,
    0xE52A, 0xE52A, 0xE52A, 0xE50A, 0xE52A, 0xE52A, 0xE50A, 0xE50A,
    0xE52A, 0xE52B, 0xE52A, 0xF58C, 0xFE0E, 0xFF15, 0xFF57, 0xFF15,
    0xFEB3, 0xFE71, 0xED2A, 0xD3C5, 0xC323, 0xB2C2, 0xC364, 0xBB03,
    0xBAE2, 0xAA81, 0xB2A1, 0xBAE1, 0xB280, 0xB2A1, 0xD407, 0xED6D,
    0xEDAE, 0xF5EF, 0xF610, 0xF60F, 0xF651, 0xF631, 0xF610, 0xF60F,
    0xF630, 0xF60F, 0xF60F, 0xED6B, 0xECE8, 0xED2A, 0xED09, 0xF58C,
    0xF5AD, 0xF630, 0xF692, 0xF693, 0xF672, 0xFEB4, 0xFEB4, 0xF631,
    0xFE72, 0xF693, 0xF694, 0xF672, 0xFE73, 0xF631, 0xF651, 0xF611,
    0xEDAF, 0xE4EA, 0xDC47, 0xD384, 0xD406, 0xCB63, 0xDBA3, 0xE467,
    0xED0A, 0xFE51, 0xFE72, 0xFEB4, 0xFE93, 0xF673, 0xF672, 0xFED5,
    0xFEB4, 0xFE93, 0xFEB4, 0xFEB4, 0xFEB4, 0xFEB4, 0xFE72, 0xFEB3,
    0xFE93, 0xFE93, 0xFE72, 0xFE93, 0xFE93, 0xF651, 0xF631, 0xFE72,
    0xF5AE, 0xED0A, 0xECE9, 0xF5CE, 0xFE72, 0xFE72, 0xFE72, 0xFE51,
    0xED2C, 0xDC27, 0xE427, 0xDBE6, 0xEC88, 0xC365, 0x7160, 0x81A0,
    0x89C0, 0x89E0, 0x91E0, 0x9A20, 0xB2E2, 0xD448, 0xED4C, 0xED8D,
    0xF5CE, 0xF5EE, 0xFE0F, 0xFE2F, 0xECC8, 0xD361, 0xD361, 0xDBA3,
    0xDBA3, 0xDBA2, 0xDBA3, 0xE3C3, 0xEBE4, 0xEC24, 0xEC24, 0xFCC6,
    0xFE2D, 0xFF35, 0xFF57, 0xFE91, 0xFD8C, 0xBCAC, 0x9C4D, 0xA46E,
    0xAC8F, 0xACAF, 0xB4B0, 0xACB0, 0xAC8F, 0xA44E, 0x9C0C, 0x8BCB,
    0x8389, 0x7B47, 0x7305, 0x6AC3, 0x62A1, 0x62A0, 0x62C0, 0x62C0,
    0x62A0, 0x62A0, 0x6AC0, 0x6AC1, 0x6AC1, 0x6AC1, 0x62A1, 0x6AA2,
    0x72E5, 0x7B27, 0x8369, 0x93AB, 0x9BED, 0xA42D, 0xA42E, 0xA42E,
    0xA42E, 0x9C0E, 0x93CD, 0x8BAC, 0x836B, 0x832A, 0x7B09, 0x7309,
    0xE50B, 0xE50B, 0xE50B, 0xE50A, 0xE50A, 0xE4EA, 0xE4EA, 0xE4EA,
    0xE4EA, 0xE4EA, 0xE4EA, 0xDCEA, 0xDCEA, 0xDCEA, 0xDCEA, 0xE4EA,
    0xE4EA, 0xDCEA, 0xDCEA, 0xE4CA, 0xE4EA, 0xDCCA, 0xE4CA, 0xDCCA,
    0xDCCA, 0xDCCA, 0xDCCA, 0xDCCA, 0xDCEA, 0xDCEA, 0xDCEA, 0xDCEA,
    0xDCCA, 0xDCEA, 0xDCEA, 0xDCEA, 0xE4EA, 0xDCEA, 0xE4EA, 0xE4EA,
    0xDCEA, 0xDCCA, 0xDCCA, 0xDCC9, 0xDCC9, 0xDCC9, 0xDCC9, 0xDCCA,
    0xDCCA, 0xDCCA, 0xDCCA, 0xDCEA, 0xDCEA, 0xDCEA, 0xE4EA, 0xDCEA,
    0xDCEA, 0xDCEA, 0xDCCA, 0xDCCA, 0xDCCA, 0xDCEA, 0xDCEA, 0xDCEA,
    0xDCEA, 0xDCEA, 0xE52B, 0xFE50, 0xFEF4, 0xFF78, 0xFED3, 0xFEF5,
    0xFEB3, 0xFE30, 0xED2A, 0xDBC4, 0xCB63, 0xC323, 0xBB03, 0xB2C2,
    0xBAE2, 0xC323, 0xBAE1, 0xC301, 0xCBA4, 0xE4C9, 0xEDAD, 0xEDCF,
    0xEDCE, 0xF610, 0xF5EF, 0xF5EF, 0xF630, 0xF630, 0xF630, 0xF651,
    0xF630, 0xF610, 0xF5CE, 0xF5EE, 0xF60F, 0xF631, 0xF630, 0xFE72,
    0xF631, 0xFE93, 0xFE72, 0xFE92, 0xF672, 0xF652, 0xFE93, 0xFE93,
    0xF672, 0xF610, 0xF652, 0xF652, 0xFE93, 0xF611, 0xED8E, 0xE50B,
    0xCBA5, 0xD3A4, 0xDBE4, 0xCB02, 0xD3A4, 0xD3A4, 0xDBA4, 0xD3C4,
    0xE425, 0xF54B, 0xFE93, 0xFEB4, 0xFED5, 0xFEB4, 0xF652, 0xFE93,
    0xFEB4, 0xFED5, 0xFEB4, 0xFEB4, 0xFEB4, 0xFEB4, 0xFE93, 0xFE93,
    0xFED4, 0xFED4, 0xFE93, 0xFE52, 0xFED5, 0xFE93, 0xFE52, 0xF672,
    0xFE72, 0xFE52, 0xFE30, 0xFE72, 0xFE72, 0xFE93, 0xFE93, 0xFEB4,
    0xED2C, 0xCB64, 0xDBE6, 0xDC06, 0xE406, 0xE427, 0x9201, 0x7160,
    0x8180, 0x81A0, 0x81A0, 0x9200, 0xBB23, 0xDC89, 0xED8D, 0xF5EE,
    0xF5CD, 0xF5CD, 0xF5CE, 0xECE8, 0xDBC3, 0xCB21, 0xCB21, 0xDB82,
    0xE3C3, 0xDB82, 0xDBA2, 0xE3A2, 0xEC04, 0xEC24, 0xEC44, 0xF4A6,
    0xFE0C, 0xFF13, 0xFF99, 0xFF99, 0xFEF4, 0xF630, 0xCD70, 0xB4CF,
    0xB4AF, 0xB4AF, 0xB4B0, 0xB4B0, 0xAC8F, 0xA44E, 0x9C0D, 0x8BAB,
    0x8369, 0x7327, 0x6AE5, 0x62A3, 0x5A61, 0x5A60, 0x5A80, 0x6280,
    0x6281, 0x6280, 0x62A1, 0x6AA1, 0x62A1, 0x62A1, 0x6281, 0x6AA3,
    0x72E6, 0x7B28, 0x8B8A, 0x93CC, 0x9C0D, 0xA42E, 0xA44F, 0xA44F,
    0xA44F, 0xA42E, 0x9BED, 0x93CC, 0x8B8C, 0x834B, 0x7B2A, 0x7B29,
    0xD4AA, 0xDCAA, 0xDCAA, 0xD4AA, 0xD4AA, 0xD4AA, 0xD48A, 0xD489,
    0xD489, 0xD489, 0xD489, 0xD489, 0xD489, 0xD489, 0xD489, 0xD489,
    0xD489, 0xD489, 0xD469, 0xD469, 0xD469, 0xD469, 0xD469, 0xD469,
    0xD469, 0xD469, 0xD469, 0xD469, 0xD469, 0xD469, 0xD469, 0xD469,
    0xD469, 0xD469, 0xD469, 0xD469, 0xD469, 0xD469, 0xD469, 0xD469,
    0xD469, 0xD469, 0xD468, 0xD468, 0xCC48, 0xD448, 0xD468, 0xD489,
    0xD489, 0xD489, 0xD4A9, 0xD4A9, 0xD4A9, 0xD4A9, 0xD4A9, 0xD4A9,
    0xD4A9, 0xD489, 0xD489, 0xD489, 0xD489, 0xD489, 0xD489, 0xD489,
    0xD489, 0xD4A9, 0xF630, 0xFF78, 0xFF15, 0xFE50, 0xFD8B, 0xFED4,
    0xFEB3, 0xFE2F, 0xECE9, 0xD3A4, 0xCB43, 0xBAC2, 0xBB03, 0xB2A2,
    0xC323, 0xCB63, 0xDC25, 0xE4C8, 0xED4C, 0xEDAD, 0xF5EF, 0xEDCE,
    0xF5CE, 0xEDCE, 0xEDF0, 0xF630, 0xF5EE, 0xF5CE, 0xF5EF, 0xF651,
    0xF630, 0xF5EF, 0xF630, 0xF630, 0xF60F, 0xF610, 0xFE72, 0xFE93,
    0xFE93, 0xF672, 0xF672, 0xFEB3, 0xF631, 0xF672, 0xF672, 0xFE93,
    0xF672, 0xEDAE, 0xF5CF, 0xED4D, 0xEDAF, 0xED6E, 0xDC68, 0xD3C5,
    0xC302, 0xC343, 0xCB63, 0xD3A4, 0xCB22, 0xD363, 0xCB43, 0xCB63,
    0xD3A4, 0xE467, 0xFE30, 0xFE93, 0xF673, 0xFEB4, 0xFEB4, 0xFE72,
    0xFE93, 0xF694, 0xFED5, 0xFE94, 0xFE93, 0xFE93, 0xFE93, 0xFE52,
    0xF652, 0xFE93, 0xFE93, 0xFE73, 0xF652, 0xF672, 0xFE51, 0xFE72,
    0xF651, 0xF652, 0xFE94, 0xFE72, 0xFE72, 0xFE52, 0xFE93, 0xFE72,
    0xED6D, 0xDBE6, 0xD344, 0xE406, 0xE427, 0xE427, 0xC344, 0x7160,
    0x7980, 0x81A0, 0x81A0, 0xA261, 0xCC07, 0xE50B, 0xED6C, 0xEDAD,
    0xF5EE, 0xF5CE, 0xF5EE, 0xE446, 0xCB21, 0xCB21, 0xCB01, 0xD321,
    0xDB82, 0xDB61, 0xDB82, 0xE382, 0xE3C2, 0xEC04, 0xF444, 0xFD28,
    0xFE4E, 0xFED3, 0xFF36, 0xFF78, 0xFFBB, 0xFFBA, 0xFF99, 0xEE54,
    0xB4AF, 0xB4B0, 0xB4D0, 0xB4B0, 0xAC8F, 0xA44E, 0x9C0D, 0x8BAB,
    0x7B49, 0x7307, 0x6AA5, 0x5A63, 0x5A20, 0x5A20, 0x5A20, 0x5A40,
    0x6241, 0x6261, 0x6281, 0x6A81, 0x6261, 0x6261, 0x6261, 0x6A83,
    0x72C6, 0x7B28, 0x8B8A, 0x93EC, 0x9C2E, 0xA44F, 0xAC70, 0xAC70,
    0xA470, 0xA44F, 0x9C0E, 0x93ED, 0x8B8C, 0x836B, 0x834B, 0x7B2A,
    0xCC29, 0xCC49, 0xCC29, 0xCC29, 0xCC29, 0xC429, 0xC429, 0xC429,
    0xC429, 0xC429, 0xC429, 0xC428, 0xC408, 0xC408, 0xC408, 0xC408,
    0xC408, 0xC408, 0xC408, 0xC408, 0xC3E8, 0xC3E8, 0xC3E7, 0xC3E7,
    0xC408, 0xC408, 0xC408, 0xC408, 0xC408, 0xC408, 0xC3E7, 0xC3E7,
    0xC3E7, 0xC3E7, 0xC3E7, 0xC3E7, 0xC3E7, 0xC3E8, 0xC407, 0xC3E7,
    0xC3E7, 0xC3E7, 0xC3E7, 0xC3E7, 0xC3E7, 0xC407, 0xC408, 0xCC28,
    0xCC48, 0xCC48, 0xD468, 0xCC69, 0xCC69, 0xCC69, 0xCC69, 0xCC49,
    0xCC49, 0xC449, 0xC449, 0xC449, 0xC449, 0xC449, 0xC449, 0xC449,
    0xC449, 0xD4CA, 0xFF58, 0xFF78, 0xFDEE, 0xFD6A, 0xFE0F, 0xFF15,
    0xFE71, 0xF5EE, 0xE4C8, 0xCB63, 0xC2E2, 0xC302, 0xBAE2, 0xBAC1,
    0xCB63, 0xE4C9, 0xF5CD, 0xF5CE, 0xF5CE, 0xF5CE, 0xF5EF, 0xEDCE,
    0xEDCE, 0xF5CF, 0xF610, 0xED2B, 0xDC47, 0xF5CE, 0xF5F0, 0xF630,
    0xF610, 0xF610, 0xF651, 0xF630, 0xF630, 0xFE72, 0xFEB4, 0xF631,
    0xFE72, 0xF672, 0xF693, 0xFEB4, 0xF652, 0xF671, 0xF631, 0xFEB3,
    0xEDAE, 0xE4EB, 0xE50B, 0xDC89, 0xDC06, 0xE447, 0xD384, 0xCB64,
    0xC302, 0xCB23, 0xBAE2, 0xCB43, 0xCB43, 0xD383, 0xC302, 0xD384,
    0xD383, 0xE3E4, 0xED0A, 0xF630, 0xFE72, 0xFE72, 0xF672, 0xF673,
    0xFEB5, 0xF673, 0xF673, 0xFED4, 0xFEB4, 0xFE72, 0xF652, 0xF693,
    0xED8E, 0xF5EF, 0xF631, 0xFE93, 0xF693, 0xF673, 0xFE72, 0xF631,
    0xFE93, 0xF651, 0xFE93, 0xFEB4, 0xFE92, 0xFE93, 0xFEB4, 0xF651,
    0xDC28, 0xD3A5, 0xD3A5, 0xDBE6, 0xE427, 0xDC06, 0xDBE6, 0x89E1,
    0x7960, 0x89E0, 0xAAA2, 0xBB64, 0xD448, 0xE52B, 0xE52B, 0xED6C,
    0xF5AD, 0xF5CE, 0xF5ED, 0xE446, 0xCB00, 0xCB00, 0xCB21, 0xD382,
    0xDB82, 0xD361, 0xD320, 0xE381, 0xE3A1, 0xF4A6, 0xFDCC, 0xFE6F,
    0xFEB2, 0xFEB2, 0xFED3, 0xFF15, 0xFF57, 0xFF9A, 0xFFFD, 0xFFBB,
    0xD5B3, 0xB4D0, 0xB4D0, 0xACB0, 0xAC6F, 0xA44E, 0x93ED, 0x8B8B,
    0x7B49, 0x72E7, 0x6285, 0x5A43, 0x5201, 0x5200, 0x5200, 0x5A00,
    0x5A21, 0x6241, 0x6262, 0x6261, 0x6241, 0x6241, 0x6241, 0x6A84,
    0x72C7, 0x7B29, 0x8B8B, 0x93ED, 0xA42E, 0xA44F, 0xAC90, 0xAC90,
    0xAC70, 0xA470, 0xA42F, 0x9BEE, 0x93AD, 0x8B8C, 0x834B, 0x834B,
    0xB3A7, 0xB3A7, 0xB3A7, 0xB3A7, 0xB3A8, 0xB3A8, 0xB3A8, 0xB3A7,
    0xB3A8, 0xB3A8, 0xB3A8, 0xB3A8, 0xB3A7, 0xB387, 0xB387, 0xB387,
    0xB387, 0xB387, 0xB387, 0xB367, 0xAB66, 0xB366, 0xAB66, 0xB366,
    0xB366, 0xB366, 0xB366, 0xB366, 0xB366, 0xB366, 0xB366, 0xAB66,
    0xAB66, 0xAB66, 0xB366, 0xB366, 0xB366, 0xB366, 0xB366, 0xB386,
    0xB366, 0xB366, 0xB366, 0xB386, 0xB386, 0xB3A7, 0xBBC7, 0xBBE7,
    0xC408, 0xC408, 0xCC28, 0xCC28, 0xC428, 0xC428, 0xC428, 0xBC08,
    0xBC08, 0xBC08, 0xBC08, 0xBC08, 0xBBE8, 0xBBE8, 0xBBE8, 0xBC08,
    0xBBE8, 0xE5D0, 0xFFBA, 0xFE50, 0xFDAC, 0xFDCC, 0xFE2F, 0xFED3,
    0xFE51, 0xFE30, 0xE4C8, 0xCB63, 0xBAC2, 0xCB43, 0xC302, 0xCB63,
    0xE50B, 0xF60F, 0xF5EF, 0xF5EF, 0xF5EE, 0xF5EF, 0xF5EF, 0xEDEF,
    0xEDCE, 0xE50B, 0xDC27, 0xCB23, 0xCB84, 0xE4C9, 0xE50B, 0xF630,
    0xF610, 0xF630, 0xF672, 0xF651, 0xF651, 0xF630, 0xFE72, 0xF652,
    0xFE93, 0xF651, 0xF693, 0xFED5, 0xF673, 0xF651, 0xF630, 0xEDAE,
    0xDC89, 0xDC47, 0xDC48, 0xD3A5, 0xC323, 0xBAE2, 0xCB43, 0xCB43,
    0xD3A4, 0xCB63, 0xB2A1, 0xC302, 0xCB63, 0xCB43, 0xC302, 0xD363,
    0xD363, 0xD383, 0xE405, 0xF58D, 0xFE93, 0xFE93, 0xF693, 0xF694,
    0xF673, 0xFE94, 0xF652, 0xFE93, 0xFED4, 0xFE93, 0xED6D, 0xED6D,
    0xE488, 0xE468, 0xE4A9, 0xF54C, 0xF610, 0xF652, 0xFE72, 0xF631,
    0xF652, 0xFE73, 0xF652, 0xFE93, 0xFEB3, 0xFEB4, 0xFEB4, 0xFE72,
    0xDC28, 0xCB64, 0xDBC6, 0xDBC5, 0xE406, 0xE406, 0xE406, 0x9A61,
    0x79A0, 0x9A82, 0xBB85, 0xCC48, 0xD469, 0xDCEA, 0xE54C, 0xED8D,
    0xF5CD, 0xF5CE, 0xF58B, 0xDC25, 0xCB00, 0xCB00, 0xD341, 0xD361,
    0xD361, 0xE3A1, 0xDB81, 0xEC24, 0xFD29, 0xFDEC, 0xFEB1, 0xFED2,
    0xFEF3, 0xFEF3, 0xFEB2, 0xFEB2, 0xFEF4, 0xFF57, 0xFF79, 0xFFFC,
    0xFF9B, 0xCDB3, 0xACB0, 0xA46F, 0xA44F, 0x9C2E, 0x93CD, 0x838B,
    0x7B29, 0x6AC8, 0x6286, 0x5A23, 0x51E1, 0x51C0, 0x51C0, 0x59E0,
    0x5A01, 0x6221, 0x6242, 0x6241, 0x5A21, 0x5A21, 0x6222, 0x6A65,
    0x72C7, 0x8329, 0x8B8B, 0x93ED, 0xA42F, 0xA470, 0xAC90, 0xAC90,
    0xAC90, 0xA470, 0xA450, 0x9C0F, 0x93EE, 0x8BAD, 0x836C, 0x834B,
    0xA306, 0xA306, 0x9B06, 0x9B26, 0xA326, 0xA326, 0xA326, 0xA326,
    0xA326, 0xA326, 0xA326, 0xA326, 0xA326, 0x9B06, 0x9B06, 0x9B06,
    0x9B06, 0x9AE5, 0x9AE5, 0x92E5, 0x9AE5, 0x9AE5, 0x9AE5, 0x9AE5,
    0x9AE5, 0x9AE5, 0x9AC5, 0x9AE5, 0x9AE5, 0x9AC4, 0x9AC4, 0x9AC4,
    0x9AC4, 0x9AC4, 0x9AE4, 0x9AE4, 0xA2E5, 0xA2E5, 0xA2E5, 0xA2E4,
    0xA2E4, 0xA2E4, 0xA304, 0xA305, 0xA325, 0xAB46, 0xB366, 0xB387,
    0xBBC7, 0xBBE8, 0xC408, 0xC408, 0xBBE8, 0xBBE8, 0xB3E8, 0xB3C8,
    0xABA8, 0xABA8, 0xABA8, 0xABA8, 0xABA8, 0xABA8, 0xABA8, 0xAB87,
    0xBC09, 0xF6B4, 0xFE70, 0xFDCC, 0xFD8B, 0xFD6B, 0xFD6B, 0xFE50,
    0xFE72, 0xFE71, 0xF54A, 0xD383, 0xBAA1, 0xC322, 0xDC47, 0xED8D,
    0xF60F, 0xF5EE, 0xF5EF, 0xF5EF, 0xF60F, 0xF631, 0xED8D, 0xED8D,
    0xDC47, 0xCB63, 0xBAC1, 0xAA40, 0xCB63, 0xC322, 0xCBE6, 0xED4C,
    0xED8D, 0xF651, 0xF630, 0xF651, 0xFE51, 0xFE72, 0xFE71, 0xFE51,
    0xFE92, 0xFE93, 0xFE92, 0xFED4, 0xF652, 0xF610, 0xE50B, 0xD3E6,
    0xD426, 0xD363, 0xDBA4, 0xD363, 0xBAE2, 0xB2A2, 0xB281, 0xC302,
    0xCB42, 0xCB43, 0xCB43, 0xD364, 0xC302, 0xCB23, 0xCB22, 0xDBA3,
    0xD343, 0xCB43, 0xDBC4, 0xECE9, 0xF651, 0xFED5, 0xFEB4, 0xFEB4,
    0xF673, 0xF651, 0xFEB4, 0xFEB4, 0xFED5, 0xFE73, 0xE4CA, 0xD3C5,
    0xDBE5, 0xDC26, 0xDC06, 0xE426, 0xE446, 0xED0A, 0xF56C, 0xF5EF,
    0xFE31, 0xFE93, 0xFE72, 0xFEB4, 0xFEB4, 0xFED5, 0xFEB3, 0xFEB3,
    0xE4EB, 0xCB44, 0xD3A5, 0xDBC5, 0xE406, 0xE427, 0xEC67, 0xBB44,
    0x8A21, 0xAB46, 0xC3E8, 0xCC69, 0xDCCA, 0xDCCA, 0xE52B, 0xED4C,
    0xED2B, 0xED8C, 0xF5AD, 0xECE9, 0xDC25, 0xDBC3, 0xDBE4, 0xE445,
    0xE445, 0xF508, 0xFDAC, 0xFE0E, 0xFE70, 0xFE70, 0xFE6F, 0xFE90,
    0xFE90, 0xFEB1, 0xFEB1, 0xFE70, 0xFEB1, 0xFEB2, 0xFEF4, 0xFF78,
    0xFFDD, 0xFF9B, 0xBD11, 0x9C0E, 0x9C2E, 0x93ED, 0x8BAC, 0x836B,
    0x7B09, 0x6AA8, 0x6266, 0x5A03, 0x51C1, 0x51A0, 0x51A0, 0x51C1,
    0x5A01, 0x6221, 0x6221, 0x6221, 0x5A01, 0x59E0, 0x5A22, 0x6A65,
    0x72C8, 0x7B2A, 0x8B8C, 0x93ED, 0xA42F, 0xA470, 0xAC90, 0xAC90,
    0xAC90, 0xA470, 0xA450, 0x9C2F, 0x93EE, 0x8BAD, 0x8B8C, 0x834B,
    0x8A85, 0x8A85, 0x8AA5, 0x8AA5, 0x8AA5, 0x8AA5, 0x8AA5, 0x8AA5,
    0x8AA5, 0x8AA5, 0x8AA5, 0x8AA5, 0x8AA5, 0x8A85, 0x8A85, 0x8285,
    0x8264, 0x8264, 0x8264, 0x8244, 0x8243, 0x8243, 0x8243, 0x8243,
    0x8243, 0x8243, 0x8243, 0x8243, 0x8243, 0x8242, 0x8222, 0x8242,
    0x8243, 0x8A43, 0x8A42, 0x8A63, 0x8A63, 0x8A63, 0x8A63, 0x8A83,
    0x9283, 0x9283, 0x9283, 0x92A3, 0x9AC4, 0xA305, 0xA326, 0xAB66,
    0xB387, 0xBBC7, 0xBBE8, 0xBBE8, 0xBBC8, 0xB3C8, 0xABA8, 0xAB88,
    0xA368, 0xA368, 0x9B68, 0x9B68, 0x9B47, 0x9B47, 0x9B47, 0x9B47,
    0xD50D, 0xFE90, 0xFE0D, 0xFDEC, 0xFD6B, 0xF509, 0xECC8, 0xFE92,
    0xFEB3, 0xFE71, 0xF5AD, 0xE487, 0xCB83, 0xE4C9, 0xF60F, 0xF630,
    0xF5EE, 0xF5EF, 0xF60F, 0xF5CE, 0xF631, 0xF5CF, 0xECE9, 0xDC06,
    0xC2E1, 0xC2C1, 0xAA41, 0xB281, 0xCB22, 0xBAC2, 0xCB85, 0xCB63,
    0xE4CA, 0xF630, 0xF610, 0xF651, 0xFE72, 0xFE72, 0xFE51, 0xF630,
    0xFE92, 0xFE93, 0xF652, 0xFEB4, 0xF5EF, 0xE488, 0xDC26, 0xC323,
    0xCB43, 0xCB43, 0xCB22, 0xC2E2, 0xBAE2, 0xBAC2, 0xB2A1, 0xC302,
    0xBAE2, 0xC2E2, 0xCB64, 0xD363, 0xCB43, 0xCB22, 0xCB43, 0xCB22,
    0xCB43, 0xCB43, 0xDC05, 0xE487, 0xF631, 0xFED5, 0xFED5, 0xFE93,
    0xF673, 0xFE72, 0xFE72, 0xFEB4, 0xFED5, 0xED6D, 0xE447, 0xDBC5,
    0xCB64, 0xD3A4, 0xDC26, 0xDBC5, 0xD3A4, 0xE467, 0xE467, 0xECA8,
    0xED0A, 0xF54B, 0xF54B, 0xFE51, 0xFEF5, 0xFEF5, 0xFED4, 0xFE72,
    0xED8E, 0xD3A5, 0xDBA5, 0xDBA5, 0xDBE6, 0xEC68, 0xE447, 0xE427,
    0xAB45, 0xAB86, 0xC449, 0xD489, 0xD4AA, 0xDCCA, 0xDCEA, 0xE50B,
    0xED4C, 0xED6C, 0xED6B, 0xF56B, 0xF54B, 0xED09, 0xF54A, 0xF58B,
    0xFDAC, 0xFE0E, 0xFE91, 0xFE4F, 0xFE4F, 0xFE4F, 0xFE6F, 0xFE4E,
    0xFE70, 0xFE90, 0xFEB1, 0xFED2, 0xFED2, 0xFEB1, 0xFEF3, 0xFF15,
    0xFF7A, 0xFFFD, 0xF718, 0xB4D0, 0x93EE, 0x8BCD, 0x836C, 0x7B2A,
    0x72C8, 0x6287, 0x5A45, 0x51E3, 0x51A1, 0x4980, 0x4980, 0x51A1,
    0x59E1, 0x6201, 0x6201, 0x5A01, 0x59E1, 0x51C1, 0x5A02, 0x6266,
    0x72A8, 0x7B0A, 0x836C, 0x93CD, 0x9C0E, 0xA450, 0xA470, 0xA470,
    0xA470, 0xA470, 0x9C50, 0x9C0F, 0x93EF, 0x8BCE, 0x8B8D, 0x834C,
    0x7A44, 0x7A44, 0x7A44, 0x7A44, 0x7A45, 0x7A65, 0x7A65, 0x7A64,
    0x7A44, 0x7A44, 0x7A44, 0x7A44, 0x7A44, 0x7A44, 0x7A24, 0x7224,
    0x7203, 0x7203, 0x71E3, 0x71E2, 0x71E2, 0x7202, 0x7202, 0x71E2,
    0x71E2, 0x7202, 0x7202, 0x7A02, 0x71E2, 0x71E1, 0x79E1, 0x79E1,
    0x79E1, 0x79E1, 0x79E1, 0x7A01, 0x7A02, 0x8222, 0x8222, 0x8222,
    0x8A42, 0x8A42, 0x8A62, 0x8A83, 0x92A3, 0x9AE4, 0xA325, 0xAB66,
    0xB3A7, 0xBBC8, 0xBBE8, 0xBBE8, 0xBBC8, 0xB3C8, 0xABA8, 0xA388,
    0x9B48, 0x9B48, 0x9B48, 0x9348, 0x9327, 0x9327, 0x9307, 0x9B47,
    0xED8D, 0xFE2E, 0xFE4F, 0xFDAB, 0xFD8B, 0xF4A8, 0xFDEE, 0xFED3,
    0xFED3, 0xFE71, 0xF5EE, 0xF5CD, 0xF5AD, 0xFE30, 0xF630, 0xF630,
    0xF630, 0xF60F, 0xF5CE, 0xF610, 0xF5EF, 0xECC9, 0xE446, 0xCB63,
    0xBAA1, 0xB261, 0xA201, 0xAA81, 0xB281, 0xAA81, 0xBB02, 0xC322,
    0xE4A8, 0xED6C, 0xF631, 0xFE72, 0xFE71, 0xFE72, 0xFE72, 0xFE72,
    0xFE92, 0xFE72, 0xF651, 0xFE92, 0xECEA, 0xD362, 0xD383, 0xD384,
    0xCB43, 0xC343, 0xBB03, 0xB282, 0xBAE2, 0xC303, 0xBB02, 0xC323,
    0xC323, 0xC303, 0xCB43, 0xD3C5, 0xD3A4, 0xCB22, 0xCB23, 0xCB43,
    0xC323, 0xC323, 0xD3C4, 0xE446, 0xF5AE, 0xFEB4, 0xFE94, 0xF652,
    0xFE93, 0xFEB4, 0xFEB4, 0xFEB4, 0xF693, 0xE4CA, 0xD384, 0xD3C5,
    0xD384, 0xD3A4, 0xDBE5, 0xD3A4, 0xD3A4, 0xD3C5, 0xE426, 0xE406,
    0xE426, 0xE405, 0xEC47, 0xF4E9, 0xFDCD, 0xFEB3, 0xFEF5, 0xFED4,
    0xF652, 0xD3A5, 0xCB44, 0xDBA5, 0xDBC5, 0xEC68, 0xEC68, 0xEC88,
    0xCBC6, 0xB3A7, 0xC429, 0xCC6A, 0xD4AA, 0xDCCA, 0xDCEA, 0xE50B,
    0xED4B, 0xED4B, 0xED4B, 0xED6B, 0xF58C, 0xF5AD, 0xF58C, 0xF5AC,
    0xF56A, 0xFDAB, 0xFDED, 0xFE70, 0xFE70, 0xFE4E, 0xFE6F, 0xFE90,
    0xFE91, 0xFE90, 0xFEB1, 0xFED3, 0xFEF4, 0xFEF3, 0xFEF3, 0xFEF4,
    0xFF36, 0xFF78, 0xFFFC, 0xEEF8, 0xAC8F, 0x836C, 0x7B2B, 0x72E9,
    0x62A8, 0x5A46, 0x5204, 0x51C2, 0x4981, 0x4980, 0x4981, 0x51A1,
    0x59C1, 0x59E1, 0x59E1, 0x59C1, 0x51A1, 0x51A1, 0x59E3, 0x6245,
    0x6A88, 0x72EA, 0x834B, 0x8B8D, 0x93EE, 0x9C2F, 0xA450, 0xA450,
    0x9C30, 0x9C30, 0x9C0F, 0x940F, 0x93EE, 0x8BAE, 0x8B8D, 0x834C,
    0x7224, 0x7224, 0x7224, 0x7224, 0x7A24, 0x7A24, 0x7A24, 0x7A24,
    0x7224, 0x7224, 0x7224, 0x7224, 0x7224, 0x7224, 0x7203, 0x7203,
    0x7203, 0x69E3, 0x69C2, 0x69C2, 0x71E2, 0x71E2, 0x71E2, 0x71E2,
    0x71E2, 0x71E2, 0x71E2, 0x71E2, 0x71E2, 0x71E1, 0x71C1, 0x71E1,
    0x79E1, 0x79E1, 0x79E1, 0x79E1, 0x7A01, 0x8202, 0x8222, 0x8222,
    0x8A42, 0x8A42, 0x8A63, 0x9283, 0x92A4, 0x9AE5, 0xAB26, 0xB387,
    0xBBC8, 0xBBE8, 0xC3E8, 0xC408, 0xBBE8, 0xB3C8, 0xABA8, 0xA368,
    0x9B48, 0x9B48, 0x9348, 0x9348, 0x9327, 0x9327, 0x82E6, 0xABC8,
    0xFDEE, 0xFE50, 0xFE0D, 0xFD8B, 0xF4E8, 0xF50A, 0xF54B, 0xFE30,
    0xFEF4, 0xFE30, 0xFE50, 0xFE51, 0xF630, 0xF62F, 0xF60F, 0xF630,
    0xF651, 0xF60F, 0xED4B, 0xED6C, 0xECA9, 0xDBA4, 0xD383, 0xC2C1,
    0xAA40, 0xAA41, 0xB281, 0xB281, 0xB2A1, 0xBAC2, 0xBAE1, 0xCB43,
    0xD3A4, 0xE4A8, 0xF5CE, 0xFE30, 0xFE92, 0xFE93, 0xFE92, 0xFE93,
    0xF692, 0xF631, 0xF651, 0xF5AD, 0xE446, 0xCB43, 0xD363, 0xD3A4,
    0xCB02, 0xBAC2, 0xB282, 0xB2A2, 0xBAE2, 0xBAE2, 0xC302, 0xCB43,
    0xBAE2, 0xBAC2, 0xCB43, 0xD3A4, 0xDBA4, 0xC303, 0xCB64, 0xCB64,
    0xC302, 0xC302, 0xD3A4, 0xDC26, 0xF58D, 0xF652, 0xF693, 0xF672,
    0xF672, 0xF651, 0xF673, 0xFE93, 0xF652, 0xDC27, 0xCB43, 0xC2E2,
    0xCB64, 0xB2C3, 0xC323, 0xD3A4, 0xD3A4, 0xD3A4, 0xDBE6, 0xDC06,
    0xDBE5, 0xDBC5, 0xDBC5, 0xE426, 0xEC66, 0xFDEE, 0xFEB3, 0xFED4,
    0xFEF5, 0xE52C, 0xCB64, 0xD3A5, 0xE406, 0xDBA5, 0xE427, 0xE426,
    0xD3E6, 0xBBA7, 0xBC08, 0xCC49, 0xCC48, 0xD469, 0xDCEB, 0xE54C,
    0xED4C, 0xED4B, 0xED8C, 0xF5AC, 0xF5AC, 0xED4A, 0xF58B, 0xF5AC,
    0xF58B, 0xFDCC, 0xFDCC, 0xFDED, 0xFDED, 0xFE4F, 0xFE4E, 0xFE6F,
    0xFE91, 0xFE91, 0xFE91, 0xFED2, 0xFEF3, 0xFEF4, 0xFEF3, 0xFEF3,
    0xFE91, 0xFED3, 0xFF79, 0xFFFE, 0xE6B7, 0x838C, 0x6AEA, 0x6AC9,
    0x6288, 0x5A46, 0x5205, 0x51C3, 0x51A1, 0x51A1, 0x51A1, 0x51C2,
    0x59E2, 0x59E2, 0x59E2, 0x59C2, 0x51C1, 0x51A1, 0x59E3, 0x6225,
    0x6A88, 0x72EA, 0x7B2B, 0x838C, 0x93CE, 0x93EF, 0x9C0F, 0x9C0F,
    0x9C0F, 0x940F, 0x93EF, 0x8BCE, 0x8BCE, 0x8BAD, 0x836D, 0x834C,
    0x7224, 0x7224, 0x7224, 0x7224, 0x7224, 0x7224, 0x7224, 0x7224,
    0x7224, 0x7224, 0x7224, 0x7224, 0x7224, 0x7204, 0x7203, 0x71E3,
    0x69E3, 0x69E2, 0x69C2, 0x69C2, 0x69E2, 0x71E2, 0x71E2, 0x71E2,
    0x71E2, 0x71E2, 0x71E2, 0x71E2, 0x71E2, 0x71E1, 0x71E1, 0x71E1,
    0x79E1, 0x79E1, 0x79E1, 0x7A01, 0x7A01, 0x8202, 0x8222, 0x8222,
    0x8A42, 0x8A63, 0x9263, 0x9283, 0x9AC4, 0xA305, 0xAB46, 0xB3A7,
    0xBBC8, 0xC409, 0xC409, 0xC409, 0xBC09, 0xBBE8, 0xABA8, 0xA388,
    0x9B48, 0x9B48, 0x9348, 0x9327, 0x9327, 0x8B27, 0x8AE7, 0xCC8A,
    0xFE2F, 0xFE50, 0xFE0D, 0xF52A, 0xEC67, 0xF4E9, 0xECC9, 0xFE92,
    0xFEB3, 0xFE2F, 0xFE92, 0xFE51, 0xFE50, 0xF630, 0xF60F, 0xF5CE,
    0xF54C, 0xE488, 0xE468, 0xECA8, 0xDBA4, 0xD384, 0xD363, 0xBAA1,
    0xBAA1, 0xB281, 0xB2A1, 0xC2E1, 0xAA61, 0xB2A1, 0xCB22, 0xC302,
    0xD383, 0xD3A4, 0xED6C, 0xFE72, 0xF672, 0xF651, 0xFE93, 0xFE92,
    0xFE93, 0xF651, 0xF5EE, 0xE466, 0xD3A4, 0xD342, 0xD363, 0xCB23,
    0xCB22, 0xBAC2, 0xBAE2, 0xBAE2, 0xB2A1, 0xB281, 0xCB42, 0xCB63,
    0xD384, 0xCB84, 0xCB44, 0xCB23, 0xCB02, 0xC303, 0xD3A4, 0xCB43,
    0xC2E2, 0xD384, 0xD363, 0xE405, 0xF5AD, 0xF631, 0xF673, 0xFEB4,
    0xFEB4, 0xF652, 0xF631, 0xF631, 0xED6D, 0xDBE6, 0xCB43, 0xCB64,
    0xCB63, 0xCB64, 0xB2A2, 0xDB84, 0xD3A4, 0xDBA4, 0xD384, 0xDC06,
    0xDBC5, 0xDBC5, 0xDBA4, 0xE405, 0xDBC4, 0xEC87, 0xFE71, 0xFE93,
    0xFE93, 0xF5F0, 0xE448, 0xDBC5, 0xDBE6, 0xDBE6, 0xDBE6, 0xDBE6,
    0xDC06, 0xBB86, 0xB3A7, 0xB345, 0xBB44, 0xD428, 0xDCCB, 0xE50B,
    0xE52B, 0xE52B, 0xED8C, 0xF5AD, 0xF5AD, 0xED6B, 0xF56B, 0xF56A,
    0xFDCC, 0xF5AB, 0xFDEC, 0xFE0D, 0xFDED, 0xFE0D, 0xFE70, 0xFE70,
    0xFE90, 0xFEB2, 0xFE92, 0xFE91, 0xFED3, 0xFEF3, 0xFE92, 0xE56D,
    0xBC09, 0xC40A, 0xE590, 0xEE13, 0xF613, 0xC4CF, 0x730A, 0x72E9,
    0x72E9, 0x6AA8, 0x6266, 0x6245, 0x6224, 0x6224, 0x6225, 0x6245,
    0x6A45, 0x6A45, 0x6A45, 0x6245, 0x6225, 0x6224, 0x6225, 0x6267,
    0x6AA8, 0x72EA, 0x7B2B, 0x836C, 0x8BAD, 0x93CE, 0x93EE, 0x93CE,
    0x8BCE, 0x8BCE, 0x8BAE, 0x8BAE, 0x838E, 0x836D, 0x7B4C, 0x7B2C,
    0x7224, 0x7224, 0x7224, 0x7224, 0x7224, 0x7224, 0x7224, 0x7224,
    0x7224, 0x7224, 0x7224, 0x7224, 0x7204, 0x7204, 0x7203, 0x69E3,
    0x69E3, 0x69C2, 0x69C2, 0x69C2, 0x69E2, 0x71E2, 0x71E2, 0x71E2,
    0x71E2, 0x71E2, 0x71E2, 0x71E2, 0x71E2, 0x71E1, 0x71E1, 0x79E1,
    0x79E1, 0x79E1, 0x79E1, 0x7A01, 0x8202, 0x8222, 0x8222, 0x8A42,
    0x8A43, 0x8A63, 0x9283, 0x92A4, 0x9AE5, 0xA306, 0xAB67, 0xBBA8,
    0xC3E8, 0xC429, 0xC429, 0xC429, 0xC409, 0xBBE9, 0xB3A8, 0xA388,
    0x9B48, 0x9B48, 0x9348, 0x9348, 0x9327, 0x9327, 0xA388, 0xF58C,
    0xFE2E, 0xFDED, 0xFDEE, 0xF54A, 0xF4C8, 0xF4E9, 0xEC67, 0xFE51,
    0xFE92, 0xFE92, 0xFEB3, 0xFE71, 0xFE51, 0xF60F, 0xED2B, 0xDC26,
    0xD384, 0xD384, 0xDC07, 0xDBE6, 0xCB43, 0xCB43, 0xC2E2, 0xC2C1,
    0xBAA1, 0xA200, 0xB2A2, 0xBAC1, 0xB281, 0xBB03, 0xC302, 0xC2E2,
    0xD383, 0xCB84, 0xF5AE, 0xF610, 0xF631, 0xFE93, 0xFE93, 0xFE92,
    0xF693, 0xF631, 0xF58C, 0xDC05, 0xCB43, 0xC2E2, 0xCB23, 0xCB23,
    0xBAA1, 0xC303, 0xD384, 0xC2E2, 0xB2A1, 0xB2A1, 0xBAC2, 0xC2E2,
    0xD384, 0xDBA5, 0xDBE5, 0xCB64, 0xCB43, 0xCB44, 0xDBE5, 0xDBE6,
    0xCB23, 0xD384, 0xD384, 0xDBE5, 0xF56C, 0xF652, 0xF652, 0xFE93,
    0xFE94, 0xFE94, 0xF672, 0xF651, 0xE4EA, 0xD3A5, 0xD322, 0xD3A4,
    0xD384, 0xD3A5, 0xC303, 0xBA82, 0xDBC5, 0xDBC5, 0xD364, 0xD364,
    0xD364, 0xD364, 0xD343, 0xCB43, 0xDBA4, 0xE3C4, 0xF5AC, 0xFED4,
    0xFE93, 0xF610, 0xD3C5, 0xD384, 0xDBA5, 0xDBC5, 0xDBC6, 0xDBE6,
    0xE426, 0xC3A6, 0x9283, 0x9241, 0xB2E2, 0xCBA5, 0xDCCA, 0xDCEB,
    0xE50B, 0xED4B, 0xED6C, 0xED6B, 0xED8C, 0xF58C, 0xF56B, 0xFDCC,
    0xFDCC, 0xFDED, 0xFDED, 0xFDCC, 0xFE4F, 0xFE70, 0xFE6F, 0xFE91,
    0xFE91, 0xFE71, 0xFE92, 0xFE71, 0xFE51, 0xF631, 0xF5F0, 0xC44B,
    0x7225, 0x7A04, 0x92C7, 0xA329, 0xC3CB, 0xE4EF, 0xCCAF, 0x832A,
    0x7B0A, 0x72E9, 0x72C8, 0x72A8, 0x72A7, 0x72A7, 0x72A8, 0x72C8,
    0x72C8, 0x72C8, 0x72C8, 0x72C8, 0x72A8, 0x72A7, 0x6AA8, 0x72A8,
    0x72C9, 0x7B0A, 0x7B2B, 0x836C, 0x8B8D, 0x8BAD, 0x8BAE, 0x8B8E,
    0x838D, 0x836D, 0x836D, 0x7B6D, 0x7B4D, 0x7B4D, 0x7B2C, 0x732C,
    0x7224, 0x7224, 0x7224, 0x7224, 0x7224, 0x7224, 0x7224, 0x7224,
    0x7224, 0x7224, 0x7224, 0x7224, 0x7204, 0x7204, 0x7203, 0x6A03,
    0x69E3, 0x69C2, 0x69C2, 0x69C2, 0x69C2, 0x71E2, 0x71E2, 0x71E2,
    0x71E2, 0x7202, 0x7202, 0x71E2, 0x71E2, 0x79E2, 0x79E1, 0x79E1,
    0x79E1, 0x79E1, 0x7A02, 0x7A02, 0x8202, 0x8222, 0x8242, 0x8A42,
    0x8A63, 0x9283, 0x92A4, 0x9AC4, 0x9AE5, 0xA326, 0xB367, 0xBBC8,
    0xC409, 0xC429, 0xC449, 0xC429, 0xC429, 0xBBE9, 0xB3C8, 0xA388,
    0x9B48, 0x9348, 0x9348, 0x9348, 0x9348, 0x8B07, 0xBC09, 0xFDED,
    0xFE0E, 0xFD8B, 0xFDED, 0xF509, 0xFD4A, 0xEC67, 0xE427, 0xFE93,
    0xFEB3, 0xFEB3, 0xFE51, 0xFE71, 0xF5EE, 0xDC26, 0xDC05, 0xCB63,
    0xCB43, 0xDBA5, 0xDBC5, 0xD343, 0xC303, 0xC343, 0xC2E2, 0xC2E2,
    0xC2C1, 0xB281, 0xB2A2, 0xB2A2, 0xC323, 0xBAE2, 0xBAC1, 0xCB43,
    0xCB42, 0xD3A5, 0xE50B, 0xF631, 0xF693, 0xFE93, 0xFE93, 0xFEB4,
    0xF652, 0xF60F, 0xED0A, 0xDBC4, 0xC323, 0xB261, 0xCB43, 0xC2E2,
    0xBAC2, 0xC303, 0xBAC2, 0xB281, 0xBAC2, 0xBAC2, 0xBAA2, 0xC323,
    0xCB23, 0xCB43, 0xCB43, 0xCB43, 0xCB64, 0xC303, 0xD3A4, 0xE426,
    0xD3A4, 0xD3C5, 0xD3C5, 0xDC05, 0xF4E9, 0xF652, 0xF693, 0xFE93,
    0xFEB4, 0xF694, 0xF672, 0xF631, 0xED4C, 0xD384, 0xDB84, 0xC303,
    0xC344, 0xC303, 0xCB23, 0xBAC2, 0xCB43, 0xD384, 0xDBE6, 0xC2E3,
    0xCB23, 0xCB23, 0xC303, 0xC303, 0xD384, 0xDB83, 0xEC46, 0xFE51,
    0xFED4, 0xFEB4, 0xE50C, 0xD384, 0xD3A5, 0xD385, 0xDBC6, 0xDBE6,
    0xDC06, 0xDC27, 0x8A42, 0x8A00, 0xB303, 0xC364, 0xD407, 0xDCCA,
    0xE52C, 0xED6C, 0xED6C, 0xED4B, 0xED2A, 0xED4B, 0xF58C, 0xF5AC,
    0xFDCD, 0xFE2F, 0xFE0E, 0xFE0D, 0xFE0D, 0xFE2E, 0xFE2E, 0xFE91,
    0xFE70, 0xFE0F, 0xF5CF, 0xD4CC, 0x8A86, 0x8265, 0x7225, 0x9308,
    0x69E4, 0x69C4, 0x7A25, 0x92C7, 0xAB6A, 0xCC2C, 0xF571, 0xCCF0,
    0x836B, 0x834B, 0x832A, 0x832A, 0x832A, 0x832A, 0x832A, 0x832A,
    0x832A, 0x832A, 0x832A, 0x832A, 0x7B0A, 0x7B09, 0x7AE9, 0x7AE9,
    0x7B0A, 0x7B0B, 0x834B, 0x836C, 0x836C, 0x836D, 0x836D, 0x834D,
    0x7B4C, 0x7B2C, 0x732C, 0x730C, 0x730C, 0x730C, 0x730C, 0x730C,
    0x7224, 0x7224, 0x7224, 0x7224, 0x7224, 0x7224, 0x7224, 0x7224,
    0x7224, 0x7224, 0x7224, 0x7224, 0x7224, 0x7204, 0x7204, 0x6A03,
    0x69E3, 0x69E3, 0x69C2, 0x69C2, 0x69E2, 0x71E2, 0x71E3, 0x71E3,
    0x7203, 0x7203, 0x7202, 0x7202, 0x7A02, 0x79E2, 0x79E2, 0x79E1,
    0x79E1, 0x79E2, 0x7A02, 0x7A02, 0x8202, 0x8222, 0x8A43, 0x8A43,
    0x8A63, 0x9284, 0x92C4, 0x9AE5, 0xA305, 0xA326, 0xB387, 0xBBC8,
    0xC409, 0xC429, 0xCC4A, 0xC449, 0xC429, 0xBC09, 0xB3C9, 0xA388,
    0x9B48, 0x9348, 0x9348, 0x9348, 0x9328, 0x9327, 0xE50B, 0xFE2F,
    0xFDCD, 0xFDAC, 0xFD8C, 0xF4A8, 0xEC88, 0xDBA4, 0xED4C, 0xFEF4,
    0xFEB3, 0xFE92, 0xFE92, 0xFE0F, 0xD3C5, 0xC2E1, 0xD3A4, 0xD364,
    0xBAC2, 0xCB23, 0xCB23, 0xCB43, 0xD384, 0xCB23, 0xBAA1, 0xD384,
    0xCB02, 0xBAC1, 0xBAC2, 0xB282, 0xBAA2, 0xD342, 0xCB43, 0xC302,
    0xC2E1, 0xD363, 0xE4CA, 0xF631, 0xF651, 0xFE93, 0xFEB4, 0xF652,
    0xF631, 0xF60F, 0xECC8, 0xD383, 0xC2E2, 0xBAC2, 0xCB23, 0xB2A2,
    0xBAA1, 0xC302, 0xB281, 0xAA61, 0xC302, 0xC302, 0xCB43, 0xDBA4,
    0xC323, 0xCB44, 0xD363, 0xD384, 0xD3C5, 0xCB64, 0xDBC5, 0xD3A5,
    0xCB64, 0xDBE5, 0xCB43, 0xD3A4, 0xECC8, 0xF610, 0xFEB4, 0xFED5,
    0xFED5, 0xF694, 0xF652, 0xF5CF, 0xE4C9, 0xCB44, 0xCB43, 0xCB23,
    0xC303, 0xC303, 0xCB43, 0xCB44, 0xD384, 0xC2C2, 0xCB23, 0xC323,
    0xCB23, 0xD364, 0xC303, 0xCB64, 0xCB44, 0xD384, 0xDB83, 0xFDEE,
    0xFED4, 0xFEF5, 0xF5F0, 0xC302, 0xD385, 0xD364, 0xDBC5, 0xE426,
    0xDBE5, 0xECC9, 0xA2E3, 0x81E0, 0xAAE3, 0xBB44, 0xC385, 0xDCA9,
    0xE50B, 0xED4C, 0xED4B, 0xE50A, 0xED6C, 0xED4B, 0xF5AD, 0xF5AC,
    0xF5AC, 0xFDED, 0xFDED, 0xFE0E, 0xFE50, 0xFE2F, 0xF5AD, 0xF5CE,
    0xCC8A, 0xAB47, 0x8245, 0x7A24, 0x7A25, 0x69C4, 0x7A66, 0x69E5,
    0x7205, 0x69C4, 0x5963, 0x69C4, 0x92C8, 0xBBAB, 0xD48D, 0xF592,
    0xD511, 0x9BED, 0x8B8B, 0x938B, 0x8B8B, 0x8B6B, 0x8B6B, 0x8B8B,
    0x8B8B, 0x8B8B, 0x8B6B, 0x8B6B, 0x8B4B, 0x8B4B, 0x834B, 0x832A,
    0x832B, 0x832B, 0x834B, 0x834C, 0x836C, 0x834C, 0x7B2C, 0x7B0C,
    0x730B, 0x72EB, 0x6ACB, 0x6ACB, 0x6ACB, 0x6AEB, 0x6AEB, 0x6AEB,
    0x7224, 0x7224, 0x7224, 0x7224, 0x7224, 0x7224, 0x7224, 0x7224,
    0x7224, 0x7224, 0x7224, 0x7224, 0x7224, 0x7204, 0x7204, 0x6A03,
    0x69E3, 0x69E3, 0x69C2, 0x69C2, 0x71E2, 0x71E3, 0x71E3, 0x7203,
    0x7203, 0x7A03, 0x7A03, 0x7A02, 0x7A02, 0x7A02, 0x79E2, 0x79E2,
    0x79E2, 0x79E2, 0x7A02, 0x7A02, 0x8222, 0x8222, 0x8A43, 0x8A63,
    0x9283, 0x92A4, 0x9AC4, 0x9AE5, 0xA306, 0xAB46, 0xB387, 0xBBC8,
    0xC409, 0xC449, 0xCC4A, 0xC44A, 0xC429, 0xBBE9, 0xB3C9, 0xA388,
    0x9B48, 0x9348, 0x9348, 0x9348, 0x9348, 0xC42A, 0xFDCD, 0xFE2E,
    0xFE0E, 0xFDCC, 0xEC87, 0xF4A8, 0xE406, 0xE406, 0xFE51, 0xFEF4,
    0xFEB3, 0xFE92, 0xFE71, 0xDC26, 0xC2E2, 0xD364, 0xD384, 0xCB02,
    0xC2E2, 0xCB23, 0xC2E2, 0xD384, 0xD364, 0xBAC2, 0xC302, 0xD363,
    0xCB02, 0xC2E2, 0xC302, 0xC302, 0xD342, 0xCB22, 0xBAC1, 0xBAA1,
    0xCB02, 0xD342, 0xED2B, 0xFE72, 0xF651, 0xFE93, 0xF652, 0xF651,
    0xF652, 0xF5AD, 0xE467, 0xDBA3, 0xCB43, 0xC302, 0xB2A2, 0xBAC2,
    0xC302, 0xC323, 0xC2E2, 0xC2E2, 0xCB43, 0xCB43, 0xC303, 0xD384,
    0xCB64, 0xC323, 0xCB64, 0xD3A5, 0xD384, 0xDBC5, 0xDBE5, 0xD3A5,
    0xD3C5, 0xCB43, 0xCB43, 0xC322, 0xE467, 0xF5EF, 0xF673, 0xF673,
    0xFED5, 0xF6B4, 0xF631, 0xED8E, 0xDC06, 0xCB64, 0xC2C2, 0xD363,
    0xD384, 0xCB64, 0xDBC5, 0xCB64, 0xCB65, 0xCB44, 0xC323, 0xCB23,
    0xC324, 0xCB44, 0xD384, 0xD364, 0xD364, 0xC323, 0xD363, 0xF54B,
    0xFEB3, 0xFEB3, 0xFEB4, 0xCBC6, 0xC303, 0xDBE6, 0xD3A5, 0xDBE6,
    0xD3A4, 0xEC88, 0xC3E7, 0x81E0, 0x9A82, 0xBB24, 0xC385, 0xC3C6,
    0xDC89, 0xE52B, 0xE50B, 0xED4C, 0xF5AD, 0xED6B, 0xF5AC, 0xF5CD,
    0xF5CD, 0xF58C, 0xF5CD, 0xFDCD, 0xF5CC, 0xFDCD, 0xCC69, 0x7A44,
    0x69C3, 0x5122, 0x6162, 0x71C4, 0x7A04, 0x7A25, 0x8A87, 0x9AE8,
    0x92C7, 0x7A05, 0x61A4, 0x5143, 0x5984, 0xA329, 0xBBCB, 0xD46D,
    0xED72, 0xCCF0, 0x93CC, 0x9BCD, 0x9BCC, 0x9BCC, 0x9BCC, 0x9BCD,
    0x9BCC, 0x93CC, 0x93CC, 0x93AC, 0x93AC, 0x938C, 0x8B8C, 0x8B6B,
    0x8B6B, 0x836B, 0x834B, 0x834B, 0x832B, 0x7B0B, 0x7B0B, 0x72EB,
    0x6ACA, 0x6AAA, 0x628A, 0x628A, 0x628A, 0x62AA, 0x6ACB, 0x6AEB,
    0x7224, 0x7224, 0x7225, 0x7225, 0x7224, 0x7224, 0x7224, 0x7224,
    0x7224, 0x7224, 0x7224, 0x7224, 0x7224, 0x7204, 0x7204, 0x6A03,
    0x69E3, 0x69E3, 0x69E3, 0x69E3, 0x71E3, 0x71E3, 0x7203, 0x7203,
    0x7A03, 0x7A03, 0x7A03, 0x7A03, 0x7A02, 0x7A02, 0x7A02, 0x7A02,
    0x7A02, 0x7A02, 0x7A02, 0x8202, 0x8222, 0x8242, 0x8A43, 0x8A63,
    0x9284, 0x92A4, 0x9AC5, 0x9AE5, 0xA326, 0xAB46, 0xB387, 0xBBC8,
    0xC409, 0xC449, 0xCC4A, 0xC44A, 0xC42A, 0xBC09, 0xB3C9, 0xA388,
    0x9B48, 0x9348, 0x9368, 0x9368, 0x9348, 0xD4AA, 0xFE2E, 0xFDED,
    0xFDED, 0xF4E9, 0xF4C9, 0xF4C8, 0xE406, 0xECCA, 0xFF15, 0xFED4,
    0xFEB3, 0xFE71, 0xF52A, 0xCB43, 0xC2E2, 0xCB43, 0xC303, 0xCB23,
    0xDB84, 0xCB43, 0xCB23, 0xCB43, 0xCB23, 0xCAE2, 0xCB22, 0xCB22,
    0xC2E2, 0xCB22, 0xCB22, 0xCB43, 0xCB42, 0xCAE2, 0xCB02, 0xCB43,
    0xD3A4, 0xDBE5, 0xF610, 0xFE72, 0xFE72, 0xFE93, 0xF631, 0xF631,
    0xF630, 0xF58C, 0xDBE5, 0xD363, 0xC323, 0xBAE2, 0xBAC3, 0xBAC2,
    0xC2E2, 0xAA41, 0xBAA2, 0xBAE2, 0xC302, 0xCB43, 0xCB43, 0xCB23,
    0xC303, 0xBAC2, 0xC323, 0xCB84, 0xCB43, 0xDBE5, 0xDBC5, 0xD3A5,
    0xDC06, 0xC323, 0xCB43, 0xDBA3, 0xECE9, 0xF631, 0xF673, 0xF632,
    0xF694, 0xF672, 0xF652, 0xE52C, 0xD384, 0xDBA4, 0xD323, 0xD323,
    0xD364, 0xCB44, 0xC303, 0xCB23, 0xDBA5, 0xCB24, 0xD3A5, 0xCB43,
    0xCB64, 0xD384, 0xD385, 0xD384, 0xD384, 0xC323, 0xCB22, 0xECA8,
    0xFEB3, 0xFEB3, 0xFEB3, 0xED6E, 0xC323, 0xD3A5, 0xDBC5, 0xDBE6,
    0xDBC5, 0xDBE6, 0xE4EB, 0xAB04, 0x9A82, 0xAAE3, 0xBB44, 0xBB44,
    0xCC27, 0xE4EB, 0xE52B, 0xED6D, 0xED8C, 0xF5CD, 0xF58C, 0xF5CD,
    0xF60F, 0xED8C, 0xED6C, 0xF5AD, 0xC408, 0x8244, 0x7203, 0x6182,
    0x6183, 0x6183, 0x71C4, 0x8205, 0x71C4, 0x69C4, 0x8225, 0x92A7,
    0x8A87, 0x61A4, 0x5984, 0x71E5, 0x61A4, 0x69C4, 0x9AC8, 0xB38A,
    0xC44D, 0xF592, 0xD511, 0xA42E, 0xA40D, 0xA40D, 0xA40D, 0xA40D,
    0xA40E, 0xA40E, 0x9C0D, 0x9BED, 0x9BED, 0x9BCD, 0x93CD, 0x93AD,
    0x93AC, 0x938C, 0x8B6C, 0x834B, 0x832B, 0x7B0B, 0x7AEB, 0x72CA,
    0x6AAA, 0x6289, 0x6269, 0x6269, 0x5A69, 0x628A, 0x62AA, 0x6ACB,
    0x7225, 0x7225, 0x7225, 0x7225, 0x7224, 0x7225, 0x7224, 0x7225,
    0x7225, 0x7224, 0x7224, 0x7224, 0x7224, 0x7204, 0x7204, 0x6A04,
    0x69E3, 0x69E3, 0x69E3, 0x69E3, 0x71E3, 0x7203, 0x7203, 0x7A03,
    0x7A03, 0x7A23, 0x7A23, 0x7A03, 0x7A03, 0x7A02, 0x7A02, 0x7A02,
    0x7A02, 0x7A02, 0x8202, 0x8222, 0x8222, 0x8A43, 0x8A63, 0x8A83,
    0x9284, 0x92C4, 0x9AE5, 0xA305, 0xA326, 0xAB67, 0xB387, 0xBBC8,
    0xC409, 0xC449, 0xCC4A, 0xC44A, 0xC42A, 0xBC09, 0xABA9, 0xA388,
    0x9B48, 0x9368, 0x9B69, 0x9368, 0x9B68, 0xF58D, 0xFE0D, 0xFDCC,
    0xFD8C, 0xF4E9, 0xFD4B, 0xEC67, 0xE405, 0xF630, 0xFF15, 0xFED3,
    0xFEB3, 0xFDEE, 0xDBC4, 0xBAE2, 0xC303, 0xC303, 0xCB44, 0xDBA5,
    0xCB03, 0xCB23, 0xC323, 0xB282, 0xBAC2, 0xC2C2, 0xCB22, 0xC2E2,
    0xC2E2, 0xCB23, 0xCB23, 0xCB42, 0xD363, 0xD363, 0xD363, 0xCB22,
    0xD383, 0xE447, 0xF631, 0xF652, 0xF672, 0xF672, 0xF672, 0xF610,
    0xF5EF, 0xE4A9, 0xD363, 0xD343, 0xC2E2, 0xC303, 0xBAC2, 0xBAC2,
    0xAA62, 0xB282, 0xC303, 0xCB22, 0xBAE2, 0xC303, 0xCB22, 0xCB23,
    0xC302, 0xC323, 0xC303, 0xD384, 0xD3C5, 0xD364, 0xDBC4, 0xCB23,
    0xCB64, 0xCB63, 0xCB63, 0xE405, 0xF58D, 0xF652, 0xF693, 0xF673,
    0xF693, 0xF652, 0xF652, 0xE54D, 0xD343, 0xDBA4, 0xCB64, 0xD384,
    0xC303, 0xC344, 0xD3A5, 0xC303, 0xD384, 0xDBA5, 0xD384, 0xD364,
    0xCB44, 0xC303, 0xD385, 0xD384, 0xD364, 0xD384, 0xCB02, 0xE405,
    0xFE0F, 0xFEB4, 0xFEB3, 0xF610, 0xD3A5, 0xCB43, 0xCB64, 0xD3A5,
    0xDBC5, 0xDBE6, 0xF56D, 0xB386, 0x8A00, 0x9A82, 0xB303, 0xBB23,
    0xCC28, 0xDCEB, 0xE54C, 0xED6C, 0xED8D, 0xF5CE, 0xF5CE, 0xF5AD,
    0xF5CE, 0xEDAD, 0xED6D, 0xCC6B, 0x7204, 0x38C1, 0x4922, 0x5963,
    0x5122, 0x5143, 0x5963, 0x5963, 0x61A4, 0x71E4, 0x71E4, 0x69E4,
    0x7A05, 0x69E5, 0x5163, 0x5983, 0x69A4, 0x6163, 0x7205, 0x8AA7,
    0xB3AB, 0xD4AF, 0xF5B2, 0xD531, 0xAC4E, 0xAC4E, 0xAC4E, 0xAC4E,
    0xA44E, 0xA42E, 0xA42E, 0xA42E, 0xA42E, 0xA40E, 0x9BEE, 0x9BED,
    0x9BED, 0x9BCD, 0x93AD, 0x8B8C, 0x836C, 0x832B, 0x7B0B, 0x72EA,
    0x6AAA, 0x6A89, 0x6269, 0x5A49, 0x5A69, 0x628A, 0x62AA, 0x6AAA,
    0x7225, 0x7225, 0x7225, 0x7225, 0x7225, 0x7225, 0x7225, 0x7225,
    0x7225, 0x7225, 0x7224, 0x7224, 0x7224, 0x7204, 0x6A04, 0x6A04,
    0x69E3, 0x69E3, 0x69E3, 0x69E3, 0x71E3, 0x7203, 0x7203, 0x7A03,
    0x7A23, 0x7A23, 0x7A23, 0x7A23, 0x7A23, 0x7A02, 0x7A02, 0x7A02,
    0x7A02, 0x7A02, 0x8222, 0x8222, 0x8243, 0x8A43, 0x8A63, 0x9284,
    0x92A4, 0x9AC5, 0x9AE5, 0xA306, 0xA346, 0xAB67, 0xB3A7, 0xBBC8,
    0xC409, 0xC44A, 0xCC4A, 0xC44A, 0xC42A, 0xBC09, 0xABC9, 0xA389,
    0x9348, 0x9368, 0x9B69, 0x9368, 0xCCCC, 0xFE2E, 0xFDCC, 0xFDAC,
    0xFD4A, 0xFD4A, 0xF4C8, 0xD363, 0xE489, 0xFEF4, 0xFED3, 0xFEB3,
    0xFE92, 0xF54B, 0xDBA4, 0xD384, 0xDBE6, 0xDBA5, 0xC323, 0xC323,
    0xC303, 0xD384, 0xBAC2, 0xBAC2, 0xC2C2, 0xCB02, 0xCB02, 0xCB02,
    0xC2E2, 0xC2E2, 0xCB23, 0xCB23, 0xBAE2, 0xC2E2, 0xC2E2, 0xC302,
    0xCB23, 0xE4EA, 0xEDEF, 0xF631, 0xF651, 0xF652, 0xF631, 0xF5EF,
    0xED8D, 0xD3E5, 0xCB43, 0xC302, 0xB281, 0xB281, 0xBAA1, 0xC303,
    0xB2A2, 0xC343, 0xC323, 0xC303, 0xC2E2, 0xC323, 0xCB43, 0xC303,
    0xC323, 0xC303, 0xCB44, 0xD3A4, 0xDBC4, 0xCB43, 0xD363, 0xCB63,
    0xC323, 0xD384, 0xDBA3, 0xE446, 0xF5F0, 0xF673, 0xF651, 0xFE93,
    0xFEB4, 0xFEB4, 0xF652, 0xED6E, 0xD364, 0xCB03, 0xD364, 0xD364,
    0xD364, 0xC323, 0xD3A5, 0xD385, 0xCB23, 0xD384, 0xD384, 0xD384,
    0xCB23, 0xBAA2, 0xC2E3, 0xD364, 0xD384, 0xDBA4, 0xE406, 0xDBE4,
    0xF58C, 0xFE72, 0xFE93, 0xFE52, 0xD406, 0xBAC2, 0xCB44, 0xD384,
    0xDBA4, 0xDC06, 0xF5AE, 0xC429, 0x79A0, 0x9261, 0xAAC2, 0xB324,
    0xD48A, 0xDD0C, 0xE52C, 0xED4C, 0xF5AE, 0xF5AD, 0xF5CE, 0xEDAD,
    0xEDAD, 0xD4AB, 0x9B06, 0x7A45, 0x5142, 0x4902, 0x5142, 0x69A3,
    0x5122, 0x4902, 0x5963, 0x38E1, 0x38C1, 0x5943, 0x79E4, 0x71E4,
    0x69C4, 0x5984, 0x5963, 0x5963, 0x69A4, 0x69A4, 0x6184, 0x8267,
    0xA32A, 0xAB8B, 0xD48E, 0xF5B2, 0xC4D0, 0xAC4F, 0xAC6F, 0xAC4F,
    0xAC4F, 0xAC4F, 0xAC4F, 0xAC4E, 0xAC4E, 0xA42E, 0xA40E, 0xA40E,
    0x9BEE, 0x9BCD, 0x93AD, 0x938C, 0x8B6C, 0x834B, 0x7B0B, 0x72EA,
    0x6AA9, 0x6269, 0x5A48, 0x5A48, 0x5A49, 0x6269, 0x628A, 0x6AAA,
    0x7225, 0x7225, 0x7225, 0x7225, 0x7225, 0x7225, 0x7225, 0x7225,
    0x7225, 0x7225, 0x7225, 0x7225, 0x7225, 0x6A24, 0x6A04, 0x6A04,
    0x69E3, 0x69E3, 0x69E3, 0x69E3, 0x7203, 0x7203, 0x7A03, 0x7A23,
    0x7A24, 0x7A24, 0x7A24, 0x7A23, 0x7A23, 0x7A23, 0x7A02, 0x7A02,
    0x7A02, 0x8222, 0x8222, 0x8222, 0x8A43, 0x8A63, 0x8A83, 0x9284,
    0x92C4, 0x9AE5, 0x9B05, 0xA326, 0xAB46, 0xAB67, 0xB3A7, 0xBBC8,
    0xC409, 0xC44A, 0xCC6A, 0xC44A, 0xC42A, 0xBC0A, 0xABC9, 0xA389,
    0x9348, 0x9369, 0x9369, 0xABEA, 0xF610, 0xFDED, 0xFD8B, 0xFD6A,
    0xF509, 0xF4E9, 0xDB83, 0xD3A5, 0xFE72, 0xFEF4, 0xFEB2, 0xFEB3,
    0xFE91, 0xECC8, 0xDBE5, 0xE426, 0xD384, 0xC303, 0xB281, 0xC323,
    0xC303, 0xCB03, 0xC302, 0xC323, 0xC302, 0xC303, 0xBAA2, 0xC303,
    0xCB43, 0xC2C2, 0xC2C2, 0xBAA2, 0xBAC2, 0xC2E2, 0xCAE2, 0xCAE2,
    0xAAA2, 0xDC68, 0xE4EB, 0xFE51, 0xF631, 0xFE72, 0xEDEF, 0xF651,
    0xED8D, 0xDBE5, 0xBAC2, 0xB281, 0xB281, 0xBAA1, 0xC323, 0xC323,
    0xC323, 0xCB23, 0xBAC2, 0xBAE2, 0xBAE2, 0xD384, 0xCB64, 0xCB23,
    0xD384, 0xC323, 0xCB44, 0xCB43, 0xCB23, 0xCB64, 0xCB43, 0xD363,
    0xC302, 0xCB22, 0xE466, 0xF56C, 0xF631, 0xF673, 0xF652, 0xF673,
    0xF693, 0xFE93, 0xFED5, 0xE4EB, 0xCB64, 0xBAE3, 0xC323, 0xCB23,
    0xCB44, 0xDBC5, 0xC303, 0xDBA5, 0xCB23, 0xCB23, 0xD364, 0xD364,
    0xD343, 0xDB85, 0xC2E3, 0xBA82, 0xCB23, 0xDBC5, 0xE406, 0xEC67,
    0xF52A, 0xFE72, 0xFEB4, 0xFE93, 0xFE10, 0xCBA5, 0xCB23, 0xD384,
    0xDBA4, 0xDC26, 0xF58D, 0xDD0C, 0x8222, 0x81C0, 0x9A61, 0xBBA7,
    0xD4AB, 0xDD0C, 0xE54C, 0xED4C, 0xEDAE, 0xF5CE, 0xEDAE, 0xEDAE,
    0xCC6A, 0x6A04, 0x5122, 0x40C1, 0x38C1, 0x4922, 0x5963, 0x6983,
    0x5963, 0x4922, 0x5143, 0x5163, 0x30A1, 0x40E1, 0x6163, 0x6184,
    0x69E5, 0x7205, 0x61A4, 0x69A4, 0x5963, 0x5963, 0x61A4, 0x7205,
    0x8A88, 0xA329, 0xB38B, 0xD48E, 0xEDB3, 0xBCB0, 0xA42E, 0xAC4F,
    0xA44E, 0xAC4E, 0xAC4E, 0xAC4E, 0xA42E, 0xA42E, 0xA40E, 0x9BEE,
    0x9BED, 0x9BCD, 0x93AD, 0x8B8C, 0x8B4C, 0x832B, 0x7B0A, 0x72CA,
    0x6AA9, 0x6268, 0x5A28, 0x5A28, 0x5A49, 0x6269, 0x628A, 0x6AAA,
    0x7225, 0x7225, 0x7225, 0x7225, 0x7225, 0x7225, 0x7225, 0x7225,
    0x7225, 0x7225, 0x7225, 0x7225, 0x7225, 0x6A25, 0x6A04, 0x6A04,
    0x6A04, 0x69E3, 0x69E3, 0x69E3, 0x7203, 0x7203, 0x7A23, 0x7A24,
    0x7A24, 0x7A44, 0x7A44, 0x7A44, 0x7A23, 0x7A23, 0x7A23, 0x7A22,
    0x7A22, 0x8222, 0x8222, 0x8243, 0x8A43, 0x8A63, 0x9284, 0x92A4,
    0x9AC5, 0x9AE5, 0xA305, 0xA326, 0xAB46, 0xAB67, 0xB3A7, 0xBBE8,
    0xC409, 0xC44A, 0xCC6A, 0xC44A, 0xC44A, 0xBC0A, 0xABC9, 0xA389,
    0x9B69, 0x9B69, 0x9348, 0xBC6C, 0xFEF4, 0xFDCD, 0xFD8B, 0xF54A,
    0xF4C8, 0xE425, 0xECA8, 0xFE50, 0xFF15, 0xFEB3, 0xFEB3, 0xFED3,
    0xFE50, 0xE446, 0xDBC5, 0xCB63, 0xC302, 0xC303, 0xBAC2, 0xBAA2,
    0xAA41, 0xB261, 0xD384, 0xBAC2, 0xC2E2, 0xCB03, 0xBAA1, 0xC303,
    0xD343, 0xBAA1, 0xC2C2, 0xD343, 0xCB23, 0xCB02, 0xCB02, 0xCB43,
    0xBB03, 0xD384, 0xE4A9, 0xF631, 0xFE51, 0xF672, 0xF610, 0xF610,
    0xED6B, 0xD383, 0xBAA1, 0xBAE2, 0xC2E2, 0xCB63, 0xC344, 0xBAC2,
    0xCB85, 0xCB43, 0xC303, 0xBAE2, 0xBAC2, 0xBAE2, 0xBAC2, 0xC323,
    0xC303, 0xD384, 0xDBA4, 0xD384, 0xC303, 0xD3C5, 0xC302, 0xD343,
    0xDBA4, 0xD383, 0xECC9, 0xF631, 0xF673, 0xF693, 0xF673, 0xF673,
    0xF673, 0xF652, 0xFE93, 0xE50B, 0xC323, 0xCB85, 0xCB44, 0xCB23,
    0xD384, 0xD3A5, 0xDBC5, 0xCB23, 0xBAA2, 0xCB44, 0xC303, 0xD385,
    0xCB23, 0xCB24, 0xD364, 0xCB23, 0xC2E3, 0xD364, 0xCB23, 0xE405,
    0xE425, 0xF5CD, 0xFEB4, 0xFE93, 0xFE72, 0xE489, 0xCB43, 0xD363,
    0xDBC4, 0xE4A9, 0xEDAE, 0xED6D, 0x8A63, 0x7180, 0x9A83, 0xBBC8,
    0xD48A, 0xDCCB, 0xE52C, 0xE56D, 0xED6D, 0xEDCF, 0xE56D, 0xCC8B,
    0x6A04, 0x30A1, 0x40E1, 0x38C1, 0x38C1, 0x5163, 0x4902, 0x4922,
    0x4922, 0x40E1, 0x4923, 0x5163, 0x38E1, 0x4902, 0x5122, 0x6184,
    0x69C4, 0x7A26, 0x7205, 0x7205, 0x7205, 0x61A4, 0x5963, 0x7205,
    0x8267, 0x92E9, 0xAB4A, 0xBBCC, 0xE531, 0xEDD3, 0xAC6F, 0xA42E,
    0xA42E, 0xA42E, 0xA40E, 0xA40E, 0xA40E, 0xA40E, 0x9BED, 0x9BCD,
    0x9BCD, 0x93AD, 0x938C, 0x8B6C, 0x834B, 0x7B0B, 0x7AEA, 0x72A9,
    0x6A89, 0x6248, 0x5A28, 0x5A28, 0x5A49, 0x6269, 0x628A, 0x6AAA,
    0x7225, 0x7225, 0x7225, 0x7225, 0x7225, 0x7225, 0x7225, 0x7225,
    0x7225, 0x6A25, 0x6A25, 0x6A25, 0x6A25, 0x6A05, 0x6A04, 0x6A04,
    0x6A04, 0x6A04, 0x6A04, 0x7203, 0x7203, 0x7224, 0x7A24, 0x7A24,
    0x7A44, 0x7A44, 0x7A44, 0x7A44, 0x7A24, 0x7A23, 0x7A23, 0x7A23,
    0x8222, 0x8222, 0x8243, 0x8A43, 0x8A63, 0x8A64, 0x92A4, 0x92C4,
    0x9AE5, 0x9B05, 0xA326, 0xA346, 0xAB67, 0xAB87, 0xB3A8, 0xBBE8,
    0xC429, 0xC44A, 0xCC6A, 0xC44A, 0xC42A, 0xB40A, 0xABC9, 0xA389,
    0x9369, 0x9369, 0x9B89, 0xE633, 0xFF57, 0xFDAC, 0xFD4A, 0xECA8,
    0xECA7, 0xF56B, 0xFE50, 0xFED3, 0xFEF4, 0xFEB3, 0xFED4, 0xFEB2,
    0xFDCC, 0xE405, 0xD363, 0xCB23, 0xCB23, 0xC302, 0xC2E2, 0xC2C2,
    0xBA81, 0xC2C2, 0xD363, 0xC2E3, 0xC2E2, 0xC2E2, 0xB261, 0xC2E2,
    0xD363, 0xCB23, 0xCB43, 0xD343, 0xCB02, 0xCB02, 0xD3A4, 0xC323,
    0xBAA1, 0xDBC5, 0xED8E, 0xFE72, 0xF652, 0xF610, 0xF631, 0xF5EF,
    0xED0A, 0xCB43, 0xBAC1, 0xBAC1, 0xC302, 0xCB63, 0xCB23, 0xCB43,
    0xCB64, 0xC323, 0xC323, 0xCB43, 0xBAC2, 0xBAA2, 0xB2A2, 0xCB43,
    0xBAC2, 0xDBC5, 0xD3A4, 0xDC06, 0xDBC5, 0xD3A4, 0xD3A4, 0xDBA3,
    0xE466, 0xED4B, 0xEDAE, 0xF651, 0xF631, 0xFE93, 0xF652, 0xF652,
    0xF673, 0xF652, 0xFE73, 0xED4D, 0xBB03, 0xCB43, 0xCB64, 0xDBC5,
    0xCB43, 0xD364, 0xD3A4, 0xCB64, 0xBAA2, 0xCB43, 0xC303, 0xD384,
    0xCB64, 0xCB23, 0xCB23, 0xCB23, 0xD364, 0xD385, 0xCB03, 0xCB43,
    0xDBC4, 0xECE9, 0xFE10, 0xFE31, 0xFE93, 0xF5CF, 0xDC26, 0xE426,
    0xECC8, 0xF58D, 0xF5CF, 0xF5CF, 0xAB67, 0x79C0, 0x9AC4, 0xBBC8,
    0xCC6A, 0xD4CB, 0xDD0C, 0xE54D, 0xE54D, 0xEDAF, 0xABC9, 0x7A65,
    0x30A1, 0x3081, 0x4102, 0x40E2, 0x38C1, 0x40E2, 0x4902, 0x40E2,
    0x40E2, 0x40E1, 0x5143, 0x5143, 0x4102, 0x38C1, 0x40E2, 0x38C1,
    0x6184, 0x7A05, 0x8246, 0x7205, 0x59A4, 0x7226, 0x7205, 0x61A4,
    0x71E5, 0x8246, 0xA309, 0xA309, 0xAB6A, 0xDCF0, 0xDD52, 0xA44F,
    0xA42E, 0x9C0E, 0x9C0D, 0x9BED, 0x9BED, 0x9BED, 0x9BCD, 0x9BCD,
    0x93AC, 0x938C, 0x8B6C, 0x834B, 0x832B, 0x7AEA, 0x72C9, 0x6AA9,
    0x6269, 0x6248, 0x5A48, 0x5A48, 0x5A69, 0x626A, 0x6A8A, 0x6AAA,
    0x6A25, 0x6A25, 0x7225, 0x7225, 0x7225, 0x7225, 0x7225, 0x6A25,
    0x6A25, 0x6A25, 0x6A25, 0x6A25, 0x6A25, 0x6A25, 0x6A05, 0x6A04,
    0x6A04, 0x6A04, 0x6A04, 0x7204, 0x7204, 0x7224, 0x7A24, 0x7A44,
    0x7A44, 0x8244, 0x8244, 0x8244, 0x8244, 0x8243, 0x8223, 0x8223,
    0x8223, 0x8223, 0x8243, 0x8A43, 0x8A63, 0x8A84, 0x92A4, 0x92C5,
    0x9AE5, 0xA305, 0xA326, 0xAB46, 0xAB67, 0xB387, 0xB3A8, 0xBBE8,
    0xC429, 0xC44A, 0xCC6A, 0xC44A, 0xC42A, 0xB40A, 0xABC9, 0xA389,
    0x9349, 0x9369, 0xC4AD, 0xFF58, 0xFF57, 0xFD8B, 0xFD08, 0xF4E8,
    0xFDCE, 0xFE91, 0xFE70, 0xFE92, 0xFED3, 0xFED3, 0xFE91, 0xFE70,
    0xFD8B, 0xDB62, 0xD343, 0xCB22, 0xD363, 0xD343, 0xBA82, 0xCB03,
    0xCB44, 0xD343, 0xBAC2, 0xC2C2, 0xC2E2, 0xC2C2, 0xAA41, 0xC2E2,
    0xDB84, 0xD364, 0xD343, 0xD363, 0xC2E2, 0xC302, 0xC2E2, 0xC2E2,
    0xCB02, 0xDC26, 0xF631, 0xF672, 0xF610, 0xF610, 0xF60F, 0xF5EF,
    0xED0A, 0xCB02, 0xB281, 0xBAA1, 0xCB43, 0xC323, 0xCB23, 0xD384,
    0xCB44, 0xBAE2, 0xBAC2, 0xCB43, 0xCB43, 0xCB23, 0xCB03, 0xD384,
    0xCB23, 0xD364, 0xD383, 0xDC06, 0xE405, 0xD383, 0xE487, 0xF56C,
    0xED6C, 0xF631, 0xF610, 0xF652, 0xF652, 0xF652, 0xF652, 0xF652,
    0xF631, 0xF652, 0xF673, 0xEDD0, 0xC324, 0xCB23, 0xBAA2, 0xBAA2,
    0xCB24, 0xD384, 0xD364, 0xCB23, 0xCB44, 0xD364, 0xCB23, 0xDB85,
    0xD384, 0xD384, 0xD384, 0xC2E2, 0xCB43, 0xD364, 0xDBA5, 0xCB43,
    0xD343, 0xE426, 0xFE0F, 0xFE30, 0xF630, 0xFE72, 0xF5EF, 0xF5EF,
    0xF5CE, 0xF610, 0xF611, 0xF610, 0xCCAB, 0x92A4, 0xA326, 0xBBC8,
    0xC44A, 0xD4CB, 0xDCEB, 0xDD2C, 0xDD0C, 0xAB88, 0x6162, 0x4901,
    0x40C1, 0x40E2, 0x38C1, 0x40E2, 0x40E2, 0x38C1, 0x30A1, 0x30C1,
    0x30A1, 0x38A1, 0x40E1, 0x4102, 0x4922, 0x38C1, 0x38C1, 0x38C1,
    0x40E1, 0x5943, 0x69A4, 0x7A05, 0x7206, 0x61A4, 0x69E5, 0x69E5,
    0x69C5, 0x7205, 0x8A67, 0x9AE9, 0xA34A, 0xB3AB, 0xED51, 0xCD31,
    0x9C0E, 0x9BED, 0x9BED, 0x9BED, 0x9BED, 0x9BCD, 0x9BCD, 0x93AD,
    0x938C, 0x8B6C, 0x8B6B, 0x832B, 0x7B0A, 0x7AEA, 0x72C9, 0x6AA9,
    0x6A89, 0x6268, 0x6249, 0x5A69, 0x6269, 0x6A8A, 0x6AAA, 0x6ACA,
    0x6A25, 0x6A25, 0x6A25, 0x6A25, 0x6A25, 0x6A25, 0x6A25, 0x6A25,
    0x6A25, 0x6A25, 0x6A25, 0x6A25, 0x6A25, 0x6A05, 0x6A05, 0x6A04,
    0x6A04, 0x6A04, 0x6A04, 0x7204, 0x7204, 0x7224, 0x7A44, 0x7A44,
    0x7A44, 0x8264, 0x8264, 0x8264, 0x8244, 0x8243, 0x8243, 0x8223,
    0x8223, 0x8243, 0x8243, 0x8A43, 0x8A63, 0x9284, 0x92A4, 0x92C5,
    0x9AE5, 0xA306, 0xA326, 0xAB46, 0xAB67, 0xB387, 0xB3A8, 0xBBE8,
    0xC429, 0xC44A, 0xCC6A, 0xC44A, 0xC42A, 0xB40A, 0xABC9, 0x9B89,
    0x9349, 0x9369, 0xC4AD, 0xFFBA, 0xFF37, 0xFDCC, 0xFDAB, 0xFE71,
    0xFE50, 0xFE0E, 0xFD8B, 0xFE2F, 0xFEF4, 0xFEB2, 0xFE70, 0xFEB2,
    0xF529, 0xDB83, 0xDB83, 0xD342, 0xD363, 0xCB22, 0xC2C1, 0xD364,
    0xBAE3, 0xC2E2, 0xBAA1, 0xBA81, 0xD384, 0xC2E2, 0xBAA2, 0xD364,
    0xDBA4, 0xD343, 0xDB63, 0xCB02, 0xCB23, 0xCB43, 0xCB43, 0xD3A4,
    0xCB43, 0xDC26, 0xF610, 0xF610, 0xF631, 0xF630, 0xF651, 0xF5CE,
    0xF58C, 0xDBA3, 0xCB01, 0xBAC1, 0xBAE2, 0xCB43, 0xBAC2, 0xCB64,
    0xCB85, 0xBB03, 0xC302, 0xC302, 0xBAE2, 0xC323, 0xD384, 0xC2E2,
    0xCB43, 0xCB43, 0xD363, 0xE425, 0xEC87, 0xF58C, 0xF5AD, 0xF5F0,
    0xF610, 0xF611, 0xF632, 0xF672, 0xF5F0, 0xF631, 0xF651, 0xF652,
    0xF672, 0xF672, 0xF652, 0xF631, 0xDC27, 0xC2C2, 0xC2C2, 0xAA41,
    0xAA62, 0xD384, 0xDBA5, 0xD364, 0xC2E3, 0xDB85, 0xD364, 0xCB44,
    0xCB23, 0xCB23, 0xDBA5, 0xD3A5, 0xC303, 0xCB23, 0xD364, 0xDBC5,
    0xDBA4, 0xE425, 0xFDEF, 0xFE92, 0xF630, 0xF630, 0xF610, 0xF610,
    0xF630, 0xF631, 0xF631, 0xF5F0, 0xDD2D, 0x9B06, 0x9AE5, 0xBBE9,
    0xC429, 0xD48B, 0xD4AB, 0xD4CB, 0xB3E9, 0x4922, 0x4902, 0x5122,
    0x4902, 0x40E1, 0x40C1, 0x40E2, 0x38C2, 0x40E2, 0x38C1, 0x38C1,
    0x38C1, 0x4102, 0x4922, 0x40E2, 0x40E1, 0x40E1, 0x2880, 0x2881,
    0x3081, 0x6163, 0x5143, 0x5963, 0x69C4, 0x7205, 0x61C5, 0x69E5,
    0x5984, 0x7205, 0x8247, 0x92A8, 0x9B09, 0xAB6B, 0xC40C, 0xED92,
    0xB46F, 0x9C0D, 0x9C0D, 0x9BED, 0x9BED, 0x9BED, 0x9BCD, 0x93AD,
    0x93AC, 0x8B8C, 0x8B6B, 0x832B, 0x7B0A, 0x7AEA, 0x72C9, 0x72A9,
    0x6A89, 0x6269, 0x6269, 0x6269, 0x628A, 0x6AAA, 0x6ACA, 0x72CA,
    0x6A25, 0x6A25, 0x6A05, 0x6A25, 0x6A25, 0x6A25, 0x6A25, 0x6A25,
    0x6A25, 0x6A05, 0x6A05, 0x6A05, 0x6A05, 0x6A05, 0x6A05, 0x6A04,
    0x6A04, 0x6A04, 0x6A04, 0x6A04, 0x7204, 0x7224, 0x7A44, 0x7A44,
    0x8265, 0x8265, 0x8265, 0x8265, 0x8264, 0x8244, 0x8243, 0x8243,
    0x8243, 0x8243, 0x8A43, 0x8A63, 0x8A63, 0x9284, 0x92A4, 0x9AC5,
    0x9AE5, 0xA306, 0xA326, 0xAB46, 0xAB67, 0xB387, 0xB3A8, 0xBBE9,
    0xC429, 0xCC4A, 0xCC6A, 0xC44A, 0xBC2A, 0xB40A, 0xABC9, 0x9B89,
    0x9369, 0x9348, 0xD5D2, 0xFFFC, 0xFF15, 0xFE0D, 0xFE70, 0xFE70,
    0xFDCC, 0xFD4A, 0xFD29, 0xFE71, 0xFED3, 0xFE91, 0xFE92, 0xFE91,
    0xF508, 0xDB83, 0xC2C1, 0xD363, 0xCB02, 0xCB02, 0xCAE2, 0xCB23,
    0xCB23, 0xBAA2, 0xCB23, 0xCB02, 0xCB23, 0xBAC2, 0xBAC2, 0xC302,
    0xCB02, 0xD343, 0xCB23, 0xCB23, 0xCB64, 0xCB43, 0xD384, 0xDBA4,
    0xD3C5, 0xDC26, 0xF5CE, 0xF631, 0xF630, 0xF651, 0xF651, 0xF610,
    0xF5EF, 0xEC86, 0xD341, 0xBAC2, 0xBAA2, 0xC302, 0xC302, 0xC323,
    0xBAC3, 0xC323, 0xCB43, 0xCB43, 0xBAE2, 0xC323, 0xCB43, 0xCB63,
    0xCB42, 0xDBE4, 0xE446, 0xECE9, 0xF5AD, 0xEDCF, 0xF610, 0xF610,
    0xF610, 0xF672, 0xF651, 0xF652, 0xF631, 0xEDD0, 0xEDCF, 0xFE73,
    0xFE73, 0xF672, 0xF652, 0xF5F0, 0xE4CB, 0xCB64, 0xBAC2, 0xBAA2,
    0xBAE3, 0xC2E2, 0xDBC5, 0xD364, 0xC2E3, 0xC2E2, 0xCB44, 0xC323,
    0xC2E2, 0xC2E3, 0xD364, 0xDBC6, 0xD3A5, 0xC2E3, 0xCB44, 0xD384,
    0xD384, 0xE446, 0xF5CE, 0xFE93, 0xFE71, 0xFE72, 0xFE72, 0xF631,
    0xF630, 0xF652, 0xF5F0, 0xED8E, 0xED8E, 0x9B26, 0x8AC5, 0xABA8,
    0xBC09, 0xC42A, 0xCC8B, 0xBC4A, 0x7245, 0x38C1, 0x4102, 0x4902,
    0x40C1, 0x40E1, 0x2881, 0x38C1, 0x30A1, 0x38C1, 0x30A1, 0x30A1,
    0x30A1, 0x38C2, 0x4923, 0x4922, 0x38C1, 0x40E2, 0x38E2, 0x38C1,
    0x30A1, 0x4922, 0x5983, 0x61C4, 0x61A4, 0x69E5, 0x69E5, 0x7206,
    0x69C5, 0x69C5, 0x7A26, 0x8A67, 0x8267, 0x9B2A, 0xB3AB, 0xDCF0,
    0xD531, 0xA42E, 0xA40E, 0xA40E, 0xA40D, 0x9BED, 0x9BCD, 0x9BCD,
    0x93AC, 0x938C, 0x8B6C, 0x8B4B, 0x832B, 0x7B0A, 0x72EA, 0x72C9,
    0x6A89, 0x6A89, 0x6289, 0x6289, 0x6AAA, 0x6ACB, 0x72CB, 0x72CA,
    0x6205, 0x6205, 0x6205, 0x6205, 0x6205, 0x6A05, 0x6A05, 0x6205,
    0x6205, 0x6205, 0x6205, 0x6205, 0x6A05, 0x6A05, 0x6A05, 0x6A04,
    0x6A04, 0x6A04, 0x6A04, 0x6A04, 0x7204, 0x7224, 0x7A24, 0x7A45,
    0x8265, 0x8265, 0x8265, 0x8265, 0x8264, 0x8264, 0x8243, 0x8243,
    0x8243, 0x8A43, 0x8A63, 0x8A63, 0x9284, 0x9284, 0x92A4, 0x9AC5,
    0x9AE5, 0xA306, 0xA326, 0xAB46, 0xAB67, 0xB387, 0xBBC8, 0xC3E9,
    0xC429, 0xCC4A, 0xCC6A, 0xC44A, 0xBC2A, 0xB40A, 0xABC9, 0x9B89,
    0x9349, 0xB42B, 0xFF79, 0xFFBA, 0xFF35, 0xFEF3, 0xFEF3, 0xFDAB,
    0xFD4A, 0xFD29, 0xFD4A, 0xFE0E, 0xFED3, 0xFED4, 0xFED4, 0xFE91,
    0xF4E8, 0xD342, 0xD383, 0xD363, 0xD363, 0xC2C1, 0xC2E2, 0xCB02,
    0xBAC2, 0xC302, 0xCB23, 0xC303, 0xBAC2, 0xC2E2, 0xC2C2, 0xC2E2,
    0xB2A2, 0xC2E2, 0xCB44, 0xCB23, 0xCB23, 0xCB23, 0xD363, 0xD363,
    0xCB23, 0xD3A4, 0xF58D, 0xFE52, 0xF652, 0xFE93, 0xF651, 0xF631,
    0xF60F, 0xED09, 0xDBE4, 0xCB22, 0xBAC2, 0xC303, 0xCB02, 0xBAC2,
    0xBAC2, 0xC343, 0xBAC2, 0xC302, 0xCB64, 0xC323, 0xCB02, 0xC302,
    0xCB42, 0xE466, 0xF56C, 0xF5EF, 0xF631, 0xF5CF, 0xF5F0, 0xF632,
    0xF610, 0xF60F, 0xFE93, 0xF611, 0xF5F0, 0xF611, 0xED8E, 0xF693,
    0xF672, 0xF631, 0xF631, 0xF5CF, 0xED6D, 0xE4A9, 0xC303, 0xAA41,
    0xBAC2, 0xBAC2, 0xC303, 0xCB64, 0xBAC2, 0xBAA2, 0xC2E2, 0xBAA2,
    0xC303, 0xC303, 0xCB44, 0xDBC5, 0xD385, 0xD384, 0xCB44, 0xCB43,
    0xD363, 0xE425, 0xF58C, 0xFE72, 0xFEB3, 0xFE51, 0xFE51, 0xFE72,
    0xFE73, 0xF652, 0xF611, 0xDD0B, 0xE54D, 0xBC09, 0x7A44, 0x9B47,
    0xB3C8, 0xBBE9, 0xC42B, 0x6A04, 0x38E1, 0x40E1, 0x38E1, 0x38C1,
    0x38C1, 0x30A1, 0x30A1, 0x30A1, 0x30A1, 0x30A1, 0x30A1, 0x2881,
    0x30C1, 0x38C2, 0x30A1, 0x38C1, 0x40E2, 0x38C1, 0x5143, 0x4902,
    0x40E2, 0x4923, 0x5143, 0x6184, 0x61A4, 0x61A4, 0x7205, 0x7A26,
    0x7A26, 0x69C4, 0x6184, 0x7A26, 0x8A87, 0x8AC8, 0xAB4A, 0xC42D,
    0xE551, 0xB46F, 0xA42E, 0xA42E, 0xA40E, 0xA40D, 0x9BED, 0x9BCD,
    0x9BAD, 0x938C, 0x8B6C, 0x8B4B, 0x832B, 0x7B0B, 0x7AEA, 0x72CA,
    0x6AA9, 0x6AA9, 0x6A89, 0x6A8A, 0x6AAA, 0x72CB, 0x72EB, 0x72CA,
    0x6205, 0x6205, 0x61E5, 0x61E5, 0x6205, 0x6205, 0x6205, 0x6205,
    0x6205, 0x6205, 0x6205, 0x6205, 0x6205, 0x6205, 0x6205, 0x61E5,
    0x61E4, 0x61E4, 0x6A04, 0x6A04, 0x7204, 0x7224, 0x7A24, 0x7A45,
    0x8265, 0x8265, 0x8265, 0x8265, 0x8264, 0x8264, 0x8244, 0x8243,
    0x8243, 0x8A43, 0x8A63, 0x8A64, 0x9284, 0x92A4, 0x92C5, 0x9AC5,
    0x9AE5, 0xA306, 0xA326, 0xAB46, 0xAB67, 0xB387, 0xBBC8, 0xBBE8,
    0xC429, 0xCC4A, 0xCC6A, 0xC44A, 0xBC2A, 0xB40A, 0xABCA, 0x9B89,
    0x9369, 0xCD0F, 0xFF78, 0xFF98, 0xFF57, 0xFF78, 0xFE0D, 0xFD6A,
    0xFD8B, 0xFDCD, 0xF54A, 0xF5EE, 0xFEF4, 0xFEF5, 0xFE92, 0xFE2F,
    0xEC67, 0xDBA3, 0xDBA4, 0xCB22, 0xD363, 0xC2C2, 0xCB43, 0xCB43,
    0xBAA2, 0xB261, 0xBAA1, 0xC323, 0xBAE2, 0xC2E2, 0xC303, 0xCB44,
    0xCB23, 0xCB23, 0xD343, 0xBAE2, 0xC303, 0xC303, 0xC2E2, 0xCB22,
    0xCB22, 0xCB63, 0xED2B, 0xFE30, 0xFE72, 0xFE72, 0xF5EF, 0xF652,
    0xF60F, 0xF5AD, 0xECA7, 0xDBC4, 0xCB43, 0xCB43, 0xCB23, 0xCB43,
    0xBAE2, 0xBB03, 0xB2A2, 0xC303, 0xBAE2, 0xBAC2, 0xCB22, 0xD3A4,
    0xE487, 0xED6C, 0xF610, 0xEDAE, 0xF631, 0xF5F0, 0xF672, 0xF652,
    0xF673, 0xF651, 0xF652, 0xF652, 0xF610, 0xF632, 0xEDAF, 0xF631,
    0xF631, 0xF610, 0xF610, 0xF5F0, 0xF5D0, 0xF5CF, 0xE448, 0xC303,
    0xC303, 0xC323, 0xAA62, 0xAA62, 0xCB44, 0xCB23, 0xC303, 0xC303,
    0xB261, 0xCB23, 0xCB03, 0xC2E3, 0xD384, 0xD364, 0xD384, 0xD384,
    0xDC05, 0xECE9, 0xF5CE, 0xFE30, 0xFE92, 0xFE93, 0xFE52, 0xF652,
    0xF672, 0xF611, 0xEDAF, 0xDCAA, 0xDC89, 0xCC8B, 0x7A44, 0x9306,
    0xA367, 0xBBE9, 0x8AA6, 0x38C1, 0x30A1, 0x38C1, 0x40E1, 0x4102,
    0x40C1, 0x2881, 0x38C1, 0x30A1, 0x30A1, 0x38E2, 0x2881, 0x2881,
    0x30A1, 0x30A1, 0x38C2, 0x4102, 0x40E2, 0x4902, 0x40E2, 0x5163,
    0x4923, 0x4923, 0x5143, 0x69C5, 0x69C5, 0x69A4, 0x69A4, 0x69C5,
    0x8267, 0x7A66, 0x61C4, 0x61A4, 0x8AA8, 0x92E9, 0x92E9, 0xAB6A,
    0xDCCF, 0xDD52, 0xAC4E, 0xA42E, 0xA42E, 0xA40E, 0xA40E, 0x9BED,
    0x9BCD, 0x93AD, 0x938C, 0x8B6C, 0x834B, 0x832B, 0x7B0A, 0x72EA,
    0x72AA, 0x6AA9, 0x6AA9, 0x6AAA, 0x6ACA, 0x72EB, 0x72EB, 0x72EA,
    0x59E6, 0x59E5, 0x59E5, 0x59E5, 0x61E5, 0x61E5, 0x61E5, 0x61E5,
    0x6205, 0x6205, 0x6205, 0x6205, 0x6205, 0x6205, 0x6205, 0x6205,
    0x6205, 0x6A05, 0x6A05, 0x6A05, 0x7225, 0x7225, 0x7A45, 0x7A65,
    0x8265, 0x8285, 0x8285, 0x8285, 0x8265, 0x8A64, 0x8244, 0x8243,
    0x8A43, 0x8A63, 0x8A63, 0x8A84, 0x9284, 0x92A4, 0x9AC5, 0x9AE5,
    0x9B05, 0xA306, 0xA326, 0xAB46, 0xAB67, 0xB387, 0xBBC8, 0xC3E8,
    0xC429, 0xCC4A, 0xCC6A, 0xC44A, 0xBC2A, 0xB40A, 0xABC9, 0x9B89,
    0x936A, 0xC4AD, 0xFF35, 0xFF57, 0xFF99, 0xFED3, 0xFD6A, 0xFDAB,
    0xFDAC, 0xFD8B, 0xF52A, 0xFE91, 0xFEF4, 0xFED3, 0xFE70, 0xFE2F,
    0xECC8, 0xE3C4, 0xCB22, 0xDB63, 0xC2C2, 0xC302, 0xD3A4, 0xCB02,
    0xC2E2, 0xB281, 0xBAA1, 0xBAA1, 0xBAA2, 0xC303, 0xC2E2, 0xC2E2,
    0xC2E2, 0xBAC2, 0xCB23, 0xB2A2, 0xBAE2, 0xC302, 0xCB22, 0xD363,
    0xC2E1, 0xD384, 0xED2A, 0xF5EF, 0xF60F, 0xF5CE, 0xF631, 0xF651,
    0xF5EF, 0xF5EF, 0xF5AD, 0xECC8, 0xDBC4, 0xCB02, 0xD384, 0xC303,
    0xC303, 0xBAE3, 0xAA82, 0xBAE2, 0xB2C2, 0xC303, 0xCB02, 0xE467,
    0xED6C, 0xF5F0, 0xF611, 0xF5EF, 0xF631, 0xEDCF, 0xF631, 0xFE93,
    0xF672, 0xF672, 0xF652, 0xED8E, 0xE58F, 0xE50C, 0xED6D, 0xF5EF,
    0xF611, 0xF610, 0xF5F0, 0xF611, 0xF652, 0xF5F0, 0xE50C, 0xD384,
    0xCB64, 0xD364, 0xD384, 0xBAA2, 0xBAC2, 0xD364, 0xC2C2, 0xC324,
    0xBAC2, 0xC2E3, 0xC303, 0xBAA2, 0xBAC2, 0xD343, 0xDBC5, 0xDB84,
    0xDBE4, 0xF56C, 0xFE30, 0xF630, 0xFE30, 0xFE92, 0xFEB3, 0xFE72,
    0xEDCF, 0xF5CF, 0xE52C, 0xD407, 0xD3E7, 0xCC4A, 0x8285, 0x82A5,
    0xA368, 0x9B27, 0x40E1, 0x30A1, 0x38A1, 0x30A1, 0x2881, 0x38A1,
    0x30A1, 0x2881, 0x30A1, 0x2060, 0x2881, 0x38C1, 0x2881, 0x2881,
    0x30A1, 0x30C2, 0x30C2, 0x4123, 0x4923, 0x5123, 0x4923, 0x4102,
    0x4923, 0x38E2, 0x4923, 0x5984, 0x69C5, 0x69C5, 0x61A4, 0x5984,
    0x7205, 0x7A66, 0x7205, 0x5984, 0x8246, 0xAB4A, 0x9B09, 0xA34A,
    0xB3AB, 0xE551, 0xBC90, 0xA44F, 0xAC2E, 0xA42E, 0xA40E, 0xA40D,
    0x9BED, 0x9BCD, 0x938C, 0x8B6C, 0x8B4B, 0x832B, 0x7B0A, 0x72EA,
    0x72CA, 0x6AA9, 0x6AAA, 0x6AAA, 0x6ACA, 0x72EB, 0x72EB, 0x72CA,
    0x59E6, 0x59E6, 0x59E6, 0x59E6, 0x59E6, 0x59E6, 0x59E6, 0x6206,
    0x6206, 0x6206, 0x6226, 0x6226, 0x6A26, 0x6A26, 0x6A26, 0x6A26,
    0x6A26, 0x6A26, 0x6A26, 0x7246, 0x7246, 0x7246, 0x7A66, 0x7A66,
    0x8286, 0x8286, 0x8286, 0x8285, 0x8265, 0x8264, 0x8264, 0x8243,
    0x8A43, 0x8A63, 0x8A64, 0x8A84, 0x9284, 0x92A4, 0x9AC5, 0x9AE5,
    0x9AE5, 0xA306, 0xA326, 0xAB46, 0xAB67, 0xB387, 0xBBC8, 0xC409,
    0xC429, 0xCC6A, 0xCC6A, 0xC44A, 0xBC2A, 0xB3EA, 0xA3A9, 0x9B89,
    0x8B29, 0xCCCC, 0xFEB2, 0xFF57, 0xFF78, 0xFE4F, 0xFD8B, 0xFDCC,
    0xFDAB, 0xFD29, 0xF509, 0xFE71, 0xFEF4, 0xFEB2, 0xFEB2, 0xFE4F,
    0xF4E8, 0xE3E4, 0xDBA4, 0xD363, 0xCB23, 0xCB43, 0xD363, 0xCB23,
    0xCB22, 0xD343, 0xC302, 0xC2C2, 0xBAC2, 0xBAE2, 0xD363, 0xC2E3,
    0xBAE2, 0xBAC2, 0xC303, 0xC323, 0xD363, 0xCB23, 0xC2E2, 0xCB22,
    0xBAC1, 0xDC46, 0xF56C, 0xFE51, 0xF5EF, 0xEDAD, 0xF651, 0xF610,
    0xF610, 0xF631, 0xF610, 0xF5AD, 0xECC8, 0xDBE5, 0xD363, 0xBAE2,
    0xBAE3, 0xBAC2, 0xBB02, 0xC322, 0xCB64, 0xC2E2, 0xDBC4, 0xF58D,
    0xED8E, 0xF611, 0xF631, 0xF652, 0xF652, 0xF652, 0xF631, 0xF611,
    0xF631, 0xED8E, 0xE54D, 0xD3E6, 0xCBC6, 0xD3A5, 0xDC47, 0xED4C,
    0xF5F0, 0xF632, 0xF611, 0xF611, 0xF652, 0xEDF0, 0xEDAF, 0xD407,
    0xCB43, 0xC323, 0xCB23, 0xC303, 0xCB02, 0xD364, 0xC2E3, 0xBAC3,
    0xBAA2, 0xB282, 0xCB44, 0xCB43, 0xBAA2, 0xB261, 0xD3A4, 0xDBC5,
    0xE426, 0xFE0F, 0xFE51, 0xFE51, 0xF5EE, 0xF60F, 0xFE72, 0xFE93,
    0xE50C, 0xDC28, 0xDC48, 0xD3E7, 0xCB65, 0xCBE7, 0x8AE7, 0x61E4,
    0x9327, 0x69E4, 0x2880, 0x2880, 0x2880, 0x38C1, 0x38C1, 0x2881,
    0x2881, 0x2881, 0x30C1, 0x2040, 0x2881, 0x30A1, 0x30A1, 0x2881,
    0x38E2, 0x4103, 0x4923, 0x38E2, 0x4102, 0x4902, 0x4902, 0x38E2,
    0x38E2, 0x4902, 0x4122, 0x5984, 0x61A4, 0x7205, 0x8246, 0x61C5,
    0x6A05, 0x61C5, 0x69E5, 0x5163, 0x61A4, 0x9AE8, 0x8247, 0xA32A,
    0xAB6A, 0xD4AF, 0xBCB0, 0xA44F, 0xAC4E, 0xA42E, 0xA42E, 0xA40E,
    0x9BED, 0x9BCD, 0x93AD, 0x8B8C, 0x8B4B, 0x832B, 0x7B0A, 0x72EA,
    0x72CA, 0x6AA9, 0x6A89, 0x6AAA, 0x6ACA, 0x72CB, 0x72CA, 0x72CA,
    0x5A06, 0x5A06, 0x5A06, 0x6207, 0x6227, 0x6227, 0x6227, 0x6227,
    0x6247, 0x6247, 0x6A47, 0x6A47, 0x6A48, 0x6A68, 0x6A68, 0x6A68,
    0x6A68, 0x6A68, 0x6A68, 0x7267, 0x7267, 0x7267, 0x7A87, 0x7A87,
    0x82A7, 0x82A7, 0x82A7, 0x8286, 0x8285, 0x8285, 0x8A64, 0x8A43,
    0x8A43, 0x8A63, 0x8A64, 0x8A84, 0x9284, 0x92A4, 0x9AC5, 0x9AE5,
    0xA305, 0xA306, 0xA326, 0xAB46, 0xAB67, 0xB387, 0xBBC8, 0xC409,
    0xC429, 0xCC6A, 0xCC6A, 0xC44A, 0xBC2A, 0xB3EA, 0xA3CA, 0x9B69,
    0x938A, 0xED6D, 0xFE70, 0xFF79, 0xFF15, 0xFE2E, 0xFE0E, 0xFDAC,
    0xFD29, 0xF4C7, 0xF5AD, 0xFEF4, 0xFED3, 0xFE91, 0xFEB2, 0xFE4F,
    0xFD8B, 0xECA7, 0xE426, 0xDBC4, 0xCB43, 0xD363, 0xD364, 0xCB22,
    0xD363, 0xCB22, 0xC2E2, 0xBAA2, 0xCB23, 0xCB02, 0xBAA2, 0xBAC2,
    0xCB23, 0xBAA1, 0xBAC2, 0xCB43, 0xD343, 0xCB22, 0xC302, 0xD362,
    0xDC05, 0xF5CE, 0xFE51, 0xF630, 0xEDAD, 0xF630, 0xF651, 0xF630,
    0xF652, 0xF630, 0xF5AE, 0xF630, 0xF58C, 0xECA7, 0xD363, 0xCB22,
    0xB2A2, 0xBAE3, 0xD384, 0xD383, 0xD342, 0xD384, 0xF54C, 0xF5CF,
    0xE56E, 0xF631, 0xFE72, 0xF652, 0xF631, 0xF652, 0xF631, 0xF610,
    0xE56E, 0xD48A, 0xDC68, 0xCB84, 0xBAC2, 0xC343, 0xD3C5, 0xDC27,
    0xED2C, 0xF652, 0xF632, 0xF611, 0xF631, 0xEDD0, 0xEDCF, 0xED6D,
    0xDBE6, 0xCB64, 0xCB44, 0xBAC2, 0xC302, 0xBAA2, 0xBB03, 0xC324,
    0xBAA2, 0xB2A2, 0xB282, 0xCB43, 0xCB43, 0xC303, 0xCB23, 0xDBE5,
    0xECA8, 0xFE0F, 0xFE51, 0xFE72, 0xFE51, 0xF5CE, 0xFE51, 0xF610,
    0xED6D, 0xCBC6, 0xBAE3, 0xCB65, 0xCB65, 0xC365, 0x9B26, 0x61C3,
    0x6A04, 0x38E1, 0x2860, 0x2881, 0x3081, 0x38C1, 0x3081, 0x2881,
    0x2881, 0x2881, 0x2881, 0x2060, 0x2881, 0x30C1, 0x30A1, 0x40E2,
    0x38C2, 0x38E2, 0x38E2, 0x38C2, 0x38E2, 0x40E2, 0x4943, 0x38C1,
    0x40E2, 0x5123, 0x5123, 0x5143, 0x61A4, 0x61A4, 0x7A26, 0x7205,
    0x7206, 0x71E5, 0x61C5, 0x5143, 0x5163, 0x8267, 0x7A46, 0x8267,
    0xA34A, 0xC42D, 0xD4F0, 0xAC4F, 0xAC4F, 0xAC2E, 0xA42E, 0xA40E,
    0xA3ED, 0x9BCD, 0x93AD, 0x8B8C, 0x8B6B, 0x832B, 0x7AEA, 0x72CA,
    0x6AA9, 0x6A89, 0x6289, 0x628A, 0x6AAA, 0x6ACA, 0x6ACA, 0x6AAA,
    0x5A27, 0x6227, 0x6228, 0x6248, 0x6268, 0x6A68, 0x6A68, 0x6A89,
    0x6A89, 0x6A89, 0x6A89, 0x6A89, 0x7289, 0x7289, 0x72A9, 0x72A9,
    0x72A9, 0x72A9, 0x7289, 0x7289, 0x7289, 0x72A9, 0x7AA8, 0x7AA8,
    0x7AA8, 0x82A8, 0x82A8, 0x82A7, 0x8286, 0x8285, 0x8A64, 0x8A63,
    0x8A43, 0x8A63, 0x8A64, 0x8A84, 0x9284, 0x92A4, 0x9AC5, 0x9AE5,
    0xA305, 0xA306, 0xA326, 0xAB46, 0xAB67, 0xB387, 0xBBC8, 0xBC09,
    0xC429, 0xCC6A, 0xCC6A, 0xC44A, 0xBC2A, 0xB3EA, 0xA3AA, 0x9B69,
    0xA3CA, 0xFD8C, 0xFE92, 0xFF78, 0xFF14, 0xFE2E, 0xFE0E, 0xFD8B,
    0xF4C6, 0xF509, 0xFEB3, 0xFEF4, 0xFE91, 0xFE91, 0xFEB2, 0xFE2F,
    0xFE2E, 0xF56B, 0xEC45, 0xEC46, 0xDBC4, 0xD363, 0xCB02, 0xCB22,
    0xC2E2, 0xC303, 0xC303, 0xC303, 0xD384, 0xC2E1, 0xBAA1, 0xCB43,
    0xC2E2, 0xB2A2, 0xC323, 0xCB23, 0xD343, 0xCB43, 0xDBE4, 0xEC87,
    0xF5CE, 0xF672, 0xF651, 0xF631, 0xF5EF, 0xF610, 0xF651, 0xF5EF,
    0xF631, 0xF610, 0xF5CE, 0xF610, 0xF5AE, 0xF52A, 0xDBE4, 0xD362,
    0xCB63, 0xC343, 0xCB42, 0xE424, 0xECC8, 0xED0B, 0xF5CF, 0xF5EF,
    0xEDAF, 0xF652, 0xF672, 0xF611, 0xF631, 0xF652, 0xEDAF, 0xEDAF,
    0xE50C, 0xCBA6, 0xD3C5, 0xD385, 0xBAC2, 0xBAE2, 0xCB64, 0xDBE6,
    0xDC47, 0xF5CF, 0xF632, 0xF631, 0xF5F0, 0xEDAF, 0xEDCF, 0xEDCF,
    0xE4A9, 0xCB64, 0xC323, 0xCB44, 0xCB23, 0xC323, 0xB2C3, 0xC303,
    0xCB03, 0xC2E3, 0xC323, 0xCB43, 0xD384, 0xD363, 0xD3A4, 0xECC9,
    0xF58C, 0xF5CE, 0xFE51, 0xFE51, 0xFE51, 0xFE72, 0xFE92, 0xF5CF,
    0xE50B, 0xCBC6, 0xC344, 0xC345, 0xCBA5, 0xC324, 0xAB05, 0x7224,
    0x4942, 0x2040, 0x2881, 0x3081, 0x3081, 0x2860, 0x2860, 0x2040,
    0x2881, 0x2881, 0x3081, 0x30A1, 0x30A1, 0x30A1, 0x30A1, 0x38E2,
    0x4102, 0x4923, 0x28A1, 0x28A1, 0x4102, 0x4923, 0x5984, 0x4102,
    0x38C2, 0x5123, 0x5123, 0x4102, 0x5164, 0x61A4, 0x61A4, 0x5984,
    0x61C4, 0x5984, 0x8267, 0x69E5, 0x4922, 0x61A4, 0x8AA8, 0x7226,
    0x9AC8, 0xAB8A, 0xD4CF, 0xAC6F, 0xA44F, 0xA42E, 0xA42E, 0xA40E,
    0xA3ED, 0x9BCD, 0x93AD, 0x938C, 0x8B4B, 0x832B, 0x7AEA, 0x72C9,
    0x6A89, 0x6289, 0x6269, 0x628A, 0x62AA, 0x6AAA, 0x6AAA, 0x6AA9,
    0x6248, 0x6248, 0x6248, 0x6269, 0x6A89, 0x6A89, 0x6AA9, 0x72AA,
    0x72AA, 0x72CA, 0x72CA, 0x72CA, 0x72CA, 0x72CA, 0x72CA, 0x72CA,
    0x72CA, 0x72CA, 0x72CA, 0x72CA, 0x72CA, 0x72CA, 0x7AC9, 0x7AC9,
    0x7AC9, 0x7AC9, 0x82C8, 0x82A7, 0x82A6, 0x8285, 0x8A64, 0x8A63,
    0x8A63, 0x8A63, 0x8A64, 0x9284, 0x9284, 0x92A4, 0x9AC5, 0x9AE5,
    0xA305, 0xA306, 0xA326, 0xAB46, 0xAB67, 0xB387, 0xBBC8, 0xC409,
    0xC429, 0xCC4A, 0xCC6A, 0xC44A, 0xBC2A, 0xB3EA, 0xA3AA, 0x9349,
    0xB42B, 0xFDED, 0xFEF5, 0xFF78, 0xFF14, 0xFE0D, 0xFDED, 0xFD28,
    0xF4E7, 0xFE0F, 0xFED4, 0xFED3, 0xFE71, 0xFE71, 0xFE70, 0xFE2F,
    0xFE50, 0xFE2E, 0xF58B, 0xEC66, 0xDBC3, 0xDB82, 0xDB83, 0xC302,
    0xC2E2, 0xCB02, 0xC302, 0xD364, 0xCB22, 0xCB22, 0xCB02, 0xC302,
    0xC2E2, 0xBAE3, 0xCB43, 0xC302, 0xD363, 0xDBC4, 0xEC66, 0xF58D,
    0xF631, 0xF631, 0xF630, 0xF651, 0xF5CE, 0xF610, 0xF630, 0xF5EF,
    0xF5CF, 0xF5CE, 0xF631, 0xF630, 0xF5EF, 0xF58D, 0xED2A, 0xE425,
    0xDC04, 0xE425, 0xE466, 0xED4B, 0xF610, 0xED6D, 0xEDEF, 0xEDF0,
    0xF611, 0xF652, 0xF652, 0xF610, 0xF632, 0xF652, 0xD449, 0xE4CA,
    0xD3A5, 0xCB43, 0xCB44, 0xCB43, 0xBAE3, 0xC323, 0xCB43, 0xCB84,
    0xCB64, 0xE4CA, 0xF5F0, 0xF652, 0xF610, 0xF5F0, 0xF5EF, 0xF5F0,
    0xF5AE, 0xD3A5, 0xC303, 0xC2E3, 0xCB44, 0xCB64, 0xC323, 0xC2E2,
    0xCB23, 0xB282, 0xC302, 0xD363, 0xDBC4, 0xE425, 0xECA8, 0xF5CE,
    0xFE92, 0xFE51, 0xFE30, 0xFE51, 0xFE51, 0xF5EF, 0xF651, 0xED6D,
    0xD407, 0xC344, 0xBB03, 0xCB65, 0xD3C6, 0xCBA6, 0xB325, 0x7224,
    0x30C1, 0x1840, 0x2060, 0x2860, 0x2881, 0x2881, 0x3081, 0x2860,
    0x2881, 0x2881, 0x30A1, 0x38E2, 0x30A1, 0x2881, 0x38E2, 0x38E2,
    0x40E2, 0x30C2, 0x30A1, 0x28A1, 0x4923, 0x4923, 0x4943, 0x4923,
    0x4102, 0x4902, 0x4923, 0x4923, 0x5143, 0x61A4, 0x61A4, 0x5163,
    0x69C5, 0x5984, 0x5143, 0x7A26, 0x69C5, 0x4923, 0x8246, 0x8A87,
    0x9AC8, 0xAB4A, 0xBC2D, 0xAC6F, 0xA44E, 0xA42E, 0xA42E, 0xA40E,
    0xA3ED, 0x9BCD, 0x93AD, 0x938C, 0x8B4B, 0x830B, 0x7AEA, 0x6AA9,
    0x6A69, 0x6269, 0x5A49, 0x5A69, 0x6289, 0x628A, 0x6A89, 0x6A89,
    0x6AAA, 0x6AAA, 0x6AAA, 0x72CA, 0x72CB, 0x72CB, 0x72EB, 0x72EB,
    0x7AEB, 0x7AEB, 0x7AEB, 0x7AEB, 0x7AEB, 0x7AEB, 0x7AEB, 0x7AEB,
    0x7AEB, 0x7AEB, 0x7AEB, 0x7AEB, 0x7AEB, 0x7AEB, 0x7ACA, 0x7ACA,
    0x7ACA, 0x82C9, 0x82C9, 0x82A8, 0x82A7, 0x8286, 0x8A64, 0x8A64,
    0x8A63, 0x8A64, 0x8A64, 0x8A84, 0x9284, 0x92A4, 0x9AC5, 0x9AE5,
    0xA305, 0xA306, 0xA326, 0xAB46, 0xAB67, 0xB387, 0xBBC8, 0xC409,
    0xC429, 0xCC4A, 0xCC6A, 0xC46A, 0xBC2A, 0xB3EA, 0xA3AA, 0x9349,
    0xD4AB, 0xFE0E, 0xFF57, 0xFF78, 0xFF35, 0xFE0D, 0xFD49, 0xF529,
    0xFE0F, 0xFE92, 0xFED3, 0xFEB2, 0xFE91, 0xFE70, 0xFE50, 0xFE91,
    0xFE71, 0xFE0E, 0xF5AC, 0xF54A, 0xF509, 0xF549, 0xF4C7, 0xCB42,
    0xBAC2, 0xD363, 0xCB02, 0xC2C1, 0xC2E2, 0xC303, 0xBAA2, 0xBAE2,
    0xC302, 0xC2E2, 0xC2E2, 0xCB02, 0xDBE5, 0xE446, 0xF58C, 0xF630,
    0xF610, 0xF610, 0xF610, 0xF60F, 0xF651, 0xF631, 0xF630, 0xF5CE,
    0xF5EF, 0xF631, 0xF610, 0xF651, 0xF5EF, 0xF5EF, 0xF5CE, 0xED6C,
    0xF5AD, 0xF58D, 0xED8D, 0xF610, 0xEDAE, 0xED4C, 0xF610, 0xF610,
    0xF652, 0xF5F0, 0xF652, 0xF611, 0xEDF0, 0xE52D, 0xCBE7, 0xD448,
    0xC303, 0xCB44, 0xCB44, 0xBB03, 0xBAE3, 0xC303, 0xCB64, 0xCB63,
    0xC323, 0xD3A5, 0xED6D, 0xF652, 0xF611, 0xF631, 0xF631, 0xF611,
    0xF5CF, 0xDC48, 0xCB43, 0xCB63, 0xC323, 0xBAE2, 0xC323, 0xC324,
    0xC2E2, 0xC302, 0xBAA1, 0xD342, 0xE426, 0xECE9, 0xF5AE, 0xF5EF,
    0xFE93, 0xFE71, 0xFE72, 0xFE92, 0xFE72, 0xF672, 0xF610, 0xDCAA,
    0xB2A2, 0xBAE3, 0xC2E3, 0xCB44, 0xCB85, 0xD3C6, 0xAAE4, 0x8285,
    0x4963, 0x1840, 0x2860, 0x2881, 0x30A1, 0x2880, 0x2880, 0x30A1,
    0x2881, 0x3081, 0x2881, 0x30A1, 0x30C2, 0x30A1, 0x30A1, 0x4102,
    0x38E2, 0x4102, 0x4103, 0x30A1, 0x4923, 0x4923, 0x4102, 0x4943,
    0x4102, 0x38E2, 0x4902, 0x4902, 0x4102, 0x5143, 0x5964, 0x5964,
    0x40E2, 0x5163, 0x5143, 0x69C4, 0x61C4, 0x5143, 0x69C5, 0x92A7,
    0x8246, 0xA34A, 0xBC2D, 0xAC4F, 0xA44E, 0xA42E, 0xA42E, 0xA40E,
    0xA3ED, 0x9BCD, 0x93AD, 0x8B8C, 0x834B, 0x7B0A, 0x72CA, 0x6A89,
    0x6268, 0x5A48, 0x5A28, 0x5A48, 0x5A49, 0x5A49, 0x6269, 0x6268,
    0x7B4D, 0x7B4D, 0x7B4D, 0x834D, 0x836D, 0x834D, 0x834D, 0x834D,
    0x834D, 0x834C, 0x832C, 0x7B0C, 0x7B0B, 0x7B0B, 0x7B0B, 0x7B0B,
    0x7B0C, 0x7B0C, 0x7B0C, 0x7B0C, 0x7AEB, 0x7AEB, 0x7AEB, 0x7AEB,
    0x7AEA, 0x82EA, 0x82C9, 0x82C8, 0x82A7, 0x8286, 0x8A64, 0x8A64,
    0x8A63, 0x8A64, 0x8A64, 0x8A84, 0x9284, 0x92A4, 0x9AC5, 0x9AE5,
    0xA2E5, 0xA306, 0xA326, 0xAB46, 0xB367, 0xB387, 0xBBC8, 0xC409,
    0xC429, 0xC44A, 0xCC6A, 0xC44A, 0xBC2A, 0xB3EA, 0xA3AA, 0x9B89,
    0xE4CA, 0xFE50, 0xFF79, 0xFF57, 0xFF56, 0xFDEC, 0xFD6A, 0xFE50,
    0xFEB3, 0xFEB3, 0xFEB2, 0xFE92, 0xFE71, 0xFE4F, 0xFE91, 0xFEB2,
    0xFE2F, 0xF5CE, 0xFDCD, 0xFE0E, 0xFE71, 0xFE50, 0xFDCC, 0xECA6,
    0xDBC4, 0xDBC4, 0xCAE1, 0xC2E1, 0xAA41, 0xBAC1, 0xB2A1, 0xBAE3,
    0xB2A2, 0xBAA1, 0xCB02, 0xD363, 0xD383, 0xECC8, 0xFE30, 0xF60F,
    0xF5CE, 0xF5AE, 0xF5EF, 0xF651, 0xFEB4, 0xF672, 0xF610, 0xF610,
    0xF60F, 0xF651, 0xF651, 0xF631, 0xF5EF, 0xF630, 0xF60F, 0xF5CE,
    0xF610, 0xF631, 0xEDCF, 0xF610, 0xED8E, 0xEDEF, 0xF631, 0xF5F0,
    0xF631, 0xED8E, 0xEDF1, 0xDCEC, 0xE52C, 0xD427, 0xCB85, 0xC364,
    0xBAE3, 0xBAC3, 0xD384, 0xC303, 0xC323, 0xCB64, 0xCB44, 0xDBE6,
    0xD384, 0xD3A5, 0xECEA, 0xF610, 0xF610, 0xF610, 0xF610, 0xF610,
    0xEDCF, 0xE52C, 0xD3A5, 0xD384, 0xCB63, 0xAA82, 0xB281, 0xC303,
    0xBAE2, 0xD363, 0xDBE4, 0xDC05, 0xE4C9, 0xED0A, 0xED8D, 0xED8D,
    0xF651, 0xFE92, 0xFE72, 0xFE92, 0xFE51, 0xFE93, 0xF651, 0xE52C,
    0xC324, 0xC324, 0xCB44, 0xCB44, 0xD3C6, 0xD3C7, 0xAAC4, 0x8A85,
    0x5163, 0x1840, 0x2060, 0x2881, 0x2860, 0x2881, 0x2860, 0x2881,
    0x38C1, 0x38C1, 0x30A1, 0x30C1, 0x38C2, 0x30A1, 0x38C2, 0x38E2,
    0x4102, 0x4102, 0x38C2, 0x40E2, 0x4923, 0x4103, 0x38E2, 0x4103,
    0x4102, 0x38C1, 0x40E2, 0x5123, 0x4923, 0x4102, 0x4923, 0x4902,
    0x38E2, 0x38C2, 0x5123, 0x4923, 0x5984, 0x5984, 0x5163, 0x9AE8,
    0x8A87, 0x9AE8, 0xBC2D, 0xAC4F, 0xA42E, 0xA42E, 0xA42E, 0xA40E,
    0x9BED, 0x9BCD, 0x93AC, 0x8B6C, 0x834B, 0x7B0A, 0x72C9, 0x6A68,
    0x5A48, 0x5A28, 0x5207, 0x5208, 0x5228, 0x5A28, 0x5A28, 0x5A48,
    0x8BCF, 0x8BAF, 0x8BAF, 0x93CF, 0x93CF, 0x93CF, 0x93CF, 0x8BAE,
    0x8BAE, 0x8B8E, 0x8B6D, 0x834D, 0x832C, 0x7B0C, 0x7B0C, 0x7B0C,
    0x7B0C, 0x7B0C, 0x7B0C, 0x7B0C, 0x7B0B, 0x7AEB, 0x7AEB, 0x7AEB,
    0x7AEB, 0x7AEA, 0x82C9, 0x82C8, 0x82A7, 0x8286, 0x8264, 0x8244,
    0x8A63, 0x8A64, 0x8A64, 0x8A84, 0x9284, 0x92A4, 0x9AC5, 0x9AE5,
    0xA2E5, 0xA306, 0xA326, 0xAB46, 0xB367, 0xB387, 0xBBC8, 0xC409,
    0xC429, 0xC44A, 0xCC6A, 0xC44A, 0xBC0A, 0xB3EA, 0xA3A9, 0xA3A9,
    0xF52A, 0xFE91, 0xFF78, 0xFF57, 0xFF15, 0xFE2E, 0xFE71, 0xFEB3,
    0xFED3, 0xFEB3, 0xFED3, 0xFE70, 0xFE50, 0xFE70, 0xFE91, 0xFE2F,
    0xF5CE, 0xF60F, 0xFE0F, 0xFE71, 0xFE91, 0xFE70, 0xFE4F, 0xF5CD,
    0xF54A, 0xDBC3, 0xCB02, 0xC2C1, 0xBAA1, 0xC302, 0xAA61, 0xAA61,
    0xA220, 0xBAA1, 0xD363, 0xD363, 0xD383, 0xED4B, 0xFE30, 0xF5CE,
    0xF5EF, 0xF610, 0xF631, 0xFE92, 0xFE93, 0xF630, 0xF631, 0xF5EF,
    0xF610, 0xFE72, 0xF651, 0xF651, 0xF630, 0xF610, 0xF610, 0xF610,
    0xF5EF, 0xF5F0, 0xF5F0, 0xF610, 0xF610, 0xF652, 0xF610, 0xF5F0,
    0xF610, 0xE50C, 0xDCCB, 0xD407, 0xD3C6, 0xD364, 0xCB44, 0xB2C3,
    0xC303, 0xBAA2, 0xD364, 0xD364, 0xC303, 0xCB44, 0xCB64, 0xCB84,
    0xD3C5, 0xD3A5, 0xD3C5, 0xED4C, 0xF610, 0xF610, 0xF610, 0xF610,
    0xEDAF, 0xE56D, 0xDC48, 0xD384, 0xC323, 0xC302, 0xB281, 0xBAA1,
    0xCB42, 0xE446, 0xED2B, 0xE4EA, 0xED4B, 0xEDAE, 0xED6C, 0xE52B,
    0xF5CE, 0xFE72, 0xFE51, 0xFEB3, 0xFE51, 0xF630, 0xF651, 0xDC89,
    0xC344, 0xCB65, 0xD3C6, 0xD385, 0xCB85, 0xD3C7, 0xB305, 0x9285,
    0x4122, 0x1000, 0x1840, 0x2060, 0x2060, 0x2881, 0x2881, 0x30A1,
    0x4102, 0x38C1, 0x30C1, 0x30A1, 0x30A1, 0x38E2, 0x4102, 0x40E2,
    0x40E2, 0x40E2, 0x38C2, 0x30A1, 0x30C1, 0x38E2, 0x4923, 0x4923,
    0x5963, 0x38C2, 0x38C2, 0x4923, 0x4923, 0x4923, 0x4103, 0x5143,
    0x38E2, 0x38E2, 0x4923, 0x4102, 0x5984, 0x59A4, 0x5163, 0x9B09,
    0x92C8, 0x92C8, 0xBC2D, 0xAC4E, 0xA42E, 0xA42E, 0xA40E, 0xA40E,
    0x9BED, 0x9BCD, 0x93AC, 0x8B6C, 0x832B, 0x7AEA, 0x72A9, 0x6268,
    0x5A27, 0x5207, 0x49E7, 0x49E7, 0x49E7, 0x51E7, 0x5207, 0x5A07,
    0x9C31, 0x9C30, 0x9C31, 0x9C31, 0x9C31, 0x9C31, 0x9C30, 0x9C30,
    0x9C10, 0x93EF, 0x93AE, 0x8B8D, 0x834D, 0x7B2C, 0x7B0C, 0x7B0C,
    0x7B0C, 0x7B0C, 0x7B0C, 0x7B0C, 0x7B0C, 0x72EB, 0x7AEB, 0x7AEB,
    0x7AEB, 0x7AEA, 0x82C9, 0x82C8, 0x82A7, 0x8286, 0x8264, 0x8243,
    0x8A43, 0x8A64, 0x8A64, 0x8A84, 0x9284, 0x92A4, 0x9AC5, 0x9AE5,
    0xA305, 0xA306, 0xA326, 0xAB67, 0xB367, 0xB387, 0xBBC8, 0xC3E9,
    0xC429, 0xC44A, 0xCC6A, 0xC44A, 0xBC0A, 0xABEA, 0xA3A9, 0xBC2A,
    0xFD6B, 0xFE91, 0xFF57, 0xFF36, 0xFED3, 0xFED3, 0xFED3, 0xFEB2,
    0xFEF4, 0xFED3, 0xFE2F, 0xF54A, 0xED2A, 0xE468, 0xF58C, 0xF5AD,
    0xFE30, 0xF60F, 0xFE30, 0xFE50, 0xFE71, 0xFE50, 0xF5AC, 0xF5AD,
    0xF58B, 0xEC86, 0xD342, 0xDB62, 0xCB43, 0xC302, 0xB281, 0xC302,
    0xB260, 0xC2E1, 0xCB42, 0xD383, 0xD3C4, 0xF5EE, 0xFE30, 0xF630,
    0xF630, 0xF5EF, 0xF630, 0xFE93, 0xF651, 0xF610, 0xF630, 0xF5CF,
    0xF631, 0xFE93, 0xF5EF, 0xF610, 0xF651, 0xF630, 0xF630, 0xF610,
    0xF631, 0xEDF0, 0xEDAE, 0xF610, 0xF631, 0xF651, 0xF652, 0xF632,
    0xED8E, 0xCBE8, 0xC344, 0xCB64, 0xCB43, 0xCB84, 0xB2C3, 0xB2A2,
    0xCB64, 0xB282, 0xC303, 0xD3C5, 0xC344, 0xCB64, 0xCB64, 0xC343,
    0xC343, 0xD3C5, 0xD3A4, 0xD3A5, 0xED8D, 0xF632, 0xF652, 0xF610,
    0xF610, 0xEDCF, 0xE54D, 0xDC06, 0xCB84, 0xCB43, 0xDBE4, 0xD3A4,
    0xDC46, 0xED2B, 0xED8D, 0xED8D, 0xED6C, 0xF5CE, 0xEDAE, 0xED8D,
    0xF5CE, 0xF651, 0xF651, 0xFE72, 0xFE72, 0xF631, 0xFE51, 0xE50B,
    0xC344, 0xC324, 0xD385, 0xD3A6, 0xD3A6, 0xCBA6, 0xBB25, 0x8A64,
    0x5982, 0x1820, 0x1820, 0x2060, 0x2881, 0x2881, 0x30A1, 0x30A1,
    0x38C1, 0x38C1, 0x30A1, 0x2881, 0x38C2, 0x4102, 0x4923, 0x40E2,
    0x4102, 0x38C2, 0x4102, 0x4102, 0x38E2, 0x38E2, 0x4102, 0x4102,
    0x4902, 0x30A1, 0x30A1, 0x4902, 0x4902, 0x40E2, 0x4902, 0x5143,
    0x4923, 0x38E2, 0x38C1, 0x4102, 0x5983, 0x5163, 0x5963, 0x8287,
    0x8287, 0x92E8, 0xBC2D, 0xA42E, 0xA42E, 0xA42E, 0xA40E, 0x9BED,
    0x9BED, 0x93CD, 0x938C, 0x8B4B, 0x832B, 0x7AEA, 0x6AA9, 0x6248,
    0x5A07, 0x49E6, 0x49A6, 0x41A6, 0x49C6, 0x49C6, 0x49E7, 0x51E6,
    0xACB2, 0xAC92, 0xAC92, 0xAC92, 0xAC92, 0xAC92, 0xAC92, 0xA492,
    0xA451, 0x9C30, 0x93F0, 0x8BAE, 0x8B6D, 0x832C, 0x7B0C, 0x7B0C,
    0x7B0C, 0x7B0C, 0x7B0C, 0x7B0C, 0x7B0C, 0x7AEB, 0x7AEB, 0x7AEB,
    0x7AEB, 0x7AEA, 0x82C9, 0x82C8, 0x82A7, 0x8286, 0x8264, 0x8243,
    0x8A43, 0x8A64, 0x8A64, 0x9284, 0x9284, 0x92A4, 0x9AC5, 0x9AE5,
    0xA305, 0xA306, 0xA326, 0xAB46, 0xB367, 0xB387, 0xBBC8, 0xBBE9,
    0xC429, 0xC44A, 0xCC6A, 0xC44A, 0xBC0A, 0xB3EA, 0xA389, 0xD48B,
    0xFDAB, 0xFE71, 0xFF57, 0xFEF4, 0xFED3, 0xFED4, 0xFEB2, 0xFED4,
    0xFEF4, 0xFE2E, 0xECA7, 0xDBE4, 0xD383, 0xDBE5, 0xDBE5, 0xF58C,
    0xFE50, 0xF60E, 0xFE50, 0xFE2F, 0xFE0E, 0xF5ED, 0xF5AC, 0xF5EF,
    0xF5EE, 0xF56A, 0xECA6, 0xEC45, 0xCB22, 0xB2A1, 0xC2C1, 0xBA81,
    0xBAC1, 0xD363, 0xD383, 0xDBC3, 0xED09, 0xFE50, 0xFE30, 0xFE51,
    0xF630, 0xF5EF, 0xFE30, 0xFE92, 0xF5EF, 0xF631, 0xED8E, 0xF5AE,
    0xFE72, 0xF630, 0xF610, 0xF60F, 0xF60F, 0xF630, 0xF631, 0xF610,
    0xF610, 0xF5CE, 0xEDAD, 0xF610, 0xF610, 0xF651, 0xF631, 0xF652,
    0xDCAA, 0xC344, 0xC303, 0xCB64, 0xBAE3, 0xC323, 0xC344, 0xCB44,
    0xCB23, 0xB2A2, 0xC324, 0xDBC5, 0xD3A5, 0xCB64, 0xC323, 0xBAC2,
    0xC323, 0xC323, 0xDC06, 0xD3A5, 0xE468, 0xF5CF, 0xF673, 0xF5F0,
    0xEDAE, 0xEDEF, 0xEDCF, 0xE52B, 0xE4A8, 0xE4E9, 0xED2A, 0xED0A,
    0xE50A, 0xED4B, 0xED6C, 0xEDAE, 0xEDAD, 0xF5CE, 0xEDAD, 0xEDAD,
    0xF5EF, 0xF5EF, 0xF631, 0xF60F, 0xF630, 0xFE52, 0xF610, 0xED4D,
    0xDC69, 0xC344, 0xC324, 0xCB65, 0xD3A6, 0xD3A6, 0xC345, 0x8223,
    0x5983, 0x1820, 0x1820, 0x2040, 0x2860, 0x2881, 0x30A1, 0x30A1,
    0x30A1, 0x30A1, 0x30A1, 0x30A1, 0x38A1, 0x38E2, 0x40E2, 0x40E2,
    0x38E2, 0x30C1, 0x40E2, 0x4923, 0x38E2, 0x38E2, 0x38C1, 0x4902,
    0x4902, 0x30A1, 0x2881, 0x38E2, 0x38C1, 0x30A1, 0x4102, 0x4902,
    0x4923, 0x5143, 0x4922, 0x30A1, 0x5963, 0x5143, 0x61A4, 0x5963,
    0x7206, 0xA34A, 0xB44E, 0xA42E, 0xA40E, 0xA40E, 0xA40E, 0x9BED,
    0x9BCD, 0x93AC, 0x8B6C, 0x834B, 0x7B0A, 0x72CA, 0x6A89, 0x6248,
    0x51E7, 0x49A6, 0x4185, 0x4185, 0x4185, 0x49A6, 0x49C6, 0x51C6,
    0xB4F4, 0xB4F4, 0xB4F3, 0xB4F3, 0xB4F3, 0xB4F3, 0xB4F3, 0xB4D3,
    0xACB2, 0xA471, 0x9C30, 0x93EF, 0x8B8E, 0x834D, 0x7B0C, 0x7B0C,
    0x7B0C, 0x7B0C, 0x7B0C, 0x7B0C, 0x7B0C, 0x7B0C, 0x72EB, 0x7AEB,
    0x7AEB, 0x7ACA, 0x7AC9, 0x82A8, 0x8287, 0x8266, 0x8244, 0x8243,
    0x8243, 0x8A63, 0x8A64, 0x8A84, 0x92A4, 0x92A4, 0x9AC5, 0x9AE5,
    0xA305, 0xA306, 0xA326, 0xAB46, 0xAB67, 0xB387, 0xBBC8, 0xBBE9,
    0xC429, 0xC44A, 0xCC6A, 0xC44A, 0xBC2A, 0xB3E9, 0xA389, 0xDCCB,
    0xFDAB, 0xFE92, 0xFF77, 0xFED3, 0xFED3, 0xFED4, 0xFED3, 0xFED3,
    0xFDCC, 0xF508, 0xE426, 0xDBA4, 0xDBA4, 0xCB23, 0xD383, 0xED2A,
    0xF58C, 0xFDEE, 0xFE0F, 0xF58C, 0xF5ED, 0xF5EE, 0xFE0E, 0xFE2F,
    0xFE0E, 0xFDED, 0xF5CC, 0xF529, 0xDBC3, 0xCB21, 0xCB01, 0xC2C1,
    0xC302, 0xD382, 0xDBE4, 0xECE9, 0xF5EF, 0xFE72, 0xF630, 0xF631,
    0xF60F, 0xF630, 0xFE72, 0xFE72, 0xED6D, 0xEDAE, 0xCC07, 0xE52B,
    0xED0B, 0xE52C, 0xF630, 0xF610, 0xEDAD, 0xF630, 0xF631, 0xF610,
    0xF652, 0xF651, 0xF5CE, 0xF610, 0xF631, 0xF610, 0xF5F0, 0xED4D,
    0xD3C6, 0xC303, 0xC324, 0xC323, 0xBAE3, 0xBAA2, 0xB282, 0xC2E3,
    0xC303, 0xBAE3, 0xCB64, 0xD3C6, 0xCB64, 0xC324, 0xCB64, 0xC323,
    0xCB64, 0xCB85, 0xCB44, 0xD3C5, 0xD3A4, 0xE4CA, 0xF610, 0xEDCF,
    0xEDF0, 0xEDEF, 0xF5F0, 0xED8E, 0xED6C, 0xEDAE, 0xEDCE, 0xE52B,
    0xED6C, 0xEDAD, 0xED6C, 0xED6C, 0xED6C, 0xED8D, 0xF5CE, 0xED8D,
    0xF5AE, 0xF58C, 0xF5CE, 0xF610, 0xF5EF, 0xF651, 0xF631, 0xE4EB,
    0xDC8A, 0xDC07, 0xC345, 0xCB65, 0xD3A6, 0xD3A6, 0xCB86, 0x8A43,
    0x5162, 0x1840, 0x1000, 0x2040, 0x2880, 0x30A1, 0x30A1, 0x30A1,
    0x2881, 0x3081, 0x30A1, 0x30A1, 0x30A1, 0x30A1, 0x30A1, 0x4102,
    0x38E2, 0x38C1, 0x38C2, 0x38C1, 0x38C1, 0x4923, 0x4102, 0x38C1,
    0x40E2, 0x40E2, 0x2060, 0x30A1, 0x38C2, 0x38C2, 0x30A1, 0x30A1,
    0x5143, 0x5963, 0x4923, 0x40E2, 0x4922, 0x4922, 0x4923, 0x69C4,
    0x71E5, 0xABCC, 0xAC2E, 0x9C0E, 0xA40E, 0xA40D, 0x9C0D, 0x9BED,
    0x93AD, 0x938C, 0x8B6B, 0x832B, 0x7AEA, 0x72C9, 0x6A88, 0x5A27,
    0x51E6, 0x49A6, 0x4185, 0x4185, 0x41A6, 0x49A6, 0x51C6, 0x51E6,
    0xBD55, 0xBD55, 0xBD54, 0xBD54, 0xBD34, 0xBD34, 0xBD34, 0xB514,
    0xB4D3, 0xAC92, 0xA451, 0x9C10, 0x8BAF, 0x836D, 0x7B2C, 0x7B0C,
    0x7B0C, 0x7B0C, 0x7B0C, 0x7B0C, 0x730C, 0x72EB, 0x72EB, 0x72CB,
    0x7ACA, 0x7ACA, 0x7AA9, 0x7AA8, 0x8287, 0x8265, 0x8244, 0x8243,
    0x8243, 0x8264, 0x8A64, 0x8A84, 0x92A4, 0x92A4, 0x9AC5, 0x9AE5,
    0xA305, 0xA306, 0xA326, 0xAB46, 0xAB67, 0xB387, 0xBBC8, 0xBC09,
    0xC429, 0xC44A, 0xCC6A, 0xC44A, 0xBC2A, 0xB3EA, 0xABEA, 0xED0A,
    0xFD6A, 0xFEF5, 0xFF36, 0xFEF4, 0xFEF4, 0xFEF4, 0xFF15, 0xFE2F,
    0xF4E7, 0xEC66, 0xDBC4, 0xD362, 0xD322, 0xBAA1, 0xD3A4, 0xCB43,
    0xDC47, 0xF5AD, 0xF5AC, 0xF5CD, 0xF5EE, 0xFE2F, 0xFE0F, 0xFE0E,
    0xF5EE, 0xF5ED, 0xFE0E, 0xFDAC, 0xF4E7, 0xE424, 0xD362, 0xD3A3,
    0xDBE4, 0xE446, 0xED6B, 0xF5CE, 0xF5EF, 0xF651, 0xF630, 0xF60F,
    0xF5EF, 0xFE30, 0xFE72, 0xF610, 0xDC48, 0xDC27, 0xC344, 0xD3A4,
    0xD3C5, 0xDC48, 0xEDAE, 0xEDAE, 0xF5EF, 0xF652, 0xF631, 0xF610,
    0xF652, 0xF631, 0xF5F0, 0xF5EF, 0xF631, 0xF631, 0xEDAF, 0xD428,
    0xC303, 0xCB43, 0xBB23, 0xB2A2, 0xCB23, 0xCB23, 0xB262, 0xBAE3,
    0xC323, 0xC303, 0xB2E3, 0xBB03, 0xCB44, 0xC323, 0xCB85, 0xD3A5,
    0xCB64, 0xD3E6, 0xD3C5, 0xD385, 0xCB64, 0xDC06, 0xF5CF, 0xEDCF,
    0xEDCF, 0xEDF0, 0xF5F0, 0xEDCF, 0xEDAE, 0xED8D, 0xED8D, 0xED8D,
    0xE54C, 0xED6C, 0xEDAE, 0xEDAD, 0xED4C, 0xE52B, 0xE4CA, 0xDCA9,
    0xE4A9, 0xE4C9, 0xF56C, 0xF630, 0xF631, 0xF631, 0xF610, 0xE52C,
    0xD3C7, 0xC345, 0xCB85, 0xCB65, 0xD3C7, 0xCB66, 0xC345, 0x9283,
    0x69E3, 0x3923, 0x0800, 0x2060, 0x3081, 0x30A1, 0x30A1, 0x30A1,
    0x2881, 0x30A1, 0x30A1, 0x38C1, 0x38C1, 0x30A1, 0x38C2, 0x4102,
    0x4102, 0x38E2, 0x38C2, 0x38E2, 0x30C1, 0x4102, 0x4102, 0x4102,
    0x4102, 0x4943, 0x28A1, 0x28A1, 0x30A1, 0x38C1, 0x38C1, 0x38C1,
    0x38E2, 0x4902, 0x4102, 0x4102, 0x5143, 0x5963, 0x5983, 0x61A4,
    0x8267, 0xB42D, 0x9C0E, 0x9BED, 0x9BED, 0x9BED, 0x9BED, 0x9BCD,
    0x93AC, 0x8B8C, 0x8B6B, 0x832B, 0x7B0A, 0x72C9, 0x6A89, 0x6248,
    0x5A07, 0x51E6, 0x51C6, 0x51E6, 0x51E6, 0x5207, 0x5A07, 0x5A27,
    0xC575, 0xC575, 0xC555, 0xC555, 0xC554, 0xBD34, 0xBD34, 0xBD14,
    0xB4D3, 0xAC92, 0xA451, 0x9C10, 0x93CF, 0x836D, 0x7B0C, 0x72EC,
    0x72EC, 0x7AEB, 0x72EB, 0x72EB, 0x72EB, 0x72EB, 0x72CB, 0x72CB,
    0x72CA, 0x7ACA, 0x7AA9, 0x7A88, 0x8286, 0x8245, 0x8244, 0x8223,
    0x8243, 0x8244, 0x8A64, 0x8A84, 0x92A4, 0x92A4, 0x9AC5, 0x9AE5,
    0xA306, 0xA306, 0xA326, 0xAB46, 0xAB67, 0xB387, 0xBBC8, 0xBC09,
    0xC429, 0xC44A, 0xCC6A, 0xC44A, 0xBC2A, 0xB3EA, 0xB40A, 0xF4E9,
    0xFDCD, 0xFF57, 0xFEF4, 0xFEB2, 0xFED3, 0xFF15, 0xFE50, 0xF529,
    0xF487, 0xDBE5, 0xD383, 0xCAE1, 0xC2C1, 0xCB22, 0xCB02, 0xB240,
    0xCB84, 0xECE9, 0xF5AD, 0xF60F, 0xFE30, 0xF5EE, 0xFE0E, 0xFDED,
    0xFDED, 0xF5AC, 0xF5CC, 0xF5ED, 0xF5CD, 0xF56B, 0xECC8, 0xF54A,
    0xF56B, 0xF58C, 0xF58D, 0xED6D, 0xF60F, 0xF5EE, 0xF630, 0xF5AD,
    0xF5EF, 0xFE71, 0xFE50, 0xE4CA, 0xCB84, 0xC323, 0xBAA2, 0xCB63,
    0xCB43, 0xD3E7, 0xE4A9, 0xE50B, 0xF610, 0xF631, 0xF631, 0xF610,
    0xF610, 0xF610, 0xF651, 0xF5EF, 0xF631, 0xF631, 0xDCEB, 0xCBA6,
    0xBAC2, 0xC323, 0xC303, 0xC323, 0xC323, 0xD364, 0xCB64, 0xBB03,
    0xCB44, 0xC303, 0xBB04, 0xB2C3, 0xC323, 0xCB85, 0xBB03, 0xC344,
    0xC323, 0xCB64, 0xCB64, 0xC2E2, 0xBAC2, 0xD3A4, 0xED4C, 0xF5F0,
    0xF610, 0xEDCF, 0xEDAE, 0xED8D, 0xEDCE, 0xED8D, 0xED8D, 0xED8D,
    0xEDCE, 0xED8D, 0xED2B, 0xEDCE, 0xED4C, 0xD407, 0xD3E7, 0xD3A5,
    0xD3A5, 0xD3A4, 0xE4A8, 0xF630, 0xFE93, 0xF630, 0xEDAE, 0xED4C,
    0xCBA6, 0xBB24, 0xBB04, 0xCB44, 0xCB65, 0xBB04, 0xB304, 0x9AA4,
    0x7203, 0x7287, 0x2060, 0x2040, 0x2880, 0x30A1, 0x30A1, 0x30A1,
    0x38C1, 0x38C1, 0x30A1, 0x38C1, 0x38C1, 0x30A1, 0x38C2, 0x4102,
    0x4923, 0x38C2, 0x40E2, 0x40E2, 0x28A1, 0x38C1, 0x4102, 0x40E2,
    0x4102, 0x4102, 0x2061, 0x1020, 0x2061, 0x30A1, 0x38A1, 0x40E2,
    0x40E2, 0x38E2, 0x40E2, 0x4923, 0x5943, 0x5122, 0x69E5, 0x69C4,
    0x9B29, 0xB46E, 0xA42E, 0xA42E, 0xA42E, 0xA42E, 0xA40E, 0xA40D,
    0x9BED, 0x93CC, 0x938C, 0x8B6B, 0x8B4B, 0x832A, 0x7AEA, 0x72C9,
    0x6A88, 0x6A88, 0x6A68, 0x6A68, 0x6A88, 0x6A88, 0x6A88, 0x6A88,
    0xC554, 0xC554, 0xBD34, 0xBD34, 0xBD34, 0xBD34, 0xBD14, 0xBD14,
    0xB4D3, 0xAC92, 0xA451, 0x9C10, 0x93AE, 0x836D, 0x7B0C, 0x72EB,
    0x7AEB, 0x7AEB, 0x7AEB, 0x7AEB, 0x72EB, 0x72CB, 0x72CB, 0x72CA,
    0x7ACA, 0x7AC9, 0x7AA9, 0x82A8, 0x8286, 0x8265, 0x8244, 0x8223,
    0x8223, 0x8244, 0x8A64, 0x8A84, 0x9284, 0x92A4, 0x9AC5, 0x9AE5,
    0xA305, 0xA306, 0xA326, 0xAB46, 0xAB67, 0xB387, 0xBBC8, 0xC409,
    0xC429, 0xC46A, 0xCC6A, 0xC44A, 0xC42A, 0xB3EA, 0xBC2A, 0xF529,
    0xFE71, 0xFF36, 0xFF14, 0xFEB1, 0xFE70, 0xFE2E, 0xFD28, 0xF4C8,
    0xEC87, 0xD383, 0xDB84, 0xC2E1, 0xC2C1, 0xCAE2, 0xB240, 0xB281,
    0xCB43, 0xD384, 0xE4A8, 0xF5AD, 0xF5AD, 0xF5CD, 0xFE0E, 0xFDED,
    0xFE0E, 0xFE0E, 0xF60E, 0xFE0F, 0xF5EE, 0xF5AD, 0xF5CD, 0xFE50,
    0xF5EE, 0xF5AD, 0xEDCE, 0xF610, 0xFE30, 0xF60F, 0xF60F, 0xF5EF,
    0xF5EF, 0xFE92, 0xED2C, 0xCBA5, 0xCB64, 0xBA81, 0xBAE2, 0xCB43,
    0xC323, 0xD3C5, 0xD3C5, 0xD3C5, 0xEDAE, 0xF5EF, 0xF610, 0xF611,
    0xF5F0, 0xF631, 0xF630, 0xF610, 0xF672, 0xF5F0, 0xDC27, 0xC344,
    0xBAC3, 0xBAE3, 0xC344, 0xCB64, 0xC323, 0xCB44, 0xCB23, 0xCB64,
    0xCB64, 0xB2A2, 0xC324, 0xBB04, 0xC344, 0xCB64, 0xBAE3, 0xBAC2,
    0xCB43, 0xCB23, 0xC303, 0xBAE2, 0xBAC2, 0xD3E5, 0xED2C, 0xF5F0,
    0xEDCF, 0xF611, 0xF5EF, 0xED8D, 0xED8D, 0xEDAE, 0xEDEF, 0xE54C,
    0xE52C, 0xED6D, 0xDC89, 0xE52B, 0xD448, 0xB282, 0xC303, 0xD3C5,
    0xC303, 0xC302, 0xDBC4, 0xED6C, 0xFE72, 0xF631, 0xF5CF, 0xF5CE,
    0xDC49, 0xC324, 0xC324, 0xBAA2, 0xCB45, 0xC345, 0xBB05, 0x9A83,
    0x69C2, 0xA3CC, 0x6A47, 0x2040, 0x2060, 0x30A1, 0x30A1, 0x30A1,
    0x30A1, 0x38C1, 0x38C1, 0x2881, 0x38C2, 0x38E2, 0x4102, 0x4902,
    0x40E2, 0x38E2, 0x38C2, 0x4102, 0x30C2, 0x38E2, 0x38E2, 0x40E2,
    0x4102, 0x28A1, 0x30C1, 0x1840, 0x1840, 0x2880, 0x2881, 0x38C1,
    0x4902, 0x38C1, 0x40E2, 0x4102, 0x40E1, 0x5963, 0x69C4, 0x8246,
    0xB44E, 0xB4AF, 0xB48F, 0xB48F, 0xAC8F, 0xAC6F, 0xAC6E, 0xAC4E,
    0xA42E, 0xA40D, 0x9BED, 0x9BCD, 0x93AC, 0x938C, 0x8B6B, 0x834B,
    0x832A, 0x832A, 0x832A, 0x832A, 0x832A, 0x832A, 0x832A, 0x832A,
    0xBD13, 0xBD13, 0xBD13, 0xBD13, 0xBD13, 0xBCF3, 0xBCF3, 0xBCD2,
    0xB492, 0xAC71, 0xA430, 0x9BEF, 0x938E, 0x8B4D, 0x830B, 0x7AEB,
    0x7AEB, 0x82EB, 0x82EB, 0x82EB, 0x82EA, 0x82EA, 0x82CA, 0x82CA,
    0x82CA, 0x82C9, 0x82C8, 0x82A7, 0x8286, 0x8265, 0x8244, 0x8223,
    0x8223, 0x8243, 0x8244, 0x8A64, 0x9284, 0x92A4, 0x9AC5, 0x9AE5,
    0xA306, 0xA306, 0xA326, 0xAB47, 0xAB67, 0xB387, 0xBBC8, 0xC409,
    0xC429, 0xCC6A, 0xCC6A, 0xC44A, 0xC42A, 0xB3EA, 0xD4AB, 0xFD8B,
    0xFEF4, 0xFF36, 0xFF14, 0xFE4F, 0xFD8B, 0xFD6A, 0xFD09, 0xF4A8,
    0xE426, 0xDBA4, 0xDBA4, 0xCB22, 0xB261, 0xB261, 0xC2E1, 0xC2C1,
    0xC2E2, 0xC323, 0xD3E6, 0xDC68, 0xECE9, 0xFE2F, 0xFE4F, 0xFDED,
    0xFE2F, 0xFE2F, 0xFE0E, 0xFE0F, 0xF60E, 0xF5EE, 0xFE30, 0xF5EE,
    0xF60F, 0xFE30, 0xF610, 0xF60F, 0xF651, 0xF5EF, 0xF60F, 0xF5EF,
    0xF5CE, 0xF60F, 0xDC68, 0xC323, 0xBAC2, 0xC2E2, 0xCB02, 0xCB23,
    0xBAE2, 0xCB64, 0xC302, 0xD3A5, 0xE4EA, 0xEDF0, 0xF611, 0xEDCF,
    0xEDCF, 0xF5EF, 0xF631, 0xF651, 0xF610, 0xF5F0, 0xDC68, 0xCB44,
    0xBB03, 0xAA62, 0xC324, 0xCB44, 0xC323, 0xCB64, 0xCB44, 0xDBE6,
    0xCB44, 0xB2A2, 0xB2C3, 0xBAE3, 0xC303, 0xBAE2, 0xCB64, 0xC2E2,
    0xC303, 0xCB84, 0xC323, 0xCB64, 0xD384, 0xE488, 0xEDAE, 0xF611,
    0xF5F0, 0xF610, 0xF5EF, 0xF5EF, 0xF631, 0xED8E, 0xEDEF, 0xEDCF,
    0xDCCA, 0xD407, 0xCBE7, 0xD407, 0xC323, 0xCB64, 0xBAC3, 0xBAE2,
    0xBAC2, 0xC2E2, 0xD363, 0xE487, 0xF5EF, 0xFE51, 0xF610, 0xF610,
    0xED2D, 0xCB65, 0xD3A6, 0xC2E3, 0xBAC3, 0xC325, 0xBB25, 0x9A84,
    0x61A2, 0xAC2D, 0xBCAF, 0x4122, 0x2860, 0x30A1, 0x30A1, 0x38A1,
    0x30A1, 0x30A1, 0x30A1, 0x38C1, 0x38C1, 0x30C1, 0x4102, 0x40E2,
    0x38C1, 0x38E2, 0x38C2, 0x40E2, 0x38E2, 0x38C1, 0x38C1, 0x38C2,
    0x30A1, 0x30C1, 0x38C2, 0x2060, 0x1840, 0x2060, 0x2880, 0x30A1,
    0x40C1, 0x38C1, 0x4102, 0x4922, 0x4922, 0x69C4, 0x71E5, 0xB40C,
    0xBCF0, 0xBCCF, 0xBCCF, 0xBCCF, 0xBCCF, 0xB4AF, 0xB4AF, 0xB48F,
    0xB48F, 0xAC6E, 0xAC4E, 0xAC2E, 0xA40D, 0xA3ED, 0x9BCC, 0x9BCC,
    0x9BCC, 0x9BCC, 0x9BCC, 0x9BCC, 0x9BCC, 0x9BCC, 0x9BAC, 0x9BAC,
    0xBCD1, 0xBCD1, 0xBCD1, 0xBCD1, 0xBCD1, 0xBCB1, 0xBCB1, 0xBC91,
    0xB470, 0xAC2F, 0xA40F, 0xA3CE, 0x9B8D, 0x934C, 0x8B0B, 0x8AEA,
    0x8AEA, 0x8AEA, 0x8AEA, 0x8AEA, 0x8AEA, 0x8AE9, 0x8AE9, 0x8AE9,
    0x8AE9, 0x8AC8, 0x8AC8, 0x8AA7, 0x8A86, 0x8A65, 0x8244, 0x8223,
    0x8223, 0x8243, 0x8244, 0x8A64, 0x8A84, 0x92A4, 0x9AC5, 0x9AE5,
    0xA305, 0xA306, 0xA326, 0xAB47, 0xAB67, 0xB387, 0xBBC8, 0xC409,
    0xC429, 0xCC4A, 0xCC6A, 0xC46A, 0xC44A, 0xB40A, 0xDCEB, 0xFE0E,
    0xFF57, 0xFF35, 0xFEB2, 0xFD6A, 0xFD6A, 0xF52A, 0xEC46, 0xEC26,
    0xDBA4, 0xDBA4, 0xDB84, 0xCB02, 0xAA41, 0xBA81, 0xC2C1, 0xBAC1,
    0xCB23, 0xD3A5, 0xBB02, 0xCB64, 0xE4A8, 0xFE2F, 0xFE2F, 0xFE0F,
    0xFE0F, 0xF5AC, 0xF5ED, 0xF5EE, 0xF5EE, 0xF60F, 0xF5AD, 0xF5AD,
    0xF651, 0xF5EE, 0xF5EF, 0xF651, 0xF610, 0xF5EF, 0xF5EF, 0xF60F,
    0xF5CE, 0xEDAE, 0xCB85, 0xC323, 0xC303, 0xCB23, 0xC303, 0xBB03,
    0xBAE2, 0xB2A2, 0xBAC2, 0xCB63, 0xD3C5, 0xED6D, 0xED4D, 0xEDF0,
    0xEDCF, 0xF610, 0xF652, 0xF610, 0xF5CE, 0xF5F0, 0xD407, 0xCB43,
    0xC323, 0xBB03, 0xCB23, 0xBAC2, 0xBAE2, 0xC324, 0xCB64, 0xD3A4,
    0xBAC2, 0xA262, 0xB2C3, 0xC323, 0xC323, 0xC323, 0xCB44, 0xC323,
    0xC323, 0xBAE2, 0xCB64, 0xC302, 0xC322, 0xDC67, 0xED8E, 0xEDF0,
    0xF610, 0xF5F0, 0xF610, 0xEDCF, 0xF5EF, 0xEDAE, 0xE52C, 0xE52C,
    0xD448, 0xCBC6, 0xBB24, 0xBAE3, 0xB2A2, 0xCB23, 0xC2E3, 0xBB03,
    0xB2C2, 0xBAC2, 0xD363, 0xE447, 0xF58D, 0xF610, 0xF630, 0xF631,
    0xF5AE, 0xD3C6, 0xCB65, 0xD3A5, 0xC303, 0xBB04, 0xBB04, 0xA2A4,
    0x6181, 0x9BAA, 0xD571, 0x8B4A, 0x38C1, 0x3080, 0x30A1, 0x38C1,
    0x38C1, 0x38C1, 0x38C1, 0x40E2, 0x38C1, 0x38C1, 0x40E2, 0x38C2,
    0x30A1, 0x30A1, 0x38E2, 0x38E2, 0x38C1, 0x38C1, 0x30A1, 0x30A1,
    0x30A1, 0x2881, 0x2881, 0x2881, 0x1840, 0x2040, 0x2060, 0x38A1,
    0x3080, 0x38C1, 0x38E1, 0x4902, 0x5963, 0x7225, 0xABEC, 0xCD51,
    0xC510, 0xC510, 0xC510, 0xC510, 0xC510, 0xC4F0, 0xBCEF, 0xBCCF,
    0xBCCF, 0xBCAF, 0xBCAF, 0xB48E, 0xB46E, 0xB46E, 0xAC4E, 0xAC4D,
    0xAC4D, 0xAC4D, 0xAC4E, 0xAC4D, 0xAC4D, 0xAC2D, 0xAC2D, 0xAC2D,
    0xBC6F, 0xBC6F, 0xBC6F, 0xBC6F, 0xBC6F, 0xBC6F, 0xBC6F, 0xBC4F,
    0xB42E, 0xB40D, 0xABCD, 0xABAC, 0xA36B, 0x9B4A, 0x9B2A, 0x9309,
    0x9309, 0x9B09, 0x9B09, 0x9B09, 0x9B09, 0x9B09, 0x9309, 0x92E8,
    0x92E8, 0x9AE8, 0x92C7, 0x92A6, 0x92A5, 0x8A64, 0x8A44, 0x8243,
    0x8223, 0x8223, 0x8243, 0x8A64, 0x8A84, 0x92A4, 0x92C5, 0x9AE5,
    0xA305, 0xA326, 0xA326, 0xAB47, 0xAB67, 0xB3A7, 0xBBC8, 0xC409,
    0xC429, 0xCC4A, 0xCC6A, 0xC46A, 0xC44A, 0xB40A, 0xDD0C, 0xFF15,
    0xFF58, 0xFF57, 0xFE0D, 0xFD4A, 0xFD6B, 0xEC87, 0xE426, 0xE3E5,
    0xDBC5, 0xDBC5, 0xCB02, 0xCB43, 0xBAA1, 0xCAE2, 0xBAA1, 0xB2A1,
    0xBAC2, 0xC302, 0xB261, 0xCB22, 0xE488, 0xFE0E, 0xFE2F, 0xFE2F,
    0xF5CD, 0xF5AC, 0xF5CD, 0xF5AC, 0xF5AC, 0xF5AC, 0xF5EE, 0xF5AD,
    0xF5CE, 0xF5EE, 0xF630, 0xF630, 0xF60F, 0xF60F, 0xF60F, 0xF5EF,
    0xED6C, 0xDC48, 0xC344, 0xC303, 0xCB02, 0xC2E2, 0xC303, 0xC323,
    0xBAE3, 0xAA81, 0xC302, 0xC322, 0xCB64, 0xD3E6, 0xDC89, 0xF5F0,
    0xF631, 0xF652, 0xF652, 0xF5F0, 0xF610, 0xED4C, 0xD3A4, 0xD383,
    0xC302, 0xCB43, 0xCB23, 0xBAE2, 0xB2C2, 0xC323, 0xD3A5, 0xD3C5,
    0xAA82, 0xB2C2, 0xBB03, 0xCB65, 0xCB64, 0xCB44, 0xCB64, 0xCB64,
    0xC344, 0xC323, 0xC344, 0xCB63, 0xCB63, 0xDCCA, 0xED8D, 0xE58D,
    0xEDEF, 0xEDAE, 0xF631, 0xEDCF, 0xEDAE, 0xED4C, 0xD449, 0xD469,
    0xC365, 0xBB04, 0xB281, 0xBAA2, 0xAA41, 0xA221, 0xC2E2, 0xBAE3,
    0xC323, 0xC2E2, 0xCB43, 0xDBE5, 0xED4B, 0xF610, 0xF5EF, 0xF610,
    0xF5F0, 0xDC6A, 0xBB04, 0xCB65, 0xCB65, 0xC324, 0xBB04, 0xAB05,
    0x71C1, 0xA3AA, 0xDDD3, 0xD571, 0x7266, 0x2040, 0x30A1, 0x38C1,
    0x30A1, 0x38C1, 0x38C1, 0x30C1, 0x38C1, 0x38C2, 0x3081, 0x2881,
    0x30A1, 0x30A1, 0x2861, 0x3081, 0x3081, 0x3081, 0x30A1, 0x38E2,
    0x2881, 0x2060, 0x3081, 0x2881, 0x2040, 0x2040, 0x2060, 0x30A0,
    0x38C1, 0x38C1, 0x40E1, 0x5122, 0x7245, 0xBC8D, 0xD571, 0xD571,
    0xD571, 0xCD51, 0xCD51, 0xCD51, 0xCD51, 0xCD30, 0xCD30, 0xCD30,
    0xCD10, 0xC510, 0xC4F0, 0xC4F0, 0xC4CF, 0xBCCF, 0xBCCF, 0xBCCF,
    0xBCCF, 0xBCCF, 0xBCCF, 0xBCAF, 0xBCAF, 0xBCAF, 0xBCAF, 0xBCAE,
    0xC42C, 0xBC2C, 0xBC2C, 0xBC2D, 0xBC2D, 0xBC2D, 0xBC0C, 0xBC0C,
    0xBBEC, 0xB3CC, 0xB3AB, 0xAB8A, 0xAB49, 0xA328, 0xA328, 0xA308,
    0xA308, 0xA328, 0xA328, 0xA328, 0xA328, 0xA328, 0xA308, 0xA308,
    0xA307, 0xA2E7, 0x9AE6, 0x9AC6, 0x92A5, 0x9284, 0x8A63, 0x8243,
    0x8223, 0x7A23, 0x8223, 0x8244, 0x8A84, 0x8A84, 0x92C5, 0x9AE5,
    0x9B06, 0xA326, 0xA326, 0xAB47, 0xAB67, 0xB387, 0xBBC8, 0xC409,
    0xC429, 0xCC4A, 0xCC6A, 0xC46A, 0xC44A, 0xBC4B, 0xF652, 0xFF78,
    0xFF57, 0xFF15, 0xFDCC, 0xFDAC, 0xF509, 0xE426, 0xE3E5, 0xDBC4,
    0xE405, 0xCB02, 0xD3A5, 0xD384, 0xCB22, 0xD363, 0xC2E1, 0xAA41,
    0xAA61, 0xBA81, 0xAA00, 0xCB01, 0xDBC4, 0xED09, 0xF58C, 0xFE30,
    0xF5AC, 0xFDED, 0xF5CC, 0xF5AC, 0xF5CD, 0xF5EE, 0xF5CE, 0xF5EE,
    0xF630, 0xF5CD, 0xF650, 0xF630, 0xF60F, 0xF610, 0xF5EF, 0xED6C,
    0xE4A9, 0xCB64, 0xC303, 0xC323, 0xC323, 0xC343, 0xBAC2, 0xC303,
    0xBB03, 0xBB02, 0xC323, 0xCB43, 0xD384, 0xD384, 0xDC48, 0xF5EF,
    0xF652, 0xEDF0, 0xF5F0, 0xF5F0, 0xF610, 0xED4C, 0xE488, 0xDBA4,
    0xD363, 0xCB22, 0xC2E2, 0xC303, 0xBB03, 0xBAE3, 0xCB44, 0xD384,
    0xB2C3, 0xBB03, 0xCB64, 0xC344, 0xCB85, 0xD3A5, 0xCB64, 0xCB64,
    0xC303, 0xCB64, 0xC323, 0xCB84, 0xD406, 0xDCEB, 0xEDCF, 0xEDAE,
    0xEDCF, 0xEDCF, 0xEDAE, 0xEDAE, 0xE52C, 0xD448, 0xCBC6, 0xC344,
    0xBB04, 0xA242, 0xA241, 0xBAC2, 0xB281, 0xB282, 0xC303, 0xCB43,
    0xCB23, 0xCB44, 0xC323, 0xDBC4, 0xED2A, 0xF5EF, 0xF630, 0xF610,
    0xEDCF, 0xD449, 0xC324, 0xCB44, 0xC344, 0xC325, 0xBB25, 0xAB25,
    0x79E2, 0xA3A9, 0xDDF3, 0xDDD2, 0xC4EF, 0x5183, 0x2880, 0x38C1,
    0x30A1, 0x38C1, 0x40C1, 0x38C1, 0x40E2, 0x30A1, 0x30A1, 0x30A1,
    0x30A1, 0x2881, 0x30A1, 0x30A1, 0x3081, 0x2881, 0x38C1, 0x30A1,
    0x30A1, 0x38C1, 0x30A1, 0x3080, 0x2040, 0x2860, 0x38A1, 0x38C1,
    0x4902, 0x40E1, 0x5963, 0x8B08, 0xCD0F, 0xDDD2, 0xDDB2, 0xDDB2,
    0xDD92, 0xD592, 0xD592, 0xD592, 0xD591, 0xD571, 0xD571, 0xD571,
    0xD571, 0xCD51, 0xCD51, 0xCD51, 0xCD50, 0xCD30, 0xCD30, 0xCD30,
    0xCD30, 0xCD30, 0xCD30, 0xCD10, 0xC510, 0xC510, 0xC510, 0xCD10,
    0xC3CA, 0xC3CA, 0xC3CA, 0xC3EA, 0xC3EA, 0xC3CA, 0xC3CA, 0xBBCA,
    0xBBCA, 0xBBA9, 0xBB89, 0xB368, 0xB348, 0xB347, 0xAB27, 0xAB27,
    0xAB27, 0xAB27, 0xAB27, 0xAB27, 0xAB27, 0xAB27, 0xAB27, 0xAB27,
    0xAB26, 0xAB06, 0xA2E6, 0xA2C5, 0x9AA5, 0x9284, 0x8A63, 0x8243,
    0x7A23, 0x7A03, 0x7A23, 0x8243, 0x8A64, 0x8A84, 0x92A5, 0x9AE5,
    0x9B06, 0xA306, 0xA326, 0xAB46, 0xAB67, 0xB387, 0xBBC8, 0xC409,
    0xC429, 0xC44A, 0xCC6A, 0xC46A, 0xBC2A, 0xC48B, 0xF6B4, 0xFF57,
    0xFF36, 0xFE91, 0xFD8B, 0xFD6B, 0xF4C8, 0xE406, 0xCB02, 0xE426,
    0xE3E5, 0xD384, 0xDBC5, 0xCB43, 0xCB43, 0xBAC2, 0xB261, 0xAA41,
    0xB281, 0xAA00, 0xBA80, 0xBAA1, 0xCB42, 0xDBC4, 0xE488, 0xF5CD,
    0xF5AC, 0xFE0E, 0xF5ED, 0xF5CD, 0xFE30, 0xF5EE, 0xED8C, 0xF60F,
    0xF60F, 0xF60F, 0xF630, 0xF650, 0xF60F, 0xF5EF, 0xED6D, 0xE4A8,
    0xCB64, 0xC303, 0xBAE3, 0xBAE3, 0xC323, 0xBB03, 0xB2A2, 0xC323,
    0xC323, 0xC303, 0xC323, 0xCB63, 0xD384, 0xD3A4, 0xDBE6, 0xE50B,
    0xEDAE, 0xEDAF, 0xEDCF, 0xEDCE, 0xEDEF, 0xED8E, 0xED2C, 0xE488,
    0xDC05, 0xD3A4, 0xBAC2, 0xC2E2, 0xC303, 0xBAE3, 0xC323, 0xCB43,
    0xBAE2, 0xB2C2, 0xCB85, 0xC324, 0xCB64, 0xD3A5, 0xC303, 0xD3C5,
    0xCBA5, 0xBAA2, 0xD3A4, 0xD427, 0xDD0B, 0xE54D, 0xED8E, 0xE58E,
    0xEDCF, 0xEDF0, 0xE56D, 0xED8E, 0xC3A6, 0xC365, 0xCBA6, 0xBAE3,
    0xB2C3, 0xA262, 0xA241, 0xBAE2, 0xBAA2, 0xBAC2, 0xC303, 0xD364,
    0xCB44, 0xBAE2, 0xD3A4, 0xDBE5, 0xECC8, 0xF5AD, 0xF60F, 0xF630,
    0xF631, 0xE50C, 0xCB85, 0xCB64, 0xC365, 0xBAE3, 0xBB04, 0xB346,
    0x79E1, 0xA389, 0xE614, 0xE5F3, 0xE613, 0xBCAE, 0x59A3, 0x38C0,
    0x38C1, 0x40C1, 0x40C1, 0x40E1, 0x38C1, 0x38C1, 0x30A1, 0x30A1,
    0x2881, 0x2060, 0x30A1, 0x30A1, 0x30A1, 0x28A1, 0x2040, 0x2881,
    0x30A1, 0x30A1, 0x30A1, 0x38A1, 0x2060, 0x2860, 0x38C1, 0x38C1,
    0x38C1, 0x61A3, 0xABEB, 0xDDD2, 0xDDD2, 0xDDD2, 0xE5D2, 0xDDD3,
    0xDDD2, 0xDDD2, 0xDDD2, 0xDDD2, 0xDDB2, 0xDDB2, 0xDDB2, 0xDDB2,
    0xDDB2, 0xDD91, 0xD591, 0xD591, 0xD591, 0xD571, 0xD571, 0xD571,
    0xD571, 0xD571, 0xD571, 0xD571, 0xD571, 0xD571, 0xD571, 0xD571,
    0xBBA8, 0xC3A8, 0xBBA8, 0xBBA7, 0xC3A7, 0xBBA7, 0xBB87, 0xBB87,
    0xBBA8, 0xBB88, 0xBB87, 0xBB67, 0xBB67, 0xBB66, 0xBB46, 0xB346,
    0xB346, 0xB346, 0xB346, 0xB346, 0xB346, 0xB346, 0xB346, 0xB326,
    0xB326, 0xB326, 0xAB06, 0xA2E5, 0x9AC5, 0x9284, 0x8A63, 0x8223,
    0x7A03, 0x7A03, 0x7A03, 0x8223, 0x8264, 0x8A84, 0x92A4, 0x9AC5,
    0x9B06, 0xA306, 0xA326, 0xAB46, 0xAB67, 0xB387, 0xBBC8, 0xC409,
    0xC429, 0xC449, 0xC44A, 0xC44A, 0xBC2A, 0xC48B, 0xFEB4, 0xFF36,
    0xFF15, 0xFE2F, 0xF509, 0xF4E8, 0xECA8, 0xE406, 0xDBC5, 0xDBC5,
    0xDBA4, 0xD384, 0xE3E5, 0xD384, 0xBAC1, 0xC2C1, 0xB261, 0xBA81,
    0xBA60, 0xC2A1, 0xBAA1, 0xB281, 0xD363, 0xC2E1, 0xD383, 0xE4A8,
    0xF5AD, 0xFE2F, 0xFE30, 0xFE30, 0xFE2F, 0xF5CD, 0xF5AD, 0xF630,
    0xF5EE, 0xF5EE, 0xF650, 0xF60F, 0xED6C, 0xEDCE, 0xDC88, 0xDC06,
    0xCB43, 0xC303, 0xBAC2, 0xC324, 0xBAE3, 0xAA82, 0xC323, 0xCB84,
    0xBAC2, 0xCB43, 0xBB03, 0xC303, 0xCB43, 0xCB63, 0xCB64, 0xD3C5,
    0xDCA9, 0xF5F0, 0xF610, 0xF5CF, 0xF5EF, 0xEDAE, 0xED6D, 0xED2C,
    0xE4A8, 0xDC05, 0xBAE3, 0xCB84, 0xCB64, 0xBAE2, 0xC323, 0xCB43,
    0xCB64, 0xBB03, 0xC344, 0xC364, 0xCB64, 0xD3A5, 0xC2E3, 0xCB43,
    0xE446, 0xD3C4, 0xDC88, 0xE56D, 0xE58E, 0xEDD0, 0xEDCF, 0xE56D,
    0xEDAE, 0xEDAF, 0xD4AA, 0xE52C, 0xB304, 0xAA61, 0xB2A2, 0xB2C3,
    0xB2A3, 0xAA62, 0xAA61, 0xBAC2, 0xB2A2, 0xC303, 0xD384, 0xC2E3,
    0xBAC2, 0xC323, 0xD3C5, 0xDC05, 0xDC04, 0xED2A, 0xF610, 0xF631,
    0xF631, 0xEDD0, 0xDC48, 0xCB64, 0xC344, 0xC304, 0xBB45, 0xAB26,
    0x71A0, 0x9B26, 0xE5F3, 0xE613, 0xE613, 0xE5F3, 0xBC8E, 0x61C3,
    0x38A0, 0x40C1, 0x38A0, 0x38C1, 0x38A1, 0x30A1, 0x2880, 0x2860,
    0x2881, 0x30A1, 0x30A1, 0x30A1, 0x2880, 0x2060, 0x2060, 0x2060,
    0x30A1, 0x30A1, 0x38A1, 0x40E1, 0x2040, 0x2040, 0x3080, 0x5142,
    0x8B08, 0xCD10, 0xE5D2, 0xE5F3, 0xE5F3, 0xE5F3, 0xE5F3, 0xE5F3,
    0xE5F3, 0xE5F3, 0xE5F3, 0xE5F3, 0xE5F3, 0xDDD2, 0xDDD2, 0xDDD2,
    0xDDD2, 0xDDD2, 0xDDB2, 0xDDB2, 0xDDB2, 0xDDB2, 0xDDB2, 0xDDB2,
    0xDDB2, 0xDDB2, 0xDDB2, 0xDDB2, 0xDD92, 0xDD91, 0xDD91, 0xDD92,
    0xBB87, 0xBB86, 0xBB86, 0xBB86, 0xBB86, 0xBB86, 0xBB86, 0xBB86,
    0xBB86, 0xBB86, 0xBB87, 0xBB86, 0xBB86, 0xBB86, 0xBB66, 0xBB66,
    0xBB66, 0xBB66, 0xBB46, 0xBB66, 0xBB46, 0xBB46, 0xBB46, 0xBB46,
    0xB346, 0xB346, 0xB326, 0xAB05, 0xA2C5, 0x9284, 0x8A63, 0x8223,
    0x7A03, 0x7203, 0x7A03, 0x7A23, 0x8244, 0x8A84, 0x92A4, 0x92C5,
    0x9AE5, 0xA306, 0xA326, 0xA326, 0xAB67, 0xB387, 0xBBC8, 0xC409,
    0xC429, 0xC449, 0xC44A, 0xC44A, 0xBC2A, 0xD4ED, 0xFE51, 0xFF15,
    0xFED3, 0xFD8B, 0xF509, 0xECA8, 0xEC67, 0xE426, 0xE447, 0xD384,
    0xDBC5, 0xDBA4, 0xE405, 0xD343, 0xC2E2, 0xD342, 0xBA81, 0xAA40,
    0xBA81, 0xC2E1, 0xB260, 0xC2C1, 0xC2E1, 0xA220, 0xBAC1, 0xCB64,
    0xED4B, 0xFE30, 0xFE0F, 0xFE71, 0xFE50, 0xF5EE, 0xF5EE, 0xF5CE,
    0xED8C, 0xF5EE, 0xF651, 0xED8D, 0xE50A, 0xED8D, 0xCBC6, 0xD384,
    0xCB43, 0xC323, 0xC2E3, 0xCB44, 0xB2A2, 0xB2C2, 0xCB43, 0xCB44,
    0xC343, 0xBAE2, 0xBAE2, 0xBAE3, 0xBAE2, 0xC323, 0xCB63, 0xD384,
    0xE4AA, 0xF631, 0xF610, 0xF5F0, 0xEDEF, 0xED8D, 0xEDCF, 0xED8E,
    0xED6D, 0xE4A9, 0xCB63, 0xCBA4, 0xC303, 0xC302, 0xBAE3, 0xCB44,
    0xC323, 0xC344, 0xC343, 0xD384, 0xCB85, 0xDBE6, 0xDBE5, 0xDC06,
    0xE4A8, 0xE4EA, 0xE56D, 0xED8E, 0xE58E, 0xEDCF, 0xEDEF, 0xEDCF,
    0xED8E, 0xE54D, 0xCC49, 0xCC07, 0xBB24, 0xAA62, 0xAA41, 0xAA82,
    0xB2A2, 0xB282, 0xB2A2, 0xC2E2, 0xBB03, 0xC303, 0xCB43, 0xCB23,
    0xC323, 0xD384, 0xDBC5, 0xDBE6, 0xDBE5, 0xE446, 0xF5AD, 0xF652,
    0xF611, 0xEDCF, 0xE54D, 0xD3E6, 0xC344, 0xC365, 0xC3C7, 0xAB46,
    0x79A0, 0x92A4, 0xDD91, 0xE613, 0xE613, 0xE613, 0xE5F3, 0xC4CF,
    0x6A04, 0x40E1, 0x38C0, 0x38C1, 0x3080, 0x30A0, 0x2880, 0x3080,
    0x38A1, 0x30A1, 0x38C1, 0x38C1, 0x2880, 0x2880, 0x30A1, 0x2880,
    0x38C1, 0x40E1, 0x40E1, 0x48E1, 0x5163, 0x61C4, 0x8B28, 0xC4EF,
    0xE5F3, 0xE613, 0xE5F3, 0xE5F3, 0xE5F3, 0xE5F3, 0xE5F3, 0xE5F3,
    0xE5F3, 0xE5F3, 0xE5F3, 0xE5F3, 0xE5F3, 0xE5F3, 0xE5F3, 0xDDD3,
    0xDDD3, 0xDDD3, 0xDDD2, 0xDDD2, 0xDDD2, 0xDDD2, 0xDDD2, 0xDDB2,
    0xDDD2, 0xDDD2, 0xDDD2, 0xDDB2, 0xDDB2, 0xDDB2, 0xDDB2, 0xDDB2,
    0xBB87, 0xBB87, 0xBB86, 0xC386, 0xBB86, 0xBB87, 0xBB86, 0xBB86,
    0xBB86, 0xBB86, 0xC386, 0xBB86, 0xBB86, 0xBB86, 0xBB86, 0xBB66,
    0xBB66, 0xBB66, 0xBB66, 0xBB66, 0xBB66, 0xBB66, 0xBB66, 0xBB66,
    0xB346, 0xB346, 0xB326, 0xAB05, 0xA2C5, 0x9284, 0x8A63, 0x8223,
    0x7202, 0x71E2, 0x7203, 0x7A23, 0x8244, 0x8A64, 0x92A5, 0x92C5,
    0x9AE5, 0x9B06, 0xA306, 0xA326, 0xAB47, 0xB387, 0xBBC8, 0xC409,
    0xC429, 0xC449, 0xC44A, 0xC44A, 0xBC2A, 0xCCAC, 0xF5AD, 0xFF15,
    0xFE71, 0xFD4A, 0xF4E9, 0xF50A, 0xEC88, 0xEC88, 0xDC05, 0xEC67,
    0xDBC4, 0xD363, 0xD343, 0xCB22, 0xCAE2, 0xBA81, 0xAA20, 0xB241,
    0xC2C2, 0xCB02, 0xB281, 0xC302, 0xAA20, 0xB240, 0xAA61, 0xBB03,
    0xE4C9, 0xF60F, 0xFE30, 0xFE50, 0xFE50, 0xF60F, 0xF5CD, 0xED6B,
    0xF5CE, 0xF60F, 0xF5CE, 0xED6C, 0xE50A, 0xE488, 0xD3E6, 0xD384,
    0xCB23, 0xCB23, 0xBAC2, 0xBAE3, 0xAA82, 0xBAE3, 0xBB03, 0xBAC2,
    0xBAE2, 0xBAA2, 0xC302, 0xC2E3, 0xC344, 0xC343, 0xDBE5, 0xD3A4,
    0xDC89, 0xEDAE, 0xEDCF, 0xEDAE, 0xED8E, 0xED6D, 0xED8E, 0xEDAE,
    0xE52C, 0xE50B, 0xDC46, 0xCB83, 0xC302, 0xC322, 0xBAE2, 0xBB24,
    0xB2C3, 0xBB44, 0xCB64, 0xD384, 0xC343, 0xD3C5, 0xED2A, 0xED6C,
    0xEDAE, 0xEDAE, 0xED8E, 0xE58E, 0xED8E, 0xED8E, 0xEDAE, 0xEDF0,
    0xEDD0, 0xCC28, 0xCC28, 0xB2C3, 0xBB03, 0xBB03, 0xBAE3, 0xBB04,
    0xC303, 0xB2A2, 0xA221, 0xCB43, 0xC303, 0xC324, 0xC344, 0xC303,
    0xC344, 0xCB84, 0xD384, 0xCB64, 0xD3C5, 0xDC05, 0xED4B, 0xF610,
    0xF632, 0xEDAF, 0xEDAE, 0xE50B, 0xD427, 0xCC07, 0xD46A, 0xB387,
    0x81E1, 0x92A4, 0xD571, 0xE5D3, 0xE5F3, 0xE5F3, 0xE5F3, 0xDDD2,
    0xBC6D, 0x69E4, 0x40E1, 0x38A0, 0x38C0, 0x40E1, 0x38C1, 0x38C1,
    0x40E1, 0x38C1, 0x30A1, 0x30A0, 0x30A0, 0x38C1, 0x30A0, 0x38C1,
    0x4901, 0x5122, 0x7A66, 0xAC0C, 0xCD30, 0xD591, 0xE5F3, 0xE5F3,
    0xDDD2, 0xDDD2, 0xE5D3, 0xE5D3, 0xDDD3, 0xE5D3, 0xE5F3, 0xDDD3,
    0xDDD3, 0xDDD3, 0xDDD2, 0xDDD2, 0xDDD2, 0xDDD2, 0xDDD2, 0xDDD2,
    0xDDD2, 0xDDD2, 0xDDD2, 0xDDD2, 0xDDD2, 0xDDD2, 0xDDB2, 0xDDB2,
    0xDDB2, 0xDDB2, 0xDDB2, 0xDDB2, 0xDDB2, 0xDDB2, 0xDDB2, 0xDDB2,
    0xBB87, 0xBB87, 0xC387, 0xC387, 0xBB87, 0xC387, 0xC387, 0xC386,
    0xBB86, 0xBB86, 0xBB86, 0xBB86, 0xBB86, 0xBB86, 0xBB86, 0xBB66,
    0xBB66, 0xBB66, 0xBB66, 0xBB66, 0xBB66, 0xBB66, 0xBB66, 0xBB66,
    0xBB46, 0xB346, 0xB325, 0xAB05, 0xA2C4, 0x9284, 0x8A43, 0x8223,
    0x71E2, 0x71E2, 0x71E2, 0x7A23, 0x8244, 0x8A64, 0x92A5, 0x92C5,
    0x9AE5, 0x9B06, 0xA306, 0xA326, 0xAB47, 0xB387, 0xBBC8, 0xBBE9,
    0xC429, 0xC429, 0xC44A, 0xC44A, 0xBC2A, 0xCC6A, 0xFDEE, 0xFF15,
    0xFDED, 0xF4E8, 0xF52A, 0xF4E9, 0xEC87, 0xEC47, 0xDBE5, 0xEC46,
    0xDBC5, 0xCB43, 0xC302, 0xCB02, 0xC2E2, 0xBAC2, 0xBAA1, 0xBA81,
    0xCB02, 0xBAA1, 0xB261, 0xC2E2, 0xAA40, 0xBA81, 0xAA41, 0xBA81,
    0xE4A9, 0xED4B, 0xF60F, 0xFE50, 0xFE30, 0xFE0E, 0xF5CD, 0xF58C,
    0xF5CD, 0xF5AD, 0xED8C, 0xED8D, 0xE50B, 0xD3E5, 0xC323, 0xCB22,
    0xD384, 0xCB64, 0xBB03, 0xBAE2, 0xAA61, 0xC343, 0xB2A2, 0xC302,
    0xC303, 0xC303, 0xCB43, 0xC2E2, 0xB2C2, 0xCB84, 0xD3A4, 0xC302,
    0xCBC5, 0xE52C, 0xE54D, 0xE56D, 0xE56D, 0xEDCF, 0xEDCF, 0xEDCF,
    0xE52C, 0xE52C, 0xE4C9, 0xDC26, 0xCB83, 0xC343, 0xBB03, 0xB2C3,
    0xB2E3, 0xC364, 0xC303, 0xC302, 0xD384, 0xDC05, 0xED6C, 0xEDAF,
    0xEDAE, 0xEDF0, 0xEDD0, 0xEDAF, 0xEDAE, 0xED8E, 0xEDAF, 0xEDCF,
    0xDCEC, 0xBB45, 0xC364, 0xC324, 0xAA61, 0xAA62, 0xBAE3, 0xBB03,
    0xB2A2, 0xB2C3, 0xB2C3, 0xCB43, 0xC323, 0xC323, 0xC324, 0xBAC3,
    0xBB03, 0xCB44, 0xCB63, 0xCB64, 0xC323, 0xD3C5, 0xED2A, 0xF5EF,
    0xF610, 0xF610, 0xEDCF, 0xEDAE, 0xE54C, 0xDCAA, 0xD4AB, 0xAB46,
    0x81E0, 0x9283, 0xD52F, 0xDDB2, 0xDDB2, 0xDDB2, 0xDDB2, 0xDD91,
    0xD571, 0xBC8D, 0x9B49, 0x6A04, 0x4901, 0x40E0, 0x40E1, 0x40E1,
    0x40E1, 0x40C0, 0x38A0, 0x38C0, 0x38A0, 0x40C0, 0x5121, 0x61C3,
    0x7A66, 0xABEC, 0xD571, 0xDDD2, 0xDDD2, 0xDDB2, 0xDDB2, 0xDDB2,
    0xDDB2, 0xDDB2, 0xDDB2, 0xDDB2, 0xDDB2, 0xDDB2, 0xDDB2, 0xDDB2,
    0xDDB2, 0xDDB2, 0xDDB2, 0xDDB2, 0xDDB2, 0xDDB2, 0xDDB2, 0xDDB2,
    0xDDB2, 0xDDB2, 0xDDB2, 0xDDB2, 0xDDB2, 0xDDB2, 0xDD92, 0xDDB2,
    0xDD92, 0xDD92, 0xDD92, 0xDD92, 0xDD91, 0xDD91, 0xD591, 0xD591,
    0xBBA7, 0xBB87, 0xBB87, 0xBB87, 0xC3A7, 0xC387, 0xC387, 0xC387,
    0xC387, 0xC386, 0xC386, 0xBB86, 0xBB86, 0xBB86, 0xBB86, 0xBB86,
    0xBB86, 0xBB86, 0xBB66, 0xBB66, 0xBB66, 0xBB66, 0xBB66, 0xBB66,
    0xBB46, 0xBB46, 0xB326, 0xAB05, 0xA2C4, 0x9284, 0x8A63, 0x8223,
    0x71E2, 0x71C2, 0x71E2, 0x7A23, 0x8244, 0x8A64, 0x92A5, 0x92C5,
    0x9AC5, 0x9AE5, 0xA306, 0xA326, 0xAB67, 0xB387, 0xBBC8, 0xBBE9,
    0xC429, 0xC42A, 0xC44A, 0xC44A, 0xBC2A, 0xD48A, 0xFE72, 0xFF15,
    0xFD8B, 0xF509, 0xF50A, 0xE405, 0xF4C8, 0xEC26, 0xEC67, 0xEC46,
    0xDBC5, 0xCB23, 0xDBA4, 0xE3E5, 0xCB22, 0xC2E2, 0xBA81, 0xAA00,
    0xB261, 0xBAC1, 0xB2A1, 0xBAA1, 0xC2A0, 0xB281, 0xB261, 0xC302,
    0xD3A4, 0xD3C5, 0xF60F, 0xF60F, 0xF630, 0xFE50, 0xF5CD, 0xEDAC,
    0xED8C, 0xF5AD, 0xED8D, 0xF5EF, 0xED4B, 0xD363, 0xC302, 0xC323,
    0xCB64, 0xB2A2, 0xC303, 0xC323, 0xBAC2, 0xC303, 0xBB02, 0xCB43,
    0xCB44, 0xC2E2, 0xBAE2, 0xC323, 0xC343, 0xBB03, 0xC323, 0xBAC2,
    0xD3E6, 0xD428, 0xDCCB, 0xED6E, 0xEDAF, 0xF610, 0xF610, 0xEDAE,
    0xE52C, 0xE50C, 0xDCEA, 0xE4EA, 0xD3C5, 0xC343, 0xBB02, 0xB2E2,
    0xAA82, 0xC323, 0xC343, 0xBAC1, 0xD3C5, 0xED2B, 0xEDAE, 0xEDCF,
    0xEDCF, 0xEDCF, 0xE58E, 0xE58E, 0xEDCF, 0xEDAF, 0xEDAE, 0xDD0C,
    0xC3A6, 0xB2C3, 0xAAA2, 0xBB03, 0xBAE3, 0xAA62, 0xB2A2, 0xAA62,
    0xB2A2, 0xBAE3, 0xBAE3, 0xBAC2, 0xC303, 0xD384, 0xAA61, 0xB2A2,
    0xBB03, 0xCB64, 0xD364, 0xCB43, 0xC323, 0xCB43, 0xE467, 0xF5EF,
    0xF610, 0xF610, 0xF610, 0xEDCF, 0xEDAF, 0xE54D, 0xD4AB, 0xA2E4,
    0x81E0, 0x9A62, 0xC46B, 0xD571, 0xD571, 0xD571, 0xD571, 0xD571,
    0xD550, 0xD571, 0xD571, 0xCCEF, 0xAC0B, 0x9328, 0x8AC7, 0x7A65,
    0x7224, 0x7204, 0x6A04, 0x7225, 0x7A45, 0x8AC7, 0xABCB, 0xBC4C,
    0xCD0F, 0xD591, 0xD591, 0xD571, 0xD591, 0xD571, 0xD571, 0xD591,
    0xD571, 0xD571, 0xD571, 0xD571, 0xD591, 0xD591, 0xD591, 0xD591,
    0xD591, 0xD591, 0xD571, 0xD571, 0xD591, 0xD591, 0xD571, 0xD571,
    0xD571, 0xD571, 0xD571, 0xD571, 0xD571, 0xD571, 0xD571, 0xD571,
    0xD571, 0xD571, 0xD571, 0xD571, 0xD571, 0xD571, 0xD571, 0xD571,
    0xBBA7, 0xBB87, 0xBB87, 0xBBA7, 0xC3A7, 0xC3A7, 0xC3A7, 0xC3A7,
    0xC387, 0xC387, 0xC387, 0xC386, 0xBB86, 0xC386, 0xBB86, 0xBB86,
    0xBB86, 0xBB87, 0xBB86, 0xBB86, 0xBB66, 0xBB66, 0xBB66, 0xBB66,
    0xBB66, 0xBB46, 0xB326, 0xAB05, 0xA2C5, 0x9284, 0x8A43, 0x7A03,
    0x71E2, 0x71C2, 0x71E2, 0x7A03, 0x8244, 0x8A64, 0x8AA5, 0x92C5,
    0x9AC5, 0x9AE6, 0xA306, 0xA326, 0xAB67, 0xB387, 0xBBC8, 0xBBE9,
    0xC409, 0xC42A, 0xC44A, 0xC44A, 0xBC4A, 0xD4CB, 0xFEB3, 0xFF15,
    0xFD6B, 0xFD2A, 0xE447, 0xECA8, 0xF4E9, 0xEC66, 0xE405, 0xDBC4,
    0xD343, 0xDBE5, 0xE3E5, 0xE3C4, 0xCB22, 0xD343, 0xB261, 0xB260,
    0xC2E2, 0xBAC2, 0x9A01, 0x9A00, 0xC2C1, 0xBAA1, 0xBAA1, 0xCB02,
    0xC2C1, 0xDC05, 0xF60F, 0xF610, 0xFE50, 0xF5CD, 0xF5EE, 0xED8C,
    0xEDAC, 0xF5CE, 0xF630, 0xF5EF, 0xED0A, 0xCB43, 0xBAC2, 0xB2A2,
    0xC2E2, 0xBAC2, 0xCB43, 0xC323, 0xB281, 0xBAE2, 0xC323, 0xBAE3,
    0xC323, 0xC302, 0xB2A1, 0xBAE3, 0xC302, 0xB2A1, 0xAA82, 0xBAE2,
    0xD3C5, 0xC324, 0xDC69, 0xED8E, 0xEDCF, 0xEDCF, 0xEDAE, 0xE56D,
    0xE52C, 0xE56D, 0xE54C, 0xE52C, 0xDC47, 0xD406, 0xC302, 0xAA61,
    0xB2A2, 0xD383, 0xCB43, 0xD3C5, 0xE50B, 0xE56D, 0xEDAE, 0xE56D,
    0xE58E, 0xF610, 0xEDCF, 0xE58E, 0xE56E, 0xE58E, 0xD4CA, 0xCC49,
    0xBB45, 0xB2A2, 0xAA61, 0x9A21, 0xBAC3, 0xAA61, 0xB2C3, 0xB282,
    0xA221, 0xAA62, 0xC303, 0xBAE3, 0xBAC2, 0xC2E3, 0xCB44, 0xBAC2,
    0xBAC2, 0xBAA2, 0xC302, 0xBAC2, 0xB2A1, 0xCB22, 0xDC25, 0xF5AE,
    0xF5EF, 0xE56D, 0xEDEF, 0xEDF0, 0xEDCF, 0xE54D, 0xD46A, 0xA2E4,
    0x89E0, 0xA2A2, 0xCC6B, 0xCD30, 0xCD30, 0xCD10, 0xCD2F, 0xCD30,
    0xCD0F, 0xCD0F, 0xCD0F, 0xCD0F, 0xD52F, 0xCD0F, 0xCCEE, 0xCCCE,
    0xC4AE, 0xC4AE, 0xC48D, 0xC4CE, 0xCCEE, 0xCCEF, 0xD530, 0xCD2F,
    0xCD30, 0xCD30, 0xCD30, 0xCD50, 0xCD50, 0xCD50, 0xCD50, 0xCD50,
    0xCD30, 0xCD30, 0xCD30, 0xCD30, 0xCD50, 0xCD51, 0xCD51, 0xCD51,
    0xCD50, 0xCD50, 0xCD50, 0xCD30, 0xCD50, 0xCD50, 0xCD50, 0xCD50,
    0xCD50, 0xCD50, 0xCD50, 0xCD50, 0xCD50, 0xCD50, 0xCD50, 0xCD30,
    0xCD30, 0xCD30, 0xCD30, 0xCD30, 0xCD30, 0xCD30, 0xCD30, 0xCD30,
    0xBB87, 0xBB87, 0xC387, 0xC3A7, 0xC3A7, 0xC3A7, 0xC3A7, 0xC3A7,
    0xC3A7, 0xC387, 0xC387, 0xC386, 0xBB86, 0xBB86, 0xBB86, 0xBB86,
    0xBB86, 0xBB86, 0xBB87, 0xBB86, 0xBB86, 0xBB66, 0xBB66, 0xBB66,
    0xBB66, 0xBB66, 0xB326, 0xAB05, 0xA2C4, 0x92A4, 0x8A63, 0x7A23,
    0x71E2, 0x71C2, 0x71E2, 0x7A03, 0x8243, 0x8A64, 0x8AA5, 0x92A5,
    0x9AC5, 0x9AE6, 0xA306, 0xA347, 0xAB67, 0xB387, 0xBBC8, 0xBBE9,
    0xC409, 0xC42A, 0xC44A, 0xC44A, 0xBC4A, 0xE4EC, 0xFE71, 0xFF15,
    0xFD8B, 0xF4E8, 0xEC67, 0xF4C8, 0xEC67, 0xE3E5, 0xD343, 0xD383,
    0xDBC5, 0xDBC5, 0xD363, 0xDBC4, 0xCB22, 0xCB02, 0xC2E1, 0xBAC1,
    0xC2E2, 0xBAA2, 0xAA61, 0xAA41, 0xC2E2, 0xBA81, 0xCB02, 0xBAA1,
    0xC2E1, 0xECC8, 0xED8D, 0xF5EF, 0xF5EE, 0xF5EE, 0xF5EE, 0xF5CE,
    0xF60F, 0xF5EE, 0xF5CE, 0xEDCE, 0xED4C, 0xD3A4, 0xB261, 0xB281,
    0xC2E2, 0xCB43, 0xC302, 0xBAE2, 0xBAA1, 0xCB23, 0xBAE2, 0xB281,
    0xBAE3, 0xBAC2, 0xB2A2, 0xB2A2, 0xC2E2, 0xC323, 0xBAE3, 0xB282,
    0xCB64, 0xC324, 0xDC48, 0xE54D, 0xED8E, 0xE56D, 0xE56D, 0xE54D,
    0xE54D, 0xED8D, 0xED8E, 0xE54C, 0xE4EA, 0xD447, 0xCB83, 0xB2C1,
    0xC323, 0xDC26, 0xDC88, 0xE52B, 0xE58E, 0xE58E, 0xEDAE, 0xE5AE,
    0xE54D, 0xEDCF, 0xEDAF, 0xEDAF, 0xE56D, 0xDD0C, 0xC3A6, 0xBB24,
    0xB2C3, 0xAA61, 0xB2A2, 0xA241, 0xA221, 0xAA61, 0x9201, 0xAA62,
    0xAA62, 0x89A0, 0xAA62, 0xB2A2, 0xBAE3, 0xB2A2, 0xBAC2, 0xCB64,
    0xC323, 0xBAE2, 0xBAE2, 0xB2A1, 0xB2A1, 0xC322, 0xE487, 0xF5AE,
    0xF5EF, 0xEDAE, 0xE54C, 0xEDCF, 0xEDEF, 0xE56D, 0xCC29, 0xA2A3,
    0x89E0, 0xA2A2, 0xCC6B, 0xC4CE, 0xC4CE, 0xC4CE, 0xC4CE, 0xC4CE,
    0xC4CE, 0xC4CE, 0xC4CE, 0xC4AE, 0xC4AE, 0xC4AE, 0xC4AD, 0xC4AD,
    0xC4AD, 0xC4AE, 0xC4AE, 0xC4CE, 0xC4CE, 0xC4CE, 0xC4CE, 0xC4CE,
    0xC4EF, 0xC4EF, 0xC4EF, 0xCCEF, 0xCCEF, 0xC4EF, 0xC50F, 0xCD0F,
    0xC4EF, 0xC4EF, 0xC4EF, 0xC4EF, 0xC4EF, 0xC4F0, 0xC510, 0xC510,
    0xC510, 0xC4EF, 0xC4EF, 0xC4EF, 0xC4EF, 0xC4EF, 0xC4EF, 0xC4EF,
    0xC4EF, 0xC4EF, 0xC50F, 0xC50F, 0xC50F, 0xC510, 0xC4EF, 0xC50F,
    0xC4EF, 0xC4EF, 0xC4EF, 0xC4EF, 0xC4EF, 0xC4EF, 0xC4EF, 0xC4EF,
    0xBB87, 0xBB87, 0xC3A7, 0xC3A7, 0xC3A7, 0xC3A7, 0xC3A7, 0xC3A7,
    0xC3A7, 0xC387, 0xC387, 0xBB86, 0xBB86, 0xBB66, 0xBB66, 0xBB86,
    0xBB86, 0xBB86, 0xBB87, 0xBB86, 0xBB87, 0xBB86, 0xBB66, 0xBB66,
    0xBB66, 0xBB66, 0xB326, 0xAB05, 0xA2C5, 0x92A4, 0x8A64, 0x7A23,
    0x71E2, 0x69C2, 0x71E2, 0x7A03, 0x8244, 0x8A64, 0x8A85, 0x92A5,
    0x92C5, 0x9B06, 0xA326, 0xA347, 0xAB67, 0xB388, 0xBBC8, 0xBBE9,
    0xC429, 0xC44A, 0xC44A, 0xC44A, 0xC44A, 0xDCEB, 0xFE71, 0xFF15,
    0xF54A, 0xECA7, 0xDC05, 0xECC8, 0xEC87, 0xDC05, 0xD363, 0xDC05,
    0xDC06, 0xCB23, 0xCB22, 0xD383, 0xBAC1, 0xCB23, 0xC302, 0xBAA1,
    0xC323, 0xC302, 0xB281, 0xBAA1, 0xC2E1, 0xBA81, 0xC2C2, 0xB260,
    0xD384, 0xD3E5, 0xED4C, 0xF5CE, 0xF5EE, 0xF5CE, 0xED8D, 0xF630,
    0xF630, 0xF610, 0xEDAE, 0xEDCF, 0xF5AD, 0xD3A4, 0xBAC1, 0xC2C2,
    0xBAE2, 0xC303, 0xBAE2, 0xBAC2, 0xBAC2, 0xBB02, 0xBAC2, 0xB2A1,
    0xBB23, 0xB2A2, 0xB2A2, 0xB2A2, 0xC323, 0xC343, 0xCB64, 0xC303,
    0xBAE2, 0xC344, 0xD407, 0xD489, 0xE56D, 0xE58E, 0xED8E, 0xED8E,
    0xE56D, 0xED6D, 0xE56D, 0xE52C, 0xDD2C, 0xDCAA, 0xDC88, 0xD406,
    0xD426, 0xE4EA, 0xE56D, 0xE58E, 0xEDCF, 0xEDCF, 0xEDCF, 0xE58E,
    0xE58E, 0xEDAF, 0xE58D, 0xEDCF, 0xE56E, 0xD469, 0xB304, 0xB2C2,
    0xBAE3, 0xAA61, 0xB2A2, 0xB2A2, 0xAA62, 0xBAE2, 0xAAA2, 0xAA82,
    0x9A41, 0xA241, 0x9A21, 0xAA61, 0xB2C2, 0xCB44, 0xAA82, 0xBAC2,
    0xC323, 0xC323, 0xCB84, 0xC323, 0xBAC2, 0xCB83, 0xECEA, 0xF5CF,
    0xF630, 0xF630, 0xEDAE, 0xE54C, 0xEDF0, 0xE56E, 0xC408, 0xA2A2,
    0x9220, 0xA281, 0xC44A, 0xBC6D, 0xB44C, 0xB46D, 0xB46D, 0xBC6D,
    0xBC6D, 0xBC6D, 0xBC6D, 0xBC4D, 0xBC4C, 0xB44C, 0xB44C, 0xB44C,
    0xB44C, 0xBC4C, 0xBC6C, 0xBC6D, 0xBC8D, 0xBC8D, 0xBC8D, 0xBC8E,
    0xBCAE, 0xBCAE, 0xBCAE, 0xC4CE, 0xC4CE, 0xC4CE, 0xC4CF, 0xC4CF,
    0xC4CF, 0xBCCF, 0xBCCF, 0xBCCF, 0xBCCF, 0xBCCF, 0xC4CF, 0xC4CF,
    0xC4CF, 0xBCAF, 0xBCAE, 0xBCAE, 0xBCAE, 0xBCAE, 0xBCAE, 0xBCAE,
    0xBCAE, 0xBCCE, 0xBCCF, 0xBCCF, 0xC4CF, 0xBCCF, 0xBCCF, 0xBCCF,
    0xC4CF, 0xC4CF, 0xC4CF, 0xC4CE, 0xBCCE, 0xC4CE, 0xC4CE, 0xC4AE,
};
